{
"type": "FeatureCollection",
"name": "curbrisk_scores",
"crs": { "type": "name", "properties": { "name": "urn:ogc:def:crs:OGC:1.3:CRS84" } },
"features": [
{ "type": "Feature", "properties": { "segment_id": "IA19058", "client_seg": "d4e796ff0c1e14b3c10c1f33dfbc97c1", "street": "Preston Road", "pci": 72.0, "has_lidar": false, "ponding_depth_in": 0.0, "catchment_sqft": 0.0, "low_point_dist_m": 153.4, "nearest_drain_m": 156.1, "complaints_nearby": 0, "curb_risk": 53.7, "topo_pts": 21.7, "pavement_pts": 12.0, "basin_pts": 20.0, "complaint_pts": 0.0, "risk_band": "Moderate", "recommended_action": "inspect", "hydraulic_assumptions": { "model": "Simplified surface ponding model; no pipe-network hydraulics.", "rain_event_in": 2.0, "runoff_coefficient": 0.9, "vertical_accuracy": "LiDAR stores 1 cm Z precision; absolute vertical accuracy is not 1 cm." } }, "geometry": { "type": "LineString", "coordinates": [ [ -71.102786, 42.384449 ], [ -71.102790170098942, 42.384444360772335 ] ] } },
{ "type": "Feature", "properties": { "segment_id": "IA19696", "client_seg": "d951951d52ec6a91189923cff7d0163f", "street": "Greene Street", "pci": 91.7, "has_lidar": false, "ponding_depth_in": 0.0, "catchment_sqft": 0.0, "low_point_dist_m": 171.9, "nearest_drain_m": 198.2, "complaints_nearby": 0, "curb_risk": 45.3, "topo_pts": 21.7, "pavement_pts": 3.5, "basin_pts": 20.0, "complaint_pts": 0.0, "risk_band": "Moderate", "recommended_action": "inspect", "hydraulic_assumptions": { "model": "Simplified surface ponding model; no pipe-network hydraulics.", "rain_event_in": 2.0, "runoff_coefficient": 0.9, "vertical_accuracy": "LiDAR stores 1 cm Z precision; absolute vertical accuracy is not 1 cm." } }, "geometry": { "type": "LineString", "coordinates": [ [ -71.103567, 42.384467 ], [ -71.103475262712678, 42.38443178771243 ] ] } },
{ "type": "Feature", "properties": { "segment_id": "IA11854", "client_seg": "d951951d52ec6a91189923cff7d0163f", "street": "Greene Street", "pci": 68.0, "has_lidar": false, "ponding_depth_in": 0.0, "catchment_sqft": 0.0, "low_point_dist_m": 170.6, "nearest_drain_m": 196.7, "complaints_nearby": 0, "curb_risk": 55.4, "topo_pts": 21.7, "pavement_pts": 13.7, "basin_pts": 20.0, "complaint_pts": 0.0, "risk_band": "Moderate", "recommended_action": "inspect", "hydraulic_assumptions": { "model": "Simplified surface ponding model; no pipe-network hydraulics.", "rain_event_in": 2.0, "runoff_coefficient": 0.9, "vertical_accuracy": "LiDAR stores 1 cm Z precision; absolute vertical accuracy is not 1 cm." } }, "geometry": { "type": "LineString", "coordinates": [ [ -71.103927, 42.384604 ], [ -71.103828, 42.384566 ] ] } },
{ "type": "Feature", "properties": { "segment_id": "IA15567", "client_seg": "d32a7c86bca63e9b3347c02bf844472e", "street": "Preston Road", "pci": 63.0, "has_lidar": false, "ponding_depth_in": 0.0, "catchment_sqft": 0.0, "low_point_dist_m": 152.9, "nearest_drain_m": 155.4, "complaints_nearby": 0, "curb_risk": 57.6, "topo_pts": 21.7, "pavement_pts": 15.9, "basin_pts": 20.0, "complaint_pts": 0.0, "risk_band": "Moderate", "recommended_action": "inspect", "hydraulic_assumptions": { "model": "Simplified surface ponding model; no pipe-network hydraulics.", "rain_event_in": 2.0, "runoff_coefficient": 0.9, "vertical_accuracy": "LiDAR stores 1 cm Z precision; absolute vertical accuracy is not 1 cm." } }, "geometry": { "type": "LineString", "coordinates": [ [ -71.102773026049505, 42.384444675353379 ], [ -71.102786, 42.384449 ] ] } },
{ "type": "Feature", "properties": { "segment_id": "IA02248", "client_seg": "648f8dd639ef7e9807825e342252bcef", "street": "Preston Road", "pci": 65.0, "has_lidar": false, "ponding_depth_in": 0.0, "catchment_sqft": 0.0, "low_point_dist_m": 150.8, "nearest_drain_m": 154.6, "complaints_nearby": 0, "curb_risk": 56.7, "topo_pts": 21.7, "pavement_pts": 15.0, "basin_pts": 20.0, "complaint_pts": 0.0, "risk_band": "Moderate", "recommended_action": "inspect", "hydraulic_assumptions": { "model": "Simplified surface ponding model; no pipe-network hydraulics.", "rain_event_in": 2.0, "runoff_coefficient": 0.9, "vertical_accuracy": "LiDAR stores 1 cm Z precision; absolute vertical accuracy is not 1 cm." } }, "geometry": { "type": "LineString", "coordinates": [ [ -71.102761, 42.384489 ], [ -71.102786, 42.384449 ] ] } },
{ "type": "Feature", "properties": { "segment_id": "IA02247", "client_seg": "648f8dd639ef7e9807825e342252bcef", "street": "Preston Road", "pci": 92.0, "has_lidar": false, "ponding_depth_in": 0.0, "catchment_sqft": 0.0, "low_point_dist_m": 144.2, "nearest_drain_m": 151.0, "complaints_nearby": 0, "curb_risk": 45.2, "topo_pts": 21.7, "pavement_pts": 3.4, "basin_pts": 20.0, "complaint_pts": 0.0, "risk_band": "Moderate", "recommended_action": "inspect", "hydraulic_assumptions": { "model": "Simplified surface ponding model; no pipe-network hydraulics.", "rain_event_in": 2.0, "runoff_coefficient": 0.9, "vertical_accuracy": "LiDAR stores 1 cm Z precision; absolute vertical accuracy is not 1 cm." } }, "geometry": { "type": "LineString", "coordinates": [ [ -71.102714, 42.384564 ], [ -71.102761, 42.384489 ] ] } },
{ "type": "Feature", "properties": { "segment_id": "IA02246", "client_seg": "648f8dd639ef7e9807825e342252bcef", "street": "Preston Road", "pci": 81.0, "has_lidar": false, "ponding_depth_in": 0.0, "catchment_sqft": 0.0, "low_point_dist_m": 135.6, "nearest_drain_m": 146.8, "complaints_nearby": 0, "curb_risk": 49.9, "topo_pts": 21.7, "pavement_pts": 8.1, "basin_pts": 20.0, "complaint_pts": 0.0, "risk_band": "Moderate", "recommended_action": "inspect", "hydraulic_assumptions": { "model": "Simplified surface ponding model; no pipe-network hydraulics.", "rain_event_in": 2.0, "runoff_coefficient": 0.9, "vertical_accuracy": "LiDAR stores 1 cm Z precision; absolute vertical accuracy is not 1 cm." } }, "geometry": { "type": "LineString", "coordinates": [ [ -71.102668, 42.384639 ], [ -71.102714, 42.384564 ] ] } },
{ "type": "Feature", "properties": { "segment_id": "IA02245", "client_seg": "648f8dd639ef7e9807825e342252bcef", "street": "Preston Road", "pci": 94.2, "has_lidar": false, "ponding_depth_in": 0.0, "catchment_sqft": 0.0, "low_point_dist_m": 127.2, "nearest_drain_m": 143.1, "complaints_nearby": 0, "curb_risk": 44.2, "topo_pts": 21.7, "pavement_pts": 2.5, "basin_pts": 20.0, "complaint_pts": 0.0, "risk_band": "Moderate", "recommended_action": "inspect", "hydraulic_assumptions": { "model": "Simplified surface ponding model; no pipe-network hydraulics.", "rain_event_in": 2.0, "runoff_coefficient": 0.9, "vertical_accuracy": "LiDAR stores 1 cm Z precision; absolute vertical accuracy is not 1 cm." } }, "geometry": { "type": "LineString", "coordinates": [ [ -71.102621, 42.384713 ], [ -71.102668, 42.384639 ] ] } },
{ "type": "Feature", "properties": { "segment_id": "IA02244", "client_seg": "648f8dd639ef7e9807825e342252bcef", "street": "Preston Road", "pci": 81.0, "has_lidar": false, "ponding_depth_in": 0.0, "catchment_sqft": 0.0, "low_point_dist_m": 118.9, "nearest_drain_m": 139.7, "complaints_nearby": 1, "curb_risk": 51.9, "topo_pts": 21.7, "pavement_pts": 8.1, "basin_pts": 20.0, "complaint_pts": 2.0, "risk_band": "Moderate", "recommended_action": "inspect", "hydraulic_assumptions": { "model": "Simplified surface ponding model; no pipe-network hydraulics.", "rain_event_in": 2.0, "runoff_coefficient": 0.9, "vertical_accuracy": "LiDAR stores 1 cm Z precision; absolute vertical accuracy is not 1 cm." } }, "geometry": { "type": "LineString", "coordinates": [ [ -71.102574, 42.384788 ], [ -71.102621, 42.384713 ] ] } },
{ "type": "Feature", "properties": { "segment_id": "IA02243", "client_seg": "648f8dd639ef7e9807825e342252bcef", "street": "Preston Road", "pci": 84.0, "has_lidar": false, "ponding_depth_in": 0.0, "catchment_sqft": 0.0, "low_point_dist_m": 110.6, "nearest_drain_m": 137.0, "complaints_nearby": 1, "curb_risk": 50.6, "topo_pts": 21.7, "pavement_pts": 6.9, "basin_pts": 20.0, "complaint_pts": 2.0, "risk_band": "Moderate", "recommended_action": "inspect", "hydraulic_assumptions": { "model": "Simplified surface ponding model; no pipe-network hydraulics.", "rain_event_in": 2.0, "runoff_coefficient": 0.9, "vertical_accuracy": "LiDAR stores 1 cm Z precision; absolute vertical accuracy is not 1 cm." } }, "geometry": { "type": "LineString", "coordinates": [ [ -71.102528, 42.384863 ], [ -71.102574, 42.384788 ] ] } },
{ "type": "Feature", "properties": { "segment_id": "IA02242", "client_seg": "648f8dd639ef7e9807825e342252bcef", "street": "Preston Road", "pci": 85.7, "has_lidar": false, "ponding_depth_in": 0.0, "catchment_sqft": 0.0, "low_point_dist_m": 102.6, "nearest_drain_m": 134.8, "complaints_nearby": 1, "curb_risk": 49.9, "topo_pts": 21.7, "pavement_pts": 6.1, "basin_pts": 20.0, "complaint_pts": 2.0, "risk_band": "Moderate", "recommended_action": "inspect", "hydraulic_assumptions": { "model": "Simplified surface ponding model; no pipe-network hydraulics.", "rain_event_in": 2.0, "runoff_coefficient": 0.9, "vertical_accuracy": "LiDAR stores 1 cm Z precision; absolute vertical accuracy is not 1 cm." } }, "geometry": { "type": "LineString", "coordinates": [ [ -71.102481, 42.384937 ], [ -71.102528, 42.384863 ] ] } },
{ "type": "Feature", "properties": { "segment_id": "IA02241", "client_seg": "648f8dd639ef7e9807825e342252bcef", "street": "Preston Road", "pci": 85.4, "has_lidar": false, "ponding_depth_in": 0.0, "catchment_sqft": 0.0, "low_point_dist_m": 94.7, "nearest_drain_m": 129.9, "complaints_nearby": 1, "curb_risk": 50.0, "topo_pts": 21.7, "pavement_pts": 6.3, "basin_pts": 20.0, "complaint_pts": 2.0, "risk_band": "Moderate", "recommended_action": "inspect", "hydraulic_assumptions": { "model": "Simplified surface ponding model; no pipe-network hydraulics.", "rain_event_in": 2.0, "runoff_coefficient": 0.9, "vertical_accuracy": "LiDAR stores 1 cm Z precision; absolute vertical accuracy is not 1 cm." } }, "geometry": { "type": "LineString", "coordinates": [ [ -71.102434, 42.385012 ], [ -71.102481, 42.384937 ] ] } },
{ "type": "Feature", "properties": { "segment_id": "IA11857", "client_seg": "d951951d52ec6a91189923cff7d0163f", "street": "Greene Street", "pci": 51.0, "has_lidar": false, "ponding_depth_in": 0.0, "catchment_sqft": 0.0, "low_point_dist_m": 172.0, "nearest_drain_m": 197.4, "complaints_nearby": 0, "curb_risk": 62.7, "topo_pts": 21.7, "pavement_pts": 21.0, "basin_pts": 20.0, "complaint_pts": 0.0, "risk_band": "Moderate", "recommended_action": "inspect", "hydraulic_assumptions": { "model": "Simplified surface ponding model; no pipe-network hydraulics.", "rain_event_in": 2.0, "runoff_coefficient": 0.9, "vertical_accuracy": "LiDAR stores 1 cm Z precision; absolute vertical accuracy is not 1 cm." } }, "geometry": { "type": "LineString", "coordinates": [ [ -71.103631, 42.384491 ], [ -71.103567, 42.384467 ] ] } },
{ "type": "Feature", "properties": { "segment_id": "IA02293", "client_seg": "64b65da54e34f55299139726d3d826b8", "street": "Greene Street", "pci": 53.0, "has_lidar": false, "ponding_depth_in": 0.0, "catchment_sqft": 0.0, "low_point_dist_m": 167.4, "nearest_drain_m": 193.2, "complaints_nearby": 0, "curb_risk": 61.9, "topo_pts": 21.7, "pavement_pts": 20.1, "basin_pts": 20.0, "complaint_pts": 0.0, "risk_band": "Moderate", "recommended_action": "inspect", "hydraulic_assumptions": { "model": "Simplified surface ponding model; no pipe-network hydraulics.", "rain_event_in": 2.0, "runoff_coefficient": 0.9, "vertical_accuracy": "LiDAR stores 1 cm Z precision; absolute vertical accuracy is not 1 cm." } }, "geometry": { "type": "LineString", "coordinates": [ [ -71.103567, 42.384467 ], [ -71.103517, 42.38454 ] ] } },
{ "type": "Feature", "properties": { "segment_id": "IA11856", "client_seg": "d951951d52ec6a91189923cff7d0163f", "street": "Greene Street", "pci": 37.0, "has_lidar": false, "ponding_depth_in": 0.0, "catchment_sqft": 0.0, "low_point_dist_m": 171.9, "nearest_drain_m": 196.8, "complaints_nearby": 0, "curb_risk": 68.7, "topo_pts": 21.7, "pavement_pts": 27.0, "basin_pts": 20.0, "complaint_pts": 0.0, "risk_band": "High", "recommended_action": "reconstruct", "hydraulic_assumptions": { "model": "Simplified surface ponding model; no pipe-network hydraulics.", "rain_event_in": 2.0, "runoff_coefficient": 0.9, "vertical_accuracy": "LiDAR stores 1 cm Z precision; absolute vertical accuracy is not 1 cm." } }, "geometry": { "type": "LineString", "coordinates": [ [ -71.103729, 42.384529 ], [ -71.103631, 42.384491 ] ] } },
{ "type": "Feature", "properties": { "segment_id": "IA11855", "client_seg": "d951951d52ec6a91189923cff7d0163f", "street": "Greene Street", "pci": 82.2, "has_lidar": false, "ponding_depth_in": 0.0, "catchment_sqft": 0.0, "low_point_dist_m": 171.0, "nearest_drain_m": 196.5, "complaints_nearby": 0, "curb_risk": 49.4, "topo_pts": 21.7, "pavement_pts": 7.6, "basin_pts": 20.0, "complaint_pts": 0.0, "risk_band": "Moderate", "recommended_action": "inspect", "hydraulic_assumptions": { "model": "Simplified surface ponding model; no pipe-network hydraulics.", "rain_event_in": 2.0, "runoff_coefficient": 0.9, "vertical_accuracy": "LiDAR stores 1 cm Z precision; absolute vertical accuracy is not 1 cm." } }, "geometry": { "type": "LineString", "coordinates": [ [ -71.103828, 42.384566 ], [ -71.103729, 42.384529 ] ] } },
{ "type": "Feature", "properties": { "segment_id": "IA02294", "client_seg": "64b65da54e34f55299139726d3d826b8", "street": "Greene Street", "pci": 90.0, "has_lidar": false, "ponding_depth_in": 0.0, "catchment_sqft": 0.0, "low_point_dist_m": 158.2, "nearest_drain_m": 184.1, "complaints_nearby": 0, "curb_risk": 46.0, "topo_pts": 21.7, "pavement_pts": 4.3, "basin_pts": 20.0, "complaint_pts": 0.0, "risk_band": "Moderate", "recommended_action": "inspect", "hydraulic_assumptions": { "model": "Simplified surface ponding model; no pipe-network hydraulics.", "rain_event_in": 2.0, "runoff_coefficient": 0.9, "vertical_accuracy": "LiDAR stores 1 cm Z precision; absolute vertical accuracy is not 1 cm." } }, "geometry": { "type": "LineString", "coordinates": [ [ -71.103517, 42.38454 ], [ -71.103466, 42.384614 ] ] } },
{ "type": "Feature", "properties": { "segment_id": "IA02295", "client_seg": "64b65da54e34f55299139726d3d826b8", "street": "Greene Street", "pci": 81.0, "has_lidar": false, "ponding_depth_in": 0.0, "catchment_sqft": 0.0, "low_point_dist_m": 149.0, "nearest_drain_m": 175.0, "complaints_nearby": 0, "curb_risk": 49.9, "topo_pts": 21.7, "pavement_pts": 8.1, "basin_pts": 20.0, "complaint_pts": 0.0, "risk_band": "Moderate", "recommended_action": "inspect", "hydraulic_assumptions": { "model": "Simplified surface ponding model; no pipe-network hydraulics.", "rain_event_in": 2.0, "runoff_coefficient": 0.9, "vertical_accuracy": "LiDAR stores 1 cm Z precision; absolute vertical accuracy is not 1 cm." } }, "geometry": { "type": "LineString", "coordinates": [ [ -71.103466, 42.384614 ], [ -71.103416, 42.384687 ] ] } },
{ "type": "Feature", "properties": { "segment_id": "IA02296", "client_seg": "64b65da54e34f55299139726d3d826b8", "street": "Greene Street", "pci": 90.0, "has_lidar": false, "ponding_depth_in": 0.0, "catchment_sqft": 0.0, "low_point_dist_m": 139.9, "nearest_drain_m": 165.9, "complaints_nearby": 0, "curb_risk": 46.0, "topo_pts": 21.7, "pavement_pts": 4.3, "basin_pts": 20.0, "complaint_pts": 0.0, "risk_band": "Moderate", "recommended_action": "inspect", "hydraulic_assumptions": { "model": "Simplified surface ponding model; no pipe-network hydraulics.", "rain_event_in": 2.0, "runoff_coefficient": 0.9, "vertical_accuracy": "LiDAR stores 1 cm Z precision; absolute vertical accuracy is not 1 cm." } }, "geometry": { "type": "LineString", "coordinates": [ [ -71.103416, 42.384687 ], [ -71.103365, 42.38476 ] ] } },
{ "type": "Feature", "properties": { "segment_id": "IA02297", "client_seg": "64b65da54e34f55299139726d3d826b8", "street": "Greene Street", "pci": 89.0, "has_lidar": false, "ponding_depth_in": 0.0, "catchment_sqft": 0.0, "low_point_dist_m": 130.8, "nearest_drain_m": 156.8, "complaints_nearby": 0, "curb_risk": 46.4, "topo_pts": 21.7, "pavement_pts": 4.7, "basin_pts": 20.0, "complaint_pts": 0.0, "risk_band": "Moderate", "recommended_action": "inspect", "hydraulic_assumptions": { "model": "Simplified surface ponding model; no pipe-network hydraulics.", "rain_event_in": 2.0, "runoff_coefficient": 0.9, "vertical_accuracy": "LiDAR stores 1 cm Z precision; absolute vertical accuracy is not 1 cm." } }, "geometry": { "type": "LineString", "coordinates": [ [ -71.103365, 42.38476 ], [ -71.103315, 42.384834 ] ] } },
{ "type": "Feature", "properties": { "segment_id": "IA02298", "client_seg": "64b65da54e34f55299139726d3d826b8", "street": "Greene Street", "pci": 91.8, "has_lidar": false, "ponding_depth_in": 0.0, "catchment_sqft": 0.0, "low_point_dist_m": 121.6, "nearest_drain_m": 147.8, "complaints_nearby": 0, "curb_risk": 45.3, "topo_pts": 21.7, "pavement_pts": 3.5, "basin_pts": 20.0, "complaint_pts": 0.0, "risk_band": "Moderate", "recommended_action": "inspect", "hydraulic_assumptions": { "model": "Simplified surface ponding model; no pipe-network hydraulics.", "rain_event_in": 2.0, "runoff_coefficient": 0.9, "vertical_accuracy": "LiDAR stores 1 cm Z precision; absolute vertical accuracy is not 1 cm." } }, "geometry": { "type": "LineString", "coordinates": [ [ -71.103315, 42.384834 ], [ -71.103264, 42.384907 ] ] } },
{ "type": "Feature", "properties": { "segment_id": "IA02299", "client_seg": "64b65da54e34f55299139726d3d826b8", "street": "Greene Street", "pci": 92.9, "has_lidar": false, "ponding_depth_in": 0.0, "catchment_sqft": 0.0, "low_point_dist_m": 112.5, "nearest_drain_m": 138.7, "complaints_nearby": 0, "curb_risk": 44.8, "topo_pts": 21.7, "pavement_pts": 3.0, "basin_pts": 20.0, "complaint_pts": 0.0, "risk_band": "Moderate", "recommended_action": "inspect", "hydraulic_assumptions": { "model": "Simplified surface ponding model; no pipe-network hydraulics.", "rain_event_in": 2.0, "runoff_coefficient": 0.9, "vertical_accuracy": "LiDAR stores 1 cm Z precision; absolute vertical accuracy is not 1 cm." } }, "geometry": { "type": "LineString", "coordinates": [ [ -71.103264, 42.384907 ], [ -71.103214, 42.38498 ] ] } },
{ "type": "Feature", "properties": { "segment_id": "IA11853", "client_seg": "d951951d52ec6a91189923cff7d0163f", "street": "Greene Street", "pci": 56.0, "has_lidar": false, "ponding_depth_in": 0.0, "catchment_sqft": 0.0, "low_point_dist_m": 170.7, "nearest_drain_m": 197.2, "complaints_nearby": 0, "curb_risk": 60.6, "topo_pts": 21.7, "pavement_pts": 18.9, "basin_pts": 20.0, "complaint_pts": 0.0, "risk_band": "Moderate", "recommended_action": "inspect", "hydraulic_assumptions": { "model": "Simplified surface ponding model; no pipe-network hydraulics.", "rain_event_in": 2.0, "runoff_coefficient": 0.9, "vertical_accuracy": "LiDAR stores 1 cm Z precision; absolute vertical accuracy is not 1 cm." } }, "geometry": { "type": "LineString", "coordinates": [ [ -71.104026, 42.384641 ], [ -71.103927, 42.384604 ] ] } },
{ "type": "Feature", "properties": { "segment_id": "IA11852", "client_seg": "d951951d52ec6a91189923cff7d0163f", "street": "Greene Street", "pci": 66.0, "has_lidar": false, "ponding_depth_in": 0.0, "catchment_sqft": 0.0, "low_point_dist_m": 170.6, "nearest_drain_m": 198.2, "complaints_nearby": 0, "curb_risk": 56.3, "topo_pts": 21.7, "pavement_pts": 14.6, "basin_pts": 20.0, "complaint_pts": 0.0, "risk_band": "Moderate", "recommended_action": "inspect", "hydraulic_assumptions": { "model": "Simplified surface ponding model; no pipe-network hydraulics.", "rain_event_in": 2.0, "runoff_coefficient": 0.9, "vertical_accuracy": "LiDAR stores 1 cm Z precision; absolute vertical accuracy is not 1 cm." } }, "geometry": { "type": "LineString", "coordinates": [ [ -71.104125, 42.384679 ], [ -71.104026, 42.384641 ] ] } },
{ "type": "Feature", "properties": { "segment_id": "IA11112", "client_seg": "38b44f789f62e8025e16259dd17f5fac", "street": "Laurel Street", "pci": 81.0, "has_lidar": false, "ponding_depth_in": 0.0, "catchment_sqft": 0.0, "low_point_dist_m": 171.6, "nearest_drain_m": 201.9, "complaints_nearby": 0, "curb_risk": 49.9, "topo_pts": 21.7, "pavement_pts": 8.1, "basin_pts": 20.0, "complaint_pts": 0.0, "risk_band": "Moderate", "recommended_action": "inspect", "hydraulic_assumptions": { "model": "Simplified surface ponding model; no pipe-network hydraulics.", "rain_event_in": 2.0, "runoff_coefficient": 0.9, "vertical_accuracy": "LiDAR stores 1 cm Z precision; absolute vertical accuracy is not 1 cm." } }, "geometry": { "type": "LineString", "coordinates": [ [ -71.104223, 42.384717 ], [ -71.104239996405681, 42.384691845340924 ] ] } },
{ "type": "Feature", "properties": { "segment_id": "IA11851", "client_seg": "d951951d52ec6a91189923cff7d0163f", "street": "Greene Street", "pci": 77.0, "has_lidar": false, "ponding_depth_in": 0.0, "catchment_sqft": 0.0, "low_point_dist_m": 170.2, "nearest_drain_m": 199.6, "complaints_nearby": 0, "curb_risk": 51.6, "topo_pts": 21.7, "pavement_pts": 9.9, "basin_pts": 20.0, "complaint_pts": 0.0, "risk_band": "Moderate", "recommended_action": "inspect", "hydraulic_assumptions": { "model": "Simplified surface ponding model; no pipe-network hydraulics.", "rain_event_in": 2.0, "runoff_coefficient": 0.9, "vertical_accuracy": "LiDAR stores 1 cm Z precision; absolute vertical accuracy is not 1 cm." } }, "geometry": { "type": "LineString", "coordinates": [ [ -71.104223, 42.384717 ], [ -71.104163, 42.384693 ], [ -71.104125, 42.384679 ] ] } },
{ "type": "Feature", "properties": { "segment_id": "IA02214", "client_seg": "38359a4743707dfe5b7326c92934c144", "street": "Laurel Street", "pci": 88.0, "has_lidar": false, "ponding_depth_in": 0.0, "catchment_sqft": 0.0, "low_point_dist_m": 164.7, "nearest_drain_m": 195.2, "complaints_nearby": 0, "curb_risk": 46.9, "topo_pts": 21.7, "pavement_pts": 5.1, "basin_pts": 20.0, "complaint_pts": 0.0, "risk_band": "Moderate", "recommended_action": "inspect", "hydraulic_assumptions": { "model": "Simplified surface ponding model; no pipe-network hydraulics.", "rain_event_in": 2.0, "runoff_coefficient": 0.9, "vertical_accuracy": "LiDAR stores 1 cm Z precision; absolute vertical accuracy is not 1 cm." } }, "geometry": { "type": "LineString", "coordinates": [ [ -71.104165, 42.384803 ], [ -71.104223, 42.384717 ] ] } },
{ "type": "Feature", "properties": { "segment_id": "IA02213", "client_seg": "38359a4743707dfe5b7326c92934c144", "street": "Laurel Street", "pci": 90.0, "has_lidar": false, "ponding_depth_in": 0.0, "catchment_sqft": 0.0, "low_point_dist_m": 154.8, "nearest_drain_m": 185.5, "complaints_nearby": 0, "curb_risk": 46.0, "topo_pts": 21.7, "pavement_pts": 4.3, "basin_pts": 20.0, "complaint_pts": 0.0, "risk_band": "Moderate", "recommended_action": "inspect", "hydraulic_assumptions": { "model": "Simplified surface ponding model; no pipe-network hydraulics.", "rain_event_in": 2.0, "runoff_coefficient": 0.9, "vertical_accuracy": "LiDAR stores 1 cm Z precision; absolute vertical accuracy is not 1 cm." } }, "geometry": { "type": "LineString", "coordinates": [ [ -71.104116, 42.384877 ], [ -71.104165, 42.384803 ] ] } },
{ "type": "Feature", "properties": { "segment_id": "IA02212", "client_seg": "38359a4743707dfe5b7326c92934c144", "street": "Laurel Street", "pci": 75.6, "has_lidar": false, "ponding_depth_in": 0.0, "catchment_sqft": 0.0, "low_point_dist_m": 145.7, "nearest_drain_m": 176.6, "complaints_nearby": 0, "curb_risk": 52.2, "topo_pts": 21.7, "pavement_pts": 10.5, "basin_pts": 20.0, "complaint_pts": 0.0, "risk_band": "Moderate", "recommended_action": "inspect", "hydraulic_assumptions": { "model": "Simplified surface ponding model; no pipe-network hydraulics.", "rain_event_in": 2.0, "runoff_coefficient": 0.9, "vertical_accuracy": "LiDAR stores 1 cm Z precision; absolute vertical accuracy is not 1 cm." } }, "geometry": { "type": "LineString", "coordinates": [ [ -71.104066, 42.38495 ], [ -71.104116, 42.384877 ] ] } },
{ "type": "Feature", "properties": { "segment_id": "IA02211", "client_seg": "38359a4743707dfe5b7326c92934c144", "street": "Laurel Street", "pci": 81.5, "has_lidar": false, "ponding_depth_in": 0.0, "catchment_sqft": 0.0, "low_point_dist_m": 136.5, "nearest_drain_m": 167.7, "complaints_nearby": 0, "curb_risk": 49.7, "topo_pts": 21.7, "pavement_pts": 7.9, "basin_pts": 20.0, "complaint_pts": 0.0, "risk_band": "Moderate", "recommended_action": "inspect", "hydraulic_assumptions": { "model": "Simplified surface ponding model; no pipe-network hydraulics.", "rain_event_in": 2.0, "runoff_coefficient": 0.9, "vertical_accuracy": "LiDAR stores 1 cm Z precision; absolute vertical accuracy is not 1 cm." } }, "geometry": { "type": "LineString", "coordinates": [ [ -71.104017, 42.385024 ], [ -71.104066, 42.38495 ] ] } },
{ "type": "Feature", "properties": { "segment_id": "IA02210", "client_seg": "38359a4743707dfe5b7326c92934c144", "street": "Laurel Street", "pci": 82.8, "has_lidar": false, "ponding_depth_in": 0.0, "catchment_sqft": 0.0, "low_point_dist_m": 127.4, "nearest_drain_m": 158.9, "complaints_nearby": 0, "curb_risk": 49.1, "topo_pts": 21.7, "pavement_pts": 7.4, "basin_pts": 20.0, "complaint_pts": 0.0, "risk_band": "Moderate", "recommended_action": "inspect", "hydraulic_assumptions": { "model": "Simplified surface ponding model; no pipe-network hydraulics.", "rain_event_in": 2.0, "runoff_coefficient": 0.9, "vertical_accuracy": "LiDAR stores 1 cm Z precision; absolute vertical accuracy is not 1 cm." } }, "geometry": { "type": "LineString", "coordinates": [ [ -71.103968, 42.385098 ], [ -71.104017, 42.385024 ] ] } },
{ "type": "Feature", "properties": { "segment_id": "IA02266", "client_seg": "e0f3f93c82f3ccbf639763ade4dac154", "street": "Summer Street", "pci": 98.9, "has_lidar": false, "ponding_depth_in": 0.0, "catchment_sqft": 0.0, "low_point_dist_m": 72.9, "nearest_drain_m": 110.7, "complaints_nearby": 2, "curb_risk": 46.2, "topo_pts": 21.7, "pavement_pts": 0.5, "basin_pts": 20.0, "complaint_pts": 4.0, "risk_band": "Moderate", "recommended_action": "inspect", "hydraulic_assumptions": { "model": "Simplified surface ponding model; no pipe-network hydraulics.", "rain_event_in": 2.0, "runoff_coefficient": 0.9, "vertical_accuracy": "LiDAR stores 1 cm Z precision; absolute vertical accuracy is not 1 cm." } }, "geometry": { "type": "LineString", "coordinates": [ [ -71.102105, 42.384985 ], [ -71.102205, 42.385021 ] ] } },
{ "type": "Feature", "properties": { "segment_id": "IA02267", "client_seg": "e0f3f93c82f3ccbf639763ade4dac154", "street": "Summer Street", "pci": 94.1, "has_lidar": false, "ponding_depth_in": 0.0, "catchment_sqft": 0.0, "low_point_dist_m": 76.9, "nearest_drain_m": 119.9, "complaints_nearby": 2, "curb_risk": 48.3, "topo_pts": 21.7, "pavement_pts": 2.5, "basin_pts": 20.0, "complaint_pts": 4.0, "risk_band": "Moderate", "recommended_action": "inspect", "hydraulic_assumptions": { "model": "Simplified surface ponding model; no pipe-network hydraulics.", "rain_event_in": 2.0, "runoff_coefficient": 0.9, "vertical_accuracy": "LiDAR stores 1 cm Z precision; absolute vertical accuracy is not 1 cm." } }, "geometry": { "type": "LineString", "coordinates": [ [ -71.102205, 42.385021 ], [ -71.102305, 42.385057 ] ] } },
{ "type": "Feature", "properties": { "segment_id": "IA02240", "client_seg": "648f8dd639ef7e9807825e342252bcef", "street": "Preston Road", "pci": 90.0, "has_lidar": false, "ponding_depth_in": 0.0, "catchment_sqft": 0.0, "low_point_dist_m": 87.1, "nearest_drain_m": 122.4, "complaints_nearby": 1, "curb_risk": 48.0, "topo_pts": 21.7, "pavement_pts": 4.3, "basin_pts": 20.0, "complaint_pts": 2.0, "risk_band": "Moderate", "recommended_action": "inspect", "hydraulic_assumptions": { "model": "Simplified surface ponding model; no pipe-network hydraulics.", "rain_event_in": 2.0, "runoff_coefficient": 0.9, "vertical_accuracy": "LiDAR stores 1 cm Z precision; absolute vertical accuracy is not 1 cm." } }, "geometry": { "type": "LineString", "coordinates": [ [ -71.102386, 42.385086 ], [ -71.102412, 42.385048 ], [ -71.102434, 42.385012 ] ] } },
{ "type": "Feature", "properties": { "segment_id": "IA02268", "client_seg": "e0f3f93c82f3ccbf639763ade4dac154", "street": "Summer Street", "pci": 88.0, "has_lidar": false, "ponding_depth_in": 0.0, "catchment_sqft": 0.0, "low_point_dist_m": 81.2, "nearest_drain_m": 121.2, "complaints_nearby": 1, "curb_risk": 48.9, "topo_pts": 21.7, "pavement_pts": 5.1, "basin_pts": 20.0, "complaint_pts": 2.0, "risk_band": "Moderate", "recommended_action": "inspect", "hydraulic_assumptions": { "model": "Simplified surface ponding model; no pipe-network hydraulics.", "rain_event_in": 2.0, "runoff_coefficient": 0.9, "vertical_accuracy": "LiDAR stores 1 cm Z precision; absolute vertical accuracy is not 1 cm." } }, "geometry": { "type": "LineString", "coordinates": [ [ -71.102305, 42.385057 ], [ -71.102386, 42.385086 ] ] } },
{ "type": "Feature", "properties": { "segment_id": "IA02234", "client_seg": "766e088370ea08f22ffb52dce8114845", "street": "Summer Street", "pci": 88.0, "has_lidar": false, "ponding_depth_in": 0.0, "catchment_sqft": 0.0, "low_point_dist_m": 82.2, "nearest_drain_m": 116.0, "complaints_nearby": 1, "curb_risk": 48.9, "topo_pts": 21.7, "pavement_pts": 5.1, "basin_pts": 20.0, "complaint_pts": 2.0, "risk_band": "Moderate", "recommended_action": "inspect", "hydraulic_assumptions": { "model": "Simplified surface ponding model; no pipe-network hydraulics.", "rain_event_in": 2.0, "runoff_coefficient": 0.9, "vertical_accuracy": "LiDAR stores 1 cm Z precision; absolute vertical accuracy is not 1 cm." } }, "geometry": { "type": "LineString", "coordinates": [ [ -71.102386, 42.385086 ], [ -71.102486, 42.385122 ] ] } },
{ "type": "Feature", "properties": { "segment_id": "IA02235", "client_seg": "766e088370ea08f22ffb52dce8114845", "street": "Summer Street", "pci": 94.5, "has_lidar": false, "ponding_depth_in": 0.0, "catchment_sqft": 0.0, "low_point_dist_m": 77.4, "nearest_drain_m": 110.8, "complaints_nearby": 1, "curb_risk": 46.1, "topo_pts": 21.7, "pavement_pts": 2.3, "basin_pts": 20.0, "complaint_pts": 2.0, "risk_band": "Moderate", "recommended_action": "inspect", "hydraulic_assumptions": { "model": "Simplified surface ponding model; no pipe-network hydraulics.", "rain_event_in": 2.0, "runoff_coefficient": 0.9, "vertical_accuracy": "LiDAR stores 1 cm Z precision; absolute vertical accuracy is not 1 cm." } }, "geometry": { "type": "LineString", "coordinates": [ [ -71.102486, 42.385122 ], [ -71.102586, 42.385157 ] ] } },
{ "type": "Feature", "properties": { "segment_id": "IA02236", "client_seg": "766e088370ea08f22ffb52dce8114845", "street": "Summer Street", "pci": 94.4, "has_lidar": false, "ponding_depth_in": 0.0, "catchment_sqft": 0.0, "low_point_dist_m": 73.4, "nearest_drain_m": 106.1, "complaints_nearby": 1, "curb_risk": 46.1, "topo_pts": 21.7, "pavement_pts": 2.4, "basin_pts": 20.0, "complaint_pts": 2.0, "risk_band": "Moderate", "recommended_action": "inspect", "hydraulic_assumptions": { "model": "Simplified surface ponding model; no pipe-network hydraulics.", "rain_event_in": 2.0, "runoff_coefficient": 0.9, "vertical_accuracy": "LiDAR stores 1 cm Z precision; absolute vertical accuracy is not 1 cm." } }, "geometry": { "type": "LineString", "coordinates": [ [ -71.102586, 42.385157 ], [ -71.102686, 42.385193 ] ] } },
{ "type": "Feature", "properties": { "segment_id": "IA02237", "client_seg": "766e088370ea08f22ffb52dce8114845", "street": "Summer Street", "pci": 95.1, "has_lidar": false, "ponding_depth_in": 0.0, "catchment_sqft": 0.0, "low_point_dist_m": 70.4, "nearest_drain_m": 102.0, "complaints_nearby": 0, "curb_risk": 43.9, "topo_pts": 21.7, "pavement_pts": 2.1, "basin_pts": 20.0, "complaint_pts": 0.0, "risk_band": "Moderate", "recommended_action": "inspect", "hydraulic_assumptions": { "model": "Simplified surface ponding model; no pipe-network hydraulics.", "rain_event_in": 2.0, "runoff_coefficient": 0.9, "vertical_accuracy": "LiDAR stores 1 cm Z precision; absolute vertical accuracy is not 1 cm." } }, "geometry": { "type": "LineString", "coordinates": [ [ -71.102686, 42.385193 ], [ -71.102787, 42.385229 ] ] } },
{ "type": "Feature", "properties": { "segment_id": "IA02238", "client_seg": "766e088370ea08f22ffb52dce8114845", "street": "Summer Street", "pci": 95.0, "has_lidar": false, "ponding_depth_in": 0.0, "catchment_sqft": 0.0, "low_point_dist_m": 68.5, "nearest_drain_m": 98.6, "complaints_nearby": 0, "curb_risk": 43.9, "topo_pts": 21.7, "pavement_pts": 2.1, "basin_pts": 20.0, "complaint_pts": 0.0, "risk_band": "Moderate", "recommended_action": "inspect", "hydraulic_assumptions": { "model": "Simplified surface ponding model; no pipe-network hydraulics.", "rain_event_in": 2.0, "runoff_coefficient": 0.9, "vertical_accuracy": "LiDAR stores 1 cm Z precision; absolute vertical accuracy is not 1 cm." } }, "geometry": { "type": "LineString", "coordinates": [ [ -71.102787, 42.385229 ], [ -71.102799, 42.385233 ], [ -71.102887, 42.385264 ] ] } },
{ "type": "Feature", "properties": { "segment_id": "IA02239", "client_seg": "766e088370ea08f22ffb52dce8114845", "street": "Summer Street", "pci": 97.1, "has_lidar": false, "ponding_depth_in": 0.0, "catchment_sqft": 0.0, "low_point_dist_m": 67.7, "nearest_drain_m": 95.8, "complaints_nearby": 0, "curb_risk": 43.0, "topo_pts": 21.7, "pavement_pts": 1.3, "basin_pts": 20.0, "complaint_pts": 0.0, "risk_band": "Moderate", "recommended_action": "inspect", "hydraulic_assumptions": { "model": "Simplified surface ponding model; no pipe-network hydraulics.", "rain_event_in": 2.0, "runoff_coefficient": 0.9, "vertical_accuracy": "LiDAR stores 1 cm Z precision; absolute vertical accuracy is not 1 cm." } }, "geometry": { "type": "LineString", "coordinates": [ [ -71.102887, 42.385264 ], [ -71.102901, 42.385269 ], [ -71.102992, 42.385303 ] ] } },
{ "type": "Feature", "properties": { "segment_id": "IA02300", "client_seg": "64b65da54e34f55299139726d3d826b8", "street": "Greene Street", "pci": 97.2, "has_lidar": false, "ponding_depth_in": 0.0, "catchment_sqft": 0.0, "low_point_dist_m": 103.3, "nearest_drain_m": 129.7, "complaints_nearby": 0, "curb_risk": 42.9, "topo_pts": 21.7, "pavement_pts": 1.2, "basin_pts": 20.0, "complaint_pts": 0.0, "risk_band": "Moderate", "recommended_action": "inspect", "hydraulic_assumptions": { "model": "Simplified surface ponding model; no pipe-network hydraulics.", "rain_event_in": 2.0, "runoff_coefficient": 0.9, "vertical_accuracy": "LiDAR stores 1 cm Z precision; absolute vertical accuracy is not 1 cm." } }, "geometry": { "type": "LineString", "coordinates": [ [ -71.103214, 42.38498 ], [ -71.103164, 42.385054 ] ] } },
{ "type": "Feature", "properties": { "segment_id": "IA02301", "client_seg": "64b65da54e34f55299139726d3d826b8", "street": "Greene Street", "pci": 93.0, "has_lidar": false, "ponding_depth_in": 0.0, "catchment_sqft": 0.0, "low_point_dist_m": 94.2, "nearest_drain_m": 120.7, "complaints_nearby": 0, "curb_risk": 44.7, "topo_pts": 21.7, "pavement_pts": 3.0, "basin_pts": 20.0, "complaint_pts": 0.0, "risk_band": "Moderate", "recommended_action": "inspect", "hydraulic_assumptions": { "model": "Simplified surface ponding model; no pipe-network hydraulics.", "rain_event_in": 2.0, "runoff_coefficient": 0.9, "vertical_accuracy": "LiDAR stores 1 cm Z precision; absolute vertical accuracy is not 1 cm." } }, "geometry": { "type": "LineString", "coordinates": [ [ -71.103164, 42.385054 ], [ -71.103113, 42.385127 ] ] } },
{ "type": "Feature", "properties": { "segment_id": "IA02302", "client_seg": "64b65da54e34f55299139726d3d826b8", "street": "Greene Street", "pci": 81.5, "has_lidar": false, "ponding_depth_in": 0.0, "catchment_sqft": 0.0, "low_point_dist_m": 85.1, "nearest_drain_m": 111.7, "complaints_nearby": 0, "curb_risk": 49.7, "topo_pts": 21.7, "pavement_pts": 7.9, "basin_pts": 20.0, "complaint_pts": 0.0, "risk_band": "Moderate", "recommended_action": "inspect", "hydraulic_assumptions": { "model": "Simplified surface ponding model; no pipe-network hydraulics.", "rain_event_in": 2.0, "runoff_coefficient": 0.9, "vertical_accuracy": "LiDAR stores 1 cm Z precision; absolute vertical accuracy is not 1 cm." } }, "geometry": { "type": "LineString", "coordinates": [ [ -71.103113, 42.385127 ], [ -71.103063, 42.3852 ] ] } },
{ "type": "Feature", "properties": { "segment_id": "IA02208", "client_seg": "38359a4743707dfe5b7326c92934c144", "street": "Laurel Street", "pci": 82.0, "has_lidar": false, "ponding_depth_in": 0.0, "catchment_sqft": 0.0, "low_point_dist_m": 109.1, "nearest_drain_m": 141.3, "complaints_nearby": 0, "curb_risk": 49.4, "topo_pts": 21.7, "pavement_pts": 7.7, "basin_pts": 20.0, "complaint_pts": 0.0, "risk_band": "Moderate", "recommended_action": "inspect", "hydraulic_assumptions": { "model": "Simplified surface ponding model; no pipe-network hydraulics.", "rain_event_in": 2.0, "runoff_coefficient": 0.9, "vertical_accuracy": "LiDAR stores 1 cm Z precision; absolute vertical accuracy is not 1 cm." } }, "geometry": { "type": "LineString", "coordinates": [ [ -71.103864, 42.385243 ], [ -71.103917, 42.385171 ] ] } },
{ "type": "Feature", "properties": { "segment_id": "IA02303", "client_seg": "64b65da54e34f55299139726d3d826b8", "street": "Greene Street", "pci": 96.7, "has_lidar": false, "ponding_depth_in": 0.0, "catchment_sqft": 0.0, "low_point_dist_m": 74.1, "nearest_drain_m": 100.9, "complaints_nearby": 0, "curb_risk": 43.2, "topo_pts": 21.7, "pavement_pts": 1.4, "basin_pts": 20.0, "complaint_pts": 0.0, "risk_band": "Moderate", "recommended_action": "inspect", "hydraulic_assumptions": { "model": "Simplified surface ponding model; no pipe-network hydraulics.", "rain_event_in": 2.0, "runoff_coefficient": 0.9, "vertical_accuracy": "LiDAR stores 1 cm Z precision; absolute vertical accuracy is not 1 cm." } }, "geometry": { "type": "LineString", "coordinates": [ [ -71.103063, 42.3852 ], [ -71.103025, 42.385255 ], [ -71.102992, 42.385303 ] ] } },
{ "type": "Feature", "properties": { "segment_id": "IA02207", "client_seg": "38359a4743707dfe5b7326c92934c144", "street": "Laurel Street", "pci": 71.0, "has_lidar": false, "ponding_depth_in": 0.0, "catchment_sqft": 0.0, "low_point_dist_m": 100.0, "nearest_drain_m": 132.5, "complaints_nearby": 0, "curb_risk": 54.2, "topo_pts": 21.7, "pavement_pts": 12.4, "basin_pts": 20.0, "complaint_pts": 0.0, "risk_band": "Moderate", "recommended_action": "inspect", "hydraulic_assumptions": { "model": "Simplified surface ponding model; no pipe-network hydraulics.", "rain_event_in": 2.0, "runoff_coefficient": 0.9, "vertical_accuracy": "LiDAR stores 1 cm Z precision; absolute vertical accuracy is not 1 cm." } }, "geometry": { "type": "LineString", "coordinates": [ [ -71.103811, 42.385316 ], [ -71.103864, 42.385243 ] ] } },
{ "type": "Feature", "properties": { "segment_id": "IA02202", "client_seg": "6b2c095b8ddcc2d0e66a226d3a5dafd7", "street": "Summer Street", "pci": 94.1, "has_lidar": false, "ponding_depth_in": 0.0, "catchment_sqft": 0.0, "low_point_dist_m": 69.0, "nearest_drain_m": 93.3, "complaints_nearby": 0, "curb_risk": 44.3, "topo_pts": 21.7, "pavement_pts": 2.5, "basin_pts": 20.0, "complaint_pts": 0.0, "risk_band": "Moderate", "recommended_action": "inspect", "hydraulic_assumptions": { "model": "Simplified surface ponding model; no pipe-network hydraulics.", "rain_event_in": 2.0, "runoff_coefficient": 0.9, "vertical_accuracy": "LiDAR stores 1 cm Z precision; absolute vertical accuracy is not 1 cm." } }, "geometry": { "type": "LineString", "coordinates": [ [ -71.103151, 42.385359 ], [ -71.103051, 42.385324 ] ] } },
{ "type": "Feature", "properties": { "segment_id": "IA02206", "client_seg": "38359a4743707dfe5b7326c92934c144", "street": "Laurel Street", "pci": 80.8, "has_lidar": false, "ponding_depth_in": 0.0, "catchment_sqft": 0.0, "low_point_dist_m": 90.8, "nearest_drain_m": 123.7, "complaints_nearby": 0, "curb_risk": 50.0, "topo_pts": 21.7, "pavement_pts": 8.2, "basin_pts": 20.0, "complaint_pts": 0.0, "risk_band": "Moderate", "recommended_action": "inspect", "hydraulic_assumptions": { "model": "Simplified surface ponding model; no pipe-network hydraulics.", "rain_event_in": 2.0, "runoff_coefficient": 0.9, "vertical_accuracy": "LiDAR stores 1 cm Z precision; absolute vertical accuracy is not 1 cm." } }, "geometry": { "type": "LineString", "coordinates": [ [ -71.103759, 42.385388 ], [ -71.103811, 42.385316 ] ] } },
{ "type": "Feature", "properties": { "segment_id": "IA02201", "client_seg": "6b2c095b8ddcc2d0e66a226d3a5dafd7", "street": "Summer Street", "pci": 98.3, "has_lidar": false, "ponding_depth_in": 0.0, "catchment_sqft": 0.0, "low_point_dist_m": 68.2, "nearest_drain_m": 92.9, "complaints_nearby": 0, "curb_risk": 42.4, "topo_pts": 21.7, "pavement_pts": 0.7, "basin_pts": 20.0, "complaint_pts": 0.0, "risk_band": "Moderate", "recommended_action": "inspect", "hydraulic_assumptions": { "model": "Simplified surface ponding model; no pipe-network hydraulics.", "rain_event_in": 2.0, "runoff_coefficient": 0.9, "vertical_accuracy": "LiDAR stores 1 cm Z precision; absolute vertical accuracy is not 1 cm." } }, "geometry": { "type": "LineString", "coordinates": [ [ -71.103252, 42.385394 ], [ -71.103151, 42.385359 ] ] } },
{ "type": "Feature", "properties": { "segment_id": "IA02200", "client_seg": "6b2c095b8ddcc2d0e66a226d3a5dafd7", "street": "Summer Street", "pci": 94.9, "has_lidar": false, "ponding_depth_in": 0.0, "catchment_sqft": 0.0, "low_point_dist_m": 67.5, "nearest_drain_m": 93.6, "complaints_nearby": 0, "curb_risk": 43.9, "topo_pts": 21.7, "pavement_pts": 2.2, "basin_pts": 20.0, "complaint_pts": 0.0, "risk_band": "Moderate", "recommended_action": "inspect", "hydraulic_assumptions": { "model": "Simplified surface ponding model; no pipe-network hydraulics.", "rain_event_in": 2.0, "runoff_coefficient": 0.9, "vertical_accuracy": "LiDAR stores 1 cm Z precision; absolute vertical accuracy is not 1 cm." } }, "geometry": { "type": "LineString", "coordinates": [ [ -71.103352, 42.385429 ], [ -71.103292, 42.385407 ], [ -71.103252, 42.385394 ] ] } },
{ "type": "Feature", "properties": { "segment_id": "IA02251", "client_seg": "e0f3f93c82f3ccbf639763ade4dac154", "street": "Summer Street", "pci": 95.3, "has_lidar": false, "ponding_depth_in": 0.0, "catchment_sqft": 0.0, "low_point_dist_m": 67.1, "nearest_drain_m": 23.4, "complaints_nearby": 2, "curb_risk": 37.1, "topo_pts": 21.7, "pavement_pts": 2.0, "basin_pts": 9.3, "complaint_pts": 4.0, "risk_band": "Low", "recommended_action": "monitor", "hydraulic_assumptions": { "model": "Simplified surface ponding model; no pipe-network hydraulics.", "rain_event_in": 2.0, "runoff_coefficient": 0.9, "vertical_accuracy": "LiDAR stores 1 cm Z precision; absolute vertical accuracy is not 1 cm." } }, "geometry": { "type": "LineString", "coordinates": [ [ -71.100703951504642, 42.384482622542329 ], [ -71.100705, 42.384483 ] ] } },
{ "type": "Feature", "properties": { "segment_id": "IA18396", "client_seg": "2b84cb8ee759c63f1db49bf82f98c006", "street": "School Street", "pci": 89.0, "has_lidar": false, "ponding_depth_in": 0.0, "catchment_sqft": 0.0, "low_point_dist_m": 49.3, "nearest_drain_m": 50.7, "complaints_nearby": 1, "curb_risk": 34.8, "topo_pts": 8.1, "pavement_pts": 4.7, "basin_pts": 20.0, "complaint_pts": 2.0, "risk_band": "Low", "recommended_action": "monitor", "hydraulic_assumptions": { "model": "Simplified surface ponding model; no pipe-network hydraulics.", "rain_event_in": 2.0, "runoff_coefficient": 0.9, "vertical_accuracy": "LiDAR stores 1 cm Z precision; absolute vertical accuracy is not 1 cm." } }, "geometry": { "type": "LineString", "coordinates": [ [ -71.100293, 42.384546 ], [ -71.100330432728171, 42.384489468958186 ] ] } },
{ "type": "Feature", "properties": { "segment_id": "IA02252", "client_seg": "e0f3f93c82f3ccbf639763ade4dac154", "street": "Summer Street", "pci": 94.0, "has_lidar": false, "ponding_depth_in": 0.0, "catchment_sqft": 0.0, "low_point_dist_m": 67.4, "nearest_drain_m": 19.0, "complaints_nearby": 2, "curb_risk": 35.9, "topo_pts": 21.7, "pavement_pts": 2.6, "basin_pts": 7.6, "complaint_pts": 4.0, "risk_band": "Low", "recommended_action": "monitor", "hydraulic_assumptions": { "model": "Simplified surface ponding model; no pipe-network hydraulics.", "rain_event_in": 2.0, "runoff_coefficient": 0.9, "vertical_accuracy": "LiDAR stores 1 cm Z precision; absolute vertical accuracy is not 1 cm." } }, "geometry": { "type": "LineString", "coordinates": [ [ -71.100705, 42.384483 ], [ -71.100805, 42.384519 ] ] } },
{ "type": "Feature", "properties": { "segment_id": "IA02253", "client_seg": "e0f3f93c82f3ccbf639763ade4dac154", "street": "Summer Street", "pci": 94.3, "has_lidar": false, "ponding_depth_in": 0.0, "catchment_sqft": 0.0, "low_point_dist_m": 68.8, "nearest_drain_m": 11.1, "complaints_nearby": 2, "curb_risk": 32.6, "topo_pts": 21.7, "pavement_pts": 2.4, "basin_pts": 4.5, "complaint_pts": 4.0, "risk_band": "Low", "recommended_action": "monitor", "hydraulic_assumptions": { "model": "Simplified surface ponding model; no pipe-network hydraulics.", "rain_event_in": 2.0, "runoff_coefficient": 0.9, "vertical_accuracy": "LiDAR stores 1 cm Z precision; absolute vertical accuracy is not 1 cm." } }, "geometry": { "type": "LineString", "coordinates": [ [ -71.100805, 42.384519 ], [ -71.100905, 42.384555 ] ] } },
{ "type": "Feature", "properties": { "segment_id": "IA18395", "client_seg": "2b84cb8ee759c63f1db49bf82f98c006", "street": "School Street", "pci": 95.3, "has_lidar": false, "ponding_depth_in": 0.0, "catchment_sqft": 0.0, "low_point_dist_m": 41.2, "nearest_drain_m": 52.9, "complaints_nearby": 1, "curb_risk": 32.1, "topo_pts": 8.1, "pavement_pts": 2.0, "basin_pts": 20.0, "complaint_pts": 2.0, "risk_band": "Low", "recommended_action": "monitor", "hydraulic_assumptions": { "model": "Simplified surface ponding model; no pipe-network hydraulics.", "rain_event_in": 2.0, "runoff_coefficient": 0.9, "vertical_accuracy": "LiDAR stores 1 cm Z precision; absolute vertical accuracy is not 1 cm." } }, "geometry": { "type": "LineString", "coordinates": [ [ -71.100244, 42.38462 ], [ -71.100293, 42.384546 ] ] } },
{ "type": "Feature", "properties": { "segment_id": "IA02254", "client_seg": "e0f3f93c82f3ccbf639763ade4dac154", "street": "Summer Street", "pci": 96.1, "has_lidar": false, "ponding_depth_in": 0.0, "catchment_sqft": 0.0, "low_point_dist_m": 71.4, "nearest_drain_m": 7.3, "complaints_nearby": 2, "curb_risk": 30.3, "topo_pts": 21.7, "pavement_pts": 1.7, "basin_pts": 2.9, "complaint_pts": 4.0, "risk_band": "Low", "recommended_action": "monitor", "hydraulic_assumptions": { "model": "Simplified surface ponding model; no pipe-network hydraulics.", "rain_event_in": 2.0, "runoff_coefficient": 0.9, "vertical_accuracy": "LiDAR stores 1 cm Z precision; absolute vertical accuracy is not 1 cm." } }, "geometry": { "type": "LineString", "coordinates": [ [ -71.100905, 42.384555 ], [ -71.100944, 42.384569 ], [ -71.101005, 42.384591 ] ] } },
{ "type": "Feature", "properties": { "segment_id": "IA02255", "client_seg": "e0f3f93c82f3ccbf639763ade4dac154", "street": "Summer Street", "pci": 89.0, "has_lidar": false, "ponding_depth_in": 0.0, "catchment_sqft": 0.0, "low_point_dist_m": 75.0, "nearest_drain_m": 12.3, "complaints_nearby": 2, "curb_risk": 35.4, "topo_pts": 21.7, "pavement_pts": 4.7, "basin_pts": 4.9, "complaint_pts": 4.0, "risk_band": "Low", "recommended_action": "monitor", "hydraulic_assumptions": { "model": "Simplified surface ponding model; no pipe-network hydraulics.", "rain_event_in": 2.0, "runoff_coefficient": 0.9, "vertical_accuracy": "LiDAR stores 1 cm Z precision; absolute vertical accuracy is not 1 cm." } }, "geometry": { "type": "LineString", "coordinates": [ [ -71.101005, 42.384591 ], [ -71.101105, 42.384627 ] ] } },
{ "type": "Feature", "properties": { "segment_id": "IA02258", "client_seg": "e0f3f93c82f3ccbf639763ade4dac154", "street": "Summer Street", "pci": 87.9, "has_lidar": false, "ponding_depth_in": 0.0, "catchment_sqft": 0.0, "low_point_dist_m": 81.3, "nearest_drain_m": 38.0, "complaints_nearby": 2, "curb_risk": 46.1, "topo_pts": 21.7, "pavement_pts": 5.2, "basin_pts": 15.2, "complaint_pts": 4.0, "risk_band": "Moderate", "recommended_action": "inspect", "hydraulic_assumptions": { "model": "Simplified surface ponding model; no pipe-network hydraulics.", "rain_event_in": 2.0, "runoff_coefficient": 0.9, "vertical_accuracy": "LiDAR stores 1 cm Z precision; absolute vertical accuracy is not 1 cm." } }, "geometry": { "type": "LineString", "coordinates": [ [ -71.101305, 42.384698 ], [ -71.101405, 42.384734 ] ] } },
{ "type": "Feature", "properties": { "segment_id": "IA02259", "client_seg": "e0f3f93c82f3ccbf639763ade4dac154", "street": "Summer Street", "pci": 88.0, "has_lidar": false, "ponding_depth_in": 0.0, "catchment_sqft": 0.0, "low_point_dist_m": 76.6, "nearest_drain_m": 47.0, "complaints_nearby": 2, "curb_risk": 49.7, "topo_pts": 21.7, "pavement_pts": 5.1, "basin_pts": 18.8, "complaint_pts": 4.0, "risk_band": "Moderate", "recommended_action": "inspect", "hydraulic_assumptions": { "model": "Simplified surface ponding model; no pipe-network hydraulics.", "rain_event_in": 2.0, "runoff_coefficient": 0.9, "vertical_accuracy": "LiDAR stores 1 cm Z precision; absolute vertical accuracy is not 1 cm." } }, "geometry": { "type": "LineString", "coordinates": [ [ -71.101405, 42.384734 ], [ -71.101466, 42.384756 ], [ -71.101505, 42.38477 ] ] } },
{ "type": "Feature", "properties": { "segment_id": "IA02260", "client_seg": "e0f3f93c82f3ccbf639763ade4dac154", "street": "Summer Street", "pci": 88.0, "has_lidar": false, "ponding_depth_in": 0.0, "catchment_sqft": 0.0, "low_point_dist_m": 72.7, "nearest_drain_m": 56.1, "complaints_nearby": 2, "curb_risk": 50.9, "topo_pts": 21.7, "pavement_pts": 5.1, "basin_pts": 20.0, "complaint_pts": 4.0, "risk_band": "Moderate", "recommended_action": "inspect", "hydraulic_assumptions": { "model": "Simplified surface ponding model; no pipe-network hydraulics.", "rain_event_in": 2.0, "runoff_coefficient": 0.9, "vertical_accuracy": "LiDAR stores 1 cm Z precision; absolute vertical accuracy is not 1 cm." } }, "geometry": { "type": "LineString", "coordinates": [ [ -71.101505, 42.38477 ], [ -71.101605, 42.384806 ] ] } },
{ "type": "Feature", "properties": { "segment_id": "IA02261", "client_seg": "e0f3f93c82f3ccbf639763ade4dac154", "street": "Summer Street", "pci": 80.0, "has_lidar": false, "ponding_depth_in": 0.0, "catchment_sqft": 0.0, "low_point_dist_m": 69.8, "nearest_drain_m": 65.2, "complaints_nearby": 2, "curb_risk": 54.3, "topo_pts": 21.7, "pavement_pts": 8.6, "basin_pts": 20.0, "complaint_pts": 4.0, "risk_band": "Moderate", "recommended_action": "inspect", "hydraulic_assumptions": { "model": "Simplified surface ponding model; no pipe-network hydraulics.", "rain_event_in": 2.0, "runoff_coefficient": 0.9, "vertical_accuracy": "LiDAR stores 1 cm Z precision; absolute vertical accuracy is not 1 cm." } }, "geometry": { "type": "LineString", "coordinates": [ [ -71.101605, 42.384806 ], [ -71.101705, 42.384842 ] ] } },
{ "type": "Feature", "properties": { "segment_id": "IA02262", "client_seg": "e0f3f93c82f3ccbf639763ade4dac154", "street": "Summer Street", "pci": 95.3, "has_lidar": false, "ponding_depth_in": 0.0, "catchment_sqft": 0.0, "low_point_dist_m": 68.0, "nearest_drain_m": 74.3, "complaints_nearby": 2, "curb_risk": 47.7, "topo_pts": 21.7, "pavement_pts": 2.0, "basin_pts": 20.0, "complaint_pts": 4.0, "risk_band": "Moderate", "recommended_action": "inspect", "hydraulic_assumptions": { "model": "Simplified surface ponding model; no pipe-network hydraulics.", "rain_event_in": 2.0, "runoff_coefficient": 0.9, "vertical_accuracy": "LiDAR stores 1 cm Z precision; absolute vertical accuracy is not 1 cm." } }, "geometry": { "type": "LineString", "coordinates": [ [ -71.101705, 42.384842 ], [ -71.101805, 42.384878 ] ] } },
{ "type": "Feature", "properties": { "segment_id": "IA02263", "client_seg": "e0f3f93c82f3ccbf639763ade4dac154", "street": "Summer Street", "pci": 93.0, "has_lidar": false, "ponding_depth_in": 0.0, "catchment_sqft": 0.0, "low_point_dist_m": 67.4, "nearest_drain_m": 83.4, "complaints_nearby": 2, "curb_risk": 48.7, "topo_pts": 21.7, "pavement_pts": 3.0, "basin_pts": 20.0, "complaint_pts": 4.0, "risk_band": "Moderate", "recommended_action": "inspect", "hydraulic_assumptions": { "model": "Simplified surface ponding model; no pipe-network hydraulics.", "rain_event_in": 2.0, "runoff_coefficient": 0.9, "vertical_accuracy": "LiDAR stores 1 cm Z precision; absolute vertical accuracy is not 1 cm." } }, "geometry": { "type": "LineString", "coordinates": [ [ -71.101805, 42.384878 ], [ -71.101905, 42.384914 ] ] } },
{ "type": "Feature", "properties": { "segment_id": "IA02264", "client_seg": "e0f3f93c82f3ccbf639763ade4dac154", "street": "Summer Street", "pci": 93.8, "has_lidar": false, "ponding_depth_in": 0.0, "catchment_sqft": 0.0, "low_point_dist_m": 68.0, "nearest_drain_m": 92.5, "complaints_nearby": 2, "curb_risk": 48.4, "topo_pts": 21.7, "pavement_pts": 2.7, "basin_pts": 20.0, "complaint_pts": 4.0, "risk_band": "Moderate", "recommended_action": "inspect", "hydraulic_assumptions": { "model": "Simplified surface ponding model; no pipe-network hydraulics.", "rain_event_in": 2.0, "runoff_coefficient": 0.9, "vertical_accuracy": "LiDAR stores 1 cm Z precision; absolute vertical accuracy is not 1 cm." } }, "geometry": { "type": "LineString", "coordinates": [ [ -71.101905, 42.384914 ], [ -71.102005, 42.38495 ] ] } },
{ "type": "Feature", "properties": { "segment_id": "IA02265", "client_seg": "e0f3f93c82f3ccbf639763ade4dac154", "street": "Summer Street", "pci": 95.3, "has_lidar": false, "ponding_depth_in": 0.0, "catchment_sqft": 0.0, "low_point_dist_m": 69.9, "nearest_drain_m": 101.6, "complaints_nearby": 2, "curb_risk": 47.8, "topo_pts": 21.7, "pavement_pts": 2.0, "basin_pts": 20.0, "complaint_pts": 4.0, "risk_band": "Moderate", "recommended_action": "inspect", "hydraulic_assumptions": { "model": "Simplified surface ponding model; no pipe-network hydraulics.", "rain_event_in": 2.0, "runoff_coefficient": 0.9, "vertical_accuracy": "LiDAR stores 1 cm Z precision; absolute vertical accuracy is not 1 cm." } }, "geometry": { "type": "LineString", "coordinates": [ [ -71.102005, 42.38495 ], [ -71.102105, 42.384985 ] ] } },
{ "type": "Feature", "properties": { "segment_id": "IA18394", "client_seg": "2b84cb8ee759c63f1db49bf82f98c006", "street": "School Street", "pci": 71.0, "has_lidar": false, "ponding_depth_in": 1.55, "catchment_sqft": 556.0, "low_point_dist_m": 32.1, "nearest_drain_m": 56.8, "complaints_nearby": 1, "curb_risk": 42.5, "topo_pts": 8.1, "pavement_pts": 12.4, "basin_pts": 20.0, "complaint_pts": 2.0, "risk_band": "Moderate", "recommended_action": "inspect", "hydraulic_assumptions": { "model": "Simplified surface ponding model; no pipe-network hydraulics.", "rain_event_in": 2.0, "runoff_coefficient": 0.9, "vertical_accuracy": "LiDAR stores 1 cm Z precision; absolute vertical accuracy is not 1 cm." } }, "geometry": { "type": "LineString", "coordinates": [ [ -71.100195, 42.384694 ], [ -71.100244, 42.38462 ] ] } },
{ "type": "Feature", "properties": { "segment_id": "IA18393", "client_seg": "2b84cb8ee759c63f1db49bf82f98c006", "street": "School Street", "pci": 69.0, "has_lidar": true, "ponding_depth_in": 1.55, "catchment_sqft": 556.0, "low_point_dist_m": 23.0, "nearest_drain_m": 61.8, "complaints_nearby": 1, "curb_risk": 43.4, "topo_pts": 8.1, "pavement_pts": 13.3, "basin_pts": 20.0, "complaint_pts": 2.0, "risk_band": "Moderate", "recommended_action": "inspect", "hydraulic_assumptions": { "model": "Simplified surface ponding model; no pipe-network hydraulics.", "rain_event_in": 2.0, "runoff_coefficient": 0.9, "vertical_accuracy": "LiDAR stores 1 cm Z precision; absolute vertical accuracy is not 1 cm." } }, "geometry": { "type": "LineString", "coordinates": [ [ -71.100147, 42.384768 ], [ -71.100195, 42.384694 ] ] } },
{ "type": "Feature", "properties": { "segment_id": "IA18392", "client_seg": "2b84cb8ee759c63f1db49bf82f98c006", "street": "School Street", "pci": 93.0, "has_lidar": false, "ponding_depth_in": 1.55, "catchment_sqft": 556.0, "low_point_dist_m": 13.9, "nearest_drain_m": 67.6, "complaints_nearby": 1, "curb_risk": 33.1, "topo_pts": 8.1, "pavement_pts": 3.0, "basin_pts": 20.0, "complaint_pts": 2.0, "risk_band": "Low", "recommended_action": "monitor", "hydraulic_assumptions": { "model": "Simplified surface ponding model; no pipe-network hydraulics.", "rain_event_in": 2.0, "runoff_coefficient": 0.9, "vertical_accuracy": "LiDAR stores 1 cm Z precision; absolute vertical accuracy is not 1 cm." } }, "geometry": { "type": "LineString", "coordinates": [ [ -71.100098, 42.384842 ], [ -71.100147, 42.384768 ] ] } },
{ "type": "Feature", "properties": { "segment_id": "IA18391", "client_seg": "2b84cb8ee759c63f1db49bf82f98c006", "street": "School Street", "pci": 61.0, "has_lidar": true, "ponding_depth_in": 1.55, "catchment_sqft": 556.0, "low_point_dist_m": 5.0, "nearest_drain_m": 74.2, "complaints_nearby": 1, "curb_risk": 46.8, "topo_pts": 8.1, "pavement_pts": 16.7, "basin_pts": 20.0, "complaint_pts": 2.0, "risk_band": "Moderate", "recommended_action": "crack-seal", "hydraulic_assumptions": { "model": "Simplified surface ponding model; no pipe-network hydraulics.", "rain_event_in": 2.0, "runoff_coefficient": 0.9, "vertical_accuracy": "LiDAR stores 1 cm Z precision; absolute vertical accuracy is not 1 cm." } }, "geometry": { "type": "LineString", "coordinates": [ [ -71.100049, 42.384916 ], [ -71.100098, 42.384842 ] ] } },
{ "type": "Feature", "properties": { "segment_id": "IA11189", "client_seg": "dcf2db5324e53079531555888fdd10f2", "street": "Avon Street", "pci": 94.9, "has_lidar": true, "ponding_depth_in": 1.55, "catchment_sqft": 556.0, "low_point_dist_m": 1.1, "nearest_drain_m": 75.7, "complaints_nearby": 1, "curb_risk": 32.3, "topo_pts": 8.1, "pavement_pts": 2.2, "basin_pts": 20.0, "complaint_pts": 2.0, "risk_band": "Low", "recommended_action": "monitor", "hydraulic_assumptions": { "model": "Simplified surface ponding model; no pipe-network hydraulics.", "rain_event_in": 2.0, "runoff_coefficient": 0.9, "vertical_accuracy": "LiDAR stores 1 cm Z precision; absolute vertical accuracy is not 1 cm." } }, "geometry": { "type": "LineString", "coordinates": [ [ -71.100116, 42.384941 ], [ -71.100049, 42.384916 ] ] } },
{ "type": "Feature", "properties": { "segment_id": "IA17215", "client_seg": "cf6674537e4d16a8bc4e6b19348ef4f0", "street": "School Street", "pci": 86.0, "has_lidar": true, "ponding_depth_in": 1.55, "catchment_sqft": 556.0, "low_point_dist_m": 6.1, "nearest_drain_m": 82.2, "complaints_nearby": 0, "curb_risk": 34.1, "topo_pts": 8.1, "pavement_pts": 6.0, "basin_pts": 20.0, "complaint_pts": 0.0, "risk_band": "Low", "recommended_action": "monitor", "hydraulic_assumptions": { "model": "Simplified surface ponding model; no pipe-network hydraulics.", "rain_event_in": 2.0, "runoff_coefficient": 0.9, "vertical_accuracy": "LiDAR stores 1 cm Z precision; absolute vertical accuracy is not 1 cm." } }, "geometry": { "type": "LineString", "coordinates": [ [ -71.099985, 42.385007 ], [ -71.100049, 42.384916 ] ] } },
{ "type": "Feature", "properties": { "segment_id": "IA11188", "client_seg": "dcf2db5324e53079531555888fdd10f2", "street": "Avon Street", "pci": 95.4, "has_lidar": true, "ponding_depth_in": 3.01, "catchment_sqft": 1855.0, "low_point_dist_m": 1.3, "nearest_drain_m": 71.4, "complaints_nearby": 1, "curb_risk": 40.8, "topo_pts": 16.8, "pavement_pts": 2.0, "basin_pts": 20.0, "complaint_pts": 2.0, "risk_band": "Moderate", "recommended_action": "inspect", "hydraulic_assumptions": { "model": "Simplified surface ponding model; no pipe-network hydraulics.", "rain_event_in": 2.0, "runoff_coefficient": 0.9, "vertical_accuracy": "LiDAR stores 1 cm Z precision; absolute vertical accuracy is not 1 cm." } }, "geometry": { "type": "LineString", "coordinates": [ [ -71.100215, 42.384978 ], [ -71.100142, 42.384951 ], [ -71.100116, 42.384941 ] ] } },
{ "type": "Feature", "properties": { "segment_id": "IA11187", "client_seg": "dcf2db5324e53079531555888fdd10f2", "street": "Avon Street", "pci": 95.1, "has_lidar": true, "ponding_depth_in": 4.2, "catchment_sqft": 10386.0, "low_point_dist_m": 6.2, "nearest_drain_m": 66.9, "complaints_nearby": 1, "curb_risk": 55.7, "topo_pts": 31.6, "pavement_pts": 2.1, "basin_pts": 20.0, "complaint_pts": 2.0, "risk_band": "Moderate", "recommended_action": "clear drainage", "hydraulic_assumptions": { "model": "Simplified surface ponding model; no pipe-network hydraulics.", "rain_event_in": 2.0, "runoff_coefficient": 0.9, "vertical_accuracy": "LiDAR stores 1 cm Z precision; absolute vertical accuracy is not 1 cm." } }, "geometry": { "type": "LineString", "coordinates": [ [ -71.100315, 42.385014 ], [ -71.100215, 42.384978 ] ] } },
{ "type": "Feature", "properties": { "segment_id": "IA17214", "client_seg": "cf6674537e4d16a8bc4e6b19348ef4f0", "street": "School Street", "pci": 79.0, "has_lidar": true, "ponding_depth_in": 1.55, "catchment_sqft": 556.0, "low_point_dist_m": 16.1, "nearest_drain_m": 90.7, "complaints_nearby": 0, "curb_risk": 37.1, "topo_pts": 8.1, "pavement_pts": 9.0, "basin_pts": 20.0, "complaint_pts": 0.0, "risk_band": "Low", "recommended_action": "monitor", "hydraulic_assumptions": { "model": "Simplified surface ponding model; no pipe-network hydraulics.", "rain_event_in": 2.0, "runoff_coefficient": 0.9, "vertical_accuracy": "LiDAR stores 1 cm Z precision; absolute vertical accuracy is not 1 cm." } }, "geometry": { "type": "LineString", "coordinates": [ [ -71.099934, 42.38508 ], [ -71.099985, 42.385007 ] ] } },
{ "type": "Feature", "properties": { "segment_id": "IA17213", "client_seg": "cf6674537e4d16a8bc4e6b19348ef4f0", "street": "School Street", "pci": 93.6, "has_lidar": false, "ponding_depth_in": 1.55, "catchment_sqft": 556.0, "low_point_dist_m": 25.2, "nearest_drain_m": 98.6, "complaints_nearby": 0, "curb_risk": 30.8, "topo_pts": 8.1, "pavement_pts": 2.7, "basin_pts": 20.0, "complaint_pts": 0.0, "risk_band": "Low", "recommended_action": "monitor", "hydraulic_assumptions": { "model": "Simplified surface ponding model; no pipe-network hydraulics.", "rain_event_in": 2.0, "runoff_coefficient": 0.9, "vertical_accuracy": "LiDAR stores 1 cm Z precision; absolute vertical accuracy is not 1 cm." } }, "geometry": { "type": "LineString", "coordinates": [ [ -71.099883, 42.385153 ], [ -71.099934, 42.38508 ] ] } },
{ "type": "Feature", "properties": { "segment_id": "IA02256", "client_seg": "e0f3f93c82f3ccbf639763ade4dac154", "street": "Summer Street", "pci": 87.8, "has_lidar": false, "ponding_depth_in": 0.0, "catchment_sqft": 0.0, "low_point_dist_m": 79.5, "nearest_drain_m": 20.4, "complaints_nearby": 2, "curb_risk": 39.1, "topo_pts": 21.7, "pavement_pts": 5.2, "basin_pts": 8.2, "complaint_pts": 4.0, "risk_band": "Low", "recommended_action": "monitor", "hydraulic_assumptions": { "model": "Simplified surface ponding model; no pipe-network hydraulics.", "rain_event_in": 2.0, "runoff_coefficient": 0.9, "vertical_accuracy": "LiDAR stores 1 cm Z precision; absolute vertical accuracy is not 1 cm." } }, "geometry": { "type": "LineString", "coordinates": [ [ -71.101105, 42.384627 ], [ -71.101205, 42.384663 ] ] } },
{ "type": "Feature", "properties": { "segment_id": "IA02257", "client_seg": "e0f3f93c82f3ccbf639763ade4dac154", "street": "Summer Street", "pci": 86.3, "has_lidar": false, "ponding_depth_in": 0.0, "catchment_sqft": 0.0, "low_point_dist_m": 84.8, "nearest_drain_m": 29.1, "complaints_nearby": 2, "curb_risk": 43.2, "topo_pts": 21.7, "pavement_pts": 5.9, "basin_pts": 11.6, "complaint_pts": 4.0, "risk_band": "Moderate", "recommended_action": "inspect", "hydraulic_assumptions": { "model": "Simplified surface ponding model; no pipe-network hydraulics.", "rain_event_in": 2.0, "runoff_coefficient": 0.9, "vertical_accuracy": "LiDAR stores 1 cm Z precision; absolute vertical accuracy is not 1 cm." } }, "geometry": { "type": "LineString", "coordinates": [ [ -71.101205, 42.384663 ], [ -71.101305, 42.384698 ] ] } },
{ "type": "Feature", "properties": { "segment_id": "IA11186", "client_seg": "dcf2db5324e53079531555888fdd10f2", "street": "Avon Street", "pci": 94.0, "has_lidar": true, "ponding_depth_in": 4.2, "catchment_sqft": 10386.0, "low_point_dist_m": 2.9, "nearest_drain_m": 63.3, "complaints_nearby": 2, "curb_risk": 58.2, "topo_pts": 31.6, "pavement_pts": 2.6, "basin_pts": 20.0, "complaint_pts": 4.0, "risk_band": "Moderate", "recommended_action": "clear drainage", "hydraulic_assumptions": { "model": "Simplified surface ponding model; no pipe-network hydraulics.", "rain_event_in": 2.0, "runoff_coefficient": 0.9, "vertical_accuracy": "LiDAR stores 1 cm Z precision; absolute vertical accuracy is not 1 cm." } }, "geometry": { "type": "LineString", "coordinates": [ [ -71.100415, 42.38505 ], [ -71.100315, 42.385014 ] ] } },
{ "type": "Feature", "properties": { "segment_id": "IA11185", "client_seg": "dcf2db5324e53079531555888fdd10f2", "street": "Avon Street", "pci": 86.0, "has_lidar": true, "ponding_depth_in": 4.2, "catchment_sqft": 10386.0, "low_point_dist_m": 12.1, "nearest_drain_m": 60.9, "complaints_nearby": 2, "curb_risk": 61.6, "topo_pts": 31.6, "pavement_pts": 6.0, "basin_pts": 20.0, "complaint_pts": 4.0, "risk_band": "Moderate", "recommended_action": "clear drainage", "hydraulic_assumptions": { "model": "Simplified surface ponding model; no pipe-network hydraulics.", "rain_event_in": 2.0, "runoff_coefficient": 0.9, "vertical_accuracy": "LiDAR stores 1 cm Z precision; absolute vertical accuracy is not 1 cm." } }, "geometry": { "type": "LineString", "coordinates": [ [ -71.100515, 42.385085 ], [ -71.100415, 42.38505 ] ] } },
{ "type": "Feature", "properties": { "segment_id": "IA11184", "client_seg": "dcf2db5324e53079531555888fdd10f2", "street": "Avon Street", "pci": 92.0, "has_lidar": true, "ponding_depth_in": 4.2, "catchment_sqft": 10386.0, "low_point_dist_m": 21.2, "nearest_drain_m": 59.8, "complaints_nearby": 2, "curb_risk": 59.0, "topo_pts": 31.6, "pavement_pts": 3.4, "basin_pts": 20.0, "complaint_pts": 4.0, "risk_band": "Moderate", "recommended_action": "clear drainage", "hydraulic_assumptions": { "model": "Simplified surface ponding model; no pipe-network hydraulics.", "rain_event_in": 2.0, "runoff_coefficient": 0.9, "vertical_accuracy": "LiDAR stores 1 cm Z precision; absolute vertical accuracy is not 1 cm." } }, "geometry": { "type": "LineString", "coordinates": [ [ -71.100615, 42.385121 ], [ -71.100583, 42.38511 ], [ -71.100515, 42.385085 ] ] } },
{ "type": "Feature", "properties": { "segment_id": "IA11183", "client_seg": "dcf2db5324e53079531555888fdd10f2", "street": "Avon Street", "pci": 94.0, "has_lidar": true, "ponding_depth_in": 4.2, "catchment_sqft": 10386.0, "low_point_dist_m": 30.3, "nearest_drain_m": 60.1, "complaints_nearby": 2, "curb_risk": 58.2, "topo_pts": 31.6, "pavement_pts": 2.6, "basin_pts": 20.0, "complaint_pts": 4.0, "risk_band": "Moderate", "recommended_action": "clear drainage", "hydraulic_assumptions": { "model": "Simplified surface ponding model; no pipe-network hydraulics.", "rain_event_in": 2.0, "runoff_coefficient": 0.9, "vertical_accuracy": "LiDAR stores 1 cm Z precision; absolute vertical accuracy is not 1 cm." } }, "geometry": { "type": "LineString", "coordinates": [ [ -71.100715, 42.385157 ], [ -71.100615, 42.385121 ] ] } },
{ "type": "Feature", "properties": { "segment_id": "IA11182", "client_seg": "dcf2db5324e53079531555888fdd10f2", "street": "Avon Street", "pci": 92.0, "has_lidar": true, "ponding_depth_in": 4.2, "catchment_sqft": 10386.0, "low_point_dist_m": 39.5, "nearest_drain_m": 61.8, "complaints_nearby": 2, "curb_risk": 59.0, "topo_pts": 31.6, "pavement_pts": 3.4, "basin_pts": 20.0, "complaint_pts": 4.0, "risk_band": "Moderate", "recommended_action": "clear drainage", "hydraulic_assumptions": { "model": "Simplified surface ponding model; no pipe-network hydraulics.", "rain_event_in": 2.0, "runoff_coefficient": 0.9, "vertical_accuracy": "LiDAR stores 1 cm Z precision; absolute vertical accuracy is not 1 cm." } }, "geometry": { "type": "LineString", "coordinates": [ [ -71.100815, 42.385193 ], [ -71.100715, 42.385157 ] ] } },
{ "type": "Feature", "properties": { "segment_id": "IA11181", "client_seg": "dcf2db5324e53079531555888fdd10f2", "street": "Avon Street", "pci": 94.0, "has_lidar": true, "ponding_depth_in": 0.0, "catchment_sqft": 0.0, "low_point_dist_m": 48.6, "nearest_drain_m": 64.7, "complaints_nearby": 2, "curb_risk": 26.6, "topo_pts": 0.0, "pavement_pts": 2.6, "basin_pts": 20.0, "complaint_pts": 4.0, "risk_band": "Low", "recommended_action": "monitor", "hydraulic_assumptions": { "model": "Simplified surface ponding model; no pipe-network hydraulics.", "rain_event_in": 2.0, "runoff_coefficient": 0.9, "vertical_accuracy": "LiDAR stores 1 cm Z precision; absolute vertical accuracy is not 1 cm." } }, "geometry": { "type": "LineString", "coordinates": [ [ -71.100914, 42.385229 ], [ -71.100815, 42.385193 ] ] } },
{ "type": "Feature", "properties": { "segment_id": "IA11180", "client_seg": "dcf2db5324e53079531555888fdd10f2", "street": "Avon Street", "pci": 95.9, "has_lidar": true, "ponding_depth_in": 0.0, "catchment_sqft": 0.0, "low_point_dist_m": 48.7, "nearest_drain_m": 68.8, "complaints_nearby": 2, "curb_risk": 25.8, "topo_pts": 0.0, "pavement_pts": 1.8, "basin_pts": 20.0, "complaint_pts": 4.0, "risk_band": "Low", "recommended_action": "monitor", "hydraulic_assumptions": { "model": "Simplified surface ponding model; no pipe-network hydraulics.", "rain_event_in": 2.0, "runoff_coefficient": 0.9, "vertical_accuracy": "LiDAR stores 1 cm Z precision; absolute vertical accuracy is not 1 cm." } }, "geometry": { "type": "LineString", "coordinates": [ [ -71.101014, 42.385265 ], [ -71.100914, 42.385229 ] ] } },
{ "type": "Feature", "properties": { "segment_id": "IA11179", "client_seg": "dcf2db5324e53079531555888fdd10f2", "street": "Avon Street", "pci": 91.0, "has_lidar": true, "ponding_depth_in": 4.99, "catchment_sqft": 9644.0, "low_point_dist_m": 39.5, "nearest_drain_m": 73.8, "complaints_nearby": 2, "curb_risk": 63.1, "topo_pts": 35.3, "pavement_pts": 3.9, "basin_pts": 20.0, "complaint_pts": 4.0, "risk_band": "Moderate", "recommended_action": "clear drainage", "hydraulic_assumptions": { "model": "Simplified surface ponding model; no pipe-network hydraulics.", "rain_event_in": 2.0, "runoff_coefficient": 0.9, "vertical_accuracy": "LiDAR stores 1 cm Z precision; absolute vertical accuracy is not 1 cm." } }, "geometry": { "type": "LineString", "coordinates": [ [ -71.101114, 42.385301 ], [ -71.101014, 42.385265 ] ] } },
{ "type": "Feature", "properties": { "segment_id": "IA17212", "client_seg": "cf6674537e4d16a8bc4e6b19348ef4f0", "street": "School Street", "pci": 98.7, "has_lidar": false, "ponding_depth_in": 1.55, "catchment_sqft": 556.0, "low_point_dist_m": 34.3, "nearest_drain_m": 106.6, "complaints_nearby": 0, "curb_risk": 28.6, "topo_pts": 8.1, "pavement_pts": 0.6, "basin_pts": 20.0, "complaint_pts": 0.0, "risk_band": "Low", "recommended_action": "monitor", "hydraulic_assumptions": { "model": "Simplified surface ponding model; no pipe-network hydraulics.", "rain_event_in": 2.0, "runoff_coefficient": 0.9, "vertical_accuracy": "LiDAR stores 1 cm Z precision; absolute vertical accuracy is not 1 cm." } }, "geometry": { "type": "LineString", "coordinates": [ [ -71.099832, 42.385226 ], [ -71.099883, 42.385153 ] ] } },
{ "type": "Feature", "properties": { "segment_id": "IA17211", "client_seg": "cf6674537e4d16a8bc4e6b19348ef4f0", "street": "School Street", "pci": 94.7, "has_lidar": false, "ponding_depth_in": 0.0, "catchment_sqft": 0.0, "low_point_dist_m": 43.4, "nearest_drain_m": 114.8, "complaints_nearby": 0, "curb_risk": 30.3, "topo_pts": 8.1, "pavement_pts": 2.3, "basin_pts": 20.0, "complaint_pts": 0.0, "risk_band": "Low", "recommended_action": "monitor", "hydraulic_assumptions": { "model": "Simplified surface ponding model; no pipe-network hydraulics.", "rain_event_in": 2.0, "runoff_coefficient": 0.9, "vertical_accuracy": "LiDAR stores 1 cm Z precision; absolute vertical accuracy is not 1 cm." } }, "geometry": { "type": "LineString", "coordinates": [ [ -71.099781, 42.385299 ], [ -71.099786, 42.385292 ], [ -71.099832, 42.385226 ] ] } },
{ "type": "Feature", "properties": { "segment_id": "IA17210", "client_seg": "cf6674537e4d16a8bc4e6b19348ef4f0", "street": "School Street", "pci": 93.0, "has_lidar": false, "ponding_depth_in": 0.0, "catchment_sqft": 0.0, "low_point_dist_m": 52.6, "nearest_drain_m": 123.2, "complaints_nearby": 0, "curb_risk": 31.1, "topo_pts": 8.1, "pavement_pts": 3.0, "basin_pts": 20.0, "complaint_pts": 0.0, "risk_band": "Low", "recommended_action": "monitor", "hydraulic_assumptions": { "model": "Simplified surface ponding model; no pipe-network hydraulics.", "rain_event_in": 2.0, "runoff_coefficient": 0.9, "vertical_accuracy": "LiDAR stores 1 cm Z precision; absolute vertical accuracy is not 1 cm." } }, "geometry": { "type": "LineString", "coordinates": [ [ -71.09973, 42.385372 ], [ -71.099781, 42.385299 ] ] } },
{ "type": "Feature", "properties": { "segment_id": "IA17209", "client_seg": "cf6674537e4d16a8bc4e6b19348ef4f0", "street": "School Street", "pci": 79.0, "has_lidar": false, "ponding_depth_in": 0.0, "catchment_sqft": 0.0, "low_point_dist_m": 61.7, "nearest_drain_m": 131.7, "complaints_nearby": 0, "curb_risk": 37.1, "topo_pts": 8.1, "pavement_pts": 9.0, "basin_pts": 20.0, "complaint_pts": 0.0, "risk_band": "Low", "recommended_action": "monitor", "hydraulic_assumptions": { "model": "Simplified surface ponding model; no pipe-network hydraulics.", "rain_event_in": 2.0, "runoff_coefficient": 0.9, "vertical_accuracy": "LiDAR stores 1 cm Z precision; absolute vertical accuracy is not 1 cm." } }, "geometry": { "type": "LineString", "coordinates": [ [ -71.099678, 42.385445 ], [ -71.09973, 42.385372 ] ] } },
{ "type": "Feature", "properties": { "segment_id": "IA17208", "client_seg": "cf6674537e4d16a8bc4e6b19348ef4f0", "street": "School Street", "pci": 88.0, "has_lidar": false, "ponding_depth_in": 0.0, "catchment_sqft": 0.0, "low_point_dist_m": 70.8, "nearest_drain_m": 140.2, "complaints_nearby": 0, "curb_risk": 33.2, "topo_pts": 8.1, "pavement_pts": 5.1, "basin_pts": 20.0, "complaint_pts": 0.0, "risk_band": "Low", "recommended_action": "monitor", "hydraulic_assumptions": { "model": "Simplified surface ponding model; no pipe-network hydraulics.", "rain_event_in": 2.0, "runoff_coefficient": 0.9, "vertical_accuracy": "LiDAR stores 1 cm Z precision; absolute vertical accuracy is not 1 cm." } }, "geometry": { "type": "LineString", "coordinates": [ [ -71.099627, 42.385518 ], [ -71.099678, 42.385445 ] ] } },
{ "type": "Feature", "properties": { "segment_id": "IA17216", "client_seg": "8e3b15c10efa7419ed4c5b86fff60d6e", "street": "Berkeley Street", "pci": 92.5, "has_lidar": false, "ponding_depth_in": 0.0, "catchment_sqft": 0.0, "low_point_dist_m": 75.2, "nearest_drain_m": 142.9, "complaints_nearby": 0, "curb_risk": 45.0, "topo_pts": 21.7, "pavement_pts": 3.2, "basin_pts": 20.0, "complaint_pts": 0.0, "risk_band": "Moderate", "recommended_action": "inspect", "hydraulic_assumptions": { "model": "Simplified surface ponding model; no pipe-network hydraulics.", "rain_event_in": 2.0, "runoff_coefficient": 0.9, "vertical_accuracy": "LiDAR stores 1 cm Z precision; absolute vertical accuracy is not 1 cm." } }, "geometry": { "type": "LineString", "coordinates": [ [ -71.099627, 42.385518 ], [ -71.099708, 42.385546 ], [ -71.099728, 42.385553 ] ] } },
{ "type": "Feature", "properties": { "segment_id": "IA17248", "client_seg": "3e79af1af7a25e398e974d415651af29", "street": "School Street", "pci": 93.0, "has_lidar": false, "ponding_depth_in": 0.0, "catchment_sqft": 0.0, "low_point_dist_m": 78.6, "nearest_drain_m": 147.6, "complaints_nearby": 0, "curb_risk": 31.1, "topo_pts": 8.1, "pavement_pts": 3.0, "basin_pts": 20.0, "complaint_pts": 0.0, "risk_band": "Low", "recommended_action": "monitor", "hydraulic_assumptions": { "model": "Simplified surface ponding model; no pipe-network hydraulics.", "rain_event_in": 2.0, "runoff_coefficient": 0.9, "vertical_accuracy": "LiDAR stores 1 cm Z precision; absolute vertical accuracy is not 1 cm." } }, "geometry": { "type": "LineString", "coordinates": [ [ -71.099592, 42.38557 ], [ -71.099627, 42.385518 ] ] } },
{ "type": "Feature", "properties": { "segment_id": "IA17217", "client_seg": "8e3b15c10efa7419ed4c5b86fff60d6e", "street": "Berkeley Street", "pci": 67.4, "has_lidar": false, "ponding_depth_in": 0.0, "catchment_sqft": 0.0, "low_point_dist_m": 75.0, "nearest_drain_m": 140.0, "complaints_nearby": 0, "curb_risk": 55.7, "topo_pts": 21.7, "pavement_pts": 14.0, "basin_pts": 20.0, "complaint_pts": 0.0, "risk_band": "Moderate", "recommended_action": "inspect", "hydraulic_assumptions": { "model": "Simplified surface ponding model; no pipe-network hydraulics.", "rain_event_in": 2.0, "runoff_coefficient": 0.9, "vertical_accuracy": "LiDAR stores 1 cm Z precision; absolute vertical accuracy is not 1 cm." } }, "geometry": { "type": "LineString", "coordinates": [ [ -71.099728, 42.385553 ], [ -71.099828, 42.385588 ] ] } },
{ "type": "Feature", "properties": { "segment_id": "IA17247", "client_seg": "3e79af1af7a25e398e974d415651af29", "street": "School Street", "pci": 85.0, "has_lidar": false, "ponding_depth_in": 0.0, "catchment_sqft": 0.0, "low_point_dist_m": 86.1, "nearest_drain_m": 154.6, "complaints_nearby": 0, "curb_risk": 34.5, "topo_pts": 8.1, "pavement_pts": 6.4, "basin_pts": 20.0, "complaint_pts": 0.0, "risk_band": "Low", "recommended_action": "monitor", "hydraulic_assumptions": { "model": "Simplified surface ponding model; no pipe-network hydraulics.", "rain_event_in": 2.0, "runoff_coefficient": 0.9, "vertical_accuracy": "LiDAR stores 1 cm Z precision; absolute vertical accuracy is not 1 cm." } }, "geometry": { "type": "LineString", "coordinates": [ [ -71.099545840711855, 42.385638315753177 ], [ -71.099592, 42.38557 ] ] } },
{ "type": "Feature", "properties": { "segment_id": "IA17218", "client_seg": "8e3b15c10efa7419ed4c5b86fff60d6e", "street": "Berkeley Street", "pci": 90.0, "has_lidar": false, "ponding_depth_in": 0.0, "catchment_sqft": 0.0, "low_point_dist_m": 75.1, "nearest_drain_m": 137.8, "complaints_nearby": 0, "curb_risk": 46.0, "topo_pts": 21.7, "pavement_pts": 4.3, "basin_pts": 20.0, "complaint_pts": 0.0, "risk_band": "Moderate", "recommended_action": "inspect", "hydraulic_assumptions": { "model": "Simplified surface ponding model; no pipe-network hydraulics.", "rain_event_in": 2.0, "runoff_coefficient": 0.9, "vertical_accuracy": "LiDAR stores 1 cm Z precision; absolute vertical accuracy is not 1 cm." } }, "geometry": { "type": "LineString", "coordinates": [ [ -71.099828, 42.385588 ], [ -71.099928, 42.385624 ] ] } },
{ "type": "Feature", "properties": { "segment_id": "IA11178", "client_seg": "dcf2db5324e53079531555888fdd10f2", "street": "Avon Street", "pci": 93.0, "has_lidar": true, "ponding_depth_in": 4.99, "catchment_sqft": 9644.0, "low_point_dist_m": 30.4, "nearest_drain_m": 79.5, "complaints_nearby": 2, "curb_risk": 62.3, "topo_pts": 35.3, "pavement_pts": 3.0, "basin_pts": 20.0, "complaint_pts": 4.0, "risk_band": "Moderate", "recommended_action": "clear drainage", "hydraulic_assumptions": { "model": "Simplified surface ponding model; no pipe-network hydraulics.", "rain_event_in": 2.0, "runoff_coefficient": 0.9, "vertical_accuracy": "LiDAR stores 1 cm Z precision; absolute vertical accuracy is not 1 cm." } }, "geometry": { "type": "LineString", "coordinates": [ [ -71.101214, 42.385337 ], [ -71.101175, 42.385323 ], [ -71.101114, 42.385301 ] ] } },
{ "type": "Feature", "properties": { "segment_id": "IA11177", "client_seg": "dcf2db5324e53079531555888fdd10f2", "street": "Avon Street", "pci": 94.5, "has_lidar": true, "ponding_depth_in": 4.99, "catchment_sqft": 9644.0, "low_point_dist_m": 21.2, "nearest_drain_m": 85.8, "complaints_nearby": 2, "curb_risk": 61.7, "topo_pts": 35.3, "pavement_pts": 2.4, "basin_pts": 20.0, "complaint_pts": 4.0, "risk_band": "Moderate", "recommended_action": "clear drainage", "hydraulic_assumptions": { "model": "Simplified surface ponding model; no pipe-network hydraulics.", "rain_event_in": 2.0, "runoff_coefficient": 0.9, "vertical_accuracy": "LiDAR stores 1 cm Z precision; absolute vertical accuracy is not 1 cm." } }, "geometry": { "type": "LineString", "coordinates": [ [ -71.101313, 42.385374 ], [ -71.101214, 42.385337 ] ] } },
{ "type": "Feature", "properties": { "segment_id": "IA17223", "client_seg": "8e3b15c10efa7419ed4c5b86fff60d6e", "street": "Berkeley Street", "pci": 90.0, "has_lidar": false, "ponding_depth_in": 0.0, "catchment_sqft": 0.0, "low_point_dist_m": 84.7, "nearest_drain_m": 135.3, "complaints_nearby": 0, "curb_risk": 46.0, "topo_pts": 21.7, "pavement_pts": 4.3, "basin_pts": 20.0, "complaint_pts": 0.0, "risk_band": "Moderate", "recommended_action": "inspect", "hydraulic_assumptions": { "model": "Simplified surface ponding model; no pipe-network hydraulics.", "rain_event_in": 2.0, "runoff_coefficient": 0.9, "vertical_accuracy": "LiDAR stores 1 cm Z precision; absolute vertical accuracy is not 1 cm." } }, "geometry": { "type": "LineString", "coordinates": [ [ -71.10033, 42.385764 ], [ -71.10043, 42.3858 ] ] } },
{ "type": "Feature", "properties": { "segment_id": "IA17224", "client_seg": "8e3b15c10efa7419ed4c5b86fff60d6e", "street": "Berkeley Street", "pci": 94.4, "has_lidar": false, "ponding_depth_in": 0.0, "catchment_sqft": 0.0, "low_point_dist_m": 89.4, "nearest_drain_m": 136.6, "complaints_nearby": 0, "curb_risk": 44.1, "topo_pts": 21.7, "pavement_pts": 2.4, "basin_pts": 20.0, "complaint_pts": 0.0, "risk_band": "Moderate", "recommended_action": "inspect", "hydraulic_assumptions": { "model": "Simplified surface ponding model; no pipe-network hydraulics.", "rain_event_in": 2.0, "runoff_coefficient": 0.9, "vertical_accuracy": "LiDAR stores 1 cm Z precision; absolute vertical accuracy is not 1 cm." } }, "geometry": { "type": "LineString", "coordinates": [ [ -71.10043, 42.3858 ], [ -71.100531, 42.385835 ] ] } },
{ "type": "Feature", "properties": { "segment_id": "IA17225", "client_seg": "8e3b15c10efa7419ed4c5b86fff60d6e", "street": "Berkeley Street", "pci": 94.0, "has_lidar": false, "ponding_depth_in": 0.0, "catchment_sqft": 0.0, "low_point_dist_m": 88.0, "nearest_drain_m": 138.6, "complaints_nearby": 0, "curb_risk": 44.3, "topo_pts": 21.7, "pavement_pts": 2.6, "basin_pts": 20.0, "complaint_pts": 0.0, "risk_band": "Moderate", "recommended_action": "inspect", "hydraulic_assumptions": { "model": "Simplified surface ponding model; no pipe-network hydraulics.", "rain_event_in": 2.0, "runoff_coefficient": 0.9, "vertical_accuracy": "LiDAR stores 1 cm Z precision; absolute vertical accuracy is not 1 cm." } }, "geometry": { "type": "LineString", "coordinates": [ [ -71.100531, 42.385835 ], [ -71.100631, 42.38587 ] ] } },
{ "type": "Feature", "properties": { "segment_id": "IA17226", "client_seg": "8e3b15c10efa7419ed4c5b86fff60d6e", "street": "Berkeley Street", "pci": 94.7, "has_lidar": false, "ponding_depth_in": 0.0, "catchment_sqft": 0.0, "low_point_dist_m": 83.3, "nearest_drain_m": 141.0, "complaints_nearby": 0, "curb_risk": 44.0, "topo_pts": 21.7, "pavement_pts": 2.3, "basin_pts": 20.0, "complaint_pts": 0.0, "risk_band": "Moderate", "recommended_action": "inspect", "hydraulic_assumptions": { "model": "Simplified surface ponding model; no pipe-network hydraulics.", "rain_event_in": 2.0, "runoff_coefficient": 0.9, "vertical_accuracy": "LiDAR stores 1 cm Z precision; absolute vertical accuracy is not 1 cm." } }, "geometry": { "type": "LineString", "coordinates": [ [ -71.100631, 42.38587 ], [ -71.100732, 42.385905 ] ] } },
{ "type": "Feature", "properties": { "segment_id": "IA17227", "client_seg": "8e3b15c10efa7419ed4c5b86fff60d6e", "street": "Berkeley Street", "pci": 93.0, "has_lidar": false, "ponding_depth_in": 0.0, "catchment_sqft": 0.0, "low_point_dist_m": 79.4, "nearest_drain_m": 144.1, "complaints_nearby": 0, "curb_risk": 44.7, "topo_pts": 21.7, "pavement_pts": 3.0, "basin_pts": 20.0, "complaint_pts": 0.0, "risk_band": "Moderate", "recommended_action": "inspect", "hydraulic_assumptions": { "model": "Simplified surface ponding model; no pipe-network hydraulics.", "rain_event_in": 2.0, "runoff_coefficient": 0.9, "vertical_accuracy": "LiDAR stores 1 cm Z precision; absolute vertical accuracy is not 1 cm." } }, "geometry": { "type": "LineString", "coordinates": [ [ -71.100732, 42.385905 ], [ -71.100832, 42.38594 ] ] } },
{ "type": "Feature", "properties": { "segment_id": "IA17228", "client_seg": "8e3b15c10efa7419ed4c5b86fff60d6e", "street": "Berkeley Street", "pci": 96.6, "has_lidar": false, "ponding_depth_in": 0.0, "catchment_sqft": 0.0, "low_point_dist_m": 76.5, "nearest_drain_m": 147.6, "complaints_nearby": 0, "curb_risk": 43.2, "topo_pts": 21.7, "pavement_pts": 1.5, "basin_pts": 20.0, "complaint_pts": 0.0, "risk_band": "Moderate", "recommended_action": "inspect", "hydraulic_assumptions": { "model": "Simplified surface ponding model; no pipe-network hydraulics.", "rain_event_in": 2.0, "runoff_coefficient": 0.9, "vertical_accuracy": "LiDAR stores 1 cm Z precision; absolute vertical accuracy is not 1 cm." } }, "geometry": { "type": "LineString", "coordinates": [ [ -71.100832, 42.38594 ], [ -71.100932, 42.385976 ] ] } },
{ "type": "Feature", "properties": { "segment_id": "IA17229", "client_seg": "8e3b15c10efa7419ed4c5b86fff60d6e", "street": "Berkeley Street", "pci": 95.1, "has_lidar": false, "ponding_depth_in": 0.0, "catchment_sqft": 0.0, "low_point_dist_m": 74.5, "nearest_drain_m": 142.9, "complaints_nearby": 0, "curb_risk": 43.9, "topo_pts": 21.7, "pavement_pts": 2.1, "basin_pts": 20.0, "complaint_pts": 0.0, "risk_band": "Moderate", "recommended_action": "inspect", "hydraulic_assumptions": { "model": "Simplified surface ponding model; no pipe-network hydraulics.", "rain_event_in": 2.0, "runoff_coefficient": 0.9, "vertical_accuracy": "LiDAR stores 1 cm Z precision; absolute vertical accuracy is not 1 cm." } }, "geometry": { "type": "LineString", "coordinates": [ [ -71.100932, 42.385976 ], [ -71.101013, 42.386004 ], [ -71.101033, 42.386011 ] ] } },
{ "type": "Feature", "properties": { "segment_id": "IA17230", "client_seg": "8e3b15c10efa7419ed4c5b86fff60d6e", "street": "Berkeley Street", "pci": 83.0, "has_lidar": false, "ponding_depth_in": 0.0, "catchment_sqft": 0.0, "low_point_dist_m": 73.6, "nearest_drain_m": 134.3, "complaints_nearby": 0, "curb_risk": 49.0, "topo_pts": 21.7, "pavement_pts": 7.3, "basin_pts": 20.0, "complaint_pts": 0.0, "risk_band": "Moderate", "recommended_action": "inspect", "hydraulic_assumptions": { "model": "Simplified surface ponding model; no pipe-network hydraulics.", "rain_event_in": 2.0, "runoff_coefficient": 0.9, "vertical_accuracy": "LiDAR stores 1 cm Z precision; absolute vertical accuracy is not 1 cm." } }, "geometry": { "type": "LineString", "coordinates": [ [ -71.101033, 42.386011 ], [ -71.101133, 42.386046 ] ] } },
{ "type": "Feature", "properties": { "segment_id": "IA11176", "client_seg": "dcf2db5324e53079531555888fdd10f2", "street": "Avon Street", "pci": 93.0, "has_lidar": true, "ponding_depth_in": 4.99, "catchment_sqft": 9644.0, "low_point_dist_m": 12.1, "nearest_drain_m": 92.7, "complaints_nearby": 2, "curb_risk": 62.3, "topo_pts": 35.3, "pavement_pts": 3.0, "basin_pts": 20.0, "complaint_pts": 4.0, "risk_band": "Moderate", "recommended_action": "clear drainage", "hydraulic_assumptions": { "model": "Simplified surface ponding model; no pipe-network hydraulics.", "rain_event_in": 2.0, "runoff_coefficient": 0.9, "vertical_accuracy": "LiDAR stores 1 cm Z precision; absolute vertical accuracy is not 1 cm." } }, "geometry": { "type": "LineString", "coordinates": [ [ -71.101413, 42.385411 ], [ -71.101313, 42.385374 ] ] } },
{ "type": "Feature", "properties": { "segment_id": "IA11175", "client_seg": "dcf2db5324e53079531555888fdd10f2", "street": "Avon Street", "pci": 96.0, "has_lidar": true, "ponding_depth_in": 4.99, "catchment_sqft": 9644.0, "low_point_dist_m": 2.9, "nearest_drain_m": 99.9, "complaints_nearby": 2, "curb_risk": 61.0, "topo_pts": 35.3, "pavement_pts": 1.7, "basin_pts": 20.0, "complaint_pts": 4.0, "risk_band": "Moderate", "recommended_action": "clear drainage", "hydraulic_assumptions": { "model": "Simplified surface ponding model; no pipe-network hydraulics.", "rain_event_in": 2.0, "runoff_coefficient": 0.9, "vertical_accuracy": "LiDAR stores 1 cm Z precision; absolute vertical accuracy is not 1 cm." } }, "geometry": { "type": "LineString", "coordinates": [ [ -71.101512, 42.385447 ], [ -71.101413, 42.385411 ] ] } },
{ "type": "Feature", "properties": { "segment_id": "IA11174", "client_seg": "dcf2db5324e53079531555888fdd10f2", "street": "Avon Street", "pci": 96.2, "has_lidar": true, "ponding_depth_in": 4.99, "catchment_sqft": 9644.0, "low_point_dist_m": 6.2, "nearest_drain_m": 107.4, "complaints_nearby": 2, "curb_risk": 60.9, "topo_pts": 35.3, "pavement_pts": 1.6, "basin_pts": 20.0, "complaint_pts": 4.0, "risk_band": "Moderate", "recommended_action": "clear drainage", "hydraulic_assumptions": { "model": "Simplified surface ponding model; no pipe-network hydraulics.", "rain_event_in": 2.0, "runoff_coefficient": 0.9, "vertical_accuracy": "LiDAR stores 1 cm Z precision; absolute vertical accuracy is not 1 cm." } }, "geometry": { "type": "LineString", "coordinates": [ [ -71.101612, 42.385484 ], [ -71.101512, 42.385447 ] ] } },
{ "type": "Feature", "properties": { "segment_id": "IA11173", "client_seg": "dcf2db5324e53079531555888fdd10f2", "street": "Avon Street", "pci": 96.1, "has_lidar": true, "ponding_depth_in": 4.99, "catchment_sqft": 9644.0, "low_point_dist_m": 15.4, "nearest_drain_m": 110.8, "complaints_nearby": 2, "curb_risk": 61.0, "topo_pts": 35.3, "pavement_pts": 1.7, "basin_pts": 20.0, "complaint_pts": 4.0, "risk_band": "Moderate", "recommended_action": "clear drainage", "hydraulic_assumptions": { "model": "Simplified surface ponding model; no pipe-network hydraulics.", "rain_event_in": 2.0, "runoff_coefficient": 0.9, "vertical_accuracy": "LiDAR stores 1 cm Z precision; absolute vertical accuracy is not 1 cm." } }, "geometry": { "type": "LineString", "coordinates": [ [ -71.101711, 42.385521 ], [ -71.101612, 42.385484 ] ] } },
{ "type": "Feature", "properties": { "segment_id": "IA11172", "client_seg": "dcf2db5324e53079531555888fdd10f2", "street": "Avon Street", "pci": 93.0, "has_lidar": true, "ponding_depth_in": 4.99, "catchment_sqft": 9644.0, "low_point_dist_m": 24.5, "nearest_drain_m": 101.9, "complaints_nearby": 1, "curb_risk": 60.3, "topo_pts": 35.3, "pavement_pts": 3.0, "basin_pts": 20.0, "complaint_pts": 2.0, "risk_band": "Moderate", "recommended_action": "clear drainage", "hydraulic_assumptions": { "model": "Simplified surface ponding model; no pipe-network hydraulics.", "rain_event_in": 2.0, "runoff_coefficient": 0.9, "vertical_accuracy": "LiDAR stores 1 cm Z precision; absolute vertical accuracy is not 1 cm." } }, "geometry": { "type": "LineString", "coordinates": [ [ -71.10181, 42.385557 ], [ -71.101711, 42.385521 ] ] } },
{ "type": "Feature", "properties": { "segment_id": "IA11171", "client_seg": "dcf2db5324e53079531555888fdd10f2", "street": "Avon Street", "pci": 93.0, "has_lidar": true, "ponding_depth_in": 4.99, "catchment_sqft": 9644.0, "low_point_dist_m": 33.6, "nearest_drain_m": 93.1, "complaints_nearby": 1, "curb_risk": 60.3, "topo_pts": 35.3, "pavement_pts": 3.0, "basin_pts": 20.0, "complaint_pts": 2.0, "risk_band": "Moderate", "recommended_action": "clear drainage", "hydraulic_assumptions": { "model": "Simplified surface ponding model; no pipe-network hydraulics.", "rain_event_in": 2.0, "runoff_coefficient": 0.9, "vertical_accuracy": "LiDAR stores 1 cm Z precision; absolute vertical accuracy is not 1 cm." } }, "geometry": { "type": "LineString", "coordinates": [ [ -71.10191, 42.385594 ], [ -71.10181, 42.385557 ] ] } },
{ "type": "Feature", "properties": { "segment_id": "IA11170", "client_seg": "dcf2db5324e53079531555888fdd10f2", "street": "Avon Street", "pci": 88.0, "has_lidar": true, "ponding_depth_in": 0.0, "catchment_sqft": 0.0, "low_point_dist_m": 42.8, "nearest_drain_m": 84.2, "complaints_nearby": 1, "curb_risk": 27.1, "topo_pts": 0.0, "pavement_pts": 5.1, "basin_pts": 20.0, "complaint_pts": 2.0, "risk_band": "Low", "recommended_action": "monitor", "hydraulic_assumptions": { "model": "Simplified surface ponding model; no pipe-network hydraulics.", "rain_event_in": 2.0, "runoff_coefficient": 0.9, "vertical_accuracy": "LiDAR stores 1 cm Z precision; absolute vertical accuracy is not 1 cm." } }, "geometry": { "type": "LineString", "coordinates": [ [ -71.102009, 42.385631 ], [ -71.10191, 42.385594 ] ] } },
{ "type": "Feature", "properties": { "segment_id": "IA11169", "client_seg": "dcf2db5324e53079531555888fdd10f2", "street": "Avon Street", "pci": 93.1, "has_lidar": true, "ponding_depth_in": 0.0, "catchment_sqft": 0.0, "low_point_dist_m": 48.5, "nearest_drain_m": 75.5, "complaints_nearby": 1, "curb_risk": 25.0, "topo_pts": 0.0, "pavement_pts": 3.0, "basin_pts": 20.0, "complaint_pts": 2.0, "risk_band": "Low", "recommended_action": "monitor", "hydraulic_assumptions": { "model": "Simplified surface ponding model; no pipe-network hydraulics.", "rain_event_in": 2.0, "runoff_coefficient": 0.9, "vertical_accuracy": "LiDAR stores 1 cm Z precision; absolute vertical accuracy is not 1 cm." } }, "geometry": { "type": "LineString", "coordinates": [ [ -71.102109, 42.385668 ], [ -71.102009, 42.385631 ] ] } },
{ "type": "Feature", "properties": { "segment_id": "IA17233", "client_seg": "8e3b15c10efa7419ed4c5b86fff60d6e", "street": "Berkeley Street", "pci": 85.5, "has_lidar": false, "ponding_depth_in": 0.0, "catchment_sqft": 0.0, "low_point_dist_m": 77.7, "nearest_drain_m": 109.2, "complaints_nearby": 0, "curb_risk": 47.9, "topo_pts": 21.7, "pavement_pts": 6.2, "basin_pts": 20.0, "complaint_pts": 0.0, "risk_band": "Moderate", "recommended_action": "inspect", "hydraulic_assumptions": { "model": "Simplified surface ponding model; no pipe-network hydraulics.", "rain_event_in": 2.0, "runoff_coefficient": 0.9, "vertical_accuracy": "LiDAR stores 1 cm Z precision; absolute vertical accuracy is not 1 cm." } }, "geometry": { "type": "LineString", "coordinates": [ [ -71.101333, 42.386118 ], [ -71.101433, 42.386153 ] ] } },
{ "type": "Feature", "properties": { "segment_id": "IA17234", "client_seg": "8e3b15c10efa7419ed4c5b86fff60d6e", "street": "Berkeley Street", "pci": 83.2, "has_lidar": false, "ponding_depth_in": 0.0, "catchment_sqft": 0.0, "low_point_dist_m": 81.1, "nearest_drain_m": 101.0, "complaints_nearby": 0, "curb_risk": 48.9, "topo_pts": 21.7, "pavement_pts": 7.2, "basin_pts": 20.0, "complaint_pts": 0.0, "risk_band": "Moderate", "recommended_action": "inspect", "hydraulic_assumptions": { "model": "Simplified surface ponding model; no pipe-network hydraulics.", "rain_event_in": 2.0, "runoff_coefficient": 0.9, "vertical_accuracy": "LiDAR stores 1 cm Z precision; absolute vertical accuracy is not 1 cm." } }, "geometry": { "type": "LineString", "coordinates": [ [ -71.101433, 42.386153 ], [ -71.101533, 42.386189 ] ] } },
{ "type": "Feature", "properties": { "segment_id": "IA02209", "client_seg": "38359a4743707dfe5b7326c92934c144", "street": "Laurel Street", "pci": 71.6, "has_lidar": false, "ponding_depth_in": 0.0, "catchment_sqft": 0.0, "low_point_dist_m": 118.2, "nearest_drain_m": 150.1, "complaints_nearby": 0, "curb_risk": 53.9, "topo_pts": 21.7, "pavement_pts": 12.2, "basin_pts": 20.0, "complaint_pts": 0.0, "risk_band": "Moderate", "recommended_action": "inspect", "hydraulic_assumptions": { "model": "Simplified surface ponding model; no pipe-network hydraulics.", "rain_event_in": 2.0, "runoff_coefficient": 0.9, "vertical_accuracy": "LiDAR stores 1 cm Z precision; absolute vertical accuracy is not 1 cm." } }, "geometry": { "type": "LineString", "coordinates": [ [ -71.103917, 42.385171 ], [ -71.103944, 42.385133 ], [ -71.103968, 42.385098 ] ] } },
{ "type": "Feature", "properties": { "segment_id": "IA02187", "client_seg": "f1f52c4c8a7e1cd6b671be648adfc11b", "street": "Summer Street", "pci": 95.1, "has_lidar": false, "ponding_depth_in": 0.0, "catchment_sqft": 0.0, "low_point_dist_m": 68.9, "nearest_drain_m": 117.0, "complaints_nearby": 0, "curb_risk": 43.8, "topo_pts": 21.7, "pavement_pts": 2.1, "basin_pts": 20.0, "complaint_pts": 0.0, "risk_band": "Moderate", "recommended_action": "inspect", "hydraulic_assumptions": { "model": "Simplified surface ponding model; no pipe-network hydraulics.", "rain_event_in": 2.0, "runoff_coefficient": 0.9, "vertical_accuracy": "LiDAR stores 1 cm Z precision; absolute vertical accuracy is not 1 cm." } }, "geometry": { "type": "LineString", "coordinates": [ [ -71.104016, 42.385655 ], [ -71.103915, 42.385621 ] ] } },
{ "type": "Feature", "properties": { "segment_id": "IA02186", "client_seg": "f1f52c4c8a7e1cd6b671be648adfc11b", "street": "Summer Street", "pci": 95.0, "has_lidar": false, "ponding_depth_in": 0.0, "catchment_sqft": 0.0, "low_point_dist_m": 69.9, "nearest_drain_m": 122.8, "complaints_nearby": 0, "curb_risk": 43.9, "topo_pts": 21.7, "pavement_pts": 2.1, "basin_pts": 20.0, "complaint_pts": 0.0, "risk_band": "Moderate", "recommended_action": "inspect", "hydraulic_assumptions": { "model": "Simplified surface ponding model; no pipe-network hydraulics.", "rain_event_in": 2.0, "runoff_coefficient": 0.9, "vertical_accuracy": "LiDAR stores 1 cm Z precision; absolute vertical accuracy is not 1 cm." } }, "geometry": { "type": "LineString", "coordinates": [ [ -71.104117, 42.385689 ], [ -71.104016, 42.385655 ] ] } },
{ "type": "Feature", "properties": { "segment_id": "IA02185", "client_seg": "f1f52c4c8a7e1cd6b671be648adfc11b", "street": "Summer Street", "pci": 93.0, "has_lidar": false, "ponding_depth_in": 0.0, "catchment_sqft": 0.0, "low_point_dist_m": 69.6, "nearest_drain_m": 129.0, "complaints_nearby": 0, "curb_risk": 44.7, "topo_pts": 21.7, "pavement_pts": 3.0, "basin_pts": 20.0, "complaint_pts": 0.0, "risk_band": "Moderate", "recommended_action": "inspect", "hydraulic_assumptions": { "model": "Simplified surface ponding model; no pipe-network hydraulics.", "rain_event_in": 2.0, "runoff_coefficient": 0.9, "vertical_accuracy": "LiDAR stores 1 cm Z precision; absolute vertical accuracy is not 1 cm." } }, "geometry": { "type": "LineString", "coordinates": [ [ -71.104218, 42.385724 ], [ -71.104117, 42.385689 ] ] } },
{ "type": "Feature", "properties": { "segment_id": "IA02203", "client_seg": "6b2c095b8ddcc2d0e66a226d3a5dafd7", "street": "Summer Street", "pci": 95.1, "has_lidar": false, "ponding_depth_in": 0.0, "catchment_sqft": 0.0, "low_point_dist_m": 67.9, "nearest_drain_m": 94.2, "complaints_nearby": 0, "curb_risk": 43.9, "topo_pts": 21.7, "pavement_pts": 2.1, "basin_pts": 20.0, "complaint_pts": 0.0, "risk_band": "Moderate", "recommended_action": "inspect", "hydraulic_assumptions": { "model": "Simplified surface ponding model; no pipe-network hydraulics.", "rain_event_in": 2.0, "runoff_coefficient": 0.9, "vertical_accuracy": "LiDAR stores 1 cm Z precision; absolute vertical accuracy is not 1 cm." } }, "geometry": { "type": "LineString", "coordinates": [ [ -71.103051, 42.385324 ], [ -71.102992, 42.385303 ] ] } },
{ "type": "Feature", "properties": { "segment_id": "IA11168", "client_seg": "dcf2db5324e53079531555888fdd10f2", "street": "Avon Street", "pci": 93.0, "has_lidar": true, "ponding_depth_in": 5.91, "catchment_sqft": 3338.0, "low_point_dist_m": 39.3, "nearest_drain_m": 66.9, "complaints_nearby": 1, "curb_risk": 57.6, "topo_pts": 32.6, "pavement_pts": 3.0, "basin_pts": 20.0, "complaint_pts": 2.0, "risk_band": "Moderate", "recommended_action": "clear drainage", "hydraulic_assumptions": { "model": "Simplified surface ponding model; no pipe-network hydraulics.", "rain_event_in": 2.0, "runoff_coefficient": 0.9, "vertical_accuracy": "LiDAR stores 1 cm Z precision; absolute vertical accuracy is not 1 cm." } }, "geometry": { "type": "LineString", "coordinates": [ [ -71.102209, 42.385703 ], [ -71.102164, 42.385688 ], [ -71.102109, 42.385668 ] ] } },
{ "type": "Feature", "properties": { "segment_id": "IA11167", "client_seg": "dcf2db5324e53079531555888fdd10f2", "street": "Avon Street", "pci": 91.0, "has_lidar": true, "ponding_depth_in": 5.91, "catchment_sqft": 3338.0, "low_point_dist_m": 30.2, "nearest_drain_m": 58.6, "complaints_nearby": 1, "curb_risk": 58.4, "topo_pts": 32.6, "pavement_pts": 3.9, "basin_pts": 20.0, "complaint_pts": 2.0, "risk_band": "Moderate", "recommended_action": "clear drainage", "hydraulic_assumptions": { "model": "Simplified surface ponding model; no pipe-network hydraulics.", "rain_event_in": 2.0, "runoff_coefficient": 0.9, "vertical_accuracy": "LiDAR stores 1 cm Z precision; absolute vertical accuracy is not 1 cm." } }, "geometry": { "type": "LineString", "coordinates": [ [ -71.102309, 42.385738 ], [ -71.102209, 42.385703 ] ] } },
{ "type": "Feature", "properties": { "segment_id": "IA11166", "client_seg": "dcf2db5324e53079531555888fdd10f2", "street": "Avon Street", "pci": 93.0, "has_lidar": true, "ponding_depth_in": 5.91, "catchment_sqft": 3338.0, "low_point_dist_m": 21.1, "nearest_drain_m": 50.5, "complaints_nearby": 0, "curb_risk": 55.6, "topo_pts": 32.6, "pavement_pts": 3.0, "basin_pts": 20.0, "complaint_pts": 0.0, "risk_band": "Moderate", "recommended_action": "clear drainage", "hydraulic_assumptions": { "model": "Simplified surface ponding model; no pipe-network hydraulics.", "rain_event_in": 2.0, "runoff_coefficient": 0.9, "vertical_accuracy": "LiDAR stores 1 cm Z precision; absolute vertical accuracy is not 1 cm." } }, "geometry": { "type": "LineString", "coordinates": [ [ -71.10241, 42.385773 ], [ -71.102309, 42.385738 ] ] } },
{ "type": "Feature", "properties": { "segment_id": "IA11165", "client_seg": "dcf2db5324e53079531555888fdd10f2", "street": "Avon Street", "pci": 96.2, "has_lidar": true, "ponding_depth_in": 5.91, "catchment_sqft": 3338.0, "low_point_dist_m": 11.9, "nearest_drain_m": 42.8, "complaints_nearby": 0, "curb_risk": 51.3, "topo_pts": 32.6, "pavement_pts": 1.6, "basin_pts": 17.1, "complaint_pts": 0.0, "risk_band": "Moderate", "recommended_action": "clear drainage", "hydraulic_assumptions": { "model": "Simplified surface ponding model; no pipe-network hydraulics.", "rain_event_in": 2.0, "runoff_coefficient": 0.9, "vertical_accuracy": "LiDAR stores 1 cm Z precision; absolute vertical accuracy is not 1 cm." } }, "geometry": { "type": "LineString", "coordinates": [ [ -71.102511, 42.385807 ], [ -71.10241, 42.385773 ] ] } },
{ "type": "Feature", "properties": { "segment_id": "IA11164", "client_seg": "dcf2db5324e53079531555888fdd10f2", "street": "Avon Street", "pci": 96.2, "has_lidar": true, "ponding_depth_in": 5.91, "catchment_sqft": 3338.0, "low_point_dist_m": 2.8, "nearest_drain_m": 35.9, "complaints_nearby": 0, "curb_risk": 48.6, "topo_pts": 32.6, "pavement_pts": 1.6, "basin_pts": 14.4, "complaint_pts": 0.0, "risk_band": "Moderate", "recommended_action": "inspect", "hydraulic_assumptions": { "model": "Simplified surface ponding model; no pipe-network hydraulics.", "rain_event_in": 2.0, "runoff_coefficient": 0.9, "vertical_accuracy": "LiDAR stores 1 cm Z precision; absolute vertical accuracy is not 1 cm." } }, "geometry": { "type": "LineString", "coordinates": [ [ -71.102611, 42.385842 ], [ -71.102511, 42.385807 ] ] } },
{ "type": "Feature", "properties": { "segment_id": "IA11163", "client_seg": "dcf2db5324e53079531555888fdd10f2", "street": "Avon Street", "pci": 96.3, "has_lidar": true, "ponding_depth_in": 5.91, "catchment_sqft": 3338.0, "low_point_dist_m": 6.4, "nearest_drain_m": 30.2, "complaints_nearby": 0, "curb_risk": 46.3, "topo_pts": 32.6, "pavement_pts": 1.6, "basin_pts": 12.1, "complaint_pts": 0.0, "risk_band": "Moderate", "recommended_action": "inspect", "hydraulic_assumptions": { "model": "Simplified surface ponding model; no pipe-network hydraulics.", "rain_event_in": 2.0, "runoff_coefficient": 0.9, "vertical_accuracy": "LiDAR stores 1 cm Z precision; absolute vertical accuracy is not 1 cm." } }, "geometry": { "type": "LineString", "coordinates": [ [ -71.102712, 42.385877 ], [ -71.102611, 42.385842 ] ] } },
{ "type": "Feature", "properties": { "segment_id": "IA11162", "client_seg": "dcf2db5324e53079531555888fdd10f2", "street": "Avon Street", "pci": 96.8, "has_lidar": true, "ponding_depth_in": 5.91, "catchment_sqft": 3338.0, "low_point_dist_m": 15.5, "nearest_drain_m": 26.5, "complaints_nearby": 0, "curb_risk": 44.6, "topo_pts": 32.6, "pavement_pts": 1.4, "basin_pts": 10.6, "complaint_pts": 0.0, "risk_band": "Moderate", "recommended_action": "inspect", "hydraulic_assumptions": { "model": "Simplified surface ponding model; no pipe-network hydraulics.", "rain_event_in": 2.0, "runoff_coefficient": 0.9, "vertical_accuracy": "LiDAR stores 1 cm Z precision; absolute vertical accuracy is not 1 cm." } }, "geometry": { "type": "LineString", "coordinates": [ [ -71.102813, 42.385911 ], [ -71.102712, 42.385877 ] ] } },
{ "type": "Feature", "properties": { "segment_id": "IA11161", "client_seg": "dcf2db5324e53079531555888fdd10f2", "street": "Avon Street", "pci": 96.8, "has_lidar": true, "ponding_depth_in": 2.76, "catchment_sqft": 2226.0, "low_point_dist_m": 9.5, "nearest_drain_m": 25.7, "complaints_nearby": 0, "curb_risk": 27.9, "topo_pts": 16.2, "pavement_pts": 1.4, "basin_pts": 10.3, "complaint_pts": 0.0, "risk_band": "Low", "recommended_action": "monitor", "hydraulic_assumptions": { "model": "Simplified surface ponding model; no pipe-network hydraulics.", "rain_event_in": 2.0, "runoff_coefficient": 0.9, "vertical_accuracy": "LiDAR stores 1 cm Z precision; absolute vertical accuracy is not 1 cm." } }, "geometry": { "type": "LineString", "coordinates": [ [ -71.102914, 42.385946 ], [ -71.102813, 42.385911 ] ] } },
{ "type": "Feature", "properties": { "segment_id": "IA11160", "client_seg": "dcf2db5324e53079531555888fdd10f2", "street": "Avon Street", "pci": 93.0, "has_lidar": true, "ponding_depth_in": 2.76, "catchment_sqft": 2226.0, "low_point_dist_m": 0.3, "nearest_drain_m": 27.9, "complaints_nearby": 0, "curb_risk": 30.4, "topo_pts": 16.2, "pavement_pts": 3.0, "basin_pts": 11.2, "complaint_pts": 0.0, "risk_band": "Low", "recommended_action": "monitor", "hydraulic_assumptions": { "model": "Simplified surface ponding model; no pipe-network hydraulics.", "rain_event_in": 2.0, "runoff_coefficient": 0.9, "vertical_accuracy": "LiDAR stores 1 cm Z precision; absolute vertical accuracy is not 1 cm." } }, "geometry": { "type": "LineString", "coordinates": [ [ -71.103014, 42.385982 ], [ -71.102948, 42.385958 ], [ -71.102914, 42.385946 ] ] } },
{ "type": "Feature", "properties": { "segment_id": "IA02205", "client_seg": "38359a4743707dfe5b7326c92934c144", "street": "Laurel Street", "pci": 80.0, "has_lidar": false, "ponding_depth_in": 0.0, "catchment_sqft": 0.0, "low_point_dist_m": 81.7, "nearest_drain_m": 115.0, "complaints_nearby": 0, "curb_risk": 50.3, "topo_pts": 21.7, "pavement_pts": 8.6, "basin_pts": 20.0, "complaint_pts": 0.0, "risk_band": "Moderate", "recommended_action": "inspect", "hydraulic_assumptions": { "model": "Simplified surface ponding model; no pipe-network hydraulics.", "rain_event_in": 2.0, "runoff_coefficient": 0.9, "vertical_accuracy": "LiDAR stores 1 cm Z precision; absolute vertical accuracy is not 1 cm." } }, "geometry": { "type": "LineString", "coordinates": [ [ -71.103706, 42.385461 ], [ -71.103759, 42.385388 ] ] } },
{ "type": "Feature", "properties": { "segment_id": "IA02199", "client_seg": "6b2c095b8ddcc2d0e66a226d3a5dafd7", "street": "Summer Street", "pci": 94.3, "has_lidar": false, "ponding_depth_in": 0.0, "catchment_sqft": 0.0, "low_point_dist_m": 67.8, "nearest_drain_m": 94.9, "complaints_nearby": 0, "curb_risk": 44.2, "topo_pts": 21.7, "pavement_pts": 2.5, "basin_pts": 20.0, "complaint_pts": 0.0, "risk_band": "Moderate", "recommended_action": "inspect", "hydraulic_assumptions": { "model": "Simplified surface ponding model; no pipe-network hydraulics.", "rain_event_in": 2.0, "runoff_coefficient": 0.9, "vertical_accuracy": "LiDAR stores 1 cm Z precision; absolute vertical accuracy is not 1 cm." } }, "geometry": { "type": "LineString", "coordinates": [ [ -71.103453, 42.385464 ], [ -71.103352, 42.385429 ] ] } },
{ "type": "Feature", "properties": { "segment_id": "IA02198", "client_seg": "6b2c095b8ddcc2d0e66a226d3a5dafd7", "street": "Summer Street", "pci": 86.0, "has_lidar": false, "ponding_depth_in": 0.0, "catchment_sqft": 0.0, "low_point_dist_m": 68.7, "nearest_drain_m": 97.2, "complaints_nearby": 0, "curb_risk": 47.7, "topo_pts": 21.7, "pavement_pts": 6.0, "basin_pts": 20.0, "complaint_pts": 0.0, "risk_band": "Moderate", "recommended_action": "inspect", "hydraulic_assumptions": { "model": "Simplified surface ponding model; no pipe-network hydraulics.", "rain_event_in": 2.0, "runoff_coefficient": 0.9, "vertical_accuracy": "LiDAR stores 1 cm Z precision; absolute vertical accuracy is not 1 cm." } }, "geometry": { "type": "LineString", "coordinates": [ [ -71.103553, 42.385499 ], [ -71.103453, 42.385464 ] ] } },
{ "type": "Feature", "properties": { "segment_id": "IA02204", "client_seg": "38359a4743707dfe5b7326c92934c144", "street": "Laurel Street", "pci": 84.3, "has_lidar": false, "ponding_depth_in": 0.0, "catchment_sqft": 0.0, "low_point_dist_m": 72.5, "nearest_drain_m": 106.4, "complaints_nearby": 0, "curb_risk": 48.5, "topo_pts": 21.7, "pavement_pts": 6.7, "basin_pts": 20.0, "complaint_pts": 0.0, "risk_band": "Moderate", "recommended_action": "inspect", "hydraulic_assumptions": { "model": "Simplified surface ponding model; no pipe-network hydraulics.", "rain_event_in": 2.0, "runoff_coefficient": 0.9, "vertical_accuracy": "LiDAR stores 1 cm Z precision; absolute vertical accuracy is not 1 cm." } }, "geometry": { "type": "LineString", "coordinates": [ [ -71.103654, 42.385534 ], [ -71.1037, 42.385469 ], [ -71.103706, 42.385461 ] ] } },
{ "type": "Feature", "properties": { "segment_id": "IA02197", "client_seg": "6b2c095b8ddcc2d0e66a226d3a5dafd7", "street": "Summer Street", "pci": 85.5, "has_lidar": false, "ponding_depth_in": 0.0, "catchment_sqft": 0.0, "low_point_dist_m": 67.9, "nearest_drain_m": 100.3, "complaints_nearby": 0, "curb_risk": 47.9, "topo_pts": 21.7, "pavement_pts": 6.2, "basin_pts": 20.0, "complaint_pts": 0.0, "risk_band": "Moderate", "recommended_action": "inspect", "hydraulic_assumptions": { "model": "Simplified surface ponding model; no pipe-network hydraulics.", "rain_event_in": 2.0, "runoff_coefficient": 0.9, "vertical_accuracy": "LiDAR stores 1 cm Z precision; absolute vertical accuracy is not 1 cm." } }, "geometry": { "type": "LineString", "coordinates": [ [ -71.103654, 42.385534 ], [ -71.103553, 42.385499 ] ] } },
{ "type": "Feature", "properties": { "segment_id": "IA02190", "client_seg": "f1f52c4c8a7e1cd6b671be648adfc11b", "street": "Summer Street", "pci": 88.0, "has_lidar": false, "ponding_depth_in": 0.0, "catchment_sqft": 0.0, "low_point_dist_m": 68.1, "nearest_drain_m": 103.3, "complaints_nearby": 0, "curb_risk": 46.9, "topo_pts": 21.7, "pavement_pts": 5.1, "basin_pts": 20.0, "complaint_pts": 0.0, "risk_band": "Moderate", "recommended_action": "inspect", "hydraulic_assumptions": { "model": "Simplified surface ponding model; no pipe-network hydraulics.", "rain_event_in": 2.0, "runoff_coefficient": 0.9, "vertical_accuracy": "LiDAR stores 1 cm Z precision; absolute vertical accuracy is not 1 cm." } }, "geometry": { "type": "LineString", "coordinates": [ [ -71.103712, 42.385553 ], [ -71.103654, 42.385534 ] ] } },
{ "type": "Feature", "properties": { "segment_id": "IA02189", "client_seg": "f1f52c4c8a7e1cd6b671be648adfc11b", "street": "Summer Street", "pci": 91.0, "has_lidar": false, "ponding_depth_in": 0.0, "catchment_sqft": 0.0, "low_point_dist_m": 69.2, "nearest_drain_m": 106.7, "complaints_nearby": 0, "curb_risk": 45.6, "topo_pts": 21.7, "pavement_pts": 3.9, "basin_pts": 20.0, "complaint_pts": 0.0, "risk_band": "Moderate", "recommended_action": "inspect", "hydraulic_assumptions": { "model": "Simplified surface ponding model; no pipe-network hydraulics.", "rain_event_in": 2.0, "runoff_coefficient": 0.9, "vertical_accuracy": "LiDAR stores 1 cm Z precision; absolute vertical accuracy is not 1 cm." } }, "geometry": { "type": "LineString", "coordinates": [ [ -71.103814, 42.385587 ], [ -71.103712, 42.385553 ] ] } },
{ "type": "Feature", "properties": { "segment_id": "IA02188", "client_seg": "f1f52c4c8a7e1cd6b671be648adfc11b", "street": "Summer Street", "pci": 95.1, "has_lidar": false, "ponding_depth_in": 0.0, "catchment_sqft": 0.0, "low_point_dist_m": 69.0, "nearest_drain_m": 111.6, "complaints_nearby": 0, "curb_risk": 43.8, "topo_pts": 21.7, "pavement_pts": 2.1, "basin_pts": 20.0, "complaint_pts": 0.0, "risk_band": "Moderate", "recommended_action": "inspect", "hydraulic_assumptions": { "model": "Simplified surface ponding model; no pipe-network hydraulics.", "rain_event_in": 2.0, "runoff_coefficient": 0.9, "vertical_accuracy": "LiDAR stores 1 cm Z precision; absolute vertical accuracy is not 1 cm." } }, "geometry": { "type": "LineString", "coordinates": [ [ -71.103915, 42.385621 ], [ -71.103814, 42.385587 ] ] } },
{ "type": "Feature", "properties": { "segment_id": "IA11159", "client_seg": "dcf2db5324e53079531555888fdd10f2", "street": "Avon Street", "pci": 93.0, "has_lidar": true, "ponding_depth_in": 2.76, "catchment_sqft": 2226.0, "low_point_dist_m": 8.8, "nearest_drain_m": 32.6, "complaints_nearby": 0, "curb_risk": 32.2, "topo_pts": 16.2, "pavement_pts": 3.0, "basin_pts": 13.0, "complaint_pts": 0.0, "risk_band": "Low", "recommended_action": "monitor", "hydraulic_assumptions": { "model": "Simplified surface ponding model; no pipe-network hydraulics.", "rain_event_in": 2.0, "runoff_coefficient": 0.9, "vertical_accuracy": "LiDAR stores 1 cm Z precision; absolute vertical accuracy is not 1 cm." } }, "geometry": { "type": "LineString", "coordinates": [ [ -71.103113, 42.386018 ], [ -71.103014, 42.385982 ] ] } },
{ "type": "Feature", "properties": { "segment_id": "IA11158", "client_seg": "dcf2db5324e53079531555888fdd10f2", "street": "Avon Street", "pci": 97.2, "has_lidar": true, "ponding_depth_in": 1.81, "catchment_sqft": 2226.0, "low_point_dist_m": 10.2, "nearest_drain_m": 38.8, "complaints_nearby": 0, "curb_risk": 28.5, "topo_pts": 11.8, "pavement_pts": 1.2, "basin_pts": 15.5, "complaint_pts": 0.0, "risk_band": "Low", "recommended_action": "monitor", "hydraulic_assumptions": { "model": "Simplified surface ponding model; no pipe-network hydraulics.", "rain_event_in": 2.0, "runoff_coefficient": 0.9, "vertical_accuracy": "LiDAR stores 1 cm Z precision; absolute vertical accuracy is not 1 cm." } }, "geometry": { "type": "LineString", "coordinates": [ [ -71.103213, 42.386054 ], [ -71.103113, 42.386018 ] ] } },
{ "type": "Feature", "properties": { "segment_id": "IA02184", "client_seg": "f1f52c4c8a7e1cd6b671be648adfc11b", "street": "Summer Street", "pci": 86.8, "has_lidar": false, "ponding_depth_in": 0.0, "catchment_sqft": 0.0, "low_point_dist_m": 69.5, "nearest_drain_m": 134.1, "complaints_nearby": 0, "curb_risk": 47.4, "topo_pts": 21.7, "pavement_pts": 5.7, "basin_pts": 20.0, "complaint_pts": 0.0, "risk_band": "Moderate", "recommended_action": "inspect", "hydraulic_assumptions": { "model": "Simplified surface ponding model; no pipe-network hydraulics.", "rain_event_in": 2.0, "runoff_coefficient": 0.9, "vertical_accuracy": "LiDAR stores 1 cm Z precision; absolute vertical accuracy is not 1 cm." } }, "geometry": { "type": "LineString", "coordinates": [ [ -71.104275123791325, 42.385743229806771 ], [ -71.104218, 42.385724 ] ] } },
{ "type": "Feature", "properties": { "segment_id": "IA11150", "client_seg": "dcf2db5324e53079531555888fdd10f2", "street": "Avon Street", "pci": 95.4, "has_lidar": true, "ponding_depth_in": 1.36, "catchment_sqft": 4822.0, "low_point_dist_m": 8.8, "nearest_drain_m": 105.4, "complaints_nearby": 0, "curb_risk": 35.6, "topo_pts": 13.6, "pavement_pts": 2.0, "basin_pts": 20.0, "complaint_pts": 0.0, "risk_band": "Low", "recommended_action": "monitor", "hydraulic_assumptions": { "model": "Simplified surface ponding model; no pipe-network hydraulics.", "rain_event_in": 2.0, "runoff_coefficient": 0.9, "vertical_accuracy": "LiDAR stores 1 cm Z precision; absolute vertical accuracy is not 1 cm." } }, "geometry": { "type": "LineString", "coordinates": [ [ -71.104009, 42.386346 ], [ -71.103911, 42.386309 ] ] } },
{ "type": "Feature", "properties": { "segment_id": "IA11149", "client_seg": "dcf2db5324e53079531555888fdd10f2", "street": "Avon Street", "pci": 92.0, "has_lidar": false, "ponding_depth_in": 1.36, "catchment_sqft": 4822.0, "low_point_dist_m": 17.9, "nearest_drain_m": 114.2, "complaints_nearby": 0, "curb_risk": 46.5, "topo_pts": 23.1, "pavement_pts": 3.4, "basin_pts": 20.0, "complaint_pts": 0.0, "risk_band": "Moderate", "recommended_action": "inspect", "hydraulic_assumptions": { "model": "Simplified surface ponding model; no pipe-network hydraulics.", "rain_event_in": 2.0, "runoff_coefficient": 0.9, "vertical_accuracy": "LiDAR stores 1 cm Z precision; absolute vertical accuracy is not 1 cm." } }, "geometry": { "type": "LineString", "coordinates": [ [ -71.104108, 42.386384 ], [ -71.104009, 42.386346 ] ] } },
{ "type": "Feature", "properties": { "segment_id": "IA11148", "client_seg": "dcf2db5324e53079531555888fdd10f2", "street": "Avon Street", "pci": 98.4, "has_lidar": false, "ponding_depth_in": 1.36, "catchment_sqft": 4822.0, "low_point_dist_m": 27.1, "nearest_drain_m": 123.1, "complaints_nearby": 0, "curb_risk": 43.8, "topo_pts": 23.1, "pavement_pts": 0.7, "basin_pts": 20.0, "complaint_pts": 0.0, "risk_band": "Moderate", "recommended_action": "inspect", "hydraulic_assumptions": { "model": "Simplified surface ponding model; no pipe-network hydraulics.", "rain_event_in": 2.0, "runoff_coefficient": 0.9, "vertical_accuracy": "LiDAR stores 1 cm Z precision; absolute vertical accuracy is not 1 cm." } }, "geometry": { "type": "LineString", "coordinates": [ [ -71.104207, 42.386421 ], [ -71.104108, 42.386384 ] ] } },
{ "type": "Feature", "properties": { "segment_id": "IA11147", "client_seg": "dcf2db5324e53079531555888fdd10f2", "street": "Avon Street", "pci": 89.0, "has_lidar": false, "ponding_depth_in": 1.36, "catchment_sqft": 4822.0, "low_point_dist_m": 35.9, "nearest_drain_m": 131.7, "complaints_nearby": 0, "curb_risk": 47.8, "topo_pts": 23.1, "pavement_pts": 4.7, "basin_pts": 20.0, "complaint_pts": 0.0, "risk_band": "Moderate", "recommended_action": "inspect", "hydraulic_assumptions": { "model": "Simplified surface ponding model; no pipe-network hydraulics.", "rain_event_in": 2.0, "runoff_coefficient": 0.9, "vertical_accuracy": "LiDAR stores 1 cm Z precision; absolute vertical accuracy is not 1 cm." } }, "geometry": { "type": "LineString", "coordinates": [ [ -71.104298948749047, 42.386456293463631 ], [ -71.104207, 42.386421 ] ] } },
{ "type": "Feature", "properties": { "segment_id": "IA11157", "client_seg": "dcf2db5324e53079531555888fdd10f2", "street": "Avon Street", "pci": 95.9, "has_lidar": true, "ponding_depth_in": 1.81, "catchment_sqft": 2226.0, "low_point_dist_m": 1.0, "nearest_drain_m": 46.1, "complaints_nearby": 0, "curb_risk": 32.0, "topo_pts": 11.8, "pavement_pts": 1.8, "basin_pts": 18.4, "complaint_pts": 0.0, "risk_band": "Low", "recommended_action": "monitor", "hydraulic_assumptions": { "model": "Simplified surface ponding model; no pipe-network hydraulics.", "rain_event_in": 2.0, "runoff_coefficient": 0.9, "vertical_accuracy": "LiDAR stores 1 cm Z precision; absolute vertical accuracy is not 1 cm." } }, "geometry": { "type": "LineString", "coordinates": [ [ -71.103313, 42.386091 ], [ -71.103213, 42.386054 ] ] } },
{ "type": "Feature", "properties": { "segment_id": "IA11156", "client_seg": "dcf2db5324e53079531555888fdd10f2", "street": "Avon Street", "pci": 93.0, "has_lidar": true, "ponding_depth_in": 1.81, "catchment_sqft": 2226.0, "low_point_dist_m": 8.2, "nearest_drain_m": 53.9, "complaints_nearby": 0, "curb_risk": 34.8, "topo_pts": 11.8, "pavement_pts": 3.0, "basin_pts": 20.0, "complaint_pts": 0.0, "risk_band": "Low", "recommended_action": "monitor", "hydraulic_assumptions": { "model": "Simplified surface ponding model; no pipe-network hydraulics.", "rain_event_in": 2.0, "runoff_coefficient": 0.9, "vertical_accuracy": "LiDAR stores 1 cm Z precision; absolute vertical accuracy is not 1 cm." } }, "geometry": { "type": "LineString", "coordinates": [ [ -71.103412, 42.386127 ], [ -71.103313, 42.386091 ] ] } },
{ "type": "Feature", "properties": { "segment_id": "IA11155", "client_seg": "dcf2db5324e53079531555888fdd10f2", "street": "Avon Street", "pci": 94.0, "has_lidar": true, "ponding_depth_in": 2.07, "catchment_sqft": 2226.0, "low_point_dist_m": 10.8, "nearest_drain_m": 62.1, "complaints_nearby": 0, "curb_risk": 35.6, "topo_pts": 13.0, "pavement_pts": 2.6, "basin_pts": 20.0, "complaint_pts": 0.0, "risk_band": "Low", "recommended_action": "monitor", "hydraulic_assumptions": { "model": "Simplified surface ponding model; no pipe-network hydraulics.", "rain_event_in": 2.0, "runoff_coefficient": 0.9, "vertical_accuracy": "LiDAR stores 1 cm Z precision; absolute vertical accuracy is not 1 cm." } }, "geometry": { "type": "LineString", "coordinates": [ [ -71.103512, 42.386163 ], [ -71.103412, 42.386127 ] ] } },
{ "type": "Feature", "properties": { "segment_id": "IA11154", "client_seg": "dcf2db5324e53079531555888fdd10f2", "street": "Avon Street", "pci": 95.1, "has_lidar": true, "ponding_depth_in": 2.07, "catchment_sqft": 2226.0, "low_point_dist_m": 1.7, "nearest_drain_m": 70.5, "complaints_nearby": 0, "curb_risk": 35.1, "topo_pts": 13.0, "pavement_pts": 2.1, "basin_pts": 20.0, "complaint_pts": 0.0, "risk_band": "Low", "recommended_action": "monitor", "hydraulic_assumptions": { "model": "Simplified surface ponding model; no pipe-network hydraulics.", "rain_event_in": 2.0, "runoff_coefficient": 0.9, "vertical_accuracy": "LiDAR stores 1 cm Z precision; absolute vertical accuracy is not 1 cm." } }, "geometry": { "type": "LineString", "coordinates": [ [ -71.103612, 42.3862 ], [ -71.103512, 42.386163 ] ] } },
{ "type": "Feature", "properties": { "segment_id": "IA11153", "client_seg": "dcf2db5324e53079531555888fdd10f2", "street": "Avon Street", "pci": 96.2, "has_lidar": true, "ponding_depth_in": 2.07, "catchment_sqft": 2226.0, "low_point_dist_m": 7.5, "nearest_drain_m": 79.1, "complaints_nearby": 0, "curb_risk": 34.6, "topo_pts": 13.0, "pavement_pts": 1.6, "basin_pts": 20.0, "complaint_pts": 0.0, "risk_band": "Low", "recommended_action": "monitor", "hydraulic_assumptions": { "model": "Simplified surface ponding model; no pipe-network hydraulics.", "rain_event_in": 2.0, "runoff_coefficient": 0.9, "vertical_accuracy": "LiDAR stores 1 cm Z precision; absolute vertical accuracy is not 1 cm." } }, "geometry": { "type": "LineString", "coordinates": [ [ -71.103711, 42.386236 ], [ -71.103612, 42.3862 ] ] } },
{ "type": "Feature", "properties": { "segment_id": "IA11152", "client_seg": "dcf2db5324e53079531555888fdd10f2", "street": "Avon Street", "pci": 96.0, "has_lidar": true, "ponding_depth_in": 1.36, "catchment_sqft": 4822.0, "low_point_dist_m": 9.5, "nearest_drain_m": 87.8, "complaints_nearby": 0, "curb_risk": 35.3, "topo_pts": 13.6, "pavement_pts": 1.7, "basin_pts": 20.0, "complaint_pts": 0.0, "risk_band": "Low", "recommended_action": "monitor", "hydraulic_assumptions": { "model": "Simplified surface ponding model; no pipe-network hydraulics.", "rain_event_in": 2.0, "runoff_coefficient": 0.9, "vertical_accuracy": "LiDAR stores 1 cm Z precision; absolute vertical accuracy is not 1 cm." } }, "geometry": { "type": "LineString", "coordinates": [ [ -71.103811, 42.386272 ], [ -71.103711, 42.386236 ] ] } },
{ "type": "Feature", "properties": { "segment_id": "IA11151", "client_seg": "dcf2db5324e53079531555888fdd10f2", "street": "Avon Street", "pci": 92.0, "has_lidar": true, "ponding_depth_in": 1.36, "catchment_sqft": 4822.0, "low_point_dist_m": 0.3, "nearest_drain_m": 96.6, "complaints_nearby": 0, "curb_risk": 37.0, "topo_pts": 13.6, "pavement_pts": 3.4, "basin_pts": 20.0, "complaint_pts": 0.0, "risk_band": "Low", "recommended_action": "monitor", "hydraulic_assumptions": { "model": "Simplified surface ponding model; no pipe-network hydraulics.", "rain_event_in": 2.0, "runoff_coefficient": 0.9, "vertical_accuracy": "LiDAR stores 1 cm Z precision; absolute vertical accuracy is not 1 cm." } }, "geometry": { "type": "LineString", "coordinates": [ [ -71.103911, 42.386309 ], [ -71.103904, 42.386306 ], [ -71.103811, 42.386272 ] ] } },
{ "type": "Feature", "properties": { "segment_id": "IA18694", "client_seg": "2698db1d0f0dbbc156e0d22299b665c8", "street": "Berkeley Street", "pci": 94.2, "has_lidar": false, "ponding_depth_in": 0.0, "catchment_sqft": 0.0, "low_point_dist_m": 72.5, "nearest_drain_m": 78.1, "complaints_nearby": 0, "curb_risk": 44.2, "topo_pts": 21.7, "pavement_pts": 2.5, "basin_pts": 20.0, "complaint_pts": 0.0, "risk_band": "Moderate", "recommended_action": "inspect", "hydraulic_assumptions": { "model": "Simplified surface ponding model; no pipe-network hydraulics.", "rain_event_in": 2.0, "runoff_coefficient": 0.9, "vertical_accuracy": "LiDAR stores 1 cm Z precision; absolute vertical accuracy is not 1 cm." } }, "geometry": { "type": "LineString", "coordinates": [ [ -71.103092, 42.386737 ], [ -71.103193, 42.386772 ] ] } },
{ "type": "Feature", "properties": { "segment_id": "IA18695", "client_seg": "2698db1d0f0dbbc156e0d22299b665c8", "street": "Berkeley Street", "pci": 95.1, "has_lidar": false, "ponding_depth_in": 0.0, "catchment_sqft": 0.0, "low_point_dist_m": 72.3, "nearest_drain_m": 82.0, "complaints_nearby": 0, "curb_risk": 43.9, "topo_pts": 21.7, "pavement_pts": 2.1, "basin_pts": 20.0, "complaint_pts": 0.0, "risk_band": "Moderate", "recommended_action": "inspect", "hydraulic_assumptions": { "model": "Simplified surface ponding model; no pipe-network hydraulics.", "rain_event_in": 2.0, "runoff_coefficient": 0.9, "vertical_accuracy": "LiDAR stores 1 cm Z precision; absolute vertical accuracy is not 1 cm." } }, "geometry": { "type": "LineString", "coordinates": [ [ -71.103193, 42.386772 ], [ -71.103198933397238, 42.386774056131323 ] ] } },
{ "type": "Feature", "properties": { "segment_id": "IA18685", "client_seg": "2698db1d0f0dbbc156e0d22299b665c8", "street": "Berkeley Street", "pci": 80.0, "has_lidar": false, "ponding_depth_in": 0.0, "catchment_sqft": 0.0, "low_point_dist_m": 73.0, "nearest_drain_m": 51.7, "complaints_nearby": 0, "curb_risk": 50.3, "topo_pts": 21.7, "pavement_pts": 8.6, "basin_pts": 20.0, "complaint_pts": 0.0, "risk_band": "Moderate", "recommended_action": "inspect", "hydraulic_assumptions": { "model": "Simplified surface ponding model; no pipe-network hydraulics.", "rain_event_in": 2.0, "runoff_coefficient": 0.9, "vertical_accuracy": "LiDAR stores 1 cm Z precision; absolute vertical accuracy is not 1 cm." } }, "geometry": { "type": "LineString", "coordinates": [ [ -71.102189, 42.386421 ], [ -71.102289, 42.386456 ] ] } },
{ "type": "Feature", "properties": { "segment_id": "IA18686", "client_seg": "2698db1d0f0dbbc156e0d22299b665c8", "street": "Berkeley Street", "pci": 92.0, "has_lidar": false, "ponding_depth_in": 0.0, "catchment_sqft": 0.0, "low_point_dist_m": 73.9, "nearest_drain_m": 48.9, "complaints_nearby": 0, "curb_risk": 44.7, "topo_pts": 21.7, "pavement_pts": 3.4, "basin_pts": 19.6, "complaint_pts": 0.0, "risk_band": "Moderate", "recommended_action": "inspect", "hydraulic_assumptions": { "model": "Simplified surface ponding model; no pipe-network hydraulics.", "rain_event_in": 2.0, "runoff_coefficient": 0.9, "vertical_accuracy": "LiDAR stores 1 cm Z precision; absolute vertical accuracy is not 1 cm." } }, "geometry": { "type": "LineString", "coordinates": [ [ -71.102289, 42.386456 ], [ -71.102389, 42.386491 ] ] } },
{ "type": "Feature", "properties": { "segment_id": "IA18687", "client_seg": "2698db1d0f0dbbc156e0d22299b665c8", "street": "Berkeley Street", "pci": 84.0, "has_lidar": false, "ponding_depth_in": 0.0, "catchment_sqft": 0.0, "low_point_dist_m": 74.4, "nearest_drain_m": 47.7, "complaints_nearby": 0, "curb_risk": 47.7, "topo_pts": 21.7, "pavement_pts": 6.9, "basin_pts": 19.1, "complaint_pts": 0.0, "risk_band": "Moderate", "recommended_action": "inspect", "hydraulic_assumptions": { "model": "Simplified surface ponding model; no pipe-network hydraulics.", "rain_event_in": 2.0, "runoff_coefficient": 0.9, "vertical_accuracy": "LiDAR stores 1 cm Z precision; absolute vertical accuracy is not 1 cm." } }, "geometry": { "type": "LineString", "coordinates": [ [ -71.102389, 42.386491 ], [ -71.10249, 42.386527 ] ] } },
{ "type": "Feature", "properties": { "segment_id": "IA18688", "client_seg": "2698db1d0f0dbbc156e0d22299b665c8", "street": "Berkeley Street", "pci": 80.8, "has_lidar": false, "ponding_depth_in": 0.0, "catchment_sqft": 0.0, "low_point_dist_m": 73.4, "nearest_drain_m": 48.2, "complaints_nearby": 0, "curb_risk": 49.2, "topo_pts": 21.7, "pavement_pts": 8.2, "basin_pts": 19.3, "complaint_pts": 0.0, "risk_band": "Moderate", "recommended_action": "inspect", "hydraulic_assumptions": { "model": "Simplified surface ponding model; no pipe-network hydraulics.", "rain_event_in": 2.0, "runoff_coefficient": 0.9, "vertical_accuracy": "LiDAR stores 1 cm Z precision; absolute vertical accuracy is not 1 cm." } }, "geometry": { "type": "LineString", "coordinates": [ [ -71.10249, 42.386527 ], [ -71.10259, 42.386562 ] ] } },
{ "type": "Feature", "properties": { "segment_id": "IA18689", "client_seg": "2698db1d0f0dbbc156e0d22299b665c8", "street": "Berkeley Street", "pci": 92.0, "has_lidar": false, "ponding_depth_in": 0.0, "catchment_sqft": 0.0, "low_point_dist_m": 73.4, "nearest_drain_m": 50.4, "complaints_nearby": 0, "curb_risk": 45.2, "topo_pts": 21.7, "pavement_pts": 3.4, "basin_pts": 20.0, "complaint_pts": 0.0, "risk_band": "Moderate", "recommended_action": "inspect", "hydraulic_assumptions": { "model": "Simplified surface ponding model; no pipe-network hydraulics.", "rain_event_in": 2.0, "runoff_coefficient": 0.9, "vertical_accuracy": "LiDAR stores 1 cm Z precision; absolute vertical accuracy is not 1 cm." } }, "geometry": { "type": "LineString", "coordinates": [ [ -71.10259, 42.386562 ], [ -71.102691, 42.386597 ] ] } },
{ "type": "Feature", "properties": { "segment_id": "IA18690", "client_seg": "2698db1d0f0dbbc156e0d22299b665c8", "street": "Berkeley Street", "pci": 73.0, "has_lidar": false, "ponding_depth_in": 0.0, "catchment_sqft": 0.0, "low_point_dist_m": 74.1, "nearest_drain_m": 54.0, "complaints_nearby": 0, "curb_risk": 53.3, "topo_pts": 21.7, "pavement_pts": 11.6, "basin_pts": 20.0, "complaint_pts": 0.0, "risk_band": "Moderate", "recommended_action": "inspect", "hydraulic_assumptions": { "model": "Simplified surface ponding model; no pipe-network hydraulics.", "rain_event_in": 2.0, "runoff_coefficient": 0.9, "vertical_accuracy": "LiDAR stores 1 cm Z precision; absolute vertical accuracy is not 1 cm." } }, "geometry": { "type": "LineString", "coordinates": [ [ -71.102691, 42.386597 ], [ -71.102791, 42.386632 ] ] } },
{ "type": "Feature", "properties": { "segment_id": "IA18691", "client_seg": "2698db1d0f0dbbc156e0d22299b665c8", "street": "Berkeley Street", "pci": 94.9, "has_lidar": false, "ponding_depth_in": 0.0, "catchment_sqft": 0.0, "low_point_dist_m": 72.9, "nearest_drain_m": 58.8, "complaints_nearby": 0, "curb_risk": 43.9, "topo_pts": 21.7, "pavement_pts": 2.2, "basin_pts": 20.0, "complaint_pts": 0.0, "risk_band": "Moderate", "recommended_action": "inspect", "hydraulic_assumptions": { "model": "Simplified surface ponding model; no pipe-network hydraulics.", "rain_event_in": 2.0, "runoff_coefficient": 0.9, "vertical_accuracy": "LiDAR stores 1 cm Z precision; absolute vertical accuracy is not 1 cm." } }, "geometry": { "type": "LineString", "coordinates": [ [ -71.102791, 42.386632 ], [ -71.102891, 42.386667 ] ] } },
{ "type": "Feature", "properties": { "segment_id": "IA18692", "client_seg": "2698db1d0f0dbbc156e0d22299b665c8", "street": "Berkeley Street", "pci": 94.9, "has_lidar": false, "ponding_depth_in": 0.0, "catchment_sqft": 0.0, "low_point_dist_m": 72.9, "nearest_drain_m": 64.7, "complaints_nearby": 0, "curb_risk": 43.9, "topo_pts": 21.7, "pavement_pts": 2.2, "basin_pts": 20.0, "complaint_pts": 0.0, "risk_band": "Moderate", "recommended_action": "inspect", "hydraulic_assumptions": { "model": "Simplified surface ponding model; no pipe-network hydraulics.", "rain_event_in": 2.0, "runoff_coefficient": 0.9, "vertical_accuracy": "LiDAR stores 1 cm Z precision; absolute vertical accuracy is not 1 cm." } }, "geometry": { "type": "LineString", "coordinates": [ [ -71.102891, 42.386667 ], [ -71.102992, 42.386703 ] ] } },
{ "type": "Feature", "properties": { "segment_id": "IA18693", "client_seg": "2698db1d0f0dbbc156e0d22299b665c8", "street": "Berkeley Street", "pci": 95.1, "has_lidar": false, "ponding_depth_in": 0.0, "catchment_sqft": 0.0, "low_point_dist_m": 73.8, "nearest_drain_m": 71.2, "complaints_nearby": 0, "curb_risk": 43.9, "topo_pts": 21.7, "pavement_pts": 2.1, "basin_pts": 20.0, "complaint_pts": 0.0, "risk_band": "Moderate", "recommended_action": "inspect", "hydraulic_assumptions": { "model": "Simplified surface ponding model; no pipe-network hydraulics.", "rain_event_in": 2.0, "runoff_coefficient": 0.9, "vertical_accuracy": "LiDAR stores 1 cm Z precision; absolute vertical accuracy is not 1 cm." } }, "geometry": { "type": "LineString", "coordinates": [ [ -71.102992, 42.386703 ], [ -71.103007, 42.386708 ], [ -71.103092, 42.386737 ] ] } },
{ "type": "Feature", "properties": { "segment_id": "IA17219", "client_seg": "8e3b15c10efa7419ed4c5b86fff60d6e", "street": "Berkeley Street", "pci": 81.0, "has_lidar": false, "ponding_depth_in": 0.0, "catchment_sqft": 0.0, "low_point_dist_m": 74.9, "nearest_drain_m": 136.1, "complaints_nearby": 0, "curb_risk": 49.9, "topo_pts": 21.7, "pavement_pts": 8.1, "basin_pts": 20.0, "complaint_pts": 0.0, "risk_band": "Moderate", "recommended_action": "inspect", "hydraulic_assumptions": { "model": "Simplified surface ponding model; no pipe-network hydraulics.", "rain_event_in": 2.0, "runoff_coefficient": 0.9, "vertical_accuracy": "LiDAR stores 1 cm Z precision; absolute vertical accuracy is not 1 cm." } }, "geometry": { "type": "LineString", "coordinates": [ [ -71.099928, 42.385624 ], [ -71.100029, 42.385659 ] ] } },
{ "type": "Feature", "properties": { "segment_id": "IA17220", "client_seg": "8e3b15c10efa7419ed4c5b86fff60d6e", "street": "Berkeley Street", "pci": 84.0, "has_lidar": false, "ponding_depth_in": 0.0, "catchment_sqft": 0.0, "low_point_dist_m": 75.8, "nearest_drain_m": 134.9, "complaints_nearby": 0, "curb_risk": 48.6, "topo_pts": 21.7, "pavement_pts": 6.9, "basin_pts": 20.0, "complaint_pts": 0.0, "risk_band": "Moderate", "recommended_action": "inspect", "hydraulic_assumptions": { "model": "Simplified surface ponding model; no pipe-network hydraulics.", "rain_event_in": 2.0, "runoff_coefficient": 0.9, "vertical_accuracy": "LiDAR stores 1 cm Z precision; absolute vertical accuracy is not 1 cm." } }, "geometry": { "type": "LineString", "coordinates": [ [ -71.100029, 42.385659 ], [ -71.100129, 42.385694 ] ] } },
{ "type": "Feature", "properties": { "segment_id": "IA17221", "client_seg": "8e3b15c10efa7419ed4c5b86fff60d6e", "street": "Berkeley Street", "pci": 92.0, "has_lidar": false, "ponding_depth_in": 0.0, "catchment_sqft": 0.0, "low_point_dist_m": 77.8, "nearest_drain_m": 134.4, "complaints_nearby": 0, "curb_risk": 45.2, "topo_pts": 21.7, "pavement_pts": 3.4, "basin_pts": 20.0, "complaint_pts": 0.0, "risk_band": "Moderate", "recommended_action": "inspect", "hydraulic_assumptions": { "model": "Simplified surface ponding model; no pipe-network hydraulics.", "rain_event_in": 2.0, "runoff_coefficient": 0.9, "vertical_accuracy": "LiDAR stores 1 cm Z precision; absolute vertical accuracy is not 1 cm." } }, "geometry": { "type": "LineString", "coordinates": [ [ -71.100129, 42.385694 ], [ -71.10023, 42.385729 ] ] } },
{ "type": "Feature", "properties": { "segment_id": "IA17222", "client_seg": "8e3b15c10efa7419ed4c5b86fff60d6e", "street": "Berkeley Street", "pci": 78.0, "has_lidar": false, "ponding_depth_in": 0.0, "catchment_sqft": 0.0, "low_point_dist_m": 80.8, "nearest_drain_m": 134.5, "complaints_nearby": 0, "curb_risk": 51.2, "topo_pts": 21.7, "pavement_pts": 9.4, "basin_pts": 20.0, "complaint_pts": 0.0, "risk_band": "Moderate", "recommended_action": "inspect", "hydraulic_assumptions": { "model": "Simplified surface ponding model; no pipe-network hydraulics.", "rain_event_in": 2.0, "runoff_coefficient": 0.9, "vertical_accuracy": "LiDAR stores 1 cm Z precision; absolute vertical accuracy is not 1 cm." } }, "geometry": { "type": "LineString", "coordinates": [ [ -71.10023, 42.385729 ], [ -71.10033, 42.385764 ] ] } },
{ "type": "Feature", "properties": { "segment_id": "IA16980", "client_seg": "958134d0669a32cbeaeb0582a30e0ea8", "street": "Oxford Street", "pci": 82.8, "has_lidar": false, "ponding_depth_in": 0.0, "catchment_sqft": 0.0, "low_point_dist_m": 153.9, "nearest_drain_m": 214.4, "complaints_nearby": 0, "curb_risk": 49.1, "topo_pts": 21.7, "pavement_pts": 7.4, "basin_pts": 20.0, "complaint_pts": 0.0, "risk_band": "Moderate", "recommended_action": "inspect", "hydraulic_assumptions": { "model": "Simplified surface ponding model; no pipe-network hydraulics.", "rain_event_in": 2.0, "runoff_coefficient": 0.9, "vertical_accuracy": "LiDAR stores 1 cm Z precision; absolute vertical accuracy is not 1 cm." } }, "geometry": { "type": "LineString", "coordinates": [ [ -71.099567389582148, 42.386284715316627 ], [ -71.099592, 42.386293 ] ] } },
{ "type": "Feature", "properties": { "segment_id": "IA16981", "client_seg": "958134d0669a32cbeaeb0582a30e0ea8", "street": "Oxford Street", "pci": 93.0, "has_lidar": false, "ponding_depth_in": 0.0, "catchment_sqft": 0.0, "low_point_dist_m": 154.1, "nearest_drain_m": 213.8, "complaints_nearby": 0, "curb_risk": 44.7, "topo_pts": 21.7, "pavement_pts": 3.0, "basin_pts": 20.0, "complaint_pts": 0.0, "risk_band": "Moderate", "recommended_action": "inspect", "hydraulic_assumptions": { "model": "Simplified surface ponding model; no pipe-network hydraulics.", "rain_event_in": 2.0, "runoff_coefficient": 0.9, "vertical_accuracy": "LiDAR stores 1 cm Z precision; absolute vertical accuracy is not 1 cm." } }, "geometry": { "type": "LineString", "coordinates": [ [ -71.099592, 42.386293 ], [ -71.099694, 42.386327 ] ] } },
{ "type": "Feature", "properties": { "segment_id": "IA16982", "client_seg": "958134d0669a32cbeaeb0582a30e0ea8", "street": "Oxford Street", "pci": 82.0, "has_lidar": false, "ponding_depth_in": 0.0, "catchment_sqft": 0.0, "low_point_dist_m": 154.8, "nearest_drain_m": 213.3, "complaints_nearby": 0, "curb_risk": 49.4, "topo_pts": 21.7, "pavement_pts": 7.7, "basin_pts": 20.0, "complaint_pts": 0.0, "risk_band": "Moderate", "recommended_action": "inspect", "hydraulic_assumptions": { "model": "Simplified surface ponding model; no pipe-network hydraulics.", "rain_event_in": 2.0, "runoff_coefficient": 0.9, "vertical_accuracy": "LiDAR stores 1 cm Z precision; absolute vertical accuracy is not 1 cm." } }, "geometry": { "type": "LineString", "coordinates": [ [ -71.099694, 42.386327 ], [ -71.099795, 42.386361 ] ] } },
{ "type": "Feature", "properties": { "segment_id": "IA17235", "client_seg": "8e3b15c10efa7419ed4c5b86fff60d6e", "street": "Berkeley Street", "pci": 86.0, "has_lidar": false, "ponding_depth_in": 0.0, "catchment_sqft": 0.0, "low_point_dist_m": 85.4, "nearest_drain_m": 93.1, "complaints_nearby": 0, "curb_risk": 47.7, "topo_pts": 21.7, "pavement_pts": 6.0, "basin_pts": 20.0, "complaint_pts": 0.0, "risk_band": "Moderate", "recommended_action": "inspect", "hydraulic_assumptions": { "model": "Simplified surface ponding model; no pipe-network hydraulics.", "rain_event_in": 2.0, "runoff_coefficient": 0.9, "vertical_accuracy": "LiDAR stores 1 cm Z precision; absolute vertical accuracy is not 1 cm." } }, "geometry": { "type": "LineString", "coordinates": [ [ -71.101533, 42.386189 ], [ -71.101633, 42.386225 ] ] } },
{ "type": "Feature", "properties": { "segment_id": "IA17236", "client_seg": "8e3b15c10efa7419ed4c5b86fff60d6e", "street": "Berkeley Street", "pci": 93.0, "has_lidar": false, "ponding_depth_in": 0.0, "catchment_sqft": 0.0, "low_point_dist_m": 87.4, "nearest_drain_m": 85.4, "complaints_nearby": 0, "curb_risk": 44.7, "topo_pts": 21.7, "pavement_pts": 3.0, "basin_pts": 20.0, "complaint_pts": 0.0, "risk_band": "Moderate", "recommended_action": "inspect", "hydraulic_assumptions": { "model": "Simplified surface ponding model; no pipe-network hydraulics.", "rain_event_in": 2.0, "runoff_coefficient": 0.9, "vertical_accuracy": "LiDAR stores 1 cm Z precision; absolute vertical accuracy is not 1 cm." } }, "geometry": { "type": "LineString", "coordinates": [ [ -71.101633, 42.386225 ], [ -71.101733, 42.38626 ] ] } },
{ "type": "Feature", "properties": { "segment_id": "IA17237", "client_seg": "8e3b15c10efa7419ed4c5b86fff60d6e", "street": "Berkeley Street", "pci": 92.0, "has_lidar": false, "ponding_depth_in": 0.0, "catchment_sqft": 0.0, "low_point_dist_m": 82.7, "nearest_drain_m": 77.9, "complaints_nearby": 0, "curb_risk": 45.2, "topo_pts": 21.7, "pavement_pts": 3.4, "basin_pts": 20.0, "complaint_pts": 0.0, "risk_band": "Moderate", "recommended_action": "inspect", "hydraulic_assumptions": { "model": "Simplified surface ponding model; no pipe-network hydraulics.", "rain_event_in": 2.0, "runoff_coefficient": 0.9, "vertical_accuracy": "LiDAR stores 1 cm Z precision; absolute vertical accuracy is not 1 cm." } }, "geometry": { "type": "LineString", "coordinates": [ [ -71.101733, 42.38626 ], [ -71.101834, 42.386296 ] ] } },
{ "type": "Feature", "properties": { "segment_id": "IA17238", "client_seg": "8e3b15c10efa7419ed4c5b86fff60d6e", "street": "Berkeley Street", "pci": 95.8, "has_lidar": false, "ponding_depth_in": 0.0, "catchment_sqft": 0.0, "low_point_dist_m": 78.8, "nearest_drain_m": 70.9, "complaints_nearby": 0, "curb_risk": 43.5, "topo_pts": 21.7, "pavement_pts": 1.8, "basin_pts": 20.0, "complaint_pts": 0.0, "risk_band": "Moderate", "recommended_action": "inspect", "hydraulic_assumptions": { "model": "Simplified surface ponding model; no pipe-network hydraulics.", "rain_event_in": 2.0, "runoff_coefficient": 0.9, "vertical_accuracy": "LiDAR stores 1 cm Z precision; absolute vertical accuracy is not 1 cm." } }, "geometry": { "type": "LineString", "coordinates": [ [ -71.101834, 42.386296 ], [ -71.101934, 42.386331 ] ] } },
{ "type": "Feature", "properties": { "segment_id": "IA17239", "client_seg": "8e3b15c10efa7419ed4c5b86fff60d6e", "street": "Berkeley Street", "pci": 95.1, "has_lidar": false, "ponding_depth_in": 0.0, "catchment_sqft": 0.0, "low_point_dist_m": 76.5, "nearest_drain_m": 65.9, "complaints_nearby": 0, "curb_risk": 43.9, "topo_pts": 21.7, "pavement_pts": 2.1, "basin_pts": 20.0, "complaint_pts": 0.0, "risk_band": "Moderate", "recommended_action": "inspect", "hydraulic_assumptions": { "model": "Simplified surface ponding model; no pipe-network hydraulics.", "rain_event_in": 2.0, "runoff_coefficient": 0.9, "vertical_accuracy": "LiDAR stores 1 cm Z precision; absolute vertical accuracy is not 1 cm." } }, "geometry": { "type": "LineString", "coordinates": [ [ -71.101934, 42.386331 ], [ -71.101988, 42.386351 ] ] } },
{ "type": "Feature", "properties": { "segment_id": "IA18683", "client_seg": "2698db1d0f0dbbc156e0d22299b665c8", "street": "Berkeley Street", "pci": 77.0, "has_lidar": false, "ponding_depth_in": 0.0, "catchment_sqft": 0.0, "low_point_dist_m": 74.7, "nearest_drain_m": 61.3, "complaints_nearby": 0, "curb_risk": 51.6, "topo_pts": 21.7, "pavement_pts": 9.9, "basin_pts": 20.0, "complaint_pts": 0.0, "risk_band": "Moderate", "recommended_action": "inspect", "hydraulic_assumptions": { "model": "Simplified surface ponding model; no pipe-network hydraulics.", "rain_event_in": 2.0, "runoff_coefficient": 0.9, "vertical_accuracy": "LiDAR stores 1 cm Z precision; absolute vertical accuracy is not 1 cm." } }, "geometry": { "type": "LineString", "coordinates": [ [ -71.101988, 42.386351 ], [ -71.102088, 42.386386 ] ] } },
{ "type": "Feature", "properties": { "segment_id": "IA18706", "client_seg": "eed4afd3ea22afe898d81bc600b8b1cd", "street": "Hersey Street", "pci": 73.0, "has_lidar": false, "ponding_depth_in": 0.0, "catchment_sqft": 0.0, "low_point_dist_m": 80.3, "nearest_drain_m": 67.8, "complaints_nearby": 0, "curb_risk": 53.3, "topo_pts": 21.7, "pavement_pts": 11.6, "basin_pts": 20.0, "complaint_pts": 0.0, "risk_band": "Moderate", "recommended_action": "inspect", "hydraulic_assumptions": { "model": "Simplified surface ponding model; no pipe-network hydraulics.", "rain_event_in": 2.0, "runoff_coefficient": 0.9, "vertical_accuracy": "LiDAR stores 1 cm Z precision; absolute vertical accuracy is not 1 cm." } }, "geometry": { "type": "LineString", "coordinates": [ [ -71.101988, 42.386351 ], [ -71.101959, 42.386394 ], [ -71.101939, 42.386425 ] ] } },
{ "type": "Feature", "properties": { "segment_id": "IA18684", "client_seg": "2698db1d0f0dbbc156e0d22299b665c8", "street": "Berkeley Street", "pci": 95.7, "has_lidar": false, "ponding_depth_in": 0.0, "catchment_sqft": 0.0, "low_point_dist_m": 73.3, "nearest_drain_m": 56.0, "complaints_nearby": 0, "curb_risk": 43.6, "topo_pts": 21.7, "pavement_pts": 1.8, "basin_pts": 20.0, "complaint_pts": 0.0, "risk_band": "Moderate", "recommended_action": "inspect", "hydraulic_assumptions": { "model": "Simplified surface ponding model; no pipe-network hydraulics.", "rain_event_in": 2.0, "runoff_coefficient": 0.9, "vertical_accuracy": "LiDAR stores 1 cm Z precision; absolute vertical accuracy is not 1 cm." } }, "geometry": { "type": "LineString", "coordinates": [ [ -71.102088, 42.386386 ], [ -71.102189, 42.386421 ] ] } },
{ "type": "Feature", "properties": { "segment_id": "IA18707", "client_seg": "eed4afd3ea22afe898d81bc600b8b1cd", "street": "Hersey Street", "pci": 82.2, "has_lidar": false, "ponding_depth_in": 0.0, "catchment_sqft": 0.0, "low_point_dist_m": 89.1, "nearest_drain_m": 75.1, "complaints_nearby": 0, "curb_risk": 49.4, "topo_pts": 21.7, "pavement_pts": 7.6, "basin_pts": 20.0, "complaint_pts": 0.0, "risk_band": "Moderate", "recommended_action": "inspect", "hydraulic_assumptions": { "model": "Simplified surface ponding model; no pipe-network hydraulics.", "rain_event_in": 2.0, "runoff_coefficient": 0.9, "vertical_accuracy": "LiDAR stores 1 cm Z precision; absolute vertical accuracy is not 1 cm." } }, "geometry": { "type": "LineString", "coordinates": [ [ -71.101939, 42.386425 ], [ -71.10189, 42.386498 ] ] } },
{ "type": "Feature", "properties": { "segment_id": "IA18708", "client_seg": "eed4afd3ea22afe898d81bc600b8b1cd", "street": "Hersey Street", "pci": 77.0, "has_lidar": false, "ponding_depth_in": 0.0, "catchment_sqft": 0.0, "low_point_dist_m": 98.1, "nearest_drain_m": 82.8, "complaints_nearby": 0, "curb_risk": 51.6, "topo_pts": 21.7, "pavement_pts": 9.9, "basin_pts": 20.0, "complaint_pts": 0.0, "risk_band": "Moderate", "recommended_action": "inspect", "hydraulic_assumptions": { "model": "Simplified surface ponding model; no pipe-network hydraulics.", "rain_event_in": 2.0, "runoff_coefficient": 0.9, "vertical_accuracy": "LiDAR stores 1 cm Z precision; absolute vertical accuracy is not 1 cm." } }, "geometry": { "type": "LineString", "coordinates": [ [ -71.10189, 42.386498 ], [ -71.101841, 42.386572 ] ] } },
{ "type": "Feature", "properties": { "segment_id": "IA17231", "client_seg": "8e3b15c10efa7419ed4c5b86fff60d6e", "street": "Berkeley Street", "pci": 85.7, "has_lidar": false, "ponding_depth_in": 0.0, "catchment_sqft": 0.0, "low_point_dist_m": 73.8, "nearest_drain_m": 125.8, "complaints_nearby": 0, "curb_risk": 47.8, "topo_pts": 21.7, "pavement_pts": 6.1, "basin_pts": 20.0, "complaint_pts": 0.0, "risk_band": "Moderate", "recommended_action": "inspect", "hydraulic_assumptions": { "model": "Simplified surface ponding model; no pipe-network hydraulics.", "rain_event_in": 2.0, "runoff_coefficient": 0.9, "vertical_accuracy": "LiDAR stores 1 cm Z precision; absolute vertical accuracy is not 1 cm." } }, "geometry": { "type": "LineString", "coordinates": [ [ -71.101133, 42.386046 ], [ -71.101233, 42.386082 ] ] } },
{ "type": "Feature", "properties": { "segment_id": "IA17232", "client_seg": "8e3b15c10efa7419ed4c5b86fff60d6e", "street": "Berkeley Street", "pci": 97.5, "has_lidar": false, "ponding_depth_in": 0.0, "catchment_sqft": 0.0, "low_point_dist_m": 75.3, "nearest_drain_m": 117.4, "complaints_nearby": 0, "curb_risk": 42.8, "topo_pts": 21.7, "pavement_pts": 1.1, "basin_pts": 20.0, "complaint_pts": 0.0, "risk_band": "Moderate", "recommended_action": "inspect", "hydraulic_assumptions": { "model": "Simplified surface ponding model; no pipe-network hydraulics.", "rain_event_in": 2.0, "runoff_coefficient": 0.9, "vertical_accuracy": "LiDAR stores 1 cm Z precision; absolute vertical accuracy is not 1 cm." } }, "geometry": { "type": "LineString", "coordinates": [ [ -71.101233, 42.386082 ], [ -71.101333, 42.386118 ] ] } },
{ "type": "Feature", "properties": { "segment_id": "IA16988", "client_seg": "958134d0669a32cbeaeb0582a30e0ea8", "street": "Oxford Street", "pci": 69.2, "has_lidar": false, "ponding_depth_in": 0.0, "catchment_sqft": 0.0, "low_point_dist_m": 155.0, "nearest_drain_m": 199.7, "complaints_nearby": 0, "curb_risk": 54.9, "topo_pts": 21.7, "pavement_pts": 13.2, "basin_pts": 20.0, "complaint_pts": 0.0, "risk_band": "Moderate", "recommended_action": "inspect", "hydraulic_assumptions": { "model": "Simplified surface ponding model; no pipe-network hydraulics.", "rain_event_in": 2.0, "runoff_coefficient": 0.9, "vertical_accuracy": "LiDAR stores 1 cm Z precision; absolute vertical accuracy is not 1 cm." } }, "geometry": { "type": "LineString", "coordinates": [ [ -71.100301, 42.38653 ], [ -71.1004, 42.386567 ] ] } },
{ "type": "Feature", "properties": { "segment_id": "IA16989", "client_seg": "958134d0669a32cbeaeb0582a30e0ea8", "street": "Oxford Street", "pci": 90.0, "has_lidar": false, "ponding_depth_in": 0.0, "catchment_sqft": 0.0, "low_point_dist_m": 153.5, "nearest_drain_m": 192.8, "complaints_nearby": 0, "curb_risk": 46.0, "topo_pts": 21.7, "pavement_pts": 4.3, "basin_pts": 20.0, "complaint_pts": 0.0, "risk_band": "Moderate", "recommended_action": "inspect", "hydraulic_assumptions": { "model": "Simplified surface ponding model; no pipe-network hydraulics.", "rain_event_in": 2.0, "runoff_coefficient": 0.9, "vertical_accuracy": "LiDAR stores 1 cm Z precision; absolute vertical accuracy is not 1 cm." } }, "geometry": { "type": "LineString", "coordinates": [ [ -71.1004, 42.386567 ], [ -71.1005, 42.386603 ] ] } },
{ "type": "Feature", "properties": { "segment_id": "IA16990", "client_seg": "958134d0669a32cbeaeb0582a30e0ea8", "street": "Oxford Street", "pci": 95.1, "has_lidar": false, "ponding_depth_in": 0.0, "catchment_sqft": 0.0, "low_point_dist_m": 152.4, "nearest_drain_m": 186.0, "complaints_nearby": 0, "curb_risk": 43.9, "topo_pts": 21.7, "pavement_pts": 2.1, "basin_pts": 20.0, "complaint_pts": 0.0, "risk_band": "Moderate", "recommended_action": "inspect", "hydraulic_assumptions": { "model": "Simplified surface ponding model; no pipe-network hydraulics.", "rain_event_in": 2.0, "runoff_coefficient": 0.9, "vertical_accuracy": "LiDAR stores 1 cm Z precision; absolute vertical accuracy is not 1 cm." } }, "geometry": { "type": "LineString", "coordinates": [ [ -71.1005, 42.386603 ], [ -71.1006, 42.386639 ] ] } },
{ "type": "Feature", "properties": { "segment_id": "IA16991", "client_seg": "958134d0669a32cbeaeb0582a30e0ea8", "street": "Oxford Street", "pci": 95.1, "has_lidar": false, "ponding_depth_in": 0.0, "catchment_sqft": 0.0, "low_point_dist_m": 152.0, "nearest_drain_m": 179.4, "complaints_nearby": 0, "curb_risk": 43.9, "topo_pts": 21.7, "pavement_pts": 2.1, "basin_pts": 20.0, "complaint_pts": 0.0, "risk_band": "Moderate", "recommended_action": "inspect", "hydraulic_assumptions": { "model": "Simplified surface ponding model; no pipe-network hydraulics.", "rain_event_in": 2.0, "runoff_coefficient": 0.9, "vertical_accuracy": "LiDAR stores 1 cm Z precision; absolute vertical accuracy is not 1 cm." } }, "geometry": { "type": "LineString", "coordinates": [ [ -71.1006, 42.386639 ], [ -71.100699, 42.386676 ] ] } },
{ "type": "Feature", "properties": { "segment_id": "IA16992", "client_seg": "958134d0669a32cbeaeb0582a30e0ea8", "street": "Oxford Street", "pci": 95.0, "has_lidar": false, "ponding_depth_in": 0.0, "catchment_sqft": 0.0, "low_point_dist_m": 152.2, "nearest_drain_m": 173.1, "complaints_nearby": 0, "curb_risk": 43.9, "topo_pts": 21.7, "pavement_pts": 2.1, "basin_pts": 20.0, "complaint_pts": 0.0, "risk_band": "Moderate", "recommended_action": "inspect", "hydraulic_assumptions": { "model": "Simplified surface ponding model; no pipe-network hydraulics.", "rain_event_in": 2.0, "runoff_coefficient": 0.9, "vertical_accuracy": "LiDAR stores 1 cm Z precision; absolute vertical accuracy is not 1 cm." } }, "geometry": { "type": "LineString", "coordinates": [ [ -71.100699, 42.386676 ], [ -71.100799, 42.386712 ] ] } },
{ "type": "Feature", "properties": { "segment_id": "IA16993", "client_seg": "958134d0669a32cbeaeb0582a30e0ea8", "street": "Oxford Street", "pci": 99.8, "has_lidar": false, "ponding_depth_in": 0.0, "catchment_sqft": 0.0, "low_point_dist_m": 152.8, "nearest_drain_m": 167.1, "complaints_nearby": 0, "curb_risk": 41.8, "topo_pts": 21.7, "pavement_pts": 0.1, "basin_pts": 20.0, "complaint_pts": 0.0, "risk_band": "Moderate", "recommended_action": "inspect", "hydraulic_assumptions": { "model": "Simplified surface ponding model; no pipe-network hydraulics.", "rain_event_in": 2.0, "runoff_coefficient": 0.9, "vertical_accuracy": "LiDAR stores 1 cm Z precision; absolute vertical accuracy is not 1 cm." } }, "geometry": { "type": "LineString", "coordinates": [ [ -71.100799, 42.386712 ], [ -71.100898, 42.386749 ] ] } },
{ "type": "Feature", "properties": { "segment_id": "IA16994", "client_seg": "958134d0669a32cbeaeb0582a30e0ea8", "street": "Oxford Street", "pci": 93.0, "has_lidar": false, "ponding_depth_in": 0.0, "catchment_sqft": 0.0, "low_point_dist_m": 154.0, "nearest_drain_m": 161.4, "complaints_nearby": 0, "curb_risk": 44.7, "topo_pts": 21.7, "pavement_pts": 3.0, "basin_pts": 20.0, "complaint_pts": 0.0, "risk_band": "Moderate", "recommended_action": "inspect", "hydraulic_assumptions": { "model": "Simplified surface ponding model; no pipe-network hydraulics.", "rain_event_in": 2.0, "runoff_coefficient": 0.9, "vertical_accuracy": "LiDAR stores 1 cm Z precision; absolute vertical accuracy is not 1 cm." } }, "geometry": { "type": "LineString", "coordinates": [ [ -71.100898, 42.386749 ], [ -71.100998, 42.386785 ] ] } },
{ "type": "Feature", "properties": { "segment_id": "IA16995", "client_seg": "958134d0669a32cbeaeb0582a30e0ea8", "street": "Oxford Street", "pci": 95.1, "has_lidar": false, "ponding_depth_in": 0.0, "catchment_sqft": 0.0, "low_point_dist_m": 155.5, "nearest_drain_m": 156.5, "complaints_nearby": 0, "curb_risk": 43.9, "topo_pts": 21.7, "pavement_pts": 2.1, "basin_pts": 20.0, "complaint_pts": 0.0, "risk_band": "Moderate", "recommended_action": "inspect", "hydraulic_assumptions": { "model": "Simplified surface ponding model; no pipe-network hydraulics.", "rain_event_in": 2.0, "runoff_coefficient": 0.9, "vertical_accuracy": "LiDAR stores 1 cm Z precision; absolute vertical accuracy is not 1 cm." } }, "geometry": { "type": "LineString", "coordinates": [ [ -71.100998, 42.386785 ], [ -71.101075785287449, 42.386813002714717 ] ] } },
{ "type": "Feature", "properties": { "segment_id": "IA16983", "client_seg": "958134d0669a32cbeaeb0582a30e0ea8", "street": "Oxford Street", "pci": 94.9, "has_lidar": false, "ponding_depth_in": 0.0, "catchment_sqft": 0.0, "low_point_dist_m": 156.0, "nearest_drain_m": 213.1, "complaints_nearby": 0, "curb_risk": 43.9, "topo_pts": 21.7, "pavement_pts": 2.2, "basin_pts": 20.0, "complaint_pts": 0.0, "risk_band": "Moderate", "recommended_action": "inspect", "hydraulic_assumptions": { "model": "Simplified surface ponding model; no pipe-network hydraulics.", "rain_event_in": 2.0, "runoff_coefficient": 0.9, "vertical_accuracy": "LiDAR stores 1 cm Z precision; absolute vertical accuracy is not 1 cm." } }, "geometry": { "type": "LineString", "coordinates": [ [ -71.099795, 42.386361 ], [ -71.099896, 42.386395 ] ] } },
{ "type": "Feature", "properties": { "segment_id": "IA16984", "client_seg": "958134d0669a32cbeaeb0582a30e0ea8", "street": "Oxford Street", "pci": 93.0, "has_lidar": false, "ponding_depth_in": 0.0, "catchment_sqft": 0.0, "low_point_dist_m": 157.8, "nearest_drain_m": 213.3, "complaints_nearby": 0, "curb_risk": 44.7, "topo_pts": 21.7, "pavement_pts": 3.0, "basin_pts": 20.0, "complaint_pts": 0.0, "risk_band": "Moderate", "recommended_action": "inspect", "hydraulic_assumptions": { "model": "Simplified surface ponding model; no pipe-network hydraulics.", "rain_event_in": 2.0, "runoff_coefficient": 0.9, "vertical_accuracy": "LiDAR stores 1 cm Z precision; absolute vertical accuracy is not 1 cm." } }, "geometry": { "type": "LineString", "coordinates": [ [ -71.099896, 42.386395 ], [ -71.099997, 42.386428 ] ] } },
{ "type": "Feature", "properties": { "segment_id": "IA16985", "client_seg": "958134d0669a32cbeaeb0582a30e0ea8", "street": "Oxford Street", "pci": 95.0, "has_lidar": false, "ponding_depth_in": 0.0, "catchment_sqft": 0.0, "low_point_dist_m": 160.0, "nearest_drain_m": 213.8, "complaints_nearby": 0, "curb_risk": 43.9, "topo_pts": 21.7, "pavement_pts": 2.1, "basin_pts": 20.0, "complaint_pts": 0.0, "risk_band": "Moderate", "recommended_action": "inspect", "hydraulic_assumptions": { "model": "Simplified surface ponding model; no pipe-network hydraulics.", "rain_event_in": 2.0, "runoff_coefficient": 0.9, "vertical_accuracy": "LiDAR stores 1 cm Z precision; absolute vertical accuracy is not 1 cm." } }, "geometry": { "type": "LineString", "coordinates": [ [ -71.099997, 42.386428 ], [ -71.100099, 42.386462 ] ] } },
{ "type": "Feature", "properties": { "segment_id": "IA16986", "client_seg": "958134d0669a32cbeaeb0582a30e0ea8", "street": "Oxford Street", "pci": 100.0, "has_lidar": false, "ponding_depth_in": 0.0, "catchment_sqft": 0.0, "low_point_dist_m": 159.9, "nearest_drain_m": 214.3, "complaints_nearby": 0, "curb_risk": 41.7, "topo_pts": 21.7, "pavement_pts": 0.0, "basin_pts": 20.0, "complaint_pts": 0.0, "risk_band": "Moderate", "recommended_action": "inspect", "hydraulic_assumptions": { "model": "Simplified surface ponding model; no pipe-network hydraulics.", "rain_event_in": 2.0, "runoff_coefficient": 0.9, "vertical_accuracy": "LiDAR stores 1 cm Z precision; absolute vertical accuracy is not 1 cm." } }, "geometry": { "type": "LineString", "coordinates": [ [ -71.100099, 42.386462 ], [ -71.1002, 42.386496 ] ] } },
{ "type": "Feature", "properties": { "segment_id": "IA16987", "client_seg": "958134d0669a32cbeaeb0582a30e0ea8", "street": "Oxford Street", "pci": 84.0, "has_lidar": false, "ponding_depth_in": 0.0, "catchment_sqft": 0.0, "low_point_dist_m": 157.1, "nearest_drain_m": 206.8, "complaints_nearby": 0, "curb_risk": 48.6, "topo_pts": 21.7, "pavement_pts": 6.9, "basin_pts": 20.0, "complaint_pts": 0.0, "risk_band": "Moderate", "recommended_action": "inspect", "hydraulic_assumptions": { "model": "Simplified surface ponding model; no pipe-network hydraulics.", "rain_event_in": 2.0, "runoff_coefficient": 0.9, "vertical_accuracy": "LiDAR stores 1 cm Z precision; absolute vertical accuracy is not 1 cm." } }, "geometry": { "type": "LineString", "coordinates": [ [ -71.1002, 42.386496 ], [ -71.100281, 42.386523 ], [ -71.100301, 42.38653 ] ] } },
{ "type": "Feature", "properties": { "segment_id": "IA18709", "client_seg": "eed4afd3ea22afe898d81bc600b8b1cd", "street": "Hersey Street", "pci": 72.0, "has_lidar": false, "ponding_depth_in": 0.0, "catchment_sqft": 0.0, "low_point_dist_m": 107.1, "nearest_drain_m": 90.8, "complaints_nearby": 0, "curb_risk": 53.7, "topo_pts": 21.7, "pavement_pts": 12.0, "basin_pts": 20.0, "complaint_pts": 0.0, "risk_band": "Moderate", "recommended_action": "inspect", "hydraulic_assumptions": { "model": "Simplified surface ponding model; no pipe-network hydraulics.", "rain_event_in": 2.0, "runoff_coefficient": 0.9, "vertical_accuracy": "LiDAR stores 1 cm Z precision; absolute vertical accuracy is not 1 cm." } }, "geometry": { "type": "LineString", "coordinates": [ [ -71.101841, 42.386572 ], [ -71.101792, 42.386646 ] ] } },
{ "type": "Feature", "properties": { "segment_id": "IA18710", "client_seg": "eed4afd3ea22afe898d81bc600b8b1cd", "street": "Hersey Street", "pci": 91.0, "has_lidar": false, "ponding_depth_in": 0.0, "catchment_sqft": 0.0, "low_point_dist_m": 116.1, "nearest_drain_m": 98.9, "complaints_nearby": 0, "curb_risk": 45.6, "topo_pts": 21.7, "pavement_pts": 3.9, "basin_pts": 20.0, "complaint_pts": 0.0, "risk_band": "Moderate", "recommended_action": "inspect", "hydraulic_assumptions": { "model": "Simplified surface ponding model; no pipe-network hydraulics.", "rain_event_in": 2.0, "runoff_coefficient": 0.9, "vertical_accuracy": "LiDAR stores 1 cm Z precision; absolute vertical accuracy is not 1 cm." } }, "geometry": { "type": "LineString", "coordinates": [ [ -71.101792, 42.386646 ], [ -71.101743, 42.38672 ] ] } },
{ "type": "Feature", "properties": { "segment_id": "IA18711", "client_seg": "eed4afd3ea22afe898d81bc600b8b1cd", "street": "Hersey Street", "pci": 72.0, "has_lidar": false, "ponding_depth_in": 0.0, "catchment_sqft": 0.0, "low_point_dist_m": 125.1, "nearest_drain_m": 107.3, "complaints_nearby": 0, "curb_risk": 53.7, "topo_pts": 21.7, "pavement_pts": 12.0, "basin_pts": 20.0, "complaint_pts": 0.0, "risk_band": "Moderate", "recommended_action": "inspect", "hydraulic_assumptions": { "model": "Simplified surface ponding model; no pipe-network hydraulics.", "rain_event_in": 2.0, "runoff_coefficient": 0.9, "vertical_accuracy": "LiDAR stores 1 cm Z precision; absolute vertical accuracy is not 1 cm." } }, "geometry": { "type": "LineString", "coordinates": [ [ -71.101743, 42.38672 ], [ -71.101694, 42.386794 ] ] } },
{ "type": "Feature", "properties": { "segment_id": "IA18712", "client_seg": "eed4afd3ea22afe898d81bc600b8b1cd", "street": "Hersey Street", "pci": 74.0, "has_lidar": false, "ponding_depth_in": 0.0, "catchment_sqft": 0.0, "low_point_dist_m": 130.1, "nearest_drain_m": 112.0, "complaints_nearby": 0, "curb_risk": 52.9, "topo_pts": 21.7, "pavement_pts": 11.1, "basin_pts": 20.0, "complaint_pts": 0.0, "risk_band": "Moderate", "recommended_action": "inspect", "hydraulic_assumptions": { "model": "Simplified surface ponding model; no pipe-network hydraulics.", "rain_event_in": 2.0, "runoff_coefficient": 0.9, "vertical_accuracy": "LiDAR stores 1 cm Z precision; absolute vertical accuracy is not 1 cm." } }, "geometry": { "type": "LineString", "coordinates": [ [ -71.101694, 42.386794 ], [ -71.101688861216275, 42.38680176062104 ] ] } }
]
}
