{
"type": "FeatureCollection",
"name": "flood_complaints",
"crs": { "type": "name", "properties": { "name": "urn:ogc:def:crs:OGC:1.3:CRS84" } },
"features": [
{ "type": "Feature", "properties": { "block_code": "250173511012002", "type": "Catch basin complaint", "date": "2026-06-04 11:03:00", "resolution": "block" }, "geometry": { "type": "Point", "coordinates": [ -71.1075317, 42.3890725 ] } },
{ "type": "Feature", "properties": { "block_code": "250173510011001", "type": "Sewer Back-up", "date": "2026-06-03 13:17:00", "resolution": "block" }, "geometry": { "type": "Point", "coordinates": [ -71.1104568, 42.3876846 ] } },
{ "type": "Feature", "properties": { "block_code": "250173512033006", "type": "Flooding Report", "date": "2026-06-01 16:30:00", "resolution": "block" }, "geometry": { "type": "Point", "coordinates": [ -71.0984294, 42.3753805 ] } },
{ "type": "Feature", "properties": { "block_code": "250173503001004", "type": "Sewer Back-up", "date": "2026-06-01 13:10:00", "resolution": "block" }, "geometry": { "type": "Point", "coordinates": [ -71.1043659, 42.3947051 ] } },
{ "type": "Feature", "properties": { "block_code": "250173514042001", "type": "Catch basin complaint", "date": "2026-05-30 13:23:00", "resolution": "block" }, "geometry": { "type": "Point", "coordinates": [ -71.0900922, 42.386191 ] } },
{ "type": "Feature", "properties": { "block_code": "250173512042003", "type": "Sewer Back-up", "date": "2026-05-29 09:51:00", "resolution": "block" }, "geometry": { "type": "Point", "coordinates": [ -71.1017138, 42.380963 ] } },
{ "type": "Feature", "properties": { "block_code": "250173511012005", "type": "Catch basin complaint", "date": "2026-05-28 08:37:00", "resolution": "block" }, "geometry": { "type": "Point", "coordinates": [ -71.1095484, 42.3899789 ] } },
{ "type": "Feature", "properties": { "block_code": "250173515003002", "type": "Catch basin complaint", "date": "2026-05-26 09:01:00", "resolution": "block" }, "geometry": { "type": "Point", "coordinates": [ -71.0915698, 42.3788108 ] } },
{ "type": "Feature", "properties": { "block_code": "250173502021004", "type": "Catch basin complaint", "date": "2026-05-25 11:27:00", "resolution": "block" }, "geometry": { "type": "Point", "coordinates": [ -71.1014186, 42.3929903 ] } },
{ "type": "Feature", "properties": { "block_code": "250173512032001", "type": "Catch basin complaint", "date": "2026-05-24 18:05:00", "resolution": "block" }, "geometry": { "type": "Point", "coordinates": [ -71.0994009, 42.3782847 ] } },
{ "type": "Feature", "properties": { "block_code": "250173502012000", "type": "Catch basin complaint", "date": "2026-05-22 13:18:00", "resolution": "block" }, "geometry": { "type": "Point", "coordinates": [ -71.0935752, 42.3900248 ] } },
{ "type": "Feature", "properties": { "block_code": "250173502012000", "type": "Catch basin complaint", "date": "2026-05-22 13:17:00", "resolution": "block" }, "geometry": { "type": "Point", "coordinates": [ -71.0935752, 42.3900248 ] } },
{ "type": "Feature", "properties": { "block_code": "250173511013005", "type": "Lost item in catch basin", "date": "2026-05-19 10:05:00", "resolution": "block" }, "geometry": { "type": "Point", "coordinates": [ -71.1000614, 42.3877727 ] } },
{ "type": "Feature", "properties": { "block_code": "250173513002003", "type": "Sewer ", "date": "2026-05-18 09:26:00", "resolution": "block" }, "geometry": { "type": "Point", "coordinates": [ -71.0939679, 42.3840196 ] } },
{ "type": "Feature", "properties": { "block_code": "250173513002003", "type": "Sewer ", "date": "2026-05-18 09:14:00", "resolution": "block" }, "geometry": { "type": "Point", "coordinates": [ -71.0939679, 42.3840196 ] } },
{ "type": "Feature", "properties": { "block_code": "250173514042001", "type": "Flooding Report", "date": "2026-05-14 17:59:00", "resolution": "block" }, "geometry": { "type": "Point", "coordinates": [ -71.0900922, 42.386191 ] } },
{ "type": "Feature", "properties": { "block_code": "250173512041001", "type": "Catch basin complaint", "date": "2026-05-14 16:15:00", "resolution": "block" }, "geometry": { "type": "Point", "coordinates": [ -71.1043838, 42.3834455 ] } },
{ "type": "Feature", "properties": { "block_code": "250173512042006", "type": "Flooding Report", "date": "2026-05-12 08:37:00", "resolution": "block" }, "geometry": { "type": "Point", "coordinates": [ -71.0992856, 42.3821032 ] } },
{ "type": "Feature", "properties": { "block_code": "250173513001005", "type": "Catch basin complaint", "date": "2026-05-10 12:10:00", "resolution": "block" }, "geometry": { "type": "Point", "coordinates": [ -71.0956896, 42.3847083 ] } },
{ "type": "Feature", "properties": { "block_code": "250173502022005", "type": "Flooding Report", "date": "2026-05-09 18:52:00", "resolution": "block" }, "geometry": { "type": "Point", "coordinates": [ -71.0984323, 42.3915241 ] } },
{ "type": "Feature", "properties": { "block_code": "250173512042009", "type": "Catch basin complaint", "date": "2026-05-06 16:09:00", "resolution": "block" }, "geometry": { "type": "Point", "coordinates": [ -71.101582, 42.3798805 ] } },
{ "type": "Feature", "properties": { "block_code": "250173513002008", "type": "Sewer Back-up", "date": "2026-05-05 21:26:00", "resolution": "block" }, "geometry": { "type": "Point", "coordinates": [ -71.0958397, 42.3816833 ] } },
{ "type": "Feature", "properties": { "block_code": "250173502023001", "type": "Catch Basin Cleaning", "date": "2026-05-05 14:21:00", "resolution": "block" }, "geometry": { "type": "Point", "coordinates": [ -71.0972757, 42.3931967 ] } },
{ "type": "Feature", "properties": { "block_code": "250173502023001", "type": "Catch Basin Cleaning", "date": "2026-05-05 14:11:00", "resolution": "block" }, "geometry": { "type": "Point", "coordinates": [ -71.0972757, 42.3931967 ] } },
{ "type": "Feature", "properties": { "block_code": "250173513003005", "type": "Sewer Back-up", "date": "2026-05-05 10:40:00", "resolution": "block" }, "geometry": { "type": "Point", "coordinates": [ -71.0946106, 42.3802947 ] } },
{ "type": "Feature", "properties": { "block_code": "250173511013001", "type": "Sewer ", "date": "2026-05-04 08:13:00", "resolution": "block" }, "geometry": { "type": "Point", "coordinates": [ -71.1005431, 42.3892516 ] } },
{ "type": "Feature", "properties": { "block_code": "250173513002004", "type": "Catch basin complaint", "date": "2026-04-30 15:27:00", "resolution": "block" }, "geometry": { "type": "Point", "coordinates": [ -71.0926164, 42.383458 ] } },
{ "type": "Feature", "properties": { "block_code": "250173503003013", "type": "Sewer ", "date": "2026-04-28 09:07:00", "resolution": "block" }, "geometry": { "type": "Point", "coordinates": [ -71.105195, 42.395002 ] } },
{ "type": "Feature", "properties": { "block_code": "250173502022004", "type": "Sewer Back-up", "date": "2026-04-24 08:13:00", "resolution": "block" }, "geometry": { "type": "Point", "coordinates": [ -71.0996038, 42.3905379 ] } },
{ "type": "Feature", "properties": { "block_code": "250173511011004", "type": "Catch basin complaint", "date": "2026-04-23 10:20:00", "resolution": "block" }, "geometry": { "type": "Point", "coordinates": [ -71.1062867, 42.389935 ] } },
{ "type": "Feature", "properties": { "block_code": "250173511011004", "type": "Sewer Back-up", "date": "2026-04-21 09:53:00", "resolution": "block" }, "geometry": { "type": "Point", "coordinates": [ -71.1062867, 42.389935 ] } },
{ "type": "Feature", "properties": { "block_code": "250173511011004", "type": "Sewer ", "date": "2026-04-21 09:48:00", "resolution": "block" }, "geometry": { "type": "Point", "coordinates": [ -71.1062867, 42.389935 ] } },
{ "type": "Feature", "properties": { "block_code": "250173511011004", "type": "Sewer ", "date": "2026-04-21 09:35:00", "resolution": "block" }, "geometry": { "type": "Point", "coordinates": [ -71.1062867, 42.389935 ] } },
{ "type": "Feature", "properties": { "block_code": "250173501082001", "type": "Catch basin complaint", "date": "2026-04-16 10:07:00", "resolution": "block" }, "geometry": { "type": "Point", "coordinates": [ -71.0969224, 42.3952069 ] } },
{ "type": "Feature", "properties": { "block_code": "250173511011004", "type": "Sewer Back-up", "date": "2026-04-14 14:17:00", "resolution": "block" }, "geometry": { "type": "Point", "coordinates": [ -71.1062867, 42.389935 ] } },
{ "type": "Feature", "properties": { "block_code": "250173510021000", "type": "Catch basin complaint", "date": "2026-04-08 14:15:00", "resolution": "block" }, "geometry": { "type": "Point", "coordinates": [ -71.1090339, 42.392605 ] } },
{ "type": "Feature", "properties": { "block_code": "250173512032001", "type": "Catch basin complaint", "date": "2026-04-03 08:59:00", "resolution": "block" }, "geometry": { "type": "Point", "coordinates": [ -71.0994009, 42.3782847 ] } },
{ "type": "Feature", "properties": { "block_code": "250173512032001", "type": "Catch basin complaint", "date": "2026-03-29 18:25:00", "resolution": "block" }, "geometry": { "type": "Point", "coordinates": [ -71.0994009, 42.3782847 ] } },
{ "type": "Feature", "properties": { "block_code": "250173503001006", "type": "Catch basin complaint", "date": "2026-03-25 11:26:00", "resolution": "block" }, "geometry": { "type": "Point", "coordinates": [ -71.1033596, 42.3937359 ] } },
{ "type": "Feature", "properties": { "block_code": "250173512033007", "type": "Sewer Back-up", "date": "2026-03-23 09:36:00", "resolution": "block" }, "geometry": { "type": "Point", "coordinates": [ -71.0973685, 42.3752705 ] } },
{ "type": "Feature", "properties": { "block_code": "250173512031004", "type": "Catch basin complaint", "date": "2026-03-23 08:38:00", "resolution": "block" }, "geometry": { "type": "Point", "coordinates": [ -71.1061954, 42.3776039 ] } },
{ "type": "Feature", "properties": { "block_code": "250173511022000", "type": "Catch basin complaint", "date": "2026-03-23 07:56:00", "resolution": "block" }, "geometry": { "type": "Point", "coordinates": [ -71.1021728, 42.3860443 ] } },
{ "type": "Feature", "properties": { "block_code": "250173512033007", "type": "Sewer Back-up", "date": "2026-03-22 23:03:00", "resolution": "block" }, "geometry": { "type": "Point", "coordinates": [ -71.0973685, 42.3752705 ] } },
{ "type": "Feature", "properties": { "block_code": "250173512042003", "type": "Flooding Report", "date": "2026-03-20 11:05:00", "resolution": "block" }, "geometry": { "type": "Point", "coordinates": [ -71.1017138, 42.380963 ] } },
{ "type": "Feature", "properties": { "block_code": "250173512042003", "type": "Flooding Report", "date": "2026-03-20 10:28:00", "resolution": "block" }, "geometry": { "type": "Point", "coordinates": [ -71.1017138, 42.380963 ] } },
{ "type": "Feature", "properties": { "block_code": "250173510021001", "type": "Catch Basin Repair", "date": "2026-03-16 13:55:00", "resolution": "block" }, "geometry": { "type": "Point", "coordinates": [ -71.1095032, 42.392032 ] } },
{ "type": "Feature", "properties": { "block_code": "250173501091010", "type": "Sewer Back-up", "date": "2026-03-16 12:48:00", "resolution": "block" }, "geometry": { "type": "Point", "coordinates": [ -71.090086, 42.3944272 ] } },
{ "type": "Feature", "properties": { "block_code": "250173501091010", "type": "Sewer ", "date": "2026-03-16 12:38:00", "resolution": "block" }, "geometry": { "type": "Point", "coordinates": [ -71.090086, 42.3944272 ] } },
{ "type": "Feature", "properties": { "block_code": "250173512041002", "type": "Flooding Report", "date": "2026-03-10 13:40:00", "resolution": "block" }, "geometry": { "type": "Point", "coordinates": [ -71.1057348, 42.382007 ] } },
{ "type": "Feature", "properties": { "block_code": "250173510021002", "type": "Flooding Report", "date": "2026-03-08 16:25:00", "resolution": "block" }, "geometry": { "type": "Point", "coordinates": [ -71.1099167, 42.3916073 ] } },
{ "type": "Feature", "properties": { "block_code": "250173510021002", "type": "Flooding Report", "date": "2026-03-08 16:25:00", "resolution": "block" }, "geometry": { "type": "Point", "coordinates": [ -71.1099167, 42.3916073 ] } },
{ "type": "Feature", "properties": { "block_code": "250173503003009", "type": "Flooding Report", "date": "2026-03-08 13:21:00", "resolution": "block" }, "geometry": { "type": "Point", "coordinates": [ -71.1063653, 42.3961797 ] } },
{ "type": "Feature", "properties": { "block_code": "250173512043010", "type": "Sewer Back-up", "date": "2026-03-05 13:27:00", "resolution": "block" }, "geometry": { "type": "Point", "coordinates": [ -71.1061084, 42.3787951 ] } },
{ "type": "Feature", "properties": { "block_code": "250173513001009", "type": "Catch basin complaint", "date": "2026-03-04 14:26:00", "resolution": "block" }, "geometry": { "type": "Point", "coordinates": [ -71.0971393, 42.3823994 ] } },
{ "type": "Feature", "properties": { "block_code": "250173514044002", "type": "Sewer feedback ", "date": "2026-02-27 22:21:00", "resolution": "block" }, "geometry": { "type": "Point", "coordinates": [ -71.0904555, 42.3838461 ] } },
{ "type": "Feature", "properties": { "block_code": "250173503002006", "type": "Catch basin complaint", "date": "2026-02-27 15:03:00", "resolution": "block" }, "geometry": { "type": "Point", "coordinates": [ -71.1099543, 42.3939639 ] } },
{ "type": "Feature", "properties": { "block_code": "250173512042010", "type": "Catch basin complaint", "date": "2026-02-27 13:16:00", "resolution": "block" }, "geometry": { "type": "Point", "coordinates": [ -71.0990962, 42.3805443 ] } },
{ "type": "Feature", "properties": { "block_code": "250173511011004", "type": "Catch basin complaint", "date": "2026-02-26 12:28:00", "resolution": "block" }, "geometry": { "type": "Point", "coordinates": [ -71.1062867, 42.389935 ] } },
{ "type": "Feature", "properties": { "block_code": "250173503002004", "type": "Catch basin complaint", "date": "2026-02-25 09:28:00", "resolution": "block" }, "geometry": { "type": "Point", "coordinates": [ -71.1059804, 42.3940958 ] } },
{ "type": "Feature", "properties": { "block_code": "250173515003000", "type": "Sewer ", "date": "2026-02-18 14:17:00", "resolution": "block" }, "geometry": { "type": "Point", "coordinates": [ -71.0899801, 42.3787224 ] } },
{ "type": "Feature", "properties": { "block_code": "250173512043010", "type": "Catch basin complaint", "date": "2026-02-11 10:31:00", "resolution": "block" }, "geometry": { "type": "Point", "coordinates": [ -71.1061084, 42.3787951 ] } },
{ "type": "Feature", "properties": { "block_code": "250173511013004", "type": "Sewer Back-up", "date": "2026-02-02 22:26:00", "resolution": "block" }, "geometry": { "type": "Point", "coordinates": [ -71.1021478, 42.3888759 ] } },
{ "type": "Feature", "properties": { "block_code": "250173502022007", "type": "Sewer ", "date": "2026-01-31 09:19:00", "resolution": "block" }, "geometry": { "type": "Point", "coordinates": [ -71.0968051, 42.3904946 ] } },
{ "type": "Feature", "properties": { "block_code": "250173513003004", "type": "Catch Basin Cleaning", "date": "2026-01-30 08:56:00", "resolution": "block" }, "geometry": { "type": "Point", "coordinates": [ -71.0933971, 42.3799953 ] } },
{ "type": "Feature", "properties": { "block_code": "250173511021003", "type": "Flooding Report", "date": "2026-01-29 14:45:00", "resolution": "block" }, "geometry": { "type": "Point", "coordinates": [ -71.1066235, 42.3852937 ] } },
{ "type": "Feature", "properties": { "block_code": "250173502023000", "type": "Sewer feedback ", "date": "2026-01-26 16:28:00", "resolution": "block" }, "geometry": { "type": "Point", "coordinates": [ -71.0983533, 42.3944004 ] } },
{ "type": "Feature", "properties": { "block_code": "250173510012009", "type": "Sewer Back-up", "date": "2026-01-23 13:55:00", "resolution": "block" }, "geometry": { "type": "Point", "coordinates": [ -71.1129932, 42.3832829 ] } },
{ "type": "Feature", "properties": { "block_code": "250173510012009", "type": "Sewer Back-up", "date": "2026-01-23 13:52:00", "resolution": "block" }, "geometry": { "type": "Point", "coordinates": [ -71.1129932, 42.3832829 ] } },
{ "type": "Feature", "properties": { "block_code": "250173510012009", "type": "Sewer Back-up", "date": "2026-01-23 13:42:00", "resolution": "block" }, "geometry": { "type": "Point", "coordinates": [ -71.1129932, 42.3832829 ] } },
{ "type": "Feature", "properties": { "block_code": "250173510012009", "type": "Sewer Back-up", "date": "2026-01-23 13:27:00", "resolution": "block" }, "geometry": { "type": "Point", "coordinates": [ -71.1129932, 42.3832829 ] } },
{ "type": "Feature", "properties": { "block_code": "250173510012009", "type": "Sewer Back-up", "date": "2026-01-23 13:25:00", "resolution": "block" }, "geometry": { "type": "Point", "coordinates": [ -71.1129932, 42.3832829 ] } },
{ "type": "Feature", "properties": { "block_code": "250173510012009", "type": "Sewer Back-up", "date": "2026-01-23 13:20:00", "resolution": "block" }, "geometry": { "type": "Point", "coordinates": [ -71.1129932, 42.3832829 ] } },
{ "type": "Feature", "properties": { "block_code": "250173510012009", "type": "Sewer Back-up", "date": "2026-01-23 13:18:00", "resolution": "block" }, "geometry": { "type": "Point", "coordinates": [ -71.1129932, 42.3832829 ] } },
{ "type": "Feature", "properties": { "block_code": "250173502022007", "type": "Catch basin complaint", "date": "2026-01-23 10:41:00", "resolution": "block" }, "geometry": { "type": "Point", "coordinates": [ -71.0968051, 42.3904946 ] } },
{ "type": "Feature", "properties": { "block_code": "250173501091021", "type": "Sewer Back-up", "date": "2026-01-08 08:06:00", "resolution": "block" }, "geometry": { "type": "Point", "coordinates": [ -71.0905632, 42.3920382 ] } },
{ "type": "Feature", "properties": { "block_code": "250173502022002", "type": "Flooding Report", "date": "2026-01-03 15:36:00", "resolution": "block" }, "geometry": { "type": "Point", "coordinates": [ -71.1007275, 42.3915976 ] } },
{ "type": "Feature", "properties": { "block_code": "250173511012003", "type": "Catch basin complaint", "date": "2025-12-30 17:47:00", "resolution": "block" }, "geometry": { "type": "Point", "coordinates": [ -71.1084597, 42.3888331 ] } },
{ "type": "Feature", "properties": { "block_code": "250173511012002", "type": "Catch basin complaint", "date": "2025-12-30 17:43:00", "resolution": "block" }, "geometry": { "type": "Point", "coordinates": [ -71.1075317, 42.3890725 ] } },
{ "type": "Feature", "properties": { "block_code": "250173513001004", "type": "Catch basin complaint", "date": "2025-12-09 09:09:00", "resolution": "block" }, "geometry": { "type": "Point", "coordinates": [ -71.0991661, 42.3853447 ] } },
{ "type": "Feature", "properties": { "block_code": "250173512034001", "type": "Catch basin complaint", "date": "2025-12-08 14:51:00", "resolution": "block" }, "geometry": { "type": "Point", "coordinates": [ -71.1013658, 42.3765447 ] } },
{ "type": "Feature", "properties": { "block_code": "250173504003001", "type": "Flooding Report", "date": "2025-12-02 16:20:00", "resolution": "block" }, "geometry": { "type": "Point", "coordinates": [ -71.1117815, 42.3956926 ] } },
{ "type": "Feature", "properties": { "block_code": "250173510021000", "type": "Catch basin complaint", "date": "2025-11-26 14:30:00", "resolution": "block" }, "geometry": { "type": "Point", "coordinates": [ -71.1090339, 42.392605 ] } },
{ "type": "Feature", "properties": { "block_code": "250173503002007", "type": "Flooding Report", "date": "2025-11-25 17:40:00", "resolution": "block" }, "geometry": { "type": "Point", "coordinates": [ -71.107482, 42.3926002 ] } },
{ "type": "Feature", "properties": { "block_code": "250173511012003", "type": "Flooding Report", "date": "2025-11-18 16:32:00", "resolution": "block" }, "geometry": { "type": "Point", "coordinates": [ -71.1084597, 42.3888331 ] } },
{ "type": "Feature", "properties": { "block_code": "250173511012003", "type": "Flooding Report", "date": "2025-11-18 16:13:00", "resolution": "block" }, "geometry": { "type": "Point", "coordinates": [ -71.1084597, 42.3888331 ] } },
{ "type": "Feature", "properties": { "block_code": "250173512034006", "type": "Sewer Back-up", "date": "2025-11-17 12:34:00", "resolution": "block" }, "geometry": { "type": "Point", "coordinates": [ -71.1032768, 42.3751272 ] } },
{ "type": "Feature", "properties": { "block_code": "250173501091022", "type": "Catch basin complaint", "date": "2025-11-12 14:41:00", "resolution": "block" }, "geometry": { "type": "Point", "coordinates": [ -71.0899097, 42.3915769 ] } },
{ "type": "Feature", "properties": { "block_code": "250173502011006", "type": "Sewer ", "date": "2025-11-10 15:09:00", "resolution": "block" }, "geometry": { "type": "Point", "coordinates": [ -71.0907069, 42.3874171 ] } },
{ "type": "Feature", "properties": { "block_code": "250173510021000", "type": "Catch basin complaint", "date": "2025-11-03 14:15:00", "resolution": "block" }, "geometry": { "type": "Point", "coordinates": [ -71.1090339, 42.392605 ] } },
{ "type": "Feature", "properties": { "block_code": "250173502021000", "type": "Catch Basin Cleaning", "date": "2025-10-30 07:54:00", "resolution": "block" }, "geometry": { "type": "Point", "coordinates": [ -71.1013357, 42.3953671 ] } },
{ "type": "Feature", "properties": { "block_code": "250173510023000", "type": "Catch basin complaint", "date": "2025-10-29 15:33:00", "resolution": "block" }, "geometry": { "type": "Point", "coordinates": [ -71.111919, 42.3907589 ] } },
{ "type": "Feature", "properties": { "block_code": "250173511011004", "type": "Lost item in catch basin", "date": "2025-10-22 13:30:00", "resolution": "block" }, "geometry": { "type": "Point", "coordinates": [ -71.1062867, 42.389935 ] } },
{ "type": "Feature", "properties": { "block_code": "250173510011000", "type": "Catch Basin Cleaning", "date": "2025-10-22 09:17:00", "resolution": "block" }, "geometry": { "type": "Point", "coordinates": [ -71.112265, 42.3871865 ] } },
{ "type": "Feature", "properties": { "block_code": "250173502021005", "type": "Catch basin complaint", "date": "2025-10-22 08:53:00", "resolution": "block" }, "geometry": { "type": "Point", "coordinates": [ -71.1028696, 42.3932904 ] } },
{ "type": "Feature", "properties": { "block_code": "250173502021004", "type": "Catch basin complaint", "date": "2025-10-22 08:46:00", "resolution": "block" }, "geometry": { "type": "Point", "coordinates": [ -71.1014186, 42.3929903 ] } },
{ "type": "Feature", "properties": { "block_code": "250173502021004", "type": "Catch basin complaint", "date": "2025-10-22 08:44:00", "resolution": "block" }, "geometry": { "type": "Point", "coordinates": [ -71.1014186, 42.3929903 ] } },
{ "type": "Feature", "properties": { "block_code": "250173502021005", "type": "Catch basin complaint", "date": "2025-10-22 08:38:00", "resolution": "block" }, "geometry": { "type": "Point", "coordinates": [ -71.1028696, 42.3932904 ] } },
{ "type": "Feature", "properties": { "block_code": "250173510021001", "type": "Catch basin complaint", "date": "2025-10-20 13:43:00", "resolution": "block" }, "geometry": { "type": "Point", "coordinates": [ -71.1095032, 42.392032 ] } },
{ "type": "Feature", "properties": { "block_code": "250173511013008", "type": "Sewer ", "date": "2025-10-20 12:39:00", "resolution": "block" }, "geometry": { "type": "Point", "coordinates": [ -71.1005955, 42.3862421 ] } },
{ "type": "Feature", "properties": { "block_code": "250173511021002", "type": "Catch basin complaint", "date": "2025-10-17 11:36:00", "resolution": "block" }, "geometry": { "type": "Point", "coordinates": [ -71.1093025, 42.3858856 ] } },
{ "type": "Feature", "properties": { "block_code": "250173502012005", "type": "Sewer Back-up", "date": "2025-10-16 11:12:00", "resolution": "block" }, "geometry": { "type": "Point", "coordinates": [ -71.0931525, 42.3889794 ] } },
{ "type": "Feature", "properties": { "block_code": "250173511021002", "type": "Sewer Back-up", "date": "2025-10-15 15:34:00", "resolution": "block" }, "geometry": { "type": "Point", "coordinates": [ -71.1093025, 42.3858856 ] } },
{ "type": "Feature", "properties": { "block_code": "250173511021002", "type": "Sewer Back-up", "date": "2025-10-15 14:30:00", "resolution": "block" }, "geometry": { "type": "Point", "coordinates": [ -71.1093025, 42.3858856 ] } },
{ "type": "Feature", "properties": { "block_code": "250173511012001", "type": "Catch basin complaint", "date": "2025-10-12 08:52:00", "resolution": "block" }, "geometry": { "type": "Point", "coordinates": [ -71.1070298, 42.3880976 ] } },
{ "type": "Feature", "properties": { "block_code": "250173513001009", "type": "Catch basin complaint", "date": "2025-10-11 12:56:00", "resolution": "block" }, "geometry": { "type": "Point", "coordinates": [ -71.0971393, 42.3823994 ] } },
{ "type": "Feature", "properties": { "block_code": "250173510023000", "type": "Catch basin complaint", "date": "2025-10-09 10:04:00", "resolution": "block" }, "geometry": { "type": "Point", "coordinates": [ -71.111919, 42.3907589 ] } },
{ "type": "Feature", "properties": { "block_code": "250173510011000", "type": "Catch basin complaint", "date": "2025-10-09 09:17:00", "resolution": "block" }, "geometry": { "type": "Point", "coordinates": [ -71.112265, 42.3871865 ] } },
{ "type": "Feature", "properties": { "block_code": "250173510023002", "type": "Sewer Back-up", "date": "2025-10-08 17:09:00", "resolution": "block" }, "geometry": { "type": "Point", "coordinates": [ -71.110804, 42.3910112 ] } },
{ "type": "Feature", "properties": { "block_code": "250173512041008", "type": "Flooding Report", "date": "2025-10-08 09:42:00", "resolution": "block" }, "geometry": { "type": "Point", "coordinates": [ -71.1103585, 42.3826723 ] } },
{ "type": "Feature", "properties": { "block_code": "250173511013002", "type": "Flooding Report", "date": "2025-10-08 09:05:00", "resolution": "block" }, "geometry": { "type": "Point", "coordinates": [ -71.0991653, 42.3888429 ] } },
{ "type": "Feature", "properties": { "block_code": "250173511011004", "type": "Catch basin complaint", "date": "2025-10-07 10:51:00", "resolution": "block" }, "geometry": { "type": "Point", "coordinates": [ -71.1062867, 42.389935 ] } },
{ "type": "Feature", "properties": { "block_code": "250173514042004", "type": "Sewer ", "date": "2025-10-06 09:28:00", "resolution": "block" }, "geometry": { "type": "Point", "coordinates": [ -71.092832, 42.3868306 ] } },
{ "type": "Feature", "properties": { "block_code": "250173512041003", "type": "Catch basin complaint", "date": "2025-10-05 16:27:00", "resolution": "block" }, "geometry": { "type": "Point", "coordinates": [ -71.1088113, 42.3831122 ] } },
{ "type": "Feature", "properties": { "block_code": "250173510021003", "type": "Catch basin complaint", "date": "2025-09-25 10:24:00", "resolution": "block" }, "geometry": { "type": "Point", "coordinates": [ -71.1100809, 42.3913531 ] } },
{ "type": "Feature", "properties": { "block_code": "250173510021003", "type": "Catch basin complaint", "date": "2025-09-25 10:22:00", "resolution": "block" }, "geometry": { "type": "Point", "coordinates": [ -71.1100809, 42.3913531 ] } },
{ "type": "Feature", "properties": { "block_code": "250173512042010", "type": "Catch basin complaint", "date": "2025-09-25 10:22:00", "resolution": "block" }, "geometry": { "type": "Point", "coordinates": [ -71.0990962, 42.3805443 ] } },
{ "type": "Feature", "properties": { "block_code": "250173512042011", "type": "Catch basin complaint", "date": "2025-09-24 07:15:00", "resolution": "block" }, "geometry": { "type": "Point", "coordinates": [ -71.0973322, 42.3799025 ] } },
{ "type": "Feature", "properties": { "block_code": "250173512042004", "type": "Catch basin complaint", "date": "2025-09-24 07:13:00", "resolution": "block" }, "geometry": { "type": "Point", "coordinates": [ -71.1004293, 42.3809436 ] } },
{ "type": "Feature", "properties": { "block_code": "250173512042003", "type": "Catch basin complaint", "date": "2025-09-24 07:12:00", "resolution": "block" }, "geometry": { "type": "Point", "coordinates": [ -71.1017138, 42.380963 ] } },
{ "type": "Feature", "properties": { "block_code": "250173512042010", "type": "Catch basin complaint", "date": "2025-09-24 07:11:00", "resolution": "block" }, "geometry": { "type": "Point", "coordinates": [ -71.0990962, 42.3805443 ] } },
{ "type": "Feature", "properties": { "block_code": "250173512042010", "type": "Catch basin complaint", "date": "2025-09-24 07:09:00", "resolution": "block" }, "geometry": { "type": "Point", "coordinates": [ -71.0990962, 42.3805443 ] } },
{ "type": "Feature", "properties": { "block_code": "250173512042010", "type": "Catch basin complaint", "date": "2025-09-24 07:08:00", "resolution": "block" }, "geometry": { "type": "Point", "coordinates": [ -71.0990962, 42.3805443 ] } },
{ "type": "Feature", "properties": { "block_code": "250173512042003", "type": "Catch basin complaint", "date": "2025-09-24 07:05:00", "resolution": "block" }, "geometry": { "type": "Point", "coordinates": [ -71.1017138, 42.380963 ] } },
{ "type": "Feature", "properties": { "block_code": "250173512042002", "type": "Catch basin complaint", "date": "2025-09-22 07:44:00", "resolution": "block" }, "geometry": { "type": "Point", "coordinates": [ -71.102543, 42.3824975 ] } },
{ "type": "Feature", "properties": { "block_code": "250173512042001", "type": "Catch basin complaint", "date": "2025-09-22 07:43:00", "resolution": "block" }, "geometry": { "type": "Point", "coordinates": [ -71.1021611, 42.3830887 ] } },
{ "type": "Feature", "properties": { "block_code": "250173503003012", "type": "Catch basin complaint", "date": "2025-09-22 07:17:00", "resolution": "block" }, "geometry": { "type": "Point", "coordinates": [ -71.1066289, 42.3958097 ] } },
{ "type": "Feature", "properties": { "block_code": "250173512041000", "type": "Catch basin complaint", "date": "2025-09-22 07:10:00", "resolution": "block" }, "geometry": { "type": "Point", "coordinates": [ -71.1034237, 42.3831173 ] } },
{ "type": "Feature", "properties": { "block_code": "250173512041000", "type": "Catch basin complaint", "date": "2025-09-22 07:09:00", "resolution": "block" }, "geometry": { "type": "Point", "coordinates": [ -71.1034237, 42.3831173 ] } },
{ "type": "Feature", "properties": { "block_code": "250173510021001", "type": "Catch basin complaint", "date": "2025-09-21 13:37:00", "resolution": "block" }, "geometry": { "type": "Point", "coordinates": [ -71.1095032, 42.392032 ] } },
{ "type": "Feature", "properties": { "block_code": "250173502022007", "type": "Catch basin complaint", "date": "2025-09-18 14:50:00", "resolution": "block" }, "geometry": { "type": "Point", "coordinates": [ -71.0968051, 42.3904946 ] } },
{ "type": "Feature", "properties": { "block_code": "250173511013003", "type": "Catch basin complaint", "date": "2025-09-16 08:01:00", "resolution": "block" }, "geometry": { "type": "Point", "coordinates": [ -71.0995968, 42.3883952 ] } },
{ "type": "Feature", "properties": { "block_code": "250173511013003", "type": "Catch basin complaint", "date": "2025-09-16 07:59:00", "resolution": "block" }, "geometry": { "type": "Point", "coordinates": [ -71.0995968, 42.3883952 ] } },
{ "type": "Feature", "properties": { "block_code": "250173511013002", "type": "Catch basin complaint", "date": "2025-09-16 07:57:00", "resolution": "block" }, "geometry": { "type": "Point", "coordinates": [ -71.0991653, 42.3888429 ] } },
{ "type": "Feature", "properties": { "block_code": "250173510022004", "type": "Catch basin complaint", "date": "2025-09-16 07:49:00", "resolution": "block" }, "geometry": { "type": "Point", "coordinates": [ -71.1137441, 42.3920109 ] } },
{ "type": "Feature", "properties": { "block_code": "250173510022005", "type": "Catch basin complaint", "date": "2025-09-16 07:48:00", "resolution": "block" }, "geometry": { "type": "Point", "coordinates": [ -71.112974, 42.3920844 ] } },
{ "type": "Feature", "properties": { "block_code": "250173502022001", "type": "Catch basin complaint", "date": "2025-09-16 07:47:00", "resolution": "block" }, "geometry": { "type": "Point", "coordinates": [ -71.0998691, 42.3927389 ] } },
{ "type": "Feature", "properties": { "block_code": "250173502022005", "type": "Catch basin complaint", "date": "2025-09-16 07:46:00", "resolution": "block" }, "geometry": { "type": "Point", "coordinates": [ -71.0984323, 42.3915241 ] } },
{ "type": "Feature", "properties": { "block_code": "250173502022011", "type": "Catch basin complaint", "date": "2025-09-16 07:45:00", "resolution": "block" }, "geometry": { "type": "Point", "coordinates": [ -71.0985189, 42.3897979 ] } },
{ "type": "Feature", "properties": { "block_code": "250173514042003", "type": "Catch basin complaint", "date": "2025-09-16 07:42:00", "resolution": "block" }, "geometry": { "type": "Point", "coordinates": [ -71.0915344, 42.3865707 ] } },
{ "type": "Feature", "properties": { "block_code": "250173503003010", "type": "Catch basin complaint", "date": "2025-09-16 07:40:00", "resolution": "block" }, "geometry": { "type": "Point", "coordinates": [ -71.1074979, 42.3962251 ] } },
{ "type": "Feature", "properties": { "block_code": "250173511013002", "type": "Catch basin complaint", "date": "2025-09-16 07:39:00", "resolution": "block" }, "geometry": { "type": "Point", "coordinates": [ -71.0991653, 42.3888429 ] } },
{ "type": "Feature", "properties": { "block_code": "250173511013002", "type": "Catch basin complaint", "date": "2025-09-16 07:37:00", "resolution": "block" }, "geometry": { "type": "Point", "coordinates": [ -71.0991653, 42.3888429 ] } },
{ "type": "Feature", "properties": { "block_code": "250173510021000", "type": "Sewer ", "date": "2025-09-09 12:34:00", "resolution": "block" }, "geometry": { "type": "Point", "coordinates": [ -71.1090339, 42.392605 ] } },
{ "type": "Feature", "properties": { "block_code": "250173510022004", "type": "Catch basin complaint", "date": "2025-09-07 11:24:00", "resolution": "block" }, "geometry": { "type": "Point", "coordinates": [ -71.1137441, 42.3920109 ] } },
{ "type": "Feature", "properties": { "block_code": "250173501082002", "type": "Flooding Report", "date": "2025-09-07 10:53:00", "resolution": "block" }, "geometry": { "type": "Point", "coordinates": [ -71.0978873, 42.396016 ] } },
{ "type": "Feature", "properties": { "block_code": "250173514042008", "type": "Catch basin complaint", "date": "2025-09-05 07:41:00", "resolution": "block" }, "geometry": { "type": "Point", "coordinates": [ -71.0918012, 42.386044 ] } },
{ "type": "Feature", "properties": { "block_code": "250173514042004", "type": "Catch basin complaint", "date": "2025-09-05 07:38:00", "resolution": "block" }, "geometry": { "type": "Point", "coordinates": [ -71.092832, 42.3868306 ] } },
{ "type": "Feature", "properties": { "block_code": "250173512043002", "type": "Catch basin complaint", "date": "2025-09-05 07:32:00", "resolution": "block" }, "geometry": { "type": "Point", "coordinates": [ -71.1061277, 42.3809645 ] } },
{ "type": "Feature", "properties": { "block_code": "250173512041007", "type": "Catch basin complaint", "date": "2025-09-05 07:30:00", "resolution": "block" }, "geometry": { "type": "Point", "coordinates": [ -71.1045198, 42.3821824 ] } },
{ "type": "Feature", "properties": { "block_code": "250173502011006", "type": "Catch basin complaint", "date": "2025-09-05 07:28:00", "resolution": "block" }, "geometry": { "type": "Point", "coordinates": [ -71.0907069, 42.3874171 ] } },
{ "type": "Feature", "properties": { "block_code": "250173514042005", "type": "Catch basin complaint", "date": "2025-09-05 07:23:00", "resolution": "block" }, "geometry": { "type": "Point", "coordinates": [ -71.093952, 42.38686 ] } },
{ "type": "Feature", "properties": { "block_code": "250173513002004", "type": "Catch basin complaint", "date": "2025-09-04 17:35:00", "resolution": "block" }, "geometry": { "type": "Point", "coordinates": [ -71.0926164, 42.383458 ] } },
{ "type": "Feature", "properties": { "block_code": "250173503002004", "type": "Catch basin complaint", "date": "2025-08-30 11:29:00", "resolution": "block" }, "geometry": { "type": "Point", "coordinates": [ -71.1059804, 42.3940958 ] } },
{ "type": "Feature", "properties": { "block_code": "250173514042007", "type": "Catch basin complaint", "date": "2025-08-26 11:49:00", "resolution": "block" }, "geometry": { "type": "Point", "coordinates": [ -71.0921775, 42.3855256 ] } },
{ "type": "Feature", "properties": { "block_code": "250173510011004", "type": "Sewer feedback ", "date": "2025-08-11 12:07:00", "resolution": "block" }, "geometry": { "type": "Point", "coordinates": [ -71.1104291, 42.385982 ] } },
{ "type": "Feature", "properties": { "block_code": "250173511013002", "type": "Catch basin complaint", "date": "2025-08-04 20:12:00", "resolution": "block" }, "geometry": { "type": "Point", "coordinates": [ -71.0991653, 42.3888429 ] } },
{ "type": "Feature", "properties": { "block_code": "250173511022004", "type": "Catch basin complaint", "date": "2025-07-31 15:09:00", "resolution": "block" }, "geometry": { "type": "Point", "coordinates": [ -71.1026983, 42.3841364 ] } },
{ "type": "Feature", "properties": { "block_code": "250173511012003", "type": "Catch basin complaint", "date": "2025-07-31 08:40:00", "resolution": "block" }, "geometry": { "type": "Point", "coordinates": [ -71.1084597, 42.3888331 ] } },
{ "type": "Feature", "properties": { "block_code": "250173511012003", "type": "Catch basin complaint", "date": "2025-07-22 17:49:00", "resolution": "block" }, "geometry": { "type": "Point", "coordinates": [ -71.1084597, 42.3888331 ] } },
{ "type": "Feature", "properties": { "block_code": "250173511012003", "type": "Catch basin complaint", "date": "2025-07-17 15:07:00", "resolution": "block" }, "geometry": { "type": "Point", "coordinates": [ -71.1084597, 42.3888331 ] } },
{ "type": "Feature", "properties": { "block_code": "250173513003004", "type": "Sewer feedback ", "date": "2025-07-17 09:09:00", "resolution": "block" }, "geometry": { "type": "Point", "coordinates": [ -71.0933971, 42.3799953 ] } },
{ "type": "Feature", "properties": { "block_code": "250173511011001", "type": "Catch basin complaint", "date": "2025-07-15 10:36:00", "resolution": "block" }, "geometry": { "type": "Point", "coordinates": [ -71.1057607, 42.3911961 ] } },
{ "type": "Feature", "properties": { "block_code": "250173501091010", "type": "Sewer ", "date": "2025-07-13 09:46:00", "resolution": "block" }, "geometry": { "type": "Point", "coordinates": [ -71.090086, 42.3944272 ] } },
{ "type": "Feature", "properties": { "block_code": "250173511011004", "type": "Catch Basin Cleaning", "date": "2025-07-09 13:09:00", "resolution": "block" }, "geometry": { "type": "Point", "coordinates": [ -71.1062867, 42.389935 ] } },
{ "type": "Feature", "properties": { "block_code": "250173512043000", "type": "Flooding Report", "date": "2025-07-09 09:57:00", "resolution": "block" }, "geometry": { "type": "Point", "coordinates": [ -71.1035381, 42.379698 ] } },
{ "type": "Feature", "properties": { "block_code": "250173512033006", "type": "Sewer Back-up", "date": "2025-07-07 11:02:00", "resolution": "block" }, "geometry": { "type": "Point", "coordinates": [ -71.0984294, 42.3753805 ] } },
{ "type": "Feature", "properties": { "block_code": "250173501081014", "type": "Sewer Back-up", "date": "2025-07-02 12:25:00", "resolution": "block" }, "geometry": { "type": "Point", "coordinates": [ -71.0916232, 42.3965413 ] } },
{ "type": "Feature", "properties": { "block_code": "250173511013005", "type": "Catch basin complaint", "date": "2025-07-02 12:11:00", "resolution": "block" }, "geometry": { "type": "Point", "coordinates": [ -71.1000614, 42.3877727 ] } },
{ "type": "Feature", "properties": { "block_code": "250173515002010", "type": "Sewer ", "date": "2025-07-01 12:01:00", "resolution": "block" }, "geometry": { "type": "Point", "coordinates": [ -71.0961629, 42.3754454 ] } },
{ "type": "Feature", "properties": { "block_code": "250173503002007", "type": "Catch basin complaint", "date": "2025-06-26 12:51:00", "resolution": "block" }, "geometry": { "type": "Point", "coordinates": [ -71.107482, 42.3926002 ] } },
{ "type": "Feature", "properties": { "block_code": "250173513001003", "type": "Sewer Back-up", "date": "2025-06-09 17:58:00", "resolution": "block" }, "geometry": { "type": "Point", "coordinates": [ -71.0983575, 42.3848534 ] } },
{ "type": "Feature", "properties": { "block_code": "250173511012005", "type": "Catch basin complaint", "date": "2025-06-09 14:54:00", "resolution": "block" }, "geometry": { "type": "Point", "coordinates": [ -71.1095484, 42.3899789 ] } },
{ "type": "Feature", "properties": { "block_code": "250173512031000", "type": "Catch basin complaint", "date": "2025-06-09 13:49:00", "resolution": "block" }, "geometry": { "type": "Point", "coordinates": [ -71.1018843, 42.377779 ] } },
{ "type": "Feature", "properties": { "block_code": "250173512031001", "type": "Catch basin complaint", "date": "2025-06-09 13:48:00", "resolution": "block" }, "geometry": { "type": "Point", "coordinates": [ -71.1024889, 42.3785028 ] } },
{ "type": "Feature", "properties": { "block_code": "250173512032007", "type": "Sewer Back-up", "date": "2025-06-09 10:44:00", "resolution": "block" }, "geometry": { "type": "Point", "coordinates": [ -71.1005946, 42.3765624 ] } },
{ "type": "Feature", "properties": { "block_code": "250173512032007", "type": "Sewer ", "date": "2025-06-09 08:26:00", "resolution": "block" }, "geometry": { "type": "Point", "coordinates": [ -71.1005946, 42.3765624 ] } },
{ "type": "Feature", "properties": { "block_code": "250173501082003", "type": "Sewer Back-up", "date": "2025-06-03 10:48:00", "resolution": "block" }, "geometry": { "type": "Point", "coordinates": [ -71.0990972, 42.3960613 ] } },
{ "type": "Feature", "properties": { "block_code": "250173503002002", "type": "Flooding Report", "date": "2025-05-22 19:55:00", "resolution": "block" }, "geometry": { "type": "Point", "coordinates": [ -71.1093494, 42.3943893 ] } },
{ "type": "Feature", "properties": { "block_code": "250173513002001", "type": "Catch basin complaint", "date": "2025-05-22 16:03:00", "resolution": "block" }, "geometry": { "type": "Point", "coordinates": [ -71.0934236, 42.3851249 ] } },
{ "type": "Feature", "properties": { "block_code": "250173512032001", "type": "Catch basin complaint", "date": "2025-05-22 09:37:00", "resolution": "block" }, "geometry": { "type": "Point", "coordinates": [ -71.0994009, 42.3782847 ] } },
{ "type": "Feature", "properties": { "block_code": "250173501091022", "type": "Flooding Report", "date": "2025-05-19 18:47:00", "resolution": "block" }, "geometry": { "type": "Point", "coordinates": [ -71.0899097, 42.3915769 ] } },
{ "type": "Feature", "properties": { "block_code": "250173510011004", "type": "Catch basin complaint", "date": "2025-05-16 17:28:00", "resolution": "block" }, "geometry": { "type": "Point", "coordinates": [ -71.1104291, 42.385982 ] } },
{ "type": "Feature", "properties": { "block_code": "250173511021002", "type": "Catch basin complaint", "date": "2025-05-15 09:32:00", "resolution": "block" }, "geometry": { "type": "Point", "coordinates": [ -71.1093025, 42.3858856 ] } },
{ "type": "Feature", "properties": { "block_code": "250173511021002", "type": "Flooding Report", "date": "2025-05-15 08:46:00", "resolution": "block" }, "geometry": { "type": "Point", "coordinates": [ -71.1093025, 42.3858856 ] } },
{ "type": "Feature", "properties": { "block_code": "250173503002002", "type": "Flooding Report", "date": "2025-05-14 16:28:00", "resolution": "block" }, "geometry": { "type": "Point", "coordinates": [ -71.1093494, 42.3943893 ] } },
{ "type": "Feature", "properties": { "block_code": "250173512031000", "type": "Catch basin complaint", "date": "2025-05-14 12:19:00", "resolution": "block" }, "geometry": { "type": "Point", "coordinates": [ -71.1018843, 42.377779 ] } },
{ "type": "Feature", "properties": { "block_code": "250173512041003", "type": "Flooding Report", "date": "2025-05-13 10:37:00", "resolution": "block" }, "geometry": { "type": "Point", "coordinates": [ -71.1088113, 42.3831122 ] } },
{ "type": "Feature", "properties": { "block_code": "250173503003010", "type": "Catch Basin Cleaning", "date": "2025-05-12 13:35:00", "resolution": "block" }, "geometry": { "type": "Point", "coordinates": [ -71.1074979, 42.3962251 ] } },
{ "type": "Feature", "properties": { "block_code": "250173501082008", "type": "Sewer ", "date": "2025-05-12 10:38:00", "resolution": "block" }, "geometry": { "type": "Point", "coordinates": [ -71.0935904, 42.3946172 ] } },
{ "type": "Feature", "properties": { "block_code": "250173514042007", "type": "Catch basin complaint", "date": "2025-05-10 11:34:00", "resolution": "block" }, "geometry": { "type": "Point", "coordinates": [ -71.0921775, 42.3855256 ] } },
{ "type": "Feature", "properties": { "block_code": "250173502013000", "type": "Catch basin complaint", "date": "2025-05-07 09:13:00", "resolution": "block" }, "geometry": { "type": "Point", "coordinates": [ -71.0928168, 42.3916933 ] } },
{ "type": "Feature", "properties": { "block_code": "250173503002001", "type": "Flooding Report", "date": "2025-05-06 18:20:00", "resolution": "block" }, "geometry": { "type": "Point", "coordinates": [ -71.109123, 42.3953985 ] } },
{ "type": "Feature", "properties": { "block_code": "250173510021003", "type": "Catch basin complaint", "date": "2025-05-05 13:47:00", "resolution": "block" }, "geometry": { "type": "Point", "coordinates": [ -71.1100809, 42.3913531 ] } },
{ "type": "Feature", "properties": { "block_code": "250173513001000", "type": "Catch basin complaint", "date": "2025-05-05 11:14:00", "resolution": "block" }, "geometry": { "type": "Point", "coordinates": [ -71.0962628, 42.3867866 ] } },
{ "type": "Feature", "properties": { "block_code": "250173504003000", "type": "Flooding Report", "date": "2025-05-04 15:02:00", "resolution": "block" }, "geometry": { "type": "Point", "coordinates": [ -71.1111481, 42.3955019 ] } },
{ "type": "Feature", "properties": { "block_code": "250173514042007", "type": "Catch basin complaint", "date": "2025-05-01 08:39:00", "resolution": "block" }, "geometry": { "type": "Point", "coordinates": [ -71.0921775, 42.3855256 ] } },
{ "type": "Feature", "properties": { "block_code": "250173510021001", "type": "Catch basin complaint", "date": "2025-04-28 14:44:00", "resolution": "block" }, "geometry": { "type": "Point", "coordinates": [ -71.1095032, 42.392032 ] } },
{ "type": "Feature", "properties": { "block_code": "250173512042011", "type": "Flooding Report", "date": "2025-04-27 11:58:00", "resolution": "block" }, "geometry": { "type": "Point", "coordinates": [ -71.0973322, 42.3799025 ] } },
{ "type": "Feature", "properties": { "block_code": "250173512042009", "type": "Flooding Report", "date": "2025-04-27 11:55:00", "resolution": "block" }, "geometry": { "type": "Point", "coordinates": [ -71.101582, 42.3798805 ] } },
{ "type": "Feature", "properties": { "block_code": "250173512041008", "type": "Flooding Report", "date": "2025-04-26 13:22:00", "resolution": "block" }, "geometry": { "type": "Point", "coordinates": [ -71.1103585, 42.3826723 ] } },
{ "type": "Feature", "properties": { "block_code": "250173510021000", "type": "Catch basin complaint", "date": "2025-04-26 12:09:00", "resolution": "block" }, "geometry": { "type": "Point", "coordinates": [ -71.1090339, 42.392605 ] } },
{ "type": "Feature", "properties": { "block_code": "250173511011001", "type": "Catch basin complaint", "date": "2025-04-26 10:57:00", "resolution": "block" }, "geometry": { "type": "Point", "coordinates": [ -71.1057607, 42.3911961 ] } },
{ "type": "Feature", "properties": { "block_code": "250173512042000", "type": "Catch basin complaint", "date": "2025-04-26 09:59:00", "resolution": "block" }, "geometry": { "type": "Point", "coordinates": [ -71.1009062, 42.3830015 ] } },
{ "type": "Feature", "properties": { "block_code": "250173502013004", "type": "Sewer ", "date": "2025-04-22 11:29:00", "resolution": "block" }, "geometry": { "type": "Point", "coordinates": [ -71.0905539, 42.3896112 ] } },
{ "type": "Feature", "properties": { "block_code": "250173502013004", "type": "Sewer Back-up", "date": "2025-04-18 13:50:00", "resolution": "block" }, "geometry": { "type": "Point", "coordinates": [ -71.0905539, 42.3896112 ] } },
{ "type": "Feature", "properties": { "block_code": "250173510021000", "type": "Sewer ", "date": "2025-04-15 14:01:00", "resolution": "block" }, "geometry": { "type": "Point", "coordinates": [ -71.1090339, 42.392605 ] } },
{ "type": "Feature", "properties": { "block_code": "250173511022000", "type": "Sewer ", "date": "2025-04-14 01:26:00", "resolution": "block" }, "geometry": { "type": "Point", "coordinates": [ -71.1021728, 42.3860443 ] } },
{ "type": "Feature", "properties": { "block_code": "250173502012000", "type": "Sewer Back-up", "date": "2025-04-07 18:50:00", "resolution": "block" }, "geometry": { "type": "Point", "coordinates": [ -71.0935752, 42.3900248 ] } },
{ "type": "Feature", "properties": { "block_code": "250173504003001", "type": "Catch basin complaint", "date": "2025-04-03 16:43:00", "resolution": "block" }, "geometry": { "type": "Point", "coordinates": [ -71.1117815, 42.3956926 ] } },
{ "type": "Feature", "properties": { "block_code": "250173512032001", "type": "Flooding Report", "date": "2025-04-02 16:48:00", "resolution": "block" }, "geometry": { "type": "Point", "coordinates": [ -71.0994009, 42.3782847 ] } },
{ "type": "Feature", "properties": { "block_code": "250173512034007", "type": "Sewer ", "date": "2025-03-31 22:58:00", "resolution": "block" }, "geometry": { "type": "Point", "coordinates": [ -71.1026599, 42.3759264 ] } },
{ "type": "Feature", "properties": { "block_code": "250173512033000", "type": "Sewer Back-up", "date": "2025-03-31 19:28:00", "resolution": "block" }, "geometry": { "type": "Point", "coordinates": [ -71.0969072, 42.376393 ] } },
{ "type": "Feature", "properties": { "block_code": "250173512033000", "type": "Sewer ", "date": "2025-03-31 18:51:00", "resolution": "block" }, "geometry": { "type": "Point", "coordinates": [ -71.0969072, 42.376393 ] } },
{ "type": "Feature", "properties": { "block_code": "250173501082001", "type": "Catch basin complaint", "date": "2025-03-31 15:05:00", "resolution": "block" }, "geometry": { "type": "Point", "coordinates": [ -71.0969224, 42.3952069 ] } },
{ "type": "Feature", "properties": { "block_code": "250173513003005", "type": "Catch basin complaint", "date": "2025-03-27 16:45:00", "resolution": "block" }, "geometry": { "type": "Point", "coordinates": [ -71.0946106, 42.3802947 ] } },
{ "type": "Feature", "properties": { "block_code": "250173512033001", "type": "Catch basin complaint", "date": "2025-03-26 15:40:00", "resolution": "block" }, "geometry": { "type": "Point", "coordinates": [ -71.0990007, 42.3759458 ] } },
{ "type": "Feature", "properties": { "block_code": "250173512042010", "type": "Flooding Report", "date": "2025-03-24 17:31:00", "resolution": "block" }, "geometry": { "type": "Point", "coordinates": [ -71.0990962, 42.3805443 ] } },
{ "type": "Feature", "properties": { "block_code": "250173501082009", "type": "Catch basin complaint", "date": "2025-03-21 08:53:00", "resolution": "block" }, "geometry": { "type": "Point", "coordinates": [ -71.0946697, 42.3939733 ] } },
{ "type": "Feature", "properties": { "block_code": "250173510021002", "type": "Catch basin complaint", "date": "2025-03-17 23:13:00", "resolution": "block" }, "geometry": { "type": "Point", "coordinates": [ -71.1099167, 42.3916073 ] } },
{ "type": "Feature", "properties": { "block_code": "250173514042005", "type": "Catch basin complaint", "date": "2025-03-17 23:11:00", "resolution": "block" }, "geometry": { "type": "Point", "coordinates": [ -71.093952, 42.38686 ] } },
{ "type": "Feature", "properties": { "block_code": "250173511021002", "type": "Catch basin complaint", "date": "2025-03-17 12:43:00", "resolution": "block" }, "geometry": { "type": "Point", "coordinates": [ -71.1093025, 42.3858856 ] } },
{ "type": "Feature", "properties": { "block_code": "250173502011001", "type": "Flooding Report", "date": "2025-03-17 11:31:00", "resolution": "block" }, "geometry": { "type": "Point", "coordinates": [ -71.0903506, 42.3884754 ] } },
{ "type": "Feature", "properties": { "block_code": "250173511013006", "type": "Sewer ", "date": "2025-03-17 11:10:00", "resolution": "block" }, "geometry": { "type": "Point", "coordinates": [ -71.1024796, 42.3877038 ] } },
{ "type": "Feature", "properties": { "block_code": "250173511021002", "type": "Flooding Report", "date": "2025-03-17 08:49:00", "resolution": "block" }, "geometry": { "type": "Point", "coordinates": [ -71.1093025, 42.3858856 ] } },
{ "type": "Feature", "properties": { "block_code": "250173511013006", "type": "Sewer Back-up", "date": "2025-03-16 12:42:00", "resolution": "block" }, "geometry": { "type": "Point", "coordinates": [ -71.1024796, 42.3877038 ] } },
{ "type": "Feature", "properties": { "block_code": "250173502023003", "type": "Flooding Report", "date": "2025-03-07 16:09:00", "resolution": "block" }, "geometry": { "type": "Point", "coordinates": [ -71.0963053, 42.3928118 ] } },
{ "type": "Feature", "properties": { "block_code": "250173504003004", "type": "Catch basin complaint", "date": "2025-03-06 09:53:00", "resolution": "block" }, "geometry": { "type": "Point", "coordinates": [ -71.1139475, 42.3963734 ] } },
{ "type": "Feature", "properties": { "block_code": "250173512031000", "type": "Flooding Report", "date": "2025-03-03 07:06:00", "resolution": "block" }, "geometry": { "type": "Point", "coordinates": [ -71.1018843, 42.377779 ] } },
{ "type": "Feature", "properties": { "block_code": "250173510012010", "type": "Sewer Back-up", "date": "2025-02-24 10:52:00", "resolution": "block" }, "geometry": { "type": "Point", "coordinates": [ -71.1119836, 42.3824404 ] } },
{ "type": "Feature", "properties": { "block_code": "250173510012010", "type": "Sewer Back-up", "date": "2025-02-24 10:50:00", "resolution": "block" }, "geometry": { "type": "Point", "coordinates": [ -71.1119836, 42.3824404 ] } },
{ "type": "Feature", "properties": { "block_code": "250173514042004", "type": "Catch basin complaint", "date": "2025-02-20 12:48:00", "resolution": "block" }, "geometry": { "type": "Point", "coordinates": [ -71.092832, 42.3868306 ] } },
{ "type": "Feature", "properties": { "block_code": "250173512031000", "type": "Flooding Report", "date": "2025-02-16 17:06:00", "resolution": "block" }, "geometry": { "type": "Point", "coordinates": [ -71.1018843, 42.377779 ] } },
{ "type": "Feature", "properties": { "block_code": "250173511013003", "type": "Flooding Report", "date": "2025-02-16 15:59:00", "resolution": "block" }, "geometry": { "type": "Point", "coordinates": [ -71.0995968, 42.3883952 ] } },
{ "type": "Feature", "properties": { "block_code": "250173512032003", "type": "Catch basin complaint", "date": "2025-02-16 15:53:00", "resolution": "block" }, "geometry": { "type": "Point", "coordinates": [ -71.0975542, 42.3778283 ] } },
{ "type": "Feature", "properties": { "block_code": "250173511013003", "type": "Flooding Report", "date": "2025-02-16 15:41:00", "resolution": "block" }, "geometry": { "type": "Point", "coordinates": [ -71.0995968, 42.3883952 ] } },
{ "type": "Feature", "properties": { "block_code": "250173512042011", "type": "Flooding Report", "date": "2025-02-16 15:10:00", "resolution": "block" }, "geometry": { "type": "Point", "coordinates": [ -71.0973322, 42.3799025 ] } },
{ "type": "Feature", "properties": { "block_code": "250173512032001", "type": "Catch basin complaint", "date": "2025-02-16 14:37:00", "resolution": "block" }, "geometry": { "type": "Point", "coordinates": [ -71.0994009, 42.3782847 ] } },
{ "type": "Feature", "properties": { "block_code": "250173512032000", "type": "Flooding Report", "date": "2025-02-16 12:10:00", "resolution": "block" }, "geometry": { "type": "Point", "coordinates": [ -71.0970141, 42.3789611 ] } },
{ "type": "Feature", "properties": { "block_code": "250173512041008", "type": "Catch basin complaint", "date": "2025-02-06 13:53:00", "resolution": "block" }, "geometry": { "type": "Point", "coordinates": [ -71.1103585, 42.3826723 ] } },
{ "type": "Feature", "properties": { "block_code": "250173512034000", "type": "Sewer Back-up", "date": "2025-02-05 17:57:00", "resolution": "block" }, "geometry": { "type": "Point", "coordinates": [ -71.1017102, 42.3766413 ] } },
{ "type": "Feature", "properties": { "block_code": "250173512034000", "type": "Sewer ", "date": "2025-02-04 08:46:00", "resolution": "block" }, "geometry": { "type": "Point", "coordinates": [ -71.1017102, 42.3766413 ] } },
{ "type": "Feature", "properties": { "block_code": "250173511011004", "type": "Flooding Report", "date": "2025-02-02 11:47:00", "resolution": "block" }, "geometry": { "type": "Point", "coordinates": [ -71.1062867, 42.389935 ] } },
{ "type": "Feature", "properties": { "block_code": "250173510012009", "type": "Sewer Back-up", "date": "2025-01-24 15:00:00", "resolution": "block" }, "geometry": { "type": "Point", "coordinates": [ -71.1129932, 42.3832829 ] } },
{ "type": "Feature", "properties": { "block_code": "250173512032000", "type": "Sewer Back-up", "date": "2025-01-24 14:54:00", "resolution": "block" }, "geometry": { "type": "Point", "coordinates": [ -71.0970141, 42.3789611 ] } },
{ "type": "Feature", "properties": { "block_code": "250173513001006", "type": "Sewer Back-up", "date": "2025-01-16 11:15:00", "resolution": "block" }, "geometry": { "type": "Point", "coordinates": [ -71.0953136, 42.3852387 ] } },
{ "type": "Feature", "properties": { "block_code": "250173513003005", "type": "Sewer Back-up", "date": "2025-01-14 14:15:00", "resolution": "block" }, "geometry": { "type": "Point", "coordinates": [ -71.0946106, 42.3802947 ] } },
{ "type": "Feature", "properties": { "block_code": "250173510012009", "type": "Sewer ", "date": "2025-01-13 13:55:00", "resolution": "block" }, "geometry": { "type": "Point", "coordinates": [ -71.1129932, 42.3832829 ] } },
{ "type": "Feature", "properties": { "block_code": "250173511022001", "type": "Catch basin complaint", "date": "2025-01-10 19:22:00", "resolution": "block" }, "geometry": { "type": "Point", "coordinates": [ -71.1025766, 42.3854824 ] } },
{ "type": "Feature", "properties": { "block_code": "250173512031001", "type": "Flooding Report", "date": "2025-01-06 00:24:00", "resolution": "block" }, "geometry": { "type": "Point", "coordinates": [ -71.1024889, 42.3785028 ] } },
{ "type": "Feature", "properties": { "block_code": "250173502023003", "type": "Catch basin complaint", "date": "2025-01-03 10:08:00", "resolution": "block" }, "geometry": { "type": "Point", "coordinates": [ -71.0963053, 42.3928118 ] } },
{ "type": "Feature", "properties": { "block_code": "250173512033001", "type": "Sewer ", "date": "2025-01-02 15:33:00", "resolution": "block" }, "geometry": { "type": "Point", "coordinates": [ -71.0990007, 42.3759458 ] } },
{ "type": "Feature", "properties": { "block_code": "250173512041000", "type": "Sewer Back-up", "date": "2025-01-01 11:42:00", "resolution": "block" }, "geometry": { "type": "Point", "coordinates": [ -71.1034237, 42.3831173 ] } },
{ "type": "Feature", "properties": { "block_code": "250173512042003", "type": "Catch basin complaint", "date": "2024-12-30 08:44:00", "resolution": "block" }, "geometry": { "type": "Point", "coordinates": [ -71.1017138, 42.380963 ] } },
{ "type": "Feature", "properties": { "block_code": "250173503003011", "type": "Flooding Report", "date": "2024-12-25 17:25:00", "resolution": "block" }, "geometry": { "type": "Point", "coordinates": [ -71.1061655, 42.3954606 ] } },
{ "type": "Feature", "properties": { "block_code": "250173512032000", "type": "Sewer ", "date": "2024-12-23 12:21:00", "resolution": "block" }, "geometry": { "type": "Point", "coordinates": [ -71.0970141, 42.3789611 ] } },
{ "type": "Feature", "properties": { "block_code": "250173512043010", "type": "Catch basin complaint", "date": "2024-12-19 07:12:00", "resolution": "block" }, "geometry": { "type": "Point", "coordinates": [ -71.1061084, 42.3787951 ] } },
{ "type": "Feature", "properties": { "block_code": "250173512042003", "type": "Sewer Back-up", "date": "2024-12-17 13:09:00", "resolution": "block" }, "geometry": { "type": "Point", "coordinates": [ -71.1017138, 42.380963 ] } },
{ "type": "Feature", "properties": { "block_code": "250173501082001", "type": "Sewer Back-up", "date": "2024-12-16 08:48:00", "resolution": "block" }, "geometry": { "type": "Point", "coordinates": [ -71.0969224, 42.3952069 ] } },
{ "type": "Feature", "properties": { "block_code": "250173511013002", "type": "Catch basin complaint", "date": "2024-12-14 09:16:00", "resolution": "block" }, "geometry": { "type": "Point", "coordinates": [ -71.0991653, 42.3888429 ] } },
{ "type": "Feature", "properties": { "block_code": "250173512042010", "type": "Catch basin complaint", "date": "2024-12-12 12:22:00", "resolution": "block" }, "geometry": { "type": "Point", "coordinates": [ -71.0990962, 42.3805443 ] } },
{ "type": "Feature", "properties": { "block_code": "250173512042010", "type": "Catch basin complaint", "date": "2024-12-12 12:21:00", "resolution": "block" }, "geometry": { "type": "Point", "coordinates": [ -71.0990962, 42.3805443 ] } },
{ "type": "Feature", "properties": { "block_code": "250173512032001", "type": "Catch basin complaint", "date": "2024-12-12 11:35:00", "resolution": "block" }, "geometry": { "type": "Point", "coordinates": [ -71.0994009, 42.3782847 ] } },
{ "type": "Feature", "properties": { "block_code": "250173512042006", "type": "Flooding Report", "date": "2024-12-11 20:13:00", "resolution": "block" }, "geometry": { "type": "Point", "coordinates": [ -71.0992856, 42.3821032 ] } },
{ "type": "Feature", "properties": { "block_code": "250173502022006", "type": "Flooding Report", "date": "2024-12-07 13:36:00", "resolution": "block" }, "geometry": { "type": "Point", "coordinates": [ -71.0975419, 42.3909997 ] } },
{ "type": "Feature", "properties": { "block_code": "250173511013005", "type": "Sewer ", "date": "2024-12-04 11:58:00", "resolution": "block" }, "geometry": { "type": "Point", "coordinates": [ -71.1000614, 42.3877727 ] } },
{ "type": "Feature", "properties": { "block_code": "250173512042010", "type": "Catch basin complaint", "date": "2024-12-03 08:46:00", "resolution": "block" }, "geometry": { "type": "Point", "coordinates": [ -71.0990962, 42.3805443 ] } },
{ "type": "Feature", "properties": { "block_code": "250173511013003", "type": "Sewer ", "date": "2024-11-27 11:36:00", "resolution": "block" }, "geometry": { "type": "Point", "coordinates": [ -71.0995968, 42.3883952 ] } },
{ "type": "Feature", "properties": { "block_code": "250173512043000", "type": "Flooding Report", "date": "2024-11-27 09:36:00", "resolution": "block" }, "geometry": { "type": "Point", "coordinates": [ -71.1035381, 42.379698 ] } },
{ "type": "Feature", "properties": { "block_code": "250173512031000", "type": "Catch basin complaint", "date": "2024-11-26 13:29:00", "resolution": "block" }, "geometry": { "type": "Point", "coordinates": [ -71.1018843, 42.377779 ] } },
{ "type": "Feature", "properties": { "block_code": "250173512043000", "type": "Catch basin complaint", "date": "2024-11-25 14:35:00", "resolution": "block" }, "geometry": { "type": "Point", "coordinates": [ -71.1035381, 42.379698 ] } },
{ "type": "Feature", "properties": { "block_code": "250173512043000", "type": "Flooding Report", "date": "2024-11-25 08:22:00", "resolution": "block" }, "geometry": { "type": "Point", "coordinates": [ -71.1035381, 42.379698 ] } },
{ "type": "Feature", "properties": { "block_code": "250173512042009", "type": "Catch basin complaint", "date": "2024-11-23 11:12:00", "resolution": "block" }, "geometry": { "type": "Point", "coordinates": [ -71.101582, 42.3798805 ] } },
{ "type": "Feature", "properties": { "block_code": "250173502021007", "type": "Catch basin complaint", "date": "2024-11-23 08:12:00", "resolution": "block" }, "geometry": { "type": "Point", "coordinates": [ -71.102029, 42.3927269 ] } },
{ "type": "Feature", "properties": { "block_code": "250173512032001", "type": "Catch basin complaint", "date": "2024-11-20 08:23:00", "resolution": "block" }, "geometry": { "type": "Point", "coordinates": [ -71.0994009, 42.3782847 ] } },
{ "type": "Feature", "properties": { "block_code": "250173511022001", "type": "Sewer Back-up", "date": "2024-11-08 12:55:00", "resolution": "block" }, "geometry": { "type": "Point", "coordinates": [ -71.1025766, 42.3854824 ] } },
{ "type": "Feature", "properties": { "block_code": "250173513001000", "type": "Catch basin complaint", "date": "2024-11-05 18:01:00", "resolution": "block" }, "geometry": { "type": "Point", "coordinates": [ -71.0962628, 42.3867866 ] } },
{ "type": "Feature", "properties": { "block_code": "250173511022000", "type": "Sewer Back-up", "date": "2024-11-04 14:35:00", "resolution": "block" }, "geometry": { "type": "Point", "coordinates": [ -71.1021728, 42.3860443 ] } },
{ "type": "Feature", "properties": { "block_code": "250173512043010", "type": "Catch basin complaint", "date": "2024-10-29 13:34:00", "resolution": "block" }, "geometry": { "type": "Point", "coordinates": [ -71.1061084, 42.3787951 ] } },
{ "type": "Feature", "properties": { "block_code": "250173515003005", "type": "Catch basin complaint", "date": "2024-10-22 11:38:00", "resolution": "block" }, "geometry": { "type": "Point", "coordinates": [ -71.0953637, 42.3791278 ] } },
{ "type": "Feature", "properties": { "block_code": "250173514042009", "type": "Catch basin complaint", "date": "2024-10-20 11:35:00", "resolution": "block" }, "geometry": { "type": "Point", "coordinates": [ -71.0911008, 42.3856653 ] } },
{ "type": "Feature", "properties": { "block_code": "250173513002006", "type": "Catch basin complaint", "date": "2024-10-16 16:13:00", "resolution": "block" }, "geometry": { "type": "Point", "coordinates": [ -71.0944881, 42.3828813 ] } },
{ "type": "Feature", "properties": { "block_code": "250173511022000", "type": "Sewer Back-up", "date": "2024-10-15 17:14:00", "resolution": "block" }, "geometry": { "type": "Point", "coordinates": [ -71.1021728, 42.3860443 ] } },
{ "type": "Feature", "properties": { "block_code": "250173501091022", "type": "Flooding Report", "date": "2024-10-11 12:25:00", "resolution": "block" }, "geometry": { "type": "Point", "coordinates": [ -71.0899097, 42.3915769 ] } },
{ "type": "Feature", "properties": { "block_code": "250173512032000", "type": "Routine Sewer Flushing", "date": "2024-10-10 15:10:00", "resolution": "block" }, "geometry": { "type": "Point", "coordinates": [ -71.0970141, 42.3789611 ] } },
{ "type": "Feature", "properties": { "block_code": "250173512043002", "type": "Sewer ", "date": "2024-10-09 13:36:00", "resolution": "block" }, "geometry": { "type": "Point", "coordinates": [ -71.1061277, 42.3809645 ] } },
{ "type": "Feature", "properties": { "block_code": "250173511022002", "type": "Catch basin complaint", "date": "2024-10-07 11:12:00", "resolution": "block" }, "geometry": { "type": "Point", "coordinates": [ -71.103613, 42.3849986 ] } },
{ "type": "Feature", "properties": { "block_code": "250173515003010", "type": "Flooding Report", "date": "2024-10-03 21:31:00", "resolution": "block" }, "geometry": { "type": "Point", "coordinates": [ -71.0903598, 42.3765673 ] } },
{ "type": "Feature", "properties": { "block_code": "250173502012000", "type": "Catch basin complaint", "date": "2024-10-03 13:33:00", "resolution": "block" }, "geometry": { "type": "Point", "coordinates": [ -71.0935752, 42.3900248 ] } },
{ "type": "Feature", "properties": { "block_code": "250173503003008", "type": "Sewer Back-up", "date": "2024-10-02 13:26:00", "resolution": "block" }, "geometry": { "type": "Point", "coordinates": [ -71.1049512, 42.3960905 ] } },
{ "type": "Feature", "properties": { "block_code": "250173512042007", "type": "Catch basin complaint", "date": "2024-10-02 13:25:00", "resolution": "block" }, "geometry": { "type": "Point", "coordinates": [ -71.0981218, 42.3810714 ] } },
{ "type": "Feature", "properties": { "block_code": "250173502011008", "type": "Catch basin complaint", "date": "2024-10-02 09:57:00", "resolution": "block" }, "geometry": { "type": "Point", "coordinates": [ -71.0922543, 42.3878108 ] } },
{ "type": "Feature", "properties": { "block_code": "250173511021001", "type": "Flooding Report", "date": "2024-10-02 08:07:00", "resolution": "block" }, "geometry": { "type": "Point", "coordinates": [ -71.1079711, 42.3858696 ] } },
{ "type": "Feature", "properties": { "block_code": "250173511011005", "type": "Sewer Back-up", "date": "2024-09-24 10:13:00", "resolution": "block" }, "geometry": { "type": "Point", "coordinates": [ -71.1045086, 42.3892895 ] } },
{ "type": "Feature", "properties": { "block_code": "250173513003000", "type": "Sewer Back-up", "date": "2024-09-23 09:06:00", "resolution": "block" }, "geometry": { "type": "Point", "coordinates": [ -71.0910349, 42.3817046 ] } },
{ "type": "Feature", "properties": { "block_code": "250173512032005", "type": "Flooding Report", "date": "2024-09-21 08:14:00", "resolution": "block" }, "geometry": { "type": "Point", "coordinates": [ -71.0987134, 42.3770461 ] } },
{ "type": "Feature", "properties": { "block_code": "250173512041001", "type": "Catch basin complaint", "date": "2024-09-19 15:44:00", "resolution": "block" }, "geometry": { "type": "Point", "coordinates": [ -71.1043838, 42.3834455 ] } },
{ "type": "Feature", "properties": { "block_code": "250173502022013", "type": "Catch basin complaint", "date": "2024-09-19 08:51:00", "resolution": "block" }, "geometry": { "type": "Point", "coordinates": [ -71.0967212, 42.3883251 ] } },
{ "type": "Feature", "properties": { "block_code": "250173502022013", "type": "Catch basin complaint", "date": "2024-09-19 08:51:00", "resolution": "block" }, "geometry": { "type": "Point", "coordinates": [ -71.0967212, 42.3883251 ] } },
{ "type": "Feature", "properties": { "block_code": "250173502022013", "type": "Catch basin complaint", "date": "2024-09-19 08:51:00", "resolution": "block" }, "geometry": { "type": "Point", "coordinates": [ -71.0967212, 42.3883251 ] } },
{ "type": "Feature", "properties": { "block_code": "250173502022013", "type": "Catch basin complaint", "date": "2024-09-19 08:51:00", "resolution": "block" }, "geometry": { "type": "Point", "coordinates": [ -71.0967212, 42.3883251 ] } },
{ "type": "Feature", "properties": { "block_code": "250173502022013", "type": "Catch basin complaint", "date": "2024-09-19 08:51:00", "resolution": "block" }, "geometry": { "type": "Point", "coordinates": [ -71.0967212, 42.3883251 ] } },
{ "type": "Feature", "properties": { "block_code": "250173502022013", "type": "Catch basin complaint", "date": "2024-09-19 08:51:00", "resolution": "block" }, "geometry": { "type": "Point", "coordinates": [ -71.0967212, 42.3883251 ] } },
{ "type": "Feature", "properties": { "block_code": "250173512043004", "type": "Sewer Back-up", "date": "2024-09-17 09:48:00", "resolution": "block" }, "geometry": { "type": "Point", "coordinates": [ -71.1084927, 42.3806203 ] } },
{ "type": "Feature", "properties": { "block_code": "250173512043004", "type": "Sewer Back-up", "date": "2024-09-16 17:00:00", "resolution": "block" }, "geometry": { "type": "Point", "coordinates": [ -71.1084927, 42.3806203 ] } },
{ "type": "Feature", "properties": { "block_code": "250173510012008", "type": "Catch basin complaint", "date": "2024-09-16 15:31:00", "resolution": "block" }, "geometry": { "type": "Point", "coordinates": [ -71.1139008, 42.3840421 ] } },
{ "type": "Feature", "properties": { "block_code": "250173512043006", "type": "Catch basin complaint", "date": "2024-09-13 15:44:00", "resolution": "block" }, "geometry": { "type": "Point", "coordinates": [ -71.1067731, 42.3798036 ] } },
{ "type": "Feature", "properties": { "block_code": "250173502023001", "type": "Catch Basin Repair", "date": "2024-09-13 09:59:00", "resolution": "block" }, "geometry": { "type": "Point", "coordinates": [ -71.0972757, 42.3931967 ] } },
{ "type": "Feature", "properties": { "block_code": "250173515003003", "type": "Catch basin complaint", "date": "2024-09-13 07:22:00", "resolution": "block" }, "geometry": { "type": "Point", "coordinates": [ -71.0928437, 42.3790379 ] } },
{ "type": "Feature", "properties": { "block_code": "250173512042002", "type": "Catch basin complaint", "date": "2024-09-11 16:50:00", "resolution": "block" }, "geometry": { "type": "Point", "coordinates": [ -71.102543, 42.3824975 ] } },
{ "type": "Feature", "properties": { "block_code": "250173501082008", "type": "Lost item in catch basin", "date": "2024-09-11 08:57:00", "resolution": "block" }, "geometry": { "type": "Point", "coordinates": [ -71.0935904, 42.3946172 ] } },
{ "type": "Feature", "properties": { "block_code": "250173511013004", "type": "Sewer Back-up", "date": "2024-09-09 14:40:00", "resolution": "block" }, "geometry": { "type": "Point", "coordinates": [ -71.1021478, 42.3888759 ] } },
{ "type": "Feature", "properties": { "block_code": "250173515003012", "type": "Catch basin complaint", "date": "2024-09-08 18:12:00", "resolution": "block" }, "geometry": { "type": "Point", "coordinates": [ -71.092132, 42.3775375 ] } },
{ "type": "Feature", "properties": { "block_code": "250173510023000", "type": "Catch basin complaint", "date": "2024-09-05 17:05:00", "resolution": "block" }, "geometry": { "type": "Point", "coordinates": [ -71.111919, 42.3907589 ] } },
{ "type": "Feature", "properties": { "block_code": "250173510023000", "type": "Catch basin complaint", "date": "2024-09-05 11:14:00", "resolution": "block" }, "geometry": { "type": "Point", "coordinates": [ -71.111919, 42.3907589 ] } },
{ "type": "Feature", "properties": { "block_code": "250173502022010", "type": "Sewer Back-up", "date": "2024-09-04 18:32:00", "resolution": "block" }, "geometry": { "type": "Point", "coordinates": [ -71.0990736, 42.3901747 ] } },
{ "type": "Feature", "properties": { "block_code": "250173511013007", "type": "Catch basin complaint", "date": "2024-09-04 18:29:00", "resolution": "block" }, "geometry": { "type": "Point", "coordinates": [ -71.1029404, 42.3870743 ] } },
{ "type": "Feature", "properties": { "block_code": "250173512042009", "type": "Flooding Report", "date": "2024-09-03 21:38:00", "resolution": "block" }, "geometry": { "type": "Point", "coordinates": [ -71.101582, 42.3798805 ] } },
{ "type": "Feature", "properties": { "block_code": "250173502023004", "type": "Sewer ", "date": "2024-08-30 18:57:00", "resolution": "block" }, "geometry": { "type": "Point", "coordinates": [ -71.0955022, 42.3924417 ] } },
{ "type": "Feature", "properties": { "block_code": "250173513001005", "type": "Catch basin complaint", "date": "2024-08-23 20:45:00", "resolution": "block" }, "geometry": { "type": "Point", "coordinates": [ -71.0956896, 42.3847083 ] } },
{ "type": "Feature", "properties": { "block_code": "250173502022002", "type": "Lost item in catch basin", "date": "2024-08-15 18:17:00", "resolution": "block" }, "geometry": { "type": "Point", "coordinates": [ -71.1007275, 42.3915976 ] } },
{ "type": "Feature", "properties": { "block_code": "250173512042006", "type": "Sewer Back-up", "date": "2024-08-14 15:29:00", "resolution": "block" }, "geometry": { "type": "Point", "coordinates": [ -71.0992856, 42.3821032 ] } },
{ "type": "Feature", "properties": { "block_code": "250173512041008", "type": "Catch basin complaint", "date": "2024-08-12 10:22:00", "resolution": "block" }, "geometry": { "type": "Point", "coordinates": [ -71.1103585, 42.3826723 ] } },
{ "type": "Feature", "properties": { "block_code": "250173511012001", "type": "Flooding Report", "date": "2024-08-08 08:53:00", "resolution": "block" }, "geometry": { "type": "Point", "coordinates": [ -71.1070298, 42.3880976 ] } },
{ "type": "Feature", "properties": { "block_code": "250173513001000", "type": "Catch basin complaint", "date": "2024-08-07 11:48:00", "resolution": "block" }, "geometry": { "type": "Point", "coordinates": [ -71.0962628, 42.3867866 ] } },
{ "type": "Feature", "properties": { "block_code": "250173512041003", "type": "Sewer Back-up", "date": "2024-08-07 11:27:00", "resolution": "block" }, "geometry": { "type": "Point", "coordinates": [ -71.1088113, 42.3831122 ] } },
{ "type": "Feature", "properties": { "block_code": "250173502022007", "type": "Catch basin complaint", "date": "2024-07-31 09:15:00", "resolution": "block" }, "geometry": { "type": "Point", "coordinates": [ -71.0968051, 42.3904946 ] } },
{ "type": "Feature", "properties": { "block_code": "250173512034007", "type": "Catch basin complaint", "date": "2024-07-26 06:49:00", "resolution": "block" }, "geometry": { "type": "Point", "coordinates": [ -71.1026599, 42.3759264 ] } },
{ "type": "Feature", "properties": { "block_code": "250173502013002", "type": "Sewer Back-up", "date": "2024-07-24 10:46:00", "resolution": "block" }, "geometry": { "type": "Point", "coordinates": [ -71.0914879, 42.3906049 ] } },
{ "type": "Feature", "properties": { "block_code": "250173502013003", "type": "Sewer Back-up", "date": "2024-07-24 09:13:00", "resolution": "block" }, "geometry": { "type": "Point", "coordinates": [ -71.0907712, 42.39029 ] } },
{ "type": "Feature", "properties": { "block_code": "250173513002005", "type": "Flooding Report", "date": "2024-07-21 19:22:00", "resolution": "block" }, "geometry": { "type": "Point", "coordinates": [ -71.0933322, 42.3823273 ] } },
{ "type": "Feature", "properties": { "block_code": "250173513002005", "type": "Flooding Report", "date": "2024-07-21 19:16:00", "resolution": "block" }, "geometry": { "type": "Point", "coordinates": [ -71.0933322, 42.3823273 ] } },
{ "type": "Feature", "properties": { "block_code": "250173513002005", "type": "Flooding Report", "date": "2024-07-21 19:14:00", "resolution": "block" }, "geometry": { "type": "Point", "coordinates": [ -71.0933322, 42.3823273 ] } },
{ "type": "Feature", "properties": { "block_code": "250173513002005", "type": "Flooding Report", "date": "2024-07-21 19:12:00", "resolution": "block" }, "geometry": { "type": "Point", "coordinates": [ -71.0933322, 42.3823273 ] } },
{ "type": "Feature", "properties": { "block_code": "250173513002005", "type": "Flooding Report", "date": "2024-07-21 19:12:00", "resolution": "block" }, "geometry": { "type": "Point", "coordinates": [ -71.0933322, 42.3823273 ] } },
{ "type": "Feature", "properties": { "block_code": "250173501082006", "type": "Sewer ", "date": "2024-07-15 17:21:00", "resolution": "block" }, "geometry": { "type": "Point", "coordinates": [ -71.0959664, 42.3946736 ] } },
{ "type": "Feature", "properties": { "block_code": "250173513001000", "type": "Sewer Back-up", "date": "2024-07-09 07:05:00", "resolution": "block" }, "geometry": { "type": "Point", "coordinates": [ -71.0962628, 42.3867866 ] } },
{ "type": "Feature", "properties": { "block_code": "250173501082009", "type": "Sewer Back-up", "date": "2024-07-06 09:21:00", "resolution": "block" }, "geometry": { "type": "Point", "coordinates": [ -71.0946697, 42.3939733 ] } },
{ "type": "Feature", "properties": { "block_code": "250173513001000", "type": "Catch basin complaint", "date": "2024-07-05 08:48:00", "resolution": "block" }, "geometry": { "type": "Point", "coordinates": [ -71.0962628, 42.3867866 ] } },
{ "type": "Feature", "properties": { "block_code": "250173503003008", "type": "Sewer Back-up", "date": "2024-07-04 18:37:00", "resolution": "block" }, "geometry": { "type": "Point", "coordinates": [ -71.1049512, 42.3960905 ] } },
{ "type": "Feature", "properties": { "block_code": "250173511012006", "type": "Sewer Back-up", "date": "2024-07-04 09:18:00", "resolution": "block" }, "geometry": { "type": "Point", "coordinates": [ -71.1057315, 42.3866998 ] } },
{ "type": "Feature", "properties": { "block_code": "250173501091002", "type": "Catch basin complaint", "date": "2024-07-01 11:17:00", "resolution": "block" }, "geometry": { "type": "Point", "coordinates": [ -71.0902034, 42.3956913 ] } },
{ "type": "Feature", "properties": { "block_code": "250173510011006", "type": "Flooding Report", "date": "2024-06-27 14:17:00", "resolution": "block" }, "geometry": { "type": "Point", "coordinates": [ -71.1116346, 42.3854108 ] } },
{ "type": "Feature", "properties": { "block_code": "250173512031001", "type": "Flooding Report", "date": "2024-06-23 11:43:00", "resolution": "block" }, "geometry": { "type": "Point", "coordinates": [ -71.1024889, 42.3785028 ] } },
{ "type": "Feature", "properties": { "block_code": "250173503001006", "type": "Catch basin complaint", "date": "2024-06-21 08:50:00", "resolution": "block" }, "geometry": { "type": "Point", "coordinates": [ -71.1033596, 42.3937359 ] } },
{ "type": "Feature", "properties": { "block_code": "250173511012008", "type": "Sewer ", "date": "2024-06-17 16:29:00", "resolution": "block" }, "geometry": { "type": "Point", "coordinates": [ -71.1048957, 42.3879084 ] } },
{ "type": "Feature", "properties": { "block_code": "250173511013005", "type": "Flooding Report", "date": "2024-06-14 13:37:00", "resolution": "block" }, "geometry": { "type": "Point", "coordinates": [ -71.1000614, 42.3877727 ] } },
{ "type": "Feature", "properties": { "block_code": "250173513001009", "type": "Catch basin complaint", "date": "2024-06-11 13:40:00", "resolution": "block" }, "geometry": { "type": "Point", "coordinates": [ -71.0971393, 42.3823994 ] } },
{ "type": "Feature", "properties": { "block_code": "250173510022004", "type": "Catch Basin Repair", "date": "2024-06-11 08:40:00", "resolution": "block" }, "geometry": { "type": "Point", "coordinates": [ -71.1137441, 42.3920109 ] } },
{ "type": "Feature", "properties": { "block_code": "250173510021002", "type": "Flooding Report", "date": "2024-06-09 12:01:00", "resolution": "block" }, "geometry": { "type": "Point", "coordinates": [ -71.1099167, 42.3916073 ] } },
{ "type": "Feature", "properties": { "block_code": "250173513001004", "type": "Lost item in catch basin", "date": "2024-06-05 13:34:00", "resolution": "block" }, "geometry": { "type": "Point", "coordinates": [ -71.0991661, 42.3853447 ] } },
{ "type": "Feature", "properties": { "block_code": "250173512031004", "type": "Flooding Report", "date": "2024-06-04 18:07:00", "resolution": "block" }, "geometry": { "type": "Point", "coordinates": [ -71.1061954, 42.3776039 ] } },
{ "type": "Feature", "properties": { "block_code": "250173503003013", "type": "Catch basin complaint", "date": "2024-06-03 14:40:00", "resolution": "block" }, "geometry": { "type": "Point", "coordinates": [ -71.105195, 42.395002 ] } },
{ "type": "Feature", "properties": { "block_code": "250173511022001", "type": "Flooding Report", "date": "2024-06-01 21:36:00", "resolution": "block" }, "geometry": { "type": "Point", "coordinates": [ -71.1025766, 42.3854824 ] } },
{ "type": "Feature", "properties": { "block_code": "250173512042003", "type": "Sewer Back-up", "date": "2024-06-01 15:50:00", "resolution": "block" }, "geometry": { "type": "Point", "coordinates": [ -71.1017138, 42.380963 ] } },
{ "type": "Feature", "properties": { "block_code": "250173502013000", "type": "Catch basin complaint", "date": "2024-05-23 13:19:00", "resolution": "block" }, "geometry": { "type": "Point", "coordinates": [ -71.0928168, 42.3916933 ] } },
{ "type": "Feature", "properties": { "block_code": "250173501091013", "type": "Catch basin complaint", "date": "2024-05-23 13:17:00", "resolution": "block" }, "geometry": { "type": "Point", "coordinates": [ -71.0920922, 42.3926099 ] } },
{ "type": "Feature", "properties": { "block_code": "250173511011004", "type": "Catch basin complaint", "date": "2024-05-23 09:03:00", "resolution": "block" }, "geometry": { "type": "Point", "coordinates": [ -71.1062867, 42.389935 ] } },
{ "type": "Feature", "properties": { "block_code": "250173512042005", "type": "Sewer Back-up", "date": "2024-05-21 08:03:00", "resolution": "block" }, "geometry": { "type": "Point", "coordinates": [ -71.1002691, 42.3825879 ] } },
{ "type": "Feature", "properties": { "block_code": "250173502022007", "type": "Catch basin complaint", "date": "2024-05-14 16:35:00", "resolution": "block" }, "geometry": { "type": "Point", "coordinates": [ -71.0968051, 42.3904946 ] } },
{ "type": "Feature", "properties": { "block_code": "250173511012002", "type": "Catch basin complaint", "date": "2024-05-08 17:37:00", "resolution": "block" }, "geometry": { "type": "Point", "coordinates": [ -71.1075317, 42.3890725 ] } },
{ "type": "Feature", "properties": { "block_code": "250173511012003", "type": "Catch basin complaint", "date": "2024-05-08 17:35:00", "resolution": "block" }, "geometry": { "type": "Point", "coordinates": [ -71.1084597, 42.3888331 ] } },
{ "type": "Feature", "properties": { "block_code": "250173511021001", "type": "Catch basin complaint", "date": "2024-05-08 15:14:00", "resolution": "block" }, "geometry": { "type": "Point", "coordinates": [ -71.1079711, 42.3858696 ] } },
{ "type": "Feature", "properties": { "block_code": "250173510022002", "type": "Flooding Report", "date": "2024-05-08 11:48:00", "resolution": "block" }, "geometry": { "type": "Point", "coordinates": [ -71.1134159, 42.3930478 ] } },
{ "type": "Feature", "properties": { "block_code": "250173511011002", "type": "Catch Basin Cleaning", "date": "2024-05-08 08:54:00", "resolution": "block" }, "geometry": { "type": "Point", "coordinates": [ -71.1034204, 42.3905261 ] } },
{ "type": "Feature", "properties": { "block_code": "250173511011003", "type": "Catch Basin Cleaning", "date": "2024-05-08 08:53:00", "resolution": "block" }, "geometry": { "type": "Point", "coordinates": [ -71.1050923, 42.3902997 ] } },
{ "type": "Feature", "properties": { "block_code": "250173503002000", "type": "Flooding Report", "date": "2024-05-07 17:17:00", "resolution": "block" }, "geometry": { "type": "Point", "coordinates": [ -71.1080764, 42.3954262 ] } },
{ "type": "Feature", "properties": { "block_code": "250173511011006", "type": "Catch Basin Cleaning", "date": "2024-05-06 12:47:00", "resolution": "block" }, "geometry": { "type": "Point", "coordinates": [ -71.1035828, 42.388982 ] } },
{ "type": "Feature", "properties": { "block_code": "250173502022005", "type": "Catch basin complaint", "date": "2024-05-06 12:36:00", "resolution": "block" }, "geometry": { "type": "Point", "coordinates": [ -71.0984323, 42.3915241 ] } },
{ "type": "Feature", "properties": { "block_code": "250173512042000", "type": "Catch basin complaint", "date": "2024-05-04 21:34:00", "resolution": "block" }, "geometry": { "type": "Point", "coordinates": [ -71.1009062, 42.3830015 ] } },
{ "type": "Feature", "properties": { "block_code": "250173513001000", "type": "Catch basin complaint", "date": "2024-05-04 20:48:00", "resolution": "block" }, "geometry": { "type": "Point", "coordinates": [ -71.0962628, 42.3867866 ] } },
{ "type": "Feature", "properties": { "block_code": "250173510021001", "type": "Sewer Back-up", "date": "2024-05-03 12:33:00", "resolution": "block" }, "geometry": { "type": "Point", "coordinates": [ -71.1095032, 42.392032 ] } },
{ "type": "Feature", "properties": { "block_code": "250173512042007", "type": "Lost item in catch basin", "date": "2024-05-03 10:19:00", "resolution": "block" }, "geometry": { "type": "Point", "coordinates": [ -71.0981218, 42.3810714 ] } },
{ "type": "Feature", "properties": { "block_code": "250173514042007", "type": "Catch basin complaint", "date": "2024-05-02 19:08:00", "resolution": "block" }, "geometry": { "type": "Point", "coordinates": [ -71.0921775, 42.3855256 ] } },
{ "type": "Feature", "properties": { "block_code": "250173510023001", "type": "Catch basin complaint", "date": "2024-04-27 11:42:00", "resolution": "block" }, "geometry": { "type": "Point", "coordinates": [ -71.1102797, 42.3903553 ] } },
{ "type": "Feature", "properties": { "block_code": "250173511012004", "type": "Catch basin complaint", "date": "2024-04-25 15:19:00", "resolution": "block" }, "geometry": { "type": "Point", "coordinates": [ -71.1088432, 42.3896184 ] } },
{ "type": "Feature", "properties": { "block_code": "250173511012008", "type": "Sewer ", "date": "2024-04-25 11:57:00", "resolution": "block" }, "geometry": { "type": "Point", "coordinates": [ -71.1048957, 42.3879084 ] } },
{ "type": "Feature", "properties": { "block_code": "250173515003005", "type": "Catch Basin Cleaning", "date": "2024-04-23 08:15:00", "resolution": "block" }, "geometry": { "type": "Point", "coordinates": [ -71.0953637, 42.3791278 ] } },
{ "type": "Feature", "properties": { "block_code": "250173502013004", "type": "Sewer Back-up", "date": "2024-04-22 08:53:00", "resolution": "block" }, "geometry": { "type": "Point", "coordinates": [ -71.0905539, 42.3896112 ] } },
{ "type": "Feature", "properties": { "block_code": "250173503002003", "type": "Catch basin complaint", "date": "2024-04-21 15:17:00", "resolution": "block" }, "geometry": { "type": "Point", "coordinates": [ -71.1071543, 42.3935776 ] } },
{ "type": "Feature", "properties": { "block_code": "250173513001000", "type": "Catch Basin Cleaning", "date": "2024-04-16 08:50:00", "resolution": "block" }, "geometry": { "type": "Point", "coordinates": [ -71.0962628, 42.3867866 ] } },
{ "type": "Feature", "properties": { "block_code": "250173502013004", "type": "Sewer Back-up", "date": "2024-04-16 08:32:00", "resolution": "block" }, "geometry": { "type": "Point", "coordinates": [ -71.0905539, 42.3896112 ] } },
{ "type": "Feature", "properties": { "block_code": "250173502013004", "type": "Sewer ", "date": "2024-04-12 16:42:00", "resolution": "block" }, "geometry": { "type": "Point", "coordinates": [ -71.0905539, 42.3896112 ] } },
{ "type": "Feature", "properties": { "block_code": "250173514042008", "type": "Catch basin complaint", "date": "2024-04-12 09:46:00", "resolution": "block" }, "geometry": { "type": "Point", "coordinates": [ -71.0918012, 42.386044 ] } },
{ "type": "Feature", "properties": { "block_code": "250173502021000", "type": "Catch basin complaint", "date": "2024-04-12 09:02:00", "resolution": "block" }, "geometry": { "type": "Point", "coordinates": [ -71.1013357, 42.3953671 ] } },
{ "type": "Feature", "properties": { "block_code": "250173510021002", "type": "Catch basin complaint", "date": "2024-04-12 08:49:00", "resolution": "block" }, "geometry": { "type": "Point", "coordinates": [ -71.1099167, 42.3916073 ] } },
{ "type": "Feature", "properties": { "block_code": "250173512041008", "type": "Sewer Back-up", "date": "2024-04-10 11:07:00", "resolution": "block" }, "geometry": { "type": "Point", "coordinates": [ -71.1103585, 42.3826723 ] } },
{ "type": "Feature", "properties": { "block_code": "250173501082001", "type": "Catch basin complaint", "date": "2024-04-08 10:57:00", "resolution": "block" }, "geometry": { "type": "Point", "coordinates": [ -71.0969224, 42.3952069 ] } },
{ "type": "Feature", "properties": { "block_code": "250173501082001", "type": "Catch basin complaint", "date": "2024-04-08 10:21:00", "resolution": "block" }, "geometry": { "type": "Point", "coordinates": [ -71.0969224, 42.3952069 ] } },
{ "type": "Feature", "properties": { "block_code": "250173513002007", "type": "Flooding Report", "date": "2024-04-05 13:06:00", "resolution": "block" }, "geometry": { "type": "Point", "coordinates": [ -71.0946012, 42.3820914 ] } },
{ "type": "Feature", "properties": { "block_code": "250173503003010", "type": "Catch basin complaint", "date": "2024-04-05 09:37:00", "resolution": "block" }, "geometry": { "type": "Point", "coordinates": [ -71.1074979, 42.3962251 ] } },
{ "type": "Feature", "properties": { "block_code": "250173510021001", "type": "Flooding Report", "date": "2024-04-04 13:09:00", "resolution": "block" }, "geometry": { "type": "Point", "coordinates": [ -71.1095032, 42.392032 ] } },
{ "type": "Feature", "properties": { "block_code": "250173512041000", "type": "Catch basin complaint", "date": "2024-04-04 12:52:00", "resolution": "block" }, "geometry": { "type": "Point", "coordinates": [ -71.1034237, 42.3831173 ] } },
{ "type": "Feature", "properties": { "block_code": "250173502013004", "type": "Flooding Report", "date": "2024-04-04 12:10:00", "resolution": "block" }, "geometry": { "type": "Point", "coordinates": [ -71.0905539, 42.3896112 ] } },
{ "type": "Feature", "properties": { "block_code": "250173512041000", "type": "Catch basin complaint", "date": "2024-04-04 12:02:00", "resolution": "block" }, "geometry": { "type": "Point", "coordinates": [ -71.1034237, 42.3831173 ] } },
{ "type": "Feature", "properties": { "block_code": "250173513001000", "type": "Catch basin complaint", "date": "2024-04-02 14:19:00", "resolution": "block" }, "geometry": { "type": "Point", "coordinates": [ -71.0962628, 42.3867866 ] } },
{ "type": "Feature", "properties": { "block_code": "250173512034005", "type": "Sewer issue", "date": "2024-04-01 09:04:00", "resolution": "block" }, "geometry": { "type": "Point", "coordinates": [ -71.1049177, 42.376499 ] } },
{ "type": "Feature", "properties": { "block_code": "250173511012007", "type": "Sewer issue", "date": "2024-04-01 08:55:00", "resolution": "block" }, "geometry": { "type": "Point", "coordinates": [ -71.1052746, 42.3873554 ] } },
{ "type": "Feature", "properties": { "block_code": "250173504003000", "type": "Sewer issue", "date": "2024-03-29 17:14:00", "resolution": "block" }, "geometry": { "type": "Point", "coordinates": [ -71.1111481, 42.3955019 ] } },
{ "type": "Feature", "properties": { "block_code": "250173515003011", "type": "Sewer issue", "date": "2024-03-29 12:37:00", "resolution": "block" }, "geometry": { "type": "Point", "coordinates": [ -71.0928894, 42.3776778 ] } },
{ "type": "Feature", "properties": { "block_code": "250173510021002", "type": "Catch basin complaint", "date": "2024-03-29 12:22:00", "resolution": "block" }, "geometry": { "type": "Point", "coordinates": [ -71.1099167, 42.3916073 ] } },
{ "type": "Feature", "properties": { "block_code": "250173512032005", "type": "Catch Basin Repair", "date": "2024-03-29 10:04:00", "resolution": "block" }, "geometry": { "type": "Point", "coordinates": [ -71.0987134, 42.3770461 ] } },
{ "type": "Feature", "properties": { "block_code": "250173502013002", "type": "Catch Basin Repair", "date": "2024-03-29 10:01:00", "resolution": "block" }, "geometry": { "type": "Point", "coordinates": [ -71.0914879, 42.3906049 ] } },
{ "type": "Feature", "properties": { "block_code": "250173511012003", "type": "Catch basin complaint", "date": "2024-03-29 08:13:00", "resolution": "block" }, "geometry": { "type": "Point", "coordinates": [ -71.1084597, 42.3888331 ] } },
{ "type": "Feature", "properties": { "block_code": "250173511012004", "type": "Catch basin complaint", "date": "2024-03-29 08:13:00", "resolution": "block" }, "geometry": { "type": "Point", "coordinates": [ -71.1088432, 42.3896184 ] } },
{ "type": "Feature", "properties": { "block_code": "250173512042006", "type": "Sewer feedback ", "date": "2024-03-29 07:42:00", "resolution": "block" }, "geometry": { "type": "Point", "coordinates": [ -71.0992856, 42.3821032 ] } },
{ "type": "Feature", "properties": { "block_code": "250173503002005", "type": "Catch basin complaint", "date": "2024-03-28 08:32:00", "resolution": "block" }, "geometry": { "type": "Point", "coordinates": [ -71.1087339, 42.3932611 ] } },
{ "type": "Feature", "properties": { "block_code": "250173512041000", "type": "Catch basin complaint", "date": "2024-03-28 08:27:00", "resolution": "block" }, "geometry": { "type": "Point", "coordinates": [ -71.1034237, 42.3831173 ] } },
{ "type": "Feature", "properties": { "block_code": "250173503003013", "type": "Sewer ", "date": "2024-03-27 10:00:00", "resolution": "block" }, "geometry": { "type": "Point", "coordinates": [ -71.105195, 42.395002 ] } },
{ "type": "Feature", "properties": { "block_code": "250173501082006", "type": "Sewer issue", "date": "2024-03-26 12:02:00", "resolution": "block" }, "geometry": { "type": "Point", "coordinates": [ -71.0959664, 42.3946736 ] } },
{ "type": "Feature", "properties": { "block_code": "250173504003000", "type": "Catch basin complaint", "date": "2024-03-24 08:55:00", "resolution": "block" }, "geometry": { "type": "Point", "coordinates": [ -71.1111481, 42.3955019 ] } },
{ "type": "Feature", "properties": { "block_code": "250173515002009", "type": "Catch basin complaint", "date": "2024-03-23 20:43:00", "resolution": "block" }, "geometry": { "type": "Point", "coordinates": [ -71.0955614, 42.3749299 ] } },
{ "type": "Feature", "properties": { "block_code": "250173510021001", "type": "Catch basin complaint", "date": "2024-03-23 18:06:00", "resolution": "block" }, "geometry": { "type": "Point", "coordinates": [ -71.1095032, 42.392032 ] } },
{ "type": "Feature", "properties": { "block_code": "250173511011004", "type": "Catch basin complaint", "date": "2024-03-23 18:01:00", "resolution": "block" }, "geometry": { "type": "Point", "coordinates": [ -71.1062867, 42.389935 ] } },
{ "type": "Feature", "properties": { "block_code": "250173515002009", "type": "Catch basin complaint", "date": "2024-03-23 16:54:00", "resolution": "block" }, "geometry": { "type": "Point", "coordinates": [ -71.0955614, 42.3749299 ] } },
{ "type": "Feature", "properties": { "block_code": "250173511012004", "type": "Catch basin complaint", "date": "2024-03-23 10:15:00", "resolution": "block" }, "geometry": { "type": "Point", "coordinates": [ -71.1088432, 42.3896184 ] } },
{ "type": "Feature", "properties": { "block_code": "250173513001003", "type": "Catch basin complaint", "date": "2024-03-22 16:42:00", "resolution": "block" }, "geometry": { "type": "Point", "coordinates": [ -71.0983575, 42.3848534 ] } },
{ "type": "Feature", "properties": { "block_code": "250173513003005", "type": "Sewer issue", "date": "2024-03-21 11:23:00", "resolution": "block" }, "geometry": { "type": "Point", "coordinates": [ -71.0946106, 42.3802947 ] } },
{ "type": "Feature", "properties": { "block_code": "250173512033000", "type": "Sewer issue", "date": "2024-03-20 11:14:00", "resolution": "block" }, "geometry": { "type": "Point", "coordinates": [ -71.0969072, 42.376393 ] } },
{ "type": "Feature", "properties": { "block_code": "250173512041000", "type": "Sewer ", "date": "2024-03-18 13:29:00", "resolution": "block" }, "geometry": { "type": "Point", "coordinates": [ -71.1034237, 42.3831173 ] } },
{ "type": "Feature", "properties": { "block_code": "250173511021002", "type": "Catch basin complaint", "date": "2024-03-17 14:32:00", "resolution": "block" }, "geometry": { "type": "Point", "coordinates": [ -71.1093025, 42.3858856 ] } },
{ "type": "Feature", "properties": { "block_code": "250173512041003", "type": "Sewer Back-up", "date": "2024-03-15 15:01:00", "resolution": "block" }, "geometry": { "type": "Point", "coordinates": [ -71.1088113, 42.3831122 ] } },
{ "type": "Feature", "properties": { "block_code": "250173512041003", "type": "Sewer issue", "date": "2024-03-14 10:48:00", "resolution": "block" }, "geometry": { "type": "Point", "coordinates": [ -71.1088113, 42.3831122 ] } },
{ "type": "Feature", "properties": { "block_code": "250173515002000", "type": "Sewer issue", "date": "2024-03-12 08:48:00", "resolution": "block" }, "geometry": { "type": "Point", "coordinates": [ -71.0922245, 42.3759252 ] } },
{ "type": "Feature", "properties": { "block_code": "250173502022009", "type": "Catch basin complaint", "date": "2024-03-11 14:07:00", "resolution": "block" }, "geometry": { "type": "Point", "coordinates": [ -71.0989764, 42.3892666 ] } },
{ "type": "Feature", "properties": { "block_code": "250173515003010", "type": "Sewer issue", "date": "2024-03-11 11:51:00", "resolution": "block" }, "geometry": { "type": "Point", "coordinates": [ -71.0903598, 42.3765673 ] } },
{ "type": "Feature", "properties": { "block_code": "250173512033007", "type": "Sewer issue", "date": "2024-03-08 18:45:00", "resolution": "block" }, "geometry": { "type": "Point", "coordinates": [ -71.0973685, 42.3752705 ] } },
{ "type": "Feature", "properties": { "block_code": "250173512042003", "type": "Sewer ", "date": "2024-03-08 10:19:00", "resolution": "block" }, "geometry": { "type": "Point", "coordinates": [ -71.1017138, 42.380963 ] } },
{ "type": "Feature", "properties": { "block_code": "250173511012003", "type": "Catch basin complaint", "date": "2024-03-07 15:39:00", "resolution": "block" }, "geometry": { "type": "Point", "coordinates": [ -71.1084597, 42.3888331 ] } },
{ "type": "Feature", "properties": { "block_code": "250173511011005", "type": "Catch basin complaint", "date": "2024-03-07 13:52:00", "resolution": "block" }, "geometry": { "type": "Point", "coordinates": [ -71.1045086, 42.3892895 ] } },
{ "type": "Feature", "properties": { "block_code": "250173510021000", "type": "Catch basin complaint", "date": "2024-03-07 10:41:00", "resolution": "block" }, "geometry": { "type": "Point", "coordinates": [ -71.1090339, 42.392605 ] } },
{ "type": "Feature", "properties": { "block_code": "250173501082001", "type": "Sewer Back-up", "date": "2024-03-07 09:40:00", "resolution": "block" }, "geometry": { "type": "Point", "coordinates": [ -71.0969224, 42.3952069 ] } },
{ "type": "Feature", "properties": { "block_code": "250173502021004", "type": "Catch Basin Repair", "date": "2024-03-07 08:04:00", "resolution": "block" }, "geometry": { "type": "Point", "coordinates": [ -71.1014186, 42.3929903 ] } },
{ "type": "Feature", "properties": { "block_code": "250173510012010", "type": "Catch Basin Repair", "date": "2024-03-06 09:39:00", "resolution": "block" }, "geometry": { "type": "Point", "coordinates": [ -71.1119836, 42.3824404 ] } },
{ "type": "Feature", "properties": { "block_code": "250173512042003", "type": "Sewer ", "date": "2024-03-05 10:13:00", "resolution": "block" }, "geometry": { "type": "Point", "coordinates": [ -71.1017138, 42.380963 ] } },
{ "type": "Feature", "properties": { "block_code": "250173501082008", "type": "Sewer issue", "date": "2024-03-04 11:30:00", "resolution": "block" }, "geometry": { "type": "Point", "coordinates": [ -71.0935904, 42.3946172 ] } },
{ "type": "Feature", "properties": { "block_code": "250173501091012", "type": "Sewer issue", "date": "2024-03-04 09:39:00", "resolution": "block" }, "geometry": { "type": "Point", "coordinates": [ -71.0913565, 42.3932997 ] } },
{ "type": "Feature", "properties": { "block_code": "250173512033000", "type": "Sewer issue", "date": "2024-03-02 09:18:00", "resolution": "block" }, "geometry": { "type": "Point", "coordinates": [ -71.0969072, 42.376393 ] } },
{ "type": "Feature", "properties": { "block_code": "250173512033000", "type": "Sewer ", "date": "2024-03-02 08:31:00", "resolution": "block" }, "geometry": { "type": "Point", "coordinates": [ -71.0969072, 42.376393 ] } },
{ "type": "Feature", "properties": { "block_code": "250173512031000", "type": "Sewer issue", "date": "2024-02-26 11:09:00", "resolution": "block" }, "geometry": { "type": "Point", "coordinates": [ -71.1018843, 42.377779 ] } },
{ "type": "Feature", "properties": { "block_code": "250173512042003", "type": "Sewer ", "date": "2024-02-26 09:16:00", "resolution": "block" }, "geometry": { "type": "Point", "coordinates": [ -71.1017138, 42.380963 ] } },
{ "type": "Feature", "properties": { "block_code": "250173502021004", "type": "Catch basin complaint", "date": "2024-02-19 11:05:00", "resolution": "block" }, "geometry": { "type": "Point", "coordinates": [ -71.1014186, 42.3929903 ] } },
{ "type": "Feature", "properties": { "block_code": "250173513002003", "type": "Sewer issue", "date": "2024-02-18 11:03:00", "resolution": "block" }, "geometry": { "type": "Point", "coordinates": [ -71.0939679, 42.3840196 ] } },
{ "type": "Feature", "properties": { "block_code": "250173503001004", "type": "Catch basin complaint", "date": "2024-02-15 20:57:00", "resolution": "block" }, "geometry": { "type": "Point", "coordinates": [ -71.1043659, 42.3947051 ] } },
{ "type": "Feature", "properties": { "block_code": "250173512041008", "type": "Sewer issue", "date": "2024-02-14 14:24:00", "resolution": "block" }, "geometry": { "type": "Point", "coordinates": [ -71.1103585, 42.3826723 ] } },
{ "type": "Feature", "properties": { "block_code": "250173513002003", "type": "Catch basin complaint", "date": "2024-02-14 08:35:00", "resolution": "block" }, "geometry": { "type": "Point", "coordinates": [ -71.0939679, 42.3840196 ] } },
{ "type": "Feature", "properties": { "block_code": "250173513002003", "type": "Catch basin complaint", "date": "2024-02-14 07:49:00", "resolution": "block" }, "geometry": { "type": "Point", "coordinates": [ -71.0939679, 42.3840196 ] } },
{ "type": "Feature", "properties": { "block_code": "250173512042003", "type": "Sewer Back-up", "date": "2024-02-11 14:45:00", "resolution": "block" }, "geometry": { "type": "Point", "coordinates": [ -71.1017138, 42.380963 ] } },
{ "type": "Feature", "properties": { "block_code": "250173502023004", "type": "Sewer Back-up", "date": "2024-02-07 11:19:00", "resolution": "block" }, "geometry": { "type": "Point", "coordinates": [ -71.0955022, 42.3924417 ] } },
{ "type": "Feature", "properties": { "block_code": "250173502022011", "type": "Sewer issue", "date": "2024-02-07 11:10:00", "resolution": "block" }, "geometry": { "type": "Point", "coordinates": [ -71.0985189, 42.3897979 ] } },
{ "type": "Feature", "properties": { "block_code": "250173510021001", "type": "Catch basin complaint", "date": "2024-01-31 09:40:00", "resolution": "block" }, "geometry": { "type": "Point", "coordinates": [ -71.1095032, 42.392032 ] } },
{ "type": "Feature", "properties": { "block_code": "250173504003003", "type": "Sewer issue", "date": "2024-01-27 14:30:00", "resolution": "block" }, "geometry": { "type": "Point", "coordinates": [ -71.1132401, 42.3961407 ] } },
{ "type": "Feature", "properties": { "block_code": "250173513002003", "type": "Catch basin complaint", "date": "2024-01-26 12:43:00", "resolution": "block" }, "geometry": { "type": "Point", "coordinates": [ -71.0939679, 42.3840196 ] } },
{ "type": "Feature", "properties": { "block_code": "250173510023004", "type": "Catch basin complaint", "date": "2024-01-26 08:16:00", "resolution": "block" }, "geometry": { "type": "Point", "coordinates": [ -71.1104543, 42.388692 ] } },
{ "type": "Feature", "properties": { "block_code": "250173512031004", "type": "Sewer issue", "date": "2024-01-25 10:02:00", "resolution": "block" }, "geometry": { "type": "Point", "coordinates": [ -71.1061954, 42.3776039 ] } },
{ "type": "Feature", "properties": { "block_code": "250173512032001", "type": "Sewer issue", "date": "2024-01-23 16:16:00", "resolution": "block" }, "geometry": { "type": "Point", "coordinates": [ -71.0994009, 42.3782847 ] } },
{ "type": "Feature", "properties": { "block_code": "250173510023000", "type": "Catch basin complaint", "date": "2024-01-18 14:11:00", "resolution": "block" }, "geometry": { "type": "Point", "coordinates": [ -71.111919, 42.3907589 ] } },
{ "type": "Feature", "properties": { "block_code": "250173510023000", "type": "Catch basin complaint", "date": "2024-01-18 10:38:00", "resolution": "block" }, "geometry": { "type": "Point", "coordinates": [ -71.111919, 42.3907589 ] } },
{ "type": "Feature", "properties": { "block_code": "250173511012002", "type": "Catch basin complaint", "date": "2024-01-16 15:31:00", "resolution": "block" }, "geometry": { "type": "Point", "coordinates": [ -71.1075317, 42.3890725 ] } },
{ "type": "Feature", "properties": { "block_code": "250173502022009", "type": "Catch basin complaint", "date": "2024-01-16 14:16:00", "resolution": "block" }, "geometry": { "type": "Point", "coordinates": [ -71.0989764, 42.3892666 ] } },
{ "type": "Feature", "properties": { "block_code": "250173515003007", "type": "Catch basin complaint", "date": "2024-01-13 09:51:00", "resolution": "block" }, "geometry": { "type": "Point", "coordinates": [ -71.095099, 42.378557 ] } },
{ "type": "Feature", "properties": { "block_code": "250173515003008", "type": "Catch basin complaint", "date": "2024-01-13 09:15:00", "resolution": "block" }, "geometry": { "type": "Point", "coordinates": [ -71.0950001, 42.3781782 ] } },
{ "type": "Feature", "properties": { "block_code": "250173512043003", "type": "Catch Basin Repair", "date": "2024-01-12 08:41:00", "resolution": "block" }, "geometry": { "type": "Point", "coordinates": [ -71.1085347, 42.3810508 ] } },
{ "type": "Feature", "properties": { "block_code": "250173512042009", "type": "Catch basin complaint", "date": "2024-01-11 17:34:00", "resolution": "block" }, "geometry": { "type": "Point", "coordinates": [ -71.101582, 42.3798805 ] } },
{ "type": "Feature", "properties": { "block_code": "250173514042001", "type": "Catch basin complaint", "date": "2024-01-11 15:41:00", "resolution": "block" }, "geometry": { "type": "Point", "coordinates": [ -71.0900922, 42.386191 ] } },
{ "type": "Feature", "properties": { "block_code": "250173510022002", "type": "Catch basin complaint", "date": "2024-01-11 14:36:00", "resolution": "block" }, "geometry": { "type": "Point", "coordinates": [ -71.1134159, 42.3930478 ] } },
{ "type": "Feature", "properties": { "block_code": "250173512031000", "type": "Catch basin complaint", "date": "2024-01-10 23:58:00", "resolution": "block" }, "geometry": { "type": "Point", "coordinates": [ -71.1018843, 42.377779 ] } },
{ "type": "Feature", "properties": { "block_code": "250173511012007", "type": "Sewer Back-up", "date": "2024-01-10 17:08:00", "resolution": "block" }, "geometry": { "type": "Point", "coordinates": [ -71.1052746, 42.3873554 ] } },
{ "type": "Feature", "properties": { "block_code": "250173510021000", "type": "Catch basin complaint", "date": "2024-01-10 16:28:00", "resolution": "block" }, "geometry": { "type": "Point", "coordinates": [ -71.1090339, 42.392605 ] } },
{ "type": "Feature", "properties": { "block_code": "250173511012007", "type": "Sewer issue", "date": "2024-01-10 15:40:00", "resolution": "block" }, "geometry": { "type": "Point", "coordinates": [ -71.1052746, 42.3873554 ] } },
{ "type": "Feature", "properties": { "block_code": "250173512033001", "type": "Catch basin complaint", "date": "2024-01-10 14:59:00", "resolution": "block" }, "geometry": { "type": "Point", "coordinates": [ -71.0990007, 42.3759458 ] } },
{ "type": "Feature", "properties": { "block_code": "250173512043000", "type": "Catch basin complaint", "date": "2024-01-10 13:01:00", "resolution": "block" }, "geometry": { "type": "Point", "coordinates": [ -71.1035381, 42.379698 ] } },
{ "type": "Feature", "properties": { "block_code": "250173512042009", "type": "Catch basin complaint", "date": "2024-01-10 11:11:00", "resolution": "block" }, "geometry": { "type": "Point", "coordinates": [ -71.101582, 42.3798805 ] } },
{ "type": "Feature", "properties": { "block_code": "250173512043000", "type": "Catch basin complaint", "date": "2024-01-10 09:03:00", "resolution": "block" }, "geometry": { "type": "Point", "coordinates": [ -71.1035381, 42.379698 ] } },
{ "type": "Feature", "properties": { "block_code": "250173501091021", "type": "Catch basin complaint", "date": "2024-01-10 07:55:00", "resolution": "block" }, "geometry": { "type": "Point", "coordinates": [ -71.0905632, 42.3920382 ] } },
{ "type": "Feature", "properties": { "block_code": "250173502022010", "type": "Catch basin complaint", "date": "2024-01-10 06:16:00", "resolution": "block" }, "geometry": { "type": "Point", "coordinates": [ -71.0990736, 42.3901747 ] } },
{ "type": "Feature", "properties": { "block_code": "250173512043000", "type": "Sewer issue", "date": "2024-01-10 05:31:00", "resolution": "block" }, "geometry": { "type": "Point", "coordinates": [ -71.1035381, 42.379698 ] } },
{ "type": "Feature", "properties": { "block_code": "250173510012008", "type": "Sewer issue", "date": "2024-01-10 04:23:00", "resolution": "block" }, "geometry": { "type": "Point", "coordinates": [ -71.1139008, 42.3840421 ] } },
{ "type": "Feature", "properties": { "block_code": "250173501082000", "type": "Catch basin complaint", "date": "2024-01-09 12:47:00", "resolution": "block" }, "geometry": { "type": "Point", "coordinates": [ -71.0961968, 42.3959797 ] } },
{ "type": "Feature", "properties": { "block_code": "250173515002009", "type": "Catch basin complaint", "date": "2024-01-08 15:58:00", "resolution": "block" }, "geometry": { "type": "Point", "coordinates": [ -71.0955614, 42.3749299 ] } },
{ "type": "Feature", "properties": { "block_code": "250173510022004", "type": "Catch basin complaint", "date": "2024-01-07 09:59:00", "resolution": "block" }, "geometry": { "type": "Point", "coordinates": [ -71.1137441, 42.3920109 ] } },
{ "type": "Feature", "properties": { "block_code": "250173512034000", "type": "Sewer issue", "date": "2024-01-06 15:11:00", "resolution": "block" }, "geometry": { "type": "Point", "coordinates": [ -71.1017102, 42.3766413 ] } },
{ "type": "Feature", "properties": { "block_code": "250173503003008", "type": "Sewer Back-up", "date": "2024-01-05 14:33:00", "resolution": "block" }, "geometry": { "type": "Point", "coordinates": [ -71.1049512, 42.3960905 ] } },
{ "type": "Feature", "properties": { "block_code": "250173512042011", "type": "Sewer issue", "date": "2024-01-04 08:11:00", "resolution": "block" }, "geometry": { "type": "Point", "coordinates": [ -71.0973322, 42.3799025 ] } },
{ "type": "Feature", "properties": { "block_code": "250173512032000", "type": "Sewer issue", "date": "2024-01-04 08:06:00", "resolution": "block" }, "geometry": { "type": "Point", "coordinates": [ -71.0970141, 42.3789611 ] } },
{ "type": "Feature", "properties": { "block_code": "250173510023000", "type": "Sewer issue", "date": "2024-01-04 08:03:00", "resolution": "block" }, "geometry": { "type": "Point", "coordinates": [ -71.111919, 42.3907589 ] } },
{ "type": "Feature", "properties": { "block_code": "250173503002007", "type": "Catch basin complaint", "date": "2024-01-03 14:45:00", "resolution": "block" }, "geometry": { "type": "Point", "coordinates": [ -71.107482, 42.3926002 ] } },
{ "type": "Feature", "properties": { "block_code": "250173512043010", "type": "Sewer feedback ", "date": "2024-01-01 12:38:00", "resolution": "block" }, "geometry": { "type": "Point", "coordinates": [ -71.1061084, 42.3787951 ] } },
{ "type": "Feature", "properties": { "block_code": "250173502022010", "type": "Catch basin complaint", "date": "2023-12-19 21:50:00", "resolution": "block" }, "geometry": { "type": "Point", "coordinates": [ -71.0990736, 42.3901747 ] } },
{ "type": "Feature", "properties": { "block_code": "250173502021008", "type": "Sewer issue", "date": "2023-12-19 17:11:00", "resolution": "block" }, "geometry": { "type": "Point", "coordinates": [ -71.1018111, 42.3917774 ] } },
{ "type": "Feature", "properties": { "block_code": "250173510021000", "type": "Catch basin complaint", "date": "2023-12-19 16:08:00", "resolution": "block" }, "geometry": { "type": "Point", "coordinates": [ -71.1090339, 42.392605 ] } },
{ "type": "Feature", "properties": { "block_code": "250173511022004", "type": "Sewer issue", "date": "2023-12-19 12:08:00", "resolution": "block" }, "geometry": { "type": "Point", "coordinates": [ -71.1026983, 42.3841364 ] } },
{ "type": "Feature", "properties": { "block_code": "250173512042002", "type": "Sewer issue", "date": "2023-12-19 10:09:00", "resolution": "block" }, "geometry": { "type": "Point", "coordinates": [ -71.102543, 42.3824975 ] } },
{ "type": "Feature", "properties": { "block_code": "250173512043002", "type": "Sewer issue", "date": "2023-12-19 09:20:00", "resolution": "block" }, "geometry": { "type": "Point", "coordinates": [ -71.1061277, 42.3809645 ] } },
{ "type": "Feature", "properties": { "block_code": "250173512043002", "type": "Catch basin complaint", "date": "2023-12-19 08:40:00", "resolution": "block" }, "geometry": { "type": "Point", "coordinates": [ -71.1061277, 42.3809645 ] } },
{ "type": "Feature", "properties": { "block_code": "250173514042008", "type": "Catch basin complaint", "date": "2023-12-18 14:41:00", "resolution": "block" }, "geometry": { "type": "Point", "coordinates": [ -71.0918012, 42.386044 ] } },
{ "type": "Feature", "properties": { "block_code": "250173502022009", "type": "Sewer issue", "date": "2023-12-18 13:53:00", "resolution": "block" }, "geometry": { "type": "Point", "coordinates": [ -71.0989764, 42.3892666 ] } },
{ "type": "Feature", "properties": { "block_code": "250173512043006", "type": "Catch basin complaint", "date": "2023-12-18 13:31:00", "resolution": "block" }, "geometry": { "type": "Point", "coordinates": [ -71.1067731, 42.3798036 ] } },
{ "type": "Feature", "properties": { "block_code": "250173512043002", "type": "Sewer issue", "date": "2023-12-18 13:22:00", "resolution": "block" }, "geometry": { "type": "Point", "coordinates": [ -71.1061277, 42.3809645 ] } },
{ "type": "Feature", "properties": { "block_code": "250173511012007", "type": "Sewer issue", "date": "2023-12-18 13:10:00", "resolution": "block" }, "geometry": { "type": "Point", "coordinates": [ -71.1052746, 42.3873554 ] } },
{ "type": "Feature", "properties": { "block_code": "250173512043000", "type": "Sewer ", "date": "2023-12-18 12:58:00", "resolution": "block" }, "geometry": { "type": "Point", "coordinates": [ -71.1035381, 42.379698 ] } },
{ "type": "Feature", "properties": { "block_code": "250173511022003", "type": "Catch basin complaint", "date": "2023-12-18 12:57:00", "resolution": "block" }, "geometry": { "type": "Point", "coordinates": [ -71.1052853, 42.3844793 ] } },
{ "type": "Feature", "properties": { "block_code": "250173515002009", "type": "Catch basin complaint", "date": "2023-12-18 12:55:00", "resolution": "block" }, "geometry": { "type": "Point", "coordinates": [ -71.0955614, 42.3749299 ] } },
{ "type": "Feature", "properties": { "block_code": "250173510013006", "type": "Sewer issue", "date": "2023-12-18 12:53:00", "resolution": "block" }, "geometry": { "type": "Point", "coordinates": [ -71.1127159, 42.3886881 ] } },
{ "type": "Feature", "properties": { "block_code": "250173510012009", "type": "Sewer ", "date": "2023-12-18 12:50:00", "resolution": "block" }, "geometry": { "type": "Point", "coordinates": [ -71.1129932, 42.3832829 ] } },
{ "type": "Feature", "properties": { "block_code": "250173512042003", "type": "Sewer ", "date": "2023-12-18 12:47:00", "resolution": "block" }, "geometry": { "type": "Point", "coordinates": [ -71.1017138, 42.380963 ] } },
{ "type": "Feature", "properties": { "block_code": "250173512042006", "type": "Catch basin complaint", "date": "2023-12-18 12:46:00", "resolution": "block" }, "geometry": { "type": "Point", "coordinates": [ -71.0992856, 42.3821032 ] } },
{ "type": "Feature", "properties": { "block_code": "250173511022004", "type": "Sewer ", "date": "2023-12-18 12:45:00", "resolution": "block" }, "geometry": { "type": "Point", "coordinates": [ -71.1026983, 42.3841364 ] } },
{ "type": "Feature", "properties": { "block_code": "250173501091013", "type": "Sewer ", "date": "2023-12-18 12:39:00", "resolution": "block" }, "geometry": { "type": "Point", "coordinates": [ -71.0920922, 42.3926099 ] } },
{ "type": "Feature", "properties": { "block_code": "250173513002003", "type": "Catch basin complaint", "date": "2023-12-18 12:37:00", "resolution": "block" }, "geometry": { "type": "Point", "coordinates": [ -71.0939679, 42.3840196 ] } },
{ "type": "Feature", "properties": { "block_code": "250173510021000", "type": "Sewer issue", "date": "2023-12-18 12:32:00", "resolution": "block" }, "geometry": { "type": "Point", "coordinates": [ -71.1090339, 42.392605 ] } },
{ "type": "Feature", "properties": { "block_code": "250173503001005", "type": "Catch basin complaint", "date": "2023-12-18 12:26:00", "resolution": "block" }, "geometry": { "type": "Point", "coordinates": [ -71.1036535, 42.391802 ] } },
{ "type": "Feature", "properties": { "block_code": "250173512032003", "type": "Catch basin complaint", "date": "2023-12-18 12:23:00", "resolution": "block" }, "geometry": { "type": "Point", "coordinates": [ -71.0975542, 42.3778283 ] } },
{ "type": "Feature", "properties": { "block_code": "250173511011003", "type": "Sewer issue", "date": "2023-12-18 12:21:00", "resolution": "block" }, "geometry": { "type": "Point", "coordinates": [ -71.1050923, 42.3902997 ] } },
{ "type": "Feature", "properties": { "block_code": "250173512041002", "type": "Sewer issue", "date": "2023-12-18 12:19:00", "resolution": "block" }, "geometry": { "type": "Point", "coordinates": [ -71.1057348, 42.382007 ] } },
{ "type": "Feature", "properties": { "block_code": "250173512041008", "type": "Sewer issue", "date": "2023-12-18 12:19:00", "resolution": "block" }, "geometry": { "type": "Point", "coordinates": [ -71.1103585, 42.3826723 ] } },
{ "type": "Feature", "properties": { "block_code": "250173513001009", "type": "Sewer issue", "date": "2023-12-18 12:18:00", "resolution": "block" }, "geometry": { "type": "Point", "coordinates": [ -71.0971393, 42.3823994 ] } },
{ "type": "Feature", "properties": { "block_code": "250173502021005", "type": "Sewer issue", "date": "2023-12-18 12:15:00", "resolution": "block" }, "geometry": { "type": "Point", "coordinates": [ -71.1028696, 42.3932904 ] } },
{ "type": "Feature", "properties": { "block_code": "250173510013007", "type": "Sewer issue", "date": "2023-12-18 12:14:00", "resolution": "block" }, "geometry": { "type": "Point", "coordinates": [ -71.1135304, 42.3875341 ] } },
{ "type": "Feature", "properties": { "block_code": "250173510022004", "type": "Catch basin complaint", "date": "2023-12-18 07:37:00", "resolution": "block" }, "geometry": { "type": "Point", "coordinates": [ -71.1137441, 42.3920109 ] } },
{ "type": "Feature", "properties": { "block_code": "250173510022004", "type": "Catch basin complaint", "date": "2023-12-18 07:37:00", "resolution": "block" }, "geometry": { "type": "Point", "coordinates": [ -71.1137441, 42.3920109 ] } },
{ "type": "Feature", "properties": { "block_code": "250173502012002", "type": "Catch basin complaint", "date": "2023-12-15 09:28:00", "resolution": "block" }, "geometry": { "type": "Point", "coordinates": [ -71.0958931, 42.3894379 ] } },
{ "type": "Feature", "properties": { "block_code": "250173504003003", "type": "Catch basin complaint", "date": "2023-12-13 08:31:00", "resolution": "block" }, "geometry": { "type": "Point", "coordinates": [ -71.1132401, 42.3961407 ] } },
{ "type": "Feature", "properties": { "block_code": "250173503002002", "type": "Catch basin complaint", "date": "2023-12-12 08:49:00", "resolution": "block" }, "geometry": { "type": "Point", "coordinates": [ -71.1093494, 42.3943893 ] } },
{ "type": "Feature", "properties": { "block_code": "250173511013006", "type": "Sewer Back-up", "date": "2023-12-11 09:49:00", "resolution": "block" }, "geometry": { "type": "Point", "coordinates": [ -71.1024796, 42.3877038 ] } },
{ "type": "Feature", "properties": { "block_code": "250173511012000", "type": "Catch basin complaint", "date": "2023-12-10 14:42:00", "resolution": "block" }, "geometry": { "type": "Point", "coordinates": [ -71.1045164, 42.3884434 ] } },
{ "type": "Feature", "properties": { "block_code": "250173512032001", "type": "Catch basin complaint", "date": "2023-12-08 16:13:00", "resolution": "block" }, "geometry": { "type": "Point", "coordinates": [ -71.0994009, 42.3782847 ] } },
{ "type": "Feature", "properties": { "block_code": "250173512031003", "type": "Catch basin complaint", "date": "2023-12-08 13:19:00", "resolution": "block" }, "geometry": { "type": "Point", "coordinates": [ -71.1049829, 42.3780209 ] } },
{ "type": "Feature", "properties": { "block_code": "250173512043010", "type": "Catch basin complaint", "date": "2023-12-08 13:17:00", "resolution": "block" }, "geometry": { "type": "Point", "coordinates": [ -71.1061084, 42.3787951 ] } },
{ "type": "Feature", "properties": { "block_code": "250173512042006", "type": "Catch basin complaint", "date": "2023-12-08 12:03:00", "resolution": "block" }, "geometry": { "type": "Point", "coordinates": [ -71.0992856, 42.3821032 ] } },
{ "type": "Feature", "properties": { "block_code": "250173512041007", "type": "Sewer Back-up", "date": "2023-12-08 11:01:00", "resolution": "block" }, "geometry": { "type": "Point", "coordinates": [ -71.1045198, 42.3821824 ] } },
{ "type": "Feature", "properties": { "block_code": "250173512041007", "type": "Sewer Back-up", "date": "2023-12-08 09:47:00", "resolution": "block" }, "geometry": { "type": "Point", "coordinates": [ -71.1045198, 42.3821824 ] } },
{ "type": "Feature", "properties": { "block_code": "250173513001000", "type": "Catch basin complaint", "date": "2023-12-04 14:19:00", "resolution": "block" }, "geometry": { "type": "Point", "coordinates": [ -71.0962628, 42.3867866 ] } },
{ "type": "Feature", "properties": { "block_code": "250173513001000", "type": "Catch basin complaint", "date": "2023-12-04 08:47:00", "resolution": "block" }, "geometry": { "type": "Point", "coordinates": [ -71.0962628, 42.3867866 ] } },
{ "type": "Feature", "properties": { "block_code": "250173510023005", "type": "Catch basin complaint", "date": "2023-12-01 14:10:00", "resolution": "block" }, "geometry": { "type": "Point", "coordinates": [ -71.1129021, 42.3904462 ] } },
{ "type": "Feature", "properties": { "block_code": "250173503003012", "type": "Sewer Back-up", "date": "2023-11-28 09:32:00", "resolution": "block" }, "geometry": { "type": "Point", "coordinates": [ -71.1066289, 42.3958097 ] } },
{ "type": "Feature", "properties": { "block_code": "250173510011001", "type": "Catch basin complaint", "date": "2023-11-26 11:57:00", "resolution": "block" }, "geometry": { "type": "Point", "coordinates": [ -71.1104568, 42.3876846 ] } },
{ "type": "Feature", "properties": { "block_code": "250173511012000", "type": "Catch basin complaint", "date": "2023-11-22 14:12:00", "resolution": "block" }, "geometry": { "type": "Point", "coordinates": [ -71.1045164, 42.3884434 ] } },
{ "type": "Feature", "properties": { "block_code": "250173512032001", "type": "Catch basin complaint", "date": "2023-11-17 08:32:00", "resolution": "block" }, "geometry": { "type": "Point", "coordinates": [ -71.0994009, 42.3782847 ] } },
{ "type": "Feature", "properties": { "block_code": "250173513001004", "type": "Catch basin complaint", "date": "2023-11-15 12:56:00", "resolution": "block" }, "geometry": { "type": "Point", "coordinates": [ -71.0991661, 42.3853447 ] } },
{ "type": "Feature", "properties": { "block_code": "250173510022001", "type": "Sewer issue", "date": "2023-11-13 02:24:00", "resolution": "block" }, "geometry": { "type": "Point", "coordinates": [ -71.1129886, 42.3935952 ] } },
{ "type": "Feature", "properties": { "block_code": "250173512033009", "type": "Sewer issue", "date": "2023-11-10 15:39:00", "resolution": "block" }, "geometry": { "type": "Point", "coordinates": [ -71.0997979, 42.374736 ] } },
{ "type": "Feature", "properties": { "block_code": "250173510021001", "type": "Sewer ", "date": "2023-11-07 09:18:00", "resolution": "block" }, "geometry": { "type": "Point", "coordinates": [ -71.1095032, 42.392032 ] } },
{ "type": "Feature", "properties": { "block_code": "250173502022010", "type": "Sewer Back-up", "date": "2023-11-04 14:42:00", "resolution": "block" }, "geometry": { "type": "Point", "coordinates": [ -71.0990736, 42.3901747 ] } },
{ "type": "Feature", "properties": { "block_code": "250173502013003", "type": "Sewer issue", "date": "2023-11-03 09:33:00", "resolution": "block" }, "geometry": { "type": "Point", "coordinates": [ -71.0907712, 42.39029 ] } },
{ "type": "Feature", "properties": { "block_code": "250173503003008", "type": "Sewer issue", "date": "2023-10-31 08:58:00", "resolution": "block" }, "geometry": { "type": "Point", "coordinates": [ -71.1049512, 42.3960905 ] } },
{ "type": "Feature", "properties": { "block_code": "250173511012004", "type": "Catch basin complaint", "date": "2023-10-30 14:26:00", "resolution": "block" }, "geometry": { "type": "Point", "coordinates": [ -71.1088432, 42.3896184 ] } },
{ "type": "Feature", "properties": { "block_code": "250173503003008", "type": "Sewer Back-up", "date": "2023-10-30 10:48:00", "resolution": "block" }, "geometry": { "type": "Point", "coordinates": [ -71.1049512, 42.3960905 ] } },
{ "type": "Feature", "properties": { "block_code": "250173515003010", "type": "Catch basin complaint", "date": "2023-10-27 11:06:00", "resolution": "block" }, "geometry": { "type": "Point", "coordinates": [ -71.0903598, 42.3765673 ] } },
{ "type": "Feature", "properties": { "block_code": "250173514042007", "type": "Catch basin complaint", "date": "2023-10-27 10:56:00", "resolution": "block" }, "geometry": { "type": "Point", "coordinates": [ -71.0921775, 42.3855256 ] } },
{ "type": "Feature", "properties": { "block_code": "250173511012005", "type": "Catch basin complaint", "date": "2023-10-25 21:27:00", "resolution": "block" }, "geometry": { "type": "Point", "coordinates": [ -71.1095484, 42.3899789 ] } },
{ "type": "Feature", "properties": { "block_code": "250173503001000", "type": "Catch basin complaint", "date": "2023-10-25 15:44:00", "resolution": "block" }, "geometry": { "type": "Point", "coordinates": [ -71.1024391, 42.3960823 ] } },
{ "type": "Feature", "properties": { "block_code": "250173513002000", "type": "Catch basin complaint", "date": "2023-10-22 20:09:00", "resolution": "block" }, "geometry": { "type": "Point", "coordinates": [ -71.0925266, 42.3850338 ] } },
{ "type": "Feature", "properties": { "block_code": "250173502021005", "type": "Sewer issue", "date": "2023-10-22 16:20:00", "resolution": "block" }, "geometry": { "type": "Point", "coordinates": [ -71.1028696, 42.3932904 ] } },
{ "type": "Feature", "properties": { "block_code": "250173514042005", "type": "Catch basin complaint", "date": "2023-10-21 16:28:00", "resolution": "block" }, "geometry": { "type": "Point", "coordinates": [ -71.093952, 42.38686 ] } },
{ "type": "Feature", "properties": { "block_code": "250173502022010", "type": "Sewer issue", "date": "2023-10-19 12:19:00", "resolution": "block" }, "geometry": { "type": "Point", "coordinates": [ -71.0990736, 42.3901747 ] } },
{ "type": "Feature", "properties": { "block_code": "250173515003001", "type": "Sewer issue", "date": "2023-10-18 11:38:00", "resolution": "block" }, "geometry": { "type": "Point", "coordinates": [ -71.0907945, 42.3787836 ] } },
{ "type": "Feature", "properties": { "block_code": "250173515003001", "type": "Sewer issue", "date": "2023-10-17 04:00:00", "resolution": "block" }, "geometry": { "type": "Point", "coordinates": [ -71.0907945, 42.3787836 ] } },
{ "type": "Feature", "properties": { "block_code": "250173502021003", "type": "Catch basin complaint", "date": "2023-10-16 15:26:00", "resolution": "block" }, "geometry": { "type": "Point", "coordinates": [ -71.099972, 42.3941701 ] } },
{ "type": "Feature", "properties": { "block_code": "250173512042005", "type": "Catch basin complaint", "date": "2023-10-16 13:18:00", "resolution": "block" }, "geometry": { "type": "Point", "coordinates": [ -71.1002691, 42.3825879 ] } },
{ "type": "Feature", "properties": { "block_code": "250173503001004", "type": "Sewer issue", "date": "2023-10-13 18:04:00", "resolution": "block" }, "geometry": { "type": "Point", "coordinates": [ -71.1043659, 42.3947051 ] } },
{ "type": "Feature", "properties": { "block_code": "250173503001004", "type": "Sewer ", "date": "2023-10-13 14:18:00", "resolution": "block" }, "geometry": { "type": "Point", "coordinates": [ -71.1043659, 42.3947051 ] } },
{ "type": "Feature", "properties": { "block_code": "250173513002010", "type": "Sewer feedback ", "date": "2023-10-12 11:35:00", "resolution": "block" }, "geometry": { "type": "Point", "coordinates": [ -71.0955932, 42.3806955 ] } },
{ "type": "Feature", "properties": { "block_code": "250173512042007", "type": "Sewer issue", "date": "2023-10-12 08:19:00", "resolution": "block" }, "geometry": { "type": "Point", "coordinates": [ -71.0981218, 42.3810714 ] } },
{ "type": "Feature", "properties": { "block_code": "250173502021001", "type": "Sewer issue", "date": "2023-10-10 13:02:00", "resolution": "block" }, "geometry": { "type": "Point", "coordinates": [ -71.1019318, 42.3957536 ] } },
{ "type": "Feature", "properties": { "block_code": "250173502021001", "type": "Sewer issue", "date": "2023-10-10 13:00:00", "resolution": "block" }, "geometry": { "type": "Point", "coordinates": [ -71.1019318, 42.3957536 ] } },
{ "type": "Feature", "properties": { "block_code": "250173511012000", "type": "Catch basin complaint", "date": "2023-10-06 08:07:00", "resolution": "block" }, "geometry": { "type": "Point", "coordinates": [ -71.1045164, 42.3884434 ] } },
{ "type": "Feature", "properties": { "block_code": "250173510022004", "type": "Catch basin complaint", "date": "2023-10-02 10:17:00", "resolution": "block" }, "geometry": { "type": "Point", "coordinates": [ -71.1137441, 42.3920109 ] } },
{ "type": "Feature", "properties": { "block_code": "250173513003001", "type": "Catch basin complaint", "date": "2023-10-02 09:57:00", "resolution": "block" }, "geometry": { "type": "Point", "coordinates": [ -71.0924454, 42.3818061 ] } },
{ "type": "Feature", "properties": { "block_code": "250173512042006", "type": "Catch basin complaint", "date": "2023-09-30 08:55:00", "resolution": "block" }, "geometry": { "type": "Point", "coordinates": [ -71.0992856, 42.3821032 ] } },
{ "type": "Feature", "properties": { "block_code": "250173513003002", "type": "Sewer issue", "date": "2023-09-29 18:40:00", "resolution": "block" }, "geometry": { "type": "Point", "coordinates": [ -71.091758, 42.3811243 ] } },
{ "type": "Feature", "properties": { "block_code": "250173510012009", "type": "Sewer issue", "date": "2023-09-28 11:23:00", "resolution": "block" }, "geometry": { "type": "Point", "coordinates": [ -71.1129932, 42.3832829 ] } },
{ "type": "Feature", "properties": { "block_code": "250173513003005", "type": "Sewer issue", "date": "2023-09-28 07:35:00", "resolution": "block" }, "geometry": { "type": "Point", "coordinates": [ -71.0946106, 42.3802947 ] } },
{ "type": "Feature", "properties": { "block_code": "250173502022013", "type": "Catch basin complaint", "date": "2023-09-22 08:58:00", "resolution": "block" }, "geometry": { "type": "Point", "coordinates": [ -71.0967212, 42.3883251 ] } },
{ "type": "Feature", "properties": { "block_code": "250173502022006", "type": "Sewer issue", "date": "2023-09-20 07:00:00", "resolution": "block" }, "geometry": { "type": "Point", "coordinates": [ -71.0975419, 42.3909997 ] } },
{ "type": "Feature", "properties": { "block_code": "250173503002000", "type": "Catch basin complaint", "date": "2023-09-18 19:02:00", "resolution": "block" }, "geometry": { "type": "Point", "coordinates": [ -71.1080764, 42.3954262 ] } },
{ "type": "Feature", "properties": { "block_code": "250173502022004", "type": "Sewer issue", "date": "2023-09-18 18:57:00", "resolution": "block" }, "geometry": { "type": "Point", "coordinates": [ -71.0996038, 42.3905379 ] } },
{ "type": "Feature", "properties": { "block_code": "250173513001000", "type": "Catch basin complaint", "date": "2023-09-18 12:47:00", "resolution": "block" }, "geometry": { "type": "Point", "coordinates": [ -71.0962628, 42.3867866 ] } },
{ "type": "Feature", "properties": { "block_code": "250173510021003", "type": "Catch Basin Repair", "date": "2023-09-18 12:16:00", "resolution": "block" }, "geometry": { "type": "Point", "coordinates": [ -71.1100809, 42.3913531 ] } },
{ "type": "Feature", "properties": { "block_code": "250173510021001", "type": "Catch basin complaint", "date": "2023-09-15 14:19:00", "resolution": "block" }, "geometry": { "type": "Point", "coordinates": [ -71.1095032, 42.392032 ] } },
{ "type": "Feature", "properties": { "block_code": "250173512033001", "type": "Catch basin complaint", "date": "2023-09-15 10:42:00", "resolution": "block" }, "geometry": { "type": "Point", "coordinates": [ -71.0990007, 42.3759458 ] } },
{ "type": "Feature", "properties": { "block_code": "250173512032006", "type": "Sewer Back-up", "date": "2023-09-15 08:14:00", "resolution": "block" }, "geometry": { "type": "Point", "coordinates": [ -71.0967453, 42.3770679 ] } },
{ "type": "Feature", "properties": { "block_code": "250173512032006", "type": "Sewer issue", "date": "2023-09-15 08:13:00", "resolution": "block" }, "geometry": { "type": "Point", "coordinates": [ -71.0967453, 42.3770679 ] } },
{ "type": "Feature", "properties": { "block_code": "250173512041001", "type": "Catch basin complaint", "date": "2023-09-14 08:24:00", "resolution": "block" }, "geometry": { "type": "Point", "coordinates": [ -71.1043838, 42.3834455 ] } },
{ "type": "Feature", "properties": { "block_code": "250173515002010", "type": "Sewer issue", "date": "2023-09-14 08:16:00", "resolution": "block" }, "geometry": { "type": "Point", "coordinates": [ -71.0961629, 42.3754454 ] } },
{ "type": "Feature", "properties": { "block_code": "250173502011006", "type": "Catch basin complaint", "date": "2023-09-14 00:42:00", "resolution": "block" }, "geometry": { "type": "Point", "coordinates": [ -71.0907069, 42.3874171 ] } },
{ "type": "Feature", "properties": { "block_code": "250173502022010", "type": "Sewer issue", "date": "2023-09-12 19:02:00", "resolution": "block" }, "geometry": { "type": "Point", "coordinates": [ -71.0990736, 42.3901747 ] } },
{ "type": "Feature", "properties": { "block_code": "250173511012003", "type": "Catch basin complaint", "date": "2023-09-12 10:20:00", "resolution": "block" }, "geometry": { "type": "Point", "coordinates": [ -71.1084597, 42.3888331 ] } },
{ "type": "Feature", "properties": { "block_code": "250173512031002", "type": "Sewer issue", "date": "2023-09-10 19:35:00", "resolution": "block" }, "geometry": { "type": "Point", "coordinates": [ -71.1031473, 42.3784314 ] } },
{ "type": "Feature", "properties": { "block_code": "250173511013002", "type": "Catch basin complaint", "date": "2023-09-08 11:45:00", "resolution": "block" }, "geometry": { "type": "Point", "coordinates": [ -71.0991653, 42.3888429 ] } },
{ "type": "Feature", "properties": { "block_code": "250173512041003", "type": "Sewer issue", "date": "2023-09-06 19:25:00", "resolution": "block" }, "geometry": { "type": "Point", "coordinates": [ -71.1088113, 42.3831122 ] } },
{ "type": "Feature", "properties": { "block_code": "250173510021000", "type": "Sewer issue", "date": "2023-09-06 09:27:00", "resolution": "block" }, "geometry": { "type": "Point", "coordinates": [ -71.1090339, 42.392605 ] } },
{ "type": "Feature", "properties": { "block_code": "250173510023005", "type": "Sewer issue", "date": "2023-09-01 13:09:00", "resolution": "block" }, "geometry": { "type": "Point", "coordinates": [ -71.1129021, 42.3904462 ] } },
{ "type": "Feature", "properties": { "block_code": "250173511011000", "type": "Catch basin complaint", "date": "2023-08-30 10:55:00", "resolution": "block" }, "geometry": { "type": "Point", "coordinates": [ -71.1054475, 42.3919687 ] } },
{ "type": "Feature", "properties": { "block_code": "250173503001003", "type": "Sewer issue", "date": "2023-08-27 21:36:00", "resolution": "block" }, "geometry": { "type": "Point", "coordinates": [ -71.1038298, 42.3941825 ] } },
{ "type": "Feature", "properties": { "block_code": "250173513003000", "type": "Sewer issue", "date": "2023-08-26 18:43:00", "resolution": "block" }, "geometry": { "type": "Point", "coordinates": [ -71.0910349, 42.3817046 ] } },
{ "type": "Feature", "properties": { "block_code": "250173513003000", "type": "Sewer issue", "date": "2023-08-26 18:41:00", "resolution": "block" }, "geometry": { "type": "Point", "coordinates": [ -71.0910349, 42.3817046 ] } },
{ "type": "Feature", "properties": { "block_code": "250173502022002", "type": "Sewer issue", "date": "2023-08-24 15:19:00", "resolution": "block" }, "geometry": { "type": "Point", "coordinates": [ -71.1007275, 42.3915976 ] } },
{ "type": "Feature", "properties": { "block_code": "250173504003003", "type": "Catch basin complaint", "date": "2023-08-23 10:00:00", "resolution": "block" }, "geometry": { "type": "Point", "coordinates": [ -71.1132401, 42.3961407 ] } },
{ "type": "Feature", "properties": { "block_code": "250173511013002", "type": "Sewer issue", "date": "2023-08-21 19:44:00", "resolution": "block" }, "geometry": { "type": "Point", "coordinates": [ -71.0991653, 42.3888429 ] } },
{ "type": "Feature", "properties": { "block_code": "250173503002004", "type": "Catch basin complaint", "date": "2023-08-21 14:52:00", "resolution": "block" }, "geometry": { "type": "Point", "coordinates": [ -71.1059804, 42.3940958 ] } },
{ "type": "Feature", "properties": { "block_code": "250173511012000", "type": "Catch basin complaint", "date": "2023-08-18 16:35:00", "resolution": "block" }, "geometry": { "type": "Point", "coordinates": [ -71.1045164, 42.3884434 ] } },
{ "type": "Feature", "properties": { "block_code": "250173510021002", "type": "Catch basin complaint", "date": "2023-08-15 16:15:00", "resolution": "block" }, "geometry": { "type": "Point", "coordinates": [ -71.1099167, 42.3916073 ] } },
{ "type": "Feature", "properties": { "block_code": "250173501082006", "type": "Sewer Back-up", "date": "2023-08-15 11:38:00", "resolution": "block" }, "geometry": { "type": "Point", "coordinates": [ -71.0959664, 42.3946736 ] } },
{ "type": "Feature", "properties": { "block_code": "250173512042008", "type": "Catch basin complaint", "date": "2023-08-14 21:39:00", "resolution": "block" }, "geometry": { "type": "Point", "coordinates": [ -71.1042149, 42.380642 ] } },
{ "type": "Feature", "properties": { "block_code": "250173515003011", "type": "Catch basin complaint", "date": "2023-08-14 12:15:00", "resolution": "block" }, "geometry": { "type": "Point", "coordinates": [ -71.0928894, 42.3776778 ] } },
{ "type": "Feature", "properties": { "block_code": "250173514042001", "type": "Sewer issue", "date": "2023-08-11 15:51:00", "resolution": "block" }, "geometry": { "type": "Point", "coordinates": [ -71.0900922, 42.386191 ] } },
{ "type": "Feature", "properties": { "block_code": "250173510021000", "type": "Sewer issue", "date": "2023-08-11 14:51:00", "resolution": "block" }, "geometry": { "type": "Point", "coordinates": [ -71.1090339, 42.392605 ] } },
{ "type": "Feature", "properties": { "block_code": "250173510021000", "type": "Sewer issue", "date": "2023-08-11 14:47:00", "resolution": "block" }, "geometry": { "type": "Point", "coordinates": [ -71.1090339, 42.392605 ] } },
{ "type": "Feature", "properties": { "block_code": "250173511012000", "type": "Sewer issue", "date": "2023-08-11 08:00:00", "resolution": "block" }, "geometry": { "type": "Point", "coordinates": [ -71.1045164, 42.3884434 ] } },
{ "type": "Feature", "properties": { "block_code": "250173502022010", "type": "Sewer issue", "date": "2023-08-10 18:44:00", "resolution": "block" }, "geometry": { "type": "Point", "coordinates": [ -71.0990736, 42.3901747 ] } },
{ "type": "Feature", "properties": { "block_code": "250173502022010", "type": "Catch basin complaint", "date": "2023-08-10 18:19:00", "resolution": "block" }, "geometry": { "type": "Point", "coordinates": [ -71.0990736, 42.3901747 ] } },
{ "type": "Feature", "properties": { "block_code": "250173502013004", "type": "Sewer Back-up", "date": "2023-08-10 14:41:00", "resolution": "block" }, "geometry": { "type": "Point", "coordinates": [ -71.0905539, 42.3896112 ] } },
{ "type": "Feature", "properties": { "block_code": "250173512041002", "type": "Sewer Back-up", "date": "2023-08-10 09:50:00", "resolution": "block" }, "geometry": { "type": "Point", "coordinates": [ -71.1057348, 42.382007 ] } },
{ "type": "Feature", "properties": { "block_code": "250173512031000", "type": "Sewer issue", "date": "2023-08-10 07:49:00", "resolution": "block" }, "geometry": { "type": "Point", "coordinates": [ -71.1018843, 42.377779 ] } },
{ "type": "Feature", "properties": { "block_code": "250173512031000", "type": "Catch basin complaint", "date": "2023-08-10 07:48:00", "resolution": "block" }, "geometry": { "type": "Point", "coordinates": [ -71.1018843, 42.377779 ] } },
{ "type": "Feature", "properties": { "block_code": "250173503002001", "type": "Sewer issue", "date": "2023-08-09 18:59:00", "resolution": "block" }, "geometry": { "type": "Point", "coordinates": [ -71.109123, 42.3953985 ] } },
{ "type": "Feature", "properties": { "block_code": "250173510021001", "type": "Catch basin complaint", "date": "2023-08-09 17:58:00", "resolution": "block" }, "geometry": { "type": "Point", "coordinates": [ -71.1095032, 42.392032 ] } },
{ "type": "Feature", "properties": { "block_code": "250173502022002", "type": "Sewer issue", "date": "2023-08-09 14:39:00", "resolution": "block" }, "geometry": { "type": "Point", "coordinates": [ -71.1007275, 42.3915976 ] } },
{ "type": "Feature", "properties": { "block_code": "250173512042003", "type": "Sewer issue", "date": "2023-08-09 11:42:00", "resolution": "block" }, "geometry": { "type": "Point", "coordinates": [ -71.1017138, 42.380963 ] } },
{ "type": "Feature", "properties": { "block_code": "250173511022003", "type": "Sewer issue", "date": "2023-08-09 11:17:00", "resolution": "block" }, "geometry": { "type": "Point", "coordinates": [ -71.1052853, 42.3844793 ] } },
{ "type": "Feature", "properties": { "block_code": "250173511022003", "type": "Sewer ", "date": "2023-08-09 11:13:00", "resolution": "block" }, "geometry": { "type": "Point", "coordinates": [ -71.1052853, 42.3844793 ] } },
{ "type": "Feature", "properties": { "block_code": "250173512042006", "type": "Catch basin complaint", "date": "2023-08-09 08:40:00", "resolution": "block" }, "geometry": { "type": "Point", "coordinates": [ -71.0992856, 42.3821032 ] } },
{ "type": "Feature", "properties": { "block_code": "250173512042009", "type": "Sewer issue", "date": "2023-08-08 17:54:00", "resolution": "block" }, "geometry": { "type": "Point", "coordinates": [ -71.101582, 42.3798805 ] } },
{ "type": "Feature", "properties": { "block_code": "250173511011005", "type": "Catch basin complaint", "date": "2023-08-08 14:54:00", "resolution": "block" }, "geometry": { "type": "Point", "coordinates": [ -71.1045086, 42.3892895 ] } },
{ "type": "Feature", "properties": { "block_code": "250173512041007", "type": "Sewer issue", "date": "2023-08-08 14:42:00", "resolution": "block" }, "geometry": { "type": "Point", "coordinates": [ -71.1045198, 42.3821824 ] } },
{ "type": "Feature", "properties": { "block_code": "250173512043006", "type": "Catch basin complaint", "date": "2023-08-08 14:12:00", "resolution": "block" }, "geometry": { "type": "Point", "coordinates": [ -71.1067731, 42.3798036 ] } },
{ "type": "Feature", "properties": { "block_code": "250173503002001", "type": "Catch basin complaint", "date": "2023-08-08 14:05:00", "resolution": "block" }, "geometry": { "type": "Point", "coordinates": [ -71.109123, 42.3953985 ] } },
{ "type": "Feature", "properties": { "block_code": "250173502013003", "type": "Catch basin complaint", "date": "2023-08-08 13:42:00", "resolution": "block" }, "geometry": { "type": "Point", "coordinates": [ -71.0907712, 42.39029 ] } },
{ "type": "Feature", "properties": { "block_code": "250173515003004", "type": "Catch basin complaint", "date": "2023-08-08 13:24:00", "resolution": "block" }, "geometry": { "type": "Point", "coordinates": [ -71.0945569, 42.3794499 ] } },
{ "type": "Feature", "properties": { "block_code": "250173510021000", "type": "Sewer issue", "date": "2023-08-08 12:51:00", "resolution": "block" }, "geometry": { "type": "Point", "coordinates": [ -71.1090339, 42.392605 ] } },
{ "type": "Feature", "properties": { "block_code": "250173512032003", "type": "Catch basin complaint", "date": "2023-08-08 12:48:00", "resolution": "block" }, "geometry": { "type": "Point", "coordinates": [ -71.0975542, 42.3778283 ] } },
{ "type": "Feature", "properties": { "block_code": "250173512033000", "type": "Catch basin complaint", "date": "2023-08-08 12:37:00", "resolution": "block" }, "geometry": { "type": "Point", "coordinates": [ -71.0969072, 42.376393 ] } },
{ "type": "Feature", "properties": { "block_code": "250173513003005", "type": "Catch basin complaint", "date": "2023-08-08 12:33:00", "resolution": "block" }, "geometry": { "type": "Point", "coordinates": [ -71.0946106, 42.3802947 ] } },
{ "type": "Feature", "properties": { "block_code": "250173512033001", "type": "Sewer issue", "date": "2023-08-08 12:32:00", "resolution": "block" }, "geometry": { "type": "Point", "coordinates": [ -71.0990007, 42.3759458 ] } },
{ "type": "Feature", "properties": { "block_code": "250173512032006", "type": "Catch basin complaint", "date": "2023-08-08 12:26:00", "resolution": "block" }, "geometry": { "type": "Point", "coordinates": [ -71.0967453, 42.3770679 ] } },
{ "type": "Feature", "properties": { "block_code": "250173512032001", "type": "Catch basin complaint", "date": "2023-08-08 12:25:00", "resolution": "block" }, "geometry": { "type": "Point", "coordinates": [ -71.0994009, 42.3782847 ] } },
{ "type": "Feature", "properties": { "block_code": "250173512043001", "type": "Catch basin complaint", "date": "2023-08-08 12:22:00", "resolution": "block" }, "geometry": { "type": "Point", "coordinates": [ -71.1051975, 42.3801797 ] } },
{ "type": "Feature", "properties": { "block_code": "250173512032001", "type": "Sewer issue", "date": "2023-08-08 12:19:00", "resolution": "block" }, "geometry": { "type": "Point", "coordinates": [ -71.0994009, 42.3782847 ] } },
{ "type": "Feature", "properties": { "block_code": "250173512032001", "type": "Catch basin complaint", "date": "2023-08-08 12:15:00", "resolution": "block" }, "geometry": { "type": "Point", "coordinates": [ -71.0994009, 42.3782847 ] } },
{ "type": "Feature", "properties": { "block_code": "250173512032001", "type": "Sewer issue", "date": "2023-08-08 12:12:00", "resolution": "block" }, "geometry": { "type": "Point", "coordinates": [ -71.0994009, 42.3782847 ] } },
{ "type": "Feature", "properties": { "block_code": "250173512033002", "type": "Sewer issue", "date": "2023-08-08 12:12:00", "resolution": "block" }, "geometry": { "type": "Point", "coordinates": [ -71.100285, 42.3760525 ] } },
{ "type": "Feature", "properties": { "block_code": "250173512031000", "type": "Catch basin complaint", "date": "2023-08-08 12:10:00", "resolution": "block" }, "geometry": { "type": "Point", "coordinates": [ -71.1018843, 42.377779 ] } },
{ "type": "Feature", "properties": { "block_code": "250173512032001", "type": "Sewer issue", "date": "2023-08-08 12:10:00", "resolution": "block" }, "geometry": { "type": "Point", "coordinates": [ -71.0994009, 42.3782847 ] } },
{ "type": "Feature", "properties": { "block_code": "250173512043003", "type": "Sewer issue", "date": "2023-08-08 12:08:00", "resolution": "block" }, "geometry": { "type": "Point", "coordinates": [ -71.1085347, 42.3810508 ] } },
{ "type": "Feature", "properties": { "block_code": "250173512043002", "type": "Catch basin complaint", "date": "2023-08-08 12:07:00", "resolution": "block" }, "geometry": { "type": "Point", "coordinates": [ -71.1061277, 42.3809645 ] } },
{ "type": "Feature", "properties": { "block_code": "250173512042006", "type": "Catch basin complaint", "date": "2023-08-08 12:02:00", "resolution": "block" }, "geometry": { "type": "Point", "coordinates": [ -71.0992856, 42.3821032 ] } },
{ "type": "Feature", "properties": { "block_code": "250173515002009", "type": "Catch basin complaint", "date": "2023-08-08 11:58:00", "resolution": "block" }, "geometry": { "type": "Point", "coordinates": [ -71.0955614, 42.3749299 ] } },
{ "type": "Feature", "properties": { "block_code": "250173512042003", "type": "Sewer issue", "date": "2023-08-08 11:54:00", "resolution": "block" }, "geometry": { "type": "Point", "coordinates": [ -71.1017138, 42.380963 ] } },
{ "type": "Feature", "properties": { "block_code": "250173512032003", "type": "Sewer issue", "date": "2023-08-08 11:52:00", "resolution": "block" }, "geometry": { "type": "Point", "coordinates": [ -71.0975542, 42.3778283 ] } },
{ "type": "Feature", "properties": { "block_code": "250173503002001", "type": "Sewer issue", "date": "2023-08-08 11:52:00", "resolution": "block" }, "geometry": { "type": "Point", "coordinates": [ -71.109123, 42.3953985 ] } },
{ "type": "Feature", "properties": { "block_code": "250173511011001", "type": "Sewer Back-up", "date": "2023-08-08 11:50:00", "resolution": "block" }, "geometry": { "type": "Point", "coordinates": [ -71.1057607, 42.3911961 ] } },
{ "type": "Feature", "properties": { "block_code": "250173512032001", "type": "Catch basin complaint", "date": "2023-08-08 11:48:00", "resolution": "block" }, "geometry": { "type": "Point", "coordinates": [ -71.0994009, 42.3782847 ] } },
{ "type": "Feature", "properties": { "block_code": "250173501091022", "type": "Catch basin complaint", "date": "2023-08-08 11:44:00", "resolution": "block" }, "geometry": { "type": "Point", "coordinates": [ -71.0899097, 42.3915769 ] } },
{ "type": "Feature", "properties": { "block_code": "250173512042008", "type": "Catch basin complaint", "date": "2023-08-08 11:42:00", "resolution": "block" }, "geometry": { "type": "Point", "coordinates": [ -71.1042149, 42.380642 ] } },
{ "type": "Feature", "properties": { "block_code": "250173513001009", "type": "Catch basin complaint", "date": "2023-08-08 11:38:00", "resolution": "block" }, "geometry": { "type": "Point", "coordinates": [ -71.0971393, 42.3823994 ] } },
{ "type": "Feature", "properties": { "block_code": "250173512032000", "type": "Sewer issue", "date": "2023-08-08 11:37:00", "resolution": "block" }, "geometry": { "type": "Point", "coordinates": [ -71.0970141, 42.3789611 ] } },
{ "type": "Feature", "properties": { "block_code": "250173512033000", "type": "Catch basin complaint", "date": "2023-08-08 11:37:00", "resolution": "block" }, "geometry": { "type": "Point", "coordinates": [ -71.0969072, 42.376393 ] } },
{ "type": "Feature", "properties": { "block_code": "250173512032001", "type": "Catch Basin Repair", "date": "2023-08-08 11:37:00", "resolution": "block" }, "geometry": { "type": "Point", "coordinates": [ -71.0994009, 42.3782847 ] } },
{ "type": "Feature", "properties": { "block_code": "250173512042009", "type": "Catch basin complaint", "date": "2023-08-08 11:37:00", "resolution": "block" }, "geometry": { "type": "Point", "coordinates": [ -71.101582, 42.3798805 ] } },
{ "type": "Feature", "properties": { "block_code": "250173512043009", "type": "Catch basin complaint", "date": "2023-08-08 11:35:00", "resolution": "block" }, "geometry": { "type": "Point", "coordinates": [ -71.1048866, 42.3793192 ] } },
{ "type": "Feature", "properties": { "block_code": "250173503002001", "type": "Sewer issue", "date": "2023-08-08 11:34:00", "resolution": "block" }, "geometry": { "type": "Point", "coordinates": [ -71.109123, 42.3953985 ] } },
{ "type": "Feature", "properties": { "block_code": "250173502013004", "type": "Sewer issue", "date": "2023-08-08 11:34:00", "resolution": "block" }, "geometry": { "type": "Point", "coordinates": [ -71.0905539, 42.3896112 ] } },
{ "type": "Feature", "properties": { "block_code": "250173512043002", "type": "Catch basin complaint", "date": "2023-08-08 11:31:00", "resolution": "block" }, "geometry": { "type": "Point", "coordinates": [ -71.1061277, 42.3809645 ] } },
{ "type": "Feature", "properties": { "block_code": "250173502012003", "type": "Catch basin complaint", "date": "2023-08-08 11:29:00", "resolution": "block" }, "geometry": { "type": "Point", "coordinates": [ -71.0948995, 42.3885486 ] } },
{ "type": "Feature", "properties": { "block_code": "250173502012004", "type": "Catch basin complaint", "date": "2023-08-08 11:28:00", "resolution": "block" }, "geometry": { "type": "Point", "coordinates": [ -71.0940737, 42.3882094 ] } },
{ "type": "Feature", "properties": { "block_code": "250173512032001", "type": "Catch basin complaint", "date": "2023-08-08 11:28:00", "resolution": "block" }, "geometry": { "type": "Point", "coordinates": [ -71.0994009, 42.3782847 ] } },
{ "type": "Feature", "properties": { "block_code": "250173510021001", "type": "Catch basin complaint", "date": "2023-08-08 11:26:00", "resolution": "block" }, "geometry": { "type": "Point", "coordinates": [ -71.1095032, 42.392032 ] } },
{ "type": "Feature", "properties": { "block_code": "250173512042010", "type": "Catch basin complaint", "date": "2023-08-08 11:24:00", "resolution": "block" }, "geometry": { "type": "Point", "coordinates": [ -71.0990962, 42.3805443 ] } },
{ "type": "Feature", "properties": { "block_code": "250173510012010", "type": "Catch basin complaint", "date": "2023-08-08 11:23:00", "resolution": "block" }, "geometry": { "type": "Point", "coordinates": [ -71.1119836, 42.3824404 ] } },
{ "type": "Feature", "properties": { "block_code": "250173514042008", "type": "Sewer issue", "date": "2023-08-08 11:21:00", "resolution": "block" }, "geometry": { "type": "Point", "coordinates": [ -71.0918012, 42.386044 ] } },
{ "type": "Feature", "properties": { "block_code": "250173511011000", "type": "Catch basin complaint", "date": "2023-08-08 11:19:00", "resolution": "block" }, "geometry": { "type": "Point", "coordinates": [ -71.1054475, 42.3919687 ] } },
{ "type": "Feature", "properties": { "block_code": "250173512032001", "type": "Catch basin complaint", "date": "2023-08-08 11:19:00", "resolution": "block" }, "geometry": { "type": "Point", "coordinates": [ -71.0994009, 42.3782847 ] } },
{ "type": "Feature", "properties": { "block_code": "250173512041001", "type": "Catch basin complaint", "date": "2023-08-08 11:18:00", "resolution": "block" }, "geometry": { "type": "Point", "coordinates": [ -71.1043838, 42.3834455 ] } },
{ "type": "Feature", "properties": { "block_code": "250173511011001", "type": "Catch basin complaint", "date": "2023-08-08 11:17:00", "resolution": "block" }, "geometry": { "type": "Point", "coordinates": [ -71.1057607, 42.3911961 ] } },
{ "type": "Feature", "properties": { "block_code": "250173502013004", "type": "Catch basin complaint", "date": "2023-08-08 11:15:00", "resolution": "block" }, "geometry": { "type": "Point", "coordinates": [ -71.0905539, 42.3896112 ] } },
{ "type": "Feature", "properties": { "block_code": "250173501091021", "type": "Catch basin complaint", "date": "2023-08-08 11:15:00", "resolution": "block" }, "geometry": { "type": "Point", "coordinates": [ -71.0905632, 42.3920382 ] } },
{ "type": "Feature", "properties": { "block_code": "250173512032001", "type": "Catch basin complaint", "date": "2023-08-08 11:14:00", "resolution": "block" }, "geometry": { "type": "Point", "coordinates": [ -71.0994009, 42.3782847 ] } },
{ "type": "Feature", "properties": { "block_code": "250173512041002", "type": "Catch basin complaint", "date": "2023-08-08 11:13:00", "resolution": "block" }, "geometry": { "type": "Point", "coordinates": [ -71.1057348, 42.382007 ] } },
{ "type": "Feature", "properties": { "block_code": "250173512031000", "type": "Sewer issue", "date": "2023-08-08 11:12:00", "resolution": "block" }, "geometry": { "type": "Point", "coordinates": [ -71.1018843, 42.377779 ] } },
{ "type": "Feature", "properties": { "block_code": "250173512031000", "type": "Flooding Report", "date": "2023-08-08 11:11:00", "resolution": "block" }, "geometry": { "type": "Point", "coordinates": [ -71.1018843, 42.377779 ] } },
{ "type": "Feature", "properties": { "block_code": "250173503003010", "type": "Sewer issue", "date": "2023-07-31 11:06:00", "resolution": "block" }, "geometry": { "type": "Point", "coordinates": [ -71.1074979, 42.3962251 ] } },
{ "type": "Feature", "properties": { "block_code": "250173511012004", "type": "Catch basin complaint", "date": "2023-07-29 19:10:00", "resolution": "block" }, "geometry": { "type": "Point", "coordinates": [ -71.1088432, 42.3896184 ] } },
{ "type": "Feature", "properties": { "block_code": "250173512032001", "type": "Sewer issue", "date": "2023-07-29 15:14:00", "resolution": "block" }, "geometry": { "type": "Point", "coordinates": [ -71.0994009, 42.3782847 ] } },
{ "type": "Feature", "properties": { "block_code": "250173511013004", "type": "Catch basin complaint", "date": "2023-07-29 14:00:00", "resolution": "block" }, "geometry": { "type": "Point", "coordinates": [ -71.1021478, 42.3888759 ] } },
{ "type": "Feature", "properties": { "block_code": "250173501091022", "type": "Sewer issue", "date": "2023-07-28 08:48:00", "resolution": "block" }, "geometry": { "type": "Point", "coordinates": [ -71.0899097, 42.3915769 ] } },
{ "type": "Feature", "properties": { "block_code": "250173512033001", "type": "Sewer ", "date": "2023-07-27 13:23:00", "resolution": "block" }, "geometry": { "type": "Point", "coordinates": [ -71.0990007, 42.3759458 ] } },
{ "type": "Feature", "properties": { "block_code": "250173512042006", "type": "Catch basin complaint", "date": "2023-07-27 11:45:00", "resolution": "block" }, "geometry": { "type": "Point", "coordinates": [ -71.0992856, 42.3821032 ] } },
{ "type": "Feature", "properties": { "block_code": "250173515002009", "type": "Catch basin complaint", "date": "2023-07-26 20:46:00", "resolution": "block" }, "geometry": { "type": "Point", "coordinates": [ -71.0955614, 42.3749299 ] } },
{ "type": "Feature", "properties": { "block_code": "250173514042008", "type": "Catch Basin Repair", "date": "2023-07-25 14:38:00", "resolution": "block" }, "geometry": { "type": "Point", "coordinates": [ -71.0918012, 42.386044 ] } },
{ "type": "Feature", "properties": { "block_code": "250173512041006", "type": "Sewer issue", "date": "2023-07-25 09:53:00", "resolution": "block" }, "geometry": { "type": "Point", "coordinates": [ -71.1100666, 42.3843581 ] } },
{ "type": "Feature", "properties": { "block_code": "250173504002002", "type": "Catch basin complaint", "date": "2023-07-24 13:38:00", "resolution": "block" }, "geometry": { "type": "Point", "coordinates": [ -71.1098895, 42.3959815 ] } },
{ "type": "Feature", "properties": { "block_code": "250173513001004", "type": "Sewer issue", "date": "2023-07-24 11:36:00", "resolution": "block" }, "geometry": { "type": "Point", "coordinates": [ -71.0991661, 42.3853447 ] } },
{ "type": "Feature", "properties": { "block_code": "250173510012010", "type": "Catch basin complaint", "date": "2023-07-24 10:54:00", "resolution": "block" }, "geometry": { "type": "Point", "coordinates": [ -71.1119836, 42.3824404 ] } },
{ "type": "Feature", "properties": { "block_code": "250173513003005", "type": "Sewer issue", "date": "2023-07-24 09:25:00", "resolution": "block" }, "geometry": { "type": "Point", "coordinates": [ -71.0946106, 42.3802947 ] } },
{ "type": "Feature", "properties": { "block_code": "250173510012010", "type": "Catch basin complaint", "date": "2023-07-22 20:30:00", "resolution": "block" }, "geometry": { "type": "Point", "coordinates": [ -71.1119836, 42.3824404 ] } },
{ "type": "Feature", "properties": { "block_code": "250173503003010", "type": "Sewer issue", "date": "2023-07-22 11:15:00", "resolution": "block" }, "geometry": { "type": "Point", "coordinates": [ -71.1074979, 42.3962251 ] } },
{ "type": "Feature", "properties": { "block_code": "250173510012010", "type": "Sewer Back-up", "date": "2023-07-22 07:49:00", "resolution": "block" }, "geometry": { "type": "Point", "coordinates": [ -71.1119836, 42.3824404 ] } },
{ "type": "Feature", "properties": { "block_code": "250173512043000", "type": "Sewer issue", "date": "2023-07-22 07:34:00", "resolution": "block" }, "geometry": { "type": "Point", "coordinates": [ -71.1035381, 42.379698 ] } },
{ "type": "Feature", "properties": { "block_code": "250173510022001", "type": "Catch basin complaint", "date": "2023-07-21 22:20:00", "resolution": "block" }, "geometry": { "type": "Point", "coordinates": [ -71.1129886, 42.3935952 ] } },
{ "type": "Feature", "properties": { "block_code": "250173511022000", "type": "Sewer ", "date": "2023-07-17 16:27:00", "resolution": "block" }, "geometry": { "type": "Point", "coordinates": [ -71.1021728, 42.3860443 ] } },
{ "type": "Feature", "properties": { "block_code": "250173510022001", "type": "Catch basin complaint", "date": "2023-07-16 12:43:00", "resolution": "block" }, "geometry": { "type": "Point", "coordinates": [ -71.1129886, 42.3935952 ] } },
{ "type": "Feature", "properties": { "block_code": "250173510022001", "type": "Catch Basin Repair", "date": "2023-07-12 10:52:00", "resolution": "block" }, "geometry": { "type": "Point", "coordinates": [ -71.1129886, 42.3935952 ] } },
{ "type": "Feature", "properties": { "block_code": "250173513002001", "type": "Sewer issue", "date": "2023-07-10 22:06:00", "resolution": "block" }, "geometry": { "type": "Point", "coordinates": [ -71.0934236, 42.3851249 ] } },
{ "type": "Feature", "properties": { "block_code": "250173515003004", "type": "Catch basin complaint", "date": "2023-07-10 11:00:00", "resolution": "block" }, "geometry": { "type": "Point", "coordinates": [ -71.0945569, 42.3794499 ] } },
{ "type": "Feature", "properties": { "block_code": "250173510021003", "type": "Catch basin complaint", "date": "2023-07-03 09:38:00", "resolution": "block" }, "geometry": { "type": "Point", "coordinates": [ -71.1100809, 42.3913531 ] } },
{ "type": "Feature", "properties": { "block_code": "250173503002002", "type": "Sewer Back-up", "date": "2023-07-03 09:36:00", "resolution": "block" }, "geometry": { "type": "Point", "coordinates": [ -71.1093494, 42.3943893 ] } },
{ "type": "Feature", "properties": { "block_code": "250173502021005", "type": "Catch basin complaint", "date": "2023-06-26 21:23:00", "resolution": "block" }, "geometry": { "type": "Point", "coordinates": [ -71.1028696, 42.3932904 ] } },
{ "type": "Feature", "properties": { "block_code": "250173503002005", "type": "Sewer issue", "date": "2023-06-26 17:34:00", "resolution": "block" }, "geometry": { "type": "Point", "coordinates": [ -71.1087339, 42.3932611 ] } },
{ "type": "Feature", "properties": { "block_code": "250173502021005", "type": "Sewer issue", "date": "2023-06-26 13:16:00", "resolution": "block" }, "geometry": { "type": "Point", "coordinates": [ -71.1028696, 42.3932904 ] } },
{ "type": "Feature", "properties": { "block_code": "250173511013002", "type": "Catch basin complaint", "date": "2023-06-26 08:32:00", "resolution": "block" }, "geometry": { "type": "Point", "coordinates": [ -71.0991653, 42.3888429 ] } },
{ "type": "Feature", "properties": { "block_code": "250173502023000", "type": "Catch basin complaint", "date": "2023-06-26 08:24:00", "resolution": "block" }, "geometry": { "type": "Point", "coordinates": [ -71.0983533, 42.3944004 ] } },
{ "type": "Feature", "properties": { "block_code": "250173502023000", "type": "Catch basin complaint", "date": "2023-06-24 12:41:00", "resolution": "block" }, "geometry": { "type": "Point", "coordinates": [ -71.0983533, 42.3944004 ] } },
{ "type": "Feature", "properties": { "block_code": "250173503003008", "type": "Sewer issue", "date": "2023-06-23 13:17:00", "resolution": "block" }, "geometry": { "type": "Point", "coordinates": [ -71.1049512, 42.3960905 ] } },
{ "type": "Feature", "properties": { "block_code": "250173510021000", "type": "Catch basin complaint", "date": "2023-06-23 08:21:00", "resolution": "block" }, "geometry": { "type": "Point", "coordinates": [ -71.1090339, 42.392605 ] } },
{ "type": "Feature", "properties": { "block_code": "250173503003008", "type": "Sewer issue", "date": "2023-06-22 09:20:00", "resolution": "block" }, "geometry": { "type": "Point", "coordinates": [ -71.1049512, 42.3960905 ] } },
{ "type": "Feature", "properties": { "block_code": "250173510011001", "type": "Catch basin complaint", "date": "2023-06-18 15:17:00", "resolution": "block" }, "geometry": { "type": "Point", "coordinates": [ -71.1104568, 42.3876846 ] } },
{ "type": "Feature", "properties": { "block_code": "250173510022001", "type": "Catch basin complaint", "date": "2023-06-17 19:55:00", "resolution": "block" }, "geometry": { "type": "Point", "coordinates": [ -71.1129886, 42.3935952 ] } },
{ "type": "Feature", "properties": { "block_code": "250173510022002", "type": "Catch basin complaint", "date": "2023-06-17 19:17:00", "resolution": "block" }, "geometry": { "type": "Point", "coordinates": [ -71.1134159, 42.3930478 ] } },
{ "type": "Feature", "properties": { "block_code": "250173510022002", "type": "Catch basin complaint", "date": "2023-06-17 19:00:00", "resolution": "block" }, "geometry": { "type": "Point", "coordinates": [ -71.1134159, 42.3930478 ] } },
{ "type": "Feature", "properties": { "block_code": "250173510022001", "type": "Catch basin complaint", "date": "2023-06-17 18:49:00", "resolution": "block" }, "geometry": { "type": "Point", "coordinates": [ -71.1129886, 42.3935952 ] } },
{ "type": "Feature", "properties": { "block_code": "250173503002004", "type": "Sewer issue", "date": "2023-06-15 09:06:00", "resolution": "block" }, "geometry": { "type": "Point", "coordinates": [ -71.1059804, 42.3940958 ] } },
{ "type": "Feature", "properties": { "block_code": "250173503002004", "type": "Sewer issue", "date": "2023-06-14 19:48:00", "resolution": "block" }, "geometry": { "type": "Point", "coordinates": [ -71.1059804, 42.3940958 ] } },
{ "type": "Feature", "properties": { "block_code": "250173510022001", "type": "Catch basin complaint", "date": "2023-06-13 10:10:00", "resolution": "block" }, "geometry": { "type": "Point", "coordinates": [ -71.1129886, 42.3935952 ] } },
{ "type": "Feature", "properties": { "block_code": "250173503002004", "type": "Catch Basin Repair", "date": "2023-06-12 09:44:00", "resolution": "block" }, "geometry": { "type": "Point", "coordinates": [ -71.1059804, 42.3940958 ] } },
{ "type": "Feature", "properties": { "block_code": "250173502022012", "type": "Catch basin complaint", "date": "2023-06-12 09:18:00", "resolution": "block" }, "geometry": { "type": "Point", "coordinates": [ -71.0977982, 42.3893001 ] } },
{ "type": "Feature", "properties": { "block_code": "250173511013009", "type": "Sewer issue", "date": "2023-06-10 16:01:00", "resolution": "block" }, "geometry": { "type": "Point", "coordinates": [ -71.1001431, 42.3868957 ] } },
{ "type": "Feature", "properties": { "block_code": "250173511013006", "type": "Catch basin complaint", "date": "2023-06-10 15:44:00", "resolution": "block" }, "geometry": { "type": "Point", "coordinates": [ -71.1024796, 42.3877038 ] } },
{ "type": "Feature", "properties": { "block_code": "250173511013007", "type": "Sewer issue", "date": "2023-06-10 15:33:00", "resolution": "block" }, "geometry": { "type": "Point", "coordinates": [ -71.1029404, 42.3870743 ] } },
{ "type": "Feature", "properties": { "block_code": "250173503001004", "type": "Sewer issue", "date": "2023-06-10 10:35:00", "resolution": "block" }, "geometry": { "type": "Point", "coordinates": [ -71.1043659, 42.3947051 ] } },
{ "type": "Feature", "properties": { "block_code": "250173511012000", "type": "Catch basin complaint", "date": "2023-06-08 11:03:00", "resolution": "block" }, "geometry": { "type": "Point", "coordinates": [ -71.1045164, 42.3884434 ] } },
{ "type": "Feature", "properties": { "block_code": "250173511013005", "type": "Sewer issue", "date": "2023-06-07 11:12:00", "resolution": "block" }, "geometry": { "type": "Point", "coordinates": [ -71.1000614, 42.3877727 ] } },
{ "type": "Feature", "properties": { "block_code": "250173511011000", "type": "Sewer issue", "date": "2023-06-06 12:24:00", "resolution": "block" }, "geometry": { "type": "Point", "coordinates": [ -71.1054475, 42.3919687 ] } },
{ "type": "Feature", "properties": { "block_code": "250173502023001", "type": "Sewer issue", "date": "2023-06-06 01:00:00", "resolution": "block" }, "geometry": { "type": "Point", "coordinates": [ -71.0972757, 42.3931967 ] } },
{ "type": "Feature", "properties": { "block_code": "250173503001004", "type": "Sewer issue", "date": "2023-05-30 23:28:00", "resolution": "block" }, "geometry": { "type": "Point", "coordinates": [ -71.1043659, 42.3947051 ] } },
{ "type": "Feature", "properties": { "block_code": "250173512042011", "type": "Sewer issue", "date": "2023-05-25 11:13:00", "resolution": "block" }, "geometry": { "type": "Point", "coordinates": [ -71.0973322, 42.3799025 ] } },
{ "type": "Feature", "properties": { "block_code": "250173503001003", "type": "Catch basin complaint", "date": "2023-05-23 16:41:00", "resolution": "block" }, "geometry": { "type": "Point", "coordinates": [ -71.1038298, 42.3941825 ] } },
{ "type": "Feature", "properties": { "block_code": "250173512041006", "type": "Sewer issue", "date": "2023-05-21 17:26:00", "resolution": "block" }, "geometry": { "type": "Point", "coordinates": [ -71.1100666, 42.3843581 ] } },
{ "type": "Feature", "properties": { "block_code": "250173502023005", "type": "Sewer issue", "date": "2023-05-19 14:08:00", "resolution": "block" }, "geometry": { "type": "Point", "coordinates": [ -71.0941413, 42.3922587 ] } },
{ "type": "Feature", "properties": { "block_code": "250173502023005", "type": "Catch basin complaint", "date": "2023-05-19 11:25:00", "resolution": "block" }, "geometry": { "type": "Point", "coordinates": [ -71.0941413, 42.3922587 ] } },
{ "type": "Feature", "properties": { "block_code": "250173502021001", "type": "Sewer ", "date": "2023-05-18 15:19:00", "resolution": "block" }, "geometry": { "type": "Point", "coordinates": [ -71.1019318, 42.3957536 ] } },
{ "type": "Feature", "properties": { "block_code": "250173503001001", "type": "Sewer ", "date": "2023-05-18 15:07:00", "resolution": "block" }, "geometry": { "type": "Point", "coordinates": [ -71.103235, 42.3966196 ] } },
{ "type": "Feature", "properties": { "block_code": "250173502021001", "type": "Sewer ", "date": "2023-05-18 10:07:00", "resolution": "block" }, "geometry": { "type": "Point", "coordinates": [ -71.1019318, 42.3957536 ] } },
{ "type": "Feature", "properties": { "block_code": "250173502023001", "type": "Sewer issue", "date": "2023-05-17 13:52:00", "resolution": "block" }, "geometry": { "type": "Point", "coordinates": [ -71.0972757, 42.3931967 ] } },
{ "type": "Feature", "properties": { "block_code": "250173512031000", "type": "Sewer issue", "date": "2023-05-09 11:56:00", "resolution": "block" }, "geometry": { "type": "Point", "coordinates": [ -71.1018843, 42.377779 ] } },
{ "type": "Feature", "properties": { "block_code": "250173512031000", "type": "Catch basin complaint", "date": "2023-05-09 11:54:00", "resolution": "block" }, "geometry": { "type": "Point", "coordinates": [ -71.1018843, 42.377779 ] } },
{ "type": "Feature", "properties": { "block_code": "250173512031000", "type": "Sewer issue", "date": "2023-05-08 21:38:00", "resolution": "block" }, "geometry": { "type": "Point", "coordinates": [ -71.1018843, 42.377779 ] } },
{ "type": "Feature", "properties": { "block_code": "250173512042009", "type": "Catch Basin Repair", "date": "2023-05-08 14:47:00", "resolution": "block" }, "geometry": { "type": "Point", "coordinates": [ -71.101582, 42.3798805 ] } },
{ "type": "Feature", "properties": { "block_code": "250173512031000", "type": "Sewer issue", "date": "2023-05-08 10:30:00", "resolution": "block" }, "geometry": { "type": "Point", "coordinates": [ -71.1018843, 42.377779 ] } },
{ "type": "Feature", "properties": { "block_code": "250173513002001", "type": "Catch basin complaint", "date": "2023-05-06 22:44:00", "resolution": "block" }, "geometry": { "type": "Point", "coordinates": [ -71.0934236, 42.3851249 ] } },
{ "type": "Feature", "properties": { "block_code": "250173511022001", "type": "Sewer issue", "date": "2023-05-05 19:26:00", "resolution": "block" }, "geometry": { "type": "Point", "coordinates": [ -71.1025766, 42.3854824 ] } },
{ "type": "Feature", "properties": { "block_code": "250173502013000", "type": "Catch basin complaint", "date": "2023-05-03 16:44:00", "resolution": "block" }, "geometry": { "type": "Point", "coordinates": [ -71.0928168, 42.3916933 ] } },
{ "type": "Feature", "properties": { "block_code": "250173515003011", "type": "Catch basin complaint", "date": "2023-04-27 12:05:00", "resolution": "block" }, "geometry": { "type": "Point", "coordinates": [ -71.0928894, 42.3776778 ] } },
{ "type": "Feature", "properties": { "block_code": "250173510023004", "type": "Sewer issue", "date": "2023-04-23 12:52:00", "resolution": "block" }, "geometry": { "type": "Point", "coordinates": [ -71.1104543, 42.388692 ] } },
{ "type": "Feature", "properties": { "block_code": "250173512031000", "type": "Sewer issue", "date": "2023-04-22 11:33:00", "resolution": "block" }, "geometry": { "type": "Point", "coordinates": [ -71.1018843, 42.377779 ] } },
{ "type": "Feature", "properties": { "block_code": "250173502022007", "type": "Sewer issue", "date": "2023-04-22 10:27:00", "resolution": "block" }, "geometry": { "type": "Point", "coordinates": [ -71.0968051, 42.3904946 ] } },
{ "type": "Feature", "properties": { "block_code": "250173512031000", "type": "Sewer issue", "date": "2023-04-18 20:09:00", "resolution": "block" }, "geometry": { "type": "Point", "coordinates": [ -71.1018843, 42.377779 ] } },
{ "type": "Feature", "properties": { "block_code": "250173512031003", "type": "Sewer issue", "date": "2023-04-17 07:52:00", "resolution": "block" }, "geometry": { "type": "Point", "coordinates": [ -71.1049829, 42.3780209 ] } },
{ "type": "Feature", "properties": { "block_code": "250173510022001", "type": "Catch basin complaint", "date": "2023-04-15 12:07:00", "resolution": "block" }, "geometry": { "type": "Point", "coordinates": [ -71.1129886, 42.3935952 ] } },
{ "type": "Feature", "properties": { "block_code": "250173511022003", "type": "Sewer issue", "date": "2023-04-13 14:09:00", "resolution": "block" }, "geometry": { "type": "Point", "coordinates": [ -71.1052853, 42.3844793 ] } },
{ "type": "Feature", "properties": { "block_code": "250173511012001", "type": "Sewer Back-up", "date": "2023-04-11 11:37:00", "resolution": "block" }, "geometry": { "type": "Point", "coordinates": [ -71.1070298, 42.3880976 ] } },
{ "type": "Feature", "properties": { "block_code": "250173511012001", "type": "Sewer issue", "date": "2023-04-11 08:21:00", "resolution": "block" }, "geometry": { "type": "Point", "coordinates": [ -71.1070298, 42.3880976 ] } },
{ "type": "Feature", "properties": { "block_code": "250173502022010", "type": "Sewer Back-up", "date": "2023-04-02 11:02:00", "resolution": "block" }, "geometry": { "type": "Point", "coordinates": [ -71.0990736, 42.3901747 ] } },
{ "type": "Feature", "properties": { "block_code": "250173512031000", "type": "Sewer issue", "date": "2023-04-01 21:33:00", "resolution": "block" }, "geometry": { "type": "Point", "coordinates": [ -71.1018843, 42.377779 ] } },
{ "type": "Feature", "properties": { "block_code": "250173502021000", "type": "Sewer issue", "date": "2023-04-01 18:26:00", "resolution": "block" }, "geometry": { "type": "Point", "coordinates": [ -71.1013357, 42.3953671 ] } },
{ "type": "Feature", "properties": { "block_code": "250173501082000", "type": "Sewer issue", "date": "2023-04-01 09:00:00", "resolution": "block" }, "geometry": { "type": "Point", "coordinates": [ -71.0961968, 42.3959797 ] } },
{ "type": "Feature", "properties": { "block_code": "250173512041002", "type": "Catch basin complaint", "date": "2023-03-31 14:39:00", "resolution": "block" }, "geometry": { "type": "Point", "coordinates": [ -71.1057348, 42.382007 ] } },
{ "type": "Feature", "properties": { "block_code": "250173515003011", "type": "Catch basin complaint", "date": "2023-03-23 12:17:00", "resolution": "block" }, "geometry": { "type": "Point", "coordinates": [ -71.0928894, 42.3776778 ] } },
{ "type": "Feature", "properties": { "block_code": "250173513003005", "type": "Sewer issue", "date": "2023-03-22 07:36:00", "resolution": "block" }, "geometry": { "type": "Point", "coordinates": [ -71.0946106, 42.3802947 ] } },
{ "type": "Feature", "properties": { "block_code": "250173511013007", "type": "Sewer issue", "date": "2023-03-16 10:48:00", "resolution": "block" }, "geometry": { "type": "Point", "coordinates": [ -71.1029404, 42.3870743 ] } },
{ "type": "Feature", "properties": { "block_code": "250173515003005", "type": "Catch basin complaint", "date": "2023-03-15 07:44:00", "resolution": "block" }, "geometry": { "type": "Point", "coordinates": [ -71.0953637, 42.3791278 ] } },
{ "type": "Feature", "properties": { "block_code": "250173501082000", "type": "Catch basin complaint", "date": "2023-03-14 21:21:00", "resolution": "block" }, "geometry": { "type": "Point", "coordinates": [ -71.0961968, 42.3959797 ] } },
{ "type": "Feature", "properties": { "block_code": "250173511012008", "type": "Sewer issue", "date": "2023-03-14 15:34:00", "resolution": "block" }, "geometry": { "type": "Point", "coordinates": [ -71.1048957, 42.3879084 ] } },
{ "type": "Feature", "properties": { "block_code": "250173513003003", "type": "Sewer issue", "date": "2023-03-06 11:21:00", "resolution": "block" }, "geometry": { "type": "Point", "coordinates": [ -71.0922886, 42.380391 ] } },
{ "type": "Feature", "properties": { "block_code": "250173512042004", "type": "Sewer issue", "date": "2023-03-05 11:36:00", "resolution": "block" }, "geometry": { "type": "Point", "coordinates": [ -71.1004293, 42.3809436 ] } },
{ "type": "Feature", "properties": { "block_code": "250173502021004", "type": "Sewer issue", "date": "2023-03-02 08:20:00", "resolution": "block" }, "geometry": { "type": "Point", "coordinates": [ -71.1014186, 42.3929903 ] } },
{ "type": "Feature", "properties": { "block_code": "250173512042003", "type": "Sewer issue", "date": "2023-02-27 12:19:00", "resolution": "block" }, "geometry": { "type": "Point", "coordinates": [ -71.1017138, 42.380963 ] } },
{ "type": "Feature", "properties": { "block_code": "250173513001009", "type": "Catch basin complaint", "date": "2023-02-23 16:19:00", "resolution": "block" }, "geometry": { "type": "Point", "coordinates": [ -71.0971393, 42.3823994 ] } },
{ "type": "Feature", "properties": { "block_code": "250173501091022", "type": "Sewer ", "date": "2023-02-06 15:02:00", "resolution": "block" }, "geometry": { "type": "Point", "coordinates": [ -71.0899097, 42.3915769 ] } },
{ "type": "Feature", "properties": { "block_code": "250173511012001", "type": "Sewer issue", "date": "2023-01-30 15:47:00", "resolution": "block" }, "geometry": { "type": "Point", "coordinates": [ -71.1070298, 42.3880976 ] } },
{ "type": "Feature", "properties": { "block_code": "250173511013005", "type": "Catch basin complaint", "date": "2023-01-27 13:43:00", "resolution": "block" }, "geometry": { "type": "Point", "coordinates": [ -71.1000614, 42.3877727 ] } },
{ "type": "Feature", "properties": { "block_code": "250173512032007", "type": "Sewer issue", "date": "2023-01-23 07:15:00", "resolution": "block" }, "geometry": { "type": "Point", "coordinates": [ -71.1005946, 42.3765624 ] } },
{ "type": "Feature", "properties": { "block_code": "250173512033007", "type": "Sewer issue", "date": "2023-01-20 07:06:00", "resolution": "block" }, "geometry": { "type": "Point", "coordinates": [ -71.0973685, 42.3752705 ] } },
{ "type": "Feature", "properties": { "block_code": "250173512033007", "type": "Sewer issue", "date": "2023-01-19 21:58:00", "resolution": "block" }, "geometry": { "type": "Point", "coordinates": [ -71.0973685, 42.3752705 ] } },
{ "type": "Feature", "properties": { "block_code": "250173512033007", "type": "Sewer issue", "date": "2023-01-19 18:38:00", "resolution": "block" }, "geometry": { "type": "Point", "coordinates": [ -71.0973685, 42.3752705 ] } },
{ "type": "Feature", "properties": { "block_code": "250173504002002", "type": "Sewer issue", "date": "2023-01-16 07:48:00", "resolution": "block" }, "geometry": { "type": "Point", "coordinates": [ -71.1098895, 42.3959815 ] } },
{ "type": "Feature", "properties": { "block_code": "250173501082007", "type": "Sewer Back-up", "date": "2023-01-10 11:53:00", "resolution": "block" }, "geometry": { "type": "Point", "coordinates": [ -71.0952326, 42.3954409 ] } },
{ "type": "Feature", "properties": { "block_code": "250173502012000", "type": "Sewer issue", "date": "2023-01-09 11:34:00", "resolution": "block" }, "geometry": { "type": "Point", "coordinates": [ -71.0935752, 42.3900248 ] } },
{ "type": "Feature", "properties": { "block_code": "250173511022001", "type": "Sewer issue", "date": "2023-01-08 10:31:00", "resolution": "block" }, "geometry": { "type": "Point", "coordinates": [ -71.1025766, 42.3854824 ] } },
{ "type": "Feature", "properties": { "block_code": "250173515003011", "type": "Catch basin complaint", "date": "2023-01-05 12:24:00", "resolution": "block" }, "geometry": { "type": "Point", "coordinates": [ -71.0928894, 42.3776778 ] } },
{ "type": "Feature", "properties": { "block_code": "250173501091011", "type": "Sewer issue", "date": "2023-01-05 09:28:00", "resolution": "block" }, "geometry": { "type": "Point", "coordinates": [ -71.0907261, 42.3939182 ] } },
{ "type": "Feature", "properties": { "block_code": "250173511022001", "type": "Sewer issue", "date": "2023-01-03 16:43:00", "resolution": "block" }, "geometry": { "type": "Point", "coordinates": [ -71.1025766, 42.3854824 ] } },
{ "type": "Feature", "properties": { "block_code": "250173501091011", "type": "Sewer issue", "date": "2023-01-02 12:01:00", "resolution": "block" }, "geometry": { "type": "Point", "coordinates": [ -71.0907261, 42.3939182 ] } },
{ "type": "Feature", "properties": { "block_code": "250173502022000", "type": "Sewer issue", "date": "2023-01-02 06:22:00", "resolution": "block" }, "geometry": { "type": "Point", "coordinates": [ -71.0991809, 42.3922774 ] } },
{ "type": "Feature", "properties": { "block_code": "250173512041008", "type": "Sewer issue", "date": "2022-12-27 13:26:00", "resolution": "block" }, "geometry": { "type": "Point", "coordinates": [ -71.1103585, 42.3826723 ] } },
{ "type": "Feature", "properties": { "block_code": "250173512041008", "type": "Sewer issue", "date": "2022-12-27 11:46:00", "resolution": "block" }, "geometry": { "type": "Point", "coordinates": [ -71.1103585, 42.3826723 ] } },
{ "type": "Feature", "properties": { "block_code": "250173503001003", "type": "Catch basin complaint", "date": "2022-12-22 13:01:00", "resolution": "block" }, "geometry": { "type": "Point", "coordinates": [ -71.1038298, 42.3941825 ] } },
{ "type": "Feature", "properties": { "block_code": "250173502013001", "type": "Sewer ", "date": "2022-12-21 09:41:00", "resolution": "block" }, "geometry": { "type": "Point", "coordinates": [ -71.0922866, 42.3906214 ] } },
{ "type": "Feature", "properties": { "block_code": "250173501091013", "type": "Sewers and Drains", "date": "2022-12-16 21:29:00", "resolution": "block" }, "geometry": { "type": "Point", "coordinates": [ -71.0920922, 42.3926099 ] } },
{ "type": "Feature", "properties": { "block_code": "250173501082011", "type": "Sewer issue", "date": "2022-12-16 18:11:00", "resolution": "block" }, "geometry": { "type": "Point", "coordinates": [ -71.0933097, 42.3933033 ] } },
{ "type": "Feature", "properties": { "block_code": "250173512042001", "type": "Catch basin complaint", "date": "2022-12-16 15:45:00", "resolution": "block" }, "geometry": { "type": "Point", "coordinates": [ -71.1021611, 42.3830887 ] } },
{ "type": "Feature", "properties": { "block_code": "250173502013000", "type": "Catch basin complaint", "date": "2022-12-16 08:40:00", "resolution": "block" }, "geometry": { "type": "Point", "coordinates": [ -71.0928168, 42.3916933 ] } },
{ "type": "Feature", "properties": { "block_code": "250173503003009", "type": "Sewers and Drains", "date": "2022-12-15 12:33:00", "resolution": "block" }, "geometry": { "type": "Point", "coordinates": [ -71.1063653, 42.3961797 ] } },
{ "type": "Feature", "properties": { "block_code": "250173515003000", "type": "Sewer ", "date": "2022-12-14 12:29:00", "resolution": "block" }, "geometry": { "type": "Point", "coordinates": [ -71.0899801, 42.3787224 ] } },
{ "type": "Feature", "properties": { "block_code": "250173513003002", "type": "Sewer ", "date": "2022-11-29 15:59:00", "resolution": "block" }, "geometry": { "type": "Point", "coordinates": [ -71.091758, 42.3811243 ] } },
{ "type": "Feature", "properties": { "block_code": "250173513002010", "type": "Catch basin complaint", "date": "2022-11-28 10:02:00", "resolution": "block" }, "geometry": { "type": "Point", "coordinates": [ -71.0955932, 42.3806955 ] } },
{ "type": "Feature", "properties": { "block_code": "250173501091013", "type": "Catch basin complaint", "date": "2022-11-27 22:43:00", "resolution": "block" }, "geometry": { "type": "Point", "coordinates": [ -71.0920922, 42.3926099 ] } },
{ "type": "Feature", "properties": { "block_code": "250173513003003", "type": "Sewer issue", "date": "2022-11-22 10:16:00", "resolution": "block" }, "geometry": { "type": "Point", "coordinates": [ -71.0922886, 42.380391 ] } },
{ "type": "Feature", "properties": { "block_code": "250173515003010", "type": "Sewer ", "date": "2022-11-17 14:10:00", "resolution": "block" }, "geometry": { "type": "Point", "coordinates": [ -71.0903598, 42.3765673 ] } },
{ "type": "Feature", "properties": { "block_code": "250173502022014", "type": "Sewer Back-up", "date": "2022-11-16 11:22:00", "resolution": "block" }, "geometry": { "type": "Point", "coordinates": [ -71.0962616, 42.388801 ] } },
{ "type": "Feature", "properties": { "block_code": "250173512042006", "type": "Sewer Back-up", "date": "2022-11-15 09:14:00", "resolution": "block" }, "geometry": { "type": "Point", "coordinates": [ -71.0992856, 42.3821032 ] } },
{ "type": "Feature", "properties": { "block_code": "250173512031001", "type": "Sewer issue", "date": "2022-11-12 14:20:00", "resolution": "block" }, "geometry": { "type": "Point", "coordinates": [ -71.1024889, 42.3785028 ] } },
{ "type": "Feature", "properties": { "block_code": "250173513001002", "type": "Sewer issue", "date": "2022-11-11 09:56:00", "resolution": "block" }, "geometry": { "type": "Point", "coordinates": [ -71.0976411, 42.384255 ] } },
{ "type": "Feature", "properties": { "block_code": "250173501082009", "type": "Sewer issue", "date": "2022-11-09 11:58:00", "resolution": "block" }, "geometry": { "type": "Point", "coordinates": [ -71.0946697, 42.3939733 ] } },
{ "type": "Feature", "properties": { "block_code": "250173502022000", "type": "Sewer issue", "date": "2022-11-07 12:46:00", "resolution": "block" }, "geometry": { "type": "Point", "coordinates": [ -71.0991809, 42.3922774 ] } },
{ "type": "Feature", "properties": { "block_code": "250173511013003", "type": "Sewer issue", "date": "2022-10-31 16:13:00", "resolution": "block" }, "geometry": { "type": "Point", "coordinates": [ -71.0995968, 42.3883952 ] } },
{ "type": "Feature", "properties": { "block_code": "250173512031001", "type": "Catch basin complaint", "date": "2022-10-27 09:37:00", "resolution": "block" }, "geometry": { "type": "Point", "coordinates": [ -71.1024889, 42.3785028 ] } },
{ "type": "Feature", "properties": { "block_code": "250173512031000", "type": "Sewer issue", "date": "2022-10-25 09:21:00", "resolution": "block" }, "geometry": { "type": "Point", "coordinates": [ -71.1018843, 42.377779 ] } },
{ "type": "Feature", "properties": { "block_code": "250173502021007", "type": "Sewer issue", "date": "2022-10-19 09:24:00", "resolution": "block" }, "geometry": { "type": "Point", "coordinates": [ -71.102029, 42.3927269 ] } },
{ "type": "Feature", "properties": { "block_code": "250173502021007", "type": "Sewer Back-up", "date": "2022-10-18 15:27:00", "resolution": "block" }, "geometry": { "type": "Point", "coordinates": [ -71.102029, 42.3927269 ] } },
{ "type": "Feature", "properties": { "block_code": "250173511022001", "type": "Sewer issue", "date": "2022-10-15 12:40:00", "resolution": "block" }, "geometry": { "type": "Point", "coordinates": [ -71.1025766, 42.3854824 ] } },
{ "type": "Feature", "properties": { "block_code": "250173512032001", "type": "Sewer ", "date": "2022-10-12 13:13:00", "resolution": "block" }, "geometry": { "type": "Point", "coordinates": [ -71.0994009, 42.3782847 ] } },
{ "type": "Feature", "properties": { "block_code": "250173512032001", "type": "Sewer ", "date": "2022-10-12 13:10:00", "resolution": "block" }, "geometry": { "type": "Point", "coordinates": [ -71.0994009, 42.3782847 ] } },
{ "type": "Feature", "properties": { "block_code": "250173503001001", "type": "Catch basin complaint", "date": "2022-10-12 12:08:00", "resolution": "block" }, "geometry": { "type": "Point", "coordinates": [ -71.103235, 42.3966196 ] } },
{ "type": "Feature", "properties": { "block_code": "250173503003013", "type": "Catch basin complaint", "date": "2022-10-11 13:33:00", "resolution": "block" }, "geometry": { "type": "Point", "coordinates": [ -71.105195, 42.395002 ] } },
{ "type": "Feature", "properties": { "block_code": "250173512032003", "type": "Sewer ", "date": "2022-10-11 13:31:00", "resolution": "block" }, "geometry": { "type": "Point", "coordinates": [ -71.0975542, 42.3778283 ] } },
{ "type": "Feature", "properties": { "block_code": "250173503003013", "type": "Sewers and Drains", "date": "2022-10-10 12:12:00", "resolution": "block" }, "geometry": { "type": "Point", "coordinates": [ -71.105195, 42.395002 ] } },
{ "type": "Feature", "properties": { "block_code": "250173511022001", "type": "Sewer issue", "date": "2022-10-09 12:15:00", "resolution": "block" }, "geometry": { "type": "Point", "coordinates": [ -71.1025766, 42.3854824 ] } },
{ "type": "Feature", "properties": { "block_code": "250173511013004", "type": "Sewer ", "date": "2022-10-07 12:16:00", "resolution": "block" }, "geometry": { "type": "Point", "coordinates": [ -71.1021478, 42.3888759 ] } },
{ "type": "Feature", "properties": { "block_code": "250173502022009", "type": "Sewer ", "date": "2022-10-06 13:06:00", "resolution": "block" }, "geometry": { "type": "Point", "coordinates": [ -71.0989764, 42.3892666 ] } },
{ "type": "Feature", "properties": { "block_code": "250173511012003", "type": "Catch basin complaint", "date": "2022-10-06 12:27:00", "resolution": "block" }, "geometry": { "type": "Point", "coordinates": [ -71.1084597, 42.3888331 ] } },
{ "type": "Feature", "properties": { "block_code": "250173503003013", "type": "Sewer ", "date": "2022-10-05 09:03:00", "resolution": "block" }, "geometry": { "type": "Point", "coordinates": [ -71.105195, 42.395002 ] } },
{ "type": "Feature", "properties": { "block_code": "250173503001001", "type": "Catch basin complaint", "date": "2022-10-04 18:01:00", "resolution": "block" }, "geometry": { "type": "Point", "coordinates": [ -71.103235, 42.3966196 ] } },
{ "type": "Feature", "properties": { "block_code": "250173503001001", "type": "Sewer issue", "date": "2022-10-04 13:39:00", "resolution": "block" }, "geometry": { "type": "Point", "coordinates": [ -71.103235, 42.3966196 ] } },
{ "type": "Feature", "properties": { "block_code": "250173513002008", "type": "Catch Basin Repair", "date": "2022-09-21 13:48:00", "resolution": "block" }, "geometry": { "type": "Point", "coordinates": [ -71.0958397, 42.3816833 ] } },
{ "type": "Feature", "properties": { "block_code": "250173502022010", "type": "Sewer ", "date": "2022-09-19 08:49:00", "resolution": "block" }, "geometry": { "type": "Point", "coordinates": [ -71.0990736, 42.3901747 ] } },
{ "type": "Feature", "properties": { "block_code": "250173512042006", "type": "Sewer issue", "date": "2022-09-15 12:49:00", "resolution": "block" }, "geometry": { "type": "Point", "coordinates": [ -71.0992856, 42.3821032 ] } },
{ "type": "Feature", "properties": { "block_code": "250173512032001", "type": "Sewer issue", "date": "2022-09-10 12:06:00", "resolution": "block" }, "geometry": { "type": "Point", "coordinates": [ -71.0994009, 42.3782847 ] } },
{ "type": "Feature", "properties": { "block_code": "250173512033006", "type": "Sewer issue", "date": "2022-09-10 09:12:00", "resolution": "block" }, "geometry": { "type": "Point", "coordinates": [ -71.0984294, 42.3753805 ] } },
{ "type": "Feature", "properties": { "block_code": "250173510012009", "type": "Sewer issue", "date": "2022-09-09 15:35:00", "resolution": "block" }, "geometry": { "type": "Point", "coordinates": [ -71.1129932, 42.3832829 ] } },
{ "type": "Feature", "properties": { "block_code": "250173502022010", "type": "Sewer issue", "date": "2022-09-09 10:17:00", "resolution": "block" }, "geometry": { "type": "Point", "coordinates": [ -71.0990736, 42.3901747 ] } },
{ "type": "Feature", "properties": { "block_code": "250173503001000", "type": "Sewer ", "date": "2022-09-08 12:19:00", "resolution": "block" }, "geometry": { "type": "Point", "coordinates": [ -71.1024391, 42.3960823 ] } },
{ "type": "Feature", "properties": { "block_code": "250173510022005", "type": "Catch basin complaint", "date": "2022-09-02 13:41:00", "resolution": "block" }, "geometry": { "type": "Point", "coordinates": [ -71.112974, 42.3920844 ] } },
{ "type": "Feature", "properties": { "block_code": "250173511022000", "type": "Sewer issue", "date": "2022-08-28 12:43:00", "resolution": "block" }, "geometry": { "type": "Point", "coordinates": [ -71.1021728, 42.3860443 ] } },
{ "type": "Feature", "properties": { "block_code": "250173501081014", "type": "Sewer issue", "date": "2022-08-26 14:37:00", "resolution": "block" }, "geometry": { "type": "Point", "coordinates": [ -71.0916232, 42.3965413 ] } },
{ "type": "Feature", "properties": { "block_code": "250173511022000", "type": "Sewer issue", "date": "2022-08-24 18:50:00", "resolution": "block" }, "geometry": { "type": "Point", "coordinates": [ -71.1021728, 42.3860443 ] } },
{ "type": "Feature", "properties": { "block_code": "250173511021001", "type": "Sewer issue", "date": "2022-08-17 15:44:00", "resolution": "block" }, "geometry": { "type": "Point", "coordinates": [ -71.1079711, 42.3858696 ] } },
{ "type": "Feature", "properties": { "block_code": "250173503003010", "type": "Sewer issue", "date": "2022-08-17 15:20:00", "resolution": "block" }, "geometry": { "type": "Point", "coordinates": [ -71.1074979, 42.3962251 ] } },
{ "type": "Feature", "properties": { "block_code": "250173513001001", "type": "Sewer issue", "date": "2022-08-17 13:12:00", "resolution": "block" }, "geometry": { "type": "Point", "coordinates": [ -71.0942625, 42.3865866 ] } },
{ "type": "Feature", "properties": { "block_code": "250173511013003", "type": "Sewer issue", "date": "2022-08-15 15:12:00", "resolution": "block" }, "geometry": { "type": "Point", "coordinates": [ -71.0995968, 42.3883952 ] } },
{ "type": "Feature", "properties": { "block_code": "250173510021002", "type": "Sewer issue", "date": "2022-08-15 09:56:00", "resolution": "block" }, "geometry": { "type": "Point", "coordinates": [ -71.1099167, 42.3916073 ] } },
{ "type": "Feature", "properties": { "block_code": "250173510023000", "type": "Sewer issue", "date": "2022-08-14 14:15:00", "resolution": "block" }, "geometry": { "type": "Point", "coordinates": [ -71.111919, 42.3907589 ] } },
{ "type": "Feature", "properties": { "block_code": "250173510023000", "type": "Sewer issue", "date": "2022-08-13 09:18:00", "resolution": "block" }, "geometry": { "type": "Point", "coordinates": [ -71.111919, 42.3907589 ] } },
{ "type": "Feature", "properties": { "block_code": "250173510023003", "type": "Catch basin complaint", "date": "2022-08-10 13:38:00", "resolution": "block" }, "geometry": { "type": "Point", "coordinates": [ -71.1101892, 42.3891229 ] } },
{ "type": "Feature", "properties": { "block_code": "250173510021002", "type": "Catch basin complaint", "date": "2022-08-09 14:38:00", "resolution": "block" }, "geometry": { "type": "Point", "coordinates": [ -71.1099167, 42.3916073 ] } },
{ "type": "Feature", "properties": { "block_code": "250173510021002", "type": "Sewer issue", "date": "2022-08-09 08:36:00", "resolution": "block" }, "geometry": { "type": "Point", "coordinates": [ -71.1099167, 42.3916073 ] } },
{ "type": "Feature", "properties": { "block_code": "250173510023003", "type": "Catch basin complaint", "date": "2022-08-08 09:39:00", "resolution": "block" }, "geometry": { "type": "Point", "coordinates": [ -71.1101892, 42.3891229 ] } },
{ "type": "Feature", "properties": { "block_code": "250173512032006", "type": "Catch basin complaint", "date": "2022-08-01 11:42:00", "resolution": "block" }, "geometry": { "type": "Point", "coordinates": [ -71.0967453, 42.3770679 ] } },
{ "type": "Feature", "properties": { "block_code": "250173513001000", "type": "Sewer Back-up", "date": "2022-08-01 11:29:00", "resolution": "block" }, "geometry": { "type": "Point", "coordinates": [ -71.0962628, 42.3867866 ] } },
{ "type": "Feature", "properties": { "block_code": "250173513001000", "type": "Catch Basin Repair", "date": "2022-08-01 09:59:00", "resolution": "block" }, "geometry": { "type": "Point", "coordinates": [ -71.0962628, 42.3867866 ] } },
{ "type": "Feature", "properties": { "block_code": "250173513001000", "type": "Catch Basin Repair", "date": "2022-08-01 09:57:00", "resolution": "block" }, "geometry": { "type": "Point", "coordinates": [ -71.0962628, 42.3867866 ] } },
{ "type": "Feature", "properties": { "block_code": "250173510012006", "type": "Sewer issue", "date": "2022-07-26 16:27:00", "resolution": "block" }, "geometry": { "type": "Point", "coordinates": [ -71.1137144, 42.3854091 ] } },
{ "type": "Feature", "properties": { "block_code": "250173515003008", "type": "Catch basin complaint", "date": "2022-07-26 14:20:00", "resolution": "block" }, "geometry": { "type": "Point", "coordinates": [ -71.0950001, 42.3781782 ] } },
{ "type": "Feature", "properties": { "block_code": "250173515003006", "type": "Catch basin complaint", "date": "2022-07-26 09:52:00", "resolution": "block" }, "geometry": { "type": "Point", "coordinates": [ -71.0956756, 42.3784018 ] } },
{ "type": "Feature", "properties": { "block_code": "250173503003010", "type": "Sewer issue", "date": "2022-07-26 09:24:00", "resolution": "block" }, "geometry": { "type": "Point", "coordinates": [ -71.1074979, 42.3962251 ] } },
{ "type": "Feature", "properties": { "block_code": "250173502022002", "type": "Sewer issue", "date": "2022-07-23 10:55:00", "resolution": "block" }, "geometry": { "type": "Point", "coordinates": [ -71.1007275, 42.3915976 ] } },
{ "type": "Feature", "properties": { "block_code": "250173502011006", "type": "Catch basin complaint", "date": "2022-07-21 11:45:00", "resolution": "block" }, "geometry": { "type": "Point", "coordinates": [ -71.0907069, 42.3874171 ] } },
{ "type": "Feature", "properties": { "block_code": "250173512042009", "type": "Sewer issue", "date": "2022-07-17 14:46:00", "resolution": "block" }, "geometry": { "type": "Point", "coordinates": [ -71.101582, 42.3798805 ] } },
{ "type": "Feature", "properties": { "block_code": "250173512042009", "type": "Sewer issue", "date": "2022-07-17 13:56:00", "resolution": "block" }, "geometry": { "type": "Point", "coordinates": [ -71.101582, 42.3798805 ] } },
{ "type": "Feature", "properties": { "block_code": "250173512042003", "type": "Catch basin complaint", "date": "2022-07-15 11:28:00", "resolution": "block" }, "geometry": { "type": "Point", "coordinates": [ -71.1017138, 42.380963 ] } },
{ "type": "Feature", "properties": { "block_code": "250173510012008", "type": "Catch basin complaint", "date": "2022-07-13 16:28:00", "resolution": "block" }, "geometry": { "type": "Point", "coordinates": [ -71.1139008, 42.3840421 ] } },
{ "type": "Feature", "properties": { "block_code": "250173515003007", "type": "Catch basin complaint", "date": "2022-07-13 12:22:00", "resolution": "block" }, "geometry": { "type": "Point", "coordinates": [ -71.095099, 42.378557 ] } },
{ "type": "Feature", "properties": { "block_code": "250173512043012", "type": "Sewer issue", "date": "2022-07-12 21:38:00", "resolution": "block" }, "geometry": { "type": "Point", "coordinates": [ -71.1070129, 42.378339 ] } },
{ "type": "Feature", "properties": { "block_code": "250173513001009", "type": "Sewer issue", "date": "2022-07-12 18:39:00", "resolution": "block" }, "geometry": { "type": "Point", "coordinates": [ -71.0971393, 42.3823994 ] } },
{ "type": "Feature", "properties": { "block_code": "250173514042008", "type": "Sewer issue", "date": "2022-07-08 17:21:00", "resolution": "block" }, "geometry": { "type": "Point", "coordinates": [ -71.0918012, 42.386044 ] } },
{ "type": "Feature", "properties": { "block_code": "250173515003011", "type": "Catch basin complaint", "date": "2022-07-07 11:20:00", "resolution": "block" }, "geometry": { "type": "Point", "coordinates": [ -71.0928894, 42.3776778 ] } },
{ "type": "Feature", "properties": { "block_code": "250173510023001", "type": "Sewer issue", "date": "2022-07-06 16:35:00", "resolution": "block" }, "geometry": { "type": "Point", "coordinates": [ -71.1102797, 42.3903553 ] } },
{ "type": "Feature", "properties": { "block_code": "250173503001004", "type": "Sewer issue", "date": "2022-06-30 11:58:00", "resolution": "block" }, "geometry": { "type": "Point", "coordinates": [ -71.1043659, 42.3947051 ] } },
{ "type": "Feature", "properties": { "block_code": "250173510023000", "type": "Catch basin complaint", "date": "2022-06-27 10:31:00", "resolution": "block" }, "geometry": { "type": "Point", "coordinates": [ -71.111919, 42.3907589 ] } },
{ "type": "Feature", "properties": { "block_code": "250173510023004", "type": "Catch basin complaint", "date": "2022-06-25 18:51:00", "resolution": "block" }, "geometry": { "type": "Point", "coordinates": [ -71.1104543, 42.388692 ] } },
{ "type": "Feature", "properties": { "block_code": "250173502011006", "type": "Catch basin complaint", "date": "2022-06-15 14:10:00", "resolution": "block" }, "geometry": { "type": "Point", "coordinates": [ -71.0907069, 42.3874171 ] } },
{ "type": "Feature", "properties": { "block_code": "250173512032000", "type": "Catch basin complaint", "date": "2022-06-09 17:41:00", "resolution": "block" }, "geometry": { "type": "Point", "coordinates": [ -71.0970141, 42.3789611 ] } },
{ "type": "Feature", "properties": { "block_code": "250173511022003", "type": "Catch basin complaint", "date": "2022-06-09 10:37:00", "resolution": "block" }, "geometry": { "type": "Point", "coordinates": [ -71.1052853, 42.3844793 ] } },
{ "type": "Feature", "properties": { "block_code": "250173515003004", "type": "Catch basin complaint", "date": "2022-06-09 10:33:00", "resolution": "block" }, "geometry": { "type": "Point", "coordinates": [ -71.0945569, 42.3794499 ] } },
{ "type": "Feature", "properties": { "block_code": "250173503003010", "type": "Sewer issue", "date": "2022-06-09 09:59:00", "resolution": "block" }, "geometry": { "type": "Point", "coordinates": [ -71.1074979, 42.3962251 ] } },
{ "type": "Feature", "properties": { "block_code": "250173511011002", "type": "Sewer issue", "date": "2022-06-09 09:39:00", "resolution": "block" }, "geometry": { "type": "Point", "coordinates": [ -71.1034204, 42.3905261 ] } },
{ "type": "Feature", "properties": { "block_code": "250173515003007", "type": "Sewers and Drains", "date": "2022-06-09 09:19:00", "resolution": "block" }, "geometry": { "type": "Point", "coordinates": [ -71.095099, 42.378557 ] } },
{ "type": "Feature", "properties": { "block_code": "250173513002003", "type": "Sewer issue", "date": "2022-06-09 09:07:00", "resolution": "block" }, "geometry": { "type": "Point", "coordinates": [ -71.0939679, 42.3840196 ] } },
{ "type": "Feature", "properties": { "block_code": "250173515002009", "type": "Sewer issue", "date": "2022-06-06 13:23:00", "resolution": "block" }, "geometry": { "type": "Point", "coordinates": [ -71.0955614, 42.3749299 ] } },
{ "type": "Feature", "properties": { "block_code": "250173510012009", "type": "Sewer issue", "date": "2022-06-05 13:33:00", "resolution": "block" }, "geometry": { "type": "Point", "coordinates": [ -71.1129932, 42.3832829 ] } },
{ "type": "Feature", "properties": { "block_code": "250173510012009", "type": "Sewer issue", "date": "2022-06-05 11:05:00", "resolution": "block" }, "geometry": { "type": "Point", "coordinates": [ -71.1129932, 42.3832829 ] } },
{ "type": "Feature", "properties": { "block_code": "250173512042006", "type": "Sewer issue", "date": "2022-05-31 15:19:00", "resolution": "block" }, "geometry": { "type": "Point", "coordinates": [ -71.0992856, 42.3821032 ] } },
{ "type": "Feature", "properties": { "block_code": "250173502013003", "type": "Sewer issue", "date": "2022-05-15 20:25:00", "resolution": "block" }, "geometry": { "type": "Point", "coordinates": [ -71.0907712, 42.39029 ] } },
{ "type": "Feature", "properties": { "block_code": "250173511012006", "type": "Sewer ", "date": "2022-05-09 11:12:00", "resolution": "block" }, "geometry": { "type": "Point", "coordinates": [ -71.1057315, 42.3866998 ] } },
{ "type": "Feature", "properties": { "block_code": "250173513003005", "type": "Catch basin complaint", "date": "2022-05-04 11:19:00", "resolution": "block" }, "geometry": { "type": "Point", "coordinates": [ -71.0946106, 42.3802947 ] } },
{ "type": "Feature", "properties": { "block_code": "250173511013004", "type": "Catch basin complaint", "date": "2022-04-28 08:37:00", "resolution": "block" }, "geometry": { "type": "Point", "coordinates": [ -71.1021478, 42.3888759 ] } },
{ "type": "Feature", "properties": { "block_code": "250173502013003", "type": "Sewer issue", "date": "2022-04-27 22:56:00", "resolution": "block" }, "geometry": { "type": "Point", "coordinates": [ -71.0907712, 42.39029 ] } },
{ "type": "Feature", "properties": { "block_code": "250173513003005", "type": "Sewer issue", "date": "2022-04-26 15:33:00", "resolution": "block" }, "geometry": { "type": "Point", "coordinates": [ -71.0946106, 42.3802947 ] } },
{ "type": "Feature", "properties": { "block_code": "250173512033002", "type": "Catch basin complaint", "date": "2022-04-25 17:13:00", "resolution": "block" }, "geometry": { "type": "Point", "coordinates": [ -71.100285, 42.3760525 ] } },
{ "type": "Feature", "properties": { "block_code": "250173512042001", "type": "Sewer issue", "date": "2022-04-22 11:01:00", "resolution": "block" }, "geometry": { "type": "Point", "coordinates": [ -71.1021611, 42.3830887 ] } },
{ "type": "Feature", "properties": { "block_code": "250173512043009", "type": "Catch basin complaint", "date": "2022-04-21 14:15:00", "resolution": "block" }, "geometry": { "type": "Point", "coordinates": [ -71.1048866, 42.3793192 ] } },
{ "type": "Feature", "properties": { "block_code": "250173513001002", "type": "Sewer issue", "date": "2022-04-21 11:36:00", "resolution": "block" }, "geometry": { "type": "Point", "coordinates": [ -71.0976411, 42.384255 ] } },
{ "type": "Feature", "properties": { "block_code": "250173512042010", "type": "Catch basin complaint", "date": "2022-04-19 10:55:00", "resolution": "block" }, "geometry": { "type": "Point", "coordinates": [ -71.0990962, 42.3805443 ] } },
{ "type": "Feature", "properties": { "block_code": "250173502011008", "type": "Sewer issue", "date": "2022-04-19 09:37:00", "resolution": "block" }, "geometry": { "type": "Point", "coordinates": [ -71.0922543, 42.3878108 ] } },
{ "type": "Feature", "properties": { "block_code": "250173502011003", "type": "Sewer issue", "date": "2022-04-18 14:51:00", "resolution": "block" }, "geometry": { "type": "Point", "coordinates": [ -71.0917809, 42.388597 ] } },
{ "type": "Feature", "properties": { "block_code": "250173512033007", "type": "Sewer issue", "date": "2022-04-11 13:18:00", "resolution": "block" }, "geometry": { "type": "Point", "coordinates": [ -71.0973685, 42.3752705 ] } },
{ "type": "Feature", "properties": { "block_code": "250173512043009", "type": "Catch basin complaint", "date": "2022-04-11 08:52:00", "resolution": "block" }, "geometry": { "type": "Point", "coordinates": [ -71.1048866, 42.3793192 ] } },
{ "type": "Feature", "properties": { "block_code": "250173502023001", "type": "Sewer issue", "date": "2022-04-07 11:45:00", "resolution": "block" }, "geometry": { "type": "Point", "coordinates": [ -71.0972757, 42.3931967 ] } },
{ "type": "Feature", "properties": { "block_code": "250173511022005", "type": "Sewer issue", "date": "2022-04-06 10:38:00", "resolution": "block" }, "geometry": { "type": "Point", "coordinates": [ -71.1016035, 42.3844151 ] } },
{ "type": "Feature", "properties": { "block_code": "250173512031003", "type": "Sewer issue", "date": "2022-04-05 16:48:00", "resolution": "block" }, "geometry": { "type": "Point", "coordinates": [ -71.1049829, 42.3780209 ] } },
{ "type": "Feature", "properties": { "block_code": "250173502022014", "type": "Sewer issue", "date": "2022-04-05 12:07:00", "resolution": "block" }, "geometry": { "type": "Point", "coordinates": [ -71.0962616, 42.388801 ] } },
{ "type": "Feature", "properties": { "block_code": "250173502012003", "type": "Sewer issue", "date": "2022-04-03 20:01:00", "resolution": "block" }, "geometry": { "type": "Point", "coordinates": [ -71.0948995, 42.3885486 ] } },
{ "type": "Feature", "properties": { "block_code": "250173502022000", "type": "Catch basin complaint", "date": "2022-04-01 09:15:00", "resolution": "block" }, "geometry": { "type": "Point", "coordinates": [ -71.0991809, 42.3922774 ] } },
{ "type": "Feature", "properties": { "block_code": "250173511012003", "type": "Catch basin complaint", "date": "2022-03-28 17:30:00", "resolution": "block" }, "geometry": { "type": "Point", "coordinates": [ -71.1084597, 42.3888331 ] } },
{ "type": "Feature", "properties": { "block_code": "250173512041012", "type": "Catch basin complaint", "date": "2022-03-25 11:59:00", "resolution": "block" }, "geometry": { "type": "Point", "coordinates": [ -71.1083008, 42.3845332 ] } },
{ "type": "Feature", "properties": { "block_code": "250173510023000", "type": "Catch basin complaint", "date": "2022-03-22 12:01:00", "resolution": "block" }, "geometry": { "type": "Point", "coordinates": [ -71.111919, 42.3907589 ] } },
{ "type": "Feature", "properties": { "block_code": "250173512032006", "type": "Sewer ", "date": "2022-03-22 09:48:00", "resolution": "block" }, "geometry": { "type": "Point", "coordinates": [ -71.0967453, 42.3770679 ] } },
{ "type": "Feature", "properties": { "block_code": "250173512032006", "type": "Sewer issue", "date": "2022-03-22 09:44:00", "resolution": "block" }, "geometry": { "type": "Point", "coordinates": [ -71.0967453, 42.3770679 ] } },
{ "type": "Feature", "properties": { "block_code": "250173512032006", "type": "Sewer issue", "date": "2022-03-22 09:39:00", "resolution": "block" }, "geometry": { "type": "Point", "coordinates": [ -71.0967453, 42.3770679 ] } },
{ "type": "Feature", "properties": { "block_code": "250173512033002", "type": "Catch basin complaint", "date": "2022-03-21 13:18:00", "resolution": "block" }, "geometry": { "type": "Point", "coordinates": [ -71.100285, 42.3760525 ] } },
{ "type": "Feature", "properties": { "block_code": "250173502023004", "type": "Sewer issue", "date": "2022-03-18 19:11:00", "resolution": "block" }, "geometry": { "type": "Point", "coordinates": [ -71.0955022, 42.3924417 ] } },
{ "type": "Feature", "properties": { "block_code": "250173502022000", "type": "Sewer issue", "date": "2022-03-18 16:01:00", "resolution": "block" }, "geometry": { "type": "Point", "coordinates": [ -71.0991809, 42.3922774 ] } },
{ "type": "Feature", "properties": { "block_code": "250173513001001", "type": "Sewer issue", "date": "2022-03-18 12:52:00", "resolution": "block" }, "geometry": { "type": "Point", "coordinates": [ -71.0942625, 42.3865866 ] } },
{ "type": "Feature", "properties": { "block_code": "250173501082007", "type": "Catch basin complaint", "date": "2022-03-15 08:47:00", "resolution": "block" }, "geometry": { "type": "Point", "coordinates": [ -71.0952326, 42.3954409 ] } },
{ "type": "Feature", "properties": { "block_code": "250173514042010", "type": "Sewer issue", "date": "2022-03-01 11:39:00", "resolution": "block" }, "geometry": { "type": "Point", "coordinates": [ -71.0901381, 42.384411 ] } },
{ "type": "Feature", "properties": { "block_code": "250173512042006", "type": "Sewer issue", "date": "2022-02-18 12:15:00", "resolution": "block" }, "geometry": { "type": "Point", "coordinates": [ -71.0992856, 42.3821032 ] } },
{ "type": "Feature", "properties": { "block_code": "250173501082008", "type": "Sewer issue", "date": "2022-02-17 14:43:00", "resolution": "block" }, "geometry": { "type": "Point", "coordinates": [ -71.0935904, 42.3946172 ] } },
{ "type": "Feature", "properties": { "block_code": "250173502021001", "type": "Sewer ", "date": "2022-02-14 08:50:00", "resolution": "block" }, "geometry": { "type": "Point", "coordinates": [ -71.1019318, 42.3957536 ] } },
{ "type": "Feature", "properties": { "block_code": "250173512032001", "type": "Sewer issue", "date": "2022-02-10 14:54:00", "resolution": "block" }, "geometry": { "type": "Point", "coordinates": [ -71.0994009, 42.3782847 ] } },
{ "type": "Feature", "properties": { "block_code": "250173501091011", "type": "Catch basin complaint", "date": "2022-02-08 08:22:00", "resolution": "block" }, "geometry": { "type": "Point", "coordinates": [ -71.0907261, 42.3939182 ] } },
{ "type": "Feature", "properties": { "block_code": "250173513003000", "type": "Sewer ", "date": "2022-02-07 14:07:00", "resolution": "block" }, "geometry": { "type": "Point", "coordinates": [ -71.0910349, 42.3817046 ] } },
{ "type": "Feature", "properties": { "block_code": "250173503002001", "type": "Sewer issue", "date": "2022-02-04 14:23:00", "resolution": "block" }, "geometry": { "type": "Point", "coordinates": [ -71.109123, 42.3953985 ] } },
{ "type": "Feature", "properties": { "block_code": "250173502012003", "type": "Catch basin complaint", "date": "2022-02-04 12:03:00", "resolution": "block" }, "geometry": { "type": "Point", "coordinates": [ -71.0948995, 42.3885486 ] } },
{ "type": "Feature", "properties": { "block_code": "250173502012000", "type": "Sewer issue", "date": "2022-02-04 11:28:00", "resolution": "block" }, "geometry": { "type": "Point", "coordinates": [ -71.0935752, 42.3900248 ] } },
{ "type": "Feature", "properties": { "block_code": "250173512033001", "type": "Sewer ", "date": "2022-02-04 06:59:00", "resolution": "block" }, "geometry": { "type": "Point", "coordinates": [ -71.0990007, 42.3759458 ] } },
{ "type": "Feature", "properties": { "block_code": "250173504003001", "type": "Catch basin complaint", "date": "2022-02-02 08:58:00", "resolution": "block" }, "geometry": { "type": "Point", "coordinates": [ -71.1117815, 42.3956926 ] } },
{ "type": "Feature", "properties": { "block_code": "250173511022000", "type": "Sewer ", "date": "2022-02-01 07:58:00", "resolution": "block" }, "geometry": { "type": "Point", "coordinates": [ -71.1021728, 42.3860443 ] } },
{ "type": "Feature", "properties": { "block_code": "250173502023000", "type": "Sewer feedback ", "date": "2022-01-31 07:52:00", "resolution": "block" }, "geometry": { "type": "Point", "coordinates": [ -71.0983533, 42.3944004 ] } },
{ "type": "Feature", "properties": { "block_code": "250173503001001", "type": "Sewer issue", "date": "2022-01-18 13:26:00", "resolution": "block" }, "geometry": { "type": "Point", "coordinates": [ -71.103235, 42.3966196 ] } },
{ "type": "Feature", "properties": { "block_code": "250173512043003", "type": "Sewer issue", "date": "2022-01-14 14:21:00", "resolution": "block" }, "geometry": { "type": "Point", "coordinates": [ -71.1085347, 42.3810508 ] } },
{ "type": "Feature", "properties": { "block_code": "250173502011008", "type": "Sewer ", "date": "2022-01-14 11:30:00", "resolution": "block" }, "geometry": { "type": "Point", "coordinates": [ -71.0922543, 42.3878108 ] } },
{ "type": "Feature", "properties": { "block_code": "250173502011008", "type": "Sewer issue", "date": "2022-01-12 09:38:00", "resolution": "block" }, "geometry": { "type": "Point", "coordinates": [ -71.0922543, 42.3878108 ] } },
{ "type": "Feature", "properties": { "block_code": "250173515003011", "type": "Sewer issue", "date": "2022-01-07 13:23:00", "resolution": "block" }, "geometry": { "type": "Point", "coordinates": [ -71.0928894, 42.3776778 ] } },
{ "type": "Feature", "properties": { "block_code": "250173512041008", "type": "Catch basin complaint", "date": "2021-12-31 10:40:00", "resolution": "block" }, "geometry": { "type": "Point", "coordinates": [ -71.1103585, 42.3826723 ] } },
{ "type": "Feature", "properties": { "block_code": "250173510012010", "type": "Sewer issue", "date": "2021-12-22 15:34:00", "resolution": "block" }, "geometry": { "type": "Point", "coordinates": [ -71.1119836, 42.3824404 ] } },
{ "type": "Feature", "properties": { "block_code": "250173512041008", "type": "Catch basin complaint", "date": "2021-12-20 19:46:00", "resolution": "block" }, "geometry": { "type": "Point", "coordinates": [ -71.1103585, 42.3826723 ] } },
{ "type": "Feature", "properties": { "block_code": "250173510012007", "type": "Sewers and Drains", "date": "2021-12-18 22:22:00", "resolution": "block" }, "geometry": { "type": "Point", "coordinates": [ -71.1129534, 42.3839669 ] } },
{ "type": "Feature", "properties": { "block_code": "250173502012000", "type": "Catch basin complaint", "date": "2021-12-17 07:31:00", "resolution": "block" }, "geometry": { "type": "Point", "coordinates": [ -71.0935752, 42.3900248 ] } },
{ "type": "Feature", "properties": { "block_code": "250173512031000", "type": "Sewer issue", "date": "2021-12-16 10:22:00", "resolution": "block" }, "geometry": { "type": "Point", "coordinates": [ -71.1018843, 42.377779 ] } },
{ "type": "Feature", "properties": { "block_code": "250173515003011", "type": "Sewer feedback ", "date": "2021-12-16 08:50:00", "resolution": "block" }, "geometry": { "type": "Point", "coordinates": [ -71.0928894, 42.3776778 ] } },
{ "type": "Feature", "properties": { "block_code": "250173512041006", "type": "Sewer issue", "date": "2021-12-15 14:16:00", "resolution": "block" }, "geometry": { "type": "Point", "coordinates": [ -71.1100666, 42.3843581 ] } },
{ "type": "Feature", "properties": { "block_code": "250173512031000", "type": "Sewer feedback ", "date": "2021-12-13 09:35:00", "resolution": "block" }, "geometry": { "type": "Point", "coordinates": [ -71.1018843, 42.377779 ] } },
{ "type": "Feature", "properties": { "block_code": "250173514042008", "type": "Catch basin complaint", "date": "2021-12-12 00:39:00", "resolution": "block" }, "geometry": { "type": "Point", "coordinates": [ -71.0918012, 42.386044 ] } },
{ "type": "Feature", "properties": { "block_code": "250173513001003", "type": "Sewer issue", "date": "2021-12-10 10:13:00", "resolution": "block" }, "geometry": { "type": "Point", "coordinates": [ -71.0983575, 42.3848534 ] } },
{ "type": "Feature", "properties": { "block_code": "250173515003010", "type": "Sewer issue", "date": "2021-12-09 09:09:00", "resolution": "block" }, "geometry": { "type": "Point", "coordinates": [ -71.0903598, 42.3765673 ] } },
{ "type": "Feature", "properties": { "block_code": "250173502022011", "type": "Sewer issue", "date": "2021-11-22 10:35:00", "resolution": "block" }, "geometry": { "type": "Point", "coordinates": [ -71.0985189, 42.3897979 ] } },
{ "type": "Feature", "properties": { "block_code": "250173511013004", "type": "Sewer feedback ", "date": "2021-11-15 09:17:00", "resolution": "block" }, "geometry": { "type": "Point", "coordinates": [ -71.1021478, 42.3888759 ] } },
{ "type": "Feature", "properties": { "block_code": "250173511011003", "type": "Sewer feedback ", "date": "2021-11-15 09:10:00", "resolution": "block" }, "geometry": { "type": "Point", "coordinates": [ -71.1050923, 42.3902997 ] } },
{ "type": "Feature", "properties": { "block_code": "250173512041010", "type": "Catch basin complaint", "date": "2021-11-12 14:43:00", "resolution": "block" }, "geometry": { "type": "Point", "coordinates": [ -71.1099402, 42.3815955 ] } },
{ "type": "Feature", "properties": { "block_code": "250173503001001", "type": "Catch basin complaint", "date": "2021-11-11 13:29:00", "resolution": "block" }, "geometry": { "type": "Point", "coordinates": [ -71.103235, 42.3966196 ] } },
{ "type": "Feature", "properties": { "block_code": "250173512042006", "type": "Catch basin complaint", "date": "2021-11-05 14:40:00", "resolution": "block" }, "geometry": { "type": "Point", "coordinates": [ -71.0992856, 42.3821032 ] } },
{ "type": "Feature", "properties": { "block_code": "250173512043000", "type": "Catch basin complaint", "date": "2021-11-01 08:41:00", "resolution": "block" }, "geometry": { "type": "Point", "coordinates": [ -71.1035381, 42.379698 ] } },
{ "type": "Feature", "properties": { "block_code": "250173512042009", "type": "Catch basin complaint", "date": "2021-10-31 11:51:00", "resolution": "block" }, "geometry": { "type": "Point", "coordinates": [ -71.101582, 42.3798805 ] } },
{ "type": "Feature", "properties": { "block_code": "250173502022011", "type": "Catch basin complaint", "date": "2021-10-31 08:52:00", "resolution": "block" }, "geometry": { "type": "Point", "coordinates": [ -71.0985189, 42.3897979 ] } },
{ "type": "Feature", "properties": { "block_code": "250173502022012", "type": "Sewers and Drains", "date": "2021-10-30 21:00:00", "resolution": "block" }, "geometry": { "type": "Point", "coordinates": [ -71.0977982, 42.3893001 ] } },
{ "type": "Feature", "properties": { "block_code": "250173502022000", "type": "Catch basin complaint", "date": "2021-10-30 19:47:00", "resolution": "block" }, "geometry": { "type": "Point", "coordinates": [ -71.0991809, 42.3922774 ] } },
{ "type": "Feature", "properties": { "block_code": "250173512041001", "type": "Catch basin complaint", "date": "2021-10-30 19:19:00", "resolution": "block" }, "geometry": { "type": "Point", "coordinates": [ -71.1043838, 42.3834455 ] } },
{ "type": "Feature", "properties": { "block_code": "250173512041008", "type": "Catch basin complaint", "date": "2021-10-30 19:07:00", "resolution": "block" }, "geometry": { "type": "Point", "coordinates": [ -71.1103585, 42.3826723 ] } },
{ "type": "Feature", "properties": { "block_code": "250173502022009", "type": "Catch basin complaint", "date": "2021-10-30 13:07:00", "resolution": "block" }, "geometry": { "type": "Point", "coordinates": [ -71.0989764, 42.3892666 ] } },
{ "type": "Feature", "properties": { "block_code": "250173501082009", "type": "Catch basin complaint", "date": "2021-10-28 15:35:00", "resolution": "block" }, "geometry": { "type": "Point", "coordinates": [ -71.0946697, 42.3939733 ] } },
{ "type": "Feature", "properties": { "block_code": "250173502022014", "type": "Catch basin complaint", "date": "2021-10-26 14:10:00", "resolution": "block" }, "geometry": { "type": "Point", "coordinates": [ -71.0962616, 42.388801 ] } },
{ "type": "Feature", "properties": { "block_code": "250173501082006", "type": "Catch basin complaint", "date": "2021-10-26 10:26:00", "resolution": "block" }, "geometry": { "type": "Point", "coordinates": [ -71.0959664, 42.3946736 ] } },
{ "type": "Feature", "properties": { "block_code": "250173515002009", "type": "Catch basin complaint", "date": "2021-10-26 08:59:00", "resolution": "block" }, "geometry": { "type": "Point", "coordinates": [ -71.0955614, 42.3749299 ] } },
{ "type": "Feature", "properties": { "block_code": "250173511012004", "type": "Catch basin complaint", "date": "2021-10-26 08:54:00", "resolution": "block" }, "geometry": { "type": "Point", "coordinates": [ -71.1088432, 42.3896184 ] } },
{ "type": "Feature", "properties": { "block_code": "250173502022011", "type": "Catch basin complaint", "date": "2021-10-26 08:12:00", "resolution": "block" }, "geometry": { "type": "Point", "coordinates": [ -71.0985189, 42.3897979 ] } },
{ "type": "Feature", "properties": { "block_code": "250173510013007", "type": "Catch basin complaint", "date": "2021-10-26 08:08:00", "resolution": "block" }, "geometry": { "type": "Point", "coordinates": [ -71.1135304, 42.3875341 ] } },
{ "type": "Feature", "properties": { "block_code": "250173514042001", "type": "Catch basin complaint", "date": "2021-10-26 07:58:00", "resolution": "block" }, "geometry": { "type": "Point", "coordinates": [ -71.0900922, 42.386191 ] } },
{ "type": "Feature", "properties": { "block_code": "250173512041008", "type": "Catch basin complaint", "date": "2021-10-26 07:37:00", "resolution": "block" }, "geometry": { "type": "Point", "coordinates": [ -71.1103585, 42.3826723 ] } },
{ "type": "Feature", "properties": { "block_code": "250173515002009", "type": "Catch basin complaint", "date": "2021-10-26 07:23:00", "resolution": "block" }, "geometry": { "type": "Point", "coordinates": [ -71.0955614, 42.3749299 ] } },
{ "type": "Feature", "properties": { "block_code": "250173512032001", "type": "Catch basin complaint", "date": "2021-10-26 07:21:00", "resolution": "block" }, "geometry": { "type": "Point", "coordinates": [ -71.0994009, 42.3782847 ] } },
{ "type": "Feature", "properties": { "block_code": "250173511012008", "type": "Catch basin complaint", "date": "2021-10-25 14:28:00", "resolution": "block" }, "geometry": { "type": "Point", "coordinates": [ -71.1048957, 42.3879084 ] } },
{ "type": "Feature", "properties": { "block_code": "250173513001003", "type": "Sewer issue", "date": "2021-10-25 11:18:00", "resolution": "block" }, "geometry": { "type": "Point", "coordinates": [ -71.0983575, 42.3848534 ] } },
{ "type": "Feature", "properties": { "block_code": "250173512042010", "type": "Catch basin complaint", "date": "2021-10-25 09:17:00", "resolution": "block" }, "geometry": { "type": "Point", "coordinates": [ -71.0990962, 42.3805443 ] } },
{ "type": "Feature", "properties": { "block_code": "250173515002012", "type": "Catch basin complaint", "date": "2021-10-06 15:51:00", "resolution": "block" }, "geometry": { "type": "Point", "coordinates": [ -71.0898312, 42.3746318 ] } },
{ "type": "Feature", "properties": { "block_code": "250173513003005", "type": "Sewer ", "date": "2021-10-01 13:25:00", "resolution": "block" }, "geometry": { "type": "Point", "coordinates": [ -71.0946106, 42.3802947 ] } },
{ "type": "Feature", "properties": { "block_code": "250173512041003", "type": "Catch basin complaint", "date": "2021-09-21 10:29:00", "resolution": "block" }, "geometry": { "type": "Point", "coordinates": [ -71.1088113, 42.3831122 ] } },
{ "type": "Feature", "properties": { "block_code": "250173503003010", "type": "Sewer ", "date": "2021-09-15 13:34:00", "resolution": "block" }, "geometry": { "type": "Point", "coordinates": [ -71.1074979, 42.3962251 ] } },
{ "type": "Feature", "properties": { "block_code": "250173510012008", "type": "Sewer ", "date": "2021-09-13 14:30:00", "resolution": "block" }, "geometry": { "type": "Point", "coordinates": [ -71.1139008, 42.3840421 ] } },
{ "type": "Feature", "properties": { "block_code": "250173510012006", "type": "Catch basin complaint", "date": "2021-09-08 07:15:00", "resolution": "block" }, "geometry": { "type": "Point", "coordinates": [ -71.1137144, 42.3854091 ] } },
{ "type": "Feature", "properties": { "block_code": "250173510021002", "type": "Catch basin complaint", "date": "2021-09-03 09:17:00", "resolution": "block" }, "geometry": { "type": "Point", "coordinates": [ -71.1099167, 42.3916073 ] } },
{ "type": "Feature", "properties": { "block_code": "250173512031003", "type": "Sewers and Drains", "date": "2021-08-25 13:40:00", "resolution": "block" }, "geometry": { "type": "Point", "coordinates": [ -71.1049829, 42.3780209 ] } },
{ "type": "Feature", "properties": { "block_code": "250173512031000", "type": "Catch basin complaint", "date": "2021-08-23 19:50:00", "resolution": "block" }, "geometry": { "type": "Point", "coordinates": [ -71.1018843, 42.377779 ] } },
{ "type": "Feature", "properties": { "block_code": "250173512043000", "type": "Catch basin complaint", "date": "2021-08-23 16:00:00", "resolution": "block" }, "geometry": { "type": "Point", "coordinates": [ -71.1035381, 42.379698 ] } },
{ "type": "Feature", "properties": { "block_code": "250173512042009", "type": "Sewer ", "date": "2021-08-23 09:24:00", "resolution": "block" }, "geometry": { "type": "Point", "coordinates": [ -71.101582, 42.3798805 ] } },
{ "type": "Feature", "properties": { "block_code": "250173513003003", "type": "Catch basin complaint", "date": "2021-08-22 10:16:00", "resolution": "block" }, "geometry": { "type": "Point", "coordinates": [ -71.0922886, 42.380391 ] } },
{ "type": "Feature", "properties": { "block_code": "250173502022012", "type": "Sewer issue", "date": "2021-08-22 09:49:00", "resolution": "block" }, "geometry": { "type": "Point", "coordinates": [ -71.0977982, 42.3893001 ] } },
{ "type": "Feature", "properties": { "block_code": "250173511021004", "type": "Sewer issue", "date": "2021-08-20 20:11:00", "resolution": "block" }, "geometry": { "type": "Point", "coordinates": [ -71.106984, 42.3847337 ] } },
{ "type": "Feature", "properties": { "block_code": "250173514042008", "type": "Catch basin complaint", "date": "2021-08-20 14:36:00", "resolution": "block" }, "geometry": { "type": "Point", "coordinates": [ -71.0918012, 42.386044 ] } },
{ "type": "Feature", "properties": { "block_code": "250173511022004", "type": "Catch basin complaint", "date": "2021-08-20 11:39:00", "resolution": "block" }, "geometry": { "type": "Point", "coordinates": [ -71.1026983, 42.3841364 ] } },
{ "type": "Feature", "properties": { "block_code": "250173512032001", "type": "Catch basin complaint", "date": "2021-08-20 11:00:00", "resolution": "block" }, "geometry": { "type": "Point", "coordinates": [ -71.0994009, 42.3782847 ] } },
{ "type": "Feature", "properties": { "block_code": "250173512043002", "type": "Catch basin complaint", "date": "2021-08-20 09:05:00", "resolution": "block" }, "geometry": { "type": "Point", "coordinates": [ -71.1061277, 42.3809645 ] } },
{ "type": "Feature", "properties": { "block_code": "250173512042010", "type": "Catch basin complaint", "date": "2021-08-20 09:03:00", "resolution": "block" }, "geometry": { "type": "Point", "coordinates": [ -71.0990962, 42.3805443 ] } },
{ "type": "Feature", "properties": { "block_code": "250173512042006", "type": "Catch basin complaint", "date": "2021-08-20 07:41:00", "resolution": "block" }, "geometry": { "type": "Point", "coordinates": [ -71.0992856, 42.3821032 ] } },
{ "type": "Feature", "properties": { "block_code": "250173502022012", "type": "Sewer issue", "date": "2021-08-19 19:40:00", "resolution": "block" }, "geometry": { "type": "Point", "coordinates": [ -71.0977982, 42.3893001 ] } },
{ "type": "Feature", "properties": { "block_code": "250173512031003", "type": "Sewer issue", "date": "2021-08-19 15:35:00", "resolution": "block" }, "geometry": { "type": "Point", "coordinates": [ -71.1049829, 42.3780209 ] } },
{ "type": "Feature", "properties": { "block_code": "250173512043006", "type": "Sewer issue", "date": "2021-08-19 15:24:00", "resolution": "block" }, "geometry": { "type": "Point", "coordinates": [ -71.1067731, 42.3798036 ] } },
{ "type": "Feature", "properties": { "block_code": "250173501091022", "type": "Catch basin complaint", "date": "2021-08-19 15:21:00", "resolution": "block" }, "geometry": { "type": "Point", "coordinates": [ -71.0899097, 42.3915769 ] } },
{ "type": "Feature", "properties": { "block_code": "250173502011006", "type": "Catch basin complaint", "date": "2021-08-19 15:04:00", "resolution": "block" }, "geometry": { "type": "Point", "coordinates": [ -71.0907069, 42.3874171 ] } },
{ "type": "Feature", "properties": { "block_code": "250173512032001", "type": "Sewer issue", "date": "2021-08-19 15:00:00", "resolution": "block" }, "geometry": { "type": "Point", "coordinates": [ -71.0994009, 42.3782847 ] } },
{ "type": "Feature", "properties": { "block_code": "250173512032001", "type": "Catch basin complaint", "date": "2021-08-19 14:47:00", "resolution": "block" }, "geometry": { "type": "Point", "coordinates": [ -71.0994009, 42.3782847 ] } },
{ "type": "Feature", "properties": { "block_code": "250173502013004", "type": "Catch basin complaint", "date": "2021-08-19 14:42:00", "resolution": "block" }, "geometry": { "type": "Point", "coordinates": [ -71.0905539, 42.3896112 ] } },
{ "type": "Feature", "properties": { "block_code": "250173512043002", "type": "Catch basin complaint", "date": "2021-08-19 14:27:00", "resolution": "block" }, "geometry": { "type": "Point", "coordinates": [ -71.1061277, 42.3809645 ] } },
{ "type": "Feature", "properties": { "block_code": "250173512043006", "type": "Catch basin complaint", "date": "2021-08-19 13:53:00", "resolution": "block" }, "geometry": { "type": "Point", "coordinates": [ -71.1067731, 42.3798036 ] } },
{ "type": "Feature", "properties": { "block_code": "250173502013004", "type": "Catch basin complaint", "date": "2021-08-19 13:48:00", "resolution": "block" }, "geometry": { "type": "Point", "coordinates": [ -71.0905539, 42.3896112 ] } },
{ "type": "Feature", "properties": { "block_code": "250173515002010", "type": "Sewer issue", "date": "2021-08-19 13:48:00", "resolution": "block" }, "geometry": { "type": "Point", "coordinates": [ -71.0961629, 42.3754454 ] } },
{ "type": "Feature", "properties": { "block_code": "250173512033004", "type": "Catch basin complaint", "date": "2021-08-19 13:44:00", "resolution": "block" }, "geometry": { "type": "Point", "coordinates": [ -71.1012259, 42.3755693 ] } },
{ "type": "Feature", "properties": { "block_code": "250173501082007", "type": "Sewer issue", "date": "2021-08-19 13:44:00", "resolution": "block" }, "geometry": { "type": "Point", "coordinates": [ -71.0952326, 42.3954409 ] } },
{ "type": "Feature", "properties": { "block_code": "250173512042009", "type": "Catch basin complaint", "date": "2021-08-19 13:43:00", "resolution": "block" }, "geometry": { "type": "Point", "coordinates": [ -71.101582, 42.3798805 ] } },
{ "type": "Feature", "properties": { "block_code": "250173512042003", "type": "Sewer issue", "date": "2021-08-19 13:42:00", "resolution": "block" }, "geometry": { "type": "Point", "coordinates": [ -71.1017138, 42.380963 ] } },
{ "type": "Feature", "properties": { "block_code": "250173512043010", "type": "Catch basin complaint", "date": "2021-08-19 13:42:00", "resolution": "block" }, "geometry": { "type": "Point", "coordinates": [ -71.1061084, 42.3787951 ] } },
{ "type": "Feature", "properties": { "block_code": "250173502022010", "type": "Catch basin complaint", "date": "2021-08-19 13:41:00", "resolution": "block" }, "geometry": { "type": "Point", "coordinates": [ -71.0990736, 42.3901747 ] } },
{ "type": "Feature", "properties": { "block_code": "250173501091010", "type": "Catch basin complaint", "date": "2021-08-19 13:40:00", "resolution": "block" }, "geometry": { "type": "Point", "coordinates": [ -71.090086, 42.3944272 ] } },
{ "type": "Feature", "properties": { "block_code": "250173512041002", "type": "Catch basin complaint", "date": "2021-08-19 13:40:00", "resolution": "block" }, "geometry": { "type": "Point", "coordinates": [ -71.1057348, 42.382007 ] } },
{ "type": "Feature", "properties": { "block_code": "250173515002000", "type": "Sewer issue", "date": "2021-08-19 13:40:00", "resolution": "block" }, "geometry": { "type": "Point", "coordinates": [ -71.0922245, 42.3759252 ] } },
{ "type": "Feature", "properties": { "block_code": "250173515003007", "type": "Sewer issue", "date": "2021-08-19 13:39:00", "resolution": "block" }, "geometry": { "type": "Point", "coordinates": [ -71.095099, 42.378557 ] } },
{ "type": "Feature", "properties": { "block_code": "250173512042009", "type": "Sewer issue", "date": "2021-08-19 13:38:00", "resolution": "block" }, "geometry": { "type": "Point", "coordinates": [ -71.101582, 42.3798805 ] } },
{ "type": "Feature", "properties": { "block_code": "250173512043002", "type": "Catch basin complaint", "date": "2021-08-19 13:38:00", "resolution": "block" }, "geometry": { "type": "Point", "coordinates": [ -71.1061277, 42.3809645 ] } },
{ "type": "Feature", "properties": { "block_code": "250173512032002", "type": "Catch basin complaint", "date": "2021-08-19 13:37:00", "resolution": "block" }, "geometry": { "type": "Point", "coordinates": [ -71.1005031, 42.3790563 ] } },
{ "type": "Feature", "properties": { "block_code": "250173512043006", "type": "Catch basin complaint", "date": "2021-08-19 13:36:00", "resolution": "block" }, "geometry": { "type": "Point", "coordinates": [ -71.1067731, 42.3798036 ] } },
{ "type": "Feature", "properties": { "block_code": "250173513002008", "type": "Catch basin complaint", "date": "2021-08-19 13:35:00", "resolution": "block" }, "geometry": { "type": "Point", "coordinates": [ -71.0958397, 42.3816833 ] } },
{ "type": "Feature", "properties": { "block_code": "250173512043006", "type": "Catch basin complaint", "date": "2021-08-19 13:35:00", "resolution": "block" }, "geometry": { "type": "Point", "coordinates": [ -71.1067731, 42.3798036 ] } },
{ "type": "Feature", "properties": { "block_code": "250173512042010", "type": "Catch basin complaint", "date": "2021-08-19 13:34:00", "resolution": "block" }, "geometry": { "type": "Point", "coordinates": [ -71.0990962, 42.3805443 ] } },
{ "type": "Feature", "properties": { "block_code": "250173515002000", "type": "Sewer issue", "date": "2021-08-19 13:34:00", "resolution": "block" }, "geometry": { "type": "Point", "coordinates": [ -71.0922245, 42.3759252 ] } },
{ "type": "Feature", "properties": { "block_code": "250173511013002", "type": "Catch basin complaint", "date": "2021-08-19 13:34:00", "resolution": "block" }, "geometry": { "type": "Point", "coordinates": [ -71.0991653, 42.3888429 ] } },
{ "type": "Feature", "properties": { "block_code": "250173512032001", "type": "Catch basin complaint", "date": "2021-08-19 13:33:00", "resolution": "block" }, "geometry": { "type": "Point", "coordinates": [ -71.0994009, 42.3782847 ] } },
{ "type": "Feature", "properties": { "block_code": "250173512041008", "type": "Sewer issue", "date": "2021-08-19 13:29:00", "resolution": "block" }, "geometry": { "type": "Point", "coordinates": [ -71.1103585, 42.3826723 ] } },
{ "type": "Feature", "properties": { "block_code": "250173512041008", "type": "Catch basin complaint", "date": "2021-08-19 13:28:00", "resolution": "block" }, "geometry": { "type": "Point", "coordinates": [ -71.1103585, 42.3826723 ] } },
{ "type": "Feature", "properties": { "block_code": "250173512042007", "type": "Sewer issue", "date": "2021-08-19 13:25:00", "resolution": "block" }, "geometry": { "type": "Point", "coordinates": [ -71.0981218, 42.3810714 ] } },
{ "type": "Feature", "properties": { "block_code": "250173512031000", "type": "Catch basin complaint", "date": "2021-08-19 13:23:00", "resolution": "block" }, "geometry": { "type": "Point", "coordinates": [ -71.1018843, 42.377779 ] } },
{ "type": "Feature", "properties": { "block_code": "250173515003012", "type": "Catch basin complaint", "date": "2021-08-19 13:23:00", "resolution": "block" }, "geometry": { "type": "Point", "coordinates": [ -71.092132, 42.3775375 ] } },
{ "type": "Feature", "properties": { "block_code": "250173512031000", "type": "Catch basin complaint", "date": "2021-08-19 13:17:00", "resolution": "block" }, "geometry": { "type": "Point", "coordinates": [ -71.1018843, 42.377779 ] } },
{ "type": "Feature", "properties": { "block_code": "250173512031000", "type": "Catch basin complaint", "date": "2021-08-19 13:16:00", "resolution": "block" }, "geometry": { "type": "Point", "coordinates": [ -71.1018843, 42.377779 ] } },
{ "type": "Feature", "properties": { "block_code": "250173512041008", "type": "Catch basin complaint", "date": "2021-08-19 13:14:00", "resolution": "block" }, "geometry": { "type": "Point", "coordinates": [ -71.1103585, 42.3826723 ] } },
{ "type": "Feature", "properties": { "block_code": "250173512031000", "type": "Catch basin complaint", "date": "2021-08-19 13:14:00", "resolution": "block" }, "geometry": { "type": "Point", "coordinates": [ -71.1018843, 42.377779 ] } },
{ "type": "Feature", "properties": { "block_code": "250173512032001", "type": "Catch basin complaint", "date": "2021-08-19 13:11:00", "resolution": "block" }, "geometry": { "type": "Point", "coordinates": [ -71.0994009, 42.3782847 ] } },
{ "type": "Feature", "properties": { "block_code": "250173512042007", "type": "Catch basin complaint", "date": "2021-08-19 13:07:00", "resolution": "block" }, "geometry": { "type": "Point", "coordinates": [ -71.0981218, 42.3810714 ] } },
{ "type": "Feature", "properties": { "block_code": "250173512042010", "type": "Catch basin complaint", "date": "2021-08-19 13:07:00", "resolution": "block" }, "geometry": { "type": "Point", "coordinates": [ -71.0990962, 42.3805443 ] } },
{ "type": "Feature", "properties": { "block_code": "250173503002000", "type": "Catch basin complaint", "date": "2021-08-19 13:06:00", "resolution": "block" }, "geometry": { "type": "Point", "coordinates": [ -71.1080764, 42.3954262 ] } },
{ "type": "Feature", "properties": { "block_code": "250173503002000", "type": "Sewer issue", "date": "2021-08-19 13:06:00", "resolution": "block" }, "geometry": { "type": "Point", "coordinates": [ -71.1080764, 42.3954262 ] } },
{ "type": "Feature", "properties": { "block_code": "250173512042010", "type": "Catch basin complaint", "date": "2021-08-19 13:02:00", "resolution": "block" }, "geometry": { "type": "Point", "coordinates": [ -71.0990962, 42.3805443 ] } },
{ "type": "Feature", "properties": { "block_code": "250173503002000", "type": "Sewer issue", "date": "2021-08-19 13:01:00", "resolution": "block" }, "geometry": { "type": "Point", "coordinates": [ -71.1080764, 42.3954262 ] } },
{ "type": "Feature", "properties": { "block_code": "250173512033000", "type": "Catch basin complaint", "date": "2021-08-19 13:01:00", "resolution": "block" }, "geometry": { "type": "Point", "coordinates": [ -71.0969072, 42.376393 ] } },
{ "type": "Feature", "properties": { "block_code": "250173513001009", "type": "Sewer issue", "date": "2021-08-19 13:00:00", "resolution": "block" }, "geometry": { "type": "Point", "coordinates": [ -71.0971393, 42.3823994 ] } },
{ "type": "Feature", "properties": { "block_code": "250173512042003", "type": "Catch basin complaint", "date": "2021-08-19 12:56:00", "resolution": "block" }, "geometry": { "type": "Point", "coordinates": [ -71.1017138, 42.380963 ] } },
{ "type": "Feature", "properties": { "block_code": "250173512042003", "type": "Catch basin complaint", "date": "2021-08-19 12:52:00", "resolution": "block" }, "geometry": { "type": "Point", "coordinates": [ -71.1017138, 42.380963 ] } },
{ "type": "Feature", "properties": { "block_code": "250173512031001", "type": "Sewer issue", "date": "2021-08-19 12:51:00", "resolution": "block" }, "geometry": { "type": "Point", "coordinates": [ -71.1024889, 42.3785028 ] } },
{ "type": "Feature", "properties": { "block_code": "250173512031002", "type": "Catch basin complaint", "date": "2021-08-19 12:44:00", "resolution": "block" }, "geometry": { "type": "Point", "coordinates": [ -71.1031473, 42.3784314 ] } },
{ "type": "Feature", "properties": { "block_code": "250173512041001", "type": "Catch basin complaint", "date": "2021-08-19 12:42:00", "resolution": "block" }, "geometry": { "type": "Point", "coordinates": [ -71.1043838, 42.3834455 ] } },
{ "type": "Feature", "properties": { "block_code": "250173515003007", "type": "Catch basin complaint", "date": "2021-08-19 12:41:00", "resolution": "block" }, "geometry": { "type": "Point", "coordinates": [ -71.095099, 42.378557 ] } },
{ "type": "Feature", "properties": { "block_code": "250173515003005", "type": "Sewer issue", "date": "2021-08-19 12:37:00", "resolution": "block" }, "geometry": { "type": "Point", "coordinates": [ -71.0953637, 42.3791278 ] } },
{ "type": "Feature", "properties": { "block_code": "250173512043007", "type": "Catch basin complaint", "date": "2021-08-19 12:35:00", "resolution": "block" }, "geometry": { "type": "Point", "coordinates": [ -71.1056168, 42.3805227 ] } },
{ "type": "Feature", "properties": { "block_code": "250173512043002", "type": "Catch basin complaint", "date": "2021-08-19 12:32:00", "resolution": "block" }, "geometry": { "type": "Point", "coordinates": [ -71.1061277, 42.3809645 ] } },
{ "type": "Feature", "properties": { "block_code": "250173515003012", "type": "Sewer issue", "date": "2021-08-19 11:15:00", "resolution": "block" }, "geometry": { "type": "Point", "coordinates": [ -71.092132, 42.3775375 ] } },
{ "type": "Feature", "properties": { "block_code": "250173503001001", "type": "Catch basin complaint", "date": "2021-08-18 10:32:00", "resolution": "block" }, "geometry": { "type": "Point", "coordinates": [ -71.103235, 42.3966196 ] } },
{ "type": "Feature", "properties": { "block_code": "250173503001001", "type": "Catch basin complaint", "date": "2021-08-10 12:49:00", "resolution": "block" }, "geometry": { "type": "Point", "coordinates": [ -71.103235, 42.3966196 ] } },
{ "type": "Feature", "properties": { "block_code": "250173510012010", "type": "Catch basin complaint", "date": "2021-08-04 12:53:00", "resolution": "block" }, "geometry": { "type": "Point", "coordinates": [ -71.1119836, 42.3824404 ] } },
{ "type": "Feature", "properties": { "block_code": "250173512031002", "type": "Sewer issue", "date": "2021-07-28 14:27:00", "resolution": "block" }, "geometry": { "type": "Point", "coordinates": [ -71.1031473, 42.3784314 ] } },
{ "type": "Feature", "properties": { "block_code": "250173503002001", "type": "Sewer issue", "date": "2021-07-28 09:23:00", "resolution": "block" }, "geometry": { "type": "Point", "coordinates": [ -71.109123, 42.3953985 ] } },
{ "type": "Feature", "properties": { "block_code": "250173503002000", "type": "Sewer issue", "date": "2021-07-28 09:13:00", "resolution": "block" }, "geometry": { "type": "Point", "coordinates": [ -71.1080764, 42.3954262 ] } },
{ "type": "Feature", "properties": { "block_code": "250173512032001", "type": "Sewer issue", "date": "2021-07-27 20:41:00", "resolution": "block" }, "geometry": { "type": "Point", "coordinates": [ -71.0994009, 42.3782847 ] } },
{ "type": "Feature", "properties": { "block_code": "250173512043006", "type": "Catch basin complaint", "date": "2021-07-27 20:06:00", "resolution": "block" }, "geometry": { "type": "Point", "coordinates": [ -71.1067731, 42.3798036 ] } },
{ "type": "Feature", "properties": { "block_code": "250173503002001", "type": "Sewer issue", "date": "2021-07-27 19:55:00", "resolution": "block" }, "geometry": { "type": "Point", "coordinates": [ -71.109123, 42.3953985 ] } },
{ "type": "Feature", "properties": { "block_code": "250173503002001", "type": "Sewer issue", "date": "2021-07-27 19:52:00", "resolution": "block" }, "geometry": { "type": "Point", "coordinates": [ -71.109123, 42.3953985 ] } },
{ "type": "Feature", "properties": { "block_code": "250173502021004", "type": "Sewer issue", "date": "2021-07-27 19:31:00", "resolution": "block" }, "geometry": { "type": "Point", "coordinates": [ -71.1014186, 42.3929903 ] } },
{ "type": "Feature", "properties": { "block_code": "250173512032000", "type": "Sewer issue", "date": "2021-07-26 16:07:00", "resolution": "block" }, "geometry": { "type": "Point", "coordinates": [ -71.0970141, 42.3789611 ] } },
{ "type": "Feature", "properties": { "block_code": "250173512032000", "type": "Sewer ", "date": "2021-07-26 16:01:00", "resolution": "block" }, "geometry": { "type": "Point", "coordinates": [ -71.0970141, 42.3789611 ] } },
{ "type": "Feature", "properties": { "block_code": "250173512043006", "type": "Sewer issue", "date": "2021-07-26 14:45:00", "resolution": "block" }, "geometry": { "type": "Point", "coordinates": [ -71.1067731, 42.3798036 ] } },
{ "type": "Feature", "properties": { "block_code": "250173510023000", "type": "Sewer issue", "date": "2021-07-26 14:26:00", "resolution": "block" }, "geometry": { "type": "Point", "coordinates": [ -71.111919, 42.3907589 ] } },
{ "type": "Feature", "properties": { "block_code": "250173512042009", "type": "Sewer ", "date": "2021-07-26 13:17:00", "resolution": "block" }, "geometry": { "type": "Point", "coordinates": [ -71.101582, 42.3798805 ] } },
{ "type": "Feature", "properties": { "block_code": "250173502012002", "type": "Sewer issue", "date": "2021-07-23 15:11:00", "resolution": "block" }, "geometry": { "type": "Point", "coordinates": [ -71.0958931, 42.3894379 ] } },
{ "type": "Feature", "properties": { "block_code": "250173515003010", "type": "Sewers and Drains", "date": "2021-07-21 13:34:00", "resolution": "block" }, "geometry": { "type": "Point", "coordinates": [ -71.0903598, 42.3765673 ] } },
{ "type": "Feature", "properties": { "block_code": "250173512032001", "type": "Sewer issue", "date": "2021-07-20 10:28:00", "resolution": "block" }, "geometry": { "type": "Point", "coordinates": [ -71.0994009, 42.3782847 ] } },
{ "type": "Feature", "properties": { "block_code": "250173511011000", "type": "Catch basin complaint", "date": "2021-07-16 11:39:00", "resolution": "block" }, "geometry": { "type": "Point", "coordinates": [ -71.1054475, 42.3919687 ] } },
{ "type": "Feature", "properties": { "block_code": "250173511013009", "type": "Sewer issue", "date": "2021-07-14 13:47:00", "resolution": "block" }, "geometry": { "type": "Point", "coordinates": [ -71.1001431, 42.3868957 ] } },
{ "type": "Feature", "properties": { "block_code": "250173513001009", "type": "Sewer ", "date": "2021-07-13 15:04:00", "resolution": "block" }, "geometry": { "type": "Point", "coordinates": [ -71.0971393, 42.3823994 ] } },
{ "type": "Feature", "properties": { "block_code": "250173513002008", "type": "Catch basin complaint", "date": "2021-07-12 09:34:00", "resolution": "block" }, "geometry": { "type": "Point", "coordinates": [ -71.0958397, 42.3816833 ] } },
{ "type": "Feature", "properties": { "block_code": "250173512032001", "type": "Sewer issue", "date": "2021-07-12 08:17:00", "resolution": "block" }, "geometry": { "type": "Point", "coordinates": [ -71.0994009, 42.3782847 ] } },
{ "type": "Feature", "properties": { "block_code": "250173512042009", "type": "Sewer issue", "date": "2021-07-12 08:13:00", "resolution": "block" }, "geometry": { "type": "Point", "coordinates": [ -71.101582, 42.3798805 ] } },
{ "type": "Feature", "properties": { "block_code": "250173513002008", "type": "Catch basin complaint", "date": "2021-07-11 20:01:00", "resolution": "block" }, "geometry": { "type": "Point", "coordinates": [ -71.0958397, 42.3816833 ] } },
{ "type": "Feature", "properties": { "block_code": "250173513002008", "type": "Catch basin complaint", "date": "2021-07-11 19:36:00", "resolution": "block" }, "geometry": { "type": "Point", "coordinates": [ -71.0958397, 42.3816833 ] } },
{ "type": "Feature", "properties": { "block_code": "250173510021001", "type": "Sewer feedback ", "date": "2021-07-11 17:13:00", "resolution": "block" }, "geometry": { "type": "Point", "coordinates": [ -71.1095032, 42.392032 ] } },
{ "type": "Feature", "properties": { "block_code": "250173504003002", "type": "Catch basin complaint", "date": "2021-07-09 16:18:00", "resolution": "block" }, "geometry": { "type": "Point", "coordinates": [ -71.1124898, 42.395915 ] } },
{ "type": "Feature", "properties": { "block_code": "250173512031000", "type": "Catch basin complaint", "date": "2021-07-09 12:29:00", "resolution": "block" }, "geometry": { "type": "Point", "coordinates": [ -71.1018843, 42.377779 ] } },
{ "type": "Feature", "properties": { "block_code": "250173512041008", "type": "Catch basin complaint", "date": "2021-07-09 12:27:00", "resolution": "block" }, "geometry": { "type": "Point", "coordinates": [ -71.1103585, 42.3826723 ] } },
{ "type": "Feature", "properties": { "block_code": "250173512033005", "type": "Sewer issue", "date": "2021-07-09 12:26:00", "resolution": "block" }, "geometry": { "type": "Point", "coordinates": [ -71.1016759, 42.3749792 ] } },
{ "type": "Feature", "properties": { "block_code": "250173512033005", "type": "Catch basin complaint", "date": "2021-07-09 12:25:00", "resolution": "block" }, "geometry": { "type": "Point", "coordinates": [ -71.1016759, 42.3749792 ] } },
{ "type": "Feature", "properties": { "block_code": "250173503002001", "type": "Sewer issue", "date": "2021-07-09 12:16:00", "resolution": "block" }, "geometry": { "type": "Point", "coordinates": [ -71.109123, 42.3953985 ] } },
{ "type": "Feature", "properties": { "block_code": "250173503002000", "type": "Sewer issue", "date": "2021-07-09 12:12:00", "resolution": "block" }, "geometry": { "type": "Point", "coordinates": [ -71.1080764, 42.3954262 ] } },
{ "type": "Feature", "properties": { "block_code": "250173512032001", "type": "Sewer issue", "date": "2021-07-09 12:08:00", "resolution": "block" }, "geometry": { "type": "Point", "coordinates": [ -71.0994009, 42.3782847 ] } },
{ "type": "Feature", "properties": { "block_code": "250173512033006", "type": "Catch basin complaint", "date": "2021-07-09 12:06:00", "resolution": "block" }, "geometry": { "type": "Point", "coordinates": [ -71.0984294, 42.3753805 ] } },
{ "type": "Feature", "properties": { "block_code": "250173512031000", "type": "Catch basin complaint", "date": "2021-07-09 12:04:00", "resolution": "block" }, "geometry": { "type": "Point", "coordinates": [ -71.1018843, 42.377779 ] } },
{ "type": "Feature", "properties": { "block_code": "250173512032003", "type": "Catch basin complaint", "date": "2021-07-09 12:01:00", "resolution": "block" }, "geometry": { "type": "Point", "coordinates": [ -71.0975542, 42.3778283 ] } },
{ "type": "Feature", "properties": { "block_code": "250173512043009", "type": "Catch basin complaint", "date": "2021-07-09 12:01:00", "resolution": "block" }, "geometry": { "type": "Point", "coordinates": [ -71.1048866, 42.3793192 ] } },
{ "type": "Feature", "properties": { "block_code": "250173512032004", "type": "Sewer issue", "date": "2021-07-08 13:06:00", "resolution": "block" }, "geometry": { "type": "Point", "coordinates": [ -71.1006012, 42.3770693 ] } },
{ "type": "Feature", "properties": { "block_code": "250173511013009", "type": "Sewer issue", "date": "2021-07-08 10:18:00", "resolution": "block" }, "geometry": { "type": "Point", "coordinates": [ -71.1001431, 42.3868957 ] } },
{ "type": "Feature", "properties": { "block_code": "250173512032005", "type": "Catch basin complaint", "date": "2021-07-07 10:34:00", "resolution": "block" }, "geometry": { "type": "Point", "coordinates": [ -71.0987134, 42.3770461 ] } },
{ "type": "Feature", "properties": { "block_code": "250173502013004", "type": "Catch basin complaint", "date": "2021-07-06 17:20:00", "resolution": "block" }, "geometry": { "type": "Point", "coordinates": [ -71.0905539, 42.3896112 ] } },
{ "type": "Feature", "properties": { "block_code": "250173512042009", "type": "Sewer issue", "date": "2021-07-06 17:08:00", "resolution": "block" }, "geometry": { "type": "Point", "coordinates": [ -71.101582, 42.3798805 ] } },
{ "type": "Feature", "properties": { "block_code": "250173512032000", "type": "Sewer issue", "date": "2021-07-06 13:56:00", "resolution": "block" }, "geometry": { "type": "Point", "coordinates": [ -71.0970141, 42.3789611 ] } },
{ "type": "Feature", "properties": { "block_code": "250173515003011", "type": "Sewer issue", "date": "2021-07-06 10:31:00", "resolution": "block" }, "geometry": { "type": "Point", "coordinates": [ -71.0928894, 42.3776778 ] } },
{ "type": "Feature", "properties": { "block_code": "250173515003011", "type": "Sewer ", "date": "2021-07-06 09:38:00", "resolution": "block" }, "geometry": { "type": "Point", "coordinates": [ -71.0928894, 42.3776778 ] } },
{ "type": "Feature", "properties": { "block_code": "250173512031000", "type": "Catch basin complaint", "date": "2021-07-06 08:05:00", "resolution": "block" }, "geometry": { "type": "Point", "coordinates": [ -71.1018843, 42.377779 ] } },
{ "type": "Feature", "properties": { "block_code": "250173511012003", "type": "Sewer issue", "date": "2021-07-03 20:48:00", "resolution": "block" }, "geometry": { "type": "Point", "coordinates": [ -71.1084597, 42.3888331 ] } },
{ "type": "Feature", "properties": { "block_code": "250173512041009", "type": "Sewer issue", "date": "2021-07-03 15:30:00", "resolution": "block" }, "geometry": { "type": "Point", "coordinates": [ -71.1089456, 42.3816359 ] } },
{ "type": "Feature", "properties": { "block_code": "250173512032005", "type": "Sewer issue", "date": "2021-07-03 14:22:00", "resolution": "block" }, "geometry": { "type": "Point", "coordinates": [ -71.0987134, 42.3770461 ] } },
{ "type": "Feature", "properties": { "block_code": "250173512031000", "type": "Catch basin complaint", "date": "2021-07-02 16:27:00", "resolution": "block" }, "geometry": { "type": "Point", "coordinates": [ -71.1018843, 42.377779 ] } },
{ "type": "Feature", "properties": { "block_code": "250173502013004", "type": "Catch basin complaint", "date": "2021-07-02 14:31:00", "resolution": "block" }, "geometry": { "type": "Point", "coordinates": [ -71.0905539, 42.3896112 ] } },
{ "type": "Feature", "properties": { "block_code": "250173512031000", "type": "Catch basin complaint", "date": "2021-07-02 14:12:00", "resolution": "block" }, "geometry": { "type": "Point", "coordinates": [ -71.1018843, 42.377779 ] } },
{ "type": "Feature", "properties": { "block_code": "250173512042009", "type": "Sewer issue", "date": "2021-07-02 11:52:00", "resolution": "block" }, "geometry": { "type": "Point", "coordinates": [ -71.101582, 42.3798805 ] } },
{ "type": "Feature", "properties": { "block_code": "250173501091022", "type": "Catch basin complaint", "date": "2021-07-02 11:29:00", "resolution": "block" }, "geometry": { "type": "Point", "coordinates": [ -71.0899097, 42.3915769 ] } },
{ "type": "Feature", "properties": { "block_code": "250173512041002", "type": "Catch basin complaint", "date": "2021-07-02 11:19:00", "resolution": "block" }, "geometry": { "type": "Point", "coordinates": [ -71.1057348, 42.382007 ] } },
{ "type": "Feature", "properties": { "block_code": "250173515003011", "type": "Catch basin complaint", "date": "2021-07-02 11:09:00", "resolution": "block" }, "geometry": { "type": "Point", "coordinates": [ -71.0928894, 42.3776778 ] } },
{ "type": "Feature", "properties": { "block_code": "250173515003011", "type": "Catch basin complaint", "date": "2021-07-02 11:09:00", "resolution": "block" }, "geometry": { "type": "Point", "coordinates": [ -71.0928894, 42.3776778 ] } },
{ "type": "Feature", "properties": { "block_code": "250173512043000", "type": "Catch basin complaint", "date": "2021-07-02 10:42:00", "resolution": "block" }, "geometry": { "type": "Point", "coordinates": [ -71.1035381, 42.379698 ] } },
{ "type": "Feature", "properties": { "block_code": "250173512032000", "type": "Sewer ", "date": "2021-07-02 10:08:00", "resolution": "block" }, "geometry": { "type": "Point", "coordinates": [ -71.0970141, 42.3789611 ] } },
{ "type": "Feature", "properties": { "block_code": "250173503001005", "type": "Sewer issue", "date": "2021-07-02 09:35:00", "resolution": "block" }, "geometry": { "type": "Point", "coordinates": [ -71.1036535, 42.391802 ] } },
{ "type": "Feature", "properties": { "block_code": "250173501082008", "type": "Sewer issue", "date": "2021-07-01 15:47:00", "resolution": "block" }, "geometry": { "type": "Point", "coordinates": [ -71.0935904, 42.3946172 ] } },
{ "type": "Feature", "properties": { "block_code": "250173515003010", "type": "Sewer issue", "date": "2021-06-28 12:31:00", "resolution": "block" }, "geometry": { "type": "Point", "coordinates": [ -71.0903598, 42.3765673 ] } },
{ "type": "Feature", "properties": { "block_code": "250173501082008", "type": "Sewer issue", "date": "2021-06-28 12:25:00", "resolution": "block" }, "geometry": { "type": "Point", "coordinates": [ -71.0935904, 42.3946172 ] } },
{ "type": "Feature", "properties": { "block_code": "250173510022000", "type": "Sewer ", "date": "2021-06-23 15:16:00", "resolution": "block" }, "geometry": { "type": "Point", "coordinates": [ -71.1125372, 42.3941125 ] } },
{ "type": "Feature", "properties": { "block_code": "250173511011003", "type": "Catch basin complaint", "date": "2021-06-22 18:52:00", "resolution": "block" }, "geometry": { "type": "Point", "coordinates": [ -71.1050923, 42.3902997 ] } },
{ "type": "Feature", "properties": { "block_code": "250173511011003", "type": "Catch basin complaint", "date": "2021-06-22 18:00:00", "resolution": "block" }, "geometry": { "type": "Point", "coordinates": [ -71.1050923, 42.3902997 ] } },
{ "type": "Feature", "properties": { "block_code": "250173503002007", "type": "Catch basin complaint", "date": "2021-06-08 10:53:00", "resolution": "block" }, "geometry": { "type": "Point", "coordinates": [ -71.107482, 42.3926002 ] } },
{ "type": "Feature", "properties": { "block_code": "250173512031003", "type": "Catch basin complaint", "date": "2021-06-06 11:40:00", "resolution": "block" }, "geometry": { "type": "Point", "coordinates": [ -71.1049829, 42.3780209 ] } },
{ "type": "Feature", "properties": { "block_code": "250173512042010", "type": "Sewer issue", "date": "2021-06-04 20:01:00", "resolution": "block" }, "geometry": { "type": "Point", "coordinates": [ -71.0990962, 42.3805443 ] } },
{ "type": "Feature", "properties": { "block_code": "250173512042010", "type": "Sewer issue", "date": "2021-06-04 19:07:00", "resolution": "block" }, "geometry": { "type": "Point", "coordinates": [ -71.0990962, 42.3805443 ] } },
{ "type": "Feature", "properties": { "block_code": "250173512032001", "type": "Sewer issue", "date": "2021-06-03 12:04:00", "resolution": "block" }, "geometry": { "type": "Point", "coordinates": [ -71.0994009, 42.3782847 ] } },
{ "type": "Feature", "properties": { "block_code": "250173503002001", "type": "Catch basin complaint", "date": "2021-05-31 12:21:00", "resolution": "block" }, "geometry": { "type": "Point", "coordinates": [ -71.109123, 42.3953985 ] } },
{ "type": "Feature", "properties": { "block_code": "250173511013003", "type": "Sewer issue", "date": "2021-05-30 14:33:00", "resolution": "block" }, "geometry": { "type": "Point", "coordinates": [ -71.0995968, 42.3883952 ] } },
{ "type": "Feature", "properties": { "block_code": "250173511013003", "type": "Sewer issue", "date": "2021-05-30 14:22:00", "resolution": "block" }, "geometry": { "type": "Point", "coordinates": [ -71.0995968, 42.3883952 ] } },
{ "type": "Feature", "properties": { "block_code": "250173502012000", "type": "Catch basin complaint", "date": "2021-05-27 07:04:00", "resolution": "block" }, "geometry": { "type": "Point", "coordinates": [ -71.0935752, 42.3900248 ] } },
{ "type": "Feature", "properties": { "block_code": "250173510012009", "type": "Sewer issue", "date": "2021-05-25 07:53:00", "resolution": "block" }, "geometry": { "type": "Point", "coordinates": [ -71.1129932, 42.3832829 ] } },
{ "type": "Feature", "properties": { "block_code": "250173512032001", "type": "Sewer issue", "date": "2021-05-21 12:59:00", "resolution": "block" }, "geometry": { "type": "Point", "coordinates": [ -71.0994009, 42.3782847 ] } },
{ "type": "Feature", "properties": { "block_code": "250173502021005", "type": "Sewer issue", "date": "2021-05-20 09:46:00", "resolution": "block" }, "geometry": { "type": "Point", "coordinates": [ -71.1028696, 42.3932904 ] } },
{ "type": "Feature", "properties": { "block_code": "250173510021003", "type": "Sewer issue", "date": "2021-05-19 12:07:00", "resolution": "block" }, "geometry": { "type": "Point", "coordinates": [ -71.1100809, 42.3913531 ] } },
{ "type": "Feature", "properties": { "block_code": "250173514042010", "type": "Sewer issue", "date": "2021-05-17 12:58:00", "resolution": "block" }, "geometry": { "type": "Point", "coordinates": [ -71.0901381, 42.384411 ] } },
{ "type": "Feature", "properties": { "block_code": "250173511012008", "type": "Sewer ", "date": "2021-05-15 10:00:00", "resolution": "block" }, "geometry": { "type": "Point", "coordinates": [ -71.1048957, 42.3879084 ] } },
{ "type": "Feature", "properties": { "block_code": "250173512042010", "type": "Sewer issue", "date": "2021-05-13 16:17:00", "resolution": "block" }, "geometry": { "type": "Point", "coordinates": [ -71.0990962, 42.3805443 ] } },
{ "type": "Feature", "properties": { "block_code": "250173511012004", "type": "Sewer issue", "date": "2021-05-13 09:44:00", "resolution": "block" }, "geometry": { "type": "Point", "coordinates": [ -71.1088432, 42.3896184 ] } },
{ "type": "Feature", "properties": { "block_code": "250173503002006", "type": "Sewer ", "date": "2021-05-12 12:41:00", "resolution": "block" }, "geometry": { "type": "Point", "coordinates": [ -71.1099543, 42.3939639 ] } },
{ "type": "Feature", "properties": { "block_code": "250173515002008", "type": "Sewer issue", "date": "2021-05-10 08:40:00", "resolution": "block" }, "geometry": { "type": "Point", "coordinates": [ -71.0944876, 42.3751713 ] } },
{ "type": "Feature", "properties": { "block_code": "250173501091013", "type": "Catch basin complaint", "date": "2021-05-07 10:18:00", "resolution": "block" }, "geometry": { "type": "Point", "coordinates": [ -71.0920922, 42.3926099 ] } },
{ "type": "Feature", "properties": { "block_code": "250173512033001", "type": "Catch basin complaint", "date": "2021-05-05 08:25:00", "resolution": "block" }, "geometry": { "type": "Point", "coordinates": [ -71.0990007, 42.3759458 ] } },
{ "type": "Feature", "properties": { "block_code": "250173512032001", "type": "Sewer issue", "date": "2021-05-04 12:05:00", "resolution": "block" }, "geometry": { "type": "Point", "coordinates": [ -71.0994009, 42.3782847 ] } },
{ "type": "Feature", "properties": { "block_code": "250173512033007", "type": "Sewer issue", "date": "2021-05-01 21:26:00", "resolution": "block" }, "geometry": { "type": "Point", "coordinates": [ -71.0973685, 42.3752705 ] } },
{ "type": "Feature", "properties": { "block_code": "250173510021001", "type": "Sewer issue", "date": "2021-04-30 07:08:00", "resolution": "block" }, "geometry": { "type": "Point", "coordinates": [ -71.1095032, 42.392032 ] } },
{ "type": "Feature", "properties": { "block_code": "250173502021008", "type": "Sewer issue", "date": "2021-04-26 10:45:00", "resolution": "block" }, "geometry": { "type": "Point", "coordinates": [ -71.1018111, 42.3917774 ] } },
{ "type": "Feature", "properties": { "block_code": "250173512033001", "type": "Catch basin complaint", "date": "2021-04-20 13:35:00", "resolution": "block" }, "geometry": { "type": "Point", "coordinates": [ -71.0990007, 42.3759458 ] } },
{ "type": "Feature", "properties": { "block_code": "250173512033002", "type": "Sewer ", "date": "2021-04-20 08:24:00", "resolution": "block" }, "geometry": { "type": "Point", "coordinates": [ -71.100285, 42.3760525 ] } },
{ "type": "Feature", "properties": { "block_code": "250173510011004", "type": "Sewer issue", "date": "2021-04-20 08:13:00", "resolution": "block" }, "geometry": { "type": "Point", "coordinates": [ -71.1104291, 42.385982 ] } },
{ "type": "Feature", "properties": { "block_code": "250173510023000", "type": "Sewers and Drains", "date": "2021-04-19 10:27:00", "resolution": "block" }, "geometry": { "type": "Point", "coordinates": [ -71.111919, 42.3907589 ] } },
{ "type": "Feature", "properties": { "block_code": "250173503002001", "type": "Sewers and Drains", "date": "2021-04-19 09:00:00", "resolution": "block" }, "geometry": { "type": "Point", "coordinates": [ -71.109123, 42.3953985 ] } },
{ "type": "Feature", "properties": { "block_code": "250173502012001", "type": "Sewer issue", "date": "2021-04-17 18:20:00", "resolution": "block" }, "geometry": { "type": "Point", "coordinates": [ -71.0952901, 42.3904462 ] } },
{ "type": "Feature", "properties": { "block_code": "250173512031002", "type": "Sewer feedback ", "date": "2021-04-13 20:22:00", "resolution": "block" }, "geometry": { "type": "Point", "coordinates": [ -71.1031473, 42.3784314 ] } },
{ "type": "Feature", "properties": { "block_code": "250173511013004", "type": "Catch basin complaint", "date": "2021-04-09 08:54:00", "resolution": "block" }, "geometry": { "type": "Point", "coordinates": [ -71.1021478, 42.3888759 ] } },
{ "type": "Feature", "properties": { "block_code": "250173502013003", "type": "Catch basin complaint", "date": "2021-04-08 13:02:00", "resolution": "block" }, "geometry": { "type": "Point", "coordinates": [ -71.0907712, 42.39029 ] } },
{ "type": "Feature", "properties": { "block_code": "250173510023000", "type": "Sewer issue", "date": "2021-04-08 11:51:00", "resolution": "block" }, "geometry": { "type": "Point", "coordinates": [ -71.111919, 42.3907589 ] } },
{ "type": "Feature", "properties": { "block_code": "250173512032001", "type": "Catch basin complaint", "date": "2021-04-01 11:04:00", "resolution": "block" }, "geometry": { "type": "Point", "coordinates": [ -71.0994009, 42.3782847 ] } },
{ "type": "Feature", "properties": { "block_code": "250173510023000", "type": "Catch basin complaint", "date": "2021-03-31 21:03:00", "resolution": "block" }, "geometry": { "type": "Point", "coordinates": [ -71.111919, 42.3907589 ] } },
{ "type": "Feature", "properties": { "block_code": "250173502013000", "type": "Sewer issue", "date": "2021-03-23 10:29:00", "resolution": "block" }, "geometry": { "type": "Point", "coordinates": [ -71.0928168, 42.3916933 ] } },
{ "type": "Feature", "properties": { "block_code": "250173512032003", "type": "Sewer issue", "date": "2021-03-22 08:41:00", "resolution": "block" }, "geometry": { "type": "Point", "coordinates": [ -71.0975542, 42.3778283 ] } },
{ "type": "Feature", "properties": { "block_code": "250173510012009", "type": "Sewer issue", "date": "2021-03-18 20:26:00", "resolution": "block" }, "geometry": { "type": "Point", "coordinates": [ -71.1129932, 42.3832829 ] } },
{ "type": "Feature", "properties": { "block_code": "250173512033001", "type": "Sewer issue", "date": "2021-03-12 13:19:00", "resolution": "block" }, "geometry": { "type": "Point", "coordinates": [ -71.0990007, 42.3759458 ] } },
{ "type": "Feature", "properties": { "block_code": "250173513001004", "type": "Sewer issue", "date": "2021-03-12 12:21:00", "resolution": "block" }, "geometry": { "type": "Point", "coordinates": [ -71.0991661, 42.3853447 ] } },
{ "type": "Feature", "properties": { "block_code": "250173502021000", "type": "Sewer issue", "date": "2021-03-10 18:55:00", "resolution": "block" }, "geometry": { "type": "Point", "coordinates": [ -71.1013357, 42.3953671 ] } },
{ "type": "Feature", "properties": { "block_code": "250173510011003", "type": "Catch basin complaint", "date": "2021-02-24 08:02:00", "resolution": "block" }, "geometry": { "type": "Point", "coordinates": [ -71.1111014, 42.3868225 ] } },
{ "type": "Feature", "properties": { "block_code": "250173512042003", "type": "Sewer issue", "date": "2021-02-21 15:48:00", "resolution": "block" }, "geometry": { "type": "Point", "coordinates": [ -71.1017138, 42.380963 ] } },
{ "type": "Feature", "properties": { "block_code": "250173512033001", "type": "Sewer issue", "date": "2021-02-18 09:31:00", "resolution": "block" }, "geometry": { "type": "Point", "coordinates": [ -71.0990007, 42.3759458 ] } },
{ "type": "Feature", "properties": { "block_code": "250173512032002", "type": "Catch basin complaint", "date": "2021-02-16 11:57:00", "resolution": "block" }, "geometry": { "type": "Point", "coordinates": [ -71.1005031, 42.3790563 ] } },
{ "type": "Feature", "properties": { "block_code": "250173511013004", "type": "Sewer issue", "date": "2021-02-12 11:34:00", "resolution": "block" }, "geometry": { "type": "Point", "coordinates": [ -71.1021478, 42.3888759 ] } },
{ "type": "Feature", "properties": { "block_code": "250173512041008", "type": "Catch basin complaint", "date": "2021-02-02 10:44:00", "resolution": "block" }, "geometry": { "type": "Point", "coordinates": [ -71.1103585, 42.3826723 ] } },
{ "type": "Feature", "properties": { "block_code": "250173512042007", "type": "Catch basin complaint", "date": "2021-02-01 13:41:00", "resolution": "block" }, "geometry": { "type": "Point", "coordinates": [ -71.0981218, 42.3810714 ] } },
{ "type": "Feature", "properties": { "block_code": "250173515002007", "type": "Catch basin complaint", "date": "2021-01-18 17:43:00", "resolution": "block" }, "geometry": { "type": "Point", "coordinates": [ -71.0934123, 42.3750858 ] } },
{ "type": "Feature", "properties": { "block_code": "250173502012005", "type": "Sewers and Drains", "date": "2021-01-12 09:37:00", "resolution": "block" }, "geometry": { "type": "Point", "coordinates": [ -71.0931525, 42.3889794 ] } },
{ "type": "Feature", "properties": { "block_code": "250173512042010", "type": "Sewer issue", "date": "2021-01-04 15:11:00", "resolution": "block" }, "geometry": { "type": "Point", "coordinates": [ -71.0990962, 42.3805443 ] } },
{ "type": "Feature", "properties": { "block_code": "250173503001000", "type": "Sewer issue", "date": "2021-01-04 11:31:00", "resolution": "block" }, "geometry": { "type": "Point", "coordinates": [ -71.1024391, 42.3960823 ] } },
{ "type": "Feature", "properties": { "block_code": "250173512033001", "type": "Catch basin complaint", "date": "2020-12-24 15:27:00", "resolution": "block" }, "geometry": { "type": "Point", "coordinates": [ -71.0990007, 42.3759458 ] } },
{ "type": "Feature", "properties": { "block_code": "250173512042006", "type": "Catch basin complaint", "date": "2020-12-24 10:21:00", "resolution": "block" }, "geometry": { "type": "Point", "coordinates": [ -71.0992856, 42.3821032 ] } },
{ "type": "Feature", "properties": { "block_code": "250173510021003", "type": "Sewer issue", "date": "2020-12-24 07:26:00", "resolution": "block" }, "geometry": { "type": "Point", "coordinates": [ -71.1100809, 42.3913531 ] } },
{ "type": "Feature", "properties": { "block_code": "250173504003002", "type": "Catch basin complaint", "date": "2020-12-23 10:30:00", "resolution": "block" }, "geometry": { "type": "Point", "coordinates": [ -71.1124898, 42.395915 ] } },
{ "type": "Feature", "properties": { "block_code": "250173503002006", "type": "Catch basin complaint", "date": "2020-12-19 07:57:00", "resolution": "block" }, "geometry": { "type": "Point", "coordinates": [ -71.1099543, 42.3939639 ] } },
{ "type": "Feature", "properties": { "block_code": "250173503003010", "type": "Sewers and Drains", "date": "2020-12-14 14:30:00", "resolution": "block" }, "geometry": { "type": "Point", "coordinates": [ -71.1074979, 42.3962251 ] } },
{ "type": "Feature", "properties": { "block_code": "250173513003003", "type": "Sewer issue", "date": "2020-12-11 15:32:00", "resolution": "block" }, "geometry": { "type": "Point", "coordinates": [ -71.0922886, 42.380391 ] } },
{ "type": "Feature", "properties": { "block_code": "250173510012010", "type": "Catch basin complaint", "date": "2020-12-04 08:18:00", "resolution": "block" }, "geometry": { "type": "Point", "coordinates": [ -71.1119836, 42.3824404 ] } },
{ "type": "Feature", "properties": { "block_code": "250173504003007", "type": "Catch basin complaint", "date": "2020-12-04 08:15:00", "resolution": "block" }, "geometry": { "type": "Point", "coordinates": [ -71.1121655, 42.3945792 ] } },
{ "type": "Feature", "properties": { "block_code": "250173510021000", "type": "Sewer issue", "date": "2020-12-03 11:47:00", "resolution": "block" }, "geometry": { "type": "Point", "coordinates": [ -71.1090339, 42.392605 ] } },
{ "type": "Feature", "properties": { "block_code": "250173512041008", "type": "Sewer ", "date": "2020-11-24 11:25:00", "resolution": "block" }, "geometry": { "type": "Point", "coordinates": [ -71.1103585, 42.3826723 ] } },
{ "type": "Feature", "properties": { "block_code": "250173513001005", "type": "Catch basin complaint", "date": "2020-11-24 09:06:00", "resolution": "block" }, "geometry": { "type": "Point", "coordinates": [ -71.0956896, 42.3847083 ] } },
{ "type": "Feature", "properties": { "block_code": "250173502021004", "type": "Sewer issue", "date": "2020-11-23 17:49:00", "resolution": "block" }, "geometry": { "type": "Point", "coordinates": [ -71.1014186, 42.3929903 ] } },
{ "type": "Feature", "properties": { "block_code": "250173512041008", "type": "Sewer issue", "date": "2020-11-23 15:00:00", "resolution": "block" }, "geometry": { "type": "Point", "coordinates": [ -71.1103585, 42.3826723 ] } },
{ "type": "Feature", "properties": { "block_code": "250173502021005", "type": "Sewer issue", "date": "2020-11-23 13:28:00", "resolution": "block" }, "geometry": { "type": "Point", "coordinates": [ -71.1028696, 42.3932904 ] } },
{ "type": "Feature", "properties": { "block_code": "250173514042008", "type": "Sewer issue", "date": "2020-11-23 12:07:00", "resolution": "block" }, "geometry": { "type": "Point", "coordinates": [ -71.0918012, 42.386044 ] } },
{ "type": "Feature", "properties": { "block_code": "250173512041008", "type": "Sewer issue", "date": "2020-11-23 11:52:00", "resolution": "block" }, "geometry": { "type": "Point", "coordinates": [ -71.1103585, 42.3826723 ] } },
{ "type": "Feature", "properties": { "block_code": "250173513002004", "type": "Catch basin complaint", "date": "2020-11-23 11:41:00", "resolution": "block" }, "geometry": { "type": "Point", "coordinates": [ -71.0926164, 42.383458 ] } },
{ "type": "Feature", "properties": { "block_code": "250173513002003", "type": "Catch basin complaint", "date": "2020-11-23 11:38:00", "resolution": "block" }, "geometry": { "type": "Point", "coordinates": [ -71.0939679, 42.3840196 ] } },
{ "type": "Feature", "properties": { "block_code": "250173513002003", "type": "Catch basin complaint", "date": "2020-11-23 10:37:00", "resolution": "block" }, "geometry": { "type": "Point", "coordinates": [ -71.0939679, 42.3840196 ] } },
{ "type": "Feature", "properties": { "block_code": "250173513002003", "type": "Catch basin complaint", "date": "2020-11-23 10:32:00", "resolution": "block" }, "geometry": { "type": "Point", "coordinates": [ -71.0939679, 42.3840196 ] } },
{ "type": "Feature", "properties": { "block_code": "250173513002001", "type": "Catch basin complaint", "date": "2020-11-23 10:07:00", "resolution": "block" }, "geometry": { "type": "Point", "coordinates": [ -71.0934236, 42.3851249 ] } },
{ "type": "Feature", "properties": { "block_code": "250173513002004", "type": "Catch basin complaint", "date": "2020-11-23 09:51:00", "resolution": "block" }, "geometry": { "type": "Point", "coordinates": [ -71.0926164, 42.383458 ] } },
{ "type": "Feature", "properties": { "block_code": "250173503003012", "type": "Sewer issue", "date": "2020-11-20 12:28:00", "resolution": "block" }, "geometry": { "type": "Point", "coordinates": [ -71.1066289, 42.3958097 ] } },
{ "type": "Feature", "properties": { "block_code": "250173512031003", "type": "Sewer issue", "date": "2020-11-17 09:09:00", "resolution": "block" }, "geometry": { "type": "Point", "coordinates": [ -71.1049829, 42.3780209 ] } },
{ "type": "Feature", "properties": { "block_code": "250173511011004", "type": "Sewer issue", "date": "2020-11-10 16:59:00", "resolution": "block" }, "geometry": { "type": "Point", "coordinates": [ -71.1062867, 42.389935 ] } },
{ "type": "Feature", "properties": { "block_code": "250173512042007", "type": "Sewer issue", "date": "2020-11-07 10:39:00", "resolution": "block" }, "geometry": { "type": "Point", "coordinates": [ -71.0981218, 42.3810714 ] } },
{ "type": "Feature", "properties": { "block_code": "250173512043005", "type": "Sewer issue", "date": "2020-11-07 08:11:00", "resolution": "block" }, "geometry": { "type": "Point", "coordinates": [ -71.107816, 42.3802268 ] } },
{ "type": "Feature", "properties": { "block_code": "250173502022000", "type": "Catch basin complaint", "date": "2020-11-06 13:32:00", "resolution": "block" }, "geometry": { "type": "Point", "coordinates": [ -71.0991809, 42.3922774 ] } },
{ "type": "Feature", "properties": { "block_code": "250173501091021", "type": "Catch basin complaint", "date": "2020-11-02 10:28:00", "resolution": "block" }, "geometry": { "type": "Point", "coordinates": [ -71.0905632, 42.3920382 ] } },
{ "type": "Feature", "properties": { "block_code": "250173511013004", "type": "Sewer feedback ", "date": "2020-11-01 21:40:00", "resolution": "block" }, "geometry": { "type": "Point", "coordinates": [ -71.1021478, 42.3888759 ] } },
{ "type": "Feature", "properties": { "block_code": "250173503001006", "type": "Catch basin complaint", "date": "2020-10-31 17:42:00", "resolution": "block" }, "geometry": { "type": "Point", "coordinates": [ -71.1033596, 42.3937359 ] } },
{ "type": "Feature", "properties": { "block_code": "250173511011003", "type": "Sewer issue", "date": "2020-10-30 13:46:00", "resolution": "block" }, "geometry": { "type": "Point", "coordinates": [ -71.1050923, 42.3902997 ] } },
{ "type": "Feature", "properties": { "block_code": "250173512043005", "type": "Sewer issue", "date": "2020-10-30 10:11:00", "resolution": "block" }, "geometry": { "type": "Point", "coordinates": [ -71.107816, 42.3802268 ] } },
{ "type": "Feature", "properties": { "block_code": "250173515002010", "type": "Sewer issue", "date": "2020-10-29 10:08:00", "resolution": "block" }, "geometry": { "type": "Point", "coordinates": [ -71.0961629, 42.3754454 ] } },
{ "type": "Feature", "properties": { "block_code": "250173513001004", "type": "Sewer issue", "date": "2020-10-23 17:33:00", "resolution": "block" }, "geometry": { "type": "Point", "coordinates": [ -71.0991661, 42.3853447 ] } },
{ "type": "Feature", "properties": { "block_code": "250173502012000", "type": "Sewer issue", "date": "2020-10-21 17:07:00", "resolution": "block" }, "geometry": { "type": "Point", "coordinates": [ -71.0935752, 42.3900248 ] } },
{ "type": "Feature", "properties": { "block_code": "250173502022000", "type": "Sewer issue", "date": "2020-10-21 13:50:00", "resolution": "block" }, "geometry": { "type": "Point", "coordinates": [ -71.0991809, 42.3922774 ] } },
{ "type": "Feature", "properties": { "block_code": "250173513001009", "type": "Sewer issue", "date": "2020-10-14 10:09:00", "resolution": "block" }, "geometry": { "type": "Point", "coordinates": [ -71.0971393, 42.3823994 ] } },
{ "type": "Feature", "properties": { "block_code": "250173503001005", "type": "Catch basin complaint", "date": "2020-10-13 15:47:00", "resolution": "block" }, "geometry": { "type": "Point", "coordinates": [ -71.1036535, 42.391802 ] } },
{ "type": "Feature", "properties": { "block_code": "250173502012000", "type": "Sewer issue", "date": "2020-10-09 13:23:00", "resolution": "block" }, "geometry": { "type": "Point", "coordinates": [ -71.0935752, 42.3900248 ] } },
{ "type": "Feature", "properties": { "block_code": "250173502012000", "type": "Sewer issue", "date": "2020-10-08 10:00:00", "resolution": "block" }, "geometry": { "type": "Point", "coordinates": [ -71.0935752, 42.3900248 ] } },
{ "type": "Feature", "properties": { "block_code": "250173502011006", "type": "Sewer issue", "date": "2020-10-06 12:24:00", "resolution": "block" }, "geometry": { "type": "Point", "coordinates": [ -71.0907069, 42.3874171 ] } },
{ "type": "Feature", "properties": { "block_code": "250173514042010", "type": "Sewer issue", "date": "2020-10-05 11:57:00", "resolution": "block" }, "geometry": { "type": "Point", "coordinates": [ -71.0901381, 42.384411 ] } },
{ "type": "Feature", "properties": { "block_code": "250173514042008", "type": "Sewer issue", "date": "2020-10-05 11:38:00", "resolution": "block" }, "geometry": { "type": "Point", "coordinates": [ -71.0918012, 42.386044 ] } },
{ "type": "Feature", "properties": { "block_code": "250173511013004", "type": "Sewer issue", "date": "2020-10-05 08:29:00", "resolution": "block" }, "geometry": { "type": "Point", "coordinates": [ -71.1021478, 42.3888759 ] } },
{ "type": "Feature", "properties": { "block_code": "250173513003003", "type": "Sewer issue", "date": "2020-09-30 14:24:00", "resolution": "block" }, "geometry": { "type": "Point", "coordinates": [ -71.0922886, 42.380391 ] } },
{ "type": "Feature", "properties": { "block_code": "250173502021002", "type": "Sewer feedback ", "date": "2020-09-27 13:13:00", "resolution": "block" }, "geometry": { "type": "Point", "coordinates": [ -71.1007549, 42.3946975 ] } },
{ "type": "Feature", "properties": { "block_code": "250173502021002", "type": "Sewer ", "date": "2020-09-21 14:22:00", "resolution": "block" }, "geometry": { "type": "Point", "coordinates": [ -71.1007549, 42.3946975 ] } },
{ "type": "Feature", "properties": { "block_code": "250173512043009", "type": "Sewer issue", "date": "2020-09-21 09:22:00", "resolution": "block" }, "geometry": { "type": "Point", "coordinates": [ -71.1048866, 42.3793192 ] } },
{ "type": "Feature", "properties": { "block_code": "250173513001009", "type": "Catch basin complaint", "date": "2020-09-14 15:32:00", "resolution": "block" }, "geometry": { "type": "Point", "coordinates": [ -71.0971393, 42.3823994 ] } },
{ "type": "Feature", "properties": { "block_code": "250173513001009", "type": "Catch basin complaint", "date": "2020-09-14 13:20:00", "resolution": "block" }, "geometry": { "type": "Point", "coordinates": [ -71.0971393, 42.3823994 ] } },
{ "type": "Feature", "properties": { "block_code": "250173513003005", "type": "Catch basin complaint", "date": "2020-08-29 18:55:00", "resolution": "block" }, "geometry": { "type": "Point", "coordinates": [ -71.0946106, 42.3802947 ] } },
{ "type": "Feature", "properties": { "block_code": "250173512034000", "type": "Sewer issue", "date": "2020-08-28 13:52:00", "resolution": "block" }, "geometry": { "type": "Point", "coordinates": [ -71.1017102, 42.3766413 ] } },
{ "type": "Feature", "properties": { "block_code": "250173512043005", "type": "Catch basin complaint", "date": "2020-08-26 09:31:00", "resolution": "block" }, "geometry": { "type": "Point", "coordinates": [ -71.107816, 42.3802268 ] } },
{ "type": "Feature", "properties": { "block_code": "250173512034007", "type": "Sewer issue", "date": "2020-08-25 08:06:00", "resolution": "block" }, "geometry": { "type": "Point", "coordinates": [ -71.1026599, 42.3759264 ] } },
{ "type": "Feature", "properties": { "block_code": "250173512041010", "type": "Catch basin complaint", "date": "2020-08-24 10:15:00", "resolution": "block" }, "geometry": { "type": "Point", "coordinates": [ -71.1099402, 42.3815955 ] } },
{ "type": "Feature", "properties": { "block_code": "250173512034000", "type": "Catch basin complaint", "date": "2020-08-24 10:11:00", "resolution": "block" }, "geometry": { "type": "Point", "coordinates": [ -71.1017102, 42.3766413 ] } },
{ "type": "Feature", "properties": { "block_code": "250173512043012", "type": "Catch basin complaint", "date": "2020-08-22 12:07:00", "resolution": "block" }, "geometry": { "type": "Point", "coordinates": [ -71.1070129, 42.378339 ] } },
{ "type": "Feature", "properties": { "block_code": "250173514042007", "type": "Catch basin complaint", "date": "2020-08-21 18:36:00", "resolution": "block" }, "geometry": { "type": "Point", "coordinates": [ -71.0921775, 42.3855256 ] } },
{ "type": "Feature", "properties": { "block_code": "250173512043005", "type": "Sewer issue", "date": "2020-08-21 10:39:00", "resolution": "block" }, "geometry": { "type": "Point", "coordinates": [ -71.107816, 42.3802268 ] } },
{ "type": "Feature", "properties": { "block_code": "250173512043012", "type": "Sewer issue", "date": "2020-08-20 14:12:00", "resolution": "block" }, "geometry": { "type": "Point", "coordinates": [ -71.1070129, 42.378339 ] } },
{ "type": "Feature", "properties": { "block_code": "250173512031003", "type": "Catch basin complaint", "date": "2020-08-19 14:46:00", "resolution": "block" }, "geometry": { "type": "Point", "coordinates": [ -71.1049829, 42.3780209 ] } },
{ "type": "Feature", "properties": { "block_code": "250173510022002", "type": "Sewer issue", "date": "2020-08-10 13:09:00", "resolution": "block" }, "geometry": { "type": "Point", "coordinates": [ -71.1134159, 42.3930478 ] } },
{ "type": "Feature", "properties": { "block_code": "250173513003003", "type": "Catch basin complaint", "date": "2020-08-08 17:09:00", "resolution": "block" }, "geometry": { "type": "Point", "coordinates": [ -71.0922886, 42.380391 ] } },
{ "type": "Feature", "properties": { "block_code": "250173515003010", "type": "Sewer issue", "date": "2020-08-05 13:15:00", "resolution": "block" }, "geometry": { "type": "Point", "coordinates": [ -71.0903598, 42.3765673 ] } },
{ "type": "Feature", "properties": { "block_code": "250173514042008", "type": "Sewer feedback ", "date": "2020-08-01 13:18:00", "resolution": "block" }, "geometry": { "type": "Point", "coordinates": [ -71.0918012, 42.386044 ] } },
{ "type": "Feature", "properties": { "block_code": "250173510011004", "type": "Sewer issue", "date": "2020-07-28 14:18:00", "resolution": "block" }, "geometry": { "type": "Point", "coordinates": [ -71.1104291, 42.385982 ] } },
{ "type": "Feature", "properties": { "block_code": "250173512032007", "type": "Sewer issue", "date": "2020-07-26 20:31:00", "resolution": "block" }, "geometry": { "type": "Point", "coordinates": [ -71.1005946, 42.3765624 ] } },
{ "type": "Feature", "properties": { "block_code": "250173513001002", "type": "Catch basin complaint", "date": "2020-07-23 10:31:00", "resolution": "block" }, "geometry": { "type": "Point", "coordinates": [ -71.0976411, 42.384255 ] } },
{ "type": "Feature", "properties": { "block_code": "250173510011004", "type": "Sewer ", "date": "2020-07-22 17:15:00", "resolution": "block" }, "geometry": { "type": "Point", "coordinates": [ -71.1104291, 42.385982 ] } },
{ "type": "Feature", "properties": { "block_code": "250173512043009", "type": "Catch basin complaint", "date": "2020-07-22 07:22:00", "resolution": "block" }, "geometry": { "type": "Point", "coordinates": [ -71.1048866, 42.3793192 ] } },
{ "type": "Feature", "properties": { "block_code": "250173503001004", "type": "Sewer issue", "date": "2020-07-17 13:23:00", "resolution": "block" }, "geometry": { "type": "Point", "coordinates": [ -71.1043659, 42.3947051 ] } },
{ "type": "Feature", "properties": { "block_code": "250173504002002", "type": "Sewer issue", "date": "2020-07-17 08:50:00", "resolution": "block" }, "geometry": { "type": "Point", "coordinates": [ -71.1098895, 42.3959815 ] } },
{ "type": "Feature", "properties": { "block_code": "250173512043004", "type": "Sewer issue", "date": "2020-07-16 11:38:00", "resolution": "block" }, "geometry": { "type": "Point", "coordinates": [ -71.1084927, 42.3806203 ] } },
{ "type": "Feature", "properties": { "block_code": "250173512034001", "type": "Sewer issue", "date": "2020-07-15 11:48:00", "resolution": "block" }, "geometry": { "type": "Point", "coordinates": [ -71.1013658, 42.3765447 ] } },
{ "type": "Feature", "properties": { "block_code": "250173501091011", "type": "Sewer issue", "date": "2020-07-14 14:12:00", "resolution": "block" }, "geometry": { "type": "Point", "coordinates": [ -71.0907261, 42.3939182 ] } },
{ "type": "Feature", "properties": { "block_code": "250173502013000", "type": "Catch basin complaint", "date": "2020-07-14 11:16:00", "resolution": "block" }, "geometry": { "type": "Point", "coordinates": [ -71.0928168, 42.3916933 ] } },
{ "type": "Feature", "properties": { "block_code": "250173502022012", "type": "Catch basin complaint", "date": "2020-07-13 11:46:00", "resolution": "block" }, "geometry": { "type": "Point", "coordinates": [ -71.0977982, 42.3893001 ] } },
{ "type": "Feature", "properties": { "block_code": "250173512042006", "type": "Catch basin complaint", "date": "2020-07-10 18:25:00", "resolution": "block" }, "geometry": { "type": "Point", "coordinates": [ -71.0992856, 42.3821032 ] } },
{ "type": "Feature", "properties": { "block_code": "250173512041002", "type": "Catch basin complaint", "date": "2020-07-10 10:44:00", "resolution": "block" }, "geometry": { "type": "Point", "coordinates": [ -71.1057348, 42.382007 ] } },
{ "type": "Feature", "properties": { "block_code": "250173503003010", "type": "Catch basin complaint", "date": "2020-07-09 07:18:00", "resolution": "block" }, "geometry": { "type": "Point", "coordinates": [ -71.1074979, 42.3962251 ] } },
{ "type": "Feature", "properties": { "block_code": "250173502022012", "type": "Sewer issue", "date": "2020-07-07 12:26:00", "resolution": "block" }, "geometry": { "type": "Point", "coordinates": [ -71.0977982, 42.3893001 ] } },
{ "type": "Feature", "properties": { "block_code": "250173510021000", "type": "Sewer issue", "date": "2020-07-02 14:27:00", "resolution": "block" }, "geometry": { "type": "Point", "coordinates": [ -71.1090339, 42.392605 ] } },
{ "type": "Feature", "properties": { "block_code": "250173502011006", "type": "Sewer issue", "date": "2020-07-02 14:17:00", "resolution": "block" }, "geometry": { "type": "Point", "coordinates": [ -71.0907069, 42.3874171 ] } },
{ "type": "Feature", "properties": { "block_code": "250173512042009", "type": "Sewer issue", "date": "2020-07-02 14:16:00", "resolution": "block" }, "geometry": { "type": "Point", "coordinates": [ -71.101582, 42.3798805 ] } },
{ "type": "Feature", "properties": { "block_code": "250173502022011", "type": "Sewer issue", "date": "2020-07-02 14:11:00", "resolution": "block" }, "geometry": { "type": "Point", "coordinates": [ -71.0985189, 42.3897979 ] } },
{ "type": "Feature", "properties": { "block_code": "250173512043001", "type": "Sewer issue", "date": "2020-07-02 14:09:00", "resolution": "block" }, "geometry": { "type": "Point", "coordinates": [ -71.1051975, 42.3801797 ] } },
{ "type": "Feature", "properties": { "block_code": "250173512043006", "type": "Sewer issue", "date": "2020-07-02 12:05:00", "resolution": "block" }, "geometry": { "type": "Point", "coordinates": [ -71.1067731, 42.3798036 ] } },
{ "type": "Feature", "properties": { "block_code": "250173502012000", "type": "Catch basin complaint", "date": "2020-07-01 16:00:00", "resolution": "block" }, "geometry": { "type": "Point", "coordinates": [ -71.0935752, 42.3900248 ] } },
{ "type": "Feature", "properties": { "block_code": "250173512041002", "type": "Sewers and Drains", "date": "2020-07-01 08:07:00", "resolution": "block" }, "geometry": { "type": "Point", "coordinates": [ -71.1057348, 42.382007 ] } },
{ "type": "Feature", "properties": { "block_code": "250173512041002", "type": "Catch basin complaint", "date": "2020-06-30 14:02:00", "resolution": "block" }, "geometry": { "type": "Point", "coordinates": [ -71.1057348, 42.382007 ] } },
{ "type": "Feature", "properties": { "block_code": "250173502022010", "type": "Sewer issue", "date": "2020-06-30 11:43:00", "resolution": "block" }, "geometry": { "type": "Point", "coordinates": [ -71.0990736, 42.3901747 ] } },
{ "type": "Feature", "properties": { "block_code": "250173510012010", "type": "Sewers and Drains", "date": "2020-06-30 11:05:00", "resolution": "block" }, "geometry": { "type": "Point", "coordinates": [ -71.1119836, 42.3824404 ] } },
{ "type": "Feature", "properties": { "block_code": "250173512042009", "type": "Catch basin complaint", "date": "2020-06-29 13:57:00", "resolution": "block" }, "geometry": { "type": "Point", "coordinates": [ -71.101582, 42.3798805 ] } },
{ "type": "Feature", "properties": { "block_code": "250173514042003", "type": "Sewer feedback ", "date": "2020-06-29 13:35:00", "resolution": "block" }, "geometry": { "type": "Point", "coordinates": [ -71.0915344, 42.3865707 ] } },
{ "type": "Feature", "properties": { "block_code": "250173512042010", "type": "Sewer issue", "date": "2020-06-29 13:33:00", "resolution": "block" }, "geometry": { "type": "Point", "coordinates": [ -71.0990962, 42.3805443 ] } },
{ "type": "Feature", "properties": { "block_code": "250173512043000", "type": "Catch basin complaint", "date": "2020-06-29 12:49:00", "resolution": "block" }, "geometry": { "type": "Point", "coordinates": [ -71.1035381, 42.379698 ] } },
{ "type": "Feature", "properties": { "block_code": "250173512031000", "type": "Catch basin complaint", "date": "2020-06-29 12:46:00", "resolution": "block" }, "geometry": { "type": "Point", "coordinates": [ -71.1018843, 42.377779 ] } },
{ "type": "Feature", "properties": { "block_code": "250173510021001", "type": "Catch basin complaint", "date": "2020-06-29 12:35:00", "resolution": "block" }, "geometry": { "type": "Point", "coordinates": [ -71.1095032, 42.392032 ] } },
{ "type": "Feature", "properties": { "block_code": "250173512043000", "type": "Catch basin complaint", "date": "2020-06-29 12:33:00", "resolution": "block" }, "geometry": { "type": "Point", "coordinates": [ -71.1035381, 42.379698 ] } },
{ "type": "Feature", "properties": { "block_code": "250173512033001", "type": "Catch basin complaint", "date": "2020-06-29 12:26:00", "resolution": "block" }, "geometry": { "type": "Point", "coordinates": [ -71.0990007, 42.3759458 ] } },
{ "type": "Feature", "properties": { "block_code": "250173512042009", "type": "Sewers and Drains", "date": "2020-06-29 12:25:00", "resolution": "block" }, "geometry": { "type": "Point", "coordinates": [ -71.101582, 42.3798805 ] } },
{ "type": "Feature", "properties": { "block_code": "250173512042003", "type": "Sewers and Drains", "date": "2020-06-29 12:20:00", "resolution": "block" }, "geometry": { "type": "Point", "coordinates": [ -71.1017138, 42.380963 ] } },
{ "type": "Feature", "properties": { "block_code": "250173512043006", "type": "Sewer issue", "date": "2020-06-29 12:12:00", "resolution": "block" }, "geometry": { "type": "Point", "coordinates": [ -71.1067731, 42.3798036 ] } },
{ "type": "Feature", "properties": { "block_code": "250173502012000", "type": "Catch basin complaint", "date": "2020-06-29 12:10:00", "resolution": "block" }, "geometry": { "type": "Point", "coordinates": [ -71.0935752, 42.3900248 ] } },
{ "type": "Feature", "properties": { "block_code": "250173511021002", "type": "Sewer issue", "date": "2020-06-29 12:07:00", "resolution": "block" }, "geometry": { "type": "Point", "coordinates": [ -71.1093025, 42.3858856 ] } },
{ "type": "Feature", "properties": { "block_code": "250173503002005", "type": "Catch basin complaint", "date": "2020-06-29 12:02:00", "resolution": "block" }, "geometry": { "type": "Point", "coordinates": [ -71.1087339, 42.3932611 ] } },
{ "type": "Feature", "properties": { "block_code": "250173512042003", "type": "Catch basin complaint", "date": "2020-06-29 12:02:00", "resolution": "block" }, "geometry": { "type": "Point", "coordinates": [ -71.1017138, 42.380963 ] } },
{ "type": "Feature", "properties": { "block_code": "250173502022012", "type": "Catch basin complaint", "date": "2020-06-29 12:00:00", "resolution": "block" }, "geometry": { "type": "Point", "coordinates": [ -71.0977982, 42.3893001 ] } },
{ "type": "Feature", "properties": { "block_code": "250173510023000", "type": "Catch basin complaint", "date": "2020-06-29 10:36:00", "resolution": "block" }, "geometry": { "type": "Point", "coordinates": [ -71.111919, 42.3907589 ] } },
{ "type": "Feature", "properties": { "block_code": "250173512033007", "type": "Sewer issue", "date": "2020-06-29 10:30:00", "resolution": "block" }, "geometry": { "type": "Point", "coordinates": [ -71.0973685, 42.3752705 ] } },
{ "type": "Feature", "properties": { "block_code": "250173514042007", "type": "Sewer feedback ", "date": "2020-06-25 18:39:00", "resolution": "block" }, "geometry": { "type": "Point", "coordinates": [ -71.0921775, 42.3855256 ] } },
{ "type": "Feature", "properties": { "block_code": "250173512031004", "type": "Catch basin complaint", "date": "2020-06-24 09:42:00", "resolution": "block" }, "geometry": { "type": "Point", "coordinates": [ -71.1061954, 42.3776039 ] } },
{ "type": "Feature", "properties": { "block_code": "250173512032001", "type": "Sewer issue", "date": "2020-06-23 11:08:00", "resolution": "block" }, "geometry": { "type": "Point", "coordinates": [ -71.0994009, 42.3782847 ] } },
{ "type": "Feature", "properties": { "block_code": "250173511013004", "type": "Catch basin complaint", "date": "2020-06-14 11:17:00", "resolution": "block" }, "geometry": { "type": "Point", "coordinates": [ -71.1021478, 42.3888759 ] } },
{ "type": "Feature", "properties": { "block_code": "250173511013004", "type": "Catch basin complaint", "date": "2020-06-14 11:14:00", "resolution": "block" }, "geometry": { "type": "Point", "coordinates": [ -71.1021478, 42.3888759 ] } },
{ "type": "Feature", "properties": { "block_code": "250173511013004", "type": "Catch basin complaint", "date": "2020-06-14 11:13:00", "resolution": "block" }, "geometry": { "type": "Point", "coordinates": [ -71.1021478, 42.3888759 ] } },
{ "type": "Feature", "properties": { "block_code": "250173502011007", "type": "Sewers and Drains", "date": "2020-06-11 12:58:00", "resolution": "block" }, "geometry": { "type": "Point", "coordinates": [ -71.0913027, 42.3876074 ] } },
{ "type": "Feature", "properties": { "block_code": "250173512033000", "type": "Catch basin complaint", "date": "2020-06-05 08:49:00", "resolution": "block" }, "geometry": { "type": "Point", "coordinates": [ -71.0969072, 42.376393 ] } },
{ "type": "Feature", "properties": { "block_code": "250173510023004", "type": "Sewer issue", "date": "2020-05-28 12:34:00", "resolution": "block" }, "geometry": { "type": "Point", "coordinates": [ -71.1104543, 42.388692 ] } },
{ "type": "Feature", "properties": { "block_code": "250173502022002", "type": "Catch basin complaint", "date": "2020-05-16 09:54:00", "resolution": "block" }, "geometry": { "type": "Point", "coordinates": [ -71.1007275, 42.3915976 ] } },
{ "type": "Feature", "properties": { "block_code": "250173501082008", "type": "Catch basin complaint", "date": "2020-05-09 08:45:00", "resolution": "block" }, "geometry": { "type": "Point", "coordinates": [ -71.0935904, 42.3946172 ] } },
{ "type": "Feature", "properties": { "block_code": "250173512042006", "type": "Sewer issue", "date": "2020-04-14 18:06:00", "resolution": "block" }, "geometry": { "type": "Point", "coordinates": [ -71.0992856, 42.3821032 ] } },
{ "type": "Feature", "properties": { "block_code": "250173511012003", "type": "Sewers and Drains", "date": "2020-04-14 14:35:00", "resolution": "block" }, "geometry": { "type": "Point", "coordinates": [ -71.1084597, 42.3888331 ] } },
{ "type": "Feature", "properties": { "block_code": "250173510021003", "type": "Catch basin complaint", "date": "2020-04-10 15:35:00", "resolution": "block" }, "geometry": { "type": "Point", "coordinates": [ -71.1100809, 42.3913531 ] } },
{ "type": "Feature", "properties": { "block_code": "250173511011005", "type": "Sewer issue", "date": "2020-04-10 10:32:00", "resolution": "block" }, "geometry": { "type": "Point", "coordinates": [ -71.1045086, 42.3892895 ] } },
{ "type": "Feature", "properties": { "block_code": "250173511012004", "type": "Catch basin complaint", "date": "2020-03-29 11:01:00", "resolution": "block" }, "geometry": { "type": "Point", "coordinates": [ -71.1088432, 42.3896184 ] } },
{ "type": "Feature", "properties": { "block_code": "250173503003011", "type": "Sewer issue", "date": "2020-03-25 09:45:00", "resolution": "block" }, "geometry": { "type": "Point", "coordinates": [ -71.1061655, 42.3954606 ] } },
{ "type": "Feature", "properties": { "block_code": "250173502013002", "type": "Sewer issue", "date": "2020-03-23 08:46:00", "resolution": "block" }, "geometry": { "type": "Point", "coordinates": [ -71.0914879, 42.3906049 ] } },
{ "type": "Feature", "properties": { "block_code": "250173512042006", "type": "Catch basin complaint", "date": "2020-03-12 15:59:00", "resolution": "block" }, "geometry": { "type": "Point", "coordinates": [ -71.0992856, 42.3821032 ] } },
{ "type": "Feature", "properties": { "block_code": "250173502011008", "type": "Sewer issue", "date": "2020-03-04 11:56:00", "resolution": "block" }, "geometry": { "type": "Point", "coordinates": [ -71.0922543, 42.3878108 ] } },
{ "type": "Feature", "properties": { "block_code": "250173512032007", "type": "Sewer issue", "date": "2020-03-04 10:32:00", "resolution": "block" }, "geometry": { "type": "Point", "coordinates": [ -71.1005946, 42.3765624 ] } },
{ "type": "Feature", "properties": { "block_code": "250173515003010", "type": "Sewer issue", "date": "2020-02-28 09:38:00", "resolution": "block" }, "geometry": { "type": "Point", "coordinates": [ -71.0903598, 42.3765673 ] } },
{ "type": "Feature", "properties": { "block_code": "250173514042003", "type": "Catch basin complaint", "date": "2020-02-27 10:44:00", "resolution": "block" }, "geometry": { "type": "Point", "coordinates": [ -71.0915344, 42.3865707 ] } },
{ "type": "Feature", "properties": { "block_code": "250173503003013", "type": "Catch basin complaint", "date": "2020-02-24 15:52:00", "resolution": "block" }, "geometry": { "type": "Point", "coordinates": [ -71.105195, 42.395002 ] } },
{ "type": "Feature", "properties": { "block_code": "250173512041007", "type": "Sewer issue", "date": "2020-02-22 12:24:00", "resolution": "block" }, "geometry": { "type": "Point", "coordinates": [ -71.1045198, 42.3821824 ] } },
{ "type": "Feature", "properties": { "block_code": "250173510021000", "type": "Sewer issue", "date": "2020-02-13 13:47:00", "resolution": "block" }, "geometry": { "type": "Point", "coordinates": [ -71.1090339, 42.392605 ] } },
{ "type": "Feature", "properties": { "block_code": "250173513001001", "type": "Sewer issue", "date": "2020-02-13 11:32:00", "resolution": "block" }, "geometry": { "type": "Point", "coordinates": [ -71.0942625, 42.3865866 ] } },
{ "type": "Feature", "properties": { "block_code": "250173510021001", "type": "Sewer issue", "date": "2020-02-04 07:35:00", "resolution": "block" }, "geometry": { "type": "Point", "coordinates": [ -71.1095032, 42.392032 ] } },
{ "type": "Feature", "properties": { "block_code": "250173512041008", "type": "Sewers and Drains", "date": "2020-01-28 09:00:00", "resolution": "block" }, "geometry": { "type": "Point", "coordinates": [ -71.1103585, 42.3826723 ] } },
{ "type": "Feature", "properties": { "block_code": "250173502012000", "type": "Sewers and Drains", "date": "2020-01-19 12:22:00", "resolution": "block" }, "geometry": { "type": "Point", "coordinates": [ -71.0935752, 42.3900248 ] } },
{ "type": "Feature", "properties": { "block_code": "250173515002007", "type": "Sewer issue", "date": "2020-01-15 15:23:00", "resolution": "block" }, "geometry": { "type": "Point", "coordinates": [ -71.0934123, 42.3750858 ] } },
{ "type": "Feature", "properties": { "block_code": "250173513002003", "type": "Sewer issue", "date": "2020-01-15 15:21:00", "resolution": "block" }, "geometry": { "type": "Point", "coordinates": [ -71.0939679, 42.3840196 ] } },
{ "type": "Feature", "properties": { "block_code": "250173512033007", "type": "Catch basin complaint", "date": "2020-01-14 11:54:00", "resolution": "block" }, "geometry": { "type": "Point", "coordinates": [ -71.0973685, 42.3752705 ] } },
{ "type": "Feature", "properties": { "block_code": "250173512042010", "type": "Sewer issue", "date": "2020-01-14 09:50:00", "resolution": "block" }, "geometry": { "type": "Point", "coordinates": [ -71.0990962, 42.3805443 ] } },
{ "type": "Feature", "properties": { "block_code": "250173510021001", "type": "Catch basin complaint", "date": "2020-01-10 08:18:00", "resolution": "block" }, "geometry": { "type": "Point", "coordinates": [ -71.1095032, 42.392032 ] } },
{ "type": "Feature", "properties": { "block_code": "250173510021001", "type": "Catch basin complaint", "date": "2020-01-10 07:36:00", "resolution": "block" }, "geometry": { "type": "Point", "coordinates": [ -71.1095032, 42.392032 ] } },
{ "type": "Feature", "properties": { "block_code": "250173510023005", "type": "Sewer issue", "date": "2020-01-09 22:22:00", "resolution": "block" }, "geometry": { "type": "Point", "coordinates": [ -71.1129021, 42.3904462 ] } },
{ "type": "Feature", "properties": { "block_code": "250173513001009", "type": "Catch basin complaint", "date": "2020-01-02 16:21:00", "resolution": "block" }, "geometry": { "type": "Point", "coordinates": [ -71.0971393, 42.3823994 ] } },
{ "type": "Feature", "properties": { "block_code": "250173503003008", "type": "Sewer issue", "date": "2019-12-31 17:59:00", "resolution": "block" }, "geometry": { "type": "Point", "coordinates": [ -71.1049512, 42.3960905 ] } },
{ "type": "Feature", "properties": { "block_code": "250173511022001", "type": "Catch basin complaint", "date": "2019-12-18 14:10:00", "resolution": "block" }, "geometry": { "type": "Point", "coordinates": [ -71.1025766, 42.3854824 ] } },
{ "type": "Feature", "properties": { "block_code": "250173502013003", "type": "Catch basin complaint", "date": "2019-12-14 11:35:00", "resolution": "block" }, "geometry": { "type": "Point", "coordinates": [ -71.0907712, 42.39029 ] } },
{ "type": "Feature", "properties": { "block_code": "250173510021001", "type": "Catch basin complaint", "date": "2019-12-14 10:33:00", "resolution": "block" }, "geometry": { "type": "Point", "coordinates": [ -71.1095032, 42.392032 ] } },
{ "type": "Feature", "properties": { "block_code": "250173501091021", "type": "Catch basin complaint", "date": "2019-12-12 15:36:00", "resolution": "block" }, "geometry": { "type": "Point", "coordinates": [ -71.0905632, 42.3920382 ] } },
{ "type": "Feature", "properties": { "block_code": "250173501091011", "type": "Sewer issue", "date": "2019-12-10 16:18:00", "resolution": "block" }, "geometry": { "type": "Point", "coordinates": [ -71.0907261, 42.3939182 ] } },
{ "type": "Feature", "properties": { "block_code": "250173501091011", "type": "Sewer issue", "date": "2019-12-10 16:09:00", "resolution": "block" }, "geometry": { "type": "Point", "coordinates": [ -71.0907261, 42.3939182 ] } },
{ "type": "Feature", "properties": { "block_code": "250173512042006", "type": "Sewer issue", "date": "2019-12-03 09:24:00", "resolution": "block" }, "geometry": { "type": "Point", "coordinates": [ -71.0992856, 42.3821032 ] } },
{ "type": "Feature", "properties": { "block_code": "250173502012000", "type": "Catch basin complaint", "date": "2019-12-02 07:16:00", "resolution": "block" }, "geometry": { "type": "Point", "coordinates": [ -71.0935752, 42.3900248 ] } },
{ "type": "Feature", "properties": { "block_code": "250173512042003", "type": "Catch basin complaint", "date": "2019-11-27 09:54:00", "resolution": "block" }, "geometry": { "type": "Point", "coordinates": [ -71.1017138, 42.380963 ] } },
{ "type": "Feature", "properties": { "block_code": "250173510023005", "type": "Sewer issue", "date": "2019-11-25 16:30:00", "resolution": "block" }, "geometry": { "type": "Point", "coordinates": [ -71.1129021, 42.3904462 ] } },
{ "type": "Feature", "properties": { "block_code": "250173512042006", "type": "Catch basin complaint", "date": "2019-11-25 08:48:00", "resolution": "block" }, "geometry": { "type": "Point", "coordinates": [ -71.0992856, 42.3821032 ] } },
{ "type": "Feature", "properties": { "block_code": "250173512033001", "type": "Sewers and Drains", "date": "2019-11-25 07:01:00", "resolution": "block" }, "geometry": { "type": "Point", "coordinates": [ -71.0990007, 42.3759458 ] } },
{ "type": "Feature", "properties": { "block_code": "250173512033001", "type": "Catch basin complaint", "date": "2019-11-24 15:49:00", "resolution": "block" }, "geometry": { "type": "Point", "coordinates": [ -71.0990007, 42.3759458 ] } },
{ "type": "Feature", "properties": { "block_code": "250173512042006", "type": "Catch basin complaint", "date": "2019-11-24 14:23:00", "resolution": "block" }, "geometry": { "type": "Point", "coordinates": [ -71.0992856, 42.3821032 ] } },
{ "type": "Feature", "properties": { "block_code": "250173512042000", "type": "Catch basin complaint", "date": "2019-11-24 14:22:00", "resolution": "block" }, "geometry": { "type": "Point", "coordinates": [ -71.1009062, 42.3830015 ] } },
{ "type": "Feature", "properties": { "block_code": "250173501082000", "type": "Catch basin complaint", "date": "2019-11-24 14:15:00", "resolution": "block" }, "geometry": { "type": "Point", "coordinates": [ -71.0961968, 42.3959797 ] } },
{ "type": "Feature", "properties": { "block_code": "250173515002009", "type": "Sewers and Drains", "date": "2019-11-24 14:08:00", "resolution": "block" }, "geometry": { "type": "Point", "coordinates": [ -71.0955614, 42.3749299 ] } },
{ "type": "Feature", "properties": { "block_code": "250173512042003", "type": "Sewer issue", "date": "2019-11-24 13:54:00", "resolution": "block" }, "geometry": { "type": "Point", "coordinates": [ -71.1017138, 42.380963 ] } },
{ "type": "Feature", "properties": { "block_code": "250173512033001", "type": "Catch basin complaint", "date": "2019-11-18 17:48:00", "resolution": "block" }, "geometry": { "type": "Point", "coordinates": [ -71.0990007, 42.3759458 ] } },
{ "type": "Feature", "properties": { "block_code": "250173510023000", "type": "Sewer issue", "date": "2019-11-16 09:25:00", "resolution": "block" }, "geometry": { "type": "Point", "coordinates": [ -71.111919, 42.3907589 ] } },
{ "type": "Feature", "properties": { "block_code": "250173510023000", "type": "Catch basin complaint", "date": "2019-11-15 10:09:00", "resolution": "block" }, "geometry": { "type": "Point", "coordinates": [ -71.111919, 42.3907589 ] } },
{ "type": "Feature", "properties": { "block_code": "250173510023000", "type": "Sewer issue", "date": "2019-11-15 08:28:00", "resolution": "block" }, "geometry": { "type": "Point", "coordinates": [ -71.111919, 42.3907589 ] } },
{ "type": "Feature", "properties": { "block_code": "250173510023000", "type": "Catch basin complaint", "date": "2019-11-14 09:29:00", "resolution": "block" }, "geometry": { "type": "Point", "coordinates": [ -71.111919, 42.3907589 ] } },
{ "type": "Feature", "properties": { "block_code": "250173513001000", "type": "Catch basin complaint", "date": "2019-11-13 11:29:00", "resolution": "block" }, "geometry": { "type": "Point", "coordinates": [ -71.0962628, 42.3867866 ] } },
{ "type": "Feature", "properties": { "block_code": "250173512041005", "type": "Catch basin complaint", "date": "2019-11-05 14:35:00", "resolution": "block" }, "geometry": { "type": "Point", "coordinates": [ -71.1073495, 42.3836635 ] } },
{ "type": "Feature", "properties": { "block_code": "250173510023000", "type": "Sewer issue", "date": "2019-11-05 13:21:00", "resolution": "block" }, "geometry": { "type": "Point", "coordinates": [ -71.111919, 42.3907589 ] } },
{ "type": "Feature", "properties": { "block_code": "250173511011003", "type": "Sewer issue", "date": "2019-11-04 11:53:00", "resolution": "block" }, "geometry": { "type": "Point", "coordinates": [ -71.1050923, 42.3902997 ] } },
{ "type": "Feature", "properties": { "block_code": "250173502022012", "type": "Catch basin complaint", "date": "2019-10-30 16:01:00", "resolution": "block" }, "geometry": { "type": "Point", "coordinates": [ -71.0977982, 42.3893001 ] } },
{ "type": "Feature", "properties": { "block_code": "250173512032001", "type": "Sewer issue", "date": "2019-10-30 15:02:00", "resolution": "block" }, "geometry": { "type": "Point", "coordinates": [ -71.0994009, 42.3782847 ] } },
{ "type": "Feature", "properties": { "block_code": "250173502022009", "type": "Sewers and Drains", "date": "2019-10-30 07:28:00", "resolution": "block" }, "geometry": { "type": "Point", "coordinates": [ -71.0989764, 42.3892666 ] } },
{ "type": "Feature", "properties": { "block_code": "250173512034000", "type": "Catch basin complaint", "date": "2019-10-29 12:18:00", "resolution": "block" }, "geometry": { "type": "Point", "coordinates": [ -71.1017102, 42.3766413 ] } },
{ "type": "Feature", "properties": { "block_code": "250173515002010", "type": "Sewers and Drains", "date": "2019-10-24 09:31:00", "resolution": "block" }, "geometry": { "type": "Point", "coordinates": [ -71.0961629, 42.3754454 ] } },
{ "type": "Feature", "properties": { "block_code": "250173512041001", "type": "Catch basin complaint", "date": "2019-10-23 08:35:00", "resolution": "block" }, "geometry": { "type": "Point", "coordinates": [ -71.1043838, 42.3834455 ] } },
{ "type": "Feature", "properties": { "block_code": "250173502011001", "type": "Catch basin complaint", "date": "2019-10-16 10:34:00", "resolution": "block" }, "geometry": { "type": "Point", "coordinates": [ -71.0903506, 42.3884754 ] } },
{ "type": "Feature", "properties": { "block_code": "250173512041007", "type": "Sewers and Drains", "date": "2019-10-15 20:40:00", "resolution": "block" }, "geometry": { "type": "Point", "coordinates": [ -71.1045198, 42.3821824 ] } },
{ "type": "Feature", "properties": { "block_code": "250173503001006", "type": "Sewer issue", "date": "2019-10-14 11:24:00", "resolution": "block" }, "geometry": { "type": "Point", "coordinates": [ -71.1033596, 42.3937359 ] } },
{ "type": "Feature", "properties": { "block_code": "250173512034001", "type": "Sewer issue", "date": "2019-10-12 15:17:00", "resolution": "block" }, "geometry": { "type": "Point", "coordinates": [ -71.1013658, 42.3765447 ] } },
{ "type": "Feature", "properties": { "block_code": "250173512034001", "type": "Sewer issue", "date": "2019-10-12 15:07:00", "resolution": "block" }, "geometry": { "type": "Point", "coordinates": [ -71.1013658, 42.3765447 ] } },
{ "type": "Feature", "properties": { "block_code": "250173503001006", "type": "Sewers and Drains", "date": "2019-10-12 11:45:00", "resolution": "block" }, "geometry": { "type": "Point", "coordinates": [ -71.1033596, 42.3937359 ] } },
{ "type": "Feature", "properties": { "block_code": "250173512043000", "type": "Sewer issue", "date": "2019-10-09 08:03:00", "resolution": "block" }, "geometry": { "type": "Point", "coordinates": [ -71.1035381, 42.379698 ] } },
{ "type": "Feature", "properties": { "block_code": "250173515003012", "type": "Sewer issue", "date": "2019-10-07 16:44:00", "resolution": "block" }, "geometry": { "type": "Point", "coordinates": [ -71.092132, 42.3775375 ] } },
{ "type": "Feature", "properties": { "block_code": "250173510023002", "type": "Sewer issue", "date": "2019-10-01 15:01:00", "resolution": "block" }, "geometry": { "type": "Point", "coordinates": [ -71.110804, 42.3910112 ] } },
{ "type": "Feature", "properties": { "block_code": "250173513001004", "type": "Sewers and Drains", "date": "2019-09-27 11:09:00", "resolution": "block" }, "geometry": { "type": "Point", "coordinates": [ -71.0991661, 42.3853447 ] } },
{ "type": "Feature", "properties": { "block_code": "250173515003000", "type": "Catch basin complaint", "date": "2019-09-24 14:29:00", "resolution": "block" }, "geometry": { "type": "Point", "coordinates": [ -71.0899801, 42.3787224 ] } },
{ "type": "Feature", "properties": { "block_code": "250173512032005", "type": "Sewers and Drains", "date": "2019-09-24 14:15:00", "resolution": "block" }, "geometry": { "type": "Point", "coordinates": [ -71.0987134, 42.3770461 ] } },
{ "type": "Feature", "properties": { "block_code": "250173510022004", "type": "Sewer issue", "date": "2019-09-24 13:37:00", "resolution": "block" }, "geometry": { "type": "Point", "coordinates": [ -71.1137441, 42.3920109 ] } },
{ "type": "Feature", "properties": { "block_code": "250173514042007", "type": "Sewers and Drains", "date": "2019-09-22 12:32:00", "resolution": "block" }, "geometry": { "type": "Point", "coordinates": [ -71.0921775, 42.3855256 ] } },
{ "type": "Feature", "properties": { "block_code": "250173502023005", "type": "Sewer issue", "date": "2019-09-20 19:59:00", "resolution": "block" }, "geometry": { "type": "Point", "coordinates": [ -71.0941413, 42.3922587 ] } },
{ "type": "Feature", "properties": { "block_code": "250173502023006", "type": "Sewer issue", "date": "2019-09-19 18:34:00", "resolution": "block" }, "geometry": { "type": "Point", "coordinates": [ -71.0946433, 42.3914255 ] } },
{ "type": "Feature", "properties": { "block_code": "250173502012000", "type": "Sewers and Drains", "date": "2019-09-12 09:34:00", "resolution": "block" }, "geometry": { "type": "Point", "coordinates": [ -71.0935752, 42.3900248 ] } },
{ "type": "Feature", "properties": { "block_code": "250173502012000", "type": "Catch basin complaint", "date": "2019-09-12 09:02:00", "resolution": "block" }, "geometry": { "type": "Point", "coordinates": [ -71.0935752, 42.3900248 ] } },
{ "type": "Feature", "properties": { "block_code": "250173515003005", "type": "Catch basin complaint", "date": "2019-09-10 11:59:00", "resolution": "block" }, "geometry": { "type": "Point", "coordinates": [ -71.0953637, 42.3791278 ] } },
{ "type": "Feature", "properties": { "block_code": "250173511011003", "type": "Sewers and Drains", "date": "2019-09-09 10:30:00", "resolution": "block" }, "geometry": { "type": "Point", "coordinates": [ -71.1050923, 42.3902997 ] } },
{ "type": "Feature", "properties": { "block_code": "250173512033003", "type": "Catch basin complaint", "date": "2019-09-09 08:07:00", "resolution": "block" }, "geometry": { "type": "Point", "coordinates": [ -71.1005803, 42.3750122 ] } },
{ "type": "Feature", "properties": { "block_code": "250173513003003", "type": "Catch basin complaint", "date": "2019-09-08 15:36:00", "resolution": "block" }, "geometry": { "type": "Point", "coordinates": [ -71.0922886, 42.380391 ] } },
{ "type": "Feature", "properties": { "block_code": "250173513003003", "type": "Catch basin complaint", "date": "2019-09-05 17:05:00", "resolution": "block" }, "geometry": { "type": "Point", "coordinates": [ -71.0922886, 42.380391 ] } },
{ "type": "Feature", "properties": { "block_code": "250173512033004", "type": "Catch basin complaint", "date": "2019-09-05 16:09:00", "resolution": "block" }, "geometry": { "type": "Point", "coordinates": [ -71.1012259, 42.3755693 ] } },
{ "type": "Feature", "properties": { "block_code": "250173512032004", "type": "Catch basin complaint", "date": "2019-09-05 08:39:00", "resolution": "block" }, "geometry": { "type": "Point", "coordinates": [ -71.1006012, 42.3770693 ] } },
{ "type": "Feature", "properties": { "block_code": "250173515003003", "type": "Catch basin complaint", "date": "2019-09-04 18:53:00", "resolution": "block" }, "geometry": { "type": "Point", "coordinates": [ -71.0928437, 42.3790379 ] } },
{ "type": "Feature", "properties": { "block_code": "250173512033001", "type": "Catch basin complaint", "date": "2019-09-04 09:33:00", "resolution": "block" }, "geometry": { "type": "Point", "coordinates": [ -71.0990007, 42.3759458 ] } },
{ "type": "Feature", "properties": { "block_code": "250173512043000", "type": "Sewer issue", "date": "2019-09-04 07:31:00", "resolution": "block" }, "geometry": { "type": "Point", "coordinates": [ -71.1035381, 42.379698 ] } },
{ "type": "Feature", "properties": { "block_code": "250173512042009", "type": "Sewer issue", "date": "2019-09-03 22:31:00", "resolution": "block" }, "geometry": { "type": "Point", "coordinates": [ -71.101582, 42.3798805 ] } },
{ "type": "Feature", "properties": { "block_code": "250173501091010", "type": "Sewer issue", "date": "2019-09-03 10:03:00", "resolution": "block" }, "geometry": { "type": "Point", "coordinates": [ -71.090086, 42.3944272 ] } },
{ "type": "Feature", "properties": { "block_code": "250173512033001", "type": "Sewers and Drains", "date": "2019-09-03 07:21:00", "resolution": "block" }, "geometry": { "type": "Point", "coordinates": [ -71.0990007, 42.3759458 ] } },
{ "type": "Feature", "properties": { "block_code": "250173512042003", "type": "Sewer issue", "date": "2019-09-02 20:35:00", "resolution": "block" }, "geometry": { "type": "Point", "coordinates": [ -71.1017138, 42.380963 ] } },
{ "type": "Feature", "properties": { "block_code": "250173512042009", "type": "Sewers and Drains", "date": "2019-09-02 19:40:00", "resolution": "block" }, "geometry": { "type": "Point", "coordinates": [ -71.101582, 42.3798805 ] } },
{ "type": "Feature", "properties": { "block_code": "250173512041001", "type": "Sewers and Drains", "date": "2019-09-02 19:36:00", "resolution": "block" }, "geometry": { "type": "Point", "coordinates": [ -71.1043838, 42.3834455 ] } },
{ "type": "Feature", "properties": { "block_code": "250173512033001", "type": "Catch basin complaint", "date": "2019-09-02 19:35:00", "resolution": "block" }, "geometry": { "type": "Point", "coordinates": [ -71.0990007, 42.3759458 ] } },
{ "type": "Feature", "properties": { "block_code": "250173512042003", "type": "Sewers and Drains", "date": "2019-09-02 19:18:00", "resolution": "block" }, "geometry": { "type": "Point", "coordinates": [ -71.1017138, 42.380963 ] } },
{ "type": "Feature", "properties": { "block_code": "250173512042008", "type": "Sewers and Drains", "date": "2019-09-02 19:13:00", "resolution": "block" }, "geometry": { "type": "Point", "coordinates": [ -71.1042149, 42.380642 ] } },
{ "type": "Feature", "properties": { "block_code": "250173512032007", "type": "Catch basin complaint", "date": "2019-09-02 19:13:00", "resolution": "block" }, "geometry": { "type": "Point", "coordinates": [ -71.1005946, 42.3765624 ] } },
{ "type": "Feature", "properties": { "block_code": "250173512032001", "type": "Catch basin complaint", "date": "2019-09-02 19:12:00", "resolution": "block" }, "geometry": { "type": "Point", "coordinates": [ -71.0994009, 42.3782847 ] } },
{ "type": "Feature", "properties": { "block_code": "250173512042010", "type": "Sewers and Drains", "date": "2019-09-02 19:11:00", "resolution": "block" }, "geometry": { "type": "Point", "coordinates": [ -71.0990962, 42.3805443 ] } },
{ "type": "Feature", "properties": { "block_code": "250173512032005", "type": "Sewers and Drains", "date": "2019-09-02 19:07:00", "resolution": "block" }, "geometry": { "type": "Point", "coordinates": [ -71.0987134, 42.3770461 ] } },
{ "type": "Feature", "properties": { "block_code": "250173512042010", "type": "Sewers and Drains", "date": "2019-09-02 19:03:00", "resolution": "block" }, "geometry": { "type": "Point", "coordinates": [ -71.0990962, 42.3805443 ] } },
{ "type": "Feature", "properties": { "block_code": "250173512032003", "type": "Sewers and Drains", "date": "2019-09-02 19:02:00", "resolution": "block" }, "geometry": { "type": "Point", "coordinates": [ -71.0975542, 42.3778283 ] } },
{ "type": "Feature", "properties": { "block_code": "250173503001005", "type": "Sewers and Drains", "date": "2019-09-02 18:58:00", "resolution": "block" }, "geometry": { "type": "Point", "coordinates": [ -71.1036535, 42.391802 ] } },
{ "type": "Feature", "properties": { "block_code": "250173512032001", "type": "Sewers and Drains", "date": "2019-09-02 18:57:00", "resolution": "block" }, "geometry": { "type": "Point", "coordinates": [ -71.0994009, 42.3782847 ] } },
{ "type": "Feature", "properties": { "block_code": "250173512032005", "type": "Sewers and Drains", "date": "2019-09-02 18:43:00", "resolution": "block" }, "geometry": { "type": "Point", "coordinates": [ -71.0987134, 42.3770461 ] } },
{ "type": "Feature", "properties": { "block_code": "250173510022004", "type": "Sewer issue", "date": "2019-09-02 12:12:00", "resolution": "block" }, "geometry": { "type": "Point", "coordinates": [ -71.1137441, 42.3920109 ] } },
{ "type": "Feature", "properties": { "block_code": "250173512042012", "type": "Sewer issue", "date": "2019-08-30 00:00:00", "resolution": "block" }, "geometry": { "type": "Point", "coordinates": [ -71.0966059, 42.3800512 ] } },
{ "type": "Feature", "properties": { "block_code": "250173502013002", "type": "Sewer issue", "date": "2019-08-29 13:21:00", "resolution": "block" }, "geometry": { "type": "Point", "coordinates": [ -71.0914879, 42.3906049 ] } },
{ "type": "Feature", "properties": { "block_code": "250173512031003", "type": "Sewers and Drains", "date": "2019-08-27 09:37:00", "resolution": "block" }, "geometry": { "type": "Point", "coordinates": [ -71.1049829, 42.3780209 ] } },
{ "type": "Feature", "properties": { "block_code": "250173502012001", "type": "Catch basin complaint", "date": "2019-08-25 10:41:00", "resolution": "block" }, "geometry": { "type": "Point", "coordinates": [ -71.0952901, 42.3904462 ] } },
{ "type": "Feature", "properties": { "block_code": "250173514042004", "type": "Sewers and Drains", "date": "2019-08-24 07:32:00", "resolution": "block" }, "geometry": { "type": "Point", "coordinates": [ -71.092832, 42.3868306 ] } },
{ "type": "Feature", "properties": { "block_code": "250173512042003", "type": "Sewers and Drains", "date": "2019-08-23 11:52:00", "resolution": "block" }, "geometry": { "type": "Point", "coordinates": [ -71.1017138, 42.380963 ] } },
{ "type": "Feature", "properties": { "block_code": "250173502022011", "type": "Sewers and Drains", "date": "2019-08-21 13:27:00", "resolution": "block" }, "geometry": { "type": "Point", "coordinates": [ -71.0985189, 42.3897979 ] } },
{ "type": "Feature", "properties": { "block_code": "250173512033006", "type": "Sewers and Drains", "date": "2019-08-20 13:29:00", "resolution": "block" }, "geometry": { "type": "Point", "coordinates": [ -71.0984294, 42.3753805 ] } },
{ "type": "Feature", "properties": { "block_code": "250173502022011", "type": "Catch basin complaint", "date": "2019-08-18 16:39:00", "resolution": "block" }, "geometry": { "type": "Point", "coordinates": [ -71.0985189, 42.3897979 ] } },
{ "type": "Feature", "properties": { "block_code": "250173512042009", "type": "Sewer issue", "date": "2019-08-12 13:11:00", "resolution": "block" }, "geometry": { "type": "Point", "coordinates": [ -71.101582, 42.3798805 ] } },
{ "type": "Feature", "properties": { "block_code": "250173510021000", "type": "Sewer issue", "date": "2019-08-10 19:15:00", "resolution": "block" }, "geometry": { "type": "Point", "coordinates": [ -71.1090339, 42.392605 ] } },
{ "type": "Feature", "properties": { "block_code": "250173504003007", "type": "Sewers and Drains", "date": "2019-08-10 15:46:00", "resolution": "block" }, "geometry": { "type": "Point", "coordinates": [ -71.1121655, 42.3945792 ] } },
{ "type": "Feature", "properties": { "block_code": "250173512042009", "type": "Catch basin complaint", "date": "2019-08-10 12:03:00", "resolution": "block" }, "geometry": { "type": "Point", "coordinates": [ -71.101582, 42.3798805 ] } },
{ "type": "Feature", "properties": { "block_code": "250173512042009", "type": "Catch basin complaint", "date": "2019-08-10 11:54:00", "resolution": "block" }, "geometry": { "type": "Point", "coordinates": [ -71.101582, 42.3798805 ] } },
{ "type": "Feature", "properties": { "block_code": "250173512042009", "type": "Catch basin complaint", "date": "2019-08-10 11:50:00", "resolution": "block" }, "geometry": { "type": "Point", "coordinates": [ -71.101582, 42.3798805 ] } },
{ "type": "Feature", "properties": { "block_code": "250173512042009", "type": "Catch basin complaint", "date": "2019-08-10 11:46:00", "resolution": "block" }, "geometry": { "type": "Point", "coordinates": [ -71.101582, 42.3798805 ] } },
{ "type": "Feature", "properties": { "block_code": "250173512042009", "type": "Catch basin complaint", "date": "2019-08-10 11:43:00", "resolution": "block" }, "geometry": { "type": "Point", "coordinates": [ -71.101582, 42.3798805 ] } },
{ "type": "Feature", "properties": { "block_code": "250173512031000", "type": "Sewer feedback ", "date": "2019-08-09 10:39:00", "resolution": "block" }, "geometry": { "type": "Point", "coordinates": [ -71.1018843, 42.377779 ] } },
{ "type": "Feature", "properties": { "block_code": "250173512043009", "type": "Sewers and Drains", "date": "2019-08-09 10:30:00", "resolution": "block" }, "geometry": { "type": "Point", "coordinates": [ -71.1048866, 42.3793192 ] } },
{ "type": "Feature", "properties": { "block_code": "250173515003011", "type": "Sewers and Drains", "date": "2019-08-09 09:29:00", "resolution": "block" }, "geometry": { "type": "Point", "coordinates": [ -71.0928894, 42.3776778 ] } },
{ "type": "Feature", "properties": { "block_code": "250173512043003", "type": "Catch basin complaint", "date": "2019-08-09 09:06:00", "resolution": "block" }, "geometry": { "type": "Point", "coordinates": [ -71.1085347, 42.3810508 ] } },
{ "type": "Feature", "properties": { "block_code": "250173513001009", "type": "Sewer issue", "date": "2019-08-08 15:02:00", "resolution": "block" }, "geometry": { "type": "Point", "coordinates": [ -71.0971393, 42.3823994 ] } },
{ "type": "Feature", "properties": { "block_code": "250173512041008", "type": "Sewers and Drains", "date": "2019-08-08 11:22:00", "resolution": "block" }, "geometry": { "type": "Point", "coordinates": [ -71.1103585, 42.3826723 ] } },
{ "type": "Feature", "properties": { "block_code": "250173502022012", "type": "Sewers and Drains", "date": "2019-08-08 10:38:00", "resolution": "block" }, "geometry": { "type": "Point", "coordinates": [ -71.0977982, 42.3893001 ] } },
{ "type": "Feature", "properties": { "block_code": "250173512032003", "type": "Sewers and Drains", "date": "2019-08-08 10:24:00", "resolution": "block" }, "geometry": { "type": "Point", "coordinates": [ -71.0975542, 42.3778283 ] } },
{ "type": "Feature", "properties": { "block_code": "250173503003011", "type": "Sewers and Drains", "date": "2019-08-08 07:53:00", "resolution": "block" }, "geometry": { "type": "Point", "coordinates": [ -71.1061655, 42.3954606 ] } },
{ "type": "Feature", "properties": { "block_code": "250173515002009", "type": "Sewers and Drains", "date": "2019-08-08 02:07:00", "resolution": "block" }, "geometry": { "type": "Point", "coordinates": [ -71.0955614, 42.3749299 ] } },
{ "type": "Feature", "properties": { "block_code": "250173511011001", "type": "Sewers and Drains", "date": "2019-08-07 07:58:00", "resolution": "block" }, "geometry": { "type": "Point", "coordinates": [ -71.1057607, 42.3911961 ] } },
{ "type": "Feature", "properties": { "block_code": "250173512041003", "type": "Catch basin complaint", "date": "2019-08-06 10:10:00", "resolution": "block" }, "geometry": { "type": "Point", "coordinates": [ -71.1088113, 42.3831122 ] } },
{ "type": "Feature", "properties": { "block_code": "250173510012010", "type": "Catch basin complaint", "date": "2019-08-05 09:30:00", "resolution": "block" }, "geometry": { "type": "Point", "coordinates": [ -71.1119836, 42.3824404 ] } },
{ "type": "Feature", "properties": { "block_code": "250173504003001", "type": "Sewer issue", "date": "2019-08-02 17:36:00", "resolution": "block" }, "geometry": { "type": "Point", "coordinates": [ -71.1117815, 42.3956926 ] } },
{ "type": "Feature", "properties": { "block_code": "250173503003010", "type": "Sewer issue", "date": "2019-08-02 10:23:00", "resolution": "block" }, "geometry": { "type": "Point", "coordinates": [ -71.1074979, 42.3962251 ] } },
{ "type": "Feature", "properties": { "block_code": "250173502022011", "type": "Catch basin complaint", "date": "2019-07-31 16:26:00", "resolution": "block" }, "geometry": { "type": "Point", "coordinates": [ -71.0985189, 42.3897979 ] } },
{ "type": "Feature", "properties": { "block_code": "250173503001005", "type": "Catch basin complaint", "date": "2019-07-31 16:15:00", "resolution": "block" }, "geometry": { "type": "Point", "coordinates": [ -71.1036535, 42.391802 ] } },
{ "type": "Feature", "properties": { "block_code": "250173510021001", "type": "Sewers and Drains", "date": "2019-07-31 16:12:00", "resolution": "block" }, "geometry": { "type": "Point", "coordinates": [ -71.1095032, 42.392032 ] } },
{ "type": "Feature", "properties": { "block_code": "250173503001005", "type": "Sewers and Drains", "date": "2019-07-31 16:10:00", "resolution": "block" }, "geometry": { "type": "Point", "coordinates": [ -71.1036535, 42.391802 ] } },
{ "type": "Feature", "properties": { "block_code": "250173514042008", "type": "Catch basin complaint", "date": "2019-07-31 16:06:00", "resolution": "block" }, "geometry": { "type": "Point", "coordinates": [ -71.0918012, 42.386044 ] } },
{ "type": "Feature", "properties": { "block_code": "250173512032004", "type": "Catch basin complaint", "date": "2019-07-31 16:03:00", "resolution": "block" }, "geometry": { "type": "Point", "coordinates": [ -71.1006012, 42.3770693 ] } },
{ "type": "Feature", "properties": { "block_code": "250173512041008", "type": "Catch basin complaint", "date": "2019-07-23 14:43:00", "resolution": "block" }, "geometry": { "type": "Point", "coordinates": [ -71.1103585, 42.3826723 ] } },
{ "type": "Feature", "properties": { "block_code": "250173510023000", "type": "Catch basin complaint", "date": "2019-07-22 14:30:00", "resolution": "block" }, "geometry": { "type": "Point", "coordinates": [ -71.111919, 42.3907589 ] } },
{ "type": "Feature", "properties": { "block_code": "250173510023000", "type": "Catch basin complaint", "date": "2019-07-22 08:14:00", "resolution": "block" }, "geometry": { "type": "Point", "coordinates": [ -71.111919, 42.3907589 ] } },
{ "type": "Feature", "properties": { "block_code": "250173501091013", "type": "Catch basin complaint", "date": "2019-07-18 15:58:00", "resolution": "block" }, "geometry": { "type": "Point", "coordinates": [ -71.0920922, 42.3926099 ] } },
{ "type": "Feature", "properties": { "block_code": "250173510023000", "type": "Catch basin complaint", "date": "2019-07-18 09:35:00", "resolution": "block" }, "geometry": { "type": "Point", "coordinates": [ -71.111919, 42.3907589 ] } },
{ "type": "Feature", "properties": { "block_code": "250173512032003", "type": "Catch basin complaint", "date": "2019-07-18 00:04:00", "resolution": "block" }, "geometry": { "type": "Point", "coordinates": [ -71.0975542, 42.3778283 ] } },
{ "type": "Feature", "properties": { "block_code": "250173512032001", "type": "Sewers and Drains", "date": "2019-07-17 18:20:00", "resolution": "block" }, "geometry": { "type": "Point", "coordinates": [ -71.0994009, 42.3782847 ] } },
{ "type": "Feature", "properties": { "block_code": "250173510021000", "type": "Sewer issue", "date": "2019-07-17 17:59:00", "resolution": "block" }, "geometry": { "type": "Point", "coordinates": [ -71.1090339, 42.392605 ] } },
{ "type": "Feature", "properties": { "block_code": "250173511013004", "type": "Catch basin complaint", "date": "2019-07-17 17:55:00", "resolution": "block" }, "geometry": { "type": "Point", "coordinates": [ -71.1021478, 42.3888759 ] } },
{ "type": "Feature", "properties": { "block_code": "250173512033001", "type": "Sewer issue", "date": "2019-07-17 17:54:00", "resolution": "block" }, "geometry": { "type": "Point", "coordinates": [ -71.0990007, 42.3759458 ] } },
{ "type": "Feature", "properties": { "block_code": "250173501091012", "type": "Sewer issue", "date": "2019-07-16 14:36:00", "resolution": "block" }, "geometry": { "type": "Point", "coordinates": [ -71.0913565, 42.3932997 ] } },
{ "type": "Feature", "properties": { "block_code": "250173512031002", "type": "Catch basin complaint", "date": "2019-07-12 09:30:00", "resolution": "block" }, "geometry": { "type": "Point", "coordinates": [ -71.1031473, 42.3784314 ] } },
{ "type": "Feature", "properties": { "block_code": "250173510023000", "type": "Catch basin complaint", "date": "2019-07-09 13:13:00", "resolution": "block" }, "geometry": { "type": "Point", "coordinates": [ -71.111919, 42.3907589 ] } },
{ "type": "Feature", "properties": { "block_code": "250173510021003", "type": "Sewer issue", "date": "2019-07-04 09:00:00", "resolution": "block" }, "geometry": { "type": "Point", "coordinates": [ -71.1100809, 42.3913531 ] } },
{ "type": "Feature", "properties": { "block_code": "250173510021000", "type": "Catch basin complaint", "date": "2019-07-03 12:48:00", "resolution": "block" }, "geometry": { "type": "Point", "coordinates": [ -71.1090339, 42.392605 ] } },
{ "type": "Feature", "properties": { "block_code": "250173510021001", "type": "Catch basin complaint", "date": "2019-07-02 17:17:00", "resolution": "block" }, "geometry": { "type": "Point", "coordinates": [ -71.1095032, 42.392032 ] } },
{ "type": "Feature", "properties": { "block_code": "250173511013008", "type": "Catch basin complaint", "date": "2019-07-01 11:03:00", "resolution": "block" }, "geometry": { "type": "Point", "coordinates": [ -71.1005955, 42.3862421 ] } },
{ "type": "Feature", "properties": { "block_code": "250173504003002", "type": "Catch basin complaint", "date": "2019-07-01 10:29:00", "resolution": "block" }, "geometry": { "type": "Point", "coordinates": [ -71.1124898, 42.395915 ] } },
{ "type": "Feature", "properties": { "block_code": "250173512031000", "type": "Catch basin complaint", "date": "2019-07-01 09:55:00", "resolution": "block" }, "geometry": { "type": "Point", "coordinates": [ -71.1018843, 42.377779 ] } },
{ "type": "Feature", "properties": { "block_code": "250173512043006", "type": "Catch basin complaint", "date": "2019-07-01 09:50:00", "resolution": "block" }, "geometry": { "type": "Point", "coordinates": [ -71.1067731, 42.3798036 ] } },
{ "type": "Feature", "properties": { "block_code": "250173510011006", "type": "Sewer issue", "date": "2019-06-29 17:33:00", "resolution": "block" }, "geometry": { "type": "Point", "coordinates": [ -71.1116346, 42.3854108 ] } },
{ "type": "Feature", "properties": { "block_code": "250173510022001", "type": "Sewer feedback ", "date": "2019-06-20 08:27:00", "resolution": "block" }, "geometry": { "type": "Point", "coordinates": [ -71.1129886, 42.3935952 ] } },
{ "type": "Feature", "properties": { "block_code": "250173510023000", "type": "Catch basin complaint", "date": "2019-06-06 14:27:00", "resolution": "block" }, "geometry": { "type": "Point", "coordinates": [ -71.111919, 42.3907589 ] } },
{ "type": "Feature", "properties": { "block_code": "250173502021005", "type": "Catch basin complaint", "date": "2019-06-03 09:34:00", "resolution": "block" }, "geometry": { "type": "Point", "coordinates": [ -71.1028696, 42.3932904 ] } },
{ "type": "Feature", "properties": { "block_code": "250173511013004", "type": "Catch basin complaint", "date": "2019-05-21 13:57:00", "resolution": "block" }, "geometry": { "type": "Point", "coordinates": [ -71.1021478, 42.3888759 ] } },
{ "type": "Feature", "properties": { "block_code": "250173512033003", "type": "Sewer issue", "date": "2019-05-10 16:11:00", "resolution": "block" }, "geometry": { "type": "Point", "coordinates": [ -71.1005803, 42.3750122 ] } },
{ "type": "Feature", "properties": { "block_code": "250173510023000", "type": "Sewer issue", "date": "2019-05-07 15:29:00", "resolution": "block" }, "geometry": { "type": "Point", "coordinates": [ -71.111919, 42.3907589 ] } },
{ "type": "Feature", "properties": { "block_code": "250173512041012", "type": "Catch basin complaint", "date": "2019-05-05 14:03:00", "resolution": "block" }, "geometry": { "type": "Point", "coordinates": [ -71.1083008, 42.3845332 ] } },
{ "type": "Feature", "properties": { "block_code": "250173502012000", "type": "Sewer issue", "date": "2019-04-29 09:23:00", "resolution": "block" }, "geometry": { "type": "Point", "coordinates": [ -71.0935752, 42.3900248 ] } },
{ "type": "Feature", "properties": { "block_code": "250173514042002", "type": "Catch basin complaint", "date": "2019-04-23 09:19:00", "resolution": "block" }, "geometry": { "type": "Point", "coordinates": [ -71.0908108, 42.3858628 ] } },
{ "type": "Feature", "properties": { "block_code": "250173512041003", "type": "Sewer issue", "date": "2019-04-17 13:46:00", "resolution": "block" }, "geometry": { "type": "Point", "coordinates": [ -71.1088113, 42.3831122 ] } },
{ "type": "Feature", "properties": { "block_code": "250173511013007", "type": "Catch basin complaint", "date": "2019-04-17 11:14:00", "resolution": "block" }, "geometry": { "type": "Point", "coordinates": [ -71.1029404, 42.3870743 ] } },
{ "type": "Feature", "properties": { "block_code": "250173510021001", "type": "Sewer issue", "date": "2019-04-12 16:50:00", "resolution": "block" }, "geometry": { "type": "Point", "coordinates": [ -71.1095032, 42.392032 ] } },
{ "type": "Feature", "properties": { "block_code": "250173514042003", "type": "Catch basin complaint", "date": "2019-04-08 14:40:00", "resolution": "block" }, "geometry": { "type": "Point", "coordinates": [ -71.0915344, 42.3865707 ] } },
{ "type": "Feature", "properties": { "block_code": "250173515002009", "type": "Catch basin complaint", "date": "2019-04-03 15:40:00", "resolution": "block" }, "geometry": { "type": "Point", "coordinates": [ -71.0955614, 42.3749299 ] } },
{ "type": "Feature", "properties": { "block_code": "250173503002004", "type": "Catch basin complaint", "date": "2019-04-02 12:20:00", "resolution": "block" }, "geometry": { "type": "Point", "coordinates": [ -71.1059804, 42.3940958 ] } },
{ "type": "Feature", "properties": { "block_code": "250173512034005", "type": "Sewer issue", "date": "2019-03-27 20:37:00", "resolution": "block" }, "geometry": { "type": "Point", "coordinates": [ -71.1049177, 42.376499 ] } },
{ "type": "Feature", "properties": { "block_code": "250173512031001", "type": "Sewer issue", "date": "2019-03-26 12:40:00", "resolution": "block" }, "geometry": { "type": "Point", "coordinates": [ -71.1024889, 42.3785028 ] } },
{ "type": "Feature", "properties": { "block_code": "250173502022008", "type": "Catch basin complaint", "date": "2019-03-25 12:54:00", "resolution": "block" }, "geometry": { "type": "Point", "coordinates": [ -71.1010331, 42.3904453 ] } },
{ "type": "Feature", "properties": { "block_code": "250173501091012", "type": "Catch basin complaint", "date": "2019-03-25 08:27:00", "resolution": "block" }, "geometry": { "type": "Point", "coordinates": [ -71.0913565, 42.3932997 ] } },
{ "type": "Feature", "properties": { "block_code": "250173512041001", "type": "Sewer issue", "date": "2019-03-22 09:07:00", "resolution": "block" }, "geometry": { "type": "Point", "coordinates": [ -71.1043838, 42.3834455 ] } },
{ "type": "Feature", "properties": { "block_code": "250173503002001", "type": "Sewer issue", "date": "2019-03-18 16:09:00", "resolution": "block" }, "geometry": { "type": "Point", "coordinates": [ -71.109123, 42.3953985 ] } },
{ "type": "Feature", "properties": { "block_code": "250173511012002", "type": "Catch basin complaint", "date": "2019-03-18 13:08:00", "resolution": "block" }, "geometry": { "type": "Point", "coordinates": [ -71.1075317, 42.3890725 ] } },
{ "type": "Feature", "properties": { "block_code": "250173502022009", "type": "Catch basin complaint", "date": "2019-03-14 16:04:00", "resolution": "block" }, "geometry": { "type": "Point", "coordinates": [ -71.0989764, 42.3892666 ] } },
{ "type": "Feature", "properties": { "block_code": "250173511011001", "type": "Catch basin complaint", "date": "2019-03-12 12:26:00", "resolution": "block" }, "geometry": { "type": "Point", "coordinates": [ -71.1057607, 42.3911961 ] } },
{ "type": "Feature", "properties": { "block_code": "250173504003001", "type": "Catch basin complaint", "date": "2019-03-08 13:00:00", "resolution": "block" }, "geometry": { "type": "Point", "coordinates": [ -71.1117815, 42.3956926 ] } },
{ "type": "Feature", "properties": { "block_code": "250173512031004", "type": "Sewer issue", "date": "2019-02-06 10:07:00", "resolution": "block" }, "geometry": { "type": "Point", "coordinates": [ -71.1061954, 42.3776039 ] } },
{ "type": "Feature", "properties": { "block_code": "250173511012001", "type": "Catch basin complaint", "date": "2019-02-05 14:07:00", "resolution": "block" }, "geometry": { "type": "Point", "coordinates": [ -71.1070298, 42.3880976 ] } },
{ "type": "Feature", "properties": { "block_code": "250173515002010", "type": "Sewer issue", "date": "2019-02-02 07:37:00", "resolution": "block" }, "geometry": { "type": "Point", "coordinates": [ -71.0961629, 42.3754454 ] } },
{ "type": "Feature", "properties": { "block_code": "250173504003002", "type": "Catch basin complaint", "date": "2019-01-24 14:05:00", "resolution": "block" }, "geometry": { "type": "Point", "coordinates": [ -71.1124898, 42.395915 ] } },
{ "type": "Feature", "properties": { "block_code": "250173503003014", "type": "Sewer issue", "date": "2019-01-24 11:58:00", "resolution": "block" }, "geometry": { "type": "Point", "coordinates": [ -71.1058028, 42.3952737 ] } },
{ "type": "Feature", "properties": { "block_code": "250173515003010", "type": "Catch basin complaint", "date": "2019-01-24 06:50:00", "resolution": "block" }, "geometry": { "type": "Point", "coordinates": [ -71.0903598, 42.3765673 ] } },
{ "type": "Feature", "properties": { "block_code": "250173512042006", "type": "Catch basin complaint", "date": "2019-01-23 12:42:00", "resolution": "block" }, "geometry": { "type": "Point", "coordinates": [ -71.0992856, 42.3821032 ] } },
{ "type": "Feature", "properties": { "block_code": "250173514042008", "type": "Catch basin complaint", "date": "2019-01-23 12:30:00", "resolution": "block" }, "geometry": { "type": "Point", "coordinates": [ -71.0918012, 42.386044 ] } },
{ "type": "Feature", "properties": { "block_code": "250173512041005", "type": "Sewer issue", "date": "2019-01-21 12:42:00", "resolution": "block" }, "geometry": { "type": "Point", "coordinates": [ -71.1073495, 42.3836635 ] } },
{ "type": "Feature", "properties": { "block_code": "250173512041000", "type": "Sewer issue", "date": "2019-01-20 11:36:00", "resolution": "block" }, "geometry": { "type": "Point", "coordinates": [ -71.1034237, 42.3831173 ] } },
{ "type": "Feature", "properties": { "block_code": "250173501091013", "type": "Catch basin complaint", "date": "2019-01-07 08:40:00", "resolution": "block" }, "geometry": { "type": "Point", "coordinates": [ -71.0920922, 42.3926099 ] } },
{ "type": "Feature", "properties": { "block_code": "250173512031003", "type": "Sewer issue", "date": "2019-01-01 11:33:00", "resolution": "block" }, "geometry": { "type": "Point", "coordinates": [ -71.1049829, 42.3780209 ] } },
{ "type": "Feature", "properties": { "block_code": "250173515003003", "type": "Sewer issue", "date": "2018-12-28 15:07:00", "resolution": "block" }, "geometry": { "type": "Point", "coordinates": [ -71.0928437, 42.3790379 ] } },
{ "type": "Feature", "properties": { "block_code": "250173512041007", "type": "Catch basin complaint", "date": "2018-12-23 12:16:00", "resolution": "block" }, "geometry": { "type": "Point", "coordinates": [ -71.1045198, 42.3821824 ] } },
{ "type": "Feature", "properties": { "block_code": "250173513002008", "type": "Catch basin complaint", "date": "2018-12-03 11:25:00", "resolution": "block" }, "geometry": { "type": "Point", "coordinates": [ -71.0958397, 42.3816833 ] } },
{ "type": "Feature", "properties": { "block_code": "250173511013007", "type": "Catch basin complaint", "date": "2018-12-03 10:44:00", "resolution": "block" }, "geometry": { "type": "Point", "coordinates": [ -71.1029404, 42.3870743 ] } },
{ "type": "Feature", "properties": { "block_code": "250173503001005", "type": "Sewer issue", "date": "2018-11-27 16:29:00", "resolution": "block" }, "geometry": { "type": "Point", "coordinates": [ -71.1036535, 42.391802 ] } },
{ "type": "Feature", "properties": { "block_code": "250173503001001", "type": "Sewer issue", "date": "2018-11-27 13:30:00", "resolution": "block" }, "geometry": { "type": "Point", "coordinates": [ -71.103235, 42.3966196 ] } },
{ "type": "Feature", "properties": { "block_code": "250173512033000", "type": "Catch basin complaint", "date": "2018-11-27 06:10:00", "resolution": "block" }, "geometry": { "type": "Point", "coordinates": [ -71.0969072, 42.376393 ] } },
{ "type": "Feature", "properties": { "block_code": "250173512034001", "type": "Catch basin complaint", "date": "2018-11-21 11:41:00", "resolution": "block" }, "geometry": { "type": "Point", "coordinates": [ -71.1013658, 42.3765447 ] } },
{ "type": "Feature", "properties": { "block_code": "250173503001005", "type": "Sewer issue", "date": "2018-11-19 15:30:00", "resolution": "block" }, "geometry": { "type": "Point", "coordinates": [ -71.1036535, 42.391802 ] } },
{ "type": "Feature", "properties": { "block_code": "250173503001005", "type": "Sewer issue", "date": "2018-11-19 15:13:00", "resolution": "block" }, "geometry": { "type": "Point", "coordinates": [ -71.1036535, 42.391802 ] } },
{ "type": "Feature", "properties": { "block_code": "250173511011003", "type": "Sewer issue", "date": "2018-11-16 09:01:00", "resolution": "block" }, "geometry": { "type": "Point", "coordinates": [ -71.1050923, 42.3902997 ] } },
{ "type": "Feature", "properties": { "block_code": "250173512043003", "type": "Catch basin complaint", "date": "2018-11-13 15:44:00", "resolution": "block" }, "geometry": { "type": "Point", "coordinates": [ -71.1085347, 42.3810508 ] } },
{ "type": "Feature", "properties": { "block_code": "250173512033006", "type": "Sewer issue", "date": "2018-11-12 09:11:00", "resolution": "block" }, "geometry": { "type": "Point", "coordinates": [ -71.0984294, 42.3753805 ] } },
{ "type": "Feature", "properties": { "block_code": "250173512033006", "type": "Sewer issue", "date": "2018-11-11 17:19:00", "resolution": "block" }, "geometry": { "type": "Point", "coordinates": [ -71.0984294, 42.3753805 ] } },
{ "type": "Feature", "properties": { "block_code": "250173515003010", "type": "Sewer issue", "date": "2018-11-06 09:25:00", "resolution": "block" }, "geometry": { "type": "Point", "coordinates": [ -71.0903598, 42.3765673 ] } },
{ "type": "Feature", "properties": { "block_code": "250173511013006", "type": "Sewer issue", "date": "2018-11-03 19:37:00", "resolution": "block" }, "geometry": { "type": "Point", "coordinates": [ -71.1024796, 42.3877038 ] } },
{ "type": "Feature", "properties": { "block_code": "250173512041001", "type": "Catch basin complaint", "date": "2018-11-03 18:07:00", "resolution": "block" }, "geometry": { "type": "Point", "coordinates": [ -71.1043838, 42.3834455 ] } },
{ "type": "Feature", "properties": { "block_code": "250173501082000", "type": "Sewer feedback ", "date": "2018-11-03 11:33:00", "resolution": "block" }, "geometry": { "type": "Point", "coordinates": [ -71.0961968, 42.3959797 ] } },
{ "type": "Feature", "properties": { "block_code": "250173515002000", "type": "Catch basin complaint", "date": "2018-11-03 10:15:00", "resolution": "block" }, "geometry": { "type": "Point", "coordinates": [ -71.0922245, 42.3759252 ] } },
{ "type": "Feature", "properties": { "block_code": "250173501082002", "type": "Catch basin complaint", "date": "2018-11-03 09:08:00", "resolution": "block" }, "geometry": { "type": "Point", "coordinates": [ -71.0978873, 42.396016 ] } },
{ "type": "Feature", "properties": { "block_code": "250173511022000", "type": "Catch basin complaint", "date": "2018-11-02 09:54:00", "resolution": "block" }, "geometry": { "type": "Point", "coordinates": [ -71.1021728, 42.3860443 ] } },
{ "type": "Feature", "properties": { "block_code": "250173511013007", "type": "Catch basin complaint", "date": "2018-11-02 09:53:00", "resolution": "block" }, "geometry": { "type": "Point", "coordinates": [ -71.1029404, 42.3870743 ] } },
{ "type": "Feature", "properties": { "block_code": "250173504003003", "type": "Sewer issue", "date": "2018-10-30 22:48:00", "resolution": "block" }, "geometry": { "type": "Point", "coordinates": [ -71.1132401, 42.3961407 ] } },
{ "type": "Feature", "properties": { "block_code": "250173502022000", "type": "Catch basin complaint", "date": "2018-10-30 07:44:00", "resolution": "block" }, "geometry": { "type": "Point", "coordinates": [ -71.0991809, 42.3922774 ] } },
{ "type": "Feature", "properties": { "block_code": "250173501082011", "type": "Catch basin complaint", "date": "2018-10-29 11:42:00", "resolution": "block" }, "geometry": { "type": "Point", "coordinates": [ -71.0933097, 42.3933033 ] } },
{ "type": "Feature", "properties": { "block_code": "250173512043006", "type": "Catch basin complaint", "date": "2018-10-29 10:23:00", "resolution": "block" }, "geometry": { "type": "Point", "coordinates": [ -71.1067731, 42.3798036 ] } },
{ "type": "Feature", "properties": { "block_code": "250173511022003", "type": "Catch basin complaint", "date": "2018-10-29 09:44:00", "resolution": "block" }, "geometry": { "type": "Point", "coordinates": [ -71.1052853, 42.3844793 ] } },
{ "type": "Feature", "properties": { "block_code": "250173511022003", "type": "Catch basin complaint", "date": "2018-10-27 14:20:00", "resolution": "block" }, "geometry": { "type": "Point", "coordinates": [ -71.1052853, 42.3844793 ] } },
{ "type": "Feature", "properties": { "block_code": "250173514042008", "type": "Sewer issue", "date": "2018-10-25 17:25:00", "resolution": "block" }, "geometry": { "type": "Point", "coordinates": [ -71.0918012, 42.386044 ] } },
{ "type": "Feature", "properties": { "block_code": "250173503001001", "type": "Catch basin complaint", "date": "2018-10-24 09:47:00", "resolution": "block" }, "geometry": { "type": "Point", "coordinates": [ -71.103235, 42.3966196 ] } },
{ "type": "Feature", "properties": { "block_code": "250173515003003", "type": "Catch basin complaint", "date": "2018-10-12 12:57:00", "resolution": "block" }, "geometry": { "type": "Point", "coordinates": [ -71.0928437, 42.3790379 ] } },
{ "type": "Feature", "properties": { "block_code": "250173512043000", "type": "Sewer issue", "date": "2018-10-11 20:16:00", "resolution": "block" }, "geometry": { "type": "Point", "coordinates": [ -71.1035381, 42.379698 ] } },
{ "type": "Feature", "properties": { "block_code": "250173503002006", "type": "Sewer issue", "date": "2018-10-11 14:42:00", "resolution": "block" }, "geometry": { "type": "Point", "coordinates": [ -71.1099543, 42.3939639 ] } },
{ "type": "Feature", "properties": { "block_code": "250173514042007", "type": "Sewer issue", "date": "2018-10-10 15:18:00", "resolution": "block" }, "geometry": { "type": "Point", "coordinates": [ -71.0921775, 42.3855256 ] } },
{ "type": "Feature", "properties": { "block_code": "250173514042007", "type": "Sewer issue", "date": "2018-10-10 15:13:00", "resolution": "block" }, "geometry": { "type": "Point", "coordinates": [ -71.0921775, 42.3855256 ] } },
{ "type": "Feature", "properties": { "block_code": "250173501082008", "type": "Catch basin complaint", "date": "2018-10-10 10:38:00", "resolution": "block" }, "geometry": { "type": "Point", "coordinates": [ -71.0935904, 42.3946172 ] } },
{ "type": "Feature", "properties": { "block_code": "250173502012001", "type": "Sewer issue", "date": "2018-10-06 10:07:00", "resolution": "block" }, "geometry": { "type": "Point", "coordinates": [ -71.0952901, 42.3904462 ] } },
{ "type": "Feature", "properties": { "block_code": "250173502012000", "type": "Catch basin complaint", "date": "2018-10-05 18:57:00", "resolution": "block" }, "geometry": { "type": "Point", "coordinates": [ -71.0935752, 42.3900248 ] } },
{ "type": "Feature", "properties": { "block_code": "250173510021001", "type": "Sewer issue", "date": "2018-10-02 20:40:00", "resolution": "block" }, "geometry": { "type": "Point", "coordinates": [ -71.1095032, 42.392032 ] } },
{ "type": "Feature", "properties": { "block_code": "250173503003010", "type": "Sewer issue", "date": "2018-10-02 15:07:00", "resolution": "block" }, "geometry": { "type": "Point", "coordinates": [ -71.1074979, 42.3962251 ] } },
{ "type": "Feature", "properties": { "block_code": "250173512041005", "type": "Catch basin complaint", "date": "2018-09-21 14:21:00", "resolution": "block" }, "geometry": { "type": "Point", "coordinates": [ -71.1073495, 42.3836635 ] } },
{ "type": "Feature", "properties": { "block_code": "250173502012000", "type": "Catch basin complaint", "date": "2018-09-21 11:46:00", "resolution": "block" }, "geometry": { "type": "Point", "coordinates": [ -71.0935752, 42.3900248 ] } },
{ "type": "Feature", "properties": { "block_code": "250173512043000", "type": "Catch basin complaint", "date": "2018-09-19 09:09:00", "resolution": "block" }, "geometry": { "type": "Point", "coordinates": [ -71.1035381, 42.379698 ] } },
{ "type": "Feature", "properties": { "block_code": "250173512043002", "type": "Sewer issue", "date": "2018-09-18 16:25:00", "resolution": "block" }, "geometry": { "type": "Point", "coordinates": [ -71.1061277, 42.3809645 ] } },
{ "type": "Feature", "properties": { "block_code": "250173512042012", "type": "Sewer issue", "date": "2018-09-18 15:24:00", "resolution": "block" }, "geometry": { "type": "Point", "coordinates": [ -71.0966059, 42.3800512 ] } },
{ "type": "Feature", "properties": { "block_code": "250173511013007", "type": "Sewer issue", "date": "2018-09-18 13:12:00", "resolution": "block" }, "geometry": { "type": "Point", "coordinates": [ -71.1029404, 42.3870743 ] } },
{ "type": "Feature", "properties": { "block_code": "250173512042011", "type": "Sewer issue", "date": "2018-09-18 13:11:00", "resolution": "block" }, "geometry": { "type": "Point", "coordinates": [ -71.0973322, 42.3799025 ] } },
{ "type": "Feature", "properties": { "block_code": "250173512043009", "type": "Catch basin complaint", "date": "2018-09-18 13:09:00", "resolution": "block" }, "geometry": { "type": "Point", "coordinates": [ -71.1048866, 42.3793192 ] } },
{ "type": "Feature", "properties": { "block_code": "250173512042008", "type": "Sewer issue", "date": "2018-09-18 12:20:00", "resolution": "block" }, "geometry": { "type": "Point", "coordinates": [ -71.1042149, 42.380642 ] } },
{ "type": "Feature", "properties": { "block_code": "250173501091010", "type": "Catch basin complaint", "date": "2018-09-18 12:09:00", "resolution": "block" }, "geometry": { "type": "Point", "coordinates": [ -71.090086, 42.3944272 ] } },
{ "type": "Feature", "properties": { "block_code": "250173512032000", "type": "Sewer issue", "date": "2018-09-18 12:01:00", "resolution": "block" }, "geometry": { "type": "Point", "coordinates": [ -71.0970141, 42.3789611 ] } },
{ "type": "Feature", "properties": { "block_code": "250173514042008", "type": "Sewer issue", "date": "2018-09-18 11:58:00", "resolution": "block" }, "geometry": { "type": "Point", "coordinates": [ -71.0918012, 42.386044 ] } },
{ "type": "Feature", "properties": { "block_code": "250173510021000", "type": "Sewer issue", "date": "2018-09-18 11:53:00", "resolution": "block" }, "geometry": { "type": "Point", "coordinates": [ -71.1090339, 42.392605 ] } },
{ "type": "Feature", "properties": { "block_code": "250173512043009", "type": "Sewer issue", "date": "2018-09-18 11:48:00", "resolution": "block" }, "geometry": { "type": "Point", "coordinates": [ -71.1048866, 42.3793192 ] } },
{ "type": "Feature", "properties": { "block_code": "250173512043006", "type": "Sewer issue", "date": "2018-09-18 11:43:00", "resolution": "block" }, "geometry": { "type": "Point", "coordinates": [ -71.1067731, 42.3798036 ] } },
{ "type": "Feature", "properties": { "block_code": "250173512042010", "type": "Sewer issue", "date": "2018-09-18 11:41:00", "resolution": "block" }, "geometry": { "type": "Point", "coordinates": [ -71.0990962, 42.3805443 ] } },
{ "type": "Feature", "properties": { "block_code": "250173515003004", "type": "Sewer issue", "date": "2018-09-18 11:41:00", "resolution": "block" }, "geometry": { "type": "Point", "coordinates": [ -71.0945569, 42.3794499 ] } },
{ "type": "Feature", "properties": { "block_code": "250173512042009", "type": "Sewer issue", "date": "2018-09-18 11:39:00", "resolution": "block" }, "geometry": { "type": "Point", "coordinates": [ -71.101582, 42.3798805 ] } },
{ "type": "Feature", "properties": { "block_code": "250173515002010", "type": "Sewer issue", "date": "2018-09-18 11:28:00", "resolution": "block" }, "geometry": { "type": "Point", "coordinates": [ -71.0961629, 42.3754454 ] } },
{ "type": "Feature", "properties": { "block_code": "250173512034006", "type": "Sewer issue", "date": "2018-09-18 11:27:00", "resolution": "block" }, "geometry": { "type": "Point", "coordinates": [ -71.1032768, 42.3751272 ] } },
{ "type": "Feature", "properties": { "block_code": "250173512032001", "type": "Sewer issue", "date": "2018-09-18 11:27:00", "resolution": "block" }, "geometry": { "type": "Point", "coordinates": [ -71.0994009, 42.3782847 ] } },
{ "type": "Feature", "properties": { "block_code": "250173512043000", "type": "Sewer issue", "date": "2018-09-18 11:25:00", "resolution": "block" }, "geometry": { "type": "Point", "coordinates": [ -71.1035381, 42.379698 ] } },
{ "type": "Feature", "properties": { "block_code": "250173512042007", "type": "Sewer issue", "date": "2018-09-18 11:19:00", "resolution": "block" }, "geometry": { "type": "Point", "coordinates": [ -71.0981218, 42.3810714 ] } },
{ "type": "Feature", "properties": { "block_code": "250173512042006", "type": "Sewer issue", "date": "2018-09-18 11:17:00", "resolution": "block" }, "geometry": { "type": "Point", "coordinates": [ -71.0992856, 42.3821032 ] } },
{ "type": "Feature", "properties": { "block_code": "250173510021001", "type": "Sewer issue", "date": "2018-09-18 11:14:00", "resolution": "block" }, "geometry": { "type": "Point", "coordinates": [ -71.1095032, 42.392032 ] } },
{ "type": "Feature", "properties": { "block_code": "250173512042003", "type": "Sewer issue", "date": "2018-09-18 11:12:00", "resolution": "block" }, "geometry": { "type": "Point", "coordinates": [ -71.1017138, 42.380963 ] } },
{ "type": "Feature", "properties": { "block_code": "250173502022014", "type": "Sewer issue", "date": "2018-09-18 11:12:00", "resolution": "block" }, "geometry": { "type": "Point", "coordinates": [ -71.0962616, 42.388801 ] } },
{ "type": "Feature", "properties": { "block_code": "250173502022004", "type": "Sewer issue", "date": "2018-09-18 11:11:00", "resolution": "block" }, "geometry": { "type": "Point", "coordinates": [ -71.0996038, 42.3905379 ] } },
{ "type": "Feature", "properties": { "block_code": "250173502023004", "type": "Sewer issue", "date": "2018-09-18 11:09:00", "resolution": "block" }, "geometry": { "type": "Point", "coordinates": [ -71.0955022, 42.3924417 ] } },
{ "type": "Feature", "properties": { "block_code": "250173503001005", "type": "Sewer issue", "date": "2018-09-18 11:09:00", "resolution": "block" }, "geometry": { "type": "Point", "coordinates": [ -71.1036535, 42.391802 ] } },
{ "type": "Feature", "properties": { "block_code": "250173512043002", "type": "Sewer issue", "date": "2018-09-18 11:08:00", "resolution": "block" }, "geometry": { "type": "Point", "coordinates": [ -71.1061277, 42.3809645 ] } },
{ "type": "Feature", "properties": { "block_code": "250173503002005", "type": "Sewer issue", "date": "2018-09-18 11:07:00", "resolution": "block" }, "geometry": { "type": "Point", "coordinates": [ -71.1087339, 42.3932611 ] } },
{ "type": "Feature", "properties": { "block_code": "250173510012008", "type": "Sewer issue", "date": "2018-09-17 13:37:00", "resolution": "block" }, "geometry": { "type": "Point", "coordinates": [ -71.1139008, 42.3840421 ] } },
{ "type": "Feature", "properties": { "block_code": "250173510012009", "type": "Catch basin complaint", "date": "2018-09-14 14:48:00", "resolution": "block" }, "geometry": { "type": "Point", "coordinates": [ -71.1129932, 42.3832829 ] } },
{ "type": "Feature", "properties": { "block_code": "250173510023000", "type": "Sewer issue", "date": "2018-09-10 13:14:00", "resolution": "block" }, "geometry": { "type": "Point", "coordinates": [ -71.111919, 42.3907589 ] } },
{ "type": "Feature", "properties": { "block_code": "250173510023000", "type": "Sewer issue", "date": "2018-09-07 16:42:00", "resolution": "block" }, "geometry": { "type": "Point", "coordinates": [ -71.111919, 42.3907589 ] } },
{ "type": "Feature", "properties": { "block_code": "250173501082009", "type": "Catch basin complaint", "date": "2018-09-07 09:16:00", "resolution": "block" }, "geometry": { "type": "Point", "coordinates": [ -71.0946697, 42.3939733 ] } },
{ "type": "Feature", "properties": { "block_code": "250173512041007", "type": "Sewer issue", "date": "2018-09-05 12:36:00", "resolution": "block" }, "geometry": { "type": "Point", "coordinates": [ -71.1045198, 42.3821824 ] } },
{ "type": "Feature", "properties": { "block_code": "250173512043009", "type": "Catch basin complaint", "date": "2018-08-30 10:39:00", "resolution": "block" }, "geometry": { "type": "Point", "coordinates": [ -71.1048866, 42.3793192 ] } },
{ "type": "Feature", "properties": { "block_code": "250173513001009", "type": "Catch basin complaint", "date": "2018-08-27 13:36:00", "resolution": "block" }, "geometry": { "type": "Point", "coordinates": [ -71.0971393, 42.3823994 ] } },
{ "type": "Feature", "properties": { "block_code": "250173512033007", "type": "Sewer issue", "date": "2018-08-27 09:09:00", "resolution": "block" }, "geometry": { "type": "Point", "coordinates": [ -71.0973685, 42.3752705 ] } },
{ "type": "Feature", "properties": { "block_code": "250173510023000", "type": "Catch basin complaint", "date": "2018-08-24 18:13:00", "resolution": "block" }, "geometry": { "type": "Point", "coordinates": [ -71.111919, 42.3907589 ] } },
{ "type": "Feature", "properties": { "block_code": "250173501091013", "type": "Catch basin complaint", "date": "2018-08-22 13:08:00", "resolution": "block" }, "geometry": { "type": "Point", "coordinates": [ -71.0920922, 42.3926099 ] } },
{ "type": "Feature", "properties": { "block_code": "250173502022012", "type": "Sewer issue", "date": "2018-08-22 10:08:00", "resolution": "block" }, "geometry": { "type": "Point", "coordinates": [ -71.0977982, 42.3893001 ] } },
{ "type": "Feature", "properties": { "block_code": "250173511021003", "type": "Catch basin complaint", "date": "2018-08-20 09:12:00", "resolution": "block" }, "geometry": { "type": "Point", "coordinates": [ -71.1066235, 42.3852937 ] } },
{ "type": "Feature", "properties": { "block_code": "250173515003000", "type": "Sewer issue", "date": "2018-08-18 10:09:00", "resolution": "block" }, "geometry": { "type": "Point", "coordinates": [ -71.0899801, 42.3787224 ] } },
{ "type": "Feature", "properties": { "block_code": "250173510011000", "type": "Sewer issue", "date": "2018-08-17 18:28:00", "resolution": "block" }, "geometry": { "type": "Point", "coordinates": [ -71.112265, 42.3871865 ] } },
{ "type": "Feature", "properties": { "block_code": "250173515002000", "type": "Catch basin complaint", "date": "2018-08-16 17:17:00", "resolution": "block" }, "geometry": { "type": "Point", "coordinates": [ -71.0922245, 42.3759252 ] } },
{ "type": "Feature", "properties": { "block_code": "250173503001005", "type": "Sewer issue", "date": "2018-08-15 21:16:00", "resolution": "block" }, "geometry": { "type": "Point", "coordinates": [ -71.1036535, 42.391802 ] } },
{ "type": "Feature", "properties": { "block_code": "250173502022004", "type": "Sewer issue", "date": "2018-08-14 10:30:00", "resolution": "block" }, "geometry": { "type": "Point", "coordinates": [ -71.0996038, 42.3905379 ] } },
{ "type": "Feature", "properties": { "block_code": "250173512042007", "type": "Sewer issue", "date": "2018-08-14 09:43:00", "resolution": "block" }, "geometry": { "type": "Point", "coordinates": [ -71.0981218, 42.3810714 ] } },
{ "type": "Feature", "properties": { "block_code": "250173513003005", "type": "Catch basin complaint", "date": "2018-08-13 07:08:00", "resolution": "block" }, "geometry": { "type": "Point", "coordinates": [ -71.0946106, 42.3802947 ] } },
{ "type": "Feature", "properties": { "block_code": "250173512042003", "type": "Sewer issue", "date": "2018-08-12 12:05:00", "resolution": "block" }, "geometry": { "type": "Point", "coordinates": [ -71.1017138, 42.380963 ] } },
{ "type": "Feature", "properties": { "block_code": "250173502022012", "type": "Sewer issue", "date": "2018-08-12 09:00:00", "resolution": "block" }, "geometry": { "type": "Point", "coordinates": [ -71.0977982, 42.3893001 ] } },
{ "type": "Feature", "properties": { "block_code": "250173501091021", "type": "Catch basin complaint", "date": "2018-08-12 08:30:00", "resolution": "block" }, "geometry": { "type": "Point", "coordinates": [ -71.0905632, 42.3920382 ] } },
{ "type": "Feature", "properties": { "block_code": "250173512032004", "type": "Catch basin complaint", "date": "2018-08-12 08:14:00", "resolution": "block" }, "geometry": { "type": "Point", "coordinates": [ -71.1006012, 42.3770693 ] } },
{ "type": "Feature", "properties": { "block_code": "250173511012004", "type": "Sewer issue", "date": "2018-08-11 14:16:00", "resolution": "block" }, "geometry": { "type": "Point", "coordinates": [ -71.1088432, 42.3896184 ] } },
{ "type": "Feature", "properties": { "block_code": "250173515003010", "type": "Catch basin complaint", "date": "2018-08-11 13:52:00", "resolution": "block" }, "geometry": { "type": "Point", "coordinates": [ -71.0903598, 42.3765673 ] } },
{ "type": "Feature", "properties": { "block_code": "250173510021001", "type": "Sewer issue", "date": "2018-08-11 13:07:00", "resolution": "block" }, "geometry": { "type": "Point", "coordinates": [ -71.1095032, 42.392032 ] } },
{ "type": "Feature", "properties": { "block_code": "250173513003005", "type": "Catch basin complaint", "date": "2018-08-09 16:50:00", "resolution": "block" }, "geometry": { "type": "Point", "coordinates": [ -71.0946106, 42.3802947 ] } },
{ "type": "Feature", "properties": { "block_code": "250173511011000", "type": "Sewer feedback ", "date": "2018-08-05 18:24:00", "resolution": "block" }, "geometry": { "type": "Point", "coordinates": [ -71.1054475, 42.3919687 ] } },
{ "type": "Feature", "properties": { "block_code": "250173510021003", "type": "Sewer issue", "date": "2018-07-24 15:48:00", "resolution": "block" }, "geometry": { "type": "Point", "coordinates": [ -71.1100809, 42.3913531 ] } },
{ "type": "Feature", "properties": { "block_code": "250173510021003", "type": "Catch basin complaint", "date": "2018-07-24 12:14:00", "resolution": "block" }, "geometry": { "type": "Point", "coordinates": [ -71.1100809, 42.3913531 ] } },
{ "type": "Feature", "properties": { "block_code": "250173510013007", "type": "Sewer issue", "date": "2018-07-18 22:52:00", "resolution": "block" }, "geometry": { "type": "Point", "coordinates": [ -71.1135304, 42.3875341 ] } },
{ "type": "Feature", "properties": { "block_code": "250173512033001", "type": "Catch basin complaint", "date": "2018-07-17 17:49:00", "resolution": "block" }, "geometry": { "type": "Point", "coordinates": [ -71.0990007, 42.3759458 ] } },
{ "type": "Feature", "properties": { "block_code": "250173512041003", "type": "Sewer issue", "date": "2018-07-13 14:59:00", "resolution": "block" }, "geometry": { "type": "Point", "coordinates": [ -71.1088113, 42.3831122 ] } },
{ "type": "Feature", "properties": { "block_code": "250173512033006", "type": "Catch basin complaint", "date": "2018-07-13 13:06:00", "resolution": "block" }, "geometry": { "type": "Point", "coordinates": [ -71.0984294, 42.3753805 ] } },
{ "type": "Feature", "properties": { "block_code": "250173512041003", "type": "Catch basin complaint", "date": "2018-07-13 08:36:00", "resolution": "block" }, "geometry": { "type": "Point", "coordinates": [ -71.1088113, 42.3831122 ] } },
{ "type": "Feature", "properties": { "block_code": "250173503002002", "type": "Sewer issue", "date": "2018-07-12 20:00:00", "resolution": "block" }, "geometry": { "type": "Point", "coordinates": [ -71.1093494, 42.3943893 ] } },
{ "type": "Feature", "properties": { "block_code": "250173512033006", "type": "Catch basin complaint", "date": "2018-07-11 16:31:00", "resolution": "block" }, "geometry": { "type": "Point", "coordinates": [ -71.0984294, 42.3753805 ] } },
{ "type": "Feature", "properties": { "block_code": "250173511011004", "type": "Catch basin complaint", "date": "2018-07-09 09:20:00", "resolution": "block" }, "geometry": { "type": "Point", "coordinates": [ -71.1062867, 42.389935 ] } },
{ "type": "Feature", "properties": { "block_code": "250173511012004", "type": "Sewer issue", "date": "2018-07-06 12:43:00", "resolution": "block" }, "geometry": { "type": "Point", "coordinates": [ -71.1088432, 42.3896184 ] } },
{ "type": "Feature", "properties": { "block_code": "250173510012010", "type": "Sewer issue", "date": "2018-07-04 12:54:00", "resolution": "block" }, "geometry": { "type": "Point", "coordinates": [ -71.1119836, 42.3824404 ] } },
{ "type": "Feature", "properties": { "block_code": "250173515003006", "type": "Sewer issue", "date": "2018-07-03 08:15:00", "resolution": "block" }, "geometry": { "type": "Point", "coordinates": [ -71.0956756, 42.3784018 ] } },
{ "type": "Feature", "properties": { "block_code": "250173515003001", "type": "Sewer issue", "date": "2018-07-01 10:28:00", "resolution": "block" }, "geometry": { "type": "Point", "coordinates": [ -71.0907945, 42.3787836 ] } },
{ "type": "Feature", "properties": { "block_code": "250173502021000", "type": "Catch basin complaint", "date": "2018-06-28 10:09:00", "resolution": "block" }, "geometry": { "type": "Point", "coordinates": [ -71.1013357, 42.3953671 ] } },
{ "type": "Feature", "properties": { "block_code": "250173501091011", "type": "Sewer issue", "date": "2018-06-28 08:40:00", "resolution": "block" }, "geometry": { "type": "Point", "coordinates": [ -71.0907261, 42.3939182 ] } },
{ "type": "Feature", "properties": { "block_code": "250173512042006", "type": "Sewer issue", "date": "2018-06-27 09:10:00", "resolution": "block" }, "geometry": { "type": "Point", "coordinates": [ -71.0992856, 42.3821032 ] } },
{ "type": "Feature", "properties": { "block_code": "250173503003010", "type": "Sewer issue", "date": "2018-06-26 09:25:00", "resolution": "block" }, "geometry": { "type": "Point", "coordinates": [ -71.1074979, 42.3962251 ] } },
{ "type": "Feature", "properties": { "block_code": "250173510021001", "type": "Catch basin complaint", "date": "2018-06-25 15:12:00", "resolution": "block" }, "geometry": { "type": "Point", "coordinates": [ -71.1095032, 42.392032 ] } },
{ "type": "Feature", "properties": { "block_code": "250173510021000", "type": "Catch basin complaint", "date": "2018-06-25 14:10:00", "resolution": "block" }, "geometry": { "type": "Point", "coordinates": [ -71.1090339, 42.392605 ] } },
{ "type": "Feature", "properties": { "block_code": "250173510012009", "type": "Sewer issue", "date": "2018-06-25 09:41:00", "resolution": "block" }, "geometry": { "type": "Point", "coordinates": [ -71.1129932, 42.3832829 ] } },
{ "type": "Feature", "properties": { "block_code": "250173512041003", "type": "Catch basin complaint", "date": "2018-06-25 08:49:00", "resolution": "block" }, "geometry": { "type": "Point", "coordinates": [ -71.1088113, 42.3831122 ] } },
{ "type": "Feature", "properties": { "block_code": "250173512031003", "type": "Sewer issue", "date": "2018-06-24 19:45:00", "resolution": "block" }, "geometry": { "type": "Point", "coordinates": [ -71.1049829, 42.3780209 ] } },
{ "type": "Feature", "properties": { "block_code": "250173511021002", "type": "Sewer issue", "date": "2018-06-22 12:53:00", "resolution": "block" }, "geometry": { "type": "Point", "coordinates": [ -71.1093025, 42.3858856 ] } },
{ "type": "Feature", "properties": { "block_code": "250173510011000", "type": "Sewer issue", "date": "2018-06-21 16:29:00", "resolution": "block" }, "geometry": { "type": "Point", "coordinates": [ -71.112265, 42.3871865 ] } },
{ "type": "Feature", "properties": { "block_code": "250173512033006", "type": "Catch basin complaint", "date": "2018-06-21 07:55:00", "resolution": "block" }, "geometry": { "type": "Point", "coordinates": [ -71.0984294, 42.3753805 ] } },
{ "type": "Feature", "properties": { "block_code": "250173511012001", "type": "Sewer issue", "date": "2018-06-20 13:36:00", "resolution": "block" }, "geometry": { "type": "Point", "coordinates": [ -71.1070298, 42.3880976 ] } },
{ "type": "Feature", "properties": { "block_code": "250173514042007", "type": "Catch basin complaint", "date": "2018-06-18 18:21:00", "resolution": "block" }, "geometry": { "type": "Point", "coordinates": [ -71.0921775, 42.3855256 ] } },
{ "type": "Feature", "properties": { "block_code": "250173502013004", "type": "Sewer issue", "date": "2018-06-11 14:28:00", "resolution": "block" }, "geometry": { "type": "Point", "coordinates": [ -71.0905539, 42.3896112 ] } },
{ "type": "Feature", "properties": { "block_code": "250173503003008", "type": "Catch basin complaint", "date": "2018-06-07 15:24:00", "resolution": "block" }, "geometry": { "type": "Point", "coordinates": [ -71.1049512, 42.3960905 ] } },
{ "type": "Feature", "properties": { "block_code": "250173512032001", "type": "Catch basin complaint", "date": "2018-06-05 08:50:00", "resolution": "block" }, "geometry": { "type": "Point", "coordinates": [ -71.0994009, 42.3782847 ] } },
{ "type": "Feature", "properties": { "block_code": "250173512032001", "type": "Sewer issue", "date": "2018-05-24 12:06:00", "resolution": "block" }, "geometry": { "type": "Point", "coordinates": [ -71.0994009, 42.3782847 ] } },
{ "type": "Feature", "properties": { "block_code": "250173512041003", "type": "Catch basin complaint", "date": "2018-05-20 12:50:00", "resolution": "block" }, "geometry": { "type": "Point", "coordinates": [ -71.1088113, 42.3831122 ] } },
{ "type": "Feature", "properties": { "block_code": "250173512041001", "type": "Catch basin complaint", "date": "2018-05-18 07:13:00", "resolution": "block" }, "geometry": { "type": "Point", "coordinates": [ -71.1043838, 42.3834455 ] } },
{ "type": "Feature", "properties": { "block_code": "250173512032005", "type": "Catch basin complaint", "date": "2018-05-17 13:51:00", "resolution": "block" }, "geometry": { "type": "Point", "coordinates": [ -71.0987134, 42.3770461 ] } },
{ "type": "Feature", "properties": { "block_code": "250173511013004", "type": "Catch basin complaint", "date": "2018-05-16 08:31:00", "resolution": "block" }, "geometry": { "type": "Point", "coordinates": [ -71.1021478, 42.3888759 ] } },
{ "type": "Feature", "properties": { "block_code": "250173512043002", "type": "Catch basin complaint", "date": "2018-05-15 18:14:00", "resolution": "block" }, "geometry": { "type": "Point", "coordinates": [ -71.1061277, 42.3809645 ] } },
{ "type": "Feature", "properties": { "block_code": "250173510021003", "type": "Sewer issue", "date": "2018-05-15 17:58:00", "resolution": "block" }, "geometry": { "type": "Point", "coordinates": [ -71.1100809, 42.3913531 ] } },
{ "type": "Feature", "properties": { "block_code": "250173502022009", "type": "Sewer issue", "date": "2018-05-15 17:36:00", "resolution": "block" }, "geometry": { "type": "Point", "coordinates": [ -71.0989764, 42.3892666 ] } },
{ "type": "Feature", "properties": { "block_code": "250173512042005", "type": "Catch basin complaint", "date": "2018-05-09 08:21:00", "resolution": "block" }, "geometry": { "type": "Point", "coordinates": [ -71.1002691, 42.3825879 ] } },
{ "type": "Feature", "properties": { "block_code": "250173511022000", "type": "Sewer issue", "date": "2018-05-09 01:32:00", "resolution": "block" }, "geometry": { "type": "Point", "coordinates": [ -71.1021728, 42.3860443 ] } },
{ "type": "Feature", "properties": { "block_code": "250173515003012", "type": "Sewer issue", "date": "2018-05-08 16:41:00", "resolution": "block" }, "geometry": { "type": "Point", "coordinates": [ -71.092132, 42.3775375 ] } },
{ "type": "Feature", "properties": { "block_code": "250173513002003", "type": "Catch basin complaint", "date": "2018-05-08 11:43:00", "resolution": "block" }, "geometry": { "type": "Point", "coordinates": [ -71.0939679, 42.3840196 ] } },
{ "type": "Feature", "properties": { "block_code": "250173512043009", "type": "Sewer issue", "date": "2018-04-24 14:35:00", "resolution": "block" }, "geometry": { "type": "Point", "coordinates": [ -71.1048866, 42.3793192 ] } },
{ "type": "Feature", "properties": { "block_code": "250173510021003", "type": "Catch basin complaint", "date": "2018-04-16 15:53:00", "resolution": "block" }, "geometry": { "type": "Point", "coordinates": [ -71.1100809, 42.3913531 ] } },
{ "type": "Feature", "properties": { "block_code": "250173502011001", "type": "Sewer issue", "date": "2018-04-12 11:05:00", "resolution": "block" }, "geometry": { "type": "Point", "coordinates": [ -71.0903506, 42.3884754 ] } },
{ "type": "Feature", "properties": { "block_code": "250173512032001", "type": "Catch basin complaint", "date": "2018-04-12 10:24:00", "resolution": "block" }, "geometry": { "type": "Point", "coordinates": [ -71.0994009, 42.3782847 ] } },
{ "type": "Feature", "properties": { "block_code": "250173510022002", "type": "Catch basin complaint", "date": "2018-04-05 14:08:00", "resolution": "block" }, "geometry": { "type": "Point", "coordinates": [ -71.1134159, 42.3930478 ] } },
{ "type": "Feature", "properties": { "block_code": "250173510013005", "type": "Catch basin complaint", "date": "2018-04-02 10:52:00", "resolution": "block" }, "geometry": { "type": "Point", "coordinates": [ -71.1124337, 42.3891984 ] } },
{ "type": "Feature", "properties": { "block_code": "250173510013005", "type": "Catch basin complaint", "date": "2018-04-02 10:49:00", "resolution": "block" }, "geometry": { "type": "Point", "coordinates": [ -71.1124337, 42.3891984 ] } },
{ "type": "Feature", "properties": { "block_code": "250173510023000", "type": "Sewer issue", "date": "2018-03-28 00:36:00", "resolution": "block" }, "geometry": { "type": "Point", "coordinates": [ -71.111919, 42.3907589 ] } },
{ "type": "Feature", "properties": { "block_code": "250173503003010", "type": "Sewer issue", "date": "2018-03-14 17:17:00", "resolution": "block" }, "geometry": { "type": "Point", "coordinates": [ -71.1074979, 42.3962251 ] } },
{ "type": "Feature", "properties": { "block_code": "250173502022009", "type": "Catch basin complaint", "date": "2018-03-14 12:03:00", "resolution": "block" }, "geometry": { "type": "Point", "coordinates": [ -71.0989764, 42.3892666 ] } },
{ "type": "Feature", "properties": { "block_code": "250173512042005", "type": "Catch basin complaint", "date": "2018-03-14 11:46:00", "resolution": "block" }, "geometry": { "type": "Point", "coordinates": [ -71.1002691, 42.3825879 ] } },
{ "type": "Feature", "properties": { "block_code": "250173515003001", "type": "Catch basin complaint", "date": "2018-03-12 13:38:00", "resolution": "block" }, "geometry": { "type": "Point", "coordinates": [ -71.0907945, 42.3787836 ] } },
{ "type": "Feature", "properties": { "block_code": "250173513002001", "type": "Sewer issue", "date": "2018-03-12 13:08:00", "resolution": "block" }, "geometry": { "type": "Point", "coordinates": [ -71.0934236, 42.3851249 ] } },
{ "type": "Feature", "properties": { "block_code": "250173512041008", "type": "Sewer issue", "date": "2018-03-12 07:32:00", "resolution": "block" }, "geometry": { "type": "Point", "coordinates": [ -71.1103585, 42.3826723 ] } },
{ "type": "Feature", "properties": { "block_code": "250173512031002", "type": "Catch basin complaint", "date": "2018-03-06 09:49:00", "resolution": "block" }, "geometry": { "type": "Point", "coordinates": [ -71.1031473, 42.3784314 ] } },
{ "type": "Feature", "properties": { "block_code": "250173512041008", "type": "Sewer issue", "date": "2018-03-05 18:56:00", "resolution": "block" }, "geometry": { "type": "Point", "coordinates": [ -71.1103585, 42.3826723 ] } },
{ "type": "Feature", "properties": { "block_code": "250173514042008", "type": "Catch basin complaint", "date": "2018-03-01 17:34:00", "resolution": "block" }, "geometry": { "type": "Point", "coordinates": [ -71.0918012, 42.386044 ] } },
{ "type": "Feature", "properties": { "block_code": "250173502013004", "type": "Catch basin complaint", "date": "2018-03-01 17:13:00", "resolution": "block" }, "geometry": { "type": "Point", "coordinates": [ -71.0905539, 42.3896112 ] } },
{ "type": "Feature", "properties": { "block_code": "250173504003002", "type": "Catch basin complaint", "date": "2018-03-01 17:12:00", "resolution": "block" }, "geometry": { "type": "Point", "coordinates": [ -71.1124898, 42.395915 ] } },
{ "type": "Feature", "properties": { "block_code": "250173512042006", "type": "Catch basin complaint", "date": "2018-03-01 14:49:00", "resolution": "block" }, "geometry": { "type": "Point", "coordinates": [ -71.0992856, 42.3821032 ] } },
{ "type": "Feature", "properties": { "block_code": "250173512034006", "type": "Catch basin complaint", "date": "2018-03-01 10:13:00", "resolution": "block" }, "geometry": { "type": "Point", "coordinates": [ -71.1032768, 42.3751272 ] } },
{ "type": "Feature", "properties": { "block_code": "250173512041008", "type": "Sewer issue", "date": "2018-02-24 12:16:00", "resolution": "block" }, "geometry": { "type": "Point", "coordinates": [ -71.1103585, 42.3826723 ] } },
{ "type": "Feature", "properties": { "block_code": "250173512043008", "type": "Sewer issue", "date": "2018-02-16 10:01:00", "resolution": "block" }, "geometry": { "type": "Point", "coordinates": [ -71.1060783, 42.3794854 ] } },
{ "type": "Feature", "properties": { "block_code": "250173501082006", "type": "Catch basin complaint", "date": "2018-02-15 14:43:00", "resolution": "block" }, "geometry": { "type": "Point", "coordinates": [ -71.0959664, 42.3946736 ] } },
{ "type": "Feature", "properties": { "block_code": "250173513001000", "type": "Catch basin complaint", "date": "2018-02-15 08:49:00", "resolution": "block" }, "geometry": { "type": "Point", "coordinates": [ -71.0962628, 42.3867866 ] } },
{ "type": "Feature", "properties": { "block_code": "250173515002000", "type": "Sewer issue", "date": "2018-02-12 16:03:00", "resolution": "block" }, "geometry": { "type": "Point", "coordinates": [ -71.0922245, 42.3759252 ] } },
{ "type": "Feature", "properties": { "block_code": "250173513001005", "type": "Sewer issue", "date": "2018-02-11 12:50:00", "resolution": "block" }, "geometry": { "type": "Point", "coordinates": [ -71.0956896, 42.3847083 ] } },
{ "type": "Feature", "properties": { "block_code": "250173512041003", "type": "Sewer issue", "date": "2018-02-10 11:48:00", "resolution": "block" }, "geometry": { "type": "Point", "coordinates": [ -71.1088113, 42.3831122 ] } },
{ "type": "Feature", "properties": { "block_code": "250173514042005", "type": "Catch basin complaint", "date": "2018-02-06 17:06:00", "resolution": "block" }, "geometry": { "type": "Point", "coordinates": [ -71.093952, 42.38686 ] } },
{ "type": "Feature", "properties": { "block_code": "250173503001005", "type": "Sewer issue", "date": "2018-01-26 14:29:00", "resolution": "block" }, "geometry": { "type": "Point", "coordinates": [ -71.1036535, 42.391802 ] } },
{ "type": "Feature", "properties": { "block_code": "250173512032001", "type": "Sewer issue", "date": "2018-01-26 12:19:00", "resolution": "block" }, "geometry": { "type": "Point", "coordinates": [ -71.0994009, 42.3782847 ] } },
{ "type": "Feature", "properties": { "block_code": "250173511011001", "type": "Sewer issue", "date": "2018-01-24 08:56:00", "resolution": "block" }, "geometry": { "type": "Point", "coordinates": [ -71.1057607, 42.3911961 ] } },
{ "type": "Feature", "properties": { "block_code": "250173510012010", "type": "Sewer issue", "date": "2018-01-23 15:25:00", "resolution": "block" }, "geometry": { "type": "Point", "coordinates": [ -71.1119836, 42.3824404 ] } },
{ "type": "Feature", "properties": { "block_code": "250173514042003", "type": "Catch basin complaint", "date": "2018-01-23 15:23:00", "resolution": "block" }, "geometry": { "type": "Point", "coordinates": [ -71.0915344, 42.3865707 ] } },
{ "type": "Feature", "properties": { "block_code": "250173510012010", "type": "Sewer issue", "date": "2018-01-23 12:43:00", "resolution": "block" }, "geometry": { "type": "Point", "coordinates": [ -71.1119836, 42.3824404 ] } },
{ "type": "Feature", "properties": { "block_code": "250173504003000", "type": "Sewer issue", "date": "2018-01-14 11:34:00", "resolution": "block" }, "geometry": { "type": "Point", "coordinates": [ -71.1111481, 42.3955019 ] } },
{ "type": "Feature", "properties": { "block_code": "250173501082011", "type": "Catch basin complaint", "date": "2018-01-13 08:37:00", "resolution": "block" }, "geometry": { "type": "Point", "coordinates": [ -71.0933097, 42.3933033 ] } },
{ "type": "Feature", "properties": { "block_code": "250173512041008", "type": "Catch basin complaint", "date": "2018-01-12 16:32:00", "resolution": "block" }, "geometry": { "type": "Point", "coordinates": [ -71.1103585, 42.3826723 ] } },
{ "type": "Feature", "properties": { "block_code": "250173515003003", "type": "Sewer issue", "date": "2018-01-12 14:43:00", "resolution": "block" }, "geometry": { "type": "Point", "coordinates": [ -71.0928437, 42.3790379 ] } },
{ "type": "Feature", "properties": { "block_code": "250173503001005", "type": "Sewer issue", "date": "2018-01-12 14:29:00", "resolution": "block" }, "geometry": { "type": "Point", "coordinates": [ -71.1036535, 42.391802 ] } },
{ "type": "Feature", "properties": { "block_code": "250173512043000", "type": "Catch basin complaint", "date": "2018-01-12 11:31:00", "resolution": "block" }, "geometry": { "type": "Point", "coordinates": [ -71.1035381, 42.379698 ] } },
{ "type": "Feature", "properties": { "block_code": "250173512042006", "type": "Catch basin complaint", "date": "2018-01-12 09:22:00", "resolution": "block" }, "geometry": { "type": "Point", "coordinates": [ -71.0992856, 42.3821032 ] } },
{ "type": "Feature", "properties": { "block_code": "250173512034002", "type": "Catch basin complaint", "date": "2018-01-12 07:55:00", "resolution": "block" }, "geometry": { "type": "Point", "coordinates": [ -71.1026104, 42.3769172 ] } },
{ "type": "Feature", "properties": { "block_code": "250173515002009", "type": "Catch basin complaint", "date": "2018-01-11 13:47:00", "resolution": "block" }, "geometry": { "type": "Point", "coordinates": [ -71.0955614, 42.3749299 ] } },
{ "type": "Feature", "properties": { "block_code": "250173515002009", "type": "Catch basin complaint", "date": "2018-01-11 12:27:00", "resolution": "block" }, "geometry": { "type": "Point", "coordinates": [ -71.0955614, 42.3749299 ] } },
{ "type": "Feature", "properties": { "block_code": "250173515002009", "type": "Catch basin complaint", "date": "2018-01-11 11:27:00", "resolution": "block" }, "geometry": { "type": "Point", "coordinates": [ -71.0955614, 42.3749299 ] } },
{ "type": "Feature", "properties": { "block_code": "250173502012000", "type": "Catch basin complaint", "date": "2018-01-11 11:24:00", "resolution": "block" }, "geometry": { "type": "Point", "coordinates": [ -71.0935752, 42.3900248 ] } },
{ "type": "Feature", "properties": { "block_code": "250173515002010", "type": "Sewer issue", "date": "2018-01-11 10:32:00", "resolution": "block" }, "geometry": { "type": "Point", "coordinates": [ -71.0961629, 42.3754454 ] } },
{ "type": "Feature", "properties": { "block_code": "250173502013004", "type": "Catch basin complaint", "date": "2018-01-11 09:54:00", "resolution": "block" }, "geometry": { "type": "Point", "coordinates": [ -71.0905539, 42.3896112 ] } },
{ "type": "Feature", "properties": { "block_code": "250173515002009", "type": "Sewer issue", "date": "2018-01-11 07:21:00", "resolution": "block" }, "geometry": { "type": "Point", "coordinates": [ -71.0955614, 42.3749299 ] } },
{ "type": "Feature", "properties": { "block_code": "250173515002009", "type": "Catch basin complaint", "date": "2018-01-11 07:03:00", "resolution": "block" }, "geometry": { "type": "Point", "coordinates": [ -71.0955614, 42.3749299 ] } },
{ "type": "Feature", "properties": { "block_code": "250173515002010", "type": "Catch basin complaint", "date": "2018-01-11 05:58:00", "resolution": "block" }, "geometry": { "type": "Point", "coordinates": [ -71.0961629, 42.3754454 ] } },
{ "type": "Feature", "properties": { "block_code": "250173512032003", "type": "Catch basin complaint", "date": "2018-01-10 15:22:00", "resolution": "block" }, "geometry": { "type": "Point", "coordinates": [ -71.0975542, 42.3778283 ] } },
{ "type": "Feature", "properties": { "block_code": "250173502021004", "type": "Catch basin complaint", "date": "2018-01-09 14:45:00", "resolution": "block" }, "geometry": { "type": "Point", "coordinates": [ -71.1014186, 42.3929903 ] } },
{ "type": "Feature", "properties": { "block_code": "250173514042008", "type": "Catch basin complaint", "date": "2018-01-09 13:49:00", "resolution": "block" }, "geometry": { "type": "Point", "coordinates": [ -71.0918012, 42.386044 ] } },
{ "type": "Feature", "properties": { "block_code": "250173512041001", "type": "Catch basin complaint", "date": "2018-01-09 11:11:00", "resolution": "block" }, "geometry": { "type": "Point", "coordinates": [ -71.1043838, 42.3834455 ] } },
{ "type": "Feature", "properties": { "block_code": "250173503002006", "type": "Catch basin complaint", "date": "2018-01-08 11:54:00", "resolution": "block" }, "geometry": { "type": "Point", "coordinates": [ -71.1099543, 42.3939639 ] } },
{ "type": "Feature", "properties": { "block_code": "250173515002010", "type": "Sewer issue", "date": "2018-01-05 16:03:00", "resolution": "block" }, "geometry": { "type": "Point", "coordinates": [ -71.0961629, 42.3754454 ] } },
{ "type": "Feature", "properties": { "block_code": "250173512034001", "type": "Catch basin complaint", "date": "2017-12-21 11:26:00", "resolution": "block" }, "geometry": { "type": "Point", "coordinates": [ -71.1013658, 42.3765447 ] } },
{ "type": "Feature", "properties": { "block_code": "250173511013003", "type": "Sewer issue", "date": "2017-12-12 17:37:00", "resolution": "block" }, "geometry": { "type": "Point", "coordinates": [ -71.0995968, 42.3883952 ] } },
{ "type": "Feature", "properties": { "block_code": "250173501091010", "type": "Sewer issue", "date": "2017-12-08 15:31:00", "resolution": "block" }, "geometry": { "type": "Point", "coordinates": [ -71.090086, 42.3944272 ] } },
{ "type": "Feature", "properties": { "block_code": "250173510023002", "type": "Catch basin complaint", "date": "2017-12-08 10:40:00", "resolution": "block" }, "geometry": { "type": "Point", "coordinates": [ -71.110804, 42.3910112 ] } },
{ "type": "Feature", "properties": { "block_code": "250173512032000", "type": "Sewer issue", "date": "2017-11-22 10:05:00", "resolution": "block" }, "geometry": { "type": "Point", "coordinates": [ -71.0970141, 42.3789611 ] } },
{ "type": "Feature", "properties": { "block_code": "250173510023002", "type": "Catch basin complaint", "date": "2017-11-10 16:15:00", "resolution": "block" }, "geometry": { "type": "Point", "coordinates": [ -71.110804, 42.3910112 ] } },
{ "type": "Feature", "properties": { "block_code": "250173510021002", "type": "Sewer issue", "date": "2017-11-07 09:02:00", "resolution": "block" }, "geometry": { "type": "Point", "coordinates": [ -71.1099167, 42.3916073 ] } },
{ "type": "Feature", "properties": { "block_code": "250173503002006", "type": "Catch basin complaint", "date": "2017-10-30 09:30:00", "resolution": "block" }, "geometry": { "type": "Point", "coordinates": [ -71.1099543, 42.3939639 ] } },
{ "type": "Feature", "properties": { "block_code": "250173510012007", "type": "Sewer issue", "date": "2017-10-30 07:22:00", "resolution": "block" }, "geometry": { "type": "Point", "coordinates": [ -71.1129534, 42.3839669 ] } },
{ "type": "Feature", "properties": { "block_code": "250173511013007", "type": "Catch basin complaint", "date": "2017-10-25 14:45:00", "resolution": "block" }, "geometry": { "type": "Point", "coordinates": [ -71.1029404, 42.3870743 ] } },
{ "type": "Feature", "properties": { "block_code": "250173502023002", "type": "Sewer issue", "date": "2017-10-20 08:38:00", "resolution": "block" }, "geometry": { "type": "Point", "coordinates": [ -71.0986313, 42.3935123 ] } },
{ "type": "Feature", "properties": { "block_code": "250173510022004", "type": "Sewer issue", "date": "2017-10-03 21:13:00", "resolution": "block" }, "geometry": { "type": "Point", "coordinates": [ -71.1137441, 42.3920109 ] } },
{ "type": "Feature", "properties": { "block_code": "250173510023001", "type": "Sewer issue", "date": "2017-09-25 20:58:00", "resolution": "block" }, "geometry": { "type": "Point", "coordinates": [ -71.1102797, 42.3903553 ] } },
{ "type": "Feature", "properties": { "block_code": "250173513001008", "type": "Sewer issue", "date": "2017-09-22 16:21:00", "resolution": "block" }, "geometry": { "type": "Point", "coordinates": [ -71.0964211, 42.3835645 ] } },
{ "type": "Feature", "properties": { "block_code": "250173512033006", "type": "Catch basin complaint", "date": "2017-09-21 19:20:00", "resolution": "block" }, "geometry": { "type": "Point", "coordinates": [ -71.0984294, 42.3753805 ] } },
{ "type": "Feature", "properties": { "block_code": "250173512042010", "type": "Sewer issue", "date": "2017-09-19 21:13:00", "resolution": "block" }, "geometry": { "type": "Point", "coordinates": [ -71.0990962, 42.3805443 ] } },
{ "type": "Feature", "properties": { "block_code": "250173512041008", "type": "Catch basin complaint", "date": "2017-09-19 08:35:00", "resolution": "block" }, "geometry": { "type": "Point", "coordinates": [ -71.1103585, 42.3826723 ] } },
{ "type": "Feature", "properties": { "block_code": "250173511011004", "type": "Sewer issue", "date": "2017-09-14 20:03:00", "resolution": "block" }, "geometry": { "type": "Point", "coordinates": [ -71.1062867, 42.389935 ] } },
{ "type": "Feature", "properties": { "block_code": "250173512043006", "type": "Catch basin complaint", "date": "2017-09-11 10:27:00", "resolution": "block" }, "geometry": { "type": "Point", "coordinates": [ -71.1067731, 42.3798036 ] } },
{ "type": "Feature", "properties": { "block_code": "250173502022009", "type": "Catch basin complaint", "date": "2017-08-28 17:28:00", "resolution": "block" }, "geometry": { "type": "Point", "coordinates": [ -71.0989764, 42.3892666 ] } },
{ "type": "Feature", "properties": { "block_code": "250173510012010", "type": "Catch basin complaint", "date": "2017-08-28 15:09:00", "resolution": "block" }, "geometry": { "type": "Point", "coordinates": [ -71.1119836, 42.3824404 ] } },
{ "type": "Feature", "properties": { "block_code": "250173513002008", "type": "Sewer issue", "date": "2017-08-23 14:40:00", "resolution": "block" }, "geometry": { "type": "Point", "coordinates": [ -71.0958397, 42.3816833 ] } },
{ "type": "Feature", "properties": { "block_code": "250173504003007", "type": "Sewer issue", "date": "2017-08-14 16:59:00", "resolution": "block" }, "geometry": { "type": "Point", "coordinates": [ -71.1121655, 42.3945792 ] } },
{ "type": "Feature", "properties": { "block_code": "250173510022004", "type": "Sewer issue", "date": "2017-08-11 10:28:00", "resolution": "block" }, "geometry": { "type": "Point", "coordinates": [ -71.1137441, 42.3920109 ] } },
{ "type": "Feature", "properties": { "block_code": "250173515002000", "type": "Sewer issue", "date": "2017-08-04 21:59:00", "resolution": "block" }, "geometry": { "type": "Point", "coordinates": [ -71.0922245, 42.3759252 ] } },
{ "type": "Feature", "properties": { "block_code": "250173510023002", "type": "Catch basin complaint", "date": "2017-08-04 10:41:00", "resolution": "block" }, "geometry": { "type": "Point", "coordinates": [ -71.110804, 42.3910112 ] } },
{ "type": "Feature", "properties": { "block_code": "250173512042006", "type": "Catch basin complaint", "date": "2017-08-02 15:44:00", "resolution": "block" }, "geometry": { "type": "Point", "coordinates": [ -71.0992856, 42.3821032 ] } },
{ "type": "Feature", "properties": { "block_code": "250173511013004", "type": "Catch basin complaint", "date": "2017-08-02 15:08:00", "resolution": "block" }, "geometry": { "type": "Point", "coordinates": [ -71.1021478, 42.3888759 ] } },
{ "type": "Feature", "properties": { "block_code": "250173513002003", "type": "Sewer issue", "date": "2017-07-24 15:12:00", "resolution": "block" }, "geometry": { "type": "Point", "coordinates": [ -71.0939679, 42.3840196 ] } },
{ "type": "Feature", "properties": { "block_code": "250173502012000", "type": "Sewer issue", "date": "2017-07-22 16:47:00", "resolution": "block" }, "geometry": { "type": "Point", "coordinates": [ -71.0935752, 42.3900248 ] } },
{ "type": "Feature", "properties": { "block_code": "250173513002003", "type": "Sewer issue", "date": "2017-07-18 20:39:00", "resolution": "block" }, "geometry": { "type": "Point", "coordinates": [ -71.0939679, 42.3840196 ] } },
{ "type": "Feature", "properties": { "block_code": "250173510023000", "type": "Sewer issue", "date": "2017-07-18 19:04:00", "resolution": "block" }, "geometry": { "type": "Point", "coordinates": [ -71.111919, 42.3907589 ] } },
{ "type": "Feature", "properties": { "block_code": "250173504002002", "type": "Sewer issue", "date": "2017-07-14 14:11:00", "resolution": "block" }, "geometry": { "type": "Point", "coordinates": [ -71.1098895, 42.3959815 ] } },
{ "type": "Feature", "properties": { "block_code": "250173510021001", "type": "Catch basin complaint", "date": "2017-07-13 14:30:00", "resolution": "block" }, "geometry": { "type": "Point", "coordinates": [ -71.1095032, 42.392032 ] } },
{ "type": "Feature", "properties": { "block_code": "250173513002003", "type": "Catch basin complaint", "date": "2017-07-13 13:48:00", "resolution": "block" }, "geometry": { "type": "Point", "coordinates": [ -71.0939679, 42.3840196 ] } },
{ "type": "Feature", "properties": { "block_code": "250173512033005", "type": "Sewer issue", "date": "2017-07-13 12:19:00", "resolution": "block" }, "geometry": { "type": "Point", "coordinates": [ -71.1016759, 42.3749792 ] } },
{ "type": "Feature", "properties": { "block_code": "250173513002003", "type": "Sewer issue", "date": "2017-07-13 09:50:00", "resolution": "block" }, "geometry": { "type": "Point", "coordinates": [ -71.0939679, 42.3840196 ] } },
{ "type": "Feature", "properties": { "block_code": "250173510021001", "type": "Catch basin complaint", "date": "2017-07-13 09:07:00", "resolution": "block" }, "geometry": { "type": "Point", "coordinates": [ -71.1095032, 42.392032 ] } },
{ "type": "Feature", "properties": { "block_code": "250173512031002", "type": "Catch basin complaint", "date": "2017-07-13 08:26:00", "resolution": "block" }, "geometry": { "type": "Point", "coordinates": [ -71.1031473, 42.3784314 ] } },
{ "type": "Feature", "properties": { "block_code": "250173512041009", "type": "Sewer issue", "date": "2017-07-12 20:00:00", "resolution": "block" }, "geometry": { "type": "Point", "coordinates": [ -71.1089456, 42.3816359 ] } },
{ "type": "Feature", "properties": { "block_code": "250173510021000", "type": "Sewer issue", "date": "2017-07-12 19:50:00", "resolution": "block" }, "geometry": { "type": "Point", "coordinates": [ -71.1090339, 42.392605 ] } },
{ "type": "Feature", "properties": { "block_code": "250173504003002", "type": "Sewer issue", "date": "2017-07-12 19:43:00", "resolution": "block" }, "geometry": { "type": "Point", "coordinates": [ -71.1124898, 42.395915 ] } },
{ "type": "Feature", "properties": { "block_code": "250173513002004", "type": "Sewer issue", "date": "2017-07-12 19:40:00", "resolution": "block" }, "geometry": { "type": "Point", "coordinates": [ -71.0926164, 42.383458 ] } },
{ "type": "Feature", "properties": { "block_code": "250173512033003", "type": "Sewer issue", "date": "2017-07-12 19:37:00", "resolution": "block" }, "geometry": { "type": "Point", "coordinates": [ -71.1005803, 42.3750122 ] } },
{ "type": "Feature", "properties": { "block_code": "250173510011000", "type": "Sewer issue", "date": "2017-07-12 19:34:00", "resolution": "block" }, "geometry": { "type": "Point", "coordinates": [ -71.112265, 42.3871865 ] } },
{ "type": "Feature", "properties": { "block_code": "250173512033004", "type": "Sewer issue", "date": "2017-07-12 19:28:00", "resolution": "block" }, "geometry": { "type": "Point", "coordinates": [ -71.1012259, 42.3755693 ] } },
{ "type": "Feature", "properties": { "block_code": "250173503002007", "type": "Sewer issue", "date": "2017-07-12 19:23:00", "resolution": "block" }, "geometry": { "type": "Point", "coordinates": [ -71.107482, 42.3926002 ] } },
{ "type": "Feature", "properties": { "block_code": "250173501091010", "type": "Sewer issue", "date": "2017-07-12 19:21:00", "resolution": "block" }, "geometry": { "type": "Point", "coordinates": [ -71.090086, 42.3944272 ] } },
{ "type": "Feature", "properties": { "block_code": "250173512042006", "type": "Sewer issue", "date": "2017-07-12 19:14:00", "resolution": "block" }, "geometry": { "type": "Point", "coordinates": [ -71.0992856, 42.3821032 ] } },
{ "type": "Feature", "properties": { "block_code": "250173510023000", "type": "Sewer issue", "date": "2017-07-12 19:00:00", "resolution": "block" }, "geometry": { "type": "Point", "coordinates": [ -71.111919, 42.3907589 ] } },
{ "type": "Feature", "properties": { "block_code": "250173503003008", "type": "Sewer issue", "date": "2017-07-11 16:14:00", "resolution": "block" }, "geometry": { "type": "Point", "coordinates": [ -71.1049512, 42.3960905 ] } },
{ "type": "Feature", "properties": { "block_code": "250173502011001", "type": "Sewer issue", "date": "2017-06-30 09:31:00", "resolution": "block" }, "geometry": { "type": "Point", "coordinates": [ -71.0903506, 42.3884754 ] } },
{ "type": "Feature", "properties": { "block_code": "250173510012010", "type": "Sewer issue", "date": "2017-06-27 21:12:00", "resolution": "block" }, "geometry": { "type": "Point", "coordinates": [ -71.1119836, 42.3824404 ] } },
{ "type": "Feature", "properties": { "block_code": "250173515003003", "type": "Sewer issue", "date": "2017-06-27 09:57:00", "resolution": "block" }, "geometry": { "type": "Point", "coordinates": [ -71.0928437, 42.3790379 ] } },
{ "type": "Feature", "properties": { "block_code": "250173511012003", "type": "Sewer issue", "date": "2017-06-23 15:02:00", "resolution": "block" }, "geometry": { "type": "Point", "coordinates": [ -71.1084597, 42.3888331 ] } },
{ "type": "Feature", "properties": { "block_code": "250173510012006", "type": "Sewer issue", "date": "2017-06-21 15:34:00", "resolution": "block" }, "geometry": { "type": "Point", "coordinates": [ -71.1137144, 42.3854091 ] } },
{ "type": "Feature", "properties": { "block_code": "250173510023004", "type": "Sewer issue", "date": "2017-06-19 19:23:00", "resolution": "block" }, "geometry": { "type": "Point", "coordinates": [ -71.1104543, 42.388692 ] } },
{ "type": "Feature", "properties": { "block_code": "250173510013007", "type": "Sewer issue", "date": "2017-06-16 17:01:00", "resolution": "block" }, "geometry": { "type": "Point", "coordinates": [ -71.1135304, 42.3875341 ] } },
{ "type": "Feature", "properties": { "block_code": "250173512041009", "type": "Sewer issue", "date": "2017-06-15 16:11:00", "resolution": "block" }, "geometry": { "type": "Point", "coordinates": [ -71.1089456, 42.3816359 ] } },
{ "type": "Feature", "properties": { "block_code": "250173515003010", "type": "Sewer issue", "date": "2017-06-15 07:12:00", "resolution": "block" }, "geometry": { "type": "Point", "coordinates": [ -71.0903598, 42.3765673 ] } },
{ "type": "Feature", "properties": { "block_code": "250173512042003", "type": "Sewer issue", "date": "2017-06-14 15:03:00", "resolution": "block" }, "geometry": { "type": "Point", "coordinates": [ -71.1017138, 42.380963 ] } },
{ "type": "Feature", "properties": { "block_code": "250173510023001", "type": "Sewer issue", "date": "2017-06-14 06:43:00", "resolution": "block" }, "geometry": { "type": "Point", "coordinates": [ -71.1102797, 42.3903553 ] } },
{ "type": "Feature", "properties": { "block_code": "250173511013004", "type": "Catch basin complaint", "date": "2017-06-13 20:06:00", "resolution": "block" }, "geometry": { "type": "Point", "coordinates": [ -71.1021478, 42.3888759 ] } },
{ "type": "Feature", "properties": { "block_code": "250173510022004", "type": "Sewer issue", "date": "2017-06-13 18:57:00", "resolution": "block" }, "geometry": { "type": "Point", "coordinates": [ -71.1137441, 42.3920109 ] } },
{ "type": "Feature", "properties": { "block_code": "250173510022004", "type": "Catch basin complaint", "date": "2017-06-13 18:29:00", "resolution": "block" }, "geometry": { "type": "Point", "coordinates": [ -71.1137441, 42.3920109 ] } },
{ "type": "Feature", "properties": { "block_code": "250173510013007", "type": "Catch basin complaint", "date": "2017-06-13 17:51:00", "resolution": "block" }, "geometry": { "type": "Point", "coordinates": [ -71.1135304, 42.3875341 ] } },
{ "type": "Feature", "properties": { "block_code": "250173510022004", "type": "Sewer issue", "date": "2017-06-13 17:42:00", "resolution": "block" }, "geometry": { "type": "Point", "coordinates": [ -71.1137441, 42.3920109 ] } },
{ "type": "Feature", "properties": { "block_code": "250173515002009", "type": "Sewer issue", "date": "2017-06-13 17:36:00", "resolution": "block" }, "geometry": { "type": "Point", "coordinates": [ -71.0955614, 42.3749299 ] } },
{ "type": "Feature", "properties": { "block_code": "250173515003008", "type": "Sewer issue", "date": "2017-06-13 10:11:00", "resolution": "block" }, "geometry": { "type": "Point", "coordinates": [ -71.0950001, 42.3781782 ] } },
{ "type": "Feature", "properties": { "block_code": "250173513003000", "type": "Sewer issue", "date": "2017-06-09 14:27:00", "resolution": "block" }, "geometry": { "type": "Point", "coordinates": [ -71.0910349, 42.3817046 ] } },
{ "type": "Feature", "properties": { "block_code": "250173513003000", "type": "Sewer issue", "date": "2017-06-09 10:18:00", "resolution": "block" }, "geometry": { "type": "Point", "coordinates": [ -71.0910349, 42.3817046 ] } },
{ "type": "Feature", "properties": { "block_code": "250173511013004", "type": "Sewer issue", "date": "2017-05-31 16:11:00", "resolution": "block" }, "geometry": { "type": "Point", "coordinates": [ -71.1021478, 42.3888759 ] } },
{ "type": "Feature", "properties": { "block_code": "250173512042007", "type": "Catch basin complaint", "date": "2017-05-17 11:53:00", "resolution": "block" }, "geometry": { "type": "Point", "coordinates": [ -71.0981218, 42.3810714 ] } },
{ "type": "Feature", "properties": { "block_code": "250173511021003", "type": "Catch basin complaint", "date": "2017-05-16 12:48:00", "resolution": "block" }, "geometry": { "type": "Point", "coordinates": [ -71.1066235, 42.3852937 ] } },
{ "type": "Feature", "properties": { "block_code": "250173512034005", "type": "Sewer issue", "date": "2017-05-12 12:47:00", "resolution": "block" }, "geometry": { "type": "Point", "coordinates": [ -71.1049177, 42.376499 ] } },
{ "type": "Feature", "properties": { "block_code": "250173513002001", "type": "Sewer issue", "date": "2017-05-08 13:11:00", "resolution": "block" }, "geometry": { "type": "Point", "coordinates": [ -71.0934236, 42.3851249 ] } },
{ "type": "Feature", "properties": { "block_code": "250173511011003", "type": "Catch basin complaint", "date": "2017-05-05 17:05:00", "resolution": "block" }, "geometry": { "type": "Point", "coordinates": [ -71.1050923, 42.3902997 ] } },
{ "type": "Feature", "properties": { "block_code": "250173512042007", "type": "Catch basin complaint", "date": "2017-05-05 16:07:00", "resolution": "block" }, "geometry": { "type": "Point", "coordinates": [ -71.0981218, 42.3810714 ] } },
{ "type": "Feature", "properties": { "block_code": "250173513001008", "type": "Sewer issue", "date": "2017-05-04 10:28:00", "resolution": "block" }, "geometry": { "type": "Point", "coordinates": [ -71.0964211, 42.3835645 ] } },
{ "type": "Feature", "properties": { "block_code": "250173511013004", "type": "Catch basin complaint", "date": "2017-04-28 21:41:00", "resolution": "block" }, "geometry": { "type": "Point", "coordinates": [ -71.1021478, 42.3888759 ] } },
{ "type": "Feature", "properties": { "block_code": "250173503003013", "type": "Catch basin complaint", "date": "2017-04-28 16:33:00", "resolution": "block" }, "geometry": { "type": "Point", "coordinates": [ -71.105195, 42.395002 ] } },
{ "type": "Feature", "properties": { "block_code": "250173511013004", "type": "Catch basin complaint", "date": "2017-04-28 08:59:00", "resolution": "block" }, "geometry": { "type": "Point", "coordinates": [ -71.1021478, 42.3888759 ] } },
{ "type": "Feature", "properties": { "block_code": "250173501091011", "type": "Sewer issue", "date": "2017-04-26 16:13:00", "resolution": "block" }, "geometry": { "type": "Point", "coordinates": [ -71.0907261, 42.3939182 ] } },
{ "type": "Feature", "properties": { "block_code": "250173511011004", "type": "Sewer issue", "date": "2017-04-26 13:52:00", "resolution": "block" }, "geometry": { "type": "Point", "coordinates": [ -71.1062867, 42.389935 ] } },
{ "type": "Feature", "properties": { "block_code": "250173512033001", "type": "Catch basin complaint", "date": "2017-04-25 14:42:00", "resolution": "block" }, "geometry": { "type": "Point", "coordinates": [ -71.0990007, 42.3759458 ] } },
{ "type": "Feature", "properties": { "block_code": "250173511021002", "type": "Sewer issue", "date": "2017-04-22 09:46:00", "resolution": "block" }, "geometry": { "type": "Point", "coordinates": [ -71.1093025, 42.3858856 ] } },
{ "type": "Feature", "properties": { "block_code": "250173511021002", "type": "Sewer issue", "date": "2017-04-21 23:11:00", "resolution": "block" }, "geometry": { "type": "Point", "coordinates": [ -71.1093025, 42.3858856 ] } },
{ "type": "Feature", "properties": { "block_code": "250173513001003", "type": "Catch basin complaint", "date": "2017-04-21 08:57:00", "resolution": "block" }, "geometry": { "type": "Point", "coordinates": [ -71.0983575, 42.3848534 ] } },
{ "type": "Feature", "properties": { "block_code": "250173511012004", "type": "Sewer issue", "date": "2017-04-10 15:48:00", "resolution": "block" }, "geometry": { "type": "Point", "coordinates": [ -71.1088432, 42.3896184 ] } },
{ "type": "Feature", "properties": { "block_code": "250173512042006", "type": "Catch basin complaint", "date": "2017-04-06 15:26:00", "resolution": "block" }, "geometry": { "type": "Point", "coordinates": [ -71.0992856, 42.3821032 ] } },
{ "type": "Feature", "properties": { "block_code": "250173510022004", "type": "Catch basin complaint", "date": "2017-04-06 15:09:00", "resolution": "block" }, "geometry": { "type": "Point", "coordinates": [ -71.1137441, 42.3920109 ] } },
{ "type": "Feature", "properties": { "block_code": "250173502021004", "type": "Catch basin complaint", "date": "2017-04-06 14:13:00", "resolution": "block" }, "geometry": { "type": "Point", "coordinates": [ -71.1014186, 42.3929903 ] } },
{ "type": "Feature", "properties": { "block_code": "250173512043000", "type": "Catch basin complaint", "date": "2017-04-06 10:20:00", "resolution": "block" }, "geometry": { "type": "Point", "coordinates": [ -71.1035381, 42.379698 ] } },
{ "type": "Feature", "properties": { "block_code": "250173511011004", "type": "Catch basin complaint", "date": "2017-04-06 10:19:00", "resolution": "block" }, "geometry": { "type": "Point", "coordinates": [ -71.1062867, 42.389935 ] } },
{ "type": "Feature", "properties": { "block_code": "250173511013003", "type": "Catch basin complaint", "date": "2017-04-05 13:01:00", "resolution": "block" }, "geometry": { "type": "Point", "coordinates": [ -71.0995968, 42.3883952 ] } },
{ "type": "Feature", "properties": { "block_code": "250173512033007", "type": "Catch basin complaint", "date": "2017-04-05 08:22:00", "resolution": "block" }, "geometry": { "type": "Point", "coordinates": [ -71.0973685, 42.3752705 ] } },
{ "type": "Feature", "properties": { "block_code": "250173510022004", "type": "Catch basin complaint", "date": "2017-04-04 15:42:00", "resolution": "block" }, "geometry": { "type": "Point", "coordinates": [ -71.1137441, 42.3920109 ] } },
{ "type": "Feature", "properties": { "block_code": "250173512042003", "type": "Catch basin complaint", "date": "2017-04-03 20:59:00", "resolution": "block" }, "geometry": { "type": "Point", "coordinates": [ -71.1017138, 42.380963 ] } },
{ "type": "Feature", "properties": { "block_code": "250173503001004", "type": "Sewer issue", "date": "2017-04-03 15:48:00", "resolution": "block" }, "geometry": { "type": "Point", "coordinates": [ -71.1043659, 42.3947051 ] } },
{ "type": "Feature", "properties": { "block_code": "250173511012003", "type": "Catch basin complaint", "date": "2017-03-29 09:20:00", "resolution": "block" }, "geometry": { "type": "Point", "coordinates": [ -71.1084597, 42.3888331 ] } },
{ "type": "Feature", "properties": { "block_code": "250173515002009", "type": "Sewer issue", "date": "2017-03-27 20:55:00", "resolution": "block" }, "geometry": { "type": "Point", "coordinates": [ -71.0955614, 42.3749299 ] } },
{ "type": "Feature", "properties": { "block_code": "250173511011001", "type": "Catch basin complaint", "date": "2017-03-27 14:20:00", "resolution": "block" }, "geometry": { "type": "Point", "coordinates": [ -71.1057607, 42.3911961 ] } },
{ "type": "Feature", "properties": { "block_code": "250173512031003", "type": "Sewer issue", "date": "2017-03-14 20:29:00", "resolution": "block" }, "geometry": { "type": "Point", "coordinates": [ -71.1049829, 42.3780209 ] } },
{ "type": "Feature", "properties": { "block_code": "250173510012006", "type": "Sewer issue", "date": "2017-03-14 20:16:00", "resolution": "block" }, "geometry": { "type": "Point", "coordinates": [ -71.1137144, 42.3854091 ] } },
{ "type": "Feature", "properties": { "block_code": "250173512032001", "type": "Sewer issue", "date": "2017-03-12 10:34:00", "resolution": "block" }, "geometry": { "type": "Point", "coordinates": [ -71.0994009, 42.3782847 ] } },
{ "type": "Feature", "properties": { "block_code": "250173512032001", "type": "Sewer issue", "date": "2017-03-11 16:39:00", "resolution": "block" }, "geometry": { "type": "Point", "coordinates": [ -71.0994009, 42.3782847 ] } },
{ "type": "Feature", "properties": { "block_code": "250173502022002", "type": "Catch basin complaint", "date": "2017-03-06 17:13:00", "resolution": "block" }, "geometry": { "type": "Point", "coordinates": [ -71.1007275, 42.3915976 ] } },
{ "type": "Feature", "properties": { "block_code": "250173515003011", "type": "Sewer issue", "date": "2017-02-28 12:40:00", "resolution": "block" }, "geometry": { "type": "Point", "coordinates": [ -71.0928894, 42.3776778 ] } },
{ "type": "Feature", "properties": { "block_code": "250173512031003", "type": "Sewer issue", "date": "2017-02-16 10:10:00", "resolution": "block" }, "geometry": { "type": "Point", "coordinates": [ -71.1049829, 42.3780209 ] } },
{ "type": "Feature", "properties": { "block_code": "250173510012010", "type": "Sewer issue", "date": "2017-02-15 13:17:00", "resolution": "block" }, "geometry": { "type": "Point", "coordinates": [ -71.1119836, 42.3824404 ] } },
{ "type": "Feature", "properties": { "block_code": "250173512033000", "type": "Catch basin complaint", "date": "2017-02-13 14:53:00", "resolution": "block" }, "geometry": { "type": "Point", "coordinates": [ -71.0969072, 42.376393 ] } },
{ "type": "Feature", "properties": { "block_code": "250173502022010", "type": "Sewer issue", "date": "2017-01-24 11:22:00", "resolution": "block" }, "geometry": { "type": "Point", "coordinates": [ -71.0990736, 42.3901747 ] } },
{ "type": "Feature", "properties": { "block_code": "250173513001005", "type": "Catch basin complaint", "date": "2017-01-24 08:47:00", "resolution": "block" }, "geometry": { "type": "Point", "coordinates": [ -71.0956896, 42.3847083 ] } },
{ "type": "Feature", "properties": { "block_code": "250173510012009", "type": "Catch basin complaint", "date": "2017-01-23 11:04:00", "resolution": "block" }, "geometry": { "type": "Point", "coordinates": [ -71.1129932, 42.3832829 ] } },
{ "type": "Feature", "properties": { "block_code": "250173512031003", "type": "Catch basin complaint", "date": "2017-01-20 18:11:00", "resolution": "block" }, "geometry": { "type": "Point", "coordinates": [ -71.1049829, 42.3780209 ] } },
{ "type": "Feature", "properties": { "block_code": "250173511013008", "type": "Sewer issue", "date": "2017-01-10 20:25:00", "resolution": "block" }, "geometry": { "type": "Point", "coordinates": [ -71.1005955, 42.3862421 ] } },
{ "type": "Feature", "properties": { "block_code": "250173511013002", "type": "Sewer issue", "date": "2016-12-29 15:40:00", "resolution": "block" }, "geometry": { "type": "Point", "coordinates": [ -71.0991653, 42.3888429 ] } },
{ "type": "Feature", "properties": { "block_code": "250173510023000", "type": "Catch basin complaint", "date": "2016-12-29 09:50:00", "resolution": "block" }, "geometry": { "type": "Point", "coordinates": [ -71.111919, 42.3907589 ] } },
{ "type": "Feature", "properties": { "block_code": "250173510011000", "type": "Sewer issue", "date": "2016-12-21 15:34:00", "resolution": "block" }, "geometry": { "type": "Point", "coordinates": [ -71.112265, 42.3871865 ] } },
{ "type": "Feature", "properties": { "block_code": "250173512033000", "type": "Sewer issue", "date": "2016-12-12 13:04:00", "resolution": "block" }, "geometry": { "type": "Point", "coordinates": [ -71.0969072, 42.376393 ] } },
{ "type": "Feature", "properties": { "block_code": "250173510013007", "type": "Catch basin complaint", "date": "2016-11-18 14:55:00", "resolution": "block" }, "geometry": { "type": "Point", "coordinates": [ -71.1135304, 42.3875341 ] } },
{ "type": "Feature", "properties": { "block_code": "250173514042008", "type": "Sewer issue", "date": "2016-11-16 13:44:00", "resolution": "block" }, "geometry": { "type": "Point", "coordinates": [ -71.0918012, 42.386044 ] } },
{ "type": "Feature", "properties": { "block_code": "250173510023000", "type": "Catch basin complaint", "date": "2016-11-15 18:07:00", "resolution": "block" }, "geometry": { "type": "Point", "coordinates": [ -71.111919, 42.3907589 ] } },
{ "type": "Feature", "properties": { "block_code": "250173510022004", "type": "Catch basin complaint", "date": "2016-11-15 12:30:00", "resolution": "block" }, "geometry": { "type": "Point", "coordinates": [ -71.1137441, 42.3920109 ] } },
{ "type": "Feature", "properties": { "block_code": "250173510023002", "type": "Catch basin complaint", "date": "2016-11-15 08:24:00", "resolution": "block" }, "geometry": { "type": "Point", "coordinates": [ -71.110804, 42.3910112 ] } },
{ "type": "Feature", "properties": { "block_code": "250173512042006", "type": "Sewer issue", "date": "2016-11-14 13:14:00", "resolution": "block" }, "geometry": { "type": "Point", "coordinates": [ -71.0992856, 42.3821032 ] } },
{ "type": "Feature", "properties": { "block_code": "250173512043009", "type": "Sewer issue", "date": "2016-11-08 09:03:00", "resolution": "block" }, "geometry": { "type": "Point", "coordinates": [ -71.1048866, 42.3793192 ] } },
{ "type": "Feature", "properties": { "block_code": "250173513003005", "type": "Sewer issue", "date": "2016-11-04 15:08:00", "resolution": "block" }, "geometry": { "type": "Point", "coordinates": [ -71.0946106, 42.3802947 ] } },
{ "type": "Feature", "properties": { "block_code": "250173514042007", "type": "Catch basin complaint", "date": "2016-11-03 11:02:00", "resolution": "block" }, "geometry": { "type": "Point", "coordinates": [ -71.0921775, 42.3855256 ] } },
{ "type": "Feature", "properties": { "block_code": "250173512043000", "type": "Catch basin complaint", "date": "2016-10-26 11:20:00", "resolution": "block" }, "geometry": { "type": "Point", "coordinates": [ -71.1035381, 42.379698 ] } },
{ "type": "Feature", "properties": { "block_code": "250173512033007", "type": "Catch basin complaint", "date": "2016-10-24 11:50:00", "resolution": "block" }, "geometry": { "type": "Point", "coordinates": [ -71.0973685, 42.3752705 ] } },
{ "type": "Feature", "properties": { "block_code": "250173510023000", "type": "Sewer issue", "date": "2016-10-22 13:56:00", "resolution": "block" }, "geometry": { "type": "Point", "coordinates": [ -71.111919, 42.3907589 ] } },
{ "type": "Feature", "properties": { "block_code": "250173513003005", "type": "Catch basin complaint", "date": "2016-10-21 22:21:00", "resolution": "block" }, "geometry": { "type": "Point", "coordinates": [ -71.0946106, 42.3802947 ] } },
{ "type": "Feature", "properties": { "block_code": "250173503001005", "type": "Catch basin complaint", "date": "2016-10-13 18:21:00", "resolution": "block" }, "geometry": { "type": "Point", "coordinates": [ -71.1036535, 42.391802 ] } },
{ "type": "Feature", "properties": { "block_code": "250173514042008", "type": "Sewer issue", "date": "2016-10-12 18:03:00", "resolution": "block" }, "geometry": { "type": "Point", "coordinates": [ -71.0918012, 42.386044 ] } },
{ "type": "Feature", "properties": { "block_code": "250173512042006", "type": "Catch basin complaint", "date": "2016-10-11 09:38:00", "resolution": "block" }, "geometry": { "type": "Point", "coordinates": [ -71.0992856, 42.3821032 ] } },
{ "type": "Feature", "properties": { "block_code": "250173512043010", "type": "Sewer issue", "date": "2016-10-09 10:32:00", "resolution": "block" }, "geometry": { "type": "Point", "coordinates": [ -71.1061084, 42.3787951 ] } },
{ "type": "Feature", "properties": { "block_code": "250173512034007", "type": "Catch basin complaint", "date": "2016-10-09 10:01:00", "resolution": "block" }, "geometry": { "type": "Point", "coordinates": [ -71.1026599, 42.3759264 ] } },
{ "type": "Feature", "properties": { "block_code": "250173501082009", "type": "Sewer issue", "date": "2016-09-29 10:57:00", "resolution": "block" }, "geometry": { "type": "Point", "coordinates": [ -71.0946697, 42.3939733 ] } },
{ "type": "Feature", "properties": { "block_code": "250173515003012", "type": "Sewer issue", "date": "2016-09-14 13:45:00", "resolution": "block" }, "geometry": { "type": "Point", "coordinates": [ -71.092132, 42.3775375 ] } },
{ "type": "Feature", "properties": { "block_code": "250173501091011", "type": "Sewer issue", "date": "2016-09-12 12:07:00", "resolution": "block" }, "geometry": { "type": "Point", "coordinates": [ -71.0907261, 42.3939182 ] } },
{ "type": "Feature", "properties": { "block_code": "250173501091011", "type": "Sewer issue", "date": "2016-09-03 08:20:00", "resolution": "block" }, "geometry": { "type": "Point", "coordinates": [ -71.0907261, 42.3939182 ] } },
{ "type": "Feature", "properties": { "block_code": "250173514042007", "type": "Catch basin complaint", "date": "2016-08-26 10:17:00", "resolution": "block" }, "geometry": { "type": "Point", "coordinates": [ -71.0921775, 42.3855256 ] } },
{ "type": "Feature", "properties": { "block_code": "250173502013003", "type": "Catch basin complaint", "date": "2016-08-22 08:24:00", "resolution": "block" }, "geometry": { "type": "Point", "coordinates": [ -71.0907712, 42.39029 ] } },
{ "type": "Feature", "properties": { "block_code": "250173512031000", "type": "Sewer issue", "date": "2016-08-18 20:07:00", "resolution": "block" }, "geometry": { "type": "Point", "coordinates": [ -71.1018843, 42.377779 ] } },
{ "type": "Feature", "properties": { "block_code": "250173512042010", "type": "Sewer issue", "date": "2016-08-17 08:39:00", "resolution": "block" }, "geometry": { "type": "Point", "coordinates": [ -71.0990962, 42.3805443 ] } },
{ "type": "Feature", "properties": { "block_code": "250173503003008", "type": "Catch basin complaint", "date": "2016-08-11 08:45:00", "resolution": "block" }, "geometry": { "type": "Point", "coordinates": [ -71.1049512, 42.3960905 ] } },
{ "type": "Feature", "properties": { "block_code": "250173514042007", "type": "Sewer issue", "date": "2016-08-05 22:38:00", "resolution": "block" }, "geometry": { "type": "Point", "coordinates": [ -71.0921775, 42.3855256 ] } },
{ "type": "Feature", "properties": { "block_code": "250173514042007", "type": "Sewer issue", "date": "2016-08-05 16:51:00", "resolution": "block" }, "geometry": { "type": "Point", "coordinates": [ -71.0921775, 42.3855256 ] } },
{ "type": "Feature", "properties": { "block_code": "250173512042009", "type": "Catch basin complaint", "date": "2016-07-28 12:16:00", "resolution": "block" }, "geometry": { "type": "Point", "coordinates": [ -71.101582, 42.3798805 ] } },
{ "type": "Feature", "properties": { "block_code": "250173512032001", "type": "Catch basin complaint", "date": "2016-07-24 20:24:00", "resolution": "block" }, "geometry": { "type": "Point", "coordinates": [ -71.0994009, 42.3782847 ] } },
{ "type": "Feature", "properties": { "block_code": "250173512041003", "type": "Catch basin complaint", "date": "2016-07-22 08:47:00", "resolution": "block" }, "geometry": { "type": "Point", "coordinates": [ -71.1088113, 42.3831122 ] } },
{ "type": "Feature", "properties": { "block_code": "250173512043006", "type": "Catch basin complaint", "date": "2016-07-15 09:03:00", "resolution": "block" }, "geometry": { "type": "Point", "coordinates": [ -71.1067731, 42.3798036 ] } },
{ "type": "Feature", "properties": { "block_code": "250173502023003", "type": "Sewer issue", "date": "2016-07-14 16:42:00", "resolution": "block" }, "geometry": { "type": "Point", "coordinates": [ -71.0963053, 42.3928118 ] } },
{ "type": "Feature", "properties": { "block_code": "250173502023003", "type": "Sewer issue", "date": "2016-07-14 16:40:00", "resolution": "block" }, "geometry": { "type": "Point", "coordinates": [ -71.0963053, 42.3928118 ] } },
{ "type": "Feature", "properties": { "block_code": "250173501081014", "type": "Sewer issue", "date": "2016-07-14 07:47:00", "resolution": "block" }, "geometry": { "type": "Point", "coordinates": [ -71.0916232, 42.3965413 ] } },
{ "type": "Feature", "properties": { "block_code": "250173501082008", "type": "Sewer issue", "date": "2016-07-13 14:41:00", "resolution": "block" }, "geometry": { "type": "Point", "coordinates": [ -71.0935904, 42.3946172 ] } },
{ "type": "Feature", "properties": { "block_code": "250173512032001", "type": "Sewer issue", "date": "2016-07-13 14:34:00", "resolution": "block" }, "geometry": { "type": "Point", "coordinates": [ -71.0994009, 42.3782847 ] } },
{ "type": "Feature", "properties": { "block_code": "250173502022007", "type": "Sewer issue", "date": "2016-07-09 13:16:00", "resolution": "block" }, "geometry": { "type": "Point", "coordinates": [ -71.0968051, 42.3904946 ] } },
{ "type": "Feature", "properties": { "block_code": "250173512032001", "type": "Catch basin complaint", "date": "2016-07-07 17:49:00", "resolution": "block" }, "geometry": { "type": "Point", "coordinates": [ -71.0994009, 42.3782847 ] } },
{ "type": "Feature", "properties": { "block_code": "250173512033003", "type": "Catch basin complaint", "date": "2016-07-07 12:28:00", "resolution": "block" }, "geometry": { "type": "Point", "coordinates": [ -71.1005803, 42.3750122 ] } },
{ "type": "Feature", "properties": { "block_code": "250173502022009", "type": "Sewer issue", "date": "2016-06-29 16:52:00", "resolution": "block" }, "geometry": { "type": "Point", "coordinates": [ -71.0989764, 42.3892666 ] } },
{ "type": "Feature", "properties": { "block_code": "250173514042007", "type": "Sewer issue", "date": "2016-06-27 18:30:00", "resolution": "block" }, "geometry": { "type": "Point", "coordinates": [ -71.0921775, 42.3855256 ] } },
{ "type": "Feature", "properties": { "block_code": "250173511022001", "type": "Sewer issue", "date": "2016-06-21 19:48:00", "resolution": "block" }, "geometry": { "type": "Point", "coordinates": [ -71.1025766, 42.3854824 ] } },
{ "type": "Feature", "properties": { "block_code": "250173510021002", "type": "Sewer issue", "date": "2016-06-17 11:07:00", "resolution": "block" }, "geometry": { "type": "Point", "coordinates": [ -71.1099167, 42.3916073 ] } },
{ "type": "Feature", "properties": { "block_code": "250173512042006", "type": "Catch basin complaint", "date": "2016-06-08 13:57:00", "resolution": "block" }, "geometry": { "type": "Point", "coordinates": [ -71.0992856, 42.3821032 ] } },
{ "type": "Feature", "properties": { "block_code": "250173501082009", "type": "Catch basin complaint", "date": "2016-05-25 13:53:00", "resolution": "block" }, "geometry": { "type": "Point", "coordinates": [ -71.0946697, 42.3939733 ] } },
{ "type": "Feature", "properties": { "block_code": "250173511011002", "type": "Catch basin complaint", "date": "2016-05-25 08:28:00", "resolution": "block" }, "geometry": { "type": "Point", "coordinates": [ -71.1034204, 42.3905261 ] } },
{ "type": "Feature", "properties": { "block_code": "250173511013003", "type": "Sewer issue", "date": "2016-05-25 01:43:00", "resolution": "block" }, "geometry": { "type": "Point", "coordinates": [ -71.0995968, 42.3883952 ] } },
{ "type": "Feature", "properties": { "block_code": "250173502012001", "type": "Sewer issue", "date": "2016-05-16 14:38:00", "resolution": "block" }, "geometry": { "type": "Point", "coordinates": [ -71.0952901, 42.3904462 ] } },
{ "type": "Feature", "properties": { "block_code": "250173512032001", "type": "Sewer issue", "date": "2016-05-13 12:16:00", "resolution": "block" }, "geometry": { "type": "Point", "coordinates": [ -71.0994009, 42.3782847 ] } },
{ "type": "Feature", "properties": { "block_code": "250173512041001", "type": "Catch basin complaint", "date": "2016-05-05 09:34:00", "resolution": "block" }, "geometry": { "type": "Point", "coordinates": [ -71.1043838, 42.3834455 ] } },
{ "type": "Feature", "properties": { "block_code": "250173504003007", "type": "Catch basin complaint", "date": "2016-04-25 09:35:00", "resolution": "block" }, "geometry": { "type": "Point", "coordinates": [ -71.1121655, 42.3945792 ] } },
{ "type": "Feature", "properties": { "block_code": "250173513002001", "type": "Sewer issue", "date": "2016-04-21 12:06:00", "resolution": "block" }, "geometry": { "type": "Point", "coordinates": [ -71.0934236, 42.3851249 ] } },
{ "type": "Feature", "properties": { "block_code": "250173511013004", "type": "Catch basin complaint", "date": "2016-04-12 19:48:00", "resolution": "block" }, "geometry": { "type": "Point", "coordinates": [ -71.1021478, 42.3888759 ] } },
{ "type": "Feature", "properties": { "block_code": "250173501091010", "type": "Sewer issue", "date": "2016-04-11 10:32:00", "resolution": "block" }, "geometry": { "type": "Point", "coordinates": [ -71.090086, 42.3944272 ] } },
{ "type": "Feature", "properties": { "block_code": "250173512041001", "type": "Catch basin complaint", "date": "2016-04-11 10:05:00", "resolution": "block" }, "geometry": { "type": "Point", "coordinates": [ -71.1043838, 42.3834455 ] } },
{ "type": "Feature", "properties": { "block_code": "250173511011001", "type": "Sewer issue", "date": "2016-04-06 14:09:00", "resolution": "block" }, "geometry": { "type": "Point", "coordinates": [ -71.1057607, 42.3911961 ] } },
{ "type": "Feature", "properties": { "block_code": "250173513003001", "type": "Sewer issue", "date": "2016-04-03 14:41:00", "resolution": "block" }, "geometry": { "type": "Point", "coordinates": [ -71.0924454, 42.3818061 ] } },
{ "type": "Feature", "properties": { "block_code": "250173501091022", "type": "Catch basin complaint", "date": "2016-03-28 09:48:00", "resolution": "block" }, "geometry": { "type": "Point", "coordinates": [ -71.0899097, 42.3915769 ] } },
{ "type": "Feature", "properties": { "block_code": "250173502013000", "type": "Sewer issue", "date": "2016-03-25 10:46:00", "resolution": "block" }, "geometry": { "type": "Point", "coordinates": [ -71.0928168, 42.3916933 ] } },
{ "type": "Feature", "properties": { "block_code": "250173511011002", "type": "Catch basin complaint", "date": "2016-03-25 09:13:00", "resolution": "block" }, "geometry": { "type": "Point", "coordinates": [ -71.1034204, 42.3905261 ] } },
{ "type": "Feature", "properties": { "block_code": "250173511013004", "type": "Catch basin complaint", "date": "2016-03-23 10:55:00", "resolution": "block" }, "geometry": { "type": "Point", "coordinates": [ -71.1021478, 42.3888759 ] } },
{ "type": "Feature", "properties": { "block_code": "250173511013007", "type": "Catch basin complaint", "date": "2016-03-18 10:34:00", "resolution": "block" }, "geometry": { "type": "Point", "coordinates": [ -71.1029404, 42.3870743 ] } },
{ "type": "Feature", "properties": { "block_code": "250173512033007", "type": "Catch basin complaint", "date": "2016-03-10 13:46:00", "resolution": "block" }, "geometry": { "type": "Point", "coordinates": [ -71.0973685, 42.3752705 ] } },
{ "type": "Feature", "properties": { "block_code": "250173510011003", "type": "Sewer issue", "date": "2016-02-18 10:46:00", "resolution": "block" }, "geometry": { "type": "Point", "coordinates": [ -71.1111014, 42.3868225 ] } },
{ "type": "Feature", "properties": { "block_code": "250173511012004", "type": "Catch basin complaint", "date": "2016-02-16 14:51:00", "resolution": "block" }, "geometry": { "type": "Point", "coordinates": [ -71.1088432, 42.3896184 ] } },
{ "type": "Feature", "properties": { "block_code": "250173503003013", "type": "Sewer issue", "date": "2016-02-16 13:40:00", "resolution": "block" }, "geometry": { "type": "Point", "coordinates": [ -71.105195, 42.395002 ] } },
{ "type": "Feature", "properties": { "block_code": "250173511011000", "type": "Catch basin complaint", "date": "2016-02-16 13:09:00", "resolution": "block" }, "geometry": { "type": "Point", "coordinates": [ -71.1054475, 42.3919687 ] } },
{ "type": "Feature", "properties": { "block_code": "250173512042000", "type": "Sewer issue", "date": "2016-02-11 09:30:00", "resolution": "block" }, "geometry": { "type": "Point", "coordinates": [ -71.1009062, 42.3830015 ] } },
{ "type": "Feature", "properties": { "block_code": "250173502022005", "type": "Sewer issue", "date": "2016-02-05 18:45:00", "resolution": "block" }, "geometry": { "type": "Point", "coordinates": [ -71.0984323, 42.3915241 ] } },
{ "type": "Feature", "properties": { "block_code": "250173514042008", "type": "Sewer issue", "date": "2016-02-05 11:49:00", "resolution": "block" }, "geometry": { "type": "Point", "coordinates": [ -71.0918012, 42.386044 ] } },
{ "type": "Feature", "properties": { "block_code": "250173503001006", "type": "Sewer issue", "date": "2016-02-01 15:45:00", "resolution": "block" }, "geometry": { "type": "Point", "coordinates": [ -71.1033596, 42.3937359 ] } },
{ "type": "Feature", "properties": { "block_code": "250173511022001", "type": "Sewer issue", "date": "2016-01-31 08:16:00", "resolution": "block" }, "geometry": { "type": "Point", "coordinates": [ -71.1025766, 42.3854824 ] } },
{ "type": "Feature", "properties": { "block_code": "250173502013003", "type": "Sewer issue", "date": "2016-01-17 14:36:00", "resolution": "block" }, "geometry": { "type": "Point", "coordinates": [ -71.0907712, 42.39029 ] } },
{ "type": "Feature", "properties": { "block_code": "250173512042003", "type": "Catch basin complaint", "date": "2016-01-06 15:59:00", "resolution": "block" }, "geometry": { "type": "Point", "coordinates": [ -71.1017138, 42.380963 ] } },
{ "type": "Feature", "properties": { "block_code": "250173511011002", "type": "Catch basin complaint", "date": "2016-01-04 14:19:00", "resolution": "block" }, "geometry": { "type": "Point", "coordinates": [ -71.1034204, 42.3905261 ] } },
{ "type": "Feature", "properties": { "block_code": "250173511022001", "type": "Sewer issue", "date": "2015-12-31 14:02:00", "resolution": "block" }, "geometry": { "type": "Point", "coordinates": [ -71.1025766, 42.3854824 ] } },
{ "type": "Feature", "properties": { "block_code": "250173510021001", "type": "Catch basin complaint", "date": "2015-12-30 15:44:00", "resolution": "block" }, "geometry": { "type": "Point", "coordinates": [ -71.1095032, 42.392032 ] } },
{ "type": "Feature", "properties": { "block_code": "250173513002010", "type": "Sewer issue", "date": "2015-12-30 14:44:00", "resolution": "block" }, "geometry": { "type": "Point", "coordinates": [ -71.0955932, 42.3806955 ] } },
{ "type": "Feature", "properties": { "block_code": "250173501082008", "type": "Sewer issue", "date": "2015-12-04 08:45:00", "resolution": "block" }, "geometry": { "type": "Point", "coordinates": [ -71.0935904, 42.3946172 ] } },
{ "type": "Feature", "properties": { "block_code": "250173512043009", "type": "Catch basin complaint", "date": "2015-11-24 12:10:00", "resolution": "block" }, "geometry": { "type": "Point", "coordinates": [ -71.1048866, 42.3793192 ] } },
{ "type": "Feature", "properties": { "block_code": "250173512042010", "type": "Sewer issue", "date": "2015-11-20 12:50:00", "resolution": "block" }, "geometry": { "type": "Point", "coordinates": [ -71.0990962, 42.3805443 ] } },
{ "type": "Feature", "properties": { "block_code": "250173512043009", "type": "Catch basin complaint", "date": "2015-11-19 08:47:00", "resolution": "block" }, "geometry": { "type": "Point", "coordinates": [ -71.1048866, 42.3793192 ] } },
{ "type": "Feature", "properties": { "block_code": "250173512041008", "type": "Sewer issue", "date": "2015-11-14 13:47:00", "resolution": "block" }, "geometry": { "type": "Point", "coordinates": [ -71.1103585, 42.3826723 ] } },
{ "type": "Feature", "properties": { "block_code": "250173515002008", "type": "Sewer issue", "date": "2015-11-13 10:53:00", "resolution": "block" }, "geometry": { "type": "Point", "coordinates": [ -71.0944876, 42.3751713 ] } },
{ "type": "Feature", "properties": { "block_code": "250173510013007", "type": "Sewer issue", "date": "2015-11-09 13:54:00", "resolution": "block" }, "geometry": { "type": "Point", "coordinates": [ -71.1135304, 42.3875341 ] } },
{ "type": "Feature", "properties": { "block_code": "250173513002010", "type": "Sewer issue", "date": "2015-11-06 10:36:00", "resolution": "block" }, "geometry": { "type": "Point", "coordinates": [ -71.0955932, 42.3806955 ] } },
{ "type": "Feature", "properties": { "block_code": "250173515002010", "type": "Catch basin complaint", "date": "2015-10-29 07:51:00", "resolution": "block" }, "geometry": { "type": "Point", "coordinates": [ -71.0961629, 42.3754454 ] } },
{ "type": "Feature", "properties": { "block_code": "250173512043009", "type": "Catch basin complaint", "date": "2015-10-28 09:27:00", "resolution": "block" }, "geometry": { "type": "Point", "coordinates": [ -71.1048866, 42.3793192 ] } },
{ "type": "Feature", "properties": { "block_code": "250173512032003", "type": "Sewer issue", "date": "2015-10-26 10:49:00", "resolution": "block" }, "geometry": { "type": "Point", "coordinates": [ -71.0975542, 42.3778283 ] } },
{ "type": "Feature", "properties": { "block_code": "250173510011000", "type": "Sewer issue", "date": "2015-10-10 19:26:00", "resolution": "block" }, "geometry": { "type": "Point", "coordinates": [ -71.112265, 42.3871865 ] } },
{ "type": "Feature", "properties": { "block_code": "250173515002010", "type": "Sewer issue", "date": "2015-10-09 19:53:00", "resolution": "block" }, "geometry": { "type": "Point", "coordinates": [ -71.0961629, 42.3754454 ] } },
{ "type": "Feature", "properties": { "block_code": "250173511011000", "type": "Catch basin complaint", "date": "2015-10-08 14:13:00", "resolution": "block" }, "geometry": { "type": "Point", "coordinates": [ -71.1054475, 42.3919687 ] } },
{ "type": "Feature", "properties": { "block_code": "250173512043004", "type": "Catch basin complaint", "date": "2015-10-08 08:11:00", "resolution": "block" }, "geometry": { "type": "Point", "coordinates": [ -71.1084927, 42.3806203 ] } },
{ "type": "Feature", "properties": { "block_code": "250173512042006", "type": "Sewer issue", "date": "2015-10-06 09:04:00", "resolution": "block" }, "geometry": { "type": "Point", "coordinates": [ -71.0992856, 42.3821032 ] } },
{ "type": "Feature", "properties": { "block_code": "250173502023005", "type": "Sewer issue", "date": "2015-10-01 10:57:00", "resolution": "block" }, "geometry": { "type": "Point", "coordinates": [ -71.0941413, 42.3922587 ] } },
{ "type": "Feature", "properties": { "block_code": "250173504003001", "type": "Sewer issue", "date": "2015-10-01 09:14:00", "resolution": "block" }, "geometry": { "type": "Point", "coordinates": [ -71.1117815, 42.3956926 ] } },
{ "type": "Feature", "properties": { "block_code": "250173512041007", "type": "Sewer issue", "date": "2015-09-30 15:34:00", "resolution": "block" }, "geometry": { "type": "Point", "coordinates": [ -71.1045198, 42.3821824 ] } },
{ "type": "Feature", "properties": { "block_code": "250173512042009", "type": "Sewer issue", "date": "2015-09-30 15:24:00", "resolution": "block" }, "geometry": { "type": "Point", "coordinates": [ -71.101582, 42.3798805 ] } },
{ "type": "Feature", "properties": { "block_code": "250173510023005", "type": "Sewer issue", "date": "2015-09-30 15:09:00", "resolution": "block" }, "geometry": { "type": "Point", "coordinates": [ -71.1129021, 42.3904462 ] } },
{ "type": "Feature", "properties": { "block_code": "250173510011000", "type": "Sewer issue", "date": "2015-09-30 15:04:00", "resolution": "block" }, "geometry": { "type": "Point", "coordinates": [ -71.112265, 42.3871865 ] } },
{ "type": "Feature", "properties": { "block_code": "250173515002010", "type": "Catch basin complaint", "date": "2015-09-30 12:18:00", "resolution": "block" }, "geometry": { "type": "Point", "coordinates": [ -71.0961629, 42.3754454 ] } },
{ "type": "Feature", "properties": { "block_code": "250173515002010", "type": "Catch basin complaint", "date": "2015-09-30 12:13:00", "resolution": "block" }, "geometry": { "type": "Point", "coordinates": [ -71.0961629, 42.3754454 ] } },
{ "type": "Feature", "properties": { "block_code": "250173502011001", "type": "Sewer issue", "date": "2015-09-30 12:12:00", "resolution": "block" }, "geometry": { "type": "Point", "coordinates": [ -71.0903506, 42.3884754 ] } },
{ "type": "Feature", "properties": { "block_code": "250173512042010", "type": "Sewer issue", "date": "2015-09-30 12:11:00", "resolution": "block" }, "geometry": { "type": "Point", "coordinates": [ -71.0990962, 42.3805443 ] } },
{ "type": "Feature", "properties": { "block_code": "250173512042009", "type": "Sewer issue", "date": "2015-09-30 12:10:00", "resolution": "block" }, "geometry": { "type": "Point", "coordinates": [ -71.101582, 42.3798805 ] } },
{ "type": "Feature", "properties": { "block_code": "250173512032004", "type": "Sewer issue", "date": "2015-09-30 11:57:00", "resolution": "block" }, "geometry": { "type": "Point", "coordinates": [ -71.1006012, 42.3770693 ] } },
{ "type": "Feature", "properties": { "block_code": "250173512032001", "type": "Sewer issue", "date": "2015-09-30 11:56:00", "resolution": "block" }, "geometry": { "type": "Point", "coordinates": [ -71.0994009, 42.3782847 ] } },
{ "type": "Feature", "properties": { "block_code": "250173512043000", "type": "Sewer issue", "date": "2015-09-30 11:55:00", "resolution": "block" }, "geometry": { "type": "Point", "coordinates": [ -71.1035381, 42.379698 ] } },
{ "type": "Feature", "properties": { "block_code": "250173512041002", "type": "Sewer issue", "date": "2015-09-30 11:44:00", "resolution": "block" }, "geometry": { "type": "Point", "coordinates": [ -71.1057348, 42.382007 ] } },
{ "type": "Feature", "properties": { "block_code": "250173512043000", "type": "Sewer issue", "date": "2015-09-30 11:41:00", "resolution": "block" }, "geometry": { "type": "Point", "coordinates": [ -71.1035381, 42.379698 ] } },
{ "type": "Feature", "properties": { "block_code": "250173512043000", "type": "Sewer issue", "date": "2015-09-30 11:39:00", "resolution": "block" }, "geometry": { "type": "Point", "coordinates": [ -71.1035381, 42.379698 ] } },
{ "type": "Feature", "properties": { "block_code": "250173512042010", "type": "Catch basin complaint", "date": "2015-09-30 11:33:00", "resolution": "block" }, "geometry": { "type": "Point", "coordinates": [ -71.0990962, 42.3805443 ] } },
{ "type": "Feature", "properties": { "block_code": "250173502023005", "type": "Catch basin complaint", "date": "2015-09-30 10:41:00", "resolution": "block" }, "geometry": { "type": "Point", "coordinates": [ -71.0941413, 42.3922587 ] } },
{ "type": "Feature", "properties": { "block_code": "250173515002010", "type": "Sewer issue", "date": "2015-09-30 10:13:00", "resolution": "block" }, "geometry": { "type": "Point", "coordinates": [ -71.0961629, 42.3754454 ] } },
{ "type": "Feature", "properties": { "block_code": "250173510011001", "type": "Sewer issue", "date": "2015-09-30 09:34:00", "resolution": "block" }, "geometry": { "type": "Point", "coordinates": [ -71.1104568, 42.3876846 ] } },
{ "type": "Feature", "properties": { "block_code": "250173503002001", "type": "Sewer issue", "date": "2015-09-30 08:23:00", "resolution": "block" }, "geometry": { "type": "Point", "coordinates": [ -71.109123, 42.3953985 ] } },
{ "type": "Feature", "properties": { "block_code": "250173515002010", "type": "Sewer issue", "date": "2015-09-30 08:03:00", "resolution": "block" }, "geometry": { "type": "Point", "coordinates": [ -71.0961629, 42.3754454 ] } },
{ "type": "Feature", "properties": { "block_code": "250173501091011", "type": "Sewer issue", "date": "2015-09-29 19:31:00", "resolution": "block" }, "geometry": { "type": "Point", "coordinates": [ -71.0907261, 42.3939182 ] } },
{ "type": "Feature", "properties": { "block_code": "250173511021002", "type": "Catch basin complaint", "date": "2015-09-29 10:45:00", "resolution": "block" }, "geometry": { "type": "Point", "coordinates": [ -71.1093025, 42.3858856 ] } },
{ "type": "Feature", "properties": { "block_code": "250173513002004", "type": "Sewer issue", "date": "2015-09-25 12:20:00", "resolution": "block" }, "geometry": { "type": "Point", "coordinates": [ -71.0926164, 42.383458 ] } },
{ "type": "Feature", "properties": { "block_code": "250173512032003", "type": "Sewer issue", "date": "2015-09-24 17:00:00", "resolution": "block" }, "geometry": { "type": "Point", "coordinates": [ -71.0975542, 42.3778283 ] } },
{ "type": "Feature", "properties": { "block_code": "250173501091013", "type": "Sewer issue", "date": "2015-09-16 08:40:00", "resolution": "block" }, "geometry": { "type": "Point", "coordinates": [ -71.0920922, 42.3926099 ] } },
{ "type": "Feature", "properties": { "block_code": "250173504003001", "type": "Sewer issue", "date": "2015-09-15 09:12:00", "resolution": "block" }, "geometry": { "type": "Point", "coordinates": [ -71.1117815, 42.3956926 ] } },
{ "type": "Feature", "properties": { "block_code": "250173503003013", "type": "Catch basin complaint", "date": "2015-09-09 14:14:00", "resolution": "block" }, "geometry": { "type": "Point", "coordinates": [ -71.105195, 42.395002 ] } },
{ "type": "Feature", "properties": { "block_code": "250173512043006", "type": "Sewer issue", "date": "2015-09-08 10:29:00", "resolution": "block" }, "geometry": { "type": "Point", "coordinates": [ -71.1067731, 42.3798036 ] } },
{ "type": "Feature", "properties": { "block_code": "250173504003007", "type": "Catch basin complaint", "date": "2015-09-02 14:51:00", "resolution": "block" }, "geometry": { "type": "Point", "coordinates": [ -71.1121655, 42.3945792 ] } },
{ "type": "Feature", "properties": { "block_code": "250173510012007", "type": "Sewer issue", "date": "2015-08-31 15:17:00", "resolution": "block" }, "geometry": { "type": "Point", "coordinates": [ -71.1129534, 42.3839669 ] } },
{ "type": "Feature", "properties": { "block_code": "250173515003011", "type": "Sewer issue", "date": "2015-08-31 11:51:00", "resolution": "block" }, "geometry": { "type": "Point", "coordinates": [ -71.0928894, 42.3776778 ] } },
{ "type": "Feature", "properties": { "block_code": "250173512033002", "type": "Sewer issue", "date": "2015-08-20 10:48:00", "resolution": "block" }, "geometry": { "type": "Point", "coordinates": [ -71.100285, 42.3760525 ] } },
{ "type": "Feature", "properties": { "block_code": "250173513003005", "type": "Catch basin complaint", "date": "2015-08-18 08:33:00", "resolution": "block" }, "geometry": { "type": "Point", "coordinates": [ -71.0946106, 42.3802947 ] } },
{ "type": "Feature", "properties": { "block_code": "250173510023000", "type": "Sewer issue", "date": "2015-08-14 10:31:00", "resolution": "block" }, "geometry": { "type": "Point", "coordinates": [ -71.111919, 42.3907589 ] } },
{ "type": "Feature", "properties": { "block_code": "250173515002010", "type": "Catch basin complaint", "date": "2015-08-13 15:40:00", "resolution": "block" }, "geometry": { "type": "Point", "coordinates": [ -71.0961629, 42.3754454 ] } },
{ "type": "Feature", "properties": { "block_code": "250173511011005", "type": "Catch basin complaint", "date": "2015-08-13 14:34:00", "resolution": "block" }, "geometry": { "type": "Point", "coordinates": [ -71.1045086, 42.3892895 ] } },
{ "type": "Feature", "properties": { "block_code": "250173512041001", "type": "Sewer issue", "date": "2015-08-12 13:28:00", "resolution": "block" }, "geometry": { "type": "Point", "coordinates": [ -71.1043838, 42.3834455 ] } },
{ "type": "Feature", "properties": { "block_code": "250173510011000", "type": "Catch basin complaint", "date": "2015-08-11 13:12:00", "resolution": "block" }, "geometry": { "type": "Point", "coordinates": [ -71.112265, 42.3871865 ] } },
{ "type": "Feature", "properties": { "block_code": "250173512032003", "type": "Sewer issue", "date": "2015-08-10 14:10:00", "resolution": "block" }, "geometry": { "type": "Point", "coordinates": [ -71.0975542, 42.3778283 ] } },
{ "type": "Feature", "properties": { "block_code": "250173515002010", "type": "Sewer issue", "date": "2015-08-04 17:36:00", "resolution": "block" }, "geometry": { "type": "Point", "coordinates": [ -71.0961629, 42.3754454 ] } },
{ "type": "Feature", "properties": { "block_code": "250173512031003", "type": "Catch basin complaint", "date": "2015-08-03 15:47:00", "resolution": "block" }, "geometry": { "type": "Point", "coordinates": [ -71.1049829, 42.3780209 ] } },
{ "type": "Feature", "properties": { "block_code": "250173501091021", "type": "Sewer issue", "date": "2015-07-24 11:40:00", "resolution": "block" }, "geometry": { "type": "Point", "coordinates": [ -71.0905632, 42.3920382 ] } },
{ "type": "Feature", "properties": { "block_code": "250173510021000", "type": "Sewer issue", "date": "2015-07-21 09:13:00", "resolution": "block" }, "geometry": { "type": "Point", "coordinates": [ -71.1090339, 42.392605 ] } },
{ "type": "Feature", "properties": { "block_code": "250173513001009", "type": "Catch basin complaint", "date": "2015-07-20 11:53:00", "resolution": "block" }, "geometry": { "type": "Point", "coordinates": [ -71.0971393, 42.3823994 ] } },
{ "type": "Feature", "properties": { "block_code": "250173502011001", "type": "Catch basin complaint", "date": "2015-07-17 15:41:00", "resolution": "block" }, "geometry": { "type": "Point", "coordinates": [ -71.0903506, 42.3884754 ] } },
{ "type": "Feature", "properties": { "block_code": "250173502022012", "type": "Catch basin complaint", "date": "2015-07-15 11:40:00", "resolution": "block" }, "geometry": { "type": "Point", "coordinates": [ -71.0977982, 42.3893001 ] } },
{ "type": "Feature", "properties": { "block_code": "250173502023001", "type": "Catch basin complaint", "date": "2015-07-15 11:20:00", "resolution": "block" }, "geometry": { "type": "Point", "coordinates": [ -71.0972757, 42.3931967 ] } }
]
}
