{
"type": "FeatureCollection",
"name": "storm_drains",
"crs": { "type": "name", "properties": { "name": "urn:ogc:def:crs:OGC:1.3:CRS84" } },
"features": [
{ "type": "Feature", "properties": { "struct_type": "catch_basin", "FacilityID": " " }, "geometry": { "type": "Point", "coordinates": [ -71.10192410731716, 42.390655848953841 ] } },
{ "type": "Feature", "properties": { "struct_type": "catch_basin", "FacilityID": " " }, "geometry": { "type": "Point", "coordinates": [ -71.09489512917358, 42.389579583858705 ] } },
{ "type": "Feature", "properties": { "struct_type": "catch_basin", "FacilityID": " " }, "geometry": { "type": "Point", "coordinates": [ -71.094806225384431, 42.389538542940265 ] } },
{ "type": "Feature", "properties": { "struct_type": "catch_basin", "FacilityID": " " }, "geometry": { "type": "Point", "coordinates": [ -71.095226784543982, 42.388895808863658 ] } },
{ "type": "Feature", "properties": { "struct_type": "catch_basin", "FacilityID": " " }, "geometry": { "type": "Point", "coordinates": [ -71.09530326916763, 42.388919304291484 ] } },
{ "type": "Feature", "properties": { "struct_type": "catch_basin", "FacilityID": " " }, "geometry": { "type": "Point", "coordinates": [ -71.095602773773763, 42.388061407495194 ] } },
{ "type": "Feature", "properties": { "struct_type": "catch_basin", "FacilityID": " " }, "geometry": { "type": "Point", "coordinates": [ -71.094136887220159, 42.390790662673304 ] } },
{ "type": "Feature", "properties": { "struct_type": "catch_basin", "FacilityID": " " }, "geometry": { "type": "Point", "coordinates": [ -71.097584436017371, 42.388300427409902 ] } },
{ "type": "Feature", "properties": { "struct_type": "catch_basin", "FacilityID": " " }, "geometry": { "type": "Point", "coordinates": [ -71.097489207233068, 42.388418719158516 ] } },
{ "type": "Feature", "properties": { "struct_type": "catch_basin", "FacilityID": " " }, "geometry": { "type": "Point", "coordinates": [ -71.097135032018002, 42.38802730251998 ] } },
{ "type": "Feature", "properties": { "struct_type": "catch_basin", "FacilityID": " " }, "geometry": { "type": "Point", "coordinates": [ -71.096946639967356, 42.387942324964897 ] } },
{ "type": "Feature", "properties": { "struct_type": "catch_basin", "FacilityID": " " }, "geometry": { "type": "Point", "coordinates": [ -71.096756323011263, 42.387855905301116 ] } },
{ "type": "Feature", "properties": { "struct_type": "catch_basin", "FacilityID": " " }, "geometry": { "type": "Point", "coordinates": [ -71.096618572973114, 42.387689635379857 ] } },
{ "type": "Feature", "properties": { "struct_type": "catch_basin", "FacilityID": " " }, "geometry": { "type": "Point", "coordinates": [ -71.096370580870072, 42.38757871872231 ] } },
{ "type": "Feature", "properties": { "struct_type": "catch_basin", "FacilityID": " " }, "geometry": { "type": "Point", "coordinates": [ -71.096143068468663, 42.387580775183743 ] } },
{ "type": "Feature", "properties": { "struct_type": "catch_basin", "FacilityID": " " }, "geometry": { "type": "Point", "coordinates": [ -71.09659824137978, 42.387855351176611 ] } },
{ "type": "Feature", "properties": { "struct_type": "catch_basin", "FacilityID": " " }, "geometry": { "type": "Point", "coordinates": [ -71.096584661101446, 42.387868165003297 ] } },
{ "type": "Feature", "properties": { "struct_type": "catch_basin", "FacilityID": " " }, "geometry": { "type": "Point", "coordinates": [ -71.093805482347648, 42.386674462009353 ] } },
{ "type": "Feature", "properties": { "struct_type": "catch_basin", "FacilityID": " " }, "geometry": { "type": "Point", "coordinates": [ -71.093870576498006, 42.38661678738189 ] } },
{ "type": "Feature", "properties": { "struct_type": "catch_basin", "FacilityID": " " }, "geometry": { "type": "Point", "coordinates": [ -71.10188234353258, 42.390552802236087 ] } },
{ "type": "Feature", "properties": { "struct_type": "catch_basin", "FacilityID": " " }, "geometry": { "type": "Point", "coordinates": [ -71.103544761609669, 42.391093060077495 ] } },
{ "type": "Feature", "properties": { "struct_type": "catch_basin", "FacilityID": " " }, "geometry": { "type": "Point", "coordinates": [ -71.102830215648183, 42.390666124749224 ] } },
{ "type": "Feature", "properties": { "struct_type": "catch_basin", "FacilityID": " " }, "geometry": { "type": "Point", "coordinates": [ -71.102917421244584, 42.390594968547319 ] } },
{ "type": "Feature", "properties": { "struct_type": "catch_basin", "FacilityID": " " }, "geometry": { "type": "Point", "coordinates": [ -71.102584179825641, 42.390546649604886 ] } },
{ "type": "Feature", "properties": { "struct_type": "catch_basin", "FacilityID": " " }, "geometry": { "type": "Point", "coordinates": [ -71.102215609938582, 42.390204416749413 ] } },
{ "type": "Feature", "properties": { "struct_type": "catch_basin", "FacilityID": " " }, "geometry": { "type": "Point", "coordinates": [ -71.10212916660339, 42.390176398195443 ] } },
{ "type": "Feature", "properties": { "struct_type": "catch_basin", "FacilityID": " " }, "geometry": { "type": "Point", "coordinates": [ -71.101471923005775, 42.390208373135806 ] } },
{ "type": "Feature", "properties": { "struct_type": "catch_basin", "FacilityID": " " }, "geometry": { "type": "Point", "coordinates": [ -71.100675093394855, 42.389686808565109 ] } },
{ "type": "Feature", "properties": { "struct_type": "catch_basin", "FacilityID": " " }, "geometry": { "type": "Point", "coordinates": [ -71.100480833770902, 42.389613249183746 ] } },
{ "type": "Feature", "properties": { "struct_type": "catch_basin", "FacilityID": " " }, "geometry": { "type": "Point", "coordinates": [ -71.100465989608153, 42.389826147692503 ] } },
{ "type": "Feature", "properties": { "struct_type": "catch_basin", "FacilityID": " " }, "geometry": { "type": "Point", "coordinates": [ -71.100539013124603, 42.389863556771999 ] } },
{ "type": "Feature", "properties": { "struct_type": "catch_basin", "FacilityID": " " }, "geometry": { "type": "Point", "coordinates": [ -71.100122303543216, 42.389600570169875 ] } },
{ "type": "Feature", "properties": { "struct_type": "catch_basin", "FacilityID": " " }, "geometry": { "type": "Point", "coordinates": [ -71.098974568116986, 42.389084918288283 ] } },
{ "type": "Feature", "properties": { "struct_type": "catch_basin", "FacilityID": " " }, "geometry": { "type": "Point", "coordinates": [ -71.099058151440545, 42.388978023744791 ] } },
{ "type": "Feature", "properties": { "struct_type": "catch_basin", "FacilityID": " " }, "geometry": { "type": "Point", "coordinates": [ -71.107593166176599, 42.384095464165412 ] } },
{ "type": "Feature", "properties": { "struct_type": "catch_basin", "FacilityID": " " }, "geometry": { "type": "Point", "coordinates": [ -71.107689497486277, 42.384105798421878 ] } },
{ "type": "Feature", "properties": { "struct_type": "catch_basin", "FacilityID": " " }, "geometry": { "type": "Point", "coordinates": [ -71.108441917164555, 42.391134969079538 ] } },
{ "type": "Feature", "properties": { "struct_type": "catch_basin", "FacilityID": " " }, "geometry": { "type": "Point", "coordinates": [ -71.108385343838592, 42.391199953333697 ] } },
{ "type": "Feature", "properties": { "struct_type": "catch_basin", "FacilityID": " " }, "geometry": { "type": "Point", "coordinates": [ -71.108151451571828, 42.391110446934896 ] } },
{ "type": "Feature", "properties": { "struct_type": "catch_basin", "FacilityID": " " }, "geometry": { "type": "Point", "coordinates": [ -71.10820314797256, 42.391043641123737 ] } },
{ "type": "Feature", "properties": { "struct_type": "catch_basin", "FacilityID": " " }, "geometry": { "type": "Point", "coordinates": [ -71.107257875873728, 42.390674735035219 ] } },
{ "type": "Feature", "properties": { "struct_type": "catch_basin", "FacilityID": " " }, "geometry": { "type": "Point", "coordinates": [ -71.107264634165091, 42.390767084687191 ] } },
{ "type": "Feature", "properties": { "struct_type": "catch_basin", "FacilityID": " " }, "geometry": { "type": "Point", "coordinates": [ -71.107645035412261, 42.390791551164561 ] } },
{ "type": "Feature", "properties": { "struct_type": "catch_basin", "FacilityID": " " }, "geometry": { "type": "Point", "coordinates": [ -71.107510436097698, 42.390732489193304 ] } },
{ "type": "Feature", "properties": { "struct_type": "catch_basin", "FacilityID": " " }, "geometry": { "type": "Point", "coordinates": [ -71.10743079650284, 42.390827975971803 ] } },
{ "type": "Feature", "properties": { "struct_type": "catch_basin", "FacilityID": " " }, "geometry": { "type": "Point", "coordinates": [ -71.105744935743886, 42.390179074106598 ] } },
{ "type": "Feature", "properties": { "struct_type": "catch_basin", "FacilityID": " " }, "geometry": { "type": "Point", "coordinates": [ -71.105682813338376, 42.39024746361212 ] } },
{ "type": "Feature", "properties": { "struct_type": "catch_basin", "FacilityID": " " }, "geometry": { "type": "Point", "coordinates": [ -71.106197074179548, 42.390329259837898 ] } },
{ "type": "Feature", "properties": { "struct_type": "catch_basin", "FacilityID": " " }, "geometry": { "type": "Point", "coordinates": [ -71.106185021725253, 42.390407819490271 ] } },
{ "type": "Feature", "properties": { "struct_type": "catch_basin", "FacilityID": " " }, "geometry": { "type": "Point", "coordinates": [ -71.106726147540755, 42.390511145494116 ] } },
{ "type": "Feature", "properties": { "struct_type": "catch_basin", "FacilityID": " " }, "geometry": { "type": "Point", "coordinates": [ -71.106669864922821, 42.390570983001403 ] } },
{ "type": "Feature", "properties": { "struct_type": "catch_basin", "FacilityID": " " }, "geometry": { "type": "Point", "coordinates": [ -71.104312506441687, 42.389703951592239 ] } },
{ "type": "Feature", "properties": { "struct_type": "catch_basin", "FacilityID": " " }, "geometry": { "type": "Point", "coordinates": [ -71.104273437785594, 42.38978528015231 ] } },
{ "type": "Feature", "properties": { "struct_type": "catch_basin", "FacilityID": " " }, "geometry": { "type": "Point", "coordinates": [ -71.104658902659153, 42.389806610355272 ] } },
{ "type": "Feature", "properties": { "struct_type": "catch_basin", "FacilityID": " " }, "geometry": { "type": "Point", "coordinates": [ -71.104816677385585, 42.389858604348412 ] } },
{ "type": "Feature", "properties": { "struct_type": "catch_basin", "FacilityID": " " }, "geometry": { "type": "Point", "coordinates": [ -71.104766020064645, 42.389942754365663 ] } },
{ "type": "Feature", "properties": { "struct_type": "catch_basin", "FacilityID": " " }, "geometry": { "type": "Point", "coordinates": [ -71.105130222811923, 42.389974016583587 ] } },
{ "type": "Feature", "properties": { "struct_type": "catch_basin", "FacilityID": " " }, "geometry": { "type": "Point", "coordinates": [ -71.105083468766438, 42.390051036395214 ] } },
{ "type": "Feature", "properties": { "struct_type": "catch_basin", "FacilityID": " " }, "geometry": { "type": "Point", "coordinates": [ -71.103870972570618, 42.389555222759107 ] } },
{ "type": "Feature", "properties": { "struct_type": "catch_basin", "FacilityID": " " }, "geometry": { "type": "Point", "coordinates": [ -71.103749107714108, 42.389619115701407 ] } },
{ "type": "Feature", "properties": { "struct_type": "catch_basin", "FacilityID": " " }, "geometry": { "type": "Point", "coordinates": [ -71.103707476456478, 42.389493202920548 ] } },
{ "type": "Feature", "properties": { "struct_type": "catch_basin", "FacilityID": " " }, "geometry": { "type": "Point", "coordinates": [ -71.102943728182268, 42.389229023579269 ] } },
{ "type": "Feature", "properties": { "struct_type": "catch_basin", "FacilityID": " " }, "geometry": { "type": "Point", "coordinates": [ -71.104646740378953, 42.39048669643568 ] } },
{ "type": "Feature", "properties": { "struct_type": "catch_basin", "FacilityID": " " }, "geometry": { "type": "Point", "coordinates": [ -71.104692141210393, 42.390420152338386 ] } },
{ "type": "Feature", "properties": { "struct_type": "catch_basin", "FacilityID": " " }, "geometry": { "type": "Point", "coordinates": [ -71.10646953805437, 42.391076532735511 ] } },
{ "type": "Feature", "properties": { "struct_type": "catch_basin", "FacilityID": " " }, "geometry": { "type": "Point", "coordinates": [ -71.106419618254478, 42.391146391303714 ] } },
{ "type": "Feature", "properties": { "struct_type": "storm_inlet", "FacilityID": "SW-CB-00713" }, "geometry": { "type": "Point", "coordinates": [ -71.096649681760766, 42.380551880464417 ] } },
{ "type": "Feature", "properties": { "struct_type": "storm_inlet", "FacilityID": "SW-CB-02718" }, "geometry": { "type": "Point", "coordinates": [ -71.095733116144672, 42.388891758719957 ] } },
{ "type": "Feature", "properties": { "struct_type": "storm_inlet", "FacilityID": "SW-CB-02613" }, "geometry": { "type": "Point", "coordinates": [ -71.107078628592603, 42.380602187571689 ] } },
{ "type": "Feature", "properties": { "struct_type": "storm_inlet", "FacilityID": "SW-CB-00489" }, "geometry": { "type": "Point", "coordinates": [ -71.104658748703272, 42.38983434121193 ] } },
{ "type": "Feature", "properties": { "struct_type": "storm_inlet", "FacilityID": "SW-CB-01024" }, "geometry": { "type": "Point", "coordinates": [ -71.104782507854793, 42.383857490463036 ] } },
{ "type": "Feature", "properties": { "struct_type": "storm_inlet", "FacilityID": "SW-CB-02825" }, "geometry": { "type": "Point", "coordinates": [ -71.102944449404049, 42.389037004877366 ] } },
{ "type": "Feature", "properties": { "struct_type": "storm_inlet", "FacilityID": "SW-CB-01028" }, "geometry": { "type": "Point", "coordinates": [ -71.105299853069283, 42.383120478673426 ] } },
{ "type": "Feature", "properties": { "struct_type": "storm_inlet", "FacilityID": "SW-CB-02628" }, "geometry": { "type": "Point", "coordinates": [ -71.095732911182196, 42.38575013066243 ] } },
{ "type": "Feature", "properties": { "struct_type": "storm_inlet", "FacilityID": "SW-CB-02746" }, "geometry": { "type": "Point", "coordinates": [ -71.097967804791352, 42.388055260272104 ] } },
{ "type": "Feature", "properties": { "struct_type": "storm_inlet", "FacilityID": "SW-CB-02649" }, "geometry": { "type": "Point", "coordinates": [ -71.098238760156306, 42.391117380010471 ] } },
{ "type": "Feature", "properties": { "struct_type": "storm_inlet", "FacilityID": "SW-CB-02809" }, "geometry": { "type": "Point", "coordinates": [ -71.10094146839532, 42.389324644378647 ] } },
{ "type": "Feature", "properties": { "struct_type": "storm_inlet", "FacilityID": "SW-CB-00484" }, "geometry": { "type": "Point", "coordinates": [ -71.10619851489848, 42.390411300245276 ] } },
{ "type": "Feature", "properties": { "struct_type": "storm_inlet", "FacilityID": "SW-CB-02629" }, "geometry": { "type": "Point", "coordinates": [ -71.098612761123789, 42.38678256934125 ] } },
{ "type": "Feature", "properties": { "struct_type": "storm_inlet", "FacilityID": "SW-CB-00711" }, "geometry": { "type": "Point", "coordinates": [ -71.096519338460112, 42.380475961581531 ] } },
{ "type": "Feature", "properties": { "struct_type": "storm_inlet", "FacilityID": "SW-CB-01518" }, "geometry": { "type": "Point", "coordinates": [ -71.093792954603089, 42.387506029071211 ] } },
{ "type": "Feature", "properties": { "struct_type": "storm_inlet", "FacilityID": "SW-CB-01506" }, "geometry": { "type": "Point", "coordinates": [ -71.094581279751623, 42.389792260444672 ] } },
{ "type": "Feature", "properties": { "struct_type": "storm_inlet", "FacilityID": "SW-CB-00742" }, "geometry": { "type": "Point", "coordinates": [ -71.099432153775808, 42.383293647600944 ] } },
{ "type": "Feature", "properties": { "struct_type": "storm_inlet", "FacilityID": "SW-CB-02559" }, "geometry": { "type": "Point", "coordinates": [ -71.099067984472853, 42.380169623665715 ] } },
{ "type": "Feature", "properties": { "struct_type": "storm_inlet", "FacilityID": "SW-CB-01048" }, "geometry": { "type": "Point", "coordinates": [ -71.103189062971438, 42.382461062507126 ] } },
{ "type": "Feature", "properties": { "struct_type": "storm_inlet", "FacilityID": "SW-CB-02359" }, "geometry": { "type": "Point", "coordinates": [ -71.099292373032512, 42.382247312974457 ] } },
{ "type": "Feature", "properties": { "struct_type": "storm_inlet", "FacilityID": "SW-CB-02827" }, "geometry": { "type": "Point", "coordinates": [ -71.102414118772444, 42.389800795167645 ] } },
{ "type": "Feature", "properties": { "struct_type": "storm_inlet", "FacilityID": "SW-CB-02625" }, "geometry": { "type": "Point", "coordinates": [ -71.105511755789053, 42.381871785752779 ] } },
{ "type": "Feature", "properties": { "struct_type": "storm_inlet", "FacilityID": "SW-CB-01033" }, "geometry": { "type": "Point", "coordinates": [ -71.106515452291049, 42.38341084706331 ] } },
{ "type": "Feature", "properties": { "struct_type": "storm_inlet", "FacilityID": "SW-CB-01471" }, "geometry": { "type": "Point", "coordinates": [ -71.095611223416398, 42.387706951729939 ] } },
{ "type": "Feature", "properties": { "struct_type": "storm_inlet", "FacilityID": "SW-CB-01519" }, "geometry": { "type": "Point", "coordinates": [ -71.094412526677061, 42.387175116328976 ] } },
{ "type": "Feature", "properties": { "struct_type": "storm_inlet", "FacilityID": "SW-CB-00735" }, "geometry": { "type": "Point", "coordinates": [ -71.098820060286954, 42.383453368784117 ] } },
{ "type": "Feature", "properties": { "struct_type": "storm_inlet", "FacilityID": "SW-CB-00680" }, "geometry": { "type": "Point", "coordinates": [ -71.095590790499685, 42.380139142357393 ] } },
{ "type": "Feature", "properties": { "struct_type": "storm_inlet", "FacilityID": "SW-CB-01073" }, "geometry": { "type": "Point", "coordinates": [ -71.101388106631575, 42.381872779157945 ] } },
{ "type": "Feature", "properties": { "struct_type": "storm_inlet", "FacilityID": "SW-CB-00698" }, "geometry": { "type": "Point", "coordinates": [ -71.098824349435063, 42.380883055328837 ] } },
{ "type": "Feature", "properties": { "struct_type": "storm_inlet", "FacilityID": "SW-CB-00723" }, "geometry": { "type": "Point", "coordinates": [ -71.097704191792104, 42.383220132356328 ] } },
{ "type": "Feature", "properties": { "struct_type": "storm_inlet", "FacilityID": "SW-CB-01094" }, "geometry": { "type": "Point", "coordinates": [ -71.095454650036132, 42.383194649376996 ] } },
{ "type": "Feature", "properties": { "struct_type": "storm_inlet", "FacilityID": "SW-CB-02810" }, "geometry": { "type": "Point", "coordinates": [ -71.100414508050648, 42.389891256486223 ] } },
{ "type": "Feature", "properties": { "struct_type": "storm_inlet", "FacilityID": "SW-CB-02750" }, "geometry": { "type": "Point", "coordinates": [ -71.105340123594914, 42.389028878830572 ] } },
{ "type": "Feature", "properties": { "struct_type": "storm_inlet", "FacilityID": "SW-CB-02757" }, "geometry": { "type": "Point", "coordinates": [ -71.108040780889866, 42.390195952841296 ] } },
{ "type": "Feature", "properties": { "struct_type": "storm_inlet", "FacilityID": "SW-CB-02618" }, "geometry": { "type": "Point", "coordinates": [ -71.109900824241222, 42.38201742042417 ] } },
{ "type": "Feature", "properties": { "struct_type": "storm_inlet", "FacilityID": "SW-CB-00938" }, "geometry": { "type": "Point", "coordinates": [ -71.109002795659208, 42.387543711857631 ] } },
{ "type": "Feature", "properties": { "struct_type": "storm_inlet", "FacilityID": "SW-CB-00788" }, "geometry": { "type": "Point", "coordinates": [ -71.09705433569853, 42.384354016119929 ] } },
{ "type": "Feature", "properties": { "struct_type": "storm_inlet", "FacilityID": "SW-CB-01029" }, "geometry": { "type": "Point", "coordinates": [ -71.105491083953396, 42.383092483939343 ] } },
{ "type": "Feature", "properties": { "struct_type": "storm_inlet", "FacilityID": "SW-CB-00136" }, "geometry": { "type": "Point", "coordinates": [ -71.096598846671625, 42.387864029323929 ] } },
{ "type": "Feature", "properties": { "struct_type": "storm_inlet", "FacilityID": "SW-CB-00953" }, "geometry": { "type": "Point", "coordinates": [ -71.108859768679224, 42.384817229655432 ] } },
{ "type": "Feature", "properties": { "struct_type": "storm_inlet", "FacilityID": "SW-CB-00534" }, "geometry": { "type": "Point", "coordinates": [ -71.104717704281029, 42.390446304217214 ] } },
{ "type": "Feature", "properties": { "struct_type": "storm_inlet", "FacilityID": "SW-CB-01008" }, "geometry": { "type": "Point", "coordinates": [ -71.103793766257823, 42.387835659112291 ] } },
{ "type": "Feature", "properties": { "struct_type": "storm_inlet", "FacilityID": "SW-CB-01080" }, "geometry": { "type": "Point", "coordinates": [ -71.100900704479045, 42.381571914300444 ] } },
{ "type": "Feature", "properties": { "struct_type": "storm_inlet", "FacilityID": "SW-CB-02576" }, "geometry": { "type": "Point", "coordinates": [ -71.106598286760644, 42.380516148950761 ] } },
{ "type": "Feature", "properties": { "struct_type": "storm_inlet", "FacilityID": "SW-CB-01020" }, "geometry": { "type": "Point", "coordinates": [ -71.103570648827116, 42.384447207469243 ] } },
{ "type": "Feature", "properties": { "struct_type": "storm_inlet", "FacilityID": "SW-CB-00129" }, "geometry": { "type": "Point", "coordinates": [ -71.097489811443921, 42.388427396395436 ] } },
{ "type": "Feature", "properties": { "struct_type": "storm_inlet", "FacilityID": "SW-CB-00822" }, "geometry": { "type": "Point", "coordinates": [ -71.09954888664997, 42.386261806273581 ] } },
{ "type": "Feature", "properties": { "struct_type": "storm_inlet", "FacilityID": "SW-CB-00746" }, "geometry": { "type": "Point", "coordinates": [ -71.100320482991094, 42.383104624583297 ] } },
{ "type": "Feature", "properties": { "struct_type": "storm_inlet", "FacilityID": "SW-CB-00138" }, "geometry": { "type": "Point", "coordinates": [ -71.093806086036253, 42.386683139269181 ] } },
{ "type": "Feature", "properties": { "struct_type": "storm_inlet", "FacilityID": "SW-CB-02836" }, "geometry": { "type": "Point", "coordinates": [ -71.109161592007851, 42.389951464035796 ] } },
{ "type": "Feature", "properties": { "struct_type": "storm_inlet", "FacilityID": "SW-CB-00805" }, "geometry": { "type": "Point", "coordinates": [ -71.101586243717435, 42.385460426839145 ] } },
{ "type": "Feature", "properties": { "struct_type": "storm_inlet", "FacilityID": "SW-CB-00968" }, "geometry": { "type": "Point", "coordinates": [ -71.108478632243333, 42.383758868801401 ] } },
{ "type": "Feature", "properties": { "struct_type": "storm_inlet", "FacilityID": "SW-CB-02717" }, "geometry": { "type": "Point", "coordinates": [ -71.095682650378293, 42.388944938448994 ] } },
{ "type": "Feature", "properties": { "struct_type": "storm_inlet", "FacilityID": "SW-CB-00894" }, "geometry": { "type": "Point", "coordinates": [ -71.109645754058405, 42.387883867190517 ] } },
{ "type": "Feature", "properties": { "struct_type": "storm_inlet", "FacilityID": "SW-CB-00801" }, "geometry": { "type": "Point", "coordinates": [ -71.099422326214921, 42.385748520391793 ] } },
{ "type": "Feature", "properties": { "struct_type": "storm_inlet", "FacilityID": "SW-CB-00808" }, "geometry": { "type": "Point", "coordinates": [ -71.103159059647638, 42.386099832602753 ] } },
{ "type": "Feature", "properties": { "struct_type": "storm_inlet", "FacilityID": "SW-CB-01515" }, "geometry": { "type": "Point", "coordinates": [ -71.093678978430091, 42.38818358289452 ] } },
{ "type": "Feature", "properties": { "struct_type": "storm_inlet", "FacilityID": "SW-CB-00717" }, "geometry": { "type": "Point", "coordinates": [ -71.096658180436151, 42.381596944842101 ] } },
{ "type": "Feature", "properties": { "struct_type": "storm_inlet", "FacilityID": "SW-CB-00967" }, "geometry": { "type": "Point", "coordinates": [ -71.10797521357236, 42.383693983522498 ] } },
{ "type": "Feature", "properties": { "struct_type": "storm_inlet", "FacilityID": "SW-CB-00024" }, "geometry": { "type": "Point", "coordinates": [ -71.09523045725274, 42.388907164444518 ] } },
{ "type": "Feature", "properties": { "struct_type": "storm_inlet", "FacilityID": "SW-CB-00741" }, "geometry": { "type": "Point", "coordinates": [ -71.099950371638727, 42.382461054277464 ] } },
{ "type": "Feature", "properties": { "struct_type": "storm_inlet", "FacilityID": "SW-CB-00997" }, "geometry": { "type": "Point", "coordinates": [ -71.104588724237999, 42.386852916642056 ] } },
{ "type": "Feature", "properties": { "struct_type": "storm_inlet", "FacilityID": "SW-CB-00131" }, "geometry": { "type": "Point", "coordinates": [ -71.096947244099155, 42.387951002205703 ] } },
{ "type": "Feature", "properties": { "struct_type": "storm_inlet", "FacilityID": "SW-CB-00693" }, "geometry": { "type": "Point", "coordinates": [ -71.097958366164448, 42.380527687227158 ] } },
{ "type": "Feature", "properties": { "struct_type": "storm_inlet", "FacilityID": "SW-CB-02579" }, "geometry": { "type": "Point", "coordinates": [ -71.105519164688104, 42.380659185713938 ] } },
{ "type": "Feature", "properties": { "struct_type": "storm_inlet", "FacilityID": "SW-CB-01070" }, "geometry": { "type": "Point", "coordinates": [ -71.102811920686818, 42.384516090296891 ] } },
{ "type": "Feature", "properties": { "struct_type": "storm_inlet", "FacilityID": "SW-CB-00991" }, "geometry": { "type": "Point", "coordinates": [ -71.107162769440805, 42.385118777598898 ] } },
{ "type": "Feature", "properties": { "struct_type": "storm_inlet", "FacilityID": "SW-CB-00963" }, "geometry": { "type": "Point", "coordinates": [ -71.108003327666268, 42.384824825721289 ] } },
{ "type": "Feature", "properties": { "struct_type": "storm_inlet", "FacilityID": "SW-CB-00728" }, "geometry": { "type": "Point", "coordinates": [ -71.098681838182003, 42.382501275162028 ] } },
{ "type": "Feature", "properties": { "struct_type": "storm_inlet", "FacilityID": "SW-CB-02645" }, "geometry": { "type": "Point", "coordinates": [ -71.099038052254457, 42.390905216673808 ] } },
{ "type": "Feature", "properties": { "struct_type": "storm_inlet", "FacilityID": "SW-CB-02646" }, "geometry": { "type": "Point", "coordinates": [ -71.09894536797799, 42.391048765935061 ] } },
{ "type": "Feature", "properties": { "struct_type": "storm_inlet", "FacilityID": "SW-CB-00472" }, "geometry": { "type": "Point", "coordinates": [ -71.108449572688713, 42.391147243460061 ] } },
{ "type": "Feature", "properties": { "struct_type": "storm_inlet", "FacilityID": "SW-CB-00809" }, "geometry": { "type": "Point", "coordinates": [ -71.103478247782263, 42.386925344457225 ] } },
{ "type": "Feature", "properties": { "struct_type": "storm_inlet", "FacilityID": "SW-CB-01078" }, "geometry": { "type": "Point", "coordinates": [ -71.101038934364553, 42.382210929019578 ] } },
{ "type": "Feature", "properties": { "struct_type": "storm_inlet", "FacilityID": "SW-CB-00132" }, "geometry": { "type": "Point", "coordinates": [ -71.096756927116147, 42.387864582543081 ] } },
{ "type": "Feature", "properties": { "struct_type": "storm_inlet", "FacilityID": "SW-CB-01007" }, "geometry": { "type": "Point", "coordinates": [ -71.106042663203965, 42.387926796768333 ] } },
{ "type": "Feature", "properties": { "struct_type": "storm_inlet", "FacilityID": "SW-CB-00803" }, "geometry": { "type": "Point", "coordinates": [ -71.098884019685471, 42.386677769889694 ] } },
{ "type": "Feature", "properties": { "struct_type": "storm_inlet", "FacilityID": "SW-CB-02765" }, "geometry": { "type": "Point", "coordinates": [ -71.109431285889244, 42.390773695010587 ] } },
{ "type": "Feature", "properties": { "struct_type": "storm_inlet", "FacilityID": "SW-CB-02641" }, "geometry": { "type": "Point", "coordinates": [ -71.098382847114337, 42.390427243310974 ] } },
{ "type": "Feature", "properties": { "struct_type": "storm_inlet", "FacilityID": "SW-CB-02405" }, "geometry": { "type": "Point", "coordinates": [ -71.108696741298729, 42.380278332834351 ] } },
{ "type": "Feature", "properties": { "struct_type": "storm_inlet", "FacilityID": "SW-CB-01041" }, "geometry": { "type": "Point", "coordinates": [ -71.104047106123744, 42.382798085104099 ] } },
{ "type": "Feature", "properties": { "struct_type": "storm_inlet", "FacilityID": "SW-CB-02577" }, "geometry": { "type": "Point", "coordinates": [ -71.105991192695427, 42.380845455068581 ] } },
{ "type": "Feature", "properties": { "struct_type": "storm_inlet", "FacilityID": "SW-CB-02830" }, "geometry": { "type": "Point", "coordinates": [ -71.108242133326954, 42.388449212988569 ] } },
{ "type": "Feature", "properties": { "struct_type": "storm_inlet", "FacilityID": "SW-CB-02581" }, "geometry": { "type": "Point", "coordinates": [ -71.10454717777462, 42.380479579519395 ] } },
{ "type": "Feature", "properties": { "struct_type": "storm_inlet", "FacilityID": "SW-CB-00207" }, "geometry": { "type": "Point", "coordinates": [ -71.102178689283932, 42.390132650065688 ] } },
{ "type": "Feature", "properties": { "struct_type": "storm_inlet", "FacilityID": "SW-CB-00977" }, "geometry": { "type": "Point", "coordinates": [ -71.106873571217108, 42.383484812369836 ] } },
{ "type": "Feature", "properties": { "struct_type": "storm_inlet", "FacilityID": "SW-CB-02828" }, "geometry": { "type": "Point", "coordinates": [ -71.102128822824454, 42.390202080252187 ] } },
{ "type": "Feature", "properties": { "struct_type": "storm_inlet", "FacilityID": "SW-CB-00821" }, "geometry": { "type": "Point", "coordinates": [ -71.100525192663767, 42.385881101580651 ] } },
{ "type": "Feature", "properties": { "struct_type": "storm_inlet", "FacilityID": "SW-CB-02833" }, "geometry": { "type": "Point", "coordinates": [ -71.108497182475588, 42.389366856230055 ] } },
{ "type": "Feature", "properties": { "struct_type": "storm_inlet", "FacilityID": "SW-CB-00487" }, "geometry": { "type": "Point", "coordinates": [ -71.10431243879087, 42.389717867018668 ] } },
{ "type": "Feature", "properties": { "struct_type": "storm_inlet", "FacilityID": "SW-CB-01074" }, "geometry": { "type": "Point", "coordinates": [ -71.101707578358017, 42.381842624132766 ] } },
{ "type": "Feature", "properties": { "struct_type": "storm_inlet", "FacilityID": "SW-CB-02755" }, "geometry": { "type": "Point", "coordinates": [ -71.107361203877517, 42.389889120997637 ] } },
{ "type": "Feature", "properties": { "struct_type": "storm_inlet", "FacilityID": "SW-CB-00492" }, "geometry": { "type": "Point", "coordinates": [ -71.105113125009652, 42.389987874465284 ] } },
{ "type": "Feature", "properties": { "struct_type": "storm_inlet", "FacilityID": "SW-CB-01986" }, "geometry": { "type": "Point", "coordinates": [ -71.09778022076739, 42.386586644907979 ] } },
{ "type": "Feature", "properties": { "struct_type": "storm_inlet", "FacilityID": "SW-CB-00488" }, "geometry": { "type": "Point", "coordinates": [ -71.104265493046213, 42.38977415865358 ] } },
{ "type": "Feature", "properties": { "struct_type": "storm_inlet", "FacilityID": "SW-CB-00734" }, "geometry": { "type": "Point", "coordinates": [ -71.098461348378777, 42.383981637198559 ] } },
{ "type": "Feature", "properties": { "struct_type": "storm_inlet", "FacilityID": "SW-CB-00798" }, "geometry": { "type": "Point", "coordinates": [ -71.097941429468335, 42.386239673894714 ] } },
{ "type": "Feature", "properties": { "struct_type": "storm_inlet", "FacilityID": "SW-CB-00485" }, "geometry": { "type": "Point", "coordinates": [ -71.106726755468173, 42.390519822686628 ] } },
{ "type": "Feature", "properties": { "struct_type": "storm_inlet", "FacilityID": "SW-CB-00787" }, "geometry": { "type": "Point", "coordinates": [ -71.097230620387791, 42.384047449436991 ] } },
{ "type": "Feature", "properties": { "struct_type": "storm_inlet", "FacilityID": "SW-CB-00135" }, "geometry": { "type": "Point", "coordinates": [ -71.096143672486775, 42.387589452429509 ] } },
{ "type": "Feature", "properties": { "struct_type": "storm_inlet", "FacilityID": "SW-CB-02761" }, "geometry": { "type": "Point", "coordinates": [ -71.108858797606743, 42.390689810362055 ] } },
{ "type": "Feature", "properties": { "struct_type": "storm_inlet", "FacilityID": "SW-CB-01039" }, "geometry": { "type": "Point", "coordinates": [ -71.104250140828867, 42.382670808380155 ] } },
{ "type": "Feature", "properties": { "struct_type": "storm_inlet", "FacilityID": "SW-CB-02747" }, "geometry": { "type": "Point", "coordinates": [ -71.097763251777153, 42.388166213727651 ] } },
{ "type": "Feature", "properties": { "struct_type": "storm_inlet", "FacilityID": "SW-CB-00959" }, "geometry": { "type": "Point", "coordinates": [ -71.107295909708938, 42.385927426726489 ] } },
{ "type": "Feature", "properties": { "struct_type": "storm_inlet", "FacilityID": "SW-CB-02573" }, "geometry": { "type": "Point", "coordinates": [ -71.106024816151475, 42.380773255820785 ] } },
{ "type": "Feature", "properties": { "struct_type": "storm_inlet", "FacilityID": "SW-CB-02616" }, "geometry": { "type": "Point", "coordinates": [ -71.108308657942644, 42.381610163031553 ] } },
{ "type": "Feature", "properties": { "struct_type": "storm_inlet", "FacilityID": "SW-CB-00709" }, "geometry": { "type": "Point", "coordinates": [ -71.096495170283148, 42.380678633447317 ] } },
{ "type": "Feature", "properties": { "struct_type": "storm_inlet", "FacilityID": "SW-CB-02634" }, "geometry": { "type": "Point", "coordinates": [ -71.097059296279937, 42.38912204295513 ] } },
{ "type": "Feature", "properties": { "struct_type": "storm_inlet", "FacilityID": "SW-CB-00763" }, "geometry": { "type": "Point", "coordinates": [ -71.094370817804389, 42.381424076277256 ] } },
{ "type": "Feature", "properties": { "struct_type": "storm_inlet", "FacilityID": "SW-CB-01027" }, "geometry": { "type": "Point", "coordinates": [ -71.105400028013719, 42.383122892944236 ] } },
{ "type": "Feature", "properties": { "struct_type": "storm_inlet", "FacilityID": "SW-CB-01086" }, "geometry": { "type": "Point", "coordinates": [ -71.100249733618071, 42.380401070299342 ] } },
{ "type": "Feature", "properties": { "struct_type": "storm_inlet", "FacilityID": "SW-CB-01492" }, "geometry": { "type": "Point", "coordinates": [ -71.094639879465291, 42.38787952916654 ] } },
{ "type": "Feature", "properties": { "struct_type": "storm_inlet", "FacilityID": "SW-CB-01493" }, "geometry": { "type": "Point", "coordinates": [ -71.093852957847247, 42.387533381721973 ] } },
{ "type": "Feature", "properties": { "struct_type": "storm_inlet", "FacilityID": "SW-CB-01508" }, "geometry": { "type": "Point", "coordinates": [ -71.094117339380787, 42.390903686281938 ] } },
{ "type": "Feature", "properties": { "struct_type": "storm_inlet", "FacilityID": "SW-CB-02593" }, "geometry": { "type": "Point", "coordinates": [ -71.103942802138135, 42.380372981136389 ] } },
{ "type": "Feature", "properties": { "struct_type": "storm_inlet", "FacilityID": "SW-CB-01079" }, "geometry": { "type": "Point", "coordinates": [ -71.100658748083703, 42.381649863055387 ] } },
{ "type": "Feature", "properties": { "struct_type": "storm_inlet", "FacilityID": "SW-CB-00949" }, "geometry": { "type": "Point", "coordinates": [ -71.109131998485836, 42.385273360269785 ] } },
{ "type": "Feature", "properties": { "struct_type": "storm_inlet", "FacilityID": "SW-CB-01062" }, "geometry": { "type": "Point", "coordinates": [ -71.100895093453545, 42.383744712321473 ] } },
{ "type": "Feature", "properties": { "struct_type": "storm_inlet", "FacilityID": "SW-CB-02592" }, "geometry": { "type": "Point", "coordinates": [ -71.103710097621033, 42.380347026764476 ] } },
{ "type": "Feature", "properties": { "struct_type": "storm_inlet", "FacilityID": "SW-CB-02724" }, "geometry": { "type": "Point", "coordinates": [ -71.097953414038059, 42.389080093462532 ] } },
{ "type": "Feature", "properties": { "struct_type": "storm_inlet", "FacilityID": "SW-CB-02748" }, "geometry": { "type": "Point", "coordinates": [ -71.097765940222416, 42.388349732237977 ] } },
{ "type": "Feature", "properties": { "struct_type": "storm_inlet", "FacilityID": "SW-CB-02760" }, "geometry": { "type": "Point", "coordinates": [ -71.108806750902872, 42.390543091891388 ] } },
{ "type": "Feature", "properties": { "struct_type": "storm_inlet", "FacilityID": "SW-CB-02759" }, "geometry": { "type": "Point", "coordinates": [ -71.10880119724213, 42.390484953529331 ] } },
{ "type": "Feature", "properties": { "struct_type": "storm_inlet", "FacilityID": "SW-CB-02580" }, "geometry": { "type": "Point", "coordinates": [ -71.10464452614174, 42.38049020524052 ] } },
{ "type": "Feature", "properties": { "struct_type": "storm_inlet", "FacilityID": "SW-CB-01051" }, "geometry": { "type": "Point", "coordinates": [ -71.102704666070437, 42.382303697549617 ] } },
{ "type": "Feature", "properties": { "struct_type": "storm_inlet", "FacilityID": "SW-CB-00536" }, "geometry": { "type": "Point", "coordinates": [ -71.106409014164385, 42.391149552832701 ] } },
{ "type": "Feature", "properties": { "struct_type": "storm_inlet", "FacilityID": "SW-CB-02758" }, "geometry": { "type": "Point", "coordinates": [ -71.108659087515363, 42.390477038473342 ] } },
{ "type": "Feature", "properties": { "struct_type": "storm_inlet", "FacilityID": "SW-CB-00494" }, "geometry": { "type": "Point", "coordinates": [ -71.103863842979962, 42.389567922800673 ] } },
{ "type": "Feature", "properties": { "struct_type": "storm_inlet", "FacilityID": "SW-CB-02571" }, "geometry": { "type": "Point", "coordinates": [ -71.105932670580685, 42.380299016416139 ] } },
{ "type": "Feature", "properties": { "struct_type": "storm_inlet", "FacilityID": "SW-CB-00736" }, "geometry": { "type": "Point", "coordinates": [ -71.098733049442259, 42.383393038941612 ] } },
{ "type": "Feature", "properties": { "struct_type": "storm_inlet", "FacilityID": "SW-CB-00719" }, "geometry": { "type": "Point", "coordinates": [ -71.097232520067408, 42.381213452593116 ] } },
{ "type": "Feature", "properties": { "struct_type": "storm_inlet", "FacilityID": "SW-CB-00480" }, "geometry": { "type": "Point", "coordinates": [ -71.107451113815301, 42.390819570035021 ] } },
{ "type": "Feature", "properties": { "struct_type": "storm_inlet", "FacilityID": "SW-CB-00743" }, "geometry": { "type": "Point", "coordinates": [ -71.099139360857635, 42.384478266971641 ] } },
{ "type": "Feature", "properties": { "struct_type": "storm_inlet", "FacilityID": "SW-CB-02725" }, "geometry": { "type": "Point", "coordinates": [ -71.098342243367668, 42.389258672026521 ] } },
{ "type": "Feature", "properties": { "struct_type": "storm_inlet", "FacilityID": "SW-CB-01068" }, "geometry": { "type": "Point", "coordinates": [ -71.102738972957212, 42.384419449626428 ] } },
{ "type": "Feature", "properties": { "struct_type": "storm_inlet", "FacilityID": "SW-CB-01013" }, "geometry": { "type": "Point", "coordinates": [ -71.104481557206697, 42.388151647798431 ] } },
{ "type": "Feature", "properties": { "struct_type": "storm_inlet", "FacilityID": "SW-CB-01037" }, "geometry": { "type": "Point", "coordinates": [ -71.104932726390416, 42.382835025256696 ] } },
{ "type": "Feature", "properties": { "struct_type": "storm_inlet", "FacilityID": "SW-CB-01064" }, "geometry": { "type": "Point", "coordinates": [ -71.101228789172595, 42.383879752331033 ] } },
{ "type": "Feature", "properties": { "struct_type": "storm_inlet", "FacilityID": "SW-CB-01490" }, "geometry": { "type": "Point", "coordinates": [ -71.09555138938012, 42.38816221880829 ] } },
{ "type": "Feature", "properties": { "struct_type": "storm_inlet", "FacilityID": "SW-CB-01019" }, "geometry": { "type": "Point", "coordinates": [ -71.103495772290245, 42.384494739181882 ] } },
{ "type": "Feature", "properties": { "struct_type": "storm_inlet", "FacilityID": "SW-CB-00722" }, "geometry": { "type": "Point", "coordinates": [ -71.097479900823913, 42.383506856164814 ] } },
{ "type": "Feature", "properties": { "struct_type": "storm_inlet", "FacilityID": "SW-CB-00980" }, "geometry": { "type": "Point", "coordinates": [ -71.107324723095104, 42.383387066208691 ] } },
{ "type": "Feature", "properties": { "struct_type": "storm_inlet", "FacilityID": "SW-CB-01002" }, "geometry": { "type": "Point", "coordinates": [ -71.104368065556812, 42.387391813584138 ] } },
{ "type": "Feature", "properties": { "struct_type": "storm_inlet", "FacilityID": "SW-CB-01055" }, "geometry": { "type": "Point", "coordinates": [ -71.101922511671319, 42.382098421099137 ] } },
{ "type": "Feature", "properties": { "struct_type": "storm_inlet", "FacilityID": "SW-CB-00739" }, "geometry": { "type": "Point", "coordinates": [ -71.099129069640725, 42.383111199232737 ] } },
{ "type": "Feature", "properties": { "struct_type": "storm_inlet", "FacilityID": "SW-CB-01060" }, "geometry": { "type": "Point", "coordinates": [ -71.101231057286441, 42.383257612115131 ] } },
{ "type": "Feature", "properties": { "struct_type": "storm_inlet", "FacilityID": "SW-CB-01521" }, "geometry": { "type": "Point", "coordinates": [ -71.094653451569414, 42.387766510452749 ] } },
{ "type": "Feature", "properties": { "struct_type": "storm_inlet", "FacilityID": "SW-CB-02561" }, "geometry": { "type": "Point", "coordinates": [ -71.099373480966079, 42.380534858264404 ] } },
{ "type": "Feature", "properties": { "struct_type": "storm_inlet", "FacilityID": "SW-CB-00203" }, "geometry": { "type": "Point", "coordinates": [ -71.102830823036811, 42.390674802862236 ] } },
{ "type": "Feature", "properties": { "struct_type": "storm_inlet", "FacilityID": "SW-CB-01031" }, "geometry": { "type": "Point", "coordinates": [ -71.106529797547338, 42.38318191088181 ] } },
{ "type": "Feature", "properties": { "struct_type": "storm_inlet", "FacilityID": "SW-CB-01085" }, "geometry": { "type": "Point", "coordinates": [ -71.100361621179971, 42.380436868093142 ] } },
{ "type": "Feature", "properties": { "struct_type": "storm_inlet", "FacilityID": "SW-CB-02617" }, "geometry": { "type": "Point", "coordinates": [ -71.108327504233401, 42.381721324877098 ] } },
{ "type": "Feature", "properties": { "struct_type": "storm_inlet", "FacilityID": "SW-CB-02690" }, "geometry": { "type": "Point", "coordinates": [ -71.097759928986449, 42.389908060546539 ] } },
{ "type": "Feature", "properties": { "struct_type": "storm_inlet", "FacilityID": "SW-CB-02816" }, "geometry": { "type": "Point", "coordinates": [ -71.098735401099745, 42.388357300824033 ] } },
{ "type": "Feature", "properties": { "struct_type": "storm_inlet", "FacilityID": "SW-CB-00206" }, "geometry": { "type": "Point", "coordinates": [ -71.102260734180916, 42.390165227712025 ] } },
{ "type": "Feature", "properties": { "struct_type": "storm_inlet", "FacilityID": "SW-CB-01084" }, "geometry": { "type": "Point", "coordinates": [ -71.101112004973004, 42.380667672658824 ] } },
{ "type": "Feature", "properties": { "struct_type": "storm_inlet", "FacilityID": "SW-CB-01489" }, "geometry": { "type": "Point", "coordinates": [ -71.093931155168292, 42.384180545247155 ] } },
{ "type": "Feature", "properties": { "struct_type": "storm_inlet", "FacilityID": "SW-CB-02728" }, "geometry": { "type": "Point", "coordinates": [ -71.099112164243692, 42.389620943322193 ] } },
{ "type": "Feature", "properties": { "struct_type": "storm_inlet", "FacilityID": "SW-CB-01099" }, "geometry": { "type": "Point", "coordinates": [ -71.095807474143328, 42.382143276596786 ] } },
{ "type": "Feature", "properties": { "struct_type": "storm_inlet", "FacilityID": "SW-CB-03570" }, "geometry": { "type": "Point", "coordinates": [ -71.109575271962569, 42.382852201225639 ] } },
{ "type": "Feature", "properties": { "struct_type": "storm_inlet", "FacilityID": "SW-CB-01102" }, "geometry": { "type": "Point", "coordinates": [ -71.095386516249405, 42.381401360058078 ] } },
{ "type": "Feature", "properties": { "struct_type": "storm_inlet", "FacilityID": "SW-CB-00733" }, "geometry": { "type": "Point", "coordinates": [ -71.098378229286794, 42.383915365303203 ] } },
{ "type": "Feature", "properties": { "struct_type": "storm_inlet", "FacilityID": "SW-CB-00994" }, "geometry": { "type": "Point", "coordinates": [ -71.105626398801789, 42.386190631714925 ] } },
{ "type": "Feature", "properties": { "struct_type": "storm_inlet", "FacilityID": "SW-CB-02627" }, "geometry": { "type": "Point", "coordinates": [ -71.105304712844116, 42.382345762751498 ] } },
{ "type": "Feature", "properties": { "struct_type": "storm_inlet", "FacilityID": "SW-CB-01083" }, "geometry": { "type": "Point", "coordinates": [ -71.100899123231372, 42.380855606893263 ] } },
{ "type": "Feature", "properties": { "struct_type": "storm_inlet", "FacilityID": "SW-CB-00766" }, "geometry": { "type": "Point", "coordinates": [ -71.094747000813598, 42.381049590019636 ] } },
{ "type": "Feature", "properties": { "struct_type": "storm_inlet", "FacilityID": "SW-CB-00744" }, "geometry": { "type": "Point", "coordinates": [ -71.099649517798369, 42.383728759469832 ] } },
{ "type": "Feature", "properties": { "struct_type": "storm_inlet", "FacilityID": "SW-CB-00964" }, "geometry": { "type": "Point", "coordinates": [ -71.107919206093342, 42.38480406935409 ] } },
{ "type": "Feature", "properties": { "struct_type": "storm_inlet", "FacilityID": "SW-CB-00700" }, "geometry": { "type": "Point", "coordinates": [ -71.099568129945666, 42.381136425139033 ] } },
{ "type": "Feature", "properties": { "struct_type": "storm_inlet", "FacilityID": "SW-CB-00796" }, "geometry": { "type": "Point", "coordinates": [ -71.098509556216044, 42.385404087469652 ] } },
{ "type": "Feature", "properties": { "struct_type": "storm_inlet", "FacilityID": "SW-CB-02831" }, "geometry": { "type": "Point", "coordinates": [ -71.107876009606585, 42.38912388228799 ] } },
{ "type": "Feature", "properties": { "struct_type": "storm_inlet", "FacilityID": "SW-CB-02590" }, "geometry": { "type": "Point", "coordinates": [ -71.103186123184813, 42.380289575935635 ] } },
{ "type": "Feature", "properties": { "struct_type": "storm_inlet", "FacilityID": "SW-CB-01499" }, "geometry": { "type": "Point", "coordinates": [ -71.093997225013723, 42.388883160071515 ] } },
{ "type": "Feature", "properties": { "struct_type": "storm_inlet", "FacilityID": "SW-CB-00990" }, "geometry": { "type": "Point", "coordinates": [ -71.105861639872558, 42.384863212748463 ] } },
{ "type": "Feature", "properties": { "struct_type": "storm_inlet", "FacilityID": "SW-CB-02806" }, "geometry": { "type": "Point", "coordinates": [ -71.101303882673861, 42.388679520528775 ] } },
{ "type": "Feature", "properties": { "struct_type": "storm_inlet", "FacilityID": "SW-CB-01477" }, "geometry": { "type": "Point", "coordinates": [ -71.094280858078335, 42.385145029246956 ] } },
{ "type": "Feature", "properties": { "struct_type": "storm_inlet", "FacilityID": "SW-CB-02766" }, "geometry": { "type": "Point", "coordinates": [ -71.109367133550748, 42.390796916070457 ] } },
{ "type": "Feature", "properties": { "struct_type": "storm_inlet", "FacilityID": "SW-CB-01000" }, "geometry": { "type": "Point", "coordinates": [ -71.106351961145819, 42.387329682559027 ] } },
{ "type": "Feature", "properties": { "struct_type": "storm_inlet", "FacilityID": "SW-CB-01010" }, "geometry": { "type": "Point", "coordinates": [ -71.10426646886323, 42.38800708093094 ] } },
{ "type": "Feature", "properties": { "struct_type": "storm_inlet", "FacilityID": "SW-CB-01105" }, "geometry": { "type": "Point", "coordinates": [ -71.095776456494548, 42.381125405429913 ] } },
{ "type": "Feature", "properties": { "struct_type": "storm_inlet", "FacilityID": "SW-CB-00965" }, "geometry": { "type": "Point", "coordinates": [ -71.107623249241584, 42.384704583878417 ] } },
{ "type": "Feature", "properties": { "struct_type": "storm_inlet", "FacilityID": "SW-CB-01057" }, "geometry": { "type": "Point", "coordinates": [ -71.102917140383823, 42.383020832611031 ] } },
{ "type": "Feature", "properties": { "struct_type": "storm_inlet", "FacilityID": "SW-CB-01089" }, "geometry": { "type": "Point", "coordinates": [ -71.096167626693145, 42.382381586085167 ] } },
{ "type": "Feature", "properties": { "struct_type": "storm_inlet", "FacilityID": "SW-CB-02572" }, "geometry": { "type": "Point", "coordinates": [ -71.106123898386954, 42.38075282463339 ] } },
{ "type": "Feature", "properties": { "struct_type": "storm_inlet", "FacilityID": "SW-CB-00200" }, "geometry": { "type": "Point", "coordinates": [ -71.101882450259424, 42.390559191006105 ] } },
{ "type": "Feature", "properties": { "struct_type": "storm_inlet", "FacilityID": "SW-CB-01100" }, "geometry": { "type": "Point", "coordinates": [ -71.09547324518995, 42.382022495566396 ] } },
{ "type": "Feature", "properties": { "struct_type": "storm_inlet", "FacilityID": "SW-CB-02734" }, "geometry": { "type": "Point", "coordinates": [ -71.099509950742259, 42.391130225451562 ] } },
{ "type": "Feature", "properties": { "struct_type": "storm_inlet", "FacilityID": "SW-CB-00957" }, "geometry": { "type": "Point", "coordinates": [ -71.106909480012135, 42.386715292167196 ] } },
{ "type": "Feature", "properties": { "struct_type": "storm_inlet", "FacilityID": "SW-CB-02407" }, "geometry": { "type": "Point", "coordinates": [ -71.110002041909041, 42.381175921149996 ] } },
{ "type": "Feature", "properties": { "struct_type": "storm_inlet", "FacilityID": "SW-CB-02764" }, "geometry": { "type": "Point", "coordinates": [ -71.109327678812917, 42.39073351753558 ] } },
{ "type": "Feature", "properties": { "struct_type": "storm_inlet", "FacilityID": "SW-CB-01034" }, "geometry": { "type": "Point", "coordinates": [ -71.106300941428017, 42.38327250673354 ] } },
{ "type": "Feature", "properties": { "struct_type": "storm_inlet", "FacilityID": "SW-CB-00209" }, "geometry": { "type": "Point", "coordinates": [ -71.100675700478263, 42.389695486691537 ] } },
{ "type": "Feature", "properties": { "struct_type": "storm_inlet", "FacilityID": "SW-CB-00493" }, "geometry": { "type": "Point", "coordinates": [ -71.105106280332862, 42.390054550160833 ] } },
{ "type": "Feature", "properties": { "struct_type": "storm_inlet", "FacilityID": "SW-CB-01470" }, "geometry": { "type": "Point", "coordinates": [ -71.095716076524567, 42.387670922660988 ] } },
{ "type": "Feature", "properties": { "struct_type": "storm_inlet", "FacilityID": "SW-CB-02821" }, "geometry": { "type": "Point", "coordinates": [ -71.100668438721854, 42.389138463161238 ] } },
{ "type": "Feature", "properties": { "struct_type": "storm_inlet", "FacilityID": "SW-CB-01046" }, "geometry": { "type": "Point", "coordinates": [ -71.10338671131224, 42.38258184365521 ] } },
{ "type": "Feature", "properties": { "struct_type": "storm_inlet", "FacilityID": "SW-CB-00701" }, "geometry": { "type": "Point", "coordinates": [ -71.100000012474709, 42.381287517807984 ] } },
{ "type": "Feature", "properties": { "struct_type": "storm_inlet", "FacilityID": "SW-CB-01003" }, "geometry": { "type": "Point", "coordinates": [ -71.104316891282309, 42.387448174450753 ] } },
{ "type": "Feature", "properties": { "struct_type": "storm_inlet", "FacilityID": "SW-CB-01104" }, "geometry": { "type": "Point", "coordinates": [ -71.095405845803967, 42.381006197859826 ] } },
{ "type": "Feature", "properties": { "struct_type": "storm_inlet", "FacilityID": "SW-CB-01006" }, "geometry": { "type": "Point", "coordinates": [ -71.105964912583516, 42.387892035314358 ] } },
{ "type": "Feature", "properties": { "struct_type": "storm_inlet", "FacilityID": "SW-CB-00025" }, "geometry": { "type": "Point", "coordinates": [ -71.095304635709283, 42.388929508399691 ] } },
{ "type": "Feature", "properties": { "struct_type": "storm_inlet", "FacilityID": "SW-CB-02632" }, "geometry": { "type": "Point", "coordinates": [ -71.09684233949244, 42.384887582687462 ] } },
{ "type": "Feature", "properties": { "struct_type": "storm_inlet", "FacilityID": "SW-CB-00201" }, "geometry": { "type": "Point", "coordinates": [ -71.103545369100445, 42.39110173818586 ] } },
{ "type": "Feature", "properties": { "struct_type": "storm_inlet", "FacilityID": "SW-CB-00753" }, "geometry": { "type": "Point", "coordinates": [ -71.100077149147694, 42.384993430655165 ] } },
{ "type": "Feature", "properties": { "struct_type": "storm_inlet", "FacilityID": "SW-CB-00710" }, "geometry": { "type": "Point", "coordinates": [ -71.096378734882336, 42.380517772745982 ] } },
{ "type": "Feature", "properties": { "struct_type": "storm_inlet", "FacilityID": "SW-CB-00490" }, "geometry": { "type": "Point", "coordinates": [ -71.104786065447954, 42.389875274162733 ] } },
{ "type": "Feature", "properties": { "struct_type": "storm_inlet", "FacilityID": "SW-CB-00478" }, "geometry": { "type": "Point", "coordinates": [ -71.10760775128405, 42.390796289148184 ] } },
{ "type": "Feature", "properties": { "struct_type": "storm_inlet", "FacilityID": "SW-CB-02820" }, "geometry": { "type": "Point", "coordinates": [ -71.100057991208374, 42.388841927212049 ] } },
{ "type": "Feature", "properties": { "struct_type": "storm_inlet", "FacilityID": "SW-CB-01005" }, "geometry": { "type": "Point", "coordinates": [ -71.105118979318632, 42.387718387681375 ] } },
{ "type": "Feature", "properties": { "struct_type": "storm_inlet", "FacilityID": "SW-CB-00692" }, "geometry": { "type": "Point", "coordinates": [ -71.097433510110534, 42.380447529846215 ] } },
{ "type": "Feature", "properties": { "struct_type": "storm_inlet", "FacilityID": "SW-CB-01056" }, "geometry": { "type": "Point", "coordinates": [ -71.101684677088954, 42.382606112367235 ] } },
{ "type": "Feature", "properties": { "struct_type": "storm_inlet", "FacilityID": "SW-CB-02681" }, "geometry": { "type": "Point", "coordinates": [ -71.095998629541157, 42.390796250182092 ] } },
{ "type": "Feature", "properties": { "struct_type": "storm_inlet", "FacilityID": "SW-CB-00946" }, "geometry": { "type": "Point", "coordinates": [ -71.108858009603026, 42.385688228303202 ] } },
{ "type": "Feature", "properties": { "struct_type": "storm_inlet", "FacilityID": "SW-CB-00979" }, "geometry": { "type": "Point", "coordinates": [ -71.107306275523129, 42.383497793893355 ] } },
{ "type": "Feature", "properties": { "struct_type": "storm_inlet", "FacilityID": "SW-CB-00705" }, "geometry": { "type": "Point", "coordinates": [ -71.099444154888715, 42.381515399355393 ] } },
{ "type": "Feature", "properties": { "struct_type": "storm_inlet", "FacilityID": "SW-CB-00969" }, "geometry": { "type": "Point", "coordinates": [ -71.108520753953627, 42.38365465852219 ] } },
{ "type": "Feature", "properties": { "struct_type": "storm_inlet", "FacilityID": "SW-CB-01076" }, "geometry": { "type": "Point", "coordinates": [ -71.101236338753694, 42.381913422305907 ] } },
{ "type": "Feature", "properties": { "struct_type": "storm_inlet", "FacilityID": "SW-CB-00966" }, "geometry": { "type": "Point", "coordinates": [ -71.107878216349761, 42.38368498955488 ] } },
{ "type": "Feature", "properties": { "struct_type": "storm_inlet", "FacilityID": "SW-CB-01050" }, "geometry": { "type": "Point", "coordinates": [ -71.102779592732091, 42.3821883256335 ] } },
{ "type": "Feature", "properties": { "struct_type": "storm_inlet", "FacilityID": "SW-CB-00212" }, "geometry": { "type": "Point", "coordinates": [ -71.10053192285109, 42.389869729699377 ] } },
{ "type": "Feature", "properties": { "struct_type": "storm_inlet", "FacilityID": "SW-CB-01018" }, "geometry": { "type": "Point", "coordinates": [ -71.103596724183745, 42.38453705013815 ] } },
{ "type": "Feature", "properties": { "struct_type": "storm_inlet", "FacilityID": "SW-CB-01097" }, "geometry": { "type": "Point", "coordinates": [ -71.0938271127078, 42.382223774674237 ] } },
{ "type": "Feature", "properties": { "struct_type": "storm_inlet", "FacilityID": "SW-CB-02569" }, "geometry": { "type": "Point", "coordinates": [ -71.105869205076274, 42.380130725908145 ] } },
{ "type": "Feature", "properties": { "struct_type": "storm_inlet", "FacilityID": "SW-CB-01044" }, "geometry": { "type": "Point", "coordinates": [ -71.103046252377297, 42.382981565743883 ] } },
{ "type": "Feature", "properties": { "struct_type": "storm_inlet", "FacilityID": "SW-CB-00984" }, "geometry": { "type": "Point", "coordinates": [ -71.106430415615307, 42.384019626569483 ] } },
{ "type": "Feature", "properties": { "struct_type": "storm_inlet", "FacilityID": "SW-CB-01014" }, "geometry": { "type": "Point", "coordinates": [ -71.101792287705919, 42.387941727954519 ] } },
{ "type": "Feature", "properties": { "struct_type": "storm_inlet", "FacilityID": "SW-CB-00995" }, "geometry": { "type": "Point", "coordinates": [ -71.105730880305913, 42.386310450998067 ] } },
{ "type": "Feature", "properties": { "struct_type": "storm_inlet", "FacilityID": "SW-CB-02753" }, "geometry": { "type": "Point", "coordinates": [ -71.106759303685067, 42.389741287394358 ] } },
{ "type": "Feature", "properties": { "struct_type": "storm_inlet", "FacilityID": "SW-CB-00799" }, "geometry": { "type": "Point", "coordinates": [ -71.099724981239461, 42.385447415292148 ] } },
{ "type": "Feature", "properties": { "struct_type": "storm_inlet", "FacilityID": "SW-CB-00729" }, "geometry": { "type": "Point", "coordinates": [ -71.098619050634511, 42.382573230981414 ] } },
{ "type": "Feature", "properties": { "struct_type": "storm_inlet", "FacilityID": "SW-CB-01067" }, "geometry": { "type": "Point", "coordinates": [ -71.102001504355044, 42.384230362232501 ] } },
{ "type": "Feature", "properties": { "struct_type": "storm_inlet", "FacilityID": "SW-CB-02612" }, "geometry": { "type": "Point", "coordinates": [ -71.106903796711407, 42.38185109401698 ] } },
{ "type": "Feature", "properties": { "struct_type": "storm_inlet", "FacilityID": "SW-CB-00954" }, "geometry": { "type": "Point", "coordinates": [ -71.109151143254209, 42.384519126078494 ] } },
{ "type": "Feature", "properties": { "struct_type": "storm_inlet", "FacilityID": "SW-CB-00771" }, "geometry": { "type": "Point", "coordinates": [ -71.095311467830584, 42.380405333054341 ] } },
{ "type": "Feature", "properties": { "struct_type": "storm_inlet", "FacilityID": "SW-CB-01049" }, "geometry": { "type": "Point", "coordinates": [ -71.103207513609789, 42.382328691724872 ] } },
{ "type": "Feature", "properties": { "struct_type": "storm_inlet", "FacilityID": "SW-CB-00930" }, "geometry": { "type": "Point", "coordinates": [ -71.109456036761372, 42.384035464413863 ] } },
{ "type": "Feature", "properties": { "struct_type": "storm_inlet", "FacilityID": "SW-CB-02679" }, "geometry": { "type": "Point", "coordinates": [ -71.096672187358962, 42.389984349217563 ] } },
{ "type": "Feature", "properties": { "struct_type": "storm_inlet", "FacilityID": "SW-CB-01059" }, "geometry": { "type": "Point", "coordinates": [ -71.101724952434509, 42.383335617410744 ] } },
{ "type": "Feature", "properties": { "struct_type": "storm_inlet", "FacilityID": "SW-CB-00941" }, "geometry": { "type": "Point", "coordinates": [ -71.10824800046494, 42.386607994556663 ] } },
{ "type": "Feature", "properties": { "struct_type": "storm_inlet", "FacilityID": "SW-CB-00927" }, "geometry": { "type": "Point", "coordinates": [ -71.109943216139115, 42.383950939305585 ] } },
{ "type": "Feature", "properties": { "struct_type": "storm_inlet", "FacilityID": "SW-CB-00974" }, "geometry": { "type": "Point", "coordinates": [ -71.108167377675102, 42.384246073185452 ] } },
{ "type": "Feature", "properties": { "struct_type": "storm_inlet", "FacilityID": "SW-CB-01065" }, "geometry": { "type": "Point", "coordinates": [ -71.101173404970325, 42.383933763719114 ] } },
{ "type": "Feature", "properties": { "struct_type": "storm_inlet", "FacilityID": "SW-CB-00205" }, "geometry": { "type": "Point", "coordinates": [ -71.102584787184995, 42.390555326819211 ] } },
{ "type": "Feature", "properties": { "struct_type": "storm_inlet", "FacilityID": "SW-CB-00996" }, "geometry": { "type": "Point", "coordinates": [ -71.10465618374576, 42.386766164048922 ] } },
{ "type": "Feature", "properties": { "struct_type": "storm_inlet", "FacilityID": "SW-CB-00931" }, "geometry": { "type": "Point", "coordinates": [ -71.10937501957325, 42.384002932238261 ] } },
{ "type": "Feature", "properties": { "struct_type": "storm_inlet", "FacilityID": "SW-CB-02723" }, "geometry": { "type": "Point", "coordinates": [ -71.098026953680403, 42.389036521946316 ] } },
{ "type": "Feature", "properties": { "struct_type": "storm_inlet", "FacilityID": "SW-CB-02818" }, "geometry": { "type": "Point", "coordinates": [ -71.099347374017725, 42.388654802572013 ] } },
{ "type": "Feature", "properties": { "struct_type": "storm_inlet", "FacilityID": "SW-CB-00827" }, "geometry": { "type": "Point", "coordinates": [ -71.102853225201699, 42.387497846366919 ] } },
{ "type": "Feature", "properties": { "struct_type": "storm_inlet", "FacilityID": "SW-CB-00725" }, "geometry": { "type": "Point", "coordinates": [ -71.098253939699191, 42.382187501220137 ] } },
{ "type": "Feature", "properties": { "struct_type": "storm_inlet", "FacilityID": "SW-CB-02722" }, "geometry": { "type": "Point", "coordinates": [ -71.097273358133393, 42.389079716566123 ] } },
{ "type": "Feature", "properties": { "struct_type": "storm_inlet", "FacilityID": "SW-CB-01985" }, "geometry": { "type": "Point", "coordinates": [ -71.09698789652947, 42.38631823126002 ] } },
{ "type": "Feature", "properties": { "struct_type": "storm_inlet", "FacilityID": "SW-CB-00998" }, "geometry": { "type": "Point", "coordinates": [ -71.105483173126643, 42.387059235713565 ] } },
{ "type": "Feature", "properties": { "struct_type": "storm_inlet", "FacilityID": "SW-CB-00022" }, "geometry": { "type": "Point", "coordinates": [ -71.094889393932377, 42.38958724217602 ] } },
{ "type": "Feature", "properties": { "struct_type": "storm_inlet", "FacilityID": "SW-CB-00958" }, "geometry": { "type": "Point", "coordinates": [ -71.106878340831329, 42.386620398632083 ] } },
{ "type": "Feature", "properties": { "struct_type": "storm_inlet", "FacilityID": "SW-CB-00770" }, "geometry": { "type": "Point", "coordinates": [ -71.095235879711353, 42.380469143082017 ] } },
{ "type": "Feature", "properties": { "struct_type": "storm_inlet", "FacilityID": "SW-CB-02631" }, "geometry": { "type": "Point", "coordinates": [ -71.096702218524371, 42.384852220035704 ] } },
{ "type": "Feature", "properties": { "struct_type": "storm_inlet", "FacilityID": "SW-CB-00130" }, "geometry": { "type": "Point", "coordinates": [ -71.097135636176461, 42.388035979759621 ] } },
{ "type": "Feature", "properties": { "struct_type": "storm_inlet", "FacilityID": "SW-CB-00951" }, "geometry": { "type": "Point", "coordinates": [ -71.109065938922527, 42.385027282123019 ] } },
{ "type": "Feature", "properties": { "struct_type": "storm_inlet", "FacilityID": "SW-CB-00479" }, "geometry": { "type": "Point", "coordinates": [ -71.107512167871562, 42.390767135237041 ] } },
{ "type": "Feature", "properties": { "struct_type": "storm_inlet", "FacilityID": "SW-CB-00018" }, "geometry": { "type": "Point", "coordinates": [ -71.101942968499756, 42.390623429330432 ] } },
{ "type": "Feature", "properties": { "struct_type": "storm_inlet", "FacilityID": "SW-CB-00934" }, "geometry": { "type": "Point", "coordinates": [ -71.110076589991337, 42.385236156170649 ] } },
{ "type": "Feature", "properties": { "struct_type": "storm_inlet", "FacilityID": "SW-CB-00961" }, "geometry": { "type": "Point", "coordinates": [ -71.107627123920537, 42.385409786826827 ] } },
{ "type": "Feature", "properties": { "struct_type": "storm_inlet", "FacilityID": "SW-CB-01491" }, "geometry": { "type": "Point", "coordinates": [ -71.094712632846793, 42.387808326401355 ] } },
{ "type": "Feature", "properties": { "struct_type": "storm_inlet", "FacilityID": "SW-CB-02574" }, "geometry": { "type": "Point", "coordinates": [ -71.106897181603927, 42.380314032387396 ] } },
{ "type": "Feature", "properties": { "struct_type": "storm_inlet", "FacilityID": "SW-CB-02610" }, "geometry": { "type": "Point", "coordinates": [ -71.107060611689576, 42.381516244376314 ] } },
{ "type": "Feature", "properties": { "struct_type": "storm_inlet", "FacilityID": "SW-CB-02678" }, "geometry": { "type": "Point", "coordinates": [ -71.097092678743209, 42.389349733255401 ] } },
{ "type": "Feature", "properties": { "struct_type": "storm_inlet", "FacilityID": "SW-CB-00947" }, "geometry": { "type": "Point", "coordinates": [ -71.108775631399382, 42.385666538602806 ] } },
{ "type": "Feature", "properties": { "struct_type": "storm_inlet", "FacilityID": "SW-CB-00688" }, "geometry": { "type": "Point", "coordinates": [ -71.096899647502354, 42.380268915823486 ] } },
{ "type": "Feature", "properties": { "struct_type": "storm_inlet", "FacilityID": "SW-CB-00718" }, "geometry": { "type": "Point", "coordinates": [ -71.097041314674655, 42.381088346676691 ] } },
{ "type": "Feature", "properties": { "struct_type": "storm_inlet", "FacilityID": "SW-CB-00139" }, "geometry": { "type": "Point", "coordinates": [ -71.093871180195023, 42.386625464641469 ] } },
{ "type": "Feature", "properties": { "struct_type": "storm_inlet", "FacilityID": "SW-CB-00820" }, "geometry": { "type": "Point", "coordinates": [ -71.100443583420173, 42.385778868357605 ] } },
{ "type": "Feature", "properties": { "struct_type": "storm_inlet", "FacilityID": "SW-CB-00812" }, "geometry": { "type": "Point", "coordinates": [ -71.102757369940434, 42.386669889239897 ] } },
{ "type": "Feature", "properties": { "struct_type": "storm_inlet", "FacilityID": "SW-CB-00790" }, "geometry": { "type": "Point", "coordinates": [ -71.09719737208161, 42.385835483951432 ] } },
{ "type": "Feature", "properties": { "struct_type": "storm_inlet", "FacilityID": "SW-CB-01472" }, "geometry": { "type": "Point", "coordinates": [ -71.096041547261862, 42.387987062150778 ] } },
{ "type": "Feature", "properties": { "struct_type": "storm_inlet", "FacilityID": "SW-CB-00694" }, "geometry": { "type": "Point", "coordinates": [ -71.097852140213178, 42.380619928201838 ] } },
{ "type": "Feature", "properties": { "struct_type": "storm_inlet", "FacilityID": "SW-CB-02769" }, "geometry": { "type": "Point", "coordinates": [ -71.109727589956705, 42.391081121083374 ] } },
{ "type": "Feature", "properties": { "struct_type": "storm_inlet", "FacilityID": "SW-CB-02835" }, "geometry": { "type": "Point", "coordinates": [ -71.109443324118033, 42.389662388581243 ] } },
{ "type": "Feature", "properties": { "struct_type": "storm_inlet", "FacilityID": "SW-CB-02643" }, "geometry": { "type": "Point", "coordinates": [ -71.09851085215162, 42.390551173618732 ] } },
{ "type": "Feature", "properties": { "struct_type": "storm_inlet", "FacilityID": "SW-CB-02636" }, "geometry": { "type": "Point", "coordinates": [ -71.097284758500948, 42.389200008998849 ] } },
{ "type": "Feature", "properties": { "struct_type": "storm_inlet", "FacilityID": "SW-CB-02741" }, "geometry": { "type": "Point", "coordinates": [ -71.097964627536072, 42.387786940618113 ] } },
{ "type": "Feature", "properties": { "struct_type": "storm_inlet", "FacilityID": "SW-CB-03560" }, "geometry": { "type": "Point", "coordinates": [ -71.104290002782506, 42.38281305973593 ] } },
{ "type": "Feature", "properties": { "struct_type": "storm_inlet", "FacilityID": "SW-CB-02730" }, "geometry": { "type": "Point", "coordinates": [ -71.099209213020472, 42.390606137892306 ] } },
{ "type": "Feature", "properties": { "struct_type": "storm_inlet", "FacilityID": "SW-CB-02680" }, "geometry": { "type": "Point", "coordinates": [ -71.096451503631414, 42.390124209461625 ] } },
{ "type": "Feature", "properties": { "struct_type": "storm_inlet", "FacilityID": "SW-CB-02587" }, "geometry": { "type": "Point", "coordinates": [ -71.102470075523613, 42.380162477623344 ] } },
{ "type": "Feature", "properties": { "struct_type": "storm_inlet", "FacilityID": "SW-CB-02808" }, "geometry": { "type": "Point", "coordinates": [ -71.100964724593894, 42.389142739272152 ] } },
{ "type": "Feature", "properties": { "struct_type": "storm_inlet", "FacilityID": "SW-CB-02744" }, "geometry": { "type": "Point", "coordinates": [ -71.0973300990713, 42.387602545927436 ] } },
{ "type": "Feature", "properties": { "struct_type": "storm_inlet", "FacilityID": "SW-CB-01072" }, "geometry": { "type": "Point", "coordinates": [ -71.101088362026289, 42.38467714160813 ] } },
{ "type": "Feature", "properties": { "struct_type": "storm_inlet", "FacilityID": "SW-CB-02819" }, "geometry": { "type": "Point", "coordinates": [ -71.100020606395262, 42.388900108552285 ] } },
{ "type": "Feature", "properties": { "struct_type": "storm_inlet", "FacilityID": "SW-CB-00215" }, "geometry": { "type": "Point", "coordinates": [ -71.099058757080769, 42.388986701876867 ] } },
{ "type": "Feature", "properties": { "struct_type": "storm_inlet", "FacilityID": "SW-CB-00802" }, "geometry": { "type": "Point", "coordinates": [ -71.099273841518738, 42.386109710058186 ] } },
{ "type": "Feature", "properties": { "struct_type": "storm_inlet", "FacilityID": "SW-CB-00681" }, "geometry": { "type": "Point", "coordinates": [ -71.095668955740294, 42.380174861293995 ] } },
{ "type": "Feature", "properties": { "struct_type": "storm_inlet", "FacilityID": "SW-CB-00943" }, "geometry": { "type": "Point", "coordinates": [ -71.107867801701616, 42.386577615798032 ] } },
{ "type": "Feature", "properties": { "struct_type": "storm_inlet", "FacilityID": "SW-CB-02578" }, "geometry": { "type": "Point", "coordinates": [ -71.105499656232865, 42.38069627713562 ] } },
{ "type": "Feature", "properties": { "struct_type": "storm_inlet", "FacilityID": "SW-CB-00794" }, "geometry": { "type": "Point", "coordinates": [ -71.097742613369405, 42.385035098692349 ] } },
{ "type": "Feature", "properties": { "struct_type": "storm_inlet", "FacilityID": "SW-CB-00696" }, "geometry": { "type": "Point", "coordinates": [ -71.098248744128171, 42.380779859294591 ] } },
{ "type": "Feature", "properties": { "struct_type": "storm_inlet", "FacilityID": "SW-CB-00817" }, "geometry": { "type": "Point", "coordinates": [ -71.102027974149649, 42.38633972424936 ] } },
{ "type": "Feature", "properties": { "struct_type": "storm_inlet", "FacilityID": "SW-CB-00774" }, "geometry": { "type": "Point", "coordinates": [ -71.094224823654471, 42.3804928403028 ] } },
{ "type": "Feature", "properties": { "struct_type": "storm_inlet", "FacilityID": "SW-CB-00804" }, "geometry": { "type": "Point", "coordinates": [ -71.09883565617902, 42.386602806669934 ] } },
{ "type": "Feature", "properties": { "struct_type": "storm_inlet", "FacilityID": "SW-CB-02729" }, "geometry": { "type": "Point", "coordinates": [ -71.099712978470635, 42.389896680302343 ] } },
{ "type": "Feature", "properties": { "struct_type": "storm_inlet", "FacilityID": "SW-CB-00703" }, "geometry": { "type": "Point", "coordinates": [ -71.100398407453127, 42.381654016000667 ] } },
{ "type": "Feature", "properties": { "struct_type": "storm_inlet", "FacilityID": "SW-CB-01095" }, "geometry": { "type": "Point", "coordinates": [ -71.095210782687602, 42.383475570557465 ] } },
{ "type": "Feature", "properties": { "struct_type": "storm_inlet", "FacilityID": "SW-CB-00474" }, "geometry": { "type": "Point", "coordinates": [ -71.108192569859668, 42.391115928322222 ] } },
{ "type": "Feature", "properties": { "struct_type": "storm_inlet", "FacilityID": "SW-CB-03576" }, "geometry": { "type": "Point", "coordinates": [ -71.109475500685249, 42.38477047910267 ] } },
{ "type": "Feature", "properties": { "struct_type": "storm_inlet", "FacilityID": "SW-CB-01517" }, "geometry": { "type": "Point", "coordinates": [ -71.093755354730817, 42.387516949997327 ] } },
{ "type": "Feature", "properties": { "struct_type": "storm_inlet", "FacilityID": "SW-CB-02823" }, "geometry": { "type": "Point", "coordinates": [ -71.102026599226818, 42.389099577937991 ] } },
{ "type": "Feature", "properties": { "struct_type": "storm_inlet", "FacilityID": "SW-CB-02560" }, "geometry": { "type": "Point", "coordinates": [ -71.099680809944161, 42.380170554024133 ] } },
{ "type": "Feature", "properties": { "struct_type": "storm_inlet", "FacilityID": "SW-CB-00811" }, "geometry": { "type": "Point", "coordinates": [ -71.102781243130735, 42.386603751364078 ] } },
{ "type": "Feature", "properties": { "struct_type": "storm_inlet", "FacilityID": "SW-CB-02822" }, "geometry": { "type": "Point", "coordinates": [ -71.102062063787557, 42.389060254728399 ] } },
{ "type": "Feature", "properties": { "struct_type": "storm_inlet", "FacilityID": "SW-CB-00137" }, "geometry": { "type": "Point", "coordinates": [ -71.096585265182924, 42.387876842246143 ] } },
{ "type": "Feature", "properties": { "struct_type": "storm_inlet", "FacilityID": "SW-CB-02756" }, "geometry": { "type": "Point", "coordinates": [ -71.107905932785656, 42.390136419626579 ] } },
{ "type": "Feature", "properties": { "struct_type": "storm_inlet", "FacilityID": "SW-CB-01495" }, "geometry": { "type": "Point", "coordinates": [ -71.094467884428013, 42.38836516315483 ] } },
{ "type": "Feature", "properties": { "struct_type": "storm_inlet", "FacilityID": "SW-CB-02824" }, "geometry": { "type": "Point", "coordinates": [ -71.102118517376041, 42.389035295169172 ] } },
{ "type": "Feature", "properties": { "struct_type": "storm_inlet", "FacilityID": "SW-CB-03559" }, "geometry": { "type": "Point", "coordinates": [ -71.105325994260895, 42.388963545509093 ] } },
{ "type": "Feature", "properties": { "struct_type": "storm_inlet", "FacilityID": "SW-CB-00204" }, "geometry": { "type": "Point", "coordinates": [ -71.102918027435621, 42.390603645755583 ] } },
{ "type": "Feature", "properties": { "struct_type": "storm_inlet", "FacilityID": "SW-CB-00695" }, "geometry": { "type": "Point", "coordinates": [ -71.098363659304951, 42.380695270098926 ] } },
{ "type": "Feature", "properties": { "struct_type": "storm_inlet", "FacilityID": "SW-CB-00706" }, "geometry": { "type": "Point", "coordinates": [ -71.099412778241913, 42.381437159865825 ] } },
{ "type": "Feature", "properties": { "struct_type": "storm_inlet", "FacilityID": "SW-CB-01052" }, "geometry": { "type": "Point", "coordinates": [ -71.102298732200751, 42.38203064255233 ] } },
{ "type": "Feature", "properties": { "struct_type": "storm_inlet", "FacilityID": "SW-CB-00987" }, "geometry": { "type": "Point", "coordinates": [ -71.106016339134513, 42.384822659977857 ] } },
{ "type": "Feature", "properties": { "struct_type": "storm_inlet", "FacilityID": "SW-CB-02589" }, "geometry": { "type": "Point", "coordinates": [ -71.103135831358159, 42.380235093726135 ] } },
{ "type": "Feature", "properties": { "struct_type": "storm_inlet", "FacilityID": "SW-CB-02743" }, "geometry": { "type": "Point", "coordinates": [ -71.09751197206937, 42.387823850583779 ] } },
{ "type": "Feature", "properties": { "struct_type": "storm_inlet", "FacilityID": "SW-CB-01096" }, "geometry": { "type": "Point", "coordinates": [ -71.095167320774948, 42.383529066446854 ] } },
{ "type": "Feature", "properties": { "struct_type": "storm_inlet", "FacilityID": "SW-CB-01469" }, "geometry": { "type": "Point", "coordinates": [ -71.094976394857866, 42.387089018908256 ] } },
{ "type": "Feature", "properties": { "struct_type": "storm_inlet", "FacilityID": "SW-CB-00816" }, "geometry": { "type": "Point", "coordinates": [ -71.101914820855001, 42.386373156435397 ] } },
{ "type": "Feature", "properties": { "struct_type": "storm_inlet", "FacilityID": "SW-CB-02582" }, "geometry": { "type": "Point", "coordinates": [ -71.104086034740021, 42.381429652946963 ] } },
{ "type": "Feature", "properties": { "struct_type": "storm_inlet", "FacilityID": "SW-CB-01040" }, "geometry": { "type": "Point", "coordinates": [ -71.104119032442355, 42.382836188637505 ] } },
{ "type": "Feature", "properties": { "struct_type": "storm_inlet", "FacilityID": "SW-CB-01036" }, "geometry": { "type": "Point", "coordinates": [ -71.104836612989885, 42.382947020839325 ] } },
{ "type": "Feature", "properties": { "struct_type": "storm_inlet", "FacilityID": "SW-CB-00807" }, "geometry": { "type": "Point", "coordinates": [ -71.103199277763338, 42.386039944052875 ] } },
{ "type": "Feature", "properties": { "struct_type": "storm_inlet", "FacilityID": "SW-CB-00793" }, "geometry": { "type": "Point", "coordinates": [ -71.097624090431296, 42.385038324096243 ] } },
{ "type": "Feature", "properties": { "struct_type": "storm_inlet", "FacilityID": "SW-CB-03558" }, "geometry": { "type": "Point", "coordinates": [ -71.097894631086632, 42.386209474208826 ] } },
{ "type": "Feature", "properties": { "struct_type": "storm_inlet", "FacilityID": "SW-CB-00208" }, "geometry": { "type": "Point", "coordinates": [ -71.101472528989078, 42.390217051252748 ] } },
{ "type": "Feature", "properties": { "struct_type": "storm_inlet", "FacilityID": "SW-CB-02640" }, "geometry": { "type": "Point", "coordinates": [ -71.098073220157218, 42.389960433595178 ] } },
{ "type": "Feature", "properties": { "struct_type": "storm_inlet", "FacilityID": "SW-CB-00699" }, "geometry": { "type": "Point", "coordinates": [ -71.099364144451243, 42.381202220757508 ] } },
{ "type": "Feature", "properties": { "struct_type": "storm_inlet", "FacilityID": "SW-CB-00810" }, "geometry": { "type": "Point", "coordinates": [ -71.103514305498194, 42.38686293958461 ] } },
{ "type": "Feature", "properties": { "struct_type": "storm_inlet", "FacilityID": "SW-CB-00214" }, "geometry": { "type": "Point", "coordinates": [ -71.098975173752464, 42.389093595520336 ] } },
{ "type": "Feature", "properties": { "struct_type": "storm_inlet", "FacilityID": "SW-CB-03574" }, "geometry": { "type": "Point", "coordinates": [ -71.100138666370455, 42.382035963757602 ] } },
{ "type": "Feature", "properties": { "struct_type": "storm_inlet", "FacilityID": "SW-CB-00707" }, "geometry": { "type": "Point", "coordinates": [ -71.098268536555466, 42.381629638132381 ] } },
{ "type": "Feature", "properties": { "struct_type": "storm_inlet", "FacilityID": "SW-CB-02583" }, "geometry": { "type": "Point", "coordinates": [ -71.10377855692893, 42.381932817220701 ] } },
{ "type": "Feature", "properties": { "struct_type": "storm_inlet", "FacilityID": "SW-CB-01015" }, "geometry": { "type": "Point", "coordinates": [ -71.098708796102002, 42.38695502490647 ] } },
{ "type": "Feature", "properties": { "struct_type": "storm_inlet", "FacilityID": "SW-CB-01035" }, "geometry": { "type": "Point", "coordinates": [ -71.105173136718378, 42.383023437181357 ] } },
{ "type": "Feature", "properties": { "struct_type": "storm_inlet", "FacilityID": "SW-CB-00216" }, "geometry": { "type": "Point", "coordinates": [ -71.10760457559374, 42.38410322480572 ] } },
{ "type": "Feature", "properties": { "struct_type": "storm_inlet", "FacilityID": "SW-CB-00773" }, "geometry": { "type": "Point", "coordinates": [ -71.093744734290297, 42.380168804548148 ] } },
{ "type": "Feature", "properties": { "struct_type": "storm_inlet", "FacilityID": "SW-CB-00747" }, "geometry": { "type": "Point", "coordinates": [ -71.10032601343616, 42.383246372737268 ] } },
{ "type": "Feature", "properties": { "struct_type": "storm_inlet", "FacilityID": "SW-CB-01101" }, "geometry": { "type": "Point", "coordinates": [ -71.09524682632096, 42.381901594134298 ] } },
{ "type": "Feature", "properties": { "struct_type": "storm_inlet", "FacilityID": "SW-CB-01030" }, "geometry": { "type": "Point", "coordinates": [ -71.105498490277469, 42.3829591467616 ] } },
{ "type": "Feature", "properties": { "struct_type": "storm_inlet", "FacilityID": "SW-CB-01087" }, "geometry": { "type": "Point", "coordinates": [ -71.09724728935403, 42.381889234106175 ] } },
{ "type": "Feature", "properties": { "struct_type": "storm_inlet", "FacilityID": "SW-CB-00749" }, "geometry": { "type": "Point", "coordinates": [ -71.100269446077817, 42.384316649248447 ] } },
{ "type": "Feature", "properties": { "struct_type": "storm_inlet", "FacilityID": "SW-CB-02752" }, "geometry": { "type": "Point", "coordinates": [ -71.106870818433976, 42.38962542675327 ] } },
{ "type": "Feature", "properties": { "struct_type": "storm_inlet", "FacilityID": "SW-CB-02720" }, "geometry": { "type": "Point", "coordinates": [ -71.09749056784942, 42.388757857667009 ] } },
{ "type": "Feature", "properties": { "struct_type": "storm_inlet", "FacilityID": "SW-CB-02601" }, "geometry": { "type": "Point", "coordinates": [ -71.105380159770348, 42.380404065509936 ] } },
{ "type": "Feature", "properties": { "struct_type": "storm_inlet", "FacilityID": "SW-CB-00937" }, "geometry": { "type": "Point", "coordinates": [ -71.109380307354741, 42.385823255326379 ] } },
{ "type": "Feature", "properties": { "struct_type": "storm_inlet", "FacilityID": "SW-CB-00825" }, "geometry": { "type": "Point", "coordinates": [ -71.101542419252297, 42.387035612553873 ] } },
{ "type": "Feature", "properties": { "struct_type": "storm_inlet", "FacilityID": "SW-CB-02575" }, "geometry": { "type": "Point", "coordinates": [ -71.106546028622361, 42.380487767952175 ] } },
{ "type": "Feature", "properties": { "struct_type": "storm_inlet", "FacilityID": "SW-CB-00993" }, "geometry": { "type": "Point", "coordinates": [ -71.105627068150341, 42.385327618440691 ] } },
{ "type": "Feature", "properties": { "struct_type": "storm_inlet", "FacilityID": "SW-CB-01001" }, "geometry": { "type": "Point", "coordinates": [ -71.104256220856328, 42.387348589010031 ] } },
{ "type": "Feature", "properties": { "struct_type": "storm_inlet", "FacilityID": "SW-CB-00473" }, "geometry": { "type": "Point", "coordinates": [ -71.108386994225981, 42.39119624799018 ] } },
{ "type": "Feature", "properties": { "struct_type": "storm_inlet", "FacilityID": "SW-CB-02826" }, "geometry": { "type": "Point", "coordinates": [ -71.102574487881597, 42.389725124101567 ] } },
{ "type": "Feature", "properties": { "struct_type": "storm_inlet", "FacilityID": "SW-CB-00726" }, "geometry": { "type": "Point", "coordinates": [ -71.0984297599027, 42.382236754672327 ] } },
{ "type": "Feature", "properties": { "struct_type": "storm_inlet", "FacilityID": "SW-CB-00486" }, "geometry": { "type": "Point", "coordinates": [ -71.106682762850923, 42.390567077553882 ] } },
{ "type": "Feature", "properties": { "struct_type": "storm_inlet", "FacilityID": "SW-CB-01107" }, "geometry": { "type": "Point", "coordinates": [ -71.095886761150823, 42.38094391841296 ] } },
{ "type": "Feature", "properties": { "struct_type": "storm_inlet", "FacilityID": "SW-CB-00217" }, "geometry": { "type": "Point", "coordinates": [ -71.107701975662337, 42.384107083359837 ] } },
{ "type": "Feature", "properties": { "struct_type": "storm_inlet", "FacilityID": "SW-CB-00748" }, "geometry": { "type": "Point", "coordinates": [ -71.099950819837417, 42.383842714767162 ] } },
{ "type": "Feature", "properties": { "struct_type": "storm_inlet", "FacilityID": "SW-CB-02647" }, "geometry": { "type": "Point", "coordinates": [ -71.098786294578048, 42.390959410271265 ] } },
{ "type": "Feature", "properties": { "struct_type": "storm_inlet", "FacilityID": "SW-CB-02832" }, "geometry": { "type": "Point", "coordinates": [ -71.108605448953014, 42.389360173547459 ] } },
{ "type": "Feature", "properties": { "struct_type": "storm_inlet", "FacilityID": "SW-CB-00828" }, "geometry": { "type": "Point", "coordinates": [ -71.103110895485827, 42.387528034260441 ] } },
{ "type": "Feature", "properties": { "struct_type": "storm_inlet", "FacilityID": "SW-CB-00982" }, "geometry": { "type": "Point", "coordinates": [ -71.107767092276518, 42.38360085113024 ] } },
{ "type": "Feature", "properties": { "struct_type": "storm_inlet", "FacilityID": "SW-CB-00712" }, "geometry": { "type": "Point", "coordinates": [ -71.096621778102872, 42.380493851137516 ] } },
{ "type": "Feature", "properties": { "struct_type": "storm_inlet", "FacilityID": "SW-CB-00971" }, "geometry": { "type": "Point", "coordinates": [ -71.108892286275548, 42.383850827973184 ] } },
{ "type": "Feature", "properties": { "struct_type": "storm_inlet", "FacilityID": "SW-CB-00481" }, "geometry": { "type": "Point", "coordinates": [ -71.105748398031153, 42.390193716449851 ] } },
{ "type": "Feature", "properties": { "struct_type": "storm_inlet", "FacilityID": "SW-CB-00791" }, "geometry": { "type": "Point", "coordinates": [ -71.097445457060076, 42.385470664371169 ] } },
{ "type": "Feature", "properties": { "struct_type": "storm_inlet", "FacilityID": "SW-CB-00715" }, "geometry": { "type": "Point", "coordinates": [ -71.096982387690559, 42.381300615430028 ] } },
{ "type": "Feature", "properties": { "struct_type": "storm_inlet", "FacilityID": "SW-CB-01075" }, "geometry": { "type": "Point", "coordinates": [ -71.101169111769266, 42.381863453998641 ] } },
{ "type": "Feature", "properties": { "struct_type": "storm_inlet", "FacilityID": "SW-CB-00133" }, "geometry": { "type": "Point", "coordinates": [ -71.096619178266167, 42.387698313527423 ] } },
{ "type": "Feature", "properties": { "struct_type": "storm_inlet", "FacilityID": "SW-CB-00023" }, "geometry": { "type": "Point", "coordinates": [ -71.094799343203306, 42.389593462946522 ] } },
{ "type": "Feature", "properties": { "struct_type": "storm_inlet", "FacilityID": "SW-CB-00940" }, "geometry": { "type": "Point", "coordinates": [ -71.108050843692325, 42.386914760559293 ] } },
{ "type": "Feature", "properties": { "struct_type": "storm_inlet", "FacilityID": "SW-CB-00737" }, "geometry": { "type": "Point", "coordinates": [ -71.098933164159902, 42.383097653227054 ] } },
{ "type": "Feature", "properties": { "struct_type": "storm_inlet", "FacilityID": "SW-CB-01504" }, "geometry": { "type": "Point", "coordinates": [ -71.093724166248052, 42.390008576713377 ] } },
{ "type": "Feature", "properties": { "struct_type": "storm_inlet", "FacilityID": "SW-CB-02556" }, "geometry": { "type": "Point", "coordinates": [ -71.098162932282847, 42.380071145734838 ] } },
{ "type": "Feature", "properties": { "struct_type": "storm_inlet", "FacilityID": "SW-CB-03577" }, "geometry": { "type": "Point", "coordinates": [ -71.109790478280289, 42.387516588323145 ] } },
{ "type": "Feature", "properties": { "struct_type": "storm_inlet", "FacilityID": "SW-CB-01023" }, "geometry": { "type": "Point", "coordinates": [ -71.103670363263745, 42.383897014319444 ] } },
{ "type": "Feature", "properties": { "struct_type": "storm_inlet", "FacilityID": "SW-CB-01071" }, "geometry": { "type": "Point", "coordinates": [ -71.102483396118998, 42.385091781508073 ] } },
{ "type": "Feature", "properties": { "struct_type": "storm_inlet", "FacilityID": "SW-CB-02815" }, "geometry": { "type": "Point", "coordinates": [ -71.10029060012846, 42.388346145100165 ] } },
{ "type": "Feature", "properties": { "struct_type": "storm_inlet", "FacilityID": "SW-CB-00496" }, "geometry": { "type": "Point", "coordinates": [ -71.103721147808386, 42.389519552646817 ] } },
{ "type": "Feature", "properties": { "struct_type": "storm_inlet", "FacilityID": "SW-CB-01500" }, "geometry": { "type": "Point", "coordinates": [ -71.094078220596998, 42.388959860933291 ] } },
{ "type": "Feature", "properties": { "struct_type": "storm_inlet", "FacilityID": "SW-CB-00765" }, "geometry": { "type": "Point", "coordinates": [ -71.094674944594445, 42.381547882985039 ] } },
{ "type": "Feature", "properties": { "struct_type": "storm_inlet", "FacilityID": "SW-CB-01088" }, "geometry": { "type": "Point", "coordinates": [ -71.096919437832724, 42.382454102554831 ] } },
{ "type": "Feature", "properties": { "struct_type": "storm_inlet", "FacilityID": "SW-CB-00972" }, "geometry": { "type": "Point", "coordinates": [ -71.108431185035457, 42.384232806263832 ] } },
{ "type": "Feature", "properties": { "struct_type": "storm_inlet", "FacilityID": "SW-CB-00477" }, "geometry": { "type": "Point", "coordinates": [ -71.107292613340888, 42.390766565287954 ] } },
{ "type": "Feature", "properties": { "struct_type": "storm_inlet", "FacilityID": "SW-CB-00720" }, "geometry": { "type": "Point", "coordinates": [ -71.097664704292981, 42.381679741843541 ] } },
{ "type": "Feature", "properties": { "struct_type": "storm_inlet", "FacilityID": "SW-CB-02615" }, "geometry": { "type": "Point", "coordinates": [ -71.108473603021324, 42.381704480000408 ] } },
{ "type": "Feature", "properties": { "struct_type": "storm_inlet", "FacilityID": "SW-CB-00986" }, "geometry": { "type": "Point", "coordinates": [ -71.106048612838833, 42.384760633859052 ] } },
{ "type": "Feature", "properties": { "struct_type": "storm_inlet", "FacilityID": "SW-CB-00978" }, "geometry": { "type": "Point", "coordinates": [ -71.10679376952973, 42.383466482685634 ] } },
{ "type": "Feature", "properties": { "struct_type": "storm_inlet", "FacilityID": "SW-CB-00988" }, "geometry": { "type": "Point", "coordinates": [ -71.105960363866672, 42.384831345978064 ] } },
{ "type": "Feature", "properties": { "struct_type": "storm_inlet", "FacilityID": "SW-CB-01066" }, "geometry": { "type": "Point", "coordinates": [ -71.101996011390256, 42.384152857649745 ] } },
{ "type": "Feature", "properties": { "struct_type": "storm_inlet", "FacilityID": "SW-CB-00948" }, "geometry": { "type": "Point", "coordinates": [ -71.109054539240375, 42.385242009436922 ] } },
{ "type": "Feature", "properties": { "struct_type": "storm_inlet", "FacilityID": "SW-CB-00823" }, "geometry": { "type": "Point", "coordinates": [ -71.099516266830207, 42.386313500421181 ] } },
{ "type": "Feature", "properties": { "struct_type": "storm_inlet", "FacilityID": "SW-CB-00768" }, "geometry": { "type": "Point", "coordinates": [ -71.094958937031194, 42.380739240418116 ] } },
{ "type": "Feature", "properties": { "struct_type": "storm_inlet", "FacilityID": "SW-CB-00730" }, "geometry": { "type": "Point", "coordinates": [ -71.099073128770883, 42.382914011436647 ] } },
{ "type": "Feature", "properties": { "struct_type": "storm_inlet", "FacilityID": "SW-CB-02588" }, "geometry": { "type": "Point", "coordinates": [ -71.102394553393907, 42.380196326604057 ] } },
{ "type": "Feature", "properties": { "struct_type": "storm_inlet", "FacilityID": "SW-CB-00800" }, "geometry": { "type": "Point", "coordinates": [ -71.099646069401444, 42.385578865659191 ] } },
{ "type": "Feature", "properties": { "struct_type": "storm_inlet", "FacilityID": "SW-CB-01091" }, "geometry": { "type": "Point", "coordinates": [ -71.095854172145252, 42.382805320395569 ] } },
{ "type": "Feature", "properties": { "struct_type": "storm_inlet", "FacilityID": "SW-CB-00944" }, "geometry": { "type": "Point", "coordinates": [ -71.108463051639859, 42.386140480628896 ] } },
{ "type": "Feature", "properties": { "struct_type": "storm_inlet", "FacilityID": "SW-CB-00213" }, "geometry": { "type": "Point", "coordinates": [ -71.10012290933544, 42.389609248295102 ] } },
{ "type": "Feature", "properties": { "struct_type": "storm_inlet", "FacilityID": "SW-CB-00981" }, "geometry": { "type": "Point", "coordinates": [ -71.10774417073894, 42.383481513378641 ] } },
{ "type": "Feature", "properties": { "struct_type": "storm_inlet", "FacilityID": "SW-CB-00936" }, "geometry": { "type": "Point", "coordinates": [ -71.109882754774944, 42.386092045060323 ] } },
{ "type": "Feature", "properties": { "struct_type": "storm_inlet", "FacilityID": "SW-CB-02637" }, "geometry": { "type": "Point", "coordinates": [ -71.097221016376906, 42.389279059358849 ] } },
{ "type": "Feature", "properties": { "struct_type": "storm_inlet", "FacilityID": "SW-CB-01473" }, "geometry": { "type": "Point", "coordinates": [ -71.096099921410755, 42.388184879142926 ] } },
{ "type": "Feature", "properties": { "struct_type": "storm_inlet", "FacilityID": "SW-CB-02754" }, "geometry": { "type": "Point", "coordinates": [ -71.107237890380134, 42.389834962321274 ] } },
{ "type": "Feature", "properties": { "struct_type": "storm_inlet", "FacilityID": "SW-CB-00491" }, "geometry": { "type": "Point", "coordinates": [ -71.104739108642292, 42.389932995597526 ] } },
{ "type": "Feature", "properties": { "struct_type": "storm_inlet", "FacilityID": "SW-CB-03571" }, "geometry": { "type": "Point", "coordinates": [ -71.109478654921816, 42.383013849565103 ] } },
{ "type": "Feature", "properties": { "struct_type": "storm_inlet", "FacilityID": "SW-CB-00926" }, "geometry": { "type": "Point", "coordinates": [ -71.11012727447158, 42.383861837357706 ] } },
{ "type": "Feature", "properties": { "struct_type": "storm_inlet", "FacilityID": "SW-CB-03573" }, "geometry": { "type": "Point", "coordinates": [ -71.109370640117788, 42.382784000694414 ] } },
{ "type": "Feature", "properties": { "struct_type": "storm_inlet", "FacilityID": "SW-CB-02834" }, "geometry": { "type": "Point", "coordinates": [ -71.109686738568357, 42.390541125104896 ] } },
{ "type": "Feature", "properties": { "struct_type": "storm_inlet", "FacilityID": "SW-CB-00813" }, "geometry": { "type": "Point", "coordinates": [ -71.102032964234098, 42.38641477468088 ] } },
{ "type": "Feature", "properties": { "struct_type": "storm_inlet", "FacilityID": "SW-CB-00826" }, "geometry": { "type": "Point", "coordinates": [ -71.10281351021132, 42.387426010775044 ] } },
{ "type": "Feature", "properties": { "struct_type": "storm_inlet", "FacilityID": "SW-CB-02644" }, "geometry": { "type": "Point", "coordinates": [ -71.09845366139659, 42.390552166927236 ] } },
{ "type": "Feature", "properties": { "struct_type": "storm_inlet", "FacilityID": "SW-CB-00955" }, "geometry": { "type": "Point", "coordinates": [ -71.109063345570192, 42.38449762072652 ] } },
{ "type": "Feature", "properties": { "struct_type": "storm_inlet", "FacilityID": "SW-CB-00772" }, "geometry": { "type": "Point", "coordinates": [ -71.09381925485674, 42.380221661394181 ] } },
{ "type": "Feature", "properties": { "struct_type": "storm_inlet", "FacilityID": "SW-CB-00026" }, "geometry": { "type": "Point", "coordinates": [ -71.095613241024878, 42.388089521402527 ] } },
{ "type": "Feature", "properties": { "struct_type": "storm_inlet", "FacilityID": "SW-CB-00716" }, "geometry": { "type": "Point", "coordinates": [ -71.096674686940858, 42.381708861204828 ] } },
{ "type": "Feature", "properties": { "struct_type": "storm_inlet", "FacilityID": "SW-CB-01047" }, "geometry": { "type": "Point", "coordinates": [ -71.103904537545972, 42.382697606176777 ] } },
{ "type": "Feature", "properties": { "struct_type": "storm_inlet", "FacilityID": "SW-CB-02614" }, "geometry": { "type": "Point", "coordinates": [ -71.108272981199249, 42.381069113385969 ] } },
{ "type": "Feature", "properties": { "struct_type": "storm_inlet", "FacilityID": "SW-CB-00738" }, "geometry": { "type": "Point", "coordinates": [ -71.099041244522056, 42.383128757521902 ] } },
{ "type": "Feature", "properties": { "struct_type": "storm_inlet", "FacilityID": "SW-CB-01022" }, "geometry": { "type": "Point", "coordinates": [ -71.104480256166937, 42.384287323736039 ] } },
{ "type": "Feature", "properties": { "struct_type": "storm_inlet", "FacilityID": "SW-CB-00745" }, "geometry": { "type": "Point", "coordinates": [ -71.099723883135283, 42.383807386091377 ] } },
{ "type": "Feature", "properties": { "struct_type": "storm_inlet", "FacilityID": "SW-CB-01058" }, "geometry": { "type": "Point", "coordinates": [ -71.101333452500839, 42.383203534028063 ] } },
{ "type": "Feature", "properties": { "struct_type": "storm_inlet", "FacilityID": "SW-CB-00962" }, "geometry": { "type": "Point", "coordinates": [ -71.107554554635954, 42.38537272315989 ] } },
{ "type": "Feature", "properties": { "struct_type": "storm_inlet", "FacilityID": "SW-CB-00792" }, "geometry": { "type": "Point", "coordinates": [ -71.097349547230735, 42.385428777092429 ] } },
{ "type": "Feature", "properties": { "struct_type": "storm_inlet", "FacilityID": "SW-CB-00896" }, "geometry": { "type": "Point", "coordinates": [ -71.10927438069902, 42.38842168659005 ] } },
{ "type": "Feature", "properties": { "struct_type": "storm_inlet", "FacilityID": "SW-CB-01025" }, "geometry": { "type": "Point", "coordinates": [ -71.104844994853764, 42.383912967177807 ] } },
{ "type": "Feature", "properties": { "struct_type": "storm_inlet", "FacilityID": "SW-CB-01106" }, "geometry": { "type": "Point", "coordinates": [ -71.096152104332532, 42.381283784638981 ] } },
{ "type": "Feature", "properties": { "struct_type": "storm_inlet", "FacilityID": "SW-CB-00691" }, "geometry": { "type": "Point", "coordinates": [ -71.09751406906949, 42.380349483556387 ] } },
{ "type": "Feature", "properties": { "struct_type": "storm_inlet", "FacilityID": "SW-CB-02807" }, "geometry": { "type": "Point", "coordinates": [ -71.101306713260001, 42.388801489788129 ] } },
{ "type": "Feature", "properties": { "struct_type": "storm_inlet", "FacilityID": "SW-CB-02619" }, "geometry": { "type": "Point", "coordinates": [ -71.109953121599858, 42.38212316856108 ] } },
{ "type": "Feature", "properties": { "struct_type": "storm_inlet", "FacilityID": "SW-CB-03575" }, "geometry": { "type": "Point", "coordinates": [ -71.100233196719131, 42.382045248286815 ] } },
{ "type": "Feature", "properties": { "struct_type": "storm_inlet", "FacilityID": "SW-CB-01016" }, "geometry": { "type": "Point", "coordinates": [ -71.104617782826409, 42.385307731565781 ] } },
{ "type": "Feature", "properties": { "struct_type": "storm_inlet", "FacilityID": "SW-CB-01042" }, "geometry": { "type": "Point", "coordinates": [ -71.10302691567523, 42.383801467238094 ] } },
{ "type": "Feature", "properties": { "struct_type": "storm_inlet", "FacilityID": "SW-CB-00475" }, "geometry": { "type": "Point", "coordinates": [ -71.108239367746194, 42.391061729562985 ] } },
{ "type": "Feature", "properties": { "struct_type": "storm_inlet", "FacilityID": "SW-CB-00939" }, "geometry": { "type": "Point", "coordinates": [ -71.108890551890596, 42.387497698670266 ] } },
{ "type": "Feature", "properties": { "struct_type": "storm_inlet", "FacilityID": "SW-CB-00750" }, "geometry": { "type": "Point", "coordinates": [ -71.100586771463597, 42.384193838991614 ] } },
{ "type": "Feature", "properties": { "struct_type": "storm_inlet", "FacilityID": "SW-CB-00708" }, "geometry": { "type": "Point", "coordinates": [ -71.096920114214356, 42.380505378787554 ] } },
{ "type": "Feature", "properties": { "struct_type": "storm_inlet", "FacilityID": "SW-CB-00975" }, "geometry": { "type": "Point", "coordinates": [ -71.10674545610506, 42.383754345151893 ] } },
{ "type": "Feature", "properties": { "struct_type": "storm_inlet", "FacilityID": "SW-CB-01475" }, "geometry": { "type": "Point", "coordinates": [ -71.094479743352906, 42.384634552127508 ] } },
{ "type": "Feature", "properties": { "struct_type": "storm_inlet", "FacilityID": "SW-CB-00714" }, "geometry": { "type": "Point", "coordinates": [ -71.096758205406758, 42.38049242439677 ] } },
{ "type": "Feature", "properties": { "struct_type": "storm_inlet", "FacilityID": "SW-CB-02811" }, "geometry": { "type": "Point", "coordinates": [ -71.10049090630379, 42.389924108382978 ] } },
{ "type": "Feature", "properties": { "struct_type": "storm_inlet", "FacilityID": "SW-CB-00942" }, "geometry": { "type": "Point", "coordinates": [ -71.108181302238847, 42.386568207229928 ] } },
{ "type": "Feature", "properties": { "struct_type": "storm_inlet", "FacilityID": "SW-CB-01496" }, "geometry": { "type": "Point", "coordinates": [ -71.094375932303834, 42.388353595402954 ] } },
{ "type": "Feature", "properties": { "struct_type": "storm_inlet", "FacilityID": "SW-CB-02762" }, "geometry": { "type": "Point", "coordinates": [ -71.109124170717422, 42.390635639208135 ] } },
{ "type": "Feature", "properties": { "struct_type": "storm_inlet", "FacilityID": "SW-CB-00751" }, "geometry": { "type": "Point", "coordinates": [ -71.100547821514766, 42.384398604653349 ] } },
{ "type": "Feature", "properties": { "struct_type": "storm_inlet", "FacilityID": "SW-CB-00752" }, "geometry": { "type": "Point", "coordinates": [ -71.100351618053224, 42.384532982896097 ] } },
{ "type": "Feature", "properties": { "struct_type": "storm_inlet", "FacilityID": "SW-CB-01077" }, "geometry": { "type": "Point", "coordinates": [ -71.100966020763593, 42.382159764207096 ] } },
{ "type": "Feature", "properties": { "struct_type": "storm_inlet", "FacilityID": "SW-CB-00806" }, "geometry": { "type": "Point", "coordinates": [ -71.10159059380662, 42.385534998841301 ] } },
{ "type": "Feature", "properties": { "struct_type": "storm_inlet", "FacilityID": "SW-CB-01026" }, "geometry": { "type": "Point", "coordinates": [ -71.104244872147376, 42.383413909388437 ] } },
{ "type": "Feature", "properties": { "struct_type": "storm_inlet", "FacilityID": "SW-CB-02813" }, "geometry": { "type": "Point", "coordinates": [ -71.099417646634635, 42.38809957382098 ] } },
{ "type": "Feature", "properties": { "struct_type": "storm_inlet", "FacilityID": "SW-CB-02622" }, "geometry": { "type": "Point", "coordinates": [ -71.104796800757697, 42.381689443680685 ] } },
{ "type": "Feature", "properties": { "struct_type": "storm_inlet", "FacilityID": "SW-CB-01467" }, "geometry": { "type": "Point", "coordinates": [ -71.093830309026544, 42.385749721966583 ] } },
{ "type": "Feature", "properties": { "struct_type": "storm_inlet", "FacilityID": "SW-CB-01045" }, "geometry": { "type": "Point", "coordinates": [ -71.10330696696208, 42.38255374636325 ] } },
{ "type": "Feature", "properties": { "struct_type": "storm_inlet", "FacilityID": "SW-CB-01090" }, "geometry": { "type": "Point", "coordinates": [ -71.096086280406581, 42.382365658093775 ] } },
{ "type": "Feature", "properties": { "struct_type": "storm_inlet", "FacilityID": "SW-CB-02621" }, "geometry": { "type": "Point", "coordinates": [ -71.104819566941828, 42.381624922027612 ] } },
{ "type": "Feature", "properties": { "struct_type": "storm_inlet", "FacilityID": "SW-CB-02638" }, "geometry": { "type": "Point", "coordinates": [ -71.097832927854654, 42.389950255361825 ] } },
{ "type": "Feature", "properties": { "struct_type": "storm_inlet", "FacilityID": "SW-CB-00210" }, "geometry": { "type": "Point", "coordinates": [ -71.10048143961248, 42.38962192730714 ] } },
{ "type": "Feature", "properties": { "struct_type": "storm_inlet", "FacilityID": "SW-CB-00495" }, "geometry": { "type": "Point", "coordinates": [ -71.103742831007864, 42.389598233650183 ] } },
{ "type": "Feature", "properties": { "struct_type": "storm_inlet", "FacilityID": "SW-CB-03572" }, "geometry": { "type": "Point", "coordinates": [ -71.109336511754719, 42.382961962630908 ] } },
{ "type": "Feature", "properties": { "struct_type": "storm_inlet", "FacilityID": "SW-CB-00724" }, "geometry": { "type": "Point", "coordinates": [ -71.09784956674936, 42.383156373837139 ] } },
{ "type": "Feature", "properties": { "struct_type": "storm_inlet", "FacilityID": "SW-CB-00976" }, "geometry": { "type": "Point", "coordinates": [ -71.106685323609554, 42.383760735976303 ] } },
{ "type": "Feature", "properties": { "struct_type": "storm_inlet", "FacilityID": "SW-CB-00814" }, "geometry": { "type": "Point", "coordinates": [ -71.102000119125535, 42.38642597492435 ] } },
{ "type": "Feature", "properties": { "struct_type": "storm_inlet", "FacilityID": "SW-CB-00973" }, "geometry": { "type": "Point", "coordinates": [ -71.108415101486173, 42.384280328777947 ] } },
{ "type": "Feature", "properties": { "struct_type": "storm_inlet", "FacilityID": "SW-CB-01017" }, "geometry": { "type": "Point", "coordinates": [ -71.103769470183252, 42.385441994782383 ] } },
{ "type": "Feature", "properties": { "struct_type": "storm_inlet", "FacilityID": "SW-CB-02763" }, "geometry": { "type": "Point", "coordinates": [ -71.109191825608008, 42.390669789819512 ] } },
{ "type": "Feature", "properties": { "struct_type": "storm_inlet", "FacilityID": "SW-CB-00815" }, "geometry": { "type": "Point", "coordinates": [ -71.101917724905604, 42.386396628753708 ] } },
{ "type": "Feature", "properties": { "struct_type": "storm_inlet", "FacilityID": "SW-CB-02721" }, "geometry": { "type": "Point", "coordinates": [ -71.097195157812223, 42.389007410330542 ] } },
{ "type": "Feature", "properties": { "struct_type": "storm_inlet", "FacilityID": "SW-CB-02570" }, "geometry": { "type": "Point", "coordinates": [ -71.10583599628977, 42.380262860241736 ] } },
{ "type": "Feature", "properties": { "struct_type": "storm_inlet", "FacilityID": "SW-CB-02600" }, "geometry": { "type": "Point", "coordinates": [ -71.105370833923587, 42.380374687867146 ] } },
{ "type": "Feature", "properties": { "struct_type": "storm_inlet", "FacilityID": "SW-CB-01103" }, "geometry": { "type": "Point", "coordinates": [ -71.09533708630245, 42.381343656247282 ] } },
{ "type": "Feature", "properties": { "struct_type": "storm_inlet", "FacilityID": "SW-CB-01012" }, "geometry": { "type": "Point", "coordinates": [ -71.105673300159324, 42.388466792011542 ] } },
{ "type": "Feature", "properties": { "struct_type": "storm_inlet", "FacilityID": "SW-CB-00945" }, "geometry": { "type": "Point", "coordinates": [ -71.108549809882064, 42.386156618103641 ] } },
{ "type": "Feature", "properties": { "struct_type": "storm_inlet", "FacilityID": "SW-CB-00786" }, "geometry": { "type": "Point", "coordinates": [ -71.097357106629886, 42.384016174269739 ] } },
{ "type": "Feature", "properties": { "struct_type": "storm_inlet", "FacilityID": "SW-CB-00952" }, "geometry": { "type": "Point", "coordinates": [ -71.108807330040861, 42.385071102173825 ] } },
{ "type": "Feature", "properties": { "struct_type": "storm_inlet", "FacilityID": "SW-CB-02829" }, "geometry": { "type": "Point", "coordinates": [ -71.10226634586293, 42.389835536813273 ] } },
{ "type": "Feature", "properties": { "struct_type": "storm_inlet", "FacilityID": "SW-CB-00789" }, "geometry": { "type": "Point", "coordinates": [ -71.097117571911852, 42.385773045399269 ] } },
{ "type": "Feature", "properties": { "struct_type": "storm_inlet", "FacilityID": "SW-CB-01520" }, "geometry": { "type": "Point", "coordinates": [ -71.09469580440792, 42.38769596223392 ] } },
{ "type": "Feature", "properties": { "struct_type": "storm_inlet", "FacilityID": "SW-CB-01093" }, "geometry": { "type": "Point", "coordinates": [ -71.09552807112415, 42.383110338455992 ] } },
{ "type": "Feature", "properties": { "struct_type": "storm_inlet", "FacilityID": "SW-CB-02609" }, "geometry": { "type": "Point", "coordinates": [ -71.107155891387848, 42.381570306782315 ] } },
{ "type": "Feature", "properties": { "struct_type": "storm_inlet", "FacilityID": "SW-CB-00897" }, "geometry": { "type": "Point", "coordinates": [ -71.109092818685596, 42.388670999893833 ] } },
{ "type": "Feature", "properties": { "struct_type": "storm_inlet", "FacilityID": "SW-CB-00898" }, "geometry": { "type": "Point", "coordinates": [ -71.109886357301377, 42.387508617342412 ] } },
{ "type": "Feature", "properties": { "struct_type": "storm_inlet", "FacilityID": "SW-CB-00690" }, "geometry": { "type": "Point", "coordinates": [ -71.097102348892989, 42.38031331216709 ] } },
{ "type": "Feature", "properties": { "struct_type": "storm_inlet", "FacilityID": "SW-CB-00928" }, "geometry": { "type": "Point", "coordinates": [ -71.11012366228789, 42.383192472794569 ] } },
{ "type": "Feature", "properties": { "struct_type": "storm_inlet", "FacilityID": "SW-CB-00935" }, "geometry": { "type": "Point", "coordinates": [ -71.109954858945613, 42.386120995923825 ] } },
{ "type": "Feature", "properties": { "struct_type": "storm_inlet", "FacilityID": "SW-CB-00983" }, "geometry": { "type": "Point", "coordinates": [ -71.106418937953691, 42.384215622146094 ] } },
{ "type": "Feature", "properties": { "struct_type": "storm_inlet", "FacilityID": "SW-CB-00819" }, "geometry": { "type": "Point", "coordinates": [ -71.101445294782764, 42.386131901785852 ] } },
{ "type": "Feature", "properties": { "struct_type": "storm_inlet", "FacilityID": "SW-CB-00482" }, "geometry": { "type": "Point", "coordinates": [ -71.105671304503801, 42.390241093389974 ] } },
{ "type": "Feature", "properties": { "struct_type": "storm_inlet", "FacilityID": "SW-CB-00689" }, "geometry": { "type": "Point", "coordinates": [ -71.096950844318002, 42.380119791137481 ] } },
{ "type": "Feature", "properties": { "struct_type": "storm_inlet", "FacilityID": "SW-CB-02751" }, "geometry": { "type": "Point", "coordinates": [ -71.106766738162477, 42.389620498572249 ] } },
{ "type": "Feature", "properties": { "struct_type": "storm_inlet", "FacilityID": "SW-CB-02745" }, "geometry": { "type": "Point", "coordinates": [ -71.097614673781379, 42.387681099046929 ] } },
{ "type": "Feature", "properties": { "struct_type": "storm_inlet", "FacilityID": "SW-CB-00989" }, "geometry": { "type": "Point", "coordinates": [ -71.105886399009663, 42.384823615790189 ] } },
{ "type": "Feature", "properties": { "struct_type": "storm_inlet", "FacilityID": "SW-CB-01004" }, "geometry": { "type": "Point", "coordinates": [ -71.105149068955086, 42.387654292706095 ] } },
{ "type": "Feature", "properties": { "struct_type": "storm_inlet", "FacilityID": "SW-CB-01468" }, "geometry": { "type": "Point", "coordinates": [ -71.094827616589981, 42.386799605061995 ] } },
{ "type": "Feature", "properties": { "struct_type": "storm_inlet", "FacilityID": "SW-CB-00992" }, "geometry": { "type": "Point", "coordinates": [ -71.106001242903659, 42.384526642953453 ] } },
{ "type": "Feature", "properties": { "struct_type": "storm_inlet", "FacilityID": "SW-CB-01038" }, "geometry": { "type": "Point", "coordinates": [ -71.105123406810293, 42.382621844543337 ] } },
{ "type": "Feature", "properties": { "struct_type": "storm_inlet", "FacilityID": "SW-CB-00476" }, "geometry": { "type": "Point", "coordinates": [ -71.10728701563994, 42.390694229259068 ] } },
{ "type": "Feature", "properties": { "struct_type": "storm_inlet", "FacilityID": "SW-CB-02635" }, "geometry": { "type": "Point", "coordinates": [ -71.097106694512647, 42.389025976832954 ] } },
{ "type": "Feature", "properties": { "struct_type": "storm_inlet", "FacilityID": "SW-CB-02733" }, "geometry": { "type": "Point", "coordinates": [ -71.099587354546955, 42.391166701468705 ] } },
{ "type": "Feature", "properties": { "struct_type": "storm_inlet", "FacilityID": "SW-CB-01466" }, "geometry": { "type": "Point", "coordinates": [ -71.093758439156488, 42.385693634457326 ] } },
{ "type": "Feature", "properties": { "struct_type": "storm_inlet", "FacilityID": "SW-CB-02630" }, "geometry": { "type": "Point", "coordinates": [ -71.095492837123984, 42.384367189778075 ] } },
{ "type": "Feature", "properties": { "struct_type": "storm_inlet", "FacilityID": "SW-CB-00497" }, "geometry": { "type": "Point", "coordinates": [ -71.10291172004267, 42.389232443128606 ] } },
{ "type": "Feature", "properties": { "struct_type": "storm_inlet", "FacilityID": "SW-CB-01476" }, "geometry": { "type": "Point", "coordinates": [ -71.09455197028683, 42.38467501513901 ] } },
{ "type": "Feature", "properties": { "struct_type": "storm_inlet", "FacilityID": "SW-CB-00895" }, "geometry": { "type": "Point", "coordinates": [ -71.10956076637423, 42.387830145284717 ] } },
{ "type": "Feature", "properties": { "struct_type": "storm_inlet", "FacilityID": "SW-CB-01061" }, "geometry": { "type": "Point", "coordinates": [ -71.101175325418254, 42.383188925365708 ] } },
{ "type": "Feature", "properties": { "struct_type": "storm_inlet", "FacilityID": "SW-CB-02768" }, "geometry": { "type": "Point", "coordinates": [ -71.109519149217988, 42.390865844434217 ] } },
{ "type": "Feature", "properties": { "struct_type": "storm_inlet", "FacilityID": "SW-CB-00956" }, "geometry": { "type": "Point", "coordinates": [ -71.109539208434413, 42.38461412174005 ] } },
{ "type": "Feature", "properties": { "struct_type": "storm_inlet", "FacilityID": "SW-CB-00704" }, "geometry": { "type": "Point", "coordinates": [ -71.100261614048733, 42.381534708719997 ] } },
{ "type": "Feature", "properties": { "struct_type": "storm_inlet", "FacilityID": "SW-CB-01082" }, "geometry": { "type": "Point", "coordinates": [ -71.100811977237655, 42.381169549579674 ] } },
{ "type": "Feature", "properties": { "struct_type": "storm_inlet", "FacilityID": "SW-CB-02586" }, "geometry": { "type": "Point", "coordinates": [ -71.104560592395103, 42.380142813195633 ] } },
{ "type": "Feature", "properties": { "struct_type": "storm_inlet", "FacilityID": "SW-CB-02749" }, "geometry": { "type": "Point", "coordinates": [ -71.105153128334848, 42.388964400089485 ] } },
{ "type": "Feature", "properties": { "struct_type": "storm_inlet", "FacilityID": "SW-CB-02406" }, "geometry": { "type": "Point", "coordinates": [ -71.109124403609059, 42.38061574549878 ] } },
{ "type": "Feature", "properties": { "struct_type": "storm_inlet", "FacilityID": "SW-CB-00535" }, "geometry": { "type": "Point", "coordinates": [ -71.106440553478734, 42.391089873007978 ] } },
{ "type": "Feature", "properties": { "struct_type": "storm_inlet", "FacilityID": "SW-CB-02742" }, "geometry": { "type": "Point", "coordinates": [ -71.09789706166265, 42.387821005286845 ] } },
{ "type": "Feature", "properties": { "struct_type": "storm_inlet", "FacilityID": "SW-CB-00697" }, "geometry": { "type": "Point", "coordinates": [ -71.09871789937894, 42.380970341147851 ] } },
{ "type": "Feature", "properties": { "struct_type": "storm_inlet", "FacilityID": "SW-CB-02611" }, "geometry": { "type": "Point", "coordinates": [ -71.107020484974697, 42.381851874373055 ] } },
{ "type": "Feature", "properties": { "struct_type": "storm_inlet", "FacilityID": "SW-CB-02719" }, "geometry": { "type": "Point", "coordinates": [ -71.094952375789546, 42.39041339199337 ] } },
{ "type": "Feature", "properties": { "struct_type": "storm_inlet", "FacilityID": "SW-CB-01069" }, "geometry": { "type": "Point", "coordinates": [ -71.102661909993387, 42.384465041241683 ] } },
{ "type": "Feature", "properties": { "struct_type": "storm_inlet", "FacilityID": "SW-CB-02767" }, "geometry": { "type": "Point", "coordinates": [ -71.109504057277803, 42.390812055414109 ] } },
{ "type": "Feature", "properties": { "struct_type": "storm_inlet", "FacilityID": "SW-CB-01063" }, "geometry": { "type": "Point", "coordinates": [ -71.100840776801192, 42.383826380360233 ] } },
{ "type": "Feature", "properties": { "struct_type": "storm_inlet", "FacilityID": "SW-CB-02676" }, "geometry": { "type": "Point", "coordinates": [ -71.097145386673574, 42.389267404218522 ] } },
{ "type": "Feature", "properties": { "struct_type": "storm_inlet", "FacilityID": "SW-CB-00702" }, "geometry": { "type": "Point", "coordinates": [ -71.100468003916887, 42.381704184752593 ] } },
{ "type": "Feature", "properties": { "struct_type": "storm_inlet", "FacilityID": "SW-CB-01053" }, "geometry": { "type": "Point", "coordinates": [ -71.102187759189334, 42.382135112232895 ] } },
{ "type": "Feature", "properties": { "struct_type": "storm_inlet", "FacilityID": "SW-CB-00027" }, "geometry": { "type": "Point", "coordinates": [ -71.094128567240986, 42.390796631007227 ] } },
{ "type": "Feature", "properties": { "struct_type": "storm_inlet", "FacilityID": "SW-CB-02814" }, "geometry": { "type": "Point", "coordinates": [ -71.099557110944474, 42.388077572919812 ] } },
{ "type": "Feature", "properties": { "struct_type": "storm_inlet", "FacilityID": "SW-CB-02623" }, "geometry": { "type": "Point", "coordinates": [ -71.105061151481635, 42.381752663673893 ] } },
{ "type": "Feature", "properties": { "struct_type": "storm_inlet", "FacilityID": "SW-CB-02642" }, "geometry": { "type": "Point", "coordinates": [ -71.098567056295593, 42.390444465711873 ] } },
{ "type": "Feature", "properties": { "struct_type": "storm_inlet", "FacilityID": "SW-CB-02639" }, "geometry": { "type": "Point", "coordinates": [ -71.097903571611241, 42.3899581258406 ] } },
{ "type": "Feature", "properties": { "struct_type": "storm_inlet", "FacilityID": "SW-CB-00731" }, "geometry": { "type": "Point", "coordinates": [ -71.098049029988601, 42.384399906015808 ] } },
{ "type": "Feature", "properties": { "struct_type": "storm_inlet", "FacilityID": "SW-CB-02812" }, "geometry": { "type": "Point", "coordinates": [ -71.098964429951451, 42.387859794684033 ] } },
{ "type": "Feature", "properties": { "struct_type": "storm_inlet", "FacilityID": "SW-CB-00483" }, "geometry": { "type": "Point", "coordinates": [ -71.106221729927029, 42.39034635594254 ] } },
{ "type": "Feature", "properties": { "struct_type": "storm_inlet", "FacilityID": "SW-CB-00824" }, "geometry": { "type": "Point", "coordinates": [ -71.101419826329789, 42.386986714918876 ] } },
{ "type": "Feature", "properties": { "struct_type": "storm_inlet", "FacilityID": "SW-CB-01032" }, "geometry": { "type": "Point", "coordinates": [ -71.106934233060855, 42.382941731106044 ] } },
{ "type": "Feature", "properties": { "struct_type": "storm_inlet", "FacilityID": "SW-CB-02677" }, "geometry": { "type": "Point", "coordinates": [ -71.097034478947265, 42.389245101183725 ] } },
{ "type": "Feature", "properties": { "struct_type": "storm_inlet", "FacilityID": "SW-CB-00533" }, "geometry": { "type": "Point", "coordinates": [ -71.104670431482234, 42.390503789558906 ] } },
{ "type": "Feature", "properties": { "struct_type": "storm_inlet", "FacilityID": "SW-CB-02624" }, "geometry": { "type": "Point", "coordinates": [ -71.105541572730402, 42.381789186135265 ] } },
{ "type": "Feature", "properties": { "struct_type": "storm_inlet", "FacilityID": "SW-CB-01021" }, "geometry": { "type": "Point", "coordinates": [ -71.103079075125137, 42.3853021671259 ] } },
{ "type": "Feature", "properties": { "struct_type": "storm_inlet", "FacilityID": "SW-CB-00818" }, "geometry": { "type": "Point", "coordinates": [ -71.101414852788352, 42.386195158242167 ] } },
{ "type": "Feature", "properties": { "struct_type": "storm_inlet", "FacilityID": "SW-CB-01497" }, "geometry": { "type": "Point", "coordinates": [ -71.094078664750498, 42.388810654147996 ] } },
{ "type": "Feature", "properties": { "struct_type": "storm_inlet", "FacilityID": "SW-CB-01011" }, "geometry": { "type": "Point", "coordinates": [ -71.105606685440151, 42.388411418711392 ] } },
{ "type": "Feature", "properties": { "struct_type": "storm_inlet", "FacilityID": "SW-CB-00950" }, "geometry": { "type": "Point", "coordinates": [ -71.109208631764758, 42.385138513355201 ] } },
{ "type": "Feature", "properties": { "struct_type": "storm_inlet", "FacilityID": "SW-CB-00797" }, "geometry": { "type": "Point", "coordinates": [ -71.098045868031292, 42.386270939213368 ] } },
{ "type": "Feature", "properties": { "struct_type": "storm_inlet", "FacilityID": "SW-CB-00727" }, "geometry": { "type": "Point", "coordinates": [ -71.098392010064742, 42.382332522940992 ] } },
{ "type": "Feature", "properties": { "struct_type": "storm_inlet", "FacilityID": "SW-CB-00767" }, "geometry": { "type": "Point", "coordinates": [ -71.095031159217427, 42.380779797692796 ] } },
{ "type": "Feature", "properties": { "struct_type": "storm_inlet", "FacilityID": "SW-CB-00134" }, "geometry": { "type": "Point", "coordinates": [ -71.096371184919391, 42.387587395966882 ] } },
{ "type": "Feature", "properties": { "struct_type": "storm_inlet", "FacilityID": "SW-CB-00211" }, "geometry": { "type": "Point", "coordinates": [ -71.100457601199423, 42.389834603724921 ] } },
{ "type": "Feature", "properties": { "struct_type": "storm_inlet", "FacilityID": "SW-CB-00740" }, "geometry": { "type": "Point", "coordinates": [ -71.099820050205494, 42.382502285992956 ] } },
{ "type": "Feature", "properties": { "struct_type": "storm_inlet", "FacilityID": "SW-CB-00999" }, "geometry": { "type": "Point", "coordinates": [ -71.105445769333585, 42.387119288641415 ] } },
{ "type": "Feature", "properties": { "struct_type": "storm_inlet", "FacilityID": "SW-CB-01488" }, "geometry": { "type": "Point", "coordinates": [ -71.093992992408943, 42.384197723921929 ] } },
{ "type": "Feature", "properties": { "struct_type": "storm_inlet", "FacilityID": "SW-CB-00721" }, "geometry": { "type": "Point", "coordinates": [ -71.097482464861656, 42.383588616291085 ] } },
{ "type": "Feature", "properties": { "struct_type": "storm_inlet", "FacilityID": "SW-CB-02591" }, "geometry": { "type": "Point", "coordinates": [ -71.103580901388952, 42.380333051294755 ] } },
{ "type": "Feature", "properties": { "struct_type": "storm_inlet", "FacilityID": "SW-CB-00960" }, "geometry": { "type": "Point", "coordinates": [ -71.107218768596724, 42.385897858307587 ] } },
{ "type": "Feature", "properties": { "struct_type": "storm_inlet", "FacilityID": "SW-CB-02817" }, "geometry": { "type": "Point", "coordinates": [ -71.098699292962579, 42.388416629555891 ] } },
{ "type": "Feature", "properties": { "struct_type": "storm_inlet", "FacilityID": "SW-CB-00985" }, "geometry": { "type": "Point", "coordinates": [ -71.10636677126007, 42.38422689077953 ] } },
{ "type": "Feature", "properties": { "struct_type": "storm_inlet", "FacilityID": "SW-CB-00732" }, "geometry": { "type": "Point", "coordinates": [ -71.098125345517701, 42.38447472957602 ] } },
{ "type": "Feature", "properties": { "struct_type": "storm_inlet", "FacilityID": "SW-CB-00929" }, "geometry": { "type": "Point", "coordinates": [ -71.109520557898406, 42.383856221003903 ] } },
{ "type": "Feature", "properties": { "struct_type": "storm_inlet", "FacilityID": "SW-CB-02626" }, "geometry": { "type": "Point", "coordinates": [ -71.105390157216846, 42.382369494728152 ] } },
{ "type": "Feature", "properties": { "struct_type": "storm_inlet", "FacilityID": "SW-CB-01043" }, "geometry": { "type": "Point", "coordinates": [ -71.103001856770945, 42.383053947499718 ] } },
{ "type": "Feature", "properties": { "struct_type": "storm_inlet", "FacilityID": "SW-CB-01009" }, "geometry": { "type": "Point", "coordinates": [ -71.103814017527498, 42.38795653234066 ] } },
{ "type": "Feature", "properties": { "struct_type": "storm_inlet", "FacilityID": "SW-CB-00764" }, "geometry": { "type": "Point", "coordinates": [ -71.09427816240273, 42.381387615755067 ] } },
{ "type": "Feature", "properties": { "struct_type": "storm_inlet", "FacilityID": "SW-CB-01092" }, "geometry": { "type": "Point", "coordinates": [ -71.095747733440646, 42.382951606296437 ] } },
{ "type": "Feature", "properties": { "struct_type": "storm_inlet", "FacilityID": "SW-CB-00795" }, "geometry": { "type": "Point", "coordinates": [ -71.098597864323949, 42.38546381788008 ] } },
{ "type": "Feature", "properties": { "struct_type": "storm_inlet", "FacilityID": "SW-CB-00769" }, "geometry": { "type": "Point", "coordinates": [ -71.095310114244526, 42.380516282041249 ] } },
{ "type": "Feature", "properties": { "struct_type": "storm_inlet", "FacilityID": "SW-CB-02727" }, "geometry": { "type": "Point", "coordinates": [ -71.09866825251251, 42.389331270397356 ] } },
{ "type": "Feature", "properties": { "struct_type": "storm_inlet", "FacilityID": "SW-CB-00128" }, "geometry": { "type": "Point", "coordinates": [ -71.097585040234449, 42.388309105546874 ] } },
{ "type": "Feature", "properties": { "struct_type": "storm_inlet", "FacilityID": "SW-CB-02726" }, "geometry": { "type": "Point", "coordinates": [ -71.098478537024647, 42.389331750986976 ] } },
{ "type": "Feature", "properties": { "struct_type": "storm_inlet", "FacilityID": "SW-CB-02633" }, "geometry": { "type": "Point", "coordinates": [ -71.094769302155328, 42.384642024670661 ] } },
{ "type": "Feature", "properties": { "struct_type": "storm_inlet", "FacilityID": "SW-CB-01054" }, "geometry": { "type": "Point", "coordinates": [ -71.101992927693189, 42.382144439644811 ] } },
{ "type": "Feature", "properties": { "struct_type": "storm_inlet", "FacilityID": "SW-CB-00970" }, "geometry": { "type": "Point", "coordinates": [ -71.108965675260166, 42.383753608284358 ] } },
{ "type": "Feature", "properties": { "struct_type": "storm_inlet", "FacilityID": "SW-CB-01098" }, "geometry": { "type": "Point", "coordinates": [ -71.093934546719581, 42.382179234233966 ] } },
{ "type": "Feature", "properties": { "struct_type": "storm_inlet", "FacilityID": "SW-CB-01507" }, "geometry": { "type": "Point", "coordinates": [ -71.094223991354028, 42.39050807866473 ] } },
{ "type": "Feature", "properties": { "struct_type": "storm_inlet", "FacilityID": "SW-CB-01081" }, "geometry": { "type": "Point", "coordinates": [ -71.100730479394812, 42.381524073172784 ] } },
{ "type": "Feature", "properties": { "struct_type": "storm_inlet", "FacilityID": "SW-CB-02731" }, "geometry": { "type": "Point", "coordinates": [ -71.099129981274231, 42.390574038718142 ] } },
{ "type": "Feature", "properties": { "struct_type": "storm_inlet", "FacilityID": "SW-CB-01498" }, "geometry": { "type": "Point", "coordinates": [ -71.094144653485785, 42.38886252894283 ] } },
{ "type": "Feature", "properties": { "struct_type": "storm_inlet", "FacilityID": "SW-CB-00775" }, "geometry": { "type": "Point", "coordinates": [ -71.094457640786501, 42.380422716108249 ] } }
]
}
