# Cyvl Generated CAD Model
o Street_Mesh
v 4.91578421369195 0.6557173915207386 0.0
v 10.142443540215027 9.351509526371956 0.0
v 14.69505133893108 -11.690600202418864 0.0
v 3.556790489819832 5.360647306777537 0.0
v 2.557610326912254 -6.476116030476987 0.0
v 4.267373798764311 3.0595360407605767 0.0
v 3.9895425589056686 3.2442772146314383 0.0
v -11.84326206415426 -7.1717732436954975 0.0
v 4.3314785360125825 -8.829593264497817 0.0
v 9.110762108059134 -14.710914518684149 0.0
v 12.03120253997622 -1.5425530606880784 0.0
v 4.44414998893626 4.067169496789575 0.0
v -9.333790370554198 -2.661911739036441 0.0
v 6.905234878475312 14.252520562149584 0.0
v 11.601373796816915 -7.673155916854739 0.0
v -5.424381111108232 8.660367229022086 0.0
v -9.151513780117966 -4.330270066857338 0.0
v -4.358966960397083 -8.174671199172735 0.0
v 9.703665980661754 13.401479545980692 0.0
v -8.778178847394884 -2.9199333488941193 0.0
v 2.0074042206979357 -0.2270775381475687 0.0
v -1.9095917395316064 -9.290140231139958 0.0
v 5.035903596377466 -0.250320415943861 0.0
v 3.5628528686938807 -14.607949315570295 0.0
v -1.9401925425627269 -8.442874070256948 0.0
v 14.090276343224104 -14.532335274852812 0.0
v -9.64799017290352 -6.51380633097142 0.0
v -3.6016892688930966 -9.61538933031261 0.0
v 9.245807996077929 -11.75490427389741 0.0
v -10.48474658105988 14.256053788587451 0.0
v 6.4204847909277305 1.0251966081559658 0.0
v 4.965021940879524 -7.293699260801077 0.0
v 13.574726715276483 12.11550725530833 0.0
v 3.061144944978878 -3.119518330320716 0.0
v 4.9428189405589364 -13.823829378001392 0.0
v -0.14606685598846525 4.281878384761512 0.0
v 0.7054819875629619 -0.27581258211284876 0.0
v 1.245469674875494 -6.884409882128239 0.0
v 13.657823115005158 -4.413473226130009 0.0
v -9.808770473115146 8.644567770883441 0.0
v 6.772026084654499 -12.617250578477979 0.0
v 0.5338218794786371 7.518951157107949 0.0
v -11.73084479168756 -3.7288984460756183 0.0
v 6.855669406475499 12.310138108208776 0.0
v 1.0830478624557145 4.65712677128613 0.0
v -3.6274321049568243 -10.949967748485506 0.0
v 3.0987048386596143 -14.164905383251607 0.0
v 11.214657313888893 -3.826140509918332 0.0
v -5.809523872390855 -10.117939049378037 0.0
v -1.6341214920394123 -2.994115167297423 0.0
v -13.749183228123002 -8.719186447560787 0.0
v -6.296655419340823 9.007698306813836 0.0
v -14.257215923862532 3.384734945371747 0.0
v 2.261625986022409 -11.082506526261568 0.0
v 8.095748268126044 8.636425382457674 0.0
v -11.296106903871987 -8.544071992859244 0.0
v -3.623247001436539 -12.623230289667845 0.0
v 2.278606168925762 8.152702054008842 0.0
v -11.61897218413651 -12.258366639725864 0.0
v -9.295278179342858 -13.228500542230904 0.0
v -2.974894361163024 -13.790225417353213 0.0
v 5.032910875394009 -2.295792737044394 0.0
v -10.803238620748743 4.1359785525128245 0.0
v -5.842469624185469 13.537130184471607 0.0
v 4.956371667096391 -14.16133279632777 0.0
v -10.70273654506309 -14.980814885348082 0.0
v 13.640492552891374 -4.089193261228502 0.0
v -0.6969061767449602 7.557239123620093 0.0
v 6.5599479947122745 -2.4792912490665913 0.0
v 13.460114168468863 10.421608383767307 0.0
v 7.130243126011919 -2.3883846206590533 0.0
v -1.6163780140923336 10.8207797287032 0.0
v 14.903605173283722 13.245597477070987 0.0
v 9.34100380714517 5.161301895976067 0.0
v -5.409613240044564 -8.43687969725579 0.0
v 7.206244198838249 0.19056578818708658 0.0
v -9.42658534354996 12.016802795231342 0.0
v 2.917939089704305 11.231147835031152 0.0
v -2.637932227458805 -12.995945985428989 0.0
v -9.757905498961918 -4.1801036186516285 0.0
v 1.0040244274423458 -5.447266195900738 0.0
v 11.339947679429315 -14.250457495450974 0.0
v 11.921428454050329 3.862273138947785 0.0
v 5.427457442914601 13.706965719349682 0.0
v 2.819353049446363 3.3195012006908655 0.0
v 14.1399778938503 2.9628402162343264 0.0
v -9.64684008283075 -10.955095808953047 0.0
v 0.028004311490803957 -0.6586909238249063 0.0
v -11.013630856759846 -7.326134227216244 0.0
v -4.164794427982997 -14.764630333520472 0.0
v -1.8679738517967053 10.00718232896179 0.0
v 1.655572600720916 11.218320147134364 0.0
v -12.877042438369244 0.9561950378119946 0.0
v 4.392922017083038 5.1084658009931445 0.0
v -1.0799680910422467 5.796907983720303 0.0
v -12.037090148427524 0.3811509096994996 0.0
v 5.150385648186784 -12.750095118768513 0.0
v -12.232239200151525 -3.0437601460143924 0.0
v -1.0214812669437379 -2.5791634544730186 0.0
v 6.738190190517344 1.27723703160882 0.0
v 11.520904258009978 10.64239994622767 0.0
v 0.224214842019137 2.066854123957455 0.0
v -14.147443499765359 -13.55079996958375 0.0
v 4.866861974296626 14.253234225325286 0.0
v -5.969287574174814 11.404944334179163 0.0
v -1.4539707202347927 3.20101804099977 0.0
v -11.986547668406274 -10.870043870992959 0.0
v -1.9604118359857239 3.5899549713358283 0.0
v -1.5616237922222354 8.632306789979339 0.0
v 1.0814749849960208 5.29571639560163 0.0
v 1.680572344106622 8.251034911721945 0.0
v -9.039476747217122 -4.32309071905911 0.0
v -14.300597510940861 -14.631180928088725 0.0
v -9.058116749918554 0.3188159428536892 0.0
v 4.7297703583026305 6.800113783217967 0.0
v -4.886894871015102 3.091525944881141 0.0
v 0.6808970962883905 11.51464980468154 0.0
v 5.431559507676866 -14.520591186359525 0.0
v -10.3733280407032 6.128096919506788 0.0
v -0.272267289692536 -3.107646898366511 0.0
v -8.881400853279047 13.87756809219718 0.0
v 14.106593540171161 2.46883808914572 0.0
v -11.382697295281105 -14.373627752996981 0.0
v -4.0805893882061355 5.2368547189980745 0.0
v 0.11421352461911738 0.23125912062823772 0.0
v -13.166783261171076 -6.314700471237302 0.0
v 1.1312658237293363 6.062079077586532 0.0
v -5.333787621115334 7.698833518661559 0.0
v -11.370575322653167 8.98545582499355 0.0
v -10.830357351223938 -4.349927167408168 0.0
v -7.678855087608099 -11.332036077044904 0.0
v 0.16769556509098038 0.8395464802160859 0.0
v 5.341411746107042 14.692854836583138 0.0
v -0.8432344953180291 11.409531891345978 0.0
v 1.4963935958221555 -9.82628445699811 0.0
v -12.303150576190092 -9.390319563448429 0.0
v 4.1311043465393595 5.387442542240024 0.0
v -12.516112552839331 7.110558593645692 0.0
v -10.642673582653515 11.52856407314539 0.0
v 5.86514468875248 12.392747496254742 0.0
v 14.327711971942335 -4.315656058490276 0.0
v -12.258576669672038 -8.258263824507594 0.0
v -7.620395555510186 10.070942652411759 0.0
v 1.516854050278198 8.182389792986214 0.0
v -7.91860594751779 2.029814859852195 0.0
v 1.7590348619851284 13.287981594912708 0.0
v -1.137431949551683 8.453404434025288 0.0
v -8.589876822661608 -2.303403371013701 0.0
v -3.346447272284422 -8.152487928979099 0.0
v -5.104246916773263 9.002928820438683 0.0
v 10.194236680166796 -10.022209286689758 0.0
v -0.3563625875976868 3.9690857864916325 0.0
v 4.406865301309153 1.2313264813274145 0.0
v 1.912133981473744 -3.0017088493332267 0.0
v -1.7159771444275975 7.061746363528073 0.0
v 5.033050449157599 11.558377224951982 0.0
v -0.8285131603479385 8.068790602497756 0.0
v -8.141002350428607 5.035466954112053 0.0
v 14.926364330458455 -11.439626067876816 0.0
v -12.620039027475286 2.5766455847769976 0.0
v -8.601135016069748 8.341510701924562 0.0
v -11.304249147942755 5.433541616424918 0.0
v -13.71585906582186 14.732965796254575 0.0
v 2.0960147391888313 14.267699523828924 0.0
v -7.673168377252296 -12.161575075238943 0.0
v 11.647803130676039 -9.698523602448404 0.0
v 6.732774851378053 -5.721100714057684 0.0
v -14.14011370681692 -7.880189073272049 0.0
v -14.751822637685109 10.008337668143213 0.0
v 2.7474968881579116 6.83324808627367 0.0
v 12.660334185929969 -3.5536192608997226 0.0
v -6.257348019920755 3.45271607208997 0.0
v -10.111732943332754 11.503635802306235 0.0
v 9.243937766295858 -2.0518567683175206 0.0
v -12.346507948532235 -0.006699553690850735 0.0
v -0.08809909055707976 5.6997215719893575 0.0
v 0.6120201611192897 12.507070932537317 0.0
v 0.12938034132821485 9.535041592083871 0.0
v -11.105497829325031 -13.737055329605937 0.0
v -3.0816486647818238 2.6954081943258643 0.0
v 11.460122578020673 7.007927770726383 0.0
v -8.261281450279057 3.2690804917365313 0.0
v -8.39215060765855 1.6706357626244426 0.0
v 3.630947594589088 2.0950258979573846 0.0
v 12.813315292063635 3.048594729974866 0.0
v 3.675175921758637 7.045201826840639 0.0
v 1.7369424880598672 4.362214291468263 0.0
v 7.348691988794599 10.494605507701635 0.0
v 11.407192278129514 -11.993359808810055 0.0
v 8.602185056370217 3.1630922751501203 0.0
v 8.4422549661831 -9.954081073403358 0.0
v 4.033469003625214 1.0023023840039968 0.0
v 1.0917316547129303 -2.662471139803529 0.0
v 8.793066872633062 5.535383455455303 0.0
v 9.521167205064557 10.403661638498306 0.0
v 7.668802032538224 -5.703226558864117 0.0
v -2.87779728975147 -0.3947169007733464 0.0
v 11.774947699625045 5.1368914023041725 0.0
v 12.06660736631602 -4.849462384358048 0.0
v -8.823221252474468 -11.140359855256975 0.0
v 3.8699822840862907 -8.98778579942882 0.0
v -1.6387826607679017 -10.234730988740921 0.0
v 8.477602394181304 12.78999990131706 0.0
v -14.119226172042545 5.932984566316009 0.0
v -1.4740890281973407 -13.919123666360974 0.0
v 1.709954299905803 0.8677629018202424 0.0
v 10.64005531242583 14.675787711516023 0.0
v -6.347016389714554 14.963154181838036 0.0
v -3.329270183457993 3.8693177737295628 0.0
v -9.877560952445492 10.668488298542798 0.0
v -5.450093907944392 6.3679284462705255 0.0
v -7.587659519456793 13.73207231797278 0.0
v -14.854113951092586 -11.899834426119924 0.0
v 0.8597097455640323 13.62072195019573 0.0
v 6.364754717506003 7.376316900365055 0.0
v 4.871639127843082 -13.521305482834578 0.0
v 13.528142750496045 -4.30858036223799 0.0
v -12.789435433514882 -4.242210574448109 0.0
v -9.082428545923904 -0.5401753485202789 0.0
v 8.71717708959477 -7.120826399885118 0.0
v 8.772253266943153 -12.062533963471651 0.0
v -11.29622734291479 9.197266158647835 0.0
v 3.79092820500955 -0.8096911907196045 0.0
v 1.557187290105503 13.558392295613885 0.0
v -3.582536931033246 0.4417015705257654 0.0
v -7.952499091101345 7.430255574174225 0.0
v -8.319585870893206 0.7156783603131771 0.0
v 6.8836214013863355 3.323944929987192 0.0
v 7.686309012002312 11.11903575528413 0.0
v -3.8066300594364293 12.799302628263831 0.0
v -2.317874112748541 9.199916422367096 0.0
v 5.8984721856541 -11.710173558443785 0.0
v -8.850752284459304 7.343455141410232 0.0
v 0.36404391628457233 2.329771151766181 0.0
v 0.7095951932715252 4.2433042991906404 0.0
v 9.422015845018905 7.5649542305618525 0.0
v 8.437510823539924 -10.203327210620046 0.0
v -0.5238609212683514 -3.7673431104049087 0.0
v 9.949363120365888 11.455049086362123 0.0
v -11.928484021918848 -12.046071358025074 0.0
v -7.98849976900965 -8.557241762056947 0.0
v 12.626672260928899 -3.344249337911606 0.0
v 11.544964588538278 2.893686668947339 0.0
v 10.894140805175994 -4.780586247332394 0.0
v 2.3243788073887117 -5.966513312421739 0.0
v 9.712975847302005 -11.642371403984725 0.0
v 2.8058675394859165 6.75837324000895 0.0
v -9.562966576719191 1.113538846373558 0.0
v 14.984048287966289 -6.065428000874817 0.0
v 5.48363927815808 -4.8419799180701375 0.0
v 10.755448880780023 -11.452153746038675 0.0
v 13.159637105825823 7.003447596915066 0.0
v -6.558724509901367 2.3599650356918573 0.0
v 1.7555093287373893 -9.47357752174139 0.0
v -2.4877081814338453 12.819504796527326 0.0
v 4.398998380464036 8.587364189326763 0.0
v 6.1772406254312955 1.5087020564824343 0.0
v -4.207402771513443 -10.092785890214145 0.0
v -10.086619580513798 -8.38299662526697 0.0
v 6.442748732748441 -12.216425081714988 0.0
v 12.341229187266435 -5.190185545012355 0.0
v 0.6851530010462739 -14.043676858767867 0.0
v 13.45643057464622 -4.598734839819372 0.0
v -14.851786729996093 9.98962874058634 0.0
v 4.532351161702536 7.758527473546565 0.0
v -9.253626136982348 -4.775839887559414 0.0
v 9.122733409458306 -3.2704455945640802 0.0
v -1.8676300561637618 -2.018156725913286 0.0
v 13.45668714272324 9.434581361711025 0.0
v 3.672929203719832 -14.889897326007485 0.0
v 7.744793844409287 -9.46172157023102 0.0
v 3.288450084219221 -7.597628786228597 0.0
v 7.152114806813188 3.627072545699775 0.0
v 8.061212701606564 12.01060790847987 0.0
v 0.5352443355950527 2.2834952054545283 0.0
v -6.7937215032288805 -4.977249723859131 0.0
v -14.15656212659087 4.066760716959834 0.0
v 2.429090493125841 3.1145527670159936 0.0
v -12.176306250155903 -5.563991844654083 0.0
v 8.030647802399471 10.823784306645393 0.0
v -12.311258222151082 9.565287174656987 0.0
v -8.829736794228666 -8.648058011196554 0.0
v 11.213964213908184 2.2881514206528664 0.0
v -5.7817830069107 13.281908245757222 0.0
v -13.925690440286417 -0.3959561735391617 0.0
v 6.650924304267392 -7.3507890198379755 0.0
v 0.14178413001354784 -1.3890612171962857 0.0
v 5.150850838050246 -2.6679364098235965 0.0
v 1.4676031660637818 -3.2484136633574963 0.0
v -13.701791327563114 -14.454930728301406 0.0
v -4.2855046474142 -10.059013010002673 0.0
v -1.4568725433200598 5.094374166801572 0.0
v 13.347985899308696 -12.655884214676917 0.0
v 14.632364229473751 -0.06256068404763937 0.0
v 11.653165443218313 -5.790051495656371 0.0
v 12.171775555238128 -5.906078561209142 0.0
v -4.443610979360528 0.7571338275447488 0.0
v -6.095406866981648 14.89905799087137 0.0
v 1.7149446978000924 -11.454815181903541 0.0
v 7.391697489249054 -1.051838873885572 0.0
v 9.264935956976842 1.526026546023786 0.0
v -8.649827480840031 14.771510099992156 0.0
v 10.270592295273673 12.531212884001434 0.0
v 7.813352987519465 -7.142095518298447 0.0
v -1.3742963097174652 2.0769130112603307 0.0
v 11.114237294823397 10.391616009175777 0.0
v 14.684679255704395 -11.557774683460593 0.0
v 4.655564256769139 10.420339662581682 0.0
v -14.392725927231368 6.909498265944421 0.0
v -5.9161686967127025 -2.946660445071757 0.0
v 0.6292792230378836 8.484206272289157 0.0
v -8.608292324177455 -8.310385279357433 0.0
v -6.979387495317496 6.991092964075506 0.0
v -6.696246780687943 -1.689695192500949 0.0
v 12.545033124973997 1.8224429953843355 0.0
v -3.246340454206802 4.883546751923859 0.0
v -5.258706507855095 -7.340506182983518 0.0
v 10.009234829281922 14.10864126868546 0.0
v -11.868684674729593 -12.340775859542191 0.0
v 3.927022516319994 -7.6088155852630734 0.0
v 2.5818397380644456 12.06264265626669 0.0
v -10.554036680259742 -13.457011613994837 0.0
v -8.829009093751665 9.008425406180322 0.0
v 1.8762696656631306 14.88732182327658 0.0
v -2.7269096456002444 -10.86393868830055 0.0
v -8.862699852965306 -10.355627969838679 0.0
v 7.799435788067058 -13.143925139680505 0.0
v 10.935298022406641 0.14577778615057468 0.0
v -10.773915426281746 -6.1317615658044815 0.0
v -13.848082118027378 7.86231510899961 0.0
v -8.56658284808509 -8.568403167650104 0.0
v -11.296429639798589 0.9232000121846795 0.0
v -8.720348101633135 -0.3826369745656848 0.0
v 8.141004426579457 14.23240396939218 0.0
v 9.463400586275384 -11.79512292984873 0.0
v 10.585030661080964 5.163756509311497 0.0
v -3.8417607236187905 -12.71680308599025 0.0
v -6.103556874382775 2.9211261039599776 0.0
v 9.661782434151974 -4.363572369329631 0.0
v 10.512479964527301 -1.098100122064352 0.0
v -4.047092199034523 -6.623393618501723 0.0
v -6.162581678363495 9.577459895052016 0.0
v -3.7285880153649487 1.4544581435620785 0.0
v -8.63569532398833 0.22703178506344557 0.0
v 11.113643233198673 10.93021958693862 0.0
v -9.629670600872487 -5.219356233254075 0.0
v -3.0236971215344965 -1.4454606669023633 0.0
v -5.4869094947353005 6.998412352055311 0.0
v 13.453582736779936 12.860566748306155 0.0
v -8.391973591467831 -12.450781022198498 0.0
v 7.7939072417793795 7.660655283369124 0.0
v -10.125948556291405 8.639265296980739 0.0
v 7.877554477774538 -11.597391689196229 0.0
v 9.560767219110858 -1.2598619293421507 0.0
v -12.598123334115371 9.778267344459891 0.0
v 1.415122177626472 0.8679842865094543 0.0
v -0.22459803061792627 3.2639714749529958 0.0
v 4.621031326940283 2.91284076590091 0.0
v 5.338308455655351 13.300473400391638 0.0
v 11.135502235440072 14.725615083239973 0.0
v 2.6570253428071737 8.061393310315907 0.0
v -1.605243387632072 13.302782678976655 0.0
v 11.476793267938774 2.2302813911810517 0.0
v -4.57819912978448 -10.996492811478674 0.0
v -12.071264034777414 0.45688419975340366 0.0
v 5.600992607185617 -12.019700372591615 0.0
v -6.842190878291149 -1.4692366132512689 0.0
v 14.55696363945026 -10.85133497044444 0.0
v 9.10173067235155 7.132172424346209 0.0
v 7.081328057567589 8.715701053850353 0.0
v 11.323619824950583 6.036208407022059 0.0
v 5.6993995772791095 -3.2941994722932577 0.0
v 12.728400623309426 -5.867307979613543 0.0
v -14.495267004007474 4.339433073997498 0.0
v 0.22881845565279946 -13.914724131114781 0.0
v 9.108259680739138 -2.65110504347831 0.0
v -14.10037022846518 11.88907721824944 0.0
v 10.775185707723722 13.166271023452282 0.0
v -2.5755551382317208 -6.660482574254274 0.0
v -11.906223844562192 -12.235828533768654 0.0
v -12.288474536966532 12.547310523688793 0.0
v 0.8629211438819766 12.591668342240155 0.0
v 2.339039465296082 -9.85034313518554 0.0
v 12.454461676825304 -6.578608155250549 0.0
v 12.531925314804539 0.687907568179071 0.0
v 9.878748675226234 -11.669225982390344 0.0
v 9.424226133327466 3.5115004256367683 0.0
v -11.617632805893663 -1.2402054416015744 0.0
v -8.32192736217985 -10.540376547724009 0.0
v -12.966390939836856 8.803920982405543 0.0
v -3.420425786578562 -0.30686498805880547 0.0
v 0.16679398162523285 -11.149627457372844 0.0
v 9.52169436973054 13.25630447641015 0.0
v -1.868508140440099 -8.136603987775743 0.0
v -1.7883125839289278 -12.073078021407127 0.0
v -4.382578082266264 13.200243490748107 0.0
v 2.4526582389953546 7.180805222131312 0.0
v 8.966026152076665 4.394690451212227 0.0
v 4.713396868668497 -9.371873473748565 0.0
v 14.151314749906305 -8.757594319991767 0.0
v 11.166063255106565 -10.884822499006987 0.0
v -5.4701627674512565 8.169209085404873 0.0
v 2.666975894710049 7.343361371196806 0.0
v 4.687589621869847 -9.24161722511053 0.0
v -7.274916688154917 14.987789178267121 0.0
v 13.719720231136307 6.953656621277332 0.0
v 5.630830396199599 13.847588879056275 0.0
v 10.550117665086873 -8.563020512461662 0.0
v -0.6428914184798487 9.359338557347655 0.0
v 2.264974240795709 -11.195665385574102 0.0
v 13.68942505621817 2.5153323216363788 0.0
v 1.4565286140423268 11.436493296176195 0.0
v -13.33405058272183 11.420959101058543 0.0
v 1.9298951562377624 9.040324243716896 0.0
v 7.563600872003008 10.752932352945209 0.0
v -4.23379013966769 13.026202216744423 0.0
v 11.595116278913338 14.052610223181546 0.0
v -1.1877791041042656 -4.884029974229634 0.0
v 6.551346062507946 -2.410185744985938 0.0
v 4.761880891455803 3.336606710217893 0.0
v 8.697801965870894 -3.640026569366455 0.0
v 12.349321082117967 -12.79975401610136 0.0
v -9.491710220754612 -10.406038662418723 0.0
v -11.391944214235991 8.005882096476853 0.0
v -14.264233235269785 -9.24082084838301 0.0
v -14.30788972438313 9.245418107137084 0.0
v -13.466079676465597 -5.870671428740025 0.0
v -13.464877141988836 -12.299128429032862 0.0
v 3.0489124158630148 -12.885896208696067 0.0
v 14.59774847351946 1.2169119967147708 0.0
v 0.8563847049954347 -13.2181983795017 0.0
v 6.455494468915276 5.186427123844624 0.0
v 6.287926689430606 4.750661060214043 0.0
v -1.9994333324139006 13.167510193772614 0.0
v -12.035088686447125 -8.154019707813859 0.0
v -3.595890113909263 13.22922544926405 0.0
v -0.05305157491238788 14.515710415318608 0.0
v -9.70712432084838 -12.551075396127999 0.0
v 3.3297994721797295 -8.63057533185929 0.0
v -9.18589231284568 8.971992920152843 0.0
v 4.571801405050792 7.284783294424415 0.0
v -2.219937593792565 0.5251403758302331 0.0
v 7.261665654717945 0.8810929181054235 0.0
v -10.759374493849464 -4.787370482459664 0.0
v -1.4894992163754068 -5.995927109383047 0.0
v 3.6301526819588616 7.30816800519824 0.0
v 7.56938535819063 10.707538411021233 0.0
v 0.985573937476147 3.745620122179389 0.0
v 0.6048041341127828 -6.77746969461441 0.0
v -14.269826459465548 -9.183178275823593 0.0
v 6.847705798048992 -0.8571510221809149 0.0
v -10.35774028749438 0.5431532552465796 0.0
v -11.763827693415806 -1.4348477339372039 0.0
v -12.19421149865957 -9.178676515817642 0.0
v -14.823650174133945 -14.41726959683001 0.0
v -3.566582860017661 -12.946924632415175 0.0
v -12.326000332192052 -11.046761295758188 0.0
v -7.185888971318491 12.781172892078757 0.0
v -3.381902546156198 -6.34874879848212 0.0
v 5.979878436599392 3.129242593422532 0.0
v -2.383380578365177 -6.208323971368372 0.0
v -11.876943993964233 9.334561618976295 0.0
v 4.864102566614747 -6.434788382612169 0.0
v 7.18667627312243 2.9288844065740705 0.0
v 7.29628082975978 -5.3553545121103525 0.0
v 9.022834898380097 14.765301036648452 0.0
v -9.874987766845152 2.083340878598392 0.0
v -4.639002752723172 -0.20166877750307322 0.0
v -7.928540106106084 -9.84895863570273 0.0
v 10.350109222752508 10.357318362221122 0.0
v -14.854649739630986 1.431056105531752 0.0
v -14.385627210955136 -13.666950516402721 0.0
v 6.610258852364495 -0.49123987276107073 0.0
v 2.5517035267548636 -13.538897514343262 0.0
v -2.7424550699652173 6.930780773982406 0.0
v -3.559961212158669 -11.683238197118044 0.0
v 7.961527226143517 9.916033235378563 0.0
v -14.659955878800247 4.994710766710341 0.0
v 13.911094490729738 -9.901860850863159 0.0
v -0.9050100657623261 -1.8802034445106983 0.0
v -5.496731404913589 -13.980798073112965 0.0
v -1.0251660338253714 -14.702804760076106 0.0
v -12.178935787815135 11.589460577815771 0.0
v -8.776810023991857 5.855482737533748 0.0
v -0.26846389687852934 4.287064170464873 0.0
v 4.151734241633676 13.859653888270259 0.0
v 0.01628155034268275 7.310143485665321 0.0
v -3.0719612453249283 -9.505992386490107 0.0
v 7.935252913972363 12.092134699225426 0.0
v -13.081499481631909 14.272594469599426 0.0
v -0.1677615291555412 -13.273771249689162 0.0
v 1.2109926001285203 5.540995044633746 0.0
v 14.24255579552846 -12.866393433883786 0.0
v -12.343635633296799 9.217498193494976 0.0
v -7.922639564203564 0.8803093414753675 0.0
v 10.333827526308596 -13.919741908088326 0.0
v -1.8948696542647667 -8.901320577599108 0.0
v 12.701786134683061 -7.4065212262794375 0.0
v -13.574084519583266 -1.9830413907766342 0.0
v 7.64714803150855 7.88662282936275 0.0
v 2.826399750134442 -14.27980268187821 0.0
v 3.9722971065784805 0.3792365761473775 0.0
v 11.13182324997615 12.03861097060144 0.0
v -0.21648806927260011 -13.067493907175958 0.0
v 11.190147158224136 -10.038516520522535 0.0
v 4.508174548624083 -13.115341455675662 0.0
v 4.21893042587908 -13.926960401237011 0.0
v 1.6329476574901491 2.4607833232730627 0.0
v 2.78399515862111 -4.568111537955701 0.0
v 13.02662996359868 -7.231750617735088 0.0
v -3.3973892473150045 -7.569360803812742 0.0
v -14.693710196763277 6.60679975617677 0.0
v -10.963275687827263 -5.697857277467847 0.0
v 12.176487187854946 -4.632227508351207 0.0
v -4.168030457163695 10.553192837163806 0.0
v 0.4327737038838677 8.731374721042812 0.0
v 5.114492877037264 -6.116418219171464 0.0
v 7.963208528526593 -2.5367719884961843 0.0
v -2.43463797098957 -5.169082195498049 0.0
v 10.158380821929313 -13.806565907783806 0.0
v 3.0542377600213513 11.239124459214509 0.0
v -1.830750625638757 -2.5446282187476754 0.0
v -9.937793274002615 1.4730105511844158 0.0
v 0.31587846955517307 -11.399659332819283 0.0
v 13.690647205745336 -10.683277694508433 0.0
v 5.751751667878125 11.659751607105136 0.0
v -8.382117427012417 -4.837583000771701 0.0
v 7.194990245974623 11.31765802577138 0.0
v 14.103761987062171 -0.0211049672216177 0.0
v 0.7050486386870034 9.497756520286202 0.0
v 12.591101521160454 -14.85198763385415 0.0
v -7.210854186036158 -12.73644722159952 0.0
v -10.714626805274747 4.535558643750846 0.0
v 7.421539789647795 5.332832479849458 0.0
v -6.5879871099605225 -9.223431554622948 0.0
v 5.9440502359648235 -13.303809950128198 0.0
v 14.929464866116177 -3.4519423246383667 0.0
v -4.408556494105142 9.188572301529348 0.0
v -1.2172471910016611 9.198185260407627 0.0
v -10.993074325611815 -10.14177711866796 0.0
v -10.245932554942556 14.522681103087962 0.0
v -14.775915089005139 7.67475548107177 0.0
v -0.576004798989743 -8.230212989263237 0.0
v -8.418977738474496 11.217760926112533 0.0
v 5.083659354771953 -0.1668545138090849 0.0
v 1.535115233855322 -3.9887702241539955 0.0
v 14.451492907304782 10.655571660026908 0.0
v -4.68694711785065 -4.413688010536134 0.0
v 4.834089943324216 -0.45982029289007187 0.0
v -0.0724619486136362 3.30933341383934 0.0
v 5.048227808496449 3.4123941818252206 0.0
v 10.479940525314305 -13.726218747906387 0.0
v -4.622062385606114 -14.965379647910595 0.0
v 10.651204805471934 5.06006083637476 0.0
v 6.0387473134323955 -8.51695232000202 0.0
v 13.986513891257346 3.07569691631943 0.0
v 5.324441533244681 -11.953267645090818 0.0
v -4.555108285101596 -0.12515858374536037 0.0
v -13.865949095925316 3.2697974145412445 0.0
v 6.789061212097295 11.946344747208059 0.0
v -4.3804579065181315 -13.506933356635273 0.0
v 7.792459301126655 -8.107261756435037 0.0
v 4.8374256154638715 5.040153881534934 0.0
v -2.439749339071568 -14.393025593832135 0.0
v 11.060900281590875 6.41317617893219 0.0
v 8.956933195353486 -8.527686949819326 0.0
v 9.410960442502983 -2.786931429989636 0.0
v -7.599103821499739 2.707419879734516 0.0
v -6.73307140119141 14.932841198518872 0.0
v 0.9773169819964096 -11.132347661070526 0.0
v 8.96520497329766 13.78248880803585 0.0
v -14.992535109689925 8.327260944992304 0.0
v -14.283614691870753 -8.475777036510408 0.0
v 5.473164124821778 -12.596350842155516 0.0
v 4.740066705213394 -12.736750446259975 0.0
v -13.002610927156638 -11.521852443926036 0.0
v 2.244711101753637 10.210699287243187 0.0
v 9.622638134518638 6.019835461862385 0.0
v -8.365078015718609 -7.971718452870846 0.0
v 3.995414856588468 -14.687427944503725 0.0
v 12.544683821557555 1.3492090050131083 0.0
v 3.5375404418446124 -5.830020365305245 0.0
v -0.5639128494658507 10.501164391636848 0.0
v 6.6765752310166135 14.114832870662212 0.0
v -10.685676936642267 -9.68053097743541 0.0
v -10.879782299161889 -2.185862770304084 0.0
v -13.311666922818404 -2.316276177763939 0.0
v 2.02003692521248 -13.956529268063605 0.0
v -8.313240384566598 7.358130788430572 0.0
v 11.964334158226848 1.7321393070742488 0.0
v 14.698709476971999 -7.74129755795002 0.0
v -3.3295374187873676 -12.362392542883754 0.0
v -0.23116190847940743 4.498829658143222 0.0
v 1.1648584433132783 -13.126553679816425 0.0
v 11.392282260407228 14.48013789858669 0.0
v -12.546063214249443 -12.351559137925506 0.0
v 4.4784429391729645 1.059847411699593 0.0
v -2.975296313758008 8.535455852746964 0.0
v 4.723164699214976 8.549503992311656 0.0
v -12.758994427742437 7.89662207942456 0.0
v -11.184683628438506 -3.0425762310624123 0.0
v 0.07214183057658374 10.040797018446028 0.0
v 10.042178798117675 -13.47276687901467 0.0
v -2.4136209432035685 -13.741875250823796 0.0
v 9.881680949474685 10.119120468385518 0.0
v 10.973268961941358 -5.113860600627959 0.0
v -13.207110354094766 1.6240211119875312 0.0
v 11.592524849809706 9.478947793133557 0.0
v -11.994340609991923 -1.1335835102945566 0.0
v 0.8531953562051058 -12.71678897086531 0.0
v 6.7153847449226305 12.91221853531897 0.0
v -3.4299793445970863 -13.644631003960967 0.0
v -11.308974257961381 0.31790115404874086 0.0
v 5.782276506302878 14.79986028932035 0.0
v 5.83954013796756 12.577788127586246 0.0
v 9.939470664830878 5.626181307248771 0.0
v -5.647605623409618 -13.20006815623492 0.0
v -6.025737919786479 9.655068680644035 0.0
v -8.406212604139 -10.607233381830156 0.0
v -1.4758812626241706 12.354985169135034 0.0
v -12.904698652098887 -7.090179950930178 0.0
v 14.385362558648922 -2.7125272853299975 0.0
v -2.83905931643676 0.46569850388914347 0.0
v 1.0437158495769836 3.4045627266168594 0.0
v 4.552424229448661 -2.7155652185902 0.0
v -14.464506056567188 6.554216431453824 0.0
v -6.558148188574705 4.686540840193629 0.0
v -3.664586814993527 7.111585192382336 0.0
v -7.692751722352114 -2.0622573057189584 0.0
v -5.766351947095245 -1.793293829075992 0.0
v -13.44203791487962 9.71847131010145 0.0
v 3.463357644039206 -5.5022474601864815 0.0
v -7.507456026796717 -2.1133050760254264 0.0
v 10.059384589723777 6.875174015760422 0.0
v 6.374486064829398 -2.5123427184298635 0.0
v -6.775323907204438 -7.196790709160268 0.0
v 5.314982508600224 6.643419788219035 0.0
v 5.443335306714289 -3.4214347694069147 0.0
v 9.160096088075079 -7.980001842603087 0.0
v -2.1656454101903364 9.462277967482805 0.0
v -5.597578185959719 0.05934284720569849 0.0
v -14.380915191373788 -10.86782175116241 0.0
v 11.977368563471828 -11.91168247256428 0.0
v 3.1813146585482173 -9.47735452465713 0.0
v 10.109424969996326 -3.4964306261390448 0.0
v -3.0504965490545146 -14.008586936630309 0.0
v -4.071194541756995 -0.9793676706030965 0.0
v 9.593500369868707 14.23661538399756 0.0
v -4.606328160152771 3.658046677708626 0.0
v -0.2401137434062548 -1.0031251786276698 0.0
v 13.598437768581789 7.147831088863313 0.0
v -5.865724465518724 3.382515541277826 0.0
v -6.582134461321402 -0.527490752749145 0.0
v 14.978011364350095 -6.782492120750248 0.0
v -6.609644101292361 13.87454797886312 0.0
v -14.441514737263788 -3.9977863747626543 0.0
v -8.710228319396265 4.167090259492397 0.0
v -4.510642715147696 -3.858949663117528 0.0
v -2.3062464251415804 -2.5782568249851465 0.0
v 9.080176275339909 1.474410261027515 0.0
v -13.701773294247687 -8.171615288592875 0.0
v 9.265469047124498 -12.204224367626011 0.0
v 8.743334688304458 -12.317809312604368 0.0
v -4.859059664129745 0.018551038578152657 0.0
v 14.988249625370372 -0.6009942041710019 0.0
v -14.302778852288611 -7.793903637677431 0.0
v -10.808788653055672 7.170813823118806 0.0
v -12.256004987633787 9.817755416035652 0.0
v -12.22857503045816 -13.789741937071085 0.0
v 12.391451621311717 -6.389719661325216 0.0
v 11.401003649632912 1.4197986796498299 0.0
v -2.245214772003237 -6.46779134310782 0.0
v -3.921411163173616 14.459033948369324 0.0
v -1.8178100847289898 -7.967056110501289 0.0
v -7.6423607026808895 12.25710198841989 0.0
v 9.53763058775803 3.2480834061279893 0.0
v -11.377602491062135 -9.446118234656751 0.0
v -13.825494954944588 -3.491830237209797 0.0
v -11.079844312334899 -11.948442984372377 0.0
v 0.5857588016660884 -12.386813628487289 0.0
v -9.012481725076213 6.751999272964895 0.0
v -7.520441885921173 -10.902704242616892 0.0
v 11.0741147515364 14.10564744938165 0.0
v 3.0884535167133436 -7.761342807672918 0.0
v 13.401923923520371 0.24343055486679077 0.0
v 14.43597437889548 -4.82392306253314 0.0
v -4.774263037135825 -7.182647212408483 0.0
v 14.557498895563185 11.40522473026067 0.0
v 7.972726991109084 -1.1871235873550177 0.0
v -4.916753306926694 0.783519203774631 0.0
v -7.953750050335657 10.527174161747098 0.0
v -6.617292793293018 5.216334676370025 0.0
v -5.206101022020448 -12.592554965056479 0.0
v 11.659885268541984 11.670187163166702 0.0
v 0.7538868294213898 6.962171912193298 0.0
v 11.733002580760513 8.12708308454603 0.0
v -1.0065400821040384 6.0849997876212 0.0
v -12.919949077942874 -9.383311863988638 0.0
v -9.62810601037927 -6.935103927738965 0.0
v 13.598714268824551 7.580545122735202 0.0
v -13.378760880266782 -12.012878178618848 0.0
v -1.0911493998137303 2.2682797629386187 0.0
v 7.618642073939554 14.5501174563542 0.0
v 10.31591404764913 -2.3258889922872186 0.0
v -4.668792545620818 -9.033634290099144 0.0
v -7.796997609490063 14.5019327159971 0.0
v 3.9272714099497534 8.868998298421502 0.0
v -1.7737834249273874 14.735966185107827 0.0
v -12.586337605956942 -1.4869841737672687 0.0
v -12.76451215549605 -6.368535452522337 0.0
v 0.4075011185486801 14.793400858528912 0.0
v -4.850003688770812 0.8770891223102808 0.0
v -0.10745180468074977 -3.5978623712435365 0.0
v 5.289247081498615 -13.736624957062304 0.0
v 0.04561746621038765 -9.103807712905109 0.0
v 14.988045688485727 -3.0550307827070355 0.0
v 12.135985706292558 -10.127126588486135 0.0
v 12.267768096586224 8.094864553771913 0.0
v 3.800174795789644 13.194818848744035 0.0
v 11.456494113605004 -10.278382847085595 0.0
v -6.7624832428991795 7.087357314303517 0.0
v -11.80693660810357 4.14512377884239 0.0
v 6.586861295625567 1.0213600266724825 0.0
v -13.310967701021582 -1.2730820160359144 0.0
v 3.0780353733571246 11.621985327452421 0.0
v 10.448921326431446 12.356288263574243 0.0
v -9.189769547549076 7.889556437730789 0.0
v 1.2409530507284217 6.917442766949534 0.0
v -11.037243161757942 -12.123692811466753 0.0
v 13.888496841711458 -9.034715705551207 0.0
v 9.524796717101708 14.450190951116383 0.0
v 0.8190827945363708 -11.417354811914265 0.0
v 3.1669180038152263 0.9792091762647033 0.0
v 13.031908322998788 8.467987113632262 0.0
v -0.45985536818625405 -1.1444008061662316 0.0
v -12.360819154186174 -1.0751041704788804 0.0
v 0.19686087971786037 -5.476247559301555 0.0
v 9.04205316992011 -8.959244237281382 0.0
v -10.986649473547004 -11.712081228382885 0.0
v 7.314911414403468 -11.415083875879645 0.0
v -8.168538093043026 -3.029305691830814 0.0
v -10.82126412843354 5.036435108631849 0.0
v 10.289146100287326 -1.6840600362047553 0.0
v -2.9434629713650793 -5.471767227165401 0.0
v -10.94200747355353 7.8537109605968 0.0
v 12.651600195968058 14.32354729436338 0.0
v 6.260897942411248 5.954465017654002 0.0
v 4.020266451931093 -2.090214385651052 0.0
v -0.16169602825539187 6.269427165389061 0.0
v 0.13476585707394406 -5.451834519393742 0.0
v -9.811290089099202 -10.657827778719366 0.0
v -5.73822468490107 0.35120715480297804 0.0
v -7.8111672709928825 10.641871492378414 0.0
v -2.7630707601783797 12.467051225714386 0.0
v 12.452527022513095 11.005801094695926 0.0
v -1.0111558812204748 -11.109123974107206 0.0
v 7.402881201705895 7.628209988586605 0.0
v 2.725219215557445 9.970663017593324 0.0
v -8.378803845029324 -4.512315078638494 0.0
v -13.019271776778623 -12.018244287930429 0.0
v 14.87895929417573 5.8510398948565125 0.0
v -2.6321924392832443 -3.3459393102675676 0.0
v 4.936429982306436 8.036628897301853 0.0
v 9.241881900816225 -2.881384080275893 0.0
v 12.619227427523583 -3.2349227322265506 0.0
v 8.724355267651845 3.113313286565244 0.0
v 14.312556593678892 0.7979419538751245 0.0
v -8.272128083510324 3.4926260886713862 0.0
v -5.296591380320024 10.168700720183551 0.0
v -2.061541151604615 -10.637977471575141 0.0
v 12.7394622748252 -1.232468788512051 0.0
v -12.49254215566907 -11.031559429131448 0.0
v -8.962301299034152 -12.742476639337838 0.0
v 0.38609664037358016 4.800083707086742 0.0
v 14.95178915001452 -3.0816085590049624 0.0
v -2.540638081205543 -5.007143395021558 0.0
v 11.509469778218772 5.887270923703909 0.0
v 3.286538578919135 4.723351465538144 0.0
v 10.288446491991635 2.5303228786215186 0.0
v 8.381116839766037 -6.7758079851046205 0.0
v 0.578056777594611 10.92101828660816 0.0
v -4.080529147584457 3.1942663034424186 0.0
v 4.548947526025586 -6.035167663358152 0.0
v 2.6521756788133644 -0.2533903419971466 0.0
v -9.573931513761636 0.6927241971716285 0.0
v -6.8593122023157775 1.7836806774139404 0.0
v 9.141243209596723 14.893543305806816 0.0
v -10.356740641233046 -3.5008611669763923 0.0
v 2.9549436691449955 4.623770326375961 0.0
v -8.899130841484293 6.456375806592405 0.0
v -12.834493672533426 -5.435756643302739 0.0
v -10.872448197216727 12.58802217617631 0.0
v 12.802998238010332 -13.554738050326705 0.0
v 5.709207417443395 -0.6705847820267081 0.0
v -1.5560750906006433 10.160892521962523 0.0
v 11.451015795697458 11.47649790160358 0.0
v -11.531661687244195 -8.836022906936705 0.0
v -12.61546898825327 -3.2904235580936074 0.0
v 7.721263999701478 -12.458249495364726 0.0
v -14.868576578912325 11.697589089162648 0.0
v -12.49179430899676 -12.044681927189231 0.0
v 11.494887340231799 5.940627963282168 0.0
v -14.899377820198424 10.510180748067796 0.0
v -12.18721633311361 -7.199408086016774 0.0
v 5.630962951341644 3.712610558606684 0.0
v -1.1722499878378585 -9.669473365880549 0.0
v -8.230880746152252 -11.867773361504078 0.0
v 3.543926472601015 -8.499986135400832 0.0
v -2.35749990248587 -8.578401829116046 0.0
v 2.7591403619153425 8.965529782697558 0.0
v -4.201455149392132 3.482045625336468 0.0
v -8.597324249334633 -9.306335150264204 0.0
v 3.617256862577051 -10.32663356512785 0.0
v 13.3999001600896 -4.345339979045093 0.0
v 13.901533235271927 -9.386743606068194 0.0
v -1.1157474322826602 2.88456470053643 0.0
v -12.039994808612391 -2.1140611423179507 0.0
v -8.24515132792294 14.761551428586245 0.0
v -8.095939718128648 -14.999139565974474 0.0
v -0.5729598783073016 -8.937908534891903 0.0
v -3.0809071760741062 7.463278770446777 0.0
v 2.595393522991799 8.004396100528538 0.0
v 2.0713140550651588 4.149212474003434 0.0
v 11.675520283752121 1.5339642632752657 0.0
v -1.139432561583817 -3.8160888757556677 0.0
v 9.7701975099626 10.315466718748212 0.0
v 3.8481630838941783 -4.913676488213241 0.0
v -12.93487666506553 3.629177464172244 0.0
v 6.262250141298864 9.572562396526337 0.0
v 2.9473401618306525 -3.7468382036313415 0.0
v 7.183826587162912 -2.131637449376285 0.0
v 6.5845057956757955 7.592762454412878 0.0
v 8.725835735152941 -13.026130430400372 0.0
v -4.09620393201476 -10.709518811665475 0.0
v 2.945817741274368 -0.9857045076787472 0.0
v -11.894373746414203 6.355630065314472 0.0
v 7.191948931897059 1.9982795370742679 0.0
v -12.590975830506068 -3.408646149560809 0.0
v -4.428483939787839 -5.34570936486125 0.0
v -6.074407237465493 7.47578137088567 0.0
v 0.9386763726361096 -12.61363491602242 0.0
v 7.754587923875079 14.99035874940455 0.0
v -7.298583961324766 -14.335441851057112 0.0
v 9.042991905065719 11.751280705444515 0.0
v 11.953437702788506 -4.530436437577009 0.0
v 1.1561607582261786 -4.24992673099041 0.0
v 11.622833152941894 -10.151376924477518 0.0
v 2.0622584180091508 8.630460372194648 0.0
v -9.48438031214755 2.989166500978172 0.0
v -0.9221217126469128 -11.642015928402543 0.0
v 5.969224471482448 2.268870435655117 0.0
v 5.960452272091061 7.454340149648488 0.0
v -14.33139636006672 -10.814682236872613 0.0
v -4.116566429729573 -5.20631686784327 0.0
v -3.4840267717954703 -0.31785744708031416 0.0
v 14.770444502704777 -13.09525944199413 0.0
v 14.429548589454498 11.257703664712608 0.0
v 6.266452666022815 8.055238681845367 0.0
v 0.5677057617576793 9.948461655527353 0.0
v 2.205104078166187 8.228584935888648 0.0
v 14.481578218983486 3.1081051835790277 0.0
v -2.4903280208818614 13.393899362534285 0.0
v -10.780367743282113 -7.328488697297871 0.0
v 9.593431738496292 -12.599157034419477 0.0
v -11.539505320659373 7.789294636808336 0.0
v 1.7801760520087555 -4.670457114465535 0.0
v 4.984827361593489 1.7943519726395607 0.0
v -14.448958847671747 12.784125875681639 0.0
v -7.811624079127796 9.481177535839379 0.0
v 11.555234272615053 13.70652000978589 0.0
v 1.2143245859770104 -5.362995709292591 0.0
v -11.92207189486362 -0.13366551790386438 0.0
v 0.2246447282959707 -9.004793195053935 0.0
v 0.8478312867227942 -1.6661247396841645 0.0
v -1.1941781844361685 -3.8938866537064314 0.0
v -11.188395594304893 -5.579148410819471 0.0
v 2.022047107166145 11.44760942645371 0.0
v 0.9368655023863539 -10.538779732771218 0.0
v -12.569581722375005 10.835792921483517 0.0
v 8.400532680156175 -12.726947993040085 0.0
v 13.967786358844023 8.977420853450894 0.0
v -10.730884975055233 -8.516642468050122 0.0
v 6.1809392417781055 -2.3977168295532465 0.0
v -13.736413020116743 10.60071873292327 0.0
v -8.953858158318326 13.715877313166857 0.0
v 9.072083881066646 12.073708456940949 0.0
v 10.364280280075036 2.5409461418166757 0.0
v -13.177040438633412 7.4278437392786145 0.0
v 5.293419413734227 12.949948934838176 0.0
v 8.397087905788794 -10.130018513649702 0.0
v 12.423065921582747 -8.443727070465684 0.0
v -2.6684138941927813 0.4858991317451 0.0
v -4.852460342866834 12.522002645768225 0.0
v 0.003664121963083744 1.6872271839529276 0.0
v -14.293113589053974 1.2745724832639098 0.0
v 8.64817401766777 -6.343100099824369 0.0
v -12.40114300919231 -0.18935723695904016 0.0
v -2.9540656586759724 4.267318405210972 0.0
v 1.4621537051862106 3.0051465574651957 0.0
v 4.198768408794422 -8.578067997470498 0.0
v -12.896961913909763 -1.236297239549458 0.0
v 6.64176933246199 8.667088641785085 0.0
v 0.4162756738369353 1.2123759193345904 0.0
v 11.981277081591543 7.791909840889275 0.0
v -2.1549361787037924 14.411101697944105 0.0
v -8.496560054074507 7.036366657353938 0.0
v 2.9461422691238113 -7.416691802442074 0.0
v -1.8038979215198196 13.133530102670193 0.0
v -2.235105952830054 4.638962156139314 0.0
v 7.957282755465712 -6.483501088805497 0.0
v 8.833588483917993 -12.360649555921555 0.0
v -0.028342085308395326 4.07739111687988 0.0
v 12.480537224269938 -6.234938160516322 0.0
v -11.116681119194254 6.272866062819958 0.0
v 0.46476968459319323 -1.7121135899797082 0.0
v -6.482728665403556 14.593151234090328 0.0
v -14.274413603474386 6.341405708342791 0.0
v 5.266264106496237 -12.85900747589767 0.0
v 8.94015549623873 -0.8177678352221847 0.0
v -5.899247085151728 -1.2409428199753165 0.0
v -12.819065060641151 -2.3737113093957305 0.0
v 14.425466654123738 -9.678906753659248 0.0
v -0.8361796436365694 -9.556336926296353 0.0
v 2.403821048384998 12.34512481931597 0.0
v 7.971155345090665 1.5224207835271955 0.0
v 9.656265284516849 3.9257942028343678 0.0
v 12.94235213153297 -8.180370005778968 0.0
v -14.400654187542386 5.251468230970204 0.0
v -0.5241008847951889 -5.320516434498131 0.0
v 4.244451400823891 -8.906421254388988 0.0
v -8.000076081603765 -13.925336924381554 0.0
v 7.1262372614583 -14.767384082078934 0.0
v 13.566279116261285 -5.785013568587601 0.0
v -6.188687341695186 -1.985227331519127 0.0
v 11.161309864604846 10.37237994838506 0.0
v -11.979729728598613 -13.531043102964759 0.0
v 10.58082252566237 5.080227033235133 0.0
v -14.909469553269446 -6.496424396522343 0.0
v -11.05425222904887 -12.884690299630165 0.0
v -7.18935279402649 10.035093793645501 0.0
v 8.527214734524023 -4.71113343257457 0.0
v -12.01502381177852 8.198208900168538 0.0
v 1.0790994345443323 2.3369223373010755 0.0
v 4.943939794320613 -14.064943604171276 0.0
v -11.012582105700858 -6.945760455913842 0.0
v 2.903543797088787 -14.767813353799284 0.0
v -1.9829865085193887 -10.339901305735111 0.0
v -8.313417351455428 14.813006782904267 0.0
v -11.992357470444404 0.9134998070076108 0.0
v 0.8648059388506226 14.280566593632102 0.0
v 1.204564397339709 6.9524425361305475 0.0
v 10.495950361015275 12.17887576110661 0.0
v -5.098921468947083 -10.912008262239397 0.0
v 7.449207868776284 -6.372607238590717 0.0
v 3.7444494316587225 -0.34962363727390766 0.0
v 2.3187820175662637 2.914396684616804 0.0
v 0.06334929022705182 -12.675685809925199 0.0
v 9.660016227979213 5.466458231210709 0.0
v 5.379551126156002 14.417731110937893 0.0
v -3.590848714520689 14.954431688413024 0.0
v -4.424755752959754 14.011830917559564 0.0
v -6.257540763996076 -5.586716310121119 0.0
v -5.022529465553816 14.983535504899919 0.0
v -4.560463493515272 14.908903615549207 0.0
v 4.569639581954107 -8.973235352896154 0.0
v 1.9530524450237863 -7.508233344182372 0.0
v 5.2270767140435055 -0.444304415024817 0.0
v 10.189814578159712 1.1830233912914991 0.0
v 9.491311800782569 8.276712021790445 0.0
v -7.287293246015906 -8.648056829348207 0.0
v -0.10489229246741161 7.8627050230279565 0.0
v -9.69365782913519 -11.363468187861145 0.0
v 1.0171691651339643 6.269725456833839 0.0
v 5.719499059487134 13.174101217649877 0.0
v 3.6070979706710204 -1.2053086152300239 0.0
v -4.921418296406046 11.977314732968807 0.0
v 3.6592913544154726 -1.7841481510549784 0.0
v -8.868544126686174 6.067920567467809 0.0
v 7.8310831397539005 -12.487205816432834 0.0
v -8.158844951714855 11.44963559973985 0.0
v -4.39922037650831 10.729586899280548 0.0
v -13.159105874190573 6.533350675366819 0.0
v 10.253584198304452 -14.671085296198726 0.0
v 10.129426735744346 -3.8341569574549794 0.0
v 3.39983715233393 2.2727861534804106 0.0
v 0.6607853302848525 2.270741160027683 0.0
v 11.344047101563774 -3.3162608593702316 0.0
v 9.513550589734223 -3.0727608716115355 0.0
v -5.866662750719115 14.092354264110327 0.0
v -8.03368378378218 8.81313711591065 0.0
v -0.8451100318343379 -14.653249715454876 0.0
v 2.033064685179852 12.020913326181471 0.0
v 8.024110546684824 -1.768700080923736 0.0
v -5.168691281229258 2.1641856068745255 0.0
v 3.9121883753105067 3.0725812381133437 0.0
v -0.26247482548933476 11.189869658090174 0.0
v 9.737060208164621 -4.411905735731125 0.0
v -2.0850687680067495 -2.3729141084477305 0.0
v -7.6919721534941345 5.644097662530839 0.0
v -1.8816070403554477 8.440073598176241 0.0
v 10.760998836834915 7.669589581899345 0.0
v 5.303356499236543 11.653091653250158 0.0
v 6.70580690150382 1.4642051039263606 0.0
v 13.57810801640153 13.234512369148433 0.0
v -1.808657168818172 -9.181820946745574 0.0
v 8.94953211460961 1.8756667291745543 0.0
v 3.879905755224172 -4.604676246643066 0.0
v -11.37761875562137 0.019438665360212326 0.0
v -14.28308431932237 4.641225261613727 0.0
v 3.065148859168403 -11.460878781974316 0.0
v -10.865003902174067 -11.262669171206653 0.0
v 6.3739420615602285 5.128135615028441 0.0
v 14.166864116443321 11.83732648473233 0.0
v -7.190091576776467 3.8467190572991967 0.0
v 8.441249632800464 1.3401024667546153 0.0
v 1.9386242931359448 -3.750990442931652 0.0
v -11.846110245096497 9.03473660722375 0.0
v -13.38109950098442 5.16091678943485 0.0
v -12.136908772285096 1.0102747343480587 0.0
v 9.837973748275544 6.799249866977334 0.0
v -7.178773434367031 0.2386881485581398 0.0
v -3.3036766699515283 9.49823800381273 0.0
v -1.853248618717771 14.932678490877151 0.0
v 0.09035910497186705 -4.48915899451822 0.0
v 11.122711498173885 2.2773475982248783 0.0
v 13.674089842766989 1.47405010368675 0.0
v -9.394301406864543 7.029564272612333 0.0
v -1.7802700811298564 -13.39795991126448 0.0
v 9.439609166118316 5.273425051011145 0.0
v -13.681768577778712 6.853144181892276 0.0
v 9.03919755446259 -14.747376228682697 0.0
v -10.086213854083326 -13.297204365953803 0.0
v -12.657270024938043 -14.825922244228423 0.0
v 3.159663440368604 -1.1421845508739352 0.0
v 13.392741180374287 9.19876199029386 0.0
v -14.046509453444742 12.598005303181708 0.0
v 2.511528496397659 8.362098219804466 0.0
v -13.386668190709315 -6.7027822164818645 0.0
v -7.623330810514744 -10.19916650466621 0.0
v -1.2058469228213653 5.045658694580197 0.0
v 3.3806006241356954 -0.9680052064359188 0.0
v 1.7456742256763391 -7.652445414103568 0.0
v 11.446477941935882 2.7152546420693398 0.0
v -7.470796318317298 2.31409125123173 0.0
v -5.18507991329534 -5.475734272971749 0.0
v -8.180836895306129 13.853859305381775 0.0
v 7.099491645465605 0.11131048668175936 0.0
v 2.9949506670818664 -5.331935023888946 0.0
v -1.896181796793826 8.8756716074422 0.0
v 6.2460308553418145 -1.8275451101362705 0.0
v 9.844980320660397 14.671400153078139 0.0
v -2.1990686705103144 -7.511021445505321 0.0
v -7.735461353440769 1.04207503516227 0.0
v -2.059721981990151 1.6150247789919376 0.0
v -4.078522120427806 -7.164676717482507 0.0
v -12.327852531452663 4.3062614584341645 0.0
v 11.60858257045038 -2.733751894906163 0.0
v 1.26147648220649 -7.69221449829638 0.0
v -8.125364094274119 0.21814578492194414 0.0
v 6.001029179838952 -14.438232420012355 0.0
v 5.061071525327861 -7.28709234111011 0.0
v -8.791320697288029 -2.6521055921912193 0.0
v 10.141860132978763 9.144728427752852 0.0
v -0.09811664960579947 -10.117689233273268 0.0
v -5.984202441992238 -7.293559898622334 0.0
v -3.4740326431929134 -14.266246628947556 0.0
v -14.146056615805719 4.065499626100063 0.0
v -6.363179069769103 8.789080741815269 0.0
v -1.983344156644307 1.7379078762605786 0.0
v -4.46175925625721 9.30057573504746 0.0
v 1.918371678038966 -10.197181520052254 0.0
v -3.553264743066393 10.00963391084224 0.0
v 4.235989075328689 -14.665874134749174 0.0
v -7.672291850380134 8.470091964118183 0.0
v -5.531616417923942 6.061929151415825 0.0
v -9.539486665977165 4.875648958608508 0.0
v 10.253448071773164 -13.684014377184212 0.0
v 4.338408021780197 -5.350356829352677 0.0
v -8.653865907050204 -8.223400024697185 0.0
v 5.279128710331861 -3.363964097574353 0.0
v -2.773482959717512 -8.51953081972897 0.0
v 7.211148847185541 -6.817789222113788 0.0
v -3.7987796647357754 2.7993357023224235 0.0
v -13.09265273285564 12.319652850739658 0.0
v 1.6304528160835616 -0.5794153464958072 0.0
v -3.202185549773276 5.16797261685133 0.0
v 3.2460843108128756 -10.265954482369125 0.0
v 1.626686092466116 -14.215102601796389 0.0
v -12.743933588615619 1.7061779741197824 0.0
v -14.00203864480136 1.9013705803081393 0.0
v 3.0099348351359367 1.1391750369220972 0.0
v 12.726637410989497 0.14809095486998558 0.0
v -7.678893743432127 1.4974254230037332 0.0
v -11.9178241607151 -14.061250404454768 0.0
v 12.850207032635808 -10.58922821469605 0.0
v 4.6913100613164715 -11.670691511593759 0.0
v -1.9170380112482235 -14.518170545808971 0.0
v -4.390724162047263 7.827190020121634 0.0
v -10.603386656672228 -13.55523432791233 0.0
v -5.772933788772207 -2.1700935661792755 0.0
v -8.390676784154493 9.622751539573073 0.0
v 11.484339656832162 10.084125398658216 0.0
v -7.266704568697605 -7.150228013284504 0.0
v -1.2128322315984406 -0.6483061537146568 0.0
v 1.157126618665643 8.275795231573284 0.0
v 9.172831639647484 10.75275953952223 0.0
v 2.307169213076122 -5.652536730282009 0.0
v 3.685219817212783 14.591101539321244 0.0
v -3.3423796778079122 -1.6794544970616698 0.0
v -9.520481909334194 -14.554114823229611 0.0
v 2.331715087639168 -4.5191406942903996 0.0
v 4.071202760504093 -2.989941343665123 0.0
v 9.04315290984232 -3.924234771169722 0.0
v 5.856844756286591 12.260654591023922 0.0
v -13.164245475200005 -2.5118886241689324 0.0
v 11.70681618724484 14.83987550996244 0.0
v -6.460012130206451 -8.736639561131597 0.0
v 14.86678515461972 -9.697049024514854 0.0
v 3.5291670833248645 -13.743698091246188 0.0
v 10.573645916592795 -5.0430950140580535 0.0
v 11.727345613762736 -8.542583331465721 0.0
v 3.397390461526811 -2.802958575077355 0.0
v 3.911108975415118 2.9544433979317546 0.0
v -3.4423520073178224 7.38817007932812 0.0
v -14.50739234755747 8.876533828675747 0.0
v 14.969427502306644 1.198731953278184 0.0
v -5.673895107524004 -9.167730242945254 0.0
v 8.439496019273065 -0.5166269345209002 0.0
v 4.41645134013379 6.969368831254542 0.0
v 8.542005680443253 -7.114560650661588 0.0
v 14.474679761973675 -4.27418558113277 0.0
v -6.2906529300962575 6.188600613735616 0.0
v 0.059793203545268625 0.5815911199897528 0.0
v 5.344595217262395 5.938236320391297 0.0
v -12.775817843445111 -4.5477718180045485 0.0
v -4.251326688565314 -11.437044008634984 0.0
v 0.15500708430772647 9.117286044172943 0.0
v 9.442158231511712 -2.7833044473081827 0.0
v 4.805349941540044 13.756739635020494 0.0
v -13.23477370647015 -4.58388845808804 0.0
v -3.233273332589306 12.3840311774984 0.0
v -1.2422605716856197 -14.23306005820632 0.0
v -2.063890705408994 -0.05217591766268015 0.0
v 2.647464875539299 -6.642177146859467 0.0
v 9.650421410507988 11.846343540586531 0.0
v -1.4336863229400478 -7.108192082494497 0.0
v -9.769492017861921 11.71036992315203 0.0
v 14.144124550570268 9.114185413345695 0.0
v 9.739733685099054 13.653108247555792 0.0
v 13.473597326606978 2.2314451867714524 0.0
v 1.028845748747699 -2.9300101418048143 0.0
v 14.97220165078761 5.796301139518619 0.0
v 8.492881744168699 13.787291703745723 0.0
v 11.967590759217273 -11.158354633487761 0.0
v -14.182939741527662 -7.015791927464306 0.0
v -7.593864405585919 1.8957201400771737 0.0
v -1.2104478232795373 5.287968774326146 0.0
v 10.322436191723682 6.70213732868433 0.0
v -14.172661843535025 5.557504554279149 0.0
v -6.235809886595234 -12.693219433538616 0.0
v 1.8909746012068354 -7.8805839866399765 0.0
v 13.111217821657192 -8.526258892379701 0.0
v -5.8214295916841365 10.167148335836828 0.0
v -12.786591714422684 -7.742916826158762 0.0
v 12.088758129859343 -14.16013879608363 0.0
v 8.441643603204284 3.678784637711942 0.0
v -6.556615571782459 -9.212056626565754 0.0
v 10.837091429159045 1.4998672679066658 0.0
v -12.901870857051108 -0.7727284459397197 0.0
v 10.249303113669157 13.578889852389693 0.0
v -4.919797406590078 3.6249162750318646 0.0
v 1.3220287475851364 -14.790587770752609 0.0
v -11.01109548623208 4.409087819047272 0.0
v -6.514182818413246 10.531360031105578 0.0
v -13.279732613067608 -4.4476054180413485 0.0
v 3.6060489862575196 -8.723368532955647 0.0
v -11.8566719685914 -0.5375941628590226 0.0
v -9.376418877101969 -1.6620259005576372 0.0
v 14.097897668834776 -6.854909153655171 0.0
v 11.398353496857453 1.8555585527792573 0.0
v -4.410572448221501 11.541142760775983 0.0
v -10.4867066576262 -12.998991152271628 0.0
v 9.941051214700565 -2.3551255175843835 0.0
v 11.63102773972787 8.530885956250131 0.0
v -14.438034318387508 7.678709141910076 0.0
v -11.441210304561537 10.543672409839928 0.0
v -12.012769645894878 13.949332634918392 0.0
v -12.941997978079598 11.456295530311763 0.0
v -1.7408239672658965 -9.327945358119905 0.0
v -8.683815545402467 11.33201468270272 0.0
v -12.633865469077136 6.421588908880949 0.0
v -2.8190608994918875 -8.363820417784154 0.0
v -3.0417882015462965 5.020637319423258 0.0
v 12.900046701543033 2.915876543149352 0.0
v 0.7159249570104294 -11.219799092039466 0.0
v -7.951686411455739 7.463088207878172 0.0
v -1.7563733410206623 -3.4025970064103603 0.0
v -11.92318664031336 5.9863296542316675 0.0
v 3.6798751341411844 -2.341197581961751 0.0
v 14.342598628834821 0.1343823242932558 0.0
v 1.8796232173335738 -13.396065171808004 0.0
v -9.13686337141553 11.145478301681578 0.0
v 2.208506935276091 7.96437597181648 0.0
v 1.7046355585334823 13.146293533965945 0.0
v 7.006095400720369 -6.099145656451583 0.0
v 4.002277730149217 -4.215036815032363 0.0
v -3.2649307008832693 4.01463233679533 0.0
v -8.6191238812753 13.154898933134973 0.0
v 6.559473990928382 -9.960330398753285 0.0
v -7.51158604939701 -1.2364032221958041 0.0
v -6.532372022164054 1.8464182820171118 0.0
v -6.661494015599601 -5.056634894572198 0.0
v -1.689843598229345 2.1448038080707192 0.0
v -9.086308819125406 10.589693726040423 0.0
v -14.372312251245603 -1.447324295528233 0.0
v 14.724157761083916 2.5951854567974806 0.0
v -10.128214299620595 -9.181479198858142 0.0
v -1.0515145862591453 -14.073145052418113 0.0
v 7.048256148351356 6.091195771470666 0.0
v 10.774701777321752 13.71357164811343 0.0
v 4.012618161737919 4.0953879514709115 0.0
v -10.963732420699671 -12.197741798125207 0.0
v 6.457467649772298 6.882909223437309 0.0
v 14.277120537008159 -11.092243917286396 0.0
v 7.51710291125346 -4.778910556808114 0.0
v -14.568583310639951 6.27490717638284 0.0
v 14.44823799887672 -13.749672904610634 0.0
v -2.1551252009230666 -6.468214186839759 0.0
v -8.938671388081275 -3.818529666401446 0.0
v 2.2291632994893007 -9.226992386393249 0.0
v 0.4026315724477172 -11.387504416517913 0.0
v 10.772038613562472 9.276729018427432 0.0
v 14.134781702421606 -14.263814624398947 0.0
v -6.673156505334191 14.698588764294982 0.0
v 13.077515443845186 8.415352863259614 0.0
v -11.494914321869146 12.209338076412678 0.0
v -11.573454008554108 7.934665429405868 0.0
v 0.46739850053563714 -11.24280050676316 0.0
v -7.332699770515319 -0.07561809662729502 0.0
v 3.5201410919544287 -3.4559353925287724 0.0
v -2.7996885591419414 -11.64423540700227 0.0
v 10.762473030481488 -1.5816763872280717 0.0
v 4.89512415434001 -0.710705341771245 0.0
v 8.556726365350187 4.514070024713874 0.0
v 11.077523475629278 -3.716346211731434 0.0
v -10.472151415597182 -9.182912738062441 0.0
v -6.386350937013049 -4.461778876371682 0.0
v -2.8813529542530887 -12.9245397541672 0.0
v 12.723346165032126 -8.344460742548108 0.0
v -13.291211261239368 -6.675345713272691 0.0
v 5.236059230694082 3.549351072870195 0.0
v 6.781430793867912 -12.690174921415746 0.0
v 14.646042621694505 -2.689055976457894 0.0
v 8.608341472630855 9.35671338904649 0.0
v 11.265749881684314 -7.14958290476352 0.0
v -2.548142841493245 -3.281887927092612 0.0
v 6.065523002296686 -9.277596660889685 0.0
v 10.912702732894104 1.7181045012548566 0.0
v 7.458987033518497 -4.7027863916009665 0.0
v -5.8020804527332075 6.173779523931444 0.0
v -3.6692898730980232 7.938702438026667 0.0
v 2.970354789227713 2.796066600829363 0.0
v -7.190785986487754 -2.59089039452374 0.0
v -11.543859151541255 6.218891188502312 0.0
v -7.401277150551323 7.213108181022108 0.0
v 12.574824683717452 6.708214222453535 0.0
v 13.797684760706034 8.989541122689843 0.0
v -8.218953554111067 -5.256412361748517 0.0
v 10.055564160225913 -10.983443370088935 0.0
v -7.13157806097297 1.9186626663431525 0.0
v -1.659248977957759 0.3823220394551754 0.0
v -7.6032006136956625 -9.539538815617561 0.0
v 11.991404093569145 -8.845847964286804 0.0
v -9.690531344851479 12.014636339619756 0.0
v -10.002754994435236 14.718730035237968 0.0
v 10.717095923959278 -0.22938065230846405 0.0
v 5.119070767366793 1.8242095159366727 0.0
v -6.995873833424412 -13.83734735287726 0.0
v 0.8529902998125181 -2.6332515496760607 0.0
v 8.067198904056568 -0.10958726145327091 0.0
v -5.537834165850654 7.154572751373053 0.0
v -12.955226006219164 -8.625568182207644 0.0
v 0.7196825973805971 4.777499677613378 0.0
v 10.852685919729993 9.467144070193172 0.0
v -9.561573479615618 1.094816442579031 0.0
v 11.002342533436604 -7.924387379549444 0.0
v -0.3497933319886215 8.817515043541789 0.0
v 7.919474667985924 9.946857151575387 0.0
v -11.799493143276777 7.1696851113811135 0.0
v 5.680163151526358 4.367659053765237 0.0
v 0.6240717759355903 10.656382707878947 0.0
v 13.111029613763094 11.740375520661473 0.0
v 6.9866275018430315 -10.458423972129822 0.0
v 4.805463391763624 -13.601080385968089 0.0
v -2.0772631706204265 -2.915237515233457 0.0
v 12.055823801201768 13.515394680202007 0.0
v -5.895855327893514 -1.8072743993252516 0.0
v -4.239078779646661 -11.321346370503306 0.0
v -14.365192571887746 6.922081855125725 0.0
v -14.413486619538162 13.190455250442028 0.0
v 2.1963753017480485 -2.9400416892021894 0.0
v 14.883714380499441 11.638832510448992 0.0
v 8.786624257045332 9.448769223876297 0.0
v 13.586318456043955 -4.3478817557916045 0.0
v 10.13075694697909 11.265182425267994 0.0
v 0.04911097465083003 -1.734707043506205 0.0
v -7.773657679732423 -5.215267550200224 0.0
v 12.691450816695578 -5.372784315608442 0.0
v 0.5196164438384585 13.112807815894485 0.0
v 8.461005520715844 5.605735260993242 0.0
v -8.484780724567827 4.090996594168246 0.0
v 14.268479470221791 -4.528028911910951 0.0
v -13.538629814225715 14.007208532653749 0.0
v 0.27525210817111656 2.353221866302192 0.0
v -14.027490765904076 13.171703414991498 0.0
v -9.819723784399685 -3.432764995843172 0.0
v 9.138290238333866 -0.06520585063844919 0.0
v -10.509325374907348 2.091662095859647 0.0
v 13.072595549980178 4.4398233294487 0.0
v 10.015885610249825 -1.5941825434565544 0.0
v 5.708918869262561 1.3329721270129085 0.0
v -6.986157145467587 2.6377649819478393 0.0
v -1.8260765238665044 9.780193837359548 0.0
v -7.509591550624464 13.028747481293976 0.0
v 7.939987520512659 6.585631241090596 0.0
v -3.5386955626890995 12.18799933232367 0.0
v 1.5929867295199074 6.108125846832991 0.0
v 14.70799991581589 -3.455600380897522 0.0
v -8.399824270454701 -8.67651273496449 0.0
v -5.949143593898043 -12.706648661755025 0.0
v -12.334045382216573 -14.86950690858066 0.0
v 2.9088286548503675 -12.463280826807022 0.0
v 1.8507449829485267 3.9513858193531632 0.0
v -0.08377598749939352 -6.211900685913861 0.0
v 5.517189243226312 10.161621367558837 0.0
v 12.531969497562386 10.797524238936603 0.0
v 9.586901331611443 -9.134589836001396 0.0
v -3.171730115544051 9.478220074437559 0.0
v 11.779189654043876 7.697150871157646 0.0
v -6.4230536093818955 -1.04893715120852 0.0
v 9.906547899008729 14.495312478393316 0.0
v -7.929305846977513 1.1596287721768022 0.0
v -3.253307635197416 5.003257105126977 0.0
v 2.851639834640082 0.5751942992210388 0.0
v -12.24172454996733 1.6094344845041633 0.0
v 1.6768297613598406 -10.337270290590823 0.0
v 8.930188219994307 -10.629928801208735 0.0
v 10.903049449028913 7.750236053019762 0.0
v -1.3720101290382445 10.913243769668043 0.0
v 6.317497901502065 -12.07327238842845 0.0
v -6.942376895691268 -11.69389333203435 0.0
v -7.810496555292048 -14.413035416044295 0.0
v 7.640421314979903 14.303733603097498 0.0
v 8.49557052156888 -7.717142273671925 0.0
v 12.89443626976572 12.707567455247045 0.0
v -14.178161730756983 14.600259906612337 0.0
v -6.551474224077538 1.7811813866719604 0.0
v -0.9453692170209251 -8.681386469863355 0.0
v -12.9279325347743 -8.67754066735506 0.0
v 14.100757392239757 9.793001141399145 0.0
v -8.52211426163558 -1.6270595882087946 0.0
v -13.234039090457372 5.546605097129941 0.0
v 2.936381878273096 -1.5158104365691543 0.0
v 6.868363462854177 11.637039511464536 0.0
v -1.2302941390662454 -14.138685788027942 0.0
v 12.513249824929517 10.29479708429426 0.0
v 10.787641230795998 -5.364211272448301 0.0
v -2.9918614602065645 -12.051627186127007 0.0
v 9.364081552659627 -5.86800632532686 0.0
v -3.0150045910850167 4.858289736323059 0.0
v 14.764895254280418 -8.030875305645168 0.0
v -14.099390943651088 -7.605206574313343 0.0
v -14.525393342482857 2.631509095430374 0.0
v -10.51082369312644 11.513480802066624 0.0
v 8.248653418035246 -2.016317218542099 0.0
v -13.26065888593439 -4.4126324178650975 0.0
v -14.23206434038002 -4.021964563056827 0.0
v 8.01474190276349 5.303447784855962 0.0
v -0.23712659627199173 -2.1723317625001073 0.0
v -3.8166178286774084 14.29324525501579 0.0
v -14.609691355668474 -9.907988775521517 0.0
v 12.684322466433514 4.299010214395821 0.0
v 1.7705048502539285 -11.298935720697045 0.0
v 13.454924704274163 4.3876005774363875 0.0
v 4.895940112590324 3.4445047322660685 0.0
v 1.8616581356618553 -5.809708109125495 0.0
v 10.218224418989848 0.654331955127418 0.0
v -0.7855189445544966 -10.807795354165137 0.0
v 3.866437826596666 -4.482397965155542 0.0
v -3.2258875897387043 12.16024168021977 0.0
v -7.9036988955922425 -0.2617689035832882 0.0
v 13.406889085716102 14.864691180177033 0.0
v -5.40383215417387 -2.637207817286253 0.0
v 14.237395212578122 12.736531058326364 0.0
v 8.723384871263988 12.283061331138015 0.0
v -0.9986781784682535 -3.6833396004512906 0.0
v 7.4131367797381245 10.908036977984011 0.0
v -11.39099534979323 -7.088294104672968 0.0
v -4.194901372247841 -10.882483284920454 0.0
v 14.356952658679802 -7.334491558372974 0.0
v 5.365466561866924 7.165392412804067 0.0
v 3.518852660432458 -10.38772995211184 0.0
v 6.56027380283922 -3.628777506761253 0.0
v 9.409410532738548 0.043916803784668446 0.0
v -9.523637706646696 -6.0750816678628325 0.0
v 9.497370019031223 -11.35306417196989 0.0
v -4.034339346981142 -11.537836655043066 0.0
v -9.16182607295923 -0.5960113946348429 0.0
v 13.599654284480494 -9.173742862418294 0.0
v -6.727219486434478 -7.337406720034778 0.0
v -12.338612428167835 12.639213567599654 0.0
v 4.444443682907149 13.367990292608738 0.0
v -6.569602374336682 14.342439659871161 0.0
v 0.7914428038639016 -8.223428077995777 0.0
v 2.861982219328638 9.17235851008445 0.0
v 6.830001462367363 -7.8699795780703425 0.0
v 0.17035257181851193 -14.644303103908896 0.0
v -0.060273906972724944 12.533475749194622 0.0
v -13.875763497431763 0.5176158295944333 0.0
v 14.626739520928822 -10.799072397872806 0.0
v -5.55088972003432 14.190197119489312 0.0
v -2.313488304091152 -6.24400542024523 0.0
v 5.633780321280938 -4.54444473888725 0.0
v -13.90667221089825 -6.306331044994295 0.0
v -13.035579275048804 6.719442628324032 0.0
v 6.308743566449266 13.151822901330888 0.0
v -3.05150939169107 -6.255989865399897 0.0
v -5.465368620993104 0.26019566413015127 0.0
v -3.047590754518751 2.6365296440199018 0.0
v 6.790499817172531 0.08294643554836512 0.0
v 0.9845347409136593 3.107757822610438 0.0
v 8.117366222082637 -14.987985209561884 0.0
v -11.938480946235359 -12.705521660856903 0.0
v -5.704606790503021 -3.5122732585296035 0.0
v 7.561860629939474 9.458339708857238 0.0
v 4.447504167677835 -0.12125983368605375 0.0
v 11.356521822337527 -2.0008618580177426 0.0
v -9.194142354186624 -3.9326996486634016 0.0
v -13.162874060100876 4.168389624916017 0.0
v 13.39878202707041 3.4291159817948937 0.0
v 10.411967505584471 -1.054941950365901 0.0
v -8.015026940964162 2.6819347264245152 0.0
v -5.4185162868816406 -3.772516315802932 0.0
v 14.770802330167498 -10.53795471880585 0.0
v -13.770748854905833 -12.243299289606512 0.0
v -13.043098253081553 0.8365358393639326 0.0
v 2.0206210133619606 4.131396558135748 0.0
v -5.627529441553634 9.47681179549545 0.0
v -2.1076520631322637 2.403749099932611 0.0
v 1.6112495213164948 -2.2160865049809217 0.0
v -12.119231504388154 -13.013488109223545 0.0
v 8.470240156108048 -6.205456371419132 0.0
v 4.977094712667167 -14.182145945727825 0.0
v -10.968099046323914 -14.96548117697239 0.0
v -12.378830654954072 -14.757951298728585 0.0
v 8.407810223056003 1.528358817100525 0.0
v -2.671787937579211 -0.3317039627581835 0.0
v -5.981425498088356 2.8633341174572706 0.0
v -11.741948554001283 -0.4726844597607851 0.0
v -8.257127007644158 9.195928677916527 0.0
v 13.687134831387084 13.52483303938061 0.0
v -0.8057282305089757 -14.86135335918516 0.0
v 5.706858230812941 -0.5874894857406616 0.0
v 1.1236879616044462 4.570199421606958 0.0
v 3.4004296447965316 1.6734149353578687 0.0
v -7.783485376101453 10.289743848145008 0.0
v 13.012255169684067 -6.669890420511365 0.0
v -12.528593026800081 0.5558302914723754 0.0
v -9.594728691794444 12.026837746612728 0.0
v -6.506012117373757 -3.600061383098364 0.0
v 14.785279684176203 11.88325229473412 0.0
v -1.954040958895348 -0.989839200861752 0.0
v 1.0003110264078714 2.5673992931842804 0.0
v -4.394667311862577 3.822660533711314 0.0
v -7.4894055759650655 -11.416332272812724 0.0
v -14.835089293250348 8.684341918677092 0.0
v -12.03289612865774 9.879654161632061 0.0
v -7.650292189966422 -6.589061846956611 0.0
v 7.340107709518634 -5.07380363997072 0.0
v 7.368375632446259 -14.573443507775664 0.0
v 14.810890802473295 -12.973437883891165 0.0
v -9.33878086518962 3.576924146153033 0.0
v 14.781764163868502 -0.8600395545363426 0.0
v 5.031630660232622 -7.414429662749171 0.0
v -12.426023800158873 -7.112851886078715 0.0
v 8.383489144674968 -6.69941739551723 0.0
v -2.9377412027097307 -0.9519953867420554 0.0
v 3.861483345623128 9.958034774288535 0.0
v 7.808150059659965 13.01483955141157 0.0
v -12.16639715054771 -13.691146711818874 0.0
v 14.735087001579814 6.4473573518916965 0.0
v -0.6159261196153238 -6.073005061596632 0.0
v -2.1682652528979816 9.824899037368596 0.0
v -10.884119485213887 8.293024918995798 0.0
v 10.03530706744641 -10.98888214211911 0.0
v 8.39778951543849 -7.704207738861442 0.0
v -3.67672269360628 -6.538074412383139 0.0
v 9.270169942290522 -5.921545535326004 0.0
v 1.7063275205437094 8.961962326429784 0.0
v 6.715738002501894 4.174341167323291 0.0
v -5.073818237811793 8.69232283718884 0.0
v 5.161204955831636 7.753160079009831 0.0
v 7.159580051724333 -11.00497433077544 0.0
v 10.166525764856488 8.410279642790556 0.0
v 9.564045143022668 -14.018747854046524 0.0
v 8.864336233993527 -1.477865376509726 0.0
v -10.855182916973718 -14.763829255476594 0.0
v 1.184636518766638 -6.525309721939266 0.0
v 1.7765097777009942 2.975055110640824 0.0
v 7.912178284721449 -0.46699368581175804 0.0
v -6.926562453794759 -3.6627030316740274 0.0
v 8.568048300745431 2.058922410942614 0.0
v 10.220629884512164 -7.160629529505968 0.0
v 6.835455275257118 -8.317332794889808 0.0
v 3.011838339443784 10.749320887029171 0.0
v 14.358609673101455 -5.762111660093069 0.0
v -11.048942416498903 7.452358680777252 0.0
v 14.795279942976777 -7.428817456588149 0.0
v -5.837962264602538 14.69212409388274 0.0
v 11.48918296158081 -5.059452719055116 0.0
v 6.40552011760883 -12.430398306809366 0.0
v 8.823509952693712 4.481882826425135 0.0
v 13.983333262207452 2.8402995336800814 0.0
v -1.4476419828715734 -8.977810238488019 0.0
v 4.79218707466498 -6.459472739137709 0.0
v 12.031036189640872 -7.218391074799001 0.0
v 11.933963686577044 -9.580670842900872 0.0
v -1.9798538709874265 -8.034966110251844 0.0
v -3.17196812806651 -10.255235338583589 0.0
v 2.8980233684997074 8.656907871365547 0.0
v -13.84233112365473 -12.595700643956661 0.0
v -4.3090358700137585 -4.97246162686497 0.0
v -7.455351680226158 -2.8116702483966947 0.0
v -8.388639528362546 1.5741858230903745 0.0
v 9.294646826921962 8.689543114975095 0.0
v 2.8913839074084535 -3.774368637241423 0.0
v 9.231650739326142 1.3962795715779066 0.0
v -6.988699845911469 -8.834308232180774 0.0
v 1.863513213058468 3.5946859419345856 0.0
v -10.952959886868484 -5.582175244577229 0.0
v 0.8071661681169644 -2.651220745407045 0.0
v -9.116407358262222 5.420802482403815 0.0
v -5.861397195374593 11.677497825585306 0.0
v 7.1459065558738075 10.042441976256669 0.0
v -11.92864068201743 5.193929973989725 0.0
v -10.022969982645009 6.680720399133861 0.0
v -5.796894867555238 7.954032217152417 0.0
v -7.368529477214906 -0.3236832395195961 0.0
v 6.647830877511296 0.11606256384402514 0.0
v 2.4004354429780506 -3.087044202722609 0.0
v -12.222399759746622 -10.274583058431745 0.0
v 14.531815061403904 -4.965706303715706 0.0
v 2.5136565200518817 -8.430123104713857 0.0
v -4.609910653962288 -4.691079949960113 0.0
v -3.2892252692836337 -3.002474960871041 0.0
v 4.968245800992008 -9.778364990837872 0.0
v 12.488236622652039 -13.12068693432957 0.0
v 5.322138029616326 -8.319072912447155 0.0
v -6.156633574923035 12.135580658912659 0.0
v -13.01080046017887 -13.161289105191827 0.0
v -8.52583411365049 9.16308058053255 0.0
v 0.9371793266618624 -0.8339796140789986 0.0
v 3.868400373554323 1.0003001540899277 0.0
v 5.745207917469088 -12.268903251737356 0.0
v -0.6326932961237617 -0.26880923192948103 0.0
v -7.517544206930324 9.587037523277104 0.0
v -2.4588852334418334 -9.497151452116668 0.0
v 2.849032952392008 10.244893838651478 0.0
v -4.485146337712649 9.67826215736568 0.0
v -3.451530675694812 -0.3452771073207259 0.0
v 4.892817326122895 -2.906668330542743 0.0
v -7.186655634781346 -0.3732823859900236 0.0
v 2.2263607032364234 -3.758016485720873 0.0
v 3.23379960260354 -3.668568018823862 0.0
v -14.831382640870288 5.931351878680289 0.0
v -7.710543898923788 -13.492708303965628 0.0
v -3.503551419475116 13.610120079480112 0.0
v 4.8706648502266034 10.146313435398042 0.0
v -4.355195346055552 -11.900023624300957 0.0
v -7.71779517485993 1.3381770299747586 0.0
v 14.497212669230066 11.665762727148831 0.0
v -1.5894648903049529 4.491016046144068 0.0
v 8.31414575065719 8.924568118527532 0.0
v -5.504535393614788 11.035797632299364 0.0
v -4.635267991106957 -12.176369971595705 0.0
v 1.518240212695673 -1.6404853062704206 0.0
v 3.6154078856343403 -2.667184880003333 0.0
v 13.330050202668644 0.019218402914702892 0.0
v -9.594857210933696 3.0097724590450525 0.0
v 1.8584926172043197 -5.9213032284751534 0.0
v 2.7143666224437766 -11.52057369146496 0.0
v -11.31193631561473 4.1983913807198405 0.0
v -13.264835008361842 7.545932630077004 0.0
v 13.594805389118847 12.168762546032667 0.0
v -11.953210112114903 3.0625362107530236 0.0
v -2.907240097236354 13.361474706791341 0.0
v -5.148655583790969 -1.1138984113931656 0.0
v 7.010224278841633 -11.625418451614678 0.0
v 10.051305988628883 9.33329387102276 0.0
v 10.261151964834426 2.7399948025122285 0.0
v -7.909566601505503 -7.562900573946536 0.0
v 13.214328373607714 -6.204631100408733 0.0
v 14.957257200672757 9.593246283940971 0.0
v -11.86981466866564 -13.633385141380131 0.0
v 11.924256408121437 -10.095430602319539 0.0
v 10.809186611266341 -6.3731851084157825 0.0
v 7.800297211913858 -3.7335381135344505 0.0
v -11.002145923499484 -14.515685835853219 0.0
v -14.4968703261693 -9.95117941685021 0.0
v 6.610984962375369 7.4724255874753 0.0
v 4.510475145827513 -4.905198593623936 0.0
v 12.467776066041552 -12.74065971840173 0.0
v 7.926869404211175 3.8504667384549975 0.0
v -6.996687279664911 -3.149479147978127 0.0
v 12.379150261578616 5.245719498023391 0.0
v -12.094325787445996 -12.873180085793138 0.0
v -2.515256315644365 -13.758931529708207 0.0
v -8.324728729494382 -2.647624097764492 0.0
v -7.341142277175095 14.627500558272004 0.0
v 5.1980786146014 -1.5038052313029766 0.0
v 1.5010312911472283 12.162990962155163 0.0
v -4.776742973830551 6.106186952441931 0.0
v 1.1829180000931956 1.6176675921306014 0.0
v 7.877777406654786 6.333237730897963 0.0
v -13.703540937101934 -10.797793391160667 0.0
v -10.709910846839193 3.4676967039704323 0.0
v -11.314113422238734 -3.3307687267661095 0.0
v 1.9525747671723366 2.9879444781690836 0.0
v -5.915788647951558 -4.924525689333677 0.0
v -10.573425974987913 -2.071547002531588 0.0
v -6.343781327304896 2.7616725424304605 0.0
v 13.611343320808373 5.149312324821949 0.0
v -3.7060476354090497 0.23696577362716198 0.0
v 6.888182772032451 -5.321986138820648 0.0
v -11.737794917658903 -11.315519685856998 0.0
v 8.672151877137367 2.506029522046447 0.0
v -3.791006984654814 -4.183971289545298 0.0
v -8.586045882082544 -13.2347726598382 0.0
v -12.477359666547272 13.929735250771046 0.0
v 13.399055320653133 -7.895018213428557 0.0
v -5.934027967392467 -10.758403073064983 0.0
v 6.31015264528105 10.949689314700663 0.0
v 11.378640246053692 3.8499789349734783 0.0
v -6.39499802980572 -1.8295371690765023 0.0
v 2.6357669443823397 0.37070653680711985 0.0
v 10.741496762551833 -13.31157726701349 0.0
v 14.823425918933935 -14.665465798228979 0.0
v -4.2104534095851704 -10.806321092881262 0.0
v -5.562757459003478 0.3729620762169361 0.0
v 9.368383303866722 -5.084715095348656 0.0
v 6.238855975039769 0.21817400213330984 0.0
v 6.243542063864879 4.525792546570301 0.0
v 12.339150947227608 8.61117406655103 0.0
v 10.752989792788867 10.34135811869055 0.0
v 7.17144117836142 10.522051619365811 0.0
v 11.16940745653119 -2.749340394511819 0.0
v -9.184282743663061 6.677212246693671 0.0
v -10.824428062187508 -9.666273125447333 0.0
v 14.33893002109835 -6.658382945694029 0.0
v -3.0599798050243407 -2.356189095415175 0.0
v 6.024714937142562 -2.9379449132829905 0.0
v -0.8478191248723306 -2.8962526796385646 0.0
v 2.667089556460269 -12.993946887552738 0.0
v -14.383619607251603 8.426160488277674 0.0
v 9.213177363038994 -1.8468413669615984 0.0
v 11.968105168198235 -1.8068205192685127 0.0
v 8.908394849684555 3.5456567369401455 0.0
v -9.003348430152982 -6.798614758998156 0.0
v 2.571202656661626 13.542855835519731 0.0
v -13.927542343910318 1.380367019213736 0.0
v 0.16944141866406426 -12.848180251196027 0.0
v 11.624618657748215 -10.011836840771139 0.0
v 8.930167783924844 -6.2081086011603475 0.0
v 10.74457230081316 -2.180174713023007 0.0
v -0.5370956118567847 13.320373233407736 0.0
v -10.720502579642925 14.57030913233757 0.0
v 0.5078904920374043 2.183104133233428 0.0
v -13.937545860477258 10.885283556766808 0.0
v -14.563002406386659 2.969196930527687 0.0
v -2.9313875436782837 -7.92849510256201 0.0
v -5.193443539086729 -7.388123159296811 0.0
v 14.500267368159257 -12.50212955288589 0.0
v 10.093445857753977 1.8510163752362132 0.0
v -14.015251872653607 -0.524607322178781 0.0
v -8.02052830311004 0.44598258193582296 0.0
v 9.023527317040134 -10.289676545187831 0.0
v 11.129641582316253 7.477520917542279 0.0
v 0.5328901988104917 9.654584167525172 0.0
v 10.116702115396038 -9.756874695420265 0.0
v 3.4898856513900682 -13.871598497964442 0.0
v 5.925287577032577 14.650504198856652 0.0
v -11.769378412165679 -1.0571239879354835 0.0
v -12.114378036290873 -14.87686794064939 0.0
v 3.9088870704872534 5.58848646376282 0.0
v -1.4746905585052446 2.96044403873384 0.0
v -1.8521000079344958 1.0363741433247924 0.0
v -9.487718423304614 1.5185876647010446 0.0
v -3.8452596744173206 -8.544506170786917 0.0
v 10.592782533669379 4.013353316113353 0.0
v 7.966144546982832 -10.604635544121265 0.0
v -7.373109394451603 -8.08140517026186 0.0
v 7.989035445614718 -1.2768763676285744 0.0
v 1.0563571890816092 -11.066385139711201 0.0
v 12.969145344861317 -9.767198271118104 0.0
v -2.7958838310441934 -0.16276754904538393 0.0
v 12.09555340843508 1.6269671935588121 0.0
v 3.8325530567672104 0.44964746199548244 0.0
v -2.577120346133597 5.366930869407952 0.0
v 4.671835653716698 -9.376186101697385 0.0
v -14.97553763835458 5.443702822551131 0.0
v 6.773151458764914 8.098945033736527 0.0
v -9.02986501774285 -9.378582935780287 0.0
v 5.12673877744237 14.360022433102131 0.0
v -9.125212563958485 -0.6897472580894828 0.0
v -2.9816255022305995 -5.871510160155594 0.0
v 13.098305358551443 4.705373912118375 0.0
v 7.742359168245457 12.442352693527937 0.0
v 0.21509752795100212 -4.331110365688801 0.0
v -7.222534953325521 -7.1503994558006525 0.0
v -13.91189228039002 -4.656917198561132 0.0
v 0.4085298223653808 1.7990392660722136 0.0
v -5.3666433446342126 -7.96695557795465 0.0
v 14.949296975624748 4.458409391343594 0.0
v 13.513594238669612 -7.680992408655584 0.0
v 0.3453075916040689 14.572007690556347 0.0
v 5.13071131700417 3.3530996879562736 0.0
v 7.39490089204628 6.790281384252012 0.0
v 14.726489736523945 3.22966390196234 0.0
v 11.464487723773345 14.670740169472992 0.0
v -2.403632367204409 -3.7762563107535243 0.0
v 0.4004841379355639 -11.492218210361898 0.0
v -6.420792506134603 13.578512026928365 0.0
v 5.26824119198136 -6.535908477380872 0.0
v -11.096037987270392 -12.004225767217577 0.0
v -8.675343215174507 -8.065831768326461 0.0
v -1.7348302261671051 5.680275741964579 0.0
v 0.8891549162217416 5.715294987894595 0.0
v -8.683016372728162 -8.80001319013536 0.0
v -9.941971841384657 3.2754320865496993 0.0
v -3.7583398309070617 -5.0128639144822955 0.0
v 0.5848922689910978 -14.938763654790819 0.0
v -0.5890581769053824 -5.019130160100758 0.0
v 5.1882214894285426 0.32949764374643564 0.0
v -12.919786538288463 4.12398324906826 0.0
v 6.69601280183997 5.777932274155319 0.0
v 13.186052363889758 13.17397222109139 0.0
v 13.543175768922083 1.1697753677144647 0.0
v -7.604994777182583 11.157802767120302 0.0
v 12.728359283995815 -9.336318666115403 0.0
v 12.74474733840907 -11.107450379058719 0.0
v -3.699617835576646 0.8020558468997478 0.0
v -10.378566723316908 9.016955661587417 0.0
v 1.3309347845497541 14.206600978970528 0.0
v -3.6855564111610875 13.154751186259091 0.0
v -2.6390967409824952 -14.818598726764321 0.0
v -1.5357443877728656 -11.987370618619025 0.0
v 1.27683408401208 -4.153445465490222 0.0
v 10.53874573437497 11.694783161394298 0.0
v 4.354989205021411 1.5701387720182538 0.0
v 0.19100471935234964 1.7153536612167954 0.0
v -13.996760492504109 -8.758570746518672 0.0
v -3.518922883667983 -13.048702970147133 0.0
v -14.81519221648341 2.673540818504989 0.0
v -3.7291426362353377 -7.589786060154438 0.0
v -4.514856094261631 -0.09616224654018879 0.0
v 2.6250095715513453 -10.540221581235528 0.0
v -2.5052426866604947 1.6129581993445754 0.0
v 9.078438345051836 4.591028071008623 0.0
v -11.233669952780474 -14.488161698915064 0.0
v 11.581384893099312 -10.872270345687866 0.0
v -1.040338251623325 -4.765697577036917 0.0
v -2.1847377358353697 10.506563303992152 0.0
v 9.814172943588346 1.567482590675354 0.0
v 0.6546703882631846 14.9660325916484 0.0
v 3.117604506027419 -12.868551442399621 0.0
v -13.435956890461966 10.151462824083865 0.0
v 8.135097212798428 -12.83638768363744 0.0
v 4.998021700652316 6.270116936415434 0.0
v -8.478590894956142 -5.297512345016003 0.0
v -2.5644326733308844 -9.416911630891263 0.0
v 9.858165490964893 -6.023847178556025 0.0
v -12.652451206406113 13.824210855178535 0.0
v 4.51078218955081 -11.257781920954585 0.0
v -11.49049083556747 -14.652630609460175 0.0
v 7.233522923546843 12.53243222925812 0.0
v -0.9490407621487975 -14.73110825382173 0.0
v 0.30308465607231483 -7.257527723908424 0.0
v -1.3765968960360624 0.7916798321530223 0.0
v 3.2541451205615886 11.292171444743872 0.0
v -1.2288878844701685 2.0384414214640856 0.0
v 0.1626136532286182 6.908861830830574 0.0
v -6.113189704832621 -13.41752947960049 0.0
v -12.430536475847475 5.160166909918189 0.0
v 1.2352269414113835 6.646715125069022 0.0
v 0.47714219213230535 8.6361000565812 0.0
v 0.3806696074316278 7.452885985374451 0.0
v -0.691836420504842 -0.6831013252958655 0.0
v 4.6700968684162945 5.735193353146315 0.0
v 4.459659752843436 -10.282571266405284 0.0
v -1.0145885666133836 13.498025216162205 0.0
v -6.103358791908249 4.265587233006954 0.0
v -13.658751637092791 -5.52577780559659 0.0
v -14.781252007524017 -14.922848114743829 0.0
v 4.732473753625527 4.042211978696287 0.0
v 3.2666670319158584 -11.933165305294096 0.0
v 11.968176324444357 9.561035017482936 0.0
v 0.3379701407975517 6.313164291903377 0.0
v -11.315705224871635 13.887486348859966 0.0
v 5.164905961370096 -7.776768248528242 0.0
v 7.430504442832898 12.175022487528622 0.0
v 13.305217704095412 3.2915241895243526 0.0
v 1.6162135892664082 -7.295756436884403 0.0
v 10.828890454547945 -7.312723816372454 0.0
v 11.973515206307638 5.3099901070818305 0.0
v 12.814203465473838 -7.746325324289501 0.0
v -3.373267326678615 -8.94724537525326 0.0
v 12.765351585869212 2.910090249031782 0.0
v 0.4014450790709816 13.781868577003479 0.0
v 4.83425371046178 4.944001100957394 0.0
v 8.058456861122977 12.00812016427517 0.0
v 0.5196176784229465 3.733687565661967 0.0
v 5.820163237862289 -13.682102840393782 0.0
v 14.364079160033725 -0.2407576348632574 0.0
v 11.424506617360748 8.718068276531994 0.0
v -12.137314423220232 -12.500441699288785 0.0
v 8.018562420096714 -13.284953938797116 0.0
v 3.3059168390464038 11.860647536814213 0.0
v -5.46119648538297 2.6085502225905657 0.0
v 10.294057707185857 -11.438360483385623 0.0
v -0.8545409732032567 -13.520898056216538 0.0
v 6.561035415157676 2.1882479805499315 0.0
v -9.764895157655701 -1.103009007871151 0.0
v -1.8675379157648422 -3.610595271922648 0.0
v 7.0222000546054915 -9.226216152310371 0.0
v -2.723756418679841 -12.00041694007814 0.0
v -12.07886446302291 -11.896548425778747 0.0
v 6.95378038828494 6.563406857661903 0.0
v 4.109704170026816 -1.718560779467225 0.0
v 9.777506962709595 11.681394105777144 0.0
v -5.013978186820168 -10.721077448688447 0.0
v 5.539759972481988 -12.008783693425357 0.0
v 3.6156121738022193 -10.005677593871951 0.0
v 5.142775760847144 -6.802372409962118 0.0
v 8.756356220808811 -5.244688860140741 0.0
v 1.5871622960548848 7.936193351633847 0.0
v -0.07844353100517765 -11.949804619885981 0.0
v 12.544798309740145 10.539530619978905 0.0
v -1.7473069580155425 -8.770157668739557 0.0
v -1.1573313892586157 -9.107719792984426 0.0
v -7.3429659912362695 -13.608110336586833 0.0
v -10.112262771988753 -2.261124080978334 0.0
v 1.9758305677678436 12.98569202143699 0.0
v -7.951721302408259 14.795760455541313 0.0
v 6.534649837762117 9.589945694431663 0.0
v 5.619534699595533 -3.7693663397803903 0.0
v 10.438644681649748 -14.04340748116374 0.0
v -6.373023278196342 -5.144458863884211 0.0
v -1.9329974825959653 4.914215032942593 0.0
v -1.5052816481911577 -12.795289321802557 0.0
v 3.8575477421982214 -1.2233849707990885 0.0
v -1.5679062358103693 -1.9240777883678675 0.0
v 13.862813983170781 -13.429997012019157 0.0
v -11.981947392923757 -7.832141985185444 0.0
v -7.974896895349957 -4.909485197626054 0.0
v 10.132692577433772 -11.436532822437584 0.0
v 5.511513378762174 11.959738430567086 0.0
v -11.727655571652576 8.856346066109836 0.0
v 12.225517936516553 8.642546532675624 0.0
v 1.922022835642565 -14.176408750005066 0.0
v 1.249671681143809 -9.592407973483205 0.0
v 11.000269910029601 -2.8249939251691103 0.0
v -2.6721198814339004 4.314001593738794 0.0
v -7.399687253462616 -4.023768204264343 0.0
v 14.16794817353366 13.533951381221414 0.0
v 7.017364178900607 -1.284344444051385 0.0
v 11.667592717974912 7.430107005871832 0.0
v 0.42599431524286047 -5.087327161803842 0.0
v -1.9955873342696577 -5.897072269581258 0.0
v -4.392883869993966 -5.285253803245723 0.0
v 13.189105517871212 6.087357251904905 0.0
v 3.448338898422662 -2.4203570457175374 0.0
v -7.2528425679774955 1.3645680947229266 0.0
v 5.05651827424299 9.80586352199316 0.0
v -0.5518889031955041 8.96237636078149 0.0
v 1.1125638392404653 -6.342564065940678 0.0
v 2.850640546355862 -13.235056053847075 0.0
v 3.4657877689460292 5.491326115094125 0.0
v 2.452836704440415 -8.61924865283072 0.0
v 11.29603775992291 -11.063903272151947 0.0
v 13.635731165937614 4.80793144647032 0.0
v 1.2176299729035236 -9.87795140594244 0.0
v -9.685859091521706 -9.109568889252841 0.0
v 13.18805820576381 -14.260144051164389 0.0
v 12.150500447838567 4.218310452066362 0.0
v 6.045400464267004 10.616971055977046 0.0
v 8.000008727773093 11.188773445785046 0.0
v -10.06418052711524 10.91043681371957 0.0
v 7.321131841861643 6.925347455777228 0.0
v 11.540330153598916 9.029294360429049 0.0
v 2.733322430285625 11.121412372216582 0.0
v -9.927501357335132 7.254299979656935 0.0
v 0.40655083453748375 -14.199584822170436 0.0
v -13.42317001207266 -1.0595961809158325 0.0
v 13.08758973365184 7.8884184043854475 0.0
v -13.505970809957944 1.1504874108359218 0.0
v 11.537518695753533 6.149554084986448 0.0
v 5.741611515462864 4.561739354394376 0.0
v 11.09403476153966 11.762561487033963 0.0
v -6.372161803534254 4.548329503275454 0.0
v -6.597117607598193 -2.439467154443264 0.0
v -10.268353113206103 -3.5917681315913796 0.0
v -0.9070170210907236 1.3185283411294222 0.0
v -5.774126212927513 -3.532190205529332 0.0
v 7.352841937565245 1.410913698375225 0.0
v 9.59086057409877 12.036588448099792 0.0
v 2.8233322859741747 9.926478380337358 0.0
v -3.6305074737756513 3.5012198388576508 0.0
v -4.6266962587833405 3.9126808866858482 0.0
v 1.467060924274847 9.865150108002126 0.0
v -14.909048615081701 -9.111412606202066 0.0
v -10.695599776459858 -7.099112727679312 0.0
v 11.31396545167081 -10.572202149778605 0.0
v -8.006712332717143 -7.0069208443164825 0.0
v 13.69234947586665 8.937582072801888 0.0
v -4.9013896834803745 -11.170837954618037 0.0
v 5.104838604165707 -13.238879814743996 0.0
v -11.579341262870003 -5.314333355054259 0.0
v 12.569118935090955 -13.81727163400501 0.0
v 0.6628431814606301 -10.260303045623004 0.0
v 7.573662198788952 4.373906606808305 0.0
v 6.940699404745828 -10.043642001226544 0.0
v -4.524164345639292 -14.124799594283104 0.0
v -2.8781439081649296 9.183366563171148 0.0
v -7.5906979099381715 -14.349515682086349 0.0
v 11.618238099094015 -6.725113674998283 0.0
v 6.218974717659876 0.9383437847718596 0.0
v 11.510601741902065 0.34288311656564474 0.0
v -7.266309407597873 -1.980010150000453 0.0
v -12.553627451998182 10.752688786946237 0.0
v 4.634123176685534 -12.150206388905644 0.0
v 12.137175017152913 -10.69005966000259 0.0
v -5.0742177228676155 4.829135691747069 0.0
v -5.585033896844834 14.554188351146877 0.0
v -13.074867852032185 11.206224140711129 0.0
v 8.181875428883359 -8.346165834926069 0.0
v -7.49800382804824 10.974677956663072 0.0
v 14.261018144898117 4.725433059036732 0.0
v 12.633345896902028 10.033378507010639 0.0
v 14.554819254553877 8.493719830177724 0.0
v -7.84037307521794 -3.9800689704716206 0.0
v -13.334644640388433 6.888391068205237 0.0
v -7.563537404581439 2.5294507117941976 0.0
v 14.696636425738689 3.002704907208681 0.0
v -4.632569419336505 8.828130885958672 0.0
v -13.578777292452287 -1.3787801591679454 0.0
v 7.7296839521150105 3.4138240991160274 0.0
v 11.394865004287567 -3.98299777507782 0.0
v -13.136365719372407 2.544701554812491 0.0
v 0.02554726874222979 8.719489274546504 0.0
v -13.53768154210411 -2.946463947184384 0.0
v -6.348257047007792 -14.164797036908567 0.0
v -8.490058455849066 0.7755092009902 0.0
v 5.679206185217481 -0.8107879823073745 0.0
v -3.4022044835146517 -13.343949215486646 0.0
v 5.303544540714938 -4.366108921356499 0.0
v 4.755740199354477 -6.8462957460433245 0.0
v 5.1291788993403316 -13.343908118084073 0.0
v -5.901647301041521 3.3959756065160036 0.0
v 10.83815859502647 -10.830283696763217 0.0
v 11.508904591260944 6.327530886977911 0.0
v 6.76421493961243 -13.822775606065989 0.0
v 2.6403863924206235 4.7574322037398815 0.0
v 13.913801025715657 -9.907278551720083 0.0
v 6.860737376788165 -1.8245931882411242 0.0
v -14.2539101857692 -9.552616060711443 0.0
v -4.238183133711573 1.3147484697401524 0.0
v 12.570488086843397 -9.01689523179084 0.0
v -5.9304220783524215 -6.259119611233473 0.0
v 12.947422207100317 -1.1902876188978553 0.0
v -11.894977912597824 10.229197672568262 0.0
v -7.849049429001752 -10.78773959260434 0.0
v -13.977846712514292 -1.990365531295538 0.0
v 7.1802723607979715 0.37149453070014715 0.0
v 6.48048624052899 0.61843641102314 0.0
v -11.541870937857311 -13.180903545580804 0.0
v -1.4054166027344763 -8.086569908075035 0.0
v -10.580104426830076 0.8256074143573642 0.0
v -12.786104992672335 9.36951512657106 0.0
v 5.96218203601893 3.5266359141096473 0.0
v 2.7180705842911266 4.2737045073881745 0.0
v 5.932592260243837 1.2718179039657116 0.0
v -12.2853871397092 -1.9171411944553256 0.0
v -4.243710447917692 2.1059395922347903 0.0
v 11.991622451576404 1.8726176097989082 0.0
v 5.139961390756071 -0.9833943797275424 0.0
v -13.063416110933758 -1.7030982729047537 0.0
v -4.298530172964092 -5.620299324393272 0.0
v -11.00188474310562 -13.347253136336803 0.0
v -4.526766513008624 -10.959846588782966 0.0
v -3.3283261279575527 2.352720416150987 0.0
f 1483 716 665
f 1432 553 819
f 1562 874 1586
f 66 1454 1803
f 1299 1185 309
f 1185 1299 330
f 130 788 1627
f 960 1774 963
f 1774 842 963
f 932 270 1432
f 803 800 572
f 264 803 572
f 1125 426 264
f 1476 264 572
f 1476 1125 264
f 1185 542 309
f 803 1678 800
f 1270 253 1322
f 1215 471 656
f 103 1531 472
f 1531 103 1560
f 43 130 1627
f 1424 1038 126
f 1920 1710 572
f 428 1531 1560
f 427 1424 126
f 427 1802 1424
f 791 427 126
f 427 791 1802
f 1720 1377 656
f 1418 620 134
f 960 1023 1774
f 324 842 1774
f 553 1961 819
f 481 1961 553
f 1961 481 1792
f 1674 743 704
f 1113 645 267
f 1661 288 372
f 1279 193 874
f 767 1126 430
f 260 41 1598
f 531 983 1432
f 41 1521 1252
f 1521 41 260
f 1350 1598 232
f 1350 260 1598
f 1564 1350 232
f 1521 1350 1564
f 1350 1521 260
f 1556 1783 232
f 1783 557 232
f 557 1783 1096
f 1783 1805 1096
f 366 1564 232
f 1940 557 1096
f 1805 1940 1096
f 1403 1661 372
f 1479 1225 1259
f 66 1507 1454
f 972 438 773
f 1110 66 819
f 1110 1507 66
f 1507 1110 1099
f 26 531 1647
f 1462 1755 553
f 1480 932 1432
f 159 1481 1647
f 1400 654 1659
f 159 1118 1444
f 1118 159 654
f 1371 1118 654
f 408 639 1337
f 639 408 1513
f 1664 426 1125
f 1664 1185 330
f 1476 1664 1125
f 1664 1476 572
f 542 1664 572
f 1664 542 1185
f 626 1299 309
f 626 917 1299
f 917 1030 1299
f 1299 1030 330
f 800 1300 1356
f 1236 792 1411
f 169 803 264
f 169 1678 803
f 426 169 264
f 169 426 631
f 1776 169 631
f 405 163 1275
f 842 405 963
f 786 1882 1357
f 1882 786 1270
f 786 253 1270
f 1882 1156 1093
f 1156 1882 1270
f 1156 145 1093
f 994 1211 1357
f 1211 786 1357
f 786 1211 253
f 1976 1993 994
f 1993 1976 343
f 1593 600 330
f 1030 1593 330
f 390 600 942
f 600 390 330
f 390 1664 330
f 426 390 631
f 1664 390 426
f 1584 981 1181
f 1289 865 942
f 1454 1331 1803
f 1331 1033 1803
f 290 103 472
f 103 290 1560
f 788 601 1627
f 759 1864 1950
f 915 1279 874
f 1982 1215 656
f 1982 1955 1215
f 1955 1982 499
f 1955 1996 724
f 1996 1955 499
f 1377 678 656
f 678 1982 656
f 1982 678 1960
f 27 699 1668
f 1405 27 1668
f 710 791 126
f 938 1720 656
f 471 938 656
f 1802 938 1424
f 1720 938 1802
f 938 471 1710
f 1920 938 1710
f 621 1372 1164
f 1372 621 1038
f 1140 1720 1802
f 1140 791 1135
f 791 1140 1802
f 1753 324 1774
f 324 1753 164
f 1675 437 1800
f 437 1675 1818
f 620 1675 1800
f 1675 620 1418
f 1772 72 754
f 72 620 754
f 620 255 754
f 908 255 620
f 583 996 134
f 996 1418 134
f 1898 1325 351
f 1504 1535 969
f 1711 500 370
f 1544 1435 1288
f 616 1158 578
f 1325 369 351
f 1310 369 1325
f 1883 1488 707
f 1488 1883 1578
f 1883 599 829
f 694 1296 503
f 700 406 1491
f 1949 700 1491
f 1001 1158 1687
f 1158 1001 634
f 693 561 1585
f 252 1880 406
f 406 1880 1491
f 1674 1242 743
f 1347 1700 353
f 1209 1556 232
f 1834 271 562
f 1403 1607 71
f 1607 1403 1259
f 1113 984 645
f 984 1245 645
f 1673 1844 1452
f 295 1606 1935
f 1606 295 1367
f 1520 295 261
f 814 217 67
f 1520 845 1957
f 814 514 263
f 654 249 1659
f 249 1516 1659
f 1516 249 1552
f 1516 933 1659
f 1085 1562 1586
f 85 1221 1990
f 995 85 1262
f 1276 328 1387
f 1276 1937 328
f 1280 1317 1015
f 1404 1276 1387
f 1276 1404 1441
f 328 1168 1387
f 1168 1937 671
f 1937 1168 328
f 1537 1404 1387
f 1317 1537 1015
f 1404 1537 1317
f 1907 1134 563
f 1661 883 288
f 1855 1403 372
f 509 1048 827
f 1151 193 1279
f 193 1151 289
f 289 1151 1757
f 529 767 685
f 82 983 531
f 82 1856 983
f 1799 1783 1556
f 366 1841 1564
f 557 1841 232
f 1841 366 232
f 1078 517 250
f 1007 509 827
f 1611 1078 250
f 1007 1611 1206
f 1078 1611 827
f 1611 1007 827
f 1558 1809 900
f 965 1558 900
f 1809 1558 555
f 404 1558 965
f 1110 1032 1099
f 1182 1032 438
f 1233 26 1647
f 1480 1971 932
f 1971 1060 932
f 368 307 159
f 1518 1371 654
f 1400 1518 654
f 1179 1400 1659
f 933 1179 1659
f 151 1969 505
f 913 384 1467
f 1526 384 1935
f 1255 1526 1935
f 1606 1255 1935
f 1710 1575 572
f 1575 542 572
f 885 30 792
f 792 1808 1411
f 30 1808 792
f 1639 1782 1411
f 490 1782 1639
f 885 1274 1469
f 1274 885 792
f 1274 1147 1469
f 1147 1274 173
f 1236 139 792
f 381 1236 1411
f 139 483 1186
f 483 139 1236
f 381 483 1236
f 1980 222 1186
f 169 884 1678
f 884 169 1776
f 1944 884 1776
f 885 121 1275
f 121 885 1046
f 77 1190 980
f 1190 77 1202
f 1147 77 1469
f 77 1147 1202
f 1326 893 1181
f 1732 458 1559
f 1053 1021 1882
f 1021 1053 495
f 1014 568 1322
f 172 1014 1322
f 1595 1318 1626
f 467 1318 523
f 1751 297 1633
f 1976 1751 343
f 297 1751 1976
f 888 1030 1951
f 888 1593 1030
f 1425 888 1951
f 1593 888 600
f 494 390 942
f 769 1584 1163
f 1584 769 981
f 981 769 1569
f 1748 105 1559
f 1190 544 980
f 544 1748 980
f 2000 1993 343
f 1993 2000 1083
f 176 1807 749
f 1807 176 1737
f 45 110 1283
f 110 45 187
f 68 697 749
f 697 176 749
f 697 95 176
f 108 1449 1695
f 1872 108 909
f 108 1582 909
f 209 108 1872
f 316 124 1207
f 292 1582 1040
f 1000 231 598
f 1086 628 124
f 1086 1708 475
f 628 1086 475
f 1124 628 475
f 628 1622 124
f 1075 1622 211
f 1622 628 1098
f 1903 1955 724
f 1955 1684 1215
f 1684 471 1215
f 1684 1903 285
f 1903 1684 1955
f 897 1446 285
f 471 1763 1710
f 1373 1763 471
f 1027 233 727
f 589 233 906
f 1027 1901 1546
f 1901 1027 727
f 40 1901 727
f 352 1901 40
f 424 1867 942
f 129 424 1494
f 424 129 1867
f 138 836 1289
f 138 888 1425
f 888 138 600
f 600 138 942
f 138 1289 942
f 1289 1264 914
f 836 1264 1289
f 1264 162 914
f 1191 138 1425
f 138 1191 836
f 1009 1439 1018
f 928 1710 478
f 1009 928 478
f 928 1575 1710
f 1575 928 1159
f 928 1009 1018
f 1159 928 1018
f 1362 1159 1018
f 1033 113 1803
f 290 113 1033
f 113 455 1803
f 455 113 472
f 113 290 472
f 1490 1451 1560
f 1451 1490 936
f 1331 1455 1033
f 1490 1604 936
f 1604 1490 1094
f 179 1604 1094
f 1685 1021 495
f 1210 1391 1361
f 1572 1210 367
f 1229 759 1950
f 1864 1873 1950
f 1307 1864 1268
f 1478 1307 1268
f 1864 527 1268
f 527 1864 759
f 915 1541 1279
f 1541 1151 1279
f 88 287 1562
f 1562 287 874
f 287 915 874
f 1551 677 136
f 677 454 136
f 679 739 1635
f 1701 241 970
f 241 1272 970
f 317 1722 1681
f 317 687 1978
f 687 317 1681
f 705 75 1127
f 18 75 705
f 75 18 1722
f 1722 18 1681
f 18 687 1681
f 1996 901 724
f 901 1903 724
f 1921 699 27
f 1779 1405 1668
f 1478 1779 1668
f 1779 1478 1268
f 527 1779 1268
f 710 279 791
f 791 279 1135
f 279 1398 876
f 804 1485 1164
f 1485 621 1164
f 621 1485 710
f 621 1250 1038
f 1250 621 710
f 1038 1250 126
f 1250 710 126
f 1155 1038 1424
f 1155 1372 1038
f 938 1155 1424
f 1398 1863 89
f 1863 804 1164
f 142 1359 454
f 1359 142 1282
f 1282 142 1164
f 142 1863 1164
f 1863 142 435
f 760 801 576
f 801 772 576
f 428 1445 1531
f 678 218 838
f 43 218 1135
f 218 43 838
f 1720 1376 1377
f 1376 678 1377
f 1376 218 678
f 1376 1140 1135
f 218 1376 1135
f 1725 437 1818
f 437 708 1800
f 708 437 1023
f 1309 1418 177
f 1675 1309 1818
f 1309 1675 1418
f 620 1349 134
f 72 1349 620
f 1349 583 134
f 409 795 539
f 795 409 583
f 795 72 1772
f 1349 795 583
f 795 1349 72
f 362 620 1800
f 362 908 620
f 719 1827 156
f 1108 324 164
f 1669 1108 164
f 1108 1669 719
f 1895 1544 1655
f 1642 1895 1655
f 902 1711 370
f 280 447 1288
f 280 1106 1896
f 188 1544 1288
f 447 188 1288
f 1544 188 1655
f 1642 528 1364
f 528 1642 1655
f 1153 1489 203
f 1395 393 203
f 1412 719 156
f 1139 1412 359
f 526 1895 1642
f 526 1642 1364
f 614 1691 842
f 324 614 842
f 614 133 959
f 1691 614 959
f 614 1108 133
f 1108 614 324
f 409 602 583
f 1310 1624 1378
f 1624 1310 1325
f 1624 534 1378
f 534 1930 1378
f 1435 477 1288
f 477 1435 1254
f 477 280 1288
f 280 477 1106
f 500 55 370
f 55 1435 370
f 55 500 351
f 1535 55 969
f 1854 1435 1544
f 1854 1895 829
f 1895 1854 1544
f 1435 1854 370
f 902 1854 829
f 1854 902 370
f 236 1504 969
f 369 236 351
f 1001 236 634
f 236 1001 1504
f 236 55 351
f 55 236 969
f 1020 369 578
f 1158 1020 578
f 1020 1158 634
f 236 1020 634
f 1020 236 369
f 369 194 578
f 194 369 1310
f 397 170 403
f 446 170 247
f 170 446 403
f 728 951 1794
f 397 728 1794
f 1530 446 707
f 728 1845 951
f 1845 728 397
f 186 446 247
f 1887 186 247
f 186 1887 1694
f 186 1694 1129
f 446 186 1129
f 577 1515 1900
f 308 1488 1578
f 256 1883 707
f 1883 256 599
f 256 265 599
f 446 256 707
f 265 256 446
f 1535 1303 1254
f 1599 1303 1535
f 1303 1599 605
f 1303 605 195
f 1106 1303 195
f 1303 477 1254
f 477 1303 1106
f 1839 952 1145
f 571 1153 203
f 393 571 203
f 466 571 731
f 571 466 1153
f 101 796 345
f 796 1908 345
f 1908 694 503
f 1908 796 694
f 1392 1874 73
f 1461 1874 1392
f 651 252 406
f 700 651 406
f 651 700 252
f 700 1904 252
f 1001 1348 1504
f 696 1348 1687
f 1348 1001 1687
f 1232 1063 1504
f 1063 1535 1504
f 1063 1599 1535
f 1948 1366 1806
f 1366 1102 1806
f 101 1366 1847
f 1366 101 1102
f 608 1102 1284
f 1102 608 1806
f 1654 470 1284
f 470 1654 345
f 1278 1961 1792
f 532 1278 1792
f 481 617 1792
f 561 617 481
f 617 561 693
f 1932 481 553
f 1932 561 481
f 1932 1066 561
f 200 972 773
f 850 1859 504
f 1869 501 588
f 1741 1462 553
f 1741 553 1432
f 270 1741 1432
f 1888 439 1553
f 1986 1146 674
f 1414 1870 254
f 1805 1591 1332
f 1591 299 1332
f 1880 1615 1632
f 1880 761 1491
f 761 1880 1632
f 767 1747 685
f 919 1404 1317
f 191 738 271
f 1293 1209 232
f 1209 1257 1556
f 1257 1834 555
f 1834 1257 1209
f 1558 1257 555
f 1257 1558 404
f 1416 1514 562
f 1514 1834 562
f 1514 1416 555
f 1834 1514 555
f 1844 196 1452
f 196 1225 1479
f 1082 286 1416
f 286 1061 1809
f 1416 286 555
f 286 1809 555
f 1588 685 1092
f 1588 529 685
f 1483 1253 716
f 1253 775 716
f 645 988 267
f 743 1183 704
f 988 1183 1138
f 1183 645 704
f 1183 988 645
f 1245 1871 645
f 645 1871 704
f 1656 1871 987
f 1871 1245 987
f 1871 1674 704
f 1871 1656 1674
f 421 1113 267
f 984 339 997
f 339 984 1113
f 987 48 1957
f 1245 48 987
f 271 1945 562
f 738 1945 271
f 196 910 1452
f 304 1416 562
f 304 1082 1416
f 304 910 1082
f 896 1673 1452
f 220 639 1513
f 1673 220 1513
f 896 220 1673
f 339 1650 997
f 1781 1673 1513
f 1606 1781 1513
f 1781 1606 1367
f 295 296 261
f 296 295 1935
f 244 1520 1957
f 48 244 1957
f 244 984 997
f 984 244 1245
f 244 48 1245
f 199 1520 261
f 514 199 261
f 199 845 1520
f 199 514 845
f 537 249 716
f 249 537 1552
f 775 537 716
f 1328 537 775
f 373 296 913
f 823 85 1990
f 85 823 1539
f 823 1333 1539
f 85 7 1221
f 995 7 85
f 1221 778 1990
f 778 789 1990
f 94 778 1221
f 94 1819 563
f 1819 1907 563
f 12 94 1221
f 7 12 1221
f 1819 12 1804
f 12 1819 94
f 1694 1798 1129
f 1134 1798 563
f 1798 94 563
f 747 637 1134
f 340 1276 1441
f 743 340 1441
f 1242 340 743
f 385 1937 1092
f 685 385 1092
f 1747 385 685
f 1168 968 1387
f 968 1168 1683
f 968 1537 1387
f 1168 1258 1683
f 1258 1168 671
f 1636 1956 464
f 837 1636 464
f 1930 1244 1378
f 194 1244 1768
f 1244 1310 1378
f 1244 194 1310
f 1956 273 464
f 1465 985 1262
f 31 1003 257
f 831 419 71
f 23 545 1436
f 784 1645 21
f 1645 784 1344
f 1855 1423 1403
f 288 1080 372
f 1571 1080 288
f 546 289 1757
f 1126 294 665
f 767 294 1126
f 864 662 911
f 1646 864 603
f 1505 10 983
f 552 82 1646
f 552 1856 82
f 1598 799 353
f 799 979 353
f 41 799 1598
f 799 41 1252
f 1783 813 1402
f 1799 813 1783
f 813 1799 1842
f 783 517 1078
f 1634 1423 250
f 1634 1479 1259
f 1403 1634 1259
f 1423 1634 1403
f 1389 1007 1206
f 1007 1389 509
f 1611 1965 1206
f 1965 1080 1206
f 1080 1965 1855
f 1965 1423 1855
f 1965 1611 250
f 1423 1965 250
f 1809 320 900
f 1709 1799 1556
f 1799 1709 1842
f 1709 201 1842
f 201 930 900
f 1709 930 201
f 930 404 965
f 930 1709 404
f 201 644 1842
f 1888 644 439
f 1176 201 900
f 644 1176 439
f 1176 644 201
f 1032 322 1099
f 322 1032 1182
f 1233 1227 1862
f 1227 1233 1647
f 3 1481 159
f 307 3 159
f 1420 159 1444
f 368 1420 1444
f 1420 368 159
f 1518 591 1371
f 591 1518 1400
f 498 384 1526
f 510 1179 1467
f 384 510 1467
f 498 510 384
f 1689 408 1337
f 1689 505 408
f 1689 151 505
f 1269 151 1495
f 151 1269 1969
f 1813 1606 1513
f 1813 1255 1606
f 1255 15 1526
f 626 1226 917
f 541 885 1275
f 541 30 885
f 1187 1639 1411
f 1808 1187 1411
f 1187 490 1639
f 1782 1313 1315
f 1313 1782 490
f 1300 1313 1356
f 1313 1300 1315
f 1313 163 1356
f 1313 490 163
f 1274 1374 173
f 1374 1274 792
f 139 1374 792
f 1084 381 1411
f 1036 1084 1315
f 483 1084 1188
f 1084 483 381
f 1782 1084 1411
f 1084 1782 1315
f 1300 868 1315
f 868 1036 1315
f 868 1300 800
f 1678 377 800
f 377 1084 1036
f 377 868 800
f 868 377 1036
f 483 879 1186
f 879 483 1188
f 1944 879 1188
f 1390 1772 754
f 1141 1390 754
f 1390 1141 1326
f 1754 1577 396
f 1596 255 862
f 255 1596 754
f 1596 1141 754
f 1577 961 396
f 948 405 1275
f 976 1584 1181
f 893 976 1181
f 976 893 1559
f 230 893 1326
f 1141 230 1326
f 284 893 396
f 961 284 396
f 893 284 1559
f 284 1732 1559
f 284 64 1732
f 885 1208 1046
f 1208 885 1469
f 77 1208 1469
f 1208 77 980
f 64 989 1732
f 1580 1882 1093
f 1580 1053 1882
f 568 1952 1322
f 145 1952 1442
f 1952 568 1442
f 253 1631 1322
f 1631 172 1322
f 1458 1631 253
f 1622 1942 124
f 1942 1622 1075
f 1942 1075 692
f 1589 467 849
f 1345 1318 1595
f 160 1595 828
f 160 1345 1595
f 1345 160 1089
f 1487 1457 197
f 1705 1457 1143
f 1457 1705 197
f 225 1751 1633
f 225 623 1751
f 390 1988 631
f 494 1988 390
f 440 40 727
f 440 323 1101
f 161 440 727
f 440 161 323
f 233 161 727
f 161 233 589
f 1584 1174 1163
f 105 1174 1584
f 342 1174 940
f 702 816 1695
f 702 1912 894
f 102 702 894
f 1143 1271 442
f 1104 1271 1143
f 1333 448 1539
f 448 1333 187
f 176 774 1737
f 110 774 1283
f 774 110 1737
f 593 176 1040
f 593 774 176
f 912 152 550
f 823 1972 187
f 789 1972 1990
f 1972 823 1990
f 778 1972 789
f 1972 778 1887
f 110 492 1737
f 492 110 187
f 1972 492 187
f 697 1736 95
f 1708 1736 475
f 180 108 209
f 2000 180 1083
f 108 180 1449
f 1075 1260 692
f 1260 1132 692
f 1260 1075 211
f 898 316 1207
f 209 898 1207
f 898 209 1872
f 1708 1370 909
f 1370 1872 909
f 1370 898 1872
f 898 1370 316
f 1157 292 1040
f 176 1157 1040
f 95 1157 176
f 1736 1157 95
f 1157 1736 292
f 1858 1708 909
f 1582 1858 909
f 292 1858 1582
f 1858 1736 1708
f 1736 1858 292
f 1954 1501 1098
f 1070 1954 538
f 1070 1072 1569
f 1390 1072 1772
f 1022 538 598
f 1072 1022 1338
f 1022 1070 538
f 1022 1072 1070
f 231 1933 598
f 1933 1022 598
f 1022 1933 1338
f 1072 1493 1772
f 1493 1072 1338
f 1933 1493 1338
f 155 697 68
f 1736 155 475
f 155 1736 697
f 1000 1049 231
f 316 1343 124
f 1343 1086 124
f 821 1124 475
f 821 1000 598
f 155 821 475
f 821 155 1000
f 128 348 1098
f 348 1622 1098
f 1622 348 211
f 348 1260 211
f 1260 348 1132
f 1074 1196 1265
f 161 1196 1074
f 1196 161 589
f 1169 897 285
f 1903 1169 285
f 901 1169 1903
f 1446 1419 285
f 895 1419 1670
f 1419 895 471
f 1419 1684 285
f 1684 1419 471
f 742 162 1173
f 1657 1027 1546
f 1901 667 1546
f 667 1289 914
f 865 1237 942
f 1237 424 942
f 424 1237 865
f 1439 1744 1018
f 1744 1439 828
f 982 1425 1951
f 1030 982 1951
f 982 1191 1425
f 982 1362 1191
f 1191 1198 836
f 1198 1264 836
f 1264 1198 162
f 772 457 1551
f 457 107 1551
f 107 457 1635
f 457 1836 1635
f 801 457 772
f 457 801 1836
f 1490 669 1094
f 669 1455 1094
f 1455 669 1033
f 669 290 1033
f 290 669 1560
f 669 1490 1560
f 1998 179 1099
f 322 1998 1099
f 1998 1182 939
f 1998 322 1182
f 1693 1331 1454
f 1784 1693 1454
f 1693 1455 1331
f 1455 1693 1094
f 1693 1784 1094
f 1608 1507 1099
f 179 1608 1099
f 1507 1608 1454
f 123 179 1094
f 1784 123 1094
f 1985 1616 1451
f 1985 1451 936
f 1604 1985 936
f 1985 1998 939
f 179 1985 1604
f 1998 1985 179
f 1151 846 1757
f 1334 1146 1787
f 1878 1228 445
f 1228 1146 445
f 310 1470 1913
f 962 1478 1978
f 1307 962 1212
f 962 1307 1478
f 1045 962 1978
f 962 1045 1629
f 687 1045 1978
f 1045 687 341
f 1565 88 125
f 1565 1271 1104
f 1548 1391 1210
f 1572 1548 1210
f 872 175 897
f 332 1345 949
f 1345 332 1318
f 1178 148 1361
f 148 1178 13
f 1832 452 1008
f 145 183 1093
f 467 183 849
f 849 183 1442
f 183 145 1442
f 130 1911 788
f 1873 1247 1511
f 1247 1470 1511
f 1470 1247 1913
f 1247 1443 1913
f 1443 1247 1629
f 266 1779 527
f 287 650 735
f 650 287 88
f 739 1011 1635
f 1011 739 972
f 751 1011 972
f 1011 107 1635
f 677 797 454
f 797 142 454
f 142 797 435
f 687 1055 341
f 1055 18 1764
f 18 1055 687
f 1246 1658 585
f 1658 1246 677
f 1246 797 677
f 699 1735 1668
f 751 423 585
f 423 1712 1892
f 1712 423 326
f 423 200 326
f 1272 1538 970
f 1538 1701 970
f 1840 1641 953
f 1478 636 1978
f 736 1169 901
f 1169 736 897
f 1177 736 609
f 1177 872 897
f 736 1177 897
f 388 1832 1008
f 1832 388 1630
f 388 586 1630
f 388 453 586
f 1115 587 1960
f 587 1982 1960
f 1982 587 499
f 587 1996 499
f 798 1115 1960
f 678 798 1960
f 798 678 838
f 586 817 601
f 453 817 586
f 876 1540 444
f 1921 863 699
f 882 863 89
f 863 1921 89
f 1921 945 89
f 945 1398 89
f 279 8 1398
f 1863 8 804
f 8 1863 1398
f 8 279 710
f 8 1485 804
f 1485 8 710
f 1927 43 1135
f 279 1927 1135
f 43 1927 130
f 1927 444 130
f 1927 876 444
f 1927 279 876
f 661 1282 1164
f 1372 661 1164
f 666 1155 938
f 1155 666 1372
f 666 938 1920
f 573 666 1920
f 801 596 1825
f 596 1616 1825
f 596 801 760
f 1451 596 1560
f 1616 596 1451
f 596 428 1560
f 596 760 428
f 1445 213 1531
f 213 1445 642
f 1531 213 472
f 213 455 472
f 213 1920 455
f 701 1445 428
f 701 760 576
f 760 701 428
f 698 1551 136
f 454 698 136
f 1359 698 454
f 1140 1175 1720
f 1175 1376 1720
f 1376 1175 1140
f 1725 711 437
f 1023 711 1774
f 437 711 1023
f 950 1725 1818
f 950 1753 1774
f 711 950 1774
f 950 711 1725
f 382 1309 177
f 382 1621 1204
f 214 382 1204
f 382 214 1309
f 1309 214 1818
f 214 950 1818
f 950 214 1753
f 362 434 908
f 255 434 862
f 908 434 255
f 434 905 862
f 905 434 362
f 708 905 1800
f 905 362 1800
f 905 1596 862
f 905 1023 960
f 905 708 1023
f 1596 905 1577
f 1499 1919 530
f 725 1827 321
f 1621 1852 1204
f 992 1852 1621
f 1669 924 719
f 1827 924 321
f 924 1827 719
f 1852 924 1669
f 924 992 321
f 924 1852 992
f 1502 1401 852
f 902 858 1711
f 858 1502 852
f 599 858 829
f 858 902 829
f 229 280 1896
f 528 229 489
f 528 1810 1364
f 1810 528 489
f 560 44 1114
f 560 526 1364
f 526 560 1114
f 1810 560 1364
f 560 1810 44
f 489 274 203
f 274 1395 203
f 844 1839 1145
f 1839 844 1106
f 1106 844 1896
f 844 274 1896
f 274 844 1395
f 1915 303 393
f 1915 844 1145
f 952 1915 1145
f 303 1915 952
f 1051 787 731
f 787 466 731
f 787 1051 207
f 466 787 842
f 842 1116 1392
f 787 1116 842
f 1108 104 133
f 486 1412 1139
f 486 104 1108
f 104 486 1139
f 486 1108 719
f 1412 486 719
f 1866 526 1114
f 889 974 359
f 1412 889 359
f 889 1412 156
f 1866 889 156
f 974 84 359
f 84 1139 359
f 84 104 1139
f 1845 42 951
f 178 602 409
f 1898 1727 1325
f 1727 1624 1325
f 757 1610 1898
f 757 1898 351
f 500 757 351
f 757 500 1711
f 1435 1583 1254
f 55 1583 1435
f 1583 1535 1254
f 1583 55 1535
f 446 361 403
f 1530 361 446
f 1415 1530 707
f 1415 1488 1916
f 1488 1415 707
f 1568 1515 577
f 1488 1568 1916
f 1515 1568 1488
f 1335 308 1578
f 1883 1335 1578
f 1335 1895 156
f 308 1335 156
f 1335 1883 829
f 1895 1335 829
f 441 446 1129
f 441 265 446
f 441 1502 265
f 1502 441 1401
f 605 826 195
f 470 826 605
f 1305 470 345
f 1305 826 470
f 826 1305 195
f 1305 1106 195
f 1149 571 393
f 796 755 694
f 755 796 101
f 303 378 1170
f 1296 378 503
f 870 378 1296
f 694 1355 1296
f 1355 1746 1296
f 1004 1874 1461
f 1746 1004 1461
f 1235 1904 700
f 1904 718 904
f 904 718 696
f 718 1868 696
f 718 1235 734
f 1235 718 1904
f 565 1158 616
f 336 565 616
f 1158 565 1687
f 958 616 578
f 198 1615 1814
f 1063 2 1599
f 2 1063 1232
f 2 1232 1284
f 470 2 1284
f 1599 2 605
f 2 470 605
f 181 565 1970
f 181 1876 1687
f 565 181 1687
f 1339 904 696
f 1339 1876 904
f 1339 696 1687
f 1876 1339 1687
f 1603 1949 1491
f 1302 1603 73
f 269 70 1948
f 1366 70 1847
f 70 1366 1948
f 1899 1868 1806
f 608 1899 1806
f 1232 1899 1284
f 1899 608 1284
f 1102 935 1284
f 935 1654 1284
f 101 935 1102
f 1850 532 1576
f 532 1850 1278
f 165 532 1351
f 60 1638 773
f 438 60 773
f 1032 60 438
f 60 1032 1110
f 1638 60 1110
f 532 1160 1351
f 1160 532 1792
f 1066 612 561
f 612 646 61
f 646 612 1066
f 564 646 1755
f 646 1066 1755
f 90 1932 553
f 1932 90 1066
f 1755 90 553
f 1066 90 1755
f 389 469 326
f 87 751 972
f 200 87 972
f 87 423 751
f 423 87 200
f 947 770 202
f 28 705 291
f 1407 46 1298
f 46 325 1529
f 325 947 1529
f 947 325 770
f 1671 491 431
f 491 1671 504
f 946 501 1869
f 946 1741 270
f 24 946 270
f 1940 97 557
f 1971 1822 1060
f 1775 1886 1119
f 506 1775 1119
f 1775 1805 1332
f 1775 1940 1805
f 1775 506 1940
f 299 1663 1332
f 501 474 588
f 474 1201 588
f 474 1663 1201
f 1663 474 1886
f 262 594 431
f 1414 873 1870
f 1929 873 715
f 873 1929 1870
f 1888 1161 254
f 1161 1414 254
f 1161 1888 1553
f 1042 1161 966
f 54 1591 1766
f 1010 1591 1805
f 1783 1010 1805
f 1010 1783 1402
f 1591 1010 1766
f 1266 1615 1880
f 1266 1880 252
f 1615 1266 1814
f 1266 181 1970
f 181 1266 1876
f 1876 1266 904
f 1904 1266 252
f 1266 1904 904
f 1947 761 1632
f 1026 767 430
f 1026 1747 767
f 518 831 71
f 1607 518 71
f 421 518 1607
f 518 421 267
f 518 376 1375
f 376 518 267
f 1280 1128 1317
f 1128 919 1317
f 1510 1128 1280
f 919 1128 689
f 1128 1510 689
f 1506 919 689
f 1506 1375 1665
f 1404 354 1441
f 919 354 1404
f 354 1506 1665
f 1506 354 919
f 221 1347 353
f 662 221 911
f 221 663 911
f 979 221 353
f 663 221 979
f 237 1700 1347
f 738 1686 1337
f 191 1686 738
f 1686 1689 1337
f 1686 237 1347
f 237 1686 191
f 1689 1686 151
f 1686 1347 1495
f 151 1686 1495
f 1598 1503 232
f 1503 1293 232
f 1293 1503 1700
f 1931 1834 1209
f 1293 1931 1209
f 1834 1931 271
f 1931 1700 271
f 1931 1293 1700
f 1843 286 1733
f 286 1843 1061
f 1823 1483 665
f 294 1823 665
f 1057 1656 987
f 765 1057 987
f 622 1253 1483
f 622 765 67
f 1328 622 67
f 622 1328 775
f 1253 622 775
f 171 987 1957
f 845 171 1957
f 514 171 845
f 171 514 814
f 171 814 67
f 566 1945 738
f 639 566 1337
f 566 738 1337
f 220 1354 639
f 1354 220 1130
f 1354 566 639
f 566 1354 1945
f 1486 220 896
f 910 1486 1452
f 1486 896 1452
f 1650 1120 997
f 1120 244 997
f 1120 1781 1367
f 1781 1120 1650
f 941 339 1113
f 941 1650 339
f 1650 941 1844
f 421 941 1113
f 196 941 1225
f 941 196 1844
f 941 421 1607
f 1225 941 1259
f 941 1607 1259
f 1369 1781 1650
f 1369 1650 1844
f 670 384 913
f 296 670 913
f 384 670 1935
f 670 296 1935
f 244 606 1520
f 295 606 1367
f 1520 606 295
f 606 1120 1367
f 1120 606 244
f 1312 39 263
f 141 1328 67
f 39 141 67
f 141 39 1312
f 686 1312 263
f 933 686 263
f 686 1516 1552
f 686 933 1516
f 296 1308 261
f 373 1308 296
f 514 1308 263
f 1308 514 261
f 1308 933 263
f 1308 373 933
f 373 1602 933
f 1179 1602 1467
f 1602 1179 933
f 1602 913 1467
f 1602 373 913
f 37 1085 21
f 356 37 21
f 37 356 125
f 1085 37 1562
f 88 37 125
f 37 88 1562
f 903 356 1623
f 1509 1628 1539
f 1447 823 187
f 1333 1447 187
f 1447 1333 823
f 420 12 7
f 1804 420 1385
f 12 420 1804
f 4 778 94
f 1887 4 1694
f 778 4 1887
f 1290 1819 1804
f 1819 1290 1907
f 1907 1290 1652
f 137 1798 1694
f 1798 137 94
f 4 137 1694
f 137 4 94
f 637 1778 1134
f 1778 1798 1134
f 747 1223 637
f 1610 1223 1898
f 1401 1223 852
f 1223 1401 637
f 1907 1012 1134
f 1012 747 1134
f 581 385 1747
f 581 1026 315
f 1026 581 1747
f 1003 1914 837
f 1773 968 1683
f 968 1773 1537
f 1258 887 1683
f 926 74 1768
f 74 194 1768
f 398 926 1768
f 398 1667 926
f 1667 398 1166
f 1006 1773 1683
f 1667 387 926
f 190 1667 1166
f 1956 190 1166
f 1636 190 1956
f 1244 1613 1166
f 1613 1244 1930
f 1613 1956 1166
f 273 1613 1930
f 1613 273 1956
f 1500 273 1930
f 534 1500 1930
f 955 223 1436
f 502 955 1436
f 784 955 1344
f 1123 995 1262
f 985 1123 1262
f 100 31 723
f 100 1003 31
f 100 1914 1003
f 1831 1003 837
f 1831 837 464
f 1831 851 257
f 1003 1831 257
f 1831 460 851
f 419 1050 883
f 69 1403 71
f 419 69 71
f 1403 69 1661
f 1277 358 867
f 358 1277 851
f 851 1321 257
f 1277 1321 851
f 1321 1277 867
f 206 356 21
f 1645 206 21
f 206 1645 1344
f 1091 206 1344
f 356 206 1623
f 223 549 1436
f 1243 549 223
f 549 23 1436
f 545 967 1463
f 967 545 23
f 549 967 23
f 967 549 1243
f 625 1571 288
f 1620 1050 1963
f 1860 1243 223
f 1860 1838 1243
f 638 1855 372
f 1080 638 372
f 638 1080 1855
f 509 1111 1048
f 1111 1107 1048
f 1107 245 1048
f 529 1200 767
f 1200 294 767
f 1823 1200 529
f 1200 1823 294
f 251 1646 189
f 251 864 1646
f 864 251 386
f 1077 1646 603
f 1077 552 1646
f 1856 496 983
f 552 496 1856
f 1077 496 552
f 864 833 603
f 833 1505 603
f 833 864 911
f 1505 833 10
f 293 793 1862
f 793 1557 1928
f 1557 793 293
f 26 1893 531
f 1893 1928 531
f 1233 1893 26
f 1893 793 1928
f 1893 1233 1862
f 793 1893 1862
f 582 783 1078
f 582 5 1144
f 245 582 1048
f 582 245 5
f 272 582 1144
f 320 582 272
f 465 196 1479
f 1634 465 1479
f 465 1205 196
f 286 1205 1733
f 1205 286 1082
f 1812 966 1144
f 5 1812 1144
f 1812 1042 966
f 439 684 1553
f 684 1161 1553
f 1061 1484 1809
f 1484 320 1809
f 808 320 272
f 808 684 439
f 684 808 272
f 1176 808 439
f 320 808 900
f 808 1176 900
f 399 1709 1556
f 1709 399 404
f 1257 399 1556
f 399 1257 404
f 9 965 900
f 930 9 900
f 9 930 965
f 1087 1010 1402
f 1010 1087 1766
f 644 1087 1842
f 1087 813 1842
f 813 1087 1402
f 1087 383 1766
f 383 1087 644
f 1481 856 1647
f 856 1227 1647
f 1786 1462 991
f 482 1786 991
f 1786 482 1462
f 3 1682 1481
f 1682 3 293
f 1224 1750 293
f 3 1224 293
f 1224 3 307
f 368 1224 307
f 1889 251 189
f 1273 1527 1977
f 1118 922 1444
f 1724 591 1400
f 1179 1724 1400
f 591 1724 1371
f 510 1724 1179
f 891 15 1121
f 1273 891 1121
f 891 1273 1977
f 1813 1286 1255
f 1286 15 1255
f 408 1286 1513
f 1286 1813 1513
f 1121 1286 408
f 15 1286 1121
f 204 1575 1159
f 204 1226 1575
f 1226 204 917
f 1362 204 1159
f 982 204 1362
f 204 1030 917
f 204 982 1030
f 1575 512 542
f 1226 512 1575
f 512 1226 626
f 542 512 309
f 512 626 309
f 1676 1808 30
f 541 1676 30
f 1676 1187 1808
f 1187 1676 490
f 490 1676 163
f 163 1676 1275
f 1676 541 1275
f 413 377 1678
f 884 413 1678
f 413 884 1944
f 413 1944 1188
f 1084 413 1188
f 377 413 1084
f 1939 1980 1186
f 879 1939 1186
f 1939 1944 1776
f 1939 879 1944
f 1596 436 1141
f 436 230 1141
f 230 436 1754
f 1754 436 1577
f 436 1596 1577
f 964 960 963
f 961 964 963
f 1380 961 1577
f 1380 905 960
f 905 1380 1577
f 302 121 1046
f 121 302 1275
f 302 948 1275
f 1543 105 1584
f 976 1543 1584
f 105 1543 1559
f 1543 976 1559
f 893 416 396
f 230 416 893
f 416 1754 396
f 416 230 1754
f 1324 458 1732
f 1324 212 1046
f 1208 1324 1046
f 989 655 1732
f 655 1324 1732
f 1324 655 212
f 948 1853 405
f 1421 989 64
f 284 1421 64
f 1421 284 961
f 989 1421 1943
f 1943 1421 963
f 1421 961 963
f 1519 298 916
f 989 1519 916
f 1519 989 1943
f 1519 1943 963
f 298 1519 963
f 1044 1156 1270
f 1044 1270 1322
f 1952 1044 1322
f 1044 145 1156
f 1044 1952 145
f 1631 338 172
f 1458 338 1631
f 172 1801 1014
f 180 1917 1083
f 1917 180 209
f 1801 1171 1942
f 1468 1446 897
f 175 1468 897
f 1345 1019 949
f 892 1143 442
f 892 1705 1143
f 1705 892 623
f 1767 2000 343
f 1751 1767 343
f 623 1767 1751
f 892 1767 623
f 1767 892 442
f 310 1393 1100
f 1393 1443 658
f 355 1939 1776
f 355 1776 631
f 1988 355 631
f 1017 129 222
f 462 1017 222
f 129 1017 1867
f 1017 462 494
f 1867 1017 942
f 1017 494 942
f 1980 1477 222
f 1477 462 222
f 1752 352 40
f 440 1752 40
f 222 1752 1186
f 352 1752 1494
f 1752 129 1494
f 129 1752 222
f 1214 440 1101
f 691 1214 1101
f 1214 691 544
f 1214 1190 1202
f 1214 544 1190
f 990 161 1074
f 1174 1946 940
f 1946 105 1748
f 1946 1174 105
f 1068 1566 1074
f 1448 769 1163
f 769 1448 1569
f 702 357 816
f 152 357 550
f 1271 1696 442
f 1696 1767 442
f 1767 1696 1054
f 235 45 1283
f 774 235 1283
f 235 774 912
f 45 1464 187
f 1464 448 187
f 235 1464 45
f 1464 235 448
f 108 106 1582
f 106 152 1582
f 106 108 1695
f 816 106 1695
f 357 106 816
f 106 357 152
f 152 485 1582
f 1582 485 1040
f 485 593 1040
f 485 152 912
f 973 1807 1737
f 492 127 1737
f 127 973 1737
f 1327 492 1972
f 1327 1887 247
f 1327 1972 1887
f 1327 127 492
f 170 1327 247
f 973 1327 1794
f 127 1327 973
f 1327 397 1794
f 1327 170 397
f 538 1261 598
f 1954 1261 538
f 1261 1954 1098
f 628 1261 1098
f 1124 1261 628
f 1261 821 598
f 821 1261 1124
f 515 1072 1390
f 981 515 1181
f 515 981 1569
f 1072 515 1569
f 515 1326 1181
f 515 1390 1326
f 640 1933 231
f 640 1493 1933
f 1049 640 231
f 157 155 68
f 155 157 1000
f 157 147 1000
f 1884 409 539
f 147 1884 539
f 147 109 1000
f 109 1049 1000
f 109 147 539
f 1049 109 539
f 1343 1193 1086
f 1086 1193 1708
f 1193 1370 1708
f 1370 1193 316
f 1193 1343 316
f 1281 348 128
f 1265 226 906
f 1196 226 1265
f 226 589 906
f 226 1196 589
f 1905 607 1670
f 1419 1905 1670
f 1905 1419 1446
f 607 1090 1670
f 1090 895 1670
f 895 1090 471
f 1090 1373 471
f 182 849 1442
f 568 182 1442
f 1014 182 568
f 158 1311 1014
f 158 627 692
f 158 1014 627
f 158 657 1311
f 162 119 914
f 742 119 162
f 119 667 914
f 667 119 1546
f 119 742 1076
f 742 533 1076
f 533 63 1076
f 533 742 1173
f 63 533 1173
f 745 667 1901
f 745 352 1494
f 745 1901 352
f 424 745 1494
f 745 424 865
f 1595 1056 828
f 1056 1744 828
f 1067 1439 1009
f 1679 1763 1373
f 1769 123 1784
f 1769 1784 1454
f 1608 1769 1454
f 1769 1608 179
f 123 1769 179
f 449 1334 1787
f 1877 737 81
f 1306 287 735
f 287 1306 915
f 1055 1497 341
f 1146 1052 674
f 1228 1052 1146
f 962 1857 1212
f 1857 962 1629
f 1857 1247 1212
f 1247 1857 1629
f 1997 1045 341
f 1497 1997 341
f 1997 1715 1740
f 1045 1554 1629
f 1570 1487 197
f 1570 647 1487
f 1210 1938 367
f 1873 1533 1950
f 1614 1470 310
f 1470 1614 1511
f 1533 1614 1263
f 1614 1873 1511
f 1614 1533 1873
f 1618 1062 20
f 148 1062 1618
f 1062 13 20
f 1062 148 13
f 344 1962 114
f 1572 653 1021
f 653 1572 367
f 297 1765 1633
f 1393 630 1100
f 1239 1572 1021
f 1239 1548 1572
f 1548 1239 1391
f 1685 1239 1021
f 1239 1685 1059
f 1391 1239 1059
f 872 96 175
f 96 872 1008
f 1851 1832 1630
f 1851 1178 1832
f 1178 1851 13
f 586 1851 1630
f 1851 601 788
f 1851 586 601
f 452 613 1008
f 613 96 1008
f 613 332 949
f 1285 452 785
f 1285 1962 248
f 1285 248 523
f 452 1285 523
f 114 1285 785
f 1962 1285 114
f 1053 1342 495
f 1580 1342 1053
f 1342 1580 1093
f 1697 183 467
f 1697 467 523
f 248 1697 523
f 1962 1697 248
f 1911 1316 788
f 1316 1851 788
f 1851 1316 13
f 13 1316 20
f 1316 1229 20
f 1247 276 1212
f 276 1247 1873
f 276 1307 1212
f 276 1873 1864
f 1307 276 1864
f 112 527 759
f 112 266 527
f 112 17 266
f 1229 112 759
f 1779 346 1405
f 266 346 1779
f 1540 346 444
f 1565 1797 88
f 1797 650 88
f 650 1797 735
f 1797 1104 735
f 1797 1565 1104
f 540 751 585
f 540 1011 751
f 1658 540 585
f 1011 540 107
f 107 540 1551
f 540 677 1551
f 540 1658 677
f 797 56 435
f 56 1863 435
f 56 1246 882
f 1246 56 797
f 56 882 89
f 1863 56 89
f 380 801 1825
f 801 380 1836
f 1222 59 939
f 1182 1222 939
f 1222 1182 438
f 679 1222 739
f 1222 438 972
f 739 1222 972
f 1616 1433 1825
f 1985 1433 1616
f 1433 1985 939
f 59 1433 939
f 1923 1478 1668
f 1712 282 1892
f 259 1735 699
f 259 863 882
f 863 259 699
f 1246 259 882
f 282 259 1892
f 259 282 1735
f 423 1217 585
f 1217 423 1892
f 1217 1246 585
f 259 1217 1892
f 1217 259 1246
f 1641 682 1351
f 812 1272 241
f 812 469 1272
f 812 1712 326
f 469 812 326
f 535 1538 1272
f 1459 388 1008
f 872 1459 1008
f 1177 1459 872
f 1692 1177 609
f 453 1692 609
f 388 1692 453
f 1692 1459 1177
f 1459 1692 388
f 587 921 1996
f 921 587 1115
f 798 921 1115
f 709 901 1996
f 709 736 901
f 709 453 609
f 736 709 609
f 329 945 1921
f 329 1921 27
f 1405 329 27
f 1398 329 876
f 945 329 1398
f 346 329 1405
f 329 346 1540
f 661 168 573
f 168 666 573
f 168 661 1372
f 666 168 1372
f 1445 1625 642
f 701 1625 1445
f 1625 853 642
f 1625 701 576
f 772 1625 576
f 1625 772 1551
f 698 1625 1551
f 450 573 1920
f 224 214 1204
f 214 224 1753
f 1753 224 164
f 224 1669 164
f 1900 78 321
f 78 725 321
f 1515 78 1900
f 725 1789 1827
f 1827 1789 156
f 1789 308 156
f 1789 1515 1488
f 308 1789 1488
f 215 858 852
f 1223 215 852
f 215 1223 1610
f 858 832 1711
f 832 757 1711
f 757 832 1610
f 832 215 1610
f 215 832 858
f 763 858 599
f 858 763 1502
f 265 763 599
f 1502 763 265
f 1397 229 528
f 1397 528 1655
f 188 1397 1655
f 1717 1810 489
f 1717 489 203
f 1489 1717 203
f 334 1489 1153
f 334 1353 1489
f 466 334 1153
f 334 466 842
f 1489 14 611
f 1353 14 1489
f 1691 14 842
f 1820 229 1896
f 274 1820 1896
f 229 1820 489
f 1820 274 489
f 844 886 1395
f 1915 886 844
f 1395 886 393
f 886 1915 393
f 870 417 683
f 417 870 1296
f 683 360 207
f 360 787 207
f 360 1116 787
f 133 1713 959
f 104 1713 133
f 1713 84 959
f 84 1713 104
f 1002 1866 156
f 1866 1002 526
f 1895 1002 156
f 526 1002 1895
f 889 615 974
f 615 1426 974
f 615 889 1866
f 1426 615 611
f 1426 407 974
f 407 84 974
f 407 1691 959
f 84 407 959
f 1919 859 530
f 92 1919 577
f 971 157 68
f 311 971 42
f 311 1499 530
f 1791 68 749
f 1807 1791 749
f 361 822 403
f 414 1919 1499
f 1919 414 577
f 1568 758 1916
f 758 1568 577
f 414 758 577
f 758 1415 1916
f 758 414 1415
f 1908 1758 345
f 1758 1305 345
f 952 1758 503
f 1758 1908 503
f 1839 1758 952
f 571 648 731
f 1149 648 571
f 19 1149 393
f 1149 19 1170
f 303 19 393
f 19 303 1170
f 1336 101 1847
f 1336 755 101
f 70 1336 1847
f 378 1220 1170
f 1220 683 207
f 1220 870 683
f 1220 378 870
f 726 303 952
f 726 378 303
f 726 952 503
f 378 726 503
f 755 1292 694
f 1292 1355 694
f 1292 70 857
f 1336 1292 755
f 1292 1336 70
f 1874 1394 73
f 1004 1394 1874
f 1924 700 1949
f 1924 1235 700
f 1235 1924 734
f 1653 718 734
f 718 1653 1868
f 1868 1653 1806
f 565 371 1970
f 371 565 336
f 937 336 616
f 958 937 616
f 336 937 554
f 937 74 926
f 554 937 1699
f 937 926 1699
f 1152 1947 1723
f 1947 1152 761
f 1152 1723 1126
f 761 1152 1491
f 1152 1603 1491
f 1152 1126 665
f 1360 70 269
f 1868 1184 696
f 1899 1184 1868
f 1184 1348 696
f 1654 306 345
f 935 306 1654
f 306 101 345
f 306 935 101
f 1638 931 1576
f 931 1850 1576
f 1850 931 1934
f 931 1110 819
f 931 1638 1110
f 1850 843 1278
f 843 1850 1934
f 1278 843 1961
f 1961 843 819
f 843 1934 819
f 200 807 131
f 807 165 131
f 807 200 773
f 1330 617 693
f 617 1330 1792
f 1330 1160 1792
f 1330 1641 1351
f 1160 1330 1351
f 1981 200 131
f 682 1981 131
f 1925 1840 953
f 1925 364 1840
f 1925 693 1585
f 1641 1925 953
f 1925 1330 693
f 1330 1925 1641
f 1840 1999 291
f 364 1999 1840
f 1999 364 1298
f 1052 1528 674
f 18 1698 1764
f 1698 18 705
f 28 1698 705
f 258 28 291
f 28 258 1529
f 488 28 1529
f 1407 476 46
f 592 476 57
f 1579 1925 1585
f 476 1579 57
f 1579 476 1407
f 1846 850 504
f 841 594 1201
f 1663 841 1201
f 841 1663 299
f 1097 564 1755
f 1097 1755 1462
f 482 1097 1462
f 1756 1859 850
f 1756 395 1859
f 395 1756 770
f 395 79 1859
f 79 1028 1859
f 1248 79 1835
f 79 395 1835
f 79 1248 61
f 47 474 501
f 946 47 501
f 47 946 24
f 474 47 1886
f 1822 118 1060
f 932 118 270
f 1060 118 932
f 507 506 1119
f 506 575 1940
f 575 97 1940
f 574 1841 557
f 97 574 557
f 1841 574 1564
f 574 1521 1564
f 1775 429 1886
f 429 1663 1886
f 429 1775 1332
f 1663 429 1332
f 1172 262 1741
f 1172 946 1869
f 946 1172 1741
f 491 375 431
f 375 262 431
f 375 1218 991
f 1870 135 254
f 1388 806 202
f 806 1388 923
f 820 923 715
f 1849 806 923
f 820 1849 923
f 1849 820 1358
f 1591 410 299
f 54 410 1591
f 1383 54 1346
f 410 1383 299
f 1383 410 54
f 1266 1906 1814
f 1906 1266 1970
f 371 1906 1970
f 1615 1716 1632
f 1382 1716 1615
f 198 1894 1615
f 1894 1382 1615
f 1180 1258 671
f 1994 1180 590
f 1180 1994 363
f 1180 363 283
f 1723 1216 1126
f 1126 1216 430
f 1375 174 1665
f 376 174 1375
f 174 376 1138
f 1183 174 1138
f 764 376 267
f 988 764 267
f 1506 993 1375
f 993 1875 831
f 518 993 831
f 993 518 1375
f 1320 743 1441
f 354 1320 1441
f 1320 354 1665
f 1320 1183 743
f 174 1320 1665
f 1320 174 1183
f 29 221 662
f 221 29 1347
f 237 890 1700
f 890 237 191
f 1700 890 271
f 890 191 271
f 1700 740 353
f 1503 740 1700
f 740 1598 353
f 740 1503 1598
f 1666 1057 765
f 1656 1437 1674
f 1057 1437 1656
f 1666 1437 1057
f 1437 1242 1674
f 242 765 987
f 171 242 987
f 765 242 67
f 242 171 67
f 1945 1496 562
f 1354 1496 1945
f 1496 304 562
f 304 1496 1130
f 1496 1354 1130
f 780 304 1130
f 220 780 1130
f 1486 780 220
f 304 780 910
f 780 1486 910
f 1498 1844 1673
f 1498 1369 1844
f 1781 1498 1673
f 1369 1498 1781
f 217 1304 67
f 1304 39 67
f 39 1304 263
f 1304 814 263
f 1304 217 814
f 1131 537 1328
f 141 1131 1328
f 537 1131 1552
f 1131 686 1552
f 1131 141 1312
f 686 1131 1312
f 356 132 125
f 903 132 356
f 1912 132 894
f 132 903 894
f 1721 903 1623
f 278 85 1539
f 1628 278 1539
f 85 278 1262
f 508 1628 1509
f 206 508 1623
f 508 206 1091
f 508 1091 1465
f 357 1314 550
f 1314 1431 550
f 1314 702 102
f 1314 357 702
f 6 420 7
f 420 6 358
f 6 7 995
f 1123 6 995
f 6 1123 358
f 115 1778 637
f 115 441 1129
f 1798 115 1129
f 1778 115 1798
f 1401 115 637
f 441 115 1401
f 1837 1727 1898
f 1223 1837 1898
f 1837 1223 747
f 433 1907 1652
f 433 1012 1907
f 1500 433 1652
f 1706 581 315
f 1994 1706 315
f 1706 1994 590
f 581 1706 385
f 1456 925 1015
f 1914 925 837
f 1510 300 689
f 993 300 1875
f 1047 300 1510
f 1025 887 1258
f 1025 1180 283
f 1180 1025 1258
f 887 779 1683
f 779 887 1600
f 779 1006 1683
f 1522 1244 1166
f 398 1522 1166
f 1244 1522 1768
f 1522 398 1768
f 1773 301 1537
f 1006 301 1773
f 1006 1512 1456
f 1512 1006 1636
f 1512 925 1456
f 1512 1636 837
f 925 1512 837
f 660 1456 1015
f 660 1006 1456
f 1537 660 1015
f 301 660 1537
f 660 301 1006
f 766 190 1636
f 190 766 1667
f 1500 228 273
f 273 228 464
f 228 1831 464
f 1831 228 460
f 805 1290 1804
f 1563 1759 1465
f 1759 153 867
f 358 1759 867
f 1 502 1436
f 1 1321 867
f 955 1707 1344
f 1707 955 502
f 100 443 1914
f 443 925 1914
f 443 100 723
f 925 443 1015
f 443 1280 1015
f 443 1983 1280
f 1974 419 831
f 1974 1050 419
f 1875 1974 831
f 1050 1974 1875
f 635 883 1661
f 69 635 1661
f 635 419 883
f 635 69 419
f 967 794 1463
f 794 967 1963
f 967 1995 1963
f 1995 967 1243
f 1995 1620 1963
f 1838 1995 1243
f 1620 1995 1838
f 625 1112 1571
f 1080 1112 1206
f 1112 1080 1571
f 62 1620 1838
f 62 625 288
f 883 62 288
f 1050 62 883
f 1620 62 1050
f 975 1860 223
f 835 1085 1586
f 1085 835 21
f 835 784 21
f 866 546 1757
f 846 866 1757
f 1111 866 1107
f 245 1590 5
f 251 1829 386
f 1269 1829 1969
f 1829 251 1969
f 520 1505 983
f 496 520 983
f 520 496 1077
f 1505 520 603
f 520 1077 603
f 663 880 911
f 880 833 911
f 880 663 979
f 1826 1480 1432
f 1826 1971 1480
f 1557 1165 1928
f 1165 82 531
f 1928 1165 531
f 82 1165 1646
f 1165 1557 1646
f 1646 422 189
f 1557 422 1646
f 422 643 189
f 632 1078 827
f 632 582 1078
f 1048 632 827
f 582 632 1048
f 910 954 1082
f 954 1205 1082
f 954 910 196
f 1205 954 196
f 167 517 1733
f 1205 167 1733
f 517 167 250
f 167 1634 250
f 167 465 1634
f 167 1205 465
f 38 1812 5
f 1590 38 5
f 38 1590 1508
f 449 38 1508
f 38 449 1787
f 1812 1058 1042
f 1161 1058 1414
f 1058 1161 1042
f 1414 1058 1787
f 1058 38 1787
f 38 1058 1812
f 1161 907 966
f 684 907 1161
f 966 907 1144
f 907 272 1144
f 907 684 272
f 1230 1888 254
f 383 1230 254
f 1230 644 1888
f 1230 383 644
f 383 1071 1766
f 1071 54 1766
f 54 1071 1346
f 1071 135 1346
f 1071 383 254
f 135 1071 254
f 493 293 1862
f 493 1682 293
f 1227 493 1862
f 856 493 1227
f 493 856 1481
f 1682 493 1481
f 1224 525 1750
f 525 1224 368
f 251 401 1969
f 1889 401 251
f 1154 643 1750
f 643 1154 189
f 1154 1889 189
f 166 1273 1121
f 166 1527 1273
f 505 166 408
f 166 1121 408
f 1162 400 1640
f 1724 400 1371
f 400 1724 1640
f 922 400 815
f 400 1118 1371
f 400 922 1118
f 1162 1249 1977
f 1249 891 1977
f 673 964 961
f 1380 673 961
f 964 673 960
f 673 1380 960
f 818 302 1046
f 302 818 948
f 818 1853 948
f 675 1208 980
f 675 1324 1208
f 1324 675 458
f 1748 675 980
f 675 1748 1559
f 458 675 1559
f 1413 989 916
f 1413 655 989
f 298 208 916
f 208 298 963
f 405 208 963
f 569 208 405
f 1014 1909 627
f 1801 1909 1014
f 1909 1801 1942
f 627 1909 692
f 1909 1942 692
f 652 1171 1801
f 652 338 1458
f 1474 1917 209
f 124 1474 1207
f 1474 209 1207
f 1993 116 994
f 652 116 1171
f 1468 93 1446
f 1019 93 1468
f 607 93 1089
f 93 1345 1089
f 93 1019 1345
f 93 1905 1446
f 1905 93 607
f 1429 180 2000
f 1767 1429 2000
f 180 1429 1449
f 1429 1767 1449
f 1443 1434 1913
f 1393 1434 1443
f 1434 310 1913
f 1434 1393 310
f 281 1988 494
f 281 355 1988
f 462 281 494
f 1477 281 462
f 210 1752 440
f 1214 210 440
f 1752 210 1186
f 210 1214 1202
f 990 869 1460
f 1460 869 1101
f 1566 869 1074
f 869 990 1074
f 161 1561 323
f 990 1561 161
f 1561 990 1460
f 323 1561 1101
f 1561 1460 1101
f 1466 691 1101
f 840 1281 128
f 348 840 1132
f 1281 840 348
f 1954 150 1501
f 150 1954 1070
f 150 16 1501
f 16 150 1448
f 150 1070 1569
f 1448 150 1569
f 52 1448 342
f 1068 52 1566
f 16 52 1068
f 52 16 1448
f 52 342 940
f 1566 52 940
f 618 1448 1163
f 1448 618 342
f 1174 618 1163
f 342 618 1174
f 702 1790 1912
f 1790 305 1912
f 305 1790 702
f 1449 1213 1695
f 1213 702 1695
f 1213 305 702
f 1696 1788 1912
f 1788 1696 1271
f 1565 1788 1271
f 1696 1069 1054
f 1213 1069 305
f 305 1069 1912
f 1069 1696 1912
f 1069 1213 1449
f 1767 1069 1449
f 1069 1767 1054
f 36 485 912
f 485 36 593
f 774 36 912
f 593 36 774
f 640 1323 1493
f 795 1323 539
f 1323 1049 539
f 1323 640 1049
f 1137 178 409
f 1884 1137 409
f 157 1287 147
f 1287 1884 147
f 1287 971 1959
f 971 1287 157
f 1137 1287 1959
f 1287 1137 1884
f 1958 160 828
f 1958 1090 607
f 160 1958 1089
f 1958 607 1089
f 657 768 1311
f 1311 768 1014
f 768 182 1014
f 1739 63 1626
f 1318 1739 1626
f 467 1739 1318
f 1589 1739 467
f 999 158 692
f 1132 999 692
f 313 999 1132
f 999 313 1265
f 999 1265 906
f 790 999 906
f 657 1542 1076
f 158 1542 657
f 1542 119 1076
f 1517 745 865
f 745 1517 667
f 1517 865 1289
f 667 1517 1289
f 162 1545 1173
f 1198 1545 162
f 374 1009 478
f 1679 374 1763
f 374 1679 53
f 1710 374 478
f 1763 374 1710
f 559 1067 53
f 559 1958 828
f 1439 559 828
f 1067 559 1439
f 559 1679 1373
f 1679 559 53
f 1090 559 1373
f 1958 559 1090
f 1492 929 445
f 1146 1492 445
f 1334 1492 1146
f 750 737 1877
f 737 750 1334
f 750 1492 1334
f 1492 750 929
f 1715 744 1740
f 744 776 1740
f 744 461 1878
f 461 744 1715
f 929 418 445
f 418 1878 445
f 1393 1109 647
f 1379 120 1541
f 1379 1541 915
f 1306 1379 915
f 1422 1228 1878
f 461 1422 1878
f 379 1052 1228
f 1528 1680 1192
f 1680 1528 1052
f 1443 548 658
f 548 1443 1629
f 1554 548 1629
f 854 1997 1740
f 1997 839 1045
f 839 1554 1045
f 1705 391 197
f 391 1570 197
f 391 1705 623
f 225 391 623
f 391 225 1633
f 629 1210 1361
f 629 1938 1210
f 148 629 1361
f 629 148 1618
f 1533 629 1618
f 1533 741 1950
f 741 1533 1618
f 741 1618 20
f 741 1229 1950
f 1229 741 20
f 1910 1938 1263
f 1910 934 1644
f 1910 1614 310
f 1614 1910 1263
f 1910 310 1100
f 934 1910 1100
f 227 344 1059
f 227 1962 344
f 1685 227 1059
f 227 1685 495
f 1342 227 495
f 227 1342 1962
f 653 752 1021
f 752 653 641
f 1649 752 641
f 752 1649 1357
f 1882 752 1357
f 1021 752 1882
f 1340 653 367
f 690 994 1357
f 1649 690 1357
f 1428 1649 641
f 1428 690 1649
f 1570 855 647
f 855 1765 647
f 1765 855 1633
f 855 391 1633
f 391 855 1570
f 1597 1393 647
f 1597 630 1393
f 365 1468 175
f 96 365 175
f 1019 365 949
f 365 1019 1468
f 365 613 949
f 613 365 96
f 613 1987 332
f 1987 613 452
f 1987 452 523
f 1318 1987 523
f 332 1987 1318
f 1697 1534 183
f 1534 1697 1962
f 1342 1534 1962
f 183 1534 1093
f 1534 1342 1093
f 1316 1438 1229
f 1438 112 1229
f 112 1438 17
f 380 240 1836
f 240 380 59
f 1836 240 1635
f 240 679 1635
f 240 59 679
f 729 1222 679
f 1222 729 59
f 380 319 59
f 319 1433 59
f 319 380 1825
f 1433 319 1825
f 1923 579 1601
f 1735 579 1668
f 579 1923 1668
f 1701 579 241
f 1601 579 1701
f 579 312 241
f 682 1475 1351
f 1475 682 131
f 1475 165 1351
f 165 1475 131
f 1329 812 241
f 312 1329 241
f 1738 282 1712
f 812 1738 1712
f 1329 1738 812
f 317 1065 1722
f 1065 317 1978
f 636 1065 1978
f 1410 1065 636
f 1538 1117 1701
f 1117 1410 1701
f 535 1117 1538
f 1117 1065 1410
f 75 1117 1127
f 1117 75 1722
f 1065 1117 1722
f 1103 1923 1601
f 1103 1601 1701
f 1923 1103 1478
f 49 1641 1840
f 49 1840 291
f 49 705 1127
f 705 49 291
f 98 921 798
f 921 98 817
f 98 43 1627
f 601 98 1627
f 817 98 601
f 43 98 838
f 98 798 838
f 1992 921 817
f 1992 817 453
f 709 1992 453
f 921 1992 1996
f 1992 709 1996
f 513 1540 876
f 329 513 876
f 513 329 1540
f 51 698 1359
f 51 1359 1282
f 661 51 1282
f 1975 1625 698
f 51 1975 698
f 146 224 1204
f 224 146 1669
f 1852 146 1204
f 146 1852 1669
f 78 521 725
f 521 1789 725
f 521 78 1515
f 1789 521 1515
f 1397 415 229
f 280 415 447
f 229 415 280
f 415 188 447
f 415 1397 188
f 1785 1489 611
f 1785 1717 1489
f 44 1785 611
f 1810 1785 44
f 1717 1785 1810
f 703 334 842
f 334 703 1353
f 14 703 842
f 703 14 1353
f 584 1426 611
f 14 584 611
f 584 407 1426
f 584 14 1691
f 407 584 1691
f 746 417 1296
f 417 746 1116
f 1116 746 1392
f 1746 746 1296
f 746 1461 1392
f 746 1746 1461
f 595 417 1116
f 417 595 683
f 595 360 683
f 140 1866 1114
f 140 615 1866
f 44 140 1114
f 140 44 611
f 615 140 611
f 178 1688 602
f 1688 859 602
f 859 1688 530
f 1688 1137 530
f 1137 1688 178
f 1291 859 1919
f 92 1291 1919
f 1291 92 781
f 859 1291 602
f 602 1291 583
f 1291 996 583
f 1291 781 996
f 877 577 1900
f 877 92 577
f 877 1900 321
f 992 877 321
f 117 382 177
f 382 117 1621
f 781 117 996
f 1418 117 177
f 996 117 1418
f 1105 42 1845
f 1105 311 42
f 311 1105 1499
f 487 971 68
f 1791 487 68
f 695 1791 1807
f 695 973 1794
f 973 695 1807
f 951 695 1794
f 42 695 951
f 1415 810 1530
f 414 810 1415
f 848 810 414
f 848 414 1499
f 239 1758 1839
f 1758 239 1305
f 239 1839 1106
f 1305 239 1106
f 318 1149 1170
f 318 648 1149
f 318 1220 207
f 1220 318 1170
f 1471 1302 73
f 1394 1471 73
f 1013 1292 857
f 1013 1471 1394
f 1594 1013 1394
f 1924 1035 734
f 1035 1653 734
f 1035 269 1948
f 1035 1948 1806
f 1653 1035 1806
f 777 336 554
f 777 371 336
f 198 777 554
f 777 198 1814
f 1906 777 1814
f 1029 937 958
f 937 1029 74
f 74 1029 194
f 194 1029 578
f 1029 958 578
f 70 547 857
f 1360 547 70
f 547 1360 1603
f 547 1603 1302
f 1603 1148 1949
f 1360 1148 1603
f 1148 1360 269
f 1824 1899 1232
f 1824 1184 1899
f 1824 1232 1504
f 1348 1824 1504
f 1184 1824 1348
f 1934 1352 819
f 1352 931 819
f 931 1352 1934
f 350 807 773
f 807 350 165
f 1638 350 773
f 350 1638 1576
f 532 350 1576
f 165 350 532
f 561 337 1585
f 337 1579 1585
f 1579 337 57
f 612 1964 561
f 1964 1762 561
f 1762 1964 1248
f 1964 612 61
f 1248 1964 61
f 1981 619 200
f 619 1981 389
f 200 619 326
f 619 389 326
f 834 46 1529
f 258 834 1529
f 834 258 291
f 1241 325 46
f 476 1241 46
f 395 1241 1835
f 325 1241 770
f 1241 395 770
f 1368 476 592
f 1368 1248 1835
f 1368 592 1248
f 1241 1368 1835
f 1368 1241 476
f 1136 1407 1298
f 1136 1579 1407
f 1579 1136 1925
f 364 1136 1298
f 1925 1136 364
f 1671 957 504
f 957 1846 504
f 610 1671 431
f 594 610 431
f 841 610 594
f 1846 680 1731
f 957 680 1846
f 680 610 841
f 680 957 1671
f 610 680 1671
f 1142 1097 482
f 1097 1142 205
f 1142 482 991
f 1218 1142 991
f 1218 1830 205
f 1028 1830 1859
f 1830 1028 205
f 1859 1830 504
f 1830 491 504
f 1830 375 491
f 375 1830 1218
f 79 604 1028
f 1028 604 205
f 1097 604 564
f 604 1097 205
f 1690 47 24
f 1690 507 1119
f 507 1690 24
f 1886 1690 1119
f 47 1690 1886
f 118 1073 270
f 1926 575 506
f 575 1926 97
f 507 1294 506
f 1088 1172 1869
f 1172 1088 262
f 1201 1088 588
f 1088 1869 588
f 594 1088 1201
f 262 1088 594
f 1417 375 991
f 1462 1417 991
f 1741 1417 1462
f 1929 1891 1870
f 1891 135 1870
f 1891 1929 878
f 1346 1891 878
f 135 1891 1346
f 1388 1064 923
f 923 1064 715
f 1064 1929 715
f 770 756 202
f 756 1388 202
f 1388 756 850
f 1756 756 770
f 756 1756 850
f 543 873 1414
f 543 1414 1787
f 873 543 715
f 543 820 715
f 820 543 1358
f 1358 543 1986
f 1146 543 1787
f 1986 543 1146
f 1849 1189 806
f 806 1189 202
f 1890 1947 1632
f 1716 1890 1632
f 1384 1890 1716
f 1890 1384 1947
f 1643 1894 198
f 1643 554 1699
f 1643 198 554
f 1600 1643 1699
f 1728 1216 1723
f 1216 1728 1953
f 1947 1728 1723
f 122 1026 430
f 1216 122 430
f 376 567 1138
f 764 567 376
f 567 988 1138
f 567 764 988
f 1702 1506 689
f 1702 993 1506
f 300 1702 689
f 1702 300 993
f 335 29 662
f 864 335 662
f 335 864 386
f 783 463 517
f 1525 463 783
f 517 463 1733
f 463 1843 1733
f 1966 1525 783
f 582 1966 783
f 1966 582 320
f 463 1966 1843
f 1966 463 1525
f 11 340 1242
f 1437 11 1242
f 11 1437 1666
f 340 11 1276
f 11 1937 1276
f 1937 11 1092
f 622 1979 765
f 1979 622 1483
f 1823 1979 1483
f 1979 1588 1092
f 1588 1979 529
f 1979 1823 529
f 132 1133 125
f 1133 132 1912
f 1788 1133 1912
f 1133 1565 125
f 1133 1788 1565
f 903 1760 894
f 1721 1760 903
f 1760 102 894
f 1760 1721 102
f 278 956 1262
f 956 278 1628
f 508 956 1628
f 956 1465 1262
f 956 508 1465
f 508 943 1623
f 943 508 1473
f 899 1431 1473
f 899 508 1509
f 508 899 1473
f 899 1509 1539
f 1431 1821 550
f 1821 912 550
f 1821 235 912
f 235 1821 448
f 1727 1219 1624
f 1837 1219 1727
f 1219 534 1624
f 1219 1745 534
f 1745 1219 747
f 1219 1837 747
f 433 432 1012
f 432 433 1500
f 432 1500 534
f 1745 432 534
f 432 1745 747
f 1012 432 747
f 824 1706 590
f 824 1180 671
f 1180 824 590
f 1706 824 385
f 1937 824 671
f 385 824 1937
f 1430 1047 1983
f 1983 76 1280
f 1047 76 1983
f 76 1510 1280
f 76 1047 1510
f 1743 545 1463
f 1651 1743 1463
f 545 1743 1436
f 1743 1 1436
f 1 1743 1321
f 1743 1936 1321
f 1936 1743 1651
f 1006 676 1636
f 779 676 1006
f 676 779 1600
f 387 676 926
f 676 766 1636
f 676 1600 1699
f 926 676 1699
f 676 387 1667
f 766 676 1667
f 1989 228 1500
f 228 1989 460
f 1989 805 460
f 1989 1500 1652
f 1290 1989 1652
f 805 1989 1290
f 1726 420 358
f 1726 358 851
f 460 1726 851
f 1759 192 153
f 192 1759 1563
f 192 1707 502
f 1707 192 1563
f 184 1123 985
f 184 985 1465
f 1759 184 1465
f 1123 184 358
f 184 1759 358
f 733 1707 1563
f 1091 733 1465
f 733 1563 1465
f 733 1091 1344
f 1707 733 1344
f 546 1016 289
f 866 1016 546
f 1016 866 1111
f 1574 1389 1206
f 1389 1574 509
f 748 1112 625
f 748 62 1838
f 62 748 625
f 1041 975 223
f 975 1041 1034
f 1041 835 1034
f 955 1041 223
f 1041 955 784
f 835 1041 784
f 871 866 846
f 871 1877 81
f 871 846 1877
f 1590 1885 1508
f 1885 449 1508
f 1885 871 81
f 871 1885 1590
f 737 1885 81
f 449 1885 1334
f 1885 737 1334
f 1829 1865 386
f 1865 1269 1495
f 1865 1829 1269
f 833 1031 10
f 1826 1031 833
f 1031 1826 1432
f 983 1031 1432
f 10 1031 983
f 880 1777 833
f 1777 1826 833
f 1777 880 979
f 1971 327 1252
f 1826 327 1971
f 327 799 1252
f 799 327 979
f 327 1777 979
f 1777 327 1826
f 422 1612 643
f 1750 1612 293
f 643 1612 1750
f 1612 1557 293
f 1612 422 1557
f 479 922 815
f 1409 479 815
f 1409 1704 479
f 1815 510 498
f 1249 1815 891
f 1724 1815 1640
f 1815 1724 510
f 891 1815 15
f 1815 498 1526
f 15 1815 1526
f 927 1162 1640
f 927 1249 1162
f 1815 927 1640
f 927 1815 1249
f 1234 1413 916
f 208 1234 916
f 1234 208 569
f 212 706 1046
f 706 818 1046
f 818 706 1853
f 655 1619 212
f 1413 1619 655
f 1619 706 212
f 1234 1619 1413
f 1619 569 405
f 1619 1234 569
f 1853 1619 405
f 706 1619 1853
f 1968 1801 172
f 1968 652 1801
f 338 1968 172
f 652 1968 338
f 1171 1918 1942
f 1942 1918 124
f 1918 1474 124
f 116 1828 994
f 1828 1458 253
f 1828 652 1458
f 1828 116 652
f 1828 1211 994
f 1211 1828 253
f 782 1993 1083
f 782 116 1993
f 1917 782 1083
f 281 668 355
f 668 281 1477
f 668 1477 1980
f 1939 668 1980
f 355 668 1939
f 1897 139 1186
f 210 1897 1186
f 1897 1374 139
f 1374 1897 173
f 1897 210 1202
f 1147 1897 1202
f 1897 1147 173
f 1466 753 691
f 753 1946 1748
f 1946 753 940
f 753 1466 940
f 544 753 1748
f 691 753 544
f 143 1566 940
f 1466 143 940
f 143 869 1566
f 869 143 1101
f 143 1466 1101
f 721 313 1132
f 840 721 1132
f 313 721 1265
f 721 1074 1265
f 721 1068 1074
f 721 840 1068
f 840 1547 1068
f 1547 16 1068
f 1547 840 128
f 91 1323 795
f 1323 91 1493
f 91 795 1772
f 1493 91 1772
f 516 1137 1959
f 516 311 530
f 1137 516 530
f 1482 768 657
f 182 1482 849
f 768 1482 182
f 1482 1589 849
f 1482 1739 1589
f 1482 657 1076
f 63 1482 1076
f 1739 1482 63
f 681 790 906
f 790 681 1657
f 233 681 906
f 681 233 1027
f 1657 681 1027
f 999 484 158
f 484 1542 158
f 722 1545 1056
f 722 1056 1595
f 1793 1545 1198
f 1362 1793 1191
f 1793 1198 1191
f 1793 1362 1018
f 1545 1793 1056
f 1744 1793 1018
f 1056 1793 1744
f 277 1067 1009
f 374 277 1009
f 1067 277 53
f 277 374 53
f 519 744 1878
f 744 519 776
f 418 519 1878
f 519 418 776
f 776 1637 1740
f 548 1637 658
f 1637 548 1554
f 1472 1457 1487
f 1472 1104 1143
f 1457 1472 1143
f 347 1109 1660
f 647 347 1487
f 1109 347 647
f 347 1472 1487
f 1472 347 268
f 1104 480 735
f 480 1306 735
f 480 1379 1306
f 1422 672 1228
f 672 379 1228
f 672 1422 461
f 379 672 461
f 1997 459 1715
f 459 1997 1497
f 1427 461 1715
f 1427 379 461
f 459 1427 1715
f 1427 459 379
f 1698 149 1764
f 1680 149 1192
f 1532 854 1740
f 1637 1532 1740
f 1532 1637 1554
f 1938 633 1263
f 629 633 1938
f 633 1533 1263
f 633 629 1533
f 934 1297 1644
f 630 1297 1100
f 1297 934 1100
f 1910 314 1938
f 314 1910 1644
f 1938 314 367
f 314 1340 367
f 1340 314 1644
f 333 344 114
f 219 333 114
f 333 1391 1059
f 344 333 1059
f 1391 333 1361
f 1408 114 785
f 1408 219 114
f 452 1408 785
f 1408 452 1832
f 712 1976 994
f 690 712 994
f 712 297 1976
f 712 690 297
f 468 1597 647
f 1438 80 17
f 17 80 266
f 80 1316 1911
f 80 1438 1316
f 80 1911 130
f 444 80 130
f 346 80 444
f 80 346 266
f 59 1734 679
f 1734 729 679
f 729 1734 59
f 282 1079 1735
f 312 1079 282
f 1079 579 1735
f 1079 312 579
f 331 312 282
f 331 1329 312
f 1738 331 282
f 331 1738 1329
f 1719 1410 636
f 1719 636 1478
f 1103 1719 1478
f 1410 1719 1701
f 1719 1103 1701
f 1167 49 1127
f 49 1167 535
f 1117 1167 1127
f 1167 1117 535
f 1039 49 535
f 1039 535 1272
f 1039 682 1641
f 49 1039 1641
f 469 1039 1272
f 1039 1981 682
f 389 1039 469
f 1981 1039 389
f 450 1761 573
f 1761 661 573
f 1761 51 661
f 425 1975 51
f 425 1761 450
f 1761 425 51
f 425 450 1920
f 1975 425 1920
f 1625 1609 853
f 1975 1609 1625
f 360 1729 1116
f 1729 595 1116
f 595 1729 360
f 92 412 781
f 412 117 781
f 117 412 1621
f 877 412 92
f 412 992 1621
f 412 877 992
f 1796 487 1791
f 1796 695 42
f 695 1796 1791
f 971 1796 42
f 487 1796 971
f 1037 822 361
f 1037 361 1530
f 810 1037 1530
f 848 1037 810
f 144 1105 1845
f 318 1341 648
f 1341 1051 731
f 648 1341 731
f 1051 1341 207
f 1341 318 207
f 1581 1013 857
f 1013 1581 1471
f 1471 1581 1302
f 1292 33 1355
f 33 1594 1355
f 1013 33 1292
f 1594 33 1013
f 1355 349 1746
f 1594 349 1355
f 349 1004 1746
f 349 1394 1004
f 349 1594 1394
f 802 1906 371
f 777 802 371
f 802 777 1906
f 881 1924 1949
f 1148 881 1949
f 337 456 57
f 456 1762 1248
f 1762 456 561
f 456 337 561
f 456 592 57
f 592 456 1248
f 46 1399 1298
f 834 1399 46
f 1399 1999 1298
f 1816 488 1780
f 1081 1816 1780
f 1816 1698 28
f 488 1816 28
f 1816 149 1698
f 1816 1081 1192
f 149 1816 1192
f 1703 1346 878
f 1703 1383 1346
f 1383 1703 299
f 1365 1218 205
f 1142 1365 205
f 1365 1142 1218
f 1617 79 61
f 1617 604 79
f 646 1617 61
f 1617 646 564
f 604 1617 564
f 580 507 24
f 580 1073 507
f 580 24 270
f 1073 580 270
f 1073 65 507
f 536 1967 1822
f 536 1926 1967
f 574 536 1521
f 1521 536 1252
f 536 1971 1252
f 536 1822 1971
f 216 1926 506
f 1294 216 506
f 1926 216 1967
f 375 1902 262
f 1417 1902 375
f 262 1902 1741
f 1902 1417 1741
f 392 1064 1388
f 1846 392 850
f 392 1388 850
f 1064 392 1929
f 22 947 202
f 1189 22 202
f 1848 1358 1986
f 1319 1716 1382
f 1319 1384 1716
f 1319 1382 1440
f 1384 1319 1440
f 1382 1811 1440
f 185 1811 1382
f 363 1043 283
f 1043 1025 283
f 887 1043 1600
f 1025 1043 887
f 1643 83 1894
f 1894 83 1382
f 83 185 1382
f 1811 556 1440
f 556 1384 1440
f 1384 556 1947
f 86 122 1216
f 1026 1150 315
f 122 1150 1026
f 246 335 386
f 1865 246 386
f 1843 32 1061
f 1966 32 1843
f 32 1484 1061
f 1484 32 320
f 32 1966 320
f 771 1666 765
f 1979 771 765
f 771 11 1666
f 11 771 1092
f 771 1979 1092
f 986 1721 1623
f 943 986 1623
f 986 943 1473
f 448 624 1539
f 624 899 1539
f 899 624 1431
f 1821 624 448
f 624 1821 1431
f 1047 451 300
f 300 451 1875
f 451 1050 1875
f 1050 451 1963
f 1936 1984 31
f 1984 1936 1651
f 31 1984 723
f 1984 1651 1549
f 1984 443 723
f 443 1984 1983
f 1984 1430 1983
f 1430 1984 1549
f 1991 31 257
f 1991 1936 31
f 1321 1991 257
f 1936 1991 1321
f 420 551 1385
f 1726 551 420
f 805 1251 460
f 1251 1726 460
f 1251 551 1726
f 1251 805 1804
f 1251 1804 1385
f 551 1251 1385
f 192 597 153
f 153 597 867
f 597 1 867
f 1 597 502
f 597 192 502
f 1112 1240 1206
f 1240 1574 1206
f 1536 1111 509
f 1386 871 1590
f 1386 245 1107
f 1386 1590 245
f 866 1386 1107
f 871 1386 866
f 1973 525 368
f 1973 368 1444
f 1973 1704 525
f 1704 1973 479
f 922 1973 1444
f 479 1973 922
f 525 1095 1750
f 1704 1095 525
f 717 1095 1704
f 1527 1749 1977
f 1409 1749 1704
f 717 1749 1527
f 1749 717 1704
f 1749 1162 1977
f 1749 1409 1162
f 1969 1922 505
f 401 1922 1969
f 730 400 1162
f 1409 730 1162
f 400 730 815
f 730 1409 815
f 116 649 1171
f 649 1918 1171
f 1918 649 1474
f 402 1547 128
f 1547 402 16
f 16 402 1501
f 1501 402 1098
f 402 128 1098
f 1795 516 1959
f 516 1795 311
f 971 1795 1959
f 311 1795 971
f 484 978 1542
f 978 790 1657
f 790 978 999
f 978 484 999
f 1542 978 119
f 978 1657 1546
f 119 978 1546
f 1545 1592 1173
f 722 1592 1545
f 1592 63 1173
f 63 1592 1626
f 1592 1595 1626
f 1592 722 1595
f 1730 1637 776
f 1637 1730 762
f 418 1730 776
f 1833 1730 418
f 1555 1637 762
f 1637 1555 658
f 1555 1393 658
f 1555 1109 1393
f 1109 1555 1660
f 825 1396 1197
f 846 1718 1877
f 1472 1861 1104
f 1861 480 1104
f 1861 1472 268
f 480 99 1379
f 1861 99 480
f 659 998 1660
f 998 347 1660
f 347 998 268
f 149 511 1764
f 511 149 1680
f 379 511 1052
f 511 1680 1052
f 511 1055 1764
f 511 1497 1055
f 511 459 1497
f 459 511 379
f 1532 1879 854
f 854 1879 1997
f 1879 839 1997
f 839 1879 1554
f 1879 1532 1554
f 920 1297 630
f 1597 920 630
f 920 1340 1644
f 1297 920 1644
f 920 1597 641
f 653 920 641
f 1340 920 653
f 1178 1714 1832
f 1714 1408 1832
f 1714 1178 1361
f 1408 1714 219
f 333 1714 1361
f 1714 333 219
f 1765 558 647
f 558 468 647
f 1597 664 641
f 468 664 1597
f 664 1428 641
f 558 664 468
f 1428 664 690
f 664 558 1765
f 664 1765 297
f 690 664 297
f 853 1381 642
f 1609 1381 853
f 1381 213 642
f 213 1381 1920
f 1381 1975 1920
f 1381 1609 1975
f 1203 1845 397
f 1203 397 403
f 822 1203 403
f 688 1581 857
f 1581 688 1302
f 547 688 857
f 688 547 1302
f 881 1267 1924
f 1035 1267 269
f 1267 1035 1924
f 1267 1148 269
f 1267 881 1148
f 1399 1648 1999
f 1648 1399 834
f 1999 1648 291
f 1648 834 291
f 1195 570 878
f 570 1703 878
f 1703 570 299
f 1453 1073 118
f 1453 65 1073
f 65 944 507
f 1453 944 65
f 918 536 574
f 536 918 1926
f 918 574 97
f 1926 918 97
f 524 1846 1731
f 524 392 1846
f 1929 1238 878
f 392 1238 1929
f 1238 1195 878
f 524 1238 392
f 1567 22 1780
f 22 1567 947
f 947 1567 1529
f 1567 488 1529
f 488 1567 1780
f 1524 1189 1849
f 1524 1849 1358
f 1848 1524 1358
f 22 497 1780
f 25 1848 1986
f 25 497 1848
f 1817 1994 315
f 861 1216 1953
f 861 86 1216
f 1728 861 1953
f 86 861 556
f 861 1728 1947
f 556 861 1947
f 86 1523 122
f 1523 86 556
f 1523 556 1811
f 335 1406 29
f 246 1406 335
f 29 1406 1347
f 1347 1406 1495
f 1406 1865 1495
f 1406 246 1865
f 1721 1677 102
f 986 1677 1721
f 1430 473 1047
f 473 451 1047
f 473 1430 1549
f 473 1651 1463
f 1651 473 1549
f 794 473 1463
f 473 794 1963
f 451 473 1963
f 1574 830 509
f 830 1536 509
f 1941 1095 717
f 1941 1154 1750
f 1095 1941 1750
f 1672 166 505
f 782 811 116
f 811 649 116
f 649 811 1474
f 1474 811 1917
f 811 782 1917
f 1256 1555 762
f 1256 1295 659
f 1256 659 1660
f 1555 1256 1660
f 1730 1256 762
f 1256 1730 1833
f 1256 1833 1197
f 1295 1256 1197
f 825 238 1396
f 1379 1662 120
f 99 1662 1379
f 1662 238 120
f 238 1662 1396
f 50 1295 1197
f 50 1662 99
f 1396 50 1197
f 1662 50 1396
f 1037 58 822
f 58 1203 822
f 570 732 299
f 732 841 299
f 732 680 841
f 732 570 1195
f 680 732 1731
f 714 118 1822
f 714 1453 118
f 714 944 1453
f 1967 714 1822
f 216 714 1967
f 1231 524 1731
f 1231 1238 524
f 732 1231 1731
f 1238 1231 1195
f 1231 732 1195
f 1005 1524 1848
f 497 1005 1848
f 1524 1005 1189
f 1005 22 1189
f 1005 497 22
f 809 1081 1780
f 497 809 1780
f 25 809 497
f 1081 809 1192
f 809 1528 1192
f 809 25 1528
f 394 1986 674
f 394 25 1986
f 1528 394 674
f 25 394 1528
f 243 83 1643
f 1817 243 1994
f 83 243 185
f 243 1817 185
f 243 1643 1600
f 1043 243 1600
f 1994 243 363
f 243 1043 363
f 1194 1811 185
f 1817 1194 185
f 1150 1194 315
f 1194 1817 315
f 411 1150 122
f 1523 411 122
f 411 1523 1811
f 1194 411 1811
f 411 1194 1150
f 275 1677 986
f 275 986 1473
f 748 1199 1112
f 1122 1240 1112
f 874 1450 1586
f 193 1450 874
f 1941 1770 1154
f 1154 1770 1889
f 1770 401 1889
f 1770 1922 401
f 847 1770 1941
f 238 713 120
f 713 238 1718
f 1541 713 1151
f 120 713 1541
f 713 846 1151
f 713 1718 846
f 50 522 1295
f 522 998 659
f 1295 522 659
f 522 1861 268
f 998 522 268
f 522 99 1861
f 522 50 99
f 860 1037 848
f 860 58 1037
f 58 860 1203
f 714 35 944
f 35 1294 507
f 944 35 507
f 35 216 1294
f 35 714 216
f 234 275 1473
f 1431 234 1473
f 1314 234 1431
f 275 234 1677
f 234 1314 102
f 1677 234 102
f 1199 977 1881
f 977 1199 748
f 977 748 1838
f 1860 977 1838
f 975 977 1860
f 1199 1587 1112
f 1587 1122 1112
f 1587 1199 1881
f 1122 1587 1881
f 1240 34 1574
f 1122 34 1240
f 34 830 1574
f 830 34 1536
f 34 1122 1881
f 1770 720 1922
f 847 720 1770
f 1922 720 505
f 720 1672 505
f 720 847 1672
f 1605 1941 717
f 1605 847 1941
f 847 1605 1672
f 1605 717 1527
f 166 1605 1527
f 1672 1605 166
f 875 238 825
f 875 1771 238
f 1771 875 418
f 875 1833 418
f 1833 875 1197
f 875 825 1197
f 238 1024 1718
f 1718 1024 1877
f 1203 111 1845
f 860 111 1203
f 111 144 1845
f 111 860 848
f 111 848 1499
f 1105 111 1499
f 144 111 1105
f 977 1363 1881
f 1363 975 1034
f 1363 977 975
f 835 1363 1034
f 1363 835 1586
f 1450 1363 1586
f 34 1550 1536
f 1550 34 1881
f 1771 1742 238
f 1742 1024 238
f 1742 418 929
f 1742 1771 418
f 750 1742 929
f 1742 750 1877
f 1024 1742 1877
f 1550 1573 1536
f 1573 1016 1111
f 1536 1573 1111
f 1016 154 289
f 1573 154 1016
f 154 1573 1550
f 154 193 289
f 154 1450 193
f 154 1301 1450
f 1301 154 1550
f 1301 1363 1450
f 1363 1301 1881
f 1301 1550 1881
o Cracks
v 8.26456123272524 14.350761579367198 0.1
v 8.677353181924419 15.224692030855401 0.1
v 8.000092958300218 15.13586803060017 0.1
v 8.748736482733548 14.569949002039559 0.1
v 8.25156067345175 14.840680961495485 0.1
l 2001 2002 2003 2004 2005
v 13.601773129739922 -8.417015765470511 0.1
v 14.827314728663495 -9.045684839282849 0.1
v 13.999024349885131 -9.35349788989265 0.1
v 14.688398516666611 -8.48005295141235 0.1
v 14.836676052231354 -8.767568507871228 0.1
l 2006 2007 2008 2009 2010
v 12.797539281421244 11.396079227029333 0.1
v 12.397148601451029 11.340692591488398 0.1
v 11.770454590952387 11.513848249071698 0.1
v 12.097291261623003 11.682635754755964 0.1
v 12.11031922758537 11.00395234889411 0.1
l 2011 2012 2013 2014 2015
v -7.244871052569753 14.063638549796204 0.1
v -7.063077939644605 13.96777269600607 0.1
v -6.875906045736912 14.30741532503513 0.1
v -7.055358385712097 15.831728695551133 0.1
v -5.884065803484556 15.171193305197125 0.1
l 2016 2017 2018 2019 2020
v -13.864827443675487 1.3670642224293297 0.1
v -13.35011728402886 1.4024928629016657 0.1
v -14.066042339730028 0.3700891921334284 0.1
v -12.875975733579482 0.5282891873017617 0.1
v -12.885950732616308 0.6240027348353778 0.1
l 2021 2022 2023 2024 2025
v 4.454681437671115 5.851484776311595 0.1
v 4.721575428540667 6.265897077422182 0.1
v 4.151387626616735 5.335766179842423 0.1
v 5.496140550757161 5.738807367580567 0.1
v 4.060763178777569 5.732981792820912 0.1
l 2026 2027 2028 2029 2030
v -11.43781554482012 -7.548110381455906 0.1
v -10.188242087409387 -6.45421990069719 0.1
v -10.824118143709947 -6.409300358785444 0.1
v -11.39109801480712 -6.496816238500379 0.1
v -10.624577378053122 -7.950411621245749 0.1
l 2031 2032 2033 2034 2035
v 8.858426562772717 6.235942477000909 0.1
v 8.391379166659119 7.968384414409354 0.1
v 9.82208164557311 6.277695557992766 0.1
v 8.589558459882527 7.177864873728053 0.1
v 10.025598168906479 7.533398783798112 0.1
l 2036 2037 2038 2039 2040
v 1.9203584299735046 0.02112438472100364 0.1
v 1.691754039701328 0.5384428194563888 0.1
v 1.706628175316218 0.279880135785761 0.1
v 2.935113151203133 0.409243709902013 0.1
v 2.308921337693823 0.2948261052857859 0.1
l 2041 2042 2043 2044 2045
v -9.007969085560823 4.866012742576831 0.1
v -9.75826515914376 4.226086684760986 0.1
v -9.138917082556727 4.499176760199937 0.1
v -8.782605980368611 5.334246998618029 0.1
v -9.661432994658432 4.325146202083114 0.1
l 2046 2047 2048 2049 2050
v 2.936184911713843 -0.9645610243560334 0.1
v 2.726225826959472 -0.5032636081780038 0.1
v 3.064353237413835 -0.34264030429046155 0.1
v 3.6099240609022667 -0.4038180509904923 0.1
v 2.794295558117114 -1.627814172559284 0.1
l 2051 2052 2053 2054 2055
v 10.71327041532868 6.407927324078179 0.1
v 11.314363114031416 5.69368936210842 0.1
v 11.259566375041068 6.869459063259958 0.1
v 10.88918476108234 6.970747356208294 0.1
v 12.00015109500593 5.5775841749958905 0.1
l 2056 2057 2058 2059 2060
v 0.1816979881325942 -7.19640988001075 0.1
v 1.1132123532915572 -7.174940638826409 0.1
v -0.2802904856930928 -6.2532958958561995 0.1
v 0.7292946514830596 -7.245918774098479 0.1
v 0.739657905519745 -7.691375303308017 0.1
l 2061 2062 2063 2064 2065
v 4.252166844496034 -7.539895987983448 0.1
v 4.853176298610091 -6.279653233070798 0.1
v 4.331450218146902 -6.766295058587641 0.1
v 4.8354164030947935 -5.850474207280238 0.1
v 5.027115447688102 -5.845053669893357 0.1
l 2066 2067 2068 2069 2070
v -9.260653165776777 8.71135285660359 0.1
v -9.093761240802964 8.154044795268895 0.1
v -9.077821850824574 8.635172320324227 0.1
v -9.639989714063114 7.863469295885732 0.1
v -9.505276504112137 8.624974814853088 0.1
l 2071 2072 2073 2074 2075
v 12.169519467367255 -11.030602363638378 0.1
v 11.434404911022252 -10.244065681954707 0.1
v 11.838386450566604 -10.52382073110563 0.1
v 11.19985397708356 -11.871535704430958 0.1
v 10.808430174345167 -11.790439730477797 0.1
l 2076 2077 2078 2079 2080
v 2.413124950490615 -10.064586546029746 0.1
v 1.3585982329969983 -9.435389975139426 0.1
v 1.8552171381564706 -9.216064693338911 0.1
v 2.208543300809625 -9.79624707842791 0.1
v 1.4897399836038623 -8.909933146997835 0.1
l 2081 2082 2083 2084 2085
v -4.473768330858773 -12.568046711910853 0.1
v -3.9678349476910557 -12.968365083409616 0.1
v -4.799868432541706 -12.22194022665145 0.1
v -4.342073542960474 -12.513147787696184 0.1
v -5.282536918633196 -12.23316226545124 0.1
l 2086 2087 2088 2089 2090
v 8.08512655872148 -11.727054721397588 0.1
v 9.712824258701652 -13.1334586947278 0.1
v 8.802715079751925 -11.952787575436577 0.1
v 7.761217609966576 -12.864979087925677 0.1
v 7.776426250149482 -13.016601512574846 0.1
l 2091 2092 2093 2094 2095
v -0.6945907194305745 4.905114641247625 0.1
v -1.1455614345839187 4.387650112215164 0.1
v -0.7998032286004948 4.2890037182154686 0.1
v -0.6555142160560112 5.273873887927983 0.1
v -2.099356395407728 4.211317887869624 0.1
l 2096 2097 2098 2099 2100
v 13.592082396070252 -14.183622659747527 0.1
v 14.093525382483294 -13.099103362034931 0.1
v 13.834977509557914 -13.789174022092402 0.1
v 13.573269735282691 -13.774461031187911 0.1
v 13.641301594133164 -13.979535624192552 0.1
l 2101 2102 2103 2104 2105
v 10.798833584027275 -10.637238866854652 0.1
v 12.138181552835434 -10.835570146581988 0.1
v 11.116969638031211 -9.480720692267575 0.1
v 11.487579191212296 -10.656667292719987 0.1
v 11.872538516420068 -10.256044820246434 0.1
l 2106 2107 2108 2109 2110
v 4.204585767227845 7.4260631280326965 0.1
v 6.058877744523461 7.598410358361343 0.1
v 5.182512488655401 8.038372563809196 0.1
v 5.624180776544446 7.8169518919939724 0.1
v 5.436670283832426 7.335625490071604 0.1
l 2111 2112 2113 2114 2115
v -12.646495409894683 -2.8649412218225816 0.1
v -11.694141681966611 -4.15850131346807 0.1
v -12.618530430760108 -4.299000965338108 0.1
v -12.413838451156977 -2.9811177233532993 0.1
v -11.897547087235665 -4.203892337041858 0.1
l 2116 2117 2118 2119 2120
v -4.210694835924604 3.52627702255896 0.1
v -5.913674138194807 2.985869862937645 0.1
v -4.19564735716678 4.073479055416252 0.1
v -4.287926995192862 3.0482204375233746 0.1
v -5.143664643991021 3.654446294566858 0.1
l 2121 2122 2123 2124 2125
v 7.505333850498713 -8.40237346267445 0.1
v 5.8717847119608555 -6.922151607388624 0.1
v 5.8586211267339845 -8.512181941241804 0.1
v 5.968368484047717 -8.299809260666596 0.1
v 5.9412216470619255 -6.967952701379596 0.1
l 2126 2127 2128 2129 2130
v -0.06993950868928711 -14.504463456335564 0.1
v 0.8825569485594309 -15.17012859859518 0.1
v -0.4436175997982552 -14.186306841887134 0.1
v 0.6174976768444396 -15.5675463316121 0.1
v -0.45064178864528315 -14.775019714340928 0.1
l 2131 2132 2133 2134 2135
v -5.617890949865491 6.759825195696447 0.1
v -6.259370192715991 6.169476675934048 0.1
v -5.5289822965848705 5.583635677187481 0.1
v -6.745553353491019 7.072599547634763 0.1
v -7.179253863301091 6.191720696774 0.1
l 2136 2137 2138 2139 2140
v -8.399412801236279 13.809791723740421 0.1
v -8.621484073525599 13.910986569586417 0.1
v -9.15001618946958 14.408423834354405 0.1
v -8.374006204595247 14.08115968922425 0.1
v -7.57102506533611 14.126153819662584 0.1
l 2141 2142 2143 2144 2145
v 14.09720630658358 -3.665696415990299 0.1
v 13.83888161593913 -4.39632594791571 0.1
v 14.338250732615391 -4.419051927496256 0.1
v 13.680661065329737 -5.262528554761411 0.1
v 14.185124025495034 -4.320807953029005 0.1
l 2146 2147 2148 2149 2150
v 8.958524826105467 -1.865337737805719 0.1
v 7.893324365563907 -1.3028979476024543 0.1
v 8.430750823729976 -1.7199233535203589 0.1
v 7.954492625080785 -1.6627803127935628 0.1
v 8.647785204750233 -2.7157750083778085 0.1
l 2151 2152 2153 2154 2155
v -11.122048207139487 -11.258176383699741 0.1
v -12.74539987913998 -11.3109296985465 0.1
v -12.263390864265215 -10.966619089708537 0.1
v -12.572587785378516 -12.218026315046568 0.1
v -11.614607921923085 -11.4111625000559 0.1
l 2156 2157 2158 2159 2160
v -4.921134223750619 11.397495856392556 0.1
v -6.529099235126924 12.577655833300152 0.1
v -6.457790967604318 11.10546801504572 0.1
v -6.36689837043962 12.227568269634437 0.1
v -6.04828423965658 11.197377052430626 0.1
l 2161 2162 2163 2164 2165
v -11.716584569668386 -0.07520813339846577 0.1
v -12.839974707258698 0.38066789847287996 0.1
v -12.637009746491929 0.03503065528871496 0.1
v -12.383891972487973 0.5230222704646259 0.1
v -12.107292539799085 -0.18489217623390664 0.1
l 2166 2167 2168 2169 2170
v -2.767484859088298 14.109648962546936 0.1
v -3.01310428362889 13.924301106631201 0.1
v -2.424483545146076 12.674545838375241 0.1
v -3.661980501539942 13.905461010654129 0.1
v -3.129612587721538 13.122660026741766 0.1
l 2171 2172 2173 2174 2175
v -6.883022922287408 14.151070083852316 0.1
v -7.102577615724252 15.122503325646521 0.1
v -7.873538499829316 14.11094018486903 0.1
v -7.269729117123756 15.513477149807969 0.1
v -7.065230935871298 15.29046917294411 0.1
l 2176 2177 2178 2179 2180
v 3.6174095480555546 1.825755244827097 0.1
v 3.433995734510184 1.0603686213304033 0.1
v 4.030918981484728 1.781286825706357 0.1
v 2.9623056055625927 0.7391269599107773 0.1
v 3.785311867053527 1.1518159375408725 0.1
l 2181 2182 2183 2184 2185
v 2.9462299996496073 -4.785778699938282 0.1
v 4.751607050647044 -4.432119582226498 0.1
v 3.909607643170908 -5.150404114712537 0.1
v 3.1157980876478533 -5.557025256969581 0.1
v 3.3992920098781125 -5.672899183661497 0.1
l 2186 2187 2188 2189 2190
v 12.900395119169215 12.840843612433787 0.1
v 13.235587813286347 14.049047402693045 0.1
v 14.319717119493498 13.529780221290121 0.1
v 12.642706487819437 13.883083135275044 0.1
v 13.368456722798319 14.183582966864693 0.1
l 2191 2192 2193 2194 2195
v 4.976069022043364 4.327377118333058 0.1
v 5.843446547493426 4.121529647774037 0.1
v 5.819350172547509 3.7373158073448245 0.1
v 5.814927108742052 5.215918444965791 0.1
v 5.138758423289137 4.55078685811375 0.1
l 2196 2197 2198 2199 2200
v -3.220834806572855 6.30525409001102 0.1
v -4.394502940901072 7.549272896603089 0.1
v -3.3426864303091772 6.437015996695509 0.1
v -3.065670681625601 7.481238226523529 0.1
v -3.5374912473578135 7.017464555462719 0.1
l 2201 2202 2203 2204 2205
v 1.4675592597874538 1.7843695408791171 0.1
v 0.6248195236188581 1.858448381641444 0.1
v 0.3273604817363658 1.4405524396764413 0.1
v 2.018589048692725 1.3357149773506543 0.1
v 0.7755700259065226 1.8694107104149078 0.1
l 2206 2207 2208 2209 2210
v 3.472620254129658 -1.066002201867056 0.1
v 4.854932269716313 -2.221073018555426 0.1
v 3.803644616536302 -1.9630375836258553 0.1
v 4.357596459307354 -2.263587077766111 0.1
v 3.570830281409362 -0.7941097505252073 0.1
l 2211 2212 2213 2214 2215
v 10.821499835758848 -6.27342306434633 0.1
v 10.041867270702575 -6.235358818166405 0.1
v 11.168239090144155 -7.252414165309821 0.1
v 11.24166716905065 -6.681482427229437 0.1
v 10.964268309987675 -5.544158534589504 0.1
l 2216 2217 2218 2219 2220
v 3.275375822619303 9.235613670099564 0.1
v 4.431638429985981 9.868559068079499 0.1
v 3.069185975026512 9.31901922314881 0.1
v 3.3156120094741355 9.131240967345079 0.1
v 4.2868780019255235 9.050645559292414 0.1
l 2221 2222 2223 2224 2225
v 11.117357892355457 0.640282698253299 0.1
v 12.955896271665354 1.8414032768595217 0.1
v 12.967905419502841 2.2946979360916435 0.1
v 12.209156852744377 1.2243967929757131 0.1
v 12.872591693424784 1.9881116408805442 0.1
l 2226 2227 2228 2229 2230
v -1.3354141672860014 0.9788127899041394 0.1
v -0.8971038969393854 0.34678947537260374 0.1
v -2.2659270175610593 0.6805027957530199 0.1
v -1.3545373993171768 -0.09916661780609082 0.1
v -1.381193136785361 1.1527682355764142 0.1
l 2231 2232 2233 2234 2235
v -6.004132032541467 8.184384081719081 0.1
v -5.748972739373979 9.841493666031589 0.1
v -5.631165466816265 9.017044900988903 0.1
v -4.509781809115254 9.475653429898726 0.1
v -5.176976665569694 9.661189377255702 0.1
l 2236 2237 2238 2239 2240
v -0.9422903752859895 14.181435993747941 0.1
v -2.315934955366309 14.263503334255098 0.1
v -1.0262720781012529 14.780087220187596 0.1
v -2.4241937957933803 15.515970979610445 0.1
v -2.7623442869962247 15.898410227513036 0.1
l 2241 2242 2243 2244 2245
v 10.577445770990543 -1.068095205681313 0.1
v 9.586905832360255 -0.5885932596282946 0.1
v 10.774197699797654 -0.7909268211203662 0.1
v 11.352377304145527 -0.5272279031216784 0.1
v 9.96074472546571 -1.558928830383246 0.1
l 2246 2247 2248 2249 2250
v 11.653693832263667 1.9685345356592951 0.1
v 11.52089102963583 1.5539823676688067 0.1
v 11.391761838208069 2.5411777018361765 0.1
v 10.920167589798535 1.737863114578895 0.1
v 11.453662588859386 1.994569209158944 0.1
l 2251 2252 2253 2254 2255
v 3.426715044987454 -2.8069248175643757 0.1
v 2.36911901097514 -3.613631000536114 0.1
v 3.7268587203900907 -3.4888708860711084 0.1
v 2.4422307423873333 -3.448677318369622 0.1
v 2.8942248522666354 -3.4834201360900376 0.1
l 2256 2257 2258 2259 2260
v -3.5261323008711623 6.322766246460331 0.1
v -2.6865043039324243 5.589182419412738 0.1
v -2.959454922483011 5.658709007666041 0.1
v -2.2588172612687183 6.035623722253465 0.1
v -2.269512098999333 4.55214997197626 0.1
l 2261 2262 2263 2264 2265
v 6.801370259416691 11.72337836825918 0.1
v 5.274643454635377 11.868830032307052 0.1
v 5.8646451929030325 13.314496935181223 0.1
v 5.6909165842424185 12.409809408880529 0.1
v 4.933255769495358 13.44528843842856 0.1
l 2266 2267 2268 2269 2270
v -10.341566554800854 1.4229507203844378 0.1
v -9.674935574115276 0.1130951893667489 0.1
v -10.729342109601316 0.4767587743860726 0.1
v -10.80204570610899 1.2397628901239046 0.1
v -11.127239896797654 1.7927491435621477 0.1
l 2271 2272 2273 2274 2275
v 9.351406854383631 14.996853559800389 0.1
v 8.257665127324204 15.083446502168648 0.1
v 8.183436456171162 14.570552788856455 0.1
v 8.553981438042314 14.884472963545637 0.1
v 9.5210532830742 14.111107528503474 0.1
l 2276 2277 2278 2279 2280
v 13.113771787889771 -6.186482927182276 0.1
v 12.345548439087874 -5.615106550275163 0.1
v 13.071713474393041 -6.5521975901932965 0.1
v 11.511842543890493 -5.343907342468871 0.1
v 11.633715315291116 -7.14014543961772 0.1
l 2281 2282 2283 2284 2285
v -7.538628892826099 -11.377757119144116 0.1
v -6.844871015263396 -12.17204075924748 0.1
v -7.613936701932085 -11.750580737240023 0.1
v -7.933594546635628 -10.885274764832566 0.1
v -6.933609546303826 -11.835992419712593 0.1
l 2286 2287 2288 2289 2290
v -6.000084968171761 -14.492251266434703 0.1
v -7.270055631574641 -14.4694247361195 0.1
v -7.4482730112560995 -14.573674554786024 0.1
v -7.744943173254979 -14.589633836875139 0.1
v -6.694903729787694 -13.317238725667512 0.1
l 2291 2292 2293 2294 2295
v 4.469390910684691 7.523596851837766 0.1
v 5.893190900732552 7.958444424872132 0.1
v 5.7601007283392445 8.117802331884572 0.1
v 5.743317118670745 6.978338476294464 0.1
v 6.312221931269863 7.680131373045455 0.1
l 2296 2297 2298 2299 2300
v -9.448927071277474 7.109944322010901 0.1
v -10.700926844988347 6.737198997762373 0.1
v -10.003970070075198 6.369231190479114 0.1
v -10.559450205265554 6.632120455481663 0.1
v -9.214835658197092 5.843692587960818 0.1
l 2301 2302 2303 2304 2305
v 4.193325711949015 0.6716933931500149 0.1
v 4.8414287941650676 0.2757722439002095 0.1
v 5.168736017504953 -0.46298352553379685 0.1
v 5.577184361192337 0.50901273034393 0.1
v 4.99938403278664 0.5885995295816433 0.1
l 2306 2307 2308 2309 2310
v 13.879749027372982 11.273342648402545 0.1
v 14.273215856800045 11.48555328641965 0.1
v 14.710015072364516 12.52184494620452 0.1
v 13.909402114904832 11.337852280288292 0.1
v 14.46146089316296 11.814640279056816 0.1
l 2311 2312 2313 2314 2315
v -0.7524306644055712 6.5884826735242035 0.1
v 0.5339081755546955 7.813250754069966 0.1
v -0.3350876312125377 6.917888765604899 0.1
v -0.8543279933648205 6.938723474556859 0.1
v 0.6249488835020354 7.465060165291757 0.1
l 2316 2317 2318 2319 2320
v -14.416420667565317 -10.015925342189812 0.1
v -13.729251455023118 -10.78771575525703 0.1
v -15.295780425518355 -10.498797323952319 0.1
v -14.88884732179668 -9.738860480430459 0.1
v -13.83753181416536 -9.222232574119118 0.1
l 2321 2322 2323 2324 2325
v -8.406914659592893 12.586492555186075 0.1
v -6.6711457485085335 12.295622488690922 0.1
v -7.139618885806802 12.395903639354298 0.1
v -7.786893526885668 13.217554248740106 0.1
v -7.9256519363418585 12.843140431223958 0.1
l 2326 2327 2328 2329 2330
v -6.066020412610628 14.30052024241562 0.1
v -6.138091780482205 15.044689492432703 0.1
v -6.232273652366012 13.9485057458592 0.1
v -4.796592267083426 14.602317929933978 0.1
v -5.381252965128979 15.462049801412316 0.1
l 2331 2332 2333 2334 2335
v 13.934257698061213 -4.783362406901795 0.1
v 13.294943641385725 -3.8643305707840074 0.1
v 13.297029308453784 -4.045964749675445 0.1
v 14.77756747232379 -4.41144294789778 0.1
v 14.989902390279969 -3.939194264661143 0.1
l 2336 2337 2338 2339 2340
v 12.940188765857974 -3.5929677853309756 0.1
v 12.725366790198683 -2.9693200765523153 0.1
v 12.631047221403021 -3.4407254015549595 0.1
v 12.62298343148793 -2.6434158968313146 0.1
v 11.743040709992622 -2.773749962723306 0.1
l 2341 2342 2343 2344 2345
v -10.616400868843613 8.379544254988028 0.1
v -11.009959753894172 9.484073782938244 0.1
v -11.565212899674084 8.124321990357878 0.1
v -11.028933853658751 9.258555083734521 0.1
v -11.940001317667491 8.088629508512247 0.1
l 2346 2347 2348 2349 2350
v -14.506148346135813 12.32315885832976 0.1
v -13.463618467012534 14.173171891377484 0.1
v -14.227299797808149 13.956051143539632 0.1
v -15.058864537572736 13.00828247230376 0.1
v -14.053507532984542 14.045282872962844 0.1
l 2351 2352 2353 2354 2355
v -15.327162597762927 9.636254074911694 0.1
v -15.773358915739065 9.18868617625937 0.1
v -14.880534591434955 9.537468741235235 0.1
v -14.918294083645776 7.726876425885368 0.1
v -14.72990812369681 9.505409673370762 0.1
l 2356 2357 2358 2359 2360
v -12.334765060817823 -2.712579909679417 0.1
v -12.502438349093481 -3.821629144848421 0.1
v -11.863164568962608 -2.807331004336555 0.1
v -11.455525866943653 -2.732354212305836 0.1
v -12.125370581066758 -3.60163490472609 0.1
l 2361 2362 2363 2364 2365
v 3.0268329381309877 -10.634810136657928 0.1
v 1.9819619079580764 -10.9563830879701 0.1
v 3.1988039787036806 -10.452333322348192 0.1
v 3.02833812782026 -11.108738985110445 0.1
v 1.7026479154830627 -11.435602292480176 0.1
l 2366 2367 2368 2369 2370
v 9.648732551412284 14.626978732828228 0.1
v 9.210103141014018 14.00271572323489 0.1
v 8.946776148878802 12.886942656338112 0.1
v 9.009371125137623 13.942480376370796 0.1
v 10.208449539003496 13.546729466102159 0.1
l 2371 2372 2373 2374 2375
v -13.716504386477117 -13.188006255331665 0.1
v -13.423390030811063 -12.820523366606873 0.1
v -13.620472891874345 -13.557347216849582 0.1
v -14.208241135556799 -13.362567425929038 0.1
v -15.065405413375192 -14.400458120832642 0.1
l 2376 2377 2378 2379 2380
v 2.5416134160669914 7.409838698367904 0.1
v 2.83952519802584 8.29834084248476 0.1
v 2.427794932896181 7.521793803073218 0.1
v 1.84624938678402 7.98354692208798 0.1
v 2.2173491019818554 7.8687796093427576 0.1
l 2381 2382 2383 2384 2385
v -2.5938520135563854 -10.182455828213495 0.1
v -2.6374987500697147 -11.212734100923196 0.1
v -3.162654441583365 -10.919208810209145 0.1
v -2.799971192793522 -9.285991917883646 0.1
v -3.278432226831997 -9.547144206072701 0.1
l 2386 2387 2388 2389 2390
v 1.3958192672884706 2.9590916812944656 0.1
v 0.7921130868879103 2.993738676751863 0.1
v -0.06588655649788078 3.1593301517360657 0.1
v -0.28563267659092917 4.6270134722481195 0.1
v 0.5369429186129477 3.5395079647785606 0.1
l 2391 2392 2393 2394 2395
v -10.837989246517534 4.629836011333457 0.1
v -11.887562130446078 6.234892056213022 0.1
v -11.289763828942451 4.753623497262516 0.1
v -10.596949188467214 5.2617869185070845 0.1
v -12.051830731117734 5.892586482734723 0.1
l 2396 2397 2398 2399 2400
v -8.65726770369449 0.1606301319177199 0.1
v -8.049720013492976 -0.6817820448793257 0.1
v -7.674904823229014 0.016757271616157476 0.1
v -8.773365094901763 -0.5951475124100805 0.1
v -9.40181629216357 -0.17085979859463785 0.1
l 2401 2402 2403 2404 2405
v -10.595279422490076 7.423587659377087 0.1
v -10.247564304419775 8.084951914381389 0.1
v -11.746549050864004 6.6034890208657755 0.1
v -11.294702758510425 8.259554018658575 0.1
v -10.604728303530248 6.850704124006826 0.1
l 2406 2407 2408 2409 2410
v -6.841860537443226 3.3121010520676055 0.1
v -6.970902958636623 1.47646078796733 0.1
v -8.147338375918796 3.2642540322865825 0.1
v -7.4624773013080885 2.3849399688355963 0.1
v -8.189601432037806 2.1613817170838616 0.1
l 2411 2412 2413 2414 2415
v 8.933969059395414 -3.201270343683478 0.1
v 9.874225091056928 -2.483161957808186 0.1
v 9.215569865973526 -3.9101562470847226 0.1
v 10.216515520363876 -3.544506987657928 0.1
v 10.021178722278947 -2.293981417800474 0.1
l 2416 2417 2418 2419 2420
v -10.69107792532169 -12.182239973060877 0.1
v -11.494465274025837 -10.344665976061407 0.1
v -10.378481890398634 -10.711200306208717 0.1
v -10.550616051030818 -10.558168267212316 0.1
v -11.011665185369882 -12.14221248852336 0.1
l 2421 2422 2423 2424 2425
v 2.6582778049724527 -2.792501762594773 0.1
v 1.7196054333543442 -2.8341685315249885 0.1
v 2.8783006558919375 -4.57951677955948 0.1
v 2.5489804953059596 -4.508479820565514 0.1
v 1.8141804571882312 -4.093986907257292 0.1
l 2426 2427 2428 2429 2430
v 1.0767344423039737 2.820477366205168 0.1
v 0.060481125408402336 1.4981930405348274 0.1
v 1.150170953274419 2.014696758051902 0.1
v 0.342116997995906 1.7666305830409887 0.1
v 0.6976179010704362 2.9532183089386206 0.1
l 2431 2432 2433 2434 2435
v -11.960089424929906 -10.658617383726249 0.1
v -13.29084726395539 -11.21471491354242 0.1
v -13.029784968655365 -11.307117769786798 0.1
v -11.818195696639444 -11.213770671690675 0.1
v -11.636372830964739 -10.826785874872712 0.1
l 2436 2437 2438 2439 2440
v 1.622432903036701 11.125553261730026 0.1
v 0.37582122734292356 11.14261167733909 0.1
v 0.8979490515730539 11.277451596097517 0.1
v 0.9663304661490222 11.375377608171608 0.1
v 1.6740393900109352 10.518745578523383 0.1
l 2441 2442 2443 2444 2445
v -13.998240945171316 12.418315670319656 0.1
v -14.123625454855409 11.643184429536992 0.1
v -13.66822740512456 11.194201030363468 0.1
v -14.072057799626318 10.438111073616877 0.1
v -13.463083252292734 10.532261122321696 0.1
l 2446 2447 2448 2449 2450
v 12.161895037134382 -6.095945567746805 0.1
v 12.455331873169966 -5.151011196498315 0.1
v 13.402311091065602 -6.366889892841118 0.1
v 12.201910321546247 -4.473683264902829 0.1
v 12.671107351891571 -6.172995165667794 0.1
l 2451 2452 2453 2454 2455
v 2.6813386472540417 -4.902889499052132 0.1
v 1.3911255000404577 -6.1001610645372555 0.1
v 2.4419846219408554 -6.016897303339073 0.1
v 1.8256657592926637 -4.9557385528212965 0.1
v 2.5898019775962653 -5.042856137265702 0.1
l 2456 2457 2458 2459 2460
v -3.6032254956715017 11.443183943019507 0.1
v -3.44650559384141 13.153110387680096 0.1
v -2.729873007202788 11.659321783082945 0.1
v -2.718755123971172 12.859323852117203 0.1
v -3.9425675113380283 11.21993785961156 0.1
l 2461 2462 2463 2464 2465
v -8.58004513551331 8.253929905619186 0.1
v -9.606458966711667 8.155109446579193 0.1
v -8.719069682987923 8.635926659558598 0.1
v -9.032007781572208 9.86354511214205 0.1
v -8.169772393937368 9.288160831149016 0.1
l 2466 2467 2468 2469 2470
v -0.8260974711433524 -13.918189190625698 0.1
v -1.3494603176534394 -14.453602702981717 0.1
v -1.1838153199745785 -14.906853435890477 0.1
v -0.717310687052743 -15.637349061452353 0.1
v -1.9913148892304915 -14.472716967107207 0.1
l 2471 2472 2473 2474 2475
v -12.96131544613179 -3.3605753558299987 0.1
v -13.263458274678126 -2.045333933398987 0.1
v -14.50563197775653 -2.2782913511104317 0.1
v -13.07279021575999 -3.3910290711858404 0.1
v -14.457554476806262 -2.9329785044556456 0.1
l 2476 2477 2478 2479 2480
v 11.664814042000243 7.5339381656527715 0.1
v 12.083343251305237 5.871412596206026 0.1
v 12.242241263476938 6.515198865379782 0.1
v 11.961245457954835 6.120915372764074 0.1
v 12.28474282059357 6.683016029279555 0.1
l 2481 2482 2483 2484 2485
v 2.711178141387278 14.483562183993957 0.1
v 2.8681775433301704 15.02466300603679 0.1
v 1.9159491400159696 13.49024640762466 0.1
v 1.8080868792308036 14.709094273935566 0.1
v 1.2779401321105863 13.777586350546411 0.1
l 2486 2487 2488 2489 2490
v -9.488559718660744 -10.741534943551317 0.1
v -9.062945667082477 -10.313854546959885 0.1
v -9.48760888899752 -9.511041262303218 0.1
v -10.242281061991372 -10.294832231132835 0.1
v -8.644561046630733 -10.552027899231035 0.1
l 2491 2492 2493 2494 2495
v 10.772963207788653 11.263706990800225 0.1
v 10.140830637330213 12.221322525468269 0.1
v 9.620568156283527 11.12330238788449 0.1
v 10.140769468609646 12.046362460541097 0.1
v 9.19152738245328 12.120752760900132 0.1
l 2496 2497 2498 2499 2500
v -13.13690649527522 7.871077491023774 0.1
v -12.973688155906475 7.811776845502675 0.1
v -12.409114473053549 5.957741813529133 0.1
v -13.94049958508923 7.752750795924435 0.1
v -13.334778309721704 5.976810190460007 0.1
l 2501 2502 2503 2504 2505
v 6.393370624390303 4.0434802704551345 0.1
v 6.344068252332927 4.1546241747471555 0.1
v 6.074499487713867 5.018095245446136 0.1
v 5.95398748061405 3.8257477108861355 0.1
v 6.686214850157631 5.027218337358611 0.1
l 2506 2507 2508 2509 2510
v 11.737137009749837 -3.7826456865299845 0.1
v 12.718405990825737 -3.377230587047906 0.1
v 13.166625040350805 -4.341373374027628 0.1
v 13.232021799983718 -2.3745899688499286 0.1
v 13.199143944231796 -3.3176376877674105 0.1
l 2511 2512 2513 2514 2515
v 0.8823162109650753 12.043703262378996 0.1
v 1.0547763405020203 12.039459499756115 0.1
v 2.2230581854702716 11.338442841722063 0.1
v 1.1432973089540828 11.886235620489735 0.1
v 1.7809589642577652 10.606619164736973 0.1
l 2516 2517 2518 2519 2520
v -0.7284756186702934 8.673341255708438 0.1
v -0.2689438789800336 7.510874651418496 0.1
v -1.1467216328339966 8.963192085478203 0.1
v -0.38334094336815805 7.86500779894953 0.1
v -0.8782442610034435 7.3471508015175715 0.1
l 2521 2522 2523 2524 2525
v 6.619922052853737 10.790881265733711 0.1
v 6.872475996948305 10.474987605589734 0.1
v 7.821718169514448 11.579924405249185 0.1
v 7.205677653942942 11.64534476912742 0.1
v 7.945601051927266 11.214691742107574 0.1
l 2526 2527 2528 2529 2530
v 11.521427958165736 -9.558312411636566 0.1
v 11.85471170284303 -8.770934077817596 0.1
v 12.85412164601148 -7.916777189578227 0.1
v 12.095520448275058 -8.522095325251481 0.1
v 11.24123989899661 -8.565177025283509 0.1
l 2531 2532 2533 2534 2535
v 8.913393575289188 2.5411864259619064 0.1
v 8.136424772442236 2.7080614076957543 0.1
v 9.519044521263023 1.969561640685593 0.1
v 9.026937488601689 2.3726896194100835 0.1
v 8.450550159144118 1.223855778993515 0.1
l 2536 2537 2538 2539 2540
v -11.392290402348996 -14.227990933474956 0.1
v -11.946708868397266 -14.715529562737153 0.1
v -10.52819786740329 -15.232890872360777 0.1
v -11.939157108812951 -14.917608140653288 0.1
v -11.748639491547527 -15.324070627635717 0.1
l 2541 2542 2543 2544 2545
v 11.981626858477208 13.60062508688959 0.1
v 12.711749031052738 13.053280519168457 0.1
v 13.023481362873207 11.926782967750126 0.1
v 13.579059000603023 13.657268287189305 0.1
v 13.181520452586176 12.137080638453881 0.1
l 2546 2547 2548 2549 2550
v -10.192894997178714 -1.9720478494659768 0.1
v -10.237297958758862 -3.003279949648387 0.1
v -10.074649974469425 -3.0889184369065816 0.1
v -9.02862475567156 -3.0370969205122815 0.1
v -9.799132565919525 -2.9039071414376325 0.1
l 2551 2552 2553 2554 2555
v 7.759510363314057 11.84372328831598 0.1
v 6.376035964932742 13.453603649451598 0.1
v 8.059040836389187 12.405319070754988 0.1
v 7.471639720622143 12.676368124564453 0.1
v 7.183120078865666 11.761717367661756 0.1
l 2556 2557 2558 2559 2560
v -11.68783278768227 -15.46808335994464 0.1
v -10.916596080731543 -14.110051726179401 0.1
v -11.601752651499703 -14.124577799597017 0.1
v -10.043200217889265 -14.274901438286888 0.1
v -11.013609412991306 -15.371643080428829 0.1
l 2561 2562 2563 2564 2565
v -2.2294763578255594 -2.930813212549041 0.1
v -3.057036055864382 -4.549961239673971 0.1
v -2.7778932020397105 -3.101934937149597 0.1
v -2.503970078042398 -3.2646985493245806 0.1
v -2.514091506834446 -4.493566868950261 0.1
l 2566 2567 2568 2569 2570
v 8.069236695318741 3.8999180715840636 0.1
v 8.564746502091378 2.7073966409139243 0.1
v 6.828586314291588 2.4744822886138538 0.1
v 7.114849194792279 3.9070462364165968 0.1
v 7.314249658792282 2.5483511453290077 0.1
l 2571 2572 2573 2574 2575
v -8.016300151997692 4.201169287472741 0.1
v -8.182488109093994 3.9203904091131165 0.1
v -9.471280089565408 4.287822738811506 0.1
v -8.025210027420723 4.942936302135061 0.1
v -7.976769877250712 3.628275464490934 0.1
l 2576 2577 2578 2579 2580
v 1.748527004672461 -5.948203662044246 0.1
v 1.6651862018790482 -7.470429184192369 0.1
v 0.544129129591427 -7.814529759532648 0.1
v 1.7638461205081393 -5.982866950004674 0.1
v 1.52625139028442 -6.5285940630493355 0.1
l 2581 2582 2583 2584 2585
v -11.365858604708293 -0.052972324889458466 0.1
v -11.887343699692266 0.8459619856268235 0.1
v -11.408609095504975 1.3061075512588138 0.1
v -11.183041870520828 -0.3798352901345885 0.1
v -11.46723237047102 -0.019173777036782358 0.1
l 2586 2587 2588 2589 2590
v -7.216733939428273 -13.583785571785922 0.1
v -7.632159286949979 -13.685476770532164 0.1
v -6.4301421335896105 -14.08060229475075 0.1
v -7.2509149568547375 -14.293344072522984 0.1
v -7.535547733955513 -14.531211576958565 0.1
l 2591 2592 2593 2594 2595
v 12.112938573964838 -14.036489610162713 0.1
v 13.748871628137652 -12.681322050612533 0.1
v 12.00561293213904 -14.385262135241847 0.1
v 13.750762049667443 -13.206184755301065 0.1
v 13.134703545832792 -12.721034073947566 0.1
l 2596 2597 2598 2599 2600
v -10.447701000471486 14.012335837287223 0.1
v -11.750214365021634 14.268762920582157 0.1
v -11.617418909059836 14.52812357766553 0.1
v -11.092198566667676 13.532169490019097 0.1
v -11.123281265728489 14.117500969414305 0.1
l 2601 2602 2603 2604 2605
v 13.555548557288908 -8.980881929683136 0.1
v 13.614386451417296 -8.923459928601133 0.1
v 12.533449891184722 -8.537678243016757 0.1
v 12.08875782299554 -8.95017612087905 0.1
v 11.918633903557398 -8.970647695656945 0.1
l 2606 2607 2608 2609 2610
v -5.29026636240974 8.96978764475932 0.1
v -5.161082046923254 8.037301653371866 0.1
v -4.10672195590282 8.285591442621799 0.1
v -4.7760059077163834 7.829244781050092 0.1
v -4.24906161534951 8.6479817637534 0.1
l 2611 2612 2613 2614 2615
v -2.7912204647066523 -4.25814750617459 0.1
v -2.0446696418503056 -3.1774895542024524 0.1
v -1.9123117885349195 -3.4009143062626617 0.1
v -2.456827477740246 -2.9284425266709406 0.1
v -1.954489171408851 -3.5975298102223685 0.1
l 2616 2617 2618 2619 2620
v -3.8838732438300596 -2.6716966144142376 0.1
v -3.226485807358679 -2.3357791936114065 0.1
v -3.8797797269666026 -2.5943308921155155 0.1
v -3.999308566052613 -2.482980266965636 0.1
v -2.5928698923262807 -3.921188630648139 0.1
l 2621 2622 2623 2624 2625
v -4.3705512098209605 8.71239366713011 0.1
v -5.8528637129855 9.189526000874121 0.1
v -4.902799179019329 9.757081049432887 0.1
v -4.772386290366474 9.982329118705437 0.1
v -4.155177232503797 9.53486337331069 0.1
l 2626 2627 2628 2629 2630
v -8.309197782930184 11.050295550448787 0.1
v -8.634279199730397 11.233391138400934 0.1
v -9.202753386620088 10.221038805809197 0.1
v -7.686662525005067 11.953771711215207 0.1
v -7.75683134801819 11.64880268218077 0.1
l 2631 2632 2633 2634 2635
v -10.284874844533267 -10.941475090318395 0.1
v -8.686410323040313 -11.344710371298234 0.1
v -10.17338587045425 -9.897520034612125 0.1
v -9.52220424874287 -10.002645940443992 0.1
v -9.34800508677173 -10.945399084502938 0.1
l 2636 2637 2638 2639 2640
v -5.931685323830179 8.793823178391294 0.1
v -5.794859617045172 9.102433886614534 0.1
v -6.267860593101551 8.650537710251001 0.1
v -6.344726734923831 8.557207821714709 0.1
v -6.9385017159316575 8.431955288729664 0.1
l 2641 2642 2643 2644 2645
v 8.936594061450013 15.243845717580292 0.1
v 10.504537021966915 15.274464992229609 0.1
v 9.957804214488466 14.01125275641808 0.1
v 10.558261742408238 13.955911624376812 0.1
v 9.097090949767399 14.641188556856426 0.1
l 2646 2647 2648 2649 2650
v 6.353495566896718 -11.761407427503173 0.1
v 6.063585682867944 -12.738270063273948 0.1
v 6.847621824460063 -11.851817221502609 0.1
v 5.745612669823621 -11.20735270455638 0.1
v 5.894968418736119 -12.11243019020094 0.1
l 2651 2652 2653 2654 2655
v 0.12090949318008004 8.335555045346887 0.1
v -0.7177560880457834 8.367873292907106 0.1
v 0.27043113600672286 7.1553548656609705 0.1
v -1.2486163522444909 7.448332601534525 0.1
v -1.542037627124788 7.580395802703204 0.1
l 2656 2657 2658 2659 2660
v -1.5175510116492485 -7.279067400624793 0.1
v -0.483988531768355 -8.36881342705749 0.1
v 0.2014614996035975 -8.419512732272617 0.1
v 0.041798532313888304 -8.075899451470454 0.1
v 0.2788036721188514 -8.57215734370234 0.1
l 2661 2662 2663 2664 2665
v 0.8745565011959255 11.424438225361309 0.1
v 0.9090432920084468 11.141869425849872 0.1
v 1.8386511392753668 10.781636299573638 0.1
v 1.6932287359443379 11.94618257267117 0.1
v 1.5468482518749898 12.409815432941654 0.1
l 2666 2667 2668 2669 2670
v -7.026643459196007 0.6180684250660886 0.1
v -6.391493018281355 -0.5434996683506457 0.1
v -8.011056306379153 0.15390484156069117 0.1
v -6.806673969349629 -1.153040643247372 0.1
v -7.8570253427328485 -0.3933003359793159 0.1
l 2671 2672 2673 2674 2675
v -5.7295593119251755 -4.747527468460793 0.1
v -6.401157592197331 -4.634685490169236 0.1
v -5.960921720583581 -5.596125370820683 0.1
v -5.887032824140108 -4.4454561667533525 0.1
v -7.379370809927622 -4.218696579572551 0.1
l 2676 2677 2678 2679 2680
v -0.2813469934400863 -0.3758109446947704 0.1
v -0.5397828322775129 0.43034560123419885 0.1
v 0.8464018575468022 0.2712796705656695 0.1
v 0.9621341699618453 1.435662155759896 0.1
v -0.6463453168945563 -0.28868340676131043 0.1
l 2681 2682 2683 2684 2685
v -3.594849946175971 11.237138472225782 0.1
v -2.920929391658645 12.906800482385794 0.1
v -3.757680430054484 11.842352992835224 0.1
v -2.603764771362729 11.317665758191742 0.1
v -3.9221193366188967 12.436838789887133 0.1
l 2686 2687 2688 2689 2690
v 10.34333180780585 5.307219948953172 0.1
v 11.18966093977592 4.564034074015585 0.1
v 9.767149217046466 4.613694662957366 0.1
v 10.389167049418877 4.931488611784061 0.1
v 10.37636670258534 4.205440365512189 0.1
l 2691 2692 2693 2694 2695
v -9.76253241324744 -2.7911149562666298 0.1
v -9.865605421871004 -4.224135606650269 0.1
v -9.934093903329764 -4.312641511938647 0.1
v -9.97904734027307 -3.8201607422140773 0.1
v -10.216266882552008 -3.918482173861322 0.1
l 2696 2697 2698 2699 2700
v -8.759497943112644 -0.02330898739330145 0.1
v -8.651427414637475 -0.7022060994500796 0.1
v -10.010589890475611 -1.2938671768152743 0.1
v -8.277488081010656 -1.6717701859373846 0.1
v -8.639566504335273 -1.4124940660476053 0.1
l 2701 2702 2703 2704 2705
v 9.933335559153448 -1.1422001979503387 0.1
v 9.770046648383826 -1.0845382638354455 0.1
v 8.933547056951145 -2.5798072464113835 0.1
v 9.961193771693727 -1.956314379735245 0.1
v 8.482767744161885 -1.6894082294152464 0.1
l 2706 2707 2708 2709 2710
v 13.648266040541042 -11.537146265378142 0.1
v 14.154001245704105 -11.531233747068129 0.1
v 13.08063051651032 -10.071781978043113 0.1
v 14.362947139831624 -10.93239592471453 0.1
v 14.060747745791822 -11.440886544557582 0.1
l 2711 2712 2713 2714 2715
v 5.832786274017023 0.9057150853321976 0.1
v 5.205571005946342 2.7299670620399126 0.1
v 4.582800628964422 1.4913773825042624 0.1
v 5.683968939611185 1.2820321222325812 0.1
v 4.339308579928227 2.8131100309838892 0.1
l 2716 2717 2718 2719 2720
v -8.276972253404296 7.660952297495991 0.1
v -6.816098435856688 7.747328288401423 0.1
v -6.801927098279439 9.089698362821938 0.1
v -6.8779829567558926 9.298611559157932 0.1
v -7.936432926456051 8.94081091900347 0.1
l 2721 2722 2723 2724 2725
v 13.275262982146794 4.803497223106314 0.1
v 14.432009450545143 4.747422806652306 0.1
v 13.478720555065266 4.5715264934786966 0.1
v 13.36411908822419 5.6196638468991615 0.1
v 13.22214704078063 4.192344370275252 0.1
l 2726 2727 2728 2729 2730
v -9.472474598906835 -2.6156885026093795 0.1
v -11.052753432673775 -4.33381437804755 0.1
v -9.80754482769335 -3.9996227828435726 0.1
v -11.081830247294116 -3.3256961170412875 0.1
v -11.057365801226263 -3.8582010796839614 0.1
l 2731 2732 2733 2734 2735
v -12.279275935997823 -13.237461262306574 0.1
v -11.312519603435351 -13.044540678704328 0.1
v -12.580914566207774 -14.178439689890622 0.1
v -12.568332078262703 -14.168721663674091 0.1
v -11.760320254677794 -14.037121908502039 0.1
l 2736 2737 2738 2739 2740
v 11.966192075133051 2.6705178181640346 0.1
v 11.350777862165701 0.7935822761904687 0.1
v 12.287590156958077 0.9273178837471807 0.1
v 11.041630153962155 2.3026928620306215 0.1
v 12.927888349418097 2.644638332923807 0.1
l 2741 2742 2743 2744 2745
v -1.5633440060997177 -15.846681992355267 0.1
v -0.2436936354343171 -14.397242420386196 0.1
v -1.117829739967552 -14.301990802257071 0.1
v -0.7047144751481405 -15.564060603143638 0.1
v -1.0903974307838804 -14.564722558556216 0.1
l 2746 2747 2748 2749 2750
v -2.774606292037058 -14.636110103990553 0.1
v -3.578467511153302 -13.608655364360263 0.1
v -3.8927633892775884 -14.896131428300802 0.1
v -3.3246557558785907 -13.685122465234834 0.1
v -2.6390721099002477 -13.936154017930185 0.1
l 2751 2752 2753 2754 2755
v 8.73596389306167 -12.301212006846361 0.1
v 8.129203556799549 -11.876393229861323 0.1
v 7.972157660304868 -12.131036503174734 0.1
v 8.300581528430559 -11.872042371953382 0.1
v 7.3354198121984355 -12.580278166578104 0.1
l 2756 2757 2758 2759 2760
v 9.300474441162667 2.3167971505006855 0.1
v 9.882764191305274 2.2308949050300173 0.1
v 9.769801522756016 2.117993841169315 0.1
v 10.8992881484102 2.4892294138921556 0.1
v 10.323533838437026 2.785908351947655 0.1
l 2761 2762 2763 2764 2765
v 13.10352276780724 -9.246278272497406 0.1
v 13.850138776618966 -10.179205993316993 0.1
v 14.79917341948662 -9.013622416142343 0.1
v 13.833872142018588 -10.039430891098279 0.1
v 13.735503652556764 -10.19051154344602 0.1
l 2766 2767 2768 2769 2770
v 13.336606429247627 15.039107944951827 0.1
v 13.406037297514574 13.477924796564926 0.1
v 13.512145279117773 14.215294722205986 0.1
v 13.285928733389186 13.543751025162909 0.1
v 13.593497596899498 14.38975626595061 0.1
l 2771 2772 2773 2774 2775
v 12.667378446600955 0.9869360931462523 0.1
v 12.584100675653573 1.69253162593223 0.1
v 11.741056207780689 0.7596729878964033 0.1
v 11.318774439109678 2.3021116916760214 0.1
v 11.547793628171934 1.013793049596044 0.1
l 2776 2777 2778 2779 2780
v 7.657187192699029 12.007701756935415 0.1
v 8.744103557809286 12.241783938125412 0.1
v 7.936443210856372 13.230518716341177 0.1
v 7.844497651243145 12.490910360167163 0.1
v 9.041358370763229 12.529884890927566 0.1
l 2781 2782 2783 2784 2785
v 1.4276527545029905 -15.188719701900567 0.1
v 1.4625161117447472 -14.602481704973687 0.1
v 1.1525037423773512 -14.403657794081381 0.1
v 1.715993666835224 -14.253808769002692 0.1
v 1.4664107335013996 -14.388833193173998 0.1
l 2786 2787 2788 2789 2790
v 6.6879439093167345 -6.056183633700784 0.1
v 6.998627146017094 -4.46845821859008 0.1
v 8.083767140598276 -5.604764624874562 0.1
v 7.137665731752337 -4.439219499797227 0.1
v 6.4981082743480325 -5.557411021063574 0.1
l 2791 2792 2793 2794 2795
v -3.7016595513457617 -0.9731187778740107 0.1
v -4.198736269318372 0.1654410542866458 0.1
v -3.4603808303676282 -1.1015871753298407 0.1
v -2.8142951895336736 0.048847377581383356 0.1
v -2.849217864272122 0.22544366819568284 0.1
l 2796 2797 2798 2799 2800
v 15.382123059542568 3.160112650358122 0.1
v 14.192461088885493 2.513247990341851 0.1
v 14.533977387736748 2.394964660733586 0.1
v 14.522193368156497 4.13909722043727 0.1
v 15.500805104950535 3.2218782995310797 0.1
l 2801 2802 2803 2804 2805
v 14.782833255539849 -3.9342809501034095 0.1
v 14.510264606489649 -2.228678234016365 0.1
v 14.407255146141665 -3.222310592451041 0.1
v 15.501569339899067 -2.7327168521247964 0.1
v 14.405446731625958 -2.066030918071986 0.1
l 2806 2807 2808 2809 2810
v 5.539806082344689 -6.353527121687268 0.1
v 5.328618011208602 -6.424964426334818 0.1
v 4.659316851379487 -7.232781362524089 0.1
v 4.885217259083961 -6.678637090661522 0.1
v 5.4313822470844 -6.198825462896526 0.1
l 2811 2812 2813 2814 2815
v -13.225217384226717 -7.5394016116048075 0.1
v -13.289467984995952 -7.514568792991267 0.1
v -11.897962951587708 -8.45068772394798 0.1
v -13.168848456519811 -7.4751328314153485 0.1
v -12.026691224517048 -8.709067616640983 0.1
l 2816 2817 2818 2819 2820
