# Cyvl Generated CAD Model
o Street_Mesh
v -9.230426800844725 9.27399646770209 0.0
v 10.842502081592102 11.024734290316701 0.0
v 8.716779367998242 10.864590701647103 0.0
v -6.643640792754013 -14.559939722530544 0.0
v 2.4373592666815966 13.835999939590693 0.0
v 9.786918043973856 -8.17714714538306 0.0
v -14.251074256608263 6.53813988622278 0.0
v -1.191538792976644 -6.039876461960375 0.0
v -9.35510202270234 -6.2768754959106445 0.0
v -0.6756118051707745 -1.8980654645711184 0.0
v 2.005294375878293 7.930694544687867 0.0
v 6.753657398861833 -11.70466466061771 0.0
v -12.06425733974902 -2.7975859558209777 0.0
v 11.66156260855496 4.72182123363018 0.0
v 7.678901325329207 14.418569423258305 0.0
v -11.476899917644914 7.8142049396410584 0.0
v -6.044886127463542 -2.705511358566582 0.0
v 0.3498576938873157 -1.1774488985538483 0.0
v 10.807192122912966 -4.534610603936017 0.0
v -11.065193767019082 13.305315488949418 0.0
v -13.459968651179224 12.314441326074302 0.0
v -6.923609557386953 3.629090522415936 0.0
v -3.7482020231545903 12.101907720789313 0.0
v 13.908855839574244 -6.123791331425309 0.0
v -8.707896108215209 -13.611178825609386 0.0
v -10.05763228458818 11.148403474129736 0.0
v 6.7834799362462945 -8.429223960265517 0.0
v -13.483180840907153 -13.994847901165485 0.0
v 6.667975083808415 -8.426177055574954 0.0
v 3.0000121103948914 12.921554243192077 0.0
v -1.527757077710703 -0.35624322947114706 0.0
v 14.521712350833695 -9.571897180750966 0.0
v -10.374799452896696 -11.680459286086261 0.0
v -10.003492689167615 10.182903374545276 0.0
v 2.0628444692119956 1.5761066991835833 0.0
v 6.427689263422508 -5.911660045385361 0.0
v 2.4456850025453605 9.281695598736405 0.0
v -4.627199794282205 -9.678359159268439 0.0
v 6.3504023787681945 3.5182423274964094 0.0
v 3.1320610629045404 -14.36444326583296 0.0
v -11.649410968879238 13.231075938791037 0.0
v 12.358560648572166 11.682172010652721 0.0
v 11.157039927667938 13.215598109178245 0.0
v -12.22711966407951 -8.476290854625404 0.0
v -3.595394851581659 12.08483733329922 0.0
v -6.340089545876253 -8.823322804644704 0.0
v -13.05854285164969 -11.30649183690548 0.0
v -3.281439463258721 7.536914302967489 0.0
v -2.4447373786824755 -13.287458000704646 0.0
v 1.6434297268860973 8.68297925312072 0.0
v 6.624647114658728 -5.001464856788516 0.0
v -4.900668658141512 -2.0501133212819695 0.0
v -2.376303427212406 5.305965264327824 0.0
v -6.721813922224101 2.2489133831113577 0.0
v 7.903854741889518 -13.147070792503655 0.0
v -7.493600096087903 11.57361638173461 0.0
v -1.776511267584283 -14.756374916993082 0.0
v -13.441206650226377 5.350877229124308 0.0
v -11.652679248712957 7.183013707399368 0.0
v 8.919667505775578 -11.369713237509131 0.0
v -5.4896977241151035 -6.779045902192593 0.0
v 8.70236614876194 10.77338310237974 0.0
v 7.154643657791894 -6.1704240487888455 0.0
v -3.9765422411146574 -14.013544068671763 0.0
v -3.3396735467249528 -9.250173185952008 0.0
v 0.4184769163839519 5.563885726034641 0.0
v -13.1912034713896 -1.2365936366841197 0.0
v -12.725684452918358 5.694238709285855 0.0
v -7.526238001184538 -14.485216883011162 0.0
v 10.484637259331066 -6.185122190974653 0.0
v -0.5112703270860948 8.824444063007832 0.0
v -3.607117874373216 -2.6291351541876793 0.0
v 6.550866129342467 -10.836895290762186 0.0
v 12.826634841272607 -2.0105456206947565 0.0
v 9.600784389069304 1.7671884959563613 0.0
v -1.24441988626495 -7.42948099039495 0.0
v -2.0355219555203803 -11.228889019228518 0.0
v 13.92052495921962 5.810976887121797 0.0
v 5.331102421972901 7.035424275323749 0.0
v -6.858230689540505 14.48393595032394 0.0
v 5.906374168989714 -4.3520892122760415 0.0
v -7.608232867496554 3.674525742419064 0.0
v 9.4026725377189 -6.198852482251823 0.0
v -3.706595445109997 8.268791317939758 0.0
v -8.500190694932826 3.3724755365401506 0.0
v 13.734981516492553 -13.006743766367435 0.0
v 9.86526525625959 4.056524251587689 0.0
v 3.907222715613898 7.609502009116113 0.0
v -10.752854134421796 5.030922348611057 0.0
v -6.272275094059296 -4.277155111543834 0.0
v -8.071233713824768 -3.548788278363645 0.0
v -0.8582275008084252 -9.907380731776357 0.0
v 4.565112492186017 -3.4041165141388774 0.0
v -3.826473875786178 -13.894771240651608 0.0
v -6.527634204481728 6.4003199534490705 0.0
v -12.939313920331188 -8.826247646473348 0.0
v 10.649095061526168 -9.517805342562497 0.0
v 10.864332302473485 11.48530487343669 0.0
v -4.163480258313939 4.296723001636565 0.0
v 2.766320851224009 6.303646163083613 0.0
v 8.970621597371064 9.084534307941794 0.0
v -1.1962495163315907 -7.300872473977506 0.0
v -0.4458902072510682 7.373082355596125 0.0
v 0.8616346500930376 3.9327171770855784 0.0
v -14.698113388265483 8.435898177325726 0.0
v -7.988724087132141 -10.827602695673704 0.0
v 7.4454489045310766 -13.368347353301942 0.0
v -9.083956930960994 5.519215950742364 0.0
v -2.7377655340824276 13.437138985842466 0.0
v -7.159282126754988 -2.189991661347449 0.0
v 4.407659995020367 -10.144627729430795 0.0
v -0.9510981276980601 6.572075468488038 0.0
v -8.690965543617494 1.488515680655837 0.0
v -0.0897495374083519 2.2439405415207148 0.0
v -11.26626556267729 7.542819497175515 0.0
v -3.658767801884096 10.383541986346245 0.0
v -1.2262457545148209 -1.9909830009564757 0.0
v -7.615599704440683 -4.298936414532363 0.0
v 13.83357777632773 12.409314459189773 0.0
v 11.73383136530174 3.104860356077552 0.0
v -0.5953644593828358 -11.313708138652146 0.0
v -7.129848529410083 10.44937223661691 0.0
v 4.8028896561590955 2.999004383571446 0.0
v 7.876172159099951 11.553974233567715 0.0
v 12.881830499391071 -11.403831677511334 0.0
v -3.9449112855363637 -11.136339958757162 0.0
v 3.040592823876068 8.371608808636665 0.0
v 2.796079323568847 -14.239226498641074 0.0
v -12.068527506955434 -8.332965986803174 0.0
v -11.016236984694842 0.9862608071416616 0.0
v 14.43622867797967 0.7199737904593349 0.0
v -1.7031088630319573 -7.437401155941188 0.0
v -10.968983454222325 8.049302927218378 0.0
v -6.889332543360069 -3.9722696151584387 0.0
v -6.030130902887322 -12.944199420511723 0.0
v 9.243916369741783 -1.720828216522932 0.0
v 2.5135794750531204 8.78009051270783 0.0
v 0.08259543107124045 11.175751985050738 0.0
v 9.895721536769997 -11.137385531328619 0.0
v -13.500334828102496 -10.29281759262085 0.0
v -5.015230241464451 -1.3652916979044676 0.0
v 12.704379409959074 3.1308069294318557 0.0
v 8.400055203877855 -3.110512712970376 0.0
v -3.9118177735363133 11.585693753324449 0.0
v -0.5174897467368282 -11.561744924634695 0.0
v 6.404608380165882 -7.929791452363133 0.0
v 10.210685962229036 -4.014349916018546 0.0
v 4.264413320983294 -4.005799482576549 0.0
v 2.0973246237263083 13.916707736440003 0.0
v 11.506323109322693 12.52880126889795 0.0
v 1.2776519877952524 0.15610336605459452 0.0
v -14.333196296414826 -7.221313348039985 0.0
v 4.77529345738003 -10.419027025811374 0.0
v -11.430927262932528 -0.5882295183837414 0.0
v -1.5463594311731867 13.889053267426789 0.0
v -6.63254568609409 -5.6465516500175 0.0
v -4.305712339119054 11.92170207761228 0.0
v -3.6312882644706406 -0.19955574348568916 0.0
v 14.825031497399323 6.2471249755471945 0.0
v 10.56174198363442 -4.356443642638624 0.0
v -6.399330755404662 -7.809093757532537 0.0
v -9.861858804244548 12.390614172443748 0.0
v -0.304632629849948 5.581879812292755 0.0
v -14.980637385800947 3.354388600215316 0.0
v 1.7980901336995885 -1.682533510029316 0.0
v -14.222443733247928 -10.096807397902012 0.0
v -7.18363556888653 -3.8081050496548414 0.0
v 0.2964569696923718 13.349887235090137 0.0
v 8.538465654011816 14.749339423142374 0.0
v 8.751187015033793 10.702125116251409 0.0
v -3.666957613604609 13.784578651189804 0.0
v -3.144918429781683 -5.732615870423615 0.0
v 4.021125857136212 4.98724221624434 0.0
v 7.889819694857579 -1.2920754654332995 0.0
v -10.195637048920617 9.321084117516875 0.0
v 2.569663369562477 -9.001518989913166 0.0
v -8.876119521679357 -4.310491825453937 0.0
v 7.660461695515551 4.8082190146669745 0.0
v -13.26311639888445 -11.84288773033768 0.0
v -2.982472348900046 -11.869688206352293 0.0
v 6.690827668819111 9.847568022087216 0.0
v -14.524408040975686 11.091702125966549 0.0
v 4.000414238020312 -0.4447014667093754 0.0
v -12.173530967207626 4.728639993816614 0.0
v -14.805641692946665 2.4567532427608967 0.0
v 0.5325433519901708 -13.670358526520431 0.0
v 6.343869892763905 10.029944608919322 0.0
v 2.6709601209149696 10.244565237313509 0.0
v 4.9897692949161865 -3.3323862478137016 0.0
v 3.368684872984886 -2.59558589104563 0.0
v -11.293731967511121 -5.336376916617155 0.0
v 8.10769009188516 -10.904891488142312 0.0
v 13.151201510045212 -1.0403870828449726 0.0
v -6.233435300469864 -2.0389338610693812 0.0
v -11.72236047370825 -11.335949859581888 0.0
v 1.057892273820471 0.779120922088623 0.0
v -13.505759704508819 11.896421430632472 0.0
v -12.44096241996158 -10.140014126896858 0.0
v -12.034245469490997 -0.6330204717814922 0.0
v 5.408045428979676 -9.064333142712712 0.0
v -12.103096156497486 -3.028148241341114 0.0
v -10.523980652040336 14.18244697060436 0.0
v 6.18241861887509 14.510499959811568 0.0
v -5.4977598343393765 -2.0653481893241405 0.0
v 1.3247701150248758 -5.4988386100158095 0.0
v 9.150108548114076 -11.186394372023642 0.0
v -11.216459694434889 5.9812218602746725 0.0
v -8.94004832097562 -6.6241837637498975 0.0
v 4.009414469532203 6.260745797306299 0.0
v -14.885960519430228 -14.691384272649884 0.0
v -8.799316245946102 -4.466098441742361 0.0
v 1.0073022214346565 -13.838404651731253 0.0
v -3.128856304450892 -8.847243838943541 0.0
v -8.262160098645836 2.134945521131158 0.0
v 0.121590219612699 13.40629718080163 0.0
v 8.10792723740451 -13.175386474467814 0.0
v 8.155709963350091 -11.914762306027114 0.0
v 7.554975197126623 -5.466659503057599 0.0
v 3.250797003216576 -8.663388904184103 0.0
v -13.64529221644625 -4.87470855563879 0.0
v -5.285289066203404 7.778427911922336 0.0
v 9.679699352767784 -8.767739146016538 0.0
v -11.666542031452991 1.5226470045745373 0.0
v -9.245311049337033 -4.507062158547342 0.0
v -10.107048696605489 2.990810638293624 0.0
v 11.539175321348011 -8.798143805935979 0.0
v 9.815695248369593 2.710194674320519 0.0
v -12.940597737499047 11.771946085616946 0.0
v 6.294461967307143 -6.395093427971005 0.0
v -6.777863674215041 -4.970804407261312 0.0
v -1.1490802490734495 9.062697870656848 0.0
v -11.49656659597531 -10.854727533645928 0.0
v -14.187082895543426 8.633626244962215 0.0
v 9.926097806368489 10.191026610322297 0.0
v -13.926205871801358 -6.6080615893006325 0.0
v -9.093418437463697 -3.444902777671814 0.0
v -5.026196001272183 -12.647836251184344 0.0
v -13.82161930570146 -14.14844448119402 0.0
v 3.0437903053243645 3.2903883224353194 0.0
v -2.0110374101786874 -6.358914759941399 0.0
v 6.605134577024728 -8.807108438573778 0.0
v -2.7574124067323282 0.0634214449673891 0.0
v -2.5011005292763 -9.338614410720766 0.0
v -1.7724480325705372 12.657671454362571 0.0
v -11.302816298091784 -5.330558821558952 0.0
v 10.142735864734277 -4.111966460943222 0.0
v 11.08633342658868 -4.669811663217843 0.0
v -1.805611990741454 1.7045617625117302 0.0
v 7.00135995587334 -12.82250746153295 0.0
v -2.26168896042509 -0.3932621106505394 0.0
v 3.8211357286199927 10.04367492441088 0.0
v -6.74194071436068 6.330775776877999 0.0
v 11.113640232710168 8.226479541510344 0.0
v -3.041523850581143 -0.8304078858345747 0.0
v 1.360756254172884 -0.4187498213723302 0.0
v -5.143242426216602 -3.3408643882721663 0.0
v 5.416323516517878 -4.290783884935081 0.0
v -12.816822010849137 6.520563181489706 0.0
v -11.802668813266791 -10.938176531344652 0.0
v -2.878450133372098 -11.93323473725468 0.0
v 12.17354282841552 -8.377722702920437 0.0
v -2.628160070395097 -4.192836767062545 0.0
v -11.419718471646775 -1.1832941705361009 0.0
v -3.441375893249642 0.5132155809551477 0.0
v 4.973969531070907 -11.154531251639128 0.0
v -8.92563598731067 11.14090685825795 0.0
v 3.1522790429880843 -14.778246431611478 0.0
v 1.2246065704966895 -10.625742992386222 0.0
v -11.476325670839287 11.134005522355437 0.0
v -0.5476040882640518 -0.1449920516461134 0.0
v -13.02194060338661 -12.406579813919961 0.0
v 8.622458317899145 2.6441783411428332 0.0
v -14.24647844163701 5.290852746926248 0.0
v 12.898353720083833 4.467716503888369 0.0
v 11.960467734432314 -11.480954685248435 0.0
v -5.602510109660216 -4.758481332100928 0.0
v -4.8303981982171535 13.376305604353547 0.0
v -7.712836368533317 -8.63980351574719 0.0
v 0.0681855144794099 12.529887217096984 0.0
v 14.276245468645357 10.440629102289677 0.0
v -11.291835957439616 6.9173870189115405 0.0
v 11.180953792121727 -13.158452146686614 0.0
v 6.479848740622401 -0.8808149928227067 0.0
v 12.612901467480697 -9.562773073092103 0.0
v -14.600711403996684 -2.366847228258848 0.0
v -5.388390118605457 -13.592374795116484 0.0
v 3.587754550506361 -9.181906753219664 0.0
v -13.213993250450585 10.438620985485613 0.0
v 9.082493622496258 -13.10453146789223 0.0
v 6.470275579427835 7.670722205191851 0.0
v 12.70424197067041 -1.8180085150524974 0.0
v -4.416381388378795 5.610248975455761 0.0
v 11.758698380261194 -7.523826117627323 0.0
v -4.515016052988358 -10.724295870400965 0.0
v -12.06560383044416 -9.588972208090127 0.0
v 14.837354083487298 -2.3975585279986262 0.0
v -5.6157345295650885 14.248496606945992 0.0
v 1.4504238099325448 0.7344437427818775 0.0
v 0.47391930309822783 11.445431250147521 0.0
v -5.1375815398059785 -12.634150966070592 0.0
v 9.029056593892165 -1.3598713595420122 0.0
v -9.564151621074416 5.478804672136903 0.0
v 9.464253490208648 -11.04078968707472 0.0
v 10.008970069116913 -12.700864556245506 0.0
v 0.8570159001392312 0.7708181673660874 0.0
v 3.257868515618611 -3.9225571090355515 0.0
v 9.046120100596454 12.775610002689064 0.0
v 13.370406816189643 5.927377319894731 0.0
v -12.731856214173604 14.432540848851204 0.0
v 11.743827771570068 -4.793858572840691 0.0
v -12.757715360552538 13.98469527810812 0.0
v 4.007287936576176 -13.200686985626817 0.0
v 5.373067445703782 -7.81647003442049 0.0
v 8.00997208856279 -5.379441742785275 0.0
v 13.271233366453089 14.809304367750883 0.0
v 12.142914058407769 10.277847041375935 0.0
v 14.156271442596335 3.9994749035686255 0.0
v 5.346044811769389 -3.5092742247506976 0.0
v 2.011055178125389 4.666913943365216 0.0
v -7.956761331181042 -4.425438588485122 0.0
v -14.620141906430945 -13.93575835507363 0.0
v 12.667196961527225 6.952988018281758 0.0
v 13.71986115805339 -0.2989453002810478 0.0
v 3.058870019216556 7.9069641483947635 0.0
v 4.240880257333629 4.0245194202288985 0.0
v -1.4549085816252045 9.935218471102417 0.0
v -1.3701165314996615 6.266811833716929 0.0
v 4.505628746119328 -14.203272312879562 0.0
v 1.0676351853762753 0.0034766988828778267 0.0
v 4.031170207250398 -8.606052373535931 0.0
v 4.793792938697152 2.9522076565772295 0.0
v -4.517297856451478 -6.468830170109868 0.0
v -12.96094699727837 -14.52889858558774 0.0
v -6.29683832405135 11.14669735264033 0.0
v -5.0070715175243095 -7.493314353749156 0.0
v -6.654823207354639 -10.152266168035567 0.0
v 13.313065248948988 -5.772064763121307 0.0
v -12.49291977431858 -3.9367457758635283 0.0
v 6.644147105573211 -4.335652315989137 0.0
v 5.802376952953637 9.24366004113108 0.0
v -9.474479745782446 -1.4656402878463268 0.0
v 13.019903223146684 11.105583359487355 0.0
v -2.1012656635139138 8.171782644465566 0.0
v -12.61941150308121 -8.958158742636442 0.0
v -12.607127174909692 -2.846107847057283 0.0
v -9.845254585961811 9.466385184787214 0.0
v 1.7858815004583448 -8.223519580438733 0.0
v -6.859068453835789 -2.8703086841851473 0.0
v -2.8839896133285947 -3.0372371450066566 0.0
v -3.2149038973730057 2.3780902326107025 0.0
v 10.479649000102654 -13.942721089348197 0.0
v 9.147098163724877 10.273139407858253 0.0
v 5.087953357608058 12.759981710463762 0.0
v -9.019951545109507 5.369595187716186 0.0
v -7.201048951828852 0.5399969927966595 0.0
v -13.590225433115847 7.841902888379991 0.0
v -7.546287162520457 -5.519717342220247 0.0
v -8.63061729806941 -12.088506302796304 0.0
v -6.45226989092771 -7.224101536907256 0.0
v -2.1821666675969027 -10.196510543115437 0.0
v -9.860751980857458 -2.4342980505898595 0.0
v 11.77849036216503 -14.702032127417624 0.0
v 6.322985431412235 0.48286161944270134 0.0
v 9.63264516252093 0.37344515416771173 0.0
v -2.3280889524612576 5.83801859524101 0.0
v -5.396028687362559 3.715409808792174 0.0
v -5.968927985464688 -2.03758108522743 0.0
v 3.691520733118523 -4.750421494245529 0.0
v -9.430880009138491 3.776509901508689 0.0
v -5.631809793936554 -1.7530462741851807 0.0
v 6.268815321556758 7.315533519722521 0.0
v -2.220704034611117 8.708526225760579 0.0
v 1.3505311202607118 -4.624689048156142 0.0
v 1.251895340916235 -10.319492472335696 0.0
v 8.897437772655394 0.8645653547719121 0.0
v 5.473939444171265 -9.203878680244088 0.0
v -11.594492943433579 6.627928886562586 0.0
v -2.3582556300098076 -4.978365998715162 0.0
v -1.5369054730399512 14.728173097595572 0.0
v -9.269799920090009 -6.66307786013931 0.0
v -8.34401882236125 9.93358788266778 0.0
v -8.42284522234695 -2.425892697647214 0.0
v -3.5161968445172533 7.5562828835099936 0.0
v 6.017317249148618 -3.526129170320928 0.0
v 0.22257092787185684 -9.891032584942877 0.0
v -3.5045890405308455 -8.896986306644976 0.0
v -10.46567077137297 7.706616346724331 0.0
v -1.1258790832362138 -2.487805345095694 0.0
v 6.246561019332148 -7.972646442241967 0.0
v -7.419645546353422 0.3155360817909241 0.0
v -4.002892395888921 8.340042701922357 0.0
v -14.09966733615147 12.09727565292269 0.0
v -2.325043134507723 13.622241322882473 0.0
v 7.92334592185216 12.548641244880855 0.0
v 4.221869991335552 -3.293446259573102 0.0
v 5.220939483086113 1.273856614716351 0.0
v 5.046297316846903 -14.83610092382878 0.0
v 0.6844607994426042 -9.416033879853785 0.0
v 5.647578360745683 8.823715631850064 0.0
v -6.41334407433169 -4.671150520443916 0.0
v 2.4158767516491935 4.189171968959272 0.0
v -2.4971720611210912 -9.45722961705178 0.0
v 9.08673946687486 8.023816724307835 0.0
v -3.569814146554563 -1.5468682693317533 0.0
v 14.067279901762959 10.522386990487576 0.0
v -1.9549043306615204 -11.18590752594173 0.0
v -11.063019228749909 -10.328859824687243 0.0
v -7.746859878825489 9.50659201387316 0.0
v -7.290850059129298 -5.707964082248509 0.0
v 14.283250250446144 -4.185057457536459 0.0
v 1.8252783548086882 12.661089012399316 0.0
v -12.842109333258122 -8.239538170397282 0.0
v -5.822789418394677 -8.989571143873036 0.0
v -4.191430406994186 -5.493705219589174 0.0
v 10.941496726765763 6.641838193871081 0.0
v -13.382108400051948 2.4276231452822685 0.0
v -1.0774601580342278 12.169443783350289 0.0
v -6.02784278721083 -12.287184593267739 0.0
v 0.6343455175519921 14.118749510496855 0.0
v -13.368476298521273 8.891179997473955 0.0
v -2.822313671640586 -6.431445902213454 0.0
v 4.2428945387364365 -14.944646107032895 0.0
v -0.3743336624465883 10.728124829940498 0.0
v 1.8767290961695835 3.798622163012624 0.0
v -9.824058832367882 -14.025288566946983 0.0
v 5.854441385832615 2.7689686324447393 0.0
v 9.341007724113297 9.227575726807117 0.0
v 11.232400547713041 -1.1223667208105326 0.0
v 10.361742921581026 8.997213419526815 0.0
v -10.87890502938535 -13.280747152864933 0.0
v -7.791631201573182 -5.398068615235388 0.0
v -14.798071246827021 12.088538183830678 0.0
v 12.890315475466195 -10.685849830508232 0.0
v -9.656786317471415 11.385305931791663 0.0
v -7.617024086299352 -7.211721315979958 0.0
v -4.021446343453135 -12.950215972959995 0.0
v 13.848387615871616 6.364295432344079 0.0
v 9.199406159867067 -10.130037082359195 0.0
v -0.45089340553386137 -9.046451861038804 0.0
v -10.41023530100938 -7.1119780438020825 0.0
v 1.548428448208142 9.422738180495799 0.0
v -12.925033378298394 10.163846111856401 0.0
v -10.413864485686645 -13.975734872743487 0.0
v 7.343661772203632 -14.028036458417773 0.0
v 1.8940907756914385 5.023292103782296 0.0
v -11.412137017294299 8.590193413197994 0.0
v -12.721550858521368 0.5928476639091969 0.0
v 8.307548487384338 6.1149963131174445 0.0
v 3.0920337382121943 -8.69804587494582 0.0
v -7.379997478274163 13.896746498532593 0.0
v -8.823696340317838 -8.905028710141778 0.0
v 12.980683690751903 10.718591251410544 0.0
v 10.370968257717323 6.989390226081014 0.0
v -7.765008424583357 4.775651308707893 0.0
v 10.0101483950275 10.165632287040353 0.0
v 13.010930527525488 0.042470683343708515 0.0
v -6.6929530600318685 -13.00627604033798 0.0
v 10.88277577178087 -14.101746194064617 0.0
v 2.938296454376541 10.785059548914433 0.0
v -3.2374182887142524 -7.953144619241357 0.0
v -4.440852000319865 -13.569852822460234 0.0
v 13.632394030108117 14.725685370154679 0.0
v -7.374330584949348 -3.600842853076756 0.0
v -14.780185681243893 -3.6795225078240037 0.0
v -5.493027726304717 -1.70620150398463 0.0
v -3.271994124748744 -1.1143678473308682 0.0
v 14.26877615810372 9.910406060516834 0.0
v -8.420416678709444 5.829855693504214 0.0
v 11.392611747374758 -10.470006057992578 0.0
v -9.780493283586111 11.300353570841253 0.0
v 0.18115307809785008 9.97523473855108 0.0
v 11.023382164305076 6.04619990196079 0.0
v -4.191164550895337 1.0313733266666532 0.0
v 4.254179341020063 -2.8784914603456855 0.0
v -0.19921816285932437 14.269625498913229 0.0
v 13.588233885122463 9.458087135106325 0.0
v 13.121928926440887 14.841104487888515 0.0
v 14.302246930659749 -11.94400179386139 0.0
v -14.93540367379319 -8.895219326019287 0.0
v 11.796425589360297 -8.160972508601844 0.0
v 11.027632972225547 13.987688096240163 0.0
v -2.8500539042288437 14.114495080895722 0.0
v 9.398566278454382 -0.5791500769555569 0.0
v -10.398451514192857 10.578996941447258 0.0
v -9.385575241292827 -5.230832683853805 0.0
v -10.939618756237905 12.17026786878705 0.0
v 9.545435596781317 -4.1815279722213745 0.0
v -1.240550046961289 1.933539598248899 0.0
v 10.758976755023468 2.3558071330189705 0.0
v -4.862410617002752 -9.515693817287683 0.0
v -9.616160666104406 6.139278712682426 0.0
v -10.603219551499933 2.8457530876621604 0.0
v 7.32593765493948 5.600233591161668 0.0
v 6.963490537949838 -2.095798813737929 0.0
v -8.905428860045504 -13.966894766315818 0.0
v 8.928663086437155 -7.480788038112223 0.0
v -12.920945743273478 -5.7243047542870045 0.0
v -9.242093884153292 2.58494711201638 0.0
v 14.947404661972541 -0.9438397325575352 0.0
v 10.375804351759143 -7.912774406373501 0.0
v 12.036002415930852 10.530812938697636 0.0
v -1.9568258239887655 13.256988353095949 0.0
v 14.820318070240319 1.9404291026294231 0.0
v -8.146748043422122 -7.621620383113623 0.0
v -13.875281701504719 -13.529504098929465 0.0
v 8.894604400149547 2.2751322332769632 0.0
v 9.890731237246655 -6.690581977367401 0.0
v 10.012690122937784 8.85225738864392 0.0
v -2.073013685818296 -8.680292842909694 0.0
v 6.26637924608076 -3.6445374311879277 0.0
v -0.24681085417978466 -0.5552379405125976 0.0
v 2.064777607098222 2.9133811686187983 0.0
v 0.2642795120482333 5.708155013620853 0.0
v -3.9066127065452747 1.5119025148451328 0.0
v 12.563795972848311 5.285063316114247 0.0
v 12.507439852808602 -4.096526023931801 0.0
v -1.2825298715033568 13.275470498017967 0.0
v 3.750433163600974 -4.549824928864837 0.0
v -4.591626664507203 -6.558080757968128 0.0
v 9.32024449488381 0.17738040909171104 0.0
v 2.5094300457276404 -0.829548466950655 0.0
v -2.6683176652295515 1.9079068778082728 0.0
v 3.0291860185097903 -14.146469037048519 0.0
v 7.146414268121589 12.077450999058783 0.0
v -3.163390091038309 -10.122838546521962 0.0
v -2.7220586966141127 1.0532881449908018 0.0
v -13.625475964625366 -5.242436348460615 0.0
v 11.684378732577898 2.911537917330861 0.0
v -1.2803223497467116 7.293113104067743 0.0
v -8.02400733937975 -7.669208449311554 0.0
v 2.2624951042816974 -5.2340963035821915 0.0
v 4.226048417505808 -13.352505501359701 0.0
v 5.410311506711878 -9.267123252153397 0.0
v 12.779257222777233 -7.8340822933241725 0.0
v 0.4708031078334898 6.981343848630786 0.0
v -5.017181942355819 9.323859546333551 0.0
v -10.448409552394878 -4.239562786184251 0.0
v -4.600131709477864 3.593404891900718 0.0
v -6.281289546575863 9.487695139832795 0.0
v 14.183707318792585 -6.802627203986049 0.0
v 6.839642646024004 -9.385693439282477 0.0
v -8.607609006518032 14.379177514463663 0.0
v 7.353163191000931 11.198393678292632 0.0
v -11.771323207183741 -13.914208066649735 0.0
v -4.796414252603427 7.58840012550354 0.0
v -0.24274817784316838 8.338590269908309 0.0
v -10.863379138114396 3.473084654659033 0.0
v 7.27944839769043 2.256840029731393 0.0
v 0.8557055869023316 -9.542913188226521 0.0
v 6.29447866656119 -12.222565774805844 0.0
v 11.314336297509726 -4.177220332436264 0.0
v -7.190801461809315 11.645777624100447 0.0
v 9.693025564658456 8.838609726168215 0.0
v -8.816309134999756 -14.741573193110526 0.0
v -14.32367314689327 6.196652933955193 0.0
v 6.341548292082734 1.995926707983017 0.0
v 6.2902499792398885 14.322689015418291 0.0
v -9.96142616396537 0.1954398937523365 0.0
v 3.788648633984849 -2.1296649063006043 0.0
v -3.930147969222162 -0.4546606224030256 0.0
v -4.474954767618328 6.579974579624832 0.0
v 1.3590311941807158 -2.6223158575594425 0.0
v 1.8875175149878487 -5.207095585763454 0.0
v -9.378273257811088 3.908366517163813 0.0
v 13.612637042126153 14.33548771776259 0.0
v 9.545256169396453 9.757327998057008 0.0
v 5.008179065596778 -1.026448117569089 0.0
v -11.040809045662172 -7.511348472908139 0.0
v 6.313659946783446 -3.680348303169012 0.0
v 6.748868782480713 -12.862608449533582 0.0
v -10.171617611136753 4.8270878391340375 0.0
v 13.38281971012475 -9.165534780360758 0.0
v 7.905446604127064 11.63469426240772 0.0
v -13.713543824385852 -2.813317113555968 0.0
v -1.9589585018111393 -14.617027698084712 0.0
v 8.08111971640028 6.058316312730312 0.0
v 14.170211039192509 3.2715968638658524 0.0
v -0.0386228064307943 6.325123832561076 0.0
v 12.751606180041563 7.016710659489036 0.0
v 1.0065569809521548 -7.451854199171066 0.0
v 14.93673100223532 -3.551569100469351 0.0
v -13.021261640184093 3.0836505871266127 0.0
v -10.258738795178942 -14.234779690392315 0.0
v 9.674948550586123 0.07756478153169155 0.0
v -8.491255759028718 -2.235732856206596 0.0
v 9.336485464766156 -4.64655595459044 0.0
v 13.804603964672424 11.29982287902385 0.0
v -11.17308138095541 -6.440008888952434 0.0
v 10.055021499516442 -12.05385606084019 0.0
v -7.420896630035713 -2.1276102168485522 0.0
v 7.869828640948981 -13.361471083015203 0.0
v -7.129721213423181 -3.6276084454730153 0.0
v 4.628369424492121 10.949105020612478 0.0
v 5.5729461528826505 -2.493995476514101 0.0
v -9.415325134119485 12.283760273829103 0.0
v 4.420994421991054 4.855541652999818 0.0
v 3.410617293440737 -6.173786691389978 0.0
v -4.486330439627636 0.17493018507957458 0.0
v -1.4050023120362312 3.1544804871082306 0.0
v -13.441076928982511 10.324812851846218 0.0
v -1.343415247334633 -0.7498607337474823 0.0
v -10.979229516058695 -11.855396679602563 0.0
v -10.341897071979474 -6.34161133877933 0.0
v 4.891411064949352 -8.235187890008092 0.0
v 4.447889211704023 -9.993871287442744 0.0
v -14.123311435687356 11.982584362849593 0.0
v -9.484883386990987 13.981577776372433 0.0
v 12.69584530510474 -5.916902239434421 0.0
v -8.654755842697341 -9.062658079899848 0.0
v 8.358031356416177 -8.779362289234996 0.0
v -10.950696415500715 13.652376377023757 0.0
v 8.723153497150633 -3.883281249552965 0.0
v -0.29801025945926085 14.324641225859523 0.0
v -1.1754646212793887 -7.919485262595117 0.0
v -8.171727360400837 -3.374435940757394 0.0
v -8.412130401760805 -3.656739629805088 0.0
v -14.171953166893218 -13.347447669133544 0.0
v -2.7937939766561612 9.076543382368982 0.0
v -5.25796685781097 -7.291891788132489 0.0
v -11.350711251085158 7.745110714808106 0.0
v -3.928920203819871 3.868371373973787 0.0
v 14.36633619456552 -1.655872999690473 0.0
v 3.3297982018557377 -11.298649379983544 0.0
v -10.632658422051463 -2.8199194269254804 0.0
v 5.538061036611907 -1.485492124222219 0.0
v 10.376042466436047 -8.851735291071236 0.0
v -5.031451971561182 -12.424659114331007 0.0
v 10.783467013272457 14.689959615468979 0.0
v 7.8816805729293264 10.48260438349098 0.0
v 8.155194034217857 -9.381358047015965 0.0
v 0.9064737157314084 2.480415850877762 0.0
v 6.343549362150952 6.019469957798719 0.0
v 10.757615052221809 0.9012403432279825 0.0
v 4.982270110864192 -6.711167560890317 0.0
v 6.907289074093569 3.8165373550727963 0.0
v 3.3508639860665426 10.185256529599428 0.0
v -0.2847020893241279 12.754237297922373 0.0
v -12.85794488718966 1.4010721882805228 0.0
v -13.044490782776847 9.86172069516033 0.0
v 6.579195854079444 11.137384085915983 0.0
v -4.54308941232739 10.736437376588583 0.0
v 6.247185514715966 -5.05377263110131 0.0
v -9.685138771834318 -1.2408022303134203 0.0
v 10.942218869458884 -13.523528897203505 0.0
v -7.846669747203123 -13.018658548593521 0.0
v 8.731783971714322 11.86429302021861 0.0
v 4.108282441331539 0.602347956970334 0.0
v 10.002667554130312 -11.646423799917102 0.0
v -14.006675255775917 10.590976779349148 0.0
v -1.6400552156264894 -2.157874260097742 0.0
v -14.819712435943075 -0.7910584844648838 0.0
v 8.326014695048798 9.902015482075512 0.0
v 13.692433708230965 7.981453994289041 0.0
v 12.556159941479564 5.1420674091205 0.0
v 5.793934384651948 -12.45665186829865 0.0
v 1.8545093216816895 11.550569747574627 0.0
v -8.007030236185528 5.602696543559432 0.0
v 5.436780929623637 11.91128515265882 0.0
v -14.808663009782322 7.46921335440129 0.0
v -13.36046490946319 -8.649468306452036 0.0
v 14.379802833835129 -14.561392067931592 0.0
v 4.001671003410593 -2.017607197165489 0.0
v -12.978810140106361 -14.210307924076915 0.0
v -8.30903585779015 -14.52380498405546 0.0
v 8.68186654697638 12.463523655198514 0.0
v 5.86958889226662 2.8335193917155266 0.0
v -3.658905864111148 -9.350624097511172 0.0
v 7.017492401006166 13.206466768868268 0.0
v 8.415775423170999 -11.548630399629474 0.0
v 12.827199628402013 -11.999932086095214 0.0
v 3.9449466372607276 -4.431164773181081 0.0
v 14.898124301689677 -2.3911814484745264 0.0
v -12.855602311319672 -12.23615403752774 0.0
v -12.243136096629314 -1.7213504426181316 0.0
v 6.809478950279299 -11.107860051095486 0.0
v -6.572020047926344 -1.323279240168631 0.0
v 3.5145675188396126 1.8322334615513682 0.0
v -0.4979230404715054 2.608315740711987 0.0
v -0.6721639773459174 13.572920929640532 0.0
v -1.0894240241032094 -0.6416058205068111 0.0
v -7.142661563528236 -9.003439114429057 0.0
v -3.2225537236663513 9.193069495260715 0.0
v 12.205934150610119 -4.16900338139385 0.0
v -13.65512343798764 4.341924753040075 0.0
v 10.542964523483533 0.739539553411305 0.0
v -3.1695166251738556 -5.602317404933274 0.0
v -8.556358174188063 10.459037782624364 0.0
v -13.762989370443393 -2.6653044978156686 0.0
v 11.301444229320623 3.20176138356328 0.0
v -12.27616158692399 -4.422280793078244 0.0
v -8.841629913833458 9.493239569477737 0.0
v -3.405231285316404 6.988206945359707 0.0
v -10.480866317928303 -6.7554884711280465 0.0
v 8.495461811427958 -5.14540768135339 0.0
v -1.0913860374712385 -2.955159207805991 0.0
v -7.333104774239473 -0.5698037473484874 0.0
v 5.195313847565558 14.180658038705587 0.0
v 2.0134642029879615 12.181861313059926 0.0
v -8.50081738299923 0.5056743947789073 0.0
v -8.455892010999378 -7.440994519740343 0.0
v -5.08306046720827 -7.345682214014232 0.0
v -5.2380991847021505 0.9137698924168944 0.0
v 4.113482179120183 11.444752551615238 0.0
v -9.36387982958695 -11.946867046877742 0.0
v 2.8537169792107306 -12.670493475161493 0.0
v 12.56536399840843 -9.101455673575401 0.0
v 0.1900041353655979 -10.201809206046164 0.0
v 12.837509772740304 -2.7948910361155868 0.0
v -3.433305350772571 6.923688095994294 0.0
v 2.5421441595535725 -6.213689154945314 0.0
v -5.495812786684837 9.974396423436701 0.0
v -1.9651882917969488 -5.476533385924995 0.0
v -5.1522359641385265 -10.494927603751421 0.0
v 11.91035113640828 -11.775858811102808 0.0
v -7.672350540582556 -6.747597766108811 0.0
v 2.9396402983693406 -13.291482398286462 0.0
v -6.257624449324794 -4.7821780033409595 0.0
v 1.4873263586196117 -4.011960089206696 0.0
v 9.704429005563725 6.495810090564191 0.0
v 11.630650035047438 -5.403167633339763 0.0
v 4.607701157336123 -11.3504169145599 0.0
v -8.400706000917125 -2.90654927585274 0.0
v 13.75956484809285 2.0633670585229993 0.0
v -3.390669927757699 11.875391993671656 0.0
v 12.156378930667415 -10.053173913620412 0.0
v 10.350604952545837 7.710209554992616 0.0
v 11.261006123153493 9.622511393390596 0.0
v 5.336271455977112 7.663673100993037 0.0
v 2.036634140647948 13.309231584891677 0.0
v 14.40127926808782 -14.882457011379302 0.0
v 2.4413319869781844 -1.3512529619038105 0.0
v 6.132577759970445 12.913332496769726 0.0
v -11.168079863768071 10.873701822012663 0.0
v 1.3515744163305499 4.041229888796806 0.0
v -7.147104879724793 -11.44098336622119 0.0
v 2.3594348719343543 11.79431802034378 0.0
v 7.622282638330944 8.902677647769451 0.0
v 8.036910588270985 2.4127004258334637 0.0
v -11.013568947091699 0.5623623887076974 0.0
v -8.35751489928225 -7.277812801301479 0.0
v -9.96216333488701 11.032328711822629 0.0
v 1.3541379372472875 -11.963236085139215 0.0
v -8.910272887675092 -9.853173233568668 0.0
v -3.1513423350988887 12.243401908315718 0.0
v 8.755928693863098 -6.666735295206308 0.0
v -3.048042483686004 5.8523108791559935 0.0
v 8.659226784366183 -5.541311771608889 0.0
v -1.396868773677852 9.66191669832915 0.0
v -9.466454446024727 5.916086710989475 0.0
v -12.317865839402657 -9.685223247855902 0.0
v 12.742922364152037 -9.228492580354214 0.0
v 2.7135024127201177 10.814403984695673 0.0
v 12.839378716773354 10.807573634199798 0.0
v -3.8660825616680086 10.112334720790386 0.0
v -7.309347833041102 -1.8290751008316875 0.0
v -5.818082373298239 11.111707364208996 0.0
v 11.758679436927196 -2.4607816403731704 0.0
v -5.417076596291736 -6.681371318176389 0.0
v -1.9553402579622343 0.7247580857947469 0.0
v 3.3027532642008737 14.983314693905413 0.0
v -2.2054741887841374 13.02951905876398 0.0
v -8.489573232305702 11.078077954240143 0.0
v -4.470697621174622 -11.288070898503065 0.0
v 6.6844825578155 10.697706614620984 0.0
v -7.196228344168048 0.8431772477924824 0.0
v 6.723691090301145 -13.857555838301778 0.0
v 8.287095568317454 -5.287893836386502 0.0
v -3.3310331718530506 -3.817284293472767 0.0
v -0.5655792231555097 -3.580674536526203 0.0
v 8.607678133936133 -2.1533123096451163 0.0
v 9.122427823371254 -11.685263184830546 0.0
v -6.47294995788252 10.51996028330177 0.0
v 11.546157623524778 -0.6998090064153075 0.0
v -0.34226999251404777 8.376644159667194 0.0
v -1.7419465820421465 -0.004832337610423565 0.0
v 5.8962238827953115 -10.625390199013054 0.0
v 5.814651810971554 13.048960912041366 0.0
v -12.291288266715128 13.825156030245125 0.0
v 13.107714685145766 -13.922372564673424 0.0
v -2.384218467224855 11.895999749191105 0.0
v -2.1822796083288267 12.375618740916252 0.0
v 5.540074879594613 7.744463029317558 0.0
v 4.821676474122796 -5.831059840507805 0.0
v 7.0556541090481915 6.8290408831089735 0.0
v 11.167286546318792 10.66890119947493 0.0
v -10.526645552017726 5.394123435951769 0.0
v 11.056535989744589 1.507118751294911 0.0
v -1.9555022742715664 11.386706464923918 0.0
v 11.719408946519252 14.741415617987514 0.0
v 12.082839643058833 -8.401353838853538 0.0
v 1.2298351372592151 3.6125328997150064 0.0
v -6.054945969721302 9.99002598412335 0.0
v -11.303972712368704 -10.502559239044785 0.0
v 1.0305510492180474 12.494284697808325 0.0
v 11.715863806719426 5.542455325834453 0.0
v -12.779237396607641 -11.11092616431415 0.0
v 9.093979195400607 1.751457848586142 0.0
v 7.950277009222191 -4.827783172018826 0.0
v 2.2968832014594227 -7.164620959199965 0.0
v 8.409966328879818 -5.403684739023447 0.0
v 0.9748507312033325 -10.063555213622749 0.0
v 2.324815080850385 -6.404486411251128 0.0
v 10.213285940408241 14.857180127874017 0.0
v 9.25611659680726 -9.970726906321943 0.0
v -10.593401352583896 -4.273894988000393 0.0
v 4.924740919959731 -1.979972766712308 0.0
v -14.73321657476481 -11.728560160845518 0.0
v -1.7223318045726046 8.30185317993164 0.0
v -8.961401067965198 4.298809293657541 0.0
v -0.9885528986924328 -7.940237775444984 0.0
v -2.227711062936578 -12.533156752586365 0.0
v 1.1294967801659368 7.837858826853335 0.0
v -0.4915768979699351 10.812251411378384 0.0
v 1.3767789563862607 -4.262982356362045 0.0
v 0.7962857324746437 1.1836009919643402 0.0
v -11.674742593138944 -9.463154668919742 0.0
v 1.0934185921796598 12.511997264809906 0.0
v -11.470946189889219 -2.392090491950512 0.0
v 10.634197992738336 -9.3757666926831 0.0
v 4.966879313578829 -9.298190703615546 0.0
v 14.562991840939503 13.223554202355444 0.0
v -13.071628643956501 3.5057117296382785 0.0
v -5.966301478794776 -0.8548582680523396 0.0
v -4.695901528000832 9.677889122627676 0.0
v -0.6827609693282284 5.701862355694175 0.0
v -1.3072059038677253 0.09257934987545013 0.0
v -10.100153429608326 -2.107760320417583 0.0
v -4.016721844149288 9.610842891037464 0.0
v 10.837586756446399 -11.240384769625962 0.0
v -2.3044810344581492 12.535257301293314 0.0
v 10.13500022207154 4.482810451649129 0.0
v -0.4012155326199718 11.552823034115136 0.0
v 1.5112356658210047 0.6801332114264369 0.0
v -10.837752043444198 3.9300194596871734 0.0
v 0.8255726610659622 8.634802370332181 0.0
v -6.134093286527786 -7.092150690965354 0.0
v -12.724212102242745 -12.457661713473499 0.0
v 1.6342244170373306 9.155727826058865 0.0
v 1.8901628400199115 3.9554332392290235 0.0
v 1.0181160344509408 -9.080316870473325 0.0
v 12.955454948474653 -2.749153153039515 0.0
v -13.895139735657722 -10.379773416556418 0.0
v 8.04565476020798 -13.228491192683578 0.0
v 7.0677692974568345 7.333891004323959 0.0
v -1.5305353019502945 8.995810553431511 0.0
v -11.490976436354686 -2.435026017948985 0.0
v 14.426812677353155 11.030470443889499 0.0
v 9.530961187614594 8.697279246523976 0.0
v 10.39253640518291 11.413247517310083 0.0
v -4.421520592470188 11.341731219552457 0.0
v -2.711831144464668 -12.528849140740931 0.0
v 7.32252197037451 -13.822007929906249 0.0
v 8.256676038610749 10.041905028745532 0.0
v 0.22005360311595723 12.452884213067591 0.0
v -12.61498509941157 9.797050227411091 0.0
v 5.922304718347732 -0.367272206582129 0.0
v -10.97311310051009 4.474793743342161 0.0
v -0.12817531818291172 6.158213344402611 0.0
v -4.5394129198393784 4.599687160924077 0.0
v -9.12599994847551 -0.14150457922369242 0.0
v 3.208411233499646 -6.541258133947849 0.0
v -1.6685192404547706 1.0446166461333632 0.0
v -1.3509726431802846 8.56746699847281 0.0
v -6.322718629147857 -2.976464052684605 0.0
v -9.839992457069457 2.174848137423396 0.0
v -4.519525295123458 9.338303134776652 0.0
v 6.403614494949579 0.7220918415114284 0.0
v 2.042876713734586 -11.645540992729366 0.0
v -8.33666298573371 -1.0427851984277368 0.0
v -14.411435546644498 -6.421346359886229 0.0
v -12.54261995042907 9.07751392852515 0.0
v -14.555932347197086 6.8663823418319225 0.0
v -9.154481396137271 12.740595292299986 0.0
v -3.6935525271692313 -6.63412372302264 0.0
v 4.639870605722535 -3.311767755076289 0.0
v 14.759910624008626 -0.8166882814839482 0.0
v -1.9326430535293184 -0.0370012242347002 0.0
v 1.0053916008328088 3.2524164486676455 0.0
v 7.974447138723917 9.907698417082429 0.0
v 8.30890375643503 0.11050803121179342 0.0
v 9.360591245116666 -11.142780546098948 0.0
v 2.1909482606570236 3.7542339926585555 0.0
v -2.7094094025087543 7.209583422169089 0.0
v -3.2161107884603553 10.952062935568392 0.0
v 4.771820289839525 -13.526984884403646 0.0
v 12.091297174512874 6.015420561656356 0.0
v -14.665328606613912 8.318963173776865 0.0
v -9.754757086979225 14.12017076741904 0.0
v 11.45012998743914 10.568577393889427 0.0
v 3.0069025290431455 -0.740187737159431 0.0
v -7.409257596824318 -14.413545128889382 0.0
v 7.604319776990451 -4.445607882924378 0.0
v -3.3812312192167155 13.143956341780722 0.0
v 12.916991140169557 -9.303404876030982 0.0
v 11.433790943818167 -10.416595133952796 0.0
v 12.540561345231254 -9.010288215242326 0.0
v 4.581875133852009 -3.709931692108512 0.0
v 7.874367884884123 -8.660796754062176 0.0
v 10.535415026650298 3.929513258859515 0.0
v -1.9800918478285894 13.526069382205606 0.0
v -5.392963797785342 -5.617019613273442 0.0
v 0.4263578696991317 13.40699357073754 0.0
v -14.607793843431864 7.255606132559478 0.0
v 11.217437911836896 -10.823496546596289 0.0
v 12.587316684715915 12.538742264732718 0.0
v 11.5925368705648 7.408846290782094 0.0
v 13.507216573110782 -8.919834969565272 0.0
v -0.762955165351741 -2.829875471070409 0.0
v 5.004678125609644 13.935844695195556 0.0
v 12.206002797058318 -2.244375799782574 0.0
v -4.726516117225401 -0.38150714710354805 0.0
v 6.688367391820066 11.083015954121947 0.0
v 3.392965921550058 2.734951480291784 0.0
v -6.12606230576057 -12.868784740567207 0.0
v 9.61677248578053 -10.895614225417376 0.0
v -13.653137356392108 -9.506368617527187 0.0
v -11.208050180634018 6.616678278893232 0.0
v 12.16018942563096 -10.28086978662759 0.0
v 0.6492939976742491 4.486173608340323 0.0
v -1.439674294553697 14.295634100213647 0.0
v 2.0121208240743726 5.361946958117187 0.0
v 13.302673258294817 -6.175278269685805 0.0
v 13.005993121361826 3.2283801194280386 0.0
v -9.368183869752102 -13.741153650917113 0.0
v 6.545450133213308 3.1425584349781275 0.0
v -5.001380984787829 6.793326713144779 0.0
v 6.440902836038731 -6.42023416608572 0.0
v -8.226373482903 -6.034522524103522 0.0
v -5.091658576100599 9.62698267120868 0.0
v 14.53650733345421 13.417534114792943 0.0
v 12.225596316333394 -3.8556183017790318 0.0
v 1.5461760867619887 -0.4094080217182636 0.0
v -8.316539366380312 -1.6623888984322548 0.0
v 8.603236838011071 -10.374710125848651 0.0
v -8.609242729318794 7.512224514037371 0.0
v 10.981200581823941 6.351071240380406 0.0
v 8.834834690554999 2.0124855292961 0.0
v -12.663951136521064 12.377084005624056 0.0
v -5.4663284226553515 0.7646926185116172 0.0
v -5.5229459694819525 9.640581162646413 0.0
v -1.9890709248720668 6.649321240372956 0.0
v -0.3598465006216429 14.125031527131796 0.0
v -1.4663936762954108 8.298286153934896 0.0
v -5.793351060943678 -5.942785273306072 0.0
v 14.061689854832366 11.705729018896818 0.0
v -7.210413642867934 -3.5520007768645883 0.0
v -12.485663772502448 -6.274092421866953 0.0
v -0.41677978832740337 -14.96383576374501 0.0
v 5.712270399031695 -11.670280701480806 0.0
v 9.305359241028782 9.741662717424333 0.0
v 4.787053066538647 11.090778955258429 0.0
v -1.2756990973721258 0.22238005511462688 0.0
v 13.472283930284902 11.007958312518895 0.0
v 8.297778228996322 2.7200963757932186 0.0
v -14.1544762084377 11.514581851661205 0.0
v -6.388122611737344 -13.326390658505261 0.0
v 8.171792021603324 -0.12126864399760962 0.0
v 4.2874578044284135 -4.006650595925748 0.0
v -5.707172419002745 -7.977008171379566 0.0
v 10.398397094162647 11.077342487871647 0.0
v -5.785081024572719 4.314635215327144 0.0
v 4.304400816385169 14.953021565452218 0.0
v -8.547276063996833 0.2699079718440771 0.0
v -5.638544132059906 -14.254600951448083 0.0
v 4.2056607027188875 5.177969791926444 0.0
v -10.420390252431389 -3.028374709188938 0.0
v -6.946369420969859 -5.975520493462682 0.0
v 3.0113440100103617 6.403333956375718 0.0
v 6.141755266464315 11.076483592391014 0.0
v -11.791657219873741 -2.5981947174295783 0.0
v 11.594534600735642 -4.199475407600403 0.0
v 13.894602127547842 -14.58363385591656 0.0
v -11.070996747759636 -5.867321441881359 0.0
v 5.262016458436847 13.985381234437227 0.0
v 0.5090493867173791 5.916724554263055 0.0
v 10.115615332033485 3.3768553556874394 0.0
v -2.587689789070282 7.963791967369616 0.0
v -10.996097030641977 -4.167075008153915 0.0
v 0.19400582631351426 -8.763554876670241 0.0
v -7.242250364040956 -0.6056811334565282 0.0
v 9.089981028228067 7.305422802455723 0.0
v -1.1233214319800027 1.9651043834164739 0.0
v -3.726945676957257 13.620745602995157 0.0
v 5.433786413341295 14.24981991481036 0.0
v 1.4066910194815136 6.497195130214095 0.0
v 3.2435669499100186 -3.295292709954083 0.0
v 12.485326369991526 -10.661620984785259 0.0
v -7.205971044721082 5.832126390188932 0.0
v 7.1869134056032635 9.925878842361271 0.0
v -9.890338504395913 11.924554647877812 0.0
v -13.572117934934795 -13.132721038535237 0.0
v -2.6832209353451617 5.2852569641545415 0.0
v -13.751401018467732 10.622668877243996 0.0
v 1.5771906976005994 10.57733874861151 0.0
v 11.970289109740406 -10.332161073572934 0.0
v -10.537502056336962 -10.431176383979619 0.0
v 13.065907222335227 1.7972141150385141 0.0
v 4.062819231476169 7.631585554219782 0.0
v -6.805598454782739 -10.225552356801927 0.0
v -5.354904353094753 -6.159517083317041 0.0
v 9.175168425426818 11.390491229481995 0.0
v -2.722294387873262 5.396040639840066 0.0
v -4.725187112460844 -3.2246086224913597 0.0
v 4.483276319922879 10.732356124557555 0.0
v -14.378880264586769 -11.869986733421683 0.0
v -12.110387314925902 3.6116605261340737 0.0
v 11.693680564989336 -11.70018688775599 0.0
v -6.773421511694323 -9.98360417690128 0.0
v -6.969631586398464 5.774919332005084 0.0
v 14.193200118432287 -11.675561097450554 0.0
v -11.711774149502162 9.434416072443128 0.0
v -14.323279588250443 9.481773603707552 0.0
v 10.32302245387109 10.78211322426796 0.0
v 9.73086002789205 -7.1140234265476465 0.0
v 0.6158029302605428 4.433590209111571 0.0
v 3.502042278239969 9.976089395582676 0.0
v -4.520281762408558 6.241328128613532 0.0
v -8.853028231475037 4.155777565203607 0.0
v 1.364670020120684 13.042906946502626 0.0
v -9.093939433514606 0.050657954066991806 0.0
v -2.8613069763523526 8.984371846541762 0.0
v 4.442550037638284 -8.408011628314853 0.0
v -12.053150911524426 1.6188817517831922 0.0
v 0.6771059313323349 -6.322202279232442 0.0
v -6.0082032271893695 5.11936701182276 0.0
v -9.366215480084065 6.162880451418459 0.0
v -5.069715948426165 -10.700317074544728 0.0
v -12.187094987661112 7.50595701765269 0.0
v -3.732930424506776 11.139844658784568 0.0
v 11.643955715931952 -11.543450403027236 0.0
v -11.374801926023792 6.845850330777466 0.0
v 5.334098156366963 -11.609477478079498 0.0
v -2.2578286869102158 12.93364354595542 0.0
v -2.204111047612969 0.060019723139703274 0.0
v -10.993695708399173 -14.484630453400314 0.0
v -14.891770035843365 -2.339883224107325 0.0
v 12.096021873294376 -5.621696917340159 0.0
v 6.8104196359054185 8.01109776366502 0.0
v 9.308702298381831 -9.467823575250804 0.0
v -12.900751211680472 5.181095039471984 0.0
v -4.94417585618794 -4.151751444675028 0.0
v 12.268254367809277 -11.15304647386074 0.0
v -8.986487564223353 13.627448630519211 0.0
v -12.051270096970256 -2.1236365167424083 0.0
v 14.575557801988907 1.3169462699443102 0.0
v -0.3297540257917717 12.520347717218101 0.0
v -6.424999447888695 -11.818868964910507 0.0
v -11.533252682245802 10.800396823324263 0.0
v -13.789992880250793 -10.057738514617085 0.0
v -14.351576066052075 -6.200350834056735 0.0
v -12.433982857794035 -12.579184222966433 0.0
v 8.314459722663742 -11.826789635233581 0.0
v -13.595815042499453 -8.219623817130923 0.0
v -10.228575699380599 -6.623087744228542 0.0
v -7.20208525727503 1.7037315098568797 0.0
v -14.959719297476113 -11.736237024888396 0.0
v 10.87470481498167 13.617582138627768 0.0
v 12.562841070641298 -4.958935831673443 0.0
v 1.6798401704290882 -2.8178710164502263 0.0
v -2.5343198134796694 -14.43010370992124 0.0
v -8.679956518055405 -2.8344459841027856 0.0
v -9.734442900342401 -1.8548088865354657 0.0
v 7.350036315154284 10.651811615563929 0.0
v 13.003742054512259 3.478413986042142 0.0
v -0.5288091923575848 -10.9295234978199 0.0
v 3.4582807050901465 -8.919958436861634 0.0
v 11.065292611368932 2.6246052607893944 0.0
v 7.573008953651879 2.115614429116249 0.0
v -5.456249562150333 -12.872937488369644 0.0
v 1.0218739582342096 -11.417483261786401 0.0
v 5.662804570340086 -7.389221163466573 0.0
v -1.497787486296147 10.9387614345178 0.0
v -13.49303101102123 -10.073917995207012 0.0
v -3.0831948681734502 7.317245424725115 0.0
v 7.367151548271067 12.299165966920555 0.0
v -5.9748244464281015 10.874489909037948 0.0
v 10.59902885433985 4.404162365011871 0.0
v 4.019570256001316 -12.877220592461526 0.0
v -2.105461514322087 7.683701173402369 0.0
v 0.4055474590859376 -11.048908149823546 0.0
v 11.999483979307115 7.568278682418168 0.0
v -4.3749617977882735 -12.90559966955334 0.0
v 4.257445642258972 -1.1576093593612313 0.0
v 1.0732653752202168 8.536876075901091 0.0
v 5.258227223646827 -10.549155463464558 0.0
v -13.068406283098739 6.105915260501206 0.0
v -3.6980874548316933 2.955496523529291 0.0
v -6.152065992122516 -11.983772307634354 0.0
v -14.459708473703358 2.5831832895055413 0.0
v -0.6662966196308844 6.718517356552184 0.0
v -7.87261208955897 5.461930219084024 0.0
v -14.61866540228948 -2.950927559286356 0.0
v -1.245003058516886 9.832826863974333 0.0
v 9.821572436892893 -14.277071051299572 0.0
v -10.245487171749119 -13.356422358192503 0.0
v 13.233685696672183 13.11687423568219 0.0
v 6.459640888671856 -6.71161889936775 0.0
v -4.3813572492217645 4.522894538938999 0.0
v -4.763832417491358 -1.8268030835315585 0.0
v -11.210112139466219 10.60614269785583 0.0
v 3.3033883100142702 -7.4235582342371345 0.0
v 3.648781308438629 5.802338629961014 0.0
v -11.46672886912711 -3.6551539627835155 0.0
v -5.3826714242459275 -11.910299945622683 0.0
v -6.342192203039303 -2.8851445633918047 0.0
v 10.878386357508134 -5.800552944652736 0.0
v -3.545959130162373 1.3690421422943473 0.0
v -6.375333634845447 -1.12348672747612 0.0
v 3.685773910197895 -13.038430734537542 0.0
v 13.50461510149762 13.294392712414265 0.0
v -13.2360180921969 3.9418576499447227 0.0
v -2.7465562493307516 -13.449983153492212 0.0
v 7.82553212105995 -13.556258799508214 0.0
v 6.084433585056104 13.33408883586526 0.0
v 9.834358577034436 -7.088843695819378 0.0
v 8.251881509728264 -0.8367201332002878 0.0
v -12.164170049247332 -2.1990342661738396 0.0
v 4.03834219899727 2.330545905046165 0.0
v 5.748624585045036 6.922048945911229 0.0
v -1.9390133658307604 2.1857988331466913 0.0
v 11.537727213522885 -10.281568229198456 0.0
v -3.206630737753585 13.785653817467391 0.0
v -2.6805612060124986 4.415703993290663 0.0
v -13.640134910587221 -6.468094885349274 0.0
v -4.99149843363557 3.7505741361528635 0.0
v 3.4246252803714015 13.99250020366162 0.0
v -14.73850681912154 -2.7374210553243756 0.0
v 8.77896838344168 -11.464490226469934 0.0
v 11.215227046457585 -8.489965707063675 0.0
v -7.049217991356272 3.3617111844941974 0.0
v -5.545719324436504 8.385222840122879 0.0
v -12.680616180878133 -7.689729645848274 0.0
v 7.63976924092276 4.692110178992152 0.0
v -7.018000612966716 -8.600107612088323 0.0
v 12.493800195748918 -2.765550835058093 0.0
v 10.182094940682873 7.413351980037987 0.0
v 14.449091522488743 14.67320806067437 0.0
v -11.060709015408065 -7.122449676506221 0.0
v 10.78472638304811 -8.67962656635791 0.0
v -7.704512957949191 10.906296279281378 0.0
v 1.0855351227801293 0.5593381579965353 0.0
v 11.814497193554416 -1.6931210588663816 0.0
v 14.659064853854943 -11.037542801350355 0.0
v -6.9208910201559775 3.44408268481493 0.0
v -10.464467064768542 -12.006225617602468 0.0
v 14.337461563991383 9.07619563024491 0.0
v 5.77180435275659 -1.1042169956490397 0.0
v -2.904066976858303 -6.317719226703048 0.0
v -11.963096468592994 -8.440323319286108 0.0
v -0.563941300730221 12.545225139707327 0.0
v -8.213533039903268 6.533231201581657 0.0
v -4.224388162489049 -5.653775906190276 0.0
v -11.723407234356273 7.252301890403032 0.0
v -6.847241204464808 4.248054708354175 0.0
v -8.490005690895487 -9.46076672617346 0.0
v 14.000573940516915 -4.495260803028941 0.0
v 2.537069949437864 -9.903075125999749 0.0
v 7.770844952494372 -7.004639918915927 0.0
v -7.945192203507759 3.6067545441910625 0.0
v 13.017906053224578 -8.439173830673099 0.0
v -11.406842959811911 14.420620741322637 0.0
v -3.8842150675482117 5.9887727703899145 0.0
v -2.691735660249833 -7.908883858472109 0.0
v -13.964391560060903 -13.500569491647184 0.0
v 12.32168141764123 13.11371156387031 0.0
v -0.25552843214245513 10.60179718118161 0.0
v -0.8196741708088666 4.441124955192208 0.0
v -2.2795091475127265 4.514653074555099 0.0
v 10.038392232498154 14.550673010759056 0.0
v 13.00146078178659 -3.36796704120934 0.0
v -1.6323122424073517 -2.673868396319449 0.0
v -8.5440070394543 -0.7609443040564656 0.0
v 6.313558587047737 10.276564931496978 0.0
v 2.9689133021747693 8.397561511024833 0.0
v -13.805883930821437 -6.992005496285856 0.0
v -6.568279191793408 -11.655950978398323 0.0
v 4.5851253209402785 -0.05968033894896507 0.0
v -5.549806977272965 -11.187405647709966 0.0
v -1.3313425864907913 -2.5111117232590914 0.0
v -8.669331370678265 8.5487662833184 0.0
v 14.215043709904421 12.585896453820169 0.0
v 6.781276938389055 2.3111736169084907 0.0
v 12.972013817867264 7.929303175769746 0.0
v -6.122036499262322 13.180488728918135 0.0
v -14.155423016112763 14.089161282405257 0.0
v 9.01531403226545 9.606257108971477 0.0
v -8.863261978665832 10.68818767182529 0.0
v -14.070965837163385 11.344025461934507 0.0
v 12.483555832586717 11.399939660914242 0.0
v -3.7998467735596932 6.682884296402335 0.0
v -10.025097541918512 -12.14638118352741 0.0
v 1.3929698102874681 4.556073457933962 0.0
v 2.7139539673225954 -12.435734543018043 0.0
v -9.702058453462087 -11.720711516216397 0.0
v -3.109574018919375 8.31912605650723 0.0
v -12.41874522936996 -2.3904225658625364 0.0
v -9.489375943376217 4.552704039029777 0.0
v 12.212001267937012 -1.3626632122322917 0.0
v -1.2633946235873736 10.729306886903942 0.0
v 10.461040841240901 -10.27782229334116 0.0
v 4.016709434625227 -8.653387695550919 0.0
v -0.19196533394278958 14.147240683436394 0.0
v 8.331924929807428 -5.61932251509279 0.0
v -7.724806856887881 -11.763824831694365 0.0
v 2.865567094180733 -0.35661466140300035 0.0
v 12.559259241155814 -5.1587549624964595 0.0
v -11.262877538334578 11.783238854259253 0.0
v 10.596734286518767 -6.991898381151259 0.0
v 2.2170742115704343 9.509248666465282 0.0
v 3.744905041414313 -7.940052874386311 0.0
v 5.886180277098902 8.37964064348489 0.0
v -8.41670611826703 2.531540364958346 0.0
v -6.397374996508006 -10.178555524908006 0.0
v 8.545727792661637 -1.89260511752218 0.0
v 3.306123671878595 9.66575023625046 0.0
v 1.8633926292532124 -11.227044388651848 0.0
v -4.583021603990346 -6.567408715374768 0.0
v 13.433813855110202 -0.2954030893743038 0.0
v -0.2565729661146179 1.538821205496788 0.0
v -0.025319083069916815 5.79347297269851 0.0
v 2.218044279376045 5.412306569516659 0.0
v -3.0361533050308935 11.421863379888237 0.0
v 11.91876482864609 -10.695750936865807 0.0
v -1.8214186881668866 3.4175425991415977 0.0
v 14.21134126035031 -2.8078693551942706 0.0
v -12.556525444320869 8.869708740152419 0.0
v 0.6545545168337412 -2.796968654729426 0.0
v -4.381849735334981 -8.89090261887759 0.0
v -7.921478052798193 -5.672639801166952 0.0
v 8.288678935496137 14.135098825208843 0.0
v -2.5894768593716435 -1.5472996216267347 0.0
v 4.8670319155207835 -12.46977311372757 0.0
v -6.58198594651185 -1.0565469730645418 0.0
v -5.024781617859844 -8.087381997145712 0.0
v -0.9362784992554225 -12.705292792990804 0.0
v 10.312669009203091 -5.971067069098353 0.0
v 3.4438119633705355 -5.20583426207304 0.0
v 6.243964666675311 -5.49653962161392 0.0
v -9.520760734099895 -13.529880763962865 0.0
v 11.608447351958603 7.674593895673752 0.0
v 0.9702864354476333 -10.880019932985306 0.0
v -2.0238886697916314 13.313248167745769 0.0
v -2.3121135380933993 1.0801132144406438 0.0
v 1.3537162106949836 12.850346958264709 0.0
v -4.5034888907684945 -14.569872070103884 0.0
v 6.308292817964684 -10.990937887690961 0.0
v -10.292327029281296 -11.277496851980686 0.0
v 2.8220143837388605 -1.3735389253124595 0.0
v 6.25501351733692 -10.440014591440558 0.0
v 9.939290334121324 -14.233887679874897 0.0
v -13.813498100731522 -13.888051845133305 0.0
v -4.20993433642434 8.502647375687957 0.0
v 1.631838025408797 -11.677935252897441 0.0
v -13.971593371825293 1.7889417354017496 0.0
v 7.031124755274504 2.963518327102065 0.0
v 14.235983778839 3.052887245081365 0.0
v -9.448666408716235 -5.922325831837952 0.0
v 0.4399801328545436 7.378785748966038 0.0
v -0.6434168965788558 -12.36457190476358 0.0
v -4.406222874531522 7.59677445050329 0.0
v -6.387859204492997 -11.098003908991814 0.0
v -8.23468365991721 12.130692889913917 0.0
v -4.212168348953128 -0.49288740288466215 0.0
v 13.44402844045544 8.727979389950633 0.0
v -3.141650690115057 -8.081218094564974 0.0
v -7.24407204875024 -4.350527214817703 0.0
v 12.315618567576166 1.5786241199821234 0.0
v -6.831339901371393 7.562913954257965 0.0
v 13.789104903349653 -3.4650745717808604 0.0
v 3.3338699680753052 4.40090985968709 0.0
v 0.9365329595166259 10.550435431301594 0.0
v -5.840810432098806 6.984632546082139 0.0
v 14.531136675388552 7.046746983192861 0.0
v -2.27010075020371 -13.964582806453109 0.0
v 14.163796752865892 9.710235964506865 0.0
v 9.2297760634101 -2.018775130622089 0.0
v -13.737214340653736 -11.580665165558457 0.0
v -4.438111134746578 -10.971540740691125 0.0
v -6.278325632098131 -0.18465518951416016 0.0
v -6.6705860939691775 6.670766417868435 0.0
v 3.2966005137423053 11.1324447048828 0.0
v 5.360352712450549 -1.5206898925825953 0.0
v 8.391789242567029 9.517027913592756 0.0
v 5.803975557908416 -7.270207949914038 0.0
v 10.148857593187131 -2.005639361217618 0.0
v -10.997608023113571 -8.716827499680221 0.0
v -12.789334726519883 -9.456627852283418 0.0
v 11.129518126777839 -13.834676186554134 0.0
v 10.034978667099494 12.464243243448436 0.0
v -6.075113610597327 6.379391651600599 0.0
v 3.594199341372587 0.6311672236770391 0.0
v -1.2240693072672002 -4.865467739291489 0.0
v 11.296560231479816 -1.2730427188798785 0.0
v -12.284292088414077 -12.37608606275171 0.0
v 4.965001874603331 5.92720733396709 0.0
v -3.6779843539115973 -14.838489429093897 0.0
v 11.257232043368276 2.5628950921818614 0.0
v 2.7698778565973043 11.268252881243825 0.0
v -7.2374342094990425 -13.65054339170456 0.0
v 12.144379621255212 -0.6135050216689706 0.0
v -10.633215196721721 -2.9540533423423767 0.0
v -2.9645820736768655 11.363052546046674 0.0
v -14.104222035151906 -0.5633447766304016 0.0
v -2.6085812838864513 9.643094824627042 0.0
v -5.796526542340871 9.696827546693385 0.0
v 0.20802908897167072 3.259132052771747 0.0
v 14.139457739074714 -0.2701649870723486 0.0
v -3.871014462725725 7.979279179126024 0.0
v -5.807403382961638 7.243109881877899 0.0
v 5.952650544757489 -2.441507136449218 0.0
v 9.828216591093224 13.431351851671934 0.0
v -7.817470926267561 -14.016461223363876 0.0
v 14.696737004967872 0.9885642258450389 0.0
v 2.608576174301561 -12.40217171702534 0.0
v -5.18107628863072 -9.793448825366795 0.0
v -5.731621558079496 -3.896971703507006 0.0
v 11.430890417017508 6.953842946328223 0.0
v -1.8018730043550022 14.561375298537314 0.0
v -0.4417560168658383 -0.28161454666405916 0.0
v -14.43093502667034 -11.465350213460624 0.0
v 6.824731414380949 3.938511447981 0.0
v 2.9163805380812846 6.596257701516151 0.0
v -1.8332634614780545 14.944392800331116 0.0
v 3.034044065338094 -13.028225453570485 0.0
v 12.012850743136369 -2.7782394755631685 0.0
v -5.213021254981868 -0.18752975948154926 0.0
v 4.003504930064082 11.557060648687184 0.0
v -12.59562964021461 -11.825630089268088 0.0
v -7.174178222136106 3.5170132629573345 0.0
v 8.512666693539359 -8.617469598539174 0.0
v 11.398430037894286 -0.45086968410760164 0.0
v 4.312942020711489 10.278239956125617 0.0
v 0.6650738481548615 1.6568548176437616 0.0
v 0.12761561863590032 -7.331280577927828 0.0
v -5.368229452113155 -3.3180376049131155 0.0
v 7.113994388433639 -14.393217587843537 0.0
v -5.505360167240724 8.803730389103293 0.0
v 0.47292081103660166 -8.989102859050035 0.0
v 11.619583268475253 -7.323739347048104 0.0
v 0.42604479007422924 2.911655057221651 0.0
v -10.396804140124004 6.274765567854047 0.0
v 10.339987265353557 -3.9684831062331796 0.0
v -8.966392716858536 -4.091032039374113 0.0
v 3.473959311901126 9.192115593701601 0.0
v 9.572619080892764 3.4312163768336177 0.0
v -8.735881320433691 9.759025589562953 0.0
v -9.606360580946784 8.301290829665959 0.0
v 1.463590715371538 -7.646653762087226 0.0
v -11.042729122040328 8.013810493983328 0.0
v 8.263259657542221 -1.2699484340846539 0.0
v 13.223789977259003 -4.775611248798668 0.0
v -2.853167841967661 -6.089980297721922 0.0
v -12.14079371211119 -9.51380183454603 0.0
v 13.250132351124194 -14.281174927949905 0.0
v 1.4597052477183752 2.94191359449178 0.0
v 10.740801821346395 -2.0806210972368717 0.0
v 6.578038670646492 2.526095380075276 0.0
v 2.5783170308568515 11.664242130704224 0.0
v 0.0934632847784087 -2.434729519300163 0.0
v -11.93324035947444 2.166040852665901 0.0
v 0.25906212348490953 -0.8777014259248972 0.0
v 2.2358458273811266 2.9445610595867038 0.0
v 1.7593217022367753 5.265485021285713 0.0
v -2.983605651650578 14.57474256400019 0.0
v -6.38541874330258 0.26161452755331993 0.0
v 6.779067887749989 -5.794234594330192 0.0
v -8.396497333189473 -3.8190958350896835 0.0
v 2.0006831020582467 -14.526092377491295 0.0
v 4.092281156626996 12.142912327311933 0.0
v -8.115751569799613 9.26265706308186 0.0
v 12.451165797305293 4.981051055714488 0.0
v 8.076204045442864 1.1654174849390984 0.0
v -14.498598030244466 8.719191414304078 0.0
v -0.09942718967795372 -3.2799396459013224 0.0
v 2.990881671779789 9.526539503596723 0.0
v -8.88649166142568 -10.134928168728948 0.0
v 12.844699995184783 -4.956225583329797 0.0
v 2.9799998494563624 4.71763554867357 0.0
v -2.6724739992641844 -7.698190918192267 0.0
v -7.948902698757593 -3.7495004227384925 0.0
v 10.50856418022886 -2.7719007190316916 0.0
v 11.220797996618785 10.176897332072258 0.0
v 3.819127587543335 -4.015494296327233 0.0
v -9.558339504117612 -7.918882475234568 0.0
v -9.433313256246038 6.903896397911012 0.0
v 8.46160755987512 -1.6553792832419276 0.0
v 7.078885519760661 4.9807770643383265 0.0
v 12.429006285325158 7.908282084390521 0.0
v -9.851138231519144 0.8724058978259563 0.0
v -13.22444074600935 -0.9426425881683826 0.0
v 6.904890162753873 -13.881557004526258 0.0
v 5.6255854513146915 -2.451084882952273 0.0
v 10.382774977071676 -7.979935803450644 0.0
v -6.176653625559993 1.3156420458108187 0.0
v -2.7380165313370526 -5.9788316283375025 0.0
v -5.409518481232226 -6.276477348990738 0.0
v 2.091637566976715 1.0797496465966105 0.0
v -0.9926467526820488 -1.5897838603705168 0.0
v -13.477569265698548 0.10270783305168152 0.0
v -7.831028516462538 -13.906445051543415 0.0
v -9.698590643005446 4.038454468362033 0.0
v -14.594512197596487 -2.7829892095178366 0.0
v -4.975267280940898 9.326499307528138 0.0
v 3.0245566885569133 7.4750427063554525 0.0
v 1.74979419040028 -11.636736282147467 0.0
v -12.265453686355613 10.75167138595134 0.0
v 6.515661817800719 -6.608871653676033 0.0
v 12.442544816993177 7.807035207748413 0.0
v -14.137982361309696 -1.7100680517032743 0.0
v 11.72528219933156 -9.02220359724015 0.0
v 7.375771754246671 -3.674273155629635 0.0
v -12.09086779889185 14.447106846608222 0.0
v -9.81677110196324 11.709256456233561 0.0
v -4.5093014450976625 0.37346805073320866 0.0
v 1.0074305437738076 14.687008692882955 0.0
v -0.6442829690058716 3.4899344760924578 0.0
v 6.7757643652148545 -2.8706271396949887 0.0
v 2.1908978995634243 12.632946700789034 0.0
v -3.355238483462017 14.679932470433414 0.0
v -11.461929911922198 -10.039465298876166 0.0
v -5.521455693175085 7.954397506080568 0.0
v -4.954378079681192 -4.733648641966283 0.0
v -8.91831283189822 8.339828650467098 0.0
v 2.1346228389884345 -9.007372175343335 0.0
v -8.282195388164837 1.7054339479655027 0.0
v 12.208071713510435 -12.464460748247802 0.0
v -8.835406311962288 2.775565877556801 0.0
v 14.885653824487235 3.900823099538684 0.0
v -6.122066562413238 -0.5071460092440248 0.0
v -8.942281337920576 -13.350412084721029 0.0
v -0.7002465447876602 -5.138974872417748 0.0
v -1.632326377206482 -7.600020624697208 0.0
v 9.048880076094065 10.691742341965437 0.0
v 5.967830348585267 5.227235128171742 0.0
v 5.177145296067465 -11.832778896205127 0.0
v 12.083934495225549 3.766806760802865 0.0
v -7.999946700409055 -14.337974794209003 0.0
v -2.7491586363175884 -2.893814959563315 0.0
v 5.484243085840717 -7.709188479930162 0.0
v -9.070416401023977 -12.256402425467968 0.0
v 6.090509217930958 4.972756217233837 0.0
v 10.298520664917305 -2.4525296287611127 0.0
v 0.16833101172233 3.852862793020904 0.0
v 1.8150537962210365 -14.174597976729274 0.0
v -3.4087079689488746 9.819031104445457 0.0
v 14.561646966612898 -3.469600119628012 0.0
v -4.584685571608134 9.782151021063328 0.0
v -11.90240859601181 -13.044621591456234 0.0
v 7.028671563602984 11.527694299817085 0.0
v -5.082691496529151 11.37147368118167 0.0
v -11.755923806806095 -4.848931561224163 0.0
v -8.452687438111752 4.9005764070898294 0.0
v 10.270649874932133 -1.6914616404101253 0.0
v -9.175247141160071 6.255869401618838 0.0
v -13.430411532172002 1.9007868068292737 0.0
v -1.4517825499060564 8.494778970256448 0.0
v -4.43017158890143 -14.459156574681401 0.0
v -2.692497064068448 -8.062551856040955 0.0
v 12.250223881448619 1.2226903401315212 0.0
v -3.682345911161974 13.548518622294068 0.0
v -9.956727563403547 -3.5741103887557983 0.0
v -3.1249797817436047 0.1784417126327753 0.0
v -8.790458879142534 7.647199217230082 0.0
v -10.541495898214635 7.957191526889801 0.0
v -11.972738169890363 -8.797314724884927 0.0
v -8.094280619872734 -11.52638691291213 0.0
v -8.780196773121133 -9.269099010154605 0.0
v -9.422855808050372 13.349150195717812 0.0
v 12.797226756520104 14.17340133804828 0.0
v 1.0812935751746409 3.3055483838543296 0.0
v 14.211318787245546 3.953711209818721 0.0
v -2.300906082498841 2.015978223644197 0.0
v -8.271736984199379 -10.67611419968307 0.0
v -11.95958580164006 5.496650519780815 0.0
v 13.167130275338423 -9.7579755038023 0.0
v 11.41844606777886 -11.234308504499495 0.0
v -1.7622852613567375 6.298168119043112 0.0
v 3.8300152089213952 -5.641042871400714 0.0
v -0.18753452348755673 9.122153327800333 0.0
v 13.950460825755727 4.717870912514627 0.0
v 9.138828577997629 11.916123916395009 0.0
v 4.964360163721722 7.779688959941268 0.0
v 14.26863847282948 2.826744525693357 0.0
v -14.822757270711008 5.560582754202187 0.0
v 11.571532821049914 -9.13629559520632 0.0
v 14.16033758042613 -4.318398381583393 0.0
v 3.816786150971893 -1.6498316759243608 0.0
v 6.598427873919718 9.062864964827895 0.0
v 4.848572927352507 -6.172306951135397 0.0
v -3.116098386060912 8.66165584512055 0.0
v -14.828124014660716 2.555891281925142 0.0
v -8.7818809185992 14.217400154098868 0.0
v -0.9629237190820277 7.804093005135655 0.0
v 4.96238356892718 -0.24057425744831562 0.0
v 7.935615632857662 5.584951000288129 0.0
v -14.668411890685093 -9.321140542626381 0.0
v -13.924903015082236 -0.04408624209463596 0.0
v -2.3019956483040005 9.092578524723649 0.0
v 13.04708112066146 10.986937736161053 0.0
v -13.340974558610469 -4.283782171085477 0.0
v -14.84460092370864 9.978931597433984 0.0
v 8.340917572146282 11.772735179401934 0.0
v 6.623158369970042 10.890563083812594 0.0
v 8.439572809671517 -4.204270804300904 0.0
v -5.086405447742436 12.253057267516851 0.0
v 9.001799541409127 -13.684280842542648 0.0
v -3.602293562842533 -8.927448619157076 0.0
v 13.001187719928566 5.903829511255026 0.0
v 9.058225823799148 -4.68114269617945 0.0
v 12.292288897326216 -9.693837112747133 0.0
v -8.602861187362578 14.705032777041197 0.0
v 2.099555778084323 -14.578960111364722 0.0
v -0.45652006525779143 13.63926575705409 0.0
v -1.0841734857531264 2.501920599490404 0.0
v -0.07893172965850681 13.916601563803852 0.0
v -1.2904645773232915 7.936384668573737 0.0
v -1.082828709797468 4.394523763097823 0.0
v -7.5195512272184715 -14.963136439211667 0.0
v 14.269084626052063 8.396643910557032 0.0
v -2.336881397815887 -6.176119759678841 0.0
v 11.111884624348022 -12.936486281454563 0.0
v 7.411102637182921 -11.89996801968664 0.0
v 14.498513355327304 11.004815546795726 0.0
v -4.413859218009748 9.218188593164086 0.0
v 3.000980464334134 -10.345246298238635 0.0
v -1.1600885002990253 -6.687402448616922 0.0
v -12.240012488909997 6.879158820956945 0.0
v 7.210474516206887 -10.817836051806808 0.0
v 14.750018448394258 -9.406505065970123 0.0
v -3.124170118418988 -8.897420587949455 0.0
v 9.940020604699384 -11.301593688316643 0.0
v -3.4808713506208733 -8.104389616288245 0.0
v -4.067749451380223 10.0118227917701 0.0
v -12.080693300173152 6.0735364174470305 0.0
v -2.930553092213813 -4.329094625078142 0.0
v 7.867643648351077 -11.962917739525437 0.0
v -3.333572634088341 2.0482450295239687 0.0
v -7.419132921262644 3.5425011524930596 0.0
v -6.622819670417812 8.562436500564218 0.0
v -12.607673736405559 -11.343892422504723 0.0
v -11.63043974939501 -10.362014791928232 0.0
v -5.493160015088506 13.228812721557915 0.0
v 14.915693506307434 -7.658653873950243 0.0
v -9.729233593621757 -6.638127154670656 0.0
v 14.260755353723653 -11.419910689815879 0.0
v -13.586565899720881 -10.911753054708242 0.0
v -0.6007901371922344 6.192423935979605 0.0
v 5.78459265793208 13.777118399739265 0.0
v -7.061216027010232 -13.018784133717418 0.0
v 6.646879647858441 -12.407552130520344 0.0
v 8.39979512692662 0.36462367326021194 0.0
v -4.6963859287207015 -0.37822282407432795 0.0
v -3.4168841333594173 -10.202140376903117 0.0
v 14.10989296156913 1.5412114281207323 0.0
v -13.816969933919609 8.764607592485845 0.0
v 10.235128116037231 -10.01154197473079 0.0
v -3.8314739902853034 5.575773227028549 0.0
v 0.7898202606593259 -0.2163239549845457 0.0
v -0.6338366802083328 -3.6716686878353357 0.0
v -14.363980293623172 3.7638319125398993 0.0
v -7.4874560896423645 -3.3801108580082655 0.0
v 7.514266047917772 -3.247545540332794 0.0
v -13.159882752748672 -1.4329013787209988 0.0
v -6.107406863768119 -7.61876713950187 0.0
v 1.0410401895060204 -0.9545696554705501 0.0
v -10.91555412474554 -0.4116752203553915 0.0
v 5.787042168376502 -7.506743324920535 0.0
v -12.604407744889613 -8.981338662095368 0.0
v -7.493358084408101 -13.036264878697693 0.0
v 9.413019374012947 -12.165488765574992 0.0
v 1.356495150423143 1.346370667219162 0.0
v -9.940378778672311 8.762941126711667 0.0
v 7.790183853765484 -2.578247219324112 0.0
v 14.817087946692482 -2.2096859477460384 0.0
v -9.723836684366688 8.85744964517653 0.0
v -5.66462539753411 -11.370566754601896 0.0
v -6.809196904359851 9.917401503771544 0.0
v -14.772200227424037 -4.900504703633487 0.0
v 10.349447646585759 -14.853985025547445 0.0
v -5.6113909650594 2.534039121121168 0.0
v -11.444584291719366 9.435730243101716 0.0
v -2.1605727354181 -2.399513239040971 0.0
v -7.022910374391358 -12.810343896970153 0.0
v 8.402241192816291 -7.485822157934308 0.0
v -1.1586968982010148 -2.107387363910675 0.0
v -3.0776327007915825 6.256852581165731 0.0
v -5.015305693028495 5.842693390324712 0.0
v -12.033097204810474 13.75938938651234 0.0
v 13.062071070889942 4.018812291324139 0.0
v -13.193598115467466 -6.696142909117043 0.0
v -6.230084809358232 3.136048595421016 0.0
v 8.465671252750326 11.377230013720691 0.0
v 3.1298394709592685 -9.379070227965713 0.0
v -14.521323425578885 -10.236709689721465 0.0
v -9.540380620921496 0.0008015921339392662 0.0
v -4.097296776657458 -4.738055209629238 0.0
v 13.630556238465942 1.3314028233289719 0.0
v 11.723640126176178 -11.942715806886554 0.0
v 8.488936189329252 9.252373822964728 0.0
v -2.5193904324551113 2.8632398080080748 0.0
v 3.3656125247944146 -8.679562508128583 0.0
v -6.827483042201493 6.013635736890137 0.0
v -9.425730675109662 6.793778763152659 0.0
v 4.4268738138489425 9.29578363429755 0.0
v -3.972546676406637 3.5905575286597013 0.0
v 11.89339112432208 5.728461541235447 0.0
v -3.042362061678432 0.1575557254254818 0.0
v 2.2703575852210633 -14.331105403602123 0.0
v -6.326000661414582 -1.4331477815285325 0.0
v -0.1361772808013484 13.649199050851166 0.0
v -1.6571391021716408 -7.91417146101594 0.0
v 13.016122548317071 -1.3246891824528575 0.0
v 7.643459700921085 5.627531424164772 0.0
v 10.159090714878403 -0.9729658495634794 0.0
v -13.512845208111685 2.731043579056859 0.0
v 1.398179698153399 -14.045511104166508 0.0
v 7.431781541265082 6.6109575824812055 0.0
v -5.331445828720462 -1.8584956303238869 0.0
v -11.196352458558977 11.090729430317879 0.0
v 2.3134086744394153 -8.287906129844487 0.0
v 9.88005811237963 -3.2514370745047927 0.0
v -2.559470738051459 -13.428885729983449 0.0
v -6.976947275339626 -11.101758699864149 0.0
v 4.852209616859909 -4.627216172404587 0.0
v -8.241332509554923 11.992385576479137 0.0
v 4.133386395231355 -5.27972895372659 0.0
v 13.966874488978647 -6.475692266598344 0.0
v -10.06570778839523 -13.150538220070302 0.0
v 0.2889605723321438 13.08436151780188 0.0
v 2.959525892569218 0.721865052357316 0.0
v -8.937596868781839 -4.164609516039491 0.0
v 13.971805327630136 4.255452041514218 0.0
v -2.229963288002182 1.1793722631409764 0.0
v -6.1471652667969465 -9.958736278116703 0.0
v 8.970075185585301 -1.7454026201739907 0.0
v 1.7613808519090526 -6.3195724580436945 0.0
v 12.405541667714715 14.528429542668164 0.0
v -3.6742945393780246 2.268718332052231 0.0
v 1.6931019327021204 3.036080705933273 0.0
v 11.543461595487315 12.524677081033587 0.0
v -6.447433939087205 11.511664357967675 0.0
v -4.267519591783639 -6.611445817165077 0.0
v -10.909363176382612 -11.62629407364875 0.0
v 0.6711917662760243 -13.418135983869433 0.0
v 4.468079274869524 8.385901771485806 0.0
v -5.542104664433282 10.567077361047268 0.0
v -8.354149796417914 4.427113652229309 0.0
v 7.575390528596472 -2.3111956864595413 0.0
v 2.241484041500371 2.5559501433745027 0.0
v 9.907498714572284 13.792242128401995 0.0
v 0.20054598827846348 2.652852742932737 0.0
v -11.65930757561 9.027603596448898 0.0
v 3.3626475647324696 2.4526917450129986 0.0
v -13.82785030559171 7.712818984873593 0.0
v 14.674466215074062 -7.133480847813189 0.0
v -6.259646708553191 -11.102973388507962 0.0
v 6.599568992620334 -8.802107171155512 0.0
v -13.421914978360292 -0.4863309897482395 0.0
v -3.40404807619052 -13.06568928156048 0.0
v -5.366609636985231 4.342198554426432 0.0
v -5.638777567073703 -8.189845803193748 0.0
v 10.08567622618284 14.394627736881375 0.0
v -7.313751510810107 11.615368692204356 0.0
v -4.032094935537316 1.1988027766346931 0.0
v 1.3307841782807373 -11.0369165642187 0.0
v -2.2283429853850976 13.880203993059695 0.0
v -8.79449694068171 -2.5183405531570315 0.0
v -12.681812013266608 -1.7591016190126538 0.0
v -2.1472757476149127 11.47756765410304 0.0
v -1.709354980790522 11.88108773343265 0.0
v -4.695308513473719 6.347178142517805 0.0
v 9.703544397780206 9.726073311641812 0.0
v -10.66776120470604 10.766219076700509 0.0
v 2.1946453619166277 -2.75328600499779 0.0
v 7.443563431268558 -13.59857043158263 0.0
v 3.540035595651716 2.5944939563050866 0.0
v 12.51473820762476 6.89913971722126 0.0
v -7.330742897640448 -13.722153957001865 0.0
v -7.982264296268113 -10.58844264689833 0.0
v 5.590678517648485 -3.437855936586857 0.0
v -1.5663948244182393 -3.841171259060502 0.0
v -3.847187305393163 -5.124210450798273 0.0
v 3.4363415088155307 -0.4289694940671325 0.0
v -10.75585694576148 12.723121410235763 0.0
v -8.495173146016896 -7.312495505437255 0.0
v -8.447834375139792 -3.1555322501808405 0.0
v -3.602595296804793 -3.6773580629378557 0.0
v -10.818391238572076 2.856464239768684 0.0
v -0.5859333365224302 7.428155275061727 0.0
v 14.65288792346837 -10.322093062102795 0.0
v -14.118193947069813 -12.59360414557159 0.0
v 1.6228775561903603 -9.877807753160596 0.0
v -4.418860518897418 -2.8883139612153172 0.0
v -7.986296761082485 -0.6172525798901916 0.0
v 5.740379718015902 -1.8701920537278056 0.0
v 11.47669090598356 9.799125025980175 0.0
v -2.862135145056527 5.029070915654302 0.0
v 6.630679496447556 -6.167437010444701 0.0
v 14.103135006385855 7.152260975912213 0.0
v 1.9480186973814853 -13.191277700476348 0.0
v -12.28018348000478 -14.341665836051106 0.0
v -10.0054545000894 -14.509518259204924 0.0
v -3.868334788829088 10.116326047107577 0.0
v -11.027910976437852 -12.721652196720243 0.0
v 3.8415160467266105 13.934725714847445 0.0
v 14.661991115019191 9.132155730389059 0.0
v -7.749837876064703 -13.710725391283631 0.0
v -3.84829948208062 1.8195831710472703 0.0
v -13.906494191207457 -12.186814108863473 0.0
v -2.742238240491133 13.950397144071758 0.0
v -9.964937196928076 -4.803253003396094 0.0
v -6.482683256326709 -3.4219382191076875 0.0
v -7.223505619040225 3.756536303088069 0.0
v 14.304726124217268 12.306741269305348 0.0
v -3.8604058702476323 -0.5215377034619451 0.0
v -2.0923618331435136 -11.228165989741683 0.0
v 11.898552791972179 6.993111698888242 0.0
v 7.083476628351491 11.88658055011183 0.0
v -14.415358550148085 8.140974828973413 0.0
v -9.999081884801853 -2.358341014944017 0.0
v -0.8351135393604636 0.8897075718268752 0.0
v 14.536901489947923 8.325615211389959 0.0
v -2.27664961485425 10.205885333009064 0.0
v -12.938779388961848 -7.420674338936806 0.0
v -4.482595742156263 -2.9053133726119995 0.0
v -7.275803445896599 -14.999565260484815 0.0
v -12.868217968090903 6.342869559302926 0.0
v 3.242016692762263 -7.788399889133871 0.0
v 6.506317834195215 0.8778576701879501 0.0
v 3.7489156607189216 -9.897397576831281 0.0
v 13.417609933705535 14.014988521113992 0.0
v 2.503293118090369 2.458869457244873 0.0
v 3.8942726002424024 -10.10685121268034 0.0
v 11.783752763236407 -7.782364083454013 0.0
v -11.655730722588487 0.853195209056139 0.0
v -3.565834835229907 -0.40532092563807964 0.0
v -7.229936278017703 9.93422707170248 0.0
v -13.180839847656898 -4.427799287252128 0.0
v 2.7902816444984637 12.015798779204488 0.0
v -7.059841859212611 -1.7462515057995915 0.0
v 14.393383507442195 10.418284521438181 0.0
v 13.738596762588713 -0.9974904973059893 0.0
v 13.42348389653489 -0.10239403788000345 0.0
v -8.795064860605635 2.6877807350829244 0.0
v -11.571559401112609 14.201990097761154 0.0
v -0.6661738386028446 -0.2742626816034317 0.0
v -2.916185620299075 1.833444626070559 0.0
v -7.3915006629540585 5.910609883256257 0.0
v -4.443424056051299 -10.945083498954773 0.0
v -2.5942336126463488 4.195924125611782 0.0
v 14.837741177121643 12.644436497241259 0.0
v 2.8526328906300478 -9.68770900927484 0.0
v -10.933892607397866 -10.661377146840096 0.0
v -7.4255638046888635 -10.228806028142571 0.0
v 12.86722357274266 -6.63429881632328 0.0
v 7.217639694921672 -11.222813474945724 0.0
v -9.382629872940015 2.6860747216269374 0.0
v 0.504131656140089 3.1595293134450912 0.0
v -9.047410664206836 10.316487450152636 0.0
v 13.29187833488686 6.307974440976977 0.0
v 4.601720525126439 9.097130983136594 0.0
v 6.28274397214409 -1.1951473029330373 0.0
v -0.9228478514705785 5.148879520595074 0.0
v -14.146529959863983 11.815839937888086 0.0
v 13.146556718624197 12.263341054320335 0.0
v 7.633021390647627 5.942440859973431 0.0
v 8.106302484986372 12.002645653672516 0.0
v 8.206910316599533 -14.698480545543134 0.0
v -8.085178621986415 4.004215047694743 0.0
v 4.575186844856944 -9.627338146790862 0.0
v -0.2155980354291387 11.789601891301572 0.0
v -14.305230339930858 -1.3559452397748828 0.0
v 9.613291766378097 -13.152626094408333 0.0
v -11.67250482738018 8.05858622211963 0.0
v 13.51892254455015 13.914769523777068 0.0
v -1.118928175244946 2.763568341732025 0.0
v -13.142690641165245 7.958548274822533 0.0
v -6.163084581145085 8.889953291974962 0.0
v -12.33802729944 -8.557817283086479 0.0
v -10.916639419912826 12.307958331890404 0.0
v 2.6912520725745708 -3.804957459680736 0.0
v 8.907007983478252 11.982354543171823 0.0
v -14.41117773577571 10.84648515470326 0.0
v -3.6378400195972063 3.8360270261764526 0.0
v 6.541257519682404 -2.257786525413394 0.0
v -12.49858027958544 2.936795494519174 0.0
v -0.7679180769482628 7.596249672584236 0.0
v 14.262683384527918 1.1609649658203125 0.0
v -0.6187128316378221 0.9476569695398211 0.0
v -12.0052688200376 -6.395875117741525 0.0
v -13.741954593337141 -10.291530045680702 0.0
v -8.11051843513269 -7.056707369163632 0.0
v -11.545698857109528 1.1911660628393292 0.0
v -8.836728242749814 -13.79460864700377 0.0
v 5.630925327306613 7.763985273428261 0.0
v 14.62278777739266 -1.580283410847187 0.0
v 11.788097140030004 0.8503005718812346 0.0
v -5.339456222660374 0.5040412386879325 0.0
v 10.959796687646303 8.838574494235218 0.0
v 13.289193351520225 13.69362108875066 0.0
v 1.0653057703748345 9.994934612885118 0.0
v 2.0244433478219435 -8.378088764846325 0.0
v -4.548059269785881 0.544231585226953 0.0
v -11.805834055354353 3.1257012896239758 0.0
v -12.342106173629873 -7.531758604571223 0.0
v 8.202474546502344 -11.450927545316517 0.0
v -10.534773126244545 6.805907463654876 0.0
v 11.548970083647873 -9.069202997721732 0.0
v 7.2196467340691015 11.274647569283843 0.0
v -2.101467408356257 -14.091211422346532 0.0
v 2.48456078954041 9.003777778707445 0.0
v 3.7288808067678474 5.807196821086109 0.0
v -10.567690755065996 -6.032034202478826 0.0
v -4.518555665039457 10.976932018995285 0.0
v -13.202020380354952 -11.864151860587299 0.0
v -8.493437711091246 5.628904361277819 0.0
v 10.559898558596615 -2.7075580889359117 0.0
v -9.029170425492339 -2.2531192265450954 0.0
v -3.6601237024297006 -5.8907907623797655 0.0
v -12.308071572042536 0.9027515202760696 0.0
v 5.254416205687448 11.158788146451116 0.0
v 5.173688243434299 -5.604020579718053 0.0
v -14.578590741672087 -1.7658524941653013 0.0
v -11.915738953393884 -5.946073668077588 0.0
v -4.737752085260581 -2.147186480462551 0.0
v -4.457032176782377 -2.373075246810913 0.0
v -2.819954904494807 1.6557967560365796 0.0
v 5.816891389840748 7.063501277938485 0.0
v -11.12709219561657 -4.922575387172401 0.0
v -8.218109090230428 14.198386367410421 0.0
v 6.387201704957988 -0.033444938249886036 0.0
v 2.622180479229428 8.15400888863951 0.0
v -6.593966210843064 2.106852864846587 0.0
v 12.156079984561075 -14.90215874183923 0.0
v 10.008836196851917 4.416662790812552 0.0
v 1.5442166666616686 0.329779832623899 0.0
v -14.4689701088937 -8.73828355781734 0.0
v -8.197663039783947 -10.703694599680603 0.0
v 9.951470321975648 12.056512081995606 0.0
v 14.069807953899726 9.35523836594075 0.0
v -5.1675416404614225 1.4010119652375579 0.0
v -0.9536975782830268 -3.856261981651187 0.0
v 5.25450473302044 -7.764558823779225 0.0
v 12.554850490181707 -10.572299158200622 0.0
v -13.76604885753477 -9.35290845297277 0.0
v -13.682997217401862 2.622141806408763 0.0
v -13.467483338608872 -11.84944842942059 0.0
v 0.41004396532662213 -0.4193345922976732 0.0
v -1.2762732914998196 -12.276800793595612 0.0
v -4.525561940739863 -10.247958038933575 0.0
v -1.2311288405326195 -4.029889354482293 0.0
v 9.367742861330044 13.870462279766798 0.0
v -7.072509009565692 9.8448317758739 0.0
v -12.326203898352105 4.450584141537547 0.0
v -9.02713466831483 -4.534625781700015 0.0
v 14.680022249638569 -3.7175524877384305 0.0
v -7.642107029561885 13.718401240184903 0.0
v 2.2883974469150417 -10.525166301988065 0.0
v -9.750634858384728 5.295363882556558 0.0
v 7.943787493102718 5.414564421400428 0.0
v -11.338911840866785 -1.6146544320508838 0.0
v -8.017645995947532 -8.334856502711773 0.0
v -0.5042371858726256 6.538845052011311 0.0
v 13.682870695600286 14.668161158449948 0.0
v -13.10059648368042 10.837381847202778 0.0
v 5.925699754618108 4.021456531248987 0.0
v 5.5016537006013095 -7.0550632243976 0.0
v -4.61495258443756 2.973856098949909 0.0
v -4.055177086149342 1.653713971376419 0.0
v -9.337744577147532 -0.8746347511187196 0.0
v 0.2926553469733335 7.240260825492442 0.0
v -10.387208929634653 -2.988742457702756 0.0
v -10.664295308873989 -8.965422126464546 0.0
v 3.4654339296394028 -6.537179606966674 0.0
v 10.761536542035174 -11.275129530578852 0.0
v 2.0679354449966922 7.145031496882439 0.0
v 12.854461647744756 13.085304021835327 0.0
v -1.8305482602445409 -5.6460724556818604 0.0
v -9.644441061420366 -3.489331995137036 0.0
v 10.20974980504252 -1.4891842678189278 0.0
v -13.853619239467662 2.158097322098911 0.0
v -1.2082843907992356 -6.143111317418516 0.0
v 4.3372804745449685 9.88886115141213 0.0
v 1.7998625176842324 -13.235206313431263 0.0
v -11.331736566440668 -5.1010210840031505 0.0
v -4.780936707975343 -5.013082565739751 0.0
v -11.499577458191197 -6.678102837875485 0.0
v -12.298613964288961 8.657879169099033 0.0
v 4.432734901085496 12.919849646277726 0.0
v -11.98784963064827 -14.097759252414107 0.0
v 11.69431033107685 -1.6517638759687543 0.0
v -4.203808689489961 7.648430706001818 0.0
v 12.641038621717598 3.6133393635973334 0.0
v 13.499968427291606 2.47448493167758 0.0
v 2.1588062056689523 14.54559110570699 0.0
v -0.41505271865753457 -0.32481874991208315 0.0
v -0.9352338207536377 4.005215688608587 0.0
v 10.318380275333766 12.195640398189425 0.0
v 7.059194629022386 -9.774071358144283 0.0
v -9.46114899852546 -12.65101310517639 0.0
v 0.44699688849505037 6.737247339449823 0.0
v -6.859019902243745 -6.841932860203087 0.0
v 2.9810543408384547 -11.641582202166319 0.0
v -0.2321911338949576 9.848420245572925 0.0
v -6.2265774086117744 4.798288932070136 0.0
v -1.0437518514227122 -6.098130694590509 0.0
v 7.207094320037868 -12.682194492779672 0.0
v -12.978161604492925 -11.935084147378802 0.0
v -7.054834035632666 14.678153303451836 0.0
v -1.0067822259152308 -0.939751997590065 0.0
v -4.183110147132538 11.205201751552522 0.0
v 7.27505671948893 -2.272464989684522 0.0
v -0.6765278453240171 12.871954551897943 0.0
v 4.57560655917041 10.178449586033821 0.0
v -14.532295970246196 -5.6537454556673765 0.0
v -8.085961407341529 -13.155091440305114 0.0
v -6.073525380634237 -6.630102978087962 0.0
v 8.793700261681806 9.216923137195408 0.0
v -11.51191229262622 0.4612517962232232 0.0
v 9.682624757522717 -1.1904115146026015 0.0
v -0.6313380275387317 5.481380878947675 0.0
v 1.975208707852289 -8.535373938269913 0.0
v 5.100788503419608 11.954597269184887 0.0
v 7.246601911028847 3.14590264018625 0.0
v 7.850768299191259 11.090868163853884 0.0
v -5.0038119768723845 7.464351333677769 0.0
v 11.836108867893927 10.626824448816478 0.0
v -10.403575577773154 -3.2243031561374664 0.0
v -9.089892181684263 -9.26902386546135 0.0
v -1.0131698859040625 6.4453159449622035 0.0
v -11.593063559033908 2.0181918274611235 0.0
v -4.676425101759378 2.2990974644199014 0.0
v 0.009909726912155747 8.014615178108215 0.0
v 1.7703390282113105 -4.754138512536883 0.0
v -12.033195990254171 7.109762822277844 0.0
v 13.295995396794751 -2.6308261090889573 0.0
v 1.785109132702928 -4.049727187491953 0.0
v 4.399384745105635 6.162589054554701 0.0
v 8.924557344755158 -3.7023896276950836 0.0
v -0.006503556272946298 9.141189229674637 0.0
v -0.3027290792670101 -1.810150801204145 0.0
v -2.9718478998402134 5.734056734479964 0.0
v -8.0376508407644 -8.14759957510978 0.0
v -5.678079565404914 14.338562761433423 0.0
v -5.992791037482675 -10.72426858637482 0.0
v 8.085937751748133 -7.8568279799073935 0.0
v -11.331323805614375 -13.255941790528595 0.0
v 10.85726870270446 -14.234497358091176 0.0
v 12.601963947585318 2.416797316633165 0.0
v 0.8913114705355838 -13.581374539993703 0.0
v -3.7127771091181785 -3.3338126400485635 0.0
v -11.783439297112636 -14.754694416187704 0.0
v -4.035385103314184 -10.087391500361264 0.0
v 4.557382229191717 -9.07434995379299 0.0
v -6.491645185276866 4.467321687377989 0.0
v 12.133775205060374 12.023487664759159 0.0
v -8.699135470902547 -2.292527717538178 0.0
v 12.033734425203875 5.822307025082409 0.0
v -1.0498465027776547 11.168573421426117 0.0
v -4.359497011406347 -11.46313330065459 0.0
v -13.074229985417333 3.212839304469526 0.0
v 5.575347359990701 2.8521036626771092 0.0
v 13.08533684629947 -1.0326234083622694 0.0
v -12.790234531683382 -8.545483308844268 0.0
v 7.164892888569739 -1.8898848630487919 0.0
v -9.352810759097338 -2.256043741479516 0.0
v -7.869238287094049 -0.9420252721756697 0.0
v -11.982757791120093 -7.196449970826507 0.0
v -8.494809086725581 -11.467959585599601 0.0
v -9.828973552794196 -1.1605181591585279 0.0
v 10.507095219567418 -13.86986219137907 0.0
v -10.96852582442807 -1.6374200247228146 0.0
v 0.5464904343243688 12.524120128713548 0.0
v 10.603743604326155 -7.892788046039641 0.0
v 10.34588334086584 6.305994130671024 0.0
v -2.476423016632907 11.412999961525202 0.0
v -10.46327820426086 -8.165105394087732 0.0
v 5.94828834629152 13.7972825570032 0.0
v -4.312252905510832 -7.092078443616629 0.0
v 8.075527691980824 -13.542218497022986 0.0
v -10.29806267755339 -13.072486109100282 0.0
v 2.5480234287679195 10.591528465040028 0.0
v 13.878310629923362 -1.3826306983828545 0.0
v 1.1878972203703597 -1.3792283926159143 0.0
v -0.9618951512966305 0.5325108878314495 0.0
v -1.5768858675728552 -2.8792741196230054 0.0
v 2.7193595242570154 10.54582623578608 0.0
v 11.248968840867747 -14.663319953717291 0.0
v -11.48484176810598 -11.456043042242527 0.0
v -9.12232505431166 -14.82591956667602 0.0
v 7.4646351099945605 13.209498753771186 0.0
v 2.6449565677321516 4.151386947371066 0.0
v 8.659731816558633 -12.124822018668056 0.0
v -8.999296767695341 10.163940904662013 0.0
v -11.604138311988208 8.258038245141506 0.0
v 4.627078518504277 -4.371687879785895 0.0
v -13.718522685929202 -0.4626852087676525 0.0
v -14.241176720533986 -1.135037518106401 0.0
v 4.434636183548719 -2.018574866466224 0.0
v 8.54060119931819 13.207686404697597 0.0
f 1036 479 1578
f 479 1036 164
f 1336 1768 444
f 1056 479 164
f 1484 659 164
f 1036 651 164
f 1254 651 1497
f 1543 1143 730
f 10 1585 388
f 464 1036 1578
f 1952 210 1726
f 1990 1952 1726
f 1518 1990 1726
f 1678 4 1299
f 1952 1702 1035
f 1702 1952 1990
f 1247 996 1753
f 996 1247 1376
f 996 407 1753
f 704 1191 1900
f 1191 1628 1900
f 1247 1194 1376
f 1194 1969 1376
f 1969 1194 704
f 1194 1191 704
f 152 870 479
f 1398 10 1941
f 1428 503 499
f 1751 1428 499
f 1428 1751 159
f 1751 1706 159
f 1706 1751 1523
f 159 1722 1273
f 1706 1722 159
f 659 1501 164
f 58 555 273
f 555 1484 273
f 684 58 273
f 1254 185 651
f 1399 1254 1497
f 948 1296 1726
f 72 1826 1693
f 1951 72 1693
f 1870 341 869
f 1952 333 210
f 333 1701 663
f 1701 333 1952
f 321 1056 210
f 891 1678 1312
f 4 891 1726
f 1678 891 4
f 69 891 1312
f 69 1518 1726
f 891 69 1726
f 1440 704 1900
f 435 1134 161
f 1945 1656 1178
f 1754 1008 681
f 1569 1583 1204
f 1569 1678 1299
f 1569 1707 1678
f 4 956 1299
f 1430 1440 1900
f 1440 1430 1916
f 1518 554 1990
f 1792 435 715
f 1902 967 715
f 435 1902 715
f 1229 211 485
f 211 1229 431
f 1829 1813 1711
f 996 1873 407
f 1239 1628 1095
f 1628 1239 1900
f 1239 1430 1900
f 1430 1239 924
f 1155 1754 681
f 1544 1384 380
f 1544 440 1384
f 581 1655 1543
f 117 1585 10
f 1398 117 10
f 1585 117 650
f 117 1398 650
f 1231 72 1438
f 932 1205 1836
f 967 409 715
f 409 1229 715
f 1041 276 1422
f 437 159 1273
f 1597 997 1459
f 930 1751 1137
f 1751 1714 1523
f 1617 844 784
f 844 1617 981
f 1146 1706 1840
f 1146 1722 1706
f 962 169 803
f 1484 872 659
f 555 872 1484
f 1560 684 273
f 1560 1484 164
f 1484 1560 273
f 1560 1111 684
f 1111 1006 1854
f 1335 204 17
f 1092 464 574
f 651 1303 1497
f 1998 1303 651
f 1823 651 1036
f 285 1823 1036
f 416 1786 582
f 651 1491 164
f 185 1491 651
f 1881 1089 1254
f 1089 185 1254
f 1089 1491 185
f 1089 1560 164
f 1491 1089 164
f 422 1579 1768
f 422 1834 1579
f 422 948 1726
f 1834 1988 1579
f 146 1946 1158
f 1171 1179 650
f 1585 1179 388
f 1179 1585 650
f 1582 1171 650
f 1231 1582 650
f 1582 1231 1438
f 1826 1725 1693
f 1003 1041 1687
f 1951 1003 1687
f 1003 1951 1693
f 1725 1003 1693
f 1919 447 199
f 860 1595 1870
f 1595 1970 1870
f 1970 1595 558
f 1172 1870 869
f 1172 860 1870
f 1694 1172 869
f 1970 643 1870
f 643 341 1870
f 154 1919 199
f 722 615 1561
f 341 933 869
f 933 1818 1957
f 1818 933 341
f 382 1061 722
f 991 28 663
f 28 333 663
f 1890 1701 1952
f 1701 1890 663
f 1890 1448 663
f 991 837 271
f 407 793 1753
f 1873 1420 407
f 1420 793 407
f 793 1420 1541
f 479 1594 1496
f 1056 1594 479
f 358 1969 704
f 1440 358 704
f 358 1466 1969
f 1466 358 1204
f 358 1440 1916
f 1678 1400 1312
f 1707 1400 1678
f 300 1104 418
f 1104 1088 418
f 1315 413 1634
f 509 92 439
f 92 509 402
f 1656 1576 1178
f 1576 1104 1178
f 1104 1576 1088
f 1623 999 1754
f 999 1008 1754
f 1549 1569 1299
f 1569 1549 1583
f 1707 645 1916
f 1569 645 1707
f 645 1569 1204
f 358 645 1204
f 645 358 1916
f 1702 583 1035
f 583 443 1035
f 554 495 1990
f 1384 1685 380
f 359 435 161
f 359 1902 435
f 224 1711 485
f 1685 208 380
f 805 1829 1711
f 345 338 201
f 338 345 574
f 464 1500 574
f 1500 338 574
f 1977 1873 1384
f 1977 440 568
f 440 1977 1384
f 1286 1977 568
f 1977 1286 1873
f 1929 1873 996
f 1929 451 1384
f 1873 1929 1384
f 735 1176 1623
f 1583 735 1204
f 1176 735 1583
f 1969 1473 1376
f 1838 1473 1969
f 106 1623 1754
f 106 735 1623
f 1466 106 1969
f 106 1838 1969
f 106 1466 1204
f 735 106 1204
f 750 1287 198
f 1287 750 1353
f 152 1053 1175
f 451 609 1862
f 1544 1054 440
f 440 1138 568
f 973 588 1813
f 973 1824 588
f 1124 235 1175
f 152 235 870
f 235 152 1175
f 1590 1124 1175
f 672 581 499
f 581 1446 1856
f 551 1381 1342
f 1529 1143 1543
f 178 87 1860
f 1231 404 72
f 1826 404 1099
f 72 404 1826
f 1621 1381 1442
f 1381 1621 1342
f 584 483 1614
f 1648 1214 1386
f 1762 1965 283
f 174 1648 1386
f 1648 174 1965
f 1965 174 283
f 18 1984 1565
f 1984 932 1565
f 1205 1630 1836
f 1630 1397 1836
f 932 255 1565
f 240 421 1379
f 768 1951 1687
f 1248 731 1674
f 932 521 1205
f 1248 521 731
f 1266 118 431
f 1380 463 1561
f 118 463 1380
f 320 211 431
f 118 320 431
f 211 320 1367
f 320 1380 1367
f 320 118 1380
f 357 409 230
f 357 1266 431
f 1266 357 230
f 1229 357 431
f 409 357 1229
f 1316 276 1041
f 1712 1316 1335
f 1428 1483 503
f 1256 1483 1428
f 1267 997 1949
f 997 1267 1459
f 1331 1797 633
f 1797 1331 1300
f 456 1597 1459
f 1797 456 1459
f 456 1797 1300
f 1640 1956 905
f 1640 98 1956
f 1096 119 1110
f 1714 1181 119
f 119 1181 1110
f 1181 1714 1751
f 403 844 981
f 794 1019 1629
f 1230 169 15
f 432 392 1185
f 392 21 1185
f 197 228 21
f 392 197 21
f 197 1188 1865
f 228 197 1865
f 228 938 21
f 7 872 555
f 1786 1961 582
f 1595 1389 558
f 113 1425 214
f 1804 1006 1786
f 225 547 492
f 1804 547 1006
f 204 465 370
f 194 1105 17
f 1105 194 348
f 1040 68 58
f 1040 1854 184
f 684 1040 58
f 1111 1040 684
f 1040 1111 1854
f 68 1086 58
f 1086 68 1727
f 1086 555 58
f 1086 7 555
f 1402 1092 574
f 1772 1998 651
f 1823 1772 651
f 948 267 1512
f 422 267 948
f 422 397 328
f 766 397 1336
f 1336 397 1768
f 397 422 1768
f 1391 1336 444
f 1391 766 1336
f 852 1391 444
f 1988 1948 1579
f 1143 661 730
f 1010 125 670
f 1288 779 282
f 1288 282 644
f 1097 146 1158
f 1698 36 229
f 1899 630 541
f 630 1899 192
f 829 1030 1476
f 610 630 1039
f 27 1946 146
f 1899 1528 192
f 570 1391 107
f 1391 570 766
f 1825 1003 1725
f 1825 1725 1826
f 1825 1826 1099
f 765 355 1365
f 355 390 1365
f 390 355 765
f 696 390 1694
f 390 963 1694
f 963 1172 1694
f 1172 963 860
f 1820 1919 1735
f 1820 447 1919
f 154 1566 1919
f 1566 1970 558
f 1566 1972 1970
f 91 1380 1561
f 615 91 1561
f 91 615 616
f 1380 91 1367
f 91 616 1367
f 1686 615 722
f 615 1686 616
f 1061 1686 722
f 236 1686 1061
f 1686 236 616
f 864 1335 17
f 1105 864 17
f 864 1712 1335
f 864 1105 348
f 1712 864 348
f 585 933 1957
f 382 585 1957
f 505 991 1164
f 505 28 991
f 333 238 210
f 28 238 333
f 238 321 210
f 991 617 1164
f 1691 617 991
f 617 321 1164
f 321 617 1056
f 617 1691 1056
f 1628 1981 1095
f 1191 1981 1628
f 1947 1704 1448
f 1908 1815 271
f 1005 1709 1277
f 1709 1005 1691
f 1709 991 271
f 1709 1691 991
f 1960 1082 436
f 1104 763 1178
f 1960 763 1104
f 763 1960 126
f 840 549 1692
f 1424 176 1620
f 1424 840 1692
f 1850 38 1315
f 713 1850 1315
f 713 1945 1178
f 713 1315 1634
f 1945 713 1634
f 46 1134 681
f 413 46 1634
f 1134 46 161
f 46 1008 1634
f 1008 46 681
f 92 360 406
f 360 92 402
f 525 360 402
f 525 65 667
f 65 525 402
f 38 1953 667
f 1953 38 1850
f 509 243 402
f 213 243 509
f 243 65 402
f 1458 213 509
f 1458 509 1611
f 1176 1047 1656
f 1047 1576 1656
f 1576 1047 1088
f 1047 1176 1583
f 1047 1583 418
f 1088 1047 418
f 1261 1176 1656
f 1176 1261 1623
f 1261 999 1623
f 1945 1261 1656
f 1008 1213 1634
f 1213 1945 1634
f 1213 1261 1945
f 1261 1213 999
f 914 457 956
f 1549 457 1583
f 1583 457 418
f 457 914 418
f 956 457 1299
f 457 1549 1299
f 425 583 1702
f 425 1702 1990
f 1239 425 924
f 495 425 1990
f 425 495 924
f 583 425 443
f 443 425 1095
f 425 1239 1095
f 1794 1430 924
f 495 1794 924
f 664 495 554
f 664 1794 495
f 664 554 1518
f 700 1685 1384
f 1564 359 161
f 1667 236 1061
f 1818 1667 1957
f 1667 382 1957
f 382 1667 1061
f 211 1855 485
f 1855 224 485
f 1343 236 1879
f 224 1343 1879
f 616 1343 1367
f 236 1343 616
f 928 1229 485
f 1229 928 715
f 928 1792 715
f 928 208 1792
f 537 805 1711
f 1829 978 1451
f 805 978 1829
f 1668 674 199
f 816 1420 1873
f 1286 816 1873
f 1155 743 1376
f 743 996 1376
f 743 1929 996
f 1155 1679 1754
f 1679 1473 1838
f 1679 1155 1376
f 1473 1679 1376
f 1679 106 1754
f 106 1679 1838
f 1420 295 1541
f 1541 295 198
f 295 750 198
f 750 295 1353
f 295 816 1353
f 816 295 1420
f 1149 1286 568
f 609 278 1862
f 278 609 1155
f 278 1155 681
f 1134 278 681
f 609 1467 1155
f 1467 743 1155
f 743 1467 1929
f 1929 1467 451
f 1467 609 451
f 588 603 1813
f 603 1054 1544
f 1054 693 440
f 693 1138 440
f 1138 693 588
f 693 603 588
f 603 693 1054
f 1138 1968 568
f 1824 245 1451
f 1915 527 1578
f 479 1915 1578
f 870 1915 479
f 497 527 1124
f 497 1590 947
f 1590 497 1124
f 1824 497 947
f 690 497 1451
f 497 1824 1451
f 1574 672 499
f 1796 1574 499
f 1446 296 1225
f 296 1574 1225
f 1574 296 672
f 672 296 581
f 296 1446 581
f 1269 1446 1225
f 1486 1269 1156
f 1156 1269 1351
f 1269 1170 1351
f 1381 1817 1442
f 551 1817 1381
f 747 83 586
f 83 747 745
f 83 1236 586
f 1236 507 70
f 1236 83 507
f 24 1486 1156
f 261 1734 480
f 1734 261 534
f 1339 293 1755
f 293 534 1755
f 1734 293 1339
f 293 1734 534
f 907 1529 1543
f 32 907 572
f 907 32 1529
f 1655 1160 1543
f 1160 907 1543
f 261 1160 534
f 907 1160 572
f 1866 325 123
f 1270 325 173
f 1676 325 913
f 325 1676 123
f 39 1321 1866
f 1962 1866 123
f 426 1962 396
f 1962 39 1866
f 87 1835 1860
f 719 1835 831
f 998 1482 1645
f 1482 399 1645
f 404 141 1099
f 1263 141 404
f 1310 384 1417
f 1282 806 1695
f 483 957 1116
f 174 957 283
f 957 174 1116
f 520 483 584
f 520 375 1551
f 1912 1648 1965
f 1785 1762 1695
f 1310 1785 1695
f 1785 1310 1417
f 1147 1762 283
f 1350 174 1386
f 174 1350 1116
f 1984 165 932
f 165 521 932
f 521 165 731
f 731 165 1674
f 1729 556 396
f 426 556 1357
f 556 426 396
f 548 556 1729
f 1359 1984 18
f 1359 1227 1984
f 1359 18 1941
f 10 1359 1941
f 240 1520 421
f 1352 1520 1395
f 1520 1352 421
f 306 531 1237
f 979 810 439
f 810 979 1334
f 349 768 262
f 349 1681 1438
f 1681 349 262
f 768 349 1951
f 72 349 1438
f 349 72 1951
f 1681 1986 1438
f 1986 1582 1438
f 1582 1986 1171
f 1986 1179 1171
f 378 1681 262
f 378 1292 1681
f 768 1535 262
f 1535 378 262
f 276 1886 1422
f 332 1642 1152
f 1489 634 229
f 518 1383 306
f 395 1383 148
f 1626 368 1237
f 368 306 1237
f 368 518 306
f 1937 1781 1674
f 1781 531 306
f 1059 1937 1674
f 165 1059 1674
f 1487 662 1999
f 190 1248 1674
f 946 348 1561
f 463 946 1561
f 592 946 463
f 1712 592 134
f 592 1712 348
f 946 592 348
f 1266 167 118
f 167 463 118
f 167 592 463
f 167 1266 134
f 592 167 134
f 359 1917 1902
f 1902 1917 967
f 944 1917 1396
f 758 1917 61
f 1917 758 1396
f 1483 723 503
f 723 997 1597
f 253 1388 1799
f 429 253 1799
f 131 1788 1597
f 503 1313 499
f 1045 1313 503
f 1313 1788 131
f 1788 1313 1045
f 1331 773 1300
f 773 1198 1300
f 1743 131 1597
f 456 1743 1597
f 1706 1275 1840
f 945 1714 119
f 1714 945 1523
f 847 587 405
f 945 847 1523
f 847 945 587
f 405 953 452
f 587 953 405
f 1096 1765 119
f 1765 945 119
f 945 1765 587
f 1765 1877 905
f 1765 1096 1877
f 785 98 2
f 1877 1165 905
f 1165 1640 905
f 1640 1165 43
f 481 1165 1637
f 1165 481 43
f 150 1640 43
f 1640 150 98
f 789 481 1637
f 789 477 803
f 477 789 1637
f 481 1057 43
f 462 1864 1137
f 1165 1469 1637
f 1469 1165 1877
f 1469 477 1637
f 930 1775 1110
f 960 1013 2
f 1013 785 2
f 785 1013 1382
f 98 849 2
f 849 960 2
f 936 472 886
f 1096 1800 1877
f 1800 1469 1877
f 1469 1800 1731
f 1800 1096 1110
f 1775 1800 1110
f 1800 1775 1731
f 821 930 1110
f 1181 821 1110
f 930 821 1751
f 821 1181 1751
f 448 719 981
f 1617 448 981
f 1835 448 1860
f 448 1835 719
f 1613 178 1860
f 403 101 1599
f 101 403 848
f 403 726 848
f 726 253 429
f 455 1013 234
f 1013 455 1382
f 455 1672 429
f 1672 455 234
f 1973 794 1629
f 854 1973 1629
f 1973 299 794
f 299 1973 854
f 729 411 1418
f 729 1019 411
f 1019 902 1629
f 902 1019 419
f 1323 379 1415
f 1323 1511 1909
f 1419 1323 1909
f 1364 1323 1419
f 475 419 1415
f 760 1705 962
f 1895 760 1415
f 760 1323 1415
f 760 962 803
f 477 760 803
f 30 1369 1889
f 1705 30 1889
f 30 729 1418
f 729 30 5
f 203 169 962
f 169 203 15
f 703 1923 1369
f 1482 1211 399
f 290 1211 1795
f 665 307 2000
f 1230 1852 169
f 1852 1230 2000
f 307 1852 2000
f 1852 307 1311
f 182 1783 1188
f 1501 182 432
f 1783 182 1501
f 105 1501 659
f 105 1373 1501
f 1373 1012 1501
f 1474 1040 184
f 1040 1474 68
f 822 1111 1560
f 822 1006 1111
f 1006 822 1786
f 822 1961 1786
f 1615 416 582
f 1961 1615 582
f 1615 822 1560
f 822 1615 1961
f 1931 865 492
f 865 225 492
f 865 1389 113
f 1919 739 1735
f 1389 739 558
f 739 1566 558
f 1566 739 1919
f 1360 1804 1786
f 1804 1360 1931
f 1360 1023 1931
f 416 1360 1786
f 547 1688 492
f 1688 547 1804
f 1688 1931 492
f 1688 1804 1931
f 1401 547 225
f 1618 465 204
f 141 1618 1099
f 1618 141 465
f 1108 1429 1233
f 367 204 370
f 204 367 17
f 367 194 17
f 482 1364 1419
f 1666 482 1710
f 1361 18 1565
f 1848 1361 1565
f 18 1361 1941
f 151 932 1836
f 151 255 932
f 1207 228 269
f 1207 938 228
f 1402 1127 1092
f 464 1127 1036
f 1092 1127 464
f 1127 285 1036
f 1127 1402 285
f 1658 1390 199
f 447 1658 199
f 1658 447 1399
f 1409 1772 1823
f 1409 1823 285
f 1772 1409 1998
f 1023 223 1931
f 360 1716 406
f 1716 360 525
f 94 1659 436
f 1112 1659 94
f 948 57 1296
f 1368 948 1512
f 267 1608 1512
f 1608 1368 1512
f 705 1078 1903
f 721 1078 1232
f 1675 1391 852
f 1391 1675 107
f 1506 1980 1768
f 289 1570 1993
f 282 1521 644
f 1521 304 644
f 714 1007 1598
f 829 1007 1030
f 86 478 670
f 478 1010 670
f 661 478 86
f 478 661 1143
f 779 1426 282
f 1426 86 670
f 1426 779 86
f 1426 714 1598
f 714 1426 670
f 1521 1426 1598
f 1426 1521 282
f 972 661 86
f 779 972 86
f 661 972 730
f 972 1834 730
f 779 362 1834
f 1288 362 779
f 362 1988 1834
f 362 1288 1988
f 458 1948 1988
f 1288 458 1988
f 458 1288 644
f 63 1407 1158
f 1407 1097 1158
f 1407 63 1698
f 1097 1407 229
f 1097 1284 146
f 1284 1097 229
f 806 189 594
f 63 1366 1698
f 1366 36 1698
f 1366 63 218
f 36 1366 1238
f 934 630 192
f 1249 776 1246
f 1249 1899 541
f 1249 533 776
f 1030 275 1476
f 275 1007 714
f 1007 275 1030
f 1042 275 125
f 275 714 670
f 125 275 670
f 610 898 630
f 630 898 541
f 898 27 541
f 27 898 1946
f 533 1085 776
f 12 675 1246
f 1550 1522 12
f 570 655 766
f 249 570 107
f 249 1550 570
f 52 1618 204
f 52 1825 1099
f 1618 52 1099
f 1825 256 1003
f 1003 256 1041
f 52 256 1825
f 256 1316 1041
f 1316 256 1335
f 256 204 1335
f 256 52 204
f 1279 1429 1326
f 1429 1279 1233
f 1020 1595 860
f 963 1020 860
f 1020 1389 1595
f 699 390 765
f 699 963 390
f 1425 699 765
f 699 1425 113
f 1389 699 113
f 1020 699 1389
f 699 1020 963
f 1580 1841 1932
f 1455 1881 1254
f 1455 416 1881
f 643 1062 341
f 1062 643 1970
f 321 1251 1164
f 238 1251 321
f 1251 505 1164
f 505 1251 28
f 1251 238 28
f 1546 1320 1277
f 1320 1005 1277
f 1320 842 1594
f 842 1320 1546
f 1320 1594 1056
f 430 1981 1704
f 1947 430 1704
f 1981 430 1095
f 430 443 1095
f 443 430 1035
f 1890 544 1448
f 544 1947 1448
f 544 1952 1035
f 544 1890 1952
f 430 544 1035
f 544 430 1947
f 33 1194 1247
f 1194 33 1191
f 1145 602 1704
f 1145 1981 1191
f 1981 1145 1704
f 33 1145 1191
f 837 673 271
f 673 1908 271
f 1709 1847 1277
f 1847 1709 271
f 1815 1847 271
f 179 1847 1815
f 47 796 1546
f 47 1546 1277
f 47 179 1815
f 1847 47 1277
f 47 1847 179
f 796 47 1540
f 1908 47 1815
f 1594 166 1496
f 842 166 1594
f 300 1069 237
f 1069 286 237
f 1069 300 418
f 1296 1245 1726
f 1245 4 1726
f 1082 627 237
f 627 1082 1960
f 627 1960 1104
f 627 300 237
f 627 1104 300
f 286 461 237
f 461 1082 237
f 461 94 436
f 1082 461 436
f 1953 294 126
f 294 1953 1850
f 1112 1622 49
f 57 1060 1296
f 1060 57 575
f 1060 94 1296
f 1060 1112 94
f 549 801 1692
f 1157 1424 1692
f 1424 1157 176
f 1922 1424 1620
f 1424 1922 840
f 490 413 1315
f 38 490 1315
f 65 1507 667
f 1642 1819 1152
f 1065 121 1080
f 1065 92 406
f 121 1065 406
f 1070 1259 742
f 1553 525 667
f 1953 1553 667
f 1553 1953 126
f 1530 243 213
f 243 1530 65
f 1163 1611 1379
f 1163 1458 1611
f 460 1163 1379
f 1458 1265 213
f 1265 1163 460
f 1163 1265 1458
f 999 336 1008
f 336 1213 1008
f 1213 336 999
f 25 1707 1916
f 25 1400 1707
f 1430 25 1916
f 1794 25 1430
f 451 1943 1384
f 1943 700 1384
f 1943 451 1862
f 278 1943 1862
f 1943 278 1134
f 1792 530 435
f 530 1134 435
f 530 1943 1134
f 700 740 1685
f 208 740 1792
f 740 208 1685
f 619 758 61
f 46 1661 161
f 1661 46 413
f 1855 1631 224
f 1631 1343 224
f 1343 1631 1367
f 1257 928 485
f 1257 603 1544
f 603 1257 1813
f 1711 1257 485
f 1813 1257 1711
f 224 1461 1711
f 1461 537 1711
f 1461 224 1879
f 1103 690 1451
f 978 1103 1451
f 1103 338 690
f 338 1103 201
f 537 1928 805
f 1928 978 805
f 1461 1928 537
f 1928 1103 978
f 345 688 574
f 688 1668 1563
f 1409 688 1563
f 688 1409 285
f 688 1402 574
f 1402 688 285
f 1390 67 199
f 67 1668 199
f 1668 67 1563
f 67 1390 1998
f 1409 67 1998
f 67 1409 1563
f 660 412 1053
f 1568 1287 1353
f 1568 96 1287
f 1837 660 1053
f 1837 479 1496
f 1837 152 479
f 1837 1053 152
f 1887 1138 588
f 1887 1968 1138
f 1824 1887 588
f 1724 1590 1175
f 1590 1724 947
f 1724 1968 947
f 1053 1724 1175
f 1724 412 1132
f 412 1724 1053
f 1805 1724 1132
f 1724 1805 1968
f 973 191 1824
f 191 245 1824
f 1829 191 1813
f 191 973 1813
f 1885 1829 1451
f 245 1885 1451
f 1885 191 1829
f 191 1885 245
f 527 1050 1124
f 1915 1050 527
f 1050 1915 870
f 235 1050 870
f 1050 235 1124
f 497 1738 527
f 1738 497 690
f 338 1738 690
f 1500 1738 338
f 910 1135 74
f 1936 1269 1225
f 1269 1936 1170
f 1269 410 1446
f 410 1269 1486
f 1446 410 1856
f 410 581 1856
f 410 1655 581
f 410 24 1655
f 24 410 1486
f 1135 931 1170
f 694 1504 798
f 143 1504 612
f 314 798 218
f 1330 610 1039
f 898 1330 1946
f 1330 898 610
f 1475 32 572
f 246 160 1342
f 160 551 1342
f 160 19 551
f 160 246 586
f 1236 160 586
f 160 1236 19
f 1621 147 1342
f 147 246 1342
f 487 147 1621
f 147 487 246
f 246 487 586
f 1206 1037 608
f 1037 1206 310
f 720 1037 310
f 608 1037 1755
f 1037 1339 1755
f 1106 1236 70
f 1037 1106 1339
f 1106 1037 720
f 1236 1106 19
f 24 540 1655
f 534 540 1755
f 540 1160 1655
f 1160 540 534
f 1377 337 1351
f 337 1156 1351
f 337 24 1156
f 337 1206 608
f 337 1377 1206
f 896 1160 261
f 1812 173 965
f 1938 1812 965
f 596 325 1866
f 173 596 965
f 325 596 173
f 331 1962 123
f 1962 331 396
f 1676 331 123
f 666 1962 426
f 1962 666 39
f 39 666 925
f 666 1357 925
f 666 426 1357
f 548 1068 738
f 1068 548 1729
f 364 520 584
f 520 364 375
f 1924 548 738
f 954 1924 738
f 1345 976 87
f 79 998 1938
f 79 1482 998
f 1828 79 1119
f 141 823 465
f 1108 823 1429
f 1429 823 1326
f 823 141 1326
f 465 823 370
f 702 1841 939
f 1910 1398 1941
f 1573 143 770
f 1214 1573 770
f 1648 1573 1214
f 1912 1573 1648
f 1392 1310 1695
f 1310 1392 594
f 806 1392 1695
f 1392 806 594
f 856 1147 283
f 677 647 396
f 1083 1487 1999
f 1083 1683 1487
f 806 1083 1999
f 880 957 483
f 520 880 483
f 880 520 1551
f 1762 494 1965
f 1785 494 1762
f 494 1912 1965
f 1912 494 1417
f 494 1785 1417
f 1762 625 1695
f 1147 625 1762
f 625 1282 1695
f 1083 567 1494
f 625 567 1282
f 567 625 1147
f 567 856 1494
f 856 567 1147
f 567 806 1282
f 567 1083 806
f 556 1182 1357
f 1182 556 548
f 1653 1676 913
f 1359 1374 1227
f 531 710 1237
f 710 597 1237
f 861 710 802
f 710 861 597
f 614 509 439
f 810 614 439
f 509 614 1611
f 1338 979 439
f 799 861 802
f 1636 563 205
f 1636 799 802
f 799 1636 1348
f 710 1636 802
f 563 1636 531
f 1636 710 531
f 378 686 1395
f 1819 686 1682
f 686 1535 1682
f 1535 686 378
f 1878 1520 240
f 1886 1596 1422
f 1596 1041 1422
f 1041 1596 1687
f 1596 768 1687
f 1596 1535 768
f 1535 1596 1682
f 414 1886 1152
f 1819 414 1152
f 414 1819 1682
f 1596 414 1682
f 414 1596 1886
f 1000 944 1396
f 1000 332 1152
f 901 1886 276
f 717 901 276
f 901 717 944
f 1000 901 944
f 1886 901 1152
f 901 1000 1152
f 758 519 1396
f 519 1000 1396
f 1000 519 332
f 1728 799 1620
f 1822 1489 229
f 36 1822 229
f 1822 36 1238
f 1478 1626 1237
f 597 1478 1237
f 1383 671 148
f 671 1383 518
f 671 368 1626
f 368 671 518
f 1934 1781 1937
f 1781 1934 531
f 1934 563 531
f 563 1934 205
f 718 1059 1227
f 1059 718 1937
f 1374 718 1227
f 1059 562 1227
f 562 1059 165
f 1227 562 1984
f 562 165 1984
f 1383 986 306
f 986 1383 395
f 986 1781 306
f 1781 986 1674
f 986 190 1674
f 559 662 1487
f 1248 559 1487
f 190 559 1248
f 156 717 230
f 717 156 944
f 156 409 967
f 409 156 230
f 1917 156 967
f 156 1917 944
f 1316 90 276
f 90 717 276
f 90 1712 134
f 90 1316 1712
f 1564 836 359
f 836 1917 359
f 1917 836 61
f 836 619 61
f 619 836 1564
f 1554 1045 503
f 723 1554 503
f 1554 1788 1045
f 1554 723 1597
f 1788 1554 1597
f 1894 723 1483
f 1894 1483 1256
f 997 1894 1949
f 723 1894 997
f 1699 437 1273
f 1722 1699 1273
f 1699 1760 437
f 1760 1699 579
f 773 1293 1198
f 1743 1307 131
f 1741 1706 1523
f 316 476 452
f 1275 476 1840
f 476 405 452
f 476 1275 405
f 150 1898 98
f 849 1898 1839
f 1898 849 98
f 1898 150 43
f 628 789 803
f 789 628 481
f 1662 1057 481
f 1662 628 803
f 628 1662 481
f 462 565 1864
f 1775 565 1731
f 1864 565 1137
f 565 1469 1731
f 565 930 1137
f 565 1775 930
f 1262 1043 873
f 1043 1262 1857
f 1511 1830 1909
f 1830 1043 1857
f 1043 1830 1492
f 1511 1412 1161
f 309 1412 1511
f 1161 1412 1745
f 938 311 21
f 21 311 1185
f 311 309 1185
f 936 1975 472
f 1975 719 831
f 472 1975 831
f 719 1975 453
f 1975 415 453
f 1975 936 415
f 1077 472 831
f 1077 795 472
f 795 1077 14
f 1766 576 1617
f 576 448 1617
f 101 1918 1599
f 1136 403 981
f 1136 726 403
f 726 1136 453
f 1136 719 453
f 719 1136 981
f 726 508 848
f 508 726 429
f 1672 508 429
f 352 1186 950
f 1186 1918 101
f 566 352 950
f 352 566 234
f 566 1672 234
f 215 637 1629
f 1913 679 517
f 920 679 942
f 1019 1244 411
f 1244 817 411
f 1244 1019 794
f 817 1244 794
f 149 5 1895
f 149 729 5
f 149 1895 1415
f 419 149 1415
f 1019 149 419
f 729 149 1019
f 1271 299 138
f 1166 1271 138
f 1271 1166 471
f 1318 920 379
f 1323 1318 379
f 1318 1323 1364
f 1318 482 1666
f 482 1318 1364
f 379 613 1415
f 613 475 1415
f 475 613 942
f 920 613 379
f 613 920 942
f 1375 1344 1215
f 1375 1811 1344
f 1344 127 1645
f 1174 127 1344
f 127 1174 324
f 1369 353 1889
f 1923 353 1369
f 353 1923 658
f 760 1126 1705
f 30 1126 5
f 1126 30 1705
f 5 1126 1895
f 1126 760 1895
f 969 640 658
f 1173 340 187
f 1063 764 989
f 1821 969 658
f 1923 1821 658
f 1821 1173 969
f 636 1375 1215
f 1375 636 188
f 181 1173 187
f 764 181 989
f 1173 181 764
f 1828 371 1795
f 371 290 1795
f 371 1828 1119
f 844 371 784
f 290 371 844
f 1782 1481 307
f 665 1782 307
f 1481 1782 646
f 1782 665 646
f 394 665 2000
f 197 955 1188
f 1764 955 197
f 955 182 1188
f 182 955 432
f 955 1764 432
f 606 197 392
f 606 1764 197
f 606 392 432
f 1764 606 432
f 105 887 1373
f 887 105 659
f 649 1012 600
f 1783 649 1188
f 649 1783 1501
f 1012 649 1501
f 639 1012 420
f 1012 639 600
f 857 1474 184
f 1854 857 184
f 1006 857 1854
f 416 1846 1881
f 1615 1846 416
f 1846 1089 1881
f 1089 1846 1560
f 1846 1615 1560
f 498 865 113
f 676 1108 1233
f 367 1609 194
f 676 1609 1108
f 1609 367 370
f 823 1609 370
f 1609 823 1108
f 1876 11 812
f 1723 884 1445
f 35 1571 1397
f 1630 35 1397
f 677 35 1630
f 35 631 1571
f 631 35 1649
f 1558 305 1848
f 255 1558 1565
f 1558 1848 1565
f 815 196 1571
f 196 815 305
f 1184 1944 80
f 1944 1909 80
f 1944 1419 1909
f 450 1184 80
f 1184 450 1857
f 1909 450 80
f 1830 450 1909
f 450 1830 1857
f 1140 762 687
f 381 1140 687
f 1140 381 1737
f 266 762 1625
f 266 434 470
f 611 1161 1745
f 611 20 1684
f 263 1861 1972
f 1566 263 1972
f 263 1566 154
f 263 154 199
f 674 263 199
f 1861 263 674
f 1997 1399 1497
f 1997 1658 1399
f 1303 1997 1497
f 1658 1997 1390
f 1997 1303 1998
f 1390 1997 1998
f 1793 223 1023
f 1793 1820 1735
f 1820 1793 1023
f 1716 77 406
f 77 1716 811
f 1659 180 436
f 180 1960 436
f 1960 180 126
f 180 1716 525
f 180 1553 126
f 1553 180 525
f 851 1112 49
f 851 1659 1112
f 811 851 49
f 851 180 1659
f 1070 1241 1080
f 1241 1070 1665
f 1253 1070 742
f 1070 1253 1665
f 868 1314 1903
f 1314 868 742
f 1157 1858 1525
f 1858 1157 1692
f 1644 1884 742
f 1259 1644 742
f 1368 1616 948
f 1078 623 1903
f 623 1078 721
f 1733 623 721
f 623 1733 1525
f 623 1858 1903
f 1858 623 1525
f 1109 1078 705
f 523 1109 716
f 885 655 1232
f 655 885 766
f 397 885 328
f 885 397 766
f 1570 1773 304
f 1773 1570 289
f 1773 289 1506
f 1094 1506 1768
f 1579 1094 1768
f 1250 1094 1579
f 1094 1773 1506
f 1773 1094 1250
f 1768 1113 444
f 1980 1113 1768
f 1113 852 444
f 1113 1675 852
f 1675 1113 107
f 216 289 1993
f 216 1980 1506
f 289 216 1506
f 216 1993 217
f 589 1521 1598
f 1521 589 304
f 1570 589 648
f 589 1570 304
f 1354 779 1834
f 972 1354 1834
f 1354 972 779
f 458 351 1948
f 1948 351 1579
f 351 1250 1579
f 927 1698 229
f 1407 927 229
f 927 1407 1698
f 313 604 200
f 897 395 148
f 897 318 189
f 897 93 395
f 93 897 189
f 474 806 1999
f 474 189 806
f 662 474 1999
f 559 474 662
f 474 559 190
f 474 986 395
f 986 474 190
f 339 569 81
f 1366 51 1238
f 51 1366 218
f 438 934 206
f 376 1249 541
f 1249 376 533
f 533 376 200
f 376 1657 200
f 1993 1052 217
f 1052 1806 217
f 771 1570 648
f 1570 771 1993
f 771 1128 1993
f 1556 1200 97
f 904 829 1476
f 904 1200 829
f 29 27 146
f 29 1657 27
f 27 241 541
f 1657 241 27
f 241 376 541
f 376 241 1657
f 721 265 153
f 265 1085 153
f 265 1032 776
f 1085 265 776
f 1806 1536 217
f 1536 1806 1522
f 1536 216 217
f 216 1536 55
f 73 1249 1246
f 675 73 1246
f 73 675 1528
f 73 1528 1899
f 1249 73 1899
f 1522 1756 12
f 1756 675 12
f 675 1756 1528
f 1806 1756 1522
f 1528 1756 192
f 1756 1806 192
f 655 1435 1232
f 1435 721 1232
f 1435 265 721
f 265 1435 1032
f 949 12 1246
f 1435 949 1032
f 949 1435 655
f 776 949 1246
f 1032 949 776
f 1740 676 1233
f 1609 1740 194
f 1740 1609 676
f 1967 696 1694
f 1967 1694 869
f 1740 1967 755
f 933 1967 869
f 755 1967 933
f 1868 1580 1932
f 366 1591 1580
f 1868 366 1580
f 85 1769 1018
f 1159 1769 85
f 1841 1394 939
f 1394 765 1365
f 939 1394 1365
f 1394 1841 1580
f 1360 638 1023
f 638 1820 1023
f 638 1360 416
f 1455 638 416
f 1820 638 447
f 447 638 1399
f 1399 638 1254
f 638 1455 1254
f 1966 1818 341
f 1062 1966 341
f 1966 1667 1818
f 1667 1966 236
f 1062 827 1720
f 624 827 1972
f 827 624 1720
f 1972 827 1970
f 827 1062 1970
f 807 1320 1056
f 1320 807 1005
f 1691 807 1056
f 1005 807 1691
f 1643 33 1247
f 1643 1247 1753
f 1145 1643 602
f 1643 1145 33
f 1989 1643 1753
f 1643 1989 602
f 793 232 1753
f 232 1989 1753
f 232 793 1541
f 1294 673 837
f 1989 1294 602
f 1704 1294 1448
f 602 1294 1704
f 96 916 1287
f 1069 135 286
f 135 914 956
f 286 135 956
f 914 135 418
f 135 1069 418
f 1245 964 4
f 964 956 4
f 964 286 956
f 461 64 94
f 94 64 1296
f 1457 461 286
f 964 1457 286
f 1457 964 1245
f 1457 64 461
f 1457 1245 1296
f 64 1457 1296
f 1278 763 126
f 1274 1622 1112
f 1060 1274 1112
f 1622 1274 49
f 385 801 549
f 92 385 439
f 385 1338 439
f 604 1954 200
f 1752 1157 1525
f 1157 1752 176
f 1802 1922 1620
f 347 1348 840
f 1922 347 840
f 1802 347 1922
f 347 1802 1620
f 799 347 1620
f 347 799 1348
f 1979 1532 460
f 1532 1265 460
f 1265 1532 213
f 1352 1148 421
f 77 1849 406
f 1849 77 811
f 1849 121 406
f 145 1070 1080
f 145 1259 1070
f 121 145 1080
f 1849 145 121
f 145 1849 1259
f 664 1437 1794
f 1437 25 1794
f 25 1437 1400
f 1400 1437 1312
f 1437 69 1312
f 69 1437 1518
f 1437 664 1518
f 1943 504 700
f 530 504 1943
f 504 740 700
f 504 530 1792
f 740 504 1792
f 490 1228 413
f 1532 1228 1507
f 1228 490 38
f 1228 38 667
f 1507 1228 667
f 959 1564 161
f 1661 959 161
f 959 619 1564
f 619 959 335
f 177 1855 211
f 177 1631 1855
f 177 211 1367
f 1631 177 1367
f 928 9 208
f 1257 9 928
f 208 9 380
f 9 1544 380
f 9 1257 1544
f 1928 1301 1103
f 846 1301 624
f 1301 846 1103
f 624 1872 1720
f 1301 1872 624
f 1872 1461 1879
f 1872 1928 1461
f 1196 688 345
f 688 1196 1668
f 1465 1568 1353
f 816 1465 1353
f 1465 816 1286
f 1149 1465 1286
f 1465 1779 1568
f 1790 1824 947
f 1790 1887 1824
f 1968 1790 947
f 1887 1790 1968
f 220 1738 1500
f 1738 220 527
f 527 220 1578
f 220 464 1578
f 220 1500 464
f 708 1135 1170
f 1135 708 74
f 1170 516 1351
f 931 516 1170
f 516 1377 1351
f 1325 931 1135
f 1325 910 757
f 910 1325 1135
f 1817 1325 757
f 1325 1817 551
f 971 1325 551
f 931 1325 971
f 1509 1504 694
f 1509 747 586
f 1509 694 747
f 1504 1509 612
f 487 1509 586
f 1509 487 612
f 1411 1504 143
f 569 1411 1417
f 1411 569 339
f 694 800 747
f 222 1330 1039
f 222 6 1330
f 1158 1584 745
f 1946 1584 1158
f 1330 1584 1946
f 507 1208 70
f 1208 1106 70
f 1106 1208 1339
f 222 626 6
f 626 222 1039
f 433 1042 125
f 433 987 1042
f 1475 1690 32
f 1529 1690 1143
f 32 1690 1529
f 433 1690 1475
f 1844 433 1475
f 987 1844 918
f 433 1844 987
f 1939 487 1621
f 487 1939 612
f 143 1939 1621
f 1939 143 612
f 1106 247 19
f 247 1106 720
f 247 720 310
f 19 247 551
f 971 247 310
f 247 971 551
f 540 1627 1755
f 1627 540 24
f 922 608 1755
f 922 337 608
f 337 922 24
f 1627 922 1755
f 922 1627 24
f 1121 1485 97
f 1160 894 572
f 894 1475 572
f 1378 1270 173
f 998 209 1938
f 209 1812 1938
f 1174 1832 324
f 493 1766 1617
f 493 1613 1766
f 1613 493 178
f 493 1387 178
f 1118 677 396
f 331 1118 396
f 1118 331 1676
f 1653 1118 1676
f 1118 1653 677
f 1372 1068 1729
f 1372 880 1551
f 375 1372 1551
f 957 1372 1729
f 880 1372 957
f 1068 1372 738
f 1372 937 738
f 685 364 584
f 685 1331 633
f 685 584 1614
f 1331 685 1614
f 1924 635 925
f 635 39 925
f 39 635 1321
f 1133 1924 954
f 1345 1133 954
f 1133 635 1924
f 1133 87 178
f 1133 1345 87
f 635 1133 1321
f 1387 1133 178
f 1133 1387 1321
f 1357 1255 925
f 1255 1924 925
f 1182 1255 1357
f 1924 1255 548
f 1255 1182 548
f 689 120 1436
f 120 142 1436
f 577 1894 1256
f 577 1256 1428
f 1480 1428 159
f 1480 1632 1428
f 728 79 1828
f 79 728 1482
f 1263 1552 141
f 1896 511 1848
f 511 1361 1848
f 1361 511 1941
f 511 1910 1941
f 1214 1635 1386
f 1635 1214 770
f 483 1920 1614
f 1831 856 283
f 957 1831 283
f 1831 957 1729
f 1177 1494 396
f 647 1177 396
f 1291 677 1630
f 1291 647 677
f 1291 1630 1205
f 1683 1291 1205
f 890 1248 1487
f 1683 890 1487
f 890 1683 1205
f 521 890 1205
f 890 521 1248
f 1292 1851 1681
f 908 1374 1359
f 908 10 388
f 908 1359 10
f 102 810 1334
f 1526 102 1334
f 1024 1636 205
f 398 549 840
f 1338 398 840
f 398 385 549
f 385 398 1338
f 1338 580 979
f 979 580 1334
f 1348 580 840
f 580 1338 840
f 580 1024 1334
f 1636 580 1348
f 1024 580 1636
f 172 1352 1395
f 686 172 1395
f 172 686 1819
f 172 1148 1352
f 1148 172 1819
f 378 712 1292
f 712 1878 1292
f 712 378 1395
f 1520 712 1395
f 1878 712 1520
f 1906 1526 1334
f 1024 1906 1334
f 701 619 335
f 1979 701 335
f 619 701 758
f 701 519 758
f 799 1101 861
f 1728 1101 799
f 642 1822 1238
f 51 642 1238
f 642 339 81
f 642 51 339
f 783 1822 1626
f 1822 783 1489
f 1478 783 1626
f 783 1478 1489
f 1934 373 205
f 717 400 230
f 90 400 717
f 400 1266 230
f 1266 400 134
f 400 90 134
f 142 923 1064
f 923 577 1064
f 577 923 1894
f 923 142 1949
f 1894 923 1949
f 1677 1717 886
f 936 1317 415
f 415 1317 453
f 1317 726 453
f 1317 936 886
f 1717 1317 886
f 253 1240 1388
f 726 1240 253
f 653 1699 1722
f 1699 653 579
f 1293 1891 1198
f 428 773 1331
f 428 1293 773
f 428 1331 1614
f 1307 876 131
f 1313 876 499
f 876 1313 131
f 876 1796 499
f 1275 467 405
f 467 1275 1706
f 1741 467 1706
f 753 316 452
f 1189 342 1765
f 342 953 587
f 1765 342 587
f 753 342 1189
f 42 1189 1765
f 1956 42 905
f 42 1765 905
f 98 42 1956
f 1388 727 1799
f 1696 727 1388
f 727 429 1799
f 727 1696 1382
f 455 727 1382
f 727 455 429
f 1264 476 316
f 1696 1264 316
f 1264 1696 1388
f 476 1264 1840
f 1264 1146 1840
f 1898 1289 1839
f 307 1289 1311
f 1289 1898 43
f 1289 1481 1839
f 1481 1289 307
f 1057 1289 43
f 1289 1057 1311
f 1057 1650 1311
f 1662 1650 1057
f 1650 1852 1311
f 1650 1662 1852
f 1852 1169 169
f 1662 1169 1852
f 169 1169 803
f 1169 1662 803
f 315 565 462
f 477 315 1137
f 315 462 1137
f 1469 315 477
f 565 315 1469
f 1492 542 1511
f 542 1830 1511
f 1830 542 1492
f 1412 1588 1745
f 1077 899 14
f 899 689 1436
f 14 899 1436
f 899 976 689
f 976 899 87
f 899 1077 831
f 1835 899 831
f 899 1835 87
f 448 1495 1860
f 576 1495 448
f 1495 1613 1860
f 1613 1495 1766
f 1495 576 1766
f 566 427 1672
f 427 101 848
f 427 566 950
f 1186 427 950
f 427 1186 101
f 1502 1592 646
f 573 1592 1502
f 1001 1013 960
f 849 1001 960
f 1001 1592 3
f 1001 849 1839
f 1481 1001 1839
f 1001 1481 646
f 1592 1001 646
f 279 854 1629
f 637 279 1629
f 902 168 1629
f 168 215 1629
f 215 168 902
f 1202 475 942
f 475 1202 419
f 1515 1202 942
f 1202 1515 419
f 1515 902 419
f 1515 215 902
f 637 1513 1913
f 1513 679 1913
f 215 1513 637
f 679 1513 942
f 1513 1515 942
f 244 1913 517
f 244 417 1913
f 977 883 1079
f 11 50 812
f 838 50 1811
f 1801 1271 471
f 1271 1801 994
f 1304 1723 1445
f 748 1093 326
f 1093 748 231
f 748 1304 1498
f 1723 748 326
f 1304 748 1723
f 845 1498 372
f 748 845 231
f 845 748 1498
f 393 900 1666
f 393 1666 1710
f 900 155 1666
f 155 1318 1666
f 1318 155 920
f 155 900 517
f 679 155 517
f 155 679 920
f 1209 1375 188
f 1209 188 994
f 1114 732 668
f 1978 557 203
f 557 668 15
f 203 557 15
f 557 1114 668
f 1114 557 1978
f 353 909 1889
f 909 1705 1889
f 1705 909 962
f 1063 912 764
f 1503 640 969
f 1173 1503 969
f 1503 1173 764
f 912 1503 764
f 1503 912 640
f 912 1449 640
f 188 1982 994
f 1739 30 1418
f 30 1739 1369
f 1281 1739 1298
f 1982 656 994
f 656 1271 994
f 1271 656 299
f 299 656 794
f 656 817 794
f 290 1038 1211
f 1038 290 844
f 573 1767 1075
f 1767 394 1075
f 1767 573 1502
f 394 1767 665
f 1767 1502 646
f 665 1767 646
f 1991 394 2000
f 1230 1991 2000
f 1075 1991 668
f 394 1991 1075
f 668 1991 15
f 1991 1230 15
f 993 649 600
f 993 288 1865
f 288 993 600
f 1188 993 1865
f 649 993 1188
f 442 288 600
f 639 442 600
f 288 442 1865
f 855 442 639
f 1719 887 659
f 7 1654 872
f 1777 1226 420
f 547 834 1006
f 834 857 1006
f 1401 834 547
f 857 89 1474
f 1744 113 214
f 1744 498 113
f 865 1757 225
f 498 1757 865
f 354 809 1452
f 1539 1268 1421
f 1976 884 1723
f 1505 1184 1641
f 756 1505 1641
f 1732 35 677
f 35 1732 1649
f 1653 1732 677
f 1732 1653 913
f 325 239 913
f 239 325 1270
f 239 1732 913
f 1558 329 305
f 151 329 255
f 329 1558 255
f 631 1333 1571
f 1333 815 1571
f 196 298 1571
f 1571 298 1397
f 1123 1784 1750
f 1168 1123 1750
f 1224 1168 1750
f 985 1876 812
f 985 1363 921
f 1876 985 100
f 297 1944 1184
f 1944 297 1419
f 762 1187 687
f 266 1187 762
f 434 1413 470
f 1780 162 1684
f 162 1780 990
f 888 1492 1511
f 486 1780 1207
f 1780 486 990
f 1044 1861 674
f 130 739 1389
f 865 130 1389
f 739 130 1735
f 130 1793 1735
f 130 865 1931
f 223 130 1931
f 1793 130 223
f 260 851 811
f 851 260 180
f 1716 260 811
f 180 260 1716
f 801 374 1692
f 374 1858 1692
f 1253 1216 1665
f 1216 868 1903
f 1858 1216 1903
f 1193 705 1903
f 1314 1193 1903
f 1193 1314 705
f 1884 1700 742
f 1700 1314 742
f 1314 1700 705
f 1700 716 705
f 716 1700 1608
f 212 186 948
f 1616 212 948
f 212 1616 1884
f 1608 1444 1368
f 1444 1616 1368
f 1616 1444 1884
f 1444 1700 1884
f 1700 1444 1608
f 40 422 328
f 40 267 422
f 716 1324 705
f 1324 1109 705
f 1109 1324 716
f 532 40 328
f 40 532 523
f 885 532 328
f 1078 532 1232
f 532 885 1232
f 591 1113 1980
f 591 55 107
f 1113 591 107
f 1971 458 644
f 1971 351 458
f 304 1971 644
f 1773 1971 304
f 1971 1773 1250
f 351 1971 1250
f 1284 1567 146
f 634 1867 229
f 1867 1284 229
f 958 897 148
f 671 958 148
f 257 318 897
f 257 642 81
f 642 257 1822
f 875 93 189
f 474 875 189
f 93 875 395
f 875 474 395
f 81 510 384
f 569 510 81
f 384 510 1417
f 510 569 1417
f 1128 669 1993
f 669 1052 1993
f 1052 669 1806
f 669 1128 192
f 1806 669 192
f 60 771 206
f 771 60 1128
f 934 60 206
f 60 934 192
f 1128 60 192
f 804 1556 1039
f 1556 804 438
f 630 804 1039
f 934 804 630
f 438 804 934
f 1200 1875 829
f 1875 1531 648
f 589 1875 648
f 1875 589 1598
f 1007 1875 1598
f 1875 1007 829
f 915 1556 438
f 1556 915 1200
f 1907 1536 1522
f 1550 1907 1522
f 249 1907 1550
f 1536 1907 55
f 55 1907 107
f 1907 249 107
f 550 1550 12
f 949 550 12
f 550 949 655
f 1550 550 570
f 550 655 570
f 110 1740 755
f 194 110 348
f 1740 110 194
f 1967 980 696
f 980 1967 1740
f 980 1740 1233
f 1279 980 1233
f 980 1279 1365
f 390 980 1365
f 696 980 390
f 1713 22 1154
f 1125 1868 538
f 1125 366 1868
f 82 1159 1538
f 82 1769 1159
f 1713 82 1538
f 1769 1647 1018
f 1647 809 1018
f 809 1647 1452
f 1591 1833 1580
f 1833 1394 1580
f 361 1062 1720
f 361 1966 1062
f 361 1872 1879
f 1872 361 1720
f 236 361 1879
f 1966 361 236
f 232 195 1989
f 195 1294 1989
f 259 232 1541
f 259 1541 198
f 796 259 198
f 259 195 232
f 259 796 1540
f 195 259 1540
f 1294 1051 1448
f 1051 1294 837
f 1051 837 991
f 1051 991 663
f 1448 1051 663
f 673 1328 1908
f 1294 1328 673
f 47 1328 1540
f 1328 47 1908
f 1328 195 1540
f 195 1328 1294
f 1837 1845 660
f 660 1845 96
f 1845 916 96
f 1845 1837 1496
f 166 1845 1496
f 916 1845 166
f 1049 166 842
f 1049 916 166
f 294 1749 126
f 1749 1278 126
f 1849 1235 1259
f 186 1235 948
f 1644 1235 186
f 1235 1644 1259
f 1235 811 49
f 1235 1849 811
f 385 707 801
f 1241 707 1080
f 707 1241 801
f 707 1065 1080
f 1065 707 92
f 707 385 92
f 820 533 200
f 1954 820 200
f 1085 820 153
f 820 1085 533
f 1532 386 213
f 386 1532 1507
f 386 1530 213
f 386 1507 65
f 1530 386 65
f 874 1819 1642
f 874 1148 1819
f 1148 874 421
f 1979 874 1642
f 874 1979 460
f 874 460 1379
f 421 874 1379
f 959 1234 335
f 1234 959 1661
f 1234 1228 1532
f 1234 1661 413
f 1228 1234 413
f 1234 1979 335
f 1234 1532 1979
f 966 1301 1928
f 1872 966 1928
f 966 1872 1301
f 412 129 1132
f 129 1805 1132
f 1805 129 1968
f 129 1149 568
f 1968 129 568
f 1964 1779 412
f 1964 660 96
f 1964 412 660
f 1936 841 1170
f 841 708 1170
f 841 1936 74
f 708 841 74
f 683 931 971
f 683 516 931
f 683 971 310
f 1504 892 798
f 1411 892 1504
f 892 1411 339
f 51 892 339
f 798 892 218
f 892 51 218
f 1573 1562 143
f 1562 1411 143
f 1411 1562 1417
f 1562 1912 1417
f 1562 1573 1912
f 800 1203 747
f 747 1203 745
f 1203 1158 745
f 1203 63 1158
f 63 1203 218
f 1203 314 218
f 767 800 694
f 767 694 798
f 314 767 798
f 1203 767 314
f 767 1203 800
f 1014 83 745
f 83 1014 507
f 6 496 1330
f 496 1584 1330
f 1014 496 6
f 1584 496 745
f 496 1014 745
f 626 1393 6
f 1485 819 97
f 819 1485 1808
f 819 1556 97
f 1556 819 1039
f 819 626 1039
f 1545 478 1143
f 478 1545 1010
f 1690 1545 1143
f 1545 1690 433
f 1010 1545 125
f 1545 433 125
f 790 896 261
f 790 261 480
f 226 790 480
f 1410 226 1808
f 1485 1410 1808
f 790 1410 896
f 1410 790 226
f 1410 1485 1510
f 1485 725 1510
f 725 1485 1121
f 995 725 1121
f 725 995 918
f 1844 725 918
f 896 751 1160
f 751 894 1160
f 209 1102 1812
f 1812 1102 173
f 1102 1378 173
f 1378 1992 1270
f 1992 239 1270
f 239 1992 882
f 88 209 998
f 88 127 324
f 88 998 1645
f 127 88 1645
f 1876 1404 11
f 1404 1832 11
f 1832 1404 324
f 1404 88 324
f 493 632 1387
f 632 1434 1387
f 632 1617 784
f 632 493 1617
f 371 632 784
f 632 371 1119
f 1434 1441 1387
f 1321 1441 1866
f 1387 1441 1321
f 1441 596 1866
f 1441 1434 596
f 797 1372 375
f 1372 797 937
f 797 506 937
f 272 1345 954
f 272 954 738
f 937 272 738
f 506 272 937
f 227 976 1345
f 272 227 1345
f 227 272 506
f 227 489 976
f 142 528 1949
f 120 528 142
f 528 120 689
f 577 317 1064
f 1632 317 1428
f 437 78 159
f 78 1480 159
f 976 1067 689
f 489 1067 976
f 1797 787 633
f 1267 787 1459
f 787 1797 1459
f 782 1828 1795
f 782 728 1828
f 728 782 1482
f 1211 782 1795
f 782 1211 1482
f 141 911 1326
f 1552 911 141
f 815 1789 305
f 1087 1638 350
f 1638 1868 1932
f 1638 1087 1868
f 1798 939 1365
f 1798 702 939
f 1798 1803 702
f 1279 1798 1365
f 1798 1279 1326
f 1605 1784 621
f 1605 1087 1784
f 538 1605 621
f 1868 1605 538
f 1087 1605 1868
f 301 1350 1386
f 1635 301 1386
f 301 483 1116
f 1350 301 1116
f 301 1920 483
f 301 1635 136
f 1920 301 136
f 1276 1635 770
f 1635 1276 136
f 143 1276 770
f 1276 143 1621
f 1276 1621 1442
f 1285 1276 1442
f 136 1276 1285
f 1880 136 1285
f 1880 1920 136
f 1453 1880 1285
f 1920 1880 1614
f 1880 428 1614
f 428 1880 1293
f 1880 1453 1293
f 363 1831 1729
f 1831 363 856
f 1494 363 396
f 856 363 1494
f 1083 183 1683
f 183 1177 647
f 183 1083 1494
f 1177 183 1494
f 1291 183 647
f 183 1291 1683
f 76 614 810
f 102 76 810
f 1878 8 1292
f 1431 1906 1024
f 1431 1024 205
f 8 1431 1292
f 1431 8 1906
f 373 1431 205
f 1559 1431 373
f 1217 701 1979
f 701 1217 519
f 1217 1979 1642
f 332 1217 1642
f 519 1217 332
f 1874 1101 634
f 1101 1874 861
f 861 1874 597
f 1489 1874 634
f 1874 1478 597
f 1478 1874 1489
f 814 718 1374
f 1559 814 1374
f 814 1559 373
f 718 814 1937
f 814 1934 1937
f 814 373 1934
f 322 1760 579
f 1677 322 579
f 322 1677 1760
f 1677 1081 1717
f 1240 1081 1388
f 653 1183 579
f 1183 1264 1388
f 1264 1183 653
f 1142 910 1198
f 1891 1142 1198
f 910 1142 757
f 1142 1891 757
f 1356 1817 757
f 1891 1356 757
f 1817 1356 1442
f 1356 1891 1293
f 1453 1356 1293
f 1356 1285 1442
f 1356 1453 1285
f 1742 876 1307
f 467 280 405
f 280 467 1741
f 280 847 405
f 847 280 1523
f 280 1741 1523
f 753 501 316
f 501 753 1189
f 953 1499 452
f 342 1499 953
f 1499 753 452
f 1499 342 753
f 1519 653 1722
f 1519 1264 653
f 1146 1519 1722
f 1264 1519 1146
f 41 611 1745
f 1588 41 1745
f 611 41 20
f 1207 41 938
f 1780 41 1207
f 20 41 1684
f 41 1780 1684
f 778 311 938
f 41 778 938
f 778 41 1588
f 778 1588 1412
f 778 1412 309
f 311 778 309
f 553 508 1672
f 427 553 1672
f 508 553 848
f 553 427 848
f 1063 1925 543
f 1592 1925 3
f 1433 1001 3
f 170 1433 3
f 1433 170 352
f 1433 352 234
f 1013 1433 234
f 1001 1433 1013
f 1046 279 637
f 1515 1610 215
f 1610 1513 215
f 1513 1610 1515
f 244 1670 417
f 1670 1959 417
f 830 893 744
f 244 502 761
f 900 502 517
f 502 244 517
f 1959 832 417
f 832 813 138
f 832 1959 813
f 1072 1723 326
f 808 845 372
f 845 808 1456
f 808 1079 1516
f 1093 423 813
f 423 1093 1166
f 813 423 138
f 423 1166 138
f 84 1308 383
f 84 391 1308
f 1079 529 1516
f 1074 883 977
f 529 941 327
f 883 941 1079
f 941 529 1079
f 1832 137 11
f 137 50 11
f 50 137 1811
f 137 1832 1174
f 1811 137 1344
f 137 1174 1344
f 845 863 231
f 863 845 1456
f 1375 37 1811
f 1209 37 1375
f 37 838 1811
f 37 1209 838
f 974 909 353
f 1809 1449 912
f 1809 1063 543
f 1809 912 1063
f 1718 732 658
f 640 1718 658
f 1449 1718 640
f 1604 1344 1645
f 1344 251 1215
f 1604 251 1344
f 251 1604 1883
f 251 1281 636
f 1173 1914 340
f 1604 1914 1883
f 1821 1914 1173
f 1327 703 1369
f 1327 1281 703
f 1739 1327 1369
f 1327 1739 1281
f 1281 459 636
f 459 1281 1298
f 817 698 411
f 656 698 817
f 411 698 1418
f 698 1739 1418
f 1038 1488 1211
f 1488 340 399
f 1211 1488 399
f 340 1488 187
f 1488 181 187
f 181 1488 989
f 442 1406 1865
f 1406 228 1865
f 228 1406 269
f 855 1406 442
f 1406 855 1011
f 887 233 1373
f 1719 233 887
f 233 1012 1373
f 1777 258 1028
f 258 1654 7
f 258 1086 1727
f 1086 258 7
f 872 903 659
f 1654 903 872
f 903 1719 659
f 903 1654 1719
f 34 175 346
f 175 1575 346
f 175 34 484
f 1888 1777 1028
f 1888 1226 1777
f 446 1888 1995
f 871 639 420
f 1226 871 420
f 871 855 639
f 855 871 1011
f 1888 871 1226
f 1385 935 1463
f 1268 935 1151
f 1454 468 1151
f 468 1454 108
f 258 1527 1028
f 1527 1534 377
f 68 1534 1727
f 1474 1534 68
f 1534 258 1727
f 1534 1527 258
f 1212 1744 214
f 1212 1159 85
f 1159 1212 1538
f 1130 1212 214
f 1212 1130 1538
f 369 85 1018
f 369 1401 225
f 1757 369 225
f 1427 1212 85
f 1212 1427 1744
f 369 1427 85
f 1427 369 1757
f 1744 1427 498
f 1427 1757 498
f 1816 354 1452
f 1816 468 108
f 354 1816 108
f 561 1017 1162
f 1524 828 866
f 1370 1346 691
f 1346 1370 381
f 1290 1025 1587
f 22 1955 1154
f 1955 22 1591
f 1017 1671 1587
f 1671 1017 561
f 1280 1272 1268
f 1280 1268 1151
f 1280 1290 1272
f 1976 1302 884
f 1302 1222 884
f 1222 1302 1976
f 482 1122 1710
f 1122 482 1419
f 23 893 277
f 539 1539 1778
f 122 1140 1737
f 122 1663 1140
f 23 157 144
f 1505 157 277
f 157 23 277
f 1542 1505 277
f 1505 1542 1184
f 297 1542 277
f 1542 297 1184
f 1131 1337 1778
f 1131 1539 1421
f 1539 1131 1778
f 1337 1131 1252
f 1362 239 882
f 512 1362 882
f 239 1362 1732
f 1732 1362 1649
f 1362 512 1649
f 1141 329 151
f 329 1141 305
f 1141 196 305
f 1141 298 196
f 1141 151 1836
f 1397 833 1836
f 298 833 1397
f 833 1141 1836
f 1141 833 298
f 859 292 1587
f 292 1017 1587
f 1017 292 1162
f 366 961 1591
f 961 1955 1591
f 1123 1697 1784
f 1697 1123 1168
f 53 1697 1168
f 1224 1517 1168
f 1651 1340 1306
f 1340 1651 631
f 1333 1651 114
f 1651 1333 631
f 1363 975 66
f 985 975 1363
f 1663 56 1140
f 762 56 1625
f 1140 56 762
f 56 1262 1625
f 56 1663 1262
f 1262 552 1857
f 1663 552 1262
f 552 1184 1857
f 1184 552 1641
f 122 552 1663
f 1413 595 990
f 162 595 873
f 595 162 990
f 595 1262 873
f 1262 595 1625
f 595 266 1625
f 266 595 434
f 595 1413 434
f 611 202 1161
f 888 202 611
f 202 1511 1161
f 202 888 1511
f 1043 1468 873
f 1468 162 873
f 162 1468 1684
f 1468 611 1684
f 1468 888 611
f 26 1413 990
f 486 26 990
f 26 486 1207
f 1413 26 470
f 26 1673 484
f 1044 818 1861
f 1861 818 1972
f 818 624 1972
f 818 846 624
f 1117 1044 674
f 1668 1117 674
f 1196 1117 1668
f 1241 268 801
f 268 374 801
f 268 1241 1665
f 374 268 1858
f 1216 268 1665
f 268 1216 1858
f 1216 1405 868
f 1405 1216 1253
f 868 1405 742
f 1405 1253 742
f 1644 1950 1884
f 1950 212 1884
f 1950 1644 186
f 212 1950 186
f 128 40 523
f 128 716 1608
f 128 523 716
f 128 1608 267
f 40 128 267
f 312 1109 523
f 532 312 523
f 1109 312 1078
f 312 532 1078
f 216 843 1980
f 843 591 1980
f 843 216 55
f 591 843 55
f 1567 389 146
f 389 313 200
f 1657 389 200
f 389 29 146
f 29 389 1657
f 1843 1867 634
f 313 1843 604
f 257 1680 318
f 1680 81 384
f 1680 257 81
f 1680 1310 594
f 1310 1680 384
f 189 1680 594
f 318 1680 189
f 958 1996 897
f 1996 257 897
f 1996 958 671
f 1996 671 1626
f 771 881 206
f 881 771 648
f 1531 881 648
f 590 110 755
f 590 585 382
f 590 382 722
f 585 590 933
f 590 755 933
f 590 722 1561
f 348 590 1561
f 110 590 348
f 1130 1329 1538
f 1329 1713 1538
f 1329 22 1713
f 1144 1130 1591
f 22 1144 1591
f 1144 1329 1130
f 1329 1144 22
f 1130 54 1591
f 54 1833 1591
f 54 1130 214
f 1394 1055 765
f 1833 1055 1394
f 54 1055 1833
f 1055 1425 765
f 1425 1055 214
f 1055 54 214
f 140 796 198
f 796 140 1546
f 1027 1749 294
f 713 1027 1850
f 1027 294 1850
f 1027 713 1178
f 1749 1027 1278
f 763 1027 1178
f 1278 1027 763
f 57 1810 575
f 1810 57 948
f 1235 1810 948
f 1274 1810 49
f 1810 1235 49
f 1810 1060 575
f 1810 1274 1060
f 820 1770 153
f 1770 820 1954
f 1022 1954 604
f 1779 44 412
f 44 129 412
f 129 44 1149
f 44 1465 1149
f 44 1779 1465
f 1779 344 1568
f 1964 344 1779
f 1568 344 96
f 344 1964 96
f 516 1058 1377
f 683 1058 516
f 1377 1058 1206
f 1206 1058 310
f 1058 683 310
f 1115 1208 507
f 1014 1115 507
f 1139 1393 626
f 819 1139 626
f 226 1139 1808
f 1139 819 1808
f 1115 500 1208
f 1393 500 6
f 500 1014 6
f 500 1115 1014
f 1223 987 918
f 995 1223 918
f 987 1223 1042
f 275 1223 1476
f 1223 275 1042
f 1223 904 1476
f 1223 995 1121
f 706 1410 1510
f 1410 706 896
f 706 751 896
f 751 284 894
f 894 284 1475
f 284 706 1510
f 706 284 751
f 284 1844 1475
f 725 284 1510
f 284 725 1844
f 1221 1102 100
f 1102 1221 1378
f 985 1221 100
f 1221 985 921
f 1378 1221 319
f 1102 968 100
f 968 1102 209
f 401 1378 319
f 401 1992 1378
f 1992 401 882
f 632 1295 1434
f 1434 1295 596
f 1295 632 1119
f 1295 1938 965
f 596 1295 965
f 1295 79 1938
f 79 1295 1119
f 797 75 506
f 75 227 506
f 227 75 489
f 75 787 489
f 787 75 633
f 75 685 633
f 685 75 364
f 364 75 375
f 75 797 375
f 1471 577 1428
f 317 1471 1428
f 1471 317 577
f 78 308 1480
f 1760 308 437
f 308 78 437
f 1371 795 14
f 1371 515 795
f 1371 14 1436
f 1297 528 689
f 1067 1297 689
f 1297 1267 1949
f 528 1297 1949
f 1297 787 1267
f 1297 1067 489
f 787 1297 489
f 598 911 1552
f 598 1552 1263
f 911 598 1326
f 598 1798 1326
f 1789 270 305
f 305 270 1848
f 1985 270 1789
f 867 1729 396
f 363 867 396
f 867 363 1729
f 908 769 1374
f 769 1559 1374
f 695 908 388
f 695 1986 1681
f 695 769 908
f 769 695 1559
f 1179 695 388
f 1986 695 1179
f 614 1432 1611
f 76 1432 614
f 1882 1878 240
f 1882 8 1878
f 1526 1882 240
f 1906 1882 1526
f 8 1882 1906
f 1081 906 1717
f 906 1081 1240
f 906 1317 1717
f 1317 906 726
f 906 1240 726
f 1408 1677 579
f 1408 1081 1677
f 1081 1408 1388
f 1408 1183 1388
f 1183 1408 579
f 1742 1983 876
f 1936 1983 74
f 1983 1612 74
f 1983 1742 193
f 1612 1983 193
f 1742 1218 193
f 1218 1743 456
f 1612 291 74
f 291 1612 1198
f 291 910 74
f 910 291 1198
f 1612 1963 1198
f 1963 1612 193
f 1198 1963 1300
f 1963 456 1300
f 1963 1218 456
f 1218 1963 193
f 42 1927 1189
f 1927 501 1189
f 1927 42 98
f 501 1927 316
f 124 1592 573
f 124 1925 1592
f 1925 124 543
f 124 1809 543
f 1718 124 573
f 1809 124 1449
f 124 1718 1449
f 629 1925 1063
f 629 1063 989
f 879 629 989
f 1918 1283 1599
f 1186 1283 1918
f 1283 652 879
f 652 1186 352
f 652 1283 1186
f 1150 637 1913
f 1150 1046 637
f 417 1150 1913
f 1033 244 761
f 1033 830 244
f 830 1033 893
f 781 1670 244
f 830 781 244
f 393 1242 900
f 1242 502 900
f 1242 393 761
f 502 1242 761
f 1670 788 1959
f 788 1072 1959
f 788 1670 1669
f 1072 788 1723
f 1976 788 1669
f 788 1976 1723
f 1093 1199 326
f 1199 1072 326
f 1199 1093 813
f 1959 1199 813
f 1072 1199 1959
f 343 977 1079
f 808 343 1079
f 977 343 372
f 343 808 372
f 943 808 1516
f 808 943 1456
f 863 943 1516
f 943 863 1456
f 71 1479 231
f 1479 71 546
f 863 71 231
f 1904 1093 231
f 1479 1904 231
f 1166 1904 471
f 1093 1904 1166
f 1940 1801 471
f 1904 1940 471
f 1940 1904 1479
f 1940 1479 546
f 48 1074 977
f 1190 561 1162
f 1190 1260 561
f 941 1586 365
f 1586 941 883
f 1586 1190 1162
f 1190 1586 709
f 1074 692 883
f 692 1586 883
f 1586 692 709
f 48 692 1074
f 692 48 383
f 1190 692 383
f 692 1190 709
f 327 1477 365
f 1477 941 365
f 941 1477 327
f 1548 1114 1978
f 524 573 1075
f 524 1718 573
f 1718 524 732
f 732 524 668
f 524 1075 668
f 399 1761 1645
f 1761 1604 1645
f 340 1761 399
f 1914 1761 340
f 1761 1914 1604
f 1016 636 1215
f 251 1016 1215
f 1016 251 636
f 593 1914 1821
f 1987 1982 188
f 636 1987 188
f 459 1987 636
f 752 459 1298
f 656 752 1298
f 752 656 1982
f 1987 752 1982
f 752 1987 459
f 698 736 1739
f 736 698 656
f 1488 737 989
f 737 879 989
f 737 1488 1038
f 1283 737 1599
f 737 1283 879
f 737 403 1599
f 403 737 844
f 737 1038 844
f 1048 733 269
f 1406 1048 269
f 1048 1406 1011
f 1012 1555 420
f 233 1555 1012
f 1555 1777 420
f 356 258 1777
f 258 356 1654
f 1555 356 1777
f 356 1555 233
f 1654 356 1719
f 356 233 1719
f 1673 1619 733
f 1619 1207 269
f 733 1619 269
f 1619 26 1207
f 26 1619 1673
f 1187 1759 687
f 1180 1370 691
f 935 1180 1463
f 1180 935 1268
f 1539 1180 1268
f 1370 1180 1539
f 1349 446 1995
f 1349 133 446
f 16 1349 1995
f 175 1581 446
f 1581 175 484
f 175 1572 1575
f 1572 133 1464
f 133 1572 446
f 1572 175 446
f 1652 1888 446
f 1652 1581 1011
f 1581 1652 446
f 871 1652 1011
f 1652 871 1888
f 1290 1602 1025
f 1341 1859 491
f 1341 1807 917
f 16 1774 1028
f 1774 16 1995
f 1774 1888 1028
f 1888 1774 1995
f 1153 16 1028
f 1859 302 491
f 302 354 108
f 302 1859 354
f 571 89 857
f 571 834 1401
f 834 571 857
f 809 564 1018
f 564 369 1018
f 369 564 1401
f 1647 454 1452
f 1955 454 1154
f 454 1647 1769
f 454 1713 1154
f 82 454 1769
f 454 82 1713
f 1091 454 988
f 454 1091 1452
f 1308 1892 383
f 1892 1190 383
f 1190 1892 1260
f 391 1892 1308
f 1892 391 1252
f 1260 1892 1252
f 221 1131 1421
f 1131 221 1252
f 884 116 1445
f 754 828 1445
f 116 754 1445
f 754 116 1703
f 828 1447 866
f 408 1370 1539
f 381 408 1737
f 1370 408 381
f 1602 1009 1025
f 1009 1602 988
f 454 1009 988
f 1009 454 1955
f 171 1122 1419
f 297 171 1419
f 171 297 277
f 893 45 744
f 23 45 893
f 45 23 144
f 792 1076 772
f 1076 334 772
f 334 122 772
f 334 756 1641
f 334 1076 756
f 552 334 1641
f 334 552 122
f 536 940 1337
f 1905 961 1025
f 961 1905 1955
f 1009 1905 1025
f 1905 1009 1955
f 1660 1125 859
f 961 1660 1025
f 1125 1660 366
f 1660 961 366
f 1025 1660 1587
f 1660 859 1587
f 292 1557 1162
f 992 1697 53
f 1633 759 862
f 825 1763 1921
f 1763 53 1168
f 1517 1763 1168
f 1921 1763 1167
f 1763 1517 1167
f 1763 825 327
f 1763 327 365
f 53 1763 365
f 1897 1517 1224
f 599 1897 1224
f 1897 599 1416
f 1517 1897 1167
f 1600 599 1224
f 522 1600 350
f 1600 1087 350
f 1600 1224 1750
f 1784 1600 1750
f 1087 1600 1784
f 1363 445 921
f 1221 445 319
f 445 1221 921
f 163 825 1921
f 163 1921 1167
f 1015 163 1167
f 1306 1443 1416
f 1443 1015 1167
f 1897 1443 1167
f 1443 1897 1416
f 1901 975 985
f 607 1468 1043
f 1468 607 888
f 607 1043 1492
f 888 607 1492
f 34 741 484
f 741 26 484
f 26 741 470
f 1759 741 34
f 741 1759 1187
f 741 266 470
f 741 1187 266
f 13 1117 1196
f 13 345 201
f 13 1196 345
f 1843 1071 1867
f 1071 1567 1284
f 1867 1071 1284
f 257 1624 1822
f 1996 1624 257
f 1822 1624 1626
f 1624 1996 1626
f 915 139 1200
f 139 1875 1200
f 1875 139 1531
f 1791 1049 842
f 1791 842 1546
f 140 1791 1546
f 1049 1073 916
f 916 1073 1287
f 1791 1073 1049
f 1073 1791 140
f 1287 1073 198
f 1073 140 198
f 111 721 153
f 111 1733 721
f 1210 1022 604
f 1210 1843 634
f 1843 1210 604
f 1101 1210 634
f 1210 1101 1728
f 1022 1210 330
f 449 1728 1620
f 449 219 1728
f 176 449 1620
f 449 1066 219
f 287 1770 1954
f 1734 1129 480
f 1129 226 480
f 1129 1139 226
f 1223 469 904
f 904 469 1200
f 88 1322 209
f 1322 968 209
f 1404 1322 88
f 1322 1404 1876
f 1322 1876 100
f 968 1322 100
f 515 1606 795
f 1958 1606 515
f 795 1606 472
f 472 1606 886
f 1606 1958 886
f 308 1508 515
f 1958 1508 886
f 1508 1958 515
f 1508 308 1760
f 1508 1677 886
f 1677 1508 1760
f 317 1589 1064
f 1589 317 1632
f 1480 274 1632
f 274 1589 1632
f 274 1371 1436
f 1798 1414 1803
f 598 1414 1798
f 982 1219 114
f 1219 982 1789
f 1219 1333 114
f 1333 1219 815
f 1219 1789 815
f 982 1721 1789
f 1985 1721 862
f 1721 1985 1789
f 678 982 114
f 1651 678 114
f 678 1306 1416
f 678 1651 1306
f 1319 1896 1848
f 270 1319 1848
f 250 254 1231
f 952 759 775
f 952 1985 862
f 759 952 862
f 1985 952 270
f 759 877 775
f 1841 1869 1932
f 1747 522 350
f 695 1842 1559
f 1842 1431 1559
f 1851 1842 1681
f 1842 695 1681
f 1842 1851 1292
f 1431 1842 1292
f 1611 132 1379
f 1432 132 1611
f 132 240 1379
f 132 1526 240
f 132 102 1526
f 132 76 102
f 132 1432 76
f 876 622 1796
f 1983 622 876
f 1574 622 1225
f 622 1574 1796
f 622 1936 1225
f 622 1983 1936
f 323 1742 1307
f 323 1218 1742
f 323 1307 1743
f 1218 323 1743
f 785 889 98
f 889 1927 98
f 889 785 1382
f 1696 889 1382
f 889 1696 316
f 1927 889 316
f 1925 62 3
f 629 62 1925
f 62 170 3
f 853 629 879
f 652 853 879
f 62 853 170
f 853 62 629
f 170 853 352
f 853 652 352
f 1150 1771 1046
f 1046 1771 279
f 832 1771 417
f 1771 1150 417
f 279 1771 854
f 1771 299 854
f 299 1771 138
f 1771 832 138
f 1033 109 893
f 109 1122 893
f 393 109 761
f 109 1033 761
f 109 393 1710
f 1122 109 1710
f 1670 780 1669
f 781 780 1670
f 780 1976 1669
f 1222 780 744
f 780 1222 1976
f 780 830 744
f 780 781 830
f 71 774 546
f 774 71 863
f 1209 441 838
f 1801 441 994
f 441 1209 994
f 835 1940 546
f 441 835 838
f 1940 835 1801
f 835 441 1801
f 1195 977 372
f 1490 1195 372
f 1195 48 977
f 1195 1490 84
f 1195 84 383
f 48 1195 383
f 1021 1490 372
f 84 682 391
f 1490 682 84
f 391 682 1252
f 682 1524 1252
f 1524 682 828
f 828 682 1445
f 1021 682 1490
f 682 1304 1445
f 774 1787 546
f 1548 984 974
f 984 203 962
f 984 1978 203
f 984 1548 1978
f 1548 777 1114
f 1114 777 732
f 777 974 353
f 777 1548 974
f 732 777 658
f 777 353 658
f 951 1821 1923
f 951 593 1821
f 703 951 1923
f 593 951 703
f 1332 251 1883
f 1914 1332 1883
f 251 1332 1281
f 1358 656 1298
f 1358 736 656
f 1739 1358 1298
f 736 1358 1739
f 1994 34 346
f 1994 1759 34
f 1346 1994 691
f 1759 1994 687
f 1994 381 687
f 1994 1346 381
f 1 1180 691
f 1575 1 346
f 1994 1 691
f 1 1994 346
f 1572 1347 1575
f 1347 1572 1464
f 1347 1385 1463
f 115 1153 59
f 1153 115 16
f 1048 1100 733
f 1100 1673 733
f 1100 1048 1011
f 1581 1100 1011
f 1673 1100 484
f 1100 1581 484
f 1602 95 252
f 95 1602 1290
f 95 1280 252
f 1280 95 1290
f 1807 1603 1385
f 1341 1603 1807
f 1603 1341 491
f 1026 1603 491
f 1603 1026 1454
f 1603 1454 1151
f 935 1603 1151
f 1603 935 1385
f 207 1341 917
f 89 207 1474
f 207 1534 1474
f 377 207 917
f 1534 207 377
f 1153 1935 59
f 1935 377 59
f 1935 1527 377
f 1527 1935 1028
f 1935 1153 1028
f 749 1026 491
f 302 749 491
f 749 302 108
f 1454 749 108
f 1026 749 1454
f 1197 571 1401
f 571 1197 1859
f 564 1197 1401
f 1197 564 809
f 354 1197 809
f 1859 1197 354
f 1816 657 468
f 468 657 1151
f 657 1816 1452
f 1091 657 1452
f 1309 221 1421
f 1268 1309 1421
f 1272 1309 1268
f 1260 926 561
f 926 1309 1272
f 926 1671 561
f 1290 926 1272
f 926 1290 1587
f 1671 926 1587
f 1076 1646 756
f 1646 792 711
f 792 1646 1076
f 157 850 144
f 1029 116 884
f 1222 1029 884
f 1533 1447 828
f 754 1533 828
f 1533 754 1703
f 929 1447 711
f 940 929 711
f 929 940 536
f 1447 824 866
f 929 824 1447
f 983 171 277
f 724 1222 744
f 45 724 744
f 724 45 144
f 1029 724 144
f 724 1029 1222
f 792 1577 539
f 1577 792 772
f 1577 122 1737
f 122 1577 772
f 1305 792 539
f 1305 539 1778
f 792 1305 711
f 1305 940 711
f 1337 1305 1778
f 940 1305 1337
f 1557 99 1697
f 1697 99 1784
f 1784 99 621
f 99 538 621
f 1942 1557 1697
f 1633 1827 526
f 1827 1633 522
f 1747 1827 522
f 1827 1107 526
f 1827 1747 1107
f 759 1243 526
f 1243 1633 526
f 1633 1243 759
f 248 1633 862
f 1355 631 1649
f 512 1355 1649
f 878 1340 631
f 1355 878 631
f 878 1355 1470
f 1117 970 1044
f 13 970 1117
f 818 970 846
f 970 818 1044
f 970 13 201
f 1103 970 201
f 846 970 1103
f 1439 1843 313
f 1439 1071 1843
f 1071 1439 1567
f 389 1439 313
f 1439 389 1567
f 303 139 915
f 881 303 206
f 303 881 1531
f 139 303 1531
f 303 438 206
f 303 915 438
f 111 605 1733
f 1770 605 153
f 605 111 153
f 1210 1601 330
f 1066 1601 219
f 219 1601 1728
f 1601 1210 1728
f 1593 449 176
f 449 1593 1066
f 1752 1593 176
f 1593 287 1066
f 287 1201 1066
f 1601 1201 330
f 1201 1601 1066
f 1201 287 1954
f 1022 1201 1954
f 1201 1022 330
f 287 1730 1770
f 605 1730 1733
f 1730 605 1770
f 1593 1730 287
f 1730 1593 1752
f 1733 1730 1525
f 1730 1752 1525
f 1139 1974 1393
f 1129 1974 1139
f 1974 500 1393
f 1974 1129 1734
f 1974 1734 1339
f 1208 1974 1339
f 500 1974 1208
f 895 1223 1121
f 895 469 1223
f 469 895 1200
f 1200 895 97
f 895 1121 97
f 1589 1893 1064
f 142 1893 1436
f 1893 142 1064
f 1893 274 1436
f 274 1893 1589
f 1371 654 515
f 274 654 1371
f 654 274 1480
f 308 654 1480
f 654 308 515
f 1721 488 862
f 488 1721 982
f 488 248 862
f 678 1514 982
f 1514 488 982
f 680 601 1910
f 601 250 1231
f 1910 601 1398
f 1398 601 650
f 601 1231 650
f 511 1746 1910
f 1746 680 1910
f 1746 511 1896
f 1319 1746 1896
f 1746 1319 270
f 466 404 1231
f 254 466 1231
f 826 952 775
f 1746 826 680
f 952 826 270
f 826 1746 270
f 1107 264 526
f 264 1462 526
f 264 1414 598
f 264 158 1462
f 158 264 598
f 242 254 250
f 242 759 526
f 1747 1537 1107
f 1638 1537 350
f 1537 1747 350
f 1933 835 546
f 1933 1258 812
f 835 1933 812
f 1787 1933 546
f 1933 1871 1258
f 1871 1933 103
f 50 1084 812
f 1084 835 812
f 1084 50 838
f 835 1084 838
f 1498 618 372
f 618 1021 372
f 1304 618 1498
f 682 618 1304
f 618 682 1021
f 825 1930 327
f 1493 1787 774
f 1493 863 1516
f 1493 774 863
f 529 1493 1516
f 1787 1493 529
f 1689 1090 103
f 1933 1689 103
f 1689 1933 1787
f 1090 1689 529
f 1689 1787 529
f 974 697 909
f 984 697 974
f 909 697 962
f 697 984 962
f 593 1004 1914
f 1004 1332 1914
f 1004 593 703
f 1281 1004 703
f 1332 1004 1281
f 1347 1423 1575
f 1423 1 1575
f 1 1423 1180
f 1180 1423 1463
f 1423 1347 1463
f 620 1349 16
f 115 620 16
f 620 115 1349
f 281 115 59
f 1807 281 917
f 115 281 1807
f 115 387 1349
f 133 387 1464
f 1349 387 133
f 387 115 1807
f 387 1807 1385
f 387 1347 1464
f 1347 387 1385
f 786 207 89
f 207 786 1341
f 1341 786 1859
f 571 786 89
f 786 571 1859
f 657 1748 1151
f 1748 1091 988
f 1748 657 1091
f 1748 1280 1151
f 1280 1748 252
f 1748 1602 252
f 1602 1748 988
f 1309 1926 221
f 926 1926 1309
f 1646 1450 756
f 850 1450 1814
f 1450 1505 756
f 1450 157 1505
f 1450 850 157
f 1029 1911 116
f 1911 850 1814
f 850 1911 144
f 1911 1029 144
f 1533 641 1447
f 641 1533 1703
f 1450 641 1814
f 641 1450 1646
f 1447 641 711
f 641 1646 711
f 116 641 1703
f 1911 641 116
f 641 1911 1814
f 824 1403 866
f 1403 1524 866
f 1403 929 536
f 1403 824 929
f 1524 1403 1252
f 1403 1337 1252
f 1403 536 1337
f 171 1460 1122
f 983 1460 171
f 1122 1460 893
f 893 1460 277
f 1460 983 277
f 539 1853 1539
f 1577 1853 539
f 1853 1577 1737
f 408 1853 1737
f 1853 408 1539
f 1098 99 1557
f 1098 292 859
f 1098 1557 292
f 1125 1098 859
f 1098 1125 538
f 99 1098 538
f 1586 746 365
f 746 1942 365
f 746 1586 1162
f 1557 746 1162
f 1942 746 1557
f 1942 1002 365
f 1002 53 365
f 1002 992 53
f 992 1002 1697
f 1002 1942 1697
f 1639 512 882
f 1639 1355 512
f 1355 1639 1470
f 1758 1443 1306
f 1340 1758 1306
f 878 1758 1340
f 445 1192 319
f 1192 445 1363
f 1192 1363 66
f 104 878 1470
f 1443 104 1015
f 1758 104 1443
f 104 1758 878
f 513 163 66
f 513 1220 163
f 975 513 66
f 1220 513 975
f 858 1220 975
f 1220 858 163
f 1871 535 1258
f 535 1871 1901
f 535 1901 985
f 535 985 812
f 1258 535 812
f 1871 578 1901
f 1901 578 975
f 578 858 975
f 599 1776 1416
f 1776 678 1416
f 1776 1514 678
f 1776 1120 1514
f 488 1120 248
f 1514 1120 488
f 1600 1120 599
f 1120 1776 599
f 31 601 680
f 826 31 680
f 31 826 775
f 877 31 775
f 31 877 250
f 601 31 250
f 1736 466 254
f 158 1736 1462
f 877 1034 250
f 1034 242 250
f 1034 877 759
f 242 1034 759
f 1462 1607 526
f 1607 242 526
f 1736 1607 1462
f 242 1607 254
f 1607 1736 254
f 1414 473 1803
f 264 473 1414
f 473 1869 1841
f 702 473 1841
f 1803 473 702
f 514 1708 1869
f 1708 1638 1932
f 1869 1708 1932
f 1708 1537 1638
f 1708 514 1107
f 1537 1708 1107
f 112 1090 529
f 112 529 327
f 1930 112 327
f 377 1031 59
f 1031 281 59
f 1031 377 917
f 281 1031 917
f 545 926 1260
f 545 1926 926
f 1926 545 221
f 545 1260 1252
f 221 545 1252
f 1639 791 1470
f 791 104 1470
f 104 791 734
f 1192 919 734
f 919 104 734
f 104 919 1015
f 919 1192 66
f 163 919 66
f 919 163 1015
f 1547 112 1930
f 1547 1930 825
f 163 1547 825
f 858 1547 163
f 1472 1600 522
f 1472 1120 1600
f 1120 1472 248
f 1633 1472 522
f 248 1472 1633
f 1736 1715 466
f 1715 1263 404
f 466 1715 404
f 1715 1736 158
f 514 1664 1107
f 1664 264 1107
f 1664 473 264
f 1664 514 1869
f 473 1664 1869
f 424 1639 882
f 424 791 1639
f 791 424 734
f 578 1863 858
f 1863 1547 858
f 1863 578 1871
f 112 1863 1090
f 1547 1863 112
f 1090 1863 103
f 1863 1871 103
f 1715 560 1263
f 560 1715 158
f 560 598 1263
f 560 158 598
f 424 839 734
f 1192 839 319
f 839 1192 734
f 839 401 319
f 401 839 882
f 839 424 882
o Cracks
v -15.0042409535026 14.634286851296057 0.1
v -14.756177929262039 13.536432995496124 0.1
v -14.61008052175296 13.963803827888391 0.1
v -13.449442255515377 14.998393424199046 0.1
v -13.778528324393259 13.915116529473474 0.1
l 2001 2002 2003 2004 2005
v 10.171423013006459 -2.186741910927642 0.1
v 10.156665230379744 -2.1653568951228204 0.1
v 10.304474133724714 -2.6908330499331377 0.1
v 10.836893043775156 -1.1330496017393759 0.1
v 9.333713572408016 -2.4302580779822267 0.1
l 2006 2007 2008 2009 2010
v 9.704446956899083 -13.326113038604646 0.1
v 10.863885053825934 -13.596713540304624 0.1
v 10.518565070204389 -12.88978958225883 0.1
v 9.91170026389705 -13.427494757586574 0.1
v 9.545743672642109 -13.648524260845553 0.1
l 2011 2012 2013 2014 2015
v -3.4748681650316127 8.946274099797252 0.1
v -2.6537306444756426 9.11334078805097 0.1
v -3.0668874032612035 7.589804450546813 0.1
v -2.7749752875451192 8.65300994598688 0.1
v -2.9097142695256037 9.268368711109048 0.1
l 2016 2017 2018 2019 2020
v 6.180782767377972 -4.995200350646508 0.1
v 6.54992063830956 -5.969137712227818 0.1
v 6.606354297826304 -4.828126112298752 0.1
v 5.2826687693796535 -5.517687580798436 0.1
v 6.855691976145988 -4.7877839184739335 0.1
l 2021 2022 2023 2024 2025
v -7.2062919056788655 1.4634474047873518 0.1
v -6.630207883441848 1.0910607434909005 0.1
v -6.549420440603489 1.3397494850891196 0.1
v -7.6404897085229955 0.8114813344318232 0.1
v -7.688719599724705 0.6695376851173105 0.1
l 2026 2027 2028 2029 2030
v 11.147780921589494 10.990868933871123 0.1
v 10.948543216072988 11.061930701806553 0.1
v 9.878147873486094 11.401040095682712 0.1
v 10.681735332406362 12.329259653329693 0.1
v 10.496848535560277 12.278499438735539 0.1
l 2031 2032 2033 2034 2035
v 9.184619135428255 13.990045179104733 0.1
v 9.425608268049773 13.01195776451134 0.1
v 9.165528470273378 12.947639146821555 0.1
v 8.237132621086085 13.621652872785582 0.1
v 7.9501610884656975 12.443579698690074 0.1
l 2036 2037 2038 2039 2040
v 12.531892780351471 2.4017588023350025 0.1
v 11.33168275439669 1.3864199182364558 0.1
v 11.756650067614583 0.7128595532799726 0.1
v 12.368420245209187 1.3029635470680188 0.1
v 13.000085596582123 0.7851660382647061 0.1
l 2041 2042 2043 2044 2045
v 0.8526102514359544 -3.9021294993412017 0.1
v 0.5653035209088393 -4.085139923135173 0.1
v 1.6785361555868832 -5.514963769960207 0.1
v 0.7808036648318311 -4.143355325460254 0.1
v 1.1125478021631907 -5.172536045785164 0.1
l 2046 2047 2048 2049 2050
v -0.26545759251084355 -1.0541432823778953 0.1
v -1.58501463925582 -2.095585256393689 0.1
v -1.7649528763364564 -1.578533467951937 0.1
v -2.001507509718999 -2.9309734678466945 0.1
v -1.8194270637806669 -2.5804158645938937 0.1
l 2051 2052 2053 2054 2055
v -1.590262842118944 11.944055082649413 0.1
v -1.7921322519965315 12.865259158708938 0.1
v -1.7643086852875485 12.53002674892894 0.1
v -1.8630030772339683 11.942055860719586 0.1
v -1.7306126762204688 12.999318808064716 0.1
l 2056 2057 2058 2059 2060
v -8.843908092662371 4.163328080363511 0.1
v -8.622199030553809 3.6576120921394644 0.1
v -8.709375446482461 4.652472639968496 0.1
v -8.502896995079954 4.135404699665498 0.1
v -8.143427947087373 4.666633207962155 0.1
l 2061 2062 2063 2064 2065
v -5.191744951341556 5.762405612031229 0.1
v -4.389580506458063 7.3416678479754856 0.1
v -4.04716723086838 6.4746249571224865 0.1
v -3.6278194098346397 7.158712459606408 0.1
v -4.707824321791109 7.115253394001206 0.1
l 2066 2067 2068 2069 2070
v -0.5149055007305696 7.427808625104769 0.1
v -2.306940948228259 8.605510392761765 0.1
v -0.7413047130666455 8.00224400087836 0.1
v -1.648468104082025 7.5540721992237065 0.1
v -0.5622361436656751 7.756460725592291 0.1
l 2071 2072 2073 2074 2075
v 13.461210534883051 -15.434317785344126 0.1
v 14.034486451563225 -14.697365858587645 0.1
v 15.18052907056226 -14.09651613307696 0.1
v 15.108285737275768 -15.022067994496703 0.1
v 14.976522002832926 -14.386121008424162 0.1
l 2076 2077 2078 2079 2080
v 13.278148149311317 -5.796044941629298 0.1
v 13.599229174180115 -5.358057370483158 0.1
v 12.557495043450285 -5.548712442108906 0.1
v 14.138057542558759 -6.45885280481042 0.1
v 12.401906477274828 -5.346775000853475 0.1
l 2081 2082 2083 2084 2085
v -8.122031413822745 5.232531595762385 0.1
v -8.9862374132338 4.979132414646212 0.1
v -9.186664454058649 5.690290668122643 0.1
v -8.240493408360205 5.235266590207547 0.1
v -9.233895226386393 5.756150408134137 0.1
l 2086 2087 2088 2089 2090
v 10.011246866851518 -9.340977466766658 0.1
v 11.222581839757243 -8.35620759061864 0.1
v 11.142074611252824 -7.82834303440081 0.1
v 11.178079634455594 -8.98922026502979 0.1
v 11.228625190234215 -8.06031250855616 0.1
l 2091 2092 2093 2094 2095
v -14.388476885743591 10.724632631833579 0.1
v -13.341200970291373 11.519895015305707 0.1
v -13.01792374120901 9.774107008204684 0.1
v -12.915607410241474 11.322908990320572 0.1
v -13.480989059895085 10.579823434651066 0.1
l 2096 2097 2098 2099 2100
v -8.510961572900653 -6.791336216118802 0.1
v -8.453608648726775 -6.326855469144975 0.1
v -8.805319341751192 -7.176634127132791 0.1
v -8.997896332754461 -6.7241594016686665 0.1
v -9.224317908564736 -6.48480357202491 0.1
l 2101 2102 2103 2104 2105
v 0.7315569201864154 12.085694570763522 0.1
v 0.7277508462762614 13.29135617195433 0.1
v 0.3720884583845909 11.56148837746962 0.1
v -0.3078490396623028 12.05376590147855 0.1
v 0.6937764646863673 13.105845323912472 0.1
l 2106 2107 2108 2109 2110
v -10.893126854318533 10.903332964258217 0.1
v -11.45905892110235 11.40154712834938 0.1
v -12.349549891022066 10.990007364706912 0.1
v -11.308400078514232 11.429945078010213 0.1
v -11.238140513558063 11.35922187619185 0.1
l 2111 2112 2113 2114 2115
v -8.717108009512405 14.430035098400651 0.1
v -8.184399561277349 13.993751245673389 0.1
v -7.7647306888005145 14.428019301673562 0.1
v -8.800646996623197 14.420845081499765 0.1
v -9.396319516955533 15.209516945780027 0.1
l 2116 2117 2118 2119 2120
v -4.652646819290076 -5.033978767360189 0.1
v -3.8703621625934796 -5.728459040265445 0.1
v -4.317016437698747 -5.58425482917789 0.1
v -4.0747482320014266 -5.139061562169769 0.1
v -3.9654110182041817 -5.701585571719695 0.1
l 2121 2122 2123 2124 2125
v 10.977147847525575 11.727085456768027 0.1
v 12.332292340467268 11.93488862110873 0.1
v 11.601741581708415 12.93169071428995 0.1
v 11.620176118846137 11.952403410843308 0.1
v 11.040312584996489 12.40166814118043 0.1
l 2126 2127 2128 2129 2130
v -12.497311508292235 -6.700162234481741 0.1
v -12.628572275749367 -6.774339254674349 0.1
v -12.670554728119093 -6.545285982663224 0.1
v -10.97876609985858 -6.339824112791178 0.1
v -12.592176988478705 -5.371609719725085 0.1
l 2131 2132 2133 2134 2135
v 7.62093017400426 9.752324991737897 0.1
v 7.730795160172505 10.502124553852513 0.1
v 6.263173421009282 9.30861626084344 0.1
v 6.452142683195188 10.268493309149878 0.1
v 7.1868792612862435 10.141010416052804 0.1
l 2136 2137 2138 2139 2140
v -8.365809761711702 -13.963854324850862 0.1
v -7.717591523531884 -12.896948603459325 0.1
v -7.981367806551843 -12.397540724789568 0.1
v -8.334336560268795 -12.917576981139852 0.1
v -7.758791085944906 -13.004900962751474 0.1
l 2141 2142 2143 2144 2145
v -12.9963534637921 -14.398808684902722 0.1
v -14.069913464981903 -12.912865968781077 0.1
v -14.516228683587284 -14.2682892502847 0.1
v -14.312278305974072 -13.675799326944965 0.1
v -12.980773872829422 -12.693714362107299 0.1
l 2146 2147 2148 2149 2150
v 1.8970385841129267 11.531852641093137 0.1
v 2.0093116673964246 12.893982233896264 0.1
v 1.4631984494868717 11.441233449215723 0.1
v 1.6982229214505498 11.703749340730075 0.1
v 2.051840889056703 11.95172933576881 0.1
l 2151 2152 2153 2154 2155
v -12.75297699652549 -7.367539728679689 0.1
v -12.72945307154572 -6.854910796801001 0.1
v -13.508258887035437 -6.956278876836467 0.1
v -13.999403029494076 -7.021064136217872 0.1
v -12.99354732497982 -5.580345709997516 0.1
l 2156 2157 2158 2159 2160
v -3.2387726432237613 -7.620144323657293 0.1
v -4.491335415084171 -7.41488537168661 0.1
v -2.7312387628462904 -6.0485246042463015 0.1
v -3.389146381897917 -6.214652335161109 0.1
v -4.115328348114772 -7.0090893631564715 0.1
l 2161 2162 2163 2164 2165
v 12.512687761296238 2.812641558959764 0.1
v 12.46742804796157 4.152383252673626 0.1
v 12.068076910689838 3.5108559994003694 0.1
v 11.853809135372039 4.1147838644500725 0.1
v 12.72405861131232 4.060721267627304 0.1
l 2166 2167 2168 2169 2170
v -3.4170908283041967 -12.14415171786084 0.1
v -2.956714579910217 -13.182908341779605 0.1
v -2.8294925825509885 -12.382186117202407 0.1
v -1.7843708434402652 -12.572464662902451 0.1
v -3.3508460337389954 -13.241419497725955 0.1
l 2171 2172 2173 2174 2175
v -3.4084284877615456 7.867907998935913 0.1
v -1.7983776816165424 6.237893678099292 0.1
v -2.5703454031690667 6.932631172065917 0.1
v -2.6490455324911473 6.994190745345678 0.1
v -3.186154602058489 6.474572976393457 0.1
l 2176 2177 2178 2179 2180
v 11.101988042761251 2.415045750262278 0.1
v 10.422039495560508 2.320275598620059 0.1
v 11.165777517977514 2.2447175617139536 0.1
v 11.891545525410253 1.9902591919105568 0.1
v 10.70340158110923 2.7296699769871706 0.1
l 2181 2182 2183 2184 2185
v -10.133546930899678 -13.107536772408027 0.1
v -9.789712108244386 -14.362005688873866 0.1
v -10.479155039322896 -13.894531455017228 0.1
v -9.791603866255727 -13.471507438273237 0.1
v -8.542246878839418 -12.858108033543896 0.1
l 2186 2187 2188 2189 2190
v -3.934499734460634 1.989338239318965 0.1
v -2.6369106253376122 1.3501911584038881 0.1
v -2.4360507530288347 1.290862121510412 0.1
v -2.8755293834366036 2.3504492860654063 0.1
v -3.1190528561227144 1.2630091488234287 0.1
l 2191 2192 2193 2194 2195
v 9.695147532284599 1.036300701976931 0.1
v 9.899823933076316 2.410277471291979 0.1
v 8.421803069827135 2.6075879978241376 0.1
v 8.113057314465307 1.4805219195443804 0.1
v 9.329557442047648 2.112978509684144 0.1
l 2196 2197 2198 2199 2200
v -12.065922239340011 -7.494018260829477 0.1
v -11.417565313742914 -8.597734834887138 0.1
v -12.42448198018424 -8.479235146480478 0.1
v -13.00635653564944 -7.725334036841991 0.1
v -13.141864755901032 -9.474700106318878 0.1
l 2201 2202 2203 2204 2205
v -10.42411630809737 11.19204954448278 0.1
v -10.657798518435737 11.05884257626821 0.1
v -11.714609264190274 10.849183176641544 0.1
v -11.220259675924684 11.956819994399417 0.1
v -10.359245831488305 11.376224745780894 0.1
l 2206 2207 2208 2209 2210
v 8.163594324682927 11.74021420879664 0.1
v 7.9497303985218855 11.854411083018585 0.1
v 7.468453460859078 10.851463536042083 0.1
v 7.437028321947055 12.042759864855302 0.1
v 7.70433603760608 11.414528392437948 0.1
l 2211 2212 2213 2214 2215
v 11.94118652587721 -15.41635037140855 0.1
v 11.914564512806548 -13.893991564435149 0.1
v 11.485960987378908 -13.95858904042046 0.1
v 12.052019459786926 -13.8142448048368 0.1
v 12.729727262608606 -15.109964550030236 0.1
l 2216 2217 2218 2219 2220
v 12.344232767986917 -11.648693581655104 0.1
v 12.96478388520357 -10.389384586570612 0.1
v 12.12312731952182 -10.808447215719 0.1
v 11.66802334504294 -11.5656886260048 0.1
v 12.5389099870888 -11.169750426256064 0.1
l 2221 2222 2223 2224 2225
v -10.275222726225516 10.221712497076918 0.1
v -11.434510546264818 11.002444285592887 0.1
v -11.338354306259697 11.01719357008597 0.1
v -10.484458150427937 10.389803223319989 0.1
v -11.477903237532294 11.582925571282033 0.1
l 2226 2227 2228 2229 2230
v -10.52850183121879 11.464496318870378 0.1
v -10.180726170030901 10.003059995174382 0.1
v -10.712726317698838 10.542295503660867 0.1
v -11.028659580678312 11.547114795421328 0.1
v -12.128838170575381 10.251540570734752 0.1
l 2231 2232 2233 2234 2235
v 5.237736572721189 13.56984180666305 0.1
v 4.010880405628224 13.695733281944491 0.1
v 4.853944229332546 13.59772182665609 0.1
v 5.287601164325792 13.572962526714207 0.1
v 4.982155525854363 13.850572122149542 0.1
l 2236 2237 2238 2239 2240
v 10.934269032615319 -1.271064957537982 0.1
v 11.175044192006174 -2.431205958198242 0.1
v 10.360934019327171 -2.36749956205987 0.1
v 9.901951480090297 -2.6722933432427984 0.1
v 11.189839410700124 -1.818898372483206 0.1
l 2241 2242 2243 2244 2245
v -7.4254376920978125 9.637432061212774 0.1
v -8.197380037368731 9.646480006290199 0.1
v -7.488285924317738 9.98554415352097 0.1
v -7.863055684187861 10.065661212327019 0.1
v -7.178644533785774 8.603923654181553 0.1
l 2246 2247 2248 2249 2250
v 11.484407311731784 5.1259349489066075 0.1
v 11.4521296896247 3.6380130450932713 0.1
v 11.285316252477704 4.0445701101747655 0.1
v 10.21247859094948 4.907669585508374 0.1
v 10.060866738440248 3.6621107505024426 0.1
l 2251 2252 2253 2254 2255
v 5.990581375184345 -2.3985436794853685 0.1
v 6.824594155721793 -1.9166719352803165 0.1
v 6.887783636385004 -1.6053401447367963 0.1
v 6.187042581163322 -2.0603988834708473 0.1
v 7.352902663426687 -2.988403730105973 0.1
l 2256 2257 2258 2259 2260
v -11.75061846829034 4.970680283559851 0.1
v -12.848297561670075 4.096929169155574 0.1
v -12.849695043400796 4.372431999896706 0.1
v -12.047911566185165 3.9490122193060104 0.1
v -11.424322893185257 4.588197452929121 0.1
l 2261 2262 2263 2264 2265
v 8.066643608945087 -1.8842667075646296 0.1
v 8.222127937486922 -1.2201556889065013 0.1
v 8.692086833809519 -1.5771240333046257 0.1
v 7.011278464409259 -0.47444121165314024 0.1
v 8.180420653340438 -1.0490719132003843 0.1
l 2266 2267 2268 2269 2270
v -10.513276922356676 -4.803465378681543 0.1
v -11.1949025011016 -5.116671074364301 0.1
v -11.231996835327399 -5.005070328466132 0.1
v -11.800661737135457 -6.333239302163781 0.1
v -10.719630574742432 -5.178894186345246 0.1
l 2271 2272 2273 2274 2275
v 3.7383107476923874 -13.7336342039506 0.1
v 2.103631520127421 -14.558200613876085 0.1
v 2.4275678998065353 -13.30210424904687 0.1
v 2.3348061200550445 -14.85455153568445 0.1
v 3.2517062579347735 -14.462042903545823 0.1
l 2276 2277 2278 2279 2280
v -11.91265373737701 7.335773163998454 0.1
v -11.678945523130063 7.251848692769678 0.1
v -11.687061222692675 7.988383116217117 0.1
v -11.933400506213616 6.838954859184533 0.1
v -11.031746009167149 6.859627706017394 0.1
l 2281 2282 2283 2284 2285
v -5.410257014530533 0.28418422443120916 0.1
v -5.889045062170476 1.8605641589731285 0.1
v -5.793317581549485 1.2605638959170624 0.1
v -4.393387477013178 0.42262137785081855 0.1
v -4.790042453026113 0.027229296945515236 0.1
l 2286 2287 2288 2289 2290
v 8.995427054811998 11.475476407427806 0.1
v 8.467358967546163 12.118232939949994 0.1
v 7.701802708541282 11.505531539665684 0.1
v 9.054913021447195 11.311611905363286 0.1
v 7.864187989703056 10.984298114990347 0.1
l 2291 2292 2293 2294 2295
v 0.5157552055273951 -15.341147168503609 0.1
v -1.2683058342076974 -15.150638370240314 0.1
v 0.1569478603327421 -15.701260032813515 0.1
v 0.5491422614599297 -15.555948848862304 0.1
v -1.1560690878180864 -14.817461323317 0.1
l 2296 2297 2298 2299 2300
v 13.68280447652481 -5.794292018823526 0.1
v 13.402955124929347 -5.611882026493268 0.1
v 13.086084228992517 -5.521324351920801 0.1
v 13.533124929090478 -6.264414164935808 0.1
v 14.621240358105743 -5.852401740616456 0.1
l 2301 2302 2303 2304 2305
v 13.105648598286601 -5.641947439097671 0.1
v 11.856252219121123 -5.809029345621029 0.1
v 12.171749218830415 -4.15515939402969 0.1
v 12.944757659991872 -5.0792075167317545 0.1
v 12.431539736186714 -4.955588672005076 0.1
l 2306 2307 2308 2309 2310
v 2.6301768613814005 -15.368309191270548 0.1
v 1.8292997077706203 -15.387166727986111 0.1
v 2.2279095788831813 -14.050493322443957 0.1
v 2.7648288798009806 -15.55797746830545 0.1
v 2.9502468719308124 -14.233930145737512 0.1
l 2311 2312 2313 2314 2315
v -14.280442621581331 -0.8984191281071006 0.1
v -13.223027436438402 -1.1906975214288165 0.1
v -14.318272609753269 -0.6689250598616296 0.1
v -13.455369132376441 0.1866803426847179 0.1
v -14.667715585780257 -0.16095910330440777 0.1
l 2316 2317 2318 2319 2320
v 2.0337396825036906 -9.260099216381391 0.1
v 2.5018973648481007 -9.001603347811283 0.1
v 1.7935232757373656 -10.414009061371297 0.1
v 1.8367117931727972 -9.985998875669175 0.1
v 2.7733196508794338 -10.156777417028893 0.1
l 2321 2322 2323 2324 2325
v 11.159746811670301 -10.816718662811578 0.1
v 11.423359434167608 -11.173059419586735 0.1
v 12.001692106308177 -11.099757356460449 0.1
v 11.008917264273789 -9.876237971810049 0.1
v 11.917877733649446 -10.538478008516137 0.1
l 2326 2327 2328 2329 2330
v -4.894815308288834 -1.5502658434979721 0.1
v -6.26044077353372 -1.972565789630026 0.1
v -5.442080129144523 -2.692902355539935 0.1
v -6.377123607746125 -1.2884673765890662 0.1
v -6.08416223295619 -2.1520965439788275 0.1
l 2331 2332 2333 2334 2335
v 6.169724981394646 10.49540711612672 0.1
v 6.906756523358579 11.304613829873766 0.1
v 5.96365348981298 11.099792192001871 0.1
v 6.409694055830354 11.626824662646445 0.1
v 6.310229701017002 9.952255715848592 0.1
l 2336 2337 2338 2339 2340
v -3.4127286759168616 7.830841768504119 0.1
v -2.901006746933313 8.111805414111247 0.1
v -3.1126021193003934 7.5380597827928835 0.1
v -3.6204359984562746 8.602651923385084 0.1
v -3.616383584220799 7.385995670449437 0.1
l 2341 2342 2343 2344 2345
v -4.100088572871211 -1.9375235256051517 0.1
v -4.784651983081776 -0.8602437008466082 0.1
v -4.717273907120794 -1.4382473107001599 0.1
v -5.610172505040754 -0.8618209042829523 0.1
v -4.94009106614034 -1.7573484080851365 0.1
l 2346 2347 2348 2349 2350
v 14.30215450990027 8.800376136882283 0.1
v 14.048071301775112 8.2769194488555 0.1
v 14.441673192298936 8.803478071242308 0.1
v 14.750755357686852 8.442030135106197 0.1
v 13.662277566847782 7.368826800270435 0.1
l 2351 2352 2353 2354 2355
v -3.0293189886357705 1.9680998859326482 0.1
v -3.596003410103247 1.8989536133644862 0.1
v -1.8832837993979659 0.4219489325663244 0.1
v -3.1762474526725093 0.9892141382720552 0.1
v -2.6829967760158526 1.6792967538129453 0.1
l 2356 2357 2358 2359 2360
v -8.573360777673692 14.732789259033943 0.1
v -8.182794036350325 15.177072642377643 0.1
v -8.400798091658025 14.353606773837335 0.1
v -7.373386995296579 14.173142825949643 0.1
v -7.918332660316803 14.083093093122159 0.1
l 2361 2362 2363 2364 2365
v -9.779090471301584 -10.841120136979399 0.1
v -9.651399987581927 -9.640609639300624 0.1
v -8.181263928327075 -10.39289251919743 0.1
v -7.947802095014057 -9.623488407697113 0.1
v -9.883870379024954 -10.79358861325017 0.1
l 2366 2367 2368 2369 2370
v 8.661726750146453 -14.34180218365975 0.1
v 8.41257889483157 -14.69712816212116 0.1
v 8.121683591315785 -15.231535363592691 0.1
v 8.44332883338292 -15.148471959058355 0.1
v 7.674132135082205 -14.606547057851865 0.1
l 2371 2372 2373 2374 2375
v 1.9820547917512379 -2.290023004333248 0.1
v 2.209691462966153 -3.7195322084150693 0.1
v 2.336703950750012 -2.4294826088842063 0.1
v 2.2970916041198155 -3.000390545701753 0.1
v 1.5440259990211496 -2.1330153909063085 0.1
l 2376 2377 2378 2379 2380
v 3.072528706874413 -13.917832729347532 0.1
v 4.033963020652816 -12.115056087254974 0.1
v 2.794926416929267 -13.736272062457054 0.1
v 3.480893190573468 -12.265936178321397 0.1
v 2.762455103261445 -13.392673986774101 0.1
l 2381 2382 2383 2384 2385
v -11.20083524685291 -2.406889246079426 0.1
v -11.472299633716807 -1.5351962760309208 0.1
v -12.59082172312569 -2.0488610547253496 0.1
v -12.298816485550859 -1.30419101196599 0.1
v -11.809507712692788 -1.3329429142202578 0.1
l 2386 2387 2388 2389 2390
v 6.309951057715953 -1.2667783395438703 0.1
v 6.010038286205701 -0.6792220942417246 0.1
v 5.427626021315496 -1.2001760853900405 0.1
v 6.627332240945125 -1.4820595819646998 0.1
v 5.424689982130333 -0.7140117171767109 0.1
l 2391 2392 2393 2394 2395
v 7.107925731304712 11.609686344010717 0.1
v 7.164170059066935 12.245833229211602 0.1
v 8.607021621877276 11.583491833045146 0.1
v 7.059625799143617 12.1870176709931 0.1
v 8.585098545913263 12.090401879793706 0.1
l 2396 2397 2398 2399 2400
v 14.192702383363603 -3.8140657551975337 0.1
v 13.741134891321785 -2.832510626436506 0.1
v 14.078612857086235 -3.5924482548760786 0.1
v 14.281060620620323 -4.0698808143566785 0.1
v 15.61452941340075 -4.347664800687882 0.1
l 2401 2402 2403 2404 2405
v -3.11386571520585 -7.591807011939051 0.1
v -3.304406443185375 -7.361304224594589 0.1
v -4.380004985363506 -7.636037390852368 0.1
v -2.963594086010657 -7.254952011738307 0.1
v -3.4447922425983677 -7.629305058819794 0.1
l 2406 2407 2408 2409 2410
v -13.968084524625795 -8.940629884825219 0.1
v -14.03603825928464 -9.565555064389642 0.1
v -13.058040590607039 -8.523054601134405 0.1
v -12.768741906610213 -9.172152148930186 0.1
v -13.108863113853724 -8.677742304998194 0.1
l 2411 2412 2413 2414 2415
v -5.601475069861335 8.498304497660966 0.1
v -4.570160827578985 7.028668418754026 0.1
v -5.139213293786064 8.745506715327421 0.1
v -5.379585839830152 7.225243741720879 0.1
v -4.979315609458277 8.41532753003176 0.1
l 2416 2417 2418 2419 2420
v 2.8629652820865292 10.850754023591401 0.1
v 3.019227066899852 9.573544898712312 0.1
v 2.2084100051422224 10.066803373837578 0.1
v 2.8601547423670617 10.879620592593422 0.1
v 2.871850906536535 9.612592289074415 0.1
l 2421 2422 2423 2424 2425
v -3.1431799056089416 1.4404678264983337 0.1
v -3.846725465052724 1.5996934456205527 0.1
v -3.418932321431197 1.7139973313731227 0.1
v -2.656700643997839 2.4068574371987923 0.1
v -3.963345763178238 1.661393196079791 0.1
l 2426 2427 2428 2429 2430
v -4.064990994408432 9.630923297458592 0.1
v -4.2675250453339935 9.790203722408727 0.1
v -4.278673794766101 9.927462783177807 0.1
v -5.223548412283926 10.018850190784676 0.1
v -3.6738858479932905 9.250365665063637 0.1
l 2431 2432 2433 2434 2435
v 9.460285279266792 -9.938816397870808 0.1
v 10.421568822989272 -10.564374353971747 0.1
v 9.965149590564561 -10.089183084721306 0.1
v 10.234419314604024 -10.296601806124176 0.1
v 10.770913504709592 -9.588081060898274 0.1
l 2436 2437 2438 2439 2440
v 12.004975044306729 2.6627358885065506 0.1
v 12.81687825574274 1.9984337416366096 0.1
v 12.027592255442164 1.4998455938341955 0.1
v 12.74665881740467 2.5444293227316415 0.1
v 11.7536705257054 2.3834866676407387 0.1
l 2441 2442 2443 2444 2445
v 3.9906531961727936 -3.1604856470107014 0.1
v 3.763614334062363 -3.3777986604149373 0.1
v 5.153190598258567 -4.677612562084018 0.1
v 3.6632544079277727 -3.9820484469092334 0.1
v 3.3505279017533747 -3.916046971943062 0.1
l 2446 2447 2448 2449 2450
v -4.477462979694061 12.523165782738273 0.1
v -5.819654146454747 13.13763276780553 0.1
v -5.017110988502344 11.867610338512911 0.1
v -5.9759498142014 11.805877897661155 0.1
v -4.123286865781125 12.799890680628964 0.1
l 2451 2452 2453 2454 2455
v -3.9375681720935174 -4.601996815444066 0.1
v -4.556871259493532 -4.724331988893842 0.1
v -3.1343513376361463 -5.370598193268279 0.1
v -3.105845267080104 -5.047493858478466 0.1
v -4.43593844860319 -4.512683280721164 0.1
l 2456 2457 2458 2459 2460
v -1.2249042711388867 8.600742377722057 0.1
v -0.5171259767992724 8.001941160128387 0.1
v -1.6246235816919625 8.089738845764723 0.1
v -1.3807586970070396 8.86829586501322 0.1
v -1.8728856814355872 7.210298307942472 0.1
l 2461 2462 2463 2464 2465
v 9.101720030326138 11.832680601452967 0.1
v 9.155664633140043 13.421594339999782 0.1
v 9.243804178419028 11.573176274423515 0.1
v 9.714574850355554 13.091450992098128 0.1
v 9.512966249690743 11.554278300206033 0.1
l 2466 2467 2468 2469 2470
v 6.577327315141146 -0.05564538686513498 0.1
v 7.294736328783172 1.3021096293566137 0.1
v 6.194372903576722 -0.36451804203647664 0.1
v 5.348055815680247 1.1795709410264266 0.1
v 7.274791198692943 0.5120092542880215 0.1
l 2471 2472 2473 2474 2475
v 8.019208175405042 10.907411095332096 0.1
v 6.325918185157406 12.510549302539951 0.1
v 7.2010538671559665 11.37191126753197 0.1
v 7.51604244666339 10.727262743205968 0.1
v 7.376792521814741 12.490092987512261 0.1
l 2476 2477 2478 2479 2480
v -8.862093905896097 6.025959585311187 0.1
v -10.14089325882794 6.51999967681555 0.1
v -9.35348747858132 7.343225806134357 0.1
v -9.195722188695992 6.077607806240139 0.1
v -9.479701030359731 5.928228087329757 0.1
l 2481 2482 2483 2484 2485
v 3.435199641615958 -1.4802698793668119 0.1
v 4.262558380027123 -1.1651022181108686 0.1
v 3.829215347876204 -2.5034876651947733 0.1
v 2.935951342213519 -2.566994305102547 0.1
v 3.9889308157013117 -2.506583409162444 0.1
l 2486 2487 2488 2489 2490
v 4.235183508418504 8.4732854552377 0.1
v 5.887963432845641 7.487678818986373 0.1
v 5.80182212388091 6.785994845784328 0.1
v 4.92266341333303 7.5943446872955525 0.1
v 4.426955976060064 8.742318105547625 0.1
l 2491 2492 2493 2494 2495
v -3.8230686725323944 10.887017992029678 0.1
v -3.6196418631223923 10.814913555990683 0.1
v -4.760508162607707 11.629595736992995 0.1
v -3.861321300157809 11.679583243472106 0.1
v -4.316690479230967 11.181896240771517 0.1
l 2496 2497 2498 2499 2500
