# Cyvl Generated CAD Model
o Street_Mesh
v 8.058733563055284 -4.334471710957587 0.0
v 8.793754836195149 -12.617426891811192 0.0
v 12.998130478255916 10.325758521445096 0.0
v 9.942505981132854 -2.4329724553972483 0.0
v -3.240408129640855 11.259098801761866 0.0
v -3.7568302314612083 -10.24080347828567 0.0
v 14.496229391661473 1.0115353651344776 0.0
v -12.145252568647265 9.901750983670354 0.0
v -11.45054443582194 7.265498215332627 0.0
v 1.2696122657507658 -0.03593739587813616 0.0
v -12.559920318308286 11.232893879525363 0.0
v 7.2087000019382685 14.126637394540012 0.0
v 4.831809106806759 -13.144708556123078 0.0
v 10.699324972752947 12.690100118517876 0.0
v -4.046171110123396 8.051979037933052 0.0
v 14.66247361159185 -14.697330773808062 0.0
v -0.9532840989413671 -3.633364759385586 0.0
v -13.048340547888074 -13.995518559589982 0.0
v -7.668136074615177 -9.22561911214143 0.0
v -5.861876319395378 13.335201871581376 0.0
v -14.977428730286192 -6.544562326744199 0.0
v 0.0771471142070368 -1.2455558944493532 0.0
v -12.377918999292888 -4.984370077028871 0.0
v 7.640107933955733 -0.7958630146458745 0.0
v -8.787037896108814 3.0541637632995844 0.0
v 5.805116886796895 -11.21300627477467 0.0
v 13.657029898895416 -10.206941342912614 0.0
v 13.013124027405865 -8.233769161626697 0.0
v -4.728930763434619 -3.576754163019359 0.0
v 8.516161675273906 9.785128342919052 0.0
v -7.159906719462015 -0.2066552583128214 0.0
v -6.224939482577611 -1.244205960072577 0.0
v 3.2209237935603596 6.092723933048546 0.0
v -3.0050885205855593 -9.158677531406283 0.0
v 9.441623835940845 -5.348889336921275 0.0
v 14.574978751654271 0.9766996875405312 0.0
v 12.416337391536217 4.435347572900355 0.0
v -10.80375325033674 5.934098458848894 0.0
v 8.357912748120725 14.995195646770298 0.0
v 1.901726595533546 2.2031075386330485 0.0
v 8.20728092052741 -12.626083153299987 0.0
v -5.74473977641901 -1.8334012422710657 0.0
v 10.037900722760241 3.4144070241600275 0.0
v 5.858375582960434 8.380962066352367 0.0
v 5.5125844266149215 -12.380309044383466 0.0
v 14.075018080649897 10.383373387157917 0.0
v 3.7498679262353107 13.048860678449273 0.0
v 2.2162701818160713 11.817671156488359 0.0
v -10.001796726079192 -12.031816047616303 0.0
v 7.762712631665636 -4.578851103782654 0.0
v -1.9315488838474266 7.56043019797653 0.0
v 2.7125896228826605 -11.835112008266151 0.0
v 9.992012441100087 8.063721258193254 0.0
v 10.607614754873794 3.0672408202663064 0.0
v -4.238545475760475 -6.298649341799319 0.0
v -8.036431725136936 -13.424720044247806 0.0
v -13.144702784018591 -11.062209623865783 0.0
v 6.030592274502851 -3.381919428706169 0.0
v -2.980686733033508 -12.331856365315616 0.0
v -9.303919056314044 -1.9715510159730911 0.0
v -3.0826624479377642 1.3724900595843792 0.0
v 2.061607994546648 12.091498035006225 0.0
v 12.341583767498378 9.539665520191193 0.0
v -12.13689268345479 -12.95050308573991 0.0
v 8.315761424251832 10.045762780122459 0.0
v -9.034636168391444 -13.0618981635198 0.0
v 5.432947349443566 -1.5094889961183071 0.0
v -1.9421227187849581 -6.064103567972779 0.0
v -0.3700086535536684 6.428837491199374 0.0
v 14.470772277738433 -2.4310949686914682 0.0
v 5.861307721585035 -8.258046295493841 0.0
v 4.1586442641564645 5.66765752248466 0.0
v 8.5580791971297 8.405514189973474 0.0
v 2.0412941211252473 3.918963586911559 0.0
v -8.19286995229777 -12.797843107022345 0.0
v -7.3024708037264645 12.11981809232384 0.0
v -0.13805708044674248 -11.666851515881717 0.0
v 12.363086843397468 3.429575501009822 0.0
v 4.636995304492302 -1.976467065513134 0.0
v 13.031324559880886 3.0285286866128445 0.0
v -10.881732901849318 3.0773498117923737 0.0
v -6.557130879955366 5.550416428595781 0.0
v 3.7714034019154496 11.724023737944663 0.0
v 12.838598460075445 13.733476460911334 0.0
v -9.386638519295957 6.373884217813611 0.0
v 6.193893756251782 -14.780021184124053 0.0
v 9.420716405380517 6.890580833889544 0.0
v -8.140724514669273 13.732412092387676 0.0
v -6.250009961659089 13.769742466509342 0.0
v 12.551240507804323 6.042982746846974 0.0
v 4.181457403756212 4.144568714313209 0.0
v 12.096555007854477 -2.4357121624052525 0.0
v 2.39885229524225 7.257904414087534 0.0
v 3.649056058842689 -4.537504897452891 0.0
v 7.249971849494614 -3.6878847805783153 0.0
v 2.234831677051261 4.529651753604412 0.0
v -6.193092504807282 3.5281707188114524 0.0
v 11.919728184177075 7.034090271219611 0.0
v -4.213170438306406 11.562885406427085 0.0
v -8.166281805024482 -4.098694136366248 0.0
v -0.1921661951346323 -6.109116532839835 0.0
v -5.664064888143912 -10.982391467317939 0.0
v 5.968821082904469 -4.228374777361751 0.0
v 2.5766199938952923 -14.921258192509413 0.0
v -3.061907722207252 0.4059939915314317 0.0
v -6.007890299486462 4.225849883630872 0.0
v -7.099979675782379 10.407629485242069 0.0
v -5.438578651112039 11.753145966678858 0.0
v -6.969917003531009 -8.117647478356957 0.0
v -1.2536999452277087 -7.815799165517092 0.0
v -12.444934619881678 9.76591846626252 0.0
v -9.856513680890203 5.220510954037309 0.0
v -7.535360029200092 7.961224166676402 0.0
v -13.982332583866082 0.6528008794412017 0.0
v -7.25298549933359 -14.494053456932306 0.0
v -11.192936896288302 11.801183808594942 0.0
v 12.98919091821881 -13.625632924027741 0.0
v -10.316594419826288 -4.3488045101985335 0.0
v -9.83062834572047 -1.54926519934088 0.0
v -11.527151517104357 -12.801158648915589 0.0
v -4.108187158941291 7.360345529392362 0.0
v 1.7791863332968205 -0.8743821419775486 0.0
v -11.801907599612605 13.04641374386847 0.0
v 9.049001629871782 2.997591268271208 0.0
v 4.3727445298573 5.192781801335514 0.0
v -4.474631597229745 6.350218457169831 0.0
v -7.327278366778046 -7.338618683628738 0.0
v 6.997422154585365 -6.117910951375961 0.0
v -6.907968986197375 -4.2766504576429725 0.0
v 10.05070825223811 -6.402717978693545 0.0
v -5.5896934535121545 -8.614279973320663 0.0
v -0.7898129854002036 14.12482188642025 0.0
v 9.823244995204732 -3.795550043694675 0.0
v -12.187005915038753 10.069587666541338 0.0
v 7.775774489098694 7.546086329035461 0.0
v 0.3046969354618341 14.227399547584355 0.0
v 14.802413625759073 -4.0056356796994805 0.0
v 6.540567897260189 12.214747118763626 0.0
v 14.04950063972501 4.76587781868875 0.0
v 7.115235811739694 12.988876403309405 0.0
v 13.431935613334645 13.223918948322535 0.0
v -9.925074100669008 12.349067599512637 0.0
v 3.6816503544687293 5.684177054092288 0.0
v 7.781230406777468 12.87031339481473 0.0
v 13.12387692485936 13.474444872699678 0.0
v 13.004965299216565 -3.4623415237292647 0.0
v -14.57240412326064 10.847502968274057 0.0
v -14.37873035814846 12.447060316801071 0.0
v -6.424174712155946 -8.29542706720531 0.0
v -6.158343606512062 4.335131790488958 0.0
v -9.563882404298056 7.015761942602694 0.0
v 2.399556791468058 -8.348644588142633 0.0
v -4.9382028098916635 7.851536680944264 0.0
v -11.788701791723724 -3.9725810158997774 0.0
v -14.933013198547997 -2.2576963752508163 0.0
v 10.76593251619488 14.508284661918879 0.0
v -9.461988387280144 5.448498039506376 0.0
v -10.306791000941303 10.692148773930967 0.0
v -3.3742450187564828 -12.53687840513885 0.0
v -0.914033712411765 -2.430030114017427 0.0
v -9.033070117176976 -4.752629658207297 0.0
v 12.472747924504802 -10.88013388030231 0.0
v 8.014979523140937 -6.678018103353679 0.0
v -0.5490531008690596 -9.796537660062313 0.0
v 3.9315164723666385 -5.277202916331589 0.0
v 0.7744623775361106 -14.07504750508815 0.0
v -12.7846283922554 -14.187383778393269 0.0
v 9.292175453621894 1.1720298435539007 0.0
v 13.7375955664902 3.3174386266618967 0.0
v -7.948445314657874 0.8730073682963848 0.0
v -1.232540568918921 1.5235726200044155 0.0
v -7.2705560782924294 2.1278453087434173 0.0
v 9.978655111510307 0.6996605740860105 0.0
v -1.7040589019889012 -2.388940030708909 0.0
v -2.892940428573638 -7.151060050353408 0.0
v -1.2958350144908763 -14.93684119079262 0.0
v -0.5782013126299717 12.369948830455542 0.0
v -7.323867609491572 12.495942303910851 0.0
v 4.892442331183702 -9.252524613402784 0.0
v -5.529856737295631 -1.0784519901499152 0.0
v -3.8437526242341846 -0.33876048028469086 0.0
v -9.06294347869698 7.8427070220932364 0.0
v -10.215056418557651 -3.210017475299537 0.0
v 9.850921493722126 -0.4459797702729702 0.0
v 5.162513062648941 12.745135069824755 0.0
v -13.753870109503623 -13.537726040929556 0.0
v 4.337342942308169 -1.58649808075279 0.0
v -13.826276969804894 -10.10829677991569 0.0
v 7.168573819333687 -5.562818189151585 0.0
v 10.521101294318214 6.448454769328237 0.0
v -8.923384776047897 -5.873765712603927 0.0
v -2.50817527534673 -3.0865098144859076 0.0
v 4.271338782506064 -13.66046374477446 0.0
v -0.3179345793905668 2.090305384248495 0.0
v 2.1315507198451087 1.8106000553816557 0.0
v 0.5464733284316026 11.0250832317397 0.0
v -5.695634871779475 -0.6323390593752265 0.0
v -2.284421795513481 4.552836074493825 0.0
v -8.923104750807397 5.746817195788026 0.0
v 1.600176329317037 -8.823757455684245 0.0
v -10.957102828251664 -1.4085557609796524 0.0
v 3.6501007374026813 8.860232542268932 0.0
v -9.288783405150753 -9.454990847967565 0.0
v -2.1012958105420694 -13.990315361879766 0.0
v -14.573539891687687 -7.123864508233964 0.0
v 0.6473943861783482 4.06784828286618 0.0
v 5.295393309555948 5.835008115507662 0.0
v 4.940378886531107 -8.961156995035708 0.0
v -14.821772389113903 -12.772499987855554 0.0
v 10.190951563534327 -1.3635093765333295 0.0
v -5.418776810576674 9.140965188853443 0.0
v -1.5336240601027384 14.350264942273498 0.0
v 5.392550348478835 -1.6249717194586992 0.0
v 7.0030545250047 -6.070265150628984 0.0
v -12.738353594962973 9.861720843240619 0.0
v -14.324375290016178 2.957182578742504 0.0
v -12.538767634774558 10.172262146137655 0.0
v -6.373245036054868 -0.03920824360102415 0.0
v 13.504884822526947 3.0238044895231724 0.0
v 1.799598799960222 -1.2238200269639492 0.0
v -9.349994255113415 -1.7159972712397575 0.0
v 14.601074730686378 1.376147085800767 0.0
v 0.28235757665243 6.134473686106503 0.0
v 11.090507780725602 -4.7333141434937716 0.0
v -6.910871404455975 -7.600495541468263 0.0
v -6.341243101167493 -1.504410507157445 0.0
v -6.503115110215731 8.801498668268323 0.0
v -5.154193605587352 -1.0188170429319143 0.0
v 3.596564564970322 -9.853565456345677 0.0
v -9.982774068368599 -13.695114741101861 0.0
v 5.516190726542845 13.384511622600257 0.0
v -5.564489781565499 -7.49610504321754 0.0
v 5.671942408254836 -2.079448743723333 0.0
v 7.086405336216558 11.48589686397463 0.0
v -8.176511798636056 10.654558437876403 0.0
v 10.843231902399566 -10.493660238571465 0.0
v -10.856957461801358 -4.003581938333809 0.0
v -0.057081110950093716 -10.607152679003775 0.0
v 8.937651222804561 7.747765831649303 0.0
v -5.1043803272768855 8.640486933290958 0.0
v -0.09265217481879517 7.882913554087281 0.0
v -0.4436162146157585 3.540282550267875 0.0
v 13.991249737387989 6.264984388835728 0.0
v -1.1933343221899122 13.147214560769498 0.0
v -1.7961423116503283 6.5628811260685325 0.0
v -14.352311013324652 10.081931237131357 0.0
v -7.17776103207143 -12.9799640532583 0.0
v -12.132890508975834 10.020948118530214 0.0
v 6.201521863404196 -13.2415018286556 0.0
v 8.613389918988105 -11.847780654206872 0.0
v -0.6662898610229604 11.577576355077326 0.0
v 8.971794695884455 -12.702462029643357 0.0
v -4.076797256886493 -2.9996848292648792 0.0
v -10.3468153506401 3.123320210725069 0.0
v -6.240826395107433 2.6353114815428853 0.0
v -11.528417819354217 -3.889874012209475 0.0
v -3.6360903819440864 3.880022673867643 0.0
v -1.0467890401487239 5.047556437551975 0.0
v 0.9446124253445305 -13.249395260587335 0.0
v -6.175888479570858 2.8513540169224143 0.0
v -5.386208493029699 2.0638758540153503 0.0
v -8.426561817585025 -14.209861586801708 0.0
v -12.503670469624922 3.4711034828796983 0.0
v -6.796958259597886 -10.65591625124216 0.0
v -5.223895632661879 -6.365243712440133 0.0
v -2.316785598057322 8.7473636996001 0.0
v -3.0046404187451117 3.2378644850105047 0.0
v -14.58157248981297 7.971247112378478 0.0
v -9.77234182000393 8.387916677631438 0.0
v 5.964276751328725 1.5734189404174685 0.0
v 10.893053251376841 -9.392221299000084 0.0
v 9.657576289318968 -6.183353879489005 0.0
v 6.010972121381201 -14.812145416624844 0.0
v 6.844050950312521 10.183368879370391 0.0
v -7.137976695841644 -2.3247910561040044 0.0
v 3.898210575862322 -5.651396292261779 0.0
v 9.288892832759302 2.7880948847159743 0.0
v 12.564720005204435 -13.654811914078891 0.0
v -3.0987059492617846 -3.2308521810919046 0.0
v -6.241608337208163 -0.9551815064623952 0.0
v 7.1329306502011605 -2.2588918693363667 0.0
v 1.1234706129180267 -4.749076617881656 0.0
v 5.667784560937434 -0.3649090137332678 0.0
v 5.746246836613864 -4.422716751694679 0.0
v -3.4177929872530513 4.32497039809823 0.0
v -3.8267074950272217 11.281555236317217 0.0
v -4.191872430150397 -3.9422074677422643 0.0
v -9.362276712316088 -4.21258560474962 0.0
v 14.14146492537111 -0.47269938327372074 0.0
v -0.1909583400702104 2.092727078124881 0.0
v 14.832421139115468 -10.257180660031736 0.0
v 9.233953282644507 0.7780300574377179 0.0
v 3.5676135977264494 -6.770414130762219 0.0
v -3.939030996931251 -8.037190360948443 0.0
v 8.084959423635155 -11.147474258206785 0.0
v -0.8225834193872288 0.2280812757089734 0.0
v 8.519172960601281 1.4597586421296 0.0
v 3.161934068601113 5.491812178865075 0.0
v -10.473151350743137 14.806383966468275 0.0
v 5.7773821442388 7.850677973590791 0.0
v 4.248311745468527 5.6851565428078175 0.0
v 13.4230360572692 11.503137395717204 0.0
v -10.837511952442583 -0.7998497225344181 0.0
v -1.4801843929453753 12.977239307947457 0.0
v -4.8307052426971495 -0.264581467024982 0.0
v -5.774853513168637 7.807868805713952 0.0
v -14.750918377772905 3.9090455966070294 0.0
v -3.903596979333088 -5.601030382327735 0.0
v -9.610924203065224 -8.13915136270225 0.0
v 1.1979588836547919 -11.61680833157152 0.0
v -5.352329882211052 -7.101452516391873 0.0
v -13.732055005908478 10.130124821327627 0.0
v 4.267367067805026 -13.441451166756451 0.0
v -12.95861056575086 12.72231093607843 0.0
v -14.112675480602775 -10.370894483290613 0.0
v -7.129801857925486 10.391358907334507 0.0
v -8.401369390718173 -4.782099014148116 0.0
v -2.386483752867207 4.902466971427202 0.0
v -6.910053496423643 4.415738429874182 0.0
v 10.467053139465861 -5.340282180346549 0.0
v 8.712399870157242 -5.645599842071533 0.0
v 14.591383496823255 -0.621947699226439 0.0
v 1.943391076347325 2.5753835029900074 0.0
v -3.3878665851661935 -8.02208813559264 0.0
v 12.507195375219453 -13.5156927742064 0.0
v -9.710975714842789 -12.637761319987476 0.0
v 10.148974634590559 13.378261934965849 0.0
v -0.40416701493086293 7.005389094352722 0.0
v 4.474466376064811 -11.059198569506407 0.0
v -4.961991988355294 0.7046753233298659 0.0
v -6.744793028046843 1.0386015754193068 0.0
v -6.0956031769746915 4.849270252510905 0.0
v -2.5919543554773554 9.837763398885727 0.0
v 2.1182952682720497 14.99682225100696 0.0
v 11.50123528164113 0.5492629250511527 0.0
v 3.1105154007091187 12.994999585673213 0.0
v -7.134267789777368 -7.949504914693534 0.0
v -4.820191011938732 -5.7307229191064835 0.0
v -14.396580083470326 -10.109057842753828 0.0
v -9.679401439614594 12.613253850489855 0.0
v -4.857670452678576 8.091143118217587 0.0
v -4.107843757083174 -5.387495054863393 0.0
v -1.3112256708554924 -12.468414989300072 0.0
v -12.213849678402767 2.272173526696861 0.0
v -2.890397270268295 -3.4563960609957576 0.0
v 11.176143425516784 2.4251256491988897 0.0
v 6.532627201231662 -4.874846200458705 0.0
v 11.7834711104515 -2.3086124612018466 0.0
v 5.339179842732847 14.677622477523983 0.0
v 14.39671685587382 8.01937476079911 0.0
v -12.895757360500284 -5.548694879747927 0.0
v 11.110316162870731 7.682512652128935 0.0
v -12.745488459186163 4.0346345622092485 0.0
v 13.54231648996938 4.789829367771745 0.0
v -12.45198122918373 -6.521837682463229 0.0
v 4.451296380197164 9.128958316519856 0.0
v 1.0582879743305966 13.282457254827023 0.0
v -11.695449014892802 -12.608741675503552 0.0
v 13.250649701280054 7.321590979583561 0.0
v -3.4386115242377855 -13.86984109133482 0.0
v -5.753104994713794 -9.507891197688878 0.0
v 7.294685240252875 -10.030909177847207 0.0
v 14.466946605884004 -9.900300486013293 0.0
v 3.615181545028463 2.937232695519924 0.0
v 1.1749843949219212 -4.996292319148779 0.0
v 7.779251402011141 -3.942659242078662 0.0
v 9.972241794108413 -2.7592607280239463 0.0
v 6.332296075182967 1.6531580733135343 0.0
v -0.810868005559314 13.871894290670753 0.0
v 6.88118375983322 -14.18333597574383 0.0
v 12.127715532435104 3.5998498275876045 0.0
v 4.855458029429428 2.6233145901933312 0.0
v 11.15750266140094 3.8454033713787794 0.0
v -14.486349218233954 14.192073531448841 0.0
v -3.7308402736089192 -5.377616547048092 0.0
v -10.808597577852197 7.2332413056865335 0.0
v 1.2599559052032419 10.107279915362597 0.0
v 14.067084123962559 14.89872467610985 0.0
v 4.837159476533998 4.680483818054199 0.0
v 11.864461029297672 -9.521376975812018 0.0
v 10.111222858715337 -3.3001268664374948 0.0
v -8.746224049653392 -2.0699859065935016 0.0
v -14.086267302860506 3.0449576629325747 0.0
v -0.3499144440283999 -4.342112571001053 0.0
v 12.071423845482059 8.369881703518331 0.0
v -13.074124132981524 -5.4798984890803695 0.0
v 7.9337578798877075 10.771539677865803 0.0
v 11.92398260475602 12.929525645449758 0.0
v -4.555527696036734 3.3218698259443045 0.0
v 1.878311876731459 13.186700030229986 0.0
v -6.97353855666006 -13.584176514297724 0.0
v -4.191465685609728 -0.5151770738884807 0.0
v -1.9515883127460256 11.905452481471002 0.0
v 0.3319550509331748 3.7742529595270753 0.0
v -0.23600569478003308 2.0308923488482833 0.0
v -7.600306772510521 -13.359547981061041 0.0
v 12.634744672919624 0.29259343817830086 0.0
v 5.430484930227976 0.2715011816471815 0.0
v 6.746052079368383 8.093731599859893 0.0
v 13.381924281362444 -6.298648896627128 0.0
v -6.020012364198919 10.692745249718428 0.0
v -7.467499518184923 3.4044401925057173 0.0
v -14.542505798395723 -12.38407683186233 0.0
v 3.752946584892925 -1.943754294887185 0.0
v -12.670407441386487 -8.896515781059861 0.0
v 5.6467719114152715 -8.209277502261102 0.0
v -12.33342564542545 -0.5491381017491221 0.0
v 11.020781117898878 -4.657183483242989 0.0
v 6.278775213286281 -5.180990148335695 0.0
v 14.152425362495705 -9.249799706041813 0.0
v -10.058686779637355 -11.76708306465298 0.0
v -6.149170346558094 -12.193667463958263 0.0
v 4.6058511466835625 5.760019860230386 0.0
v -7.925059685949236 -9.077793607488275 0.0
v -0.5596622002194636 -1.693872844800353 0.0
v 11.26190973946359 -3.6355074318125844 0.0
v 0.6946663841954432 -2.4854780957102776 0.0
v 13.31736274564173 2.345972951501608 0.0
v -14.908945412258618 1.4442662755027413 0.0
v -12.118827712605707 -2.4072238439694047 0.0
v 5.560931126936339 0.7716877516359091 0.0
v -8.181566871935502 -3.5637751538306475 0.0
v 1.775560940906871 -10.740335655398667 0.0
v -9.450134157203138 -5.72095306776464 0.0
v 11.459840922034346 2.2738286340609193 0.0
v -12.341616098594386 -13.00839111674577 0.0
v -6.890199420624413 -6.238954117521644 0.0
v -3.6239214357337914 -10.500983205623925 0.0
v 0.3470780726056546 -10.567517712712288 0.0
v -0.6962853679433465 14.964417018927634 0.0
v -13.24594946455909 -6.211697604507208 0.0
v -4.55738654313609 -14.010991245508194 0.0
v 12.865617372095585 -2.3523500990122557 0.0
v -4.771600100968499 -8.604244301095605 0.0
v -12.191653254209086 -6.799619670026004 0.0
v -8.515911514754407 -8.007381055504084 0.0
v 1.8465337700909004 -13.403012254275382 0.0
v -14.569861707859673 5.569035747088492 0.0
v 10.793890442000702 1.3003869093954563 0.0
v 1.7269798392080702 -1.647771680727601 0.0
v 0.3842523208586499 -8.290082698687911 0.0
v -1.9545570644550025 -9.812197856605053 0.0
v -10.66612129949499 -13.956495778635144 0.0
v -10.376424308633432 -6.658978816121817 0.0
v -12.51689897099277 -7.131070455536246 0.0
v 1.169553171028383 -4.276329328306019 0.0
v 4.631967953289859 -12.373880734667182 0.0
v 4.261197728163097 -11.627554683946073 0.0
v -5.337950984016061 7.473838705569506 0.0
v -10.300110739073716 -6.261624228209257 0.0
v -8.519351114868186 -14.582028043456376 0.0
v 10.612785141798668 14.675272360444069 0.0
v 11.754733359848615 -8.821919718757272 0.0
v -8.718595793005079 10.812464874237776 0.0
v 11.60203846701188 3.1736313896253705 0.0
v 14.446509831876028 -7.507169544696808 0.0
v 9.255532383802347 2.6732253888621926 0.0
v 11.388874143071007 -8.562553863972425 0.0
v -14.844504398992285 -7.509176436811686 0.0
v -0.5693373510148376 -4.767321430146694 0.0
v -11.384299819881562 3.1498029539361596 0.0
v 7.043999473040458 -7.954564826563001 0.0
v 12.442328078614082 6.714833654463291 0.0
v -6.290971868031193 -13.428651277907193 0.0
v 8.241732532333117 13.114180020056665 0.0
v 0.09006931824842468 -0.3190596653148532 0.0
v 5.47262479114579 14.05283010005951 0.0
v -6.548257163725793 -12.58271767757833 0.0
v 7.8242702970746905 9.1161727020517 0.0
v 6.8066354191396385 14.034694363363087 0.0
v 3.707173536415212 -6.044771076180041 0.0
v 1.6710575523320585 -5.055953918024898 0.0
v 5.803395473456476 5.653031683526933 0.0
v 4.605703599343542 1.3986376747488976 0.0
v -8.125642271421384 -4.44666906632483 0.0
v -5.1762805074686185 5.875973808579147 0.0
v -12.042952104238793 -8.2832121104002 0.0
v 3.3187615385395475 -1.892388372682035 0.0
v 9.703801469004247 3.8094300972297788 0.0
v 5.453891485114582 11.938735374249518 0.0
v 14.272888064617291 -4.776603925973177 0.0
v 9.532296594523359 3.120528193190694 0.0
v 11.991256907582283 -10.65777577739209 0.0
v 8.381265995441936 -6.394961423240602 0.0
v 4.667028535506688 13.380557507276535 0.0
v 4.43658345087897 2.7868691990152 0.0
v -14.48423248209292 -14.283900478854775 0.0
v -7.953979054931551 10.944954150356352 0.0
v -0.4748256138409488 -0.8855768879875541 0.0
v -7.232449241389986 -2.247520080767572 0.0
v -10.461381864384748 5.347701633349061 0.0
v 14.48760409024544 -9.761032742448151 0.0
v -9.699196935922373 2.3304757475852966 0.0
v -5.083856744051445 1.919969622977078 0.0
v -12.87753767927643 8.702146752737463 0.0
v 12.309922755113803 -10.590338603593409 0.0
v 7.2162094509694725 11.375054068863392 0.0
v 10.103022360883188 9.491530423052609 0.0
v -7.950317062844988 6.383961472660303 0.0
v 13.844635500281584 11.589217843487859 0.0
v 4.345280504610855 11.034577208571136 0.0
v -10.285542683152016 5.100313981063664 0.0
v 14.488737053237855 -9.183590549975634 0.0
v 8.635506321035791 -0.3884335309267044 0.0
v -3.278613450471312 5.989018030464649 0.0
v 1.2705511376843788 -1.6528318542987108 0.0
v 14.851006304903422 6.958052194677293 0.0
v -5.461995960737113 0.5295362332835793 0.0
v 4.925669426564127 -1.5338488444685936 0.0
v -13.002506410353817 -13.707965774461627 0.0
v -0.5085947539191693 2.1793155940249562 0.0
v -14.375186613760889 -2.2195261707529426 0.0
v 3.8426954525057226 0.8037151517346501 0.0
v -8.976869544945657 -3.7708137053996325 0.0
v -1.4071937332046218 6.682486826553941 0.0
v 1.0737312143901363 13.451484594494104 0.0
v 3.377492343133781 9.633718892000616 0.0
v -4.635692086943891 -14.370861772447824 0.0
v 12.839406566752587 0.5266507333144546 0.0
v -13.110804173629731 0.08855813182890415 0.0
v 14.567440511251334 14.959019638597965 0.0
v -4.783086763811298 1.3502818020060658 0.0
v -0.3716431667562574 -1.959207572042942 0.0
v 0.15450459404382855 -13.1996611347422 0.0
v 4.314143109775614 -7.821105471812189 0.0
v -0.6048166494583711 3.776189505122602 0.0
v -8.132156774867326 0.042389784939587116 0.0
v -11.237158743024338 -14.312804877758026 0.0
v -13.006664781423751 10.207746179774404 0.0
v -12.60492651432287 -8.406641841866076 0.0
v 10.36711685481714 -1.3978230515494943 0.0
v -12.792663558328059 4.821751465089619 0.0
v -14.314405226963572 -7.71100465208292 0.0
v 13.35027078865096 1.2457072855904698 0.0
v 5.836496265837923 -2.4104812843725085 0.0
v 12.204301867284812 12.851978842169046 0.0
v 0.533511875779368 6.352112268097699 0.0
v 9.382044872152619 -6.250569866038859 0.0
v -5.839128175924998 -14.509755151346326 0.0
v 2.2060115143540315 -1.6816866444423795 0.0
v -4.662890760344453 -6.9671163354068995 0.0
v 11.148708471853752 8.819487198255956 0.0
v 3.127877231745515 -13.016670464538038 0.0
v 12.936327558825724 -9.417294405400753 0.0
v -2.8210638433811255 -11.601333358325064 0.0
v 3.9661985504208133 4.466683867387474 0.0
v -7.586270218889695 5.023960889317095 0.0
v -0.529858571710065 -0.1201318996027112 0.0
v -14.12664845836116 -1.293560441583395 0.0
v -2.1389354442362674 -3.0839295964688063 0.0
v 0.405251607473474 -2.9926413474604487 0.0
v -1.2971680295304395 8.011622782796621 0.0
v 7.947390383167658 -1.3877591555938125 0.0
v 10.105198366451077 -4.691692726686597 0.0
v 7.348543805885129 6.630601464770734 0.0
v -8.701629747927655 3.09992035664618 0.0
v 5.101374592049979 11.72564359754324 0.0
v -14.689178662141785 0.20304374396800995 0.0
v -7.864142783277202 -0.837898044846952 0.0
v -3.827327008068096 4.4096406027674675 0.0
v -11.321639807370957 6.328049004077911 0.0
v -0.540345205925405 10.43716751690954 0.0
v -12.796497506904416 -12.26695263478905 0.0
v -1.116922230750788 0.4187863655388355 0.0
v 1.329759577056393 -6.406798123382032 0.0
v 10.203106279892381 10.507950521074235 0.0
v -8.61573864024831 -11.816736159846187 0.0
v 3.6224318349850364 -12.21276155486703 0.0
v 4.069929546385538 9.37492998316884 0.0
v 2.0239329953328706 -2.6100790556520224 0.0
v -10.178435015841387 8.209562489762902 0.0
v -10.554748722992372 11.663910801522434 0.0
v 10.286136820795946 -5.646388091146946 0.0
v 11.316371413180605 0.3959442814812064 0.0
v -0.85173544799909 0.15408969949930906 0.0
v 11.599958036385942 13.438035467639565 0.0
v 1.1462527050753124 -6.760217278264463 0.0
v 4.982616511464585 -8.211744983680546 0.0
v 8.6977181211696 6.164706072770059 0.0
v 0.5497012906125747 -9.232495564967394 0.0
v -2.766021564078983 -1.693475435487926 0.0
v -0.30920628318563104 -7.9221674175933 0.0
v 14.978913077677134 -12.007450208999217 0.0
v -11.054623616451863 4.675915969535708 0.0
v -3.804572769498918 -11.431289359927177 0.0
v -2.2309853810002096 -3.4033676953986287 0.0
v 14.247303843032569 -7.9827933590859175 0.0
v -10.325517980265431 1.4520958177745342 0.0
v 11.709606494463515 -3.9027747800573707 0.0
v -11.519823281851131 8.193949233740568 0.0
v 6.0502902214066125 0.1313218055292964 0.0
v 13.141443628177512 -4.820984953083098 0.0
v 9.193209751916584 -6.004661712795496 0.0
v 3.691164631221909 -12.728629734367132 0.0
v 5.96501907997299 -8.667501176707447 0.0
v -14.229667539533693 -8.56750965025276 0.0
v -11.306237737473566 14.603053437545896 0.0
v -13.500344255880918 13.071037587709725 0.0
v -4.639170673966873 -8.820361795835197 0.0
v -14.888248274626676 9.8622652227059 0.0
v 4.239749297499657 3.359795487485826 0.0
v 0.6964912273688242 -10.97291597072035 0.0
v 6.554545506020077 10.968403846025467 0.0
v -2.389840463642031 -6.074365101754665 0.0
v 4.05738596979063 -3.0862794313579798 0.0
v 13.032203731243499 -11.830600939691067 0.0
v -13.92185389844235 1.437293748371303 0.0
v -6.894269977929071 12.820026875473559 0.0
v -2.9596896919538267 1.1722704339772463 0.0
v -7.136108942388091 -3.933067759498954 0.0
v -3.9893725598813035 -0.17720127385109663 0.0
v -3.0912633081898093 1.6087119160220027 0.0
v 12.616105230292305 2.1636006543412805 0.0
v 0.6453122340608388 11.033918543718755 0.0
v -2.804913459927775 4.086115475744009 0.0
v -11.253930942970328 -7.745223818346858 0.0
v -8.50753104238538 14.367648534476757 0.0
v 12.303865551657509 6.607468803413212 0.0
v -3.9379340526647866 7.960932575166225 0.0
v 4.9378103074850515 -14.558364742435515 0.0
v 10.199052662763279 6.544526619836688 0.0
v 7.25691669259686 -6.888475195504725 0.0
v 4.977717021596618 -7.474321362562478 0.0
v -0.9286379334516823 11.290581971406937 0.0
v 13.730284782301169 -3.359289853833616 0.0
v -11.659518331405707 9.117718853987753 0.0
v -2.9032356170355342 -2.4484991040080786 0.0
v -2.438811825879384 -1.1927245277911425 0.0
v 12.90039983409224 -2.2440598802641034 0.0
v -5.873039954982232 12.735921486280859 0.0
v 2.330587035336066 10.91679621860385 0.0
v -6.924977947433945 -6.258919401094317 0.0
v 7.058668593119364 14.030188367702067 0.0
v 4.758265003387351 12.072708302177489 0.0
v 5.702648673788644 13.892558434978127 0.0
v -11.130150045850314 4.102002456784248 0.0
v -9.986654097330756 -11.549048658460379 0.0
v -2.6066375194932334 10.1840632064268 0.0
v 1.7817894240724854 -11.093619097955525 0.0
v 10.752676045987755 9.841049675829709 0.0
v 12.089562083419878 5.487519070506096 0.0
v -11.140103757148609 5.899665390141308 0.0
v -11.001266370352823 2.0670178504660726 0.0
v -13.190037671651226 -8.540302473120391 0.0
v -5.2371794082573615 -0.7024825131520629 0.0
v 6.433085682452656 -7.960657428950071 0.0
v 12.578064034169074 -10.796925021335483 0.0
v 6.09034485387383 11.600979395210743 0.0
v 13.336918223183602 9.609735507518053 0.0
v 6.9226798816234805 5.8188458336517215 0.0
v -11.572161645570304 0.12147393636405468 0.0
v -10.908806972496677 0.5563478609547019 0.0
v -1.5485115608898923 0.9675964722409844 0.0
v 5.216318859485909 7.5800415482372046 0.0
v 3.8935513513861224 13.765071577392519 0.0
v -9.04501435806742 5.033292667008936 0.0
v 7.736717095656786 0.7400512984022498 0.0
v -2.523572667269036 -3.026221471838653 0.0
v -3.167943927575834 8.815431573428214 0.0
v 6.478821909578983 -2.6251816330477595 0.0
v 12.584738290694077 -7.17205925937742 0.0
v 12.250469212420285 0.23555326368659735 0.0
v 14.184420845005661 9.986597185954452 0.0
v -7.255821232160088 -9.842941638082266 0.0
v 8.12199926667381 12.639689844101667 0.0
v -3.960586826724466 -8.078298944048584 0.0
v -3.0331616168259643 1.9727489035576582 0.0
v 10.787758349382784 -8.805691129527986 0.0
v 0.5997186554013751 2.193587901070714 0.0
v -9.957069028925616 2.6237257504835725 0.0
v 14.531841044547036 7.223526619374752 0.0
v -13.799622615566477 10.396053331904113 0.0
v 7.455276864871848 -11.550440235063434 0.0
v -12.396892631717492 -2.944089780561626 0.0
v -13.885474257869646 -7.397903227247298 0.0
v 5.49435262195766 -14.857676568441093 0.0
v 2.3293839680263773 -5.851307560689747 0.0
v -3.720118445926346 -1.1146445842459798 0.0
v 9.715758757316507 -0.5027512246742845 0.0
v -11.279732623137534 -5.208109174855053 0.0
v -0.7685237284749746 -9.88929463736713 0.0
v -13.168707640375942 9.542919996194541 0.0
v 12.445509152661543 -13.013478553853929 0.0
v 11.728476719174068 1.896261928603053 0.0
v -1.6939971324754879 -9.559916242957115 0.0
v -8.337558698782232 -8.69253908470273 0.0
v 0.2603824988473207 11.20663290284574 0.0
v -8.161785651638638 -1.3367145266383886 0.0
v 0.1861664523021318 -8.964831406250596 0.0
v -13.449417230149265 11.710999040864408 0.0
v -3.6202468769042753 8.348889376036823 0.0
v 10.939964279241394 8.579802632331848 0.0
v 13.430967520340346 2.643218385055661 0.0
v 3.326219010457862 9.44729956611991 0.0
v 9.025407387700398 -13.753214200027287 0.0
v -6.766959225991741 12.396153138019145 0.0
v 8.462680732714944 -11.7300876500085 0.0
v -1.9542646507034078 -14.273607860319316 0.0
v -7.539179686689749 14.969202869571745 0.0
v 0.14190673176199198 -1.2356134364381433 0.0
v -1.4122733076801524 13.855527242645621 0.0
v -1.184490067709703 -11.234984857961535 0.0
v 8.148002285684925 -10.877011150121689 0.0
v -3.846349707688205 11.616581966169178 0.0
v -1.4487591799115762 -1.7493348298594356 0.0
v 4.850443767092656 1.5242085261270404 0.0
v -0.7353938336018473 3.03536235075444 0.0
v 2.699775677814614 -11.782837538048625 0.0
v 14.22007208672585 -14.650324781425297 0.0
v -9.91606377705466 9.427627258002758 0.0
v -4.4946268065832555 -8.018600791692734 0.0
v 1.5823205426568165 9.521041737869382 0.0
v -0.047452662663999945 1.6017463495954871 0.0
v 4.373569535906427 9.462914041243494 0.0
v -3.437886878324207 -8.252110594883561 0.0
v 5.548266437021084 11.363536970689893 0.0
v 10.354976083850488 2.12837131973356 0.0
v -12.211434034572449 11.798559023998678 0.0
v -9.897045628342312 -3.8786860359832644 0.0
v 14.807071040326264 -1.3277450948953629 0.0
v -0.22035598737420514 1.295923501253128 0.0
v -1.3234993436490186 7.564704665914178 0.0
v 7.577538740122691 -10.970190921798348 0.0
v 10.492411473533139 7.630406356416643 0.0
v -8.616493368055671 5.047639046795666 0.0
v -12.285533860616852 2.367454103194177 0.0
v 12.406387131777592 -13.638194114901125 0.0
v 12.162078786001075 12.193224795162678 0.0
v -8.509467230702285 -1.9981165621429682 0.0
v 4.072162934404332 -6.156681950204074 0.0
v 13.333862010098528 11.19909920822829 0.0
v 14.762088802002836 -1.048190307803452 0.0
v -12.451424479309935 -14.152175552211702 0.0
v -4.600732609513216 -10.278701356612146 0.0
v 2.105453457974363 3.141182955354452 0.0
v 12.581267595116515 -10.114420648664236 0.0
v -5.5484370330232196 11.801867242902517 0.0
v 6.728896162880119 13.617330207489431 0.0
v 1.4790093375486322 4.861984735354781 0.0
v 7.242384190612938 -14.592557499185205 0.0
v 4.124139206018299 -10.19911139830947 0.0
v 0.48690505989361554 -3.2483853437006474 0.0
v -7.210314879077487 10.270786839537323 0.0
v 11.444485448300838 6.199431459419429 0.0
v -12.07577718544053 3.573928472585976 0.0
v 8.384176328254398 0.24979721009731293 0.0
v -3.650022941583302 -3.3068309230729938 0.0
v -12.328653895237949 0.27011021319776773 0.0
v -9.744578320882283 -11.828574690036476 0.0
v 5.549862542597111 5.691171023994684 0.0
v 13.036664070328698 5.935843102633953 0.0
v -7.080344656016678 10.635823686607182 0.0
v 12.214726942649577 -12.646242330782115 0.0
v 6.187211500771809 -11.867048212327063 0.0
v 2.364467845414765 -8.221908618696034 0.0
v -3.8574253072147258 8.41974226385355 0.0
v 5.291053344553802 7.948654138483107 0.0
v 13.72742386959726 -2.220120738260448 0.0
v 12.630055071727838 14.010673620738089 0.0
v -10.049896240234375 -2.2920496445149183 0.0
v -9.03855385852512 3.5300304694101214 0.0
v 14.168586670828518 -9.38061857316643 0.0
v 7.319518758624326 -14.881172372028232 0.0
v -3.876969800214283 14.377860033884645 0.0
v -7.269808195298538 -8.297482422553003 0.0
v -9.00920891953865 0.8890915727242827 0.0
v 5.987352963013109 -7.7419804418459535 0.0
v -5.882744316535536 -14.001221659593284 0.0
v -9.153479405678809 10.052573417313397 0.0
v 1.7653423037263565 -3.2020503310486674 0.0
v 14.564123089541681 6.492653659544885 0.0
v 11.24594920524396 7.868010931648314 0.0
v 9.617038777912967 -12.477865706197917 0.0
v -13.656444056367036 -0.9376288075000048 0.0
v 11.387929685821291 -13.13364359922707 0.0
v -9.235492270963732 10.563208801671863 0.0
v 9.568753218278289 3.259420963935554 0.0
v -5.3762488213251345 3.382833338342607 0.0
v -8.310162148496602 9.758756902068853 0.0
v -10.559332286124118 -6.831149031408131 0.0
v 12.548662574321497 -10.312942334450781 0.0
v 8.600617631105706 8.478202071972191 0.0
v 4.049039096571505 11.70161017589271 0.0
v 13.58227726269979 -11.401632274501026 0.0
v -6.668588762113359 -9.93675393704325 0.0
v -13.82265196373919 -3.028833419084549 0.0
v 11.492280923237558 -3.0247236723080277 0.0
v -14.573854537680745 -6.56542478594929 0.0
v 9.632495748694055 3.7695484794676304 0.0
v -10.065689717244823 8.749029591679573 0.0
v 0.11485042847925797 -11.09061260893941 0.0
v 0.15758230519713834 -12.873845896683633 0.0
v 0.9006664964836091 11.876738671213388 0.0
v -6.882755178085063 -2.3687076522037387 0.0
v 13.238303016696591 -12.504610481671989 0.0
v 13.96730024041608 9.773990190587938 0.0
v -6.531305579934269 -5.390996314585209 0.0
v 3.350687709986232 -5.672290373593569 0.0
v 14.76582706120098 9.481685441918671 0.0
v -9.751054522697814 14.639057960361242 0.0
v 13.066643650410697 8.113060900941491 0.0
v -9.291718008753378 -5.864370056428015 0.0
v -4.0545573440613225 -2.2251181323081255 0.0
v 4.0102705106837675 -13.064250705763698 0.0
v 3.4412473969277926 12.558485781773925 0.0
v -9.970605455629993 7.411256782710552 0.0
v 12.15384776488645 5.3126241294667125 0.0
v 9.286194258369505 10.327679429203272 0.0
v -6.731701796932612 6.071970567107201 0.0
v -4.379524813441094 -8.061182618141174 0.0
v -3.9611279062228277 4.73681677877903 0.0
v -11.32821568264626 8.310098801739514 0.0
v 9.060089613019954 -4.696865251287818 0.0
v 5.566874845419079 -2.429623286239803 0.0
v 6.875623383442871 -3.424489099532366 0.0
v 10.476596105087083 4.977714081294835 0.0
v 11.015849603747483 -1.9657447719946504 0.0
v -11.793299847049639 4.626723874360323 0.0
v -14.380108680808917 7.356826322153211 0.0
v -7.826596242317464 4.576505940407515 0.0
v -10.8860173044377 -2.343288017436862 0.0
v -5.971575525181834 9.20489190891385 0.0
v -10.666976346285082 1.6321643125265837 0.0
v 7.102878574922215 9.172533483244479 0.0
v -3.4865766827133484 10.296067240647972 0.0
v -7.60744687175611 6.305043580010533 0.0
v -9.178844434733037 10.442974051460624 0.0
v 5.490500135754701 -10.144456919282675 0.0
v 5.103163713414688 5.327185001224279 0.0
v 9.462291853502393 12.363938054069877 0.0
v -13.399542866274714 -8.017253327183425 0.0
v 6.018762429768685 12.839848169125617 0.0
v -2.6685890684020706 12.11461547203362 0.0
v -13.315633983991574 -10.295194810256362 0.0
v -2.7037728587165475 8.383368604816496 0.0
v -10.514738396916073 -14.205700148828328 0.0
v 14.817862349620555 -0.7496487349271774 0.0
v -9.023131324676797 -7.550266956910491 0.0
v 1.947597635386046 5.209375684149563 0.0
v 0.30521296022925526 -0.8488580342382193 0.0
v 1.8244827986927703 -3.48627155367285 0.0
v -11.553783097304404 12.413934761658311 0.0
v -7.2359887878992595 -5.77210917789489 0.0
v -10.178061493264977 -7.658073299564421 0.0
v 2.190086745598819 -2.046883726492524 0.0
v 6.379475009161979 -7.299896964803338 0.0
v 13.182425566599704 -0.22468819469213486 0.0
v 9.864931133924983 -5.92329316586256 0.0
v 8.67826661100844 -12.32745235785842 0.0
v -14.701563977112528 5.652799308300018 0.0
v 3.0409232106176205 6.551497294567525 0.0
v -0.08889952872414142 -7.303194887936115 0.0
v -8.105878741422202 7.537429932504892 0.0
v 2.8367542917840183 -4.651881393045187 0.0
v 5.8899146049516276 12.497164303436875 0.0
v -11.331116949673742 -11.922995703294873 0.0
v 1.5171485726023093 -9.052658590488136 0.0
v -3.9945409783395007 6.030812768265605 0.0
v 7.974251327337697 1.456963911652565 0.0
v 2.293068802857306 -14.083881663158536 0.0
v 4.625515998865012 -13.285098971799016 0.0
v 4.517120917851571 -4.387102674692869 0.0
v 2.7601736972574145 10.052564911544323 0.0
v 10.008015804283787 -0.6925043053925037 0.0
v 13.567758233635686 6.663491574116051 0.0
v -6.830125352018513 3.3960099229589105 0.0
v 8.400471959030256 -12.693309668451548 0.0
v 5.725296228076331 -7.007821244187653 0.0
v 1.538130323518999 9.117077286355197 0.0
v -12.853479553130455 10.775769739411771 0.0
v -7.665521573449951 -3.4641505256295204 0.0
v 13.938124894164503 -9.200513892807066 0.0
v 10.952242228318937 10.81870180554688 0.0
v 1.292570328747388 -7.872446465305984 0.0
v -5.423380002204794 -4.155212741345167 0.0
v -10.2407371737645 8.569793772883713 0.0
v 12.382100090442691 6.153516482561827 0.0
v 9.070198683126364 -12.634907729923725 0.0
v 7.793556247081142 8.137324238196015 0.0
v -6.0883185979910195 -10.761894778348505 0.0
v 11.824798417568672 -6.321322465315461 0.0
v -9.412136118975468 -0.6259931745007634 0.0
v 4.668531329371035 7.70530997030437 0.0
v 2.5847152484348044 -8.838542114943266 0.0
v 0.7467050945851952 -10.83681388758123 0.0
v 13.20875496219378 -0.41697205137461424 0.0
v -4.888830298208632 14.783421456813812 0.0
v -4.552723371540196 10.257869050838053 0.0
v -1.09297906717984 10.906522342003882 0.0
v -10.97902113921009 14.386145986616611 0.0
v -11.27657934196759 -2.12259663362056 0.0
v 14.649552806920838 -10.095006346702576 0.0
v -6.3719625662779436 -4.676317333243787 0.0
v 6.516957260435447 -4.82669472694397 0.0
v 9.825049371633213 8.74652377795428 0.0
v 7.853107049362734 2.9163589645177126 0.0
v -5.281013000465464 -8.087950223125517 0.0
v 2.14983471686719 7.9905501287430525 0.0
v -13.206878050696105 5.822224830277264 0.0
v -2.9122480612713844 9.160407986491919 0.0
v -5.492319646116812 -1.21472286619246 0.0
v -3.631279749679379 -1.4869152456521988 0.0
v -8.893073419400025 -4.6356676779687405 0.0
v -5.826001745997928 -1.0023611327633262 0.0
v -6.156917067419272 -12.203946965746582 0.0
v 0.7265446424135007 10.9170384388417 0.0
v -7.2114287376753055 -10.484513333067298 0.0
v -3.6098041825462133 -10.960085725411773 0.0
v 1.2961462247767486 -8.300464139319956 0.0
v -9.976322992588393 -5.2788840271532536 0.0
v 1.3439052919857204 -14.19223674852401 0.0
v -5.494760623376351 -10.225712556391954 0.0
v 14.448794790834654 7.77162123285234 0.0
v -1.4499215291580185 -7.917436910793185 0.0
v -6.317408909380902 12.574747729115188 0.0
v 14.385583169874735 5.702962980605662 0.0
v 5.492698843299877 7.212573138065636 0.0
v -0.11670520302141085 -4.813666886650026 0.0
v 0.32131289009703323 8.524381497874856 0.0
v -4.438432821480092 -14.468121198005974 0.0
v 1.3674149163416587 10.647434823215008 0.0
v 7.840695653867442 -2.9695410039275885 0.0
v 6.516764579399023 -0.6883762776851654 0.0
v -5.236759526247624 -10.57162087596953 0.0
v 8.55685026885476 -12.915042823180556 0.0
v -12.449034675664734 -6.543665989302099 0.0
v -5.983766994031612 -0.6895798435434699 0.0
v 8.16828177345451 14.967044384218752 0.0
v 11.459418210375588 6.17231163661927 0.0
v 3.528151981299743 5.2887192368507385 0.0
v -2.962840563908685 14.604264041408896 0.0
v -11.43996267329203 14.951400242745876 0.0
v -11.42167371493997 -5.205123950727284 0.0
v 4.296153417497408 11.316332899965346 0.0
v 2.155758294975385 2.1548723177984357 0.0
v 14.768006333848462 -9.490679615177214 0.0
v 7.657098633237183 -1.3166420320048928 0.0
v 6.283439932682086 -8.688901767134666 0.0
v -0.799044996208977 -4.50623616296798 0.0
v 1.8618503236793913 4.1391321290284395 0.0
v 5.685327523504384 5.617306416854262 0.0
v -9.314694389468059 10.087088166736066 0.0
v -8.238125810574275 4.0701929507777095 0.0
v 13.481890129100066 2.506502437405288 0.0
v -6.729155474749859 -4.611401617527008 0.0
v -12.776823953143321 -4.6557085663080215 0.0
v -9.366768774343655 9.691234330646694 0.0
v 13.911359457997605 13.221593109890819 0.0
v -3.5124153654905967 -1.5030087931081653 0.0
v -6.539748764538672 1.5304821776226163 0.0
v 5.327605175320059 -2.1983151668682694 0.0
v 11.92438394902274 11.260430390015244 0.0
v 13.696819595003035 11.62538338266313 0.0
v -7.273986425308976 -0.8679094584658742 0.0
v 1.3878480098792352 13.652732951566577 0.0
v 8.202782731503248 14.135453756898642 0.0
v 4.303682991419919 14.42134133912623 0.0
v -6.696385769464541 2.4498232966288924 0.0
v -10.35199293133337 -5.2470146575942636 0.0
v 0.2158966888091527 13.169396894052625 0.0
v -13.847451418987475 12.45480134524405 0.0
v -9.823914124979638 12.69668695051223 0.0
v -0.8202713449136354 0.360300462692976 0.0
v 6.257151374651585 9.97422041464597 0.0
v -9.559244310017675 4.0991350915282965 0.0
v 0.7588002545526251 -10.985516835004091 0.0
v 3.3614572745282203 8.795974485576153 0.0
v 13.06224140530685 -8.24194195214659 0.0
v 13.25868714140961 3.96151283942163 0.0
v 12.361460281710606 4.548038131557405 0.0
v 1.8348862593411468 -6.670948923565447 0.0
v 3.69282689265674 -2.797136204317212 0.0
v -10.118184194259811 1.340495248325169 0.0
v 6.367322537989821 -7.029332393780351 0.0
v 11.143630654667504 12.227394449524581 0.0
v 4.119199967419263 9.678549353033304 0.0
v -8.198153079720214 3.031049811281264 0.0
v 6.620759970624931 -0.5925470143556595 0.0
v 9.295077155460604 -8.997436652891338 0.0
v 4.472276140295435 -1.5068607898429036 0.0
v 10.806673776067328 -7.426310519687831 0.0
v 1.816661035292782 10.682149155065417 0.0
v 2.356910173955839 -14.042267413809896 0.0
v 11.287153713637963 -0.7954392191022635 0.0
v -7.080722187180072 -12.727720327675343 0.0
v -13.021199931506999 4.69407236110419 0.0
v 6.211536444199737 -9.54156438447535 0.0
v -7.585907043074258 -11.501642723567784 0.0
v -10.708297103177756 -11.117376752197742 0.0
v 8.831996380642522 13.912887055426836 0.0
v -10.425834571942687 9.72779449261725 0.0
v -13.66804264188977 -8.201311097480357 0.0
v 13.200851231871638 -12.155113941989839 0.0
v 4.64896025886992 -14.532714933156967 0.0
v 5.38866475969553 13.323954599909484 0.0
v 8.74349885439733 6.415439760312438 0.0
v -5.863350237661507 -9.14645941928029 0.0
v -10.805844012531452 7.439982830546796 0.0
v 10.53232880285941 1.0549879306927323 0.0
v -8.168861767160706 10.364198881201446 0.0
v -2.737527444900479 -6.460407511331141 0.0
v 13.607564668753184 -13.78900827281177 0.0
v -0.45799035229720175 -13.127856853418052 0.0
v -9.031016989436466 12.951816086657345 0.0
v 2.8653300859732553 -8.559705529361963 0.0
v -4.5471171123790555 6.674372394569218 0.0
v -3.404787315928843 7.876241568475962 0.0
v -12.247109407209791 13.455840045586228 0.0
v 4.495025252865162 10.398146895691752 0.0
v -10.070752403466031 13.445541381835938 0.0
v 14.21034351963317 13.309078202582896 0.0
v -1.7650235394830815 -14.119844546541572 0.0
v 12.554527811007574 -12.59852169174701 0.0
v 11.125198200403247 -3.7592299496755004 0.0
v 12.752253334736452 14.050158527679741 0.0
v -7.779336987179704 -5.21944978274405 0.0
v -1.2889551683329046 10.560690835118294 0.0
v 9.920957947615534 -2.483114712871611 0.0
v 10.805753927503247 -7.307050532661378 0.0
v 3.9058024943224154 3.0329870069399476 0.0
v -5.2149714638944715 -8.649693054147065 0.0
v 0.0786967205349356 8.047012962400913 0.0
v -8.177186079672538 7.351591370999813 0.0
v -5.726286127755884 -1.657778331078589 0.0
v 6.357789429079276 5.730674901977181 0.0
v 11.1936824999284 5.905795677565038 0.0
v 10.42571738595143 -11.808544959872961 0.0
v -6.457603918330278 6.599736509844661 0.0
v -2.4071363653056324 -4.681932893581688 0.0
v 0.4029918482992798 -5.329069119878113 0.0
v -1.6423953917692415 9.585500643588603 0.0
v -8.806048310303595 14.841072040610015 0.0
v 12.973294005787466 -8.705456465482712 0.0
v -12.400915743317455 6.227772728540003 0.0
v -7.9288085916196 11.994490482844412 0.0
v 7.933852925372776 4.517264545895159 0.0
v -3.943481068825349 -12.338990863412619 0.0
v -12.516727255599108 8.59556789509952 0.0
v 6.949111808266025 10.118465976789594 0.0
v 12.81358194357017 -0.67093819193542 0.0
v -12.420998521556612 -14.477001834660769 0.0
v 2.9779291298473254 11.767248025164008 0.0
v -1.0561237799702212 -8.010936131700873 0.0
v 4.1665423238882795 0.5303646419197321 0.0
v -14.194833362300415 14.26301269698888 0.0
v 8.99032501183683 3.8980433410033584 0.0
v 10.105379534186795 -14.555903180502355 0.0
v -3.8858801412279718 -6.568625580519438 0.0
v 3.6919991290778853 -0.612297885119915 0.0
v -1.0864002173766494 10.957794144749641 0.0
v 10.8759802695713 11.821965213865042 0.0
v 9.384663736913353 -3.3806495051831007 0.0
v 13.21063901425805 -10.144869276322424 0.0
v 11.783646430936642 -9.920126316137612 0.0
v -12.225921653211117 -9.083890678361058 0.0
v -13.320015458448324 -3.037585916928947 0.0
v 6.412316633097362 4.190631213597953 0.0
v -9.897794532822445 2.041353091597557 0.0
v 12.244062214449514 -5.172612194903195 0.0
v -4.754774333792739 1.9094035914167762 0.0
v -5.516170075687114 -5.981944392435253 0.0
v -13.985399062104989 -9.966487618163228 0.0
v -1.2715170886949636 6.120770616456866 0.0
v 9.341127282299567 3.0225748624652624 0.0
v 3.774063805525657 -6.412997740320861 0.0
v 9.21385571861174 -3.972661977633834 0.0
v -2.376357595261652 -3.2519922219216824 0.0
v 5.7010755958617665 -10.05594377964735 0.0
v -9.827560772770084 -9.823593963868916 0.0
v 8.517362809390761 4.973700873553753 0.0
v -5.09536443563411 6.116453429684043 0.0
v 12.978979887906462 14.050735941156745 0.0
v 8.492420446360484 8.677255181595683 0.0
v -12.539051825646311 -9.762438437901437 0.0
v -6.363432204001583 14.781558809801936 0.0
v -2.5395785242435522 -13.111476203426719 0.0
v 14.359075911459513 -2.7501960769295692 0.0
v 1.5247932071215473 11.220481999218464 0.0
v -5.175870549865067 -9.726341075263917 0.0
v 10.86505497037433 -1.513088964857161 0.0
v 14.976717446057592 8.642130615189672 0.0
v -10.968152270710561 -12.492656339891255 0.0
v -4.515817275736481 4.391806043684483 0.0
v -0.7393582258955576 14.319380660541356 0.0
v 1.2722680234583095 5.341499176807702 0.0
v 2.9918873226852156 1.3866555476561189 0.0
v -3.12175114947604 12.525484841316938 0.0
v -8.468781107687391 4.221015904098749 0.0
v -4.974047553201672 -4.927297466434538 0.0
v -9.854152705112938 -0.43500973004847765 0.0
v -5.00844565872103 13.6873316783458 0.0
v -2.908371501544025 8.239378324709833 0.0
v -0.4906780672026798 7.76066158246249 0.0
v 13.171401847735979 11.824418107979 0.0
v 12.202187868300825 -6.740598937496543 0.0
v -4.001177167287096 7.26059571839869 0.0
v -12.651361780182924 7.361440642736852 0.0
v -12.006951885938179 -7.12409252859652 0.0
v -5.015963665558957 -10.805981490761042 0.0
v 8.412185596651398 -0.2570869540795684 0.0
v 4.4230286561651155 -3.9976509008556604 0.0
v 11.122903357783798 -1.135846922174096 0.0
v -3.808353944681585 -11.102464966475964 0.0
v -4.650623994879425 -5.063133614137769 0.0
v 5.537375139771029 14.27884224243462 0.0
v 4.446181465755217 12.567402807995677 0.0
v -2.2926911041140556 -12.537157847546041 0.0
v 10.134085981815588 -7.495842293836176 0.0
v 0.9932508697384037 -7.584917853586376 0.0
v 9.514462342078332 7.823563783429563 0.0
v -11.227524994348641 -1.1452929293736815 0.0
v 7.392909171932843 -5.130125464871526 0.0
v -12.42905810259981 9.97226191777736 0.0
v -5.751433728670236 4.7853233851492405 0.0
v -11.20215660071699 -0.8014808567240834 0.0
v -4.170715513580944 -9.091148640029132 0.0
v -7.479685247060843 -0.6442344328388572 0.0
v 4.909054087009281 13.193738019093871 0.0
v 0.04527960781706497 -5.144233382306993 0.0
v -9.686180064047221 6.482079827226698 0.0
v 0.6868041433626786 -3.1320982705801725 0.0
v -13.835328132845461 0.07334050256758928 0.0
v -4.869272425363306 -2.4192283246666193 0.0
v -8.158622629300226 -8.351416044868529 0.0
v -12.38920202141162 14.59471668023616 0.0
v 4.003417897154577 -1.2475311188027263 0.0
v -4.149070991377812 13.095204947516322 0.0
v -6.545146851276513 9.430670065805316 0.0
v -0.8967895750538446 -10.827559144236147 0.0
v -10.423179467616137 11.331277124583721 0.0
v 5.334907895245124 3.37166475597769 0.0
v -8.705354635545518 -4.122231189161539 0.0
v 4.641207403619774 -13.764820465818048 0.0
v 3.704979555972386 2.5407999521121383 0.0
v 12.122501549194567 10.369676666334271 0.0
v -1.3852569412556477 -2.0359182450920343 0.0
v 14.770722296379972 -2.6490078773349524 0.0
v -8.735797817469575 12.055530774407089 0.0
v -3.3704538072342984 -13.298361861146986 0.0
v 7.690200995944906 -3.369877090677619 0.0
v -7.5940599257010035 -10.642608739435673 0.0
v 3.2704026954597794 -13.196731770411134 0.0
v -12.57547763857292 -4.643557661212981 0.0
v -0.7151373721426353 9.356843079440296 0.0
v 5.9721822023857385 -12.106319420970976 0.0
v -2.3162687853327952 3.6655491096898913 0.0
v -5.057754907000344 14.380176432430744 0.0
v -5.082054238882847 2.502150430344045 0.0
v -8.055707871099003 6.045722232200205 0.0
v -11.484744399960618 0.6384289972484112 0.0
v 1.0055685600382276 -3.719799124635756 0.0
v -3.678859955922235 8.872651104815304 0.0
v 1.9807880581356585 7.405362001620233 0.0
v -1.0100464916904457 3.297704078257084 0.0
v 12.68588887876831 -4.467697245068848 0.0
v -7.63287956448039 12.080896398052573 0.0
v -10.310573053488042 1.5715694213286042 0.0
v -14.729646165156737 12.29614872764796 0.0
v -9.38198509789072 8.591282864101231 0.0
v 9.388410602114163 -5.284201513975859 0.0
v 9.758179620141163 -5.9031872265040874 0.0
v -13.05089513096027 11.852558138780296 0.0
v 4.5529886953299865 10.05600477103144 0.0
v -14.828605140850414 -3.745299487374723 0.0
v -1.5578111142967828 -9.98870364855975 0.0
v 14.032615006959531 5.7368854926899076 0.0
v -10.924138894595671 -3.7962929708883166 0.0
v 14.857750695256982 -12.765811439603567 0.0
v -8.748589626629837 -2.838818925432861 0.0
v 2.806327024649363 9.016335311345756 0.0
v 0.3481771557708271 8.57368167117238 0.0
v 11.00738411018392 7.739892012439668 0.0
v -0.42718806315679103 -4.484627173282206 0.0
v -7.863836679898668 -7.011257629841566 0.0
v -6.495565589168109 -13.636887850239873 0.0
v -9.110022604756523 -4.7028549974784255 0.0
v -5.139585480676033 4.242231998592615 0.0
v -12.573406345851254 -5.129807600751519 0.0
v -3.3601263312157243 -3.5810808734968305 0.0
v -1.4401117537054233 -7.337431237101555 0.0
v 2.5223526398767717 -6.9361690152436495 0.0
v 5.553663505415898 1.7589195622131228 0.0
v -8.226131753763184 -13.47568824980408 0.0
v -4.681276147253811 -7.172177482396364 0.0
v 14.146076062344946 -5.053235486149788 0.0
v 0.12056854425463825 12.71681349631399 0.0
v 5.37150592909893 11.202299250289798 0.0
v 8.651901998382527 3.7731144847348332 0.0
v 13.615938263130374 -10.484122020192444 0.0
v -9.9046570971841 7.876479864120483 0.0
v 3.6895635830587707 -5.901695336215198 0.0
v -12.568060650140978 -1.6765864444896579 0.0
v 14.298488493717741 6.456713760271668 0.0
v -9.452154592028819 -7.878053182736039 0.0
v 13.456435368338134 -11.412409060634673 0.0
v 12.200207465561107 10.803345222957432 0.0
v 8.780477711814456 -10.156245460733771 0.0
v -9.0228049561847 8.52779489196837 0.0
v -11.632962015632074 14.074213010258973 0.0
v 14.38671598827932 2.319278190843761 0.0
v -14.922433485393412 -3.314802716486156 0.0
v -9.89419471193105 -8.070143401622772 0.0
v -6.819304159958847 -4.5039571318775415 0.0
v -2.4623221373185515 -3.3111277436837554 0.0
v 7.761689916893374 -12.452475034631789 0.0
v -8.467043225071393 1.2348762694746256 0.0
v -1.3944494898896664 14.026298636570573 0.0
v 11.73701160546625 -3.33659010194242 0.0
v 4.86126782518113 3.395851173438132 0.0
v 5.462321287835948 5.375867530703545 0.0
v 3.8441174409817904 -12.5171974664554 0.0
v -6.762099232408218 5.049246769398451 0.0
v -14.729603112733457 -13.915051047690213 0.0
v 10.476544276520144 7.141655312851071 0.0
v 1.840933088620659 5.874797682277858 0.0
v 6.367535316967405 2.687614442780614 0.0
v 2.7392869378672913 10.432002168148756 0.0
v 8.735710060107522 -12.864087684080005 0.0
v 11.057956085540354 13.571420069783926 0.0
v -7.101474854105618 8.11976922582835 0.0
v 2.651976583758369 13.643403740599751 0.0
v -4.327490629570093 -5.507677637971938 0.0
v 12.519484648713842 -13.883014219813049 0.0
v 11.597348197596148 -3.5662255426868796 0.0
v -6.7615215324331075 7.256433469243348 0.0
v -14.733940645994153 -8.53193540032953 0.0
v -3.085749716614373 -8.583594017662108 0.0
v -13.844710041827057 13.674913731403649 0.0
v 8.203201428928878 -12.562625891529024 0.0
v -6.012678028142545 -13.90370293520391 0.0
v 10.561113363830373 6.301469307392836 0.0
v 9.838014847482555 -11.580091441050172 0.0
v 11.114470227097627 -2.77482605073601 0.0
v -1.6582898711203597 7.799289206974208 0.0
v -13.389787297113799 4.449451420456171 0.0
v -10.050440871797036 -2.418530465103686 0.0
v 9.726952069613617 13.586480990983546 0.0
v 10.527110763359815 -11.07255053985864 0.0
v 12.265895167482086 1.09121354483068 0.0
v 6.285015477798879 -9.454670442268252 0.0
v 6.954467655392364 7.071849090978503 0.0
v 9.12112195242662 8.268331963568926 0.0
v -8.556289714295417 -4.806354905478656 0.0
v 11.39848305360647 -2.1930760303512216 0.0
v 3.623466156423092 5.304153542965651 0.0
v -1.3803409533575177 11.442488300614059 0.0
v -0.7189654231187887 -5.620458682067692 0.0
v 11.601936141203623 -5.155428336001933 0.0
v -2.345892715791706 -5.879785303026438 0.0
v -7.658026398916263 -13.602472672238946 0.0
v 10.935113134793937 0.7035283902660012 0.0
v 8.575184122018982 -0.8038253234699368 0.0
v -3.2006789540755562 13.237349041737616 0.0
v -3.585674983973149 6.115004679188132 0.0
v -13.901304175436962 2.943700021132827 0.0
v -11.194878552807495 4.962778331711888 0.0
v -11.486840162193403 -2.430182130075991 0.0
v 4.458721244882327 -10.308263928629458 0.0
v -3.8270069449208677 1.9777258448302746 0.0
v -11.75935530825518 -11.04948369320482 0.0
v -8.986751065065619 13.523969064466655 0.0
v -1.4461475408170372 -7.869489325210452 0.0
v -10.057181126787327 -14.087832137010992 0.0
v -12.586733496165834 -8.162096155807376 0.0
v 4.457535519788507 14.22444724664092 0.0
v 14.996840497478843 4.654744462110102 0.0
v 13.861817547120154 14.309118798933923 0.0
v 13.2303142339224 -10.500715526752174 0.0
v 1.650430919311475 -5.558987892232835 0.0
v -0.22028914495604113 12.887322005815804 0.0
v -8.77464637515368 3.398968975059688 0.0
v -10.89405853743665 -2.7871976858004928 0.0
v -2.734042669122573 12.006882120855153 0.0
v -2.3104868712252937 -13.57133577670902 0.0
v -2.5764310090453364 -11.223907270468771 0.0
v -13.611718577740248 -1.2168275294825435 0.0
v -2.4642764447489753 4.794300795532763 0.0
v 11.372692956123501 3.7417528899386525 0.0
v -10.052349945122842 5.1331224692985415 0.0
v -12.998092052468564 -3.3124453108757734 0.0
v 11.95281438488746 2.1087020598351955 0.0
v 3.6519303485983983 4.852270478382707 0.0
v 13.659807078714948 -5.140227494761348 0.0
v 0.22515313734766096 -6.952069580554962 0.0
v 14.187313415051904 -3.2753341058269143 0.0
v 11.569318734866101 6.455672682262957 0.0
v 6.983286165690515 -3.237763589248061 0.0
v -0.8838083563023247 -11.982172046788037 0.0
v -7.527785163023509 14.274408628232777 0.0
v 5.232504874235019 -5.82478017732501 0.0
v 12.50867137790192 6.719635697081685 0.0
v 7.611252977862023 -0.9984148424118757 0.0
v 11.713821789657231 -10.458874206990004 0.0
v 4.838196664059069 -8.283589217811823 0.0
v -14.978447235014755 -10.614929888397455 0.0
v 11.515334728290327 11.465844009071589 0.0
v 9.665035651472863 4.304522124119103 0.0
v -5.037925591284875 4.907481382600963 0.0
v -12.117544738401193 -9.281264601275325 0.0
v -1.183672071842011 1.2644149037078023 0.0
v -9.72598022344755 0.08068651985377073 0.0
v 13.527333791193087 7.636711065657437 0.0
v 4.504176655842457 -10.217763680033386 0.0
v -12.50468161405297 9.540734829381108 0.0
v -14.928301204403397 5.097642437554896 0.0
v -3.3508005884941667 -12.878134644590318 0.0
v 1.8488046341808513 -0.037155507132411 0.0
v -8.506814402353484 -6.754418076016009 0.0
v -14.259017991775181 7.543696031905711 0.0
v 3.046795515809208 1.3246674574911594 0.0
v 2.8910987448180094 -0.5078288661316037 0.0
v -2.4096200339263305 13.14844803698361 0.0
v -3.7582159236771986 9.807208875194192 0.0
v 5.727680664160289 -13.736816383898258 0.0
v 4.305716058588587 -8.713446237146854 0.0
v -10.465695963939652 9.427648505195975 0.0
v 8.877265829534736 -11.4947549700737 0.0
v -1.2567262022057548 9.961052845232189 0.0
v -12.043628490471747 -8.03917741496116 0.0
v 8.6813204526552 0.9525660146027803 0.0
v -6.206566226144787 2.6428540823981166 0.0
v -7.454375542176422 -13.089828942902386 0.0
v 12.286046848224942 -10.377143347635865 0.0
v -2.689548532885965 14.028699679300189 0.0
v 6.60232981655281 12.507218146696687 0.0
v -3.9691359406569973 -2.7182915275916457 0.0
v 1.4199196159024723 5.360946021974087 0.0
v -9.568183886818588 6.676910859532654 0.0
v -7.619318286888301 3.940836508758366 0.0
v 4.386423913936596 -4.7881219713017344 0.0
v -13.378077820467297 6.648201736621559 0.0
v 5.99146096338518 8.446986547671258 0.0
v 11.23273397498997 12.91687333676964 0.0
v -14.59624544082908 1.7149478401988745 0.0
v 14.223999740323052 13.893441054038703 0.0
v 5.793955927656498 13.95942931715399 0.0
v -12.83098720421549 6.995255173183978 0.0
v -8.683352820575237 -4.948004263453186 0.0
v 4.794894090096932 -4.753980366513133 0.0
v -3.0205637353355996 -11.364304790273309 0.0
v 2.0774514116928913 -6.219009887427092 0.0
v 1.17775352782337 4.141808642074466 0.0
v 11.81336332479259 -10.581956394948065 0.0
v 1.763151228078641 -9.011266630142927 0.0
v -3.8395225668209605 3.237647879868746 0.0
v 8.522267643827945 -13.12531019654125 0.0
v 9.625865963054821 4.524863190017641 0.0
v -12.710374270100147 9.320541801862419 0.0
v 2.0807973531191237 4.50017305649817 0.0
v 7.4790934271295555 10.155635747127235 0.0
v -5.300566841615364 -8.880649330094457 0.0
v 13.79591765924124 11.146727348677814 0.0
v -5.9907074922230095 2.811447006650269 0.0
v -7.136363553581759 8.369692320935428 0.0
v 0.35455500037642196 11.8099614828825 0.0
v -8.651900296390522 -14.843969599343836 0.0
v 12.978232231223956 9.25618379469961 0.0
v 14.812009459885303 4.667299622669816 0.0
v -7.028343488229439 -2.0152060287073255 0.0
v 1.4533276514266618 12.3909049956128 0.0
v -8.58955074212281 4.30462393257767 0.0
v -13.604580257087946 6.281776120886207 0.0
v -0.4927331559592858 1.4693410247564316 0.0
v -3.661946084641386 -1.1956517156213522 0.0
v 6.993292733444832 -14.292577705346048 0.0
v -0.3737273382139392 -3.3853212064132094 0.0
v 10.440745252300985 0.43985931389033794 0.0
v -3.6440150488051586 -1.1373088508844376 0.0
v -3.004518348025158 0.14295045007020235 0.0
v -8.351576840330381 2.4849980482831597 0.0
v 0.263558620470576 10.409909517504275 0.0
v -8.813017272856086 6.496453049592674 0.0
v 3.623942658188753 8.539461699314415 0.0
v 12.001315702567808 13.650924726389349 0.0
v 9.31153619516408 -12.543657503090799 0.0
v 11.56216048396891 -11.717704898677766 0.0
v -5.381715739145875 11.241836008615792 0.0
v -0.7053872104152106 -5.098079934716225 0.0
v -2.94904506765306 -5.282978972420096 0.0
v 7.714271194010507 -6.998210781253874 0.0
v 6.583180094778072 5.212641026824713 0.0
v -0.07622071163496003 5.7723822901025414 0.0
v 0.7161278057610616 11.752698545344174 0.0
v 4.103594016167335 12.998539306223392 0.0
v -6.351498658070341 -12.38650515023619 0.0
v 14.301992474298459 -6.005761602893472 0.0
v 7.800852833956014 2.918685557320714 0.0
v 3.9165081298560835 -5.952760534361005 0.0
v 11.586227962630801 2.373287236317992 0.0
v -5.505898536590394 -11.395974378101528 0.0
v -2.833181783906184 -5.326925873756409 0.0
v -4.635731282818597 -14.343221224844456 0.0
v -4.683557231968734 9.438599769026041 0.0
v -2.751875276735518 12.412012337706983 0.0
v 8.42277022957569 10.232260324060917 0.0
v -14.71056699595647 -1.66684615239501 0.0
v -14.782245754613541 3.954092198982835 0.0
v -10.805417391238734 -9.458306692540646 0.0
v -12.087274456163868 -6.8530345764011145 0.0
v 6.181822483020369 13.891438608057797 0.0
v -6.887291987601202 -11.455364457331598 0.0
v -7.6301747660618275 -3.934684682637453 0.0
v -1.5833041770965792 1.5290825413540006 0.0
v -2.872559134964831 -14.189645581878722 0.0
v -10.223931266053114 -14.69356205035001 0.0
v 11.813671948388219 10.210122931748629 0.0
v -2.1882357161375694 -4.8909722631797194 0.0
v 8.449961169157177 9.867438262328506 0.0
v 12.122402282257099 -6.022434704005718 0.0
v -0.16425122856162488 -13.920947759412229 0.0
v 5.9546134795527905 -3.7562603568658233 0.0
v -1.1259320336394012 5.295216468162835 0.0
v 14.933338350965641 -12.469233945012093 0.0
v -6.0702962627401575 7.657408659346402 0.0
v -6.702589911816176 -0.4947441900148988 0.0
v 11.980250065738801 -11.610552294179797 0.0
v 8.238409240788314 -11.8410465978086 0.0
v 1.7922700071940199 3.005293918773532 0.0
v -2.7349626720533706 -7.566896435804665 0.0
v -2.090959003777243 -11.687718654051423 0.0
v 3.1000838318141177 14.332680535502732 0.0
v 4.278511784446891 -6.8796276189386845 0.0
v -10.669219935545698 1.0591128673404455 0.0
v -6.908492755086627 -11.954939710907638 0.0
v 9.279290990089066 -2.930495385080576 0.0
v -12.200766623485833 5.585313527844846 0.0
v 8.802422065811697 12.173714832402766 0.0
v 14.134209589508828 1.7573743695393205 0.0
v 6.297699533577543 11.418060523457825 0.0
v 5.206672113446984 -13.22261134069413 0.0
v 0.3569682125817053 8.345992364920676 0.0
v -5.040060184081085 13.060599140822887 0.0
v 12.336255578906275 -2.7580059664323926 0.0
v 4.306080055015627 2.938638314604759 0.0
v -14.289615401939955 10.83675450924784 0.0
v 5.13913502561627 -12.430792757309973 0.0
v -10.218802801333368 -1.467501257546246 0.0
v 12.067039291607216 1.8169416533783078 0.0
v -1.0080210220767185 -3.2992295119911432 0.0
v 1.2577342737931758 -0.6645635981112719 0.0
v 13.649033905414399 3.98168626986444 0.0
v 2.6560604273108765 9.73623473662883 0.0
v 14.529713847208768 1.744354186579585 0.0
v 2.808405678253621 -9.051039434038103 0.0
v -9.320777785498649 11.727808981202543 0.0
v 13.851613674254622 -6.01124160643667 0.0
v -8.48597141879145 14.362803713418543 0.0
v 8.96500197565183 2.8399655986577272 0.0
v 11.879655669385102 2.991753495298326 0.0
v -6.652020351146348 -10.918638166040182 0.0
v -1.768123599467799 1.2592117749154568 0.0
v 1.5382441221736372 12.607828582637012 0.0
v 3.928409042826388 -1.608978965319693 0.0
v -9.484500239021145 -9.30263352394104 0.0
v -3.6624364909366705 1.3733190754428506 0.0
v 10.204443326510955 -13.929409829899669 0.0
v 12.517218467546627 -8.720944322645664 0.0
v -6.813880598871037 0.6481534214690328 0.0
v 6.173577363952063 8.8219336848706 0.0
v -10.459781539510004 -11.936266322620213 0.0
v 2.0268080577952787 9.275371946394444 0.0
v -9.658710710238665 2.086029015481472 0.0
v -9.509093772503547 -14.580455382354558 0.0
v -14.58694000786636 -10.298538736999035 0.0
v -8.324591689626686 8.431842183694243 0.0
v 9.986683434282895 10.092608934268355 0.0
v -14.961959398700856 -12.864290935918689 0.0
v 2.4237608899129555 -11.613734466023743 0.0
v -7.090249005705118 -4.636186462827027 0.0
v -1.0098507276270539 -11.63541905861348 0.0
v 9.846405227843206 -4.405896405689418 0.0
v 10.045817146019544 -0.012382975779473782 0.0
v -3.7207157912198454 7.357905185781419 0.0
v -8.949029049370438 -11.42131579760462 0.0
v -5.596338845265564 -5.773932282812893 0.0
v 8.468600365624297 -14.762596515007317 0.0
v 2.1966013919445686 -9.461513688787818 0.0
v 12.851110564253759 9.11554843839258 0.0
v -9.531404086214025 -12.251624209806323 0.0
v 10.6222400747356 -9.744841654784977 0.0
v 2.999451970332302 7.951361843384802 0.0
v 11.919507187791169 14.764683537185192 0.0
v -2.091761697840411 -11.929458524100482 0.0
v 13.413425472739618 -11.332988073118031 0.0
v 10.47515609790571 11.210919191129506 0.0
v 13.552929347672034 -9.208889335393906 0.0
v 4.592523853236344 12.342525154352188 0.0
v 14.802628580247983 10.693662465550005 0.0
v 5.800981153384782 11.427735137753189 0.0
v 1.1141815187293105 -2.21734213270247 0.0
v -7.320878843718674 -10.997932032682002 0.0
v 14.588457776291762 0.8584034256637096 0.0
v -8.552314869652037 2.1230703685432673 0.0
v -5.598568839312065 12.731197733432055 0.0
v -9.999435917590745 -14.215388165786862 0.0
v -2.0975168044678867 11.3317009806633 0.0
v 10.334971294738352 0.21495543606579304 0.0
v 4.865248454792891 -1.527219551615417 0.0
v -0.4616633990663104 6.966772574931383 0.0
v 4.454395281092729 -7.896240442059934 0.0
v 12.950400912668556 4.001851441338658 0.0
v -2.047612192633096 13.458456305786967 0.0
v -5.938782742305193 6.423285678960383 0.0
v 4.627411184366792 -10.797720751725137 0.0
v -9.574540595873259 10.141638696193695 0.0
v 4.690483139245771 -8.823856101371348 0.0
v -6.207422392559238 5.836067629978061 0.0
v 2.485780622169841 -9.377401203848422 0.0
v 4.991659614199307 1.5229704501107335 0.0
v -13.385474638838787 7.050710402429104 0.0
v 6.879173649824224 4.714577308855951 0.0
v 9.48552812077105 3.232141684740782 0.0
v -4.414160890271887 7.63764741178602 0.0
v 1.7239442362333648 -5.777924349531531 0.0
v -9.518476750236005 8.262731865979731 0.0
v -10.489611804136075 5.1149185532704 0.0
v 9.109472349402495 7.756484662182629 0.0
v -9.905935161572415 -14.8189708404243 0.0
v 11.137781188765075 -0.45042895805090666 0.0
v -0.9705166365019977 -8.894333220086992 0.0
v -4.654295915388502 -13.758053350262344 0.0
v 8.595835295505822 13.427945276722312 0.0
v -9.322009576600976 11.788688564673066 0.0
v 12.27813612180762 -11.111882925964892 0.0
v 14.082117868878413 -1.448361205868423 0.0
v -0.02317317487904802 3.5842496566474438 0.0
v -8.178941645484883 -12.579685664735734 0.0
v -3.341848954849411 -7.165638481266797 0.0
v 8.26352530834265 9.080228012055159 0.0
v -14.119840475090314 -14.685220994055271 0.0
v -6.989897308696527 4.065752362832427 0.0
v 1.5274484444526024 -6.817777659744024 0.0
v 14.634124342992436 2.3512813057750463 0.0
v -8.079282934719231 -2.1476088855415583 0.0
v -3.263972474669572 -7.725965238176286 0.0
v -13.15520051115891 -9.914560753852129 0.0
v -4.549364466744009 -7.412001703865826 0.0
v -9.04045542422682 -12.117330119013786 0.0
v -7.688718494668137 -12.415216119028628 0.0
v -3.061077452963218 4.754332561045885 0.0
v -13.240177110827062 0.15694889333099127 0.0
v 3.648199848656077 -2.910100224427879 0.0
v -11.498177824367303 10.563448059372604 0.0
v -9.665884934656788 11.003431772813201 0.0
v -8.294138770899735 -8.837924095802009 0.0
v -5.188828889571596 -12.799568724818528 0.0
v 3.261786993476562 8.480466054752469 0.0
v 13.604440373077523 -1.492567895911634 0.0
v -1.6337114086491056 -13.624367562122643 0.0
v -11.67918697418645 -5.86560439504683 0.0
v 5.753449563519098 -0.5760814333334565 0.0
v -1.1462592855095863 -11.905679436400533 0.0
v 14.943345628620591 -12.786208345554769 0.0
v -3.624429272080306 -0.18848820123821497 0.0
v 12.698624191863928 -12.881725946441293 0.0
v 1.7385231184889562 -13.889322699978948 0.0
v 0.7838488402194344 -1.0260744877159595 0.0
v -4.148286168696359 -11.355399334803224 0.0
v -8.926851911353879 1.3062152564525604 0.0
v -3.423058597370982 -12.585050601512194 0.0
v 5.223718528519385 14.499429605901241 0.0
v -7.59487234253902 10.631938233971596 0.0
v 2.5909543182933703 6.634386356920004 0.0
v 0.8169284939067438 -10.71320119407028 0.0
v -1.4134071650914848 10.454720675945282 0.0
v -7.588218565040734 -6.005608578212559 0.0
v 5.2554177029524 -1.7756934147328138 0.0
v -14.269821786379907 3.4328704066574574 0.0
v 6.401000064564869 -1.0033988999202847 0.0
v -1.2363182752160355 12.941701645031571 0.0
v 6.450954694591928 11.69172859378159 0.0
v -0.3497525143902749 12.772225806489587 0.0
v 4.117370520543773 -3.7545328298583627 0.0
v -13.340740056475624 -12.59445499163121 0.0
v 12.441671912383754 -5.620862716808915 0.0
v -12.744654290378094 4.870509843342006 0.0
v 3.809034868434537 14.183150474913418 0.0
v 3.809134513954632 -4.25525202229619 0.0
v -12.123142841213848 11.037208278663456 0.0
v 6.258821502677165 -8.306725294329226 0.0
v 6.671852187195327 10.657038315199316 0.0
v 9.986455158796161 12.090527216903865 0.0
v 2.8227715421817265 8.53448118455708 0.0
v 4.35392720811069 -6.642306164838374 0.0
v -5.105690381547902 -7.420833899639547 0.0
v -5.465780861442909 -10.089039203710854 0.0
v 0.5129102625069208 -9.438102105632424 0.0
v -4.831820058287121 1.2132829949259758 0.0
v 9.263934611750301 1.4037600802257657 0.0
v 12.30902196164243 -4.552969200536609 0.0
v 6.115771353128366 -12.817721770144999 0.0
v 4.802317050867714 14.809721415862441 0.0
v 2.34957516961731 -11.827744857408106 0.0
v -4.324559545435477 -14.438205674290657 0.0
v -5.687208815419581 7.817502022720873 0.0
v -1.5631128028035164 -8.690434459596872 0.0
v -14.520577909657732 1.73061188403517 0.0
v -4.100862173945643 14.523043874651194 0.0
v -2.9809132550726645 8.55101397074759 0.0
v -9.704464877489954 6.549979922361672 0.0
v -10.209513878566213 9.28333695512265 0.0
v -5.163707122497726 -12.621667477302253 0.0
v -12.052814531954937 -4.9214080972597 0.0
v -8.347626378119458 -5.031554028391838 0.0
v 4.620123305707239 9.652345014736056 0.0
v 2.888239344698377 6.605198074132204 0.0
v -9.195340086356737 14.138962650671601 0.0
v 13.399203682376537 9.339669651351869 0.0
v 11.589865545160137 4.072003762237728 0.0
v -10.110583298665006 -3.9627402909100056 0.0
v -10.13270235672826 10.189583259634674 0.0
v 8.219732706842478 12.910348681733012 0.0
v 11.873865257774014 6.8256226144731045 0.0
v 3.5847116991644725 8.305115669965744 0.0
v 4.456453124934342 -11.066868943162262 0.0
v -5.0056442127679475 5.198556805960834 0.0
v -12.629760020587128 -13.282929429784417 0.0
v -2.4805252397200093 7.776944421231747 0.0
v 4.1232890745741315 13.216932834126055 0.0
v -12.264714880264364 -9.7217323994264 0.0
v 2.0684070322895423 -2.8656391901895404 0.0
v 14.136095026391558 3.667520746588707 0.0
v 1.0045944682788104 -6.577016707509756 0.0
v 4.516390134289395 -1.486062473617494 0.0
v -1.719633568834979 -13.458202091045678 0.0
v -5.409453967469744 -5.049983630888164 0.0
v -6.772009096806869 14.55020944122225 0.0
v 0.4811577599029988 -6.031348296441138 0.0
v 8.318667873973027 9.713626507669687 0.0
v -9.340482265106402 8.15558360144496 0.0
v 10.72729034081567 -5.248664923012257 0.0
v -0.3254489731625654 8.981667896732688 0.0
v -6.321147025329992 13.428779303096235 0.0
v 8.73075966903707 -14.970805834047496 0.0
v -3.830752571870107 11.864942650310695 0.0
v 10.112423689162824 13.877737985923886 0.0
v -9.937157944077626 4.945095152594149 0.0
v 0.15366144478321075 14.213277582079172 0.0
v -7.413958501594607 2.503598615527153 0.0
v 10.272775897698011 -8.572162330150604 0.0
v -12.655306831991766 -12.15930156968534 0.0
v -1.8568915439536795 -7.55854651145637 0.0
v -9.392408162995707 -0.8879846753552556 0.0
v -1.167926927562803 0.332508840598166 0.0
v 2.5616013086983003 -3.198170945979655 0.0
v -6.692351521516684 -5.181131669320166 0.0
v 8.329550180176739 0.06459718011319637 0.0
v 1.9178164231125265 -7.741259417496622 0.0
v -8.337223753042053 -2.3391853170469403 0.0
v 12.890863278415054 -8.18802439328283 0.0
v 1.9821667937212624 10.944895872846246 0.0
v -4.322574510821141 3.590698780491948 0.0
v 7.497017582762055 -6.269451218657196 0.0
v -8.74643332028063 7.317374878562987 0.0
v -4.111758173385169 10.405153907835484 0.0
v -2.6417272171238437 14.695704162120819 0.0
v -9.276838137651794 13.273460091091692 0.0
v -0.6266883034841157 -10.54048630502075 0.0
v 2.4842999622342177 14.960064792074263 0.0
v 6.160769744834397 14.264903062023222 0.0
v 2.0326662596780807 12.13421437703073 0.0
v 9.53178860252956 -3.9167841291055083 0.0
v -14.416421787056606 1.9735202239826322 0.0
v -8.170497980667278 -10.739540022797883 0.0
v 14.362040312727913 -6.881453340873122 0.0
v -13.753605045261793 -0.7629598481580615 0.0
v -11.037475098040886 14.32282663602382 0.0
v 11.8034160946263 11.723091746680439 0.0
v -9.033129114541225 13.020969340577722 0.0
v 4.6747154133045115 2.6940795676782727 0.0
v 2.8295792515273206 -9.239142417907715 0.0
v -14.080015958112199 -8.871489345096052 0.0
v -14.13479885266861 2.957211460918188 0.0
v -2.6066759770619683 13.636486105620861 0.0
v 11.847651130345184 -0.6240569381043315 0.0
v -10.790455895243213 3.378792733885348 0.0
v -4.560760009859223 -3.770467236638069 0.0
v 5.976834670291282 -12.48079523164779 0.0
v -14.736540684476495 -10.769794798456132 0.0
v -0.4226465254323557 4.703945476561785 0.0
v -13.47187726892298 -12.691952098160982 0.0
v 12.133387758687604 13.154926250688732 0.0
v -0.3883910984150134 -10.846761580556631 0.0
v -1.430838284722995 -5.279586025513709 0.0
v -6.2958476972416975 -10.1295211520046 0.0
v -7.829799999773968 3.1881058858707547 0.0
v -13.783667690935545 -13.75445413030684 0.0
v 14.405176570813637 -8.212108746170998 0.0
v 6.678754557506181 -5.35469928663224 0.0
v 13.999590586288832 -0.31121818628162146 0.0
v 13.94390974851558 11.87293105572462 0.0
v -3.821550081134774 8.248643483966589 0.0
v -3.136684961966239 -5.835747292265296 0.0
v -5.161849317140877 -5.405166610144079 0.0
v -1.0900555447442457 12.508635116741061 0.0
v 10.150824025273323 8.121450053527951 0.0
v -7.721684505988378 9.085272543132305 0.0
v 12.37113905622391 -4.357212588191032 0.0
v -6.985584866430145 -8.36425281688571 0.0
v 7.142010325624142 -7.053612454794347 0.0
v 12.491847394907381 8.911211417987943 0.0
v 0.2455402606865391 -6.338777304627001 0.0
v 2.7356994264409877 9.33636423945427 0.0
v 14.23224712436786 5.192013826221228 0.0
v -0.2942292162333615 5.7538558803498745 0.0
v 9.366033304366283 7.0712195644155145 0.0
v -10.026071790372953 2.9756854083389044 0.0
v -5.047051900532097 -8.596218732185662 0.0
v 2.514137317892164 5.559390821494162 0.0
v -2.2710151910432614 11.57151454873383 0.0
v 14.822029019822367 -2.909419195726514 0.0
v -6.84761023032479 -6.638435606844723 0.0
v 6.559875408594962 6.223575374111533 0.0
v 10.641015093540773 1.2017157254740596 0.0
v -8.258035200764425 0.14405515883117914 0.0
v -2.3714082462829538 1.1073837857693434 0.0
v -8.135222893150058 -10.047906905412674 0.0
v -10.568708709964994 -12.723770110867918 0.0
v 11.604033233656082 5.2990649761632085 0.0
v -5.562958069203887 -14.091184798628092 0.0
v 11.192836101341527 -11.81530889775604 0.0
v -1.7347349565825425 -11.915370302274823 0.0
v -0.12016111554112285 14.793036260642111 0.0
v 3.1366089555085637 10.147086139768362 0.0
v -7.388131095271092 5.0635403683409095 0.0
v -10.193311064213049 -3.420066809281707 0.0
v -14.263443260861095 -14.852288686670363 0.0
v -13.934621294029057 -4.50464394222945 0.0
v 13.036537085310556 0.7655428731814027 0.0
v -11.031904326286167 9.612551862373948 0.0
v 0.828094310243614 -10.464993956498802 0.0
v -10.145091996120755 -12.674390911124647 0.0
v -4.041807735979091 3.003243022598326 0.0
v 12.869726455246564 9.156561945565045 0.0
v -3.5250451148604043 1.7234335793182254 0.0
v -8.564972475520335 2.066824298352003 0.0
v -0.4812011729227379 2.407708012498915 0.0
v 1.1143988221883774 4.643527842126787 0.0
v 14.210619951947592 -4.1145651545375586 0.0
v 7.734783219813835 13.251508033834398 0.0
v -13.441177938540932 2.428259846754372 0.0
v -9.682536691543646 3.9700592355802655 0.0
v -8.412421068642288 -2.226744845509529 0.0
v -5.58100045559695 -8.742917247116566 0.0
v 5.505905567144509 -14.759793476201594 0.0
v 2.8321493962430395 6.230945878662169 0.0
v 11.73830409545917 9.581313710659742 0.0
v -5.162145325506572 -5.711328431032598 0.0
v -0.6862206999212503 -11.129925527609885 0.0
v 1.9270593518740498 5.674402266740799 0.0
v 8.305470186809544 6.752532312646508 0.0
v -9.580981200910173 2.517397033981979 0.0
v -13.564456175779924 -12.559548070654273 0.0
v -14.25599802279612 2.202105274423957 0.0
v 12.532592938456219 0.10065096896141768 0.0
v -4.228710311406758 8.958813039585948 0.0
v -12.667760728334542 14.615750583820045 0.0
v 13.815938682004344 2.2812211709097028 0.0
v 1.7970184438163415 -1.9258742313832045 0.0
v 5.384441529633477 -8.974773971363902 0.0
v 2.0120670901378617 -1.0934279076755047 0.0
v -5.585429034254048 -6.98557039629668 0.0
v 7.039769664872438 0.706195673905313 0.0
v 10.571518805401865 -5.752706700004637 0.0
v -0.28628652583574876 7.913785883225501 0.0
v 8.659294259676244 11.44654387794435 0.0
v 2.1501898377900943 -7.391681989654899 0.0
v 5.446608021040447 10.771772070787847 0.0
v 14.938820912037045 -0.7953686956316233 0.0
v 14.727116791415028 -13.557062211446464 0.0
v 12.659751133469399 3.0524192536249757 0.0
v -6.283989162940998 -9.571248289197683 0.0
v -2.4730263639357872 2.186006324365735 0.0
v -6.038936759345233 5.797064923681319 0.0
v -11.411823336326052 12.51970786973834 0.0
v -0.3144822211470455 -8.601462519727647 0.0
v 9.144604000786785 12.22775085363537 0.0
v 9.834239596500993 -14.143934600055218 0.0
v -12.606098575517535 13.319475067779422 0.0
v -10.199652960931417 -7.858636585064232 0.0
v 0.8866234750021249 12.917670955881476 0.0
v -4.765493829792831 4.4073176654055715 0.0
v 3.687875727075152 -8.914563119411469 0.0
v -12.4814345871564 10.724920670501888 0.0
v -2.983221716422122 -7.72886005230248 0.0
v -11.416291952889878 -10.120065113529563 0.0
v 3.557292360404972 -10.760403383523226 0.0
v -13.851367380819283 4.22625342477113 0.0
v -13.416903740784619 -14.303198922425508 0.0
v 1.4729134332737885 0.17666352540254593 0.0
v 4.166837316239253 12.27649715449661 0.0
v 8.11977301700972 -14.43008606787771 0.0
v -10.008802219876088 13.098970238119364 0.0
v -10.527107716887258 -12.137753888964653 0.0
v -0.9220669741625898 13.270992934703827 0.0
v 8.591446710866876 -14.853606321848929 0.0
v 4.958550661569461 -6.513854562304914 0.0
v 1.5816936775809154 1.2688566241413355 0.0
v 11.428482626914047 8.479736756533384 0.0
v 12.357702491106465 14.94616946671158 0.0
v -7.716047009744216 0.002461342141032219 0.0
v -9.166960096277762 10.857799029909074 0.0
v -3.205158145050518 -0.03845503740012646 0.0
v -14.587639360572211 8.035454589873552 0.0
v 4.536419365438633 5.640525280497968 0.0
v 7.233361327846069 -1.3368189707398415 0.0
v -3.815527651400771 -6.878706603311002 0.0
v -6.197213129140437 0.2239077389240265 0.0
v 14.754518658097368 0.5966662410646677 0.0
v -14.90465538011631 -10.485520044341683 0.0
v 6.343282697955146 -8.088603160344064 0.0
v -8.439725187490694 3.266854202374816 0.0
v 5.313409328693524 0.07306183595210314 0.0
v -11.607194683281705 7.273723947815597 0.0
v 3.5399505074019544 0.9407878750935197 0.0
v 9.760083014378324 5.174987801350653 0.0
v 13.62768456764752 -9.148528137244284 0.0
v 7.405840226332657 -8.02122709620744 0.0
v -1.4822140382020734 0.98629898019135 0.0
v 14.573214937990997 -10.858274238184094 0.0
v -7.0903610693058 -10.966615812852979 0.0
v -9.423246555263177 -13.789213262498379 0.0
v 9.24874211102724 5.842849988490343 0.0
v 2.021116492571309 7.594034961424768 0.0
v 2.6439482328714803 -11.32357520610094 0.0
v -8.488051531312522 -1.6827596984803677 0.0
v -10.235026256297715 -2.0295245265588164 0.0
v -7.476392057258636 4.515202442184091 0.0
v 5.85218135965988 -5.170037783682346 0.0
v -2.7443967793951742 10.916195112280548 0.0
v 13.374537763244007 12.198747865855694 0.0
v 9.041024011385161 0.7584393927827477 0.0
v -7.783152242656797 0.27529603615403175 0.0
v -2.003606732643675 3.5308163901790977 0.0
v -0.9351855120621622 7.338899575173855 0.0
v 11.768094373226631 12.18507727701217 0.0
v -5.19842862454243 1.786750783212483 0.0
v -9.399538728175685 5.052226299419999 0.0
v 11.29113167221658 -14.093071547336876 0.0
v -5.46964633197058 1.1542743761092424 0.0
v -3.613240060512908 -1.3669840469956398 0.0
v -5.1701223432901315 -9.80481486581266 0.0
v 3.072405390732456 9.951140438206494 0.0
v 1.7198952787439339 -2.345841035246849 0.0
v 2.5199277424253523 -11.511468790471554 0.0
v -8.081787073635496 -14.39511856250465 0.0
v 6.735130328917876 -4.17692799679935 0.0
v 8.189857666089665 -1.5385251976549625 0.0
v -12.247057411761489 -6.942295664921403 0.0
v 6.414905788260512 -8.025638745166361 0.0
v -4.456348076520953 -1.1082663498818874 0.0
v -2.5296264508506283 13.735326070338488 0.0
v 4.869335241790395 6.27143345400691 0.0
v 4.748251656477805 14.76290973648429 0.0
v 1.7187069588690065 -4.272801360115409 0.0
v 12.077905617945362 -8.793057577684522 0.0
v 7.910049107274972 1.8363285390660167 0.0
v -6.283210272027645 -12.043773973360658 0.0
v 0.3498424620484002 4.121122153475881 0.0
v 3.7598190152202733 -5.532236048951745 0.0
v 8.3923433549935 -3.2600986026227474 0.0
v 9.050984872796107 1.558071080595255 0.0
v -7.269866564136464 9.349165826104581 0.0
v 14.563786465616431 -14.113333067856729 0.0
v -13.378901086747646 -3.920149398036301 0.0
v -10.269174911431037 -4.436387003399432 0.0
v 11.20730293932138 0.7525611510500312 0.0
v 1.1700603745412081 0.9420335590839386 0.0
v 11.845563490875065 -6.733889780007303 0.0
v 3.969512701849453 7.301175195723772 0.0
v -0.11700769962044433 -12.982910080812871 0.0
v 3.84298703703098 7.6553286937996745 0.0
v 14.947985270002391 9.6391008682549 0.0
v 10.374039085407276 -9.23705402109772 0.0
v 7.009041915123817 -14.681055720895529 0.0
v -1.9576896623475477 -13.089796490035951 0.0
v 11.723188605799805 14.252031556330621 0.0
v 12.433340114541352 -10.18926305230707 0.0
v 0.9347859245026484 7.534045476466417 0.0
v -10.225090737454593 13.435941668227315 0.0
v 14.720270400110167 -14.196214439347386 0.0
v 11.888294463860802 -10.656363840214908 0.0
v -5.515427283535246 -1.6629569865763187 0.0
v 9.70024743390968 8.023072832264006 0.0
v 1.112083442392759 3.2281153136864305 0.0
v -8.84592948073987 -3.5219165552407503 0.0
v -7.167219908209518 5.291405702009797 0.0
v -4.164669113990385 -5.808444821275771 0.0
v 4.149100545560941 4.291573646478355 0.0
v -10.341129596170504 11.72051706444472 0.0
v -11.588592810789123 -1.4183029094710946 0.0
v -6.814537353871856 1.2872397461906075 0.0
v -12.576976639218628 -1.382806838490069 0.0
v 11.161417603492737 -4.503315501846373 0.0
v -7.825357062742114 11.654428280889988 0.0
v -1.3970896374667063 2.0653940178453922 0.0
v 13.64934341184562 -10.69836573395878 0.0
v -13.6670581784565 14.890009290538728 0.0
v -13.425814728718251 6.5419648149982095 0.0
v -5.37840420473367 -3.778593670576811 0.0
v -14.130832598544657 10.723183975555003 0.0
v -7.693794606195297 11.403613792732358 0.0
v 3.7714428401668556 -1.1791677745059133 0.0
v 8.85096525301924 0.9627022976055741 0.0
v -8.477399922674522 -14.164520247839391 0.0
v -3.5256581173744053 -14.815043712966144 0.0
v 2.979675188078545 3.9643697403371334 0.0
v 6.081838420883287 9.251207466237247 0.0
v 6.020392194448505 2.5631080083549023 0.0
v 3.230769406829495 11.301230445504189 0.0
v 1.7728653589147143 -11.892160783521831 0.0
v -5.139056650281418 10.42900001630187 0.0
v 9.342316678958014 -3.976543511264026 0.0
v 14.955399160506204 -10.909926353022456 0.0
v -7.994615537696518 11.896180560812354 0.0
v 13.777403920714278 4.19772781804204 0.0
v -2.3199748535407707 -12.265218204818666 0.0
v 3.4771269666962326 -3.421805441379547 0.0
v -1.8811365167493932 4.476722281426191 0.0
v 3.87467590655433 -9.427948682568967 0.0
v 9.44661549909506 -11.119144059717655 0.0
v 12.480797533004079 -7.111650699749589 0.0
v -1.299364364007488 10.287229993380606 0.0
v -14.258345672744326 10.060440704226494 0.0
v 1.3968994578463025 3.657889665104449 0.0
v -9.635049562202767 3.9698778642341495 0.0
v -1.2671604052884504 14.643090737983584 0.0
v 0.620016323053278 -5.6271374290809035 0.0
v -11.783704914560076 9.73530081473291 0.0
v -4.291879674419761 -4.635386765934527 0.0
v -8.259077445603907 -11.711682689376175 0.0
v -1.3996742071467452 3.329975471831858 0.0
v 11.194753801741172 -12.714843653142452 0.0
v 9.266846339509357 8.49167178105563 0.0
v 14.828414171002805 -8.374734408222139 0.0
v 5.888387428189162 12.66573667153716 0.0
v 4.694617869099602 -4.345943896099925 0.0
v 6.456308926281054 14.043361032381654 0.0
v 1.814027352957055 -8.543543723411858 0.0
v 8.629825999378227 1.933269139379263 0.0
v -5.993166022351943 10.784782343544066 0.0
v 10.043324281810783 5.02014094684273 0.0
v 11.581222849490587 -7.897644266486168 0.0
v 11.014839957584627 -12.268012817949057 0.0
v 10.377442073600832 0.12429116945713758 0.0
v -6.015690059110057 9.14718096703291 0.0
v 12.64230241801124 3.894755211658776 0.0
v -14.98308411508333 5.819885520264506 0.0
v 8.110093090508599 3.301244093105197 0.0
v -10.125777780951466 4.850681073963642 0.0
v -13.743156401789747 0.8237941553816199 0.0
v -4.831283360370435 -11.34937958419323 0.0
v -6.620145073684398 -10.043677132576704 0.0
v 11.517740543698892 -7.017912650480866 0.0
v -3.0509232704062015 10.311187011189759 0.0
v 14.923551643092651 12.295556251890957 0.0
v -11.176811821351293 -12.118892861530185 0.0
v -13.625011209165677 10.15714197885245 0.0
v -0.6055253861704841 -13.918589536100626 0.0
v 0.40781671623699367 13.937644386664033 0.0
v -2.322689321008511 6.395506056956947 0.0
v 0.9680331566487439 -1.9374101608991623 0.0
v -8.77668525808258 9.908804460428655 0.0
v -4.115240422543138 -9.467552099376917 0.0
v -1.9592609361279756 12.403368665836751 0.0
v -3.5858575273887254 -12.160815407522023 0.0
v 13.288212667917833 6.7331962417811155 0.0
v -9.98688716860488 8.43414718657732 0.0
v 9.412121303321328 12.723419985733926 0.0
v -11.245029964949936 -1.6162627786397934 0.0
v 7.533778986835387 2.8383196322247386 0.0
v 10.455412751587573 -10.637963031418622 0.0
v 6.153893183567561 7.912557316944003 0.0
v 5.547911512083374 12.335965278558433 0.0
v -0.7072873842553236 3.8644612189382315 0.0
v -7.835085202357732 14.179603045806289 0.0
v 13.132526629662607 9.298830394633114 0.0
v 4.0843822827446274 -7.192459125071764 0.0
v 3.3616303806193173 2.860661598853767 0.0
v 0.10211000556591898 8.719737946987152 0.0
v 8.493460893514566 -8.217149140313268 0.0
v 4.38001410412835 -0.030133580788969994 0.0
v -13.518867760663852 0.23254808597266674 0.0
v 1.8032982043223456 -7.777387567795813 0.0
v 9.089797227585223 5.405088888481259 0.0
v -1.423662404937204 4.85826450586319 0.0
v -11.993064695911016 1.5406790152192116 0.0
v 1.8354686109814793 11.767811980098486 0.0
v 0.5489463426056318 13.368777956813574 0.0
v 8.875841776374727 -8.626239736564457 0.0
v 8.085467455035541 -11.879916350357234 0.0
v 4.440092897624709 0.4584223600104451 0.0
v 14.731407107203268 -3.642987181432545 0.0
v 3.064738538232632 -13.554419131949544 0.0
v 7.253701491688844 9.968249169178307 0.0
v 8.797041924204677 -12.90366143360734 0.0
v 6.114315486396663 11.760360147804022 0.0
v 2.7530701793148182 -3.8073963951319456 0.0
v 9.108653333387338 -10.849659027531743 0.0
v 5.540386602107901 -3.719202042557299 0.0
f 1356 1727 176
f 1906 1356 176
f 1356 1906 539
f 430 699 887
f 1045 1898 374
f 147 1435 1158
f 209 186 403
f 1467 209 403
f 209 1213 186
f 1213 209 1467
f 600 147 1158
f 419 1305 1948
f 118 680 1866
f 1727 1518 1041
f 1356 1518 1727
f 115 1356 539
f 911 166 176
f 166 911 259
f 310 792 259
f 238 164 1658
f 1123 42 1900
f 1413 1553 583
f 993 1413 583
f 1413 993 795
f 1081 507 1266
f 362 1818 938
f 362 703 1197
f 703 362 723
f 723 362 26
f 1990 362 1197
f 362 1990 1981
f 1818 362 1981
f 1990 979 1640
f 979 1990 1197
f 784 993 583
f 1656 430 887
f 430 1656 1927
f 430 334 699
f 1158 148 374
f 1045 1228 1898
f 1228 1045 374
f 148 1228 374
f 487 1213 1727
f 21 1295 459
f 1295 21 1948
f 1295 1467 403
f 21 1164 1201
f 1164 21 1728
f 1769 583 1266
f 139 1358 1704
f 1971 896 1387
f 1241 917 1713
f 917 1241 1973
f 1081 1608 350
f 1608 801 350
f 821 1236 1827
f 766 1715 1206
f 1397 419 307
f 419 1397 1305
f 114 419 558
f 1122 114 558
f 528 836 443
f 719 1610 1866
f 1610 118 1866
f 1610 719 1726
f 680 959 1866
f 616 1319 477
f 230 1718 443
f 1463 1518 1356
f 1463 1905 1822
f 1463 1822 1495
f 1518 1463 1495
f 1230 115 539
f 115 391 1250
f 166 1410 176
f 1076 1306 1139
f 34 6 428
f 444 838 802
f 828 1504 26
f 792 77 1871
f 310 77 792
f 911 1556 259
f 1556 437 259
f 1787 741 229
f 1787 568 448
f 1845 639 1468
f 392 305 1851
f 1368 628 1803
f 1123 803 1851
f 838 1308 802
f 875 1677 1900
f 1413 1168 1553
f 1168 1413 795
f 1002 1168 795
f 16 709 1634
f 1972 1480 1197
f 250 1317 697
f 913 1081 350
f 913 507 1081
f 1145 754 26
f 754 1145 1678
f 676 620 994
f 406 71 767
f 295 703 723
f 1317 295 697
f 295 1317 703
f 538 484 1981
f 1380 1818 1981
f 1797 868 1290
f 1409 400 1575
f 538 130 272
f 668 981 1640
f 981 668 458
f 544 1856 380
f 271 1480 1054
f 380 271 1054
f 668 271 458
f 979 1874 1640
f 271 1874 1480
f 1480 1874 1197
f 1874 979 1197
f 1874 668 1640
f 1874 271 668
f 1386 1665 137
f 400 1283 1575
f 1820 784 583
f 1008 1779 123
f 1659 1854 1592
f 1084 430 1927
f 132 1084 1927
f 1880 1199 123
f 1199 1008 123
f 1008 1199 1125
f 1775 1880 123
f 1125 597 932
f 1199 597 1125
f 1147 89 1091
f 1779 314 123
f 314 718 123
f 1757 1228 1779
f 1008 1757 1779
f 1757 1008 1125
f 1228 1757 1898
f 1757 932 1898
f 1757 1125 932
f 598 148 961
f 598 1228 148
f 314 598 961
f 1228 598 1779
f 598 314 1779
f 167 1789 1041
f 167 18 1789
f 1530 487 1727
f 1530 1727 1041
f 1789 1530 1041
f 1213 1687 186
f 487 1687 1213
f 18 1687 1789
f 1687 1530 1789
f 1530 1687 487
f 1295 1226 459
f 1679 1295 403
f 339 315 1062
f 1672 339 1062
f 1226 339 1672
f 1164 786 1201
f 946 386 1178
f 386 946 1728
f 21 788 1728
f 788 386 1728
f 386 788 431
f 1155 1698 1590
f 146 1698 1155
f 1622 1533 1266
f 1358 1622 1266
f 354 139 1704
f 896 1949 1387
f 1949 1188 1036
f 1949 1971 1387
f 1057 1949 1036
f 1949 1057 1971
f 1070 1046 1347
f 1188 1070 1036
f 1046 1070 1188
f 43 54 373
f 816 1719 1026
f 816 1297 373
f 1046 1297 1347
f 1297 1942 1347
f 1942 1297 816
f 328 1499 69
f 537 328 69
f 39 1659 1592
f 39 334 1659
f 1106 1118 485
f 331 1808 1840
f 950 331 1840
f 1892 950 172
f 950 1892 331
f 119 1437 1827
f 1301 652 1090
f 652 1301 1423
f 882 1301 1090
f 766 1301 1715
f 1301 882 1715
f 419 216 307
f 114 607 419
f 528 1405 836
f 836 1405 1495
f 1405 1518 1495
f 1518 1405 1041
f 1405 528 1041
f 186 1753 403
f 1681 1753 186
f 1550 1399 780
f 959 910 1866
f 1620 1074 1260
f 1620 1299 1074
f 315 188 1062
f 834 188 315
f 1299 1055 1074
f 1055 405 1074
f 1055 1299 477
f 1536 1672 1062
f 188 1536 1062
f 405 1536 1074
f 1536 834 1074
f 1536 188 834
f 1536 644 1672
f 644 1536 405
f 946 1865 1728
f 1865 1164 1728
f 1865 786 1164
f 831 1264 445
f 1264 1319 445
f 644 1264 831
f 1319 1264 477
f 836 1263 443
f 1263 230 443
f 1263 836 1495
f 1822 1263 1495
f 230 1263 1822
f 115 1846 1356
f 1846 115 1250
f 1720 768 539
f 768 1230 539
f 1230 768 1720
f 1230 1175 115
f 1175 391 115
f 1175 1230 464
f 391 1175 464
f 524 792 1871
f 792 524 259
f 524 166 259
f 524 1410 166
f 1410 1959 176
f 1521 1546 1720
f 1546 1230 1720
f 1230 1546 464
f 1076 1876 1107
f 1404 360 1906
f 360 1404 1139
f 360 1594 1906
f 1521 360 1139
f 1274 1076 1139
f 1404 1274 1139
f 1274 1404 204
f 1274 1876 1076
f 1625 1274 204
f 1876 1274 1625
f 1722 702 1420
f 1964 34 1116
f 34 1964 6
f 442 34 428
f 6 734 428
f 1964 734 6
f 715 666 1116
f 897 711 1585
f 711 434 810
f 897 434 711
f 1537 711 810
f 711 1537 1585
f 616 844 780
f 1780 844 616
f 844 444 780
f 444 844 838
f 1398 1780 616
f 1398 616 477
f 1299 1398 477
f 765 1124 414
f 326 230 1822
f 391 396 1250
f 741 1920 229
f 1920 1671 229
f 1920 1783 1671
f 362 1068 26
f 1068 828 26
f 208 179 1760
f 179 1068 1760
f 1068 179 828
f 1504 1303 1258
f 828 1303 1504
f 179 1303 828
f 1303 741 1258
f 1303 1920 741
f 1303 179 1920
f 77 1288 1871
f 104 676 994
f 104 911 176
f 104 176 1634
f 676 104 1634
f 1593 437 543
f 594 568 543
f 1787 1615 741
f 1615 1504 1258
f 741 1615 1258
f 1615 1787 448
f 429 238 791
f 429 164 238
f 639 966 310
f 1825 639 1845
f 1057 1216 1971
f 1252 210 679
f 554 1014 1471
f 1014 408 1894
f 408 1014 554
f 627 174 581
f 174 705 581
f 705 628 581
f 1962 506 1557
f 840 700 1557
f 700 1962 1557
f 1962 700 523
f 540 478 1311
f 1815 1310 1311
f 1761 540 1311
f 122 1761 1311
f 1645 1918 1542
f 1573 1918 1578
f 1918 605 1542
f 605 1918 1573
f 1490 506 1962
f 175 1001 1528
f 68 1247 1684
f 1001 68 604
f 68 1249 604
f 1249 68 1684
f 1379 1179 1930
f 375 1930 342
f 375 1379 1930
f 240 1946 1595
f 823 1987 1423
f 330 1588 1840
f 1123 1883 42
f 1883 1024 42
f 1883 1123 1851
f 559 688 954
f 221 382 1826
f 29 1123 1900
f 1677 29 1900
f 628 949 581
f 1368 949 628
f 949 627 581
f 627 949 803
f 1308 191 802
f 191 424 802
f 1770 1168 1002
f 1168 1770 1553
f 117 1002 795
f 709 1047 1634
f 1839 1047 709
f 1238 1972 1921
f 703 1999 1197
f 1317 1999 703
f 1999 1317 1921
f 1999 1972 1197
f 1972 1999 1921
f 673 723 26
f 754 673 26
f 673 295 723
f 1745 620 676
f 620 1745 1314
f 763 676 1634
f 595 406 1760
f 595 71 406
f 578 208 1760
f 406 578 1760
f 1783 525 1005
f 1818 462 938
f 1671 1508 229
f 1508 1787 229
f 1444 1783 1005
f 1783 1444 1671
f 1444 1508 1671
f 484 163 1981
f 163 1380 1981
f 163 484 1653
f 1380 163 1653
f 1112 321 50
f 484 321 1653
f 321 1112 1653
f 1665 661 456
f 661 400 1922
f 661 1665 400
f 1688 1935 456
f 1935 1688 503
f 1665 1935 137
f 1935 1665 456
f 1935 1769 137
f 968 661 1650
f 936 1935 503
f 1935 936 291
f 363 762 27
f 1817 968 1033
f 400 1095 1922
f 1409 1095 400
f 1894 1248 1590
f 981 1108 1640
f 1990 1108 1981
f 1108 1990 1640
f 1108 538 1981
f 1108 130 538
f 1019 981 1954
f 1108 1019 130
f 1019 1108 981
f 1856 453 380
f 271 453 458
f 453 271 380
f 1650 1457 1033
f 1457 544 1033
f 544 1457 1856
f 1943 661 1922
f 661 1943 1650
f 1943 1457 1650
f 1457 1943 1856
f 1954 1943 1922
f 453 1943 458
f 1943 453 1856
f 1943 981 458
f 981 1943 1954
f 1446 1665 1386
f 1665 1446 400
f 1446 1283 400
f 1185 1446 1386
f 1283 1446 1185
f 1283 592 1575
f 592 146 1155
f 1914 1820 583
f 1820 1914 291
f 1914 1935 291
f 1769 1914 583
f 1935 1914 1769
f 369 701 1795
f 1207 132 1927
f 1207 369 132
f 369 1207 701
f 1312 1502 1674
f 1147 1598 887
f 1598 1147 1091
f 764 1598 1091
f 931 1598 764
f 931 1656 887
f 1598 931 887
f 1265 655 485
f 467 1265 485
f 334 1221 1659
f 842 718 116
f 1775 842 116
f 718 842 123
f 842 1775 123
f 699 1075 887
f 1075 1147 887
f 1075 89 1147
f 1289 88 608
f 1775 1793 1880
f 142 1793 1775
f 1162 314 961
f 314 1162 718
f 600 246 147
f 147 246 1435
f 246 1901 1435
f 596 1226 1672
f 1810 1226 1295
f 1679 1810 1295
f 1464 1679 315
f 339 1464 315
f 1464 1810 1679
f 1464 339 1226
f 1810 1464 1226
f 351 1550 1178
f 386 351 1178
f 351 386 431
f 205 21 459
f 205 788 21
f 90 751 1291
f 877 90 1291
f 618 877 1291
f 618 98 1613
f 1719 929 1026
f 916 1358 1266
f 1358 916 1704
f 1166 243 751
f 1166 354 1704
f 354 1166 751
f 916 1166 1704
f 1166 916 243
f 243 865 751
f 969 354 1501
f 1511 1057 1036
f 1511 1381 1057
f 298 1709 96
f 650 1070 579
f 1070 650 1036
f 650 1511 1036
f 1511 650 1381
f 996 1751 579
f 1719 1609 970
f 1609 816 373
f 1609 1719 816
f 613 1438 1239
f 1438 613 1281
f 1070 1985 579
f 1985 1070 1347
f 479 43 373
f 1297 479 373
f 1349 739 940
f 300 917 1973
f 1241 399 1973
f 399 1332 1973
f 799 1608 1081
f 1051 14 1582
f 1072 1267 378
f 378 1267 521
f 655 1619 485
f 1801 527 559
f 882 527 1715
f 527 882 559
f 1892 170 331
f 1715 170 1206
f 170 172 1206
f 170 1892 172
f 1024 226 42
f 32 226 1024
f 226 32 954
f 1458 1808 331
f 170 1458 331
f 1236 760 1827
f 760 119 1827
f 652 1150 651
f 651 1150 748
f 1150 1987 748
f 1987 1150 1423
f 1150 652 1423
f 520 407 748
f 407 651 748
f 1983 114 1122
f 1056 1865 1280
f 1865 1056 786
f 1753 1574 563
f 1574 1753 1681
f 57 1753 563
f 57 834 315
f 1074 57 1260
f 834 57 1074
f 1679 57 315
f 57 1679 403
f 1753 57 403
f 1957 358 1082
f 358 1957 856
f 1641 358 856
f 1641 856 1260
f 57 1641 1260
f 1641 57 563
f 1641 64 358
f 1098 616 780
f 1399 1098 780
f 1098 1319 616
f 1319 1098 445
f 450 910 959
f 910 450 424
f 1550 450 680
f 450 959 680
f 450 1550 780
f 444 450 780
f 424 450 802
f 450 444 802
f 933 1550 680
f 1603 933 154
f 933 1603 1550
f 1143 154 1280
f 1865 1143 1280
f 1143 1865 946
f 1143 1603 154
f 1143 946 1178
f 1272 1236 821
f 1272 183 1236
f 530 644 405
f 530 1264 644
f 1264 530 477
f 530 1055 477
f 1055 530 405
f 1846 451 1356
f 451 1463 1356
f 1463 451 1905
f 1959 1012 176
f 545 1483 1420
f 1483 1722 1420
f 59 1076 1107
f 1076 59 1306
f 1749 77 791
f 1275 545 1420
f 702 1275 1420
f 1275 442 428
f 1749 1129 702
f 164 681 1658
f 294 666 715
f 666 294 810
f 294 1537 810
f 434 599 810
f 666 599 1116
f 599 666 810
f 599 1964 1116
f 844 1194 838
f 856 989 1260
f 1708 434 897
f 1708 599 434
f 230 1732 1718
f 326 1732 230
f 396 56 1250
f 56 396 75
f 66 75 1527
f 66 326 1822
f 1920 1315 1783
f 525 1315 1500
f 1315 525 1783
f 1240 362 938
f 595 1240 938
f 343 1722 1107
f 1876 343 1107
f 343 1876 1625
f 983 437 1556
f 568 52 543
f 52 1593 543
f 1593 1911 437
f 1911 310 259
f 437 1911 259
f 1911 639 310
f 639 1911 1468
f 1911 1593 1468
f 568 1211 448
f 594 1211 568
f 1504 329 26
f 1615 329 1504
f 329 1615 448
f 429 1587 164
f 1587 429 1731
f 966 602 310
f 77 602 791
f 602 77 310
f 602 429 791
f 1825 423 639
f 1731 423 1477
f 423 1508 1477
f 423 1825 1787
f 1508 423 1787
f 270 1909 1182
f 1216 368 1971
f 368 1909 270
f 1909 368 1216
f 1982 1813 1992
f 1982 1049 1126
f 368 421 1763
f 421 368 270
f 421 270 1182
f 421 474 1992
f 1848 210 1252
f 210 864 679
f 658 627 279
f 627 658 174
f 296 548 963
f 296 575 548
f 160 1136 174
f 1136 705 174
f 489 575 628
f 705 489 628
f 575 489 548
f 548 489 466
f 489 840 466
f 506 1440 1557
f 1440 840 1557
f 840 1440 466
f 1440 10 466
f 845 478 540
f 478 845 1645
f 1049 1903 1126
f 1903 1049 1311
f 478 1903 1311
f 513 474 1815
f 1049 513 1311
f 513 1815 1311
f 1909 372 1182
f 1134 1310 1815
f 474 1134 1815
f 1310 1134 1086
f 10 1868 466
f 1307 122 1311
f 1310 1307 1311
f 1307 1440 122
f 1440 1307 10
f 509 1498 79
f 472 854 1855
f 854 472 677
f 1998 1918 1645
f 854 1998 1855
f 1918 1998 1578
f 1797 1584 1422
f 798 854 677
f 165 1290 1330
f 324 294 715
f 1807 294 1528
f 294 1807 1537
f 101 1119 1247
f 287 1677 1930
f 1179 287 1930
f 1029 1179 1379
f 1391 1029 1379
f 308 375 342
f 74 735 1907
f 74 1907 96
f 1349 74 96
f 74 1349 940
f 323 735 1418
f 476 1616 858
f 888 1655 99
f 628 1369 1803
f 296 1644 575
f 575 1644 628
f 1644 1369 628
f 1559 766 1206
f 1058 1462 493
f 823 643 1987
f 1058 643 823
f 1305 850 1948
f 438 850 1305
f 1397 1788 1305
f 1788 438 1305
f 1788 1397 307
f 745 263 726
f 1362 850 438
f 850 1362 1948
f 1362 819 1948
f 330 508 305
f 508 197 305
f 197 508 1808
f 1808 508 1840
f 508 330 1840
f 392 611 305
f 611 330 305
f 688 1359 954
f 1359 226 954
f 882 1643 559
f 1643 688 559
f 688 1643 1826
f 1643 221 1826
f 1643 119 221
f 1643 882 1090
f 1437 1643 1090
f 1643 1437 119
f 382 729 1826
f 719 1886 1726
f 1886 183 1726
f 910 1176 1866
f 1176 910 424
f 29 253 1123
f 253 29 1677
f 287 253 1677
f 1841 949 1368
f 1566 191 1308
f 1174 1566 1308
f 765 337 1124
f 436 1308 838
f 436 1174 1308
f 1194 436 838
f 1807 541 1537
f 232 311 1762
f 232 1762 225
f 232 897 1585
f 311 232 1585
f 1677 1089 1930
f 875 1089 1677
f 709 1864 1002
f 1864 1770 1002
f 1864 709 16
f 1456 1047 1839
f 1524 1416 606
f 1238 1232 1027
f 1232 1238 1921
f 1317 1232 1921
f 1376 753 1416
f 1376 1944 1933
f 753 1376 1933
f 1238 236 1972
f 1972 236 1480
f 1376 236 1238
f 1480 236 1054
f 236 1293 1054
f 578 623 1500
f 623 868 1797
f 868 623 767
f 623 1797 1422
f 623 406 767
f 623 578 406
f 623 525 1500
f 462 1580 938
f 1580 595 938
f 595 1580 71
f 1014 133 1471
f 538 593 484
f 593 321 484
f 593 538 272
f 1161 593 272
f 1913 813 1471
f 922 1140 1861
f 922 1848 281
f 1848 922 1861
f 1380 1700 1818
f 1700 462 1818
f 28 1650 1033
f 968 28 1033
f 28 968 1650
f 587 1688 456
f 661 587 456
f 968 587 661
f 587 1817 1688
f 1817 587 968
f 892 363 27
f 892 1820 291
f 936 892 291
f 363 492 762
f 762 492 503
f 492 936 503
f 492 892 936
f 892 492 363
f 544 1486 1033
f 1486 1817 1033
f 762 1486 27
f 1817 872 1688
f 872 1486 762
f 1486 872 1817
f 1869 1954 1922
f 1095 1869 1922
f 1059 1409 1575
f 1059 1248 1409
f 1248 1059 1590
f 592 1059 1575
f 1059 1155 1590
f 1059 592 1155
f 408 224 1894
f 224 1248 1894
f 1656 212 1927
f 212 1207 1927
f 1207 212 701
f 212 1502 701
f 1118 995 485
f 995 467 485
f 349 1105 1660
f 1265 1577 655
f 1561 1265 467
f 1561 1105 349
f 1105 1561 467
f 1265 1561 1854
f 1561 349 1592
f 1854 1561 1592
f 1261 1607 1657
f 800 299 1880
f 299 890 1880
f 597 299 932
f 890 299 597
f 1667 1199 1880
f 890 1667 1880
f 1667 597 1199
f 1667 890 597
f 1127 1432 99
f 1127 764 1091
f 1432 1127 1091
f 89 20 1091
f 20 1432 1091
f 1075 1627 89
f 1627 1289 89
f 1627 1075 699
f 1289 1627 699
f 88 178 608
f 178 696 608
f 696 178 76
f 1941 696 76
f 696 915 608
f 1010 1793 1657
f 1793 1010 1880
f 1607 1010 1657
f 1010 800 1880
f 1010 1607 800
f 340 1004 1657
f 1004 340 1138
f 690 1901 672
f 1901 690 1435
f 690 1162 961
f 148 690 961
f 1435 690 1158
f 690 148 1158
f 1901 1924 672
f 246 1924 1901
f 1924 246 600
f 644 992 1672
f 992 596 1672
f 992 644 831
f 407 774 1893
f 774 407 520
f 786 512 1201
f 1056 512 786
f 351 355 1550
f 355 351 431
f 847 1690 1729
f 519 1729 1239
f 519 847 1729
f 1729 534 1239
f 534 613 1239
f 222 1533 1443
f 1690 7 1729
f 7 534 1729
f 222 7 36
f 1102 984 1519
f 864 1102 1519
f 984 1675 1519
f 1102 1675 984
f 1675 574 1519
f 574 1675 662
f 629 433 758
f 592 1739 146
f 1993 1739 137
f 1285 1739 1993
f 807 1719 970
f 90 807 751
f 354 807 970
f 807 354 751
f 98 463 1291
f 463 618 1291
f 618 463 98
f 929 744 1026
f 913 671 507
f 801 1302 350
f 1302 913 350
f 1302 671 913
f 671 1302 865
f 169 1622 1441
f 969 169 1441
f 1916 969 1441
f 969 1916 354
f 354 1916 139
f 1622 1916 1441
f 139 1916 1358
f 1916 1622 1358
f 1448 1949 896
f 1381 1210 1057
f 1210 379 1057
f 91 601 1209
f 379 91 1209
f 601 91 1907
f 482 1512 1064
f 1512 482 777
f 777 482 43
f 54 482 717
f 482 54 43
f 1751 555 579
f 555 650 579
f 555 1241 1713
f 650 555 1713
f 1278 1609 373
f 1609 1278 371
f 54 1278 373
f 1947 37 371
f 1609 37 970
f 37 1609 371
f 37 1947 1501
f 37 354 970
f 354 37 1501
f 1947 78 1771
f 78 1947 371
f 1438 684 1239
f 1389 684 1281
f 684 1438 1281
f 1823 996 579
f 1985 1823 579
f 839 1327 739
f 1709 839 96
f 839 1349 96
f 1349 839 739
f 1705 1382 69
f 300 654 917
f 654 300 757
f 976 714 1605
f 714 356 1605
f 135 399 1241
f 555 135 1241
f 135 555 1751
f 53 1696 895
f 53 724 1696
f 724 1110 1214
f 53 1110 724
f 808 1766 1395
f 44 356 757
f 300 44 757
f 44 300 1973
f 1332 44 1973
f 1873 799 1081
f 1873 1081 1956
f 1488 1873 1956
f 663 1873 1488
f 1873 663 799
f 1011 948 1956
f 1691 1488 1956
f 948 1691 1956
f 808 1466 566
f 1485 1051 1582
f 1485 808 566
f 1766 1485 1582
f 1485 1766 808
f 385 98 801
f 98 385 772
f 1696 692 895
f 156 1482 452
f 1636 156 452
f 156 1636 1219
f 1800 1072 378
f 759 1800 1482
f 1800 378 521
f 39 1800 521
f 1800 39 452
f 1482 1800 452
f 12 928 1660
f 928 349 1660
f 349 928 1592
f 928 39 1592
f 470 12 1660
f 1768 1163 1605
f 1163 1768 1009
f 1163 976 1605
f 1163 1009 976
f 1106 185 1118
f 185 995 1118
f 47 1619 655
f 1695 304 1965
f 304 1312 1965
f 1312 304 1502
f 1502 304 701
f 377 906 1371
f 562 687 251
f 687 562 1371
f 833 393 1965
f 393 1695 1965
f 869 377 1171
f 1431 869 1171
f 305 645 1851
f 197 645 305
f 904 32 1024
f 1117 559 954
f 1117 1801 559
f 218 197 1808
f 1458 218 1808
f 1833 1458 170
f 1833 527 1801
f 527 1833 1715
f 1833 170 1715
f 1117 31 1801
f 31 1833 1801
f 1833 31 1458
f 218 31 1415
f 31 218 1458
f 1415 31 954
f 31 1117 954
f 950 958 172
f 255 958 950
f 1321 255 950
f 119 60 221
f 760 60 119
f 60 760 1236
f 60 382 221
f 201 821 1827
f 1437 201 1827
f 303 652 651
f 652 303 1090
f 201 303 1111
f 303 1437 1090
f 303 201 1437
f 1970 201 1111
f 201 1970 821
f 407 1115 651
f 1115 303 651
f 303 1115 1111
f 1891 407 1893
f 1891 1970 1111
f 1115 1891 1111
f 1891 1115 407
f 1192 1891 1893
f 1891 1192 420
f 1541 1983 1122
f 1541 520 748
f 607 1597 419
f 1663 1597 607
f 1663 1754 216
f 1754 1663 607
f 1617 1574 1681
f 1574 1617 563
f 120 64 528
f 64 120 358
f 120 528 443
f 358 120 1082
f 1718 120 443
f 1082 120 1718
f 1098 1849 445
f 1849 1098 1399
f 23 1143 1178
f 1143 23 1603
f 1550 23 1178
f 1603 23 1550
f 1257 1272 821
f 183 1167 1726
f 1272 1167 183
f 1167 1610 1726
f 451 262 1905
f 262 451 1846
f 1549 1012 1959
f 1549 1625 204
f 1012 1549 204
f 1404 698 204
f 698 1012 204
f 1012 698 176
f 698 1906 176
f 698 1404 1906
f 1917 59 1107
f 1722 1917 1107
f 1483 1917 1722
f 1917 1483 545
f 59 1917 545
f 1558 734 1099
f 1952 1558 1099
f 1390 1952 1099
f 1952 1390 1602
f 432 1392 1594
f 432 360 1521
f 360 432 1594
f 432 1521 1720
f 1392 432 1720
f 518 1720 539
f 518 1392 1720
f 1470 1749 702
f 1470 1288 77
f 1749 1470 77
f 1683 238 1658
f 1129 1683 1658
f 1683 1129 1749
f 238 1683 791
f 1683 1749 791
f 1165 1275 702
f 1275 1165 442
f 1129 1165 702
f 1165 1129 1658
f 681 1165 1658
f 1079 734 1964
f 599 1079 1964
f 989 1786 1260
f 1786 989 1398
f 1786 1620 1260
f 1620 1786 1299
f 1786 1398 1299
f 1794 1957 1082
f 1794 1082 1718
f 1732 1794 1718
f 1183 56 75
f 66 1183 75
f 262 1183 1905
f 1905 1183 1822
f 1183 66 1822
f 1183 262 1846
f 1183 1846 1250
f 56 1183 1250
f 19 765 414
f 19 1699 765
f 232 149 897
f 149 232 225
f 247 391 464
f 75 1539 1527
f 179 1506 1920
f 1506 1315 1920
f 1506 179 208
f 1294 578 1500
f 1315 1294 1500
f 1506 1294 1315
f 578 1294 208
f 1294 1506 208
f 987 1068 362
f 1240 987 362
f 1068 987 1760
f 987 595 1760
f 987 1240 595
f 343 1552 1722
f 1552 343 1288
f 1470 1552 1288
f 1552 702 1722
f 1552 1470 702
f 804 1211 594
f 620 1133 994
f 1133 193 994
f 1133 620 1314
f 437 1994 543
f 983 1994 437
f 1994 983 104
f 1994 104 994
f 193 1994 994
f 860 1556 911
f 860 983 1556
f 104 860 911
f 983 860 104
f 1787 708 568
f 708 52 568
f 1825 708 1787
f 708 1825 1845
f 708 1845 1468
f 1593 708 1468
f 52 708 1593
f 689 1776 164
f 1587 689 164
f 602 885 429
f 885 602 966
f 1131 1216 1057
f 1131 1909 1216
f 1131 379 1209
f 379 1131 1057
f 372 1131 1209
f 1131 372 1909
f 1509 421 1182
f 421 1509 474
f 372 1509 1182
f 937 1806 281
f 1425 1848 1861
f 1551 509 67
f 168 1589 1862
f 457 1589 717
f 1589 457 1862
f 657 859 1763
f 24 657 1763
f 1320 746 1832
f 1320 657 746
f 859 1320 297
f 657 1320 859
f 1100 24 1252
f 589 1698 146
f 589 1894 1590
f 1698 589 1590
f 589 1014 1894
f 416 1233 1014
f 589 416 1014
f 416 589 1224
f 433 1433 146
f 658 550 174
f 415 489 705
f 1136 415 705
f 415 160 523
f 415 1136 160
f 22 700 840
f 489 22 840
f 415 22 489
f 700 22 523
f 22 415 523
f 1440 220 122
f 220 1440 506
f 220 506 440
f 220 1761 122
f 540 220 440
f 1761 220 540
f 972 404 478
f 972 1645 1542
f 972 478 1645
f 605 972 1542
f 972 605 79
f 404 972 79
f 506 1759 440
f 1490 1759 506
f 1759 540 440
f 1759 845 540
f 404 1453 478
f 1453 1903 478
f 1903 1453 1126
f 1982 1044 1049
f 1044 513 1049
f 1044 1982 1992
f 474 1044 1992
f 513 1044 474
f 1670 372 1209
f 1020 601 1907
f 364 1020 1907
f 1020 364 1134
f 195 1798 1086
f 1798 1310 1086
f 1798 1307 1310
f 1498 1624 79
f 1624 980 79
f 1982 1624 1498
f 1624 1982 1126
f 980 1624 1126
f 1567 509 79
f 1621 770 1645
f 1181 798 677
f 798 1181 293
f 1181 755 1005
f 293 1181 1005
f 1623 565 1628
f 565 1928 1628
f 1514 1928 565
f 755 152 1005
f 770 841 1645
f 841 1998 1645
f 1998 841 1855
f 730 1797 1290
f 730 1584 1797
f 525 1978 1005
f 1978 293 1005
f 293 1978 1422
f 1978 623 1422
f 623 1978 525
f 798 471 1191
f 471 798 293
f 798 94 854
f 165 94 798
f 1998 94 1578
f 94 1998 854
f 94 1330 1578
f 94 165 1330
f 1939 152 755
f 857 1731 1477
f 857 1587 1731
f 442 685 34
f 685 1596 34
f 1165 685 442
f 685 1165 681
f 1596 1227 34
f 1227 715 1116
f 34 1227 1116
f 1227 324 715
f 68 1180 1247
f 1180 101 1247
f 1029 345 1179
f 1179 345 279
f 1204 345 586
f 345 1029 586
f 1407 1391 1249
f 1407 1029 1391
f 1407 1249 1684
f 541 1048 55
f 1048 541 1807
f 1001 1048 1528
f 1048 1807 1528
f 375 1693 1379
f 308 1693 375
f 1693 1391 1379
f 1693 1048 1001
f 1048 1693 308
f 1693 1001 604
f 1249 1693 604
f 1391 1693 1249
f 1503 476 1071
f 809 1028 826
f 1063 1705 69
f 341 240 1595
f 153 341 1595
f 1006 126 858
f 126 1006 1071
f 126 476 858
f 476 126 1071
f 1513 1006 121
f 1513 341 153
f 449 153 1595
f 449 1513 153
f 1513 449 1006
f 1006 449 1071
f 449 1503 1071
f 1006 1096 121
f 1096 1473 121
f 1096 1254 1473
f 1096 1006 858
f 1254 1096 858
f 306 449 1595
f 1946 306 1595
f 1028 1225 826
f 1912 888 99
f 1377 1912 99
f 1912 1393 888
f 1912 1941 401
f 1941 1912 1377
f 1432 108 99
f 108 1377 99
f 211 1946 240
f 1393 211 240
f 1912 211 1393
f 286 704 99
f 1655 286 99
f 704 286 5
f 1393 1313 888
f 1313 1655 888
f 105 1369 1716
f 1369 105 1803
f 1716 1451 1773
f 1451 1403 1773
f 267 1834 1146
f 1834 267 1773
f 1403 1896 1773
f 1301 973 1423
f 973 1301 766
f 1559 973 766
f 973 1559 1462
f 1058 973 1462
f 1559 1736 1462
f 1736 1559 1206
f 172 1736 1206
f 1493 1736 172
f 1370 1493 172
f 643 344 1987
f 745 461 636
f 461 344 643
f 461 745 726
f 344 461 726
f 332 150 1114
f 1568 383 1255
f 1788 1568 1255
f 1568 1788 307
f 216 1568 307
f 383 1568 216
f 547 1149 725
f 1361 761 1088
f 761 1361 965
f 1256 642 1426
f 1162 11 718
f 690 11 1162
f 181 611 392
f 1359 490 275
f 226 794 42
f 1359 794 226
f 794 1359 275
f 42 794 1900
f 183 1169 1236
f 1886 1169 183
f 1169 60 1236
f 60 1169 382
f 1469 945 1203
f 945 893 1203
f 871 794 275
f 490 871 275
f 191 1338 424
f 1326 803 1123
f 253 1326 1123
f 1326 627 803
f 627 1326 279
f 747 287 1179
f 747 253 287
f 747 1179 279
f 1326 747 279
f 747 1326 253
f 678 392 1851
f 678 181 392
f 181 678 1368
f 949 902 803
f 1841 902 949
f 803 902 1851
f 902 678 1851
f 1712 1566 1174
f 1762 1712 225
f 1061 1712 1762
f 1537 1184 1585
f 541 1184 1537
f 1184 311 1585
f 1184 541 311
f 1048 1888 55
f 1888 1048 308
f 1888 308 342
f 1222 1888 342
f 1089 1104 1930
f 1930 1104 342
f 1104 1222 342
f 1104 1089 1694
f 311 265 1762
f 265 1061 1762
f 541 265 311
f 265 541 55
f 1881 1864 16
f 1864 1881 1770
f 1553 1881 16
f 1770 1881 1553
f 1223 1839 709
f 1223 727 1839
f 1223 709 1002
f 117 1223 1002
f 993 1013 795
f 1013 993 606
f 1416 1013 606
f 753 1013 1416
f 775 1456 1839
f 1456 775 1933
f 727 775 1839
f 775 753 1933
f 1456 1778 1047
f 1778 1456 695
f 1047 1778 1634
f 1778 695 1634
f 1456 773 695
f 773 1944 1027
f 1944 773 1933
f 773 1456 1933
f 1232 773 1027
f 1820 1897 784
f 1484 1268 647
f 1897 1484 784
f 1484 1897 1268
f 1268 781 647
f 781 496 647
f 162 1524 606
f 1484 162 606
f 162 1484 647
f 496 162 647
f 162 496 483
f 1524 162 483
f 1721 1238 1027
f 1721 1376 1238
f 1944 1721 1027
f 1376 1721 1944
f 236 1343 1293
f 1343 236 1376
f 1996 1346 695
f 695 1796 1634
f 1476 1796 695
f 1796 763 1634
f 1796 1476 763
f 1346 1792 695
f 1792 1476 695
f 763 1792 740
f 1476 1792 763
f 673 1991 295
f 1591 754 1678
f 1745 273 1314
f 273 86 1314
f 273 1745 676
f 763 273 676
f 86 273 763
f 370 249 1314
f 86 370 1314
f 1850 462 646
f 1850 1580 462
f 1290 1339 1330
f 128 409 1290
f 1847 1112 50
f 1847 1411 103
f 1233 381 1014
f 381 133 1014
f 321 1 50
f 813 1 321
f 1160 813 321
f 1160 554 1471
f 813 1160 1471
f 622 1380 1653
f 622 1700 1380
f 128 622 1653
f 462 846 646
f 1700 846 462
f 646 846 767
f 846 868 767
f 1688 410 503
f 872 410 1688
f 410 762 503
f 410 872 762
f 1764 1019 1954
f 1019 1764 130
f 1270 369 1795
f 1324 212 1656
f 931 1324 1656
f 1324 931 764
f 1087 1394 1312
f 1394 833 1965
f 1312 1394 1965
f 1394 1273 833
f 1394 1087 1273
f 467 231 635
f 995 231 467
f 231 832 1400
f 635 231 1400
f 1336 467 635
f 1336 1105 467
f 1105 1336 1660
f 1660 1336 1400
f 1336 635 1400
f 1421 1221 655
f 1577 1421 655
f 1221 1421 1659
f 957 1265 1854
f 957 1577 1265
f 957 1421 1577
f 957 1854 1659
f 1421 957 1659
f 62 48 1042
f 336 62 1042
f 336 1221 390
f 1221 336 655
f 336 47 655
f 185 634 1974
f 783 634 1791
f 634 783 934
f 501 1768 1187
f 1768 501 1009
f 1669 1004 88
f 1261 1669 88
f 1004 1669 1657
f 1669 1261 1657
f 1976 1289 699
f 1447 1976 699
f 1289 1976 88
f 1976 1447 88
f 1032 1447 699
f 1032 299 800
f 1607 1032 800
f 932 1032 699
f 299 1032 932
f 704 1635 99
f 1635 1127 99
f 1127 1635 1087
f 1087 1635 1273
f 1635 704 5
f 1273 1635 5
f 1253 1127 1087
f 1253 1312 1674
f 1253 1087 1312
f 1127 1253 764
f 1324 1253 1674
f 1253 1324 764
f 178 1156 76
f 20 1633 630
f 1633 915 630
f 915 1633 608
f 1633 20 89
f 1633 1289 608
f 1289 1633 89
f 1793 962 1657
f 962 340 1657
f 962 1793 142
f 340 962 142
f 675 992 831
f 431 675 445
f 675 831 445
f 788 675 431
f 205 675 788
f 1276 1192 1893
f 774 1276 1893
f 1276 774 549
f 512 1276 549
f 1276 1056 1192
f 1276 512 1056
f 512 155 1201
f 419 155 558
f 155 419 1948
f 21 155 1948
f 155 21 1201
f 435 1399 1550
f 355 435 1550
f 435 1849 1399
f 662 397 1239
f 397 519 1239
f 519 397 847
f 847 886 1690
f 886 289 1690
f 886 847 1040
f 289 1809 1690
f 1809 222 36
f 222 1809 1533
f 1809 1769 1266
f 1533 1809 1266
f 531 864 210
f 531 1102 864
f 531 1080 1102
f 335 662 1239
f 335 574 662
f 1472 292 679
f 292 168 1832
f 864 184 679
f 184 1472 679
f 1472 184 864
f 1945 864 1519
f 1945 1472 864
f 574 1945 1519
f 1739 625 146
f 625 1739 1285
f 625 433 146
f 433 625 758
f 625 1077 758
f 1077 625 1285
f 481 592 1283
f 481 1739 592
f 481 1283 1185
f 1739 481 137
f 481 1386 137
f 481 1185 1386
f 641 929 1719
f 807 641 1719
f 929 641 877
f 641 90 877
f 641 807 90
f 1286 744 929
f 1286 618 1613
f 618 1286 877
f 1286 929 877
f 1193 865 243
f 1193 671 865
f 916 1193 243
f 1302 359 865
f 359 1302 801
f 359 98 1291
f 98 359 801
f 80 169 969
f 80 969 1501
f 80 1947 1771
f 1947 80 1501
f 613 80 1771
f 1428 222 1443
f 7 1428 534
f 1428 7 222
f 944 1758 693
f 1428 1758 534
f 1949 124 1188
f 1448 124 1949
f 124 1046 1188
f 1512 124 1064
f 124 1512 1046
f 1857 859 297
f 1857 896 1971
f 368 1857 1971
f 859 1857 1763
f 1857 368 1763
f 457 1940 1862
f 1448 1940 457
f 1862 1940 297
f 1940 1857 297
f 1940 1448 896
f 1857 1940 896
f 1025 650 1713
f 650 1025 1381
f 1907 1282 96
f 1282 298 96
f 789 1512 777
f 789 777 43
f 479 789 43
f 1512 789 1046
f 789 1297 1046
f 789 479 1297
f 277 482 1064
f 124 277 1064
f 277 457 717
f 482 277 717
f 277 1448 457
f 277 124 1448
f 352 98 772
f 98 352 1613
f 1286 352 1214
f 352 1286 1613
f 346 54 717
f 1449 78 371
f 78 1449 1771
f 1449 1389 1281
f 1449 613 1771
f 613 1449 1281
f 1823 87 996
f 744 1231 1026
f 1231 816 1026
f 1231 1942 816
f 1215 1153 537
f 1215 1563 1153
f 1746 298 33
f 298 1746 1709
f 1563 1746 1606
f 1746 1215 1709
f 1215 1746 1563
f 851 1746 33
f 1746 851 1606
f 93 1824 1153
f 1563 93 1153
f 93 1563 1606
f 1824 93 898
f 739 1342 940
f 1738 1342 739
f 1085 1215 537
f 1215 1085 1327
f 1085 1382 1738
f 1327 1085 739
f 1085 1738 739
f 714 569 356
f 569 202 356
f 569 714 976
f 1997 1489 648
f 1997 648 1571
f 138 1997 1571
f 855 1325 832
f 855 138 1325
f 1997 855 1974
f 855 1997 138
f 135 879 399
f 824 879 469
f 879 824 399
f 239 135 1751
f 239 879 135
f 964 1768 1605
f 799 796 1608
f 663 796 799
f 145 1267 1072
f 145 141 1267
f 141 1335 1267
f 948 1335 141
f 1335 948 1011
f 1267 1335 521
f 1335 1956 521
f 1335 1011 1956
f 1831 948 141
f 1831 1691 948
f 692 498 895
f 498 692 542
f 498 1466 808
f 1608 1977 801
f 873 1485 566
f 1485 873 1051
f 1051 975 14
f 385 1799 772
f 1799 692 772
f 692 1799 542
f 724 1172 1696
f 1172 692 1696
f 692 1172 772
f 1172 352 772
f 1172 724 1214
f 352 1172 1214
f 759 1877 1374
f 1877 759 1482
f 1877 576 1374
f 576 1877 1219
f 1877 156 1219
f 156 1877 1482
f 1800 1015 1072
f 1015 1800 759
f 1938 1660 1400
f 1938 470 1660
f 832 738 1400
f 738 1938 1400
f 1938 738 470
f 738 1325 140
f 1325 738 832
f 1740 738 140
f 665 1766 1427
f 665 497 1766
f 14 1969 1582
f 1969 830 1582
f 956 928 12
f 1740 956 12
f 928 956 39
f 1777 1766 1582
f 830 1777 1582
f 1766 1777 1427
f 1777 1969 1427
f 1969 1777 830
f 1768 716 1187
f 1489 716 1768
f 185 1936 995
f 231 1936 832
f 1936 231 995
f 1936 855 832
f 1936 185 1974
f 855 1936 1974
f 47 1384 1619
f 1384 1106 485
f 1619 1384 485
f 1106 1384 1791
f 1570 1695 1795
f 1570 304 1695
f 196 687 1371
f 906 196 1371
f 906 921 1078
f 921 906 377
f 1980 377 1371
f 377 1980 1171
f 1092 835 1599
f 835 1092 1618
f 1273 1710 833
f 1710 393 833
f 393 1710 1496
f 1710 1830 1496
f 1710 1273 5
f 1830 1710 5
f 1695 1246 251
f 393 1246 1695
f 1246 393 1496
f 266 835 1618
f 1031 266 552
f 266 1031 333
f 835 266 1599
f 241 1093 328
f 1879 1431 1022
f 1153 1879 537
f 1824 1879 1153
f 241 1879 1022
f 1879 1824 898
f 537 1879 328
f 1879 241 328
f 869 1879 898
f 1879 869 1431
f 1883 901 1024
f 901 904 1024
f 904 280 32
f 32 280 954
f 280 1415 954
f 1639 958 866
f 958 1639 172
f 1639 1370 172
f 1321 260 255
f 958 260 866
f 260 958 255
f 1666 774 520
f 1541 1666 520
f 1666 1541 1122
f 774 1666 549
f 1666 1122 558
f 549 1666 558
f 1541 1951 1983
f 1951 607 114
f 1983 1951 114
f 607 1951 1987
f 1987 1951 748
f 1951 1541 748
f 1597 1334 419
f 1334 1597 1663
f 1334 216 419
f 1334 1663 216
f 1673 1754 1255
f 1754 1673 216
f 383 1673 1255
f 1673 383 216
f 1741 1754 607
f 1741 344 726
f 1754 1741 1255
f 1741 607 1987
f 344 1741 1987
f 263 1741 726
f 1741 263 1255
f 167 510 18
f 1687 510 186
f 510 1687 18
f 510 1681 186
f 510 1617 1681
f 1617 733 64
f 528 733 1041
f 64 733 528
f 733 167 1041
f 733 510 167
f 510 733 1617
f 1617 426 563
f 426 1617 64
f 426 1641 563
f 426 64 1641
f 674 1257 420
f 154 674 1280
f 674 1056 1280
f 1192 674 420
f 1056 674 1192
f 1257 256 1272
f 256 1167 1272
f 256 674 154
f 674 256 1257
f 256 933 680
f 933 256 154
f 1970 891 821
f 891 1257 821
f 1891 891 1970
f 891 1891 420
f 1257 891 420
f 1003 1549 1959
f 1003 343 1625
f 1549 1003 1625
f 1003 1959 1410
f 1288 1003 1871
f 343 1003 1288
f 1003 524 1871
f 524 1003 1410
f 1340 1275 428
f 908 1340 428
f 1275 1340 545
f 734 1103 428
f 1558 1103 734
f 1103 908 428
f 1546 1037 1602
f 1037 1952 1602
f 1037 1558 1952
f 1037 1546 1521
f 1306 1037 1139
f 1037 1521 1139
f 905 1546 1602
f 1392 920 1594
f 518 920 1392
f 920 518 539
f 1906 920 539
f 1594 920 1906
f 1708 1351 599
f 1351 1079 599
f 734 924 1099
f 309 436 1194
f 989 1069 1398
f 1069 1454 1398
f 1124 1545 414
f 1538 66 1527
f 1545 1717 414
f 1717 19 414
f 1717 664 19
f 337 109 225
f 109 149 225
f 149 109 1699
f 1699 109 765
f 109 337 765
f 1424 1539 985
f 1424 988 1539
f 1322 247 985
f 1539 1322 985
f 1322 396 391
f 247 1322 391
f 396 1322 75
f 1322 1539 75
f 1145 45 1678
f 45 1145 26
f 45 1591 1678
f 1133 313 193
f 1994 1142 543
f 1142 594 543
f 1142 804 594
f 1142 1994 193
f 313 1142 193
f 1142 313 804
f 1776 441 582
f 689 441 1776
f 1564 885 966
f 1564 966 639
f 423 1564 639
f 1564 423 1731
f 429 1564 1731
f 885 1564 429
f 1509 706 474
f 706 1509 372
f 706 1670 474
f 1670 706 372
f 1848 553 281
f 553 937 281
f 24 553 1252
f 553 1848 1252
f 1848 4 210
f 1425 4 1848
f 4 531 210
f 1662 1913 1471
f 133 1662 1471
f 1569 1551 67
f 1551 1569 923
f 233 1569 67
f 923 1569 1806
f 1806 1569 281
f 591 1551 923
f 421 591 1763
f 509 283 1498
f 1551 283 509
f 283 1982 1498
f 1982 283 1813
f 591 283 1551
f 1647 657 24
f 657 1647 746
f 1100 1647 24
f 168 1904 1832
f 1904 1320 1832
f 1904 168 1862
f 1904 1862 297
f 1320 1904 297
f 504 1252 679
f 504 1100 1252
f 292 504 679
f 504 292 1832
f 746 504 1832
f 1647 504 746
f 504 1647 1100
f 1233 348 1244
f 348 1102 1244
f 348 1675 1102
f 1675 348 1040
f 348 629 1040
f 416 787 1233
f 787 416 1224
f 787 348 1233
f 1067 1204 586
f 550 1067 586
f 980 187 79
f 187 404 79
f 187 1453 404
f 187 980 1126
f 1453 187 1126
f 486 1134 474
f 1670 486 474
f 486 1670 1209
f 364 1979 1134
f 323 1979 735
f 1134 1979 1086
f 735 1979 1907
f 1979 364 1907
f 1790 1798 1868
f 1798 1790 1307
f 1790 1868 10
f 1307 1790 10
f 951 1567 79
f 951 605 814
f 605 951 79
f 233 951 814
f 1567 951 233
f 509 213 67
f 1567 213 509
f 213 233 67
f 213 1567 233
f 1121 770 1490
f 1759 1844 845
f 1844 1759 1490
f 770 1844 1490
f 1341 1181 677
f 1514 1341 677
f 1341 1514 565
f 101 1702 1628
f 1702 1623 1628
f 472 1269 677
f 1269 1514 677
f 1269 472 365
f 1928 1269 365
f 1269 1928 1514
f 1030 1928 365
f 101 1030 1119
f 1030 101 1628
f 1928 1030 1628
f 1119 1378 1247
f 1247 1378 1684
f 1444 884 1508
f 1939 884 152
f 884 1444 1005
f 152 884 1005
f 1508 884 1477
f 165 276 1290
f 276 730 1290
f 730 1065 1584
f 1584 1065 1422
f 1065 293 1422
f 1065 471 293
f 471 1065 730
f 1344 857 1477
f 857 1344 200
f 1344 1939 200
f 884 1344 1477
f 1344 884 1939
f 1520 685 681
f 685 1520 1596
f 1520 681 164
f 1776 1520 164
f 1419 1227 1596
f 1520 1043 1596
f 1043 1776 582
f 1043 1520 1776
f 939 1407 1684
f 1378 939 1684
f 939 1378 460
f 1616 811 858
f 1887 809 826
f 1149 1887 826
f 1887 547 1725
f 1887 1149 547
f 1961 1063 245
f 1961 51 1618
f 51 1961 245
f 1473 1961 1618
f 449 1414 1503
f 306 1414 449
f 1503 1414 1028
f 1414 1225 1028
f 1494 108 1432
f 1494 20 630
f 20 1494 1432
f 211 822 1946
f 822 211 1912
f 822 1912 401
f 267 667 1773
f 667 267 1733
f 1259 667 1733
f 609 105 1716
f 1451 1819 1403
f 707 1896 1737
f 171 1896 1403
f 1834 1919 1146
f 1680 1382 1705
f 1382 1680 1738
f 1157 1058 823
f 1157 973 1058
f 1686 1329 943
f 1370 977 556
f 977 1639 1686
f 1639 977 1370
f 1462 1752 493
f 1736 1752 1462
f 1752 1736 1493
f 319 1531 150
f 332 319 150
f 1503 1774 476
f 1774 332 1114
f 1616 1774 1114
f 476 1774 1616
f 454 1915 1138
f 1445 454 1138
f 1941 752 401
f 752 1941 76
f 263 353 1255
f 353 1788 1255
f 745 353 263
f 899 1362 438
f 656 1361 725
f 1361 656 965
f 1149 199 725
f 199 656 725
f 1225 1023 826
f 1023 1225 853
f 182 1654 853
f 1654 1023 853
f 1271 943 1088
f 761 1271 1088
f 1637 1950 965
f 718 1579 116
f 1579 1543 116
f 11 1579 718
f 1579 11 1784
f 870 690 672
f 870 11 690
f 11 870 1784
f 819 1510 1309
f 1924 312 672
f 312 1958 672
f 181 1554 611
f 105 1554 1803
f 1554 105 611
f 1554 1368 1803
f 1554 181 1368
f 1743 729 382
f 1169 1743 382
f 1743 1169 1649
f 1646 945 1469
f 1646 893 945
f 1089 1626 1694
f 1626 1089 875
f 893 1626 875
f 871 610 794
f 794 610 1900
f 1402 610 871
f 1469 1402 475
f 610 1402 1469
f 1132 422 1886
f 422 1169 1886
f 422 1402 871
f 1169 422 1649
f 422 871 1649
f 514 1886 719
f 514 1132 1886
f 161 1176 424
f 1338 161 424
f 1132 317 475
f 1604 1338 191
f 317 1604 475
f 1364 1841 1368
f 678 1364 1368
f 1364 902 1841
f 902 1364 678
f 1712 127 225
f 127 1712 1174
f 127 337 225
f 337 127 1124
f 127 436 1124
f 436 127 1174
f 1566 632 843
f 1712 632 1566
f 265 1748 1061
f 278 1223 117
f 1223 278 727
f 683 1013 753
f 683 775 727
f 775 683 753
f 695 1375 878
f 773 1375 695
f 1375 849 878
f 1375 1317 250
f 849 1375 250
f 1375 1232 1317
f 1375 773 1232
f 1268 1189 27
f 1897 1189 1268
f 1189 1897 1820
f 1189 892 27
f 892 1189 1820
f 1195 1484 606
f 1484 1195 784
f 993 1195 606
f 784 1195 993
f 1053 781 1268
f 1053 1268 27
f 1486 1053 27
f 1053 1486 544
f 781 1323 496
f 1293 1323 1054
f 496 1323 483
f 1343 1323 1293
f 1323 1343 483
f 1882 1376 1416
f 1882 1343 1376
f 1343 1882 483
f 1524 1882 1416
f 1882 1524 483
f 252 695 878
f 252 1996 695
f 849 2 878
f 2 252 878
f 1346 867 41
f 867 1229 41
f 1229 867 849
f 867 2 849
f 1205 1991 673
f 1991 1205 1229
f 1205 673 754
f 1591 1205 754
f 1229 1205 41
f 1205 1591 249
f 370 1205 249
f 1205 1346 41
f 1205 370 1346
f 295 1417 697
f 1991 1417 295
f 1417 250 697
f 1417 849 250
f 1417 1229 849
f 1417 1991 1229
f 1875 370 86
f 1875 763 740
f 1875 86 763
f 1850 1811 1580
f 71 1811 767
f 1580 1811 71
f 1811 646 767
f 1811 1850 646
f 1689 409 128
f 1829 1339 1290
f 409 1829 1290
f 1411 2000 103
f 58 2000 1411
f 605 2000 814
f 2000 58 814
f 1 366 50
f 1140 366 1861
f 366 1 1861
f 894 1847 103
f 894 1829 409
f 1847 894 1112
f 381 1052 133
f 1052 1662 133
f 1662 1052 1913
f 1052 1425 1861
f 1066 813 1913
f 1066 1 813
f 1 1066 1861
f 1066 1052 1861
f 1052 1066 1913
f 593 35 321
f 35 1160 321
f 35 593 1161
f 1160 35 554
f 974 846 1700
f 974 622 128
f 622 974 1700
f 846 974 868
f 868 974 1290
f 974 128 1290
f 881 1095 1409
f 881 1869 1095
f 1248 881 1409
f 1764 881 1248
f 1869 881 1954
f 881 1764 1954
f 224 1631 1248
f 1631 1764 1248
f 1631 224 408
f 1631 408 554
f 1695 1572 1795
f 1572 1270 1795
f 1270 1572 1186
f 1723 334 430
f 1084 1723 430
f 1355 793 1186
f 687 1355 251
f 1988 793 1078
f 1988 48 62
f 212 1852 1502
f 1324 1852 212
f 1502 1852 1674
f 1852 1324 1674
f 921 982 1078
f 982 921 377
f 48 631 1042
f 631 982 1217
f 805 336 1042
f 336 805 47
f 1384 805 1791
f 805 1384 47
f 1487 185 1106
f 1487 634 185
f 1487 1106 1791
f 634 1487 1791
f 869 712 377
f 712 982 377
f 982 712 1442
f 1009 1724 976
f 501 1724 1009
f 617 1032 1607
f 1032 617 1447
f 1261 617 1607
f 617 1261 88
f 1447 617 88
f 1035 1004 1138
f 1915 1035 1138
f 1035 1156 178
f 1004 1035 88
f 1035 178 88
f 992 533 596
f 675 533 992
f 1226 533 459
f 596 533 1226
f 533 205 459
f 533 675 205
f 1396 512 549
f 1396 155 512
f 1396 549 558
f 155 1396 558
f 926 435 355
f 435 926 1849
f 1849 926 445
f 926 431 445
f 926 355 431
f 847 1755 1040
f 397 1755 847
f 1755 397 662
f 1755 1675 1040
f 1675 1755 662
f 886 1548 289
f 1548 1525 289
f 1548 886 1040
f 629 1548 1040
f 1548 629 758
f 1525 1548 758
f 1492 7 1690
f 1809 1492 1690
f 7 1492 36
f 1492 1809 36
f 574 1867 1251
f 335 1867 574
f 684 1867 1239
f 1867 335 1239
f 292 173 168
f 173 292 1472
f 173 1589 168
f 70 1525 758
f 1077 70 758
f 70 1077 1137
f 1077 1711 1137
f 1711 1993 137
f 1711 1285 1993
f 1711 1077 1285
f 1769 1711 137
f 671 771 507
f 1193 771 671
f 771 1193 916
f 507 771 1266
f 771 916 1266
f 1967 359 1291
f 359 1967 865
f 751 1967 1291
f 865 1967 751
f 1758 219 693
f 219 1758 169
f 219 80 693
f 80 219 169
f 1758 1200 169
f 1622 1200 1533
f 169 1200 1622
f 1200 1758 1428
f 1533 1200 1443
f 1200 1428 1443
f 1758 418 534
f 418 1758 944
f 534 418 613
f 418 944 693
f 418 80 613
f 80 418 693
f 473 1210 1381
f 1025 473 1381
f 473 1025 1713
f 883 654 757
f 356 883 757
f 1210 829 379
f 91 546 1907
f 546 1282 1907
f 425 684 1389
f 346 425 1389
f 1278 455 371
f 455 1449 371
f 455 1278 54
f 346 455 54
f 455 346 1389
f 1449 455 1389
f 996 1706 1751
f 87 1706 996
f 1706 239 1751
f 1110 1706 1214
f 1706 87 1214
f 621 87 1823
f 87 621 1214
f 1231 1816 1942
f 1816 1823 1985
f 1816 621 1823
f 621 1816 1231
f 1942 1816 1347
f 1816 1985 1347
f 1750 839 1709
f 1215 1750 1709
f 839 1750 1327
f 1750 1215 1327
f 1925 74 940
f 1342 1925 940
f 735 1925 1418
f 74 1925 735
f 223 1085 537
f 1085 223 1382
f 223 537 69
f 1382 223 69
f 202 1373 356
f 1373 883 356
f 883 1373 1614
f 1872 883 1614
f 93 1481 898
f 1481 1583 898
f 1481 1872 1614
f 1481 93 1606
f 851 1481 1606
f 1872 1481 851
f 879 1073 469
f 1884 1110 53
f 1884 53 895
f 1934 1884 895
f 1110 1884 1242
f 1884 1934 1242
f 964 1908 824
f 1908 964 1605
f 356 1908 1605
f 44 1908 356
f 1489 1429 648
f 648 1429 1571
f 953 1831 1094
f 1831 953 1691
f 46 796 663
f 46 663 1488
f 1352 46 1488
f 576 1682 1374
f 1682 576 388
f 3 46 1352
f 46 3 796
f 640 873 566
f 1466 640 566
f 498 640 1466
f 640 498 542
f 975 1333 14
f 576 1333 388
f 1333 1219 14
f 1333 576 1219
f 536 1682 388
f 536 1831 141
f 145 536 141
f 1682 536 145
f 640 1406 873
f 1406 952 873
f 84 1015 759
f 84 1682 145
f 84 145 1072
f 1015 84 1072
f 84 759 1374
f 1682 84 1374
f 470 633 12
f 738 633 470
f 633 1740 12
f 633 738 1740
f 144 1740 140
f 1325 144 140
f 327 1969 14
f 1219 327 14
f 1636 327 1219
f 634 480 1974
f 480 716 1489
f 480 1997 1974
f 1997 480 1489
f 244 1570 1795
f 1570 244 304
f 701 244 1795
f 304 244 701
f 614 196 906
f 614 906 1078
f 196 614 687
f 1955 1313 333
f 1955 1830 5
f 562 1923 1318
f 1923 1031 1318
f 1144 562 1318
f 1031 1144 1318
f 562 1144 1371
f 1144 1031 552
f 919 1431 1171
f 1980 919 1171
f 1431 919 1022
f 919 1980 1022
f 1246 624 251
f 624 562 251
f 266 900 1599
f 900 266 333
f 1313 900 333
f 266 1234 552
f 1234 266 1618
f 51 1234 1618
f 1765 1093 241
f 1765 241 1022
f 1980 1765 1022
f 1093 1765 552
f 228 1883 1851
f 228 901 1883
f 645 228 1851
f 904 180 197
f 901 180 904
f 180 645 197
f 180 228 645
f 228 180 901
f 927 218 1415
f 280 927 1415
f 218 927 197
f 927 904 197
f 927 280 904
f 402 1639 866
f 1639 402 1686
f 402 1329 1686
f 1531 402 866
f 1329 402 1531
f 522 1455 1259
f 1455 522 1588
f 105 1455 611
f 1455 609 61
f 609 1455 105
f 330 1455 1588
f 611 1455 330
f 150 106 1114
f 106 1177 1114
f 237 256 680
f 256 237 1167
f 237 680 118
f 1610 237 118
f 1167 237 1610
f 59 159 1306
f 585 1340 908
f 1103 585 908
f 585 1103 1558
f 1037 585 1558
f 1390 412 1602
f 412 905 1602
f 1021 1708 897
f 1021 1351 1708
f 1079 1842 734
f 1842 924 734
f 1202 309 1194
f 1202 844 1780
f 1202 1194 844
f 1398 1202 1780
f 1454 1202 1398
f 309 1202 1454
f 686 309 1454
f 309 686 436
f 436 686 1124
f 686 1545 1124
f 66 1479 326
f 1538 1479 66
f 203 1717 1545
f 203 686 1454
f 686 203 1545
f 1069 203 1454
f 49 1794 1732
f 49 1732 326
f 1479 49 326
f 1460 989 856
f 49 1460 1794
f 1460 49 411
f 1957 1460 856
f 1794 1460 1957
f 1586 1842 1079
f 1842 1586 924
f 1141 664 1717
f 468 1424 985
f 468 247 464
f 247 468 985
f 1401 988 1424
f 567 1538 1527
f 1538 567 1474
f 1430 1133 1314
f 45 1430 1591
f 249 1430 1314
f 1591 1430 249
f 580 441 689
f 580 689 1587
f 857 580 1587
f 441 852 582
f 1180 852 101
f 1292 553 24
f 553 1292 937
f 1292 24 1806
f 937 1292 1806
f 1052 367 1425
f 367 1052 381
f 367 381 1233
f 4 367 1233
f 531 817 1080
f 4 817 531
f 817 4 1233
f 817 1233 1244
f 1102 817 1244
f 1080 817 1102
f 591 978 1763
f 978 591 923
f 978 24 1763
f 24 978 1806
f 978 923 1806
f 398 591 421
f 1813 398 1992
f 398 421 1992
f 283 398 1813
f 398 283 591
f 1208 787 1224
f 787 1208 1433
f 1433 1208 146
f 1208 589 146
f 589 1208 1224
f 92 787 1433
f 787 92 348
f 92 1433 433
f 629 92 433
f 348 92 629
f 192 550 658
f 192 1067 550
f 1067 192 1204
f 192 345 1204
f 192 658 279
f 345 192 279
f 1434 1020 1134
f 486 1434 1134
f 1020 1434 601
f 601 1434 1209
f 1434 486 1209
f 935 195 1086
f 1979 935 1086
f 935 1979 323
f 40 1798 195
f 935 40 195
f 40 935 323
f 721 1363 963
f 721 713 1363
f 721 548 466
f 548 721 963
f 1868 721 466
f 713 721 1868
f 417 1490 1962
f 417 1121 1490
f 417 1962 523
f 1151 841 770
f 1121 1151 770
f 841 1151 1855
f 1151 446 1855
f 1151 1121 742
f 1439 1366 160
f 1439 160 174
f 550 1439 174
f 1439 550 586
f 1844 570 845
f 845 570 1645
f 570 1621 1645
f 1621 570 770
f 570 1844 770
f 755 1767 1648
f 1181 1767 755
f 1623 577 565
f 577 1532 565
f 282 1030 365
f 446 282 1855
f 282 472 1855
f 472 282 365
f 1388 276 1191
f 276 1388 730
f 471 1388 1191
f 1388 471 730
f 1860 798 1191
f 276 1860 1191
f 1860 165 798
f 1860 276 165
f 1642 1419 1596
f 1419 1642 175
f 1642 1001 175
f 1642 68 1001
f 1642 1180 68
f 1227 1785 324
f 1419 1785 1227
f 1785 175 1528
f 1785 1419 175
f 615 267 1146
f 1540 615 1277
f 615 257 267
f 1298 811 1616
f 811 1298 1083
f 1298 1616 1114
f 1177 1298 1114
f 1254 505 1473
f 505 1961 1473
f 505 811 1540
f 505 1254 858
f 811 505 858
f 1063 1412 1705
f 1756 1313 1393
f 1756 1393 240
f 341 1756 240
f 1513 15 341
f 15 1756 341
f 1756 15 756
f 15 1692 756
f 737 1494 630
f 1494 737 108
f 915 737 630
f 737 915 696
f 1941 737 696
f 737 1941 1377
f 108 737 1377
f 653 1451 1716
f 653 1819 1451
f 1369 653 1716
f 1644 653 1369
f 564 296 963
f 564 1644 296
f 564 653 1644
f 653 564 1819
f 171 1300 1363
f 564 1300 1819
f 1819 1300 1403
f 1300 171 1403
f 1363 1300 963
f 1300 564 963
f 1932 1919 1834
f 1932 707 1154
f 707 1932 1896
f 1932 1834 1773
f 1896 1932 1773
f 1975 1680 1986
f 1975 1932 1154
f 1919 1975 1986
f 1932 1975 1919
f 973 588 1423
f 1157 588 973
f 588 823 1423
f 588 1157 823
f 1752 25 761
f 1271 25 556
f 25 1271 761
f 25 1752 1493
f 25 1370 556
f 1370 25 1493
f 1926 761 965
f 461 1676 636
f 1752 670 493
f 670 1058 493
f 670 643 1058
f 547 1828 1725
f 1828 319 1725
f 1828 1329 1531
f 319 1828 1531
f 1212 319 332
f 1212 1887 1725
f 319 1212 1725
f 1890 1523 142
f 1445 1523 1890
f 1523 340 142
f 340 1523 1138
f 1523 1445 1138
f 1544 1445 1890
f 1465 182 853
f 779 743 1000
f 986 353 532
f 899 986 532
f 818 745 636
f 818 353 745
f 818 1256 1426
f 151 1654 182
f 1630 1190 182
f 1372 199 1149
f 199 1372 85
f 1654 1372 1023
f 151 1372 1654
f 199 157 656
f 157 199 85
f 157 1120 112
f 1120 157 85
f 1271 1812 943
f 1812 1686 943
f 1812 977 1686
f 977 1812 556
f 1812 1271 556
f 1950 584 636
f 584 818 636
f 818 584 1256
f 1279 1637 112
f 1279 1950 1637
f 572 1775 116
f 572 142 1775
f 572 1890 142
f 134 1579 1784
f 1579 134 1543
f 1929 1730 1543
f 1034 899 1426
f 1510 495 1309
f 495 1510 1097
f 1534 1743 1649
f 1743 1534 729
f 1534 1359 688
f 1534 490 1359
f 1534 871 490
f 871 1534 1649
f 1534 688 1826
f 729 1534 1826
f 1646 797 893
f 797 1626 893
f 797 1646 843
f 129 1469 1203
f 129 610 1469
f 893 129 1203
f 610 129 1900
f 129 875 1900
f 129 893 875
f 100 1132 475
f 100 422 1132
f 1402 100 475
f 422 100 1402
f 514 288 1132
f 288 514 719
f 288 719 1866
f 1176 288 1866
f 903 161 1338
f 161 903 1176
f 903 288 1176
f 288 903 1132
f 1566 1016 191
f 1016 1604 191
f 1016 1566 843
f 1646 1016 843
f 1016 1646 1469
f 1016 1469 475
f 1604 1016 475
f 338 265 55
f 338 1748 265
f 1888 338 55
f 338 1888 1222
f 1748 338 1694
f 338 1104 1694
f 1104 338 1222
f 1013 1555 795
f 683 1555 1013
f 1555 117 795
f 278 325 727
f 325 683 727
f 325 1555 683
f 325 278 117
f 1555 325 117
f 736 1053 544
f 1053 736 781
f 736 544 380
f 867 1218 2
f 252 1218 1996
f 2 1218 252
f 1365 1875 740
f 1875 1365 370
f 1792 1365 740
f 1365 1792 1346
f 370 1365 1346
f 1689 189 1112
f 1112 189 1653
f 1569 660 281
f 660 1569 233
f 284 894 103
f 894 284 1829
f 1829 284 1339
f 284 1937 1339
f 2000 284 103
f 1937 284 2000
f 1689 347 409
f 347 894 409
f 347 1689 1112
f 894 347 1112
f 130 848 272
f 848 1161 272
f 177 1695 251
f 177 1572 1695
f 1355 177 251
f 1572 177 1186
f 177 1355 1186
f 955 357 390
f 955 1221 334
f 1221 955 390
f 357 1452 390
f 1723 136 334
f 136 955 334
f 955 136 1960
f 982 863 1217
f 863 982 1442
f 863 1724 1217
f 1988 1651 48
f 1651 631 48
f 1651 1988 1078
f 982 1651 1078
f 631 1651 982
f 1442 1461 1703
f 712 1461 1442
f 1461 712 869
f 1461 1170 1703
f 1170 1461 1583
f 1461 869 898
f 1583 1461 898
f 517 569 976
f 1724 517 976
f 1910 1724 501
f 1910 501 934
f 1724 1910 1217
f 631 1910 1042
f 1910 631 1217
f 837 732 1769
f 1809 837 1769
f 1525 322 289
f 732 322 1525
f 837 322 732
f 322 1809 289
f 322 837 1809
f 439 1714 1251
f 1867 439 1251
f 439 1867 684
f 425 439 684
f 439 425 346
f 1714 439 717
f 439 346 717
f 1367 574 1251
f 1367 1945 574
f 173 999 1589
f 1589 999 717
f 999 1714 717
f 1367 999 173
f 1714 999 1251
f 999 1367 1251
f 720 732 1525
f 70 720 1525
f 720 70 1137
f 732 720 1769
f 720 1711 1769
f 1711 720 1137
f 654 1853 917
f 883 1853 654
f 1853 301 413
f 829 125 379
f 72 125 301
f 125 546 379
f 546 125 1282
f 1889 91 379
f 546 1889 379
f 1889 546 91
f 1517 1706 1110
f 1706 1517 239
f 1517 1110 1242
f 239 1517 1242
f 621 190 1214
f 190 621 1231
f 190 1286 1214
f 1286 190 744
f 190 1231 744
f 1373 1547 1614
f 1481 1547 1583
f 1547 1481 1614
f 239 73 879
f 73 1073 879
f 73 239 1242
f 1073 1529 469
f 1908 1459 824
f 1459 1332 399
f 824 1459 399
f 1459 44 1332
f 1459 1908 44
f 1039 964 824
f 1350 387 497
f 1766 387 1395
f 497 387 1766
f 387 65 1395
f 387 1350 65
f 1429 234 1571
f 234 138 1571
f 138 234 1325
f 234 144 1325
f 665 234 497
f 144 234 665
f 731 3 1352
f 953 500 1691
f 500 953 1352
f 1691 500 1488
f 500 1352 1488
f 796 649 1608
f 3 649 796
f 649 1977 1608
f 1747 640 542
f 1747 1406 640
f 1799 1747 542
f 1747 1799 385
f 1296 975 1051
f 873 1296 1051
f 952 1296 873
f 1196 952 1406
f 731 1196 3
f 952 1196 1094
f 1196 731 1094
f 1522 990 956
f 956 990 39
f 39 990 452
f 990 1636 452
f 1969 1612 1427
f 1522 1612 1969
f 1612 665 1427
f 1612 144 665
f 557 480 634
f 557 634 934
f 716 557 1187
f 480 557 716
f 557 501 1187
f 501 557 934
f 1355 1383 793
f 793 1383 1078
f 1383 614 1078
f 1383 1355 687
f 614 1383 687
f 638 1955 333
f 1955 638 1830
f 1031 638 333
f 1830 638 1496
f 1313 825 1655
f 1955 825 1313
f 825 1955 5
f 286 825 5
f 825 286 1655
f 889 1017 562
f 1017 1923 562
f 1017 1246 1496
f 1246 1017 889
f 1632 1980 1371
f 1144 1632 1371
f 1632 1765 1980
f 1632 1144 552
f 1765 1632 552
f 1050 1246 889
f 1050 624 1246
f 1050 889 562
f 624 1050 562
f 1692 691 756
f 691 1092 1599
f 1835 1093 552
f 1835 1499 328
f 1093 1835 328
f 1353 260 1321
f 1060 522 1259
f 1060 1259 1733
f 1148 1060 1733
f 261 950 1840
f 261 1321 950
f 261 1353 1321
f 1353 261 1148
f 1735 667 1259
f 1455 1735 1259
f 1735 1455 61
f 1560 1037 1306
f 159 1560 1306
f 1966 585 1037
f 1560 1966 1037
f 1966 1560 159
f 1966 159 59
f 1966 59 545
f 1340 1966 545
f 585 1966 1340
f 412 1858 905
f 1858 1401 1424
f 1858 412 1390
f 880 1858 1390
f 102 880 1390
f 102 1390 1099
f 924 102 1099
f 749 1538 1474
f 749 1479 1538
f 49 749 411
f 749 49 1479
f 1586 912 924
f 912 102 924
f 102 912 880
f 1491 1141 988
f 1491 1401 1821
f 1401 1491 988
f 1141 1664 988
f 1664 1141 1717
f 1664 1069 1474
f 1664 203 1069
f 203 1664 1717
f 861 313 1133
f 313 861 804
f 1018 4 1425
f 367 1018 1425
f 1018 367 4
f 713 395 1363
f 395 194 1363
f 511 171 1363
f 194 511 1363
f 171 511 1896
f 1896 511 1737
f 511 194 1737
f 1121 551 742
f 417 551 1121
f 551 1366 742
f 551 417 523
f 160 551 523
f 1366 551 160
f 1366 384 742
f 384 1151 742
f 1151 384 446
f 971 1767 1181
f 1767 971 1532
f 1341 971 1181
f 971 1341 565
f 1532 971 565
f 1284 577 1623
f 1702 1284 1623
f 1284 1702 101
f 852 1284 101
f 1939 909 200
f 580 909 441
f 909 857 200
f 909 580 857
f 577 1109 1532
f 1284 1109 577
f 1109 852 441
f 1109 1284 852
f 1043 914 1596
f 914 1642 1596
f 1535 1785 1528
f 1785 1535 324
f 294 1535 1528
f 324 1535 294
f 615 198 1277
f 1919 198 1146
f 198 615 1146
f 560 811 1083
f 1652 560 1083
f 560 1652 257
f 1298 1782 1083
f 1782 1298 1177
f 1782 1652 1083
f 1652 1782 1177
f 505 318 1961
f 318 1540 1277
f 318 505 1540
f 318 1919 1986
f 1412 318 1986
f 198 318 1277
f 318 198 1919
f 1961 318 1063
f 318 1412 1063
f 1680 258 1986
f 258 1412 1986
f 258 1680 1705
f 1412 258 1705
f 1152 900 1313
f 1756 1152 1313
f 1152 1756 756
f 691 1152 756
f 619 1513 121
f 619 15 1513
f 1473 619 121
f 619 1692 15
f 206 1342 1738
f 206 1925 1342
f 1950 1742 965
f 1742 1926 965
f 1742 1950 636
f 1676 1742 636
f 1742 1676 254
f 81 461 643
f 81 1676 461
f 1676 81 254
f 670 81 643
f 81 670 254
f 1329 820 943
f 1828 820 1329
f 943 820 1088
f 820 1828 547
f 820 547 725
f 820 1361 1088
f 1361 820 725
f 1774 82 332
f 82 1212 332
f 1887 82 809
f 1212 82 1887
f 454 1895 1915
f 488 1895 454
f 1895 1035 1915
f 1035 1895 1156
f 1156 1895 76
f 235 454 1000
f 235 488 454
f 1963 779 1000
f 454 1963 1000
f 1802 454 1445
f 1544 1802 1445
f 1802 776 454
f 776 1802 1544
f 1225 113 853
f 113 1465 853
f 743 1562 1000
f 1562 235 1000
f 235 1562 488
f 752 107 401
f 1235 899 438
f 1235 986 899
f 1788 1235 438
f 353 1235 1788
f 986 1235 353
f 353 1576 532
f 818 1576 353
f 1576 818 1426
f 899 1576 1426
f 1576 899 532
f 1097 1814 590
f 376 38 1600
f 38 1120 1600
f 1190 806 182
f 806 151 182
f 151 806 1600
f 806 376 1600
f 998 806 1190
f 806 998 376
f 998 812 590
f 1515 1630 1159
f 1630 1515 1190
f 499 1372 1149
f 1372 499 1023
f 499 1149 826
f 1023 499 826
f 1372 1328 85
f 1328 1372 151
f 1328 151 1600
f 1120 1328 1600
f 1328 1120 85
f 1838 157 112
f 157 1838 656
f 1637 1838 112
f 1838 1637 965
f 656 1838 965
f 584 1516 1256
f 1516 584 1950
f 1544 158 1611
f 1730 158 1543
f 710 1505 1611
f 1505 1544 1611
f 1505 776 1544
f 248 1929 1543
f 134 248 1543
f 1316 1730 812
f 1510 1337 1097
f 1337 1814 1097
f 1814 1337 1034
f 312 682 1958
f 682 312 1924
f 812 626 590
f 626 1730 1929
f 1730 626 812
f 797 1475 1626
f 1626 1475 1694
f 1475 1748 1694
f 1748 1475 1061
f 632 427 843
f 427 797 843
f 427 1475 797
f 1475 427 1061
f 427 1712 1061
f 427 632 1712
f 1243 903 1338
f 1604 1243 1338
f 1243 1604 317
f 1243 317 1132
f 903 1243 1132
f 1878 1323 781
f 736 1878 781
f 1323 1878 1054
f 1878 380 1054
f 1878 736 380
f 925 867 1346
f 925 1218 867
f 1996 925 1346
f 1218 925 1996
f 214 1689 128
f 214 189 1689
f 214 128 1653
f 189 214 1653
f 58 535 814
f 660 535 58
f 535 233 814
f 535 660 233
f 660 1287 281
f 1287 922 281
f 922 1287 1140
f 1101 1937 2000
f 1101 605 1573
f 1101 2000 605
f 1101 1573 1578
f 1764 573 130
f 573 848 130
f 573 35 1161
f 848 573 1161
f 1989 1781 357
f 1781 1452 357
f 793 1781 1186
f 960 1989 1960
f 1270 960 369
f 960 1270 1186
f 1781 960 1186
f 960 1781 1989
f 516 955 1960
f 955 516 357
f 1989 516 1960
f 516 1989 357
f 1661 1988 62
f 1452 1661 390
f 1661 336 390
f 336 1661 62
f 1988 1360 793
f 1360 1781 793
f 1781 1360 1452
f 1661 1360 1988
f 1360 1661 1452
f 1638 1723 1084
f 1638 136 1723
f 1638 1084 132
f 369 1638 132
f 136 1638 1960
f 960 1638 369
f 1638 960 1960
f 1843 863 1442
f 863 1843 1724
f 1843 517 1724
f 1843 1442 1703
f 783 83 934
f 83 1910 934
f 1910 83 1042
f 83 805 1042
f 83 783 1791
f 805 83 1791
f 1497 173 1472
f 1497 1367 173
f 1945 1497 1472
f 1367 1497 1945
f 207 829 1210
f 1853 207 917
f 829 207 413
f 207 1853 413
f 917 207 1713
f 207 473 1713
f 1870 1872 851
f 1870 851 33
f 1872 1870 883
f 1870 1853 883
f 72 1870 33
f 1853 1870 301
f 1870 72 301
f 125 1245 1282
f 1245 125 72
f 301 1805 413
f 125 1805 301
f 1805 829 413
f 1805 125 829
f 967 1373 202
f 967 1547 1373
f 967 1170 1583
f 1547 967 1583
f 1073 782 1934
f 73 782 1073
f 1934 782 1242
f 782 73 1242
f 1529 1629 469
f 1629 1350 469
f 1350 1629 65
f 1995 1039 824
f 1039 1995 1350
f 1995 824 469
f 1350 1995 469
f 1581 1350 497
f 1581 1039 1350
f 964 1581 1768
f 953 302 1352
f 302 731 1352
f 302 953 1094
f 731 302 1094
f 1701 1747 385
f 1701 385 801
f 649 1357 1977
f 1333 1836 388
f 1836 1333 975
f 1196 1135 3
f 1135 1196 1406
f 1237 327 1636
f 990 1237 1636
f 327 1237 1969
f 1237 1522 1969
f 1237 990 1522
f 465 1612 1522
f 465 956 1740
f 465 1522 956
f 144 465 1740
f 1612 465 144
f 1017 1565 1923
f 1923 1565 1031
f 1565 638 1031
f 638 1565 1496
f 1565 1017 1496
f 1234 722 552
f 722 1835 552
f 722 1234 51
f 778 1353 1148
f 106 778 1177
f 1837 261 1840
f 1588 1837 1840
f 522 1837 1588
f 1060 1837 522
f 1345 1652 1733
f 1652 1345 257
f 267 1345 1733
f 257 1345 267
f 612 1735 61
f 1735 612 667
f 667 612 1773
f 612 1716 1773
f 612 609 1716
f 609 612 61
f 468 1385 1424
f 1385 1858 1424
f 1858 1385 905
f 1385 468 464
f 1546 1385 464
f 905 1385 1546
f 264 907 1821
f 907 1491 1821
f 1491 907 1141
f 1141 907 664
f 907 785 664
f 264 1450 880
f 1450 1858 880
f 1858 1450 1401
f 1401 1450 1821
f 1450 264 1821
f 637 749 1474
f 749 637 411
f 1069 637 1474
f 637 1069 989
f 1460 637 989
f 637 1460 411
f 1685 264 880
f 912 1685 880
f 1685 912 1586
f 1664 1931 988
f 988 1931 1539
f 567 1931 1474
f 1931 1664 1474
f 1539 1931 1527
f 1931 567 1527
f 1430 13 1133
f 13 861 1133
f 290 395 713
f 194 290 1737
f 395 290 194
f 1173 939 460
f 1173 384 939
f 384 17 939
f 17 1439 586
f 1439 17 1366
f 17 384 1366
f 939 17 1407
f 1029 17 586
f 1407 17 1029
f 918 282 446
f 384 918 446
f 1030 918 1119
f 282 918 1030
f 1173 918 384
f 918 1173 460
f 918 1378 1119
f 1378 918 460
f 1109 1984 1532
f 1767 1984 1648
f 1984 1767 1532
f 1984 909 1939
f 1984 755 1648
f 1984 1939 755
f 110 914 1043
f 110 852 1180
f 110 1043 582
f 852 110 582
f 1642 1262 1180
f 914 1262 1642
f 1262 110 1180
f 110 1262 914
f 285 560 257
f 285 615 1540
f 285 257 615
f 811 285 1540
f 560 285 811
f 659 691 1599
f 659 1152 691
f 900 659 1599
f 1152 659 900
f 1007 691 1692
f 619 1007 1692
f 1007 619 1473
f 691 1007 1092
f 1007 1473 1618
f 1092 1007 1618
f 1975 526 1680
f 526 1975 1154
f 206 1885 1925
f 1925 1885 1418
f 1885 323 1418
f 1926 1707 761
f 1742 1707 1926
f 1707 1742 254
f 670 1707 254
f 1707 1752 761
f 1707 670 1752
f 82 1507 809
f 1507 82 1774
f 1507 1774 1503
f 1507 1503 1028
f 809 1507 1028
f 1963 1198 779
f 1198 1465 779
f 1630 1198 1159
f 1465 1198 182
f 1198 1630 182
f 776 827 454
f 827 1963 454
f 1963 827 769
f 769 827 942
f 827 1505 942
f 1505 827 776
f 1863 743 779
f 1902 1895 488
f 1562 1902 488
f 1902 1562 752
f 1902 752 76
f 1895 1902 76
f 316 1562 743
f 107 316 743
f 1562 316 752
f 316 107 752
f 561 1814 1034
f 642 561 1426
f 561 1034 1426
f 38 561 642
f 561 38 376
f 491 1279 112
f 1120 491 112
f 38 491 1120
f 491 38 642
f 491 642 1256
f 1516 491 1256
f 998 9 376
f 9 561 376
f 561 9 1814
f 1814 9 590
f 9 998 590
f 1279 502 1950
f 502 1516 1950
f 491 502 1279
f 502 491 1516
f 1130 1544 1890
f 1130 158 1544
f 572 1130 1890
f 158 1130 1543
f 1543 1130 116
f 1130 572 116
f 158 991 1611
f 991 158 1730
f 1316 991 1730
f 991 710 1611
f 1505 947 942
f 947 1505 710
f 947 769 942
f 947 1963 769
f 947 710 1159
f 1198 947 1159
f 947 1198 1963
f 626 1038 590
f 1038 1097 590
f 1038 495 1097
f 876 1316 812
f 1331 1337 1510
f 1337 1331 1034
f 682 529 1958
f 1958 529 672
f 529 870 672
f 1304 626 1929
f 1304 1038 626
f 495 1804 1309
f 682 1804 495
f 1804 682 1924
f 1804 1924 600
f 1804 600 1948
f 95 366 1140
f 1287 95 1140
f 95 1847 50
f 366 95 50
f 815 660 58
f 815 1287 660
f 1847 815 1411
f 815 58 1411
f 95 815 1847
f 815 95 1287
f 1330 862 1578
f 862 1101 1578
f 1101 862 1937
f 1339 862 1330
f 1937 862 1339
f 1631 320 1764
f 320 573 1764
f 320 1631 554
f 35 320 554
f 573 320 35
f 694 1843 1703
f 1843 694 517
f 1170 694 1703
f 967 694 1170
f 694 967 202
f 569 694 202
f 517 694 569
f 750 207 1210
f 207 750 473
f 1282 930 298
f 1245 930 1282
f 298 143 33
f 143 72 33
f 143 1245 72
f 930 143 298
f 143 930 1245
f 30 1629 1529
f 30 1073 1934
f 30 1529 1073
f 30 1934 895
f 498 30 895
f 30 498 808
f 30 808 1395
f 234 603 497
f 603 1581 497
f 603 234 1429
f 1581 603 1768
f 603 1489 1768
f 603 1429 1489
f 1039 274 964
f 274 1581 964
f 1581 274 1039
f 1701 63 1747
f 1747 63 1406
f 63 1135 1406
f 1135 63 3
f 63 649 3
f 63 1357 649
f 1296 1668 975
f 1668 1836 975
f 1668 1296 952
f 722 515 1835
f 1063 515 245
f 515 51 245
f 515 722 51
f 1835 515 1499
f 1499 515 69
f 515 1063 69
f 389 778 1148
f 389 1148 1733
f 1652 389 1733
f 389 1652 1177
f 778 389 1177
f 97 778 106
f 260 97 866
f 1353 97 260
f 778 97 1353
f 97 106 150
f 97 1531 866
f 1531 97 150
f 494 1837 1060
f 1837 494 261
f 494 1060 1148
f 261 494 1148
f 997 131 149
f 149 131 897
f 131 1021 897
f 1772 149 1699
f 1772 997 149
f 785 1772 664
f 1685 1772 785
f 19 1772 1699
f 664 1772 19
f 1685 1953 264
f 1953 1685 785
f 1953 907 264
f 907 1953 785
f 1436 45 26
f 1436 1430 45
f 1436 13 1430
f 1436 329 448
f 329 1436 26
f 861 447 804
f 13 447 861
f 804 447 1211
f 1436 447 13
f 1211 447 448
f 447 1436 448
f 669 290 713
f 40 669 1798
f 1798 669 1868
f 669 713 1868
f 669 40 323
f 1885 669 323
f 290 669 1737
f 1984 874 909
f 874 1984 1109
f 909 874 441
f 874 1109 441
f 1526 707 1737
f 669 1526 1737
f 1526 669 1885
f 1465 1697 779
f 1697 1863 779
f 113 1697 1465
f 227 306 1946
f 227 1414 306
f 1863 1128 743
f 1128 107 743
f 822 1128 1946
f 1128 822 401
f 107 1128 401
f 1128 227 1946
f 227 1128 1863
f 571 998 1190
f 998 571 812
f 571 876 812
f 876 1601 1316
f 991 1601 710
f 1601 991 1316
f 571 1968 876
f 1899 1510 819
f 1899 1331 1510
f 1899 819 1362
f 899 1899 1362
f 1034 1899 899
f 1331 1899 1034
f 215 529 682
f 1348 682 495
f 1038 1348 495
f 1304 1348 1038
f 1348 215 682
f 215 1348 1304
f 268 819 1309
f 1804 268 1309
f 819 268 1948
f 268 1804 1948
f 473 941 1210
f 941 750 1210
f 750 941 473
f 1629 1408 65
f 30 1408 1629
f 65 1408 1395
f 1408 30 1395
f 63 1734 1357
f 1668 728 1836
f 728 952 1094
f 728 1668 952
f 1831 728 1094
f 536 728 1831
f 728 536 388
f 1836 728 388
f 1744 997 1351
f 1744 131 997
f 1021 1744 1351
f 131 1744 1021
f 361 1685 1586
f 361 1772 1685
f 1772 361 997
f 361 1586 1079
f 1351 361 1079
f 997 361 1351
f 394 1885 206
f 394 1526 1885
f 1526 242 707
f 242 1526 526
f 707 242 1154
f 242 526 1154
f 227 1220 1414
f 1414 1220 1225
f 1220 113 1225
f 269 1515 1159
f 1515 269 1190
f 269 571 1190
f 269 1968 571
f 790 1601 876
f 1968 790 876
f 1601 790 710
f 710 790 1159
f 790 269 1159
f 269 790 1968
f 248 8 1929
f 8 1304 1929
f 8 248 134
f 1113 8 134
f 870 217 1784
f 529 217 870
f 217 134 1784
f 217 1113 134
f 215 217 529
f 217 215 1113
f 111 215 1304
f 215 111 1113
f 8 111 1304
f 111 8 1113
f 1357 1478 1977
f 1734 1478 1357
f 1977 1478 801
f 1478 1701 801
f 1478 63 1701
f 1478 1734 63
f 394 1859 1526
f 526 1859 1680
f 1526 1859 526
f 1859 394 206
f 1680 1859 1738
f 1859 206 1738
f 1354 227 1863
f 1354 1220 227
f 1697 1354 1863
f 1354 1697 113
f 1220 1354 113
o Cracks
v 13.420745395033258 8.264971101168063 0.1
v 12.502760918101167 9.204879046517956 0.1
v 12.62838026628189 8.219486922910008 0.1
v 13.794431816428892 9.65393770842307 0.1
v 13.179023793091348 9.870096273553077 0.1
l 2001 2002 2003 2004 2005
v -14.329000419838588 -11.784753281722915 0.1
v -13.594479227755315 -11.743028208224581 0.1
v -13.124896467668124 -11.964429864855122 0.1
v -13.689834396928926 -12.493329202225741 0.1
v -14.021076761435047 -13.446897349334549 0.1
l 2006 2007 2008 2009 2010
v 11.292955307500588 4.839145869698896 0.1
v 12.85619869104542 6.474830394025124 0.1
v 11.696775837140946 6.335606441103857 0.1
v 12.85861906417173 6.429873705047042 0.1
v 11.93168781303914 5.9466560514982225 0.1
l 2011 2012 2013 2014 2015
v -13.212169856021731 10.4455633995663 0.1
v -13.450253768451326 10.159873317470737 0.1
v -13.929384881457203 9.572574779323036 0.1
v -13.576057189757933 9.31120369420414 0.1
v -13.351733983503554 9.636676687952544 0.1
l 2016 2017 2018 2019 2020
v -1.2565075879263843 -9.132571693695606 0.1
v -0.7293265639369324 -7.639742047974548 0.1
v -1.1520302097072785 -9.189628975519923 0.1
v -0.19349489046566037 -8.44484429809927 0.1
v -0.26779345415046407 -7.853562880025455 0.1
l 2021 2022 2023 2024 2025
v 0.533053792591629 -12.297323580074227 0.1
v 1.0199872043721843 -12.451016411332834 0.1
v -0.18973343863355674 -12.492838180477982 0.1
v 0.4461681897555867 -12.583887586729015 0.1
v -0.17932659282233465 -14.137348554254732 0.1
l 2026 2027 2028 2029 2030
v 12.276782485828637 9.789751295563114 0.1
v 12.048850690066082 9.668289481859947 0.1
v 13.491484149321785 9.307151785618817 0.1
v 13.3732526822852 9.716948495631502 0.1
v 13.769544086074898 9.862363100959424 0.1
l 2031 2032 2033 2034 2035
v -5.382471349256491 1.3492728078412604 0.1
v -5.289800954841365 1.9198132892396131 0.1
v -4.756467537598915 2.4516992745516872 0.1
v -4.760493906897794 2.9769481741964494 0.1
v -5.1917242929440395 2.9647310001651865 0.1
l 2036 2037 2038 2039 2040
v -3.6696350659032166 0.8091924516922462 0.1
v -2.260527372143762 1.3859725342138163 0.1
v -2.2325048961482716 2.4306567904427894 0.1
v -2.5051598691852117 1.6769446821388143 0.1
v -3.7988831534488217 1.774162637403567 0.1
l 2041 2042 2043 2044 2045
v -0.3939159134209764 3.184807666490852 0.1
v -0.35463515799760414 2.678903199798254 0.1
v 0.1319877981428874 3.3407362793922593 0.1
v -1.2189593132958314 2.3386596448308357 0.1
v -1.3959474685589275 2.844198936237278 0.1
l 2046 2047 2048 2049 2050
v -13.316221670722404 -3.523625102223959 0.1
v -14.221115665911197 -3.7149459995706113 0.1
v -14.12076600679188 -3.6058368398204843 0.1
v -13.488776288771682 -3.3753729384189137 0.1
v -13.009519302468293 -3.993434143189666 0.1
l 2051 2052 2053 2054 2055
v -10.280283151879923 -1.883114098045049 0.1
v -9.014695644931834 -2.0080146834291 0.1
v -9.995916854350051 -2.6241268699792215 0.1
v -10.204745189427644 -2.528598227911047 0.1
v -8.45677396528369 -1.480482492723366 0.1
l 2056 2057 2058 2059 2060
v -11.065678042774609 14.661073061702815 0.1
v -10.809712323055875 14.669257985359923 0.1
v -10.34247383117733 15.14899265173823 0.1
v -11.689102049896118 14.009897828189347 0.1
v -12.292117967662474 14.69394443931822 0.1
l 2061 2062 2063 2064 2065
v -14.952595183934504 -4.296832849303564 0.1
v -15.832935428762694 -2.416257782399949 0.1
v -14.782540506662086 -2.324622363710833 0.1
v -14.390680222124534 -4.177313356657054 0.1
v -14.397433456714195 -3.2554699883076417 0.1
l 2066 2067 2068 2069 2070
v 3.3530584093358837 -8.618738864855537 0.1
v 2.849433945228213 -8.933284252354603 0.1
v 3.2150171290122387 -8.275708962577445 0.1
v 2.880507618486641 -9.19568329290928 0.1
v 4.464314326811646 -8.57493502816315 0.1
l 2071 2072 2073 2074 2075
v -12.20684327818952 13.28775489567643 0.1
v -10.914535714363373 12.77529903688703 0.1
v -12.548435198549992 13.403654524515709 0.1
v -11.818788488047101 13.646613836543477 0.1
v -11.939553222967147 13.999742358096212 0.1
l 2076 2077 2078 2079 2080
v 14.329044407190526 10.164432748315349 0.1
v 13.862596469513957 9.67766268530333 0.1
v 14.336016784409233 8.6349790117108 0.1
v 14.753620626929981 9.469804455667024 0.1
v 14.154466815615022 8.767986100604485 0.1
l 2081 2082 2083 2084 2085
v -14.345183051258852 5.970346311527688 0.1
v -14.607876369472445 5.649080426997217 0.1
v -15.644254232808741 6.002014096176316 0.1
v -15.5171592363087 5.5080212091531955 0.1
v -15.136001548365504 6.19648068666424 0.1
l 2086 2087 2088 2089 2090
v 10.187433475229845 -8.345308358521782 0.1
v 9.448273087213044 -7.994236585456268 0.1
v 10.87212452578811 -9.524333597500965 0.1
v 9.641545967647332 -8.525209969339311 0.1
v 9.47719650683484 -8.497820656269726 0.1
l 2091 2092 2093 2094 2095
v -10.727631465521933 -12.062187883607374 0.1
v -11.371923026308899 -12.94676317288807 0.1
v -12.12720256396138 -11.621855253417625 0.1
v -11.727646146089006 -12.8409241859658 0.1
v -10.71879674193647 -12.87064326611021 0.1
l 2096 2097 2098 2099 2100
v -7.137886694193098 -2.933630242058196 0.1
v -6.441528791127204 -2.7552089033969187 0.1
v -6.647047944225509 -2.8155201265497154 0.1
v -6.959281121479246 -1.9270974763637059 0.1
v -7.512176097670352 -2.2381497174017912 0.1
l 2101 2102 2103 2104 2105
v -7.038355898159285 -5.87529116771543 0.1
v -7.506675126754086 -6.834393330674836 0.1
v -6.293937319985669 -5.363673561273338 0.1
v -6.494350067332071 -5.64041536807555 0.1
v -7.066432152489594 -5.320287687604782 0.1
l 2106 2107 2108 2109 2110
v 15.544093273547235 -3.687626653855159 0.1
v 14.450284831137912 -3.17130495820279 0.1
v 14.354590294510785 -3.8771413560093713 0.1
v 15.24262226157853 -3.009822615408616 0.1
v 14.317796759925757 -2.007845217750406 0.1
l 2111 2112 2113 2114 2115
v -1.4087585349424567 -7.360330780799537 0.1
v -1.788136031115444 -8.290382840597069 0.1
v -0.5820486662221729 -8.745552639449913 0.1
v -1.3595716844705719 -8.768714632402279 0.1
v -1.5119909089763035 -7.8839088691231005 0.1
l 2116 2117 2118 2119 2120
v 12.255415050240176 -10.467296043512741 0.1
v 12.418312337855422 -11.893463193653838 0.1
v 12.820961429724662 -10.605872473328812 0.1
v 11.480490075641796 -11.441163118464376 0.1
v 12.892370951365294 -10.770315849910949 0.1
l 2121 2122 2123 2124 2125
v 12.583479834457203 13.623595972308388 0.1
v 12.605421550932082 13.099010903680426 0.1
v 11.875285979330734 14.199312926512784 0.1
v 12.696519578726123 13.979599205388801 0.1
v 12.663731827405465 13.454042624284536 0.1
l 2126 2127 2128 2129 2130
v 10.325928215011537 10.0920117023297 0.1
v 10.761807258127458 10.63796935167434 0.1
v 10.238135903976687 9.040024783671 0.1
v 10.214530222833108 9.29189892312124 0.1
v 10.268620883508907 9.677882227551617 0.1
l 2131 2132 2133 2134 2135
v 8.340555083912047 6.238766924951372 0.1
v 8.041300662282046 6.360400428309626 0.1
v 7.98672176412612 6.591805122994747 0.1
v 7.739043018923706 5.798032093756509 0.1
v 8.12052519014079 6.8516840112831705 0.1
l 2136 2137 2138 2139 2140
v 1.9222178809021393 10.017289045286027 0.1
v 1.07366043665073 9.987751167731192 0.1
v 0.2613802397001448 9.31736344648802 0.1
v 0.864108822139334 10.129208097234036 0.1
v 1.0497495945750013 9.553339372085205 0.1
l 2141 2142 2143 2144 2145
v 2.929745946729959 -14.199263025556743 0.1
v 2.727099578385655 -15.371843240654139 0.1
v 2.1415234178700273 -15.878353914763602 0.1
v 2.0335401395328105 -15.683569746226006 0.1
v 2.2701577325675975 -13.96672032686872 0.1
l 2146 2147 2148 2149 2150
v -9.642860999158074 -12.289790639031517 0.1
v -9.751860768153906 -12.397874242276142 0.1
v -10.40767735811228 -13.05263618735986 0.1
v -8.875955067555285 -11.885868218084518 0.1
v -10.000779199471781 -12.70477730529094 0.1
l 2151 2152 2153 2154 2155
v -4.486542226533679 13.162167828256162 0.1
v -4.883471854833282 14.075269829930123 0.1
v -4.206371159796328 14.369804531017484 0.1
v -4.209518869896714 12.928787520261158 0.1
v -4.6558535429683445 12.850988928075962 0.1
l 2156 2157 2158 2159 2160
v 6.625249413465925 -3.582984258913859 0.1
v 7.255327972184364 -3.811549928360068 0.1
v 7.8361745666415334 -2.997219871960914 0.1
v 6.682022901959695 -4.114977019220503 0.1
v 7.126825391749013 -3.6418989551559875 0.1
l 2161 2162 2163 2164 2165
v 13.830412082943138 9.494665242848388 0.1
v 13.316475847252219 9.803877673669 0.1
v 14.873441696018926 8.957376022438902 0.1
v 14.65282513176477 8.98530973654046 0.1
v 13.066608813430218 9.193616674590631 0.1
l 2166 2167 2168 2169 2170
v -4.151838913496375 -10.977472072424446 0.1
v -4.050928496847492 -11.128974125849071 0.1
v -4.447898719476273 -9.3283586762076 0.1
v -4.19898035696203 -9.640177147502218 0.1
v -3.5817164438288227 -10.08416721403801 0.1
l 2171 2172 2173 2174 2175
v 0.5326190970065483 -11.363797307123997 0.1
v 0.8310969101324956 -11.850061984713093 0.1
v -0.5385901795894839 -11.72674636795501 0.1
v 0.01662610687839261 -11.151897355031902 0.1
v -0.15608782041721914 -10.684239569190387 0.1
l 2176 2177 2178 2179 2180
v -8.090511658320075 -4.945470682738332 0.1
v -8.12738066453479 -5.711742174875216 0.1
v -8.160458711376434 -5.343748952378969 0.1
v -8.133328843561735 -4.212744899921994 0.1
v -9.31166597925127 -5.029247366873918 0.1
l 2181 2182 2183 2184 2185
v 14.023960659469017 4.381592482594298 0.1
v 13.711717942191996 3.476450065006513 0.1
v 13.541910162305044 2.935255818330154 0.1
v 14.761763750491959 3.6487388217389154 0.1
v 13.452570938345087 4.289156191593193 0.1
l 2186 2187 2188 2189 2190
v 0.703483809078612 9.27118465613002 0.1
v 1.000253163735388 9.165469306492232 0.1
v 2.201367704493282 10.025356487410754 0.1
v 1.5856992440860576 9.22798398146217 0.1
v 2.4622067859835877 8.651216439064143 0.1
l 2191 2192 2193 2194 2195
v 8.265105589526376 13.005306048569468 0.1
v 9.098543595417604 13.303183346020676 0.1
v 7.402344175565409 13.484647373927503 0.1
v 8.24598932907834 12.823441723947226 0.1
v 7.392336367305899 12.007103563864824 0.1
l 2196 2197 2198 2199 2200
v -9.62699679490791 11.168545243891284 0.1
v -9.926061072885151 11.517636411495376 0.1
v -8.537928434478895 11.08784223560001 0.1
v -10.253401617191072 10.941038904361026 0.1
v -8.852112316184842 12.231948304534837 0.1
l 2201 2202 2203 2204 2205
v 6.412845928952482 5.422440368156123 0.1
v 7.383043122425834 5.053668868144442 0.1
v 7.385705445467439 5.7124305342259 0.1
v 6.465941167126067 5.756806892467436 0.1
v 5.832500348118202 4.623465349611942 0.1
l 2206 2207 2208 2209 2210
v 8.708716213274055 2.000344786430449 0.1
v 6.997918752681166 2.1836766026430885 0.1
v 7.747160984498477 3.20559459193334 0.1
v 8.499881331282475 2.096832776767693 0.1
v 7.173918351070966 2.426985120382693 0.1
l 2211 2212 2213 2214 2215
v -10.84031534971706 4.954906154419894 0.1
v -10.108467560842117 4.703966968348595 0.1
v -9.609057858332331 5.532496458699216 0.1
v -9.45067026519102 4.979245550538006 0.1
v -9.822990421924217 4.587250838520761 0.1
l 2216 2217 2218 2219 2220
v 12.493935873680984 4.36343813268829 0.1
v 13.026664910776269 4.657971673629382 0.1
v 13.039633370046756 5.137483305104517 0.1
v 11.586251018545235 5.51892060872037 0.1
v 13.13382146544281 6.140345394956665 0.1
l 2221 2222 2223 2224 2225
v -0.0006788679843041656 13.388879078666085 0.1
v 1.2991172274395626 14.591190845495259 0.1
v 0.10001037030486959 14.719369305697025 0.1
v 0.8416285024409782 14.690682596631536 0.1
v -0.17354045225495396 14.729715435553763 0.1
l 2226 2227 2228 2229 2230
v 2.402759694291362 11.845820452016925 0.1
v 0.7166845591718087 13.285107013955356 0.1
v 0.6452729885444781 13.215119057553538 0.1
v 1.8295547242710015 12.617779194198615 0.1
v 2.0125584842348885 12.695283821544322 0.1
l 2231 2232 2233 2234 2235
v -14.930260712430927 12.626612306952707 0.1
v -15.434848152504182 12.972786224225072 0.1
v -15.064127984607758 12.997730370417077 0.1
v -15.223637012559248 11.301198699910724 0.1
v -14.627813745217686 11.841652517994675 0.1
l 2236 2237 2238 2239 2240
v -7.276957850051414 -15.280462979589835 0.1
v -7.04268969611266 -13.587123414047804 0.1
v -7.796068919313652 -14.688708122700959 0.1
v -7.3118472639573335 -13.873415027836174 0.1
v -7.867555314338663 -13.602010783073338 0.1
l 2241 2242 2243 2244 2245
v 3.839476634928238 1.6543908753338583 0.1
v 2.4782581059736204 0.4664932250069438 0.1
v 2.0477874941163403 2.1115736247767254 0.1
v 2.5442684575322048 1.198882072202959 0.1
v 2.950535816572059 2.3071936515510347 0.1
l 2246 2247 2248 2249 2250
v -9.957310185904548 -3.3321102697901086 0.1
v -8.184273855108756 -3.5778220566285315 0.1
v -9.584581742497093 -3.4586723258308134 0.1
v -8.117229110470586 -4.528476651408546 0.1
v -8.66771692142808 -3.33059542862405 0.1
l 2251 2252 2253 2254 2255
v 0.5238625961185583 12.202155902626846 0.1
v 1.0443759813651219 12.750846654056494 0.1
v 0.24473936927840523 11.042316544601547 0.1
v 0.25541523399942045 11.412770593557374 0.1
v 0.18799643807874866 10.96904444299129 0.1
l 2256 2257 2258 2259 2260
v -6.628265686459816 -0.7273783044758957 0.1
v -7.231554232188227 0.7284298922742074 0.1
v -7.003146577937075 -0.456479188758413 0.1
v -7.922280190564816 -0.5695144042918214 0.1
v -8.018527737876797 0.47625450690816407 0.1
l 2261 2262 2263 2264 2265
v -1.4556631927985146 11.647919506934636 0.1
v 0.05482017972926578 11.63897567905659 0.1
v -0.12354405185633843 10.792551633977112 0.1
v -1.4447746454923864 10.36073046136296 0.1
v -0.0620603524803236 11.979152398153337 0.1
l 2266 2267 2268 2269 2270
v 13.464071965982486 -5.3694466683621584 0.1
v 14.550853579969955 -4.810058578427674 0.1
v 13.99316962244206 -4.533682597224048 0.1
v 14.988445273790205 -4.143810846212383 0.1
v 14.375496205137027 -4.249603869974119 0.1
l 2271 2272 2273 2274 2275
v -3.984636441331201 -11.208973808883712 0.1
v -3.301855627652821 -12.421262339824949 0.1
v -3.548146617568772 -10.891964441156594 0.1
v -4.577454378170002 -11.547263970992601 0.1
v -2.930124834165082 -11.042382167568482 0.1
l 2276 2277 2278 2279 2280
v 8.364547221455895 9.84036012017301 0.1
v 8.648630002056978 10.336865694740238 0.1
v 8.182904310012379 8.910228909437322 0.1
v 7.8282432748455495 9.998677294424898 0.1
v 8.956601241460316 10.58970700631167 0.1
l 2281 2282 2283 2284 2285
v 13.278867514774632 14.7206210223888 0.1
v 11.883606315929232 15.488737354904432 0.1
v 13.20152088358378 13.979550854171713 0.1
v 12.341961896991355 15.063629612914808 0.1
v 12.960299135315452 14.39457937319936 0.1
l 2286 2287 2288 2289 2290
v 15.582972156885322 -1.672960179208281 0.1
v 14.446645331598306 0.07541894127873339 0.1
v 15.462975045144773 -0.618821150644669 0.1
v 15.140429890165258 -0.10375996602851867 0.1
v 15.336602953990278 -1.632472467726977 0.1
l 2291 2292 2293 2294 2295
v 14.126082237374384 6.904791853963545 0.1
v 12.433940918097772 6.591272919286278 0.1
v 13.579172138024685 6.686152007207923 0.1
v 12.804729500952329 6.562821618145553 0.1
v 13.152315776525189 6.471656487379222 0.1
l 2296 2297 2298 2299 2300
v 2.3067884546083905 -8.58171922326423 0.1
v 2.3495097345450664 -8.998419592921058 0.1
v 0.825613063460088 -8.520598822295069 0.1
v 0.8708236139010883 -8.544783228976538 0.1
v 1.0719894074153462 -8.509829666875081 0.1
l 2301 2302 2303 2304 2305
v 4.581405729209218 1.0685061117084103 0.1
v 5.720958964054963 -0.5573934742763698 0.1
v 5.153643511641594 0.3127696792035921 0.1
v 5.383645610979737 0.9012141273096421 0.1
v 4.647880453019944 -0.6206755422480168 0.1
l 2306 2307 2308 2309 2310
v -3.4542598338950965 -7.621787509565834 0.1
v -3.6286150847541965 -8.35943808245869 0.1
v -3.57337038085742 -7.683001477832689 0.1
v -3.793918447911593 -6.825734853602057 0.1
v -2.9283287631779356 -8.321015901716338 0.1
l 2311 2312 2313 2314 2315
v 2.8918366937595565 -14.17140252518378 0.1
v 2.538439508959698 -13.83601542559044 0.1
v 3.312630326875773 -13.104000055303533 0.1
v 3.5239377745779086 -13.09519859239323 0.1
v 2.794062216634532 -13.303851623791425 0.1
l 2316 2317 2318 2319 2320
v 15.294007037741094 -13.258290127669563 0.1
v 13.782301229408507 -14.640745377353387 0.1
v 13.755760479001957 -14.649438954419423 0.1
v 14.098795348383694 -13.447048283953492 0.1
v 15.249221046665292 -14.946997967891967 0.1
l 2321 2322 2323 2324 2325
v 6.373734162754229 11.908847989040828 0.1
v 6.735428117011367 11.786902546990614 0.1
v 8.012345834155656 12.22325470074856 0.1
v 6.975554239302065 11.054479598873508 0.1
v 6.4293434707768675 11.341419603951215 0.1
l 2326 2327 2328 2329 2330
v -8.823697255964195 -11.512214114268637 0.1
v -9.939747108787987 -12.288508555866757 0.1
v -9.215174832093927 -12.68622291013347 0.1
v -10.531039665234465 -11.707814646162767 0.1
v -9.832595919900033 -12.582546662744596 0.1
l 2331 2332 2333 2334 2335
v 8.522097950923035 15.195042831689356 0.1
v 7.834280495016926 15.898957942824515 0.1
v 9.026369215755826 14.919705792111662 0.1
v 8.066898809616177 14.421861611432444 0.1
v 9.107228719371097 14.07605537500757 0.1
l 2336 2337 2338 2339 2340
v -2.5639465671342894 -5.372332014814768 0.1
v -2.1511974415618655 -3.9459912965577573 0.1
v -1.3111221010959648 -4.607310112955442 0.1
v -2.987960191186382 -4.711155612603989 0.1
v -3.0465596447354066 -4.760497875501591 0.1
l 2341 2342 2343 2344 2345
v 1.7790549309884567 7.719458546547072 0.1
v 2.692821157973661 7.1466034386728285 0.1
v 2.1157847356260246 7.6203396819621725 0.1
v 1.2966668314009502 6.442982755663539 0.1
v 1.2457125834548768 6.900343313894448 0.1
l 2346 2347 2348 2349 2350
v 0.5854326307853244 -10.393030991179073 0.1
v -0.43692159990306045 -10.863251550782302 0.1
v 1.1710361105851825 -10.971409159011607 0.1
v 0.8039338535116458 -11.534505142776379 0.1
v 0.8451879779418894 -10.231599880474029 0.1
l 2351 2352 2353 2354 2355
v -3.000476831889864 11.58680633289492 0.1
v -4.788669708633293 11.075522120806493 0.1
v -3.95395111194126 11.33534236965823 0.1
v -3.182753307261899 11.926392762357441 0.1
v -4.126064601426357 10.800281335079669 0.1
l 2356 2357 2358 2359 2360
v -9.894960678375556 -4.527799926863333 0.1
v -9.630837052666404 -5.387902112525309 0.1
v -10.700255570837415 -5.656557046092644 0.1
v -11.285234794801603 -5.752288590750435 0.1
v -10.97376859786865 -4.572957791151917 0.1
l 2361 2362 2363 2364 2365
v 3.1849350999442674 4.508204532717186 0.1
v 2.9821344380446826 6.262229695242415 0.1
v 2.908724826572871 4.549960949523262 0.1
v 2.644829597522003 5.005891783129722 0.1
v 4.254842964094653 4.548538410609225 0.1
l 2366 2367 2368 2369 2370
v -1.1436986074576425 -15.593199243911878 0.1
v -1.676311300912256 -14.146859693441266 0.1
v -1.5488328870631025 -14.351851996785182 0.1
v -1.7984955678605337 -15.850576825924191 0.1
v -0.9420194331104148 -15.211056856730492 0.1
l 2371 2372 2373 2374 2375
v 13.142561219801001 -0.013344433045758608 0.1
v 12.68160393766363 -0.3567239782577476 0.1
v 13.040666139274439 1.0262098264498893 0.1
v 11.475823363265427 -0.3527517545229044 0.1
v 13.171421789168296 0.7241209959307062 0.1
l 2376 2377 2378 2379 2380
v -8.477847292499737 11.064997294964211 0.1
v -9.143098004614039 10.936785559913933 0.1
v -8.554536862830119 11.461351174464058 0.1
v -8.346173394515176 10.110946108586603 0.1
v -9.008857343041292 10.797143373629208 0.1
l 2381 2382 2383 2384 2385
v 13.857684551517503 -6.1846510831579655 0.1
v 13.787979998555846 -6.509968133518161 0.1
v 13.650490450462934 -5.672603345665609 0.1
v 15.214253051432003 -6.2429668406641134 0.1
v 14.977064563039496 -5.924587069940739 0.1
l 2386 2387 2388 2389 2390
v 0.8180565779989073 -9.929070893174446 0.1
v 0.8887470799151396 -11.291057297072761 0.1
v 1.7314319413669907 -9.915065731626324 0.1
v 0.7441250103648176 -10.014044614794178 0.1
v 0.6959508638145155 -9.852632305929792 0.1
l 2391 2392 2393 2394 2395
v -5.196306528758913 10.017762134526222 0.1
v -6.242413103514837 10.692293687397783 0.1
v -6.593147542814853 10.335687809077747 0.1
v -6.966975620380671 10.032094196701372 0.1
v -6.301490846933167 10.031388459875508 0.1
l 2396 2397 2398 2399 2400
v 8.053258670392998 8.337554041993688 0.1
v 6.221145848887879 9.609425416757837 0.1
v 6.303671235254862 8.947111675358343 0.1
v 7.974201719481483 9.001939095216278 0.1
v 6.160829748365034 9.149280203312284 0.1
l 2401 2402 2403 2404 2405
v 1.0681542175945018 13.981312765191515 0.1
v 0.6292984155948238 13.3898096654391 0.1
v 1.3000627153520077 13.660397297926227 0.1
v 1.2956753199090394 14.395062202502174 0.1
v 0.8562641292773747 13.442016483755475 0.1
l 2406 2407 2408 2409 2410
v 3.7350680195771497 4.848787160919503 0.1
v 2.383198215901394 4.962562441363269 0.1
v 2.874241524368802 6.039770671469059 0.1
v 4.108931068284146 5.209799332309109 0.1
v 3.0266861817797843 4.549482683494906 0.1
l 2411 2412 2413 2414 2415
v -11.258608901964884 -0.11886356321442637 0.1
v -10.256234522768601 -1.358989818141399 0.1
v -11.800167538108846 -1.0661191108164874 0.1
v -10.358821081703402 -0.9817401058829831 0.1
v -11.56104824469286 -0.07699649520294893 0.1
l 2416 2417 2418 2419 2420
v 11.386263522689532 -11.386539296168863 0.1
v 11.246970175742966 -9.534299409676132 0.1
v 12.58992921543968 -9.965152735389506 0.1
v 11.696516833563301 -10.985449521708784 0.1
v 11.54179134758602 -9.945087399815279 0.1
l 2421 2422 2423 2424 2425
v 1.570065250320795 3.384248613456027 0.1
v 1.6699649849101403 4.833268695221824 0.1
v 1.908563794528016 3.6876050050178097 0.1
v 1.5946740478939025 4.5517809736525985 0.1
v 2.255928278410039 3.522751116828462 0.1
l 2426 2427 2428 2429 2430
v -3.184993393866205 1.6882409138290781 0.1
v -2.7248753733549895 1.7187497564440675 0.1
v -3.3665631977188832 1.3885299555284625 0.1
v -4.471146811096724 0.833351963527909 0.1
v -2.8306049733063894 1.757876140871569 0.1
l 2431 2432 2433 2434 2435
v -11.42944322931213 -7.524177717570751 0.1
v -10.995854767178816 -6.331705613713534 0.1
v -9.624714689189615 -7.215912216944247 0.1
v -9.953880326184478 -6.301575551886147 0.1
v -10.188668114285361 -6.778295904964029 0.1
l 2436 2437 2438 2439 2440
v 4.686836393881924 0.1905111554745429 0.1
v 6.4064797719265005 0.035445497542129 0.1
v 5.216106322195532 0.5437881056348268 0.1
v 5.088010345666236 -0.6779858400763599 0.1
v 5.873578056766623 -1.3219772065377615 0.1
l 2441 2442 2443 2444 2445
v 6.460545703898646 9.740132295280079 0.1
v 7.1082273030675776 8.877866465145908 0.1
v 7.648930249735248 10.090132426694309 0.1
v 6.5657996415234745 9.67326466946371 0.1
v 6.7023442564335145 9.941379522831124 0.1
l 2446 2447 2448 2449 2450
v -5.656932822266409 -1.4027873366214316 0.1
v -5.782740483761664 -1.881110250256317 0.1
v -5.551403454175816 -1.6063979509018516 0.1
v -5.377852992049089 -1.0104521492692928 0.1
v -4.360598654669859 -0.5288466778868302 0.1
l 2451 2452 2453 2454 2455
v 11.155911681897948 0.81239914136926 0.1
v 10.215909131167122 0.3446897531541808 0.1
v 10.21293730629229 1.45652788181536 0.1
v 10.99692480393804 0.23691962320785853 0.1
v 10.05302122148018 1.7525397974225394 0.1
l 2456 2457 2458 2459 2460
v 14.780209203070015 12.76315902452129 0.1
v 13.387877597456319 11.983799473210706 0.1
v 13.395005649482316 11.53693390588272 0.1
v 14.469091100967441 10.929630826744345 0.1
v 13.522375285097066 11.220606462644321 0.1
l 2461 2462 2463 2464 2465
v 14.256046769567623 2.053270269409703 0.1
v 13.244560562357298 2.0498699650637993 0.1
v 13.286211431096346 3.0002439829302796 0.1
v 14.049405925310271 3.3288492542596275 0.1
v 13.47787984302899 1.730636095885189 0.1
l 2466 2467 2468 2469 2470
v 4.537528514334845 -0.6660722125998446 0.1
v 4.257487487496495 -1.3348033407881332 0.1
v 4.261881505213568 -0.9212430660808317 0.1
v 4.28825161517938 -2.446145736785371 0.1
v 5.070169191037694 -1.828667984531955 0.1
l 2471 2472 2473 2474 2475
v 3.433853132578127 1.5704183205692515 0.1
v 2.8874874657528617 2.538582426382104 0.1
v 3.024846222968816 2.1460214721836914 0.1
v 4.082189892442184 1.896956637555232 0.1
v 3.8567143509027204 3.4649292960509186 0.1
l 2476 2477 2478 2479 2480
v -0.021751828108690585 8.01013515566062 0.1
v 1.3074303485525118 8.2135355179605 0.1
v 0.510993106676862 8.448395423124603 0.1
v 0.6452883456550191 9.179667417579124 0.1
v 0.1725376014368789 8.574658856695516 0.1
l 2481 2482 2483 2484 2485
v -3.7377714840055942 -4.459633918780056 0.1
v -3.911508670767056 -5.9172416338120835 0.1
v -3.555128184356814 -4.545973175728432 0.1
v -2.713658403691365 -4.369748812935351 0.1
v -2.6512326019799755 -4.873246788360648 0.1
l 2486 2487 2488 2489 2490
v -3.4811491746865872 -14.156710235712652 0.1
v -3.599429673902586 -14.508121095964647 0.1
v -2.2372447009555194 -13.372800914391187 0.1
v -2.6691144420411663 -14.070291714919993 0.1
v -2.4846930095301856 -13.888048931806784 0.1
l 2491 2492 2493 2494 2495
v 10.591028505463191 8.812877034191716 0.1
v 10.31664832607698 7.283429569894054 0.1
v 10.13141325436285 7.327208114083308 0.1
v 10.10750543240778 7.124914436056955 0.1
v 10.641067652439876 7.713842538221941 0.1
l 2496 2497 2498 2499 2500
v -8.447146570638152 9.845468860120219 0.1
v -8.202769002903233 10.76614833060584 0.1
v -7.310297172457187 10.499415266065972 0.1
v -8.132657562924793 10.207950109876236 0.1
v -7.9677510589468294 9.489762681528846 0.1
l 2501 2502 2503 2504 2505
v 7.460398999280956 12.73492807859507 0.1
v 8.224410024202086 14.028650757839662 0.1
v 8.497282890289501 13.964721170038944 0.1
v 8.543009433479668 13.63320258098508 0.1
v 7.368531408798245 13.986957344725027 0.1
l 2506 2507 2508 2509 2510
v -2.02111342480422 15.35400365266621 0.1
v -2.420566062781073 14.719160497317269 0.1
v -2.0035279994155974 13.819849123446517 0.1
v -2.7168355725989137 15.040066173815172 0.1
v -2.627253230441005 14.529120305436525 0.1
l 2511 2512 2513 2514 2515
v 3.3796463181362464 13.151096861503095 0.1
v 4.357726855372194 12.848695657249293 0.1
v 3.9829720013262335 11.687309654501908 0.1
v 3.989057928878388 12.102797257678864 0.1
v 4.332414402081386 11.616342521157192 0.1
l 2516 2517 2518 2519 2520
v 1.507277101338921 6.161566986698164 0.1
v 1.70524335920616 5.239136916539929 0.1
v 1.036679677413931 4.631787275804184 0.1
v 2.372660053767587 5.3585363673382895 0.1
v 2.762012296575744 5.220041294677149 0.1
l 2521 2522 2523 2524 2525
v -9.521042866871138 4.849780151800581 0.1
v -9.244526439868622 3.7437815384027293 0.1
v -10.20624906461317 4.159104303640042 0.1
v -9.511250425408047 4.804177075360951 0.1
v -8.678378979791008 3.25313758557685 0.1
l 2526 2527 2528 2529 2530
v -6.810254651125407 -12.933258530145105 0.1
v -7.132866773624284 -13.393296379000772 0.1
v -6.760164062795725 -12.543768168722316 0.1
v -6.618755399063771 -14.206359957081844 0.1
v -6.969170230021463 -13.178680388448827 0.1
l 2531 2532 2533 2534 2535
v 2.0101842682655437 11.7056016155367 0.1
v 1.6778487392288406 13.31882229061365 0.1
v 0.6639338609926506 12.06753270269869 0.1
v 0.9765714528091802 13.134428936634114 0.1
v 2.401483968706165 13.59040492876019 0.1
l 2536 2537 2538 2539 2540
v 5.741589008024224 2.6783360919898445 0.1
v 6.326157811988345 3.312056978851654 0.1
v 7.105357630197123 2.9548662402732537 0.1
v 6.764378339522476 3.3607564439017352 0.1
v 6.489552423116564 1.7729457594671252 0.1
l 2541 2542 2543 2544 2545
