# Cyvl Generated CAD Model
o Street_Mesh
v -8.187418099318165 -10.73859699908644 0.0
v -2.1169183744932525 -6.865148039534688 0.0
v 7.962488675897475 -3.890996929258108 0.0
v 4.965456159727182 13.956485335715115 0.0
v 0.3038674300769344 -8.184874473139644 0.0
v 6.620573442953173 3.745509351603687 0.0
v 14.416394420957658 11.521523236297071 0.0
v -14.064202593406662 11.222902561537921 0.0
v 11.433130106015597 7.628721062093973 0.0
v -6.194098657404538 5.2291952623054385 0.0
v 0.3387401237268932 -10.30021392274648 0.0
v -10.682958842779044 12.702624560333788 0.0
v -6.93736935313791 -7.920193190686405 0.0
v 8.20187611633446 -13.919691069982946 0.0
v -12.247262581717223 -0.014643577858805656 0.0
v 3.844278699834831 -13.75959365721792 0.0
v -4.139525729580782 -12.763031424023211 0.0
v -9.768300570955034 4.793524359352887 0.0
v 3.3348643094068393 14.24373537953943 0.0
v -6.52753041847609 -12.4153010584414 0.0
v 1.5565697097335942 14.794902227818966 0.0
v -7.959794335998595 12.324520639143884 0.0
v 11.375698530697264 3.5702176252380013 0.0
v 11.011634597030934 -13.026768315583467 0.0
v -4.672409972758032 5.2447480242699385 0.0
v 14.909263162058778 -11.785503945313394 0.0
v -7.726610860438086 4.852852820418775 0.0
v 11.493784087069798 -7.715651691891253 0.0
v -9.335046521446202 6.7312856847420335 0.0
v 6.635178648226429 -10.819983227178454 0.0
v -11.325687111297157 11.076193845830858 0.0
v 12.085049720597453 -3.66505606751889 0.0
v 0.22479156503686681 -7.0665297117084265 0.0
v 5.4991011078236625 9.961303818039596 0.0
v 13.75924158631824 6.586401441134512 0.0
v -10.912532457092311 1.629279913380742 0.0
v 6.740529232018162 3.4275117740035057 0.0
v 9.639870613871608 -12.364167477935553 0.0
v 5.684591700497549 -14.400752504356205 0.0
v -14.462211277103052 11.154132848605514 0.0
v 4.16687779687345 -3.738497683778405 0.0
v 7.094190167670604 0.23370514903217554 0.0
v 11.000934846466407 8.939866884611547 0.0
v -0.04279549088096246 -7.476145281456411 0.0
v 5.276762659254018 -2.044779971241951 0.0
v -9.724399817700032 -3.996386975981295 0.0
v -6.3065341071924195 -8.983477893285453 0.0
v -2.737315224367194 14.637814491055906 0.0
v -6.56114022975089 -12.472047611139715 0.0
v -8.02390796225518 11.797673716209829 0.0
v -10.998618672543671 2.8436785535886884 0.0
v -9.552235503157135 0.9943792568519711 0.0
v 12.936268569261301 -5.6527667455375195 0.0
v -1.622803840204142 -13.453884719870985 0.0
v 12.837343074730597 14.279198130592704 0.0
v -4.106338807032444 0.9610445601865649 0.0
v -2.241169817512855 -4.254112429916859 0.0
v -6.18168908165535 2.4857939379289746 0.0
v -2.580265781667549 -7.8016414837911725 0.0
v -12.198082041344605 -9.23555174190551 0.0
v 12.336583798751235 1.2304229522123933 0.0
v 7.864342701504938 -3.340007483959198 0.0
v -10.148516208748333 -3.7996419677510858 0.0
v 10.828078769380227 -5.034354434348643 0.0
v 13.351670374220703 12.829214516095817 0.0
v -6.837618351331912 10.092549249529839 0.0
v 6.610490050283261 3.9885407416149974 0.0
v -2.004314676276408 -13.733400166966021 0.0
v 1.3250024826847948 8.872750828042626 0.0
v 13.5026469254517 -8.34734328277409 0.0
v -13.214503246883396 -13.146777130663395 0.0
v 13.554670219076797 0.6427407152950764 0.0
v -12.88311799132498 5.153397993184626 0.0
v -14.756629659503233 7.489219770766795 0.0
v -12.733684744802304 3.1510181417688727 0.0
v 11.850837402860634 -7.26135712210089 0.0
v -0.5862553061451763 12.377491844817996 0.0
v 0.3213817038340494 -12.996345300227404 0.0
v 1.8725176606676541 1.4029873479157686 0.0
v -10.21345727040898 6.6665965942665935 0.0
v -7.870769385423046 -13.300132669508457 0.0
v -1.50003273767652 -11.615061769261956 0.0
v 11.080410613911226 5.781883250921965 0.0
v 10.892938571691047 11.714843481779099 0.0
v -10.457450781890657 -7.8456446984782815 0.0
v -3.391938632412348 3.390117896720767 0.0
v 1.0857624039635994 -10.860408995300531 0.0
v 11.362219145405106 2.4587249560281634 0.0
v -4.445254090009257 -4.770687269978225 0.0
v 1.119289173046127 6.657843868248165 0.0
v -4.260137680510525 -13.488730972632766 0.0
v -12.676203988550697 -6.627106620930135 0.0
v -12.447810616751667 -6.251447529532015 0.0
v -12.31680281291483 9.646235099062324 0.0
v -2.7515276051708497 -13.947842445224524 0.0
v 5.327233787276782 -8.968897591345012 0.0
v -5.72017992392648 7.118908325210214 0.0
v 13.046770722779911 -14.17479350604117 0.0
v -4.0731109016924165 -3.314774760045111 0.0
v 4.615951919055078 3.255098417401314 0.0
v -2.400650969822891 -12.574619592167437 0.0
v 7.315267760131974 10.99482940044254 0.0
v -10.775332490215078 -7.395218472927809 0.0
v 4.842414487735368 -12.613482259213924 0.0
v 9.415513940388337 -14.411008511669934 0.0
v 12.42456770199351 0.40445166639983654 0.0
v 13.773695080366451 11.429530857130885 0.0
v 12.427614062442444 12.615589545108378 0.0
v 10.743477920361329 -4.438352412544191 0.0
v 4.731866494752467 5.877074857242405 0.0
v -7.18746249191463 4.016095734201372 0.0
v 12.153542155225296 2.0907795932143927 0.0
v -10.164492260839324 5.02797999791801 0.0
v 13.156698880135082 6.275167866609991 0.0
v 11.974767524225172 7.104546390473843 0.0
v -10.286570812866557 -0.8152233064174652 0.0
v -14.082291651517153 9.014485434629023 0.0
v -0.8729032578412443 1.9854168565943837 0.0
v 13.995498452044558 0.08690675720572472 0.0
v 8.029290853533894 4.802347311750054 0.0
v -0.15799960709409788 -7.904215493239462 0.0
v -11.85184250905877 -11.983669929206371 0.0
v -10.693431348889135 8.308216239325702 0.0
v -5.895957064523827 -0.16206596419215202 0.0
v -2.770817354961764 -14.19617751520127 0.0
v 3.4570169353391975 2.587647502310574 0.0
v 1.2697348323999904 5.435237534344196 0.0
v -6.829849423258565 -8.272941718809307 0.0
v -14.075044398545288 4.801626638509333 0.0
v 7.85467175435042 -5.174183773808181 0.0
v 14.566373962326907 -14.56838521361351 0.0
v -0.6389419618644752 -1.9713513581082225 0.0
v 9.599655485188123 14.341324605979025 0.0
v 0.2881786500220187 -9.535372246988118 0.0
v 0.48196249443572015 -2.312111144885421 0.0
v 10.577733705635183 13.242028675042093 0.0
v 13.21415717835771 -1.279391884803772 0.0
v 9.125851688208058 -2.1018839981406927 0.0
v -5.795599334989674 -4.548127888701856 0.0
v 11.323211443435866 10.899403240531683 0.0
v -6.130975549982395 -2.146834443323314 0.0
v 3.0782522606896237 6.226308526471257 0.0
v 1.6137612473685294 0.8352483166381717 0.0
v 13.755055860965513 10.943693402223289 0.0
v 2.4897146655712277 9.855155172757804 0.0
v 2.5036569109070115 12.792984077706933 0.0
v 5.326908879214898 -13.451775377616286 0.0
v -13.491044536756817 7.511672847904265 0.0
v -8.32246901706094 1.6018227394670248 0.0
v -8.827379582333378 -0.2287086145952344 0.0
v 13.645434610312805 -14.36621007323265 0.0
v -13.294775145768654 -3.2059697983786464 0.0
v 6.98346402682364 -10.03225997556001 0.0
v -5.01663969893707 -10.241969276219606 0.0
v -6.588187056884635 -13.769630998373032 0.0
v 5.918483595829457 4.637556889094412 0.0
v -8.137570157181472 1.311775322072208 0.0
v 3.0290616482379846 -14.828646915964782 0.0
v -4.192948340380099 10.922979965806007 0.0
v -3.4460399420931935 -3.5507124764844775 0.0
v 8.866976709046867 -10.715238344855607 0.0
v 13.175195460557006 14.942976769059896 0.0
v -0.390932047739625 -6.608966494910419 0.0
v -12.802973727870267 10.133117464371026 0.0
v -4.287588505889289 13.722171803936362 0.0
v -12.112020369328093 8.528930775821209 0.0
v 9.669165759987663 -0.854287157766521 0.0
v -2.09302874939749 -5.042293296195567 0.0
v -0.5314985401346348 4.76304598338902 0.0
v -1.781481059268117 -11.256200734525919 0.0
v -4.011172359692864 -14.533899303525686 0.0
v -6.059658223588485 0.2681471826508641 0.0
v 2.6448788337875158 1.0342363780364394 0.0
v -9.798790177796036 -5.203405775129795 0.0
v 7.606509887729771 -9.415434523485601 0.0
v 6.091741991229355 -13.758059290237725 0.0
v -9.161190244194586 7.1111012902110815 0.0
v 2.7323701581917703 -0.057367339730262756 0.0
v 2.26142869371688 -6.991943066939712 0.0
v -12.788045818626415 -3.421856048516929 0.0
v 14.125921376340557 -13.791216951794922 0.0
v 2.426046338980086 7.326984799467027 0.0
v 0.4546499181888066 -4.699074495583773 0.0
v -0.5713342491653748 6.447781754657626 0.0
v 7.709089646406937 -5.4732984798029065 0.0
v -8.962725046440028 -14.611347599886358 0.0
v 10.367521440319251 7.8048502411693335 0.0
v 8.696806259278674 0.474662596359849 0.0
v -5.7996358015807346 -3.8565887548029423 0.0
v -10.381358003302012 6.025416588410735 0.0
v 5.217269771324936 -9.293816931545734 0.0
v -10.120250357838813 -9.225253283046186 0.0
v -7.1525187937077135 0.9309759829193354 0.0
v 5.719615088542923 8.06902198959142 0.0
v -9.51946391700767 9.33706544432789 0.0
v -3.363027392886579 -3.1054420825093985 0.0
v 1.092636761837639 3.59572871029377 0.0
v -10.96435059979558 -9.963723064400256 0.0
v 6.725713155756239 -10.493235213682055 0.0
v -5.810023671772797 -10.423632808960974 0.0
v -1.6965663495357148 12.137831307016313 0.0
v -14.845550387864932 4.085914892144501 0.0
v -6.067844485398382 6.188472835347056 0.0
v -9.696810770954471 -10.138278772123158 0.0
v 12.015792815946043 -11.105859718285501 0.0
v 0.12004714197246358 7.051262117922306 0.0
v 3.231042349128984 -14.752393441274762 0.0
v 4.767887620488182 -7.260801866650581 0.0
v -1.2393589072162285 -1.3132753055542707 0.0
v 10.264492789807264 12.396723367273808 0.0
v -14.307108526641969 4.141602925024927 0.0
v -5.396208640479017 -6.907992678694427 0.0
v -2.5448595103807747 -13.041008200496435 0.0
v -2.1619870450231247 -9.637872826308012 0.0
v -2.669503897894174 -12.14583342988044 0.0
v 7.319775783806108 -7.040350602008402 0.0
v 13.035483434447087 7.274893879890442 0.0
v 6.014439415128436 10.632473500445485 0.0
v 4.256559103785548 14.938951005227864 0.0
v -0.6550000478164293 9.605178702622652 0.0
v -4.573966483701952 -14.502584723755717 0.0
v -9.867392218089662 8.129248523153365 0.0
v 10.290896207850892 9.713281673379242 0.0
v 11.621077403367963 5.786023518070579 0.0
v -12.908663637528662 -3.656957633793354 0.0
v 7.922092487860937 -13.873495308682323 0.0
v -3.47790603939211 -8.461489547044039 0.0
v -13.872840719588567 0.4715419691056013 0.0
v -4.229442773212213 8.550467124208808 0.0
v -6.489692848001141 7.6621322724968195 0.0
v -0.8831817418104038 14.695304568856955 0.0
v -5.530433272593655 -10.300595202483237 0.0
v -9.348700395959895 -4.424667216837406 0.0
v -9.199174222361762 8.123322897590697 0.0
v -2.0314482250250876 0.31347454246133566 0.0
v 8.224031542253215 6.3623201651498675 0.0
v 14.341411539935507 2.8874694062396884 0.0
v 13.874031946936157 3.0408084746450186 0.0
v 8.462152073916513 -11.051635175012052 0.0
v -12.886318221921101 -11.507497940212488 0.0
v -6.704745989933144 12.944056685082614 0.0
v 0.18476933590136468 11.589639849029481 0.0
v 13.295792530232575 14.59189342521131 0.0
v -1.4997977656312287 -8.085022885352373 0.0
v -8.534130363492295 -5.946239930577576 0.0
v 8.48213213973213 5.909622294828296 0.0
v 11.225414627755526 0.652239128947258 0.0
v 3.425138454011176 -7.298471276648343 0.0
v -7.4696310688741505 9.395993365906179 0.0
v -7.392813255253714 13.995441940613091 0.0
v 10.334377291903365 -12.541148038581014 0.0
v 6.814094122382812 -10.666699228808284 0.0
v 4.180347388435621 8.638042501173913 0.0
v -2.534614283358678 -8.085720524191856 0.0
v -2.8313262559240684 7.502278270199895 0.0
v -14.079349527135491 -4.831300991587341 0.0
v 5.0086605151882395 10.542768341489136 0.0
v -10.477959404466674 14.95829921681434 0.0
v -12.622388291812968 4.228129434399307 0.0
v -13.844491788593587 12.427567354403436 0.0
v -1.1190836471505463 -10.530962816439569 0.0
v -10.645659372559749 -8.339547781273723 0.0
v 0.23357106826733798 4.8803605530411005 0.0
v -0.7632140333298594 6.890560989268124 0.0
v 11.28466930706054 12.860470047220588 0.0
v 2.60767244634917 8.113793231546879 0.0
v 3.9092944412259385 -5.162859660573304 0.0
v -10.495065846887883 1.2116442313417792 0.0
v 12.368696879013442 9.825217869132757 0.0
v 1.8880942299729213 -5.884597645141184 0.0
v -8.278236329148058 -2.800039523281157 0.0
v -1.1558465331909247 11.215407367795706 0.0
v -7.011704909848049 12.88903933018446 0.0
v 14.750946058542468 2.8657096214592457 0.0
v -9.795466057548765 8.687045984901488 0.0
v -12.384604689606931 5.335808984935284 0.0
v 8.831430864112917 4.68824297375977 0.0
v 4.600403456250206 -10.858448255807161 0.0
v 8.595088470960036 -3.7186650363728404 0.0
v -10.371590773400385 -7.718385195359588 0.0
v -5.606974778289441 10.905745844356716 0.0
v -2.165848320350051 5.347922472283244 0.0
v -12.186522758856881 -3.6134944315999746 0.0
v 8.607312193023972 13.060094618238509 0.0
v -8.505106694647111 -9.88143559359014 0.0
v -4.677224719780497 -7.514237415976822 0.0
v -11.926041773462202 7.919777407310903 0.0
v 10.291273146809544 8.367149871774018 0.0
v -5.225331435969565 12.08323944080621 0.0
v 7.901751108467579 -4.68114563357085 0.0
v 2.491545843426138 3.138260002247989 0.0
v 3.8048257517511956 -14.909436053596437 0.0
v 10.534851254604291 -10.477652684785426 0.0
v -9.103147617657669 -9.45020292326808 0.0
v 8.10776390862884 5.592254006303847 0.0
v 9.51618277397938 5.5048540672287345 0.0
v -3.0192943919682875 -9.90986707340926 0.0
v -10.853030267870054 1.7424588911235332 0.0
v -4.768198962497991 -7.513388799503446 0.0
v -7.509033213951625 -0.9257903201505542 0.0
v -8.538137422001455 -9.67363516613841 0.0
v 12.653150054218713 -14.449529442936182 0.0
v -12.83278685627738 -10.693997453898191 0.0
v 0.7969410397927277 2.602505954913795 0.0
v 6.909290895215236 5.503425758332014 0.0
v 4.659470102458727 -4.072645707055926 0.0
v -9.736238626355771 14.131332661956549 0.0
v 10.445178074762225 12.784321202896535 0.0
v -13.699344208580442 0.240533709526062 0.0
v 4.0584073171485215 -8.003847695887089 0.0
v -13.359838009346277 14.47409321833402 0.0
v 14.199367621855345 -0.28534716460853815 0.0
v 1.0229449174948968 -2.451418800279498 0.0
v -11.736428652133327 8.96923260577023 0.0
v -3.998009364877362 -14.152745097875595 0.0
v -10.04481590341311 0.4842511797323823 0.0
v 13.442103905486874 4.4780905758962035 0.0
v -13.173466857755557 5.845955305732787 0.0
v 0.6556302317185327 2.4114062851294875 0.0
v -4.467519647441804 -9.26469799503684 0.0
v -3.3626878202776425 -1.0748430900275707 0.0
v 7.678503132716287 3.229660263285041 0.0
v 2.0749694209662266 -1.932079398073256 0.0
v 4.427443701890297 -12.278950547799468 0.0
v 8.17739359207917 -13.033612948842347 0.0
v -12.40050838975003 6.735547092743218 0.0
v -9.010741027595941 -4.7259736666455865 0.0
v 4.354903468221892 -14.435257222503424 0.0
v 10.64314095035661 9.684278689324856 0.0
v -14.016711105767172 7.484642376191914 0.0
v 5.989000420318916 -3.513393184170127 0.0
v -11.320705580350477 -13.760651847347617 0.0
v -2.203276242071297 9.325127475894988 0.0
v -5.171182221733034 -4.227233321405947 0.0
v 10.7014005985111 -0.21404044423252344 0.0
v 8.923221112287138 -0.890153456479311 0.0
v 2.6466263199108653 14.969442775472999 0.0
v 0.2571819130680524 -12.80462836753577 0.0
v 5.79962430940941 10.410980968736112 0.0
v 1.47876155708218 7.812387396581471 0.0
v 6.779923346533906 4.970378495752811 0.0
v -9.662300879659597 -10.931839414872229 0.0
v -1.3016692047240213 -0.122041841968894 0.0
v -13.916690595913678 4.565758139826357 0.0
v 8.706001631508116 -7.337685129605234 0.0
v 13.544975361437537 10.676050870679319 0.0
v 7.027510196669027 4.4879355086013675 0.0
v -7.269459396949969 -12.977239207364619 0.0
v 4.2588468655594625 14.30514948721975 0.0
v -10.871502275229432 -5.755231105722487 0.0
v -2.8313411062117666 -9.103182170540094 0.0
v -0.23232007049955428 -9.502521225251257 0.0
v 1.4338766825385392 12.700874334201217 0.0
v -2.351909541117493 0.3945296034216881 0.0
v -7.721699248533696 -1.5265151849016547 0.0
v -14.756986804364715 -11.90492089278996 0.0
v -4.416740627319086 1.4410951482132077 0.0
v 1.0555537733016536 5.308183972723782 0.0
v 8.63694096065592 11.610353055410087 0.0
v -0.054894516069907695 12.547897493466735 0.0
v 2.112621189211495 3.290527129545808 0.0
v 7.6188077491824515 13.16783382371068 0.0
v 0.11796048714313656 -11.585630376823246 0.0
v -0.8045834647491574 12.585558430291712 0.0
v -13.630620149662718 8.634316362440586 0.0
v 3.883335774007719 -12.931381344795227 0.0
v -9.801752213563304 10.570638597011566 0.0
v 8.758675303310156 -6.9504376742988825 0.0
v -10.89220594248036 13.763817475177348 0.0
v 3.7629411435336806 9.977720982395113 0.0
v 9.711805624421686 0.6508305296301842 0.0
v 2.7594564559403807 1.5187872732058167 0.0
v 8.960812159639318 13.396450686268508 0.0
v -10.46616609476041 -0.33856137469410896 0.0
v -7.011730063299183 5.540116644464433 0.0
v 5.672451361140702 1.8984822714701295 0.0
v -7.957814864232205 0.6016392651945353 0.0
v -13.115602053061593 -12.736479639075696 0.0
v -3.8874710319796577 14.196221224963665 0.0
v -0.42409541638335213 -0.9466752121224999 0.0
v -7.771496496279724 -3.3589086020365357 0.0
v 1.9235276519902982 -9.806511318311095 0.0
v 0.04279764188686386 -0.4362644422799349 0.0
v 7.3300325005548075 2.357201734557748 0.0
v 0.48456698353402317 -3.959671726450324 0.0
v 8.412554174894467 4.86388155259192 0.0
v 3.9443857244914398 1.5071036014705896 0.0
v 9.950244270381518 -1.7800422897562385 0.0
v 10.760803459386807 -4.626208405941725 0.0
v 1.407156211498659 11.605153792537749 0.0
v -1.0887406872352585 0.581183654256165 0.0
v -6.3585917199379764 -0.5740219326689839 0.0
v -7.176029456837568 -9.155803153291345 0.0
v 8.189126366749406 7.271557275205851 0.0
v -6.624284680583514 -3.431499207392335 0.0
v -4.330813484441023 -7.8462634878233075 0.0
v -0.22191582736559212 1.4494830491021276 0.0
v -1.9277895530103706 -12.145672586746514 0.0
v -8.351583945623133 -12.893182840198278 0.0
v 10.25599543604767 -0.1014550281688571 0.0
v 8.16630795452511 14.76566951815039 0.0
v 1.05677779490361 -12.87638439051807 0.0
v -4.186491628468502 -6.214160046540201 0.0
v -14.073349939892069 -4.645699435845017 0.0
v 7.479215593484696 -7.5513200256973505 0.0
v 13.485284396272618 -1.4753831624984741 0.0
v -6.695314341748599 -12.322871347889304 0.0
v -7.834894376632292 -1.8731697294861078 0.0
v 12.815477968601044 12.799767065793276 0.0
v 11.426297575584613 11.60795372724533 0.0
v 5.308381552924402 -11.153681583702564 0.0
v -10.402555027569178 -3.6938190422952175 0.0
v -9.957728312700056 -10.471280535683036 0.0
v 5.234411964891478 0.05160005297511816 0.0
v 7.208441307535395 -2.6266340231522918 0.0
v -13.83922912273556 13.803490257821977 0.0
v -7.933585024322383 -11.770156417042017 0.0
v -5.0361529651563615 -5.297351842746139 0.0
v 4.849242564465385 10.517505892552435 0.0
v -1.4443990534637123 11.358053009957075 0.0
v -10.70141393353697 -0.1772638028487563 0.0
v -8.175759532256052 -1.5810344200581312 0.0
v -12.0450667917612 -5.945249481126666 0.0
v -2.787283787387423 14.371508575975895 0.0
v -7.118830208550207 2.0983953960239887 0.0
v -11.78855941304937 10.482415441423655 0.0
v 2.039401663816534 -4.861428064294159 0.0
v 9.554896971327253 10.999545335769653 0.0
v 10.805977129959501 13.689928299747407 0.0
v 14.447648863308132 10.222284964285791 0.0
v -9.3169795635622 -5.327787870541215 0.0
v 8.031009021447971 13.093247112818062 0.0
v 2.4777056798920967 -13.735676994547248 0.0
v 6.680157997063361 -1.059173702262342 0.0
v -13.811068561801221 -5.094569236971438 0.0
v -11.065376319165807 13.311700427904725 0.0
v 4.621818238927517 7.776769179850817 0.0
v -6.194191736460198 2.562959157861769 0.0
v 9.816273435135372 7.868489214219153 0.0
v -12.829009060922544 -9.815370728261769 0.0
v -9.10760954883881 3.0414816085249186 0.0
v -12.52959436463425 13.189931948669255 0.0
v 0.47374731028685346 -3.53078384231776 0.0
v -1.6711945107090287 -7.258016876876354 0.0
v -9.441996057576034 10.299886863678694 0.0
v -14.067579389899038 3.421183410100639 0.0
v -11.665099228732288 5.471252016723156 0.0
v -3.3658303073607385 6.093373732641339 0.0
v 3.047952368040569 -6.071870554238558 0.0
v -2.3714040073100477 11.45627398043871 0.0
v 1.2435275919851847 8.023513024672866 0.0
v -1.7025809556944296 8.208972458727658 0.0
v -3.648028929135762 -2.2232970213517547 0.0
v -4.575372277235147 10.307098474353552 0.0
v 14.955601258028764 -13.03268815483898 0.0
v -3.6000923771061935 11.359156322665513 0.0
v 4.363553789327852 0.7787654483690858 0.0
v -1.7055938753183 -7.372011713683605 0.0
v 2.381535276363138 13.888404783792794 0.0
v 0.7929543831269257 -1.77163530793041 0.0
v 0.01257450325647369 14.491172689944506 0.0
v -5.884778487030417 -9.894817895255983 0.0
v -13.610766952158883 -5.946092652156949 0.0
v -14.96976889850339 1.035833165049553 0.0
v -3.7982049757265486 -3.1635982459411025 0.0
v 7.825596702168696 4.971008877269924 0.0
v -11.276830848422833 -13.602502154186368 0.0
v -2.7652918066596612 12.11546366661787 0.0
v 4.121105331694707 6.388761894777417 0.0
v -7.722497825219762 7.7157740807160735 0.0
v 0.8549115509376861 -12.507481063716114 0.0
v -7.120642532478087 -5.655414087697864 0.0
v 2.3036964078783058 -6.858712560497224 0.0
v 1.7738031126791611 -8.231760117225349 0.0
v -3.321126737166196 -8.656994948163629 0.0
v -9.625292802636977 -1.9353649951517582 0.0
v 0.7615497178048827 -8.796698664315045 0.0
v -0.13806617056252435 -8.778865500353277 0.0
v -8.448703873087652 -11.690666777081788 0.0
v 0.2414701595553197 -1.545079842209816 0.0
v 3.42694289481733 -10.99666797183454 0.0
v 10.443944765662309 -13.431696134619415 0.0
v -12.170147818513215 8.482778111472726 0.0
v -13.04922125407029 -12.160282996483147 0.0
v 2.877657968667336 2.237841984257102 0.0
v 5.289045929093845 -6.605236915871501 0.0
v 2.87011231307406 0.10977072268724442 0.0
v 10.552182285115123 -3.410087457858026 0.0
v -6.666424705472309 8.77945311833173 0.0
v 11.914665958087426 -4.409448746591806 0.0
v 9.742276350792963 -0.9554012082517147 0.0
v -0.38439403963275254 9.487797782756388 0.0
v 14.898611247015651 14.337816586717963 0.0
v 1.7865927433012985 4.9696292616426945 0.0
v 12.003379706933629 6.6432453310117126 0.0
v -10.623424194811378 -13.292535779997706 0.0
v 0.3666460900567472 12.303640963509679 0.0
v 4.982692530495115 0.4412009045481682 0.0
v -11.585060276265722 -8.624973209574819 0.0
v 10.649253544281237 -14.67219372279942 0.0
v 4.589790215948597 -14.146275447681546 0.0
v -13.681558514246717 -2.4224302638322115 0.0
v -8.872283610631712 13.700515130534768 0.0
v -7.8457672269432805 -12.339215319603682 0.0
v -1.2940432861214504 -1.455348365008831 0.0
v -7.988672014558688 1.3216199353337288 0.0
v -1.1592238720040768 0.1915745995938778 0.0
v 12.318490835023113 -2.7420415906235576 0.0
v -7.131691713293549 -3.3752221344038844 0.0
v -2.1910363398492336 -3.900130004622042 0.0
v -2.1487048038397916 3.6827726047486067 0.0
v 3.10554054210661 -6.350706215016544 0.0
v -5.16023965284694 7.144637888297439 0.0
v 14.784270357282367 -7.612392918206751 0.0
v 13.624554154928774 -12.371433915570378 0.0
v 4.653227958653588 7.8993631126359105 0.0
v 3.7296042946982197 12.029369848780334 0.0
v -6.964860755193513 -5.072137709707022 0.0
v 4.832676275691483 9.81990743521601 0.0
v 11.923372756049503 -2.0727479867637157 0.0
v 13.492627166153397 -8.815309051424265 0.0
v -7.25073768151924 6.1389177506789565 0.0
v 5.121456755558029 -11.907546065747738 0.0
v 7.401143997674808 9.93837783113122 0.0
v -2.247988680494018 -7.230114697478712 0.0
v 11.20883772324305 -13.16850436013192 0.0
v 12.253398716333322 -7.195403421297669 0.0
v 6.157513921207283 10.543207813054323 0.0
v 3.6183487032540143 -0.010089768096804619 0.0
v -10.619565072760452 -10.284472628496587 0.0
v -9.815843416552525 9.326421245001256 0.0
v -9.845168273779564 -9.753349808976054 0.0
v 12.311245375487488 -8.212929841130972 0.0
v -5.1737381823477335 13.708722859621048 0.0
v -1.86360315233469 -2.2829563468694687 0.0
v -5.7148519465117715 -8.7675043893978 0.0
v -11.179511485272087 -0.2332626562565565 0.0
v -4.689824116881937 -0.4003460379317403 0.0
v 6.2320728818303905 7.8227080488577485 0.0
v -11.199434440524783 0.7824753560125828 0.0
v -11.149725474999286 -1.0974137419834733 0.0
v 8.206511267751921 -9.073512581177056 0.0
v 12.765564554254524 7.688496867194772 0.0
v -7.622559565643314 -1.056178204715252 0.0
v -11.65627843287075 -2.0495286853984 0.0
v 12.577043953060638 7.140514858067036 0.0
v 6.159099694166798 -5.377896158024669 0.0
v 14.281676592072472 9.606471167877316 0.0
v 14.252043326792773 -9.422935421578586 0.0
v 5.89004563074559 -9.191048746928573 0.0
v 3.3103761331294663 4.445378540083766 0.0
v 8.538282113266177 -9.456356383860111 0.0
v 12.175431302341167 -8.820341252721846 0.0
v 7.936950986040756 0.7170672556385398 0.0
v -12.917357506288681 11.802536845207214 0.0
v 12.291280211065896 10.950390375219285 0.0
v -3.9789011047105305 -6.398712681606412 0.0
v 9.714763553463854 2.847890170291066 0.0
v -6.040378411475103 6.515034148469567 0.0
v -5.635321854730137 11.358664819039404 0.0
v 1.4099631271092221 -10.854895435273647 0.0
v 1.2288080704165623 -11.869308740831912 0.0
v -1.4994167752447538 -13.733115321025252 0.0
v -10.72457972256234 1.1114648440852761 0.0
v -14.314031217072625 7.830233917571604 0.0
v -5.78150602435926 -8.579307910054922 0.0
v -5.213496526994277 -11.76516196783632 0.0
v 8.964537182066124 7.6293667908757925 0.0
v -5.024574036535341 0.3566800616681576 0.0
v 3.6863796565448865 11.705745880492032 0.0
v 8.806857897376176 -4.231082660146058 0.0
v -4.554930422571488 13.50275753159076 0.0
v -6.608344083244447 8.915264399722219 0.0
v -11.08456963673234 -7.678544331341982 0.0
v -1.4323839588905685 8.436365948989987 0.0
v -2.316583777021151 3.1987623292952776 0.0
v 4.9175738299964 7.28936061821878 0.0
v 12.540598178340588 -4.429355755448341 0.0
v -12.369152039813343 4.069744927808642 0.0
v 2.2897757563041523 -13.615424459800124 0.0
v 12.743196473631542 -4.284732100553811 0.0
v 13.650683761690743 6.268141698092222 0.0
v 2.9554465317633003 14.411555906757712 0.0
v 4.783033409505151 5.607728593051434 0.0
v -7.673694275843445 -0.9360475158318877 0.0
v -0.7515278297360055 12.70626011211425 0.0
v -10.28828425676329 8.457647180184722 0.0
v 13.572631233313587 -0.8514552675187588 0.0
v -6.948839672491886 -5.349761839024723 0.0
v -11.171818217088003 -1.7690843055024743 0.0
v -8.305551487079356 10.634182414971292 0.0
v 14.323144823720213 6.232518034987152 0.0
v -14.222317504114471 0.4293124610558152 0.0
v 4.360191052721348 -5.720779733732343 0.0
v 1.7122362829977646 1.678176854737103 0.0
v 11.331928535248153 -5.165921123698354 0.0
v 0.26020448724739254 4.108766479417682 0.0
v -5.280861508625094 -7.028126331977546 0.0
v 6.603303671174217 8.814763428643346 0.0
v 13.938242286792956 -8.262912419624627 0.0
v 2.9717115093953907 3.057631134055555 0.0
v -1.644483637297526 1.3304826179519296 0.0
v -12.773380302882288 -4.124107079580426 0.0
v -0.4386316211312078 -5.673581040464342 0.0
v -13.562898299656808 -6.349590928293765 0.0
v 8.911342185630929 10.600164263509214 0.0
v 10.146673188253772 3.784035130403936 0.0
v 6.777843989315443 11.470387963578105 0.0
v -14.595175810274668 -4.620535142719746 0.0
v -12.602262203814462 -8.626279732212424 0.0
v -7.080365432717372 -2.691051826812327 0.0
v -13.831125362892635 -12.961328928358853 0.0
v -9.191166608070489 0.5700054671615362 0.0
v 2.6352674153167754 -8.758046924136579 0.0
v -14.527281273389235 4.7029183600097895 0.0
v 0.6701708027976565 5.7396484622731805 0.0
v 12.292724392726086 9.609550616703928 0.0
v -8.694425351393875 -5.356171204708517 0.0
v 13.236492925672792 1.0446806494146585 0.0
v -5.27075096743647 -9.248428116552532 0.0
v -12.140632606809959 -2.454597263596952 0.0
v -2.7070282707572915 4.649617773480713 0.0
v 14.39292586571537 11.83963096793741 0.0
v -3.7278531452757306 13.205654024146497 0.0
v 14.208735860534944 -6.331915454939008 0.0
v -8.188720401609316 3.7874999633058906 0.0
v 3.60505934630055 6.646219365298748 0.0
v 14.245795467984863 8.568642133846879 0.0
v -8.623542386747431 4.436144179664552 0.0
v -10.064297444594558 10.463484659790993 0.0
v 10.996814624639228 -4.368342791683972 0.0
v 6.0626709049683996 -9.011226425878704 0.0
v 13.28360541490838 -2.887580895796418 0.0
v 0.9687811059411615 -0.3995147608220577 0.0
v -8.818223637819756 -3.78756208345294 0.0
v -0.9488301932578906 -9.651722692884505 0.0
v -0.37144854746293277 -7.323795467615128 0.0
v -3.23985667899251 12.753428542986512 0.0
v -12.087500235473271 13.325115610845387 0.0
v 12.80957342038164 1.5633280146867037 0.0
v -1.4461916707805358 1.008343136869371 0.0
v 5.663797682500444 -12.65695537161082 0.0
v 12.350032551854383 10.27468975353986 0.0
v -13.340807305532508 -14.896169293671846 0.0
v 4.6511344445170835 7.891809029504657 0.0
v 11.23152446653694 6.506359485909343 0.0
v -6.273363285290543 3.5868809558451176 0.0
v -13.77246880455641 10.650505896657705 0.0
v -10.033727044530679 12.591501612216234 0.0
v 3.435048052459024 -1.4178233006969094 0.0
v 8.983433426823467 -9.163620959036052 0.0
v -14.537022190750577 0.27383948024362326 0.0
v 0.47033173352247104 7.595630686730146 0.0
v -3.2892662922968157 7.651835015974939 0.0
v 2.7499610253144056 -7.2372425543144345 0.0
v -1.5934903943561949 -2.079344904050231 0.0
v 0.5603990514646284 -12.907010513357818 0.0
v 7.2049354371847585 6.047733069397509 0.0
v -10.591657020733692 -2.4377896515652537 0.0
v 2.52988114207983 -12.364608803763986 0.0
v -0.391718513390515 14.902542275376618 0.0
v 12.817121266270988 12.875563766807318 0.0
v -11.630673796869814 3.1697485065087676 0.0
v 13.186980743310414 -8.725680832751095 0.0
v 9.756290171819273 -2.545494838617742 0.0
v -10.288514648156706 -1.8957970617339015 0.0
v -11.773360029561445 -0.9656779263168573 0.0
v -6.1895090730977245 -9.20124337170273 0.0
v 1.710272241733037 -6.820655201561749 0.0
v 5.979172478313558 11.043904894962907 0.0
v -11.374194560630713 -1.7945831697434187 0.0
v -5.321133779769298 7.307347762398422 0.0
v 6.244082768331282 -8.892262904904783 0.0
v 12.421904959075619 11.93881936557591 0.0
v 6.624509857036173 -13.765595194883645 0.0
v 6.6336436092387885 6.6556124882772565 0.0
v 1.259323567384854 7.5213683266192675 0.0
v -13.988203081302345 -10.584501329809427 0.0
v -9.929225623956881 -13.87930528819561 0.0
v 7.593039234925527 -2.117583063431084 0.0
v -7.910586833662819 -5.897791331633925 0.0
v 2.3411511740996502 -0.1897706277668476 0.0
v 10.051540085114539 12.496498559601605 0.0
v 14.83657478459645 4.787783895619214 0.0
v 1.704254173208028 -12.900024775415659 0.0
v 13.468448421219364 7.969114216044545 0.0
v 3.073973410530016 11.648230685852468 0.0
v 12.919095860677771 12.172992418520153 0.0
v 7.627992514637299 6.7041250774636865 0.0
v -14.843917339516338 10.039895209483802 0.0
v 1.1583765115356073 -13.491667931899428 0.0
v -14.265174302912783 11.460618438199162 0.0
v 9.276069777086377 4.07267389446497 0.0
v -11.994016656593885 -8.172242865897715 0.0
v -6.406936637242325 2.4027770794928074 0.0
v 6.481762178242207 -12.895796713419259 0.0
v 8.610715998569503 -14.921408559195697 0.0
v 3.616748265339993 11.572698975913227 0.0
v -5.976973359298427 -3.7798628555610776 0.0
v 14.810166093346197 3.4084291560575366 0.0
v 4.707942146807909 -2.7369936304166913 0.0
v -5.8197711143875495 -7.897364072501659 0.0
v 1.2954900382901542 -12.803473243489861 0.0
v 13.75861751002958 2.5803590090945363 0.0
v -10.621086608443875 -3.2986712232232094 0.0
v 5.821525902021676 -14.888784627430141 0.0
v 3.4124126093811356 2.33082618098706 0.0
v -2.3080623175483197 -2.989729054272175 0.0
v 1.0868356420542113 14.11175096500665 0.0
v 0.905637169838883 5.280862490646541 0.0
v 6.577340498683043 -11.087742745876312 0.0
v 7.121699740469921 -0.9823215398937464 0.0
v 2.862320226151496 -10.121876498684287 0.0
v -7.839151050662622 -4.075503029860556 0.0
v -3.634790742653422 0.03541343938559294 0.0
v -5.957392528129276 3.169736069627106 0.0
v 4.032789017015602 11.16140108089894 0.0
v 11.58112590922974 -11.260195991024375 0.0
v -8.458252600161359 2.710950014181435 0.0
v -1.7904479067656212 -12.41236793808639 0.0
v -8.64892655191943 -12.63078809902072 0.0
v -0.9788683893275447 -12.730343598872423 0.0
v 4.190279607020784 -7.67640127427876 0.0
v -11.671604508708697 14.439809933304787 0.0
v 5.024189576390199 -10.068706111051142 0.0
v 0.01605567493243143 13.762077553197742 0.0
v -3.8959854237618856 -4.81543804705143 0.0
v 4.58687116013607 11.155118050985038 0.0
v -12.902404525782913 -3.6457771714776754 0.0
v -4.270968442899175 12.573469853028655 0.0
v 0.9233853988698684 11.142860678955913 0.0
v -0.013364735874347389 0.8156220149248838 0.0
v -2.0174496175604872 -3.1608292125165462 0.0
v -6.439217761566397 5.143674888648093 0.0
v 11.23537159548141 -14.513086641207337 0.0
v 11.718062998377718 5.390391529537737 0.0
v 1.460710956249386 12.206348206847906 0.0
v 3.2942800741293468 -1.3889314457774162 0.0
v 2.4058133605867624 6.536890191026032 0.0
v 12.181713506754022 -11.172846894711256 0.0
v -3.7290471541928127 7.258237404748797 0.0
v -8.528678315051366 -12.738372514024377 0.0
v -6.832202907127794 1.451046041212976 0.0
v -0.7425437663914636 7.194395435974002 0.0
v -3.179843323712703 -10.624849109910429 0.0
v -12.923278801376 -11.588331907056272 0.0
v -2.196174996846821 -1.9466535076498985 0.0
v -9.414162320026662 -14.60364302340895 0.0
v 12.708931620931253 10.038123728707433 0.0
v -11.20288929779781 9.255174508318305 0.0
v -1.1180516208987683 -9.403685302473605 0.0
v -5.418617216986604 -13.57414793688804 0.0
v 0.013022382627241313 5.088564510457218 0.0
v -13.439194594684523 2.548478222452104 0.0
v 8.849539884540718 2.104281546548009 0.0
v -4.1879679129924625 7.024844543077052 0.0
v -2.943741477560252 -12.570283598266542 0.0
v -3.2889135529403575 9.159486775286496 0.0
v -9.801673068956006 -9.344519285485148 0.0
v 11.989462199795526 2.116545428521931 0.0
v -6.9758729302557185 -4.324438779614866 0.0
v -1.5541391111328267 -1.794303740374744 0.0
v -6.671309791738167 -2.260765631683171 0.0
v 3.431930698629003 -13.002490974031389 0.0
v -5.813457411539275 -9.970732674002647 0.0
v 5.965772916970309 6.71654518134892 0.0
v -2.194657870568335 -5.591419502161443 0.0
v -2.150607022223994 0.16135276947170496 0.0
v 10.383791112224571 -4.165319117717445 0.0
v 3.4697084688814357 -8.913349750451744 0.0
v -0.6624656456406228 -8.34873693343252 0.0
v -9.437622528464999 -2.795918356627226 0.0
v 7.629969700239599 12.359830727800727 0.0
v 7.788008271018043 -13.69427933730185 0.0
v 4.4279810875304975 2.5375994807109237 0.0
v -11.511717825371306 7.236660838127136 0.0
v -8.2501172638149 -1.9251872468739748 0.0
v -5.604190241545439 9.468611032702029 0.0
v -3.69412504369393 -0.6170864924788475 0.0
v -12.138143790478352 6.166642743162811 0.0
v -10.68216779769864 -5.075418472290039 0.0
v -3.0851869893376715 11.16530285589397 0.0
v 3.0160375846899115 -13.650350341573358 0.0
v -14.66975559538696 7.9163281340152025 0.0
v -12.095660677936394 -2.379728781990707 0.0
v -9.928454124368727 2.2205277364701033 0.0
v -13.295082514116075 14.130344499833882 0.0
v -7.243401902611367 9.918965173885226 0.0
v 4.032769816694781 4.485170796513557 0.0
v -11.861767997907009 5.444103087298572 0.0
v 2.985999985714443 -13.52553393971175 0.0
v 2.273170464206487 -14.556644013151526 0.0
v -12.678333461924922 4.857905834913254 0.0
v -13.683154489495791 -2.637381141074002 0.0
v -11.749085791641846 6.696963652037084 0.0
v -3.6476859307149425 2.6413958529010415 0.0
v 7.876415306411218 12.943212887272239 0.0
v -8.109727613918949 6.748933725990355 0.0
v 8.39494294958422 10.191150732338428 0.0
v 3.8888836038531736 -14.707463015802205 0.0
v 14.75884367589606 -0.5665835421532393 0.0
v 11.083150577906054 -8.405997976660728 0.0
v 4.629808286204934 10.167702098377049 0.0
v 13.256688395806123 -13.127118582837284 0.0
v 12.3670041031437 1.2229275107383728 0.0
v 9.577245331660379 -8.971632776781917 0.0
v -7.431644672818948 -4.6923182951286435 0.0
v 0.6774089655955322 14.912768443115056 0.0
v -2.91326737444615 8.45919830724597 0.0
v -14.469348411948886 5.210671249777079 0.0
v 8.295675339060836 -11.986062403768301 0.0
v -0.24667057790793478 -11.380491755902767 0.0
v 10.106209683523048 -3.1714417077600956 0.0
v -6.308103233401198 -7.408803707920015 0.0
v -7.5792522737174295 7.1935684802010655 0.0
v 14.4024773305282 -4.053052292205393 0.0
v -10.222578969202004 10.05275147408247 0.0
v -12.904751301452052 -8.799809479154646 0.0
v -2.4255380616523325 -14.415757592767477 0.0
v -1.0956812152871862 5.298954624682665 0.0
v 12.10610628547147 -4.674125750549138 0.0
v 12.731148161110468 -5.946275630034506 0.0
v 0.7839446235448122 4.1843825951218605 0.0
v -13.82000820612302 -6.859792318195105 0.0
v -0.900832170562353 -4.436798977665603 0.0
v -3.393343796778936 -4.835609660483897 0.0
v 5.573933275940362 -5.667654247023165 0.0
v -0.3649041803437285 -8.747654124163091 0.0
v -14.963245528109837 0.3003271669149399 0.0
v -2.7262915208702907 -0.5366383558139205 0.0
v 5.923154946358409 8.66617650538683 0.0
v -4.469242421735544 1.4093018369749188 0.0
v -13.38379484845791 -4.0414244793355465 0.0
v -8.32002481323434 1.882691590115428 0.0
v 1.430285203794483 -3.6757181771099567 0.0
v 0.41210535616846755 9.789017848670483 0.0
v -6.9384808911709115 -8.44265849236399 0.0
v -5.124032854218967 -14.259789296425879 0.0
v 7.008149463741574 10.429403643123806 0.0
v 7.926948094973341 -9.703435555100441 0.0
v 5.325274128292222 12.754609679803252 0.0
v 4.127624397457112 -0.7800355451181531 0.0
v 5.715777853212785 3.8359954226762056 0.0
v -12.672984125092626 -4.005434131249785 0.0
v 9.364169846347068 4.497689704410732 0.0
v -0.9969798317179084 -6.295299773104489 0.0
v -9.387518483621534 -12.46403241995722 0.0
v 0.9828984191990457 3.6561350720003247 0.0
v -9.750714275229257 -10.08227127417922 0.0
v 6.6103872655075975 8.287425501272082 0.0
v 3.6629210131941363 1.866970058530569 0.0
v 9.468279271153733 6.506065194495022 0.0
v 6.361003645928577 -1.914679610170424 0.0
v 9.032337542506866 -8.43035731650889 0.0
v 4.500881303509232 7.758031253702939 0.0
v 3.625239763816353 -10.018794321455061 0.0
v -11.375774545536842 -6.561419965699315 0.0
v -1.4664283778402023 -12.991540601477027 0.0
v 1.554629999154713 -1.2438216945156455 0.0
v -7.913926283479668 0.3453493816778064 0.0
v -13.598374247609172 -4.355841865763068 0.0
v -2.4974690895178355 -7.145825265906751 0.0
v 2.261520058615133 5.537223962135613 0.0
v 13.550570955558214 4.722044153138995 0.0
v 13.284414978232235 -5.756097166799009 0.0
v 9.925055036845151 -13.248241565190256 0.0
v -1.9236803222447634 1.9862665394321084 0.0
v -2.7616652480210178 -3.0900208838284016 0.0
v 14.845846739946865 -13.34527925774455 0.0
v -8.525667669135146 -13.977390090934932 0.0
v 7.412451530515682 -9.775487339124084 0.0
v -7.136694529675879 11.961829416453838 0.0
v 0.4172396119683981 2.4392683589830995 0.0
v 3.733745686826296 -13.525281039066613 0.0
v 3.141203421575483 -0.9519027145579457 0.0
v -12.145868584222626 -11.310778219252825 0.0
v -1.4872587209101766 -10.57724614161998 0.0
v 14.37937778106425 -1.2446720153093338 0.0
v 5.141749125439674 -1.8220430817455053 0.0
v -3.3017688328400254 0.8933162987232208 0.0
v 5.61720720800804 5.2068478660658 0.0
v 6.426684272184502 12.709343456663191 0.0
v 3.6259512322722003 9.744743178598583 0.0
v 14.489465834281873 -4.661943770945072 0.0
v -7.803598696773406 -11.765359174460173 0.0
v -0.23178626439766958 -6.799344326369464 0.0
v -12.3925296337693 -9.095012893900275 0.0
v 2.834944679751061 12.100186239928007 0.0
v -1.126233812305145 -11.842521330341697 0.0
v 10.30001560045639 -13.207904350943863 0.0
v -12.868155719887 -0.9502724129706621 0.0
v -7.683106339885853 14.756859640590847 0.0
v 10.098362552467734 -7.7118500005453825 0.0
v -14.554672573925927 -10.004460609517992 0.0
v -12.200766235997435 -2.312603653408587 0.0
v 14.451386256725527 -13.180853247642517 0.0
v -8.02036463614786 -0.5604555774480104 0.0
v -8.645352676627226 13.189252404496074 0.0
v -13.733115166192874 -4.4632550943642855 0.0
v -2.0246917586191557 -13.87883064057678 0.0
v 8.385656039288733 -4.855675698257983 0.0
v -12.066378235176671 10.879547507502139 0.0
v -5.2312343386001885 -0.1180412732064724 0.0
v -11.369631822919473 0.766433585435152 0.0
v 0.5198172403033823 -5.027329558506608 0.0
v -4.4489952236181125 3.0652010068297386 0.0
v -9.599887818738353 -6.95709140598774 0.0
v 7.849943118635565 12.148515170440078 0.0
v 7.050517226045486 7.768797151744366 0.0
v -0.4116155778756365 8.617793795652688 0.0
v 2.6730351700098254 -2.939200608059764 0.0
v 10.193523854075465 -6.728562223725021 0.0
v 12.606922723760363 7.479020681232214 0.0
v -3.5115456801722758 11.256998063996434 0.0
v 1.2638952370616607 -7.426247348077595 0.0
v -14.538215804379433 7.748300755396485 0.0
v -13.922502720030025 10.207796735689044 0.0
v 6.686872337013483 -12.136773264035583 0.0
v -14.935772185388487 -10.757170287892222 0.0
v -6.464957527176011 9.14432370942086 0.0
v 13.409402300370857 -7.907329166308045 0.0
v 7.33259640110191 -13.677108649164438 0.0
v -0.34571981604676694 -5.473708474077284 0.0
v 2.7200014042900875 2.0309541197493672 0.0
v 10.174933130969293 -14.920159900560975 0.0
v 11.460888612666167 -13.767172728665173 0.0
v 4.89565500797471 -12.973941251635551 0.0
v -11.98851416358957 -5.865594053640962 0.0
v -0.12478229409316555 13.464251299388707 0.0
v -8.855650267039891 0.6336910529062152 0.0
v 7.3763336192350835 -12.153547005727887 0.0
v 10.87522377766436 5.7071824837476015 0.0
v 13.852693128807005 -10.08432667888701 0.0
v 1.2869601371348836 -5.990556308068335 0.0
v -0.6932376358890906 4.947411770001054 0.0
v -0.9555047150934115 -10.196202082559466 0.0
v 0.3038382527884096 9.978606606833637 0.0
v 8.956921926292125 14.41392761375755 0.0
v 7.5884465222479776 -11.920765191316605 0.0
v 11.783592543099076 8.51014265883714 0.0
v 0.13399574696086347 13.894803143106401 0.0
v -8.473824049986433 -1.1416615871712565 0.0
v -13.634335686336271 -12.709955221042037 0.0
v 5.991149541630875 5.555005079135299 0.0
v -13.533088624943048 -13.589293231256306 0.0
v -11.918888008513022 -12.263583282008767 0.0
v 6.591551604738925 8.344436766579747 0.0
v -14.536249994009268 1.4656763020902872 0.0
v -9.89294718398014 3.944452823139727 0.0
v -13.822961135592777 9.392023115418851 0.0
v 5.343748677347321 2.066820867359638 0.0
v 8.57965410372708 4.518493666313589 0.0
v -3.7040411421912722 8.617826147004962 0.0
v -3.6885016577434726 -10.312071077525616 0.0
v 5.963112468481995 -3.1330058043822646 0.0
v -3.5898218383081257 0.9653559625148773 0.0
v 6.4303312778356485 -2.381962732411921 0.0
v -9.601515627116896 10.700669351033866 0.0
v 12.971058508206625 1.8557897666469216 0.0
v -4.520076906774193 4.314137042500079 0.0
v 7.6113953099702485 6.540632549673319 0.0
v 6.287436529411934 -11.073311929591 0.0
v -5.289454744139221 7.765045105479658 0.0
v 13.722744588681962 6.780510955490172 0.0
v -8.894216195738409 -12.005192381329834 0.0
v 8.241957118851133 7.980701488442719 0.0
v 3.2373724423814565 -11.861544421873987 0.0
v -1.4037828885484487 -7.7278334721922874 0.0
v 14.483138304029126 -6.24626053404063 0.0
v -0.6299169157864526 0.22181527316570282 0.0
v -7.023652888718061 14.226204205304384 0.0
v -11.232177135476377 -6.9106828505173326 0.0
v 5.340569686493836 5.671642581932247 0.0
v -6.064654366229661 -13.37629623990506 0.0
v -7.884436329710297 -11.770099296234548 0.0
v 11.778638145711739 -12.999036431312561 0.0
v 0.28580145339947194 2.0429126769304276 0.0
v 11.928553695091978 -9.051102478988469 0.0
v -0.7186006669071503 13.84032519068569 0.0
v 2.0759046440944076 -12.113526502624154 0.0
v 14.323282207653392 13.291441734880209 0.0
v -5.395301419193856 6.5887523321434855 0.0
v 14.760177474701777 0.7269447278231382 0.0
v -10.70296270120889 -3.821501810103655 0.0
v -3.0399245119770057 1.0182214472442865 0.0
v 2.9843338819919154 1.2681359872221947 0.0
v -0.3741823273594491 -3.4778820481151342 0.0
v 13.426124315417837 12.640597484074533 0.0
v -1.5613531427807175 -11.89401044510305 0.0
v -13.15559744933853 4.575123745948076 0.0
v -7.60247119324049 -9.994107829406857 0.0
v -10.231132811983116 6.185775192454457 0.0
v 2.138303168118 5.22754320781678 0.0
v -1.2917525364318863 10.255648304708302 0.0
v -4.068750181992073 5.270712931640446 0.0
v 0.5479024668456987 12.399177991785109 0.0
v -14.271342234336771 6.3784116599708796 0.0
v -13.173875835200306 -2.375554879195988 0.0
v -8.663249908888247 -9.279727184213698 0.0
v 2.8706380240619183 4.8753682831302285 0.0
v 8.560427401622292 4.537097476422787 0.0
v -1.0523981740116142 2.5129600316286087 0.0
v -12.134431843354832 6.657760971225798 0.0
v -4.055803318158723 -1.731341722421348 0.0
v 1.3897784930304624 -1.9142243098467588 0.0
v -10.057719999167603 3.3416398325935006 0.0
v 7.710150898783468 5.438091390766203 0.0
v -1.903439667483326 8.40191604476422 0.0
v 2.5639868472353555 4.572235055267811 0.0
v 9.30363252729876 -2.248845972120762 0.0
v 8.5464182086871 0.3358604619279504 0.0
v 8.664121431356762 5.416140898130834 0.0
v 8.187891414447222 8.448107205331326 0.0
v -8.946174399286974 1.5770165380090475 0.0
v -11.85019588866271 -2.9061515387147665 0.0
v -10.498388227075338 -14.679761746898293 0.0
v 1.072619800339453 5.44963735435158 0.0
v -2.9665810077567585 8.93707567639649 0.0
v 1.875348357949406 0.8451890796422958 0.0
v 2.37166931014508 -2.300151592120528 0.0
v -13.056746600253973 0.32692862767726183 0.0
v 6.323527225642465 -3.6686183596029878 0.0
v 5.159272406832315 -9.985759620554745 0.0
v 0.7894918487872928 14.977327529340982 0.0
v -7.731286050751805 -9.426201175898314 0.0
v 6.493036382948048 11.864568941295147 0.0
v -11.735760208102874 2.6354097798466682 0.0
v 12.71501342515694 13.17415136191994 0.0
v -2.0157801111927256 1.0691620595753193 0.0
v -2.6244119968032464 7.826924675144255 0.0
v 11.357796209631488 -11.162462620995939 0.0
v 2.364172435947694 -14.9530262760818 0.0
v 2.4493123266729526 5.921277756802738 0.0
v 13.93130040919641 5.052943181246519 0.0
v -1.1764902269351296 13.275768212042749 0.0
v -12.351453023962677 7.8236981416121125 0.0
v -2.5162757131038234 3.7328671971336007 0.0
v -0.47912099031964317 1.5824740501120687 0.0
v 1.484024676552508 -3.6562105510383844 0.0
v 9.11988909135107 3.5587456533685327 0.0
v -0.14146196329966187 -8.78651193343103 0.0
v -9.443748258403502 5.464849294163287 0.0
v -12.360993204812985 -8.176239063963294 0.0
v 10.483377658354584 -11.239925728179514 0.0
v -14.620053678925615 14.780701483599842 0.0
v 5.453437673044391 10.264542429707944 0.0
v -12.69004937907448 -9.33157864306122 0.0
v 3.913927447691094 -7.913249275647104 0.0
v 9.67808088066522 9.053563898429275 0.0
v -9.263681637414265 -14.402024731040001 0.0
v -0.2637394236517139 -5.132944242097437 0.0
v -0.8938743559410796 -14.509409120306373 0.0
v 6.192209644475952 -2.70890208799392 0.0
v 5.233782442635857 9.750810818746686 0.0
v 5.046369550051168 8.858632978983223 0.0
v 5.523286747687962 -2.749748601578176 0.0
v 5.2052258141338825 12.91480115428567 0.0
v 9.265402671415359 1.1359222838655114 0.0
v 8.956114288419485 1.6380460755899549 0.0
v -3.4249607467791066 -13.458285704255104 0.0
v -11.305373737006448 -4.010429058223963 0.0
v -4.324692441558 -1.4338346645236015 0.0
v 5.67191906546941 9.101076369173825 0.0
v 2.455376123136375 8.644318593665957 0.0
v 7.53130192408571 5.313960804603994 0.0
v 12.690644360089209 -6.653074635192752 0.0
v -1.4267238944303244 2.464722530916333 0.0
v 13.836367366078775 -6.573069614358246 0.0
v -3.271909362229053 0.7333137486129999 0.0
v 1.8297990036080591 14.616314102895558 0.0
v 0.4718591349082999 3.518639306537807 0.0
v 6.511393185413908 -5.18073249515146 0.0
v -7.351387492206413 -8.943440648727119 0.0
v 12.702671566221397 -6.478111936710775 0.0
v -12.377478820853867 -7.857094486244023 0.0
v -14.819957533851266 -7.904449385590851 0.0
v 6.846843213541433 -14.814789445139468 0.0
v 1.3912947792559862 13.341773121617734 0.0
v 11.347061842796393 -3.124872948974371 0.0
v 10.26779753685696 4.704871855676174 0.0
v 2.12249119480839 10.609174053184688 0.0
v 8.381731821107678 6.306039610877633 0.0
v -14.479288979026023 14.641931602731347 0.0
v -4.080673803284299 14.881548129953444 0.0
v 13.442347409552895 5.3063881024718285 0.0
v -0.30489086342277005 12.802396797575057 0.0
v 9.15284180326853 -12.819822130724788 0.0
v -6.957401235180441 -9.488168361596763 0.0
v -4.473184542148374 -1.9916344294324517 0.0
v 4.367426760203671 8.407143341377378 0.0
v -14.002134614274837 -5.851178758777678 0.0
v 8.814931376546156 -7.103675468824804 0.0
v -2.0383028669748455 -3.420949717052281 0.0
v -0.2072262293077074 14.885891201905906 0.0
v -7.164134561026003 -4.677746568806469 0.0
v -12.833195574348792 -13.579462022520602 0.0
v -8.75194444641238 7.52544263843447 0.0
v -11.882667185913306 -13.267300544306636 0.0
v -4.122905300580896 -0.5881375186145306 0.0
v 2.008838283480145 13.879009342752397 0.0
v -14.491178655356634 4.346420501358807 0.0
v -11.589262016466819 1.0775470454245806 0.0
v -8.593654194904957 9.781803438439965 0.0
v -12.667431555280928 -10.341476012021303 0.0
v 10.63463354576379 0.6174289071932435 0.0
v 0.8474038562271744 1.8853948526084423 0.0
v -8.823242880927864 12.619280632585287 0.0
v 9.274723474285565 -1.717626467347145 0.0
v -8.060895263275597 7.053505640476942 0.0
v 10.142194781859871 14.46774657908827 0.0
v 13.20581521675922 -1.6180958431214094 0.0
v 2.8052147298585624 -0.8646123185753822 0.0
v 13.536152710090391 8.454046920873225 0.0
v -0.9453523892443627 12.64742437005043 0.0
v 5.781947688839864 -14.246689012274146 0.0
v -13.631257254746743 -6.654966106638312 0.0
v -12.904408287373371 -3.75668915361166 0.0
v 13.203061525593512 -5.739203676581383 0.0
v 2.4224785587284714 -14.505504885688424 0.0
v -4.26424004213186 0.3327371794730425 0.0
v -14.125947041786276 3.6788872415199876 0.0
v -12.373332474206109 -14.909224410541356 0.0
v 1.2138525724876672 1.1429627612233162 0.0
v 2.232927651202772 -13.335897061042488 0.0
v -12.720686868357006 7.476470159366727 0.0
v 6.114757007802837 10.340992261655629 0.0
v 2.718610934156459 3.7831317959353328 0.0
v 4.592487850750331 -14.89156499505043 0.0
v 9.134073586727027 6.287441959604621 0.0
v -13.12095511588268 -14.949142344295979 0.0
v -5.322422705765348 -13.10222613811493 0.0
v -11.08370731776813 -4.413966712541878 0.0
v 10.02038705087034 13.502221506088972 0.0
v 8.053099355776794 9.208661559969187 0.0
v -10.782846796268132 -4.2406747648492455 0.0
v 13.986182321910746 -2.831616689451039 0.0
v 3.2373458580696024 -1.7279462469741702 0.0
v 11.139612864761148 7.61823024135083 0.0
v 6.362918886530679 5.955076771788299 0.0
v 8.961610612517688 1.3961937092244625 0.0
v -5.329642825992778 5.342511581256986 0.0
v 10.920761348563246 13.756838225759566 0.0
v 13.423675757832825 -11.896932672709227 0.0
v 7.048835742287338 3.73518783506006 0.0
v 4.821428579802159 10.7607896104455 0.0
v 3.9184722133213654 -13.326677249744534 0.0
v 8.243402852327563 14.3611392211169 0.0
v 14.415364784072153 -5.598867051303387 0.0
v -7.50690736901015 -8.286400906741619 0.0
v -9.02024244691711 2.774143829010427 0.0
v -5.820420293137431 -3.009940314106643 0.0
v -3.212189484620467 -7.35381705313921 0.0
v 0.3155913276714273 0.7819924596697092 0.0
v 7.546514364308678 -1.7814815351739526 0.0
v 7.0811342798988335 -11.121648034080863 0.0
v 8.740445820440073 14.152677856385708 0.0
v 3.553313897922635 12.052496613003314 0.0
v -2.2251585706835613 5.965774266980588 0.0
v 13.193752600171138 -13.995567616075277 0.0
v 10.512482861930039 13.210754417814314 0.0
v -13.491358866391238 -13.730639968067408 0.0
v 7.528828342678025 8.886672523804009 0.0
v 13.579466878436506 12.149143639951944 0.0
v -14.039332024520263 6.005579199641943 0.0
v -12.157940612058155 -8.050606141798198 0.0
v -2.793634730798658 -12.093505988828838 0.0
v 13.250386465457268 -4.01325648277998 0.0
v 9.482533549831714 -5.490444362163544 0.0
v -1.054631429258734 -13.636241128668189 0.0
v 8.654054662038106 -6.588816222734749 0.0
v -10.414116212399676 -1.970852755010128 0.0
v -6.910845055652317 -7.57808278221637 0.0
v 4.738870550994761 9.54120825137943 0.0
v 6.153858234349173 -4.411691524088383 0.0
v 3.2690960329491645 2.6255150716751814 0.0
v -1.67375224159332 8.404876979067922 0.0
v 4.612219602393452 -0.6925583183765411 0.0
v -4.384652113250922 -11.644290960393846 0.0
v 11.317842715943698 1.7117331642657518 0.0
v -13.686396160512231 1.2329027075320482 0.0
v 14.291223794629332 7.35869625210762 0.0
v 12.773206555342767 9.78443771507591 0.0
v -1.9909524216782302 -10.000690843909979 0.0
v 9.618240119772963 3.2303971964865923 0.0
v -10.629057268961333 13.939688044600189 0.0
v 2.3324153682915494 -14.748061569407582 0.0
v -7.028606389183551 -9.057078029960394 0.0
v 10.43376947491197 13.224102444015443 0.0
v 3.6612190006417222 -4.08283615950495 0.0
v -3.6081063536112197 14.67590652499348 0.0
v 1.7016672499594279 -13.659425051882863 0.0
v 9.60780307103414 -4.878145890310407 0.0
v -11.162376371503342 11.1567906094715 0.0
v -8.560189080948476 6.029873978346586 0.0
v 13.466091421840247 -0.8112255008891225 0.0
v 8.715403531095944 -9.849148468114436 0.0
v -2.062833715113811 -7.598033560439944 0.0
v -5.701714917842764 -7.167541807517409 0.0
v -10.249372472404502 -2.5508705200627446 0.0
v 11.873706260172185 -1.072314890101552 0.0
v -2.1626878184615634 2.7877169037237763 0.0
v 7.044772794644814 -4.8467964213341475 0.0
v 10.245831640786491 2.8764642365276814 0.0
v -12.231090001994744 -8.914467406459153 0.0
v 14.869689559796825 -0.3184078522026539 0.0
v -6.376539948862046 -5.7179732080549 0.0
v 8.728917394124437 11.792519082315266 0.0
v 3.447444941732101 10.048173421062529 0.0
v -6.448352490027901 -8.25625900644809 0.0
v -7.442753134295344 -8.20129416603595 0.0
v 7.786154976114631 -0.002904297783970833 0.0
v 7.320691059459932 -6.936427048407495 0.0
v -13.79807999683544 -9.433255197480321 0.0
v -14.924911413574591 -12.137255821377039 0.0
v -5.2293987913872115 -10.737800571136177 0.0
v -1.0767287007183768 -14.49162738583982 0.0
v -3.4763506183517165 11.705675208941102 0.0
v -1.866788198472932 6.463161106221378 0.0
v -1.720005140057765 -14.585379666648805 0.0
v 12.966115796240047 6.312460170127451 0.0
v -3.6368527605663985 12.47918230574578 0.0
v -5.281956480816007 14.439160687848926 0.0
v -6.190469863417093 10.10888288822025 0.0
v -3.2814102931297384 9.952241545543075 0.0
v 7.031576787412632 -1.1566264983266592 0.0
v 7.046196459385101 7.551568483002484 0.0
v 11.092986089002807 7.910659433342516 0.0
v -9.576215143373702 7.595671372488141 0.0
v 5.343659542733803 10.375277329236269 0.0
v 7.646563472226262 7.598881341516972 0.0
v 8.308337653870694 2.307110938243568 0.0
v -0.9805844033253379 -11.481625827029347 0.0
v 0.18521554162725806 -10.379371236078441 0.0
v 1.6211172788171098 -6.762180654332042 0.0
v -10.267245527706109 -1.9749982468783855 0.0
v 6.203835841501132 5.9065940994769335 0.0
v -13.575188963208348 -3.323953216895461 0.0
v -4.124001759511884 -5.122949995100498 0.0
v -10.377159984607715 -10.874506185762584 0.0
v -9.391532410751097 8.784118900075555 0.0
v -5.441000775666907 -14.333617113530636 0.0
v 8.37023584189592 0.06604863796383142 0.0
v 9.84933026280487 0.3719441192224622 0.0
v -6.6132577791577205 1.2554728677496314 0.0
v -8.155001312377863 -0.6595513820648193 0.0
v -2.469371276674792 1.5312495362013578 0.0
v 7.549315983778797 -1.7144571328535676 0.0
v 11.953296739782672 -0.1360806431621313 0.0
v -13.874650405719876 -11.696667494252324 0.0
v -14.888361309014726 8.608709719963372 0.0
v 13.184836532222107 4.707599480636418 0.0
v 13.34747097210493 3.68359350040555 0.0
v -3.624931241152808 7.756407502107322 0.0
v 13.552782217157073 -6.727353885769844 0.0
v -13.27390999358613 1.831588564440608 0.0
v 5.4622720830957405 12.454216015525162 0.0
v 7.724078490049578 -5.739083334803581 0.0
v 10.830903555848636 5.969761160202324 0.0
v -12.618399764876813 11.322081182152033 0.0
v 3.285895880195312 12.479128644801676 0.0
v -6.730490440269932 14.990274756215513 0.0
v -13.604971900233068 -5.332636098377407 0.0
v 10.078401637438219 -8.091993601992726 0.0
v 5.86571908131009 11.309843528084457 0.0
v -14.201813328952994 -3.3020473029464483 0.0
v -8.475324719038326 -13.185436063446105 0.0
v -3.870426701847464 -9.626018905080855 0.0
v 11.383179475029465 -7.928377935662866 0.0
v 2.3130104979500175 8.651128960773349 0.0
v -6.83518283063313 -8.933137043379247 0.0
v -7.0579013377428055 12.925414246506989 0.0
v -9.763103681849316 -6.452415633946657 0.0
v -0.08107939170440659 -6.4189968863502145 0.0
v -12.528028629138134 4.915946150198579 0.0
v -2.450205661705695 4.307814145460725 0.0
v -9.58950578229269 -11.154191318899393 0.0
v 13.820741913921665 4.688810254447162 0.0
v 8.596888383384794 4.686276012100279 0.0
v -8.633006236224901 -4.45101603679359 0.0
v -14.856720416224562 3.078292055055499 0.0
v 7.515935066447128 5.150067177601159 0.0
v 14.773289217613637 7.715761117637157 0.0
v -14.580334387894254 2.989602499641478 0.0
v -7.959664182097185 5.779522233642638 0.0
v -5.361717418883927 13.97241635993123 0.0
v -7.656869087193627 3.5534053687006235 0.0
v -13.285740539664403 3.393773569725454 0.0
v 6.357207863242365 -12.150478794239461 0.0
v -5.668116689834278 13.765255654230714 0.0
v 11.972019899752922 8.445740958675742 0.0
v 12.112169926229399 -0.400855234824121 0.0
v -2.344267876644153 -11.1597152762115 0.0
v -11.098499738203827 -5.069347181357443 0.0
v -2.161383762722835 -2.2555915219709277 0.0
v 13.88178945420077 -8.85075513087213 0.0
v 2.3794860167545266 12.705135246738791 0.0
v 5.636913678899873 7.6447200160473585 0.0
v -3.801310642680619 -14.39000257384032 0.0
v 9.409456156019587 11.25788610149175 0.0
v -9.327546159503981 1.0226983111351728 0.0
v 11.670173571445048 10.100141963921487 0.0
v -12.513447001460008 -10.064306903630495 0.0
v -10.440639352600556 -8.522101934067905 0.0
v -11.385951580828987 12.80649047344923 0.0
v -9.874554965819698 -2.3185774916782975 0.0
v 6.931337884336244 -1.6671703793108463 0.0
v 9.19220635399688 13.814008460380137 0.0
v 10.447075374249835 13.842700365930796 0.0
v -13.148073386517353 -4.498773778788745 0.0
v 3.195403585676104 -4.598659469746053 0.0
v -0.7633487544953823 -1.846810040064156 0.0
v 8.377377099532168 -4.224928854033351 0.0
v 11.227742824528832 -2.855349710211158 0.0
v 13.213732631178573 -11.45395736861974 0.0
v 1.8727770134573802 -1.896615200676024 0.0
v -0.4270853697671555 -2.9281485872343183 0.0
v 11.327473981305957 -11.939248253591359 0.0
v -12.895226421242114 -7.437618034891784 0.0
v -12.138404413824901 9.888729794882238 0.0
v 14.146453614986967 -14.451734161935747 0.0
v -1.8746845420682803 -0.7215945217758417 0.0
v -10.743654476827942 -3.186751503497362 0.0
v 9.122942997550126 -2.5346993505954742 0.0
v 1.7401180767919868 -8.192338686436415 0.0
v -12.948643978626933 9.468722871504724 0.0
v 7.68074872152647 -2.272373448126018 0.0
v 14.712300185055938 2.067296829074621 0.0
v -14.81941511691548 13.699663263745606 0.0
v 6.308876495342702 4.190528655424714 0.0
v -12.114350500167347 -2.6883480940014124 0.0
v -10.314710421371274 14.0948557080701 0.0
v 0.3094239938654937 -12.690874796360731 0.0
v 10.464669080858584 2.260660012252629 0.0
v 5.504141243989579 8.366732683964074 0.0
v 12.723912103334442 -10.616208689287305 0.0
v -5.036394988652319 7.880065148696303 0.0
v -10.507254230964463 -1.1423447765409946 0.0
v 8.15924511407502 13.577519643120468 0.0
v -9.812795163714327 -0.6207536030560732 0.0
v 3.9525883456808515 -6.745375894010067 0.0
v 4.823080639354885 -0.186926762573421 0.0
v 5.804507925698999 9.41143910586834 0.0
v 14.159439671726432 -14.385460847057402 0.0
v 3.256446127721574 -1.0482341721653938 0.0
v -0.056063029274810106 -5.537437241524458 0.0
v -14.653835340286605 -0.3133076801896095 0.0
v 12.33028113632463 -7.827712302096188 0.0
v 1.3285232407506555 -4.234912000596523 0.0
v 7.338719351158943 12.76558208744973 0.0
v 12.727274929115083 6.25163253210485 0.0
v 7.816862830251921 -2.729994159191847 0.0
v -1.176808022253681 4.745819964446127 0.0
v 7.3807641575695015 -3.909024084918201 0.0
v 11.095011455356143 9.687129324302077 0.0
v 1.3872967502684332 -7.026847057044506 0.0
v 7.0517542253946885 -6.593154306523502 0.0
v 4.455619223124813 7.022949541918933 0.0
v -10.074627813941333 -10.224541252478957 0.0
v -2.6600451493868604 -8.895230568014085 0.0
v 13.271705615799874 -0.5744964387267828 0.0
v -14.652482567995321 -0.8759577255696058 0.0
v 13.866854576510377 9.461927708238363 0.0
v 12.944802806188818 -11.456978434696794 0.0
v 9.596741344605107 -1.6737735532224178 0.0
v 8.651696954562794 -1.5663049966096878 0.0
v -3.134480146865826 3.1267298413440585 0.0
v -4.482131029712036 -14.413540568202734 0.0
v -14.097373259428423 6.030824619345367 0.0
v -1.005312409659382 -11.32368453592062 0.0
v 2.7183095371583477 13.058942516334355 0.0
v -8.668877116288058 14.70365181285888 0.0
v 1.6502457982860506 -6.646795731969178 0.0
v 13.28940309205791 0.941778932698071 0.0
v -10.322036652301904 13.670176781713963 0.0
v -10.64962727978127 -12.676071166992188 0.0
v -6.11518434016034 6.2563146483153105 0.0
v -3.0448742159060203 -9.526834452524781 0.0
v 13.1200593955582 1.8827463444322348 0.0
v -0.4475219572195783 6.8665370512753725 0.0
v 3.7536065396270715 -9.6851198496297 0.0
v 2.280023731465917 8.161545996554196 0.0
v 2.6412331238389015 8.69931286945939 0.0
v -10.261252844706178 12.068179953843355 0.0
v -4.93651448818855 -13.573278526775539 0.0
v 10.644313541648444 -5.736086457967758 0.0
v -12.486958007095382 5.099270597100258 0.0
v -5.819605142751243 -14.796817747876048 0.0
v -14.252138205687515 6.9028061190620065 0.0
v 12.030110590334516 11.319832927547395 0.0
v 14.959923042566516 -7.764693611301482 0.0
v -1.5422531605581753 8.746807262301445 0.0
v 7.313841128023341 13.269370194524527 0.0
v 3.965250986162573 7.37959473952651 0.0
v 4.620443408435676 -7.883784707635641 0.0
v 8.096344261197373 3.7277029575780034 0.0
v 6.168300265620928 -3.9298290833830833 0.0
v 14.611858865595423 -8.902649484574795 0.0
v 6.276957678201143 -12.920899854041636 0.0
v -14.188328636111692 10.205222049728036 0.0
v -8.896030552801676 1.7191844349727035 0.0
v 14.573259710159618 6.619442421942949 0.0
v -6.318816221260931 -12.124065967276692 0.0
v -4.909731476742309 -0.5166884167119861 0.0
v -9.034661590238102 -0.45446166675537825 0.0
v 0.8578338418155909 4.722393175587058 0.0
v -10.652734979230445 -0.43957465793937445 0.0
v 14.643160558014642 -0.19905719254165888 0.0
v -1.1681292008142918 -2.5245748003944755 0.0
v -6.38459073897684 -3.5782264107838273 0.0
v -5.305859976448119 9.004724068567157 0.0
v -7.7919326417613775 7.360909927636385 0.0
v 4.110462946235202 -14.311485695652664 0.0
v -6.7757120677269995 -0.5687724435701966 0.0
v 5.966674444789533 2.9352471958845854 0.0
v -2.9220532154431567 -7.139860142953694 0.0
v 7.275204366538674 0.0010425355285406113 0.0
v -9.66143249598099 -3.2432548934593797 0.0
v 8.892742193304002 -8.646479818038642 0.0
v 6.703478836629074 -2.9066583970561624 0.0
v 12.795097603695467 -6.078803733922541 0.0
v -13.610929070913699 -0.6052236277610064 0.0
v 13.215282450604718 -2.2626570081338286 0.0
v -4.822590900585055 10.614331577904522 0.0
v -7.764504633145407 5.655958249233663 0.0
v 9.684895816550124 0.5285373721271753 0.0
v -4.061351667915005 -0.5922720516100526 0.0
v 0.4839462000527419 -7.756607750430703 0.0
v -8.09302975871833 2.3341962872073054 0.0
v 2.305978052376304 6.078065987676382 0.0
v -11.416437024541665 3.8064798852428794 0.0
v -4.614376126148272 12.546225994825363 0.0
v 10.966473725042306 14.062998404726386 0.0
v -13.199521277507301 2.992610653862357 0.0
v -4.5751471284311265 5.822257839143276 0.0
v -5.194499433739111 -0.10180475283414125 0.0
v 12.075781033316161 -6.474797361530364 0.0
v -3.4291289870161563 3.9055349500849843 0.0
v 7.206219964311458 13.39675104431808 0.0
v 2.102224268950522 -8.946370300836861 0.0
v 2.6285104965791106 8.285735676065087 0.0
v 3.6609221966937184 -9.37528270855546 0.0
v -10.696847086132038 6.3121190294623375 0.0
v -8.891707722679712 -10.258836119435728 0.0
v -3.8094551474787295 -8.248781081289053 0.0
v -10.619273148360662 3.1459608636796474 0.0
v -12.349897947278805 0.5389209873974323 0.0
v -4.607621713774279 5.780038821510971 0.0
v 13.10921068803873 11.47076826915145 0.0
v -5.031405121961143 1.387710589915514 0.0
v -7.999235839408357 -3.482445870526135 0.0
v -1.0624583597527817 -5.338560683652759 0.0
v -11.29276080004638 -12.074960049241781 0.0
v 14.382677314511966 -9.846873784437776 0.0
v -5.5765508965123445 13.06434016302228 0.0
v 2.122281073941849 5.055210857652128 0.0
v -0.3082097562146373 12.760024674236774 0.0
v -9.725802858476527 14.655064298771322 0.0
v -12.2136745469179 1.2899717576801777 0.0
v 9.484460322011728 1.393048556521535 0.0
v 9.750552992511075 6.412437071092427 0.0
v -12.626452062977478 -1.635801861062646 0.0
v -10.224851755367126 9.812477150000632 0.0
v 14.315424989617895 -10.50991837773472 0.0
v 8.91471082076896 -5.51246300060302 0.0
v 14.559715748007875 -14.200461763888597 0.0
v -8.013437204877846 -1.6347284596413374 0.0
v -11.300125966139603 -9.420575545169413 0.0
v -8.58572559960885 -2.8609251510351896 0.0
v 1.0279647698625922 -12.338394449092448 0.0
v -10.729091934801545 2.3459082525223494 0.0
v -7.572629185859114 5.690896200016141 0.0
v 1.0038103472907096 -12.498315474949777 0.0
v 14.733166745107155 -9.71744667366147 0.0
v -11.795446675387211 -11.58671389799565 0.0
v -4.072886111098342 -4.436259924434125 0.0
v -1.7753718442982063 5.2466805493459105 0.0
v -5.0120582829695195 -4.707640245556831 0.0
v 4.564223146822769 -6.964198863133788 0.0
v 0.768670050019864 -12.061410975642502 0.0
v -11.800738712889142 6.529027805663645 0.0
v -8.035991204087622 8.896530425176024 0.0
v -1.769845143717248 -7.725352609530091 0.0
v 6.501831122965086 -10.115035691298544 0.0
v -3.0285101919434965 4.722669136710465 0.0
v 10.36476312938612 -8.664357157424092 0.0
v 13.384719969588332 10.631049784831703 0.0
v -7.4817216715891846 -12.246685049496591 0.0
v -0.15363993117352948 -1.6325920447707176 0.0
v 7.875915301789064 7.888927968218923 0.0
v -2.4753545648418367 6.0092442482709885 0.0
v -14.060251888586208 -6.626947949640453 0.0
v 10.552616956934799 3.369742115959525 0.0
v -5.796976460434962 -6.587432113476098 0.0
v -0.5839699324569665 5.597576652653515 0.0
v -3.7698181663872674 -3.312533645890653 0.0
v 7.641260252567008 -2.010499850846827 0.0
v 14.614421155129094 9.38018472213298 0.0
v -1.9846122213057242 -2.7994720954447985 0.0
v 5.339446833415423 -10.92584449518472 0.0
v -2.4921168256551027 -14.663949114270508 0.0
v 7.249904474418145 -12.501137716695666 0.0
v -2.9339316200930625 4.432144297286868 0.0
v -5.546299104811624 -7.094532213173807 0.0
v -6.014425583591219 -9.864670508541167 0.0
v -7.860028120456263 -8.568865889683366 0.0
v 0.07176102010998875 -7.849293095991015 0.0
v 6.926167775178328 4.329549999907613 0.0
v 14.001131695811637 5.3124073361977935 0.0
v -1.7023323163739406 14.927545446902514 0.0
v -0.3022067525307648 3.734675575979054 0.0
v -0.13797898963093758 -5.503387098200619 0.0
v -9.848866915912367 -9.10310249403119 0.0
v 11.81421455781674 -13.681980976834893 0.0
v 2.890197463100776 -13.134314831346273 0.0
v -14.833829156879801 -0.09995219018310308 0.0
v 10.742757401952986 -13.832882856950164 0.0
v -8.918028778163716 1.8877667635679245 0.0
v -9.157544239424169 -11.440175196155906 0.0
v 13.192295287444722 -5.918408341705799 0.0
v 2.9325981726287864 10.385328435339034 0.0
v -5.77775379398372 6.081584009341896 0.0
v 11.771859292057343 -4.535472109913826 0.0
v -6.133886278083082 -6.38091345410794 0.0
v -9.319439384911675 0.20489371195435524 0.0
v -9.812820095394272 -8.849269569851458 0.0
v 6.956999600864947 12.430402151308954 0.0
v -1.8689014299307019 10.242588340304792 0.0
v -10.446409234136809 -3.493610693141818 0.0
v 13.972221128002275 4.812140182591975 0.0
v 0.5992602858459577 6.749438434839249 0.0
v 6.747380884247832 -1.4439450968056917 0.0
v -0.23328183265402913 -7.915103926323354 0.0
v -1.1213020866853185 7.422558658756316 0.0
v -9.03187857021112 -1.3385682394728065 0.0
v -13.974343714071438 3.415202341042459 0.0
v -1.677554311172571 13.564102080650628 0.0
v 13.229612895695027 7.795367953367531 0.0
v -0.6931789130321704 -10.753506490960717 0.0
v 3.937460313842166 14.099458372220397 0.0
v 8.778795348480344 5.578018283471465 0.0
v -2.351494370319415 -7.611076735891402 0.0
v 12.360023837303743 -14.388208561576903 0.0
v 0.9897859931224957 -1.1260909298434854 0.0
v 5.21903556631878 4.273548276163638 0.0
v -3.746698428178206 -6.548566616140306 0.0
v -8.475727041251957 8.232619792222977 0.0
v -3.3386078850599006 -14.614183392375708 0.0
v -13.877030846953858 -9.920545901171863 0.0
v 10.630963308503851 -13.492625121027231 0.0
v 4.05039882886922 -12.228241842240095 0.0
v 7.177131173317321 -7.741121643222868 0.0
v -4.540899019688368 2.7481625489890575 0.0
v -5.569139301835094 -8.959373771212995 0.0
v -9.746668394771405 0.796324111521244 0.0
v -10.834158413752448 -10.462372343055904 0.0
v -12.24270931375213 -5.1038568764925 0.0
v 6.040369004942477 -6.4592944625765085 0.0
v 12.755910776730161 0.3439046936109662 0.0
v -0.3741586026735604 -12.60849552322179 0.0
v 14.523178090690635 10.213789841160178 0.0
v -5.166232682182454 -9.06936373282224 0.0
v 9.10474289971171 7.3680947767570615 0.0
v -1.914285686565563 7.640959650278091 0.0
v -9.470257710956503 11.907355014234781 0.0
v 12.820848264440428 10.114568402059376 0.0
v 0.5493977856822312 8.886990956962109 0.0
v 12.565329371020198 4.090525919571519 0.0
v -11.438766460982151 -12.186564166098833 0.0
v 2.028485722374171 -6.601616719737649 0.0
v 0.8435906521044672 -12.55665364395827 0.0
v 9.334294845990371 -6.570098056457937 0.0
v -5.312611632922199 3.5866051577031612 0.0
v -5.441132658626884 9.654316673986614 0.0
v -10.803162098978646 -8.568177413195372 0.0
v -13.71648682130035 3.3430128395557404 0.0
v -9.36309068830451 -4.536045982502401 0.0
v -14.488286568433978 -2.6110884957015514 0.0
v 8.859156549850013 11.526319134049118 0.0
v 10.187399874674156 -7.738726073876023 0.0
v -9.114230099017732 -12.47522462066263 0.0
v -0.19601192098343745 12.927910760976374 0.0
v -10.047899934113957 -13.42398027330637 0.0
v -9.998008020862471 7.422827717848122 0.0
v 11.20588656316977 3.469291995279491 0.0
v 4.798740096972324 2.100660533644259 0.0
v 11.61251451796852 -12.717476293444633 0.0
v 4.3009293845971115 -10.448040082119405 0.0
v -4.340642796014436 9.798677938058972 0.0
v -14.815509840496816 -1.9868785422295332 0.0
v 8.624397259671241 -1.2301929332315922 0.0
v 11.359943064628169 -11.987313827499747 0.0
v -3.9072593771270476 -1.0104410257190466 0.0
v 6.672162191593088 4.6876283241435885 0.0
v 10.422114458517171 8.348113210871816 0.0
v -5.151137548906263 2.764217962510884 0.0
v -3.6918783264118247 2.5296390652656555 0.0
v 4.795233120210469 1.6754927607253194 0.0
v -11.656950580945704 4.585370507091284 0.0
v 14.9475759138586 10.906089041382074 0.0
v -5.742621984099969 5.163550961762667 0.0
v 11.032589187670965 9.185387536883354 0.0
v -2.402749600703828 4.7156438594684005 0.0
v 5.980993777629919 -0.6761332899332047 0.0
v -4.431414355407469 -7.7485900186002254 0.0
v 7.170567052089609 -6.343222842551768 0.0
v 9.396813291823491 8.642224964685738 0.0
v 11.639512668247335 -8.8166624000296 0.0
v 0.5165093907271512 0.8244103342294693 0.0
v -7.721901258686557 -13.045334070920944 0.0
v -6.17257091391366 -9.792411155998707 0.0
v 9.575633552798536 12.489483563229442 0.0
v 11.287217420409434 14.404509406536818 0.0
v 13.225310021778569 -14.266264730133116 0.0
v 4.261929683096241 10.425609858706594 0.0
v 9.695652893919032 -8.163752569817007 0.0
v 1.8387888335273601 3.3494226718321443 0.0
v -13.292262646951713 1.8690928015857935 0.0
v 9.302532365021762 9.425656612031162 0.0
v -7.63086910097627 -4.279963701032102 0.0
v -10.420683519914746 -6.458045285195112 0.0
v -4.146809684694745 0.3020542738959193 0.0
v -7.377099391655065 5.255167328752577 0.0
v -9.03183519828599 -3.2534946873784065 0.0
v 4.044196876464412 -0.007737237960100174 0.0
v -1.8572205339442007 -1.3922005612403154 0.0
v -10.324203241907526 -6.967113803140819 0.0
v 1.748255338636227 0.8211753834038973 0.0
v -12.741405809414573 9.475314392708242 0.0
v -6.423596606648061 -2.0598243344575167 0.0
v 5.990505235677119 -11.906811524182558 0.0
v -13.367262610350735 -4.514955275692046 0.0
v 3.8523778978269547 5.3837150717154145 0.0
v 2.9205592914368026 13.60169306769967 0.0
v 10.113380016118754 -8.820861033163965 0.0
v -6.833527455397416 -6.515763476490974 0.0
v -5.782305532949977 -9.617538529448211 0.0
v 3.642848262563348 9.802335270680487 0.0
v 7.996953058347572 -7.152538704685867 0.0
v 8.523343954235315 -9.369414890184999 0.0
v -14.41101135709323 -1.4576293360441923 0.0
v -0.05695938802091405 -11.302587565034628 0.0
v 14.52091293653939 14.302644172683358 0.0
v -4.2389074266538955 10.929336895234883 0.0
v 8.05433258076664 9.010820845142007 0.0
v 13.030493476253469 -1.3139599589630961 0.0
v -13.588978646730538 -6.504383551888168 0.0
v 1.7466879586572759 -8.077607603743672 0.0
v -0.8012801469885744 3.1699802484363317 0.0
v 14.2590952856699 -9.387770470231771 0.0
v 6.7830894405487925 -8.695680913515389 0.0
v -8.863459963002242 -5.537865552119911 0.0
v 0.9442169276298955 12.115851143375039 0.0
v -14.828569933248218 0.7513350574299693 0.0
v 3.8021466030040756 -2.8952591829001904 0.0
v 1.3320263787172735 1.4746140539646149 0.0
v 8.207756423100363 -12.4922034451738 0.0
v 0.12796920823166147 -12.73847984150052 0.0
v 5.364162286801729 10.910178866237402 0.0
v -9.966701346274931 8.496678723022342 0.0
v 10.756795996800065 11.946883610449731 0.0
v 1.133656958816573 3.1461334777995944 0.0
v 10.168857143144123 7.11289345100522 0.0
v 2.2003977748099715 -9.569613288156688 0.0
v -11.472306396404747 10.231893071904778 0.0
v -4.671605187526438 -8.004220178350806 0.0
v -13.60395005060127 -11.390079092234373 0.0
v 14.050521660188679 -13.318601514212787 0.0
v -10.561353159544524 -5.306224975734949 0.0
v -4.829118869500235 -2.048770185559988 0.0
v 9.429079146357253 -1.4830333525314927 0.0
v 2.7814324906212278 1.5127867152914405 0.0
v 11.74070797150489 0.26745464839041233 0.0
v 10.441755888052285 -10.190965649671853 0.0
v 9.5699893454439 6.950598422437906 0.0
v 1.8633643028442748 -0.06460954528301954 0.0
v -3.9749057485023513 -4.880140915513039 0.0
v -6.80149641004391 14.348664244636893 0.0
v 11.908305011107586 2.90585776232183 0.0
v -4.38461087300675 -4.681151290424168 0.0
v -2.6352443716023117 8.039462772198021 0.0
v 4.369932217756286 11.650978735648096 0.0
v 12.851758323551621 7.298748614266515 0.0
v 0.48261918884236366 -11.03625359479338 0.0
v -1.847117142053321 -3.8636045129969716 0.0
v 12.7255336806993 2.3449468929320574 0.0
v -7.729273927980103 -3.5648419754579663 0.0
v -2.058369250036776 3.022772110067308 0.0
v 8.385984091786668 12.744160670787096 0.0
v -0.7314348359941505 -9.275844150222838 0.0
v -9.540860987792257 14.810643162578344 0.0
v 3.561735316470731 14.82746154256165 0.0
v -13.01176625030348 -5.143131960183382 0.0
v -5.713807265274227 9.519309882074594 0.0
v -0.9776161359623075 -4.162970940582454 0.0
v -8.295285669970326 14.018523099832237 0.0
v 3.2087951730936766 4.209137864410877 0.0
v -13.046267412602901 -3.1287675388157368 0.0
v -4.303231443511322 -11.439989178441465 0.0
v -9.830715388583485 12.07659613341093 0.0
v 1.4220612774952315 4.428507529199123 0.0
v -9.923907510121353 -13.143597230315208 0.0
v -6.429232920345385 -8.958949767053127 0.0
v -8.392805715440772 10.849890107288957 0.0
v -8.108244604663923 -0.2627113042399287 0.0
v 8.20128041447606 0.898315504193306 0.0
v 10.61545164231211 -8.08521967381239 0.0
v -5.009836189157795 -7.217437060549855 0.0
v -11.086988256080076 8.239242684096098 0.0
v -5.695375919749495 0.7137077460065484 0.0
v -9.18668613024056 3.124398360028863 0.0
v 14.542536305380054 0.9449252113699913 0.0
v -5.310254255775362 3.970302492380142 0.0
v -5.325711559038609 -4.295919559895992 0.0
v -12.52162134781247 5.220771406777203 0.0
v -10.686993030831218 -3.5228760931640863 0.0
v 13.374684963899199 10.584780584089458 0.0
v -10.969610689673573 10.331281591206789 0.0
v -3.4878805107437074 11.363881845027208 0.0
v 9.172951976361219 12.322927460074425 0.0
v 11.793768427800387 12.416629447601736 0.0
v -7.427702184650116 9.957779524847865 0.0
v 14.690121143707074 -12.241517498157918 0.0
v -7.76002635830082 -5.143941503018141 0.0
v -5.83607768692309 6.00573175214231 0.0
v -10.381203796539921 -4.235749138519168 0.0
v -14.22879710199777 -4.833958094008267 0.0
v -10.920502798282541 -13.07493005413562 0.0
v -7.550472508533858 -2.338833055458963 0.0
v -5.572259179025423 -7.908712958917022 0.0
v -4.9114744907128625 13.264145056717098 0.0
v 7.807389610912651 5.72461689542979 0.0
v 11.175771641312167 -11.879091837443411 0.0
v 5.160319130460266 3.56841928884387 0.0
v -13.705951666459441 -7.928619644604623 0.0
v 13.515433362510521 3.445308655500412 0.0
v 3.6721829852322116 -12.95442586671561 0.0
v -8.282241020584479 -3.2276456840336323 0.0
v -9.885216081980616 9.920186776667833 0.0
v 1.799890280526597 -13.488392013125122 0.0
v 2.385504283301998 5.777314758859575 0.0
v 1.3752507548197173 0.45397147722542286 0.0
v -10.009845495747868 -1.8626626813784242 0.0
v -6.7294107605703175 13.122958612628281 0.0
v -8.384616064373404 -6.902285723015666 0.0
v -13.99675496830605 13.850167501717806 0.0
v 4.041822746745311 8.506437658332288 0.0
v 3.325282192439772 3.0430331360548735 0.0
v -1.4591861384687945 -7.047195442020893 0.0
v 5.748085200029891 13.428675609640777 0.0
v 8.865547420282383 -10.720986492931843 0.0
v 2.1099398130900227 -0.36604299023747444 0.0
v 7.522674821608234 -3.4824488535523415 0.0
v 9.859279905911535 -11.837307103909552 0.0
v 14.486975840991363 -11.267937005497515 0.0
v 14.993945932306815 -9.234963525086641 0.0
v -3.068844999128487 6.665313852019608 0.0
v -1.7612777476897463 2.9568828027695417 0.0
v 4.6390998206916265 8.000964942388237 0.0
v -6.317531314911321 -10.248106714338064 0.0
v 10.369085064565297 12.994559596292675 0.0
v -10.452232635114342 -5.397124956361949 0.0
v -2.448788570065517 -4.043444624170661 0.0
v 13.044915602484252 14.428937334567308 0.0
v -8.074186509475112 -9.171226240694523 0.0
v 5.050698020670097 14.117746855132282 0.0
v -14.715401606052183 14.689562851563096 0.0
v -7.784616848046426 -0.5746865319088101 0.0
v 9.1684431124595 14.605466826818883 0.0
v 13.084678955550771 5.494340899400413 0.0
v -5.8166993471677415 6.976518184877932 0.0
v -2.3647438671905547 -3.6100187292322516 0.0
v -12.189548630034551 -7.776422377675772 0.0
v 9.477065569255501 -8.973729118704796 0.0
v 1.1698658774839714 -8.442887123674154 0.0
v -10.248933274531737 10.198756508529186 0.0
v 5.416352374129929 -4.619069965556264 0.0
v -0.7984801792772487 0.8606361234560609 0.0
v 1.6769279149011709 1.8507197443395853 0.0
v 0.32982985954731703 13.128092651255429 0.0
v -5.028300330974162 -3.8229181030765176 0.0
v -8.59069738141261 -2.135702982544899 0.0
v -11.595542298338842 14.10826013237238 0.0
v 13.035567473329138 -1.7380553903058171 0.0
v 3.960160787915811 13.763187363743782 0.0
v -12.346238941885531 6.0554440300911665 0.0
v -8.179159393475857 -4.127881723456085 0.0
v 1.2476995843462646 8.156697329133749 0.0
v -3.7465627092169598 8.679470435716212 0.0
v -1.1172253807308152 -5.684898141771555 0.0
v 5.747666278213728 6.2042313404381275 0.0
v -4.039736873121001 -8.645165272057056 0.0
v -14.1031293895212 12.057865674607456 0.0
v 1.5425005354336463 -11.694744043983519 0.0
v -0.17176258808467537 7.731331828981638 0.0
v -1.7919399444945157 2.201799139380455 0.0
v 8.807982423924841 4.340474037453532 0.0
v -8.385828858416062 -3.8190301805734634 0.0
v 12.850258071324788 -10.487568438984454 0.0
v -9.387439156067558 -12.81493646837771 0.0
v 4.342188995680772 6.033991387113929 0.0
v -13.542699995159637 1.5786049598827958 0.0
v -14.38820863282308 -10.331004962325096 0.0
v -8.09556948475074 -13.534417675808072 0.0
v -14.054878083639778 -4.703422248363495 0.0
v 5.21786622388754 1.3483330374583602 0.0
v -5.872016219305806 -12.95624025259167 0.0
v -9.942908718134277 -13.511531619355083 0.0
v -5.824460527917836 -6.076364081352949 0.0
v -2.0009701440576464 -0.5287145217880607 0.0
v -6.842352310544811 12.495708412490785 0.0
v 1.756920394662302 11.34648935124278 0.0
v -5.459324919967912 -6.0978051936253905 0.0
v 7.275145163119305 -14.248028084635735 0.0
v 8.108519027999137 -2.5746847400441766 0.0
v 10.11367297830293 -1.779160433448851 0.0
v 2.5852062337798998 11.077940039336681 0.0
v -0.43668504478409886 -0.28758487291634083 0.0
v -2.6117512255441397 -1.4099422665312886 0.0
v 0.3952976131113246 -6.56870471034199 0.0
v 3.8240060828393325 1.5197442397475243 0.0
v 11.730878391477745 7.311742248013616 0.0
v -4.937842019251548 -8.846229363232851 0.0
v -6.2882839615340345 -6.199779257178307 0.0
v 12.846509703726042 -0.20097977295517921 0.0
v -13.599183022917714 12.239066950045526 0.0
v -11.482769731548615 -5.562633951194584 0.0
v -14.355061921698507 12.610896960832179 0.0
v -12.620548399165273 7.767264680936933 0.0
v -4.965552827343345 -13.857910265214741 0.0
v -2.613146571267862 12.999713622033596 0.0
v -9.735042745305691 12.111709284596145 0.0
v -4.891130673058797 -0.9576805708929896 0.0
v 3.029773896851111 0.40824761148542166 0.0
v 0.6134843060863204 -14.960596197284758 0.0
v 8.602923550235573 -1.1702239224687219 0.0
v -6.069813172623981 -9.752315865829587 0.0
v 9.096106079232413 4.413862826302648 0.0
v 3.1059803517418914 7.7335797958076 0.0
v -4.950111179903615 4.182746903970838 0.0
v 14.661256175255403 13.823432885110378 0.0
v -2.3637739105615765 -14.429715333506465 0.0
v -14.908711338823196 12.287439556792378 0.0
v -12.453493086388335 1.1145535008981824 0.0
v 0.6963440268300474 11.861253623850644 0.0
v -5.264606196782552 -2.8115893686190248 0.0
v -5.028325412829872 -13.673713809810579 0.0
v -11.970614265766926 -0.7844079835340381 0.0
v 7.386191620782483 7.518787176348269 0.0
v -0.4642372502712533 12.844928609207273 0.0
v -8.507034645008389 3.430865153670311 0.0
v -12.021276470040902 -4.9816677225753665 0.0
v 13.969889227184467 -4.995711615309119 0.0
v -14.777773875102866 -1.1956412326544523 0.0
v 8.122891034232453 12.32841976173222 0.0
v -11.610359776823316 4.287028370425105 0.0
v -9.27310739288805 1.6691159438341856 0.0
v -8.095996953372378 -12.572794967330992 0.0
v 6.823024290788453 -4.1292443834245205 0.0
v -7.9265179766807705 -0.9987866440787911 0.0
v -8.173700363957323 1.1256213281303644 0.0
v 9.731690644752234 -3.7422393392771482 0.0
v -12.762770004337654 -11.909353834576905 0.0
v -2.772342086653225 4.567005600780249 0.0
v 13.0776306008338 7.15697162412107 0.0
v 8.722284016490448 -3.738326326943934 0.0
v 4.326794540393166 -6.071381792426109 0.0
v 6.86788480298128 6.259377951733768 0.0
v 7.844069427635986 0.3981155790388584 0.0
v 13.030360864533577 14.069138066843152 0.0
v -8.239401017606724 11.739427083171904 0.0
v 8.106871142692398 7.999536084011197 0.0
v 2.097160398378037 8.738213420845568 0.0
v 5.600165490526706 8.103221620433033 0.0
v -10.925498277007136 -7.4447855884209275 0.0
v -14.398276778752916 -13.134877185337245 0.0
v 10.746795051149093 -0.6697702398523688 0.0
v 2.8261726542841643 2.3891411935910583 0.0
v 0.4539685669587925 9.705607291311026 0.0
v -7.54845468752319 6.341984450817108 0.0
v -11.138533675926737 -7.593442780897021 0.0
v 9.910904988239054 -10.930407187901437 0.0
v -6.259538175305352 -4.995851301588118 0.0
v -8.773322273162194 -7.655493007041514 0.0
v 12.71821641054703 -4.795078673399985 0.0
v -3.151000030920841 -0.7667753314599395 0.0
v -11.341281361237634 12.479640563949943 0.0
v -13.937284830957651 -5.485938366502523 0.0
v -10.361443236877676 12.969429224729538 0.0
v -11.292996636242606 11.867613843642175 0.0
v 14.92204085184494 11.858512909151614 0.0
v -14.08117503253743 -11.746403596363962 0.0
v 0.4212199834291823 11.807148795574903 0.0
v 6.427948749857023 -14.438481602817774 0.0
v -10.114124244719278 -12.688665120862424 0.0
v 7.704588076041546 4.624664408154786 0.0
v 10.402908301737625 6.046978725120425 0.0
v -2.5296844785334542 -7.737427127547562 0.0
v -11.720879374654032 -0.253743439912796 0.0
v 9.389288469799794 -1.2357538528740406 0.0
v -2.1493963946704753 14.8657420668751 0.0
v -8.445581333246082 -14.951261105015874 0.0
v 2.7870885861339048 8.104846202768385 0.0
v -13.702907626633532 -10.946913704276085 0.0
v 14.288947690161876 3.3599346661940217 0.0
v 1.225993384490721 9.675626080483198 0.0
v -13.816902931081131 -14.013320457190275 0.0
v -1.9635272551095113 -3.395813461393118 0.0
v 6.928054685238749 -3.034505176357925 0.0
v -9.923865055607166 -7.398476712405682 0.0
v -1.9007041897857562 14.91918549221009 0.0
v -8.533257143746596 -8.097267342731357 0.0
v -2.247687107126694 -5.769388132728636 0.0
v -4.79776376351947 -11.99149024207145 0.0
v 14.790139449993148 7.783256893977523 0.0
v -11.15218116476899 13.230903039686382 0.0
v -6.732857956667431 5.552137429825962 0.0
v -12.143263666715939 11.174884521402419 0.0
v 7.02541271049995 14.832369526848197 0.0
v -14.09912053932203 -9.266119852662086 0.0
v 5.3074632689822465 -1.0424080546945333 0.0
v -5.875184656877536 -13.205009681172669 0.0
v -2.521957891760394 -13.491533034481108 0.0
v -5.491935736965388 -13.361703629605472 0.0
v -11.538153077184688 -4.043983684852719 0.0
v -5.368379557156004 12.062002801336348 0.0
v -9.14246944815386 -13.739061198197305 0.0
v 1.558360692113638 -9.605711054988205 0.0
v 4.139645923918579 4.534073478542268 0.0
v 13.625631189614069 -7.522549492307007 0.0
v 6.089249156939331 7.119908442720771 0.0
v -3.50604607880814 -6.865203574299812 0.0
v 1.061603794398252 -2.6722584264352918 0.0
v -6.418654372624587 -6.876955883577466 0.0
v 4.234080277441535 11.7724635489285 0.0
v 4.384151143662166 -6.984575769864023 0.0
v 5.089589166571386 -3.2309116488322616 0.0
v 1.4602366797626019 3.7780705904588103 0.0
v 1.9244351843954064 -8.391665649600327 0.0
v -8.08429423905909 -2.3395266188308597 0.0
v -5.871491493715439 6.331569770351052 0.0
v -13.541585542843677 11.389945309609175 0.0
v -13.017252563382499 3.779121099971235 0.0
v -7.020364072173834 -2.5121678290888667 0.0
v 8.673273189051542 -0.46062444150447845 0.0
v -14.251314981898759 -3.6327060852199793 0.0
v 5.14447008020943 -2.492855661548674 0.0
v -13.832995733071584 -14.269134301692247 0.0
v -14.77126689295983 -5.735628847964108 0.0
v -2.6223985045216978 1.501424946822226 0.0
v -11.852284942113329 -11.36091803200543 0.0
v 0.691350279841572 6.256110059097409 0.0
v 11.729601395083591 -13.505166370421648 0.0
v -0.2772544653271325 3.2004411024972796 0.0
v 4.967610568040982 -3.6947012105956674 0.0
v 6.465316034038551 4.809186880476773 0.0
v -4.360252323327586 9.517281401902437 0.0
v -3.040075105789583 -1.6518332110717893 0.0
v -3.955649687733967 12.86130567919463 0.0
v -13.522650858969428 -14.56149394903332 0.0
v 14.480708694260102 -10.802256839349866 0.0
v 13.367670846928377 -2.6367109501734376 0.0
v 7.6033454478601925 -10.9943409524858 0.0
v 2.7522607659338973 3.0195520194247365 0.0
v -1.1474382212618366 2.156083706766367 0.0
v 1.0798868337878957 4.117588655091822 0.0
v -13.86567560461117 -5.455075083300471 0.0
v -0.0837943097576499 14.756092398427427 0.0
v -8.36343508050777 -2.720216582529247 0.0
v -9.655539230734576 0.7639560345560312 0.0
v -11.576346974645276 -1.7434378620237112 0.0
v 14.114432009635493 9.693935435265303 0.0
v 12.37233373185154 -10.867244143038988 0.0
v -11.02817105356371 2.532206720672548 0.0
v -7.021945817861706 -7.091945081949234 0.0
v 8.882407997269183 -1.7236061450093985 0.0
v -14.046522622928023 -6.413283887319267 0.0
v -1.704842537001241 -12.724675791338086 0.0
v 7.646740278461948 -8.912784585729241 0.0
v 4.63241279264912 -9.598555724136531 0.0
v 1.076167213730514 9.473799111321568 0.0
v -5.741452479735017 -9.70912748761475 0.0
v 7.475978492642753 -6.5756990397349 0.0
v 13.42482582188677 6.762834119610488 0.0
v 7.686480277858209 8.054314110428095 0.0
v 14.038779016176704 -4.2053601406514645 0.0
v -6.769645195105113 1.216682237572968 0.0
v 14.67343312187586 -2.608644830994308 0.0
v -14.659766080148984 -4.621531652286649 0.0
v -4.0811176808783785 11.959671407006681 0.0
v -11.546694968128577 -6.001484322361648 0.0
v -12.919194080051966 -5.996003166772425 0.0
v -10.607774596370291 3.8854493917897344 0.0
v -5.604974971793126 -14.473286761902273 0.0
v -13.809114657808095 -5.132152919657528 0.0
v 13.439830381597858 13.42763679008931 0.0
v 12.297997239045799 -11.034083395265043 0.0
v 1.6590537088923156 -7.608376284129918 0.0
v -4.753298919473309 -12.308018499985337 0.0
v -10.493720532162115 -7.662313995882869 0.0
v -2.922465908632148 13.38372468110174 0.0
f 1599 1205 1755
f 1250 1842 464
f 697 1032 925
f 481 278 1587
f 259 990 1942
f 392 1832 124
f 1993 838 1241
f 1130 1834 1901
f 1032 1834 925
f 1180 948 593
f 919 829 464
f 892 1695 250
f 971 892 250
f 892 971 1261
f 971 1677 1261
f 1431 1730 1454
f 1083 1045 1766
f 1328 1083 1766
f 1947 1875 1214
f 1875 612 1214
f 155 1803 1901
f 1335 1972 1363
f 1972 1996 1363
f 221 838 1993
f 26 455 1755
f 735 500 925
f 105 697 925
f 500 105 925
f 706 1032 697
f 623 981 1163
f 985 1029 1949
f 956 985 1949
f 1956 1573 1410
f 756 513 982
f 1550 278 481
f 252 1962 153
f 449 512 1866
f 418 1812 403
f 1589 829 1948
f 829 1589 1853
f 1589 1640 1853
f 667 1898 1847
f 1461 667 1847
f 891 1461 1847
f 891 1021 1421
f 1640 891 1421
f 502 1577 794
f 502 891 1640
f 1589 502 1640
f 502 1589 1577
f 786 298 268
f 579 259 1942
f 1245 942 1859
f 1298 1547 1060
f 1547 1298 171
f 1219 1834 1052
f 1834 1219 1500
f 1216 1219 1052
f 1834 1387 1901
f 1387 1834 1500
f 1547 1387 1500
f 1387 221 1993
f 1387 1547 171
f 221 1387 171
f 1387 155 1901
f 1387 1993 155
f 1169 1216 1052
f 690 1842 1250
f 950 365 1325
f 690 950 1399
f 75 579 1942
f 1287 75 1942
f 75 1287 1433
f 1180 1801 948
f 1617 1801 1255
f 1027 1617 1255
f 75 1617 1027
f 754 75 1433
f 754 1617 75
f 1617 754 1801
f 754 1283 948
f 1801 754 948
f 990 344 1942
f 948 1280 464
f 1283 1280 948
f 829 1653 464
f 1653 948 464
f 948 1653 593
f 829 1076 1948
f 1076 829 919
f 1361 1640 1421
f 1346 1361 1421
f 1640 1361 1853
f 652 1346 593
f 1653 652 593
f 652 1653 829
f 534 1289 1454
f 1730 534 1454
f 1743 971 250
f 1289 1743 1454
f 1677 1743 1289
f 971 1743 1677
f 356 919 1214
f 612 356 1214
f 1130 1959 644
f 1959 1947 644
f 1906 1875 1947
f 1959 1906 1947
f 1906 1959 1161
f 1518 847 965
f 1996 740 1363
f 740 1586 1363
f 804 1667 515
f 1143 804 515
f 1473 26 1755
f 315 1298 1060
f 1298 315 171
f 1143 1314 1363
f 933 1314 1463
f 1314 1335 1363
f 1473 1960 26
f 1960 1473 1463
f 1314 1960 1463
f 1960 1754 26
f 1754 1314 1143
f 1754 1960 1314
f 1722 455 26
f 1754 1722 26
f 1722 1143 515
f 1722 1754 1143
f 713 561 481
f 660 980 685
f 706 39 1128
f 147 39 1115
f 922 325 1501
f 176 147 1115
f 623 1890 981
f 493 1890 1599
f 1890 7 1599
f 1890 623 7
f 1248 1876 1200
f 1484 282 1490
f 1596 956 1949
f 956 1596 357
f 391 970 1777
f 1964 602 118
f 970 1817 383
f 1817 970 343
f 172 1709 1244
f 1413 172 193
f 172 1986 193
f 1986 172 1244
f 172 392 124
f 172 1413 392
f 1573 1588 454
f 1588 1573 1956
f 573 489 1410
f 1573 778 1410
f 513 97 982
f 1828 365 148
f 650 842 1344
f 842 650 879
f 1654 650 1137
f 1039 1020 1932
f 443 135 1316
f 135 443 1932
f 1543 634 383
f 480 1543 383
f 1694 1907 1684
f 1551 1978 405
f 1978 1551 1650
f 856 481 1587
f 856 713 481
f 967 1550 481
f 980 967 481
f 967 980 660
f 1550 967 1736
f 927 147 642
f 696 922 1501
f 922 696 675
f 252 1155 1962
f 523 411 278
f 1550 324 278
f 324 523 278
f 1753 1044 1881
f 1656 325 1087
f 811 1656 1087
f 325 1656 1501
f 939 811 1962
f 1155 939 1962
f 939 1656 811
f 1483 199 153
f 199 252 153
f 978 1972 1335
f 1020 911 1137
f 911 1654 1137
f 1039 911 1020
f 594 1776 267
f 594 449 1866
f 449 594 267
f 140 1301 556
f 1618 1644 1606
f 1811 1081 1816
f 653 1566 1794
f 206 653 1794
f 282 1158 1490
f 1303 85 262
f 1574 1303 262
f 1574 499 1467
f 1574 1467 192
f 1303 1574 192
f 1 991 285
f 294 301 999
f 1525 1303 192
f 1911 1525 999
f 1525 294 999
f 1525 85 1303
f 518 807 1723
f 139 418 1477
f 681 472 1723
f 1744 1974 681
f 1443 1 285
f 1 1443 1518
f 301 1443 285
f 294 1443 301
f 479 1518 965
f 479 1 1518
f 1538 1233 936
f 885 991 1
f 475 1267 1377
f 1267 1791 320
f 1791 1267 475
f 1988 1589 1948
f 1589 1988 1577
f 1970 667 1461
f 1021 309 1421
f 309 1346 1421
f 1346 309 593
f 998 502 794
f 1697 998 794
f 1330 998 1697
f 998 1330 621
f 891 998 1461
f 502 998 891
f 574 1574 262
f 1574 574 499
f 85 574 262
f 574 694 499
f 1076 1491 1948
f 1651 618 431
f 618 681 1723
f 1272 1651 431
f 174 1272 431
f 1626 1272 1620
f 1761 350 1620
f 1272 1761 1620
f 1761 1272 174
f 1856 786 268
f 52 1856 268
f 1856 1517 786
f 1856 52 1300
f 316 1554 268
f 1554 52 268
f 1042 18 629
f 1102 904 540
f 1446 904 1102
f 298 36 268
f 1102 36 1027
f 36 298 1027
f 51 663 1027
f 663 75 1027
f 75 663 579
f 1470 298 786
f 1445 1470 786
f 1470 1445 51
f 579 1274 259
f 1767 897 1859
f 897 1245 1859
f 897 1767 1704
f 1245 897 1704
f 1245 1404 942
f 860 377 930
f 1767 860 1704
f 1413 860 1767
f 860 1413 193
f 377 860 193
f 1970 541 667
f 421 316 540
f 942 422 1859
f 422 1466 1859
f 611 1943 1728
f 395 611 509
f 392 141 1832
f 354 1029 985
f 354 715 830
f 792 1191 1834
f 1191 691 1834
f 1841 819 1500
f 1219 1841 1500
f 363 1657 1332
f 363 1479 1683
f 1479 363 1332
f 563 1219 1216
f 1169 563 1216
f 1169 1559 722
f 722 1559 889
f 363 1559 1657
f 1559 812 889
f 1559 363 812
f 213 757 1060
f 690 40 1842
f 40 690 1399
f 917 950 1325
f 950 917 1399
f 950 117 365
f 117 690 1250
f 117 950 690
f 416 260 442
f 754 1575 1283
f 1575 754 1433
f 1287 1575 1433
f 1575 1287 1942
f 74 202 810
f 202 74 1250
f 202 1250 464
f 1280 202 464
f 1515 652 829
f 652 1515 1346
f 1515 829 1853
f 1361 1515 1853
f 1515 1361 1346
f 1331 1457 258
f 1371 1695 892
f 1371 892 1261
f 165 1222 534
f 1677 1222 1261
f 1222 1677 1289
f 572 1730 1431
f 572 534 1730
f 572 165 534
f 560 1810 872
f 311 258 1045
f 1083 311 1045
f 484 1666 1249
f 894 1076 919
f 1076 1919 1734
f 1919 818 1734
f 894 1919 1076
f 1919 894 1548
f 1075 1318 1043
f 356 1891 919
f 1891 356 612
f 943 484 1249
f 943 1891 612
f 1891 943 1249
f 1906 945 1875
f 945 1906 1161
f 1875 945 612
f 1122 1130 1901
f 332 1016 496
f 1122 1016 332
f 1016 1122 1901
f 1972 205 1996
f 205 740 1996
f 976 804 1143
f 1586 976 1363
f 976 1143 1363
f 1320 302 131
f 302 925 131
f 302 735 925
f 1473 1453 1463
f 1453 933 1463
f 221 1367 838
f 1367 221 171
f 315 1367 171
f 1722 896 455
f 181 896 1667
f 1667 896 515
f 896 1722 515
f 151 302 1320
f 804 1159 1667
f 1159 181 1667
f 1159 151 181
f 181 1343 1465
f 1465 1343 131
f 1343 1320 131
f 1343 151 1320
f 151 1343 181
f 1516 105 500
f 1516 482 105
f 1516 500 735
f 926 1516 735
f 105 866 1087
f 482 866 105
f 713 382 561
f 800 292 1128
f 292 800 207
f 292 706 1128
f 706 292 1032
f 561 1793 481
f 1793 980 481
f 105 14 697
f 325 14 1087
f 14 105 1087
f 1077 706 697
f 1765 1918 219
f 1918 1765 1749
f 401 938 1768
f 162 1642 493
f 1642 162 243
f 162 337 219
f 1918 162 219
f 162 1918 401
f 162 401 1768
f 1110 162 1768
f 162 1110 1612
f 674 688 108
f 878 801 312
f 1603 434 1416
f 434 1603 853
f 1105 1243 400
f 371 1243 1105
f 1645 1360 1824
f 1783 1200 520
f 1783 1645 1200
f 1783 1111 1645
f 1291 1248 1200
f 1291 1645 1824
f 1645 1291 1200
f 72 1558 1824
f 335 1876 1248
f 335 1105 400
f 1876 335 400
f 1168 1385 1192
f 1494 616 184
f 448 1484 1490
f 796 1596 1949
f 576 1037 1366
f 397 1038 1777
f 118 1038 977
f 1038 397 977
f 867 602 1964
f 734 1916 375
f 1916 522 375
f 1141 1724 1600
f 255 1218 1563
f 1158 1218 1490
f 1218 1533 1563
f 1680 1030 1563
f 1030 255 1563
f 56 956 357
f 903 569 1709
f 903 172 124
f 172 903 1709
f 626 1286 111
f 425 1286 1428
f 1517 1150 786
f 758 953 1018
f 953 809 1018
f 229 1956 1410
f 489 470 230
f 920 573 1410
f 778 920 1410
f 559 1770 230
f 1770 97 230
f 1770 559 982
f 97 1770 982
f 1042 1194 29
f 1194 1042 629
f 815 559 230
f 815 522 559
f 470 815 230
f 1125 1828 148
f 365 483 1325
f 1828 483 365
f 902 1917 1259
f 1070 337 21
f 709 1070 21
f 1070 709 1100
f 337 1070 459
f 1070 1100 459
f 337 1024 21
f 1024 709 21
f 709 1024 808
f 162 1024 337
f 1779 709 941
f 1035 1536 201
f 650 738 1137
f 738 650 1344
f 650 701 879
f 701 650 1654
f 853 1920 879
f 1603 1920 853
f 1333 1105 1179
f 736 23 1567
f 238 237 1904
f 1769 1350 736
f 1220 1769 114
f 1350 1769 1220
f 1252 317 1567
f 1735 1252 1685
f 1735 238 1904
f 1252 1735 1904
f 684 1205 1599
f 1230 394 1489
f 1129 1082 246
f 376 1414 951
f 1414 384 37
f 384 1414 376
f 384 322 37
f 1140 188 1058
f 188 1140 1705
f 397 1608 977
f 875 738 1344
f 42 384 376
f 42 1603 1416
f 1039 1348 427
f 835 443 385
f 1348 835 385
f 835 1348 1039
f 835 1039 1932
f 443 835 1932
f 738 1112 1137
f 875 1112 738
f 868 453 196
f 510 57 1684
f 987 1907 1694
f 987 443 1316
f 443 987 385
f 380 1817 343
f 380 480 383
f 1817 380 383
f 733 1408 1498
f 1408 733 1907
f 1408 987 1316
f 987 1408 1907
f 135 132 1316
f 132 1408 1316
f 1408 132 1311
f 160 868 196
f 868 160 1771
f 160 1475 826
f 1478 486 1866
f 486 1478 208
f 1551 673 1650
f 1650 673 153
f 673 1483 153
f 1380 856 1587
f 1398 1288 642
f 1398 696 1288
f 147 1398 642
f 176 1398 147
f 1398 176 675
f 696 1398 675
f 918 696 1501
f 696 918 1288
f 711 918 1155
f 918 711 1288
f 1630 411 523
f 1288 1630 642
f 1630 523 642
f 411 1630 962
f 1630 711 962
f 711 1630 1288
f 411 1499 278
f 1483 1499 962
f 1499 411 962
f 324 104 523
f 523 104 642
f 104 927 642
f 38 811 1087
f 38 1753 811
f 1753 38 251
f 866 38 1087
f 38 866 251
f 1753 239 811
f 811 239 1962
f 239 840 1962
f 1656 931 1501
f 939 931 1656
f 931 918 1501
f 931 939 1155
f 918 931 1155
f 1798 978 1335
f 1798 933 664
f 1314 1798 1335
f 1798 1314 933
f 1196 239 161
f 239 1196 840
f 1673 1196 1881
f 1196 161 1881
f 175 1978 1650
f 175 542 1978
f 542 175 840
f 968 637 1748
f 248 655 614
f 655 248 512
f 1938 1439 614
f 655 1938 614
f 1938 1774 1439
f 1174 1776 547
f 1174 1202 1858
f 1858 1908 1022
f 1908 1419 1022
f 1310 1039 427
f 1310 911 1039
f 449 1310 427
f 1310 449 267
f 1776 827 547
f 594 827 1776
f 486 827 1866
f 827 594 1866
f 7 144 1599
f 1308 1110 1133
f 1984 1230 1489
f 1230 1984 1848
f 1049 1618 1606
f 1618 606 799
f 606 1618 428
f 606 359 799
f 1134 1618 799
f 1618 1134 1644
f 1226 689 1848
f 689 1230 1848
f 689 1867 961
f 1230 689 394
f 469 142 1632
f 606 1578 359
f 1438 1918 1749
f 1681 1264 1256
f 882 1438 1749
f 359 102 799
f 839 102 608
f 102 908 608
f 908 102 359
f 1719 284 1688
f 373 284 1719
f 265 308 1660
f 1578 1299 1719
f 1299 428 1660
f 1299 606 428
f 1299 1578 606
f 568 439 1606
f 739 182 90
f 182 677 90
f 1429 739 90
f 390 731 1811
f 1081 731 1905
f 731 1081 1811
f 1081 1520 1816
f 1520 698 1816
f 1784 1260 517
f 737 390 1811
f 737 1296 353
f 1652 737 353
f 737 1652 390
f 1057 1784 517
f 1711 983 1327
f 1378 1711 1327
f 983 1407 1205
f 1407 801 1205
f 801 1407 312
f 1378 704 1685
f 704 1735 1685
f 1735 704 238
f 704 237 238
f 704 1378 1327
f 237 704 1327
f 1566 910 1794
f 910 1533 1794
f 1533 910 575
f 1787 1566 653
f 360 77 242
f 77 272 242
f 420 77 201
f 77 420 272
f 1008 1680 1563
f 1008 809 1680
f 616 1951 184
f 1533 452 1563
f 452 1533 575
f 452 1008 1563
f 1533 744 1794
f 1744 1883 1911
f 1525 1883 1909
f 1883 1525 1911
f 1764 1911 999
f 1764 1505 1911
f 301 1764 999
f 280 1525 1909
f 1525 280 85
f 1713 139 1477
f 139 1882 418
f 589 518 1723
f 472 589 1723
f 589 1882 518
f 814 1974 1172
f 1974 814 1933
f 702 814 1209
f 1276 847 1518
f 352 1233 134
f 1233 352 936
f 352 828 1689
f 1233 11 134
f 11 1233 1683
f 751 636 1689
f 352 636 936
f 636 352 1689
f 636 1183 936
f 1183 636 751
f 479 417 1
f 81 1803 155
f 1791 227 1444
f 227 1791 475
f 396 1791 1444
f 1791 396 1665
f 1545 557 286
f 1931 1545 286
f 557 1545 826
f 254 227 475
f 152 1697 794
f 541 671 590
f 671 541 1970
f 998 895 1461
f 895 998 621
f 228 1180 593
f 309 228 593
f 228 1021 1180
f 228 309 1021
f 1015 1330 283
f 103 972 1874
f 972 1626 1620
f 972 103 1626
f 1330 180 283
f 180 1330 1697
f 1924 1015 283
f 1015 1924 1061
f 1272 245 1651
f 245 1744 681
f 618 245 681
f 245 618 1651
f 1132 1135 1061
f 1924 1132 1061
f 1135 984 1061
f 1737 635 1797
f 1725 984 1135
f 63 1725 46
f 1014 1856 1300
f 930 1014 1300
f 52 1969 1300
f 1554 1969 52
f 1969 1554 316
f 1583 80 29
f 1598 1855 1992
f 1598 579 1855
f 1598 1274 579
f 1898 15 1847
f 15 1446 1021
f 904 15 1898
f 1446 15 904
f 15 891 1847
f 891 15 1021
f 1458 1446 1102
f 1458 1027 1255
f 1458 1102 1027
f 564 1102 540
f 564 36 1102
f 36 564 268
f 316 564 540
f 564 316 268
f 1445 1430 51
f 1430 663 51
f 1430 1445 1992
f 1855 1430 1992
f 579 1430 1855
f 663 1430 579
f 1973 51 1027
f 1973 1470 51
f 298 1973 1027
f 1470 1973 298
f 318 1714 276
f 1714 318 73
f 259 793 990
f 1274 793 259
f 793 73 990
f 150 1245 1704
f 150 1404 1245
f 860 150 1704
f 150 860 930
f 377 1860 930
f 1860 1014 930
f 1235 1199 1305
f 1742 1235 1305
f 476 1742 1305
f 421 374 316
f 667 537 1898
f 541 537 667
f 537 904 1898
f 904 537 540
f 537 421 540
f 1968 1939 1781
f 1468 1968 1781
f 422 777 1466
f 1939 777 1781
f 777 422 1781
f 408 1939 1728
f 777 408 1466
f 408 777 1939
f 585 1767 1859
f 544 585 1859
f 381 611 1728
f 611 381 509
f 141 1151 1845
f 1151 1780 1845
f 141 1669 1832
f 1089 1669 1845
f 1669 141 1845
f 300 585 544
f 300 1413 1767
f 585 300 1767
f 300 1629 1413
f 1413 1629 392
f 1629 141 392
f 970 507 343
f 391 507 970
f 354 235 1029
f 235 507 391
f 507 235 343
f 956 880 985
f 1232 82 889
f 812 1232 889
f 1232 1369 82
f 1369 812 1538
f 1369 1232 812
f 101 757 213
f 1183 297 745
f 1267 297 1377
f 1292 1183 745
f 1292 745 1166
f 745 1698 1166
f 1367 1829 838
f 1186 1834 1032
f 1186 792 1834
f 1834 78 1052
f 691 78 1834
f 78 1169 1052
f 78 1559 1169
f 1559 78 1657
f 1641 363 1683
f 363 1641 812
f 1233 1641 1683
f 812 1641 1538
f 1641 1233 1538
f 471 1479 1332
f 900 95 819
f 1841 900 819
f 900 1841 1219
f 900 563 68
f 563 900 1219
f 213 1922 68
f 1922 900 68
f 900 1922 95
f 1922 213 1060
f 95 1922 1060
f 95 125 819
f 125 1547 1500
f 819 125 1500
f 1547 125 1060
f 125 95 1060
f 164 917 1325
f 164 902 1259
f 902 164 426
f 1827 260 416
f 1827 1328 1842
f 1283 1535 446
f 1575 1535 1283
f 365 565 148
f 565 330 148
f 565 117 1250
f 117 565 365
f 202 615 810
f 1535 1121 446
f 1121 202 1280
f 1121 1535 1575
f 1121 1283 446
f 1121 1280 1283
f 344 1121 1942
f 1121 1575 1942
f 307 1331 1374
f 1331 307 1457
f 1185 1331 258
f 1331 1185 1374
f 1457 1690 258
f 258 1690 1261
f 1690 1371 1261
f 307 1690 1457
f 1690 307 1371
f 534 1285 1289
f 1285 1222 1289
f 1222 1285 534
f 1222 1084 1261
f 1900 1084 1190
f 1743 241 1454
f 241 1810 1454
f 1810 1925 1454
f 1925 1810 560
f 281 1223 1573
f 1371 503 1695
f 307 503 1371
f 503 307 1374
f 1810 22 872
f 1383 1889 1193
f 1304 639 442
f 1886 1304 442
f 787 416 442
f 787 311 416
f 639 787 442
f 311 724 258
f 724 1185 258
f 1185 724 1782
f 787 724 311
f 724 639 1782
f 724 787 639
f 818 610 1734
f 1318 610 1043
f 610 1318 1734
f 694 1204 499
f 1204 694 1043
f 610 1204 1043
f 1802 894 919
f 894 1802 1548
f 1213 1919 1548
f 1919 1213 818
f 694 1165 1043
f 1165 1075 1043
f 1666 1903 1249
f 1903 1891 1249
f 71 943 612
f 945 71 612
f 1467 198 192
f 847 1580 965
f 186 748 1901
f 748 1016 1901
f 1803 870 1901
f 870 186 1901
f 740 1591 1586
f 1586 1591 24
f 293 978 1673
f 1044 293 1881
f 293 1673 1881
f 1031 293 1044
f 293 1031 978
f 978 1031 1972
f 1031 205 1972
f 526 1516 926
f 526 1586 24
f 526 976 1586
f 302 1542 735
f 1542 302 98
f 1390 1397 1755
f 1390 600 1397
f 1205 1390 1755
f 1649 1473 1755
f 1397 1649 1755
f 1884 581 578
f 869 181 1465
f 869 896 181
f 896 869 455
f 869 1465 131
f 455 869 131
f 976 1513 804
f 1513 1159 804
f 1159 1513 98
f 1513 1542 98
f 1513 926 735
f 1542 1513 735
f 1613 1159 98
f 1159 1613 151
f 302 1613 98
f 151 1613 302
f 866 890 251
f 890 866 482
f 251 890 24
f 1663 382 713
f 1439 1663 614
f 1663 713 614
f 967 764 1736
f 764 967 660
f 87 1793 561
f 87 11 1683
f 1793 562 980
f 87 562 1793
f 1479 562 1683
f 562 87 1683
f 922 774 325
f 774 14 325
f 1813 1077 697
f 1813 774 922
f 1813 922 675
f 1893 176 1115
f 176 1893 675
f 1077 1893 706
f 1893 1813 675
f 1813 1893 1077
f 39 1893 1115
f 1893 39 706
f 349 1765 219
f 373 1307 1156
f 1307 938 1156
f 1307 373 1133
f 1642 1840 493
f 1840 1642 981
f 1840 1890 493
f 1890 1840 981
f 428 84 1660
f 140 84 428
f 1389 140 556
f 674 1389 556
f 265 1720 108
f 1720 674 108
f 1720 265 1660
f 1642 1995 981
f 1995 1642 243
f 688 409 108
f 409 662 108
f 1425 371 1058
f 188 1425 1058
f 1425 1243 371
f 1243 1425 1944
f 1425 188 1944
f 508 1783 520
f 1313 508 520
f 508 1313 1079
f 1313 1815 665
f 1815 1313 520
f 1200 1815 520
f 1876 1815 1200
f 1243 167 400
f 167 1243 1944
f 335 247 1105
f 1105 247 1179
f 1464 1168 1192
f 1638 368 1170
f 1168 912 1385
f 978 1607 1673
f 1607 1485 1673
f 1607 533 1268
f 571 1861 1865
f 1861 571 1192
f 769 1861 1192
f 576 511 1037
f 511 1275 1037
f 1602 1275 1352
f 1275 511 1352
f 1484 622 282
f 622 1602 282
f 622 1484 1863
f 1275 622 1863
f 622 1275 1602
f 820 1494 184
f 1218 820 184
f 935 820 1352
f 820 935 1494
f 1756 448 1490
f 1218 1756 1490
f 1756 1218 255
f 756 1756 741
f 448 1756 756
f 448 995 1484
f 1437 995 960
f 995 1437 1484
f 1502 1437 1037
f 1502 1275 1863
f 1275 1502 1037
f 1484 1502 1863
f 1437 1502 1484
f 86 796 1366
f 1037 86 1366
f 1437 86 1037
f 602 641 118
f 641 1038 118
f 1038 641 1777
f 641 391 1777
f 641 602 1029
f 235 641 1029
f 641 235 391
f 511 1648 1352
f 1648 511 1757
f 1661 1778 1616
f 873 118 977
f 873 1953 118
f 1795 867 1964
f 1201 576 1366
f 1795 1201 867
f 1201 796 1949
f 796 1201 1366
f 1201 1795 1757
f 602 1246 1029
f 867 1246 602
f 1029 1246 1949
f 1246 1201 1949
f 1201 1246 867
f 522 1376 559
f 1916 1376 522
f 559 1940 982
f 1376 1940 559
f 1521 1724 1141
f 1940 1521 982
f 10 1916 734
f 10 734 1600
f 1724 10 1600
f 832 56 357
f 56 832 569
f 1120 56 569
f 1839 1141 1600
f 1712 1839 1600
f 734 647 1600
f 647 1712 1600
f 647 734 111
f 1286 647 111
f 743 1986 1244
f 1986 743 193
f 1709 1449 1244
f 569 1449 1709
f 832 1449 569
f 1449 832 357
f 719 1150 1517
f 719 834 1428
f 834 719 1517
f 1286 719 1428
f 1150 1710 786
f 1788 758 1956
f 758 1788 953
f 229 1788 1956
f 1788 229 953
f 809 654 1680
f 1756 654 741
f 654 1756 255
f 654 1030 1680
f 1030 654 255
f 1336 229 1410
f 1336 513 756
f 815 1879 522
f 27 626 111
f 626 27 629
f 815 1411 1109
f 1411 815 470
f 1411 1097 1109
f 1097 1411 470
f 1125 1036 1828
f 483 1036 287
f 1036 483 1828
f 1785 318 276
f 483 1628 1325
f 1628 164 1325
f 1103 249 1721
f 249 489 573
f 920 249 573
f 177 1583 29
f 1546 1097 470
f 1889 31 1193
f 1917 31 1889
f 902 31 1917
f 31 902 426
f 709 1078 1100
f 1296 1078 353
f 1078 1296 1100
f 1078 1779 353
f 1779 1078 709
f 1967 461 808
f 709 461 941
f 461 709 808
f 1094 1967 808
f 1024 1094 808
f 1779 1581 360
f 1084 379 1190
f 379 1222 165
f 379 1084 1222
f 48 1900 1190
f 1536 1830 201
f 2000 1830 1536
f 638 1830 2000
f 281 1423 560
f 1423 1643 560
f 1643 1423 454
f 1423 1573 454
f 1423 281 1573
f 1588 159 454
f 159 1643 454
f 701 1946 879
f 1776 306 267
f 1177 842 879
f 1920 1177 879
f 1177 1624 842
f 414 1920 1603
f 42 414 1603
f 23 1678 1567
f 1678 1252 1567
f 1252 1678 1685
f 1678 112 1685
f 112 1678 760
f 684 1277 1904
f 1277 684 1529
f 1277 1252 1904
f 1277 317 1252
f 317 1251 1567
f 1251 736 1567
f 1251 1769 736
f 1769 1251 1085
f 1983 1220 114
f 543 1537 1113
f 684 1282 1401
f 1034 1508 1085
f 1034 1277 1529
f 684 1034 1529
f 1034 684 1508
f 592 684 1401
f 684 592 1508
f 700 684 1904
f 684 700 1205
f 700 983 1205
f 983 700 1327
f 852 1460 1674
f 852 1129 1460
f 1184 1040 558
f 1644 1013 1606
f 1731 295 246
f 1731 236 961
f 236 689 961
f 236 1731 246
f 1082 236 246
f 236 1082 394
f 689 236 394
f 1231 1040 1395
f 322 1231 1395
f 1231 322 384
f 1705 1231 384
f 1459 1140 1058
f 371 1459 1058
f 1459 1333 558
f 1459 371 1105
f 1333 1459 1105
f 305 1867 1139
f 766 1236 1139
f 881 584 1544
f 584 881 973
f 1608 1106 977
f 1106 1608 1123
f 732 397 1777
f 970 732 1777
f 732 970 383
f 1805 376 951
f 1597 1805 951
f 414 1805 498
f 1805 42 376
f 1805 414 42
f 457 1624 498
f 1805 457 498
f 457 1805 1597
f 826 168 57
f 767 168 826
f 1751 1112 682
f 1020 1315 1932
f 1315 1005 1932
f 313 135 1932
f 1005 313 1932
f 510 1762 57
f 1762 510 1771
f 160 1762 1771
f 1762 826 57
f 1762 160 826
f 510 1093 1771
f 733 1093 1907
f 1907 1093 1684
f 1093 510 1684
f 708 868 1771
f 1093 708 1771
f 708 1093 733
f 708 733 1498
f 1294 708 1498
f 708 1294 868
f 380 1488 480
f 1488 380 1311
f 132 1488 1311
f 1488 135 480
f 1488 132 135
f 1679 1475 1780
f 1475 99 1780
f 160 99 1475
f 1780 99 1845
f 99 1089 1845
f 512 1340 1866
f 248 1340 512
f 1356 1557 1551
f 1557 486 208
f 1557 827 486
f 673 1557 208
f 1557 673 1551
f 827 1557 547
f 216 1551 405
f 216 1356 1551
f 1638 216 405
f 1557 1605 547
f 1605 1557 1356
f 1394 310 96
f 1394 673 208
f 673 1394 96
f 1048 248 614
f 713 1441 614
f 856 1441 713
f 1380 1441 856
f 927 501 147
f 1146 501 927
f 39 501 1128
f 501 39 147
f 30 1155 252
f 30 711 1155
f 199 30 252
f 711 30 962
f 30 1483 962
f 30 199 1483
f 366 104 324
f 1146 366 1736
f 366 1146 927
f 104 366 927
f 366 1550 1736
f 366 324 1550
f 239 1750 161
f 1750 239 1753
f 161 1750 1881
f 1750 1753 1881
f 553 1798 664
f 1798 553 978
f 533 553 664
f 1607 553 533
f 553 1607 978
f 542 1418 1978
f 1978 1418 405
f 1196 552 840
f 552 1196 651
f 175 871 840
f 1962 871 153
f 840 871 1962
f 871 1650 153
f 871 175 1650
f 5 1774 1427
f 1774 5 477
f 968 1482 244
f 1482 254 244
f 846 2 1748
f 449 1569 512
f 1774 915 1427
f 1647 655 1997
f 1647 1938 655
f 915 1647 1997
f 1647 915 1774
f 1396 1858 1022
f 1396 1174 1858
f 331 1396 1022
f 1174 1396 1776
f 1353 1908 1858
f 1908 1353 1752
f 1752 1353 3
f 1202 1353 1858
f 62 1752 3
f 62 1351 1752
f 1323 1861 665
f 1861 1323 1865
f 911 1189 1654
f 1310 1189 911
f 1189 1310 267
f 306 1189 267
f 144 430 1599
f 107 144 7
f 107 623 1163
f 623 107 7
f 1301 643 556
f 1110 1432 1612
f 1308 1432 1110
f 909 1226 1848
f 1984 909 1848
f 1049 223 1618
f 1618 223 428
f 140 223 329
f 223 140 428
f 524 1134 799
f 102 524 799
f 524 102 839
f 524 1342 599
f 658 1731 961
f 1867 658 961
f 305 658 1867
f 1867 676 1139
f 676 766 1139
f 676 689 1226
f 689 676 1867
f 110 584 973
f 1207 1578 1719
f 1578 1207 359
f 1207 1719 1688
f 1918 1147 401
f 1438 1147 1918
f 1147 938 401
f 938 1147 1156
f 1392 882 1349
f 882 1392 1438
f 908 773 608
f 1264 670 608
f 1658 670 1264
f 882 1526 1349
f 773 1526 608
f 1526 773 1349
f 1342 1126 34
f 1126 524 839
f 524 1126 1342
f 1054 1342 34
f 308 210 1660
f 210 308 683
f 210 1299 1660
f 1299 210 683
f 1188 1308 1133
f 1299 1611 1719
f 1611 1299 683
f 1611 373 1719
f 373 1611 1133
f 1611 683 1133
f 1460 1662 1674
f 1662 646 1138
f 1896 1662 1460
f 1662 1896 646
f 1662 439 1674
f 1350 224 736
f 439 1562 1674
f 1562 439 568
f 1562 852 1674
f 852 1562 1129
f 1562 568 394
f 1082 1562 394
f 1562 1082 1129
f 127 1429 90
f 1951 127 90
f 731 1892 242
f 996 1779 360
f 1779 996 353
f 996 1652 353
f 717 1520 1208
f 1520 717 698
f 1614 717 1208
f 717 570 698
f 145 1520 1081
f 145 1081 1905
f 1520 145 1208
f 570 1157 698
f 1260 1157 517
f 1157 570 517
f 1296 146 1100
f 1934 1681 1256
f 1934 1057 517
f 570 1934 517
f 1934 717 1681
f 717 1934 570
f 1765 4 1749
f 4 1057 1749
f 1057 4 1784
f 4 349 1784
f 349 4 1765
f 583 337 459
f 619 1711 1378
f 640 619 1378
f 1711 119 983
f 1407 119 312
f 119 1407 983
f 119 1711 72
f 119 1360 312
f 119 72 1824
f 1360 119 1824
f 836 1878 1905
f 272 937 242
f 937 731 242
f 731 937 1905
f 937 836 1905
f 910 492 220
f 492 910 1566
f 1878 492 1566
f 492 1878 836
f 492 937 220
f 937 492 836
f 677 451 653
f 451 1787 653
f 1787 69 1566
f 1114 1035 201
f 450 420 201
f 450 1527 420
f 809 333 1018
f 1008 333 809
f 333 758 1018
f 1530 206 184
f 1951 1530 184
f 1530 1951 90
f 206 1530 653
f 677 1530 90
f 1530 677 653
f 1176 452 575
f 452 1176 1008
f 1379 206 1794
f 744 1379 1794
f 206 1379 184
f 907 1883 1744
f 245 907 1744
f 907 245 1272
f 1883 907 1909
f 907 1626 1909
f 907 1272 1626
f 1025 1764 301
f 1025 301 285
f 991 1025 285
f 1025 991 1088
f 128 837 1209
f 128 1210 837
f 1210 1744 1911
f 1974 1210 1172
f 1210 1974 1744
f 1525 1512 294
f 1512 759 294
f 1512 1525 192
f 759 1512 192
f 532 759 192
f 198 532 192
f 532 198 530
f 759 532 294
f 807 1619 1723
f 1786 714 1797
f 1619 1786 1723
f 1786 1619 714
f 334 1713 1477
f 1713 334 1780
f 1679 334 1477
f 334 1679 1780
f 761 1882 139
f 1882 761 518
f 761 395 509
f 1619 761 509
f 1635 472 681
f 1974 1635 681
f 1635 1974 1933
f 1523 1635 1933
f 1635 1523 1823
f 589 1206 1882
f 1206 589 472
f 1635 1206 472
f 1206 1635 1823
f 1198 814 702
f 1198 702 1729
f 1503 1198 1729
f 814 1198 1933
f 598 1707 403
f 1707 557 403
f 557 1707 286
f 1707 1503 1729
f 1707 598 1503
f 1276 1894 847
f 1894 1276 1239
f 1701 1894 496
f 47 566 1209
f 566 702 1209
f 702 566 1729
f 837 1702 1209
f 1702 47 1209
f 1822 1791 1665
f 1791 1822 320
f 1822 1561 320
f 1822 1665 1729
f 566 1822 1729
f 1561 1822 1553
f 975 885 1
f 417 975 1
f 1604 1931 286
f 1604 396 1931
f 1665 1604 286
f 396 1604 1665
f 1912 767 826
f 1545 1912 826
f 1912 1545 1931
f 1912 1931 1415
f 2 1912 1415
f 846 1912 2
f 862 2 1415
f 297 214 1377
f 214 297 1183
f 214 1183 751
f 214 751 244
f 254 59 227
f 545 671 1970
f 545 1970 1461
f 895 545 1461
f 671 545 590
f 1322 1015 1061
f 103 1999 1626
f 1626 1999 1909
f 1999 280 1909
f 280 1999 85
f 1999 103 1874
f 574 1999 1874
f 1999 574 85
f 1880 574 1874
f 972 1880 1874
f 574 1880 694
f 350 857 1620
f 857 972 1620
f 1990 857 350
f 423 857 1990
f 180 844 283
f 844 1924 283
f 1116 1318 92
f 618 327 431
f 1725 781 174
f 781 1725 1135
f 781 1132 1293
f 1132 781 1135
f 1725 412 984
f 63 412 1725
f 412 63 1528
f 1856 1400 1517
f 1014 1400 1856
f 1400 834 1517
f 1524 1969 316
f 150 1524 1404
f 1524 150 930
f 776 80 1583
f 1036 776 287
f 113 190 447
f 1598 113 447
f 113 18 1042
f 190 113 1042
f 113 1598 1992
f 80 992 29
f 992 1042 29
f 992 190 1042
f 790 1598 447
f 790 1785 276
f 997 74 810
f 1446 1843 1021
f 1458 1843 1446
f 1021 1843 1180
f 1843 1801 1180
f 1801 1843 1255
f 1843 1458 1255
f 1860 506 157
f 743 506 193
f 506 377 193
f 506 1860 377
f 506 743 425
f 506 425 1428
f 834 506 1428
f 149 1860 157
f 1860 149 1014
f 506 149 157
f 149 506 834
f 149 1400 1014
f 1400 149 834
f 1742 1339 116
f 476 1339 1742
f 1524 1339 1404
f 1339 374 116
f 374 1339 316
f 1339 1524 316
f 1406 374 421
f 1406 537 541
f 537 1406 421
f 374 1406 116
f 1417 63 46
f 1417 1199 1528
f 63 1417 1528
f 1939 271 1728
f 271 381 1728
f 1968 271 1939
f 381 271 1737
f 271 1468 1737
f 271 1968 1468
f 381 1686 509
f 1686 1619 509
f 1619 1686 714
f 699 761 139
f 1629 763 141
f 763 1151 141
f 1943 763 1728
f 611 763 1943
f 763 611 395
f 1151 763 395
f 768 354 830
f 1809 768 830
f 768 235 354
f 768 1809 343
f 235 768 343
f 1818 1321 830
f 1321 1809 830
f 1809 1321 343
f 1069 715 354
f 1069 354 985
f 880 1069 985
f 715 1069 956
f 1069 880 956
f 715 1885 830
f 1885 1818 830
f 1004 1089 453
f 1977 101 213
f 1292 877 1183
f 1183 877 936
f 1698 1178 1166
f 954 1698 745
f 297 954 745
f 954 297 1267
f 91 315 1060
f 91 1367 315
f 91 1829 1367
f 158 1186 1032
f 292 158 1032
f 158 292 207
f 703 691 685
f 703 402 691
f 402 703 1472
f 980 703 685
f 1657 338 1332
f 78 338 1657
f 402 657 691
f 657 78 691
f 338 657 1332
f 657 338 78
f 1570 402 1472
f 471 1570 1472
f 1570 657 402
f 1570 471 1332
f 657 1570 1332
f 555 1941 1259
f 555 1886 442
f 1886 555 1889
f 1917 555 1259
f 555 1917 1889
f 1792 1827 1842
f 1827 1792 260
f 164 648 917
f 648 164 1259
f 1941 648 1259
f 648 40 1399
f 917 648 1399
f 1827 1745 1328
f 1745 1827 416
f 1745 1083 1328
f 1745 311 1083
f 311 1745 416
f 74 784 1250
f 784 565 1250
f 330 916 74
f 565 916 330
f 916 784 74
f 784 916 565
f 615 129 810
f 318 129 73
f 129 344 990
f 73 129 990
f 211 1121 344
f 1121 211 202
f 436 1888 1374
f 1509 1024 1261
f 1509 1536 231
f 1643 289 560
f 289 1925 560
f 289 1431 1454
f 1925 289 1454
f 1693 778 1573
f 1223 1693 1573
f 1693 920 778
f 1693 1223 920
f 1223 66 920
f 66 1223 281
f 66 560 872
f 66 281 560
f 22 50 872
f 50 22 1870
f 1703 50 1870
f 1695 898 250
f 503 898 1695
f 1271 22 1810
f 1271 1743 250
f 898 1271 250
f 1271 898 22
f 1383 12 1889
f 12 1886 1889
f 1886 12 1304
f 436 12 1888
f 1891 678 919
f 1903 678 1891
f 678 1802 919
f 1802 678 1548
f 943 378 484
f 71 378 943
f 122 1568 1452
f 1474 122 1452
f 1474 1452 1239
f 1950 1474 1239
f 198 1555 530
f 530 1555 1239
f 1555 1950 1239
f 746 484 1862
f 746 1666 484
f 1580 721 965
f 721 479 965
f 1701 1807 1926
f 1050 748 186
f 870 1050 186
f 1050 870 1926
f 1591 718 1317
f 1031 718 205
f 205 718 740
f 718 1591 740
f 1732 1591 1317
f 1732 251 24
f 1591 1732 24
f 1753 1732 1044
f 1732 1753 251
f 1732 1031 1044
f 718 1732 1317
f 1732 718 1031
f 1549 526 24
f 526 1549 1516
f 1516 1549 482
f 890 1549 24
f 1549 890 482
f 921 600 1929
f 921 533 664
f 527 921 1929
f 600 514 1929
f 1390 514 600
f 549 1453 1473
f 1649 549 1473
f 1453 549 933
f 600 1295 1397
f 1295 1649 1397
f 1295 549 1649
f 912 1436 1385
f 921 1347 533
f 1347 921 527
f 1066 527 1929
f 1066 1436 527
f 526 1952 976
f 1952 1513 976
f 1952 526 926
f 1513 1952 926
f 792 580 1191
f 433 580 792
f 87 1927 11
f 11 1927 134
f 382 1927 561
f 1927 87 561
f 1927 477 134
f 1774 1927 1439
f 1927 1774 477
f 1927 1663 1439
f 1663 1927 382
f 1469 562 1479
f 1469 471 1472
f 471 1469 1479
f 703 1469 1472
f 562 1469 980
f 1469 703 980
f 774 226 14
f 1813 226 774
f 14 226 697
f 226 1813 697
f 1691 349 219
f 1691 583 19
f 337 1691 219
f 583 1691 337
f 1539 19 1784
f 349 1539 1784
f 1539 1691 19
f 1691 1539 349
f 938 133 1768
f 1307 133 938
f 133 1110 1768
f 1110 133 1133
f 133 1307 1133
f 410 84 140
f 1389 410 140
f 84 410 1660
f 410 1720 1660
f 410 1389 674
f 1720 410 674
f 55 162 1612
f 409 65 662
f 1995 65 981
f 1868 42 1416
f 1011 188 1705
f 1011 1868 1242
f 188 1011 1944
f 1011 1242 1944
f 137 1360 1645
f 137 1195 1360
f 137 1111 406
f 1111 137 1645
f 878 588 406
f 588 137 406
f 137 588 1195
f 588 878 312
f 1360 588 312
f 1195 588 1360
f 1783 1422 1111
f 1111 1422 406
f 1422 1136 406
f 508 1422 1783
f 1987 878 406
f 1136 1987 406
f 1987 801 878
f 801 1987 1205
f 1987 1390 1205
f 1390 1987 884
f 1167 1985 1136
f 1884 1167 581
f 959 1378 1685
f 959 640 1378
f 112 959 1685
f 640 959 112
f 491 167 1899
f 491 1815 1876
f 491 1876 400
f 167 491 400
f 1672 335 1248
f 1672 247 335
f 1312 901 571
f 571 901 1192
f 901 1464 1192
f 1571 912 1168
f 1571 1464 1170
f 1464 1571 1168
f 368 1571 1170
f 912 1571 893
f 802 1706 1485
f 1607 802 1485
f 1706 802 1268
f 802 1607 1268
f 1579 912 893
f 1706 1263 1485
f 1579 1263 1706
f 1615 1263 893
f 1263 1579 893
f 1615 345 854
f 345 368 1638
f 345 1638 405
f 1418 345 405
f 345 1418 854
f 806 1196 1673
f 813 1313 665
f 1861 813 665
f 32 508 1079
f 581 32 578
f 1167 32 581
f 631 32 1079
f 821 1884 578
f 1476 1158 282
f 820 1476 1352
f 1476 1218 1158
f 1476 820 1218
f 1476 1602 1352
f 1602 1476 282
f 1494 753 616
f 935 753 1494
f 995 25 960
f 25 1839 960
f 1839 25 1141
f 1434 448 756
f 1434 995 448
f 1434 756 982
f 796 1552 1596
f 1596 1552 357
f 1552 1449 357
f 1449 1552 1595
f 1002 1648 1757
f 1002 1964 118
f 1953 1002 118
f 1648 1002 1953
f 1937 1661 1616
f 1661 304 1778
f 304 1106 1778
f 1687 1201 1757
f 1201 1687 576
f 511 1687 1757
f 1687 511 576
f 203 1376 1916
f 10 203 1916
f 203 10 1724
f 1521 203 1724
f 203 1940 1376
f 203 1521 1940
f 538 1120 569
f 1449 58 1244
f 58 1449 1595
f 1850 626 629
f 1710 1850 629
f 1850 1286 626
f 1850 719 1286
f 18 949 629
f 949 1710 629
f 949 113 1992
f 113 949 18
f 97 963 230
f 963 1336 1410
f 963 489 230
f 489 963 1410
f 1336 1253 229
f 654 1253 741
f 1253 756 741
f 1253 1336 756
f 229 1253 953
f 1253 809 953
f 1253 654 809
f 798 815 1109
f 798 1879 815
f 1097 798 1109
f 177 798 1097
f 1194 798 29
f 798 177 29
f 1785 326 318
f 326 1125 148
f 318 326 148
f 326 1036 1125
f 326 776 1036
f 1738 1462 531
f 1462 750 531
f 1383 367 958
f 195 1738 531
f 445 1703 958
f 367 445 958
f 445 367 1738
f 445 195 1103
f 195 445 1738
f 1462 1717 750
f 31 1717 1193
f 164 1319 426
f 750 587 531
f 1659 587 222
f 776 1708 287
f 1708 776 1583
f 1228 177 1097
f 1583 1228 222
f 177 1228 1583
f 1481 1546 470
f 1481 470 489
f 249 1481 489
f 1481 249 1103
f 1240 195 531
f 1481 1240 1546
f 195 1240 1103
f 1240 1481 1103
f 929 1581 1779
f 624 379 165
f 379 624 2000
f 624 638 2000
f 572 624 165
f 424 2000 1536
f 1900 424 1536
f 48 424 1900
f 424 379 2000
f 379 424 1190
f 424 48 1190
f 1224 159 1588
f 333 1224 758
f 1224 333 1527
f 1224 1588 1956
f 758 1224 1956
f 1946 45 879
f 45 1946 1056
f 45 853 879
f 45 1053 853
f 1053 45 1056
f 1954 306 1776
f 1954 1396 331
f 1396 1954 1776
f 1341 1177 1920
f 414 1341 1920
f 1177 1341 1624
f 1624 1341 498
f 1341 414 498
f 1333 1203 558
f 1203 1184 558
f 1203 1492 607
f 1184 1203 607
f 88 1203 1333
f 1203 88 1492
f 88 1333 1179
f 760 88 1179
f 1678 88 760
f 1251 864 1085
f 864 1034 1085
f 1034 864 1277
f 1277 864 317
f 864 1251 317
f 1864 1983 964
f 1537 1864 964
f 1983 1864 1220
f 1181 1537 964
f 1181 964 1401
f 1282 1181 1401
f 1914 684 1599
f 1914 1282 684
f 1497 1914 1599
f 628 1914 1497
f 1914 1181 1282
f 1181 1914 628
f 592 582 1508
f 1508 582 1085
f 1769 582 114
f 582 1769 1085
f 582 1983 114
f 237 274 1904
f 274 700 1904
f 274 237 1327
f 700 274 1327
f 1129 296 1460
f 296 1896 1460
f 845 693 607
f 693 1184 607
f 1184 693 1040
f 966 568 1606
f 1013 966 1606
f 394 966 1489
f 568 966 394
f 1007 295 1731
f 466 1007 1281
f 295 1007 466
f 658 1007 1731
f 6 1414 37
f 6 843 1414
f 843 156 1544
f 156 881 1544
f 881 156 1955
f 1040 755 558
f 1231 755 1040
f 755 1459 558
f 584 1928 1544
f 789 1928 1632
f 1928 584 1632
f 1895 466 1281
f 466 1895 120
f 305 341 1281
f 322 1144 37
f 1144 6 37
f 1144 322 1395
f 1895 1144 1395
f 944 881 1955
f 881 944 973
f 341 944 1955
f 944 341 305
f 944 305 1139
f 1236 944 1139
f 1747 100 789
f 1414 100 951
f 100 1928 789
f 1153 1608 397
f 732 1153 397
f 1153 732 383
f 634 1153 383
f 1608 1153 634
f 986 851 1671
f 487 1019 682
f 143 79 1123
f 1019 1675 682
f 1675 1751 682
f 1751 1675 634
f 323 1020 1137
f 323 1315 1020
f 1112 323 1137
f 1751 859 1112
f 859 323 1112
f 323 859 1315
f 1543 859 634
f 859 1751 634
f 1005 859 1543
f 1315 859 1005
f 313 460 135
f 460 313 1005
f 135 460 480
f 460 1543 480
f 460 1005 1543
f 1408 535 1498
f 535 1294 1498
f 418 89 1477
f 89 1679 1477
f 1679 1676 1475
f 89 1676 1679
f 1495 160 196
f 1495 99 160
f 1464 1257 1170
f 216 1212 1356
f 1212 216 1638
f 1202 1072 185
f 1072 1257 185
f 1257 1072 1605
f 1605 1072 547
f 1072 1174 547
f 1072 1202 1174
f 632 673 96
f 550 632 96
f 673 632 1483
f 632 550 1483
f 1023 1499 1483
f 550 1023 1483
f 1394 723 310
f 723 1048 310
f 723 1394 208
f 723 1340 248
f 1048 723 248
f 1048 770 310
f 770 1048 614
f 1441 770 614
f 328 800 1128
f 501 328 1128
f 1639 542 840
f 552 1639 840
f 1639 552 651
f 1418 1639 651
f 1639 1418 542
f 5 478 477
f 968 1532 637
f 478 1532 828
f 254 1197 1541
f 1482 1197 254
f 1451 168 767
f 987 825 385
f 825 987 1694
f 825 1451 1051
f 1451 825 168
f 168 825 57
f 57 825 1684
f 825 1694 1684
f 1348 905 427
f 915 33 1427
f 473 655 512
f 1569 473 512
f 474 1774 1938
f 1647 474 1938
f 1053 955 1419
f 955 331 1022
f 1419 955 1022
f 955 1053 1056
f 62 1814 1351
f 1010 1323 665
f 336 167 1944
f 167 336 1899
f 1531 434 853
f 1908 415 1419
f 415 1908 1752
f 1351 415 1752
f 1189 41 1654
f 41 1189 306
f 1954 41 306
f 41 701 1654
f 346 430 144
f 1362 1182 1113
f 628 1362 1113
f 1362 628 1497
f 1560 1497 1599
f 430 1560 1599
f 688 1448 1163
f 1448 107 1163
f 674 1448 688
f 1448 674 556
f 107 1448 144
f 617 1601 940
f 1182 617 1113
f 1565 1362 1716
f 1362 1565 1182
f 1565 1716 556
f 643 1565 556
f 1601 1354 329
f 1354 140 329
f 1354 1301 140
f 1354 617 1301
f 617 1354 1601
f 1162 524 599
f 524 1162 1134
f 1134 1162 1644
f 1162 1013 1644
f 1013 1162 1984
f 1790 110 973
f 1790 1236 766
f 577 1790 766
f 1790 577 110
f 944 1790 973
f 1790 944 1236
f 1800 469 1632
f 584 1800 1632
f 110 1800 584
f 1147 1338 1156
f 1338 1147 1438
f 1338 373 1156
f 1338 284 373
f 1854 773 908
f 1854 1207 1688
f 1854 908 359
f 1207 1854 359
f 1526 1026 608
f 1026 1526 882
f 1026 1264 608
f 1264 1026 1256
f 1026 882 1256
f 145 883 1208
f 218 670 1658
f 1054 1063 1342
f 308 1760 683
f 683 1760 1133
f 1760 1188 1133
f 136 308 265
f 1188 136 1308
f 1258 1896 932
f 1896 1258 646
f 546 1864 1682
f 546 1350 1220
f 1864 546 1220
f 9 1227 1138
f 1227 9 940
f 224 495 646
f 495 115 646
f 495 224 1350
f 546 495 1350
f 495 546 115
f 1017 1951 616
f 1017 127 1951
f 358 1700 494
f 127 358 494
f 1017 358 127
f 1700 1009 494
f 1937 1009 1700
f 142 1000 1632
f 1740 1000 142
f 1033 1740 142
f 1740 1033 1429
f 1033 142 739
f 1429 1033 739
f 993 127 494
f 127 863 1429
f 863 1740 1429
f 993 863 127
f 863 1000 1740
f 863 993 1000
f 1844 1892 731
f 1844 731 390
f 1652 1844 390
f 996 1844 1652
f 497 996 360
f 497 360 242
f 1892 497 242
f 1844 497 1892
f 497 1844 996
f 728 717 1614
f 717 728 1681
f 1681 728 1264
f 728 1658 1264
f 698 687 1816
f 1157 687 698
f 1633 583 459
f 583 1633 19
f 19 1633 1784
f 1633 1260 1784
f 841 1934 1256
f 1934 841 1057
f 1057 841 1749
f 841 882 1749
f 882 841 1256
f 1711 1373 72
f 619 1373 1711
f 1373 1558 72
f 1373 619 1558
f 182 340 677
f 340 451 677
f 451 340 1787
f 1980 69 1905
f 69 1980 1566
f 1878 1980 1905
f 1980 1878 1566
f 929 1849 1581
f 1217 456 1718
f 638 468 1830
f 1830 468 201
f 468 450 201
f 1221 468 638
f 1217 468 1221
f 420 994 272
f 1527 994 420
f 937 994 220
f 994 937 272
f 333 994 1527
f 1391 333 1008
f 1176 1391 1008
f 1391 1176 575
f 1391 910 220
f 910 1391 575
f 994 1391 220
f 1391 994 333
f 1379 264 184
f 264 1379 744
f 264 1218 184
f 1218 264 1533
f 264 744 1533
f 1764 1073 1505
f 1025 1073 1764
f 1210 13 1172
f 13 1210 128
f 13 128 1209
f 13 814 1172
f 814 13 1209
f 413 530 1239
f 1095 807 518
f 761 1095 518
f 1095 1619 807
f 1095 761 1619
f 598 212 1503
f 1812 212 403
f 212 598 403
f 1523 1808 1823
f 1808 1206 1823
f 1206 1808 1882
f 418 1808 1812
f 1882 1808 418
f 299 1707 1729
f 1707 299 286
f 1665 299 1729
f 299 1665 286
f 1452 1375 1239
f 1375 1894 1239
f 1568 1375 1452
f 1375 1568 1727
f 1375 1727 496
f 1894 1375 496
f 536 566 47
f 1822 536 1553
f 536 1822 566
f 1609 399 81
f 348 81 155
f 348 1609 81
f 348 1487 1609
f 214 351 1377
f 351 475 1377
f 254 1359 244
f 1359 214 244
f 1359 351 214
f 1359 254 475
f 351 1359 475
f 1897 254 1541
f 1897 59 254
f 862 1897 1541
f 1897 862 1415
f 227 1152 1444
f 59 1152 227
f 1931 1152 1415
f 1152 1897 1415
f 1897 1152 59
f 1152 396 1444
f 396 1152 1931
f 1237 152 794
f 785 895 621
f 785 545 895
f 545 785 1015
f 1330 785 621
f 1015 785 1330
f 1199 705 1528
f 1322 705 1199
f 984 1715 1061
f 1715 1322 1061
f 1715 705 1322
f 705 1715 1528
f 1715 412 1528
f 412 1715 984
f 659 1322 1199
f 659 1171 590
f 545 659 590
f 1235 659 1199
f 1171 659 1235
f 659 545 1015
f 1322 659 1015
f 1165 1772 1075
f 1772 1880 972
f 1772 1165 694
f 1880 1772 694
f 1318 1772 92
f 1075 1772 1318
f 1772 857 92
f 857 1772 972
f 1991 605 92
f 1991 463 605
f 1132 1851 1293
f 1851 1132 1924
f 1851 844 603
f 844 1851 1924
f 844 1117 603
f 463 1262 1966
f 1262 1991 1692
f 1991 1262 463
f 1887 1091 1966
f 1091 463 1966
f 1091 1887 1948
f 605 1646 92
f 1646 1116 92
f 824 1116 1491
f 824 1076 1734
f 824 1491 1076
f 1318 824 1734
f 1116 824 1318
f 233 635 46
f 635 1279 1797
f 1279 1786 1797
f 233 1279 635
f 1279 233 327
f 1279 327 618
f 1279 618 1723
f 1786 1279 1723
f 1668 1761 174
f 781 1668 174
f 1761 1668 350
f 350 1668 1293
f 1668 781 1293
f 1969 613 1300
f 1524 613 1969
f 613 930 1300
f 613 1524 930
f 776 1442 80
f 1442 992 80
f 992 1442 190
f 190 1442 447
f 1598 1386 1274
f 790 1386 1598
f 1386 790 276
f 1714 1386 276
f 1386 793 1274
f 1386 1714 73
f 793 1386 73
f 129 1164 810
f 1164 129 318
f 1388 330 74
f 997 1388 74
f 330 1388 148
f 1388 318 148
f 1388 1164 318
f 1164 1388 997
f 1406 1337 116
f 1337 1406 541
f 1337 1742 116
f 1337 541 590
f 1171 1337 590
f 1339 1534 1404
f 1534 1339 476
f 1404 1534 942
f 1534 476 1781
f 422 1534 1781
f 1534 422 942
f 1623 635 1737
f 1468 1623 1737
f 635 1623 46
f 1623 1417 46
f 1450 381 1737
f 1450 1686 381
f 1450 1737 1797
f 714 1450 1797
f 1686 1450 714
f 1713 189 139
f 189 699 139
f 189 1713 1780
f 1151 189 1780
f 699 189 1151
f 761 1409 395
f 699 1409 761
f 1409 1151 395
f 1409 699 1151
f 355 408 1728
f 763 355 1728
f 408 355 1466
f 355 763 1629
f 1466 355 1859
f 355 544 1859
f 355 300 544
f 355 1629 300
f 779 1885 715
f 1957 1004 453
f 868 1957 453
f 1294 1957 868
f 1004 1062 1089
f 1669 1062 1832
f 1062 1669 1089
f 1062 1004 1592
f 398 215 101
f 757 215 1166
f 101 215 757
f 215 1292 1166
f 215 398 1292
f 82 989 889
f 563 54 68
f 54 213 68
f 54 1977 213
f 54 563 1169
f 720 398 101
f 1977 720 101
f 720 989 398
f 720 1977 722
f 720 722 889
f 989 720 889
f 170 877 1292
f 398 170 1292
f 1369 170 82
f 877 170 1369
f 170 989 82
f 989 170 398
f 261 1538 936
f 877 261 936
f 261 1369 1538
f 261 877 1369
f 17 1178 1998
f 17 757 1166
f 1178 17 1166
f 757 17 1060
f 17 91 1060
f 1561 620 320
f 620 1561 1553
f 954 154 1698
f 154 1267 320
f 154 954 1267
f 620 154 320
f 536 668 1553
f 668 536 47
f 668 1702 1088
f 1702 668 47
f 974 1993 1241
f 1993 974 155
f 974 348 155
f 838 752 1241
f 1829 752 838
f 752 974 1241
f 974 752 1923
f 91 1384 1829
f 17 1384 91
f 1119 433 792
f 1186 1119 792
f 158 1119 1186
f 433 1119 783
f 783 1119 207
f 1119 158 207
f 1792 692 1941
f 40 692 1842
f 692 1792 1842
f 1792 1825 260
f 1825 1792 1941
f 555 1825 1941
f 260 1825 442
f 1825 555 442
f 1101 615 202
f 211 1101 202
f 1101 211 344
f 129 1101 344
f 1101 129 615
f 369 1185 1782
f 436 369 1782
f 1185 369 1374
f 369 436 1374
f 1915 639 1304
f 12 1915 1304
f 1915 12 436
f 639 1915 1782
f 1915 436 1782
f 1910 1084 1900
f 1910 1900 1536
f 1509 1910 1536
f 1084 1910 1261
f 1910 1509 1261
f 661 1094 1024
f 1509 661 1024
f 661 1509 231
f 1094 661 1967
f 461 661 231
f 661 461 1967
f 788 249 920
f 66 788 920
f 249 788 1721
f 788 66 1721
f 22 1107 1870
f 898 1107 22
f 241 273 1810
f 273 1271 1810
f 273 241 1743
f 1271 273 1743
f 484 946 1862
f 378 946 484
f 946 122 1862
f 946 1568 122
f 678 303 1548
f 303 1104 1548
f 303 678 1903
f 303 1903 1666
f 499 60 1467
f 1204 60 499
f 440 1213 1548
f 1104 440 1548
f 1799 721 1580
f 1799 1701 1926
f 1799 1580 847
f 1894 1799 847
f 1799 1894 1701
f 1582 1701 496
f 1582 1807 1701
f 1050 679 748
f 748 679 1016
f 1807 679 1926
f 679 1050 1926
f 1582 679 1807
f 1016 679 496
f 679 1582 496
f 70 921 664
f 921 70 600
f 70 1295 600
f 1985 1852 884
f 1852 1167 1884
f 1167 1852 1985
f 76 1436 912
f 1436 76 527
f 76 1347 527
f 580 1739 1191
f 691 1739 685
f 1739 691 1191
f 1514 764 660
f 162 1763 243
f 55 1763 162
f 65 1028 662
f 1028 65 1995
f 662 1028 108
f 1028 265 108
f 1028 55 1612
f 988 409 688
f 988 65 409
f 988 688 1163
f 981 988 1163
f 65 988 981
f 1211 1868 1416
f 1868 1211 1242
f 1242 1211 1944
f 554 1011 1705
f 1011 554 1868
f 1868 554 42
f 554 1705 384
f 42 554 384
f 816 1987 1136
f 1985 816 1136
f 1987 816 884
f 816 1985 884
f 633 1167 1136
f 633 1422 508
f 32 633 508
f 633 32 1167
f 61 640 112
f 247 61 1179
f 1672 61 247
f 61 760 1179
f 61 112 760
f 901 130 1464
f 1257 130 185
f 130 1257 1464
f 130 1202 185
f 1092 1615 893
f 1092 345 1615
f 1571 1092 893
f 1092 1571 368
f 345 1092 368
f 806 1634 1615
f 1263 1634 1485
f 1634 1263 1615
f 1485 1634 1673
f 1634 806 1673
f 1773 1615 854
f 1773 806 1615
f 1418 1773 854
f 1773 1418 651
f 1196 1773 651
f 806 1773 1196
f 1313 488 1079
f 813 488 1313
f 488 631 1079
f 631 488 769
f 488 1861 769
f 488 813 1861
f 490 631 1522
f 631 490 32
f 32 490 578
f 490 821 578
f 821 490 1522
f 389 769 1192
f 1071 304 1661
f 597 1071 823
f 873 1071 1953
f 304 1071 873
f 1648 1510 1352
f 1510 1648 1953
f 1071 1510 1953
f 1510 1071 597
f 169 753 935
f 169 1510 597
f 169 935 1352
f 1510 169 1352
f 1447 25 995
f 1434 1447 995
f 25 1447 1141
f 1447 1521 1141
f 1521 1447 982
f 1447 1434 982
f 86 906 796
f 906 1552 796
f 906 1437 960
f 906 86 1437
f 1839 906 960
f 1552 906 1595
f 1795 1067 1757
f 1067 1002 1757
f 1067 1795 1964
f 1002 1067 1964
f 319 304 873
f 304 319 1106
f 319 873 977
f 1106 319 977
f 903 1435 569
f 1435 538 569
f 538 1403 1832
f 1832 1403 124
f 1403 903 124
f 1403 1435 903
f 1435 1403 538
f 1099 538 1832
f 1062 1099 1832
f 1099 1062 1592
f 438 1595 716
f 438 58 1595
f 647 438 716
f 695 743 1244
f 58 695 1244
f 743 695 425
f 438 695 58
f 695 1286 425
f 695 647 1286
f 695 438 647
f 441 1710 1150
f 441 1850 1710
f 719 441 1150
f 1850 441 719
f 949 1006 1710
f 1006 1445 786
f 1710 1006 786
f 1445 1006 1992
f 1006 949 1992
f 672 97 513
f 672 963 97
f 1336 672 513
f 963 672 1336
f 1622 1424 27
f 1622 734 375
f 734 1622 111
f 1622 27 111
f 1284 798 1194
f 798 1284 1879
f 1284 1194 629
f 27 1284 629
f 1424 1284 27
f 1442 1480 447
f 817 1738 1775
f 817 1462 1738
f 1717 817 1775
f 817 1717 1462
f 1738 630 1775
f 367 630 1738
f 1717 630 1193
f 630 1717 1775
f 630 1383 1193
f 630 367 1383
f 591 445 1103
f 445 591 1703
f 591 1103 1721
f 66 591 1721
f 591 66 872
f 50 591 872
f 591 50 1703
f 1628 94 164
f 94 1319 164
f 1717 1664 750
f 1664 1319 750
f 1319 1664 426
f 1664 31 426
f 1664 1717 31
f 123 587 750
f 1708 123 750
f 123 1708 1583
f 123 1583 222
f 587 123 222
f 1546 234 1097
f 234 1228 1097
f 1240 234 1546
f 1228 234 222
f 275 1659 222
f 234 275 222
f 275 234 1240
f 275 1240 531
f 587 275 531
f 275 587 1659
f 726 1779 941
f 726 929 1779
f 461 726 941
f 1536 979 231
f 1035 979 1536
f 726 979 929
f 1849 979 1035
f 979 1849 929
f 979 461 231
f 979 726 461
f 730 572 1431
f 456 914 1718
f 914 456 159
f 1224 914 159
f 624 1958 638
f 1958 1221 638
f 1958 730 1221
f 1958 624 572
f 730 1958 572
f 1946 1936 1056
f 1936 1946 701
f 1936 955 1056
f 41 1936 701
f 1936 41 1954
f 1936 1954 331
f 955 1936 331
f 1584 1678 23
f 1584 88 1678
f 88 1584 1492
f 1492 1584 607
f 1864 217 1682
f 217 1864 1537
f 217 543 1682
f 217 1537 543
f 1537 686 1113
f 1181 686 1537
f 686 628 1113
f 686 1181 628
f 35 582 592
f 964 35 1401
f 35 592 1401
f 1983 35 964
f 582 35 1983
f 1540 1129 246
f 1540 296 1129
f 1896 1080 932
f 296 1080 1896
f 1080 296 845
f 1080 845 607
f 1080 736 932
f 1080 23 736
f 1584 1080 607
f 1080 1584 23
f 966 1871 1489
f 1871 966 1013
f 1871 1984 1489
f 1871 1013 1984
f 1065 658 305
f 1065 1007 658
f 1065 305 1281
f 1007 1065 1281
f 67 1144 1507
f 1144 67 6
f 1059 755 1231
f 1140 1059 1705
f 1059 1231 1705
f 1459 1059 1140
f 755 1059 1459
f 1144 347 1507
f 347 1144 1895
f 347 1895 1281
f 341 347 1281
f 387 457 1597
f 1585 1597 951
f 100 1585 951
f 1585 387 1597
f 843 1733 1414
f 1733 100 1414
f 1733 843 1544
f 1928 1733 1544
f 100 1733 1928
f 487 173 1019
f 173 487 1833
f 986 173 1833
f 173 79 1019
f 79 173 372
f 173 986 1671
f 372 173 1671
f 1112 178 682
f 178 487 682
f 178 1112 875
f 487 529 1833
f 457 529 1624
f 529 457 1833
f 1624 529 842
f 529 178 875
f 178 529 487
f 842 529 1344
f 529 875 1344
f 595 924 1778
f 79 924 595
f 924 79 372
f 924 372 1671
f 851 924 1671
f 79 1655 1123
f 1655 79 595
f 1655 1106 1123
f 1106 1655 1778
f 1655 595 1778
f 1675 1741 634
f 1741 1608 634
f 1608 1741 1123
f 1741 143 1123
f 1475 727 826
f 727 1676 826
f 1676 727 1475
f 1238 89 418
f 1238 1676 89
f 1238 418 403
f 1676 1238 826
f 557 1238 403
f 1238 557 826
f 453 465 196
f 465 1495 196
f 1495 465 99
f 1089 465 453
f 99 465 1089
f 1982 1257 1605
f 1982 1212 1638
f 1982 1638 1170
f 1257 1982 1170
f 1982 1605 1356
f 1212 1982 1356
f 191 550 96
f 191 1023 550
f 723 1935 1340
f 1935 1478 1866
f 1340 1935 1866
f 1478 1935 208
f 1935 723 208
f 16 501 1146
f 800 16 207
f 16 783 207
f 352 1041 828
f 1041 478 828
f 1041 352 134
f 477 1041 134
f 478 1041 477
f 1532 44 637
f 33 44 1427
f 44 33 637
f 771 968 244
f 771 1532 968
f 1532 771 828
f 828 771 1689
f 751 771 244
f 771 751 1689
f 862 525 2
f 525 862 1541
f 1197 525 1541
f 1789 846 604
f 1451 1789 604
f 1789 1451 767
f 1912 1789 767
f 1789 1912 846
f 825 183 385
f 183 825 1051
f 905 183 1051
f 183 1348 385
f 183 905 1348
f 846 163 604
f 163 1273 604
f 637 163 1748
f 163 846 1748
f 923 1451 604
f 1451 923 1051
f 1345 1273 1819
f 1345 905 1051
f 1273 1345 604
f 33 1355 1819
f 1355 33 915
f 1355 915 1997
f 934 1345 1819
f 1345 934 905
f 1355 934 1819
f 905 934 427
f 669 1355 1997
f 1355 669 1234
f 1324 1647 1774
f 474 1324 1774
f 1324 474 1647
f 279 1814 62
f 279 62 3
f 1323 279 1865
f 1814 279 1323
f 1312 279 3
f 279 571 1865
f 279 1312 571
f 1814 1326 1351
f 1326 1814 1496
f 1326 415 1351
f 1814 1365 1496
f 434 712 1416
f 712 1211 1416
f 415 957 1419
f 1053 957 853
f 957 1053 1419
f 1306 1531 853
f 957 1306 853
f 1306 957 415
f 548 1362 1497
f 1560 548 1497
f 548 1560 430
f 1486 346 144
f 1448 1486 144
f 346 1486 1716
f 1716 1486 556
f 1486 1448 556
f 269 643 1301
f 617 269 1301
f 269 617 1182
f 617 1290 1113
f 1290 617 940
f 1290 543 1113
f 9 1290 940
f 288 1049 1606
f 439 288 1606
f 1594 187 1227
f 187 1662 1138
f 1227 187 1138
f 1662 187 439
f 187 288 439
f 288 187 1594
f 284 432 1688
f 1338 432 284
f 1392 362 1438
f 362 1338 1438
f 362 432 1338
f 362 1392 1349
f 883 1382 1746
f 1382 883 145
f 370 1614 1208
f 1173 370 883
f 627 1838 182
f 142 627 739
f 627 182 739
f 627 142 469
f 1838 1393 1746
f 627 1393 1838
f 1297 577 766
f 1873 1297 194
f 528 1126 839
f 528 218 1126
f 528 839 608
f 670 528 608
f 218 528 670
f 1126 339 34
f 218 339 1126
f 339 218 1658
f 1342 831 599
f 1063 831 1342
f 1432 1142 1612
f 1142 1028 1612
f 1028 1142 265
f 1160 1760 308
f 136 1160 308
f 1760 1160 1188
f 1160 136 1188
f 83 224 646
f 1258 83 646
f 83 1258 932
f 736 83 932
f 224 83 736
f 1821 1290 9
f 115 1821 646
f 646 1821 1138
f 1821 9 1138
f 358 1405 1700
f 1405 597 823
f 710 1017 616
f 710 358 1017
f 753 710 616
f 710 1405 358
f 1127 291 1963
f 1127 1937 1616
f 1127 1009 1937
f 1000 1455 1009
f 993 1455 1000
f 1009 1455 494
f 1455 993 494
f 1145 1614 419
f 1145 728 1614
f 1145 419 257
f 1658 1145 257
f 728 1145 1658
f 888 1157 1260
f 888 687 1157
f 888 146 1296
f 146 888 1260
f 888 737 1811
f 737 888 1296
f 888 1811 1816
f 687 888 1816
f 1370 146 1260
f 1633 1370 1260
f 1370 1633 459
f 1100 1370 459
f 146 1370 1100
f 1381 340 182
f 340 1381 1787
f 1849 586 77
f 1114 586 1035
f 586 1849 1035
f 1456 77 360
f 1456 1849 77
f 1581 1456 360
f 1210 1149 837
f 1149 1073 837
f 1073 1149 1505
f 1505 1149 1911
f 1149 1210 1911
f 393 1025 1088
f 393 1073 1025
f 1358 532 530
f 413 1358 530
f 1276 342 1239
f 342 413 1239
f 1443 342 1518
f 342 1276 1518
f 204 1443 294
f 532 204 294
f 204 342 1443
f 342 204 413
f 204 1358 413
f 1493 1523 1933
f 1198 1493 1933
f 1493 1808 1523
f 1493 1198 1503
f 212 1493 1503
f 1493 212 1812
f 1808 1493 1812
f 1857 399 1609
f 399 1857 742
f 1857 721 742
f 721 1857 479
f 1988 1945 1577
f 1726 1988 1948
f 1887 1726 1948
f 1309 1631 1692
f 1631 1262 1692
f 1262 1631 435
f 93 1991 92
f 1991 93 423
f 857 93 92
f 423 93 857
f 1991 1556 1692
f 1556 1991 423
f 1556 1309 1692
f 1309 1556 603
f 1556 1851 603
f 1851 1826 1293
f 1826 350 1293
f 1826 1990 350
f 729 844 180
f 729 1117 844
f 152 729 1697
f 729 180 1697
f 1262 1994 1966
f 1994 1262 435
f 1994 1887 1966
f 1994 1726 1887
f 463 1976 605
f 1091 1976 463
f 1976 1646 605
f 1491 1976 1948
f 1976 1091 1948
f 1116 1976 1491
f 1646 1976 1116
f 327 1576 431
f 233 1576 327
f 1576 174 431
f 1576 1725 174
f 1725 1576 46
f 1576 233 46
f 1368 997 810
f 1164 1368 810
f 1368 1164 997
f 666 1171 1235
f 666 1337 1171
f 666 1235 1742
f 1337 666 1742
f 772 1623 1468
f 772 1468 1781
f 1623 772 1417
f 476 772 1781
f 772 476 1305
f 1199 772 1305
f 1417 772 1199
f 321 779 1592
f 779 321 1885
f 1004 321 1592
f 1957 321 1004
f 1885 321 1818
f 321 1957 1818
f 1977 858 722
f 54 858 1977
f 858 1169 722
f 858 54 1169
f 154 1215 1698
f 1846 752 1829
f 1384 1846 1829
f 1846 1384 752
f 752 1131 1923
f 1384 1131 752
f 1806 1131 1998
f 1131 17 1998
f 1131 1384 17
f 8 648 1941
f 692 8 1941
f 648 8 40
f 8 692 40
f 1107 1564 1870
f 1703 1564 958
f 1564 1703 1870
f 467 332 496
f 1727 467 496
f 1096 378 71
f 1959 1096 1161
f 1096 945 1161
f 1096 71 945
f 1096 1959 1130
f 1122 1096 1130
f 1568 1098 1727
f 946 1098 1568
f 1098 467 1727
f 1098 946 378
f 1096 1098 378
f 467 1098 332
f 1098 1122 332
f 1098 1096 1122
f 746 240 1666
f 240 303 1666
f 240 746 1862
f 303 876 1104
f 240 876 303
f 876 240 1862
f 876 1474 1950
f 122 876 1862
f 1474 876 122
f 1213 1047 818
f 440 1047 1213
f 1302 440 1104
f 60 1302 1467
f 1047 1302 60
f 1302 1047 440
f 1302 198 1467
f 1302 1555 198
f 1555 1302 1950
f 1302 876 1950
f 876 1302 1104
f 721 1266 742
f 1799 1266 721
f 1266 1799 1926
f 1266 399 742
f 1266 870 1803
f 870 1266 1926
f 81 1266 1803
f 399 1266 81
f 521 70 664
f 70 521 1295
f 933 521 664
f 549 521 933
f 1295 521 549
f 514 1068 1929
f 625 1068 514
f 1068 625 865
f 1148 1852 865
f 625 1148 865
f 1852 1148 884
f 821 53 1884
f 822 53 821
f 1420 822 1436
f 76 28 1347
f 533 28 1268
f 1347 28 533
f 28 76 912
f 1579 28 912
f 28 1706 1268
f 28 1579 1706
f 1739 1124 685
f 1124 1739 580
f 1124 660 685
f 1124 1514 660
f 1124 580 433
f 1514 1124 433
f 791 433 783
f 791 1514 433
f 1514 791 764
f 1869 1028 1995
f 1028 1869 55
f 1869 1763 55
f 1869 1995 243
f 1763 1869 243
f 1422 1961 1136
f 1961 633 1136
f 633 1961 1422
f 106 61 1672
f 106 1672 1248
f 1558 106 1824
f 106 1291 1824
f 1291 106 1248
f 290 1353 1202
f 130 290 1202
f 1353 290 3
f 290 1312 3
f 290 901 1312
f 290 130 901
f 109 631 769
f 389 109 769
f 109 389 631
f 631 596 1522
f 389 596 631
f 596 821 1522
f 1436 596 1385
f 822 596 1436
f 596 822 821
f 848 1071 1661
f 1071 848 823
f 263 169 597
f 169 263 753
f 1405 263 597
f 263 710 753
f 710 263 1405
f 1572 1839 1712
f 1572 906 1839
f 906 1572 1595
f 1595 1572 716
f 1572 647 716
f 647 1572 1712
f 779 1426 1592
f 1426 1099 1592
f 1426 779 715
f 538 1621 1120
f 1099 1621 538
f 1621 715 956
f 1621 1426 715
f 1426 1621 1099
f 56 1621 956
f 1120 1621 56
f 1471 1622 375
f 1622 1471 1424
f 522 1471 375
f 1879 1471 522
f 1284 1471 1879
f 1471 1284 1424
f 780 326 1785
f 1480 780 447
f 780 790 447
f 790 780 1785
f 795 1442 776
f 795 1480 1442
f 166 1628 483
f 166 94 1628
f 166 483 287
f 1708 166 287
f 1319 314 750
f 94 314 1319
f 166 314 94
f 314 1708 750
f 314 166 1708
f 1217 1989 456
f 1989 1217 1221
f 730 1989 1221
f 159 1989 1643
f 456 1989 159
f 1989 730 1431
f 289 1989 1431
f 1989 289 1643
f 914 782 1718
f 782 1217 1718
f 782 914 1224
f 468 782 450
f 782 468 1217
f 782 1527 450
f 782 1224 1527
f 295 1012 246
f 1012 1540 246
f 1540 1012 296
f 347 1593 1507
f 1593 341 1955
f 1593 347 341
f 1329 156 843
f 6 1329 843
f 67 1329 6
f 156 1329 1955
f 1329 1593 1955
f 1329 67 1507
f 1593 1329 1507
f 1778 361 1616
f 291 361 1778
f 361 1127 1616
f 1127 361 291
f 986 1820 851
f 1820 387 851
f 1820 986 1833
f 457 1820 1833
f 387 1820 457
f 775 1585 100
f 775 100 1747
f 775 707 851
f 387 775 851
f 1585 775 387
f 291 1877 1963
f 1877 291 1778
f 924 1877 1778
f 1627 1675 1019
f 1627 1741 1675
f 1741 1627 143
f 79 1627 1019
f 1627 79 143
f 656 535 1408
f 656 1408 1311
f 762 656 1311
f 380 209 1311
f 209 380 343
f 1321 209 343
f 535 747 1294
f 656 747 535
f 747 656 762
f 1957 747 1818
f 747 1957 1294
f 191 1979 1023
f 1979 1380 1587
f 1979 1441 1380
f 770 1979 310
f 1979 770 1441
f 310 1979 96
f 1979 191 96
f 1412 328 501
f 16 1412 501
f 328 1412 800
f 1412 16 800
f 874 16 1146
f 874 1146 1736
f 764 874 1736
f 16 874 783
f 874 791 783
f 791 874 764
f 44 1506 1427
f 1506 5 1427
f 2 444 1748
f 525 444 2
f 444 968 1748
f 163 886 1273
f 886 33 1819
f 1273 886 1819
f 33 886 637
f 886 163 637
f 1511 923 604
f 1345 1511 604
f 923 1511 1051
f 1511 1345 1051
f 1372 1355 1234
f 1372 934 1355
f 1372 669 1569
f 669 1372 1234
f 179 473 1569
f 669 179 1569
f 179 669 1997
f 655 179 1997
f 473 179 655
f 680 1326 1496
f 1326 680 415
f 680 1306 415
f 491 388 1815
f 1364 388 491
f 1815 388 665
f 388 1010 665
f 388 1364 1010
f 138 1814 1323
f 1010 138 1323
f 1835 336 1944
f 1211 1835 1944
f 712 1835 1211
f 1247 1835 712
f 1365 1247 1496
f 1306 1225 1531
f 1531 1225 434
f 1225 712 434
f 1225 1247 712
f 1247 1225 1306
f 1971 548 430
f 548 1971 1362
f 346 1971 430
f 1971 346 1716
f 1362 1971 1716
f 749 1565 643
f 269 749 643
f 1565 749 1182
f 749 269 1182
f 43 223 1049
f 288 43 1049
f 223 43 329
f 43 1601 329
f 43 288 1594
f 43 1594 1227
f 1601 43 940
f 43 1227 940
f 797 1854 1688
f 432 797 1688
f 1854 797 773
f 773 797 1349
f 797 362 1349
f 362 797 432
f 1902 1838 1746
f 1382 1902 1746
f 883 1637 1208
f 1637 370 1208
f 370 1637 883
f 253 883 1746
f 253 1173 883
f 253 1746 1090
f 1055 253 1090
f 253 1055 1173
f 1055 1063 1054
f 1173 1055 1054
f 370 803 1614
f 1173 803 370
f 1614 803 419
f 419 803 257
f 1746 855 1090
f 1393 855 1746
f 577 1357 110
f 1357 627 469
f 1357 1393 627
f 855 1357 577
f 1357 855 1393
f 1800 1357 469
f 1357 1800 110
f 1930 1297 766
f 1930 676 1226
f 676 1930 766
f 1229 1658 257
f 1229 339 1658
f 429 136 265
f 1142 429 265
f 136 429 1308
f 429 1432 1308
f 429 1142 1432
f 913 1821 115
f 546 913 115
f 1290 913 543
f 1821 913 1290
f 543 913 1682
f 913 546 1682
f 1696 1747 789
f 1696 1127 1747
f 1127 1696 1009
f 1872 69 1787
f 1381 1872 1787
f 1872 1382 145
f 1872 145 1905
f 69 1872 1905
f 586 364 77
f 364 586 1114
f 77 364 201
f 364 1114 201
f 1849 1086 1581
f 1086 1456 1581
f 1456 1086 1849
f 1073 1270 837
f 1270 1702 837
f 1702 1270 1088
f 1358 849 532
f 849 204 532
f 204 849 1358
f 1487 504 1609
f 504 1857 1609
f 975 504 885
f 504 1487 885
f 504 975 417
f 504 417 479
f 1857 504 479
f 609 1945 1988
f 1945 609 404
f 1726 609 1988
f 609 1726 404
f 1945 1265 1577
f 1265 1945 1237
f 1577 1265 794
f 1265 1237 794
f 256 1994 435
f 1994 256 1726
f 1631 899 435
f 899 1945 404
f 1556 928 1851
f 928 1826 1851
f 928 1556 423
f 928 423 1990
f 1826 928 1990
f 729 225 1117
f 1237 225 152
f 225 729 152
f 567 1178 1698
f 1215 567 1698
f 567 1806 1998
f 1806 567 1402
f 885 1759 991
f 1402 1759 885
f 991 1759 1088
f 232 1215 154
f 1636 620 1553
f 668 1636 1553
f 1836 1636 668
f 1610 668 1088
f 1610 1836 668
f 1759 1610 1088
f 1921 974 1923
f 1921 1806 974
f 1131 1921 1923
f 1921 1131 1806
f 974 49 348
f 1806 49 974
f 1888 649 1374
f 649 503 1374
f 649 898 503
f 649 1107 898
f 12 649 1888
f 649 12 1383
f 887 60 1204
f 887 1047 60
f 887 1204 610
f 887 610 818
f 1047 887 818
f 969 625 514
f 969 1148 625
f 969 514 1390
f 969 1390 884
f 1148 969 884
f 1254 1066 1929
f 1068 1254 1929
f 53 1118 1884
f 1852 1118 865
f 1118 1852 1884
f 805 106 1558
f 106 805 61
f 619 805 1558
f 805 619 640
f 61 805 640
f 596 64 1385
f 64 596 389
f 1385 64 1192
f 64 389 1192
f 1937 197 1661
f 197 848 1661
f 848 1965 823
f 1965 1937 1700
f 1965 197 1937
f 197 1965 848
f 1965 1405 823
f 1405 1965 1700
f 795 1003 1480
f 780 1003 326
f 1003 780 1480
f 326 1003 776
f 1003 795 776
f 386 1012 295
f 386 466 120
f 386 295 466
f 601 1175 1747
f 1127 601 1747
f 601 1127 1963
f 1877 601 1963
f 601 1877 1175
f 126 1175 707
f 775 126 707
f 1175 126 1747
f 126 775 1747
f 1175 485 707
f 1877 485 1175
f 485 1877 924
f 707 485 851
f 485 924 851
f 505 762 1311
f 209 505 1311
f 725 1979 1587
f 1979 725 1023
f 278 725 1587
f 1499 725 278
f 1023 725 1499
f 121 44 1532
f 121 1506 44
f 1506 121 5
f 121 478 5
f 121 1532 478
f 458 525 1197
f 458 444 525
f 458 1197 1482
f 458 1482 968
f 444 458 968
f 270 1372 1569
f 1372 270 934
f 934 270 427
f 270 449 427
f 270 1569 449
f 1975 1365 1814
f 138 1975 1814
f 1364 1108 1010
f 1108 138 1010
f 1108 1975 138
f 680 1154 1306
f 1154 1247 1306
f 1154 680 1496
f 1247 1154 1496
f 1590 1247 1365
f 1247 1590 1835
f 1975 1590 1365
f 1590 1975 1899
f 336 1590 1899
f 1835 1590 336
f 1440 1382 1064
f 1440 1902 1382
f 1381 1440 1064
f 1334 1873 194
f 831 1334 194
f 1334 831 1063
f 1055 1334 1063
f 519 1173 1054
f 519 803 1173
f 1229 519 1054
f 803 519 257
f 519 1229 257
f 1873 516 1297
f 947 1162 599
f 831 947 599
f 1297 539 194
f 1930 539 1297
f 539 831 194
f 539 947 831
f 909 539 1226
f 539 1930 1226
f 339 1046 34
f 1229 1046 339
f 1046 1054 34
f 1046 1229 1054
f 551 1696 789
f 551 789 1632
f 1000 551 1632
f 551 1000 1009
f 1696 551 1009
f 1269 1381 1064
f 1269 1872 1381
f 1382 1269 1064
f 1872 1269 1382
f 393 1187 1073
f 1187 1270 1073
f 1187 393 1088
f 1270 1187 1088
f 1804 256 435
f 899 1804 435
f 1804 899 404
f 1726 1804 404
f 256 1804 1726
f 1945 833 1237
f 833 225 1237
f 225 833 1117
f 833 1631 1309
f 833 1309 603
f 1117 833 603
f 1178 1913 1998
f 1913 567 1998
f 567 1913 1178
f 232 200 1215
f 200 1759 1402
f 1759 200 765
f 200 232 765
f 567 200 1402
f 200 567 1215
f 20 1806 1402
f 20 49 1806
f 348 407 1487
f 49 407 348
f 20 407 49
f 407 20 1402
f 407 1402 885
f 1487 407 885
f 1831 1564 1107
f 649 1831 1107
f 1254 1074 1066
f 1066 1074 1436
f 1074 1420 1436
f 1118 1519 865
f 1519 1068 865
f 1519 1254 1068
f 1074 1519 1420
f 1519 1074 1254
f 1519 1118 53
f 1519 53 822
f 1420 1519 822
f 386 277 1012
f 296 277 845
f 1012 277 296
f 1625 209 1321
f 1625 505 209
f 505 1625 762
f 1625 1321 1818
f 747 1625 1818
f 1625 747 762
f 1670 1108 1364
f 1670 491 1899
f 1670 1364 491
f 1975 1670 1899
f 1108 1670 1975
f 266 1440 1381
f 1440 266 1902
f 266 1381 182
f 1838 266 182
f 1902 266 1838
f 437 855 577
f 1334 1758 1873
f 1758 516 1873
f 1758 1334 1055
f 1758 1055 1090
f 855 1758 1090
f 850 539 909
f 539 850 947
f 850 909 1984
f 1162 850 1984
f 947 850 1162
f 861 899 1631
f 833 861 1631
f 899 861 1945
f 861 833 1945
f 1981 1636 1836
f 462 1981 1836
f 1981 462 765
f 232 1981 765
f 1981 232 154
f 1981 154 620
f 1636 1981 620
f 1504 1610 1759
f 1504 1759 765
f 462 1504 765
f 1610 1504 1836
f 1504 462 1836
f 1699 649 1383
f 1699 1831 649
f 1831 1699 1564
f 1699 1383 958
f 1564 1699 958
f 1837 693 845
f 277 1837 845
f 1278 277 386
f 437 645 855
f 645 1758 855
f 1758 645 516
f 645 437 577
f 1297 645 577
f 516 645 1297
f 1796 1837 277
f 1040 1796 1395
f 693 1796 1040
f 1837 1796 693
f 1278 952 277
f 952 1796 277
f 1796 952 1395
f 1001 1278 386
f 1001 952 1278
f 1001 386 120
f 1895 1001 120
f 1001 1895 1395
f 952 1001 1395
o Cracks
v -3.2130999078108866 4.988307854862514 0.1
v -3.073933364522719 4.577198209838219 0.1
v -3.262033096829823 4.082418438989836 0.1
v -3.241234885556276 4.630357109323741 0.1
v -3.9524537082353812 4.154652562737046 0.1
l 2001 2002 2003 2004 2005
v -11.254633898957803 -12.390558709414282 0.1
v -11.446743364876133 -12.663112763579067 0.1
v -12.288472608258742 -11.762679278141405 0.1
v -11.159467101124052 -11.592076858971886 0.1
v -12.02957459443572 -12.893927098003346 0.1
l 2006 2007 2008 2009 2010
v -10.126896265995303 -4.42253142108229 0.1
v -10.018256767844273 -3.234542748764498 0.1
v -10.396871396127004 -3.9372059215526924 0.1
v -10.468419155010254 -2.8462723933718124 0.1
v -9.588460614908827 -4.20867847436196 0.1
l 2011 2012 2013 2014 2015
v 5.688441480198302 5.019923213849493 0.1
v 6.079226100877804 3.9617200026888035 0.1
v 5.534853487470575 5.185342785672189 0.1
v 6.553172654872374 3.997528840899637 0.1
v 7.307623796090218 4.234420958560284 0.1
l 2016 2017 2018 2019 2020
v 13.167905905921293 -9.620104332779823 0.1
v 14.69741382298254 -8.973602768573528 0.1
v 13.297050080978781 -9.522724174203052 0.1
v 14.012927140079668 -8.023990380266074 0.1
v 14.816979220426049 -8.647433829035585 0.1
l 2021 2022 2023 2024 2025
v -11.059947583022865 -12.704940331387455 0.1
v -11.033309264164169 -12.600557107413668 0.1
v -10.788845587559333 -12.61503978600405 0.1
v -10.285659880446097 -14.01125160225978 0.1
v -10.38962390993925 -12.459452518660976 0.1
l 2026 2027 2028 2029 2030
v 9.247375431536767 -9.30011625364461 0.1
v 9.71449265226121 -8.75880204071533 0.1
v 9.24648232896797 -8.908460595829315 0.1
v 8.563367126969949 -7.435416506451089 0.1
v 9.395118856794324 -8.50214155197746 0.1
l 2031 2032 2033 2034 2035
v -8.768040028075543 -3.5060434315047404 0.1
v -9.24595924081974 -2.7078573319322965 0.1
v -9.223064098881252 -2.5811342147014837 0.1
v -8.258102453713885 -2.9872827848681167 0.1
v -7.517423099596727 -3.850053719694674 0.1
l 2036 2037 2038 2039 2040
v -2.4520350413001584 10.594726762260299 0.1
v -1.347417170857515 10.531115238904238 0.1
v -0.8736520019104712 10.454318616367418 0.1
v -2.476659137878391 10.634836669085752 0.1
v -0.9481164885078635 9.698386049291306 0.1
l 2041 2042 2043 2044 2045
v -13.583638266041289 2.4243455190207737 0.1
v -12.639124382780423 2.7537565775895176 0.1
v -14.058946231422327 2.399521654727695 0.1
v -13.69225102177277 3.2965505158571426 0.1
v -13.338262353716429 3.6364027252340785 0.1
l 2046 2047 2048 2049 2050
v 4.82995540069221 -3.6275001820900936 0.1
v 5.777030380731242 -2.614686802306718 0.1
v 4.629172903864501 -2.6607556432898867 0.1
v 5.396989520926512 -3.2787962323334527 0.1
v 5.528997704275076 -3.9513710256594528 0.1
l 2051 2052 2053 2054 2055
v -0.8864241599715919 -11.583092808993797 0.1
v -1.232330180993571 -11.493345453727613 0.1
v -1.5501601744372062 -11.707884732113689 0.1
v -1.6841963557624249 -12.277001831610855 0.1
v -0.4831471122526074 -12.147892502235477 0.1
l 2056 2057 2058 2059 2060
v 3.2158825386590006 -12.148461060802235 0.1
v 4.602480143234431 -12.797524781362416 0.1
v 3.4641221233235457 -12.009896869881683 0.1
v 3.3069145487552793 -12.521837162827834 0.1
v 4.045124502039188 -13.920109981780165 0.1
l 2061 2062 2063 2064 2065
v 12.821226432849471 12.992278355331349 0.1
v 14.129828633003171 12.365815280364915 0.1
v 12.48425146541619 11.666638314799764 0.1
v 12.464635105387023 11.779755146169006 0.1
v 13.696445113246066 11.900080135278941 0.1
l 2066 2067 2068 2069 2070
v 1.5147437486990587 0.9842433241189077 0.1
v 1.6369311722359525 1.7988722467344438 0.1
v 0.4741438502393147 1.253668164708174 0.1
v 1.2808366236745214 1.4542338265849166 0.1
v 1.6292477596789046 1.7352155700465233 0.1
l 2071 2072 2073 2074 2075
v 12.503587439282581 -1.3558274057802033 0.1
v 11.476713454510099 -0.37280287101113974 0.1
v 12.139499598719176 -0.5550081104014963 0.1
v 11.38268486314143 -0.8591219881371512 0.1
v 12.236458462880972 -0.6722520655580875 0.1
l 2076 2077 2078 2079 2080
v 8.708014576588594 -4.533593629971715 0.1
v 9.859822330812069 -5.773337305015291 0.1
v 8.07509590411176 -6.167106011171034 0.1
v 8.413004770226559 -6.4870881850131 0.1
v 8.04244733855369 -5.6237672001368 0.1
l 2081 2082 2083 2084 2085
v -11.897143650519807 -2.5408256750255642 0.1
v -12.210070034498752 -2.8489177017141905 0.1
v -11.346814365577881 -3.421485359919898 0.1
v -12.858243645768287 -2.3151983248535943 0.1
v -11.252748197701829 -2.106340829132693 0.1
l 2086 2087 2088 2089 2090
v -15.141214943818994 -8.664493182654073 0.1
v -14.017339032402177 -8.561016682716023 0.1
v -13.851217650052925 -7.144309325379606 0.1
v -15.7334817291129 -8.110998866268202 0.1
v -15.698386406943262 -8.092862666672772 0.1
l 2091 2092 2093 2094 2095
v -2.3833011400882618 -2.7423189073033636 0.1
v -2.640967026140714 -2.9922165030755323 0.1
v -1.7555975635546928 -3.1614796449023848 0.1
v -2.339792128226329 -2.235701414200991 0.1
v -1.644888477199838 -2.48928224009825 0.1
l 2096 2097 2098 2099 2100
v 1.9874815566883728 4.266883895539791 0.1
v 2.7713408892263987 4.520674200482556 0.1
v 1.688281366141799 4.45791056846161 0.1
v 1.8214042975678841 4.820478466694396 0.1
v 2.5530223427540495 5.074252353566756 0.1
l 2101 2102 2103 2104 2105
v 11.836096901842867 -7.229159717721645 0.1
v 10.749997365784086 -7.784854428084263 0.1
v 11.914447639502573 -8.473983481978252 0.1
v 12.351367535085211 -8.197087985906336 0.1
v 11.74098976642958 -8.527043897138926 0.1
l 2106 2107 2108 2109 2110
v 3.117388606924922 6.395965705253339 0.1
v 4.466723699557244 7.912197237795045 0.1
v 3.937353937819893 7.473982466643501 0.1
v 3.655919499654638 7.97980697131554 0.1
v 4.949228377866406 6.488510873679179 0.1
l 2111 2112 2113 2114 2115
v -4.709289397959068 2.4181864473184707 0.1
v -5.252880965458917 3.3003680862359586 0.1
v -4.061693488352946 3.441141843923228 0.1
v -4.819513251677211 2.246161774385797 0.1
v -3.911228875237616 2.69640527670374 0.1
l 2116 2117 2118 2119 2120
v -13.424464595252559 -3.3875763912332912 0.1
v -12.898834817726872 -3.4228771479126374 0.1
v -13.93621047805431 -4.843358578737902 0.1
v -12.785045189021332 -4.322792419364666 0.1
v -13.711289043424639 -4.806303825292266 0.1
l 2121 2122 2123 2124 2125
v 3.1490321442778297 10.600895343320223 0.1
v 3.6498697559181226 9.936665792858255 0.1
v 2.700503386962109 11.16796887210289 0.1
v 3.591998760123957 10.925109238709265 0.1
v 2.785061975524069 10.88085968019107 0.1
l 2126 2127 2128 2129 2130
v -13.572490524263918 -3.701330752961918 0.1
v -13.910141920226257 -5.315896171310516 0.1
v -13.491320809083682 -4.777903851820225 0.1
v -12.613329957572178 -4.471327790109788 0.1
v -13.39049070618431 -4.869250307207602 0.1
l 2131 2132 2133 2134 2135
v -7.351639668215358 -8.804665529500127 0.1
v -7.680555658346016 -8.529360093572238 0.1
v -7.64251291298334 -8.973189087110258 0.1
v -6.9906404639617055 -7.64858763494162 0.1
v -6.583188943511402 -7.674821975689971 0.1
l 2136 2137 2138 2139 2140
v 6.800566083858868 10.647172089275902 0.1
v 5.177728424734543 9.693994490267901 0.1
v 6.8166102421307055 10.688607432651597 0.1
v 5.883131541945836 9.3646035711966 0.1
v 6.911591359352765 9.67836502455073 0.1
l 2141 2142 2143 2144 2145
v 10.4169834481058 6.681419138400081 0.1
v 10.95499456813791 4.85916053771831 0.1
v 10.353219672226802 6.338267695132151 0.1
v 11.440953060456152 5.7758498795506 0.1
v 11.122327118501289 6.352335130359897 0.1
l 2146 2147 2148 2149 2150
v -4.6232774762707525 -0.565502944769414 0.1
v -3.628186521971193 -0.015528659538207368 0.1
v -4.054381949268512 -0.7595867893115404 0.1
v -3.649395514657427 0.6408965192609053 0.1
v -3.5990163939159263 -0.029842417211618066 0.1
l 2151 2152 2153 2154 2155
v -8.084822603834226 -8.84810592543621 0.1
v -7.828563869246116 -9.050541784568178 0.1
v -6.978430182131685 -9.347997054038887 0.1
v -7.4529535572074685 -8.406620144229391 0.1
v -7.123444311894749 -8.688489825229311 0.1
l 2156 2157 2158 2159 2160
v 14.620753112883575 4.840357312773836 0.1
v 14.344947264149097 4.152358786656606 0.1
v 14.826865231112759 3.921467073279291 0.1
v 14.354278741314774 4.66787581216432 0.1
v 14.904318489824227 4.39246116970351 0.1
l 2161 2162 2163 2164 2165
v 3.472186433001636 -6.571603870165935 0.1
v 4.6128677814403085 -4.875327891896324 0.1
v 3.9114602203377595 -6.697094108265134 0.1
v 4.739865763556061 -6.6693948126275675 0.1
v 4.939623125277421 -5.85268910704654 0.1
l 2166 2167 2168 2169 2170
v 11.587645784207355 -9.498174492746795 0.1
v 12.748749354059822 -8.443462783597486 0.1
v 11.192251983478203 -8.960628310609925 0.1
v 11.841637638281725 -9.285644498928649 0.1
v 11.800780498489726 -8.66941087260232 0.1
l 2171 2172 2173 2174 2175
v -13.538620148073644 -3.307228734323295 0.1
v -12.312967877712833 -4.205219567106985 0.1
v -13.205999537106702 -3.72354627927583 0.1
v -12.897802087285175 -4.680027900937838 0.1
v -13.016468134790903 -4.774535229437944 0.1
l 2176 2177 2178 2179 2180
v -13.669887346101845 10.694086574183526 0.1
v -13.908986672756061 11.295765247439142 0.1
v -14.472876856646831 11.283722446089035 0.1
v -14.459051753265904 10.867724066642573 0.1
v -14.041254846141703 10.65243539374929 0.1
l 2181 2182 2183 2184 2185
v 3.600470376546758 1.7669040967622878 0.1
v 4.593783802481584 3.522496668324934 0.1
v 4.835352359741272 2.3437156599122315 0.1
v 4.929873743689245 2.547918004203966 0.1
v 4.146281235004405 3.3809226342713465 0.1
l 2186 2187 2188 2189 2190
v 2.7072727646386783 1.6044247194358636 0.1
v 1.6960989500664556 0.6939827866611026 0.1
v 2.2536153120651936 1.1001826272529838 0.1
v 3.519062387205859 0.08317130241814752 0.1
v 2.035020870931241 1.1985697806819 0.1
l 2191 2192 2193 2194 2195
v 5.611900898218892 -4.194586592580954 0.1
v 4.021003483642099 -3.3698956646015024 0.1
v 4.332831151940601 -3.417970543561767 0.1
v 4.0494140949703095 -3.627240138755882 0.1
v 4.083923729025555 -3.9720531030594497 0.1
l 2196 2197 2198 2199 2200
v -11.526669214696948 1.2774153259106773 0.1
v -10.06320257287527 0.8307605814267418 0.1
v -11.482890607923272 2.0612614284080215 0.1
v -10.627214180080594 1.1032345550846603 0.1
v -11.506613335918148 2.610033394065713 0.1
l 2201 2202 2203 2204 2205
v -11.636122390589403 11.24407453750689 0.1
v -13.051621075873259 11.008727040571934 0.1
v -12.926123205403174 11.408523361407346 0.1
v -12.682899519332945 12.067325982946558 0.1
v -11.713466445254976 10.419040507561789 0.1
l 2206 2207 2208 2209 2210
v 4.751390056371394 6.745296096702328 0.1
v 4.030646989373871 6.854853047978883 0.1
v 4.784901540137637 6.166299082658883 0.1
v 4.066859150028501 8.017740227157812 0.1
v 4.333004128254027 6.220266695470289 0.1
l 2211 2212 2213 2214 2215
v -14.089575952766067 13.31683451135804 0.1
v -14.567587153287915 13.80872785557988 0.1
v -15.504210081741729 13.64365107188392 0.1
v -14.818816380304169 14.258465893900127 0.1
v -15.345318004006781 14.19128137278545 0.1
l 2216 2217 2218 2219 2220
v 3.6592327464353294 14.42022191874634 0.1
v 5.045107523335066 14.96428021026055 0.1
v 4.291074480483591 15.462271385201584 0.1
v 3.461132974782152 14.246585215773 0.1
v 4.028469415582883 14.219165706222556 0.1
l 2221 2222 2223 2224 2225
v 5.085241901906613 10.21981200467107 0.1
v 4.943858105773334 10.875278428765295 0.1
v 5.6217613072619805 10.372487278450702 0.1
v 5.5379712655599835 10.635248139332006 0.1
v 3.8250073227769437 10.179897101430075 0.1
l 2226 2227 2228 2229 2230
v 10.815134529386834 0.6936838426577623 0.1
v 8.954068088088524 1.1510063653421487 0.1
v 10.130760380967136 -0.3371933252636885 0.1
v 9.538390346451433 0.9436070652558688 0.1
v 8.879693129282744 1.0974687169223185 0.1
l 2231 2232 2233 2234 2235
v -15.890742429638832 1.4444852028313182 0.1
v -14.568035726452251 1.5220054410784443 0.1
v -15.496208738725208 0.6485460993535952 0.1
v -14.854084249529407 0.8337191901882774 0.1
v -14.366190471317742 1.5568531999114505 0.1
l 2236 2237 2238 2239 2240
v 0.27483413365992515 -9.030820383123894 0.1
v 0.9234540255722201 -8.336201910731235 0.1
v -0.546640829526037 -7.714987736588692 0.1
v 1.1750625679672364 -7.756688534214291 0.1
v 0.010311313746335538 -8.884639959668485 0.1
l 2241 2242 2243 2244 2245
v 9.670082545315106 -2.2581191924106827 0.1
v 9.96842604162288 -3.66724775500711 0.1
v 9.858682885330255 -3.009968189998701 0.1
v 11.05398369016904 -3.146317011282088 0.1
v 10.609946066251503 -3.737577430985004 0.1
l 2246 2247 2248 2249 2250
v 2.8093286610125103 12.128557945988598 0.1
v 3.5116566806308236 10.946912376401473 0.1
v 3.3893166913789567 12.001209284639067 0.1
v 2.1685233683992826 10.731366910722883 0.1
v 4.060278313299985 12.45417469647468 0.1
l 2251 2252 2253 2254 2255
v -8.389097950897149 2.458302076547782 0.1
v -7.485323592860124 2.3644925433391464 0.1
v -8.944508880229192 2.5863016501447054 0.1
v -8.93383489190788 2.5741064613763944 0.1
v -8.433486897032562 2.1496335240688134 0.1
l 2256 2257 2258 2259 2260
v -8.698847222989874 -5.713289454070242 0.1
v -8.805726519903065 -5.641711053608821 0.1
v -9.667095724219331 -6.056049696544688 0.1
v -8.09870559265338 -5.693026154369415 0.1
v -7.902070668545275 -6.063898371586358 0.1
l 2261 2262 2263 2264 2265
v -5.309721488444461 4.264215630090047 0.1
v -4.505095037611227 5.646207410770373 0.1
v -4.123458190551124 5.7332590128223 0.1
v -5.222477464294204 5.550339070052046 0.1
v -4.763940071490159 4.611535514745379 0.1
l 2266 2267 2268 2269 2270
v -12.082900735920484 5.913045792722192 0.1
v -11.508761043469569 6.591277888449738 0.1
v -11.38223978086351 6.324785867470739 0.1
v -12.163976230935823 7.3699654350649215 0.1
v -12.759523443963399 7.21435292584621 0.1
l 2271 2272 2273 2274 2275
v 4.427503017871699 12.95255710808389 0.1
v 4.703851774963855 11.076791859552134 0.1
v 2.95339544710897 12.645069810045465 0.1
v 3.44602763385486 11.12921829651806 0.1
v 4.206168407683373 12.957399654718971 0.1
l 2276 2277 2278 2279 2280
v 5.306027980987965 -7.223342046959857 0.1
v 4.539240885716484 -6.461153636281346 0.1
v 4.276890709588589 -6.772819924981911 0.1
v 5.379281680769328 -7.6107450904592255 0.1
v 4.811500876700383 -6.187088493561214 0.1
l 2281 2282 2283 2284 2285
v 2.6772548572802592 -12.67133268127364 0.1
v 3.9079407859016824 -12.20550078524862 0.1
v 4.328186879571679 -13.35490304384947 0.1
v 4.1840248040704635 -13.879133102088204 0.1
v 2.8723536056895016 -13.75210041494666 0.1
l 2286 2287 2288 2289 2290
v 1.845210787667121 8.261083957160615 0.1
v 1.3447851562214 8.058997207975333 0.1
v 1.1963861088250098 7.455160474921266 0.1
v 2.072334934203509 8.380788919916426 0.1
v 2.061857357564282 8.712418147456333 0.1
l 2291 2292 2293 2294 2295
v 2.7041535148213187 -8.766023640243844 0.1
v 2.0338354469235433 -8.000915114067197 0.1
v 2.49446692158417 -8.867354911729734 0.1
v 1.9838798662239576 -8.33398746086398 0.1
v 2.6825360349991154 -7.113388455905589 0.1
l 2296 2297 2298 2299 2300
v 8.11120435588067 4.071103565274763 0.1
v 7.855627190253413 4.5612300645190995 0.1
v 8.355504302922055 5.373593531125262 0.1
v 9.699216955529739 4.707501534048126 0.1
v 8.26287702143296 5.365287290191787 0.1
l 2301 2302 2303 2304 2305
v -8.495798998310756 10.86203907497957 0.1
v -8.164078097884168 11.264696019738178 0.1
v -7.444941337741123 12.097548759060624 0.1
v -8.17300760328984 11.656870768451732 0.1
v -8.985844004781164 11.96444519822131 0.1
l 2306 2307 2308 2309 2310
v -0.4378823309262625 5.564223463357296 0.1
v -0.19606906655286926 5.913286308040407 0.1
v -1.5616873896044872 6.679868630839751 0.1
v -0.8790469226031434 5.9272805525581695 0.1
v -1.5602056982768862 7.068915494126385 0.1
l 2311 2312 2313 2314 2315
v 13.31072379689219 -3.2504034565089803 0.1
v 12.916127112315685 -3.3255139699985654 0.1
v 12.213529615321498 -1.9676751944671163 0.1
v 12.788718466538647 -3.689151631178685 0.1
v 12.698499310878221 -3.1383089526498607 0.1
l 2316 2317 2318 2319 2320
v -9.386244552013757 -13.170351248605053 0.1
v -9.215092941954675 -12.79292448968986 0.1
v -8.772579022517647 -12.306401314578594 0.1
v -9.764154600316797 -12.334267137177779 0.1
v -10.355611104723359 -12.440331459403035 0.1
l 2321 2322 2323 2324 2325
v 9.711123211394305 -9.227251000821402 0.1
v 8.842507283099716 -9.968428815202772 0.1
v 9.773876393359362 -8.753815453482114 0.1
v 10.441265994372435 -9.432726084855032 0.1
v 9.494233337055833 -8.34421783551839 0.1
l 2326 2327 2328 2329 2330
v 4.927696297151902 -7.7749990001013 0.1
v 5.0155455748355156 -7.604496647384028 0.1
v 3.984348384141306 -5.976361536392146 0.1
v 5.140502496728142 -6.306134972811527 0.1
v 3.8718176858135944 -6.67125012304849 0.1
l 2331 2332 2333 2334 2335
v 2.206157299241496 -12.951300716839231 0.1
v 1.1980226131753782 -14.457574615558944 0.1
v 1.8725573687148298 -13.359535317021303 0.1
v 2.368145086762456 -14.12189917504851 0.1
v 1.031284578741919 -12.665119751367497 0.1
l 2336 2337 2338 2339 2340
v 8.184871612791865 -7.520102243888299 0.1
v 8.006400112216095 -7.223565580029832 0.1
v 9.716989798854195 -7.954379758970954 0.1
v 9.007234612710215 -6.512805778311368 0.1
v 8.33257919769802 -6.8195862333039345 0.1
l 2341 2342 2343 2344 2345
v 0.8238157367084993 12.824395461540261 0.1
v 1.2718677070956637 13.092566807339626 0.1
v -0.48908188809267195 11.352086505351398 0.1
v 1.283185451409673 12.833575416187983 0.1
v -0.06931645932773112 11.668276796827339 0.1
l 2346 2347 2348 2349 2350
v -9.132335929183068 8.446159447205007 0.1
v -9.00034194132639 7.075239031361946 0.1
v -9.502038286813043 6.94285071450339 0.1
v -8.799362603295748 8.130828681197304 0.1
v -9.06369543488314 6.853391267020703 0.1
l 2351 2352 2353 2354 2355
v -1.646940653358805 0.7870194697386084 0.1
v -1.6532327758817955 0.18467798853122663 0.1
v -0.9009875462186243 1.149696905472041 0.1
v -0.7512593960459635 1.7757672338694217 0.1
v 0.16128207205118117 1.2414908509474911 0.1
l 2356 2357 2358 2359 2360
v 3.9765275761817227 7.1637725545897935 0.1
v 4.733414985202941 8.209054229972573 0.1
v 5.543563065066007 8.716122150330937 0.1
v 4.833042910959437 7.784556150372255 0.1
v 4.466268470374156 8.477514690443662 0.1
l 2361 2362 2363 2364 2365
v -2.6501898262568213 1.7884503217913024 0.1
v -2.204271383246248 0.9037716872463315 0.1
v -1.8489931787837541 1.8026811709534618 0.1
v -2.0323490917470632 1.7987897980498375 0.1
v -2.3419572643584425 1.0466131992054561 0.1
l 2366 2367 2368 2369 2370
v -7.576904706059951 12.933268589494078 0.1
v -8.317890982731688 11.52612798577416 0.1
v -7.195112995644491 13.049377653777512 0.1
v -7.534533203990509 12.183535622241699 0.1
v -8.25107929987192 11.389509697116459 0.1
l 2371 2372 2373 2374 2375
v 14.848322705119267 9.947543285511252 0.1
v 13.926721902847486 10.327960417967827 0.1
v 14.762145029980745 10.06336080832354 0.1
v 13.75742351288718 9.540386885788013 0.1
v 14.820481042973018 10.578376475444175 0.1
l 2376 2377 2378 2379 2380
v -15.000654564419046 -5.598501002446216 0.1
v -14.484526104606376 -5.171912905310979 0.1
v -14.355095033317108 -3.988000151417369 0.1
v -14.062009005367797 -4.029134143388987 0.1
v -14.60659641803341 -4.046243690958743 0.1
l 2381 2382 2383 2384 2385
v -0.8999175446119514 14.989263573656226 0.1
v -1.8077498555371163 15.397431038698207 0.1
v -0.8140528766005319 14.42315231633872 0.1
v -2.0639141114326938 15.862480132998556 0.1
v -2.4597752995702407 15.197603506026494 0.1
l 2386 2387 2388 2389 2390
v 8.099962199075396 -13.757343517090536 0.1
v 7.630516427722522 -14.519019878524759 0.1
v 7.4637863641330675 -13.554491339242322 0.1
v 6.806439453414469 -13.744901227883025 0.1
v 7.360616118658702 -13.717081573216937 0.1
l 2391 2392 2393 2394 2395
v -3.2117323844942773 7.822647662851142 0.1
v -3.1741700940052495 9.664784648036356 0.1
v -4.197352681384571 9.115163478942147 0.1
v -4.483103857302474 8.873296702257864 0.1
v -4.465005255372063 9.483149429031572 0.1
l 2396 2397 2398 2399 2400
v 4.97164096337387 0.4302348396454634 0.1
v 4.1708015308418265 -0.18630176326335768 0.1
v 5.652996615442307 0.6302608280231741 0.1
v 5.237245064163426 1.4009136875374912 0.1
v 5.729930933726061 0.810344788382177 0.1
l 2401 2402 2403 2404 2405
v -0.5055802278694452 -8.044777699046428 0.1
v -0.43269896806709207 -7.001875922767031 0.1
v -0.1172373291389528 -7.43285566336452 0.1
v 1.0865001569141677 -7.132475843290334 0.1
v 0.040620552272593535 -7.0414943440621895 0.1
l 2406 2407 2408 2409 2410
v 1.4381786011160165 5.06640348910234 0.1
v 0.5633239148908438 3.598773736803132 0.1
v 0.4464732016508801 4.963746499951173 0.1
v 1.413932176424057 4.0410646594005675 0.1
v 1.2089923064953743 3.6144607566104323 0.1
l 2411 2412 2413 2414 2415
v 4.757192482377354 8.606936336043274 0.1
v 4.498141408025919 7.4455837241055765 0.1
v 4.40291958100461 7.4714280630812775 0.1
v 4.438568542971328 7.472092245197104 0.1
v 4.666730697550911 7.648456835578662 0.1
l 2416 2417 2418 2419 2420
v 0.5638166288359849 2.954409811498852 0.1
v 0.335404408464524 2.7195827915206596 0.1
v 0.9445950735069546 2.2044554020110176 0.1
v 0.30060436049174677 3.172667059957303 0.1
v 0.018920626471740976 3.207556687811903 0.1
l 2421 2422 2423 2424 2425
v -9.011979875313214 -1.2365449001635234 0.1
v -8.301520893819037 -2.1245906825751364 0.1
v -9.883347264287186 -0.985225468532229 0.1
v -8.827188932803908 -1.8200960839376128 0.1
v -9.388405655785883 -1.029666655927617 0.1
l 2426 2427 2428 2429 2430
v -11.345505815082856 -2.7656029732418697 0.1
v -11.366607340323093 -3.6832748841349456 0.1
v -13.052216064161474 -3.123117156121519 0.1
v -13.142894411803473 -3.387046884872583 0.1
v -11.96803355905645 -4.132020408078432 0.1
l 2431 2432 2433 2434 2435
v -6.438878427858867 -2.2241104186944503 0.1
v -5.358129184020731 -2.6383279952745244 0.1
v -5.757867263804785 -3.3509565168689086 0.1
v -5.708077488019353 -2.8431575703798977 0.1
v -6.309909075023661 -2.600681728417424 0.1
l 2436 2437 2438 2439 2440
v -10.773658947554287 -12.674874698438973 0.1
v -11.577168260370186 -11.674951227172258 0.1
v -11.942170168915096 -11.350328854510067 0.1
v -11.570215121551987 -12.119960830037794 0.1
v -10.61393382857955 -12.580385959382022 0.1
l 2441 2442 2443 2444 2445
v 10.653791792432745 9.06493872369046 0.1
v 10.331828257549743 10.077206216950003 0.1
v 10.947217968328273 10.07158668617654 0.1
v 10.425583102589624 10.175315586106791 0.1
v 10.979207714236344 9.667789833574156 0.1
l 2446 2447 2448 2449 2450
v 13.322633054888621 -4.575451896800406 0.1
v 13.051548124559021 -4.11643606292393 0.1
v 13.249520029954816 -4.345067612993065 0.1
v 12.2852899166574 -4.749673048780489 0.1
v 12.509572602386578 -4.906509168655405 0.1
l 2451 2452 2453 2454 2455
v 10.303682151499071 -1.2875262492659802 0.1
v 9.302385891554774 -2.1646744765627517 0.1
v 8.576443726437338 -1.0784028190860766 0.1
v 8.852772802870557 -1.056740694469813 0.1
v 9.364508078220748 -2.0204500381490833 0.1
l 2456 2457 2458 2459 2460
v -3.893260733531335 12.30388314107624 0.1
v -4.091403266424614 11.122626843338647 0.1
v -4.599495608574436 11.422267772675054 0.1
v -3.765827162011175 11.624915828046577 0.1
v -4.268862335347704 12.140314765718689 0.1
l 2461 2462 2463 2464 2465
v 6.163998705737177 -4.842806106138 0.1
v 5.550300743185 -6.277560192848993 0.1
v 6.828494139911393 -6.203721550810931 0.1
v 6.125380476574043 -5.250960998105743 0.1
v 5.671063096359532 -4.501455159989926 0.1
l 2466 2467 2468 2469 2470
v -9.21290799844608 -11.464989285772313 0.1
v -10.362072127259545 -10.088559244580988 0.1
v -10.423839319664971 -10.290047131408652 0.1
v -9.016160655595293 -10.430529330545081 0.1
v -10.681583883117426 -10.267840174985082 0.1
l 2471 2472 2473 2474 2475
v 3.071325507499231 11.505129909047533 0.1
v 4.560165523364481 12.532975149453284 0.1
v 3.3583386255814203 10.707536697049903 0.1
v 3.8929243841703105 12.154975650462623 0.1
v 2.972179826489875 12.325717593800118 0.1
l 2476 2477 2478 2479 2480
v 8.581024964017598 3.3891255282509682 0.1
v 7.3616887114478295 3.842738767081533 0.1
v 7.2556956689020415 3.3071841711784966 0.1
v 7.520839782158173 2.421331657379718 0.1
v 7.938874434837464 3.755881576928515 0.1
l 2481 2482 2483 2484 2485
v -2.6152795611986424 -7.67865519970338 0.1
v -1.4318937317367726 -6.534008104770635 0.1
v -1.2902509807240174 -8.12597734112676 0.1
v -1.266787240159406 -7.621860136407162 0.1
v -1.15069994867106 -6.887355366494961 0.1
l 2486 2487 2488 2489 2490
v 8.757028813036264 -2.815858667497019 0.1
v 9.485606606397996 -2.8164451067771843 0.1
v 8.92870832243525 -3.3389907802424905 0.1
v 10.343713633600556 -1.8477153572064868 0.1
v 9.249802061960574 -1.5731764242216721 0.1
l 2491 2492 2493 2494 2495
v 14.544384526483878 -13.73599069345978 0.1
v 14.302313690183606 -12.373068277738875 0.1
v 13.839474438264421 -14.040280308228162 0.1
v 14.77141468304182 -13.602676761694674 0.1
v 13.665895520092368 -12.297138164736094 0.1
l 2496 2497 2498 2499 2500
