# Cyvl Generated CAD Model
o Street_Mesh
v 0.5892721494892612 -2.245163068175316 0.0
v -11.710103261342738 -11.943557885475457 0.0
v -13.379886933369562 14.758329969830811 0.0
v 8.362956144439522 -2.8069667974486947 0.0
v 13.142628987669013 2.3286337247118354 0.0
v -11.395465803041589 9.02179442346096 0.0
v 12.168604127364233 8.93471822142601 0.0
v -8.151798986131325 14.836918778717518 0.0
v -8.466459155373741 -11.441513788886368 0.0
v -14.192273061780725 1.9637274369597435 0.0
v 12.22723749576835 -11.977196813561022 0.0
v -9.743518836738076 -0.38094639126211405 0.0
v 1.4876602992299013 -13.545227852649987 0.0
v -3.4936125825042836 1.3094524275511503 0.0
v -6.357630302198231 -2.1108412463217974 0.0
v -14.756645654328167 14.731389220803976 0.0
v 4.103922083275393 14.259484935551882 0.0
v -2.5825520454673097 1.1789090298116207 0.0
v -7.892124342964962 1.617695989087224 0.0
v -6.893645898555405 -11.244694448076189 0.0
v -11.206190384051297 1.879653062671423 0.0
v -1.1043487141723745 5.9218829199671745 0.0
v 10.588711830961984 7.024090499617159 0.0
v 7.1070544687099755 3.683116757310927 0.0
v -12.699008748284541 -5.165671135298908 0.0
v 9.784303993044887 -0.9714678144082427 0.0
v -1.9109231749316677 11.141020195558667 0.0
v -2.3337841909378767 -8.0012719752267 0.0
v 7.809532390208915 4.782989754341543 0.0
v -10.654064416419715 -13.101706855930388 0.0
v -6.078501235577278 -8.068316673859954 0.0
v -6.418673964566551 -12.50875577237457 0.0
v 2.959512183035258 10.527306962758303 0.0
v 14.83886598533718 14.780010408721864 0.0
v -9.055698948504869 5.919152196496725 0.0
v -4.7824807438883 10.89892365410924 0.0
v 2.5914099148940295 13.807264783419669 0.0
v -10.39069524029037 2.614214734174311 0.0
v 4.238417680608109 14.32522988319397 0.0
v -10.066497535270173 -10.4543243246153 0.0
v 5.72201100201346 -10.274182517081499 0.0
v 0.47467046440578997 -6.003372626379132 0.0
v -9.285476267396007 12.356224375776947 0.0
v 0.38084677496226504 0.26172212790697813 0.0
v 13.080023352988064 11.942937556654215 0.0
v 12.412334819557145 -7.677355132997036 0.0
v 7.832737804215867 -14.463046798482537 0.0
v -9.88260580599308 9.680171855725348 0.0
v 7.815006119199097 -14.59379243850708 0.0
v 1.5487694361945614 -1.7062314879149199 0.0
v -12.834904454881325 13.836345518939197 0.0
v 0.6233531215693802 11.43393600359559 0.0
v -12.3151887562708 -0.8204532815143466 0.0
v 9.554188835900277 -5.590333931148052 0.0
v -13.546129508817103 -14.741931263357401 0.0
v 6.07508654234698 9.851198443211615 0.0
v -4.491809709870722 -13.855839001014829 0.0
v -11.581555689685047 10.695925135165453 0.0
v 4.369190674799029 -10.10410161409527 0.0
v -10.582674673467409 4.887163931503892 0.0
v -12.270434285805095 5.449473147280514 0.0
v 8.628102975198999 11.74094868823886 0.0
v -14.935378768946975 9.95791722740978 0.0
v 12.04908370017074 -14.547408431768417 0.0
v 1.524723839305807 11.88631135597825 0.0
v 6.4418080151081085 7.023652515374124 0.0
v 10.735285971721169 8.598365588113666 0.0
v -11.33996986335842 -4.768609845079482 0.0
v -5.270672848506365 -1.3665369460359216 0.0
v 8.918677607434802 -11.809497302398086 0.0
v -2.659967049374245 -8.922046438790858 0.0
v 0.43167931481730193 6.796202387660742 0.0
v -2.777576281281654 2.0805979277938604 0.0
v 3.3889515612390824 7.25323577132076 0.0
v 5.180771645915229 14.790731379762292 0.0
v -7.764947029703762 8.622227009385824 0.0
v -9.436202495300677 1.6986086824908853 0.0
v -4.867573076509871 -8.543003243394196 0.0
v 14.377590871881694 -1.2283376650884748 0.0
v -10.856083059683442 -13.020378567278385 0.0
v 14.60879115172429 -8.95277086365968 0.0
v 13.877104527433403 -2.6938795624300838 0.0
v 6.347348221810535 4.14985888171941 0.0
v -9.630553333903663 -10.127613304182887 0.0
v 7.848936420923565 -12.36472704820335 0.0
v 7.701025853923056 -3.8393458109349012 0.0
v -1.5911536998464726 10.892764971591532 0.0
v -10.41610552649945 5.64698073361069 0.0
v -5.107981416629627 13.576238024048507 0.0
v -1.3257575171301141 6.035262573510408 0.0
v 6.2015471028280444 0.18145560752600431 0.0
v -8.725929252570495 8.588746408000588 0.0
v 1.5749241050798446 -1.5921554109081626 0.0
v -5.390066207444761 3.6659094663336873 0.0
v 6.993689087685198 -2.305342447012663 0.0
v -14.676861382264178 -1.9969649259001017 0.0
v -0.7116486706072465 -10.359123242087662 0.0
v -7.30270581349032 10.640343476086855 0.0
v 5.045833486190531 -3.1160377021878958 0.0
v 13.944035596738104 -13.379973269999027 0.0
v -0.8953752805828117 0.3181149633601308 0.0
v -10.24001495889388 -5.313897959887981 0.0
v 3.1593782986165024 3.7144688898697495 0.0
v -5.967309679079335 0.0468591907992959 0.0
v 12.219046525890008 -12.663343660533428 0.0
v -8.38821836252464 -10.897881459444761 0.0
v -9.882367672340479 5.596859018318355 0.0
v -1.85789109923644 -2.4661521147936583 0.0
v -4.6058531401795335 4.962675889953971 0.0
v 5.348285750311334 -3.4338997062295675 0.0
v -0.5483333098818548 4.759939153678715 0.0
v 6.759093333734199 2.99847193621099 0.0
v 13.10405190003803 -12.56606794334948 0.0
v 4.731364299717825 13.009265120141208 0.0
v -7.198958941386081 -11.614286704920232 0.0
v 11.302855483139865 -1.1942528057843447 0.0
v -14.112859341315925 2.3214114736765623 0.0
v 5.802232954651117 -4.375020431354642 0.0
v 8.228510337125044 -13.700528477318585 0.0
v -6.0778160354238935 3.8201524410396814 0.0
v 9.660253078385722 4.630029685795307 0.0
v 8.50489026348805 11.873711462132633 0.0
v 10.976849906146526 -13.57622111029923 0.0
v -6.6266349268262275 11.952857985161245 0.0
v -9.715428933966905 -7.127870736643672 0.0
v -3.6756684449501336 -14.440053257159889 0.0
v 13.19475377391791 4.956568882800639 0.0
v 5.0313568795099854 -2.171061795204878 0.0
v -9.488199861953035 6.5665721613913774 0.0
v 8.643399828695692 -1.7038622265681624 0.0
v 3.417754133057315 -12.895924089476466 0.0
v -10.040651980612893 12.086971073411405 0.0
v 3.2130222166888416 9.603139163926244 0.0
v -4.16534843260888 12.141583099029958 0.0
v 3.5428152777603827 -14.536692401394248 0.0
v 3.986896072165109 0.5043069804087281 0.0
v -12.544075764191803 -6.323284033685923 0.0
v -0.4623059190926142 0.7630278607830405 0.0
v 11.741606801049784 7.577365254051983 0.0
v 8.508429729554337 4.262184026651084 0.0
v -14.866026880568825 -1.6749614384025335 0.0
v -13.210487314325292 -11.91265598591417 0.0
v -6.771604696288705 -8.458756531588733 0.0
v 12.758039076288696 -11.865561410784721 0.0
v 2.1111325448728167 4.095780989155173 0.0
v 13.664938594738487 4.797281774692237 0.0
v -2.17490159481531 6.614769393578172 0.0
v 6.5092804881278425 0.9595811851322651 0.0
v 1.2764305159798823 9.392520064488053 0.0
v -3.2058588387444615 -10.495737961493433 0.0
v 14.535766963206697 -1.8069961229339242 0.0
v 0.8720860561588779 5.783940305002034 0.0
v -4.631173305155244 12.555245423689485 0.0
v -3.214849639334716 3.5398967610672116 0.0
v 0.9742633884889074 -14.301054580137134 0.0
v -12.122637356224004 13.22224801313132 0.0
v 5.969424297974911 -3.461213211528957 0.0
v 12.187802961852867 1.1195703400298953 0.0
v 4.4867549339542165 10.478890017606318 0.0
v -1.6376381922746077 -2.5778617430478334 0.0
v 13.071673923113849 -8.865214770659804 0.0
v -0.7330913209589198 -1.9538361318409443 0.0
v 14.46590563096106 12.080725043080747 0.0
v -2.089521132351365 0.0723698316141963 0.0
v -9.037217722274363 -2.681573696434498 0.0
v 0.16245340363821015 -1.7375863324850798 0.0
v 9.581518593826331 -11.792423330247402 0.0
v 0.5611401131609455 -2.4131351951509714 0.0
v 4.791109108540695 -9.333828612230718 0.0
v 11.2057891683653 -9.603073678910732 0.0
v -10.969618313305546 -4.615703591145575 0.0
v -6.963699908519629 -12.82379649579525 0.0
v 5.7478678346960805 13.298372972756624 0.0
v 10.498823020083364 8.945947873406112 0.0
v -7.9164397055865265 12.931050376966596 0.0
v -2.2178558504092507 -4.9834681479260325 0.0
v -8.062329326348845 -13.294356155209243 0.0
v 0.6886997614637949 8.112552138976753 0.0
v 7.487263775488827 -1.5402205009013414 0.0
v -11.25967226922512 -3.586811534129083 0.0
v -0.07630103855626658 0.12408156786113977 0.0
v -7.53919165476691 -10.099015868268907 0.0
v 11.08727671293309 12.273201867938042 0.0
v -12.67201928171562 13.189824636094272 0.0
v -1.2261181413196027 -4.243485979735851 0.0
v 3.1413607271388173 6.523788769729435 0.0
v -10.79502058395883 -1.836170713417232 0.0
v -2.7929307699669152 -0.716437017545104 0.0
v 6.392061994993128 -12.962014274671674 0.0
v -11.01551581401145 5.571036024950445 0.0
v -11.021449784282595 1.2139269169420004 0.0
v -11.100249735754915 14.757980476133525 0.0
v -12.837218212604057 -10.108177724294364 0.0
v 9.189150045101997 13.963793653994799 0.0
v -14.262214182061143 2.4771446380764246 0.0
v 7.046159757999703 -3.316080671735108 0.0
v -3.555279094784055 2.1182671720162034 0.0
v -9.455625713337213 4.2516783541068435 0.0
v 3.1247968122479506 7.5927509451285005 0.0
v -8.367303368693683 14.26162510830909 0.0
v -5.672055889153853 1.3504060432314873 0.0
v -4.647014735499397 10.16102135926485 0.0
v -4.703712384332903 -4.7645262544974685 0.0
v 1.7644829780329019 5.049149860627949 0.0
v -4.468121396901552 3.7528867088258266 0.0
v -14.034589026297908 2.596114813350141 0.0
v -11.409223155875225 6.806729626841843 0.0
v -13.096127994707786 1.7096738275140524 0.0
v 6.225594841642305 -2.9630447840318084 0.0
v -5.123508523218334 -11.588559824973345 0.0
v -11.70221116830362 7.051358784548938 0.0
v 5.865110346698202 10.244919404387474 0.0
v -11.958847732807044 1.9904521247372031 0.0
v 4.258852839528117 -5.454327430576086 0.0
v -14.914630021259654 -12.13950939849019 0.0
v -10.463483286555856 10.510519251227379 0.0
v -0.8941040566423908 0.8451664680615067 0.0
v 5.911565818765666 14.796950860880315 0.0
v -14.236577687726822 8.383846425451338 0.0
v -11.451934214564972 -6.569850558415055 0.0
v 2.7080015447572805 8.628020585514605 0.0
v -10.713241828139871 -1.3242196179926395 0.0
v -6.371419818897266 -1.5230319434776902 0.0
v -1.812760587898083 -13.262137279845774 0.0
v -7.006615623948164 -6.121060308068991 0.0
v 1.928867320122663 14.452882441692054 0.0
v -0.24593136156909168 10.963280067779124 0.0
v 8.310544782783836 0.27390855364501476 0.0
v 14.171611298981588 8.773059375584126 0.0
v -14.792514440312516 2.7975746393203735 0.0
v 10.82528284995351 -10.85392695851624 0.0
v 0.16475719260051847 2.7462672982364893 0.0
v -2.596552847418934 -9.844019903801382 0.0
v 8.885086061083712 -3.792883187532425 0.0
v -2.682577813102398 -10.075830414891243 0.0
v 10.735188597405795 5.5947856698185205 0.0
v 13.031334326427896 14.161170473322272 0.0
v -11.268169486080296 -1.7764606717973948 0.0
v 5.055946062610019 7.592054636217654 0.0
v 7.083022934093606 4.061726146377623 0.0
v 6.13536188157741 7.619304825551808 0.0
v 13.503729311167262 6.896307926625013 0.0
v -3.506072927324567 -7.544972845353186 0.0
v 5.967958836175967 6.651873578317463 0.0
v 1.1310943573480472 -3.6950649600476027 0.0
v 13.650357864098623 -9.107060698792338 0.0
v -1.8408582996344194 -5.575772751122713 0.0
v 4.580290439422242 -6.1606567949056625 0.0
v 0.3409538181149401 -2.2530673388391733 0.0
v -5.926460324903019 5.84677030518651 0.0
v 0.5268577943206765 0.1932780034840107 0.0
v 14.638888120651245 4.9668638575822115 0.0
v -2.7926911544636823 0.5149682248011231 0.0
v 8.333553634467535 6.550408057868481 0.0
v -13.026610113098286 12.316937097348273 0.0
v 5.827147036266979 -14.668764567002654 0.0
v 12.415813495637849 -7.739686547778547 0.0
v 0.6532762986025773 1.5497705191373825 0.0
v -6.4850566311506554 -11.31069642584771 0.0
v -4.065069261239842 -12.94644318241626 0.0
v 8.67896153248148 7.237284330651164 0.0
v -7.196918219036888 -9.832978256978095 0.0
v -14.27461016055895 -3.8329875003546476 0.0
v 14.291800052800681 -4.5695102494210005 0.0
v 10.538299151230603 -12.777952678501606 0.0
v 10.945085859159008 -12.473011531867087 0.0
v 9.613215919584036 -3.2191882748156786 0.0
v -14.095818368485197 -7.339751032181084 0.0
v -4.842145329981577 1.441919538192451 0.0
v -5.644052895659115 -10.556686009280384 0.0
v -5.751159396080766 12.176951634697616 0.0
v -4.475172016012948 14.4690060056746 0.0
v 11.177802899677772 -5.29344676900655 0.0
v -0.03284388966858387 8.31649667955935 0.0
v -0.1609681918635033 12.903735307976604 0.0
v -0.25878592289518565 -9.182965957559645 0.0
v 4.915305151778739 -7.690684733912349 0.0
v 13.795617331401445 -13.014356466941535 0.0
v -9.358950299501885 4.94263385143131 0.0
v -0.905182404210791 -8.541627085767686 0.0
v -5.620895120722707 -3.1340139601379633 0.0
v -5.922538580081891 -6.379474548622966 0.0
v -1.5095728685846552 -12.21816835179925 0.0
v 9.442968356597703 14.375258809886873 0.0
v 7.87229731498519 6.496335925534368 0.0
v 0.6760381539934315 -14.05376329086721 0.0
v 0.3288786118500866 6.883657072670758 0.0
v -1.186332298326306 -2.8149547409266233 0.0
v 6.256526164303068 -2.801291069947183 0.0
v 12.309393080475274 9.64673063904047 0.0
v -10.075188128103036 11.834770729765296 0.0
v -4.2294855117215775 -7.138810477219522 0.0
v 9.300490021938458 -10.808343927375972 0.0
v -9.27332429512171 -10.117182770743966 0.0
v 5.496099378389772 10.59964773338288 0.0
v -8.88449715776369 2.7364367097616196 0.0
v -1.4907409482984804 9.47651822399348 0.0
v -9.249864248617087 4.69492803607136 0.0
v -8.44541965512326 12.404644488357008 0.0
v -3.0697431454318576 6.341799279674888 0.0
v -2.845139793702401 0.7868092162534595 0.0
v -8.743199357530102 -13.337048773653805 0.0
v 6.593601700325962 11.617689573206007 0.0
v -2.1610249717487022 8.50615106523037 0.0
v -4.098431533609983 10.306611261330545 0.0
v -6.278059139207471 -2.1332816230133176 0.0
v -13.164635000401177 8.22142957802862 0.0
v -5.425606262753718 -9.192948514595628 0.0
v -4.120075739920139 -8.475988239981234 0.0
v -8.908691412303597 -5.168249838985503 0.0
v -12.658427671878599 -2.8185436511412263 0.0
v 0.19147570279892534 1.729116028174758 0.0
v 3.992215371981729 -9.8836949178949 0.0
v -6.416210789757315 1.8541489643976092 0.0
v 14.08319392777048 0.9544056449085474 0.0
v 10.95288672921015 -13.41799524705857 0.0
v -6.449179764196742 3.1627197079360485 0.0
v 6.523621250293218 7.039907512255013 0.0
v 14.432688070286531 -10.761159542948008 0.0
v 5.938125045620836 -8.288930189795792 0.0
v 6.45498191320803 -4.350260597653687 0.0
v 11.886333336646203 -11.384273073635995 0.0
v -9.906286713958252 3.8430973012000322 0.0
v -12.900672250951175 -2.0399659918621182 0.0
v -5.4473021083395 -4.563638688065112 0.0
v -4.143260874552652 -13.043508801609278 0.0
v -3.106555822887458 4.767300248146057 0.0
v 12.9578233298962 12.517112353816628 0.0
v 3.8789004543214105 -0.11135618016123772 0.0
v 9.74295809288742 -13.651268977671862 0.0
v 14.347858994733542 8.98916360642761 0.0
v 2.6492037137504667 -0.1125014116987586 0.0
v -12.107311780797318 13.434625290334225 0.0
v -14.217057441710494 5.602417420595884 0.0
v 1.9527698775054887 4.0496210139244795 0.0
v -8.428359240060672 -8.572076961398125 0.0
v -12.466030312760267 -1.2077281158417463 0.0
v 5.470074207871221 -6.813128784298897 0.0
v 8.41163942340063 5.723254752345383 0.0
v 9.38443962909514 0.2964500645175576 0.0
v -10.82523006486008 6.260500614531338 0.0
v -5.417261764232535 5.682469203136861 0.0
v 8.896508258825634 6.214947186410427 0.0
v -11.738780437328387 -2.7436987860128284 0.0
v 9.223730721045285 -5.053386131301522 0.0
v 1.8075992477824911 -6.804107557050884 0.0
v 12.397709358425345 5.4895698288455606 0.0
v -4.768985390488524 -3.854426449164748 0.0
v 4.613731299992651 11.420829558745027 0.0
v 6.59913851012243 -8.731962318532169 0.0
v -14.167342895292677 4.42091866210103 0.0
v -11.430882090644445 6.006936529651284 0.0
v 11.272708346368745 -10.987547965720296 0.0
v -7.942730131209828 -4.1169867310673 0.0
v -9.29170844424516 -4.4385190065950155 0.0
v -2.557311405253131 14.90738842729479 0.0
v 2.1530816379818134 -12.022225302644074 0.0
v -3.3071676397812553 -3.4819337418302894 0.0
v -5.738813517673407 -13.996784365735948 0.0
v 9.872015904635191 -4.302554842084646 0.0
v 6.273382065235637 0.2543671568855643 0.0
v -11.814129098842386 -10.149807724170387 0.0
v 7.883559691894334 3.0176682276651263 0.0
v -0.8551989866537042 -9.38488136138767 0.0
v -0.43602850497700274 5.705062196590006 0.0
v 5.462365919025615 -6.633688242174685 0.0
v 14.290557112253737 8.04038801137358 0.0
v 1.3611514879157767 11.964270480908453 0.0
v 7.167949948227033 14.519486012868583 0.0
v -11.45989131362876 10.825697164982557 0.0
v 6.77445128117688 -6.778575053438544 0.0
v -8.310380229901057 -12.019325098954141 0.0
v 5.79971674841363 -6.927450384944677 0.0
v 11.248585941910278 -3.4142379108816385 0.0
v -3.754012606048491 3.230092093348503 0.0
v -14.734620318049565 -4.793218088336289 0.0
v -0.23122097068699077 -4.598209986463189 0.0
v -3.3572104922495782 12.372944728471339 0.0
v -0.9295629364205524 14.884471507743001 0.0
v 2.2748350821784697 4.1836727084591985 0.0
v 12.456636150716804 4.455746460705996 0.0
v -2.156845384160988 -14.92775794211775 0.0
v -9.92764375108527 -7.641465944238007 0.0
v 5.666202000866178 13.277455397881567 0.0
v -3.50688130420167 -9.322318815626204 0.0
v 1.3480159923783503 -2.082166432403028 0.0
v 10.097222966724075 -3.6682396233081818 0.0
v -11.880334940273315 -7.683106215670705 0.0
v 9.015406063059345 -14.16496163699776 0.0
v -11.009668072976638 -1.9262857660651207 0.0
v -5.1349629575852305 -10.272105406038463 0.0
v 7.824460171570536 -12.680837858468294 0.0
v -3.287860104639549 -10.596177058294415 0.0
v 12.88157363794744 -9.84686037991196 0.0
v -4.300708509923425 13.311263202689588 0.0
v 0.18403454072540626 14.226573961786926 0.0
v -0.8818648425512947 -14.261040740646422 0.0
v -2.508839001180604 10.450540182180703 0.0
v -4.016302431060467 -12.477782251313329 0.0
v -5.918541615479626 13.39203505963087 0.0
v -1.1444683729787357 -10.480582257732749 0.0
v 14.570317131699994 3.4251012057065964 0.0
v 12.558540962112602 10.318895985372365 0.0
v -7.661794015963096 -1.1379206404089928 0.0
v -9.421853024105076 -8.404539478942752 0.0
v -4.09074790898012 7.753697431646287 0.0
v 10.030072404886596 -11.951703493483365 0.0
v -12.81835487857461 13.475336965173483 0.0
v -4.096608764084522 3.6480858754366636 0.0
v 2.2841109057189897 11.04294588509947 0.0
v -0.4327263522427529 -3.6197777492925525 0.0
v -10.99969846685417 -6.207741434685886 0.0
v -1.5477501675486565 5.267070905305445 0.0
v 14.935674866836052 -14.324766773730516 0.0
v 14.941141024348326 1.112767705693841 0.0
v -7.1474173800088465 -3.7013955749571323 0.0
v 4.446706835122313 -13.60870579443872 0.0
v 3.114292837679386 -9.309525304473937 0.0
v -4.677691529854201 -12.599079633131623 0.0
v -6.128866643412039 -8.774660963565111 0.0
v 14.940285666729324 -7.962964514270425 0.0
v 9.01280430686893 12.585481588728726 0.0
v 8.841437285183929 -7.0166734997183084 0.0
v -9.931668711535167 -2.5307517759501934 0.0
v -0.4962195713305846 11.179991893470287 0.0
v -5.904493570618797 -3.918738584034145 0.0
v -1.1334755794377998 -7.907157006673515 0.0
v -2.6046889236895368 14.587286622263491 0.0
v -7.337284249078948 7.89219362474978 0.0
v 4.30956442427123 5.226192862726748 0.0
v -3.9636911993147805 13.281392242759466 0.0
v 4.416072697669733 13.40933730918914 0.0
v -7.892234621976968 -3.132010253146291 0.0
v 1.1684855845523998 -8.008277107961476 0.0
v 13.616151066322345 -7.804847791790962 0.0
v 4.896872516837902 -8.324284738861024 0.0
v 4.227300467551686 12.45313822478056 0.0
v 7.891438153397758 -4.28510054666549 0.0
v 14.82169688178692 -7.3242318062111735 0.0
v 3.299892084032763 -7.83081694599241 0.0
v -3.9979007720248774 -9.269853435456753 0.0
v -4.387715234421194 1.5987445702776313 0.0
v -5.4999214696581475 0.7586105531081557 0.0
v -3.999401383975055 -8.574319978244603 0.0
v -5.905675451969728 -0.8986570099368691 0.0
v 2.3704219505307265 14.977707870304585 0.0
v -9.955960949417204 -14.674976899288595 0.0
v 10.427392612094991 10.221124007366598 0.0
v -14.456435625324957 -0.5089592970907688 0.0
v -13.618647471885197 -4.096361172385514 0.0
v 13.711448959307745 14.51426188647747 0.0
v 2.3549623826984316 7.594568135216832 0.0
v 0.4765735211549327 -4.261326587758958 0.0
v -13.74788761389209 -7.18593935482204 0.0
v -10.90429250424495 -1.1600317284464836 0.0
v 1.0570164201781154 -6.459551881067455 0.0
v 8.187641952652484 6.338676078245044 0.0
v -13.440354306192603 -6.043879020027816 0.0
v -6.087855348945595 0.2574072238057852 0.0
v -1.9505779369501397 9.870178056880832 0.0
v 2.2555900278384797 -8.669930755160749 0.0
v 12.232696932682302 -6.708973206579685 0.0
v -7.362730830674991 11.354990703985095 0.0
v 13.440586366981734 -5.478431395255029 0.0
v 6.6417388682602905 -1.6007745880633593 0.0
v 2.9735120817786083 -7.129967055283487 0.0
v -12.389229392341804 -9.985654891468585 0.0
v 13.099132333067246 -8.472101187333465 0.0
v 4.136120537179522 -9.226363247260451 0.0
v -3.4881119758356363 14.518543431535363 0.0
v -4.882963188167196 8.872899333015084 0.0
v 7.782055522315204 -4.367535704746842 0.0
v 3.222611675853841 -6.589467126876116 0.0
v -12.395570514083374 -3.5492409728467464 0.0
v 11.221891527005937 -8.160578376613557 0.0
v -14.175588310987223 -13.99492627941072 0.0
v 9.552266773185693 2.074934659525752 0.0
v -12.92753945547156 -1.7005146127194166 0.0
v -12.938702321785968 3.968840815126896 0.0
v 0.6738103185780346 9.77619800530374 0.0
v 12.329988277459051 -5.865319704636931 0.0
v -10.280518726445735 -13.861677183769643 0.0
v 14.855368092597928 14.820825750939548 0.0
v 7.562034949252848 1.678980816155672 0.0
v -10.10038113623159 -5.838609475642443 0.0
v 2.6782048259628937 9.047926456667483 0.0
v 4.298040879599284 -11.669086775742471 0.0
v 8.809528304904234 -4.480829770676792 0.0
v -2.559173730609473 -11.110330536030233 0.0
v -6.532884476473555 1.5620258208364248 0.0
v -14.29434767802013 -6.579249465838075 0.0
v -4.178842289780732 -6.665529252029955 0.0
v -11.451401912607253 2.0502638313919306 0.0
v -12.654861862421967 -12.240302676334977 0.0
v 11.513874559255783 5.546005893498659 0.0
v -7.92971651267726 -2.2284278282895684 0.0
v 0.9045553932664916 9.719991724006832 0.0
v -7.557949970243499 -2.3382156137377024 0.0
v 14.226021196402144 6.088630169630051 0.0
v 9.00950269412715 -9.523792484775186 0.0
v -0.23891201964579523 9.197199654765427 0.0
v 10.007257744320668 6.401101701892912 0.0
v -6.330624949652702 -0.17107175383716822 0.0
v -12.36817260296084 13.180722067132592 0.0
v -9.712900181184523 -8.667626805603504 0.0
v 4.285392952442635 -8.825935191474855 0.0
v -1.4326749799656682 -7.246758163906634 0.0
v 8.273458373907488 -8.017398655414581 0.0
v 7.674361253506504 8.169951959513128 0.0
v 5.209703016269486 9.112815963104367 0.0
v 4.501535350456834 -10.782193321734667 0.0
v -5.10614868265111 -3.0107395024970174 0.0
v -8.031796782859601 14.44674689695239 0.0
v 1.6546904222341254 4.367977254092693 0.0
v -10.195329712994862 12.551696199923754 0.0
v -5.942806345992722 -14.496490883640945 0.0
v 6.795970986713655 9.931465330533683 0.0
v 1.34253711841302 -11.517516464926302 0.0
v 2.0775937566068023 -12.865855088457465 0.0
v 3.172105563862715 6.941485456191003 0.0
v 10.845871784724295 8.420856049284339 0.0
v 3.7899519156781025 8.245416567660868 0.0
v 7.5601490893168375 -2.7547062169760466 0.0
v 13.989500718773343 12.737953821197152 0.0
v 8.477517705236096 -1.8086694050580263 0.0
v -6.6227902748505585 -13.840591367334127 0.0
v -6.5040653557516634 2.7781992061063647 0.0
v -2.0860589740914293 6.242904904298484 0.0
v 14.25234805274522 1.674285882152617 0.0
v 3.286718064395245 1.4339626049622893 0.0
v 5.212356924137566 -12.133315736427903 0.0
v 8.992265740816947 -3.6994671607390046 0.0
v -9.321386582916602 -9.129802187904716 0.0
v -10.454001289443113 14.896487150341272 0.0
v -14.166156212682836 -14.568739181384444 0.0
v 4.686410674476065 8.020323592238128 0.0
v -9.33127483597491 1.9339714255183935 0.0
v 12.043669657083228 7.244070834480226 0.0
v 0.3171563854557462 -9.663061226718128 0.0
v 2.1370496607851237 2.0428229989483953 0.0
v 6.590072866296396 5.036881345324218 0.0
v 4.101217952440493 -1.0212065652012825 0.0
v 12.19816430361243 -3.0981346229091287 0.0
v 5.87069692753721 -6.427207626402378 0.0
v -4.473542671301402 -10.351975738070905 0.0
v -14.04970193648478 -5.416176225990057 0.0
v -13.984856141032651 -2.5454703588038683 0.0
v -0.8636016495875083 11.512961472384632 0.0
v -14.581271856790408 4.276218428276479 0.0
v 6.921483609534334 10.815030075609684 0.0
v -0.11935091082705185 11.830067886039615 0.0
v -13.385266946919728 6.1563237169757485 0.0
v 11.592274730617646 10.732695867307484 0.0
v -11.948823702288792 -13.75235596857965 0.0
v 13.739671098301187 -6.588581281714141 0.0
v -11.819681405788288 -4.472890453413129 0.0
v 1.378786030341871 13.145320379175246 0.0
v -4.9029667567810975 9.484308005310595 0.0
v 14.69746999029303 10.485423548147082 0.0
v 3.0631579849869013 -11.840177440084517 0.0
v -13.734946006326936 2.384223887696862 0.0
v -4.056643237185199 -5.2801544619724154 0.0
v -4.237778997048736 -11.387963470071554 0.0
v -1.7144073376548477 14.723001061938703 0.0
v -7.509591694280971 -3.705233751796186 0.0
v -13.582781790173613 -7.339279478415847 0.0
v 2.804033167369198 -10.53890860453248 0.0
v -11.6228150560637 3.1003559604287148 0.0
v -13.27822800114518 -9.758033051155508 0.0
v -11.050928008218762 -3.250815602019429 0.0
v 10.399338443181477 -2.0975610334426165 0.0
v -7.898476895701606 -4.123837747611105 0.0
v -0.11799024586798623 -12.299791822209954 0.0
v -1.3611988286138512 7.381910268217325 0.0
v 4.916404721850995 -4.432529515586793 0.0
v 2.0745240374817513 6.713522287085652 0.0
v -10.624778199067805 -14.562020545825362 0.0
v -4.366550572158303 9.032312189228833 0.0
v 3.739724525541533 6.28084029443562 0.0
v -2.236229515110608 -7.671330188401043 0.0
v -6.917472392960917 -4.193657664582133 0.0
v -14.410665575938765 13.297550335526466 0.0
v 9.974441592465155 9.34337358828634 0.0
v 13.416530133923516 11.666934872977436 0.0
v -0.026529093214776367 -13.54684785567224 0.0
v 8.914763442822732 -5.063176736235619 0.0
v -11.193874089978635 -5.923153308220208 0.0
v 9.192749947018456 -5.211184366606176 0.0
v -7.63837880466599 -10.832339189946651 0.0
v 0.6348859671852551 1.2180860731750727 0.0
v -7.445714527973905 13.349298535846174 0.0
v 9.984249178436585 -4.634813442826271 0.0
v 7.7558757368824445 -5.550629323348403 0.0
v 8.487393931893166 6.150942436419427 0.0
v -13.079518680460751 -10.474622479639947 0.0
v -14.10262318549212 -8.044365593232214 0.0
v -11.099068657204043 -12.750224780291319 0.0
v 1.9453315325663425 2.7383972574025393 0.0
v -9.275500756048132 8.239576616324484 0.0
v -0.6502569463918917 6.998985648155212 0.0
v 1.3291768619092181 9.276805467903614 0.0
v -3.3765468175988644 14.712438278831542 0.0
v 8.262964610708877 -9.363537199795246 0.0
v -4.986122099857312 7.734930929727852 0.0
v -11.79201933578588 10.24094910826534 0.0
v -4.686447972955648 -9.414160931482911 0.0
v -0.9806596041307785 -7.575782431289554 0.0
v -2.881191413209308 -8.678028248250484 0.0
v 2.466527756128926 4.741880280897021 0.0
v 11.049684613884892 -14.349101712927222 0.0
v -9.081035459879786 -2.07201065402478 0.0
v -12.004452178429347 11.594837883487344 0.0
v 12.983472727471963 4.73443089146167 0.0
v -8.943205299321562 3.271916409023106 0.0
v 7.6159988575964235 12.976824558340013 0.0
v 1.586206724459771 -7.129908218048513 0.0
v 3.4181834814953618 -9.794914431869984 0.0
v 8.563252161897253 11.311135057359934 0.0
v -2.2170801940374076 -1.9384216079488397 0.0
v 14.14541836513672 -7.590384973213077 0.0
v 1.332131281378679 8.931612090207636 0.0
v 10.346475382859353 -2.298468044027686 0.0
v -4.598156095540617 13.666512566618621 0.0
v -11.248228333133738 12.570728708989918 0.0
v -1.020403593662195 -7.657309760339558 0.0
v -6.602659736061469 -3.5355185195803642 0.0
v 8.840838926204015 -10.296040818095207 0.0
v -2.198578463983722 3.257116999477148 0.0
v -14.177859284565784 -5.627253480255604 0.0
v 10.142983801080845 -13.677746986970305 0.0
v -9.384475173952524 12.276600952260196 0.0
v 7.301183874136768 11.3802480250597 0.0
v 6.2444098387495615 -2.285875027999282 0.0
v -0.9141334324958734 7.326617678627372 0.0
v 8.946373686078005 4.962691687978804 0.0
v 12.980158721155021 9.824134171009064 0.0
v -0.021853898710105568 -5.354841929860413 0.0
v 0.7456478906678967 -4.219414585269988 0.0
v -8.060194242512807 2.099879621528089 0.0
v -1.8085287904832512 -14.404148110188544 0.0
v 3.9389056008076295 12.871687631122768 0.0
v 8.805291402619332 -4.6478255139663815 0.0
v -13.261853015806992 13.456825651228428 0.0
v -9.049096465867478 2.50579225551337 0.0
v -1.5575015651411377 7.787033802829683 0.0
v 4.38298279553419 6.46595674008131 0.0
v 0.8901247221510857 -8.913517913781106 0.0
v -12.971709026955068 -6.092619069851935 0.0
v 13.254593144461978 2.555620478466153 0.0
v -13.602149619953707 -4.594737501814961 0.0
v -3.4167113066650927 6.112848551012576 0.0
v -10.4513485681382 -4.0780867682769895 0.0
v 8.63499506720109 5.36299798078835 0.0
v -0.957081449450925 0.06542287021875381 0.0
v -12.878549936693162 -12.318732191808522 0.0
v 14.455036028928589 3.0352109698578715 0.0
v 6.225399051618297 -3.2583764493465424 0.0
v -0.23676501994486898 -2.213207745924592 0.0
v -1.006614339305088 -2.1878580190241337 0.0
v -12.399787990434561 8.937460211105645 0.0
v -12.778718498710077 -9.691525953821838 0.0
v -9.380203392589465 -9.09488495439291 0.0
v 11.099481823621318 -8.79622323717922 0.0
v 11.632830204092897 2.2756442287936807 0.0
v -8.810637194430456 2.601555885747075 0.0
v -9.294365902780555 -10.883777504786849 0.0
v -6.276908916828688 14.927457379177213 0.0
v -13.990918545809109 -8.301641836762428 0.0
v -13.62534155684989 -0.3270205929875374 0.0
v -7.183087644225452 -1.6300362329930067 0.0
v -5.08621814660728 1.6038149362429976 0.0
v -14.192937257757876 3.3519175443798304 0.0
v -5.869248661270831 -4.21140777785331 0.0
v 8.526897460164037 -14.493172697722912 0.0
v -2.303022599662654 2.2426373613998294 0.0
v 9.424714841414243 3.261441900394857 0.0
v 13.557449060317595 4.055568365380168 0.0
v -3.658363105263561 3.729412461631 0.0
v -7.129860823333729 -0.9949930338189006 0.0
v 0.18997580226277933 13.69012594036758 0.0
v 10.726924359507393 -9.008711142465472 0.0
v -1.2146495946217328 -10.272398879751563 0.0
v -8.207466063206084 -9.924010672606528 0.0
v -7.123391300847288 10.66289205942303 0.0
v -12.09776690939907 -2.8973386539146304 0.0
v 2.471406036289409 1.970908373594284 0.0
v 14.708938936935738 -10.071058177389205 0.0
v 10.655746427364647 10.887694127857685 0.0
v 3.4392773577710614 12.251313597895205 0.0
v 2.1106727126752958 5.656400130130351 0.0
v 3.05141694273334 8.043585486710072 0.0
v -10.664877560047898 13.106934054754674 0.0
v 12.046715440403204 8.018887924961746 0.0
v -1.5988269753870554 9.046051352284849 0.0
v 11.950025824538898 13.351546633988619 0.0
v -7.968493024760392 -3.132750205695629 0.0
v -12.097996044205502 10.851295214146376 0.0
v -9.256217553222086 6.452636765316129 0.0
v -12.09353063965682 -14.66136719379574 0.0
v 8.980963862442877 5.521469118073583 0.0
v -4.1550683015957475 14.131551996804774 0.0
v 12.17872601893032 -5.010536393150687 0.0
v 11.542568579257932 9.630596797913313 0.0
v 13.026646283979062 3.766846936196089 0.0
v 4.52398194395937 -3.91241214890033 0.0
v 13.184489065373782 9.0193093996495 0.0
v 9.255646455392707 7.542741637676954 0.0
v -3.2780670727370307 6.810071260668337 0.0
v -12.700402120011859 2.567583505064249 0.0
v -4.015878029516898 13.118004871532321 0.0
v -0.18745197937823832 -1.5264349598437548 0.0
v -14.606901881226804 10.908855866640806 0.0
v -13.828980046324432 2.23955490719527 0.0
v -6.5164891160675324 -14.549493338912725 0.0
v 10.72120312100742 -12.23172174114734 0.0
v -6.723802380613051 -1.478813893161714 0.0
v 13.339942748949397 -2.493226700462401 0.0
v 11.947434036643244 14.674730175174773 0.0
v 10.808681585767772 13.08970791194588 0.0
v 2.699299844156485 -4.768756520934403 0.0
v 5.948450873489492 7.726617371663451 0.0
v 10.407614636875223 -9.291243497282267 0.0
v -10.76747726846952 5.3283773409202695 0.0
v 2.0103977960534394 -9.397661250084639 0.0
v 1.3456260986858979 -7.077525954693556 0.0
v 4.00683154060971 -10.80269638914615 0.0
v 0.21438551496248692 -4.357696475461125 0.0
v 11.75928078358993 -3.615977290086448 0.0
v 4.094293135218322 11.75216157734394 0.0
v -10.667284277966246 -7.503321927040815 0.0
v 14.050360648252536 -8.74069667328149 0.0
v -2.656740573758725 -0.8150454107671976 0.0
v -3.6910602233256213 -11.594332276843488 0.0
v -8.483274512167554 1.0859701381996274 0.0
v 12.915669401176274 -4.269002279266715 0.0
v -6.128509704431053 -12.023968659341335 0.0
v -1.7929084877832793 -9.395602327771485 0.0
v -3.512620844412595 10.247195268049836 0.0
v -1.675688848423306 -8.22924083005637 0.0
v -9.222731261106674 -14.931072746403515 0.0
v 12.499294451263268 9.297874047420919 0.0
v 12.621043037623167 14.192960255779326 0.0
v -6.5022910562111065 -0.6819769162684679 0.0
v 0.4102708123391494 5.589181886054575 0.0
v 0.22584607737371698 -10.519694210030138 0.0
v -5.8724554717191495 -9.812386609613895 0.0
v 10.469465370755643 -11.859165721572936 0.0
v 14.441130958148278 5.333886230364442 0.0
v -10.383584731433075 10.418582359328866 0.0
v 6.992897482647095 -13.837767743505538 0.0
v -4.315463755046949 -9.623098572716117 0.0
v 13.621038132172544 14.530085794627666 0.0
v 4.285609498037957 -3.766719326376915 0.0
v 10.13982101844158 -11.335607330314815 0.0
v -2.2814691013190895 13.191623825579882 0.0
v -9.270996719540562 -13.559237260371447 0.0
v 14.372092639096081 11.365079889073968 0.0
v -2.7464908792753704 9.967226502485573 0.0
v -0.6287565426900983 14.954874870367348 0.0
v -3.694254673027899 -12.251195578835905 0.0
v 13.808250354952179 4.1524561839178205 0.0
v 7.852187718264759 -4.426069559529424 0.0
v 8.168212920543738 6.659232452511787 0.0
v -5.822875407524407 -2.2508236477151513 0.0
v -13.12515369564062 -8.016530039720237 0.0
v -10.267997930815909 -5.91931099165231 0.0
v 9.298960599699058 0.7522305017337203 0.0
v 4.891707107715774 10.842083864845335 0.0
v 5.460256016929634 5.046040979214013 0.0
v -5.584233437140938 1.2846715049818158 0.0
v 2.743746380088851 -8.054533599875867 0.0
v -12.707677804399282 2.09793065674603 0.0
v -8.212247292569373 -11.86265963036567 0.0
v 12.800921113521326 -2.834592920728028 0.0
v -6.541265291336458 14.574813838116825 0.0
v 7.002540695364587 5.193110604770482 0.0
v 0.42373599793063477 -10.402264222502708 0.0
v -9.314413110550959 -1.58890466298908 0.0
v -2.724245992139913 7.124957182444632 0.0
v 0.46151523530716076 8.067174336872995 0.0
v 0.06248437485191971 7.863707142882049 0.0
v -7.216783405339811 -4.064121128991246 0.0
v -8.102778144995682 12.586606455035508 0.0
v 2.1015713659580797 14.302970681339502 0.0
v -2.208961667958647 -2.4456648994237185 0.0
v 6.479653198737651 -11.35078889504075 0.0
v 2.8050861767842434 -6.387754471041262 0.0
v 3.916646556870546 -7.258950316347182 0.0
v 12.71914718527114 -3.1140014454722404 0.0
v 9.523781229567248 -4.843346782028675 0.0
v 8.616529267514125 5.503994137048721 0.0
v 1.048341334972065 -0.48069449234753847 0.0
v -1.0077942092320882 0.11814208514988422 0.0
v 14.593948021123651 -4.521776773966849 0.0
v -5.949690641835332 -4.3810008857399225 0.0
v 12.613533029682003 -7.995686911046505 0.0
v -13.181786446948536 -2.0096632428467274 0.0
v -4.732320999668445 -0.20229420624673367 0.0
v -4.229719057446346 3.0661660181358457 0.0
v -7.242138113710098 14.033555013127625 0.0
v -1.3420919303316623 11.924080146476626 0.0
v 8.457572870946024 -12.431261479854584 0.0
v -9.886196465464309 -5.487308531068265 0.0
v 8.336414819175843 -1.1576637346297503 0.0
v 4.057252466795035 9.941786639392376 0.0
v -4.291729539399967 -0.13193182833492756 0.0
v -14.517377746466082 -6.305428529158235 0.0
v -7.190898727916647 14.631066165864468 0.0
v 2.730453904310707 0.6185074709355831 0.0
v 9.209132293064613 11.107552340254188 0.0
v 3.7980642426991835 -3.7908249720931053 0.0
v -13.805710828048177 0.6992749879136682 0.0
v -0.24422729155048728 10.946692038327456 0.0
v -6.955254050844815 -6.392749565653503 0.0
v -5.437137474364135 -2.208512575365603 0.0
v -11.545790802396368 5.771716740913689 0.0
v 1.0520383162074722 11.39831142500043 0.0
v -11.644377710763365 -10.88283330667764 0.0
v -10.618428914807737 -11.876482955180109 0.0
v 13.971174950245768 -13.536415874026716 0.0
v 5.831723495677579 7.900672239251435 0.0
v -11.24491176288575 -7.511799341067672 0.0
v 1.6298572288360447 2.48765835352242 0.0
v 11.607973360689357 -9.88602192234248 0.0
v 10.346587565843947 8.333168181590736 0.0
v -7.079214631346986 -2.3324294900521636 0.0
v -13.185767267423216 2.4395658830180764 0.0
v 8.495145724678878 -0.42845345847308636 0.0
v -7.696323214098811 12.729737534187734 0.0
v 5.758063398476224 1.2394432555884123 0.0
v -2.221538442245219 -2.2710973601788282 0.0
v 1.8526935867848806 5.11583539377898 0.0
v -7.627945817774162 4.18558110576123 0.0
v 1.9513448920915835 -12.340799231082201 0.0
v 12.055536153842695 8.736531483009458 0.0
v -13.762090062431525 9.963510646484792 0.0
v -13.481947297928855 -11.083709933795035 0.0
v -3.735281919594854 -9.252551170997322 0.0
v -14.777587522170506 10.19059724546969 0.0
v 11.968907979724463 14.736685614101589 0.0
v -6.4563940209918655 -4.0313053242862225 0.0
v -2.383490698703099 1.3735930854454637 0.0
v -13.04324032063596 -8.596059518866241 0.0
v 12.261680094001349 -10.34547521173954 0.0
v 4.3006972770090215 0.9840983394533396 0.0
v -1.4749448342481628 10.859500953927636 0.0
v -12.279644082591403 13.775231807492673 0.0
v 1.6631292392266914 -8.325451425276697 0.0
v 5.722869844583329 14.71696091722697 0.0
v 1.2393745042500086 -11.050546320155263 0.0
v 1.3715858106152155 -10.757054490968585 0.0
v 3.5928895327961072 7.653988209553063 0.0
v 4.352632059599273 -9.631979115307331 0.0
v -1.0818658792413771 -11.117189447395504 0.0
v -0.9092084863805212 5.984481601975858 0.0
v -5.206140132970177 -4.011220511980355 0.0
v 14.233285975293256 5.231654154136777 0.0
v -11.914829585817643 -10.675347115844488 0.0
v 7.981659872108139 -10.516519704833627 0.0
v -1.9430039578001015 -12.467411733232439 0.0
v 13.755447140079923 -9.669546382501721 0.0
v -6.785576680733357 1.7428930019959807 0.0
v 10.89168831059942 6.261989729478955 0.0
v -14.002223204006441 13.436507589183748 0.0
v -11.956743326561991 6.291912675835192 0.0
v -3.5176804565126076 -9.14767493493855 0.0
v 10.210799609660171 -0.7764835935086012 0.0
v 7.344369894359261 8.37555272784084 0.0
v -13.361668243655004 -14.224594604223967 0.0
v 11.771635154320393 -10.978574314154685 0.0
v 13.197199032409117 14.133040490560234 0.0
v -4.202630020445213 8.107252625748515 0.0
v 6.824232823622879 -1.8024851689115167 0.0
v 6.35567045933567 9.427727106958628 0.0
v 14.508762595592998 -3.0563752111047506 0.0
v 8.509639734169468 2.1106188036501408 0.0
v -10.432966514432337 -0.3684986876323819 0.0
v -5.40704631555127 4.094736143946648 0.0
v 8.061325266840868 7.317619239911437 0.0
v -4.485774797038175 -13.609497510828078 0.0
v 7.8052557955961674 -0.04547265823930502 0.0
v 0.6684668785892427 4.074893712066114 0.0
v -10.722257129498757 5.3328556613996625 0.0
v 14.475214548874646 -5.491046010516584 0.0
v -5.620647117262706 0.7422512313351035 0.0
v 12.684880212589633 -10.55654335487634 0.0
v -8.146703828475438 -14.210285873152316 0.0
v 8.230838454444893 4.746978200040758 0.0
v -2.262441174534615 9.395375529304147 0.0
v 14.86481110722525 4.8182031232863665 0.0
v 0.794246050354559 -9.449952891096473 0.0
v 8.4671075931401 11.81511306669563 0.0
v -9.680217002169229 14.742966720834374 0.0
v -10.048180886078626 -14.979230891913176 0.0
v 1.4449794341344386 13.556158964522183 0.0
v -1.5634030657820404 11.82386879902333 0.0
v -1.121937683550641 12.541318682953715 0.0
v -14.158227462787181 10.693108288571239 0.0
v 7.5865483218221925 -8.167922958731651 0.0
v -5.024379979877267 -5.523009005934 0.0
v -10.497959486267064 -9.363392950966954 0.0
v -11.50742083240766 -3.123027876019478 0.0
v -11.600821340165567 14.415933474898338 0.0
v 5.086335781554226 12.722591139376163 0.0
v -1.1396566461771727 -0.7351410072296858 0.0
v -9.038522892922629 -10.167083167470992 0.0
v 1.6461335882777348 -10.502592386677861 0.0
v -4.272456635197159 -13.03968081716448 0.0
v -9.358299258747138 -1.873608940280974 0.0
v -13.906122255895752 -13.601607544347644 0.0
v -7.336925366485957 -11.43487689923495 0.0
v 8.93022316659335 3.6098352689296007 0.0
v 13.49274263967527 3.791273773647845 0.0
v -14.774777827435173 5.214773778803647 0.0
v -2.342551186506171 -8.141378309577703 0.0
v 8.949726580642164 -14.145363479852676 0.0
v 1.3929055143962614 6.1040007984265685 0.0
v 0.9474044417147525 -0.3977759191766381 0.0
v -10.967292997171171 -2.7757254587486386 0.0
v -2.41340281808516 -5.05127205979079 0.0
v 9.921662039589137 -0.11088690906763077 0.0
v -1.595998139004223 -12.70109036564827 0.0
v -7.915862176101655 -13.59006405621767 0.0
v 5.297377429786138 11.429780223406851 0.0
v -9.652089175244328 -10.403567479923368 0.0
v -10.751075382751878 -8.138782877475023 0.0
v 3.0012771646725014 11.231794639490545 0.0
v 6.753959952737205 -10.543124858289957 0.0
v 14.584742360631935 -1.5808021677657962 0.0
v 3.1814156703767367 0.26544880494475365 0.0
v 4.879098471137695 -0.14586570765823126 0.0
v 8.228744430758525 -12.658069270662963 0.0
v 10.263201104011387 8.46351538412273 0.0
v -11.985517295019235 -5.1259912848472595 0.0
v 0.7947242821683176 -3.929902048781514 0.0
v -14.588343645213172 -10.94609846919775 0.0
v 6.110083971987478 -10.61436472646892 0.0
v -2.579103431024123 14.842285858467221 0.0
v -6.914617340546101 11.217343389056623 0.0
v -7.381172523484565 -9.00042573735118 0.0
v -7.9456006663967855 5.863025341182947 0.0
v 14.288392727903556 -1.3889365484938025 0.0
v -5.948873845743947 -4.246620163321495 0.0
v 6.89531232661102 3.713816092349589 0.0
v 1.9827025405247696 8.206613502465189 0.0
v -7.817320403759368 12.111271446570754 0.0
v -0.6934852685662918 -9.055120437406003 0.0
v -13.143215063842945 14.612252885475755 0.0
v -8.616554569511209 -13.416952077299356 0.0
v 1.4900721451849677 -8.8388692419976 0.0
v 9.503490105911624 13.120884370058775 0.0
v 5.796275793807581 10.585073672235012 0.0
v 11.935575539479032 -6.401045607402921 0.0
v -11.324849817203358 -3.4807647140696645 0.0
v 12.439760221459437 13.072900040075183 0.0
v 0.4035387351177633 -4.966613234952092 0.0
v -10.371930445951875 10.23361423611641 0.0
v -1.604718063317705 5.8006559601053596 0.0
v -4.9139123313943855 -12.043166185729206 0.0
v -10.585943252081051 -12.178483488038182 0.0
v 9.965205263404641 -6.429428877308965 0.0
v -2.5931354447384365 14.099079535342753 0.0
v 11.012317496351898 0.7592643350362778 0.0
v 0.6052901039947756 14.679464747197926 0.0
v -10.982238632219378 -1.697476364672184 0.0
v 3.4925830879365094 -5.478497828356922 0.0
v -10.678518476663157 -13.477813329547644 0.0
v -4.479578021564521 14.88218548335135 0.0
v -3.7332530499552377 -5.32698833104223 0.0
v 12.784258343977854 8.683945387601852 0.0
v -1.0051986594335176 -10.126269209198654 0.0
v 1.4222525566001423 10.966001962311566 0.0
v 8.871133094944526 10.455906732007861 0.0
v -12.931642495270353 4.697264699265361 0.0
v 8.890459311311133 6.819009765051305 0.0
v 10.810996213229373 -7.231025280430913 0.0
v -7.200897845905274 -4.9693858698010445 0.0
v -12.59236572694499 14.329192425124347 0.0
v 6.894517605891451 10.162016307003796 0.0
v 9.474350031348877 9.55261443555355 0.0
v -7.094879566808231 2.5690620793029666 0.0
v 10.074347822344862 -11.286718477495015 0.0
v 6.481104960257653 4.094538721255958 0.0
v -9.411196734348778 -4.1400403417646885 0.0
v -8.959882587543689 1.0747842406854033 0.0
v -0.6123708724044263 3.1714953184127808 0.0
v -7.840807530912571 3.0695016141980886 0.0
v -4.604323860898148 -2.544623950496316 0.0
v -12.735073978663422 5.952402967959642 0.0
v 9.641036627755966 -6.702005675062537 0.0
v 0.3766719600534998 -4.280412022024393 0.0
v -3.137609597237315 11.051525023765862 0.0
v -8.883852293773089 -8.767971720546484 0.0
v -3.194845251098741 11.330195972695947 0.0
v 14.12596024281811 8.938503328710794 0.0
v 13.648874578648247 8.836571712978184 0.0
v 11.036018885846715 -11.005870761349797 0.0
v -7.4988619916839525 -14.154706378467381 0.0
v 9.612571757286787 -10.70159689616412 0.0
v 4.740882132551633 11.96580559015274 0.0
v -2.56177586276317 6.297018957324326 0.0
v 10.351791536202654 -8.954128243029118 0.0
v 7.107614539854694 -6.292659971863031 0.0
v 13.290299804473761 -4.5442125760018826 0.0
v 3.2714799392852 -11.626833472400904 0.0
v 3.3365504416287877 9.527445520274341 0.0
v 14.706226890091784 -11.245781340636313 0.0
v -9.504180809191894 -13.7447020849213 0.0
v -11.616542194387875 -6.668011633679271 0.0
v 2.9971664417535067 -5.185377091169357 0.0
v 14.115462986461353 -9.69848149921745 0.0
v 2.6337936075869948 -2.8878907933831215 0.0
v -4.519641482853331 5.7282749162986875 0.0
v -5.686447082320228 -9.08501837681979 0.0
v -11.881677715398837 -10.867830255068839 0.0
v 4.455771812819876 -13.147979372180998 0.0
v 10.430059895850718 11.655887519940734 0.0
v 0.20205935463309288 -4.7971664080396295 0.0
v 14.073364003386814 14.788990112021565 0.0
v -2.9773880026186816 8.99199269991368 0.0
v -11.057361418846995 3.4734206730499864 0.0
v -6.108782660565339 5.836055902764201 0.0
v 13.69093849969795 -5.640801539644599 0.0
v -8.8173050279147 7.510222091339529 0.0
v -8.860813407693058 -8.037481902167201 0.0
v 5.32585164019838 5.723813060671091 0.0
v -13.921549855207559 -2.1317470092326403 0.0
v -14.75508298567729 -6.119433060288429 0.0
v 10.742203884583432 5.60704015288502 0.0
v -2.1348935464047827 -9.61504132580012 0.0
v -12.25549690821208 12.575740896165371 0.0
v 5.104541516280733 -7.441850007511675 0.0
v -4.155614105809946 2.5502081075683236 0.0
v -5.009582380240317 13.558924881741405 0.0
v 7.686143927159719 -0.9279514877125621 0.0
v 7.6575770563213155 -4.682564741931856 0.0
v -8.86536308756331 -12.935394928790629 0.0
v 12.424706696823705 8.805551989004016 0.0
v -12.26029869983904 9.686053721234202 0.0
v 10.793931447493378 9.723890979774296 0.0
v 1.9969702559756115 -9.259273043833673 0.0
v -9.870099159656093 -0.21511448081582785 0.0
v 7.636379548464902 -9.812183862552047 0.0
v -11.874989010684658 -10.553095464594662 0.0
v 0.3040404667844996 -1.1135043818503618 0.0
v -6.1965445058303885 5.691927058622241 0.0
v -14.587560629937798 2.9071691017597914 0.0
v 4.694554535555653 -6.494531102478504 0.0
v 1.0793802766711451 2.622002672404051 0.0
v 11.401779676496517 14.412683428265154 0.0
v -6.206803657929413 -8.59418892674148 0.0
v 9.592750926618464 -12.880876365117729 0.0
v -8.991085919376928 -8.388039277866483 0.0
v 12.520700925495476 -11.068001515232027 0.0
v 13.973762303008698 -6.457077983766794 0.0
v -6.598146103904583 -0.19169284868985415 0.0
v 5.686346615082584 4.241814664565027 0.0
v 12.503335507703014 1.5527385966852307 0.0
v 0.5310318116680719 9.076848111115396 0.0
v -12.273744786973111 -11.339628075249493 0.0
v 14.603466519387439 11.87582768406719 0.0
v -5.227724613854662 1.0887026088312268 0.0
v -14.541590633103624 -8.441757511347532 0.0
v -5.7583393676322885 -11.80118915811181 0.0
v 0.8240759601467289 -9.49903757777065 0.0
v 3.616536842251662 -0.9213524665683508 0.0
v -8.612473845016211 7.49842647369951 0.0
v -3.881529434467666 -2.444553269073367 0.0
v -3.327191913500428 10.622386993840337 0.0
v 9.66939851467032 7.798295167274773 0.0
v 10.846801539650187 -14.767026152461767 0.0
v 1.903069588530343 0.50207001529634 0.0
v 13.320422408229206 9.826344233006239 0.0
v 6.941679555806331 -1.7012852896004915 0.0
v 0.25586690299678594 14.5115826446563 0.0
v -13.8702475875034 -10.212975871749222 0.0
v 13.833145231183153 4.052624748088419 0.0
v -9.71952338621486 14.296219581738114 0.0
v 7.033220288984012 4.840647524222732 0.0
v 1.9359531444497406 -5.952871066518128 0.0
v 8.340051867009606 -10.792876400053501 0.0
v -6.65913269657176 -2.0052761686965823 0.0
v 5.169109038368333 -9.807168756611645 0.0
v 11.692933622631244 8.509237107820809 0.0
v 14.313305177201983 4.98982756678015 0.0
v 14.80213710712269 12.26369244698435 0.0
v -7.467746557260398 3.4935146626085043 0.0
v -5.323854623769876 1.383350633084774 0.0
v 10.758228370337747 -12.089962334372103 0.0
v -11.270183358050417 -6.9058438539505005 0.0
v -12.5822263143491 -10.178930352441967 0.0
v 5.710711482330225 -7.7542138723656535 0.0
v 4.816012956609484 2.8701312225311995 0.0
v 11.187680924660526 -4.002595548518002 0.0
v 3.0331954352441244 -9.925710029900074 0.0
v 5.272591114917304 -0.6559843411669135 0.0
v -9.044514070672449 -5.458236704580486 0.0
v 7.997506509884261 -7.256115875206888 0.0
v 2.0162776589859277 3.514010804705322 0.0
v -5.344513839751016 6.262520118616521 0.0
v -3.833192808087915 5.241352425888181 0.0
v -12.720376259239856 11.835534760728478 0.0
v -8.135250891034957 3.001537992618978 0.0
v -1.2885694453725591 13.727642490528524 0.0
v -8.508760755241383 2.846889671869576 0.0
v -0.7987728610169142 -14.580544728785753 0.0
v 0.9470831045764498 -6.173999574035406 0.0
v -10.762272295774892 14.612621424719691 0.0
v -7.267887013615109 5.199572544544935 0.0
v 3.804579307383392 2.367584990337491 0.0
v 6.814701464318205 -11.885283460840583 0.0
v 4.010869694757275 0.20720757078379393 0.0
v -0.42535797000164166 4.678727075457573 0.0
v 12.16007607622305 -11.348812432028353 0.0
v 5.101217474613804 -5.069789543747902 0.0
v -6.689603459904902 6.588453074917197 0.0
v -1.3414275338873267 4.204279572702944 0.0
v 12.57401787105482 -7.139704851433635 0.0
v -2.1159711365471594 -9.790737079456449 0.0
v 4.548595727421343 3.7769611878320575 0.0
v -1.5457935990998521 -6.827727604657412 0.0
v 10.917782676930074 -1.7057849932461977 0.0
v 1.0235063622239977 -8.202787159010768 0.0
v 2.5445813266560435 8.964889159426093 0.0
v -13.274968829122372 3.738165056332946 0.0
v 10.770676915417425 5.6185962948948145 0.0
v -12.650365777604748 -6.035501977428794 0.0
v -10.845712205278687 -11.957466791383922 0.0
v 13.497350643505342 6.6209025187417865 0.0
v -12.649811810988467 6.383782723918557 0.0
v 6.164127749856561 -13.607397216372192 0.0
v -10.74561245093355 -14.791757941246033 0.0
v 2.953531046572607 -9.067196594551206 0.0
v 5.3692099007894285 1.6124502830207348 0.0
v -7.66860422672471 -6.538542052730918 0.0
v -14.416698893881403 -2.064468737691641 0.0
v -7.82584609859623 -12.710429726168513 0.0
v 7.021138179406989 9.338607753627002 0.0
v -9.377708296990022 14.434755424968898 0.0
v 11.527899657492526 -7.487101185135543 0.0
v 10.687763595196884 -7.009492861106992 0.0
v 4.525955173303373 -5.8140745628625154 0.0
v 6.245299009256996 6.444576780311763 0.0
v -10.130228983063716 4.746110575273633 0.0
v 7.7618050330202095 9.152729949913919 0.0
v -0.18044695345452055 6.323173634707928 0.0
v 9.312436240550596 -12.221705842763186 0.0
v 1.9356199157773517 -9.671441908925772 0.0
v -7.001615305081941 10.44641272816807 0.0
v 3.5415327418595552 8.099855095148087 0.0
v -5.95960707514314 9.594078714959323 0.0
v -4.487304761365522 9.78106473851949 0.0
v 11.925723068939988 0.6721674632281065 0.0
v -4.68878510518698 12.84139400254935 0.0
v 1.0736741368309595 2.251325954683125 0.0
v 10.219714678707533 -0.9413562547415495 0.0
v -13.348532149626408 -3.4784398302435875 0.0
v -12.336228363448754 9.218649272806942 0.0
v 2.4910628265934065 -5.998779105953872 0.0
v -13.849750156397931 7.911596464924514 0.0
v -9.43011165165808 -14.388247012160718 0.0
v 10.574979182856623 3.906765576452017 0.0
v 6.9709134683944285 1.2216129656881094 0.0
v 14.961189761583228 10.784654891118407 0.0
v 10.536449552688282 -8.843368995003402 0.0
v 4.441193952166941 -10.784399571828544 0.0
v 12.52949239173904 -14.654101876541972 0.0
v -9.68775141966762 4.233328728936613 0.0
v 11.614522273070179 12.622356807813048 0.0
v -8.567105677560903 -7.054772416129708 0.0
v -11.642806993273553 8.083740023896098 0.0
v -4.600613349059131 -9.769666510634124 0.0
v -11.48833348986227 -5.187727374024689 0.0
v -11.004945492488332 4.935328966006637 0.0
v 8.0305527333403 3.3461544858291745 0.0
v 5.923052570375148 11.61455394886434 0.0
v 12.697137247538194 -6.3134543700143695 0.0
v -14.648262525792234 -3.2034697057679296 0.0
v 11.24030584434513 10.36667316313833 0.0
v -11.638495546241757 12.270509994588792 0.0
v 5.2236890264903195 -13.059393307194114 0.0
v 3.2466101215104572 -14.518776229582727 0.0
v 12.009061527322046 -0.8305508904159069 0.0
v -9.250239166722167 -3.581157394684851 0.0
v 1.6492330269538797 9.258024528622627 0.0
v -8.907565253204666 3.4254742320626974 0.0
v -8.05122870724881 7.475248385220766 0.0
v -0.8876247407170013 14.207457662560046 0.0
v -13.667968202964403 -8.966096291318536 0.0
v 14.673910129524302 8.060149625875056 0.0
v 9.978526445978787 11.2580097168684 0.0
v 11.545867721259128 4.581827473826706 0.0
v -10.512432730931323 -2.5633440343663096 0.0
v -10.152263933850918 -1.6605543494224548 0.0
v -14.719478149956558 13.893880932591856 0.0
v 12.688403866719455 -3.2912105452269316 0.0
v 12.392645150714088 5.9142088778316975 0.0
v 9.352445660566445 3.134549167007208 0.0
v 1.1191696686437353 -13.866660023108125 0.0
v 8.22621492180042 -5.531339082866907 0.0
v 11.126107835327275 4.035451541654766 0.0
v -11.459621256275568 -3.9654572904109955 0.0
v 10.911956037278287 11.467696901410818 0.0
v 10.942379677377176 13.547805782407522 0.0
v -7.842280828917865 5.330882607027888 0.0
v -8.50739656953374 1.2622294332832098 0.0
v 9.918546316446736 8.619064939208329 0.0
v 11.720842431299388 -2.62419012747705 0.0
v -1.6621831218362786 3.375400829128921 0.0
v 14.60621873778291 13.369361734949052 0.0
v 0.07526030176086351 7.510624950751662 0.0
v 2.8885016184067354 -5.894849047996104 0.0
v 5.466321673418861 -4.645094713196158 0.0
v 0.10860235308064148 -10.93462464492768 0.0
v 4.147172860743012 12.69138465449214 0.0
v 11.0608681726153 -7.783319282345474 0.0
v 13.216582766035572 -7.630116137675941 0.0
v -6.68145052465843 -14.493518234230578 0.0
v 3.037139057298191 12.43301713746041 0.0
v -4.715857203467749 -0.5895018661394715 0.0
v -4.568880283506587 7.000436931848526 0.0
v -12.92896199011011 -4.822096289135516 0.0
v -1.8773965805885382 -2.3910957174375653 0.0
v -12.21720186987659 -10.047995100729167 0.0
v 3.742188361880835 12.636615918017924 0.0
v 6.332022554823197 9.5302579049021 0.0
v 2.7856755942921154 -2.167454771697521 0.0
v 6.0425928115146235 14.756194091401994 0.0
v 9.252145351783838 2.173151522874832 0.0
v 12.845971642585937 7.176631352864206 0.0
v 14.77291933982633 -7.948075803928077 0.0
v 13.824335724930279 -9.169057097285986 0.0
v -14.556476650293916 -12.3754794113338 0.0
v 7.022513200354297 3.166330488398671 0.0
v -2.3530690493644215 -5.6000807126984 0.0
v 5.2209200853831135 -14.025359727442265 0.0
v 10.963875122717582 2.0432730047032237 0.0
v 14.10207266814541 -8.41953076608479 0.0
v 11.846276559634134 -14.506754975765944 0.0
v -7.225257611076813 -3.5924938721582294 0.0
v -6.024995807092637 0.19750764407217503 0.0
v 13.791534042858984 -13.165011507458985 0.0
v 11.361028536281083 -7.015938240103424 0.0
v -11.033144623506814 -3.5955921737477183 0.0
v 10.608289136143867 -6.749103214591742 0.0
v -14.965726219234057 1.4122716784477234 0.0
v 8.65258131158771 10.433352867141366 0.0
v -5.711344088660553 11.411965194158256 0.0
v -7.843469237908721 13.681033953092992 0.0
v -1.3678447268321179 14.669453808106482 0.0
v -7.3861956465407275 -9.558351501822472 0.0
v -6.662307642225642 9.839691379107535 0.0
v 4.195937894284725 -6.456027254462242 0.0
v 9.696947982301936 2.1557159991934896 0.0
v 1.226381800195668 -0.8353685988113284 0.0
v 3.6720323771587573 13.823249706067145 0.0
v -13.551008511567488 14.045090595260262 0.0
v -3.4272380974143744 4.626821647398174 0.0
v -5.934212871012278 8.406430403701961 0.0
v -8.076340903004166 -2.40696516353637 0.0
v -14.955784661287908 11.624148570932448 0.0
v -8.624099889828358 -4.20944760274142 0.0
v 7.4218213018612005 -2.676579285413027 0.0
v -6.762575346510857 -6.985015454702079 0.0
v -5.336785461520776 14.800710980780423 0.0
v 1.4644147543003783 2.3082315139472485 0.0
v 5.693591731484048 4.763301834464073 0.0
v -3.56660591927357 13.221195599064231 0.0
v 12.868732163333334 14.93689795024693 0.0
v 7.736215422512032 -11.008437654934824 0.0
v 13.358650481211953 14.563551902770996 0.0
v -3.8260912195546553 11.63818956259638 0.0
v 7.026060294301715 12.08466027583927 0.0
v -7.586178497876972 0.7967275083065033 0.0
v -4.7694432295975275 -10.716268913820386 0.0
v -0.1941604565945454 -11.514695500954986 0.0
v 9.305093091505114 13.599016199819744 0.0
v -1.0142816819134168 -13.316592168994248 0.0
v 7.173548381892033 -8.644338195212185 0.0
v 6.004122629703488 3.0596304070204496 0.0
v 3.550905914453324 -3.6397636057808995 0.0
v 0.19474263273878023 2.7721209973096848 0.0
v 3.6801044628373347 -6.12481549475342 0.0
v -4.976390085008461 -7.469922577030957 0.0
v -10.277993589290418 -13.861650321632624 0.0
v 3.9888550419709645 7.428931503556669 0.0
v -9.456004781939555 7.565494178794324 0.0
v -11.966052617761306 -6.727824806235731 0.0
v -8.678371914371382 -4.862400209531188 0.0
v 3.0543800148298033 -2.942265637218952 0.0
v -9.981663187034428 13.698294500820339 0.0
v 10.891928099910729 3.5484105683863163 0.0
v -4.979756572342012 4.786921612918377 0.0
v -7.7697891693678685 13.525487721897662 0.0
v -3.8896542963339016 -13.211357046850026 0.0
v 11.685139513399918 14.959549834020436 0.0
v -9.378459560219198 -2.9725743141025305 0.0
v -13.962755454471335 -13.691180361434817 0.0
v -8.689939621835947 5.877324683591723 0.0
v -9.083988948725164 5.7154254810884595 0.0
v -13.355512651847675 -4.490136259235442 0.0
v 11.486812169780023 -5.947055293247104 0.0
v 8.115044163365383 3.706929186359048 0.0
v -12.461218309646938 14.922690476290882 0.0
v 9.68729345453903 -12.821227581240237 0.0
v 11.501048525678925 3.41018636059016 0.0
v 4.889513693808112 11.48674307949841 0.0
v 10.500686587998644 12.821865393780172 0.0
v -11.779057879990432 -6.6372932465747 0.0
v -11.42258103878703 13.304357388056815 0.0
v 4.425622989947442 -11.097141781821847 0.0
v 9.69369057106087 -8.731151327490807 0.0
v 7.688597278553061 8.367119596339762 0.0
v 10.617357475392055 6.759544839151204 0.0
v 8.729539643623866 -13.018342738971114 0.0
v 14.891719591978472 12.973976287059486 0.0
v 12.935056125104893 -13.572158277966082 0.0
v -2.102779724809807 -11.544034777209163 0.0
v -7.148220308532473 4.865487420000136 0.0
v -3.4535184691194445 12.826391261070967 0.0
v -9.191797489416786 -5.67883126437664 0.0
v 2.3116331709898077 10.564834301359951 0.0
v 1.375548399752006 -9.394197085872293 0.0
v -13.768301360134501 -14.927383316680789 0.0
v 11.534467557794414 12.363350282423198 0.0
v 12.65356297272956 0.51276511605829 0.0
v -12.15170033625327 11.618868565186858 0.0
v 13.447503075469285 7.752893595956266 0.0
v 3.0128506168257445 -10.418569786474109 0.0
v 0.7224461756995879 -12.523912732489407 0.0
v 13.561073835473508 10.419076239690185 0.0
v -7.910285212914459 -6.002251882106066 0.0
v -13.486050350067671 -13.348867991007864 0.0
v -7.199262899928726 10.522998994216323 0.0
v 9.789154891390353 -12.242170623503625 0.0
v 3.9378686620038934 -7.293194392696023 0.0
v -0.08781323942821473 -3.8163009556010365 0.0
v -10.042910818185192 -11.85104912146926 0.0
v -12.156614045088645 2.6353263529017568 0.0
v 14.723525685549248 12.539527593180537 0.0
v 1.6474668810842559 -1.2419609082862735 0.0
v 2.6073768018977717 10.615832378156483 0.0
v 2.2045277553261258 4.475043669342995 0.0
v -12.48301560030086 8.508282331749797 0.0
v -5.336794732196722 -9.775458097457886 0.0
v -2.737491028557997 5.601054250262678 0.0
v -9.332529638544656 -11.681168253533542 0.0
v -9.196995275560766 -2.7217559460550547 0.0
v -5.388143458054401 -12.990701522678137 0.0
v 3.334892643324565 -12.936186430975795 0.0
v 2.8848320159013383 8.94719119835645 0.0
v -4.036915538890753 6.868523673154414 0.0
v -6.5487010316574015 13.544947037473321 0.0
v -8.231620021048002 -13.490973254665732 0.0
v -11.88701257610228 13.05271752551198 0.0
v 0.9834327631397173 -9.151252247393131 0.0
v -7.062938087969087 -5.7965584341436625 0.0
v -14.677435083081946 -10.060973254963756 0.0
v 7.338041601993609 6.925864368677139 0.0
v -6.919490745116491 9.156604630872607 0.0
v 8.54465687845368 2.848424294963479 0.0
v -4.469188243092503 14.592163291759789 0.0
v 4.035377897322178 -8.041235513985157 0.0
v 3.9775522020063363 -3.411458859220147 0.0
v 10.168482689012308 9.98399028647691 0.0
v -6.347276460088324 -8.04381622839719 0.0
v 0.01217514177551493 10.686259355396032 0.0
v -11.51962645346066 -3.5457225823774934 0.0
v 9.287940225272905 2.0420265682041645 0.0
v -6.403880484460387 -10.978309993632138 0.0
v -4.4000355245079845 -6.525438562035561 0.0
v -11.973540971172042 9.066710982471704 0.0
v 13.116751093592029 8.707495795562863 0.0
v 7.768328537698835 -11.822516948916018 0.0
v 6.683168092160486 -5.174487025476992 0.0
v -2.9030725168413483 9.201784054748714 0.0
v 0.4863554610637948 -10.04540453106165 0.0
v 6.433840781624895 -11.487109682522714 0.0
v -6.920071508851834 0.6522440044209361 0.0
v 5.527343789930455 10.124255770817399 0.0
v 4.828162721125409 -6.008151029236615 0.0
v -10.110804135038052 -8.413506402634084 0.0
v 6.9282244788482785 4.024553807452321 0.0
v -7.037537303287536 -2.7443274036049843 0.0
v -12.673140785191208 6.0139491045847535 0.0
v -5.5457781966542825 -13.217714351601899 0.0
v 7.529439423407894 1.7759654372930527 0.0
v 10.626664073264692 9.993189034052193 0.0
v 13.915081929881126 3.369545948691666 0.0
v -13.538295816397294 -2.9190372796729207 0.0
v 1.8143459055572748 -1.5593906538560987 0.0
v -14.16259723942494 0.1900780014693737 0.0
v -11.216527784301434 -1.0554819591343403 0.0
v 12.59924826095812 -10.527491364628077 0.0
v 8.69673528050771 12.980418478138745 0.0
v -12.522259091201704 -6.1006320752203465 0.0
v 0.800693154509645 -14.582063745707273 0.0
v -4.40313692955533 -6.346298006363213 0.0
v -1.6615319471457042 -9.891268479637802 0.0
v 9.08081624249462 13.246635773219168 0.0
v -1.0223876008531079 -4.302765315398574 0.0
v -2.8476227375213057 -11.485400986857712 0.0
v 0.49052614450920373 -2.4100793255493045 0.0
v 10.751619353715796 14.081536373123527 0.0
v 11.602221358160023 13.655150018632412 0.0
v 11.662122261244804 11.726510800421238 0.0
v -6.546162897197064 -2.67613863106817 0.0
v -12.414140852051787 1.1474725315347314 0.0
v -8.88089049392147 -12.080608189105988 0.0
v -13.137385365087539 -4.143746399320662 0.0
v 1.1362490744213574 11.74636763241142 0.0
v -14.166317027411424 2.476270574145019 0.0
v -5.469643417629413 -1.2120016561821103 0.0
v -6.6986558946664445 12.638745510019362 0.0
v -5.347404551226646 -14.625363230705261 0.0
v -1.3988860766403377 -8.706429122947156 0.0
v -0.437329908949323 5.414868086576462 0.0
v 12.07410236884607 5.5426560854539275 0.0
v 7.964142319164239 -10.628318131901324 0.0
v -1.7652109720511362 10.052039524540305 0.0
v 4.8478264139266685 9.745156991295516 0.0
v -3.333837240759749 10.378731648437679 0.0
v -14.783079121785704 -7.906221125274897 0.0
v -10.129051022813655 -10.704304853454232 0.0
v 5.539879465824924 -7.98754623811692 0.0
v -0.13415160414297134 0.011956708505749702 0.0
v 3.1381466923630796 12.61239172425121 0.0
v 4.738427934702486 -0.38250556495040655 0.0
v 13.121724707249086 1.4936216492205858 0.0
v 9.772001749661285 -7.271761078387499 0.0
v -2.332184584578499 8.446735550649464 0.0
v -4.019327867368702 13.70357609167695 0.0
v 3.5696902134804986 7.035623897798359 0.0
v -13.043761225475464 -5.927401946857572 0.0
v 2.537342084920965 11.442273534834385 0.0
v -11.64896662090905 -13.207842235453427 0.0
v 13.590358374000061 13.163075895048678 0.0
v -0.7332133934833109 13.755183972418308 0.0
v -12.702017253206577 10.739025248214602 0.0
v 13.558654329041019 14.860695502720773 0.0
v 0.10982993815559894 -6.766795045696199 0.0
v -14.15192403405672 4.084539781324565 0.0
v -13.887888907105662 3.436392049305141 0.0
v 12.92412588960724 2.0143813909962773 0.0
v -13.410419040359557 3.0838926872238517 0.0
v -1.0987204075208865 4.710278873331845 0.0
v -4.762183324957732 -10.684756045229733 0.0
v -13.928058988822158 -7.50718248449266 0.0
v 11.718851422949228 0.4308223268017173 0.0
v -7.40944143087836 14.43934730347246 0.0
v -0.8199737129034474 7.5911991242319345 0.0
v -0.7767917914898135 -2.0633636098355055 0.0
v -2.446261035162024 -5.767384015955031 0.0
v -1.3360281115747057 -3.7694857362657785 0.0
v 7.991586905322038 8.993500321172178 0.0
v -2.9351125037646852 10.478417464531958 0.0
v 12.088971685327124 11.145534842275083 0.0
v -10.008334761369042 -11.347787730395794 0.0
v -7.181935364205856 -9.195751699618995 0.0
v 14.660115902428515 -10.262125683948398 0.0
v -13.190671891439706 -10.211315085180104 0.0
v 14.620960480242502 -0.3484555222094059 0.0
v -9.777753128786571 5.9259370397776365 0.0
v -5.665869567601476 -9.731387140229344 0.0
v -5.133473184600007 -4.068957780487835 0.0
v -10.092404504073784 7.441230235621333 0.0
v 3.858538580010645 4.3250818606466055 0.0
v -3.371794748818502 -3.5090193329378963 0.0
v -12.228237406001426 -12.052014295943081 0.0
v -8.154110252973624 14.347917893901467 0.0
v -2.753358188958373 -3.8278215024620295 0.0
v -9.330620119173545 4.363669380545616 0.0
v -12.026568254514132 4.960444634780288 0.0
v -9.257517693389673 10.996576188132167 0.0
v -3.165861999557819 -11.854990823194385 0.0
v -0.16033191926544532 5.402651441283524 0.0
v -9.596194137469865 0.13373408745974302 0.0
v -4.992058314732276 -6.863396668806672 0.0
v 4.064835427503567 3.7404684480279684 0.0
v -5.9584550797590055 -7.856422850862145 0.0
v 11.498182988667395 4.1002479596063495 0.0
v -9.409134116838686 -0.348907470703125 0.0
v 6.929243050399236 7.934973565861583 0.0
v 2.0018613236607052 9.595098970457911 0.0
v 2.9266117263468914 -10.312795009464025 0.0
v -12.799364244798198 14.14595935959369 0.0
v 1.6043213862576522 5.2311245473101735 0.0
v -7.1295265522785485 -13.276385032571852 0.0
v -2.6183228520676494 5.646975723095238 0.0
v 6.0071586683625355 7.32307109143585 0.0
v -13.606395109149162 -3.7146499631926417 0.0
v -9.79662397626089 6.916239698417485 0.0
v 0.7319189866539091 -2.233582114800811 0.0
v 11.665936579578556 1.855703986249864 0.0
v -8.716545441362541 0.6284121125936508 0.0
v -11.902016940468457 -11.462707169353962 0.0
v -7.032535132020712 9.668477925471961 0.0
v 9.345263245806564 0.7815333250910044 0.0
v 14.832053218327928 4.579321598634124 0.0
v -3.605727974267211 -0.13838997296988964 0.0
v -6.739782749617007 6.769625609740615 0.0
v -13.947947866283357 11.551847960799932 0.0
v -10.498178301029839 14.006099515594542 0.0
v 4.376311447995249 -12.339129751548171 0.0
v 9.071363461436704 14.903840719722211 0.0
v -8.837789429235272 10.877148490399122 0.0
v 6.00760831090156 -5.331567423418164 0.0
v 7.626999570755288 6.9897959576919675 0.0
v 9.633991036447696 12.807987197302282 0.0
v 4.033384426555131 -3.5405139019712806 0.0
v 12.432375184434932 -3.3010223899036646 0.0
v 2.0377205320983194 -11.32465854845941 0.0
v 0.7171575091197155 7.825485828332603 0.0
v -0.9347100014565513 13.91247492004186 0.0
v -1.2363299582502805 -7.423261602409184 0.0
v -8.414916014648043 -7.124386049807072 0.0
v -13.519589577743318 -5.545888341031969 0.0
v 10.152374999190215 3.4150732150301337 0.0
v 9.575122299836949 12.857066066004336 0.0
v -12.513528919836972 10.144504318013787 0.0
v 3.5283272373490036 2.683945051394403 0.0
v 2.8085088651860133 -12.494090847671032 0.0
v -13.518223108258098 -8.834041464142501 0.0
v -4.243007649958599 -12.155518578365445 0.0
v -5.0774760455824435 3.4987892527133226 0.0
v 1.617664658173453 8.128271751105785 0.0
v 1.413841974514071 -1.7329413639381528 0.0
v -11.097481676843017 6.8929317612200975 0.0
v 11.802096457511652 14.68764849100262 0.0
v 13.926579338556621 -7.4543414348736405 0.0
v -11.1711621452705 6.171934673562646 0.0
v 3.2963380297878757 -4.830641368404031 0.0
v 2.7284222101443447 11.535577576607466 0.0
v -10.284576821490191 -7.990594236180186 0.0
v 5.6227275872952305 -7.656044237315655 0.0
v 14.09613118332345 14.260801628232002 0.0
v -4.908058108703699 0.318664925172925 0.0
v -7.0170621062861755 6.3356515653431416 0.0
v -13.412145816721022 -4.363441524095833 0.0
v -6.443954295187723 -10.058718740008771 0.0
v 0.4597322717308998 -14.278770510107279 0.0
v 7.077641345793381 -14.550707866437733 0.0
v 11.390464144409634 8.860166667029262 0.0
v 4.173367632029112 -7.764994813129306 0.0
v 3.3810867705615237 -5.283748245798051 0.0
v 9.661096060473938 9.32077278289944 0.0
v 11.110155820148066 -13.323836649768054 0.0
v -8.294527347024996 9.785641704685986 0.0
v -4.369875782926101 12.532815161161125 0.0
v -10.839248497737572 -4.843901508487761 0.0
v 9.180925742199179 -6.994859152473509 0.0
v -10.43179245252395 13.99211957026273 0.0
v 12.031687307055108 9.048053469508886 0.0
v -12.975752473401371 -6.949785780161619 0.0
v 4.545791452808771 -3.455642707645893 0.0
v 7.042104431253392 -5.088509461842477 0.0
v 7.318363492842764 3.611392772756517 0.0
v 5.870177723234519 7.140057955868542 0.0
v 12.830230879597366 4.987970455549657 0.0
v -1.1247554989531636 -7.581092718988657 0.0
v 0.5635858938330784 -9.106751685030758 0.0
v 7.465223245264497 13.683589783497155 0.0
v 9.896394956973381 1.0030328901484609 0.0
v -6.080450757290237 -7.011542741209269 0.0
v -1.464733537635766 4.173033122904599 0.0
v 1.9151018915581517 -8.570458923466504 0.0
v -14.384010132867843 2.649392477236688 0.0
v 5.466448588762432 3.23409117013216 0.0
v -5.980732744967099 -10.312348778359592 0.0
v 8.763355362869333 14.726036285981536 0.0
v 8.052205551124644 -8.203022416681051 0.0
v -5.208490889926907 -2.894349195063114 0.0
v -3.9678653511800803 11.040326967835426 0.0
v 6.88706434861524 -8.141524834558368 0.0
v 6.445255753933452 -4.1156834764406085 0.0
v 9.665051329007838 -7.93140590749681 0.0
v 11.881240691116545 8.247106578201056 0.0
v 2.0307634142809547 6.5844165701419115 0.0
v -8.141882783733308 3.5531883100047708 0.0
v -12.396824905765243 12.169903744012117 0.0
v -13.565801607037429 -3.422634986229241 0.0
v 11.097949035232887 -0.20143424533307552 0.0
v 7.3927210318506695 -14.905279380269349 0.0
v 5.811160402896348 3.0534873232245445 0.0
v -3.624810822366271 -14.774976211600006 0.0
v 13.888031473848969 2.2321520503610373 0.0
v -0.7570501898881048 -4.427610068581998 0.0
v 14.978808801213745 -6.863418164663017 0.0
v -10.438692027179059 -8.42015084065497 0.0
v -0.6696968860342167 8.452505301684141 0.0
v -2.472393440490123 -3.68008064199239 0.0
v 3.2987723300466314 -7.831701524555683 0.0
v 4.2331341483513825 14.716868062503636 0.0
v 4.759385623387061 -13.7106391498819 0.0
v 8.812864017207175 8.906596263870597 0.0
v -12.235619492537808 -13.360741185955703 0.0
v 1.4917115817661397 -12.16483822464943 0.0
v -7.578249980870169 -3.0805278001353145 0.0
v 12.297771445533726 9.878390608355403 0.0
v -0.8462688864674419 -14.90092104114592 0.0
v 11.268911570427008 -11.760555223561823 0.0
v -0.8274346846737899 -11.611519551835954 0.0
v 6.919472912384663 -10.649538393132389 0.0
v -4.36769468721468 0.6525855241343379 0.0
v 3.9471097778878175 -3.8542584655806422 0.0
v 8.759404008684214 13.188819951377809 0.0
v 13.304820367426146 -5.208516787737608 0.0
v -8.513695911155082 1.4326641289517283 0.0
v -1.616535848879721 -7.738409171812236 0.0
v -5.814701617695391 -9.074615308083594 0.0
v 14.611492580501363 -4.1558185163885355 0.0
v -0.12936206278391182 -14.307259577326477 0.0
v -7.291801960847806 -6.34587346483022 0.0
v 11.04180041141808 10.611144700087607 0.0
v -4.146947518049274 -4.357866046950221 0.0
v -4.398676609387621 12.740012407302856 0.0
v -8.950715711573139 -4.03353139385581 0.0
v 12.251520910242107 -6.486323998309672 0.0
v 10.957225024467334 13.531953616067767 0.0
v -13.714998652460054 -0.3079269165173173 0.0
v -14.933713801845443 6.3770310785621405 0.0
v -6.9521370532456785 -9.660602827556431 0.0
v -1.914233663585037 -14.472713739611208 0.0
v -13.155491956335027 14.040123003534973 0.0
v -3.4742610169923864 -8.5313066765666 0.0
v -1.7112884644884616 10.109257098287344 0.0
v 10.404323203663807 7.56232300773263 0.0
v 12.60636502347188 -10.042494604364038 0.0
v 13.342116563639138 -0.8566669393330812 0.0
v -3.548834653047379 1.4137463634833694 0.0
v -6.04578400956234 -9.559602458961308 0.0
v 0.4309759472380392 -12.857596227899194 0.0
v 11.931061206152663 13.912221785634756 0.0
v -3.0320891877054237 -2.4204378966242075 0.0
v -9.43115963350283 -4.031512835994363 0.0
v 8.77677531761583 4.355210819281638 0.0
v -6.917832019913476 -3.3096000980585814 0.0
v -9.596744047361426 2.0367041546851397 0.0
v -14.1496787549695 -6.408253381960094 0.0
v -12.40857851941837 4.791331307031214 0.0
v 2.2555803623981774 11.37303352728486 0.0
v -2.836179392586928 -12.606143118813634 0.0
v 6.2013764107832685 9.648142118938267 0.0
v 10.719315732712857 7.6037258030846715 0.0
v 5.995727168861777 1.283053332939744 0.0
v 1.579275525000412 -7.692553682252765 0.0
v 9.798765476094559 12.473630641587079 0.0
v -0.15469788515474647 -8.52739620115608 0.0
v 3.0344529235735536 -11.134699335321784 0.0
v 14.313848796591628 2.9678884521126747 0.0
v 0.5153938787407242 -3.1274619288742542 0.0
v 4.869886387314182 3.0179007379338145 0.0
v -10.724411698058248 -7.667993082664907 0.0
v 6.993927400209941 -9.803566365502775 0.0
v -6.476146089611575 11.915507203899324 0.0
v -12.782899508543778 14.21805711183697 0.0
v 4.2922477248939686 -2.260693706572056 0.0
v -13.774038503412157 10.915422857739031 0.0
v -5.2101986716734245 -5.404712439514697 0.0
v -13.79345079662744 -10.931673320010304 0.0
v 3.6162754250108264 9.521260586567223 0.0
v 5.065426711051259 -7.494964414276183 0.0
v 12.63708288752241 6.120278847403824 0.0
v -14.316582361178007 -3.336305720731616 0.0
v 0.33297663304256275 11.703052232973278 0.0
v 14.490752509504091 13.963797880336642 0.0
v 8.848864628991578 -10.158529868349433 0.0
v -6.707253538072109 9.08542391937226 0.0
v -1.9460003864951432 2.997899694368243 0.0
v 6.071527479041833 14.966715634800494 0.0
v -2.0697577921673656 10.376331110484898 0.0
v -5.965297361719422 -8.223933765664697 0.0
v -4.089673379028682 12.109549539163709 0.0
v 13.739288592420053 -11.388021713122725 0.0
v 11.715868311119266 9.745995553210378 0.0
v -14.225699123344384 -7.414700146764517 0.0
v 5.931047806108836 -14.374735097400844 0.0
v 0.4723126132157631 12.913926450535655 0.0
v 9.719103144714609 -11.89782843645662 0.0
v -13.77462744229706 -10.36482773348689 0.0
v -4.35731725365622 14.864050404168665 0.0
v 2.7792711229412816 4.292060874402523 0.0
v -0.8602209918899462 3.5769559228792787 0.0
v -13.134560384438373 0.27697298862040043 0.0
v -2.02579100971343 12.184212072752416 0.0
v -8.269454977067653 -3.835149370133877 0.0
v 10.113795644778293 12.233298430219293 0.0
v 7.288962800754234 2.031162677332759 0.0
v 7.53889729862567 -10.792220205068588 0.0
v -8.065066520648543 -1.8569311602041125 0.0
v 0.9158462327322923 10.392580552957952 0.0
v 1.08116376621183 12.793195838108659 0.0
v -3.4300930707831867 9.598944754339755 0.0
v -11.546688052942045 13.727845785208046 0.0
v 8.300187013286632 -6.34446947555989 0.0
v -9.160006247460842 4.762991014868021 0.0
v 12.841171968611889 8.621790321543813 0.0
v -7.473427353077568 -11.62414038926363 0.0
v -6.6434906931826845 4.7743991911411285 0.0
v -13.63176224171184 -3.3005162170156837 0.0
v 4.012876594322734 4.682972295209765 0.0
v 0.39571124041685835 12.206006853841245 0.0
v -0.5676761024515145 -13.320803119800985 0.0
v 13.995994915254414 13.885149635374546 0.0
v 11.986404823663179 -6.890380257740617 0.0
v 5.856562383880373 4.278538079932332 0.0
v 5.486901528027374 -12.269158359616995 0.0
v -3.8385070679942146 8.743724206462502 0.0
v 8.198979337583296 -5.773987608961761 0.0
v 1.5421788733219728 2.6065418170765042 0.0
v -6.627505108423065 -1.9352800557389855 0.0
v -11.796330288401805 -5.7115078419446945 0.0
v -2.039160716230981 -9.903664325363934 0.0
v 10.225306086300407 -5.729252019897103 0.0
v 5.884996130713262 -8.733386081643403 0.0
v -1.5949592858087271 5.855230503715575 0.0
v 9.538869226234965 -10.408943187445402 0.0
v -9.635927362600341 -6.350393505766988 0.0
v 10.70709558960516 14.2946751518175 0.0
v 10.321909375255927 -14.276984342373908 0.0
v 10.081788290932309 11.691044856794178 0.0
v -0.24543825950240716 11.598620412871242 0.0
v -1.3096589804627001 4.726530531421304 0.0
v 5.104438526905142 -6.627143993973732 0.0
v 0.6600430250982754 -6.785932422615588 0.0
v 8.515689381456468 8.181651971302927 0.0
v 9.239430146291852 -12.774282414466143 0.0
v 3.142252797842957 5.309001881629229 0.0
v -6.192438996047713 -14.561751099303365 0.0
v -10.940645228489302 -0.7633968610316515 0.0
v 5.228103161498439 0.15039993822574615 0.0
v -6.219135511491913 4.105112140998244 0.0
v 14.98460836254526 11.82355435192585 0.0
v 9.931293746165466 -5.389684244990349 0.0
v -3.732657886634115 11.931530193425715 0.0
v -2.4632122379262 -4.714437146671116 0.0
v 9.350969044666272 14.88009287044406 0.0
v 13.114064498455264 -11.37662536650896 0.0
v -12.683813895855565 -12.034111505374312 0.0
v 7.422767279844265 14.756976390257478 0.0
v 10.880921890900936 9.96049893181771 0.0
v -7.277700261154678 9.631522283889353 0.0
v 1.1006294500548393 -6.825153822079301 0.0
v -6.760693781776354 13.217493493109941 0.0
v 2.8498050203779712 -8.235043347813189 0.0
v 13.256057145248633 1.0693673118948936 0.0
v -12.732403583009727 13.768389092758298 0.0
v -4.454265434818808 -10.55803572293371 0.0
v 8.77462075627409 13.735793772153556 0.0
v -7.585337285883725 -2.03375861980021 0.0
v -1.9785491275251843 8.939339827746153 0.0
v 8.213728569447994 -11.991607935167849 0.0
v 11.50708483508788 9.877862087450922 0.0
v -8.941212506382726 7.51395714096725 0.0
v 12.008399646962062 0.4001860208809376 0.0
v -7.477586345688906 -4.750530684366822 0.0
v -5.778748712094966 -13.526833593845367 0.0
v -13.2565617026994 0.6009623222053051 0.0
v -6.221884972183034 -1.5109346751123667 0.0
v 8.628626912541222 -6.750021142885089 0.0
v -1.4232537247007713 -0.15185474138706923 0.0
v 9.796633689140435 12.268385233357549 0.0
v -2.569540601456538 10.211989211849868 0.0
v -6.560965805547312 -10.947221771813929 0.0
v 7.677167550136801 2.8340611355379224 0.0
v 3.382679323258344 4.631000062450767 0.0
v 3.3084950684569776 -3.827593168243766 0.0
v 12.608836706494913 5.169168085791171 0.0
v -6.041056098416448 -5.327039818279445 0.0
v -3.384263273444958 6.466509082354605 0.0
v -14.166916598100215 -9.490330113098025 0.0
v -6.434043263783678 -14.409483468160033 0.0
v -6.074076084885746 -0.30033223424106836 0.0
v 14.286959790973924 8.512407626025379 0.0
v 12.724318602471612 3.4384095706045628 0.0
v 6.4277525779325515 -7.735902776941657 0.0
v -3.7459567571640946 -5.000820496119559 0.0
v 13.406647444528062 -14.744351002387702 0.0
v 8.196948747208808 14.059849147684872 0.0
v -5.978936981991865 -11.542297434993088 0.0
v -8.683989868150093 3.166709693148732 0.0
v -4.253806327760685 -14.428446487523615 0.0
v -1.2876042234129272 6.028321443125606 0.0
v 11.684336710197385 0.31111610773950815 0.0
v 12.184915534278844 -6.688267356716096 0.0
v 5.509448889817577 1.6217728955671191 0.0
v 2.9791684889933094 -4.490641932934523 0.0
v 5.992643632751424 14.273208828642964 0.0
v 2.6922164623974822 2.817322252318263 0.0
v 0.5756556921405718 1.701049822382629 0.0
v -0.6375526973279193 3.1538137486204505 0.0
v 7.210141092073172 -1.6930770333856344 0.0
v -11.677737268793862 -12.780659118667245 0.0
v -1.4929522586171515 2.9636440724134445 0.0
v 8.540883805195335 3.1243973849341273 0.0
v 3.646125479368493 13.266060014255345 0.0
v 12.285720485146157 -3.408053133636713 0.0
v -0.8193162905517966 7.893749901093543 0.0
v 6.033019684313331 7.368630392476916 0.0
v -14.602881312777754 0.678514551371336 0.0
v -12.57069997000508 -1.75361573882401 0.0
v 14.186015871237032 12.05132292304188 0.0
v -9.827255506184883 -7.967349071986973 0.0
v -7.514503370388411 -1.2737805899232626 0.0
v 13.34266717301216 -2.313286639750004 0.0
v 1.4439663889934309 -5.956508518196642 0.0
v -3.017548472562339 -7.738934343680739 0.0
v 4.10411086800741 0.050254118628799915 0.0
v -6.812035035691224 -2.371908920817077 0.0
v 1.1575125464587472 -3.005675301887095 0.0
v 6.431717127736192 -0.9800911108031869 0.0
v -9.291752003133297 13.562958660535514 0.0
v -11.05105688952608 -7.335916897282004 0.0
v 14.678248092648573 1.383747735992074 0.0
v 9.473968093574513 -9.560787723399699 0.0
v -10.78262169327354 5.111184216104448 0.0
v 2.754589532618411 10.41471802815795 0.0
v -2.4120405357098207 9.327115601859987 0.0
v 8.423111595096998 -5.921531692147255 0.0
v 5.385888277902268 -10.306707376614213 0.0
v -7.141310036473442 -5.785323802381754 0.0
v -10.911061644379515 9.631553139537573 0.0
v 5.795449585712049 14.700630754232407 0.0
v -4.541233053256292 7.340259002521634 0.0
v -6.42192102863919 -6.430352450348437 0.0
v 11.013806432951242 1.8198743695393205 0.0
v 6.914341199561022 -10.137944274581969 0.0
v 2.4283318076631986 -5.369475160725415 0.0
v -1.9903815620345995 1.000727178528905 0.0
v -10.710655908915214 8.587719751521945 0.0
v -3.346545130130835 0.06376167386770248 0.0
v 9.362158549483865 -6.360579716973007 0.0
v -2.8343910495750606 -11.291124965064228 0.0
v 2.334959871834144 10.32620947714895 0.0
v 5.769875354308169 2.958547728136182 0.0
v 14.292857601074502 -7.811575732193887 0.0
v -8.170243969594594 10.439380740746856 0.0
v -8.889380497508682 -7.9418413592502475 0.0
v 13.650282857939601 0.9432007819414139 0.0
v 10.10143066215096 12.61870535556227 0.0
v -4.7001643783878535 2.577994706109166 0.0
v 0.4125742655596696 0.11117942910641432 0.0
v -13.552226803731173 9.087055942043662 0.0
v -2.615532963827718 4.669776804745197 0.0
v 4.641992356569972 -9.855387241579592 0.0
v -12.854167986719403 -4.045132732018828 0.0
v 4.032487612625118 14.474726317450404 0.0
v -10.816286483895965 3.3744064709171653 0.0
v -3.3999711613869295 0.09519343171268702 0.0
v 10.963614928012248 -13.599993768148124 0.0
v 12.49526200647233 -10.957398635335267 0.0
v 13.82516124623362 13.054835320450366 0.0
v 13.546199674659874 10.027713803574443 0.0
v -8.090241796337068 -4.127532485872507 0.0
v 4.289555209164973 9.051821776665747 0.0
v -6.278547137277201 -12.33039422519505 0.0
v 9.197478648857214 -1.5066401353105903 0.0
v 8.945981720113195 -4.349116891622543 0.0
v -13.41201468516374 6.98358466103673 0.0
v 12.75739391130628 14.415894756093621 0.0
v 10.739685900975019 -13.024651224724948 0.0
v -2.0123730759951286 5.212709967978299 0.0
v -4.703251062543131 1.7350697871297598 0.0
v 12.908803776372224 13.480399431660771 0.0
v -4.0868677959661 2.114917056635022 0.0
v 12.208104534365702 -7.382733517326415 0.0
v 12.444458933605347 -9.180809347890317 0.0
v -13.973763344751205 -10.355912604369223 0.0
v -5.742427013756242 -3.9139269469305873 0.0
v -6.460072233865503 12.123826100490987 0.0
v -13.146705141814891 7.124367671087384 0.0
v 3.84807161311619 -13.558615999296308 0.0
v -8.241735689749476 1.883286090567708 0.0
v -8.66401037183823 -9.416560397483408 0.0
v -3.255847641150467 8.851621383801103 0.0
v -9.00353443773929 -7.8365394389256835 0.0
v 5.85644646466244 7.3763790195807815 0.0
v 11.765287699352484 7.992567439563572 0.0
v 3.9953615989652462 8.490925466641784 0.0
v 5.117475410690531 5.221178021281958 0.0
v 5.487189420207869 6.028349755331874 0.0
v -9.021229457634035 12.772067453712225 0.0
v -10.073894835775718 5.265713139437139 0.0
v 13.976398850674741 -1.2613755855709314 0.0
v 10.043364932120312 -4.510271054692566 0.0
v 10.681692679063417 0.6235841019079089 0.0
v 10.957434674492106 -13.269335853867233 0.0
v -14.022402350732591 2.6712449034675956 0.0
v 2.698316158435773 -12.737221956253052 0.0
v 5.0597109033260494 -12.5514223780483 0.0
v 1.253193630487658 -0.673047604970634 0.0
v -8.076759734191 -4.517305687069893 0.0
v 2.7939023865619674 2.223279950208962 0.0
v -14.510066632647067 -6.441582251340151 0.0
v 6.907693601504434 -6.659193257801235 0.0
v -3.930224619572982 -4.539229190908372 0.0
v 1.0153612737776712 -0.10647435113787651 0.0
v -7.4551721282768995 -6.967414729297161 0.0
v -0.9384393040672876 -9.976538270711899 0.0
v 5.629952656978276 10.069545878097415 0.0
v -2.2710595122771338 4.846689842641354 0.0
v 14.423942905676086 4.2160946894437075 0.0
v 14.050041234877426 13.442144444212317 0.0
v 2.1171593538601883 -3.715070934034884 0.0
v -10.304989097872749 1.1700592068955302 0.0
v 4.1500846284325235 11.812097858637571 0.0
v 10.370070390112232 10.469359517097473 0.0
v 2.708683109784033 9.224923147819936 0.0
v -1.417734717775602 -4.750101572833955 0.0
v -5.0909821490058675 2.808915906585753 0.0
v 7.729739809874445 -6.325715407729149 0.0
v 1.3626831897418015 10.449798756279051 0.0
v -7.526727858406957 2.344959390349686 0.0
v -13.195187827572227 -3.556991823017597 0.0
v 6.228478743869346 -4.506469120271504 0.0
v -7.456330446759239 -0.0704496018588543 0.0
v -2.509717540757265 -10.02694827131927 0.0
v 10.914047905243933 -13.559293053112924 0.0
v 14.550001102441456 -8.248361836187541 0.0
v -10.762094783247449 -0.8338988749310374 0.0
v -7.535423268564045 -5.949654594063759 0.0
v -12.66630433849059 8.951193547807634 0.0
v 10.558542025857605 2.438649875111878 0.0
v -5.619464250165038 -13.92196799814701 0.0
v -4.590081968111917 -1.201908783055842 0.0
v -2.6877951833885163 4.600861292332411 0.0
v -1.1043916280614212 -0.6190566103905439 0.0
v 11.275416921183933 13.826037944294512 0.0
v -8.037279005569872 13.547181150875986 0.0
v 11.487579388951417 -14.431670586578548 0.0
v -5.789420861925464 8.506957538425922 0.0
v -12.358919122372754 3.9648918472230434 0.0
v 14.055488509708084 -0.11324057821184397 0.0
v 6.6504813730716705 -1.8371447930112481 0.0
v 3.3538425975712016 13.886288410052657 0.0
v -0.39132420340320095 -13.10323427990079 0.0
v -14.080044377071317 11.667064459063113 0.0
v -12.019802853639703 0.9904891327023506 0.0
v -1.1728571455460042 1.99331755656749 0.0
v -7.903572725248523 -1.9660657905042171 0.0
v 1.351665021153167 3.088198156096041 0.0
v 14.330723131773993 -10.82114195637405 0.0
v 0.7274205124704167 3.3357313498854637 0.0
v -8.825220394763164 -13.569663705304265 0.0
v 9.34947218670277 1.339961058460176 0.0
v 12.273974914103746 -6.195462990552187 0.0
v 1.692996327241417 -0.534646600484848 0.0
v 10.205537984904367 3.8620088128373027 0.0
v -0.48540269915247336 -9.383296485990286 0.0
v -2.7972675500204787 -10.150627485476434 0.0
v -7.409114788402803 -0.0687389736995101 0.0
v 11.254698962380644 3.703232388012111 0.0
v -6.914327775419224 -5.809367161244154 0.0
v -4.094352010753937 -5.756553640589118 0.0
v -0.8613467445829883 12.868213810957968 0.0
v 14.303513275866862 -2.792851584032178 0.0
v 3.4815297886379994 -4.4246311243623495 0.0
v 9.239618251274806 -11.836577467620373 0.0
v -8.607061869523022 3.900776643306017 0.0
v 10.7117481630994 -14.802688436582685 0.0
v 11.427437023026869 11.327262630686164 0.0
v -8.381240801303647 8.601100163534284 0.0
v 5.072577519691549 0.036860969848930836 0.0
v 6.846423489972949 11.732470700517297 0.0
v -5.972042326349765 4.24632728472352 0.0
v -7.2640356158372015 -11.77874391246587 0.0
v -11.69030459568603 -9.646192642860115 0.0
v 7.36478782776976 -8.135276330634952 0.0
v -14.357223068014719 14.515616860240698 0.0
v 1.7391241510631517 6.054977496154606 0.0
v -14.845976245007478 5.727314003743231 0.0
v 8.411693845933769 -9.639655902050436 0.0
v 4.066686280071735 -0.7017794484272599 0.0
v 8.73471446603071 7.510119081474841 0.0
v 11.323906667414121 -9.071548588573933 0.0
v 6.513967434817459 -12.159493228420615 0.0
v 0.793578585726209 10.96125721000135 0.0
v -3.7972561873611994 -9.47976747341454 0.0
v -8.270513943512924 8.840517594479024 0.0
v -6.283236688934267 9.642585965804756 0.0
v -7.845396493386943 14.774402137845755 0.0
v 10.926767234224826 -8.457218701019883 0.0
v 8.051171715022065 5.353026075288653 0.0
v 4.409196235763375 4.162131253629923 0.0
v -0.027364620880689472 -5.426681641489267 0.0
v 13.035263352561742 6.631526881828904 0.0
v 11.750929599162191 4.539581598713994 0.0
v 7.629070709983353 -7.956480905413628 0.0
v -14.270918704103678 11.684870674274862 0.0
v 6.313483064004686 -8.01462731231004 0.0
v -14.871402648685034 5.222857660613954 0.0
v 4.225706797325984 11.844485596753657 0.0
v -6.256215684989002 -3.4350157137960196 0.0
v -14.949142870143987 -2.2190680243074894 0.0
v -14.925838884082623 -5.625008561648428 0.0
v 8.877205284428783 -10.514117296785116 0.0
v -2.6942144160857424 10.008812966756523 0.0
v 10.351250770152546 -0.45201323833316565 0.0
v -13.73309540754417 8.396458705887198 0.0
v 0.6839093459420837 -11.373272527009249 0.0
f 1132 1324 894
f 483 1316 1733
f 1884 1933 1629
f 1933 79 1462
f 79 1933 1884
f 1132 699 1324
f 942 1884 151
f 942 79 1884
f 499 890 1190
f 890 499 748
f 1316 1086 1733
f 34 1316 483
f 367 499 1190
f 1933 1326 1629
f 476 215 535
f 655 494 1739
f 1233 910 1333
f 910 1233 1298
f 476 1233 215
f 1233 476 1298
f 476 869 1298
f 910 869 1333
f 869 910 1298
f 869 476 535
f 554 869 699
f 1304 759 446
f 53 1393 1730
f 1393 337 238
f 337 1393 53
f 1392 1800 449
f 382 740 894
f 640 382 1600
f 640 1278 224
f 1585 740 382
f 860 1642 224
f 1925 1068 188
f 1284 1480 78
f 929 942 151
f 942 929 79
f 79 929 1462
f 1778 1167 1960
f 820 1778 414
f 1746 1839 1429
f 1839 1326 1933
f 1839 1746 1326
f 1086 1061 1733
f 1340 1086 1316
f 34 1666 1316
f 242 367 1328
f 367 242 499
f 1774 367 1190
f 331 1774 1190
f 1898 336 143
f 1170 1135 1332
f 1613 1135 1898
f 424 652 1297
f 215 1994 1246
f 1233 936 215
f 936 1233 1660
f 597 2 1793
f 666 1458 1347
f 1324 55 535
f 55 869 535
f 699 55 1324
f 869 55 699
f 494 1596 1793
f 1596 494 655
f 1596 655 1333
f 869 1596 1333
f 554 1596 869
f 1195 1261 582
f 1261 1195 16
f 1621 1261 1246
f 1160 219 1621
f 1859 1160 1621
f 1171 1830 6
f 1171 1372 1344
f 1372 1171 6
f 1670 1296 446
f 1304 192 534
f 903 192 1304
f 1195 1969 16
f 1830 1822 6
f 611 1690 778
f 1690 404 778
f 1321 1170 1332
f 795 581 977
f 581 795 841
f 1495 1916 1274
f 1477 1482 1495
f 1482 1477 12
f 1482 1916 1495
f 1916 1482 404
f 1482 12 778
f 404 1482 778
f 985 1608 77
f 985 1477 1495
f 665 1873 639
f 1105 665 639
f 1938 53 1730
f 191 1938 1730
f 669 337 53
f 12 1194 778
f 1194 1920 222
f 1920 1194 12
f 740 447 894
f 1285 1008 30
f 577 699 1132
f 577 554 699
f 577 1132 894
f 447 577 894
f 577 1285 482
f 1285 577 447
f 967 1285 30
f 1285 967 482
f 577 967 554
f 967 577 482
f 1318 1642 860
f 922 860 224
f 1278 922 224
f 740 1415 1729
f 1585 1415 740
f 1623 640 224
f 640 1623 382
f 126 1585 382
f 1623 126 382
f 1642 126 224
f 126 1623 224
f 1045 1842 1426
f 1927 1045 1426
f 1227 1391 386
f 160 288 659
f 905 619 659
f 732 619 905
f 160 1454 288
f 1454 160 1591
f 1867 824 1628
f 824 844 1628
f 1055 1588 884
f 1317 1242 113
f 1242 1317 820
f 1778 1317 1167
f 1317 1778 820
f 1805 1884 1629
f 1884 1805 151
f 1923 1292 1518
f 1292 1923 1306
f 1381 366 544
f 366 373 544
f 1724 366 1381
f 1279 1574 350
f 1654 1279 350
f 1279 1654 1043
f 1674 144 113
f 1674 1738 144
f 929 415 1462
f 415 1588 1733
f 1340 163 1086
f 1061 163 1802
f 163 1061 1086
f 524 1340 1316
f 163 524 1802
f 524 163 1340
f 1269 1440 483
f 1271 1440 1269
f 1536 1666 34
f 229 331 995
f 229 1774 331
f 415 402 656
f 252 890 748
f 1952 1292 1306
f 1292 1952 1201
f 1162 1292 1201
f 1162 1948 1518
f 1292 1162 1518
f 1987 1418 495
f 1192 1987 495
f 336 940 143
f 1516 336 1898
f 1135 1516 1898
f 1516 1135 1170
f 1564 1284 1478
f 1284 1564 1480
f 270 1569 1370
f 563 210 959
f 662 533 993
f 125 766 412
f 766 587 412
f 730 412 1090
f 730 125 412
f 125 1876 1170
f 1876 1516 1170
f 843 661 1967
f 388 843 1967
f 1868 936 1660
f 1469 1060 1739
f 494 1469 1739
f 2 1469 1793
f 1469 494 1793
f 1496 1469 2
f 1469 1496 1060
f 837 1060 595
f 1424 40 818
f 1424 1458 666
f 597 1128 2
f 1496 1128 818
f 1128 1496 2
f 1060 1091 595
f 1224 362 1967
f 40 362 818
f 736 115 1966
f 589 683 106
f 294 925 666
f 1424 925 40
f 925 1424 666
f 294 1874 533
f 533 1874 993
f 1874 336 993
f 1874 940 336
f 1874 683 1251
f 940 1874 1251
f 219 63 1621
f 1843 63 219
f 63 1261 1621
f 836 1843 1520
f 1439 836 1520
f 836 63 1843
f 1843 1922 1520
f 605 1822 58
f 1822 605 6
f 1989 1937 582
f 1261 1989 582
f 1989 1261 712
f 1871 1160 1859
f 1871 1171 1344
f 1999 1843 219
f 1160 1999 219
f 1816 723 1174
f 1171 1466 1830
f 599 1466 1287
f 1466 599 1830
f 759 667 356
f 667 968 356
f 667 1304 534
f 667 759 1304
f 8 667 534
f 667 1265 968
f 1031 156 504
f 156 333 504
f 333 847 504
f 978 903 1304
f 978 847 903
f 1822 216 58
f 216 370 58
f 1474 216 749
f 48 1822 1830
f 599 48 1830
f 48 1474 749
f 1732 1087 317
f 1849 301 14
f 301 1849 253
f 1604 1849 14
f 1604 442 269
f 1910 314 671
f 109 1101 1013
f 331 1853 995
f 559 1853 331
f 1164 331 1190
f 1164 559 331
f 890 1164 1190
f 1164 415 1733
f 415 1164 890
f 1737 1719 1296
f 988 1068 1925
f 69 988 1925
f 988 1468 1068
f 764 69 1413
f 1260 1690 611
f 165 1260 611
f 1260 165 696
f 1348 165 611
f 1348 424 1297
f 165 1348 1297
f 1097 1321 1332
f 1718 125 1170
f 1321 1718 1170
f 766 1718 485
f 1718 766 125
f 1892 1289 1332
f 988 348 1468
f 1453 492 243
f 1453 580 1121
f 1366 31 1480
f 1564 1366 1480
f 1804 1690 1940
f 1690 1804 404
f 1686 433 696
f 433 1260 696
f 1260 433 1598
f 1637 1993 1407
f 974 1125 479
f 1932 974 479
f 974 1932 1640
f 1087 981 317
f 981 1087 987
f 314 201 671
f 201 314 490
f 1920 455 222
f 1393 455 1730
f 455 1920 1730
f 1638 1905 77
f 1905 985 77
f 985 1905 1477
f 1951 1379 1274
f 1916 1951 1274
f 1379 1951 1056
f 537 1638 77
f 1608 537 77
f 1873 537 1608
f 1905 21 191
f 1938 21 213
f 21 1938 191
f 734 985 1495
f 734 1495 1274
f 19 1873 1608
f 19 734 1274
f 1873 19 639
f 1103 1105 639
f 1620 1392 449
f 1027 1620 449
f 1620 1027 669
f 1194 909 778
f 909 1194 424
f 909 611 778
f 909 1348 611
f 1348 909 424
f 1194 1193 424
f 1193 652 424
f 372 1409 1037
f 9 589 106
f 9 1409 372
f 1409 9 1347
f 9 666 1347
f 666 9 106
f 115 1698 1966
f 1698 115 911
f 589 1698 911
f 9 1698 589
f 1698 1137 1966
f 1137 372 1037
f 1161 447 740
f 1285 1161 1008
f 1161 1285 447
f 1008 756 30
f 756 1037 30
f 1161 756 1008
f 756 1161 1944
f 80 967 30
f 283 1318 860
f 922 283 860
f 854 283 1602
f 1318 283 854
f 283 573 1602
f 1397 1612 1600
f 1415 516 1729
f 126 1295 57
f 1295 126 1642
f 1782 1415 1585
f 126 1782 1585
f 1415 1782 57
f 1782 126 57
f 1524 563 959
f 419 1524 959
f 1137 172 1966
f 172 1137 1488
f 1349 419 959
f 1897 1072 590
f 1842 181 1426
f 1829 301 253
f 986 1791 232
f 917 1970 1578
f 882 1941 514
f 1045 711 166
f 711 1927 905
f 711 1045 1927
f 1012 1227 386
f 1507 1381 544
f 1527 1045 166
f 1657 1555 99
f 128 1657 99
f 931 1428 1096
f 128 542 1657
f 542 128 1096
f 1428 542 1096
f 1808 1428 931
f 1072 332 809
f 332 930 809
f 1591 108 785
f 160 108 1591
f 288 658 659
f 658 1452 659
f 1403 658 1651
f 711 658 166
f 164 1829 253
f 164 253 188
f 732 164 188
f 1468 358 1068
f 1591 358 1471
f 358 1468 1471
f 1725 725 1743
f 1441 1725 42
f 1725 1107 42
f 247 1453 1121
f 637 1587 1909
f 1454 411 288
f 411 658 288
f 658 411 1651
f 185 1454 1591
f 1985 1441 42
f 956 1985 42
f 1985 956 637
f 1441 1985 1121
f 1985 247 1121
f 1985 637 1909
f 247 1985 1909
f 1142 1283 1253
f 1283 1142 214
f 560 1649 1512
f 1674 886 1738
f 1867 1975 824
f 702 273 1302
f 421 1007 414
f 1588 421 414
f 1023 1055 884
f 100 1242 820
f 1007 100 414
f 100 820 414
f 1317 64 1167
f 64 1317 1239
f 1004 702 1607
f 1183 1805 1629
f 1208 1183 116
f 1183 1208 1805
f 1326 1183 1629
f 82 1805 717
f 82 717 789
f 82 1956 151
f 1805 82 151
f 963 1826 1886
f 963 1494 1826
f 1208 774 1805
f 717 774 789
f 1805 774 717
f 1208 1122 622
f 1122 1208 116
f 1208 374 728
f 387 374 622
f 374 1208 622
f 1058 1746 1429
f 1948 676 1518
f 676 1198 1518
f 912 676 1948
f 676 912 1198
f 1923 1254 1826
f 1198 1254 1518
f 1254 1923 1518
f 1923 664 1306
f 1306 664 1775
f 1058 664 1494
f 128 1811 1096
f 248 1142 1253
f 1142 248 1381
f 1715 1654 350
f 1654 1715 41
f 1972 603 1043
f 603 1279 1043
f 603 1972 500
f 105 1317 113
f 144 105 113
f 1717 1996 293
f 1839 529 1429
f 1019 1536 34
f 1019 34 483
f 1440 1019 483
f 242 1129 499
f 1986 1129 242
f 704 381 1775
f 649 913 1775
f 913 704 1775
f 252 1499 890
f 1499 415 890
f 1499 402 415
f 499 857 748
f 381 613 1559
f 613 381 704
f 1952 1481 1201
f 1481 1192 1201
f 1192 1481 1987
f 1481 1952 1306
f 1481 381 1987
f 1481 1306 1775
f 381 1481 1775
f 1663 1129 1986
f 538 1663 1986
f 940 1459 143
f 1622 1459 1251
f 1459 940 1251
f 1135 1921 1332
f 1921 1135 1613
f 1921 1821 977
f 1264 1366 1564
f 1264 1898 143
f 1366 1264 143
f 210 1275 270
f 1275 210 563
f 1780 270 1370
f 1780 210 270
f 391 1345 270
f 391 1275 1447
f 1275 391 270
f 925 84 40
f 84 925 294
f 84 294 533
f 662 84 533
f 1813 730 1090
f 926 388 1967
f 336 1053 993
f 220 587 1712
f 1309 220 1712
f 587 220 412
f 412 220 1090
f 388 1288 1554
f 1288 388 1090
f 765 388 1554
f 765 843 388
f 1517 25 1222
f 1517 650 546
f 650 1517 1222
f 648 458 1554
f 458 454 1554
f 454 458 1639
f 652 1184 1297
f 1184 1617 1686
f 1184 165 1297
f 165 1184 696
f 1184 1686 696
f 1995 1994 215
f 1423 1995 215
f 1868 1358 936
f 1063 1358 1771
f 1358 1063 1423
f 936 1358 215
f 1358 1423 215
f 1680 1868 1660
f 837 1680 1660
f 1680 837 595
f 1680 595 1461
f 1060 142 1739
f 837 142 1060
f 142 655 1739
f 655 142 1333
f 142 1233 1333
f 1233 142 1660
f 142 837 1660
f 819 1424 818
f 1128 819 818
f 1424 819 1458
f 1091 467 661
f 467 1091 1224
f 661 467 1967
f 467 1224 1967
f 193 1091 661
f 193 569 1461
f 569 193 661
f 595 193 1461
f 1091 193 595
f 858 1091 1060
f 1459 420 143
f 1631 420 1622
f 420 1459 1622
f 1540 1631 1622
f 1540 1569 746
f 1631 1540 746
f 1569 1540 1370
f 1540 1764 1370
f 262 1622 1251
f 262 1540 1622
f 1540 262 1764
f 1874 906 683
f 906 1874 294
f 683 906 106
f 906 666 106
f 906 294 666
f 839 898 712
f 1261 839 712
f 63 839 1261
f 839 836 898
f 836 839 63
f 836 1658 898
f 1658 836 1439
f 1439 697 1327
f 370 697 58
f 697 605 58
f 697 1439 1520
f 605 697 1520
f 1922 1039 1520
f 1039 605 1520
f 1039 1372 6
f 605 1039 6
f 48 1506 1474
f 200 1812 1929
f 200 1139 1812
f 1139 200 8
f 1249 200 1929
f 1812 1882 1929
f 255 1580 1031
f 1031 1580 1180
f 1937 864 582
f 255 864 1937
f 864 1195 582
f 864 1969 1195
f 864 1257 1969
f 307 1999 1160
f 307 1871 1344
f 1871 307 1160
f 1922 307 1344
f 307 1922 1843
f 1999 307 1843
f 883 723 1816
f 1492 129 1287
f 1466 1492 1287
f 710 431 395
f 524 45 1802
f 1296 840 1269
f 1503 1310 692
f 1257 3 1969
f 3 1304 16
f 1969 3 16
f 291 216 1474
f 370 291 1180
f 216 291 370
f 957 48 749
f 48 957 1822
f 216 957 749
f 957 216 1822
f 1548 1742 1837
f 1506 1548 1837
f 1548 1506 48
f 1696 1205 1299
f 1205 1696 1959
f 1300 1696 1299
f 1696 1300 279
f 120 1732 317
f 120 1965 1732
f 1087 1579 987
f 1579 1103 987
f 1259 429 1501
f 1352 1221 1013
f 480 1691 1367
f 945 1124 1185
f 301 18 14
f 73 18 842
f 18 73 14
f 18 1829 842
f 1829 18 301
f 253 1831 188
f 1849 1831 253
f 806 1220 1925
f 1220 445 1413
f 1220 69 1925
f 69 1220 1413
f 459 1379 1056
f 1604 1537 806
f 1863 671 269
f 442 1863 269
f 651 1352 1013
f 1101 651 1013
f 1143 66 244
f 318 66 1143
f 776 1359 1143
f 1359 318 1143
f 579 186 1728
f 821 874 510
f 1072 258 590
f 258 1072 540
f 236 1192 495
f 236 1162 1201
f 1192 236 1201
f 996 229 995
f 229 996 1774
f 367 996 1328
f 1774 996 367
f 757 1061 1802
f 1164 757 559
f 1061 757 1733
f 757 1164 1733
f 1670 1505 1296
f 1505 1737 1296
f 1505 1670 1740
f 1719 1050 1296
f 284 1719 1737
f 1505 284 1737
f 1759 764 1413
f 445 1759 1413
f 1759 445 743
f 1993 281 1407
f 281 764 1407
f 764 281 1572
f 815 988 69
f 764 815 69
f 988 815 1572
f 815 764 1572
f 1690 496 1940
f 1260 496 1690
f 1289 310 1332
f 310 1097 1332
f 1097 803 1321
f 1718 803 485
f 803 1718 1321
f 310 803 1097
f 581 1756 977
f 1756 581 782
f 1756 1892 1332
f 1921 1756 1332
f 1756 1921 977
f 1617 1262 1686
f 1892 1262 1289
f 1468 1896 1471
f 512 988 1572
f 512 348 988
f 281 512 1572
f 282 1564 1478
f 492 292 243
f 1284 292 1478
f 1807 608 915
f 1807 1453 243
f 1807 580 1453
f 751 441 606
f 1625 1807 243
f 1807 1625 608
f 838 1978 385
f 1978 441 751
f 441 1978 838
f 445 1773 743
f 1220 1773 445
f 1384 1637 1407
f 1809 1384 1407
f 1384 1809 826
f 1637 1384 1598
f 1240 1637 1598
f 1993 626 841
f 1637 626 1993
f 626 581 841
f 351 1125 974
f 351 914 549
f 1125 709 479
f 709 1932 479
f 10 230 1246
f 1800 10 1246
f 672 1888 1443
f 1473 1932 1174
f 1932 1473 1640
f 1932 1021 1174
f 1021 568 1848
f 1021 1932 568
f 981 527 317
f 527 981 314
f 527 1910 317
f 1910 527 314
f 1913 981 987
f 1913 1103 639
f 1103 1913 987
f 19 1913 639
f 201 1088 671
f 1088 201 770
f 671 1088 269
f 877 191 1730
f 877 1905 191
f 1920 877 1730
f 877 1920 12
f 1056 679 743
f 1951 679 1056
f 1804 679 404
f 679 1916 404
f 679 1951 1916
f 679 716 743
f 679 670 716
f 670 679 1804
f 21 493 213
f 614 1186 323
f 1105 296 665
f 38 614 323
f 38 323 1848
f 38 493 21
f 38 1905 1638
f 38 21 1905
f 568 38 1848
f 493 38 568
f 1168 1144 323
f 1144 1168 279
f 985 1206 1608
f 734 1206 985
f 1206 19 1608
f 19 1206 734
f 1157 1390 1700
f 1390 1157 311
f 1994 141 1246
f 141 1800 1246
f 1800 141 449
f 1620 1684 1392
f 1684 1620 669
f 1684 669 53
f 1938 1684 53
f 187 1193 1194
f 187 1194 222
f 344 685 902
f 902 685 1368
f 685 474 1368
f 474 685 311
f 714 740 1729
f 714 1218 740
f 1218 887 740
f 887 1161 740
f 1161 887 1944
f 1137 773 372
f 773 1137 1698
f 773 9 372
f 773 1698 9
f 887 1354 1944
f 756 302 1037
f 302 756 1944
f 960 1128 597
f 80 960 597
f 960 819 1128
f 960 80 30
f 1436 597 1793
f 1436 80 597
f 1596 1436 1793
f 1436 1596 554
f 967 1436 554
f 80 1436 967
f 608 71 915
f 401 1318 854
f 97 401 854
f 518 1330 1597
f 640 397 1278
f 585 397 1612
f 1397 1541 1612
f 585 1541 286
f 1541 585 1612
f 1182 1889 519
f 135 1182 1600
f 1182 1397 1600
f 1872 1182 135
f 516 1772 1729
f 1772 714 1729
f 714 1772 1218
f 1349 908 419
f 1524 733 563
f 1642 1402 1475
f 1318 1402 1642
f 1402 733 1475
f 733 1402 1833
f 760 1295 1642
f 760 1642 1475
f 733 760 1475
f 760 733 1524
f 172 32 1966
f 1924 1415 57
f 1045 918 1842
f 918 1897 1842
f 251 1897 590
f 1897 251 1842
f 1939 1791 1794
f 1791 1939 232
f 1829 1939 842
f 1723 1446 413
f 1117 1723 1565
f 1723 1117 1446
f 1865 1863 442
f 73 1630 14
f 197 1630 73
f 1865 1630 197
f 1630 1865 442
f 1630 1604 14
f 1604 1630 442
f 628 154 73
f 147 779 1001
f 779 300 1001
f 576 917 1578
f 186 576 1578
f 917 1487 1970
f 882 1487 744
f 1487 882 514
f 1282 986 232
f 1266 258 540
f 1113 882 744
f 1117 1113 1446
f 1904 638 720
f 1290 1657 1227
f 1012 1290 1227
f 705 1555 753
f 332 1341 1391
f 1555 1510 753
f 1808 1112 329
f 1112 1808 136
f 1112 930 329
f 930 1112 136
f 1066 1391 1227
f 1066 332 1391
f 1657 1066 1227
f 542 1066 1657
f 930 1066 329
f 332 1066 930
f 619 1223 659
f 1223 160 659
f 1223 108 160
f 1223 619 831
f 1223 831 785
f 108 1223 785
f 1527 1493 386
f 1493 1527 166
f 1 1493 166
f 658 249 166
f 249 658 1403
f 249 1 166
f 1 249 1403
f 658 162 1452
f 162 658 711
f 162 711 905
f 162 905 659
f 1452 162 659
f 1761 732 905
f 1761 164 732
f 1927 1761 905
f 164 1761 1829
f 1634 1591 785
f 1634 358 1591
f 358 1634 1068
f 831 1634 785
f 619 1634 831
f 1634 619 732
f 1068 1634 188
f 1634 732 188
f 456 1725 1743
f 456 1107 1725
f 725 346 1743
f 346 456 1743
f 1896 1736 1471
f 1736 1591 1471
f 185 1736 1909
f 1736 185 1591
f 377 1587 637
f 1337 935 1651
f 411 1337 1651
f 1337 377 727
f 1337 411 1587
f 377 1337 1587
f 1587 1401 1909
f 1401 185 1909
f 411 1401 1587
f 1401 411 1454
f 185 1401 1454
f 1107 1806 42
f 1806 956 42
f 956 1806 638
f 456 1806 1107
f 346 1806 456
f 1283 473 1253
f 1510 1605 753
f 1605 705 753
f 705 1605 1957
f 357 560 1512
f 518 357 1512
f 357 518 1597
f 1515 1441 1121
f 71 739 915
f 276 539 1561
f 1648 276 1561
f 607 1648 1441
f 1648 607 625
f 1515 607 1441
f 1123 1725 1441
f 1648 1123 1441
f 1065 1323 1356
f 1323 1065 907
f 539 891 1561
f 1065 891 539
f 1561 891 1356
f 891 1065 1356
f 1232 1011 81
f 1011 687 81
f 687 1011 1460
f 687 421 81
f 687 1460 1007
f 421 687 1007
f 861 1232 246
f 1232 861 1011
f 844 1394 1628
f 1394 886 1628
f 870 844 824
f 353 870 824
f 1141 1245 1430
f 1165 1312 1002
f 1312 1165 1576
f 1975 170 824
f 543 1208 728
f 1797 543 728
f 1511 543 1797
f 543 774 1208
f 774 543 789
f 543 1511 789
f 702 481 1607
f 481 702 1302
f 1245 1243 1302
f 1141 1243 1245
f 439 421 1588
f 439 1055 1530
f 1055 439 1588
f 1217 435 1530
f 1618 462 1177
f 462 1118 1177
f 46 1118 1866
f 1217 46 796
f 46 1217 1118
f 468 1238 435
f 1217 468 435
f 468 161 246
f 468 1217 796
f 1867 468 796
f 161 468 1867
f 421 1919 81
f 1919 1238 81
f 1023 464 1177
f 464 1023 1607
f 464 481 1177
f 481 464 1607
f 278 100 1007
f 100 278 1242
f 1674 278 1007
f 1242 278 113
f 278 1674 113
f 1611 415 929
f 415 1611 1588
f 82 735 1004
f 1004 735 702
f 735 1797 728
f 702 735 728
f 963 1153 1494
f 273 1714 1302
f 1714 1245 1302
f 360 1885 387
f 374 1094 728
f 1094 702 728
f 702 1094 273
f 1094 1885 273
f 1885 1094 387
f 1094 374 387
f 1387 1765 1688
f 121 912 1948
f 121 236 700
f 1162 121 1948
f 236 121 1162
f 1795 1361 1198
f 912 1795 1198
f 1795 912 1303
f 1229 1254 1198
f 1361 1229 1198
f 1237 1923 1826
f 1237 664 1923
f 1494 1237 1826
f 664 1237 1494
f 5 649 1775
f 664 5 1775
f 532 360 387
f 1122 571 622
f 571 1857 622
f 767 1945 228
f 1945 767 1498
f 340 767 228
f 767 340 1498
f 1945 477 1369
f 477 1229 1369
f 1229 477 1254
f 1254 1563 1826
f 1826 1563 1886
f 477 1563 1254
f 1563 477 1945
f 1563 1945 1498
f 340 1563 1498
f 1574 1990 350
f 1776 1990 1574
f 366 338 373
f 338 1535 373
f 1535 338 1032
f 1724 338 366
f 1032 338 1724
f 1048 1032 1724
f 1048 248 1253
f 1048 1724 1381
f 248 1048 1381
f 1654 1827 1043
f 1827 1689 1043
f 1827 1654 41
f 1071 610 1960
f 1071 64 1239
f 1167 1071 1960
f 64 1071 1167
f 1815 1312 500
f 999 1717 293
f 1689 859 1043
f 859 1972 1043
f 5 1586 649
f 529 1586 1429
f 1586 5 1429
f 1814 415 656
f 529 1814 656
f 1210 524 1316
f 1210 1903 524
f 1666 1210 1316
f 1903 1210 1666
f 524 1852 1437
f 1852 1903 1437
f 1903 1852 524
f 871 1864 1437
f 538 139 1314
f 1230 538 1986
f 1230 242 1328
f 1230 1986 242
f 1768 1418 1987
f 381 1768 1987
f 1768 381 1559
f 1389 913 649
f 402 1389 656
f 1077 1389 402
f 1389 1077 913
f 1902 146 761
f 1077 1902 761
f 1499 1902 402
f 1902 1077 402
f 1085 857 146
f 1902 1085 146
f 1085 252 748
f 857 1085 748
f 1085 1499 252
f 1085 1902 1499
f 146 677 761
f 613 677 146
f 677 1077 761
f 1077 677 913
f 913 677 704
f 677 613 704
f 613 127 1559
f 127 613 146
f 127 857 499
f 857 127 146
f 1129 127 499
f 1663 127 1129
f 127 1768 1559
f 1768 127 1663
f 1247 980 973
f 1595 980 1247
f 20 589 911
f 20 1764 589
f 115 20 911
f 1064 1780 736
f 1780 1064 210
f 210 1064 959
f 1064 1349 959
f 1349 1064 736
f 1172 751 606
f 1345 1172 606
f 391 1172 1345
f 730 383 125
f 383 1876 125
f 383 1803 1876
f 901 926 1967
f 362 901 1967
f 901 362 40
f 84 901 40
f 901 662 505
f 901 84 662
f 1803 1382 505
f 1382 901 505
f 926 822 388
f 388 822 1090
f 822 1813 1090
f 1025 1053 336
f 1053 1025 1876
f 1516 1025 336
f 1803 405 1876
f 405 1053 1876
f 405 1803 505
f 1053 405 993
f 405 662 993
f 662 405 505
f 220 1009 1090
f 1009 220 1309
f 1009 1288 1090
f 1288 1009 1309
f 137 648 1554
f 1288 137 1554
f 137 1288 1309
f 454 566 1554
f 566 765 1554
f 1193 570 652
f 171 1550 652
f 1550 171 68
f 1434 458 648
f 458 1434 1517
f 1517 1434 25
f 1189 1063 1771
f 569 1189 1771
f 458 629 1639
f 629 1517 546
f 629 458 1517
f 1028 1995 1423
f 1028 629 1995
f 1680 1076 1868
f 1358 1076 1771
f 1076 1358 1868
f 1076 569 1771
f 569 1076 1461
f 1076 1680 1461
f 858 1015 818
f 1015 858 1060
f 1015 1496 818
f 1496 1015 1060
f 1091 1044 1224
f 858 1044 1091
f 1044 362 1224
f 362 1044 818
f 1044 858 818
f 1051 1366 143
f 420 1051 143
f 308 606 78
f 308 1345 606
f 589 182 683
f 683 182 1251
f 182 262 1251
f 1764 182 589
f 262 182 1764
f 1658 1502 898
f 898 1502 712
f 1502 255 1937
f 1502 1989 712
f 1989 1502 1937
f 697 612 1327
f 612 697 370
f 612 370 1180
f 612 1580 1327
f 1580 612 1180
f 1039 1158 1372
f 1158 1039 1922
f 463 1506 1837
f 1981 1450 808
f 667 1981 808
f 1981 667 8
f 513 1249 1450
f 1981 513 1450
f 513 1981 8
f 1108 192 903
f 1503 1108 903
f 192 1108 534
f 893 8 534
f 893 1139 8
f 643 864 255
f 643 51 1624
f 1257 643 1624
f 864 643 1257
f 1130 1871 1859
f 1991 230 549
f 914 1991 549
f 1991 1621 1246
f 230 1991 1246
f 1991 1971 1621
f 1971 1991 914
f 334 351 974
f 351 334 914
f 334 1971 914
f 1971 334 1621
f 883 1883 88
f 1883 1144 279
f 775 667 808
f 667 775 1265
f 564 962 1104
f 75 1670 446
f 1593 75 446
f 1457 553 403
f 1457 45 1406
f 1961 1457 1406
f 1457 1961 553
f 1961 1614 553
f 584 1457 403
f 1457 584 45
f 45 584 1802
f 584 757 1802
f 45 328 1406
f 1864 328 1437
f 328 524 1437
f 328 45 524
f 1860 1271 1269
f 840 1860 1269
f 1860 840 718
f 742 1860 718
f 1256 1796 432
f 1427 1219 689
f 557 65 1219
f 156 1355 333
f 1355 1310 333
f 1355 1031 1180
f 1355 156 1031
f 1310 1694 333
f 847 1694 903
f 1694 847 333
f 1694 1503 903
f 1694 1310 1503
f 948 1257 1624
f 948 3 1257
f 948 978 1304
f 3 948 1304
f 1656 948 1624
f 948 1656 978
f 978 1486 847
f 1486 1747 847
f 1656 1486 978
f 1747 1486 51
f 51 1486 1624
f 1486 1656 1624
f 631 291 1474
f 1506 631 1474
f 1205 941 1299
f 833 1205 1959
f 1205 833 1319
f 1579 833 1959
f 833 1579 1087
f 833 1087 1732
f 698 35 1299
f 35 1300 1299
f 878 1965 120
f 1965 1699 1732
f 833 1699 1319
f 1699 833 1732
f 1103 1781 1105
f 1579 1781 1103
f 1781 1186 614
f 1781 1579 1959
f 1186 1781 1959
f 1781 296 1105
f 296 1781 614
f 1151 1248 1980
f 1548 1979 1742
f 1067 698 1299
f 1668 429 1259
f 1668 1151 1980
f 1824 1221 1352
f 480 497 1691
f 65 1435 1219
f 497 1912 1691
f 1702 368 1692
f 368 557 1692
f 557 368 65
f 1500 1831 1849
f 1500 1604 806
f 1604 1500 1849
f 1831 1500 188
f 1500 1925 188
f 1500 806 1925
f 798 1220 806
f 1537 798 806
f 798 1537 104
f 1773 798 104
f 798 1773 1220
f 1346 651 1101
f 1346 300 651
f 1346 1489 1001
f 300 1346 1001
f 517 1138 979
f 1138 517 874
f 56 517 979
f 1145 1247 979
f 1138 1145 979
f 1145 1138 868
f 536 821 510
f 821 536 239
f 520 576 186
f 821 1483 874
f 1138 1483 868
f 1483 1138 874
f 1359 1483 318
f 930 530 809
f 530 930 136
f 845 1134 1110
f 845 530 136
f 530 845 1110
f 1134 1093 1110
f 430 579 1728
f 579 430 646
f 430 1026 646
f 1026 430 1880
f 1093 1568 1652
f 912 140 1303
f 863 538 1314
f 741 290 1553
f 741 1038 970
f 1038 1697 970
f 706 741 970
f 1331 1853 559
f 757 1331 559
f 584 1331 757
f 1331 584 403
f 1247 550 979
f 1050 1529 1296
f 1529 840 1296
f 840 1529 718
f 716 223 743
f 223 1759 743
f 1384 498 1598
f 498 1384 826
f 498 1260 1598
f 498 496 1260
f 355 310 1289
f 1262 355 1289
f 355 1262 1617
f 355 803 310
f 1756 572 1892
f 572 354 1892
f 572 1756 782
f 354 1854 1892
f 1854 1262 1892
f 1854 354 1686
f 1262 1854 1686
f 1769 282 1659
f 1769 795 977
f 1769 325 795
f 325 1769 1659
f 1825 1264 1564
f 282 1825 1564
f 1769 1825 282
f 1896 203 562
f 203 325 1659
f 203 900 562
f 900 203 1659
f 1398 900 1478
f 900 282 1478
f 282 900 1659
f 1371 1398 1478
f 1398 1371 492
f 292 1371 1478
f 1371 292 492
f 28 1807 915
f 1807 28 580
f 739 28 915
f 866 838 385
f 1625 866 608
f 71 866 385
f 866 71 608
f 309 1625 243
f 292 309 243
f 309 1284 78
f 309 292 1284
f 606 309 78
f 441 309 606
f 503 1056 743
f 1773 503 743
f 503 1773 104
f 503 459 1056
f 1241 503 104
f 503 1241 459
f 1240 416 1637
f 416 626 1637
f 626 416 581
f 581 416 782
f 1125 1442 1443
f 351 1442 1125
f 1442 672 1443
f 672 1442 549
f 1442 351 549
f 493 1339 213
f 1339 493 568
f 1932 1339 568
f 709 1339 1932
f 1339 772 213
f 772 1339 709
f 10 208 713
f 230 1047 549
f 1047 672 549
f 117 10 713
f 1888 1445 1443
f 1445 1125 1443
f 1445 709 1125
f 862 1913 19
f 862 19 1274
f 314 862 490
f 1379 862 1274
f 862 1379 490
f 981 862 314
f 1913 862 981
f 1537 443 104
f 1905 1042 1477
f 877 1042 1905
f 1477 1042 12
f 1042 877 12
f 644 296 614
f 38 644 614
f 644 38 1638
f 537 644 1638
f 296 644 665
f 644 1873 665
f 644 537 1873
f 298 1696 279
f 1168 298 279
f 1472 298 1168
f 1696 1472 1959
f 298 1472 1696
f 1186 198 323
f 198 1168 323
f 198 1472 1168
f 198 1186 1959
f 1472 198 1959
f 1301 650 1222
f 650 376 546
f 1995 376 1994
f 376 629 546
f 629 376 1995
f 474 1202 1368
f 556 1202 474
f 1202 180 1368
f 1202 556 68
f 171 1202 68
f 556 1846 1222
f 1846 556 474
f 25 934 1222
f 934 556 1222
f 934 25 1712
f 556 934 68
f 1491 1581 1700
f 1581 1157 1700
f 1157 1581 1491
f 669 478 337
f 1027 478 669
f 797 478 1027
f 478 797 324
f 547 797 1027
f 797 547 1390
f 324 797 311
f 797 1390 311
f 547 1136 1994
f 1136 547 1027
f 1136 1027 449
f 141 1136 449
f 1684 812 1392
f 812 1684 1758
f 1392 812 1800
f 812 10 1800
f 208 812 1758
f 812 208 10
f 187 390 1193
f 344 390 238
f 965 187 222
f 455 965 222
f 390 965 238
f 965 390 187
f 965 1393 238
f 965 455 1393
f 1801 685 344
f 1801 344 238
f 1801 324 311
f 685 1801 311
f 337 1801 238
f 478 1801 337
f 1801 478 324
f 998 887 1218
f 177 1137 1037
f 1137 177 1488
f 1354 949 1944
f 949 302 1944
f 177 949 1354
f 302 949 1037
f 949 177 1037
f 819 1338 1458
f 960 1338 819
f 1458 1338 1347
f 1338 1409 1347
f 1409 1338 1037
f 1037 1338 30
f 1338 960 30
f 364 1399 1899
f 682 1399 1713
f 401 682 1713
f 907 851 1512
f 1612 1106 1600
f 397 1106 1612
f 1106 640 1600
f 1106 397 640
f 283 1936 573
f 1936 922 1278
f 1936 283 922
f 155 1199 286
f 1541 155 286
f 155 1541 1397
f 1182 155 1397
f 1597 13 519
f 1330 13 1597
f 13 1182 519
f 13 155 1182
f 155 13 1199
f 1632 1936 585
f 1632 13 1330
f 13 1632 1199
f 1632 585 286
f 1199 1632 286
f 1632 1330 573
f 1936 1632 573
f 1295 880 57
f 880 908 1349
f 880 1924 57
f 393 733 1833
f 733 393 563
f 233 71 385
f 489 1402 1318
f 1402 489 1833
f 1917 489 1713
f 489 393 1833
f 401 489 1318
f 489 401 1713
f 760 260 1295
f 1856 1349 736
f 1856 32 1349
f 1856 736 1966
f 32 1856 1966
f 359 516 1415
f 1924 359 1415
f 359 1772 516
f 918 792 1897
f 792 918 1045
f 44 181 1842
f 251 44 1842
f 181 44 138
f 138 44 590
f 44 251 590
f 217 1939 1829
f 312 1790 232
f 1939 312 232
f 312 138 590
f 312 217 138
f 217 312 1939
f 258 312 590
f 312 258 1790
f 1865 1841 1863
f 1841 1910 671
f 1863 1841 671
f 675 628 73
f 675 1939 1794
f 675 73 842
f 1939 675 842
f 628 1209 1565
f 678 375 154
f 375 197 73
f 154 375 73
f 779 708 300
f 958 413 22
f 958 90 1716
f 1487 690 1970
f 186 690 1728
f 1970 690 1578
f 690 186 1578
f 1487 152 744
f 152 1487 917
f 882 1943 1941
f 1943 882 986
f 1282 1943 986
f 258 1155 1790
f 1266 1155 258
f 1790 1155 232
f 1155 1282 232
f 365 1476 744
f 1476 1113 744
f 1113 111 1446
f 1476 111 1113
f 882 1683 986
f 1113 1683 882
f 1683 1113 1117
f 1683 1791 986
f 1791 1683 1794
f 1683 1209 1794
f 1683 1117 1565
f 1209 1683 1565
f 1787 1904 720
f 1493 1810 386
f 1810 1012 386
f 1810 1904 1012
f 1904 1767 1012
f 1767 1290 1012
f 1290 1767 1281
f 1787 1767 1904
f 1767 1787 1957
f 1341 1255 1527
f 1527 1255 1045
f 792 1255 1891
f 1255 792 1045
f 1341 93 1391
f 93 1341 1527
f 1947 1341 332
f 1947 332 1072
f 1255 1947 1891
f 1947 1255 1341
f 1897 1947 1072
f 1947 792 1891
f 792 1947 1897
f 1364 1290 1281
f 1290 1364 1657
f 1364 1555 1657
f 1364 1510 1555
f 1066 1973 329
f 1973 1066 542
f 1973 542 1428
f 1973 1808 329
f 1808 1973 1428
f 168 1 1403
f 168 1493 1
f 168 1810 1493
f 168 1403 1651
f 1810 168 1651
f 346 787 1159
f 787 346 466
f 473 787 466
f 1453 920 969
f 1777 1736 1896
f 1777 562 969
f 1777 1896 562
f 920 1777 969
f 1777 920 1736
f 956 1018 637
f 1018 377 637
f 377 1018 727
f 991 1337 727
f 1018 991 727
f 638 1828 720
f 1806 1828 638
f 1080 346 1159
f 1080 1806 346
f 1828 1080 1159
f 1080 1828 1806
f 966 1283 214
f 1545 966 214
f 1957 1532 214
f 1532 1545 214
f 1787 1532 1957
f 1532 1787 720
f 1996 1081 293
f 1081 70 293
f 610 1720 1960
f 1720 630 330
f 1305 630 265
f 630 1305 330
f 1182 1350 1889
f 1350 1182 1872
f 131 1350 1872
f 357 1522 560
f 1522 131 560
f 1350 1522 1889
f 1522 1350 131
f 1889 834 519
f 834 1597 519
f 834 357 1597
f 1522 834 1889
f 834 1522 357
f 1016 131 1872
f 580 507 1121
f 507 1515 1121
f 1648 427 280
f 427 1648 625
f 364 737 1399
f 276 1949 539
f 97 1949 1899
f 1949 97 539
f 1949 364 1899
f 947 1648 280
f 947 276 1648
f 947 1949 276
f 1949 947 364
f 647 1648 1561
f 647 1123 1648
f 647 1561 1356
f 567 907 1512
f 1649 567 1512
f 1323 950 1356
f 950 647 1356
f 950 1566 848
f 1123 950 848
f 647 950 1123
f 1065 1377 907
f 1377 851 907
f 851 1377 777
f 1377 1065 539
f 1214 97 854
f 1232 731 246
f 731 468 246
f 468 731 1238
f 1238 731 81
f 731 1232 81
f 886 394 1628
f 861 394 886
f 394 1867 1628
f 394 161 1867
f 161 394 246
f 394 861 246
f 1011 1942 1460
f 861 1942 1011
f 1942 1674 1007
f 1942 886 1674
f 1942 861 886
f 1851 1394 844
f 870 1851 844
f 1394 1851 886
f 11 105 144
f 1200 1036 593
f 508 1312 1576
f 508 603 500
f 1312 508 500
f 1576 1982 1216
f 1165 1982 1576
f 681 170 1975
f 681 1982 1165
f 681 1165 1002
f 1946 1618 1177
f 481 1946 1177
f 1946 481 1302
f 1243 953 1302
f 953 1946 1302
f 1946 953 1618
f 1866 1705 1140
f 1705 1243 1140
f 1118 1705 1866
f 462 1705 1118
f 1705 953 1243
f 976 1243 1141
f 976 1141 1430
f 1140 976 1216
f 1243 976 1140
f 976 1576 1216
f 1576 976 1430
f 1217 555 1118
f 1118 555 1177
f 1055 555 1530
f 555 1217 1530
f 555 1023 1177
f 1023 555 1055
f 257 1866 1140
f 257 46 1866
f 46 257 796
f 1919 1836 1238
f 1238 1836 435
f 264 1611 1004
f 264 1004 1607
f 264 1023 884
f 1023 264 1607
f 875 82 1004
f 1611 875 1004
f 82 875 1956
f 1956 875 151
f 875 929 151
f 875 1611 929
f 1196 82 789
f 1196 735 82
f 1511 1196 789
f 1196 1511 1797
f 735 1196 1797
f 1449 963 1784
f 1449 1153 963
f 158 1058 1494
f 1153 158 1494
f 158 1153 1326
f 1746 158 1326
f 1058 158 1746
f 1153 1755 1326
f 1755 1183 1326
f 1183 1755 1784
f 1755 1449 1784
f 1449 1755 1153
f 1734 1714 273
f 1245 961 1430
f 1714 961 1245
f 240 1557 1303
f 1765 112 1688
f 112 1645 1688
f 1945 876 228
f 876 1945 1369
f 1229 876 1369
f 876 1229 1361
f 1765 876 1361
f 1387 876 1765
f 363 1765 1361
f 1795 363 1361
f 363 1557 1765
f 1444 664 1058
f 1444 5 664
f 1444 1058 1429
f 5 1444 1429
f 267 387 622
f 267 532 387
f 1857 267 622
f 1582 963 1886
f 963 1582 1784
f 1183 1582 116
f 1582 1183 1784
f 1715 1083 41
f 169 1083 1715
f 1845 1083 169
f 436 1715 1425
f 436 169 1715
f 1092 1535 1425
f 1092 1990 1776
f 1092 1776 373
f 1535 1092 373
f 320 1715 350
f 1990 320 350
f 1715 320 1425
f 320 1092 1425
f 1092 320 1990
f 750 392 189
f 1827 1603 1689
f 1111 1374 1270
f 1689 1111 1270
f 1930 1071 1239
f 1071 1930 610
f 1317 1547 1239
f 105 1547 1317
f 1547 1930 1239
f 1930 1547 123
f 1312 722 1002
f 1815 722 1312
f 722 681 1002
f 681 722 170
f 722 1815 1717
f 999 231 1717
f 231 722 1717
f 722 231 170
f 231 353 824
f 170 231 824
f 859 1667 1972
f 1972 1667 500
f 1667 1815 500
f 1815 1667 1717
f 315 529 1839
f 315 1814 529
f 1814 315 415
f 315 1839 1933
f 315 1933 1462
f 415 315 1462
f 451 1019 1440
f 1019 451 1536
f 1903 1704 1437
f 1704 871 1437
f 1536 1704 1666
f 1704 1903 1666
f 451 1704 1536
f 1704 451 871
f 23 139 1644
f 139 23 1314
f 1627 23 1644
f 1768 347 1418
f 347 1768 1663
f 1586 1650 649
f 1650 1389 649
f 1389 1650 656
f 1650 529 656
f 1650 1586 529
f 1780 259 736
f 259 115 736
f 259 20 115
f 259 1780 1370
f 1764 259 1370
f 20 259 1764
f 1534 383 730
f 383 1534 1803
f 1534 1382 1803
f 1876 1838 1516
f 1838 1025 1516
f 1025 1838 1876
f 1423 596 1676
f 1063 596 1423
f 570 919 902
f 919 570 1193
f 919 344 902
f 390 919 1193
f 919 390 344
f 954 570 902
f 954 902 1368
f 180 954 1368
f 570 1244 652
f 1202 1244 180
f 1244 954 180
f 954 1244 570
f 1244 171 652
f 1244 1202 171
f 1434 1127 25
f 137 1127 648
f 1127 1434 648
f 1523 1189 569
f 843 1523 661
f 1523 569 661
f 765 1523 843
f 1894 1423 1676
f 1894 1028 1423
f 1672 1051 420
f 1366 1672 31
f 1051 1672 1366
f 1480 1672 78
f 31 1672 1480
f 1610 420 1631
f 1464 1631 746
f 308 1464 1345
f 1345 1464 270
f 1569 1464 746
f 1464 1569 270
f 1102 1658 1439
f 1102 1502 1658
f 1502 1102 255
f 1102 1439 1327
f 1580 1102 1327
f 1102 1580 255
f 660 1922 1344
f 660 1158 1922
f 1372 660 1344
f 1158 660 1372
f 1742 1334 1837
f 1151 36 1248
f 1882 175 1929
f 175 783 829
f 783 1882 299
f 783 175 1882
f 783 946 829
f 946 783 299
f 1506 946 299
f 463 946 1506
f 1470 200 1249
f 513 1470 1249
f 200 1470 8
f 1470 513 8
f 1139 1078 1812
f 1078 1291 1812
f 893 1078 1139
f 1078 893 534
f 184 643 255
f 184 1031 504
f 184 255 1031
f 552 1130 1859
f 1130 552 989
f 552 1859 1621
f 334 552 1621
f 989 552 974
f 552 334 974
f 1871 211 1171
f 1130 211 1871
f 1385 1130 989
f 60 883 1816
f 60 1883 883
f 1883 60 1144
f 60 1816 1174
f 1021 60 1174
f 60 1021 1848
f 323 60 1848
f 1144 60 323
f 1681 701 470
f 602 1681 470
f 968 1681 356
f 1681 602 356
f 701 272 623
f 1432 623 395
f 1432 701 623
f 431 1432 395
f 701 1432 470
f 602 938 356
f 938 564 356
f 428 602 470
f 962 428 470
f 428 938 602
f 428 962 564
f 938 428 564
f 962 755 1104
f 846 813 425
f 846 425 548
f 1562 369 1788
f 369 1228 1788
f 369 1779 1740
f 369 1562 1779
f 1670 369 1740
f 1228 369 1670
f 173 1562 1788
f 1562 615 1779
f 1395 615 122
f 615 892 122
f 173 615 1562
f 75 39 432
f 39 75 1593
f 849 75 1788
f 75 849 1670
f 1169 719 183
f 1404 284 1277
f 284 1404 1719
f 1404 1050 1719
f 719 1308 183
f 1614 1203 688
f 1203 1614 1961
f 1203 1961 1406
f 183 1203 1406
f 1017 1203 183
f 1017 1191 688
f 1203 1017 688
f 955 1864 695
f 955 328 1864
f 1169 955 695
f 955 1169 328
f 237 1860 742
f 237 742 1864
f 871 237 1864
f 237 871 1271
f 1860 237 1271
f 729 689 927
f 874 1643 510
f 1643 56 510
f 1643 517 56
f 33 159 927
f 159 729 927
f 226 964 895
f 964 226 446
f 759 964 446
f 1075 964 759
f 1256 1935 1796
f 557 37 895
f 1427 37 1219
f 37 557 1219
f 37 1427 1796
f 1935 37 1796
f 37 1935 446
f 624 1355 1180
f 1355 624 1310
f 1310 624 692
f 291 624 1180
f 624 515 692
f 515 1291 692
f 515 1882 1812
f 1291 515 1812
f 43 1506 299
f 43 631 1506
f 1882 43 299
f 515 43 1882
f 43 515 631
f 1538 1116 1501
f 1463 698 129
f 1463 35 698
f 1492 1463 129
f 35 1463 1300
f 878 94 1525
f 94 878 120
f 94 120 317
f 1910 94 317
f 94 1910 1525
f 878 1293 1965
f 1931 1668 1259
f 1668 1931 1151
f 1754 599 1287
f 129 1754 1287
f 698 1754 129
f 92 48 599
f 92 1548 48
f 92 1979 1548
f 429 1187 1501
f 1187 1538 1501
f 1538 1187 941
f 941 1187 1299
f 1187 1067 1299
f 1668 1360 429
f 1818 758 1376
f 758 1818 889
f 1763 460 1671
f 1533 1435 927
f 1435 1533 1219
f 689 1533 927
f 1219 1533 689
f 149 1912 497
f 1926 628 1565
f 628 1926 154
f 285 1359 776
f 29 240 1303
f 140 29 1303
f 29 140 888
f 1983 29 888
f 29 1983 776
f 1983 285 776
f 285 1983 457
f 1483 509 868
f 1455 1595 1247
f 1145 1455 1247
f 1455 1726 1595
f 239 1286 646
f 536 1286 239
f 221 1124 945
f 691 221 945
f 452 691 945
f 520 452 576
f 241 1483 821
f 1483 241 318
f 241 66 318
f 66 1558 244
f 1490 1558 66
f 1558 239 646
f 823 1266 540
f 1893 530 1110
f 1893 1789 540
f 1479 1093 1652
f 845 830 1134
f 1731 830 845
f 1163 881 228
f 1163 1387 1688
f 1645 1163 1688
f 1881 1143 244
f 1026 1881 646
f 1558 1881 244
f 1881 1558 646
f 541 1267 1706
f 541 776 1143
f 1881 541 1143
f 541 1881 1026
f 121 1636 912
f 1636 140 912
f 140 1636 888
f 1126 236 495
f 863 1126 495
f 1126 1029 236
f 1029 1126 863
f 553 1599 403
f 7 741 1553
f 7 1038 741
f 706 636 741
f 636 290 741
f 636 1599 290
f 1599 636 403
f 636 1331 403
f 706 1373 996
f 1373 1697 1328
f 996 1373 1328
f 1697 1373 970
f 1373 706 970
f 618 1247 973
f 810 618 973
f 1749 1400 1277
f 1606 1749 1779
f 615 1606 1779
f 1606 615 1395
f 1400 1606 1395
f 1606 1400 1749
f 1570 284 1505
f 1749 1570 1779
f 1779 1570 1740
f 1570 1505 1740
f 15 1809 1407
f 223 15 1759
f 325 673 795
f 1869 856 281
f 856 673 325
f 673 856 1869
f 512 856 348
f 856 512 281
f 426 281 1993
f 426 1869 281
f 426 1993 841
f 426 673 1869
f 670 1750 826
f 1750 498 826
f 1750 1804 1940
f 1750 670 1804
f 496 1750 1940
f 498 1750 496
f 102 355 652
f 355 102 803
f 1550 102 652
f 766 102 587
f 102 1550 587
f 102 766 485
f 803 102 485
f 1184 1635 1617
f 1635 1184 652
f 433 565 1598
f 565 1240 1598
f 565 433 1686
f 565 572 782
f 354 565 1686
f 572 565 354
f 416 565 782
f 565 416 1240
f 1825 814 1264
f 814 1613 1898
f 1264 814 1898
f 203 1615 348
f 1615 203 1896
f 348 1615 1468
f 1615 1896 1468
f 900 1954 562
f 1954 900 1398
f 562 1954 969
f 1954 1398 492
f 1954 1453 969
f 1954 492 1453
f 309 444 1625
f 866 444 838
f 444 866 1625
f 444 441 838
f 444 309 441
f 827 772 709
f 1445 827 709
f 208 827 713
f 827 208 772
f 208 1408 772
f 1408 1938 213
f 772 1408 213
f 1408 208 1758
f 1408 1684 1938
f 1684 1408 1758
f 1062 1088 770
f 443 1062 770
f 1088 1062 269
f 1062 443 1537
f 1062 1604 269
f 1062 1537 1604
f 201 885 770
f 885 443 770
f 885 201 490
f 1241 885 459
f 1379 885 490
f 459 885 1379
f 885 1241 104
f 443 885 104
f 450 263 650
f 263 376 650
f 263 450 1491
f 450 1410 1491
f 1410 1301 1222
f 1846 1410 1222
f 1173 934 1712
f 934 1173 68
f 587 1173 1712
f 1550 1173 587
f 1173 1550 68
f 96 141 1994
f 1136 96 1994
f 96 1136 141
f 923 998 1488
f 177 923 1488
f 923 177 1354
f 923 1354 887
f 998 923 887
f 971 401 97
f 971 682 401
f 971 97 1899
f 1399 971 1899
f 682 971 1399
f 1703 1936 1278
f 1936 1703 585
f 397 1703 1278
f 585 1703 397
f 393 1748 563
f 1275 1748 1447
f 1748 1275 563
f 1119 1917 1713
f 1119 233 1917
f 1399 1119 1713
f 737 1119 1399
f 1950 489 1917
f 1950 233 385
f 260 326 1295
f 326 260 908
f 326 880 1295
f 880 326 908
f 399 760 1524
f 399 260 760
f 399 1524 419
f 908 399 419
f 260 399 908
f 1757 359 1924
f 101 217 1829
f 217 101 138
f 181 101 1426
f 101 181 138
f 576 72 917
f 72 152 917
f 152 72 744
f 645 779 147
f 1669 675 1794
f 675 1669 628
f 1209 1669 1794
f 1669 1209 628
f 1033 1841 1865
f 1033 1865 197
f 375 1033 197
f 205 878 1525
f 205 1293 878
f 1293 205 109
f 300 1770 651
f 708 1770 300
f 651 1770 1352
f 1770 708 1352
f 958 1862 413
f 1862 958 1489
f 1862 1723 413
f 528 90 147
f 90 528 1716
f 528 147 1001
f 1489 528 1001
f 958 528 1489
f 528 958 1716
f 832 690 1487
f 1049 1155 1266
f 1943 1049 1941
f 1049 1943 1282
f 1155 1049 1282
f 1417 1476 365
f 1417 111 1476
f 111 1417 1446
f 1446 1417 413
f 413 1417 22
f 1417 855 22
f 1417 365 855
f 1810 245 1904
f 245 935 638
f 1904 245 638
f 935 245 1651
f 245 1810 1651
f 1605 811 1957
f 811 1767 1957
f 1767 811 1281
f 811 1605 1510
f 811 1364 1281
f 1364 811 1510
f 93 50 1391
f 50 93 1527
f 1391 50 386
f 50 1527 386
f 1646 771 466
f 771 1646 848
f 1566 771 848
f 346 616 466
f 616 1646 466
f 616 346 725
f 1646 616 725
f 434 1123 848
f 1646 434 848
f 434 1646 725
f 1725 434 725
f 1123 434 1725
f 247 1235 1453
f 1235 920 1453
f 176 247 1909
f 1736 176 1909
f 920 176 1736
f 176 1235 247
f 1235 176 920
f 1337 453 935
f 991 453 1337
f 935 453 638
f 453 956 638
f 453 1018 956
f 453 991 1018
f 966 1212 1283
f 1212 473 1283
f 1212 787 473
f 787 1212 1159
f 1212 966 1545
f 1212 1828 1159
f 1010 1532 720
f 1532 1010 1545
f 1828 1010 720
f 1010 1212 1545
f 1212 1010 1828
f 1081 1419 1270
f 1419 1081 859
f 1419 1689 1270
f 1419 859 1689
f 70 1958 293
f 1958 167 293
f 265 715 407
f 389 1720 330
f 916 389 330
f 1720 389 1960
f 389 674 1960
f 389 916 674
f 630 1861 265
f 1918 630 1720
f 1918 1861 630
f 330 1052 1727
f 1052 1305 1727
f 1305 1052 330
f 754 1679 407
f 131 1504 560
f 1016 1504 131
f 1504 1016 1890
f 1707 1181 189
f 1181 1707 1890
f 1016 1181 1890
f 1181 1016 1594
f 417 1016 1872
f 1016 417 1594
f 417 1872 135
f 1594 417 135
f 674 1583 1960
f 382 1583 1600
f 1583 135 1600
f 1583 256 135
f 1583 382 894
f 1583 1778 1960
f 507 1609 1515
f 427 1609 739
f 1609 507 580
f 28 1609 580
f 1609 28 739
f 1560 427 625
f 607 1560 625
f 1560 607 1515
f 1609 1560 1515
f 1560 1609 427
f 1416 739 71
f 737 1416 71
f 427 1416 280
f 1416 427 739
f 1416 737 364
f 1416 947 280
f 947 1416 364
f 418 724 1095
f 1377 745 777
f 1214 745 97
f 745 1214 777
f 97 745 539
f 745 1377 539
f 573 1276 1602
f 1276 854 1602
f 1276 1214 854
f 1214 2000 777
f 1276 2000 1214
f 518 2000 1330
f 1330 2000 573
f 2000 1276 573
f 1460 319 1007
f 319 1942 1007
f 1942 319 1460
f 1114 1851 870
f 1114 11 144
f 11 1601 105
f 1709 1200 593
f 1036 1556 593
f 1556 321 1375
f 321 1556 1036
f 1709 1911 1695
f 1911 1709 593
f 1279 1968 1574
f 899 1968 1279
f 1911 1098 1695
f 1098 1911 1895
f 508 1571 603
f 603 1571 1279
f 1571 899 1279
f 663 681 1975
f 681 663 1982
f 1785 1705 462
f 1705 1785 953
f 1785 462 1618
f 953 1785 1618
f 1231 1919 421
f 1231 1836 1919
f 439 1231 421
f 1836 1231 439
f 620 439 1530
f 620 1836 439
f 435 620 1530
f 1836 620 435
f 794 264 884
f 264 794 1611
f 1588 794 884
f 1611 794 1588
f 1734 592 790
f 592 360 790
f 360 592 1885
f 1885 592 273
f 592 1734 273
f 1551 1576 1430
f 24 1557 240
f 1557 1234 1765
f 1234 112 1765
f 24 1234 1557
f 112 1234 944
f 1234 24 944
f 830 1786 1134
f 1786 830 1645
f 876 484 228
f 484 876 1387
f 484 1163 228
f 1163 484 1387
f 1175 1795 1303
f 1175 363 1795
f 1557 1175 1303
f 363 1175 1557
f 267 4 532
f 873 95 1792
f 633 1811 128
f 633 465 1811
f 157 110 118
f 1555 110 99
f 705 110 1555
f 1915 1507 1375
f 321 1915 1375
f 1915 1213 1507
f 1213 1915 118
f 1575 157 118
f 1915 1575 118
f 1575 1915 321
f 1575 86 196
f 575 1957 214
f 575 705 1957
f 575 110 705
f 575 1213 118
f 110 575 118
f 1820 1083 1845
f 1820 59 511
f 59 1820 1845
f 1083 1820 41
f 277 436 1425
f 436 506 169
f 119 392 750
f 916 119 674
f 1707 531 1890
f 531 1504 1890
f 1504 531 487
f 531 1707 1378
f 928 1603 1827
f 1111 85 1374
f 85 1111 392
f 1707 1976 1378
f 1976 1111 1378
f 1976 1707 189
f 392 1976 189
f 1111 1976 392
f 1603 786 1689
f 786 1111 1689
f 1111 786 1378
f 928 786 1603
f 1930 1850 610
f 1850 1930 123
f 1918 1850 123
f 1850 1720 610
f 1850 1918 1720
f 316 1547 1887
f 1547 316 123
f 316 1918 123
f 1861 316 1887
f 1918 316 1861
f 982 231 999
f 231 982 754
f 982 999 293
f 167 982 293
f 1679 982 167
f 982 1679 754
f 1081 627 859
f 627 1667 859
f 627 1081 1996
f 627 1996 1717
f 1667 627 1717
f 871 752 1271
f 451 752 871
f 752 1440 1271
f 752 451 1440
f 825 1627 1644
f 521 825 1644
f 347 1197 1418
f 1197 347 1663
f 1418 1197 495
f 1197 1663 538
f 1197 863 495
f 863 1197 538
f 1653 1534 730
f 1534 1653 926
f 1653 822 926
f 1813 1653 730
f 822 1653 1813
f 1589 1534 926
f 1534 1589 1382
f 901 1589 926
f 1382 1589 901
f 566 1448 765
f 1448 596 765
f 1448 566 454
f 268 1448 454
f 1448 268 1676
f 596 1448 1676
f 25 1396 1712
f 1127 1396 25
f 1396 1127 137
f 1396 1309 1712
f 1396 137 1309
f 1523 668 1189
f 1189 668 1063
f 668 596 1063
f 596 668 765
f 668 1523 765
f 807 1894 1639
f 1894 807 1028
f 629 807 1639
f 1028 807 629
f 268 491 1676
f 491 1894 1676
f 1894 491 1639
f 491 454 1639
f 491 268 454
f 1014 1464 308
f 1014 308 78
f 1014 1610 1631
f 1464 1014 1631
f 1672 1014 78
f 1014 1672 420
f 1610 1014 420
f 98 463 1837
f 1334 98 1837
f 1360 1497 1742
f 1248 1252 1980
f 1252 1668 1980
f 1252 1360 1668
f 1252 1497 1360
f 98 684 463
f 684 98 1334
f 36 305 1573
f 1616 710 395
f 1154 1616 395
f 591 175 829
f 124 946 463
f 1078 1552 1291
f 1552 1503 692
f 1291 1552 692
f 1552 1078 534
f 1108 1552 534
f 1552 1108 1503
f 184 408 643
f 408 1747 51
f 643 408 51
f 408 184 504
f 847 408 504
f 1747 408 847
f 1528 1466 1171
f 211 1528 1171
f 1528 1492 1466
f 865 211 1130
f 1385 865 1130
f 1265 1362 968
f 272 1362 1265
f 1362 1681 968
f 1681 1362 701
f 1362 272 701
f 1248 271 1655
f 89 272 1265
f 379 1188 759
f 379 759 356
f 564 379 356
f 1250 564 1104
f 1188 1250 1104
f 1250 379 564
f 379 1250 1188
f 1438 1514 1104
f 1514 1188 1104
f 1188 1514 1438
f 396 1188 1438
f 680 396 1438
f 396 1075 759
f 1188 396 759
f 396 964 1075
f 396 680 895
f 964 396 895
f 275 680 1438
f 275 551 1702
f 813 227 425
f 227 813 1367
f 378 1735 994
f 1320 378 755
f 755 897 1104
f 551 897 548
f 87 27 1671
f 1215 114 432
f 632 618 892
f 632 550 1247
f 618 632 1247
f 1273 173 1176
f 1273 615 173
f 615 1273 892
f 1273 632 892
f 1228 1823 1788
f 1823 849 1788
f 1325 183 1406
f 1325 1169 183
f 328 1325 1406
f 1169 1325 328
f 1404 1928 1050
f 1687 1017 183
f 1687 1308 1840
f 1308 1687 183
f 1647 1687 1840
f 1687 1647 1762
f 422 1395 122
f 422 1400 1395
f 1647 422 1762
f 1509 1647 1840
f 422 1509 1519
f 1509 422 1647
f 1225 1427 689
f 1427 1225 1796
f 904 437 1000
f 1225 437 1215
f 437 114 1215
f 437 904 114
f 437 1225 689
f 517 1226 874
f 1226 1643 874
f 1643 1226 517
f 904 924 1176
f 924 904 1000
f 1855 536 510
f 536 1855 1879
f 1847 1935 1256
f 1847 39 1593
f 1847 1593 446
f 1935 1847 446
f 784 226 895
f 37 784 895
f 226 784 446
f 784 37 446
f 305 1069 1573
f 1069 305 738
f 398 1763 1671
f 398 1456 1763
f 27 398 1671
f 758 1693 1376
f 1693 758 738
f 1693 305 1152
f 305 1693 738
f 758 1422 738
f 1422 758 1456
f 1422 1069 738
f 1069 1422 1456
f 631 132 291
f 515 132 631
f 132 624 291
f 132 515 624
f 1109 941 1205
f 1109 1538 941
f 1109 1205 1319
f 1699 1109 1319
f 1046 1109 1699
f 1109 1046 1538
f 1046 1699 1965
f 1300 107 279
f 1463 107 1300
f 107 1883 279
f 1883 107 88
f 107 1463 88
f 92 1024 1067
f 1067 1024 698
f 1024 1754 698
f 1754 1024 599
f 1024 92 599
f 76 1187 429
f 1360 76 429
f 1979 76 1742
f 76 1360 1742
f 1962 92 1067
f 1187 1962 1067
f 76 1962 1187
f 92 1962 1979
f 1962 76 1979
f 558 578 1152
f 578 1693 1152
f 1693 578 1708
f 1020 1818 1376
f 406 708 779
f 708 406 1352
f 406 1824 1352
f 460 1420 1671
f 1997 758 889
f 460 1997 889
f 1997 460 1763
f 1456 1997 1763
f 758 1997 1456
f 486 1908 1124
f 1817 1342 1834
f 1342 33 927
f 1342 1817 33
f 1641 1435 65
f 972 1641 65
f 817 972 65
f 1484 149 1185
f 149 1484 1912
f 1912 1484 1834
f 1484 1908 1834
f 1124 1484 1185
f 1908 1484 1124
f 1526 452 945
f 452 1526 576
f 1059 497 480
f 1059 149 497
f 327 1346 1101
f 1079 29 776
f 29 1079 240
f 541 1079 776
f 983 1079 541
f 1983 339 457
f 23 502 1314
f 502 23 1627
f 236 502 700
f 1029 502 236
f 502 863 1314
f 502 1029 863
f 502 707 975
f 509 879 1726
f 509 1313 868
f 1313 1145 868
f 1313 1455 1145
f 1313 509 1726
f 1455 1313 1726
f 522 536 1879
f 522 1286 536
f 522 852 1286
f 199 452 520
f 452 199 691
f 721 241 821
f 1521 1893 1110
f 1893 1521 1789
f 1093 1521 1110
f 1479 1521 1093
f 686 1893 540
f 1893 686 530
f 530 686 809
f 686 1072 809
f 1072 686 540
f 1941 335 514
f 1099 335 1941
f 598 1099 1941
f 1099 598 1789
f 1789 598 540
f 598 823 540
f 103 1099 1789
f 1521 103 1789
f 103 1521 1479
f 1568 1120 1652
f 1120 1479 1652
f 1963 931 1096
f 1731 1963 1096
f 1963 1731 845
f 1963 845 136
f 1808 1963 136
f 1963 1808 931
f 881 361 1811
f 830 361 1645
f 769 541 1026
f 541 769 1267
f 769 1026 1880
f 83 541 1706
f 83 983 541
f 83 1280 983
f 1280 112 944
f 983 1280 944
f 112 1280 1645
f 1280 1786 1645
f 1280 1706 1568
f 1280 83 1706
f 635 121 700
f 635 1636 121
f 1636 635 888
f 1073 636 706
f 1073 706 996
f 1331 1073 1853
f 636 1073 1331
f 1853 1073 995
f 1073 996 995
f 62 618 810
f 62 810 1762
f 892 62 122
f 618 62 892
f 62 422 122
f 422 62 1762
f 1400 951 1277
f 951 422 1519
f 422 951 1400
f 951 1404 1277
f 1509 951 1519
f 951 1308 719
f 1308 951 1840
f 951 1509 1840
f 1570 194 284
f 194 1570 1749
f 284 194 1277
f 194 1749 1277
f 764 306 1407
f 306 15 1407
f 1759 306 764
f 15 306 1759
f 15 1082 1809
f 1809 1082 826
f 1082 670 826
f 795 943 841
f 673 943 795
f 943 426 841
f 426 943 673
f 203 1465 325
f 1465 856 325
f 1465 203 348
f 856 1465 348
f 984 355 1617
f 1635 984 1617
f 355 984 652
f 984 1635 652
f 1953 1825 1769
f 1953 1769 977
f 561 1445 1888
f 561 827 1445
f 827 561 713
f 206 561 1888
f 561 117 713
f 561 206 117
f 1567 1047 230
f 1567 206 1888
f 1567 1888 672
f 1047 1567 672
f 1664 1491 1700
f 1664 263 1491
f 1390 1664 1700
f 547 1664 1390
f 1539 1410 450
f 1410 1539 1301
f 1539 450 650
f 1301 1539 650
f 1914 1157 1491
f 1410 1914 1491
f 1914 1410 1846
f 1914 1846 474
f 1914 474 311
f 1157 1914 311
f 545 393 1978
f 545 1748 393
f 545 1978 751
f 1172 545 751
f 545 1172 391
f 545 391 1447
f 1748 545 1447
f 233 1030 71
f 1119 1030 233
f 1030 737 71
f 1030 1119 737
f 489 150 393
f 1950 150 489
f 393 150 1978
f 1978 150 385
f 150 1950 385
f 233 235 1917
f 235 1950 1917
f 1950 235 233
f 1386 1757 1924
f 1386 880 1349
f 880 1386 1924
f 32 1386 1349
f 1757 1386 32
f 359 526 1772
f 1757 526 359
f 1772 526 1218
f 526 172 1488
f 998 526 1488
f 526 998 1218
f 526 32 172
f 526 1757 32
f 1761 793 1829
f 793 101 1829
f 1146 365 744
f 72 1146 744
f 365 1146 855
f 855 1783 22
f 1783 958 22
f 1783 90 958
f 409 375 678
f 1346 1901 1489
f 1901 1862 1489
f 1723 1901 1565
f 1862 1901 1723
f 204 1487 514
f 204 832 1487
f 266 715 265
f 1861 266 265
f 266 1547 105
f 1547 266 1887
f 266 1861 1887
f 1601 266 105
f 715 266 1089
f 266 1601 1089
f 1679 1335 407
f 1335 265 407
f 1335 1305 265
f 1958 1147 167
f 1147 1679 167
f 1147 1335 1679
f 1147 1958 70
f 1305 1147 1727
f 1335 1147 1305
f 1147 802 1727
f 802 1147 70
f 1504 1005 560
f 1005 1504 487
f 1005 1649 560
f 1649 1005 726
f 1005 487 726
f 1583 1542 256
f 1542 1677 256
f 1677 1542 750
f 1236 1181 1594
f 1677 1236 256
f 1236 1594 135
f 256 1236 135
f 1485 1329 1095
f 1329 1649 726
f 1329 567 1649
f 1329 1485 567
f 771 461 1745
f 461 771 1566
f 1148 1485 1095
f 724 1148 1095
f 567 1148 907
f 1485 1148 567
f 1148 1323 907
f 1148 724 1323
f 850 851 777
f 2000 850 777
f 850 2000 518
f 850 518 1512
f 851 850 1512
f 1054 1114 144
f 1114 1054 1851
f 1738 1054 144
f 886 1054 1738
f 1851 1054 886
f 1601 747 1089
f 747 754 407
f 715 747 407
f 747 715 1089
f 322 1114 870
f 322 870 353
f 1601 322 353
f 1114 322 11
f 322 1601 11
f 532 1858 360
f 360 1858 790
f 790 1858 642
f 1858 488 642
f 472 321 1036
f 472 1575 321
f 1575 472 86
f 234 1858 532
f 1858 234 488
f 4 234 532
f 234 4 86
f 1003 1911 593
f 1911 1003 1895
f 1003 1556 1375
f 1556 1003 593
f 1895 1003 544
f 1003 1507 544
f 1507 1003 1375
f 1776 371 373
f 371 1776 1574
f 371 1098 1895
f 373 371 544
f 371 1895 544
f 1098 1988 508
f 1571 1988 899
f 1988 1571 508
f 1988 1968 899
f 371 1988 1098
f 1968 1988 1574
f 1988 371 1574
f 475 663 1975
f 475 1867 796
f 475 1975 1867
f 257 475 796
f 475 257 1140
f 663 475 1982
f 475 1140 1216
f 1982 475 1216
f 54 1734 790
f 588 54 790
f 1734 54 1714
f 54 961 1714
f 345 790 642
f 345 588 790
f 1709 1819 1200
f 1819 54 588
f 1819 1709 1695
f 423 1098 508
f 423 508 1576
f 1551 423 1576
f 804 1035 179
f 1035 881 1811
f 179 1035 1811
f 881 828 228
f 828 340 228
f 1035 828 881
f 828 1035 804
f 828 804 1857
f 525 804 179
f 523 525 179
f 525 523 4
f 86 523 196
f 4 523 86
f 1074 873 1792
f 873 1074 465
f 465 1074 1811
f 179 1074 1792
f 1074 179 1811
f 873 1934 95
f 1934 633 95
f 1934 873 465
f 633 1934 465
f 289 128 99
f 289 633 128
f 95 289 196
f 633 289 95
f 1115 575 214
f 575 1115 1213
f 1142 1115 214
f 1115 1142 1381
f 1507 1115 1381
f 1213 1115 1507
f 1998 1582 1886
f 1582 1998 116
f 1156 571 1122
f 1156 1122 116
f 1998 1156 116
f 1156 1998 867
f 1166 59 726
f 59 1166 511
f 59 313 726
f 1662 277 1425
f 1535 1662 1425
f 1662 1535 1032
f 1048 1662 1032
f 1363 506 436
f 119 47 674
f 47 119 750
f 1542 47 750
f 802 1315 1727
f 1315 119 916
f 1315 330 1727
f 1315 916 330
f 531 1311 487
f 1166 1311 511
f 1311 1820 511
f 1311 531 1820
f 487 1311 726
f 1311 1166 726
f 937 531 1378
f 531 937 1820
f 786 937 1378
f 1820 937 41
f 937 786 928
f 937 1827 41
f 937 928 1827
f 85 1752 1374
f 1752 85 802
f 1752 802 70
f 1081 1752 70
f 1374 1752 1270
f 1752 1081 1270
f 1546 980 1595
f 290 1675 1553
f 1675 703 1553
f 1599 1675 290
f 1675 1599 553
f 1149 1334 1742
f 1497 1149 1742
f 1252 1149 1497
f 1149 684 1334
f 1149 1252 1248
f 939 1248 1655
f 684 939 463
f 939 1149 1248
f 1149 939 684
f 124 939 1655
f 939 124 463
f 305 202 1152
f 202 305 36
f 202 558 1152
f 202 1151 558
f 202 36 1151
f 1272 36 1573
f 1272 1573 994
f 1735 1272 994
f 175 1294 1929
f 591 1294 175
f 1294 1249 1929
f 800 1353 775
f 1249 800 1450
f 1450 800 808
f 800 775 808
f 1294 800 1249
f 800 1294 591
f 800 1744 1353
f 1744 800 591
f 1744 591 829
f 1528 341 1492
f 1463 341 88
f 341 1463 1492
f 207 1528 211
f 865 207 211
f 61 865 1385
f 61 1385 989
f 1473 61 1640
f 61 974 1640
f 61 989 974
f 153 1616 1154
f 271 153 1154
f 153 271 1248
f 1034 89 1154
f 623 1034 395
f 1034 1154 395
f 272 1034 623
f 89 1034 272
f 1744 400 1353
f 1353 400 775
f 400 271 1154
f 89 400 1154
f 775 400 1265
f 400 89 1265
f 275 1678 680
f 557 1678 1692
f 1678 1702 1692
f 1678 275 1702
f 1678 557 895
f 680 1678 895
f 1268 431 710
f 1320 1268 710
f 1268 1432 431
f 1268 962 470
f 1432 1268 470
f 1268 755 962
f 1268 1320 755
f 1685 897 755
f 378 1685 755
f 27 1685 994
f 1685 378 994
f 275 1955 551
f 1955 897 551
f 1955 275 1438
f 1955 1438 1104
f 897 1955 1104
f 173 384 1176
f 384 904 1176
f 904 384 114
f 114 384 432
f 384 75 432
f 75 384 1788
f 384 173 1788
f 303 1273 1176
f 632 303 550
f 849 218 1670
f 1823 218 849
f 218 1228 1670
f 218 1823 1228
f 1928 1633 1050
f 1633 742 718
f 1529 1633 718
f 1633 1529 1050
f 1864 1633 695
f 742 1633 1864
f 1204 1928 1404
f 1204 951 719
f 951 1204 1404
f 1721 1687 1762
f 1721 810 1191
f 810 1721 1762
f 1017 1721 1191
f 1687 1721 1017
f 1225 641 1796
f 641 1225 1215
f 1796 641 432
f 641 1215 432
f 437 1992 1000
f 56 1900 510
f 805 159 33
f 17 1847 1256
f 1847 17 39
f 17 1256 432
f 39 17 432
f 1573 992 994
f 1069 992 1573
f 992 1069 1456
f 398 992 1456
f 992 27 994
f 992 398 27
f 1538 1022 1116
f 1046 1022 1538
f 471 578 558
f 1151 471 558
f 1931 471 1151
f 1875 1693 1708
f 406 1875 1708
f 1693 1875 1376
f 1875 1020 1376
f 1875 406 779
f 578 872 1708
f 872 406 1708
f 471 872 578
f 133 1817 1834
f 1908 133 1834
f 1817 133 33
f 133 805 33
f 410 1641 972
f 1641 410 1435
f 1435 410 927
f 410 1342 927
f 1411 368 1702
f 368 1411 65
f 1411 817 65
f 1691 1977 1367
f 817 1977 972
f 1912 1977 1691
f 972 1977 1912
f 149 601 1185
f 1059 601 149
f 501 480 1367
f 501 1059 480
f 1926 1258 154
f 327 1258 1926
f 1258 678 154
f 1258 327 1101
f 1258 1101 109
f 1258 409 678
f 205 1258 109
f 409 1258 205
f 1079 1383 240
f 1383 1079 983
f 1383 983 944
f 24 1383 944
f 1383 24 240
f 502 343 700
f 343 502 975
f 1207 1546 1595
f 285 1508 1359
f 1508 879 509
f 1508 1483 1359
f 1508 509 1483
f 1974 707 1726
f 879 1974 1726
f 763 285 457
f 763 1508 285
f 1508 763 879
f 1150 852 522
f 199 1150 691
f 1150 199 852
f 579 1433 186
f 1433 520 186
f 1433 579 646
f 1286 1433 646
f 721 1799 241
f 1799 1490 66
f 241 1799 66
f 1877 1558 1490
f 1799 1877 1490
f 1877 1799 721
f 1558 1877 239
f 1877 821 239
f 1877 721 821
f 335 1343 514
f 1343 204 514
f 204 1343 832
f 1710 598 1941
f 598 1710 823
f 1049 1710 1941
f 823 1710 1266
f 1710 1049 1266
f 1267 1057 1706
f 1706 1057 1568
f 1057 1120 1568
f 769 1057 1267
f 1163 148 881
f 148 361 881
f 148 1163 1645
f 361 148 1645
f 1811 91 1096
f 361 91 1811
f 91 1731 1096
f 1731 91 830
f 91 361 830
f 1280 1835 1786
f 1835 1568 1093
f 1835 1093 1134
f 1786 1835 1134
f 653 1983 888
f 635 653 888
f 653 635 700
f 7 835 1038
f 835 7 1553
f 1038 693 1697
f 835 693 1038
f 693 835 1577
f 1697 693 1328
f 693 1230 1328
f 1230 693 538
f 693 139 538
f 1711 15 223
f 1711 1082 15
f 1711 223 716
f 670 1711 716
f 1082 1711 670
f 1821 1357 977
f 1357 1953 977
f 225 814 1825
f 1953 225 1825
f 1357 225 1953
f 814 225 1613
f 225 1357 1821
f 225 1921 1613
f 1921 225 1821
f 117 195 10
f 10 195 230
f 195 1567 230
f 1178 547 1994
f 1178 1664 547
f 376 1178 1994
f 263 1178 376
f 1664 1178 263
f 654 1761 1927
f 654 793 1761
f 654 1927 1426
f 101 654 1426
f 793 654 101
f 1020 1431 1818
f 1875 1431 1020
f 1431 1875 779
f 645 1431 779
f 304 1431 645
f 799 1033 375
f 409 799 375
f 1033 799 1841
f 799 409 205
f 799 205 1525
f 1910 799 1525
f 1841 799 1910
f 1844 1926 1565
f 1901 1844 1565
f 1844 1901 1346
f 327 1844 1346
f 1844 327 1926
f 1181 1131 189
f 1236 1131 1181
f 1131 1236 1677
f 1131 750 189
f 1131 1677 750
f 1133 724 418
f 461 1133 1745
f 1133 1363 1745
f 1363 1133 506
f 997 747 1601
f 231 997 353
f 997 1601 353
f 997 231 754
f 747 997 754
f 472 438 86
f 438 234 86
f 234 438 488
f 54 1832 961
f 1819 1832 54
f 586 345 642
f 345 586 588
f 1200 586 642
f 1819 586 1200
f 586 1819 588
f 26 828 1857
f 26 1156 867
f 571 26 1857
f 1156 26 571
f 804 130 1857
f 525 130 804
f 130 525 4
f 130 267 1857
f 130 4 267
f 1263 179 1792
f 1263 523 179
f 95 1263 1792
f 1263 95 196
f 523 1263 196
f 110 209 99
f 209 289 99
f 209 110 157
f 289 209 196
f 617 1329 726
f 313 617 726
f 1329 617 1095
f 617 418 1095
f 853 59 1845
f 853 313 59
f 853 1845 169
f 277 1544 436
f 1544 1363 436
f 1544 440 1363
f 49 1542 1583
f 49 47 1542
f 49 1583 674
f 47 49 674
f 932 1315 802
f 932 85 392
f 85 932 802
f 119 932 392
f 1315 932 119
f 1753 1675 553
f 1675 1753 703
f 1753 1040 703
f 271 1870 1655
f 1870 124 1655
f 341 190 88
f 190 883 88
f 883 190 723
f 723 190 1174
f 1531 190 341
f 1531 341 1528
f 207 1531 1528
f 1272 134 36
f 36 134 1248
f 134 153 1248
f 897 801 548
f 1685 801 897
f 1273 1964 632
f 1964 303 632
f 303 1964 1273
f 1633 1405 695
f 1405 1633 1928
f 1405 1169 695
f 1169 1405 719
f 1992 1906 729
f 1906 1992 437
f 729 1906 689
f 1906 437 689
f 159 349 729
f 349 1992 729
f 1992 349 1000
f 952 303 1176
f 303 952 550
f 924 952 1176
f 295 952 924
f 805 1661 1855
f 1855 1661 1879
f 1661 133 1006
f 133 1661 805
f 1421 1855 510
f 1421 805 1855
f 805 1421 159
f 1421 1380 159
f 1900 1421 510
f 1421 1900 1380
f 1116 1100 1501
f 1221 1100 1013
f 604 872 471
f 604 471 1931
f 406 604 1824
f 872 604 406
f 604 1931 1259
f 604 1259 1501
f 1100 604 1501
f 1824 604 1221
f 604 1100 1221
f 1342 1322 1834
f 410 1322 1342
f 1322 410 972
f 1322 1912 1834
f 1322 972 1912
f 1665 1411 1702
f 551 1665 1702
f 621 601 1059
f 601 621 1185
f 621 945 1185
f 621 1526 945
f 287 1146 72
f 1146 600 855
f 287 600 1146
f 600 287 1211
f 600 1783 855
f 1783 600 90
f 1513 72 576
f 1526 1513 576
f 1513 287 72
f 287 1513 1211
f 1211 1513 781
f 1513 780 781
f 813 1626 1367
f 846 1626 813
f 1420 1626 1671
f 1626 87 1671
f 87 1626 846
f 297 1420 460
f 297 460 889
f 297 1626 1420
f 297 501 1367
f 1626 297 1367
f 1451 1211 781
f 1451 600 1211
f 274 780 1059
f 501 274 1059
f 780 274 781
f 339 594 457
f 343 594 339
f 825 1070 1627
f 707 1070 1726
f 1070 502 1627
f 1070 707 502
f 1726 1070 1595
f 1070 1207 1595
f 933 1070 825
f 1070 933 1207
f 763 261 879
f 261 1974 879
f 707 261 975
f 1974 261 707
f 1351 1150 522
f 1351 522 1879
f 1351 221 691
f 1150 1351 691
f 1351 1661 1006
f 1661 1351 1879
f 1351 1908 486
f 1351 486 1124
f 221 1351 1124
f 133 1351 1006
f 1351 133 1908
f 852 74 1286
f 74 1433 1286
f 199 74 852
f 74 199 520
f 1433 74 520
f 380 1682 1343
f 103 380 1099
f 1682 380 103
f 1682 609 1343
f 1343 609 832
f 690 609 1728
f 832 609 690
f 609 1766 1728
f 1766 609 1682
f 1766 1682 103
f 1984 769 1880
f 1984 1057 769
f 1057 1984 1120
f 430 1984 1880
f 1120 1984 1479
f 1584 1280 1568
f 1835 1584 1568
f 1584 1835 1280
f 791 339 1983
f 653 791 1983
f 791 653 700
f 343 791 700
f 791 343 339
f 835 1084 1577
f 693 1878 139
f 1878 693 1577
f 139 1878 1644
f 1878 521 1644
f 1878 1084 521
f 1084 1878 1577
f 1567 1412 206
f 195 1412 1567
f 206 1412 117
f 1412 195 117
f 1133 1041 724
f 1041 1133 461
f 1041 461 1566
f 950 1041 1566
f 1041 950 1323
f 724 1041 1323
f 762 472 1036
f 762 438 472
f 762 1200 642
f 762 1036 1200
f 488 762 642
f 438 762 488
f 1832 990 961
f 990 1832 1551
f 961 990 1430
f 990 1551 1430
f 1760 1819 1695
f 1760 1832 1819
f 1098 1760 1695
f 423 1760 1098
f 1760 423 1551
f 1832 1760 1551
f 828 921 340
f 26 921 828
f 921 1998 1886
f 1998 921 867
f 921 26 867
f 1563 921 1886
f 921 1563 340
f 209 657 196
f 657 209 157
f 657 1575 196
f 1575 657 157
f 469 617 313
f 853 469 313
f 617 469 418
f 506 469 169
f 469 853 169
f 469 1133 418
f 1133 469 506
f 1662 1336 277
f 1336 1544 277
f 1336 1662 1048
f 1336 1048 1253
f 1336 440 1544
f 1363 1592 1745
f 440 1592 1363
f 1592 771 1745
f 771 1592 466
f 1592 440 466
f 933 174 1207
f 1907 1614 688
f 1191 1907 688
f 810 1907 1191
f 1753 1741 1040
f 1414 400 1744
f 1414 1744 829
f 400 1414 271
f 1414 1870 271
f 1870 1414 124
f 946 1414 829
f 124 1414 946
f 61 816 865
f 816 61 1473
f 816 1473 1174
f 190 816 1174
f 153 1549 1616
f 134 1549 153
f 1616 1549 710
f 1549 1320 710
f 896 1685 27
f 896 801 1685
f 87 896 27
f 896 87 846
f 896 846 548
f 801 896 548
f 1204 1619 1928
f 1619 1405 1928
f 1619 1204 719
f 1405 1619 719
f 768 349 159
f 1380 768 159
f 295 768 1380
f 768 295 924
f 212 1900 56
f 212 56 979
f 1900 212 1380
f 550 212 979
f 952 212 550
f 212 295 1380
f 212 952 295
f 1022 250 1116
f 250 1100 1116
f 250 1022 1046
f 1411 52 817
f 1665 52 1411
f 52 1977 817
f 1977 52 1367
f 52 227 1367
f 52 1665 227
f 1722 1665 551
f 1665 1722 227
f 227 1722 425
f 425 1722 548
f 1722 551 548
f 780 178 1059
f 178 621 1059
f 1513 178 780
f 621 178 1526
f 178 1513 1526
f 90 574 147
f 600 574 90
f 574 645 147
f 574 1451 645
f 1818 1751 889
f 1431 1751 1818
f 1751 1431 304
f 1451 1798 645
f 1798 1451 781
f 274 1798 781
f 261 254 975
f 254 261 763
f 254 343 975
f 254 594 343
f 254 763 457
f 594 254 457
f 145 1343 335
f 145 380 1343
f 145 335 1099
f 380 145 1099
f 1467 103 1479
f 1467 1766 103
f 1984 1467 1479
f 1084 1543 521
f 703 1543 1553
f 1040 1543 703
f 174 1543 1040
f 1543 835 1553
f 1543 1084 835
f 473 788 1253
f 788 1336 1253
f 788 473 466
f 440 788 466
f 1336 788 440
f 583 174 1040
f 1207 583 1546
f 174 583 1207
f 1546 583 980
f 67 174 933
f 67 825 521
f 67 933 825
f 1543 67 521
f 67 1543 174
f 1741 1179 1614
f 1179 1741 1753
f 1614 1179 553
f 1179 1753 553
f 1531 352 190
f 352 816 190
f 816 352 865
f 352 207 865
f 352 1531 207
f 1549 1673 1320
f 1673 1549 134
f 1320 1673 378
f 378 1673 1735
f 1673 1272 1735
f 1673 134 1272
f 1307 768 924
f 768 1307 349
f 1307 924 1000
f 349 1307 1000
f 1100 342 1013
f 250 342 1100
f 342 109 1013
f 342 1293 109
f 342 250 1046
f 1293 342 1965
f 342 1046 1965
f 1451 634 600
f 634 574 600
f 574 634 1451
f 694 297 889
f 1751 694 889
f 297 694 501
f 694 304 645
f 694 1751 304
f 1701 1984 430
f 1701 1467 1984
f 1467 1701 1766
f 1701 430 1728
f 1766 1701 1728
f 1365 583 1040
f 583 1365 980
f 980 1365 973
f 1365 810 973
f 1365 1907 810
f 1798 1590 645
f 1590 694 645
f 694 1590 501
f 1590 274 501
f 1590 1798 274
f 1741 1388 1040
f 1388 1365 1040
f 1388 1741 1614
f 1365 448 1907
f 1388 448 1365
f 1907 448 1614
f 448 1388 1614
o Cracks
v -9.328429869320946 4.270236452010575 0.1
v -10.985665897938842 3.974237465026963 0.1
v -9.549153041681606 4.724932641119601 0.1
v -11.06237547596307 5.538358541128828 0.1
v -10.13181519929397 5.402416725653593 0.1
l 2001 2002 2003 2004 2005
v -0.35144076477355624 -2.4260070126497983 0.1
v 0.242112488460005 -1.9423651954949803 0.1
v 0.53457872093872 -1.6229206201328952 0.1
v -0.34831620846091305 -1.8229212149832292 0.1
v -0.4806488589287785 -1.8359571466369915 0.1
l 2006 2007 2008 2009 2010
v -0.9496287276155266 -8.875102015875012 0.1
v -0.4870812783800269 -10.209253775318343 0.1
v -0.4730598369714045 -9.881130517006744 0.1
v -0.8709364381558007 -9.46129492305256 0.1
v -0.6847941020673864 -8.7453082902905 0.1
l 2011 2012 2013 2014 2015
v 15.24743891363372 -8.012361267098402 0.1
v 15.17497156950104 -8.74559177430289 0.1
v 14.263116263347056 -7.927316756857709 0.1
v 14.343452263909464 -6.883763103106068 0.1
v 14.097047973507962 -8.141343789621956 0.1
l 2016 2017 2018 2019 2020
v -12.875954578441144 -3.1667737107096503 0.1
v -13.304835578986589 -4.0551000055301545 0.1
v -12.809524111724421 -4.270461571771678 0.1
v -13.694700348643739 -3.628303280113056 0.1
v -13.986579521583645 -4.355771209391781 0.1
l 2021 2022 2023 2024 2025
v 10.8165784714722 -3.557446624572872 0.1
v 10.665654406797785 -4.991022828765354 0.1
v 9.92146541906697 -5.147319055405072 0.1
v 9.108175723984056 -5.45126427459398 0.1
v 10.775926098067062 -4.846079302554961 0.1
l 2026 2027 2028 2029 2030
v -11.704492772677995 -13.77888226410898 0.1
v -11.554541956326162 -12.875516555304273 0.1
v -11.82580367676239 -13.612132174595084 0.1
v -12.38388340489264 -13.12563296640556 0.1
v -11.218619951732418 -12.625647348790327 0.1
l 2031 2032 2033 2034 2035
v -1.3451022289094143 10.296753261931569 0.1
v -1.7446235517706172 8.628575273496022 0.1
v -1.4751292118772805 9.046284093103864 0.1
v -1.0573097065583494 9.233013215184839 0.1
v -0.6110298554822717 10.249107938770004 0.1
l 2036 2037 2038 2039 2040
v -5.072544124541592 -1.9100630033687465 0.1
v -5.07885258329188 -2.710086253382493 0.1
v -6.433417541423228 -3.192601224453451 0.1
v -5.027153921472846 -2.5196142457806405 0.1
v -6.297341662192647 -2.8224601262255686 0.1
l 2041 2042 2043 2044 2045
v -8.517956733658316 3.629032991228166 0.1
v -7.90856622183605 3.021283028875875 0.1
v -9.26515142064074 3.011468660932923 0.1
v -9.170546742917473 3.6047477736877322 0.1
v -8.471576905994423 3.815363687021146 0.1
l 2046 2047 2048 2049 2050
v -9.89671529142957 -8.762570457923063 0.1
v -10.59727792795732 -8.626558988796226 0.1
v -11.53696922071282 -8.372703159397435 0.1
v -11.640763562295595 -8.193468704451009 0.1
v -11.227963114413129 -7.430363907895962 0.1
l 2051 2052 2053 2054 2055
v 0.5911618304766499 14.510845973029873 0.1
v 1.62143298735597 13.639273750451311 0.1
v 0.7348705161676419 12.860091249689088 0.1
v 0.7240752598138309 12.556921019258748 0.1
v 0.9934058634686911 13.196105631080549 0.1
l 2056 2057 2058 2059 2060
v -1.9550919825945619 8.13159606057611 0.1
v -2.345626634861665 7.817446619151751 0.1
v -2.6220867392098937 7.91691901482971 0.1
v -1.6295490313729453 8.68120205507097 0.1
v -2.9947872940240963 8.67380434804463 0.1
l 2061 2062 2063 2064 2065
v 1.5721971116963782 3.100936781547148 0.1
v 1.8091073847261474 3.765025505900321 0.1
v 1.8630717807348376 4.897157205347059 0.1
v 1.7640190568701852 3.1336946364249783 0.1
v 2.006426312642941 4.490393605170301 0.1
l 2066 2067 2068 2069 2070
v 13.635947541369442 -13.823529154182488 0.1
v 12.882050673112497 -13.20839955841642 0.1
v 13.839857736777128 -12.679132552312101 0.1
v 13.201150377679436 -13.40224013394058 0.1
v 14.573186598159632 -12.86242095215273 0.1
l 2071 2072 2073 2074 2075
v -2.559659496754259 -9.463987075945488 0.1
v -3.7200564430982945 -10.648938686103653 0.1
v -3.5941954562270375 -10.147673784391273 0.1
v -3.241318402554367 -10.173077034139668 0.1
v -2.989280038287845 -10.565837895230274 0.1
l 2076 2077 2078 2079 2080
v -2.2840634807546056 9.83478143365438 0.1
v -2.039718303534211 9.840692999921366 0.1
v -2.809556817496596 10.439040987816313 0.1
v -2.7670915013881965 9.462817076437767 0.1
v -1.8506726991244788 9.591331641302963 0.1
l 2081 2082 2083 2084 2085
v 2.0428565290958356 -12.250791673704668 0.1
v 3.0032171543577317 -11.889474617559747 0.1
v 2.6171028311804543 -11.089614175178369 0.1
v 1.1584254918925878 -11.853636816399952 0.1
v 2.9075040704816386 -11.020407006663502 0.1
l 2086 2087 2088 2089 2090
v 10.671241631672384 -3.9164258542635872 0.1
v 11.59341564448063 -4.671821458862405 0.1
v 11.309310196464429 -3.5209668603812223 0.1
v 10.670848990019595 -3.041801749159172 0.1
v 11.397541595993907 -4.697717897213076 0.1
l 2091 2092 2093 2094 2095
v 11.62753899420646 1.626297315622346 0.1
v 10.57814738002863 1.2171237991537467 0.1
v 12.004621911154372 1.5327244861030582 0.1
v 11.90552468828953 2.5997287868215624 0.1
v 11.156985159292109 2.2862965078088378 0.1
l 2096 2097 2098 2099 2100
v -7.79899265535245 8.700454630899003 0.1
v -8.067368613860154 9.71000337204782 0.1
v -6.525585917902916 10.192812042877305 0.1
v -6.316586943002924 10.084394785417182 0.1
v -7.659589739182945 9.661165787098895 0.1
l 2101 2102 2103 2104 2105
v 3.6986641371768876 4.674152783353994 0.1
v 3.980402602397832 3.8896516520261226 0.1
v 3.4201305240731803 4.201684879293347 0.1
v 3.5503721708272264 3.330242563111593 0.1
v 4.917633306988739 4.669403299904995 0.1
l 2106 2107 2108 2109 2110
v 8.521653235577835 3.597190740406404 0.1
v 9.576235607044135 3.908884605109748 0.1
v 9.657273160890757 2.5959486833158554 0.1
v 9.027901760895581 4.18270624281435 0.1
v 9.603865803566805 3.4443634659312306 0.1
l 2111 2112 2113 2114 2115
v -15.156343651086774 2.6881348442478528 0.1
v -14.776632877092354 3.244668256228471 0.1
v -15.18876213428107 2.485229724785599 0.1
v -14.026632177746912 2.138007002805254 0.1
v -14.51370050066057 2.8099995685783066 0.1
l 2116 2117 2118 2119 2120
v 10.554681076874466 -4.0666540680689955 0.1
v 11.208188699405575 -4.593269937170368 0.1
v 11.98255550714467 -4.977340139962935 0.1
v 11.991958455786076 -4.122320071638683 0.1
v 11.997635532252646 -4.692562164757971 0.1
l 2121 2122 2123 2124 2125
v 3.9252944107974774 -5.744200215502558 0.1
v 3.781200831809672 -6.820620159623019 0.1
v 3.9320410517487225 -6.455043325889859 0.1
v 3.2263914083452914 -5.884009993177833 0.1
v 3.346931285905878 -6.227675751711694 0.1
l 2126 2127 2128 2129 2130
v -9.408350510297474 -7.600424504664028 0.1
v -7.868462674187727 -7.034919753312895 0.1
v -8.633874002627536 -7.50764587335454 0.1
v -8.267036430585842 -7.173263149220092 0.1
v -9.519832054821931 -7.436231826815359 0.1
l 2131 2132 2133 2134 2135
v 8.385888207710599 -4.607343652378421 0.1
v 7.154961364967253 -3.4316042423437203 0.1
v 8.151368453897145 -3.4982966265485747 0.1
v 8.004404624771697 -5.322997331271824 0.1
v 8.845820999268053 -4.769613158890614 0.1
l 2136 2137 2138 2139 2140
v 13.185806422813076 10.89256941615135 0.1
v 13.986170030051031 10.914392650582647 0.1
v 13.69357521116473 12.447274845613828 0.1
v 13.116121874658385 12.271255225598416 0.1
v 12.924239965641053 11.295001364369568 0.1
l 2141 2142 2143 2144 2145
v -7.36590407635585 -3.8196421844861868 0.1
v -7.142354957811033 -3.928297169330385 0.1
v -7.991962382952573 -5.361210021106975 0.1
v -7.025710677658543 -5.364548382660524 0.1
v -6.893807592235806 -4.774751467678397 0.1
l 2146 2147 2148 2149 2150
v 12.811365585865964 -7.317911876500523 0.1
v 12.827499830476272 -6.97571579497455 0.1
v 12.144620148340833 -6.823435012831897 0.1
v 12.686890123904393 -6.716768411800131 0.1
v 13.085701859147305 -7.340257323697678 0.1
l 2151 2152 2153 2154 2155
v -11.01030107712188 -2.636846669090322 0.1
v -11.707478864580084 -3.720720414848314 0.1
v -11.79694913930257 -4.173085300647809 0.1
v -10.661214467889259 -4.240842991020405 0.1
v -10.55519696086763 -4.174746187127344 0.1
l 2156 2157 2158 2159 2160
v 4.306769953090369 10.038111005539621 0.1
v 4.625570207717838 8.494155376476144 0.1
v 4.4096948391644855 8.909641145381917 0.1
v 3.925891798075787 9.203969670735784 0.1
v 4.619932966634789 8.401757360956116 0.1
l 2161 2162 2163 2164 2165
v 10.458516105168458 12.90343418391943 0.1
v 9.40871188033553 12.786590883949325 0.1
v 9.156935905873853 12.720964279435595 0.1
v 8.766420670776284 12.68487594412702 0.1
v 10.400603018519899 11.940972947718167 0.1
l 2166 2167 2168 2169 2170
v -12.845472851935384 8.533499347803119 0.1
v -12.902700437668077 8.424732939206542 0.1
v -13.612042861306065 8.920024660969872 0.1
v -13.27602155793913 8.886746537757347 0.1
v -12.360428480524522 8.003938085986269 0.1
l 2171 2172 2173 2174 2175
v -14.59356736510313 1.256969868541737 0.1
v -13.786026393395348 1.005287811735618 0.1
v -14.858501286152373 1.0905062552568865 0.1
v -14.929555331121993 0.28295002807660974 0.1
v -14.159399795994718 1.2707022732843136 0.1
l 2176 2177 2178 2179 2180
v -3.5684210289619793 13.000271064365256 0.1
v -4.80426634044108 13.83978762585259 0.1
v -3.359251637494532 13.371068732293907 0.1
v -4.107565938672047 12.18703453272379 0.1
v -4.92244983270604 13.430534183098583 0.1
l 2181 2182 2183 2184 2185
v 8.076847888988187 13.590475236918078 0.1
v 7.401614896286833 13.954677849017518 0.1
v 8.463548603945327 13.579299253763873 0.1
v 7.547927670664576 14.536411875767941 0.1
v 8.084467919267613 13.352948994485123 0.1
l 2186 2187 2188 2189 2190
v -0.4275689163600893 -3.5022217136477463 0.1
v -1.3848186869751014 -4.074253134189313 0.1
v -1.4937902591555379 -3.923736471899659 0.1
v -0.912522099065413 -3.644170468871045 0.1
v -0.8661172853338623 -4.399071452513811 0.1
l 2191 2192 2193 2194 2195
v 11.985051152505624 10.847380423445598 0.1
v 12.539007388706493 10.829761127531231 0.1
v 10.76852957678597 12.628254957625233 0.1
v 12.060285037986805 11.713196929273323 0.1
v 11.565161430083542 11.13169230536347 0.1
l 2196 2197 2198 2199 2200
v -4.797228693397066 13.326992645116206 0.1
v -4.95160817792603 12.718718417689207 0.1
v -3.6703725982669093 13.704586994850676 0.1
v -3.709563297559165 12.974604509616245 0.1
v -4.958150465530189 12.692186899947973 0.1
l 2201 2202 2203 2204 2205
v 3.074560260941526 -12.293641253956896 0.1
v 4.26059623927992 -12.980756950946798 0.1
v 3.698126151694055 -12.030167646775864 0.1
v 3.222483967110605 -12.302466384010698 0.1
v 2.5295759650806477 -13.149985613395218 0.1
l 2206 2207 2208 2209 2210
v 11.477087668833102 -6.814997106244062 0.1
v 12.774103466278252 -5.772761353395822 0.1
v 12.10025791078706 -6.357215992121796 0.1
v 12.27271166938254 -6.337711158510265 0.1
v 12.064403527215394 -5.521475657677948 0.1
l 2211 2212 2213 2214 2215
v 1.876390031822112 13.423064383381796 0.1
v 0.61448157902608 12.873233489808461 0.1
v 2.178760101455258 13.984779324297822 0.1
v 2.3421446475930283 13.588270710217216 0.1
v 0.8561752227375132 13.862657080310935 0.1
l 2216 2217 2218 2219 2220
v 10.645249628880382 3.2933665092101077 0.1
v 10.52211074317938 3.141221004500598 0.1
v 9.767009271407392 3.6757103454751743 0.1
v 10.827743181678255 4.026302180993163 0.1
v 11.419576270811184 3.2636718661180115 0.1
l 2221 2222 2223 2224 2225
v 11.78685900662961 -6.329465607460193 0.1
v 13.532493371397642 -6.616920108592599 0.1
v 11.858232496685634 -6.74989115080278 0.1
v 12.540906090666557 -6.681712468087226 0.1
v 13.616249758936558 -6.150068810123606 0.1
l 2226 2227 2228 2229 2230
v 10.05140617229631 -12.613487674171147 0.1
v 10.845454772416712 -12.120839301321435 0.1
v 11.37409111561098 -11.867810830372155 0.1
v 10.982468118010955 -12.98832508627836 0.1
v 11.281560853155458 -12.367832564698121 0.1
l 2231 2232 2233 2234 2235
v -7.6102370962353545 3.1939695533293366 0.1
v -7.048407277879162 1.3816485220532468 0.1
v -8.49895599159765 1.6148387292188322 0.1
v -7.3771983819801985 2.902322654591923 0.1
v -6.779384305160256 2.692329474638896 0.1
l 2236 2237 2238 2239 2240
v 1.4870790052509377 4.227067950276092 0.1
v 1.3873553791887012 4.801289644984725 0.1
v 1.7785413316471366 5.153737891214039 0.1
v 2.030445613193117 3.956566094553101 0.1
v 2.4274326844908325 4.733389570602904 0.1
l 2241 2242 2243 2244 2245
v 10.556073053635393 8.470152072427062 0.1
v 10.520518909209517 9.102658676626854 0.1
v 9.631202310193487 7.965325274560059 0.1
v 9.805356207703397 8.544842502346478 0.1
v 9.621890897656801 9.604073771533137 0.1
l 2246 2247 2248 2249 2250
v -2.989685309406817 -3.926399530375352 0.1
v -2.332542011967558 -5.595211283050515 0.1
v -2.9053121887743427 -4.95703214428789 0.1
v -2.05998828939752 -4.724344631859747 0.1
v -3.299512493918 -4.641911552321788 0.1
l 2251 2252 2253 2254 2255
v -14.342957466325668 2.7353248023794885 0.1
v -13.751731745488218 2.5116444115730245 0.1
v -14.130235850004317 3.0963459963563316 0.1
v -13.072191991452161 2.7264351194959526 0.1
v -13.007342380255292 2.41092674628884 0.1
l 2256 2257 2258 2259 2260
v 12.12579058068448 -10.288415129813469 0.1
v 13.234452855667271 -11.479102355208274 0.1
v 13.015858888871877 -9.988204793229988 0.1
v 12.611727023126349 -10.900445527336743 0.1
v 12.498566147177709 -10.607647816528399 0.1
l 2261 2262 2263 2264 2265
v -8.116417981695891 4.359497920549226 0.1
v -8.764316353115525 5.0906133577802954 0.1
v -8.212368592895395 6.240106320629894 0.1
v -8.231411833798626 4.372662224303673 0.1
v -7.756261510814043 5.537695008557827 0.1
l 2266 2267 2268 2269 2270
v 10.956808247600607 -7.2448275817323955 0.1
v 11.347532254051112 -7.03851222951374 0.1
v 12.02915599788869 -7.185538843876366 0.1
v 10.45302465822749 -7.068649564001871 0.1
v 11.941685709583147 -7.47941110973268 0.1
l 2271 2272 2273 2274 2275
v -14.343727185978544 15.102972529112895 0.1
v -13.380118140383033 13.851907946208296 0.1
v -12.424904252728592 15.247163231217574 0.1
v -14.371227470130528 14.100042817351422 0.1
v -14.205112025194358 14.092374651569742 0.1
l 2276 2277 2278 2279 2280
v 7.2078121531346415 -1.7415528362654629 0.1
v 6.027364274808293 -2.1824522801806108 0.1
v 6.641717524538481 -0.8039077914640489 0.1
v 6.227941673730339 -0.7795479001532131 0.1
v 7.163234978411692 -0.7987662952218095 0.1
l 2281 2282 2283 2284 2285
v 10.036043035829328 -4.8896444098246485 0.1
v 10.770735797026573 -5.033791797564317 0.1
v 9.616508113045052 -5.013140587604037 0.1
v 9.525521738352666 -6.382751666637663 0.1
v 9.859914346755835 -4.5126183464746035 0.1
l 2286 2287 2288 2289 2290
v 10.78763418736772 0.14851334334086008 0.1
v 11.597647414594503 1.0600204623928484 0.1
v 10.803132962666211 -0.03373195208896296 0.1
v 11.308625224353314 1.0129456481252497 0.1
v 10.057477080000018 0.11912552895149875 0.1
l 2291 2292 2293 2294 2295
v 2.423396989070127 8.196318436841183 0.1
v 3.2476738294148557 9.864143579616604 0.1
v 1.8273982868822154 9.690969277331924 0.1
v 1.9793912216303624 8.302717336230913 0.1
v 2.332313615952998 8.98626657661173 0.1
l 2296 2297 2298 2299 2300
v 13.746671586198339 -12.840717743938761 0.1
v 13.711145871168029 -13.138903613893973 0.1
v 13.713482177260492 -13.984107572231089 0.1
v 13.480469160739469 -13.994367907079797 0.1
v 12.957383844291533 -12.618392158561717 0.1
l 2301 2302 2303 2304 2305
v -9.99409847150812 6.460192198993971 0.1
v -9.499044865152047 7.323526560555826 0.1
v -8.706219100610928 6.243540889692502 0.1
v -9.894677834289165 6.291402353429191 0.1
v -9.304651787579258 6.511983364570405 0.1
l 2306 2307 2308 2309 2310
v 2.6887068609730784 7.339898934751268 0.1
v 2.6163995921134666 9.097903574439975 0.1
v 3.0057066650600275 7.3975779802876716 0.1
v 3.1141469152172156 8.311712274017676 0.1
v 4.509996808646177 7.279421193711759 0.1
l 2311 2312 2313 2314 2315
v -1.9067167772770843 -3.239872722100473 0.1
v -2.8058948660736696 -1.4217126305425292 0.1
v -2.2335281839779446 -3.193980964778514 0.1
v -0.9368583249751097 -2.085279969826799 0.1
v -2.172114413947908 -3.0849178819811076 0.1
l 2316 2317 2318 2319 2320
v -8.535015681860889 -1.9857232614415514 0.1
v -6.9367658522779525 -1.4063550690919282 0.1
v -8.175563363969893 -1.651207582935344 0.1
v -8.214888148637527 -0.7010306399353188 0.1
v -7.217718768341374 -0.8298372140412535 0.1
l 2321 2322 2323 2324 2325
v 4.900897153648932 9.915401072507187 0.1
v 3.1440554272862244 9.304979018799951 0.1
v 5.026879045295245 8.985358317103566 0.1
v 4.3660325406240785 10.589190252084245 0.1
v 3.454853422712347 9.531139235674209 0.1
l 2326 2327 2328 2329 2330
v 9.119408458419665 2.2978412413598424 0.1
v 10.404535672140414 3.833928661465883 0.1
v 9.85811924574088 4.233542947850598 0.1
v 8.94485049306461 2.830311831560387 0.1
v 9.495929731888696 2.571271117984193 0.1
l 2331 2332 2333 2334 2335
v 8.235331698285599 8.19532087762292 0.1
v 6.73590274716911 8.455331771595448 0.1
v 6.495735726291551 8.529583315338952 0.1
v 6.980399743569608 7.882933157826809 0.1
v 6.901397142826559 9.005672487061743 0.1
l 2336 2337 2338 2339 2340
v -4.206360733310977 3.029750307970371 0.1
v -5.056137566956068 2.8457237549012464 0.1
v -5.597391209048949 1.5780606071293348 0.1
v -4.277268131411816 1.663302053215987 0.1
v -4.522595576488247 2.0069063396570934 0.1
l 2341 2342 2343 2344 2345
v 5.5076766107203525 8.521192222705464 0.1
v 5.471873484871879 8.715552223778396 0.1
v 4.533908697793035 8.288137160274644 0.1
v 4.508155463944645 8.11948496784623 0.1
v 4.216222549136433 8.835449527345146 0.1
l 2346 2347 2348 2349 2350
v -4.609605708515298 1.6983990879308224 0.1
v -4.4709314361762225 1.781885852652577 0.1
v -5.053062566816543 1.872673695615279 0.1
v -6.166463171813303 1.6478930781638237 0.1
v -4.379514844976672 1.7449378213826312 0.1
l 2351 2352 2353 2354 2355
v -10.706134871918927 9.88762557458012 0.1
v -9.576802610933711 9.560163752717624 0.1
v -10.831374054968599 9.936376540524487 0.1
v -9.207955252604856 9.820951648964204 0.1
v -9.347300390880743 9.857699151903505 0.1
l 2356 2357 2358 2359 2360
v -7.360538163306555 -4.435164218485961 0.1
v -8.409950348505912 -2.9834453924864244 0.1
v -7.614371809523128 -4.121177806690479 0.1
v -6.555914591128295 -3.574834187685179 0.1
v -7.430426842449847 -2.9376429957318293 0.1
l 2361 2362 2363 2364 2365
v 3.188154757330045 -2.6952968740844208 0.1
v 2.300163807537346 -3.1610247955114 0.1
v 2.8023683052018957 -3.409101923997066 0.1
v 3.7213096707643665 -2.364083901406775 0.1
v 3.1581410739341864 -3.5305735886842893 0.1
l 2366 2367 2368 2369 2370
v 9.32905710303141 -11.991875967553671 0.1
v 10.863077281835654 -11.962554675916245 0.1
v 9.909962125523927 -10.851988539010598 0.1
v 9.684380317765346 -12.010190568305978 0.1
v 9.775310816249165 -11.339529303678509 0.1
l 2371 2372 2373 2374 2375
v 11.13383648965383 8.76346597835281 0.1
v 12.296304093328738 7.942140990085644 0.1
v 11.093161099884464 8.91593598753326 0.1
v 12.227966296389845 9.295284696445352 0.1
v 11.92035925646751 9.647536322082333 0.1
l 2376 2377 2378 2379 2380
v -6.8934136615148285 14.550124273658462 0.1
v -6.458828630192999 13.954194566421794 0.1
v -6.488708763128058 15.287134434247989 0.1
v -6.373687368845625 15.509811784805239 0.1
v -6.95820099297179 14.011564780669932 0.1
l 2381 2382 2383 2384 2385
v 2.2226448208824165 -6.713104524145241 0.1
v 3.820329895771099 -6.8117581830415235 0.1
v 3.777191630973559 -6.589119545892889 0.1
v 3.187457949330187 -5.469831186278899 0.1
v 3.1481756353325734 -5.412320948245645 0.1
l 2386 2387 2388 2389 2390
v 12.427280770829656 15.000048684910055 0.1
v 12.101336020312043 15.034893799415121 0.1
v 11.645655339074425 15.724307409871807 0.1
v 12.021926876669033 14.348103764675862 0.1
v 12.168312751404725 15.775998057141651 0.1
l 2391 2392 2393 2394 2395
v 9.245251122161322 1.5974657277379642 0.1
v 9.7240141358235 0.018963992591000123 0.1
v 8.842779295201789 0.7760616678866363 0.1
v 9.796339502563766 -0.059109723421435056 0.1
v 10.293598541926801 0.49787982562929645 0.1
l 2396 2397 2398 2399 2400
v -7.868773536295944 1.6023696674580037 0.1
v -6.565004502001029 2.082923775172362 0.1
v -7.6888640558292325 1.602296205810707 0.1
v -7.263391532665027 3.4129565353692595 0.1
v -6.871799159093063 2.046293391756932 0.1
l 2401 2402 2403 2404 2405
v -13.540450247946161 6.531662722745729 0.1
v -12.55749678264166 6.053391097437068 0.1
v -14.12871175435396 5.40912014906323 0.1
v -13.583733826953624 6.383479129186379 0.1
v -14.369282949100192 5.265051961877603 0.1
l 2406 2407 2408 2409 2410
v -1.8205268167396411 9.803701475435977 0.1
v -0.745186420326194 10.26762136842744 0.1
v -1.7095984176966061 10.084711213796583 0.1
v -1.5479462004675006 11.069130344785197 0.1
v -2.414551997847839 9.754461956747363 0.1
l 2411 2412 2413 2414 2415
v 9.739083306909052 -3.696687809490803 0.1
v 8.320575570346119 -4.479836359327615 0.1
v 8.313207894797431 -3.895525996195909 0.1
v 8.276296086308045 -5.3212943949292955 0.1
v 8.588946576460497 -3.9277799271380722 0.1
l 2416 2417 2418 2419 2420
v 0.1129618272012125 11.31338388517413 0.1
v -0.14765563559629835 11.007959789582376 0.1
v 0.40862823001988513 11.47014726013359 0.1
v 1.7224816915708805 11.111164007839914 0.1
v 0.21697950417323164 11.502678968163151 0.1
l 2421 2422 2423 2424 2425
v -7.604350213191922 -6.578379217408679 0.1
v -7.429043207622499 -5.6393321367988465 0.1
v -6.800873120199409 -5.4302528169254725 0.1
v -7.175871094263421 -5.899498000580922 0.1
v -6.669999350674991 -6.166899615271225 0.1
l 2426 2427 2428 2429 2430
v -5.034373256380504 -7.63811887767094 0.1
v -4.8593932323501825 -7.0841715505655625 0.1
v -4.595410699443751 -5.927245696498589 0.1
v -3.7197694834507464 -6.768957799821493 0.1
v -3.2140912496115117 -6.844906303473003 0.1
l 2431 2432 2433 2434 2435
v 13.301347795958979 0.8725930401387489 0.1
v 13.423987890291732 0.8047277039943952 0.1
v 13.254838740448744 1.251815404852437 0.1
v 12.789560381782556 2.3541825134549974 0.1
v 14.055237021372664 2.4804827900168167 0.1
l 2436 2437 2438 2439 2440
v 8.135081045391905 -2.8674753279938243 0.1
v 8.560873510938752 -4.362908147176219 0.1
v 8.108948503712586 -2.88519343671548 0.1
v 7.664351618017375 -3.2053938089989633 0.1
v 7.6811999082612195 -4.183876716460956 0.1
l 2441 2442 2443 2444 2445
v 11.252179293363362 12.66328843477222 0.1
v 12.295857064023009 11.769532290409673 0.1
v 11.15052845567717 12.557115054419402 0.1
v 11.940611771649992 12.735678559715643 0.1
v 11.884324505831822 11.518630375398695 0.1
l 2446 2447 2448 2449 2450
v -3.37994464028819 -4.2435928359574575 0.1
v -3.73800016696611 -2.6141894286325646 0.1
v -2.8289088538175693 -2.788587406027852 0.1
v -3.83285039833497 -3.658094012733511 0.1
v -2.5059058785260744 -4.236003472184659 0.1
l 2451 2452 2453 2454 2455
v 12.074241129143905 8.910310987408653 0.1
v 11.900476639448904 8.258191264429442 0.1
v 11.826089379647852 9.701850469042098 0.1
v 12.877088329116434 8.258227141391602 0.1
v 12.260647411421036 9.466404911079 0.1
l 2456 2457 2458 2459 2460
v -13.127970881129075 -4.903084533170091 0.1
v -12.838057045431317 -3.708325190892076 0.1
v -12.870504979030635 -5.027634401187683 0.1
v -13.450965899520561 -4.131819859057389 0.1
v -13.316379079606913 -3.612200784719924 0.1
l 2461 2462 2463 2464 2465
v 0.8224157750895087 -8.6185627798086 0.1
v 0.45519820414214585 -9.494621071550378 0.1
v 1.3641094597847978 -8.400530243458354 0.1
v 0.1970996804970211 -9.528845240930236 0.1
v 0.24060930755655363 -9.625315893906023 0.1
l 2466 2467 2468 2469 2470
v 13.98372099506855 8.61632024667398 0.1
v 14.724159341627 8.317545542293347 0.1
v 14.977886855140024 8.526740070690451 0.1
v 14.31691586585479 8.466393564281073 0.1
v 14.833145180108284 7.752573771768668 0.1
l 2471 2472 2473 2474 2475
v -9.866203590324988 13.114298017008604 0.1
v -9.541182588564217 14.04589242028137 0.1
v -10.447594920340473 13.198527270809892 0.1
v -10.669581932547597 14.912627098753308 0.1
v -10.227264556708155 14.42784583676386 0.1
l 2476 2477 2478 2479 2480
v -3.6035429313215963 14.562205309552716 0.1
v -3.4880311445754444 12.77805409502209 0.1
v -4.093454462360197 14.165212066953615 0.1
v -3.503023631744573 13.182379643072492 0.1
v -4.759411690607397 13.852690451718333 0.1
l 2481 2482 2483 2484 2485
v 14.53393158487166 2.9936299262167765 0.1
v 13.788638327596543 3.8837633993354093 0.1
v 14.520137355290467 3.3898957513128662 0.1
v 13.527405532949079 3.0017236849315028 0.1
v 13.322794810898117 2.6006668013546457 0.1
l 2486 2487 2488 2489 2490
v 7.027996384786276 8.871805404074244 0.1
v 7.849461032921119 9.13612063782131 0.1
v 8.348445258798645 8.598155025825797 0.1
v 8.229041164649662 8.899069051844648 0.1
v 7.325514366397165 8.31020786363179 0.1
l 2491 2492 2493 2494 2495
v -3.323776483153051 1.3551001527589557 0.1
v -2.6422930677159853 1.1110816761422195 0.1
v -1.8917393420079116 1.7150622561530362 0.1
v -2.556440168054182 0.05158591727958006 0.1
v -3.262221577875649 0.25329079614442884 0.1
l 2496 2497 2498 2499 2500
v -14.039353730922247 -7.645049013494586 0.1
v -14.108938381479415 -7.353157449621218 0.1
v -13.337691164054055 -6.634305921213324 0.1
v -13.053241486266044 -7.964569271618206 0.1
v -13.541250862717451 -8.417412250581389 0.1
l 2501 2502 2503 2504 2505
v 12.275990688988754 13.919677869108869 0.1
v 12.326170083780246 14.979895592443471 0.1
v 12.765856707744224 14.529767456341203 0.1
v 12.715859473701958 13.448467841280364 0.1
v 13.2303432532366 13.633948223865175 0.1
l 2506 2507 2508 2509 2510
v 11.972951454824974 14.821720169481129 0.1
v 11.669720484430854 14.932741112702631 0.1
v 13.27448805739201 13.275645961342384 0.1
v 13.248789209932243 14.148216338933512 0.1
v 12.581903545568574 14.693345254172014 0.1
l 2511 2512 2513 2514 2515
v 3.331172617783152 -9.507606582743145 0.1
v 3.078172315070474 -10.70941597743045 0.1
v 3.656807602519063 -9.964183143809848 0.1
v 4.008441092265519 -9.996124949960446 0.1
v 4.065784422482583 -9.492756871507554 0.1
l 2516 2517 2518 2519 2520
v 8.120546540867002 5.394125690388008 0.1
v 8.205075946706716 4.952516290103164 0.1
v 8.265904735546892 4.83854180360801 0.1
v 8.717725956891833 5.116511117975541 0.1
v 7.993473824284216 5.232551942257624 0.1
l 2521 2522 2523 2524 2525
v 0.9324177890170608 -13.074515883160952 0.1
v 0.20641865034359608 -12.58816601206809 0.1
v -0.5251813978195861 -11.901449413039485 0.1
v 0.8034171912580332 -13.041078191550366 0.1
v 0.4781794424084578 -11.980582880682121 0.1
l 2526 2527 2528 2529 2530
v 13.717836215515486 -12.834161089794009 0.1
v 14.471444864503933 -13.191230610542316 0.1
v 13.733973838111321 -12.585736540597338 0.1
v 13.118052440610306 -13.452506189900063 0.1
v 13.984854257897473 -12.531763345873262 0.1
l 2531 2532 2533 2534 2535
v -9.884701130913655 0.5414067264288789 0.1
v -10.12479657344363 -0.801980783128657 0.1
v -9.207087257141072 -0.3817158344203251 0.1
v -9.207037039603694 0.1440360784580863 0.1
v -10.412909045101257 -1.3715935561545844 0.1
l 2536 2537 2538 2539 2540
v -1.3923472999132367 5.170336631756223 0.1
v -0.6222267913058999 5.506542918193524 0.1
v -1.2376370839391015 6.710264985618271 0.1
v -1.89321535633739 5.825224017897467 0.1
v -1.5175941311485204 5.749729640680654 0.1
l 2541 2542 2543 2544 2545
v -10.93957274602438 -14.161287967727965 0.1
v -9.448943695028303 -14.335772581243088 0.1
v -10.354350053000296 -13.235946481479838 0.1
v -11.196851223202236 -13.883925863820984 0.1
v -9.80060241426768 -13.208071895324572 0.1
l 2546 2547 2548 2549 2550
v -3.748597630493033 -8.671694599305331 0.1
v -3.551055149122786 -9.627157871651605 0.1
v -3.424838284097821 -8.941533815242954 0.1
v -3.3616870468225137 -10.208617830405837 0.1
v -4.207506946964692 -9.35711772113535 0.1
l 2551 2552 2553 2554 2555
v 0.6979572099596865 9.942867214667206 0.1
v 1.3947456786337233 8.402574795056855 0.1
v 1.440895690418734 10.186718546143092 0.1
v 0.6786250376625655 9.041403876588815 0.1
v 1.434383069319477 9.641165017482868 0.1
l 2556 2557 2558 2559 2560
v -1.4495509121820072 -9.326412156010301 0.1
v -1.3170576781941308 -8.985286074353267 0.1
v -1.209067473587716 -9.145313214710853 0.1
v -0.8733259148306285 -10.925400049096291 0.1
v -1.7249935219677675 -9.36966466353309 0.1
l 2561 2562 2563 2564 2565
v 4.225803551994711 -10.261610397257495 0.1
v 4.281130386404865 -10.604883843641847 0.1
v 3.7097969198565526 -9.814863356214081 0.1
v 4.830994028490168 -11.595098062255305 0.1
v 4.744195003360387 -10.912232001150024 0.1
l 2566 2567 2568 2569 2570
v 0.9362939583040173 -8.890824660994184 0.1
v 0.3493415165709983 -9.966851920311967 0.1
v -0.12077828041268557 -8.580122528496783 0.1
v -0.0771361381997675 -9.4521619940893 0.1
v 0.45250842951247483 -9.779613034660748 0.1
l 2571 2572 2573 2574 2575
v -12.627477059753204 -5.558578561380589 0.1
v -13.769944292902085 -5.136641226412981 0.1
v -14.250233646134408 -4.998248180166054 0.1
v -13.578267742554642 -3.9409658793495654 0.1
v -14.524887454268711 -3.7950537320139874 0.1
l 2576 2577 2578 2579 2580
v 7.912669950100441 1.4434918270428305 0.1
v 8.175449259095826 2.4176091559944672 0.1
v 7.050516923010405 2.3942984608485895 0.1
v 6.662113420351036 1.0306064921355143 0.1
v 8.340104764973843 1.780131927584753 0.1
l 2581 2582 2583 2584 2585
v -4.151251445889978 7.843425546794598 0.1
v -3.973547085827154 8.069825864847552 0.1
v -4.811696584529036 8.987582921366938 0.1
v -4.0759039508445625 9.521172829019024 0.1
v -2.9361448905405183 9.171738646937417 0.1
l 2586 2587 2588 2589 2590
v 11.23699017073388 0.2729806628620397 0.1
v 11.071558978413583 -0.24872795569410378 0.1
v 11.17679050023482 -1.323354180300485 0.1
v 10.330627254282733 -0.3205105876512877 0.1
v 9.898379304286806 -0.37482749364914403 0.1
l 2591 2592 2593 2594 2595
v -6.624916933944129 -0.6370443821979097 0.1
v -8.49470332987742 -1.4187189784621448 0.1
v -7.483077710203761 -0.4263733110137222 0.1
v -8.237349733027994 -2.2051930339161077 0.1
v -7.748538868901265 -0.6457021175893103 0.1
l 2596 2597 2598 2599 2600
v 4.700065886251801 -6.720301326600777 0.1
v 5.999316621115575 -6.849137425287332 0.1
v 4.135192852499285 -7.962345142113109 0.1
v 5.009519553222322 -7.122747912877809 0.1
v 5.473396117805258 -7.351857980312928 0.1
l 2601 2602 2603 2604 2605
v 0.684612134378545 -6.494299960597724 0.1
v 1.4935266701509307 -6.00122998651055 0.1
v 0.30465878245695754 -5.761334336754032 0.1
v 0.9631403179768387 -6.619604769764274 0.1
v 1.7371828949104948 -7.251889158929251 0.1
l 2606 2607 2608 2609 2610
v -6.217249518694518 -11.18224941834616 0.1
v -7.484604590976358 -11.288022197345736 0.1
v -6.270018630012899 -12.1041633867177 0.1
v -6.520339993791166 -11.779602593134385 0.1
v -6.851500680969881 -12.366085072620885 0.1
l 2611 2612 2613 2614 2615
v 12.219030002235224 0.47575015477875304 0.1
v 11.531742879269885 0.4759237495107751 0.1
v 12.3764865738505 2.00792563555578 0.1
v 11.862063598192073 1.9008211712484193 0.1
v 12.243699136034355 1.044721572029147 0.1
l 2616 2617 2618 2619 2620
v -3.7996412846196295 12.790479627477975 0.1
v -2.7597307140461163 11.445449544968554 0.1
v -2.8867700680772117 12.68727717219409 0.1
v -4.435611296243911 12.52401843511637 0.1
v -4.098246482336117 12.400619137544833 0.1
l 2621 2622 2623 2624 2625
v 10.398261741453052 8.447264050958795 0.1
v 10.372329202099587 8.358637991920023 0.1
v 10.260772077728326 6.890971661612355 0.1
v 10.445125364995247 8.172847569644059 0.1
v 11.314746671839478 8.253798023625446 0.1
l 2626 2627 2628 2629 2630
v 10.746084818137216 5.713602425169165 0.1
v 10.276080702415284 4.899756298659806 0.1
v 10.319746041731342 6.560155509251068 0.1
v 10.372076895813597 5.961987080659068 0.1
v 9.803230670702472 4.672636176379855 0.1
l 2631 2632 2633 2634 2635
v -0.9971062498725647 9.138904831249466 0.1
v 0.24693648428321446 9.292834206503573 0.1
v -0.7675193604585724 8.284913677563333 0.1
v -0.32768544074416517 7.4150894850809825 0.1
v 0.26526338648050163 7.334813897570585 0.1
l 2636 2637 2638 2639 2640
v 1.5388891346928246 11.341807362141799 0.1
v 1.45031591072296 10.725895325797186 0.1
v 0.9904605909934767 11.65422859915666 0.1
v 0.6001571452987551 10.935078173857752 0.1
v 0.24142716296269628 10.00737376981139 0.1
l 2641 2642 2643 2644 2645
v -12.539691475024865 -12.678964389024644 0.1
v -12.17472423080297 -12.906402435305603 0.1
v -10.72472075087854 -13.729746966911305 0.1
v -11.044673691287677 -13.169397857070713 0.1
v -11.148533041768388 -12.861629004017383 0.1
l 2646 2647 2648 2649 2650
v -3.3542219518893353 12.514609130546257 0.1
v -4.36306224523859 13.464694139758738 0.1
v -2.579183398050289 12.155671753916636 0.1
v -2.8339705197004283 13.384231705866648 0.1
v -2.654218111465571 12.642597365831449 0.1
l 2651 2652 2653 2654 2655
v 13.818813675368972 -2.233877566405197 0.1
v 13.972880232290617 -3.5563452973581797 0.1
v 13.713934155008412 -2.1781472221701157 0.1
v 13.49227988485448 -3.674284148231209 0.1
v 13.335911722424948 -2.414516458004777 0.1
l 2656 2657 2658 2659 2660
v 4.3392503708802135 12.25174664260489 0.1
v 2.984457702486824 12.457169813945372 0.1
v 3.9289694054021496 12.731269541835548 0.1
v 4.36950750841007 12.163078638371733 0.1
v 3.409231742153757 12.534352295195946 0.1
l 2661 2662 2663 2664 2665
v 7.412392933718494 -5.495268650435987 0.1
v 7.4225368876136875 -7.082224243416489 0.1
v 6.267896138414331 -6.562783233223369 0.1
v 7.211561136822138 -6.496411469183057 0.1
v 7.927137372600408 -6.139626156168483 0.1
l 2666 2667 2668 2669 2670
v 10.498959166155123 -12.567585870829138 0.1
v 10.445343846508983 -13.247878434306191 0.1
v 11.234539361630448 -13.006183355407051 0.1
v 11.178726051439437 -14.330826660364517 0.1
v 11.213685125138028 -13.569569610460357 0.1
l 2671 2672 2673 2674 2675
v -2.481194639471581 -9.121833389750101 0.1
v -1.8283780532716098 -8.799060753285673 0.1
v -1.5664570185015978 -9.863408403631155 0.1
v -2.6188150720968917 -9.696891740998108 0.1
v -2.97326092241218 -10.016389347970033 0.1
l 2676 2677 2678 2679 2680
v -4.657423145367592 11.681801961880224 0.1
v -4.620175394824195 10.968680498692306 0.1
v -3.2466476429449953 10.28359602698453 0.1
v -4.898147464914076 10.978087205157095 0.1
v -4.140484490795667 11.169796431329363 0.1
l 2681 2682 2683 2684 2685
v -12.093438941764784 -4.765105962490418 0.1
v -13.29379331600915 -5.761382900034071 0.1
v -13.052446464260276 -4.00105233800647 0.1
v -12.033709087631937 -4.907118101111929 0.1
v -13.630363796935221 -4.0873279916688166 0.1
l 2686 2687 2688 2689 2690
v -11.817495857443294 -4.323837324556175 0.1
v -11.081943703511788 -5.186438920373337 0.1
v -11.298881765716128 -4.548342985951761 0.1
v -11.1014966748989 -3.5577940470940552 0.1
v -12.44900018531537 -5.237603696074494 0.1
l 2691 2692 2693 2694 2695
v 9.298470432886942 1.5667157455112442 0.1
v 8.10333776033196 1.879228507177401 0.1
v 8.374446779967098 2.120614712822983 0.1
v 9.052622532546861 2.943925116079022 0.1
v 8.54514678584291 1.8425675471137375 0.1
l 2696 2697 2698 2699 2700
v -0.8946342596855239 9.504080773709417 0.1
v -0.8147214628038175 9.713295434438033 0.1
v -2.3317845276303206 9.580688770657705 0.1
v -1.538190785038188 10.021800049875289 0.1
v -1.7838170995591398 9.142369290501916 0.1
l 2701 2702 2703 2704 2705
v 6.400136834761611 0.6572744300907263 0.1
v 5.306458506920535 -0.47372166063273147 0.1
v 6.769364253824544 0.7851973604561593 0.1
v 7.191885465098437 -0.7441596219618596 0.1
v 6.18099602848264 -0.2308329383747021 0.1
l 2706 2707 2708 2709 2710
v -9.580064238247468 0.07553518960417183 0.1
v -10.482748219511086 -1.2840507742759126 0.1
v -10.572113782003731 0.1264346960051035 0.1
v -10.482170253312256 -0.34396348936699717 0.1
v -9.878118223795171 -0.6464483500116365 0.1
l 2711 2712 2713 2714 2715
v 13.170033908908108 9.413196170033961 0.1
v 12.586598458080934 9.821410262981463 0.1
v 13.882697709716078 9.480962848936437 0.1
v 13.38872283303058 8.948037671273365 0.1
v 13.833811910105805 9.655669161991325 0.1
l 2716 2717 2718 2719 2720
v 2.480170406306158 1.244252969370086 0.1
v 2.251024187184529 2.855217910772115 0.1
v 1.3341459780674432 1.717524164621391 0.1
v 2.7944883731693984 1.2182650236837242 0.1
v 1.2475489566951308 3.0223761981835193 0.1
l 2721 2722 2723 2724 2725
v 5.316433445993331 9.59552791332349 0.1
v 6.421039760141478 10.299721561300672 0.1
v 5.274417186175157 9.94753637634277 0.1
v 5.376579444114241 10.575415071368443 0.1
v 5.286517916039349 8.700701237239658 0.1
l 2726 2727 2728 2729 2730
v 6.3561150763342065 4.686819756271403 0.1
v 5.735062464806347 4.555293938536546 0.1
v 6.1221488242564925 4.888596682587735 0.1
v 5.812600284221065 3.4403607277579207 0.1
v 5.705588205684091 5.050901974964862 0.1
l 2731 2732 2733 2734 2735
v -2.688464808595514 2.2906230404716235 0.1
v -4.175403146568927 1.6037837553828203 0.1
v -3.754029321996132 0.7329061421599259 0.1
v -2.6709343308659754 0.5249062075596984 0.1
v -3.688834069984234 0.44350912362398986 0.1
l 2736 2737 2738 2739 2740
v -12.41947195286914 -1.9555228773664244 0.1
v -12.21353511438019 -1.1477624862895088 0.1
v -13.325290173732563 -1.1839158711271582 0.1
v -12.418318969736845 -1.7050841528224738 0.1
v -12.994451481469039 -2.4140954697746713 0.1
l 2741 2742 2743 2744 2745
v -12.304257669093698 9.65789525805316 0.1
v -11.759306726973485 8.659429251791487 0.1
v -11.898004918634054 9.434664980959285 0.1
v -11.602050599027828 8.475073652829963 0.1
v -12.960183713616203 8.950406656403375 0.1
l 2746 2747 2748 2749 2750
v -0.4824864331565335 3.313926783629088 0.1
v -0.9487630687725039 2.7000566907112606 0.1
v -0.7982407860213452 3.6088090487825704 0.1
v -0.6530129742127793 3.6152124794769755 0.1
v -1.0473100347033033 3.9490243796604503 0.1
l 2751 2752 2753 2754 2755
v 3.2241773369183573 -10.102980916377216 0.1
v 2.8164155470659518 -9.778666581281355 0.1
v 2.7064269289144667 -10.325464371873954 0.1
v 3.400403939444981 -10.428037841641867 0.1
v 3.494031925073042 -9.933386028656322 0.1
l 2756 2757 2758 2759 2760
v -11.7138442523383 -0.8765392470232236 0.1
v -12.385768804493297 -1.4380884751935938 0.1
v -13.140974075155825 -0.354448961076949 0.1
v -12.503048643962478 -0.19166181236128033 0.1
v -12.32610511837167 -1.1503092685550014 0.1
l 2761 2762 2763 2764 2765
v 11.902411317612778 -4.123695713596972 0.1
v 12.147146333554279 -3.4419573477708196 0.1
v 12.105236053979073 -2.6918203976905613 0.1
v 10.940539619009943 -3.1581707106098555 0.1
v 11.23041558428589 -3.0584094405841737 0.1
l 2766 2767 2768 2769 2770
v -1.9633933490697706 -9.704194180202725 0.1
v -2.022387196844818 -10.126609917241364 0.1
v -3.5042941814204953 -10.162292498748378 0.1
v -3.4207899628414573 -9.899706267602456 0.1
v -2.8848283337255074 -10.259928077399296 0.1
l 2771 2772 2773 2774 2775
v 12.651913889982913 7.261632355706401 0.1
v 12.190720776272183 7.847187679378541 0.1
v 12.05404504779653 7.975676818635225 0.1
v 12.736944482786903 7.062471982008998 0.1
v 12.685566028399807 7.875551932339591 0.1
l 2776 2777 2778 2779 2780
v 6.364021570730364 -1.768143123437494 0.1
v 5.866064788439097 -0.11238107290338695 0.1
v 6.595512309455291 -0.8458576571413463 0.1
v 6.972148497297734 -0.7368065414751925 0.1
v 6.625185344066732 -1.038267390886268 0.1
l 2781 2782 2783 2784 2785
v 0.9597148123172345 -7.5440114672721155 0.1
v 0.5932444485436965 -6.165089568475491 0.1
v -0.8680081378949451 -6.450293060731629 0.1
v 0.852006194912839 -7.633254520101902 0.1
v 0.6595258063152074 -7.5051006369022 0.1
l 2786 2787 2788 2789 2790
v -0.14025395510644123 1.7742331136477922 0.1
v -0.7694611685363726 3.4876617238663776 0.1
v 0.6750208874263088 3.3342845194086626 0.1
v 0.8824375032250271 2.5727861956628395 0.1
v 0.786018755471473 1.986059663731345 0.1
l 2791 2792 2793 2794 2795
v -0.8722409221425294 7.64245946612016 0.1
v -0.3063117215235289 7.683628262277873 0.1
v -0.09103034810509869 7.602528042606633 0.1
v 0.28943716350959137 8.05178984967039 0.1
v 0.46230850455424677 8.031274029433403 0.1
l 2796 2797 2798 2799 2800
v 4.1766728993512166 -4.048420300277949 0.1
v 3.3697015007161992 -4.017193997524008 0.1
v 3.5188272041368207 -4.928513043014682 0.1
v 2.760256654114846 -5.404936727174565 0.1
v 2.550526337250813 -4.032813161212541 0.1
l 2801 2802 2803 2804 2805
v 14.99238399816449 0.727953170773473 0.1
v 15.013317057492012 1.3749738156344868 0.1
v 15.38055104124106 2.0663451100913717 0.1
v 14.251524054498582 1.5179897680695629 0.1
v 14.005500248082997 1.0002907883784906 0.1
l 2806 2807 2808 2809 2810
v -9.942787790927 13.542285806061189 0.1
v -8.76912334903201 13.5368298111693 0.1
v -9.251716979206313 13.457790823731408 0.1
v -9.422209783230091 12.376226454414933 0.1
v -9.165919119744881 13.047725993136234 0.1
l 2811 2812 2813 2814 2815
v -2.7449554677744246 -15.151760399047138 0.1
v -2.186983523008818 -15.311905802270369 0.1
v -0.9313530507818848 -14.806765989020683 0.1
v -1.50617921857548 -13.97788286945192 0.1
v -1.5856666221019702 -14.960035357281013 0.1
l 2816 2817 2818 2819 2820
v 14.586926519735119 13.005472888260991 0.1
v 14.028567832684857 12.572479532114116 0.1
v 13.171899099013482 13.256947338455518 0.1
v 13.906119349088558 12.36205751251574 0.1
v 13.10575419610365 13.368807597751871 0.1
l 2821 2822 2823 2824 2825
v 2.3566129502296977 10.060053196862063 0.1
v 2.610613637745505 9.81992696024006 0.1
v 2.0394026424129734 10.098864632547805 0.1
v 2.9499963936459332 11.043328983333506 0.1
v 2.3548124256854703 10.947406702616396 0.1
l 2826 2827 2828 2829 2830
v 9.640772013768393 12.60057766907369 0.1
v 10.090841116680581 12.378706313678128 0.1
v 9.275247937699174 11.919385403650516 0.1
v 9.840293213171696 11.993037102382115 0.1
v 10.039540758917251 12.236358113783496 0.1
l 2831 2832 2833 2834 2835
v 6.532901785688651 -7.461950255691289 0.1
v 6.447102839170669 -7.9819183592787875 0.1
v 6.467191588840006 -7.8330821451231 0.1
v 5.2881578051465095 -6.979260592222773 0.1
v 6.294764086448017 -6.844131713691617 0.1
l 2836 2837 2838 2839 2840
v 1.3983259790952933 -2.999918706118911 0.1
v 0.7553834141959919 -1.776609563401458 0.1
v 0.8263485142449936 -2.0864755492371927 0.1
v 2.1399859422510525 -2.9046951976516135 0.1
v 1.9087741987992182 -1.973457578731221 0.1
l 2841 2842 2843 2844 2845
v -2.010458935866787 5.476465811817515 0.1
v -3.1134794509261736 4.720344207191969 0.1
v -2.350314856121215 6.5139455132032795 0.1
v -2.662135055014798 5.457324195999544 0.1
v -2.792626056358762 5.035694434973751 0.1
l 2846 2847 2848 2849 2850
v -13.410348631181943 -6.088875580300557 0.1
v -12.476721055575988 -5.846887882046732 0.1
v -12.786564775422924 -6.062702750456554 0.1
v -12.138691707833491 -5.34020834252086 0.1
v -13.33043558892898 -7.041364145251596 0.1
l 2851 2852 2853 2854 2855
v 3.801939557375775 -3.0345355859419176 0.1
v 4.592779655047725 -4.527294181282973 0.1
v 4.90165773274525 -2.6273892992544434 0.1
v 4.727182392217895 -2.6509801530894586 0.1
v 4.795041752263366 -3.5164206963440674 0.1
l 2856 2857 2858 2859 2860
v -0.20483297090586805 1.1707743077365464 0.1
v 0.10054180343333696 0.2938300482497147 0.1
v -0.13117622870750356 1.1771861017792973 0.1
v -0.405148822724112 0.10643605288093383 0.1
v 0.6151609942491321 -0.8053618254092769 0.1
l 2861 2862 2863 2864 2865
v -14.38731218098604 6.992032267497377 0.1
v -14.20794512746567 7.1564472511346615 0.1
v -14.75543321015946 7.142029993367103 0.1
v -13.229022172812567 7.020412219014576 0.1
v -14.705048580185956 8.2480777377868 0.1
l 2866 2867 2868 2869 2870
v -4.419064362918022 9.644856032698552 0.1
v -4.469817440141577 8.85056724303567 0.1
v -4.3025304772859645 9.042945955915194 0.1
v -4.2210640393018455 8.431716675666625 0.1
v -4.353781783070206 8.780942734544864 0.1
l 2871 2872 2873 2874 2875
v 11.82512711149072 -1.1079895761774 0.1
v 12.205430660905524 -0.3428969642347792 0.1
v 10.743107564333496 -1.2229562973586385 0.1
v 10.715528083154958 -0.6617273238426828 0.1
v 10.921236313948299 -1.764590645417115 0.1
l 2876 2877 2878 2879 2880
v 13.624895950628686 -10.868878444141961 0.1
v 12.358227808666767 -12.054692018977526 0.1
v 13.233022988720473 -11.01078755716253 0.1
v 12.487287254743213 -12.483451852586679 0.1
v 13.212798359348417 -12.811000521364734 0.1
l 2881 2882 2883 2884 2885
v 2.732073381828016 4.08441734402555 0.1
v 3.5827333017025715 4.883695996888698 0.1
v 2.7043058938412026 4.860749047268734 0.1
v 2.120665468437183 3.351258866192228 0.1
v 3.0384439513870167 4.549001288577001 0.1
l 2886 2887 2888 2889 2890
v 13.686013901331453 9.548677699474284 0.1
v 12.835349867295132 10.666957838897945 0.1
v 13.084756754026852 9.175714203508534 0.1
v 13.021090585462346 9.123156296229155 0.1
v 13.236146419949085 9.675121560117658 0.1
l 2891 2892 2893 2894 2895
v -13.740386125561244 13.080016907982056 0.1
v -13.96461839862138 13.712277987658963 0.1
v -13.680741127252535 14.209860601397981 0.1
v -12.75032207557583 14.988886071287679 0.1
v -14.08019856394554 14.794017255568415 0.1
l 2896 2897 2898 2899 2900
v 14.855522378867692 3.342678174250974 0.1
v 15.00680019875355 3.003659497398483 0.1
v 14.919046048717536 2.3670616178950636 0.1
v 14.066110911988186 3.705050276562421 0.1
v 14.39855198624876 3.2553289992346484 0.1
l 2901 2902 2903 2904 2905
v 14.381438755071045 8.566223218461282 0.1
v 13.393133461338943 8.44278437411949 0.1
v 13.873665031122409 8.878153940071938 0.1
v 13.851112809699828 8.216222220795572 0.1
v 13.614090141433257 7.823789315354398 0.1
l 2906 2907 2908 2909 2910
v -9.655090175152537 12.887429419750244 0.1
v -10.104552972329156 11.478241179728549 0.1
v -10.584572428012141 12.018350200808209 0.1
v -10.242690914927977 12.325160590694166 0.1
v -10.84169596363882 12.066051726157815 0.1
l 2911 2912 2913 2914 2915
v 9.222918442276187 6.566916726878562 0.1
v 9.029276877290133 7.298078209353101 0.1
v 8.413498361306008 7.478180689484676 0.1
v 8.622914986067169 6.7097335853951625 0.1
v 8.897541973928535 8.454319313375285 0.1
l 2916 2917 2918 2919 2920
v -8.446945866087699 -9.17396620397949 0.1
v -9.172125885757684 -8.696420753965652 0.1
v -8.678810406784516 -8.84629849275701 0.1
v -8.684155086335748 -8.75713578316974 0.1
v -9.779916504487714 -9.255404522989764 0.1
l 2921 2922 2923 2924 2925
v 1.1519089555271858 -10.154366879336267 0.1
v 1.6365799354481247 -9.2521146193043 0.1
v 1.9745998769529611 -9.1331658060689 0.1
v 1.1559091456407777 -9.949502821399891 0.1
v 2.8302755667823902 -9.061632475167379 0.1
l 2926 2927 2928 2929 2930
v 0.8219299794080246 -1.430628457565528 0.1
v -0.22710300586273302 -2.571738104437033 0.1
v -0.10904962384365335 -2.4006641034136367 0.1
v -0.2267505648649455 -1.5120846838209456 0.1
v 0.09717931880979003 -2.9437845563205283 0.1
l 2931 2932 2933 2934 2935
v -0.489040795886428 -2.9016122974063387 0.1
v -0.6468667383248852 -1.195124815988414 0.1
v -1.6324251388943567 -1.5844272464252065 0.1
v -0.27411598755773503 -1.8949933070181944 0.1
v -1.1049758030209544 -2.3136721024667453 0.1
l 2936 2937 2938 2939 2940
v -6.546390368020444 0.48958076503542225 0.1
v -7.727143119965398 -0.7930473880270674 0.1
v -7.368222810121176 -0.9134010215224069 0.1
v -7.690707139730664 -0.4178457447568267 0.1
v -6.937346069251925 -0.8639119791974375 0.1
l 2941 2942 2943 2944 2945
v 12.411324653369393 9.724634865123614 0.1
v 11.086359674426632 10.250507080640167 0.1
v 11.33030627994092 9.060703519738613 0.1
v 12.025322809450646 10.093628859381685 0.1
v 10.737463345630735 9.8351557382281 0.1
l 2946 2947 2948 2949 2950
v -0.9854769255545432 9.911494004701218 0.1
v -0.8502853770441163 9.743194505813335 0.1
v 0.023298937991776736 8.228005093228846 0.1
v -0.911031951611075 8.59262102917428 0.1
v 0.34078246290714564 8.591298261397469 0.1
l 2951 2952 2953 2954 2955
v 11.435891197000167 9.089537798795813 0.1
v 10.184813962066874 8.402245528149482 0.1
v 10.992164103557146 7.543061450829817 0.1
v 11.74400155316807 9.120865827147671 0.1
v 9.864406607866693 7.577043496092987 0.1
l 2956 2957 2958 2959 2960
v 4.555422268415778 15.177633388450383 0.1
v 3.93519973871274 15.233400873251862 0.1
v 4.852105275533088 14.47352224694786 0.1
v 4.189810189521561 15.446866719777262 0.1
v 4.8634740739424265 15.178250070138398 0.1
l 2961 2962 2963 2964 2965
v -4.528903064350301 10.258478503384701 0.1
v -5.089024499111994 10.729336984846924 0.1
v -4.403101966230959 9.269069769469736 0.1
v -4.693704951920942 10.662651989715835 0.1
v -4.007046952996493 11.053739858073131 0.1
l 2966 2967 2968 2969 2970
v 15.084706589528025 -4.893396290991207 0.1
v 14.813515462351448 -4.0742235732048995 0.1
v 14.570785069759324 -4.465513643348411 0.1
v 13.844335407018939 -4.787440993082268 0.1
v 13.941217087825994 -4.954839607721807 0.1
l 2971 2972 2973 2974 2975
v -4.459034367076863 3.239455142858869 0.1
v -4.866487396610417 3.0069056193548995 0.1
v -4.7813522351105195 3.4846453549781264 0.1
v -3.525553752349198 2.28201385377134 0.1
v -5.18649372835556 3.2183534125245004 0.1
l 2976 2977 2978 2979 2980
v -11.681547452737808 -10.74273960119805 0.1
v -11.367117585409092 -11.49697510281079 0.1
v -11.884960007463338 -10.716345858136746 0.1
v -10.706947394363468 -11.850019400321514 0.1
v -11.810388729875097 -10.134978079777417 0.1
l 2981 2982 2983 2984 2985
v -8.895389740935647 8.433271397690705 0.1
v -8.005832945215646 7.0607129649255596 0.1
v -8.233232571513346 8.4377881141006 0.1
v -8.849228645039052 7.350338901155356 0.1
v -9.324223341856085 7.083161612938517 0.1
l 2986 2987 2988 2989 2990
v -8.249073652239892 -11.174583551001959 0.1
v -6.488566603402148 -11.223060332482268 0.1
v -7.953496320078811 -11.675224610340315 0.1
v -7.8452575157984015 -11.719862413279 0.1
v -8.025273470442292 -12.027342784464746 0.1
l 2991 2992 2993 2994 2995
v -0.9991408459520779 3.8593324225996533 0.1
v -0.47382363303801145 4.277907643865852 0.1
v -0.3280862658876007 4.501036539257821 0.1
v -0.9254309788082205 4.440907690797378 0.1
v -0.42824588523244844 3.3996136793301517 0.1
l 2996 2997 2998 2999 3000
v 3.7061525385003096 -12.677131424500256 0.1
v 4.644592383149312 -12.382387274727238 0.1
v 3.487050159047803 -12.889057298681333 0.1
v 3.801853870926613 -12.4574316910613 0.1
v 4.9213724161194605 -14.034724027862131 0.1
l 3001 3002 3003 3004 3005
v -9.307132027372836 -6.1434029441951195 0.1
v -9.898789656104539 -4.7456840795801005 0.1
v -10.50470437174196 -5.46577613416977 0.1
v -10.48718605838685 -5.404379415745474 0.1
v -10.801015658594824 -6.210463690354224 0.1
l 3006 3007 3008 3009 3010
v 0.09377272101930334 5.066210160371833 0.1
v -0.1785606429148563 4.439684453371784 0.1
v 1.45365629563648 3.5781205347878418 0.1
v 0.12313024859246835 4.10810810763195 0.1
v -0.18194756085432084 4.019547606747595 0.1
l 3011 3012 3013 3014 3015
v 11.17706949148857 11.041650179697541 0.1
v 9.466720755536937 10.435732540782658 0.1
v 9.58091251702597 9.927684120695357 0.1
v 10.528330441013003 10.613520282965451 0.1
v 9.88975487374998 9.64265134796462 0.1
l 3016 3017 3018 3019 3020
v 5.1869769311245815 12.866907657891801 0.1
v 6.0884068486816405 12.972528947393892 0.1
v 5.158301619317019 13.895414697566142 0.1
v 6.138895040179221 13.570702438018161 0.1
v 6.097712988267841 13.155488723535846 0.1
l 3021 3022 3023 3024 3025
v -13.915937674314087 -8.862058574979676 0.1
v -13.514877531488779 -9.998514010615406 0.1
v -14.626818637583296 -9.939763949281165 0.1
v -15.093436444463446 -9.428600874100475 0.1
v -14.073997984380442 -10.316139882495222 0.1
l 3026 3027 3028 3029 3030
v -5.962692834270421 -13.528636499237063 0.1
v -5.942183165257445 -14.575525878382251 0.1
v -7.3656287304261525 -13.81651825688034 0.1
v -6.4141069964433886 -13.494769950607587 0.1
v -5.690548738658368 -14.02560647498745 0.1
l 3031 3032 3033 3034 3035
v -5.596893536158975 -10.84637955071815 0.1
v -4.1178140045629945 -10.613786674552738 0.1
v -5.037747829092791 -9.917762917431602 0.1
v -5.716450142922318 -11.662934827918548 0.1
v -5.436609075913594 -10.00359984296044 0.1
l 3036 3037 3038 3039 3040
v 7.707807917868074 6.8585984439874546 0.1
v 9.251259300773464 5.442430874220432 0.1
v 8.767431276232461 6.00730499858379 0.1
v 8.63075280275981 6.84670336790967 0.1
v 9.262637293013157 5.713196532627148 0.1
l 3041 3042 3043 3044 3045
v -3.596703187947454 2.302008884598944 0.1
v -3.3495249055868985 2.7923626696947657 0.1
v -5.165748250312703 3.8523523666433386 0.1
v -3.8705748245682674 3.620271893714378 0.1
v -4.061641332473949 2.2230409139811638 0.1
l 3046 3047 3048 3049 3050
v -4.583888109948056 11.702165502171471 0.1
v -4.012965079004384 12.020061170338984 0.1
v -4.56571087180126 13.275870020992341 0.1
v -3.900136133770583 11.669085111261236 0.1
v -4.365980729599185 13.101500092772579 0.1
l 3051 3052 3053 3054 3055
v -3.0483519398033536 2.5203619195727027 0.1
v -2.2802008659962323 2.178749480246548 0.1
v -3.176987211525864 1.7587526552793444 0.1
v -2.105350578878544 2.3980958839574695 0.1
v -2.741261680744346 1.658997610098772 0.1
l 3056 3057 3058 3059 3060
v 13.322627271644086 15.689396263716407 0.1
v 14.872166529777576 13.87027228550618 0.1
v 13.627400188975644 13.886461578502075 0.1
v 13.172792898850478 15.012169154298105 0.1
v 14.248146408253415 14.106007355318122 0.1
l 3061 3062 3063 3064 3065
v -11.342349322798439 -0.9493985787620904 0.1
v -11.646490634998813 -1.1292455625166413 0.1
v -11.93066189849943 -1.1490093831772166 0.1
v -12.786165114924872 -0.9366191117480283 0.1
v -12.18524262603406 -1.6390787924689831 0.1
l 3066 3067 3068 3069 3070
v 4.755455498681529 9.20462682954009 0.1
v 4.476740997251073 8.144283190466522 0.1
v 4.4561051766485145 9.2671736637031 0.1
v 5.1824224705214945 9.110700582358145 0.1
v 3.9401040060396992 9.090029918917796 0.1
l 3071 3072 3073 3074 3075
