# Cyvl Generated CAD Model
o Street_Mesh
v -7.63659028778784 -14.43380983453244 0.0
v -4.447284701222088 10.219905076548457 0.0
v -13.480742270650808 -7.429955501109362 0.0
v -8.87096828961512 -5.440983997657895 0.0
v -2.221878358803224 2.456929604522884 0.0
v 12.709967605245765 6.269780519418418 0.0
v 5.2081277930992655 5.520155260339379 0.0
v -5.6909177618217655 2.0452585155144334 0.0
v -5.010938862978946 1.171900935471058 0.0
v -11.751483872765675 6.6848870208486915 0.0
v 11.378912395914085 -2.687009454704821 0.0
v -5.465421961795073 10.348572199232876 0.0
v 7.8681589517509565 -8.584595075808465 0.0
v 7.299201633606572 -13.990687478333712 0.0
v 6.968545633077156 9.889974638819695 0.0
v -14.240271162881982 -2.4876087615266442 0.0
v 12.642617435776629 -12.649737272411585 0.0
v 1.8870503840735182 2.91944588907063 0.0
v -13.347034091013484 5.513651099987328 0.0
v -3.775636912556365 -11.34511293657124 0.0
v 11.32280678517418 7.383648835122585 0.0
v -2.9644082466256805 -13.098600498400629 0.0
v 1.7486035451292992 8.134492279961705 0.0
v 13.248091426794417 6.7511840015649796 0.0
v -2.112938945007045 5.334674589335918 0.0
v 2.6020858837873675 3.7308233408257365 0.0
v 5.550124094414059 -3.624146705493331 0.0
v 3.2859782055020332 -9.139545403420925 0.0
v 6.839683149417397 -10.019643670879304 0.0
v -2.301672665751539 5.016179904341698 0.0
v -11.613951886538416 3.495093384757638 0.0
v -5.56513292848831 -9.283714263699949 0.0
v -10.048957117891405 -8.231776734814048 0.0
v -12.547842810628936 4.189226315356791 0.0
v -1.521936668897979 9.978578364476562 0.0
v -13.477005570253823 -12.556566691026092 0.0
v 10.806483928347006 -1.1996487993746996 0.0
v 3.8991511047352105 1.927232038229704 0.0
v 0.4584950410062447 -9.860038129612803 0.0
v -7.262285825854633 -3.4967053355649114 0.0
v -6.4460432705818675 9.435292970389128 0.0
v -4.2694576679496095 11.17251710779965 0.0
v 6.519969182729255 7.172245802357793 0.0
v -3.9674910837202333 3.4937299815937877 0.0
v 4.233705645194277 11.336660991422832 0.0
v 14.757053369015921 -4.824392441660166 0.0
v 2.059465665661264 8.959976453334093 0.0
v 4.832666654954664 1.1755018699914217 0.0
v -7.740854008297902 8.85786529444158 0.0
v 12.037548949476331 4.766432918608189 0.0
v -10.541594068985432 14.802066828124225 0.0
v 5.958038993238006 10.190181045792997 0.0
v -2.994707343983464 -7.418194171972573 0.0
v -12.080881064350251 -0.011708198115229607 0.0
v -9.22313036408741 -8.244137187488377 0.0
v 4.422322950034868 13.501275260001421 0.0
v 12.449541770620272 8.493099631741643 0.0
v -11.562703658943065 -6.857267068699002 0.0
v 10.161432084278204 6.53991468437016 0.0
v -12.329815387551207 -4.905019858852029 0.0
v 2.7838366391370073 -1.7094502383843064 0.0
v -9.285634301952086 7.123475396074355 0.0
v 14.976004715135787 11.825337508693337 0.0
v -2.8739858726621605 -11.559442247264087 0.0
v 11.562460686895065 -11.631365495733917 0.0
v 13.792938538012095 12.578752907924354 0.0
v 3.569702357868664 -6.1577846966683865 0.0
v -11.506098320300225 9.36771392263472 0.0
v 7.523316621489357 13.710450123995543 0.0
v -14.099144760461058 1.6222690306603909 0.0
v 1.2034915910335258 2.9868778018280864 0.0
v -1.5930562788271345 9.465349180623889 0.0
v 0.3687850049464032 -3.573964656330645 0.0
v -1.8580037897918373 10.48942294344306 0.0
v -13.615472257137299 -13.579921148717403 0.0
v 7.656634568003938 2.7988815447315574 0.0
v -1.8131948841619305 14.886992314830422 0.0
v -0.11753990047145635 -4.638494449667633 0.0
v 3.928252815909218 5.760684669949114 0.0
v 3.6989968236885034 6.946526846848428 0.0
v 11.783860925759654 -2.9343569772318006 0.0
v 7.568627641536295 -1.3433617986738682 0.0
v 5.403648106206674 7.293146094307303 0.0
v 14.716302789922338 8.368101340718567 0.0
v 8.869506029121112 -14.202266765758395 0.0
v 13.263639207638334 -1.0386046329513192 0.0
v 9.52990260097431 14.411446842364967 0.0
v -3.2176172687322833 -11.879710592329502 0.0
v -14.314503051689826 -5.171403530053794 0.0
v -2.8994338258053176 -12.506983989849687 0.0
v 9.559242555347737 -2.052054312080145 0.0
v 2.4100044339429587 10.539254393428564 0.0
v 2.889384015405085 1.364018484018743 0.0
v -1.1303112141904421 -14.12548424769193 0.0
v -13.430933369905688 10.119592818431556 0.0
v 11.74177817616146 -14.820545867085457 0.0
v -12.957788221596275 -1.68143614474684 0.0
v 0.9096491010859609 -14.954678905196488 0.0
v 3.3243911468307488 14.386675463058054 0.0
v -0.037345454446040094 -7.6226823618635535 0.0
v -12.990103718475439 0.1193868899717927 0.0
v 9.988335993315559 9.186010690405965 0.0
v 5.770019646792207 -5.124308792874217 0.0
v -7.451651294657495 6.583349648863077 0.0
v -4.366924500674941 -8.913296508602798 0.0
v 12.642182970535941 9.759154230356216 0.0
v -14.118317797663622 5.570270624011755 0.0
v 9.527982409927063 7.849269793368876 0.0
v -8.490706979646347 6.736055946908891 0.0
v -9.168976470071357 1.2242069011554122 0.0
v 5.426878980943002 -5.819598549045622 0.0
v -0.5828574138577096 -10.241959196515381 0.0
v 7.324218688881956 -6.8341065030545 0.0
v -4.485688085202128 -4.692742419429123 0.0
v 9.891945214068983 -9.73680649138987 0.0
v 3.8963093223865144 -9.183744424954057 0.0
v 12.805965042789467 -2.0938489390537143 0.0
v 1.5949713655281812 1.7801013067364693 0.0
v 7.275080438819714 -4.82815380487591 0.0
v 9.600856973440386 13.27561089862138 0.0
v -9.47099182504462 -10.108042418956757 0.0
v -12.16781289858045 12.364612864330411 0.0
v -7.139235756127164 -7.056690836325288 0.0
v -12.728385983326007 2.4810249842703342 0.0
v 6.513477141445037 -11.960075104609132 0.0
v 12.425872543419246 -9.156021463684738 0.0
v 1.4734382407623343 -10.869616402313113 0.0
v 0.06344262656057253 10.437934175133705 0.0
v 10.823394161066972 -0.49556783493608236 0.0
v -8.658212620590348 -11.661560093052685 0.0
v 10.205767694977112 -10.21409719530493 0.0
v 3.71346554311458 1.5550228580832481 0.0
v 11.3790349093033 -1.593254535458982 0.0
v -5.271388390858192 -11.091691810637712 0.0
v -7.218804149073549 3.485862420871854 0.0
v 10.306532198155764 6.483610305935144 0.0
v -1.8118205487262458 -6.963480269536376 0.0
v -7.885801482305396 5.680960130877793 0.0
v 9.114678628742695 11.48395595047623 0.0
v 9.26156737061683 5.248460391536355 0.0
v 2.984781925508287 -5.105120707303286 0.0
v -7.84806147305062 4.281870374456048 0.0
v 8.1881905636983 -0.195846451446414 0.0
v -12.917988681758288 -2.9459173111245036 0.0
v 7.861507992784027 -9.560966008342803 0.0
v 2.2528103983495384 -6.161841181106865 0.0
v 10.977143670199439 -0.9828424686565995 0.0
v 11.985239706933498 9.838580994866788 0.0
v -2.62576348928269 10.301528449170291 0.0
v -10.263641152589116 5.273770842701197 0.0
v 5.8225353173329495 -14.60932828951627 0.0
v 9.291506371111609 8.982695003040135 0.0
v -9.955598190193996 -9.532485390082002 0.0
v -8.240491492440924 2.504191244021058 0.0
v -10.893873638182413 13.811137263663113 0.0
v 0.8062119671958499 2.7175927441567183 0.0
v -5.1621624834951945 -10.862834608182311 0.0
v 14.983589741983451 -2.2627465706318617 0.0
v -9.880723226058763 8.442771238274872 0.0
v 7.652957270445768 -6.077142766676843 0.0
v 0.4245998714468442 -2.4185482300817966 0.0
v 10.683472228934988 3.9834347143769264 0.0
v 6.093885048292577 -2.303206142038107 0.0
v -14.360655824653804 -13.542597496882081 0.0
v 13.052687922143377 -4.123024734668434 0.0
v 7.987494134227745 3.602369953878224 0.0
v -10.799439473776147 3.3974800501018763 0.0
v 1.405251819116529 3.417463247664273 0.0
v -5.893645476375241 13.715520265512168 0.0
v -1.4211046665441245 -2.1887685768306255 0.0
v -9.062527869304176 -5.929408136755228 0.0
v -12.451934355893172 -3.152417527511716 0.0
v -12.356245687929913 -0.5933453366160393 0.0
v 9.777908073621802 11.399421457201242 0.0
v -9.921968009788543 -6.956252838484943 0.0
v 4.1482244557118975 -4.940495044924319 0.0
v -5.468434638227336 -5.938577359542251 0.0
v -0.3965487036621198 5.717468614690006 0.0
v 4.13094321754761 -6.705305499024689 0.0
v -14.66161165368976 -14.274752220138907 0.0
v 14.787939659378026 8.4838275462389 0.0
v 11.759454158425797 11.956716688349843 0.0
v -2.3046443848870695 -0.822066081687808 0.0
v -3.056312275119126 -14.34122964181006 0.0
v -10.901905494451057 -7.10719954315573 0.0
v 6.145924531563651 -4.427096205763519 0.0
v 7.75998500129208 -13.913648894988 0.0
v -11.74488823080901 -3.707438165321946 0.0
v 6.091107999149244 10.050686053931713 0.0
v -2.9724889511126094 -11.997961543500423 0.0
v -0.03848565637599677 -9.345716007985175 0.0
v 4.961068905889988 -9.182782671414316 0.0
v 5.54442779981764 5.31107485294342 0.0
v -6.6093861337867565 -14.201693932525814 0.0
v 14.24733941530576 3.526029826141894 0.0
v -5.534283462446183 3.4957717480137944 0.0
v -0.9461280737887137 -9.69834794756025 0.0
v -6.42199768795399 -8.041205565445125 0.0
v 11.313066493428778 -5.526051319204271 0.0
v -0.48446192254778 2.8283165050670505 0.0
v -0.10809676995268092 -0.4427883252501488 0.0
v 8.487869996577501 6.053997582755983 0.0
v -10.405897771415766 9.386926755309105 0.0
v -7.160874410881661 -3.8556582015007734 0.0
v 11.87193115951959 8.435461628250778 0.0
v 4.410091111494694 -1.6269429959356785 0.0
v 6.99670376337599 3.1909809317439795 0.0
v 11.425789301283658 -0.6793378107249737 0.0
v -6.362757023773156 5.544981123879552 0.0
v -7.263321244216058 -5.803189028054476 0.0
v 5.973872613452841 10.48306421097368 0.0
v -14.068477952154353 8.239713411778212 0.0
v 13.304365044401493 -4.777538708411157 0.0
v 5.146700118260924 11.236073778942227 0.0
v 11.009265016298741 -9.551588656380773 0.0
v 5.465457104553934 -5.259563412517309 0.0
v 7.710168614576105 10.970142996869981 0.0
v 10.231669961998705 -6.920442855916917 0.0
v -8.950060162576847 -14.294362973421812 0.0
v -6.180231475329492 -6.035458762198687 0.0
v -7.3892917457269505 -5.5621393183246255 0.0
v 1.3662246904568747 13.430850960314274 0.0
v -12.581625891500153 3.7923797192052007 0.0
v 8.712631760339718 -1.9629179751500487 0.0
v 0.32051356765441597 -8.75542374420911 0.0
v -1.4939697608351707 9.349655419588089 0.0
v -10.07663775322726 11.274992121383548 0.0
v -3.171222971053794 -5.524151944555342 0.0
v 5.043830157141201 -4.474857605062425 0.0
v -5.032202684495132 -11.943607743829489 0.0
v -11.930384315317497 13.711594300344586 0.0
v -13.524868068809155 -12.359912479296327 0.0
v 14.28359234740492 -6.443199808709323 0.0
v -6.8665369029622525 3.3833093270659447 0.0
v 9.081293160445057 3.4024787517264485 0.0
v -6.420495943981223 -3.1041813595220447 0.0
v -5.823690660181455 -14.257222973741591 0.0
v 14.77727675542701 9.94726680777967 0.0
v 10.188703799445648 1.8522015754133463 0.0
v -8.060089848178905 -9.919974535703659 0.0
v 8.054806319647469 -12.684215097688138 0.0
v -5.271325838868506 -4.003426996991038 0.0
v -5.600861454498954 -1.436622016131878 0.0
v 11.935412623279262 0.12647706363350153 0.0
v -13.116896081599407 -13.107125846669078 0.0
v 10.092409361735918 3.0151401311159134 0.0
v 0.9785485083702952 -11.923035834915936 0.0
v -8.962455751316156 10.870158818550408 0.0
v -0.3775212152977474 -7.586216032505035 0.0
v -1.3478122198721394 -6.398741324432194 0.0
v 9.190764239639975 -0.4005751460790634 0.0
v -5.853162084997166 0.37644865922629833 0.0
v 4.926905784348492 11.900488713756204 0.0
v -5.893581204756629 5.027338675223291 0.0
v 4.007874573930167 -3.4870315603911877 0.0
v 2.734621272131335 14.177338907495141 0.0
v -5.929209977912251 -11.923696297220886 0.0
v 11.441736374341417 11.044738198630512 0.0
v -11.711490769055672 10.02227036934346 0.0
v 1.2928903797874227 -5.8374257190153 0.0
v -4.455580631562043 -11.124866814352572 0.0
v -4.541110633639619 -13.49992482829839 0.0
v 9.292358402046375 -11.4824753170833 0.0
v -3.7084624150884338 13.561384089291096 0.0
v -8.460513706377242 6.3868533074855804 0.0
v -10.337519025546499 13.783739077858627 0.0
v -9.99749494122807 8.904106117784977 0.0
v -2.54284945060499 -6.744613378308713 0.0
v 11.364373453252483 -8.93040494248271 0.0
v 6.710118565300945 -1.5938263228163123 0.0
v 1.8208543393411674 -10.017210339196026 0.0
v -11.080550215789117 -10.475431898608804 0.0
v 4.2863030871376395 -11.335790465585887 0.0
v 6.167975387477782 -10.380742792971432 0.0
v -7.64629801659612 4.306678652763367 0.0
v 9.715298718889244 -6.702643118798733 0.0
v -8.379591661156155 -0.14212511386722326 0.0
v -0.10140991350635886 -7.7859522588551044 0.0
v -14.555785408592783 5.469989077188075 0.0
v 9.947726387705188 -3.6898796688765287 0.0
v 13.923424522159621 8.114101072773337 0.0
v 11.19283536914736 4.954427017830312 0.0
v -12.68350339087192 8.164556224830449 0.0
v -2.828349749732297 1.2969707744196057 0.0
v 0.10820196784334257 1.6503151785582304 0.0
v -2.7256784575874917 -3.48503898922354 0.0
v 13.226277647248935 -2.416500149294734 0.0
v -0.4175614998675883 1.6690106531605124 0.0
v -10.484363979718182 -1.405885148793459 0.0
v 3.66133218241157 -3.226883441209793 0.0
v 1.4445730983861722 -6.401197482831776 0.0
v 5.7878226062166505 -2.4983086893334985 0.0
v -4.627660930738784 7.010756841860712 0.0
v 9.573169658717234 -9.919517102651298 0.0
v 9.571079921792261 9.864546122029424 0.0
v 0.6321108575793914 -4.601157326251268 0.0
v -1.695069079985842 -2.9785920502617955 0.0
v 4.31872862263117 7.8514170330017805 0.0
v 1.5793443656875752 13.857734617777169 0.0
v -11.119478769600391 -3.194297225214541 0.0
v -1.650861281552352 11.80793360248208 0.0
v -8.533161699480843 -7.0423969849944115 0.0
v 6.929061508679297 7.928820198401809 0.0
v -9.339493046922144 -11.447148218750954 0.0
v -9.935134498868138 1.3607747023925185 0.0
v -6.968744627840351 -13.0381179433316 0.0
v 0.6150423447252251 12.104592424817383 0.0
v 3.589007066329941 2.2186627397313714 0.0
v -8.607453016098589 6.214391835033894 0.0
v -4.642206761462148 3.4920882005244493 0.0
v -2.9575646573211998 -9.727215705439448 0.0
v -5.38288788322825 -0.3892955435439944 0.0
v 8.841154108231422 0.6399573935195804 0.0
v -11.953168628911953 4.631763173267245 0.0
v -13.237015648861416 -1.4024374280124903 0.0
v 6.248718258109875 8.88958845846355 0.0
v 7.720499982184265 3.0497345561161637 0.0
v 1.2951257167733274 -4.345475024543703 0.0
v -3.929875230882317 -2.780167222954333 0.0
v -4.497481951024383 -5.38176653906703 0.0
v 11.098855024320073 2.5393995912745595 0.0
v 7.75251206534449 13.870998331345618 0.0
v -9.83314898936078 3.6351397521793842 0.0
v 8.209821465134155 5.105719017796218 0.0
v -7.319259185576811 1.5826244847849011 0.0
v 3.3852342806058004 6.185274843126535 0.0
v 6.0850369276013225 4.562085251323879 0.0
v 5.368472107511479 -14.772965242154896 0.0
v 1.5190632928861305 12.463380286470056 0.0
v -7.5715611357591115 11.533142465166748 0.0
v -3.2792714966344647 -7.779393894597888 0.0
v 6.37205089291092 -10.33668893482536 0.0
v -14.229738165449817 9.441825285553932 0.0
v 6.499950035067741 -14.822918269783258 0.0
v -5.302445566805545 -14.890647303313017 0.0
v -2.3344337857561186 3.432146762497723 0.0
v 3.1025858612847514 7.018594172783196 0.0
v -3.4645246437285095 -6.701939742080867 0.0
v 13.848726939060725 8.789611032232642 0.0
v 1.1106465986231342 0.4651349913328886 0.0
v -5.3135381610482 14.422200673259795 0.0
v -0.8501279687625356 -13.53210449591279 0.0
v -11.873140820884146 14.054543195292354 0.0
v 9.693838027131278 1.08208401594311 0.0
v -0.8038580020656809 7.482119456864893 0.0
v -11.863461401197128 -2.4574247151613235 0.0
v -5.886037767573725 -8.458231335505843 0.0
v 8.34561996703269 2.5098812663927674 0.0
v -9.38191144587472 12.237141146324575 0.0
v -10.222162510210183 5.6799694476649165 0.0
v -4.696135773556307 7.396964048035443 0.0
v 13.934396224096417 -2.536343823187053 0.0
v -0.3704759287647903 14.73270873632282 0.0
v -5.635973762837239 4.543309758417308 0.0
v -14.92221215646714 5.866763088852167 0.0
v 5.553330512193497 9.736561679281294 0.0
v 2.0834735893877223 5.164378394372761 0.0
v 3.5839353733463213 2.123574363067746 0.0
v 3.337851626391057 -13.807221501134336 0.0
v 2.11886234668782 0.9295726036652923 0.0
v -7.357625450124033 2.097873984836042 0.0
v -9.303451697109267 -14.616237109526992 0.0
v 4.460503472248092 2.488571480847895 0.0
v -12.198809411784168 0.8327621268108487 0.0
v 8.046560051327106 -1.7300454378128052 0.0
v 2.622439741564449 -5.81812734529376 0.0
v -5.466353696654551 10.616611666977406 0.0
v -3.4670063010416925 -14.637425904162228 0.0
v 13.977299539721571 -3.169651704840362 0.0
v 12.450248038512655 -12.993723634630442 0.0
v -3.589101293531712 13.16921720188111 0.0
v -6.919052771059796 4.470421219244599 0.0
v -3.152480350981932 -7.512241090647876 0.0
v 2.3206260941224173 2.2384047331288457 0.0
v 5.063278513029218 7.112521230243146 0.0
v 0.7341937411692925 3.985960476100445 0.0
v 11.129503049247433 6.615195291116834 0.0
v -13.310413884813897 -4.807296901009977 0.0
v -12.29603681381559 13.916582382284105 0.0
v -2.3429580632946454 6.3917755568400025 0.0
v -5.478923581482377 -13.754802400246263 0.0
v -6.59691005689092 -9.245990590192378 0.0
v 3.2209920691675507 -5.991543320938945 0.0
v -0.31867762963520363 -13.324989397078753 0.0
v -4.570479846326634 4.6843988336622715 0.0
v -7.2599082451779395 -13.228860279545188 0.0
v -5.061237941728905 -11.260224497877061 0.0
v 6.675558748887852 -13.43508190009743 0.0
v 0.553444022545591 -4.706972170621157 0.0
v -3.8174883379833773 -6.078643397428095 0.0
v -14.005134676815942 14.215442593209445 0.0
v -2.950621916621458 -3.1269569350406528 0.0
v -2.829736367741134 14.162722065113485 0.0
v 6.53238725697156 -1.7911012340337038 0.0
v -3.405642652011011 -4.267970855347812 0.0
v -12.533191151393112 -10.20015476923436 0.0
v 10.729503170703538 13.916258866898715 0.0
v 9.582136137527414 -1.2945653945207596 0.0
v 3.901488204370253 11.080255636014044 0.0
v -11.41214666259475 9.882595627568662 0.0
v -13.01662182965083 13.247403344139457 0.0
v -11.591440977645107 -11.062277761287987 0.0
v -5.149806654197164 11.349796271882951 0.0
v 14.638493824168108 -6.288080759346485 0.0
v 2.027516045374796 -3.137429291382432 0.0
v 11.38069658819586 14.914887240156531 0.0
v -2.412608939164784 3.5714380480349064 0.0
v 13.256906315567903 -3.9968949165195227 0.0
v -8.13334235327784 -4.700466665439308 0.0
v 12.443063838640228 11.672671514563262 0.0
v -10.008948727394454 -3.454503103159368 0.0
v -4.626380766101647 -6.711956632323563 0.0
v -11.126625642122235 12.94519970100373 0.0
v -7.22267001029104 -9.848766783252358 0.0
v -12.251384612172842 2.3517204485833645 0.0
v -3.0800288832979277 10.297231302596629 0.0
v 5.946969401149545 11.614314189180732 0.0
v -1.6099124479223974 -0.5505727799609303 0.0
v 4.693901976395864 4.779819479212165 0.0
v -4.7877737352391705 -10.85484907310456 0.0
v 8.426816216378938 -13.590890717692673 0.0
v 5.232297707989346 2.2939898874610662 0.0
v 3.4389983951696195 0.33709234837442636 0.0
v 3.73152968037175 -4.509875742718577 0.0
v 13.821288147184532 -10.98401768412441 0.0
v -1.2102557684993371 3.1649764655157924 0.0
v -12.8275024407194 -1.1119889551773667 0.0
v 5.916221703053452 12.099310744553804 0.0
v 11.474022495793179 14.960618765093386 0.0
v -3.6220731207868084 -9.662847287021577 0.0
v -1.5282140973722562 10.738671835511923 0.0
v -8.250341112026945 -4.410043275915086 0.0
v -9.627368171233684 -11.004468837752938 0.0
v 14.973027450439986 -7.95631742104888 0.0
v 12.983551799610723 -13.772175840102136 0.0
v -1.4347060987493023 -1.3030894501134753 0.0
v 1.833076809591148 13.064769052900374 0.0
v -3.8853661836474203 0.4639711705967784 0.0
v -13.095214986184146 -9.287924014031887 0.0
v -9.32591167226201 -12.414377832785249 0.0
v -0.09654728457098827 -11.740312495268881 0.0
v -0.6274740538792685 5.311160458251834 0.0
v 4.686388173606247 8.865330653265119 0.0
v -3.1308479245053604 -11.461482560262084 0.0
v -8.763115896319505 5.341205452568829 0.0
v -7.999955591687467 -9.163991136476398 0.0
v -9.313304450653959 -11.978860738687217 0.0
v 1.7836724043590948 -1.4656402627006173 0.0
v -7.659080616722349 3.4685132717713714 0.0
v -13.471366407873575 -14.208147729746997 0.0
v 9.347574581915978 -8.873930900357664 0.0
v 13.697423044533934 -8.84223747625947 0.0
v 10.889081968460232 9.124281673692167 0.0
v -2.8971322731813416 -6.429056799039245 0.0
v 7.098279300087597 -14.583675381727517 0.0
v -13.100701611314435 -5.958050704561174 0.0
v -6.11259966698708 10.85735385119915 0.0
v -12.473980685928836 11.13120321650058 0.0
v 14.95543150708545 8.747825853526592 0.0
v 7.161584854184184 -1.0685360105708241 0.0
v -8.451570581179112 0.2845189217478037 0.0
v 4.614573543891311 -0.13566788472235203 0.0
v -2.682453165703919 1.5332595286890864 0.0
v -13.92324863380054 0.7718776101246476 0.0
v -1.1595593182719313 2.690713948570192 0.0
v 8.024122337752488 4.076272436417639 0.0
v 12.212584105029237 4.802873111329973 0.0
v 5.897237354656681 3.2172367544844747 0.0
v 1.4654143723309971 -5.819963086396456 0.0
v 11.452416412357707 -7.685871156863868 0.0
v 12.512158687226474 0.3851736355572939 0.0
v -9.120282096613664 -14.349800727330148 0.0
v 8.792619700543582 -13.292991364374757 0.0
v 8.891797380405478 1.4103713454678655 0.0
v 10.157009907008614 0.5578736178576946 0.0
v -8.79362654441502 9.430034264922142 0.0
v -12.865005480009131 -4.235464973375201 0.0
v -14.618858435715083 -4.9928715554997325 0.0
v 11.77888344990788 -8.679152749478817 0.0
v 3.3988225153880194 8.881835052743554 0.0
v -10.370422980573494 12.333925747312605 0.0
v 14.376543954887893 -5.729250297881663 0.0
v 6.662506182852667 14.25824719388038 0.0
v -0.8230237987008877 2.2903383299708366 0.0
v 1.1207079650484957 -0.36635662615299225 0.0
v -3.4758136745658703 -7.810794656164944 0.0
v 4.677367074473295 12.134936311282218 0.0
v -11.038879991043359 2.8325121542438865 0.0
v -9.00560188741656 -7.685330560430884 0.0
v 12.562400534457993 14.550409316085279 0.0
v -8.818119532312267 8.089785842224956 0.0
v -5.2515747508150525 6.805954000912607 0.0
v 13.215988001727965 1.182823101989925 0.0
v -7.830863810435403 -13.617315384559333 0.0
v -12.722140844678506 -12.579739703796804 0.0
v 4.150009170232806 -13.99439684394747 0.0
v -13.430638391408138 -14.788965265266597 0.0
v -10.496218637912534 -2.481082514859736 0.0
v -9.697274472389836 11.386876485310495 0.0
v -14.073334070853889 -11.016707918606699 0.0
v -10.451703948841896 10.559025077149272 0.0
v -10.76768874406116 -2.7088872035965323 0.0
v 5.442076732870191 -9.0149584710598 0.0
v 8.28647398063913 8.11460939887911 0.0
v 5.859293508576229 0.3549228059127927 0.0
v 8.737885112524964 14.462716174311936 0.0
v -8.955301240610424 12.6269362680614 0.0
v -12.603040645946749 -9.698755980469286 0.0
v -1.4337987901526503 9.707831694744527 0.0
v -3.3309247645083815 -3.1765519259497523 0.0
v 3.425859398848843 12.673897162079811 0.0
v 3.549651943380013 -5.981739370152354 0.0
v 11.688264182419516 4.860521936789155 0.0
v 11.251751227013301 6.4251471078023314 0.0
v 14.567084431881085 -5.130065035074949 0.0
v -3.659080878540408 -6.911607127636671 0.0
v -12.900685992965009 2.6226389314979315 0.0
v -1.4651188232237473 -3.372196569107473 0.0
v 5.41337873210432 14.167247767560184 0.0
v 4.80069880373776 -6.6251132963225245 0.0
v -12.38216097606346 11.116956290788949 0.0
v -4.786152288666926 2.1096842093393207 0.0
v -4.333665058889892 -4.3430280247703195 0.0
v -5.812387560203206 2.687424637377262 0.0
v -1.223565154534299 6.889888635836542 0.0
v 14.38426117907511 -14.764502581208944 0.0
v 1.9630590042797849 -9.82834549434483 0.0
v 5.471170836768579 0.7691690819337964 0.0
v -3.9943495502811857 -2.3542222445830703 0.0
v 11.367403326323256 -6.455437019467354 0.0
v -7.722788997692987 7.07266881223768 0.0
v 14.244086913589854 -14.609339457005262 0.0
v -8.514482802362181 -13.052668865770102 0.0
v -2.3943251064047217 -1.0133355613797903 0.0
v -11.643666338233743 -7.866372749209404 0.0
v 4.418732388177887 -14.821224458515644 0.0
v 3.081527531496249 -11.122707365080714 0.0
v -1.750643074279651 -2.3936980850994587 0.0
v -12.515630591951776 -8.094564548693597 0.0
v 3.3187258786638267 -11.275861519388855 0.0
v 2.9937818784383126 8.035877398215234 0.0
v -10.458417484129313 -0.12007631361484528 0.0
v -8.545090797357261 -9.84175410028547 0.0
v -11.395052357809618 11.299395731650293 0.0
v -10.307051160023548 -6.533396859653294 0.0
v -12.651248017733451 11.637055638246238 0.0
v -0.2832419243059121 -5.355050237849355 0.0
v -13.310049519699533 4.1252732165157795 0.0
v -10.267460418108385 -4.941863555461168 0.0
v -1.4085267374757677 14.949711492285132 0.0
v 11.328344947542064 -0.659234220162034 0.0
v 12.53237010864541 -14.31854634359479 0.0
v -5.41289026819868 12.758004675619304 0.0
v 2.797573518822901 -6.006497434340417 0.0
v 11.859117932093795 -6.400833796709776 0.0
v 5.982034799992107 10.377637337893248 0.0
v 5.3809261242859066 -12.684109143912792 0.0
v -7.862781487812754 -3.3175848722457886 0.0
v -11.513813059194945 -11.921335172839463 0.0
v -7.210388550360221 9.780273584648967 0.0
v 13.514588473015465 -14.694853619672358 0.0
v -6.405628761916887 14.996010292321444 0.0
v -8.94229274947429 8.314176817424595 0.0
v 12.518279305309989 -4.716458062641323 0.0
v 7.398361997969914 -0.9685254469513893 0.0
v 13.99834038951667 -7.157280161045492 0.0
v -6.329193578741979 11.8111687367782 0.0
v 1.4340494383359328 0.2614430012181401 0.0
v 8.582596236665267 12.380959009751678 0.0
v -10.883322019246407 -6.205850086174905 0.0
v -3.147468227019999 -4.17554949503392 0.0
v 6.101595761429053 -4.9845742750912905 0.0
v -13.390154815686401 11.126493772491813 0.0
v -9.912960430199746 -10.524963199160993 0.0
v 9.854619258781895 6.115609880536795 0.0
v 11.742429285310209 14.85010091215372 0.0
v -1.2332188151194714 8.084819708950818 0.0
v -2.712667390005663 9.640711249783635 0.0
v -11.31170521985041 -11.959584831260145 0.0
v -10.016004786128178 10.045050397515297 0.0
v 12.800061199639458 -6.000923019833863 0.0
v -2.6718184227356687 -3.585815405473113 0.0
v -11.398052184609696 12.696849849075079 0.0
v 10.22488679480739 -7.712110505439341 0.0
v 13.251891072141007 -5.074933834373951 0.0
v -12.233800310990773 3.464780609123409 0.0
v -12.66480632260209 2.0149788055568933 0.0
v 0.5514905148302205 7.092073420993984 0.0
v 1.5961946606403217 -9.101788223721087 0.0
v -9.383653898432385 -8.77147797588259 0.0
v 6.083198771229945 2.46698559820652 0.0
v 13.766733222990297 3.991952121257782 0.0
v 10.869409547187388 -7.442084986716509 0.0
v -6.613263404928148 -1.5811956357210875 0.0
v -14.162363052659202 -11.632170328870416 0.0
v 7.826990042696707 1.8792069172486663 0.0
v -10.013263760658447 -4.927841312251985 0.0
v -0.04887298820540309 -13.39222504105419 0.0
v -10.488710216188338 -2.943689627572894 0.0
v -12.391122228989843 5.9691690327599645 0.0
v 12.119060956232715 -13.119131004437804 0.0
v 7.513035762065556 -8.83763608429581 0.0
v -0.9706483150366694 -12.13575021456927 0.0
v -3.4969755191123113 0.8598153544589877 0.0
v 2.721105059259571 -14.594889714382589 0.0
v -9.348052782122977 -6.556914729066193 0.0
v -2.2855375431245193 -1.084059851244092 0.0
v -0.6489006341435015 12.015278050675988 0.0
v 2.6678074368974194 13.46881449688226 0.0
v -12.974663887696806 11.554430501535535 0.0
v 13.281333070248365 -10.089494922198355 0.0
v -11.939484474482015 -5.569130060262978 0.0
v -11.299472480895929 -14.766520856879652 0.0
v -4.433554537128657 -12.485235436819494 0.0
v -3.500867494556587 -7.1000962648540735 0.0
v -12.461357520194724 1.1978042162954807 0.0
v -0.764722777006682 -11.497711582109332 0.0
v -5.430983858008403 -8.961042755283415 0.0
v -1.3095556022017263 4.233898825012147 0.0
v 3.9003633511601947 5.967736539430916 0.0
v -5.878569681139197 -7.067075653001666 0.0
v -12.080056823906489 -9.19746534153819 0.0
v 2.0287772695883177 -6.831019856967032 0.0
v 14.025192961213179 9.727312481030822 0.0
v -7.53345846402226 -3.5658473130315542 0.0
v 5.082231363048777 4.334983213804662 0.0
v -12.070265143585857 1.5718003725633025 0.0
v 0.729531871562358 4.695614422671497 0.0
v -9.115971056860872 12.260212761349976 0.0
v 3.6355200932594016 13.419340977445245 0.0
v -11.612718380696606 14.79064469318837 0.0
v -5.456961699295789 14.579809566959739 0.0
v -11.946734850876965 2.626808817498386 0.0
v 13.73101757967379 2.749434217810631 0.0
v -12.36057771841297 11.687705770134926 0.0
v -2.7014121420215815 -7.298920564353466 0.0
v 3.973787830618676 14.168813912197948 0.0
v -9.836767171218526 -12.270606144331396 0.0
v 1.6769092500326224 7.808239880949259 0.0
v -12.516812562418636 -7.379593726247549 0.0
v 2.5591936128330417 10.663951370865107 0.0
v 0.44778281688923016 -7.133447944186628 0.0
v -6.133017407963052 -14.126077329739928 0.0
v -13.653519514773507 -2.96971096098423 0.0
v 12.809369468304794 -9.23543599061668 0.0
v -10.371909899637103 -0.9334591571241617 0.0
v 10.841648054483812 14.147415820509195 0.0
v 14.873392821289599 -8.491597865708172 0.0
v -9.427177075471263 13.311919922940433 0.0
v -3.180918220372405 -2.2526614563539624 0.0
v -9.124824501283001 -0.6045534508302808 0.0
v 4.8630326325655915 9.458799340762198 0.0
v 2.10879045445472 -9.466515319421887 0.0
v 8.263271241565235 -4.64387121796608 0.0
v -8.372300591203384 -3.8405525982379913 0.0
v 14.061866638658103 -4.367124718613923 0.0
v -0.5502144358470105 -0.19073461182415485 0.0
v 4.711369261378422 7.369327959604561 0.0
v -9.571921739494428 6.389167254790664 0.0
v 6.256539410853293 13.771444266662002 0.0
v 3.9592816112563014 9.614919790998101 0.0
v 14.976169009925798 3.037297470495105 0.0
v 10.703278084110934 -4.767683709040284 0.0
v -13.94320496096043 -10.630781789310277 0.0
v 9.817605278454721 14.042565176263452 0.0
v 11.916609361069277 0.0445282282307744 0.0
v -8.831949560611974 -9.261136116459966 0.0
v -5.090818012366071 -2.106761822476983 0.0
v 2.1260438233148307 9.908456490375102 0.0
v -8.439079802948982 -10.888524824753404 0.0
v -14.110997339128517 -0.5603490341454744 0.0
v -5.266763545339927 9.95147089380771 0.0
v -14.127729221188929 -5.043105972930789 0.0
v 3.9485620537307113 -8.034260101616383 0.0
v 12.823128700372763 -5.514125259593129 0.0
v -3.781790650624316 3.2324944138526917 0.0
v -3.167054217250552 -14.710461515933275 0.0
v -14.7351458571502 5.741600688546896 0.0
v -9.957527625432704 2.6647852463647723 0.0
v -13.902432697010227 2.5996500682085752 0.0
v 4.254461896896828 6.580216838046908 0.0
v 0.13401894993148744 1.3041552994400263 0.0
v 7.342956308450084 12.937497693113983 0.0
v 9.595618331688456 -14.556170635856688 0.0
v -1.0018346518627368 12.099228566512465 0.0
v -3.3857897688285448 -10.008685388602316 0.0
v 1.6467346141580492 -0.060658915899693966 0.0
v 1.7590824392391369 14.867233704775572 0.0
v 8.404715970216785 2.3139436654746532 0.0
v -6.600244237983134 9.833659087307751 0.0
v -0.4740104434895329 14.684564892202616 0.0
v -1.5423826116602868 -14.834407981485128 0.0
v -9.547393856279086 2.113336347974837 0.0
v 6.883771952299867 -7.54541774187237 0.0
v -0.06455212947912514 -3.7462182017043233 0.0
v 9.737122048682068 6.061365543864667 0.0
v -5.761245803092606 7.947491391561925 0.0
v 5.724341589026153 2.5652684988453984 0.0
v -1.565918474982027 -14.500936082564294 0.0
v 10.588583698961884 2.370714074000716 0.0
v -3.5871473836596124 5.616682022809982 0.0
v 9.389214179711416 13.973327185027301 0.0
v -14.943858737649862 -3.715007313527167 0.0
v 7.082769797241781 -2.8486321326345205 0.0
v 11.06885827059159 1.9161136327311397 0.0
v -7.627166862599552 12.669017068110406 0.0
v -9.17936177039519 4.227191344834864 0.0
v -9.743933552585077 -9.454287055879831 0.0
v 3.7685142236878164 12.617680017836392 0.0
v -3.570163868542295 -11.04392248019576 0.0
v 6.9297001787927 -12.27383275423199 0.0
v 7.663412582245655 -1.6112971333786845 0.0
v -6.986052089894656 -10.956187176518142 0.0
v 4.057663230516482 13.824202993884683 0.0
v -10.226276824774686 -1.0707951681688428 0.0
v 14.247852439875714 -9.214043205603957 0.0
v 9.909897027828265 0.7584083033725619 0.0
v 0.24014499346958473 9.655845189467072 0.0
v 2.9951171595603228 -8.84720578044653 0.0
v 0.19389735447475687 -3.921564015559852 0.0
v 13.23503398388857 -4.746188900433481 0.0
v -12.612939547747374 3.6678456338122487 0.0
v 4.5660158933606 11.422279332764447 0.0
v 2.778543718450237 6.4603055557236075 0.0
v 6.269843931833748 -2.4080952387303114 0.0
v -7.345122878381517 -8.754914663732052 0.0
v 14.720471771259326 -4.5411294074729085 0.0
v -12.131119352241512 10.740338743664324 0.0
v 0.5440586298354901 -13.754629291594028 0.0
v 7.740040609263815 -7.970110658556223 0.0
v -4.578553474333603 1.3695190669968724 0.0
v -6.050663965346757 7.6014300948008895 0.0
v 5.294713053561281 3.1994639728218317 0.0
v -14.923305329401046 -5.226519315503538 0.0
v 7.452000880846754 11.390321221202612 0.0
v 7.876302461954765 0.07139831874519587 0.0
v 0.46344443783164024 7.176109111867845 0.0
v -4.482632671366446 -1.963446862064302 0.0
v 14.846630915475544 11.565125042572618 0.0
v -12.839578462822828 -6.400258633308113 0.0
v -12.401289016299415 -12.234694383107126 0.0
v -7.55958362336969 12.151739472523332 0.0
v -6.0069550559856 6.013518258929253 0.0
v 9.707674175559077 -8.558967087417841 0.0
v 10.253839487268124 4.947101605124772 0.0
v 9.090006843965966 7.889021442271769 0.0
v -7.574971947702579 -14.444923274219036 0.0
v 4.253596285416279 -7.902020696550608 0.0
v 2.6763077119830996 14.70800479594618 0.0
v 9.857697623490822 13.067793485708535 0.0
v 10.163926426146645 3.6029761880636215 0.0
v 13.61548713920638 -1.921892493031919 0.0
v 13.02303592802491 -0.3401834452524781 0.0
v 3.392233907536138 0.6221895469352603 0.0
v -14.209741301718168 5.638617061078548 0.0
v -9.296467161912005 10.529434468597174 0.0
v 0.07357417570892721 -4.265184138901532 0.0
v -1.681127761141397 12.641296348534524 0.0
v 0.9687817752710544 -5.546556218527257 0.0
v -10.093186473415699 -3.7910415548831224 0.0
v -7.832207122235559 -11.371943117119372 0.0
v -6.800709668139461 -14.578866784460843 0.0
v -8.620157313998789 -11.43344062473625 0.0
v 8.346278104523662 -11.87856377940625 0.0
v -8.244883907318581 4.037695556879044 0.0
v 1.885101914696861 0.10507472604513168 0.0
v -1.9509962292504497 1.6193886967375875 0.0
v -5.54118173092138 -9.892880419269204 0.0
v 3.5384487347328104 -4.224867163226008 0.0
v -2.2554748490219936 12.012104033492506 0.0
v -13.75722646137001 -14.265101164579391 0.0
v 6.761807113594841 -10.834902133792639 0.0
v -3.589403708348982 6.072220576927066 0.0
v -2.68028872954892 -3.529711725190282 0.0
v -2.087678084440995 9.854573817923665 0.0
v -2.8415624372428283 -4.412653454579413 0.0
v 7.825100435176864 5.430771511979401 0.0
v -2.021170562482439 -0.11610954627394676 0.0
v 5.053578220598865 -5.512141783721745 0.0
v -11.662285915925168 -10.828042844310403 0.0
v -14.091557603911497 -6.988920919597149 0.0
v 2.9991035318234935 5.9021241292357445 0.0
v -8.495504850638099 10.056741382926702 0.0
v -4.723429465782829 -4.521671475842595 0.0
v -12.541711214871611 -0.08811059687286615 0.0
v 14.638854591466952 -6.041316911578178 0.0
v 6.686396537174005 -8.836278243921697 0.0
v 7.190816464310046 1.3803773233667016 0.0
v -0.27051299781305715 14.275163336656988 0.0
v 2.038981440186035 -6.529827870428562 0.0
v 8.479558675258886 -12.275143940001726 0.0
v -10.480333362065721 -5.939513575285673 0.0
v -0.630627530917991 -2.441824867390096 0.0
v -2.932285377813969 12.029448931105435 0.0
v 1.6061254562810063 -8.568646498024464 0.0
v 13.946903247211594 -11.502790150232613 0.0
v -2.927342855720781 8.99295128788799 0.0
v 3.390409651270602 -8.591662003658712 0.0
v -8.356632062525023 -0.9317654510959983 0.0
v 1.390527423005551 -1.7944692438468337 0.0
v 11.7668164652423 -5.18929239641875 0.0
v 4.961339108471293 12.436076724901795 0.0
v 13.645680126966909 -10.395517684519291 0.0
v -9.374843437515665 10.728282818570733 0.0
v -6.1046436299802735 -12.645073932595551 0.0
v -8.879511772480328 8.57625095359981 0.0
v 14.35174554947298 -2.95095041859895 0.0
v 7.4626875663525425 -12.169059619307518 0.0
v -1.280851969437208 -8.538735877722502 0.0
v -8.904459857556503 -7.712133937515318 0.0
v 9.527196233393624 -4.095338847488165 0.0
v -9.22185739694396 -0.3626702381297946 0.0
v -14.427875965600833 1.6633509462699294 0.0
v 14.824457691633143 10.971312463283539 0.0
v -1.2100045096012764 4.753977254964411 0.0
v 13.182263077411335 12.018005851656199 0.0
v -9.279484858852811 8.832614217884839 0.0
v -6.47339693835238 -13.628710241988301 0.0
v -11.582767493557185 2.5618416322395205 0.0
v -13.934805314231198 -14.994210427626967 0.0
v -6.279949810239486 -2.429614338092506 0.0
v 9.532710600004066 12.259262633509934 0.0
v 2.3565223923069425 -1.034485798329115 0.0
v 10.412381920265034 7.276129795238376 0.0
v 12.709601989598013 2.431455877609551 0.0
v -3.1593054708791897 -10.137894969433546 0.0
v 9.963400259730406 10.910498100332916 0.0
v 0.24277320102555677 -5.889590450562537 0.0
v -3.100019803852774 -4.9326135236769915 0.0
v 5.341122748446651 2.9568330915644765 0.0
v -2.9910663779010065 5.123166815377772 0.0
v -2.2800579667673446 4.424676385708153 0.0
v -5.176124440622516 -6.5119121177122 0.0
v -8.716049584618304 -4.373835624195635 0.0
v 14.457730211957823 -5.017531242221594 0.0
v 9.397110493620858 2.3743192218244076 0.0
v -7.267727553029545 10.844729572534561 0.0
v 0.4493431660812348 -5.418445554561913 0.0
v -12.323202453320846 0.37499030120670795 0.0
v 14.806645111937542 -1.1342263333499432 0.0
v -10.10363150126068 -6.033520226366818 0.0
v 9.365966916666366 -9.110180848278105 0.0
v 12.032934033195488 -5.833041508682072 0.0
v 1.1961308243335225 10.488461837172508 0.0
v -7.0003902719472535 -12.955392925068736 0.0
v -10.447253788122907 -1.4279509847983718 0.0
v -8.29624980717199 -5.423957136459649 0.0
v -13.451802540628705 -0.9772400818765163 0.0
v 14.747822603909299 4.789130484685302 0.0
v -1.3812644609133713 3.367711678147316 0.0
v -11.688918025465682 4.620660617947578 0.0
v -6.724590485740919 7.935020957142115 0.0
v 10.781208099389914 0.2861105287447572 0.0
v 4.008437586657237 -2.0233037071302533 0.0
v 7.414625626290217 -11.955249493010342 0.0
v -7.159245990216732 0.9620930319651961 0.0
v -10.889067972719204 12.286268355324864 0.0
v -0.5788985950057395 7.912815026007593 0.0
v 14.970535408589058 0.9476833054795861 0.0
v 13.865604479738977 -8.013566982932389 0.0
v 8.687020471901633 4.101195074617863 0.0
v -5.631155486800708 -10.553125962615013 0.0
v 3.035924858006183 8.452030484564602 0.0
v -2.8798920106492005 -5.4797930074855685 0.0
v -5.872591996565461 10.746628427878022 0.0
v -14.637786199804395 -6.782630288973451 0.0
v 1.713583046803251 -13.390351633541286 0.0
v 14.106911913433578 -7.9564062571153045 0.0
v -9.753068369580433 1.9686123933643103 0.0
v 1.7753978584660217 -14.479321751743555 0.0
v 2.3869229120900854 10.290375121869147 0.0
v 2.7399290354806 3.9015818554908037 0.0
v 7.9572853512945585 12.88286175020039 0.0
v -2.797666931175627 -13.606301792897284 0.0
v -5.377620108949486 -10.258696977980435 0.0
v -1.5776101854862645 -12.533738088794053 0.0
v -0.29015178413828835 9.360133205540478 0.0
v 1.5275255154119805 -0.18870916403830051 0.0
v 14.353992556745652 12.260502320714295 0.0
v 8.67780851549469 1.937904728576541 0.0
v -14.000639872218017 -5.717372080311179 0.0
v 10.38973215664737 4.003092677332461 0.0
v 1.274775965779554 1.6365378620103002 0.0
v 6.294025211594999 6.368136351928115 0.0
v 4.443644588754978 -6.384394879452884 0.0
v -2.9989151509362273 1.051764796487987 0.0
v -5.708410377847031 9.305532055906951 0.0
v -11.221514450677205 -14.156139453873038 0.0
v -13.364612411533017 7.9740234548226 0.0
v -5.888526213529985 14.079641931690276 0.0
v 10.022843866376206 -1.8760628392919898 0.0
v -4.315014722931664 14.007293939590454 0.0
v 10.369133741944097 -11.193586344830692 0.0
v -1.488470469310414 -7.7259205942973495 0.0
v 3.4864515764056705 13.609583680517972 0.0
v -13.836033643281553 -13.86137718334794 0.0
v -6.570951660803985 5.860509534366429 0.0
v 12.31770171946846 -8.68838670477271 0.0
v -7.469523037609179 -2.391196950338781 0.0
v -14.45219085610006 -7.160777974873781 0.0
v -6.3612188652623445 -2.181636136956513 0.0
v -6.32747694849968 12.56173299625516 0.0
v 10.732129841577262 5.814931875094771 0.0
v 9.965991527657025 1.219296826981008 0.0
v 12.84651682205731 -11.929648326709867 0.0
v 2.7679122937843204 3.548207058571279 0.0
v 9.735084855463356 -6.480491410009563 0.0
v -13.219126564799808 5.7504031443968415 0.0
v 11.686887421528809 -4.96517404075712 0.0
v 13.728789483488072 7.544370569288731 0.0
v 2.0916910335072316 7.376363274641335 0.0
v 9.311931703647133 -6.938719350844622 0.0
v -8.750393265625462 3.551669559441507 0.0
v -11.746787768963259 12.229070753790438 0.0
v 8.759041106968652 -12.95156513992697 0.0
v 9.588117516599596 -0.5344290407374501 0.0
v 4.48302967537893 -14.12154386471957 0.0
v 14.130917199247051 6.563494751229882 0.0
v 14.400334876962006 -1.6493885600939393 0.0
v 12.989540287933778 -1.0022599948570132 0.0
v 11.523221649113111 10.68883125949651 0.0
v 4.818537338345777 13.352398494258523 0.0
v 5.777482175908517 -3.928374482318759 0.0
v 12.910014046705328 -10.273583582602441 0.0
v -0.5630523990257643 6.819008649326861 0.0
v -4.305357307661325 14.466914215125144 0.0
v 4.036281482549384 12.791600222699344 0.0
v 6.842174427991267 0.46149256359785795 0.0
v -4.807724663231056 2.5890237651765347 0.0
v 5.852365515951533 -12.575067142955959 0.0
v -6.328367015055846 -2.950307077728212 0.0
v -0.20230889873346314 -14.936014835722744 0.0
v -10.11814209172735 -4.541604858823121 0.0
v -5.7966833943501115 -7.06895200163126 0.0
v 1.7410334181622602 -0.5119326850399375 0.0
v 7.2470051678828895 -5.496205092407763 0.0
v -5.151464123860933 -14.694700905121863 0.0
v 3.693803164700512 -11.745678069069982 0.0
v -13.798654210404493 -7.11504215374589 0.0
v 1.6950889603467658 -14.676427399739623 0.0
v 7.694028352503665 -10.202862669713795 0.0
v 1.490233889373485 -8.961753871291876 0.0
v -14.340669352153782 13.28496456053108 0.0
v -11.225338969670702 -2.2837257059291005 0.0
v 12.056651576887816 7.4463120345026255 0.0
v -6.037882147997152 4.3104707011953 0.0
v -9.43882366840262 -2.0865592136979103 0.0
v -0.816953431989532 2.650988179259002 0.0
v 11.051198990317062 5.8462934494018555 0.0
v 6.926292187941726 -3.6845755679532886 0.0
v 9.253343044605572 5.655861106701195 0.0
v -4.308316838287283 -2.764653624035418 0.0
v -12.635356044920627 -2.440939092077315 0.0
v 9.857647786673624 7.964336151257157 0.0
v -4.203980266174767 14.877307124435902 0.0
v 12.018560318392701 -9.76779252756387 0.0
v 14.347637773666065 -13.63888437859714 0.0
v -9.363409622164909 -11.698005257174373 0.0
v -0.20162314223125577 -12.748362246900797 0.0
v -11.947753351472784 7.9904294814914465 0.0
v 10.887598869914655 -3.188949352130294 0.0
v -13.235270697099622 -2.327433926984668 0.0
v -11.995039999717847 -5.3336280612275 0.0
v 1.9738339981413446 6.556941645219922 0.0
v -0.3942747237160802 6.170463678427041 0.0
v -9.935245423170272 9.341361626982689 0.0
v 0.28203920094529167 -13.37000864930451 0.0
v 0.3161609868402593 -6.242010611109436 0.0
v -0.6203862879192457 -4.410799884237349 0.0
v 2.156802417128347 -12.390443206764758 0.0
v -9.519862954097334 -5.069568287581205 0.0
v 0.8856261489563622 -13.488936281763017 0.0
v 8.155829918629024 1.857271415181458 0.0
v 8.309231804218143 -7.4210645370185375 0.0
v -10.092096612672321 8.243738171644509 0.0
v -0.662756645528134 8.410798216238618 0.0
v -13.4696818778757 9.993574868887663 0.0
v 8.632746061775833 11.919632657431066 0.0
v 10.234860310214572 -14.28090532682836 0.0
v 3.222927829134278 12.250951494090259 0.0
v -13.581485177215654 0.4122768258675933 0.0
v 6.4419075775076635 -12.510604226961732 0.0
v -2.128297525632661 11.81123799085617 0.0
v 9.370274363958742 2.771791372448206 0.0
v 4.011832062271424 6.330893053673208 0.0
v 11.471940072020516 -2.9674167530611157 0.0
v -0.24043088586768135 11.756465535610914 0.0
v 9.403882268816233 -8.704501979984343 0.0
v 12.690496089984663 -12.24694090988487 0.0
v -12.760497024981305 -12.425750806927681 0.0
v 0.8398722523706965 9.348495975136757 0.0
v -14.876339345646556 -0.0610163314267993 0.0
v 3.8129087038105354 11.680744509212673 0.0
v 5.970889201096725 9.708916064351797 0.0
v -0.6385627599083818 -11.54019573982805 0.0
v 3.682714348367881 -1.6592899123206735 0.0
v 10.934342432301491 13.204731828533113 0.0
v 2.6067004399374127 -3.8046762980520725 0.0
v 5.834433199022897 -1.7185501139611006 0.0
v 2.059951995674055 4.1509576896205544 0.0
v 3.122321352013387 11.385659071616828 0.0
v -11.581992984458338 10.573514125309885 0.0
v 12.455344310437795 -0.2744780648499727 0.0
v -12.391056781285442 3.0307067316025496 0.0
v 2.616445391206071 5.816699810326099 0.0
v -11.155116892245132 -1.147683847695589 0.0
v -3.4580776197835803 10.104863487184048 0.0
v -7.332362207467668 4.7556235222145915 0.0
v -6.129285735834856 -7.34523836709559 0.0
v -12.75689061061712 11.713222378864884 0.0
v -4.177673234662507 6.517096773721278 0.0
v 12.761904841288924 -6.038002903573215 0.0
v 4.899517332145479 5.789976220577955 0.0
v -4.300403843168169 10.761084085330367 0.0
v -5.723696224973537 -11.76473143324256 0.0
v -12.630013645684812 -6.381640995852649 0.0
v -5.808304621197749 10.555894812569022 0.0
v 13.343910388823133 6.79078852571547 0.0
v 9.113516558427364 0.8047831477597356 0.0
v -5.434113793773577 -6.767352012917399 0.0
v -0.31720157648669556 -2.66366876475513 0.0
v 6.583266889152583 -4.757956812158227 0.0
v 0.22663598385406658 14.559092968702316 0.0
v -7.382376899360679 -6.592659302055836 0.0
v -0.9673562162788585 -13.254705484956503 0.0
v -1.0794260971597396 -6.837930211797357 0.0
v -2.2944228542619385 -8.015349778346717 0.0
v 4.089785933785606 -3.0175698483362794 0.0
v -10.261695626715664 9.278999180532992 0.0
v 13.293008564272895 -9.464694554917514 0.0
v -7.8761483377893455 9.588958895765245 0.0
v -1.771220444352366 11.582319320179522 0.0
v -3.2209581189672463 -0.5621543293818831 0.0
v -13.2075132401078 9.177976463921368 0.0
v 4.691174446605146 -13.26750221569091 0.0
v -12.580118205456529 4.402404528111219 0.0
v -2.28796730551403 -14.741778058931231 0.0
v -13.903072628309019 7.342504818923771 0.0
v -8.7928877271479 -5.496813450939953 0.0
v 10.282045697560534 -10.362066496163607 0.0
v 3.841906190791633 4.702820007689297 0.0
v 1.9016469384660013 -14.756378868594766 0.0
v 8.068830695352517 8.589878229424357 0.0
v 0.1308994865976274 8.520335448905826 0.0
v -12.934114023926668 -9.484408630989492 0.0
v 8.098090069775935 -12.00719945691526 0.0
v -1.7818096010596491 2.0702700009569526 0.0
v 1.2886199223576114 -11.012584265321493 0.0
v -1.995874282089062 3.2921139150857925 0.0
v -13.297383437107783 14.374324756674469 0.0
v 3.978371320758015 -13.223629801534116 0.0
v -12.703779687581118 5.890336344949901 0.0
v -14.128306288737804 14.081999840214849 0.0
v -4.613487698487006 -12.434899774380028 0.0
v -7.216019160463475 -13.451061157509685 0.0
v 7.731004030676559 -10.697100038640201 0.0
v 2.5763365325401537 2.621747429482639 0.0
v 4.1779381657834165 3.528777143917978 0.0
v -6.1584809342748486 -13.911945878528059 0.0
v 12.54203699779464 -3.7341929711401463 0.0
v 6.698014947818592 -5.307167970575392 0.0
v -3.5704209903487936 -13.057476091198623 0.0
v 8.8731933349045 12.012794580310583 0.0
v -9.875700901902746 -9.648996204137802 0.0
v -13.32212187856203 -4.27109881490469 0.0
v -1.6095152053749189 -4.5990612944588065 0.0
v 11.53621117019793 5.767527959309518 0.0
v 3.3938999470556155 -9.801861764863133 0.0
v 8.311593073012773 -11.165116323158145 0.0
v 0.8301287814974785 -10.499208249151707 0.0
v -5.702471160737332 6.271128478460014 0.0
v -11.462569458584767 10.71289190184325 0.0
v -6.042853819613811 11.349482774734497 0.0
v -2.913070082315244 -1.2304656337946653 0.0
v 4.493580546695739 13.098788251169026 0.0
v -9.757994683634024 -1.2378152180463076 0.0
v -12.144204055715818 -13.8762048445642 0.0
v -5.385404192027636 10.5274936305359 0.0
v -5.260091516538523 -12.71589673589915 0.0
v -11.528555593336932 -9.426500763744116 0.0
v -12.15157316281693 0.22681268025189638 0.0
v -5.715567274775822 13.051431865431368 0.0
v -7.865598216827493 -9.575059205293655 0.0
v -11.128943709773012 -9.152132495306432 0.0
v -11.184945181885269 -3.5485706673935056 0.0
v -6.002490944112651 -9.96343192178756 0.0
v -6.627956459822599 -0.6069941567257047 0.0
v 10.283377831568941 9.535378271713853 0.0
v -9.213078461878467 4.401174512691796 0.0
v -9.236407417163718 -6.07610079459846 0.0
v 3.4427810616325587 0.492943350225687 0.0
v 0.6564798769541085 2.32993864454329 0.0
v 0.7828591032885015 -14.14604824502021 0.0
v 0.4964344925247133 3.928037131205201 0.0
v 5.062909627740737 14.983669773675501 0.0
v 10.265966846316587 -0.4146065404638648 0.0
v -2.0919465452316217 14.977166395634413 0.0
v 1.291928559250664 13.362291903235018 0.0
v -6.061128536821343 -9.887874991632998 0.0
v -8.622716402460355 -14.001525355502963 0.0
v 10.653936632792465 -9.94222085364163 0.0
v -3.280030417663511 -13.46143986005336 0.0
v -0.488315089198295 -8.366769484244287 0.0
v 8.593639892351348 -6.497363202273846 0.0
v -5.493047132738866 14.667269550263882 0.0
v 2.6634015265735798 -13.097429648973048 0.0
v 5.2701763432705775 -14.018981218338013 0.0
v -0.9434721779543906 3.3322350140661 0.0
v 12.403817720594816 -4.025657908059657 0.0
v -11.535133089695591 10.389909463003278 0.0
v 10.169269804202486 3.2976453956216574 0.0
v -9.603949800424743 9.877829252742231 0.0
v -7.513631091860589 7.270409546792507 0.0
v -3.099191077344585 13.298679752275348 0.0
v 10.753625898389146 -11.692259636707604 0.0
v -7.864082144165877 -12.445176906883717 0.0
v -1.7660445539513603 -1.3228709949180484 0.0
v -14.251884118828457 12.714417620562017 0.0
v 10.225382472388446 1.6232381975278258 0.0
v 2.102046276559122 2.7946589533239603 0.0
v -13.794211872504093 -14.254048665054142 0.0
v -0.5474600105080754 11.365595367737114 0.0
v -4.481744087359402 -13.65145708899945 0.0
v 0.8133381175575778 -5.22733248770237 0.0
v -6.653844997519627 -10.112031562253833 0.0
v 7.674280951032415 -8.152781832963228 0.0
v 3.733639081940055 -2.06579796038568 0.0
v 1.7292612894088961 2.5466667553409934 0.0
v 0.233958883152809 14.518007042817771 0.0
v -13.340313087741379 -14.009086389094591 0.0
v 10.851993800548371 -1.6786067122593522 0.0
v -9.696810803958215 1.3745266729965806 0.0
v -12.285025045566726 5.51871875487268 0.0
v 10.377445925609209 -0.7712992848828435 0.0
v -12.22747502248967 5.072269424796104 0.0
v 1.3030184513190761 -1.495927187614143 0.0
v -5.303428517479915 -4.868364466354251 0.0
v 9.022751907352358 -7.395850595086813 0.0
v -2.875008361763321 -5.851138966158032 0.0
v 11.654779423086438 -8.483605051413178 0.0
v -3.9715571067645214 -2.8068097764626145 0.0
v -0.7421696002711542 -5.866171925328672 0.0
v 10.055493926047347 -2.8562760688364506 0.0
v -11.530701880343258 11.153272899799049 0.0
v -8.623889138340019 6.013233473524451 0.0
v -7.237357119971421 -2.624256948940456 0.0
v 9.834929194941651 5.798079787753522 0.0
v -10.113270333211403 -12.247705969959497 0.0
v 14.414846195373684 11.263777315616608 0.0
v 6.509874174196739 -3.2992221135646105 0.0
v 0.8122899800073355 -1.652638552710414 0.0
v 14.10362388502108 3.195083912461996 0.0
v -13.71490888990229 14.205238936468959 0.0
v -6.781954942212906 -9.816383946686983 0.0
v -1.4481680184253491 -5.635368785820901 0.0
v 11.61692977749044 8.526881874538958 0.0
v -3.2158038706402294 -6.689248346723616 0.0
v -10.257717030646745 2.4819630766287446 0.0
v 0.6474184117396362 8.465006075799465 0.0
v 13.099867640819866 -7.0312805362045765 0.0
v -9.034609470923897 4.097855189815164 0.0
v -11.710305349028204 -9.206808811984956 0.0
v 10.02271647186717 -5.20615994092077 0.0
v -7.2482416040147655 -14.361384322866797 0.0
v -4.527585359639488 9.806196192279458 0.0
v 7.376469585578889 14.604633680544794 0.0
v -3.9726719735190272 4.580092565156519 0.0
v -5.843912829470355 -2.455445027910173 0.0
v 11.676068127853796 -5.741707129403949 0.0
v -3.5323929809965193 3.489119401201606 0.0
v -2.471238561847713 -4.574501594528556 0.0
v 0.8609340634429827 14.695451359264553 0.0
v 5.130585132923443 -10.446887978352606 0.0
v -11.95158890314633 -3.136371639557183 0.0
v -3.766471646144055 4.402217742986977 0.0
v -14.03159076924203 4.939832549542189 0.0
v 1.8544678693288006 9.936330915428698 0.0
v 7.428624414897058 5.732663265429437 0.0
v -2.5160142467939295 11.849080462940037 0.0
v 6.8852041403297335 3.8312591491267085 0.0
v 9.464762585121207 1.8114479165524244 0.0
v -7.178537897823844 -10.868101378902793 0.0
v -11.909308627306018 13.675041156820953 0.0
v 8.368362957437057 -11.129116746596992 0.0
v 8.824113463517278 -4.8577733328565955 0.0
v 3.421161354286596 12.167300958186388 0.0
v -5.315610758436378 5.080133453942835 0.0
v 0.7829636130481958 2.8734304197132587 0.0
v 11.099979596328922 5.52633271086961 0.0
v 4.436859623936471 1.5079116271808743 0.0
v -10.861641275230795 6.9793301755562425 0.0
v -11.34940854436718 6.28093683719635 0.0
v -0.5845932886004448 -11.913991558365524 0.0
v -1.9275501078227535 13.645778372883797 0.0
v -3.1346202163258567 3.274372646585107 0.0
v -4.63516930793412 -9.543035690672696 0.0
v 0.683534697687719 -10.078108592890203 0.0
v -8.716194248117972 -1.3314440241083503 0.0
v -4.666611102584284 -1.0396385919302702 0.0
v -10.15709965582937 6.068991660140455 0.0
v -3.3131884486647323 -3.3049508491531014 0.0
v 0.20337478222791106 0.6283355699852109 0.0
v -0.37616454041562974 -5.745094689540565 0.0
v -1.6514852345571853 -12.796651027165353 0.0
v 7.145607197075151 -1.5493810269981623 0.0
v 3.832984182634391 3.3435778757557273 0.0
v 0.6096059354604222 7.045727951452136 0.0
v -7.476743415754754 -1.212655046954751 0.0
v -7.566121699870564 -3.506784053519368 0.0
v -9.583675443951506 -10.051526358351111 0.0
v 11.325689421850257 -11.847794204950333 0.0
v 6.906643454509322 10.845440072007477 0.0
v -12.910318936104886 -0.4324624268338084 0.0
v 0.4923516332055442 4.956387964077294 0.0
v 9.066919214092195 -2.584627790376544 0.0
v 7.207901231769938 7.252994851209223 0.0
v 0.71432319766609 2.4647636180743575 0.0
v 14.100665560690686 12.0552117228508 0.0
v 3.2213106441195123 2.726802025921643 0.0
v -2.1229219569358975 -0.7073660241439939 0.0
v 10.90592645801371 14.462439100258052 0.0
v -11.779470926499926 -2.524104217067361 0.0
v -5.5838178904377855 2.1686321198940277 0.0
v 2.0702069793478586 -14.377900283783674 0.0
v 7.023529033642262 -4.030737946741283 0.0
v 5.233246381452773 -12.9691202910617 0.0
v -8.668886044237297 2.7699963115155697 0.0
v -3.760782410390675 9.137413329444826 0.0
v 11.029598561348394 12.478395340032876 0.0
v -8.339561848551966 -8.26340320520103 0.0
v -1.757876081392169 -13.76233274769038 0.0
v -10.962560942803975 -5.350965414196253 0.0
v 6.538779380498454 -12.244100278243423 0.0
v 3.04339332744712 9.223214550875127 0.0
v -0.3671085766982287 -4.267427250742912 0.0
v 7.65189336927142 -12.57039453368634 0.0
v -5.4490589840570465 -6.014607752673328 0.0
v 10.639012901170645 -0.9867757856845856 0.0
v -11.226738289464265 4.014642138965428 0.0
v -4.589272737677675 -12.22955593559891 0.0
v -1.0896349035319872 -2.2214774759486318 0.0
v -9.611222046019975 3.7902269642800093 0.0
v 10.763226781331468 3.6896098414435983 0.0
v 1.902537484827917 -4.818217216990888 0.0
v 1.0763468033401296 4.2139736115932465 0.0
v 9.502220162656158 0.4233205234631896 0.0
v 9.592857783311047 14.304867338389158 0.0
v 3.5730126960552298 -11.855771971866488 0.0
v -13.433800833881833 -7.374624980613589 0.0
v 14.743791346263606 -1.5197582142427564 0.0
v 5.169253341737203 3.9868261571973562 0.0
v -8.827111987338867 -5.051824786700308 0.0
v 2.9715688428259455 -0.07302336022257805 0.0
v 14.740449581295252 -5.7712200516834855 0.0
v -0.4145540850586258 10.685673021711409 0.0
v 4.97172576515004 -7.803846625611186 0.0
v 6.107104552618694 1.5933534475043416 0.0
v -7.815194635477383 14.325333384796977 0.0
v -12.77524509379873 4.598415921442211 0.0
v -13.25254565133946 4.879190793260932 0.0
v 3.883217055001296 -3.347986319102347 0.0
v -10.474822418997064 -0.31991341058164835 0.0
v -4.500978233409114 5.483880814164877 0.0
v -6.807109016983304 -2.3667566860094666 0.0
v 0.5170272333780304 -3.0471174931153655 0.0
v -7.005501088744495 -12.921695780009031 0.0
v 1.6290552751743235 6.022563157603145 0.0
v -1.7616059348802082 9.87786715850234 0.0
v 8.54872565792175 -6.141991630196571 0.0
v -5.969282083678991 9.209677611477673 0.0
v 3.7806208218680695 -11.658230414614081 0.0
v -9.02711914741667 -1.657586327753961 0.0
v -8.70977703499375 -11.724933599121869 0.0
v -14.943830858916044 9.116403215564787 0.0
v -3.47687816421967 -2.9239856442436576 0.0
v -6.258970624534413 11.922058044932783 0.0
v -1.0171530640800484 -13.325108515098691 0.0
v -7.479492708516773 5.382032853551209 0.0
v -3.113084506650921 -0.7766150357201695 0.0
v -14.36616218922427 -10.731170825660229 0.0
v -11.53305605321657 -2.859930013306439 0.0
v -0.552799149940256 -0.36337133590132 0.0
v -10.703903217217885 -14.467116380110383 0.0
v -2.8017642822815105 -4.215819962322712 0.0
v 14.770961978414562 7.246349644847214 0.0
v 8.394717239250895 -3.7357989754527807 0.0
v -12.437710903934203 -6.6378358686342835 0.0
v -14.312861181620974 -1.8691461542621255 0.0
v -9.81088190007722 -14.828671526163816 0.0
v -8.202716117724776 5.767469922080636 0.0
v 2.0534912094590254 9.864768596366048 0.0
v -0.51363106793724 1.3829331137239933 0.0
v 14.464294008270372 2.2335032606497407 0.0
v 13.865870011330117 5.019703965634108 0.0
v 1.186520492308773 -1.0328223342075944 0.0
v -12.449615617457312 13.589881709776819 0.0
v -2.0095830121426843 -11.425301540642977 0.0
v 1.5970322954235598 -14.735935237258673 0.0
v 3.3558281493606046 -7.69991435110569 0.0
v -9.139291955856606 -13.037860400043428 0.0
v 0.25419442605925724 5.088286589831114 0.0
v -10.228103408997413 -7.950420213863254 0.0
v 5.520762177708093 9.991065013222396 0.0
v 5.751550416578539 -5.103348737582564 0.0
v 2.3494638052070513 1.8272979510948062 0.0
v 9.715336935827509 -12.840983144938946 0.0
v -5.310484985704534 0.07105375919491053 0.0
v 2.941956640861463 -13.370669324882329 0.0
v 6.583084532700013 0.688334371894598 0.0
v 4.968309341580607 -10.08419790584594 0.0
v -6.101041234272998 3.062696731649339 0.0
v -3.4978367674630135 11.259772663936019 0.0
v -0.7874963751528412 6.085096136666834 0.0
v -7.96891460911138 -5.1459541684016585 0.0
v -8.303082525730133 8.835522459819913 0.0
v -14.062168433738407 5.369326765649021 0.0
v 13.622958212450612 4.935852807946503 0.0
v -7.896955891570542 -5.619557663798332 0.0
v -9.944627840071917 9.54896120261401 0.0
v 2.535877182148397 7.32120509352535 0.0
v 1.7867241258500144 10.525752781890333 0.0
v -3.3558777337893844 5.50370951090008 0.0
v 2.1337951664463617 -1.6526957983151078 0.0
v 8.464553092548158 14.322946764528751 0.0
v -13.987786922778469 8.29949830379337 0.0
v 6.555315603385679 -6.251400358974934 0.0
v -13.312099680071697 -6.1387814255431294 0.0
v 0.02639178844401613 -13.052866889163852 0.0
v 3.624160881154239 6.333055852912366 0.0
v 9.302638857683633 9.473706559278071 0.0
v -10.945873111311812 -13.700752752833068 0.0
v -11.864170957240276 8.86120107024908 0.0
v -13.37925276736496 2.17301525734365 0.0
v -4.406308675359469 -10.226776690222323 0.0
v 5.306390471814666 1.7122423835098743 0.0
v -11.51774533384014 7.129222957417369 0.0
v -5.393096983549185 -6.576146283186972 0.0
v 8.138819732354023 5.002874501980841 0.0
v -6.922582003346179 0.21529955603182316 0.0
v 6.640756933426019 -9.190891523845494 0.0
v -13.718008939467836 12.51380737312138 0.0
v -13.826094134012237 -0.3170090541243553 0.0
v -10.19036970793968 13.6690484713763 0.0
v -14.195206950244028 -9.565301702357829 0.0
v -7.321475648961496 13.449393301270902 0.0
v 8.214836654544342 4.009587965905666 0.0
v 8.724202415440232 -11.416955959051847 0.0
v -11.455915736733004 -10.88344418630004 0.0
v -10.982654268154874 -1.5323424628004432 0.0
v -8.027608073782176 12.511127748526633 0.0
v -2.030905195104424 -14.98221105709672 0.0
v -8.880819236568641 4.369302853010595 0.0
v 7.134564406878781 -10.14361039083451 0.0
v -2.36456293403171 -5.25167266279459 0.0
v 12.408811475208495 5.3234143843874335 0.0
v 6.922900735749863 -4.373499351553619 0.0
v -7.121959106938448 -6.173436996527016 0.0
v 2.380603245459497 2.4312357865273952 0.0
v -9.880855603783857 -8.13484850525856 0.0
v -9.124313840060495 10.447808693163097 0.0
v -1.5147490338422358 -8.161405158229172 0.0
v 1.3644276339909993 -11.043250920251012 0.0
v -2.5643239623168483 13.212426757439971 0.0
v 12.762060903711244 -14.797424498945475 0.0
v 3.153970403189305 1.4109671991318464 0.0
v -9.826772654661909 -10.679691855795681 0.0
v -11.52625056967372 -8.045898282900453 0.0
v -11.41273873456521 2.4342108480632305 0.0
v 1.6286186611978337 14.149010377004743 0.0
v -11.123820197535679 -0.6008564010262489 0.0
v 4.182646754838061 7.466404148377478 0.0
v -1.4635830234037712 8.94459460861981 0.0
v -14.800937600666657 7.033122603781521 0.0
v 6.287024916440714 -12.659178066067398 0.0
v -3.727465117466636 2.4626280441880226 0.0
v -3.829165411007125 -0.6764588383957744 0.0
v 9.092824760475196 -7.786957987584174 0.0
v -7.40603637159802 0.054499801248311996 0.0
v 7.2090425182832405 5.030892431735992 0.0
v 2.319046762830112 -3.8831818597391248 0.0
v 5.481968060543295 -13.678755674511194 0.0
v -0.28236373234540224 -14.239493505097926 0.0
v -4.1419752112124115 -5.781920960173011 0.0
v -3.0802953575039282 -10.109974216669798 0.0
v -1.0382784620160237 4.725982865318656 0.0
v 12.171795187692624 10.196273584850132 0.0
v -14.303464995871764 9.929898952133954 0.0
v 1.3840806695516221 -0.8655062802135944 0.0
v -12.916971085127443 10.864895030856133 0.0
v -9.188606643001549 13.546822596341372 0.0
v -12.768342878494877 -10.570359627716243 0.0
v 14.018591139814816 2.6128321904689074 0.0
v -10.189384381461423 2.3356887185946107 0.0
v -14.237483504053671 -6.609469912014902 0.0
v -11.865574834868312 -9.061312296427786 0.0
v 3.997176985780243 -2.971688081510365 0.0
v -10.138930384535342 -11.546787082217634 0.0
v -6.185579104698263 4.283673921599984 0.0
v -3.8848327203886583 14.739954351447523 0.0
v -11.730717016849667 -1.5495209358632565 0.0
v -6.823439506115392 1.9493229957297444 0.0
v 6.485870476637501 12.734143300913274 0.0
v -6.961047961900476 -12.518126090988517 0.0
v 4.152741773228627 -11.430779248476028 0.0
v 14.341564619622659 -13.05254655983299 0.0
v -3.245926824864 8.789578537456691 0.0
v -14.710277537000366 -0.6734987329691648 0.0
v -6.4523156667128205 9.667331562377512 0.0
v -3.0164710569079034 8.563539642840624 0.0
v 14.195221729110926 11.328467657789588 0.0
v 4.126674737723079 -3.5723864370957017 0.0
v -8.466138228250202 3.521376820281148 0.0
v -3.569588495302014 11.772119725123048 0.0
v 1.1542710663052276 2.2001658473163843 0.0
v 9.813373787445016 -6.180831678211689 0.0
v -3.3713227580301464 -10.734450860880315 0.0
v -13.62645553034963 2.8187570590525866 0.0
v -8.994543931388762 -10.601793106645346 0.0
v -6.762169137015007 1.9330419730395079 0.0
v 5.1064714911044575 -10.47093558497727 0.0
v 4.907594862044789 -13.597254923544824 0.0
v -3.239873736863956 3.0093943495303392 0.0
v -9.82993837777758 8.950487692840397 0.0
v 12.87065878789872 -11.167611886747181 0.0
v 10.55951595044462 7.458275454118848 0.0
v 8.785994992766064 -1.3975655632093549 0.0
v 11.964255427010357 -1.2145515847951174 0.0
v -2.8872327975695953 12.918241632170975 0.0
v -2.5379628724767826 -11.689158513210714 0.0
v -9.776493714598473 5.974021319299936 0.0
v -8.245785514416639 7.258489749394357 0.0
v 0.16065987112233415 0.18795187585055828 0.0
v 4.1082656515645795 11.53336965572089 0.0
v -4.6278576129698195 0.34370566066354513 0.0
v -8.53374902275391 8.982755542732775 0.0
v 2.443666461156681 -3.1236703749746084 0.0
v -9.534406904364005 -1.4355232929810882 0.0
v 6.371572814357933 1.9087384156882763 0.0
v -5.121167830890045 -14.088988348841667 0.0
v 5.790803814074025 -8.67426276858896 0.0
v -7.266261243901681 -9.983858388848603 0.0
v -2.291630880208686 -3.703952589072287 0.0
v 2.327279179764446 12.616471036337316 0.0
v -2.163725001097191 10.55353993177414 0.0
v -5.257297683390789 -9.800372324883938 0.0
v 1.7962452605715953 1.8377367807552218 0.0
v -14.931793885247316 1.9902022946625948 0.0
v 11.241828469152097 -10.563944702036679 0.0
v -10.08761078468524 9.415915170684457 0.0
v -3.9243247621925548 -3.926994995214045 0.0
v 2.1984878736548126 11.339331280440092 0.0
v 6.780428993981332 14.662276063114405 0.0
v -4.949138835305348 -11.67154714744538 0.0
v -1.5450738575891592 3.742220226675272 0.0
v 5.12207396584563 7.1056412030011415 0.0
v 0.36941376072354615 10.255447081290185 0.0
v -9.231661845289636 12.99290450103581 0.0
v 14.457890246878378 14.943741761147976 0.0
v 6.9600038207136095 -7.761230710893869 0.0
v -10.382836883480195 -9.887857303954661 0.0
v -4.8294578058994375 -4.380102418363094 0.0
v 12.860070834110957 2.804756196215749 0.0
v -10.389363437367138 8.639944191090763 0.0
v 8.052579446637537 3.007727487012744 0.0
v -6.529089600138832 2.6432904936373234 0.0
v 5.59181052603526 -13.849858969449997 0.0
v -1.479309116199147 0.7791707059368491 0.0
v 8.140755791158881 -12.108678663149476 0.0
v -1.002130213775672 -7.129268005490303 0.0
v -1.2756837217020802 -13.889977085404098 0.0
v -8.544929876923561 -10.68274637684226 0.0
v -7.08778773463564 -13.68429839797318 0.0
v 4.547449141566176 -4.331121856346726 0.0
v -7.68786369782174 -7.403425923548639 0.0
v 5.593589608673938 3.1479385970160365 0.0
v -1.2087921167258173 -1.3398008681833744 0.0
v -0.7151162553927861 5.7387320110574365 0.0
v 11.570381622645073 4.618976337835193 0.0
v 10.649318998563103 12.988863893784583 0.0
v -12.034465944685508 -11.870828527025878 0.0
v -9.311423387029208 -0.5708406763151288 0.0
v 12.113085683202371 -9.099505228921771 0.0
v 9.463728608796373 11.283326393924654 0.0
v -1.54365768074058 3.9206241350620985 0.0
v -14.943416768102907 -3.2832879088819027 0.0
v 2.6163300391635858 7.758645647205412 0.0
v -1.7986106118769385 -3.3126147454604506 0.0
v -9.688228706654627 13.12435379717499 0.0
v -0.23246506601572037 -5.867666213773191 0.0
v 3.8396526114665903 -2.817867571488023 0.0
v 3.6352687171893194 2.1735723400488496 0.0
v 8.702191469434183 6.931479563936591 0.0
v 6.9049246674985625 -9.32035680115223 0.0
v -12.367581822851207 -11.722105846740305 0.0
v 12.90666475443868 -8.36105524841696 0.0
v 5.535791015543509 0.3946738438680768 0.0
v 0.2792523194802925 11.440637854859233 0.0
v -9.762915490136947 -11.911767941899598 0.0
v -0.29875206912402064 -4.879018874838948 0.0
v 14.342691844736692 -6.749369273893535 0.0
v -11.507911717344541 2.802166637033224 0.0
v 8.830124479252845 -2.2830247581005096 0.0
v -14.955747857922688 10.870807532221079 0.0
v 1.0713110779761337 -7.640482302755117 0.0
v -7.1125176245113835 3.7566545205190778 0.0
v 7.18758649827214 5.705241857096553 0.0
v -3.550816424190998 -14.725230330601335 0.0
v 7.046853398205712 -8.230853321962059 0.0
v 9.832367989292834 -9.11578250490129 0.0
v 13.021178886468988 -6.228189254179597 0.0
v 2.8182632050011307 -13.485386990942061 0.0
v -2.6771268593729474 3.4831298189237714 0.0
v -10.197729090286884 3.131291925907135 0.0
v -5.974657442828175 -9.832965532317758 0.0
v -10.960263291955926 -13.530529168434441 0.0
v -0.799534585501533 13.234852625057101 0.0
v 13.249337728717364 -3.857667495496571 0.0
v 5.717108755896334 0.08585824072360992 0.0
v -0.0611832145950757 0.02782992459833622 0.0
v 9.564214413112495 10.177887855097651 0.0
v 2.5681543053942733 7.4732722993940115 0.0
v -14.37849470070796 -5.825143381953239 0.0
v -13.230737226549536 0.6423636609688401 0.0
v 1.5468413034686819 -9.920878782868385 0.0
v 5.986441349785309 -14.728009086102247 0.0
v 6.949349089292809 13.405280160717666 0.0
v -1.0191110713640228 12.107295902445912 0.0
v -0.8761492689372972 10.146044406108558 0.0
v 3.2781016106600873 6.861155005171895 0.0
v -3.70512068469543 -7.754104125313461 0.0
v 11.017104710801505 -14.113911084830761 0.0
v 0.800701500440482 -9.450189442373812 0.0
v -9.116160559060518 8.252181203104556 0.0
v 10.098830613540486 13.994453945197165 0.0
v -0.021915378049016 2.9184623025357723 0.0
v 3.8998627807595767 3.083297780714929 0.0
v 4.781625743431505 8.663508801721036 0.0
v 1.7510315985418856 14.536513173021376 0.0
v 7.436510252591688 -12.578082107007504 0.0
v 11.010370803298429 -14.866233349777758 0.0
v 9.911321141233202 0.10849876329302788 0.0
v 0.6797072133049369 -5.021216134540737 0.0
v 8.11814097786555 -5.411009966395795 0.0
v 5.167890393990092 -9.920781037770212 0.0
v 11.239074994053226 -0.3920702412724495 0.0
v -8.90591179789044 -13.459220214746892 0.0
v 11.717011614586227 14.096240362152457 0.0
v 12.951756022055633 -12.181454325094819 0.0
v -14.066271861374844 11.406723777763546 0.0
v -7.162882076750975 -11.480772119946778 0.0
v 10.903011527843773 14.660078287124634 0.0
v 12.481854206707794 2.978629848919809 0.0
v 6.3143641843344085 6.817700237967074 0.0
v -1.706046991981566 -13.50171968061477 0.0
v -6.631603181012906 -10.685364936478436 0.0
v -0.37237898993771523 6.419071082957089 0.0
v 0.306622153671924 -8.790227613411844 0.0
v -2.946758716891054 8.31890760269016 0.0
v 5.646932471951004 -2.731836598366499 0.0
v -5.359810468449723 -3.8286908166483045 0.0
v 9.912591285130475 -6.494697377085686 0.0
v -3.816558506572619 -2.5511552011594176 0.0
v 4.076079980703071 5.003414576873183 0.0
v -8.454453930724412 -12.096735143102705 0.0
v -5.4828787217848 9.748997553251684 0.0
v -14.442449119058438 -3.6755387540906668 0.0
v 8.597980673250277 1.2870325427502394 0.0
v -13.514156537363306 -7.623338288627565 0.0
v -3.1966842061374336 -3.105021017603576 0.0
v 12.568166563869454 -8.305026594549417 0.0
v -9.553946838073898 -3.1813049307093024 0.0
v 12.858231044257991 -11.615860743448138 0.0
v -8.295658968680073 -12.13619821332395 0.0
v 11.339166240184568 -12.30659570172429 0.0
v 5.0912865253631026 -7.169193871319294 0.0
v 13.814777841616888 2.7368838135153055 0.0
v -14.73361670365557 1.2946364926174283 0.0
v -13.283528840052895 7.213832163251936 0.0
v 13.247148892143741 7.628997283056378 0.0
v -11.356565601250622 -11.20139097981155 0.0
v 4.154837061825674 -8.759640803560615 0.0
v -13.521696179173887 -4.475919023156166 0.0
v -7.565423811029177 -8.182551143690944 0.0
v -9.265102129429579 -6.308889422565699 0.0
v 1.3400336673948914 14.294352690689266 0.0
v -1.0155757534084842 -2.5650730030611157 0.0
v 7.278511067619547 0.13500259816646576 0.0
v -10.763961256074253 -13.417014040984213 0.0
v -9.950250871828757 6.084540583193302 0.0
v 13.83091097912984 -10.611325153149664 0.0
v 7.209327347401995 7.613128123804927 0.0
v 3.305311643576715 -14.443722672760487 0.0
v -10.09198162611574 -6.61331553850323 0.0
v -2.551171940227505 -1.9260866045951843 0.0
v 0.4274967943201773 -9.34564963541925 0.0
v 4.463167683570646 -9.639097476378083 0.0
v 6.284175136475824 -0.9153065290302038 0.0
v -10.877250152407214 11.765081844292581 0.0
v 9.012433274125215 -0.7790975905954838 0.0
v -2.5181577669573016 -9.5169163858518 0.0
v -7.550980506639462 -6.822870717383921 0.0
v -13.029491204186343 12.533344167284667 0.0
v -9.125649545923807 -13.501414080150425 0.0
v -4.342875820177142 8.46782376151532 0.0
v 2.83312175644096 4.069544954225421 0.0
v -7.726070705684833 4.990954990498722 0.0
v 7.142672971938737 2.3041262216866016 0.0
v 12.356737255176995 -7.5303087858483195 0.0
v -1.9885246147750877 -0.7214591605588794 0.0
v -9.791665165743325 4.695451118983328 0.0
v 9.824572666722815 -10.03092952631414 0.0
v 3.301218886859715 -14.378131624311209 0.0
v -0.023084042652044445 -2.2762083699926734 0.0
v -3.892936802294571 -10.621570317074656 0.0
v -5.118721026869025 8.706932778470218 0.0
v 8.359498381789308 9.958439329639077 0.0
v 5.006286808988079 0.08260211814194918 0.0
v 2.2847297871485353 -1.8448158940300345 0.0
v -13.595157502335496 -8.589867878705263 0.0
v -13.490694579842966 1.366827830672264 0.0
v -9.99655712582171 10.768395851366222 0.0
v 7.153624794154894 14.450011845678091 0.0
v 14.620376645121723 -6.695200403220952 0.0
v 4.974597716005519 0.1288872053846717 0.0
v 2.320271326985676 3.6701571326702833 0.0
v 9.336589365324471 -9.493059924803674 0.0
v 7.1247109191608615 -14.365457957610488 0.0
v 10.980356425978243 12.110904070548713 0.0
v 8.221574424533173 12.884367471560836 0.0
v -12.146682235761546 -5.39844249561429 0.0
v -14.11849597824039 -7.2419409211725 0.0
v 11.937050873646513 -10.841985975392163 0.0
v -5.399356411769986 -10.837447976693511 0.0
v 10.50337660551304 -11.044775883667171 0.0
v 1.2771543723065406 9.605928977020085 0.0
v 3.487626944493968 4.025948169641197 0.0
v -7.239817203138955 1.9075557980686426 0.0
v 8.329385079676285 -0.9228515950962901 0.0
v 3.9001529825036414 -11.125420383177698 0.0
v 11.23377982142847 12.663211368955672 0.0
v 4.853577586647589 -12.792758909985423 0.0
v -10.651516965124756 -7.8509625447914 0.0
v -10.313727629429195 6.853997405618429 0.0
v -12.820348069421016 1.95313960313797 0.0
v -0.09394536860054359 0.28284764289855957 0.0
v -4.310527169611305 7.634807089343667 0.0
v 9.717931700171903 3.0613484494388103 0.0
v -3.684489225037396 8.656449240632355 0.0
v -11.51659206597833 6.352990203537047 0.0
v -6.627730725915171 10.600426601246 0.0
v -13.637084897083696 -4.337915958836675 0.0
v 5.4995320938760415 13.115554369986057 0.0
v 1.3796018395805731 -9.525317156687379 0.0
v 2.317675046855584 -10.618600294925272 0.0
v 9.552120289299637 6.1367397252470255 0.0
v -11.292538277397398 2.465813735499978 0.0
v -0.0005315252928994596 8.232205756008625 0.0
v -7.323606795980595 6.795765463262796 0.0
v -7.051686633843929 -11.721529319882393 0.0
v -2.531363780493848 2.6095111975446343 0.0
v 10.033139188250061 13.735838118940592 0.0
v -8.482245496532414 -6.295957490801811 0.0
v -14.63909252139274 5.894046361558139 0.0
v 13.461930987832602 -10.624553580768406 0.0
v -5.555838459869847 -14.050690700300038 0.0
v 5.419113631884102 -6.416878504678607 0.0
v 14.618619938730262 6.043190172873437 0.0
v 5.567931161553133 13.799135108478367 0.0
v -7.723097415466327 -0.9938495578244328 0.0
v -14.876376752508804 12.039036115631461 0.0
v 0.8884622571640648 -14.703908616676927 0.0
v 3.682625774294138 13.129708911292255 0.0
v -0.07776912761619315 2.8371139969676733 0.0
v -0.7536563615431078 8.036173459142447 0.0
v 13.680903929460328 -6.302554983645678 0.0
v 0.6146269635646604 9.601420555263758 0.0
v -3.5797879024758004 -4.559013465419412 0.0
v 4.24009532755008 -2.5197641402482986 0.0
v -13.62929365504533 -3.400306835770607 0.0
v 8.281446536071599 11.304458933882415 0.0
v -1.4326382991857827 -14.170711221173406 0.0
v 6.0100654436973855 -11.089191244915128 0.0
v 11.332020724948961 7.9626833377406 0.0
v -8.905566384491976 -5.2955884747207165 0.0
v -8.774847915978171 0.3938804492354393 0.0
v 9.63289673050167 5.4140809597447515 0.0
v 6.207797651120927 -3.5751724001020193 0.0
v -13.550085443421267 -14.425093601457775 0.0
v 14.225806598667987 -1.7856244947761297 0.0
v 12.977807181188837 -5.294898412190378 0.0
v -12.818830059783068 11.476872442290187 0.0
v -2.108095113246236 -0.9884607493877411 0.0
v -2.7103688840870745 -10.562196687795222 0.0
v 5.401676299341489 -14.84085800498724 0.0
v 4.582864498312119 13.162409899756312 0.0
v -13.999783082632348 -10.19314965326339 0.0
v -4.269931809511036 4.791108929552138 0.0
v -1.6243626211071387 -14.793413813225925 0.0
v 8.556002723809797 -3.330883272923529 0.0
v 12.831439646077342 14.198737056925893 0.0
v -4.4023708837339655 9.765797114931047 0.0
v -1.4882676339475438 -2.9734743079170585 0.0
v -2.5062148744473234 -11.428447567857802 0.0
v -13.767100248020142 -3.2687599742785096 0.0
v -11.467290477652568 1.5730304447934031 0.0
v 12.98223156464519 -12.383727230131626 0.0
v -5.918073876993731 -12.247048485092819 0.0
v -0.7271727131446823 -0.5331061081960797 0.0
v 6.890545490721706 -13.599401353858411 0.0
v 6.027519974624738 -10.281085649505258 0.0
v -11.123957135074306 3.5505086928606033 0.0
v -7.505066902842373 -12.609115513972938 0.0
v 7.205663576023653 -9.990092858672142 0.0
v 5.258444156963378 4.493508978746831 0.0
v -13.142637234705035 -9.557145483791828 0.0
v -3.65101205726387 8.302835574373603 0.0
v -8.553681653691456 9.05114754382521 0.0
v -11.102636265859473 11.950346808880568 0.0
v -4.111692077422049 -13.286504964344203 0.0
v -5.821550896274857 11.632566805928946 0.0
v -2.109231192211155 7.5246244529262185 0.0
v -13.249782514525577 0.5458485167473555 0.0
v -8.333964316232596 3.8917517382651567 0.0
v 11.353679331659805 -14.150421927683055 0.0
v -13.05692875571549 0.31158572249114513 0.0
v -13.616018421249464 -1.7118146484717727 0.0
v -10.722892127989326 13.757514067925513 0.0
v -6.729080719756894 -11.438017620705068 0.0
v -11.371735453314614 -13.05350843258202 0.0
v -1.35233706823783 14.872923734597862 0.0
v 4.0793501162552275 -2.7527136113494635 0.0
v -9.3482039187802 1.6799514228478074 0.0
v 0.31452906562481076 3.632259557954967 0.0
v 2.167733961949125 10.115033710375428 0.0
v -10.429105829796754 -10.076199748553336 0.0
v -12.892976712493692 -6.584810220636427 0.0
v -12.600427086639684 -8.677094765938818 0.0
v -8.010704023996368 13.996648451313376 0.0
v 10.226047445321456 3.4677998134866357 0.0
v -13.503585747559555 -14.001917038112879 0.0
v 1.671766168961767 -2.4161909222602844 0.0
v -5.263442711846437 -1.615327486768365 0.0
v -8.114973054791335 -0.1972615821287036 0.0
v 12.506846733682323 10.473194163292646 0.0
v -8.661447982420214 -2.5503809060901403 0.0
v 14.457653322024271 -12.692385165952146 0.0
v 14.405327794025652 5.104869712144136 0.0
v 11.912720515974797 -12.259212884120643 0.0
v 11.620761185244191 -9.049442076124251 0.0
v 8.710860630089883 0.9943983424454927 0.0
v 1.9789478898746893 -11.985832725651562 0.0
v 7.199182747397572 -12.756647564470768 0.0
v 1.8864293219521642 -7.000761268660426 0.0
v 4.292737456620671 11.381881915964186 0.0
v -11.417207240476273 13.315039009787142 0.0
v 5.383358167659026 13.595598849467933 0.0
v 12.315362755558454 -13.631329308263958 0.0
v -14.092372003011405 1.9907712629064918 0.0
v 2.8571127099567093 -5.144513078965247 0.0
v -7.683798835903872 3.8008341416716576 0.0
v 6.525447933760006 -10.90929034166038 0.0
v -0.42439718992682174 -4.027447117492557 0.0
v -8.77860806148965 -14.61414354108274 0.0
v -3.9084114063880406 -6.417129371315241 0.0
v -11.63888423499884 13.535109064541757 0.0
v -13.769602838903666 2.635984762571752 0.0
v -8.670041770732496 -3.266481390222907 0.0
v 10.674241843284108 4.690975154750049 0.0
v 4.049464754527435 2.240555382333696 0.0
v 7.622327833203599 -6.766366253606975 0.0
v -3.0477612005197443 -4.078230395913124 0.0
v -0.85043298517121 -9.419622181914747 0.0
v -13.99693776917411 -4.615371784195304 0.0
v -6.469297940668184 -13.817391251213849 0.0
v 2.56758300808724 -2.440532034263015 0.0
v 7.77140656101983 -3.439843924716115 0.0
v -6.661915311648045 2.1538191083818674 0.0
v -7.362959898950066 -7.986003373749554 0.0
v 6.228414378419984 -13.81071300432086 0.0
v -3.993215281632729 -11.832708542235196 0.0
v 0.9897305355989374 -8.61764102615416 0.0
v -2.376663477800321 11.494150985963643 0.0
v 5.85921839682851 2.2865530718117952 0.0
v -1.8140611557173543 5.198214574716985 0.0
v 7.526476474420633 8.53361917193979 0.0
v -11.329468374198768 -5.185431021265686 0.0
v 12.932747963466682 -11.662651476450264 0.0
v 6.935230994422454 -9.213222093880177 0.0
v 7.550542708369903 -14.517089633271098 0.0
v -6.026301114703529 -12.707394048571587 0.0
v 4.052085468370933 7.0600222395733 0.0
v 10.123397200892214 13.178581034764647 0.0
v -2.4569530196022242 -11.679740194231272 0.0
v -8.922419591923244 0.31374160666018724 0.0
v 10.637325648334809 13.414219560101628 0.0
v 11.388192934216931 -8.329480618238449 0.0
v 5.757559811230749 -10.00859969574958 0.0
v -3.5439790991367772 13.977256602607667 0.0
v -1.2150615376303904 -8.635344225913286 0.0
v 11.06893735541962 8.829317150637507 0.0
v 6.607646496093366 -3.753386724740267 0.0
v -9.499597750720568 11.679482197389007 0.0
v 8.775640268344432 13.48099393863231 0.0
v 4.146678486082237 -2.560918833129108 0.0
v -9.680255643383134 -6.908025869168341 0.0
v 14.744213449885137 10.555401693098247 0.0
v 8.931079687317833 -14.972765629179776 0.0
v 4.466342267289292 6.403283813036978 0.0
v 5.360394945717417 -13.062039589509368 0.0
v 2.7569042880204506 -5.047182108275592 0.0
v -6.135272926650941 13.151730774901807 0.0
v 0.6689368770457804 -11.07648855727166 0.0
v -12.254717899835669 -2.5960868932306767 0.0
v -13.518761481973343 -4.056015250273049 0.0
v -0.23704442143207416 -8.491214413195848 0.0
v -9.983060772938188 11.998858528211713 0.0
v -12.06680972216418 -1.6216199696063995 0.0
v 13.84793827397516 3.004423442296684 0.0
v 8.900690034381114 12.796982672065496 0.0
v -4.592757674632594 -9.297344755381346 0.0
v -12.188311686681118 -11.435896817594767 0.0
v 4.676887591544073 7.865075317211449 0.0
v -11.969466749753337 3.808138070628047 0.0
v -0.561664734093938 -14.029441162012517 0.0
v 14.837223869923037 0.9000087482854724 0.0
v 14.730212052178103 -10.867316050454974 0.0
v 11.676046998996753 4.349609082564712 0.0
v -11.362343291402794 -0.7757185231894255 0.0
v 8.724321136833169 4.728490501642227 0.0
v -2.554972385347355 1.429333059117198 0.0
v 10.413024069159292 3.1587297301739454 0.0
v 5.212995951296762 1.7552301101386547 0.0
v -2.4248270613024943 -11.889108268544078 0.0
v -7.848110384016763 1.7251521609723568 0.0
v -12.483488679456059 -1.9801518516615033 0.0
v -0.640318367863074 5.5696286195889115 0.0
v 14.132008004235104 -2.27018965780735 0.0
v 3.340170580544509 -12.563568743877113 0.0
v -2.507136527739931 2.4408510820940137 0.0
v -11.917728165572044 -11.294468885287642 0.0
v -14.010202776058577 -1.2545610889792442 0.0
v -0.11699349526315928 -2.006826549768448 0.0
v 13.99606548214797 -10.559224263764918 0.0
v -12.535388146410696 8.884748593904078 0.0
v -12.774014733673539 -7.382862843573093 0.0
v -12.24115990451537 -0.2760499017313123 0.0
v -7.006013908423483 6.386176036670804 0.0
v 5.764546329039149 11.685717201791704 0.0
v -6.751706555602141 -11.225499055348337 0.0
v -14.940752570866607 13.26995001733303 0.0
v 10.906878873705864 -9.161778630688787 0.0
v -0.25249148451257497 14.289110707119107 0.0
v 0.8114869288983755 1.0757028544321656 0.0
v 13.189595391915645 -5.253385243006051 0.0
v 7.510078743624035 5.405510424636304 0.0
v 1.2938811011845246 -9.656335599720478 0.0
v 4.860341655323282 7.189985145814717 0.0
v 13.915350765339099 10.915366963483393 0.0
v 14.975541028776206 -12.189485294744372 0.0
v 6.984231678303331 -0.9122940925881267 0.0
v -9.258811482985038 -11.349184319376945 0.0
v -6.762446209031623 5.713448425754905 0.0
v -4.694337506021839 7.902990534901619 0.0
v 6.732304712408222 -14.696787159889936 0.0
v 3.440634187136311 -10.915711713023484 0.0
v -6.752342126448639 0.5363876773044467 0.0
v -14.249648849712685 0.6384505052119493 0.0
v 11.554184263921343 1.2138012116774917 0.0
v -12.569140048581176 -5.043235722929239 0.0
v -9.884516524500214 2.7376740872859955 0.0
v -8.201388977235183 -4.725267078727484 0.0
v -10.939962091913912 9.007898410782218 0.0
v 2.679256179544609 6.5314452815800905 0.0
v 2.18066753516905 -10.26318403892219 0.0
v 12.865730519639328 10.456955729052424 0.0
v -8.535533385525923 6.7606311282143 0.0
v -14.070823474146891 -7.012307574041188 0.0
v 0.4308455318096094 -5.789156968705356 0.0
v -7.857513759343419 -8.756609819829464 0.0
v -1.285647823882755 7.900037374347448 0.0
v 3.663945675420109 14.4745855582878 0.0
v -9.673182650236413 5.531110019423068 0.0
v -12.832798382791225 -10.032391345128417 0.0
v -4.762532666733023 -6.913656761869788 0.0
v 5.059871952573303 9.590064480900764 0.0
v 8.806103334994987 -6.921032007783651 0.0
v 1.901998640212696 5.707254692912102 0.0
v 14.888509566197172 7.840647936798632 0.0
v -13.501385567127727 3.8893363773822784 0.0
v -4.3940334233338945 -9.867517265491188 0.0
v 8.531893636623863 4.449049373157322 0.0
v -9.973547083092853 11.372721009887755 0.0
v -6.808596545713954 9.463236923329532 0.0
v 12.334986451314762 0.08276356756687164 0.0
v -12.635524694051128 1.2358836783096194 0.0
v -13.32703952078009 -0.015115485526621342 0.0
v -0.18086294666863978 -10.993262288160622 0.0
v -11.865508272428997 5.810697199776769 0.0
v 1.3055645297281444 -8.854663916863501 0.0
v -5.218789776554331 -9.355175941251218 0.0
v 5.732578876370098 2.417936001904309 0.0
v 7.912540285033174 2.3956539388746023 0.0
v -4.936677201651037 -14.347152815200388 0.0
v -5.201454826397821 -7.485933429561555 0.0
v 4.31645771994954 -14.199423734098673 0.0
v 7.090696057188325 14.15268918313086 0.0
v 14.682431076769717 12.64386495295912 0.0
v 2.6656912086182274 6.064851549454033 0.0
v 4.281376702885609 -7.085001341998577 0.0
v -6.020492178213317 -12.920468860305846 0.0
v 11.70826412277529 -14.551894787698984 0.0
v 3.406150432652794 13.680836660787463 0.0
v -13.966956860560458 -13.912203580141068 0.0
v 1.6121788060991094 -9.258369980379939 0.0
v -6.147937794972677 1.0249831220135093 0.0
v -11.502838460437488 4.426938211545348 0.0
v 9.809250204300042 -0.8945867102593184 0.0
v -9.189419990812894 1.5108067831024528 0.0
v 10.388334682676941 -11.475425993092358 0.0
v -10.95794721407583 -5.097975065931678 0.0
v 4.917006194940768 6.013842447660863 0.0
v -3.637432401825208 5.35979765560478 0.0
v -2.1458194369333796 -14.225623896345496 0.0
v 5.431631711137015 -14.01946571469307 0.0
v 4.89563092176104 10.104101120494306 0.0
v 11.116945699090138 14.017205381765962 0.0
v -10.34840471408097 9.319573510438204 0.0
v 8.007260203303304 7.996228129602969 0.0
v -5.3709028656594455 -11.324340757913888 0.0
v -14.808719473541714 -10.172472404316068 0.0
v -13.022921589959878 2.3269848180934787 0.0
v 6.7639572490006685 -6.3809602074325085 0.0
v 7.171211728011258 -8.754660146310925 0.0
v -6.328414734918624 -4.716904319822788 0.0
v 6.985121906327549 13.750440101139247 0.0
v 11.972826192213688 -13.367617572657764 0.0
v -4.203730737906881 -8.528873861767352 0.0
v 12.174844008288346 12.309780959039927 0.0
v -6.69384729367448 -10.770855555310845 0.0
v 10.403098068083636 6.359826053492725 0.0
v -9.334635790321045 -0.48195319063961506 0.0
v -1.6002929246751592 -1.8726643435657024 0.0
v -3.5916791256750003 -8.506209361366928 0.0
v 7.127621398249175 8.503506788052619 0.0
v 14.375108472828288 -6.603882542811334 0.0
v -4.258069214527495 -7.919037357904017 0.0
v -9.359564479091205 -8.386487553827465 0.0
v 8.848405955301132 0.6275426810607314 0.0
v 4.233900520252064 8.233620438724756 0.0
v 12.619074483634904 -1.8320071008056402 0.0
v -0.7101408651215024 11.698565068654716 0.0
v -5.8563170994166285 0.6435098005458713 0.0
v 6.151820665225387 6.789882584474981 0.0
v 8.565348733100109 3.9113565925508738 0.0
v -14.533405788009986 -13.097542787902057 0.0
v 0.4882559528341517 6.001630435697734 0.0
v -11.183703206887003 -11.283037434332073 0.0
v -1.0264386603957973 -5.77112318854779 0.0
v -2.717510198999662 -12.938890352845192 0.0
v 3.8281394480145536 13.670338647440076 0.0
v -12.646432959707454 -2.231404691003263 0.0
v 0.2555062469909899 -1.3825640957802534 0.0
v 14.471983973286115 6.310117102228105 0.0
v -0.09539335285080597 1.712977934628725 0.0
v 4.781636884436011 13.564986672252417 0.0
v 13.412167037953623 -11.67321804817766 0.0
v 4.186253840161953 -9.39673725143075 0.0
v -10.683740596636198 -5.063141265884042 0.0
v -5.852866738743614 -5.078837631270289 0.0
v 12.353753643168602 -0.4466390013694763 0.0
v -13.229505609546322 -7.3740584487095475 0.0
v -2.1842101459624246 -5.572404175065458 0.0
v 4.852925660379697 -9.513017727993429 0.0
v 7.9118548584519885 6.87191023118794 0.0
v 10.249804899445735 3.3599031940102577 0.0
v 8.649572147289291 4.228775780647993 0.0
v -10.772677740373183 7.737898075021803 0.0
v -1.5396280908025801 11.336973299272358 0.0
v 5.657505899202079 9.167256772518158 0.0
v 2.964054423966445 -10.8650595350191 0.0
v -8.929499455553014 -3.1281405529007316 0.0
v -6.049444538366515 -8.649985018186271 0.0
v 3.889976083417423 13.552957313135266 0.0
v 7.060850158974063 1.138498735614121 0.0
v 11.522442544053774 5.1405952498316765 0.0
v -8.46239361417247 -4.485612121410668 0.0
v 13.596759393287357 14.613627819344401 0.0
v -5.718469258106779 1.8094078255817294 0.0
v 7.925395644677337 -14.92395419254899 0.0
v 4.893550335604232 2.252898377366364 0.0
v -12.598595983698033 8.07134154252708 0.0
v -7.472416287870146 9.437046153470874 0.0
v 7.226049708668143 -2.592987507581711 0.0
v 3.4905381839489564 -12.789048230275512 0.0
v -11.079265263921116 1.4080695547163486 0.0
v 12.176329428853933 -8.364392437040806 0.0
v 2.9206097995047458 8.627764767035842 0.0
v -14.4847619489301 -1.096066509373486 0.0
v -6.49613416090142 2.175633728504181 0.0
v -9.053520982095506 -0.7763130096718669 0.0
f 1447 1274 1503
f 1447 355 1274
f 1053 391 1850
f 46 434 158
f 63 662 158
f 1325 333 1274
f 662 1888 849
f 1670 1850 1503
f 1907 63 1458
f 434 1859 158
f 355 1373 1274
f 1663 1373 355
f 992 1485 1407
f 1485 992 1447
f 1566 1485 703
f 703 1485 1503
f 1485 1447 1503
f 680 1176 1447
f 1176 680 1889
f 662 859 158
f 322 1166 1906
f 1166 1622 1906
f 1628 174 827
f 1622 483 1906
f 1293 859 662
f 859 1293 1825
f 459 814 238
f 814 459 63
f 63 459 662
f 459 1888 662
f 281 84 339
f 1888 281 910
f 84 281 1888
f 657 201 1519
f 1784 1313 380
f 1050 631 391
f 1053 1153 391
f 1153 1050 391
f 1050 1153 401
f 943 1053 1850
f 943 1153 1053
f 1153 943 401
f 315 1726 97
f 1726 1841 1288
f 613 497 820
f 335 1289 820
f 1289 613 820
f 1955 1930 180
f 1694 1989 334
f 1351 335 820
f 1807 1351 820
f 290 769 1261
f 434 1623 566
f 404 1623 434
f 46 1254 434
f 1254 404 434
f 1540 1364 96
f 1540 1807 526
f 1364 1540 526
f 1405 1746 1706
f 1746 1405 1859
f 868 434 566
f 860 868 566
f 212 1325 1274
f 1373 212 1274
f 212 889 1325
f 1325 1034 333
f 889 1034 1325
f 16 1485 1566
f 1485 16 1288
f 16 1726 1288
f 992 1577 1447
f 70 1577 464
f 1620 70 464
f 279 355 1447
f 1176 279 1447
f 680 1417 1889
f 485 201 1962
f 2 1165 1701
f 1165 1615 1701
f 1270 697 1615
f 697 1863 1615
f 697 852 732
f 852 697 1270
f 697 732 492
f 852 41 1893
f 41 852 1270
f 1258 562 51
f 562 631 51
f 1390 1258 51
f 727 46 158
f 493 753 1825
f 1293 493 1825
f 753 840 1825
f 840 859 1825
f 859 840 158
f 840 1250 158
f 352 1837 752
f 576 1987 1458
f 1987 1907 1458
f 1700 1547 1938
f 1166 1452 1622
f 1452 483 1622
f 822 750 1819
f 1628 822 174
f 1628 182 1229
f 506 702 87
f 702 506 1803
f 750 120 1819
f 120 1803 1819
f 120 702 1803
f 519 1756 1668
f 519 1452 1095
f 1452 519 483
f 195 662 849
f 592 195 849
f 1285 1888 910
f 1888 1285 849
f 1667 1747 849
f 1285 1667 849
f 1667 1285 1963
f 816 1875 1858
f 624 459 238
f 459 624 339
f 1875 624 1858
f 814 1806 238
f 1806 624 238
f 624 1806 1858
f 181 459 339
f 84 181 339
f 459 181 1888
f 181 84 1888
f 106 57 339
f 624 106 339
f 106 624 1875
f 57 106 148
f 24 945 6
f 377 945 21
f 657 1282 201
f 1041 1005 357
f 1563 1041 419
f 872 906 1636
f 1784 832 815
f 178 1301 1956
f 1313 525 380
f 525 1721 380
f 562 1097 1095
f 1097 562 955
f 976 1674 858
f 1657 976 858
f 1443 437 329
f 641 399 1001
f 399 641 661
f 844 1456 1676
f 1949 863 541
f 480 661 1234
f 480 863 1949
f 480 443 661
f 443 480 1949
f 80 1371 541
f 993 1186 1001
f 399 993 1001
f 1067 1355 6
f 1355 1317 6
f 514 1067 6
f 945 514 6
f 514 945 377
f 954 1800 102
f 745 140 1829
f 1808 1921 375
f 1921 1455 375
f 1050 379 631
f 1670 1118 1850
f 1118 943 1850
f 1164 762 194
f 1642 1084 33
f 1704 1679 644
f 1679 1704 1566
f 16 1704 644
f 1704 16 1566
f 1869 60 477
f 1679 1814 477
f 1814 1679 1566
f 1841 1998 1288
f 1485 1998 1407
f 1998 1485 1288
f 762 1763 335
f 1763 1289 335
f 1955 164 75
f 1913 164 180
f 164 1955 180
f 1150 725 1559
f 917 1905 536
f 1989 1864 334
f 1789 1989 187
f 14 1789 187
f 1789 14 1627
f 247 867 970
f 932 1093 1382
f 1671 1093 932
f 867 1093 870
f 98 1671 932
f 98 1694 536
f 98 1989 1694
f 1989 98 1807
f 98 1351 1807
f 1351 98 932
f 692 1351 932
f 876 1833 1204
f 141 769 1810
f 27 1411 1473
f 1299 67 554
f 261 1334 420
f 1297 876 603
f 1297 1833 876
f 137 250 268
f 769 998 1810
f 998 1380 1810
f 998 769 290
f 998 290 1436
f 1380 998 1436
f 1945 1623 404
f 1254 786 404
f 482 786 1254
f 515 1254 46
f 515 482 1254
f 1907 879 63
f 1806 1149 1858
f 1149 1806 814
f 1776 950 1225
f 891 1143 1131
f 891 1238 1917
f 1286 1185 811
f 1185 1163 811
f 435 1405 1706
f 85 1989 1807
f 1989 85 187
f 868 648 434
f 648 1859 434
f 1859 648 1826
f 1495 452 860
f 452 868 860
f 452 648 868
f 924 956 1632
f 924 1664 611
f 1424 924 1632
f 924 1424 1664
f 1666 694 1326
f 1038 212 1373
f 1038 1373 1663
f 889 1038 1578
f 1038 889 212
f 1052 600 1578
f 680 1758 1333
f 1758 1620 1333
f 1620 1758 70
f 1758 680 1447
f 1867 1577 992
f 1577 1867 464
f 1342 1867 992
f 1577 813 1447
f 813 1577 70
f 813 1758 1447
f 1758 813 70
f 848 1726 315
f 1726 848 1841
f 981 1896 1725
f 1896 981 1342
f 1867 981 464
f 981 1867 1342
f 839 1523 1725
f 1523 1620 464
f 981 1523 464
f 678 1663 355
f 279 678 355
f 678 279 1663
f 1417 722 1889
f 314 1823 1916
f 1823 314 34
f 548 1176 1889
f 722 548 1889
f 1620 1644 1333
f 1766 680 1333
f 1417 1766 1333
f 1766 1417 680
f 1476 1842 1962
f 1962 1842 1151
f 1380 1244 1810
f 318 1244 1380
f 469 1244 759
f 1251 468 327
f 290 1775 1436
f 1490 1775 290
f 823 1323 61
f 405 318 1380
f 405 1380 1436
f 1775 405 1436
f 405 1775 1741
f 1842 161 1151
f 201 1432 1519
f 485 1432 201
f 1295 1962 1151
f 1295 485 1962
f 8 1999 1988
f 1777 1999 1465
f 361 1777 1465
f 962 16 644
f 16 962 1726
f 1726 962 97
f 144 1679 477
f 1679 144 644
f 144 962 644
f 962 144 953
f 549 1968 792
f 1968 549 933
f 1968 1232 792
f 1232 570 792
f 188 60 1786
f 60 188 477
f 1287 1016 1736
f 740 1016 456
f 1016 740 1736
f 1086 1514 1099
f 1086 1555 862
f 185 570 58
f 535 185 58
f 1642 185 535
f 732 1071 492
f 248 837 330
f 837 248 783
f 629 248 330
f 672 1165 2
f 852 1658 732
f 690 560 1893
f 493 471 753
f 705 1868 825
f 1868 493 825
f 1868 471 493
f 471 1868 244
f 840 919 1250
f 1250 919 158
f 1143 11 1131
f 11 133 1131
f 352 287 369
f 117 287 752
f 287 352 752
f 1837 807 158
f 352 807 1837
f 807 352 369
f 807 727 158
f 133 37 1131
f 37 891 1131
f 891 37 1238
f 1134 1238 129
f 1096 1134 129
f 1238 1134 1917
f 1134 1096 1917
f 490 1987 576
f 1987 490 1700
f 1547 490 576
f 490 1547 1700
f 1792 120 750
f 1324 1166 322
f 1324 506 1166
f 1803 1324 322
f 506 1324 1803
f 1537 1949 1822
f 1537 443 1949
f 822 139 174
f 1088 921 827
f 1243 1552 1827
f 321 705 825
f 1552 321 825
f 1243 321 1552
f 1294 1317 592
f 1747 1294 849
f 1294 592 849
f 1667 1294 1747
f 1294 1667 1963
f 1317 1294 6
f 918 1285 910
f 1285 918 1963
f 1018 918 910
f 918 1018 24
f 918 1294 1963
f 918 24 6
f 1294 918 6
f 816 410 1875
f 182 410 1938
f 410 816 1938
f 945 1579 57
f 281 1579 910
f 1579 945 24
f 1579 281 339
f 57 1579 339
f 1579 1018 910
f 1018 1579 24
f 1013 1563 419
f 1808 1013 1921
f 1385 1094 1301
f 1733 1094 1385
f 1733 1535 1188
f 1005 1887 357
f 1267 1887 964
f 1267 1207 1956
f 1207 1556 1956
f 1556 1207 588
f 1207 1267 964
f 1605 1041 357
f 1041 1605 1636
f 1605 872 1636
f 948 484 200
f 1535 1108 200
f 1108 1535 1733
f 1108 948 200
f 948 1108 426
f 426 1108 850
f 1049 426 850
f 737 1556 588
f 737 1657 858
f 965 1556 1313
f 1556 965 1956
f 965 178 1956
f 442 1385 1301
f 178 442 1301
f 1385 442 815
f 442 1784 815
f 1556 925 1313
f 925 525 1313
f 737 925 1556
f 234 361 1465
f 361 234 135
f 1097 550 1095
f 329 1098 307
f 437 1098 329
f 709 993 487
f 993 709 1186
f 519 1965 1756
f 1965 922 1756
f 1873 1320 964
f 1207 639 588
f 639 737 588
f 639 1486 23
f 1329 326 620
f 782 326 724
f 782 1005 1041
f 1674 345 858
f 925 345 525
f 345 737 858
f 345 925 737
f 47 1159 23
f 1159 639 23
f 737 1159 1657
f 639 1159 737
f 1186 980 1001
f 1451 844 1321
f 1451 1443 329
f 1451 329 307
f 844 1451 307
f 1451 641 1001
f 980 1451 1001
f 1451 980 1443
f 669 47 1234
f 1497 844 307
f 844 1497 1456
f 987 1497 307
f 298 1949 541
f 1371 298 541
f 1949 298 1822
f 298 658 1822
f 298 1371 658
f 993 1433 487
f 1433 993 399
f 1800 1156 148
f 453 1800 148
f 921 453 148
f 453 921 1088
f 453 1088 102
f 1800 453 102
f 777 324 202
f 140 324 1829
f 1178 202 1974
f 1178 777 202
f 1216 1178 1974
f 1371 1791 658
f 1791 1371 80
f 1857 1808 375
f 1791 1857 658
f 83 1537 1822
f 658 83 1822
f 1455 83 375
f 83 1857 375
f 1857 83 658
f 1953 1455 1921
f 1953 83 1455
f 1296 1050 401
f 1296 379 1050
f 943 1341 401
f 1118 1341 943
f 1472 1164 194
f 494 1472 1055
f 1164 1472 494
f 1164 747 762
f 1763 747 1
f 747 1763 762
f 747 494 1
f 747 1164 494
f 1550 1659 1728
f 1659 1550 761
f 1861 763 1418
f 175 185 1642
f 1084 153 33
f 1367 1642 535
f 1367 1084 1642
f 1955 595 1930
f 1814 1065 477
f 1287 612 1016
f 612 1287 58
f 570 612 58
f 612 1232 1786
f 1232 612 570
f 881 1327 456
f 1327 740 456
f 740 1327 1736
f 1869 378 456
f 378 881 456
f 378 1869 477
f 1065 378 477
f 734 478 703
f 478 1566 703
f 478 1773 1566
f 671 1998 1841
f 848 671 1841
f 671 848 1342
f 1998 671 1407
f 671 992 1407
f 671 1342 992
f 1845 1287 1736
f 595 1280 1930
f 950 704 1150
f 725 704 1993
f 704 725 1150
f 704 1776 1993
f 1776 704 950
f 1801 950 1150
f 950 1801 1225
f 1801 1356 1225
f 1641 1051 1035
f 1051 1641 1994
f 1525 1694 334
f 1525 151 1694
f 1809 930 557
f 930 1809 1374
f 151 328 1694
f 328 917 536
f 1694 328 536
f 1531 1574 1306
f 979 1531 1306
f 1531 1540 1724
f 1531 979 1540
f 1709 14 187
f 14 1709 1627
f 1864 455 1627
f 455 1789 1627
f 455 1864 1989
f 1789 455 1989
f 1224 867 870
f 1224 1511 867
f 867 1106 970
f 1511 1106 867
f 1106 1838 970
f 1838 1106 1994
f 1042 98 536
f 1042 1224 870
f 98 1298 1671
f 1093 1298 870
f 1298 1093 1671
f 1042 1298 98
f 1403 1659 1712
f 1037 699 1923
f 1025 876 1204
f 876 1025 603
f 384 1025 342
f 1793 1297 1703
f 1297 1793 1833
f 141 512 176
f 779 111 216
f 111 1666 1326
f 229 779 216
f 229 1473 176
f 779 229 176
f 27 229 923
f 229 27 1473
f 424 141 176
f 141 424 769
f 1473 424 176
f 1411 424 1473
f 424 1411 769
f 1759 141 1810
f 885 512 67
f 885 779 176
f 512 885 176
f 885 111 779
f 1396 290 1261
f 1396 1490 290
f 769 255 1261
f 1411 255 769
f 623 1299 554
f 1299 623 1753
f 1299 179 67
f 179 1299 1909
f 179 885 67
f 1899 1781 1532
f 795 1299 1753
f 795 1753 1504
f 795 1899 942
f 795 942 589
f 1781 795 1504
f 1899 795 1781
f 653 795 589
f 1310 1420 1173
f 273 1641 557
f 1248 1838 1994
f 1838 1248 970
f 623 291 1753
f 1753 291 1504
f 291 146 469
f 105 1937 618
f 1820 105 618
f 894 137 1027
f 137 894 1469
f 137 636 1027
f 636 137 268
f 1026 137 1469
f 137 1026 250
f 1026 1142 250
f 968 1026 1469
f 1937 1946 618
f 392 1594 650
f 1586 518 1021
f 236 1146 40
f 1450 242 523
f 726 198 1778
f 1583 726 1778
f 366 146 554
f 366 1759 1810
f 1244 366 1810
f 146 366 469
f 366 1244 469
f 1623 1500 566
f 1945 1500 1623
f 233 1945 404
f 786 233 404
f 233 786 482
f 233 1500 1945
f 1160 860 566
f 1160 1495 860
f 1495 1160 1608
f 530 1169 199
f 656 807 369
f 807 656 727
f 66 816 1218
f 879 66 1218
f 66 1700 1938
f 816 66 1938
f 66 879 1907
f 1987 66 1907
f 66 1987 1700
f 879 739 63
f 739 879 1218
f 739 814 63
f 739 1149 814
f 1149 1410 1858
f 1410 816 1858
f 816 1410 1218
f 1410 739 1218
f 739 1410 1149
f 891 91 1143
f 1699 1286 811
f 280 1699 811
f 1699 1776 1286
f 1993 1699 1502
f 1776 1699 1993
f 663 1163 199
f 1163 663 811
f 663 280 811
f 654 1185 1286
f 1185 654 1543
f 654 1776 1225
f 1776 654 1286
f 654 119 1543
f 1356 119 1225
f 119 654 1225
f 1364 552 96
f 435 957 1405
f 1859 957 526
f 1405 957 1859
f 1540 684 1807
f 979 684 1540
f 684 85 1807
f 85 684 1306
f 684 979 1306
f 1570 1495 1608
f 1996 1570 1608
f 1570 898 1495
f 898 1570 1996
f 584 1796 593
f 645 452 1495
f 645 898 126
f 898 645 1495
f 956 645 126
f 924 645 956
f 601 1748 1574
f 1664 803 611
f 796 1859 1826
f 796 1746 1859
f 452 716 648
f 648 716 1826
f 716 1843 1826
f 716 803 1843
f 113 730 1770
f 730 113 694
f 1459 730 694
f 1332 68 1844
f 68 1332 1872
f 573 95 1389
f 122 1296 401
f 1343 1390 51
f 1343 1727 413
f 848 1213 1342
f 1213 1896 1342
f 1523 1895 1620
f 1895 1644 1620
f 1895 1523 839
f 1644 1895 587
f 1722 981 1725
f 1523 1722 1725
f 1722 1523 981
f 722 517 1004
f 517 722 1417
f 517 124 1004
f 586 722 1004
f 548 223 34
f 223 548 722
f 223 1823 34
f 223 586 1823
f 586 223 722
f 1942 1476 436
f 793 1586 1021
f 296 1542 318
f 1542 1124 318
f 1124 1244 318
f 1244 1124 759
f 1124 838 759
f 838 1124 1542
f 193 1714 327
f 1714 1251 327
f 1714 193 419
f 1475 1251 733
f 1475 468 1251
f 1119 1868 705
f 251 916 1541
f 916 1096 1541
f 1096 916 1917
f 1253 462 423
f 725 292 1559
f 1775 1127 61
f 1127 1775 1490
f 1618 1775 61
f 1323 1618 61
f 1775 1618 1741
f 1618 1323 1741
f 1323 800 1741
f 161 800 1151
f 800 161 1741
f 1265 405 1741
f 161 1265 1741
f 405 1265 318
f 1265 1021 695
f 1265 161 1021
f 161 1613 1021
f 1613 161 1842
f 1613 793 1021
f 793 1613 1842
f 448 1323 823
f 448 800 1323
f 1253 935 823
f 935 448 823
f 9 1434 731
f 1915 9 1988
f 962 1961 97
f 1961 962 953
f 1813 1961 953
f 427 315 97
f 427 848 315
f 427 1213 848
f 1232 1920 1786
f 1920 1232 1968
f 1920 188 1786
f 1334 875 420
f 1445 875 1334
f 875 1086 862
f 543 240 1083
f 1604 1228 1701
f 1615 1604 1701
f 1863 1604 1615
f 254 209 372
f 309 1876 659
f 1876 309 265
f 248 1360 783
f 1847 1071 732
f 1658 1847 732
f 1113 1658 852
f 1650 837 560
f 690 1650 560
f 887 1270 1615
f 1312 1007 416
f 1007 2 1701
f 1228 1007 1701
f 1007 1014 2
f 1014 1007 1312
f 1413 1312 794
f 1604 1648 1228
f 1648 1604 1716
f 877 1372 976
f 1372 1558 1721
f 1558 1372 797
f 1894 471 244
f 1119 853 1868
f 1545 853 129
f 1868 853 244
f 1096 853 1541
f 853 1096 129
f 1837 1689 752
f 1689 1837 158
f 919 1689 158
f 280 961 1143
f 961 11 1143
f 663 961 280
f 1950 1427 133
f 11 1950 133
f 1950 920 1427
f 1950 117 752
f 853 666 244
f 666 853 1545
f 666 1894 244
f 1427 208 133
f 208 666 1545
f 1479 1792 750
f 822 1479 750
f 1479 1628 1229
f 1479 822 1628
f 406 1547 576
f 406 1221 1547
f 406 1551 1221
f 406 506 87
f 1551 406 87
f 1551 1534 1221
f 483 1935 1906
f 735 417 1212
f 735 569 873
f 1088 295 102
f 253 802 487
f 1216 43 1553
f 83 43 303
f 43 1953 1553
f 1953 43 83
f 1629 569 1819
f 569 1629 873
f 1803 1629 1819
f 1629 1803 322
f 873 1629 322
f 174 1483 827
f 139 1483 174
f 1063 139 822
f 1063 822 1819
f 569 1063 1819
f 1616 1520 1680
f 1520 139 1680
f 1520 1483 139
f 295 1520 1616
f 1483 1520 827
f 1520 1088 827
f 1520 295 1088
f 1386 921 148
f 106 1386 148
f 162 1243 1827
f 1152 195 592
f 1818 1152 592
f 195 1152 662
f 1552 1462 592
f 1462 1818 592
f 1462 1552 825
f 258 410 182
f 258 182 1628
f 258 1628 827
f 921 258 827
f 886 1467 1830
f 1467 886 778
f 1467 418 657
f 418 1467 778
f 1476 418 436
f 1033 886 604
f 886 1033 778
f 1013 7 1921
f 193 7 419
f 7 1013 419
f 357 628 1245
f 1887 628 357
f 1673 1535 200
f 484 1673 200
f 830 1475 733
f 1251 1058 733
f 1058 1041 1636
f 1041 1058 419
f 872 26 906
f 26 1625 906
f 1605 1000 872
f 1000 26 872
f 26 1000 1625
f 1000 1605 357
f 1000 357 1245
f 168 1000 1245
f 1625 1000 168
f 465 948 426
f 465 5 1047
f 484 465 1047
f 948 465 484
f 465 1049 5
f 1049 465 426
f 832 619 815
f 1484 619 832
f 619 1385 815
f 619 1733 1385
f 619 1108 1733
f 1108 1454 850
f 1454 1049 850
f 619 1454 1108
f 1454 619 1484
f 30 832 1784
f 30 831 832
f 1477 965 1313
f 965 1477 178
f 1477 1313 1784
f 442 1477 1784
f 234 1505 135
f 1398 254 372
f 1505 1398 372
f 1398 1505 234
f 449 361 135
f 627 1895 616
f 1895 627 587
f 449 154 361
f 1870 693 1227
f 693 1870 679
f 1332 960 1872
f 960 1332 1844
f 1098 1516 307
f 749 1881 1095
f 99 1881 749
f 927 1075 1983
f 927 709 487
f 802 927 487
f 1075 927 802
f 1075 56 1983
f 56 922 1965
f 1873 337 1320
f 337 80 541
f 337 1873 724
f 863 1997 541
f 1997 1486 541
f 47 1997 1234
f 1997 47 23
f 1486 1997 23
f 1997 480 1234
f 480 1997 863
f 911 1486 639
f 1320 911 964
f 911 1207 964
f 911 639 1207
f 1908 782 724
f 782 1908 1005
f 1873 1908 724
f 1908 1873 964
f 1887 1908 964
f 1908 1887 1005
f 1563 79 1041
f 79 782 1041
f 1013 79 1563
f 326 79 620
f 782 79 326
f 79 1808 620
f 79 1013 1808
f 980 511 1443
f 709 511 1186
f 511 980 1186
f 871 669 1234
f 661 871 1234
f 641 871 661
f 844 1177 1321
f 1985 1355 1067
f 745 1189 903
f 1189 1985 1067
f 1985 1189 282
f 1768 1189 745
f 282 1189 1768
f 205 57 148
f 1156 205 148
f 205 945 57
f 1655 1492 202
f 202 1492 1974
f 1492 108 746
f 504 1492 746
f 951 1655 202
f 324 951 202
f 951 324 140
f 1147 745 903
f 951 1147 1655
f 1147 696 1655
f 1492 59 108
f 59 1492 1655
f 884 1216 1553
f 1953 884 1553
f 884 7 193
f 884 1953 1921
f 7 884 1921
f 1857 681 1808
f 681 1857 1791
f 681 1791 80
f 762 643 194
f 1849 1550 1728
f 1015 1849 1728
f 1555 1849 862
f 763 670 1418
f 670 763 761
f 1302 175 1642
f 175 1302 1359
f 1302 1642 33
f 1359 1302 33
f 841 549 792
f 185 545 570
f 175 545 185
f 570 545 792
f 545 841 792
f 489 810 302
f 1805 175 1359
f 489 1805 1359
f 606 1805 302
f 1805 489 302
f 708 590 33
f 153 708 33
f 708 667 590
f 1460 153 1084
f 36 1955 75
f 60 963 1786
f 963 612 1786
f 1016 1630 456
f 612 1630 1016
f 1630 1869 456
f 963 1630 612
f 1869 1630 60
f 1630 963 60
f 378 1582 1773
f 1582 378 1065
f 478 673 1773
f 673 378 1773
f 378 673 881
f 1327 939 1736
f 1077 497 613
f 1077 1130 497
f 1740 1130 75
f 497 1688 820
f 1688 771 820
f 1121 180 820
f 771 1121 820
f 1121 1913 180
f 1740 1121 771
f 1687 1801 1150
f 1687 27 923
f 1687 1150 1559
f 27 1687 1559
f 1106 1308 1994
f 1308 1106 1511
f 1051 496 1035
f 496 1905 917
f 1641 1226 557
f 1226 1809 557
f 1226 1641 1035
f 1374 1779 388
f 1809 1779 1374
f 1525 1779 151
f 1779 1709 388
f 1864 1779 334
f 1779 1525 334
f 1779 1864 1627
f 1709 1779 1627
f 328 1107 917
f 1574 1115 1306
f 473 85 1306
f 112 1897 39
f 1297 112 197
f 995 441 1897
f 972 1093 867
f 247 972 867
f 1897 1812 1070
f 1812 441 247
f 441 1812 1897
f 605 1042 536
f 1042 605 1224
f 1224 605 1511
f 940 1042 870
f 1298 940 870
f 940 1298 1042
f 494 386 1712
f 386 494 1055
f 257 1015 1728
f 1659 257 1728
f 1403 257 1659
f 614 262 1719
f 692 1698 1351
f 699 1698 692
f 1698 1037 1351
f 1698 699 1037
f 699 1681 1923
f 1102 874 22
f 1959 1554 1204
f 1833 1959 1204
f 874 1959 22
f 1959 874 1554
f 1277 1554 1470
f 1277 1470 342
f 1025 1277 342
f 1277 1025 1204
f 1554 1277 1204
f 1793 1429 1833
f 1429 190 1833
f 1429 1793 1703
f 383 512 141
f 1759 383 141
f 67 383 554
f 512 383 67
f 383 366 554
f 366 383 1759
f 1575 694 1666
f 229 186 923
f 1801 186 1356
f 186 1687 923
f 1687 186 1801
f 1028 255 1411
f 1028 1411 27
f 1028 1396 1261
f 255 1028 1261
f 1028 27 1559
f 112 191 197
f 191 112 39
f 116 1068 1967
f 116 1581 798
f 1581 116 1967
f 1068 28 653
f 28 116 798
f 116 28 1068
f 1874 1068 653
f 1068 1980 1865
f 537 1980 1654
f 1980 537 1865
f 1980 1874 1654
f 1874 1980 1068
f 127 1524 1070
f 1874 127 1654
f 1524 1197 1070
f 1197 1897 1070
f 1897 1197 39
f 39 1197 1532
f 1914 653 589
f 942 1914 589
f 1299 719 798
f 795 719 1299
f 719 795 653
f 719 28 798
f 28 719 653
f 1710 1797 1173
f 1710 332 1797
f 1751 537 1654
f 1248 1751 970
f 1751 1248 537
f 1751 247 970
f 1751 1362 247
f 127 1751 1654
f 1751 127 1362
f 1639 1068 1865
f 1310 1639 1420
f 1639 273 1420
f 938 1641 1271
f 1641 938 1994
f 938 1248 1994
f 1062 614 1719
f 1102 1062 1719
f 1062 1102 22
f 261 1614 1334
f 1614 20 710
f 20 1614 261
f 1297 1693 1703
f 1693 1297 197
f 1600 1693 197
f 826 1693 1384
f 1943 1946 1937
f 105 1943 1937
f 1943 1600 1027
f 894 249 1469
f 249 894 1103
f 291 642 1504
f 642 291 968
f 642 100 1504
f 642 249 100
f 642 968 1469
f 249 642 1469
f 260 469 759
f 260 291 469
f 291 260 968
f 291 790 146
f 790 291 623
f 146 790 554
f 790 623 554
f 250 1958 1155
f 1142 1958 250
f 1196 1890 1820
f 1890 1445 1334
f 1890 1196 1445
f 1799 1600 197
f 1489 1026 968
f 1026 1489 1142
f 418 1117 436
f 1117 1942 436
f 1942 1117 1594
f 243 901 1168
f 952 668 1168
f 594 901 243
f 1866 1339 252
f 1866 1915 856
f 1339 1866 856
f 1378 1339 856
f 1569 392 650
f 529 1562 650
f 1137 1934 1969
f 1137 242 1934
f 1560 236 1934
f 242 1560 1934
f 1560 952 1168
f 1560 1450 952
f 1560 242 1450
f 1474 1601 302
f 1474 1583 1778
f 1583 1474 1230
f 810 1474 302
f 1474 810 1230
f 1904 347 618
f 1946 1904 618
f 1009 1904 934
f 1009 198 347
f 1904 1009 347
f 909 663 199
f 961 909 1109
f 909 961 663
f 470 530 593
f 1796 470 593
f 470 1996 1608
f 530 218 593
f 218 584 593
f 1675 233 482
f 1675 1160 566
f 1500 1675 566
f 233 1675 1500
f 909 564 1109
f 398 891 1917
f 398 91 891
f 1215 280 1143
f 1215 1699 280
f 1699 1215 1502
f 1215 91 1502
f 91 1215 1143
f 119 936 1543
f 936 119 1061
f 936 1061 1326
f 1104 160 1770
f 936 160 1543
f 160 113 1770
f 1185 1415 1163
f 1163 1415 199
f 1415 530 199
f 912 276 907
f 1104 912 907
f 218 912 584
f 912 218 276
f 730 974 1770
f 974 1104 1770
f 974 730 1377
f 370 1748 601
f 552 1911 96
f 1540 1911 1724
f 1911 1540 96
f 1757 552 435
f 370 1757 435
f 1757 370 601
f 1911 1757 1724
f 1757 1911 552
f 561 957 435
f 561 1364 526
f 561 552 1364
f 552 561 435
f 1851 1796 584
f 479 898 1996
f 645 1030 452
f 1030 716 452
f 1030 924 611
f 1030 645 924
f 803 1030 611
f 716 1030 803
f 1424 425 1664
f 1843 425 1826
f 425 796 1826
f 694 1932 1326
f 113 1932 694
f 160 1932 113
f 1932 936 1326
f 1932 160 936
f 908 1052 1578
f 908 19 1052
f 1038 908 1578
f 908 107 19
f 548 1260 1176
f 1260 19 1176
f 159 1463 975
f 159 267 1463
f 1533 159 975
f 159 1533 817
f 267 1029 1463
f 1112 966 817
f 966 1029 267
f 1549 1670 1503
f 1549 95 573
f 1549 1118 1670
f 1549 1341 1118
f 1034 977 333
f 95 977 1034
f 1274 1387 1503
f 333 1387 1274
f 1387 1549 1503
f 1549 1387 95
f 977 1387 333
f 1387 977 95
f 1341 1602 401
f 1602 122 401
f 1727 266 51
f 266 1343 51
f 1343 266 1727
f 379 343 631
f 343 1183 1765
f 122 1183 1296
f 1765 1183 122
f 1896 101 1725
f 1213 101 1896
f 101 839 1725
f 1895 364 616
f 364 1895 839
f 364 627 616
f 627 364 1705
f 364 839 1081
f 1823 1239 1916
f 1239 150 1916
f 517 1931 124
f 1644 1931 1333
f 1931 1417 1333
f 1931 517 1417
f 1931 1644 587
f 124 1931 587
f 586 31 1823
f 31 1239 1823
f 793 1241 1586
f 1942 1241 1476
f 1241 1842 1476
f 1241 793 1842
f 720 296 318
f 296 389 1542
f 389 838 1542
f 626 1714 419
f 1714 626 1251
f 1058 626 419
f 626 1058 1251
f 468 1180 327
f 466 1180 166
f 1019 344 474
f 344 717 904
f 1119 1181 904
f 344 1181 474
f 1181 344 904
f 928 505 1518
f 163 292 725
f 292 163 999
f 1597 462 999
f 1597 928 1518
f 365 1993 1502
f 462 206 999
f 206 292 999
f 292 206 1559
f 1467 767 1830
f 767 463 1830
f 5 767 1047
f 767 5 1839
f 463 767 1839
f 1292 767 1467
f 682 1292 1202
f 1292 484 1047
f 767 1292 1047
f 448 1136 800
f 1136 1295 1151
f 800 1136 1151
f 878 935 687
f 935 878 485
f 1295 1388 485
f 1388 935 485
f 935 1388 448
f 1136 1388 1295
f 1388 1136 448
f 1307 252 312
f 1434 1307 312
f 9 1307 1434
f 438 1434 1376
f 438 1033 604
f 1033 438 1376
f 731 438 604
f 1434 438 731
f 361 1401 1777
f 1952 9 1915
f 1952 1866 252
f 1866 1952 1915
f 1307 1952 252
f 1952 1307 9
f 188 1085 1174
f 1920 1085 188
f 1085 1968 933
f 1085 1920 1968
f 144 172 953
f 172 1813 953
f 1813 172 1174
f 172 144 477
f 188 172 477
f 172 188 1174
f 944 1349 1400
f 1349 944 498
f 1835 1961 1813
f 1961 1835 97
f 427 173 1213
f 1662 606 302
f 1601 1662 302
f 1024 1662 1601
f 1086 768 1514
f 875 768 1086
f 768 875 1445
f 768 32 1514
f 32 768 1445
f 1196 1900 1445
f 1900 32 1445
f 1900 1196 1820
f 1900 1820 618
f 32 1900 618
f 1849 713 1550
f 1879 1583 1230
f 1879 726 1583
f 446 543 1083
f 446 667 543
f 726 446 1083
f 1879 446 726
f 667 446 1230
f 446 1879 1230
f 1646 1604 1863
f 1604 1646 1716
f 1646 1558 1716
f 1721 773 380
f 1606 1008 1278
f 1862 209 897
f 1847 1862 897
f 1862 1847 1278
f 1008 1862 1278
f 209 1862 372
f 1862 1008 372
f 109 1876 265
f 1876 109 1431
f 1847 138 1278
f 138 1606 1278
f 507 349 629
f 349 481 1816
f 481 1343 413
f 481 1488 1343
f 1488 481 349
f 1390 1738 1258
f 1802 349 1816
f 499 1802 1816
f 349 1802 629
f 629 1802 248
f 1802 499 248
f 259 1034 1844
f 259 95 1034
f 68 259 1844
f 499 804 248
f 1533 62 491
f 1876 62 659
f 62 1643 659
f 491 62 1431
f 62 1876 1431
f 62 1533 975
f 1643 62 975
f 476 1112 817
f 1360 476 783
f 476 1360 1112
f 1031 837 783
f 837 1031 560
f 476 1031 783
f 1533 806 817
f 1315 806 491
f 865 367 403
f 1078 672 2
f 1014 1078 2
f 367 1078 403
f 1078 1014 403
f 743 1847 897
f 1847 743 1071
f 209 743 897
f 743 209 254
f 1187 743 254
f 743 1187 1071
f 531 1113 1431
f 1113 531 1658
f 109 531 1431
f 837 567 330
f 567 742 330
f 1650 567 837
f 742 902 706
f 902 567 1276
f 567 902 742
f 1007 578 416
f 797 578 1228
f 578 1007 1228
f 42 1014 1312
f 1413 42 1312
f 1014 42 403
f 42 1413 403
f 1406 797 1228
f 1648 1406 1228
f 1406 1648 1716
f 1456 718 1676
f 1159 1044 1657
f 1657 1044 976
f 1044 877 976
f 1044 718 877
f 1122 1497 987
f 1122 1255 1497
f 877 1528 509
f 577 1372 1721
f 577 1674 976
f 1372 577 976
f 1970 920 753
f 920 1970 1427
f 1970 208 1427
f 208 1970 666
f 1060 81 1109
f 81 287 117
f 287 81 1060
f 1950 81 117
f 81 1950 11
f 86 1950 752
f 1950 86 920
f 1689 86 752
f 86 1689 919
f 86 919 840
f 86 840 753
f 920 86 753
f 147 37 133
f 208 147 133
f 1238 147 129
f 37 147 1238
f 1640 1479 1229
f 1547 1640 1938
f 1640 182 1938
f 182 1640 1229
f 429 576 1458
f 429 406 576
f 1452 429 1095
f 429 1452 1166
f 506 429 1166
f 406 429 506
f 69 873 322
f 69 322 1906
f 1935 69 1906
f 1526 69 1935
f 217 735 1212
f 15 217 1212
f 217 15 1616
f 217 1616 1680
f 735 217 1680
f 43 1591 303
f 1591 43 1216
f 1591 1216 1974
f 152 504 746
f 108 152 746
f 152 954 102
f 152 108 954
f 15 1785 1616
f 1591 1785 303
f 417 211 1212
f 443 652 661
f 211 214 1303
f 253 214 1848
f 1848 214 417
f 214 211 417
f 316 83 303
f 83 316 1537
f 139 978 1680
f 1063 978 139
f 978 1063 569
f 978 735 1680
f 735 978 569
f 1386 1744 921
f 1744 258 921
f 258 1744 410
f 410 1744 1875
f 1744 106 1875
f 1744 1386 106
f 882 1768 745
f 882 162 1768
f 882 745 1829
f 162 882 1243
f 1831 321 1243
f 321 700 705
f 1831 700 321
f 700 1831 246
f 1392 1293 662
f 1152 1392 662
f 1392 1152 1818
f 1392 493 1293
f 463 284 1830
f 284 886 1830
f 886 284 604
f 1708 1282 657
f 418 1708 657
f 1708 418 1476
f 1708 1476 1962
f 201 1708 1962
f 1282 1708 201
f 778 183 1220
f 1033 183 778
f 628 376 1245
f 376 628 1094
f 376 168 1245
f 376 1094 1733
f 376 1188 168
f 376 1733 1188
f 1094 1214 1301
f 628 1214 1094
f 1301 1214 1956
f 1214 1267 1956
f 1214 1887 1267
f 1214 628 1887
f 1624 48 462
f 48 1624 528
f 360 766 1253
f 935 766 687
f 766 935 1253
f 1432 340 1202
f 340 1432 485
f 1625 1120 906
f 1305 360 93
f 1365 1305 93
f 1305 1365 358
f 363 830 733
f 1058 363 733
f 363 1058 1536
f 1206 1058 1636
f 1058 1206 1536
f 906 1206 1636
f 1219 1206 906
f 1206 1219 1536
f 1375 463 1839
f 1375 284 463
f 1375 731 604
f 284 1375 604
f 831 1175 832
f 1175 1512 832
f 1512 1175 1170
f 25 1784 380
f 25 30 1784
f 831 25 380
f 30 25 831
f 1836 442 178
f 1477 1836 178
f 1836 1477 442
f 354 1187 254
f 154 1412 1227
f 1412 154 449
f 275 1008 1606
f 275 1505 372
f 1008 275 372
f 1352 1606 445
f 633 586 1004
f 633 31 586
f 1995 364 1081
f 364 1995 1705
f 325 1834 856
f 154 1834 361
f 1732 154 1227
f 693 1732 1227
f 869 1732 693
f 1977 1643 975
f 1643 1977 1191
f 1463 1977 975
f 1977 1463 1872
f 960 1977 1872
f 1200 1643 1191
f 1898 10 600
f 600 10 1578
f 1034 283 1844
f 283 1034 889
f 851 314 1916
f 150 851 1916
f 1898 851 150
f 688 749 1095
f 550 688 1095
f 256 99 749
f 256 1912 99
f 299 256 1369
f 714 56 1965
f 56 714 1983
f 1912 637 99
f 637 1881 99
f 1881 637 1095
f 637 714 1965
f 637 519 1095
f 637 1965 519
f 1695 56 1075
f 56 1695 922
f 1695 1075 802
f 922 1695 802
f 337 1521 1320
f 1521 911 1320
f 911 1521 1486
f 1486 1521 541
f 1521 337 541
f 326 1529 724
f 1529 337 724
f 1329 1529 326
f 1529 1329 80
f 337 1529 80
f 1672 511 709
f 927 1672 709
f 895 1672 630
f 1672 1983 630
f 1672 927 1983
f 871 92 1321
f 92 871 641
f 92 1451 1321
f 1451 92 641
f 1734 871 1321
f 871 1734 669
f 1177 1734 1321
f 1734 1177 669
f 1635 844 1676
f 1635 1177 844
f 1177 1635 47
f 669 1291 47
f 1291 1177 47
f 1177 1291 669
f 1189 949 903
f 949 1189 1067
f 949 514 903
f 514 949 1067
f 1683 205 1156
f 1683 1156 1800
f 945 1683 21
f 205 1683 945
f 1686 951 140
f 1686 1147 951
f 1686 140 745
f 1147 1686 745
f 108 824 954
f 59 824 108
f 696 575 1655
f 575 59 1655
f 575 696 1147
f 514 1940 903
f 1940 514 377
f 575 1940 59
f 1940 1147 903
f 1940 575 1147
f 1506 1178 1216
f 884 1506 1216
f 1506 193 327
f 1506 884 193
f 1808 985 620
f 681 985 1808
f 985 1329 620
f 1329 985 80
f 985 681 80
f 237 762 335
f 237 643 762
f 381 262 1079
f 262 381 1439
f 1471 240 543
f 1471 670 240
f 1471 543 1418
f 670 1471 1418
f 1763 362 1289
f 494 1100 1
f 1100 1763 1
f 1116 494 1712
f 1659 1116 1712
f 1116 1659 761
f 1397 574 272
f 1957 1397 272
f 1397 1366 574
f 579 1729 1148
f 1397 579 1148
f 579 1397 1957
f 1090 971 841
f 55 810 489
f 55 489 1359
f 810 55 1230
f 667 55 590
f 55 667 1230
f 1593 545 175
f 1805 1593 175
f 1593 1805 606
f 841 1593 606
f 545 1593 841
f 667 121 543
f 708 121 667
f 543 121 1418
f 121 1366 1418
f 1366 121 574
f 574 1735 272
f 595 232 1494
f 232 595 1955
f 36 232 1955
f 1651 1065 1814
f 1651 1582 1065
f 1582 1651 1773
f 1773 1651 1566
f 1651 1814 1566
f 89 673 478
f 89 734 1522
f 89 478 734
f 881 89 1522
f 673 89 881
f 640 535 58
f 1287 640 58
f 1845 640 1287
f 1737 539 1619
f 539 640 1845
f 640 539 535
f 539 1367 535
f 1394 1327 881
f 1394 939 1327
f 1394 881 1522
f 539 1568 1619
f 664 1391 1883
f 1348 1957 272
f 780 1348 272
f 439 1737 1619
f 1280 1696 1930
f 664 1696 1280
f 1696 664 1883
f 1289 1283 613
f 1077 1515 1729
f 896 1740 75
f 164 896 75
f 896 164 1913
f 1121 896 1913
f 896 1121 1740
f 1130 450 497
f 450 1688 497
f 1740 450 1130
f 450 1740 771
f 1688 450 771
f 1924 328 151
f 1924 1107 328
f 1421 1226 1035
f 1226 1421 1809
f 1107 1421 917
f 1421 496 917
f 496 1421 1035
f 1211 1115 1574
f 1748 1211 1574
f 915 473 1306
f 1115 1919 1306
f 1919 263 1306
f 263 1919 893
f 1919 1634 893
f 1634 1919 1115
f 263 1611 294
f 85 421 187
f 473 421 85
f 421 241 187
f 421 915 241
f 915 421 473
f 982 930 1374
f 982 1374 388
f 617 995 1897
f 112 617 1897
f 617 112 1297
f 617 1297 603
f 1193 441 995
f 1193 617 603
f 617 1193 995
f 972 729 1093
f 1093 729 1382
f 1328 972 247
f 1362 1048 247
f 1048 1812 247
f 1812 1048 1070
f 1048 127 1070
f 127 1048 1362
f 605 359 1511
f 359 1308 1511
f 359 496 1051
f 359 1051 1994
f 1308 359 1994
f 1849 1929 862
f 1929 1849 1015
f 875 157 420
f 387 261 420
f 157 387 420
f 387 157 134
f 1929 387 134
f 1351 1507 335
f 94 1681 699
f 94 699 692
f 1681 94 1470
f 94 932 1382
f 94 692 932
f 1470 94 342
f 1231 874 1923
f 874 1231 1554
f 1681 1231 1923
f 1554 1231 1470
f 1231 1681 1470
f 1959 90 22
f 90 1062 22
f 190 90 1833
f 90 1959 1833
f 1693 444 1703
f 20 444 710
f 1581 674 798
f 674 1581 748
f 674 1299 798
f 1299 674 1909
f 674 748 1909
f 1575 520 1909
f 520 179 1909
f 179 520 885
f 520 1575 1666
f 111 520 1666
f 885 520 111
f 1304 186 229
f 186 1304 572
f 1304 229 216
f 186 1022 1356
f 1022 186 572
f 1022 572 1061
f 119 1022 1061
f 1022 119 1356
f 1595 39 1532
f 1595 191 39
f 1781 1595 1532
f 527 1874 653
f 1914 527 653
f 1197 1856 1532
f 1856 1197 1524
f 332 29 1797
f 1710 274 332
f 1404 1639 1271
f 1639 1404 273
f 1641 1404 1271
f 273 1404 1641
f 1248 540 537
f 938 540 1248
f 540 938 1271
f 537 540 1865
f 1639 540 1271
f 540 1639 1865
f 1062 1780 614
f 1780 20 261
f 1416 1614 710
f 1416 1693 826
f 444 1416 710
f 1416 444 1693
f 1530 1943 486
f 1943 1530 1946
f 430 1943 105
f 430 105 1820
f 1890 430 1820
f 1614 430 1334
f 430 1890 1334
f 278 249 1103
f 249 278 100
f 100 278 1504
f 894 1361 1103
f 1361 894 1027
f 1799 1772 1103
f 191 1772 197
f 1772 1799 197
f 331 373 486
f 331 1943 1027
f 1943 331 486
f 636 53 1027
f 53 331 1027
f 331 53 373
f 828 1489 968
f 547 838 1499
f 547 828 838
f 828 547 1489
f 1958 547 1499
f 547 1958 1142
f 220 1337 1237
f 1934 220 1969
f 1237 833 320
f 833 1383 320
f 1383 833 412
f 1337 833 1237
f 1609 1117 418
f 1609 778 1220
f 1609 418 778
f 969 1762 518
f 1021 1762 695
f 518 1762 1021
f 1487 297 392
f 297 1487 518
f 901 821 1168
f 1742 243 1168
f 668 1742 1168
f 594 1087 1208
f 1378 1087 1339
f 252 1087 312
f 1339 1087 252
f 1087 243 312
f 1087 594 243
f 594 1264 901
f 1264 821 901
f 236 1264 1146
f 1487 1442 518
f 1677 1450 523
f 1383 1677 320
f 1141 529 952
f 1450 1141 952
f 738 668 952
f 529 738 952
f 738 1742 668
f 738 529 1376
f 177 1237 320
f 1137 177 320
f 177 1137 1969
f 220 177 1969
f 177 220 1237
f 114 1137 320
f 114 1677 523
f 1677 114 320
f 931 1560 1168
f 1560 931 236
f 821 931 1168
f 931 1264 236
f 1264 931 821
f 414 726 1083
f 726 382 198
f 414 382 726
f 382 414 1154
f 32 382 1514
f 1514 382 1099
f 382 1154 1099
f 1474 123 1601
f 123 1024 1601
f 123 1474 1778
f 1024 123 1357
f 198 123 1778
f 1009 123 198
f 123 220 1357
f 210 1024 1357
f 220 210 1357
f 221 210 1934
f 210 220 1934
f 801 1169 843
f 801 564 909
f 1169 801 199
f 801 909 199
f 276 1561 907
f 218 1561 276
f 1561 1415 907
f 1561 218 530
f 1415 1561 530
f 1160 555 1608
f 555 470 1608
f 470 555 530
f 555 1012 843
f 1169 555 843
f 530 555 1169
f 1012 1510 581
f 1675 1510 1160
f 1510 555 1160
f 555 1510 1012
f 515 835 482
f 835 585 482
f 835 515 46
f 727 835 46
f 656 835 727
f 1854 1675 482
f 585 1854 482
f 1854 1510 1675
f 564 165 1109
f 165 1060 1109
f 160 1269 1543
f 1269 160 1104
f 1269 1185 1543
f 1269 1415 1185
f 1269 1104 907
f 1415 1269 907
f 1886 912 1104
f 974 1886 1104
f 17 435 1706
f 17 370 435
f 370 17 1748
f 1757 1936 1724
f 1936 1757 601
f 1936 1531 1724
f 1531 1936 1574
f 1936 601 1574
f 957 532 526
f 532 561 526
f 561 532 957
f 1140 479 1996
f 470 1140 1996
f 1140 470 1796
f 898 1482 126
f 479 1482 898
f 1482 956 126
f 425 1590 1664
f 1590 425 1843
f 1590 803 1664
f 803 1590 1843
f 1126 1459 1508
f 1459 1126 730
f 787 1933 1508
f 1933 1126 1508
f 1126 1933 602
f 19 1316 1176
f 107 1316 19
f 1316 279 1176
f 279 755 1663
f 755 1038 1663
f 1316 755 279
f 755 1316 107
f 755 908 1038
f 755 107 908
f 1036 548 34
f 314 1036 34
f 19 1133 1052
f 1260 1133 19
f 1052 1133 600
f 1133 1898 600
f 1872 1927 203
f 1463 1927 1872
f 1029 1927 1463
f 966 1423 817
f 1423 966 267
f 1423 159 817
f 159 1423 267
f 1319 966 1112
f 610 1602 1341
f 1549 610 1341
f 610 1549 573
f 1755 155 1765
f 155 343 1765
f 1727 155 413
f 155 1755 413
f 343 155 631
f 631 155 51
f 155 1727 51
f 583 1765 122
f 583 1755 1765
f 1755 583 413
f 1296 231 379
f 1183 231 1296
f 231 343 379
f 231 1183 343
f 101 785 839
f 839 785 1081
f 785 101 1213
f 785 54 1081
f 54 785 1846
f 785 173 1846
f 173 785 1213
f 31 1711 1239
f 1265 73 318
f 73 720 318
f 73 1265 695
f 720 73 695
f 720 757 296
f 757 389 296
f 757 720 695
f 1762 757 695
f 1338 466 1891
f 1829 1338 1891
f 324 1338 1829
f 1338 324 777
f 717 1246 1541
f 1246 251 1541
f 1246 344 1019
f 344 1246 717
f 717 475 904
f 475 1119 904
f 475 853 1119
f 853 475 1541
f 475 717 1541
f 1624 1496 528
f 505 1496 1518
f 1496 505 528
f 1617 1624 462
f 1617 1597 1518
f 1597 1617 462
f 1496 1617 1518
f 1617 1496 1624
f 1257 1335 528
f 1335 48 528
f 48 1335 1832
f 1832 1335 422
f 1309 505 928
f 505 1309 528
f 1309 1257 528
f 1948 143 251
f 1246 1948 251
f 1948 1246 1019
f 163 394 999
f 394 1597 999
f 394 163 725
f 394 725 1993
f 1205 394 1993
f 712 1205 1993
f 365 712 1993
f 224 365 1502
f 91 224 1502
f 1127 996 61
f 996 823 61
f 996 1253 823
f 996 462 1253
f 996 206 462
f 1678 1028 1559
f 206 1678 1559
f 1292 288 484
f 1292 1645 1202
f 1432 1645 1519
f 1645 1432 1202
f 1645 657 1519
f 1645 1467 657
f 1645 1292 1467
f 1637 1401 361
f 1401 1637 325
f 1834 1637 361
f 1637 1834 325
f 1419 1999 1777
f 1401 1419 1777
f 1999 1419 1988
f 1419 1915 1988
f 1915 1419 856
f 1419 325 856
f 1419 1401 325
f 1767 1745 1981
f 1745 1767 558
f 899 558 1146
f 899 1745 558
f 1264 899 1146
f 899 594 1208
f 899 1264 594
f 1349 1006 1400
f 947 1745 1272
f 1437 947 1272
f 1745 947 1981
f 947 1571 1981
f 1571 947 498
f 346 944 1400
f 346 1835 1813
f 1085 300 1174
f 549 597 933
f 597 971 933
f 841 597 549
f 971 597 841
f 1939 1849 1555
f 1939 713 1849
f 351 1646 1863
f 1646 351 293
f 293 351 492
f 351 697 492
f 697 351 1863
f 1322 831 380
f 773 1322 380
f 1071 1263 492
f 1187 1263 1071
f 309 1290 265
f 1606 1290 445
f 138 1290 1606
f 104 1847 1658
f 104 138 1847
f 531 104 1658
f 1290 104 265
f 104 1290 138
f 104 109 265
f 104 531 109
f 1343 649 1390
f 1488 649 1343
f 1738 1345 1258
f 169 1345 1811
f 1345 1738 706
f 1345 562 1258
f 1345 902 1811
f 902 1345 706
f 1350 742 706
f 1738 1350 706
f 1350 507 629
f 507 1350 1390
f 1350 1738 1390
f 1350 629 330
f 742 1350 330
f 1892 499 1816
f 227 1892 1816
f 1892 227 499
f 95 728 1389
f 259 728 95
f 501 400 203
f 400 259 68
f 400 1872 203
f 400 68 1872
f 227 1621 499
f 1621 804 499
f 1621 227 501
f 1360 756 1112
f 1621 756 804
f 756 1360 248
f 804 756 248
f 560 1992 1893
f 1031 1992 560
f 1031 1717 1315
f 1717 1031 476
f 1717 476 817
f 806 1717 817
f 563 1533 491
f 806 563 491
f 563 806 1533
f 41 1408 1893
f 1408 690 1893
f 1408 41 1270
f 887 1408 1270
f 1565 1408 887
f 1565 887 1615
f 1165 1565 1615
f 672 1565 1165
f 865 1017 367
f 1565 1017 1408
f 1408 1017 690
f 1017 1650 690
f 1650 1017 457
f 1017 865 457
f 1345 890 562
f 890 1345 169
f 1399 1097 955
f 1399 393 1097
f 393 1798 1114
f 1399 1798 393
f 926 1399 955
f 1798 926 892
f 926 1798 1399
f 892 341 169
f 341 890 169
f 890 341 632
f 926 341 892
f 341 926 955
f 371 1428 1114
f 371 1413 794
f 1428 371 794
f 1082 169 1811
f 1082 892 169
f 902 1082 1811
f 1073 1650 457
f 1073 567 1650
f 865 1073 457
f 1073 865 403
f 578 149 416
f 149 578 775
f 149 1312 416
f 578 72 775
f 1372 72 797
f 72 578 797
f 1409 1558 797
f 1406 1409 797
f 1558 1409 1716
f 1409 1406 1716
f 608 987 307
f 1516 608 307
f 1122 431 1255
f 431 1528 1255
f 1528 128 1255
f 128 718 1456
f 718 128 877
f 128 1528 877
f 1497 128 1456
f 1255 128 1497
f 525 1880 1721
f 1880 577 1721
f 345 1880 525
f 1880 345 1674
f 577 1880 1674
f 1003 1970 753
f 471 1003 753
f 1894 1003 471
f 666 1003 1894
f 1970 1003 666
f 961 986 11
f 986 81 11
f 986 961 1109
f 81 986 1109
f 551 208 1545
f 551 147 208
f 551 1545 129
f 147 551 129
f 1247 665 1534
f 1247 1551 87
f 1247 1534 1551
f 702 1247 87
f 665 1247 702
f 665 1661 1534
f 1792 1661 120
f 120 1661 702
f 1661 665 702
f 1661 397 1534
f 1534 647 1221
f 397 647 1534
f 997 1640 1547
f 1640 997 1479
f 735 428 417
f 428 1848 417
f 253 428 802
f 428 253 1848
f 683 735 873
f 69 683 873
f 1526 683 69
f 1756 1652 1668
f 428 1652 802
f 922 1652 1756
f 1652 922 802
f 1330 295 1616
f 152 1330 1616
f 295 1330 102
f 1330 152 102
f 1043 152 1616
f 152 1043 504
f 1785 1043 1616
f 1928 1785 1591
f 1928 1591 1974
f 1043 1928 504
f 1928 1043 1785
f 1492 1928 1974
f 1928 1492 504
f 189 15 1212
f 45 1433 399
f 45 1754 1433
f 1944 1785 15
f 316 1944 15
f 1785 1944 303
f 1944 316 303
f 882 751 1243
f 239 1181 1119
f 239 1119 705
f 700 239 705
f 1462 634 1818
f 634 1462 825
f 493 634 825
f 1392 634 493
f 1594 1074 650
f 1074 529 650
f 529 1074 1376
f 1609 1692 1117
f 183 1692 1220
f 1692 1609 1220
f 1365 132 358
f 766 568 687
f 568 878 687
f 568 766 360
f 340 568 360
f 878 568 485
f 568 340 485
f 682 1853 285
f 1853 682 1202
f 340 1853 1202
f 1188 71 168
f 156 71 1188
f 374 1305 358
f 1990 1832 422
f 830 1990 422
f 363 1990 830
f 1219 1057 358
f 1057 374 358
f 374 1057 1358
f 1057 1120 1358
f 1120 1057 906
f 1057 1219 906
f 1491 308 358
f 308 1219 358
f 1219 308 1536
f 1422 1375 1839
f 1375 522 731
f 9 522 1988
f 522 9 731
f 354 385 1187
f 1263 385 1697
f 385 1263 1187
f 385 1167 1697
f 1398 946 254
f 946 354 254
f 1723 1412 449
f 1352 1723 765
f 1723 1352 1161
f 142 275 1606
f 142 1352 765
f 1352 142 1606
f 275 1760 1505
f 1505 1760 135
f 1760 449 135
f 142 1760 275
f 1760 142 765
f 1723 1760 765
f 1760 1723 449
f 1089 1352 445
f 1995 1656 1705
f 1368 627 1705
f 1656 1368 1705
f 633 1501 31
f 1711 1501 488
f 1501 1711 31
f 1501 1656 488
f 1918 1834 154
f 1732 1918 154
f 1834 1918 110
f 1132 869 305
f 869 1132 1732
f 1918 1132 110
f 1132 1918 1732
f 1977 1336 1191
f 1336 1977 960
f 10 1336 960
f 1882 350 150
f 1430 350 1882
f 1192 1200 1191
f 1192 350 1200
f 1192 1898 150
f 350 1192 150
f 1991 960 1844
f 283 1991 1844
f 10 1991 1578
f 1991 10 960
f 1991 889 1578
f 1991 283 889
f 691 353 550
f 688 353 1172
f 353 688 550
f 1852 353 691
f 1129 1852 1098
f 789 1516 1098
f 1852 789 1098
f 789 1852 691
f 77 550 1097
f 393 77 1097
f 1194 77 393
f 1363 393 1114
f 1363 1194 393
f 1428 1363 1114
f 222 1098 437
f 299 222 437
f 1585 299 1369
f 1585 688 1172
f 1585 222 299
f 222 1585 1098
f 1129 1585 1172
f 1585 1129 1098
f 688 1538 749
f 1538 256 749
f 256 1538 1369
f 1538 1585 1369
f 1585 1538 688
f 256 609 1912
f 511 609 1443
f 1443 609 437
f 609 895 1912
f 609 299 437
f 609 256 299
f 1672 609 511
f 609 1672 895
f 895 1960 1912
f 1960 637 1912
f 637 1960 714
f 714 1960 1983
f 1983 1960 630
f 1960 895 630
f 991 1635 1676
f 991 1044 1159
f 991 1159 47
f 1635 991 47
f 718 991 1676
f 1044 991 718
f 50 1478 1827
f 1478 282 1768
f 1478 162 1827
f 162 1478 1768
f 1985 513 1355
f 513 50 1355
f 513 1478 50
f 513 1985 282
f 1478 513 282
f 1355 467 1317
f 50 467 1355
f 1317 467 592
f 467 1552 592
f 1552 467 1827
f 467 50 1827
f 824 1425 954
f 1425 1800 954
f 1425 1683 1800
f 1683 1425 21
f 1425 377 21
f 1425 824 377
f 136 824 59
f 1940 136 59
f 824 136 377
f 136 1940 377
f 1180 1379 327
f 1379 1506 327
f 466 1379 1180
f 1338 1379 466
f 381 1665 1439
f 306 386 1055
f 1472 306 1055
f 818 306 1472
f 1774 1472 194
f 1774 818 1472
f 643 1774 194
f 1059 1665 381
f 1059 1774 643
f 1774 1059 818
f 237 1059 643
f 1665 1059 237
f 1603 1283 1289
f 1100 219 1763
f 1603 219 1100
f 440 638 1300
f 1273 763 1861
f 1397 433 1366
f 433 1861 1418
f 1366 433 1418
f 495 1077 1729
f 402 1348 780
f 579 559 1729
f 559 579 1957
f 1584 841 606
f 1584 1090 841
f 1662 1584 606
f 55 1947 590
f 1947 55 1359
f 590 1947 33
f 1947 1359 33
f 1064 708 153
f 1460 1064 153
f 734 866 1522
f 866 1394 1522
f 866 734 1930
f 1971 1845 1736
f 1971 539 1845
f 1971 1568 539
f 1821 1391 1494
f 1480 1821 1494
f 396 1391 780
f 396 508 1883
f 1391 396 1883
f 500 1391 664
f 500 1280 595
f 500 664 1280
f 500 595 1494
f 1391 500 1494
f 622 1395 1737
f 539 1395 1367
f 1395 539 1737
f 1162 1395 622
f 1367 1395 1084
f 1395 1162 1084
f 439 1045 1737
f 1045 622 1737
f 622 1045 508
f 508 1045 1883
f 1344 439 1619
f 1696 1344 1930
f 1283 888 613
f 888 1283 1331
f 888 1077 613
f 888 1515 1077
f 1515 888 1331
f 1779 1466 151
f 1466 1924 151
f 1211 65 1115
f 65 1211 1748
f 956 1448 1632
f 1448 65 1632
f 1448 1634 1115
f 65 1448 1115
f 1347 294 1184
f 1347 263 294
f 263 791 1306
f 791 915 1306
f 1347 791 263
f 791 1347 764
f 915 791 241
f 1752 982 388
f 1709 1752 388
f 1752 1709 187
f 441 959 247
f 959 1328 247
f 1193 959 441
f 959 1193 603
f 1328 959 384
f 1025 959 603
f 959 1025 384
f 598 1328 384
f 729 598 1382
f 967 729 972
f 1328 967 972
f 967 598 729
f 598 967 1328
f 496 1592 1905
f 1905 1592 536
f 1592 605 536
f 1929 1633 862
f 1633 1929 134
f 157 1633 134
f 1633 875 862
f 1633 157 875
f 1453 387 1929
f 387 1453 261
f 1453 1780 261
f 1824 94 1382
f 94 1824 342
f 1824 384 342
f 598 1824 1382
f 1824 598 384
f 1429 64 190
f 64 1429 1703
f 444 64 1703
f 503 1544 1797
f 1797 1544 1173
f 1544 1310 1173
f 192 1581 1967
f 192 1544 503
f 748 1256 1909
f 1256 1575 1909
f 1256 192 503
f 1575 1256 694
f 1581 1256 748
f 192 1256 1581
f 572 103 1061
f 1304 103 572
f 1061 103 1326
f 103 111 1326
f 111 103 216
f 103 1304 216
f 225 1781 1504
f 278 225 1504
f 271 527 1524
f 527 271 1874
f 127 271 1524
f 271 127 1874
f 1653 1856 1524
f 527 1653 1524
f 1653 527 1914
f 1653 1914 942
f 1899 1653 942
f 1653 1899 1532
f 1856 1653 1532
f 29 1340 1797
f 1340 503 1797
f 90 88 1062
f 88 1780 1062
f 88 90 190
f 64 88 190
f 88 64 444
f 88 444 20
f 1780 88 20
f 686 430 1614
f 686 1416 826
f 1416 686 1614
f 686 826 1384
f 1943 311 1600
f 430 311 1943
f 686 311 430
f 311 686 1384
f 1693 311 1384
f 311 1693 1600
f 809 1799 1103
f 1361 809 1103
f 1799 809 1600
f 1600 809 1027
f 809 1361 1027
f 1157 636 268
f 1157 53 636
f 838 1878 759
f 828 1878 838
f 1878 828 968
f 1878 260 759
f 260 1878 968
f 1489 1203 1142
f 1203 547 1142
f 547 1203 1489
f 1904 1020 934
f 1020 833 1337
f 621 1009 934
f 220 621 1337
f 621 123 1009
f 123 621 220
f 1020 621 934
f 621 1020 1337
f 538 1942 1594
f 538 1594 392
f 297 538 392
f 1198 899 1208
f 1198 1437 1272
f 1745 1198 1272
f 899 1198 1745
f 1087 1669 1208
f 1669 1087 1378
f 1669 1198 1208
f 461 1378 856
f 1834 461 856
f 1066 969 518
f 1442 1066 518
f 969 1066 1499
f 1958 1066 1155
f 1066 1958 1499
f 228 1677 1383
f 1139 228 390
f 228 1383 390
f 1677 395 1450
f 286 1487 392
f 1562 1275 650
f 1275 1569 650
f 1199 738 1376
f 738 1199 1742
f 1199 1434 312
f 1434 1199 1376
f 243 1199 312
f 1742 1199 243
f 1137 1461 242
f 242 1461 523
f 240 1441 1083
f 1441 414 1083
f 414 1441 1154
f 198 1982 347
f 382 1982 198
f 1982 382 32
f 347 1982 618
f 1982 32 618
f 213 835 656
f 835 213 585
f 1510 675 581
f 1854 675 1510
f 1012 675 843
f 675 1012 581
f 675 801 843
f 801 675 564
f 165 1517 1060
f 287 1517 369
f 1517 287 1060
f 1517 656 369
f 1138 974 1377
f 1138 1886 974
f 1886 1138 912
f 584 1138 1377
f 912 1138 584
f 989 905 1748
f 17 989 1748
f 989 1548 905
f 989 17 1706
f 1548 989 1706
f 1140 269 479
f 1851 269 1796
f 269 1140 1796
f 425 1966 796
f 1966 425 1424
f 1787 1966 1424
f 1966 1548 1706
f 1966 1787 905
f 1548 1966 905
f 1746 1966 1706
f 796 1966 1746
f 451 1509 988
f 1626 842 145
f 1509 842 1626
f 842 1509 451
f 13 451 988
f 13 988 1377
f 13 1126 602
f 730 13 1377
f 1126 13 730
f 13 602 145
f 842 13 145
f 13 842 451
f 1135 1133 1260
f 1135 1036 314
f 851 1135 314
f 1135 851 1898
f 1133 1135 1898
f 966 1449 1029
f 1319 1449 966
f 1927 1449 203
f 1449 1927 1029
f 610 1010 1602
f 1602 1010 122
f 1010 635 122
f 1691 573 1389
f 1691 610 573
f 1691 1010 610
f 1711 167 1239
f 167 1711 488
f 757 78 389
f 838 78 1499
f 389 78 838
f 78 969 1499
f 1346 466 166
f 1954 1346 166
f 466 1346 1891
f 861 1954 235
f 751 861 235
f 861 882 1829
f 861 751 882
f 1783 1335 1257
f 1335 1783 422
f 207 1180 468
f 591 207 468
f 1180 207 166
f 1750 1019 474
f 270 394 1205
f 394 270 1597
f 270 1860 1597
f 1597 1860 928
f 1860 1587 928
f 143 1599 251
f 1638 1599 143
f 1599 916 251
f 916 1599 1917
f 1599 398 1917
f 82 712 365
f 1638 82 365
f 712 82 1205
f 1028 1731 1396
f 1678 1731 1028
f 1396 1731 1490
f 854 1678 206
f 854 996 1127
f 996 854 206
f 1964 1673 484
f 288 1964 484
f 1964 682 285
f 1964 1292 682
f 1964 288 1292
f 971 834 933
f 1571 834 1981
f 834 1767 1981
f 846 1349 498
f 947 846 498
f 846 1437 1076
f 846 947 1437
f 1995 542 305
f 54 542 1081
f 542 1995 1081
f 1828 54 1846
f 173 1828 1846
f 1828 173 1400
f 1006 1828 1400
f 760 1085 933
f 834 760 933
f 411 760 1571
f 760 834 1571
f 1817 346 1400
f 346 1817 1835
f 173 1817 1400
f 1817 173 427
f 1817 427 97
f 1835 1817 97
f 300 1281 1174
f 944 502 498
f 1281 502 944
f 502 1281 300
f 701 1322 773
f 1263 701 773
f 1011 1263 773
f 1011 1646 293
f 1011 293 492
f 1263 1011 492
f 1646 1011 1558
f 1558 1011 1721
f 1011 773 1721
f 1290 1145 445
f 1145 1290 309
f 1145 1882 445
f 1145 1430 1882
f 1145 309 659
f 1430 1145 659
f 1457 649 1488
f 507 1457 349
f 1457 1488 349
f 1457 507 1390
f 649 1457 1390
f 544 1072 501
f 1072 728 1002
f 227 1598 501
f 1598 544 501
f 1598 1718 544
f 1598 227 1816
f 481 1598 1816
f 1144 544 635
f 1144 1072 544
f 1072 1144 728
f 400 1110 259
f 728 1110 1002
f 1110 728 259
f 1110 1072 1002
f 1110 400 501
f 1072 1110 501
f 756 580 1112
f 580 756 1621
f 580 1621 501
f 580 1319 1112
f 580 501 203
f 1449 580 203
f 580 1449 1319
f 49 1031 1315
f 49 1992 1031
f 49 1113 852
f 49 852 1893
f 1992 49 1893
f 1113 49 1431
f 49 491 1431
f 49 1315 491
f 1435 806 1315
f 1717 1435 1315
f 1435 1717 806
f 12 1078 367
f 1017 12 367
f 1078 12 672
f 12 1565 672
f 12 1017 1565
f 890 1105 562
f 1105 890 632
f 562 1105 955
f 1105 341 955
f 341 1105 632
f 264 1798 892
f 371 264 892
f 1798 264 1114
f 264 371 1114
f 1413 553 403
f 371 553 1413
f 553 371 892
f 1082 553 892
f 553 902 1276
f 553 1082 902
f 72 226 509
f 226 72 1372
f 226 877 509
f 226 1372 877
f 1951 1122 987
f 608 1951 987
f 1444 149 775
f 74 1444 775
f 1444 74 431
f 1528 35 509
f 431 35 1528
f 74 35 431
f 1926 647 397
f 1926 997 1547
f 997 1926 397
f 1221 1926 1547
f 647 1926 1221
f 1795 997 397
f 1795 1661 1792
f 1661 1795 397
f 1479 1795 1792
f 997 1795 1479
f 1402 428 735
f 683 1402 735
f 1402 683 1526
f 1402 1652 428
f 211 556 1212
f 556 189 1212
f 556 211 1303
f 994 316 15
f 189 994 15
f 45 723 1754
f 723 214 253
f 723 253 487
f 1433 723 487
f 1754 723 1433
f 214 1925 1303
f 1925 1885 1303
f 1925 45 399
f 1925 399 661
f 723 1925 214
f 1925 723 45
f 652 1925 661
f 1885 1925 652
f 1647 751 235
f 1647 235 984
f 1975 1831 1243
f 239 836 1181
f 836 1647 984
f 1647 836 246
f 836 700 246
f 836 239 700
f 1576 1392 1818
f 634 1576 1818
f 1576 634 1392
f 1279 183 1033
f 1279 1033 1376
f 1074 1279 1376
f 607 1692 183
f 607 1074 1594
f 1117 607 1594
f 1692 607 1117
f 754 132 1365
f 754 1365 93
f 360 754 93
f 754 1253 423
f 754 360 1253
f 1120 1128 1358
f 1128 374 1358
f 754 1190 132
f 1190 48 1832
f 1990 1190 1832
f 1512 407 832
f 336 407 1512
f 407 1484 832
f 407 1454 1484
f 1454 407 1049
f 407 336 1049
f 1660 1422 1839
f 1660 336 1512
f 5 1660 1839
f 1049 1660 5
f 336 1660 1049
f 1195 1512 1170
f 1422 1195 1170
f 1195 1660 1512
f 1660 1195 1422
f 310 385 354
f 385 310 1167
f 913 1723 1161
f 1723 913 1412
f 1242 913 1161
f 1412 913 1227
f 913 1870 1227
f 913 1242 1870
f 707 1242 1161
f 707 1089 1242
f 1352 707 1161
f 1089 707 1352
f 1610 1882 150
f 1089 1610 1242
f 1882 1610 445
f 1610 1089 445
f 1239 1610 150
f 1393 693 679
f 1393 869 693
f 1393 1656 1995
f 1393 1995 305
f 869 1393 305
f 1368 415 627
f 627 415 587
f 415 124 587
f 124 415 1004
f 415 633 1004
f 819 1501 633
f 415 819 633
f 819 415 1368
f 819 1368 1656
f 1501 819 1656
f 1589 1430 659
f 1643 1589 659
f 1200 1589 1643
f 350 1589 1200
f 1589 350 1430
f 1649 10 1898
f 1192 1649 1898
f 1649 1336 10
f 1336 1649 1191
f 1649 1192 1191
f 353 1023 1172
f 1023 1129 1172
f 1023 353 1852
f 1129 1023 1852
f 1730 1194 1516
f 789 1730 1516
f 77 1730 550
f 1730 77 1194
f 1730 691 550
f 1730 789 691
f 1855 1338 777
f 1855 1379 1338
f 1178 1855 777
f 1506 1855 1178
f 1379 1855 1506
f 1266 1403 1712
f 386 1266 1712
f 1266 805 1403
f 805 1266 306
f 1588 1603 1300
f 1588 1515 1331
f 1588 638 1148
f 638 1588 1300
f 1729 1588 1148
f 1515 1588 1729
f 1283 1588 1331
f 1603 1588 1283
f 533 1100 494
f 1116 533 494
f 533 440 1300
f 533 1564 440
f 472 362 1763
f 219 472 1763
f 472 219 1603
f 362 472 1289
f 472 1603 1289
f 1498 1397 1148
f 638 1498 1148
f 1564 447 440
f 447 1564 1273
f 447 638 440
f 447 1498 638
f 1273 130 763
f 1564 130 1273
f 763 130 761
f 741 1480 1494
f 741 495 1729
f 559 741 1729
f 741 559 1480
f 990 232 36
f 495 990 36
f 741 990 495
f 232 990 1494
f 990 741 1494
f 245 36 75
f 245 495 36
f 1130 245 75
f 1077 245 1130
f 495 245 1077
f 1348 1580 1957
f 402 1580 1348
f 1580 559 1957
f 4 1039 1684
f 971 4 1684
f 1039 171 1662
f 171 1584 1662
f 1584 171 1090
f 4 171 1039
f 1090 171 971
f 171 4 971
f 847 1039 1662
f 1210 121 708
f 1064 1210 708
f 121 1210 574
f 1210 1064 1460
f 1210 1735 574
f 1735 1210 1460
f 900 1344 1619
f 900 866 1930
f 1344 900 1930
f 939 1249 1736
f 1249 1971 1736
f 1391 1840 780
f 1821 1840 1391
f 1840 402 780
f 1840 1580 402
f 1580 1840 559
f 559 1840 1480
f 1840 1821 1480
f 1162 1080 1084
f 1080 1460 1084
f 1735 1080 272
f 1080 1735 1460
f 1080 780 272
f 1080 396 780
f 1080 1162 622
f 1080 622 508
f 396 1080 508
f 1715 1696 1883
f 1045 1715 1883
f 1715 1045 439
f 1344 1715 439
f 1715 1344 1696
f 1381 1779 1809
f 1381 1466 1779
f 1421 1381 1809
f 1381 1421 1107
f 1924 1381 1107
f 1466 1381 1924
f 1572 1787 1424
f 1572 1424 1632
f 65 1572 1632
f 1787 1572 905
f 905 1572 1748
f 1572 65 1748
f 1752 1236 1539
f 241 1236 187
f 1236 1752 187
f 1069 1046 764
f 1069 1347 1184
f 1347 1069 764
f 1069 855 1046
f 1056 1069 1184
f 855 1069 1056
f 1046 1468 764
f 1468 791 764
f 791 1468 241
f 1468 1236 241
f 711 1752 1539
f 1752 711 982
f 1612 359 605
f 1592 1612 605
f 359 1612 496
f 1612 1592 496
f 1780 1240 614
f 1453 1240 1780
f 1707 805 1790
f 1707 1790 1079
f 1707 257 1403
f 805 1707 1403
f 257 1707 1015
f 1910 306 818
f 1910 805 306
f 805 1910 1790
f 1910 1059 381
f 1059 1910 818
f 1910 381 1079
f 1790 1910 1079
f 1123 1903 1507
f 368 1123 1507
f 1123 262 1439
f 1903 1123 1439
f 262 1123 1719
f 1123 1102 1719
f 1123 368 1102
f 1507 937 335
f 1903 937 1507
f 937 1903 1439
f 1665 937 1439
f 937 237 335
f 937 1665 237
f 184 874 1102
f 368 184 1102
f 874 184 1923
f 184 1037 1923
f 1068 1596 1967
f 1639 1596 1068
f 1596 1639 1310
f 1440 1256 503
f 1440 1340 787
f 1340 1440 503
f 1459 1440 1508
f 1440 787 1508
f 1440 1459 694
f 1256 1440 694
f 1772 1815 1103
f 1815 1772 191
f 1815 278 1103
f 1815 225 278
f 1595 1557 191
f 1557 1815 191
f 1815 1557 225
f 1557 1595 1781
f 225 1557 1781
f 941 1353 1056
f 941 1056 1184
f 294 941 1184
f 1626 941 294
f 941 1626 145
f 1353 1713 29
f 1713 941 145
f 941 1713 1353
f 454 1157 268
f 454 1139 390
f 1157 454 390
f 53 615 373
f 1157 615 53
f 373 615 486
f 615 1530 486
f 833 1884 412
f 1020 1884 833
f 1884 1020 1904
f 1884 1904 1946
f 170 1241 1942
f 538 170 1942
f 1241 170 1586
f 170 538 1586
f 538 1702 1586
f 1702 538 297
f 1702 518 1586
f 1702 297 518
f 1743 1669 1378
f 461 1743 1378
f 1743 461 277
f 1685 1834 110
f 1685 461 1834
f 1209 625 40
f 625 1209 558
f 1146 1209 40
f 558 1209 1146
f 204 221 1934
f 204 1314 221
f 625 204 40
f 204 236 40
f 236 204 1934
f 228 829 1677
f 395 829 776
f 829 395 1677
f 571 395 776
f 395 571 1771
f 1284 571 776
f 571 1284 1771
f 1171 1066 1442
f 1284 1171 1442
f 1171 1284 776
f 1171 1354 1066
f 829 1171 776
f 1171 829 1354
f 582 286 1771
f 1284 582 1771
f 582 1284 1442
f 319 1275 1562
f 1275 319 1141
f 529 319 1562
f 1141 319 529
f 1201 1141 1450
f 395 1201 1450
f 1201 395 1771
f 286 1201 1771
f 1569 1201 392
f 1201 286 392
f 114 784 1137
f 784 1461 1137
f 784 114 523
f 1461 784 523
f 1182 1441 240
f 1182 670 761
f 670 1182 240
f 1550 1182 761
f 713 1182 1550
f 1939 1182 713
f 1182 1939 1555
f 1441 1125 1154
f 1154 1125 1099
f 1125 1182 1555
f 1182 1125 1441
f 1125 1086 1099
f 1125 1555 1086
f 408 213 656
f 1517 408 656
f 408 1517 165
f 721 165 564
f 213 721 585
f 721 408 165
f 408 721 213
f 675 1690 564
f 1690 675 1854
f 1690 1854 585
f 1690 721 564
f 721 1690 585
f 1482 1749 956
f 1749 1482 479
f 269 1749 479
f 1509 744 988
f 744 584 1377
f 988 744 1377
f 744 1851 584
f 744 1509 1851
f 1259 1135 1260
f 1135 1259 1036
f 1259 1260 548
f 1036 1259 548
f 521 1144 635
f 1144 521 728
f 1010 546 635
f 1691 546 1010
f 1870 1513 679
f 1513 167 488
f 1235 1762 969
f 78 1235 969
f 1235 757 1762
f 1235 78 757
f 1976 1346 1954
f 861 1976 1954
f 1346 1976 1891
f 1976 1829 1891
f 1976 861 1829
f 235 348 984
f 698 830 422
f 830 698 1475
f 1475 698 468
f 698 591 468
f 313 1948 1019
f 1750 313 1019
f 736 313 1750
f 1948 736 143
f 313 736 1948
f 460 270 1205
f 460 1860 270
f 82 460 1205
f 1599 1426 398
f 398 1426 91
f 1426 224 91
f 1426 1599 1638
f 224 1426 365
f 1426 1638 365
f 1731 1804 1490
f 1804 1731 1678
f 1804 1127 1490
f 1804 854 1127
f 854 1804 1678
f 1252 971 1684
f 1252 834 971
f 1039 1252 1684
f 847 1252 1039
f 655 625 558
f 1767 655 558
f 834 655 1767
f 715 846 1076
f 1481 715 1076
f 1006 289 646
f 289 715 646
f 715 289 846
f 289 1006 1349
f 846 289 1349
f 1370 542 54
f 1828 1370 54
f 1370 1006 646
f 1370 1828 1006
f 346 1222 944
f 1222 1281 944
f 1281 1222 1174
f 1222 1813 1174
f 1222 346 1813
f 599 502 300
f 599 300 1085
f 502 599 498
f 760 599 1085
f 599 760 411
f 599 1571 498
f 599 411 1571
f 1922 1263 1697
f 1922 701 1263
f 1167 1922 1697
f 701 1922 1322
f 1322 1922 831
f 1922 1175 831
f 1922 1167 1175
f 857 481 413
f 583 857 413
f 1718 857 583
f 857 1598 481
f 1598 857 1718
f 544 914 635
f 1718 914 544
f 635 914 122
f 914 583 122
f 914 1718 583
f 553 1720 403
f 1720 553 1276
f 1720 1073 403
f 567 1720 1276
f 1073 1720 567
f 1978 431 1122
f 1951 1978 1122
f 1978 1444 431
f 770 1428 794
f 770 1363 1428
f 1179 770 794
f 770 1179 983
f 1268 72 509
f 35 1268 509
f 72 1268 775
f 1268 74 775
f 1268 35 74
f 1652 660 1668
f 1402 660 1652
f 660 1402 1526
f 660 1526 1935
f 660 1935 483
f 660 519 1668
f 519 660 483
f 52 556 1303
f 556 52 189
f 994 52 1303
f 52 994 189
f 1885 356 1303
f 356 994 1303
f 1647 1111 751
f 1111 1647 246
f 1831 1111 246
f 1975 1111 1831
f 1279 534 183
f 534 1279 1074
f 534 607 183
f 607 534 1074
f 1091 754 423
f 462 1091 423
f 48 1091 462
f 1190 1091 48
f 1091 1190 754
f 1305 1446 360
f 1446 118 360
f 374 1446 1305
f 1128 1446 374
f 1446 1128 118
f 118 883 360
f 883 340 360
f 883 1853 340
f 1853 883 285
f 18 1128 1120
f 1128 18 71
f 71 18 168
f 18 1625 168
f 18 1120 1625
f 1769 1990 363
f 1769 1190 1990
f 1769 308 1491
f 1769 363 1536
f 308 1769 1536
f 676 1422 1170
f 1422 676 1375
f 929 522 1375
f 676 929 1375
f 929 676 310
f 1311 234 1465
f 1311 1398 234
f 1656 1158 488
f 1393 1158 1656
f 1158 1513 488
f 1158 1393 679
f 1513 1158 679
f 306 845 386
f 845 1266 386
f 1266 845 306
f 1546 1603 1100
f 533 1546 1100
f 1603 1546 1300
f 1546 533 1300
f 1573 533 1116
f 533 1573 1564
f 1573 1116 761
f 130 1573 761
f 1573 130 1564
f 1498 304 1397
f 433 304 1861
f 304 433 1397
f 1318 847 1662
f 1318 210 221
f 1314 1318 221
f 847 1318 1314
f 1318 1662 1024
f 210 1318 1024
f 866 781 1394
f 900 781 866
f 1394 781 939
f 781 1877 939
f 1971 3 1568
f 1249 3 1971
f 1568 3 939
f 3 1249 939
f 1448 1040 1634
f 1634 1040 893
f 1101 1040 1448
f 1040 1101 131
f 1040 131 1611
f 1040 263 893
f 1040 1611 263
f 855 808 1046
f 808 1468 1046
f 1468 808 1236
f 1236 808 1539
f 808 711 1539
f 711 808 855
f 273 1682 1420
f 1420 1682 1173
f 930 1682 557
f 1682 273 557
f 1682 1710 1173
f 1682 274 1710
f 1240 1054 614
f 262 1054 1079
f 1054 262 614
f 230 1240 1453
f 1054 230 1079
f 230 1054 1240
f 230 1707 1079
f 1707 230 1015
f 230 1929 1015
f 230 1453 1929
f 184 677 1037
f 677 184 368
f 677 368 1507
f 1037 677 1351
f 677 1507 1351
f 1973 192 1967
f 1596 1973 1967
f 192 1973 1544
f 1544 1973 1310
f 1973 1596 1310
f 1493 1340 29
f 1713 1493 29
f 1493 1713 145
f 1764 1383 412
f 1383 1764 390
f 1198 2000 1437
f 1437 2000 1076
f 2000 1481 1076
f 1262 1370 646
f 1370 1262 542
f 1669 799 1198
f 1743 799 1669
f 799 1743 277
f 2000 799 277
f 799 2000 1198
f 1794 1132 305
f 542 1794 305
f 1132 1794 110
f 1794 1685 110
f 461 1794 277
f 1685 1794 461
f 1066 1972 1155
f 1354 1972 1066
f 1972 250 1155
f 250 1972 268
f 1972 454 268
f 454 1972 1139
f 864 829 228
f 829 864 1354
f 864 228 1139
f 1972 864 1139
f 864 1972 1354
f 774 582 1442
f 582 774 286
f 774 1442 1487
f 286 774 1487
f 510 1275 1141
f 1201 510 1141
f 1275 510 1569
f 510 1201 1569
f 458 546 1691
f 458 1691 1389
f 458 521 635
f 546 458 635
f 728 458 1389
f 521 458 728
f 1513 323 167
f 1610 323 1242
f 1242 323 1870
f 323 1513 1870
f 167 323 1239
f 323 1610 1239
f 1309 1984 1257
f 1984 1309 928
f 1587 1984 928
f 736 1984 1587
f 1984 736 788
f 1438 1783 1257
f 1783 1438 591
f 1984 1438 1257
f 1438 1984 788
f 788 1567 596
f 1567 973 596
f 1567 736 1750
f 736 1567 788
f 1567 1750 474
f 689 836 984
f 348 689 984
f 1902 689 348
f 973 1902 596
f 689 1902 973
f 1783 1901 422
f 1901 698 422
f 1901 1783 591
f 698 1901 591
f 565 82 1638
f 565 460 82
f 565 1638 143
f 736 565 143
f 565 736 1587
f 1860 565 1587
f 460 565 1860
f 1252 1986 834
f 1986 655 834
f 1871 847 1314
f 1871 1252 847
f 1871 1986 1252
f 1978 1782 1444
f 1179 1782 983
f 149 1782 1312
f 1444 1782 149
f 1312 1782 794
f 1782 1179 794
f 994 1979 316
f 356 1979 994
f 1979 356 1885
f 316 1979 1537
f 1979 1885 652
f 1537 1979 443
f 1979 652 443
f 1111 1739 751
f 1739 1111 1975
f 751 1739 1243
f 1739 1975 1243
f 883 1092 285
f 1092 1964 285
f 1964 1092 1673
f 1190 38 132
f 1769 38 1190
f 38 1769 1491
f 38 1491 358
f 132 38 358
f 44 676 1170
f 676 44 310
f 1175 44 1170
f 1167 44 1175
f 310 44 1167
f 196 929 310
f 946 196 354
f 196 310 354
f 196 946 1398
f 1311 196 1398
f 929 1223 522
f 1223 8 1988
f 522 1223 1988
f 447 958 1498
f 958 304 1498
f 958 447 1273
f 958 1273 1861
f 304 958 1861
f 1877 1631 939
f 1631 1568 939
f 1631 781 900
f 781 1631 1877
f 1568 1631 1619
f 1631 900 1619
f 215 1448 956
f 215 1101 1448
f 1101 215 1851
f 1749 215 956
f 215 269 1851
f 215 1749 269
f 131 115 1611
f 1101 115 131
f 1611 115 294
f 1509 115 1851
f 115 1101 1851
f 115 1626 294
f 115 1509 1626
f 125 1682 930
f 125 711 855
f 602 1788 145
f 1788 1493 145
f 1933 1788 602
f 1788 1933 787
f 1340 1788 787
f 1493 1788 1340
f 338 615 1157
f 338 1157 390
f 1764 338 390
f 1794 812 277
f 812 1794 542
f 1262 1941 542
f 1941 812 542
f 812 1941 1481
f 1941 1262 646
f 715 1941 646
f 1941 715 1481
f 1607 788 596
f 1607 1438 788
f 1902 1607 596
f 1607 207 591
f 1438 1607 591
f 836 880 1181
f 689 880 836
f 1181 880 474
f 880 689 973
f 880 1567 474
f 1567 880 973
f 207 317 166
f 204 409 1314
f 409 1871 1314
f 685 1978 1951
f 685 1951 608
f 685 608 1516
f 1527 685 1516
f 301 770 983
f 685 301 1978
f 301 685 1527
f 1414 883 118
f 1414 1092 883
f 1128 1414 118
f 1414 71 156
f 1414 1128 71
f 1673 1217 1535
f 1092 1217 1673
f 1535 1217 1188
f 1217 156 1188
f 1217 1414 156
f 1414 1217 1092
f 524 196 1311
f 524 1311 1465
f 196 524 929
f 524 1223 929
f 1223 524 8
f 1999 524 1465
f 524 1999 8
f 711 1233 982
f 125 1233 711
f 982 1233 930
f 1233 125 930
f 772 855 1056
f 772 125 855
f 1353 772 1056
f 772 29 332
f 772 1353 29
f 338 516 615
f 516 338 1764
f 516 1764 412
f 1884 516 412
f 516 1884 1946
f 1530 516 1946
f 615 516 1530
f 2000 651 1481
f 651 812 1481
f 651 2000 277
f 812 651 277
f 1464 1902 348
f 317 1464 166
f 1464 348 235
f 1464 1954 166
f 1954 1464 235
f 76 1607 1902
f 1464 76 1902
f 76 1464 317
f 1607 76 207
f 76 317 207
f 1871 432 1986
f 409 432 1871
f 1986 432 655
f 655 432 625
f 432 204 625
f 432 409 204
f 1032 301 983
f 301 1032 1978
f 1782 1032 983
f 1032 1782 1978
f 301 758 770
f 758 301 1527
f 1363 758 1194
f 770 758 1363
f 1194 758 1516
f 758 1527 1516
f 125 1761 1682
f 772 1761 125
f 1682 1761 274
f 274 1761 332
f 1761 772 332
o Cracks
v -14.949048580246782 4.74558170598654 0.1
v -13.365125895071012 6.1190529250455326 0.1
v -13.336661009775339 4.593481128301457 0.1
v -13.291352515473974 4.610538965576238 0.1
v -14.207326711713986 5.110627675765851 0.1
l 2001 2002 2003 2004 2005
v -1.9675610203019538 -13.896209482318119 0.1
v -1.5582573158154727 -14.980848379760241 0.1
v -1.5856892572050871 -14.53100584687591 0.1
v -2.315634809282125 -14.565046300550087 0.1
v -1.411385077936624 -14.970407486437384 0.1
l 2006 2007 2008 2009 2010
v 5.235181070607895 -5.387240177207169 0.1
v 4.89411852037187 -5.830328967935805 0.1
v 6.102981137491785 -4.393866743248036 0.1
v 5.8842077648769395 -5.606245764213291 0.1
v 5.921981308005565 -5.14532519923718 0.1
l 2011 2012 2013 2014 2015
v 13.474204568302152 -2.791088914662403 0.1
v 14.11061756818447 -2.213796778448657 0.1
v 14.161360486953875 -1.7620902442204227 0.1
v 12.564708068150136 -1.5159262207387436 0.1
v 12.45441475986941 -1.5606187261645712 0.1
l 2016 2017 2018 2019 2020
v 0.32588240686032255 -4.144339296704194 0.1
v 0.042481391190676066 -5.0594733748674345 0.1
v -1.2356625470268692 -4.469792012162465 0.1
v -0.8774974504098572 -3.8032025108136622 0.1
v -1.2278161170339188 -5.180505462722646 0.1
l 2021 2022 2023 2024 2025
v -5.46912372515306 12.598657515474128 0.1
v -5.358508263403818 11.121039897590949 0.1
v -6.744486045122318 11.73194416095188 0.1
v -6.172244276323327 12.649428544292753 0.1
v -5.629648015226338 11.128694043872393 0.1
l 2026 2027 2028 2029 2030
v 10.749666095425356 1.8251468110228706 0.1
v 9.61450537261749 1.0079098440539251 0.1
v 10.196787017580291 2.1314741391498906 0.1
v 9.337245280352509 1.4121234803382838 0.1
v 10.494270332899386 2.1931202929756646 0.1
l 2031 2032 2033 2034 2035
v -0.8874504065104101 15.179268540839326 0.1
v -1.707630840634696 14.715968853916854 0.1
v -0.4381983632880877 14.731611373869955 0.1
v -0.6821609703436167 14.16961498339701 0.1
v -1.4963622437818915 15.272120206480484 0.1
l 2036 2037 2038 2039 2040
v 0.23854845033680672 14.52828015525054 0.1
v -0.33304743099107137 15.206288693630258 0.1
v -0.35936186727312003 13.80024797254923 0.1
v 0.45028995392389337 14.7638614479543 0.1
v 0.34988228832449075 14.531064575847914 0.1
l 2041 2042 2043 2044 2045
v 8.406287512863642 -5.156809903482152 0.1
v 8.022547706198207 -6.831411527843476 0.1
v 9.355687198623103 -6.178619566786691 0.1
v 8.119614000504512 -6.221158561038131 0.1
v 8.905268378708664 -6.637372257120399 0.1
l 2046 2047 2048 2049 2050
v 9.549633124985283 -7.47938869545355 0.1
v 8.791946930529498 -7.849324472169503 0.1
v 8.425406112835931 -7.1114049814787865 0.1
v 9.951753139216116 -6.69996830066828 0.1
v 9.885111419071668 -6.241998169558036 0.1
l 2051 2052 2053 2054 2055
v -7.797490387455872 8.975672913547472 0.1
v -9.085074351254182 9.545669529607174 0.1
v -9.372835269676322 8.76734313648558 0.1
v -7.611136843868521 9.699385155519167 0.1
v -7.98719767104447 8.795668942847641 0.1
l 2056 2057 2058 2059 2060
v -2.7822751153386145 5.088552555834658 0.1
v -4.446108214161185 4.7529525811234965 0.1
v -4.038983690911963 6.288201271427796 0.1
v -3.532178584457154 5.961482943623622 0.1
v -3.0768749947186502 5.756040262539264 0.1
l 2061 2062 2063 2064 2065
v -4.753711530552972 9.707949936730579 0.1
v -3.5280745812797205 9.830406426945789 0.1
v -2.943491651211372 10.0209349938864 0.1
v -4.028933181372691 8.357844487102303 0.1
v -3.656332791544605 9.503041854551658 0.1
l 2066 2067 2068 2069 2070
v 3.940051563929144 -14.401116264498837 0.1
v 4.267068041440395 -13.638903496838159 0.1
v 2.512158117461761 -14.079917014159165 0.1
v 2.9301190949166744 -13.842556859748894 0.1
v 4.0510572590069325 -13.892275305811413 0.1
l 2071 2072 2073 2074 2075
v -10.317971123563762 -13.0667275207048 0.1
v -10.959307529569617 -11.3288658349883 0.1
v -9.311748610869188 -13.017743972817883 0.1
v -9.215824490109403 -11.952105215467581 0.1
v -10.773530783216978 -12.761410956081 0.1
l 2076 2077 2078 2079 2080
v -10.860499642218272 3.559633065881006 0.1
v -11.779771903686235 3.670554232828341 0.1
v -10.648691539933399 2.2320552206751785 0.1
v -10.799286023833705 3.170457209885956 0.1
v -11.966135124745023 2.804526513146974 0.1
l 2081 2082 2083 2084 2085
v 6.334961779825056 -2.4998560781284063 0.1
v 6.158317771880417 -2.7090873496644674 0.1
v 5.092755942890374 -2.5164973334964493 0.1
v 6.18913878130391 -2.772161156966447 0.1
v 5.727731618240051 -3.54235527620362 0.1
l 2086 2087 2088 2089 2090
v -13.08509554726841 3.0261738723588936 0.1
v -13.383850997613663 2.9764518580791837 0.1
v -13.808633466787018 2.4828483690450636 0.1
v -13.16667976659814 2.4373052870310454 0.1
v -13.140392028454434 3.526912194970767 0.1
l 2091 2092 2093 2094 2095
v -15.628247090090385 9.607422850839402 0.1
v -14.103516547376888 9.064748249319647 0.1
v -15.229926273700412 8.271988497497084 0.1
v -15.858588044242378 9.88363354051771 0.1
v -14.079869022076359 9.7620822387435 0.1
l 2096 2097 2098 2099 2100
v -13.591363454210489 -4.534136386497696 0.1
v -13.449448615550663 -6.148953001783359 0.1
v -14.083361135925102 -4.653862251480526 0.1
v -14.791985927753199 -5.498733226815336 0.1
v -14.248848192744045 -4.235637229061326 0.1
l 2101 2102 2103 2104 2105
v -14.715910938193154 6.916098993656031 0.1
v -14.130105505477834 7.6202514634346565 0.1
v -15.612054377040957 6.13670380881453 0.1
v -15.581832115274853 6.38448257358915 0.1
v -15.207871469407387 7.1636483114863125 0.1
l 2106 2107 2108 2109 2110
v 9.025864389493977 13.55838395995506 0.1
v 8.144694998978135 13.59059935866478 0.1
v 8.6519198858581 14.832261129488472 0.1
v 9.1505318911873 15.297814627316688 0.1
v 7.9627438090250315 14.089182103086454 0.1
l 2111 2112 2113 2114 2115
v -10.741657269847053 -2.70507418558896 0.1
v -10.752163912053998 -1.9858556372633853 0.1
v -11.377679350491631 -3.0715041413624333 0.1
v -10.984386087807568 -2.997073695168357 0.1
v -11.508567687653562 -2.694316560169249 0.1
l 2116 2117 2118 2119 2120
v 10.39905279017173 -13.27205586600068 0.1
v 9.55783183807463 -13.424313056152327 0.1
v 8.787987236223868 -12.610683305896329 0.1
v 8.80120538281578 -13.459932770970504 0.1
v 10.195131142873475 -13.442906861589986 0.1
l 2121 2122 2123 2124 2125
v 5.521534654857531 1.966115896612464 0.1
v 5.871751778649635 2.7146257990321345 0.1
v 5.520685956079261 2.589117185666307 0.1
v 4.587574650730512 2.62072867365741 0.1
v 5.485017532858813 3.2395395548496744 0.1
l 2126 2127 2128 2129 2130
v 13.388352709538768 -2.8314368700204082 0.1
v 15.18868364459308 -2.096336918120895 0.1
v 13.443437863320378 -3.6317984436591906 0.1
v 13.439533693425581 -2.1928881613345723 0.1
v 13.701619422692595 -2.775902517792524 0.1
l 2131 2132 2133 2134 2135
v 6.791848940261048 -7.104183643328702 0.1
v 7.358672971671061 -5.858851401476878 0.1
v 6.822355743187022 -7.38564538388846 0.1
v 8.26342893420728 -6.123705055340975 0.1
v 7.754043358567381 -6.470327167407752 0.1
l 2136 2137 2138 2139 2140
v -10.961559483664566 6.957154551203507 0.1
v -10.116937273581074 7.145647815321735 0.1
v -11.299922230829424 8.011989856347009 0.1
v -10.779099401518913 8.070669188786072 0.1
v -11.455102884675721 8.560466064803702 0.1
l 2141 2142 2143 2144 2145
v -11.596739554136194 -10.34157487390386 0.1
v -10.835394028029599 -10.535000921295092 0.1
v -10.500315644554485 -11.23764543836399 0.1
v -10.76526477998154 -10.76192207881018 0.1
v -10.5210381804939 -10.476515861589503 0.1
l 2146 2147 2148 2149 2150
v -0.8939132492016195 14.098888736605248 0.1
v -1.4806799470365974 14.3506859417519 0.1
v -1.942631497827317 14.217620751232896 0.1
v -0.9448968933619555 14.911084802034084 0.1
v -1.084941847857636 14.611951236902168 0.1
l 2151 2152 2153 2154 2155
v 0.5045206544590253 -9.238360049255808 0.1
v 1.2131466413130254 -8.123564149993225 0.1
v 0.8915999656938938 -8.998404391186904 0.1
v 0.5090151589468128 -8.734977308517905 0.1
v 1.4773369155479545 -8.221087538093101 0.1
l 2156 2157 2158 2159 2160
v 8.26404584907536 3.393965216927241 0.1
v 8.464813276352048 3.330824857324371 0.1
v 8.900263971672373 2.6523622053858844 0.1
v 9.186150062641703 4.260935917467929 0.1
v 9.128343570004107 3.2067145201597 0.1
l 2161 2162 2163 2164 2165
v 2.6650819256759855 -10.762824528619404 0.1
v 2.8546263979438544 -9.368735405052774 0.1
v 1.9159343890254386 -9.338572768409959 0.1
v 1.5955966789494296 -10.499514652612682 0.1
v 1.696566684282008 -9.927963657069323 0.1
l 2166 2167 2168 2169 2170
v -9.739179518439887 -10.787652409182554 0.1
v -9.049663684154888 -11.597908122986363 0.1
v -9.40254216069474 -10.917075737424708 0.1
v -9.221086341890123 -11.540702523110443 0.1
v -10.541935168104139 -10.972499820329157 0.1
l 2171 2172 2173 2174 2175
v -5.145079047557612 -14.136772065970348 0.1
v -5.168072481846288 -14.448545196021575 0.1
v -5.762424024822458 -14.96248123881385 0.1
v -6.100740512408971 -14.379231716704448 0.1
v -4.681687915987457 -13.866356986544218 0.1
l 2176 2177 2178 2179 2180
v -14.113579029648935 -12.816735076511918 0.1
v -13.758110658570482 -12.572790322062874 0.1
v -12.969954664464291 -12.22575149797056 0.1
v -12.916762579936004 -12.290009679173965 0.1
v -13.824549167769106 -12.701475743703543 0.1
l 2181 2182 2183 2184 2185
v 4.261870596106451 -10.405097302009457 0.1
v 4.5921059022904105 -10.343415913857083 0.1
v 5.775367168419221 -9.727232637820302 0.1
v 5.053754659900551 -10.748127313207549 0.1
v 5.167453370445028 -10.372127152887106 0.1
l 2186 2187 2188 2189 2190
v 0.542586144843554 12.385275762905469 0.1
v 2.030741391897851 12.93025491752927 0.1
v 0.869544923226387 13.045046529447859 0.1
v 1.8516081067096424 13.12854098166388 0.1
v 1.2025990631229706 13.571617491216907 0.1
l 2191 2192 2193 2194 2195
v 1.4107900076515547 -7.323837510775872 0.1
v 2.5716280900793924 -6.817558990720421 0.1
v 1.1468293906288656 -6.954176424791191 0.1
v 1.1783742543245683 -5.942167067111247 0.1
v 2.7596934019532533 -7.240589563625995 0.1
l 2196 2197 2198 2199 2200
v 12.543906786559768 -3.775210273087512 0.1
v 13.40922713067498 -4.255377204702357 0.1
v 11.600389468885208 -4.463989620910711 0.1
v 11.922753172486148 -4.781976371731583 0.1
v 12.454419365032647 -3.8151307858084644 0.1
l 2201 2202 2203 2204 2205
v 13.396201659662852 5.759759171540805 0.1
v 12.535619426361809 6.286418515218436 0.1
v 12.940165414946017 7.589307663087655 0.1
v 12.52055716434292 7.555978692569745 0.1
v 14.066334125374885 5.780369297399419 0.1
l 2206 2207 2208 2209 2210
v -12.291071278794693 -9.513982044778281 0.1
v -13.657640523652585 -10.349064889763476 0.1
v -12.68758485160887 -10.213145880627597 0.1
v -13.271388854973864 -9.225448344492948 0.1
v -13.665966071266253 -8.864754790944318 0.1
l 2211 2212 2213 2214 2215
v 0.3431102599950073 -7.754018758393088 0.1
v -0.947504339583354 -9.079462094587205 0.1
v -0.7627649625979205 -8.015219244632043 0.1
v -1.1619236649332907 -8.631928128491744 0.1
v -1.4282644671772982 -8.1170282569373 0.1
l 2216 2217 2218 2219 2220
v -12.677585969308334 -7.211332374473222 0.1
v -13.063647447038061 -7.972237259322047 0.1
v -12.234700018050232 -7.046122355493667 0.1
v -13.22679370252773 -7.959105154438828 0.1
v -13.139553055330627 -6.63471744494512 0.1
l 2221 2222 2223 2224 2225
v 4.992040547463012 -13.596010871590005 0.1
v 3.9577582812979566 -13.104370223405837 0.1
v 5.174897684426197 -12.878553767541463 0.1
v 4.751260944511505 -12.466806854099369 0.1
v 5.337157843400769 -12.806088066547286 0.1
l 2226 2227 2228 2229 2230
v -2.822876953491992 -8.293041185645999 0.1
v -2.3754642004393984 -8.379483169718926 0.1
v -3.905262355032291 -6.916312141263787 0.1
v -2.9840627721508666 -6.975721217920204 0.1
v -3.8639158361553068 -7.984454265681462 0.1
l 2231 2232 2233 2234 2235
v 10.52400176898145 -2.582228628714464 0.1
v 11.004688099486714 -2.712387603729609 0.1
v 12.4121926549048 -2.1216525484426034 0.1
v 12.287968382223573 -3.4464957155199496 0.1
v 10.742974597794486 -2.233593916692336 0.1
l 2236 2237 2238 2239 2240
v 7.9833215718588955 5.350322486014943 0.1
v 8.025836657081538 5.730648933189034 0.1
v 8.028738838356288 5.804087102211315 0.1
v 8.202631463494448 4.10878227993622 0.1
v 6.840850940979493 5.221140677859064 0.1
l 2241 2242 2243 2244 2245
v 10.229733458596813 13.734268283045738 0.1
v 11.414714531150242 13.486205055228568 0.1
v 11.835332951235694 14.98835116000015 0.1
v 10.206839008158912 14.604838303845955 0.1
v 10.601134438406646 14.436785460549956 0.1
l 2246 2247 2248 2249 2250
v -10.553249283087172 10.813101233213226 0.1
v -12.145615316323072 12.171122293529974 0.1
v -11.053243911876848 10.78314994644905 0.1
v -11.368321829963474 11.595337955404052 0.1
v -10.87670364567569 11.415062313626214 0.1
l 2251 2252 2253 2254 2255
v 5.879737982899572 -12.876889521159796 0.1
v 6.520587511264632 -13.526705192841412 0.1
v 6.378018980837541 -11.734499262353571 0.1
v 5.404532574196228 -11.774569987322794 0.1
v 6.519713028596321 -12.067084515693134 0.1
l 2256 2257 2258 2259 2260
v 4.241818260527619 -7.902401357184283 0.1
v 4.423509866512489 -8.988791652907704 0.1
v 3.04809758123867 -7.9713962246006735 0.1
v 4.8386820569870865 -8.664399393233232 0.1
v 4.896727572561215 -8.414918335978289 0.1
l 2261 2262 2263 2264 2265
v -4.96200810520722 -5.946379239032879 0.1
v -6.232884659496753 -4.493046724896646 0.1
v -6.515475097677016 -4.0815665677070365 0.1
v -5.269251592718822 -5.134355449728069 0.1
v -6.5757542870242265 -5.471887372828917 0.1
l 2266 2267 2268 2269 2270
v 5.774076054897059 2.8156382593111733 0.1
v 5.599607777796967 1.597204566981658 0.1
v 6.2567418156927666 1.336264795844581 0.1
v 7.111167355030675 1.2088080800749386 0.1
v 5.48202120327858 2.881454083413187 0.1
l 2271 2272 2273 2274 2275
v -7.084560264338382 3.9694286238770378 0.1
v -7.083293611686592 3.8464126579211477 0.1
v -7.5132668775684675 4.580897430953554 0.1
v -6.0106800861210665 3.683098723152188 0.1
v -6.117494557393277 3.829365962985917 0.1
l 2276 2277 2278 2279 2280
v -1.5380493783867109 -13.758834630848039 0.1
v -1.5335193172731858 -13.575148597369223 0.1
v -1.8810940366667326 -13.13730755979721 0.1
v -2.2637808350517274 -12.951497451682009 0.1
v -0.34036755467845925 -14.628007413131431 0.1
l 2281 2282 2283 2284 2285
v 8.78764692273331 -14.267912146158492 0.1
v 7.0106801555760345 -14.463502646210216 0.1
v 7.392734254596888 -14.682072300858955 0.1
v 8.349378256573338 -15.139577747314444 0.1
v 8.84120857942702 -15.19638413457823 0.1
l 2286 2287 2288 2289 2290
v -6.9894304317879765 7.624941909256886 0.1
v -7.31945345313703 7.502250403097031 0.1
v -7.409283216919798 7.695350084312192 0.1
v -6.864756821096031 6.336607557044763 0.1
v -7.334094021090092 8.239072583266505 0.1
l 2291 2292 2293 2294 2295
v 14.054257903813449 -6.1748723054174155 0.1
v 15.051174845397364 -5.346516059816139 0.1
v 15.328064564603988 -5.393726052636172 0.1
v 15.116197641204275 -7.171771946397743 0.1
v 14.803859197470764 -6.079799838092638 0.1
l 2296 2297 2298 2299 2300
v 6.432416942986736 0.025750315940868074 0.1
v 6.659054583737268 -0.13260943368917077 0.1
v 7.663636257843692 -0.26307361070272206 0.1
v 7.976910800281893 0.06984228971235162 0.1
v 7.605265923485543 0.027878264733830038 0.1
l 2301 2302 2303 2304 2305
v 10.327684948317987 12.183761613908217 0.1
v 11.14075445414888 13.0353416464982 0.1
v 11.698803777729378 12.062820793131056 0.1
v 11.955259204104419 13.168177741848643 0.1
v 11.49333648310448 12.57424521224337 0.1
l 2306 2307 2308 2309 2310
v 5.309522340530242 7.055720943740668 0.1
v 3.7012229849427385 7.626154051840229 0.1
v 3.918634128031033 8.52534088096347 0.1
v 5.671440834180931 8.016493015106946 0.1
v 5.558974618196483 8.839145033804739 0.1
l 2311 2312 2313 2314 2315
v -6.58816855823897 -11.021936568779982 0.1
v -7.665798327917569 -10.027051525618603 0.1
v -7.013059771581209 -10.36589502887278 0.1
v -7.379847205903063 -9.848070045031829 0.1
v -7.155258952439611 -11.162217611393986 0.1
l 2316 2317 2318 2319 2320
v -10.686111707324484 7.876998066978979 0.1
v -9.84724768679559 8.310108710922334 0.1
v -11.047643667103307 9.239502894358552 0.1
v -10.772770561071436 9.125546761688813 0.1
v -9.434636959544884 8.204995371569858 0.1
l 2321 2322 2323 2324 2325
v 1.331867323755059 2.5502623050770286 0.1
v 0.011167315216181528 2.90075729465081 0.1
v 0.6831033860477873 2.861685393473538 0.1
v 1.4795669003048277 1.3948799346310148 0.1
v 0.4490608388333157 3.2535864426265793 0.1
l 2326 2327 2328 2329 2330
v 6.944809423948873 0.4304998951106098 0.1
v 6.928735056943323 1.4411722357101202 0.1
v 7.712673079438517 0.263142541630619 0.1
v 6.36420796073463 0.661249574265955 0.1
v 6.547307641794802 0.17498160179551703 0.1
l 2331 2332 2333 2334 2335
v -3.717318546526071 -1.5729060992124249 0.1
v -4.236998591481865 -1.3956375604054356 0.1
v -4.475405647799705 -0.428411826001003 0.1
v -4.215340277877054 0.2992951173794782 0.1
v -4.071348973246675 -1.5015297174445552 0.1
l 2336 2337 2338 2339 2340
v 11.3247022589168 -15.619804089312918 0.1
v 11.985995491978485 -14.835578018634807 0.1
v 11.281368666134902 -15.116228158262368 0.1
v 11.988801442456934 -14.183310043698379 0.1
v 11.829912114034569 -14.597680004804587 0.1
l 2341 2342 2343 2344 2345
v 0.5699187897964413 14.987314418481015 0.1
v -0.674008979348991 13.936335154133674 0.1
v 0.3225650289640789 14.901299622162414 0.1
v -0.4056498514682958 14.511413225310296 0.1
v 0.8461382268944073 14.096478168722745 0.1
l 2346 2347 2348 2349 2350
v -2.838992027869569 7.699150619586725 0.1
v -4.043309904979849 9.046795345459213 0.1
v -4.24661863032411 8.535319851547438 0.1
v -3.3952271157428244 7.5372222031221785 0.1
v -4.151298553532843 8.480189960843754 0.1
l 2351 2352 2353 2354 2355
v 9.70041422119743 -9.60865914373315 0.1
v 8.574988764320587 -8.949294008279976 0.1
v 8.969338420047707 -9.064586244143909 0.1
v 9.521597581968965 -8.431874405772621 0.1
v 10.247129724525273 -8.419437313391752 0.1
l 2356 2357 2358 2359 2360
v -14.900473165446094 1.621750836293437 0.1
v -13.899928863453818 1.6656493412360323 0.1
v -13.504510135645457 0.9778885548399985 0.1
v -13.799557942958362 1.0117255207861184 0.1
v -13.450834857130218 0.7680153356950741 0.1
l 2361 2362 2363 2364 2365
v -5.713707598531137 -6.393399002934707 0.1
v -6.543890005546906 -5.3153855286322855 0.1
v -5.367443477083292 -5.195349789980956 0.1
v -5.715788886434251 -5.1572385745303535 0.1
v -5.831845940243683 -5.100630322045931 0.1
l 2366 2367 2368 2369 2370
v 3.3825243123723263 -3.7352038319089065 0.1
v 3.6666997556311456 -3.3913795131718603 0.1
v 3.6209957140764124 -5.126149495918978 0.1
v 2.846520360237015 -4.314240627531916 0.1
v 3.918669352335857 -4.742757248289914 0.1
l 2371 2372 2373 2374 2375
v -2.4703892030596712 -6.201788336192403 0.1
v -2.8700759474518356 -7.007200205208772 0.1
v -2.768158582513351 -6.34778395778127 0.1
v -3.0580920148711517 -7.659619624993023 0.1
v -3.370071397487056 -6.730363302819668 0.1
l 2376 2377 2378 2379 2380
v 8.119954967534 9.193829939704134 0.1
v 7.70704770887183 8.322612361727405 0.1
v 7.825154029828714 9.084002579897044 0.1
v 6.181725272670981 9.02645844544732 0.1
v 7.148652858493671 8.886967840402878 0.1
l 2381 2382 2383 2384 2385
v -7.082929921306346 -2.9993971581746863 0.1
v -7.55359693889595 -3.613494299558943 0.1
v -6.7628235140854684 -3.832038818764176 0.1
v -7.904499596585882 -4.015605280356571 0.1
v -8.059805890722386 -4.236579342662688 0.1
l 2386 2387 2388 2389 2390
v -0.19032814427278355 10.244233465279022 0.1
v -0.1467803329453259 10.25589303919964 0.1
v 0.7006184399759801 8.705202322016296 0.1
v -0.11097336110563805 8.485879961121459 0.1
v -1.1270251689786221 9.4052824183714 0.1
l 2391 2392 2393 2394 2395
v -6.6850351556411045 -13.747294048104692 0.1
v -7.296282882360655 -12.76285271001502 0.1
v -7.0271059911789555 -13.878462782092129 0.1
v -7.151247995144477 -12.829733364070844 0.1
v -6.930677541068925 -14.61788070033589 0.1
l 2396 2397 2398 2399 2400
v -5.84322737409616 -6.697669250095039 0.1
v -4.898179564364685 -7.632131890994202 0.1
v -4.744019269477421 -5.983919895071853 0.1
v -6.026199087512215 -7.484367574815977 0.1
v -5.158046327697696 -7.526822844928116 0.1
l 2401 2402 2403 2404 2405
v -9.502891968404692 -6.4182429936697964 0.1
v -10.53317171123864 -7.644081307780404 0.1
v -10.182711890842251 -6.695898090779924 0.1
v -9.223828495728265 -6.089986649889443 0.1
v -9.822459372043658 -7.593847425482684 0.1
l 2406 2407 2408 2409 2410
v -12.719460397692185 -12.813996649798659 0.1
v -12.01639540959446 -12.843694603507656 0.1
v -13.533149398517791 -12.892587759903147 0.1
v -12.18308571800271 -12.35837110049639 0.1
v -12.715734263120343 -12.753887596097249 0.1
l 2411 2412 2413 2414 2415
v -9.10769866168406 -4.873623079715065 0.1
v -7.847928737044851 -5.259147745259012 0.1
v -8.835358126874365 -5.011697155074635 0.1
v -8.03783428924636 -5.070031601003752 0.1
v -9.587492844482664 -4.11833374978375 0.1
l 2416 2417 2418 2419 2420
v -11.146064734916571 11.515280498724762 0.1
v -10.165347197954818 9.818924330105714 0.1
v -10.548034387331397 9.854316559009355 0.1
v -10.524691144341144 9.790931530682762 0.1
v -11.03054419057402 9.79685297982138 0.1
l 2421 2422 2423 2424 2425
v 0.957984183284248 1.0266411111358404 0.1
v -0.8452394675716999 2.1187808633554255 0.1
v 0.5624799236660156 1.199133957480033 0.1
v 0.39827592129600076 0.9221561122094226 0.1
v 1.1052656322696526 2.1421569956356294 0.1
l 2426 2427 2428 2429 2430
v 7.464683661555681 10.553487670603452 0.1
v 8.156596540655631 10.832969901673248 0.1
v 6.912960880390225 11.344136381844615 0.1
v 8.4301971197429 10.30748073701535 0.1
v 7.398216220488529 9.97609295814105 0.1
l 2431 2432 2433 2434 2435
v 9.58231073060483 -11.143009687514596 0.1
v 9.412961563162993 -12.016475362311134 0.1
v 10.769351639205205 -10.807246402834595 0.1
v 11.191257926768959 -10.226161976139174 0.1
v 9.541535749617083 -11.935493794443966 0.1
l 2436 2437 2438 2439 2440
v 10.817455558205829 7.548529634272797 0.1
v 9.758892675266042 8.891634357579965 0.1
v 9.986250363574621 8.858187479473486 0.1
v 10.284865830018711 7.297797780174206 0.1
v 9.361175083274846 8.294491455627082 0.1
l 2441 2442 2443 2444 2445
v 6.378064758436961 -3.897552942051695 0.1
v 7.4994250261191375 -3.8586190561488127 0.1
v 6.4470925389449905 -4.283485484224773 0.1
v 6.363620929045654 -4.035517817745933 0.1
v 6.6060053761005975 -4.892336911223459 0.1
l 2446 2447 2448 2449 2450
v 1.895205779033906 11.185462183122455 0.1
v 0.2398021304328628 11.14926511215539 0.1
v 0.7426576599488672 10.41630641642861 0.1
v 1.2872867304114255 10.643187989890343 0.1
v 2.102357405666284 10.159271404704336 0.1
l 2451 2452 2453 2454 2455
v -5.195782584499993 7.406603720876872 0.1
v -4.102930078630621 8.126679923166401 0.1
v -4.188598534421413 6.844064726327364 0.1
v -4.21871261884368 6.926911570427861 0.1
v -5.494809059644155 8.074276929524718 0.1
l 2456 2457 2458 2459 2460
v -3.6500872677958927 -4.662142446295008 0.1
v -2.8399606096295322 -5.235901601319207 0.1
v -2.85853927191795 -4.116497874636433 0.1
v -3.824849781474933 -4.464862157186707 0.1
v -2.5298277674707723 -3.589950853315587 0.1
l 2461 2462 2463 2464 2465
v -2.8657196237791194 -12.318237453012834 0.1
v -2.4476273748004322 -12.844427192234873 0.1
v -3.288150945171183 -11.982440255647266 0.1
v -1.952015345694772 -12.40405629381189 0.1
v -2.4959823443037887 -11.921259366509812 0.1
l 2466 2467 2468 2469 2470
v 0.6388756157892279 -0.23831424671692392 0.1
v -0.5245435872049027 -0.4436501489894482 0.1
v 0.9159146269637763 0.16831362353294566 0.1
v -0.615828930431533 0.9575579898685009 0.1
v -0.08379695250373875 -0.3592289960404025 0.1
l 2471 2472 2473 2474 2475
v 3.7424833936776887 -4.015056321553543 0.1
v 3.9454014188414654 -3.6993085287781593 0.1
v 3.373368218099036 -3.9827150991606093 0.1
v 2.7286764230530336 -3.929979808381825 0.1
v 3.353753138776037 -3.4827251800922396 0.1
l 2476 2477 2478 2479 2480
v -10.978898649627393 -6.729058055970054 0.1
v -9.290477122507008 -7.025473932913148 0.1
v -9.877484976767066 -5.477156969662825 0.1
v -10.416071413606335 -6.401742664551017 0.1
v -10.18248518517229 -5.867708707912998 0.1
l 2481 2482 2483 2484 2485
v 1.7720417488521456 10.029830093361486 0.1
v 2.6594414022166486 10.58791266589001 0.1
v 3.2450132480620217 11.119686188663582 0.1
v 2.244238026503806 11.090385926366505 0.1
v 1.7533025871549888 9.518934776541338 0.1
l 2486 2487 2488 2489 2490
v -14.169908595879965 -0.49157263014081387 0.1
v -14.108900753977835 0.6338283777121196 0.1
v -14.306262163706984 0.18322067529210395 0.1
v -12.955980920588411 1.1315002615577512 0.1
v -13.133939079159536 -0.22403855427885788 0.1
l 2491 2492 2493 2494 2495
v -13.415406348878216 4.864291618656294 0.1
v -13.030678615451045 3.867441102840046 0.1
v -13.675280997911775 3.2798305455997863 0.1
v -13.355044319707144 4.64359807852445 0.1
v -14.019518980384575 4.648781012994014 0.1
l 2496 2497 2498 2499 2500
v -13.833311330985456 -4.9203369832670845 0.1
v -14.789352302665812 -6.505494484950367 0.1
v -14.547886521420253 -6.646220445814085 0.1
v -14.587691432704347 -6.436269536815925 0.1
v -14.633595289919267 -5.764891188299584 0.1
l 2501 2502 2503 2504 2505
v -6.024126248801289 3.1326421356900305 0.1
v -5.499035091059216 1.2144764935187546 0.1
v -5.788282588965173 1.371095388423787 0.1
v -6.035062120071332 3.1683928693293932 0.1
v -5.711997513000017 2.3715926069284765 0.1
l 2506 2507 2508 2509 2510
v 12.89742064415881 9.829375777038496 0.1
v 11.172915007448612 9.935591123592054 0.1
v 11.68276947486886 10.065396479566887 0.1
v 11.865910280389063 9.681665439773301 0.1
v 11.794912582005605 9.687197332642983 0.1
l 2511 2512 2513 2514 2515
v -8.262258700925834 5.093678202167187 0.1
v -8.095364604566493 4.6893382186993895 0.1
v -7.1441113884701775 5.254145767721294 0.1
v -7.951541902342314 4.405741512436861 0.1
v -8.199960728768271 3.476207120930167 0.1
l 2516 2517 2518 2519 2520
v 6.547696749863616 12.036370549661509 0.1
v 4.967600040862296 11.546386024680574 0.1
v 6.42127613226755 11.604675817829115 0.1
v 5.88002235149392 12.524701493862075 0.1
v 5.099597117117065 11.606002554939504 0.1
l 2521 2522 2523 2524 2525
v -9.955613350880252 12.04653394743996 0.1
v -10.002082089937694 12.114494648434949 0.1
v -9.593959583377565 11.267926757681535 0.1
v -9.656875227363937 11.076156646374779 0.1
v -10.15156994632288 12.100164100892053 0.1
l 2526 2527 2528 2529 2530
v 11.336500738416143 14.404749182672179 0.1
v 11.419419776127603 15.320496741331022 0.1
v 10.405375819842055 13.683442681319546 0.1
v 10.457369670405114 14.507757156447699 0.1
v 11.403853191056418 15.529862747249462 0.1
l 2531 2532 2533 2534 2535
v 5.505423446414352 10.29951951382683 0.1
v 5.505565098501416 9.658887209566252 0.1
v 5.6584186919229 8.63559831166458 0.1
v 5.367107491489156 9.915230997737401 0.1
v 5.1030270348182345 9.64165799419118 0.1
l 2536 2537 2538 2539 2540
v 15.148013306502468 7.643341117381674 0.1
v 15.127276178597995 7.528078129533768 0.1
v 14.491398599251136 8.30430642118477 0.1
v 15.273262450532256 8.159332712142229 0.1
v 15.591975918427792 9.469743953830235 0.1
l 2541 2542 2543 2544 2545
v -14.827341736741326 14.082273545568682 0.1
v -13.318459610563302 14.57017232572887 0.1
v -13.371864348224715 13.780927345330879 0.1
v -14.78802074840342 13.47240187249276 0.1
v -13.795330013496228 14.497291253217604 0.1
l 2546 2547 2548 2549 2550
v 8.40392518927388 1.6825161516805955 0.1
v 8.354499369653672 2.745450706345016 0.1
v 8.439610190935552 2.7698836911086877 0.1
v 7.771354360610779 2.0251523277094687 0.1
v 8.695325432857128 2.9252448563758433 0.1
l 2551 2552 2553 2554 2555
v -7.757982158991735 -13.094774323764106 0.1
v -8.755234879459127 -14.530742815779973 0.1
v -8.542717986068578 -14.211288506702234 0.1
v -7.74713887621816 -13.654888664441897 0.1
v -8.474032188139958 -13.933323090974111 0.1
l 2556 2557 2558 2559 2560
v 1.76739682820852 6.384888163955017 0.1
v 1.6966716664591202 5.729764754707652 0.1
v 2.4012052727034687 5.20554391998812 0.1
v 2.8695641647156953 6.171074945276332 0.1
v 3.05020907362588 5.7460704239813545 0.1
l 2561 2562 2563 2564 2565
v -12.289867605770846 2.9388027609961496 0.1
v -11.658244579580629 3.764968902801348 0.1
v -11.60013331686423 2.6686284310640556 0.1
v -11.31781258966273 2.638745794491505 0.1
v -13.170572533704675 3.6994660737937797 0.1
l 2566 2567 2568 2569 2570
v -1.194709769457223 -12.66087972483297 0.1
v 0.151280536228529 -14.176330471347791 0.1
v -0.8541143328879286 -13.417505804547526 0.1
v -1.1292454387265602 -12.444373810215733 0.1
v 0.18151579982518284 -13.737252787200589 0.1
l 2571 2572 2573 2574 2575
v 2.26873940283708 6.958199479850919 0.1
v 1.9001595476650002 5.898207635016562 0.1
v 3.0419341040911787 6.520680341800621 0.1
v 3.630348013066954 6.278740121868117 0.1
v 2.7619291120789446 7.141558971374999 0.1
l 2576 2577 2578 2579 2580
v -6.659364666835639 -3.7082768242166595 0.1
v -8.44602641584701 -4.317268288203964 0.1
v -7.50030258636186 -2.938023256145317 0.1
v -7.703384167793091 -2.6343985004388197 0.1
v -6.660326617307196 -2.626931921902931 0.1
l 2581 2582 2583 2584 2585
v 12.968803471201419 -9.75685616778547 0.1
v 13.279752977121445 -9.674316231773322 0.1
v 12.527792593244866 -9.852989085777047 0.1
v 14.43521090365875 -9.781522777786725 0.1
v 13.146192009161055 -11.359729681265142 0.1
l 2586 2587 2588 2589 2590
v -6.963328276809279 14.487678520977843 0.1
v -5.94198130548294 15.109270697385794 0.1
v -5.840315016816208 14.184979984753669 0.1
v -6.254365576626493 15.006619453120098 0.1
v -7.046921162242814 14.612485746500774 0.1
l 2591 2592 2593 2594 2595
v -12.704762127524818 -12.97153459454401 0.1
v -12.784188923066319 -13.56008579745803 0.1
v -13.487545911266654 -12.512842508848607 0.1
v -13.020346922355156 -13.089779588220395 0.1
v -13.425414810566668 -14.018379849098029 0.1
l 2596 2597 2598 2599 2600
v -5.603736205834452 5.5769795331603715 0.1
v -6.89327011080265 4.784888835592604 0.1
v -6.115512037781318 4.8534206367001005 0.1
v -6.146234804719053 6.160780154405376 0.1
v -5.689249587819286 6.344999619345989 0.1
l 2601 2602 2603 2604 2605
v -7.7669933829425215 -6.794421614949492 0.1
v -6.3846582006758945 -6.006081953577819 0.1
v -6.318590542350812 -5.431974667577553 0.1
v -7.655389787770725 -5.27060218934205 0.1
v -7.457939912168823 -6.335452732971587 0.1
l 2606 2607 2608 2609 2610
v -2.936472171245131 -4.833891343113511 0.1
v -1.8984547800417102 -6.334051732149479 0.1
v -2.105147962991459 -5.515905281658582 0.1
v -3.7341609622336147 -4.556270391701489 0.1
v -2.7958474165654614 -5.618917742063143 0.1
l 2611 2612 2613 2614 2615
v -11.753663901128306 -10.565184849468144 0.1
v -10.89726536360811 -10.055350234047067 0.1
v -10.333215932824487 -10.678394387783575 0.1
v -10.67552082617849 -10.128480745007947 0.1
v -10.501141360930303 -10.56288854050416 0.1
l 2616 2617 2618 2619 2620
v 4.263796279189332 4.591233024118418 0.1
v 4.674705333743505 5.146841616910024 0.1
v 4.762585670496866 4.936821115560925 0.1
v 5.6194102948753075 5.853318933551181 0.1
v 5.557611302859643 6.149337365118127 0.1
l 2621 2622 2623 2624 2625
v -6.493788573691734 -8.016205526270902 0.1
v -6.862558531189674 -8.8552207271897 0.1
v -4.926489634819221 -9.35369834826591 0.1
v -6.649751882293359 -8.222014724211732 0.1
v -5.864321572359946 -8.933129805648262 0.1
l 2626 2627 2628 2629 2630
v 7.873534278641459 -9.40406337972479 0.1
v 7.781665005306561 -8.599741663503318 0.1
v 6.414845734307842 -9.56691772858187 0.1
v 7.429150409887811 -8.3100708350307 0.1
v 6.641348002896095 -10.006418176214721 0.1
l 2631 2632 2633 2634 2635
v 6.491296599385834 -9.705816987267397 0.1
v 6.437295372249273 -8.611036821576786 0.1
v 6.416627029133249 -8.331972013325899 0.1
v 6.362551862629761 -8.075174693404243 0.1
v 6.254561052046216 -8.753496911807426 0.1
l 2636 2637 2638 2639 2640
v 13.572554353692569 5.87612237816092 0.1
v 13.68056909284897 6.2759127850643734 0.1
v 13.785232919300253 5.864976765929363 0.1
v 12.4560356616549 5.996404607968916 0.1
v 12.80962317442086 5.86662154735335 0.1
l 2641 2642 2643 2644 2645
v 6.8616368744915315 -11.389537461143101 0.1
v 7.431699479569758 -10.952335396526385 0.1
v 6.6235009855259 -11.428974229933472 0.1
v 7.603457336748295 -11.70507593731128 0.1
v 6.3576645751439145 -11.388508917074192 0.1
l 2646 2647 2648 2649 2650
v -5.716926117504377 3.19623486408954 0.1
v -4.771815011973419 3.941071616394117 0.1
v -6.207259704323264 2.5679443349814814 0.1
v -5.490464617868098 4.342349936666788 0.1
v -5.3300908174470685 2.661880635023741 0.1
l 2651 2652 2653 2654 2655
v -7.6813947509815526 6.713899816039522 0.1
v -7.6019721767559725 7.923761933017729 0.1
v -6.729209171294657 7.904796724237894 0.1
v -7.300887436660545 7.436997272973285 0.1
v -8.299132734296775 7.69241421126463 0.1
l 2656 2657 2658 2659 2660
v -8.829591091860244 -4.31919819890532 0.1
v -9.383427573342876 -5.192522407122295 0.1
v -8.589885500817894 -4.966599007808833 0.1
v -8.175635133906667 -5.2324590674456095 0.1
v -8.661161530447897 -4.916518717690269 0.1
l 2661 2662 2663 2664 2665
v -9.187272978183296 -2.207076716635534 0.1
v -8.969746214780884 -1.352476222840914 0.1
v -8.60261030727604 -1.8695376806993562 0.1
v -9.366684926536303 -1.4085424788313108 0.1
v -9.550814155630787 -2.163706830501349 0.1
l 2666 2667 2668 2669 2670
v -3.2118690370759126 3.32679421089166 0.1
v -4.952007553360185 2.6289535984626595 0.1
v -4.740405240195629 4.146805292102136 0.1
v -3.0697426600095925 3.202313083556061 0.1
v -4.418894853389066 4.152759943406359 0.1
l 2671 2672 2673 2674 2675
v 1.8329589947345 -5.675513466021268 0.1
v 1.2206910749099669 -7.161281981584556 0.1
v 2.283695182309466 -6.12207160072551 0.1
v 1.281797340429231 -6.9656067230622245 0.1
v 1.8593998402026224 -5.635418906544042 0.1
l 2676 2677 2678 2679 2680
v 5.129008955768459 5.257973117999043 0.1
v 5.612736751526162 3.6160111369357892 0.1
v 5.901806074690661 4.9263938023593665 0.1
v 4.278557859231496 3.8195797669264455 0.1
v 5.300492642486592 4.199552957682257 0.1
l 2681 2682 2683 2684 2685
v 7.486684348920548 13.843290162038851 0.1
v 7.052574808036482 14.05697461970685 0.1
v 6.936745163299054 14.974014246943732 0.1
v 6.388642014763763 13.612178301188107 0.1
v 7.220706634300364 15.080269014692476 0.1
l 2686 2687 2688 2689 2690
v -7.741751210599671 4.027837681370752 0.1
v -6.501135316893363 5.724196488544477 0.1
v -7.297198158767003 5.518962193314383 0.1
v -7.338771642562174 4.012434172850827 0.1
v -7.250078802271042 4.300310284765859 0.1
l 2691 2692 2693 2694 2695
v 4.610926108710146 -2.7370635660363396 0.1
v 4.189018822502706 -3.925288637950068 0.1
v 3.179172688854453 -3.4781002100795977 0.1
v 3.2849264510083307 -2.7670830374929025 0.1
v 3.8072938299152135 -4.0301825264912505 0.1
l 2696 2697 2698 2699 2700
v -6.186022346962735 -0.5650027902608088 0.1
v -4.590795462193307 0.5327968274790815 0.1
v -6.053961428503953 -0.7349549102006017 0.1
v -4.535713627129545 0.9158406773416305 0.1
v -5.83944805333502 0.6861006631144286 0.1
l 2701 2702 2703 2704 2705
v -1.8009316696823303 9.326301148034748 0.1
v -1.7171863484683105 10.214992163225395 0.1
v -0.8504163142811956 9.311367579687898 0.1
v -1.5383259597932875 8.398821363711011 0.1
v -0.6058235563824699 8.975917865512788 0.1
l 2706 2707 2708 2709 2710
v -1.421720746988093 -3.657252100977195 0.1
v -1.5563643175075195 -4.0900312845659865 0.1
v -2.0026793823022286 -4.534260752511239 0.1
v -2.0697934536092655 -4.325008933161914 0.1
v -1.7813551482632843 -4.500716597974963 0.1
l 2711 2712 2713 2714 2715
v -5.383359843738033 -13.277700482403551 0.1
v -6.095018332940153 -14.639485173070602 0.1
v -4.851867459118468 -14.217918569070449 0.1
v -5.938066828706985 -13.4119904137163 0.1
v -5.876263527804335 -13.457086751173186 0.1
l 2716 2717 2718 2719 2720
v 1.4835967049206449 -9.73785173661217 0.1
v 1.0358672892106808 -9.034175785453169 0.1
v 1.5921668621234129 -9.943405004344767 0.1
v 1.7393291756041234 -10.180762086470622 0.1
v 2.6372687669880115 -9.734380732992548 0.1
l 2721 2722 2723 2724 2725
v -3.189568375307082 13.253361639017765 0.1
v -2.824085821923462 13.572164723258163 0.1
v -3.724579377750424 14.037250359143444 0.1
v -4.180181199285357 14.211998664005858 0.1
v -4.627191445603806 13.285596149908255 0.1
l 2726 2727 2728 2729 2730
v -8.971992297480192 3.176128693364315 0.1
v -8.386754422370032 3.3378045118943573 0.1
v -8.763149188513133 3.844421705729065 0.1
v -8.202323299620522 2.7184741999400903 0.1
v -7.995021749926093 3.0113788249040203 0.1
l 2731 2732 2733 2734 2735
v -10.538609709554818 6.020079585481406 0.1
v -12.392041124564145 6.172448212009208 0.1
v -11.60016295814209 6.959317020926896 0.1
v -12.117370477084732 6.314335379439433 0.1
v -12.44087949883102 5.795119856211214 0.1
l 2736 2737 2738 2739 2740
v 14.670648097616406 -8.711887407131197 0.1
v 15.003963741890667 -7.741012489844798 0.1
v 14.844904163837057 -7.131283269676964 0.1
v 14.24234137040829 -6.9937918577482945 0.1
v 15.530609308359919 -7.102443764130123 0.1
l 2741 2742 2743 2744 2745
v 3.490199178070919 -5.184399189581051 0.1
v 2.793476834887138 -6.002024721552465 0.1
v 3.0414936738871132 -6.074355843774918 0.1
v 3.307012669609345 -6.03475893879161 0.1
v 2.2880980283800545 -5.380803908404638 0.1
l 2746 2747 2748 2749 2750
v 10.079899705284829 1.3490794779910869 0.1
v 10.445154947777398 0.8779783384628188 0.1
v 9.721036841972856 2.4908852004228224 0.1
v 8.829547145601108 1.1516202928689785 0.1
v 9.184113245724316 2.6511922477601884 0.1
l 2751 2752 2753 2754 2755
v -1.9344487296049058 13.105173285387371 0.1
v -2.458922900381869 11.692875865507386 0.1
v -1.0621745077155316 12.025694010500784 0.1
v -0.7103629625823333 12.924214150271272 0.1
v -2.3058515799068173 13.494253955884048 0.1
l 2756 2757 2758 2759 2760
v 5.15664305506398 6.302844381523439 0.1
v 3.910529263415993 7.6258394271214085 0.1
v 4.648069071821963 6.993527320294431 0.1
v 3.9271091144647294 6.973541583827496 0.1
v 5.699108756622996 6.3212596359019155 0.1
l 2761 2762 2763 2764 2765
v -0.5675917963782275 8.229619502123079 0.1
v -0.542738595384678 7.488594481400128 0.1
v -0.3460273362128188 7.173340003686728 0.1
v -0.09094865600675583 8.111135027735008 0.1
v 0.1287885707946812 7.025701360658547 0.1
l 2766 2767 2768 2769 2770
v -14.522698140433835 -12.940175978421612 0.1
v -14.268509389474817 -13.637899846061615 0.1
v -14.611355741767817 -13.397356346289357 0.1
v -13.865983457417347 -13.419187855236217 0.1
v -14.262955100263692 -13.150112170403306 0.1
l 2771 2772 2773 2774 2775
v -0.2260159646481552 -4.201669421942746 0.1
v 0.6758190186694875 -4.617935592392769 0.1
v 0.8097794189852461 -4.083779088106785 0.1
v 1.5500005333410203 -5.283293136734422 0.1
v 0.5146556347750353 -4.668912959818639 0.1
l 2776 2777 2778 2779 2780
v 3.528200247109062 8.567289645754553 0.1
v 2.5719657451004876 8.800572150512911 0.1
v 2.0564636542504626 7.702920245113949 0.1
v 3.692400302966915 7.8841743810206975 0.1
v 3.7105339122320937 9.009295566820839 0.1
l 2781 2782 2783 2784 2785
v -14.030288930761854 3.1393595415726137 0.1
v -13.547701718305078 2.075087470110411 0.1
v -14.184899623770367 2.9842187603163763 0.1
v -13.025581430082031 1.447867059125653 0.1
v -13.553572197281014 1.930492450693912 0.1
l 2786 2787 2788 2789 2790
v 0.7084901874811533 -13.967148214874468 0.1
v -0.2300838690613256 -15.601357198031407 0.1
v 0.26856805975994225 -14.221813318988344 0.1
v 0.7871399448379179 -15.671685097805508 0.1
v -0.4038283218426659 -15.207154029243252 0.1
l 2791 2792 2793 2794 2795
v -12.995966921019669 -14.117951558479936 0.1
v -13.831643579208277 -15.341616813041703 0.1
v -13.852682255529375 -14.008847826385685 0.1
v -13.839717016055829 -15.095603660791072 0.1
v -12.719810956932493 -14.036880715568325 0.1
l 2796 2797 2798 2799 2800
v 8.664966560996135 4.424762776448226 0.1
v 9.22595970304856 6.016715036403792 0.1
v 8.860823830525218 4.983421716632824 0.1
v 9.707891487664849 6.304663219639333 0.1
v 10.244498919767167 4.487716085071471 0.1
l 2801 2802 2803 2804 2805
v 1.4310055157327102 1.3875549967592407 0.1
v 1.2788710138417554 2.2955812840347565 0.1
v 1.7299282919868142 2.8416631942706987 0.1
v 0.878093437667383 1.3051617266596214 0.1
v 0.9504988692471865 2.02705772455972 0.1
l 2806 2807 2808 2809 2810
v 2.798060424729929 -1.254088419059692 0.1
v 1.536741226206736 -2.2640051195672264 0.1
v 2.9605560898154444 -1.3007929936942464 0.1
v 1.9933685821708476 -1.4658799910947111 0.1
v 2.7121600526903666 -0.8984803235989858 0.1
l 2811 2812 2813 2814 2815
v -14.618839579857635 3.423322852252844 0.1
v -13.636640623503158 2.537085194824405 0.1
v -14.560350961971166 3.154391859078459 0.1
v -13.440112156024792 2.7882153493938135 0.1
v -13.896450342597614 3.2066766778360156 0.1
l 2816 2817 2818 2819 2820
v 14.807416417381802 -13.843786296691738 0.1
v 15.193370651000043 -14.775294800783337 0.1
v 14.711414712836719 -14.285977556028795 0.1
v 13.934739255198087 -14.48810113479434 0.1
v 14.25084569622401 -14.582621623104833 0.1
l 2821 2822 2823 2824 2825
v 10.368883612893622 -3.844620908665452 0.1
v 10.097834916059162 -3.5242035558988265 0.1
v 9.87540536422472 -4.245690208774953 0.1
v 9.711408974984973 -4.6540872947499015 0.1
v 10.19153323631765 -5.020721951814123 0.1
l 2826 2827 2828 2829 2830
v -1.6206151841452245 -7.3508513251341805 0.1
v -1.8565491602905353 -7.578929773539382 0.1
v -1.4931548611101053 -6.910356106421261 0.1
v -0.765904517561317 -7.970821920510162 0.1
v -1.6969825901339994 -8.580359858808995 0.1
l 2831 2832 2833 2834 2835
