# Cyvl Generated CAD Model
o Street_Mesh
v 9.14051180833485 -8.36840499099344 0.0
v 9.942334355786443 2.2455260530114174 0.0
v 3.8030966701335274 9.324787255376577 0.0
v 14.72594474174548 -6.162722015753388 0.0
v -5.5437755001476035 -2.359247677028179 0.0
v -4.440227985265665 -14.490101863630116 0.0
v -9.740710344922263 8.033896720036864 0.0
v -5.267171635583509 -11.638914377428591 0.0
v -1.1485953268129379 -12.029957589693367 0.0
v 12.179713124525733 -8.314774836413562 0.0
v 6.325263378443196 -7.613713248632848 0.0
v -11.277364112436771 0.7836282644420862 0.0
v 5.31264898419613 -6.4209666438400745 0.0
v 3.7407378285424784 -6.3624047711491585 0.0
v -5.7129162676865235 -6.612261015921831 0.0
v 1.0929538519121706 14.566655712202191 0.0
v 12.058104186144192 -3.1883798660710454 0.0
v 6.973926154023502 -4.146994531154633 0.0
v -2.2420253929449245 12.744243103079498 0.0
v -14.655073117872234 2.5352502297610044 0.0
v -6.199058049009182 -2.51931007578969 0.0
v -4.108265798946377 1.4008460585027933 0.0
v 7.862224199983757 4.989348347298801 0.0
v 6.982527033134829 -10.53521053865552 0.0
v 4.315849175443873 14.823598131537437 0.0
v 4.360316317761317 -12.722871966660023 0.0
v 7.035500659083482 -12.539434498175979 0.0
v -3.0560584328486584 -4.0583579847589135 0.0
v 2.2017419629264623 -6.895761018618941 0.0
v 11.129046308691613 0.8228529309853911 0.0
v -10.98486274969764 11.782156756147742 0.0
v 13.336258511058986 -14.520605432800949 0.0
v 1.0424929594737478 -2.2073906268924475 0.0
v -11.558322147873696 4.044964725151658 0.0
v 2.313772296765819 -0.9739330681040883 0.0
v 13.623077419120818 -13.951350133866072 0.0
v -1.4877702600788325 -4.778946425765753 0.0
v -6.02503820869606 -12.37088346388191 0.0
v -4.426318362937309 -14.298746736720204 0.0
v 1.5064744577975944 -11.395066290162504 0.0
v -0.08299697894835845 -0.20760746765881777 0.0
v 7.277391679643188 -7.889677730388939 0.0
v 14.70061081647873 8.95654767099768 0.0
v 4.304582442971878 -1.6195666827261448 0.0
v 4.0926827967050485 3.765064736828208 0.0
v -5.16104402061319 12.983987924642861 0.0
v 3.8253111538942903 -11.920327769592404 0.0
v 7.335954732436221 -7.624481471255422 0.0
v 9.993169008055702 13.61803973838687 0.0
v -14.72684011689853 -3.8218941455706954 0.0
v -10.71659576438833 -7.614964189939201 0.0
v 9.969881966302637 -10.347314146347344 0.0
v -14.789675585692748 -14.34181634709239 0.0
v 12.022293793852441 -1.161962446756661 0.0
v 1.4782955229165964 -2.3330827252939343 0.0
v 4.732857912429608 5.221433060243726 0.0
v -5.087213475315366 -12.412567782215774 0.0
v 6.430148113693576 1.566828933544457 0.0
v -1.91430167586077 -9.656556393951178 0.0
v 3.320655011688359 8.163991549052298 0.0
v 8.911145705904346 1.507093365304172 0.0
v 4.941874067066237 -4.233676400966942 0.0
v -13.736119793902617 -5.072439149022102 0.0
v -3.0703822202631272 -4.3274272652342916 0.0
v -12.850036529416684 7.418115386739373 0.0
v 11.903430374281015 3.494937446899712 0.0
v 0.6568008398753591 -8.951042093336582 0.0
v -11.508182460907847 -0.5752755366265774 0.0
v 10.902057630533818 -14.931096011772752 0.0
v -3.827984122559428 -0.04946263786405325 0.0
v 1.3073395896935835 3.0517815398052335 0.0
v 2.0063757310272194 -5.620893080718815 0.0
v -11.502451831533108 12.768599168397486 0.0
v 3.406914769380819 9.103538634255528 0.0
v 5.415594707883429 3.5118078012019396 0.0
v 0.05805216898443177 0.40548095665872097 0.0
v -9.957680519088171 6.496084627695382 0.0
v 4.661900614213664 -2.5831663087010384 0.0
v -13.251976605679374 6.613046736456454 0.0
v -14.192009403486736 -4.323484379798174 0.0
v -4.729373574315105 11.973104872740805 0.0
v 9.522405797848478 10.761284610256553 0.0
v -13.509396623645443 -7.236770893447101 0.0
v -10.111022993165534 -3.245382678695023 0.0
v 14.709009382582735 -2.879576130770147 0.0
v -0.505622444616165 11.32438609097153 0.0
v 12.055729518819135 10.554271597415209 0.0
v 1.5110038249986246 -3.263705676421523 0.0
v 7.3703380188089795 7.758632463403046 0.0
v 8.395421736699063 11.381290841847658 0.0
v -1.9453465643455274 -5.380681159906089 0.0
v 1.652113727235701 10.361407769843936 0.0
v 0.8488152131903917 4.230841542594135 0.0
v -11.2444195789285 12.691810434684157 0.0
v 13.287894200650044 5.0012032892555 0.0
v 13.926968398271129 4.887830269522965 0.0
v 11.356091408175416 9.251239029690623 0.0
v -12.309163321275264 -2.092452162876725 0.0
v -8.51520403381437 5.461428738199174 0.0
v -12.923447052016854 1.7784711942076683 0.0
v 10.697818328859285 6.683643263764679 0.0
v 6.66364148852881 10.893362754955888 0.0
v 13.939172813727055 -6.8376288171857595 0.0
v -6.291615453956183 0.13969479966908693 0.0
v -13.527388689341024 5.740795531310141 0.0
v 6.962281142477877 10.710479597561061 0.0
v 6.715766011097003 2.149853619746864 0.0
v 13.940933265083004 -5.877736440859735 0.0
v 1.2432645327644423 -3.5795513736084104 0.0
v 1.8147342259762809 5.747013113461435 0.0
v -12.439460459107067 -1.6154496213421226 0.0
v 6.191744990821462 -9.025469293817878 0.0
v -10.712853596254718 -14.825119441375136 0.0
v 10.012047603726387 -7.994906944222748 0.0
v 12.123543498048093 -8.161173100583255 0.0
v 6.800988035160117 2.1875203168019652 0.0
v 14.629445372382179 7.709985309280455 0.0
v -2.98311797354836 2.5705767208710313 0.0
v 3.06761919130804 -13.045446092262864 0.0
v 10.851345812843647 -5.886037011630833 0.0
v -3.0225873353192583 -3.7585479794070125 0.0
v -4.623891783878207 -1.1724216844886541 0.0
v 8.549281671235804 8.965431984513998 0.0
v 13.1061779371812 -12.0297757294029 0.0
v 12.443472630751785 -7.88853934686631 0.0
v 13.968725209124386 -1.4285580813884735 0.0
v -3.698316041729413 -0.08092463575303555 0.0
v 6.865747157193255 13.222428414970636 0.0
v -10.854698981740512 8.599745880812407 0.0
v 8.720974382653367 10.923601237125695 0.0
v 6.653575910255313 0.11240674927830696 0.0
v -13.950023259501904 -9.391043622046709 0.0
v -8.785125242429785 -9.183728087693453 0.0
v -10.507348967075814 -13.966906405985355 0.0
v 13.915054078330286 12.177745915949345 0.0
v -4.294378650607541 -8.756433065980673 0.0
v -8.997862653166521 -13.36637185048312 0.0
v 7.646130293433089 8.225883610546589 0.0
v -1.6515819230116904 -6.050732670351863 0.0
v -12.327663257194217 13.2926876693964 0.0
v 9.171337680250872 -5.147018055431545 0.0
v -11.356010959192645 -8.14100628811866 0.0
v 6.86553274927428 -1.4578498974442482 0.0
v 6.3691486999741755 12.570914899930358 0.0
v -7.52494067850057 -13.801659063436091 0.0
v -11.209203120029997 1.33645976241678 0.0
v 7.0011698574526235 11.539480853825808 0.0
v -8.773619385145139 -11.508770745247602 0.0
v -7.943061810918152 -3.250043062493205 0.0
v 3.621277062688023 2.8261414915323257 0.0
v 14.903753408929333 -3.6297974195331335 0.0
v 10.772486126283184 -7.205871752463281 0.0
v 10.032605765329208 -11.924590422771871 0.0
v 5.202163018810097 12.689742603339255 0.0
v -1.8572533446131274 -6.357539356686175 0.0
v 4.2981626450200565 12.473152532242239 0.0
v -11.212586511392146 11.549746349453926 0.0
v 2.4504706999869086 -0.13724427297711372 0.0
v -14.761911822424736 13.80429617036134 0.0
v -13.93241216725437 0.777270476333797 0.0
v -3.6792134213610552 0.7335460288450122 0.0
v -9.411675397655927 -5.5680002281442285 0.0
v -9.340595878602471 3.3043373730033636 0.0
v 13.303766579250805 -10.43397006765008 0.0
v -8.181080362235662 9.907093471847475 0.0
v -14.340519937453791 1.939960635267198 0.0
v -12.73709630209487 -0.5254259901121259 0.0
v -6.797357179573737 -8.973954315297306 0.0
v 5.400938592734747 -1.2068928377702832 0.0
v -7.9263339672470465 6.836583343334496 0.0
v -8.506572429323569 -1.7960250973701477 0.0
v -13.478353187791072 -3.9808362862095237 0.0
v 8.753274943621363 -12.899514249525964 0.0
v -14.005930427345447 -13.355804909020662 0.0
v -13.221999057161156 -11.484299120493233 0.0
v 3.2133618405205198 14.678015869110823 0.0
v -8.434033984492999 2.7327173054218292 0.0
v 3.0711215984774753 -11.42127336282283 0.0
v -5.655366599501576 5.781774871982634 0.0
v 9.177421930304263 7.774102468974888 0.0
v -5.475721559836529 10.420729663223028 0.0
v 8.909923199564219 -0.863802102394402 0.0
v -9.136173455568496 2.2239010659977794 0.0
v 8.928529819648247 -6.55465844552964 0.0
v 5.767384519451298 9.81335842423141 0.0
v 14.447198685316835 -6.47055493388325 0.0
v -3.8038328286493197 -8.117080349475145 0.0
v 2.2146968425950035 0.5740445544943213 0.0
v 3.3929111074539833 -13.860951324924827 0.0
v -5.953582932124846 11.938742062076926 0.0
v -14.346063409931958 6.8031512117013335 0.0
v 12.598082286072895 6.760757992044091 0.0
v 6.725295751297381 -1.6932008685544133 0.0
v 2.55475448211655 6.198255463503301 0.0
v 6.012676612066571 8.80500771664083 0.0
v -1.9574746461585164 7.441766390576959 0.0
v 8.850619142060168 14.692851938307285 0.0
v -4.083381846663542 -2.056630647741258 0.0
v -8.947563259396702 -11.324818039312959 0.0
v 9.026533247029874 6.463716978207231 0.0
v 0.9123559383442625 9.894881322048604 0.0
v 12.20633765187813 -6.314737829379737 0.0
v -14.951218347880058 8.429735159501433 0.0
v -10.504038003040478 13.206970633938909 0.0
v -9.35586430481635 8.123344361782074 0.0
v -7.078336284554098 2.1208451371639967 0.0
v -4.327500683953986 4.438278139568865 0.0
v 3.9214101108373143 -6.067870117723942 0.0
v 1.6694162485655397 1.3777988301590085 0.0
v -2.684164898528252 -7.611554030328989 0.0
v -0.05827896826667711 3.528749443590641 0.0
v -4.1160285659716465 -10.57398603670299 0.0
v -14.07869218767155 6.110945880413055 0.0
v -8.825149722222704 -5.790920407511294 0.0
v -11.768850066291634 12.566701002418995 0.0
v -11.740007689630147 13.741890053264797 0.0
v 3.2948841205216013 1.2865526210516691 0.0
v 14.246645918174181 13.164782821200788 0.0
v -3.004685855587013 0.0751928137615323 0.0
v 2.6172587663168088 1.046933514997363 0.0
v 6.668769681593403 1.8843184225261211 0.0
v -4.618370482989121 9.488977455534041 0.0
v -13.71407197980443 -1.795428218320012 0.0
v -6.01365374494344 7.8927542343735695 0.0
v 9.69769911817275 12.34785276837647 0.0
v 13.281068196112756 -5.049551202915609 0.0
v 6.388474739156663 -11.405808426439762 0.0
v 8.856238236476202 10.305153857916594 0.0
v 3.260657840408385 3.7406946485862136 0.0
v 9.794158580712974 -4.1020283894613385 0.0
v -5.42289151501609 -1.476868917234242 0.0
v 7.672336168703623 -6.5705925384536386 0.0
v 14.807762703916524 10.584388747811317 0.0
v -10.84393504250329 -14.90779799874872 0.0
v 6.4752625886467285 -9.634536090306938 0.0
v -2.462350176763721 -13.64987746346742 0.0
v 10.237485258665401 8.555329777300358 0.0
v -6.655658439209219 -0.3199143595993519 0.0
v -14.721241097548045 -13.254422922618687 0.0
v 10.965404950664379 -11.293010653927922 0.0
v 4.208555191347841 -9.56729082018137 0.0
v -8.676075722731184 11.085174203850329 0.0
v 6.692551079904661 14.476729760877788 0.0
v -5.343740411510225 13.464546665549278 0.0
v 13.621826787362806 -14.986096870154142 0.0
v -4.728795943025034 -2.02123037353158 0.0
v -13.741284176241606 -11.302438229322433 0.0
v 3.9028281366918236 12.114417552947998 0.0
v 14.812291297770571 -6.508477759547532 0.0
v -2.718362148734741 -12.120814436115324 0.0
v 11.1031597838155 3.833997629582882 0.0
v -11.48002873902442 6.937768940813839 0.0
v -12.56113114557229 8.388552933000028 0.0
v -6.693132088170387 -8.598918304778636 0.0
v 13.115812770090997 -11.62055557128042 0.0
v -8.745066362025682 12.97709889523685 0.0
v 10.913884173438419 -13.178846194408834 0.0
v -9.979223743721377 11.831216340884566 0.0
v -6.4791452084318735 9.531332770362496 0.0
v -9.951871065655723 -10.345394412055612 0.0
v -14.717892744462006 10.366354438476264 0.0
v -10.634506329428405 4.0441976096481085 0.0
v 11.701172058878 14.333811865188181 0.0
v -2.0311856901389547 -13.44054304715246 0.0
v 12.037865066085942 12.33669802825898 0.0
v 7.448202307685278 9.302685862407088 0.0
v -6.456813179887831 -1.2782127549871802 0.0
v -2.582945680245757 -2.9089387636631727 0.0
v -1.5043519117753021 5.0266487095505 0.0
v 1.8981451452709734 8.40937681403011 0.0
v -7.168215535697527 2.2798978723585606 0.0
v -0.45364146382780746 -14.307718279771507 0.0
v 11.392316208221018 -7.776625560596585 0.0
v -1.0890989162144251 -0.33396243397146463 0.0
v -12.876069037185516 10.825532671064138 0.0
v 5.642251501325518 10.21020682528615 0.0
v -13.564549816946965 -8.578329437412322 0.0
v -11.56169370841235 -0.9400198562070727 0.0
v 2.9481840369990095 11.78024344611913 0.0
v -7.36744077882031 3.481490238569677 0.0
v 11.340839275275357 -14.028441770933568 0.0
v -0.38073235523188487 -10.781640961766243 0.0
v -6.805107404303271 -10.955879274755716 0.0
v -11.294500202930067 2.575123654678464 0.0
v -2.9430458990391344 -12.569327457807958 0.0
v 12.828818339796271 -8.116500401869416 0.0
v -9.471394377294928 -5.644260257482529 0.0
v -9.539451146265492 14.619433972984552 0.0
v -0.4776948037324473 9.192933400161564 0.0
v -12.871283842425328 -3.241915567778051 0.0
v 14.846564096631482 6.411959556862712 0.0
v -2.946961280249525 -6.576551286503673 0.0
v 6.119446998054627 11.918780412524939 0.0
v 3.244710169150494 10.051421121694148 0.0
v 1.1220955705503002 1.6870431089773774 0.0
v -3.2104307367117144 14.758189578540623 0.0
v -13.522899125760887 12.352202734909952 0.0
v 13.738217958016321 -9.544175650924444 0.0
v -11.231133710767608 -1.5651647923514247 0.0
v 6.303268629300874 10.855319720692933 0.0
v 14.919736458396073 3.743681099265814 0.0
v 2.0719688021345064 0.21902914438396692 0.0
v 12.29000858811196 -10.955199923366308 0.0
v -0.19730701867956668 -9.458386491052806 0.0
v 1.192748129600659 11.114298097789288 0.0
v -1.6021351426606998 -1.7666973378509283 0.0
v 13.306573601206765 12.175989925861359 0.0
v 6.429160675907042 -11.796154813840985 0.0
v -3.956147985882126 -11.034206262789667 0.0
v -0.8917686538770795 10.182211201637983 0.0
v -4.71296422870364 -4.49233399797231 0.0
v 5.25635029328987 -3.118655034340918 0.0
v 2.046113145246636 -3.392277822829783 0.0
v 1.2266157207195647 3.6339805545285344 0.0
v 0.03188817179761827 -10.732412103563547 0.0
v 10.4334342564689 -8.878080228343606 0.0
v 14.992967307567596 11.667197144590318 0.0
v 14.312852899194695 2.080196687951684 0.0
v -14.954419942805544 12.87737146858126 0.0
v 12.969497950049117 -11.891906818374991 0.0
v -1.4712884259060957 13.944533312693238 0.0
v -13.769253668142483 -1.8798955772072077 0.0
v -4.230459607788362 -0.220532339066267 0.0
v -11.381540112255607 -7.004174865782261 0.0
v -7.439719058165792 7.924998397007585 0.0
v 12.24724280956434 -12.373180790804327 0.0
v 0.9573673109989613 2.546190246939659 0.0
v 0.10459883091971278 -14.020018752664328 0.0
v 0.8954690066748299 -1.14415711350739 0.0
v -1.445275527134072 2.4652881240472198 0.0
v -9.064130152575672 5.412875236012042 0.0
v -2.040698251745198 8.174391045235097 0.0
v 3.3100197720341384 8.86684181727469 0.0
v 10.362536758533679 8.306310974992812 0.0
v 14.347952433105092 -5.503013741225004 0.0
v -9.739521117531694 -1.1892729699611664 0.0
v -14.180835285864305 -6.074231636710465 0.0
v -3.3250693450681865 9.326346708461642 0.0
v 1.8064354329835624 -9.456709267571568 0.0
v -2.3780609415844083 -10.073385164141655 0.0
v 0.9152370177907869 -5.348520367406309 0.0
v 10.563896707550157 3.3506315303966403 0.0
v -6.192219155083876 9.10034547559917 0.0
v 0.02496400714153424 -13.719861929304898 0.0
v -12.869475907704327 7.29411484207958 0.0
v 8.065990762843285 7.530957575887442 0.0
v -13.281370547716506 11.174983802251518 0.0
v -0.06524602888384834 -11.392596431076527 0.0
v -1.1859273434383795 7.049605713225901 0.0
v -8.01107374462299 8.077609400264919 0.0
v -11.700075358676258 10.858688772656024 0.0
v 1.4049578557605855 -8.695388573221862 0.0
v 8.57525250123581 -0.9319488033652306 0.0
v -10.277413552161306 0.9872114239260554 0.0
v 0.5195707501843572 13.174733877182007 0.0
v -10.983804200601298 3.5264373468235135 0.0
v -10.702400898211636 9.896881711669266 0.0
v 13.065406280744355 0.1133287949487567 0.0
v 1.7018839932861738 4.824446430429816 0.0
v 9.624626191100106 6.802718261256814 0.0
v -10.075088252720889 -0.3064360097050667 0.0
v 2.468479911389295 -3.6628166204318404 0.0
v -5.940044752729591 -4.767538284882903 0.0
v 13.057356561475899 -12.469018457457423 0.0
v 12.426795419247355 -2.6447838079184294 0.0
v -6.45876819617115 -14.027895244769752 0.0
v -8.273055375553668 -3.925009380094707 0.0
v 1.2239224963705055 13.746885623782873 0.0
v 1.4730196223245002 -0.4418309172615409 0.0
v 11.450910478946753 0.1715942993760109 0.0
v -1.6584816427784972 9.402044259943068 0.0
v 13.00740646768827 11.144176077097654 0.0
v 1.4730826267623343 -4.248044932261109 0.0
v 1.4618484538514167 -7.273212658241391 0.0
v 5.941581330320332 10.655688529834151 0.0
v 2.385254737222567 4.994393799453974 0.0
v 9.026445044961292 -7.295581655576825 0.0
v 9.404642234265339 -7.2828082190826535 0.0
v 1.6076706332387403 7.440440916456282 0.0
v 2.9195983615354635 11.504785596393049 0.0
v -7.969306981365662 13.338666322641075 0.0
v 2.2440057630301453 1.0833823224529624 0.0
v -1.315478976117447 -10.635704359970987 0.0
v 0.8989342749118805 -11.174123373813927 0.0
v 13.668780093663372 -3.937790146097541 0.0
v 8.316648091888055 -14.198083343915641 0.0
v 12.598871207446791 -6.665296777151525 0.0
v 0.9560442257788964 10.93054342828691 0.0
v -14.645684217917733 -4.265389212407172 0.0
v 13.396222549316008 -2.6911313412711024 0.0
v -4.701048541406635 11.934152957983315 0.0
v 0.8999916222528554 -6.300088947638869 0.0
v -5.64501180901425 -12.712182213552296 0.0
v 9.025156591786072 -5.750840485095978 0.0
v -6.49476256017806 0.9555230448022485 0.0
v -4.504338031634688 -10.791914723813534 0.0
v -10.828924820758402 6.208560116589069 0.0
v 14.084215580951422 2.721946468576789 0.0
v -4.196418170002289 -2.6815637601539493 0.0
v -3.40743489516899 -14.469021338038146 0.0
v 9.515526740986388 -5.4794932855293155 0.0
v -3.256304869253654 12.030334815382957 0.0
v 11.379631840914954 -13.134233814664185 0.0
v 10.557040159124881 1.8791245510801673 0.0
v -7.569037289940752 1.6898014266043901 0.0
v -2.181338459951803 -7.180824961513281 0.0
v 4.358855904778466 -6.739663612097502 0.0
v -6.429755883116741 -10.429947963915765 0.0
v -6.6463243621983565 -5.728899534791708 0.0
v 9.259790062205866 -3.251392097212374 0.0
v 0.4058952148188837 12.903390982188284 0.0
v 2.9598545932676643 -14.077698603272438 0.0
v -13.864143076643813 -14.731849098578095 0.0
v 7.609521611884702 4.639110621996224 0.0
v 6.488739908381831 -4.054346582852304 0.0
v 3.952476401696913 7.526492501609027 0.0
v 10.819368927797768 -7.695295534096658 0.0
v 11.229786479612812 -1.3013132810592651 0.0
v -1.0153590184636414 9.80127173755318 0.0
v -5.220827414072119 0.1301357839256525 0.0
v -4.1086105883005075 -11.231572457589209 0.0
v -0.7435698130866513 3.0450417241081595 0.0
v -8.299615290539805 11.170163762755692 0.0
v -1.0824540024623275 -7.4394507659599185 0.0
v -13.942203393904492 4.326336342841387 0.0
v -10.107651886646636 8.875282295048237 0.0
v -12.07771709363442 -6.613651408813894 0.0
v -5.522681965492666 -10.95534320641309 0.0
v -12.63641696702689 -6.533577938564122 0.0
v 14.397162606241181 -3.107255826704204 0.0
v -6.912269170745276 -0.30966129433363676 0.0
v -8.273882105597295 0.9107217276468873 0.0
v 4.872372781741433 -4.7284369971603155 0.0
v -0.7854520226246677 2.994891789741814 0.0
v 9.348587169894017 -2.495470993220806 0.0
v 1.5530022716266103 5.436056161299348 0.0
v -6.118687601701822 -2.781096378341317 0.0
v -8.263103553559631 13.179167470894754 0.0
v 9.831658423761837 4.649054470472038 0.0
v -14.898796430206858 10.271461131982505 0.0
v -10.692340401932597 -10.65041233599186 0.0
v 9.479384319216479 12.072027185931802 0.0
v -1.7001783355954103 7.626747387461364 0.0
v -3.525580184068531 -14.877053732983768 0.0
v -6.663473187480122 0.5668933084234595 0.0
v 5.833931573492009 -11.18078555073589 0.0
v 10.99907912517665 -3.5247967587783933 0.0
v -9.178753807209432 9.973230173811316 0.0
v 12.230395508813672 -9.163861885666847 0.0
v 7.616360170824919 -3.062665030360222 0.0
v -8.66850804554997 -0.8685001144185662 0.0
v 13.19342080381466 -8.469269358552992 0.0
v -6.443864373140968 -14.491319228895009 0.0
v 10.58291654480854 -11.23078091070056 0.0
v 8.308143896458205 -7.622665006667376 0.0
v -2.828266531403642 -10.125063640996814 0.0
v -13.834441900544334 -4.505125375464559 0.0
v 5.338228429667652 2.6957155112177134 0.0
v 10.418934647750575 4.393795018084347 0.0
v 14.731592562166043 5.785339173860848 0.0
v 14.3892800998874 3.8498247424140573 0.0
v 1.8988735424354672 2.7371291490271688 0.0
v 4.675371969526168 -14.087850668467581 0.0
v 9.124179052421823 -8.99567682761699 0.0
v -3.2057833710568957 0.049026260152459145 0.0
v -3.0251252375892363 -7.144644561223686 0.0
v 4.753059482318349 -3.456476873718202 0.0
v -1.4237879744614474 1.677953532896936 0.0
v -4.320410931773949 3.7760548451915383 0.0
v 10.91335670236731 3.7081052865833044 0.0
v -13.045311203808524 -6.6460651671513915 0.0
v 0.40372931386809796 7.210660712793469 0.0
v 13.883725587278605 5.589989384636283 0.0
v 11.319772653456312 12.01458939909935 0.0
v 3.0274925542180426 10.166434492915869 0.0
v -7.330729420820717 -6.0027117021381855 0.0
v 4.021047847811133 6.159493434242904 0.0
v 7.4305204774136655 12.957371762953699 0.0
v -6.910926655458752 6.023393930867314 0.0
v -7.482449340459425 12.45743077993393 0.0
v -13.508439425611869 2.1283066431060433 0.0
v 0.9416719591245055 7.5161602003499866 0.0
v -3.0336060603149235 -6.563801808282733 0.0
v -8.50351471855538 4.611973827704787 0.0
v -6.831457385211252 -10.947671641595662 0.0
v 6.560049197811168 -5.667956897057593 0.0
v -2.792275201412849 -4.833932490088046 0.0
v 2.5839073135866784 -1.9765929765999317 0.0
v -7.504582481691614 5.80105100851506 0.0
v 14.346159722015727 -14.344149841926992 0.0
v -3.096222663647495 7.223772400058806 0.0
v -13.562009988236241 6.858241398818791 0.0
v 12.712942546175327 -13.453505478799343 0.0
v -0.896923444874119 13.904995146207511 0.0
v -0.20839980256278068 -8.00920627079904 0.0
v -2.1592812331509776 -6.895308854058385 0.0
v -11.241824173601344 8.58323088195175 0.0
v 6.297637432639021 8.844284770078957 0.0
v -7.9882464779075235 -3.6324615450575948 0.0
v 12.704725546296686 14.416936241090298 0.0
v 7.211916761181783 3.24842868745327 0.0
v -1.5118007570272312 10.162070747464895 0.0
v 7.894467560690828 -4.154214108362794 0.0
v -5.122658835607581 12.29494158923626 0.0
v -0.6726474294555373 -14.746364329010248 0.0
v -13.19003670051461 6.728720419108868 0.0
v -0.2196805392159149 -5.4171497309580445 0.0
v 0.030507897725328803 -12.984336512163281 0.0
v -14.511139414156787 -7.053551248274744 0.0
v -0.8079238592763431 -2.879020350985229 0.0
v 3.728838821640238 12.141613353975117 0.0
v -13.928838808671571 -11.985365577973425 0.0
v 5.516491613467224 -6.450901925563812 0.0
v -11.299666145583615 10.036247190088034 0.0
v -9.415555293788202 -9.36661440692842 0.0
v -6.2389535689144395 -9.366844858042896 0.0
v -4.000281219778117 5.180405620485544 0.0
v -3.050875585002359 -0.16820752061903477 0.0
v -0.948346653720364 14.060330678708851 0.0
v 7.138693336979486 -3.2879533898085356 0.0
v -10.829318013391457 9.961222182027996 0.0
v -7.632395971682854 1.244525264017284 0.0
v 11.026267458684742 -8.068486671894789 0.0
v 4.669718840916175 -11.89173380471766 0.0
v 5.386283457046375 -8.81615996081382 0.0
v 8.431473886303138 11.50812418665737 0.0
v -6.862846669508144 -5.488206094130874 0.0
v 4.196562128665391 7.570706520229578 0.0
v -1.8483550004311837 8.8278266787529 0.0
v 6.462205498013645 -1.6209986554458737 0.0
v -5.190760249795858 -12.87550401687622 0.0
v -12.353675910562743 7.389796615578234 0.0
v 10.770771900890395 1.2886530626565218 0.0
v 6.344329969550017 -14.07678260654211 0.0
v 9.808839824981987 12.962136514484882 0.0
v -12.641471631417517 -4.151664111763239 0.0
v 9.999162568652537 4.78314649220556 0.0
v 0.4342076118919067 6.257180934771895 0.0
v 4.964545431314036 -8.862961232662201 0.0
v 2.554055065207649 -11.796894067898393 0.0
v -10.454326961073093 10.365714754909277 0.0
v -1.099327026749961 -4.358439688570797 0.0
v -11.751279772666749 -8.582202373072505 0.0
v 0.3373827923787758 14.686062891036272 0.0
v -1.675000888761133 6.237840708345175 0.0
v 1.4948637316119857 5.508510566316545 0.0
v 7.580651024938561 9.061983584426343 0.0
v 11.907593749288935 0.739142638631165 0.0
v -6.5757042244658805 10.33559360075742 0.0
v -5.309076965728309 10.818412073887885 0.0
v -2.804001754615456 1.8437360981479287 0.0
v 6.171682062209584 10.352548304013908 0.0
v 8.643004946527071 2.8036006996408105 0.0
v -8.528898339369334 2.0026846397668123 0.0
v 12.016658738604747 -12.587473588064313 0.0
v 8.297709530976135 -4.906952015124261 0.0
v -13.36054788751062 12.06428475677967 0.0
v 9.279540075629484 -1.415288464166224 0.0
v -8.833098300499842 10.049009632319212 0.0
v 4.465649937395938 3.718452474102378 0.0
v 0.3566145151271485 -7.501673871651292 0.0
v 5.696291813394055 14.588137010112405 0.0
v 4.794290798367001 -6.722340365871787 0.0
v -2.908612003317103 13.218978894874454 0.0
v -9.326913833327126 4.33910720795393 0.0
v -3.561174103000667 -0.30861257389187813 0.0
v -6.492825554159936 11.8834389122203 0.0
v -11.546943516121246 -11.736526967957616 0.0
v -6.414180540363304 13.471715211868286 0.0
v 6.073912161577027 3.7620876682922244 0.0
v 4.246924702834804 11.249497468583286 0.0
v -7.489702341612428 -2.2698069028556347 0.0
v 12.89826416876167 -11.05613130889833 0.0
v 6.159137624432333 -14.41513096075505 0.0
v 10.7362477130373 11.370779613032937 0.0
v -14.700219874212053 -12.437425321899354 0.0
v -12.867907382082194 -8.796857820823789 0.0
v 9.649367456731852 -10.301430949941278 0.0
v 2.761077490809839 10.90881634503603 0.0
v 14.687057269911747 6.5277144107967615 0.0
v -3.878495917946566 12.597551141865551 0.0
v -9.209164549014531 3.754701021127403 0.0
v 10.897947454359382 4.072306765243411 0.0
v -13.042813841020688 -12.561716543510556 0.0
v 2.619316819589585 0.013245896436274052 0.0
v 4.380347047466785 -12.377165782265365 0.0
v 4.291996369080152 -8.153626948595047 0.0
v 5.321881455020048 5.345782871358097 0.0
v -9.826129107736051 0.7988635217770934 0.0
v -11.27725849894341 -10.285245172679424 0.0
v 9.133660893596243 1.0179076697677374 0.0
v -1.6646279955166392 -2.3899542493745685 0.0
v -5.198737585276831 -7.663704081438482 0.0
v 2.604218740365468 -12.002339324913919 0.0
v -11.441998757596593 -12.537831548601389 0.0
v 3.850543433916755 6.14181605540216 0.0
v 3.220257474167738 -11.44047861173749 0.0
v -14.446308970975224 6.668143534101546 0.0
v -4.056069228798151 -13.461480825208127 0.0
v -2.7053782851435244 13.193325714208186 0.0
v 0.39274817472323775 -3.0071047469973564 0.0
v -11.178367441170849 -6.813015399500728 0.0
v 1.4250368682551198 0.985571363940835 0.0
v 11.367609270790126 -1.5428251577541232 0.0
v -11.855327648518141 14.79200634919107 0.0
v -13.839831013523508 0.1647825399413705 0.0
v 11.359830704168417 -14.0348244253546 0.0
v -1.2034204284427688 0.5322369942441583 0.0
v 11.358176333887968 -14.511913903988898 0.0
v -1.9092822324018925 6.874067077413201 0.0
v -14.046660937659908 -9.700079204514623 0.0
v -8.430102584825363 -2.621475026011467 0.0
v -13.440344727190677 -6.37560411542654 0.0
v 3.6257868624525145 -12.113389756530523 0.0
v 7.912116846186109 9.8387380996719 0.0
v -11.549661805678625 14.660854484885931 0.0
v 10.015515918959863 10.881982629187405 0.0
v -9.671906089875847 -11.177369602955878 0.0
v 7.600029036228079 1.2297225026413798 0.0
v 6.588354628882371 8.286650178954005 0.0
v 5.518896658613812 6.658520583063364 0.0
v 7.927639395173173 12.164109104312956 0.0
v -14.357323466974776 1.9321388341486454 0.0
v 4.509671044128481 -13.205093608237803 0.0
v 4.200778331956826 -6.3259199392050505 0.0
v 13.513322419312317 -2.9573821229860187 0.0
v 6.351302152324934 -12.32998394034803 0.0
v 5.233807058189996 12.314937619492412 0.0
v 12.644357665034477 5.661286333575845 0.0
v -10.721031995781232 -2.810738363303244 0.0
v -12.699426882376429 -11.997090904042125 0.0
v 3.5230123914661817 6.77187954261899 0.0
v 13.155377629271243 3.8988163731992245 0.0
v 1.9636731738573872 -13.962555587291718 0.0
v 14.171125933120493 10.17903002910316 0.0
v 4.940014661930036 13.158734615892172 0.0
v 14.238623520708643 -9.931641040369868 0.0
v -11.585825770744123 -4.816553022712469 0.0
v -6.992732247046661 -8.07458309829235 0.0
v 3.3029774375027046 9.533540124073625 0.0
v -3.3283690584939905 -13.148876176215708 0.0
v -1.9964359747827984 14.499590598978102 0.0
v -12.749512124457397 -6.459556215442717 0.0
v 11.326638028083835 -6.797326264902949 0.0
v -2.141003970289603 -3.482580059207976 0.0
v -14.032198802800849 0.09951364155858755 0.0
v -9.035295767418575 -3.4975782446563244 0.0
v 10.914451590680983 13.327349434606731 0.0
v -3.5523781704250723 3.3826338965445757 0.0
v -5.296803513250779 -1.0091556506231427 0.0
v -6.05750487750629 5.605644518509507 0.0
v 12.080049573036376 10.468590241856873 0.0
v 5.110326829366386 5.850211208686233 0.0
v 6.987296757928561 2.7755833324044943 0.0
v -7.435027092928067 11.95462379977107 0.0
v -5.398731057764962 -13.241842214018106 0.0
v 11.245695529680233 -13.127942131832242 0.0
v 3.9606540901004337 6.920926447026432 0.0
v 13.49682228959864 -2.1584182009100914 0.0
v 12.246743733645417 -5.977080767042935 0.0
v 4.752302890003193 0.7026481563225389 0.0
v -10.238334899710026 3.781523287296295 0.0
v 12.659055436844938 -10.900933573022485 0.0
v -4.484407371899579 -0.7626929031684995 0.0
v -4.479853208002169 4.948391134850681 0.0
v -1.0434465465368703 -11.520488674752414 0.0
v -8.58379655284807 -6.146218355745077 0.0
v 6.5168366361176595 2.5362777188420296 0.0
v -5.080792117281817 1.4370618127286434 0.0
v -1.0211559100425802 1.3203500183299184 0.0
v 0.2298413473763503 -6.803581167012453 0.0
v -0.6485581502201967 -5.185079894959927 0.0
v 14.104045165993739 -6.191924162209034 0.0
v -3.530854761309456 -9.621377802453935 0.0
v -0.23660929268226027 -12.566024895757437 0.0
v -8.946404176123906 -9.197144959121943 0.0
v 13.049661154276691 12.447189318016171 0.0
v -0.5593407186679542 1.4701238488778472 0.0
v 1.9531309582525864 10.122982319444418 0.0
v -9.505989026278257 1.5404207091778517 0.0
v -5.714393915375695 -1.4744012607261539 0.0
v -14.714236990665086 -14.74216878414154 0.0
v -2.6326876269304194 4.425422823056579 0.0
v 6.794546092976816 -9.111466008238494 0.0
v -3.187144075462129 -4.2778764786198735 0.0
v 5.725900728139095 2.7217264622449875 0.0
v -0.5964000553940423 12.260828069411218 0.0
v 6.930958216194995 -8.46371637750417 0.0
v -10.349807120626792 -4.563549591228366 0.0
v 12.857987855852116 1.9707499807700515 0.0
v 13.596824498556089 1.299302963539958 0.0
v -7.347489763633348 -10.657598542049527 0.0
v -12.414934392261785 14.727765974588692 0.0
v -7.254755268164445 11.838298551738262 0.0
v 10.21734783006832 11.693875071592629 0.0
v -13.677281738549937 -9.949362758547068 0.0
v -6.194075923180208 10.65608780644834 0.0
v 6.2925579768489115 13.741685678251088 0.0
v 4.820299575629178 -7.431907686404884 0.0
v 14.791210690804292 -0.6974723329767585 0.0
v 12.56524721061578 -3.07844221778214 0.0
v -2.2443030408467166 14.018548537045717 0.0
v -10.003714467980899 5.650906464084983 0.0
v 4.6405672716209665 10.869701261632144 0.0
v 12.38235883921152 -4.527983378618956 0.0
v 11.953206217265688 2.7604674948379397 0.0
v -8.406709694885649 9.279995472170413 0.0
v -5.337833865836728 -14.431155193597078 0.0
v 3.9603489368455485 -5.045141079463065 0.0
v 2.7984781687846407 -10.620593945495784 0.0
v -7.726715822587721 0.0613630972802639 0.0
v 8.307910148752853 5.652647523209453 0.0
v 2.513899967598263 13.17186385113746 0.0
v 6.480595247470774 9.93487070966512 0.0
v -7.91253933153348 -12.48095843847841 0.0
v -10.941825353249442 -9.243549110367894 0.0
v -8.032110237050802 14.422703233547509 0.0
v 5.400320392800495 -2.760456318035722 0.0
v -14.020521413360257 -14.511424757540226 0.0
v 9.930913622607477 -1.3568595871329308 0.0
v 13.464006456139032 -10.843522008508444 0.0
v -5.177217677177396 -13.062642668373883 0.0
v -10.228301322320476 -6.241411908529699 0.0
v 3.183879730757326 1.4078073343262076 0.0
v -1.7651445549563505 -4.310111668892205 0.0
v 5.667287558608223 1.0933796409517527 0.0
v -13.417556807224173 5.100454872474074 0.0
v -12.993219762400258 -3.7385012237355113 0.0
v 8.105049407691695 -7.280696804635227 0.0
v -4.658216116658878 -12.894778374582529 0.0
v -3.478324501484167 -3.0367385232821107 0.0
v -5.6650839725043625 -4.708211929537356 0.0
v 10.154967839829624 -9.746455405838788 0.0
v -12.939150218910072 -2.9788371296599507 0.0
v 5.08436965837609 -14.618715407326818 0.0
v -8.791943591786548 -10.19918352831155 0.0
v 5.949818125809543 -8.720585506409407 0.0
v -3.4187320363125764 4.92953169811517 0.0
v 3.699624821951147 -1.679550090804696 0.0
v -7.889466499094851 13.14325110334903 0.0
v -6.059489919804037 -10.717589508742094 0.0
v 13.92396091145929 13.999338300898671 0.0
v 3.2716330468538217 -10.963105021975935 0.0
v -5.941502206027508 -10.412996673956513 0.0
v -5.882426992000546 -8.41909645870328 0.0
v -5.978593878971878 8.981686645187438 0.0
v 6.5054364172392525 11.70174471102655 0.0
v -2.479863822518382 -5.131760695017874 0.0
v 9.826682599494234 6.625548359937966 0.0
v -14.957459867699072 12.699798174202442 0.0
v 10.299746414937545 -6.169214666821063 0.0
v 1.0875182797317393 -13.170966278761625 0.0
v 13.615892380534206 11.75675449706614 0.0
v 12.220208429032937 -10.571739751845598 0.0
v -5.178766980126966 0.08926595747470856 0.0
v -10.716422651137691 13.412168443202972 0.0
v 11.264032495382708 0.8962257392704487 0.0
v 5.6280084329191595 1.2644835663959384 0.0
v -7.895129299664404 6.386965408921242 0.0
v 1.6341698038741015 -2.8255093414336443 0.0
v 7.249253131914884 -8.115379613824189 0.0
v 2.1569635350606404 6.718761562369764 0.0
v 9.422393227694556 5.736203442327678 0.0
v 2.0208236400503665 7.099435376003385 0.0
v 14.300221400917508 -7.743748445063829 0.0
v 1.7478909245692194 11.218032553792 0.0
v -8.070388609892689 -6.933423449285328 0.0
v 8.40586306253681 13.56667023897171 0.0
v 3.6727865402353927 5.3791864942759275 0.0
v -1.6181057355133817 -0.7288815882056952 0.0
v 9.856998773408122 5.48940313141793 0.0
v -1.340797672921326 -13.642185744829476 0.0
v -6.018304495606571 -6.488194826059043 0.0
v 11.559843495080713 3.549538359977305 0.0
v 14.927996412850916 10.583738206885755 0.0
v 6.76537036994705 2.291397879831493 0.0
v 10.766278033261187 3.5311348289251328 0.0
v -8.937608826439828 -4.370070233009756 0.0
v 12.554943849507254 7.569102808833122 0.0
v 12.492385973688215 7.865938337519765 0.0
v 12.672237547114491 14.557328375056386 0.0
v 14.539088259916753 -5.877177992835641 0.0
v -6.706029103370383 10.718103514052927 0.0
v -10.577042321499903 0.11127854976803064 0.0
v -11.055926215252839 -9.598280293866992 0.0
v -5.446688762516715 -9.55237293522805 0.0
v -0.3262508454499766 -5.469560658559203 0.0
v 0.9207950372365303 -9.481379463337362 0.0
v 10.783233444148209 -2.0954709919169545 0.0
v 6.743457522592507 -14.333003606647253 0.0
v -2.316312079434283 -9.015671886503696 0.0
v -5.1709163743653335 14.639298260211945 0.0
v -8.548025171388872 8.908696592785418 0.0
v 13.443161281873472 -11.951489734463394 0.0
v 14.217321660777088 9.062445227988064 0.0
v 2.3711439527687617 10.279597410932183 0.0
v 9.622805518156383 10.51763211004436 0.0
v -3.636838205216918 -11.72043432854116 0.0
v -5.380654888402205 -9.845583686605096 0.0
v -13.603032002050895 -14.744826909154654 0.0
v 10.025313596474007 -10.091353187337518 0.0
v 13.69999589532381 -2.0033092591911554 0.0
v 0.31486691744066775 14.567320514470339 0.0
v -10.434867413132451 -14.96465390920639 0.0
v -12.90883532637963 -4.347016896121204 0.0
v 8.51640413934365 1.6100534377619624 0.0
v 5.533047719451133 -4.852099614217877 0.0
v 4.267268904775847 -5.325123834423721 0.0
v -3.772185293084476 -2.4190385304391384 0.0
v 6.138034756237175 -14.344342665746808 0.0
v -14.854155209613964 12.552282453514636 0.0
v 3.967591613647528 -6.203840672969818 0.0
v -12.491616724757478 6.482022937387228 0.0
v -5.778462147573009 5.562725608237088 0.0
v 7.469665467098821 -12.322699627839029 0.0
v -7.779995098360814 -0.6312337964773178 0.0
v 8.288915500394069 10.034147233702242 0.0
v -9.48941540013766 5.930931841023266 0.0
v 11.687445240153465 -1.5285978112369776 0.0
v -2.027670869254507 3.3114765537902713 0.0
v -9.516989243158605 7.862930323928595 0.0
v -14.096499268722255 11.607000635005534 0.0
v 12.12585704959929 -6.456923079676926 0.0
v 8.133357957412954 -8.888511120341718 0.0
v -8.598353785695508 1.512377580627799 0.0
v 13.372825134138111 -3.9489482641220093 0.0
v 2.821695046615787 13.745280606672168 0.0
v -9.30133830656996 -8.614763922058046 0.0
v -7.006311867327895 -14.551852368749678 0.0
v -1.8378290478140116 -4.994633532129228 0.0
v 4.86677836481249 12.733460147865117 0.0
v -7.128249330620747 -8.68437776248902 0.0
v 9.966005950118415 -2.7972228610888124 0.0
v -7.07612841721857 -14.659304754808545 0.0
v -13.871221577515826 9.60505458060652 0.0
v -11.230032694758847 -0.1856907717883587 0.0
v -12.685770907148253 -10.681474830955267 0.0
v -11.450423332571518 5.697871309705079 0.0
v 3.1281106574460864 7.530354833230376 0.0
v 4.394224216230214 -1.4783682497218251 0.0
v -13.344445384514984 3.581958018243313 0.0
v -8.74981652497081 2.4252532413229346 0.0
v -14.469386035110801 3.085172176361084 0.0
v -8.239145570492838 -9.968061902560294 0.0
v 8.564991314487997 10.132326134480536 0.0
v -4.273843468516134 -5.470022317022085 0.0
v 12.93026403238764 -4.3206359362229705 0.0
v 0.1916187850292772 -9.987044439651072 0.0
v 2.980062530026771 -0.48952999990433455 0.0
v -8.753580063348636 2.1623473949730396 0.0
v -2.4602291484479792 -9.135375896468759 0.0
v -2.20811774302274 -0.9365171259269118 0.0
v 13.513296822085977 -8.148681142367423 0.0
v 1.719258206547238 -13.603804072365165 0.0
v 14.67001972446451 -10.498902908526361 0.0
v 4.698980916698929 -7.4098033756017685 0.0
v -9.000399897515308 3.1224811216816306 0.0
v 10.595208798069507 4.8359695030376315 0.0
v -11.04949995543575 -12.408002675510943 0.0
v 11.025710670510307 -11.621494324877858 0.0
v 14.822029905102681 -14.561346762813628 0.0
v 7.920414624735713 -3.8759653056040406 0.0
v 10.237758593983017 1.0800368543714285 0.0
v -0.8221985005657189 1.044451404362917 0.0
v 14.750922815699596 5.2096136305481195 0.0
v -13.04604062717408 -4.9133237432688475 0.0
v 9.956307821325026 12.682679657824337 0.0
v 12.44876163842855 -4.4798813611269 0.0
v -0.12312374234898016 9.57732120435685 0.0
v -5.92967869376298 0.7886523064225912 0.0
v 5.335177315049805 14.706100773066282 0.0
v -12.456084233126603 12.90426982846111 0.0
v -10.95174545084592 -13.162315845489502 0.0
v -10.839101932535414 13.114496103487909 0.0
v -5.394486079982016 14.11580741032958 0.0
v 4.499231352820061 1.8693726593628526 0.0
v -0.914375631720759 -13.022707927972078 0.0
v -14.134463543770835 -12.683265549130738 0.0
v 5.938377412618138 3.937813996337354 0.0
v 14.613768373441417 1.3012516777962446 0.0
v 0.12514213076792657 -5.307036628946662 0.0
v 13.103291332372464 -13.170191838406026 0.0
v -11.08948240452446 -13.903754371218383 0.0
v -14.733243902213871 11.056753979064524 0.0
v -13.191637752985116 -5.851190579123795 0.0
v -13.720730049477424 -5.260896451771259 0.0
v -4.1631377604207955 14.99466762598604 0.0
v -10.657097145332955 11.94021625071764 0.0
v 14.052456332545262 -8.547497557476163 0.0
v -5.376244647137355 -3.089590650051832 0.0
v -7.184769730491098 -0.20468988176435232 0.0
v 12.376947784679942 2.930961098521948 0.0
v -11.630793663440272 7.931362500414252 0.0
v 1.895455728226807 0.9553430564701557 0.0
v -6.40840909013059 10.646212048828602 0.0
v 14.061832855455577 13.190761288627982 0.0
v -4.854371858702507 4.889391489326954 0.0
v -3.211203736893367 13.40290477592498 0.0
v 14.977756630221847 8.624202964827418 0.0
v -10.554418287239969 -14.573913624510169 0.0
v -2.8461686493828893 -7.5464608911424875 0.0
v -14.964701838616747 9.184862330555916 0.0
v 6.065385146008339 -13.130471646785736 0.0
v 3.2086907571647316 5.209244083613157 0.0
v 10.358160037081689 -7.945983454585075 0.0
v 5.1683761098538525 10.17545170802623 0.0
v -8.69157028326299 -6.812009488232434 0.0
v 10.159483541501686 13.453595508821309 0.0
v 6.586551757936832 2.435419073328376 0.0
v -10.600512327859178 9.108747974038124 0.0
v 12.861708407697733 5.5316862082108855 0.0
v -6.414262829523068 1.1508913459256291 0.0
v -3.3605137964477763 12.459765478037298 0.0
v -8.002827790973242 -2.593175067566335 0.0
v -11.01193906442495 11.116374058648944 0.0
v -9.997877939138561 12.090045617893338 0.0
v -10.555683227488771 7.222151345573366 0.0
v 5.686065602872986 -8.684814127162099 0.0
v -4.259248739166651 -0.4782841857522726 0.0
v -5.110003073874395 -3.9116535037755966 0.0
v 4.6648330257157795 3.3429248314350843 0.0
v 9.616327090247069 -2.1925882808864117 0.0
v -1.9371970234205946 0.6348590785637498 0.0
v 6.719516725570429 -6.826565507799387 0.0
v -13.928086086758412 -2.7743680281564593 0.0
v -12.489736904506572 -9.153723794035614 0.0
v 11.47867894382216 -14.589321060106158 0.0
v 11.400388187903445 12.093004319816828 0.0
v -0.7302629897021689 12.872108059935272 0.0
v 8.336369811790064 1.4431630885228515 0.0
v -13.481619137048256 1.5090443510562181 0.0
v -6.044676336052362 10.957296575419605 0.0
v -14.04457395937061 13.403665101155639 0.0
v 12.053106166073121 -14.501340003684163 0.0
v 8.268493872194085 -10.441707600839436 0.0
v 10.020991535682697 10.109637868590653 0.0
v 4.783492383372504 -6.816183810122311 0.0
v -2.3030774089857005 -4.449071693234146 0.0
v -14.968816959415562 10.836782563477755 0.0
v -4.726791009015869 6.091992654837668 0.0
v 3.860954094736371 2.6138518638908863 0.0
v 8.146967626409605 -12.11725134588778 0.0
v -0.41988426086027175 -7.148621446453035 0.0
v 8.486173619516194 -4.3330710940063 0.0
v -13.274835644930135 2.5299934493377805 0.0
v 9.105530283297412 -4.9243570026010275 0.0
v -2.7803550757816993 -9.390106384642422 0.0
v 8.194655664206948 1.8855755552649498 0.0
v -11.282337730168365 -0.24138863943517208 0.0
v 0.7915123616112396 7.637230575084686 0.0
v -7.399111106875353 11.10731550771743 0.0
v 5.786719338153489 -3.154789002612233 0.0
v -13.321175029559527 14.116608161479235 0.0
v -1.4323700107634068 -3.729603700339794 0.0
v 2.626095351180993 10.04330662637949 0.0
v 13.65356543584494 -9.25910210609436 0.0
v -9.422277769364882 -0.859508422203362 0.0
v -4.23909078980796 -1.3633519439026713 0.0
v 12.874007323465776 -6.275976080447435 0.0
v 13.204910414875485 -6.25660561863333 0.0
v -13.731477394409012 -10.693991302512586 0.0
v -7.699660963902716 -11.240946915932 0.0
v -2.175069067685399 -14.67015734873712 0.0
v -12.475689084618352 -0.14584690146148205 0.0
v -2.120037518092431 10.275325030088425 0.0
v -5.445336388249416 -0.3687482252717018 0.0
v -3.4186526264529675 -4.5015983283519745 0.0
v -5.058507549692877 10.802381313405931 0.0
v 3.804937773325946 2.5877292696386576 0.0
v 10.637229443527758 14.461337506771088 0.0
v 3.377095236617606 -7.436298728920519 0.0
v -1.6359705959330313 4.713384843431413 0.0
v 12.12674281472573 6.0304203843697906 0.0
v -12.385551340470556 -11.527685397304595 0.0
v -8.785292902844958 0.6448604259639978 0.0
v -6.584040195913985 10.528554731979966 0.0
v -12.494046306877863 11.162038725800812 0.0
v 3.5679820003570057 -14.51963603310287 0.0
v 10.735292119672522 -13.657319565303624 0.0
v 8.07335896306904 -14.522032556124032 0.0
v -7.055297753657214 -9.464105930179358 0.0
v 3.8410229991422966 4.881484770216048 0.0
v 9.785238059877884 4.542700381018221 0.0
v 13.835351279645693 -3.317639443092048 0.0
v 6.570525211049244 -10.736732623539865 0.0
v 7.9520431710989214 -8.002761578187346 0.0
v 4.781627779593691 2.3496741177514195 0.0
v 14.649354431719985 1.9006392089650035 0.0
v 14.147323183016852 7.911864364519715 0.0
v 4.836181229911745 -11.645166117697954 0.0
v -5.083693131164182 9.432498403824866 0.0
v -13.329694973363075 -11.72174028120935 0.0
v 11.05842000967823 -11.271669535897672 0.0
v -13.077494194207247 -2.615830414928496 0.0
v -6.433697875356302 -3.5153620149940252 0.0
v 9.094461969041731 11.424525136128068 0.0
v -14.288916741730645 14.712305907160044 0.0
v -0.45479951973538846 8.798631167970598 0.0
v 6.174043717619497 6.30906041059643 0.0
v 14.724312998761889 9.987154688686132 0.0
v -3.6286499359994195 -5.016065615229309 0.0
v 14.057689619483426 -12.365519123151898 0.0
v 13.819554865302052 8.496109225787222 0.0
v -7.344328859355301 14.467293504625559 0.0
v 9.053541375615168 11.142394291236997 0.0
v -2.5842701275250874 0.5432741465047002 0.0
v 2.697469850128982 3.2014171704649925 0.0
v -10.866444090788718 -1.9498712392523885 0.0
v -10.181198035832494 -3.25073657091707 0.0
v 6.800524058868177 -12.31467845197767 0.0
v -3.635462172445841 -7.254006248898804 0.0
v -5.105574940156657 -8.973820299841464 0.0
v -8.36139205226209 -13.811961221508682 0.0
v -4.54798896930879 8.99095397721976 0.0
v 12.671479507233016 3.6278790505602956 0.0
v -3.619112315005623 -0.3829700769856572 0.0
v 8.094355906185228 11.890593837946653 0.0
v 11.253965342009906 7.383783287368715 0.0
v 8.775462036079261 12.385426414199173 0.0
v -1.836126583861187 -0.47477625124156475 0.0
v -4.7277870863326825 13.956255258060992 0.0
v 3.781612502760254 -12.168108122423291 0.0
v -10.469786792469677 1.8197104642167687 0.0
v -12.516834528651088 -13.310960384085774 0.0
v -5.545150807767641 -8.986631878651679 0.0
v 14.218902689113747 -3.0289837196469307 0.0
v 3.0635257160756737 2.393672415986657 0.0
v -2.1189580277423374 12.428614908829331 0.0
v -2.6507393951760605 -8.316463901661336 0.0
v 12.452697605767753 -14.23940535634756 0.0
v 14.722540726244915 -6.218948921188712 0.0
v -3.6669844371499494 -6.696490842849016 0.0
v -7.3693494371837005 9.220222786068916 0.0
v -5.2240142786176875 2.2436901116743684 0.0
v -6.510323701077141 -7.346475102938712 0.0
v 7.716049884387758 5.937198219820857 0.0
v 2.4024314188282005 13.686561548151076 0.0
v 1.7798423676285893 -5.8348550936207175 0.0
v 2.0394673987757415 1.9471243359148502 0.0
v 14.350575407850556 -3.4535676576197147 0.0
v -12.407144916825928 -6.412206722423434 0.0
v 7.353992201387882 -3.8457024013623595 0.0
v -7.229266555106733 -12.40443617478013 0.0
v 6.233603005064651 8.551130674779415 0.0
v 8.9175863530254 13.415307303890586 0.0
v 0.6928599721286446 -14.55318434536457 0.0
v 1.3790404143510386 -7.70053197350353 0.0
v 12.44207079987973 -13.064505524002016 0.0
v 8.816092991328333 -13.834968305192888 0.0
v 10.90515594027238 -2.1360612213611603 0.0
v 3.828616428654641 5.4201586013659835 0.0
v 4.696300259558484 3.3569029066711664 0.0
v 6.4477034657029435 5.446612085215747 0.0
v -4.281081676541362 6.414641584269702 0.0
v -4.9967666293960065 -1.8205444915220141 0.0
v -2.200556445575785 5.527809953317046 0.0
v 10.28712074609939 -8.714190784841776 0.0
v 1.4562473833793774 8.915347483940423 0.0
v -8.768620044924319 2.819274177774787 0.0
v -7.377151235355996 5.718850510194898 0.0
v -9.250552777841222 4.040175546891987 0.0
v 8.139424700464588 -1.6044726241379976 0.0
v -2.476028765900992 -8.443660702556372 0.0
v -2.4368862136034295 12.260393364354968 0.0
v 10.030636322160717 -12.226774560287595 0.0
v -5.885398507758509 2.9723654175177217 0.0
v 8.957755338808056 -8.71372204925865 0.0
v -3.953782600001432 2.775620026513934 0.0
v 4.991502893797588 -6.01272842194885 0.0
v -7.515283605840523 -4.609939600341022 0.0
v 10.825199491810054 9.522707011550665 0.0
v 14.362399119650945 -5.017151011154056 0.0
v 0.6549785120296292 9.315647224895656 0.0
v -1.158987657749094 11.315754280425608 0.0
v -5.869923965481576 -10.156839240342379 0.0
v -13.910900249669794 -8.59472234454006 0.0
v 13.103740917751566 13.034022656269372 0.0
v 9.058681614988018 -13.912729054689407 0.0
v 13.755237656005193 0.47127755358815193 0.0
v 10.693690453714225 6.549924658611417 0.0
v 6.465435053338297 2.2071197163313627 0.0
v -10.07297642796766 -6.266175205819309 0.0
v -11.004970447625965 -7.851284212432802 0.0
v -3.5880685122101568 -12.241141384467483 0.0
v 1.4801137739559636 -7.763150458224118 0.0
v -0.6023891383665614 -6.283993721939623 0.0
v -12.450757767888717 -7.908550189808011 0.0
v -1.8881682304199785 -11.786252507008612 0.0
v -11.530281348561402 2.2511347299441695 0.0
v -9.269935956283007 -5.204399274662137 0.0
v 6.769388701417483 9.544612531550229 0.0
v -3.348940124735236 10.69640194810927 0.0
v 8.582822920754552 -2.489146769978106 0.0
v 2.0046277955407277 -14.921555615030229 0.0
v 11.024567312502768 -4.221312266774476 0.0
v 9.323491119022947 9.686217630282044 0.0
v -0.06491117930272594 -14.264639581553638 0.0
v -12.413740159012377 -8.42506529763341 0.0
v 4.825778300815728 3.915010141208768 0.0
v -3.610020787687972 -8.591651512309909 0.0
v 2.886752277321648 4.372526220977306 0.0
v 4.2177348888944834 -8.719933483749628 0.0
v -12.056778338039294 -14.419596338644624 0.0
v -2.248382222140208 9.001171820797026 0.0
v 13.060531599621754 8.915755768306553 0.0
v 9.81089251243975 5.423253922723234 0.0
v 9.663374327123165 10.473926397040486 0.0
v 13.957511642191093 -8.002022994682193 0.0
v -7.31117076263763 -2.9425643291324377 0.0
v -12.708250291878358 -10.113371308892965 0.0
v -9.612529865233228 5.9871273543685675 0.0
v 12.10004042822402 -9.607518064789474 0.0
v 7.59317846322665 2.960876396857202 0.0
v 5.51116595917847 -10.7382906191051 0.0
v 0.16480337985558435 14.432420579716563 0.0
v -13.810941500181798 -2.8540622340515256 0.0
v 6.388200489978772 -6.365300183184445 0.0
v 6.024249313632026 12.315906845964491 0.0
v 6.8473342603538185 5.04486230108887 0.0
v 2.998465475742705 4.415596444159746 0.0
v 3.1697838290128857 3.2675386974588037 0.0
v -6.569004559656605 5.2934163846075535 0.0
v 1.828174345078878 -1.5396625297144055 0.0
v -6.0059525115648285 6.7909518564119935 0.0
v 9.3152194066206 -2.5600824914872646 0.0
v 0.7993034099927172 11.822204578667879 0.0
v -9.454626327787992 -10.305749363265932 0.0
v -1.0248898034915328 -4.046385727822781 0.0
v -6.040795706270728 -11.01180341374129 0.0
v -13.870244728692342 4.547829926945269 0.0
v -12.336435682547744 -0.4420015150681138 0.0
v -1.7348397331661545 -3.4853144455701113 0.0
v 5.797683520417195 -3.8735810136422515 0.0
v 10.887171730573755 -7.941618769429624 0.0
v 1.5553963284473866 -12.444075760431588 0.0
v 7.626449326868169 2.1095535960048437 0.0
v 2.344679255329538 -2.1299698734655976 0.0
v 1.4929305171244778 10.400703039951622 0.0
v 14.328728451626375 -11.336911879479885 0.0
v 5.991043509391602 9.306663228198886 0.0
v -8.04092254297575 5.40761920530349 0.0
v 14.899274394731037 1.061562940478325 0.0
v 13.203792052634526 0.7907233908772469 0.0
v -0.3455008751479909 -14.637886884622276 0.0
v -11.848554444790352 -2.021587857976556 0.0
v -1.932429179432802 -13.977731008082628 0.0
v 11.464001799409743 -10.646312337368727 0.0
v -9.622082425572444 -5.283637207001448 0.0
v 2.154496122035198 -13.582737407647073 0.0
v -12.580921649641823 2.6251538656651974 0.0
v -6.063168786407914 0.07040322944521904 0.0
v 11.084984574408736 3.102772015146911 0.0
v -7.017976795090362 5.192626453004777 0.0
v 0.6980773389223032 -6.305023956112564 0.0
v 8.206518103426788 -1.4485302977263927 0.0
v -0.6258060980471782 1.446421306580305 0.0
v 1.159180855320301 1.2871710453182459 0.0
v -3.527136744116433 -8.409517172724009 0.0
v -1.3793755841325037 12.380558019503951 0.0
v 3.4727887417539023 10.960213040933013 0.0
v 12.749450485222042 -6.932104675099254 0.0
v -11.819044922071043 1.5419351663440466 0.0
v -6.008211441803724 0.2100531356409192 0.0
v -14.05743318866007 0.5674990871921182 0.0
v -7.776602883066516 13.34072521328926 0.0
v -6.068370303197298 -14.03074922785163 0.0
v 12.061979898368008 10.066747748292983 0.0
v -4.01414773153374 10.133597200736403 0.0
v -11.202243648003787 -11.33325682580471 0.0
v -5.813618732150644 -3.995099331252277 0.0
v -14.034219106310047 -8.527463304810226 0.0
v 6.793715286476072 -12.320828306488693 0.0
v 1.7426103453035466 -12.545574916526675 0.0
v -4.8033077898435295 -5.747974916361272 0.0
v 3.1096476615057327 14.814732684753835 0.0
v -2.6552854463807307 -0.7079941062256694 0.0
v 12.630194892117288 2.5997213078662753 0.0
v 13.87435169465607 -13.779615812934935 0.0
v 2.185891195840668 0.6533916359767318 0.0
v 7.07338757585967 -10.403638890944421 0.0
v 13.684389398258645 10.943165075965226 0.0
v -10.85936634457903 5.420007240027189 0.0
v -0.2602359827142209 2.1948007494211197 0.0
v -9.64187943271827 -2.6830916553735733 0.0
v -3.6199331625248305 6.523398254066706 0.0
v 10.362139552540611 5.628052570857108 0.0
v -13.764617180626374 8.357163907960057 0.0
v 13.411685833474621 3.9428745917975903 0.0
v 3.572804627881851 3.7550605665892363 0.0
v 6.986883134406526 6.951308145187795 0.0
v 11.622647623124067 -13.764403590001166 0.0
v 13.515955773182213 8.455701688304543 0.0
v -10.35986625222722 13.64527992811054 0.0
v 4.857712189317681 -5.820125284604728 0.0
v -12.502282204164658 1.1860658908262849 0.0
v -9.479214434861206 -9.568665865808725 0.0
v -4.902306903793942 -11.918562293052673 0.0
v 1.5657939130906016 3.707059388048947 0.0
v 5.564115956542082 8.028500781394541 0.0
v -2.5771611760137603 -10.021826034411788 0.0
v 12.581484251888469 -5.7199073899537325 0.0
v 6.067632024758495 -9.541179389692843 0.0
v -11.249817954900209 11.759795518592 0.0
v -0.49960554047720507 -14.137212953530252 0.0
v 2.947876877442468 2.840944627299905 0.0
v 12.638503099733498 -14.694687479175627 0.0
v -4.3526432059006765 -6.2356427777558565 0.0
v 7.332994696160313 3.5401304308325052 0.0
v 8.955698186007794 7.1953320521861315 0.0
v -3.6950551875052042 12.080258250236511 0.0
v -1.1487554403138347 8.859315104782581 0.0
v -14.283769691945054 -6.1105059534311295 0.0
v -8.387884397117887 12.139728718437254 0.0
v -1.2490346928243525 -6.589739718474448 0.0
v -0.16567391232820228 -4.498026133514941 0.0
v -0.10702052636770532 8.303432534448802 0.0
v -14.445699743984733 -7.922099526971579 0.0
v 14.259595055598766 1.7195590492337942 0.0
v 9.542314896825701 -13.220224168151617 0.0
v 10.910714941041078 -5.3568612756207585 0.0
v 7.798038938839454 -12.639295210130513 0.0
v -11.170324428007007 -0.08049925602972507 0.0
v 10.918437389365863 10.865603757090867 0.0
v 4.687004192615859 -12.34561116527766 0.0
v 11.949601678003091 -0.7927846694365144 0.0
v -6.614554728555959 9.96026146505028 0.0
v 4.7447130684158765 -9.02065608650446 0.0
v 3.587420191790443 -10.851615970954299 0.0
v -8.778965983889066 14.491914965212345 0.0
v 14.633867440978065 -3.413453521206975 0.0
v -0.9915088402340189 10.354918190278113 0.0
v -11.128471655072644 10.300700715743005 0.0
v -0.08258116495562717 9.589543328620493 0.0
v 0.8936724986415356 0.06694394070655107 0.0
v -0.2634725432144478 13.397062700241804 0.0
v -9.048232113826089 -11.5048020016402 0.0
v 6.729391636035871 11.851362485438585 0.0
v -14.062410151120275 -5.070229165256023 0.0
v -0.5479784869821742 -11.407387748360634 0.0
v 5.244448058248963 -5.679900181479752 0.0
v 10.291189594718162 -7.976706387475133 0.0
v 8.618302210059483 -5.196264473721385 0.0
v 0.12439852190436795 6.3195800725370646 0.0
v -2.996247304661665 12.260521795600653 0.0
v -7.810883108002599 -10.57040359545499 0.0
v 0.9381805811426602 -6.362969498150051 0.0
v -10.094028031337075 -10.039053156040609 0.0
v -0.5261436492437497 -6.526274997740984 0.0
v 4.670807069400325 -13.106628403067589 0.0
v -2.978848005353939 -8.774998937733471 0.0
v -4.950367221666966 -13.888658284209669 0.0
v -9.532585772743914 -11.213853658176959 0.0
v -11.772312197310384 10.781740033999085 0.0
v -13.357169097173028 9.554088563658297 0.0
v -3.097899476182647 11.753514513373375 0.0
v -0.2660697023384273 14.66013318207115 0.0
v 14.37604668061249 5.940018446184695 0.0
v -11.930337313504424 12.06474287994206 0.0
v -13.565515822614543 -14.865662791766226 0.0
v -6.201074549579062 -10.88280489295721 0.0
v -8.915991619112901 -0.8676383402198553 0.0
v 6.274960629118141 -8.517035430297256 0.0
v -3.229396763839759 -9.775702168233693 0.0
v -7.8613825549255125 -4.901286862790585 0.0
v 7.184352308162488 -8.926864027045667 0.0
v 0.05094726028619334 -5.813476371578872 0.0
v -0.34782131819520146 14.894668569788337 0.0
v -12.154756805975921 5.71352802682668 0.0
v -5.247727082285564 7.610482927411795 0.0
v 14.929970112105366 -14.753720566630363 0.0
v -11.858132846595254 10.943978747352958 0.0
v 1.6864962295512669 4.479187175631523 0.0
v -3.3480272529996 -0.1536625875160098 0.0
v -4.028221437067259 -3.1179084070026875 0.0
v -4.6064934940077364 -7.274773261509836 0.0
v -8.95130503771361 -8.231640400364995 0.0
v -3.162147869821638 -1.0303170746192336 0.0
v 0.5898443628684618 -1.3030767813324928 0.0
v 9.760322042624466 14.728191549889743 0.0
v -3.898455915332306 2.71338854636997 0.0
v 8.672194101964124 -1.1226940182968974 0.0
v -3.6988775734207593 -9.03403395600617 0.0
v 2.736692566308193 2.9181370716542006 0.0
v 11.523503916803747 7.708770985715091 0.0
v 5.997932840138674 -12.673824292607605 0.0
v -12.83741203212412 9.829326308332384 0.0
v 12.726974989811424 11.889028865844011 0.0
v 7.838114440848585 -3.132843593135476 0.0
v -9.093428921711165 -9.381320531480014 0.0
v 12.838662029418629 -0.0993172312155366 0.0
v 14.693616146978457 -4.905781639739871 0.0
v 14.300861695955973 11.959888010285795 0.0
v 0.09041466459166259 9.49904581811279 0.0
v -11.344008178333752 14.025517554953694 0.0
v -11.857540217693895 3.0407600784674287 0.0
v 8.466999478405342 -5.92297849804163 0.0
v -11.76113397005247 5.371250779367983 0.0
v 2.1414326810627244 -11.040423625148833 0.0
v -1.7571834948612377 -11.878631840460002 0.0
v 11.959797946095932 2.694983009248972 0.0
v 7.984827337320894 -11.054001071490347 0.0
v 5.826147790532559 -3.4668028792366385 0.0
v 5.675687942362856 7.858737315051258 0.0
v 0.4582925907452591 -8.359160513617098 0.0
v -12.526448774035089 3.167622733861208 0.0
v 1.2368480563745834 -0.3510199747979641 0.0
v 3.4528340729884803 5.873565404675901 0.0
v 13.271055368473753 -12.793994138017297 0.0
v -0.5128427537274547 4.463664212264121 0.0
v -0.48967703053494915 2.599156830459833 0.0
v 11.91752366477158 -7.050056912004948 0.0
v 8.220171425549779 14.959829150699079 0.0
v 9.883247353835031 -11.863107615150511 0.0
v 6.782551877433434 -10.362488282844424 0.0
v 9.305700154276565 13.171683602966368 0.0
v 5.021147457591724 -1.6922043338418007 0.0
v -2.258283807139378 8.101958476006985 0.0
v -7.0813526237616315 7.465292087756097 0.0
v 9.610125780513044 -9.865591362118721 0.0
v -4.296050931385253 14.72473803255707 0.0
v 5.577793949400075 -6.788581402972341 0.0
v -14.579363826080225 -1.2382393600419164 0.0
v -8.651083628414199 -9.456186089664698 0.0
v -5.960696822439786 -14.154518351890147 0.0
v -5.516719620442018 -2.5868912432342768 0.0
v 11.35721531091258 6.7861678041517735 0.0
v -6.461287938291207 9.270603605546057 0.0
v 1.7224876685650088 7.797762420028448 0.0
v 8.620879619731568 5.185604253783822 0.0
v 13.041912433400284 13.251279215328395 0.0
v 6.491176149691455 -3.2839431455358863 0.0
v -2.299720282724593 12.45913403108716 0.0
v -13.880296157032717 -14.6266387719661 0.0
v 11.7058610622189 -10.772977414540946 0.0
v -2.206778335850686 2.718611368909478 0.0
v -8.231425371428486 6.4415319338440895 0.0
v 4.896141511329915 9.208208810538054 0.0
v -2.8326566090108827 -14.107222727499902 0.0
v -13.196057121560443 13.83338373620063 0.0
v -11.686123897845391 -10.408303598873317 0.0
v -3.815136745222844 12.32666639611125 0.0
v 8.27783781796461 -14.886368564330041 0.0
v -12.399290616682265 -4.653138907626271 0.0
v -6.324831610778347 -7.968775073997676 0.0
v -1.781231327506248 -12.916181847453117 0.0
v -11.989563749171793 9.622163801454008 0.0
v -6.981000698462594 11.444468365982175 0.0
v 10.257707096054219 -2.3533948305994272 0.0
v -8.509797833161429 13.764313872903585 0.0
v 8.353402113018092 12.914044595323503 0.0
v -1.0653774989768863 12.926375138573349 0.0
v 7.394406350969803 5.691771483048797 0.0
v -8.67617369897198 8.027801812626421 0.0
v -8.544148143846542 10.339556457474828 0.0
v 7.111912653548643 1.7069019936025143 0.0
v 11.983423327386845 7.196635955944657 0.0
v -7.909468648256734 10.332672658376396 0.0
v 13.608485514996573 9.861558681353927 0.0
v 13.688258883135859 12.350410263054073 0.0
v -2.8011111839441583 -4.922368341125548 0.0
v -7.928590707364492 -9.851341892965138 0.0
v -6.16206639300799 -13.620913090184331 0.0
v -7.839309361297637 -9.010890289209783 0.0
v -6.553988886764273 -0.860323540866375 0.0
v -14.53554127010284 12.000025680288672 0.0
v -3.5356386109488085 -1.7386630093678832 0.0
v 14.199847382260486 6.907847136259079 0.0
v -5.101329376222566 -11.400303673930466 0.0
v 9.92663128854474 3.590812307782471 0.0
v 9.662303815770429 -8.046791477128863 0.0
v 10.458132185565773 -13.040737290866673 0.0
v 12.11156855057925 4.951413279399276 0.0
v 9.455803904682398 5.485537865199149 0.0
v 9.726166156004183 0.6057972749695182 0.0
v -9.664049743732903 1.0339352181181312 0.0
v -1.7873754237079993 -8.939181530848145 0.0
v 0.15562377840979025 -13.709702199324965 0.0
v 11.258158406883013 -9.825013727881014 0.0
v -4.15646828210447 -0.5083642238751054 0.0
v -10.108757191395853 2.296517314389348 0.0
v 8.342205536726397 12.017132204025984 0.0
v -6.816146664496046 7.2857103906571865 0.0
v 14.387822695833165 -5.985688980668783 0.0
v 2.6420015255571343 0.7888201242312789 0.0
v 0.04661356704309583 -4.320168259553611 0.0
v 6.567380290944129 -14.499792391434312 0.0
v -1.9122039368958212 7.574549352750182 0.0
v 1.2852939798031002 8.812207576818764 0.0
v -4.7525478133466095 -6.640055608935654 0.0
v -10.781832868582569 4.1173499468714 0.0
v 8.93765431130305 11.824154414236546 0.0
v 7.180937705794349 10.370204565115273 0.0
v 10.419636875856668 -4.091062559746206 0.0
v 0.513565597590059 11.135690406896174 0.0
v -6.473219732288271 4.593837795779109 0.0
v -10.42523227276979 -0.35027838591486216 0.0
v 9.981987493520137 -9.723448232747614 0.0
v 3.0676377207273617 12.111800442449749 0.0
v 5.130287953244988 2.135875316336751 0.0
v 10.674411677755415 14.75658901501447 0.0
v 5.351243756012991 11.867054060101509 0.0
v 5.968259674729779 -14.09677604585886 0.0
v -8.040737643605098 -3.8691260274499655 0.0
v -14.5719668752281 -13.250025479122996 0.0
v 5.780851182236802 -1.7789082722738385 0.0
v -1.197032620839309 -2.3228401616215706 0.0
v -10.78459746792214 -1.5400730352848768 0.0
v 3.71198195166653 6.927320595830679 0.0
v 0.03673597105080262 6.939614538103342 0.0
v -11.216533594357315 6.994584869593382 0.0
v 14.249120227003004 12.717230554670095 0.0
v 12.704352542641573 -5.555217896588147 0.0
v 12.929528024920728 4.470608998090029 0.0
v 1.034517421736382 -10.439054586924613 0.0
v 11.00826872390462 -0.6528043746948242 0.0
v 3.3173116871039383 0.43984850496053696 0.0
v -9.29105528112268 -6.448390502482653 0.0
v -3.561341415392235 -8.892785239964724 0.0
v 12.718473500106484 1.1906503811478615 0.0
v 5.073825568717439 3.1841388503089547 0.0
v -14.624998386774678 3.7819793252274394 0.0
v -4.174373607209418 -13.270976460538805 0.0
v 3.3100140510941856 13.432780297473073 0.0
v -12.49098474229686 1.0212573604658246 0.0
v -1.6011500013410114 2.0578097216784954 0.0
v -14.616877771681175 5.94435534439981 0.0
v 7.974250288505573 13.232251192443073 0.0
v 13.698291953362059 -7.302806129679084 0.0
v 13.673503149300814 -10.56005733832717 0.0
v -10.919977778976317 2.4718749672174454 0.0
v 11.495264788914938 -7.772006638348103 0.0
v 13.738789469585754 -1.4986436339095235 0.0
v 13.447037813602947 -8.098230313509703 0.0
v -13.44868014572421 0.20556002017110586 0.0
v -6.487054809287656 -10.839461358264089 0.0
v -14.684800404589623 -6.957270357757807 0.0
v -5.086331970058382 -1.6404245775192976 0.0
v 0.015933528484310955 -2.5099505465477705 0.0
v 7.463994541321881 13.151551397517323 0.0
v 11.26375734974863 -4.596981477923691 0.0
v -0.39699643704807386 8.137250789441168 0.0
v -0.7707617866690271 -7.196107828989625 0.0
v -13.014002261916175 3.257294651120901 0.0
v -10.425330695114098 11.69913128670305 0.0
v -6.625290416821372 -7.331663193181157 0.0
v -9.67726215464063 -7.1051473105326295 0.0
v -1.8448855591122992 7.700730725191534 0.0
v -4.897481596388388 12.02788851223886 0.0
v -6.151838285790291 0.7077356334775686 0.0
v -8.30267835239647 7.878160057589412 0.0
v 4.107661857560743 -9.51509845815599 0.0
v 0.8775706702726893 -14.337473725900054 0.0
v -1.0895904082572088 -14.111376160755754 0.0
v -3.982135889760684 -12.76579692773521 0.0
v -10.93545251415344 5.481610375456512 0.0
v -6.104810481250752 -10.428785059601068 0.0
v 14.563007206772454 3.95245548710227 0.0
v -2.8788855631137267 3.959452045150101 0.0
v 1.3672862611128949 3.5033233193680644 0.0
v -2.9348637236398645 14.131088235415518 0.0
v -0.19250212068436667 -12.84231913369149 0.0
v -7.342435749422293 -1.5696942312642932 0.0
v 14.431665726588108 -8.54695450887084 0.0
v 7.743739925441332 6.77687175385654 0.0
v 1.1548007394303568 5.480399255640805 0.0
v 6.463201772829052 11.905971662141383 0.0
v -12.330049301846884 2.5213251188397408 0.0
v -2.196740390791092 12.732464204542339 0.0
v 10.462221947615035 11.230329341255128 0.0
v -8.037050268787425 -7.607029335573316 0.0
v 2.0259987625759095 -11.392808984033763 0.0
v -9.344397653941996 13.086145747452974 0.0
v 4.1195324679720215 11.297899613156915 0.0
v 6.194483484025113 9.617606626823545 0.0
v 11.911109929846134 9.906590874306858 0.0
v -2.7116178907454014 -14.186520881019533 0.0
v -5.61174574616598 9.784633175469935 0.0
v -11.7003242438077 -3.5042278757318854 0.0
v 9.84620316355722 -9.420781072229147 0.0
v 3.558320013980847 14.241739610210061 0.0
v 12.706260888429824 8.956917791627347 0.0
v 6.534049864625558 -2.9268223978579044 0.0
v -5.673939358093776 -8.013869889080524 0.0
v 13.790805228811223 11.167470610700548 0.0
v 4.019355918455403 9.430250637233257 0.0
v 3.468889052281156 0.22493123076856136 0.0
v 2.4738944126293063 4.98948660120368 0.0
v 12.93970925809117 -9.811983144842088 0.0
v -1.8554706618306227 6.442384115420282 0.0
v -0.39036652026697993 -2.9338721111416817 0.0
v 14.555220988579094 -11.367601779289544 0.0
v 14.500220528978389 -14.518985939212143 0.0
v 11.812252502772026 -8.809095117263496 0.0
v 6.373622285958845 10.106217061169446 0.0
v -2.1352261538268067 12.397639287635684 0.0
v -9.653961496020202 3.0648598158732057 0.0
v -5.224549817969091 0.13627923745661974 0.0
v -9.086657311476301 13.726494474336505 0.0
v -1.3296311520389281 -11.109967696480453 0.0
v -9.532968265528325 -8.250106427818537 0.0
v -8.588543581136037 14.293348418548703 0.0
v 2.6647544865845703 -2.4280754309147596 0.0
v 2.1243188357329927 8.969728499650955 0.0
v -9.227188550808933 6.340470964089036 0.0
v 8.687732916616369 9.978451187722385 0.0
v 14.594774119963404 9.69501743465662 0.0
v -14.178049977927003 -1.3146070325747132 0.0
v -12.39907182106981 10.706393466331065 0.0
v -3.2778053225483745 8.32509880233556 0.0
v -5.899644597317092 0.8705938020721078 0.0
v 1.6955222990945913 13.574722965247929 0.0
v -4.378967025782913 -0.48503502923995256 0.0
v 13.562662387499586 -6.6516784112900496 0.0
v -13.716864598856773 -12.433145625516772 0.0
v 14.014752801100258 -2.2728603184223175 0.0
v -1.8966098267701454 -9.684725908562541 0.0
v 11.761562337575015 14.405039294622838 0.0
v 1.6261313032591715 0.3118677781894803 0.0
v -4.518627418205142 -11.918742392212152 0.0
v 14.365709460806102 -9.202516596764326 0.0
v -13.517429381026886 6.253949975594878 0.0
v -10.086209491302725 2.0839051716029644 0.0
v 9.016931641206611 12.299565967172384 0.0
v -4.634752279322129 6.497780906967819 0.0
v 7.2933409521356225 -0.4149961918592453 0.0
v -10.827444324328098 0.053116071969270706 0.0
v -14.251009956176858 4.788544873706996 0.0
v -14.162138698506169 8.76636220049113 0.0
v -10.51479395199567 9.212351231835783 0.0
v -0.15887514472706243 -4.8749599158763885 0.0
v -3.9575978915090673 4.560446002520621 0.0
v 14.365217072481755 -14.62555968388915 0.0
v 13.002666464366484 8.333283314481378 0.0
v -5.236345528450329 -5.998497539199889 0.0
v 11.463634068320971 -8.0845136474818 0.0
v -1.6567071359604597 -9.139123164117336 0.0
v 10.752299689978827 10.899789702147245 0.0
v 1.8747372333309613 -14.420243600383401 0.0
v 11.207380036648829 7.766635148786008 0.0
v 4.26669638347812 8.91579473298043 0.0
v 7.726466617954429 9.97642104420811 0.0
v -0.08582768100313842 3.2118670362979174 0.0
v -2.7592878381256014 12.65351833961904 0.0
v -3.370086641109083 2.85489256773144 0.0
v 0.42388096265494823 -11.349632285535336 0.0
v 6.089611183735542 2.3441323405131698 0.0
v -14.333074377151206 -9.634392271749675 0.0
v 3.161906860594172 4.310874054208398 0.0
v -0.7139884389471263 2.2497655292972922 0.0
v -1.6117795119062066 -1.598868103697896 0.0
v -4.13344539370155 -4.93479285761714 0.0
v 6.469850213092286 3.0589445335790515 0.0
v -5.789102213690057 -4.275149397552013 0.0
v -12.596424161747564 11.983687916770577 0.0
v 11.52993940480519 -3.5402427222579718 0.0
v 4.161330484610517 13.842897029593587 0.0
v -4.874351363861933 0.5396281322464347 0.0
v 1.03949152037967 -10.850195306353271 0.0
v -13.181813058210537 13.667142905294895 0.0
v -4.225514961523004 -5.603838538751006 0.0
v 5.814507672213949 7.950372567400336 0.0
v 5.379893772187643 -11.14946876745671 0.0
v -0.9673695603269152 10.923450475558639 0.0
v 0.4878731810604222 -7.852088115178049 0.0
v -7.369350585271604 -9.260425962507725 0.0
v 3.6842528455890715 -13.185210697352886 0.0
v 8.35849418642465 -2.244896149262786 0.0
v -3.145009229891002 -10.18145967554301 0.0
v -5.836231444263831 12.305584765970707 0.0
v 12.858301335771102 11.651613732799888 0.0
v 8.763430279155727 -7.073396762832999 0.0
v -2.5799014957156032 10.10267888288945 0.0
v -11.142926999251358 -11.364257366396487 0.0
v -8.014817587914877 7.754454451613128 0.0
v -2.8118314745952375 4.395692420192063 0.0
v -5.699485485849436 -10.008556046523154 0.0
v 8.487465128011536 12.098831448704004 0.0
v -0.01974604686256498 5.9761794386431575 0.0
v 3.4346890072338283 2.007442159578204 0.0
v -14.498114693618845 -9.902115747332573 0.0
v 5.027666744601447 10.075449905358255 0.0
v 12.627793550898787 1.5054189870133996 0.0
v -5.059371071343776 4.023202169686556 0.0
v -10.333327906322666 -5.619690946303308 0.0
v -9.202773642318789 -2.9649916142225266 0.0
v -0.578680821636226 -11.220752547495067 0.0
v 11.402260146278422 -0.37345323991030455 0.0
v -13.254492439387832 11.654501314274967 0.0
v -11.424481287074741 -6.186044817790389 0.0
v 12.42210611468181 5.599389664828777 0.0
v -11.329124921292532 2.058177463710308 0.0
v 5.064948259969242 -11.48792712483555 0.0
v 11.259723228751682 -9.90091766603291 0.0
v -8.377456614980474 -14.321704286150634 0.0
v -9.108407561725471 -3.252835676074028 0.0
v -3.1428167631383985 14.643410361371934 0.0
v 7.399312406545505 -1.1529855206608772 0.0
v 10.651994950021617 -3.8163974341005087 0.0
v 8.319404215901159 -4.374473880045116 0.0
v -7.431124157621525 1.0992776472121477 0.0
v -7.178396910545416 -8.397075797431171 0.0
v -1.777637996536214 0.7637578686699271 0.0
v 7.6609815689735115 12.305807217024267 0.0
v 0.33136650908272713 -6.939064713194966 0.0
v -4.208789593656547 12.104638914577663 0.0
v 14.029734662093688 -0.35414688009768724 0.0
v 8.907196374086197 8.36766120698303 0.0
v 4.259012590337079 -9.25964888650924 0.0
v 8.125303093984257 -8.799532459117472 0.0
v 12.073801172606181 10.898712288588285 0.0
v -13.314763152855448 -3.2414857605472207 0.0
v -14.956195133330766 13.854048964567482 0.0
v -3.02513366722269 -6.731822283938527 0.0
v 0.15769637806806713 11.267018881626427 0.0
v 9.733863776433282 -12.17654181458056 0.0
v -0.49637927842559293 9.530903153121471 0.0
v -2.4683285442297347 -8.00572759937495 0.0
v 1.0173798747709952 1.3201568592339754 0.0
v 5.410057094471995 -6.5165507746860385 0.0
v 1.9902827689656988 -9.488811742514372 0.0
v -5.074295982019976 10.446354645304382 0.0
v -0.25115697644650936 -0.607104828581214 0.0
v 10.709576350345742 3.457897800952196 0.0
v 5.031379450811073 -3.301022319123149 0.0
v 12.074590878619347 1.7446233136579394 0.0
v 9.597944179258775 -10.537569543346763 0.0
v 3.396851730241906 -13.437318230979145 0.0
v 0.3496569170965813 2.0370801957324147 0.0
v -12.880643551063258 0.08174226619303226 0.0
v -9.038495060871355 1.8736310368403792 0.0
v -11.27634920849232 2.453531786799431 0.0
v 3.4545325684011914 11.268484341911972 0.0
v -5.514390590367839 7.316787577234209 0.0
v -10.631724376697093 -8.716667462140322 0.0
v 11.774055023561232 9.897482244297862 0.0
v 1.5049492742400616 -6.85517418384552 0.0
v 0.5274715703562833 -2.739240827038884 0.0
v -7.399048032355495 3.415583770722151 0.0
v 14.919874663872179 -13.036312092095613 0.0
v 1.3730573935317807 7.370780791155994 0.0
v -4.6845375098637305 -2.832296898588538 0.0
v -7.509240590734407 9.077842880040407 0.0
v -11.605997605074663 -14.224180801771581 0.0
v -7.4291080791153945 3.5038550347089767 0.0
v 2.1160595949622802 10.693598035722971 0.0
v 7.5777764655067585 -14.1671397741884 0.0
v -0.18644737638533115 -2.5922926971688867 0.0
v 12.590119989588857 -6.847142983227968 0.0
v -6.257506397494581 6.035457944497466 0.0
v 9.938417759432923 -10.862736765295267 0.0
v 1.9145694268518128 0.20248281955718994 0.0
v -10.041305075166747 11.7593928668648 0.0
v 4.824873752717394 -3.866540585644543 0.0
v -9.115186744369566 12.447893955744803 0.0
v 10.944537072966341 10.561392831616104 0.0
v 13.39381837635301 9.271886998787522 0.0
v 12.720079259481281 4.2147140093147755 0.0
v 3.5642454196349718 9.563806859776378 0.0
v 5.274189126153942 -3.616928300820291 0.0
v -8.255590783024672 -11.618109521456063 0.0
v 1.490950009203516 -9.864892174489796 0.0
v 6.427976076491177 -12.389879225753248 0.0
v 1.8911307934322394 -11.496085326187313 0.0
v -12.486306296021212 13.962734264321625 0.0
v 4.066237265069503 11.79344167560339 0.0
v 7.608174599707127 -12.378199401311576 0.0
v 3.0725001048413105 -7.806862918660045 0.0
v 13.74361216230318 0.7937880596145988 0.0
v -9.901642164448276 -7.26996726822108 0.0
v 4.100526643975172 -4.99432476516813 0.0
v -1.3216734086163342 -7.525630945339799 0.0
v 13.881304653652478 -5.6227669436484575 0.0
v -5.526681741175707 -10.893763416446745 0.0
v 4.867974697786849 -1.341213465668261 0.0
v 1.8708667029277422 -3.2769411206245422 0.0
v -4.931231559952721 3.565775318071246 0.0
v -0.10210704966448247 -13.36313976533711 0.0
v 5.533453919866588 9.166553808376193 0.0
v 11.607690087985247 6.3844795459881425 0.0
v -0.011133941763546318 13.04644320346415 0.0
v -2.6641001903335564 7.700686790049076 0.0
v 2.354364615108352 0.2571481838822365 0.0
v 6.828982095699757 4.580288888886571 0.0
v 0.26922577171353623 -2.8645146153867245 0.0
v 8.35189555893885 5.5265246238559484 0.0
v 4.120644482201897 -5.034606118686497 0.0
v 14.67104942270089 -10.538881641812623 0.0
v -10.128392837650608 3.771144879050553 0.0
v -4.895673572900705 9.2942482996732 0.0
v -4.347980235470459 -10.58357966132462 0.0
v -0.8427702485932969 -11.342136069200933 0.0
v -5.394500946102198 10.505429978482425 0.0
v -14.670288303343114 -5.573386864736676 0.0
v -2.9669388292822987 -0.6738846758380532 0.0
v 4.87580977572361 0.027376187965273857 0.0
v 3.3161174536217004 -14.615172168239951 0.0
v -12.357437816273887 -11.523936051875353 0.0
v -6.035214261093643 -2.893746517598629 0.0
v 12.873645686602686 8.452138795517385 0.0
v -3.7912818408804014 7.076196789741516 0.0
v -9.102346275059972 -3.561230907216668 0.0
v -9.968276226718444 -6.549990593455732 0.0
v -3.8973746577394195 5.792127561755478 0.0
v 3.260874260799028 -10.889962958171964 0.0
v -1.9235049222479574 7.387540731579065 0.0
v -8.995881315378938 -10.964198641479015 0.0
v -6.410938782035373 0.4052136121317744 0.0
v 6.057945772015955 2.1258292915299535 0.0
v -0.36466290208045393 2.5835858518257737 0.0
v 9.178203112445772 10.626812645234168 0.0
v 13.516007083060686 10.07679343316704 0.0
v 10.352007963869255 9.652076392434537 0.0
v 0.8018120906199329 2.7756266901269555 0.0
v 11.265296283294447 7.454017191193998 0.0
v 6.894713150220923 -1.52957793045789 0.0
v 7.975654925103299 -10.542889814823866 0.0
v -12.998005199828185 10.870611298829317 0.0
v 2.111505504755769 -1.6824948443099856 0.0
v 7.609611835796386 6.844386286102235 0.0
v -10.887485589657445 -5.485541577450931 0.0
v -1.444045705080498 -0.38685309886932373 0.0
v 8.874994272307958 -1.6356255831196904 0.0
v -11.685249030590057 4.353722173720598 0.0
v 4.7309655793360434 11.996284258551896 0.0
v -11.690557744936086 10.361653706990182 0.0
v -14.053523686365224 5.45455205719918 0.0
v 4.020241501217242 -7.944570852443576 0.0
v -8.579712621984072 -5.313117449171841 0.0
v -9.418320752272848 8.190299558453262 0.0
v -10.920556820114143 -10.875809852965176 0.0
v 10.491695503646042 4.517404743470252 0.0
v -1.973922165343538 6.207593755796552 0.0
v 5.449612601136323 -14.072393230162561 0.0
v -3.0805173671687953 -1.0416852217167616 0.0
v -3.9754867576411925 -6.454759914427996 0.0
v 5.358396152907517 -5.96759485360235 0.0
v -1.7135934185935184 8.65983638446778 0.0
v -2.463630845712032 9.121243043802679 0.0
v 14.63460859656334 -14.127054403536022 0.0
v -0.47348122141556814 -12.456283143721521 0.0
v -2.8886929643922485 8.214092209003866 0.0
v -5.502839162363671 10.013587636873126 0.0
v 5.417129077715799 13.592990025877953 0.0
v -1.0742900514160283 -8.663799410685897 0.0
v 5.513954600784928 14.121534052304924 0.0
v -1.75615822133841 3.6847946885973215 0.0
v 7.23493588657584 -7.054234468378127 0.0
v -14.062404056545347 -14.159989781677723 0.0
v 10.480818450043444 10.118252919986844 0.0
v 8.90697234030813 -10.53849176876247 0.0
v -8.86918177298503 -3.594582222402096 0.0
v 10.544428852736019 14.060591042041779 0.0
v -5.235156063456088 -1.7552395863458514 0.0
v 6.375723686534911 -0.9583955192938447 0.0
v 12.777386220986955 8.174153622239828 0.0
v -4.21597763459431 -3.6721463315188885 0.0
v -6.755341833457351 -8.361448977142572 0.0
v -14.145881097356323 0.6363331628963351 0.0
v -6.2109642795985565 -1.6274844175204635 0.0
v -0.2942365039489232 0.6611618138849735 0.0
v 2.846259913756512 10.645435955375433 0.0
v -10.107470942137297 -0.9197090677917004 0.0
v -8.307433970971033 -1.993220278993249 0.0
v -1.211749593319837 -9.046734949573874 0.0
v -3.4005233996431343 -8.939564292319119 0.0
v 5.623830406344496 7.51631819549948 0.0
v 13.486463057459332 -14.119971201755106 0.0
v -13.422842669358943 9.215439004823565 0.0
v -5.2415652888594195 -6.2336903559044 0.0
v 9.95513976260554 -5.596801457926631 0.0
v 1.7847487236140296 13.04769535176456 0.0
v 6.322887139336672 6.71053849440068 0.0
v 13.779962414759211 9.344989937730134 0.0
v 7.281608518620487 -8.836579681374133 0.0
v -3.748143421660643 -4.6315098106861115 0.0
v -8.226483383914456 -9.45528321992606 0.0
v -4.138804232119583 -7.418758517131209 0.0
v -12.215294023160823 1.177499659359455 0.0
v -10.79013810143806 -10.541693455539644 0.0
v 0.41594631475163624 -0.2288829879835248 0.0
v -3.7102813463425264 4.419968550093472 0.0
v 9.038158366747666 10.943361767567694 0.0
v 3.0581358061754145 -0.4839667435735464 0.0
v 10.771321677137166 -1.671744423918426 0.0
v 3.5114613893674687 -6.736456994898617 0.0
v 4.5849485622602515 7.248908655717969 0.0
v -3.1009298905264586 -13.161014667712152 0.0
v 8.712976396724116 -10.703474720008671 0.0
v 0.7853246743325144 1.2071098582819104 0.0
v -3.5557762545067817 8.782855573110282 0.0
v 4.66421708650887 -3.0596354845911264 0.0
v 13.000949738139752 -1.6153928358107805 0.0
v 4.339460379735101 -10.23130746372044 0.0
v -12.905285882065073 -6.469602523371577 0.0
v -8.388276718906127 -1.785180195234716 0.0
v 3.6619982721167617 9.475076555274427 0.0
v -0.8228958368999884 -0.7191797662526369 0.0
v 11.060861074132845 -3.3310666540637612 0.0
v 13.339523123577237 -3.842319119721651 0.0
v -0.859481071413029 -3.697160447947681 0.0
v 14.857114891288802 -9.253298373892903 0.0
v 0.8011341206729412 4.845892584882677 0.0
v 1.7619073618552648 -6.598281230777502 0.0
v -9.137303902069107 -8.56025808583945 0.0
v 8.821866199199576 13.75727375689894 0.0
v -13.696544192149304 0.867909031920135 0.0
v -2.9802413976867683 -0.27874148171395063 0.0
v -8.394967687490862 8.987872824072838 0.0
v -9.535686787159648 14.430785457603633 0.0
v -11.222297670901753 -3.504975974559784 0.0
v 0.25541832827730104 4.156230355612934 0.0
v -3.906426718865987 1.9825048297643661 0.0
v 8.844395287916996 -10.867096852511168 0.0
v 8.546153987874277 14.79435171559453 0.0
v -2.4358229602803476 -8.717099282890558 0.0
v -11.767900440783706 -3.7747186003252864 0.0
v 10.876532838854473 -0.013260507956147194 0.0
v 13.776413113577291 -3.3157950211316347 0.0
v 1.701070886454545 13.748582798056304 0.0
v -1.629687044187449 -13.178569548763335 0.0
v 8.095089186506812 2.7298604240641 0.0
v 9.14390157989692 8.687717768363655 0.0
v -10.831502925429959 13.914268538355827 0.0
v 12.64124774717493 -13.554386008530855 0.0
v -13.187650153064169 6.054925444535911 0.0
v -9.017541898123454 -4.771392543800175 0.0
v 13.74635881895665 0.5819565653800964 0.0
v -1.236997353786137 -2.6989267906174064 0.0
v -8.930198561924044 -3.2898360220715404 0.0
v 14.477029582718387 5.912352670915425 0.0
v -10.569713064003736 8.958069733344018 0.0
v -6.57574326149188 -7.492327210493386 0.0
v 13.350999051588587 5.48438829369843 0.0
v -2.493431390437763 -2.418912419117987 0.0
v 7.526342721190304 -10.768593880347908 0.0
v 12.827102914394345 -1.6300605917349458 0.0
v -9.20118656224804 2.689070237800479 0.0
v 14.808685128635261 11.139341815374792 0.0
v 7.882973538711667 -11.436851172707975 0.0
v 3.8391289584105834 9.02436379622668 0.0
v -14.188540119386744 7.5740311704576015 0.0
v -1.8391213311697356 -11.37012662179768 0.0
v -8.837006898073014 -5.691225110553205 0.0
v -8.912260124576278 12.809303019195795 0.0
v 2.129550097277388 -11.1285237101838 0.0
v 13.693253725126851 -12.18157191388309 0.0
v 3.015377189964056 13.606800977140665 0.0
v -14.820978391275275 5.207735142670572 0.0
v 1.1225486040930264 1.5772580234333873 0.0
v 12.417228387785144 5.357749029994011 0.0
v -8.050935174105689 12.609897254034877 0.0
v -12.166143008274958 6.025192396715283 0.0
v 3.805193852283992 -9.62729652132839 0.0
v -4.7203861131565645 10.895194484852254 0.0
v -8.665123886370566 12.45105848275125 0.0
v -14.187246198824141 6.269270099699497 0.0
v -11.53723874676507 0.6793754892423749 0.0
v 11.987512071093079 -2.5320199886336923 0.0
v 9.054983669659123 9.106599234975874 0.0
v 13.701758176379371 -7.95488506462425 0.0
v -11.593919001228642 -9.763391251675785 0.0
v -5.9639221466495655 11.32240163255483 0.0
v 8.22529286146164 14.189079836942255 0.0
v 4.847174464259297 -4.004188724793494 0.0
v -8.87813936395105 -7.355011070147157 0.0
v 7.910430284682661 -7.567454608157277 0.0
v 6.740855136944447 -5.4300117352977395 0.0
v 0.1677194652147591 5.804155296646059 0.0
v -5.8585510205011815 11.05715258512646 0.0
v -8.470113511022646 -7.958173869177699 0.0
v -2.894572011544369 3.0376221472397447 0.0
v 11.805920959392097 3.7595065673813224 0.0
v -8.487976421951316 8.107436276040971 0.0
v -13.795049983251374 3.1362818917259574 0.0
v -7.66165386576904 8.818189051933587 0.0
v 8.222845656622667 -13.144754137843847 0.0
v -14.234481402963866 -11.457847212441266 0.0
v -9.950802641978953 -2.5956943165510893 0.0
v -12.39391378738219 6.143378281034529 0.0
v 14.442054095678031 -14.602454526349902 0.0
v -2.6314630348351784 -13.63448749575764 0.0
v 4.272237904195208 4.856132248416543 0.0
v -8.283466532244347 8.835263386368752 0.0
v -4.311573240906 1.994959152303636 0.0
v -11.517493693449069 11.5451202057302 0.0
v -9.326088550267741 5.8841539323329926 0.0
v 9.296603208174929 0.425052085891366 0.0
v 1.972778427239973 11.718550159595907 0.0
v 4.64297586173052 -6.284563735127449 0.0
v -6.919191721302923 -6.065810153260827 0.0
v -14.345698990917299 -11.96207629982382 0.0
v 10.433861432306003 -10.805693856440485 0.0
v -9.98674199724337 -9.054014491848648 0.0
v 12.886215026141144 3.7747265361249447 0.0
v 12.316226410563104 1.192108259536326 0.0
v -2.9408562573371455 13.992666407488286 0.0
v -14.474473352311179 -6.103432315401733 0.0
v -14.987228208919987 -1.8656115429475904 0.0
v 14.80550149542978 8.405529752373695 0.0
v 8.840664533665404 -13.898538395762444 0.0
v 0.010514478955883533 -4.849756070412695 0.0
v 13.95246034511365 -10.445647927932441 0.0
v 13.920712489227299 12.585876327939332 0.0
v 12.642003803397529 0.4214554186910391 0.0
v 12.340140531945508 10.931286161765456 0.0
v 14.323640160320792 5.439449262805283 0.0
v -11.781847396865487 -1.0057847071439028 0.0
v -10.302305035176687 -7.30035169236362 0.0
v 7.461175337841269 -7.32729003764689 0.0
v -13.492599358141888 14.29273840598762 0.0
v 8.220756019174587 -1.9905613586306572 0.0
v -5.896187719714362 8.449807015247643 0.0
v -10.415582426532637 -9.22853014152497 0.0
v -5.911036595818587 -12.572489115409553 0.0
v 13.868406391702592 -13.603632134385407 0.0
v 14.136520453030244 7.568734095431864 0.0
v -6.9301830435870215 2.2693371353670955 0.0
v 5.721431463083718 -1.5750485649332404 0.0
v 3.7786862171487883 9.868904582224786 0.0
v -9.680860945722088 -2.5519300373271108 0.0
v -7.015195493178908 2.930131114087999 0.0
v -9.69065916450927 1.6290514711290598 0.0
v -13.172519204614218 6.6613144455477595 0.0
v -10.89620968804229 5.241588566452265 0.0
v -9.275313620164525 -6.832722685299814 0.0
v 1.7889407782349735 11.204952852800488 0.0
v -6.42535638588015 9.153325218707323 0.0
v -8.779456257761922 12.894070724025369 0.0
v 8.362157996802125 9.044113497249782 0.0
v -14.83764850749867 11.03744985256344 0.0
v 10.637129356851801 -5.3808592688292265 0.0
v -3.3865425113472156 13.293255892582238 0.0
v 13.406663636968005 5.187761335633695 0.0
v -2.305736043199431 1.3792903777211905 0.0
v -5.397495097015053 -9.06940334290266 0.0
v -14.400233343068976 -7.709134387783706 0.0
v -2.5746691348031163 -3.0902485009282827 0.0
v -12.208001937891822 -11.388881228864193 0.0
v -6.993217148003168 -6.025584239512682 0.0
v 6.172938092902768 0.63518051430583 0.0
v -8.623637750861235 -8.2108019227162 0.0
v 2.5699345369357616 -4.311764381825924 0.0
v 5.7884341272874735 6.409024456515908 0.0
v -10.585082673409488 13.44634492136538 0.0
v 5.8068703702883795 -5.042368325404823 0.0
v -0.6099357935017906 0.6609791768714786 0.0
v 3.4464734570356086 0.773714198730886 0.0
v 11.967986545350868 -12.850864766165614 0.0
v 11.396206612873357 6.149008565582335 0.0
v -4.897536550823133 2.2854754934087396 0.0
v -3.483961275953334 -7.124204421415925 0.0
v -0.7337257425533608 -13.6968206865713 0.0
v -11.657638314354699 6.823680938221514 0.0
v -12.223920563817956 2.455642613582313 0.0
v -0.07197055453434587 4.477905418723822 0.0
v -7.022273276525084 -8.682761068455875 0.0
v -6.75918320089113 14.290360379964113 0.0
v 5.3564915676251985 -12.473162374459207 0.0
v -12.359278184885625 -2.2336732260882854 0.0
v 0.547127079218626 -12.314182330854237 0.0
v -8.50528305588523 -8.663905983790755 0.0
v 7.690725150983781 3.207073741592467 0.0
v 13.076867757888976 6.8590316940099 0.0
v -13.946028434147593 7.7053068075329065 0.0
v -2.697225791052915 2.937881553545594 0.0
v 10.902835351531394 -7.06059242784977 0.0
v 14.70188759395387 -14.436183375306427 0.0
v -11.544148766144644 -8.214540573768318 0.0
v -0.9006253785337321 -8.128242798149586 0.0
v -10.411876550584566 -4.518909900449216 0.0
v -2.6639678220963106 0.992874376475811 0.0
v -12.743524627643637 5.562077432870865 0.0
v -7.0003234221367165 -2.044733064249158 0.0
v 4.793827920220792 4.407065348699689 0.0
v -4.427301955700386 0.46512750070542097 0.0
v 13.571488490502816 -14.696827010251582 0.0
v 8.0299855703488 -0.24901769123971462 0.0
v -3.6849057070794515 1.662394331768155 0.0
v 2.4403239842504263 -12.373065635561943 0.0
v 7.337015683413483 -6.539584691636264 0.0
v -13.398009433294646 -5.970856484025717 0.0
v 6.080908717471175 7.787595300003886 0.0
v 11.24554964050185 -6.173746674321592 0.0
v 1.9676766918273643 -14.58953096717596 0.0
v 14.037562155455817 -5.225127306766808 0.0
v -4.636441915587056 7.083261946216226 0.0
v -14.409705965139437 -6.958544471301138 0.0
v -3.763668238185346 -11.276340084150434 0.0
v 9.696034507302102 -7.483804634772241 0.0
v -10.96186254551867 6.386606406420469 0.0
v -13.980879789451137 -12.581895336508751 0.0
v -7.163254449958913 4.305843940936029 0.0
v -12.506825383054093 -14.655199432745576 0.0
v 4.721597691124771 11.21820970904082 0.0
v 10.875656961230561 -3.5717358868569136 0.0
v 2.8044467159197666 -6.256134531460702 0.0
v 6.366722880804446 -11.394502757117152 0.0
v -8.938480465556495 -10.354755212552845 0.0
v 5.76169730181573 -11.214257053099573 0.0
v 11.761521009902935 2.9999835463240743 0.0
f 1094 804 245
f 1612 159 997
f 693 605 997
f 301 1142 151
f 1142 700 151
f 1639 1270 151
f 53 1436 1898
f 203 1848 1426
f 1848 203 1898
f 1910 693 997
f 159 933 997
f 933 1910 997
f 1312 1279 1400
f 1004 288 1229
f 288 887 605
f 887 1267 1312
f 887 1004 792
f 1004 887 288
f 1693 1436 1897
f 1436 1693 1898
f 1693 50 1898
f 50 925 1898
f 126 1515 700
f 700 85 151
f 1515 85 700
f 1270 1532 245
f 1739 1639 1915
f 742 218 317
f 218 1411 317
f 1142 1606 700
f 1606 126 700
f 1131 1907 68
f 1907 1131 111
f 1131 167 111
f 20 1848 1898
f 1886 1504 818
f 1472 1498 1193
f 693 1664 605
f 1664 216 605
f 514 497 910
f 497 514 1346
f 811 297 933
f 933 297 1559
f 263 265 1330
f 265 263 648
f 1279 970 1400
f 970 263 1400
f 1805 49 1279
f 1540 60 528
f 1004 1957 792
f 244 875 569
f 1957 875 792
f 875 1957 569
f 1693 389 50
f 1238 389 1693
f 1946 274 41
f 671 1266 1248
f 554 850 1630
f 554 842 850
f 975 1261 451
f 1261 975 957
f 1178 1739 1915
f 1739 1178 490
f 69 1094 245
f 69 1342 1094
f 624 463 1249
f 463 624 1566
f 1562 1114 1793
f 1667 29 1085
f 1502 488 1137
f 1942 1996 709
f 444 804 1094
f 444 834 804
f 834 444 708
f 444 6 708
f 461 398 301
f 988 1142 301
f 398 988 301
f 1639 861 1270
f 1739 861 1639
f 1491 1002 1639
f 1639 1002 1915
f 1687 1491 1639
f 842 177 1059
f 177 554 405
f 554 177 842
f 331 1886 818
f 1077 265 677
f 265 1077 1330
f 1760 1946 41
f 76 1760 41
f 839 60 270
f 588 653 56
f 1974 588 56
f 1606 1432 126
f 453 834 708
f 1324 453 708
f 834 1594 804
f 203 902 1898
f 902 939 1898
f 1322 1507 646
f 646 1507 606
f 1507 167 606
f 1507 1322 1898
f 850 183 1630
f 842 183 850
f 1848 1726 1426
f 598 203 1426
f 598 191 203
f 191 1841 203
f 77 1504 821
f 917 77 821
f 616 288 605
f 616 1823 288
f 216 616 605
f 1498 1809 1193
f 1809 1823 1193
f 1823 1809 288
f 288 1809 1229
f 1809 1498 1229
f 1664 1339 1559
f 1339 933 1559
f 1910 953 693
f 953 1664 693
f 953 1339 1664
f 933 953 1910
f 1339 953 933
f 140 1664 1559
f 1664 140 216
f 204 1472 1193
f 448 1529 426
f 7 917 821
f 1729 7 821
f 426 7 1729
f 165 559 707
f 559 448 707
f 1187 1841 1964
f 1508 1286 1346
f 253 497 1346
f 1187 253 1768
f 1286 253 1346
f 253 1286 1768
f 915 1232 541
f 319 933 159
f 319 811 933
f 1612 319 159
f 297 1365 822
f 1365 297 811
f 1930 1365 811
f 977 1508 1271
f 1885 977 1271
f 1588 977 1554
f 977 1588 347
f 347 1588 822
f 156 1423 511
f 1423 1398 511
f 265 1287 677
f 500 263 1330
f 781 500 742
f 500 1330 742
f 1517 781 1400
f 263 1517 1400
f 1517 500 781
f 500 1517 263
f 263 1752 648
f 970 1752 263
f 1752 970 1279
f 49 1752 1279
f 197 1805 1279
f 1350 768 1427
f 793 426 1729
f 448 793 707
f 793 448 426
f 1489 1732 545
f 1732 1489 610
f 46 1569 504
f 567 1569 569
f 1569 244 569
f 1569 46 244
f 1320 887 792
f 717 1004 1229
f 1185 491 1700
f 1732 491 1185
f 491 1732 610
f 1611 172 728
f 1145 1907 111
f 1343 805 866
f 172 805 728
f 805 457 866
f 805 172 457
f 80 172 50
f 172 80 457
f 389 80 50
f 80 1238 457
f 1238 80 389
f 1238 63 457
f 63 1238 886
f 457 63 866
f 63 886 866
f 313 109 373
f 1438 33 1278
f 274 608 1721
f 608 274 1946
f 773 409 1890
f 1086 1214 1248
f 1266 1086 1248
f 1756 311 1775
f 1174 311 732
f 161 1971 1978
f 966 650 664
f 1261 171 451
f 171 1795 451
f 825 554 1630
f 554 825 405
f 711 975 451
f 1976 1532 490
f 1976 32 245
f 1532 1976 245
f 1976 1767 32
f 1767 1976 490
f 189 463 1566
f 189 412 1696
f 903 534 27
f 1836 659 1792
f 1977 930 619
f 1754 131 1695
f 169 1754 1695
f 1302 415 1331
f 1482 193 530
f 193 1482 450
f 1316 840 44
f 1945 1867 415
f 1945 486 1867
f 1945 807 1240
f 29 374 1085
f 739 488 1502
f 840 739 44
f 208 1996 14
f 1996 208 709
f 62 433 807
f 807 433 1240
f 433 1194 1240
f 971 29 1667
f 1727 971 1667
f 72 1942 373
f 341 72 373
f 72 341 1038
f 1996 72 1038
f 1942 72 1996
f 362 313 373
f 1942 362 373
f 313 362 1502
f 362 1791 1502
f 6 39 708
f 1026 85 1515
f 626 1026 1515
f 1026 626 984
f 398 1188 633
f 461 1188 398
f 1188 461 96
f 95 1188 96
f 1457 461 301
f 461 1457 96
f 988 880 1142
f 1838 775 317
f 1018 1326 1356
f 1018 1284 1714
f 1284 1018 1356
f 1949 1326 1080
f 1967 1739 490
f 1967 861 1739
f 1002 1308 1915
f 1902 1687 855
f 1801 1639 151
f 1687 1801 855
f 1801 1687 1639
f 99 484 1141
f 99 331 484
f 99 1504 1886
f 331 99 1886
f 703 77 397
f 703 331 818
f 896 1077 1903
f 218 896 1411
f 896 1903 1411
f 1077 896 1330
f 1330 896 742
f 896 218 742
f 1475 1167 1635
f 1181 1484 372
f 1484 753 372
f 1359 1077 677
f 1077 1359 1903
f 33 329 1278
f 1780 76 41
f 1780 329 1306
f 329 1780 1278
f 1486 840 1695
f 1183 678 1628
f 764 762 839
f 1943 588 999
f 1943 653 588
f 1099 1974 560
f 726 661 1695
f 661 726 758
f 661 1486 1695
f 1974 45 560
f 802 659 1515
f 126 802 1515
f 1432 802 126
f 659 802 1792
f 802 1432 1792
f 922 1348 720
f 182 720 1887
f 1977 182 1887
f 1348 833 1798
f 922 833 1348
f 1850 95 911
f 370 1587 1225
f 1587 418 1225
f 418 1587 1415
f 1415 1817 720
f 1817 1587 370
f 1587 1817 1415
f 1894 398 633
f 1657 1894 633
f 1084 285 250
f 234 1259 804
f 1993 1103 1024
f 234 1993 1259
f 1993 234 1103
f 719 53 682
f 719 1748 53
f 1594 1013 137
f 1407 1762 1396
f 167 223 111
f 1507 223 167
f 223 994 111
f 1837 842 1059
f 1837 183 842
f 964 167 1131
f 964 1629 167
f 1758 1322 646
f 1322 1758 1898
f 1758 20 1898
f 1434 1806 606
f 167 1434 606
f 1629 1434 167
f 492 1841 191
f 1841 492 1964
f 284 356 1295
f 77 1990 397
f 1990 77 917
f 813 1953 532
f 1410 1990 917
f 1957 1165 569
f 1165 1957 1004
f 717 1165 1004
f 1294 616 216
f 616 1294 1823
f 1823 1944 1193
f 1944 204 1193
f 357 448 541
f 357 1529 448
f 1529 357 910
f 129 7 426
f 497 129 910
f 7 129 917
f 1033 1357 165
f 242 1654 258
f 1654 242 1213
f 242 258 1652
f 559 242 448
f 541 242 1652
f 448 242 541
f 1528 1768 835
f 1528 1187 1768
f 902 1528 835
f 1528 902 203
f 1841 1528 203
f 1187 1528 1841
f 1768 1254 835
f 1286 1254 1768
f 893 253 532
f 253 893 497
f 893 1410 917
f 129 893 917
f 893 129 497
f 65 1187 1964
f 65 253 1187
f 253 65 532
f 1232 1725 514
f 1725 1508 1346
f 514 1725 1346
f 319 750 811
f 1930 750 939
f 750 1930 811
f 939 750 1612
f 750 319 1612
f 347 261 835
f 977 275 1508
f 275 1286 1508
f 297 557 1554
f 557 1588 1554
f 557 297 822
f 1588 557 822
f 1724 628 831
f 156 1724 831
f 176 827 1480
f 1037 827 1175
f 827 176 1175
f 713 1398 1423
f 713 827 1037
f 713 1037 1771
f 1743 154 144
f 628 154 831
f 25 176 1480
f 176 25 1175
f 25 1267 1175
f 1267 25 1312
f 478 128 144
f 698 1743 144
f 128 698 144
f 1267 544 1175
f 544 16 1175
f 1037 1511 1771
f 1511 368 1771
f 368 355 1771
f 355 368 1115
f 411 355 1680
f 411 1126 1771
f 355 411 1771
f 1126 1888 1771
f 1888 713 1771
f 713 1888 1398
f 908 867 648
f 1752 908 648
f 908 1752 49
f 1805 1315 49
f 1577 1350 622
f 154 1118 144
f 1118 154 628
f 1814 1279 1312
f 1814 197 1279
f 1610 1287 265
f 360 1209 200
f 1209 1464 200
f 1540 1337 1485
f 1186 1949 1080
f 1949 1186 858
f 1186 537 858
f 1056 1703 738
f 1056 1732 1185
f 1703 1056 1185
f 1732 1056 545
f 1056 269 545
f 489 759 1141
f 1060 489 1141
f 1153 1060 1141
f 1649 179 1124
f 1808 1883 707
f 793 1808 707
f 1808 793 1883
f 783 895 932
f 951 1357 783
f 1642 165 707
f 1642 1033 165
f 746 343 1912
f 1569 190 504
f 1862 190 567
f 190 1569 567
f 1501 717 1229
f 717 1501 1349
f 1498 1501 1229
f 1349 1501 1498
f 1869 1862 932
f 1869 550 1862
f 1605 46 504
f 1614 687 86
f 687 411 1680
f 1126 687 1614
f 411 687 1126
f 1681 491 610
f 491 1681 1741
f 290 1611 728
f 1116 1611 994
f 1611 1116 172
f 1116 925 50
f 172 1116 50
f 1816 536 1343
f 536 805 1343
f 805 536 728
f 536 290 728
f 290 536 1816
f 1212 1693 1897
f 1436 1987 1897
f 1987 1212 1897
f 886 885 866
f 885 1343 866
f 885 1041 1343
f 1585 1829 612
f 1637 33 1438
f 109 1637 601
f 760 1502 1137
f 1637 760 33
f 864 608 1946
f 1760 864 1946
f 678 864 1760
f 864 678 1156
f 1797 274 1721
f 1797 1438 1278
f 1797 1647 1438
f 1647 1797 1406
f 409 363 527
f 363 1070 527
f 363 995 1070
f 1935 1012 1025
f 1551 1001 1775
f 311 1551 1775
f 1560 1174 1207
f 1560 483 1001
f 91 672 37
f 1553 363 732
f 995 1553 1170
f 363 1553 995
f 1274 1756 731
f 1800 1128 1215
f 938 725 645
f 938 487 748
f 121 938 645
f 1756 121 731
f 650 122 664
f 122 958 664
f 958 122 246
f 399 198 246
f 198 958 246
f 1975 323 70
f 161 1975 70
f 958 1379 664
f 1379 1016 70
f 323 1379 70
f 1379 1277 1016
f 1277 1379 958
f 912 1449 1510
f 1449 870 1510
f 870 1449 1163
f 669 912 1510
f 1557 669 1510
f 1971 551 1978
f 923 1020 1721
f 923 608 1602
f 608 923 1721
f 1458 820 1746
f 1950 669 1884
f 966 1364 650
f 920 311 1756
f 920 890 1170
f 1553 920 1170
f 311 920 732
f 920 1553 732
f 1325 21 437
f 1462 572 1973
f 1462 1973 267
f 1364 1462 267
f 825 522 405
f 183 1922 1630
f 1922 183 1522
f 1375 1922 354
f 12 784 354
f 975 361 957
f 361 1762 957
f 1762 361 1396
f 361 784 1396
f 1151 966 1163
f 1151 1364 966
f 1364 1151 238
f 32 1206 245
f 1206 69 245
f 1206 927 69
f 927 1206 934
f 1206 1030 934
f 1767 1030 32
f 1030 1206 32
f 1030 1191 934
f 1178 36 490
f 36 1767 490
f 36 1178 1915
f 1767 36 493
f 1853 1228 1793
f 505 444 1094
f 444 505 963
f 26 624 1249
f 624 26 1566
f 1592 1562 1793
f 1221 1666 27
f 1221 942 1666
f 1666 815 27
f 942 815 1666
f 69 1078 1342
f 1646 790 980
f 1646 1221 27
f 1221 1646 1876
f 534 1646 27
f 790 1646 534
f 189 978 463
f 978 189 1696
f 978 735 463
f 735 978 1696
f 1342 735 1094
f 735 1696 1094
f 1662 903 27
f 735 1733 463
f 463 1733 1249
f 1733 903 1249
f 1867 18 415
f 520 1042 450
f 520 1482 1331
f 1482 520 450
f 520 18 1042
f 415 520 1331
f 18 520 415
f 143 1754 530
f 193 143 530
f 1754 143 1597
f 987 458 1420
f 588 1053 999
f 1974 879 588
f 879 1053 588
f 1099 879 1974
f 1853 1102 1667
f 1102 1727 1667
f 1608 1102 1853
f 486 1736 1117
f 1736 1945 1240
f 1945 1736 486
f 241 1853 1793
f 304 1744 1764
f 1299 1088 250
f 1525 1977 619
f 131 1525 619
f 1977 1525 1597
f 1525 1754 1597
f 1525 131 1754
f 1302 1133 415
f 1133 1945 415
f 1945 1133 807
f 1133 62 807
f 952 1482 718
f 952 1302 1331
f 1482 952 1331
f 1316 1674 840
f 1674 1316 169
f 840 1674 1695
f 1674 169 1695
f 1405 1316 718
f 1405 1482 530
f 1482 1405 718
f 1620 1853 1667
f 1154 1266 671
f 1154 341 1266
f 1803 1996 1038
f 1996 1803 29
f 1791 78 1502
f 78 739 1502
f 739 78 44
f 78 1316 44
f 1316 78 718
f 1785 1996 29
f 971 1785 29
f 1996 1785 14
f 467 1942 1653
f 467 362 1942
f 362 467 1791
f 467 1624 1791
f 641 1084 1454
f 641 285 1084
f 1026 430 85
f 659 390 1515
f 390 626 1515
f 626 390 701
f 984 1818 385
f 626 1818 984
f 1799 626 701
f 1799 701 847
f 1818 1799 385
f 1799 1818 626
f 1457 865 96
f 865 1457 301
f 1933 95 96
f 95 1933 911
f 1933 1833 911
f 865 1906 96
f 1906 865 460
f 233 775 1838
f 1484 233 1838
f 233 1484 1181
f 1071 1749 1712
f 1859 1505 123
f 1326 101 1080
f 1018 101 1326
f 1326 1679 1356
f 1949 1679 1326
f 1532 1492 490
f 1492 1967 490
f 1967 1492 861
f 1308 882 1915
f 882 36 1915
f 36 882 493
f 364 794 124
f 320 364 124
f 364 882 1308
f 1846 1308 1002
f 1846 364 1308
f 364 1846 794
f 794 1139 721
f 1687 1139 1491
f 1902 1139 1687
f 1846 1139 794
f 1139 1002 1491
f 1139 1846 1002
f 1139 1429 721
f 1429 1139 1902
f 637 1902 855
f 1801 637 855
f 1615 1813 942
f 1813 1788 1301
f 1788 1813 1750
f 935 1750 464
f 935 1788 1750
f 1788 935 1301
f 1378 1112 1493
f 1112 1378 1593
f 1429 164 721
f 164 1429 1902
f 177 857 1059
f 857 1837 1059
f 331 565 484
f 703 565 331
f 1111 703 818
f 703 1111 77
f 1504 1111 818
f 77 1111 1504
f 1292 1838 317
f 1292 1484 1838
f 1484 1292 753
f 1411 1292 317
f 307 1359 677
f 1359 307 753
f 1287 307 677
f 55 760 1137
f 760 55 33
f 739 35 488
f 1783 739 840
f 1486 1783 840
f 269 1578 545
f 1709 422 1310
f 1183 1709 1310
f 1713 1709 1628
f 1709 1183 1628
f 683 1458 1746
f 683 1056 738
f 764 1328 379
f 1328 839 270
f 1328 764 839
f 1328 1640 379
f 1640 764 379
f 764 1640 762
f 950 1216 472
f 965 1092 1572
f 1092 965 1255
f 333 1840 74
f 1840 3 74
f 1540 1840 60
f 1840 333 60
f 1840 1540 1485
f 3 1840 1485
f 1408 416 839
f 60 416 528
f 839 416 60
f 416 658 528
f 658 416 1408
f 632 1408 839
f 632 762 194
f 762 632 839
f 658 632 596
f 632 658 1408
f 762 110 194
f 678 1789 1628
f 1789 678 1760
f 1789 1760 76
f 1789 295 1628
f 876 661 758
f 941 876 987
f 1205 1027 150
f 969 1027 1579
f 876 969 1579
f 969 876 941
f 1027 969 150
f 969 941 150
f 921 987 1420
f 921 941 987
f 45 921 560
f 941 921 150
f 921 45 150
f 904 1307 194
f 1307 632 194
f 632 1307 596
f 1198 462 1007
f 1272 359 1802
f 359 1465 1802
f 359 436 1465
f 1548 904 1120
f 45 1189 150
f 1189 1548 229
f 435 922 1722
f 833 435 1125
f 435 833 922
f 558 922 720
f 922 558 1722
f 182 558 720
f 1288 1567 450
f 1042 1288 450
f 833 1995 1798
f 1372 1949 858
f 1850 1413 95
f 1413 1188 95
f 1413 1372 1657
f 1372 1413 1850
f 1413 1657 633
f 1188 1413 633
f 1050 1348 1798
f 1372 1872 1657
f 39 1251 708
f 1251 1324 708
f 1345 1299 250
f 285 1345 250
f 1748 800 1024
f 800 1993 1024
f 1993 800 1259
f 1259 413 682
f 413 719 682
f 800 413 1259
f 1013 715 137
f 715 1043 962
f 148 1236 137
f 715 148 137
f 1762 336 957
f 336 1261 957
f 336 171 1261
f 1407 336 1762
f 1878 1407 1008
f 1878 336 1407
f 1907 278 68
f 278 1396 68
f 278 1407 1396
f 299 1145 1008
f 1407 299 1008
f 278 299 1407
f 1145 299 1907
f 299 278 1907
f 223 322 994
f 1116 322 925
f 322 1116 994
f 925 322 1898
f 322 1507 1898
f 322 223 1507
f 183 1380 1522
f 1837 1380 183
f 1164 646 606
f 1164 1758 646
f 1857 1162 1778
f 1443 1874 945
f 1164 160 1758
f 931 160 1806
f 160 931 166
f 1806 160 606
f 160 1164 606
f 1424 931 1806
f 964 1424 1629
f 1424 1434 1629
f 1434 1424 1806
f 1424 1857 1778
f 1424 964 1857
f 100 1162 1954
f 146 12 354
f 1162 146 1591
f 12 146 1857
f 146 1162 1857
f 1856 492 191
f 1856 1521 492
f 598 1856 191
f 1856 598 1426
f 813 1852 1953
f 480 567 569
f 1165 480 569
f 73 215 94
f 140 73 216
f 215 73 140
f 872 215 140
f 872 297 1554
f 297 872 1559
f 872 140 1559
f 977 1258 1554
f 1258 977 1885
f 1258 872 1554
f 872 1258 215
f 888 916 204
f 204 916 1472
f 258 916 1652
f 916 1654 1472
f 1654 916 258
f 888 874 94
f 874 888 204
f 874 73 94
f 73 874 216
f 1203 1258 1885
f 215 1203 94
f 1258 1203 215
f 1444 541 1652
f 1444 915 541
f 916 1444 1652
f 1444 916 888
f 1232 521 541
f 521 357 541
f 521 1232 514
f 521 514 910
f 357 521 910
f 129 1831 910
f 1831 129 426
f 1831 1529 910
f 1529 1831 426
f 1226 1033 259
f 1226 1357 1033
f 1354 242 559
f 1354 559 165
f 1357 1354 165
f 1953 252 532
f 252 893 532
f 893 252 1410
f 1990 252 1953
f 1410 252 1990
f 492 345 1964
f 345 65 1964
f 345 492 506
f 813 345 506
f 345 813 532
f 65 345 532
f 351 1232 915
f 351 1725 1232
f 351 1885 1271
f 1885 351 915
f 884 1930 939
f 261 884 939
f 1365 884 822
f 884 1365 1930
f 884 347 822
f 884 261 347
f 440 902 835
f 261 440 835
f 902 440 939
f 440 261 939
f 1717 977 347
f 1717 275 977
f 1717 347 835
f 1254 1717 835
f 1717 1254 1286
f 275 1717 1286
f 1724 1401 628
f 1401 1118 628
f 1118 1401 293
f 1665 1724 156
f 1847 713 1423
f 713 1847 827
f 1480 1847 1423
f 827 1847 1480
f 154 636 831
f 636 154 1743
f 636 156 831
f 871 562 1312
f 25 871 1312
f 1439 478 1427
f 478 1439 128
f 1603 1350 1427
f 478 1603 1427
f 1350 1603 622
f 1745 698 562
f 698 1745 1743
f 871 1745 562
f 562 243 1312
f 698 243 562
f 243 698 128
f 1439 243 128
f 544 803 16
f 803 544 1115
f 803 368 16
f 368 803 1115
f 368 1819 16
f 1511 1819 368
f 1819 1511 1037
f 16 1819 1175
f 1819 1037 1175
f 60 1503 270
f 333 1503 60
f 908 535 867
f 535 908 49
f 1315 535 49
f 768 1045 1805
f 1045 1315 1805
f 1045 768 1350
f 1315 1045 1350
f 1577 1019 1350
f 1315 1019 1523
f 1019 1315 1350
f 1610 1905 1287
f 474 695 575
f 867 474 648
f 695 474 867
f 225 695 867
f 535 225 867
f 225 1315 1523
f 225 535 1315
f 1209 346 1464
f 1772 1943 999
f 1190 1772 999
f 749 360 200
f 763 749 200
f 749 1186 1080
f 101 749 1080
f 749 101 360
f 1186 1106 537
f 1509 1986 1700
f 491 1509 1700
f 1509 491 1741
f 1689 746 1912
f 1269 1633 1986
f 179 940 1124
f 1703 517 738
f 940 517 1703
f 1458 1781 649
f 649 1781 469
f 1781 207 469
f 179 651 814
f 1649 651 179
f 1153 479 1060
f 479 489 1060
f 479 1649 1124
f 1382 479 1124
f 489 479 759
f 479 170 759
f 170 479 1382
f 325 224 1912
f 224 1269 1912
f 224 1633 1269
f 224 1382 1124
f 1633 224 1124
f 793 1873 1883
f 1873 350 1883
f 350 1873 1450
f 1347 951 783
f 1347 1862 567
f 1862 1347 932
f 1347 783 932
f 951 423 1357
f 423 1354 1357
f 1354 423 242
f 242 423 1213
f 1883 1875 707
f 1875 1642 707
f 350 1875 1883
f 1875 350 325
f 1927 325 1912
f 343 1927 1912
f 1927 1875 325
f 1875 1927 1642
f 1642 1927 1033
f 46 1021 244
f 1021 1932 1320
f 1021 875 244
f 875 1021 792
f 1021 1320 792
f 1605 391 1854
f 1605 581 46
f 581 1021 46
f 1021 581 1932
f 581 913 1932
f 929 687 1680
f 929 494 1351
f 1256 494 1115
f 1256 544 1267
f 544 1256 1115
f 1611 734 994
f 290 734 1611
f 1478 290 1816
f 1478 1816 1810
f 83 1087 471
f 613 83 471
f 1987 83 613
f 509 1987 1436
f 1981 885 886
f 1794 613 471
f 1794 1981 613
f 1981 1794 885
f 1595 1829 1585
f 149 914 612
f 1829 149 612
f 324 1087 1968
f 1804 133 1961
f 995 1698 437
f 1698 1325 437
f 1325 1698 890
f 890 1698 1170
f 1698 995 1170
f 1070 1264 527
f 1637 1684 601
f 1684 1637 1438
f 1647 1684 1438
f 88 1637 109
f 88 760 1637
f 1020 770 1721
f 770 1797 1721
f 1622 1797 1278
f 1622 1780 41
f 1780 1622 1278
f 274 1622 41
f 1797 1622 274
f 773 1035 15
f 773 1534 409
f 1534 363 409
f 1534 1174 732
f 363 1534 732
f 1174 1769 1207
f 1769 1389 1207
f 1534 1769 1174
f 1389 1769 15
f 1769 773 15
f 1769 1534 773
f 1483 1035 1344
f 1951 901 466
f 456 1568 1988
f 341 881 1266
f 1128 542 1215
f 542 672 1215
f 672 542 37
f 542 725 37
f 846 311 1174
f 846 1551 311
f 1560 846 1174
f 1551 846 1001
f 846 1560 1001
f 1613 1951 466
f 483 292 748
f 292 91 748
f 91 292 155
f 1613 292 483
f 1735 1560 1207
f 1735 483 1560
f 1389 1735 1207
f 830 938 748
f 91 830 748
f 830 91 37
f 725 830 37
f 830 725 938
f 139 155 1214
f 139 91 155
f 1086 139 1214
f 672 139 1086
f 91 139 672
f 1641 1274 399
f 1641 1325 890
f 1274 1641 1756
f 1641 399 246
f 1325 1641 246
f 1641 920 1756
f 920 1641 890
f 1385 1800 1215
f 1385 109 601
f 109 1385 373
f 1385 341 373
f 1800 954 1128
f 954 542 1128
f 542 954 725
f 487 1360 748
f 1360 483 748
f 483 1360 1001
f 1001 967 1775
f 1360 967 1001
f 967 1360 487
f 967 1756 1775
f 1937 121 645
f 121 1937 731
f 64 487 938
f 64 967 487
f 809 198 399
f 809 1274 731
f 1274 809 399
f 1834 809 731
f 1379 919 664
f 919 1379 323
f 445 711 891
f 669 22 1884
f 1975 22 1557
f 22 669 1557
f 22 161 1978
f 22 1975 161
f 1812 1280 1884
f 1812 22 1978
f 22 1812 1884
f 1812 1544 1280
f 161 1006 1971
f 219 1006 161
f 1006 923 1971
f 923 1006 1020
f 465 219 161
f 1549 1183 1310
f 1549 468 1156
f 678 1549 1156
f 1549 678 1183
f 670 864 1156
f 468 670 1156
f 670 468 1602
f 608 670 1602
f 864 670 608
f 1934 551 1971
f 468 1934 1602
f 1934 923 1602
f 923 1934 1971
f 434 422 1746
f 820 434 1746
f 422 434 1310
f 434 1549 1310
f 669 1034 912
f 1950 1034 669
f 1034 1917 912
f 1034 1950 1676
f 1950 1068 1676
f 1676 1068 469
f 1280 1068 1884
f 1068 1950 1884
f 1068 649 469
f 1068 1544 649
f 1544 1068 1280
f 271 177 405
f 484 1992 1141
f 1992 1153 1141
f 431 1364 238
f 431 445 891
f 919 1512 664
f 1512 919 323
f 1512 966 664
f 1497 1557 1510
f 870 1497 1510
f 1497 870 1163
f 966 1497 1163
f 420 1497 966
f 681 1364 267
f 1364 681 650
f 572 1763 914
f 914 1763 612
f 1763 1462 1795
f 1462 1763 572
f 1763 171 612
f 171 1763 1795
f 21 1109 437
f 1109 995 437
f 1973 1109 21
f 572 1109 1973
f 1109 572 914
f 149 1109 914
f 1795 816 451
f 1462 816 1795
f 816 711 451
f 711 816 891
f 816 431 891
f 816 1462 1364
f 431 816 1364
f 711 432 975
f 432 825 975
f 432 522 825
f 1922 680 1630
f 680 1922 1375
f 680 825 1630
f 825 680 975
f 680 1375 975
f 1375 589 975
f 589 361 975
f 589 1375 354
f 784 589 354
f 361 589 784
f 927 609 69
f 607 927 934
f 607 1191 281
f 1191 607 934
f 609 607 281
f 607 609 927
f 1824 1191 1030
f 1824 1767 493
f 1824 1030 1767
f 1191 979 281
f 979 609 281
f 609 979 69
f 979 1078 69
f 47 586 524
f 1696 1984 1094
f 412 1984 1696
f 1046 505 1094
f 505 1046 1144
f 634 1984 412
f 1984 634 1538
f 1149 634 412
f 634 1149 854
f 1592 1999 1562
f 1997 1999 308
f 1999 1114 1562
f 1228 990 1793
f 990 1592 1793
f 990 47 524
f 47 990 1228
f 227 1997 308
f 1839 815 942
f 1839 1813 1301
f 1813 1839 942
f 815 1839 308
f 1839 227 308
f 860 1065 1371
f 1342 386 980
f 386 1646 980
f 1646 386 1876
f 173 1615 942
f 173 1221 1876
f 1221 173 942
f 574 1733 735
f 815 1010 27
f 1010 815 308
f 1999 1958 308
f 1958 1999 1592
f 1958 990 524
f 990 1958 1592
f 903 1958 1249
f 701 868 847
f 17 868 701
f 1555 1440 705
f 1440 1555 1095
f 868 1555 705
f 1555 868 17
f 1555 17 1798
f 1399 458 987
f 1399 876 758
f 876 1399 987
f 1399 686 458
f 1940 726 1695
f 131 1940 1695
f 1940 131 619
f 1352 1053 1119
f 23 1352 1119
f 1053 1352 999
f 1352 1190 999
f 1053 1683 1119
f 879 1683 1053
f 75 1099 1420
f 75 879 1099
f 458 75 1420
f 686 75 458
f 930 948 619
f 1102 587 1727
f 1736 513 1117
f 513 1321 1117
f 1321 513 1619
f 1194 1069 1240
f 1069 1736 1240
f 1451 1608 1853
f 241 1451 1853
f 1451 241 1608
f 1029 901 1158
f 1617 1029 1063
f 406 1617 1671
f 495 1564 561
f 1564 495 1304
f 495 304 1304
f 495 1744 304
f 59 1536 791
f 383 304 1764
f 1200 456 340
f 1200 947 456
f 59 1200 340
f 947 1200 59
f 851 59 791
f 851 947 59
f 1815 851 791
f 952 312 1302
f 312 952 718
f 1624 312 1791
f 78 312 718
f 312 78 1791
f 1316 1918 169
f 1405 1918 1316
f 169 1918 1754
f 1754 1918 530
f 1918 1405 530
f 1133 1659 62
f 1659 1864 62
f 1864 1659 1653
f 1659 467 1653
f 467 1659 1624
f 1659 1133 1302
f 312 1659 1302
f 1659 312 1624
f 1047 374 561
f 1564 1047 561
f 374 1047 1085
f 1047 1564 1304
f 710 1228 1853
f 1620 710 1853
f 304 67 1304
f 788 67 304
f 1661 788 1414
f 788 1661 339
f 1661 1620 339
f 1661 710 1620
f 1604 1154 671
f 374 1604 561
f 1636 374 29
f 1803 1636 29
f 1636 1604 374
f 433 808 1194
f 1686 808 433
f 808 208 1194
f 208 808 709
f 808 1686 709
f 1670 433 62
f 1670 1686 433
f 1864 1670 62
f 1686 1670 709
f 1670 1864 1653
f 1942 1670 1653
f 1670 1942 709
f 1321 937 699
f 937 1321 1619
f 563 937 1619
f 407 971 1727
f 407 1785 971
f 1785 407 14
f 407 937 563
f 444 400 6
f 400 39 6
f 400 599 39
f 599 400 641
f 599 1251 39
f 85 1230 151
f 430 1230 85
f 1040 1026 984
f 1040 430 1026
f 1040 1230 430
f 1040 984 385
f 1230 1040 151
f 826 1799 847
f 1799 826 385
f 1290 370 1225
f 1290 1836 1792
f 1432 1290 1792
f 1290 1432 1606
f 1218 880 988
f 775 899 317
f 899 301 151
f 899 1270 317
f 1270 899 151
f 1833 1963 911
f 1071 97 1635
f 97 1475 1635
f 1284 1539 1714
f 97 1539 1284
f 1539 1018 1714
f 1822 1859 123
f 1859 1096 1505
f 629 1850 911
f 1963 629 911
f 973 1679 1949
f 1372 973 1949
f 1880 1532 1270
f 1880 1492 1532
f 861 1880 1270
f 1492 1880 861
f 298 956 1488
f 164 298 1488
f 637 298 1902
f 298 164 1902
f 782 335 1383
f 1431 1311 644
f 1983 660 1220
f 660 1440 1220
f 1440 660 705
f 1161 286 1428
f 449 1112 1488
f 1112 449 1493
f 1463 1520 1801
f 298 1520 956
f 1520 637 1801
f 1520 298 637
f 249 1463 1801
f 249 1801 151
f 1313 1813 1615
f 1750 1319 464
f 316 1378 1493
f 1989 1241 905
f 120 1983 1220
f 120 751 1983
f 1227 241 1793
f 241 1227 1608
f 1227 1102 1608
f 11 1321 699
f 688 1262 684
f 11 1262 688
f 1496 1380 1837
f 1061 582 484
f 565 1061 484
f 582 1061 1688
f 1061 565 1688
f 262 1390 356
f 565 262 1688
f 262 565 703
f 34 1390 1723
f 1390 34 356
f 356 34 1295
f 34 1305 1295
f 1305 34 1723
f 1182 703 397
f 135 1359 753
f 1292 135 753
f 1359 135 1903
f 1903 135 1411
f 135 1292 1411
f 329 369 1306
f 1718 55 1137
f 488 1718 1137
f 35 1718 488
f 382 220 1039
f 209 382 1039
f 295 209 1039
f 849 35 739
f 1783 849 739
f 1542 1709 1713
f 1709 1542 422
f 1309 1578 269
f 422 1309 1746
f 1056 972 269
f 683 972 1056
f 972 683 1746
f 1309 972 1746
f 972 1309 269
f 482 950 472
f 1640 482 472
f 482 1328 950
f 482 1640 1328
f 196 1681 610
f 1168 1092 1854
f 658 1786 528
f 477 658 596
f 653 477 56
f 1786 477 653
f 477 1786 658
f 1640 538 762
f 538 110 762
f 110 538 1465
f 538 1243 1578
f 538 1640 472
f 1409 538 472
f 1243 538 1409
f 1789 603 1157
f 603 209 1157
f 1618 1789 1157
f 327 1713 1628
f 295 327 1628
f 462 327 1039
f 327 295 1039
f 217 876 1579
f 1121 1205 150
f 1189 1121 150
f 1121 1189 229
f 1121 229 1007
f 1205 1121 1007
f 462 1283 1007
f 1283 1205 1007
f 1205 1283 1027
f 1027 1283 1039
f 1283 462 1039
f 1099 1052 1420
f 1052 921 1420
f 1052 1099 560
f 921 1052 560
f 477 1051 56
f 1307 1051 596
f 1051 477 596
f 1198 1459 462
f 546 110 1465
f 436 546 1465
f 546 436 110
f 1198 1101 1272
f 1101 1198 1007
f 229 1101 1007
f 1101 1548 1120
f 1548 1101 229
f 110 376 194
f 436 376 110
f 359 376 436
f 376 359 1272
f 1101 376 1272
f 1567 1093 1722
f 1093 435 1722
f 435 1093 1125
f 1288 1093 1567
f 1911 1567 1722
f 1062 1911 1722
f 1567 1911 450
f 1911 193 450
f 558 1281 1722
f 1281 558 182
f 1348 1784 720
f 1784 1415 720
f 1784 418 1415
f 17 1858 1798
f 1858 1050 1798
f 930 591 61
f 591 1977 1887
f 591 930 1977
f 720 1374 1887
f 1817 1374 720
f 1374 591 1887
f 863 1374 1817
f 1374 863 591
f 591 863 61
f 2 342 1369
f 553 2 1369
f 2 553 61
f 863 2 61
f 2 863 404
f 1152 2 404
f 2 1152 342
f 583 1372 858
f 583 1872 1372
f 66 1015 1872
f 1015 1894 1657
f 1872 1015 1657
f 730 57 531
f 722 730 531
f 722 1251 730
f 264 1345 285
f 883 873 1024
f 873 595 1024
f 719 1333 1748
f 1333 800 1748
f 413 1333 719
f 1333 413 800
f 174 1748 1024
f 656 722 531
f 722 656 1251
f 1251 656 1324
f 38 283 1043
f 1361 981 1565
f 1660 715 962
f 1660 148 715
f 1245 1660 962
f 84 1878 1009
f 84 1595 1585
f 1595 84 1701
f 630 1878 1008
f 1878 630 1009
f 1009 630 1810
f 1145 630 1008
f 630 1478 1810
f 1478 630 1145
f 336 1920 171
f 1878 1920 336
f 1920 1585 612
f 171 1920 612
f 1089 1162 1591
f 1162 1089 1954
f 1631 1089 1591
f 1089 1631 284
f 1954 1089 1295
f 1089 284 1295
f 20 1421 1848
f 841 1874 1443
f 841 1723 727
f 841 1305 1723
f 1305 841 1443
f 160 623 1758
f 623 160 166
f 1758 623 20
f 623 166 20
f 100 1150 945
f 1150 1443 945
f 1150 1305 1443
f 481 100 945
f 100 481 931
f 931 481 166
f 1874 481 945
f 166 481 20
f 481 1874 20
f 1162 1195 1778
f 100 1195 1162
f 1195 1424 1778
f 1424 1195 931
f 1195 100 931
f 1023 146 354
f 1922 1023 354
f 1023 1922 1522
f 146 1023 1591
f 1380 1023 1522
f 1631 1430 284
f 1430 356 284
f 1430 1023 1380
f 1430 1496 356
f 1496 1430 1380
f 1430 1631 1591
f 1023 1430 1591
f 1856 213 1521
f 1726 213 1426
f 213 1856 1426
f 1923 813 506
f 1923 1825 813
f 105 1825 1521
f 105 213 1726
f 213 105 1521
f 105 1726 727
f 838 1990 1953
f 1852 838 1953
f 1990 838 397
f 1825 1879 813
f 1879 1852 813
f 1654 1844 1472
f 1944 756 204
f 756 874 204
f 756 1944 1823
f 1294 756 1823
f 756 1294 216
f 874 756 216
f 31 888 94
f 1203 31 94
f 1444 31 915
f 31 1444 888
f 1357 549 783
f 1226 549 1357
f 1253 351 1271
f 351 1253 1725
f 1508 1253 1271
f 1725 1253 1508
f 1994 1401 1724
f 248 156 511
f 1665 248 511
f 248 1665 156
f 1556 636 1743
f 1745 1556 1743
f 1556 25 1480
f 1556 871 25
f 1556 1745 871
f 1556 1480 1423
f 156 1556 1423
f 636 1556 156
f 1237 478 144
f 1237 1603 478
f 1863 1439 1427
f 1863 243 1439
f 768 1863 1427
f 243 1863 1312
f 1863 1814 1312
f 1863 768 1805
f 197 1863 1805
f 1814 1863 197
f 1394 1126 1614
f 1233 1394 1614
f 1394 305 1126
f 1167 652 1635
f 1570 1905 372
f 1905 1570 1287
f 753 1570 372
f 307 1570 753
f 1570 307 1287
f 928 1610 265
f 928 474 1610
f 928 265 648
f 474 928 648
f 1005 90 130
f 90 817 130
f 1541 817 90
f 1392 90 106
f 1392 1541 90
f 1190 1719 89
f 1719 346 89
f 346 1719 1464
f 346 138 89
f 1581 906 704
f 1337 1581 1485
f 537 1731 858
f 459 1731 537
f 1731 583 858
f 583 1731 459
f 771 1106 1186
f 771 749 763
f 749 771 1186
f 1373 771 763
f 771 1373 1106
f 1621 1168 1854
f 1054 1185 1700
f 1986 1054 1700
f 1054 1703 1185
f 1054 940 1703
f 665 517 940
f 683 1575 1458
f 1575 1781 1458
f 1575 683 738
f 1781 1575 738
f 1781 1531 207
f 1531 665 207
f 665 1531 517
f 517 1531 738
f 1531 1781 738
f 1122 479 1153
f 1122 651 1649
f 479 1122 1649
f 1318 170 1382
f 1318 224 325
f 224 1318 1382
f 170 1574 1450
f 350 1574 325
f 1574 350 1450
f 1574 1318 325
f 1318 1574 170
f 1336 1450 1504
f 1336 170 1450
f 170 1336 759
f 99 1336 1504
f 759 1336 1141
f 1336 99 1141
f 1353 1873 793
f 1873 1353 1450
f 1504 1353 821
f 1450 1353 1504
f 423 655 1213
f 655 423 951
f 655 1851 1213
f 1851 655 480
f 1327 343 259
f 1327 1927 343
f 1033 1327 259
f 1927 1327 1033
f 1159 929 1351
f 929 1159 687
f 1074 1563 86
f 687 1074 86
f 1159 1074 687
f 1320 296 887
f 1596 296 1320
f 887 296 1267
f 1932 1896 1320
f 1896 1596 1320
f 550 1448 1862
f 1448 190 1862
f 190 1448 504
f 965 1064 1255
f 1074 1064 965
f 1543 1064 1332
f 1341 581 1605
f 581 1341 913
f 1235 929 1680
f 929 1235 494
f 494 1235 1115
f 355 1235 1680
f 1235 355 1115
f 519 1256 1267
f 1256 519 494
f 98 1145 111
f 1959 734 290
f 1478 1959 290
f 734 1959 994
f 1959 1478 1145
f 98 1959 1145
f 994 1959 111
f 1959 98 111
f 1779 1247 785
f 543 142 1968
f 1634 142 543
f 142 324 1968
f 716 1634 543
f 1634 1893 1500
f 1936 83 1987
f 509 1936 1987
f 1171 1936 1217
f 1217 1936 1436
f 1936 509 1436
f 1981 337 613
f 337 1987 613
f 1987 337 1212
f 337 1981 886
f 1238 337 886
f 337 1238 1693
f 1212 337 1693
f 429 1794 471
f 1087 429 471
f 885 643 1041
f 1794 643 885
f 643 429 1041
f 429 643 1794
f 647 1595 1701
f 1595 647 1829
f 51 1634 1500
f 1908 51 1500
f 324 51 602
f 51 1908 602
f 1041 638 1343
f 638 1816 1343
f 1816 638 1810
f 1589 324 602
f 1589 638 1041
f 638 1589 1720
f 1908 723 602
f 723 1589 602
f 1589 723 1720
f 1669 1908 1500
f 1865 907 1925
f 907 1417 1925
f 1417 907 667
f 133 1776 1961
f 1490 1684 1647
f 1684 1490 601
f 1490 1385 601
f 1385 1490 1800
f 88 1675 760
f 1675 313 1502
f 760 1675 1502
f 1675 109 313
f 1675 88 109
f 1797 1550 1406
f 770 1550 1797
f 1445 773 1890
f 1445 1035 773
f 1776 1363 1961
f 1363 1361 1565
f 1363 1776 1361
f 1012 745 1025
f 1483 745 1012
f 745 1483 1344
f 254 745 1344
f 745 516 1025
f 745 254 516
f 1275 1735 1389
f 516 786 1025
f 786 1935 1025
f 1935 786 1012
f 786 799 1012
f 1690 212 674
f 212 1568 674
f 947 1263 456
f 1263 1568 456
f 1263 947 674
f 1568 1263 674
f 787 1086 1266
f 787 672 1086
f 672 1530 1215
f 1735 1032 483
f 1032 1613 483
f 1613 1032 1951
f 725 1132 645
f 954 1132 725
f 1132 954 1828
f 268 1937 645
f 268 1834 731
f 1937 268 731
f 121 28 938
f 28 64 938
f 28 121 1756
f 1366 1834 1734
f 1366 809 1834
f 1277 1366 1734
f 809 1366 198
f 198 1366 958
f 1366 1277 958
f 1707 431 238
f 431 1707 445
f 1449 1707 1163
f 445 1707 1449
f 395 1449 912
f 395 445 1449
f 445 1600 711
f 1600 432 711
f 432 1600 522
f 395 1600 445
f 1600 395 912
f 522 1600 405
f 1871 1458 649
f 1544 1871 649
f 1871 820 1458
f 118 1544 1812
f 551 118 1978
f 118 1812 1978
f 118 1871 1544
f 118 551 1335
f 127 161 70
f 127 465 161
f 1016 127 70
f 566 127 1016
f 1807 1176 1020
f 1006 1807 1020
f 1807 1006 219
f 434 330 1549
f 330 820 1335
f 330 434 820
f 206 271 405
f 271 206 1917
f 1917 206 912
f 1600 206 405
f 206 1600 912
f 1066 1034 1676
f 1034 1066 1917
f 755 1512 323
f 1975 755 323
f 755 420 966
f 1512 755 966
f 755 1975 1557
f 1497 755 1557
f 755 1497 420
f 1325 5 21
f 5 1325 246
f 1396 949 68
f 836 949 1396
f 949 1131 68
f 949 964 1131
f 964 949 1857
f 1526 784 12
f 784 1526 1396
f 1526 836 1396
f 326 364 320
f 303 326 320
f 326 860 555
f 326 303 860
f 1048 1948 1191
f 1824 1048 1191
f 1048 1824 493
f 882 1048 493
f 1948 1048 555
f 1048 326 555
f 364 1048 882
f 326 1048 364
f 657 979 1191
f 860 657 555
f 1219 979 1371
f 979 1219 1078
f 173 1219 1615
f 1065 1219 1371
f 1219 1065 1615
f 597 47 1228
f 26 1022 1566
f 1022 26 586
f 47 1022 586
f 119 1149 412
f 1227 1202 525
f 1114 1202 1793
f 1202 1227 1793
f 985 1202 1114
f 1202 985 1314
f 227 985 1997
f 1078 1900 1342
f 1900 386 1342
f 1386 790 534
f 574 1386 534
f 1386 1342 980
f 790 1386 980
f 1386 735 1342
f 1386 574 735
f 903 1402 534
f 1733 1402 903
f 1172 1010 308
f 1172 1662 27
f 1010 1172 27
f 1958 627 308
f 627 1172 308
f 1172 627 1662
f 586 1224 524
f 1224 1958 524
f 26 1224 586
f 1224 26 1249
f 1958 1224 1249
f 447 1995 1095
f 1555 447 1095
f 1995 447 1798
f 447 1555 1798
f 410 833 1125
f 410 230 833
f 1093 410 1125
f 410 1093 1288
f 1552 1546 668
f 686 1546 1552
f 1355 116 221
f 1940 58 726
f 726 58 758
f 58 1355 221
f 1355 58 619
f 58 1940 619
f 712 763 200
f 1464 712 200
f 1683 570 1208
f 570 1683 879
f 570 1552 1208
f 75 570 879
f 570 686 1552
f 570 75 686
f 414 23 1119
f 1683 414 1119
f 414 1683 1208
f 459 983 1369
f 983 553 1369
f 553 806 61
f 948 806 553
f 806 930 61
f 806 948 930
f 1136 1355 619
f 948 1136 619
f 1136 116 1355
f 1069 13 1736
f 513 13 1619
f 13 513 1736
f 13 563 1619
f 155 496 1214
f 496 1671 1214
f 496 406 1671
f 292 496 155
f 496 292 1613
f 496 1613 466
f 406 496 466
f 406 210 1617
f 1029 210 901
f 1617 210 1029
f 901 210 466
f 210 406 466
f 851 1250 947
f 1250 851 1815
f 1250 1029 1158
f 1029 1250 1063
f 1250 1815 1063
f 1744 1969 1671
f 495 1969 1744
f 943 671 1248
f 943 495 561
f 943 1604 671
f 1604 943 561
f 1376 1815 791
f 1536 1376 791
f 1815 1376 1063
f 1376 1617 1063
f 1744 1376 1764
f 1376 1536 1764
f 1376 1744 1671
f 1617 1376 1671
f 1842 1088 1299
f 1842 383 340
f 456 1842 340
f 1088 1842 250
f 1842 1988 250
f 1842 456 1988
f 1516 59 340
f 383 1516 340
f 1516 383 1764
f 1536 1516 1764
f 1516 1536 59
f 1979 119 594
f 119 1979 1149
f 67 352 1304
f 1047 352 1085
f 352 1047 1304
f 1620 352 339
f 352 788 339
f 352 67 788
f 352 1667 1085
f 352 1620 1667
f 1246 1636 1803
f 1246 1803 1038
f 1604 1246 1154
f 1636 1246 1604
f 856 407 1727
f 856 587 699
f 587 856 1727
f 937 856 699
f 407 856 937
f 1889 407 563
f 13 1889 563
f 1889 13 1069
f 1889 1069 1194
f 1422 641 1454
f 1422 599 641
f 730 1422 1454
f 1251 1422 730
f 599 1422 1251
f 1079 1606 1142
f 1827 1079 1142
f 1079 1827 1143
f 1625 1300 404
f 1300 1152 404
f 2000 1300 706
f 1152 1300 2000
f 318 988 398
f 318 1218 988
f 690 318 398
f 1218 691 880
f 318 691 1218
f 690 691 318
f 899 291 301
f 291 865 301
f 865 291 460
f 635 233 1181
f 1257 473 1906
f 1933 473 1833
f 473 1963 1833
f 473 1933 96
f 1906 473 96
f 1963 473 1367
f 473 1257 1367
f 1537 617 1749
f 1607 1822 123
f 138 1607 123
f 1607 138 346
f 1822 237 1859
f 1096 237 1712
f 237 1096 1859
f 237 1071 1712
f 237 97 1071
f 1096 936 1107
f 936 1096 1712
f 1749 936 1712
f 936 617 1107
f 617 936 1749
f 1590 1372 1850
f 1590 973 1372
f 629 1590 1850
f 973 1590 629
f 192 629 1963
f 192 973 629
f 192 779 1356
f 192 1963 779
f 1679 192 1356
f 973 192 1679
f 1291 1072 335
f 782 1291 335
f 1040 1291 151
f 1291 249 151
f 1291 1040 385
f 1072 1291 385
f 1431 125 1311
f 1161 125 286
f 152 1989 905
f 1989 152 751
f 868 226 847
f 226 868 705
f 226 826 847
f 826 226 385
f 1311 823 644
f 823 1983 644
f 449 10 1493
f 125 10 286
f 286 1433 1428
f 249 765 1463
f 452 1433 286
f 1433 452 853
f 956 452 1488
f 452 449 1488
f 10 452 286
f 452 10 449
f 186 765 249
f 153 1065 860
f 153 860 454
f 1313 153 454
f 1065 153 1615
f 153 1313 1615
f 1319 1479 464
f 1479 1319 1397
f 578 1319 1750
f 1989 114 1241
f 316 733 1378
f 1378 733 1593
f 733 1479 1397
f 1479 733 316
f 10 1535 1493
f 539 1227 525
f 539 525 699
f 587 539 699
f 539 587 1102
f 1227 539 1102
f 1265 688 684
f 1265 1774 688
f 573 303 320
f 164 573 721
f 857 163 1837
f 163 1496 1837
f 163 857 582
f 163 582 1688
f 1496 163 1688
f 262 662 1688
f 662 262 356
f 662 1496 1688
f 1496 662 356
f 1123 369 329
f 369 1123 35
f 1123 1718 35
f 1123 329 33
f 55 1123 33
f 1718 1123 55
f 158 369 35
f 849 158 35
f 211 1542 1713
f 1542 211 422
f 211 1309 422
f 1955 1811 1802
f 1955 211 1811
f 211 1955 1309
f 310 1233 1614
f 310 1614 86
f 1563 310 86
f 349 1489 545
f 1489 349 610
f 349 1243 1409
f 1578 349 545
f 1243 349 1578
f 1621 222 1168
f 538 1868 1465
f 1868 538 1578
f 1465 1868 1802
f 1868 1955 1802
f 1309 1868 1578
f 1955 1868 1309
f 1234 603 1789
f 1780 1234 76
f 1234 1789 76
f 1234 1780 1306
f 209 894 382
f 603 894 209
f 1849 295 1789
f 1618 1849 1789
f 1849 1618 1157
f 209 1849 1157
f 1849 209 295
f 661 1947 1486
f 876 1947 661
f 217 1947 876
f 1027 724 1579
f 724 217 1579
f 217 724 220
f 724 1027 1039
f 220 724 1039
f 769 1307 904
f 769 1051 1307
f 327 71 1713
f 71 327 462
f 1459 71 462
f 1811 93 1802
f 93 1272 1802
f 93 1198 1272
f 1487 904 194
f 376 1487 194
f 904 1487 1120
f 1487 1101 1120
f 1487 376 1101
f 1715 143 193
f 1911 1715 193
f 1715 1911 1062
f 143 1715 1597
f 1715 1062 1597
f 1155 1062 1722
f 1281 1155 1722
f 1062 1155 1597
f 1050 789 1348
f 789 1784 1348
f 1784 789 1050
f 1858 365 1836
f 390 365 701
f 365 17 701
f 365 1858 17
f 1836 365 659
f 365 390 659
f 819 1858 1836
f 1084 1519 1454
f 1519 730 1454
f 1519 57 730
f 57 1519 1197
f 396 1673 428
f 396 212 1690
f 799 396 1690
f 1673 396 799
f 505 1453 963
f 234 1643 1103
f 883 1643 234
f 1103 1643 1024
f 1643 883 1024
f 900 883 234
f 1594 900 804
f 900 1594 137
f 859 595 873
f 568 859 1573
f 595 859 568
f 1252 859 1236
f 1236 859 137
f 859 873 137
f 584 174 1024
f 512 1891 1991
f 1891 512 1877
f 366 1166 1362
f 656 1166 1324
f 1166 656 1362
f 1166 453 1324
f 1166 366 453
f 453 829 834
f 366 829 453
f 145 1362 1043
f 145 366 1362
f 145 715 1013
f 715 145 1043
f 145 829 366
f 145 1013 1594
f 145 1594 834
f 829 145 834
f 38 1129 283
f 1673 1129 428
f 57 393 531
f 38 393 57
f 393 656 531
f 656 393 1362
f 254 168 516
f 168 981 516
f 981 168 1565
f 692 1245 962
f 1245 692 1361
f 692 981 1361
f 1893 1196 515
f 1196 1893 1247
f 1196 1289 515
f 1127 1196 1247
f 844 1245 1361
f 1776 844 1361
f 1706 1127 1252
f 1127 1706 1998
f 1998 1706 1245
f 1660 1706 148
f 1706 1660 1245
f 1184 84 1585
f 1920 1184 1585
f 84 1184 1878
f 1184 1920 1878
f 1874 843 20
f 843 1421 20
f 1421 843 1874
f 1130 841 727
f 425 1421 1874
f 841 425 1874
f 1130 425 841
f 1467 100 1954
f 1467 1150 100
f 1150 1467 1305
f 1467 1954 1295
f 1305 1467 1295
f 1825 79 1521
f 1923 79 1825
f 1521 79 492
f 492 79 506
f 79 1923 506
f 1455 1182 397
f 838 1455 397
f 1972 1879 1825
f 1972 105 727
f 105 1972 1825
f 1723 1972 727
f 1297 1972 1723
f 1851 1855 1213
f 1855 1851 1928
f 1844 1855 1928
f 1855 1654 1213
f 1855 1844 1654
f 31 157 915
f 157 31 1203
f 157 1885 915
f 157 1203 1885
f 976 895 783
f 549 976 783
f 976 549 895
f 1994 571 704
f 571 1665 1473
f 1665 571 1724
f 571 1994 1724
f 1665 1632 1473
f 1632 1665 511
f 305 388 1138
f 388 305 1394
f 526 1017 90
f 90 147 106
f 1017 147 90
f 1237 147 1603
f 1603 147 622
f 147 1017 622
f 87 1905 1610
f 87 652 1905
f 652 87 1635
f 797 1710 1107
f 1710 797 82
f 617 797 1107
f 797 617 82
f 228 1710 130
f 1096 228 1505
f 228 1096 1107
f 1710 228 1107
f 1782 1710 82
f 1005 1782 82
f 1710 1782 130
f 1782 1005 130
f 442 225 1523
f 225 442 695
f 615 817 1541
f 968 1621 1854
f 1621 968 550
f 968 1448 550
f 391 968 1854
f 1448 968 391
f 549 697 895
f 895 697 932
f 1524 1054 1986
f 1054 1524 940
f 1633 1524 1986
f 1524 1633 1124
f 940 1524 1124
f 897 940 179
f 897 665 940
f 897 179 814
f 665 897 207
f 1583 1066 1676
f 897 1583 207
f 1583 1676 469
f 207 1583 469
f 205 793 1729
f 205 1353 793
f 205 1729 821
f 1353 205 821
f 1347 694 951
f 694 655 951
f 694 1347 567
f 480 694 567
f 655 694 480
f 494 321 1351
f 519 321 494
f 642 296 1596
f 296 642 1267
f 321 642 702
f 642 519 1267
f 642 321 519
f 1896 1460 1596
f 1460 1896 702
f 1460 642 1596
f 642 1460 702
f 81 391 1605
f 81 1448 391
f 81 1605 504
f 1448 81 504
f 1064 1495 1332
f 1495 1074 1159
f 1495 1064 1074
f 913 564 1932
f 1543 564 913
f 1244 913 402
f 1244 1543 913
f 1543 1244 1064
f 1255 1244 402
f 1064 1244 1255
f 913 1210 402
f 1341 1210 913
f 1210 1341 1605
f 1210 1255 402
f 1210 1092 1255
f 1210 1605 1854
f 1092 1210 1854
f 1127 618 1252
f 1573 618 1730
f 859 618 1573
f 618 859 1252
f 828 1804 1500
f 1893 828 1500
f 828 1893 515
f 716 1913 1634
f 1913 1893 1634
f 1893 1913 1247
f 1247 1913 785
f 1913 716 785
f 1264 367 778
f 1083 142 1634
f 51 1083 1634
f 142 1083 324
f 1083 51 324
f 638 1970 1810
f 1970 638 1720
f 1970 1009 1810
f 1970 84 1009
f 427 1589 1041
f 1589 427 324
f 429 427 1041
f 324 427 1087
f 427 429 1087
f 1446 1865 1925
f 1865 1446 1500
f 1446 1669 1500
f 723 1584 1720
f 1702 723 1908
f 1669 1702 1908
f 1446 1702 1669
f 1417 1702 1925
f 1702 1446 1925
f 1939 409 527
f 409 1939 1890
f 1276 1804 1961
f 1941 1276 1961
f 1804 1276 1500
f 1276 1865 1500
f 1826 1264 778
f 1826 1728 1264
f 510 1647 1406
f 510 1490 1647
f 510 1406 1828
f 1490 510 1800
f 954 510 1828
f 510 954 1800
f 1406 592 1828
f 268 592 1834
f 592 1132 1828
f 1132 592 645
f 592 268 645
f 1834 852 1734
f 1550 852 1834
f 852 1176 1734
f 852 1550 770
f 852 770 1020
f 1176 852 1020
f 1035 1832 1344
f 1445 1832 1035
f 1275 1777 1735
f 1777 1032 1735
f 1576 786 516
f 786 1576 799
f 1576 1673 799
f 981 408 516
f 692 408 981
f 1901 1385 1215
f 1530 1901 1215
f 1901 1530 881
f 1901 881 341
f 1385 1901 341
f 787 507 672
f 507 1530 672
f 1530 507 881
f 881 507 1266
f 507 787 1266
f 64 685 967
f 28 685 64
f 967 685 1756
f 685 28 1756
f 104 1151 1163
f 1707 104 1163
f 1151 104 238
f 104 1707 238
f 820 1965 1335
f 1871 1965 820
f 1965 118 1335
f 118 1965 1871
f 1273 127 566
f 127 1273 465
f 465 518 219
f 518 1807 219
f 1273 518 465
f 518 1273 1807
f 1694 566 1016
f 1277 1694 1016
f 1694 1273 566
f 1273 1694 1807
f 1694 1277 1734
f 1176 1694 1734
f 1807 1694 1176
f 1549 1425 468
f 330 1425 1549
f 1425 330 1335
f 1425 1934 468
f 551 1425 1335
f 1934 1425 551
f 1066 1921 1917
f 1921 271 1917
f 271 1921 177
f 5 1759 21
f 1759 5 681
f 1759 681 267
f 1973 1759 267
f 1759 1973 21
f 5 1753 681
f 1222 12 1857
f 1222 1526 12
f 1526 1222 836
f 949 1222 1857
f 1222 949 836
f 1948 403 1191
f 403 657 1191
f 403 1948 555
f 657 403 555
f 979 257 1371
f 657 257 979
f 257 860 1371
f 257 657 860
f 743 597 1228
f 597 614 47
f 614 1022 47
f 614 597 594
f 119 614 594
f 1022 614 1566
f 614 119 1566
f 1627 189 1566
f 119 1627 1566
f 189 1627 412
f 1627 119 412
f 235 1202 1314
f 1262 112 684
f 112 235 684
f 235 112 1202
f 1202 112 525
f 446 1999 1997
f 985 446 1997
f 1999 446 1114
f 446 985 1114
f 1839 1835 227
f 1835 985 227
f 1835 1839 1301
f 386 1049 1876
f 1900 1049 386
f 1049 173 1876
f 1049 1900 1078
f 1219 1049 1078
f 1049 1219 173
f 574 810 1733
f 810 1402 1733
f 810 574 534
f 1402 810 534
f 1285 1958 903
f 1285 627 1958
f 1662 1285 903
f 627 1285 1662
f 230 1598 833
f 1393 1598 230
f 1598 1995 833
f 1995 1598 1095
f 1598 1393 1095
f 1931 1393 230
f 1770 1931 230
f 1393 1931 1095
f 1931 120 1220
f 1440 1931 1220
f 1931 1440 1095
f 120 1931 751
f 1931 1770 751
f 1546 1081 668
f 1081 58 221
f 1399 1708 686
f 1708 1546 686
f 1708 1399 758
f 58 1708 758
f 1708 1081 1546
f 1081 1708 58
f 1036 1352 23
f 712 1036 23
f 1036 712 1464
f 1719 1036 1464
f 1352 1036 1190
f 1036 1719 1190
f 1329 1373 763
f 414 1329 23
f 1329 414 553
f 983 1329 553
f 1106 439 537
f 1373 439 1106
f 439 459 537
f 439 983 459
f 1329 439 1373
f 439 1329 983
f 1136 654 116
f 654 1552 668
f 1113 654 1136
f 1821 948 553
f 1821 1136 948
f 1821 1113 1136
f 1250 1765 947
f 1765 1282 674
f 947 1765 674
f 1100 1765 1158
f 1765 1250 1158
f 1214 1442 1248
f 1442 943 1248
f 1442 1969 495
f 943 1442 495
f 383 282 304
f 1345 9 1299
f 1842 1499 383
f 1558 384 40
f 540 1979 594
f 1661 1298 710
f 1298 1661 1414
f 1558 1298 1414
f 1298 1558 40
f 1663 1471 40
f 1663 540 1471
f 540 1663 1979
f 341 392 1038
f 392 1246 1038
f 1154 392 341
f 1246 392 1154
f 1889 625 407
f 407 625 14
f 208 625 1194
f 625 1889 1194
f 358 1079 1143
f 358 1290 1606
f 1079 358 1606
f 691 1419 1143
f 757 548 1625
f 548 757 370
f 1177 1300 1625
f 690 1177 1625
f 1177 690 398
f 1894 1177 398
f 1015 1177 1894
f 1827 1668 1143
f 1668 691 1143
f 691 1668 880
f 880 1668 1142
f 1668 1827 1142
f 291 1830 460
f 1830 1906 460
f 1830 1257 1906
f 233 1000 775
f 635 1000 233
f 1000 899 775
f 1916 1963 1367
f 1963 1916 779
f 1469 1537 575
f 1537 1469 617
f 695 1469 575
f 617 1469 695
f 1655 1537 1749
f 1655 1071 1635
f 1655 1749 1071
f 87 1655 1635
f 1655 87 1610
f 180 346 1209
f 180 1607 346
f 180 1209 360
f 1607 180 1822
f 180 237 1822
f 334 1539 97
f 237 334 97
f 101 334 360
f 334 180 360
f 180 334 237
f 334 101 1018
f 1539 334 1018
f 152 1966 751
f 1983 1966 644
f 751 1966 1983
f 417 152 905
f 1072 1985 335
f 1985 1072 385
f 226 1985 385
f 765 103 1428
f 186 103 765
f 115 125 1431
f 115 10 125
f 1535 115 1431
f 115 1535 10
f 765 1108 1463
f 1108 765 1428
f 1031 186 249
f 186 1031 1383
f 1479 1057 464
f 1057 1479 316
f 1057 1 464
f 114 1057 1241
f 1241 1057 905
f 1319 801 1397
f 578 801 1319
f 801 733 1397
f 733 801 1593
f 1813 1626 1750
f 1626 578 1750
f 1321 924 1117
f 11 924 1321
f 1370 114 1989
f 1370 377 1
f 1370 1057 114
f 1057 1370 1
f 935 1716 1301
f 1716 1835 1301
f 1774 761 688
f 986 761 1774
f 761 11 688
f 1609 986 1774
f 255 573 320
f 794 255 124
f 255 320 124
f 255 794 721
f 573 255 721
f 663 573 164
f 573 663 303
f 663 164 1488
f 303 1334 860
f 585 158 849
f 585 1783 1486
f 585 849 1783
f 1231 310 1563
f 1503 1058 270
f 1705 196 610
f 349 1705 610
f 1014 222 1689
f 1014 1269 1986
f 1269 1014 1912
f 1014 1689 1912
f 1509 1014 1986
f 1014 1509 1790
f 222 338 1168
f 338 1014 1790
f 1014 338 222
f 1092 338 1572
f 1168 338 1092
f 222 991 1689
f 991 222 1621
f 1689 991 746
f 621 1766 1786
f 1943 621 653
f 621 1786 653
f 1772 621 1943
f 1766 621 1772
f 138 620 89
f 1982 1772 1190
f 1982 1766 1772
f 1982 1190 89
f 620 1982 89
f 158 1651 369
f 1548 982 904
f 982 769 904
f 982 1189 45
f 1189 982 1548
f 769 982 1051
f 314 211 1713
f 314 1459 1198
f 93 314 1198
f 211 314 1811
f 314 93 1811
f 71 314 1713
f 314 71 1459
f 353 1977 1597
f 1155 353 1597
f 353 1155 1281
f 353 182 1977
f 353 1281 182
f 54 819 1836
f 54 1290 1225
f 1290 54 1836
f 418 54 1225
f 819 54 418
f 1858 604 1050
f 819 604 1858
f 604 819 418
f 1784 604 418
f 604 1784 1050
f 470 777 1152
f 777 459 1369
f 777 583 459
f 777 470 583
f 583 251 1872
f 470 251 583
f 421 798 1988
f 1519 798 421
f 798 1519 1084
f 1988 798 250
f 798 1084 250
f 1368 396 428
f 1519 1368 1197
f 1368 1519 421
f 396 1368 421
f 309 396 421
f 396 309 212
f 309 421 1988
f 1568 309 1988
f 212 309 1568
f 1476 444 963
f 1476 400 444
f 400 1338 641
f 1476 1338 400
f 1338 1476 1881
f 1787 264 285
f 1787 1881 264
f 641 1787 285
f 1338 1787 641
f 1787 1338 1881
f 1453 1146 963
f 1146 1476 963
f 877 9 1345
f 272 505 1144
f 272 1453 505
f 272 1204 1453
f 752 1452 854
f 634 1452 1538
f 1452 634 854
f 1452 1046 1094
f 1984 1452 1094
f 1452 1984 1538
f 1173 752 854
f 1149 1173 854
f 1979 1173 1149
f 1663 1173 1979
f 1547 1171 1217
f 1169 568 1573
f 1169 1573 1730
f 1340 1169 1730
f 1169 1938 568
f 1938 1169 1340
f 590 1779 785
f 1779 590 1730
f 590 1340 1730
f 277 577 1087
f 83 277 1087
f 277 1171 1076
f 1936 277 83
f 277 1936 1171
f 577 1098 1087
f 1098 543 1968
f 1087 1098 1968
f 1098 926 543
f 926 1098 577
f 696 961 1110
f 926 696 1110
f 696 926 577
f 113 234 804
f 900 113 804
f 113 900 234
f 883 134 873
f 900 134 883
f 873 134 137
f 134 900 137
f 247 961 1877
f 512 247 1877
f 247 512 992
f 174 1404 1748
f 1748 1404 53
f 1404 239 53
f 1404 576 239
f 576 1891 1877
f 53 576 1436
f 239 576 53
f 1514 584 992
f 512 1514 992
f 1514 512 1991
f 174 1514 1991
f 584 1514 174
f 393 1914 1362
f 1914 393 38
f 1362 1914 1043
f 1914 38 1043
f 485 692 962
f 1043 485 962
f 283 485 1043
f 485 408 692
f 1323 844 1776
f 1323 1776 133
f 199 1252 1236
f 199 1706 1252
f 148 199 1236
f 1706 199 148
f 1527 425 1130
f 1527 1726 1848
f 1421 1527 1848
f 425 1527 1421
f 1726 1527 727
f 1527 1130 727
f 1297 1924 838
f 1924 1455 838
f 1455 1924 1182
f 1924 1297 1723
f 1390 1924 1723
f 262 1924 1390
f 1924 262 703
f 1182 1924 703
f 1879 1268 1852
f 1972 1268 1879
f 1268 1972 1297
f 1268 838 1852
f 1268 1297 838
f 740 438 1851
f 740 480 1165
f 740 1851 480
f 1851 256 1928
f 438 256 1851
f 256 438 1349
f 256 1349 1498
f 256 1498 1472
f 1844 256 1472
f 256 1844 1928
f 438 381 1349
f 381 717 1349
f 381 1165 717
f 381 740 1165
f 740 381 438
f 1466 1237 144
f 1118 1466 144
f 1466 1118 293
f 1632 380 579
f 579 380 1888
f 766 305 1138
f 766 1888 1126
f 305 766 1126
f 640 955 1503
f 640 333 74
f 640 1503 333
f 955 679 1503
f 679 1058 1503
f 201 1394 1233
f 201 388 1394
f 388 201 1138
f 1058 201 1073
f 679 201 1058
f 1381 526 1577
f 526 1381 1017
f 1381 1577 622
f 1017 1381 622
f 1005 996 90
f 996 526 90
f 442 996 695
f 996 617 695
f 617 996 82
f 996 1005 82
f 817 845 130
f 845 228 130
f 845 817 1505
f 228 845 1505
f 1929 138 123
f 615 1929 817
f 1505 1929 123
f 817 1929 1505
f 1581 185 906
f 181 1869 932
f 697 181 932
f 1583 1395 1066
f 1992 1395 1153
f 1395 1122 1153
f 651 1395 814
f 1122 1395 651
f 1395 897 814
f 1395 1583 897
f 1495 1028 1332
f 1028 1495 1159
f 898 1896 1932
f 564 898 1932
f 898 564 1896
f 1896 600 702
f 564 600 1896
f 600 564 1543
f 1779 441 1247
f 441 1779 1730
f 618 441 1730
f 260 1127 1247
f 260 618 1127
f 441 260 1247
f 260 441 618
f 1289 676 515
f 676 828 515
f 676 1323 133
f 1323 676 1289
f 676 133 1804
f 828 676 1804
f 1751 149 1829
f 647 1751 1829
f 1751 647 1701
f 1751 1701 778
f 367 1751 778
f 1403 1264 1070
f 1403 367 1264
f 689 1584 1148
f 1826 689 1148
f 689 1970 1720
f 1584 689 1720
f 689 1826 778
f 1701 689 778
f 84 689 1701
f 1970 689 84
f 1082 1702 1417
f 1702 1082 723
f 1082 1584 723
f 1728 214 667
f 1843 214 1728
f 214 1417 667
f 1090 1826 1148
f 1826 1090 1728
f 1090 1843 1728
f 306 1550 1834
f 592 306 1834
f 1550 306 1406
f 306 592 1406
f 767 907 1865
f 1470 767 1865
f 907 767 667
f 767 1470 1445
f 1363 1870 1961
f 1870 1941 1961
f 1601 1870 1363
f 1870 1601 1470
f 1870 1470 1865
f 1276 1870 1865
f 1870 1276 1941
f 901 187 1158
f 187 1100 1158
f 1075 1576 516
f 408 1075 516
f 1075 408 1456
f 1644 1992 484
f 1644 857 177
f 582 1644 484
f 857 1644 582
f 681 231 650
f 1753 231 681
f 122 1055 246
f 1055 5 246
f 1055 1753 5
f 710 1704 1228
f 1704 743 1228
f 743 1704 710
f 178 743 710
f 743 178 597
f 1298 178 710
f 597 178 594
f 178 540 594
f 737 112 1262
f 985 24 1314
f 1835 24 985
f 401 1770 230
f 946 401 230
f 410 944 230
f 944 946 230
f 184 1296 232
f 232 1296 1867
f 1081 909 668
f 909 654 668
f 116 107 221
f 107 1081 221
f 1685 712 23
f 1329 1685 23
f 712 1685 763
f 1685 1329 763
f 1113 501 654
f 1552 501 1208
f 654 501 1552
f 1821 1962 1113
f 501 1962 1208
f 1962 501 1113
f 1962 1821 553
f 1962 414 1208
f 414 1962 553
f 1418 1100 1282
f 1765 1418 1282
f 1418 1765 1100
f 1969 424 1671
f 1442 424 1969
f 1671 424 1214
f 424 1442 1214
f 282 848 304
f 788 848 1414
f 848 788 304
f 9 1740 1239
f 1740 348 1239
f 348 1740 675
f 877 1740 9
f 675 1740 1461
f 1740 877 1461
f 1586 282 383
f 348 1586 1239
f 1586 348 282
f 666 9 1239
f 9 666 1299
f 666 1842 1299
f 666 1499 1842
f 812 208 14
f 625 812 14
f 812 625 208
f 358 1904 1290
f 1290 1904 370
f 1904 548 370
f 1904 358 1143
f 1419 1904 1143
f 548 1895 1625
f 1904 1895 548
f 1895 1904 1419
f 533 1625 404
f 533 757 1625
f 863 533 404
f 1300 892 706
f 1177 892 1300
f 892 1177 1015
f 892 1015 66
f 892 2000 706
f 892 66 2000
f 1711 635 1181
f 1711 1358 635
f 1711 1181 372
f 1905 1711 372
f 652 1711 1905
f 1711 652 1167
f 1358 1773 635
f 1257 580 1367
f 1830 580 1257
f 580 1830 291
f 1916 117 989
f 117 291 899
f 117 580 291
f 117 1916 1367
f 580 117 1367
f 1916 1533 779
f 1223 1655 1610
f 1655 1223 1537
f 1537 1223 575
f 1223 474 575
f 474 1223 1610
f 523 1057 316
f 523 316 1493
f 1535 523 1493
f 1412 226 705
f 1513 1161 1428
f 1513 960 1161
f 103 1513 1428
f 673 186 1383
f 673 103 186
f 673 1513 103
f 1672 1985 226
f 1412 1672 226
f 1672 1412 960
f 1985 1672 335
f 1108 889 1463
f 889 1108 853
f 1520 889 956
f 889 1520 1463
f 889 452 956
f 452 889 853
f 1860 1433 853
f 1108 1860 853
f 1433 1860 1428
f 1860 1108 1428
f 1291 4 249
f 4 1031 249
f 4 1291 782
f 4 782 1383
f 1031 4 1383
f 1892 1147 1593
f 801 1892 1593
f 52 801 578
f 1626 52 578
f 52 1892 801
f 924 1980 1117
f 1980 486 1117
f 486 1980 1867
f 1980 232 1867
f 1571 377 184
f 1571 232 729
f 1571 184 232
f 455 986 1
f 377 455 1
f 455 1571 729
f 1571 455 377
f 378 1370 1989
f 1370 378 377
f 377 378 184
f 378 1989 751
f 184 378 751
f 824 935 464
f 824 1716 935
f 1716 824 1265
f 1265 824 1774
f 824 1609 1774
f 986 1067 1
f 1609 1067 986
f 1 1067 464
f 1067 824 464
f 824 1067 1609
f 1334 993 860
f 993 1334 1147
f 1892 993 1147
f 1334 754 1147
f 754 1112 1593
f 1147 754 1593
f 754 1334 303
f 663 754 303
f 1112 754 1488
f 754 663 1488
f 1947 1416 1486
f 1416 585 1486
f 1441 349 1409
f 1216 1441 472
f 1441 1409 472
f 1681 1317 1741
f 338 1738 1572
f 1738 1509 1741
f 1509 1738 1790
f 1738 338 1790
f 1388 1058 1073
f 1388 1216 950
f 1388 1073 1216
f 1328 1388 950
f 1388 1328 270
f 1058 1388 270
f 1392 1091 1541
f 585 1682 158
f 369 1518 1306
f 1651 1518 369
f 1518 1234 1306
f 1234 1518 603
f 1518 894 603
f 1051 1882 56
f 982 1882 1051
f 1882 1974 56
f 1882 45 1974
f 1882 982 45
f 1152 1623 342
f 777 1623 1152
f 342 1623 1369
f 1623 777 1369
f 774 66 1872
f 251 774 1872
f 66 774 2000
f 774 1152 2000
f 774 470 1152
f 774 251 470
f 1129 8 428
f 8 1368 428
f 8 1129 38
f 1368 8 1197
f 8 57 1197
f 8 38 57
f 1476 236 1881
f 1146 236 1476
f 1881 236 264
f 236 1146 264
f 264 1820 1345
f 1820 877 1345
f 1204 1952 1453
f 1452 328 1046
f 348 1960 1545
f 1960 348 675
f 1960 384 1545
f 384 1960 40
f 1580 1217 1436
f 1580 1547 1217
f 576 1580 1436
f 1580 576 1877
f 961 1580 1877
f 1547 1580 611
f 1580 696 611
f 696 1580 961
f 1861 590 785
f 590 1861 1340
f 926 1861 543
f 1340 1861 1110
f 1861 926 1110
f 1861 716 543
f 716 1861 785
f 277 132 577
f 132 696 577
f 696 132 611
f 132 277 1076
f 132 1547 611
f 1171 132 1076
f 1547 132 1171
f 1891 878 1991
f 576 878 1891
f 878 576 1404
f 878 174 1991
f 878 1404 174
f 1323 736 844
f 736 1998 1245
f 844 736 1245
f 736 1323 1289
f 1196 736 1289
f 736 1127 1998
f 1127 736 1196
f 300 747 293
f 747 1466 293
f 747 147 1237
f 1466 747 1237
f 1888 279 1398
f 380 279 1888
f 279 380 1632
f 1398 279 511
f 279 1632 511
f 1926 766 1138
f 1926 1645 579
f 1926 579 1888
f 766 1926 1888
f 1160 1632 579
f 1632 1160 1473
f 1160 571 1473
f 571 1160 704
f 1645 1761 579
f 1761 1160 579
f 640 1658 294
f 92 679 1645
f 92 1926 1138
f 1926 92 1645
f 201 92 1138
f 92 201 679
f 679 796 1645
f 796 679 955
f 796 1761 1645
f 1761 796 955
f 1293 201 1233
f 201 1293 1073
f 1073 1293 1216
f 526 1391 1577
f 996 1391 526
f 1019 1391 1523
f 1391 1019 1577
f 1391 442 1523
f 1391 996 442
f 185 276 906
f 1692 1621 550
f 1692 181 1621
f 1692 550 1869
f 181 1692 1869
f 1742 991 1621
f 181 1742 1621
f 1742 181 697
f 280 1921 1066
f 1395 280 1066
f 280 1395 1992
f 1644 280 1992
f 19 1543 1332
f 19 600 1543
f 600 19 702
f 1751 499 149
f 499 1751 367
f 1403 499 367
f 499 1109 149
f 1109 499 995
f 995 499 1070
f 499 1403 1070
f 214 287 1417
f 287 1082 1417
f 1584 287 1148
f 1082 287 1584
f 476 1445 1890
f 476 767 1445
f 1939 476 1890
f 767 476 667
f 476 1728 667
f 1728 476 1264
f 1264 476 527
f 476 1939 527
f 832 1363 1565
f 832 1601 1363
f 168 832 1565
f 1601 639 1470
f 1470 639 1445
f 639 1832 1445
f 1832 639 1344
f 187 1011 1777
f 1032 1011 1951
f 1777 1011 1032
f 1951 1011 901
f 1011 187 901
f 187 136 1100
f 1100 136 1282
f 1282 136 674
f 799 136 1012
f 136 1690 674
f 136 799 1690
f 1576 744 1673
f 1075 744 1576
f 744 1075 1456
f 408 741 1456
f 1260 741 408
f 741 744 1456
f 741 1260 1129
f 741 1129 1673
f 744 741 1673
f 1435 1260 408
f 1435 485 283
f 485 1435 408
f 1129 1435 283
f 1260 1435 1129
f 1437 231 1753
f 1055 1437 1753
f 1437 1055 122
f 1437 122 650
f 231 1437 650
f 178 1845 540
f 1845 178 1298
f 540 1845 1471
f 1471 1845 40
f 1845 1298 40
f 918 1262 11
f 918 737 1262
f 525 918 699
f 918 11 699
f 112 918 525
f 737 918 112
f 1716 1180 1835
f 1180 24 1835
f 1180 1716 1265
f 24 1180 1314
f 1180 1265 684
f 235 1180 684
f 1180 235 1314
f 141 946 1242
f 141 401 946
f 401 394 1770
f 1770 394 751
f 394 184 751
f 394 1296 184
f 141 394 401
f 1296 394 1242
f 394 141 1242
f 862 410 1288
f 862 944 410
f 862 1288 1042
f 776 909 1081
f 107 776 1081
f 776 107 116
f 654 776 116
f 909 776 654
f 315 848 282
f 315 348 1545
f 348 315 282
f 384 315 1545
f 1558 315 384
f 315 1558 1414
f 848 315 1414
f 1499 1691 383
f 1691 1586 383
f 666 1691 1499
f 1586 1691 1239
f 1691 666 1239
f 1895 1582 1625
f 1582 1895 1419
f 1582 690 1625
f 1582 691 690
f 1582 1419 691
f 30 533 863
f 533 30 757
f 30 863 1817
f 30 1817 370
f 757 30 370
f 1656 1711 1167
f 1711 1656 1358
f 1656 1773 1358
f 1773 1656 1003
f 1506 1000 635
f 1773 1506 635
f 795 1773 1003
f 795 1506 1773
f 1899 117 899
f 117 1899 989
f 1899 1003 989
f 1899 795 1003
f 1533 1192 1105
f 1192 1656 1105
f 1656 1192 1003
f 1003 1192 989
f 1192 1916 989
f 1192 1533 1916
f 1533 1755 779
f 1134 417 905
f 1057 1134 905
f 523 1134 1057
f 1412 959 960
f 960 959 1161
f 959 387 1161
f 387 1648 1161
f 125 1648 1311
f 1648 125 1161
f 1648 823 1311
f 1648 387 823
f 387 202 823
f 202 660 1983
f 823 202 1983
f 202 959 660
f 959 202 387
f 108 1672 960
f 1513 108 960
f 673 108 1513
f 108 673 1383
f 335 108 1383
f 1672 108 335
f 1650 52 1626
f 52 1650 1892
f 1313 1650 1813
f 1650 1626 1813
f 1650 1313 454
f 1892 1650 454
f 1747 924 11
f 48 1747 11
f 1747 1980 924
f 1980 1747 232
f 1866 48 986
f 1866 455 729
f 455 1866 986
f 42 761 986
f 48 42 986
f 761 42 11
f 42 48 11
f 240 1892 454
f 240 993 1892
f 860 240 454
f 993 240 860
f 1441 443 349
f 443 1705 349
f 998 1441 1216
f 1293 998 1216
f 998 1293 289
f 419 1211 289
f 1211 998 289
f 998 1211 1441
f 443 1211 1737
f 1211 443 1441
f 1616 419 289
f 419 1616 310
f 1211 529 1737
f 185 1140 1474
f 1199 1337 1540
f 1199 1540 528
f 1786 1199 528
f 1766 1199 1786
f 547 620 138
f 1929 547 138
f 547 1929 615
f 547 498 620
f 498 1140 195
f 498 1091 1474
f 1140 498 1474
f 302 1651 158
f 1682 302 158
f 1416 1384 585
f 1384 1682 585
f 1384 1416 1947
f 1384 220 382
f 1384 217 220
f 1384 1947 217
f 1952 772 1453
f 772 1146 1453
f 1820 772 877
f 772 1952 877
f 1146 772 264
f 772 1820 264
f 1046 1097 1144
f 328 1097 1046
f 1097 272 1144
f 272 1097 1204
f 1097 328 1204
f 877 1677 1461
f 1952 1677 877
f 1377 1452 752
f 1377 328 1452
f 1173 1135 752
f 1135 1960 752
f 1960 1135 40
f 1135 1663 40
f 1135 1173 1663
f 961 837 1110
f 837 974 1938
f 837 1340 1110
f 837 1938 1340
f 584 631 992
f 595 631 1024
f 631 584 1024
f 631 595 568
f 1938 1697 568
f 974 1697 1938
f 1697 631 568
f 631 1697 974
f 102 747 300
f 747 102 147
f 147 102 106
f 1160 1919 704
f 1919 1160 294
f 1581 1919 1485
f 1919 1581 704
f 1658 1919 294
f 475 1761 955
f 640 475 955
f 475 640 294
f 1160 475 294
f 1761 475 1160
f 1796 3 1485
f 1919 1796 1485
f 1796 1919 1658
f 3 1796 74
f 1796 640 74
f 1796 1658 640
f 1994 375 1401
f 375 1994 704
f 1401 375 293
f 375 300 293
f 906 375 704
f 276 375 906
f 552 276 185
f 552 375 276
f 375 552 300
f 552 102 300
f 991 1477 746
f 1742 1477 991
f 1477 343 746
f 343 1477 259
f 1477 1226 259
f 1477 549 1226
f 1477 697 549
f 1477 1742 697
f 280 1638 1921
f 1638 280 1644
f 1921 1638 177
f 1638 1644 177
f 1028 1468 1332
f 1468 19 1332
f 1468 1028 1159
f 1468 1159 1351
f 321 1468 1351
f 1468 321 702
f 19 1468 702
f 162 214 1843
f 162 287 214
f 1090 162 1843
f 162 1090 1148
f 287 162 1148
f 1956 168 254
f 1956 832 168
f 832 1956 1601
f 1757 254 1344
f 639 1757 1344
f 1757 639 1601
f 1757 1956 254
f 1956 1757 1601
f 593 187 1777
f 593 136 187
f 593 1777 1275
f 593 1483 1012
f 136 593 1012
f 1035 593 15
f 1483 593 1035
f 593 1389 15
f 593 1275 1389
f 18 503 1042
f 503 862 1042
f 795 43 1506
f 1000 43 899
f 1506 43 1000
f 43 1899 899
f 1899 43 795
f 780 97 1284
f 1755 780 779
f 780 1284 1356
f 779 780 1356
f 1699 1533 1105
f 1699 1755 1533
f 273 1134 523
f 273 1535 1431
f 273 523 1535
f 1134 273 417
f 273 1431 644
f 1966 273 644
f 273 1966 152
f 417 273 152
f 959 1201 660
f 1201 959 1412
f 660 1201 705
f 1201 1412 705
f 1909 1747 48
f 1866 1909 48
f 1909 1866 729
f 232 1909 729
f 1747 1909 232
f 196 1387 1681
f 1387 1317 1681
f 1705 1387 196
f 443 1387 1705
f 332 443 1737
f 529 332 1737
f 869 1616 289
f 869 1293 1233
f 1293 869 289
f 310 869 1233
f 1616 869 310
f 371 1211 419
f 371 529 1211
f 371 965 1572
f 1738 371 1572
f 1317 1104 1741
f 1104 1738 1741
f 332 1104 1317
f 1104 332 529
f 1104 371 1738
f 371 1104 529
f 1678 1140 185
f 1678 1581 1337
f 1678 185 1581
f 1140 1678 195
f 1199 1678 1337
f 1678 1199 195
f 1982 1303 1766
f 1303 1199 1766
f 1561 1303 1982
f 1303 1561 1199
f 498 1044 620
f 1044 498 195
f 1044 1982 620
f 1044 1561 1982
f 1199 1044 195
f 1561 1044 1199
f 498 266 1091
f 266 498 547
f 1091 266 1541
f 266 615 1541
f 266 547 615
f 894 1179 382
f 1179 1384 382
f 1518 1179 894
f 1179 1518 1651
f 1677 508 1461
f 1960 508 752
f 508 1377 752
f 1377 508 1677
f 508 675 1461
f 508 1960 675
f 328 344 1204
f 1377 344 328
f 344 1377 1677
f 344 1952 1204
f 344 1677 1952
f 837 175 974
f 631 175 992
f 175 631 974
f 175 247 992
f 247 175 961
f 175 837 961
f 1494 185 1474
f 1494 552 185
f 1494 1392 106
f 102 1494 106
f 552 1494 102
f 862 1599 944
f 503 1599 862
f 1481 780 1755
f 1699 1481 1755
f 780 1481 97
f 1481 1699 1105
f 97 1481 1475
f 1475 1481 1167
f 1481 1656 1167
f 1656 1481 1105
f 1447 1387 443
f 332 1447 443
f 1387 1447 1317
f 1447 332 1317
f 371 502 965
f 502 371 419
f 502 1231 1563
f 1231 502 310
f 502 419 310
f 1074 502 1563
f 502 1074 965
f 188 302 1682
f 1384 188 1682
f 1179 188 1384
f 302 188 1651
f 188 1179 1651
f 1091 714 1474
f 714 1494 1474
f 714 1091 1392
f 1494 714 1392
f 556 1599 503
f 1599 556 944
f 1296 556 1867
f 556 1296 1242
f 556 18 1867
f 556 503 18
f 946 556 1242
f 944 556 946
o Cracks
v -2.700410029362064 0.7597752781058535 0.1
v -1.8842240000353727 1.6594881637252625 0.1
v -1.972563968376795 0.794291388820098 0.1
v -3.1284643315483014 1.0932506692681458 0.1
v -2.1363680108808674 1.6871533363775661 0.1
l 2001 2002 2003 2004 2005
v -11.101860804447174 11.529557357691822 0.1
v -12.424118904466456 12.313625170721656 0.1
v -11.59624410690142 10.652552596112455 0.1
v -11.444271967524854 10.78385850266208 0.1
v -11.355988995701038 11.673314373394277 0.1
l 2006 2007 2008 2009 2010
v 3.6475192303963446 9.332974233506112 0.1
v 3.237704619565818 8.850146903743646 0.1
v 2.82637319717662 10.16513014770366 0.1
v 4.427789920462223 9.136655029707086 0.1
v 4.619542481373115 9.327374724966566 0.1
l 2011 2012 2013 2014 2015
v -8.734998542392844 3.3677402988501353 0.1
v -10.258043348512558 5.149883216395693 0.1
v -8.596710440447612 5.089340350036667 0.1
v -9.29721891977048 4.580343841628313 0.1
v -9.557750359252868 3.35534233531431 0.1
l 2016 2017 2018 2019 2020
v -1.9884489893315955 -7.380414160569017 0.1
v -0.3907001069519844 -6.67465501660718 0.1
v -0.11968246329681764 -6.495402044763731 0.1
v -1.5694502408810702 -7.225589397989715 0.1
v -1.8907736751847237 -8.226366332246677 0.1
l 2021 2022 2023 2024 2025
v -11.21217822720594 8.36254029814792 0.1
v -9.72973974454288 9.585774296545425 0.1
v -9.722152208066854 8.217681326131244 0.1
v -9.957249964850625 9.561755122041877 0.1
v -10.843011908020552 9.182145411072959 0.1
l 2026 2027 2028 2029 2030
v 3.649843899277598 -13.955583941330977 0.1
v 3.6324764829529834 -14.034062366624767 0.1
v 3.348618612988963 -14.116438762554782 0.1
v 4.368190938640308 -13.783431443875276 0.1
v 2.8348112896015385 -12.41009488769194 0.1
l 2031 2032 2033 2034 2035
v 14.622141289550832 11.373838914024216 0.1
v 14.459113304504601 11.342523169633456 0.1
v 14.198123135588542 11.525528211404058 0.1
v 15.392484522592524 10.813027859170765 0.1
v 15.877817075006488 10.681171851111277 0.1
l 2036 2037 2038 2039 2040
v 1.011955025442051 12.523384821799567 0.1
v 0.4125459639680349 13.708451799900002 0.1
v -0.026218715311847163 13.588747298105126 0.1
v -0.3443737786617058 13.089746974180608 0.1
v 0.38273051583756335 13.548649703463862 0.1
l 2041 2042 2043 2044 2045
v 14.59133817530888 13.467801298757927 0.1
v 14.537749001989674 13.007745477112287 0.1
v 14.278306382082397 12.816576610286287 0.1
v 13.430437519674667 13.576854388385033 0.1
v 13.246345160744974 13.602730902054416 0.1
l 2046 2047 2048 2049 2050
v 5.584078031114398 2.8979166061881116 0.1
v 6.927522015600088 2.6384307386720396 0.1
v 6.771546887845938 3.4260049993342303 0.1
v 5.6344014577550725 2.3618042340651826 0.1
v 6.510550627959301 3.0785809301190827 0.1
l 2051 2052 2053 2054 2055
v -7.366021260513399 10.743201605060673 0.1
v -6.960185884038424 9.384507829179496 0.1
v -7.150595792311137 11.256077435427827 0.1
v -6.754560114430415 9.355221434409426 0.1
v -6.296595184507265 10.242250181857905 0.1
l 2056 2057 2058 2059 2060
v 0.6326950115114958 -11.517221903428846 0.1
v 0.5679287616219055 -11.565147941782667 0.1
v 0.595247755093476 -11.150994632961094 0.1
v 0.3944840244126475 -10.876008645767397 0.1
v 1.2030505131568419 -11.311816810072665 0.1
l 2061 2062 2063 2064 2065
v -10.659661360153457 -11.436377433696231 0.1
v -10.56633442248749 -12.550400579965462 0.1
v -11.933800820983793 -11.115887278035455 0.1
v -11.63654085613836 -11.534492055622636 0.1
v -11.032623222550143 -12.389144192572559 0.1
l 2066 2067 2068 2069 2070
v 7.014115226281142 0.2598909999078072 0.1
v 6.48522232483879 -0.17198548784902967 0.1
v 6.982771991628605 1.62910389090188 0.1
v 6.968782456299522 0.1217727575794334 0.1
v 7.118235990432098 -0.11545900143488508 0.1
l 2071 2072 2073 2074 2075
v 1.6873307379436289 11.273397164842288 0.1
v 1.338033325101597 10.218457511500384 0.1
v 1.6967133937989263 10.33662063198955 0.1
v 1.4522730435999966 11.103207386827828 0.1
v 1.4836984333872647 10.420234865254923 0.1
l 2076 2077 2078 2079 2080
v -8.621881963182854 1.254929170263679 0.1
v -9.77757208256801 2.149868365203779 0.1
v -9.770914772641888 2.961667888530763 0.1
v -9.634438225656087 1.5479322207327257 0.1
v -9.939240655532206 1.4612488244389616 0.1
l 2081 2082 2083 2084 2085
v -8.994367953116702 0.2584131477511613 0.1
v -9.330225581206697 -0.1733397228902691 0.1
v -9.096485760068823 1.1009854764936071 0.1
v -10.628383777688754 0.29082003492864184 0.1
v -9.261998229782257 0.9097841166722986 0.1
l 2086 2087 2088 2089 2090
v -7.063007983930866 11.780186874320549 0.1
v -6.757738726166926 12.493641959763067 0.1
v -7.862745639783389 11.641267856246548 0.1
v -6.460162673154308 11.693401714225027 0.1
v -8.178406074874431 12.692962248046962 0.1
l 2091 2092 2093 2094 2095
v 4.601898692673651 -14.982868298391352 0.1
v 4.183852030729086 -13.814771809299598 0.1
v 4.091053378318628 -13.813383110401618 0.1
v 5.376471815934032 -14.136989931143685 0.1
v 5.202450862838696 -13.70900562410603 0.1
l 2096 2097 2098 2099 2100
v 10.068353943605182 -4.80228866436099 0.1
v 9.311447607424462 -4.946609897265855 0.1
v 9.156887899978674 -3.417144879079355 0.1
v 9.541874044122133 -4.571419403946614 0.1
v 10.476005604438235 -5.100878721324149 0.1
l 2101 2102 2103 2104 2105
v -2.3796448478056753 6.622731424604927 0.1
v -1.5460569368624353 8.147141138349202 0.1
v -2.396746861693645 7.849606157541806 0.1
v -2.0044916692985577 8.010784483275787 0.1
v -1.7607425143867386 6.511302784248548 0.1
l 2106 2107 2108 2109 2110
v -6.4040095635650225 -0.1689957521168819 0.1
v -6.289795065192578 0.18084105232042402 0.1
v -6.979344157863639 1.1324059214288935 0.1
v -7.287689584003603 0.14090909114333772 0.1
v -5.707355082936696 0.6187440347079307 0.1
l 2111 2112 2113 2114 2115
v 6.483312968917079 0.022056910767595195 0.1
v 6.229519372094586 0.04620941942053869 0.1
v 6.800416229853018 0.3984402120350454 0.1
v 7.034439526872297 0.8226792403873209 0.1
v 7.454029068561099 1.0631603325084509 0.1
l 2116 2117 2118 2119 2120
v -15.183309404035255 12.31372823159293 0.1
v -15.208137438443025 13.65495605355419 0.1
v -14.83900639416896 12.606333303014678 0.1
v -14.069301728163117 12.516915379613923 0.1
v -14.88673504312819 13.240364642820088 0.1
l 2121 2122 2123 2124 2125
v 6.043250401777072 8.856841053019368 0.1
v 5.120054243775828 9.73721753124569 0.1
v 6.308807972587274 9.882600918136111 0.1
v 5.932255732196821 8.981909454809749 0.1
v 6.139185264432639 9.612317445957746 0.1
l 2126 2127 2128 2129 2130
v 8.09557199904748 2.069186562727748 0.1
v 7.998840616929069 2.2356241619540533 0.1
v 8.299891617073296 3.402531519500111 0.1
v 8.67025018539044 1.8554075472117606 0.1
v 7.491038711683386 2.882748586078369 0.1
l 2131 2132 2133 2134 2135
v -5.677319534378999 3.127404890096547 0.1
v -6.569260871806581 2.8854561035943536 0.1
v -5.224779411830036 3.1914012972082917 0.1
v -6.002085044835732 2.507179777651684 0.1
v -6.565852287189575 3.876080119789104 0.1
l 2136 2137 2138 2139 2140
v 1.9201236659918588 11.0781181104156 0.1
v 2.0330991686295943 10.970668830786261 0.1
v 2.923850982645701 10.184361995661394 0.1
v 2.4561162116287525 10.95046602576032 0.1
v 2.4977959039818867 10.116168429334639 0.1
l 2141 2142 2143 2144 2145
v 1.037401944841781 -9.88185218200902 0.1
v 2.3237855002344743 -8.612252823544521 0.1
v 2.7739859753177396 -8.69552904348617 0.1
v 1.8622175087537591 -10.086942711339198 0.1
v 2.601607233126302 -10.21331219027031 0.1
l 2146 2147 2148 2149 2150
v 13.83530047029315 1.287053021263132 0.1
v 12.449300265429722 1.9744675297556689 0.1
v 13.40471975988747 2.2009646047238336 0.1
v 12.206977682944967 2.440582912322985 0.1
v 13.838095542374495 1.9539921675017955 0.1
l 2151 2152 2153 2154 2155
v 6.439215489781208 1.6831592939865716 0.1
v 7.452893365934196 1.8239544669207475 0.1
v 6.9220995572320145 1.2919212683784806 0.1
v 8.109887572127102 1.8875384558945465 0.1
v 7.058927155197283 1.008621714369762 0.1
l 2156 2157 2158 2159 2160
v 5.578141099193229 12.047387704551713 0.1
v 4.408718498741065 11.351663450540372 0.1
v 5.600772435228387 13.13070402549961 0.1
v 5.060079307252735 12.06332031264331 0.1
v 4.450534827238076 12.200647265569332 0.1
l 2161 2162 2163 2164 2165
v -3.222417046666253 12.13001147923306 0.1
v -3.4952409695604008 13.384987559331268 0.1
v -3.674826141173722 12.943732881928145 0.1
v -3.3723450135934177 11.977347675536068 0.1
v -3.72626350521955 13.384369225971769 0.1
l 2166 2167 2168 2169 2170
v 3.572127558508991 -11.094363898791265 0.1
v 3.5175330779242655 -11.225683511958284 0.1
v 4.24506077247655 -11.747297131019739 0.1
v 3.8309768034148552 -11.796178916186713 0.1
v 3.1830896153160473 -11.082645228187687 0.1
l 2171 2172 2173 2174 2175
v 9.34197089522042 -10.668545710389468 0.1
v 10.414888007908413 -11.199208912574681 0.1
v 9.053621737124923 -9.558960136348105 0.1
v 9.514964943664362 -10.733816911483288 0.1
v 9.418134336839442 -10.46265235249167 0.1
l 2176 2177 2178 2179 2180
v 10.523862259245238 3.7902264718889107 0.1
v 9.9291586659975 5.015828417038994 0.1
v 9.548688923843645 3.836292722307591 0.1
v 9.491197518675282 5.17138686204911 0.1
v 10.113485634239117 4.578049885908338 0.1
l 2181 2182 2183 2184 2185
v -11.867045005093644 6.211658932358168 0.1
v -10.493549498670152 7.508109473160981 0.1
v -12.329303064169027 6.312797497984944 0.1
v -10.564168714414825 7.049812659909212 0.1
v -10.95071248711938 6.188587160946443 0.1
l 2186 2187 2188 2189 2190
v 11.385629072148012 11.799457297169134 0.1
v 10.08589052142342 11.156306051618367 0.1
v 10.575103911353786 11.28008048928216 0.1
v 11.572953648752677 10.70187679139625 0.1
v 10.885179845525874 11.728171185546724 0.1
l 2191 2192 2193 2194 2195
v -11.367853765295227 4.910692746230287 0.1
v -10.719682573156735 3.5829344753369163 0.1
v -11.223234343106949 4.930709988126283 0.1
v -10.720496230223057 4.492281712992139 0.1
v -10.565128638461093 3.418158284968767 0.1
l 2196 2197 2198 2199 2200
v 14.45303855640675 -15.21766281674562 0.1
v 14.685954687583163 -15.589571791052773 0.1
v 15.236890403629006 -14.79629236948653 0.1
v 15.157960521585691 -14.512916185899702 0.1
v 14.758270360556017 -14.0893172960224 0.1
l 2201 2202 2203 2204 2205
v -6.251887850092192 -0.11756036359854427 0.1
v -5.137348589849646 0.7720681971235028 0.1
v -6.478834234875045 0.7222613276114314 0.1
v -5.763389097365821 1.4166287749602418 0.1
v -5.5181251281579025 0.4933685763584901 0.1
l 2206 2207 2208 2209 2210
v -7.191046289939069 -8.621748698521122 0.1
v -5.858264074279551 -9.243421551176446 0.1
v -6.5198443111055875 -9.234316040821312 0.1
v -5.925017303220415 -8.520127090385545 0.1
v -6.54447509360901 -8.670029912152325 0.1
l 2211 2212 2213 2214 2215
v -10.560763440862644 2.088127039665461 0.1
v -11.941032709902526 0.8208672701547146 0.1
v -10.380415881260339 0.8720306189010136 0.1
v -11.252358226684828 0.7920653517388367 0.1
v -10.344210732932696 0.709526242238278 0.1
l 2216 2217 2218 2219 2220
v 6.9796942850021875 -2.6608968712555945 0.1
v 5.9463282941449656 -2.4912524725558924 0.1
v 6.252151456492357 -3.848078680333341 0.1
v 7.311996858876747 -3.1638706027869166 0.1
v 6.322462311863554 -2.875210902628102 0.1
l 2221 2222 2223 2224 2225
v 4.8325918252263005 -6.428158370525318 0.1
v 4.6257470331166015 -5.713823773352632 0.1
v 4.005336725515358 -4.990441339891913 0.1
v 4.195145626168387 -5.779760685946686 0.1
v 4.902284588709531 -5.515417776114372 0.1
l 2226 2227 2228 2229 2230
v 12.934765435384461 8.95435260930706 0.1
v 12.16952562987085 8.848481195683416 0.1
v 12.522311220699397 8.16875767027901 0.1
v 12.556705004885885 8.454515866365421 0.1
v 13.172167885397922 8.192146718016808 0.1
l 2231 2232 2233 2234 2235
v -4.224613987201307 -5.625632895281338 0.1
v -4.662458337300999 -4.681473798055267 0.1
v -3.7355948092155598 -5.527431441053386 0.1
v -4.316607572685582 -5.794652807395958 0.1
v -3.987683604204227 -5.097516312314598 0.1
l 2236 2237 2238 2239 2240
v -14.146386404001746 -2.2851078204255053 0.1
v -14.912864002887156 -2.13307845668644 0.1
v -15.595100096633733 -2.5836277855879635 0.1
v -15.127809770221594 -1.009805406047575 0.1
v -15.446263185861495 -2.597357553464507 0.1
l 2241 2242 2243 2244 2245
v -1.0983307051996158 -6.151783430369427 0.1
v -2.704336945123878 -5.78423863137853 0.1
v -2.122603586197215 -4.786565883150334 0.1
v -1.5934573201241535 -6.0350470599879 0.1
v -2.0072013532849993 -5.435275118500286 0.1
l 2246 2247 2248 2249 2250
v 9.894300881832264 4.562223536485181 0.1
v 9.503414941132428 3.7748043094420227 0.1
v 11.20304349062357 4.757336257077913 0.1
v 10.171472199352733 4.427212407515543 0.1
v 9.563029369810181 4.372776520697062 0.1
l 2251 2252 2253 2254 2255
v 8.860629766315617 -2.534321822057935 0.1
v 8.962976668316099 -2.9507558449921074 0.1
v 9.735693633463166 -2.5812235505197516 0.1
v 10.042820389444406 -3.160429866367771 0.1
v 10.338841837738004 -2.9616981954626054 0.1
l 2256 2257 2258 2259 2260
v 2.546952799752476 6.243738539312709 0.1
v 3.3241111290419556 7.225530320852499 0.1
v 2.853159760617845 6.909250467420148 0.1
v 3.4294286287714546 7.706609845680374 0.1
v 4.32433859231527 6.913712336365518 0.1
l 2261 2262 2263 2264 2265
v -6.314802590002692 -9.21802643462897 0.1
v -6.17264054211671 -9.373381986335064 0.1
v -4.926153609216642 -8.74442784990882 0.1
v -4.835108832441524 -8.368117980294244 0.1
v -5.042703659871161 -8.59880887765612 0.1
l 2266 2267 2268 2269 2270
v -11.78291101907945 2.4348863166228325 0.1
v -10.987634229700161 2.612174174822095 0.1
v -10.958479642235122 2.4402994877474464 0.1
v -11.793113614568751 1.430325763729316 0.1
v -11.376913995434647 2.671981867266709 0.1
l 2271 2272 2273 2274 2275
v -10.027025850416337 2.0954265042976217 0.1
v -10.67537731274966 2.5070961655767188 0.1
v -9.492159630593637 2.6813249415920772 0.1
v -9.768471297114653 1.1449944434443264 0.1
v -10.530448704258664 1.4259709772385174 0.1
l 2276 2277 2278 2279 2280
v -9.927703770154528 -8.712589359547565 0.1
v -8.860069781760634 -8.88883940699118 0.1
v -8.944516464215894 -10.079205136258363 0.1
v -8.004704962261167 -8.978571578524926 0.1
v -8.35117033655865 -8.876101573021588 0.1
l 2281 2282 2283 2284 2285
v -11.900432863219262 14.89233892030476 0.1
v -12.26199878574954 14.19757654633583 0.1
v -10.50448807688613 14.32205513877318 0.1
v -11.634744568053526 13.936278401645922 0.1
v -12.331551385347703 14.507433528615676 0.1
l 2286 2287 2288 2289 2290
v 8.437967536942118 -2.7382476318806965 0.1
v 8.003523962823513 -2.4344593569543362 0.1
v 8.16200747475757 -2.291048794131246 0.1
v 8.549722388979788 -2.6683620106763404 0.1
v 7.848134442431841 -2.302507903173934 0.1
l 2291 2292 2293 2294 2295
v 3.4635332299491566 1.925287132113447 0.1
v 4.184929559063331 2.7662671373255745 0.1
v 3.3382841990989096 2.626894351579696 0.1
v 3.2950969422828633 3.575447364606689 0.1
v 3.5792854317554967 1.988732396822264 0.1
l 2296 2297 2298 2299 2300
v 10.287279169398587 -4.550478823861104 0.1
v 11.355739768712015 -4.5208744519112125 0.1
v 11.12061271491347 -3.3654477522602653 0.1
v 10.63767530165252 -5.01514603688191 0.1
v 10.818020802118722 -4.854943560665827 0.1
l 2301 2302 2303 2304 2305
v 10.440278924762973 14.519379659253902 0.1
v 10.230832766361019 13.109421384571874 0.1
v 10.846101319082862 14.856570493836553 0.1
v 10.595495200511351 13.32636130908073 0.1
v 10.760487916669101 14.572129586022879 0.1
l 2306 2307 2308 2309 2310
v 2.9865295773026896 9.951166528309031 0.1
v 3.074673733315258 9.272795571426899 0.1
v 2.1233774190375048 9.560347404432441 0.1
v 2.981261206359453 9.468734190525028 0.1
v 1.3377395046845064 9.583628006757827 0.1
l 2311 2312 2313 2314 2315
v -3.037270871224248 8.326862142533598 0.1
v -2.703882601811564 6.807559402124311 0.1
v -2.441575186577188 6.833085371206994 0.1
v -2.6247143952882634 8.11831100853109 0.1
v -1.928053000147965 8.263250248675584 0.1
l 2316 2317 2318 2319 2320
v 11.517369007184875 -12.735324283827815 0.1
v 13.28196621343019 -13.132348392872213 0.1
v 11.672825141997064 -12.771337612258128 0.1
v 12.211955944331987 -12.970364048498876 0.1
v 11.556123472432127 -13.9045169916941 0.1
l 2321 2322 2323 2324 2325
v -13.439165959057492 -3.3995132992597723 0.1
v -14.557100627052241 -2.4597262895434233 0.1
v -12.956456485874615 -3.8485346288778635 0.1
v -12.82263510216256 -3.5611775617945254 0.1
v -12.87081610865333 -3.5010842643747053 0.1
l 2326 2327 2328 2329 2330
v -11.765194732559765 9.07579104917469 0.1
v -10.15087297933856 8.442043796561224 0.1
v -10.575188029359802 7.682754675924642 0.1
v -11.622631843890952 7.975819759582457 0.1
v -10.873060676108004 8.860124666341772 0.1
l 2331 2332 2333 2334 2335
v 9.493246618333764 -6.5592454784726595 0.1
v 9.359726559211772 -6.684714367208449 0.1
v 10.726570668470771 -6.373949154837942 0.1
v 10.60929781367481 -5.372410299044456 0.1
v 11.270453231137482 -5.292480131393966 0.1
l 2336 2337 2338 2339 2340
v -11.191368296668115 -1.769714999912555 0.1
v -11.709333431194892 -1.2073682511970933 0.1
v -11.286229311330214 -2.8641492235261126 0.1
v -12.520238646978683 -1.6195572884659917 0.1
v -12.532335846830676 -1.6291974992986782 0.1
l 2341 2342 2343 2344 2345
v 3.1352126782355016 10.65904129880527 0.1
v 2.028923237833701 11.24837942280277 0.1
v 1.8466310872510547 11.232859195886089 0.1
v 2.872309289538117 9.565351285093858 0.1
v 2.776653035835373 10.114604321892445 0.1
l 2346 2347 2348 2349 2350
v 14.911039313276156 2.2777977711814987 0.1
v 13.616343733829513 3.03249576117868 0.1
v 13.576380916652536 2.559194920908977 0.1
v 13.187950488215996 3.2493339655565263 0.1
v 13.54942577473668 3.626809801897375 0.1
l 2351 2352 2353 2354 2355
v -2.7249586163764077 4.100671917156136 0.1
v -3.548487580090576 5.394040397430644 0.1
v -2.6425465170280367 4.92731242800091 0.1
v -3.15358117754686 5.926299039838528 0.1
v -2.916277038991135 5.879272730130874 0.1
l 2356 2357 2358 2359 2360
v -13.766848969171747 -2.603506177550594 0.1
v -13.41371723317809 -3.6830620103200324 0.1
v -12.69192716795461 -3.4924343972196645 0.1
v -13.683902992310776 -2.313065936994831 0.1
v -14.198805901388155 -2.939305290207094 0.1
l 2361 2362 2363 2364 2365
v 12.304965777894163 -1.3211721350165655 0.1
v 12.267389025056358 -2.151722047618907 0.1
v 12.165188263647416 -2.457485512456204 0.1
v 12.241758900504239 -1.411987250766773 0.1
v 13.586428423311808 -1.5110118467702616 0.1
l 2366 2367 2368 2369 2370
v -1.4946059320958078 -12.331700960337889 0.1
v -1.293985141915677 -10.976069618253828 0.1
v -0.30040262965321163 -12.242256526363196 0.1
v -0.735109063571026 -11.968613346334344 0.1
v -0.28661921791294453 -10.812250376800888 0.1
l 2371 2372 2373 2374 2375
v 11.820540479306606 4.68994373350743 0.1
v 11.792709082857119 3.3835812700765047 0.1
v 11.056644949689678 4.2180536770054955 0.1
v 11.419361465613376 3.119956360832101 0.1
v 11.772986676854428 4.236253053417109 0.1
l 2376 2377 2378 2379 2380
v -3.0568333852196643 -9.371757010941591 0.1
v -2.2102510320759152 -8.544058625126457 0.1
v -2.8051222740734163 -9.296821114367697 0.1
v -3.2535991564474185 -9.666076224692842 0.1
v -2.075725692924914 -9.069987967637761 0.1
l 2381 2382 2383 2384 2385
v 4.283477591351446 13.370514530071269 0.1
v 4.040720523002536 13.52788339829196 0.1
v 5.0319211170466875 12.572613266849004 0.1
v 5.502678984034523 13.18885845791623 0.1
v 5.373903936895653 11.81796801857881 0.1
l 2386 2387 2388 2389 2390
v 4.543343348957564 -3.990614661590813 0.1
v 6.244843707113767 -3.95733414371718 0.1
v 4.640148916961995 -5.288964225723176 0.1
v 5.790643977708233 -5.492131686934522 0.1
v 5.3752986622607235 -4.639859524396169 0.1
l 2391 2392 2393 2394 2395
v 10.32781630509088 -10.820372600318777 0.1
v 8.786743220479691 -9.44549116052141 0.1
v 10.358322641290025 -11.008977624597746 0.1
v 9.601195196175151 -10.310856268448362 0.1
v 10.52827478503842 -10.987059072921616 0.1
l 2396 2397 2398 2399 2400
v -0.19798515037128905 9.546206377364012 0.1
v -0.16950156520825455 9.980748772608669 0.1
v -1.8608805702734974 9.37082125089306 0.1
v -0.28772621211118987 10.076477829230276 0.1
v -1.6244057687686777 10.284207349879592 0.1
l 2401 2402 2403 2404 2405
v 1.0418946082704093 6.6083888015782355 0.1
v 1.1588139266167925 6.61533014274373 0.1
v -0.31330805192303135 5.490467046039774 0.1
v 0.6028440174597305 4.9266035930105305 0.1
v -0.6813472335059225 5.796707684244919 0.1
l 2406 2407 2408 2409 2410
v 9.774454833081457 -5.964420833254136 0.1
v 11.265146685661248 -6.763026280257193 0.1
v 10.507119398679206 -6.905252158483705 0.1
v 9.416859953184199 -6.027995922463784 0.1
v 9.8391836418004 -6.724138198151115 0.1
l 2411 2412 2413 2414 2415
v -14.12722048964336 -9.137930510159613 0.1
v -13.001558674616815 -8.296269876698755 0.1
v -13.446519287675132 -9.467547434949587 0.1
v -12.719129175029476 -8.981611940845632 0.1
v -14.199792666554478 -9.507632619056775 0.1
l 2416 2417 2418 2419 2420
v 6.4076110470241705 1.3651662832318305 0.1
v 5.812441661810737 1.7632911988114583 0.1
v 5.074446820351889 0.23070515974954908 0.1
v 5.219247455085683 1.4085303851283784 0.1
v 5.922574428516772 1.5042204275404123 0.1
l 2421 2422 2423 2424 2425
v 9.901602613476165 10.05454442433713 0.1
v 10.716005366099479 11.240193453957565 0.1
v 9.937690413169545 11.23013518666949 0.1
v 10.051619547990816 11.665120652873371 0.1
v 10.527214885314162 11.43558455281079 0.1
l 2426 2427 2428 2429 2430
v 1.456115883903055 -15.359398794125582 0.1
v 1.2239918149049984 -15.675290351062648 0.1
v 2.77750979333279 -15.759116648316823 0.1
v 1.1463283955577392 -15.737964527514697 0.1
v 1.7104690224403454 -15.528020868069014 0.1
l 2431 2432 2433 2434 2435
v 5.6903167206290375 -11.282852031932247 0.1
v 6.017513908174899 -11.355258832280754 0.1
v 5.271605742194987 -11.516039321932123 0.1
v 4.52156743872132 -10.984684045575282 0.1
v 4.862298377439774 -10.428815181726051 0.1
l 2436 2437 2438 2439 2440
v -5.098490722707823 -0.320240193247588 0.1
v -4.728274882378523 0.1814548052797369 0.1
v -5.426747693604228 -0.4900948322133192 0.1
v -5.023435206675571 -0.29214605151608275 0.1
v -5.791183905694042 0.745024983428394 0.1
l 2441 2442 2443 2444 2445
v -5.592014947540407 9.670166259399286 0.1
v -4.0841388018156595 9.734909419653736 0.1
v -5.341439073833319 9.906313685411467 0.1
v -5.507093858820271 9.782119887831657 0.1
v -5.315018625592506 8.782457113626672 0.1
l 2446 2447 2448 2449 2450
v -2.463976625275392 -1.431481508127595 0.1
v -2.2615465464716173 -1.328904167076217 0.1
v -3.392870076141487 0.006027023389850283 0.1
v -2.3897199486524334 0.13990883138986 0.1
v -2.3026365777996256 -0.9400697080620393 0.1
l 2451 2452 2453 2454 2455
v -12.404770938854494 -4.1341234257023824 0.1
v -12.61857361999446 -4.075204368942067 0.1
v -12.614360431014116 -4.7609177560108895 0.1
v -13.389681768335352 -3.4052059348838175 0.1
v -11.955156617151395 -5.105281051735385 0.1
l 2456 2457 2458 2459 2460
v 13.429994551639979 5.132136657407408 0.1
v 13.762679665688706 5.719466826799879 0.1
v 13.71321508144646 6.465868316898719 0.1
v 13.607513778338154 6.101317037356511 0.1
v 13.996431686042152 6.584277106559537 0.1
l 2461 2462 2463 2464 2465
v -14.493730403444763 13.231584564501874 0.1
v -15.741914388592193 14.340978628899903 0.1
v -15.553685447762229 13.691725691406974 0.1
v -14.738667038844131 13.859165393134411 0.1
v -15.529421021411947 14.017533413752037 0.1
l 2466 2467 2468 2469 2470
v -3.934483891644238 -4.109651956258784 0.1
v -3.5598883242085426 -2.721801111815632 0.1
v -4.857999733568029 -3.249663853717009 0.1
v -3.0374434542281996 -3.718507562726315 0.1
v -3.948766520017359 -3.58907950641576 0.1
l 2471 2472 2473 2474 2475
v 3.3743385832505837 -7.924456266432089 0.1
v 4.363392672898818 -8.202932647390165 0.1
v 2.4709306071765402 -7.505147090343903 0.1
v 2.7322775716787646 -6.890681227894147 0.1
v 3.0456857885669457 -8.350450722786888 0.1
l 2476 2477 2478 2479 2480
v 8.35493885065161 -10.494183691088313 0.1
v 8.358511607807817 -11.127887197204766 0.1
v 7.207204919301889 -9.871240400423428 0.1
v 7.335130975567623 -10.17185391542656 0.1
v 7.236933020240664 -10.284559906150887 0.1
l 2481 2482 2483 2484 2485
v 13.267681470407272 -12.218111086178164 0.1
v 13.167539370451141 -12.488284282344793 0.1
v 14.940154394197902 -13.35931342288066 0.1
v 14.56833009829692 -12.946656399579899 0.1
v 14.488087853146816 -12.556139114018482 0.1
l 2486 2487 2488 2489 2490
