# Cyvl Generated CAD Model
o Street_Mesh
v -3.4699080724967644 9.42272733617574 0.0
v -9.78163847036194 -2.8097441010177135 0.0
v -2.1921875995467417 2.286645752377808 0.0
v 0.3876569221029058 2.933525619097054 0.0
v -4.882312494970392 -10.191323881968856 0.0
v 1.1888976226910017 -2.6164386216551065 0.0
v 11.793598966149148 -0.7392278555780649 0.0
v 4.965589714294765 -7.569423698820174 0.0
v 2.8188250826788135 10.144350082613528 0.0
v 9.429556427407078 8.013927544467151 0.0
v 4.598850091046188 -11.314261928200722 0.0
v -2.3766385079943575 12.185906278900802 0.0
v 8.684715145267546 -1.3266400899738073 0.0
v -8.329970592516474 -11.585903950035572 0.0
v -11.36354097747244 3.261033265851438 0.0
v 11.468685298401397 -7.301886243745685 0.0
v -6.435620223870501 12.82095437683165 0.0
v 11.729846518544946 2.3478375785052776 0.0
v -7.0575543738668784 -3.632876538671553 0.0
v -2.360348586400505 -7.9550043903291225 0.0
v -8.54599820036674 -4.0244921911507845 0.0
v -12.896949933259748 -9.489662531763315 0.0
v -7.1055474892491475 7.272369682788849 0.0
v -4.24017466645455 -12.582225783728063 0.0
v 1.637867443554569 -1.794094631448388 0.0
v 0.666799413273111 14.551941249519587 0.0
v -1.5987108696135692 -0.047569322399795055 0.0
v 0.823996969149448 -9.19750681053847 0.0
v -5.897867642110214 -4.594291725195944 0.0
v -3.691153941967059 -12.32507414650172 0.0
v -11.96721104066819 -5.98203419521451 0.0
v -2.0658165509230457 6.644142593257129 0.0
v -13.449371647671796 13.963483883067966 0.0
v 7.5529596413252875 11.705333175137639 0.0
v 5.291280748264398 1.3936797101050615 0.0
v -8.644780137285125 8.628799754194915 0.0
v 8.39365706499666 2.3650949988514185 0.0
v 1.308875507034827 -13.029522019438446 0.0
v 0.38404235895723104 13.363826755434275 0.0
v 10.273853312130086 -3.846446198411286 0.0
v 8.084355060011148 11.026657070033252 0.0
v -5.187716202402953 -8.934650204144418 0.0
v -3.4386017416254617 13.096066458150744 0.0
v -11.249898388283327 -2.4415376810356975 0.0
v -9.988262313592713 2.1488337088376284 0.0
v -8.307816550484858 12.579492333345115 0.0
v -12.440487681364175 1.3318030377849936 0.0
v 9.862957556324545 4.628183924593031 0.0
v 12.962440561328549 -14.215407250449061 0.0
v -4.436949167808052 4.70266579836607 0.0
v 14.804605023993645 -14.761332054622471 0.0
v -0.6727390275918879 9.389783346094191 0.0
v -14.025335856305901 -2.3937873020768166 0.0
v 10.958087574166711 13.278635165654123 0.0
v 4.040486359386705 -5.312554839067161 0.0
v -2.995775190705899 9.24042315594852 0.0
v 9.129150029970333 -10.433450786396861 0.0
v 12.332422423467506 -9.28257981594652 0.0
v 0.3757227791938931 -10.174651546403766 0.0
v 1.3832057895488106 8.749910404905677 0.0
v 9.414198883867357 -7.062752247788012 0.0
v 4.1890634360024706 -3.3353855228051543 0.0
v 2.0860557749983855 5.1753141498193145 0.0
v -6.973258821817581 -2.532767648808658 0.0
v 1.1412443678127602 14.849220028147101 0.0
v 0.57654174847994 -14.459991046227515 0.0
v -11.959155654883943 8.844275711104274 0.0
v -7.189004523970652 8.614694716408849 0.0
v 14.291965445969254 11.045207204297185 0.0
v -7.152407590823714 -4.411512873135507 0.0
v -1.2947739799274132 -7.696397696621716 0.0
v 4.117623424215708 -11.264192275702953 0.0
v 9.553660605102777 9.97459150198847 0.0
v 0.14144266006769612 11.553907527588308 0.0
v 7.389978010498453 1.0791937112808228 0.0
v 7.105344267503824 -3.39090059697628 0.0
v 10.647926745412406 0.2871954245492816 0.0
v -14.658065955969505 10.217751468531787 0.0
v 10.937147514894605 -1.5041376575827599 0.0
v -2.6954927405458875 14.662274814210832 0.0
v 14.731798345746938 -1.0305240964516997 0.0
v -10.589670824818313 -8.706009726971388 0.0
v 14.887559932598379 -5.858179257251322 0.0
v 13.242467484727968 7.676323727704585 0.0
v -12.9371939029661 9.478726842440665 0.0
v -2.496891336864792 -13.307101489976048 0.0
v 0.17398251278791577 -4.003793333657086 0.0
v 13.000582686450798 8.974489248357713 0.0
v -8.882786840666085 8.124916576780379 0.0
v -8.239022818801459 -7.852823436260223 0.0
v 8.625604847213253 -10.705320935696363 0.0
v -1.3073080947506242 -6.370874169282615 0.0
v -1.333546886104159 7.849763408303261 0.0
v 8.411644478852395 -1.6818391308188438 0.0
v -13.558059860137291 6.915403462015092 0.0
v -2.8193594035692513 -7.641715558245778 0.0
v 7.367732946178876 -10.194152877666056 0.0
v 3.9250670986948535 -8.095056424848735 0.0
v 12.900522585434373 -0.3458498064428568 0.0
v 14.981463298376184 5.064289779402316 0.0
v -4.402530717954505 -7.588800829835236 0.0
v -12.202186089998577 -9.896810532547534 0.0
v -13.320199739420786 -10.226813910529017 0.0
v -2.909421506745275 -10.925232598558068 0.0
v -3.920823688909877 3.96617931406945 0.0
v 6.328917140723206 -7.3706035781651735 0.0
v -4.61997685971437 -2.1702352352440357 0.0
v 14.968849600874819 -11.861623410135508 0.0
v -12.262394777557347 -4.672513792291284 0.0
v 3.578397833101917 5.127484696917236 0.0
v 14.22151098534232 7.411967710591853 0.0
v -3.525756163173355 2.163241875357926 0.0
v 12.619596772943623 3.6138099590316415 0.0
v 7.975627801846713 -4.71492329146713 0.0
v -8.426598258665763 5.462547558359802 0.0
v -10.133715714036953 12.099758885800838 0.0
v 14.758307892654557 3.637524682097137 0.0
v -3.501034470216837 12.783133782446384 0.0
v -12.366528154117987 12.777527487836778 0.0
v -6.306344018667005 -7.610561498440802 0.0
v 5.896478424372617 5.349672878161073 0.0
v -6.035715050064027 13.432782059535384 0.0
v -8.488468647177797 9.847444163635373 0.0
v -7.932200097537134 -11.33488605171442 0.0
v -11.850064367754385 5.164044045843184 0.0
v 12.371574255696032 7.281550111249089 0.0
v 11.01055322040338 8.896630765870214 0.0
v 3.5513660046854056 -5.769972583279014 0.0
v 12.988084456010256 8.783961513079703 0.0
v -5.136580140737351 -2.8275283062830567 0.0
v -13.267871946329251 -7.976382474415004 0.0
v 13.95384423690848 -6.745530321262777 0.0
v -1.6828830851591192 6.029409320093691 0.0
v 11.88238443818409 -5.214700806885958 0.0
v -5.559353940014262 2.68656116258353 0.0
v 9.919122504070401 0.44499304238706827 0.0
v -5.440891297417693 8.557537590153515 0.0
v -6.522656436252873 -6.596150103956461 0.0
v -10.576319390384015 -0.7453470751643181 0.0
v 10.010833987093065 -12.353436351753771 0.0
v 6.89566273719538 12.695608331821859 0.0
v 9.437442556372844 6.105149507522583 0.0
v 13.69194908963982 -10.725233972072601 0.0
v 12.209278505644761 -5.953977646306157 0.0
v -4.187968555546831 9.971208586357534 0.0
v 12.160886400088202 -12.989828028716147 0.0
v -10.04951010044897 4.508030395954847 0.0
v 0.5870321068796329 -7.234967447817326 0.0
v 6.068892738607246 -0.9812987530604005 0.0
v 0.857772440998815 -11.142823778092861 0.0
v 4.169041892746463 7.6248133750632405 0.0
v -4.4343258392764255 13.349987494759262 0.0
v 8.293163665919565 -0.14284935127943754 0.0
v 3.3971516395104118 -10.394505073316395 0.0
v -10.927766622917261 2.049331335350871 0.0
v 9.784065989952069 8.217066645622253 0.0
v 9.033010832907166 -11.054901826195419 0.0
v 13.588497606571764 -11.514311648905277 0.0
v 4.9275564820854925 9.756635365076363 0.0
v 5.028473925893195 5.97748764231801 0.0
v 12.127513142768294 -3.9662316078320146 0.0
v -14.259497260209173 13.554612083360553 0.0
v -0.5159690560540184 5.5743773598223925 0.0
v 0.15232403483241796 3.272909602150321 0.0
v -0.8572759830276482 -7.496124099940062 0.0
v -6.672847584297415 7.418176393024623 0.0
v -1.9491913641104475 7.397737612016499 0.0
v -2.975421440030914 -8.478207333013415 0.0
v 8.919341079483274 -8.923957323655486 0.0
v 14.283696909900755 -7.173865086399019 0.0
v -3.150433441682253 -9.149171237833798 0.0
v -2.0214649527333677 14.415210554376245 0.0
v -10.319565832149237 -9.51654627546668 0.0
v 9.989560720568988 -13.961763038299978 0.0
v -2.4789513118448667 1.3667599465698004 0.0
v -6.731489930010866 0.3841116586700082 0.0
v 13.401115945714992 10.276622909121215 0.0
v -1.331922385317739 -10.120522781275213 0.0
v -9.99072352051735 14.271593996323645 0.0
v -11.666165113332681 9.858372003771365 0.0
v 8.214032632356975 13.114287526346743 0.0
v 7.902320841909386 9.572269813157618 0.0
v 5.897466034337413 8.120478799566627 0.0
v 5.3376855023088865 -5.745570159517229 0.0
v -0.817348460026551 -14.709316762164235 0.0
v 4.536497916909866 14.214109793305397 0.0
v 11.163097112555988 10.759693359024823 0.0
v 7.581459658511449 -1.4830824891105294 0.0
v -6.561749702901579 9.974442806094885 0.0
v -9.125781078415457 -5.14228465501219 0.0
v 5.570968492131215 1.3197830216959119 0.0
v 0.5896018721396104 -2.6136699812486768 0.0
v -2.2486246417392977 -11.854567537084222 0.0
v -7.63000550668221 3.5047294553369284 0.0
v -14.052832724177279 -1.7249687192961574 0.0
v -0.11358104576356709 -9.027763563208282 0.0
v -14.623886136745568 -0.38382729049772024 0.0
v -7.309882433852181 11.666618575342 0.0
v -0.5758054639445618 -4.151640724390745 0.0
v 2.357816174335312 2.700870123691857 0.0
v 7.452209884417243 9.719045204110444 0.0
v 11.522841844242066 13.281974447891116 0.0
v -2.87270112283295 -9.336224018596113 0.0
v -6.139358237909619 -0.9767871052026749 0.0
v 4.986596469127107 6.937941016629338 0.0
v -11.206047262996435 -1.0438248245045543 0.0
v 10.186752693203744 -0.7624257504940033 0.0
v -13.634590170520823 1.5005649710074067 0.0
v 1.9237109484965913 9.134199008345604 0.0
v 0.8640127312391996 7.628383078612387 0.0
v 12.196938764944207 -7.874732377938926 0.0
v -1.8913617826183327 -1.8977659093216062 0.0
v -1.3795520282001235 -14.637609810568392 0.0
v 1.8884401372051798 10.351650048047304 0.0
v 0.35933412169106305 4.316698751412332 0.0
v 13.634975957276765 -2.7494066953659058 0.0
v 6.326224212942179 8.825337420217693 0.0
v -9.010067400173284 -1.7286265473812819 0.0
v 2.3384164328454062 -1.246210414916277 0.0
v -8.938026660005562 1.4060374656692147 0.0
v -13.617442963062786 -7.666296755895019 0.0
v -5.369349492364563 4.009113349020481 0.0
v -12.213983168301638 -14.60020820144564 0.0
v 13.47853738424601 -12.183348355814815 0.0
v -12.21174798218999 -7.746505359187722 0.0
v -6.498062726284843 4.080397836863995 0.0
v 11.95797334908275 -5.80389298684895 0.0
v 12.738164683629293 -2.988036190159619 0.0
v 3.371889233822003 -8.577283128164709 0.0
v -0.9726937658851966 5.302196376956999 0.0
v 5.254647054360248 -7.377050650306046 0.0
v -2.313638908904977 6.632743576541543 0.0
v -0.13159160932991654 -8.27135430648923 0.0
v 9.59317751636263 8.861463927663863 0.0
v -6.841548684693407 9.36798492539674 0.0
v -14.471993535174988 -0.8809761945158243 0.0
v -4.850043432030361 3.4047408513724804 0.0
v -6.653784843918402 -9.063083020038903 0.0
v 10.708504862035625 -3.8331604627892375 0.0
v 4.51555762370117 4.809026698581874 0.0
v -5.6085546385729685 9.09390599001199 0.0
v 2.89485428808257 -12.720045461319387 0.0
v 5.231552769313566 3.2979253754019737 0.0
v -5.656941497465596 -6.287961130030453 0.0
v 11.951437546522357 10.423681544139981 0.0
v 9.042164229031187 -9.580838111229241 0.0
v 7.822753731976263 1.202668335288763 0.0
v 9.06997329328442 -7.68289559520781 0.0
v 3.841308097471483 -13.423426755703986 0.0
v 14.215052157931495 -6.717634025961161 0.0
v 4.655146909528412 -3.3909552777186036 0.0
v -6.288336492900271 -13.457982604391873 0.0
v 10.531250531610567 8.588279975578189 0.0
v 3.1486455733538605 12.325896319001913 0.0
v -9.282406012818683 -3.3597609270364046 0.0
v 12.677775674674194 -12.487339441664517 0.0
v -12.372715513803996 -6.545745308510959 0.0
v -7.272146649600472 14.545751781202853 0.0
v 9.347111842478625 13.923806271515787 0.0
v -12.179015217348933 7.281624936498702 0.0
v 12.83558068209095 -4.821474039927125 0.0
v 0.06540094525553286 13.756364407017827 0.0
v 10.078736507566646 -2.941542901098728 0.0
v -13.927994137222413 -11.461898951791227 0.0
v 1.2439879581215791 12.020828556269407 0.0
v 6.974816471687518 12.25103450845927 0.0
v -4.311986612912733 -0.2129391636699438 0.0
v 4.324063558073249 7.87244507111609 0.0
v 4.363986993324943 7.257130529731512 0.0
v 12.80683821067214 11.379570539109409 0.0
v 7.648551987251267 -7.547395811416209 0.0
v -1.9157420275150798 -11.53924545738846 0.0
v -0.7115487545379438 3.0738757345825434 0.0
v -8.005367785692215 1.6009204173460603 0.0
v 13.539392864622641 -8.73550258204341 0.0
v 3.068162043695338 5.86871553119272 0.0
v -5.762930258817505 11.310614653863013 0.0
v -13.121756696957164 -14.015823695808649 0.0
v -11.521835899737198 6.84253448061645 0.0
v -4.717590663407464 9.125356974080205 0.0
v -9.449753686960321 9.442975731566548 0.0
v 13.03304215328535 4.1554067293182015 0.0
v -7.324462576245423 5.140499989502132 0.0
v -3.564415627042763 5.289476037956774 0.0
v 10.531552026222926 -14.363648004829884 0.0
v -12.87273972388357 0.6540139466524124 0.0
v 7.866432929644361 11.437714493833482 0.0
v -0.5976906737196259 -12.902596062980592 0.0
v -11.388680610281881 6.327465254813433 0.0
v -6.605002163443714 -4.123078561387956 0.0
v -6.9863117835484445 9.65381992701441 0.0
v -2.665498687303625 5.424388404004276 0.0
v 12.499200065387413 4.322846936993301 0.0
v -4.80375593790086 -12.751487955451012 0.0
v -3.090326662932057 -9.774616146460176 0.0
v 13.733159828698263 -8.644082224927843 0.0
v 1.494348764710594 12.567488932050765 0.0
v -8.587454252468888 -8.253582574427128 0.0
v -3.6784922922961414 -11.555537573993206 0.0
v 13.692433739663102 14.107869940809906 0.0
v -9.686115072341636 -0.37325700279325247 0.0
v 10.490529133705422 -11.564611669629812 0.0
v -1.1350506995222531 -4.098060393705964 0.0
v -13.601695456949528 -12.48410336021334 0.0
v -7.971658762951847 3.5045365877449512 0.0
v 9.343732066452503 4.346449769102037 0.0
v -2.256657314603217 5.737004436552525 0.0
v -9.126409819815308 -10.482537675648928 0.0
v -1.9495943678193726 14.69468354806304 0.0
v -7.516343890398275 0.9259489364922047 0.0
v 14.82695940125268 14.651706341654062 0.0
v -7.216035365592688 0.6406469335779548 0.0
v 3.072903655236587 -5.812108783051372 0.0
v 8.752086396911182 11.348583412356675 0.0
v -2.863396236090921 4.602105154655874 0.0
v 1.6003836300224066 8.579026915133 0.0
v -5.177500042016618 -12.552473199553788 0.0
v 8.303133755223826 -2.390167132951319 0.0
v -13.001594638859387 -11.131303867325187 0.0
v -4.256692276743706 1.5304136779159307 0.0
v -11.178542103676591 -9.558750211261213 0.0
v 2.699955167947337 -2.2969100987538695 0.0
v -7.307889809715562 -5.649053325876594 0.0
v -14.641833559784573 -8.035294130444527 0.0
v -8.912827359570656 2.107471493072808 0.0
v 0.0020115896477364004 -6.375119172036648 0.0
v 1.0827869783970527 5.398145472630858 0.0
v 4.9810136093292385 5.597895743325353 0.0
v 13.119720332324505 3.785884958691895 0.0
v 0.28306353389052674 -1.869491521269083 0.0
v 0.7083313156035729 -12.405750971287489 0.0
v 9.581061932898592 -4.603308976627886 0.0
v -13.811083238280844 -1.1809393893927336 0.0
v -13.426938544027507 2.759522163309157 0.0
v -10.891468796413392 7.541300279088318 0.0
v 8.713158049504273 -10.070053612813354 0.0
v -5.097527907404583 -0.7022952679544687 0.0
v -11.744074655114673 4.0419342974200845 0.0
v 0.3834068958531134 -9.089896116405725 0.0
v -9.526505668938626 0.5634111482650042 0.0
v -6.520641054667067 -4.903858088888228 0.0
v -12.712639157893136 8.222594059072435 0.0
v -13.496874666656367 -6.313342710956931 0.0
v 4.440814692294225 13.128641315735877 0.0
v 2.045487521099858 -5.651821170002222 0.0
v -12.779009010933805 -2.302847928367555 0.0
v 8.717229510424659 13.805871742777526 0.0
v 9.70940618350869 -13.157640137709677 0.0
v 7.318497994565405 -13.078763630241156 0.0
v -2.811563230876345 10.122808640822768 0.0
v 13.568714145105332 -14.220677275210619 0.0
v -14.299645190883894 0.7052299696952105 0.0
v -14.43665633792989 14.958356590941548 0.0
v 12.024950374267064 -5.014992149546742 0.0
v 9.533677777391858 8.419047131203115 0.0
v 11.719103444134817 14.3565902588889 0.0
v 11.25912924669683 7.881697355769575 0.0
v -3.3928699349053204 8.794489774852991 0.0
v -11.809944069944322 -0.7072759354487062 0.0
v -10.487790610466618 -5.709206868894398 0.0
v -13.582599415327422 9.260049015283585 0.0
v -9.066407799604349 -3.411988657899201 0.0
v 5.963856933580246 -1.7477655932307243 0.0
v -14.581782103399746 11.037443956360221 0.0
v 8.308905961923301 -9.114317500963807 0.0
v 14.016996782040223 -3.316477134823799 0.0
v 5.801092189503834 14.499637480825186 0.0
v 5.718729608634021 -6.905022374354303 0.0
v 10.246377418981865 -9.574678526259959 0.0
v -1.2637647428782657 2.9590632021427155 0.0
v -1.642895577067975 8.835289993323386 0.0
v 2.5260046513867564 -2.4957434460520744 0.0
v -13.816787881602068 11.850862873718143 0.0
v -5.988254435942508 10.668224796652794 0.0
v -11.641963275847957 -6.102791399694979 0.0
v -4.413083327235654 -9.819234462454915 0.0
v 10.76103030674858 5.4496540650725365 0.0
v -6.617646808444988 2.3345874454826117 0.0
v 1.0264010403770953 -3.7264635637402534 0.0
v -4.421477857802529 11.904350528493524 0.0
v 12.320655900519341 -2.472069524228573 0.0
v 5.027884543465916 9.847036000341177 0.0
v -13.799632879323326 -2.7880910001695156 0.0
v -12.582978745806031 3.6090615121647716 0.0
v -11.2695627422072 6.269907936453819 0.0
v -0.6196273291716352 -6.083508437499404 0.0
v 7.120561700488906 -1.939185849390924 0.0
v 8.741914350015577 -2.739674350246787 0.0
v 8.014917005668394 -13.084686108864844 0.0
v -8.848939611925744 14.421160106547177 0.0
v -13.960385326528922 7.844207308255136 0.0
v 7.546133853495121 10.51435929350555 0.0
v -4.693274056247901 -2.3393112989142537 0.0
v 8.000160475377925 0.5422415044158697 0.0
v -7.7387884625350125 -10.046825888566673 0.0
v -6.805959687102586 7.4470061818137765 0.0
v -2.1304465395514853 -0.2173912702128291 0.0
v -14.30152404337423 -12.710205797106028 0.0
v -14.361455805425067 -1.6339930621907115 0.0
v -7.711603912583087 -4.876361396163702 0.0
v 2.771684799459763 1.9748589610680938 0.0
v -11.916109253652394 14.593411541543901 0.0
v -7.577256495249458 -1.1973662301898003 0.0
v -1.930985167331528 -11.968167501501739 0.0
v -12.467770898074377 12.39294216223061 0.0
v -1.9881888088420965 6.145530890673399 0.0
v 2.9652605297160335 -2.4617168651893735 0.0
v 10.528111764695495 -12.150298234075308 0.0
v 1.4327632492640987 -8.122384049929678 0.0
v -12.965576568327378 11.783188061788678 0.0
v 11.42407042341074 12.21187954954803 0.0
v -6.4183025432867 -9.8452523406595 0.0
v -6.1427976949489675 -5.342677211388946 0.0
v 2.7858383941929787 10.368149631656706 0.0
v -14.564309351262636 4.550403627566993 0.0
v 13.586185152991675 -9.565567698329687 0.0
v -1.9756187715101987 1.7150312662124634 0.0
v 13.553807906864677 -7.309892429038882 0.0
v -10.083675340982154 -3.555837096646428 0.0
v -7.91726755106356 13.04519534856081 0.0
v -11.505616906506475 -2.8598446352407336 0.0
v 2.4933457919978537 -9.772789205424488 0.0
v 6.256933200056665 -7.900247912853956 0.0
v -4.927411584707443 2.080132856965065 0.0
v -4.048368588613812 4.7649579448625445 0.0
v 2.1892828145064414 3.782789533957839 0.0
v -10.8598709104117 -6.299979728646576 0.0
v 5.9907372872694395 -4.556372236460447 0.0
v -2.778952781634871 5.099499212577939 0.0
v -2.671746923122555 -4.528199737891555 0.0
v -4.064523519540671 3.269192378036678 0.0
v 1.3499404434114695 -10.430894621647894 0.0
v 4.722970099537633 9.209377005696297 0.0
v -8.1924812059151 -9.38041215762496 0.0
v -5.654499924799893 1.5487907435745 0.0
v -13.636193394369911 -2.716334561817348 0.0
v 3.5625935099087656 9.485457100905478 0.0
v 11.610088795074262 13.603312632068992 0.0
v -7.251001174328849 7.669103674590588 0.0
v -7.7565605251002125 -13.571880050934851 0.0
v -5.376519655517768 -7.0992250088602304 0.0
v -2.081163321447093 -7.335043773055077 0.0
v 9.099725016043521 7.877421168610454 0.0
v -8.02431664278265 -8.044936987571418 0.0
v -11.72846131172264 3.3628423484042287 0.0
v -6.118831393192522 -12.526155195198953 0.0
v -7.821648696961347 -7.860831504687667 0.0
v 0.1394742128904909 -4.149867091327906 0.0
v -5.358861105458345 10.904981692321599 0.0
v 13.61574655259028 0.5161753837019205 0.0
v 8.486038431641646 -9.493096192367375 0.0
v 14.651947282836773 8.39374970830977 0.0
v 10.365356533264276 -8.383155696094036 0.0
v 7.666739206179045 1.0102115431800485 0.0
v 14.39859258395154 -4.937606920488179 0.0
v 14.399944943841547 9.283567496575415 0.0
v 1.3169933619792573 -10.338624677620828 0.0
v 2.1488589547225274 -5.942482349462807 0.0
v 4.011212416284252 12.710011311806738 0.0
v 14.529390675306786 -11.645788241177797 0.0
v -13.73881151684327 10.917315653525293 0.0
v 9.681691875855904 1.610154957510531 0.0
v 8.221303500642534 13.573165911249816 0.0
v 3.613990346842911 -10.855973013676703 0.0
v 13.22012003872078 -13.651280925609171 0.0
v -4.527981120860204 1.0586114237084985 0.0
v -3.208594595140312 -5.773808730766177 0.0
v -10.93803814414423 -8.153403203934431 0.0
v 4.2130435872823 12.051837589591742 0.0
v -2.9934987951419316 12.568446352146566 0.0
v -3.6629123862367123 14.771578762680292 0.0
v -2.5879233448649757 -10.574322264641523 0.0
v 11.030687631398905 6.981923988088965 0.0
v 3.023845530929975 4.70880161318928 0.0
v 5.231041710241698 -3.371157018467784 0.0
v 4.802692711702548 -10.612464951351285 0.0
v 4.349550582584925 11.19577510189265 0.0
v 4.570241505338345 -3.027776845730841 0.0
v 13.836583738622721 12.386653092689812 0.0
v 10.516400891297963 0.8681084215641022 0.0
v 5.713972147437744 -3.0299179079011083 0.0
v -5.882733495556749 -1.5764875570312142 0.0
v 1.5244314852752723 -6.187285602092743 0.0
v 1.049697675916832 -3.2058666571974754 0.0
v -5.792548332829028 11.818760472349823 0.0
v 4.190741827886086 5.888766599819064 0.0
v -14.35905677266419 1.0705542247742414 0.0
v -13.960766658885404 10.074933361262083 0.0
v 4.9348025671206415 -5.66987095400691 0.0
v -0.9103798972791992 2.026002704165876 0.0
v 4.654862288909499 -13.810042252764106 0.0
v 4.120737218647264 -14.19459503237158 0.0
v -12.297224114648998 -12.721047698520124 0.0
v -0.07618350023403764 12.295300886034966 0.0
v 2.600404667435214 6.682233163155615 0.0
v 12.711993978882674 7.93360589351505 0.0
v 4.763800915447064 11.342106623575091 0.0
v 9.61311631015269 3.8999449480324984 0.0
v -6.891246232728008 8.288210603408515 0.0
v -14.489940660481807 -7.99275179207325 0.0
v 9.560787353373598 -2.0756555292755365 0.0
v 11.546767020015977 -6.769128237850964 0.0
v -3.333921984769404 -4.925418609753251 0.0
v -12.534416500129737 7.743722959421575 0.0
v -4.6800785675877705 -5.578456142917275 0.0
v -9.462366957799532 12.579839834012091 0.0
v 1.1442587478086352 12.941504205577075 0.0
v -9.068077801377513 11.090995338745415 0.0
v -10.848541966173798 11.718980357050896 0.0
v -10.022643896867521 6.7693513315171 0.0
v 10.218256984022446 -14.468508295714855 0.0
v 11.934366225497797 6.801465452648699 0.0
v 1.6405833187745884 -3.750975577160716 0.0
v 0.7985366648063064 2.9913008688017726 0.0
v -10.197406956460327 -8.052941843867302 0.0
v 5.181173523655161 13.038082115352154 0.0
v -4.933757820748724 -3.66180856898427 0.0
v -2.027671873802319 -6.640786801464856 0.0
v 10.870776818308514 1.0676583480089903 0.0
v -4.378485560882837 5.491302905604243 0.0
v -1.602585293177981 -8.507329082116485 0.0
v 4.234241737227421 12.60709126200527 0.0
v -14.599374342884403 -6.40945066511631 0.0
v 1.7698536638054065 -6.294472755864263 0.0
v -6.797298357065301 3.482980653643608 0.0
v -9.215643766277935 13.204217202961445 0.0
v -12.073113775113598 7.11794906668365 0.0
v 14.325734367477708 9.1172775933519 0.0
v 6.24094150273595 3.09803041536361 0.0
v 6.308690131641924 -4.404157786630094 0.0
v -6.686330619791988 -14.39479214232415 0.0
v 5.453196038259193 -10.135147305205464 0.0
v -4.603013634739909 2.712192915380001 0.0
v -1.6309541778173298 -7.198800674639642 0.0
v -3.5080097295576707 10.65363845974207 0.0
v -14.836904674826656 14.33371886331588 0.0
v 4.216876118502114 -5.408903773874044 0.0
v -5.579819081351161 -9.5668934751302 0.0
v 9.680772986845113 6.286307459697127 0.0
v -4.847115027136169 -14.987793950363994 0.0
v 0.9985342147992924 -11.031999796628952 0.0
v -2.1451016144128516 13.240906529128551 0.0
v -9.774333517299965 6.948516213335097 0.0
v 3.6600323030143045 -14.354193122126162 0.0
v 10.197721907868981 -7.564920551143587 0.0
v -4.492139946145471 11.307955354452133 0.0
v 9.59287674643565 1.118590535596013 0.0
v -1.2782526530791074 -4.229255896061659 0.0
v -5.669776703754906 -10.625523196533322 0.0
v -6.341454453533515 13.84428993333131 0.0
v 6.6203983972081915 -11.232136859558523 0.0
v 1.857593287480995 0.00670317467302084 0.0
v 7.1362762827193365 -11.567044399678707 0.0
v -9.9255204097135 2.2501987889409065 0.0
v -5.777510270709172 -10.257930961437523 0.0
v 14.547031539434101 -5.8792264852672815 0.0
v -5.754906712274533 0.5541222710162401 0.0
v 8.58117980620591 -3.4448044346645474 0.0
v 7.987819048808888 -8.080381836742163 0.0
v 1.384144731098786 -6.239759610965848 0.0
v 7.8282516046310775 -4.6851281290873885 0.0
v -8.723016117583029 -7.270863207057118 0.0
v 4.679475136217661 -6.896419434808195 0.0
v -10.487217329151463 9.597979811951518 0.0
v -1.7291724496753886 -7.018701450899243 0.0
v 4.629528647114057 8.687593678943813 0.0
v 0.9042950573493727 -2.726842607371509 0.0
v -3.115522274747491 -5.962805044837296 0.0
v 9.864978573808912 12.814485932700336 0.0
v 8.747089568525553 7.436081878840923 0.0
v -4.044835623411927 14.164452262222767 0.0
v 9.947260755579919 4.219682797789574 0.0
v 5.8018086473457515 9.725429671816528 0.0
v 4.572053185431287 4.766793370246887 0.0
v 14.407269002811518 5.187493994832039 0.0
v -9.450410789053421 -9.860866194590926 0.0
v 8.70716132572852 -4.398349074646831 0.0
v 9.066810246324167 -6.361492168158293 0.0
v -4.193350604269654 13.9476153338328 0.0
v -5.966201734205242 12.876578873954713 0.0
v 8.420381612726487 1.0497663924470544 0.0
v -0.12290442601079121 10.702343307435513 0.0
v 4.132676089880988 0.706262563355267 0.0
v 12.1570363335195 -11.031217952258885 0.0
v 13.064160160720348 -11.810908053070307 0.0
v 12.255248644331004 -4.713146104477346 0.0
v -5.7390414692345075 -8.702438494190574 0.0
v -14.95851183810737 -8.545487080700696 0.0
v -1.8962962036021054 -2.2600951436907053 0.0
v 2.034022747655399 13.896895032376051 0.0
v -5.260562428389676 5.614785264246166 0.0
v -7.81391274323687 3.121823417954147 0.0
v -1.4479809937183745 14.58608819078654 0.0
v 3.9281934269238263 -7.001457205973566 0.0
v -13.610263772308826 -11.650085468776524 0.0
v 10.962514169339556 -12.325176834128797 0.0
v 5.655256060068496 2.754263694398105 0.0
v -12.942394234240055 -3.518104343675077 0.0
v -11.388241090578958 -2.082834232598543 0.0
v -10.17724338779226 7.093069323338568 0.0
v 14.791054631583393 12.812832728028297 0.0
v -11.954363318218384 -6.268717424944043 0.0
v -2.5704292393638752 -10.581258466467261 0.0
v -13.735494694323279 0.9834745498374104 0.0
v -11.200908346567303 -6.799825444817543 0.0
v -13.555215722764842 8.007233197800815 0.0
v -5.518292688357178 3.86490061879158 0.0
v 5.19780908949906 14.73016641754657 0.0
v 11.01664118678309 7.650584573857486 0.0
v -6.788781509210821 -9.680201033130288 0.0
v -6.859076113672927 14.699534793384373 0.0
v 1.9939598854398355 -5.748053495772183 0.0
v 7.154177500575315 -8.741339787840843 0.0
v 8.141917471250053 -6.646739677526057 0.0
v -10.719865903956816 -4.733297349885106 0.0
v -13.572540747001767 -14.264436832629144 0.0
v -8.72115176479565 -0.42416817881166935 0.0
v 5.362870931159705 -11.619164454750717 0.0
v -2.5607006273930892 -5.170016394928098 0.0
v -3.8769413710106164 -7.540087223984301 0.0
v 1.9155974273453467 -12.122403104789555 0.0
v -14.537062812247314 -3.6036726031452417 0.0
v 3.5131438325042836 -8.330004659481347 0.0
v 10.188216806564014 12.717915726825595 0.0
v 10.049876976525411 14.70989947579801 0.0
v 11.827976972446777 -10.325239712372422 0.0
v 6.836644737399183 1.287400203756988 0.0
v 14.568934655166231 7.910665491595864 0.0
v -12.241267694800626 -10.911739790812135 0.0
v -14.903943614684977 -11.062739988788962 0.0
v -10.113267914915923 1.4866382125765085 0.0
v 9.73649082222255 -7.613978943787515 0.0
v -13.165641133498866 -10.989392964169383 0.0
v -7.424437325098552 9.922747609205544 0.0
v -13.486800939019304 -11.016011171974242 0.0
v -3.026598990720231 -4.081048724241555 0.0
v -0.17616776388604194 3.539008626714349 0.0
v -7.3134590506670065 -8.69703125115484 0.0
v -10.494630119006615 -2.6411532955244184 0.0
v 10.69115644163685 13.167646149173379 0.0
v -10.612466117891017 -7.38276207447052 0.0
v 2.4690801419783384 -13.109424458816648 0.0
v 10.752345731772948 14.065166517160833 0.0
v -14.173577631416265 9.290894677862525 0.0
v -14.808166618226096 -10.383377782069147 0.0
v 2.65303502214374 11.74334033112973 0.0
v -0.8513562674634159 -9.583083027042449 0.0
v 14.204316941380966 10.643240814097226 0.0
v 13.49256743985461 -5.27819646243006 0.0
v 0.15770300751319155 8.359832094982266 0.0
v -14.399880813027266 -8.575593317858875 0.0
v -1.2399265872081742 13.690030579455197 0.0
v 0.5680326807196252 -13.330955515615642 0.0
v 13.791679948044475 10.288931631483138 0.0
v 10.819557808106765 -12.157866097055376 0.0
v 0.7440884013776667 11.101628855802119 0.0
v -5.20932756975526 2.658907026052475 0.0
v 6.975858084857464 -7.830529295839369 0.0
v 13.079331519140396 8.362596664577723 0.0
v -3.1369182179914787 3.36711538489908 0.0
v 9.422209333861247 2.4227793952450156 0.0
v 11.941688960941974 -8.803842549212277 0.0
v 10.188031521684024 -4.725359532050788 0.0
v -7.730350811383687 4.273725560866296 0.0
v 0.17107116343686357 -8.592350318096578 0.0
v -5.700421725981869 7.590296824462712 0.0
v -0.8091746084974147 -8.788258833810687 0.0
v -0.015782958129420877 -6.038122836500406 0.0
v 4.0557927081245 -11.567316118627787 0.0
v -9.696226628206205 -7.122983464971185 0.0
v -9.826704983832315 -14.974451939575374 0.0
v 0.10301985655678436 0.9259947016835213 0.0
v -9.427898556168657 -12.651717642322183 0.0
v 3.0884069845778868 10.44947641249746 0.0
v -2.347835700842552 0.8651810279116035 0.0
v 6.733985537895933 6.591286770999432 0.0
v -12.895776509016287 -9.97384742833674 0.0
v 10.010690049501136 -1.7525548515841365 0.0
v -2.45078128320165 -6.748994884081185 0.0
v -11.205524448363576 -9.778492351993918 0.0
v 6.562093350104988 0.31745142582803965 0.0
v -4.962892076931894 3.84411851875484 0.0
v -13.165797364839818 -13.93232147116214 0.0
v -11.957007304241415 11.086250623688102 0.0
v -11.170134810789023 5.355896501801908 0.0
v -5.305782855546568 -10.159279317595065 0.0
v 8.871356184477918 0.03940257336944342 0.0
v 3.5363017488271 -3.264134923927486 0.0
v -14.728496741503477 8.665629972703755 0.0
v 4.429473665950354 -10.430794327519834 0.0
v 7.914018987677991 -4.316551741212606 0.0
v -4.997637411637697 -11.166611383669078 0.0
v 3.4500750955194235 -10.946825596503913 0.0
v 4.235314341378398 -8.372339027933776 0.0
v -0.5353999667568132 2.889323979616165 0.0
v 6.583613312221132 10.089624859392643 0.0
v -1.2158431623247452 5.271642520092428 0.0
v -8.651471179851796 -3.358455155044794 0.0
v 3.8143204459920526 -3.517434041015804 0.0
v -1.3205387727939524 5.325140496715903 0.0
v -8.45468785671983 -13.680859422311187 0.0
v -5.678944603423588 -0.39927608240395784 0.0
v -2.191904062347021 -8.508115076459944 0.0
v -10.06862253381405 14.556968978606164 0.0
v -6.434644710097928 -2.6896414430812 0.0
v 7.041167750954628 11.763788748532534 0.0
v -7.921829585393425 -9.094004611484706 0.0
v 9.95178493228741 -14.310052790679038 0.0
v 6.62945610913448 -1.4292211048305035 0.0
v -6.641539649688639 -4.561798837035894 0.0
v 10.943441023584455 -2.507999668829143 0.0
v -8.643882572767325 0.4208668526262045 0.0
v -5.058350068167783 11.236444101668894 0.0
v -5.881880662404001 -6.732569698244333 0.0
v 3.906920062552672 6.194534261710942 0.0
v -6.500605703447945 13.820465420372784 0.0
v -13.611668058554642 -0.4468391304835677 0.0
v 11.713972104655113 -6.911143336445093 0.0
v -7.733663301740307 4.311271768063307 0.0
v -2.8029603411559947 -7.563948726281524 0.0
v -13.132972156512551 -5.993606428615749 0.0
v -9.614120956335682 3.1438186541199684 0.0
v -14.13992005365435 -3.988095329143107 0.0
v 2.4261778098298237 14.111800082027912 0.0
v 2.125541198940482 -1.101425314322114 0.0
v 3.5502013458753936 13.062870438210666 0.0
v 10.443929479049984 2.6283208997920156 0.0
v -7.643705910479184 6.73474167380482 0.0
v -5.736575304763392 -10.93281570263207 0.0
v -13.200513879593927 5.433407734148204 0.0
v 10.667813674604986 -5.054657093249261 0.0
v 13.905886829947121 -3.784318865276873 0.0
v -1.351126515539363 -0.6409847978502512 0.0
v -2.212466587079689 -10.984075747430325 0.0
v 7.913225872383919 -7.71494587790221 0.0
v -9.188418390462175 -5.0037524262443185 0.0
v -6.275760053016711 -1.9442422222346067 0.0
v -2.895575588045176 -4.349094199948013 0.0
v 0.016457883175462484 -10.00958290323615 0.0
v 14.487515223911032 -13.626124239526689 0.0
v -3.410950339923147 -2.9556826958432794 0.0
v -2.4948734412901103 -8.80291940458119 0.0
v -1.7391972189070657 -0.20660387817770243 0.0
v -7.076168852392584 -0.3949035834521055 0.0
v 12.01879844587529 -10.926531873643398 0.0
v -5.53685526154004 9.600134132429957 0.0
v -0.777324388269335 2.288491294719279 0.0
v 14.229329651978333 -10.962419755756855 0.0
v -13.660061629896518 -9.869608912616968 0.0
v 1.4354168059071526 -12.66005113068968 0.0
v -0.6771737318485975 -9.622843192890286 0.0
v -12.033145858615171 14.558972911909223 0.0
v -6.797570261871442 -13.590914985165 0.0
v 1.8722060988657176 -11.136085697449744 0.0
v -14.724604313378222 6.145698601379991 0.0
v 1.9295542165637016 12.561502668075264 0.0
v -7.4995474460884 2.0640920624136925 0.0
v 0.5540606557624415 5.93789847381413 0.0
v 11.903363779711071 -11.63064520061016 0.0
v 1.24440946924733 11.645712120458484 0.0
v -2.0174902836442925 10.291457537561655 0.0
v 8.07631146570202 -4.020783218555152 0.0
v -1.4199560430133715 -8.26333951111883 0.0
v -9.409242501715198 4.7153217773884535 0.0
v 1.8451834167353809 -2.4583145705983043 0.0
v 0.3820464589516632 3.341871626675129 0.0
v 2.337966616556514 -7.555900931358337 0.0
v 12.024663250835147 14.185558802448213 0.0
v -9.619546617090236 -4.908818176947534 0.0
v -12.511791368655395 -0.615545948036015 0.0
v -12.436274858016986 -9.743738994002342 0.0
v -9.636586708133109 5.38299638684839 0.0
v -1.3666975009837188 -3.868942924775183 0.0
v -1.5762666772934608 4.10015712864697 0.0
v 0.5389999907347374 -7.579253971576691 0.0
v -0.03204317600466311 12.12930686865002 0.0
v 13.999452832213137 -6.146589311771095 0.0
v -4.655143316369504 13.301286400295794 0.0
v -1.0624785583931953 8.279067877680063 0.0
v -8.825125081290025 4.828613394871354 0.0
v 7.073620226292405 -10.832312528975308 0.0
v -2.918080852192361 5.717431925237179 0.0
v -8.670288739434909 7.787414652295411 0.0
v 3.3982871695188805 5.338819284923375 0.0
v -14.979728019621689 -1.4786393120884895 0.0
v 3.0471092141233385 -4.503370773978531 0.0
v 12.48358398367418 9.57885535247624 0.0
v -11.788793494401034 9.852471646852791 0.0
v -6.640339132689405 8.52510860003531 0.0
v 9.587544224981684 5.584728512912989 0.0
v -13.519090244430117 -14.083331069909036 0.0
v 1.6729121131356806 12.971570969559252 0.0
v 6.958847790840082 -4.796698136255145 0.0
v -3.0873262113309465 -13.736636546440423 0.0
v -13.593129492830485 -1.354575694538653 0.0
v -8.229762458067853 -5.04300806298852 0.0
v -8.99858838529326 7.9597612814977765 0.0
v 10.91464022663422 9.256033594720066 0.0
v 11.92400540492963 5.358823463320732 0.0
v -0.08764408639399335 7.236431679688394 0.0
v -8.675111474294681 -3.0461591398343444 0.0
v -7.429772531904746 -14.29546466935426 0.0
v 3.8432756224065088 -5.904620842076838 0.0
v 1.1002293130150065 3.0506069185212255 0.0
v 4.8334312584484 1.1526546301320195 0.0
v 13.943727556616068 2.319053268060088 0.0
v -7.8797305664629675 -13.573244567029178 0.0
v 14.469267948530614 -13.905228726565838 0.0
v -6.8129840609035455 4.751538742333651 0.0
v 0.6033230042085052 7.51952993683517 0.0
v 9.040864471753594 -7.504352854564786 0.0
v 12.637463944090996 -14.79372676834464 0.0
v -14.552042919502128 -2.9271559081971645 0.0
v 13.551537239924073 -8.532290489412844 0.0
v 3.1557117511401884 -2.8638323731720448 0.0
v 2.048682871973142 1.6111267618834972 0.0
v 12.2749545990373 5.812193653546274 0.0
v -9.706112091080286 -5.865362240932882 0.0
v 10.329876082483679 11.01256560254842 0.0
v 13.976003496092744 -9.45920383092016 0.0
v -6.4171675484394655 -14.21596322208643 0.0
v 14.884469668380916 7.946203541010618 0.0
v -0.6834603637107648 -13.637131152674556 0.0
v 4.564475648046937 -6.6462207259610295 0.0
v 6.102496744017117 7.246331563219428 0.0
v -6.83150978438789 4.878272651694715 0.0
v -14.385237600887194 7.900794427841902 0.0
v 0.14317209942964837 13.630747015587986 0.0
v 3.4765602752449922 1.9351302599534392 0.0
v 12.626453283301089 -0.7072755312547088 0.0
v -6.516393675643485 1.8037708131596446 0.0
v 4.6653483206173405 -5.27998055331409 0.0
v 2.7699408993357792 -2.9203264387324452 0.0
v -5.496982200827915 -4.000995184294879 0.0
v 2.7040624335058965 4.592416577041149 0.0
v 10.44133839890128 -13.06205917429179 0.0
v 11.408962203655392 14.844048184342682 0.0
v 11.728275243891403 7.231617140583694 0.0
v 7.788102343620267 -12.906960043124855 0.0
v -3.659668537962716 8.312480950728059 0.0
v -2.59625940740807 1.3801160585135221 0.0
v 0.23754812084371224 -13.556435350328684 0.0
v 3.084551515057683 -5.298967480659485 0.0
v -3.183362404408399 -6.477010837756097 0.0
v -12.99881048197858 -9.725362805649638 0.0
v -5.35293582448503 9.436035929247737 0.0
v -9.434301055269316 7.979300883598626 0.0
v -6.384498782455921 -2.359167216345668 0.0
v -1.0153612027643248 -4.8002842320129275 0.0
v 0.32968376635108143 10.637262121774256 0.0
v 4.396986358100548 10.849812866188586 0.0
v 8.75954556564102 11.513739707879722 0.0
v -5.262935753387865 3.2263783579692245 0.0
v 6.340967430267483 12.974465306848288 0.0
v -14.445167748723179 -9.521063850261271 0.0
v -1.274890225904528 14.8439975772053 0.0
v -0.28966809826670215 -8.881739592179656 0.0
v 9.037205177068245 11.424352466128767 0.0
v 0.08350824570516124 -13.657911257818341 0.0
v -1.8034337928984314 -5.539882969111204 0.0
v 4.673782159225084 -9.059078069403768 0.0
v -3.4283346383599564 -0.9961241446435452 0.0
v -13.098987744189799 0.6010432485491037 0.0
v 5.226388008741196 2.304722797125578 0.0
v 3.4923358826781623 12.492068381048739 0.0
v -4.10735925467452 -11.59134833700955 0.0
v 13.85888271505246 -3.550420359708369 0.0
v -9.684045893198345 9.776116766035557 0.0
v 9.550080503162462 -12.762671902775764 0.0
v 12.823826484323945 -2.146236206404865 0.0
v -1.7068999187322333 4.079133891500533 0.0
v -8.005475198209751 -10.542998413555324 0.0
v 1.188656817364972 -13.82247117254883 0.0
v -1.0018519475706853 -8.36346722394228 0.0
v -1.0363258087309077 -5.685612886212766 0.0
v -5.398204069060739 5.90098113194108 0.0
v -2.5021640872000717 9.396088100969791 0.0
v -13.802837264491245 1.1982939736917615 0.0
v -11.820602029911242 12.096959661692381 0.0
v 2.178011439333204 12.99286869354546 0.0
v -11.70353747648187 13.517169158905745 0.0
v -5.372832711611409 -2.5533240037038922 0.0
v -11.640278531005606 -3.1791048208251595 0.0
v 9.444027838646434 -3.254671821370721 0.0
v 13.446724699635524 5.414318681694567 0.0
v -14.802459734783042 11.667276178486645 0.0
v -6.684518831083551 7.887538915500045 0.0
v 10.515653388516512 0.21916066855192184 0.0
v 0.33221452485304326 -8.027996358461678 0.0
v 9.943666217790451 -8.230260012671351 0.0
v -11.998774995212443 9.03037977963686 0.0
v 11.189338463183958 -4.882406644523144 0.0
v -8.99568813398946 9.48624619282782 0.0
v -1.8576613744953647 6.14669253770262 0.0
v 10.191542225598823 -5.154869304038584 0.0
v -14.442754837451503 4.536209397017956 0.0
v 3.94660250749439 4.579332762397826 0.0
v -4.209712382580619 7.324049381539226 0.0
v -8.596898479328956 6.7839868403971195 0.0
v -8.950992568570655 -10.856808848679066 0.0
v 2.958042674639728 -9.751645899377763 0.0
v -2.244986748730298 5.584902433678508 0.0
v 7.852731455641333 2.760704243555665 0.0
v -8.715014578483533 -3.648583806119859 0.0
v -10.709906164789572 -6.059171502478421 0.0
v -12.244040396180935 -2.1763452636078 0.0
v -1.1749825624283403 7.7523395754396915 0.0
v -4.0707220104523 -4.580005411989987 0.0
v 10.820503952156287 14.2927505094558 0.0
v -9.635711860202719 -11.433353337459266 0.0
v 14.09883566753706 -4.588358574546874 0.0
v 4.355645805015229 -13.19344879873097 0.0
v -11.72971854370553 -9.603993760421872 0.0
v -14.03540829080157 11.890570447780192 0.0
v 8.4154082693276 10.25204298645258 0.0
v 7.564028369670268 -3.2997089428827167 0.0
v 7.481850897427648 -13.011503146961331 0.0
v 11.905269537121058 12.255999349057674 0.0
v -2.5839281337102875 1.8694919077679515 0.0
v 13.524401838425547 4.00252026040107 0.0
v -6.801447183068376 -8.740333676338196 0.0
v -1.8009761071880348 14.608152974396944 0.0
v -7.040614434867166 6.539614298380911 0.0
v 0.8806475197197869 -9.486235399730504 0.0
v 5.533828723593615 -2.5015729293227196 0.0
v -1.5415511798928492 0.5408850815147161 0.0
v -7.510362959525082 3.0104445489123464 0.0
v 9.56758594623534 10.41937609296292 0.0
v 4.291722066001967 -7.299541817046702 0.0
v 2.154828328930307 14.933386472985148 0.0
v -5.117746155534405 5.367514870129526 0.0
v 11.975654594658408 -10.379152001813054 0.0
v -9.722428721084725 -1.7530495980754495 0.0
v -1.0796934511163272 -11.525308951735497 0.0
v -4.828153730952181 -13.421140034683049 0.0
v -6.956924287427682 0.5611611567437649 0.0
v -2.816256413643714 10.535410704091191 0.0
v 4.871490683115553 -9.95467211958021 0.0
v -3.682712585083209 -12.527126061730087 0.0
v 8.244940823467914 14.636911169625819 0.0
v 10.295395014691167 -13.164449041709304 0.0
v -14.957309879362583 -7.668205561116338 0.0
v -5.264435990655329 9.092952514998615 0.0
v -10.034063787199557 12.029855425469577 0.0
v -6.84165247855708 6.205952005460858 0.0
v 8.514304368756711 -2.27143672388047 0.0
v -9.221303915430326 10.816779091954231 0.0
v -7.944184771622531 -9.076997741125524 0.0
v 11.159178980393335 -8.94657919369638 0.0
v -10.517796680913307 9.898532439023256 0.0
v 12.625140971678775 -0.45815449859946966 0.0
v 3.9631380574428476 1.5630856910720468 0.0
v 12.264646219380666 -0.11627476569265127 0.0
v -12.004321300250012 4.254204123280942 0.0
v -6.526214450364932 10.999781639315188 0.0
v -6.856471517821774 7.502681725658476 0.0
v 8.99389848811552 1.225888186134398 0.0
v -2.0524798129918054 11.684007820673287 0.0
v -12.371418799448293 12.862840219400823 0.0
v 4.613741668232251 -7.929374056868255 0.0
v 14.98421679250896 -12.674866739660501 0.0
v -6.878606011567172 10.70433946326375 0.0
v 13.44769702485064 -9.124466771259904 0.0
v -10.529066048562527 -11.060981658287346 0.0
v 7.162191643321421 14.358611262403429 0.0
v -12.465407837706152 4.00085823237896 0.0
v 10.894611821742728 -11.718450265936553 0.0
v -9.934665449196473 8.424721305258572 0.0
v 1.4480387185467407 4.924857510253787 0.0
v 11.971258126781322 -3.535097219981253 0.0
v 0.6687261151964776 7.35844327416271 0.0
v -7.163102738792077 14.51011661067605 0.0
v -12.691911615722347 -12.315961935557425 0.0
v -10.786887643218506 13.376923597417772 0.0
v 5.634404029464349 -7.284618851728737 0.0
v 8.03522188734496 12.303951896727085 0.0
v 1.1489113896386698 4.970243206247687 0.0
v -10.77746733056847 -13.071000793017447 0.0
v -8.374430028256029 -13.344323987141252 0.0
v 11.925624914758373 10.61196405440569 0.0
v 14.5958559292485 14.475658695213497 0.0
v -8.64636531996075 -13.847387664951384 0.0
v -9.904388750204816 -12.201715684495866 0.0
v 0.9773740769014694 -11.698578675277531 0.0
v 0.5293151802034117 -7.963956027291715 0.0
v 5.717240649159066 6.957091024145484 0.0
v 7.564431173319463 12.158595700748265 0.0
v 1.2923990658600815 6.172283245250583 0.0
v 5.54229286860209 3.4731948962435126 0.0
v -0.4052870224695653 11.336595290340483 0.0
v 14.420650974905584 7.1430141143500805 0.0
v -3.306063402618747 11.666177435778081 0.0
v 13.191612276248634 -13.459957062266767 0.0
v 2.098318048811052 -12.127832076512277 0.0
v -10.45110703050159 6.70851431414485 0.0
v -5.72400035278406 14.119292941875756 0.0
v 0.5794756934628822 11.574416920542717 0.0
v -11.01223187870346 12.854833038523793 0.0
v 13.226494918810204 -3.5992287835106254 0.0
v -7.008685144945048 0.9010624540969729 0.0
v -3.421802491589915 14.434126302599907 0.0
v -1.2522833612165414 -13.954668839462101 0.0
v 5.938540950242896 -8.92727501410991 0.0
v -10.325284816499334 4.606733867898583 0.0
v -3.730998894199729 2.6857302067801356 0.0
v -14.13084504607832 12.238289057277143 0.0
v 6.323485349188559 11.475376018323004 0.0
v 11.475821825384628 -9.049515003338456 0.0
v 6.432343518419657 0.6015823157504201 0.0
v -14.284984025754966 -1.5756815737113357 0.0
v 4.647558177821338 -1.3144776485860348 0.0
v -8.217778156860732 9.729262285865843 0.0
v -6.011405544239096 -13.13455905765295 0.0
v -8.111919129092712 2.6609321795403957 0.0
v -12.429174017102923 -6.666384281590581 0.0
v 4.128238965000492 -5.974892736412585 0.0
v 5.972399716672953 4.936619304120541 0.0
v -2.378494066710118 -9.50915364548564 0.0
v 0.24793126725126058 -9.40328789781779 0.0
v -0.3090751114068553 -14.01855928543955 0.0
v -11.14321137178922 4.939221259206533 0.0
v 11.893998982617632 10.245791270397604 0.0
v 1.8432998671778478 -7.719650825485587 0.0
v -13.780297194374725 -10.09712569322437 0.0
v -7.59979525586823 1.8198357904329896 0.0
v -12.379246811324265 -2.8293638667091727 0.0
v -13.78706493449863 4.1556401792913675 0.0
v -2.7932702851248905 6.0611769845709205 0.0
v 6.333456740772817 8.570901204831898 0.0
v 7.100007772271056 -11.062547848559916 0.0
v 8.644396853575017 -3.8339473558589816 0.0
v 14.234260382072534 0.6668526530265808 0.0
v -12.02253083139658 -0.09632685780525208 0.0
v 3.8697059944388457 9.339829340577126 0.0
v -7.973705146636348 14.68151668086648 0.0
v -5.026872775168158 2.7912552105262876 0.0
v 1.1399507154128514 12.623916416428983 0.0
v -8.041982763272244 -11.46787538100034 0.0
v 13.855537189228926 -0.5555053111165762 0.0
v 7.871887857967522 5.018367571756244 0.0
v 13.764560738462023 -14.056795055046678 0.0
v -0.13636410632170737 8.649181695654988 0.0
v 2.3623856948688626 6.136659471318126 0.0
v -14.731853994831908 3.10541077516973 0.0
v -14.357973665581085 -8.111855159513652 0.0
v -11.839087025087792 -13.35845261067152 0.0
v -0.15250339469639584 -3.723666432313621 0.0
v 7.546821929921862 -10.658202378079295 0.0
v -8.852791059180163 -7.815185095183551 0.0
v 2.44943070190493 -2.001922767609358 0.0
v -11.82131748716347 -1.65007649268955 0.0
v 5.458519493928179 7.252242960035801 0.0
v -12.449178375303745 -8.776140690781176 0.0
v -6.827851521840785 -9.078776758164167 0.0
v -3.8361255385680124 8.507895459420979 0.0
v -0.016815119539387524 -11.76376096252352 0.0
v -2.372426630172413 -14.432156451046467 0.0
v 11.77330653712852 6.4725379049777985 0.0
v -8.104756827407982 1.8587959706783295 0.0
v 7.738797527970746 4.879886791110039 0.0
v -1.4324458574410528 14.944690069183707 0.0
v -4.5846959229093045 -0.04292197059839964 0.0
v 7.918192564276978 -7.693392695859075 0.0
v 5.585048397013452 -14.213315024971962 0.0
v -7.479954306327272 4.429650739766657 0.0
v 5.666608405823354 7.600810664705932 0.0
v -9.247322520881426 12.6043262174353 0.0
v 10.76327709382167 -1.6019283067435026 0.0
v -13.060751951590646 -8.045493301004171 0.0
v 8.363344636687543 10.680768065154552 0.0
v 5.696435811230913 -3.4985597766935825 0.0
v 7.242902330588549 -13.942167973145843 0.0
v 2.170483313733712 -14.627145399339497 0.0
v 8.365896941162646 5.489093031734228 0.0
v 7.030154730076902 -11.532514849677682 0.0
v -1.0320829059928656 -11.438082933425903 0.0
v -1.989857634762302 -13.298498716205359 0.0
v -4.286746475554537 5.90787364076823 0.0
v 6.059089279791806 0.17988204676657915 0.0
v 11.873634231218603 8.39748434908688 0.0
v -10.576426478743088 9.92417754046619 0.0
v -0.6307235442218371 8.916119650937617 0.0
v -1.0369309890666045 -13.753933179192245 0.0
v 6.482207123655826 7.153357611037791 0.0
v 3.1025786860845983 4.534362689591944 0.0
v -0.886257671227213 2.7469987366348505 0.0
v -0.7756136259413324 -13.538316691294312 0.0
v 14.33176599786384 9.679579191841185 0.0
v -1.8359855525777675 14.43200876377523 0.0
v 10.515414998633787 -1.1080435384064913 0.0
v 3.1831722094793804 -8.926851511001587 0.0
v 3.0556657155393623 -3.05393560603261 0.0
v -10.357401765300892 -13.102856752462685 0.0
v -9.38331074808957 7.3364719692617655 0.0
v 0.1126056057983078 13.505419897846878 0.0
v -5.31785988464253 -9.889484383165836 0.0
v 12.50070489855716 -7.378308882005513 0.0
v 10.150342410895973 4.332678833045065 0.0
v 11.219156877603382 -5.039809871464968 0.0
v -10.275079505401663 -1.250538413412869 0.0
v 12.72431598417461 -5.311832935549319 0.0
v 1.2035308976192027 10.813265772536397 0.0
v -12.387826678692363 9.778950166888535 0.0
v 13.494331017602235 -11.741088451817632 0.0
v 2.1265258187777363 -2.4011761425063014 0.0
v -13.241027856827714 -0.49740550853312016 0.0
v -3.737042006687261 5.984788680449128 0.0
v -13.823629089340102 -4.151301400735974 0.0
v -5.377633722033352 5.634415707550943 0.0
v -5.382415481319185 -4.464983493089676 0.0
v 10.346846253611147 10.076283336617053 0.0
v 8.742649094667286 8.415360080078244 0.0
v -13.136990203813184 10.15342011116445 0.0
v -9.741301839938387 4.935899693518877 0.0
v 7.257330630789511 -8.942330504767597 0.0
v 6.885539419541601 13.673742866143584 0.0
v 3.4209613518905826 2.262045616284013 0.0
v 5.7147683327202685 5.533796837553382 0.0
v 8.893895552319009 6.800790413282812 0.0
v 12.957515239308123 -1.051267466507852 0.0
v 5.875402996141929 -1.3865689150989056 0.0
v 10.35846854490228 13.002567685209215 0.0
v -8.396406007406767 7.177038541063666 0.0
v 12.625030389463063 -5.891589394770563 0.0
v 7.760156359581742 5.047666358761489 0.0
v -14.898739043797832 -0.9162556855008006 0.0
v -4.170448314631358 -8.115149576216936 0.0
v 10.216939298959915 8.894312928430736 0.0
v -14.3476783290389 9.806634489446878 0.0
v -13.81630514236167 -8.156145211309195 0.0
v -8.967534957104363 5.0732135735452175 0.0
v 0.032428535574581474 -14.249090364202857 0.0
v -1.2762470341403969 -12.713668377138674 0.0
v -5.010275465843733 -14.470134851522744 0.0
v -14.833815936930478 2.0667563499882817 0.0
v 5.373326553381048 -14.746291141957045 0.0
v 5.596631216525566 1.3826338835060596 0.0
v -8.048459317942616 -6.889633643440902 0.0
v 11.492439964262303 10.370073234662414 0.0
v 8.749799265759066 -11.057635573670268 0.0
v -0.20027872524224222 -14.521724227815866 0.0
v 14.630861069017556 5.451817372813821 0.0
v -7.009998231951613 -2.4226639764383435 0.0
v -9.974697325902525 -3.716394198127091 0.0
v 2.520470356394071 -0.9317923821508884 0.0
v 12.358075595169794 14.42204232700169 0.0
v 5.194132324599195 -7.05428107175976 0.0
v 13.794125217013061 -6.78050928004086 0.0
v -13.841754922526889 7.42296093236655 0.0
v -14.383638895000331 -8.226517315022647 0.0
v -6.756500699033495 -8.673609436489642 0.0
v -7.524784017179627 -12.07956980355084 0.0
v 1.3431739233783446 -7.772341476753354 0.0
v 11.759121125913225 -11.282381474971771 0.0
v -14.093217109329998 5.43406446184963 0.0
v -9.505348671285901 -12.776525153778493 0.0
v -3.7403978198417462 4.692447207868099 0.0
v -10.633518637507223 -1.3686547623947263 0.0
v -1.6306682578288019 -5.869912249967456 0.0
v 10.925115436024498 4.207324904389679 0.0
v -9.270766544388607 -8.16575676575303 0.0
v -7.291014130227268 12.838460324332118 0.0
v 2.0845286257681437 -5.874855457805097 0.0
v -14.140658713062294 0.3001442365348339 0.0
v -4.360474896617234 -5.126423756591976 0.0
v -1.709598425310105 -0.7060455391183496 0.0
v -3.933588993095327 8.215244649909437 0.0
v 5.426888470188715 1.692800653167069 0.0
v -12.099427505920175 8.776167504489422 0.0
v -12.963947401789483 -6.911380530335009 0.0
v 0.10748994018649682 6.375890027731657 0.0
v 9.03923324745847 6.183936432003975 0.0
v -2.5025432294933125 -13.487832917831838 0.0
v 8.050879251095466 8.625341010279953 0.0
v 2.8996833740966395 -12.992202739231288 0.0
v -8.703158219635952 5.847253618761897 0.0
v -7.520140227861702 8.868515164591372 0.0
v -11.953439708333462 2.264684152789414 0.0
v -4.800817327341065 8.14939792174846 0.0
v 6.004759349278174 3.1678949650377035 0.0
v -7.012542189273518 -2.398263436742127 0.0
v -3.4603943603578955 14.01690133381635 0.0
v -14.418201724416576 7.5633159801363945 0.0
v 9.555108935805038 14.261266463436186 0.0
v 10.376683649898041 1.2924710009247065 0.0
v 3.804172685369849 8.77874659281224 0.0
v 13.668624529615045 14.499052562750876 0.0
v -11.654726554697845 -5.91486681252718 0.0
v 3.7123652180307545 10.283866494894028 0.0
v 8.312414008716587 5.597837160341442 0.0
v -4.289824885374401 12.053848288953304 0.0
v -0.015008690650574863 4.891994928009808 0.0
v -13.04938343516551 3.1416647378355265 0.0
v -0.7811951939365827 12.465326824225485 0.0
v -8.248105572129134 0.3034207420423627 0.0
v 0.3751819033641368 14.532501308247447 0.0
v -10.190500017954037 11.28274064231664 0.0
v -14.93607647815952 11.056394166313112 0.0
v 9.508703138446435 9.175183058716357 0.0
v 3.4717726187082008 -4.224026968702674 0.0
v -4.201343163149431 -13.108458655886352 0.0
v -13.037275624228641 -8.33997846301645 0.0
v 6.1935967419994995 2.791273950599134 0.0
v -7.789754802361131 5.069239902310073 0.0
v -4.3019638453260995 1.3186502810567617 0.0
v -6.630190130497795 -10.001883683726192 0.0
v -7.935854876297526 3.0892559895291924 0.0
v -10.302186502551194 -6.354206837713718 0.0
v -1.0674982136115432 5.1253341268748045 0.0
v -10.749949642980937 0.15667138993740082 0.0
v -13.007307239342481 -3.8731255372986197 0.0
v 6.724594083323609 8.163840484805405 0.0
v 7.793794543016702 4.43617907166481 0.0
v -11.432354467746336 0.0666662398725748 0.0
v 4.958978115289938 3.8284949641674757 0.0
v -6.911047026340384 9.370496416464448 0.0
v 10.155313962663058 8.36172226909548 0.0
v -14.011836173362099 9.423181594349444 0.0
v -7.350121205497999 8.310893694870174 0.0
v -9.227496315201279 -1.4840874671936035 0.0
v -11.499365510419011 -10.77661229018122 0.0
v 7.646071792347357 -7.6572615364566445 0.0
v -9.08023174846312 2.5600684247910976 0.0
v -7.45564662507968 0.9966426650062203 0.0
v -1.8237411638256162 -3.4066703068092465 0.0
v 13.565374033583794 -13.25363661441952 0.0
v -11.337073505390435 4.3474492114037275 0.0
v 2.959457476856187 -4.912337577901781 0.0
v -8.687895251438022 -10.248984965495765 0.0
v 2.4240714750485495 -1.7701552137732506 0.0
v 7.644203489879146 -13.226829593069851 0.0
v -1.7084721573628485 9.671360542997718 0.0
v -11.577599930227734 -9.221873841248453 0.0
v -13.910681767214555 -1.958026965148747 0.0
v 0.10938423220068216 -2.321606984362006 0.0
v -7.892312039213721 -13.222354400902987 0.0
v 12.806632864230778 -0.5634380150586367 0.0
v 1.3185513088246807 -3.087352143600583 0.0
v 10.67371020943392 -8.166418014094234 0.0
v 10.854731551604345 -8.757339896634221 0.0
v 13.32049664389342 -9.901469929143786 0.0
v 4.060310964938253 -8.347375050187111 0.0
v -2.1077563200960867 -1.6249689040705562 0.0
v -6.17871535255108 -5.667774295434356 0.0
v -13.917139407829382 -7.628253260627389 0.0
v 3.865456498519052 13.123166464269161 0.0
v -13.857634108688217 -7.4744322039186954 0.0
v 12.962456817564089 2.3653647815808654 0.0
v -7.468042878375854 -8.780417351983488 0.0
v 4.450343320553657 -5.725958573631942 0.0
v 4.0205534738488495 12.216508131474257 0.0
v -12.471956008230336 -1.3257220992818475 0.0
v 5.101352320343722 -6.022111918777227 0.0
v 14.914514751464594 13.35526214260608 0.0
v -10.532824499998242 11.025928928516805 0.0
v -14.407071862369776 -1.1960189696401358 0.0
v 7.515753993589897 9.710196560248733 0.0
v 14.060491840587929 6.46139592025429 0.0
v -5.277733705705032 12.264354350045323 0.0
v 9.616371836338658 12.351704070344567 0.0
v -4.1820915614953265 -4.734379023313522 0.0
v 6.326877549930941 -6.389970592223108 0.0
v -2.7649263106286526 13.685661662369967 0.0
v -10.98970528965583 3.751378571614623 0.0
v 0.699825897521805 -8.124840370379388 0.0
v -7.773668100533541 -3.7179470947012305 0.0
v 2.232853908324614 7.409488592296839 0.0
v 4.92639826569939 -6.215569406747818 0.0
v -12.446741406805813 -5.401269587688148 0.0
v -9.030523196212016 0.327486140653491 0.0
v 12.731920459889807 -9.04826917592436 0.0
v -2.1406465912004933 14.507741943001747 0.0
v 7.175112916214857 8.185360950417817 0.0
v 5.70113054511603 7.246703674085438 0.0
v 2.631729189946782 8.634400568902493 0.0
v 10.4017875365098 9.43133648764342 0.0
v 1.8461967833572999 -6.468757172115147 0.0
v -13.45457946532406 -13.144021220505238 0.0
v -4.106768967525568 -8.227121990174055 0.0
v -6.154004805954173 6.043879920616746 0.0
v -13.246577889600303 -8.83775536622852 0.0
v -1.2239346043788828 -0.6933066304773092 0.0
v -8.67743918398628 10.762687441892922 0.0
v -7.197604228567798 -2.558877006173134 0.0
v -7.902795600297395 -7.4256377117708325 0.0
v 12.82631643943023 -4.151265185326338 0.0
v -3.6533342541661114 -10.197987909428775 0.0
v 5.136797033192124 -11.172190549783409 0.0
v -1.1576800822513178 2.486039597541094 0.0
v -1.5764471410075203 10.846831737086177 0.0
v 0.649959902279079 -12.777827515266836 0.0
v -12.441168413555715 -10.245099370367825 0.0
v -2.7596012896392494 -0.24747168365865946 0.0
v 1.6542585379211232 -11.729478034190834 0.0
v 9.44903352088295 8.096620786935091 0.0
v -10.744229109899607 1.1081346506252885 0.0
v -8.500666811247356 -6.990350691601634 0.0
v 2.5782604090636596 -9.09381832741201 0.0
v -2.5086411790689453 -8.327073429711163 0.0
v 12.198857129842509 -2.589954455383122 0.0
v 3.0270393747487105 1.4129008632153273 0.0
v 12.703192796674557 -3.9294704915955663 0.0
v 4.401298738841433 -2.5784150874242187 0.0
v 9.020781078317668 2.6610263073816895 0.0
v 6.08896044321591 6.988734724000096 0.0
v 9.03074193408247 -6.154041759669781 0.0
v 3.9228950684773736 -6.3895804062485695 0.0
v 8.106235211947933 3.0375542510300875 0.0
v 0.13825515448115766 -8.810887737199664 0.0
v -5.223129708028864 -2.9300138438120484 0.0
v -4.609622629126534 -7.394086182117462 0.0
v 14.380483738146722 -5.3180516846477985 0.0
v -1.6058437287574634 7.885933226905763 0.0
v -6.1907003136584535 -2.9237031526863575 0.0
v -4.130598714924417 5.269106735475361 0.0
v -11.01663289417047 -14.10607350524515 0.0
v -9.262852251296863 -0.6858679009601474 0.0
v 2.7546757517848164 -8.04195476602763 0.0
v -4.232769932132214 11.891424247995019 0.0
v -6.796589768084232 5.729362198151648 0.0
v -7.769641181163024 -0.8488526185974479 0.0
v -11.870734251046088 1.3176093306392431 0.0
v -14.105347521952353 1.990291591733694 0.0
v -14.588004925579298 -14.891400830820203 0.0
v 13.677185272797942 -14.788173032924533 0.0
v -12.20350464148214 12.303099419921637 0.0
v 0.4093147406820208 5.312848431058228 0.0
v -3.119376873888541 -10.464332177303731 0.0
v -4.090390959929209 -5.372067495249212 0.0
v 10.899266958003864 5.4637976717203856 0.0
v -8.670994330139365 2.282695163972676 0.0
v -14.742708151286934 -13.350911687128246 0.0
v -2.4154616117593832 4.998985114507377 0.0
v -8.511190116521902 -0.5005194339901209 0.0
v -3.4232339052832685 -0.573655572719872 0.0
v -6.944596202287357 1.8524751951918006 0.0
v 3.1828176842536777 -3.0508541697636247 0.0
v -5.471973003761377 -14.925565166398883 0.0
v 1.9508830980048515 2.8076544012874365 0.0
v 3.577663154923357 11.683752994053066 0.0
v -9.681743154593278 10.98219365440309 0.0
v 8.075999251159374 6.174229114316404 0.0
v 4.278059597767424 -0.27188896480947733 0.0
v 9.08939041866688 -7.984944572672248 0.0
v -7.18024574680021 -0.3557503428310156 0.0
v 1.9861841249512509 14.108334916643798 0.0
v 4.371072842332069 -8.327845059335232 0.0
v -1.4137080449727364 -8.954856301657856 0.0
v -8.128062429721467 -9.868286984972656 0.0
v 14.451571505866013 -7.506771190091968 0.0
v -2.848021946789231 -11.347970147617161 0.0
v 3.9522253308678046 1.0263691442087293 0.0
v -9.115595865237992 14.58516061026603 0.0
v -6.857962671783753 -7.23857248108834 0.0
v 1.6858600193518214 14.154925540089607 0.0
v 1.4738542278646491 5.086470445618033 0.0
v -3.4890032779658213 -11.93936191406101 0.0
v -12.186293994891457 11.251070685684681 0.0
v -2.735883963352535 4.19168340973556 0.0
v -8.965418970852625 -0.05691076349467039 0.0
v 3.9558695078012533 8.33586931694299 0.0
v -6.051083978905808 5.215083150193095 0.0
v 9.781441545754205 5.534299526363611 0.0
v 12.770998781430535 -4.842300148680806 0.0
v 2.2241717306314968 -2.911392318084836 0.0
v 13.332882734190207 10.581321428529918 0.0
v 4.751501097169239 4.525141179561615 0.0
v -14.790851919271518 -10.231164489872754 0.0
v -14.877616663929075 1.4356785137206316 0.0
v -12.71585364069324 -14.56008085142821 0.0
v -11.218699330464005 10.314842915162444 0.0
v -13.174032835871913 14.966554275713861 0.0
v 10.355318079062272 4.119575415737927 0.0
v 7.182748580991756 2.088491890579462 0.0
v -10.087503691844177 4.183881679549813 0.0
v -4.565791397646535 3.2951848916709423 0.0
v -1.6344180665328167 1.3284298395738006 0.0
v 1.971691068727523 14.322296281345189 0.0
v -8.21601334749721 3.3654374461621046 0.0
v -7.5191652298672125 8.54401689209044 0.0
v 12.39755976316519 -6.627551869489253 0.0
v 11.925134190241806 -14.760765299201012 0.0
v -6.355639626388438 5.624999281950295 0.0
v -12.199264645169023 0.6571747986599803 0.0
v 4.310721991874743 -1.3941709315404296 0.0
v 4.973448578559328 9.483993138186634 0.0
v -3.400877474748995 -9.245910570956767 0.0
v 6.6006876701139845 -2.0747845973819494 0.0
v -9.74251782905776 -1.8866116013377905 0.0
v -0.5483905184082687 -3.3614216754212976 0.0
v 7.332226278667804 7.04697329364717 0.0
v -12.534477140114177 -13.919062952511013 0.0
v 14.545787166396622 -8.098606369458139 0.0
v 2.3383599099470302 8.411816729232669 0.0
v -7.261526209535077 -9.36318129952997 0.0
v 5.1498666718252935 0.20089443121105433 0.0
v 8.379621857369784 6.191184879280627 0.0
v -2.373779234185349 -11.610574018210173 0.0
v -14.188211811124347 8.851316717453301 0.0
v 1.3559937728568912 12.689404447562993 0.0
v -11.050553530745674 -6.455307657830417 0.0
v 3.390454468433745 4.487952144816518 0.0
v -8.028951080865227 -10.914134065620601 0.0
v 12.892852330638561 3.5397952552884817 0.0
v 12.23392182122916 6.200252431444824 0.0
v -4.734447513881605 14.363977147266269 0.0
v -6.54541724716546 -4.221557213924825 0.0
v 9.757987727411091 -13.608468104153872 0.0
v 2.4402993044350296 7.513809309341013 0.0
v 5.2252424517064355 6.766364025883377 0.0
v 13.159597871592268 -13.731185217387974 0.0
v 14.488461575994734 -12.938422200269997 0.0
v 7.314975412678905 -8.07550120074302 0.0
v -4.355965262802783 -10.354803053662181 0.0
v 6.874174077413045 -6.054616297595203 0.0
v 4.500818147440441 3.556460033170879 0.0
v 13.195517040265258 9.719837622717023 0.0
v -4.095537080895156 12.607372184284031 0.0
v 0.9722359531442635 7.185486423783004 0.0
v 11.349703546322417 -5.441471483558416 0.0
v 6.257175481005106 -8.725494338199496 0.0
v 6.715195374621544 6.240347856655717 0.0
v -8.063614336715546 -14.587395314127207 0.0
v -3.751035622204654 -12.556985475122929 0.0
v 10.995760966907255 2.0264270063489676 0.0
v -8.956369720282964 12.705428194254637 0.0
v 7.431428600219078 -0.0009204810485243797 0.0
v 8.612068457470741 7.896209639497101 0.0
v 6.751758876664098 -7.468521392904222 0.0
v -8.349857859720942 -4.402691772207618 0.0
v -0.6019808900309727 -12.378737471066415 0.0
v 11.240599065320566 8.803505004383624 0.0
v -12.607686756178737 -6.413775299675763 0.0
v -14.636143994517624 13.733037228696048 0.0
v 9.18781835574191 3.6481513306498528 0.0
v -12.37327475316124 2.917702483944595 0.0
v -4.067916643805802 13.947784421034157 0.0
v 13.157654414593708 12.851068116724491 0.0
v 3.2688232283690013 -0.6030322583392262 0.0
v 9.14497806201689 -1.2848513219505548 0.0
v 0.9228391862707213 -12.497116755694151 0.0
v 14.5435680616647 13.991376070305705 0.0
v -12.531128467875533 1.0593271711841226 0.0
v -0.5337861040607095 10.239165854640305 0.0
v -2.7596098053618334 -9.148133993148804 0.0
v 9.088550826068968 -11.160345539450645 0.0
v 3.02056043734774 13.328251187689602 0.0
v -11.375860130996443 9.913777170702815 0.0
v -11.952710954879876 -12.816326217725873 0.0
v -13.624173071759287 -5.142612382769585 0.0
v 5.0033543792087585 10.760543778538704 0.0
v -8.525375634373631 -11.988349050283432 0.0
v 12.04864046437433 1.5909425932914019 0.0
v -7.894505937467329 13.66445367410779 0.0
v 11.009643265628256 12.837784588336945 0.0
v -4.70568267715862 10.775754298083484 0.0
v 7.323321611911524 -6.4213089952245355 0.0
v -5.0256872027530335 1.431178585626185 0.0
v 3.3967784385895357 12.331093914806843 0.0
v -5.495450986374635 -5.98787228949368 0.0
v -0.6487514679320157 11.988077907823026 0.0
v 3.7289059757022187 0.07701472006738186 0.0
v -9.762744299659971 13.206849806942046 0.0
v -11.912883818789851 -2.4629403548315167 0.0
v 0.49121925549115986 -13.103617419488728 0.0
v 7.520029255305417 1.4310896629467607 0.0
v 13.887975097633898 13.154888815246522 0.0
v -4.189853860298172 -9.090101434849203 0.0
v -6.810577346768696 10.6708425572142 0.0
v 1.1369621070916764 -6.275874231010675 0.0
v 8.954163230373524 -7.202860051766038 0.0
v 0.21348112513078377 0.25674155820161104 0.0
v 3.9042179340031 -6.52193779591471 0.0
v -12.369061507633887 12.545474380254745 0.0
v -11.91582452406874 -5.097841636277735 0.0
v -8.151209093164653 9.73542440123856 0.0
v -14.051235270802863 1.6356103606522083 0.0
v -6.53701844275929 10.900609442964196 0.0
v 0.9474863110808656 9.054928810335696 0.0
v -13.829879020573571 12.745615663938224 0.0
v -9.141790835827123 -8.159813011065125 0.0
v -7.981719349336345 12.605041005648673 0.0
v 3.004255844221916 -10.036846999078989 0.0
v -13.974473769136239 -7.682370916940272 0.0
v -3.587245815258939 -7.1046273075044155 0.0
v -6.147321325785015 -12.426143324002624 0.0
v 11.87944725714624 -11.830224395729601 0.0
v -8.680550890101586 -3.0716697983443737 0.0
v -9.778890129586216 -7.8079895889386535 0.0
v 10.246161602204666 7.526166834868491 0.0
v -8.459600679401774 -14.101649994030595 0.0
v -14.972794932953548 9.768132790923119 0.0
v 11.661443629884161 8.333795171231031 0.0
v 12.06832623918308 -6.471677363850176 0.0
v -8.682992720918264 3.019878284074366 0.0
v -11.764376029837877 -2.8687380757182837 0.0
v -0.10614406259264797 -13.528788666240871 0.0
v 14.349874763225671 -2.081142923794687 0.0
v 1.7851690217503347 3.367445996031165 0.0
v -9.171509332489222 14.87302841246128 0.0
v 8.192995102435816 -10.11146401707083 0.0
v -5.174962822231464 2.0554168643429875 0.0
v 2.3279177164076827 -6.981142598204315 0.0
v 9.651376320805866 -6.156259841285646 0.0
v 3.5719387778663076 -7.7744747353717685 0.0
v 3.646565699367784 13.834618723019958 0.0
v 2.171216038870625 11.719722378067672 0.0
v 5.3811121471226215 -5.575517914257944 0.0
v -12.026599413366057 8.454620148986578 0.0
v 14.080235365254339 -12.60749935824424 0.0
v 1.7466465093311854 4.475591067224741 0.0
v -7.880902596109081 -2.1344992853701115 0.0
v -14.612786097161006 -12.524863074533641 0.0
v -2.9613042491837405 -13.799210700206459 0.0
v 5.283558753086254 6.644943810068071 0.0
v 6.0562565218424425 -13.236242107115686 0.0
v -11.923000003502239 7.173121426254511 0.0
v 0.607069696416147 -1.0310181425884366 0.0
v 4.686220538744237 -10.755840264260769 0.0
v 13.706009809742682 -3.2017856063321233 0.0
v 3.900599862798117 2.9401106908917427 0.0
v 4.681325613462832 -14.602082687430084 0.0
v 9.756508881342597 2.2826248249039054 0.0
v -5.156737403187435 -3.044693431816995 0.0
v -1.0150392217328772 1.120372868143022 0.0
v 11.245213354064617 -10.384343259967864 0.0
v -7.7919083541492 8.086929755285382 0.0
v 6.774144742521457 -4.940823839977384 0.0
v 11.363673902640585 -2.4013086073100567 0.0
v -6.072268610878382 -10.834304582327604 0.0
v -5.209794511843938 -8.419071214273572 0.0
v 12.600505319598597 -3.9127102186903358 0.0
v 7.66456378553994 6.536864675581455 0.0
v -13.991612214478664 -8.495725515298545 0.0
v 4.320043106446974 12.006332167424262 0.0
v -8.67931484588189 -6.6041616424918175 0.0
v -3.171646948088892 -5.920895944349468 0.0
v -12.202326405793428 9.59976473916322 0.0
v -14.881798296642955 0.2678440138697624 0.0
v 7.2687549195834436 -9.801604456268251 0.0
v 6.8207042120047845 -0.713013019412756 0.0
v -5.4165984892169945 14.427865788340569 0.0
v 6.246654114685953 8.687718715518713 0.0
v -0.05588475434342399 -11.23229459952563 0.0
v -0.6866521403426304 -3.084897509776056 0.0
v -7.660456595709547 4.4826381001621485 0.0
v -11.503876330098137 13.013175702653825 0.0
v 2.724478739197366 -8.785880314186215 0.0
v -1.6614651271374896 -2.5653687957674265 0.0
v -11.479620066704229 9.749148350208998 0.0
v 13.277345886046533 -11.232872483320534 0.0
v -8.466044161119498 -5.9336356380954385 0.0
v -14.753456473117694 13.47293494362384 0.0
v -7.0180411582114175 -3.46396894659847 0.0
v 5.291692848491948 -9.210727260448039 0.0
v 4.299344305181876 -14.044275320135057 0.0
v 11.681841523444746 4.527597978711128 0.0
v -4.32364118139958 6.1462896298617125 0.0
v -13.151319001277443 13.497709439136088 0.0
v -12.914131610479672 11.523980174213648 0.0
v 5.660295094945468 -5.483445784077048 0.0
v 7.443030876806006 -0.8535984754562378 0.0
v -2.811335692415014 -2.145046230405569 0.0
v 8.212063113285694 7.542586021125317 0.0
v -0.5433491843868978 -8.330742445774376 0.0
v 3.1603736786637455 9.278077888302505 0.0
v -2.8254817063570954 1.2405374683439732 0.0
v -4.8362861355999485 -0.2760239625349641 0.0
v 2.7289486457011662 -13.693849106319249 0.0
v -11.364164366445038 1.0010417755693197 0.0
v -10.885364151676185 -8.545430061407387 0.0
v -13.052365913288668 3.004576656036079 0.0
v -9.584444955340587 9.462482201866806 0.0
v 8.527818385802675 3.2007846012711525 0.0
v 6.876132643432356 -2.590373022481799 0.0
v -8.76716570701683 8.397975242696702 0.0
v -2.952106114185881 14.825970377773046 0.0
v -10.503751811280381 11.274042846634984 0.0
v -5.766089927230496 -1.3980533359572291 0.0
v -8.848254153039306 -8.55167184304446 0.0
v 0.9956121101276949 -13.961672338657081 0.0
v 13.298644136928488 -6.012684302404523 0.0
v -5.322235580475535 -12.812740783207119 0.0
v 6.941525053640362 7.605935950763524 0.0
v -8.315185422252398 -5.211969777941704 0.0
v 0.0036878620157949626 -0.27652228344231844 0.0
v 7.960846146102995 -12.10599234700203 0.0
v -3.6372292015585117 7.659926727414131 0.0
v 12.473677941423375 -10.301087358035147 0.0
v -2.122579922201112 8.742544824257493 0.0
v -13.971720617555548 -3.715196152217686 0.0
v -4.849806803744286 2.6001831758767366 0.0
v 9.058692503487691 -0.70743362698704 0.0
v 8.601483227685094 -11.298731063492596 0.0
v 0.5132448183139786 11.878348080441356 0.0
v -9.727128202095628 14.814985828474164 0.0
v 1.532829414762091 10.074802992865443 0.0
v -9.532106116006617 -14.855339540168643 0.0
v 11.257140267291106 -5.9751862809062 0.0
v -2.4667278525885195 -6.093706275336444 0.0
v 5.111711877165362 6.667560178786516 0.0
v 8.929836482391693 2.9622920341789722 0.0
v 1.2971556716947816 -9.671497760340571 0.0
v 1.0563742853701115 2.1209380365908146 0.0
v -5.933204672241118 5.400309146381915 0.0
v -7.5004758351133205 10.152542329393327 0.0
v -14.733981726167258 -2.2941631553694606 0.0
v 14.798316975415219 9.45477363280952 0.0
v 12.7015288292896 8.777851219289005 0.0
v 10.00014669256052 0.5253987368196249 0.0
v -11.809041818487458 -5.006860010325909 0.0
v 6.439094185188878 0.33429535664618015 0.0
v -9.277552543208003 -4.522387976758182 0.0
v 4.602704937104136 7.4107214054092765 0.0
v -13.645943039562553 7.440664092078805 0.0
v -6.454983449773863 -12.17241123970598 0.0
v 4.341818729182705 14.083184912800789 0.0
v -8.182698176184203 9.241628390736878 0.0
v 7.099943355133291 5.04626024980098 0.0
v 2.9403982721851207 -1.6375454729422927 0.0
v 12.638123928452842 10.293902954086661 0.0
v 2.386494692240376 9.439303615130484 0.0
v -8.220866913849022 7.936416900716722 0.0
v 13.823968367069028 1.0976669490337372 0.0
v 12.30632669274928 -10.000349087640643 0.0
v -1.8488934148917906 1.4882814502343535 0.0
v -7.964040478691459 -0.17891214415431023 0.0
v 4.760149208363146 -14.692619848065078 0.0
v 9.974071560020093 8.716124071739614 0.0
v 0.8012630562880076 1.4338466944172978 0.0
v 14.660605929093435 14.21475383080542 0.0
v 11.870875510328915 -1.2441549180075526 0.0
v -4.3329557122197 11.961195810697973 0.0
v 10.022067060810514 -14.141789636574686 0.0
v -4.507848165172618 11.807330459356308 0.0
v 6.236170630902052 -11.496364805847406 0.0
v -9.706841615086887 -4.833262365311384 0.0
v -0.4846756301703863 11.650967261753976 0.0
v 13.688400315120816 0.00849851779639721 0.0
v 13.316444940050133 -7.568378676660359 0.0
v 7.865916085080244 -0.29196995217353106 0.0
v 1.7753945519216359 14.125001745298505 0.0
v 14.332825957797468 -2.109845019876957 0.0
v 8.635279548878316 4.716789656318724 0.0
v -13.12865181878442 5.199566021561623 0.0
v 13.25627502752468 5.042483674362302 0.0
v -5.376710742537398 -4.4290280025452375 0.0
v -8.527511405700352 -3.292341623455286 0.0
v -6.831782148510683 0.18809820339083672 0.0
v -5.121623144485056 -9.085764554329216 0.0
v -3.5612070903298445 9.180595055222511 0.0
v -7.0049867948982865 5.384491442702711 0.0
v 8.192581971699838 -0.6916528753936291 0.0
v -1.7353022976312786 -4.123049285262823 0.0
v 4.750716503127478 -3.2031980017200112 0.0
v 6.780233357450925 -13.547982587479055 0.0
v 3.6770872998749837 -4.804724405519664 0.0
v 13.748386485385709 -11.459800880402327 0.0
v 6.860888174618594 12.23083317745477 0.0
v 9.761540337232873 -9.949305336922407 0.0
v -14.572653221490327 -3.6246019564568996 0.0
v 0.3668575662304647 13.507827530615032 0.0
v -11.589226170501206 -0.8937524231150746 0.0
v -4.267836514045484 12.566960979253054 0.0
v 13.211443408741616 13.764973370358348 0.0
v -10.815091524855234 -1.8501164326444268 0.0
v -3.6484516743803397 8.26811301894486 0.0
v 12.111897025140934 -10.227407489903271 0.0
v -0.5720466026687063 2.3607896817848086 0.0
v 5.254131212306675 1.8015813315287232 0.0
v 1.7858758816728368 -5.095352878794074 0.0
v 5.083383641031105 -3.594121130183339 0.0
v -4.1599774084752426 -2.6608986128121614 0.0
v -14.355881122988649 -12.638094027526677 0.0
v 1.7096119127236307 -4.620685140602291 0.0
v 10.640036076947581 1.4702916368842125 0.0
v 9.237741957302205 14.996645188890398 0.0
v 13.447746255726088 9.007964964024723 0.0
v 9.147134084720165 -5.551316795870662 0.0
v 3.129922827705741 2.110846098512411 0.0
v -4.251972874335479 14.850598868913949 0.0
v -3.9485640164348297 -2.9175355583429337 0.0
v 12.612573165737558 6.932575185783207 0.0
v 4.188710126210935 11.119693445041776 0.0
v -9.488010606437456 -11.433401730842888 0.0
v 0.4304325145785697 -9.069917215034366 0.0
v 12.42169959313469 -4.821986456401646 0.0
v 4.310452448611613 -10.115318122319877 0.0
v 12.122187294065952 -4.396462173201144 0.0
v 4.822529662516899 4.094202101230621 0.0
v 11.620659181498922 2.2244195844978094 0.0
v -5.6657436566310935 10.345362292602658 0.0
v 12.868673782446422 -2.2998513281345367 0.0
v 9.146314304845873 0.3172548497095704 0.0
v 8.44135079701664 8.55186627060175 0.0
v 12.130457776598632 2.2495588213205338 0.0
v 1.2009547124034725 -5.318431643769145 0.0
v -2.4792558892513625 -13.568476836197078 0.0
v 10.254040725529194 -1.7591086998581886 0.0
v 1.8956695626256987 5.962154738605022 0.0
v 7.938488776620943 -13.862981813959777 0.0
v 1.5699079261394218 -0.15818063262850046 0.0
v 14.41751813114388 14.126224907115102 0.0
v 8.09904563514283 8.625514422543347 0.0
v -8.718160675955005 8.852853770367801 0.0
v -3.354801232984755 14.751918552443385 0.0
v 1.8030095411231741 0.1502945041283965 0.0
v 8.215205910964869 -2.7360443333163857 0.0
v -1.9952590582543053 -8.38371279090643 0.0
v -1.3576566806295887 -14.907089306972921 0.0
v -13.479065972205717 7.43839948810637 0.0
v 1.1334044362884015 -12.508629206568003 0.0
v 12.97042992018396 -12.506139014847577 0.0
v -5.205634498386644 12.003333024680614 0.0
v -8.220386607281398 -2.2223362028598785 0.0
v -9.584507088351529 6.286608214490116 0.0
v -12.705331776640378 -6.1880977768450975 0.0
v -14.876242281810846 13.67732431460172 0.0
v 9.415023826237302 -13.965954629704356 0.0
v 13.928732176020276 -13.082885996438563 0.0
v -3.0469091075938195 3.3964758031070232 0.0
v 13.916346845973749 -10.489934152923524 0.0
v 7.4607640580506995 7.644543688744307 0.0
v 11.65493541478645 -12.067715069279075 0.0
v -10.112714571121614 12.178191476501524 0.0
v 9.889798727934249 7.395100244320929 0.0
v 10.498956179013476 -8.317739758640528 0.0
v 12.029038111621048 -2.7483952436596155 0.0
v 9.304526956751943 -1.0156492870301008 0.0
v 8.176649673958309 -2.236052803695202 0.0
v -12.24869214987848 0.2705569062381983 0.0
v 1.3752711198758334 10.615743636153638 0.0
v -7.65308931353502 -14.190778550691903 0.0
v -1.2834860750008374 12.5374257247895 0.0
v -6.4393856538808905 -1.99345220066607 0.0
v 7.14257285266649 -10.014147114008665 0.0
v 10.881207064259797 13.33930192142725 0.0
v -2.5811830881866626 -5.0757267866283655 0.0
v 0.5268755209399387 1.8904558699578047 0.0
v -9.697549077798612 -11.495148619636893 0.0
v 8.972793524852023 -0.6677217772230506 0.0
v -4.67812656390015 1.5693065403029323 0.0
v -6.861814682837576 -4.572376264259219 0.0
v 11.488716419029515 14.360075384378433 0.0
v -9.450609453429934 -1.6343287117779255 0.0
v -6.766025937453378 13.802436790429056 0.0
v 8.465564079640899 -4.410832748748362 0.0
v -0.7676580077968538 -1.3246460296213627 0.0
v 13.502468825899996 -13.340013129636645 0.0
v -6.436308720905799 4.189885150641203 0.0
v 2.2533984073088504 -1.8744436921551824 0.0
v 3.993711586226709 1.0608855886384845 0.0
v -12.147630498395301 12.275884884409606 0.0
v -7.5505467732436955 -8.441098273731768 0.0
v -8.748725149256643 2.0779760982841253 0.0
v -9.639221183664631 -2.1768172467127442 0.0
v -12.775901668297593 14.004520911723375 0.0
v 5.253621322161052 0.08508226275444031 0.0
v -1.8260971528943628 -8.667367332614958 0.0
v -0.2173184173880145 10.111990245059133 0.0
v -11.063506998645607 -12.21492059994489 0.0
v -14.22155991778709 4.416505296714604 0.0
v -7.278705366246868 -14.560946949757636 0.0
v 2.0922634439193644 -11.141897258348763 0.0
v 11.778038104006555 -2.6491490192711353 0.0
v -2.1840323546202853 1.369394602254033 0.0
v 14.671617130341474 6.828340546227992 0.0
v -2.5525266490876675 14.949928154237568 0.0
v 10.826392849266995 0.34443713165819645 0.0
v -14.958311530121136 8.143674422055483 0.0
v -1.4353776045609266 10.908505288884044 0.0
v -0.9363917654845864 7.373408678919077 0.0
v -11.658566583646461 -8.156229740940034 0.0
v 12.827347415848635 9.003725843504071 0.0
v 1.7136528576957062 -9.72951768618077 0.0
v -8.173309957550373 4.211946405470371 0.0
v -1.4460918708937243 8.633105461485684 0.0
v 12.667463796504308 8.388943997211754 0.0
v -11.478095203870907 -1.664847663603723 0.0
v -5.7028455036343075 -14.406828606501222 0.0
v -8.74193558190018 9.818312413059175 0.0
v -13.061172023008112 -10.039144947193563 0.0
v 2.4592737432103604 3.9916443526744843 0.0
v -3.2284355861484073 -0.2441131267696619 0.0
v 6.375550643657334 6.819680933840573 0.0
v -12.42660056159366 14.584656353108585 0.0
v 0.2544236000976525 14.110647388733923 0.0
v -6.198586264043115 -0.9198765205219388 0.0
v -3.5564136937609874 -7.600622707046568 0.0
v -3.372386774572078 -4.397483612410724 0.0
v 7.954356538888533 -0.9858937971293926 0.0
v -4.513090852764435 -8.26080259680748 0.0
v -1.361621037358418 -0.8718981444835663 0.0
v 7.885866166441701 -0.9857866521924734 0.0
v 3.4321948011638597 -6.8539337469264865 0.0
v 2.0186849148012698 5.8538273349404335 0.0
v 0.9702020916156471 -12.879296015016735 0.0
v -6.502047009707894 -13.285812389105558 0.0
v 3.101796889503021 2.141488113440573 0.0
v 5.570325047534425 7.385978743433952 0.0
v 2.5765594954718836 -13.376531752757728 0.0
v 6.35268092044862 12.980089142918587 0.0
v 9.213920263864566 0.7200224483385682 0.0
v 9.68838648754172 -13.26220390573144 0.0
v -14.163084632076789 -4.559367245994508 0.0
v 3.1113327468628995 12.165909222327173 0.0
v 6.250466546160169 -0.5090217096731067 0.0
v 5.702219021623023 2.8234851378947496 0.0
v 13.059577914944384 -10.4540556948632 0.0
v -8.916054158180486 11.464194598607719 0.0
v 0.14935305091785267 -9.524160352535546 0.0
v 6.354997037444264 13.139838831499219 0.0
v -5.948513425886631 -4.758517076261342 0.0
v -3.8136825335095637 13.054504174739122 0.0
v 1.7248058842960745 13.06102636270225 0.0
v -14.075201044499408 -3.218471670523286 0.0
v 3.189048022730276 14.755596396513283 0.0
v 9.281855735054705 -14.892913103103638 0.0
v -3.698592998145614 -1.2834838330745697 0.0
v -14.748988655686844 3.5791673101484776 0.0
v -11.14862731890753 11.608259945176542 0.0
v 6.231173993146513 8.419983984902501 0.0
v -6.463262047735043 -14.003264500759542 0.0
v -0.7801677495590411 -3.4342356035485864 0.0
v -12.0344123057439 13.380291325040162 0.0
v -11.654438306752127 14.229474716819823 0.0
v 1.349341872264631 8.505373219959438 0.0
v -2.740477262472268 -7.924080939032137 0.0
v 3.8714516008039936 12.450081304647028 0.0
v -1.6332131894305348 -8.94588098116219 0.0
v 2.2335562012158334 -11.731591816060245 0.0
v -8.996901171456557 13.901251002214849 0.0
v 8.852263809356373 9.921129246242344 0.0
v 1.6635212947730906 -2.2647483767941594 0.0
v 11.354659650067333 -10.18757701665163 0.0
v -14.0613865921041 -13.506837900727987 0.0
v 12.38022438524058 -14.182088112458587 0.0
v 13.137582426948939 9.383679950609803 0.0
v -12.084417840756942 0.8182579968124628 0.0
v -9.82667126157321 11.377876804210246 0.0
v -5.9969171897973865 -13.523696491494775 0.0
v -2.1507297367206775 7.248060605488718 0.0
v 8.627317639591638 5.180821223184466 0.0
v -7.722523864649702 -6.620281020179391 0.0
v -10.373717019334435 14.475810174830258 0.0
v -4.054507190769073 13.821542779915035 0.0
v 9.195103524369188 8.461549425497651 0.0
v 5.600892947113607 -2.8787953592836857 0.0
v 2.318331469432451 9.703611539676785 0.0
v -5.373088825435843 -11.308757172897458 0.0
v 2.675732615578454 4.930619088932872 0.0
v 12.000654031231534 -7.691449388861656 0.0
v 11.307086990447715 3.5023099705576897 0.0
v 5.409222232818138 7.940554798580706 0.0
v 4.052395404491108 10.94379227887839 0.0
v 12.2918282141909 3.8847091030329466 0.0
v 13.679050485661719 -9.885517415590584 0.0
v -2.34795436199056 8.04799344856292 0.0
v 13.70956238132203 -4.22487570066005 0.0
v -9.821230920613743 -14.354280010797083 0.0
v 11.983708101208322 12.825103436596692 0.0
v -8.73619214608334 12.367426169104874 0.0
v -1.7304371893405914 -0.6011385563760996 0.0
v 0.3543664482422173 -10.521592684090137 0.0
v -14.433833046408836 -0.7137942481786013 0.0
v -12.853655737184454 -4.90334349963814 0.0
v 8.078113395371474 10.318267947994173 0.0
v 5.651282477832865 0.5337283592671156 0.0
v -6.981411844317336 8.26262345444411 0.0
v -13.783221656049136 8.291307667270303 0.0
v 0.3499103245558217 -11.141496572643518 0.0
v 14.50943257077597 5.083626902662218 0.0
v -11.682125552382786 -14.693744232878089 0.0
v 7.482515416108072 -6.2809165976941586 0.0
v -5.382188047806267 -13.15400755777955 0.0
v -7.464109345921315 -12.084823559969664 0.0
v 12.45302864984842 6.435689290985465 0.0
v 11.205679246515501 10.241652065888047 0.0
v -6.973533042124473 7.539391626603901 0.0
v 9.378889069717843 7.706740231253207 0.0
v 6.4765377829317 -7.996557748876512 0.0
v 5.581570522394031 0.6859618704766035 0.0
v -10.081502010289114 -2.7428818307816982 0.0
v 7.403146114025731 12.193793684244156 0.0
v 1.0236132368445396 14.586822065524757 0.0
v 6.348789764917456 -7.023700886406004 0.0
v -8.848017287033144 -9.856619761325419 0.0
v 5.939295765419956 -6.172716738656163 0.0
v -1.1936782893608324 -6.452661208808422 0.0
v 11.255238908168394 -2.6216993778944016 0.0
v -6.250081880018115 10.85224389936775 0.0
v 5.81506701692706 -10.944738276302814 0.0
v 0.34334992681397125 -3.445653459057212 0.0
v 2.908687942661345 10.550927477888763 0.0
v -2.6686069717397913 8.404764869250357 0.0
v -3.198835361050442 12.415787027217448 0.0
v 8.155552814772818 -0.4939233707264066 0.0
v 11.117708226840477 -11.840344033204019 0.0
v 8.851578670553863 4.56477571465075 0.0
v 7.540628876187839 -14.4901373218745 0.0
v -2.1237912261276506 14.574088800698519 0.0
v -14.721507539856248 14.58214526809752 0.0
v -7.5372319560847245 -8.964723967947066 0.0
v -2.8684219176648185 -2.7971693063154817 0.0
v -9.942418489954434 1.3987802118062973 0.0
v 14.290927074034698 -4.443080632016063 0.0
v 10.865984341362491 3.95205267239362 0.0
v -9.810111644968856 -11.914557703770697 0.0
v 1.7258759153774008 -2.776058674789965 0.0
v -2.8655190964927897 9.630950894206762 0.0
v 3.0719931459170766 -13.53674014750868 0.0
v 13.389805586484727 0.40376950334757566 0.0
v 12.51519029395422 7.772027608007193 0.0
v 11.74066751130158 2.280824593268335 0.0
v -8.057894822268281 3.583585691638291 0.0
v 12.869097823102493 5.088957312516868 0.0
v 0.5505958753055893 0.05086741875857115 0.0
v -7.024751335615292 4.520206697285175 0.0
v 6.243523997953162 10.403669908642769 0.0
v 4.349022403417621 6.28592012450099 0.0
v -5.147652916784864 -2.0091300113126636 0.0
v 7.808451590477489 -4.9115005498752 0.0
v -10.639924390008673 -12.947013122960925 0.0
v 1.082931721699424 -3.0941074145957828 0.0
v 0.3352616082993336 1.7805749531835318 0.0
v -14.567131303134374 2.2165202936157584 0.0
v 4.830053087207489 -3.191687581129372 0.0
v -7.810960238391999 10.814762990921736 0.0
v 6.335740684240591 -1.2374776443466544 0.0
v 13.095537518791389 -4.864207591861486 0.0
v 13.680924729269464 10.227254678495228 0.0
v 6.092547828506213 2.7850560480728745 0.0
v -11.643379698856734 -5.19793079700321 0.0
v -1.4076193985529244 -11.633653461001813 0.0
v -10.409945893625263 -13.764892412349582 0.0
v -8.913502786366735 13.1905128499493 0.0
v 7.026569882000331 -1.0270393071696162 0.0
v -3.071522106358316 -9.9151019603014 0.0
v -13.169752096699085 5.035950445570052 0.0
v -12.433965299511328 3.740683138370514 0.0
v 12.501904120785184 3.575355028733611 0.0
v -5.70391301671043 12.565845343284309 0.0
v -8.88479003572138 -12.261646604165435 0.0
v 1.4193296406883746 1.5449004396796227 0.0
v -13.92311414895812 -5.5670272298157215 0.0
v 0.6274696409818716 11.184370232746005 0.0
v -10.003994862316176 2.992873621173203 0.0
v 3.7148918509483337 -6.112183952704072 0.0
v -2.2268943632370792 9.39623806066811 0.0
v 13.588980074797291 -8.72443123254925 0.0
v 5.358347960689571 5.756964547559619 0.0
v -1.2546695688506588 -8.802254709415138 0.0
v -6.968040854786523 -3.80696037132293 0.0
v -13.676584797271062 -6.54614367056638 0.0
v 1.1354996635927819 3.228606895543635 0.0
v -5.180301508400589 -13.65520085208118 0.0
v -13.177521697012708 -4.818193979561329 0.0
v 11.513797505991533 6.2209551483392715 0.0
v -10.458878631063271 -4.6586991641670465 0.0
v 12.812137843342498 -6.64142538048327 0.0
v 14.952877016272396 -7.058082188479602 0.0
v 3.9044675573240966 6.505187354981899 0.0
v -12.06017518643057 -3.0277906954288483 0.0
v 10.252073156938422 12.675619451329112 0.0
v -13.230700202228036 0.315164178609848 0.0
v 8.42652822949458 -6.594908807426691 0.0
v -7.478978690051008 0.5588973583653569 0.0
v 2.566283652209677 -14.280977855436504 0.0
v 10.761082622571848 4.783608453348279 0.0
v 13.759902340825647 -9.86835043784231 0.0
v -13.113953377469443 -9.64070041757077 0.0
v 6.502654024749063 2.5472130523994565 0.0
v 8.247040402377024 1.630282904021442 0.0
v 13.443885707354639 7.465184106491506 0.0
v -3.965852772060316 -0.4941052980720997 0.0
v 9.892467181372922 2.3344004191458225 0.0
v -2.8706272679264657 -1.7381159653887153 0.0
v 14.487503910437226 -10.814072019420564 0.0
v 2.9340878700022586 -9.060501444153488 0.0
v 14.016136179328896 1.0876672370359302 0.0
v -5.9241606123396195 0.7190741309896111 0.0
v -1.4743297411478125 12.728376458398998 0.0
v -4.855777483433485 0.13877985533326864 0.0
v 3.177684362279251 6.284857161343098 0.0
v 5.169294852530584 -0.8514274610206485 0.0
v 10.58912217017496 11.814436907880008 0.0
v 6.936646881222259 2.374558039009571 0.0
v 9.258378871658351 10.204484009183943 0.0
v 7.74315843579825 -9.56090500485152 0.0
v -13.79363089823164 8.122467435896397 0.0
v -4.566740947193466 8.662931038066745 0.0
v 4.474092810356524 -9.262272383086383 0.0
v 13.187331729917787 -2.6792601021006703 0.0
v 1.7006681092316285 -5.262216635979712 0.0
v -11.344729084637947 10.34245072118938 0.0
v -13.895635815628339 -6.810454210266471 0.0
v 0.7669191783061251 13.69500756636262 0.0
v -10.712036699231248 -11.772678766399622 0.0
v -7.384848852176219 -10.348721791990101 0.0
v 2.800229003536515 2.7538753673434258 0.0
f 51 808 1325
f 1818 51 1325
f 1818 1710 540
f 1710 1818 1136
f 1961 108 961
f 942 1661 785
f 1661 942 523
f 588 942 785
f 942 588 324
f 837 311 1677
f 100 1961 961
f 812 1818 1325
f 1372 1768 1677
f 588 645 1368
f 645 588 630
f 930 608 1677
f 837 1187 311
f 601 1254 1467
f 822 100 1254
f 1679 1306 1504
f 1922 1306 1679
f 1338 671 540
f 1338 1423 671
f 1818 1900 1136
f 1393 108 1961
f 808 1041 1325
f 49 812 1325
f 836 285 146
f 285 1837 146
f 49 1837 812
f 671 1873 1324
f 1860 1156 1935
f 1372 1757 1786
f 1902 33 353
f 33 1372 353
f 33 1757 1372
f 1757 33 1559
f 85 342 1169
f 1024 645 635
f 645 1024 1368
f 264 645 630
f 645 264 635
f 1211 1866 109
f 1866 1269 109
f 1805 1661 523
f 1591 1211 598
f 107 1673 1819
f 301 139 1100
f 139 1158 1100
f 206 1158 139
f 1369 1770 785
f 1187 981 311
f 117 1032 81
f 100 117 81
f 479 601 1467
f 601 1608 1254
f 1608 822 1254
f 537 1016 1250
f 1505 1795 767
f 83 100 81
f 100 83 1961
f 1498 83 81
f 83 1498 1906
f 849 875 668
f 908 1790 1682
f 531 1338 1780
f 326 1470 668
f 565 534 1889
f 1134 1338 540
f 1338 1134 1780
f 794 1134 540
f 1201 1134 794
f 349 917 553
f 1656 1072 349
f 824 1016 1307
f 1555 861 938
f 1446 869 140
f 917 1587 553
f 869 1587 389
f 1852 1239 662
f 1393 1978 108
f 1978 1393 820
f 1350 1393 1961
f 740 51 961
f 51 740 808
f 740 1041 808
f 740 1720 1041
f 108 1510 961
f 1041 1749 465
f 1041 351 1325
f 351 49 1325
f 351 1041 465
f 836 408 140
f 596 836 146
f 596 408 836
f 1837 1382 812
f 1382 1837 285
f 812 1382 1818
f 1411 1837 49
f 1411 351 465
f 351 1411 49
f 1837 1411 146
f 1836 1332 1324
f 1370 616 1324
f 616 1836 1324
f 1836 616 791
f 1423 1598 671
f 1598 1860 671
f 1491 1598 1423
f 1370 223 1392
f 223 1046 1392
f 1046 223 1873
f 223 1370 1324
f 1873 223 1324
f 434 1349 395
f 173 1580 1161
f 576 1580 173
f 1999 1395 395
f 1999 1530 1206
f 1480 373 410
f 1718 886 1553
f 886 1718 1198
f 1770 1492 785
f 1718 1492 1198
f 361 342 85
f 689 1492 1770
f 1492 689 644
f 1434 1718 1553
f 1718 1434 536
f 1434 1902 536
f 402 1372 1786
f 1757 752 1786
f 1826 752 1757
f 752 402 1786
f 402 752 1826
f 1901 309 1768
f 80 1901 1768
f 1945 1805 523
f 1805 1945 1450
f 82 173 1161
f 22 1053 1281
f 1053 22 771
f 964 576 173
f 1316 1046 1873
f 1316 1873 671
f 978 1316 1935
f 1316 978 1046
f 1860 1316 671
f 1316 1860 1935
f 1449 978 1761
f 978 1449 1046
f 1513 264 630
f 264 1513 1674
f 1332 1513 630
f 651 855 1534
f 855 749 1281
f 1534 855 1281
f 1024 855 1368
f 855 1024 749
f 855 588 1368
f 855 651 588
f 1053 1202 1281
f 1866 1957 1450
f 1957 1866 1211
f 1816 1591 598
f 1816 622 1591
f 1591 1108 1211
f 1108 1957 1211
f 1108 1805 1450
f 1957 1108 1450
f 393 1673 107
f 517 908 1682
f 1673 517 1682
f 1524 517 1673
f 1266 1430 400
f 21 1430 1266
f 933 1745 1100
f 1158 1666 1100
f 1817 608 930
f 608 940 1677
f 706 392 34
f 685 289 125
f 1135 1820 1770
f 1369 1135 1770
f 1703 981 1187
f 768 356 438
f 1455 640 1122
f 806 117 920
f 1032 806 1980
f 117 806 1032
f 1665 1438 1467
f 1438 479 1467
f 479 1438 270
f 479 69 601
f 1608 69 648
f 69 1608 601
f 69 479 270
f 69 1366 648
f 1366 69 270
f 1872 117 100
f 117 1872 920
f 1877 885 1258
f 1683 1877 1258
f 822 1767 100
f 1778 496 659
f 1974 1683 1258
f 111 1974 1258
f 842 653 1465
f 653 1797 1465
f 1581 842 66
f 653 1581 873
f 1581 653 842
f 1497 842 1465
f 1141 185 66
f 185 1141 1020
f 1132 1141 66
f 1141 1132 1020
f 842 1132 66
f 1710 1057 540
f 1077 1057 1002
f 1911 1569 544
f 994 642 242
f 642 994 750
f 288 1497 1465
f 1797 1291 1465
f 1291 288 1465
f 1795 1503 767
f 1470 1697 668
f 1318 1505 767
f 1318 1548 229
f 861 1992 938
f 1992 1688 938
f 694 1992 861
f 1365 372 1105
f 1118 121 1422
f 1017 121 1118
f 368 1886 1262
f 1886 368 975
f 1886 1457 1262
f 1457 614 1874
f 577 1747 1679
f 501 884 263
f 1498 366 1906
f 1039 1498 81
f 1032 1039 81
f 1639 1039 1032
f 517 1261 908
f 1743 400 323
f 875 386 668
f 326 386 1889
f 386 326 668
f 503 1790 908
f 1261 503 908
f 503 1261 1329
f 503 1329 467
f 1748 1518 1586
f 1518 1748 330
f 1748 1235 330
f 192 1235 1893
f 1235 192 330
f 337 107 1819
f 1977 862 1819
f 1293 1977 1243
f 1977 1293 862
f 862 1975 1819
f 1975 337 1819
f 14 1152 1038
f 440 802 753
f 802 531 753
f 92 565 1889
f 92 875 1159
f 386 92 1889
f 92 386 875
f 1018 1830 742
f 1503 1023 767
f 1023 1318 767
f 1318 1023 1548
f 42 587 538
f 376 1414 1287
f 1424 1201 794
f 939 1424 794
f 1357 939 193
f 1831 693 1764
f 1831 994 242
f 693 1831 242
f 754 1831 1764
f 1831 754 1294
f 154 1483 1764
f 693 154 1764
f 476 690 1519
f 1688 690 938
f 690 476 938
f 708 1719 1818
f 869 348 140
f 1701 1719 389
f 1701 1072 1900
f 1701 1900 1818
f 1719 1701 1818
f 1064 1072 1656
f 1900 1064 1136
f 1072 1064 1900
f 1016 1268 1250
f 824 1268 1016
f 594 1795 1505
f 1075 551 1636
f 1075 349 553
f 551 1892 1636
f 1892 618 1636
f 1446 157 1140
f 1587 1594 553
f 1594 1446 1140
f 1446 1594 869
f 1594 1587 869
f 1587 839 389
f 839 1587 917
f 1727 890 453
f 890 369 453
f 369 169 246
f 890 169 369
f 211 1852 662
f 1350 1640 1393
f 759 1154 1898
f 1510 1412 961
f 1412 1510 1720
f 1412 740 961
f 740 1412 1720
f 1720 1226 1041
f 1226 1749 1041
f 1749 993 465
f 1411 993 146
f 993 1411 465
f 1226 993 1749
f 302 1446 140
f 408 302 140
f 596 1724 1898
f 1724 596 146
f 655 596 1898
f 596 655 408
f 278 683 791
f 616 278 791
f 278 616 1370
f 278 1370 1392
f 683 278 1392
f 982 1156 1860
f 1598 982 1860
f 1491 982 1598
f 1156 982 979
f 103 1024 635
f 1024 103 749
f 103 1782 749
f 1782 1971 749
f 749 1971 1281
f 1971 22 1281
f 1850 729 1616
f 729 1530 1616
f 587 238 538
f 1580 1481 1161
f 1481 1580 298
f 1403 14 1038
f 610 1999 1206
f 1999 610 1395
f 673 1156 979
f 1156 673 983
f 461 373 914
f 1006 886 914
f 1006 373 1480
f 373 1006 914
f 1553 1006 1480
f 886 1006 1553
f 1399 361 644
f 689 1399 644
f 162 33 1902
f 1434 162 1902
f 1559 162 1480
f 33 162 1559
f 162 1553 1480
f 162 1434 1553
f 342 1509 1169
f 504 1509 342
f 402 1596 1372
f 405 1480 410
f 119 1559 1480
f 119 959 1559
f 405 119 1480
f 1577 80 1768
f 80 1001 1263
f 1001 1182 1263
f 1001 1577 1706
f 1577 1001 80
f 579 1406 778
f 986 1951 1118
f 1717 721 343
f 1945 721 1450
f 721 1945 343
f 721 1717 1269
f 721 1866 1450
f 1866 721 1269
f 1221 629 1761
f 673 1908 983
f 1761 1923 983
f 978 1923 1761
f 629 973 1761
f 1150 651 1534
f 1045 1150 1534
f 588 1150 324
f 651 1150 588
f 1130 1045 1534
f 1130 1202 131
f 1130 1534 1281
f 1202 1130 1281
f 942 1996 523
f 500 942 324
f 1150 500 324
f 500 1150 1045
f 1202 1069 131
f 399 195 1010
f 1234 195 399
f 195 1234 795
f 1816 813 622
f 622 813 1661
f 1108 723 1805
f 723 1108 1591
f 1805 723 1661
f 723 622 1661
f 622 723 1591
f 130 1524 1673
f 393 130 1673
f 834 517 1524
f 1354 1844 1285
f 1481 1049 1161
f 1049 1481 298
f 1270 340 301
f 1214 206 139
f 1214 1663 206
f 1967 1195 1627
f 1648 21 1266
f 1648 1715 801
f 1051 1663 1252
f 1817 186 608
f 516 186 344
f 940 965 463
f 1184 259 1122
f 392 287 34
f 1135 1044 1820
f 1044 1027 1820
f 1539 1369 785
f 391 606 1990
f 606 504 342
f 527 289 279
f 1665 300 1187
f 300 1703 1187
f 300 1665 1467
f 1703 300 1467
f 1254 1442 1467
f 1442 1703 1467
f 1146 1665 1187
f 1146 768 1665
f 1146 1187 837
f 356 1146 837
f 768 1146 356
f 54 1737 640
f 1455 54 640
f 54 1455 202
f 54 202 438
f 1737 54 438
f 928 1111 819
f 819 1111 187
f 1111 73 1276
f 73 1111 928
f 858 928 819
f 1260 858 819
f 858 1260 852
f 1438 918 270
f 570 1119 1880
f 609 473 838
f 1621 1366 270
f 1608 452 822
f 452 1678 659
f 1916 1646 885
f 885 1142 1258
f 1142 1872 100
f 1767 1142 100
f 1142 1767 1258
f 817 1958 799
f 1916 817 799
f 817 1916 885
f 1877 817 885
f 817 1405 1958
f 1405 817 1877
f 512 1877 1683
f 512 1405 1877
f 473 512 838
f 991 111 1258
f 1767 991 1258
f 991 1767 822
f 512 126 838
f 126 512 1683
f 1080 1432 1493
f 1581 1073 873
f 1073 1581 66
f 1073 1710 1136
f 1073 185 1710
f 185 1073 66
f 288 1087 1497
f 1087 288 1133
f 1497 859 842
f 859 1132 842
f 859 1497 1020
f 1132 859 1020
f 213 1057 1710
f 1057 213 1002
f 185 213 1710
f 213 185 1002
f 1514 794 540
f 1057 1514 540
f 939 86 193
f 86 939 794
f 618 669 912
f 912 669 242
f 669 693 242
f 1628 1073 1136
f 1073 1628 544
f 1064 1628 1136
f 249 1911 544
f 249 1556 912
f 249 912 242
f 38 642 750
f 1797 38 750
f 38 653 873
f 653 38 1797
f 1801 38 873
f 38 1801 642
f 1911 1801 1569
f 1934 404 1133
f 404 1077 1133
f 86 404 193
f 404 86 1077
f 1291 1431 288
f 288 1431 1133
f 1431 1934 1133
f 104 734 603
f 994 621 750
f 1831 621 994
f 621 1831 1294
f 1441 1291 1797
f 1561 1528 428
f 832 537 1250
f 1672 832 428
f 1657 832 1672
f 1071 1672 428
f 1277 1023 1503
f 513 1909 1238
f 1909 513 1365
f 1318 623 1505
f 623 1318 229
f 8 1003 423
f 1091 1992 229
f 1548 1091 229
f 833 372 1365
f 513 833 1365
f 372 833 407
f 1924 484 1238
f 192 6 330
f 6 1924 1238
f 1909 6 1238
f 6 1909 1834
f 953 1769 7
f 951 953 7
f 830 951 7
f 951 830 1237
f 1632 830 7
f 1429 1457 1886
f 1881 1429 423
f 1003 1421 423
f 1421 1881 423
f 691 916 76
f 322 372 407
f 1620 322 407
f 366 1643 216
f 1643 366 1498
f 1643 870 216
f 1039 1120 1498
f 1120 1643 1498
f 1643 1120 870
f 1120 1039 1237
f 830 1120 1237
f 1120 1632 870
f 1632 1120 830
f 16 1239 1852
f 895 1679 1504
f 1261 1647 1110
f 1647 1261 517
f 834 1647 517
f 1647 29 1110
f 1647 834 29
f 1244 1460 413
f 1460 441 505
f 1165 1261 1110
f 505 1165 1110
f 1261 1165 1329
f 1165 505 1329
f 70 1266 400
f 1743 70 400
f 70 1743 290
f 875 860 1159
f 860 875 849
f 1790 741 1682
f 741 1673 1682
f 1654 860 849
f 860 1654 1738
f 1834 765 1105
f 1909 765 1834
f 765 1365 1105
f 765 1909 1365
f 25 1518 330
f 6 25 330
f 25 6 1834
f 1793 1166 1243
f 1166 1293 1243
f 1282 1748 1586
f 1282 1793 1748
f 337 1921 107
f 1921 337 1579
f 1921 393 107
f 337 702 1579
f 1977 1563 1243
f 1563 741 1904
f 741 1563 1673
f 1673 1563 1819
f 1563 1977 1819
f 1975 1335 1784
f 1335 1975 862
f 1335 1293 1784
f 1293 1335 862
f 267 1975 1784
f 1975 267 337
f 446 1798 1013
f 1798 446 1616
f 531 1823 753
f 1841 1823 1780
f 1134 1956 1780
f 1956 1841 1780
f 807 1236 979
f 1236 807 440
f 1236 440 753
f 1798 1236 753
f 1999 124 1530
f 1152 124 1038
f 124 1403 1038
f 1403 124 1999
f 1763 802 1423
f 802 1763 531
f 1763 1423 1338
f 531 1763 1338
f 1830 1759 742
f 295 1938 1018
f 1328 1938 1287
f 1938 295 1287
f 178 1830 1018
f 178 1018 603
f 734 178 603
f 775 985 1265
f 42 1531 587
f 1414 692 866
f 692 317 866
f 317 692 1850
f 692 729 1850
f 1486 1850 1616
f 446 1486 1616
f 1486 317 1850
f 1486 446 317
f 1424 24 1201
f 317 24 866
f 1351 734 104
f 30 1424 939
f 1357 30 939
f 30 1357 866
f 24 30 866
f 30 24 1424
f 511 708 1818
f 1382 511 1818
f 511 1382 285
f 941 836 140
f 348 941 140
f 836 941 285
f 1072 1231 349
f 1701 1231 1072
f 1231 917 349
f 1231 1701 389
f 839 1231 389
f 1231 839 917
f 1556 491 912
f 1516 1064 1656
f 618 1516 1636
f 1516 618 912
f 1516 1656 349
f 491 1516 912
f 1516 491 1064
f 1516 1075 1636
f 1075 1516 349
f 1888 368 1262
f 594 1473 1795
f 1473 824 1307
f 1473 594 824
f 1892 1288 618
f 1288 476 1519
f 1555 532 1003
f 532 1555 938
f 476 532 938
f 1288 532 476
f 532 1288 1892
f 1660 369 246
f 369 1660 1526
f 1660 302 1526
f 1240 1727 453
f 369 1240 453
f 1727 1240 1239
f 1471 1966 614
f 614 1966 1874
f 1922 1966 1306
f 1874 1966 1922
f 16 545 1239
f 545 1727 1239
f 545 890 1727
f 1344 169 890
f 1344 559 169
f 1271 211 662
f 1271 963 275
f 1640 814 1393
f 814 1640 211
f 814 1271 275
f 1271 814 211
f 418 1640 1350
f 963 416 820
f 416 1970 820
f 1970 416 1857
f 1722 1970 1857
f 1722 1978 820
f 1970 1722 820
f 1487 759 1898
f 1724 1487 1898
f 1487 585 759
f 967 302 408
f 655 967 408
f 967 655 1898
f 1154 967 1898
f 967 1154 1526
f 302 967 1526
f 1733 802 440
f 807 1733 440
f 802 1733 1423
f 1733 1491 1423
f 1733 807 1491
f 701 807 979
f 982 701 979
f 807 701 1491
f 701 982 1491
f 103 633 1782
f 633 103 635
f 845 1971 1782
f 677 845 1782
f 1971 845 22
f 22 845 771
f 845 677 771
f 1530 555 1206
f 555 1096 538
f 138 1244 323
f 1844 138 323
f 138 1844 1354
f 1903 707 1395
f 707 434 395
f 1395 707 395
f 1531 120 587
f 120 1531 441
f 120 441 714
f 138 120 714
f 120 138 1354
f 638 1903 1395
f 447 444 1754
f 1354 447 1754
f 447 1354 1285
f 872 1999 395
f 872 1403 1999
f 1349 872 395
f 1403 900 14
f 610 1054 1395
f 1054 610 238
f 1054 638 1395
f 238 412 538
f 610 412 238
f 412 610 1206
f 412 555 538
f 555 412 1206
f 373 1560 410
f 461 1560 373
f 886 364 914
f 364 461 914
f 364 886 1198
f 364 488 461
f 1399 1870 361
f 606 1870 1990
f 361 1870 342
f 1870 606 342
f 879 1821 509
f 1255 1821 1995
f 119 1547 959
f 1197 1255 1341
f 1255 950 1341
f 891 788 1538
f 891 85 1169
f 891 1538 85
f 1573 564 968
f 1618 1781 893
f 378 1336 831
f 1336 378 757
f 1025 1336 757
f 1336 1000 831
f 1000 1336 1224
f 1336 1025 1224
f 378 927 757
f 435 1458 1502
f 1000 1981 831
f 1981 435 831
f 179 1463 1832
f 1547 1753 879
f 1753 1547 119
f 1353 179 1832
f 179 1353 1596
f 1406 996 778
f 996 122 778
f 122 580 778
f 580 1942 778
f 1936 1454 1832
f 1454 1936 420
f 571 1681 1406
f 579 571 1406
f 1001 571 1182
f 566 1034 1186
f 1817 724 1506
f 724 1817 930
f 1571 82 468
f 1233 1773 1053
f 1773 1571 468
f 1571 1773 1233
f 82 321 173
f 1571 321 82
f 321 1571 1233
f 1998 1221 1761
f 1221 1998 964
f 1998 1761 983
f 1908 1998 983
f 1943 1908 673
f 1943 673 979
f 1093 1156 983
f 1923 1093 983
f 1156 1093 1935
f 1093 978 1935
f 1093 1923 978
f 304 264 1674
f 1046 493 1392
f 1449 493 1046
f 493 1449 1761
f 973 493 1761
f 1996 1954 523
f 1954 1945 523
f 1945 1954 343
f 1247 1996 942
f 1069 1170 131
f 1954 1170 343
f 1170 1954 1996
f 1247 1170 1996
f 1170 1717 343
f 1170 1433 1717
f 225 1202 1053
f 225 1069 1202
f 1773 225 1053
f 225 1170 1069
f 383 813 1816
f 436 383 598
f 383 1816 598
f 1607 399 785
f 1661 1607 785
f 813 1607 1661
f 130 1310 1524
f 444 90 298
f 90 1049 298
f 90 447 1285
f 447 90 444
f 1717 31 1269
f 631 155 1296
f 155 631 45
f 220 1270 712
f 220 340 1270
f 1210 1214 139
f 301 1210 139
f 340 1210 301
f 1210 340 1296
f 1214 359 1663
f 359 770 1252
f 1663 359 1252
f 312 1000 1224
f 312 936 1000
f 312 1967 1649
f 936 312 1649
f 1345 1967 1627
f 1321 1345 1627
f 1345 744 1649
f 1967 1345 1649
f 744 1345 403
f 1345 1321 403
f 1360 1270 301
f 1270 1360 712
f 1360 1195 712
f 1360 617 1195
f 1613 1430 21
f 1613 362 255
f 1648 904 21
f 904 1613 21
f 1613 904 362
f 1488 1648 801
f 1488 801 255
f 362 1488 255
f 1554 1284 1266
f 1284 1648 1266
f 1284 1715 1648
f 1389 1745 933
f 1389 1756 1745
f 1389 933 1100
f 1666 1389 1100
f 883 1963 109
f 1963 1211 109
f 1211 1963 598
f 1812 516 854
f 459 522 344
f 522 516 344
f 522 459 1829
f 1617 1817 1506
f 1617 186 1817
f 186 1617 344
f 1986 1260 819
f 411 1986 187
f 1986 819 187
f 1455 1986 411
f 259 569 1122
f 569 181 1260
f 41 287 392
f 1867 41 392
f 41 1867 1070
f 976 287 852
f 1260 976 852
f 181 976 1260
f 976 987 34
f 287 976 34
f 1744 356 837
f 909 1744 837
f 356 1744 438
f 643 1737 438
f 1744 643 438
f 643 1744 909
f 1737 643 640
f 640 643 1122
f 643 1184 1122
f 625 837 1677
f 625 909 837
f 1184 625 1677
f 643 625 1184
f 625 643 909
f 995 335 279
f 1021 685 125
f 1227 1021 125
f 1227 338 1264
f 197 717 1164
f 1539 197 1164
f 352 1539 1164
f 1477 1135 1369
f 359 1033 770
f 1033 359 1214
f 717 1965 1164
f 1615 606 391
f 527 260 95
f 260 1509 504
f 1183 827 1770
f 827 1183 391
f 827 689 1770
f 827 1399 689
f 827 1870 1399
f 827 391 1990
f 1870 827 1990
f 95 755 1155
f 1183 755 95
f 755 415 1155
f 755 1183 1770
f 1820 755 1770
f 415 755 1820
f 1264 15 1947
f 15 155 1947
f 730 95 1155
f 1939 730 1155
f 730 527 95
f 289 730 125
f 527 730 289
f 1762 1939 1155
f 1939 1762 1027
f 1027 1762 1820
f 1762 415 1820
f 1703 1631 981
f 1442 1631 1703
f 981 1631 311
f 1631 1254 311
f 1631 1442 1254
f 1931 177 1417
f 177 1931 1366
f 177 1621 1417
f 1621 177 1366
f 1366 654 648
f 1931 654 1366
f 1088 654 1931
f 1678 1088 1417
f 1088 1931 1417
f 1088 1608 648
f 654 1088 648
f 1958 1330 799
f 1363 790 48
f 1374 1973 37
f 627 1374 1987
f 790 1899 48
f 1619 1342 1422
f 121 1619 1422
f 1619 121 1017
f 529 1619 1017
f 1619 529 1213
f 73 1199 1276
f 1199 1128 1276
f 1128 1199 234
f 1199 73 1833
f 1199 1847 234
f 73 1988 1833
f 1988 73 928
f 858 1988 928
f 806 1624 1980
f 1248 1624 806
f 1624 1032 1980
f 1976 1523 462
f 661 1976 498
f 661 1523 1976
f 1523 661 462
f 661 1304 37
f 1373 572 498
f 1976 727 498
f 727 1373 498
f 1861 918 1438
f 202 1861 438
f 918 1861 411
f 1861 1438 1665
f 1455 1861 202
f 1861 1455 411
f 1861 768 438
f 768 1861 1665
f 443 570 1880
f 1342 1533 1422
f 1493 357 838
f 357 609 838
f 1432 357 1493
f 609 357 253
f 357 1432 253
f 1128 798 1276
f 798 1128 253
f 798 1111 1276
f 1119 1726 1880
f 1726 1490 156
f 609 1490 473
f 1490 1726 473
f 1629 1128 234
f 980 1621 270
f 918 980 270
f 1139 980 187
f 980 411 187
f 980 918 411
f 1838 1678 1417
f 1838 88 1678
f 1678 129 659
f 88 129 1678
f 129 1778 659
f 452 628 822
f 628 991 822
f 991 628 111
f 628 1974 111
f 628 452 659
f 1646 575 885
f 575 1142 885
f 1142 575 1872
f 1872 575 920
f 575 1646 920
f 1646 282 920
f 282 1646 1916
f 1914 1696 18
f 1330 1557 799
f 1405 1058 1958
f 512 1058 1405
f 1058 473 1958
f 1058 512 473
f 496 84 659
f 1974 84 1683
f 84 126 1683
f 84 628 659
f 628 84 1974
f 126 1913 838
f 1913 1493 838
f 1913 1080 1493
f 1913 84 496
f 84 1913 126
f 1913 496 1778
f 1080 1913 1778
f 1838 1774 88
f 1774 129 88
f 1073 1968 873
f 1968 1801 873
f 1801 1968 1569
f 1569 1968 544
f 1968 1073 544
f 1083 185 1020
f 185 1083 1002
f 1083 1077 1002
f 1077 1083 1133
f 1083 1087 1133
f 1497 823 1020
f 1087 823 1497
f 823 1083 1020
f 1083 823 1087
f 1077 1698 1057
f 1698 1514 1057
f 464 154 693
f 154 464 1688
f 464 690 1688
f 1628 1522 544
f 1522 491 1556
f 1522 1628 1064
f 491 1522 1064
f 492 249 544
f 249 492 1556
f 1522 492 544
f 492 1522 1556
f 1175 1801 1911
f 1175 249 242
f 249 1175 1911
f 642 1175 242
f 1801 1175 642
f 1294 541 984
f 754 541 1294
f 178 1544 739
f 404 272 193
f 272 404 1934
f 734 272 1934
f 1712 1797 750
f 1712 1441 1797
f 621 1712 750
f 1712 621 1294
f 1712 1294 984
f 1441 1712 984
f 331 1431 1291
f 1441 331 1291
f 331 1441 984
f 537 803 1016
f 1948 1473 1307
f 1473 1948 1795
f 1948 803 128
f 1016 1948 1307
f 803 1948 1016
f 313 128 843
f 313 1503 1795
f 1948 313 1795
f 313 1948 128
f 128 55 843
f 55 1657 843
f 55 803 537
f 803 55 128
f 832 55 537
f 55 832 1657
f 1528 530 428
f 1071 530 76
f 530 1071 428
f 1268 489 1250
f 489 832 1250
f 815 1303 407
f 833 815 407
f 815 833 1092
f 1047 87 1893
f 1697 448 668
f 448 849 668
f 448 199 849
f 448 1047 199
f 1047 448 87
f 786 1657 1200
f 1092 786 1200
f 833 786 1092
f 786 833 513
f 623 98 1505
f 1242 623 229
f 1992 1242 229
f 1242 1992 694
f 98 1242 694
f 1242 98 623
f 368 1147 975
f 1268 1147 368
f 594 929 824
f 929 594 1505
f 98 929 1505
f 960 1555 1003
f 8 960 1003
f 1555 960 861
f 929 960 8
f 960 929 98
f 1992 901 1688
f 1091 901 1992
f 154 901 1483
f 901 154 1688
f 567 6 192
f 6 567 1924
f 1924 567 484
f 484 567 1893
f 567 192 1893
f 1632 381 870
f 711 1529 1068
f 381 1529 1765
f 1529 381 1632
f 1859 999 1286
f 999 1993 228
f 1063 1471 614
f 1471 1063 811
f 559 1063 735
f 1429 106 423
f 106 1429 1886
f 106 975 423
f 106 1886 975
f 1421 613 1881
f 613 1421 1115
f 559 613 1115
f 613 559 1413
f 658 1429 1881
f 613 658 1881
f 658 613 1413
f 169 451 246
f 451 336 246
f 336 451 1501
f 91 1594 1140
f 91 336 1501
f 157 91 1140
f 1736 532 1892
f 532 1736 1003
f 1699 711 1068
f 711 1699 263
f 77 1769 480
f 114 561 1922
f 114 1922 1679
f 1747 114 1679
f 691 114 1747
f 114 691 561
f 916 1575 76
f 558 1031 884
f 1031 1747 577
f 388 558 884
f 388 501 946
f 388 884 501
f 1385 1620 407
f 1303 1385 407
f 1751 1834 1105
f 1751 25 1834
f 1859 911 1906
f 1930 1859 1286
f 1930 911 1859
f 332 577 1679
f 895 332 1679
f 332 1031 577
f 1031 332 884
f 83 250 1961
f 556 250 83
f 244 1460 1244
f 244 138 714
f 138 244 1244
f 441 244 714
f 1460 244 441
f 1743 1407 290
f 710 1407 1743
f 1407 710 29
f 1407 834 290
f 834 1407 29
f 341 710 1743
f 341 1743 323
f 1244 341 323
f 341 1244 413
f 1953 70 290
f 1554 1953 290
f 70 1953 1266
f 619 860 1738
f 619 503 467
f 503 619 1738
f 860 1600 1159
f 619 1600 860
f 636 741 1790
f 741 636 1904
f 212 1549 1748
f 212 1793 1243
f 1793 212 1748
f 1563 212 1243
f 1545 1235 1748
f 1549 1545 1748
f 1235 1545 1893
f 548 1654 849
f 725 552 1702
f 1518 725 1702
f 25 725 1518
f 725 1751 219
f 1751 725 25
f 1166 733 1863
f 733 1166 1793
f 1282 733 1793
f 882 130 393
f 1921 882 393
f 882 1310 130
f 482 1921 1579
f 482 882 1921
f 744 1788 1649
f 1788 702 1649
f 1788 403 1735
f 1788 744 403
f 1756 218 1745
f 218 1715 403
f 1321 218 403
f 1715 218 801
f 218 1756 801
f 1549 589 1904
f 589 1563 1904
f 212 589 1549
f 589 212 1563
f 267 1568 337
f 702 1568 1983
f 1568 702 337
f 252 1841 1013
f 1798 252 1013
f 252 1823 1841
f 252 1798 753
f 1823 252 753
f 821 531 1780
f 1823 821 1780
f 821 1823 531
f 935 1134 1201
f 935 1956 1134
f 1583 446 1013
f 446 1583 317
f 1841 1875 1013
f 1956 1875 1841
f 1875 1583 1013
f 935 1875 1956
f 1236 1876 1152
f 1876 1236 1798
f 1876 1798 1616
f 1530 1876 1616
f 124 1876 1530
f 1876 124 1152
f 1600 844 679
f 505 844 1329
f 1485 844 505
f 71 20 1709
f 763 71 1709
f 1468 1650 376
f 1650 1096 376
f 1096 1650 538
f 1650 42 538
f 203 295 1018
f 472 1938 1328
f 472 104 603
f 472 1328 104
f 1018 472 603
f 1938 472 1018
f 178 1348 1830
f 751 178 739
f 1153 775 1265
f 1153 1277 1470
f 1277 1153 1023
f 1023 409 1548
f 1153 409 1023
f 409 1153 1265
f 326 148 1470
f 148 1153 1470
f 1153 148 775
f 165 326 1889
f 165 148 326
f 148 165 775
f 534 165 1889
f 71 165 534
f 1531 1311 441
f 441 1311 505
f 1311 1485 505
f 1792 1531 42
f 1650 1792 42
f 1792 1650 1468
f 1311 1792 101
f 1792 1311 1531
f 1398 1357 193
f 1398 1351 1357
f 1351 1398 734
f 272 1398 193
f 1398 272 734
f 1357 299 866
f 1351 299 1357
f 299 1351 104
f 1328 299 104
f 299 1328 1287
f 299 1414 866
f 1414 299 1287
f 708 1634 1719
f 1634 511 285
f 511 1634 708
f 1408 1804 1719
f 1719 1804 389
f 1804 941 348
f 1804 1408 941
f 1804 869 389
f 1804 348 869
f 184 1888 1561
f 1415 1528 1561
f 1888 1415 1561
f 1415 1888 1262
f 1457 1415 1262
f 1415 1457 1874
f 1415 1874 1922
f 1528 1415 1922
f 690 72 1519
f 464 72 690
f 669 72 693
f 72 464 693
f 11 669 618
f 1288 11 618
f 11 72 669
f 11 1288 1519
f 72 11 1519
f 57 157 1446
f 302 57 1446
f 1660 57 302
f 57 91 157
f 91 57 336
f 57 1660 246
f 336 57 246
f 1239 949 662
f 1240 949 1239
f 949 1240 369
f 1966 578 1306
f 578 1966 1471
f 1306 578 1504
f 61 545 1504
f 578 61 1504
f 61 578 1471
f 61 1471 811
f 1344 248 559
f 1063 248 811
f 248 1063 559
f 814 296 1393
f 1393 296 820
f 296 963 820
f 58 1271 662
f 58 1241 1271
f 1241 58 1625
f 1271 1241 963
f 1241 416 963
f 416 1241 1857
f 1722 1241 143
f 1241 1722 1857
f 1658 748 143
f 748 1722 143
f 1722 748 1978
f 1241 1809 143
f 1658 158 1104
f 584 1154 759
f 585 584 759
f 1713 993 1226
f 1292 677 1782
f 633 1292 1782
f 1292 1221 102
f 1221 1292 629
f 771 1292 102
f 677 1292 771
f 319 973 629
f 1292 319 629
f 319 1292 633
f 319 633 635
f 729 549 1530
f 549 555 1530
f 692 549 729
f 948 707 1903
f 444 948 1754
f 948 444 298
f 1580 948 298
f 948 1580 434
f 707 948 434
f 1249 638 1754
f 638 1249 1903
f 948 1249 1754
f 1249 948 1903
f 1151 238 587
f 120 1151 587
f 638 1151 1754
f 1151 1354 1754
f 1151 120 1354
f 872 1229 1403
f 1229 900 1403
f 1229 872 1349
f 1753 1358 879
f 1560 1358 410
f 1358 1753 410
f 361 1218 644
f 488 1218 361
f 364 78 488
f 1492 78 1198
f 78 364 1198
f 1547 1825 959
f 1825 1826 1757
f 1825 1757 1559
f 959 1825 1559
f 1197 1578 1255
f 1821 1578 509
f 1578 1821 1255
f 1371 1255 1995
f 564 67 968
f 1509 67 1169
f 67 891 1169
f 67 335 968
f 335 67 1509
f 281 1573 968
f 950 868 1341
f 868 950 564
f 1573 868 564
f 281 868 1573
f 1781 868 893
f 868 281 893
f 1476 634 1606
f 634 1476 1618
f 1568 1062 1983
f 1062 1568 267
f 557 702 1983
f 557 1458 435
f 1981 557 435
f 1845 402 1826
f 1845 1596 402
f 1474 119 405
f 1474 1753 119
f 1454 258 1035
f 258 1454 972
f 1035 258 611
f 258 972 611
f 1454 1746 972
f 972 1746 611
f 390 1353 1832
f 1454 390 1832
f 390 1454 1035
f 1353 1500 1596
f 1500 1035 611
f 1500 390 1035
f 390 1500 1353
f 1681 1500 611
f 1500 1681 1768
f 1372 1500 1768
f 1596 1500 1372
f 1542 1681 611
f 996 1542 611
f 1681 1542 1406
f 1542 996 1406
f 46 1482 420
f 1936 46 420
f 46 1810 198
f 1482 46 198
f 1901 172 309
f 172 1089 309
f 1089 922 309
f 922 1089 593
f 26 1196 1787
f 1196 26 65
f 1061 65 930
f 309 1061 1768
f 1768 1061 1677
f 1061 930 1677
f 922 1061 309
f 1061 922 593
f 152 579 778
f 1089 652 593
f 816 401 200
f 571 471 1681
f 471 571 1001
f 471 1001 1706
f 1577 471 1706
f 471 1577 1768
f 1681 471 1768
f 516 1007 854
f 1007 1451 1919
f 392 1007 1919
f 706 1007 392
f 1451 573 1919
f 1543 566 183
f 566 1543 1386
f 1543 573 1386
f 573 1543 217
f 566 1854 183
f 433 566 1386
f 566 433 1034
f 159 433 1386
f 433 159 1034
f 65 1378 930
f 1378 724 930
f 1806 646 1340
f 459 865 1829
f 680 964 173
f 321 680 173
f 680 1221 964
f 1452 1152 14
f 1452 1236 1152
f 1236 1452 979
f 1452 1943 979
f 1943 1685 1908
f 1452 1685 1943
f 900 1685 14
f 1685 1452 14
f 683 1278 791
f 1278 1836 791
f 1278 683 1392
f 493 1278 1392
f 304 1278 973
f 1278 493 973
f 221 1130 131
f 1170 221 131
f 221 1170 1247
f 225 1015 1170
f 1433 1015 257
f 1170 1015 1433
f 53 1234 399
f 1607 53 399
f 1234 53 436
f 53 383 436
f 383 53 813
f 53 1607 813
f 834 1314 290
f 882 1314 1310
f 1314 834 1524
f 1310 1314 1524
f 1314 1554 290
f 1554 1314 705
f 615 419 883
f 1433 602 1717
f 602 31 1717
f 602 1433 257
f 1015 602 257
f 562 90 1285
f 90 562 1049
f 400 1585 323
f 220 1905 340
f 340 1905 1296
f 1905 631 1296
f 631 1905 45
f 554 722 1947
f 155 554 1947
f 554 155 45
f 176 1981 1000
f 936 176 1000
f 176 936 1649
f 176 557 1981
f 702 176 1649
f 557 176 702
f 310 312 1224
f 312 310 1967
f 1967 310 1195
f 1317 1360 301
f 1360 1317 617
f 1317 301 1100
f 1745 1317 1100
f 904 698 362
f 698 904 1648
f 698 1488 362
f 1488 698 1648
f 1715 1512 403
f 1284 1512 1715
f 403 1181 1735
f 1512 1181 403
f 1181 1512 1284
f 64 1554 705
f 64 1284 1554
f 1144 1613 255
f 419 1144 255
f 599 44 1666
f 346 1234 436
f 346 436 598
f 795 346 1252
f 1234 346 795
f 1779 599 1666
f 1779 1158 206
f 1779 1666 1158
f 599 1779 1051
f 1663 1779 206
f 1051 1779 1663
f 1464 599 1051
f 1464 44 599
f 367 940 608
f 367 965 940
f 1812 367 516
f 186 367 608
f 367 186 516
f 141 1802 854
f 1802 1812 854
f 1812 1802 141
f 1116 1812 141
f 965 1116 463
f 367 1116 965
f 1116 367 1812
f 1116 181 463
f 1116 141 181
f 1251 522 1829
f 1986 1964 1260
f 1964 1455 1122
f 1964 1986 1455
f 347 569 259
f 569 347 181
f 181 347 463
f 347 940 463
f 940 347 1677
f 347 1184 1677
f 1184 347 259
f 1867 915 1070
f 1988 915 1833
f 915 1988 1070
f 201 1257 392
f 1257 1867 392
f 1174 1257 201
f 266 1884 141
f 141 1884 181
f 1884 266 706
f 976 1884 987
f 1884 976 181
f 1884 706 34
f 987 1884 34
f 600 995 510
f 995 600 335
f 543 600 510
f 335 600 968
f 385 289 685
f 995 385 685
f 289 385 279
f 385 995 279
f 772 995 685
f 764 772 1114
f 764 1776 780
f 1004 1227 1264
f 1004 1021 1227
f 1021 1004 685
f 1004 772 685
f 772 1004 1114
f 966 1939 1027
f 954 1227 125
f 954 338 1227
f 1939 954 125
f 966 954 1939
f 1256 399 1010
f 399 1256 785
f 1256 333 236
f 333 1256 1010
f 195 333 1010
f 333 195 795
f 1126 1539 785
f 1126 197 1539
f 1256 1126 785
f 1126 1256 236
f 1477 487 878
f 487 1477 1369
f 1539 487 1369
f 352 487 1539
f 1477 1323 1135
f 208 1477 878
f 208 1323 1477
f 1965 604 1164
f 604 352 1164
f 604 208 878
f 487 604 878
f 604 487 352
f 1965 1106 770
f 1106 1965 717
f 770 1106 1252
f 1106 795 1252
f 1106 333 795
f 333 1106 717
f 1033 1731 770
f 1731 1965 770
f 1731 1033 1214
f 1183 1149 391
f 1149 1615 391
f 1149 1183 95
f 1615 1149 95
f 606 1711 504
f 1615 1711 606
f 1711 1615 95
f 1711 260 504
f 260 1711 95
f 1517 335 1509
f 260 1517 1509
f 1517 260 527
f 1517 527 279
f 335 1517 279
f 338 445 1264
f 445 15 1264
f 1645 1939 125
f 730 1645 125
f 1645 730 1939
f 415 896 1155
f 896 1762 1155
f 1762 896 415
f 528 452 1608
f 452 528 1678
f 528 1088 1678
f 1726 539 473
f 790 539 142
f 539 790 1363
f 539 1726 1119
f 572 1098 48
f 1098 572 1373
f 1973 1466 247
f 1466 1973 1374
f 627 1466 1374
f 394 581 247
f 581 1973 247
f 1574 1308 37
f 1308 1574 1213
f 1574 1899 1213
f 903 1374 37
f 1308 903 37
f 1374 903 1987
f 903 529 1987
f 903 1308 1213
f 529 903 1213
f 1899 306 48
f 572 306 498
f 306 572 48
f 1619 1125 1342
f 1843 1899 790
f 1988 314 1070
f 314 1988 858
f 314 858 852
f 314 41 1070
f 287 314 852
f 41 314 287
f 1425 727 1976
f 1557 1853 1856
f 1853 727 18
f 443 1295 1847
f 1785 1118 1422
f 1785 986 1118
f 443 1428 570
f 217 1273 201
f 1273 1174 201
f 1695 1199 1833
f 1432 127 253
f 127 798 253
f 798 127 1432
f 1139 1878 1022
f 1878 798 1022
f 798 1878 1111
f 1111 1878 187
f 1878 1139 187
f 1490 1217 156
f 1217 1629 156
f 1217 609 253
f 1217 1490 609
f 1128 1217 253
f 1629 1217 1128
f 1621 245 1022
f 980 245 1621
f 245 1139 1022
f 245 980 1139
f 293 282 1916
f 293 1557 1856
f 293 1916 799
f 1557 293 799
f 282 329 920
f 329 806 920
f 1969 1557 1330
f 1969 1098 1373
f 1098 1969 48
f 787 1774 1838
f 1621 787 1417
f 787 1838 1417
f 787 1621 1022
f 798 787 1022
f 787 798 1432
f 1080 787 1432
f 129 1609 1778
f 1774 1609 129
f 1609 1080 1778
f 1609 787 1080
f 787 1609 1774
f 86 1173 1077
f 1173 1698 1077
f 1698 1173 1514
f 1514 1173 794
f 1173 86 794
f 1076 1544 178
f 1076 734 1934
f 1076 178 734
f 1544 1864 739
f 1871 1864 1544
f 313 458 1503
f 458 1277 1503
f 530 793 76
f 793 530 1528
f 793 691 76
f 691 793 561
f 793 1528 1922
f 561 793 1922
f 478 925 1303
f 1337 815 1092
f 815 688 1303
f 1337 688 815
f 699 688 1200
f 688 1092 1200
f 688 1337 1092
f 1657 251 1200
f 251 699 1200
f 251 1657 1672
f 1071 475 1672
f 363 925 1388
f 709 363 1388
f 1277 560 1470
f 560 1697 1470
f 560 483 1697
f 524 458 1163
f 458 524 1277
f 612 524 1163
f 483 524 612
f 524 560 1277
f 560 524 483
f 448 379 87
f 379 448 1697
f 379 484 1893
f 87 379 1893
f 484 379 1238
f 379 513 1238
f 1657 1228 843
f 786 1228 1657
f 1147 231 975
f 231 1147 8
f 975 231 423
f 231 8 423
f 1147 563 8
f 563 929 8
f 929 563 824
f 563 1268 824
f 563 1147 1268
f 1347 694 861
f 960 1347 861
f 1347 98 694
f 1347 960 98
f 1979 1091 1548
f 1979 901 1091
f 901 422 1483
f 1483 422 1764
f 951 99 953
f 99 1912 953
f 99 951 1237
f 1912 99 1639
f 1039 99 1237
f 99 1039 1639
f 1624 450 1032
f 1912 450 1624
f 450 1639 1032
f 450 1912 1639
f 1696 1453 1248
f 1453 1624 1248
f 1453 1912 1624
f 1912 1453 953
f 1453 1696 1914
f 970 1728 1765
f 1728 970 228
f 381 1693 870
f 1693 381 228
f 1993 1693 228
f 870 1693 216
f 1693 1993 216
f 1529 79 1068
f 79 1529 1632
f 79 1632 7
f 1529 1890 1765
f 1890 1529 711
f 1890 970 1765
f 732 999 1859
f 366 732 1906
f 732 1859 1906
f 1520 366 216
f 1993 1520 216
f 999 1520 1993
f 328 1951 160
f 1951 328 1118
f 328 1017 1118
f 989 1215 243
f 1690 1215 1017
f 1215 989 1017
f 658 271 1429
f 1429 271 1457
f 1457 271 614
f 271 1063 614
f 451 1989 1501
f 559 365 169
f 365 451 169
f 365 1989 451
f 365 559 1115
f 1989 365 1115
f 1075 1030 551
f 1030 1075 553
f 781 1892 551
f 781 1736 1892
f 1030 781 551
f 1090 1699 1068
f 79 1090 1068
f 1090 79 7
f 1769 1090 7
f 77 1090 1769
f 13 1741 1653
f 1741 1897 1653
f 888 77 480
f 1090 888 207
f 888 1090 77
f 1708 1575 916
f 558 1708 916
f 388 1708 558
f 762 1031 558
f 762 916 691
f 762 558 916
f 762 691 1747
f 1031 762 1747
f 94 1440 13
f 501 94 946
f 1440 94 501
f 188 1794 1562
f 1897 1794 1653
f 149 1985 1121
f 387 709 1388
f 1575 387 1388
f 1937 188 1562
f 1937 387 188
f 387 1937 709
f 1427 75 681
f 75 1466 627
f 1641 1427 1562
f 1794 1641 1562
f 1641 1794 1897
f 1427 1641 394
f 1011 1985 1343
f 1385 1011 1343
f 1985 1011 1121
f 1011 363 1121
f 363 1011 925
f 925 1011 1303
f 1011 1385 1303
f 1439 1462 552
f 1385 1439 1620
f 1439 1385 1343
f 1462 1439 1343
f 1050 322 1620
f 1050 1751 1105
f 372 1050 1105
f 322 1050 372
f 1312 556 83
f 1599 895 1504
f 545 1599 1504
f 731 1599 1420
f 1599 731 895
f 211 1097 1852
f 1640 1097 211
f 161 892 1689
f 892 239 731
f 1890 239 970
f 239 161 970
f 239 892 161
f 239 711 263
f 239 1890 711
f 663 332 895
f 731 663 895
f 239 663 731
f 170 1350 1961
f 250 170 1961
f 170 418 1350
f 710 1813 29
f 341 1813 710
f 1813 341 413
f 29 1813 1110
f 1460 1813 413
f 1813 505 1110
f 1813 1460 505
f 19 1554 1266
f 1953 19 1266
f 19 1953 1554
f 1600 518 1159
f 518 1600 679
f 518 92 1159
f 92 518 565
f 636 1225 1904
f 1225 636 1654
f 1225 1549 1904
f 1225 1545 1549
f 1654 430 1738
f 636 430 1654
f 430 503 1738
f 1390 1047 1893
f 1545 1390 1893
f 1047 1390 199
f 1181 848 1735
f 1314 848 705
f 848 1314 882
f 848 64 705
f 702 204 1579
f 1788 204 702
f 204 482 1579
f 204 1788 1735
f 1334 218 1321
f 1334 1321 1627
f 1317 1334 617
f 1195 1334 1627
f 617 1334 1195
f 294 24 317
f 1583 294 317
f 24 294 1201
f 294 935 1201
f 294 1875 935
f 1875 294 1583
f 568 844 1600
f 568 619 467
f 568 1600 619
f 20 703 1709
f 1759 703 742
f 703 1759 1709
f 844 720 679
f 720 844 1485
f 442 71 534
f 442 20 71
f 565 442 534
f 442 720 20
f 720 442 679
f 518 442 565
f 442 518 679
f 1759 521 1709
f 521 763 1709
f 763 521 1952
f 521 1759 1830
f 521 1348 1952
f 1348 521 1830
f 1445 1018 742
f 1445 203 1018
f 168 1445 742
f 295 1387 1287
f 1387 376 1287
f 1387 1468 376
f 857 751 196
f 751 857 667
f 874 763 1952
f 667 874 1952
f 763 874 71
f 874 165 71
f 647 1348 178
f 751 647 178
f 647 751 667
f 647 667 1952
f 1348 647 1952
f 409 1298 1548
f 1298 1979 1548
f 1979 1298 901
f 1298 422 901
f 28 409 1265
f 409 28 1603
f 28 924 1603
f 28 1019 924
f 620 1311 101
f 1311 620 1485
f 1279 1792 1468
f 1387 1279 1468
f 1279 1387 168
f 1408 174 941
f 941 174 285
f 174 1634 285
f 174 1408 1719
f 1634 174 1719
f 1508 184 1561
f 184 1508 489
f 489 1508 832
f 1508 1561 428
f 832 1508 428
f 1253 489 1268
f 1253 184 489
f 184 1253 1888
f 1253 1268 368
f 1888 1253 368
f 1835 369 1526
f 1835 949 369
f 626 1835 1526
f 1835 626 1625
f 61 632 545
f 545 632 890
f 632 61 811
f 248 632 811
f 632 1344 890
f 632 248 1344
f 1950 814 275
f 1950 296 814
f 963 1950 275
f 296 1950 963
f 949 1008 662
f 1008 58 662
f 1835 1008 949
f 58 1008 1625
f 1008 1835 1625
f 460 748 1658
f 460 1510 108
f 1978 460 108
f 748 460 1978
f 460 1658 1104
f 1551 584 585
f 584 1551 1809
f 1551 585 1104
f 158 1551 1104
f 1809 1551 143
f 1551 1658 143
f 1551 158 1658
f 584 745 1154
f 1154 745 1526
f 745 626 1526
f 224 1713 1226
f 1510 224 1720
f 224 1226 1720
f 460 224 1510
f 224 460 1104
f 585 224 1104
f 1713 224 585
f 993 256 146
f 1713 256 993
f 256 1724 146
f 256 1487 1724
f 1487 256 585
f 256 1713 585
f 595 304 973
f 319 595 973
f 304 595 264
f 264 595 635
f 595 319 635
f 5 692 1414
f 1096 5 376
f 5 1414 376
f 1054 921 638
f 921 1151 638
f 921 1054 238
f 1151 921 238
f 1229 308 900
f 308 1685 900
f 964 308 576
f 1887 1349 434
f 1887 1229 1349
f 1580 1887 434
f 1887 1580 576
f 308 1887 576
f 1887 308 1229
f 788 1103 1538
f 1538 1103 85
f 1129 1218 488
f 78 1129 488
f 1218 1129 644
f 1129 1492 644
f 1129 78 1492
f 1725 506 1463
f 944 506 1725
f 506 944 1810
f 1081 950 1255
f 1371 1081 1255
f 950 1081 564
f 1177 634 1618
f 1177 1618 1380
f 1094 600 543
f 1705 1618 893
f 281 1705 893
f 1705 281 968
f 947 868 1781
f 868 947 1341
f 947 508 1341
f 123 1781 1618
f 704 179 1596
f 1845 704 1596
f 704 1845 179
f 1825 881 1826
f 881 1825 1547
f 179 974 1463
f 1845 974 179
f 974 881 1547
f 974 1845 1826
f 881 974 1826
f 1326 1474 405
f 1474 1326 1753
f 1326 405 410
f 1753 1326 410
f 1162 1454 420
f 1162 1746 1454
f 1482 1162 420
f 1162 1482 198
f 550 996 611
f 996 550 122
f 1942 1259 778
f 1191 1259 380
f 1272 80 1263
f 172 1272 1263
f 80 1272 1901
f 1272 172 1901
f 856 1061 593
f 1196 856 1787
f 856 1196 65
f 1061 856 65
f 652 856 593
f 1896 470 118
f 1182 43 1263
f 43 470 1263
f 470 43 118
f 470 542 1263
f 542 172 1263
f 172 542 1089
f 542 652 1089
f 1042 52 1082
f 535 937 992
f 666 166 1280
f 166 923 1280
f 1204 728 115
f 780 1204 115
f 1776 1204 780
f 525 927 378
f 1518 1917 1586
f 1917 1518 1702
f 816 1301 401
f 1462 1301 552
f 1293 675 1784
f 497 1007 516
f 1007 497 1451
f 1451 497 851
f 266 1659 706
f 1659 1007 706
f 1007 1659 854
f 1659 141 854
f 1659 266 141
f 1855 1684 1340
f 674 1855 1340
f 1684 1855 851
f 382 159 1386
f 573 382 1386
f 382 573 1451
f 382 1451 851
f 159 382 851
f 696 217 201
f 696 573 217
f 573 696 1919
f 696 392 1919
f 696 201 392
f 1854 1066 183
f 1894 674 1340
f 646 1894 1340
f 1894 646 1507
f 726 865 459
f 726 254 865
f 1459 1806 1340
f 1251 1459 1340
f 1459 254 1806
f 254 1459 865
f 865 1459 1829
f 1459 1251 1829
f 1361 566 1186
f 268 1854 566
f 1361 268 566
f 268 1614 1854
f 1221 913 102
f 680 913 1221
f 913 771 102
f 913 321 1233
f 913 680 321
f 913 1053 771
f 913 1233 1053
f 1685 1740 1908
f 1998 1740 964
f 1740 1998 1908
f 398 304 1674
f 398 1278 304
f 1278 398 1836
f 1836 398 1332
f 398 1513 1332
f 1513 398 1674
f 221 1484 1130
f 1130 1484 1045
f 1484 500 1045
f 500 1484 942
f 1484 1247 942
f 515 82 1161
f 82 515 468
f 1844 1138 1285
f 927 1014 757
f 592 1014 927
f 1059 1014 1331
f 1059 1025 757
f 1014 1059 757
f 325 554 45
f 1905 325 45
f 325 1905 220
f 1143 1181 1284
f 64 1143 1284
f 1143 848 1181
f 848 1143 64
f 1613 1637 769
f 1144 1637 1613
f 615 1959 419
f 1959 1144 419
f 1959 1637 1144
f 2 419 255
f 801 2 255
f 1756 2 801
f 419 639 883
f 44 639 1666
f 639 1389 1666
f 1389 639 1756
f 906 1464 1051
f 906 1051 1252
f 346 906 1252
f 1464 421 44
f 639 421 883
f 421 639 44
f 624 569 1260
f 1964 624 1260
f 569 624 1122
f 624 1964 1122
f 182 1257 1174
f 182 1695 1833
f 915 182 1833
f 182 915 1867
f 1257 182 1867
f 995 1716 510
f 772 1716 995
f 1716 543 510
f 1495 764 722
f 764 1495 1776
f 1014 1495 1331
f 1131 764 780
f 764 1131 772
f 1131 780 115
f 1375 1264 1947
f 1375 1004 1264
f 722 1375 1947
f 764 1375 722
f 1865 333 717
f 333 1865 236
f 197 1865 717
f 1126 1865 197
f 1865 1126 236
f 1926 1044 1135
f 1323 1926 1135
f 1178 1322 155
f 15 1178 155
f 1178 445 1436
f 445 1178 15
f 1384 1731 1214
f 384 1193 1436
f 384 966 1027
f 1193 384 1027
f 1940 445 338
f 954 1940 338
f 1940 954 966
f 384 1940 966
f 445 1940 1436
f 1940 384 1436
f 1088 456 1608
f 456 528 1608
f 528 456 1088
f 1304 1602 37
f 1602 1574 37
f 661 1602 1304
f 1574 1435 1899
f 1435 306 1899
f 306 1435 498
f 1602 1435 1574
f 1435 661 498
f 1435 1602 661
f 1533 1397 1119
f 1397 1533 1342
f 1172 790 142
f 1172 1843 790
f 1397 1172 1119
f 539 1172 142
f 1172 539 1119
f 727 1691 18
f 1425 1691 727
f 1691 1914 18
f 1691 1453 1914
f 1453 1691 1425
f 547 1185 462
f 1295 355 1847
f 355 1295 156
f 1847 355 234
f 355 1629 234
f 1629 355 156
f 10 443 1880
f 10 1295 443
f 1295 10 156
f 1726 10 1880
f 10 1726 156
f 1533 676 1422
f 676 1785 1422
f 1428 1564 570
f 570 1564 1119
f 1564 1533 1119
f 1212 1273 217
f 1199 1112 1847
f 1695 1112 1199
f 1112 1695 1428
f 1112 443 1847
f 1112 1428 443
f 113 329 282
f 113 293 1856
f 293 113 282
f 1160 1853 1557
f 1969 1160 1557
f 1160 1969 1373
f 377 1363 48
f 1969 377 48
f 377 1969 1330
f 377 539 1363
f 539 377 473
f 473 377 1958
f 377 1330 1958
f 1431 934 1934
f 934 1076 1934
f 1076 1056 1544
f 331 1056 1431
f 1056 934 1431
f 934 1056 1076
f 1056 331 984
f 1871 1056 984
f 1056 1871 1544
f 1864 59 739
f 541 150 984
f 150 1871 984
f 1864 150 541
f 1871 150 1864
f 251 62 699
f 62 251 478
f 62 688 699
f 62 478 1303
f 688 62 1303
f 1228 345 843
f 345 612 1163
f 458 345 1163
f 345 313 843
f 345 458 313
f 1675 786 513
f 1675 1228 786
f 1675 379 1697
f 379 1675 513
f 519 1453 1425
f 519 1185 480
f 1769 519 480
f 519 1769 953
f 1453 519 953
f 381 1300 228
f 1300 1728 228
f 1300 381 1765
f 1728 1300 1765
f 732 867 999
f 867 1520 999
f 867 732 366
f 1520 867 366
f 1409 1394 1267
f 486 328 160
f 486 240 328
f 1215 1416 243
f 1416 1521 243
f 1416 1215 1690
f 897 1416 1690
f 1222 658 1413
f 1222 271 658
f 1222 559 735
f 559 1222 1413
f 1063 1222 735
f 271 1222 1063
f 1989 97 1501
f 781 97 1736
f 1440 678 1729
f 1729 678 207
f 678 1440 501
f 678 1090 207
f 1090 678 1699
f 678 501 263
f 1699 678 263
f 1440 1593 13
f 1593 1741 13
f 1593 1440 1729
f 1593 1729 207
f 957 547 462
f 581 957 1973
f 661 957 462
f 1973 957 37
f 957 661 37
f 687 581 394
f 1593 687 1741
f 1791 13 1653
f 1794 1791 1653
f 1791 94 13
f 94 1791 188
f 1791 1794 188
f 1929 149 1121
f 363 1929 1121
f 1929 363 709
f 1937 1929 709
f 387 1730 188
f 1708 1730 1575
f 1730 387 1575
f 94 1730 946
f 1730 94 188
f 1929 1807 149
f 149 1807 1985
f 454 1427 394
f 454 75 1427
f 454 394 247
f 1466 454 247
f 75 454 1466
f 725 1145 552
f 1145 1439 552
f 1145 725 219
f 1620 1145 219
f 1439 1145 1620
f 1230 1050 1620
f 1050 1230 1751
f 1230 1620 219
f 1751 1230 219
f 1312 777 556
f 777 250 556
f 1930 649 911
f 777 649 1582
f 649 777 1312
f 911 455 1906
f 455 83 1906
f 455 1312 83
f 649 455 911
f 455 649 1312
f 261 1930 1286
f 1599 227 1420
f 227 1599 1494
f 1599 502 1494
f 502 545 16
f 502 1599 545
f 418 1960 1640
f 1960 1097 1640
f 1532 1689 1286
f 1532 161 1689
f 970 1532 228
f 161 1532 970
f 892 354 1689
f 663 40 332
f 40 663 239
f 332 40 884
f 884 40 263
f 40 239 263
f 170 1148 418
f 1148 777 1582
f 1960 1148 1582
f 1148 1960 418
f 738 636 1790
f 738 430 636
f 503 738 1790
f 430 738 503
f 548 773 1654
f 773 1225 1654
f 482 737 882
f 737 848 882
f 848 737 1735
f 737 204 1735
f 204 737 482
f 1334 1220 218
f 1220 1334 1317
f 218 1220 1745
f 1220 1317 1745
f 1537 568 467
f 568 1537 844
f 1329 1537 467
f 844 1537 1329
f 1299 703 20
f 1299 168 742
f 703 1299 742
f 171 1445 168
f 1387 171 168
f 1445 171 203
f 203 171 295
f 171 1387 295
f 1775 409 1603
f 1775 1298 409
f 1298 1775 422
f 665 233 857
f 165 889 775
f 233 889 165
f 775 889 985
f 665 889 233
f 985 889 1265
f 889 665 1265
f 874 1565 165
f 1565 233 165
f 1565 874 667
f 857 1565 667
f 233 1565 857
f 1789 1279 168
f 1789 720 1485
f 620 1789 1485
f 1792 1127 101
f 1279 1127 1792
f 1127 620 101
f 1127 1789 620
f 1789 1127 1279
f 1589 745 584
f 1589 584 1809
f 1589 1241 1625
f 1589 1809 1241
f 686 549 692
f 5 686 692
f 686 5 1096
f 555 686 1096
f 549 686 555
f 684 1103 788
f 684 788 1995
f 1821 684 1995
f 684 1821 879
f 1358 684 879
f 1113 1358 1560
f 1113 1560 461
f 1113 684 1358
f 684 1113 1103
f 1103 1113 85
f 488 1113 461
f 1113 361 85
f 1113 488 361
f 116 1578 1197
f 944 116 1197
f 1578 116 509
f 116 1725 509
f 116 944 1725
f 1840 1197 1341
f 1840 944 1197
f 944 1840 1810
f 508 1840 1341
f 1840 508 1810
f 506 526 1463
f 1463 526 1832
f 526 1936 1832
f 1067 506 1810
f 1067 526 506
f 891 1550 788
f 1550 67 564
f 67 1550 891
f 1576 1705 968
f 1476 1012 1618
f 1012 123 1618
f 123 1012 1476
f 508 1283 1810
f 947 1283 508
f 1283 947 1781
f 123 1283 1781
f 1928 1476 1606
f 1928 123 1476
f 1928 1283 123
f 1810 1928 198
f 1283 1928 1810
f 998 1725 1463
f 974 998 1463
f 998 974 1547
f 1725 998 509
f 998 879 509
f 998 1547 879
f 1162 17 1746
f 17 580 122
f 17 1162 198
f 580 17 1942
f 1746 716 611
f 716 550 611
f 550 716 122
f 716 17 122
f 17 716 1746
f 485 1259 1942
f 485 17 198
f 17 485 1942
f 1896 1319 992
f 1319 1896 1191
f 1664 152 778
f 1259 1664 778
f 1191 1664 1259
f 137 789 666
f 634 189 1606
f 856 262 1787
f 262 856 652
f 262 828 1787
f 1418 1896 118
f 1896 1418 1191
f 1418 1664 1191
f 1664 1418 152
f 152 1846 579
f 1846 43 1182
f 646 756 1507
f 756 646 1806
f 756 254 880
f 254 756 1806
f 1479 1042 650
f 350 937 535
f 789 887 666
f 887 166 666
f 923 945 1280
f 945 1320 1280
f 728 945 923
f 1204 283 728
f 525 194 927
f 592 194 305
f 194 592 927
f 1065 194 525
f 135 525 378
f 135 435 1502
f 135 378 831
f 435 135 831
f 1320 1383 1280
f 1750 1362 809
f 1301 1707 552
f 1707 1301 816
f 552 1707 1702
f 1707 1917 1702
f 320 1567 112
f 675 1567 1784
f 397 675 1293
f 397 1166 1863
f 1166 397 1293
f 1772 800 650
f 1588 1107 1028
f 522 1535 516
f 1535 497 516
f 1855 1189 851
f 1189 159 851
f 159 1189 1034
f 1189 1855 674
f 1066 825 183
f 825 1212 183
f 1378 1346 724
f 1346 590 724
f 1246 459 344
f 1246 726 459
f 726 1246 1506
f 1246 1617 1506
f 1617 1246 344
f 254 1447 880
f 726 1447 254
f 1447 590 880
f 590 1447 724
f 724 1447 1506
f 1447 726 1506
f 205 1614 269
f 1614 1052 1854
f 205 1052 1614
f 308 910 1685
f 910 1740 1685
f 910 308 964
f 1740 910 964
f 1245 221 1247
f 1484 1245 1247
f 1245 1484 221
f 1611 1933 615
f 1611 883 109
f 1611 615 883
f 1933 360 615
f 360 1959 615
f 1959 360 1637
f 1637 360 769
f 670 562 1536
f 562 670 1049
f 562 1297 1536
f 1297 1138 1536
f 1297 562 1285
f 1138 1297 1285
f 190 1552 1585
f 1552 1138 1844
f 1138 1552 1536
f 1552 1844 323
f 1585 1552 323
f 818 670 1536
f 670 818 1208
f 1552 818 1536
f 818 1552 190
f 818 360 1208
f 818 190 769
f 360 818 769
f 736 1613 769
f 190 736 769
f 1613 736 1430
f 274 1059 220
f 274 220 712
f 274 310 1224
f 1195 274 712
f 310 274 1195
f 1025 274 1224
f 1059 274 1025
f 1755 1059 1331
f 325 1755 1331
f 1059 1755 220
f 1755 325 220
f 2 1883 419
f 1883 639 419
f 1883 2 1756
f 639 1883 1756
f 1464 1026 1963
f 906 1026 1464
f 1026 906 346
f 1963 1026 598
f 1026 346 598
f 1496 1464 1963
f 1496 421 1464
f 1496 1963 883
f 421 1496 883
f 1704 182 1174
f 182 1704 1695
f 1695 1704 1428
f 1564 1704 1174
f 1704 1564 1428
f 899 728 1123
f 1094 899 1123
f 899 1094 543
f 1716 899 543
f 1495 1379 1776
f 1223 325 1331
f 1495 1223 1331
f 1223 1495 722
f 554 1223 722
f 325 1223 554
f 1004 147 1114
f 1375 147 1004
f 147 764 1114
f 147 1375 764
f 1193 1572 1436
f 1178 47 1322
f 1570 1210 1296
f 1210 1570 1214
f 155 1570 1296
f 1322 1570 155
f 864 597 243
f 1521 864 243
f 1808 989 243
f 597 1808 243
f 1972 627 1987
f 529 1972 1987
f 1301 952 829
f 952 805 1670
f 864 952 1670
f 952 864 1521
f 952 1117 829
f 1117 952 1521
f 583 1462 1343
f 75 1009 681
f 1009 75 627
f 1009 191 1882
f 1190 1397 1342
f 1190 1172 1397
f 1125 1190 1342
f 1040 1190 1125
f 1040 1060 1213
f 1060 1040 1125
f 1060 1619 1213
f 1060 1125 1619
f 1899 1644 1213
f 1644 1040 1213
f 1843 1644 1899
f 1040 1644 1843
f 1564 1391 1533
f 1391 676 1533
f 1273 1723 1174
f 1723 1564 1174
f 1723 1391 1564
f 1543 1029 217
f 1029 1212 217
f 113 1404 329
f 1404 1248 806
f 329 1404 806
f 1853 1941 1856
f 1941 113 1856
f 1941 1853 18
f 1696 1941 18
f 1941 1696 1248
f 1404 1941 1248
f 1941 1404 113
f 1907 1160 1373
f 1160 1907 1853
f 727 1907 1373
f 1853 1907 727
f 1019 1811 924
f 1811 59 924
f 59 1811 739
f 1811 751 739
f 751 1811 196
f 1811 1019 196
f 924 457 1603
f 59 457 924
f 457 1775 1603
f 457 1864 541
f 457 59 1864
f 481 475 1071
f 481 1848 475
f 481 1071 76
f 1575 481 76
f 481 1575 1388
f 925 481 1388
f 1848 481 925
f 1848 1927 475
f 478 1927 925
f 1927 1848 925
f 1927 251 1672
f 475 1927 1672
f 1671 345 1228
f 1675 1671 1228
f 1671 1675 1697
f 1676 519 1425
f 519 1676 1185
f 1676 1425 1976
f 1676 1976 462
f 1185 1676 462
f 1339 816 200
f 328 1367 1017
f 1367 1690 1017
f 1367 897 1690
f 151 268 1361
f 1409 151 1361
f 1614 151 269
f 151 1614 268
f 1416 1402 1521
f 1402 1416 897
f 110 897 240
f 110 486 784
f 486 110 240
f 110 1402 897
f 97 1540 1736
f 1540 97 1989
f 1540 1989 1115
f 1421 1540 1115
f 1540 1421 1003
f 1736 1540 1003
f 97 1048 1501
f 1048 97 781
f 1048 91 1501
f 1048 781 1030
f 91 1048 1594
f 1594 1048 553
f 1048 1030 553
f 1741 153 1897
f 687 153 1741
f 153 1641 1897
f 1641 153 394
f 153 687 394
f 687 1694 581
f 1694 687 1593
f 1730 318 946
f 318 1730 1708
f 318 388 946
f 318 1708 388
f 1541 1929 1937
f 1541 1807 1929
f 1427 1541 1562
f 1541 1937 1562
f 1541 1427 681
f 1807 1541 681
f 1687 1364 1286
f 1364 261 1286
f 502 718 1494
f 718 502 16
f 718 16 1852
f 1097 718 1852
f 1960 1381 1097
f 718 1381 1494
f 1381 718 1097
f 999 1302 1286
f 1302 1532 1286
f 1302 999 228
f 1532 1302 228
f 354 586 1689
f 586 354 1687
f 1689 586 1286
f 586 1687 1286
f 134 354 892
f 227 134 1420
f 132 170 250
f 132 1148 170
f 777 132 250
f 1148 132 777
f 303 773 548
f 199 303 849
f 303 548 849
f 1225 1824 1545
f 773 1824 1225
f 1824 1390 1545
f 303 1824 773
f 1390 1824 199
f 1824 303 199
f 1299 1828 168
f 1828 1789 168
f 1828 1299 20
f 1686 1019 28
f 1686 28 1265
f 665 1686 1265
f 745 932 626
f 1589 932 745
f 1426 46 1936
f 526 1426 1936
f 1067 1426 526
f 1081 1448 564
f 1448 1550 564
f 1448 1081 1371
f 1448 1371 1995
f 1177 291 634
f 1216 291 1177
f 291 189 634
f 291 1216 235
f 189 291 235
f 1623 783 1123
f 783 1094 1123
f 1094 783 797
f 847 1576 968
f 847 1094 797
f 600 847 968
f 1094 847 600
f 36 1623 1527
f 36 1576 1623
f 1576 36 1705
f 36 1527 1380
f 1618 36 1380
f 1705 36 1618
f 1633 1191 380
f 1319 1633 380
f 1633 1319 1191
f 546 535 992
f 1319 546 992
f 1179 137 666
f 1418 1814 152
f 1814 1846 152
f 1846 1814 43
f 43 1814 118
f 1814 1418 118
f 1437 571 579
f 1846 1437 579
f 571 1437 1182
f 1437 1846 1182
f 494 1194 1461
f 1444 1771 1290
f 1771 958 1290
f 958 1771 1461
f 937 958 992
f 958 937 1290
f 760 265 1595
f 265 760 1507
f 756 265 1507
f 265 756 297
f 214 1894 1507
f 1997 26 1787
f 590 1815 880
f 1815 1997 507
f 1590 1895 1858
f 1895 1588 1858
f 358 1895 56
f 74 582 850
f 1760 1479 850
f 582 1760 850
f 1760 582 1444
f 1760 1444 52
f 1042 1760 52
f 1479 1760 1042
f 1949 1590 371
f 937 761 1290
f 350 761 937
f 1949 761 350
f 499 887 789
f 23 728 923
f 166 23 923
f 396 23 166
f 1546 1204 1776
f 1546 283 1204
f 283 1546 1065
f 1652 1383 1320
f 945 1652 1320
f 1652 945 728
f 283 1652 728
f 1383 1605 1280
f 1605 1383 1362
f 876 666 1280
f 1605 876 1280
f 876 1605 1109
f 1062 466 1983
f 466 1742 1458
f 466 1062 267
f 466 557 1983
f 557 466 1458
f 466 267 1784
f 733 743 1863
f 743 397 1863
f 800 810 650
f 810 210 650
f 1827 210 1267
f 1827 1479 650
f 210 1827 650
f 779 1042 1082
f 1042 779 650
f 779 1772 650
f 1313 1590 1858
f 1107 898 1558
f 1588 898 1107
f 898 1179 666
f 898 1588 1167
f 1179 898 1167
f 898 876 1558
f 876 898 666
f 1251 469 522
f 469 1535 522
f 469 1251 1340
f 1684 469 1340
f 1535 477 497
f 477 1684 851
f 497 477 851
f 477 469 1684
f 469 477 1535
f 1189 437 1034
f 1034 437 1186
f 437 1566 1186
f 1785 1305 986
f 1355 1378 65
f 1355 1815 590
f 1815 1355 1997
f 1951 1515 160
f 986 1515 1951
f 1920 205 269
f 1920 486 160
f 1800 1066 1854
f 1052 1800 1854
f 1611 1475 1933
f 31 1475 1269
f 1933 1475 31
f 1269 1475 109
f 1475 1611 109
f 1188 1933 31
f 641 670 1208
f 515 641 468
f 641 1773 468
f 1489 515 1161
f 1049 1489 1161
f 670 1489 1049
f 1489 641 515
f 641 1489 670
f 796 190 1585
f 796 736 190
f 736 796 1430
f 1430 796 400
f 796 1585 400
f 1176 899 1716
f 1176 1716 772
f 728 1176 115
f 899 1176 728
f 1176 1131 115
f 1131 1176 772
f 1915 1379 305
f 1379 1915 1776
f 194 1915 305
f 1207 1495 1014
f 1207 1379 1495
f 1207 1014 592
f 1207 592 305
f 1379 1207 305
f 334 1572 1193
f 1044 334 1027
f 334 1193 1027
f 1926 334 1044
f 334 1926 1323
f 208 334 1323
f 47 334 208
f 334 47 1178
f 334 1178 1436
f 1572 334 1436
f 47 1839 1322
f 1839 1570 1322
f 1839 1384 1214
f 1570 1839 1214
f 1731 286 1965
f 1384 286 1731
f 1808 1180 989
f 1180 529 1017
f 989 1180 1017
f 1932 1808 597
f 1180 1932 529
f 1932 1180 1808
f 1352 1301 1462
f 583 1352 1462
f 1352 952 1301
f 1972 1137 627
f 1137 1009 627
f 1137 191 1009
f 1168 1137 1972
f 1932 1168 1972
f 1168 1932 597
f 1168 864 1670
f 864 1168 597
f 1882 35 805
f 191 35 1882
f 805 35 1670
f 35 1168 1670
f 1137 35 191
f 1168 35 1137
f 1172 1074 1843
f 1190 1074 1172
f 1074 1040 1843
f 1074 1190 1040
f 825 1584 1212
f 1723 1584 1391
f 1212 1584 1273
f 1584 1723 1273
f 1212 1822 183
f 1029 1822 1212
f 1822 1543 183
f 1822 1029 1543
f 457 432 1775
f 422 432 1764
f 1775 432 422
f 432 754 1764
f 432 541 754
f 432 457 541
f 251 1655 478
f 1655 1927 478
f 1927 1655 251
f 345 1994 612
f 1671 1994 345
f 1994 1671 1697
f 483 1994 1697
f 1994 483 612
f 240 574 328
f 574 1367 328
f 897 574 240
f 1367 574 897
f 1301 1680 401
f 1680 1799 401
f 1680 1301 829
f 1117 1680 829
f 1799 1680 1117
f 2000 1117 1521
f 2000 1799 1117
f 401 2000 200
f 1799 2000 401
f 957 1803 547
f 1803 957 581
f 1694 1803 581
f 1610 888 480
f 1185 1610 480
f 1610 1185 547
f 136 1593 207
f 136 1694 1593
f 888 136 207
f 1610 136 888
f 136 1803 1694
f 1803 136 547
f 136 1610 547
f 1009 1612 681
f 1079 1612 1009
f 1612 1807 681
f 1612 1079 1807
f 1868 1009 1882
f 1868 1079 1009
f 1101 1364 1687
f 354 1101 1687
f 1101 134 227
f 134 1101 354
f 649 1101 1582
f 1101 649 1930
f 261 1101 1930
f 1364 1101 261
f 134 1099 1420
f 1099 134 892
f 1099 731 1420
f 1099 892 731
f 1789 96 720
f 1828 96 1789
f 720 96 20
f 96 1828 20
f 1019 339 196
f 1686 339 1019
f 1668 1589 1625
f 1668 932 1589
f 626 1668 1625
f 932 1668 626
f 46 1862 1810
f 1426 1862 46
f 1862 1067 1810
f 1862 1426 1067
f 1550 180 788
f 1448 180 1550
f 788 180 1995
f 180 1448 1995
f 89 847 797
f 847 89 1576
f 783 89 797
f 1576 89 1623
f 89 783 1623
f 1635 1319 380
f 1635 546 1319
f 1456 449 1692
f 546 1456 535
f 1456 145 535
f 1456 846 145
f 1 350 535
f 145 1 535
f 1997 39 507
f 776 74 1595
f 494 776 1595
f 776 494 1461
f 542 1982 652
f 1982 1194 652
f 1037 265 297
f 265 1037 1595
f 1037 494 1595
f 39 1037 507
f 1037 39 494
f 792 756 880
f 1815 792 880
f 756 792 297
f 792 1815 507
f 1667 1895 358
f 1895 1667 1588
f 1588 1667 1167
f 1946 74 850
f 656 1946 850
f 1102 656 850
f 656 1102 760
f 760 1102 1507
f 990 1771 1444
f 582 990 1444
f 990 582 74
f 1910 1 56
f 1 1910 350
f 1232 371 52
f 1232 1949 371
f 1232 761 1949
f 1444 1232 52
f 1232 1444 1290
f 761 1232 1290
f 68 1177 1380
f 68 499 789
f 68 1216 1177
f 68 789 235
f 1216 68 235
f 439 1623 1123
f 1623 439 1527
f 728 439 1123
f 23 439 728
f 1915 664 1776
f 664 1915 194
f 664 194 1065
f 826 1652 283
f 1652 826 1383
f 1362 826 809
f 1383 826 1362
f 657 135 1502
f 1005 112 660
f 1458 424 1502
f 1742 424 1458
f 424 657 1502
f 657 424 1592
f 424 1742 320
f 876 591 1558
f 591 876 1109
f 1107 782 1028
f 284 782 1107
f 1918 1065 525
f 226 1918 525
f 1918 283 1065
f 1918 1750 809
f 1918 226 1750
f 826 1918 809
f 1918 826 283
f 226 607 1750
f 135 607 525
f 607 226 525
f 1742 1205 320
f 466 1205 1742
f 1205 1567 320
f 1567 1205 1784
f 1205 466 1784
f 175 1567 675
f 175 841 1567
f 397 926 675
f 1707 1630 1917
f 1630 672 1917
f 1604 1339 804
f 1339 1604 816
f 1630 1604 1739
f 1604 4 1739
f 4 164 695
f 1925 490 672
f 1630 1925 672
f 1925 1630 1739
f 4 1925 1739
f 1777 779 1082
f 52 1777 1082
f 371 1777 52
f 1777 1313 779
f 1590 1777 371
f 1313 1777 1590
f 779 907 1772
f 774 700 871
f 774 871 370
f 167 1313 1858
f 167 32 1772
f 907 167 1772
f 167 1842 32
f 1588 1842 1858
f 1842 167 1858
f 1642 1346 1378
f 1355 1642 1378
f 1346 1642 590
f 1642 1355 590
f 1997 1885 26
f 1355 1885 1997
f 26 1885 65
f 1885 1355 65
f 1410 1052 205
f 1052 1410 986
f 1410 1515 986
f 1920 1601 205
f 1601 1410 205
f 1410 1601 1515
f 1515 1601 160
f 1601 1920 160
f 1274 825 1066
f 1800 1274 1066
f 1305 1274 986
f 1274 1305 825
f 1274 1052 986
f 1274 1800 1052
f 905 360 1933
f 1188 905 1933
f 360 905 1208
f 1839 1443 1384
f 1443 1839 47
f 1443 286 1384
f 1443 47 208
f 286 1443 208
f 604 863 208
f 863 286 208
f 863 604 1965
f 286 863 1965
f 1203 1972 529
f 1932 1203 529
f 1203 1932 1972
f 1752 583 805
f 1752 1352 583
f 952 1752 805
f 1352 1752 952
f 1084 1584 825
f 1084 1305 1785
f 1305 1084 825
f 676 1084 1785
f 1391 1084 676
f 1584 1084 1391
f 1868 1758 1079
f 1807 1758 1985
f 1079 1758 1807
f 1985 1758 1343
f 1101 1124 1582
f 1124 1960 1582
f 1124 1381 1960
f 1309 1686 665
f 1309 339 1686
f 339 1309 196
f 1309 857 196
f 1309 665 857
f 713 277 449
f 1635 713 546
f 1456 713 449
f 713 1456 546
f 189 746 1692
f 746 1456 1692
f 746 846 1456
f 374 189 1692
f 374 1891 189
f 449 374 1692
f 277 374 449
f 1891 374 277
f 962 1928 1606
f 1928 962 198
f 846 280 145
f 1651 1055 358
f 1651 358 56
f 1 1651 56
f 1651 1 145
f 280 1651 145
f 39 1095 494
f 494 1095 1194
f 1194 1095 652
f 1095 262 652
f 262 1095 828
f 1662 39 1997
f 828 1662 1787
f 1662 1997 1787
f 1095 1662 828
f 1662 1095 39
f 12 542 470
f 12 1982 542
f 958 12 992
f 12 1896 992
f 1896 12 470
f 1194 1734 1461
f 1982 1734 1194
f 1734 958 1461
f 1734 12 958
f 12 1734 1982
f 1400 1037 297
f 1037 1400 507
f 792 1400 297
f 1400 792 507
f 214 414 1894
f 1894 414 674
f 1622 1275 1566
f 1566 1275 1186
f 1275 1361 1186
f 1409 1275 1394
f 1275 1409 1361
f 1275 209 1394
f 209 1275 1622
f 840 1055 1167
f 1667 840 1167
f 1055 840 358
f 840 1667 358
f 74 997 1595
f 1946 997 74
f 997 760 1595
f 997 656 760
f 997 1946 656
f 1732 214 1507
f 1102 1732 1507
f 1732 1102 850
f 776 1638 74
f 1638 990 74
f 1638 776 1461
f 1771 1638 1461
f 990 1638 1771
f 877 1949 350
f 1910 877 350
f 877 1910 56
f 1949 877 1590
f 1895 877 56
f 877 1895 1590
f 499 1869 887
f 1869 439 887
f 68 1869 499
f 887 956 166
f 956 396 166
f 956 23 396
f 719 1546 1776
f 664 719 1776
f 1546 719 1065
f 719 664 1065
f 591 1078 1558
f 1078 1107 1558
f 429 284 315
f 429 782 284
f 657 853 135
f 853 607 135
f 1750 222 1362
f 607 222 1750
f 112 3 660
f 743 27 397
f 27 926 397
f 27 743 733
f 27 733 1282
f 27 1282 1586
f 926 27 1586
f 490 1525 672
f 1525 926 1586
f 1604 1944 816
f 1944 1604 1630
f 1944 1707 816
f 1944 1630 1707
f 514 1604 804
f 514 4 1604
f 747 1289 490
f 3 1289 370
f 1669 4 695
f 1669 1925 4
f 1669 747 490
f 1925 1669 490
f 1962 1920 269
f 151 1962 269
f 1313 93 779
f 93 907 779
f 167 93 1313
f 93 167 907
f 273 774 370
f 307 406 1028
f 782 307 1028
f 406 232 1028
f 232 406 32
f 1842 232 32
f 232 1588 1028
f 232 1842 1588
f 700 133 902
f 133 307 902
f 307 133 406
f 32 133 1772
f 602 375 31
f 375 1188 31
f 605 375 602
f 605 1015 225
f 605 602 1015
f 605 225 1773
f 641 605 1773
f 1396 1868 1882
f 1396 1758 1868
f 1396 1882 805
f 583 1396 805
f 1396 583 1343
f 1758 1396 1343
f 144 1101 227
f 144 1124 1101
f 144 227 1494
f 1381 144 1494
f 1124 144 1381
f 277 1714 485
f 713 1714 277
f 485 1714 1259
f 1714 713 1635
f 1259 1714 380
f 1714 1635 380
f 241 189 235
f 241 746 189
f 789 241 235
f 137 241 789
f 746 241 846
f 1891 1469 189
f 189 1469 1606
f 1469 962 1606
f 962 955 198
f 955 485 198
f 955 277 485
f 955 1891 277
f 1991 1179 1167
f 1055 1991 1167
f 1179 1991 137
f 1651 1991 1055
f 1991 1651 280
f 9 1622 1566
f 414 9 674
f 9 414 214
f 437 9 1566
f 9 1189 674
f 9 437 1189
f 209 316 1394
f 1394 316 1267
f 316 1827 1267
f 209 1597 1479
f 1732 1597 214
f 1479 1597 850
f 1597 1732 850
f 439 1219 1527
f 1869 1219 439
f 1527 1219 1380
f 1219 68 1380
f 1219 1869 68
f 1879 439 23
f 956 1879 23
f 439 1879 887
f 1879 956 887
f 429 292 782
f 307 292 902
f 292 307 782
f 1333 700 902
f 700 1333 871
f 292 1333 902
f 1333 292 429
f 1333 429 315
f 1359 1333 315
f 871 1333 1359
f 1036 657 1592
f 1036 853 657
f 871 1721 370
f 1721 3 370
f 3 1721 660
f 1721 1359 660
f 1721 871 1359
f 175 919 841
f 919 3 112
f 1567 919 112
f 841 919 1567
f 1472 1525 1586
f 1525 1472 672
f 1917 1472 1586
f 672 1472 1917
f 1626 1377 490
f 1377 1525 490
f 1525 1377 926
f 926 1377 675
f 1086 1289 747
f 1086 1669 695
f 1669 1086 747
f 273 1086 695
f 1289 1086 370
f 1086 273 370
f 1955 514 804
f 495 1409 1267
f 1962 495 1984
f 495 151 1409
f 495 1962 151
f 1511 215 1955
f 1920 715 486
f 1962 715 1920
f 715 1962 1984
f 486 715 784
f 406 894 32
f 894 133 32
f 133 894 406
f 905 427 1208
f 427 905 1188
f 375 427 1188
f 943 280 846
f 241 943 846
f 943 241 137
f 1991 943 137
f 943 1991 280
f 1469 1478 962
f 1478 955 962
f 1478 1469 1891
f 955 1478 1891
f 60 209 1479
f 60 316 209
f 1827 60 1479
f 316 60 1827
f 1849 209 1622
f 1849 1597 209
f 1597 1849 214
f 1849 9 214
f 9 1849 1622
f 1157 1359 315
f 284 1157 315
f 50 931 222
f 222 931 1362
f 931 1605 1362
f 1605 931 1109
f 931 591 1109
f 1315 284 1107
f 1078 1315 1107
f 1766 919 175
f 1766 175 675
f 1377 1766 675
f 1766 1377 1626
f 919 417 3
f 417 1289 3
f 417 1766 1626
f 1766 417 919
f 417 1626 490
f 1289 417 490
f 1772 1171 800
f 988 495 1267
f 988 758 327
f 1339 1499 804
f 1499 1955 804
f 1499 1511 1955
f 1499 1339 200
f 1171 163 758
f 133 163 1772
f 163 1171 1772
f 758 1327 327
f 163 1327 758
f 215 766 1955
f 1955 766 514
f 4 766 164
f 514 766 4
f 273 637 774
f 164 637 695
f 637 273 695
f 766 637 164
f 637 766 215
f 1511 977 215
f 1327 977 327
f 977 1327 215
f 1401 641 1208
f 427 1401 1208
f 1401 605 641
f 605 1401 375
f 1401 427 375
f 1036 237 853
f 1376 237 1036
f 431 1005 660
f 533 1036 1592
f 533 1376 1036
f 533 431 1376
f 431 533 1005
f 424 533 1592
f 533 424 320
f 533 320 112
f 1005 533 112
f 520 931 50
f 1315 520 50
f 520 1315 1078
f 520 1078 591
f 931 520 591
f 971 810 800
f 1171 971 800
f 810 971 210
f 1419 1171 758
f 988 1419 758
f 1419 971 1171
f 971 1419 210
f 210 1419 1267
f 1419 988 1267
f 495 1043 1984
f 700 1209 697
f 774 1209 700
f 1327 1192 215
f 1192 1327 163
f 1192 637 215
f 637 1192 774
f 1192 1209 774
f 1085 1783 1402
f 1402 1783 1521
f 1783 2000 1521
f 853 682 607
f 237 682 853
f 682 222 607
f 682 50 222
f 682 237 1376
f 682 105 50
f 105 431 660
f 431 105 1376
f 105 682 1376
f 1359 105 660
f 1157 105 1359
f 969 977 1511
f 1043 276 1984
f 715 276 784
f 276 715 1984
f 988 1700 495
f 1700 1043 495
f 1700 1796 1043
f 1700 988 327
f 1209 230 697
f 230 700 697
f 230 1192 163
f 1192 230 1209
f 230 133 700
f 230 163 133
f 1499 426 1511
f 426 1783 1511
f 426 1499 200
f 2000 426 200
f 1783 426 2000
f 105 425 50
f 425 105 1157
f 425 1315 50
f 425 1157 284
f 1315 425 284
f 977 1356 327
f 969 1356 977
f 1356 1700 327
f 1700 1356 1796
f 1796 63 1043
f 63 276 1043
f 1356 63 1796
f 63 969 1511
f 63 1356 969
f 835 1783 1085
f 1783 835 1511
f 835 63 1511
f 276 1851 784
f 63 1851 276
f 835 1851 63
f 1851 474 784
f 474 110 784
f 474 835 1085
f 474 1851 835
f 110 474 1402
f 474 1085 1402
o Cracks
