# Cyvl Generated CAD Model
o Street_Mesh
v -11.12982796493452 6.101158888079226 0.0
v -9.220912763499655 -0.778087368234992 0.0
v 5.700068561243825 -4.698978988453746 0.0
v 9.951929646660574 -8.448865009471774 0.0
v 0.19647390738828108 -11.836472935043275 0.0
v 0.3885601854417473 -7.259679017588496 0.0
v -4.457014582876582 -3.4877132484689355 0.0
v -8.32918742595939 11.092875857837498 0.0
v -9.002633030875586 3.3637144714593887 0.0
v 0.7801755707478151 11.956524459645152 0.0
v 13.595647610840388 -2.9650119710713625 0.0
v -14.64307796471985 -6.23640850186348 0.0
v -1.370957799430471 6.842831761576235 0.0
v 10.978631379024591 -3.2504247687757015 0.0
v -11.649630675034132 -13.71424067299813 0.0
v -0.688443188846577 14.898530684411526 0.0
v 7.0935215196805075 6.786590994335711 0.0
v 12.17842909815954 -13.971388122998178 0.0
v -13.795709569298197 -14.663864283822477 0.0
v 14.754641046922188 6.611262054182589 0.0
v -12.879737917450257 13.786168182268739 0.0
v -7.044597592786886 2.9206832479685545 0.0
v -0.1097600627108477 10.569007338024676 0.0
v 8.983889897179324 -13.09783324226737 0.0
v 1.597049415751826 3.3549942560493946 0.0
v -6.5630701807676814 3.5889514507725835 0.0
v -5.732276044844184 2.22412122040987 0.0
v -11.040565597824752 11.678208689205348 0.0
v 0.9238641286501661 6.608088398352265 0.0
v 10.603557836904656 10.60564115550369 0.0
v 8.740218273247592 -14.77883449755609 0.0
v 9.683471347379964 11.655207461677492 0.0
v 2.440537785703782 -3.2583019034937024 0.0
v 13.159764684096444 0.7860177299007773 0.0
v 9.263858176127542 4.762957496568561 0.0
v -12.137167394626886 3.0829463750123978 0.0
v -12.654139699356165 -2.430826404131949 0.0
v -2.7839202669565566 -1.8743672287091613 0.0
v 8.132771272270475 -7.536055980250239 0.0
v -1.0456089934450574 -0.8248325530439615 0.0
v 14.769591923628468 -6.734488729387522 0.0
v -10.3947262862348 11.317154391668737 0.0
v -12.408947445976082 -10.338548706844449 0.0
v -8.798041426343843 10.718807657249272 0.0
v -6.4341204624506645 7.472783316858113 0.0
v -4.087459780916106 -9.670091656036675 0.0
v -9.192172618408222 3.654594650492072 0.0
v 7.978140188381076 11.44665200728923 0.0
v 4.028271137794945 -8.079818209633231 0.0
v -0.005892800283618271 7.755491403862834 0.0
v -4.894766462559346 11.772236033342779 0.0
v 12.074356253724545 8.383847349323332 0.0
v 7.551865172281396 4.724993706680834 0.0
v -6.598258703423198 8.669507820159197 0.0
v 13.592215509386733 -14.72689060959965 0.0
v 10.441749326710124 11.066786984913051 0.0
v 8.636515322083142 -0.5915671484544873 0.0
v -7.21063562046038 2.0735326623544097 0.0
v -11.81574331887532 14.235293458215892 0.0
v -5.865643466240726 5.605360543355346 0.0
v 11.420682228635997 5.160536697134376 0.0
v -14.340733441466 12.858978581614792 0.0
v 7.549565535329748 4.207395672798157 0.0
v 14.151530744391493 0.3425332857295871 0.0
v -10.122194295807276 -1.7425071150064468 0.0
v 1.6335615366115235 14.105498631484807 0.0
v 10.90755887812702 14.381795211695135 0.0
v -0.5244045454310253 4.219831983558834 0.0
v -14.354329466237687 12.056935895234346 0.0
v 14.400015977676958 -14.765856760554016 0.0
v 0.054759430000558496 -2.554980518296361 0.0
v -12.06346423109062 4.120419035665691 0.0
v -1.5238624204066582 9.55955611076206 0.0
v 14.04188812704524 14.3223796794191 0.0
v 14.165176588110626 10.34814868774265 0.0
v -4.607963466725778 -11.420955188572407 0.0
v 8.921095070021693 6.40917559992522 0.0
v -9.850462706934195 4.5678752567619085 0.0
v -10.087542259891052 -13.485282118432224 0.0
v 7.230413538345601 -1.3505920013412833 0.0
v 10.366529115650337 -12.156477452255785 0.0
v 12.345121713588014 -0.6065971907228231 0.0
v -14.871463260496967 4.5415747771039605 0.0
v -4.0986890431377105 -2.2413899498060346 0.0
v -3.138496045197826 8.210461899638176 0.0
v 3.014047121803742 -6.529131554998457 0.0
v -7.085708838363644 2.9254638040438294 0.0
v 7.861028696876019 14.122276145033538 0.0
v 8.221916015958413 -5.380454080179334 0.0
v 10.044577174994629 12.259733006358147 0.0
v 13.98782522365218 13.991395140998065 0.0
v 12.627717324590776 -4.270237621851265 0.0
v 9.441317879129201 4.623797315172851 0.0
v 0.656519110139925 -14.484023292548954 0.0
v -7.249727796646766 7.725949319079518 0.0
v 7.561964467400685 2.5667132157832384 0.0
v -11.712325960630551 -12.643419332802296 0.0
v 13.407220858265646 10.28961103130132 0.0
v -6.583878079603892 -10.193622556515038 0.0
v 4.9803333261515945 10.527205381542444 0.0
v 4.324318817059975 12.729489608667791 0.0
v 5.158624501898885 6.3203201945871115 0.0
v 3.2763854496879503 -5.440354820340872 0.0
v -9.984905233839527 4.159644601866603 0.0
v 1.0108114457689226 -8.482915231026709 0.0
v 0.7062102911295369 -11.987018932588398 0.0
v 10.07893618894741 -9.018006111495197 0.0
v 10.425703378219623 0.9085928481072187 0.0
v -7.269965716463048 -1.8818680522963405 0.0
v 14.434534267289564 -9.307350791059434 0.0
v 4.443617190641817 -4.020599658600986 0.0
v 3.61950032209279 13.497999396175146 0.0
v -12.928402003075462 4.897018217481673 0.0
v 9.371971761574969 12.100776290521026 0.0
v -3.6626219808822498 -11.146327066235244 0.0
v 12.669122163264547 14.863382175564766 0.0
v 9.123270063719247 9.819117764011025 0.0
v -7.221154384431429 3.4678050130605698 0.0
v -12.348170500132255 -11.874110830947757 0.0
v 7.409118672483601 9.751337554305792 0.0
v 5.4255123371840455 -12.488798980601132 0.0
v 7.780084375990555 -8.475281096063554 0.0
v 14.367226946749724 -10.45067614223808 0.0
v 12.125257763953414 11.849142315797508 0.0
v -1.4884615794289857 6.901704838499427 0.0
v 11.334644491318613 10.638809823431075 0.0
v 8.107903682277538 -12.908605627715588 0.0
v -2.677791736263316 -14.822090067900717 0.0
v 1.8355356049723923 -1.685040914453566 0.0
v 0.9790263801114634 11.728587597608566 0.0
v 0.17227708862628788 10.829126063734293 0.0
v -4.850198343861848 14.615278099663556 0.0
v 7.697609442344401 13.46831536386162 0.0
v 0.36352597805671394 5.300333351828158 0.0
v 6.922721537062898 -11.740515088662505 0.0
v -7.154101857042406 -7.959411141462624 0.0
v 7.510867486242205 8.268360095098615 0.0
v 6.335279403137974 -5.418264331296086 0.0
v 6.049381742137484 -14.250139815732837 0.0
v 14.720867915661074 -13.940894783474505 0.0
v 6.010989805916324 -7.500984810292721 0.0
v -13.217896914458834 8.427318431437016 0.0
v 7.872713703138288 -11.820986670441926 0.0
v -10.259647304890677 -8.124832776375115 0.0
v 4.568288012582343 11.87730104662478 0.0
v 9.812778919993434 5.828103868290782 0.0
v -14.013467213371769 -10.576253645122051 0.0
v 9.175443884101696 -8.021257739514112 0.0
v 9.697871955460869 -3.986723992973566 0.0
v 12.81862404133426 -9.691504726186395 0.0
v -8.967020591779146 -9.06642176862806 0.0
v 14.163487962970976 7.8671880550682545 0.0
v -9.370553468703292 12.556603108532727 0.0
v -10.589257414569147 7.195422830060124 0.0
v -9.279446774511598 13.288834701292217 0.0
v 3.27281711663818 -7.937670623883605 0.0
v 2.1707447560620494 13.462741882540286 0.0
v -14.334445800923277 8.366028247401118 0.0
v 13.95770981052192 -6.7124529937282205 0.0
v -0.6397664264659397 2.749809301458299 0.0
v 9.796976383775473 10.529865939170122 0.0
v -2.0050549436709844 5.927732532843947 0.0
v 14.960760273679625 3.618925688788295 0.0
v 10.662285763421096 -2.839453248307109 0.0
v 12.361594355024863 -2.5159153817221522 0.0
v -10.040135982038919 -10.113352580927312 0.0
v 1.9894861440407112 6.79639754164964 0.0
v 12.77058595197741 -2.243185921572149 0.0
v -1.6199821126647294 0.42980816308408976 0.0
v -11.466659490426537 -3.3275316413491964 0.0
v 11.394262751564384 -6.069149510934949 0.0
v 3.7215040688752197 9.103872871026397 0.0
v 6.579929286963306 -8.74222778249532 0.0
v 12.344894140202086 3.4794811317697167 0.0
v 3.790135046991054 -4.754534606821835 0.0
v -11.681630412465893 -8.631043852306902 0.0
v 8.733533857681323 8.661679556593299 0.0
v 6.8433245529886335 -11.41766968369484 0.0
v 14.695929176989011 -10.616209452971816 0.0
v -7.361504231637809 -8.578005135059357 0.0
v -11.99713122373214 5.270868714898825 0.0
v 12.265567859751172 7.661227238364518 0.0
v -2.700314194196835 -6.78376292064786 0.0
v 3.9629343111882918 -4.03282868117094 0.0
v -8.484830547240563 -2.96556129027158 0.0
v -11.99849711661227 -1.43465696554631 0.0
v 8.849868437857367 -14.140676697716117 0.0
v 0.21186462428886443 -5.83247965015471 0.0
v -1.575123909569811 -0.4107268862426281 0.0
v 14.012328702316154 3.1519966572523117 0.0
v 10.512647849449422 -3.703682624734938 0.0
v 1.1826300039538182 13.642829898744822 0.0
v -1.2657301183207892 6.410210463218391 0.0
v 6.880255243275315 4.39762610476464 0.0
v 9.524319288029801 3.1876045214012265 0.0
v -6.343558038002811 -2.697974727489054 0.0
v 0.38911760394694284 -2.3780311439186335 0.0
v 12.693618073302787 0.21522715780884027 0.0
v -2.560898970114067 -10.20924894604832 0.0
v -13.789101237256546 14.452677985653281 0.0
v 11.246507164672948 11.68654375243932 0.0
v -2.0127148423343897 -9.303078996948898 0.0
v -12.481495810905471 -12.712624628096819 0.0
v -3.6822991613298655 -4.340353617444634 0.0
v 6.472097764897626 -8.626140175387263 0.0
v 11.437344551435672 -1.8709024526178837 0.0
v 10.132157595187891 -11.017379557713866 0.0
v 4.323831711662933 -14.741383994929492 0.0
v 6.604955141607206 5.417732503265142 0.0
v -12.15537771419622 12.1446702927351 0.0
v 10.925976394093595 11.590619128197432 0.0
v -5.570536720450036 -11.403059532865882 0.0
v -12.95473059383221 -9.402174120768905 0.0
v -2.229983663535677 -11.190023548901081 0.0
v -5.582705682783853 -1.1956295436248183 0.0
v -12.753394538187422 12.806935190223157 0.0
v -0.2253683161106892 1.300810736604035 0.0
v -8.917262562434189 -10.19050180260092 0.0
v 3.1512603488517925 7.461267760954797 0.0
v 10.21824496256886 -2.9626701595261693 0.0
v -2.9424977826420218 -12.313320776447654 0.0
v 2.387356030929368 -2.991529507562518 0.0
v -13.912261838035192 5.50472947396338 0.0
v 0.23694313364103436 9.58687028568238 0.0
v 13.403623064048588 9.962358325719833 0.0
v 6.240779646788724 6.425126653164625 0.0
v 4.138075367198326 -10.7644212115556 0.0
v 6.400735933915712 11.909796020016074 0.0
v 2.1444666504394263 -5.4692622777074575 0.0
v 14.768721220723819 14.491968881338835 0.0
v 13.916416277177632 9.881194364279509 0.0
v -6.389984330337029 -10.633641926571727 0.0
v 10.249110270582605 1.9330455996096134 0.0
v -10.623621419945266 4.083613877184689 0.0
v 1.1812397383037023 -10.179390016011894 0.0
v 7.005464685265906 -14.0290137976408 0.0
v -10.739211145672016 -9.821033855900168 0.0
v 9.248641563230194 3.8820104617625475 0.0
v -0.5073576281429268 -13.23262035753578 0.0
v -5.12095149414381 0.8545381892472506 0.0
v 11.35938409389928 -13.208212306722999 0.0
v 9.614033010788262 12.161463406868279 0.0
v -8.258788743929472 2.6784650394693017 0.0
v 4.823440478765406 -9.867434494197369 0.0
v -2.0563175892457366 1.1318039940670133 0.0
v 7.917041315929964 -4.670576836913824 0.0
v -13.78881557576824 10.61274064425379 0.0
v 5.32809282845119 5.956869191490114 0.0
v -6.342800323909614 2.1952211568132043 0.0
v -13.39310983143514 10.18875314667821 0.0
v 3.9013849868788384 -4.613844824023545 0.0
v 0.7383923203451559 12.736719304695725 0.0
v 13.470563081500586 -6.402197420597076 0.0
v -10.651918891468085 -14.513471017591655 0.0
v 3.0706314209965058 -3.3881850633770227 0.0
v -13.193578745878767 -7.4328852025792 0.0
v -6.923988675291184 0.39027180057018995 0.0
v -4.949625847802963 9.115543368272483 0.0
v -5.424589488946367 -14.675739687867463 0.0
v -5.754054103803355 2.2016133619472384 0.0
v 1.1473587969085202 -11.320718567818403 0.0
v -8.470305184542667 4.6945881536230445 0.0
v 9.239027090137824 10.734652780927718 0.0
v 7.7516226441948675 -9.91703809145838 0.0
v -11.437876605719794 -0.756704069674015 0.0
v 7.248943928047083 8.958005540072918 0.0
v -10.333830928721 -10.950158705934882 0.0
v -9.363030579406768 5.970041346736252 0.0
v -6.155287502158899 -3.7973329490050673 0.0
v 13.071032500301953 10.562341875396669 0.0
v -5.993221312877722 -2.5841494062915444 0.0
v -10.3692394606187 1.2877966100350022 0.0
v -3.128456690348685 7.529363565146923 0.0
v 1.3760277454275638 10.858105761930346 0.0
v -0.4826917771715671 2.0835009310394526 0.0
v 5.814888715627603 14.02180025074631 0.0
v -4.932673758768942 5.343931931070983 0.0
v -0.7201809402322397 10.600157936103642 0.0
v 12.137613410595804 -4.2610114784911275 0.0
v -14.649788575887214 10.685128123499453 0.0
v 11.034295145596843 10.044150657951832 0.0
v -9.665422435384244 -12.570843138732016 0.0
v -5.234712578647304 -4.539478295482695 0.0
v 12.647125718882307 -9.907007656991482 0.0
v -4.981659881188534 5.252526152879 0.0
v 10.009837952558883 -12.21246227901429 0.0
v -14.643502705846913 12.10191392712295 0.0
v -13.32488908956293 9.756341716274619 0.0
v 12.528148765850347 8.340416696853936 0.0
v 12.601072353601921 -6.597172142006457 0.0
v -7.26064543024404 -11.424698682501912 0.0
v 2.667706863489002 4.2082525454461575 0.0
v -2.316713448264636 14.445393268950284 0.0
v 14.695000393607188 -1.6217626687139273 0.0
v -4.6558413077145815 2.5867516277357936 0.0
v 10.755055809684563 1.0926865208894014 0.0
v -12.363137914217077 11.159960372373462 0.0
v 11.035495995369274 10.334857065230608 0.0
v -10.270782032806892 3.377719797194004 0.0
v 6.400333516590763 14.853130894713104 0.0
v -3.7919081257423386 6.344855949282646 0.0
v -8.49380243232008 -3.6433016285300255 0.0
v 10.006146630796138 -10.984063954092562 0.0
v -6.647028670297004 -10.164060608483851 0.0
v 9.049965341982897 -7.973592318594456 0.0
v 10.330624635971617 -10.095504854805768 0.0
v -5.93267034040764 -14.45141372922808 0.0
v -6.270438198000193 -1.418175932019949 0.0
v -8.724810446437914 6.241198547184467 0.0
v 8.08036301570246 -0.021337786689400673 0.0
v -0.6316608277265914 -0.05011051148176193 0.0
v 1.4382941073854454 14.152213800698519 0.0
v 2.8807916760561056 -10.618773253634572 0.0
v -3.618375003687106 4.649906393140554 0.0
v 0.9265912105329335 -7.431123117916286 0.0
v -3.326551311532967 0.03485661279410124 0.0
v 2.000777745503001 8.52266423497349 0.0
v 9.531817330571357 -14.413012725301087 0.0
v 6.639598988578655 -13.179449053481221 0.0
v -3.1896328078000806 -12.722207389771938 0.0
v 14.331680170958862 -12.992871101014316 0.0
v 4.066802915418521 13.249959111213684 0.0
v -12.640960875083692 -7.235532257705927 0.0
v -6.914870508131571 -6.496197426691651 0.0
v -4.835672404442448 -4.015508036129177 0.0
v 11.937334682850633 3.2283342806622386 0.0
v 14.12566723371856 6.303446101024747 0.0
v -9.58240594388917 -1.2421700218692422 0.0
v -3.825281743891537 -2.030351184308529 0.0
v -1.4421435293043032 10.24673118069768 0.0
v -11.451143175247125 -7.852705878205597 0.0
v -7.016226362204179 0.5319392560049891 0.0
v -9.97816107532708 -5.40113340690732 0.0
v -4.730885543569457 12.93203772045672 0.0
v 4.200915589928627 -6.717296235263348 0.0
v 13.32367225229973 10.775475274771452 0.0
v -6.933729009411763 -14.180920491926372 0.0
v -11.482673358987086 -9.549362126737833 0.0
v -14.042282515321858 -11.486552337184548 0.0
v 13.12253751407843 -9.721868298947811 0.0
v -13.34829840780003 -10.68450998980552 0.0
v -6.813486374972854 7.863448671065271 0.0
v 10.282331648049876 -10.892092280089855 0.0
v -12.64014463458443 14.130643361248076 0.0
v -11.683333282649983 -7.016703763045371 0.0
v 8.464331939758267 9.403169451281428 0.0
v 0.008345057081896812 -5.584795559756458 0.0
v 13.522512120835017 10.996025275439024 0.0
v -7.225463176553603 -6.534732004627585 0.0
v 7.944481362297665 0.0956095727160573 0.0
v -5.400996210926678 1.9299681363627315 0.0
v -12.312764798523858 -4.55022603366524 0.0
v -7.475101210933644 -11.83252077922225 0.0
v -5.008809274528176 11.156563881784678 0.0
v 5.672348266118206 -0.46512845903635025 0.0
v 11.364781297103036 7.8676971066743135 0.0
v 14.375170491694007 13.245597975328565 0.0
v -12.077886534447316 -10.075730380602181 0.0
v 4.941721811715979 5.566391681320965 0.0
v 10.350603629660327 7.938713904470205 0.0
v -13.778513824567199 11.258230834268034 0.0
v -1.588062163151335 9.137097781524062 0.0
v -3.1251853803987615 9.298778274096549 0.0
v -7.371340707410127 10.566799021326005 0.0
v 1.1419407786452211 -4.9214255744591355 0.0
v 4.256798692862503 -10.260703482665122 0.0
v -13.762320677749813 11.124210194684565 0.0
v 2.3982938956469297 -12.43254719581455 0.0
v 10.208976663881913 -1.6343470551073551 0.0
v -12.766281195625197 -6.445558461360633 0.0
v 4.855747110501397 -10.887936788611114 0.0
v -4.311538131383713 9.886165843345225 0.0
v -5.862882431305479 -11.367597283795476 0.0
v 9.44095070817275 -2.8882909500971437 0.0
v 12.819319312402513 -13.529233156703413 0.0
v -3.884952708147466 13.451092267408967 0.0
v 4.638265212881379 -6.716292892582715 0.0
v 6.481178121932317 -10.434298323467374 0.0
v 4.940366359835025 12.790265182033181 0.0
v -5.4397976160398684 -9.329025984741747 0.0
v -13.392060121463146 -6.334743794053793 0.0
v -7.535598927352112 13.42991098947823 0.0
v 14.490287458582316 -13.511203840374947 0.0
v -1.8344390733982436 -6.535835578106344 0.0
v -11.19574338424718 1.82113067060709 0.0
v -13.753002372803167 7.062837126664817 0.0
v 12.797971841646358 -10.337210749275982 0.0
v 10.844316597271245 13.005899430252612 0.0
v 0.04236727667739615 7.842582996934652 0.0
v -4.70230089686811 14.64948602952063 0.0
v 12.399265997170005 14.212088319472969 0.0
v 6.985024415364023 -11.832710678689182 0.0
v 14.00167571316706 9.688057036139071 0.0
v -3.819494998839218 -2.6168867284432054 0.0
v -1.5542343691922724 -3.560292122885585 0.0
v -12.350620748125948 8.617186076007783 0.0
v -12.401702471426688 -7.1244368478655815 0.0
v 2.6887373678036965 -7.4394666366279125 0.0
v 1.916309965599794 -6.429702712222934 0.0
v -9.0338552663452 10.57398361992091 0.0
v -5.070003144268412 -5.006762063130736 0.0
v -7.308693289174698 -4.427905088290572 0.0
v -8.471868545049801 -14.867084206081927 0.0
v -12.201547628967091 11.980782516300678 0.0
v -1.8885968487011269 6.586788411252201 0.0
v -13.560103733849246 -1.1832801885902882 0.0
v 2.220822989300359 3.2527810418978333 0.0
v -9.116244256612845 12.03287907037884 0.0
v 2.880416991945822 11.153515704907477 0.0
v -0.865885321632959 1.2477943524718285 0.0
v 7.777688929985743 3.152521427720785 0.0
v -2.6850062106968835 8.243762206286192 0.0
v 14.151122473354917 0.31041437573730946 0.0
v -3.9591152295470238 -2.155314341187477 0.0
v -10.682315020821989 5.930491073988378 0.0
v 12.540189305262174 -9.609052780084312 0.0
v -8.121201419271529 -3.2139828093349934 0.0
v -9.939892223395873 -2.6767095420509577 0.0
v -4.948274584661704 -9.79716513864696 0.0
v 0.9744565985165536 -11.296406541019678 0.0
v 3.307896355923731 8.67295123077929 0.0
v 9.181152067438234 -1.9029273120686412 0.0
v 7.7087231547920965 -7.591681156307459 0.0
v 5.40101960406173 -12.28396278154105 0.0
v 11.17980829620501 9.808448385447264 0.0
v 12.506505035969894 14.671020806767046 0.0
v -0.972557405475527 12.545639095827937 0.0
v 13.084886306955013 14.351781875826418 0.0
v -7.613829422101844 2.2025612434372306 0.0
v -1.3175241955905221 6.534034924581647 0.0
v 0.5107141204061918 -13.336882079951465 0.0
v 4.983783684379887 6.397069567814469 0.0
v 11.83679341309471 14.138485298492014 0.0
v -14.947110332723241 -13.06111981254071 0.0
v 9.971347826591227 -11.81579012144357 0.0
v -3.5066071955952793 -4.878308315761387 0.0
v 4.506131833884865 3.685572880320251 0.0
v -11.320819151296746 11.635550594888628 0.0
v -2.593863752146717 14.663059520535171 0.0
v 2.7068476484855637 -12.897247995249927 0.0
v -8.24121228052536 8.361981735564768 0.0
v 4.287073894927744 12.812114004045725 0.0
v -0.7813993814052083 0.8826507776975632 0.0
v 9.950669815880246 -8.03856573626399 0.0
v 14.669402666389942 14.110259368084371 0.0
v 11.40274223627057 12.034488090313971 0.0
v -4.074150504369754 -3.1046493044123054 0.0
v 9.25437559816055 -2.0385357653722167 0.0
v 8.791427866439335 -0.7863481771200895 0.0
v 13.412406708637718 -3.802651349455118 0.0
v 10.52024484454887 -10.741144052706659 0.0
v 9.493372647790238 3.398174903355539 0.0
v 10.048961762047838 0.45610863622277975 0.0
v -6.442180209851358 -14.010758039541543 0.0
v -6.0111636212677695 -14.909935067407787 0.0
v 2.6043821906205267 14.323990079574287 0.0
v 10.245661743858363 0.9532480482012033 0.0
v 9.334132370597217 -13.392073174007237 0.0
v -6.475488526048139 0.33462344855070114 0.0
v -0.6876431980053894 -4.89844844955951 0.0
v 6.753484574670438 -1.5872323932126164 0.0
v -11.22712694882648 -13.395154009573162 0.0
v 8.44271839648718 -8.875621918588877 0.0
v 10.47558066988131 4.318187207914889 0.0
v 11.709550233383197 4.452635890804231 0.0
v 13.5681154896738 -13.874931324273348 0.0
v 8.057770025334321 -7.0652480171993375 0.0
v 5.864899697713554 -2.78719749301672 0.0
v -0.9129981964942999 -10.705431844107807 0.0
v 7.625186837511137 0.5019957618787885 0.0
v -13.860563520807773 7.956175332888961 0.0
v 8.103371795266867 -10.91253206692636 0.0
v 14.772249961970374 -14.930044053122401 0.0
v -9.965711971570272 -3.696471423842013 0.0
v -14.562698535213713 -10.363519645296037 0.0
v 6.66915228421567 1.1651931814849377 0.0
v -4.437713491206523 2.7989538004621863 0.0
v -10.434584779490251 -2.7256083069369197 0.0
v 3.0857456698431633 -9.982803279533982 0.0
v 2.393779028323479 -2.9185815742239356 0.0
v 12.594857079733629 14.740463320165873 0.0
v -5.716493701795116 -2.9444404216483235 0.0
v 4.034385135921184 -9.935445713810623 0.0
v 8.645335852284916 -6.454995254985988 0.0
v 7.9056398462853394 -13.222232959233224 0.0
v 12.346412929531652 -13.72135689202696 0.0
v 8.53910832683323 7.888802204281092 0.0
v -0.6755471641663462 -14.636591685004532 0.0
v -11.700382543029264 0.7125961473211646 0.0
v 9.06896435742965 4.805465334095061 0.0
v 8.929003027500585 -14.136985033750534 0.0
v 7.237471695698332 -11.687241597101092 0.0
v 10.047582235652953 -11.0330252321437 0.0
v 8.107574889843818 6.497247786261141 0.0
v 12.006173148867674 1.4801223017275333 0.0
v -11.624078531865962 -7.223493973724544 0.0
v -11.705280093767215 7.851618509739637 0.0
v 3.223598520795349 0.34386598505079746 0.0
v -9.77501288469648 -7.081432923674583 0.0
v 10.710944301565178 -1.0269965156912804 0.0
v -0.14884115650784224 4.440642483532429 0.0
v 11.414846383035183 -14.472398261539638 0.0
v 8.588739989325404 -13.848956175148487 0.0
v 12.661177648347802 -7.115653747692704 0.0
v 14.26153527124552 -5.801256864331663 0.0
v -1.5569948012125678 11.059042274020612 0.0
v -14.855159914004616 7.604592822492123 0.0
v 7.322725995269138 -4.338973223231733 0.0
v -9.66945997287985 1.5107929315418005 0.0
v 9.023572485195473 -0.061133637093007565 0.0
v -3.3244843391003087 -9.614919410087168 0.0
v 13.789250431815162 -0.31196963507682085 0.0
v 6.9226018929621205 -11.808184714056551 0.0
v -11.101134831144009 -2.6705382876098156 0.0
v 1.2204157116939314 6.616649029776454 0.0
v -10.669163400831167 -7.507470570504665 0.0
v -10.948445917107165 11.70408601500094 0.0
v 4.011186461721081 1.7417404521256685 0.0
v 13.470372555020731 11.166828595101833 0.0
v -13.697981137549505 -7.328204894438386 0.0
v 10.954360518371686 -0.5751436818391085 0.0
v -5.262781529338099 -10.024813716299832 0.0
v -6.734273165289778 7.213477689772844 0.0
v 9.7824427477899 -6.112870973534882 0.0
v -4.6820490781683475 6.904085245914757 0.0
v 6.915587546245661 -0.8171903900802135 0.0
v -7.280693763284944 -6.025589993223548 0.0
v -1.621043416147586 10.076426136307418 0.0
v 1.1908769854926504 -14.594606961123645 0.0
v 9.11588951741578 11.007439624518156 0.0
v 6.910213433904573 -11.223904528655112 0.0
v 6.984815324656665 13.562294380739331 0.0
v -4.6292361312080175 -12.227784094400704 0.0
v -12.834380838030484 -11.72266320232302 0.0
v 8.024660799303092 -3.494427567347884 0.0
v -9.188936819613446 4.269707982428372 0.0
v 4.844662158167921 -4.38110189512372 0.0
v -11.408637138316408 -11.312796741724014 0.0
v -8.753245863947086 0.3378297220915556 0.0
v 10.89626744139241 -8.183271074667573 0.0
v -5.377291449753102 12.331957256421447 0.0
v 9.921905001392588 -9.152650596573949 0.0
v 4.645563466416206 -9.982326564379036 0.0
v 12.713694689387921 9.14726678840816 0.0
v 1.0013286086032167 9.104584090411663 0.0
v 2.6838124786154367 10.977209065109491 0.0
v 2.264309038990177 10.65468944516033 0.0
v -2.088088850490749 0.5930218109861016 0.0
v -10.466729549167212 -10.621089359745383 0.0
v 3.2488645407138392 -4.641053239814937 0.0
v -8.916638354363386 -11.793254360556602 0.0
v 7.127533501770813 -10.171748811379075 0.0
v 13.90648516669171 6.654677785933018 0.0
v -11.602432464656886 -3.0372195346280932 0.0
v -1.9951178071205504 -10.374936304055154 0.0
v 9.920423973409925 3.276486797258258 0.0
v 2.297307626286056 -4.361261172220111 0.0
v 5.3665890047559515 2.9839565278962255 0.0
v 6.351651446253527 13.484510332345963 0.0
v -14.55816431628773 -2.0895486986264586 0.0
v 14.37369431235129 -4.160676896572113 0.0
v 0.3299381015240215 5.381892607547343 0.0
v 10.205637156206649 6.136189890094101 0.0
v 1.7102797140250914 -3.3507049921900034 0.0
v 12.743101202649996 11.996567792259157 0.0
v 7.755059261398856 2.366073747165501 0.0
v -1.6259032653761096 -6.038161439821124 0.0
v 10.31996300641913 10.17978848516941 0.0
v -14.490961612318642 -10.684820554219186 0.0
v -10.535639582260046 9.496025444939733 0.0
v 10.953909444680903 -5.877251643687487 0.0
v 12.260271223844029 -12.063903987407684 0.0
v 12.698618554335553 2.03462693374604 0.0
v -3.6690086648450233 -1.9363148855045438 0.0
v -5.719924634497147 -11.625577039085329 0.0
v 14.029893813887611 -11.040410921908915 0.0
v 9.112101071106736 -6.71436024364084 0.0
v -6.204827512265183 4.052423021756113 0.0
v -0.1806019905488938 -8.141855899244547 0.0
v -1.0572266792296432 7.047938986681402 0.0
v -5.279084014764521 8.204836696386337 0.0
v 1.6145246140658855 -7.430531064979732 0.0
v 12.07537635526387 11.754556257277727 0.0
v 13.126826178049669 1.9347061617299914 0.0
v -5.54188091045944 6.340837746858597 0.0
v 0.8945808161515743 -6.712549423798919 0.0
v -13.561512689106166 -12.143783129751682 0.0
v -12.849329561577179 5.3208748530596495 0.0
v -3.851797521521803 -8.248534565791488 0.0
v 0.7278356189490296 -13.765651127323508 0.0
v -12.442150189774111 -8.362064368091524 0.0
v -6.183600145857781 0.07301010750234127 0.0
v -5.222132303460967 11.400188320316374 0.0
v 1.276523198815994 -14.419594872742891 0.0
v -4.671745672414545 -0.9135114559903741 0.0
v 11.443113222136162 -11.05755761731416 0.0
v 6.7064992770319805 7.998209864832461 0.0
v -4.853617860528175 -3.6141829919070005 0.0
v -7.569137098733336 -12.306729594245553 0.0
v -4.345352353353519 6.609643828123808 0.0
v 10.29071555507835 -1.9342203121632338 0.0
v 2.9532220576656982 8.459405549801886 0.0
v 0.7953601629124023 -6.470536125823855 0.0
v -7.947164279699791 14.063757499679923 0.0
v -13.723835970100481 -13.644791615195572 0.0
v -7.511604239873122 9.833561341278255 0.0
v 1.567444698070176 6.520119183696806 0.0
v 3.6704554699826986 12.461730281822383 0.0
v -11.56039181916276 -14.91623023711145 0.0
v 3.929290057392791 -3.211197691038251 0.0
v 6.20810619124677 -8.303292972035706 0.0
v -3.929817350115627 0.10560185741633177 0.0
v -0.8056758383172564 5.332211202010512 0.0
v -13.485968803986907 14.079012946225703 0.0
v 9.670707957702689 0.36899243481457233 0.0
v -7.88978314056294 -2.356738591566682 0.0
v -1.931845685641747 11.230158418416977 0.0
v 3.536014770681504 -2.606386987492442 0.0
v -12.755772293021437 -8.76783971954137 0.0
v 5.0730352060636505 7.284159273840487 0.0
v 5.06568323483225 5.83310014475137 0.0
v -3.356898062862456 9.057737099938095 0.0
v -0.7719586445600726 11.957443197257817 0.0
v 7.674308604153339 -6.446261366829276 0.0
v 11.969761220912915 6.151573897339404 0.0
v -9.021411258727312 -1.4859439544379711 0.0
v 13.813708184403367 -12.364494364708662 0.0
v -0.6874692955752835 7.201767140999436 0.0
v -7.548491644964088 0.4161517955362797 0.0
v -4.672617810254451 5.2312219543382525 0.0
v 7.759696186229121 -13.824471984058619 0.0
v 4.67924853117438 2.1424830332398415 0.0
v 14.07732432166813 -4.276835894212127 0.0
v 9.221944300399628 -2.116007871925831 0.0
v 0.6429673673119396 7.7843687469139695 0.0
v -1.6867897951742634 8.42536026518792 0.0
v 8.565356993465684 -3.3676953399553895 0.0
v 12.232542395649944 -12.399441624991596 0.0
v 6.05801576905651 10.776466086506844 0.0
v -0.47348227503243834 -1.6181435463950038 0.0
v -0.9547205202979967 -6.660036378540099 0.0
v 1.014610534592066 -1.5297663370147347 0.0
v 13.390364205697551 -6.981231488287449 0.0
v 0.6463212320813909 -7.141586355865002 0.0
v 5.5280269114882685 -1.4570751748979092 0.0
v -2.225615007104352 -4.227880883961916 0.0
v -14.936419319012202 5.546679548919201 0.0
v 6.723421843897086 -7.598077294416726 0.0
v -4.644350400136318 1.2334623113274574 0.0
v 2.5067528330837376 1.741621995344758 0.0
v -6.292449699307326 -5.513967907987535 0.0
v 7.675661115848925 -8.977326175197959 0.0
v 7.336843284545466 -5.866066728718579 0.0
v 7.402624937531073 3.904069864191115 0.0
v -9.176045114989392 -7.72781537193805 0.0
v 5.306800497171935 -11.121278529055417 0.0
v 9.724853662599344 1.843652413226664 0.0
v -10.860319585422985 -6.396975825540721 0.0
v -1.9139556565205567 -0.9403165820986032 0.0
v 0.14807588054100052 7.9421376446262 0.0
v -13.815951219876297 13.792736909352243 0.0
v -2.646405717707239 3.9737011520192027 0.0
v 4.4121280429535545 -1.1255626352503896 0.0
v 2.540352229203563 9.164204400964081 0.0
v -7.594718292588368 -13.86715096887201 0.0
v -10.064734307583421 8.433004041202366 0.0
v 8.134092493273783 9.822629059664905 0.0
v 6.63594222383108 9.658466593362391 0.0
v 0.7715322017902508 -9.564360762946308 0.0
v 14.375019519473426 -14.246652155183256 0.0
v 13.843329149123747 10.55485291685909 0.0
v -7.87085697229486 10.64565232861787 0.0
v -6.1321583345416 -13.767807873897254 0.0
v 10.137894705461804 12.42763145826757 0.0
v -5.616790819040034 12.727919704280794 0.0
v -14.3726239571115 -1.152607774361968 0.0
v -0.8491425209795125 -14.63960146624595 0.0
v 7.652849178761244 -2.0354870595037937 0.0
v 2.495623683615122 -8.957643170841038 0.0
v -13.031377986073494 -11.98117217887193 0.0
v 10.69667474826565 13.936405039392412 0.0
v -6.509106173412874 7.008631096221507 0.0
v -12.422792348486837 -3.12479901406914 0.0
v -5.5435636063921265 -12.033556453883648 0.0
v -11.627175420871936 -7.492040757089853 0.0
v 8.045288453518879 -0.48922572657465935 0.0
v 11.28638813534053 10.931970746256411 0.0
v 4.501553055772092 -11.088529078289866 0.0
v 3.7607453020173125 6.993718384765089 0.0
v 6.019827760930639 2.182493317872286 0.0
v -0.9087126342346892 -5.389568789862096 0.0
v 9.815580050984863 3.0252992752939463 0.0
v 5.496143868076615 12.299724171869457 0.0
v -6.604322341270745 9.080975394695997 0.0
v 4.1897527946857736 7.1802232237532735 0.0
v 8.648826071876101 12.825328472070396 0.0
v -7.379883118905127 -2.4998684376478195 0.0
v -14.241530989063904 12.752258419059217 0.0
v 6.012103944260161 -12.612144828774035 0.0
v 7.613858380529564 -5.155219556763768 0.0
v -12.925861356547102 -9.078366866335273 0.0
v -7.464282470406033 -14.435508443973958 0.0
v -5.090539994649589 7.315652491524816 0.0
v -9.09748648898676 -11.705187593586743 0.0
v 4.714909148635343 9.858195046894252 0.0
v 14.790823779068887 -13.340741591528058 0.0
v 0.11847318528452888 7.307547103613615 0.0
v 12.189707074139733 10.78552938066423 0.0
v 13.001549673674162 3.8220005743205547 0.0
v -6.1670617801719345 14.775192245841026 0.0
v 7.446620524104219 -7.155787734314799 0.0
v 10.376197540666908 -10.105436880141497 0.0
v -4.4570644601481035 -2.4655141308903694 0.0
v 8.085758329834789 -1.920738024637103 0.0
v 5.636746751493774 8.33032786194235 0.0
v 12.861370718921535 -7.480205461382866 0.0
v 4.9407183630391955 -4.271717646159232 0.0
v 7.5771866693976335 -4.362046968191862 0.0
v -2.810763055807911 -12.955923523753881 0.0
v -2.4979254100471735 7.906436896882951 0.0
v -10.875606760382652 9.475283603183925 0.0
v -4.463188889552839 4.58943747356534 0.0
v 7.9697091316920705 -4.750896127894521 0.0
v -9.011252002965193 -10.785446335561574 0.0
v -4.13383797154529 7.922530244104564 0.0
v 14.891076634987257 5.130605086684227 0.0
v 13.307910181989428 9.88837786205113 0.0
v -0.14816268481081352 -8.852284547872841 0.0
v -14.764223595208023 -12.430267144925892 0.0
v -12.690011157945264 -0.9397439332678914 0.0
v 4.123580752930138 -5.521229447796941 0.0
v 8.277850826329086 -13.968757208436728 0.0
v 7.0438287951401435 -13.147411478683352 0.0
v -13.906780621327925 -7.171681548468769 0.0
v -14.729822068824433 -3.1849345918744802 0.0
v 14.378975797677413 -0.01924003753811121 0.0
v -7.906160229991656 1.929662873968482 0.0
v -8.443932509049773 6.730274125002325 0.0
v 8.747221430705395 -9.028102342039347 0.0
v -4.459832752123475 -5.360441017895937 0.0
v -1.0399692720384337 5.198417020961642 0.0
v -5.571126703580376 -1.3310438999906182 0.0
v -3.278676231740974 6.2789285043254495 0.0
v 10.810081416275352 -7.571208200417459 0.0
v 9.346250225964468 14.870674069039524 0.0
v -7.971742234018166 5.624011643230915 0.0
v -4.098435656167567 2.3039763355627656 0.0
v 12.034130872227252 -13.29480636306107 0.0
v -14.964300996507518 0.08903205953538418 0.0
v 12.212031833129004 0.01120788510888815 0.0
v -1.4429995085229166 5.50124650914222 0.0
v -6.812435604573693 0.9640952786430717 0.0
v 2.79631080647232 13.12335083168 0.0
v 5.553434396861121 -1.4916899763047695 0.0
v -3.4805272581870668 0.050557066686451435 0.0
v 5.585845041903667 -0.4606795525178313 0.0
v -4.040209394588601 4.4161476865410805 0.0
v 8.869159027584828 -8.721495017409325 0.0
v 5.889916191983502 -10.906678487546742 0.0
v -14.702034097863361 7.320658849552274 0.0
v -8.305716580187436 13.24294420145452 0.0
v 4.502528079086915 -13.395712910220027 0.0
v -1.4192242092103697 3.1165525251999497 0.0
v -1.883166338026058 -8.906648583710194 0.0
v 14.532166129676625 -0.4860478723421693 0.0
v 3.9004237386398017 13.391138651408255 0.0
v 13.967743000364862 6.393900356255472 0.0
v 12.592701303306967 -4.984396074898541 0.0
v -10.803900880098809 7.209401045925915 0.0
v 14.631803561351262 12.627549305558205 0.0
v 5.816544502682518 7.667004787363112 0.0
v -7.820547625247855 11.15897267870605 0.0
v -3.9381421559955925 -2.8381230579689145 0.0
v 8.782757452165242 -8.147286221385002 0.0
v 1.0670600629528053 14.597913888283074 0.0
v 10.29545619734563 -7.74082510266453 0.0
v 10.262048522592522 7.498607189394534 0.0
v -0.18555487657431513 12.60233008582145 0.0
v -14.618430819013156 -14.179784192703664 0.0
v -9.37508649204392 4.900085522793233 0.0
v 3.1332994760596193 12.292214038781822 0.0
v -10.870947348128539 7.20896433852613 0.0
v 7.671733412251342 14.89609632268548 0.0
v 2.2797769815661013 -4.272380162961781 0.0
v -0.4152453711722046 1.7793700769543648 0.0
v -11.00965866597835 -12.114207649603486 0.0
v -10.980180889950134 3.801246798597276 0.0
v 4.074906939698849 9.858193542808294 0.0
v -1.0961818944197148 -3.7533810948953032 0.0
v 7.125598066311795 -4.636009491048753 0.0
v -11.221298444725107 -7.48710123822093 0.0
v 7.0526331448345445 5.434581525623798 0.0
v -14.295963137992658 -5.37584120221436 0.0
v -13.308154031925369 -7.352929940447211 0.0
v -10.156512453453615 11.65566304512322 0.0
v 0.015779997454956174 -12.81408197619021 0.0
v -13.891087605326902 7.827131754718721 0.0
v -4.379000048735179 3.1640423415228724 0.0
v -0.33984559518285096 4.485681616701186 0.0
v -8.93211006099591 -2.029404210858047 0.0
v -1.665839463530574 -12.286081774160266 0.0
v 5.37729266990209 -12.785385482944548 0.0
v -1.1180859133019112 -12.601063136011362 0.0
v 9.290103614970576 6.481445232406259 0.0
v 3.508644704183098 1.1572896391153336 0.0
v 13.92986471351469 10.192496556788683 0.0
v -13.050635211635381 8.03500699531287 0.0
v 12.839686206541955 -14.595482339151204 0.0
v -12.79190041712718 -7.00997166428715 0.0
v -12.714673276350368 9.68633723538369 0.0
v 1.4136289907619357 11.043375534005463 0.0
v 10.355262978642713 12.520064061507583 0.0
v 8.677121072309092 -14.38796259649098 0.0
v 0.07189282483886927 0.5793781019747257 0.0
v -6.045277336728759 -14.71972677577287 0.0
v 0.5337810684577562 7.788142923265696 0.0
v -9.455435373878572 -10.634025977924466 0.0
v -10.81138019496575 10.088164364919066 0.0
v 2.2482364486786537 5.03423513751477 0.0
v 9.264541073236614 6.528423162177205 0.0
v -6.587422433076426 0.40925901662558317 0.0
v 13.77267914620461 4.408148990012705 0.0
v 3.001479765982367 -2.7360740611329675 0.0
v 3.1489796127425507 -3.860732728615403 0.0
v 8.798758639895823 4.940012492239475 0.0
v -1.4658271561493166 -5.396704607643187 0.0
v 12.567993331933394 12.020266574807465 0.0
v -7.694354996201582 5.736914888955653 0.0
v -7.629380520491395 -7.959314871579409 0.0
v 1.698187061410863 4.872941763140261 0.0
v 13.776462083042134 -2.105414902791381 0.0
v 6.372915445594117 3.448468972928822 0.0
v 2.4393617804162204 -0.5123031996190548 0.0
v 3.1662202165462077 -7.6444181660190225 0.0
v -12.621402355493046 11.41327587608248 0.0
v 0.47389302850933746 -6.2710831901058555 0.0
v 5.201609183801338 -13.5500164097175 0.0
v -3.359235114126932 3.45159075781703 0.0
v 9.567578163696453 2.1340568251907825 0.0
v -3.6049863760126755 -9.441857660189271 0.0
v 2.0406825445825234 14.599108351394534 0.0
v -6.375366807624232 6.2513778787106276 0.0
v 0.1426666170009412 10.561470877379179 0.0
v 1.3000308377668262 4.518329738639295 0.0
v -7.7182719386182725 -8.37906949967146 0.0
v 2.1862606629147194 10.639087158255279 0.0
v -12.204810694674961 -12.108706313185394 0.0
v 2.7031160526676103 3.4387669637799263 0.0
v 10.701180397649296 -11.662831309251487 0.0
v 9.221706487529445 -10.667548500932753 0.0
v -0.10880134324543178 0.43352063558995724 0.0
v -7.436455577670131 14.243095189332962 0.0
v -7.934044232824817 -9.357620014809072 0.0
v -4.094683275732677 -0.9871903005987406 0.0
v -5.783920195419341 1.6306858733296394 0.0
v 8.905606216518208 -9.625023214146495 0.0
v -1.2270196084864438 -4.529305380769074 0.0
v 14.416365895653144 5.536044963635504 0.0
v -10.016248173546046 -9.57242312002927 0.0
v -6.644106193271 -8.843108544126153 0.0
v -0.8403907403117046 7.196610204875469 0.0
v -11.530132079322357 -6.1588860005140305 0.0
v -4.213058428489603 -2.9966600742191076 0.0
v -14.596661873452831 -1.9776909286156297 0.0
v -0.24581056088209152 -0.17884070239961147 0.0
v 7.575621942058206 3.0443628765642643 0.0
v -13.236081714218017 11.14114271569997 0.0
v -2.3184367541689426 11.662796970456839 0.0
v -7.345125155872665 6.2065432127565145 0.0
v -6.343121176410932 -12.375460443086922 0.0
v 0.009218133345711976 11.74560079537332 0.0
v -7.976781942939851 9.521317810751498 0.0
v 12.320695532893296 -10.772244825959206 0.0
v 4.139321437920444 2.0541062112897635 0.0
v -0.09384180139750242 1.6238984428346157 0.0
v 13.208791161188856 12.515495777130127 0.0
v 13.69371867965674 6.747358004562557 0.0
v 2.3707094995770603 11.784286283887923 0.0
v 13.280506065057125 8.817419541999698 0.0
v 2.0963323429459706 -0.37167287711054087 0.0
v 6.203994011681061 4.983015604317188 0.0
v 11.859541767276824 -9.102286022156477 0.0
v 7.242354983871337 -14.787273122929037 0.0
v -13.605450411268976 -0.7391680590808392 0.0
v 4.357639564201236 -11.822178108617663 0.0
v 12.628864258236717 -1.4525550128892064 0.0
v -1.244901435857173 0.5272900927811861 0.0
v -1.2577161703957245 8.698479116894305 0.0
v -5.98058405041229 13.65564205031842 0.0
v 3.0243074674508534 -12.221412762068212 0.0
v 0.2718963651568629 -13.63390582986176 0.0
v 3.9873661934398115 -13.313911945559084 0.0
v -0.9863333140383475 -4.939073298126459 0.0
v 9.39094565139385 6.288933655247092 0.0
v 9.493069357646164 -11.015343625098467 0.0
v 2.624521047109738 -6.730249688029289 0.0
v -1.0271594115765765 -1.5021181209012866 0.0
v -0.7117445842013694 -3.437553179450333 0.0
v 6.768296645372175 10.625081493519247 0.0
v 10.637273238273337 -4.617140292190015 0.0
v 11.89326370402705 -8.246545523405075 0.0
v 8.949768870719709 -13.653363765217364 0.0
v -8.560834688891191 14.377979420125484 0.0
v 4.820257394458167 14.933100967667997 0.0
v -7.557383181643672 -13.67884922400117 0.0
v -3.6585370067041367 -2.0865146731957793 0.0
v -1.7928969076601788 14.119906859472394 0.0
v -5.205776834511198 5.7506860345602036 0.0
v -11.098891800851561 -3.1960285268723965 0.0
v 1.2783737148274668 0.20711463317275047 0.0
v -4.437599768047221 5.7441010707989335 0.0
v 0.1329690053826198 12.730859606526792 0.0
v -6.744230567594059 4.45812438800931 0.0
v 11.828315320948604 6.754004358313978 0.0
v 1.7653607587562874 -13.39891132991761 0.0
v -13.125796603737399 -9.875232767313719 0.0
v 2.9701725960476324 5.705189628526568 0.0
v 13.70155914593488 4.0192854860797524 0.0
v 9.994718866364565 -0.4160217987373471 0.0
v 2.8602448402671143 3.0991688119247556 0.0
v -11.082832156564109 7.3365138452500105 0.0
v 14.150942926702555 -12.158099669963121 0.0
v -0.8516070486512035 -12.93599475454539 0.0
v 13.790252718958072 7.159076678566635 0.0
v -1.4170202413224615 13.432008502073586 0.0
v 4.118785548314918 -6.428854995407164 0.0
v 14.47318952146452 7.0496711283922195 0.0
v 5.727249798248522 -9.043577481992543 0.0
v -0.40045971324434504 -12.638792206533253 0.0
v -0.9773494987748563 10.376297306269407 0.0
v 1.8209054007893428 -2.267248323187232 0.0
v -0.5519246411859058 -13.335580255836248 0.0
v 2.972569078381639 -7.812002142891288 0.0
v 0.4649788102833554 -3.268288603052497 0.0
v -9.737096852972172 -10.275376855395734 0.0
v 2.3902163006714545 -10.321719136089087 0.0
v -0.022894918220117688 -13.621700900606811 0.0
v -9.577168554533273 -6.422680382616818 0.0
v 14.721289367415011 9.958838613703847 0.0
v -9.862243558629416 -14.963906668126583 0.0
v 3.325969797326252 -13.215399038046598 0.0
v -0.3078370754956268 5.857839338481426 0.0
v 7.961248041072395 2.2904165452346206 0.0
v 1.252770853578113 2.1201524743810296 0.0
v -10.869753225822933 13.349400811828673 0.0
v -8.34410793351708 10.578713503666222 0.0
v 8.894930293201469 4.182228309102356 0.0
v -6.813664179760963 -0.6821605488657951 0.0
v 4.932421284087468 -12.298408223316073 0.0
v -10.403104179888032 0.6793046286329627 0.0
v 12.770128339761868 7.249488192610443 0.0
v 3.4952124569681473 -12.508033163845539 0.0
v -10.611760681960732 -0.40988586377352476 0.0
v 11.101684153603856 -12.809998924843967 0.0
v 2.6672827864531428 -13.46996817085892 0.0
v -14.18162907869555 12.400964655913413 0.0
v 3.84834064374445 14.0883594667539 0.0
v 12.03190142288804 4.3679337576031685 0.0
v 9.442260112497024 -4.452157466672361 0.0
v 0.20972502266522497 -12.692854836583138 0.0
v 11.31521608546609 12.025570020079613 0.0
v -8.121873954311013 -12.311375346966088 0.0
v 7.403816081467085 -13.693783449940383 0.0
v -11.93737324711401 -4.252701636403799 0.0
v -10.812803891138174 -3.340179366990924 0.0
v 7.136444701405708 5.047585220076144 0.0
v 8.027652516786475 14.171203522011638 0.0
v 5.3010282584582455 -2.143212598748505 0.0
v 5.175585182965733 11.9746408239007 0.0
v -13.10941912047565 -10.388454745523632 0.0
v -9.068937473988626 -14.057594753801823 0.0
v -4.793956206704024 -1.047052750363946 0.0
v -10.126740335079376 -9.051773563027382 0.0
v -2.5864641435910016 2.9380608908832073 0.0
v 9.458872357557993 12.023332598619163 0.0
v -13.978300139540806 4.486974760890007 0.0
v 12.769224981137086 -5.780549217015505 0.0
v -3.03693403681973 -0.5994717106223106 0.0
v 5.892919474921655 -0.5139940707013011 0.0
v -13.104819988424424 0.2781914556398988 0.0
v -5.411878367536701 -0.06610161904245615 0.0
v -1.8605986415059306 10.047930775210261 0.0
v 0.813897387648467 -11.297509089112282 0.0
v -1.13177867612103 0.100391143001616 0.0
v 9.846409050980583 8.318676270544529 0.0
v 3.298578351677861 7.529644128866494 0.0
v 0.09420972043881193 -10.067529442720115 0.0
v 14.394112998677883 8.350421789102256 0.0
v 12.555382410122547 3.10874245967716 0.0
v 0.43027212150627747 -4.674216842278838 0.0
v 8.039022944460157 -13.999069255776703 0.0
v -10.696858746989165 -4.853415202349424 0.0
v 4.162673314625863 11.371951502747834 0.0
v -13.857623434800189 -8.173267599195242 0.0
v -12.175354460137896 -12.124194865114987 0.0
v 14.007859600067604 -6.296377670951188 0.0
v 11.254884499474429 10.097142979502678 0.0
v -14.343873817648273 -9.760206013917923 0.0
v 3.8792984829633497 2.8114523366093636 0.0
v -10.734820588957518 5.791365877725184 0.0
v -13.28231538052205 9.433472155593336 0.0
v 11.726877269044053 13.79678482748568 0.0
v -13.401569798705168 -1.9740171823650599 0.0
v 12.194789676286746 -4.9883705684915185 0.0
v 0.2416262076003477 7.280111633241177 0.0
v -12.50049761554692 10.276079874485731 0.0
v 0.9081061343895271 -7.519445829093456 0.0
v 9.826673793897498 -0.39027523528784513 0.0
v -7.328877748630475 -8.39766226708889 0.0
v 5.5455002499511465 3.710067988373339 0.0
v 3.978446468070615 1.6225836900994182 0.0
v 2.6260363593464717 -9.205111669376493 0.0
v 12.811911614146084 1.0385280959308147 0.0
v 5.45192925655283 8.09749978967011 0.0
v 3.5486997038824484 5.987686181440949 0.0
v -13.148890932905488 7.940181689336896 0.0
v -8.288668730470818 -11.917475070804358 0.0
v 3.9866102376254275 -1.9495572661980987 0.0
v -12.07947565318318 10.595459392294288 0.0
v -13.757182798814029 5.227980259805918 0.0
v 10.063454838236794 -12.224900252185762 0.0
v 3.323019221483264 -10.147006802260876 0.0
v 4.446097698062658 5.835245598107576 0.0
v 9.022321012569591 10.414393614977598 0.0
v -9.199621673033107 11.296802826225758 0.0
v -13.413987024396192 -0.11901990696787834 0.0
v 1.6547010414069518 7.200198081322014 0.0
v -12.472599664703012 -1.690763559192419 0.0
v -14.619526386202779 -7.713811293244362 0.0
v -11.223447679949459 4.19911450240761 0.0
v -11.810428916360252 3.663479388691485 0.0
v -5.574791236431338 -11.585735152475536 0.0
v -7.888004628825001 -1.4070509765297174 0.0
v -3.7547912423615344 7.54054644331336 0.0
v 7.149042743607424 -0.9678967958316207 0.0
v 1.8391553341061808 -0.4266437590122223 0.0
v 14.904874182422645 13.92758225928992 0.0
v 2.003989143006038 0.06800075154751539 0.0
v -6.132075621804688 12.746107421815395 0.0
v -10.351777294359636 14.292795561254025 0.0
v -0.78330236725742 -9.016264989040792 0.0
v -2.3870387655333616 -7.6688177222386 0.0
v -4.427110013668425 14.609332910738885 0.0
v 14.261725445336197 -14.102640336379409 0.0
v -14.013511524477508 7.646732645109296 0.0
v 5.459169550740626 13.723075326532125 0.0
v 10.598618098651059 12.60181151330471 0.0
v 10.283479603298474 -14.462576040998101 0.0
v -5.333101489464752 -5.097654924727976 0.0
v 12.553865195193794 10.941965312696993 0.0
v 0.654635222221259 2.2731843255460262 0.0
v 3.1365416031330824 -2.7027235627174377 0.0
v -14.173995213699527 6.776003396138549 0.0
v 3.9160548603395 5.161802028305829 0.0
v -5.14541517716134 9.513750944286585 0.0
v -13.126987137657125 -10.390705406665802 0.0
v -9.39279083168367 -6.491083580069244 0.0
v 10.603675276273862 -5.571596425026655 0.0
v 11.119301557249855 -4.408970143646002 0.0
v -6.650032147648744 -8.997782917693257 0.0
v 4.0718071682495065 -3.690902982838452 0.0
v 14.812871441070456 5.3184504779055715 0.0
v -5.371129423438106 7.726190592162311 0.0
v 4.673763565544505 -7.521369936875999 0.0
v -11.576160287833773 1.467619813978672 0.0
v 14.752230522281025 -3.7752873562276363 0.0
v 2.102679140167311 -8.163877394981682 0.0
v -14.564246376568917 -14.239765664562583 0.0
v -13.038301994209178 -9.43849550653249 0.0
v 13.48657546530012 12.835963727906346 0.0
v 7.945946759777144 8.435109763406217 0.0
v -13.385285593918525 -2.091532563790679 0.0
v 8.52917195338523 4.286525295116007 0.0
v 7.863893360190559 -6.508472252637148 0.0
v -11.167473972484004 -3.8127345414832234 0.0
v 1.3425167786772363 -5.390307547524571 0.0
v -13.213263060490135 -10.307631234638393 0.0
v -12.796531414962374 14.05596350505948 0.0
v -0.5188730800291523 9.328933356329799 0.0
v -10.88646136992611 -11.371571603231132 0.0
v -3.3262504464946687 8.122883229516447 0.0
v -12.982038933609147 -6.725206378847361 0.0
v 5.156820814474486 -2.77576048951596 0.0
v -1.662548472173512 2.9483956275507808 0.0
v 4.166544817155227 13.512176841497421 0.0
v -2.8454660329734907 -8.863090529106557 0.0
v -2.3195177494199015 6.598489991389215 0.0
v 9.292242888361216 -13.349088259972632 0.0
v 8.896588707808405 -8.905753783881664 0.0
v 10.858777241432108 5.153384733945131 0.0
v 7.277055182901677 2.255636121146381 0.0
v 13.66967346018646 13.297843574546278 0.0
v -6.172899214201607 9.299643523991108 0.0
v 10.059193828550633 12.401516232639551 0.0
v 9.541701803449541 4.670566947199404 0.0
v -9.861593914509285 -13.425430672243237 0.0
v 7.833579215221107 -0.5702343536540866 0.0
v -2.7368407266330905 6.226301700808108 0.0
v -0.45784524647751823 3.375956584699452 0.0
v 13.20699439116288 10.606768271885812 0.0
v -6.630887491686735 -10.933436563238502 0.0
v -8.904732745606452 -13.850852699019015 0.0
v -8.924821684835479 6.835115883499384 0.0
v -2.3627511218655854 -3.493570073507726 0.0
v 12.690089694224298 -8.615250151604414 0.0
v -4.414077160181478 -11.903253236785531 0.0
v 3.840102890448179 8.944177872501314 0.0
v -4.56601247494109 -12.455585710704327 0.0
v -3.4405659298063256 9.21702163014561 0.0
v 1.3513667735969648 -13.180422249250114 0.0
v -2.743751615344081 -2.0565508445724845 0.0
v -12.626925748831127 12.076998360455036 0.0
v 7.570710045634769 6.8072937950491905 0.0
v -14.83874122373527 -0.08144315425306559 0.0
v -1.3076538844034076 8.991482769139111 0.0
v -9.296774006041232 3.993881728500128 0.0
v -13.663894729863387 6.0824250085279346 0.0
v -12.46571015403606 -6.073095439001918 0.0
v -4.064364040852524 4.69333297200501 0.0
v -13.630806871980894 6.787204671651125 0.0
v 3.4951874554390088 4.649808418005705 0.0
v 2.556709856900852 -13.03641914576292 0.0
v 3.7538210005732253 -14.296606932766736 0.0
v 12.934548861754593 8.66378928348422 0.0
v 11.460395036207046 -10.141441046260297 0.0
v 11.210568263661116 4.081237133592367 0.0
v -10.969983021495864 -3.410317244939506 0.0
v 1.8948003147379495 1.54182481020689 0.0
v 12.922874943527859 12.830331397242844 0.0
v -12.994145433767699 14.38265943620354 0.0
v 9.877110276429448 0.696837367489934 0.0
v -7.9698755540302955 14.047224851325154 0.0
v -6.066587606153917 11.169376292265952 0.0
v -4.207783265504986 -4.024897353723645 0.0
v -12.883607840398327 4.902901493944228 0.0
v -2.738607282692101 8.364210683852434 0.0
v -0.5187335971277207 13.070977038703859 0.0
v 3.5612243834184483 -6.1656117253005505 0.0
v 0.8577607868937775 -1.6373323565348983 0.0
v 9.933500071871094 8.584830314852297 0.0
v 1.4359479382983409 13.281428042799234 0.0
v 14.460476714826655 -3.9632405024021864 0.0
v 0.16502250271150842 12.102601820603013 0.0
v -1.200903155724518 -2.0941726295277476 0.0
v 14.30994561087573 -9.12614758964628 0.0
v 6.331178652646486 -10.448475966230035 0.0
v -1.816674128989689 -13.891703044995666 0.0
v 10.337278920575045 0.06616511289030313 0.0
v 6.391813503229059 -12.244588007219136 0.0
v 14.457939455402084 2.281796470284462 0.0
v 4.5935191583121195 3.8887946316972375 0.0
v 14.483255618368275 -14.989741650409997 0.0
v -4.265084560436662 -13.384941363707185 0.0
v 7.058608211402316 9.39316918514669 0.0
v 5.862068974529393 7.2454784056171775 0.0
v -10.525072235090192 -12.931543253362179 0.0
v 8.063253221160267 1.9590289387851954 0.0
v 3.2979807754745707 -6.664652899838984 0.0
v 0.48359554243506864 7.967976394109428 0.0
v 1.0428678878233768 -1.1822029231116176 0.0
v -13.666799961065408 12.020566194318235 0.0
v -10.353012981475331 4.1653016321361065 0.0
v -9.121408524166327 5.722373162396252 0.0
v 10.191328770597465 3.3496585339307785 0.0
v 7.022260857920628 -7.397908214479685 0.0
v -8.585671354550868 -13.582493959926069 0.0
v -11.306707652460318 7.970028639771044 0.0
v 1.5584285673103295 -8.031552642583847 0.0
v 14.775584740680642 -4.522360721603036 0.0
v 5.052349348785356 14.469463227316737 0.0
v -7.049686099111568 11.182047602720559 0.0
v 2.06911528413184 5.188793637789786 0.0
v 12.219960149785038 -8.572363313287497 0.0
v 6.553593649528921 -6.5629142336547375 0.0
v 14.588647783384658 1.3302459884434938 0.0
v -14.884897875017487 -7.889723756350577 0.0
v 7.61598695704015 -11.104526880197227 0.0
v -5.611122004804201 -14.707394286058843 0.0
v 8.413685782346874 5.0969774182885885 0.0
v 6.032663984573446 14.028857818804681 0.0
v -4.06823996611638 3.0812801010906696 0.0
v -9.782303597196005 -9.804509231820703 0.0
v 12.395314484252594 8.469892017543316 0.0
v -9.091725001635496 -2.7571379747241735 0.0
v -13.45456230896525 -13.579009166918695 0.0
v -8.555653243558481 4.046536937355995 0.0
v 1.6678398904041387 6.463477726094425 0.0
v 3.6339646946289577 6.203445885330439 0.0
v -12.883681673498359 13.67979690618813 0.0
v 10.393582559248898 -9.100841701030731 0.0
v 13.41136734338943 -1.5177841670811176 0.0
v -5.450664757983759 -7.7241095611825585 0.0
v -8.697503568721004 -0.16788896638900042 0.0
v 4.759461776178796 14.60874801967293 0.0
v 3.4754021075204946 10.942286971025169 0.0
v -8.425041326263454 -11.23052227217704 0.0
v -4.6893760234816 -9.860775569453835 0.0
v -5.724603511916939 -8.48201149981469 0.0
v -6.821565513790119 10.618031308986247 0.0
v -11.517348493391182 -2.5547554278746247 0.0
v 8.128004806989338 -13.651403369382024 0.0
v -10.351964807603508 -10.590360012836754 0.0
v -6.163105953426566 -0.9438577834516764 0.0
v 11.234875325870235 -14.682153843343258 0.0
v 11.121926515479572 5.709199963137507 0.0
v 2.542346703761723 -4.4332682974636555 0.0
v -8.547071076347493 -8.511278895661235 0.0
v 6.946939124842174 13.436646888963878 0.0
v -7.5705163477687165 -12.633977205492556 0.0
v 14.579150333767757 -12.177958124317229 0.0
v 13.646341893880162 1.798523030243814 0.0
v 4.674182424030732 -11.77875932585448 0.0
v -11.585882606741507 7.813578298315406 0.0
v 1.300453226605896 -13.515420909970999 0.0
v 13.389405360736419 5.578591709956527 0.0
v 4.363597170740832 -14.3629687493667 0.0
v 3.0314281907631084 -8.41429541632533 0.0
v -1.0310368585633114 -7.999724158085883 0.0
v -9.482834822090808 -2.5967510594055057 0.0
v 11.045402735064272 -10.833969159051776 0.0
v 13.937262646039017 13.420430855825543 0.0
v 12.43746769882273 -13.899936421774328 0.0
v 8.266482101287693 -8.826639053411782 0.0
v 12.119172166392673 -6.093383005820215 0.0
v -8.761791053635534 -12.489631335251033 0.0
v 3.3118873693747446 2.091786208562553 0.0
v 8.229568471608218 -12.486115233972669 0.0
v -3.772330042615067 14.55216156411916 0.0
v -11.784302614512853 11.421516370028257 0.0
v -0.5544445660198107 -7.91360361687839 0.0
v -12.338169360242318 -11.177599991671741 0.0
v -1.3552794811548665 -12.19986226875335 0.0
v 0.3397554097464308 4.759905323386192 0.0
v -7.8425874299719 10.074562318623066 0.0
v 7.357932796294335 4.568684209138155 0.0
v 7.870959154854063 -7.5221622213721275 0.0
v 4.016704072069842 10.303704155609012 0.0
v 10.636122763971798 10.807593183591962 0.0
v 0.887080518878065 1.2257251255214214 0.0
v 1.1315494126756676 -13.712480802088976 0.0
v -9.837463262607343 12.931947113014758 0.0
v -5.3381709511741064 -4.635332629084587 0.0
v -12.66551309498027 11.330716595984995 0.0
v -4.8428273083409294 4.269544837996364 0.0
v 11.410146610171068 10.137598824687302 0.0
v -13.00170297222212 -13.92192720901221 0.0
v -8.135891724494286 -14.981847588904202 0.0
v 5.257285660947673 12.985097053460777 0.0
v -13.912538012082223 11.737683337181807 0.0
v -11.528482889872976 -6.954247608780861 0.0
v 9.501725198177155 -10.523492995649576 0.0
v -10.21368119341787 2.4929661890491843 0.0
v 11.980575686844531 -9.191755036823452 0.0
v -4.6508598530781455 -9.148174369707704 0.0
v -11.009049768152181 -11.91721744928509 0.0
v -8.335112446977291 5.8583723567426205 0.0
v -3.3411576556391083 8.7721232092008 0.0
v -7.39676775742555 -0.7717550313100219 0.0
v -12.775637167622335 -11.396332131698728 0.0
v 0.47405016265111044 1.298421736806631 0.0
v 1.3826716455514543 -2.874764969572425 0.0
v 14.145536838215776 1.8321014726534486 0.0
v 1.7485522444476373 -4.580656927078962 0.0
v -2.989761819015257 -13.415307632647455 0.0
v -12.764305074117146 4.05009397584945 0.0
v 10.470467195380479 -0.5231396639719605 0.0
v -10.33659790654201 -3.957579373382032 0.0
v 10.81557616777718 14.062255560420454 0.0
v -7.867066463106312 -3.1666967319324613 0.0
v 1.0667309947893955 1.213603399693966 0.0
v -12.864339947816916 -2.0908568501472473 0.0
v -0.6090101868030615 -9.917216229252517 0.0
v 8.829189637035597 -7.802091329358518 0.0
v -13.51066209358396 -9.073524177074432 0.0
v -13.800956630206201 -10.304270452819765 0.0
v 0.31421268329722807 12.576553878374398 0.0
v 3.7557786576799117 5.83898751065135 0.0
v 2.158544320962392 3.761908855289221 0.0
v 3.8835625914507546 -8.353113571181893 0.0
v -14.455515975656454 -9.961212675087154 0.0
v 11.363450135977473 -3.270078065805137 0.0
v 1.0047721214941703 6.033396732993424 0.0
v -11.694280529860407 2.832032850012183 0.0
v -5.24226100667147 -0.5055193211883307 0.0
v 2.4881597146741115 7.809163726866245 0.0
v -8.178834047110286 1.7528171576559544 0.0
v -7.724873705476057 -2.950437148101628 0.0
v -6.285207846318372 1.4741586167365313 0.0
v 10.286487633944489 -8.228700080886483 0.0
v 4.24902731901966 12.255650010891259 0.0
v 14.312865370884538 5.670272391289473 0.0
v -13.391128724208102 9.379474859684706 0.0
v -6.022801231418271 -12.70740564353764 0.0
v -3.4667779722367413 14.41349717322737 0.0
v 5.730697164020967 4.767382772639394 0.0
v 1.5257665739045478 11.692023579031229 0.0
v 4.464560448366683 -8.043792565353215 0.0
v -1.608260121603962 14.603088478557765 0.0
v -7.9029364616726525 3.220833738334477 0.0
v 0.22590714856050909 -11.337345007807016 0.0
v 3.6793126424890943 2.0489378664642572 0.0
v 2.0893827725667506 13.953057063743472 0.0
v -13.491992766968906 -13.144098274409771 0.0
v 4.075842886290047 -13.923054222017527 0.0
v 2.879704659746494 9.97720241267234 0.0
v 12.78305149730295 7.584188062697649 0.0
v -10.376426751026884 14.17925024498254 0.0
v 2.135588876262773 10.48010543640703 0.0
v 9.485314722754993 -3.0987750627100468 0.0
v -14.952112566155847 -2.1751596303656697 0.0
v 2.4659019511309452 -4.5287648141384125 0.0
v 4.510658600367606 -9.026352304033935 0.0
v 7.294775573944207 -9.084108372218907 0.0
v -13.056537531607319 -12.370521925389767 0.0
v -5.098529071372468 -3.2180608175694942 0.0
v 1.9256289001787081 10.017104111611843 0.0
v 0.5118456120835617 -1.2130073560401797 0.0
v 6.250445380224846 14.100397524423897 0.0
v -1.372799442964606 -5.965633321553469 0.0
v -11.750203577510547 11.527347478084266 0.0
v -11.379120020603295 5.612856226973236 0.0
v -1.4216056320583448 -9.543930845335126 0.0
v 9.355235563532915 5.972107932902873 0.0
v -9.230543989455327 -11.071548162028193 0.0
v -7.195692639972549 2.6271213479340076 0.0
v 11.113833528419491 -8.958303635939956 0.0
v 10.171401372237597 6.531253947876394 0.0
v 10.568541591637768 -2.0491907857358456 0.0
v -1.290622379630804 -2.0325051303952932 0.0
v 8.9554572874913 0.47973607294261456 0.0
v 4.301576497440692 12.442746389657259 0.0
v 2.303920389211271 -2.0514943758025765 0.0
v 13.248943876184057 -8.683658230118454 0.0
v -10.957307551172562 10.258333419449627 0.0
v -0.5540509549900889 -14.62654718849808 0.0
v -14.5685596591793 1.937771437689662 0.0
v -2.990558596793562 5.640831718221307 0.0
v -4.213443198357709 -14.18787484895438 0.0
v 0.18707819044357166 9.301461718976498 0.0
v -3.7675883347401395 13.668834169395268 0.0
v 10.079539879923686 7.265659491531551 0.0
v -12.533409109979402 7.840340619906783 0.0
v -3.6815902446978725 14.727264896035194 0.0
v -11.42674689029809 -5.4336766907945275 0.0
v -7.2592309701722115 -0.44142059329897165 0.0
v 3.3816723225754686 -3.5350838769227266 0.0
v -9.254265285562724 -6.73287798743695 0.0
v 1.0184191713342443 12.392331205308437 0.0
v -1.6370363481692038 -14.812593737617135 0.0
v 5.144232006336097 -5.238970268517733 0.0
v -6.105852555774618 -12.831753279082477 0.0
v 2.0567385545000434 -3.4699138198047876 0.0
v 13.271072177682072 -9.71386685129255 0.0
v -4.939542782667559 -4.731009145267308 0.0
v 2.0083295309450477 -13.082697156816721 0.0
v 14.968862337525934 -14.128454893827438 0.0
v -12.439927119005006 -6.011887243017554 0.0
v -9.239361898158677 -8.264927466399968 0.0
v -3.054053755593486 11.14644807484001 0.0
v -14.927260774595197 -13.884787482209504 0.0
v -1.190963011526037 -5.626334370113909 0.0
v 3.2008305559284054 -13.924481315538287 0.0
v -8.662198510603048 14.244630348868668 0.0
v -5.738842369988561 14.14591626636684 0.0
v -8.688415548065677 -2.786727041937411 0.0
v 12.899974465137348 0.8751060673967004 0.0
v -0.44503886584425345 14.631785722449422 0.0
v -10.913984760059975 12.868753618560731 0.0
v -5.56520501797786 -12.271215635351837 0.0
v 4.277607785363216 -6.388263115659356 0.0
v -10.030656009970699 -1.7163107572123408 0.0
v -0.7650302584515885 6.326067571528256 0.0
v 12.907360284414608 12.038966497406363 0.0
v -10.600866945285816 -5.766917813569307 0.0
v 3.069731038820464 -12.583022016100585 0.0
v 7.638596735720057 -6.394106506370008 0.0
v -5.9841932045528665 11.987183676101267 0.0
v -2.0225442260853015 2.0523456120863557 0.0
v 13.071618119603954 13.887155847623944 0.0
v -14.600710927159525 -12.743033514358103 0.0
v -5.950537619937677 2.4881921550258994 0.0
v -8.602873139432631 -11.848185605369508 0.0
v 6.585018510289956 -8.288139218464494 0.0
v -12.439773136517033 2.2865185365080833 0.0
v -9.26956262870226 2.1412397427484393 0.0
v 2.8859784903470427 -0.12760376650840044 0.0
v 4.204422109993175 -6.961383136920631 0.0
v 11.231013601471204 6.217465474270284 0.0
v 0.730879140435718 7.8741855174303055 0.0
v -12.466667920351028 -4.357387344352901 0.0
v -0.7643831019522622 12.535029874183238 0.0
v -0.6015931619331241 14.852802194654942 0.0
v -5.848642957105767 -8.967805128544569 0.0
v 0.9895231867558323 6.25656664557755 0.0
v -4.189577535376884 2.4042696030810475 0.0
v 10.411005618341733 -13.845962177030742 0.0
v -9.008112084527966 2.30970579944551 0.0
v -13.483921124076005 8.321321261115372 0.0
v -5.266638586006593 8.698370755650103 0.0
v 8.500342960294802 -14.934726806357503 0.0
v 4.692597273970023 7.1309274565428495 0.0
v 10.720495189365465 -4.26457101572305 0.0
v 7.532463849755004 12.667359007522464 0.0
v -12.861608862876892 -6.376427032984793 0.0
v -2.349535360466689 8.40881341136992 0.0
v -0.342159784398973 4.682141989469528 0.0
v 13.884700254595373 9.274713732302189 0.0
v -2.5695752478204668 0.44697456900030375 0.0
v 3.8583064603735693 -3.945588506758213 0.0
v -6.571190099930391 -2.2045777942985296 0.0
v 1.3641861265641637 -5.778211401775479 0.0
v 5.652653813594952 2.978290356695652 0.0
v 8.163778447313234 14.174571499228477 0.0
v -0.5513936802162789 0.9232545709237456 0.0
v 9.166320908057969 -13.341013737022877 0.0
v 4.190769986365922 -12.585028268396854 0.0
v 2.1684569149510935 6.3684593522921205 0.0
v 9.241422054648865 -4.197426998987794 0.0
v -2.848846556211356 -11.038897854276001 0.0
v -13.049332455790136 14.892646706663072 0.0
v -6.288449005689472 5.568986414000392 0.0
v -2.681737828068435 -5.959522866643965 0.0
v -1.659270785690751 -13.67548092175275 0.0
v 4.890491339727305 -1.0496741980314255 0.0
v 14.74831052357331 12.69097445346415 0.0
v 2.005029365303926 11.647811935283244 0.0
v -3.442327930533793 -6.249078254215419 0.0
v -4.593897679413203 8.081541469320655 0.0
v -5.615009953558911 12.753761942498386 0.0
v -14.638861535058822 2.7210795069113374 0.0
v -14.930207159079146 8.328131665475667 0.0
v 2.370531260210555 -9.09918927308172 0.0
v 10.328208563965745 -9.618888286873698 0.0
v -1.6585007960675284 -3.0912869926542044 0.0
v 13.083949448890053 -13.718998592346907 0.0
v 10.958413254702464 7.94840048532933 0.0
v -11.39473713946063 14.353340778499842 0.0
v 4.820604449312668 2.4385918844491243 0.0
v -10.794283544761129 2.9675699630752206 0.0
v 6.315408203168772 7.296060371212661 0.0
v -3.9647757468628697 5.365131294354796 0.0
v -8.654156110947952 9.79778604209423 0.0
v -13.548583543219138 10.60936435405165 0.0
v 12.089394963812083 4.30667073559016 0.0
v 11.722276679531205 -7.12533273268491 0.0
v 0.01531892252387479 9.794203324243426 0.0
v 3.802437172329519 -9.298419576138258 0.0
v 9.599951990297996 -8.730970121920109 0.0
v -0.5749178128899075 -9.054967586882412 0.0
v 7.863762699416839 12.688274241052568 0.0
v 2.322525276977103 5.080896025523543 0.0
v 1.2545729950652458 5.798460031859577 0.0
v 9.840225706575438 -4.381608076393604 0.0
v -3.8436168510233983 -13.614577183499932 0.0
v 3.9147760604391806 -7.315607582218945 0.0
v -3.002299268206116 10.48623024392873 0.0
v 10.282885785389226 -7.491153495386243 0.0
v -2.396940561302472 14.861611413769424 0.0
v 3.2665600777836516 2.685124261304736 0.0
v -7.032223247690126 14.120919097214937 0.0
v -9.543709079676773 -0.785620984621346 0.0
v -2.3412771379225887 -2.1760039376094937 0.0
v 7.065794845228083 2.4971063416451216 0.0
v 7.5801791768171825 14.824797848239541 0.0
v 5.456438540131785 -13.415375352837145 0.0
v 6.621747033204883 -9.313350704498589 0.0
v -1.5101932871039025 8.188047981821 0.0
v -12.474316250125412 -9.099309453740716 0.0
v -12.152527670492418 0.9752068193629384 0.0
v -4.400670178118162 -11.84429675154388 0.0
v 13.496636009949725 11.826972126960754 0.0
v -2.1805941893253475 12.665630517527461 0.0
v -6.067982546053827 -2.074218683876097 0.0
v 8.271875818027183 3.2473931116983294 0.0
v 5.0092272739857435 8.904106453061104 0.0
v 14.233869093994144 -14.929498462937772 0.0
v -5.62317081715446 3.3998511945828795 0.0
v 9.230908903700765 -13.796618022955954 0.0
v 8.195385164523032 2.7232783306390047 0.0
v 10.868030060897581 6.321858732961118 0.0
v 2.5423659121152014 -7.801947131752968 0.0
v -5.423892313090619 4.324446711689234 0.0
v -0.6315882043563761 14.584761206060648 0.0
v 12.416770925105084 3.386743896640837 0.0
v 9.759021954028867 -1.5424493979662657 0.0
v 12.054642830626108 -14.615262949839234 0.0
v 13.394877257058397 1.9589078053832054 0.0
v -8.903818262857385 -8.133434041403234 0.0
v 13.204835246491712 6.42904313839972 0.0
v -4.626160858781077 10.786293608136475 0.0
v 6.2890727169578895 -8.842902842909098 0.0
v 12.260753201029729 -1.439559924416244 0.0
v 13.569074255006853 0.8478132709860802 0.0
v 13.600941167387646 -11.774981083348393 0.0
v -14.70037135091843 -0.8622357491403818 0.0
v 1.412616508139763 13.775250244885683 0.0
v 12.007761667133309 12.538906631059945 0.0
v 14.9841804773896 7.448524911887944 0.0
v -4.22147670655977 -8.377328964881599 0.0
v -5.74993619293673 -9.584772960282862 0.0
v 8.321574221889023 4.177531716413796 0.0
v 14.153651345346589 4.395537914708257 0.0
v -1.8758144671446644 -13.285965910181403 0.0
v 7.431907550839242 14.006896493956447 0.0
v 5.912642456474714 6.451921294443309 0.0
v 0.9189860803890042 -3.3667498156428337 0.0
v -0.19480078417109326 -9.025871649384499 0.0
v 1.2682641696883366 7.419327079318464 0.0
v -1.8486311614396982 -4.323251787573099 0.0
v -6.177212055306882 -2.0449928361922503 0.0
v -12.351358951069415 14.093873521313071 0.0
v -11.37951709277695 -13.883278328925371 0.0
v -3.1472953946795315 7.100891062989831 0.0
v -8.220420734549407 13.954597492702305 0.0
v -6.426130512030795 -10.094057861715555 0.0
v -11.741519000264816 4.012873665429652 0.0
v -12.606611090886872 -2.132344369776547 0.0
v 5.524891651584767 5.508649269118905 0.0
v -2.0068759907153435 0.38507560826838017 0.0
v -0.3037642707931809 -4.2384069403633475 0.0
v -2.8903496392304078 8.347868428565562 0.0
v 1.2321986762108281 13.469331826083362 0.0
v -5.014802616555244 8.65696157887578 0.0
v -13.258496703987475 1.2344620013609529 0.0
v 6.601535863243043 9.31428275257349 0.0
v 6.7525118695921265 5.871078023687005 0.0
v 3.141200780577492 2.082339215092361 0.0
v -6.928580840118229 -3.4725950406864285 0.0
v 14.085730700287968 -3.377984316088259 0.0
v -13.95409884135006 -3.895058668218553 0.0
v -13.614071797637735 7.447024378925562 0.0
v 4.305848406045698 0.03824182413518429 0.0
v -9.495014052139595 2.444759903475642 0.0
v 10.26354582089698 -9.462346134707332 0.0
v -1.292895213002339 3.827407102100551 0.0
v 11.20844857674092 0.3054488794878125 0.0
v 0.6960955309332348 0.14505658019334078 0.0
v 4.048272991261911 -2.6419111397117376 0.0
v -4.997149935574271 -7.985150072723627 0.0
v 10.734773069212679 -3.6447464302182198 0.0
v -8.193403773766477 -12.900248723104596 0.0
v -2.529873163497541 -4.098209051415324 0.0
v -5.270046959456522 4.113874119706452 0.0
v -1.6686284574097954 -7.05172982532531 0.0
v -11.355445798428264 -13.820279855281115 0.0
v -14.330872203106992 14.486141468398273 0.0
v 11.671105921384878 -3.040978316217661 0.0
v -0.05884358921321109 -3.688680331222713 0.0
v 3.235649323440157 12.48729603458196 0.0
v -12.397073434840422 -1.7723701084032655 0.0
v -10.325757825339679 5.915766543708742 0.0
v -1.6202429808909073 8.932803857140243 0.0
v 8.66121870954521 8.840392739512026 0.0
v 13.863704616727773 3.916232190094888 0.0
v 5.02145336108515 -1.887875396758318 0.0
v 0.28821513953153044 -4.1041100602597 0.0
v -10.476198045071214 4.209661543369293 0.0
v -0.10620803368510678 -14.729278277605772 0.0
v 4.163636864221189 12.231980417855084 0.0
v -7.525829702615738 0.514578266069293 0.0
v 10.228959107596893 13.653237896971405 0.0
v -0.6456915902090259 14.585323577746749 0.0
v -12.296506429149304 -11.068968719802797 0.0
v 12.139018132467754 -1.5662047490477562 0.0
v -0.3426919613266364 -5.529464586637914 0.0
v 10.84319643030176 -5.062799170613289 0.0
v 2.1426164616132155 -14.422637131996453 0.0
v 6.146576225699391 -10.587100161239505 0.0
v 2.576834656239953 1.8688604589551687 0.0
v -14.331145711999852 8.947433498688042 0.0
v 2.59511679795105 9.706944814883173 0.0
v 0.01160641759634018 6.0710773868486285 0.0
v 5.408206849126145 1.8337546801194549 0.0
v 11.179929750564042 8.825487239286304 0.0
v -0.48729296907549724 1.4189654951915145 0.0
v 13.615834791155066 -10.77769697457552 0.0
v -14.973128616868053 -8.428981371223927 0.0
v 4.6946003481862135 -10.512957393191755 0.0
v 14.236219723708928 11.975543544627726 0.0
v 8.539351109589916 13.592279718257487 0.0
v 1.5642225291812792 -5.638337352313101 0.0
v -5.564770420431159 -0.05130592826753855 0.0
v 1.2098216102458537 12.401866376399994 0.0
v 12.787850475346204 -3.9512633057311177 0.0
v 12.290450718370266 -0.31426254753023386 0.0
v 10.43999176681973 -0.6018871068954468 0.0
v -3.9771880858461373 10.400504702702165 0.0
v 11.028089114173781 -9.302619677968323 0.0
v -4.5068672357010655 -10.398367089219391 0.0
v 8.085691155516542 5.006837068125606 0.0
v 13.156096800637897 -4.907514391466975 0.0
v 8.151830546557903 -11.274684622883797 0.0
v -0.572516753745731 13.996465829201043 0.0
v 8.939010372560006 11.72548827342689 0.0
v -10.990093631553464 -4.081093485467136 0.0
v 10.786879892111756 -7.977430920116603 0.0
v -1.0998567186761647 -10.72232230938971 0.0
v -11.947660022997297 13.64102243911475 0.0
v 14.925861404801253 14.232170375064015 0.0
v 6.275096929050051 8.693080890923738 0.0
v 3.3298230449436232 -9.581937591545284 0.0
v -4.084592609549873 10.093147588893771 0.0
v 9.409344620071352 7.792783346027136 0.0
v -5.246683750243392 -5.882398212328553 0.0
v -8.443126983009279 -7.825011292472482 0.0
v -3.2880562566570006 13.55593025777489 0.0
v 12.836082329857163 -6.910448254086077 0.0
v 5.199331285257358 13.827926134690642 0.0
v 8.359642510768026 -9.632376370951533 0.0
v 13.876225954852998 2.1099452450871468 0.0
v -6.418080680130515 6.687399399466813 0.0
v -4.359440097818151 -11.428893313743174 0.0
v -10.261792771401815 2.3867042139172554 0.0
v 1.6823248026776128 0.9999345503747463 0.0
v 11.434147590422072 9.2684431290254 0.0
v -9.356306894798763 -3.839791864156723 0.0
v -7.699808589823078 -11.107326635159552 0.0
v 12.312790494936053 12.504355502314866 0.0
v 2.192594328254927 -13.374086338095367 0.0
v -7.017585008929018 5.291635951958597 0.0
v 1.1964431303786114 -7.032057803124189 0.0
v -6.919902116409503 3.0417394377291203 0.0
v 0.29189689439954236 0.5518221417441964 0.0
v -12.552040474372916 7.6265979297459126 0.0
v 4.137139420316089 0.8276929892599583 0.0
v -5.22389855835354 11.242224929854274 0.0
v 13.001840639510192 -12.473885478451848 0.0
v -6.973577898344956 -3.603897485882044 0.0
v -12.52110870735487 7.521646304056048 0.0
v 12.015771730744746 3.0484428107738495 0.0
v -0.040701083780732006 -1.4362706206738949 0.0
v -7.66265049984213 9.323638488538563 0.0
v 1.4569061941001564 -11.979893440380692 0.0
v 2.2040384446736425 -6.949794746935368 0.0
v -9.805969261622522 11.160577373579144 0.0
v 14.434345070912968 -10.5289770597592 0.0
v 6.01811621861998 13.711144711822271 0.0
v 9.603784401377197 -3.6773180793970823 0.0
v 2.6448589192004874 2.902577850036323 0.0
v 4.640280184801668 -7.79785090778023 0.0
v 6.188910067081451 -6.724764355458319 0.0
v -10.395266850129701 -7.7423437954857945 0.0
v -4.903807193855755 13.365952792577446 0.0
v 0.06529967981623486 8.15301105659455 0.0
v 14.116024649061728 8.233253597281873 0.0
v -8.711620324349497 -9.623131964355707 0.0
v -3.2479965779348277 -8.52498688083142 0.0
v -4.416673262021504 -7.530729896388948 0.0
v 12.31830159353558 5.642507905140519 0.0
v 0.62764495954616 -2.6540184123441577 0.0
v -14.178390906832647 8.41783409472555 0.0
v -13.510529677383602 -9.961595208384097 0.0
v 13.596427044307347 -1.1018526712432504 0.0
v 9.848358895047568 -1.061850804835558 0.0
v 11.717226760403719 12.364437038078904 0.0
v -8.38071964395931 -6.700340672396123 0.0
v -2.4733705217950046 1.5677231047302485 0.0
v 4.416184379486367 -9.065386017784476 0.0
v 9.839388791064266 -7.381473275832832 0.0
v 7.5020879892399535 11.474225703626871 0.0
v -14.771757476439234 -4.924263064749539 0.0
v -9.64739878976252 -7.453208507038653 0.0
v -13.127889221825171 6.291077739559114 0.0
v -14.189116535999347 -0.1453241528943181 0.0
v 11.283583303447813 -1.0411830777302384 0.0
v 0.9148519309819676 10.933779770508409 0.0
v 13.67759267729707 9.233853111043572 0.0
v -9.501454300421756 8.906355534680188 0.0
v 9.559703011182137 13.079513097181916 0.0
v 12.631206759193446 14.805586976930499 0.0
v -13.21415399061516 -12.318650464527309 0.0
v -8.624054157698993 -11.440123774111271 0.0
v -5.2336052124155685 13.957674135453999 0.0
v 13.264732608979102 -12.298660954460502 0.0
v -14.116088329756167 13.84344913624227 0.0
v -12.741708621499129 3.7474322486668825 0.0
v 7.465372993785422 -4.266352841630578 0.0
v 1.7756036384380423 5.624401113949716 0.0
v -9.616514122870285 5.837363296188414 0.0
v 4.831964614044409 -9.713437104597688 0.0
v -11.382338009250816 13.187275106087327 0.0
v 12.784298902959563 -12.084234385751188 0.0
v 4.886585442698561 9.544622275978327 0.0
v 12.229126772203017 4.631946847774088 0.0
v 3.944391541997902 -3.5068121356889606 0.0
v 3.554898329777643 -6.3890993762761354 0.0
v 8.014308484096546 -0.6102437544614077 0.0
v 2.946204725187272 -7.669793121516705 0.0
v -11.808651260915212 2.029363882727921 0.0
v 13.547575001954101 11.076255011372268 0.0
v -4.368489099259023 -14.859885338693857 0.0
v 9.633793193963356 2.9370637899264693 0.0
v 6.604846493923105 5.5520458640530705 0.0
v -12.541581939382013 1.0901379873976111 0.0
v -6.590767761983443 0.1949321124702692 0.0
v -11.449525011877995 -9.403270387090743 0.0
v -10.26116361899767 -5.435190253891051 0.0
v 1.8311699950136244 13.161431440152228 0.0
v 7.345121687394567 14.597184562124312 0.0
v 8.477502568101045 14.658165205270052 0.0
v -9.260038462176453 -7.163293952122331 0.0
v -6.178166783414781 12.473493119701743 0.0
v 7.892695520888083 11.906951237469912 0.0
v -4.27045288082445 -14.975571554154158 0.0
v 1.7650060756714083 -14.533820460550487 0.0
v 12.554061369562987 7.751811091788113 0.0
v -7.048789639025927 0.44856166560202837 0.0
v 14.716229310433846 -6.576551275327802 0.0
v -8.592260255711153 -11.030613991431892 0.0
v -6.826184241450392 4.30427211150527 0.0
v -14.674310275004245 -14.017602530308068 0.0
v 9.30167024943512 -5.875990864820778 0.0
v -6.311698344943579 13.528576731681824 0.0
v 1.032447878154926 -11.095035248436034 0.0
v -8.980229069828056 -12.659079520963132 0.0
v 1.5624491331982426 -8.88206032756716 0.0
v -11.349302351649385 10.58395075891167 0.0
v -8.669311535020825 -0.1317339688539505 0.0
v -3.349025822186377 5.1475374242290854 0.0
v -6.1150306884082966 4.857480548322201 0.0
v -4.598455388273578 13.482854964211583 0.0
v 14.474718492187094 0.1276889806613326 0.0
v 1.8388273141463287 3.334369268268347 0.0
v -4.348388022102881 10.52068196143955 0.0
v 1.9574835671810433 10.460134943947196 0.0
v 3.39987314742757 -4.5164817199110985 0.0
v -4.427464690408669 12.143236484378576 0.0
v -6.665950641210657 -7.384924163110554 0.0
v 2.9197482488816604 -14.02075241971761 0.0
v 3.6773210733081214 -10.727972059510648 0.0
v 11.937083377561066 -8.62175908870995 0.0
v -3.4120248866965994 -3.0136956283822656 0.0
v -2.2225668443134055 7.423315919935703 0.0
v 7.475431230326649 8.832920765504241 0.0
v 3.4535323840682395 -7.519199579022825 0.0
v 2.0306334187625907 7.11157862842083 0.0
v 7.165512461622711 -7.930896462872624 0.0
v -10.274159069056623 -9.456393200904131 0.0
v -14.144225916767027 12.32896778639406 0.0
v 8.451670375827234 -12.20420101005584 0.0
v 3.8119235289050266 10.844879163429141 0.0
v -13.85423042048933 4.775795961730182 0.0
v -11.889112991979346 -14.105065133422613 0.0
v 10.998509246739559 -6.402065050788224 0.0
v -11.714174346765503 8.287673386745155 0.0
v 9.41164869943168 1.5510713998228312 0.0
v 14.501120807195548 -13.130336793139577 0.0
v -11.971169049094897 0.30877852626144886 0.0
v 0.058130886289291084 -8.992770808748901 0.0
v -7.591427554900292 -11.22764375153929 0.0
v -11.763379833835643 -13.60139007307589 0.0
v -11.961505071609281 -7.41487299092114 0.0
v 11.103350467979908 -12.857008059509099 0.0
v -14.238682537165005 -0.23951480444520712 0.0
v 11.888930037093814 -2.086623936891556 0.0
v -7.886529779992998 -9.066099256277084 0.0
v 12.324869123345707 -4.78142548725009 0.0
v -10.938137005839963 13.759893553331494 0.0
v 6.539094011473935 2.3830976970493793 0.0
v 13.29690214106813 -0.9616595273837447 0.0
v -4.361086676479317 11.671964341774583 0.0
v 14.93338407704141 -3.648042781278491 0.0
v -3.806150576856453 -7.93426205124706 0.0
v 5.5533677823259495 5.446387469768524 0.0
v 1.7321908570011146 5.998110520653427 0.0
v -2.3416660901275463 -4.760925641283393 0.0
v -11.48029341752408 -6.933639086782932 0.0
v 11.712635008676443 10.875186614692211 0.0
v -5.939117620117031 5.152377346530557 0.0
v -11.78915299026994 14.575258157216012 0.0
v -2.071666846633889 3.5226373886689544 0.0
v 12.588963223970495 -6.736006252467632 0.0
v 13.094754165154882 -0.8079827763140202 0.0
v 0.12190469726920128 -5.998777010478079 0.0
v 0.7860223259776831 -13.248059653677046 0.0
v -11.324058972240891 0.05384984612464905 0.0
v -4.179807934153359 14.589114567264915 0.0
v 8.123400738812052 12.199340741150081 0.0
v -6.841656455828343 -11.24880401790142 0.0
v -1.7017269369680434 -5.170441484078765 0.0
v -6.572495161439292 3.9419467179104686 0.0
v -6.984001473814715 -0.8011903613805771 0.0
v 0.5513171276543289 6.001516715623438 0.0
v -3.0093909365823492 12.792517603375018 0.0
v 1.3687264811596833 -8.850182780995965 0.0
v 7.4873560821288265 7.675798040814698 0.0
v -5.174515587859787 -5.877578812651336 0.0
v -3.6500177680281922 -0.780207060277462 0.0
v -13.339959081728011 12.605477248318493 0.0
v 9.500505611649714 -0.13628992717713118 0.0
v -8.330630413547624 9.367129809223115 0.0
v -2.046278628811706 12.672452796250582 0.0
v 5.625735355773941 -13.938374932855368 0.0
v 10.396108216780704 -10.083866917528212 0.0
v 13.098085841105785 1.7906692828983068 0.0
v 6.76408065011492 -2.150489673949778 0.0
v -1.4284496949403547 0.07378625776618719 0.0
v -10.884066647908185 1.0455528208985925 0.0
v 7.213796274969354 -10.711344081908464 0.0
v 2.1675808217260055 13.157861556857824 0.0
v -4.096362200914882 -0.06802195776253939 0.0
v -4.2693934931303374 9.231792224571109 0.0
v -2.5700401953072287 11.918123845942318 0.0
v -8.795301389880478 8.577667719684541 0.0
v -0.9470126237138174 -13.839608246460557 0.0
v 4.972618676256388 -8.03757836855948 0.0
v 3.2829056324553676 -7.60981918964535 0.0
v -5.1967000950244255 -3.590011114254594 0.0
v 5.162315705965739 -1.1821662234142423 0.0
v 13.003654033469502 8.054110592231154 0.0
v -10.466468663420528 -9.38990222197026 0.0
v 1.4985852258978412 7.595631534233689 0.0
v -9.439560745027848 0.6963522816076875 0.0
v -5.020821790676564 13.711620893329382 0.0
v 10.588427898357622 -1.035569790750742 0.0
v 1.0943776400526986 5.495039131492376 0.0
v -7.32155253412202 9.588933306746185 0.0
v 6.1239365339279175 -12.573740888386965 0.0
v 10.476099655439612 -12.934462546370924 0.0
v 13.169886502728332 9.71986160799861 0.0
v 14.477927226922475 -10.884184332564473 0.0
v -11.7449265999021 -10.638599375262856 0.0
v -13.067735461052507 -14.949838877655566 0.0
v 6.105102492903825 -3.046228545717895 0.0
v -6.4903972612228245 -2.650047871284187 0.0
v -6.693689824547619 -12.125095665454865 0.0
v 13.41992387076607 -12.642882756888866 0.0
v -2.3986888288054615 -4.241372118704021 0.0
v -11.421820648421999 -3.6464438755065203 0.0
v -0.4188379119732417 -9.254701491445303 0.0
v -5.8304821366327815 8.01358496118337 0.0
v -4.177077794331126 -2.826351541094482 0.0
v 13.93385347124422 8.324096010997891 0.0
v 0.44001021154690534 8.626296250149608 0.0
v 12.482606206322089 14.902606600895524 0.0
v -10.861105269170366 7.052499573677778 0.0
v -5.713789600704331 7.084666251204908 0.0
v 7.6892685270286165 -3.257857410237193 0.0
v 11.752646420849487 -12.903277911245823 0.0
v 13.841583277680911 11.28337210509926 0.0
v 4.138376668386627 7.484406732954085 0.0
v 5.71658682951238 -12.412487387657166 0.0
v -14.36519048747141 -13.025458369404078 0.0
v 11.603109872841742 9.7439902452752 0.0
v -3.589070166402962 -8.1021764324978 0.0
v 2.618918156134896 6.444408766925335 0.0
v 14.090122102876194 5.451018999330699 0.0
v -2.092562294565141 0.9879644922912121 0.0
v 12.35410191072151 -9.436627528630197 0.0
v 3.427982598426752 9.264036417007446 0.0
v 0.7212397553957999 8.494100272655487 0.0
v 1.5939714182168245 -2.2147746132686734 0.0
v 7.124599295842927 -9.16822690051049 0.0
v -8.460787058167625 14.38925778772682 0.0
v 5.8807865887647495 -7.87577732373029 0.0
v -0.9511606417945586 -10.712855895981193 0.0
v -0.494153909268789 4.18772104755044 0.0
v 7.289789900183678 -8.536884991452098 0.0
v -4.886185172072146 12.795970589853823 0.0
v 6.464891494484618 -9.638588056899607 0.0
v -13.375041629653424 -9.292257599532604 0.0
v 7.882828104018699 3.9427412152290344 0.0
v -8.243498033378273 9.863780604675412 0.0
v 14.775674888980575 1.4119492257013917 0.0
v 1.481740111950785 -9.763788759708405 0.0
v -6.206780067703221 9.328898398205638 0.0
v -2.816568131209351 -8.74539886135608 0.0
v -2.709628072218038 -1.864722696132958 0.0
v 10.026323409227189 10.98834983818233 0.0
v 12.439331604517065 10.647118796594441 0.0
v 6.87119363876991 6.040445660240948 0.0
v 8.811429760826286 -4.96915019210428 0.0
v -2.025935434794519 -9.488086566329002 0.0
v -7.502615959849209 -7.344831998459995 0.0
v -5.578188329876866 -1.6983319306746125 0.0
v 14.12488416855922 -1.8224390130490065 0.0
v -1.8833868445362896 2.2342229625210166 0.0
v 5.176616676442791 -9.767890584655106 0.0
v 0.9065009220503271 -7.934681549668312 0.0
v -3.8524687431636266 8.776435285806656 0.0
v -13.121171139529906 8.873166672885418 0.0
v 2.1806329313549213 -11.75540431868285 0.0
v 4.120828159735538 2.562029043212533 0.0
v 4.216799515823368 -14.938930861651897 0.0
v 6.134313547809143 12.801776179112494 0.0
v -4.996728636790067 -8.399632875807583 0.0
v 7.341909474984277 -8.595634339377284 0.0
v -5.853567797341384 14.538731425069273 0.0
v 9.784722716372926 10.295383974909782 0.0
v -13.403228550392669 0.7353820260614157 0.0
v 1.2092406173469499 2.5213078213855624 0.0
v 0.25879469251958653 -6.496340380050242 0.0
v 12.415385735803284 4.098243549466133 0.0
v -11.510340464650653 1.0640630833804607 0.0
v 11.988086086174008 -10.924674581736326 0.0
v -2.907196105865296 4.5493581630289555 0.0
v -7.022413217637222 -11.437857151031494 0.0
v 7.676163358148187 1.8209392856806517 0.0
v -1.3291304943850264 -11.042279474437237 0.0
v -2.670384424913209 3.2333454387262464 0.0
v 3.6183335778769106 6.990907552652061 0.0
v 4.037775908014737 5.720287265256047 0.0
v 12.650486704369541 8.435397155582905 0.0
v 2.4983234982937574 12.29274295270443 0.0
v 11.272955780324992 0.6285726549103856 0.0
v -10.997117960010655 -11.257033000700176 0.0
v 13.466171282168943 -12.941203877329826 0.0
v -5.4604887799941935 -1.7429827535524964 0.0
v 12.687447671371046 -0.39122899901121855 0.0
v -12.588535782881081 -10.428153958171606 0.0
v 10.804278224008158 -6.085830891504884 0.0
v 10.35129462077748 3.8830380365252495 0.0
v -5.7254859149688855 1.2459261883050203 0.0
v 0.8165977957542054 13.688570972532034 0.0
v -13.545985066972207 6.341090163215995 0.0
v -2.5704639309551567 -2.269233653321862 0.0
v 5.547531838354189 11.853584546595812 0.0
v -14.474697582481895 4.786998884752393 0.0
v 12.86467152449768 10.973348489031196 0.0
v 8.75081439682981 -10.182005091570318 0.0
v 14.789492969110142 9.776394568383694 0.0
v -14.801889581838623 -0.9496494811028242 0.0
v -5.337632603186648 0.986413249745965 0.0
v 7.148085013090167 -11.036978345364332 0.0
v -6.031625485455152 -2.6465414641425014 0.0
v 10.609004439844284 1.4298360645771027 0.0
v 4.8523513851105236 9.494457626715302 0.0
v -13.578373006312177 5.742098045535386 0.0
v -12.932738524570595 -8.563243301585317 0.0
v 0.4741853158338927 -8.818124818615615 0.0
v -8.485632888914552 14.11316086538136 0.0
v 5.750803900824394 -4.397826277650893 0.0
v 14.796514194575138 -12.43657677154988 0.0
v 10.372229592700023 -7.6721689803525805 0.0
v -7.09631682903273 -12.896382823586464 0.0
v -10.306885732454248 -5.562147266231477 0.0
v 13.310614641697612 14.435047284699976 0.0
v -12.54998434142908 -5.977886535227299 0.0
v 5.414189233677462 -14.411289119161665 0.0
v -10.347653126751538 14.92089153919369 0.0
v 11.294630414515268 14.201798524707556 0.0
v 10.60135556187015 14.126633585430682 0.0
v 6.364365885790903 -10.511880302801728 0.0
v 14.3755472417688 -3.4318205136805773 0.0
v 2.441573681018781 7.191679704003036 0.0
v -5.531372851051856 -11.632185216061771 0.0
v -4.796690974442754 10.41716655343771 0.0
v 10.103778329212219 9.196078389883041 0.0
v -11.34862493572291 0.1964816376566887 0.0
v 9.139481736754533 5.988230865448713 0.0
v 4.868964663299266 -14.836050947196782 0.0
v 5.792123568768147 -10.195729944854975 0.0
v 7.586822176643182 -10.321350296027958 0.0
v 0.7693284315755591 -0.19681068882346153 0.0
v -13.502224152209237 -6.762099854648113 0.0
v -13.700930432940368 13.485624196007848 0.0
v 0.5862806526711211 -6.117062187753618 0.0
v 1.9392204597825184 -6.361757797189057 0.0
v 2.6123213444370776 6.055107622407377 0.0
v -4.1338407513685524 -14.297363626770675 0.0
v 8.86253255448537 -3.89766248408705 0.0
v -7.145193111966364 14.395703431218863 0.0
v -9.723498092615046 -10.648465432226658 0.0
v -8.113775000034366 4.259174920618534 0.0
v -6.8685929394559935 -9.308990474790335 0.0
v 2.5280312235699967 0.4468061327934265 0.0
v 13.318870017596055 14.420868459157646 0.0
v -6.14246896689292 -4.02006016112864 0.0
v 4.390642213344108 12.755998295731843 0.0
v -6.997618433320895 4.842368638142943 0.0
v 10.093534319719765 -4.18272122181952 0.0
v 2.388809992640745 7.2991004986688495 0.0
v 9.894329785893206 -2.60744509100914 0.0
v 1.2575251258676872 -10.081364599056542 0.0
v 13.080677132937126 -6.472078233025968 0.0
v -6.157370793982409 -14.274502937681973 0.0
v -1.784789243771229 -4.98508466873318 0.0
v -9.15143974032253 -12.648666508495808 0.0
v 8.695324072614312 -6.1355162020772696 0.0
v 6.436748212261591 10.55588392354548 0.0
v -12.552625746233389 5.648719384334981 0.0
v 14.556130722514354 -1.8962634392082691 0.0
v 13.84909453993896 6.983055148273706 0.0
v -13.08945131895598 -11.15054941829294 0.0
v 7.811569501413032 7.4791011502966285 0.0
v -5.01151183975162 -4.119108180515468 0.0
v 6.072282753710169 14.22893994115293 0.0
v 12.464906249195337 9.932491794228554 0.0
v -8.488833359675482 13.765737895853817 0.0
v 3.468826359428931 -0.10826871450990438 0.0
v 4.250614876917098 5.349551402963698 0.0
v -6.569230149325449 12.903263141401112 0.0
v -9.712067226064391 -0.6417887154966593 0.0
v -10.112551252241246 9.717269712127745 0.0
v -6.658182232116815 3.8262438606470823 0.0
v -10.056437168328557 0.9541878579184413 0.0
v -9.892505450930912 -0.8304139841347933 0.0
v 13.844051547232084 -1.6287903850898147 0.0
v 10.918876384093892 1.608801582828164 0.0
v -0.4441441166563891 8.360870247706771 0.0
f 1704 1884 1349
f 1884 1704 1152
f 1704 1247 1152
f 1068 779 1360
f 83 647 749
f 726 163 1498
f 41 1356 1762
f 1356 41 179
f 163 1356 1498
f 1356 163 1762
f 1835 116 230
f 128 1704 1349
f 51 1727 541
f 974 1378 1877
f 1246 19 1823
f 1310 749 1577
f 1661 1310 1577
f 1176 1661 1577
f 1029 1176 1577
f 1176 12 1661
f 12 1176 1029
f 1702 1377 541
f 1472 907 1606
f 907 1472 925
f 69 287 280
f 1890 1336 749
f 1430 83 749
f 1336 1430 749
f 1502 163 726
f 1554 1502 822
f 1502 1554 163
f 904 1940 16
f 904 783 1835
f 1169 41 1762
f 1169 1708 41
f 123 1636 179
f 1636 123 576
f 643 253 1975
f 1708 159 41
f 159 1708 996
f 159 1145 41
f 253 159 996
f 159 253 643
f 1396 1048 1204
f 171 1004 1566
f 1821 1210 179
f 1210 1821 576
f 1636 1821 179
f 1821 1636 576
f 677 1805 1349
f 1400 1884 1152
f 1204 1400 1152
f 1400 1048 31
f 1048 1400 1204
f 974 838 747
f 558 1010 437
f 1010 832 1295
f 1657 974 747
f 1657 1378 974
f 649 1657 747
f 316 978 1408
f 1519 978 659
f 978 1519 1408
f 897 40 659
f 851 311 865
f 311 40 865
f 262 536 1186
f 19 605 1068
f 1246 605 19
f 994 1029 1577
f 1274 994 1577
f 994 520 1029
f 475 729 569
f 434 729 1577
f 729 475 1577
f 1754 676 884
f 793 1530 1661
f 12 793 1661
f 793 12 381
f 793 1938 352
f 1938 793 381
f 735 1530 1072
f 735 1310 1661
f 1530 735 1661
f 1929 994 1274
f 1929 256 994
f 520 256 794
f 994 256 520
f 1938 1357 352
f 1082 1404 381
f 1404 1938 381
f 520 734 1029
f 734 12 1029
f 1727 1859 541
f 334 1859 1727
f 1792 1472 868
f 1472 1792 925
f 1784 1472 1606
f 1593 907 925
f 907 1593 1298
f 54 95 342
f 280 247 367
f 1570 247 280
f 1334 1717 721
f 400 1635 1994
f 1635 400 1025
f 1249 69 280
f 956 287 69
f 200 1420 1546
f 1598 1189 216
f 647 760 507
f 1384 1430 1336
f 1384 1689 1283
f 1430 976 83
f 20 726 1498
f 20 1062 726
f 1574 425 1948
f 1982 1944 1762
f 11 831 168
f 831 1191 168
f 765 736 512
f 736 765 1722
f 831 1998 1191
f 1004 1059 1566
f 1649 1215 1489
f 978 1868 659
f 1868 1462 659
f 355 979 476
f 1584 165 1547
f 165 11 168
f 165 1584 11
f 1971 191 149
f 1770 1940 1420
f 300 783 904
f 745 67 1835
f 783 745 1835
f 41 110 179
f 1145 110 41
f 110 123 179
f 123 110 1353
f 110 1145 1353
f 1591 1584 92
f 1486 55 808
f 55 670 1044
f 491 813 31
f 813 1400 31
f 1400 813 991
f 1048 318 31
f 318 491 31
f 318 1048 1396
f 171 1224 1004
f 1145 1333 1353
f 1333 159 643
f 159 1333 1145
f 1933 1210 321
f 1210 1933 179
f 1933 1356 179
f 1933 706 1356
f 706 140 1356
f 140 670 1356
f 670 140 1044
f 1210 922 321
f 922 627 321
f 922 1210 576
f 1488 1207 1605
f 1422 436 1427
f 436 1422 1766
f 1242 1968 651
f 1499 1539 1886
f 719 221 320
f 1264 719 320
f 1147 128 1349
f 1147 1264 128
f 1805 1147 1349
f 455 1247 1704
f 128 1960 1704
f 1454 1264 320
f 1153 1454 320
f 1264 1454 128
f 1454 1960 128
f 183 1427 1763
f 183 1422 1427
f 1042 1867 764
f 1218 1042 764
f 488 1335 1805
f 677 488 1805
f 46 511 840
f 511 46 115
f 1216 1939 837
f 1216 1951 1939
f 1123 1216 1304
f 949 885 1416
f 892 762 1416
f 762 949 1416
f 762 892 1304
f 762 1216 837
f 1216 762 1304
f 1623 814 851
f 1537 1239 1623
f 1537 851 865
f 1537 1623 851
f 838 1181 747
f 243 1397 1286
f 275 785 875
f 1051 275 875
f 1051 1239 944
f 1900 838 974
f 1771 1900 974
f 756 355 476
f 1573 756 476
f 690 476 1759
f 690 1573 476
f 1573 690 558
f 1412 1010 558
f 1010 1412 832
f 690 1412 558
f 832 1412 1759
f 1412 690 1759
f 1234 672 946
f 364 672 1234
f 1702 1171 1377
f 1171 1133 1377
f 755 649 612
f 649 755 1657
f 755 612 1801
f 1657 755 1408
f 755 316 1408
f 189 1519 659
f 1519 189 1797
f 40 189 659
f 1848 1657 1408
f 1520 789 857
f 243 9 1397
f 1694 1890 980
f 1748 1694 980
f 1384 1694 1689
f 1530 683 1072
f 1711 779 1068
f 605 1711 1068
f 779 1711 1360
f 1185 605 1246
f 1247 940 1823
f 475 1280 1577
f 1890 1026 980
f 676 406 884
f 1310 1922 749
f 864 1922 1310
f 1922 864 676
f 1252 1439 1613
f 1439 1252 299
f 1385 509 1286
f 1397 1385 1286
f 701 1929 1274
f 829 1874 1605
f 809 1082 794
f 256 809 794
f 1357 1118 862
f 1118 1357 1938
f 1404 1118 1938
f 12 1955 381
f 734 1955 12
f 1955 734 520
f 1955 1082 381
f 1082 1955 794
f 1955 520 794
f 675 1702 541
f 1859 675 541
f 675 1859 1429
f 1702 675 1039
f 675 1429 1039
f 1429 889 1039
f 1359 617 868
f 1472 1803 868
f 1784 1803 1472
f 1803 1359 868
f 1298 1562 16
f 1593 1562 1298
f 761 153 408
f 363 1405 362
f 1359 1761 1587
f 1803 1761 1359
f 1761 1727 51
f 1761 1784 1727
f 1761 1803 1784
f 1115 73 362
f 1257 85 1521
f 982 73 528
f 982 363 362
f 73 982 362
f 1456 1359 1587
f 982 1456 363
f 1456 617 1359
f 1456 982 617
f 1055 1866 1093
f 1866 1055 1133
f 1620 869 828
f 1421 1720 1769
f 1720 1421 1620
f 746 1620 828
f 1720 1482 1769
f 1482 1720 578
f 1866 694 1093
f 694 54 1093
f 523 45 342
f 95 523 342
f 523 682 45
f 869 523 95
f 523 869 1611
f 682 523 1611
f 703 585 525
f 585 908 525
f 277 630 911
f 908 277 911
f 247 1443 367
f 1431 1570 280
f 287 1431 280
f 1431 647 507
f 647 1431 749
f 760 1045 507
f 288 1570 1292
f 1570 288 247
f 1745 1167 721
f 396 1745 721
f 1635 818 1994
f 818 570 1994
f 570 818 721
f 818 1334 721
f 44 400 946
f 400 44 1025
f 1334 42 1717
f 42 818 1635
f 818 42 1334
f 1717 1019 721
f 1019 1006 721
f 810 396 721
f 1006 810 721
f 361 280 367
f 361 1249 280
f 361 1161 1249
f 287 62 1546
f 200 1130 1420
f 1130 200 614
f 1890 1524 1336
f 1524 1384 1336
f 1694 1524 1890
f 1524 1694 1384
f 976 1918 83
f 223 1918 1020
f 1918 647 83
f 1918 223 647
f 1918 1742 1020
f 1742 1918 976
f 1384 1676 1430
f 1676 976 1430
f 1167 769 154
f 921 769 1167
f 1981 181 1321
f 181 588 1135
f 588 181 1981
f 1053 1045 760
f 1053 760 647
f 1215 1847 327
f 1847 1502 726
f 1502 1847 822
f 1847 1215 822
f 553 767 327
f 1215 767 1489
f 767 1215 327
f 1615 425 1574
f 52 1615 1574
f 1615 52 544
f 1140 1574 1948
f 583 708 1050
f 356 52 1574
f 52 356 182
f 1407 988 1921
f 988 152 1498
f 1921 988 1498
f 939 393 1921
f 393 1407 1921
f 1066 1169 1762
f 1944 1066 1762
f 1191 886 168
f 1760 886 1191
f 1529 831 11
f 1529 1944 1982
f 831 1529 1982
f 294 1982 1762
f 1653 765 512
f 1760 1653 512
f 1653 294 765
f 294 1653 1998
f 1653 1760 1191
f 1998 1653 1191
f 1584 279 92
f 279 1584 1547
f 279 1059 1004
f 1215 1684 822
f 1649 1684 1215
f 1684 1649 61
f 1683 705 1927
f 705 1683 100
f 1262 1211 1493
f 1434 1329 1462
f 1144 1329 1434
f 1462 1329 659
f 1329 897 659
f 1329 1144 897
f 1018 833 1332
f 1824 1083 717
f 640 40 897
f 1144 640 897
f 191 1638 149
f 14 164 1540
f 1971 1402 191
f 1402 1059 1540
f 191 1402 1540
f 1961 1309 637
f 1961 1638 1309
f 1453 1971 149
f 571 171 1566
f 1806 1297 1312
f 596 572 1895
f 433 1941 1002
f 67 1941 1835
f 1941 433 1835
f 391 433 1002
f 1425 939 1921
f 639 1917 100
f 1683 639 100
f 100 969 145
f 1917 969 100
f 228 639 899
f 639 228 1917
f 1237 705 100
f 696 1594 114
f 1594 975 114
f 768 1591 92
f 1708 505 996
f 1169 505 1708
f 505 253 996
f 241 502 18
f 1486 502 1204
f 502 1486 18
f 502 1396 1204
f 502 241 1396
f 748 241 18
f 486 748 18
f 241 748 1839
f 1476 55 1486
f 1476 1204 1152
f 1476 1486 1204
f 1356 70 473
f 670 70 1356
f 473 70 1152
f 70 1476 1152
f 70 670 55
f 1476 70 55
f 187 813 491
f 1747 1933 321
f 1933 1747 706
f 1494 1682 1674
f 1494 922 576
f 627 1494 1674
f 922 1494 627
f 572 873 1895
f 1682 873 572
f 1494 873 1682
f 1509 1977 857
f 1977 1509 1766
f 789 1509 857
f 1422 1780 1766
f 1780 1977 1766
f 1134 7 325
f 740 1787 1427
f 436 740 1427
f 1427 1648 1763
f 1648 1499 1763
f 1648 1539 1499
f 1787 1648 1427
f 1539 1198 1886
f 1198 380 1886
f 380 1198 1393
f 1503 719 1264
f 1147 1503 1264
f 455 702 1247
f 1960 1691 1704
f 1338 1454 1153
f 1454 1338 1960
f 1338 1691 1960
f 1351 1153 1293
f 1351 673 1153
f 183 384 1422
f 1867 1086 764
f 511 1086 840
f 1647 1867 1042
f 1647 1086 1867
f 1086 1647 840
f 952 1375 941
f 892 952 941
f 952 892 1416
f 885 952 1416
f 214 555 199
f 555 214 1899
f 1419 115 221
f 214 1419 221
f 1419 214 199
f 511 1419 199
f 1419 511 115
f 555 1873 199
f 1873 555 1322
f 1873 511 199
f 1873 1086 511
f 1041 1218 764
f 1322 1041 764
f 1230 1041 579
f 1041 1230 1218
f 1355 1633 1110
f 1499 1254 840
f 1254 46 840
f 1254 1499 1886
f 1254 1197 46
f 1197 1254 419
f 1254 380 419
f 380 1254 1886
f 1939 1793 837
f 139 1793 1939
f 883 139 1939
f 1951 883 1939
f 139 883 236
f 1400 883 1884
f 883 1951 1884
f 883 1400 991
f 1951 208 1884
f 1216 208 1951
f 208 1123 1884
f 208 1216 1123
f 885 1212 688
f 1212 885 949
f 1438 558 437
f 1438 1573 558
f 1239 1260 1623
f 1260 814 1623
f 1260 1051 875
f 1051 1260 1239
f 1239 1270 944
f 612 240 1801
f 649 240 612
f 752 1288 58
f 308 742 215
f 742 308 1875
f 308 1782 109
f 539 1718 629
f 737 243 1286
f 737 752 58
f 1288 249 58
f 1622 249 1381
f 848 999 437
f 1278 25 1723
f 292 1278 848
f 1121 848 437
f 1121 292 848
f 1084 974 1877
f 1084 1771 974
f 1084 763 1771
f 763 1535 1771
f 1857 1535 1099
f 1535 763 1099
f 160 1051 1099
f 1051 160 275
f 763 160 1099
f 1084 160 763
f 275 160 1877
f 160 1084 1877
f 1891 25 1099
f 1051 1891 1099
f 1891 1051 944
f 25 1891 1723
f 1569 1891 944
f 663 1424 1532
f 1424 756 1532
f 1463 832 1759
f 1463 866 832
f 839 1479 1157
f 1171 1199 1133
f 1199 1171 364
f 1199 1866 1133
f 672 8 946
f 8 408 1025
f 8 44 946
f 44 8 1025
f 295 351 649
f 855 1288 1913
f 351 855 1913
f 855 249 1288
f 311 984 40
f 984 189 40
f 189 984 1797
f 1657 245 1378
f 1848 245 1657
f 1519 548 1408
f 548 1848 1408
f 898 1144 1434
f 898 1520 1548
f 898 789 1520
f 47 9 1186
f 9 47 299
f 1200 683 554
f 1469 1694 1748
f 1694 1469 1689
f 1469 1065 1689
f 1469 1894 1065
f 1613 272 509
f 1390 683 1530
f 1390 793 352
f 793 1390 1530
f 1843 1711 605
f 1843 434 1360
f 1711 1843 1360
f 1906 1080 267
f 995 847 203
f 1246 1751 203
f 1743 1246 1823
f 15 1743 1512
f 1743 1751 1246
f 1751 1743 15
f 1156 462 79
f 462 1751 15
f 1096 1156 79
f 1096 1102 1978
f 254 940 79
f 729 339 569
f 43 1563 1822
f 998 1274 1577
f 1280 998 1577
f 1664 1026 1890
f 1664 1890 749
f 1664 1754 884
f 1026 1664 884
f 406 730 884
f 730 1026 884
f 730 265 1748
f 730 1748 980
f 1026 730 980
f 735 560 1310
f 560 864 1310
f 560 735 1072
f 1003 560 1072
f 560 1003 864
f 1003 406 676
f 864 1003 676
f 1922 1114 749
f 1114 1664 749
f 1664 1114 1754
f 1533 9 299
f 1252 1533 299
f 9 1533 1397
f 1533 1385 1397
f 1533 1252 1613
f 1533 1613 509
f 1385 1533 509
f 43 213 916
f 237 338 1822
f 1358 973 151
f 1207 1358 151
f 1358 1207 1488
f 1642 516 331
f 973 144 1811
f 144 1642 331
f 1358 144 973
f 144 1358 1662
f 1642 144 1662
f 1207 845 1605
f 845 829 1605
f 1009 845 180
f 845 1009 829
f 1874 136 1728
f 829 136 1874
f 1009 136 829
f 136 1198 1728
f 658 1767 516
f 1767 658 862
f 323 809 256
f 809 323 397
f 323 1752 397
f 370 809 397
f 1118 370 397
f 370 1118 1404
f 370 1404 1082
f 809 370 1082
f 1992 1702 1039
f 1992 1171 1702
f 623 1792 868
f 617 623 868
f 1137 1593 925
f 1562 1392 16
f 957 456 112
f 456 957 904
f 766 957 112
f 957 766 1085
f 1302 1496 157
f 456 1302 157
f 1800 753 157
f 456 753 112
f 753 456 157
f 907 293 1606
f 293 439 1606
f 293 907 1298
f 439 1294 1606
f 1294 439 1343
f 1294 1340 1606
f 1405 412 720
f 85 412 1521
f 412 85 720
f 1136 1405 363
f 1136 1257 1521
f 1257 1136 363
f 412 1136 1521
f 1136 412 1405
f 1372 1572 707
f 1372 942 1572
f 942 1372 613
f 1513 273 1034
f 85 273 720
f 1087 1513 1098
f 301 1513 1034
f 162 1087 1098
f 757 1181 838
f 354 1761 51
f 1761 354 1490
f 1377 593 541
f 593 51 541
f 1133 593 1377
f 1626 593 1133
f 593 354 51
f 354 593 1626
f 1761 1724 1587
f 1724 1761 1490
f 60 1421 1769
f 585 60 908
f 1970 1720 1620
f 746 1970 1620
f 1477 26 1381
f 26 1622 1381
f 26 1477 578
f 429 737 58
f 737 429 243
f 9 1299 1186
f 1299 9 243
f 429 1299 243
f 1477 1543 578
f 1543 1482 578
f 1482 1543 1244
f 703 1428 1063
f 1428 581 1063
f 581 1428 1523
f 1428 1880 1523
f 1831 54 342
f 45 1831 342
f 581 1831 1063
f 738 869 95
f 441 738 95
f 666 1167 154
f 1167 666 721
f 666 570 721
f 1442 400 1994
f 400 1442 946
f 1632 95 54
f 1632 441 95
f 694 1632 54
f 585 1837 1611
f 1837 585 703
f 1837 682 1611
f 682 1837 45
f 1837 703 1063
f 1831 1837 1063
f 1837 1831 45
f 277 285 630
f 285 1482 1244
f 1482 285 1769
f 285 277 908
f 285 60 1769
f 60 285 908
f 867 1006 1243
f 867 1443 1006
f 1443 867 367
f 867 361 367
f 867 1161 361
f 1431 158 1570
f 158 1431 507
f 1045 158 507
f 1443 250 1006
f 250 810 1006
f 810 250 288
f 250 1443 247
f 288 250 247
f 810 1881 396
f 1368 795 1241
f 795 153 1241
f 153 795 408
f 795 42 1635
f 795 1635 1025
f 408 795 1025
f 1789 1112 216
f 1112 210 216
f 1161 1112 1789
f 42 28 1717
f 1229 1019 1717
f 1001 288 1292
f 1001 810 288
f 1881 1001 1292
f 1001 1881 810
f 956 1739 1789
f 1739 1161 1789
f 1739 956 69
f 1249 1739 69
f 1161 1739 1249
f 698 956 1789
f 956 698 287
f 698 62 287
f 62 1675 1546
f 1675 200 1546
f 1511 1189 1598
f 36 1384 1283
f 36 1676 1384
f 1031 36 1283
f 36 1031 1676
f 113 1742 976
f 1742 113 1020
f 588 113 1135
f 113 588 1020
f 72 181 1135
f 181 72 1516
f 72 1031 1516
f 1031 72 1676
f 1213 921 1167
f 1745 1213 1167
f 497 1213 1745
f 921 1213 1629
f 1213 497 1629
f 1342 1745 396
f 1342 497 1745
f 497 1342 1629
f 807 1342 396
f 1 921 1629
f 1981 1 1629
f 1 1981 1321
f 1663 588 1981
f 1663 1981 1629
f 1679 780 1163
f 780 262 1163
f 262 780 536
f 1045 386 1531
f 1053 386 1045
f 1847 1291 327
f 1291 20 327
f 1810 924 152
f 924 1810 1306
f 393 1667 1407
f 152 927 1498
f 924 927 152
f 927 20 1498
f 20 927 327
f 927 553 327
f 951 924 1306
f 951 1306 182
f 767 877 1489
f 877 767 553
f 877 951 1489
f 951 877 924
f 425 1844 1245
f 1615 1844 425
f 1844 1615 544
f 1768 708 583
f 708 1768 1245
f 708 1870 1050
f 1140 360 1574
f 231 939 75
f 231 393 939
f 500 1665 521
f 886 1564 168
f 633 505 1169
f 505 633 1591
f 413 736 1722
f 64 413 1722
f 736 413 512
f 413 1493 512
f 413 64 1493
f 1175 1262 1493
f 64 1175 1493
f 1175 64 1722
f 294 1876 1982
f 1876 294 1998
f 1876 831 1982
f 1876 1998 831
f 1281 279 1547
f 279 1281 1059
f 164 1281 1547
f 1281 164 14
f 1059 1281 1540
f 1281 14 1540
f 1999 1630 233
f 668 1683 1525
f 668 639 1683
f 48 667 1024
f 146 35 1095
f 1912 464 1095
f 1630 1164 233
f 1164 1630 326
f 1554 190 163
f 1211 1795 1493
f 1013 1795 573
f 1795 584 573
f 1013 495 750
f 495 1013 573
f 1630 495 573
f 1999 495 1630
f 1773 1760 512
f 1909 1773 512
f 1773 886 1760
f 198 1013 750
f 198 1909 512
f 1788 755 1801
f 316 1788 978
f 755 1788 316
f 1134 447 7
f 1732 447 1134
f 461 979 754
f 1309 374 637
f 508 1838 1824
f 1932 1824 717
f 1932 508 1824
f 1688 398 1481
f 111 537 717
f 1083 111 717
f 893 1780 826
f 1977 893 857
f 1780 893 1977
f 6 1230 579
f 1990 663 1532
f 1990 1018 663
f 1018 1990 833
f 1038 1966 1614
f 1083 1538 610
f 468 1083 1824
f 480 823 1332
f 71 640 1144
f 898 71 1144
f 934 71 1548
f 71 898 1548
f 1631 71 197
f 71 1631 640
f 40 1631 865
f 640 1631 40
f 833 129 1332
f 220 1638 191
f 1638 220 1309
f 220 191 1540
f 164 220 1540
f 900 1402 1971
f 1453 900 1971
f 1059 900 1566
f 1402 900 1059
f 535 1961 637
f 1838 535 637
f 959 1453 149
f 1058 571 1566
f 900 1058 1566
f 1058 900 1453
f 1793 1465 837
f 319 139 236
f 733 319 236
f 319 1793 139
f 319 1465 1793
f 631 883 991
f 883 631 236
f 1806 928 1855
f 928 1806 1312
f 1878 928 1312
f 1592 850 472
f 945 1368 1241
f 1307 945 1241
f 945 1307 1758
f 59 1511 1598
f 1511 59 1770
f 1987 1170 276
f 1170 300 904
f 1170 1987 300
f 745 1942 67
f 1561 1942 745
f 1580 1669 745
f 1669 1561 745
f 696 1669 1580
f 1669 696 114
f 812 1047 388
f 1561 812 388
f 1669 812 1561
f 1047 812 211
f 433 426 1835
f 391 426 433
f 116 74 230
f 426 481 1835
f 428 426 391
f 428 481 426
f 1425 1579 939
f 1579 1840 75
f 939 1579 75
f 445 74 91
f 445 1599 230
f 74 445 230
f 357 445 91
f 1497 1618 1002
f 1497 388 1655
f 388 1497 1002
f 1129 391 1002
f 1618 1129 1002
f 693 969 1917
f 693 228 1885
f 228 693 1917
f 1237 788 705
f 705 788 1927
f 788 1850 172
f 788 1107 1927
f 788 172 1107
f 1464 300 1699
f 300 1464 783
f 263 161 1869
f 228 1403 1885
f 32 975 1594
f 1757 768 92
f 768 1757 1004
f 279 1757 92
f 1757 279 1004
f 1224 977 1004
f 977 768 1004
f 768 977 1591
f 253 977 1975
f 505 977 253
f 977 505 1591
f 1682 1627 1674
f 466 55 1044
f 55 466 808
f 466 1435 808
f 375 748 486
f 1435 1222 808
f 1222 486 18
f 1222 375 486
f 375 1222 1435
f 1222 1486 808
f 1486 1222 18
f 813 732 991
f 1607 643 1975
f 1058 1911 571
f 383 140 706
f 1747 383 706
f 140 383 1044
f 383 466 1044
f 383 1747 321
f 466 383 321
f 873 1576 387
f 1576 873 1494
f 1576 1494 576
f 387 1576 1353
f 1576 123 1353
f 123 1576 576
f 7 598 325
f 598 1808 325
f 1986 1808 1968
f 1808 1986 325
f 1908 742 1875
f 395 1509 789
f 395 898 1434
f 898 395 789
f 395 1434 1104
f 1509 646 1766
f 646 1828 1766
f 646 395 1104
f 395 646 1509
f 204 740 436
f 204 1732 1134
f 740 401 1787
f 1648 1192 1539
f 1192 1604 1728
f 1604 1192 1787
f 1192 1648 1787
f 1198 1192 1728
f 1192 1198 1539
f 1884 1558 1349
f 488 1558 1335
f 1558 677 1349
f 1558 488 677
f 1423 1147 1805
f 1423 1503 1147
f 719 801 221
f 1503 801 719
f 801 214 221
f 214 801 1899
f 1976 337 815
f 337 455 815
f 337 702 455
f 673 259 1153
f 259 1338 1153
f 1338 259 1691
f 259 455 1704
f 1691 259 1704
f 1351 1935 673
f 1935 1826 599
f 337 1935 905
f 384 567 1422
f 1780 567 826
f 567 1780 1422
f 1544 183 1042
f 1544 384 183
f 1218 1544 1042
f 1845 1647 1042
f 1845 183 1763
f 183 1845 1042
f 1865 669 1974
f 936 1865 1974
f 669 1930 1749
f 987 669 1749
f 1730 1022 313
f 1865 1432 1716
f 1432 1865 936
f 1123 1567 1884
f 202 1322 764
f 202 1873 1322
f 1086 202 764
f 1873 202 1086
f 728 1930 579
f 1930 728 1749
f 522 1197 419
f 380 522 419
f 46 1589 115
f 1197 1589 46
f 1589 522 212
f 522 1589 1197
f 1108 1153 320
f 1153 1108 1293
f 1108 1369 1293
f 1369 1108 533
f 845 1756 180
f 1756 845 1207
f 1756 1207 151
f 1500 380 1393
f 1060 1500 1393
f 1500 522 380
f 1375 440 941
f 1212 371 688
f 656 371 1212
f 756 1625 1532
f 1625 756 1573
f 1625 1990 1532
f 407 1278 1723
f 1278 407 848
f 1891 407 1723
f 407 1639 848
f 1639 1891 1569
f 1639 407 1891
f 1128 1569 944
f 1128 1270 1614
f 1270 1128 944
f 1966 1128 1614
f 1923 351 1913
f 351 1923 649
f 1923 240 649
f 1258 1033 109
f 1782 1258 109
f 592 1923 1913
f 509 1813 1286
f 1813 539 1286
f 2 626 1033
f 737 1560 752
f 1560 737 1286
f 539 1560 1286
f 1560 539 629
f 249 1325 58
f 1325 429 58
f 1325 1299 429
f 1841 695 1401
f 1475 1683 1927
f 1107 1475 1927
f 1683 1475 1525
f 1841 1475 1107
f 1295 1764 359
f 881 1764 1295
f 1764 881 1693
f 1151 1121 437
f 1151 1295 359
f 1010 1151 437
f 1151 1010 1295
f 695 432 1401
f 432 695 1023
f 917 1054 1277
f 1054 917 1121
f 1151 1054 1121
f 695 1188 1023
f 1451 1172 819
f 917 1451 1121
f 292 1451 819
f 1121 1451 292
f 741 1406 613
f 25 501 1099
f 501 1857 1099
f 501 799 1857
f 1406 501 1233
f 501 1406 799
f 1005 29 1508
f 635 1005 1508
f 1572 1005 707
f 29 1005 1572
f 1005 50 707
f 68 1535 1857
f 1535 68 741
f 68 1406 741
f 799 68 1857
f 1406 68 799
f 1535 662 1771
f 662 1900 1771
f 1900 662 838
f 662 1896 838
f 1424 1809 756
f 756 1809 355
f 1992 772 1171
f 772 8 672
f 772 761 408
f 8 772 408
f 772 672 364
f 1171 772 364
f 1395 649 747
f 1395 295 649
f 1181 1395 747
f 295 798 1477
f 798 1543 1477
f 1543 798 1244
f 798 757 1244
f 757 798 1181
f 260 855 351
f 249 260 1381
f 855 260 249
f 245 410 1378
f 1378 410 1877
f 410 275 1877
f 410 785 275
f 896 1958 399
f 536 1116 1186
f 1116 47 1186
f 514 1200 554
f 385 272 1613
f 1065 385 1689
f 1439 385 1613
f 1689 385 1283
f 385 1439 1283
f 272 1798 950
f 1798 1949 950
f 385 1798 272
f 1894 1798 1065
f 1798 385 1065
f 1390 964 683
f 964 1390 352
f 538 1080 1906
f 538 1906 1822
f 1563 538 1822
f 551 704 1978
f 704 282 1978
f 282 1096 1978
f 1096 282 1156
f 1156 282 786
f 1080 282 267
f 282 704 267
f 218 853 1646
f 1646 853 151
f 853 1756 151
f 702 403 1247
f 403 940 1247
f 665 337 905
f 337 665 702
f 665 403 702
f 1545 15 1512
f 1545 462 15
f 254 1545 1512
f 462 1545 79
f 1545 254 79
f 97 1156 786
f 97 462 1156
f 995 97 786
f 97 995 203
f 1751 97 203
f 462 97 1751
f 1743 609 1512
f 609 254 1512
f 609 1743 1823
f 940 609 1823
f 254 609 940
f 1910 970 1984
f 1910 1563 43
f 1563 1910 1984
f 1910 43 916
f 970 1910 916
f 970 341 1984
f 341 339 1984
f 1380 729 434
f 1843 1380 434
f 339 587 1984
f 587 680 1984
f 587 339 729
f 1380 587 729
f 587 1380 1843
f 998 1861 1274
f 1861 701 1274
f 1200 37 683
f 1517 37 1200
f 683 37 1072
f 730 186 265
f 1028 730 406
f 1003 1028 406
f 1028 186 730
f 1114 1495 1754
f 1495 1114 1922
f 1495 676 1754
f 1495 1922 676
f 358 43 1822
f 338 358 1822
f 358 213 43
f 1696 237 1811
f 1696 338 237
f 1358 655 1662
f 655 1358 1488
f 655 1488 1605
f 527 324 651
f 1604 324 1728
f 324 1604 651
f 655 1701 1662
f 1701 655 1605
f 402 527 651
f 1968 402 651
f 402 1968 1628
f 402 302 333
f 658 1374 862
f 516 791 331
f 1767 791 516
f 376 334 1727
f 1784 376 1727
f 376 1784 1606
f 1340 376 1606
f 1643 889 1429
f 1643 1814 889
f 1859 1643 1429
f 1643 1859 334
f 1962 1460 710
f 889 1713 1039
f 1713 1992 1039
f 1364 1713 889
f 1460 1713 710
f 1713 1364 710
f 772 382 761
f 382 772 1992
f 1713 382 1992
f 382 1713 1460
f 1792 427 925
f 623 427 1792
f 427 1137 925
f 1137 1914 1593
f 1914 1367 1593
f 1483 1562 1593
f 1367 1483 1593
f 1483 1392 1562
f 1483 1367 1392
f 1367 775 1392
f 1392 775 16
f 1914 775 1367
f 766 322 1085
f 1458 293 1298
f 293 1458 439
f 1458 1298 16
f 439 1458 1343
f 1343 1458 710
f 1940 1458 16
f 1458 1940 710
f 1514 1989 761
f 1514 382 1132
f 382 1514 761
f 1514 1931 1989
f 761 155 153
f 1989 155 761
f 153 155 1241
f 155 1307 1241
f 155 1040 1307
f 636 1405 720
f 1467 636 720
f 636 1467 888
f 1733 1467 720
f 1087 1733 1513
f 273 1733 720
f 1733 273 1513
f 1644 660 1159
f 660 1644 389
f 405 1733 1087
f 405 162 193
f 162 405 1087
f 525 600 1034
f 600 301 1034
f 301 600 911
f 600 908 911
f 908 600 525
f 751 162 1896
f 662 751 1896
f 162 751 193
f 751 1535 741
f 751 662 1535
f 751 741 613
f 1372 751 613
f 193 751 1372
f 1896 314 838
f 314 757 838
f 1719 314 1896
f 757 722 1244
f 722 285 1244
f 285 722 630
f 1947 354 1626
f 1947 1626 1133
f 1055 1947 1133
f 354 1947 1490
f 1947 1724 1490
f 273 1081 1034
f 1081 273 85
f 1257 1081 85
f 1880 1081 1257
f 1880 1802 1523
f 1109 1802 1880
f 842 585 1611
f 842 60 585
f 60 842 1421
f 869 842 1611
f 842 869 1620
f 1421 842 1620
f 913 1970 1710
f 1970 913 1720
f 1720 913 578
f 1781 26 578
f 1781 913 1710
f 913 1781 578
f 1299 1964 1186
f 1964 262 1186
f 1970 1964 1710
f 1964 746 262
f 1964 1970 746
f 725 703 525
f 725 1428 703
f 725 525 1034
f 1081 725 1034
f 1428 725 1880
f 725 1081 1880
f 1399 1831 581
f 1399 581 1523
f 54 1399 1093
f 1831 1399 54
f 1399 1055 1093
f 869 1256 828
f 738 1256 869
f 1256 746 828
f 309 1256 738
f 1256 309 1163
f 262 1256 1163
f 746 1256 262
f 1103 738 441
f 1103 666 154
f 1103 309 738
f 1668 1442 1994
f 570 1668 1994
f 666 1668 570
f 1863 1234 946
f 1442 1863 946
f 1863 872 1234
f 1817 1632 694
f 1817 694 1866
f 1199 1817 1866
f 797 158 1045
f 797 1045 1531
f 142 807 396
f 1881 142 396
f 1112 404 210
f 210 438 1368
f 438 28 1368
f 28 438 1717
f 438 1229 1717
f 517 795 1368
f 28 517 1368
f 795 517 42
f 517 28 42
f 1229 297 1019
f 1006 297 1243
f 1019 297 1006
f 404 297 1229
f 200 661 614
f 1675 661 200
f 1078 1130 614
f 1265 72 1135
f 72 1265 1676
f 113 1265 1135
f 1676 1265 976
f 1265 113 976
f 1342 1624 1629
f 1624 1342 807
f 1 1836 921
f 769 1836 154
f 1836 1551 154
f 1000 1 1321
f 1557 1000 1321
f 223 1117 647
f 1117 1053 647
f 1439 787 1283
f 787 1031 1283
f 787 1439 299
f 234 787 299
f 1031 787 1516
f 858 1291 1847
f 1062 858 726
f 858 1847 726
f 858 1062 20
f 1291 858 20
f 1833 1810 152
f 1810 1833 879
f 1833 1667 879
f 1833 988 1407
f 1667 1833 1407
f 1306 1706 182
f 1810 1706 1306
f 927 1983 553
f 1983 927 924
f 1983 877 553
f 877 1983 924
f 820 1603 487
f 1341 1603 820
f 1603 1341 777
f 360 1603 777
f 77 820 487
f 494 77 487
f 77 494 1950
f 894 77 1950
f 1985 494 487
f 1071 1985 487
f 1870 1919 1050
f 1373 1919 519
f 1373 1129 1618
f 1840 671 75
f 961 1047 211
f 1047 961 388
f 388 961 1655
f 961 446 1655
f 446 201 583
f 201 1768 583
f 201 961 211
f 961 201 446
f 1768 126 1245
f 1436 356 1574
f 360 1436 1574
f 1436 360 777
f 1649 625 61
f 625 1649 1489
f 951 625 1489
f 1090 146 1095
f 464 1090 1095
f 1327 1341 820
f 879 1820 544
f 1667 1820 879
f 206 500 1328
f 206 1665 500
f 206 1564 1665
f 206 164 1547
f 164 206 1328
f 1755 165 168
f 1564 1755 168
f 206 1755 1564
f 165 1755 1547
f 1755 206 1547
f 1492 1564 886
f 1564 1492 1665
f 450 633 1529
f 1584 450 11
f 450 1529 11
f 1591 450 1584
f 633 450 1591
f 1529 1142 1944
f 633 1142 1529
f 1142 1066 1944
f 1066 1142 1169
f 765 1864 1722
f 1864 1175 1722
f 294 1864 765
f 163 1864 1762
f 1864 294 1762
f 1175 1864 1262
f 1630 1484 326
f 1926 1999 233
f 1999 1926 296
f 266 597 137
f 1734 266 137
f 1071 1734 137
f 1553 1140 1948
f 639 1980 899
f 1980 668 899
f 668 1980 639
f 120 1734 667
f 1734 120 266
f 668 120 899
f 48 120 667
f 1660 48 1703
f 1403 1660 1703
f 1660 1403 228
f 1660 228 899
f 120 1660 899
f 1660 120 48
f 411 1479 1474
f 1862 411 1474
f 881 209 1693
f 966 209 881
f 209 792 1693
f 792 209 966
f 1323 35 146
f 1323 894 1950
f 894 1323 146
f 35 93 1095
f 1090 1126 61
f 1126 1090 464
f 1126 464 1912
f 1126 1164 326
f 1164 1126 1912
f 692 839 233
f 1164 692 233
f 1610 1211 1262
f 495 1905 750
f 1905 1999 296
f 1905 495 1999
f 1773 82 886
f 82 1773 1909
f 82 1492 886
f 1492 82 1665
f 1795 34 1493
f 34 1795 1013
f 1493 34 512
f 34 198 512
f 38 1788 574
f 38 1868 978
f 1788 38 978
f 447 863 7
f 863 1832 713
f 535 246 1961
f 1838 1796 1824
f 1796 1838 678
f 461 1796 678
f 1796 468 1824
f 1796 461 754
f 537 3 717
f 3 1932 717
f 3 537 1350
f 1217 933 1481
f 933 1688 1481
f 933 1217 156
f 1217 1279 156
f 1279 49 156
f 1297 1279 1312
f 49 1279 1297
f 49 1735 156
f 1061 1083 610
f 1061 111 1083
f 111 251 537
f 460 1520 857
f 893 460 857
f 1774 347 1565
f 347 1774 188
f 1958 1411 399
f 1411 1958 1581
f 644 6 1007
f 6 644 1892
f 644 586 1892
f 398 1634 1481
f 1634 582 1481
f 1634 398 896
f 1634 896 399
f 644 1621 586
f 586 1621 399
f 1621 1634 399
f 1634 1621 582
f 1168 582 1007
f 1990 1386 833
f 1038 1386 1966
f 1386 1038 833
f 498 805 1966
f 1386 498 1966
f 498 1386 1990
f 498 1625 805
f 1625 498 1990
f 1506 1263 564
f 1263 1506 365
f 1263 1352 564
f 1263 784 1352
f 1052 1018 1332
f 823 1052 1332
f 1352 222 564
f 222 480 564
f 480 222 823
f 931 480 1332
f 129 931 1332
f 931 129 1852
f 910 1038 1614
f 1270 910 1614
f 1537 910 1239
f 910 1270 1239
f 1036 129 833
f 910 1036 1038
f 1139 1631 197
f 1261 1506 564
f 1261 931 1852
f 480 1261 564
f 931 1261 480
f 1506 1556 365
f 1520 1556 1548
f 1556 934 1548
f 1556 1506 934
f 1746 839 1157
f 500 369 1328
f 714 1838 637
f 1838 714 678
f 470 1898 476
f 1898 470 1157
f 979 526 476
f 526 470 476
f 461 526 979
f 1418 1961 1872
f 959 1418 1872
f 1418 959 149
f 1638 1418 149
f 1961 1418 1638
f 656 424 759
f 424 1212 949
f 424 656 1212
f 963 733 236
f 631 963 236
f 1740 1592 143
f 318 1478 491
f 1478 318 1396
f 458 1478 1396
f 227 885 688
f 885 227 1730
f 1680 1878 1312
f 1601 1447 1217
f 1447 1279 1217
f 895 1740 435
f 1592 895 850
f 1740 895 1592
f 1819 458 1396
f 241 1819 1396
f 1125 596 1895
f 873 1125 1895
f 571 1744 171
f 1911 1744 571
f 1681 1758 1598
f 1681 945 1758
f 945 1681 1368
f 1681 210 1368
f 1681 1598 216
f 210 1681 216
f 1194 957 1085
f 957 1194 904
f 1194 1170 904
f 1180 1987 276
f 1637 1180 276
f 681 1561 388
f 681 1942 1561
f 681 388 1002
f 74 1967 91
f 1670 428 116
f 428 1670 481
f 1670 116 1835
f 481 1670 1835
f 1221 91 1092
f 357 1221 1092
f 1221 357 91
f 770 1579 1425
f 357 770 1425
f 445 1037 1599
f 357 1037 445
f 1037 357 1425
f 1037 1425 1921
f 1599 1037 1498
f 1037 1921 1498
f 1379 1129 1092
f 1379 1967 428
f 1379 428 391
f 1129 1379 391
f 91 1379 1092
f 1967 1379 91
f 1129 1070 1092
f 770 1070 1579
f 1070 357 1092
f 1070 770 357
f 693 379 969
f 969 379 145
f 379 1331 145
f 1850 421 172
f 172 421 1107
f 421 1841 1107
f 1504 88 1699
f 88 1464 1699
f 1700 1580 745
f 1700 1413 1580
f 1700 745 783
f 48 530 1594
f 530 32 1594
f 530 48 1024
f 263 530 1024
f 530 263 1869
f 32 530 1869
f 1778 1403 1703
f 696 1778 1594
f 48 1778 1703
f 1778 48 1594
f 1403 1208 1885
f 133 88 1504
f 133 1208 1403
f 32 56 211
f 56 32 1869
f 56 1238 211
f 568 1889 1948
f 1889 568 161
f 1889 263 1024
f 263 1889 161
f 425 281 1948
f 281 568 1948
f 1772 290 1224
f 290 977 1224
f 977 290 1975
f 290 1607 1975
f 1607 290 1772
f 638 1682 572
f 638 1627 1682
f 748 638 1839
f 375 638 748
f 638 375 1627
f 466 1907 1435
f 1907 375 1435
f 375 1907 1627
f 627 1907 321
f 1907 466 321
f 1201 631 991
f 732 1201 991
f 127 1201 24
f 716 1333 643
f 1607 716 643
f 524 1911 1058
f 524 1744 1911
f 895 1251 850
f 1174 1376 653
f 1908 972 742
f 972 1284 215
f 742 972 215
f 972 1908 713
f 598 1315 1808
f 1315 863 713
f 1315 598 7
f 863 1315 7
f 1542 204 436
f 1542 436 1766
f 1828 1542 1766
f 1542 646 1104
f 646 1542 1828
f 1732 1542 1104
f 204 1542 1732
f 1049 1604 1787
f 401 1049 1787
f 1604 1049 651
f 1049 1242 651
f 1049 401 1242
f 1242 283 1968
f 283 1986 1968
f 1354 401 740
f 1354 204 1134
f 204 1354 740
f 1354 1134 325
f 1986 1354 325
f 283 1354 1986
f 401 1354 1242
f 1354 283 1242
f 803 801 1503
f 1826 353 599
f 353 1826 1897
f 1541 1166 905
f 1166 665 905
f 1102 1166 1978
f 403 1166 1102
f 665 1166 403
f 551 1225 1382
f 1225 551 1978
f 353 962 599
f 962 1225 1541
f 1976 307 673
f 307 259 673
f 307 1976 815
f 1209 1935 599
f 962 1209 599
f 1209 962 1541
f 1209 1541 905
f 1935 1209 905
f 870 1935 1351
f 1935 870 1826
f 870 1351 1293
f 1369 870 1293
f 1935 454 673
f 454 1935 337
f 454 1976 673
f 454 337 1976
f 691 893 826
f 460 691 1565
f 691 460 893
f 1230 641 1218
f 641 1544 1218
f 641 6 1892
f 6 641 1230
f 1774 641 1892
f 1544 641 384
f 641 1774 1565
f 1845 589 1647
f 589 1499 840
f 1647 589 840
f 1499 589 1763
f 589 1845 1763
f 1785 1930 669
f 1785 1865 1716
f 1865 1785 669
f 1168 1785 1716
f 1830 987 1749
f 479 936 313
f 1022 479 313
f 479 1022 1601
f 1012 1601 1217
f 1012 479 1601
f 1012 1432 936
f 479 1012 936
f 1619 1122 1355
f 94 594 590
f 1714 261 936
f 261 106 1633
f 960 106 5
f 1775 106 960
f 1633 106 1110
f 106 1775 1110
f 1775 431 590
f 431 1775 960
f 76 1589 212
f 1946 76 212
f 76 1946 533
f 1198 860 1393
f 860 1060 1393
f 136 860 1198
f 860 136 1009
f 860 1009 180
f 1060 860 180
f 1500 1515 522
f 952 890 1375
f 890 1730 313
f 890 885 1730
f 890 952 885
f 1882 890 313
f 936 1882 313
f 261 1882 936
f 1882 261 1633
f 1122 368 1355
f 440 368 1122
f 368 1633 1355
f 368 1882 1633
f 1882 368 890
f 368 440 1375
f 890 368 1375
f 371 1578 688
f 1578 227 688
f 1527 1639 1569
f 1527 805 1226
f 1459 1527 1226
f 1527 1459 1639
f 650 1128 1966
f 1128 650 1569
f 805 650 1966
f 1527 650 805
f 650 1527 1569
f 1625 1011 805
f 1345 1258 1782
f 1718 1345 629
f 1258 1345 1718
f 1284 1203 215
f 1203 308 215
f 981 1284 1801
f 240 981 1801
f 272 1996 509
f 1996 1813 509
f 1996 272 950
f 1813 1996 950
f 953 1993 950
f 1993 1813 950
f 1993 953 1997
f 1461 1993 1997
f 2 1993 1461
f 328 1461 1997
f 2 328 626
f 328 2 1461
f 1193 2 1033
f 1258 1193 1033
f 1193 1258 1718
f 1193 1993 2
f 539 1193 1718
f 1813 1193 539
f 1993 1193 1813
f 22 249 1622
f 22 1325 249
f 1475 1600 1525
f 1600 1475 715
f 597 1600 715
f 1600 266 1525
f 1600 597 266
f 1014 1475 1841
f 1475 1014 715
f 1764 1518 359
f 1518 1764 1693
f 1505 102 248
f 1505 1155 102
f 1518 1505 248
f 1155 620 102
f 620 432 102
f 432 620 1401
f 620 1841 1401
f 620 1014 1841
f 621 1023 359
f 621 432 1023
f 432 621 102
f 102 621 248
f 1518 621 359
f 621 1518 248
f 1054 1902 1277
f 1902 1188 1277
f 1188 1902 1023
f 1015 917 1277
f 1188 1015 1277
f 1188 689 1901
f 689 1188 695
f 689 695 1841
f 1846 1188 1901
f 219 1846 1901
f 1846 219 1945
f 1846 1015 1188
f 167 1846 1945
f 942 562 1572
f 562 942 613
f 1406 562 613
f 844 1816 1233
f 1278 844 25
f 844 501 25
f 501 844 1233
f 1005 816 50
f 816 1005 635
f 816 389 50
f 816 660 389
f 816 635 1159
f 660 816 1159
f 1809 645 355
f 979 645 754
f 645 979 355
f 468 968 1083
f 968 1796 754
f 1796 968 468
f 1555 1424 663
f 1555 1809 1424
f 1018 1555 663
f 1555 645 1809
f 1538 1555 1018
f 645 1555 754
f 1555 968 754
f 1555 1538 1083
f 968 1555 1083
f 96 566 1479
f 96 411 866
f 411 96 1479
f 1463 96 866
f 1479 943 1157
f 566 943 1479
f 943 1898 1157
f 1898 943 566
f 477 1395 1181
f 1395 477 295
f 798 477 1181
f 477 798 295
f 260 27 1381
f 27 1477 1381
f 27 295 1477
f 295 27 351
f 27 260 351
f 814 1414 851
f 887 410 245
f 984 887 1797
f 78 1116 536
f 780 78 536
f 1000 78 1551
f 78 1000 1557
f 78 1679 1551
f 78 780 1679
f 1776 953 950
f 1949 1776 950
f 953 1776 265
f 265 1776 1748
f 1776 1949 1748
f 1949 489 1748
f 489 1469 1748
f 489 1894 1469
f 489 1798 1894
f 1798 489 1949
f 1255 995 786
f 1255 538 995
f 538 1255 1080
f 282 1255 786
f 1255 282 1080
f 218 817 724
f 549 1906 267
f 1906 549 1822
f 549 237 1822
f 817 1324 724
f 1324 817 1963
f 704 1324 267
f 1324 1963 267
f 1826 1779 1897
f 1617 853 218
f 853 1617 304
f 1617 1101 304
f 853 1965 1756
f 1965 1060 180
f 1756 1965 180
f 1965 853 304
f 1515 1965 304
f 1965 1500 1060
f 1965 1515 1500
f 403 971 940
f 971 403 1102
f 1096 971 1102
f 940 971 79
f 971 1096 79
f 147 1280 475
f 147 475 569
f 339 147 569
f 341 147 339
f 1303 587 1843
f 1185 1303 605
f 1303 1843 605
f 1303 1246 203
f 1303 1185 1246
f 1231 1563 1984
f 1259 1231 1984
f 1231 538 1563
f 680 534 1984
f 534 1259 1984
f 213 1069 916
f 1069 1861 916
f 1069 213 701
f 1861 1069 701
f 1028 1271 1517
f 1271 1028 1003
f 1271 1003 1072
f 37 1271 1072
f 1271 37 1517
f 1550 1517 1200
f 1550 1028 1517
f 186 1550 1200
f 1028 1550 186
f 358 1468 213
f 1468 358 338
f 1696 1468 338
f 213 1468 701
f 1269 402 1628
f 402 1269 302
f 626 800 1033
f 349 324 527
f 349 1874 1728
f 324 349 1728
f 1936 938 333
f 938 1374 658
f 1374 938 1936
f 1374 1344 862
f 1344 964 352
f 1357 1344 352
f 1344 1357 862
f 685 1752 331
f 791 685 331
f 1814 1673 889
f 1673 1364 889
f 1721 1043 1814
f 1721 376 1340
f 1643 1721 1814
f 376 1721 334
f 1721 1643 334
f 1777 1721 1340
f 1721 1777 1043
f 1043 1777 1343
f 1364 1888 710
f 1931 1854 903
f 1854 1962 710
f 1854 1514 1132
f 1514 1854 1931
f 1940 1854 710
f 903 1854 1940
f 1962 852 1460
f 852 382 1460
f 1854 852 1962
f 1137 1391 778
f 427 1391 1137
f 1391 623 778
f 1391 427 623
f 330 982 528
f 73 330 528
f 506 623 617
f 506 278 623
f 982 506 617
f 330 506 982
f 278 871 623
f 912 1137 778
f 912 1914 1137
f 1583 1698 1141
f 1698 1800 157
f 1698 1496 1141
f 1496 1698 157
f 1522 192 1914
f 1496 1522 1141
f 192 1522 1496
f 1741 1195 1237
f 1741 1237 100
f 1741 993 1195
f 993 100 145
f 993 1741 100
f 993 781 1195
f 841 1302 456
f 841 456 904
f 841 904 16
f 775 841 16
f 1307 1437 1758
f 1040 1437 1307
f 59 1437 1770
f 1770 1437 1940
f 1437 1040 1940
f 1758 1437 1598
f 1437 59 1598
f 1363 1931 903
f 155 1363 1040
f 1931 1363 1989
f 1363 155 1989
f 1363 903 1940
f 1040 1363 1940
f 1405 1552 362
f 636 1552 1405
f 1552 636 888
f 1115 1552 888
f 1552 1115 362
f 1733 125 1467
f 405 125 1733
f 50 628 707
f 628 1372 707
f 635 1389 1159
f 1389 635 1508
f 430 405 193
f 430 193 1372
f 125 430 13
f 430 125 405
f 1513 743 1098
f 301 743 1513
f 162 1337 1896
f 1337 1719 1896
f 1337 162 1098
f 743 1337 1098
f 1441 314 1719
f 630 1441 911
f 1441 301 911
f 1337 1441 1719
f 1441 743 301
f 1441 1337 743
f 1802 258 1523
f 258 1802 1055
f 258 1399 1523
f 1399 258 1055
f 372 1947 1055
f 1802 372 1055
f 1947 372 1724
f 1109 372 1802
f 622 1880 1257
f 622 1109 1880
f 622 1257 363
f 1109 622 363
f 1995 1781 1710
f 1781 1995 26
f 1964 118 1710
f 118 1964 1299
f 118 1995 1710
f 26 118 1622
f 1995 118 26
f 1804 1103 441
f 1103 1804 666
f 1804 1668 666
f 1103 268 309
f 268 1679 1163
f 309 268 1163
f 268 1103 154
f 1551 268 154
f 1679 268 1551
f 606 1199 364
f 606 1817 1199
f 606 364 1234
f 872 606 1234
f 606 872 1632
f 1817 606 1632
f 1016 1624 807
f 1016 1531 1629
f 1624 1016 1629
f 1398 142 1881
f 142 1398 807
f 1398 1016 807
f 1570 1398 1292
f 1398 1881 1292
f 835 404 1112
f 835 867 1243
f 297 835 1243
f 835 297 404
f 867 835 1161
f 835 1112 1161
f 1320 404 1229
f 438 1320 1229
f 404 1320 210
f 1320 438 210
f 1956 1189 614
f 661 1956 614
f 1956 1789 216
f 1189 1956 216
f 1956 698 1789
f 698 1956 62
f 1956 1675 62
f 1956 661 1675
f 1078 344 1130
f 1130 344 1420
f 344 1770 1420
f 344 1511 1770
f 1189 21 614
f 21 1078 614
f 21 344 1078
f 1511 21 1189
f 344 21 1511
f 782 769 921
f 1836 782 921
f 782 1836 769
f 415 1000 1551
f 1000 415 1
f 1836 415 1551
f 415 1836 1
f 1120 1663 1629
f 1120 386 1053
f 1531 1120 1629
f 386 1120 1531
f 1928 223 1020
f 1928 1117 223
f 588 1928 1020
f 1663 1928 588
f 1117 1928 1663
f 787 1030 1516
f 1030 787 234
f 181 1030 1321
f 1030 181 1516
f 1030 1557 1321
f 1030 234 1557
f 988 1645 152
f 1645 1833 152
f 1833 1645 988
f 1124 1810 879
f 1124 1903 1810
f 1124 879 544
f 1903 1124 544
f 52 1183 544
f 1183 1903 544
f 289 1706 1810
f 1903 289 1810
f 1183 289 1903
f 289 1183 52
f 289 52 182
f 1706 289 182
f 1786 1071 137
f 1786 1985 1071
f 597 1786 137
f 336 1919 1100
f 1919 336 519
f 1919 270 1100
f 270 1919 1870
f 827 583 1050
f 1471 519 1840
f 1471 1373 519
f 1579 1471 1840
f 1070 1471 1579
f 98 336 1100
f 336 98 671
f 270 98 1100
f 201 687 1768
f 687 126 1768
f 687 201 211
f 1238 687 211
f 126 687 1238
f 625 1205 61
f 1205 625 1388
f 1205 1090 61
f 625 914 1388
f 356 914 182
f 914 951 182
f 914 625 951
f 804 1327 820
f 1327 804 894
f 77 804 820
f 804 77 894
f 1820 1988 544
f 1988 1844 544
f 1988 270 1870
f 1988 1870 708
f 1988 708 1245
f 1844 1988 1245
f 561 633 1169
f 1142 561 1169
f 561 1142 633
f 1484 174 326
f 989 1630 573
f 989 1484 1630
f 584 989 573
f 989 709 1484
f 174 709 1893
f 709 174 1484
f 1684 709 822
f 1893 709 1684
f 709 190 1554
f 709 989 190
f 457 1746 1131
f 457 1926 233
f 346 1734 1071
f 1553 346 1071
f 1734 346 667
f 1553 177 1140
f 1603 177 487
f 177 1071 487
f 177 1553 1071
f 266 1154 1525
f 120 1154 266
f 1154 668 1525
f 1154 120 668
f 1590 792 966
f 792 1590 494
f 947 93 35
f 194 966 881
f 832 194 1295
f 194 881 1295
f 1323 490 35
f 490 947 35
f 825 490 1950
f 490 1323 1950
f 465 1684 61
f 1126 465 61
f 1692 1479 839
f 692 1692 839
f 1150 1610 1262
f 1610 1150 190
f 190 1150 163
f 1150 1864 163
f 1864 1150 1262
f 1487 1610 190
f 989 1487 190
f 1487 989 584
f 1610 1487 1211
f 1487 1795 1211
f 1795 1487 584
f 750 1536 521
f 1905 1536 750
f 82 1585 1665
f 1585 750 521
f 1665 1585 521
f 1585 82 1909
f 1585 198 750
f 198 1585 1909
f 198 1366 1013
f 1366 34 1013
f 34 1366 198
f 906 38 574
f 906 394 1732
f 329 906 574
f 773 394 1832
f 863 773 1832
f 773 863 447
f 1732 773 447
f 394 773 1732
f 723 246 700
f 1961 723 1872
f 246 723 1961
f 246 718 700
f 718 246 535
f 138 3 1350
f 1641 138 1350
f 1174 138 1641
f 138 1174 653
f 700 138 653
f 834 933 156
f 933 834 1688
f 834 398 1688
f 398 1158 896
f 377 1641 1350
f 1370 377 1350
f 377 141 1641
f 1685 1061 610
f 1061 184 111
f 184 251 111
f 251 184 1726
f 550 175 1726
f 175 251 1726
f 103 175 550
f 1774 1957 188
f 582 315 1007
f 1621 315 582
f 315 644 1007
f 315 1621 644
f 582 1067 1481
f 1168 1067 582
f 1067 1217 1481
f 1067 1168 1716
f 1785 105 1930
f 105 1785 1168
f 1076 1263 365
f 1076 1411 1581
f 188 1076 365
f 1957 1076 188
f 1076 1957 1411
f 784 557 1206
f 1263 557 784
f 618 1538 1018
f 1052 618 1018
f 1538 618 610
f 33 222 1352
f 784 33 1352
f 222 33 823
f 1038 880 833
f 880 1036 833
f 1036 880 1038
f 1954 910 1537
f 1954 1036 910
f 1954 1537 865
f 129 642 1852
f 642 1139 1852
f 1506 1650 934
f 1261 1650 1506
f 71 1650 197
f 1650 71 934
f 1650 1261 1852
f 1650 1139 197
f 1139 1650 1852
f 1556 990 365
f 990 188 365
f 990 347 188
f 990 1556 1520
f 460 990 1520
f 990 460 1565
f 347 990 1565
f 839 657 233
f 1746 657 839
f 657 457 233
f 457 657 1746
f 470 1330 1157
f 1330 1746 1157
f 615 1330 510
f 1746 1330 1131
f 1330 615 1131
f 1790 615 510
f 615 1790 1008
f 1815 369 500
f 369 1815 1654
f 369 601 1328
f 1091 1898 566
f 1091 96 1463
f 96 1091 566
f 1898 1091 476
f 476 1091 1759
f 1091 1463 1759
f 1035 526 461
f 1465 802 837
f 802 762 837
f 762 802 949
f 1592 1177 143
f 1177 1592 472
f 1149 319 733
f 1227 127 24
f 1740 1227 24
f 1227 1740 143
f 733 1227 143
f 127 1227 733
f 902 187 491
f 1478 902 491
f 1279 1658 1312
f 1447 1658 1279
f 1658 1680 1312
f 483 1658 1447
f 1022 483 1601
f 483 1447 1601
f 483 1022 1730
f 1680 483 543
f 1658 483 1680
f 1491 928 1860
f 378 552 1860
f 552 378 1799
f 1853 552 264
f 1920 264 472
f 850 1920 472
f 1251 1920 850
f 1920 1251 856
f 493 895 435
f 286 1740 24
f 1740 286 435
f 638 954 1839
f 954 638 572
f 1125 1220 596
f 284 873 387
f 284 1125 873
f 1941 1268 1002
f 1268 681 1002
f 1268 1941 67
f 1942 1268 67
f 681 1268 1942
f 242 1669 114
f 242 1094 1669
f 975 242 114
f 32 242 975
f 674 812 1669
f 1094 674 1669
f 1937 74 116
f 1937 1967 74
f 428 1937 116
f 1967 1937 428
f 1373 876 1129
f 876 1070 1129
f 1471 876 1373
f 876 1471 1070
f 379 1969 1331
f 1969 379 1085
f 1170 1608 276
f 379 1608 1085
f 1608 1194 1085
f 1194 1608 1170
f 1046 1637 276
f 1608 1046 276
f 1248 693 1885
f 1248 379 693
f 1637 1248 1885
f 1046 1248 1637
f 1248 1608 379
f 1248 1046 1608
f 1450 1778 696
f 1778 1450 1403
f 1450 133 1403
f 1450 696 1580
f 133 1450 1580
f 559 1637 1885
f 1208 559 1885
f 532 133 1504
f 133 532 1208
f 532 559 1208
f 133 967 88
f 1413 967 1580
f 967 133 1580
f 967 1700 783
f 1700 967 1413
f 1464 967 783
f 88 967 1464
f 30 56 1869
f 56 30 1238
f 161 30 1869
f 568 30 161
f 997 425 1245
f 997 281 425
f 1627 1827 1674
f 1907 1827 1627
f 1827 627 1674
f 1827 1907 627
f 485 1201 127
f 485 127 733
f 963 485 733
f 485 963 631
f 1201 485 631
f 504 1607 1772
f 504 716 1607
f 1712 1058 1453
f 1712 524 1058
f 959 1712 1453
f 1712 959 1872
f 1979 1712 1872
f 1609 1920 856
f 1920 1609 264
f 1165 711 1174
f 711 1376 1174
f 1376 711 624
f 1284 595 1801
f 972 595 1284
f 84 972 713
f 1832 84 713
f 394 84 1832
f 1528 1825 697
f 1528 1269 1628
f 697 1410 109
f 1825 1410 697
f 1410 308 109
f 1423 923 1503
f 923 803 1503
f 923 1423 1805
f 932 923 1805
f 923 932 239
f 801 1232 1899
f 803 1232 801
f 1232 5 1899
f 1715 1166 1541
f 1225 1715 1541
f 1166 1715 1978
f 1715 1225 1978
f 1017 962 353
f 1225 1017 1382
f 962 1017 1225
f 1178 307 815
f 307 1178 259
f 455 1178 815
f 259 1178 455
f 1319 567 384
f 641 1319 384
f 567 1319 826
f 469 1300 987
f 1300 1714 987
f 5 1300 1899
f 1300 469 1899
f 1597 555 1899
f 555 1597 1322
f 1272 469 987
f 1830 1272 987
f 1597 1272 1322
f 1272 1041 1322
f 1272 1830 1041
f 728 1507 1749
f 1507 1830 1749
f 679 1012 1217
f 1012 679 1432
f 1067 679 1217
f 1432 679 1716
f 679 1067 1716
f 915 1355 1110
f 915 1619 1355
f 1619 915 1567
f 1619 955 1122
f 440 955 941
f 955 440 1122
f 955 1619 1567
f 1558 529 94
f 529 594 94
f 529 1558 1884
f 1714 235 987
f 669 235 1974
f 987 235 669
f 235 936 1974
f 235 1714 936
f 431 891 590
f 891 94 590
f 891 1558 94
f 796 431 960
f 115 1470 221
f 1589 1612 115
f 76 1612 1589
f 1612 1470 115
f 1470 1612 76
f 684 1369 533
f 1946 684 533
f 684 870 1369
f 1032 1946 212
f 1101 232 304
f 1515 232 522
f 244 1578 1878
f 1578 244 543
f 1680 244 1878
f 244 1680 543
f 656 1952 371
f 1952 1578 371
f 1952 656 759
f 1578 1952 1878
f 1568 1952 759
f 928 1952 1860
f 1952 928 1878
f 1639 920 848
f 1459 920 1639
f 920 999 848
f 920 1459 999
f 1883 1438 437
f 999 1883 437
f 1438 632 1573
f 632 874 518
f 1883 632 1438
f 632 1883 874
f 1011 632 518
f 632 1625 1573
f 632 1011 1625
f 1695 257 1345
f 948 1782 308
f 1203 948 308
f 948 1203 592
f 1695 948 592
f 948 1345 1782
f 948 1695 1345
f 1203 1582 592
f 592 1582 1923
f 1582 1203 1284
f 981 1582 1284
f 1923 1582 240
f 1582 981 240
f 1325 87 1299
f 22 87 1325
f 87 118 1299
f 87 22 1622
f 118 87 1622
f 1014 771 715
f 771 597 715
f 771 620 1155
f 620 771 1014
f 1902 1991 1023
f 1991 1902 1054
f 1023 1991 359
f 1991 1151 359
f 1991 1054 1151
f 1285 219 602
f 317 1285 602
f 986 421 602
f 219 986 602
f 421 986 1841
f 986 219 1901
f 689 986 1901
f 986 689 1841
f 1015 1959 917
f 1846 1959 1015
f 1172 1959 1678
f 1451 1959 1172
f 1959 1451 917
f 29 515 1508
f 515 1027 1508
f 1816 134 1233
f 562 134 1816
f 134 1406 1233
f 134 562 1406
f 1394 515 29
f 1783 562 1816
f 1282 1783 1816
f 562 1783 1572
f 1394 1783 1282
f 1783 29 1572
f 1783 1394 29
f 1452 1816 1678
f 1452 1282 1816
f 1452 1394 1282
f 844 830 1816
f 830 1172 1678
f 1816 830 1678
f 1172 830 819
f 830 844 1278
f 830 292 819
f 830 1278 292
f 410 1575 785
f 1414 1575 410
f 785 1575 875
f 169 245 1848
f 169 887 245
f 548 169 1848
f 169 548 1519
f 169 1519 1797
f 887 169 1797
f 443 1414 410
f 887 443 410
f 443 311 851
f 1414 443 851
f 443 984 311
f 443 887 984
f 1958 229 1581
f 229 1076 1581
f 1076 229 1263
f 78 104 1116
f 47 104 299
f 1116 104 47
f 302 1616 333
f 992 1344 1374
f 1344 992 964
f 237 1738 1811
f 166 1738 237
f 1738 973 1811
f 549 1202 237
f 1202 166 237
f 1963 1202 267
f 1202 549 267
f 817 935 1963
f 935 1202 1963
f 1202 935 166
f 935 817 218
f 291 353 1897
f 1779 291 1897
f 1709 218 724
f 1709 1617 218
f 1324 1709 724
f 1861 1652 916
f 1652 1861 998
f 1314 1303 203
f 847 1314 203
f 119 534 680
f 119 1314 847
f 1314 119 680
f 1231 119 538
f 119 1231 1259
f 534 119 1259
f 995 119 847
f 538 119 995
f 701 619 1929
f 1468 619 701
f 616 800 1365
f 800 616 1033
f 1033 616 109
f 616 697 109
f 185 616 1365
f 953 65 1997
f 65 953 265
f 186 65 265
f 514 65 1200
f 65 186 1200
f 1656 349 527
f 349 1656 1874
f 1874 1656 1605
f 1656 1701 1605
f 1656 402 333
f 402 1656 527
f 499 658 516
f 499 938 658
f 499 1642 1662
f 1642 499 516
f 1701 499 1662
f 1752 345 397
f 1118 345 862
f 345 1118 397
f 496 791 1767
f 496 685 791
f 685 496 1752
f 496 345 1752
f 1294 1228 1340
f 1228 1777 1340
f 1228 1294 1343
f 1777 1228 1343
f 132 1673 1814
f 1888 132 710
f 1673 132 1364
f 132 1888 1364
f 382 604 1132
f 852 604 382
f 604 1854 1132
f 604 852 1854
f 506 930 278
f 930 506 330
f 930 330 73
f 930 1446 278
f 545 317 1316
f 1079 1115 888
f 1079 73 1115
f 1079 930 73
f 930 1079 1446
f 623 1143 778
f 871 1143 623
f 1522 252 1141
f 912 252 1914
f 252 1522 1914
f 252 1583 1141
f 252 1348 1583
f 1195 1305 1237
f 1305 1571 1850
f 1305 788 1237
f 788 1305 1850
f 664 317 602
f 1571 664 1850
f 317 664 1316
f 664 1571 1316
f 421 664 602
f 664 421 1850
f 1904 753 1800
f 1698 1904 1800
f 1904 1698 1583
f 1559 993 145
f 753 1549 112
f 1904 1549 753
f 1549 1904 781
f 1302 66 1496
f 841 66 1302
f 580 861 1467
f 125 580 1467
f 580 125 13
f 430 580 13
f 580 430 1372
f 628 580 1372
f 580 628 861
f 1812 1389 1508
f 1027 1812 1508
f 1812 1285 317
f 314 1119 757
f 1441 1119 314
f 1119 722 757
f 722 1119 630
f 1119 1441 630
f 1724 1602 1587
f 372 1602 1724
f 1602 372 1109
f 1602 1109 363
f 1602 1456 1587
f 1456 1602 363
f 1668 1791 1442
f 1804 1791 1668
f 1791 1863 1442
f 1791 872 1863
f 1791 1804 441
f 1632 1791 441
f 872 1791 1632
f 797 471 158
f 1398 471 1016
f 471 797 1531
f 1016 471 1531
f 158 1651 1570
f 1651 1398 1570
f 471 1651 158
f 1651 471 1398
f 1915 1117 1663
f 1120 1915 1663
f 1117 1915 1053
f 1915 1120 1053
f 1440 1786 597
f 1440 771 1155
f 771 1440 597
f 336 348 519
f 348 336 671
f 348 671 1840
f 827 124 583
f 124 827 1618
f 1497 124 1618
f 124 1497 1655
f 446 124 1655
f 124 446 583
f 565 1373 1618
f 827 565 1618
f 1373 565 1919
f 1919 565 1050
f 565 827 1050
f 98 806 671
f 806 231 75
f 671 806 75
f 806 225 231
f 225 806 98
f 225 1667 393
f 231 225 393
f 1090 563 146
f 1205 563 1090
f 563 894 146
f 563 1327 894
f 918 1554 822
f 709 918 822
f 918 709 1554
f 1926 108 296
f 457 108 1926
f 108 1905 296
f 108 1536 1905
f 117 1553 1948
f 117 346 1553
f 1889 117 1948
f 117 1889 1024
f 667 117 1024
f 346 117 667
f 177 985 1140
f 985 177 1603
f 985 360 1140
f 985 1603 360
f 53 1590 966
f 494 1179 1950
f 1590 1179 494
f 1179 825 1950
f 1179 1073 825
f 1073 1179 1590
f 1073 490 825
f 490 1073 947
f 556 692 1164
f 556 1164 1912
f 1444 1893 1684
f 1444 174 1893
f 174 1444 326
f 1444 1126 326
f 1444 465 1126
f 1479 195 1474
f 1692 195 1479
f 195 1692 692
f 556 195 692
f 1111 906 1732
f 906 1111 38
f 1868 1111 1462
f 38 1111 1868
f 1677 535 1838
f 1677 718 535
f 1677 1838 508
f 718 1677 508
f 3 790 1932
f 138 790 3
f 1932 790 508
f 790 138 700
f 790 718 508
f 718 790 700
f 1735 1807 156
f 1807 834 156
f 1158 1807 1735
f 834 1807 398
f 1807 1158 398
f 1158 86 896
f 229 86 103
f 86 1158 1686
f 86 1958 896
f 86 229 1958
f 377 1064 141
f 1064 1806 1855
f 141 1064 1855
f 1685 1409 1061
f 1409 184 1061
f 184 1409 1726
f 731 175 103
f 731 926 1370
f 731 1370 1350
f 175 731 251
f 537 731 1350
f 251 731 537
f 1957 603 1411
f 603 586 399
f 1411 603 399
f 586 603 1892
f 1879 1168 1007
f 1879 105 1168
f 1879 6 579
f 6 1879 1007
f 1930 1879 579
f 105 1879 1930
f 33 255 823
f 255 1052 823
f 1036 1160 129
f 1160 642 129
f 1954 1160 1036
f 1485 369 1654
f 1485 601 369
f 1973 374 1309
f 220 1973 1309
f 601 1973 1328
f 1973 164 1328
f 1973 220 164
f 422 449 714
f 449 1790 510
f 449 1485 1654
f 1485 449 422
f 1008 449 1654
f 1790 449 1008
f 714 80 678
f 80 461 678
f 80 1035 461
f 392 733 143
f 392 1149 733
f 1149 392 513
f 531 1568 759
f 319 699 1465
f 699 802 1465
f 1088 286 24
f 1819 1088 458
f 286 1088 1819
f 1415 1478 458
f 1415 902 1478
f 1088 1415 458
f 902 1415 24
f 1415 1088 24
f 1201 503 24
f 503 902 24
f 503 1201 732
f 902 503 187
f 187 503 813
f 503 732 813
f 366 1578 543
f 483 366 543
f 1578 366 227
f 227 366 1730
f 366 483 1730
f 1466 1491 1860
f 1491 1466 173
f 1466 1853 173
f 552 1466 1860
f 1853 1466 552
f 928 611 1855
f 1491 611 928
f 1953 552 1799
f 552 1953 264
f 264 1953 472
f 1953 1177 472
f 1177 1953 1799
f 1853 1858 173
f 1737 1858 122
f 207 493 435
f 303 1251 895
f 493 303 895
f 1251 303 343
f 303 207 343
f 207 303 493
f 1753 1819 241
f 1753 954 1819
f 1753 241 1839
f 954 1753 1839
f 596 849 572
f 849 954 572
f 1220 849 596
f 207 849 343
f 849 207 435
f 1588 882 1326
f 882 1588 1125
f 1794 1220 1125
f 1588 1794 1125
f 1794 1588 1433
f 1190 1588 1326
f 1588 1190 1433
f 1251 542 856
f 542 1089 856
f 90 242 32
f 242 90 1094
f 90 674 1094
f 90 32 211
f 812 90 211
f 674 90 812
f 322 442 1085
f 442 1969 1085
f 532 1318 559
f 1318 1180 1637
f 559 1318 1637
f 1180 1318 1987
f 300 1318 1699
f 1987 1318 300
f 1318 1504 1699
f 1318 532 1504
f 997 298 281
f 298 126 1238
f 30 298 1238
f 281 298 568
f 298 30 568
f 126 298 1245
f 298 997 1245
f 150 416 284
f 1074 1376 624
f 711 1074 624
f 89 1979 1872
f 723 89 1872
f 89 723 700
f 89 700 653
f 1376 89 653
f 1074 89 1376
f 89 1074 1979
f 1223 774 122
f 774 1223 463
f 1223 1609 463
f 524 1457 1744
f 1089 739 856
f 739 1609 856
f 1609 739 463
f 758 774 463
f 739 758 463
f 758 739 1089
f 774 758 148
f 711 423 1236
f 423 1737 122
f 1737 423 1165
f 423 711 1165
f 854 595 972
f 84 854 972
f 854 329 574
f 1788 854 574
f 854 1788 1801
f 595 854 1801
f 1528 196 1825
f 196 1410 1825
f 308 1473 1875
f 1473 1908 1875
f 1750 1017 353
f 291 1750 353
f 1750 291 1779
f 1750 1779 1101
f 1617 1750 1101
f 1361 641 1565
f 1361 1319 641
f 691 1361 1565
f 1361 691 826
f 1319 1361 826
f 1300 983 1714
f 106 983 5
f 983 1300 5
f 469 1856 1899
f 1856 1597 1899
f 1272 1856 469
f 1856 1272 1597
f 1830 1449 1041
f 1507 1449 1830
f 1449 1507 728
f 1041 1449 579
f 1449 728 579
f 594 1240 590
f 1240 1775 590
f 915 1705 1567
f 529 1705 594
f 1705 1240 594
f 1567 1705 1884
f 1705 529 1884
f 1729 1567 1123
f 1729 955 1567
f 937 891 431
f 796 937 431
f 937 796 239
f 932 937 239
f 937 932 1805
f 1335 937 1805
f 1558 937 1335
f 891 937 1558
f 923 929 803
f 929 923 239
f 796 929 239
f 1232 929 5
f 929 1232 803
f 929 960 5
f 929 796 960
f 1106 76 533
f 1106 1470 76
f 1108 1106 533
f 1106 1108 320
f 221 1106 320
f 1470 1106 221
f 870 575 1826
f 575 1032 212
f 684 575 870
f 575 684 1946
f 1032 575 1946
f 99 1515 304
f 232 99 304
f 99 232 1515
f 373 232 1101
f 373 575 212
f 522 373 212
f 232 373 522
f 1779 373 1101
f 373 1779 1826
f 575 373 1826
f 1146 1952 1568
f 1146 378 1860
f 1952 1146 1860
f 1883 1301 874
f 874 1301 518
f 1301 1883 999
f 1301 1011 518
f 1301 1459 1226
f 1459 1301 999
f 805 1301 1226
f 1011 1301 805
f 1560 332 752
f 1695 821 257
f 332 821 752
f 821 332 257
f 1288 821 1913
f 752 821 1288
f 219 1972 1945
f 1285 1972 219
f 1812 1972 1285
f 167 1417 1846
f 1417 1959 1846
f 1027 607 167
f 607 1027 515
f 1394 607 515
f 1452 607 1394
f 1575 217 875
f 217 1575 1414
f 217 1414 814
f 217 1260 875
f 1260 217 814
f 1311 229 103
f 1311 550 1206
f 1311 103 550
f 557 1311 1206
f 1311 557 1263
f 229 1311 1263
f 104 1162 299
f 1162 234 299
f 234 1162 1557
f 1162 78 1557
f 1162 104 78
f 1267 992 333
f 1616 1267 333
f 1267 1616 474
f 965 1267 474
f 1697 1374 1936
f 1697 992 1374
f 1697 1936 333
f 992 1697 333
f 683 170 554
f 935 1182 166
f 1182 1646 151
f 1182 218 1646
f 1182 935 218
f 1709 1196 1617
f 1196 1750 1617
f 1750 1196 1017
f 1275 1652 998
f 1275 998 1280
f 147 1275 1280
f 1275 147 341
f 1303 1671 587
f 1314 1671 1303
f 587 1671 680
f 1671 1314 680
f 176 1468 1696
f 176 144 331
f 144 176 1811
f 176 1696 1811
f 1269 417 302
f 417 185 302
f 328 1371 626
f 1371 800 626
f 1371 328 1997
f 65 1371 1997
f 418 1371 65
f 800 1184 1365
f 1184 1616 302
f 185 1184 302
f 1184 185 1365
f 478 965 474
f 418 478 474
f 478 65 514
f 478 418 65
f 1656 1347 1701
f 1347 499 1701
f 499 1347 938
f 938 1057 333
f 1057 1656 333
f 1347 1057 938
f 1057 1347 1656
f 1250 496 1767
f 496 1250 345
f 1250 1767 862
f 345 1250 862
f 1043 390 1814
f 390 132 1814
f 390 1043 1343
f 390 1343 710
f 132 390 710
f 545 1851 317
f 1851 1812 317
f 1812 1851 1389
f 1389 1851 1159
f 2000 1079 888
f 1467 2000 888
f 2000 628 50
f 389 2000 50
f 1644 2000 389
f 861 2000 1467
f 628 2000 861
f 1276 912 778
f 1143 1276 778
f 1276 252 912
f 252 1276 1348
f 1666 130 871
f 1583 130 1296
f 1348 130 1583
f 1426 1583 1296
f 1426 1904 1583
f 1331 1290 145
f 1290 1559 145
f 1559 1290 1331
f 608 766 112
f 1549 608 112
f 608 322 766
f 608 442 322
f 608 1549 781
f 608 1559 1331
f 608 781 993
f 1559 608 993
f 66 312 1496
f 312 192 1496
f 312 841 775
f 312 66 841
f 312 775 1914
f 192 312 1914
f 1505 226 1155
f 226 1440 1155
f 226 1518 1693
f 226 1505 1518
f 519 1690 1840
f 1690 348 1840
f 348 1690 519
f 727 1820 1667
f 225 727 1667
f 727 1988 1820
f 1988 727 270
f 727 98 270
f 727 225 98
f 1480 1205 1388
f 1480 563 1205
f 563 1480 1327
f 914 1480 1388
f 1341 1480 777
f 1327 1480 1341
f 1480 914 356
f 1480 1436 777
f 1436 1480 356
f 108 1148 1536
f 1536 1148 521
f 1148 615 1008
f 53 1501 1590
f 1501 1073 1590
f 63 1501 53
f 1501 63 1862
f 1501 1862 1474
f 947 1501 1474
f 1073 1501 947
f 465 958 1684
f 958 1444 1684
f 1444 958 465
f 195 452 1474
f 452 195 556
f 452 556 1912
f 1111 1916 1462
f 1916 1111 1732
f 1916 1732 1104
f 1434 1916 1104
f 1916 1434 1462
f 1138 86 1686
f 86 1138 103
f 1138 731 103
f 926 1138 1686
f 731 1138 926
f 1806 1640 1297
f 1064 1640 1806
f 1640 49 1297
f 1455 1735 49
f 1455 1158 1735
f 1640 1455 49
f 1455 1640 1064
f 603 836 1892
f 836 603 1957
f 836 1774 1892
f 836 1957 1774
f 1409 824 1726
f 550 824 1206
f 824 550 1726
f 824 784 1206
f 824 33 784
f 824 255 33
f 1346 618 1052
f 255 1346 1052
f 618 1346 610
f 1346 1685 610
f 824 1346 255
f 1346 1409 1685
f 1346 824 1409
f 1317 1160 1954
f 1631 1317 865
f 1317 1954 865
f 1139 1317 1631
f 642 1317 1139
f 1160 1317 642
f 448 1485 422
f 1485 448 601
f 448 1973 601
f 1330 310 510
f 449 1687 714
f 1687 80 714
f 1924 1177 1799
f 378 1924 1799
f 531 1924 378
f 1149 1818 319
f 1818 699 319
f 699 1842 802
f 424 1842 759
f 1842 1149 759
f 1842 1818 1149
f 1818 1842 699
f 205 1491 173
f 205 611 1491
f 648 1737 1165
f 141 648 1641
f 648 141 1855
f 611 648 1855
f 648 1174 1641
f 648 1165 1174
f 1858 1887 122
f 1887 1858 1853
f 954 81 1819
f 849 81 954
f 81 849 435
f 1794 451 1220
f 849 451 343
f 451 849 1220
f 306 1251 343
f 451 306 343
f 306 1433 1251
f 306 1794 1433
f 1190 1534 1433
f 1433 1534 1251
f 1534 542 1251
f 542 1448 1089
f 1448 758 1089
f 1448 4 148
f 758 1448 148
f 107 1289 4
f 1289 107 1190
f 1448 107 4
f 107 1448 542
f 107 1534 1190
f 1534 107 542
f 1333 340 1353
f 150 340 1333
f 340 387 1353
f 340 284 387
f 340 150 284
f 1969 101 1331
f 442 101 1969
f 101 608 1331
f 608 101 442
f 1253 882 1125
f 1105 150 1333
f 1105 416 150
f 716 1105 1333
f 1609 652 264
f 1223 652 1609
f 652 1223 122
f 1887 652 122
f 305 774 148
f 305 1273 774
f 467 711 1236
f 467 1074 711
f 1457 744 1744
f 1712 577 524
f 577 1712 1979
f 577 467 1273
f 504 1445 716
f 1445 901 716
f 1445 744 901
f 744 1445 1744
f 1445 504 1772
f 1445 1772 1224
f 1445 1224 171
f 1744 1445 171
f 854 414 329
f 414 854 84
f 414 906 329
f 906 414 394
f 414 84 394
f 196 482 1925
f 1315 482 1808
f 1908 482 713
f 482 1315 713
f 269 196 1528
f 1968 269 1628
f 269 1528 1628
f 269 482 196
f 1808 269 1968
f 482 269 1808
f 1410 1510 308
f 1510 1473 308
f 196 1510 1410
f 420 106 261
f 420 983 106
f 1714 420 261
f 983 420 1714
f 1214 1705 915
f 1705 1214 1240
f 1214 915 1110
f 1775 1214 1110
f 1240 1214 1775
f 1362 1729 1123
f 1362 1123 1304
f 955 1362 941
f 1729 1362 955
f 1362 892 941
f 892 1362 1304
f 1146 1943 378
f 1943 1146 1568
f 1943 531 378
f 531 1943 1568
f 332 1707 257
f 1345 1707 629
f 257 1707 1345
f 1707 1560 629
f 1707 332 1560
f 459 1695 592
f 459 821 1695
f 459 592 1913
f 821 459 1913
f 1736 1027 167
f 1736 167 1945
f 1972 1736 1945
f 1736 1812 1027
f 1736 1972 1812
f 1959 1765 1678
f 1417 1765 1959
f 1765 1452 1678
f 1765 607 1452
f 1187 1417 167
f 607 1187 167
f 1187 1765 1417
f 1765 1187 607
f 1595 1267 965
f 992 1595 964
f 1267 1595 992
f 909 478 514
f 478 909 965
f 909 514 554
f 170 909 554
f 859 1738 166
f 1182 859 166
f 1738 859 973
f 973 859 151
f 859 1182 151
f 1017 1672 1382
f 1196 1672 1017
f 1672 551 1382
f 1672 1196 1709
f 551 1672 704
f 1672 1324 704
f 1672 1709 1324
f 1275 1077 1652
f 1077 970 916
f 1652 1077 916
f 1077 1275 341
f 591 619 1468
f 176 591 1468
f 619 591 1929
f 323 591 1752
f 1752 591 331
f 591 176 331
f 591 256 1929
f 591 323 256
f 185 1287 616
f 417 1287 185
f 1287 417 1269
f 616 1287 697
f 1287 1528 697
f 1528 1287 1269
f 1371 1219 800
f 1219 1371 418
f 1219 1184 800
f 1219 418 474
f 1616 1219 474
f 1184 1219 1616
f 1725 274 1316
f 224 274 1666
f 224 545 1316
f 274 224 1316
f 224 843 1446
f 843 224 1666
f 131 871 278
f 131 1666 871
f 131 843 1666
f 10 130 1348
f 1276 10 1348
f 10 1276 1143
f 10 1143 871
f 130 10 871
f 1725 811 274
f 811 1426 1296
f 130 811 1296
f 274 811 1666
f 811 130 1666
f 781 409 1195
f 1440 17 1786
f 226 17 1440
f 1148 1266 521
f 453 1148 108
f 453 457 1131
f 453 108 457
f 615 453 1131
f 1148 453 615
f 63 1235 194
f 1235 63 53
f 194 1235 966
f 1235 53 966
f 654 194 832
f 654 63 194
f 866 654 832
f 63 654 1862
f 411 654 866
f 1862 654 411
f 238 452 1912
f 238 1912 1095
f 93 238 1095
f 947 238 93
f 238 947 1474
f 452 238 1474
f 1387 1064 377
f 1387 1455 1064
f 1455 1387 1158
f 634 422 714
f 634 448 422
f 634 714 637
f 374 634 637
f 1973 634 374
f 448 634 1973
f 80 1097 1035
f 1687 1097 80
f 1035 1097 526
f 526 1097 470
f 57 1687 449
f 57 449 510
f 310 57 510
f 492 1924 531
f 1924 492 1177
f 1177 492 143
f 492 392 143
f 121 1842 424
f 1842 121 802
f 121 424 949
f 802 121 949
f 205 1383 611
f 648 1383 1737
f 1383 648 611
f 1383 1858 1737
f 1858 1383 173
f 1383 205 173
f 1021 286 1819
f 81 1021 1819
f 286 1021 435
f 1021 81 435
f 712 451 1794
f 306 712 1794
f 712 306 451
f 1289 444 4
f 4 444 148
f 776 1289 1596
f 776 444 1289
f 540 1190 1326
f 540 1289 1190
f 1289 540 1596
f 901 540 1326
f 540 744 1596
f 744 540 901
f 1105 1849 416
f 1849 1253 1125
f 284 1849 1125
f 416 1849 284
f 1849 1173 1253
f 1173 1849 1105
f 901 1173 716
f 1173 1105 716
f 1313 1853 264
f 652 1313 264
f 1313 1887 1853
f 1313 652 1887
f 39 467 1236
f 467 39 1273
f 1273 39 774
f 774 39 122
f 39 423 122
f 423 39 1236
f 1659 1457 524
f 577 1659 524
f 444 1659 148
f 1659 305 148
f 1659 776 1457
f 776 1659 444
f 305 1659 1273
f 1659 577 1273
f 484 577 1979
f 577 484 467
f 1074 484 1979
f 467 484 1074
f 1510 271 1473
f 1473 271 1908
f 271 196 1925
f 271 1510 196
f 271 482 1908
f 482 271 1925
f 1595 1075 964
f 1056 341 970
f 1077 1056 970
f 1056 1077 341
f 1308 1725 1316
f 1571 1308 1316
f 1308 1305 547
f 1305 1308 1571
f 1079 1339 1446
f 1339 224 1446
f 2000 1339 1079
f 224 1339 545
f 23 131 278
f 131 23 843
f 1446 23 278
f 843 23 1446
f 1426 846 547
f 811 846 1426
f 846 811 1725
f 846 1308 547
f 1308 846 1725
f 546 1426 547
f 1305 546 547
f 546 1305 1195
f 409 546 1195
f 1426 878 1904
f 1904 878 781
f 878 409 781
f 546 878 1426
f 878 546 409
f 1786 1113 1985
f 17 1113 1786
f 1985 1113 494
f 1871 17 226
f 1871 1113 17
f 1871 792 494
f 1113 1871 494
f 1586 500 521
f 1266 1586 521
f 1586 1815 500
f 1815 1586 1654
f 919 1148 1008
f 919 1266 1148
f 919 1586 1266
f 919 1008 1654
f 1586 919 1654
f 335 377 1370
f 335 1387 377
f 926 335 1370
f 335 926 1686
f 1158 335 1686
f 1387 335 1158
f 1097 686 310
f 686 1097 1687
f 686 57 310
f 57 686 1687
f 1097 350 470
f 350 1097 310
f 350 1330 470
f 350 310 1330
f 178 492 531
f 178 531 759
f 1149 178 759
f 744 1934 1596
f 1934 776 1596
f 1934 744 1457
f 776 1934 1457
f 1253 1731 882
f 1173 1731 1253
f 1731 1173 901
f 882 1731 1326
f 1731 901 1326
f 1127 1595 965
f 1127 1075 1595
f 909 1127 965
f 1127 909 170
f 1834 2000 1644
f 1834 1339 2000
f 1834 1644 1159
f 1851 1834 1159
f 1834 1851 545
f 1339 1834 545
f 1526 226 1693
f 1526 1871 226
f 792 1526 1693
f 1871 1526 792
f 178 135 492
f 392 135 513
f 492 135 392
f 135 1149 513
f 135 178 1149
f 1829 1127 170
f 1127 1829 1075
f 1075 1829 964
f 964 1829 683
f 1829 170 683
o Cracks
v -12.74653236613405 -9.248811118516771 0.1
v -13.368921159983856 -8.927509772894469 0.1
v -12.35526537709285 -9.077614055357598 0.1
v -11.693629468706595 -9.578145957472753 0.1
v -11.707420173267591 -9.602972400832066 0.1
l 2001 2002 2003 2004 2005
v -1.306301878394409 9.155273941029325 0.1
v -0.7563838755884826 9.983031367034899 0.1
v -1.9705500223817112 8.797063705764618 0.1
v -0.7193065052656344 9.408441855252079 0.1
v -2.2738252537905654 9.56443602653227 0.1
l 2006 2007 2008 2009 2010
v 11.879237119147408 -10.023432390101721 0.1
v 13.317416607870365 -9.612761709628062 0.1
v 12.552026252611617 -9.927773702402456 0.1
v 12.138281825644084 -10.17571769343909 0.1
v 13.31268585486628 -9.132463154662489 0.1
l 2011 2012 2013 2014 2015
v 9.345136757698901 5.785792639743326 0.1
v 9.54449129868497 5.443511267893358 0.1
v 9.727937331384151 5.80182003622905 0.1
v 8.453549452058786 5.65953765926411 0.1
v 10.021912514282018 6.594203637913661 0.1
l 2016 2017 2018 2019 2020
v -2.038228967736904 -1.8117222919177507 0.1
v -3.088881175410288 -1.3550050515962295 0.1
v -1.9263888886374172 -1.4398994798974663 0.1
v -1.8468513408640514 -2.1108053574920236 0.1
v -2.040956077777107 -2.72508796064946 0.1
l 2021 2022 2023 2024 2025
v 11.159358586947686 10.424506964319049 0.1
v 11.666990150872884 10.763343602290952 0.1
v 12.233452264159931 11.370699694818072 0.1
v 10.417554140232665 10.78695047829706 0.1
v 10.668384855947448 10.535813065584561 0.1
l 2026 2027 2028 2029 2030
v 10.240260174591516 11.934935427040514 0.1
v 9.446178158382072 11.726691400429985 0.1
v 9.87126812398122 13.377907249588453 0.1
v 11.07280099241421 11.803335782801206 0.1
v 9.157620890038093 12.902486071348477 0.1
l 2031 2032 2033 2034 2035
