# Cyvl Generated CAD Model
o Street_Mesh
v 7.653801299922634 -6.576597617007792 0.0
v -9.826088528614491 -11.911798217333853 0.0
v -0.07939444581279531 -3.47692977450788 0.0
v -5.004121408215724 10.138198188506067 0.0
v -14.06734198977938 8.423484957776964 0.0
v 7.067457651079167 -11.314807515591383 0.0
v 11.247266444785055 -12.72458313871175 0.0
v 1.7049047662876546 -3.299682422541082 0.0
v -9.893814773240592 -12.536901202984154 0.0
v 4.450818412704393 3.229731638915837 0.0
v 4.867743218608666 -7.842522158287466 0.0
v 0.6793906128732488 13.777431765571237 0.0
v 14.341205399832688 -5.630042992532253 0.0
v -6.3604436701280065 -7.140175203792751 0.0
v 3.214170991035644 13.689416873268783 0.0
v -5.43326070002513 14.525000758469105 0.0
v -13.595951803028584 1.3952469173818827 0.0
v 12.709359331172891 3.634518307633698 0.0
v 2.9711221699835733 1.700436882674694 0.0
v -2.548276386107318 -10.14130319096148 0.0
v 9.880903189536184 3.512918899767101 0.0
v 7.4522743645939045 6.344363374635577 0.0
v -11.066404211334884 0.5808536866679788 0.0
v -1.7476660253596492 10.373695459216833 0.0
v 3.8172191083431244 9.452662787400186 0.0
v -1.524945541692432 11.632145629264414 0.0
v -4.910036123881582 -11.437938689254224 0.0
v -13.685050941014197 11.34049123339355 0.0
v -13.305058689846192 6.524047226645052 0.0
v -4.444950344390236 9.441440498456359 0.0
v 0.8516557237016968 -4.5742161786183715 0.0
v -14.841736217669677 8.376914245076478 0.0
v 8.256790322484449 -5.805538095533848 0.0
v -5.09714020130923 6.217102878727019 0.0
v 3.252445026533678 -6.5072466460987926 0.0
v -14.79507125314558 5.246122696436942 0.0
v -4.584736745688133 14.709700871258974 0.0
v 0.10963476315373555 -2.7812419589608908 0.0
v -2.157861460116692 -3.878485817462206 0.0
v 2.58551864157198 -2.937883294187486 0.0
v 2.259272554598283 5.782899538055062 0.0
v 5.669505044410471 14.267353628762066 0.0
v -11.52421445742948 -4.192631700076163 0.0
v 4.042224219243508 1.6913050087168813 0.0
v -10.123363000690006 -12.892617216333747 0.0
v -10.07400927587878 -0.27453730069100857 0.0
v 1.8106905657914467 12.23989678453654 0.0
v -12.287602129450534 -6.855189258232713 0.0
v 10.985390631773043 -14.60651015676558 0.0
v -5.061153897608165 -2.040506490506232 0.0
v 7.517896503792144 10.970834642648697 0.0
v -9.326990477798972 -13.324279122054577 0.0
v -2.858593320415821 -4.505801744759083 0.0
v 12.176460190676153 5.252206894569099 0.0
v -5.659012073883787 -9.2718735774979 0.0
v -11.93959752866067 -1.1928237518295646 0.0
v 7.654655991762411 -14.622715590521693 0.0
v 13.97696124704089 -8.77931603975594 0.0
v 13.247604998236056 -13.554895421490073 0.0
v -11.786913445626851 -6.536611150018871 0.0
v -13.778149863064755 8.027556872926652 0.0
v -9.033970262273215 -4.506630437448621 0.0
v -13.48469208116876 13.212463871575892 0.0
v 14.824091146409046 -3.8166528744623065 0.0
v -6.071381699992344 12.415880548767745 0.0
v -7.83893652074039 5.490009410306811 0.0
v 11.007594033668283 0.6971092531457543 0.0
v 5.498000259278342 -5.258810305967927 0.0
v 1.8908506914158352 -3.576819443143904 0.0
v 4.2327052527689375 -5.455271129496396 0.0
v -5.323549339547753 -6.504557709209621 0.0
v -4.63170238956809 2.0880272332578897 0.0
v 1.4410111621255055 -6.320884256623685 0.0
v -4.000368611421436 11.931000566110015 0.0
v -5.638155958498828 -0.5978364124894142 0.0
v 13.280973280547187 -10.926510075107217 0.0
v -14.386180064990185 -8.448902569711208 0.0
v 1.4505231854273006 12.829446537420154 0.0
v 1.3485797498724423 5.643851857632399 0.0
v -2.1890622649807483 -0.49467169493436813 0.0
v 4.55681871244451 2.067533961497247 0.0
v -2.8130516725359485 -5.90656428784132 0.0
v -13.908080590539612 -8.635143947787583 0.0
v 5.1310364623204805 13.601055132225156 0.0
v 0.11637843691278249 -6.0044130478054285 0.0
v 4.610901917912997 -9.22414383571595 0.0
v -5.541370244638529 4.062258149497211 0.0
v -1.319763110135682 -8.493351010605693 0.0
v -5.878587741870433 13.923688189126551 0.0
v -12.388725544209592 8.45012968685478 0.0
v -14.784626857319381 -9.425064818933606 0.0
v -4.969504990964197 7.919231919571757 0.0
v 9.30123675946379 -8.858419434167445 0.0
v 12.321314243774395 -2.2484969748184085 0.0
v -12.412090540572535 9.90169485192746 0.0
v -5.286515999468975 -5.4108693320304155 0.0
v 8.85189083678415 -13.907461720518768 0.0
v 9.302338504814543 -0.8374529248103499 0.0
v 3.6970650842413306 13.097454600967467 0.0
v 10.731759528222028 -8.843425194732845 0.0
v -1.2207519910880364 8.298385795205832 0.0
v 10.189204263151623 7.216093306429684 0.0
v -0.7856371470261365 -9.377385137602687 0.0
v 9.630921214993577 0.8746217619627714 0.0
v 4.843236282642465 -7.996118706651032 0.0
v 13.35838706389768 7.900274935178459 0.0
v 8.26462519360939 1.3550821468234062 0.0
v -7.261050132976379 2.8390383310616016 0.0
v 9.559542214439716 1.9083985490724444 0.0
v -0.2077090407256037 -1.2962998878210783 0.0
v 10.680701344332192 -12.717696486972272 0.0
v -11.77797986404039 6.388730259612203 0.0
v -6.383545295509975 13.915165797807276 0.0
v 1.9630779006402008 1.2772321347147226 0.0
v -6.345598970889114 3.3176508834585547 0.0
v 9.949711671913974 -3.0808973647654057 0.0
v -12.056108997843694 -13.798823297955096 0.0
v -8.561341464985162 4.114540279842913 0.0
v 14.999950419005472 -6.649879624135792 0.0
v -8.164388230012264 3.243246371857822 0.0
v -10.251413083460648 3.81864545494318 0.0
v -13.672462199232541 11.870839832350612 0.0
v 6.05024177354062 3.489722658880055 0.0
v -14.670236738747917 -9.518374774605036 0.0
v -5.2379799917689525 10.689339929260314 0.0
v 5.672501897264738 9.419411745853722 0.0
v -9.973015422699973 1.0745720891281962 0.0
v 9.029662875225767 -7.5918609742075205 0.0
v 2.4896245836862363 -4.012755871750414 0.0
v 7.029612883809023 -4.947348819114268 0.0
v 13.350184932292905 3.7430112790316343 0.0
v 4.615520989522338 -11.524978932924569 0.0
v 11.250010106130503 -6.047219277359545 0.0
v 3.727872776100412 14.831386868841946 0.0
v 4.189941075572278 -10.358453120104969 0.0
v -4.04171780316392 -14.438515869900584 0.0
v 14.717427989875432 14.518945946358144 0.0
v -11.723475874227006 7.901676126755774 0.0
v -9.16378457727842 13.918218720704317 0.0
v -10.8459176562028 6.183238599449396 0.0
v 10.073874833295122 1.6638992698863149 0.0
v -14.292613944679033 -3.032434263266623 0.0
v -5.476574249449186 1.2786498349159956 0.0
v 14.62034912238596 -3.5377117041498423 0.0
v 10.575246472551953 6.77029422391206 0.0
v 4.910695131693501 6.7996960654854774 0.0
v -9.252504395204596 -11.431319762021303 0.0
v 0.9726063364651054 8.065361281856894 0.0
v 11.528751008445397 -12.598958071321249 0.0
v 2.523316793201957 -1.685594537295401 0.0
v 0.5167492444161326 4.603687564842403 0.0
v 4.241641885484569 -14.132303753867745 0.0
v 1.1089399868506007 7.547291780821979 0.0
v -13.15384613344213 0.6168734459206462 0.0
v 14.88188729173271 7.373644103296101 0.0
v 13.641534311580472 11.954762910492718 0.0
v -4.869309246074408 -4.3288416881114244 0.0
v -14.684706581465434 -1.2268844647333026 0.0
v 12.400807459373027 14.683739993721247 0.0
v -3.703857445390895 8.503049092367291 0.0
v -13.505540385260247 1.635428797453642 0.0
v 0.07064922014251351 -14.797618502750993 0.0
v -6.068266402231529 -9.611178479157388 0.0
v -0.9944595487322658 10.8128282148391 0.0
v 11.964456767949741 2.0238632280379534 0.0
v 11.983859905740246 5.156297018751502 0.0
v 14.322704190621153 0.5282889017835259 0.0
v 0.5682311106356792 -2.894703095778823 0.0
v 12.389890944352373 -7.070370336994529 0.0
v -3.5770418007159606 -8.324643106199801 0.0
v 0.23052954842569306 7.171916553750634 0.0
v 4.187579334771726 6.813969665206969 0.0
v 3.8391819368698634 9.648982699029148 0.0
v -11.653588256565854 11.447880191728473 0.0
v 2.091974906390533 10.940755438059568 0.0
v 3.534434112429153 12.94655145239085 0.0
v 3.0204454288468696 0.24566836841404438 0.0
v -10.655677936796565 -10.730715342797339 0.0
v -7.090864861267619 -2.2702268632128835 0.0
v -4.529862146824598 -10.02679305896163 0.0
v 14.636733869323507 -9.492583538405597 0.0
v 8.644268602482043 12.371778711676598 0.0
v -6.209023352654185 -9.114391378127038 0.0
v -14.405770814570133 5.113616774789989 0.0
v 11.22539736557519 -1.9642842737957835 0.0
v 6.752415560127702 8.949588594026864 0.0
v 4.926476021471899 -4.056522351689637 0.0
v -12.918347134022042 11.169463884085417 0.0
v 12.764683454472106 -6.7724319845438 0.0
v -4.46684179326985 -0.744890452362597 0.0
v -1.6708703144686297 13.816568244248629 0.0
v 2.886489850934595 5.956903077661991 0.0
v 1.581711667124182 0.46874379832297564 0.0
v 9.716780199611094 -1.2456952687352896 0.0
v -10.758851551567204 3.2595328353345394 0.0
v -8.610140329052228 9.423595861531794 0.0
v -14.465045816381462 -10.480385121889412 0.0
v -13.021287272160407 -9.800567258149385 0.0
v -11.324783389340155 4.327158537693322 0.0
v -6.480925131880213 8.736468927934766 0.0
v 7.142325329245068 -5.850940513424575 0.0
v -5.874300746596418 -3.1928437454625964 0.0
v 3.7516627349541523 10.616044764406979 0.0
v -6.5430809712270275 0.542798119597137 0.0
v 5.873961002449505 10.389048650860786 0.0
v -7.099215297203045 9.409007815644145 0.0
v 7.518706328177359 -9.156097119674087 0.0
v 13.011170440120623 7.541841380298138 0.0
v 4.544250189268496 0.08427662216126919 0.0
v -7.805345217580907 -7.250086413696408 0.0
v 8.665383111860137 6.268702381290495 0.0
v -13.781235779228155 1.9418333480134606 0.0
v -9.58697551296791 -1.4547176426276565 0.0
v -4.154560421709903 7.637203451246023 0.0
v 0.7705518604489043 -11.676622032187879 0.0
v -0.27826015470782295 -7.27755166310817 0.0
v -1.6759820394217968 -6.230129741132259 0.0
v -3.641371938691009 -1.7606865651905537 0.0
v 0.03208025067579001 -7.185622303746641 0.0
v -11.612335614976473 -10.430373918265104 0.0
v -2.991819051152561 -4.489115617237985 0.0
v -8.757348373474088 2.143513884395361 0.0
v -9.505703025788534 4.753961232490838 0.0
v -8.062777686340269 13.300254492089152 0.0
v -10.055636504781432 1.1605767058208585 0.0
v -3.1732309465878643 -1.5558741400018334 0.0
v -13.502661278762389 4.902684535831213 0.0
v -3.7163260765373707 13.444432851858437 0.0
v -10.680388126696926 -6.690257196314633 0.0
v 5.508031260804273 -5.5020272340625525 0.0
v 4.181214525073301 1.4824499655514956 0.0
v -11.052978640131187 -0.01590075623244047 0.0
v -0.6633498218143359 -12.766336794942617 0.0
v 9.695198525558226 3.406874598003924 0.0
v -1.1271633702563122 -4.768922925926745 0.0
v 11.848637957824394 -1.1277940003201365 0.0
v 7.640114665729925 -14.624368071556091 0.0
v 8.8579601602396 1.3416058532893658 0.0
v -8.615178976382595 10.289874604903162 0.0
v 7.096783789223991 -11.540207321755588 0.0
v 1.4689831527648494 -1.030385259538889 0.0
v -2.4697701229015365 -14.338177260011435 0.0
v -4.153872411814518 10.331439347937703 0.0
v -11.935562273429241 -8.420582591556013 0.0
v 0.8410752008785494 -11.105664251372218 0.0
v 9.641711510077585 -6.191943527199328 0.0
v 14.762811175256502 11.606639357283711 0.0
v 3.7927166364970617 14.62482454907149 0.0
v -3.857946677831933 1.8188090678304434 0.0
v 12.858853048237506 10.700256972573698 0.0
v -1.434812641586177 -0.7774858400225639 0.0
v -3.5138081451295875 -4.959048759192228 0.0
v 8.247070277808234 -4.411306138150394 0.0
v -10.35700781684136 -7.554985946975648 0.0
v 14.494698692753445 2.9693812886253 0.0
v 3.4601889550685883 -8.374008500948548 0.0
v -9.664318091818132 10.575319545343518 0.0
v 12.50066021492239 -12.51034552976489 0.0
v 5.028979348833673 -12.42949037719518 0.0
v -5.388206223491579 -6.022946043871343 0.0
v -10.954473496123683 1.745815547183156 0.0
v 8.33640013972763 0.71544274315238 0.0
v -9.873265727655962 1.5213975189253688 0.0
v 3.8222497118404135 9.99182277917862 0.0
v -6.722431679954752 -5.569849236868322 0.0
v 3.7798455028096214 -9.369945425540209 0.0
v 13.611314603709616 -7.881570472382009 0.0
v 1.2090754978707992 2.249416413716972 0.0
v 3.6512488679145463 -12.615774312056601 0.0
v 14.891033930005506 3.2452076571062207 0.0
v -7.1033195038326085 2.7087124940007925 0.0
v -5.554536071838811 -13.350830455310643 0.0
v -7.424745725526009 -8.62900373712182 0.0
v -11.58660035271896 -0.846155384555459 0.0
v -6.738664142263588 -7.844083366915584 0.0
v -8.58592005528044 4.222070997580886 0.0
v 4.482273760891985 6.29220912232995 0.0
v 1.237685656233225 -13.198923119343817 0.0
v 9.269749525992665 7.969510392285883 0.0
v -6.98915219376795 3.0244181333109736 0.0
v 3.5328312708297744 0.8329308470711112 0.0
v -1.0257082536118105 1.708018091507256 0.0
v 6.129950052942149 7.14970991294831 0.0
v -6.12340048851911 4.548343976959586 0.0
v -14.872768803790677 -8.212442204356194 0.0
v -9.98215850890847 -10.887747760862112 0.0
v -12.225290270114783 8.714351510629058 0.0
v -9.251874738780316 -1.4096154998987913 0.0
v 0.021192404499743134 -13.584914314560592 0.0
v -3.9280908503569663 1.043076554313302 0.0
v -13.912052415369544 -4.9762044586241245 0.0
v 4.129911614174489 14.342859248630702 0.0
v 13.724777676339727 2.463998687453568 0.0
v 11.446088468946982 -1.0358731299638748 0.0
v 4.485571100784 13.10523887630552 0.0
v -9.876063693198375 10.656641450710595 0.0
v -5.0114613737678155 -0.7426301203668118 0.0
v 1.1468549973797053 -12.224505605176091 0.0
v -10.779549393162597 -4.740466287359595 0.0
v -11.339863216038793 -0.6989668859168887 0.0
v -12.883150871959515 -6.9537457767874 0.0
v -5.306522083643358 -1.056790515780449 0.0
v 11.359434314421378 3.901106607168913 0.0
v 14.462551923526917 -0.19791757129132748 0.0
v -13.93574024370173 -4.246641096659005 0.0
v -9.595497747126501 -0.45868947822600603 0.0
v 5.829060766031034 2.382011636160314 0.0
v -8.000933239294682 -14.742208991199732 0.0
v -6.905988274724223 -11.376034740358591 0.0
v 14.935542054357938 4.1989736426621675 0.0
v -6.694551354332361 -10.023254855535924 0.0
v -5.922606748936232 -6.69985930249095 0.0
v 4.9941307178814895 -0.8638739427551627 0.0
v -3.9452056908630766 -7.995788903906941 0.0
v 14.374137374805287 8.095863276161253 0.0
v -14.931257293792441 -10.91958342678845 0.0
v -7.742948896368034 6.78780363034457 0.0
v 12.262752016074955 -1.686612037010491 0.0
v -12.100514871242922 -3.099264376796782 0.0
v 5.831593785318546 -9.776957304216921 0.0
v -9.952724813658278 3.7198611134663224 0.0
v 7.19742823485285 6.922086541540921 0.0
v 11.672993715968914 0.5131511194631457 0.0
v 3.8880652555963024 -6.036225075833499 0.0
v -7.14075246633729 12.526574363000691 0.0
v 1.7314664293080568 -1.633742295205593 0.0
v 4.618394535733387 8.086513775400817 0.0
v 10.62854818807682 0.8696983186528087 0.0
v 2.826099154597614 -2.301565826870501 0.0
v 3.241712582646869 -8.723671392537653 0.0
v 8.97906888939906 -5.063252870924771 0.0
v 14.980966283299495 -11.624392326921225 0.0
v 3.394676989526488 -4.745378779247403 0.0
v 4.0708603139501065 -8.395305193029344 0.0
v 12.682033795921598 0.5843768799677491 0.0
v 5.663982628728263 -7.676626982167363 0.0
v -11.276415645668749 -7.379701308906078 0.0
v -10.635047705669422 8.209407984279096 0.0
v 3.766767863126006 12.66136768553406 0.0
v 6.8751993283513 -9.243871569633484 0.0
v 2.5541711987461895 -9.110909780487418 0.0
v -4.788451490923762 3.277886785566807 0.0
v 1.2775370394811034 -9.54039615392685 0.0
v 11.795182485948317 11.334633147343993 0.0
v -0.8997082798159681 4.141787721775472 0.0
v 3.5634693143656477 -12.8708007177338 0.0
v 3.2658740474143997 13.182223683223128 0.0
v -5.549574724806007 -7.137854949571192 0.0
v 5.560682807001285 -3.638506240211427 0.0
v 6.428139248746447 10.692707506939769 0.0
v 2.2957096649333835 -9.478666273877025 0.0
v -13.178241853252985 7.902309442870319 0.0
v 2.030711190542206 -10.7617926010862 0.0
v 10.089508453267626 -10.757355419918895 0.0
v 5.1845417926087976 12.357980996370316 0.0
v -11.768618116737343 4.729759206064045 0.0
v 13.203240193601232 8.51405964139849 0.0
v 3.309272864717059 -11.738525114953518 0.0
v -2.42818558763247 -4.525908460840583 0.0
v -4.421296093321871 -9.504407146014273 0.0
v -11.341958525939845 4.015435283072293 0.0
v 1.1115834702504799 7.456916430033743 0.0
v 14.233152283821255 -1.7557995161041617 0.0
v -4.329266058339272 -5.001434928737581 0.0
v -13.129686230036896 11.252744100987911 0.0
v 0.37225299095734954 -13.247203949838877 0.0
v 5.707905092393048 -14.867475595325232 0.0
v 7.741550164937507 6.1154593182727695 0.0
v -4.4603958306252025 11.21468766592443 0.0
v 14.600029226625338 14.89684339798987 0.0
v -8.097707631706726 10.786434332840145 0.0
v -4.738950771628879 -12.08385197725147 0.0
v 8.688787025108468 -5.3419417552649975 0.0
v -11.674062870210037 -10.240487924776971 0.0
v -13.71080645447364 10.224078354425728 0.0
v 5.328656290017534 8.311112692579627 0.0
v 9.969495353347156 13.819171358831227 0.0
v -13.50728784716921 4.439089403487742 0.0
v -12.090889466227964 8.022921883501112 0.0
v -2.6067123623215593 10.279477356933057 0.0
v 13.764948898053262 5.996509168297052 0.0
v -2.7801384869380854 -2.347632740624249 0.0
v -12.529152282280847 -5.716644597239792 0.0
v -11.614268434233963 -4.9368538754060864 0.0
v -13.676564144727308 -12.293418232351542 0.0
v -13.335182214155793 -0.8315402893349528 0.0
v 2.629995420575142 -13.275441403500736 0.0
v 6.316209936863743 -13.472584375180304 0.0
v -2.397242225764785 -13.554471084848046 0.0
v -1.9172047766041942 -10.075351988896728 0.0
v 5.384549445705488 2.7226761989295483 0.0
v 1.6041227005189285 -11.288473701104522 0.0
v -5.617440216243267 7.875398020260036 0.0
v 11.446056037559174 13.245961836539209 0.0
v -9.554307862883434 -13.013189118355513 0.0
v -0.9062093857792206 -3.998282645829022 0.0
v -11.127371507813223 -13.317104388028383 0.0
v -12.75870993238641 7.200508378446102 0.0
v 13.918356922862586 -12.358890272676945 0.0
v 8.744743665331043 -9.150861050002277 0.0
v -10.962744391465094 7.1888832515105605 0.0
v 11.02337196515873 -1.0457236906513572 0.0
v 7.018129602249246 2.5361569793894887 0.0
v -5.263593839132227 9.204342669807374 0.0
v -4.5705358404666185 -8.998992609791458 0.0
v -14.100695305445697 0.8994138352572918 0.0
v 2.454472779529169 -0.5411748355254531 0.0
v -4.799186347401701 0.007079568691551685 0.0
v 2.8854656816693023 -5.449680367484689 0.0
v 11.866246949066408 -8.193807712756097 0.0
v 5.876683007227257 -9.407311703078449 0.0
v 6.780444404052105 8.324559706263244 0.0
v 2.029883616080042 -0.9593304796144366 0.0
v 1.5783918221131898 3.5415306286886334 0.0
v -8.63044233812252 -8.966106208972633 0.0
v -10.342388097720686 -3.125597096979618 0.0
v -9.609780115424655 1.5489150816574693 0.0
v 3.778774532431271 7.4238976538181305 0.0
v -12.25950776488753 -9.385674363933504 0.0
v 4.365461075562052 -14.829202494584024 0.0
v -9.672141588875093 5.565098211169243 0.0
v 10.968062379513867 6.876556086353958 0.0
v -13.181986667623278 3.0598469991236925 0.0
v -7.002498816524167 -10.572789934463799 0.0
v 12.739028096199036 9.410287253558636 0.0
v -0.4703290370525792 -13.757985697127879 0.0
v -13.294085261877626 -1.4856186341494322 0.0
v -5.112115950498264 -10.50714530237019 0.0
v 13.38526536145946 11.073164027184248 0.0
v 14.86107810435351 3.761985907331109 0.0
v 1.151465304021258 -10.734406204894185 0.0
v -5.990675814333372 4.560554465278983 0.0
v -10.590294738882221 -8.491959464736283 0.0
v -14.2643991044024 -6.281597771681845 0.0
v -14.657928657659795 5.383274399675429 0.0
v -9.662497332319617 2.553970042616129 0.0
v 8.716441839176696 3.0670984322205186 0.0
v 4.157312244991772 3.910785634070635 0.0
v -13.034104770282283 -4.0115548418834805 0.0
v 3.1636319761164486 -1.5364473648369312 0.0
v -9.36592565762112 -4.976277010515332 0.0
v 11.81418154144194 4.881237189285457 0.0
v 13.341707555344328 11.801762729883194 0.0
v 7.184621168766171 -0.16300522536039352 0.0
v 5.990653520508204 -0.6626463243737817 0.0
v 14.176987427985296 -7.526810944080353 0.0
v 3.5430482646333985 11.706892994232476 0.0
v -14.178908270900138 -7.555554832331836 0.0
v -5.8883784301579 -12.054728208109736 0.0
v 1.3127367881825194 -3.4862004900351167 0.0
v -7.707285378011875 -8.623305344954133 0.0
v 0.7199563849135302 -1.597275696694851 0.0
v -3.234948139055632 -2.828584808856249 0.0
v 5.43660535721574 6.878664339892566 0.0
v 7.530222266621422 3.7872745795175433 0.0
v -5.049881598679349 -1.3884252365678549 0.0
v 12.819670707860496 -4.702276099473238 0.0
v 12.130474610661622 -2.9855071743950248 0.0
v -10.190767959749792 11.844725104048848 0.0
v 12.61728512623813 -1.2852530349045992 0.0
v -9.004988643690012 -9.532078491523862 0.0
v 1.2152725014020689 -13.881896954029799 0.0
v -9.473469411605038 -10.218002852983773 0.0
v -4.083806218171958 -0.011889075860381126 0.0
v 4.767211449681781 13.607194544747472 0.0
v -5.31712698348565 -2.4732874259352684 0.0
v 4.826892989687622 -10.655121599324048 0.0
v -8.713966835814063 -5.6983735198155046 0.0
v -8.819425049528945 -11.333071948029101 0.0
v -7.52041497483151 11.510663589462638 0.0
v -13.648073850257788 13.23236498143524 0.0
v -10.452988051983994 12.784894913434982 0.0
v 10.062602385878563 -4.483376543968916 0.0
v 6.15076375938952 12.285281629301608 0.0
v -3.1188690526760183 -13.240458304062486 0.0
v -6.71397344925208 7.959213614463806 0.0
v 13.245915444451384 -3.9359127581119537 0.0
v 1.4315232473309152 -14.304875724948943 0.0
v 10.807848501892295 -12.251252110116184 0.0
v -6.973563580773771 -9.901482582092285 0.0
v 0.6795873540686443 -1.2754933182150126 0.0
v -13.838329486956354 -13.650792711414397 0.0
v -0.6028875796473585 -0.939492916688323 0.0
v -2.54055504972348 -14.55277473013848 0.0
v -4.935834789474029 10.111062039621174 0.0
v -2.50632403511554 5.492248328402638 0.0
v -11.848995150940027 -14.351183351129293 0.0
v -2.000259392138105 -6.12678312510252 0.0
v -6.37591377669014 8.05372363794595 0.0
v -9.07643818348879 11.121945024468005 0.0
v -6.097855178057216 0.0751301534473896 0.0
v 5.6820064738276415 -9.001011085696518 0.0
v -13.274474428093527 3.6478145653381944 0.0
v -0.3138417470618151 -9.365550621412694 0.0
v -1.9415538543253206 -13.695960608310997 0.0
v -14.937019812699873 6.9860381949692965 0.0
v 7.903900261211675 -0.6064720628783107 0.0
v -7.222100368351676 6.746464708819985 0.0
v 6.448892597865779 -0.8220265600830317 0.0
v -9.949585431721061 7.79321082867682 0.0
v 6.283886740508024 1.9223541347309947 0.0
v 11.953792862419505 0.673125708475709 0.0
v -9.05167878116481 -2.7337190993130207 0.0
v -7.397040927025955 -7.549211527220905 0.0
v 10.380088975187391 8.547151606529951 0.0
v 13.825709276366979 -10.312795975245535 0.0
v 0.46617289184359834 -11.550187204033136 0.0
v 7.538625819608569 8.972677256911993 0.0
v 5.193120299547445 -0.9927530838176608 0.0
v -5.0983735078480095 -4.978836233727634 0.0
v -3.825899919087533 11.880325611680746 0.0
v 9.884315143688582 -13.430918676778674 0.0
v -9.931180252984632 13.094454490579665 0.0
v -2.172703977499623 2.982332187704742 0.0
v 14.80207284167409 -7.362475800327957 0.0
v -2.0717718362575397 14.906443522311747 0.0
v -2.5928291819873266 -3.0897439029067755 0.0
v 8.009721427049953 -2.042901126667857 0.0
v -2.9889427081798203 -6.052970017306507 0.0
v 6.075378107954748 12.649265674874187 0.0
v 8.732839765085373 -9.3824556870386 0.0
v 0.74607584514888 3.3562435628846288 0.0
v 4.894472000596579 -4.079178933054209 0.0
v -7.220812306331936 0.4727769298478961 0.0
v 5.3832852666964754 -14.553501137532294 0.0
v 13.82393717271043 -0.6052032494917512 0.0
v 11.764427991001867 -8.275426632724702 0.0
v 3.762153991032392 -4.203611711040139 0.0
v -12.784165901422966 12.962454129941761 0.0
v 6.089676028932445 -8.300013084895909 0.0
v -4.129136191913858 -9.970208958722651 0.0
v -4.311066751135513 9.36258148867637 0.0
v 9.095208683866076 -0.9000788237899542 0.0
v -4.353419399471022 -10.714341908693314 0.0
v 12.493848256359342 4.616640152409673 0.0
v 2.258042591798585 12.139909917488694 0.0
v -4.380711936799344 7.1436592023819685 0.0
v 11.542955492448527 -11.808853521943092 0.0
v 6.535167595604435 -13.094609284773469 0.0
v 14.53237222484313 12.663594940677285 0.0
v -6.409192109887954 -2.5198111198842525 0.0
v -1.023187053448055 -8.544150813482702 0.0
v 12.950991758320015 -13.000288753770292 0.0
v 10.262198503303807 -4.15894066542387 0.0
v -8.069149694987573 6.400454762391746 0.0
v -8.34452690219041 9.523746736347675 0.0
v -4.143572779605165 5.2251278487965465 0.0
v -14.515312225732487 -0.35149223171174526 0.0
v 10.762351641838904 3.7926128040999174 0.0
v 11.276147950033192 1.054474196396768 0.0
v -4.162526483298279 4.867228635586798 0.0
v 4.510694841330405 9.111591371707618 0.0
v 12.594317217182834 -14.836463660001755 0.0
v 4.0644154836190864 12.847518865950406 0.0
v 7.932258361950517 1.8132307836785913 0.0
v 5.81307548872428 -4.548216885887086 0.0
v -5.303475575521588 3.6459967643022537 0.0
v 0.6090241321944632 13.180591627024114 0.0
v -12.965143811015878 -8.76961893029511 0.0
v -2.9894539926899597 9.497211752459407 0.0
v 0.3246711373794824 -5.179228148423135 0.0
v -13.522258548648097 -4.404264770448208 0.0
v 5.20999408204807 0.0471086036413908 0.0
v 2.5289560698438436 11.727956159040332 0.0
v -7.467418797430582 -1.336477868258953 0.0
v 0.6658681889530271 12.339311968535185 0.0
v -1.265292958007194 -12.965823736973107 0.0
v -14.214736017689575 -4.927333305589855 0.0
v -2.7867677223403007 -13.203015645034611 0.0
v -5.111504425876774 -9.495224080048501 0.0
v 3.1407236204249784 -11.97848715633154 0.0
v -9.55139963683905 5.550648936070502 0.0
v 14.536345822969452 11.332904173992574 0.0
v -8.85797617334174 -4.349643465131521 0.0
v 6.906821460754145 -9.334496683441103 0.0
v 14.33993623330025 1.6170720430091023 0.0
v -8.759209845331497 11.07812696043402 0.0
v -2.6218791064457037 13.788609156385064 0.0
v 8.938500727177598 -1.7029875796288252 0.0
v 13.864221152907703 10.937094773165882 0.0
v 6.058038485760335 -3.202214140444994 0.0
v 7.030251629243139 7.596380050294101 0.0
v -14.229858670849353 -13.707143420353532 0.0
v -13.959829697618261 -2.7029719753190875 0.0
v 2.450069558515679 -6.792460466735065 0.0
v -14.67519228468882 4.568367603234947 0.0
v 5.480817431060132 1.3057445278391242 0.0
v 4.555621449428145 2.9995069121941924 0.0
v 12.923635461309459 8.920154504477978 0.0
v 4.001370388723444 7.755040862597525 0.0
v -7.171049897267949 -13.472638294100761 0.0
v -10.10897590481909 -1.9260202087461948 0.0
v 9.991046715993434 11.641623364761472 0.0
v -12.860732943750918 12.817032860592008 0.0
v 13.289187455258798 10.054103802889585 0.0
v -12.35570938611636 12.654276807792485 0.0
v 3.73136082442943 10.623868066817522 0.0
v -6.459615383937489 -1.9647305076941848 0.0
v 10.107989002892282 9.549556633457541 0.0
v 3.910430119431112 11.096189479343593 0.0
v 3.8785766175133176 4.21258170902729 0.0
v -3.7886097466689534 11.845187499187887 0.0
v -11.253917939320672 -10.799364971928298 0.0
v 4.001560165081173 6.318989142775536 0.0
v -11.29796985880239 -10.772786947898567 0.0
v 2.435813986172434 3.6114351274445653 0.0
v -13.965689922391903 11.454011047258973 0.0
v 11.178754562221002 14.134717771783471 0.0
v 4.6018497499171644 -13.130992748774588 0.0
v 1.739796292851679 12.147679172456264 0.0
v -8.223264736006968 -13.908526006154716 0.0
v 6.4278736124397255 12.128919802606106 0.0
v 13.77526025811676 -11.902152753435075 0.0
v 1.902196447888855 -10.703588641248643 0.0
v -13.720987550157588 -7.003191323950887 0.0
v 12.77743349148659 -11.372016579844058 0.0
v 7.125389971130062 -13.942434442229569 0.0
v -2.7225430596154183 7.598452793434262 0.0
v 11.726755942159798 -0.9581516981124878 0.0
v 7.587926012871321 1.712580107152462 0.0
v 9.027818217989989 -9.544229005463421 0.0
v 4.754756413574796 9.73436644114554 0.0
v 1.7304697539075278 -6.96128221321851 0.0
v -1.7980408387375064 6.821222495287657 0.0
v -12.807371466769837 -14.909482191316783 0.0
v -8.170380071096588 14.914637190289795 0.0
v -10.853111648466438 -11.560963148251176 0.0
v -11.409589443996083 6.065372593700886 0.0
v -14.418615206726827 -2.1812323220074177 0.0
v -11.394218950707 1.8768273554742336 0.0
v 0.4820247929310426 -12.712496504187584 0.0
v -4.28524147614371 -0.6876710830256343 0.0
v 9.14464207016863 -13.17033521272242 0.0
v 5.77267856040271 2.476188560947776 0.0
v -10.15248955815332 7.326961297541857 0.0
v -6.6077290898538195 -9.000860773026943 0.0
v 11.82309503905708 12.386031068861485 0.0
v -7.230173112242483 -10.66790457163006 0.0
v 13.435217091580853 -4.4316613636910915 0.0
v -12.834098575869575 -8.420472294092178 0.0
v -0.12819705752190202 9.727919346652925 0.0
v -13.45907601347426 14.621051588095725 0.0
v -5.830458555952646 2.0258869202807546 0.0
v 3.65658064361196 -6.524253490380943 0.0
v 6.374097493244335 -7.655086966231465 0.0
v -10.203337539045606 -4.157820850610733 0.0
v 10.553023634827696 7.370149167254567 0.0
v 0.6096907444880344 11.189745547249913 0.0
v -13.27074571599951 2.999815865419805 0.0
v 8.272289980726782 6.704524903558195 0.0
v 9.956147552991752 13.08665148448199 0.0
v 2.535386120376643 7.889304798096418 0.0
v -9.480536927003413 9.687093302607536 0.0
v -11.45099929627031 -6.029722199775279 0.0
v 9.669911068689544 2.602422439493239 0.0
v 1.4862585261580534 6.085314535535872 0.0
v -4.501340055721812 -14.99883681628853 0.0
v 2.505433735321276 -2.0687586292624474 0.0
v 13.252547112177126 -11.018913404084742 0.0
v 14.82400929799769 -12.92542676255107 0.0
v -9.3424984041485 -1.2852228451520205 0.0
v -0.17531801667064428 -7.965643163770437 0.0
v -8.124976505816448 11.034000883810222 0.0
v -14.634935325884726 -8.754063425585628 0.0
v 8.664670725993346 -8.311520239338279 0.0
v 7.8282617016811855 2.8337576845660806 0.0
v -8.453094640222844 -12.61015306878835 0.0
v -10.33661837753607 14.202686994336545 0.0
v -1.9661449064151384 9.210647347383201 0.0
v -9.129662049061153 -10.006390157155693 0.0
v 10.103546567610465 -11.295740745030344 0.0
v 13.337628882552963 -8.264689401723444 0.0
v -8.620682534296066 9.313351577147841 0.0
v -9.877356860321015 -7.79381952341646 0.0
v -3.678920646489132 -1.5253423377871513 0.0
v 12.341579447092954 -11.346723745577037 0.0
v 7.805362637154758 -6.974963264539838 0.0
v 4.531233929388691 -10.847031368874013 0.0
v 1.871406431950163 1.5919950269162655 0.0
v -1.0640249989228323 -11.859811418689787 0.0
v -13.976977491634898 -13.924098242074251 0.0
v -13.284071383590344 10.915180414915085 0.0
v -0.9482430675416254 1.8560726754367352 0.0
v -9.955894223763607 13.443146351724863 0.0
v -13.37395285378443 11.635841818526387 0.0
v -3.5639219991862774 -7.558680426329374 0.0
v 3.570266694528982 -0.3516749106347561 0.0
v 10.200512683775742 8.395994207821786 0.0
v 5.083570762712043 -0.809850805439055 0.0
v -4.0503259907709435 13.826957612298429 0.0
v -1.6985886222682893 -9.229679043404758 0.0
v -11.601005542324856 11.943912090733647 0.0
v 2.1519419134710915 -13.100066194310784 0.0
v -2.8408588545862585 -12.910999787971377 0.0
v 14.073029018065426 -11.386552794836462 0.0
v -3.4476318020024337 3.8892769450321794 0.0
v 4.38092917681206 5.922331586480141 0.0
v -10.042529594502412 14.080173024907708 0.0
v 1.5109840318909846 -5.945036668330431 0.0
v 14.87315595021937 -11.14978901296854 0.0
v 1.672203559835907 11.921883238479495 0.0
v 11.880739491723944 6.319421119056642 0.0
v 9.213648671400733 2.5034793065860868 0.0
v 1.7908264913130552 -5.173556952737272 0.0
v -2.659640072961338 -0.7051852727308869 0.0
v 9.673118936596438 -11.66669933963567 0.0
v -12.32907493802486 8.30894167907536 0.0
v 4.659395125170704 -0.36072212364524603 0.0
v 2.2466776752262376 -5.180374532006681 0.0
v 8.262481870537158 2.697155050933361 0.0
v -14.041476485086605 1.9402168691158295 0.0
v -4.20786506292643 -5.044113984331489 0.0
v 2.2176303236628883 -11.30071001406759 0.0
v -5.436659026017878 8.441556532867253 0.0
v 3.4325417223735712 -3.8262192141264677 0.0
v -12.464695066038985 -14.571989981457591 0.0
v -6.527162267302629 7.679934034124017 0.0
v -13.94881990243448 -9.498770681209862 0.0
v 6.03428429516498 14.843296950682998 0.0
v 7.682537338347174 -6.860465656965971 0.0
v 12.873361273203045 -14.412877232767642 0.0
v -1.4086176926502958 -1.825299727730453 0.0
v 6.130165813607164 -2.592276953160763 0.0
v 11.680687872343697 10.005808672867715 0.0
v -7.612849604221992 11.56929530017078 0.0
v -2.646982654929161 -14.518221723847091 0.0
v 1.6809932852629572 -10.381588004529476 0.0
v 10.025716822827235 -10.001658500172198 0.0
v -4.883454612805508 5.3761833207681775 0.0
v -14.998928373330273 -3.47555429674685 0.0
v 1.487035613739863 14.790407991968095 0.0
v -13.595657251309603 9.812601842917502 0.0
v -14.077096732857171 -4.586750437505543 0.0
v 12.851841073250398 -4.575766465626657 0.0
v 13.164157768711448 11.891607821919024 0.0
v 1.0667944103479385 8.633650103583932 0.0
v -0.5383412785595283 8.085998084396124 0.0
v -11.943949549924582 -7.955066109076142 0.0
v 4.8793318013777025 -4.9206877164542675 0.0
v 0.05328021151944995 4.310670237056911 0.0
v -5.690954866120592 -12.141059177927673 0.0
v -2.609666985401418 -8.424251067452133 0.0
v 4.066748244862538 -6.660098775289953 0.0
v -1.0113281504600309 -4.419303448870778 0.0
v -5.229975186288357 -0.921296033076942 0.0
v 10.499842491641175 -0.868597250431776 0.0
v 1.4362651070114225 -8.08047944586724 0.0
v 1.1749178253230639 8.98144402820617 0.0
v 7.434950180351734 5.176755715161562 0.0
v 8.195243931666482 14.982420686632395 0.0
v 10.657037098368164 4.850380532443523 0.0
v -3.3617519565159455 6.777443549595773 0.0
v -12.785800662823021 11.578842533752322 0.0
v 11.003812044626102 -13.778495776467025 0.0
v 9.71259567065863 -1.0300539350137115 0.0
v 1.0752711344975978 6.343697990290821 0.0
v 6.613642345997505 2.1390550611540675 0.0
v -6.375939880381338 9.771280554123223 0.0
v -14.997293955588248 0.0380606884136796 0.0
v 3.165739508054685 11.99124859739095 0.0
v 2.0996478372253478 8.527797257527709 0.0
v 11.362117207143456 -1.6461522746831179 0.0
v 7.804162490880117 10.75025319494307 0.0
v 7.408555975765921 9.803002371452749 0.0
v 9.044476623239461 -13.651148315519094 0.0
v -6.435263345716521 4.945588170550764 0.0
v -8.263003334461246 -2.8890447691082954 0.0
v -4.320593390672002 -14.29971518740058 0.0
v 1.4239933278877288 -4.846437894739211 0.0
v 14.524837299191859 -14.581366050988436 0.0
v 14.963376171188429 -5.635334854014218 0.0
v 14.890579606697429 -1.3693366535007954 0.0
v 6.44312311016256 11.077709189616144 0.0
v -0.18660429649753496 -6.076932331547141 0.0
v -10.679274912574328 -1.9451278178021312 0.0
v -4.209408272174187 9.083206904120743 0.0
v 5.291474775527604 8.94661569595337 0.0
v -11.506484649667982 4.413410760462284 0.0
v 6.111544922052417 -4.354103588499129 0.0
v 5.73419787309831 2.097609248943627 0.0
v 6.869766191637609 -6.9076286079362035 0.0
v -5.3579968474805355 -14.960227579809725 0.0
v 14.602659492462408 -14.617390726692975 0.0
v 12.677939608343877 -3.4663960430771112 0.0
v -9.884446178330109 -14.899736733175814 0.0
v 8.777610574732535 -0.15648561157286167 0.0
v -8.042971188784577 1.0684392312541604 0.0
v -14.433578464842867 0.13786187302321196 0.0
v 3.0803351546637714 -0.19572343677282333 0.0
v 1.9182095152209513 5.934331405907869 0.0
v 8.290342591470107 3.868347325362265 0.0
v -4.564736935659312 -0.9527143510058522 0.0
v 12.40957339014858 -10.139031939208508 0.0
v -10.071216624288354 -9.133536644279957 0.0
v -11.92506536631845 1.0540995942428708 0.0
v -12.806120775523596 4.876255013048649 0.0
v 14.120658758794889 -4.840132183395326 0.0
v -8.050655067781918 -12.659216791391373 0.0
v -2.9234135674196295 14.652464728802443 0.0
v 0.15778834314551204 0.8488003741949797 0.0
v 7.759216913138516 0.6603090418502688 0.0
v 9.27043072442757 -8.787077153101563 0.0
v -13.378515003307257 2.7689198972657323 0.0
v -5.485746496589854 10.555502910166979 0.0
v 11.967735853686463 -2.209522477351129 0.0
v -5.207360157917719 -4.371975760906935 0.0
v -2.346055527043063 -7.122258829884231 0.0
v 2.4300099229440093 14.653111007064581 0.0
v -4.748722445860039 -9.519609558396041 0.0
v 12.594113585888408 -6.87189557030797 0.0
v -3.341971716377884 7.6886668773368 0.0
v 1.012640715809539 -12.533702091313899 0.0
v -0.8694845499121584 5.995854900218546 0.0
v -13.893324349075556 11.548255669884384 0.0
v 14.797801265493035 -8.183027501218021 0.0
v 10.492755546118133 4.631967625580728 0.0
v -4.497090779826976 14.549033148214221 0.0
v -12.39263252390083 3.1835322892293334 0.0
v -8.89265998871997 0.48910627886652946 0.0
v -8.234890082618222 -14.113938754424453 0.0
v -14.485487710277084 -11.84664725791663 0.0
v 13.243342992151156 11.806377935223281 0.0
v -8.806058845948428 14.765009297057986 0.0
v -13.455803543212824 -3.979315508157015 0.0
v 10.361084160162136 11.759268938563764 0.0
v -1.5537953869788907 5.71175052691251 0.0
v -13.32671383721754 8.245244754478335 0.0
v 3.338293146342039 12.648171334527433 0.0
v 6.2974225504440255 -2.357360831461847 0.0
v -1.7563150158966891 7.309260442852974 0.0
v -2.8592130036558956 -11.170155758038163 0.0
v 11.409894072334282 11.479834013618529 0.0
v 11.776501139975153 13.242747264914215 0.0
v 7.289764883986209 13.873302813619375 0.0
v -6.725266595603898 2.942224304191768 0.0
v 5.145658097404521 -11.262530171312392 0.0
v 0.9618430092232302 3.5993897262960672 0.0
v -9.934493046952412 -6.403515884652734 0.0
v 9.933549667417537 7.303237383253872 0.0
v -6.5920958230271935 -9.098935270681977 0.0
v -11.823676731088199 -8.15458598639816 0.0
v -12.935915028909221 9.433370718732476 0.0
v 1.630400204914622 3.6647358555346727 0.0
v -1.9701634253142402 -11.209551773965359 0.0
v -3.794829857768491 -10.13460223004222 0.0
v -5.876300674630329 -12.4204421043396 0.0
v 1.4546131188981235 -3.2882804786786437 0.0
v -9.759233249991667 -12.84825487434864 0.0
v 6.903430552396458 -5.066239341162145 0.0
v -10.40445690578781 -8.580153613351285 0.0
v -1.4424459398724139 -1.3370142914354801 0.0
v 1.375799784087576 5.315852260217071 0.0
v -10.228452579060104 -10.056668745353818 0.0
v 3.9230958777479827 7.721722414717078 0.0
v 6.6750539560453035 6.4673134898766875 0.0
v 2.3904692528303713 -0.5223378166556358 0.0
v 8.951836331456434 -7.5750557305291295 0.0
v -9.464167392870877 3.660530399531126 0.0
v 12.870215002680197 5.689621522091329 0.0
v -3.8058950500562787 10.84906408097595 0.0
v 12.811188771796878 11.234873629175127 0.0
v 12.456107978126965 -1.583524914458394 0.0
v -10.853054185106885 -12.429040812887251 0.0
v -5.456953560758848 -2.9476341838017106 0.0
v 7.874534230155405 -9.909714612178504 0.0
v 4.978005085897166 -2.572072650305927 0.0
v 3.6825959720881656 -12.432718077674508 0.0
v -12.293715838866774 7.77199124917388 0.0
v 1.3521823496557772 -4.50951524451375 0.0
v -13.341133095847908 -1.9610610343515873 0.0
v 13.220406059524976 8.514388451352715 0.0
v 11.503353462379891 2.180828433483839 0.0
v -0.29726277804002166 -7.54036564193666 0.0
v 4.97408148390241 -14.500104373320937 0.0
v 10.76378382393159 1.0968923112377524 0.0
v -14.987427627318539 0.20679355692118406 0.0
v -14.950863235630095 -10.145969002507627 0.0
v 0.47092937177512795 -2.7237161630764604 0.0
v 14.364298536384013 -2.9282548297196627 0.0
v -9.10269329341827 11.782541362568736 0.0
v 3.523328355047852 4.8940021218732 0.0
v -12.393980574910529 -5.42443026881665 0.0
v 8.273321877990384 -2.581619626842439 0.0
v -11.595792814681772 -8.04867600183934 0.0
v 1.9663988712709397 5.895283905789256 0.0
v -13.498236979532521 10.209291742183268 0.0
v 0.8040176869253628 11.712343093939126 0.0
v 0.5294419281417504 -10.835186607204378 0.0
v -2.6407970741274767 -14.149114502593875 0.0
v 7.5341157602961175 10.152044458314776 0.0
v -10.3429727240582 -0.2839968064799905 0.0
v 8.461687613686081 -11.185118586756289 0.0
v 5.601954670273699 -10.974507213570178 0.0
v 1.6409623019280843 6.069493263959885 0.0
v 1.949545234150719 -12.986661462113261 0.0
v 3.260358580155298 4.987468195147812 0.0
v -14.404869483143557 -0.6967006027698517 0.0
v 6.531864139251411 -8.877821797505021 0.0
v 2.272825204883702 4.926295293495059 0.0
v 7.43287184543442 -9.943633690476418 0.0
v 0.45721201022388414 -8.928665795363486 0.0
v 1.208443399402313 -13.927969453856349 0.0
v 14.3106834939681 -7.995292263105512 0.0
v -6.383348722010851 -11.96646688785404 0.0
v -0.5068168875877745 -4.624786106869578 0.0
v 12.280305041524116 -0.5965338405221701 0.0
v -14.832638124586083 -12.505843198858202 0.0
v 13.950039193732664 6.83673591632396 0.0
v 3.333255667879712 -0.5010371748358011 0.0
v 7.59094709798228 -14.27850591763854 0.0
v -3.615234416909516 6.254993670620024 0.0
v 1.974836852925364 4.16392410825938 0.0
v 5.66845019714674 10.788727044127882 0.0
v 14.457266829558648 7.01189153175801 0.0
v 0.40361324488185346 10.885053393431008 0.0
v 14.584777257288806 14.808679175563157 0.0
v -7.069016138790175 -2.629354848526418 0.0
v 9.057310744305141 -9.934331150725484 0.0
v -11.038912241638172 12.434409779496491 0.0
v -8.984716036065947 8.121642251498997 0.0
v -3.246553246572148 2.0064014568924904 0.0
v 7.6724082480650395 1.4463304914534092 0.0
v 4.623666869243607 14.76528302859515 0.0
v 2.271097445511259 -7.015164999291301 0.0
v -1.0596470653545111 -3.7540411427617073 0.0
v 13.87712444155477 -14.911532104946673 0.0
v -3.886542651162017 -11.145153629593551 0.0
v -9.385332699108403 11.540112269110978 0.0
v 14.083711733226664 -1.030592660419643 0.0
v -13.024375254579354 -1.381103086285293 0.0
v 8.562319652352016 1.4074183413758874 0.0
v 1.7923230736050755 1.7569717410951853 0.0
v -12.414120211906265 -9.740845588967204 0.0
v -2.156975410063751 -2.947458440437913 0.0
v 3.6455815150402486 -1.9321667198091745 0.0
v -4.763767023279797 0.17362671066075563 0.0
v -2.953845852869563 1.8085904512554407 0.0
v 11.77986116881948 13.118630811572075 0.0
v -12.343812263163272 -7.55068535450846 0.0
v 4.243184864171781 -0.5253189643844962 0.0
v -8.205331408127677 -1.4633185137063265 0.0
v 5.014504194667097 -2.5339245665818453 0.0
v 0.42027785535901785 5.581543004140258 0.0
v 1.8686686950968578 3.2911480367183685 0.0
v 10.361206589033827 -9.926865068264306 0.0
v -6.938805513316765 14.331251418218017 0.0
v -11.077626236714423 0.8051055138930678 0.0
v -11.11285610316554 11.437344916164875 0.0
v -2.373019977938384 -5.711019542999566 0.0
v 0.36267100396798924 8.602699676528573 0.0
v 0.41683002637000754 0.2998017817735672 0.0
v -11.934786505647935 14.008400291204453 0.0
v -6.47384421818424 13.479052723385394 0.0
v -13.034893178439233 -0.7618935070931911 0.0
v -12.442136679077521 -4.913829432800412 0.0
v -14.610054382355884 -14.750998948700726 0.0
v 2.873635435535107 -8.622056004591286 0.0
v 13.778298802033532 -9.165006461553276 0.0
v -11.394525736744981 -3.9269868694245815 0.0
v -13.261712312640157 -3.1164878932759166 0.0
v -1.5938286235905252 -14.745399379171431 0.0
v 4.058834912953898 12.620703493244946 0.0
v -14.375020392239094 8.206658572889864 0.0
v -7.860019412182737 -14.797593901865184 0.0
v -2.549034179886803 -13.463724135421216 0.0
v 2.033597883186303 14.976792328990996 0.0
v 8.568248273862991 -11.773196764290333 0.0
v -2.9117104565375485 0.47316653188318014 0.0
v 6.096302869496867 0.767672823742032 0.0
v -2.9662770317518152 -5.291836673393846 0.0
v -9.502899996412452 -0.5092621576040983 0.0
v -3.8262229922111146 2.216782088391483 0.0
v -13.999806110281497 0.615936866030097 0.0
v -2.3823735690675676 -14.294422827661037 0.0
v 10.346158494590782 1.8501642886549234 0.0
v -1.9814889744739048 -9.150552879087627 0.0
v -3.669963408727199 -8.561468071304262 0.0
v 8.73200039518997 8.148134637624025 0.0
v 7.198799775913358 13.83936622645706 0.0
v 7.360255134175532 -13.004158710129559 0.0
v -2.533799114637077 0.7893613558262587 0.0
v 3.463912511302624 -3.5181270176544785 0.0
v 13.806545492494479 -2.949160330928862 0.0
v 8.791909158113413 -1.71885119471699 0.0
v -10.21566200023517 -12.113940478302538 0.0
v 8.244510051212274 7.479161137714982 0.0
v -4.040119438781403 -3.155263625085354 0.0
v 5.6034583959844895 -8.580890004523098 0.0
v -3.5628682207898237 -6.607953825965524 0.0
v -8.148040893080179 -7.690753875300288 0.0
v 3.703343505214434 -4.6543078646063805 0.0
v -0.44844844873296097 14.432876518927515 0.0
v -13.601671149372123 -12.310238222591579 0.0
v -6.899664471682627 10.060569752007723 0.0
v 3.847525754768867 6.8185687605291605 0.0
v 7.587512847792823 11.942586501128972 0.0
v 14.260413206415251 3.572012225165963 0.0
v -3.668944404751528 3.8782681059092283 0.0
v 9.632889420434367 -8.094043326564133 0.0
v -4.101468281995039 -12.062687687575817 0.0
v 7.313818985421676 3.946840986609459 0.0
v -10.033247829473112 2.571218562312424 0.0
v -3.4895973498933017 -7.181722260080278 0.0
v 10.011532151256688 -5.661751255393028 0.0
v -14.280230496253353 13.355851886793971 0.0
v -5.356025884917472 -13.790157325565815 0.0
v 3.5999896429129876 -11.896828365512192 0.0
v -13.671746017877012 -12.446616944856942 0.0
v 10.851297939487267 13.125721836462617 0.0
v 1.7951177567592822 8.003597511909902 0.0
v 13.015137231675908 -12.25904196407646 0.0
v -3.839550436474383 -4.688450647518039 0.0
v -14.66049083310645 -5.092982632108033 0.0
v 5.055440376687329 13.623834173195064 0.0
v -14.360566691902932 -11.955920654349029 0.0
v -3.793781272659544 -10.968751607462764 0.0
v 2.9125837614410557 -7.046081376262009 0.0
v -7.157840001862496 -12.959303013980389 0.0
v -14.263038196717389 0.8276714514940977 0.0
v -6.615305511339102 1.0536845652386546 0.0
v 0.38873456371948123 5.348132782615721 0.0
v 4.763944432081189 -9.624992239288986 0.0
v -2.426030962727964 1.7163334470242262 0.0
v 5.0553732614498585 -9.963325819000602 0.0
v -7.93766329443315 1.5938686123117805 0.0
v -1.1787559882504866 -7.310305495746434 0.0
v 14.575590008986183 11.391623528674245 0.0
v -12.560003334539942 -5.14603781607002 0.0
v -12.590546140971128 -0.6806043870747089 0.0
v -14.510495997674298 13.928573943674564 0.0
v 11.567375161859673 9.382027388550341 0.0
v 11.688409380440135 4.403865815140307 0.0
v -12.387050444900524 4.746953711844981 0.0
v -1.6442340577486902 7.4051654022186995 0.0
v 9.325168404029682 -0.2292175404727459 0.0
v 1.1290486411307938 5.328676937147975 0.0
v 0.19071065017487854 -14.10726154409349 0.0
v 3.526296927186195 2.746192610822618 0.0
v 9.482949997938704 3.489087582565844 0.0
v -8.454396454209927 -5.995809062384069 0.0
v -13.191394711087923 13.354452634230256 0.0
v -14.374197752855252 7.5360104301944375 0.0
v -0.5464734653942287 -0.6031898008659482 0.0
v 14.25997646083124 -7.366696706973016 0.0
v -6.338565276295412 -3.900960019789636 0.0
v -0.333896936965175 -1.0244351336732507 0.0
v 3.438524430326652 10.294099600054324 0.0
v 6.946623787109274 -4.5100798308849335 0.0
v 14.796037250198424 -5.437738603912294 0.0
v 10.329670822655316 13.264291567727923 0.0
v -14.285529183223844 -8.856861502863467 0.0
v -8.578411094960757 8.778717341832817 0.0
v 9.436912463861518 -6.2113291174173355 0.0
v -2.2488667751895264 3.0899487398564816 0.0
v -6.416037470800802 -0.14757210668176413 0.0
v 14.805094145995099 -9.876108568161726 0.0
v 8.656692802731413 0.4887352008372545 0.0
v -5.291670561768115 7.744318613782525 0.0
v 7.084436114702839 -6.18154086638242 0.0
v -12.995908341719769 -11.013754694722593 0.0
v 7.034619126294274 2.8119189431890845 0.0
v -1.946979676722549 -10.010853008367121 0.0
v -13.737492082465906 -14.118296517059207 0.0
v -4.375665802916046 -9.183730685152113 0.0
v -2.284805721079465 2.1089921658858657 0.0
v 12.999550919688772 7.689037092961371 0.0
v 3.7152823403594084 -11.028556993231177 0.0
v 5.157336076779757 13.87355780787766 0.0
v 8.845090700255241 -0.18245729058980942 0.0
v 3.154468330612872 7.133291966281831 0.0
v 11.401871278882027 -0.7221570182591677 0.0
v -1.9778111760970205 -3.5160351982340217 0.0
v -2.710459034482483 0.05368413869291544 0.0
v -11.42657503153896 -14.354697386734188 0.0
v -2.331143031362444 5.0326666021719575 0.0
v 3.3966335254954174 -5.171670532785356 0.0
v -4.678306345944293 12.615771093405783 0.0
v -6.531498875934631 14.159247917123139 0.0
v 1.2276965215569362 13.3002206441015 0.0
v 2.1049431674182415 -10.700490418821573 0.0
v 14.334149492322467 11.478902226313949 0.0
v -4.765104597026948 10.804867709986866 0.0
v 12.701201920222957 -9.095451126806438 0.0
v -10.468506464851089 -14.195826814509928 0.0
v 12.013203414273448 -5.078418608754873 0.0
v 13.446830787521321 6.294545196928084 0.0
v 5.362224163021892 -6.0873238341882825 0.0
v 5.144898148311768 -6.758366891182959 0.0
v -14.273963122919668 -8.449334622360766 0.0
v 6.960253728553653 -11.777471693232656 0.0
v 12.466794246574864 3.7883484289050102 0.0
v 4.575594099063892 3.6330409860238433 0.0
v -10.177714274614118 14.367194625549018 0.0
v 4.653666731435806 -4.894802953116596 0.0
v 8.686304710397962 -8.132616218179464 0.0
v -11.0743293678388 -1.4280193457379937 0.0
v 2.2190528598148376 -1.780189013108611 0.0
v -3.5281449402100407 9.098760902881622 0.0
v -14.838498017459642 -7.598015860654414 0.0
v 13.56281930807745 -1.041759043931961 0.0
v -6.76599122089101 6.954822262749076 0.0
v -12.313556516019162 8.146634770557284 0.0
v 11.59688502753852 11.43450942914933 0.0
v -1.180275172344409 -9.743540102615952 0.0
v -3.8718355603632517 10.859104899689555 0.0
v 1.2048155409866013 6.78240411542356 0.0
v 14.629885751463007 4.182112751528621 0.0
v -4.060210473777261 -11.435586928389966 0.0
v 3.4814981311792508 -1.9394115190953016 0.0
v -1.5874129142030142 -14.78859391156584 0.0
v -0.5000770358601585 12.581008987501264 0.0
v -6.509332989458926 -7.837515032850206 0.0
v 8.167077372432686 3.0638327561318874 0.0
v -6.569117391074542 12.43906705826521 0.0
v 4.781633126141969 -8.48540479503572 0.0
v 7.755642588250339 8.757962786592543 0.0
v -2.181151119468268 -5.974651395343244 0.0
v 12.133213479013648 -3.1576546989381313 0.0
v -10.847728123422712 -1.409349611029029 0.0
v -9.808369415695779 -13.669929289259017 0.0
v 8.790954843861982 12.700839790515602 0.0
v -9.43278538621962 0.17327665630728006 0.0
v 14.1564036339405 -12.022123947739601 0.0
v 8.770927906502038 -6.517056737095118 0.0
v -4.484272434550803 -4.65648122318089 0.0
v -1.6617041904246435 -6.212031099013984 0.0
v 1.7201382066705264 -14.173619594424963 0.0
v 2.740136442997027 -13.746873900294304 0.0
v -3.4975721208611503 -3.451343359425664 0.0
v 11.255800016981084 -12.253141488879919 0.0
v -10.476363603607751 3.1790533531457186 0.0
v 1.2399008655338548 13.365986390970647 0.0
v -5.794342495326418 -8.49909616354853 0.0
v 2.882962719828356 -3.5077650360763073 0.0
v -1.983244797331281 6.5061692195013165 0.0
v -0.2568366941413842 -8.981720318086445 0.0
v -9.069011272571515 -14.480557077564299 0.0
v 13.327284850820433 8.769454009830952 0.0
v -1.1538480174494907 -14.10753091238439 0.0
v 5.1674984325654805 -7.830968214198947 0.0
v -6.495723645261023 -11.568444850854576 0.0
v -3.3810861287638545 2.6498909201472998 0.0
v 9.217313862754963 -2.8463586205616593 0.0
v -12.53749268350657 4.782496070489287 0.0
v 9.710365300823469 -5.342030005529523 0.0
v 4.551889900118113 7.779830812476575 0.0
v -2.9024966843426228 11.400414930656552 0.0
v -10.334391743235756 14.883318491280079 0.0
v -3.765456330671441 -4.719278875738382 0.0
v 14.996174707950559 11.62359119206667 0.0
v 14.170705242373515 4.399480567313731 0.0
v 1.49912696989486 4.159348706714809 0.0
v 10.042569873156026 -1.8477489426732063 0.0
v 9.774250399146695 -8.012360495515168 0.0
v 10.755545091233216 -6.2221022211015224 0.0
v 12.26244130928535 7.189045515842736 0.0
v -2.412214990472421 -8.322153193876147 0.0
v -9.765217529551592 4.935530931688845 0.0
v -8.98420296330005 7.4749317690730095 0.0
v 7.581983756565023 0.6955972025170922 0.0
v -5.128820018144324 -9.233598746359348 0.0
v -11.061163551057689 -14.372717552818358 0.0
v 14.91042646614369 -1.7722419714555144 0.0
v -9.53848729172023 -14.1736049791798 0.0
v -3.2836674003046937 -5.652717963792384 0.0
v 6.4296776569099165 -10.690495970658958 0.0
v 8.896366887900513 -8.154134657233953 0.0
v 9.925079136621207 -2.753788523375988 0.0
v -3.291830609261524 -9.808169389143586 0.0
v 13.073205389722716 5.358483475632966 0.0
v -0.10438139975303784 2.931755200959742 0.0
v -0.8931259504170157 3.752217583358288 0.0
v 2.736777818587143 0.040156242437660694 0.0
v -2.9591516375658102 -1.2146509010344744 0.0
v 11.047833283315413 -11.14753392059356 0.0
v 9.369902595586609 4.06516704056412 0.0
v -0.5158886503777467 10.210812977515161 0.0
v 5.369041028840002 10.07913819141686 0.0
v -6.867299700155854 -5.6692102793604136 0.0
v 2.255107473640237 -10.055858165025711 0.0
v -4.961697595077567 -3.061854764819145 0.0
v -3.6101672953227535 -10.137927234172821 0.0
v -12.692970251489896 3.5635312367230654 0.0
v 14.694239691016264 3.8096583746373653 0.0
v -2.9356285836547613 3.916282333433628 0.0
v 10.216325353831053 -1.5779584366828203 0.0
v 9.453893515048549 -13.053623128682375 0.0
v 11.503845432365779 -2.719268498942256 0.0
v 12.403724040137604 11.975288238376379 0.0
v 12.812508196919225 -7.318057332187891 0.0
v 7.875428436324 5.648819657973945 0.0
v 8.111791273986455 12.240626176819205 0.0
v -12.954027451050933 8.800778022035956 0.0
v 0.8819329369580373 -8.79163492564112 0.0
v 2.3550934841041453 -5.482063943520188 0.0
v 8.274340288597159 3.0047836108133197 0.0
v -11.18599540030118 -0.20492207538336515 0.0
v 0.04772051691543311 12.329575494863093 0.0
v -7.979993886023294 9.74809980392456 0.0
v 1.2094363546930254 0.9464992014691234 0.0
v 1.591768907092046 0.49681709986180067 0.0
v 4.984604106284678 -2.6577013842761517 0.0
v 12.677112911827862 13.818948839791119 0.0
v 6.222312432248145 -7.3658377956599 0.0
v -4.411420894495677 -4.616087096743286 0.0
v -9.76676460186718 0.4953038478270173 0.0
v -10.075901133066509 14.505771525204182 0.0
v 14.166639107919764 -9.690669303759933 0.0
v 0.673105732712429 -7.441092331893742 0.0
v 13.218964517989662 -12.05555103160441 0.0
v -9.975838975398801 -12.293826969340444 0.0
v 9.930228108889423 11.887700932100415 0.0
v 9.879287637129892 0.9656474888324738 0.0
v -14.043251377006527 -1.9023432983085513 0.0
v 5.7836690863478 2.9010834908112884 0.0
v -12.109478503116407 -8.816633048467338 0.0
v 5.2087466706871055 -0.13923095259815454 0.0
v 3.982525961531792 -5.117586207576096 0.0
v 10.388384944060817 2.5501678697764874 0.0
v -13.198036445246544 11.874377373605967 0.0
v 1.1935884261038154 12.929930138401687 0.0
v -13.149760205822531 12.979381578043103 0.0
v 8.919147961016279 -11.547328832559288 0.0
v -8.954039917327464 9.487867280840874 0.0
v 12.85036255826708 -7.957597192376852 0.0
v -4.244324509811122 -6.302211401052773 0.0
v 7.292611027951352 13.809288413263857 0.0
v -7.256753371621016 5.291665074415505 0.0
v 11.169039666536264 -8.418613931164145 0.0
v -0.11176453379448503 -1.0330887818709016 0.0
v 11.158225682156626 -10.940764802508056 0.0
v 4.07083149428945 -1.5435305181890726 0.0
v 5.486658723501023 2.6050684908404946 0.0
v 3.591985484934412 2.785072583705187 0.0
v 11.408197580603883 -2.857734645716846 0.0
v 10.29414165491471 12.533274330198765 0.0
v 11.01156504714163 8.92528002988547 0.0
v -8.19185247994028 5.271074062213302 0.0
v -9.660815779934637 4.156748716719449 0.0
v 0.30212281917920336 5.03452926967293 0.0
v -6.908792473841459 8.9285434987396 0.0
v 0.05938091210555285 -7.330235417000949 0.0
v 9.234317897178698 1.3412830894812942 0.0
v 12.696465002722107 -11.75315411016345 0.0
v -6.6563995202304795 1.2564673814922571 0.0
v 5.962861284322571 -6.543597522191703 0.0
v 0.9076694656978361 -13.881147131323814 0.0
v 0.13943715096684173 5.4809572314843535 0.0
v 12.371679192059673 -9.58841031882912 0.0
v -3.3375087891472504 4.943213224411011 0.0
v -5.5559621846769005 5.944857118651271 0.0
v 6.189893439935986 -10.001026374287903 0.0
v 13.054472352785524 10.202927040867507 0.0
v -0.37672931648558006 13.179559288546443 0.0
v -14.726845321129076 -2.6258596312254667 0.0
v 4.121519821695983 12.945172538980842 0.0
v -9.070867102243938 1.011650181375444 0.0
v 2.2854690271196887 -8.025361674837768 0.0
v -12.098895247618202 7.67589474003762 0.0
v 2.5048074314254336 2.8562449533492327 0.0
v -11.859382505062968 7.052165555767715 0.0
v -2.819059966946952 -3.2577921831980348 0.0
v 9.65223875141237 -13.632512428797781 0.0
v -0.6692485370440409 -8.405058407224715 0.0
v -6.585389789193869 -2.3126116674393415 0.0
v 8.522760058403946 10.738185234367847 0.0
v -11.046783071069513 6.008209690451622 0.0
v -5.816950042964891 14.735480318777263 0.0
v 12.757754872669466 5.239515454508364 0.0
v 8.509291833965108 5.0583608485758305 0.0
v -8.254762835276779 -1.389364831149578 0.0
v 4.925866057281382 14.612847932614386 0.0
v 10.608070461195894 6.8134223483502865 0.0
v 7.883564322895836 10.971602874808013 0.0
v 11.003879585070536 -0.538536119274795 0.0
v 3.9748520360444672 11.55603416543454 0.0
v 9.23236266116146 3.2089149272069335 0.0
v 13.78061917697778 -12.504650545306504 0.0
v -14.896430077613331 9.31344950478524 0.0
v -10.748082463396713 6.999650117941201 0.0
v -5.638146873912774 -0.350064511410892 0.0
v 11.124993925564922 9.999161249957979 0.0
v -1.3519015535712242 -7.142257950268686 0.0
v 9.117076323775109 -14.259180700406432 0.0
v 12.433469321229495 -7.218520474620163 0.0
v -10.43179197277641 6.409764521755278 0.0
v 5.188177643169183 -11.419547317549586 0.0
v -14.781911083380692 -1.505777352489531 0.0
v -11.375055379234254 12.698392887599766 0.0
v -14.745452997856773 -0.05907102022320032 0.0
v -8.52436886326177 6.5429190108552575 0.0
v -14.573955412372015 6.414352050051093 0.0
v -5.609790078946389 13.717617850750685 0.0
v -13.906528698396869 9.571774248965085 0.0
v -0.8508973642601632 -5.04216506332159 0.0
v -12.469405063369777 14.750531248748302 0.0
v -8.366758711345028 -5.365426204167306 0.0
v -13.150789270584937 9.881235127337277 0.0
v 11.018820602388587 -13.280086458660662 0.0
v 9.060071657295339 10.797382919117808 0.0
v 6.002465033263434 5.0405893651768565 0.0
v 2.331492822850123 -11.357083543203771 0.0
v 12.499347490433138 8.430430055595934 0.0
v 7.3368319477303885 -5.66499122325331 0.0
v -0.21821288199862465 -7.483604618348181 0.0
v 7.804693929851055 13.748655186966062 0.0
v -12.211785289342515 10.33929400704801 0.0
v 14.410606335208286 -13.567649258300662 0.0
v -4.547706232755445 0.9445699509233236 0.0
v 7.627097814169247 -3.02121237013489 0.0
v 6.126028794038575 11.291916414164007 0.0
v 7.700816396099981 13.08623311854899 0.0
v 12.95076912798686 12.697988216765225 0.0
v -3.766245288948994 -12.783006080426276 0.0
v -0.9723919327952899 11.184470925480127 0.0
v 6.933107638033107 2.1878234148025513 0.0
v -8.81709504686296 7.823880488984287 0.0
v -0.9908090749522671 -5.541531918570399 0.0
v -0.8785600863047875 -11.155671119689941 0.0
v -6.523861794325057 -6.626425976864994 0.0
v 0.7836409878800623 -14.051347213797271 0.0
v -13.439441334863659 -2.6079354733228683 0.0
v 13.57017974392511 9.396806147880852 0.0
v -2.568154401204083 6.818422056734562 0.0
v -3.269520618428942 14.162254961207509 0.0
v 10.036620130820666 3.076729480177164 0.0
v -8.663055559503846 -3.166737033985555 0.0
v 10.0633288625977 0.35946820117533207 0.0
v -10.618100796884391 7.4940020916983485 0.0
v 13.01256957591977 3.35633959248662 0.0
v 4.241521633637603 13.475184745155275 0.0
v 13.495682444481645 -2.5323550552129745 0.0
v -6.252991984016262 0.1850055167451501 0.0
v -8.115272426453885 -9.862815328873694 0.0
v -0.3860507443314418 -3.0833050087094307 0.0
v 14.349608427553903 5.053467006422579 0.0
v 5.2204907889827155 -6.274163754656911 0.0
v 9.22570027410984 -11.043768440373242 0.0
v -7.886698025278747 -13.873267011716962 0.0
v 3.8646094842115417 -4.302334087900817 0.0
v 9.126522619568277 12.254902123473585 0.0
v 3.496377859672066 -14.863051281310618 0.0
v -6.375509656732902 6.746324706822634 0.0
v 1.534919613681268 11.815559362061322 0.0
v 0.6863067767699249 -7.6756136901676655 0.0
v 2.340360569418408 -13.392106833867729 0.0
v -0.3226562738418579 -11.427945295348763 0.0
v 0.1761079752468504 -6.4504700265824795 0.0
v -8.522906498110387 -9.362190543673933 0.0
v 13.167174162983429 1.1836408637464046 0.0
v 10.736066774465144 -2.4055053386837244 0.0
v -9.409065348503646 11.666398223489523 0.0
v -0.21654590719845146 -1.2050829082727432 0.0
v -7.889843601617031 -10.66989331226796 0.0
v 0.7835788097581826 3.337746717967093 0.0
v -8.799742480798159 11.029477218165994 0.0
v 3.575222810555715 -11.639642995782197 0.0
v -9.031126105692238 -7.749944368377328 0.0
v 7.041246018547099 -11.807513342238963 0.0
v -10.853580615483224 -5.437825041823089 0.0
v -11.473726864962373 -14.542891105636954 0.0
v -13.113966379256453 6.480136816389859 0.0
v 6.031760169309564 -7.393424388021231 0.0
v 1.9627275691600516 -2.6416721157729626 0.0
v -14.20756963454187 -4.5922909658402205 0.0
v -6.175535830727313 -13.48422734439373 0.0
v -12.7041759986314 -0.19897742103785276 0.0
v 9.759014110604767 -14.879570462740958 0.0
v -3.898115287825931 11.456414031796157 0.0
v -4.613418306747917 -9.982129818759859 0.0
v 12.82992739760084 14.725614929571748 0.0
v -11.677630899939686 8.080542515031993 0.0
v -14.692575905821286 6.77464465983212 0.0
v -14.655030097695999 -0.714793773368001 0.0
v -12.106720437586773 -2.0716996137052774 0.0
v -3.6752233493025415 -11.04285738710314 0.0
v -10.985628681315575 6.003921232186258 0.0
v -8.601343012123834 2.2653349116444588 0.0
v -2.4560399088659324 -7.072655423544347 0.0
v 1.9053119297022931 7.572124152444303 0.0
v -6.805396795272827 7.97742554731667 0.0
v -3.564333198533859 9.870521801523864 0.0
v -9.26275031286059 -8.663045151159167 0.0
v 7.149795386241749 -12.943277756683528 0.0
v 7.288412677473389 -8.775763950310647 0.0
v 11.104903947911225 7.864144020713866 0.0
v 4.512782230798621 12.0865223351866 0.0
v 10.729623817605898 -10.205706797540188 0.0
v -2.861034627247136 11.170255807228386 0.0
v 4.200931005121674 -4.275004286319017 0.0
v -13.727810787735507 -3.5996809005737305 0.0
v -9.65090263314778 -8.560134067200124 0.0
v -1.6080087099107914 -0.13642860390245914 0.0
v -12.385490708576981 -9.782357688061893 0.0
v -8.36919054685859 -1.9496464971452951 0.0
v 5.142633544222917 4.388235041871667 0.0
v -8.826760958938394 2.564268390648067 0.0
v -14.860012561432086 3.2793805599212646 0.0
v 10.476725838903803 -8.624798403121531 0.0
v 14.62876097240951 -12.776505426503718 0.0
v -8.488385858014226 14.62402303982526 0.0
v 13.06421248317929 -10.294524289667606 0.0
v 10.177762344363146 -3.93893517088145 0.0
v 5.305701456905808 -13.849991283379495 0.0
v 13.686564214120153 -4.757362682372332 0.0
v -14.679073611448985 13.993465827777982 0.0
v -0.5437634664704092 9.987232880666852 0.0
v -9.040203810844105 5.681257430464029 0.0
v 1.758915834594518 -5.249719905667007 0.0
v -11.511306332889944 -14.001495803706348 0.0
v 2.4156466780696064 -14.101654356345534 0.0
v -0.18653558142250404 1.3209485402330756 0.0
v 6.228646408417262 3.678648917004466 0.0
v -7.794336477702018 -14.925339757464826 0.0
v 2.449769214494154 -6.85267477016896 0.0
v 5.739452340174466 -12.33195230923593 0.0
v 14.494519795116503 -14.882936036214232 0.0
v 9.605929753219243 1.4964195033535361 0.0
v 13.822339372243732 -11.319475098513067 0.0
v -10.270274648210034 -10.335612731985748 0.0
v -4.067263690521941 -7.567402760498226 0.0
v -8.978101814747788 6.306004137732089 0.0
v -11.860176420363132 8.143063377588987 0.0
v -10.27468690124806 -10.446255979128182 0.0
v 1.8259505896130577 8.849986966699362 0.0
v -14.016962057095952 -1.3456776533275843 0.0
v -14.633488531690091 2.065699990838766 0.0
v -13.455221460142639 11.810116211883724 0.0
v -5.6812087026191875 -10.544414268806577 0.0
v -10.339027456007898 8.799912746064365 0.0
v -9.013396138325334 13.43244998715818 0.0
v 14.468155995360576 1.413415802642703 0.0
v 4.527290886384435 11.021374989300966 0.0
v -8.490209088951815 -2.9454906452447176 0.0
v 5.888637350988574 -5.555871766991913 0.0
v 6.258363164844923 -5.636799178086221 0.0
v 5.138570073817391 -11.14248578902334 0.0
v 11.770989831537008 1.9803892960771918 0.0
v 10.506826218857896 -1.9663103753700852 0.0
v 1.5056092557497323 -7.760400814935565 0.0
v 11.212165912264027 9.25853363610804 0.0
v -0.6173597120214254 -5.366504840552807 0.0
v -1.4195948684355244 8.27974228747189 0.0
v 3.5864964085048996 -12.483716797083616 0.0
v 2.6708669860381633 11.749693907797337 0.0
v 11.954334595648106 -9.130929154343903 0.0
v 8.616641263011843 -14.854628195986152 0.0
v 13.705881754402071 -0.6554728001356125 0.0
v 9.42382629198255 -14.51182802580297 0.0
v -5.471619927382562 -12.914554361253977 0.0
v 10.103214864968322 0.5715434970334172 0.0
v -1.6626927045872435 2.253403036855161 0.0
v 2.1121334618655965 11.105450998060405 0.0
v -4.551927272463217 4.760306501761079 0.0
v -11.202283524966333 -10.037052606232464 0.0
v -6.246943565609399 2.5554391173645854 0.0
v 8.176054908020888 -11.19264106452465 0.0
v -14.911440929630771 -2.2006466928869486 0.0
v -7.03017364628613 -4.820057258009911 0.0
v 8.916678417706862 14.66452109720558 0.0
v 4.663211821054574 -9.343691415153444 0.0
v 7.282022922299802 8.135979431681335 0.0
v -3.7911943175131455 -6.002561902627349 0.0
v -9.758982415485661 -10.024832337163389 0.0
v 2.569674441765528 1.0652095340192318 0.0
v 6.253716586739756 10.117480682209134 0.0
v -9.917083058913704 -1.6289676278829575 0.0
v 0.9499332500854507 -11.306662363931537 0.0
v 10.322659551573452 6.0638256799429655 0.0
v -9.826612816308625 13.112827173434198 0.0
v 14.446211784263141 4.649545913562179 0.0
v 14.007164087728597 -6.909483183175325 0.0
v 10.901669308834244 8.092525846324861 0.0
v -2.262697195634246 -10.95089127868414 0.0
v -2.673600254347548 -2.508374565280974 0.0
v -13.460030088259373 12.827029833570123 0.0
v 14.887921543966513 14.594204585067928 0.0
v 10.42526881158119 6.658483334816992 0.0
v 6.623291113297455 0.050458310171961784 0.0
v 0.9427042868919671 5.862228405661881 0.0
v 2.0397687826189213 -8.766094358637929 0.0
v 13.668509659706615 8.216525183059275 0.0
v -0.2550742946914397 -7.691341325640678 0.0
v -12.287414269929286 -3.2573567824438214 0.0
v -3.5053387542720884 3.999863227829337 0.0
v -6.243314316670876 14.205509305931628 0.0
v -12.26715931983199 10.313711952418089 0.0
v 2.805467084283009 -3.751856184564531 0.0
v 7.530842102540191 7.467204145155847 0.0
v 12.166718691412825 -6.715585616417229 0.0
v -6.541238867735956 -4.1720363814383745 0.0
v 4.105789638007991 -8.053904199972749 0.0
v 8.177090258919634 1.9242639392614365 0.0
v -10.040367673733272 13.190733837895095 0.0
v 14.13831462804228 -3.599389168433845 0.0
v 1.7011835938319564 6.769457631744444 0.0
v -0.7706684760050848 -5.58730385825038 0.0
v -2.615881059609819 -6.20194187015295 0.0
v 3.5912454437930137 -11.099818711169064 0.0
v 0.3485670238151215 0.15293779876083136 0.0
v 13.642405223974492 2.152931321412325 0.0
v -0.07554827147396281 6.3203409146517515 0.0
v -13.882997679582331 -5.240752438083291 0.0
v -10.358403066755272 6.3470863569527864 0.0
v -6.59765438438626 -7.5933077577501535 0.0
v 13.568186356686056 10.277188976295292 0.0
v 5.0658131702803075 2.3275728756561875 0.0
v -3.2709623344126157 2.593230181373656 0.0
v 8.880898628325667 6.0470380913466215 0.0
v 14.565176643722225 11.321645217947662 0.0
v -8.941250244679395 -8.520112586207688 0.0
v 4.923490164626855 -10.720362288877368 0.0
v -14.154736218682956 -12.126747796311975 0.0
v 1.8782747543300502 7.221571138128638 0.0
v 13.397252390044741 -0.2160785598680377 0.0
v 11.930266807205044 -14.464729057624936 0.0
v -14.498883841966745 -5.854382482357323 0.0
v 7.425498108670581 3.6389899272471666 0.0
v -6.823226447449997 0.6751221464946866 0.0
v 12.347082213498652 -1.792952110990882 0.0
v 6.8159916356089525 -5.5148145435377955 0.0
v 14.530711592233274 -6.586247025988996 0.0
v 14.791053294902667 -7.165141559205949 0.0
v 2.7457090925308876 -6.241702001541853 0.0
v -13.811390658840537 -13.602247533388436 0.0
v 9.298312566708773 -5.066470621153712 0.0
v 7.827565846673679 3.109863193705678 0.0
v -13.201438930234872 -8.47000871412456 0.0
v 0.6708611384965479 -11.878530053421855 0.0
v -1.336925524577964 13.987079799175262 0.0
v -12.93472599046072 -3.1621542647480965 0.0
v -5.086676250619348 -11.672163039445877 0.0
v 12.934759182913695 -8.011649398133159 0.0
v 9.475154630490579 13.822413773275912 0.0
v -9.730538588424679 4.807869945652783 0.0
v 6.859775041753892 2.950495643541217 0.0
v -10.721248361631297 -8.464852925390005 0.0
v -1.8543954378692433 0.5814206954091787 0.0
v 10.809108196699526 7.499807474203408 0.0
v 0.5272114928229712 6.933712390251458 0.0
v 9.523445189697668 4.06593076325953 0.0
v -5.715518778073601 -5.18764128908515 0.0
v 5.938068276736885 13.860379775986075 0.0
v 0.31610814039595425 -6.197904884815216 0.0
v -0.5772960077156313 -9.441162392497063 0.0
v -2.3921916314866394 -4.540196716785431 0.0
v -1.936132728063967 -5.27650735899806 0.0
v -6.754402630846016 -7.083297839388251 0.0
v 8.097230091050733 -14.733745941892266 0.0
v -1.2836313911247998 7.625881103798747 0.0
v 7.8212282885215245 11.543392631225288 0.0
v -11.748732412059326 -12.15273259487003 0.0
v 13.800426541827619 -13.61390150245279 0.0
v 1.6330788353807293 1.5742148915305734 0.0
v 4.4470418371493 -8.07943690288812 0.0
v -2.8542396314442158 -10.192030950449407 0.0
v 13.005242996267043 -11.1841293098405 0.0
v -11.034982113575097 3.54419301263988 0.0
v -2.4233146000187844 -5.071263304911554 0.0
v 6.201327175309416 -2.1759193232282996 0.0
v -3.851674918027129 -8.540454786270857 0.0
v 8.354507086914964 5.329887845553458 0.0
v -5.2350872530951165 -1.4573753410950303 0.0
v -3.368349184107501 3.4487091712653637 0.0
v 13.102388429280836 -11.582846768200397 0.0
v 14.251255988609046 -11.18250242434442 0.0
v 13.17973790987162 12.515464339405298 0.0
v 11.28793836053228 -8.821965548209846 0.0
v -10.529953053337522 -12.32590722758323 0.0
v -14.315710489056073 9.00786339957267 0.0
v -9.560022784629837 4.577391634695232 0.0
v -0.11861101834801957 3.4310208717361093 0.0
v 2.900893921381794 -4.57739326171577 0.0
v 13.233118355157785 -4.630303805693984 0.0
v 8.450848713051528 11.62868180219084 0.0
v -12.902047951414715 0.9448786890134215 0.0
v -10.090839051350486 5.552030509337783 0.0
v 10.083235550730024 -7.667900376021862 0.0
v -12.255947353318334 13.526272320188582 0.0
v -13.4896726559964 -13.229580275714397 0.0
v 13.4980414827005 8.958688776940107 0.0
v -2.4211155830998905 3.643076943233609 0.0
v 14.67685848561814 -1.101924093440175 0.0
v -4.106018240971025 2.9473812337964773 0.0
v -10.476934254635125 12.631812333129346 0.0
v 0.06169354059966281 -11.499717866070569 0.0
v -6.773165408405475 6.8909767009317875 0.0
v -5.37990221841028 -13.244789820164442 0.0
v -0.5391029973980039 -11.966972519643605 0.0
v 1.8208270460017957 -9.393174882978201 0.0
v -14.778986974968575 -13.26301509514451 0.0
v -5.274725758819841 14.057499568909407 0.0
v -3.1422675138455816 3.8463889556005597 0.0
v -4.469316339993384 10.659697578288615 0.0
v -8.263172407459933 -10.660218961536884 0.0
v 13.75837745075114 -3.5387932723388076 0.0
v -1.8554776867385954 14.569288901053369 0.0
v -14.021419593831524 -7.893442106433213 0.0
v 0.98471471312223 9.730076878331602 0.0
v -0.2831583270453848 -14.020154437050223 0.0
v -14.914394414925482 10.222329619340599 0.0
v 4.026175030623563 12.48335821274668 0.0
v -12.424081035889685 -0.1674324283376336 0.0
v -3.889961597684305 8.881883913651109 0.0
v -8.68742709158687 -9.13950757496059 0.0
v -12.50859427783871 12.099239310249686 0.0
v -8.622153232106939 -0.05956206191331148 0.0
v -8.333575619326439 -2.6620613504201174 0.0
v -11.585985482961405 14.117958343587816 0.0
v -13.879438937990926 -13.079652724787593 0.0
v 1.2994818363222294 -4.86942204926163 0.0
v 14.531812119472306 11.83255740441382 0.0
v -14.583458061795682 10.259589427150786 0.0
v -13.875974029360805 2.6516089029610157 0.0
v 0.06340002233628184 7.780023507773876 0.0
v 14.32628212455893 1.6988280452787876 0.0
v 6.652603389637079 -10.031001170165837 0.0
v 10.46052416873863 6.608196144923568 0.0
v -3.492565490072593 -1.5801426079124212 0.0
v 5.524043524812441 -2.419308388605714 0.0
v -4.245464697480202 -13.189873555675149 0.0
v -14.70006910309894 -2.84835946559906 0.0
v -3.9680241417954676 5.786035479046404 0.0
v 9.456629955035169 8.405085334554315 0.0
v 14.848784885951318 -14.675482056103647 0.0
v 12.011941381788347 14.846532811410725 0.0
v -6.509501666529104 6.013184865936637 0.0
v -1.7903040164383128 7.843380487523973 0.0
v 0.06191461184062064 -12.393044229596853 0.0
v -7.430532549333293 -4.391331123188138 0.0
v -12.661631141090766 -6.966209107078612 0.0
v 8.248586345929652 8.357033459469676 0.0
v 7.326939602673519 -4.442656352184713 0.0
v 6.814439516165294 4.655956128612161 0.0
v -3.314206906943582 2.738034508191049 0.0
v 14.943248288473114 6.886819670908153 0.0
v 10.602142211457249 0.7662118477746844 0.0
v -8.80564425967168 -3.422217191196978 0.0
v 4.218707879947033 -7.502829606644809 0.0
v 13.075127622054424 -5.000638414174318 0.0
v 6.913926631910726 -0.41696203127503395 0.0
v 7.814773560501635 -1.9200332229956985 0.0
v 12.365219957078807 8.861688973382115 0.0
v 0.43525685800705105 -4.195685628801584 0.0
v -6.0107149971299805 0.35570982471108437 0.0
v 11.279800270684063 11.305082716979086 0.0
v -14.255407599033788 9.333017757162452 0.0
v 2.214659862802364 -9.749007339589298 0.0
v 12.848107411700767 3.7300359746441245 0.0
v 0.5917942611849867 -12.105336332693696 0.0
v 6.055834764265455 -1.9435386462137103 0.0
v -14.876704569964204 -3.1144457766786218 0.0
v 14.067436578392517 0.11510916240513325 0.0
v -9.159738861373626 3.744740303605795 0.0
v -7.3515105085098185 -5.085985912941396 0.0
v -9.93041882145917 8.199435563758016 0.0
v 8.287688620446716 0.8576288791373372 0.0
v 13.765090553439222 -5.032257756218314 0.0
v 1.2096053108107299 -9.67349262908101 0.0
v -13.522659084526822 13.958482124842703 0.0
v -5.48718259355519 -5.9462849060073495 0.0
v 1.2898645037203096 6.146688038483262 0.0
v 5.942009825550485 -1.7008178923279047 0.0
v 7.795518816565163 -9.082827258855104 0.0
v 6.564264560525771 -4.6646469216793776 0.0
v 6.5736359704169445 -4.330662086606026 0.0
v -6.166562645172235 7.660467041656375 0.0
v 7.47418822866166 11.967219790443778 0.0
v -2.3871636342373677 -3.9299370953813195 0.0
v 10.67345477140043 -0.8675404898822308 0.0
v 13.440753981820308 8.82484201900661 0.0
v -0.12566738802706823 -14.719173868186772 0.0
v 9.660559022682719 10.384171148762107 0.0
v -12.77994054328883 -8.177288056351244 0.0
v 8.79810077737784 5.102333753369749 0.0
v 13.424360718869139 -12.257903078570962 0.0
v -6.220091183029581 2.986360383220017 0.0
v -5.666165797854774 0.33251035772264004 0.0
v -6.133198252937291 3.70522531401366 0.0
v 0.0014582356670871377 -1.5002426402643323 0.0
v 12.99386852432508 2.4353847997263074 0.0
v 4.7657165818382055 8.121673721820116 0.0
v 10.51650820724899 1.115072125568986 0.0
v -14.400946612586267 -4.1682896465063095 0.0
v -8.064856260432862 -10.961311505176127 0.0
v 7.352758473949507 11.196457279846072 0.0
v -4.0763189617428 -13.99032617174089 0.0
v -5.172991011757404 2.199021969921887 0.0
v -6.036815800820477 4.001076092943549 0.0
v 4.748469948244747 12.622215424664319 0.0
v -8.318950658896938 7.4910011338070035 0.0
v -8.770784105290659 -3.80389656778425 0.0
v 2.5758316622232087 -4.135487005114555 0.0
v 4.6433434337959625 3.1908768117427826 0.0
v 5.4820350463851355 9.327093839645386 0.0
v -3.018637864908669 -14.09312700573355 0.0
v -4.100013230694458 9.307038142345846 0.0
v 10.847632560471538 9.865993521176279 0.0
v -2.0391503772116266 -7.750964477658272 0.0
v -10.783357436070219 -4.407714564353228 0.0
v 9.611688315111678 -8.634027794003487 0.0
v -10.754565750597976 2.6320597510784864 0.0
v 13.284277529339306 -12.126853985711932 0.0
v 2.6372439257684164 -10.054594370536506 0.0
v -0.001969335717149079 -9.207160355523229 0.0
v 2.6830798659357242 -2.309345015324652 0.0
v 0.5302198582794517 14.867393389344215 0.0
v 3.9806687132804655 -8.023843905888498 0.0
v -7.384920880023856 13.090384222567081 0.0
v 8.156904768373352 4.443731337785721 0.0
v -12.481888747017365 -13.382194381207228 0.0
v -1.6301393117755651 -9.779816230759025 0.0
v -5.421778181218542 12.860691466368735 0.0
v -8.118565245647915 9.717416046187282 0.0
v 13.78468912577955 -8.395199958235025 0.0
v 5.928144396981224 -4.703276955522597 0.0
v 1.3433520503458567 13.02405977062881 0.0
v -2.9627606170251966 -7.735597710125148 0.0
v 12.978895700362045 0.9483984662219882 0.0
v 7.406323685776442 2.4009129302576184 0.0
v 0.055007098824717104 5.772478240542114 0.0
v 0.12882058741524816 7.513555507175624 0.0
v -5.211912011203822 11.087985382415354 0.0
v 10.117417173634749 5.833145902492106 0.0
v -4.067582769261207 9.89279966428876 0.0
v 7.425859935290646 -11.92220439389348 0.0
v -8.235180411371402 -7.5119709419086576 0.0
v 12.086424331588205 8.30152418743819 0.0
v 9.936066895374097 -9.755165101028979 0.0
v 9.021538255910855 11.104402745142579 0.0
v -12.716219874739181 -8.68013218883425 0.0
v -4.953842624207027 -9.81092219799757 0.0
v 6.541748931107577 -8.981076665222645 0.0
v 6.382183977286331 -7.6806335197761655 0.0
v -4.702851436275523 6.6814349526539445 0.0
v -13.812949015991762 -4.840377994813025 0.0
v -13.152567174576689 -0.8992689913138747 0.0
v -0.5452263518818654 1.6269633518531919 0.0
v -6.104656962212175 -2.0957361878827214 0.0
v 10.893355524807703 -1.0312806544825435 0.0
v -5.3796151304850355 2.979099097661674 0.0
v 10.43852902832441 -10.470908011309803 0.0
v 8.936747800500598 0.1307338997721672 0.0
v -11.837228408257943 13.965624392032623 0.0
v 9.115238992322702 5.568280060775578 0.0
v 5.115298803022597 -11.560518198646605 0.0
v -9.803517953667324 -2.1187725737690926 0.0
v -7.980307196616195 9.071575988084078 0.0
v 9.25033799331868 -6.539410951547325 0.0
v 13.273979876248632 13.827171702869236 0.0
v 10.908911631500814 10.605211504735053 0.0
v 8.413460120151285 0.8679345082491636 0.0
v 14.47290021617664 14.979381862096488 0.0
v -10.175415040983353 -12.920211306773126 0.0
v -5.122972425830085 5.93711459543556 0.0
v -1.4539088660967536 2.758834551088512 0.0
v 5.176142814976629 0.7383624473586679 0.0
v 1.2827681044582278 -4.85304332152009 0.0
v -3.2476697086240165 -1.697225084528327 0.0
v 1.4735261587193236 5.069090783596039 0.0
v 2.8003391817910597 5.069893995299935 0.0
v 7.122989150928333 7.65566667355597 0.0
v 8.013293910422362 14.629035625606775 0.0
v 5.547227461007424 14.893263041041791 0.0
v 5.174008105357643 -10.605627994984388 0.0
v -2.068061586935073 11.932690601795912 0.0
v -8.47272571461508 -7.3087108572945 0.0
v 7.535565827332903 8.483921233564615 0.0
v -7.728923044516705 -13.706178200431168 0.0
v 8.716049043810926 -12.677808032371104 0.0
v -4.645067489298526 -14.810997824184597 0.0
v -9.450079550326336 7.079277333803475 0.0
v -8.706072391127236 11.838747871108353 0.0
v -3.86433403135743 -1.1525892857462168 0.0
v -12.454165976087097 -2.7651917161419988 0.0
v 5.959138714068104 12.589629542082548 0.0
v -2.3619154363987036 -5.181448070332408 0.0
v -3.418398518115282 -13.231022919528186 0.0
v -3.654258133145049 -3.747007079422474 0.0
v -12.673412875912618 10.490068695507944 0.0
v -11.76394481031457 -9.22394248470664 0.0
v 14.086349087127019 -3.2917930725961924 0.0
v -9.658096616854891 -1.2018212676048279 0.0
v -8.047949300496839 8.850172081030905 0.0
v -6.733775958593469 12.145942707546055 0.0
v 4.533734830329195 -12.9273691335693 0.0
v -8.673682685708627 -10.193535905331373 0.0
v -3.104886246146634 -6.54106879234314 0.0
v 3.2996040858561173 7.85091186221689 0.0
v -8.227695895882789 9.820946300402284 0.0
v -8.914779223967344 13.714056913740933 0.0
v 4.222171178786084 7.479051212780178 0.0
v 0.16017412662040442 12.79947342351079 0.0
v 11.503773011208978 6.713929679244757 0.0
v 3.2351748631335795 -6.071669243276119 0.0
v -6.171089673007373 -14.856137179769576 0.0
v 10.880610327061731 6.783719842322171 0.0
v 12.393445218971465 -1.2304871771484613 0.0
v 13.12977360363584 -6.098646258935332 0.0
v -12.073102725669742 -11.355546336621046 0.0
v 13.722519061004277 14.762195396237075 0.0
v 8.2528648240841 11.508581601083279 0.0
v -11.487873248173855 -1.946406533010304 0.0
v -4.272337223752402 -12.478689633309841 0.0
v 6.483717916184105 0.5060591846704483 0.0
v -14.04796046402771 -6.998400814831257 0.0
v 13.051603676576633 -11.506566767580807 0.0
v 9.304941973125096 9.275262170471251 0.0
v -3.3535560292657465 -5.364883419126272 0.0
v -6.71920283586951 3.330844364129007 0.0
v 2.514997011574451 14.26358400657773 0.0
v -5.267345036147162 3.685918224044144 0.0
v -7.877351184841245 -6.838436936959624 0.0
v -9.26487487758277 -0.810507146641612 0.0
v 9.535344947013073 7.2842515632510185 0.0
v -4.666438709013164 -9.027651841752231 0.0
v 7.4580323392292485 -6.5940345171839 0.0
v 3.274189341929741 7.289521434344351 0.0
v -10.523489815881476 13.47614752408117 0.0
v 13.081521352462005 -11.8070024298504 0.0
v 3.1199341829051264 -8.3163758283481 0.0
v -0.5418720932211727 13.217478808015585 0.0
v -9.118725965847261 7.8382862797006965 0.0
v 12.888154443237 2.37786927819252 0.0
v 5.364665612927638 -13.174171393737197 0.0
v 7.1876179776736535 -9.843325422145426 0.0
v 3.47586570068961 13.657221231609583 0.0
v 6.768458446371369 -10.76904400344938 0.0
v 8.282818279461935 -0.15990707464516163 0.0
v 0.5157600321108475 0.5950253801420331 0.0
v -5.019049895228818 1.8694402510300279 0.0
v 1.4272913462482393 0.6513507068157196 0.0
v 0.9372589438571595 1.661872916854918 0.0
v 13.80992717819754 1.5665581105276942 0.0
v -11.222362274304032 2.4356496334075928 0.0
v 7.486319432326127 9.775968632660806 0.0
v -7.111259876692202 -2.8568959636613727 0.0
v -0.8202789591159672 -1.0115955863147974 0.0
v 14.591981390491128 10.58357937540859 0.0
v 4.052989216055721 10.375787039287388 0.0
v -6.384855176031124 14.266487044282258 0.0
v 6.315922901558224 -8.741122118197381 0.0
v 14.150796960107982 12.82359969522804 0.0
v -4.1118845053133555 2.9537923466414213 0.0
v -3.093282776128035 -5.980985887348652 0.0
v 12.876518099103123 0.9471528744325042 0.0
v 9.354222123569343 8.993878338485956 0.0
v 4.106184323783964 11.507677728310227 0.0
v 7.1131023956113495 -5.33655661623925 0.0
v 12.000335802615155 -9.932291073724627 0.0
v 7.598430018115323 -9.887975153513253 0.0
v 10.778121770475991 -6.278502626344562 0.0
v -3.0376137999701314 1.03197299875319 0.0
v 2.536292372504249 8.136151394806802 0.0
v 9.419868649973068 -11.59707495290786 0.0
v -7.6110037518665195 7.403976906090975 0.0
v 4.65386137063615 -5.525898615829647 0.0
v 9.299110123189166 3.7218302562832832 0.0
v -9.469490692659747 11.295749846845865 0.0
v 8.202280036406592 5.3874546606093645 0.0
v 5.447819433931727 8.668395105749369 0.0
v -7.954221028601751 13.524369824677706 0.0
v -4.232344226795249 13.217893974855542 0.0
v 3.6432524844422005 0.3430554224178195 0.0
v -2.09107366547687 11.012796901166439 0.0
v 8.514555244124494 -4.035501064732671 0.0
v -3.3906338862725534 6.886099097318947 0.0
v 10.98615538951708 11.47533225826919 0.0
v -6.741921318694949 8.92993182875216 0.0
v 13.809257711982355 14.484882654622197 0.0
v -8.435640759940725 -3.5050244368612766 0.0
v 8.098120870476123 7.297276104800403 0.0
v -10.420577735931147 -14.729804671369493 0.0
v 10.332214007736184 7.912734902463853 0.0
v -3.12021377554629 2.273489627055824 0.0
v 9.135911962308455 -3.799567040987313 0.0
v 5.478526638878975 -8.587556769140065 0.0
v 13.301382505567744 -8.159350644797087 0.0
v 4.184544952644501 -3.330143195576966 0.0
v -0.6327653785119765 7.003811061382294 0.0
v -8.763718608825002 1.4392426833510399 0.0
v 14.443326439184602 -11.034789983183146 0.0
v -3.0224697029334493 -4.3780886102467775 0.0
v -2.808431504352484 -0.11990234069526196 0.0
v -1.3571169612114318 6.45844142884016 0.0
v 0.3108323872438632 -4.6952168345451355 0.0
v 4.680924831191078 -12.28499417193234 0.0
v 4.224499000469223 12.69956573098898 0.0
v -11.527324468246661 -5.512048909440637 0.0
v -2.7141739017679356 -11.485288994386792 0.0
v -13.04979880223982 13.36416442412883 0.0
v -10.616329949873034 -8.895436791703105 0.0
v 3.5237185213482007 6.571879509836435 0.0
v 5.45987767848419 -2.5349467461928725 0.0
v -12.494858195597772 -10.288965350016952 0.0
v -8.416740498796571 7.557603772729635 0.0
v 10.097899737011176 -2.1599974129348993 0.0
v -10.889397713006474 -2.2044084863737226 0.0
v 13.229386084713042 -11.674213606864214 0.0
v -9.295623673358932 3.2797269420698285 0.0
v -11.199635699333157 -8.899284671992064 0.0
v 2.2629000670276582 -3.8073785584419966 0.0
v 9.591373262053821 -9.010137045755982 0.0
v -11.801011177361943 13.689689561724663 0.0
v -1.883633307996206 -0.7884052535519004 0.0
v 4.237749414984137 -4.263675513677299 0.0
v -7.752236761676613 7.009208749048412 0.0
v 11.101238569768611 10.452391317114234 0.0
v -12.286531498190016 -0.30307355895638466 0.0
v 2.4160973392426968 2.342967666685581 0.0
v 3.707589378929697 -3.4966215025633574 0.0
v 5.724158764176536 -7.170424952171743 0.0
v 2.9078294259961694 9.021024259738624 0.0
v 5.45349955529673 -14.868633252568543 0.0
v 8.824723135738168 13.869489243254066 0.0
v 11.545906031620689 14.08095648046583 0.0
v 3.7777469409047626 4.326370681636035 0.0
v -8.950019684794825 -6.528566707856953 0.0
v -14.701807553414255 10.938668386079371 0.0
v -5.198833784263115 10.939557690173388 0.0
v 9.127183665987104 12.50665941927582 0.0
v -6.813825048215222 -1.7530188662931323 0.0
v 11.089009084971622 -11.381821158342063 0.0
v -5.2562453332939185 9.35879710316658 0.0
v 6.750539086351637 14.781457513570786 0.0
v 5.483131133602001 -11.42750404868275 0.0
v 1.9198416793369688 14.344700330868363 0.0
v -10.492668597842567 -14.43277805391699 0.0
v 1.7293367562815547 10.590292749926448 0.0
v 9.052740731392987 -7.167050490155816 0.0
v -2.0918349226703867 -9.786326913163066 0.0
v 9.33911283663474 -2.491994700394571 0.0
v 10.00850324035855 -12.73935570847243 0.0
v 0.7739446925115772 -0.9826767416670918 0.0
v 6.921159420337062 13.274018087424338 0.0
v -0.28143693530000746 12.4101641215384 0.0
v 2.131567280564923 7.813774085603654 0.0
v 3.3801209334051237 8.618059103377163 0.0
v 2.7463156717130914 1.090518455952406 0.0
v 1.875892473384738 5.180392895825207 0.0
v -9.289953446656 -7.783846231177449 0.0
v 14.060975633969065 -3.818238294683397 0.0
v -4.983638480829541 5.827733379788697 0.0
v 9.950487200461794 3.5598819106817245 0.0
v -7.847659551363904 -8.560567285865545 0.0
v -4.33623962913407 -14.91161999758333 0.0
v -14.546073735924438 12.638318745419383 0.0
v 8.367125479329843 -12.502358293160796 0.0
v -10.404942982131615 -3.08006589487195 0.0
v -3.707097010628786 8.629765558056533 0.0
v 1.4281057399930432 -5.106532469391823 0.0
v 9.878774483688176 1.6568972114473581 0.0
v 7.865552324685268 -5.36692860070616 0.0
v 11.84435828216374 -4.105247862637043 0.0
v 1.2190494377864525 12.857331085950136 0.0
v -9.179276762646623 10.132703277282417 0.0
v -3.758662869397085 0.13480527140200138 0.0
v 12.885352328827139 -0.770561926998198 0.0
v -11.028133530926425 -1.7519946284592152 0.0
v -8.340183180524036 -3.414167070761323 0.0
v -11.640440782473888 -12.569341314025223 0.0
v -5.267083390906919 -3.6946593979373574 0.0
v 2.867216958082281 4.359599680639803 0.0
v 0.09665294457226992 -1.5833700327202678 0.0
v 10.803748604026623 10.900328950025141 0.0
v -0.27467294107191265 0.729688823223114 0.0
v 3.4266486008418724 4.001576375216246 0.0
v -12.454138041997794 -11.013658526353538 0.0
v -14.88234578614356 -4.7009299378842115 0.0
v -10.339208928635344 5.347506249323487 0.0
v -4.904479176795576 -1.0049818335101008 0.0
v -11.445160473696887 9.788191613741219 0.0
v -7.304566353792325 -0.7823932394385338 0.0
v 6.795665213372558 5.268760594539344 0.0
v 14.411813579383306 13.331724531948566 0.0
v 9.184124845080078 11.404989145696163 0.0
v -7.775910104333889 11.60849876049906 0.0
v 13.305274307727814 2.143455515615642 0.0
v 7.862795012770221 -2.9681596411392093 0.0
v -8.628410626144614 13.335857371799648 0.0
v -5.834326925571077 -4.83002302236855 0.0
v 7.096805699577089 -0.7235187962651253 0.0
v 12.82800508895889 6.5732310600578785 0.0
v 10.42086603800999 7.289787325076759 0.0
v 1.5758418867480941 6.852926114574075 0.0
v 1.0719692430575378 4.089692449197173 0.0
v 0.35560988646466285 14.641942161135375 0.0
v 11.520735392754432 4.536633484996855 0.0
v -1.788541417918168 9.044071149080992 0.0
v -11.592983544280287 2.5708037996664643 0.0
v -13.316107386839576 -1.6814836720004678 0.0
v 8.49646215775283 -3.9460313469171524 0.0
v -12.37576476164395 1.62479058932513 0.0
v -12.000720769516192 -0.4056722344830632 0.0
v -11.514496940246318 -4.358211933635175 0.0
v 1.6420924353296869 -7.564235876314342 0.0
v 4.611893432389479 7.346416442655027 0.0
v 4.615226903464645 -8.875934852287173 0.0
v -7.091706701670773 8.699384186416864 0.0
v -11.517613525269553 -8.484326123259962 0.0
f 1056 332 119
f 815 1056 119
f 1460 1626 750
f 1342 420 152
f 420 1342 1914
f 1128 1342 152
f 58 903 1715
f 903 58 815
f 1163 771 119
f 310 1163 119
f 1432 304 772
f 1009 637 394
f 370 916 1477
f 916 137 1477
f 1460 608 1626
f 1009 608 1050
f 608 1009 394
f 1626 1753 750
f 1753 916 370
f 1030 642 1406
f 626 1268 516
f 568 1013 1503
f 1013 568 1969
f 794 850 1892
f 1013 1517 1503
f 1517 1969 1099
f 1517 1013 1969
f 591 1796 1366
f 1018 591 1366
f 553 1516 49
f 1446 1850 1249
f 1734 677 781
f 515 903 815
f 515 815 119
f 1523 515 119
f 1083 1446 1249
f 1402 1083 1249
f 815 181 1056
f 58 181 815
f 700 332 1056
f 1882 700 1056
f 248 923 134
f 1597 992 516
f 116 1235 1351
f 271 1245 1456
f 1245 271 1025
f 632 1774 1957
f 1075 486 1250
f 905 561 1886
f 3 1335 925
f 561 31 1886
f 270 1432 772
f 270 1163 310
f 1163 270 772
f 1156 702 1983
f 637 938 394
f 1189 637 1103
f 637 832 1103
f 832 1646 1103
f 137 1975 1477
f 1975 540 1477
f 608 377 1050
f 377 608 1460
f 1763 1460 750
f 1371 1753 1626
f 1401 139 1791
f 139 1431 1791
f 1207 1148 1093
f 1148 823 626
f 823 1401 626
f 1207 823 1148
f 823 139 1401
f 823 1207 139
f 1601 1947 1406
f 1972 1372 1430
f 285 1969 730
f 1969 285 1099
f 60 383 48
f 285 1598 1099
f 667 611 798
f 1895 1060 1968
f 1414 782 1796
f 1687 136 1696
f 136 726 1696
f 1006 782 1771
f 1006 1687 1621
f 1796 1006 1366
f 782 1006 1796
f 838 1360 229
f 1360 838 441
f 1320 14 312
f 1548 14 1320
f 1059 1246 781
f 35 1795 1524
f 1449 1284 1447
f 1263 1284 1449
f 1402 1557 76
f 1278 59 1553
f 332 660 1625
f 1557 793 676
f 793 1557 1402
f 793 1402 1249
f 1850 793 1249
f 945 1388 100
f 538 1244 676
f 1244 538 258
f 538 149 258
f 1338 671 354
f 1890 1376 1108
f 1376 1890 831
f 1687 1778 1621
f 1778 1687 1696
f 1659 888 431
f 888 1319 1347
f 1347 1319 680
f 1556 1376 831
f 958 1083 1402
f 958 181 58
f 958 58 1715
f 966 626 516
f 1929 1599 1425
f 1344 1929 1453
f 1929 1344 648
f 228 602 1766
f 799 1597 516
f 669 560 618
f 872 303 549
f 655 703 109
f 931 703 1493
f 303 816 549
f 1403 1235 116
f 1448 526 1515
f 1439 1740 1186
f 1740 1439 762
f 167 304 1432
f 335 1846 502
f 950 1599 641
f 25 1938 552
f 1913 1929 1425
f 1929 1913 1047
f 25 1913 1938
f 835 271 1456
f 271 835 280
f 835 1810 280
f 1810 835 115
f 120 1810 118
f 1810 120 280
f 1677 835 1456
f 835 1677 115
f 1679 87 1689
f 1810 1679 1689
f 1679 1810 115
f 1677 1679 115
f 120 108 280
f 108 271 280
f 271 108 1025
f 1723 65 1785
f 470 994 1785
f 486 911 1250
f 1395 179 565
f 541 1837 202
f 297 75 745
f 75 297 1281
f 1519 524 204
f 524 1519 1245
f 1324 911 486
f 1075 826 486
f 1966 800 1412
f 1738 1966 1412
f 1964 452 481
f 1393 1073 80
f 1774 1884 1957
f 1073 1884 80
f 1905 1393 80
f 1905 251 1393
f 251 1043 1393
f 1043 1966 1393
f 483 1043 1838
f 1043 251 1838
f 1966 1043 1500
f 1043 1230 1500
f 1699 807 1718
f 807 1379 1718
f 396 3 925
f 396 905 3
f 1442 905 1295
f 905 1442 561
f 1318 1442 1295
f 38 3 168
f 38 1335 3
f 1335 38 722
f 3 1644 168
f 31 1644 1886
f 1644 905 1886
f 905 1644 3
f 452 241 481
f 771 64 1049
f 1163 64 771
f 1834 167 1432
f 430 270 310
f 131 1170 535
f 1086 908 1983
f 1156 1794 702
f 1797 1794 422
f 1794 1156 1386
f 702 1794 1469
f 1794 1797 1469
f 859 1086 1983
f 702 859 1983
f 54 859 702
f 1170 1269 535
f 1269 54 535
f 859 1269 1170
f 1269 859 54
f 1988 816 303
f 1388 1568 100
f 1568 1850 1446
f 1568 1388 1850
f 527 1568 1446
f 13 771 1049
f 1974 1634 749
f 1313 938 637
f 1313 1189 1567
f 1189 1313 637
f 1750 1313 1567
f 608 1916 1626
f 1916 608 394
f 344 1189 1103
f 250 344 724
f 1646 344 1103
f 250 1506 429
f 540 1150 1477
f 1612 1150 540
f 1150 310 119
f 1843 1750 1567
f 1843 1975 1750
f 1975 1843 540
f 1870 1371 1750
f 1753 1870 916
f 916 1870 137
f 1870 1975 137
f 1975 1870 1750
f 1723 1077 65
f 1401 1862 626
f 1862 1401 1791
f 1773 1980 1431
f 224 1980 1773
f 1431 1980 1791
f 1980 1862 1791
f 1862 1980 224
f 642 1660 1296
f 1030 1660 642
f 1148 668 1093
f 1570 1279 32
f 1372 338 1430
f 287 1372 1972
f 95 287 1972
f 140 1286 1280
f 1279 1613 1601
f 1096 56 1803
f 62 646 441
f 1297 62 441
f 759 1374 1290
f 1458 759 730
f 1458 1288 759
f 1392 850 794
f 1700 646 959
f 646 299 441
f 299 1360 441
f 1700 299 646
f 1674 1598 1528
f 1598 1674 615
f 1674 301 615
f 301 1674 939
f 60 337 229
f 337 60 48
f 939 337 48
f 850 433 1892
f 433 1537 1892
f 434 1806 615
f 1517 434 1503
f 434 1517 1099
f 1806 434 1099
f 434 383 1503
f 301 434 615
f 434 301 383
f 1806 448 615
f 448 1598 615
f 448 1806 1099
f 1598 448 1099
f 1120 52 395
f 52 667 395
f 52 611 667
f 611 1769 798
f 1769 1018 798
f 1018 1769 591
f 147 2 667
f 286 2 147
f 1769 964 591
f 591 964 1796
f 964 1414 1796
f 1060 197 821
f 197 718 124
f 484 1946 1110
f 1946 484 726
f 136 1946 726
f 1368 553 49
f 367 1368 1447
f 1368 1449 1447
f 1368 367 1914
f 1263 1368 49
f 1368 1263 1449
f 625 657 1414
f 657 782 1414
f 657 1368 1914
f 1342 657 1914
f 1946 657 1110
f 782 657 1771
f 657 1946 1771
f 385 993 1060
f 993 385 1008
f 877 197 124
f 877 285 730
f 583 1591 956
f 625 1063 956
f 1580 993 1008
f 993 1580 1711
f 1580 1063 1711
f 768 136 1687
f 768 1006 1771
f 1006 768 1687
f 1946 768 1771
f 768 1946 136
f 1006 272 1366
f 1837 1045 202
f 254 838 229
f 337 254 229
f 254 337 1537
f 433 254 1537
f 468 1297 441
f 838 468 441
f 468 838 1918
f 574 62 1297
f 1379 1003 1718
f 1788 1003 1379
f 348 71 312
f 14 348 312
f 348 14 1112
f 27 428 1429
f 1732 428 1370
f 428 1732 1429
f 534 27 1108
f 27 534 428
f 531 534 845
f 1945 415 1349
f 1945 504 990
f 504 273 275
f 1945 273 504
f 1732 163 1429
f 163 1732 570
f 1505 275 1112
f 14 1505 1112
f 1548 1505 14
f 1505 504 275
f 504 1505 1548
f 846 1018 1366
f 846 904 1018
f 1018 309 798
f 904 309 1018
f 449 846 741
f 846 449 904
f 336 1912 1140
f 1246 1204 781
f 1912 1204 1246
f 1087 1246 1435
f 1087 1337 1246
f 1337 1857 743
f 1087 1857 1337
f 1088 1912 1246
f 1337 1088 1246
f 1912 1088 1140
f 1088 1337 743
f 1639 1088 743
f 1953 253 1633
f 1246 1436 1435
f 1059 1436 1246
f 1665 1436 849
f 1817 1059 781
f 1017 35 1524
f 1639 1017 1708
f 1795 409 1524
f 935 1911 1879
f 523 187 1879
f 866 935 1879
f 866 942 1232
f 935 866 1232
f 420 874 152
f 874 420 1914
f 346 609 1786
f 346 1128 152
f 609 346 152
f 135 1067 678
f 567 495 1139
f 1890 567 680
f 567 1890 694
f 657 162 1110
f 162 657 1342
f 1557 659 76
f 659 1557 1807
f 659 1419 76
f 616 1557 676
f 1244 616 676
f 1557 616 1807
f 616 1244 1807
f 1244 1565 1807
f 700 1566 332
f 1566 700 1882
f 721 1516 553
f 721 59 1516
f 59 721 1553
f 59 543 1516
f 149 543 258
f 543 149 1516
f 543 59 1278
f 660 1308 1625
f 1308 783 1625
f 783 1308 770
f 770 1308 1553
f 1308 1278 1553
f 1742 1388 945
f 1742 728 354
f 728 1742 945
f 1130 149 538
f 1746 1416 1926
f 1338 1855 671
f 844 1319 390
f 844 1890 680
f 1319 844 680
f 1000 1890 1108
f 961 484 1110
f 1139 961 1110
f 495 961 1139
f 1319 1104 390
f 691 1104 103
f 1556 1182 1376
f 542 691 103
f 742 170 977
f 170 742 1718
f 343 901 1659
f 506 958 1402
f 506 1882 1056
f 506 1402 76
f 506 1566 1882
f 1419 506 76
f 1566 506 1419
f 1779 987 157
f 987 1779 1129
f 382 1174 226
f 1759 382 226
f 1174 382 722
f 382 1475 722
f 235 1318 1295
f 905 235 1295
f 1475 934 722
f 1335 934 925
f 934 1335 722
f 248 1811 15
f 1811 248 134
f 1822 1254 992
f 1254 12 992
f 1254 558 12
f 558 1254 1793
f 992 1707 516
f 1707 966 516
f 1111 191 1766
f 191 1111 1822
f 1111 1254 1822
f 1254 1111 1793
f 1198 1315 648
f 887 1198 648
f 1344 887 648
f 175 1047 1453
f 1929 175 1453
f 175 1929 1047
f 16 37 1268
f 37 16 1592
f 1268 37 516
f 37 799 516
f 1530 1822 992
f 1530 191 1822
f 1597 1530 992
f 191 1530 1597
f 578 228 1766
f 191 578 1766
f 578 1325 228
f 1325 578 799
f 799 578 1597
f 578 191 1597
f 1177 1407 641
f 1407 101 641
f 560 1098 618
f 1219 872 549
f 550 323 502
f 1846 165 502
f 107 931 1493
f 703 710 1493
f 1720 555 1493
f 555 1720 620
f 555 107 1493
f 703 238 109
f 238 703 931
f 238 1243 109
f 455 1518 1527
f 455 1001 1518
f 1634 1001 749
f 1215 1536 123
f 211 1815 650
f 816 1724 1745
f 1815 1724 1469
f 444 1829 801
f 1035 1069 533
f 1642 829 1310
f 922 555 620
f 555 922 107
f 501 922 620
f 1876 116 1143
f 1876 1403 116
f 98 1035 533
f 98 755 1035
f 579 194 533
f 194 98 533
f 98 194 755
f 304 1583 772
f 323 906 502
f 906 335 502
f 335 906 1515
f 236 906 619
f 1740 746 1186
f 746 194 1186
f 194 746 755
f 755 746 1035
f 906 1071 619
f 1071 323 1275
f 1071 906 323
f 236 294 762
f 294 236 619
f 1071 294 619
f 185 1439 1351
f 1439 185 762
f 185 805 762
f 1439 1897 1351
f 784 458 1118
f 458 1235 1118
f 458 94 805
f 94 784 1332
f 94 458 784
f 167 1653 304
f 526 1653 1515
f 1653 526 304
f 736 950 148
f 736 1010 1425
f 1010 736 148
f 1185 1075 1250
f 470 371 994
f 1977 224 1773
f 296 653 257
f 653 1972 1430
f 653 296 1972
f 87 432 1689
f 1251 432 729
f 1608 179 1395
f 503 1608 1395
f 179 1922 565
f 1922 1973 565
f 541 917 1837
f 1608 917 179
f 1055 75 1281
f 1055 1922 75
f 1922 1055 1973
f 524 1055 204
f 1973 1055 524
f 1020 1519 204
f 1519 1020 1245
f 1645 1020 204
f 1020 143 1245
f 1020 1645 143
f 792 1774 632
f 792 456 1774
f 800 1833 1412
f 1833 1830 1200
f 1830 1833 800
f 1963 896 1761
f 881 896 1963
f 1917 881 1963
f 1917 601 1396
f 881 1917 1396
f 1867 1324 618
f 1324 830 618
f 101 737 641
f 737 950 641
f 1550 737 101
f 1443 1550 101
f 1135 826 1885
f 1135 1324 486
f 826 1135 486
f 345 826 1075
f 193 951 1500
f 951 1830 800
f 951 1966 1500
f 1966 951 800
f 1465 1201 1173
f 1201 193 1173
f 683 282 1738
f 282 1966 1738
f 110 483 1838
f 722 110 1838
f 1884 968 1957
f 968 1884 1073
f 1174 705 1774
f 705 1884 1774
f 1884 705 80
f 705 1905 80
f 1905 705 1174
f 1905 851 251
f 851 722 1838
f 251 851 1838
f 851 1174 722
f 851 1905 1174
f 807 488 1379
f 1498 1788 1379
f 488 1498 1379
f 898 1385 1734
f 1664 1385 207
f 1734 1385 677
f 665 1385 1664
f 467 135 678
f 1024 1765 320
f 1024 467 1765
f 467 1024 135
f 85 1544 561
f 85 1442 774
f 1442 85 561
f 1442 1497 774
f 1497 1442 1318
f 878 38 168
f 878 452 1964
f 38 878 1964
f 699 1544 73
f 1544 699 561
f 869 769 704
f 440 935 1232
f 326 241 452
f 1934 193 1500
f 1934 241 193
f 241 1934 481
f 1230 1934 1500
f 1934 1230 481
f 450 1644 31
f 869 450 31
f 1644 450 168
f 293 1616 255
f 270 1616 1432
f 1616 270 255
f 1834 1350 167
f 1350 1653 167
f 1350 165 1846
f 165 1350 1824
f 1978 293 1681
f 1824 1978 1681
f 1350 1978 1824
f 1978 1350 1834
f 997 293 255
f 997 131 293
f 270 997 255
f 293 1330 1681
f 131 1330 293
f 1330 1824 1681
f 131 1151 1170
f 1151 997 1107
f 997 1151 131
f 1539 1794 1386
f 1794 1539 422
f 1478 1815 1469
f 1124 1930 1749
f 1930 677 857
f 1930 1124 677
f 797 13 1049
f 64 797 1049
f 1044 515 1523
f 1799 1472 13
f 1522 1523 119
f 1472 1522 13
f 1522 1044 1523
f 1044 1522 1472
f 771 1522 119
f 13 1522 771
f 376 454 283
f 454 855 283
f 604 896 881
f 719 42 1543
f 84 1690 355
f 1433 622 1178
f 622 1695 1178
f 764 1466 186
f 1466 205 1178
f 350 205 1466
f 1203 1313 1750
f 1313 1203 938
f 1371 1203 1750
f 1189 735 1567
f 344 861 1189
f 861 344 250
f 861 735 1189
f 735 861 822
f 861 250 429
f 822 861 429
f 1868 832 637
f 832 1868 1646
f 377 651 1050
f 1763 1915 1460
f 1306 1915 1763
f 1121 1915 1312
f 1915 1306 1312
f 1066 1728 1156
f 1156 1728 1386
f 1482 1581 1671
f 208 1156 1983
f 208 1066 1156
f 908 208 1983
f 580 1506 1839
f 1506 580 429
f 1253 1506 250
f 1253 250 724
f 156 1081 1612
f 156 1612 540
f 1843 156 540
f 156 1843 1567
f 580 156 429
f 156 580 1081
f 735 156 1567
f 247 1150 1612
f 1935 979 1543
f 979 1925 1543
f 1925 719 1543
f 1925 1763 750
f 719 1925 750
f 1371 1801 1753
f 1801 1870 1753
f 1870 1801 1371
f 1077 1713 65
f 1713 1863 1592
f 1863 1713 1077
f 1862 946 626
f 1841 946 1078
f 946 1268 626
f 946 1841 1268
f 1709 1862 224
f 1709 946 1862
f 1005 1660 1030
f 1005 1030 1406
f 1947 1005 1406
f 1609 668 1148
f 1609 1148 1296
f 952 1609 1296
f 1609 952 1744
f 1919 1947 1601
f 1613 1919 1601
f 296 948 1972
f 1280 1329 401
f 842 287 95
f 1294 842 732
f 1377 1267 1970
f 140 1377 1970
f 1377 140 1267
f 1577 140 1970
f 1329 138 401
f 138 338 1372
f 138 1329 338
f 140 628 1267
f 138 379 1259
f 824 562 439
f 824 305 562
f 1002 261 263
f 276 1654 118
f 1654 120 118
f 416 503 1747
f 646 416 959
f 1959 1096 1803
f 1898 1959 1803
f 274 1096 300
f 274 56 1096
f 1214 870 1991
f 870 930 1991
f 56 1375 1803
f 930 1375 56
f 1375 870 1775
f 1375 930 870
f 91 664 285
f 91 877 124
f 877 91 285
f 664 77 285
f 1598 77 1089
f 77 1598 285
f 77 1051 1089
f 1051 77 664
f 718 1051 124
f 1051 91 124
f 91 1051 664
f 461 1383 794
f 1383 1392 794
f 654 383 60
f 654 1889 383
f 654 60 229
f 1360 654 229
f 1889 654 1360
f 1995 299 1700
f 1674 738 939
f 738 337 939
f 1631 939 48
f 1631 301 939
f 383 1631 48
f 301 1631 383
f 273 1334 480
f 480 1334 638
f 309 1685 798
f 1685 309 638
f 667 9 395
f 2 9 667
f 286 627 2
f 853 794 1892
f 463 286 147
f 1339 964 1769
f 1339 611 820
f 1339 1769 611
f 1873 1361 625
f 611 1137 820
f 52 1137 611
f 1537 1901 1892
f 1368 926 553
f 657 926 1368
f 926 721 553
f 926 770 1553
f 721 926 1553
f 385 1513 1008
f 1513 385 1060
f 197 316 821
f 877 316 197
f 316 907 821
f 583 681 482
f 681 1063 482
f 681 583 956
f 1063 681 956
f 1610 1580 1008
f 1610 907 1591
f 583 1610 1591
f 1513 1610 1008
f 1610 1513 907
f 1588 1006 1621
f 1588 272 1006
f 96 510 1542
f 510 1981 1542
f 1630 1837 1960
f 1871 1630 1960
f 1630 574 1297
f 1383 1941 1392
f 838 1941 1918
f 674 433 850
f 674 254 433
f 1392 674 850
f 1941 674 1392
f 254 674 838
f 674 1941 838
f 1040 468 1918
f 468 1040 1297
f 1327 1871 1960
f 62 1692 646
f 574 1692 62
f 1692 1630 1871
f 1630 1692 574
f 210 504 1548
f 1727 210 1767
f 210 1727 990
f 504 210 990
f 1816 1064 405
f 314 1816 405
f 170 1561 977
f 314 1561 170
f 1561 314 405
f 1064 1561 405
f 1561 1064 977
f 686 170 1718
f 686 314 170
f 1003 686 1718
f 1532 449 741
f 1532 27 1429
f 449 1532 1429
f 1732 809 570
f 360 809 1370
f 809 1732 1370
f 809 1161 570
f 809 1816 1161
f 809 360 1064
f 1816 809 1064
f 1376 927 1108
f 927 534 1108
f 428 180 1370
f 534 180 428
f 180 534 531
f 180 360 1370
f 360 180 531
f 534 1016 845
f 1016 1182 845
f 1182 1016 1376
f 1016 927 1376
f 927 1016 534
f 1161 55 570
f 55 163 570
f 163 311 1429
f 1141 309 904
f 1141 449 1429
f 449 1141 904
f 892 865 1457
f 1851 1664 207
f 1851 865 1664
f 336 530 1734
f 645 336 1734
f 645 1734 781
f 1204 645 781
f 336 1363 1912
f 1363 1204 1912
f 645 1363 336
f 1363 645 1204
f 1857 324 743
f 230 1087 1435
f 230 1857 1087
f 1992 253 1866
f 1992 1979 1310
f 1992 1310 1633
f 253 1992 1633
f 1992 1876 1143
f 1876 1992 1866
f 373 253 1953
f 373 1953 33
f 1124 373 33
f 1304 1849 201
f 1849 1304 1953
f 1953 1304 33
f 1059 1304 201
f 1436 1521 849
f 1521 1849 849
f 1849 1521 201
f 1521 1059 201
f 1521 1436 1059
f 677 720 781
f 720 1817 781
f 1461 86 266
f 86 1998 266
f 492 86 1461
f 86 492 1998
f 1492 1639 1708
f 1492 1555 1639
f 334 1998 1115
f 1555 334 1115
f 1492 334 1555
f 1998 334 266
f 256 334 1708
f 334 1492 1708
f 1555 11 1639
f 1088 11 1140
f 11 1088 1639
f 334 330 266
f 330 334 256
f 727 1659 431
f 330 1821 957
f 1821 330 256
f 1821 256 1708
f 1017 1821 1708
f 709 869 704
f 1409 709 704
f 1076 409 1795
f 1076 324 1218
f 324 1076 1795
f 1109 1911 935
f 1109 440 329
f 440 1109 935
f 1134 1488 715
f 1902 869 129
f 1488 1902 129
f 1902 1488 1134
f 1364 878 168
f 878 1364 452
f 1364 326 452
f 1911 982 715
f 982 1134 715
f 982 1109 329
f 1109 982 1911
f 1642 1560 829
f 1560 1642 1982
f 1560 499 1651
f 499 1560 1982
f 779 581 349
f 829 723 1310
f 723 581 1310
f 1560 723 829
f 1906 523 1879
f 1911 1906 1879
f 1390 1906 1911
f 528 1911 715
f 528 1390 1911
f 866 1202 942
f 1202 866 1879
f 187 1202 1879
f 1202 187 349
f 693 387 571
f 1346 387 693
f 346 387 1128
f 387 1346 1128
f 895 693 571
f 895 1346 693
f 1444 1007 571
f 387 1444 571
f 1444 387 346
f 426 567 1139
f 1589 1347 680
f 1321 366 289
f 1516 754 49
f 754 1263 49
f 754 512 1263
f 1284 97 1447
f 367 237 617
f 237 910 617
f 1011 1244 258
f 543 1011 258
f 695 1566 1419
f 695 1123 332
f 1566 695 332
f 1308 1400 1278
f 1400 1308 660
f 1400 399 1278
f 399 1400 1123
f 1123 1400 332
f 1400 660 332
f 918 1338 354
f 728 918 354
f 918 892 1338
f 892 918 865
f 918 1729 621
f 1729 918 728
f 1729 728 945
f 1729 945 100
f 671 1175 354
f 1175 1742 354
f 1130 7 149
f 111 7 479
f 7 1130 479
f 1416 1090 1926
f 1090 1166 1926
f 609 259 1786
f 259 1887 1786
f 259 1416 1746
f 1887 259 1746
f 539 1090 1416
f 1166 893 1926
f 893 1437 1926
f 1437 893 1765
f 967 892 1457
f 967 1948 1770
f 1187 1770 633
f 1263 1187 633
f 512 1187 1263
f 671 706 479
f 1855 706 671
f 706 1855 1770
f 1187 706 1770
f 1890 1474 831
f 844 1474 1890
f 1474 1556 831
f 1474 844 390
f 1890 1314 694
f 1000 1314 1890
f 1314 1778 694
f 1314 1000 1804
f 1314 1804 1621
f 1778 1314 1621
f 569 965 694
f 726 889 1696
f 889 965 1696
f 1545 1319 888
f 1545 1104 1319
f 1104 1545 103
f 1169 1182 1556
f 1169 742 977
f 1064 1169 977
f 360 1169 1064
f 1169 360 531
f 1169 531 845
f 1182 1169 845
f 542 88 691
f 88 1026 1699
f 1026 88 542
f 1136 542 103
f 1545 1136 103
f 976 1931 691
f 88 976 691
f 1169 976 742
f 976 1169 1931
f 873 1026 1483
f 1026 873 216
f 1026 1264 1483
f 1264 1026 542
f 1136 1264 542
f 1283 807 1699
f 1026 1283 1699
f 1283 216 774
f 1283 1026 216
f 216 1348 774
f 1544 1348 73
f 1348 1209 73
f 1348 85 774
f 85 1348 1544
f 343 1194 901
f 662 1136 901
f 1264 662 1483
f 662 1264 1136
f 1194 1481 747
f 1590 343 1659
f 727 1590 1659
f 1590 727 1648
f 1590 1194 343
f 1590 1481 1194
f 958 1208 181
f 506 1208 958
f 181 1208 1056
f 1208 506 1056
f 96 364 510
f 364 96 1226
f 1779 1883 1129
f 382 453 1475
f 453 987 1129
f 453 218 987
f 453 382 1759
f 218 453 1759
f 235 1547 1318
f 966 808 134
f 808 1811 134
f 1927 808 966
f 808 1927 1811
f 12 1987 992
f 1987 1707 992
f 1707 1987 12
f 1315 915 648
f 915 1177 641
f 1599 915 641
f 1929 915 1599
f 915 1929 648
f 1936 1315 1198
f 1936 1198 1793
f 1111 1936 1793
f 26 1111 1766
f 26 1936 1111
f 1936 26 1315
f 24 1407 1177
f 701 1344 1453
f 1811 347 15
f 347 1811 78
f 558 1132 12
f 1132 1927 12
f 1927 1132 1811
f 887 566 1198
f 1198 566 1793
f 566 887 1344
f 566 558 1793
f 369 1723 1082
f 369 1077 1723
f 602 1147 1766
f 1382 1098 560
f 817 1325 799
f 37 817 799
f 817 37 1592
f 1407 1989 101
f 1989 1443 101
f 1989 24 669
f 24 1989 1407
f 1989 669 618
f 125 4 1082
f 4 485 1082
f 1098 160 618
f 1219 975 872
f 975 655 109
f 975 1219 655
f 550 1438 872
f 1438 165 872
f 1438 550 502
f 165 1438 502
f 666 1720 1493
f 710 666 1493
f 1092 123 1396
f 1536 1413 123
f 1413 1001 1634
f 1001 1413 1518
f 1413 1536 1518
f 123 1413 1396
f 1724 1509 1745
f 211 1509 1815
f 1509 1724 1815
f 1326 1219 549
f 1219 1326 655
f 816 1944 549
f 1944 1326 549
f 437 710 703
f 1001 1710 749
f 1710 1001 455
f 497 444 1982
f 444 497 1829
f 1642 497 1982
f 1829 497 533
f 1160 444 801
f 444 1160 1479
f 922 1160 801
f 444 1641 1982
f 1641 444 1479
f 1641 499 1982
f 499 1641 1479
f 786 1829 533
f 1069 786 533
f 1979 518 1310
f 518 1642 1310
f 391 1233 1215
f 391 588 1507
f 1233 391 1507
f 1316 1720 403
f 1720 1316 620
f 780 1233 1507
f 307 1536 1215
f 307 780 501
f 1465 177 1939
f 177 1465 1173
f 445 499 1479
f 473 1876 1526
f 1145 473 1526
f 1403 473 544
f 1876 473 1403
f 473 1145 1004
f 929 526 1448
f 526 929 304
f 929 1583 304
f 363 879 1163
f 879 363 1332
f 929 363 1583
f 363 1163 772
f 1583 363 772
f 983 879 1332
f 784 983 1332
f 144 64 1163
f 879 144 1163
f 805 318 762
f 318 236 762
f 1798 906 236
f 1798 318 862
f 318 1798 236
f 1670 1740 1275
f 746 1670 1275
f 1670 746 1740
f 402 1740 762
f 294 402 762
f 402 294 1071
f 1740 402 1275
f 402 1071 1275
f 185 1188 805
f 458 1188 1235
f 1188 458 805
f 1235 1188 1351
f 1188 185 1351
f 1153 1439 1186
f 1153 1897 1439
f 194 1153 1186
f 1153 194 579
f 1932 1153 579
f 1897 1153 1932
f 1168 1897 1932
f 116 1168 1143
f 1168 1932 1143
f 1168 116 1351
f 1897 1168 1351
f 412 1768 186
f 412 376 283
f 350 51 1686
f 826 813 1885
f 345 813 826
f 1913 1854 1938
f 1854 1789 1938
f 1514 1496 1070
f 1599 748 1425
f 748 736 1425
f 950 748 1599
f 736 748 950
f 1485 1185 1250
f 663 371 470
f 725 663 470
f 663 725 1977
f 371 663 577
f 663 1773 577
f 663 1977 1773
f 1999 1748 1784
f 1356 371 577
f 911 1623 1250
f 1623 547 1250
f 1623 911 1735
f 547 1623 729
f 1454 547 729
f 1454 432 87
f 432 1454 729
f 1812 1454 87
f 1454 342 998
f 1454 1812 342
f 1251 766 432
f 1837 767 1960
f 917 767 1837
f 767 917 1608
f 1265 1922 179
f 917 1265 179
f 1265 917 541
f 75 302 745
f 297 408 1281
f 1645 1678 143
f 1678 1309 143
f 1309 1678 936
f 408 1678 1281
f 1678 408 936
f 1333 1645 204
f 1055 1333 204
f 1783 1814 971
f 466 864 1181
f 864 541 202
f 456 675 1774
f 50 675 456
f 675 50 218
f 218 50 987
f 987 50 1181
f 50 466 1181
f 190 792 632
f 792 190 297
f 408 190 632
f 190 408 297
f 1971 792 297
f 792 1971 456
f 1971 297 745
f 302 1971 745
f 1971 302 456
f 19 1465 1939
f 912 606 1963
f 268 1910 944
f 1910 268 932
f 1324 752 911
f 752 1867 911
f 1867 752 1324
f 214 160 92
f 737 1615 950
f 950 1615 148
f 1615 1722 148
f 1550 1880 737
f 1615 1880 1722
f 1880 1615 737
f 813 1880 1885
f 1880 1034 1885
f 1880 1550 1034
f 1550 1628 1034
f 1628 1550 1443
f 830 1628 618
f 1628 830 1034
f 1628 1989 618
f 1989 1628 1443
f 624 1135 1885
f 1034 624 1885
f 830 624 1034
f 624 830 1324
f 1135 624 1324
f 951 1832 1830
f 1832 951 193
f 1830 1832 1200
f 1201 1832 193
f 1538 282 1023
f 1966 1538 1393
f 282 1538 1966
f 1538 1073 1393
f 282 1452 1023
f 1452 683 1756
f 1452 282 683
f 110 1046 483
f 1046 1043 483
f 1043 1046 1230
f 110 1680 1230
f 1680 1964 481
f 1230 1680 481
f 1680 110 722
f 38 1680 722
f 1680 38 1964
f 1498 1117 949
f 1117 1498 488
f 1117 1547 949
f 1547 1117 488
f 411 1024 320
f 1998 1877 1115
f 492 1877 1998
f 1287 1746 1926
f 467 1512 1765
f 1512 1437 1765
f 1512 467 678
f 1437 1512 678
f 1022 492 1461
f 1024 1022 135
f 1022 411 492
f 411 1022 1024
f 1022 1461 266
f 135 1022 266
f 1951 699 1409
f 1951 1409 704
f 769 1951 704
f 699 1951 561
f 450 847 168
f 847 450 8
f 847 1364 168
f 1364 847 8
f 576 1834 1432
f 1616 576 1432
f 576 1616 1834
f 1501 1616 293
f 1616 1501 1834
f 1978 1501 293
f 1501 1978 1834
f 1719 1350 1846
f 1350 1719 1653
f 1653 1719 1515
f 1719 335 1515
f 335 1719 1846
f 997 1184 1107
f 1107 1184 310
f 1184 430 310
f 430 1184 270
f 1184 997 270
f 18 165 1824
f 1330 18 1824
f 1151 1336 1170
f 1797 1618 1469
f 1618 1478 1469
f 54 166 535
f 166 442 535
f 166 54 702
f 166 702 1469
f 442 1032 535
f 1032 442 1988
f 1032 1988 303
f 1988 751 816
f 442 751 1988
f 1724 751 1469
f 751 1724 816
f 751 166 1469
f 166 751 442
f 672 958 1715
f 958 672 1083
f 1954 784 1118
f 1235 1954 1118
f 1954 1403 544
f 1403 1954 1235
f 1399 1154 1701
f 1399 1729 100
f 1930 1578 1749
f 1399 1578 1154
f 128 1930 857
f 128 1578 1930
f 1578 128 1154
f 1167 802 1701
f 802 1167 665
f 1167 128 857
f 1596 983 784
f 1974 1301 1634
f 855 1301 1974
f 1301 855 454
f 1413 1301 1396
f 1301 1413 1634
f 1146 590 1792
f 22 855 1974
f 22 1974 749
f 1789 854 1938
f 854 590 1938
f 590 854 1792
f 896 192 1761
f 604 192 896
f 192 41 1761
f 1496 192 1070
f 192 1496 41
f 1764 42 719
f 923 1764 134
f 1764 966 134
f 966 1764 750
f 1764 719 750
f 42 1068 1543
f 1068 84 1543
f 1068 1014 84
f 1014 1068 465
f 248 292 923
f 292 1331 465
f 913 1311 355
f 1433 913 355
f 913 350 1311
f 350 913 205
f 913 1433 1178
f 205 913 1178
f 1861 412 186
f 412 1861 376
f 126 1466 1178
f 1695 126 1178
f 1466 126 186
f 126 1861 186
f 1861 126 1695
f 1116 1768 1632
f 1847 1808 1632
f 1808 1116 1632
f 350 773 1311
f 773 350 1686
f 773 612 1311
f 612 773 1686
f 764 890 1466
f 890 350 1466
f 890 51 350
f 51 890 763
f 890 1266 763
f 1203 833 938
f 833 1203 1916
f 938 833 394
f 833 1916 394
f 159 1371 1626
f 159 1203 1371
f 1916 159 1626
f 1203 159 1916
f 1212 1341 1976
f 1192 1121 1312
f 1921 651 1121
f 1212 1921 1341
f 834 1306 1763
f 1925 834 1763
f 834 1925 979
f 1534 377 1460
f 1915 1534 1460
f 1534 651 377
f 651 1534 1121
f 1534 1915 1121
f 1303 1728 1066
f 1303 589 1643
f 1728 1303 1643
f 1150 1636 310
f 1636 1336 310
f 1482 315 1581
f 208 106 1066
f 106 208 908
f 315 106 908
f 106 315 1482
f 589 425 1643
f 425 1253 724
f 1506 1323 1839
f 1323 315 1839
f 315 1323 1581
f 1581 1323 589
f 1323 425 589
f 443 822 429
f 156 443 429
f 443 735 822
f 443 156 735
f 1081 1027 1612
f 1027 247 1612
f 520 1935 1543
f 1935 520 612
f 74 1863 1077
f 369 74 1077
f 1293 1713 1592
f 89 16 1268
f 16 89 1592
f 89 1293 1592
f 65 1114 1785
f 1609 1819 668
f 1222 529 1891
f 122 1476 1947
f 1005 471 1660
f 471 1005 1947
f 1476 471 1947
f 1647 1613 1279
f 1647 1294 1613
f 1570 1647 1279
f 1294 1647 1570
f 952 1904 1744
f 1904 1609 1744
f 1904 1819 1609
f 668 698 1093
f 1819 698 668
f 698 1207 1093
f 1207 698 139
f 1307 95 1972
f 692 948 919
f 287 1193 90
f 842 1193 287
f 1193 842 1294
f 1427 1614 1398
f 1279 496 32
f 496 1279 1601
f 759 496 1601
f 818 1993 1990
f 1856 1999 1784
f 112 1280 401
f 112 140 1280
f 112 628 140
f 628 356 1267
f 1267 356 1970
f 379 868 1259
f 287 1423 1372
f 1423 138 1372
f 1423 379 138
f 291 568 1503
f 1736 291 1503
f 1391 305 824
f 568 1365 1969
f 733 1736 562
f 305 733 562
f 1365 733 305
f 733 1365 568
f 291 733 568
f 733 291 1736
f 1288 158 759
f 158 1374 759
f 1214 629 584
f 1458 629 1288
f 629 1214 1288
f 876 1019 1427
f 876 1427 1398
f 876 759 1290
f 496 876 1398
f 876 496 759
f 1993 630 1990
f 630 1993 795
f 947 630 795
f 630 947 261
f 858 1654 1239
f 195 1131 121
f 361 1558 121
f 1558 195 121
f 195 1558 1990
f 1558 818 1990
f 818 1558 361
f 436 1002 263
f 1378 108 120
f 108 1378 1025
f 1378 222 1025
f 1949 592 1898
f 416 1949 959
f 1949 416 1747
f 592 1949 1747
f 592 775 1898
f 775 1959 1898
f 930 427 1991
f 1214 1426 1288
f 1426 158 1288
f 1426 1214 1991
f 427 1426 1991
f 1374 548 1290
f 274 1994 56
f 1197 1994 300
f 1994 274 300
f 1484 319 1775
f 1375 319 1803
f 319 1375 1775
f 319 1898 1803
f 319 1484 959
f 1949 319 959
f 319 1949 1898
f 1051 83 1089
f 1598 83 1528
f 83 1598 1089
f 83 1051 718
f 1605 1383 461
f 1383 1605 415
f 1605 461 1349
f 415 1605 1349
f 1511 1383 415
f 1511 1945 990
f 1945 1511 415
f 1511 1941 1383
f 43 1700 959
f 43 1995 1700
f 1484 43 959
f 43 1484 439
f 562 955 439
f 955 43 439
f 43 955 1995
f 884 738 841
f 738 884 337
f 337 884 1537
f 1334 1354 638
f 1354 1334 1595
f 1354 1685 638
f 1685 1354 1595
f 451 273 1945
f 451 1334 273
f 451 1945 1349
f 1334 451 1349
f 9 848 395
f 1552 993 1711
f 469 463 147
f 469 1685 1595
f 469 147 667
f 469 667 798
f 1685 469 798
f 853 1464 794
f 1464 461 794
f 1464 670 461
f 670 1464 463
f 1162 1361 1873
f 1361 716 625
f 1063 716 1711
f 716 1063 625
f 964 308 1414
f 1137 308 820
f 308 1339 820
f 1339 308 964
f 1164 52 1120
f 1164 1137 52
f 738 244 841
f 244 738 1674
f 1731 244 1674
f 244 1731 1216
f 783 1417 1625
f 1417 783 770
f 926 1417 770
f 1015 1060 821
f 1015 1513 1060
f 907 1015 821
f 1513 1015 907
f 1525 583 482
f 1525 1610 583
f 1610 1525 1580
f 1063 1525 482
f 1580 1525 1063
f 1588 1450 272
f 272 1450 1366
f 1450 846 1366
f 846 1450 741
f 1804 1450 1621
f 1450 1588 1621
f 1226 989 1463
f 989 1003 1788
f 1661 96 1542
f 71 1661 312
f 1661 1320 312
f 1981 1491 1459
f 1491 1981 1045
f 1491 1630 1459
f 1491 1045 1837
f 1630 1491 1837
f 1981 265 1542
f 265 1661 1542
f 265 1981 1459
f 265 1179 1320
f 1661 265 1320
f 1981 806 1045
f 806 510 157
f 806 1981 510
f 1630 1655 1459
f 1655 1630 1297
f 1655 265 1459
f 265 1655 1179
f 1040 1655 1297
f 1655 1040 1179
f 1434 1608 503
f 1327 1434 503
f 1434 767 1608
f 1434 1327 1960
f 767 1434 1960
f 1638 416 646
f 1692 1638 646
f 416 1638 503
f 1638 1327 503
f 1327 1638 1871
f 1638 1692 1871
f 1040 1813 1179
f 1179 1813 1320
f 210 1813 1767
f 1813 1548 1320
f 1813 210 1548
f 1813 1918 1767
f 1813 1040 1918
f 686 1421 314
f 1421 686 1003
f 348 1421 71
f 1421 1226 71
f 989 1421 1003
f 1421 989 1226
f 1532 372 27
f 27 372 1108
f 372 1000 1108
f 1000 372 1804
f 372 1450 1804
f 372 1532 741
f 1450 372 741
f 275 636 1112
f 273 636 275
f 309 424 638
f 424 480 638
f 424 311 480
f 311 424 1429
f 424 1141 1429
f 1141 424 309
f 1385 340 207
f 340 1385 898
f 1842 898 1734
f 530 1842 1734
f 411 1842 492
f 644 1795 35
f 644 324 1795
f 324 644 743
f 1017 644 35
f 644 1639 743
f 644 1017 1639
f 324 70 1218
f 70 324 1857
f 739 187 523
f 883 1992 1143
f 1992 883 1979
f 883 518 1979
f 1932 883 1143
f 331 373 1526
f 373 331 253
f 253 331 1866
f 331 1876 1866
f 1876 331 1526
f 1145 246 1004
f 246 1155 1004
f 1155 246 1852
f 1578 246 1749
f 246 1578 1852
f 1053 1145 1526
f 373 1053 1526
f 1053 246 1145
f 1053 373 1124
f 1053 1124 1749
f 246 1053 1749
f 130 1665 849
f 130 1048 1665
f 1048 130 1633
f 1849 130 849
f 130 1953 1633
f 130 1849 1953
f 720 1 1817
f 1304 1 33
f 1 1124 33
f 1817 1 1059
f 1 1304 1059
f 1124 1 677
f 1 720 677
f 105 1555 1115
f 105 11 1555
f 11 105 1140
f 105 1877 1140
f 1877 105 1115
f 341 330 957
f 1481 341 957
f 330 341 266
f 727 1180 1648
f 614 727 431
f 1209 623 73
f 699 585 1524
f 585 699 73
f 585 1017 1524
f 623 585 73
f 585 623 924
f 1821 1258 957
f 1258 1481 957
f 1258 1440 747
f 1481 1258 747
f 924 1258 1017
f 1258 1821 1017
f 409 1195 1524
f 709 1195 409
f 1195 699 1524
f 699 1195 1409
f 1195 709 1409
f 1573 709 409
f 1076 1573 409
f 1488 1573 715
f 40 1902 1134
f 40 1706 1364
f 40 1364 8
f 1706 40 329
f 40 982 329
f 982 40 1134
f 187 556 349
f 556 779 349
f 739 556 187
f 779 1666 581
f 581 1666 1310
f 1048 1666 1665
f 1666 779 1665
f 1310 1666 1633
f 1666 1048 1633
f 528 1340 1390
f 723 1894 581
f 581 1894 349
f 1894 1202 349
f 1202 1894 942
f 1302 895 571
f 1007 358 571
f 358 1302 571
f 1302 358 1499
f 1887 132 1007
f 1067 132 678
f 132 1887 1746
f 132 1437 678
f 867 1887 1007
f 1444 867 1007
f 1887 867 1786
f 1037 1321 289
f 1321 1037 162
f 426 233 567
f 1589 233 1629
f 233 426 289
f 567 233 680
f 233 1589 680
f 366 233 289
f 233 366 1629
f 895 812 278
f 1586 888 1347
f 1589 1586 1347
f 1586 1589 1629
f 366 1247 278
f 1321 1247 366
f 97 1549 1447
f 1549 97 910
f 1549 367 1447
f 1549 237 367
f 765 1284 1263
f 765 97 1284
f 765 1263 633
f 1770 765 633
f 97 765 1770
f 1820 1565 1244
f 1011 1820 1244
f 1923 671 479
f 1923 1175 671
f 1130 1923 479
f 1923 1130 538
f 1299 7 111
f 512 1299 111
f 754 1299 512
f 7 1299 149
f 149 1299 1516
f 1299 754 1516
f 400 802 665
f 400 665 1664
f 802 93 1701
f 93 400 621
f 400 93 802
f 1090 6 1166
f 910 980 617
f 97 980 910
f 1948 980 1770
f 980 97 1770
f 388 367 617
f 539 388 617
f 1252 893 1166
f 1765 1252 320
f 893 1252 1765
f 1252 411 320
f 1855 1223 1770
f 1223 967 1770
f 1223 1855 1338
f 892 1223 1338
f 967 1223 892
f 1933 111 479
f 706 1933 479
f 1933 706 1187
f 1933 512 111
f 1933 1187 512
f 20 1474 390
f 1474 20 1556
f 1062 20 390
f 20 1062 1931
f 20 1169 1556
f 1169 20 1931
f 1778 475 694
f 475 569 694
f 475 1778 1696
f 965 475 1696
f 569 475 965
f 484 242 726
f 242 889 726
f 889 389 965
f 567 389 495
f 389 567 694
f 965 389 694
f 1136 1705 901
f 901 1705 1659
f 1705 888 1659
f 1931 1712 691
f 1062 1712 1931
f 1712 1104 691
f 1104 1712 390
f 1712 1062 390
f 976 1157 742
f 1157 976 88
f 1157 88 1699
f 1157 1699 1718
f 742 1157 1718
f 662 1242 1483
f 217 488 807
f 1283 217 807
f 1205 1779 157
f 82 1498 949
f 1262 453 1129
f 1883 1262 1129
f 1262 1883 1669
f 1546 39 1669
f 1546 1547 235
f 39 1546 235
f 39 744 925
f 744 39 235
f 744 396 925
f 396 744 905
f 744 235 905
f 1707 731 966
f 731 1927 966
f 731 1707 12
f 1927 731 12
f 164 24 1177
f 915 164 1177
f 164 915 1315
f 669 380 560
f 24 380 669
f 380 1382 560
f 1865 26 1766
f 380 1865 1389
f 1865 380 24
f 164 1865 24
f 1147 1865 1766
f 1865 1147 1389
f 26 1865 1315
f 1865 164 1315
f 701 610 1344
f 610 566 1344
f 566 610 1955
f 610 47 78
f 1955 610 78
f 564 701 1453
f 47 536 78
f 536 347 78
f 610 536 47
f 536 610 701
f 564 536 701
f 347 1827 15
f 292 1827 1331
f 1827 248 15
f 1827 292 248
f 566 1221 558
f 1221 566 1955
f 1594 369 1082
f 485 1594 1082
f 1594 485 243
f 1382 860 243
f 860 380 1389
f 380 860 1382
f 1147 860 1389
f 1382 1697 1098
f 1325 690 228
f 817 690 1325
f 690 1863 228
f 1863 690 1592
f 690 817 1592
f 1723 1920 1082
f 1920 125 1082
f 125 804 4
f 994 804 1785
f 804 1723 1785
f 804 1920 1723
f 1920 804 125
f 1343 1058 1667
f 1604 1697 776
f 1697 1604 1098
f 92 1604 776
f 160 1604 92
f 975 141 1683
f 1952 141 109
f 141 975 109
f 104 1418 1243
f 1243 1418 109
f 1418 1952 109
f 875 975 1683
f 875 550 872
f 975 875 872
f 1328 104 1035
f 746 1328 1035
f 1328 746 1275
f 1061 1536 403
f 1720 1061 403
f 666 1061 1720
f 1061 666 1527
f 1518 1061 1527
f 1536 1061 1518
f 1694 1215 123
f 1092 1694 123
f 1694 391 1215
f 391 1694 588
f 1694 10 588
f 1694 1092 10
f 437 1277 1858
f 1277 703 655
f 1277 437 703
f 1860 1191 749
f 1710 1860 749
f 1860 211 1191
f 1860 1509 211
f 791 455 1527
f 791 1710 455
f 791 437 1858
f 1176 791 1858
f 791 1176 1710
f 984 579 533
f 497 984 533
f 984 497 1642
f 518 984 1642
f 883 984 518
f 984 1932 579
f 984 883 1932
f 1657 922 801
f 922 1657 107
f 1743 786 1069
f 1743 1069 1035
f 104 1743 1035
f 757 501 620
f 1316 757 620
f 757 1316 403
f 757 307 501
f 1536 757 403
f 307 757 1536
f 1757 231 209
f 1233 634 1215
f 634 307 1215
f 780 634 1233
f 307 634 780
f 231 281 209
f 177 281 1939
f 281 19 1939
f 499 1663 1651
f 445 1663 499
f 1155 133 1004
f 133 473 1004
f 133 1852 1490
f 133 1155 1852
f 1100 929 1448
f 1100 363 929
f 363 1100 1332
f 983 1782 879
f 144 1782 1495
f 1782 144 879
f 1782 1596 1495
f 1596 1782 983
f 94 1520 805
f 1520 318 805
f 318 1520 862
f 1520 1332 862
f 1520 94 1332
f 855 322 283
f 22 322 855
f 322 22 650
f 978 1847 1632
f 1984 1874 102
f 1031 425 724
f 425 1031 1643
f 1031 1728 1643
f 1031 1237 1728
f 899 1940 912
f 899 1963 1761
f 899 912 1963
f 41 899 1761
f 1940 899 41
f 1760 1152 912
f 1940 1760 912
f 1760 1940 852
f 1760 852 1036
f 1152 1760 1986
f 1662 1496 1106
f 1880 171 1722
f 1540 756 1106
f 756 1662 1106
f 1662 756 1480
f 943 1480 1721
f 1480 943 1036
f 943 1021 1036
f 151 1760 1036
f 1760 151 1986
f 813 1248 1721
f 1248 813 345
f 1248 943 1721
f 943 1248 1021
f 652 1854 1937
f 652 1514 1070
f 1514 652 1937
f 1854 652 1789
f 761 1010 1937
f 1854 761 1937
f 1010 761 1425
f 761 1913 1425
f 761 1854 1913
f 1010 1380 1937
f 1380 1514 1937
f 1496 1985 1106
f 1514 1985 1496
f 1741 1679 1677
f 1741 1688 342
f 1741 1677 1456
f 342 1844 998
f 1245 643 1456
f 143 643 1245
f 643 1741 1456
f 1741 643 1688
f 1485 1593 1185
f 1142 1584 972
f 1508 1142 972
f 345 1582 1172
f 1185 1582 1075
f 1582 345 1075
f 371 1199 994
f 1199 206 994
f 206 1748 1999
f 206 1199 1748
f 1356 239 371
f 1943 1623 1735
f 1623 1943 729
f 547 551 1250
f 1454 551 547
f 551 1485 1250
f 1485 551 998
f 551 1454 998
f 432 284 1689
f 766 284 432
f 284 1810 1689
f 284 766 1810
f 1739 1265 541
f 864 1739 541
f 1739 864 466
f 50 1739 466
f 1875 921 937
f 1875 1508 972
f 921 1875 972
f 1853 290 1957
f 968 1853 1957
f 921 1853 937
f 937 1853 1023
f 408 464 936
f 464 1309 936
f 464 632 1957
f 464 408 632
f 290 464 1957
f 1309 464 290
f 1309 1831 143
f 1831 643 143
f 643 1831 1688
f 1333 491 1645
f 1678 491 1281
f 491 1678 1645
f 491 1055 1281
f 491 1333 1055
f 891 1197 300
f 1973 1271 565
f 1119 775 592
f 891 1119 1783
f 1959 1119 1096
f 775 1119 1959
f 1096 1119 300
f 1119 891 300
f 1619 1174 1774
f 675 1619 1774
f 1174 1619 226
f 1619 1759 226
f 1619 218 1759
f 1619 675 218
f 44 281 231
f 281 44 19
f 1910 1260 944
f 1260 606 944
f 1171 683 1738
f 268 1171 1833
f 1756 1171 1172
f 683 1171 1756
f 1171 1738 1412
f 1833 1171 1412
f 214 537 1867
f 911 537 1735
f 1867 537 911
f 537 214 92
f 537 1058 1735
f 1058 537 92
f 160 811 618
f 214 811 160
f 811 1867 618
f 811 214 1867
f 114 1201 1465
f 114 1832 1201
f 1832 114 1200
f 1353 110 1230
f 1046 1353 1230
f 1353 1046 110
f 988 530 336
f 988 336 1140
f 1877 988 1140
f 988 1877 492
f 1842 988 492
f 988 1842 530
f 1758 869 31
f 1758 769 869
f 1758 31 561
f 1951 1758 561
f 193 856 1173
f 856 407 1173
f 407 150 440
f 440 150 329
f 165 1091 872
f 18 1091 165
f 872 1091 303
f 1091 1032 303
f 1032 1091 535
f 1649 131 535
f 1091 1649 535
f 1649 1091 18
f 1649 1330 131
f 1649 18 1330
f 381 908 1086
f 1336 381 1170
f 1636 381 1336
f 381 859 1170
f 859 381 1086
f 1471 1151 1107
f 1471 1336 1151
f 1471 1107 310
f 1336 1471 310
f 1273 1797 422
f 1273 1984 102
f 1533 1225 1083
f 672 1533 1083
f 1285 410 1225
f 1225 410 1083
f 169 410 1285
f 1083 410 1446
f 410 527 1446
f 410 169 1490
f 1852 410 1490
f 1190 1285 1225
f 1533 1190 1225
f 1954 734 784
f 1903 1399 1701
f 1399 1903 1729
f 93 1903 1701
f 1729 1903 621
f 1903 93 621
f 1229 1578 1399
f 527 1229 1568
f 410 1229 527
f 1568 1229 100
f 1229 1399 100
f 1578 1229 1852
f 1229 410 1852
f 1154 999 1701
f 999 1167 1701
f 128 999 1154
f 1167 999 128
f 1095 1167 857
f 1167 1095 665
f 677 1095 857
f 1385 1095 677
f 1095 1385 665
f 1596 1942 1495
f 1942 797 64
f 1942 144 1495
f 144 1942 64
f 1301 697 1396
f 697 881 1396
f 697 604 881
f 1146 327 590
f 1938 327 552
f 590 327 1938
f 1191 368 749
f 368 22 749
f 22 368 650
f 368 211 650
f 211 368 1191
f 1818 652 1070
f 652 1818 1789
f 995 1818 1070
f 995 1893 604
f 1893 192 604
f 1893 995 1070
f 192 1893 1070
f 1602 447 1276
f 447 339 760
f 339 447 1602
f 1272 1068 42
f 1272 1764 923
f 1764 1272 42
f 292 1272 923
f 1068 1272 465
f 1272 292 465
f 1848 600 1433
f 600 1848 1276
f 447 600 1276
f 1690 1387 355
f 1387 1602 1276
f 1848 1387 1276
f 1387 1433 355
f 1387 1848 1433
f 264 173 622
f 173 25 552
f 622 173 552
f 173 264 1047
f 1913 173 1047
f 173 1913 25
f 777 1861 1695
f 777 622 552
f 777 1695 622
f 1861 777 376
f 508 764 186
f 1768 508 186
f 1116 508 1768
f 599 1808 1847
f 599 1673 1808
f 1192 182 1121
f 182 1921 1121
f 1921 182 1341
f 1668 1192 1312
f 1935 1668 1312
f 1668 1935 612
f 1668 612 1686
f 51 1551 1686
f 1551 1668 1686
f 1921 1236 651
f 1236 1921 1212
f 1236 1212 825
f 1868 1236 825
f 1236 1009 1050
f 651 1236 1050
f 1236 637 1009
f 1236 1868 637
f 1306 1227 1312
f 834 1227 1306
f 1227 834 979
f 1227 1935 1312
f 1935 1227 979
f 914 315 908
f 381 914 908
f 914 381 1636
f 357 1303 1066
f 106 357 1066
f 1303 357 589
f 1253 595 1506
f 595 1323 1506
f 425 595 1253
f 1323 595 425
f 580 573 1081
f 573 1027 1081
f 573 580 1839
f 520 474 612
f 1311 474 355
f 612 474 1311
f 1863 511 228
f 74 511 1863
f 511 602 228
f 1486 1841 1078
f 1841 1486 1268
f 1486 89 1268
f 1114 325 1785
f 325 470 1785
f 325 725 470
f 725 325 1977
f 1977 325 224
f 325 1709 224
f 946 953 1078
f 1709 953 946
f 325 953 1709
f 953 325 1114
f 953 1114 65
f 89 953 1293
f 1713 953 65
f 1293 953 1713
f 1919 607 1947
f 607 1919 28
f 1660 1041 1891
f 1041 1222 1891
f 122 1220 1476
f 1428 1220 122
f 596 1579 529
f 529 1579 1891
f 1579 1904 952
f 1579 952 1296
f 1660 1579 1296
f 1579 1660 1891
f 684 698 1819
f 698 684 139
f 139 684 1431
f 684 1470 1431
f 459 948 296
f 948 459 919
f 459 1470 513
f 1470 459 1352
f 490 1356 577
f 682 365 28
f 188 365 682
f 365 188 753
f 1289 692 919
f 692 1289 596
f 1904 1289 1819
f 1289 1579 596
f 1579 1289 1904
f 472 1289 919
f 1289 472 1819
f 1606 692 596
f 1606 1220 753
f 692 174 948
f 948 174 1972
f 174 1307 1972
f 188 174 753
f 1307 174 188
f 174 1606 753
f 1606 174 692
f 1298 842 95
f 842 1298 732
f 1298 886 732
f 886 375 732
f 375 1294 732
f 1294 375 1613
f 1919 375 28
f 375 1919 1613
f 375 682 28
f 375 886 682
f 378 586 1398
f 227 378 796
f 711 1614 1427
f 1019 711 1427
f 493 649 423
f 493 378 1398
f 1614 493 1398
f 649 493 1614
f 1691 1856 1784
f 1748 1052 1784
f 1052 1748 673
f 1286 635 1280
f 635 1329 1280
f 421 1504 1577
f 140 1504 1286
f 1577 1504 140
f 1504 421 1422
f 1772 1504 1422
f 1504 635 1286
f 635 1504 1772
f 1158 1577 1970
f 1158 421 1577
f 378 1144 796
f 1144 112 796
f 1183 818 361
f 818 1183 423
f 1183 493 423
f 493 1183 378
f 1183 1144 378
f 356 199 1970
f 199 121 1970
f 199 361 121
f 1102 868 379
f 1391 960 584
f 960 824 439
f 960 1391 824
f 1652 1458 730
f 142 1391 584
f 1652 142 1622
f 142 1652 730
f 1969 1684 730
f 1365 1684 1969
f 1684 1365 305
f 1391 1684 305
f 1684 142 730
f 142 1684 1391
f 1255 629 1458
f 1652 1255 1458
f 1255 1652 1622
f 629 1255 584
f 1255 142 584
f 142 1255 1622
f 1576 1993 161
f 17 1576 161
f 1993 1576 795
f 23 947 795
f 1994 23 795
f 23 1994 1197
f 23 891 1206
f 261 225 263
f 947 225 261
f 23 225 947
f 321 1239 121
f 321 858 1239
f 1131 321 121
f 321 1131 1002
f 1702 1131 195
f 1702 261 1002
f 1131 1702 1002
f 858 1900 1654
f 321 1900 858
f 1654 1900 120
f 436 1900 1002
f 1900 321 1002
f 897 548 1374
f 158 897 1374
f 1426 897 158
f 1358 1511 990
f 1511 1358 1941
f 1727 1358 990
f 1358 1727 1767
f 1918 1358 1767
f 1941 1358 1918
f 1889 882 383
f 955 384 1995
f 1995 384 299
f 384 882 1889
f 882 384 955
f 299 384 1360
f 384 1889 1360
f 2000 1901 1537
f 884 2000 1537
f 1901 2000 1781
f 2000 884 841
f 244 2000 841
f 2000 1216 1781
f 2000 244 1216
f 1961 1552 1711
f 1552 863 627
f 863 1569 627
f 1961 863 1552
f 863 1961 397
f 1754 863 397
f 863 1754 1569
f 1211 9 2
f 1211 1569 9
f 627 985 2
f 1569 985 627
f 985 1211 2
f 1211 985 1569
f 1800 1552 627
f 1552 1800 993
f 1060 1800 1968
f 993 1800 1060
f 178 627 286
f 469 1787 463
f 1787 670 463
f 1787 469 1595
f 1334 1787 1595
f 670 1787 461
f 461 1787 1349
f 1787 1334 1349
f 1084 1164 1120
f 1162 1084 397
f 1084 1754 397
f 1754 1084 1120
f 716 117 1711
f 1961 117 397
f 117 1961 1711
f 1164 785 1137
f 785 625 1414
f 785 1873 625
f 308 785 1414
f 785 308 1137
f 640 1674 1528
f 640 1731 1674
f 83 559 1528
f 559 83 718
f 559 640 1528
f 640 559 1731
f 1216 419 1781
f 1731 419 1216
f 559 419 1731
f 96 260 1226
f 1661 260 96
f 1226 260 71
f 260 1661 71
f 1045 1962 202
f 806 1962 1045
f 864 1962 1181
f 1962 864 202
f 1962 806 157
f 987 1962 157
f 1962 987 1181
f 636 1133 1112
f 1133 348 1112
f 1133 55 1161
f 1816 1133 1161
f 1133 1421 348
f 1133 1816 314
f 1421 1133 314
f 55 183 163
f 1133 183 55
f 183 1133 636
f 1826 1851 207
f 1733 340 898
f 1842 1733 898
f 1733 1842 411
f 1094 70 1857
f 739 1094 1857
f 70 1094 1218
f 1094 1390 1218
f 1094 1906 1390
f 1906 1094 523
f 1094 739 523
f 1590 351 1481
f 351 341 1481
f 351 1590 1648
f 1704 1499 1067
f 1704 1067 135
f 1704 135 266
f 341 1704 266
f 351 1704 341
f 1180 1704 1648
f 1704 351 1648
f 1080 1180 727
f 614 1080 727
f 1080 614 353
f 1080 1704 1180
f 1080 1302 1499
f 1704 1080 1499
f 1415 924 1017
f 585 1415 1017
f 1415 585 924
f 1258 1996 1440
f 1996 1258 924
f 623 1996 924
f 1996 1209 1440
f 1996 623 1209
f 1573 1693 709
f 869 1693 129
f 709 1693 869
f 1693 1488 129
f 1693 1573 1488
f 333 1573 1076
f 333 528 715
f 1573 333 715
f 69 40 8
f 40 69 1902
f 450 69 8
f 69 450 869
f 1902 69 869
f 68 556 739
f 230 68 1857
f 68 739 1857
f 68 230 1435
f 1620 723 1560
f 1620 1894 723
f 1620 1560 1651
f 1663 1620 1651
f 1894 1620 942
f 1357 132 1067
f 132 1357 1007
f 1499 1357 1067
f 1357 358 1007
f 358 1357 1499
f 132 836 1437
f 1437 836 1926
f 836 1287 1926
f 1287 836 1746
f 836 132 1746
f 269 1444 346
f 269 867 1444
f 269 346 1786
f 867 269 1786
f 1600 426 1139
f 426 1600 289
f 1600 1037 289
f 366 631 1629
f 631 366 278
f 812 631 278
f 1650 1586 1629
f 631 1650 1629
f 1650 631 812
f 888 245 431
f 245 1468 431
f 507 1650 1529
f 1650 507 1586
f 245 507 1468
f 1586 507 888
f 507 245 888
f 1302 298 895
f 298 812 895
f 1650 298 1529
f 298 1650 812
f 895 1127 1346
f 237 57 910
f 57 1549 910
f 1549 57 237
f 1676 543 1278
f 1676 1011 543
f 399 1676 1278
f 1820 1899 1565
f 659 1899 1419
f 1899 659 1807
f 1565 1899 1807
f 1923 1231 1175
f 1231 538 676
f 1231 1923 538
f 793 1231 676
f 1231 793 1850
f 1388 1231 1850
f 1742 1231 1388
f 1175 1231 1742
f 865 521 1664
f 521 400 1664
f 400 521 621
f 521 918 621
f 918 521 865
f 240 1090 1359
f 240 6 1090
f 6 240 1457
f 1384 539 617
f 980 1384 617
f 1090 1384 1359
f 539 1384 1090
f 1726 980 1948
f 967 1726 1948
f 1384 1726 1359
f 1726 1384 980
f 1726 967 1457
f 240 1726 1457
f 1726 240 1359
f 1404 609 152
f 874 1404 152
f 961 974 484
f 974 242 484
f 974 961 495
f 242 974 889
f 389 974 495
f 974 389 889
f 494 1136 1545
f 494 1705 1136
f 494 1545 888
f 1705 494 888
f 873 1305 216
f 1305 1242 216
f 1305 873 1483
f 1242 1305 1483
f 219 1348 216
f 1242 219 216
f 1348 219 1209
f 219 1242 1209
f 1242 1345 1209
f 1345 1242 662
f 1345 1194 747
f 1194 1345 901
f 1345 662 901
f 1440 1345 747
f 1209 1345 1440
f 1126 1283 774
f 1126 217 1283
f 1497 1126 774
f 1126 1497 1318
f 1547 1126 1318
f 1126 1547 488
f 217 1126 488
f 510 1125 157
f 1125 1205 157
f 364 1125 510
f 1205 1125 364
f 1149 1883 1779
f 1498 519 1788
f 82 519 1498
f 1546 1559 1547
f 517 1262 1669
f 517 934 1475
f 453 517 1475
f 1262 517 453
f 1883 53 1669
f 828 536 760
f 536 828 347
f 347 828 176
f 828 339 176
f 339 828 760
f 536 1445 760
f 1445 536 564
f 1445 447 760
f 1047 1445 1453
f 1445 564 1453
f 99 347 176
f 99 1827 347
f 1827 99 1331
f 99 1256 1331
f 339 99 176
f 1079 1132 558
f 1221 1079 558
f 1105 1594 243
f 860 1105 243
f 1594 1105 369
f 804 1924 4
f 1924 485 4
f 1924 30 485
f 532 30 776
f 1697 532 776
f 1725 1382 243
f 1725 1697 1382
f 1725 532 1697
f 532 1725 30
f 485 1725 243
f 30 1725 485
f 1627 766 1251
f 1343 1627 1251
f 1950 160 1098
f 1604 1950 1098
f 1950 1604 160
f 875 67 550
f 550 67 323
f 323 67 1275
f 67 1328 1275
f 1328 67 1637
f 141 1213 1683
f 1213 141 1952
f 1418 1213 1952
f 1213 1418 104
f 1326 234 655
f 234 1277 655
f 1541 1176 1858
f 1541 1944 816
f 1541 816 1745
f 1176 1675 1710
f 1675 1541 1745
f 1541 1675 1176
f 1113 791 1527
f 791 1113 437
f 666 1113 1527
f 1113 666 710
f 786 1057 1829
f 1743 1057 786
f 1057 1743 104
f 238 1057 1243
f 1057 104 1243
f 1757 587 231
f 587 780 1507
f 780 587 501
f 1864 281 177
f 281 1864 209
f 909 407 440
f 909 440 1232
f 1864 940 209
f 940 1864 687
f 313 940 1232
f 940 909 1232
f 909 940 687
f 509 1663 445
f 509 1620 1663
f 1620 509 942
f 942 509 1232
f 509 313 1232
f 133 1085 473
f 473 1085 544
f 1085 1954 544
f 1799 1085 1490
f 1085 133 1490
f 460 1798 862
f 1332 460 862
f 1100 460 1332
f 978 1624 1847
f 1624 978 279
f 1874 1624 279
f 839 279 1815
f 839 1874 279
f 1874 839 102
f 1478 839 1815
f 839 1478 102
f 1473 1539 1386
f 1473 1874 1539
f 1728 1473 1386
f 1237 1473 1728
f 1502 171 1880
f 1502 813 1721
f 1502 1880 813
f 171 1502 1540
f 1502 756 1540
f 1480 1502 1721
f 756 1502 1480
f 740 345 1172
f 151 740 1986
f 153 1010 148
f 153 1380 1010
f 1722 153 148
f 1812 557 342
f 557 1741 342
f 1741 557 1679
f 1679 557 87
f 557 1812 87
f 696 1485 998
f 696 1593 1485
f 1844 1564 998
f 1564 1844 1584
f 1564 696 998
f 696 1564 1593
f 1593 1564 1185
f 1564 1582 1185
f 200 1869 1999
f 1856 1381 1999
f 1381 200 1999
f 1058 393 1667
f 393 489 1667
f 1224 1052 673
f 1790 1199 371
f 239 1790 371
f 34 1943 1735
f 34 1343 1251
f 1058 34 1735
f 1343 34 1058
f 1755 1251 729
f 1943 1755 729
f 1755 34 1251
f 34 1755 1943
f 1228 276 118
f 1810 1228 118
f 766 1228 1810
f 1627 1228 766
f 1265 598 1922
f 1739 598 1265
f 1922 598 75
f 598 302 75
f 598 1739 302
f 1563 50 456
f 1563 1739 50
f 302 1563 456
f 1739 1563 302
f 1452 1065 1023
f 1065 937 1023
f 1065 1875 937
f 981 1853 968
f 981 968 1073
f 1538 981 1073
f 981 1538 1023
f 1853 981 1023
f 249 921 972
f 249 1309 290
f 1853 249 290
f 249 1853 921
f 891 46 1206
f 46 891 1783
f 222 1881 1025
f 819 1257 1206
f 941 1395 565
f 1271 941 565
f 941 1271 1395
f 1467 1119 592
f 1119 1467 1783
f 1467 213 1783
f 1467 592 1747
f 213 1467 1747
f 288 1271 1814
f 1271 288 1395
f 288 213 1747
f 503 288 1747
f 288 503 1395
f 588 81 1507
f 81 44 231
f 81 587 1507
f 587 81 231
f 10 1234 588
f 1234 81 588
f 81 1234 44
f 843 1152 1986
f 1152 843 912
f 843 414 944
f 606 843 944
f 843 606 912
f 114 1554 1200
f 1554 1833 1200
f 268 1554 932
f 1554 268 1833
f 1611 1951 769
f 1758 1611 769
f 1611 1758 1951
f 856 413 407
f 413 150 407
f 326 413 241
f 241 413 193
f 413 856 193
f 1364 1097 326
f 1097 413 326
f 413 1097 150
f 145 1618 1797
f 1273 145 1797
f 1618 145 1478
f 1478 145 102
f 145 1273 102
f 647 1273 422
f 1273 647 1984
f 1539 647 422
f 1874 647 1539
f 647 1874 1984
f 169 810 1490
f 810 169 1285
f 1190 810 1285
f 1878 1533 672
f 277 1301 454
f 277 697 1301
f 146 277 454
f 697 277 604
f 172 277 146
f 172 995 604
f 277 172 604
f 1682 327 1146
f 777 1682 376
f 327 1682 552
f 1682 777 552
f 418 1818 995
f 854 418 1792
f 418 854 1789
f 1818 418 1789
f 418 172 1792
f 172 418 995
f 1256 295 1331
f 1331 295 465
f 295 1014 465
f 84 295 1690
f 1014 295 84
f 1888 1387 1690
f 1387 1888 1602
f 295 1888 1690
f 1888 295 1256
f 600 1840 1433
f 1840 622 1433
f 1840 264 622
f 264 1840 1047
f 508 1836 764
f 1836 508 1116
f 1808 1836 1116
f 1836 890 764
f 1836 1808 1266
f 890 1836 1266
f 1965 1868 825
f 1868 1965 1646
f 1300 1673 1976
f 1808 1300 1266
f 1673 1300 1808
f 1212 593 825
f 593 1965 825
f 1965 593 1673
f 593 1212 1976
f 1673 593 1976
f 1031 1441 1237
f 1575 182 1192
f 1341 1575 1976
f 182 1575 1341
f 1266 1274 763
f 1274 51 763
f 1274 1551 51
f 1668 996 1192
f 996 1551 1192
f 1551 996 1668
f 155 914 1636
f 914 155 315
f 315 155 1839
f 155 1150 1839
f 155 1636 1150
f 357 1138 589
f 1581 1138 1671
f 1138 1581 589
f 871 106 1482
f 871 357 106
f 871 1482 1671
f 1138 871 1671
f 871 1138 357
f 573 1510 1027
f 247 1510 1150
f 1027 1510 247
f 1150 1510 1839
f 1510 573 1839
f 474 1776 355
f 1776 474 520
f 1776 84 355
f 84 1776 1543
f 1776 520 1543
f 113 1486 1078
f 953 113 1078
f 1486 113 89
f 113 953 89
f 814 607 28
f 814 122 1947
f 607 814 1947
f 471 63 1660
f 63 1041 1660
f 1041 63 1222
f 1222 63 1476
f 63 471 1476
f 594 1222 1476
f 1220 594 1476
f 1606 594 1220
f 1222 594 529
f 594 596 529
f 594 1606 596
f 880 1470 1352
f 880 1773 1431
f 1470 880 1431
f 1773 880 577
f 880 490 577
f 1494 684 1819
f 1494 472 513
f 472 1494 1819
f 1470 1494 513
f 684 1494 1470
f 1859 459 296
f 459 1859 1352
f 1859 296 257
f 490 1859 257
f 472 1585 513
f 1585 459 513
f 1585 472 919
f 459 1585 919
f 365 685 28
f 685 814 28
f 685 1220 1428
f 685 1428 122
f 814 685 122
f 1220 685 753
f 685 365 753
f 1307 1487 95
f 886 1780 682
f 1298 1780 886
f 1780 188 682
f 1780 1298 95
f 1487 1780 95
f 1780 1307 188
f 1780 1487 1307
f 36 496 1398
f 586 36 1398
f 36 184 435
f 184 36 586
f 184 586 378
f 227 184 378
f 803 649 1614
f 1993 803 161
f 649 803 423
f 803 818 423
f 818 803 1993
f 406 711 1019
f 711 406 17
f 1896 1691 1784
f 1052 1896 1784
f 1896 1052 1317
f 1329 500 338
f 635 500 1329
f 500 635 1772
f 121 1535 1970
f 1535 1158 1970
f 1239 1535 121
f 778 1183 361
f 199 778 361
f 778 199 356
f 1423 707 379
f 707 1102 379
f 707 287 90
f 707 1423 287
f 1261 112 401
f 138 1261 401
f 1261 138 1259
f 29 184 227
f 963 1570 32
f 5 1294 1570
f 5 1193 1294
f 963 5 1570
f 5 963 61
f 1193 827 90
f 5 827 1193
f 827 5 61
f 960 1322 584
f 1322 1214 584
f 1322 870 1214
f 870 1322 1775
f 1531 1484 1775
f 1322 1531 1775
f 1531 1322 960
f 1484 1531 439
f 1531 960 439
f 1603 1994 795
f 1576 1603 795
f 891 232 1197
f 232 23 1197
f 23 232 891
f 1881 417 1257
f 417 1881 222
f 417 436 263
f 436 417 222
f 1835 195 1990
f 1835 1702 195
f 630 1835 1990
f 1835 630 261
f 1702 1835 261
f 1397 1378 120
f 1900 1397 120
f 1397 1900 436
f 1397 436 222
f 1378 1397 222
f 1028 882 955
f 1028 1736 1503
f 383 1028 1503
f 882 1028 383
f 1736 1028 562
f 1028 955 562
f 1569 45 9
f 1754 45 1569
f 45 848 9
f 848 45 395
f 45 1120 395
f 45 1754 1120
f 1455 1901 1781
f 374 1455 1781
f 1455 853 1892
f 1901 1455 1892
f 603 1800 627
f 1800 603 605
f 178 603 627
f 603 1455 605
f 1455 603 178
f 1424 178 286
f 463 1424 286
f 1464 1424 463
f 1928 1162 1873
f 1928 1084 1162
f 785 1928 1873
f 1084 1928 1164
f 1928 785 1164
f 487 716 1361
f 487 117 716
f 198 559 718
f 419 198 933
f 198 419 559
f 198 1060 1895
f 197 198 718
f 198 197 1060
f 1394 419 933
f 374 1394 1895
f 1394 374 1781
f 419 1394 1781
f 1394 198 1895
f 198 1394 933
f 183 840 163
f 840 183 636
f 840 311 163
f 311 840 480
f 840 273 480
f 840 636 273
f 1617 1252 1166
f 6 1828 1166
f 1828 1617 1166
f 1617 1828 1826
f 991 1340 528
f 333 991 528
f 1390 991 1218
f 1340 991 1390
f 991 1076 1218
f 991 333 1076
f 1716 68 1435
f 68 1716 556
f 1436 1716 1435
f 1665 1716 1436
f 779 1716 1665
f 556 1716 779
f 1037 1672 162
f 1600 1672 1037
f 1672 1600 1139
f 1672 1139 1110
f 162 1672 1110
f 614 392 353
f 392 614 431
f 1468 392 431
f 298 215 1529
f 215 507 1529
f 507 215 1468
f 215 392 1468
f 392 215 298
f 1247 462 278
f 462 895 278
f 462 1127 895
f 1346 1411 1128
f 1127 1411 1346
f 1128 1411 1342
f 1411 1127 1342
f 1210 1820 1011
f 1210 1899 1820
f 613 399 1123
f 613 1676 399
f 1899 613 1419
f 1210 613 1899
f 695 613 1123
f 613 695 1419
f 388 525 367
f 1404 525 388
f 367 525 1914
f 525 874 1914
f 525 1404 874
f 1825 1404 388
f 1825 539 1416
f 1825 388 539
f 259 1825 1416
f 1825 259 609
f 1404 1825 609
f 1205 1012 1779
f 1012 1149 1779
f 1165 1809 1463
f 1547 1777 949
f 1559 1777 1547
f 517 1072 934
f 934 1072 925
f 1072 39 925
f 39 1072 1669
f 1072 517 1669
f 359 1546 1669
f 53 359 1669
f 359 1559 1546
f 359 53 1559
f 53 970 1559
f 970 1777 1559
f 970 252 1809
f 970 1165 82
f 1165 970 1809
f 970 82 949
f 1777 970 949
f 1717 1079 1221
f 1717 1955 78
f 1717 1221 1955
f 1079 1717 1132
f 1811 1717 78
f 1132 1717 1811
f 1369 1105 860
f 1369 1147 602
f 1369 860 1147
f 1105 1369 369
f 1369 74 369
f 511 1369 602
f 1369 511 74
f 758 804 994
f 758 1924 804
f 206 758 994
f 1869 758 206
f 758 1869 200
f 714 92 776
f 714 1058 92
f 714 393 1058
f 489 714 200
f 393 714 489
f 30 404 776
f 1924 404 30
f 404 714 776
f 714 404 200
f 404 758 200
f 758 404 1924
f 67 328 1637
f 328 67 875
f 1637 328 1683
f 328 875 1683
f 1328 1451 104
f 1451 1213 104
f 1451 1328 1637
f 1451 1637 1683
f 1213 1451 1683
f 1944 21 1326
f 21 234 1326
f 1541 21 1944
f 1277 1039 1858
f 234 1039 1277
f 21 1039 234
f 1039 1541 1858
f 1039 21 1541
f 1270 1860 1710
f 1675 1270 1710
f 437 1196 710
f 1196 1113 710
f 1113 1196 437
f 1829 262 801
f 1057 262 1829
f 262 1657 801
f 969 587 1757
f 587 969 501
f 563 1757 209
f 1217 563 209
f 563 969 1757
f 563 445 1479
f 563 1217 445
f 407 789 1173
f 909 789 407
f 789 177 1173
f 789 909 687
f 789 1864 177
f 1864 789 687
f 708 1217 209
f 940 708 209
f 708 940 313
f 509 689 313
f 689 708 313
f 708 689 1217
f 1217 689 445
f 689 509 445
f 457 734 1954
f 1085 457 1954
f 1798 1958 906
f 460 1958 1798
f 906 1958 1515
f 1958 460 1100
f 1958 1448 1515
f 1958 1100 1448
f 412 1462 1768
f 1762 1462 412
f 1768 1462 1632
f 582 412 283
f 582 1762 412
f 322 582 283
f 986 978 1632
f 1815 986 650
f 279 986 1815
f 978 986 279
f 688 1624 1874
f 1624 688 1847
f 1496 790 41
f 894 790 1496
f 1662 656 1496
f 656 894 1496
f 1248 1240 1021
f 1240 740 151
f 1240 1248 345
f 740 1240 345
f 1021 1240 1036
f 1240 151 1036
f 1171 1572 1172
f 1572 740 1172
f 1380 362 1514
f 153 362 1380
f 362 1985 1514
f 1985 362 1106
f 362 1540 1106
f 362 171 1540
f 171 362 1722
f 362 153 1722
f 1142 1635 1584
f 1635 1564 1584
f 1635 1142 1508
f 1241 206 1999
f 1869 1241 1999
f 1241 1869 206
f 476 489 200
f 1381 476 200
f 1224 1956 653
f 1956 1224 239
f 653 1956 257
f 1956 239 1356
f 1956 490 257
f 490 1956 1356
f 1748 546 673
f 1224 196 239
f 196 1790 239
f 196 546 1790
f 196 1224 673
f 546 196 673
f 421 572 1422
f 572 1408 1422
f 1158 572 421
f 1408 1291 1422
f 545 1291 1408
f 1291 1772 1422
f 317 1291 545
f 545 1238 66
f 1238 545 1408
f 1228 1238 276
f 1238 1228 66
f 1875 514 1508
f 1065 514 1875
f 514 1452 1756
f 514 1065 1452
f 72 1831 1309
f 249 72 1309
f 72 249 972
f 1831 72 1688
f 1584 72 972
f 1844 72 1584
f 1688 72 342
f 72 1844 342
f 306 1783 971
f 306 46 1783
f 1814 1607 971
f 1271 1607 1814
f 1607 1271 1973
f 1607 1973 524
f 787 1245 1025
f 787 524 1245
f 1881 787 1025
f 787 1607 524
f 1607 787 819
f 787 1881 1257
f 819 787 1257
f 1783 661 1814
f 661 288 1814
f 213 661 1783
f 288 661 213
f 606 1967 1963
f 1917 1967 601
f 1967 1917 1963
f 1260 1038 606
f 1038 1967 606
f 1967 1038 1234
f 1038 1260 1910
f 19 1038 1910
f 44 1038 19
f 1234 1038 44
f 1554 679 932
f 679 1554 114
f 679 1910 932
f 679 19 1910
f 19 679 1465
f 679 114 1465
f 1097 658 150
f 658 1706 329
f 150 658 329
f 1706 658 1364
f 658 1097 1364
f 189 1799 1490
f 810 189 1490
f 1799 189 1472
f 189 1190 1472
f 189 810 1190
f 446 1044 1472
f 515 446 903
f 1044 446 515
f 267 1190 1533
f 1878 267 1533
f 1190 267 1472
f 267 446 1472
f 267 672 1715
f 267 1878 672
f 903 267 1715
f 446 267 903
f 477 1942 1596
f 477 639 1942
f 477 1596 784
f 734 477 784
f 639 477 734
f 172 1997 1792
f 1997 172 146
f 1997 1146 1792
f 1997 146 454
f 1997 1682 1146
f 1997 454 376
f 1682 1997 376
f 962 339 1602
f 1888 962 1602
f 597 600 447
f 597 1445 1047
f 1445 597 447
f 344 1908 724
f 1908 344 1646
f 1730 1300 1976
f 1300 1730 1266
f 1575 1730 1976
f 1698 599 1237
f 1441 1698 1237
f 599 1698 1673
f 1551 1802 1192
f 1802 1575 1192
f 1274 1802 1551
f 1802 1274 1266
f 1730 1802 1266
f 1802 1730 1575
f 1859 928 1352
f 928 1859 490
f 928 880 1352
f 880 928 490
f 803 212 161
f 212 803 1614
f 711 212 1614
f 212 17 161
f 212 711 17
f 406 973 17
f 973 406 1019
f 1823 500 1772
f 1571 1535 1239
f 1571 1654 276
f 1654 1571 1239
f 1033 778 356
f 778 1033 1183
f 1183 1033 1144
f 1033 356 628
f 112 1033 628
f 1144 1033 112
f 112 1362 796
f 1362 227 796
f 1362 29 227
f 1042 29 61
f 963 1042 61
f 496 1042 32
f 1042 963 32
f 1373 1042 496
f 1042 1373 29
f 184 1292 435
f 29 1292 184
f 1373 1292 29
f 1292 36 435
f 36 1292 496
f 1292 1373 496
f 29 352 61
f 352 827 61
f 1102 352 868
f 707 352 1102
f 352 707 90
f 827 352 90
f 1994 1029 56
f 1029 930 56
f 417 127 1257
f 1257 127 1206
f 225 127 263
f 127 417 263
f 127 23 1206
f 127 225 23
f 1455 220 605
f 220 1455 374
f 220 1800 605
f 1800 220 1968
f 220 1895 1968
f 220 374 1895
f 1420 1464 853
f 1420 1424 1464
f 1455 1420 853
f 1420 1455 178
f 1424 1420 178
f 487 1410 117
f 1410 1162 397
f 117 1410 397
f 575 1617 1826
f 340 575 207
f 575 1826 207
f 1617 575 1252
f 1252 575 411
f 575 1733 411
f 1733 575 340
f 1826 900 1851
f 1828 900 1826
f 865 900 1457
f 1851 900 865
f 900 6 1457
f 900 1828 6
f 713 298 1302
f 713 392 298
f 392 713 353
f 713 1080 353
f 1080 713 1302
f 902 1247 1321
f 902 462 1247
f 462 902 1127
f 1676 1703 1011
f 1703 1210 1011
f 613 1703 1676
f 1703 613 1210
f 1012 712 1149
f 712 252 1149
f 712 1205 364
f 712 1012 1205
f 252 712 1809
f 1809 712 1463
f 712 1226 1463
f 712 364 1226
f 1845 519 82
f 1165 1845 82
f 1845 1165 1463
f 989 1845 1463
f 1845 989 1788
f 519 1845 1788
f 221 970 53
f 970 221 252
f 221 53 1883
f 1149 221 1883
f 252 221 1149
f 1270 1562 1860
f 1562 1270 1675
f 1562 1675 1745
f 1509 1562 1745
f 1860 1562 1509
f 1752 1057 238
f 1752 262 1057
f 262 1752 1657
f 1752 238 931
f 107 1752 931
f 1657 1752 107
f 1160 1805 1479
f 1805 563 1479
f 563 1805 969
f 1805 1160 922
f 501 1805 922
f 969 1805 501
f 1574 639 734
f 457 1574 734
f 1489 1462 1762
f 1462 1489 1632
f 1489 986 1632
f 1489 582 322
f 582 1489 1762
f 1473 505 1874
f 505 688 1874
f 505 1473 1237
f 599 505 1237
f 505 599 1847
f 688 505 1847
f 885 1940 41
f 790 885 41
f 656 79 894
f 79 790 894
f 79 885 790
f 852 79 1036
f 79 1480 1036
f 79 1662 1480
f 79 656 1662
f 1940 79 852
f 885 79 1940
f 1572 522 740
f 522 1572 1171
f 489 717 1667
f 476 717 489
f 717 1381 1856
f 717 476 1381
f 1790 1714 1199
f 546 1714 1790
f 1199 1714 1748
f 1714 546 1748
f 223 572 1158
f 572 223 1408
f 1535 223 1158
f 1571 223 1535
f 223 1238 1408
f 1238 223 276
f 223 1571 276
f 1228 498 66
f 498 1228 1627
f 498 545 66
f 498 317 545
f 1054 1635 1508
f 514 1054 1508
f 1564 1054 1582
f 1635 1054 1564
f 1582 1054 1172
f 1054 1756 1172
f 1054 514 1756
f 1122 819 1206
f 46 1122 1206
f 306 1122 46
f 1122 306 971
f 1607 1122 971
f 1122 1607 819
f 438 1234 10
f 438 1967 1234
f 1967 438 601
f 1092 438 10
f 601 438 1396
f 438 1092 1396
f 554 1888 1256
f 554 962 1888
f 962 554 339
f 554 99 339
f 99 554 1256
f 203 1840 600
f 597 203 600
f 1840 203 1047
f 203 597 1047
f 1751 1698 1908
f 1965 1751 1646
f 1751 1908 1646
f 1751 1965 1673
f 1698 1751 1673
f 1282 1441 1031
f 1282 1698 1441
f 1282 1031 724
f 1908 1282 724
f 1698 1282 1908
f 154 1603 1576
f 154 1576 17
f 973 154 17
f 1823 1656 500
f 1656 653 1430
f 1656 1224 653
f 338 1656 1430
f 500 1656 338
f 1052 920 1317
f 920 1823 1317
f 920 1656 1823
f 1224 920 1052
f 1656 920 1224
f 1823 1159 1317
f 1159 1823 1772
f 1159 1896 1317
f 1291 1159 1772
f 1896 1159 1691
f 1159 1291 1691
f 1261 398 112
f 398 1362 112
f 868 398 1259
f 398 1261 1259
f 352 398 868
f 1362 398 29
f 398 352 29
f 1603 1909 1994
f 1909 1029 1994
f 1029 1909 1603
f 1074 487 1361
f 1074 1410 487
f 1162 1074 1361
f 1410 1074 1162
f 478 902 1321
f 902 478 1127
f 478 1321 162
f 478 162 1342
f 1127 478 1342
f 1574 1405 639
f 1942 1405 797
f 639 1405 1942
f 1640 1574 457
f 1640 1085 1799
f 1640 457 1085
f 1640 1405 1574
f 986 1872 650
f 1489 1872 986
f 1872 322 650
f 1872 1489 322
f 740 837 1986
f 522 837 740
f 837 843 1986
f 843 837 414
f 1907 498 1856
f 498 1907 317
f 1691 1907 1856
f 1291 1907 1691
f 317 1907 1291
f 1587 1627 1343
f 1587 498 1627
f 1367 1029 1603
f 154 1367 1603
f 1640 1658 1405
f 797 1658 13
f 1405 1658 797
f 1658 1799 13
f 1658 1640 1799
f 837 1355 414
f 1355 837 522
f 1355 268 944
f 414 1355 944
f 1355 1171 268
f 1355 522 1171
f 1101 1587 1343
f 1101 1343 1667
f 717 1101 1667
f 1101 717 1856
f 498 1101 1856
f 1587 1101 498
f 548 788 1290
f 788 973 1019
f 788 876 1290
f 876 788 1019
f 386 1426 427
f 386 897 1426
f 897 386 548
f 386 788 548
f 788 386 973
f 386 154 973
f 386 1367 154
f 1367 954 1029
f 386 954 1367
f 1029 954 930
f 954 1737 930
f 1737 954 386
f 1737 427 930
f 1737 386 427
o Cracks
v -8.679389089551366 14.705699660309433 0.1
v -9.029267431062602 15.53552762907162 0.1
v -8.614062739228116 13.950547296647336 0.1
v -8.7229554687104 15.63248863848397 0.1
v -9.635928895621612 14.503244631997983 0.1
l 2001 2002 2003 2004 2005
v 2.0749905136495137 -1.8727555313597486 0.1
v 1.090647803558486 -0.8144519791279397 0.1
v 1.7104948712668209 -0.21712271597956612 0.1
v 1.5343505594374667 -1.9355903822733551 0.1
v 1.899416946918455 -0.7937652643841733 0.1
l 2006 2007 2008 2009 2010
v -4.711707449158398 10.827964334396276 0.1
v -4.9785608167223305 10.403563156150279 0.1
v -4.162981127097374 10.585646050036114 0.1
v -4.0538316318282135 10.409054317663676 0.1
v -4.332115322076675 11.445534288330498 0.1
l 2011 2012 2013 2014 2015
v 1.0792994113424859 3.8343037484959317 0.1
v 1.0606349201056728 4.144173731124134 0.1
v 0.24144094187766796 3.8334767282938356 0.1
v 0.011929576949107679 2.367180972126225 0.1
v 0.03541018251272399 3.219879237059147 0.1
l 2016 2017 2018 2019 2020
v 14.878059178238113 -0.8479475116435311 0.1
v 13.926926692624633 -1.0865605605570496 0.1
v 15.759892291749965 -1.6945134965498816 0.1
v 15.402190404115087 -1.3174387964169008 0.1
v 14.218348932374592 -0.7383682096008946 0.1
l 2021 2022 2023 2024 2025
v -10.272276606161988 -1.857804962148244 0.1
v -9.86146515639613 -2.108487890087167 0.1
v -11.366540344280752 -2.0235998820813164 0.1
v -11.420937183840659 -2.3823857490853966 0.1
v -10.561934538318898 -0.5567634291801404 0.1
l 2026 2027 2028 2029 2030
v -14.382658476077577 11.117264735244422 0.1
v -14.289214854498407 10.56349430864161 0.1
v -12.795702975898648 10.395744569031578 0.1
v -14.600178391561027 11.43262365821171 0.1
v -13.569964937520401 10.60450295774019 0.1
l 2031 2032 2033 2034 2035
v 5.762370578262336 2.6742484267638202 0.1
v 7.000832786726972 2.882040217954154 0.1
v 6.755037153923877 4.137755860664892 0.1
v 6.85490506741901 3.967129144897223 0.1
v 6.797191388153975 3.1870590051947394 0.1
l 2036 2037 2038 2039 2040
v 5.7567453935154305 -6.627993395766241 0.1
v 6.43520938151907 -8.289895039535068 0.1
v 6.858335987986384 -6.719021788725678 0.1
v 6.8805369383307236 -8.215648032194089 0.1
v 5.3287079684258245 -6.822292490650478 0.1
l 2041 2042 2043 2044 2045
v 9.602870581414113 -12.232370714704079 0.1
v 9.076462108337157 -12.50820445392552 0.1
v 9.450229992099153 -12.516052367970328 0.1
v 9.178745554673108 -13.012505519560738 0.1
v 8.774858495132289 -12.594874671976395 0.1
l 2046 2047 2048 2049 2050
v -3.3102593723349765 -10.859587398433408 0.1
v -3.7385355260990707 -9.59427373440005 0.1
v -3.8118559875220113 -10.69149050906848 0.1
v -3.785681686140178 -10.34398004520212 0.1
v -3.5296888274733886 -10.002982086402067 0.1
l 2051 2052 2053 2054 2055
v -9.08913965427788 -13.696126717195355 0.1
v -9.70686339399147 -13.427535081070996 0.1
v -10.081348886849108 -13.293038307564052 0.1
v -8.670187609819529 -12.385285289219294 0.1
v -10.094337149964327 -12.663231989198042 0.1
l 2056 2057 2058 2059 2060
v -12.471646688249425 -4.871595398870298 0.1
v -11.63493631747406 -5.51750082507063 0.1
v -12.145185120685552 -5.225134652040111 0.1
v -12.988493601733602 -6.4141187149069365 0.1
v -12.134092352168498 -6.392494876226163 0.1
l 2061 2062 2063 2064 2065
v -5.14204935231998 -1.8548810160296798 0.1
v -5.245259623891103 -2.89208113969962 0.1
v -5.356367463555333 -1.5265906054529548 0.1
v -5.826352566849035 -2.374111147160646 0.1
v -4.676114510971416 -2.085702536271933 0.1
l 2066 2067 2068 2069 2070
v -0.7563390734266651 -1.0402070361080893 0.1
v -2.1405943775154608 -0.8248575715736923 0.1
v -1.3316500043864503 -1.418234187761093 0.1
v -1.576613158507431 0.1841777525872621 0.1
v -1.088638148984786 0.2100713753428216 0.1
l 2071 2072 2073 2074 2075
v -4.43458676986242 -1.7786160731669365 0.1
v -5.500244665848217 -2.335110438275949 0.1
v -4.812536573507378 -3.3358264129607225 0.1
v -4.361079386920789 -2.5647321768643447 0.1
v -5.7211373635966005 -2.367735970890779 0.1
l 2076 2077 2078 2079 2080
v -8.03975783907468 -14.565294521667878 0.1
v -7.183840225068195 -14.441260987550994 0.1
v -7.741596151401352 -15.569131807771512 0.1
v -7.578481256237017 -14.278489639195406 0.1
v -8.231615548282857 -14.738164223166127 0.1
l 2081 2082 2083 2084 2085
v -8.646723675070445 9.28373502170473 0.1
v -9.086466767674159 9.261883658574034 0.1
v -9.556948818432375 8.890573671799727 0.1
v -9.242800100826281 9.963536061926078 0.1
v -9.198858270086276 9.876473905667309 0.1
l 2086 2087 2088 2089 2090
v 5.910771668265997 7.051949201418109 0.1
v 5.665935153774494 7.067152091385248 0.1
v 4.444664159163097 6.109913476707333 0.1
v 5.1465308932184906 6.903654694111225 0.1
v 5.045064323520522 5.920138175461335 0.1
l 2091 2092 2093 2094 2095
v -13.683165659356431 -3.5044977875153878 0.1
v -14.247511719899693 -3.4307140719970466 0.1
v -13.646635348612627 -3.993255003017233 0.1
v -14.705790581139826 -3.427665401631961 0.1
v -14.416351866145428 -3.1981575312741697 0.1
l 2096 2097 2098 2099 2100
v 1.0772735868692997 -10.066870972937059 0.1
v 1.4325485112604555 -10.886786579271048 0.1
v 1.2900309728037131 -11.434789205743614 0.1
v 2.535583543493339 -11.321251820151387 0.1
v 2.3064486689199564 -11.560006660626339 0.1
l 2101 2102 2103 2104 2105
v -5.304430847380188 -2.685909990825886 0.1
v -5.544092603589255 -3.5920089684453904 0.1
v -5.236713959754214 -3.5030224874495195 0.1
v -5.81720158943307 -3.80210847282042 0.1
v -5.5087825945060525 -2.542671592579129 0.1
l 2106 2107 2108 2109 2110
v -13.164422502235515 12.273400937854236 0.1
v -14.279837858850254 12.146881450731433 0.1
v -14.455354097755688 12.406572726012197 0.1
v -13.479943516228065 11.50171064658997 0.1
v -14.702235888939205 11.855431159147559 0.1
l 2111 2112 2113 2114 2115
v -3.7888053552329968 14.207899471021133 0.1
v -4.065203507994609 12.91874526144138 0.1
v -4.413788020779988 13.765090081077743 0.1
v -3.849267412005415 13.676572494692941 0.1
v -4.656445420641626 13.072103513139009 0.1
l 2116 2117 2118 2119 2120
v 3.2878168405149393 -0.6462725551619359 0.1
v 5.08724435501345 -0.2235897673463776 0.1
v 3.7096039201693793 0.28629667017031357 0.1
v 3.786178393384138 -1.1013712557765618 0.1
v 5.164782412463797 -0.19324778143487564 0.1
l 2121 2122 2123 2124 2125
v -5.728110640298135 14.910367702371728 0.1
v -6.416282127010102 13.704431012392684 0.1
v -6.677089965409971 13.733212363227407 0.1
v -6.285316544565411 13.82209498193109 0.1
v -6.511143914027047 14.784100007958013 0.1
l 2126 2127 2128 2129 2130
v -3.3868521360310266 -10.869584463273247 0.1
v -3.244395469494475 -9.53205318676879 0.1
v -3.635075246215079 -10.047593773530153 0.1
v -3.2258765678869428 -9.276140863554998 0.1
v -3.5682851287706177 -10.054715348691303 0.1
l 2131 2132 2133 2134 2135
v -3.7504796804326026 2.6901488602653325 0.1
v -3.3792574517185234 2.6921015894487086 0.1
v -2.9443555493043982 2.3553841525997234 0.1
v -2.467662715268582 2.7134107644340526 0.1
v -3.345546920194897 2.748347986939957 0.1
l 2136 2137 2138 2139 2140
v -12.014787298282718 12.363113025654986 0.1
v -10.906008870515532 10.688438313234794 0.1
v -10.688406796647197 11.815123031867966 0.1
v -10.506422698452061 12.348166924194407 0.1
v -10.373269070018594 11.4476435788117 0.1
l 2141 2142 2143 2144 2145
v 11.931427872818192 -7.118934273215483 0.1
v 13.073725975251078 -7.3120876400189045 0.1
v 12.728558674634577 -7.4361477872838515 0.1
v 12.843244624615009 -7.387595926317477 0.1
v 13.021078342601882 -7.560246417060308 0.1
l 2146 2147 2148 2149 2150
v -3.6319301322191038 9.909757134799799 0.1
v -4.772047101734714 10.384650180093335 0.1
v -2.9466493994128706 11.651432029792705 0.1
v -4.5566638046894905 10.79915978757206 0.1
v -3.829989661792937 10.141301404640917 0.1
l 2151 2152 2153 2154 2155
v -1.8697017245396037 -5.519132724728163 0.1
v -3.397792974626973 -4.977124325162667 0.1
v -1.9179924883971036 -6.002611265633528 0.1
v -2.8163661278308507 -5.403130865464609 0.1
v -2.54866592270269 -5.761194149707678 0.1
l 2156 2157 2158 2159 2160
v -9.325825114989637 12.074275309898239 0.1
v -8.94247936238653 10.642910971979285 0.1
v -8.330080032169748 10.464903779774835 0.1
v -9.245485671998665 10.570699647773578 0.1
v -8.916832950761155 11.765955956637757 0.1
l 2161 2162 2163 2164 2165
v -11.666384420286953 -9.566572806833188 0.1
v -11.52158109124774 -10.114678808118317 0.1
v -12.78879316213097 -9.356221355289508 0.1
v -11.320139621775565 -9.346267982001718 0.1
v -12.704347674187416 -8.864837137270099 0.1
l 2166 2167 2168 2169 2170
v -13.87912276123923 -7.928794377285547 0.1
v -14.84559583441768 -7.64896482991279 0.1
v -14.38471047670706 -8.615671292649953 0.1
v -14.479562988167208 -7.312506378500182 0.1
v -14.649376968754131 -8.831297837774933 0.1
l 2171 2172 2173 2174 2175
v -12.608975111860614 12.523847298431987 0.1
v -13.039471470490103 12.033133089755971 0.1
v -12.49658350032193 13.238359394995006 0.1
v -14.429914232429788 12.54120168751318 0.1
v -12.571325149240453 13.825108162057564 0.1
l 2176 2177 2178 2179 2180
v -6.648411076213042 8.335039317504226 0.1
v -6.665105403831268 6.930125414147191 0.1
v -5.38749637714418 6.788615867329467 0.1
v -7.051552532745691 7.528145716129415 0.1
v -5.93846349281406 7.028396981627589 0.1
l 2181 2182 2183 2184 2185
v 8.31633135752901 -3.2858232065351327 0.1
v 8.473578890244331 -2.9834380058395524 0.1
v 8.663389652962744 -2.7854942048641504 0.1
v 9.822413777175738 -2.3534941283504525 0.1
v 8.293243560731325 -2.7284164056389013 0.1
l 2186 2187 2188 2189 2190
v -3.351687027040367 10.515440409708372 0.1
v -3.245042737064007 10.38580172748922 0.1
v -2.0985638863934977 10.306176316991722 0.1
v -3.069130975943687 9.754414887432684 0.1
v -2.1008774698505395 10.06396877879875 0.1
l 2191 2192 2193 2194 2195
v -4.494995288609431 12.513840728252877 0.1
v -4.791364891347385 11.415486412434563 0.1
v -3.474950534115628 12.724199914288224 0.1
v -3.423513870165303 12.634920184684596 0.1
v -4.503709955061735 11.009714773176675 0.1
l 2196 2197 2198 2199 2200
v -3.691003583836273 1.9724760630387428 0.1
v -2.3272262914935498 1.8624510621993 0.1
v -2.7614566717999494 1.5672691151232838 0.1
v -3.283602998531913 2.454698301665317 0.1
v -3.4460229701854717 1.179010984926398 0.1
l 2201 2202 2203 2204 2205
v -12.15643343027006 -9.228161719096889 0.1
v -13.121194119211584 -9.861919672014256 0.1
v -11.442818392259676 -8.76675644910522 0.1
v -12.25815296999728 -9.787706257490028 0.1
v -13.400598412243797 -9.891897941017312 0.1
l 2206 2207 2208 2209 2210
v -7.573893104140261 11.50597144171187 0.1
v -7.410881817323732 12.493351439634916 0.1
v -7.314538297246603 10.978780382156827 0.1
v -7.7480196460856385 12.139663903113263 0.1
v -7.547853123882666 12.332918267972575 0.1
l 2211 2212 2213 2214 2215
v 14.349663993852324 6.382469235627938 0.1
v 14.107104474888919 5.592644527353746 0.1
v 13.87158024328805 5.45554443291584 0.1
v 14.281523465600253 6.176481073157991 0.1
v 13.74414457619897 7.203797131468754 0.1
l 2216 2217 2218 2219 2220
v 9.08613897772459 -5.508475392615404 0.1
v 9.685116340521661 -6.491550536003109 0.1
v 8.516339673078438 -6.5737320304554245 0.1
v 9.040587113687211 -6.938356300465784 0.1
v 9.070280098889516 -6.117786581691476 0.1
l 2221 2222 2223 2224 2225
v 11.59056861951138 -12.965943390494644 0.1
v 11.34985267028411 -12.319565778534498 0.1
v 11.785929841594186 -14.037182490836155 0.1
v 10.212849359527628 -12.649268088636004 0.1
v 11.82511849352297 -13.78113575357275 0.1
l 2226 2227 2228 2229 2230
v 13.169665995988753 -11.349976846510087 0.1
v 13.34216444014083 -10.934710588012708 0.1
v 14.72412424697506 -10.48030722101292 0.1
v 14.769436270353053 -11.70523260125744 0.1
v 14.742552628223775 -11.689989550445596 0.1
l 2231 2232 2233 2234 2235
v -7.546523704365561 8.651512209413877 0.1
v -7.622753838333891 8.543549397535498 0.1
v -8.015531889932273 8.970734893425199 0.1
v -8.592722923118082 8.886821484236723 0.1
v -7.42634506222298 8.833441305329975 0.1
l 2236 2237 2238 2239 2240
v 1.2101153790998909 8.334234314867007 0.1
v 2.7082698465104382 7.61949176906692 0.1
v 1.600965606299789 7.318509762347959 0.1
v 2.3552091254721184 8.350253873638708 0.1
v 1.6878978203552342 7.1262381855834755 0.1
l 2241 2242 2243 2244 2245
v -4.632492278434417 8.96879045547091 0.1
v -4.025451617535083 8.398565772359929 0.1
v -3.714042986952064 8.547555062209417 0.1
v -3.2068834150262777 9.793745549787225 0.1
v -5.007499486293536 8.693408043023156 0.1
l 2246 2247 2248 2249 2250
v -8.006038696765533 12.096465286785907 0.1
v -8.38590379865661 12.483165609715716 0.1
v -6.63240105265111 11.819911040713617 0.1
v -8.30261848875362 11.215051244834857 0.1
v -7.312243891907638 10.965635282957589 0.1
l 2251 2252 2253 2254 2255
v -3.334511094250927 0.8399961562734899 0.1
v -1.9286481659145485 1.3510704120985098 0.1
v -1.7413437892098853 0.3836740104043297 0.1
v -3.0770072100891417 0.19558914490488433 0.1
v -2.2535359082560777 1.6558767336949667 0.1
l 2256 2257 2258 2259 2260
v -11.20895219074349 14.261964602223578 0.1
v -10.74721052797885 13.907507728001008 0.1
v -10.03180985688529 14.162872714829884 0.1
v -9.415271236603997 13.672202226171251 0.1
v -11.202686574467482 13.815473436274221 0.1
l 2261 2262 2263 2264 2265
v -4.192308457513254 7.2761928787963805 0.1
v -4.912307209139304 6.280938997199165 0.1
v -5.050085646395737 6.49226868427861 0.1
v -5.3161890610020945 7.2218208972412015 0.1
v -3.659679187442352 7.06298040439281 0.1
l 2266 2267 2268 2269 2270
v 5.726099801243665 -7.035463310249404 0.1
v 6.38278588825949 -6.5890841513272775 0.1
v 5.295312832344089 -6.56895885064565 0.1
v 6.8591535339986125 -8.045473470218724 0.1
v 5.400435784359533 -6.781441172286221 0.1
l 2271 2272 2273 2274 2275
v -5.086409272290235 12.264578271705005 0.1
v -5.02165456661134 13.230044777707175 0.1
v -5.8688598103868115 13.455569540907305 0.1
v -6.0886126763117225 13.420923617857348 0.1
v -5.447656755773178 12.14507863831531 0.1
l 2276 2277 2278 2279 2280
v 3.107766788470591 12.059448538221574 0.1
v 3.030482140444156 12.212327260794991 0.1
v 4.119110015082589 12.898687633348887 0.1
v 4.60267081548672 13.239673546277697 0.1
v 3.143593467444296 12.802262316172014 0.1
l 2281 2282 2283 2284 2285
v 10.809845758207347 7.698592711817909 0.1
v 9.280936906332224 7.0515352226209815 0.1
v 10.383740452468164 6.940373591916723 0.1
v 11.18190659340113 6.963578416795282 0.1
v 9.64248940375191 6.3248418719751305 0.1
l 2286 2287 2288 2289 2290
v 5.652987487583825 -0.041014314911271166 0.1
v 7.038449487852377 -1.4925015464746485 0.1
v 6.366313439925021 -0.943926194444735 0.1
v 7.200863237616266 -0.08980283342737927 0.1
v 7.231194835709761 -1.4318075450564558 0.1
l 2291 2292 2293 2294 2295
v 10.109497554716723 -0.42888952502567834 0.1
v 10.112024359625776 0.7047869887048961 0.1
v 9.314856036330173 -0.7145959220255031 0.1
v 10.320230485214292 -0.4107692307476043 0.1
v 10.27585061303785 -0.5289644142015222 0.1
l 2296 2297 2298 2299 2300
v 11.685338832588673 -8.968191118558623 0.1
v 12.888010127416038 -8.23151331521823 0.1
v 12.060278857845846 -8.505338420574637 0.1
v 10.955746295628225 -10.021442677430276 0.1
v 12.397273648356922 -10.030489653345386 0.1
l 2301 2302 2303 2304 2305
v -7.725268745835729 -2.334971709572552 0.1
v -9.023326935299725 -1.5994841709705956 0.1
v -7.512130902941291 -1.3307594896193649 0.1
v -8.840631277313502 -1.3975954309039518 0.1
v -8.564225730928467 -2.147338887577078 0.1
l 2306 2307 2308 2309 2310
v 13.211513115994386 -12.657343886175223 0.1
v 13.660858359331087 -12.33773932445637 0.1
v 12.300619202168384 -13.100716579370637 0.1
v 13.984144514030723 -11.22825090884342 0.1
v 14.147365506529038 -12.33446901267999 0.1
l 2311 2312 2313 2314 2315
v -11.861923748022118 9.898729238732422 0.1
v -11.929727490031244 9.703289874834773 0.1
v -11.373507898984522 10.447005719257424 0.1
v -11.310624520689938 11.121830348774644 0.1
v -12.915865405367457 11.155351178939329 0.1
l 2316 2317 2318 2319 2320
v 12.513136429134676 -6.175535888054876 0.1
v 12.290421856885207 -6.376780465500165 0.1
v 12.429203187689225 -7.98959976328997 0.1
v 13.213841189891964 -6.24052182676156 0.1
v 12.152315814375605 -7.331688816500194 0.1
l 2321 2322 2323 2324 2325
v -10.668376309602492 -14.303875328345141 0.1
v -9.269898128505499 -14.49878088460365 0.1
v -10.58773408861106 -15.047059949482636 0.1
v -9.883813796201174 -14.983876939230775 0.1
v -9.85365112129374 -14.367920656020951 0.1
l 2326 2327 2328 2329 2330
v -10.72946589305485 8.004254391432058 0.1
v -9.755740646633004 8.385698823996568 0.1
v -10.606685923657217 7.484865463681231 0.1
v -10.785535762906619 7.751058281473959 0.1
v -9.954553189322853 6.926579593066441 0.1
l 2331 2332 2333 2334 2335
v 8.200686058379734 11.72763841242293 0.1
v 9.751289226222108 12.990052384771877 0.1
v 9.583637614071002 12.774248750775817 0.1
v 9.187234294049587 11.338013826732583 0.1
v 9.087716288928325 11.64525631068467 0.1
l 2336 2337 2338 2339 2340
v -12.156575580178329 -5.27324517038841 0.1
v -11.159695311851747 -5.443270115356706 0.1
v -11.758406064143418 -5.948166829353114 0.1
v -11.074491825701964 -5.827564381813483 0.1
v -11.937039743303297 -5.399483824446038 0.1
l 2341 2342 2343 2344 2345
v -10.948903186880107 15.428741532380805 0.1
v -10.239775036929611 14.67876346282539 0.1
v -10.510273673496053 15.466954706701722 0.1
v -10.268073275704872 14.078198334289045 0.1
v -9.902478061948564 14.110823385548288 0.1
l 2346 2347 2348 2349 2350
v -11.405183013184205 3.022018605742713 0.1
v -10.8988751832867 2.237524488107596 0.1
v -12.144344851681833 2.665804719508328 0.1
v -11.30091751589351 3.416244396730048 0.1
v -11.48859831939383 3.5122990859358847 0.1
l 2351 2352 2353 2354 2355
v 12.96015259695983 7.888205774200527 0.1
v 13.120137400294762 7.940512167389301 0.1
v 12.486090131209613 7.64183780061177 0.1
v 11.742060948265713 9.171986056692408 0.1
v 12.316343373016768 8.43931786842143 0.1
l 2356 2357 2358 2359 2360
v -4.347924672076169 10.604997035636433 0.1
v -4.2594367156605655 9.687880505950675 0.1
v -3.7916389276776084 10.209452981776938 0.1
v -2.6490042668630442 10.799902222316591 0.1
v -3.6072249249962924 9.506649303426572 0.1
l 2361 2362 2363 2364 2365
v -1.4648743210283637 -7.483977207683057 0.1
v -2.949200550955485 -7.446940864374183 0.1
v -2.616852345035153 -8.732558276983198 0.1
v -3.1620296240426047 -7.994362506403455 0.1
v -2.519261616953564 -8.300045340245259 0.1
l 2366 2367 2368 2369 2370
v 5.177823370087497 6.889234286745336 0.1
v 3.9594248753133376 8.208841882603952 0.1
v 4.043171771459644 7.640256881385384 0.1
v 3.86427032070643 7.748404995216274 0.1
v 4.524518975149375 7.383659611874727 0.1
l 2371 2372 2373 2374 2375
v 9.549149154579423 6.272067694565178 0.1
v 10.842280298383251 5.07093177974478 0.1
v 9.953859046068242 5.95877167717987 0.1
v 9.254352924899932 5.210509265274594 0.1
v 10.57114519696876 6.331850751376791 0.1
l 2376 2377 2378 2379 2380
v -4.295918886503692 11.366299663890487 0.1
v -3.8692689729955925 10.93072582686411 0.1
v -2.8974435417170934 10.9220091785623 0.1
v -3.0984921921823094 10.059698015751968 0.1
v -4.590845134299626 10.518350229083515 0.1
l 2381 2382 2383 2384 2385
v 9.746909814877748 -0.019291167479450255 0.1
v 7.888144995981891 0.37861142754501387 0.1
v 8.131952475994703 -0.4148717029323794 0.1
v 9.368858915863697 -0.2747733655394091 0.1
v 9.627965109557515 0.1064380357567789 0.1
l 2386 2387 2388 2389 2390
v -0.3460949819464698 -7.470570291219315 0.1
v 0.23838380658938574 -7.9531538717338135 0.1
v -0.5391832756644614 -6.5590560582395 0.1
v -1.0716713825469584 -7.048022187225847 0.1
v 0.47917295082237565 -7.819962318604218 0.1
l 2391 2392 2393 2394 2395
v 3.595289210615796 -4.649478122097088 0.1
v 3.0258226723534483 -3.099967408517729 0.1
v 4.071650747173663 -4.19452384831056 0.1
v 2.714137672581019 -4.764341084799514 0.1
v 3.4734117976744443 -3.4774865117932916 0.1
l 2396 2397 2398 2399 2400
v 0.2698128483162614 -8.87533878056499 0.1
v 0.2816134455043018 -9.670136268777496 0.1
v 0.22163713308614352 -9.182943452971045 0.1
v 0.4590280878405526 -10.113315580702983 0.1
v 1.1575191193979828 -9.856087520680394 0.1
l 2401 2402 2403 2404 2405
v 8.848758022390252 -0.7786084342286403 0.1
v 10.24279903089726 -0.6476932333723677 0.1
v 9.30004846756185 -1.125087456091724 0.1
v 10.314477621163771 -0.9945417851822949 0.1
v 9.75337498124782 -0.24674263939793417 0.1
l 2406 2407 2408 2409 2410
v -8.413707696609743 7.3964239804647685 0.1
v -8.507520841099431 8.300625522778471 0.1
v -9.373192998077318 9.08222002407365 0.1
v -9.896448089766825 7.867149894485567 0.1
v -9.278329820401616 8.045582826958137 0.1
l 2411 2412 2413 2414 2415
v -14.765751215009205 -0.29832723932935235 0.1
v -14.12318157411648 -0.028436965807076886 0.1
v -14.55848349504247 -1.2209399732649524 0.1
v -14.329164784378738 0.14672640917633784 0.1
v -14.49245426403093 -0.06055794082589627 0.1
l 2416 2417 2418 2419 2420
v -8.765166574549971 -15.53211104531567 0.1
v -8.329308456166467 -14.26108143149742 0.1
v -7.752584622941207 -15.582687853529743 0.1
v -8.290920996665182 -14.312581091157622 0.1
v -8.62618124070843 -15.642654847318449 0.1
l 2421 2422 2423 2424 2425
v 11.740379235827252 -11.824464178100875 0.1
v 11.718676403819114 -12.763535690451398 0.1
v 11.149431615131014 -11.077325654433725 0.1
v 11.83533536543968 -12.33286021010046 0.1
v 10.85202378482718 -12.271038631444497 0.1
l 2426 2427 2428 2429 2430
v 6.451431478445798 3.34115590938113 0.1
v 7.490123623071659 1.9435963170284578 0.1
v 6.568931789846948 2.2380589298636373 0.1
v 7.420872267886826 2.7353976828052056 0.1
v 7.860855500205134 2.4171545025028047 0.1
l 2431 2432 2433 2434 2435
v -13.530522850532192 -7.967627106633126 0.1
v -13.037843492486314 -8.176888542382656 0.1
v -12.829881873391729 -9.01734464152864 0.1
v -13.20933199564104 -9.009997152071339 0.1
v -14.033138945244769 -8.761417619037687 0.1
l 2436 2437 2438 2439 2440
v -13.549719515930256 13.282291098559835 0.1
v -14.309874488014836 14.053438605599814 0.1
v -12.74204603064647 12.412735081923609 0.1
v -12.998810177941834 13.63722568984374 0.1
v -12.934870918302757 12.601448977772275 0.1
l 2441 2442 2443 2444 2445
v 4.242546229260743 -13.249459930437734 0.1
v 3.0373741841729247 -11.963600772994525 0.1
v 2.8475183800150905 -12.367031254567701 0.1
v 2.5903555737693456 -13.679533543434292 0.1
v 3.9077995527509755 -12.122582131869919 0.1
l 2446 2447 2448 2449 2450
v -0.281224064661314 -11.51099518035887 0.1
v -0.023463972561934776 -12.653719500224561 0.1
v 0.3926673542878496 -11.113027807058867 0.1
v -1.5283921753271903 -12.244876574361424 0.1
v -1.028880926476045 -10.981789321167508 0.1
l 2451 2452 2453 2454 2455
v 1.644455347667121 -6.674590677929163 0.1
v 1.1186821122208261 -7.74130632631654 0.1
v -0.22969234982940367 -7.052652484792467 0.1
v 1.4022141229026737 -6.727437938726821 0.1
v 0.567141718142153 -7.468818462918499 0.1
l 2456 2457 2458 2459 2460
v 5.459551368325739 8.57734662396464 0.1
v 5.554913375673442 8.485422917237834 0.1
v 6.437483782251905 8.713352647710076 0.1
v 4.551631088942674 8.475553747911299 0.1
v 5.425452854064003 8.597901556989312 0.1
l 2461 2462 2463 2464 2465
v 15.025482130025372 1.5973255768865497 0.1
v 13.488374381642021 1.7529395594530375 0.1
v 14.397564643534654 2.345515049959821 0.1
v 14.080544761838691 2.692904747346251 0.1
v 14.212510759612693 0.7159075081523585 0.1
l 2466 2467 2468 2469 2470
v 2.7720356689106342 1.6086599024525483 0.1
v 1.8310209555039703 0.3817112399296334 0.1
v 3.3306307953379966 1.8418464859556734 0.1
v 2.9725706900493982 1.3913793766479268 0.1
v 2.301542061962991 0.4524179406904849 0.1
l 2471 2472 2473 2474 2475
v 8.070786798578169 2.1848470463364222 0.1
v 6.851770561835988 2.9674172416266535 0.1
v 7.092068291561448 3.5951316634711787 0.1
v 8.678622354072772 3.533667447650771 0.1
v 7.381430877794791 3.4805369270739677 0.1
l 2476 2477 2478 2479 2480
v -7.967886573142732 -12.398317337575016 0.1
v -9.396580234172328 -12.461579951857722 0.1
v -9.140553396018078 -12.633704268607817 0.1
v -8.809990092076532 -13.101441234870553 0.1
v -9.148618991602202 -12.649448308930554 0.1
l 2481 2482 2483 2484 2485
v 7.717930444958599 7.986170266435817 0.1
v 7.5264013781677646 8.636545184054944 0.1
v 7.3423062885121455 9.123025604945893 0.1
v 7.089746446188117 7.691474860058555 0.1
v 6.799144613452913 9.31003627894258 0.1
l 2486 2487 2488 2489 2490
v -1.4711690059546823 -13.366571415644595 0.1
v -2.5052448352459598 -14.142323187724998 0.1
v -2.749690346659386 -13.911755650608583 0.1
v -2.2109799157297925 -14.447819655575376 0.1
v -2.8429132578041676 -13.744838746467323 0.1
l 2491 2492 2493 2494 2495
v 2.7755097735632392 -4.234370040562811 0.1
v 3.117170306966612 -4.016783424628288 0.1
v 3.6465241173562286 -2.820682372477804 0.1
v 3.4575831741098417 -3.378071072374314 0.1
v 4.008801581382978 -3.0104252562716303 0.1
l 2496 2497 2498 2499 2500
v 4.918276284165993 6.685444396104878 0.1
v 4.490178494192522 6.403480406997044 0.1
v 4.660222447028824 7.99612909287129 0.1
v 4.598212584410189 6.346610989975776 0.1
v 4.0155596718002915 6.724877251344138 0.1
l 2501 2502 2503 2504 2505
v 1.4933190902351468 -2.5587864856869516 0.1
v 2.5857632905561645 -2.9683894706114966 0.1
v 1.1528687088012368 -1.8473040405940893 0.1
v 1.3397316957020295 -2.73950907325502 0.1
v 1.182146267996525 -3.584787091638975 0.1
l 2506 2507 2508 2509 2510
v -12.893207722995111 4.967878632498325 0.1
v -11.585448965807174 3.808590822471487 0.1
v -12.10182111248297 4.416091864766345 0.1
v -13.058904625727067 4.721914300298119 0.1
v -12.635702567456402 5.202730513549504 0.1
l 2511 2512 2513 2514 2515
v 10.102430086077307 2.9268703551302044 0.1
v 9.761451242807503 3.4439588480134367 0.1
v 10.418096361168278 2.858853082880784 0.1
v 8.828258735547417 3.7407168738574175 0.1
v 10.33237210720119 2.871740533157336 0.1
l 2516 2517 2518 2519 2520
v 8.88599400770186 -14.324722236672056 0.1
v 7.695805518658396 -15.721067074905816 0.1
v 8.217316593114385 -15.012208332132879 0.1
v 8.485857523772149 -14.34557599523917 0.1
v 7.993457180783546 -15.817088090813964 0.1
l 2521 2522 2523 2524 2525
v 1.7004928667489667 12.827761134376384 0.1
v 1.6319614551123194 13.702165986243184 0.1
v 1.4366074767444021 12.324104381679394 0.1
v 1.5395536507164915 12.324505278088168 0.1
v 0.82739011709192 11.930400685861796 0.1
l 2526 2527 2528 2529 2530
v 0.8519716483088191 12.153566475839842 0.1
v 0.5014911295576587 10.905123472093194 0.1
v 1.0908305563604637 10.779362062139116 0.1
v -0.0713404978895491 10.695071084590001 0.1
v 0.8478306503882163 10.258466617086691 0.1
l 2531 2532 2533 2534 2535
v -5.791036322177949 -10.051041500196227 0.1
v -6.5901780176303735 -10.351730582138087 0.1
v -7.05844311226328 -10.240758414273456 0.1
v -7.251490777647054 -9.256411533375214 0.1
v -7.666453124745107 -10.599130394530851 0.1
l 2536 2537 2538 2539 2540
v -8.265401831230701 -4.619961878540208 0.1
v -7.997855990033815 -4.336611013217367 0.1
v -8.103631032941681 -4.356930106853993 0.1
v -8.423183991702274 -4.983406444469045 0.1
v -8.066880913079881 -5.329374088732003 0.1
l 2541 2542 2543 2544 2545
v 15.036078741198738 12.233816565147348 0.1
v 14.44912562229062 10.466013550187325 0.1
v 13.788593772948019 12.08588267435452 0.1
v 15.467617785789406 12.065257363483989 0.1
v 15.514192181788886 10.884053467356653 0.1
l 2546 2547 2548 2549 2550
v 8.200733300391246 -0.9794720886420369 0.1
v 8.971786265813968 -0.06315747518450232 0.1
v 9.046576692845136 -0.28394922052995786 0.1
v 9.584694515096464 -1.0249604331518494 0.1
v 8.998103770182174 0.035678744002366924 0.1
l 2551 2552 2553 2554 2555
v 1.4062418827463274 0.05359911106624993 0.1
v 1.8410427122176545 0.4421327945627904 0.1
v 0.6905016734099647 1.2088153039732321 0.1
v 0.9935441952397641 1.6095754088567922 0.1
v 0.3985932126097502 1.637574740356985 0.1
l 2556 2557 2558 2559 2560
v 15.552526407655472 -8.791628691202096 0.1
v 13.863419524237692 -8.797219143845636 0.1
v 14.972172835809195 -9.07070118313548 0.1
v 14.159128728146593 -8.54946657557232 0.1
v 13.874618628747099 -8.631743288694876 0.1
l 2561 2562 2563 2564 2565
v 0.7569766562469933 -8.460359698555736 0.1
v 0.8427144807410261 -8.143635454413154 0.1
v 1.231295923918346 -7.359133874049918 0.1
v -0.007764247872594332 -7.953354455856156 0.1
v 1.0209224872946676 -7.791060011156226 0.1
l 2566 2567 2568 2569 2570
v -2.9213802122800105 2.1043188896188054 0.1
v -2.9383286333636507 2.994390620503806 0.1
v -3.0032682224041007 1.5395024620266289 0.1
v -3.1373743341669584 1.683368317447674 0.1
v -2.5075993635064338 1.197339445770812 0.1
l 2571 2572 2573 2574 2575
v 2.090800413520439 3.66742201757644 0.1
v 0.7467191826994062 4.676198595403435 0.1
v 0.6721301202562555 4.911415396666783 0.1
v 0.7763606739887281 3.169269364629229 0.1
v 1.6813843066176004 4.711976433325808 0.1
l 2576 2577 2578 2579 2580
v 7.413353456326869 7.779731629993336 0.1
v 7.0535040521258 7.836142299492745 0.1
v 8.545497272606145 8.230125359669106 0.1
v 6.951950133396729 9.61645933931099 0.1
v 8.079007741241645 8.20539192728896 0.1
l 2581 2582 2583 2584 2585
