# Cyvl Generated CAD Model
o Street_Mesh
v 2.297104357392527 -0.30508111603558064 0.0
v -12.028180358931422 -1.554615318775177 0.0
v 6.295918432646431 9.30765463784337 0.0
v -10.74515056371456 -12.3659971607849 0.0
v 2.1549625233747065 4.8970473958179355 0.0
v 0.12471417110646144 3.8016968304291368 0.0
v -4.385006343014538 -12.212655821815133 0.0
v -1.6901506587746553 9.33887841179967 0.0
v 3.261217108578421 0.5270172385498881 0.0
v 7.438744250335731 -8.092374958097935 0.0
v -6.607342754025012 1.6542128203436732 0.0
v -14.626022175478283 -11.476718647405505 0.0
v 14.481199994392227 3.4862646283581853 0.0
v 13.290574646263849 -5.631561743095517 0.0
v 14.44459224928869 -9.72508342564106 0.0
v 9.843552787497174 13.314684086479247 0.0
v 10.009328537853435 -7.27023876644671 0.0
v -11.805628025671467 -12.12591368984431 0.0
v 1.0321630305261351 11.04529547598213 0.0
v -7.196432625001762 -1.127877158112824 0.0
v 8.062622721947264 12.585116154514253 0.0
v 12.170980802678969 -7.2937234826385975 0.0
v 10.272453907586168 8.796218917705119 0.0
v -3.9360206852434203 8.478509011678398 0.0
v -13.916942865413148 -1.1900982866063714 0.0
v -7.103844452009071 9.599517009221017 0.0
v -8.366007317963522 7.115705435164273 0.0
v 0.2065812471555546 -6.984730243682861 0.0
v -6.144986419822089 -7.359487526118755 0.0
v 12.650093441072386 -14.612161200493574 0.0
v -0.4356741171213798 4.650304154492915 0.0
v -10.947924076055642 13.632278396748006 0.0
v -11.122887292527594 2.18115040846169 0.0
v 7.5418415470048785 -12.851902433671057 0.0
v -0.6099846338038333 3.0303533915430307 0.0
v -13.40786677703727 0.3274210439994931 0.0
v -1.0453923321329057 8.851368764415383 0.0
v 0.45176238054409623 6.115119671449065 0.0
v -4.5941050493274815 -12.058171926997602 0.0
v -0.7144016769598238 -12.639356962405145 0.0
v -11.504967966175172 -8.237886806949973 0.0
v 5.93306823464809 -1.9076134292408824 0.0
v 14.518773208837956 1.3931092359125614 0.0
v -11.96330847038189 4.476823612116277 0.0
v 7.834980214072857 -11.1059087831527 0.0
v -5.775191404740326 -3.605208555236459 0.0
v -13.775133635033853 9.240190997719765 0.0
v -14.731045313121285 1.1798897199332714 0.0
v -5.963461773528252 -10.820677959360182 0.0
v 12.30400219548028 9.93480062391609 0.0
v 13.667631495045498 -11.820112231187522 0.0
v -8.218027999449987 8.140706848353148 0.0
v 3.2458354788832366 -3.8084022775292397 0.0
v 14.92718334752135 7.790470473468304 0.0
v -12.4186419264297 9.319738447666168 0.0
v 13.034077825897839 -3.160470187664032 0.0
v -3.4344286771374755 13.920705894008279 0.0
v 11.100898838718422 -13.39894462749362 0.0
v 11.647592215391342 1.7689630575478077 0.0
v 9.539635857800022 -6.4661024594679475 0.0
v 12.336259225441609 -14.782541080377996 0.0
v -0.13099343632347882 -8.056761550717056 0.0
v 9.475327322725207 7.302190984599292 0.0
v 9.340692770958412 -7.338496767915785 0.0
v -13.525132387469057 -11.159955327399075 0.0
v 1.6675428736489266 12.471618715673685 0.0
v -9.133252293220721 11.780657727271318 0.0
v 0.9324352393159643 -11.920453680679202 0.0
v -2.3820102585013956 5.2705965749919415 0.0
v 2.879743633675389 -1.7227886812761426 0.0
v 13.170794768433552 9.604556339792907 0.0
v -13.63346662861295 5.180689386092126 0.0
v -11.556385126837995 -14.635514584369957 0.0
v -11.930768421152607 2.3091887896880507 0.0
v -7.223390387371182 13.275837865658104 0.0
v 4.081065574311651 8.524949634447694 0.0
v -13.870010734419338 5.644719778560102 0.0
v -0.20418243994936347 -9.268131419084966 0.0
v -7.270662193070166 12.235805539414287 0.0
v -10.31044996791752 5.420254215598106 0.0
v -14.616611677629407 12.192945074290037 0.0
v -5.77158774115378 -1.053720586001873 0.0
v -13.272275437018834 -11.58017847314477 0.0
v -12.417877166066319 -2.149416877888143 0.0
v -13.468326466390863 -2.3588931979611516 0.0
v 1.070941542624496 11.568021235987544 0.0
v -4.528826618276071 -3.1482306718826294 0.0
v 7.215177641133778 -1.9348756913095713 0.0
v -1.8155208039097488 -11.600761141628027 0.0
v -11.352787462936249 2.3956192564219236 0.0
v -9.549775628140196 -13.761831938289106 0.0
v -9.779378391162027 1.8066165139898658 0.0
v 7.450559272139799 6.159879424609244 0.0
v 2.8732047945377417 -12.735644423402846 0.0
v -14.602012178569566 -5.059485657140613 0.0
v 14.127696429961361 3.0507125994190574 0.0
v -5.937934955174569 8.60537764430046 0.0
v -7.255134660110343 -12.061299884691834 0.0
v -12.756047053379007 1.9563081543892622 0.0
v -7.035966701048892 8.583929786458611 0.0
v -9.851691044401377 -13.876555661670864 0.0
v 9.548463592247572 -12.815514055080712 0.0
v -10.54417248093523 5.4915852807462215 0.0
v 14.144269839627668 8.852438348345459 0.0
v -2.1971124627743848 -2.7818606216460466 0.0
v 13.651777166000102 -8.878634181804955 0.0
v 0.9978821856784634 5.766970304772258 0.0
v 6.840511025860906 -9.970260088331997 0.0
v -3.479197780485265 2.6811784207820892 0.0
v 10.235012329823803 13.827572517096996 0.0
v 2.175411204691045 5.736271560192108 0.0
v -2.9432529099285603 11.501049206592143 0.0
v 14.938740273180883 14.283623497001827 0.0
v 7.5021483188611455 -2.9788861544802785 0.0
v 2.896535838022828 7.183701788075268 0.0
v 7.573049946746323 8.939397538080812 0.0
v 13.720898863684852 9.814158386550844 0.0
v -8.14928523619892 11.515743856318295 0.0
v 2.796206579427235 -11.402177627198398 0.0
v -13.785451436648145 -1.6400218782946467 0.0
v 2.523207104881294 2.298608122393489 0.0
v -5.067051221150905 0.7282599695026875 0.0
v 4.328922954970039 6.077948668040335 0.0
v -4.616059411433525 9.335322936996818 0.0
v -0.2579693155712448 5.3383615873754025 0.0
v -1.5200939585920423 -10.84914659615606 0.0
v -11.516429553215858 -0.49281066097319126 0.0
v -10.907734295295086 6.479439744725823 0.0
v 7.302464354143012 9.03150477912277 0.0
v 7.345979482226539 -6.8561650682240725 0.0
v -0.17601975350407884 9.809866962954402 0.0
v 14.935126170050353 5.841121738776565 0.0
v -3.2595283999689855 -13.556740081869066 0.0
v 1.0476526424172334 -12.305136223323643 0.0
v -5.764501780678984 -1.835485982708633 0.0
v 0.1950347569072619 -7.210180119611323 0.0
v -8.845108986250125 5.143455223180354 0.0
v -1.404860126262065 2.9163918122649193 0.0
v -12.122462154191453 1.8937184568494558 0.0
v -7.415600785112474 -1.4489449197426438 0.0
v -13.0127027843846 -7.263733085244894 0.0
v -6.949186308775097 -7.117659698240459 0.0
v -5.063723167288117 0.3170015197247267 0.0
v 5.526192721910775 6.585562870837748 0.0
v -1.958059009804856 11.947126602753997 0.0
v 12.132765830145217 12.417996895499527 0.0
v -0.7510940856882371 9.779690948314965 0.0
v 7.700285817554686 3.723423815332353 0.0
v -4.100801909575239 3.986968562938273 0.0
v 9.928225272742566 -4.954130413942039 0.0
v 10.706656456750352 3.3131063152104616 0.0
v 2.5293043268611655 -12.818360662087798 0.0
v 13.941254137491342 0.5102870464324951 0.0
v -13.119363207602873 12.783048752695322 0.0
v -5.849763558013365 6.200457381084561 0.0
v -2.024838507757522 -12.871197175234556 0.0
v -12.354283397493418 -5.268025351688266 0.0
v 1.3731364401755854 14.867519970983267 0.0
v -6.231949999812059 9.92961996793747 0.0
v 5.607053365733009 6.112755248323083 0.0
v -11.341487556986976 -14.240958100184798 0.0
v -14.121465468895622 -3.5939221661537886 0.0
v -5.300409863702953 -9.954595034942031 0.0
v -4.0028912058332935 5.14486828725785 0.0
v 7.556041674630251 7.957233662717044 0.0
v -0.8914415186154656 -8.35327524971217 0.0
v -12.74650696781464 0.22467130608856678 0.0
v 1.9273246820666827 -7.7469354048371315 0.0
v -3.3914634399698116 -3.0184571724385023 0.0
v 10.608713847177569 1.122297172434628 0.0
v -0.6166378305060789 4.841038107872009 0.0
v 2.978516519186087 -6.040305466391146 0.0
v 0.07187288452405483 -13.039749109186232 0.0
v 12.586235814844258 11.202431079931557 0.0
v 6.190088178671431 10.332479651086032 0.0
v 13.288485691475216 7.6218263721093535 0.0
v -5.0502862625871785 2.5632857345044613 0.0
v 0.014140311628580093 5.810810959897935 0.0
v 8.17379133432405 -4.180903861299157 0.0
v 5.4124290544423275 -4.686556252650917 0.0
v -1.0774926765006967 13.970967049710453 0.0
v 12.272587362094782 4.591965628787875 0.0
v 2.1309279100387357 11.168467856943607 0.0
v -7.62781862122938 -13.818295336328447 0.0
v 3.4626788402092643 -10.336018012836576 0.0
v -1.2576190166873857 2.347195480018854 0.0
v -3.7812203560606577 -14.496413972228765 0.0
v 5.7396363241714425 -8.605527237057686 0.0
v -5.124128059309442 8.975736699998379 0.0
v 1.8622008779202588 5.6308575896546245 0.0
v 3.218695364193991 12.403138210996985 0.0
v -5.974161542544607 -10.834893541410565 0.0
v 5.711824582191184 13.380737758241594 0.0
v 2.549449349171482 11.551061105914414 0.0
v -14.668854777351953 2.29731089156121 0.0
v 7.091785570606589 -5.8946123737841845 0.0
v -11.286336207820568 -7.9940954353660345 0.0
v -9.750959739030804 11.850313923321664 0.0
v -5.338393205660395 -10.878478633239865 0.0
v -3.6811094486620277 13.050416849553585 0.0
v -9.911386933817994 9.643560907803476 0.0
v -6.531352075864561 10.658926638774574 0.0
v 10.152608683507424 -14.490275163203478 0.0
v -0.9525847136974335 7.039844603277743 0.0
v -12.925107777235098 6.87916901987046 0.0
v 11.886304143466987 -12.328692860901356 0.0
v -11.666240793012548 -5.5638387510553 0.0
v 3.6429984021233395 9.413180388510227 0.0
v -1.4185074376873672 1.1765248430892825 0.0
v 9.361611859232653 -8.295646127313375 0.0
v 11.05084391037235 14.349099528044462 0.0
v -0.11113095830660313 2.0600081710144877 0.0
v 10.233867106959224 6.1638377700001 0.0
v 10.54849191167159 9.341901356354356 0.0
v 7.479772134043742 -11.797251319512725 0.0
v 7.243441992497537 5.127529128454626 0.0
v -7.976525825157296 6.260463680140674 0.0
v 4.976654770376626 -6.046547238714993 0.0
v 7.414714895247016 6.2576246075332165 0.0
v -14.69126609864179 -5.696844909340143 0.0
v 1.9342051032581367 7.023761892691255 0.0
v -11.993425998021848 -0.4023703373968601 0.0
v -4.665305170463398 -0.4309596950188279 0.0
v -1.6909846120979637 10.115637748502195 0.0
v 10.054501271923073 6.467840890400112 0.0
v -11.057119920908008 3.3767179725691676 0.0
v 9.245340273482725 13.586358224973083 0.0
v -4.538881588552613 3.614141896367073 0.0
v 13.673593774961773 -4.756882200948894 0.0
v -14.187676503497642 13.845357986167073 0.0
v 11.994111273670569 -5.0201765252277255 0.0
v 2.1415206790552475 11.95636382792145 0.0
v -13.187524219742045 -5.319803933613002 0.0
v 12.528453645703848 -6.598704325035214 0.0
v -1.6936505151097663 -13.708947706967592 0.0
v 4.525887302355841 7.615615341812372 0.0
v -3.3487371474620886 -12.725696105509996 0.0
v 14.326893264253158 -12.668784584850073 0.0
v -14.216780840826686 -14.271495436318219 0.0
v 5.586001012823544 11.997108369134367 0.0
v -13.867257805133704 -12.298512746579945 0.0
v 6.756600508932024 4.916289137676358 0.0
v -14.430326365691144 6.055379901081324 0.0
v -9.875415534886997 6.963918813504279 0.0
v -1.0291826773318462 1.6446643052622676 0.0
v 7.907776418549474 14.682266385294497 0.0
v 8.606325231841765 -14.98418443184346 0.0
v 8.201422181620728 -3.767195815220475 0.0
v -11.976623043010477 -7.031290955841541 0.0
v 6.453328905336093 3.245833263732493 0.0
v 6.584390073665418 3.8012037612497807 0.0
v 1.4837550888187252 -5.906245113350451 0.0
v 6.468690923124086 -5.767193894833326 0.0
v -9.505970678757876 -8.541525546461344 0.0
v 3.7650979799800552 10.197354002855718 0.0
v -12.885896666732151 9.007917785085738 0.0
v -13.372485359373968 11.50086687039584 0.0
v -11.35292521014344 9.438035406172276 0.0
v 6.011302683444228 11.171948940493166 0.0
v 5.60411104618106 13.192600185982883 0.0
v -14.5282121776836 -5.284978759475052 0.0
v 8.988776771526318 4.866565775126219 0.0
v -3.930680147546809 1.4778291508555412 0.0
v 13.814643899502698 3.303354083560407 0.0
v 9.192546521662734 -4.236644873395562 0.0
v 11.697478938905988 -2.0242348480969667 0.0
v -11.802651491540018 -7.232664838433266 0.0
v 4.242338697426021 1.8261492373421788 0.0
v -1.3410455382545479 -3.2361476849764585 0.0
v 4.95723449223442 -13.636475729756057 0.0
v 12.6097723171697 14.209516762755811 0.0
v -2.44360984954983 -1.8210569089278579 0.0
v 5.334407432063017 -9.694715362973511 0.0
v -13.020441326196305 12.107298063114285 0.0
v -9.032076256989967 4.0192833580076694 0.0
v 8.26759369292995 6.951187354512513 0.0
v 11.07567133102566 -1.7828419739380479 0.0
v -11.222963672480546 -7.352863577194512 0.0
v 13.799738815869205 -12.676143794320524 0.0
v 0.4778386819525622 7.436145924963057 0.0
v 13.77844503876986 10.829820863902569 0.0
v -8.006993820192292 7.5910435961559415 0.0
v 7.629793018102646 -7.211076207458973 0.0
v 7.485953075578436 -2.6063598124310374 0.0
v -9.510351108678151 5.844956559129059 0.0
v 5.8754366945941 -0.041147018782794476 0.0
v 7.4431788309593685 -13.100465044379234 0.0
v -7.417183733778074 -5.536108065396547 0.0
v -13.09588360908674 -1.3334403727203608 0.0
v 9.002391125366557 -12.356010315939784 0.0
v -14.264733414398506 -8.407982017844915 0.0
v 5.106452793756034 14.549113704822958 0.0
v -9.14231071586255 -12.161180128343403 0.0
v -10.62665773666231 -5.384842284023762 0.0
v 10.21744705090532 4.530594786629081 0.0
v 8.415902912733145 -5.976884430274367 0.0
v 0.43755697179585695 -1.8899197736755013 0.0
v -12.05754890566459 5.924841482192278 0.0
v 2.9315250329091214 6.272294767200947 0.0
v -14.112555003724992 -10.716344069689512 0.0
v -4.3945832049357705 8.986268260516226 0.0
v -1.7671375900972635 -10.005711127072573 0.0
v -4.434499114169739 7.973628096282482 0.0
v 10.941134786291514 -8.908980295062065 0.0
v -13.374225934559945 14.646563530899584 0.0
v -14.913982355967164 -12.437984102405608 0.0
v -7.697518509521615 -12.686579620465636 0.0
v -5.132342793047428 -0.7299261279404163 0.0
v 9.669709510053508 -0.629623506218195 0.0
v -11.396299827145413 2.8509057220071554 0.0
v -5.334636164596304 -9.917470896616578 0.0
v -0.4779414960066788 3.2627841997891665 0.0
v -8.183977055363357 9.983962502330542 0.0
v 14.94868464343017 -2.3673040475696325 0.0
v -8.139171646500472 -5.738869478926063 0.0
v -4.3397382806870155 -14.75074980314821 0.0
v 9.5081314019626 7.027565474621952 0.0
v -8.750437610084191 -7.063925205729902 0.0
v 5.351275684370194 -12.7102131806314 0.0
v 12.245262597047258 12.464557866565883 0.0
v 6.8511554803699255 13.757098188623786 0.0
v -0.031228272302541882 14.81331710331142 0.0
v -12.117032942303922 -14.346770228818059 0.0
v 5.1184249227517284 -9.854127012193203 0.0
v 5.958928285050206 14.207040410488844 0.0
v 10.813630958495196 -8.050531926564872 0.0
v -14.952771323965862 -13.59278982039541 0.0
v -10.834858711634297 -11.072145574726164 0.0
v 12.534742971183732 -0.5361959524452686 0.0
v -0.019791762111708522 -5.4224263820797205 0.0
v -12.882537680503447 -2.3679749267175794 0.0
v 14.710070258472115 14.589336063712835 0.0
v -9.597120388702024 -7.426564984954894 0.0
v 1.4682461633346975 4.164146536029875 0.0
v 3.1206234951969236 -2.9606774142012 0.0
v -12.539633221342228 -11.662689108401537 0.0
v -0.3867244785069488 -12.089892589487135 0.0
v -14.357508243701886 10.24537889007479 0.0
v 8.619803142501041 2.8539464939385653 0.0
v -4.712597015313804 -5.0681179305538535 0.0
v -3.7952874884358607 -1.5032233633100986 0.0
v -14.01865153334802 -7.199029362760484 0.0
v 14.066472077101935 5.516053941100836 0.0
v -7.406703356478829 -1.5319256037473679 0.0
v -12.270859057840426 6.811619648709893 0.0
v 3.602442924340721 9.034826807677746 0.0
v 2.315698193095159 -12.920603386126459 0.0
v 10.215495759795886 -0.3057088013738394 0.0
v 13.711540270014666 -0.5415039379149675 0.0
v 14.831078136863653 11.705903701484203 0.0
v 11.409824904578272 -7.567907655611634 0.0
v -5.90077332634246 -12.718051915057003 0.0
v -3.9215103244641796 12.179996103048325 0.0
v -8.96484370547114 -11.201008816249669 0.0
v 2.2006222177878954 -1.8916928274556994 0.0
v -5.904688946669921 -0.9609616305679083 0.0
v -11.873079164186493 6.987990541383624 0.0
v -12.673065436130855 -8.83245758805424 0.0
v 13.603201140707824 12.44570695515722 0.0
v 14.870563869248144 -6.378852929919958 0.0
v 13.948363845411222 -4.420408712700009 0.0
v 9.514669194468297 1.4729711078107357 0.0
v 3.8365688259946182 7.916599000804126 0.0
v -10.247895743697882 -8.849393552169204 0.0
v 7.001971108780708 -14.233536986634135 0.0
v -1.5823014361667447 13.93889740947634 0.0
v 4.102908156637568 -0.004789106547832489 0.0
v -13.690181878337171 2.220999746583402 0.0
v 0.266838104929775 -11.378607285209 0.0
v -0.9295192438876256 -5.752196497283876 0.0
v -9.993909625743981 6.7746995491907 0.0
v -5.579051816021092 14.774773518554866 0.0
v -11.703166929248255 -0.550874724984169 0.0
v 9.828292458376382 -14.18068474624306 0.0
v -13.110814333194867 -2.4726802445948124 0.0
v 7.939986742392648 -7.470574282109737 0.0
v -8.363379144924693 -4.440995045937598 0.0
v 0.7713444997207262 -8.761917114257812 0.0
v -8.173856805660762 4.987161066383123 0.0
v 2.340104376489762 -14.821206327527761 0.0
v 7.356867121823598 2.1805181866511703 0.0
v -3.563335822778754 3.0774353351444006 0.0
v -6.96884318429511 12.948263378813863 0.0
v -0.2579317356576212 -9.437048421241343 0.0
v -8.60170303657651 -7.374110233038664 0.0
v 4.84916723088827 13.017101065255702 0.0
v -6.298179329489358 -14.441251128911972 0.0
v 11.602817127131857 -6.562330454587936 0.0
v -5.312359570583794 6.907867951318622 0.0
v -7.095110743539408 10.730132366530597 0.0
v 13.613357932248618 -6.329194911755621 0.0
v -1.301175401546061 7.092310951091349 0.0
v 0.6451711863046512 -4.009651839733124 0.0
v -2.3286163846496493 -2.2203813632950187 0.0
v 13.562635860813316 11.796587316319346 0.0
v -0.3578090993105434 5.148755303584039 0.0
v -10.923586063319817 6.739726509898901 0.0
v 0.14883130276575685 -6.857811506837606 0.0
v -3.6561151735368185 -5.034499348141253 0.0
v 11.53697870473843 14.401621498167515 0.0
v 3.8755268331733532 9.587159402668476 0.0
v 2.57917909725802 -10.63491064030677 0.0
v 8.278116355766542 13.314000386744738 0.0
v 12.245691110438202 -7.976071733050048 0.0
v -5.768519416684285 7.161041235551238 0.0
v 2.3307660393766128 1.2652252744883299 0.0
v -4.506093539763242 13.825917177833617 0.0
v 3.1099583912291564 -3.085700391791761 0.0
v 5.687207238632254 6.981172035448253 0.0
v 2.1817328649340197 5.8613301534205675 0.0
v 4.828150961955544 2.4979542484506965 0.0
v 12.86036428011721 10.794447644613683 0.0
v 8.55928327323636 14.830635800026357 0.0
v -13.772423272719607 7.400574216619134 0.0
v -14.727421084884554 -3.5856915712356567 0.0
v -4.274034676607698 9.010558060370386 0.0
v -2.2443775830906816 0.7795543000102043 0.0
v -9.446749454829842 10.997223179787397 0.0
v -13.781206090003252 -11.928462649695575 0.0
v 4.996416106703691 -1.9520810395479202 0.0
v -6.996342186932452 -2.1066727796569467 0.0
v 5.046618800319266 -2.164024457335472 0.0
v 8.54414500365965 12.378054623492062 0.0
v -11.582560022477992 -2.887606297619641 0.0
v -0.42403840232873335 4.253960330970585 0.0
v 11.619441490271129 2.9244968984276056 0.0
v -6.019801800546702 -0.0717922355979681 0.0
v 2.840785385342315 -3.9186062840744853 0.0
v -12.123473120562267 -0.5726447133347392 0.0
v 1.8518891694839112 7.371478375978768 0.0
v 8.305717618495692 2.074198817834258 0.0
v -3.086731609189883 -2.662254372611642 0.0
v -10.28793301479891 -7.4490364119410515 0.0
v -9.093701704696286 -1.036936728283763 0.0
v -3.304581447446253 9.693486873060465 0.0
v -4.009638636431191 3.0928096482530236 0.0
v 13.26108307269169 6.443747505545616 0.0
v 4.599409448739607 1.3534122360870242 0.0
v -1.604725670767948 1.1611552340909839 0.0
v 8.634811993455514 4.849251446314156 0.0
v -11.006867940886877 6.06247001234442 0.0
v 4.241161259880755 -8.142531828023493 0.0
v 10.41714734339621 4.930414412170649 0.0
v 9.654090014111716 -13.5372767848894 0.0
v -14.062578751356341 -3.81810883898288 0.0
v -8.575581157812849 -11.690674702636898 0.0
v 12.120428646449 0.2413349747657776 0.0
v -7.134858245612122 4.521397473290563 0.0
v 0.533280506846495 -13.321865921840072 0.0
v 7.050391149241477 11.824947933666408 0.0
v -10.776264353480656 -3.1984172025695443 0.0
v 8.502307844115421 3.664910920895636 0.0
v -13.436737189709675 11.584740400314331 0.0
v 1.9829728462500498 -0.5572662698104978 0.0
v 12.111265252460726 0.8632356077432632 0.0
v -2.044211433152668 13.349539921618998 0.0
v -4.326086824585218 6.800026420503855 0.0
v -8.114891640318092 -13.477787128649652 0.0
v -7.742455655708909 8.088126752525568 0.0
v 13.980239655182231 0.8016007160767913 0.0
v -2.7411955614807084 11.606337463483214 0.0
v -6.91123138909461 4.132060365751386 0.0
v 12.187651329732034 6.206498788669705 0.0
v 9.714223848946858 0.3902385402470827 0.0
v 3.680309978313744 -7.342799088917673 0.0
v 7.959710354334675 -2.614158936776221 0.0
v -6.674340288969688 -11.994870289228857 0.0
v 2.1513026985921897 5.125805335119367 0.0
v 7.738574365503155 13.840278677642345 0.0
v -11.450227774563245 -14.3435562197119 0.0
v -0.1549517204402946 13.52598827611655 0.0
v -7.23962271749042 4.168229785747826 0.0
v -5.5130336685688235 13.555939093232155 0.0
v -1.4025289108394645 1.4218023717403412 0.0
v -3.875923483457882 12.500443615950644 0.0
v 5.403190506156534 3.1081131864339113 0.0
v -11.109804177831393 9.26078516151756 0.0
v 12.980043793388177 12.522883206605911 0.0
v -7.760667678550817 -12.687209150753915 0.0
v -8.749667219701223 13.946680773980916 0.0
v -2.1470351965981536 12.706654489971697 0.0
v -10.305250308359973 -2.327735500410199 0.0
v -4.1833653034991585 -8.293711855076253 0.0
v 13.481776176893618 1.9314663708209991 0.0
v 6.7313757406082 11.827744655311108 0.0
v -8.621307952911593 -11.842451241798699 0.0
v -7.2596759286825545 -11.277283167466521 0.0
v 5.881293724582065 -0.43798533733934164 0.0
v 3.0861937960144132 -14.593234145082533 0.0
v 7.976980314298999 9.836595803499222 0.0
v 4.076194486697204 -13.414416193030775 0.0
v 13.040950938418973 -9.582381194457412 0.0
v 14.081446783791762 2.054394328035414 0.0
v -10.617745050869416 5.689391450025141 0.0
v 5.66702236229321 -2.7639806177467108 0.0
v -9.37578475754708 10.956194214522839 0.0
v 7.4686324068461545 7.394760494120419 0.0
v -13.133706679393072 -4.263224941678345 0.0
v 5.0541274303686805 9.556817770004272 0.0
v -5.263248379633296 -5.665380461141467 0.0
v -1.0253961602575146 -12.718377179466188 0.0
v -9.710139574017376 -1.3102216450497508 0.0
v 14.38692263950361 4.06047794315964 0.0
v 14.29285472072661 -5.576860719360411 0.0
v 11.850658121460583 -8.326005863957107 0.0
v -0.5934899543062784 -14.083967856131494 0.0
v -9.888198937813286 14.839195508509874 0.0
v 8.246070368681103 5.211464386433363 0.0
v -8.082202761725057 5.68396314047277 0.0
v -5.27843172615394 6.688847958110273 0.0
v -9.941180605674163 9.03674073331058 0.0
v 14.984610850980971 -6.967811172828078 0.0
v 12.920309779350646 -7.018747616559267 0.0
v 5.9880097130080685 12.907181098125875 0.0
v -8.348462277208455 12.357496349141002 0.0
v 11.614225218305364 -11.822670376859605 0.0
v -14.784850055060815 13.15930171776563 0.0
v 7.053901214967482 13.34012782201171 0.0
v -13.658435223216657 9.594350915402174 0.0
v -12.897530017246027 -8.342786693945527 0.0
v 9.297754462400917 -5.48218038957566 0.0
v -2.811661215906497 -8.115997976623476 0.0
v -14.727803556830622 11.123546039685607 0.0
v -6.956597973767202 3.334604647010565 0.0
v -10.13619670283515 10.854329128749669 0.0
v 10.21743254485773 -0.6700983690097928 0.0
v -11.852352634537965 -8.778825179673731 0.0
v 4.539265149913263 1.0367856761440635 0.0
v 12.390259169682395 13.274286430329084 0.0
v 5.746126159559935 5.755696305073798 0.0
v 7.213753691466991 11.559545311145484 0.0
v 2.784063922939822 -10.860212059691548 0.0
v -10.731204271723982 11.261016715317965 0.0
v -7.7824858305975795 3.0917980019003153 0.0
v 10.885052248777356 13.306013207882643 0.0
v -11.379051099997014 11.876750479452312 0.0
v 10.76603039377369 10.648545001633465 0.0
v -14.078714126488194 11.562528863549232 0.0
v -13.302782129321713 14.448256283067167 0.0
v 9.947908616042696 5.171057460829616 0.0
v 7.320660351426341 1.107931362465024 0.0
v 8.071531887922902 2.9238096829503775 0.0
v -1.07900001690723 -6.506213371641934 0.0
v 6.852526968286838 13.830929551273584 0.0
v -5.812213513010647 5.210320644080639 0.0
v -10.08613604970742 -7.216638456098735 0.0
v 3.0559538968955167 0.3439946882426739 0.0
v 13.129149224725552 5.701488475315273 0.0
v 1.40801813401049 -2.019709398970008 0.0
v 9.501895002671517 -9.484565455466509 0.0
v -3.0598148507415317 -7.135021423920989 0.0
v 12.117580414167605 -6.168721986934543 0.0
v -14.000903171894606 -8.926510621793568 0.0
v 0.030753234634175897 -2.99464656971395 0.0
v -4.313784781785216 4.983174547553062 0.0
v 7.187033981201239 2.0700238393619657 0.0
v 9.80141814169474 3.113237300887704 0.0
v -2.7848726052907296 14.615364869125187 0.0
v -11.142930353991687 -5.164252690970898 0.0
v 2.0200075650936924 -6.155791430734098 0.0
v 7.840718153689522 -9.337595984339714 0.0
v 5.568643495091237 6.370248211547732 0.0
v 6.624540225195233 -13.243157537654042 0.0
v -14.2978751368355 -10.636218739673495 0.0
v 7.54439203714719 -8.669089753180742 0.0
v -5.230119124869816 0.3734868913888931 0.0
v -7.307802499155514 -9.503158393315971 0.0
v -1.9898543815943412 1.0411032978445292 0.0
v -2.8363843630068004 9.643563186749816 0.0
v -5.235685717896558 -7.14042283128947 0.0
v 1.9567738237674348 14.936978554353118 0.0
v 3.1433760320651345 3.5355737693607807 0.0
v -6.352605383202899 -13.946714508347213 0.0
v -8.999963079870213 -3.7434633215889335 0.0
v 1.3965095945168287 6.559821150265634 0.0
v 10.190895978885237 -0.2555563524365425 0.0
v 13.202498220314737 4.51403737347573 0.0
v -4.162475342745893 -14.451176325790584 0.0
v 14.614657262340188 -4.782593332231045 0.0
v 14.609918941685464 8.370452098548412 0.0
v -9.276878604025114 -4.018402229063213 0.0
v -6.373286750167608 -8.58145306352526 0.0
v 1.601041441783309 4.341842578724027 0.0
v 1.3314213653793558 14.892686528153718 0.0
v -11.176480944850482 -6.553780663758516 0.0
v 11.821071780868806 14.041175594553351 0.0
v -1.55011675338028 7.857705687172711 0.0
v -0.775336280988995 -12.414555416442454 0.0
v -6.470408471708652 2.519698421470821 0.0
v 13.92628790269373 -4.6826954102143645 0.0
v 7.458181892056018 6.946731095202267 0.0
v 14.285538273805287 1.832248743623495 0.0
v 5.52487184596248 -13.092833603732288 0.0
v 8.70807626954047 -0.8977840850129724 0.0
v -10.669170387031045 12.346568670123816 0.0
v -13.920655842579436 -11.528119121678174 0.0
v -3.0534851970151067 -4.519299356266856 0.0
v -5.258404908410739 -3.441673915833235 0.0
v -11.766282611119095 6.7083278857171535 0.0
v 7.582593670056667 -4.134559979662299 0.0
v -10.48795476712985 -6.679260045289993 0.0
v 14.732074380037375 -8.541841038502753 0.0
v 1.3987773935659789 6.319746617227793 0.0
v -8.058436952065676 -12.641839055344462 0.0
v 1.667765654856339 -2.626576280221343 0.0
v 1.4148996990406886 7.298990627750754 0.0
v 8.323686899035238 5.830478792078793 0.0
v 14.557162320241332 10.174426952376962 0.0
v 2.213232862530276 0.5124559635296464 0.0
v -12.44458543258952 -7.333760690875351 0.0
v -6.475669046049006 1.3490469148382545 0.0
v -7.601109782815911 -3.869748084805906 0.0
v -5.605376029619947 -0.8237144695594907 0.0
v 4.6009145599091426 -1.6747718825936317 0.0
v -9.18428122671321 -3.549130097962916 0.0
v 0.4276028154999949 -13.413137427531183 0.0
v 1.2414407655014656 9.393325543031096 0.0
v -4.284048975154292 -13.284598048776388 0.0
v 11.535343173018191 8.2192491479218 0.0
v 5.7488266413565725 -1.0224055051803589 0.0
v -8.59658576984657 -5.491024580784142 0.0
v 6.908721245534252 6.592825451865792 0.0
v 8.71318493882427 10.045176775194705 0.0
v 3.5579608796397224 1.9964508647099137 0.0
v 4.72866149112815 -10.141264715231955 0.0
v 13.461350848665461 11.427026215009391 0.0
v 11.959241309203207 -14.532401000149548 0.0
v 8.77731737488648 4.496850867755711 0.0
v -11.871901743055787 -14.777177787385881 0.0
v 6.4652889798162505 -8.966052495874465 0.0
v 4.670439195178915 9.120131916366518 0.0
v 5.897187799040694 -13.38000265788287 0.0
v 6.8431817727396265 11.072159024886787 0.0
v -0.3913684671279043 -2.0782948872074485 0.0
v -12.064346972852945 6.129879837855697 0.0
v 11.154578527552076 12.50893751066178 0.0
v 5.996117746166419 -13.917816809378564 0.0
v -8.444773992407136 11.780665529891849 0.0
v 10.940590926678851 0.449911211617291 0.0
v 1.3805816309759393 -4.5985612673684955 0.0
v 12.40413969301153 -11.395783364772797 0.0
v -14.122235167189501 0.021920462138950825 0.0
v 11.352430448809173 8.710933794267476 0.0
v 11.204405487398617 14.243779580108821 0.0
v 0.279366155678872 3.9454373391345143 0.0
v 1.1788136707036756 9.19440816808492 0.0
v 7.979225655552 -0.10279505886137486 0.0
v -11.219490529387258 8.797676723450422 0.0
v -3.597047470335383 -9.293514960445464 0.0
v -9.065733781259041 6.358814806677401 0.0
v -13.835626493440941 -2.9348097098991275 0.0
v -10.371571564406622 4.119315257295966 0.0
v -13.680607768415939 -8.609043444506824 0.0
v 14.867438262677751 7.824428651481867 0.0
v -2.0021058148122393 9.2987851658836 0.0
v 8.770113040925935 -10.198064341209829 0.0
v -14.916947136225644 -2.875270115211606 0.0
v -9.87262532504974 -11.629881052300334 0.0
v 12.50862895254977 -2.2364385249093175 0.0
v -5.084396315040067 -12.625524384900928 0.0
v 8.477367948449682 12.69279361795634 0.0
v 2.201270840887446 -14.343685585074127 0.0
v 11.546593997918535 -1.2905271984636784 0.0
v -3.5592819961020723 13.463411765173078 0.0
v 11.645589981402736 -3.1341639291495085 0.0
v 8.661633596289903 -1.7924888208508492 0.0
v -5.041908346116543 11.358484978787601 0.0
v -0.30449521931586787 5.727772422134876 0.0
v 7.990970795799512 4.973477312363684 0.0
v -11.105320559290703 -6.995701949112117 0.0
v -6.717023750592489 -4.993982611224055 0.0
v -4.705283812014386 8.046548217535019 0.0
v 1.7242167853401043 -11.187092603184283 0.0
v 7.962868635368068 4.561997514218092 0.0
v 12.594852136506233 12.407259222120047 0.0
v 3.264341822825372 -0.1932956911623478 0.0
v -0.11737608956173062 13.732342564500868 0.0
v 7.837642325495835 -8.691804335452616 0.0
v -11.865234717319254 -2.070088304579258 0.0
v 13.753185024601407 -13.51125682797283 0.0
v 3.780482091475278 14.545657470822334 0.0
v -9.644740969524719 7.080502800643444 0.0
v 6.383199734671507 8.26852868963033 0.0
v -7.209553269203752 14.567829945124686 0.0
v -7.624393298407085 7.149384850636125 0.0
v -7.2387993284501135 10.605879867449403 0.0
v 1.8448447246919386 14.858521570451558 0.0
v 4.313072195800487 1.289067104458809 0.0
v 2.0428763234522194 7.003515793941915 0.0
v -11.174484888557345 8.341493180021644 0.0
v -3.3977506958763115 -1.644261997193098 0.0
v 12.856182545481715 6.898946546949446 0.0
v -2.6109432613593526 8.02186444029212 0.0
v 5.265011158364359 4.671339766122401 0.0
v 3.9235176465590484 -0.7125821523368359 0.0
v -0.2806391571648419 -12.19016787968576 0.0
v 8.804174255754333 -0.9336766265332699 0.0
v -11.506777641887311 11.106775428168476 0.0
v 9.610849548946135 -1.05692851357162 0.0
v 7.61476852564374 11.334636165760458 0.0
v -14.077250703354366 12.696761772036552 0.0
v 13.94117542274762 -13.992481310851872 0.0
v 6.974367559305392 6.36096815764904 0.0
v -13.073637424735352 -6.113780844956636 0.0
v -4.490956213558093 11.964453309774399 0.0
v -1.5851100996951573 -8.347218790091574 0.0
v 11.198409050120972 13.695766321383417 0.0
v 1.864103649451863 3.2764076637104154 0.0
v 14.667556929576676 6.81917345430702 0.0
v -6.7712792964302935 -14.229017798788846 0.0
v 4.705470697663259 -5.98034496512264 0.0
v -9.218006887065712 4.529216451570392 0.0
v -3.5678493861923926 13.050484646111727 0.0
v 0.009389590879436582 -10.058662321418524 0.0
v -7.863697417546064 1.7731464551761746 0.0
v -11.595844606636092 12.239677536301315 0.0
v 5.706647143932059 5.711173748597503 0.0
v -8.826828956080135 -6.974214775487781 0.0
v -11.928699424373917 11.735162439756095 0.0
v -5.617404584074393 7.174345227889717 0.0
v -11.95413468836341 3.959928208962083 0.0
v -4.583557115285657 -3.345879784785211 0.0
v 14.660820304357912 -9.614578428678215 0.0
v -3.835303171304986 -12.421077792532742 0.0
v -10.930808444391005 2.7408481976017356 0.0
v -3.630426209361758 2.8291297033429146 0.0
v -14.38229788915487 4.417526367120445 0.0
v 12.757790089177433 14.101116310805082 0.0
v -1.875893296499271 -8.524245010688901 0.0
v -4.539672552084085 -5.667899437248707 0.0
v -11.933429864991922 -14.40154423005879 0.0
v -13.208662547345739 -14.397436551749706 0.0
v 1.7444391839089803 8.874554596841335 0.0
v 1.8138933356967755 -9.555128228850663 0.0
v -7.187170660123229 -12.543802479282022 0.0
v 7.8277916116057895 2.844094244763255 0.0
v 7.0758827576064505 3.7255931636318564 0.0
v 1.9618570124730468 -9.428264220245183 0.0
v -13.919252753432374 -4.341717973351479 0.0
v -4.209234312700573 -3.165993046015501 0.0
v 8.004083407169674 9.316202506422997 0.0
v 7.569343279988971 9.892470601014793 0.0
v 1.1741200870019384 11.27567885722965 0.0
v 0.247143184999004 3.3201334895566106 0.0
v 13.509663535747677 -14.490411190316081 0.0
v 2.1607510883477516 11.160385056398809 0.0
v 8.704051385109778 8.868488167412579 0.0
v -13.984602656390052 -6.315751601941884 0.0
v -11.142635302385315 6.5576323149725795 0.0
v 8.895282190525904 -5.0776401506736875 0.0
v -7.997397342696786 -10.773205207660794 0.0
v 5.848766976967454 9.425267760641873 0.0
v 1.199787848338019 -11.495404355227947 0.0
v -3.546565448108595 -3.1228808872401714 0.0
v -9.002569053380284 -7.610520112328231 0.0
v -10.432069666334428 -2.213035927154124 0.0
v 11.097763490339275 4.519285175949335 0.0
v 12.111266239953693 -9.07172201294452 0.0
v -9.670013043913059 14.357590998522937 0.0
v 2.427295493951533 1.4181783022359014 0.0
v 6.802049950463697 -10.82739949785173 0.0
v 14.032888311136048 -14.325426406227052 0.0
v -4.913591896998696 6.936311583966017 0.0
v -1.9343134598457254 -10.48248153552413 0.0
v 14.830933940655086 5.947560286149383 0.0
v 3.2464744423050433 5.856414169073105 0.0
v 9.608357700984925 10.850068651139736 0.0
v -7.416585199709516 4.2595913503319025 0.0
v 4.98288454458816 -8.289676623418927 0.0
v 14.604662602650933 -10.349587461911142 0.0
v -12.913815391017124 -0.9007836347445846 0.0
v 14.016641378693748 -0.7698129089549184 0.0
v 13.426963144855108 -1.9053370766341686 0.0
v -5.758797232992947 8.238768972456455 0.0
v -8.67968078557169 1.9649438597261906 0.0
v 4.694875244982541 4.951804477721453 0.0
v -12.616505758662242 -14.25951397139579 0.0
v 12.400348378636409 -12.743415595032275 0.0
v 7.775799818977248 9.27132667787373 0.0
v -4.972618853847962 -10.279760013334453 0.0
v 13.785703179077245 -0.9493161626160145 0.0
v -9.03446754970355 9.32054789736867 0.0
v 14.535427215567324 4.98773589823395 0.0
v 13.22950395476073 3.841277035884559 0.0
v -7.664865919505246 5.54119504801929 0.0
v -3.4078353098593652 1.046613346785307 0.0
v -12.49854366859654 14.25308933481574 0.0
v 13.346140527457464 6.7114689741283655 0.0
v 9.284503446891904 0.7357050199061632 0.0
v -5.8552286716294475 9.757331849075854 0.0
v -5.797914428578224 -2.43737122323364 0.0
v -5.679464134620503 -12.909495543688536 0.0
v -12.935725838004146 -0.2361274380236864 0.0
v 3.9249099805019796 8.195788279175758 0.0
v 11.78822224860778 5.666275495663285 0.0
v -9.178923057916109 0.9083796609193087 0.0
v 2.880716178333387 -8.417928545735776 0.0
v 6.403196389786899 -8.638667905703187 0.0
v 1.0448483418440446 -6.283425762318075 0.0
v -14.431090391299222 -14.26558484416455 0.0
v 3.5054476161603816 -11.075161471962929 0.0
v 11.718181667267345 -0.21378986816853285 0.0
v 10.239582111360505 -2.216627098619938 0.0
v -8.483280773216393 5.824928609654307 0.0
v -3.665729321888648 7.280996386893094 0.0
v -7.452464454632718 10.963365730829537 0.0
v 12.561459761403967 7.647449905984104 0.0
v 4.885223415971268 7.032264506444335 0.0
v -11.572174390079454 -10.556763307191432 0.0
v -3.0625378823606297 -10.64547369722277 0.0
v -12.822000675834715 -10.117147653363645 0.0
v -2.477058878983371 -8.743420994840562 0.0
v 14.19846808805596 -1.1273856796324253 0.0
v -11.735957421653438 11.224591697566211 0.0
v 2.747931049379986 2.190131767652929 0.0
v 7.464729437895585 -2.8598478063941 0.0
v -5.856510210374836 -4.714730663225055 0.0
v -1.3931822233716957 11.34745195042342 0.0
v 5.413494698877912 -0.7258195457980037 0.0
v -11.965598558424972 -10.815367280505598 0.0
v 11.99924178828951 -9.142652440816164 0.0
v 13.866451275825966 14.375528999604285 0.0
v -8.214332611183636 9.177481524646282 0.0
v -0.9274104194482788 -6.641297846101224 0.0
v -14.67140492919134 -9.963964650407434 0.0
v 4.901366409379989 -8.000071941874921 0.0
v 7.0140661806217395 1.674363574013114 0.0
v 7.2041152904275805 6.58282127045095 0.0
v 10.16264702344779 -6.339506697840989 0.0
v 13.442401744425297 7.811171622015536 0.0
v 14.070824057038408 -13.632472526282072 0.0
v -2.7078019465552643 -7.8433589190244675 0.0
v -11.973194105783477 11.983379585668445 0.0
v 4.917256976303179 -2.6183995502069592 0.0
v 9.40365251613548 -3.837346679531038 0.0
v -7.532450106693432 2.1830335408449173 0.0
v 0.69076104729902 5.533296367153525 0.0
v 2.6798313700128347 1.5595961567014456 0.0
v 5.370972594420891 -14.767958753742278 0.0
v 10.56582856317982 3.992239777930081 0.0
v -13.65093706571497 7.214243493974209 0.0
v 6.266857211710885 -8.900558657944202 0.0
v 8.449638779682573 7.982349965721369 0.0
v -0.3866915351827629 -11.035378436557949 0.0
v 3.289511520008091 2.2289573354646564 0.0
v -5.967218468722422 -9.413383096456528 0.0
v 10.38650757574942 -6.347019953653216 0.0
v 10.441638994845562 9.174881326965988 0.0
v 11.644958544347901 7.880571729503572 0.0
v -14.290353501448408 8.567449950613081 0.0
v 7.349755792936776 10.337804105132818 0.0
v 12.337974151188973 -3.5396016892045736 0.0
v -11.687486677721608 -4.240840475074947 0.0
v -12.722124401421752 11.222470455802977 0.0
v -8.051064157916699 -13.892123420722783 0.0
v 4.714663483900949 -8.033414927311242 0.0
v -6.773323511413764 -2.791821693070233 0.0
v -12.800286603160203 -2.3618222046643496 0.0
v -14.178863129869569 0.20574797317385674 0.0
v 13.527194265159778 12.37716069072485 0.0
v 2.8238673040177673 13.266197412274778 0.0
v -0.7424076437600888 -6.8082736022770405 0.0
v 8.992856357595883 -1.1621349835768342 0.0
v -3.172333275724668 -8.045845108106732 0.0
v 11.251087651937269 -14.855068190023303 0.0
v 14.965942694456317 13.12915286142379 0.0
v 10.649092317151371 10.71800914220512 0.0
v 4.966728467436042 11.671499486081302 0.0
v -9.504670431779232 10.206342714838684 0.0
v -1.3826310955337249 -9.803070349618793 0.0
v 6.629204860073514 -3.359087930060923 0.0
v 10.602823197143152 3.321574551984668 0.0
v 10.8202968815458 4.224605061113834 0.0
v -2.9091194220236503 14.373535420745611 0.0
v -4.282046381791588 1.8735707784071565 0.0
v -12.395246686821338 9.824042378924787 0.0
v -5.755046939419117 4.072228007949889 0.0
v -3.0707018597749993 12.207259965129197 0.0
v 1.3401224153349176 -5.386663747020066 0.0
v 11.195379488985054 -13.252901002764702 0.0
v 8.397888123523444 2.022861328907311 0.0
v 6.330559384077787 -0.7363380594179034 0.0
v -11.551781320944428 -11.062508632428944 0.0
v 12.309031143202446 1.899600594304502 0.0
v 0.6395252122892998 -13.035525436513126 0.0
v -1.4011095776222646 12.912306944839656 0.0
v 4.088818461284973 -1.7120286216959357 0.0
v -11.30872011120664 -14.139462593011558 0.0
v -12.352681985415984 7.785631034523249 0.0
v 2.8802934167324565 -0.9579731924459338 0.0
v 9.82504627207527 13.843241108581424 0.0
v 9.707855385437142 0.11127651017159224 0.0
v -0.708036597177852 4.243092026561499 0.0
v -10.172183985356241 -9.44319212809205 0.0
v -3.715807408269029 -8.314882532693446 0.0
v 10.823529444867745 -6.027947877533734 0.0
v -13.869726131553762 0.409445084631443 0.0
v -13.38162057986483 -11.668765650130808 0.0
v -3.460659603937529 -2.383685360662639 0.0
v -2.5196820729761384 1.410523634403944 0.0
v 13.727723732183222 6.534255687147379 0.0
v -11.178557494771667 -11.625659910961986 0.0
v 5.503661185968667 9.100997687317431 0.0
v 9.00933361548232 -8.465662469156086 0.0
v 2.9649873225716874 -6.769380176439881 0.0
v 3.073376741493121 3.2308813482522964 0.0
v 14.513764099043328 13.532459216192365 0.0
v 12.20399429637473 -5.4955053050071 0.0
v 9.62086736067431 -3.485774375498295 0.0
v -13.714446892787237 -12.089465143159032 0.0
v -2.4443311698851176 -2.6777587989345193 0.0
v -6.760383593442384 -10.49665719177574 0.0
v 3.6832239567884244 -0.9305278593674302 0.0
v -6.452437631262001 7.677796267904341 0.0
v -14.96258620970184 -3.8530260901898146 0.0
v -13.516222875681706 1.2063091760501266 0.0
v 11.524977625813335 13.565206722356379 0.0
v 0.18240557407261804 -1.326679996214807 0.0
v 9.527997126511764 11.233044627122581 0.0
v 14.426802831876557 -0.7509823944419622 0.0
v 8.070111946901307 12.978129709139466 0.0
v 14.959388149320148 -7.303941304795444 0.0
v -13.477907759952359 -1.9218047829344869 0.0
v 11.004849788208958 13.798634427599609 0.0
v 0.4112056544981897 0.753034726716578 0.0
v 7.737351342570037 12.0666559105739 0.0
v -12.409829217358492 -8.725960248149931 0.0
v -1.0568729009246454 -4.8380115469917655 0.0
v 11.714686071092729 14.178967785090208 0.0
v 1.22865869483212 -10.80522064305842 0.0
v -4.93760552740423 -9.22033173032105 0.0
v -10.846155709703453 0.14649580139666796 0.0
v -3.5905339574674144 10.593976812437177 0.0
v -11.583061793353409 -6.419419183395803 0.0
v -12.800332578015514 -13.078584627248347 0.0
v -8.891003919998184 13.06523434072733 0.0
v -4.410989171534311 10.776961653493345 0.0
v -3.8981804646900855 11.80963547155261 0.0
v -11.076734524220228 -2.9282902013510466 0.0
v -0.5309625889640301 -12.85370844323188 0.0
v 11.255864745471627 -7.965024517849088 0.0
v 14.004533673112746 -13.738282448612154 0.0
v 11.544130409311038 4.822614300996065 0.0
v -13.24250188836595 12.212122521363199 0.0
v -10.092174202320166 -14.383391361683607 0.0
v 11.854047418630216 10.011911999434233 0.0
v 9.256762531469576 -6.10121272969991 0.0
v -6.651747192197945 8.039083662442863 0.0
v -6.190481310768519 5.9923504665493965 0.0
v 9.391048016899731 4.873158298432827 0.0
v -10.4834718441125 13.294101567007601 0.0
v -7.7236649745027535 -9.722336918115616 0.0
v -1.2359483917825855 -11.761058925651014 0.0
v -10.231786040996667 -5.848457555286586 0.0
v -4.31735063547967 -8.487363177351654 0.0
v 0.21631276718107983 -8.886306878179312 0.0
v 8.589634861971717 1.4341910174116492 0.0
v 1.9411103071761318 14.085230248980224 0.0
v -7.964856887876522 -4.381902209483087 0.0
v -5.1536229036864825 -12.228364992886782 0.0
v 2.403673864202574 -0.11898003052920103 0.0
v 5.806973044760525 -6.889755725860596 0.0
v 7.560800429026131 -14.478482992388308 0.0
v 9.260132966679521 11.012420006096363 0.0
v 2.0790722746169195 -5.350928314961493 0.0
v -5.249279412208125 6.623715929687023 0.0
v -1.2300415156641975 -11.533671566285193 0.0
v -8.1308005276951 -13.058057261630893 0.0
v -3.2976218432886526 -9.44083109498024 0.0
v 9.20152274001157 -2.573612255975604 0.0
v 0.16089209931669757 5.070737272500992 0.0
v 1.9858252448611893 1.683581423945725 0.0
v 13.348881577432621 -11.364556530490518 0.0
v -2.5650056485901587 13.273609981872141 0.0
v -5.55219452775782 -11.74885548837483 0.0
v -3.716876437771134 -14.582857966423035 0.0
v 0.07808652485255152 -12.865221971645951 0.0
v 11.832089008763433 -7.349525261670351 0.0
v -5.895103720249608 8.61723133828491 0.0
v -10.196918017230928 -2.329341907054186 0.0
v 10.13504328991985 5.5809907568618655 0.0
v -7.964211113809142 13.520708036608994 0.0
v -11.530029066023417 14.450773780234158 0.0
v -9.884062879194971 -1.7455909829586744 0.0
v -0.902479721524287 -8.967065723612905 0.0
v 3.967627288249787 -3.385937520302832 0.0
v 0.006109379115514457 -6.974421520717442 0.0
v -7.316948160645552 -14.313698891550303 0.0
v 11.159744546574075 -5.756486753001809 0.0
v -9.213421445456333 2.0063695199787617 0.0
v 9.166617097565904 2.41915534529835 0.0
v 11.653757145395502 1.0057850694283843 0.0
v -5.352178234257735 1.2933275075629354 0.0
v -7.089007597591262 -2.6333908773958683 0.0
v 10.825545570580289 -13.214638197794557 0.0
v -5.697712329914793 -10.702047028578818 0.0
v 7.253543579136021 -13.17257428355515 0.0
v 2.14431296242401 8.156098820269108 0.0
v 2.324431841727346 -7.6406048238277435 0.0
v 1.5900908565381542 2.5069769341498613 0.0
v -6.217715932172723 -1.8068441972136497 0.0
v 14.5337163512595 -3.654495734721422 0.0
v 5.515517774387263 0.8774426970630884 0.0
v 0.01830980251543224 12.166500568389893 0.0
v 1.0301985284895636 2.277032303623855 0.0
v -9.067582916351967 6.254827540367842 0.0
v -12.271236500935629 -8.90188783314079 0.0
v 7.803081505699083 8.596583193168044 0.0
v -12.007285092491657 7.147453835234046 0.0
v -10.89910685439827 -3.024575736373663 0.0
v 9.130436372593977 11.446912082843482 0.0
v -4.829649700433947 5.476286041550338 0.0
v 10.022429581847973 -4.835016127675772 0.0
v 2.5655420170514844 -3.3259869143366814 0.0
v 4.850189821503591 -2.534618620760739 0.0
v -6.056808949448168 1.6386829419061542 0.0
v 1.2536675349692814 0.21367233339697123 0.0
v -4.945206627133302 -1.972307157702744 0.0
v 10.303305111767258 -6.392669781111181 0.0
v 2.390261852706317 6.710400248877704 0.0
v -12.30641213641502 14.686327302828431 0.0
v -8.061570721503813 14.289438313804567 0.0
v 3.7622620656038634 -12.171599401161075 0.0
v -6.209255540976301 13.222834201529622 0.0
v 7.634778167703189 -9.247793909162283 0.0
v 0.204798751976341 0.3685844177380204 0.0
v -8.20688506035367 9.545463644899428 0.0
v 13.692642981826793 8.045027492567897 0.0
v 12.967364561394788 9.783750955015421 0.0
v 6.011678240378387 1.847784224897623 0.0
v -6.192589257203508 7.840699917636812 0.0
v 11.297501201566774 14.950180912390351 0.0
v -8.758375658188015 -9.610202885232866 0.0
v -0.08249172527575865 6.850724659860134 0.0
v 9.023254232422914 14.313140538521111 0.0
v 1.3069177488796413 11.786992873996496 0.0
v -0.46406144701177254 -10.121286348439753 0.0
v -0.6869257144862786 13.785702902823687 0.0
v -1.0040838393033482 6.157672219909728 0.0
v 4.517037006095052 -9.86375702638179 0.0
v -9.068917593627702 -8.143442494794726 0.0
v -2.8160385474329814 9.428584871813655 0.0
v -3.476405240711756 2.346271248534322 0.0
v 11.462589217582718 1.9578775223344564 0.0
v -11.984597076254431 -2.2462783167138696 0.0
v 6.174247299728449 1.197662659920752 0.0
v 10.31172864092514 14.468072685413063 0.0
v 10.830971163755748 3.601164249703288 0.0
v 9.375660044897813 -11.491872944869101 0.0
v -9.098564998421352 2.7926104068756104 0.0
v -2.801434167835396 -7.729394636116922 0.0
v 0.0004652434145100415 -14.549577791243792 0.0
v -9.211944379261695 -7.413123260252178 0.0
v -4.918270651309285 -7.223239818587899 0.0
v 0.3640875847777352 -6.955210096202791 0.0
v 3.4057787907659076 -2.9033859223127365 0.0
v -3.7975698800873943 3.091608591377735 0.0
v 13.081572210183367 2.9052908094599843 0.0
v 14.464526191935875 5.1646172776818275 0.0
v 13.224703381594736 -5.425161148421466 0.0
v 1.2608367941575125 1.9306632727384567 0.0
v -10.081229243602138 10.679600285366178 0.0
v -13.1757765589864 2.805238636210561 0.0
v -13.53487878368469 -7.428856837563217 0.0
v 13.905628271808382 7.449410116299987 0.0
v 14.72963931580307 -5.936467817053199 0.0
v -3.8510610957746394 -8.08221934735775 0.0
v 8.08184088615235 5.988937698304653 0.0
v -13.334864621981978 12.726887242868543 0.0
v 2.1971757278661244 -2.1484694313257933 0.0
v 2.111019146628678 -12.974807290360332 0.0
v -6.055848132702522 3.1493099154904485 0.0
v 2.383783744648099 12.944183016195893 0.0
v 1.9984889482147992 -1.0718151601031423 0.0
v 10.716109873552341 12.514739164151251 0.0
v 8.472599912376609 1.6254245918244123 0.0
v 4.468317662831396 -10.133302808739245 0.0
v -12.981173891341314 -7.986890115775168 0.0
v 11.202007715939544 2.658696354366839 0.0
v -3.4724875827669166 -12.421059574000537 0.0
v -11.101969964394812 -10.519783128984272 0.0
v 5.836878077883739 -3.991010984405875 0.0
v -8.926977868715767 -10.574027629569173 0.0
v 0.017796549189370126 -14.187028961256146 0.0
v -6.649240515485872 9.924917582422495 0.0
v -9.175522640231065 -11.468910698778927 0.0
v -1.7214752397849225 7.481253101490438 0.0
v 5.342998505104333 -7.976362778805196 0.0
v 5.085544296249282 13.402602466754615 0.0
v -13.140616880205926 13.677328650839627 0.0
v 2.46457411168376 9.855274122208357 0.0
v 4.018470290640835 11.898237209767103 0.0
v 5.153456061903853 -12.548795177601278 0.0
v -9.54615981533425 14.517277363687754 0.0
v -4.5504381294013 6.314824791625142 0.0
v 9.306877068651374 -4.399352697655559 0.0
v -12.624067358847242 -12.391779980622232 0.0
v 11.857505379710346 -7.93131503649056 0.0
v -3.578545846394263 -10.689887783490121 0.0
v -0.46829942549811676 -13.127424739301205 0.0
v 9.881329605937935 8.05667606368661 0.0
v -12.249025296361651 -8.755945019423962 0.0
v 4.961034530017059 -1.0968246795237064 0.0
v 10.288099344819784 7.577191048301756 0.0
v -11.090538095275406 -2.3452602783218026 0.0
v 1.056989491567947 -11.293411632068455 0.0
v -1.1548024040530436 -3.6484399372711778 0.0
v 6.385047278366983 -7.4614358469843864 0.0
v -0.0239224741817452 2.24668650329113 0.0
v 10.49396924773464 -4.182916452176869 0.0
v 0.07922152796527371 4.44027769099921 0.0
v -11.596169794967864 -14.923665237613022 0.0
v -9.565950412186794 -0.3661482986062765 0.0
v 14.886265198525507 -9.338749984279275 0.0
v 1.2656588210375048 -2.8834664057940245 0.0
v 1.8141604785923846 -4.963426367379725 0.0
v 11.804619938135147 7.497291088104248 0.0
v 12.355992038210388 -12.966829270124435 0.0
v 9.950473833596334 -4.937442854046822 0.0
v 11.017321620311122 -13.873182261362672 0.0
v 13.892251411161851 -8.748231234028935 0.0
v -3.6047465201700106 -3.25238399207592 0.0
v -0.7388608978944831 -11.469142037443817 0.0
v -4.774284062441438 -11.585372787900269 0.0
v -0.34064978134119883 14.051237755455077 0.0
v 7.058543695020489 2.853563263081014 0.0
v -1.5388033037888817 7.702022297307849 0.0
v 10.42987137963064 -10.163795117288828 0.0
v -0.17991457495372742 0.04312570206820965 0.0
v 13.085574759810697 10.243294693529606 0.0
v 5.926118551578838 -8.530160940252244 0.0
v -6.449347536137793 4.001785211265087 0.0
v 9.668030110071413 -6.97710947226733 0.0
v 2.557080241269432 -12.99649301636964 0.0
v -13.407485409989022 10.118837350979447 0.0
v 11.899663490476087 10.926156966947019 0.0
v -9.245318518485874 -5.203558183275163 0.0
v -6.10085908108158 -13.093819746747613 0.0
v 7.791593155416194 4.072919364087284 0.0
v 12.305369874171447 -4.959243477322161 0.0
v -3.7263488926691934 12.322687394917011 0.0
v -3.668719187437091 12.78184299170971 0.0
v 14.652580551046412 1.28393782582134 0.0
v 12.41270653961692 14.568913559429348 0.0
v -10.739841477712616 13.868380627594888 0.0
v -13.374182107509114 -6.809713535010815 0.0
v -13.789929941296577 13.755223081447184 0.0
v -3.3932502593379468 8.234034473076463 0.0
v -2.398617790720891 -0.9203252838924527 0.0
v -3.2616288960562088 -11.235683721490204 0.0
v 6.215278072399087 12.529753955081105 0.0
v -5.829591912042815 8.422787345945835 0.0
v 8.532360945013352 13.614558149129152 0.0
v -0.7504118776414543 9.35161276627332 0.0
v 10.235583778470755 7.171743062324822 0.0
v -9.453631748154294 13.315047904849052 0.0
v -12.803040319937281 -2.6532246973365545 0.0
v -3.0471680178889073 0.6447626436129212 0.0
v -9.460646706458647 2.878219903446734 0.0
v 4.583522195811383 -0.9030336188152432 0.0
v -9.515486952266656 5.523843268863857 0.0
v 4.177885381388478 -4.86884805560112 0.0
v -8.160014409513678 8.402897533029318 0.0
v 7.401080536481459 -4.726012239232659 0.0
v -8.903540678264108 -13.199091627262533 0.0
v 14.628084779775236 4.726540219038725 0.0
v -13.135436025855597 -13.492851665243506 0.0
v -13.612432018329855 10.26970221940428 0.0
v -6.594368019723333 -5.697187567129731 0.0
v 6.168559287674725 8.168446716852486 0.0
v 5.188248582184315 -3.664401987567544 0.0
v 4.013591453782283 -7.06664451956749 0.0
v -4.29616867256118 4.156099661253393 0.0
v 13.544102186278906 -14.224374459125102 0.0
v 13.175667124509346 -0.45165519043803215 0.0
v 2.846552521805279 -6.384573694318533 0.0
v -3.4959765863604844 -11.567828360013664 0.0
v -5.2382997224340215 -7.162085389718413 0.0
v 3.390550575684756 13.854691655375063 0.0
v -6.456916679977439 -9.023687828332186 0.0
v 2.018022492819 4.611062530428171 0.0
v 10.911748558457475 5.569053748622537 0.0
v -12.263447798031848 -7.200848593376577 0.0
v -7.256359371065628 7.8035769844427705 0.0
v 5.298275718523655 1.5382676953449845 0.0
v -2.8200554473442025 -10.304079714231193 0.0
v -6.629881434608251 10.220910573378205 0.0
v -10.761579228448682 -1.1051355805248022 0.0
v 10.322910932649393 1.5287069045007229 0.0
v 0.8127543695736676 -8.232824665494263 0.0
v -11.199899071885739 8.931743435561657 0.0
v 6.109398180036806 7.227967834100127 0.0
v 3.5616181174991652 9.055044868960977 0.0
v 10.45322049135575 8.644012738019228 0.0
v -4.958922056306619 -0.6523978654295206 0.0
v -14.942500749079045 -0.6919003808870912 0.0
v 2.4912901543430053 1.3454641457647085 0.0
v 5.5415953600313514 6.791706260293722 0.0
v 3.021034552308265 8.378644947893918 0.0
v -12.184325894806534 10.274850836023688 0.0
v 6.721784332534298 -4.323629609309137 0.0
v -10.690687459369656 6.377823596820235 0.0
v 2.8327794275828637 -12.768897659145296 0.0
v -14.728788888256531 -10.637824517674744 0.0
v 0.3160045034601353 3.694476285018027 0.0
v -5.463734137418214 7.440991568379104 0.0
v 1.2714112423709594 11.433979184366763 0.0
v -8.596080459654331 3.262051273137331 0.0
v 7.604681140626781 -14.301058514975011 0.0
v 3.3006134856841527 3.52992788143456 0.0
v 1.374558289477136 8.500205242075026 0.0
v 10.31703940947773 10.961536712013185 0.0
v -8.948122828500345 6.77485213521868 0.0
v -5.3971015242277645 12.663972526788712 0.0
v -0.24438832036685199 -10.832058039493859 0.0
v 2.675316427485086 8.777021983638406 0.0
v 9.096568880195264 -11.692677703686059 0.0
v 1.1204349666368216 14.724512185901403 0.0
v 10.432751864718739 -3.4499099161475897 0.0
v -0.5051999582210556 -0.3765397733077407 0.0
v 6.676059822028037 -6.705213867127895 0.0
v 10.537396940228064 -11.394939946010709 0.0
v -9.321379174070898 3.588756687939167 0.0
v -3.946722070046235 -11.707081317901611 0.0
v -6.146337918471545 -10.243739472702146 0.0
v 8.05239488859661 -2.4654420474544168 0.0
v -0.8751374642597511 -12.869359237141907 0.0
v -13.946262711833697 -3.51440950948745 0.0
v 13.46929538960103 14.934963417239487 0.0
v -8.549561875348445 -14.761108401231468 0.0
v -4.791214308294002 -1.6181732304394245 0.0
v 10.030127742735203 10.304175168275833 0.0
v 8.868012261693366 -4.966468057595193 0.0
v 4.730465458065737 -10.201667426154017 0.0
v 0.6064269276685081 4.165919356048107 0.0
v 13.821829105436336 -3.3130150102078915 0.0
v -12.224132183589973 -9.327900388278067 0.0
v 7.822654069168493 -12.189572671428323 0.0
v -12.08569036948029 11.73959787003696 0.0
v 11.042041420994792 10.415282093919814 0.0
v -0.662845847720746 -13.958800620399415 0.0
v 8.092687227705028 -4.784647931344807 0.0
v -14.565459457866382 -8.026419349946082 0.0
v 10.917408532404806 -3.214954216964543 0.0
v -14.84110879182117 -4.1666819248348475 0.0
v 4.148583252390381 -3.931061810813844 0.0
v 7.753856049850583 10.519770727492869 0.0
v -10.109105541894678 3.9495088094845414 0.0
v -13.762308345525526 7.697737412527204 0.0
v -3.946507707820274 -9.884866968728602 0.0
v -9.234145304537378 -10.020605186931789 0.0
v -12.802237737050746 0.9718295354396105 0.0
v 4.161586243310012 12.676381591707468 0.0
v 13.721611692220904 4.200529054738581 0.0
v 5.521977561584208 4.061540973372757 0.0
v 12.86928489129059 -4.462067395448685 0.0
v -10.727765572897624 3.7957757664844394 0.0
v 2.600295245065354 6.341262403875589 0.0
v 11.87022635206813 2.6348625887185335 0.0
v -8.140994362125639 -7.663881506770849 0.0
v 1.286201047420036 -6.885868433862925 0.0
v 8.262799170741346 12.923651938326657 0.0
v -6.583747113239951 -5.0591421741992235 0.0
v 3.734705596405547 -11.09321261383593 0.0
v 3.564929176354781 8.550438581965864 0.0
v -6.282138373295311 -1.7082289354875684 0.0
v -14.673282956704497 -1.163696812465787 0.0
v -0.012606089992914349 9.629026620648801 0.0
v 2.28273690136848 12.672973736189306 0.0
v -1.8206994160427712 4.0075369430705905 0.0
v -12.582139499252662 -13.924468088895082 0.0
v 4.070006328693125 -5.785567322745919 0.0
v 9.333095476671588 -14.373115650378168 0.0
v -9.573998544656206 4.257030237466097 0.0
v -11.898518796253484 5.4704619301483035 0.0
v -13.105651113961358 -0.6798929618671536 0.0
v 6.181760794541333 -11.453907336108387 0.0
v 0.7905690600164235 -8.649422097951174 0.0
v 14.702772636490408 10.272786609828472 0.0
v 5.003265796112828 -8.144553114660084 0.0
v 3.7582885570591316 14.289524613879621 0.0
v 4.9033031275030226 -14.502056687138975 0.0
v 5.575631965475623 -12.955454964190722 0.0
v -10.775377314013895 -0.14789092633873224 0.0
v -13.53426583117107 6.088843950070441 0.0
v 0.0737446082639508 4.012376366183162 0.0
v -2.9845876297331415 14.86481518484652 0.0
v -12.429480098187923 -13.142566504888237 0.0
v 0.18022436829051003 -2.609445648267865 0.0
v 11.219112839666195 -12.372348641045392 0.0
v 6.673297126311809 -5.252462623640895 0.0
v -1.139331939863041 2.921503907069564 0.0
v -11.2080660876818 -13.994202819652855 0.0
v 3.4201904014335014 11.278907141648233 0.0
v 7.538950226269662 -10.002925573848188 0.0
v -5.149775399768259 1.3797455728054047 0.0
v -4.56704872706905 13.931501406244934 0.0
v -14.58113117958419 -13.414033992215991 0.0
v 14.281508753425442 -1.1179369622841477 0.0
v 13.322552437719423 -6.950046888552606 0.0
v 5.660017899761442 3.3811351908370852 0.0
v -13.123782464419492 -4.395059050060809 0.0
v 7.05744967533974 -12.535296340472996 0.0
v -7.459523948724382 -13.600056558847427 0.0
v 5.704501192376483 -14.214276420883834 0.0
v 6.876517858996522 3.1979015432298183 0.0
v 5.33377526467666 12.216912086121738 0.0
v 8.98444454203127 -0.10872827935963869 0.0
v 14.496664142876398 4.3803947092965245 0.0
v -3.3742312099202536 -5.249625430442393 0.0
v -12.777739617682528 -0.6491281408816576 0.0
v 1.839108111744281 -1.094653096050024 0.0
v 5.344739451131318 11.513402429409325 0.0
v 1.3799077859148383 4.1101543651893735 0.0
v 14.801349562651012 7.71045748796314 0.0
v -5.418683666794095 11.181174309924245 0.0
v -11.727433385094628 14.750741579569876 0.0
v -4.883503200719133 -3.46889909543097 0.0
v -3.982365744537674 10.379463759250939 0.0
v -14.397807435540017 2.3573696576058865 0.0
v 10.811072157870512 12.03386647067964 0.0
v 14.027165607141796 0.726995125412941 0.0
v -11.788361809332855 -12.063656456768513 0.0
v 5.530736323504243 9.31747923977673 0.0
v 2.5451179076335393 -13.835024863481522 0.0
v 1.4628357292385772 4.099286288022995 0.0
v -13.385015259031206 -6.020782390609384 0.0
v -10.52194126485847 7.8637856394052505 0.0
v -12.289233286574017 -12.603230300359428 0.0
v 1.256581038411241 5.245167131535709 0.0
v 9.542620479653124 6.079733323305845 0.0
v 6.819349160301499 14.476392726413906 0.0
v 8.518016990914475 13.724335108883679 0.0
v 11.22549111803528 -3.7723356019705534 0.0
v -12.723955722525716 -13.104547896422446 0.0
v 10.955152219103184 4.52246240247041 0.0
v 7.976327745069284 13.106365540064871 0.0
v 3.682175309455488 1.2250512382015586 0.0
v 2.237307293456979 -0.8449338367208838 0.0
v 9.145641350245569 -3.201846585609019 0.0
v -7.7399106021621265 -1.2424436891451478 0.0
v 11.746614427655004 2.749669107608497 0.0
v 9.372661809320562 -9.969282099977136 0.0
v -10.810731138568372 4.394164780154824 0.0
v -6.534022647712845 0.6741787474602461 0.0
v 6.327983488270547 -3.8274722015485168 0.0
v 0.4042535061016679 4.059912368655205 0.0
v -8.453348127601203 10.047968585975468 0.0
v -13.729001883650199 -11.5537912780419 0.0
v -6.9265488454839215 -5.178901634179056 0.0
v 10.522908085375093 -6.142493961378932 0.0
v 6.845137591299135 12.192458997480571 0.0
v -8.408865731733385 13.21961158234626 0.0
v -0.7562419440364465 -3.7106866743415594 0.0
v -7.786891964264214 -10.742314024828374 0.0
v -8.364684730709996 -2.442791037261486 0.0
v -6.7834321750560775 2.5887143863365054 0.0
v 8.499918568646535 0.3496245676651597 0.0
v 1.0951238592388108 -0.09168133698403835 0.0
v 1.7064443160779774 3.924886834807694 0.0
v 13.251895559253171 14.117543754167855 0.0
v 7.62369387288345 10.465594923123717 0.0
v 5.283652505837381 -14.91897165030241 0.0
v 7.359072865510825 14.137541620060802 0.0
v 5.43080189981265 -9.890309606678784 0.0
v -11.39136918715667 -1.7201284198090434 0.0
v -13.909506594471168 6.348620692268014 0.0
v -8.641565115365665 -0.16091230232268572 0.0
v 11.290734136186074 -4.629288754425943 0.0
v 5.839844212401658 13.628147397190332 0.0
v -1.9593220902024768 -8.218487312085927 0.0
v 13.834613956452813 -11.2345434660092 0.0
v 5.5481390609638765 6.775238222442567 0.0
v 3.6631438148906454 14.056368578225374 0.0
v 11.740846768661868 -9.83386900369078 0.0
v 1.3932828741380945 -3.1517204055562615 0.0
v 12.022764747671317 9.638792425394058 0.0
v -14.843373225186951 -14.365912293083966 0.0
v -6.4358598828548566 -12.756231613457203 0.0
v 3.6522465176531114 -13.972681730054319 0.0
v -3.653662973898463 7.779247445985675 0.0
v -3.955131362134125 11.521501295268536 0.0
v 8.220248215948232 9.840316503308713 0.0
v -5.400340030842926 1.1722665596753359 0.0
v -12.990053028566763 -6.257358861155808 0.0
v 10.670853975461796 3.1486878572031856 0.0
v 9.786575963080395 -3.3913848344236612 0.0
v -0.9233352672308683 9.96456527709961 0.0
v -11.161639162921347 -12.446498030796647 0.0
v 1.7533094024984166 1.1158787598833442 0.0
v 9.322091476351488 3.664352963678539 0.0
v 6.500393649330363 9.45622698776424 0.0
v 14.046841058006976 13.547485705465078 0.0
v 8.055159993818961 -2.723979174159467 0.0
v 13.414481003943365 1.8883906370028853 0.0
v -8.77116663887864 -9.151858646422625 0.0
v -8.013192216516472 8.63026983384043 0.0
v 13.628105941577815 0.42389881517738104 0.0
v -6.628693679813296 -5.106137681752443 0.0
v 14.701534763968084 -0.31702821981161833 0.0
v 6.555037682468537 -0.8193737398833036 0.0
v -2.9278500206419267 14.608523490838706 0.0
v -12.68676695774775 6.796298845671117 0.0
v -14.063100815925281 -0.7939198492094874 0.0
v -4.158803045516834 -14.202507398091257 0.0
v 12.197830091579817 1.8911988642066717 0.0
v -3.263668665487785 7.517436902038753 0.0
v 7.333269509894308 -8.044686081819236 0.0
v 1.832694622746203 14.710511568933725 0.0
v 10.76707892876584 -12.184724921360612 0.0
v 12.653516882972326 -13.215977773070335 0.0
v -12.743730764603242 -2.8723325012251735 0.0
v 11.769149039813783 -12.268988109193742 0.0
v 4.786209739220794 1.0780082065612078 0.0
v -5.833216941682622 -9.307959964498878 0.0
v 2.6132209629868157 0.02119421400129795 0.0
v -13.369986056699418 -10.584451464004815 0.0
v -12.691610144567676 10.931386737152934 0.0
v 1.582812381151598 1.9556347886100411 0.0
v -7.6454099849797785 2.9399432968348265 0.0
v 11.192228324594907 13.879208737052977 0.0
v -0.8662068980629556 10.680431697517633 0.0
v -12.911121083016042 -4.621430579572916 0.0
v -9.421228952007368 -12.964012888260186 0.0
v -12.94852431473555 12.49981044139713 0.0
v -4.167930406925734 14.311095501296222 0.0
v -13.52748788439203 -0.26284084655344486 0.0
v 2.4851760416058823 10.327473795041442 0.0
v -10.065448602894321 2.422820206731558 0.0
v 10.285487464279868 -13.48059532046318 0.0
v 11.357533965143375 -5.849153285846114 0.0
v 13.940085744892713 -14.333599364385009 0.0
v -7.713553817244247 6.163764450699091 0.0
v 10.937472432211507 -12.11852796562016 0.0
v 13.69526271725772 2.1794758830219507 0.0
v 8.497562766016927 2.6688757380470634 0.0
v -14.918557926779613 -4.42871490586549 0.0
v 13.565926699666306 5.192864589393139 0.0
v -14.542924620502163 2.462153763510287 0.0
v 7.072993501962628 -7.316031605936587 0.0
v 9.494836061843671 -9.459981954656541 0.0
v 14.439457053260412 11.18680870719254 0.0
v -10.875157907023095 11.969692126847804 0.0
v -12.97916139033623 -11.803076638840139 0.0
v 5.579600568686146 -6.7199010187759995 0.0
v 7.011012748931535 -9.39036200195551 0.0
v 13.605980538530275 3.7632252667099237 0.0
v -11.91290738992393 -9.457784653641284 0.0
v 7.336512522073463 -4.016534056514502 0.0
v 5.947380092868116 -11.852056483738124 0.0
v 13.810738747473806 2.117179580964148 0.0
v -3.215245871571824 -5.079611928202212 0.0
v -0.08888400311116129 -5.628648595884442 0.0
v -9.49837044486776 8.102804663591087 0.0
v 1.957378751190845 -4.719052254222333 0.0
v 14.619261582614854 2.5127411922439933 0.0
v 4.50629135890631 -3.6808311166241765 0.0
v -9.072042741405312 -8.686848477460444 0.0
v -7.045519367442466 -2.320629092864692 0.0
v 8.75988136586966 -9.820211597718298 0.0
v -1.2858638333855197 -1.035805718973279 0.0
v 6.715666371048428 0.690605990588665 0.0
v 4.705085344205145 -11.898744389414787 0.0
v -8.133215863723308 -4.349087336100638 0.0
v 10.518506748310756 -10.395270973443985 0.0
v -8.309528452518862 12.575755454599857 0.0
v 0.8325363222393207 -9.864312618970871 0.0
v 2.0726841337163933 -2.5606086011976004 0.0
v -6.777396158897318 10.475887737236917 0.0
v -1.8081003407714888 2.793283101171255 0.0
v 5.853641849011183 -1.730171412229538 0.0
v 4.072519089619163 12.271320935338736 0.0
v -13.109661762486212 1.738441340625286 0.0
v 7.046012491220608 2.877052202820778 0.0
v 8.025864665629342 3.2781449938192964 0.0
v -8.6479176414432 -4.9194091623649 0.0
v 10.99519210064318 -4.867047742009163 0.0
v -6.476119190687314 0.9754216382279992 0.0
v -1.0282214584294707 6.690612333826721 0.0
v 4.341095883748494 -12.238865938037634 0.0
v -6.546728703950066 13.673770243301988 0.0
v -9.615117733774241 9.789734564721584 0.0
v 13.176522007503081 -12.318233767524362 0.0
v 8.051624144718517 9.954067257232964 0.0
v 7.496336156502366 0.5092230103909969 0.0
v 6.3344902993994765 3.6469750544056296 0.0
v -8.594732679077424 -12.296761604957283 0.0
v 10.247493277711328 5.853996329009533 0.0
v -11.462473357853014 -12.788050851784647 0.0
v 10.490558575140312 3.7369057834148407 0.0
v -10.431858181429561 12.507746925577521 0.0
v 9.93554678343935 -13.272013827227056 0.0
v -10.413043761858717 -2.2244019620120525 0.0
v 5.438659923092928 -7.694832818582654 0.0
v -10.070809627068229 3.1627766583114862 0.0
v 6.077262002858333 -11.416576499119401 0.0
v -5.905184174363967 4.64539560675621 0.0
v 9.421646135800984 1.8175932709127665 0.0
v -3.9665466657606885 -13.056515847332776 0.0
v -6.002693760266993 9.422479380853474 0.0
v -11.188699864782393 -1.420588848181069 0.0
v -14.348420007387176 1.4084676746279001 0.0
v 0.9280553656863049 -7.5442985985428095 0.0
v -3.4369295052601956 -1.0161085538566113 0.0
v 0.3825046166894026 0.8711832445114851 0.0
v -2.423339812026825 9.503061131574214 0.0
v 3.965845868224278 -1.6658634897321463 0.0
v -11.392601246130653 11.697349357418716 0.0
v -1.0612709266715683 13.507410327903926 0.0
v -4.5076849375036545 -11.14486988633871 0.0
v 1.2981549656251445 2.770350274629891 0.0
v 7.624680444074329 -9.084316628985107 0.0
v -0.26403708988800645 -1.769680737517774 0.0
v 0.019093363138381392 -7.774306625127792 0.0
v -13.582565750402864 -13.290718266740441 0.0
v -5.584350797580555 -10.904677867889404 0.0
v 2.85925485054031 -5.249766444787383 0.0
v 0.20231346221407875 3.648305111564696 0.0
v -7.382329778280109 -9.187167482450604 0.0
v -7.341695873474237 9.894383925013244 0.0
v -10.798685496556573 13.042102558538318 0.0
v 5.271038967766799 -12.465409685857594 0.0
v -11.153945616621058 3.6083452347666025 0.0
v 14.586275023058988 -13.54355913028121 0.0
v -11.750096857955214 -7.404083425179124 0.0
v 4.391475393727887 -8.619295299053192 0.0
v -14.16004511556821 9.787017122842371 0.0
v 5.60472487215884 6.492564772255719 0.0
v 3.5973063596175052 1.2989540584385395 0.0
v 9.318719457893167 12.35222611669451 0.0
v -8.04325901309494 -7.467247263528407 0.0
v 0.8652624326641671 -14.202282474376261 0.0
v -7.383489032334182 10.233744826167822 0.0
v -10.2851656054263 -7.441092358902097 0.0
v -2.617132090847008 9.383217371068895 0.0
v 5.184631128329784 -13.763283222913742 0.0
v 14.82903217303101 6.85576965007931 0.0
v -8.433768809016328 4.278808517381549 0.0
v 2.6386968258884735 -0.7231667311862111 0.0
v -9.141633680672385 -5.4307143362239 0.0
v -8.62994714739034 -2.8211881518363953 0.0
v 12.066464422037825 -10.516883210279047 0.0
v 7.110426337399986 -8.519274150952697 0.0
v -14.209320759167895 8.5752715440467 0.0
v -3.7027354368474334 3.5405639577656984 0.0
v 4.923762796621304 -13.26930081564933 0.0
v -14.777404420543462 -4.634814937599003 0.0
v 5.292263391951565 -9.911608104594052 0.0
v -6.860226301650982 8.671820637769997 0.0
v 14.888572651718277 1.7538468316197395 0.0
v 13.385855319851544 10.276152689009905 0.0
v 13.059503153897822 13.621226188726723 0.0
v 8.683125268609729 -0.2983257668092847 0.0
v -9.490579171222635 13.501255818642676 0.0
v 1.4875366880442016 2.4250628305599093 0.0
v 3.3699195728404447 7.937750842422247 0.0
v -10.54359191248659 -0.6248928569257259 0.0
v 1.8725838317186572 5.671660696156323 0.0
v 0.847334859368857 10.643552710302174 0.0
v -0.7739413280505687 -2.980808171443641 0.0
v -1.5440064608701505 4.828224533237517 0.0
v -9.99802598322276 0.5502717569470406 0.0
v 14.375372906390112 11.93245794903487 0.0
v 9.93549747247016 -7.429200102575123 0.0
v 2.855003902222961 7.575031431391835 0.0
v -10.583630996057764 3.2915969444438815 0.0
v -12.61466190579813 13.207591075450182 0.0
v -11.194637685548514 -7.501454323530197 0.0
v -3.7181560554308817 13.196027266792953 0.0
v -3.4523680497077294 9.880505288019776 0.0
v -0.4322269824333489 9.836555782705545 0.0
v 3.523833059007302 -13.30872611142695 0.0
v 6.546096944541205 -1.3692115992307663 0.0
v 9.182471934356727 -9.365524470806122 0.0
v -5.909536550112534 11.294779917225242 0.0
v -12.633557873545215 -12.05110907740891 0.0
v -9.26425724173896 11.037636199966073 0.0
v 14.942119940125849 1.4809572966769338 0.0
v 4.594366841483861 9.481314492411911 0.0
v 7.309437231393531 -14.734915188513696 0.0
v 13.573736508726142 -12.975494166836143 0.0
v 14.73294188734144 -5.114959113299847 0.0
v -11.549972688313574 -7.017151237465441 0.0
v -6.3239093880984 -13.535926312208176 0.0
v -4.7831274577765726 -5.742015509866178 0.0
v 12.085481243848335 -2.5361391017213464 0.0
v 8.318948274536524 1.7641712538897991 0.0
v 0.7402204721583985 -4.634079636074603 0.0
v -1.7984928950900212 5.284017433412373 0.0
v 6.502371115144342 -5.852929467335343 0.0
v 6.493389208451845 -3.93343354947865 0.0
v 14.825284596940037 0.19785932544618845 0.0
v 3.519884123990778 1.312645292840898 0.0
v -2.64839910925366 3.7363188825547695 0.0
v 9.421279939997476 5.172680896706879 0.0
v 4.092840166180395 -14.729658903554082 0.0
v 6.766497825679835 6.77344702091068 0.0
v -13.313022397400346 0.43195316661149263 0.0
v 7.253439953492489 -6.123676583170891 0.0
v -3.7677233981667086 14.033972395583987 0.0
v -7.000065267144237 7.861631078645587 0.0
v 2.5005214596749283 -6.095262361690402 0.0
v 11.417153940885328 12.548680365085602 0.0
v -2.1022554095834494 0.9181345533579588 0.0
v -8.903374194167554 4.376482616178691 0.0
v -1.0654630023054779 5.823057513684034 0.0
v 13.49492055241717 9.468955984339118 0.0
v 13.001600982621312 -14.712450222112238 0.0
v 12.263657161442097 1.2287526428699493 0.0
v -5.8164098300621845 5.456302828155458 0.0
v -0.5870121720945463 -9.455837491899729 0.0
v -0.4156904484843835 11.983694597147405 0.0
v 3.2324472470209002 -11.574331030249596 0.0
v -5.241496384260245 6.128181203268468 0.0
v 9.696043639851268 7.897223325446248 0.0
v -1.878125294460915 -13.146088231354952 0.0
v -6.182349107286427 9.726772129535675 0.0
v 9.039481086481828 -5.468643635511398 0.0
v 5.611862928897608 0.6470467420294881 0.0
v -10.379395278403535 1.5712653985247016 0.0
v -14.002551666286308 5.436669639311731 0.0
v 0.7877307547605596 1.909393417648971 0.0
v -5.628776811179705 -1.493557397276163 0.0
v 9.551390884444118 -14.734133400022984 0.0
v -9.576774913817644 2.6385359447449446 0.0
v 12.203931208059657 -8.774158665910363 0.0
v 4.962651046982501 14.17801799904555 0.0
v 9.255544479645323 12.451469306834042 0.0
v -7.543603624217212 1.798039535060525 0.0
v 13.455693720490672 -10.17785746883601 0.0
v -2.8159700825926848 12.256372871808708 0.0
v -5.10027076327242 9.42747236508876 0.0
v -0.08510167070198804 -5.808267066255212 0.0
v 2.463289642939344 -7.109991805627942 0.0
v -5.631688435736578 8.686972801573575 0.0
v -9.070823631365784 -0.29192504845559597 0.0
v 10.116407521767542 -5.640422019176185 0.0
v -0.01305332942865789 -4.3208162849769 0.0
v 14.158392904908396 0.8918692525476217 0.0
v -13.346420278190635 -3.3509222557768226 0.0
v 13.742255999182817 -10.29062617663294 0.0
v 10.097334386606235 -0.6524004843086004 0.0
v 1.8711161556420848 -11.481634336523712 0.0
v -12.30846338631818 2.122976035811007 0.0
v -7.323965026065707 -11.755045803263783 0.0
v 7.840170824027155 -10.942615638487041 0.0
v 10.918145543604624 12.109611894004047 0.0
v 7.511368347273674 -3.268648694269359 0.0
v 1.6197393865440972 -2.9784587817266583 0.0
v -3.9297641325974837 -11.579420022666454 0.0
v -1.7338891883846372 0.1716266479343176 0.0
v 10.03247059113346 -12.735658014193177 0.0
v -6.942449121270329 13.244305833242834 0.0
v 8.325878106348682 8.982459200546145 0.0
v 4.605483288585674 0.7812613435089588 0.0
v 9.433294708840549 -0.14357846044003963 0.0
v -3.38725994725246 6.670601034536958 0.0
v -13.775285202253144 -10.177396879531443 0.0
v -9.030317390104756 3.5460282703861594 0.0
v -9.467587048013229 -3.8819946264848113 0.0
v 4.242114350316115 2.9630205957219005 0.0
v -1.6819985494366847 4.9200505912303925 0.0
v 12.01669207244413 14.797649168409407 0.0
v -7.559941672428977 0.03925185464322567 0.0
v 11.611012284061871 3.7590341893956065 0.0
v 6.742236867954489 -2.667853433638811 0.0
v 5.89771061821375 -12.731099710799754 0.0
v 7.247093885904178 -5.699390416964889 0.0
v 13.549397495633457 -13.205287430435419 0.0
v 11.492155792424455 7.140016436576843 0.0
v -12.441253172699362 6.020291994325817 0.0
v -2.4054721177672036 -10.065742440521717 0.0
v 10.81645890942309 12.988357075490057 0.0
v 10.18604010035051 -8.466234751977026 0.0
v -3.2159017372177914 6.546207792125642 0.0
v 1.848799176281318 4.673409353941679 0.0
v 5.937169320648536 0.22364197298884392 0.0
v 1.5425807736464776 2.5599779449403286 0.0
v -12.408856617170386 -14.799870579503477 0.0
v -6.096676212444436 13.169553673826158 0.0
v 13.547407341946382 13.638037965632975 0.0
v 3.676279630861245 4.401387939229608 0.0
v -13.336552187800407 0.6413780739530921 0.0
v -14.50489968736656 1.7139084627851844 0.0
v -11.383301492780447 12.629952629096806 0.0
v 12.392310256429482 4.327923398464918 0.0
v -2.3233577352948487 9.917847654782236 0.0
v 13.59322051028721 6.55666412319988 0.0
v -5.818222087691538 -9.222020575776696 0.0
v -13.165496124769561 -6.498936775140464 0.0
v -9.26596945343772 13.002402612008154 0.0
v -8.185598067764658 -1.6909053437411785 0.0
v 4.950519816717133 -5.367430747486651 0.0
v 5.857817516720388 10.558529110625386 0.0
v 5.918976703367662 -1.1302238702774048 0.0
v -10.968206290213857 2.8845219230279326 0.0
v 4.379057843820192 7.559928128495812 0.0
v -0.6230214839451946 6.995732855051756 0.0
v -3.9867358647170477 -11.341510904952884 0.0
v -3.904720070073381 -5.084138985723257 0.0
v 8.87760475394316 13.67366479896009 0.0
v 2.0912188334041275 8.233288556337357 0.0
v 8.65160640067188 14.99662793520838 0.0
v -7.888874956115615 -10.224920665845275 0.0
v -14.419661465275567 0.9752252213656902 0.0
v 14.645585303078406 -3.2852165270596743 0.0
v 14.64190076343948 -4.45600903686136 0.0
v 2.1817845960031264 3.9887263579294086 0.0
v 11.921410726150498 7.9552336279302835 0.0
v -1.8727474852930754 -14.590007946826518 0.0
v 4.789692029647995 0.3406857568770647 0.0
v -12.262270415434614 6.446545007638633 0.0
v 0.8383128387504257 8.434643502347171 0.0
v 12.564753826882225 3.3146468000486493 0.0
v -9.169455887400545 7.294748214073479 0.0
v 8.846519143262412 -7.423484451137483 0.0
v 11.94110299058957 -4.742167668417096 0.0
v 6.598998824076261 7.228417932055891 0.0
v -14.940295098582283 7.929725208319724 0.0
v 11.573010194930248 13.971974659711123 0.0
v 11.839200151502155 10.057364690117538 0.0
v 4.783515133778565 -7.976418059319258 0.0
v 9.557691892492585 8.461454700678587 0.0
v -3.4682821250753477 -4.630168009549379 0.0
v 7.535611958010122 -8.547724036499858 0.0
v 3.1435540917445906 3.690746077336371 0.0
v -1.6130240870406851 11.474666744470596 0.0
v -6.876794045208953 -0.5391217572614551 0.0
v 2.200948194076773 2.832872469909489 0.0
v 0.6106648445129395 3.9654579078778625 0.0
v 5.175828566483688 8.15912395529449 0.0
v 8.83789335959591 -10.692710522562265 0.0
v 0.02027804055251181 -14.200114850886166 0.0
v -12.761109885759652 12.935384524054825 0.0
v -0.052703015971928835 -12.805065795779228 0.0
v 13.917633335920982 -5.8538558185100555 0.0
v -7.229968824714888 4.361625399440527 0.0
v 9.182234459614847 -8.290941044688225 0.0
v -8.717680530739017 6.132770414464176 0.0
v 13.139518013398629 -10.275978366844356 0.0
v -5.279374673962593 -2.7517341701313853 0.0
v 5.60545689141145 6.705416309647262 0.0
v 14.739223620039411 -14.624545702710748 0.0
v -12.739663832297083 14.849632035940886 0.0
v 11.543146031617653 4.239253794774413 0.0
v -10.174406041624025 3.032869012095034 0.0
v -5.872169309761375 -14.965250357054174 0.0
v 13.361632110259961 2.4614948937669396 0.0
v 11.69959751458373 10.270607474260032 0.0
v 7.230822865094524 5.3649958577007055 0.0
v -4.545194173231721 -10.968814413063228 0.0
v 2.817207754822448 -2.704433348029852 0.0
v 3.1743608494871296 -6.802859606221318 0.0
v -10.784532587160356 9.287409209646285 0.0
v -12.856379183125682 -2.308142493478954 0.0
v 8.913994397094939 6.750070980750024 0.0
v 13.384220629057381 -0.024241150356829166 0.0
v -3.49912173388293 2.466363080777228 0.0
v -3.0650177841307595 -1.298850222490728 0.0
v -11.88418294209987 6.700221427716315 0.0
v 8.538587370829191 -8.350196210667491 0.0
v -0.3772223833366297 12.552856686525047 0.0
v 13.284972142137121 -6.9608955308794975 0.0
v 8.426040467107669 11.84108611010015 0.0
v -11.441997495421674 -7.60157835111022 0.0
v 5.812953488435596 -6.751632437109947 0.0
v 6.314188434742391 7.208424453623593 0.0
v 5.674757702159695 2.064773876219988 0.0
v -1.3678748446982354 -5.093908652663231 0.0
v -0.40759001940023154 -10.815020278096199 0.0
v 11.477007167704869 6.860995709896088 0.0
v 7.429380822461098 -4.475242993794382 0.0
v 11.082989682618063 -8.192211702466011 0.0
v 12.208191215991974 7.850226925686002 0.0
v -6.499081785907038 -13.84029352851212 0.0
v 9.397735196631402 8.559338524006307 0.0
v -5.200170513882767 6.965893228538334 0.0
v 10.062507637485396 -13.813921377062798 0.0
v 2.1083144051372074 3.927661898545921 0.0
v -10.822816295607481 9.6810500677675 0.0
v 7.073791771545075 -1.119859704747796 0.0
v -1.942847901955247 -0.7468548724427819 0.0
v 13.079142930626404 8.206578011624515 0.0
v -4.864477267197799 -7.888114816509187 0.0
v 7.096380922477692 -9.877866765484214 0.0
v 3.645186467911117 -1.1384135140106082 0.0
v 11.79419223277364 5.478646343573928 0.0
v 12.648952201241627 13.771687892265618 0.0
v -6.45236138231121 2.23336514364928 0.0
v -3.052336254506372 5.988354554399848 0.0
v -11.098081091186032 2.058755804784596 0.0
v 12.057611980068032 -4.236372075974941 0.0
v -2.780244268826209 -8.684006684459746 0.0
v 10.715677040279843 5.326118277385831 0.0
v -14.626797489647288 -4.474073817022145 0.0
v -3.8740826318389736 -13.643835135735571 0.0
v 8.229744925687555 -5.779738952405751 0.0
v -13.493197184754536 14.647212117910385 0.0
v -5.22418114671018 11.293104606680572 0.0
v -2.3058859343873337 -5.57242217939347 0.0
v 9.951016946753953 -9.040073923766613 0.0
v -10.953796464134939 -5.95796272251755 0.0
v 2.0742713452200405 10.353962497785687 0.0
v -1.8849757603602484 13.222659634426236 0.0
v -0.14526916900649667 -2.666703366674483 0.0
v 3.017816688749008 -2.025046242401004 0.0
v -6.761147229524795 -4.427355042658746 0.0
v 14.729361606179737 6.987250339239836 0.0
v -8.618093465222046 2.506377063691616 0.0
v 8.686175288865343 13.619156593456864 0.0
v -5.731627973378636 3.8038312569260597 0.0
v 9.80546081776265 -0.6533277276903391 0.0
v -5.952400843962096 -10.679750107228756 0.0
v 14.612432525726035 -6.04386536218226 0.0
v 6.172621050383896 9.533214597962797 0.0
v 8.973469298449345 -12.027325225062668 0.0
v -13.311182345903944 3.861443616449833 0.0
v 6.806198297301307 10.425729888491333 0.0
v -10.377941994694993 13.24642217066139 0.0
v -7.748260367487092 13.318094833754003 0.0
v 9.207548092585057 -2.5215834314003587 0.0
v 2.3321358702960424 -10.191293069161475 0.0
v -7.437542184314225 -10.618897756561637 0.0
v -2.3367052424582653 -14.928653528913856 0.0
v -4.352238831750583 -3.1396342273801565 0.0
v -5.855361259309575 -3.799266116693616 0.0
v -14.763637578231283 -7.047453195787966 0.0
v -4.862998431141023 -9.988310107029974 0.0
v 2.1203487377497368 -10.261253003031015 0.0
v -10.999108954973053 -6.716274036094546 0.0
v -12.537972334132064 7.748070643283427 0.0
v 5.574471951695159 3.5905606616288424 0.0
v -5.983324786880985 3.2083283411338925 0.0
v -2.729053800634574 -4.904614238999784 0.0
v 7.720315611572005 8.27084332332015 0.0
v 7.753662101633381 -12.911869985051453 0.0
v 8.69763286068337 3.627117189578712 0.0
v 12.247392782534007 -3.393093617632985 0.0
v -10.019653860479593 -4.946806970983744 0.0
v 8.107622565410566 1.8296596156433225 0.0
v 6.674663529149257 -12.993261232040823 0.0
v -9.722196416638326 -11.333446767181158 0.0
v 5.970511785824783 11.799805901013315 0.0
v -2.016478940146044 12.89998083282262 0.0
v -5.205706643289886 9.171581381000578 0.0
v -10.74535977334017 -12.129533983767033 0.0
v 12.816676174697932 3.6195043763145804 0.0
v -9.202781892498024 -9.523557069711387 0.0
v -6.565795532776974 -9.171400808729231 0.0
v -7.9511664127931 -9.727245021611452 0.0
v 5.626123084570281 -4.417114845477045 0.0
v 6.585736716107931 0.7838381910696626 0.0
v -12.060671732062474 -8.729724222794175 0.0
v 12.841695285460446 -5.884100855328143 0.0
v -4.254000049841125 9.288165681064129 0.0
v 12.836612575803883 1.1994937537238002 0.0
v 11.985184696968645 -14.26095275208354 0.0
v 9.233997862436809 -11.360590424388647 0.0
v -9.821389443764929 14.30869494471699 0.0
v 0.08542103559011593 11.752382640726864 0.0
v 13.656927348638419 8.5009432034567 0.0
v 9.688004169845954 -4.295922365039587 0.0
v 8.009107249497902 -11.120149562135339 0.0
v 10.495970961288549 6.334585706703365 0.0
v -3.2841053561423905 -13.27896263729781 0.0
v 8.86191472079372 0.7091263802722096 0.0
v -0.42842026986181736 -0.46304037794470787 0.0
v -0.527430416084826 0.8572852527722716 0.0
v -13.958395698689856 13.58719277009368 0.0
v -5.448375871579628 11.092942061834037 0.0
v -12.536312675278168 6.4367676274850965 0.0
v 14.940181491430849 0.8795834863558412 0.0
v 10.702602062490769 2.1258932389318943 0.0
v 11.367246491776314 -13.26070729829371 0.0
v -2.7218017584527843 7.556113038212061 0.0
v -0.5500565355760045 -10.384780645370483 0.0
v -4.230604885669891 10.416710142046213 0.0
v -5.948309393133968 6.824688536114991 0.0
v -7.939939373638481 8.48748688492924 0.0
v 2.3515042373910546 10.929619614034891 0.0
v -14.296519797120709 4.649674881249666 0.0
v 9.881250680307858 0.3562849797308445 0.0
v -13.187556237098761 4.208255562931299 0.0
v -10.7561674953904 -7.399664593860507 0.0
v -8.523840700567234 10.413229986093938 0.0
v 1.0115232188836671 5.261738000437617 0.0
v -2.701684974541422 9.929765976965427 0.0
v -9.562427042517811 -14.534864927642047 0.0
v -7.287657396751456 -1.0563312526792288 0.0
v -12.66709814965725 2.510660272091627 0.0
v 3.193566774367355 -9.99894664529711 0.0
v -14.402559296984691 -8.550716714933515 0.0
v 5.654654736514203 -13.821466626599431 0.0
v -11.727582652354613 2.458142237737775 0.0
v 8.301814840117004 -9.438297460786998 0.0
v 10.860684709565248 -7.469768537208438 0.0
v 14.383156529802363 -12.03367168456316 0.0
v 6.117245350324083 9.552750437520444 0.0
v -14.729354523762595 12.617026748135686 0.0
v -2.2871594545431435 -3.1452958025038242 0.0
v -4.132089734252077 -10.204401455819607 0.0
v -13.703632453863975 8.230344413779676 0.0
v 14.368052176956553 -12.050536989234388 0.0
v 4.717817506403662 10.815121596679091 0.0
v -0.035733357653953135 -9.631428325548768 0.0
v -12.117806521826424 -2.4395603043958545 0.0
v 11.715941199450754 -0.2154821092262864 0.0
v -11.001379024062771 13.359349355101585 0.0
v -0.3134135768050328 9.000991585664451 0.0
v -14.169684540946037 11.618241605348885 0.0
v -14.315284439304378 3.579699380323291 0.0
v 13.551996725145727 1.5372315030544996 0.0
v 8.591347130248323 -0.2210815353319049 0.0
v -4.196518324490171 -8.235485963523388 0.0
v 9.37305569567252 10.341938443481922 0.0
v 5.277772499946877 5.864544108510017 0.0
v -4.079850815993268 -6.549195997416973 0.0
v 12.03165231476305 5.793660061433911 0.0
v -10.17446137877414 3.9787091547623277 0.0
v 8.638925701088738 11.766676485538483 0.0
v 2.0027722964878194 8.554369148798287 0.0
v 14.84147885569837 -5.905949432402849 0.0
v -5.127677885699086 -1.8137788074091077 0.0
v -5.0526359301875345 9.598580501973629 0.0
v -6.640313224634156 2.58455234952271 0.0
v -6.7279812810593285 13.334978486411273 0.0
v 6.727752109465655 -2.411481381393969 0.0
v -14.545713067869656 -11.457039025612175 0.0
v -6.096459882915951 -1.7561510847881436 0.0
v 3.37623763125157 13.457079720683396 0.0
v 3.5010338361607864 -0.7026487626135349 0.0
v 14.895285399397835 -11.965098032727838 0.0
v 12.9822905624751 -9.897853189148009 0.0
v -0.10643531376263127 11.077377903275192 0.0
v 13.896606198512018 11.037465801462531 0.0
v -5.0379516026587225 11.363708721473813 0.0
v 0.30807983153499663 -14.715370943769813 0.0
v 5.523693816969171 -14.891871803440154 0.0
v -6.312181549554225 0.4542420208454132 0.0
v 9.682746089005377 14.875498937442899 0.0
v -2.717029636085499 5.563283423893154 0.0
v -12.027844248397741 -10.09474058356136 0.0
v 1.9087592117721215 -8.846373666077852 0.0
v -1.152641203138046 3.486410215497017 0.0
v 14.541364643664565 -1.0019125500693917 0.0
v 6.32944645488169 5.155367869883776 0.0
v 4.982298520277254 -4.90985749848187 0.0
v 0.8080972352181561 -6.382153251208365 0.0
v -5.4177625182201155 13.23170980066061 0.0
v 7.867414113949053 -7.7394451182335615 0.0
v 12.691059525473975 1.2125784726813436 0.0
v 8.086384855909273 8.786402307450771 0.0
v 5.877089400193654 8.402614856138825 0.0
v -13.241942386550363 4.869022098369896 0.0
v -11.158838506031316 -11.94324322603643 0.0
v 11.128178503655363 9.137476752512157 0.0
v 9.350288937450387 -4.462929415516555 0.0
v -5.24509435769869 9.765249831601977 0.0
v 2.9315655896789394 4.665996769443154 0.0
v -13.718027910974342 -6.070531646721065 0.0
v -10.224256156245247 -13.73764923401177 0.0
v -4.461475725052878 10.907855222932994 0.0
v 6.720733823836781 -5.110422238707542 0.0
v -14.013245056034066 7.450215966440737 0.0
v -8.244151055056136 11.75878404174 0.0
v 1.6907379146432504 -2.364173823967576 0.0
v -10.575055833265651 5.108168473467231 0.0
v 3.1505114323226735 -4.942687867209315 0.0
v -10.01872082229238 8.53517107013613 0.0
v 12.808836194395553 9.496697878465056 0.0
v -4.850761230511125 -7.837601722218096 0.0
v -3.7290917067439295 -10.527078326791525 0.0
v 1.3791245277388953 12.205933631397784 0.0
v -14.901028997264802 11.96004908811301 0.0
v -8.316724741656799 5.482908057980239 0.0
v 8.799410573847126 -13.162895316258073 0.0
v 5.611623890988994 2.771720121614635 0.0
v -2.7504365640925243 -4.1686855759471655 0.0
v -5.445829228847288 5.547435919754207 0.0
v -12.202103534305934 7.7336217276751995 0.0
v -10.297697420290206 10.09074133913964 0.0
v 11.484817638469394 -3.2927252678200603 0.0
v -6.882936657057144 10.844706423580647 0.0
v -11.969881730736233 -0.8350236937403679 0.0
v 0.6160256310249679 8.42446786351502 0.0
v 9.875778360001277 4.208981583826244 0.0
v -6.424003524240106 10.454469702206552 0.0
v -2.7378323349985294 1.6619664104655385 0.0
v -9.648867449141107 0.8872598512098193 0.0
v 0.07173177757067606 3.0702961776405573 0.0
v 12.305553645419423 -8.320026664994657 0.0
v 10.858630651317071 -10.917745538055897 0.0
v 11.871329870307818 11.580792838707566 0.0
v 1.4255795139470138 -11.325673052109778 0.0
v 14.10678507090779 5.744324186816812 0.0
v -10.083018416131381 13.95868241880089 0.0
v 11.513285570312291 -10.409379033371806 0.0
v -10.576686995802447 -12.947126565501094 0.0
v -2.9486265479936264 -7.2349343141540885 0.0
v 10.34852972131921 -0.03222649730741978 0.0
f 1578 314 512
f 1744 571 1703
f 1744 507 571
f 247 1363 1824
f 1372 1932 770
f 571 292 1703
f 314 773 1236
f 1706 314 1236
f 1706 1707 314
f 1827 825 1243
f 327 306 915
f 1363 380 1824
f 380 1363 1596
f 1747 247 1824
f 1932 1114 770
f 1114 922 602
f 1114 1932 512
f 922 1114 512
f 507 1287 571
f 584 158 571
f 584 1287 322
f 1287 584 571
f 1872 314 1578
f 1872 1592 314
f 773 56 1236
f 1002 1706 1236
f 1706 1002 1707
f 866 1578 512
f 332 822 113
f 1603 529 917
f 529 1603 146
f 1744 1317 507
f 1145 1996 507
f 535 1603 917
f 1603 535 1673
f 1047 211 1032
f 1940 1032 1703
f 1940 1047 1032
f 342 1827 1243
f 1064 342 1243
f 254 433 364
f 91 855 1165
f 293 486 1086
f 467 192 487
f 1204 825 1827
f 306 1204 1827
f 1204 306 12
f 380 1937 1824
f 1937 380 1532
f 1747 387 988
f 316 1747 1824
f 1938 1580 365
f 1938 1363 247
f 1580 1938 247
f 15 1121 106
f 1121 1114 602
f 922 1121 602
f 1743 61 865
f 1608 61 1743
f 1118 1857 1411
f 1857 30 1411
f 30 61 1608
f 61 30 1857
f 1932 1524 1743
f 1626 492 106
f 1260 385 755
f 385 1260 1531
f 582 1784 29
f 1917 1054 1067
f 372 1287 507
f 1790 1095 164
f 1095 1790 1657
f 681 292 571
f 311 1828 931
f 1961 101 91
f 945 101 1961
f 1230 1747 988
f 855 1230 988
f 1747 1230 1112
f 1230 855 91
f 659 56 773
f 329 659 773
f 1592 1400 314
f 1400 1945 314
f 153 1400 1592
f 813 773 314
f 835 909 1340
f 266 1244 665
f 277 1244 266
f 130 296 1599
f 1221 130 1599
f 130 1221 1440
f 361 1002 1236
f 1002 361 1707
f 1013 1477 1110
f 1477 1013 1637
f 229 1256 1060
f 852 1256 56
f 361 1256 229
f 56 1256 1236
f 1256 361 1236
f 246 413 1703
f 292 1332 1703
f 1332 246 1703
f 529 675 478
f 675 395 478
f 395 675 174
f 1058 1259 884
f 1259 1058 1714
f 1996 1859 507
f 1859 1996 1554
f 1974 1899 517
f 517 230 1798
f 535 16 1673
f 924 211 1047
f 825 1892 1243
f 553 1892 825
f 610 1078 520
f 157 207 853
f 1146 342 1064
f 433 197 364
f 1689 1784 582
f 1784 1689 931
f 968 1304 307
f 184 855 988
f 1304 184 988
f 658 293 1086
f 1645 467 487
f 751 1645 487
f 192 912 487
f 975 467 352
f 467 975 192
f 1379 1138 352
f 467 1379 352
f 1658 553 825
f 1658 300 1417
f 83 336 1417
f 296 1797 1599
f 235 1710 1241
f 1937 1052 1824
f 1052 1710 1824
f 1378 800 327
f 1998 1293 1961
f 1293 945 1961
f 387 710 988
f 1304 710 1775
f 710 1304 988
f 710 573 1775
f 573 710 387
f 573 387 1747
f 1128 304 1801
f 304 1128 1375
f 723 1121 15
f 1121 723 1114
f 723 15 770
f 1114 723 770
f 627 1857 865
f 61 627 865
f 627 61 1857
f 206 516 1413
f 516 206 641
f 1524 762 1743
f 762 1432 1743
f 30 1174 1411
f 1174 30 1608
f 1174 1669 1411
f 1524 238 831
f 238 1903 279
f 238 1524 1932
f 1903 238 1932
f 304 1674 1801
f 1626 758 492
f 1630 15 106
f 492 1630 106
f 1740 1542 641
f 1542 516 641
f 1220 1461 1867
f 1220 1867 1129
f 1868 1220 1129
f 1867 918 1129
f 142 315 1531
f 142 582 29
f 142 1260 582
f 1260 142 1531
f 1839 451 853
f 1054 1971 1067
f 1971 1914 1067
f 1914 1971 1784
f 1917 1585 1054
f 500 1585 340
f 1934 818 1422
f 471 1762 1004
f 958 677 471
f 191 1092 1472
f 684 372 507
f 69 1941 164
f 1941 1790 164
f 1790 1675 1657
f 609 1017 1
f 1017 609 1390
f 1068 1756 276
f 1728 1345 1664
f 1345 1728 1939
f 1728 20 356
f 1368 1341 1664
f 434 1368 1636
f 434 1356 1692
f 1356 434 984
f 1341 434 1692
f 434 1341 1368
f 451 424 853
f 1188 756 984
f 1158 1504 1149
f 1759 1504 691
f 1504 1759 1149
f 1504 341 691
f 341 899 691
f 1158 223 1504
f 341 223 1231
f 223 341 1504
f 143 223 786
f 223 1158 786
f 1173 555 877
f 1173 149 164
f 555 1173 164
f 1095 1012 164
f 1012 555 164
f 1363 1282 1596
f 1305 1938 365
f 826 1088 1494
f 1221 1108 1440
f 273 1526 1040
f 1526 273 769
f 273 1365 842
f 1943 738 797
f 1891 1526 797
f 1526 1891 1040
f 738 1891 797
f 380 662 1532
f 662 1071 1532
f 7 660 618
f 660 7 39
f 1510 1699 1751
f 252 560 965
f 976 316 1824
f 976 578 316
f 1888 1230 91
f 101 1888 91
f 1888 101 945
f 1888 945 1112
f 1230 1888 1112
f 1550 43 1578
f 663 329 1907
f 663 277 266
f 659 663 266
f 663 659 329
f 1945 1299 314
f 1299 813 314
f 349 1400 153
f 1334 1219 1110
f 1219 1334 1244
f 1895 1761 678
f 1862 1013 1110
f 835 1862 909
f 265 1862 835
f 150 1862 1957
f 1862 150 1013
f 521 947 1637
f 150 521 1637
f 750 521 1957
f 521 150 1957
f 1736 229 1060
f 1736 504 229
f 314 1922 512
f 908 1854 1060
f 1477 1369 1110
f 1369 1334 1110
f 1838 852 56
f 1792 1369 1717
f 1369 1792 1334
f 1792 1256 852
f 1838 1792 852
f 1140 1792 1717
f 1792 1140 1256
f 1140 908 1060
f 1256 1140 1060
f 1609 1951 884
f 1609 59 992
f 1757 153 1398
f 1757 349 153
f 840 1490 1048
f 681 1627 292
f 1281 1627 681
f 1089 1627 1374
f 1627 1281 1374
f 1253 191 1472
f 1307 1253 1472
f 325 1332 292
f 1627 325 292
f 636 1603 1673
f 1993 1321 537
f 1993 675 146
f 675 1993 174
f 1603 1993 146
f 626 174 412
f 626 395 174
f 359 1681 478
f 1065 176 788
f 320 529 146
f 675 320 146
f 320 675 529
f 529 586 917
f 1229 822 332
f 1032 1229 1703
f 13 1456 1166
f 1456 1550 1166
f 59 1406 1044
f 1406 1259 1044
f 1259 1406 884
f 1406 1609 884
f 1609 1406 59
f 1259 1079 1044
f 1079 151 1386
f 1951 1856 884
f 1856 1395 884
f 1856 1757 1398
f 1058 1748 264
f 1748 1395 484
f 1395 1748 884
f 1748 1058 884
f 784 1058 264
f 759 1094 507
f 1859 759 507
f 759 1859 1554
f 1869 230 517
f 305 1744 1798
f 539 305 1798
f 305 539 1744
f 539 787 1744
f 787 539 1090
f 16 1075 1673
f 1075 636 1673
f 110 16 535
f 924 110 535
f 110 924 1047
f 1344 1967 1275
f 1078 141 1064
f 141 1078 610
f 141 1146 1064
f 1078 653 520
f 653 1078 1064
f 220 1437 1827
f 306 1437 915
f 1437 306 1827
f 748 1146 1960
f 1146 748 342
f 342 748 1827
f 748 220 1827
f 220 748 1960
f 1884 197 433
f 336 820 1417
f 1251 894 328
f 894 1251 1848
f 254 894 1848
f 894 254 364
f 1487 486 293
f 968 1487 1165
f 968 458 1304
f 458 184 1304
f 184 458 855
f 855 458 1165
f 458 968 1165
f 1487 1424 1165
f 1424 1487 293
f 1424 91 1165
f 658 1424 293
f 1424 1961 91
f 1424 1998 1961
f 1846 328 902
f 1846 658 328
f 735 1379 467
f 1304 735 307
f 1379 735 1304
f 1645 446 486
f 446 1645 751
f 354 446 751
f 486 446 1086
f 446 354 1086
f 912 1823 487
f 1225 996 311
f 1225 1849 912
f 975 1516 192
f 1251 1033 1848
f 1033 1396 1848
f 1458 254 1848
f 1396 1458 1848
f 1458 1396 1260
f 1083 354 751
f 1083 1033 1251
f 300 1928 596
f 596 1928 419
f 1928 1204 12
f 1928 241 419
f 306 1928 12
f 241 1928 306
f 564 1658 825
f 564 300 1658
f 1204 564 825
f 1928 564 1204
f 564 1928 300
f 65 83 1417
f 300 65 1417
f 65 300 596
f 65 898 83
f 196 1221 1599
f 1494 962 1445
f 962 1766 1445
f 1108 962 1494
f 1766 962 1221
f 962 1108 1221
f 1242 1797 750
f 1529 624 1593
f 1515 732 1167
f 935 1515 1167
f 1515 935 241
f 573 1584 1775
f 1379 1584 1138
f 1584 1304 1775
f 1584 1379 1304
f 1580 963 365
f 963 1209 365
f 963 1580 247
f 1209 963 247
f 1209 997 365
f 1273 1209 247
f 1209 1273 1976
f 1895 1295 656
f 1863 1238 1816
f 702 762 1524
f 762 702 1432
f 702 1174 1432
f 745 1174 1608
f 1174 745 1432
f 745 1608 1743
f 1432 745 1743
f 1483 1581 279
f 1669 1581 1411
f 1581 1483 1411
f 778 1118 1411
f 1483 778 1411
f 778 206 1118
f 206 778 641
f 778 1483 641
f 1483 973 641
f 973 1740 641
f 1372 1897 1932
f 1897 1903 1932
f 51 1483 279
f 1903 51 279
f 51 973 1483
f 973 51 1372
f 51 1897 1372
f 1897 51 1903
f 505 404 1098
f 513 404 106
f 989 1477 1637
f 989 896 1431
f 896 989 1637
f 896 388 1431
f 351 388 1896
f 388 847 1896
f 388 896 847
f 978 351 1098
f 978 388 351
f 505 1773 304
f 821 304 1375
f 821 505 304
f 821 758 1626
f 505 821 1626
f 15 1641 770
f 1630 1641 15
f 1641 1372 770
f 1641 1630 1740
f 1641 973 1372
f 973 1641 1740
f 1933 1542 1740
f 1933 1630 492
f 1630 1933 1740
f 1542 1933 1375
f 1933 821 1375
f 758 1933 492
f 821 1933 758
f 516 1992 1222
f 1158 900 786
f 900 1158 417
f 1651 1149 1782
f 1461 1651 1782
f 1220 1651 1461
f 1651 1220 1868
f 1651 1158 1149
f 1158 1651 417
f 245 1868 212
f 1661 1210 906
f 1210 1661 1682
f 268 1185 411
f 1185 268 438
f 1661 268 411
f 268 1661 624
f 1529 268 624
f 330 1588 1638
f 1805 1289 634
f 1289 1805 554
f 1513 1461 634
f 1461 1513 1867
f 1513 918 1867
f 918 297 549
f 1513 297 918
f 1289 297 634
f 297 1513 634
f 1115 1289 554
f 297 1115 549
f 1115 297 1289
f 1786 1160 695
f 791 1923 135
f 82 613 356
f 207 559 853
f 559 1839 853
f 1784 1178 29
f 1971 1178 1784
f 1178 1971 1054
f 1803 617 1091
f 1762 1612 1004
f 1612 818 1934
f 1612 1727 818
f 1727 1612 145
f 1509 1762 471
f 1428 1803 1091
f 1409 958 571
f 958 1218 677
f 584 1218 158
f 1218 1409 158
f 1409 1218 958
f 1218 584 322
f 677 1218 322
f 66 958 471
f 1612 1860 1004
f 1860 1612 1934
f 1559 617 1803
f 617 1559 1268
f 1559 1934 131
f 1268 1559 131
f 1094 1022 507
f 1022 684 507
f 1941 392 1790
f 392 1675 1790
f 1675 392 1087
f 457 1095 1657
f 805 457 1657
f 524 534 1420
f 524 472 534
f 1875 1675 1087
f 461 878 112
f 461 1727 145
f 24 1381 1148
f 1382 933 112
f 1977 476 411
f 476 1661 411
f 1661 476 1832
f 1301 1977 250
f 476 1301 1832
f 1301 476 1977
f 918 1359 1129
f 1868 1505 212
f 547 1197 609
f 138 1944 1270
f 803 1244 277
f 803 1219 1244
f 1394 248 1340
f 248 835 1340
f 248 265 835
f 970 1821 1226
f 1394 970 1226
f 970 1394 1340
f 970 803 1821
f 1591 1449 871
f 1449 1591 1201
f 556 827 381
f 1104 1670 849
f 1670 1117 849
f 1771 1117 1670
f 1749 1240 946
f 1240 1956 946
f 1541 1356 984
f 959 1476 315
f 500 1169 29
f 1169 142 29
f 1807 1826 857
f 1478 1345 1939
f 427 566 1939
f 613 427 356
f 427 1728 356
f 1728 427 1939
f 1341 1889 1664
f 1889 1728 1664
f 1728 1889 20
f 344 421 20
f 344 1341 1692
f 1659 1050 1208
f 2 679 1366
f 424 1412 853
f 939 424 451
f 1188 1501 756
f 1501 2 1366
f 434 502 984
f 502 1188 984
f 566 308 143
f 308 427 613
f 427 308 566
f 436 177 875
f 1938 839 1363
f 1305 839 1938
f 839 1282 1363
f 839 1305 1282
f 1753 1172 1272
f 218 1172 1445
f 1172 1494 1445
f 1947 1246 1162
f 1171 1947 180
f 1517 172 1272
f 1753 172 1176
f 172 1753 1272
f 1968 1272 1162
f 1968 1517 1272
f 1246 1968 1162
f 905 1753 1176
f 1634 905 1176
f 905 1634 1753
f 1088 1280 769
f 1280 1088 826
f 1088 1131 1494
f 1131 1108 1494
f 997 563 365
f 1282 1536 270
f 1305 1536 1282
f 270 1536 1546
f 1496 761 1365
f 761 1295 1785
f 1450 1667 1303
f 1450 1496 1463
f 625 324 1040
f 324 273 1040
f 1822 1891 738
f 1891 185 1040
f 1071 449 1532
f 449 885 173
f 885 1071 134
f 885 449 1071
f 1023 1480 1463
f 660 792 618
f 1584 792 1138
f 1138 792 352
f 792 1584 573
f 960 660 39
f 960 975 352
f 792 960 352
f 960 792 660
f 1124 960 39
f 960 1124 975
f 1510 1124 1699
f 1261 1634 560
f 1261 252 799
f 252 1261 560
f 953 501 588
f 369 1106 930
f 369 68 1106
f 68 369 696
f 370 824 1633
f 370 543 824
f 543 370 1800
f 1999 543 1800
f 578 1405 316
f 316 1405 1747
f 1405 573 1747
f 792 1405 618
f 1405 792 573
f 1405 1796 618
f 156 953 89
f 953 156 501
f 1710 133 1824
f 133 1710 235
f 133 976 1824
f 1796 1499 618
f 1499 7 618
f 1143 1872 1578
f 43 1143 1578
f 153 460 1398
f 813 781 773
f 1400 920 1945
f 920 1299 1945
f 1219 1387 1110
f 1862 1387 909
f 1387 1862 1110
f 803 1387 1219
f 970 1387 803
f 909 1387 1340
f 1387 970 1340
f 1365 630 842
f 1725 10 1543
f 10 1725 678
f 1716 947 296
f 1716 1761 1738
f 1862 1096 1957
f 265 1096 1862
f 1013 1119 1637
f 1119 150 1637
f 150 1119 1013
f 947 1618 296
f 521 1618 947
f 1618 521 750
f 1618 1797 296
f 1797 1618 750
f 1922 360 512
f 1736 1814 504
f 504 590 229
f 579 590 504
f 590 361 229
f 361 590 1707
f 590 579 1707
f 1922 1582 504
f 1582 579 504
f 579 1582 1707
f 1707 1582 314
f 1582 1922 314
f 14 1736 1060
f 1854 14 1060
f 1300 922 512
f 1300 1121 922
f 659 1586 56
f 1586 1838 56
f 1838 1586 665
f 1586 266 665
f 1586 659 266
f 1792 1982 1334
f 1982 1792 1838
f 1982 1838 665
f 1244 1982 665
f 1334 1982 1244
f 231 1140 1717
f 1140 231 908
f 908 231 1431
f 231 989 1431
f 989 231 1477
f 1369 231 1717
f 231 1369 1477
f 639 447 992
f 1757 447 329
f 447 1856 1951
f 1856 447 1757
f 1175 1757 329
f 1757 1175 349
f 1175 781 349
f 1175 329 773
f 781 1175 773
f 151 872 1386
f 872 151 1048
f 1490 872 1048
f 1873 1079 1386
f 1079 1873 1044
f 386 1089 1374
f 1253 386 1374
f 386 1253 1307
f 386 1307 260
f 1089 386 260
f 1332 1364 246
f 1370 1627 1089
f 1370 325 1627
f 636 1647 1603
f 1647 1993 1603
f 1993 1647 1321
f 1647 1075 1321
f 1075 1647 636
f 626 1935 395
f 395 860 478
f 860 359 478
f 359 860 395
f 359 1393 1681
f 1393 822 1681
f 1563 359 395
f 1935 1563 395
f 1563 350 866
f 359 1563 866
f 50 1130 412
f 1721 1749 946
f 50 1721 946
f 1721 50 1749
f 830 1783 176
f 1065 830 176
f 1970 1783 1861
f 132 1550 1578
f 1550 132 1166
f 866 132 1578
f 586 1720 917
f 1663 1229 1032
f 1229 1663 1144
f 1681 1552 478
f 1552 529 478
f 271 1229 1144
f 586 271 1144
f 822 1361 1681
f 1361 1552 1681
f 1552 1361 728
f 1229 1361 822
f 271 1361 1229
f 1361 271 728
f 96 13 264
f 96 1456 13
f 1748 96 264
f 592 43 1550
f 1456 592 1550
f 1058 1847 1714
f 784 1847 1058
f 784 1254 577
f 1254 1438 577
f 548 437 463
f 1438 548 577
f 901 548 1995
f 548 901 437
f 548 343 1995
f 343 548 1438
f 840 873 295
f 873 840 1048
f 1665 873 1048
f 873 1336 295
f 540 443 981
f 443 540 295
f 1336 443 295
f 1182 1771 1864
f 1488 1182 1864
f 1567 787 1090
f 81 1899 1974
f 81 701 1899
f 1899 701 517
f 701 1869 517
f 1869 1147 230
f 230 1147 1798
f 1147 539 1798
f 539 1147 1090
f 1147 1869 1090
f 1021 1317 1744
f 787 1021 1744
f 32 983 1908
f 983 1567 1908
f 1567 983 787
f 1021 983 1317
f 983 1021 787
f 983 32 1145
f 983 1145 507
f 1317 983 507
f 1333 413 246
f 891 227 16
f 110 891 16
f 1940 891 1047
f 891 110 1047
f 195 1196 48
f 1567 1685 1908
f 1996 1819 1554
f 1819 1156 1554
f 90 74 1791
f 652 1967 1344
f 1967 652 1274
f 55 258 876
f 291 1892 553
f 653 291 553
f 1892 291 1243
f 291 1064 1243
f 291 653 1064
f 653 358 520
f 358 653 553
f 657 1196 915
f 415 657 915
f 1437 1245 915
f 1245 1437 1795
f 1245 415 915
f 95 739 1795
f 1245 445 415
f 739 445 1795
f 445 1245 1795
f 1423 157 853
f 157 1385 207
f 1385 934 207
f 197 1568 1765
f 1884 1568 197
f 41 1525 610
f 1853 41 610
f 41 197 1765
f 1525 41 1765
f 527 41 1853
f 197 41 364
f 41 527 364
f 328 883 902
f 883 820 336
f 820 811 1417
f 811 1658 1417
f 358 811 1237
f 1658 811 553
f 811 358 553
f 894 1081 328
f 1081 883 328
f 479 968 307
f 1645 98 467
f 98 735 467
f 735 98 307
f 98 479 307
f 996 163 311
f 780 163 996
f 163 1828 311
f 163 780 1828
f 1704 1823 952
f 1704 1083 751
f 1083 1704 1033
f 1849 567 912
f 1823 567 952
f 567 1823 912
f 1180 1689 582
f 1516 49 192
f 49 1516 996
f 1813 912 192
f 1813 1225 912
f 49 1813 192
f 1225 1813 996
f 1813 49 996
f 846 1225 311
f 1225 846 1849
f 1180 846 1689
f 846 1180 1849
f 199 780 996
f 1516 199 996
f 780 199 1751
f 199 1510 1751
f 199 1124 1510
f 199 1516 975
f 1124 199 975
f 1033 1850 1396
f 1850 1704 952
f 1704 1850 1033
f 1458 1041 254
f 1041 1260 755
f 1041 1458 1260
f 1083 1842 354
f 1842 658 1086
f 354 1842 1086
f 1842 1083 1251
f 1842 1251 328
f 658 1842 328
f 241 910 419
f 910 898 419
f 1349 65 596
f 1349 898 65
f 1349 596 419
f 898 1349 419
f 1766 253 1445
f 253 218 1445
f 1233 1242 750
f 1233 1096 265
f 1233 750 1957
f 1096 1233 1957
f 1591 1082 1201
f 1821 666 1226
f 1160 819 1711
f 614 1160 887
f 1573 42 1927
f 800 1298 327
f 1298 306 327
f 1298 241 306
f 1298 1515 241
f 1679 239 1378
f 732 239 1679
f 239 800 1378
f 239 732 1515
f 239 1298 800
f 1298 239 1515
f 629 1679 1112
f 629 323 1679
f 323 629 731
f 1288 323 1293
f 34 1238 1303
f 997 34 1303
f 1857 1120 865
f 1120 203 865
f 1624 203 374
f 1273 1624 374
f 1624 1273 247
f 1624 247 865
f 203 1624 865
f 1238 290 1816
f 1273 444 1976
f 444 1273 374
f 1049 1652 1222
f 1434 516 1222
f 561 1895 678
f 561 1295 1895
f 1732 1863 1858
f 1732 1343 656
f 1343 1732 1858
f 1295 1646 656
f 1646 1732 656
f 1732 1646 1863
f 761 1646 1295
f 1217 1863 1816
f 1863 1217 1858
f 1049 1217 1816
f 1217 1049 1858
f 550 1128 1801
f 550 1343 1128
f 550 1574 1343
f 942 1524 831
f 942 702 1524
f 1991 505 1626
f 1991 404 505
f 1991 1626 106
f 404 1991 106
f 1351 896 1637
f 896 1351 847
f 829 1351 1637
f 1351 829 847
f 847 1019 1896
f 1019 17 1896
f 829 1019 847
f 17 1019 1133
f 1019 829 1133
f 17 1564 1896
f 1564 17 1133
f 947 60 1637
f 60 829 1637
f 829 60 1133
f 1716 60 947
f 552 388 234
f 1854 552 234
f 552 1854 908
f 552 908 1431
f 388 552 1431
f 404 22 1098
f 22 978 1098
f 22 404 513
f 22 513 234
f 388 22 234
f 978 22 388
f 941 351 1896
f 351 941 1098
f 941 505 1098
f 941 1773 505
f 1542 1997 516
f 1997 1992 516
f 1997 1542 1375
f 1128 1997 1375
f 1992 1465 1222
f 1465 1049 1222
f 1465 1997 1128
f 1997 1465 1992
f 1049 1465 1858
f 1465 1343 1858
f 1343 1465 1128
f 900 568 439
f 568 1651 439
f 245 209 1868
f 1651 209 439
f 209 1651 1868
f 186 245 212
f 286 1619 1711
f 819 286 1711
f 1768 1977 411
f 1185 1768 411
f 845 1661 906
f 1661 845 624
f 815 845 906
f 1255 1661 1832
f 1661 1255 1682
f 776 1255 694
f 1255 776 1682
f 268 688 438
f 1354 1638 554
f 1461 394 634
f 1588 393 1638
f 1638 393 554
f 1115 393 1376
f 393 1115 554
f 879 252 965
f 879 1588 330
f 252 879 799
f 879 330 799
f 1539 1339 890
f 1339 1539 1
f 1786 1931 890
f 1160 1507 887
f 1786 1507 1160
f 1001 421 857
f 791 1001 857
f 1318 87 1741
f 1825 740 899
f 740 1724 1122
f 1018 1825 899
f 1018 341 1231
f 341 1018 899
f 1018 87 1825
f 1923 1018 1231
f 87 1018 1741
f 1018 791 1741
f 791 1018 1923
f 730 1585 1917
f 1310 730 1917
f 1585 730 340
f 581 1137 1476
f 1137 581 1839
f 1137 1540 1476
f 615 581 574
f 1541 615 574
f 1839 1660 451
f 581 1660 1839
f 1660 615 451
f 615 1660 581
f 1585 570 1054
f 570 1178 1054
f 570 1585 500
f 570 500 29
f 1178 570 29
f 1268 1909 1985
f 1909 280 1985
f 430 1211 606
f 123 1697 115
f 1556 1565 115
f 430 1565 998
f 76 631 346
f 518 1364 321
f 1321 867 537
f 631 1731 903
f 1731 76 236
f 76 1731 631
f 1727 224 818
f 818 224 1422
f 224 1388 1422
f 461 224 1727
f 677 1038 471
f 1038 1509 471
f 191 1294 1092
f 1294 1904 1092
f 158 687 571
f 687 1409 571
f 1409 687 158
f 1073 861 958
f 1073 66 1269
f 66 1073 958
f 191 1073 1269
f 861 1073 191
f 861 1179 958
f 958 1179 571
f 1179 681 571
f 1281 1179 1374
f 1179 1281 681
f 1253 1930 191
f 1930 861 191
f 1930 1179 861
f 1930 1253 1374
f 1179 1930 1374
f 1973 471 1004
f 1973 66 471
f 1156 936 1554
f 684 1481 372
f 1481 473 372
f 473 1297 372
f 878 1631 713
f 1631 974 713
f 1631 461 145
f 461 1631 878
f 1509 886 1762
f 1612 886 145
f 886 1612 1762
f 1127 204 587
f 1127 392 204
f 1127 587 1087
f 392 1127 1087
f 1039 392 1941
f 1357 524 1420
f 524 1357 1925
f 836 1357 1420
f 1659 1538 275
f 1538 1659 1208
f 1538 1208 534
f 1535 655 1506
f 569 1535 1506
f 1675 1407 1657
f 1875 1407 1675
f 1407 805 1657
f 1407 1381 805
f 1381 1407 1148
f 587 693 1087
f 693 1875 1087
f 655 693 587
f 1535 693 655
f 693 1535 1148
f 1407 693 1148
f 693 1407 1875
f 1141 475 353
f 353 475 705
f 457 763 1095
f 933 1887 112
f 1887 569 1506
f 1570 1887 933
f 878 938 112
f 938 1382 112
f 1141 938 878
f 938 1141 353
f 938 353 705
f 1382 938 705
f 1962 1382 705
f 1488 1331 981
f 1331 317 1756
f 1331 225 317
f 219 1068 276
f 1595 540 981
f 1331 1595 981
f 454 1339 1
f 1339 454 1074
f 1017 454 1
f 1359 454 1017
f 1026 1868 1129
f 1026 1505 1868
f 1359 1026 1129
f 1026 1359 1017
f 1505 1622 212
f 1622 1505 1390
f 609 406 1390
f 1197 406 609
f 972 1419 1390
f 406 972 1390
f 1197 9 1593
f 547 9 1197
f 1416 547 609
f 1944 893 1270
f 893 1561 1270
f 1726 1210 1682
f 35 186 212
f 280 575 606
f 639 2000 1907
f 1882 2000 639
f 317 63 1756
f 1155 1771 1670
f 1104 1155 1670
f 1771 1155 1864
f 1155 225 1864
f 225 1155 317
f 1155 63 317
f 63 1155 1104
f 213 1488 1864
f 225 213 1864
f 213 1331 1488
f 1331 213 225
f 848 1194 1956
f 1104 1194 1101
f 1136 1240 1749
f 1993 1136 174
f 1136 1993 537
f 1240 1136 537
f 174 1136 412
f 1136 50 412
f 50 1136 1749
f 214 848 1956
f 1240 214 1956
f 288 959 315
f 142 288 315
f 1169 288 142
f 959 377 1476
f 581 377 574
f 377 581 1476
f 612 1541 574
f 1541 612 1356
f 612 994 1356
f 994 612 857
f 612 1807 857
f 612 959 1807
f 817 1169 500
f 817 1826 1807
f 817 500 340
f 1318 817 340
f 598 1318 1741
f 598 817 1318
f 817 598 1826
f 566 1384 1939
f 1384 1478 1939
f 1296 263 875
f 177 1296 875
f 1384 1296 993
f 994 1459 1356
f 1356 1459 1692
f 421 1459 857
f 1459 994 857
f 1459 344 1692
f 344 1459 421
f 1889 140 20
f 140 344 20
f 140 1889 1341
f 344 140 1341
f 1050 1809 1208
f 1208 1809 534
f 534 1809 1420
f 1809 836 1420
f 715 1809 775
f 1809 715 836
f 836 1629 11
f 715 1629 836
f 11 1629 611
f 1629 1478 611
f 1478 1629 1345
f 1345 1629 1664
f 1629 715 1664
f 756 1493 984
f 482 1493 756
f 980 1541 984
f 1493 980 984
f 980 1493 482
f 980 615 1541
f 980 482 451
f 615 980 451
f 424 1105 1045
f 1105 679 1045
f 679 1105 1366
f 939 1105 424
f 1105 1501 1366
f 1501 1105 756
f 1906 424 1045
f 1906 1412 424
f 1412 498 853
f 498 1423 853
f 1423 498 1302
f 498 739 1302
f 498 445 739
f 482 1010 451
f 1010 939 451
f 1010 1105 939
f 1010 482 756
f 1105 1010 756
f 502 1557 1188
f 1195 223 143
f 308 1195 143
f 223 1195 1231
f 1195 308 1231
f 1923 1623 135
f 1623 1923 1231
f 308 1623 1231
f 82 1623 613
f 1623 308 613
f 1016 1296 177
f 1296 1016 993
f 1016 11 611
f 1016 1384 993
f 1478 1016 611
f 1384 1016 1478
f 436 228 177
f 228 1173 877
f 1173 228 149
f 1172 711 1272
f 711 1172 218
f 1526 442 797
f 465 1172 1753
f 465 999 797
f 442 465 797
f 465 442 1172
f 465 1634 999
f 1634 465 1753
f 1722 826 1494
f 1172 1722 1494
f 1602 1517 965
f 1602 172 1517
f 560 1602 965
f 172 1602 1176
f 1602 1634 1176
f 1634 1602 560
f 188 1088 769
f 188 1131 1088
f 273 188 769
f 188 273 842
f 1131 188 842
f 798 1543 1108
f 1131 798 1108
f 798 1131 842
f 630 798 842
f 798 630 1543
f 1841 997 1303
f 1841 563 997
f 1667 1841 1303
f 563 1841 1667
f 637 1305 365
f 563 637 365
f 593 319 1546
f 1536 593 1546
f 108 761 1785
f 761 108 1365
f 108 630 1365
f 1277 1450 1303
f 1450 1277 1496
f 1277 761 1496
f 1667 1522 319
f 1450 1522 1667
f 1522 1450 1463
f 273 1548 1365
f 324 1548 273
f 1548 1496 1365
f 1071 1643 134
f 1643 119 532
f 1822 402 1891
f 185 402 532
f 402 185 1891
f 402 1643 532
f 1643 402 673
f 1077 625 1040
f 185 1077 1040
f 40 696 588
f 40 940 696
f 501 40 588
f 940 1735 696
f 1084 1100 1241
f 1735 1100 173
f 1100 1735 940
f 506 1084 1241
f 1710 506 1241
f 1052 506 1710
f 616 449 173
f 1100 616 173
f 616 1100 1084
f 616 1084 1532
f 449 616 1532
f 489 380 1596
f 489 662 380
f 662 1325 1071
f 489 1325 662
f 94 1572 1023
f 1613 94 1023
f 94 1613 119
f 1572 491 1023
f 491 1480 1023
f 1480 491 1546
f 491 270 1546
f 491 1282 270
f 1177 1080 89
f 1080 156 89
f 156 1080 237
f 1150 1177 89
f 1177 1150 1699
f 1699 1972 1751
f 649 955 931
f 955 1784 931
f 955 1914 1784
f 895 864 1067
f 895 955 649
f 168 1190 1943
f 1634 168 999
f 1261 168 1634
f 168 1943 797
f 999 168 797
f 1948 1261 799
f 1948 330 1633
f 330 1948 799
f 1829 1467 930
f 673 1829 930
f 402 1829 673
f 1829 402 1822
f 126 764 89
f 696 337 588
f 337 953 588
f 369 337 696
f 126 1123 1770
f 337 1123 953
f 1123 337 369
f 1876 126 1770
f 126 1876 870
f 1876 1037 870
f 1876 714 1037
f 1467 714 930
f 330 1453 1633
f 1453 370 1633
f 370 1453 330
f 985 1611 78
f 1037 1611 870
f 1611 985 870
f 985 166 706
f 985 729 870
f 729 985 706
f 729 302 870
f 302 729 812
f 302 126 870
f 302 764 126
f 1186 1672 969
f 1672 812 969
f 1672 302 812
f 764 1672 1186
f 302 1672 764
f 1793 649 969
f 812 1793 969
f 1793 895 649
f 895 1793 864
f 864 551 1067
f 1999 551 864
f 551 1917 1067
f 551 1310 1917
f 1310 551 1800
f 551 1999 1800
f 187 578 976
f 187 1405 578
f 1405 187 1796
f 187 133 1796
f 133 187 976
f 1616 133 235
f 156 1616 501
f 1499 1865 237
f 1865 156 237
f 133 1865 1796
f 1865 1499 1796
f 1865 1616 156
f 1616 1865 133
f 1856 1912 1395
f 1395 1912 484
f 1912 1856 1398
f 460 1912 1398
f 592 1912 43
f 1872 1639 1592
f 1143 1639 1872
f 1639 1143 43
f 1912 1639 43
f 1639 1912 460
f 349 772 1400
f 772 920 1400
f 781 772 349
f 772 781 813
f 1299 772 813
f 920 772 1299
f 904 1761 1895
f 1574 904 1895
f 1761 904 1738
f 1343 1460 656
f 1574 1460 1343
f 1460 1895 656
f 1460 1574 1895
f 1108 1408 1440
f 1543 1408 1108
f 10 1408 1543
f 130 283 296
f 283 130 1440
f 1408 283 1440
f 1066 1922 504
f 1814 1066 504
f 1066 360 1922
f 1066 1814 360
f 513 1763 234
f 1763 513 106
f 1121 1763 106
f 1300 1763 1121
f 391 14 1854
f 391 1763 1300
f 14 391 1736
f 391 1854 234
f 1763 391 234
f 391 1814 1736
f 1814 391 360
f 360 391 512
f 391 1300 512
f 455 1609 992
f 447 455 992
f 1609 455 1951
f 455 447 1951
f 329 802 1907
f 447 802 329
f 802 639 1907
f 802 447 639
f 362 957 789
f 362 1882 1189
f 1840 431 381
f 827 1840 381
f 170 1882 639
f 1882 170 1189
f 170 639 992
f 170 59 1044
f 59 170 992
f 1873 170 1044
f 170 1873 1189
f 544 1364 1332
f 1364 544 321
f 325 544 1332
f 1370 544 325
f 544 1370 321
f 193 1089 260
f 193 1370 1089
f 1607 1970 1861
f 1970 1607 71
f 281 626 412
f 281 1935 626
f 907 359 866
f 907 1393 359
f 907 866 113
f 822 907 113
f 1393 907 822
f 1028 830 1065
f 1028 580 1861
f 580 1028 1065
f 1783 1028 1861
f 830 1028 1783
f 1029 1130 50
f 1970 1029 50
f 1029 1970 71
f 1377 1970 50
f 1956 1377 946
f 1377 50 946
f 1688 1065 788
f 1688 901 1065
f 437 1688 788
f 901 1688 437
f 54 132 866
f 350 54 866
f 1279 54 350
f 654 54 580
f 54 1279 580
f 211 400 1032
f 400 1663 1032
f 1552 1788 529
f 1788 1552 728
f 271 1788 728
f 1788 586 529
f 1788 271 586
f 1435 96 1748
f 1435 1748 484
f 1665 426 1714
f 426 1665 1048
f 151 426 1048
f 1079 426 151
f 1745 873 1665
f 1447 784 264
f 1447 1254 784
f 1447 503 1254
f 13 1447 264
f 503 1447 13
f 132 783 1166
f 1254 783 1438
f 343 1059 1995
f 1059 765 1995
f 765 1059 132
f 1059 783 132
f 1059 343 1438
f 783 1059 1438
f 1918 548 463
f 1182 1794 943
f 1794 443 1336
f 443 1794 981
f 1794 1488 981
f 1794 1182 1488
f 1810 1333 1153
f 1333 1810 1701
f 1810 227 1701
f 1035 891 1940
f 891 1035 227
f 227 1035 1701
f 1035 1940 1703
f 413 1035 1703
f 1333 1035 413
f 1035 1333 1701
f 44 1344 1275
f 44 721 1344
f 1257 652 1344
f 1685 1521 1908
f 1819 1521 1491
f 258 1200 876
f 1050 1159 1625
f 1159 1050 1659
f 1274 1223 275
f 1223 1659 275
f 1223 1159 1659
f 33 90 1791
f 1746 1495 1566
f 1223 1495 1159
f 1495 1746 1625
f 1159 1495 1625
f 1910 81 1974
f 1910 701 81
f 944 1910 538
f 1910 944 701
f 195 1719 1196
f 1196 1719 915
f 358 927 520
f 927 610 520
f 927 1853 610
f 1437 1547 1795
f 1547 95 1795
f 1547 1437 220
f 95 1547 220
f 95 261 739
f 261 220 1960
f 261 95 220
f 162 445 1228
f 445 162 415
f 651 162 1228
f 162 657 415
f 162 651 657
f 261 233 739
f 739 233 1302
f 233 1423 1302
f 1423 233 157
f 1327 233 1960
f 233 261 1960
f 1146 1690 1960
f 1690 1327 1960
f 141 1690 1146
f 1385 249 934
f 954 1137 1839
f 1137 954 1540
f 954 718 1540
f 601 670 1884
f 278 1525 1765
f 1568 278 1765
f 278 1568 1884
f 670 278 1884
f 811 1942 1237
f 1942 811 820
f 1487 604 486
f 604 1645 486
f 604 1487 968
f 479 604 968
f 604 98 1645
f 98 604 479
f 1355 1704 751
f 1704 1355 1823
f 1355 751 487
f 1823 1355 487
f 1519 567 1849
f 1519 1180 582
f 1180 1519 1849
f 1260 1519 582
f 1396 1519 1260
f 1850 1519 1396
f 567 1519 952
f 1519 1850 952
f 1415 846 311
f 846 1415 1689
f 1415 311 931
f 1689 1415 931
f 1590 1766 1221
f 1590 253 1766
f 196 1590 1221
f 253 1590 196
f 1693 253 180
f 253 1693 218
f 1947 1693 180
f 1693 711 218
f 1693 1947 1162
f 1272 1693 1162
f 711 1693 1272
f 1963 1164 1201
f 179 1233 265
f 1233 179 1242
f 248 179 265
f 1242 179 600
f 179 248 600
f 1797 1668 1599
f 1668 196 1599
f 1242 1668 1797
f 1164 1668 1242
f 1963 1668 1164
f 1772 1242 600
f 1772 1164 1242
f 1449 1772 600
f 1772 1449 1201
f 1164 1772 1201
f 1346 1591 871
f 1346 1082 1591
f 1851 1171 180
f 1851 1082 1171
f 1082 1851 1201
f 1851 1963 1201
f 466 1394 1226
f 284 466 1226
f 1666 284 1927
f 1648 248 1394
f 248 1648 600
f 1648 1449 600
f 1449 1648 871
f 666 594 1781
f 594 647 1781
f 594 666 863
f 88 1573 1927
f 1573 88 1781
f 284 88 1927
f 88 284 1226
f 666 88 1226
f 88 666 1781
f 1103 819 1160
f 614 1103 1160
f 495 42 422
f 1082 495 1171
f 1666 495 871
f 495 1346 871
f 1346 495 1082
f 42 495 1927
f 495 1666 1927
f 1457 986 1246
f 1457 1947 1171
f 1947 1457 1246
f 1015 614 887
f 910 1444 898
f 898 1444 83
f 83 1444 336
f 1444 1576 336
f 1489 1293 1998
f 1489 1288 1293
f 1489 1389 18
f 1389 1489 1998
f 470 888 731
f 323 888 1293
f 888 323 731
f 945 73 1112
f 73 629 1112
f 629 73 731
f 73 470 731
f 1335 935 1167
f 1329 18 1576
f 1329 1335 1288
f 1329 1489 18
f 1489 1329 1288
f 777 732 1679
f 323 777 1679
f 34 1836 1238
f 290 1836 1976
f 1836 290 1238
f 1836 1209 1976
f 1118 1874 1857
f 1874 1120 1857
f 206 1874 1118
f 1874 206 1413
f 444 102 1976
f 102 290 1976
f 1049 102 1652
f 290 102 1816
f 102 1049 1816
f 1778 444 374
f 203 1778 374
f 1120 1778 203
f 516 1290 1413
f 1434 1290 516
f 1290 1874 1413
f 1512 561 678
f 1238 215 1303
f 1863 215 1238
f 215 1277 1303
f 1277 215 761
f 1574 1441 1801
f 1441 550 1801
f 550 1441 1574
f 702 680 1174
f 942 680 702
f 680 1669 1174
f 680 942 831
f 680 1581 1669
f 238 680 831
f 680 238 279
f 1581 680 279
f 1564 210 1674
f 1674 210 1801
f 904 210 1738
f 210 1574 1801
f 210 904 1574
f 60 64 1133
f 64 60 1716
f 64 1564 1133
f 64 210 1564
f 64 1716 1738
f 210 64 1738
f 326 941 1896
f 941 326 1773
f 1564 326 1896
f 326 1564 1674
f 326 1674 304
f 1773 326 304
f 1651 1604 417
f 568 1604 1651
f 1604 900 417
f 1604 568 900
f 1470 186 138
f 186 1470 900
f 1470 138 1270
f 474 900 439
f 474 186 900
f 186 474 245
f 209 474 439
f 474 209 245
f 688 528 438
f 1414 1655 1711
f 1414 528 1655
f 1414 1185 438
f 528 1414 438
f 1573 882 1695
f 1030 1185 1046
f 1030 1768 1185
f 827 1030 1046
f 1030 827 556
f 1977 1030 250
f 1768 1030 1977
f 1338 268 1529
f 1338 688 268
f 528 1338 1655
f 1338 528 688
f 1338 1529 1593
f 9 1338 1593
f 1805 1560 554
f 1560 1354 554
f 1560 1805 634
f 394 1560 634
f 1354 928 1638
f 928 330 1638
f 928 370 330
f 899 272 691
f 272 1759 691
f 432 272 899
f 272 432 394
f 1759 272 1149
f 272 394 1461
f 272 1461 1782
f 1149 272 1782
f 1724 597 1122
f 597 1978 1122
f 913 1786 695
f 1931 913 695
f 913 1931 1786
f 1929 791 135
f 1929 1001 791
f 1623 1929 135
f 1929 1623 82
f 1929 82 356
f 722 87 1318
f 87 722 1825
f 722 740 1825
f 740 722 1724
f 722 1318 340
f 1724 722 340
f 754 740 1122
f 740 754 899
f 1700 730 1310
f 399 1700 1310
f 730 1700 340
f 1700 1724 340
f 1700 399 1724
f 621 718 315
f 718 621 1540
f 1476 621 315
f 1540 621 1476
f 315 318 1531
f 718 318 315
f 318 385 1531
f 385 318 755
f 333 1041 755
f 254 333 433
f 1041 333 254
f 37 655 587
f 1909 1698 280
f 280 1698 1034
f 37 1698 1909
f 1698 1039 1034
f 204 1698 587
f 1698 37 587
f 1211 1702 1921
f 1702 1216 1921
f 1216 1702 998
f 1702 430 998
f 1702 1211 430
f 733 1211 1921
f 617 733 1091
f 733 1216 1091
f 1216 733 1921
f 1211 1713 606
f 1713 280 606
f 280 1713 1985
f 1916 123 776
f 1916 776 694
f 717 1916 694
f 1199 1565 1556
f 1199 1193 1216
f 1199 1216 998
f 1565 1199 998
f 363 1556 115
f 1697 363 115
f 1843 1313 259
f 1313 1843 240
f 1313 1694 259
f 1694 1313 1904
f 518 469 1364
f 1364 469 246
f 469 1333 246
f 1731 1953 903
f 1953 1731 1170
f 129 165 1835
f 1125 677 322
f 1125 1038 677
f 194 1294 191
f 633 485 259
f 485 1843 259
f 1843 1151 240
f 240 1151 1307
f 518 1151 1352
f 1151 485 1352
f 485 1151 1843
f 19 1559 1803
f 1559 19 1934
f 19 1860 1934
f 1860 86 1004
f 19 86 1860
f 86 19 743
f 86 1973 1004
f 1973 86 1036
f 1691 936 1156
f 198 1691 1491
f 1819 1691 1156
f 1691 1819 1491
f 936 480 1554
f 480 1022 1094
f 480 759 1554
f 759 480 1094
f 75 1481 684
f 1297 1426 372
f 372 1426 1287
f 1426 1600 1287
f 974 664 713
f 57 664 974
f 664 1569 713
f 664 57 1600
f 874 57 974
f 481 1631 145
f 1631 481 974
f 886 481 145
f 1589 1941 69
f 1589 1039 1941
f 392 1479 204
f 1039 1479 392
f 1479 1698 204
f 1698 1479 1039
f 1577 1885 118
f 1885 806 118
f 682 1454 1328
f 1980 889 1831
f 55 889 648
f 889 1980 648
f 80 1967 1274
f 1161 80 1274
f 1497 1132 877
f 555 1497 877
f 1012 1497 555
f 1142 475 1141
f 1142 878 713
f 1142 1141 878
f 475 1214 705
f 1614 1012 1095
f 790 1870 1987
f 790 1958 1870
f 1687 224 461
f 1687 461 112
f 1887 1687 112
f 1687 1887 1506
f 655 1687 1506
f 224 1687 655
f 1855 1319 1877
f 1570 1319 1855
f 1319 1570 933
f 435 1570 1855
f 435 24 1148
f 1887 435 569
f 1570 435 1887
f 937 1958 1877
f 1319 937 1877
f 1958 937 1870
f 937 1962 1870
f 937 1319 933
f 1382 937 933
f 1962 937 1382
f 1936 1962 705
f 1214 1936 705
f 703 219 828
f 1436 881 991
f 881 1436 431
f 454 1312 1074
f 1312 454 1359
f 1312 1359 918
f 1312 918 549
f 355 1312 549
f 1312 355 1074
f 925 1026 1017
f 1026 925 1505
f 925 1017 1390
f 1505 925 1390
f 1622 1109 212
f 1109 35 212
f 972 121 1419
f 121 815 906
f 838 1197 1593
f 121 838 815
f 838 121 972
f 624 838 1593
f 845 838 624
f 838 845 815
f 760 406 1197
f 760 972 406
f 838 760 1197
f 760 838 972
f 1655 367 1711
f 1338 367 1655
f 367 1338 9
f 367 1160 1711
f 1160 367 695
f 961 609 1
f 961 1416 609
f 1539 961 1
f 1416 961 1539
f 572 1708 906
f 572 1726 1708
f 1210 572 906
f 1726 572 1210
f 1959 1726 1682
f 1726 1959 1708
f 1708 1779 906
f 1779 708 906
f 1779 1708 583
f 1347 1235 1111
f 6 1205 645
f 1286 1111 425
f 6 1286 425
f 1286 6 645
f 1286 1347 1111
f 1347 1286 645
f 1292 1944 138
f 1292 35 1944
f 186 1292 138
f 35 1292 186
f 312 6 425
f 893 312 425
f 312 893 1944
f 35 312 1944
f 221 430 606
f 575 221 606
f 1020 1258 115
f 410 1258 1020
f 38 280 1034
f 38 575 280
f 38 837 107
f 699 309 863
f 803 699 1821
f 666 699 863
f 699 666 1821
f 892 309 576
f 2000 892 576
f 892 2000 1882
f 1615 1104 1101
f 1615 63 1104
f 176 692 788
f 692 437 788
f 437 692 463
f 692 1771 463
f 692 1117 1771
f 1194 643 1956
f 643 1377 1956
f 1776 23 848
f 23 1194 848
f 1194 23 1101
f 959 1350 1807
f 288 1350 959
f 1350 288 1169
f 1464 377 959
f 612 1464 959
f 377 1464 574
f 1464 612 574
f 791 46 1741
f 46 598 1741
f 598 46 1826
f 46 791 857
f 1826 46 857
f 1296 122 263
f 122 143 786
f 263 122 786
f 122 1296 1384
f 122 566 143
f 122 1384 566
f 796 715 775
f 1368 796 1636
f 796 1368 1664
f 715 796 1664
f 1746 1429 1625
f 1429 92 1625
f 1429 1620 92
f 1429 33 1791
f 1620 1429 1791
f 289 120 923
f 651 120 657
f 1196 859 48
f 932 1620 1791
f 1562 932 1284
f 1620 932 1562
f 1755 289 923
f 1640 651 1228
f 1640 498 1412
f 445 1640 1228
f 498 1640 445
f 1113 1557 502
f 1113 434 1636
f 1113 502 434
f 1562 1113 1636
f 1113 1562 1284
f 1557 1113 1284
f 1072 589 177
f 1833 1072 177
f 589 1072 1925
f 1072 524 1925
f 524 1072 1132
f 1072 1833 1132
f 589 1789 177
f 1789 1016 177
f 1016 1789 11
f 1789 589 1925
f 1357 1789 1925
f 1789 836 11
f 1789 1357 836
f 1811 1833 177
f 228 1811 177
f 1811 228 877
f 1132 1811 877
f 1833 1811 1132
f 228 1545 149
f 1545 228 436
f 442 856 1172
f 856 1722 1172
f 856 442 1526
f 856 1526 769
f 1280 856 769
f 856 1280 826
f 1722 856 826
f 1468 1014 1752
f 393 640 1376
f 640 393 1588
f 879 640 1588
f 1283 1667 319
f 593 1283 319
f 1893 593 1536
f 1893 1536 1305
f 637 1893 1305
f 632 563 1667
f 1283 632 1667
f 632 1283 593
f 632 637 563
f 632 1893 637
f 1893 632 593
f 1480 1093 1463
f 1093 1522 1463
f 1093 1480 1546
f 319 1093 1546
f 1522 1093 319
f 68 753 1106
f 753 68 134
f 1643 753 134
f 1264 1077 185
f 1264 1023 1463
f 1264 1613 1023
f 885 977 173
f 977 1735 173
f 977 885 134
f 68 977 134
f 977 68 696
f 1735 977 696
f 1227 1100 940
f 1227 40 501
f 40 1227 940
f 1227 1616 235
f 1616 1227 501
f 1227 235 1241
f 1100 1227 1241
f 1733 506 1052
f 506 1733 1084
f 1733 1052 1937
f 1733 1937 1532
f 1084 1733 1532
f 1325 1380 1572
f 1380 1325 489
f 1380 491 1572
f 1380 489 1596
f 1282 1380 1596
f 491 1380 1282
f 1643 152 119
f 152 94 119
f 1134 1325 1572
f 1325 1134 1071
f 1224 1080 1177
f 7 1224 39
f 1224 1124 39
f 724 1499 237
f 1080 724 237
f 1499 724 7
f 724 1224 7
f 1224 724 1080
f 1250 1186 969
f 1250 1972 1186
f 649 1250 969
f 1828 1250 931
f 1250 649 931
f 1150 1099 1699
f 1099 1972 1699
f 955 483 1914
f 895 483 955
f 1914 483 1067
f 483 895 1067
f 168 1503 1190
f 1503 168 1261
f 1190 1278 1943
f 1278 378 1943
f 378 956 1467
f 1278 956 378
f 956 985 78
f 956 166 985
f 956 1278 1190
f 734 378 1467
f 1829 734 1467
f 734 738 1943
f 378 734 1943
f 734 1822 738
f 734 1829 1822
f 810 764 1186
f 810 1099 1150
f 810 1150 89
f 764 810 89
f 1972 810 1186
f 1099 810 1972
f 967 1123 126
f 1123 967 953
f 967 126 89
f 953 967 89
f 1123 844 1770
f 844 1123 369
f 1215 1876 1770
f 1215 714 1876
f 844 1215 1770
f 1215 844 369
f 1215 369 930
f 714 1215 930
f 1611 384 78
f 384 1611 1037
f 706 862 824
f 166 862 706
f 824 862 1633
f 1322 460 153
f 1322 1639 460
f 1322 153 1592
f 1639 1322 1592
f 376 1716 296
f 283 376 296
f 362 1498 957
f 881 1498 991
f 1498 362 1189
f 1873 1498 1189
f 464 362 789
f 362 464 1882
f 464 892 1882
f 1076 1840 957
f 1498 1076 957
f 1076 1498 881
f 1442 1279 350
f 1563 1442 350
f 1442 1563 1935
f 281 1442 1935
f 580 104 1861
f 104 1607 1861
f 104 117 1607
f 1607 117 71
f 1377 1709 1970
f 1970 1709 1783
f 1709 1774 1783
f 643 1709 1377
f 1117 1709 849
f 1774 1709 1117
f 54 1537 132
f 1537 765 132
f 1720 707 917
f 1421 707 1720
f 707 1421 924
f 707 535 917
f 707 924 535
f 929 1720 586
f 929 400 1720
f 400 929 1663
f 929 586 1144
f 1663 929 1144
f 644 1421 1720
f 400 644 1720
f 644 400 211
f 924 644 211
f 1421 644 924
f 493 592 1456
f 96 493 1456
f 493 1912 592
f 1342 1079 1259
f 1342 426 1079
f 1342 1259 1714
f 426 1342 1714
f 757 1745 943
f 1794 757 943
f 757 1794 1336
f 757 1336 873
f 1745 757 873
f 503 1309 1254
f 783 1309 1166
f 1309 783 1254
f 1309 13 1166
f 1309 503 13
f 1182 795 1771
f 1771 795 463
f 795 1918 463
f 548 182 577
f 1918 182 548
f 1745 182 943
f 854 257 1418
f 257 854 274
f 227 1628 16
f 1063 1890 721
f 1890 310 721
f 1508 1443 536
f 1443 533 198
f 533 1508 698
f 1508 533 1443
f 1521 595 1491
f 595 1521 1685
f 1443 595 1685
f 595 198 1491
f 595 1443 198
f 1521 951 1908
f 951 1521 1819
f 951 32 1908
f 32 951 1145
f 951 1996 1145
f 951 1819 1996
f 833 1425 274
f 1425 944 274
f 716 1685 1567
f 716 833 536
f 1443 716 536
f 716 1443 1685
f 854 1239 274
f 1239 833 274
f 1248 1223 1274
f 1248 1495 1223
f 1495 1248 1566
f 1257 226 1566
f 33 725 90
f 725 310 90
f 725 1746 1566
f 725 1429 1746
f 1429 725 33
f 90 1894 74
f 310 1894 90
f 1894 1890 74
f 1890 1894 310
f 1954 44 1275
f 1881 1954 72
f 1367 1285 205
f 927 1102 1853
f 1007 358 1237
f 1007 927 358
f 1007 1102 927
f 1102 1007 1853
f 527 1007 1237
f 1007 527 1853
f 704 233 1327
f 1690 704 1327
f 704 1690 1385
f 704 1385 157
f 233 704 157
f 1183 249 1385
f 1690 1183 1385
f 249 1183 267
f 1183 141 610
f 1183 1690 141
f 1525 1183 610
f 1183 1525 267
f 1583 278 670
f 1525 1583 267
f 278 1583 1525
f 1583 249 267
f 249 1583 934
f 1583 585 934
f 585 1583 670
f 809 1942 820
f 1942 809 1081
f 883 809 820
f 1081 809 883
f 1448 1942 1081
f 1448 1081 894
f 1448 527 1237
f 1942 1448 1237
f 1448 894 364
f 527 1448 364
f 253 1291 180
f 1291 1851 180
f 1851 1291 1963
f 1291 1668 1963
f 1291 253 196
f 1668 1291 196
f 114 1648 1394
f 466 114 1394
f 114 1666 871
f 1648 114 871
f 309 697 863
f 697 594 863
f 697 309 1308
f 1553 697 1308
f 594 697 1553
f 1866 1308 789
f 1866 1358 1308
f 957 1866 789
f 1358 1866 957
f 1913 1358 647
f 594 1913 647
f 1913 594 1553
f 1913 1553 1308
f 1358 1913 1308
f 1840 541 957
f 541 1840 827
f 1103 620 819
f 882 620 1695
f 420 1103 614
f 420 1015 422
f 1015 420 614
f 1457 834 986
f 834 1015 986
f 834 1457 1171
f 495 834 1171
f 834 495 422
f 1015 834 422
f 1955 1846 902
f 1955 1389 1846
f 4 1389 1998
f 1389 4 1846
f 1846 4 658
f 1424 4 1998
f 4 1424 658
f 161 888 470
f 161 73 945
f 73 161 470
f 1293 161 945
f 888 161 1293
f 1097 1329 1576
f 1335 1097 935
f 1329 1097 1335
f 935 1097 241
f 1097 910 241
f 1097 1444 910
f 1444 1097 1576
f 1271 323 1288
f 1271 777 323
f 1271 1335 1167
f 1335 1271 1288
f 732 1271 1167
f 777 1271 732
f 287 34 997
f 287 1836 34
f 287 997 1209
f 1836 287 1209
f 1874 58 1120
f 102 1492 1652
f 1492 102 444
f 1778 1492 444
f 1410 1290 1434
f 1652 1410 1222
f 1410 1434 1222
f 565 1725 1543
f 1512 565 1543
f 1725 565 678
f 565 1512 678
f 1512 1025 561
f 1295 1025 1785
f 561 1025 1295
f 630 1446 1543
f 1446 1512 1543
f 1446 1025 1512
f 1025 1446 1785
f 1446 108 1785
f 108 1446 630
f 45 1646 761
f 215 45 761
f 1646 45 1863
f 45 215 1863
f 1414 1003 1185
f 1003 1619 1046
f 1185 1003 1046
f 1619 1003 1711
f 1003 1414 1711
f 1486 1255 1832
f 1486 1301 250
f 1301 1486 1832
f 370 1769 1800
f 928 1769 370
f 1107 928 1354
f 1769 1107 1978
f 1107 1769 928
f 1107 1560 269
f 1560 1107 1354
f 1900 1107 269
f 1107 1900 1978
f 1452 597 1724
f 399 1452 1724
f 1452 399 1310
f 1452 1310 1800
f 1966 605 1468
f 1966 355 549
f 1115 1966 549
f 605 1966 1115
f 1649 1115 1376
f 1649 605 1115
f 605 1649 1468
f 1014 1649 1376
f 1649 1014 1468
f 355 70 1074
f 1339 70 890
f 70 1339 1074
f 70 1786 890
f 70 1507 1786
f 1266 1929 356
f 1929 1266 1001
f 20 1266 356
f 421 1266 20
f 1001 1266 421
f 1053 333 755
f 333 1053 718
f 318 1053 755
f 1053 318 718
f 333 1534 433
f 1534 1884 433
f 1534 601 1884
f 546 333 718
f 546 954 601
f 954 546 718
f 1534 546 601
f 546 1534 333
f 1571 1268 131
f 147 1571 1388
f 1388 1571 1422
f 1934 1571 131
f 1571 1934 1422
f 1154 37 1909
f 1154 1571 147
f 1154 147 1388
f 1154 1909 1268
f 1571 1154 1268
f 646 733 617
f 733 646 1211
f 646 1713 1211
f 1713 646 1985
f 646 1268 1985
f 646 617 1268
f 1916 160 562
f 703 160 530
f 160 717 530
f 160 1916 717
f 160 703 1597
f 1265 1199 1556
f 1265 76 346
f 1193 1265 346
f 1199 1265 1193
f 1904 868 1092
f 1313 868 1904
f 868 1307 1472
f 1092 868 1472
f 868 240 1307
f 868 1313 240
f 752 1324 903
f 631 401 346
f 1579 401 631
f 499 1694 1904
f 1579 499 1904
f 752 499 1324
f 499 752 1694
f 499 1579 631
f 499 631 903
f 1324 499 903
f 21 518 1352
f 1212 867 1321
f 214 1232 848
f 867 1232 537
f 1212 1232 867
f 1232 1212 767
f 1232 1240 537
f 1232 214 1240
f 1654 623 1383
f 1731 1192 1170
f 409 1192 1731
f 808 1731 236
f 808 409 1731
f 808 1198 409
f 1697 808 236
f 808 1697 123
f 1916 808 123
f 1528 160 1597
f 160 1528 562
f 497 165 1718
f 1125 181 1038
f 1509 181 366
f 1038 181 1509
f 366 181 322
f 181 1125 322
f 232 191 1269
f 232 194 191
f 66 232 1269
f 232 1973 1036
f 1973 232 66
f 86 1207 1036
f 1207 86 743
f 1294 1880 1428
f 194 1880 1294
f 1428 1880 1803
f 926 21 1352
f 21 926 1764
f 1307 514 260
f 1151 514 1307
f 514 193 260
f 193 514 1370
f 514 1151 518
f 1370 514 321
f 514 518 321
f 1022 982 684
f 982 75 684
f 480 982 1022
f 1481 1024 473
f 1024 1680 473
f 558 874 366
f 1287 558 322
f 558 366 322
f 1804 1509 366
f 1804 886 1509
f 1662 1589 69
f 1589 1662 1561
f 1270 1662 69
f 1561 1662 1270
f 1606 1589 1561
f 1589 1606 1039
f 1606 396 125
f 301 672 24
f 672 1206 763
f 24 303 1381
f 672 303 24
f 1381 303 805
f 303 457 805
f 303 763 457
f 303 672 763
f 1780 1754 201
f 477 1780 258
f 1780 477 1754
f 1780 1200 258
f 1200 1780 698
f 1454 1969 1328
f 1969 1754 648
f 67 1691 198
f 869 418 1062
f 418 67 198
f 67 418 1577
f 869 1482 782
f 1577 496 1885
f 496 869 1885
f 418 496 1577
f 496 418 869
f 128 749 441
f 749 128 397
f 357 397 1328
f 749 357 599
f 357 749 397
f 244 682 1328
f 682 244 371
f 397 244 1328
f 244 397 371
f 472 768 534
f 768 1538 534
f 494 441 1275
f 285 80 1161
f 285 494 80
f 1739 285 1161
f 712 1161 1274
f 712 137 1161
f 712 1274 275
f 768 379 1538
f 379 1975 137
f 1975 785 509
f 1975 379 785
f 137 804 1161
f 804 1739 1161
f 1975 804 137
f 804 1975 509
f 462 524 1132
f 524 462 472
f 1497 448 1132
f 448 462 1132
f 379 448 785
f 448 379 768
f 1614 1979 1012
f 200 1569 475
f 1142 200 475
f 1569 200 713
f 200 1142 713
f 1680 1949 473
f 1214 1949 1680
f 763 966 1095
f 966 1614 1095
f 1535 1042 1148
f 1042 435 1148
f 1042 1535 569
f 435 1042 569
f 1962 1799 1870
f 1799 1936 1214
f 622 828 1597
f 703 622 1597
f 622 703 828
f 431 736 381
f 242 737 1139
f 1750 508 1068
f 540 950 295
f 1595 950 540
f 708 1729 906
f 1729 121 906
f 676 9 547
f 676 367 9
f 1416 676 547
f 676 1931 695
f 367 676 695
f 676 1416 1539
f 676 1539 890
f 1931 676 890
f 766 1959 1682
f 776 766 1682
f 123 766 776
f 1959 766 468
f 1005 1109 1622
f 1314 1511 708
f 1330 1676 468
f 1676 1330 583
f 5 1959 468
f 1676 5 468
f 1235 971 1111
f 396 971 125
f 1518 312 744
f 312 1518 6
f 1205 1518 744
f 1518 1205 6
f 689 575 1020
f 689 221 575
f 689 1020 115
f 221 689 430
f 1565 689 115
f 689 1565 430
f 603 38 107
f 38 603 575
f 575 603 1020
f 603 410 1020
f 38 178 837
f 971 178 125
f 178 971 837
f 178 38 1034
f 526 803 277
f 526 699 803
f 663 526 277
f 526 663 1907
f 2000 526 1907
f 309 1656 1308
f 892 1656 309
f 464 1656 892
f 1308 1656 789
f 1656 464 789
f 1723 1615 1101
f 1615 1723 1776
f 23 1723 1101
f 1723 23 1776
f 807 1774 1117
f 692 807 1117
f 807 692 176
f 1783 807 176
f 1774 807 1783
f 1350 671 1807
f 990 796 775
f 796 990 92
f 92 990 1625
f 990 1050 1625
f 1809 990 775
f 990 1809 1050
f 1989 796 92
f 1989 1620 1562
f 1620 1989 92
f 1989 1562 1636
f 796 1989 1636
f 1267 1404 1196
f 657 1267 1196
f 120 1267 657
f 1404 642 1196
f 642 859 1196
f 771 289 2
f 1984 771 2
f 771 1984 1311
f 1501 1984 2
f 373 1984 1501
f 127 1501 1188
f 127 373 1501
f 1557 127 1188
f 127 1557 1284
f 932 127 1284
f 373 127 222
f 127 932 222
f 1906 1157 1412
f 1470 1988 900
f 900 1988 786
f 1988 263 786
f 1057 1545 436
f 1470 1594 109
f 1594 1470 1270
f 1594 1270 69
f 1545 1594 149
f 1594 69 164
f 149 1594 164
f 1014 408 1752
f 1455 1014 1376
f 640 1455 1376
f 1014 1455 428
f 1517 1455 965
f 1968 1455 1517
f 428 1455 1968
f 753 1994 1106
f 1994 673 930
f 1106 1994 930
f 1994 1643 673
f 1994 753 1643
f 801 185 532
f 801 1264 185
f 1264 801 1613
f 119 801 532
f 1613 801 119
f 1077 1234 625
f 1264 1234 1077
f 1234 1264 1463
f 1496 1234 1463
f 1548 1234 1496
f 1234 324 625
f 1234 1548 324
f 94 1203 1572
f 1203 1134 1572
f 152 1203 94
f 1134 1203 152
f 1134 347 1071
f 347 1134 152
f 347 1643 1071
f 347 152 1643
f 1650 1177 1699
f 1650 1224 1177
f 1124 1650 1699
f 1224 1650 1124
f 1972 1901 1751
f 1250 1901 1972
f 1901 780 1751
f 780 1901 1828
f 1901 1250 1828
f 1948 1055 1261
f 1055 1503 1261
f 714 1905 1037
f 1905 384 1037
f 1905 714 1467
f 384 1905 78
f 1905 956 78
f 956 1905 1467
f 729 1371 812
f 1371 729 706
f 543 1371 824
f 1371 706 824
f 1999 1371 543
f 832 1371 1999
f 1051 1999 864
f 1051 832 1999
f 1716 1950 1761
f 376 1950 1716
f 1761 1950 678
f 1950 10 678
f 1950 1408 10
f 1950 283 1408
f 1950 376 283
f 1587 1076 881
f 1076 1587 1840
f 1587 881 431
f 1840 1587 431
f 1442 608 1279
f 608 1442 281
f 117 608 281
f 608 117 104
f 1279 608 580
f 608 104 580
f 1551 117 281
f 1130 1551 412
f 1551 281 412
f 117 1551 71
f 1551 1029 71
f 1029 1551 1130
f 1709 619 849
f 619 1709 643
f 619 643 1194
f 619 1104 849
f 619 1194 1104
f 1315 54 654
f 1315 580 1065
f 1315 654 580
f 1808 1315 1065
f 1808 1537 54
f 1315 1808 54
f 1537 709 765
f 709 901 1995
f 765 709 1995
f 1808 709 1537
f 901 709 1065
f 709 1808 1065
f 1435 1451 96
f 1451 493 96
f 1451 1435 484
f 1912 1451 484
f 493 1451 1912
f 795 1787 1918
f 1787 182 1918
f 182 1787 943
f 1787 1182 943
f 1787 795 1182
f 182 1686 577
f 1686 784 577
f 1686 1847 784
f 1686 1665 1714
f 1847 1686 1714
f 1686 1745 1665
f 1686 182 1745
f 944 453 274
f 453 257 274
f 453 944 538
f 257 453 538
f 944 1069 701
f 701 1069 1869
f 1425 1069 944
f 1069 1425 154
f 1869 1069 1090
f 1069 154 1090
f 1530 1075 16
f 1628 1530 16
f 1075 1530 1321
f 1011 1530 1920
f 195 1439 1911
f 1439 1320 1911
f 1320 1439 195
f 368 1063 1911
f 1320 368 1911
f 1684 195 48
f 1684 1320 195
f 1684 368 1320
f 533 525 198
f 418 525 1062
f 525 418 198
f 1734 716 1567
f 716 1734 833
f 1734 1425 833
f 1425 1734 154
f 1734 1567 1090
f 154 1734 1090
f 814 854 1418
f 814 1239 854
f 1200 814 1418
f 814 1200 698
f 1508 814 698
f 1239 719 833
f 833 719 536
f 719 1508 536
f 719 814 1508
f 814 719 1239
f 652 1919 1274
f 1919 1248 1274
f 1257 1919 652
f 1919 1257 1566
f 1248 1919 1566
f 1523 226 1257
f 721 1523 1344
f 1523 1257 1344
f 310 1523 721
f 226 1523 310
f 1696 226 310
f 725 1696 310
f 226 1696 1566
f 1696 725 1566
f 1200 1135 876
f 1135 1200 1418
f 1910 523 538
f 523 1910 1974
f 1719 523 1974
f 727 1881 243
f 727 1719 195
f 1719 727 243
f 727 195 1911
f 77 1367 243
f 77 1285 1367
f 1285 77 72
f 1830 670 601
f 1830 585 670
f 559 294 1839
f 294 954 1839
f 816 466 284
f 816 114 466
f 1666 816 284
f 114 816 1666
f 1485 1358 957
f 541 1485 957
f 1358 1485 647
f 620 488 819
f 488 620 882
f 488 286 819
f 488 882 286
f 1471 620 1103
f 420 1471 1103
f 620 1471 1695
f 42 1471 422
f 1471 420 422
f 1471 1573 1695
f 1471 42 1573
f 1389 1323 18
f 1955 1323 1389
f 1323 1955 902
f 883 1323 902
f 1323 883 336
f 1576 1323 336
f 18 1323 1576
f 58 995 1120
f 995 1410 1652
f 1410 995 1290
f 1486 251 1255
f 251 737 242
f 251 1486 250
f 219 93 1068
f 93 1750 1068
f 703 93 219
f 1750 93 703
f 1946 703 530
f 1946 1750 703
f 1750 1946 242
f 717 1946 530
f 1946 717 694
f 1255 1946 694
f 251 1946 1255
f 1946 251 242
f 105 1900 269
f 1560 105 269
f 105 1560 394
f 169 1900 432
f 169 432 899
f 754 169 899
f 1900 169 1978
f 1978 169 1122
f 169 754 1122
f 1834 1452 1800
f 1452 1834 597
f 597 1834 1978
f 1769 1834 1800
f 1834 1769 1978
f 1070 1966 1468
f 1966 1070 355
f 1070 1468 1752
f 1070 70 355
f 70 1806 1507
f 1806 1070 1752
f 1070 1806 70
f 37 8 655
f 1154 8 37
f 8 1154 1388
f 224 8 1388
f 8 224 655
f 1265 794 76
f 76 794 236
f 363 794 1556
f 794 1265 1556
f 794 1697 236
f 794 363 1697
f 851 1362 633
f 1383 1484 490
f 623 1484 1383
f 683 1953 1170
f 683 165 129
f 1718 683 1170
f 165 683 1718
f 208 1193 346
f 401 208 346
f 1216 208 1091
f 1193 208 1216
f 165 843 1835
f 1756 843 276
f 63 843 1756
f 843 1615 1776
f 1615 843 63
f 843 497 276
f 497 843 165
f 843 1008 1835
f 1337 469 518
f 21 1337 518
f 423 21 1764
f 423 1764 1920
f 1530 423 1920
f 423 1530 1628
f 964 1011 1920
f 747 623 1654
f 747 843 1776
f 1767 1718 1170
f 1192 1767 1170
f 1718 1767 1597
f 1528 144 562
f 808 144 1198
f 144 1916 562
f 144 808 1916
f 1198 1373 409
f 144 1373 1198
f 591 1718 1597
f 591 497 1718
f 828 591 1597
f 497 591 276
f 591 219 276
f 219 591 828
f 183 232 1036
f 1207 183 1036
f 232 183 194
f 183 1207 743
f 1880 183 1803
f 183 19 1803
f 19 183 743
f 485 450 1352
f 450 926 1352
f 926 700 1764
f 1764 700 1920
f 1362 700 633
f 1353 480 936
f 1353 982 480
f 1926 1024 1481
f 1402 558 1287
f 558 1402 874
f 1600 1402 1287
f 57 1402 1600
f 874 1402 57
f 1844 481 886
f 1804 1844 886
f 481 1844 974
f 456 1804 366
f 874 456 366
f 456 874 974
f 1844 456 974
f 456 1844 1804
f 893 171 1561
f 171 1606 1561
f 171 396 1606
f 301 416 1855
f 416 301 24
f 416 435 1855
f 435 416 24
f 1348 869 782
f 869 1348 1885
f 1454 1163 782
f 97 948 1031
f 785 1433 509
f 1191 477 258
f 1191 55 648
f 55 1191 258
f 1754 1191 648
f 477 1191 1754
f 1981 1780 201
f 1981 869 1062
f 1482 1981 201
f 1981 1482 869
f 525 1981 1062
f 1981 525 533
f 1981 533 698
f 1780 1981 698
f 1754 511 201
f 1969 511 1754
f 1482 511 782
f 511 1482 201
f 511 1454 782
f 511 1969 1454
f 638 1577 118
f 638 67 1577
f 690 357 1328
f 1980 690 648
f 690 1969 648
f 1969 690 1328
f 357 1760 599
f 1760 357 345
f 1712 1760 345
f 80 103 1967
f 494 103 80
f 1967 103 1275
f 103 494 1275
f 397 1202 371
f 128 1202 397
f 1202 285 371
f 285 1202 494
f 1202 128 441
f 494 1202 441
f 650 1739 1213
f 285 650 371
f 682 650 1213
f 650 682 371
f 712 1605 137
f 379 1605 1538
f 1605 379 137
f 1538 1605 275
f 1605 712 275
f 545 448 1497
f 545 1979 1610
f 545 1497 1012
f 1979 545 1012
f 462 1737 472
f 448 1737 462
f 1737 768 472
f 1737 448 768
f 407 1297 473
f 1949 407 473
f 1569 407 475
f 1426 407 1600
f 407 1426 1297
f 407 664 1600
f 664 407 1569
f 407 1214 475
f 407 1949 1214
f 26 1397 100
f 159 790 1987
f 1206 774 1031
f 774 1206 672
f 1936 667 1962
f 667 1799 1962
f 1799 667 1936
f 1799 1316 1870
f 736 542 1475
f 1436 542 431
f 542 736 431
f 736 1126 381
f 1126 736 1474
f 1126 556 381
f 1126 1030 556
f 1030 1126 250
f 1126 1474 250
f 148 736 1475
f 736 148 1474
f 737 148 1139
f 1474 1306 250
f 1306 251 250
f 251 1306 737
f 148 1306 1474
f 1306 148 737
f 262 950 1595
f 950 262 628
f 607 1595 1331
f 508 607 1068
f 607 262 1595
f 262 607 508
f 607 1756 1068
f 607 1331 1756
f 669 508 1750
f 339 1436 991
f 542 339 1475
f 339 542 1436
f 557 872 1490
f 557 339 991
f 872 557 1386
f 557 1873 1386
f 1498 557 991
f 557 1498 1873
f 410 299 1258
f 766 299 410
f 1258 299 115
f 299 123 115
f 299 766 123
f 1005 1990 1109
f 1109 1990 35
f 1990 1511 744
f 1990 1005 1511
f 312 1990 744
f 1990 312 35
f 1061 1005 1622
f 1419 1061 1390
f 1061 1622 1390
f 1005 1555 1511
f 1555 1061 1419
f 1061 1555 1005
f 1314 1730 1511
f 1511 1730 744
f 1730 1205 744
f 1730 1314 1235
f 1347 1730 1235
f 1730 1347 645
f 1205 1730 645
f 1314 334 583
f 1779 1360 708
f 1360 1314 708
f 1360 1779 583
f 334 1360 583
f 190 1330 468
f 1330 190 107
f 1886 1314 583
f 1330 1886 583
f 1314 1886 1235
f 1886 971 1235
f 971 1886 837
f 837 1886 107
f 1886 1330 107
f 1181 5 1676
f 1708 1181 583
f 1181 1676 583
f 1959 1181 1708
f 5 1181 1959
f 668 1606 125
f 178 668 125
f 1606 668 1039
f 1039 668 1034
f 668 178 1034
f 348 2000 576
f 348 526 2000
f 699 1812 309
f 309 1812 576
f 1812 348 576
f 1399 1350 1169
f 1399 671 1350
f 1267 25 1404
f 25 1267 120
f 25 120 289
f 1427 642 1404
f 1984 429 1311
f 429 373 222
f 429 1984 373
f 932 167 222
f 84 1906 1045
f 679 84 1045
f 84 679 2
f 289 84 2
f 1755 84 289
f 120 85 923
f 85 120 651
f 1758 1043 109
f 1043 1470 109
f 1043 1988 1470
f 1988 1043 263
f 263 1043 875
f 1043 1758 875
f 726 1057 436
f 726 1758 109
f 726 436 875
f 1758 726 875
f 53 1014 428
f 53 408 1014
f 408 53 986
f 986 53 1246
f 53 1968 1246
f 53 428 1968
f 1056 408 986
f 1056 1015 887
f 1015 1056 986
f 1507 1056 887
f 1806 1056 1507
f 1056 1806 1752
f 1116 640 879
f 1116 1455 640
f 1116 879 965
f 1455 1116 965
f 398 1948 1633
f 398 1055 1948
f 862 398 1633
f 1503 1514 1190
f 1371 522 812
f 522 1371 832
f 522 1793 812
f 1793 522 864
f 522 1051 864
f 1051 522 832
f 919 1212 1321
f 1530 919 1321
f 919 1530 1011
f 1212 919 767
f 919 964 767
f 964 919 1011
f 257 1168 1418
f 1168 1135 1418
f 1168 257 538
f 519 1168 1527
f 1168 519 1135
f 850 1527 1719
f 1964 1719 243
f 1367 1964 243
f 1964 850 1719
f 1881 1883 1954
f 727 1883 1881
f 44 1883 721
f 1954 1883 44
f 441 298 1275
f 1285 1871 205
f 1871 1712 345
f 1881 1621 243
f 1621 77 243
f 1621 1881 72
f 77 1621 72
f 294 1802 954
f 954 1802 601
f 1802 1830 601
f 1830 1802 585
f 934 1802 207
f 585 1802 934
f 1802 559 207
f 1802 294 559
f 1462 1485 541
f 1430 1492 1778
f 1430 1778 1120
f 995 1430 1120
f 1492 1430 1652
f 1430 995 1652
f 880 58 1874
f 880 995 58
f 1290 880 1874
f 995 880 1290
f 1900 911 432
f 105 911 1900
f 432 911 394
f 911 105 394
f 752 175 1694
f 175 633 259
f 1694 175 259
f 1484 1247 1362
f 1247 1484 623
f 964 1247 623
f 1247 700 1362
f 1247 964 1920
f 700 1247 1920
f 255 208 401
f 255 1294 1428
f 255 1428 1091
f 208 255 1091
f 1294 255 1904
f 255 1579 1904
f 255 401 1579
f 1952 1008 843
f 1952 747 1654
f 747 1952 843
f 1337 403 469
f 1333 403 1153
f 469 403 1333
f 403 1810 1153
f 964 1915 767
f 1915 964 623
f 1915 1232 767
f 1915 1776 848
f 1232 1915 848
f 1915 747 1776
f 747 1915 623
f 1742 1528 1597
f 1767 1742 1597
f 1373 1742 409
f 1742 1192 409
f 1742 1767 1192
f 1742 144 1528
f 1742 1373 144
f 746 1880 194
f 183 746 194
f 746 183 1880
f 450 531 926
f 531 700 926
f 700 531 633
f 531 485 633
f 531 450 485
f 982 1820 75
f 1353 1820 982
f 75 1653 1481
f 1653 1926 1481
f 1575 1214 1680
f 1575 1799 1214
f 1575 1316 1799
f 1575 1983 202
f 1316 1575 1870
f 1870 1575 1987
f 1575 202 1987
f 1187 159 1987
f 159 1187 1085
f 31 893 425
f 31 171 893
f 1111 31 425
f 171 31 396
f 971 31 1111
f 31 971 396
f 1715 682 1213
f 682 1715 1454
f 1163 1879 1397
f 1397 1879 100
f 948 914 1031
f 1184 1601 100
f 1601 948 100
f 1601 914 948
f 685 1601 1184
f 914 1601 685
f 948 1549 100
f 1549 948 97
f 1549 26 100
f 1466 1353 936
f 1466 1820 1353
f 1009 690 1980
f 690 1009 357
f 357 1009 345
f 1009 1980 1831
f 345 1009 1831
f 1006 285 1739
f 650 1006 1739
f 1006 650 285
f 1206 1777 763
f 1027 1348 782
f 1533 806 1885
f 1152 97 1031
f 774 1152 1031
f 124 1855 1877
f 124 301 1855
f 452 148 1475
f 339 452 1475
f 452 339 1837
f 148 452 1139
f 452 1837 628
f 669 440 508
f 262 440 628
f 440 262 508
f 216 1750 242
f 216 669 1750
f 216 242 1139
f 1986 557 1490
f 1986 840 295
f 1986 1490 840
f 950 1986 295
f 1986 950 628
f 1555 1678 1511
f 1511 1678 708
f 1678 1729 708
f 1326 334 1314
f 1360 1326 1314
f 1326 1360 334
f 111 190 468
f 766 111 468
f 111 766 410
f 603 1558 410
f 1558 111 410
f 111 1558 190
f 1558 603 107
f 190 1558 107
f 526 1642 699
f 1642 1812 699
f 348 1642 526
f 1812 1642 348
f 1399 1263 671
f 1263 817 1807
f 671 1263 1807
f 817 1263 1169
f 1263 1399 1169
f 1276 771 1311
f 771 1276 289
f 1276 25 289
f 25 1276 1404
f 1276 1427 1404
f 1252 167 932
f 167 1252 1683
f 1252 916 1683
f 1684 1502 368
f 1502 916 368
f 1502 1684 48
f 1502 1705 916
f 859 1705 48
f 1705 1502 48
f 858 84 1755
f 858 1157 1906
f 84 858 1906
f 375 1755 923
f 85 375 923
f 375 1640 1412
f 1157 375 1412
f 1640 375 651
f 375 85 651
f 382 1594 1545
f 1057 382 1545
f 726 382 1057
f 1594 382 109
f 382 726 109
f 408 335 1752
f 335 1056 1752
f 1056 335 408
f 1055 136 1503
f 136 1514 1503
f 62 862 166
f 62 1514 862
f 956 62 166
f 62 956 1190
f 1514 62 1190
f 256 1902 1831
f 256 55 876
f 889 256 1831
f 256 889 55
f 1135 256 876
f 519 256 1135
f 1168 338 1527
f 1527 338 1719
f 338 523 1719
f 523 338 538
f 338 1168 538
f 256 47 1902
f 47 256 519
f 47 519 1527
f 850 47 1527
f 841 1367 205
f 841 1964 1367
f 841 205 1831
f 1817 727 1911
f 1817 1883 727
f 1063 1817 1911
f 1817 1063 721
f 1883 1817 721
f 635 1760 1712
f 1760 635 599
f 635 749 599
f 749 635 441
f 635 298 441
f 1871 1403 205
f 1403 1871 345
f 205 1403 1831
f 1403 345 1831
f 1671 1871 1285
f 635 1671 298
f 1954 1671 72
f 1671 1285 72
f 1671 1954 1275
f 298 1671 1275
f 1871 1671 1712
f 1671 635 1712
f 882 1677 286
f 1462 1677 882
f 286 1677 1619
f 1401 1462 882
f 1462 1401 1485
f 1401 1573 1781
f 1401 882 1573
f 647 1401 1781
f 1485 1401 647
f 1818 851 633
f 175 1818 633
f 116 779 129
f 116 129 1835
f 1008 116 1835
f 1952 116 1008
f 116 1952 779
f 741 1654 1383
f 741 1383 490
f 779 741 490
f 741 1952 1654
f 1952 741 779
f 423 661 21
f 661 423 1628
f 403 661 1810
f 1810 661 227
f 661 1628 227
f 1926 383 1024
f 1653 383 1926
f 1024 383 1680
f 383 1653 75
f 1820 383 75
f 52 1163 1454
f 1715 52 1454
f 685 217 1433
f 804 217 1739
f 217 804 509
f 1433 217 509
f 1878 914 685
f 1549 1500 26
f 1500 1549 97
f 515 1466 936
f 1691 515 936
f 67 515 1691
f 638 515 67
f 510 1777 389
f 1878 510 389
f 510 966 763
f 1777 510 763
f 823 1027 782
f 1163 823 782
f 823 1163 1397
f 26 823 1397
f 1027 823 26
f 1027 313 1348
f 1348 313 1885
f 313 1533 1885
f 1520 1027 26
f 1520 26 1085
f 1520 313 1027
f 313 1520 1533
f 1187 1520 1085
f 1533 1520 1187
f 1533 686 806
f 301 189 672
f 124 189 301
f 1632 1924 1958
f 124 1924 1632
f 1958 1924 1877
f 1924 124 1877
f 674 216 1139
f 216 674 669
f 452 674 1139
f 674 452 628
f 440 674 628
f 674 440 669
f 1986 1391 557
f 339 1391 1837
f 557 1391 339
f 1837 1391 628
f 1391 1986 628
f 1000 1678 1555
f 121 1000 1419
f 1000 1555 1419
f 1729 1000 121
f 1678 1000 1729
f 1427 897 642
f 36 897 1427
f 642 897 859
f 897 36 1683
f 897 1705 859
f 916 897 1683
f 1705 897 916
f 1598 167 1683
f 36 1598 1683
f 1598 36 167
f 793 36 1427
f 36 793 167
f 1276 793 1427
f 793 1276 1311
f 429 793 1311
f 793 429 222
f 167 793 222
f 74 139 1791
f 139 932 1791
f 139 1252 932
f 1252 1473 916
f 916 1473 368
f 331 858 1755
f 375 331 1755
f 858 331 1157
f 331 375 1157
f 398 28 1055
f 28 136 1055
f 1514 987 862
f 136 987 1514
f 987 398 862
f 987 28 398
f 28 987 136
f 1544 850 1902
f 47 1544 1902
f 1544 47 850
f 1902 1249 1831
f 1249 841 1831
f 850 1249 1902
f 1964 1249 850
f 1619 1852 1046
f 1677 1852 1619
f 1852 1677 1462
f 1852 827 1046
f 1852 541 827
f 1852 1462 541
f 1818 742 851
f 779 742 129
f 742 779 490
f 851 742 1362
f 1484 742 490
f 742 1484 1362
f 1392 1818 175
f 742 1392 129
f 1392 742 1818
f 661 1262 21
f 1262 661 403
f 1466 79 1820
f 79 383 1820
f 515 79 1466
f 806 79 118
f 1983 79 806
f 1575 79 1983
f 79 1575 1680
f 383 79 1680
f 27 52 1715
f 27 1715 1213
f 27 217 685
f 1739 27 1213
f 217 27 1739
f 459 1184 100
f 1879 459 100
f 459 1879 1163
f 52 459 1163
f 720 1878 389
f 720 1777 1206
f 1777 720 389
f 966 155 1614
f 510 155 966
f 155 510 1878
f 1979 155 1610
f 155 1979 1614
f 949 685 1433
f 949 1878 685
f 949 155 1878
f 949 1433 785
f 155 949 1610
f 448 949 785
f 949 545 1610
f 545 949 448
f 26 1617 1085
f 1500 1617 26
f 1617 159 1085
f 159 1617 790
f 1617 1500 790
f 1965 638 118
f 1965 515 638
f 79 1965 118
f 1965 79 515
f 390 1983 806
f 686 390 806
f 1469 1533 1187
f 1469 686 1533
f 1469 390 686
f 202 1469 1987
f 1469 1187 1987
f 1983 1469 202
f 390 1469 1983
f 1635 1152 774
f 1635 774 672
f 189 1635 672
f 1890 1644 74
f 1644 139 74
f 139 99 1252
f 99 1473 1252
f 1644 99 139
f 99 1644 1890
f 99 1890 1063
f 368 99 1063
f 1473 99 368
f 841 414 1964
f 414 1249 1964
f 1249 414 841
f 1898 175 752
f 1953 3 903
f 3 752 903
f 683 3 1953
f 3 1898 752
f 3 683 129
f 1392 3 129
f 921 1337 21
f 1262 921 21
f 921 403 1337
f 921 1262 403
f 27 282 52
f 282 459 52
f 282 27 685
f 282 685 1184
f 459 282 1184
f 1878 405 914
f 720 405 1878
f 914 405 1031
f 405 1206 1031
f 405 720 1206
f 1152 979 97
f 1635 979 1152
f 979 1500 97
f 979 1635 1500
f 1635 1845 1500
f 1845 1635 189
f 1500 1845 790
f 1845 124 1632
f 1845 189 124
f 790 1845 1958
f 1845 1632 1958
f 1815 1392 175
f 1898 1815 175
f 1815 3 1392
f 3 1815 1898
o Cracks
v 14.337826540110875 -2.4863296082906787 0.1
v 14.365559963088707 -1.4878431096250702 0.1
v 12.5705537667585 -1.840581758295127 0.1
v 14.187345697159444 -1.9354146351993986 0.1
v 13.381183709569951 -2.493970524250142 0.1
l 2001 2002 2003 2004 2005
v 12.016812806636723 7.303834935552514 0.1
v 13.158093962748941 7.765115319639004 0.1
v 11.788099321591034 7.585975496901877 0.1
v 12.890751735043757 8.817813277225898 0.1
v 12.68341374485108 6.899532538015761 0.1
l 2006 2007 2008 2009 2010
v 4.2045771883549445 13.09954483973917 0.1
v 3.443064793285987 13.816864623784705 0.1
v 2.4395873807837702 13.404977239171542 0.1
v 3.4645332350625333 13.253062914692299 0.1
v 3.116591695375324 14.286729857288107 0.1
l 2011 2012 2013 2014 2015
