# Cyvl Generated CAD Model
o Street_Mesh
v 5.0164693667320535 -9.818243991583586 0.0
v -11.694486220716499 -5.643087322823703 0.0
v -8.21901970601175 6.864639851264656 0.0
v -6.926204142393544 -2.715569566935301 0.0
v -11.842066990269814 -12.91050192154944 0.0
v -10.723450759542175 1.9491025498136878 0.0
v 7.333461719099432 -7.736194094642997 0.0
v -10.351313095306978 -3.364551080390811 0.0
v 5.4644692011061125 -1.2409424725919962 0.0
v 9.192858213209547 11.775101182051003 0.0
v -4.861771532217972 -14.163546917028725 0.0
v 10.102687396283727 8.558439685031772 0.0
v -4.556266358937137 5.570344430394471 0.0
v 14.339586142159533 -12.935875752009451 0.0
v -1.0584252487751655 1.5006994502618909 0.0
v 13.300218658114318 -5.587876842357218 0.0
v -11.915432857815176 3.0153518272563815 0.0
v -5.6035333459149115 4.45367886684835 0.0
v 14.969818656507414 11.577517555095255 0.0
v -8.15741064195754 -3.8053266620263457 0.0
v 0.2625602393527515 0.9050796814262867 0.0
v -8.051865391316824 9.343838471919298 0.0
v 0.2742672643507831 11.00387807842344 0.0
v -4.002563809801359 -14.391667176038027 0.0
v -12.14105796534568 -11.211102240718901 0.0
v -14.511709633981809 -12.313593569211662 0.0
v 0.7930436686729081 -3.6139831598848104 0.0
v -13.469331685337238 -5.2603232227265835 0.0
v 9.37197483779164 -0.9246583171188831 0.0
v -9.802502871083561 10.480744326487184 0.0
v 9.485495319066104 2.6103991344571114 0.0
v 12.15287337708287 -10.005652486346662 0.0
v 10.114601576584391 14.055732800625265 0.0
v 5.667325024027377 -8.47664045356214 0.0
v 8.901814648590516 -14.785853112116456 0.0
v 14.678527967305854 -3.4821209283545613 0.0
v -2.8213052650680766 -4.3530171904712915 0.0
v -14.00086507666856 7.950944406911731 0.0
v 11.029368977004196 4.561458424665034 0.0
v 2.1585438769543543 -9.654114813543856 0.0
v -6.9682166307466105 -0.5073140673339367 0.0
v 14.437950880324934 5.099488568492234 0.0
v -9.803978036914486 12.613602411933243 0.0
v 6.986357228481211 3.75817484408617 0.0
v -10.68684580072295 -2.6883154213428497 0.0
v -8.2717698913184 5.766390117816627 0.0
v -5.545862247992773 6.2609608536586165 0.0
v -14.64806727191899 10.561930945143104 0.0
v 8.307339666876942 -8.524951560422778 0.0
v -7.286399709817488 -13.100728646852076 0.0
v -12.74328668374801 4.914537469856441 0.0
v 7.061820326314773 9.448046261444688 0.0
v 1.415637968981173 -7.185927384532988 0.0
v 6.005013821530156 -11.529041839763522 0.0
v 7.491994787706062 -9.258310977369547 0.0
v 5.850893089547753 11.517040211707354 0.0
v -4.577500713407062 7.749043015763164 0.0
v 5.879393093986437 -11.290737974457443 0.0
v 1.5969004549551755 4.98869773093611 0.0
v 9.646268253214657 6.159925815649331 0.0
v 9.441776998981368 2.5112723112106323 0.0
v -2.5628817180986516 7.599499319680035 0.0
v 11.858310216106474 5.19324510730803 0.0
v 5.282020072569139 0.7339826487004757 0.0
v 11.228285759221762 11.250975463539362 0.0
v 1.4118271506158635 -8.662301228381693 0.0
v -6.262273336935323 -13.135604292154312 0.0
v 13.34245816571638 -12.76057605817914 0.0
v 1.6787415169528686 6.23895750567317 0.0
v 10.596379683644045 10.444984895177186 0.0
v -3.300841678865254 -9.294072529301047 0.0
v 5.190192605077755 1.2175070410594344 0.0
v -6.64307740383083 -1.1820978373289108 0.0
v 6.469405664422084 1.1324721360579133 0.0
v 5.485612950171344 1.2796793766319752 0.0
v 12.383843546849675 3.0071180295199156 0.0
v -11.705889920529444 -10.633685590699315 0.0
v 3.4473923547775485 -7.749474841170013 0.0
v -10.83622480230406 11.799411730840802 0.0
v -7.1214403821504675 4.0364167941734195 0.0
v -6.787298596871551 -10.952021063305438 0.0
v -8.09041385439923 4.579955566674471 0.0
v 2.7379463575198315 -7.179447133094072 0.0
v -14.122733868833166 13.627161903306842 0.0
v -14.342012691951822 13.305835423059762 0.0
v -10.612067049660254 12.545910688117146 0.0
v -9.988480489933863 -7.034478792920709 0.0
v -13.946702668908983 14.2895551295951 0.0
v 6.627863994101062 -12.79081450495869 0.0
v -12.03410949796671 0.7790558766573668 0.0
v 6.537258187017869 -8.62171014584601 0.0
v 1.369853566866368 14.800839239731431 0.0
v -6.176807627023663 4.776372398249805 0.0
v 8.521512015373446 6.237009027041495 0.0
v 10.806893690838479 0.8927617408335209 0.0
v -3.0060043554985896 3.1134213022887707 0.0
v 10.55028969142586 -4.94002684764564 0.0
v -4.866730077541433 -0.907923785969615 0.0
v 8.060202012595255 8.967507344670594 0.0
v -13.678460832568817 -11.659945669583976 0.0
v 2.0521857339772396 -14.376158450730145 0.0
v -6.935845761268865 1.649925110861659 0.0
v -2.7625661673373543 -4.561283969320357 0.0
v -9.934423697646707 11.685494573786855 0.0
v 3.2986459069652483 -14.660053056664765 0.0
v -0.658116749371402 10.351537400856614 0.0
v -4.957689693954308 12.310851875692606 0.0
v 12.055417518306058 -1.982792585156858 0.0
v 4.902146018692292 -12.054262096993625 0.0
v -3.0221271421178244 2.801342542283237 0.0
v 3.499055154505186 1.732527137733996 0.0
v 1.7006166238570586 7.315694849006832 0.0
v 1.7759315277216956 -9.74160611256957 0.0
v 1.5157757729757577 -12.298500734381378 0.0
v 1.9542881780071184 7.460499927401543 0.0
v 4.676679985481314 -6.355563409626484 0.0
v 5.241304290306289 11.918025993742049 0.0
v -3.4884495555306785 -10.52158017642796 0.0
v 2.5313340026768856 -3.4126654947176576 0.0
v 4.899519928672817 0.978208196349442 0.0
v -10.577756157435942 -11.011914012022316 0.0
v 7.463467722700443 -2.110501707531512 0.0
v -5.937488624826074 -3.171385989524424 0.0
v 5.491241838084534 -12.48626112472266 0.0
v -7.060359108145349 13.324656792916358 0.0
v -3.959173280338291 -11.176882461644709 0.0
v 1.274794163822662 8.289778870530427 0.0
v -6.472404354426544 -13.006712751463056 0.0
v 9.623176635417622 3.809063537977636 0.0
v -8.628673724306282 3.387968810275197 0.0
v 7.616245286422782 0.4380435114726424 0.0
v 7.756822832045145 13.812731261365116 0.0
v -8.976875662920065 -6.6447344003245234 0.0
v -6.604108074272517 4.117998020723462 0.0
v 14.984483940061182 -10.967910071834922 0.0
v -3.95786402921658 3.3636953942477703 0.0
v 6.8154487195424736 12.714190673083067 0.0
v 3.07657372468384 7.145475752651691 0.0
v -4.918525506334845 8.155398147180676 0.0
v -14.165501465846319 -0.2040372844785452 0.0
v -3.4009795060846955 4.02559691760689 0.0
v -13.724754936585668 -13.082457981072366 0.0
v 1.2461291931103915 4.723563212901354 0.0
v -13.359681397967506 -6.858913973905146 0.0
v 9.317813532135915 -0.7087311362847686 0.0
v 2.8874773514689878 7.850095036439598 0.0
v 9.424054812581744 6.243890119716525 0.0
v -5.589835590450093 9.13356569968164 0.0
v -0.8787742927670479 -12.657825511880219 0.0
v 13.736681398004293 2.916608354076743 0.0
v -7.748866814887151 -1.9697785750031471 0.0
v -11.46589394559851 12.15971832163632 0.0
v -11.851706204703078 1.7644203742966056 0.0
v -5.1908267113612965 5.705349597148597 0.0
v -9.831137471424881 8.331484836526215 0.0
v -4.54035207326524 14.12626700848341 0.0
v 14.233702694880776 -13.189413597807288 0.0
v 2.566170923644677 -0.1626180950552225 0.0
v 6.347855677304324 -10.126848950050771 0.0
v -14.307433205889538 -8.711075543425977 0.0
v 9.629529314523097 -7.168342630378902 0.0
v 4.814680787152611 2.5437067607417703 0.0
v -13.809247251134366 2.394655386917293 0.0
v 7.285489661153406 8.714119686745107 0.0
v 4.6458954401896335 3.0553069040179253 0.0
v 2.217143264540937 -11.719198211096227 0.0
v -3.8201281842775643 8.434407659806311 0.0
v -14.938568213023245 -7.047218943014741 0.0
v -0.7655679463641718 -7.929094064980745 0.0
v 14.006325058289804 2.0222377572208643 0.0
v -3.153827475151047 4.894470212049782 0.0
v -14.609331191109959 -10.251663495786488 0.0
v -1.9386322093196213 12.343991625122726 0.0
v 6.068363061291166 3.9031475633382797 0.0
v 9.13858311768854 -9.365483654662967 0.0
v -5.153240502695553 -1.020971798337996 0.0
v -4.285192805284169 -1.2611260646954179 0.0
v 8.681654720101506 0.43413120973855257 0.0
v -9.869119116978254 -0.15306545048952103 0.0
v 14.878325748257339 10.069391801021993 0.0
v 11.406721005681902 10.938480097800493 0.0
v -8.813943445100449 -3.966632735915482 0.0
v 10.285847870807629 7.410171242430806 0.0
v -4.775353105622344 9.690482796169817 0.0
v -1.9328782064840198 -8.47042936924845 0.0
v 8.094074310909491 1.6743734562769532 0.0
v 6.642027133668307 5.529123740270734 0.0
v -14.727544949797448 6.719012267887592 0.0
v 9.274034951755311 12.130702819675207 0.0
v -4.802766296372283 11.1115349708125 0.0
v 6.232045140757691 -6.851730258204043 0.0
v 1.2859182562096976 1.9272503480315208 0.0
v 7.443356514326297 6.860004426911473 0.0
v -14.949029823183082 -2.5076758647337556 0.0
v -6.583227195427753 -7.09659343585372 0.0
v -5.789232772192918 13.98562722839415 0.0
v -4.6074535776278935 -4.830872296355665 0.0
v -5.82212938455632 3.104832806624472 0.0
v -10.998767778859474 -12.041885703802109 0.0
v -11.739044774265494 -5.062223765067756 0.0
v 1.915029466850683 14.771117441356182 0.0
v 12.69100852520205 -6.356261542998254 0.0
v 9.995071618177462 10.446720542386174 0.0
v -10.134331807668786 6.885811987333 0.0
v 3.109245872939937 -5.1970220413059 0.0
v 8.21767924563028 6.330839229747653 0.0
v 13.99735716462601 -0.7202651025727391 0.0
v -7.2119080174015835 -1.7195180701091886 0.0
v 10.766179845144507 13.748361190780997 0.0
v 2.546100644452963 -14.733792860992253 0.0
v 4.979949094296899 -3.9112208243459463 0.0
v 0.13349546946119517 -4.299334350973368 0.0
v 10.819389333075378 -0.9645985206589103 0.0
v -5.140869032009505 5.183199002407491 0.0
v -4.080244205775671 9.21757681760937 0.0
v -0.9612409407855012 -9.4936727527529 0.0
v 2.5292107097338885 9.220154116861522 0.0
v 10.552996394224465 -14.328146438114345 0.0
v -6.825845839106478 10.258547750301659 0.0
v 1.0719828716828488 2.08629254065454 0.0
v 10.050492785696406 -1.897192089818418 0.0
v -5.8715409431024455 8.624607022851706 0.0
v -7.604964411002584 -0.41161793004721403 0.0
v -10.56793033494614 -3.3351991856470704 0.0
v 1.4894717439310625 -7.639303844422102 0.0
v 10.257709002471529 1.5861603375524282 0.0
v -5.761676708469167 14.576420534402132 0.0
v -12.042227920377627 9.178918529301882 0.0
v -0.10102582699619234 -12.812682750634849 0.0
v 6.289304086996708 1.6097664944827557 0.0
v -10.845749174011871 -9.385306906886399 0.0
v -10.111367573321331 13.297678521834314 0.0
v -0.960011457442306 14.02231153473258 0.0
v 4.238348483399022 -14.391555598936975 0.0
v -3.30845083569875 -7.39699402730912 0.0
v -9.521553330821916 -8.905985443852842 0.0
v 2.410023710806854 -5.766758994199336 0.0
v -11.051733978325501 -11.98526686988771 0.0
v 9.859094637155067 9.739737157709897 0.0
v -7.086664715141524 14.040932649746537 0.0
v -4.49666910112137 -4.952304245904088 0.0
v 8.716542531561572 12.590479559265077 0.0
v -1.6753293803776614 -10.368121800012887 0.0
v 14.885652579774614 -6.889916415326297 0.0
v -8.205058497551363 -0.11229198053479195 0.0
v -6.829437862848863 -8.420042700134218 0.0
v -4.778049998334609 1.6669485596939921 0.0
v -2.4003759512561373 5.960834798403084 0.0
v 0.8193476481828839 -10.945952165871859 0.0
v -6.755601136770565 10.368907644413412 0.0
v -6.651966925535817 -1.5842834990471601 0.0
v -9.772742337896489 2.957331563346088 0.0
v 7.518208444758784 4.205140123143792 0.0
v 14.297190808400046 3.2426311625167727 0.0
v 2.5903904990991578 10.546573285013437 0.0
v -9.205205158912577 13.541256312280893 0.0
v 4.044676956371404 -9.864029046148062 0.0
v -2.484130338882096 14.681457030586898 0.0
v 1.5660675111575983 12.589588489383459 0.0
v 14.167356567049865 5.548294396139681 0.0
v -14.227872640127316 -8.36721597891301 0.0
v -6.943475328909699 6.087644443847239 0.0
v 1.6929481478291564 6.603087610565126 0.0
v -5.8176129558705725 -14.115735616534948 0.0
v 3.3824235911597498 11.190944069065154 0.0
v 1.315613291983027 13.23256948031485 0.0
v 2.89274971926352 -3.0876785945147276 0.0
v 3.761119211150799 1.6183998081833124 0.0
v 4.512171775568277 -13.616896151565015 0.0
v 4.939665213692933 -14.984158521518111 0.0
v -5.783949550590478 2.1253130473196507 0.0
v 2.0143213584669866 5.119583145715296 0.0
v -7.924435789231211 -10.217268478125334 0.0
v 3.6548689512419514 -11.946694737300277 0.0
v 11.468332573480438 3.5145946918055415 0.0
v 4.718719438125845 12.33040875941515 0.0
v -10.149280775571242 -12.2542260941118 0.0
v -8.083641496137716 14.978518691845238 0.0
v 10.880401027970947 10.652142404578626 0.0
v 14.91443434037501 8.926952899433672 0.0
v 14.304666031850502 -3.9860270507633686 0.0
v -4.229837602819316 -0.25249645859003067 0.0
v -0.20884182828012854 -8.469895474612713 0.0
v -3.9873350658454 13.29834565334022 0.0
v -6.95967740402557 2.1118460204452276 0.0
v 12.598396708373912 -9.73670953977853 0.0
v 10.085267961083446 5.507653529755771 0.0
v 11.936125298263505 -9.8936029355973 0.0
v 2.0790866159368306 9.528499368578196 0.0
v -11.850334562943317 6.5402445290237665 0.0
v -11.252312574535608 -3.8083965545520186 0.0
v 2.187398648704402 -4.72166012506932 0.0
v 8.00243237259565 1.2282385928556323 0.0
v 1.0948703440953977 -2.8934298353269696 0.0
v -9.973492863064166 13.782068207859993 0.0
v -10.691700247640256 4.479484907351434 0.0
v 7.906805578968488 -9.747219695709646 0.0
v 10.680216832552105 10.138102062046528 0.0
v -3.4466676986194216 -6.33866648748517 0.0
v 2.304618383233901 4.492268740199506 0.0
v -2.0008485940634273 -4.123390044085681 0.0
v -2.0056277283583768 12.831148487515748 0.0
v 12.738079079834279 9.378986734896898 0.0
v -4.423467624583282 1.857618359848857 0.0
v 3.1725932744448073 -10.862606494687498 0.0
v -8.99558710376732 9.006157887168229 0.0
v -11.093949870031793 -8.835883107967675 0.0
v -11.93777724460233 8.819902391172945 0.0
v -5.542872495134361 12.95100789796561 0.0
v 10.520395025901962 5.107259535230696 0.0
v 5.465159690531436 0.254063137806952 0.0
v -2.509417517692782 -4.546195666305721 0.0
v 10.807961419806816 -0.9491518819704652 0.0
v 3.0255706303869374 5.462616584263742 0.0
v -10.096730335324537 -6.331570029258728 0.0
v 2.1065571383805946 6.515839629806578 0.0
v 14.092851840134244 10.519391858018935 0.0
v -3.1464265086106025 14.69794401153922 0.0
v 6.6752141594770364 -7.440935273654759 0.0
v -9.982817868352868 13.479812315665185 0.0
v -13.591480366536416 -0.7250289749354124 0.0
v 1.6235583504312672 6.8891502153128386 0.0
v 7.813173611997627 -12.465893768705428 0.0
v -10.395115478138905 13.824202335439622 0.0
v -2.347673148207832 2.4264325154945254 0.0
v -0.6237305834656581 -10.059939756058156 0.0
v -4.549636461830232 14.344606818631291 0.0
v 9.91995616274653 -11.674144660122693 0.0
v 0.9428553421166725 -5.719834470190108 0.0
v 2.982206650543958 -10.913953923620284 0.0
v -6.356900917948224 -10.196731160394847 0.0
v -4.3167156365234405 5.055980577133596 0.0
v 4.932660534221213 -6.017888019792736 0.0
v -9.325967487529851 8.951664278283715 0.0
v -9.423419020778965 -4.651820124126971 0.0
v 9.023064966255333 -10.850575771182775 0.0
v 8.887258403934538 13.070997608825564 0.0
v -11.972568560217042 -5.4989832397550344 0.0
v -9.873009119532071 -7.518044571392238 0.0
v 10.899877359974198 1.261870089918375 0.0
v -9.004588696348947 -2.3588772527873516 0.0
v -14.76231660641497 -7.969042233191431 0.0
v 7.887236336770002 2.7191985361278057 0.0
v -9.81788723624777 9.270909232087433 0.0
v 7.265459924004972 11.605894750915468 0.0
v 5.142176271125209 3.152380257844925 0.0
v 6.477517592720687 -12.97821988351643 0.0
v -9.7779353185324 6.180943733081222 0.0
v 5.693630757508799 10.468780328519642 0.0
v 11.46134622610407 7.224633928388357 0.0
v -7.055898468417581 8.082071381621063 0.0
v 12.543669246078935 -3.0659253243356943 0.0
v 2.1427615627180785 -13.992747680284083 0.0
v -13.370024740579538 11.728518234565854 0.0
v -10.868241551332176 -2.115408558398485 0.0
v -3.1006267003249377 10.431622168980539 0.0
v 14.67774931882741 3.504592480137944 0.0
v -11.658392178651411 1.0448383959010243 0.0
v 6.381109768059105 2.890172674320638 0.0
v -1.8373415151727386 2.8801310239359736 0.0
v -10.684367194015067 -14.113302839919925 0.0
v -7.70584135846002 -6.720548087731004 0.0
v 1.4033633409417234 -0.3854153407737613 0.0
v 8.773872016463429 11.503338390029967 0.0
v 4.49242367874831 1.0659783566370606 0.0
v -10.479702175129205 -12.762435208074749 0.0
v -7.285744809836615 -0.010589643381536007 0.0
v -12.768549565924332 -14.922209344804287 0.0
v 5.516119325126056 10.78644788917154 0.0
v -14.507983561314177 -4.3933203388005495 0.0
v 9.268754189833999 -10.476373741403222 0.0
v -14.693771584599745 3.3156956303864717 0.0
v -11.224901868787128 8.716348031535745 0.0
v -14.834408730268478 -8.008488180115819 0.0
v -4.482113630569074 -2.353102562017739 0.0
v 5.213593599095475 -5.824716662988067 0.0
v -14.61235524044605 4.25969413202256 0.0
v 11.341530462028459 -8.934050555340946 0.0
v 6.717170521209482 -11.364183860830963 0.0
v 5.83754845202202 -14.66120662074536 0.0
v 12.562096118635964 7.356881539337337 0.0
v 5.215467955044005 2.5095660043880343 0.0
v -14.118143834115472 -0.3099921867251396 0.0
v 4.523866226372775 1.0486036343500018 0.0
v 8.847162843681872 12.769072373397648 0.0
v -7.348386648693122 14.862040589563549 0.0
v 8.229539818130434 4.909545185044408 0.0
v -8.204462646972388 -7.554485866799951 0.0
v 9.907959345029667 -13.294377256184816 0.0
v -1.7847120393416844 -4.509838055819273 0.0
v -1.5039784971158952 -12.471601773053408 0.0
v -10.998379151104018 -13.876648334786296 0.0
v 5.381875580176711 10.507864439859986 0.0
v -6.1694709527655505 -12.45493171364069 0.0
v 13.379038900136948 8.380887270905077 0.0
v -10.182035662175622 -2.4801090927794576 0.0
v -10.638348713109735 -1.9648113744333386 0.0
v -5.084255408146419 1.2178582148626447 0.0
v 0.7331515927216969 -8.367101951502264 0.0
v 3.412166371534113 -11.480687039904296 0.0
v 7.653362464683596 -6.507478795014322 0.0
v -8.08034654794028 0.024662001989781857 0.0
v 14.111535672389437 -0.9086894104257226 0.0
v 14.039853229594883 6.3575277626514435 0.0
v 11.26953226706246 3.7454818142578006 0.0
v 2.915149110951461 -9.286493641324341 0.0
v 1.1522983681643382 4.910225538536906 0.0
v 6.96180760092102 -9.870099670253694 0.0
v -2.0399976828484796 -13.049857422709465 0.0
v -5.455884042370599 14.723147191107273 0.0
v 0.43857336416840553 13.137220334261656 0.0
v 9.140229377313517 10.081129845231771 0.0
v -8.188243857759517 8.48365197237581 0.0
v -2.3685348230646923 -2.7178240725770593 0.0
v -13.63225434802007 3.0557150887325406 0.0
v 5.750578675593715 11.829046424478292 0.0
v 12.06391039583832 -7.959733814001083 0.0
v 5.983664580970071 14.479044066742063 0.0
v -1.0514264270314015 -5.490361604839563 0.0
v -7.37381628958974 10.415629195980728 0.0
v 9.256126701715402 -6.528680440969765 0.0
v -4.096289073524531 -9.936466085724533 0.0
v -9.372112530982122 4.249555199407041 0.0
v -3.166406129137613 9.829257250763476 0.0
v -9.531084636575542 3.0603761607781053 0.0
v -13.9019300173386 1.9357663793489337 0.0
v 3.600643851154018 -6.607866993173957 0.0
v 6.410556104965508 1.0673817042261362 0.0
v 11.48901428928366 11.64259577728808 0.0
v -3.6836572733009234 13.712345173582435 0.0
v 11.244649904198013 -8.391846859827638 0.0
v 10.088891164574306 -13.733165594749153 0.0
v 9.770348674908746 10.609715919941664 0.0
v 13.580266639706679 8.673603527247906 0.0
v 5.171341228298843 -2.9439867362380028 0.0
v -3.4939769275370054 6.985280259512365 0.0
v 3.2311267270124517 -14.847862731665373 0.0
v -13.970042996515986 -1.836296858265996 0.0
v -10.54581441252958 -0.4874712424352765 0.0
v 5.312821584928315 0.7621233649551868 0.0
v 7.184305394010153 -3.551664436236024 0.0
v 12.568969396699686 -6.6428396394476295 0.0
v 8.228823373967316 -1.935577048920095 0.0
v 12.046133063035086 9.727077185176313 0.0
v -13.01494882395491 -5.572055070661008 0.0
v -1.5344889475381933 8.756486308760941 0.0
v 9.526413280400448 -14.77344838064164 0.0
v 4.990413835213985 -7.482383577153087 0.0
v -7.445239748165477 8.175166334956884 0.0
v 6.0525782312615775 13.51241089310497 0.0
v 8.177978527906816 0.1264719357714057 0.0
v 1.15286762668984 -14.409373603761196 0.0
v 7.163729187508579 14.77059640083462 0.0
v 8.176295453624334 8.55832735914737 0.0
v -11.623487316886894 6.364987421780825 0.0
v -9.914890352461953 -13.335244119167328 0.0
v 9.44697027473012 -9.106293420307338 0.0
v 2.74623338249512 -2.1688866009935737 0.0
v 10.715129876451101 -2.7632963927462697 0.0
v -8.402826949662995 6.968847526237369 0.0
v 2.281263783981558 -3.033097260631621 0.0
v 9.674636286392342 -0.36882910039275885 0.0
v 5.802196472592186 -2.5649932213127613 0.0
v 7.4083865858847275 -2.8440311048179865 0.0
v 12.95502021635184 5.021732985973358 0.0
v 14.200158832711168 -12.680149875581264 0.0
v 7.255704628420062 11.896789412014186 0.0
v -3.574695454968605 -11.996039900928736 0.0
v 10.955037057050504 -13.720216618850827 0.0
v 5.760625984810758 6.639673736877739 0.0
v -10.34652145410655 8.264054728671908 0.0
v -3.9953401258098893 5.136697422713041 0.0
v 12.497990366478916 -1.5422057285904884 0.0
v 12.411663863866124 5.545803429558873 0.0
v -10.378022872202564 12.803604046814144 0.0
v 4.950230429298244 13.650769485160708 0.0
v 12.507297184725758 9.78369633667171 0.0
v -2.707112354459241 -6.816438941285014 0.0
v -2.645243860548362 -11.779265622608364 0.0
v 6.108351620845497 0.00966713484376669 0.0
v -9.121637333009858 11.705305368639529 0.0
v -5.469258896773681 2.2008863985538483 0.0
v -8.132131380203646 3.6014627125114202 0.0
v 10.257937212183606 -10.832844331860542 0.0
v -5.479018491343595 -5.606154089793563 0.0
v 10.147852439549752 -3.1744196228682995 0.0
v 9.236272088077385 12.616754356771708 0.0
v -9.777585964242462 6.271592729724944 0.0
v -1.685259613499511 10.725686711259186 0.0
v -7.4784137073438615 -12.376115029677749 0.0
v -14.444309685321059 -6.782137202098966 0.0
v 6.830207840073854 -13.701918449252844 0.0
v 3.2398708130349405 -1.00792867410928 0.0
v -8.544523733959068 -14.9082997944206 0.0
v -7.167301933106501 6.709655255079269 0.0
v -4.421176971693058 5.789243961684406 0.0
v 1.2452679551788606 -10.158532127737999 0.0
v -1.9920761218527332 -14.473264841362834 0.0
v 7.6464363088598475 -6.91553991381079 0.0
v 12.320808811695315 2.6739575071260333 0.0
v 12.628371713566594 -14.316793216392398 0.0
v 2.7440740382298827 10.684007213450968 0.0
v -12.943951008375734 -6.064363980665803 0.0
v 8.370220448821783 12.433324757032096 0.0
v 2.4226795244030654 12.780417380854487 0.0
v 13.942497134150472 2.032533071935177 0.0
v 11.969512927229516 -6.371557390317321 0.0
v 6.972734460898209 11.193131282925606 0.0
v 7.073061316390522 -10.143530753441155 0.0
v -3.1570712461252697 8.514049237594008 0.0
v -14.120632429956459 -11.532463408075273 0.0
v 11.193572088959627 8.949926438741386 0.0
v -6.253747399197891 -3.8444861732423306 0.0
v 12.463355028710794 -14.807237817905843 0.0
v 8.594580707955174 -2.0810852041468024 0.0
v 11.356500058609527 -2.3659870717674494 0.0
v 12.874201518192422 2.833835231140256 0.0
v 9.275647376780398 9.753101747483015 0.0
v -5.168708976358175 9.550858115777373 0.0
v 0.9836761067272164 -9.587390516884625 0.0
v 12.679740504128858 14.512344932183623 0.0
v 11.472912628611084 -8.035979456268251 0.0
v -7.218798293208238 -7.540387196466327 0.0
v -3.213408299488947 2.165793680585921 0.0
v -2.6825674674473703 11.33505963999778 0.0
v 12.323410937737208 -0.7315101455897093 0.0
v -11.021450295869727 -9.257591577246785 0.0
v -7.153036695555784 8.061864014714956 0.0
v -6.8350446713739075 9.764991021715105 0.0
v -3.6872220648801886 -0.372759741730988 0.0
v 6.977130268060137 -6.137429785914719 0.0
v -4.444940458575729 -13.334522237069905 0.0
v -3.5239954367862083 6.462669977918267 0.0
v 6.269069926405791 -8.029633356258273 0.0
v 6.6684343836968765 -9.76633945852518 0.0
v -9.151648505532648 -10.558475527912378 0.0
v 8.432336751779076 0.6909856982529163 0.0
v -14.418884345330298 8.456297582015395 0.0
v -10.768964169954415 -7.423811907880008 0.0
v 1.3684163826401345 -6.56006723176688 0.0
v 9.85365260404069 8.492860675789416 0.0
v 5.050902511284221 -12.556884545832872 0.0
v -1.2280934227164835 -4.953395251184702 0.0
v 0.2324909595772624 -8.517522332258523 0.0
v 8.800929160614032 13.479562671855092 0.0
v -4.68751907319529 1.3928781170397997 0.0
v -1.6224639468127862 -8.013334336690605 0.0
v 6.571084292023443 -14.376148995012045 0.0
v 11.169815795205068 -11.96863921917975 0.0
v -13.748814377759118 7.837170307524502 0.0
v -9.574308174138423 5.100243375636637 0.0
v 8.231937496282626 9.237382205203176 0.0
v -8.454431898368057 10.018039315007627 0.0
v 4.697127898398321 1.1493711164221168 0.0
v -0.0958999004215002 6.677018888294697 0.0
v -2.141234169714153 13.349876481108367 0.0
v -2.1776771058212034 9.852139639668167 0.0
v 7.144930382841267 7.572786705568433 0.0
v 14.938195138354786 13.522066093049943 0.0
v 12.621466142765712 -2.227290503680706 0.0
v 13.3280293866992 12.458137924782932 0.0
v 14.219888632011134 -11.800671078264713 0.0
v 14.100940255215392 7.1781674809753895 0.0
v -2.9167294410872273 3.50991768296808 0.0
v 3.3900216114125215 -14.394172365777194 0.0
v 6.988893938832916 -9.616235974244773 0.0
v 1.8360782696981914 -2.6850338000804186 0.0
v -3.576126540952828 -1.9904675390571356 0.0
v -0.8938078774372116 12.839046446606517 0.0
v -11.030371871893294 0.39314659778028727 0.0
v -2.188942183565814 5.010047905147076 0.0
v 14.863159513042774 -4.461017847061157 0.0
v -12.157956600887701 0.1640123650431633 0.0
v 9.745644692447968 5.755529127083719 0.0
v 4.211543240351602 -3.0833352711051702 0.0
v 6.681403339898679 7.002958552911878 0.0
v -14.342394629260525 13.753403067588806 0.0
v 0.6052734611439519 -2.6730319978669286 0.0
v -1.3769685542793013 -5.947833057492971 0.0
v 4.630975497129839 9.907494536601007 0.0
v -1.3462095034192316 1.5283532617613673 0.0
v -4.89553308323957 -5.612494103610516 0.0
v 10.055724682228174 0.7751422924920917 0.0
v 3.455007705662865 7.054793554358184 0.0
v -7.00515952630667 -3.054433846846223 0.0
v -8.519825517840218 4.014124158769846 0.0
v 8.7329006306245 -12.124869886785746 0.0
v -1.0188121030805632 14.185781206004322 0.0
v -1.782772335340269 11.21615365985781 0.0
v 13.346245010849088 13.59125905111432 0.0
v 12.792718511191197 7.466181316412985 0.0
v 14.480151774187107 -11.124220530502498 0.0
v -1.912690750847105 -0.5774945011362433 0.0
v -0.034781278925947845 -14.476340583525598 0.0
v -7.037163526401855 -8.830693862400949 0.0
v -10.711173791263718 12.60677639208734 0.0
v -3.099746858177241 -1.8496584380045533 0.0
v -8.200574592221528 -3.434959350153804 0.0
v 3.517686140432488 -2.1455117110162973 0.0
v -10.72299568465678 7.355508428066969 0.0
v 2.3184545814292505 8.489947261288762 0.0
v 2.272839682176709 -11.188400525599718 0.0
v -0.5329885227256455 8.994889759458601 0.0
v 0.4806458334205672 -6.8891459768638015 0.0
v -5.759085362718906 -8.963010127656162 0.0
v 6.186653588956688 -9.031139539554715 0.0
v 14.372375180886593 8.183134583756328 0.0
v 13.490968103869818 -11.739431233145297 0.0
v -6.777729492459912 5.121735989116132 0.0
v -5.237768493650947 12.403164448216558 0.0
v 13.739964485401288 -3.21104225423187 0.0
v -7.285487070155796 13.138872534967959 0.0
v 7.837711576081347 -12.0723438533023 0.0
v 10.413561137625948 0.358858366496861 0.0
v 7.214341352635529 9.80030635651201 0.0
v -1.2520726809161715 -6.2933945301920176 0.0
v -14.89441842888482 5.287688477896154 0.0
v 11.493936194863636 -8.634001404047012 0.0
v 1.0290681131300516 14.695663770660758 0.0
v -0.44934233120875433 3.643810831941664 0.0
v 7.5511845133733 -1.2404211610555649 0.0
v -9.606405157304835 9.277056065388024 0.0
v -3.6218725575017743 -5.028586911037564 0.0
v -7.58924881083658 -7.471896473318338 0.0
v 12.442816162016243 -13.514157202094793 0.0
v -3.0351242350880057 -8.18832626286894 0.0
v 3.336750635295175 -0.5444428082555532 0.0
v -3.177774901909288 -14.203139671124518 0.0
v 6.31879328523064 -5.654050040990114 0.0
v 2.6382439926383086 1.333971300162375 0.0
v 2.650695660850033 6.593703827820718 0.0
v -2.4133017965359613 -6.014668971300125 0.0
v 5.7659419273841195 -1.7598326550796628 0.0
v 9.60169406037312 -1.2067045103758574 0.0
v 7.994365625665523 10.975378319621086 0.0
v 3.8966516437358223 -10.942560130730271 0.0
v -1.7279499609139748 -8.966174987144768 0.0
v 9.182955479249358 14.549208998680115 0.0
v -11.830258088477422 -11.028360805474222 0.0
v -13.515901683014818 -9.461679422296584 0.0
v 11.363674745021854 3.7560587683692575 0.0
v -9.339659570367076 -11.687531132251024 0.0
v -14.790300927474163 13.605402508750558 0.0
v 10.855739360733423 4.002364153973758 0.0
v -1.789196573139634 -0.7707939632236958 0.0
v -11.942219525983091 14.276225538924336 0.0
v 10.509479660191573 0.14644785970449448 0.0
v -0.05908113333862275 -13.169249210506678 0.0
v -3.2243850830127485 1.7716543981805444 0.0
v -1.2258689836016856 14.592153604142368 0.0
v 11.211841974058188 6.7899514073506 0.0
v -6.9606988047016785 8.196362455375493 0.0
v -2.2542117889388464 12.551445621065795 0.0
v 3.0726835732348263 12.398387846536934 0.0
v -9.862646508729085 -3.257996310479939 0.0
v 7.8962188986479305 -11.244706708937883 0.0
v 3.2366731546935625 -14.946806610561907 0.0
v -0.7969902832410298 -5.522561637684703 0.0
v -4.648308244533837 7.969789093360305 0.0
v 3.465867697959766 9.398675786331296 0.0
v -2.823009735206142 -9.783229392021894 0.0
v -14.46461000351701 -7.670087927021086 0.0
v -6.332578273839317 2.043507124297321 0.0
v 8.947421385149937 -10.784042962826788 0.0
v 1.5918846154236235 13.330380342900753 0.0
v -11.68834751524264 -1.3933747746050358 0.0
v 12.734618103539106 0.6857806984335184 0.0
v 5.418604907637928 -5.844954125583172 0.0
v -3.528130410180893 10.254211398772895 0.0
v -14.20041895180475 12.47178690508008 0.0
v -5.414776784484275 4.44486942794174 0.0
v 4.35865839116741 0.6049966774880886 0.0
v 5.65570007415954 13.712202512659132 0.0
v 8.337813288380858 -8.810179185122252 0.0
v 6.543178394611459 -5.922991066239774 0.0
v 3.521421698271297 1.108242210932076 0.0
v 11.077426546893548 -8.987432996742427 0.0
v -5.587887364788912 10.093458800576627 0.0
v -5.616713557043113 10.708976703695953 0.0
v 6.247993517317809 -8.778778718784451 0.0
v 11.698843119200319 -11.209092620760202 0.0
v 13.6260086108814 6.260100023820996 0.0
v 12.764996706799138 -12.633538802154362 0.0
v -3.3024726238800213 13.000716283917427 0.0
v 2.191497868509032 10.851644232869148 0.0
v 12.07647779583931 -0.3547595730051398 0.0
v 6.480982516135555 4.03185919765383 0.0
v 3.8230555895133875 -4.151520853862166 0.0
v -12.857699983753264 -4.3176414500921965 0.0
v -4.019817969005089 3.8097150214016438 0.0
v 12.354068295098841 -3.9800971690565348 0.0
v -7.731278520601336 -0.9401292689144611 0.0
v 7.538862542249262 -0.9627743465825915 0.0
v -12.444130774994846 4.893881259486079 0.0
v -14.038750061183237 11.805974327027798 0.0
v -8.846903907251544 12.03276089578867 0.0
v -2.4099804731085896 3.696540081873536 0.0
v -4.905825739668217 -10.08049267809838 0.0
v 1.064082677126862 11.66556219663471 0.0
v 7.790472304564901 -6.882912916131318 0.0
v 10.594614412693772 -13.503225971013308 0.0
v -11.752191978681367 -0.7472727168351412 0.0
v 14.611829887435306 -5.209300046786666 0.0
v -1.6074147149920464 10.052142933942378 0.0
v 7.956191883247811 3.7834745785221457 0.0
v 9.823989263211843 13.818504425697029 0.0
v 1.20433744112961 -11.725952453911304 0.0
v 7.305248815566301 -9.486910161562264 0.0
v 2.480036516149994 4.704819293692708 0.0
v -8.31647178978892 8.94833555445075 0.0
v -4.872407851857133 12.069608179852366 0.0
v -11.896779277012683 0.23671649768948555 0.0
v -6.665846181800589 -11.926843458786607 0.0
v -9.519111932313535 -4.63547583296895 0.0
v 1.0625644402462058 -14.855649266391993 0.0
v -4.404929913696833 -7.202716406434774 0.0
v -14.130224953987636 -7.880385369993746 0.0
v 1.0905113997287117 -4.338809573091567 0.0
v -11.637169630383141 -7.813259257003665 0.0
v 0.7297235535806976 3.8972146343439817 0.0
v 11.259783899702597 -6.651431354694068 0.0
v 13.432319557992741 4.057403097860515 0.0
v 8.907884396496229 1.2687359470874071 0.0
v 12.54158467007801 -1.4787353118881583 0.0
v -1.1346038030460477 -4.925660845823586 0.0
v 7.15734296280425 -12.93828839622438 0.0
v 7.274817262252327 8.901372305117548 0.0
v 14.214160832751077 -0.6852195486426353 0.0
v -2.1176562617183663 -2.753248338587582 0.0
v 0.618952990800608 8.394060019403696 0.0
v -3.372711952077225 -14.428910503163934 0.0
v 4.186759747215547 -13.695596327073872 0.0
v 13.740969499165658 -3.05145853664726 0.0
v 13.245388340903446 1.3661038186401129 0.0
v -5.945606878201943 13.12170341797173 0.0
v -3.972929374605883 -3.4626050293445587 0.0
v -14.530989113263786 10.827151724137366 0.0
v 0.4304779138765298 -8.488719198852777 0.0
v 3.44156946282601 -8.506257737986743 0.0
v -2.0960703039891087 5.768831911496818 0.0
v -3.5363728927914053 -2.468933556228876 0.0
v -12.286185546487104 2.921265068463981 0.0
v -6.562497069477104 -1.2193288542330265 0.0
v 13.577145355229732 12.403566631488502 0.0
v 6.433392561157234 -13.126871520653367 0.0
v 10.500380941026378 14.13650653231889 0.0
v 11.853097286482807 0.39913924783468246 0.0
v -3.0297207576222718 4.984669540077448 0.0
v -13.234579666925129 -5.595676131546497 0.0
v -5.210200145200361 -6.950288906693459 0.0
v -9.459881455928553 11.642748867161572 0.0
v 12.228648770833388 -5.8341309214010835 0.0
v -13.760570164304227 -7.7893154406920075 0.0
v 1.8322070338763297 11.9995422270149 0.0
v 11.331174452847335 7.905438099987805 0.0
v -9.725559655111283 -10.401864858344197 0.0
v -12.330816574627534 -8.260889043100178 0.0
v -13.72666917933384 7.840333018451929 0.0
v -10.964765828452073 2.914665280841291 0.0
v -6.724857157212682 -13.212237454019487 0.0
v 6.107370945683215 -13.911855491809547 0.0
v 11.483096999465488 -14.927908168174326 0.0
v -12.903193223988637 -1.3681429894641042 0.0
v 8.986920161638409 4.583879854530096 0.0
v -1.3255503652617335 4.519243471324444 0.0
v 14.638668605999555 -4.84070363920182 0.0
v 9.576568195247091 6.533170314505696 0.0
v 7.716738341667224 1.6898877527564764 0.0
v 1.1387840883689933 -5.250596226193011 0.0
v 10.383965485787485 -2.3479677932336926 0.0
v -6.774136370047927 11.8624352728948 0.0
v -4.582200700999238 -14.163309737108648 0.0
v 5.287429979303852 13.517904849722981 0.0
v 6.353196375537664 5.945481235161424 0.0
v -13.945446224883199 -5.96300407871604 0.0
v 0.8540612331125885 13.583637494593859 0.0
v 1.3841479956172407 10.343370201066136 0.0
v -13.377915813063737 -6.856139162555337 0.0
v 2.7203365097520873 -12.907365025021136 0.0
v 8.224675961828325 -5.089503651484847 0.0
v 4.164490379800554 14.173157315701246 0.0
v 8.830938873405103 9.08355753775686 0.0
v 7.4198903876240365 -2.1526751276105642 0.0
v 0.6697754096239805 -10.495356157422066 0.0
v 2.7362620697240345 5.113966133445501 0.0
v 7.649525271030143 -9.421779594384134 0.0
v 10.204254516283982 -12.626749943010509 0.0
v -7.53115730767604 -8.467451840639114 0.0
v 8.9628259302699 -10.76944148633629 0.0
v 3.931757012323942 8.303587805479765 0.0
v -14.170828281203285 12.05580620560795 0.0
v 2.739562816277612 -13.029432003386319 0.0
v -6.749147521448322 -7.277654864825308 0.0
v 7.9465296330163255 -14.79790944699198 0.0
v 6.976263192947954 -0.13609883282333612 0.0
v -3.5326397150056437 -9.79094644729048 0.0
v 14.954270612215623 9.625714397057891 0.0
v -10.780657912197057 8.540006434544921 0.0
v -11.426092027802952 -13.775156650692225 0.0
v 3.2547429100377485 3.1502487305551767 0.0
v 3.7331746817799285 6.380370568484068 0.0
v 11.215534905379172 4.072846215218306 0.0
v -12.679252230504062 0.9866029862314463 0.0
v -4.263151024875697 -2.6912299366667867 0.0
v -13.57385659829015 0.9660773724317551 0.0
v 4.2322061529848725 13.3843281455338 0.0
v 9.39356245129602 -2.624019063077867 0.0
v -13.515467670338694 4.191147916950285 0.0
v -0.053586460067890584 5.735938305966556 0.0
v -2.6607233000104316 -3.6316187707707286 0.0
v -11.634103584918194 -12.850054005160928 0.0
v -8.879861775028985 13.459383928216994 0.0
v -0.17820831947028637 1.7248986074700952 0.0
v -12.695199221139774 3.618710655719042 0.0
v -7.668071252584923 -7.402856133878231 0.0
v 7.3416340140393 2.489399236626923 0.0
v -1.2269671775284223 -0.4151836857199669 0.0
v 4.550742874736898 4.558228829875588 0.0
v 7.204775087535381 -13.571533835493028 0.0
v -9.648035033955239 -11.432407286949456 0.0
v -2.3462521223700605 6.310577510856092 0.0
v 10.795590298832394 -7.647730922326446 0.0
v 3.89122876705369 -10.912922429852188 0.0
v 13.060358684160747 -7.293340831063688 0.0
v 1.6251965314731933 13.236430305987597 0.0
v 5.947023276297841 -7.229291702620685 0.0
v 12.35740205377806 -13.642513403669 0.0
v 9.626259480137378 2.9706489788368344 0.0
v 3.0027687908150256 -7.892351835034788 0.0
v 1.3098812456591986 13.128006144426763 0.0
v -14.505450789816678 10.692399270832539 0.0
v 9.905858121346682 12.190493118017912 0.0
v 3.855146169778891 11.370487643405795 0.0
v -2.144865210982971 -10.72340977191925 0.0
v 10.349059256201144 -0.48492977675050497 0.0
v -14.32500071724644 -4.780407029204071 0.0
v -11.795308382017538 9.014890685677528 0.0
v -12.182852033700328 2.7064876835793257 0.0
v -13.391526081541087 -14.539453545585275 0.0
v 13.34847942768829 -9.283258920535445 0.0
v -2.258608417294454 13.520522272214293 0.0
v -9.604510637000203 -2.1708347126841545 0.0
v 6.726758207078092 10.292041686363518 0.0
v 14.823163268214557 -13.502322344109416 0.0
v 0.7273642716463655 14.476747357286513 0.0
v 6.241909536882304 -10.560861219651997 0.0
v -9.20850032143062 -2.4569503339007497 0.0
v -6.573359578149393 4.897074714303017 0.0
v -11.932658038334921 -14.696274250745773 0.0
v -8.358793810475618 -13.523701772093773 0.0
v 11.057462100347038 -14.332106467336416 0.0
v 2.3297333524678834 -8.804511053487659 0.0
v 8.990379402937833 -14.23853110615164 0.0
v -3.370044462615624 9.72135240957141 0.0
v 8.50272169453092 7.966294234618545 0.0
v -5.852454942360055 5.953885682858527 0.0
v -3.9238298839190975 -4.996153580956161 0.0
v -2.523843605420552 -0.024804371409118176 0.0
v -6.215766861569136 -4.660662139765918 0.0
v -8.74880409456091 -5.784282328560948 0.0
v 2.4861027824808843 -0.4672569241374731 0.0
v -0.05750138801522553 -5.5988996513187885 0.0
v -0.07689168100478128 -8.177199226804078 0.0
v 10.378827848355286 11.553873498924077 0.0
v 13.018368898134213 -5.345821976661682 0.0
v -9.830054267542437 -11.348001428879797 0.0
v 9.953480103053153 -13.864922027103603 0.0
v -9.744967164471745 -5.112308724783361 0.0
v 5.5631575269508176 8.087929298169911 0.0
v -14.765610212285537 -13.970959851518273 0.0
v -0.5006219650967978 2.206163293682039 0.0
v -7.080208400439005 -13.888243277557194 0.0
v -10.423565306817181 -12.9754917640239 0.0
v 14.593142836587504 7.466468756087124 0.0
v 2.650024835485965 2.7607594626024365 0.0
v -12.194440035964362 11.049573591910303 0.0
v 7.567101433640346 -3.0778848361223936 0.0
v -10.666637264483143 -3.897717958316207 0.0
v 6.519813793944195 -8.803468747995794 0.0
v 14.644247310701758 -5.205422749742866 0.0
v 12.656905238865875 5.196051707491279 0.0
v 1.0812923483899795 3.661721618846059 0.0
v 7.314747277181596 1.5236293449997902 0.0
v -12.841818876797333 -6.217553465627134 0.0
v -5.670864959072787 -0.3817154038697481 0.0
v 3.292901713459287 5.662867707200348 0.0
v -2.59832307882607 -5.2049419125542045 0.0
v 9.301377427473199 3.5350302001461387 0.0
v -5.322597859543748 10.759686545468867 0.0
v -5.167076932499185 13.021540511399508 0.0
v -4.537648233352229 3.951661378145218 0.0
v -8.644735043402761 -0.48555842135101557 0.0
v 4.223422477836721 9.607051947154105 0.0
v 13.066919924982358 -1.4110390422865748 0.0
v 4.713365995150525 13.987560127861798 0.0
v -3.5058403075672686 -6.342544086277485 0.0
v 12.661287915543653 -6.871727568097413 0.0
v -2.935292254376691 11.740036487579346 0.0
v -13.905209038755856 14.590481663122773 0.0
v -13.808772346412297 10.631365542300045 0.0
v -14.80106952850474 11.809035319834948 0.0
v -6.236215463490225 10.810256211087108 0.0
v -8.681573389912955 -12.228122595697641 0.0
v 10.764679816842545 1.6814027158543468 0.0
v -12.74816523148911 3.2722830874845386 0.0
v -9.39674672682304 -13.524863047525287 0.0
v 13.183146238094196 6.215742222033441 0.0
v 5.81086484604748 1.310765329748392 0.0
v -14.537330761202611 5.887105454690754 0.0
v -14.652083993132692 -10.353057422675192 0.0
v 2.0727052525035106 7.357048738747835 0.0
v 5.215225942025427 -2.446453549899161 0.0
v 10.241568497440312 -2.196559795178473 0.0
v -9.283610428101383 14.661216432228684 0.0
v 6.9469398483633995 -4.543953262269497 0.0
v -11.0104564569192 -1.6118291737511754 0.0
v -14.090336534602102 4.331881203688681 0.0
v 5.748129395826254 1.8139855293557048 0.0
v -12.78386605711421 -6.3352276822552085 0.0
v 4.040226203564089 -7.295538023114204 0.0
v -13.094700984889641 1.4864825885742903 0.0
v -3.327229858143255 -1.588188560679555 0.0
v -14.149790066410787 3.9225995298475027 0.0
v -1.7855856615351513 -10.238515445031226 0.0
v -14.464202323404606 -5.250989983789623 0.0
v -11.305828084703535 -6.853960539214313 0.0
v 2.8422183700604364 -4.94711855892092 0.0
v 13.343091579386964 7.294668172486126 0.0
v -12.008388190413825 12.800413018092513 0.0
v 1.5681520506041124 -13.955083251930773 0.0
v -4.497921168745961 6.27305434178561 0.0
v 1.741924189904239 5.781949211843312 0.0
v -10.132287529646419 -7.802402628585696 0.0
v -5.7899321529548615 12.857432800345123 0.0
v 3.933920627750922 0.5676506822928786 0.0
v 6.213186279637739 7.842588133178651 0.0
v 4.129153229296207 11.210583405569196 0.0
v -4.894699352094904 -3.562541088089347 0.0
v -5.579804248933215 0.40810936596244574 0.0
v 1.1384921525605023 14.908201452344656 0.0
v -14.849713497736957 -11.820414211601019 0.0
v 12.168801572930533 2.4983419608324766 0.0
v -3.5557395109790377 -0.9078622162342072 0.0
v -5.052614709595218 -11.593627308495343 0.0
v 6.442218525742646 -12.426668021827936 0.0
v -14.349890903162304 -7.93003027420491 0.0
v -10.053146214573644 -9.650929742492735 0.0
v -8.91678968706401 -0.49492989107966423 0.0
v 10.896065484848805 9.788445730693638 0.0
v 13.381838739442173 -13.838243180885911 0.0
v -14.740027722495142 10.412551919929683 0.0
v 4.854802392888814 -11.4387909444049 0.0
v 1.4902601857320406 -0.45939275063574314 0.0
v 3.206573824165389 -4.564671183936298 0.0
v -6.194915282190777 4.620128775015473 0.0
v 11.357062782277353 8.052924502640963 0.0
v -13.900350335985422 8.82948758546263 0.0
v 10.339173816842958 6.042606238275766 0.0
v 14.72481796523789 -12.230919697321951 0.0
v -8.781841233954765 9.394260843284428 0.0
v -12.070772915147245 -4.4197632959112525 0.0
v -11.604073723021429 -11.363616045564413 0.0
v 5.876500090351328 -13.96836025454104 0.0
v -9.444869764090981 3.147798417136073 0.0
v 1.7264335043728352 4.526807180605829 0.0
v -4.619571954768617 -8.944230538792908 0.0
v 8.673317347362172 -1.582998413592577 0.0
v 5.269842323847115 13.992532537318766 0.0
v 10.446557879506145 -4.540484567172825 0.0
v 5.54565139231272 -4.568512924015522 0.0
v 1.4577905767364427 -4.611759424209595 0.0
v -5.377046203240752 -13.359860667958856 0.0
v 0.31496371765388176 -2.623063849285245 0.0
v -4.0156752173788846 -1.2692673243582249 0.0
v 1.3670519384904765 14.72071813326329 0.0
v 2.0568580346298404 11.327695776708424 0.0
v -9.109257357311435 -7.770056650042534 0.0
v -8.178099952579942 -0.6355098495259881 0.0
v -10.53383815829875 -11.114547745324671 0.0
v -12.774784198205452 -10.91556537244469 0.0
v 5.060213731019758 14.427096066996455 0.0
v 14.524238143640105 -7.238623513840139 0.0
v 3.8300142731750384 -7.815093888901174 0.0
v 5.29183251678478 3.5364401256665587 0.0
v 9.987400116224308 14.365936932154 0.0
v 0.13851672800956294 11.483655638061464 0.0
v -3.16430903255241 4.930490859784186 0.0
v 13.229703096207231 -10.947917005978525 0.0
v -13.790869724121876 -0.3349981289356947 0.0
v -3.0907687161816284 8.411857180297375 0.0
v 5.3543811402632855 -11.832764878869057 0.0
v -3.9897494601318613 -13.460953042842448 0.0
v -6.756634339981247 0.24251144099980593 0.0
v 14.59289483469911 -10.716342748142779 0.0
v -3.562673927517608 -7.296208425424993 0.0
v 1.6700402842252515 9.35201532393694 0.0
v 1.983595387544483 -12.4710814030841 0.0
v 0.4039693637751043 7.043841117992997 0.0
v 0.6632622818578966 1.1984690483659506 0.0
v 1.8564489253913052 11.572520825080574 0.0
v -3.872185669839382 14.294496042653918 0.0
v -14.112818819645327 7.64832981582731 0.0
v -8.98103766393615 -9.510221972130239 0.0
v -13.020807312976103 12.725000419653952 0.0
v -13.89636563078966 -6.386333417147398 0.0
v -14.212053158262279 4.194547006860375 0.0
v -0.008640670101158321 7.487010748125613 0.0
v -2.896067826077342 14.88676470797509 0.0
v 8.553036112280097 -10.955867321230471 0.0
v -7.278910240449477 -6.450932157225907 0.0
v 6.449194818036631 -4.255192218348384 0.0
v 8.332555725472048 -0.19963074009865522 0.0
v -14.061990497924853 1.654791803099215 0.0
v -6.524334646353964 -7.5014077462255955 0.0
v -0.7114299360546283 9.346991989761591 0.0
v 6.5572253367863595 13.067447701469064 0.0
v 6.676099371688906 11.260212591849267 0.0
v -9.93279297684785 -10.867355013266206 0.0
v 1.0427307143690996 0.704920974560082 0.0
v -10.478430266608484 5.173500690609217 0.0
v -9.542499541130383 -0.1541942860931158 0.0
v -14.786813288053963 10.537945522926748 0.0
v -8.436733485141303 6.08191554993391 0.0
v -6.096734501479659 1.739599364809692 0.0
v 13.6213261372759 -0.8707051398232579 0.0
v -6.904194033006206 2.918007969856262 0.0
v -7.117947458114941 -8.508117156103253 0.0
v 4.505351631843951 -7.934836723841727 0.0
v 7.113607645733282 12.293498345650733 0.0
v 12.684829440957401 11.443921336904168 0.0
v -11.565270180697553 -10.210686366073787 0.0
v 3.526446307718288 8.846501807682216 0.0
v 14.39138070732588 -3.749473063275218 0.0
v -5.1084487669868395 -12.050605156458914 0.0
v 4.685042379947845 0.2111944817006588 0.0
v 5.287127226474695 -4.3620258662849665 0.0
v -7.883039310632739 6.9444015473127365 0.0
v 0.22390674269990996 -10.959351671859622 0.0
v -9.14044768846361 5.54479462839663 0.0
v 14.209265075274743 2.8601730298250914 0.0
v 3.2710127812460996 6.547905429266393 0.0
v 14.563822885567788 -11.06484938506037 0.0
v 9.072635256161448 -14.903826542198658 0.0
v -5.56014227430569 0.4279024265706539 0.0
v 7.414887604070827 -4.913691827096045 0.0
v -11.58557865273906 11.861892389133573 0.0
v -11.884931778826285 9.570570905692875 0.0
v -8.435199224739335 4.482390028424561 0.0
v -8.90132617315976 -9.452478933148086 0.0
v 10.551540633663535 11.431299892254174 0.0
v 3.9627714809030294 -11.30100927874446 0.0
v 10.517738088441547 5.717965527437627 0.0
v -4.989281035901513 11.820122484117746 0.0
v -11.970137338154018 -6.0917937541380525 0.0
v 11.443066765146796 3.55750441737473 0.0
v 8.887866935168859 8.416109248064458 0.0
v 9.932468804647215 6.43363506346941 0.0
v 9.614414935116656 -7.199378106743097 0.0
v 14.447360455640592 -1.3269396647810936 0.0
v 6.6315170368761756 8.380921438336372 0.0
v -7.662362173898146 -3.3784435940906405 0.0
v 8.26565740822116 -2.6597386626526713 0.0
v -8.196550232183654 5.537507314234972 0.0
v -10.727541889820714 -1.590406373143196 0.0
v 6.43675612664083 3.298161420971155 0.0
v -0.12251864670543 -1.4386808685958385 0.0
v 6.204142001341097 12.63622679002583 0.0
v 4.064409197715577 -9.377466429956257 0.0
v 6.124298107053619 -4.974385456182063 0.0
v 9.473503803717904 2.600168412551284 0.0
v -10.517929202294908 -3.1124612502753735 0.0
v -6.394286666007247 5.264741746708751 0.0
v -9.218788022582885 -14.78134870249778 0.0
v 7.058633815264329 5.3535579312592745 0.0
v 7.365840622514952 -4.182370329275727 0.0
v -12.161184829194099 1.1864854972809553 0.0
v 14.563094862678554 -14.048248560167849 0.0
v 14.412778131547384 -2.897312767803669 0.0
v 6.758459247997962 -6.321147885173559 0.0
v -3.5151800372987054 -14.085712146013975 0.0
v 10.314894319162704 -2.5259220572188497 0.0
v 10.477535698038992 0.4413973931223154 0.0
v -2.5226559402653947 -1.2307231333106756 0.0
v 9.039306643244345 -0.7929719043895602 0.0
v -3.1463527641026303 1.5651874709874392 0.0
v -0.8002858988475055 7.489006444811821 0.0
v -5.622328179131728 -5.746869635768235 0.0
v 8.518695000268053 -9.804472219198942 0.0
v 2.44692281098105 -5.601327135227621 0.0
v -4.1435445046518 -4.331662226468325 0.0
v -9.857195599877741 12.501450151205063 0.0
v 11.797551564523019 8.364722212776542 0.0
v -3.4050908181234263 10.514686586335301 0.0
v -11.79007633170113 -13.285170373506844 0.0
v -9.990778283623513 14.642056491225958 0.0
v 8.128802099439781 -13.011410196311772 0.0
v -12.291240073624067 -0.6474933084100485 0.0
v 0.872887785139028 -7.468902265653014 0.0
v 13.74527602060698 -4.057151277549565 0.0
v 12.467018546012696 9.208620626479387 0.0
v -10.022475614619907 13.09371654316783 0.0
v -4.323831555084325 9.077027004212141 0.0
v -3.93059829226695 -10.83190594241023 0.0
v -4.756744052108843 12.199224690906703 0.0
v 1.4243681440129876 2.6985536701977253 0.0
v 9.47413680225145 5.109452961012721 0.0
v 5.763110893196426 -7.7535818330943584 0.0
v 14.140826454560738 -12.768965799361467 0.0
v 10.153342422330752 9.740979020483792 0.0
v 8.334447443077806 -4.2250878140330315 0.0
v -4.753091902064625 7.0051627876237035 0.0
v 6.410062734270468 9.256552262231708 0.0
v -9.38078690727707 -3.006064187735319 0.0
v -2.1281046862713993 12.154938482679427 0.0
v -14.517523215676192 14.812004691921175 0.0
v 0.943156796565745 -10.781682720407844 0.0
v 8.421587443270255 -6.027804162353277 0.0
v -4.9698775372235104 6.539388578385115 0.0
v 8.288067756802775 9.618074861355126 0.0
v 3.230089027201757 0.1507992772385478 0.0
v 12.41550302284304 8.00941654574126 0.0
v 7.5799860348924994 7.34457588288933 0.0
v -4.2243067874806 -6.903269507922232 0.0
v 8.918175204191357 -0.8762776358053088 0.0
v 4.810680965078063 -1.6354379700496793 0.0
v -2.497348484408576 2.4695834182202816 0.0
v 12.078968434827402 0.6823068121448159 0.0
v -9.76385445264168 -0.2164656762033701 0.0
v 14.661403852631338 -14.821291252039373 0.0
v 1.0261246819864027 6.760673338547349 0.0
v -9.50374645361444 -6.540364897809923 0.0
v -9.179097018612083 -3.2786092460155487 0.0
v 8.012293198436964 -3.1332019977271557 0.0
v 14.298151258553844 -2.47708704136312 0.0
v -5.071549410116859 -0.21910585928708315 0.0
v 0.5679980198619887 1.5726197743788362 0.0
v -4.225420124595985 5.326007705181837 0.0
v 12.948949779791292 -11.60561793204397 0.0
v 5.22843793669017 14.97071878053248 0.0
v -10.217657540924847 -8.343890560790896 0.0
v -4.861650854407344 -5.097360798157752 0.0
v 6.292967932706233 -6.140550148673356 0.0
v 0.10831219505053014 13.122872306033969 0.0
v 6.770588598679751 -7.507121569477022 0.0
v 10.932574218022637 -1.4981198133900762 0.0
v 10.229677588446066 -14.565538002178073 0.0
v 11.900754022994079 4.436910400167108 0.0
v 3.562969756720122 0.19725764263421297 0.0
v -11.82325887074694 -7.956547947600484 0.0
v -1.8067885131458752 9.904316248372197 0.0
v -14.773106794222258 7.368498361669481 0.0
v -3.459960146516096 -14.551519715227187 0.0
v 9.859718006046023 12.039538001641631 0.0
v -11.112582772271708 -6.285024703480303 0.0
v 9.64808259246638 9.391803957521915 0.0
v -4.351652538753115 -0.7760747028514743 0.0
v -5.659817436826415 -9.669669155962765 0.0
v -11.611898202740122 2.093770120292902 0.0
v 0.15449180803261697 -14.010766028426588 0.0
v -10.476238960865885 3.0941662369295955 0.0
v -9.46507561096223 0.044004316441714764 0.0
v 12.018456724530552 9.958361487835646 0.0
v -10.217114356113598 7.882981178350747 0.0
v -5.867382918135263 -6.219897014088929 0.0
v 6.055117384821642 0.07103145681321621 0.0
v 10.18964610103285 -8.378611352294683 0.0
v 7.220368710462935 0.6549393432214856 0.0
v -8.461658156244084 0.38252252247184515 0.0
v 9.973786239803303 5.810998016037047 0.0
v 14.797332108137198 -13.10634500067681 0.0
v -3.6060031880624592 -7.4534755274653435 0.0
v -7.4145416031824425 -13.136983910575509 0.0
v 0.8963549677282572 -8.21961697563529 0.0
v -6.355852511536796 -8.312495774589479 0.0
v -7.070384290243965 -3.504045434296131 0.0
v 11.04826933669392 9.437165192328393 0.0
v -8.057349382550456 9.233285355381668 0.0
v 0.43012801045551896 -2.457311460748315 0.0
v -14.46942499204306 -11.04044063668698 0.0
v 6.546934745856561 7.768487327732146 0.0
v 9.126140120381024 -10.061072634533048 0.0
v 2.656799715536181 -12.981038027442992 0.0
v 5.42435934394598 -0.25621400866657495 0.0
v -2.700646094745025 2.251779862679541 0.0
v -8.432682574843056 -5.014806601218879 0.0
v 4.90088614099659 -13.660763883031905 0.0
v 14.960809364565648 12.29744252935052 0.0
v 8.466774484491907 3.1844578301534057 0.0
v 12.142499718116596 -5.833735145628452 0.0
v -4.004337168298662 -2.5660218000411987 0.0
v 14.085548048547935 -5.794048238545656 0.0
v 0.47641663934336975 10.248937028460205 0.0
v -4.719636093068402 11.708913130685687 0.0
v 12.000451492902357 11.8847611322999 0.0
v 3.9348031682893634 -13.091725097037852 0.0
v 8.100317847565748 -9.189989591017365 0.0
v 7.000041723600589 -14.673739878460765 0.0
v 1.8471174655132927 -0.10955253057181835 0.0
v -1.697261662571691 -9.678063223138452 0.0
v -1.496373761096038 0.5700817657634616 0.0
v -12.073613762564491 4.054943444207311 0.0
v 11.29470042930916 14.321377284824848 0.0
v -8.687384283693973 -14.159512654878199 0.0
v -3.052793013281189 -5.034259090200067 0.0
v -9.152942418877501 9.904889902099967 0.0
v -5.219681543647312 11.620590040460229 0.0
v -6.90537335339468 -8.640054897405207 0.0
v -4.942610455094837 0.8294199807569385 0.0
v -11.963736088364385 1.4179059797897935 0.0
v 9.183343399316072 9.188104543834925 0.0
v -8.549169106408954 10.984481110237539 0.0
v 0.06065714475698769 3.753106387332082 0.0
v 1.928953377297148 1.5476267859339714 0.0
v 0.885786545695737 11.760870113037527 0.0
v -5.362990187946707 5.457768635824323 0.0
v -9.322882149834186 5.5778869688510895 0.0
v 3.3134036490810104 13.596074434928596 0.0
v 4.103525288286619 5.283187533728778 0.0
v -10.522680264723022 -10.82498967461288 0.0
v 10.443470284692012 4.210412069223821 0.0
v 8.694192468363326 10.695413541980088 0.0
v 7.877417619689368 -8.682312329299748 0.0
v -7.75211861601565 -0.19766936544328928 0.0
v -5.371870513306931 -9.22864434402436 0.0
v -4.094320798642002 14.079877755604684 0.0
v 11.979119108757004 -2.2763324277475476 0.0
v -3.145897753594909 3.8834392670542 0.0
v 8.699189399427269 -0.788056218996644 0.0
v -11.563832575804554 2.0653511630371213 0.0
v -5.361218270787504 -0.7626088717952371 0.0
v 10.831123668467626 -5.947867665439844 0.0
v -4.167577845510095 -9.75854661501944 0.0
v 11.41010721604107 -12.010980376042426 0.0
v -10.717112999875098 -13.641391549259424 0.0
v 6.763180804031435 0.07643849588930607 0.0
v 8.27834338642424 -13.583594149909914 0.0
v -9.788534345279913 -1.872933965176344 0.0
v 6.515923198545352 -11.388980148360133 0.0
v -5.153290422924329 1.6580131268128753 0.0
v -12.896158921823371 9.852406430989504 0.0
v 3.8946612747968175 -13.153675467707217 0.0
v 6.1166040796088055 -14.9060896653682 0.0
v 3.073644586489536 -14.948441608808935 0.0
v -8.684960722224787 -14.909258343279362 0.0
v 9.243197422591038 8.876204811036587 0.0
v -0.4281402415363118 -5.729973684065044 0.0
v 2.2044374449178576 -9.61870791297406 0.0
v -10.347756916191429 8.762165267020464 0.0
v 13.61558501952095 -7.726344775408506 0.0
v 0.5537206523003988 -7.051866401918232 0.0
v 5.6361399496672675 5.311824692413211 0.0
v -13.714611325995065 11.733692727051675 0.0
v 11.152216176735237 -6.424340485595167 0.0
v -7.807651766750496 1.2795730410143733 0.0
v 11.326149998116307 13.607076512649655 0.0
v 10.946641224029008 -3.669958671554923 0.0
v -2.2133619096130133 -2.780364755541086 0.0
v -0.10041536146309227 3.5740290684625506 0.0
v -7.848884560633451 -11.318780441768467 0.0
v 13.003689540317282 5.231034928001463 0.0
v 4.0181715452927165 4.453189212828875 0.0
v 8.511605754261836 -5.250581822358072 0.0
v -10.083813820034266 -6.839234466664493 0.0
v -0.40970612480305135 1.0523279048502445 0.0
v -2.8291611498571 13.633955772034824 0.0
v -5.802050581958611 2.1666407929733396 0.0
v -13.3533751409268 -11.621195291168988 0.0
v -7.93976204196224 2.1515273600816727 0.0
v -4.912957394670229 -5.360049007460475 0.0
v 7.982330661092419 13.025686477310956 0.0
v 10.356750679668039 -13.227910969406366 0.0
v 9.077165373135358 7.939000413753092 0.0
v -6.821647114586085 14.22258606273681 0.0
v 9.480723698798101 -8.822518199682236 0.0
v 14.458447295764927 10.34680622909218 0.0
v 10.317214380367659 -6.166329448111355 0.0
v -14.635140165511984 -11.625126818194985 0.0
v -1.1363541564205661 14.476465604268014 0.0
v 4.378926248173229 -8.927937566302717 0.0
v 9.16601955780061 9.648474540561438 0.0
v -14.619986317353323 2.3693002117797732 0.0
v 5.062022125988733 2.3497964553534985 0.0
v 12.813526119396556 -0.4812865825369954 0.0
v -14.800873592845164 -14.504920795559883 0.0
v -14.720139030658174 11.605700331740081 0.0
v 12.496474020066671 11.111864014528692 0.0
v 5.2118290274520405 -6.467975906096399 0.0
v 9.390145181445405 -7.257793673314154 0.0
v 8.217813890485559 -0.323334164917469 0.0
v 8.491344603768084 -7.51328341010958 0.0
v -11.457197309238836 14.60208304412663 0.0
v -11.570836987637449 -8.289685459807515 0.0
v -9.670537336962298 -14.323440636508167 0.0
v 9.114506848738529 -5.829338265582919 0.0
v 8.497677920910064 0.4431379372254014 0.0
v 4.62680014281068 0.4654592163860798 0.0
v -12.408238444535527 5.211421675980091 0.0
v -13.320066306507215 -6.729066915810108 0.0
v -0.5266510076471604 -12.779350441880524 0.0
v 9.114484030287713 -10.11084171757102 0.0
v -6.270690398407169 5.59708343911916 0.0
v -1.5076108192442916 -4.722084729932249 0.0
v 12.584938626212534 3.136666625738144 0.0
v 9.626164601242635 3.226467663422227 0.0
v 11.439718586858362 9.899403675459325 0.0
v -4.4862714181654155 -7.8055464290082455 0.0
v -9.724561425508 4.057120819576085 0.0
v -14.12348536105128 0.1826484203338623 0.0
v -8.033804161823355 -13.547603223472834 0.0
v -7.821797667245846 11.988714465871453 0.0
v -3.743490532913711 13.890148218721151 0.0
v -8.076293584599625 10.632137429900467 0.0
v 12.612728526699357 -6.508012308739126 0.0
v -13.222326132876333 0.07560059987008572 0.0
v -1.479671862500254 -1.6604227600619197 0.0
v 6.7630358745809644 3.5417156480252743 0.0
v -2.3126109482254833 1.8412581672891974 0.0
v -4.098112650041003 9.903696737252176 0.0
v 2.387037835083902 3.26804138161242 0.0
v -10.093377866433002 14.208849384449422 0.0
v -0.9033316178247333 -13.4958431487903 0.0
v 11.028562460385729 10.315467607229948 0.0
v 11.744188637065236 -12.166679355315864 0.0
v -4.6077660119044594 -14.034031439572573 0.0
v 8.633022496185731 13.226233975030482 0.0
v 1.7198305350611918 -13.677051472477615 0.0
v 1.8256626926595345 9.286686251871288 0.0
v -8.551144985249266 1.3044743994250894 0.0
v -11.229586843808647 13.20944214053452 0.0
v -12.415311454155017 1.058980179950595 0.0
v 1.720801054558251 -4.28486461751163 0.0
v 7.642880137253087 -9.958276448771358 0.0
v -3.017464879900217 -5.017499655485153 0.0
v 8.81247333320789 -14.757000807672739 0.0
v 12.569757459510583 12.991087779402733 0.0
v -13.263254276884254 14.244109426625073 0.0
v -14.455444792460185 -6.392319827340543 0.0
v 0.7416273603448644 12.969168021343648 0.0
v 13.915310926910024 -12.767677466385067 0.0
v 13.320337178185582 -13.688306109979749 0.0
v 8.429716133279726 6.269382260739803 0.0
v -2.3865540841361508 -8.465618216432631 0.0
v 4.306426133320201 8.958476702682674 0.0
v 3.689457876549568 1.2431983230635524 0.0
v -12.548565884993877 13.326935458928347 0.0
v -8.82403550267918 3.1265904856845737 0.0
v -3.344090589613188 7.0815295008942485 0.0
v 11.858034585427959 11.71667099185288 0.0
v 6.652064847003203 -9.517865171656013 0.0
v -0.8875609881943092 -0.5419735424220562 0.0
v 10.297531597025227 14.526337661780417 0.0
v -11.661611505784094 6.818818666040897 0.0
v 13.702604526013602 4.301672649569809 0.0
v -10.320225209114142 14.522889140062034 0.0
v -3.3365025998209603 2.0888326792046428 0.0
v -6.64084214286413 1.7909524105489254 0.0
v -7.420918064890429 9.467690268531442 0.0
v -8.483593206503429 3.8626653039827943 0.0
v -5.434151484805625 -3.0340897478163242 0.0
v 3.462031605129596 -13.015254335477948 0.0
v -8.748597127036192 -13.92929452098906 0.0
v 6.640302929154132 -13.189004265703261 0.0
v -9.121085334743839 9.904944436624646 0.0
v 0.18823819560930133 -12.880498701706529 0.0
v -6.664535767456982 13.596562119200826 0.0
v 14.264469858142547 -7.141693844459951 0.0
v -13.90168164728675 -8.929530726745725 0.0
v -13.514839803508949 9.154328029602766 0.0
v -8.407622200495098 -3.694868509657681 0.0
v 12.661993935354985 -2.6563517218455672 0.0
v -5.178910058923066 -0.888872061856091 0.0
v -3.472211538988631 -11.380216309800744 0.0
v 12.840209106216207 8.544089872390032 0.0
v -14.611079388705548 -0.17931213416159153 0.0
v 10.590039900911506 -6.304735146462917 0.0
v 7.943676416121889 9.706711124628782 0.0
v -9.41315807722276 2.8299240320920944 0.0
v -1.276392697589472 -13.51365730073303 0.0
v 1.7375432391418144 -7.856889481656253 0.0
v -7.160939685301855 2.802071673795581 0.0
v -6.806258522206917 -8.815157509408891 0.0
v -9.610684299084824 -14.80522146821022 0.0
v 6.314320715144277 -7.690341931767762 0.0
v 5.425713055476081 -13.229361631907523 0.0
v 8.874790518719237 -13.148085406050086 0.0
v 2.8571324624936096 7.918799086473882 0.0
v 13.373327551002149 -5.948180238716304 0.0
v 3.9961642863345332 7.093259395100176 0.0
v 2.6605481283040717 13.167374889366329 0.0
v 3.176608494773973 -4.838915190659463 0.0
v -12.441315332485829 -13.067637359723449 0.0
v 2.643207054643426 -14.01124415639788 0.0
v -13.470746544830035 5.151776567101479 0.0
v 11.64768547139829 14.009093365631998 0.0
v 7.289917328511365 -7.293239703401923 0.0
v -14.048408617905807 -9.582040391862392 0.0
v -5.563870787911583 12.098197001963854 0.0
v 2.935071976389736 -1.740507890470326 0.0
v 7.120495733281132 3.1195891052484512 0.0
v 0.3087412992026657 -4.398340984247625 0.0
v -1.9863862291094847 9.006323668174446 0.0
v -5.197484658099711 3.384458147920668 0.0
v -5.3478361633606255 -0.3834352372214198 0.0
v -10.268129018892068 -11.752214465290308 0.0
v -6.805547358759213 3.711894574575126 0.0
v -6.5821861864533275 -12.399512213654816 0.0
v -8.91239977069199 14.153553700074553 0.0
v -2.2533776764175855 -3.441243726760149 0.0
v 14.023306595219765 -10.093688638880849 0.0
v -10.480766549706459 10.384252349846065 0.0
v 6.826218435133342 10.852493691258132 0.0
v -11.701061389700044 -4.517896776087582 0.0
v 8.61748457205249 13.099890257231891 0.0
v -7.733788347104564 0.1712935995310545 0.0
v 14.436866477772128 14.929820603691041 0.0
v -13.883953457057942 -1.4175140019506216 0.0
v 13.893502046063077 1.6043830309063196 0.0
v -5.544295480067376 -0.28414409700781107 0.0
v -14.879317186016124 -11.783249270170927 0.0
v 7.928072463080753 -6.038649871945381 0.0
v -12.527455836825538 -11.14576530084014 0.0
v -5.499289943836629 3.7492708768695593 0.0
v 6.087098367512226 3.243323844857514 0.0
v 2.72958112397464 7.543845632113516 0.0
v 7.2962447081226856 -9.157130973413587 0.0
v 2.5226485892781056 6.772318563424051 0.0
v -1.7443957276991569 -4.352504866197705 0.0
v 7.990690277772956 -10.67136072833091 0.0
v -5.075414013466798 9.446401291526854 0.0
v -11.671886359807104 3.517695700749755 0.0
v 1.9166459013940766 10.56617986317724 0.0
v 8.602302164421417 -2.720071390271187 0.0
v 13.976982983935159 9.045392589643598 0.0
v 2.2962494250386953 8.612736094743013 0.0
v 13.756782942800783 -3.043965321034193 0.0
v -12.362058041500859 8.83273170888424 0.0
v -11.660478694422636 -6.284044654108584 0.0
v 3.6789628149708733 14.367694975808263 0.0
v 5.248971084132791 4.380051387473941 0.0
v 10.525992088369094 10.091990518383682 0.0
v -9.159885832748841 4.541789185255766 0.0
v -11.60861987026874 2.4193226704373956 0.0
v 10.138823557761498 5.74751952290535 0.0
v -1.5162627670215443 -10.019246095791459 0.0
v -14.934559806482866 14.340874848887324 0.0
v -9.964985867321957 13.278978093527257 0.0
v -7.183091267885175 1.9838525345548987 0.0
v -6.80639210739173 -2.9582677353173494 0.0
v 13.725762348098215 -2.084025544114411 0.0
v -8.659533547004685 14.879525106400251 0.0
v -14.999045363394544 -9.810469425283372 0.0
v 12.098040744662285 5.671593534760177 0.0
v 0.11483913328265771 5.754204480908811 0.0
v -10.053900978469756 14.677339098416269 0.0
v -11.929443961649667 10.055688108317554 0.0
v -11.99531896028202 5.660183613188565 0.0
v -9.514171645219903 0.30161837860941887 0.0
v -14.608659219869878 -8.48747823573649 0.0
v 1.5738452966907062 -13.714978201314807 0.0
v 11.209445734624751 2.9799027647823095 0.0
v 5.95042717672186 12.28901997487992 0.0
v 13.624590749444906 -13.073838919401169 0.0
v -2.5285126146045513 -1.5002512093633413 0.0
v -2.7358596633421257 6.5452943705022335 0.0
v 13.276921738695819 -8.181482705287635 0.0
v 3.1372318482608534 8.877138838171959 0.0
v -13.320420284289867 5.666459488682449 0.0
v 9.039338967122603 0.05965058784931898 0.0
v 7.811635942547582 3.5781395975500345 0.0
v 14.428964002756402 11.243316501379013 0.0
v 2.1429499807418324 13.267347700893879 0.0
v -9.647433044796344 2.607427891343832 0.0
v -2.3834463277598843 6.480252736248076 0.0
v -3.0407656133756973 -3.740384493023157 0.0
v 11.614541974209715 -0.6938163135200739 0.0
v 12.100463073526043 13.524127879180014 0.0
v 0.6793613834888674 -5.452608580701053 0.0
v 7.611262762977276 -6.417812081985176 0.0
v -11.690760752302594 8.24326482694596 0.0
v 5.143040966184344 -6.398884459398687 0.0
v -10.060493063705508 -3.8867200668901205 0.0
v -5.020085004449356 0.36162381898611784 0.0
v 7.536378795455676 6.391159441322088 0.0
v 4.308139613480307 13.630294935777783 0.0
v -11.397426825016737 -13.523160878568888 0.0
v -14.394244046416134 -0.8274727743119001 0.0
v -1.2282303742249496 -14.484969232231379 0.0
v -0.5095212404849008 -0.15037749707698822 0.0
v -9.937508185277693 10.637570071965456 0.0
v -0.3963121801498346 -0.5046710381284356 0.0
v 3.0010750479414128 12.626215517520905 0.0
v 4.251962486479897 2.658849958330393 0.0
v 3.3064731322810985 -12.92517864331603 0.0
v -12.300771025242284 10.303115054033697 0.0
v -13.482147756265476 -7.358612647280097 0.0
v 0.4904032326885499 -7.011914284899831 0.0
v 13.98978165735025 -14.194313611835241 0.0
v 3.3261708529898897 7.561971175484359 0.0
v -6.363892703782767 4.943295989185572 0.0
v 5.006638616148848 -4.54866886138916 0.0
v -1.0576536614680663 5.362864265218377 0.0
v -1.68389392393874 -7.944300821982324 0.0
v -6.141121092019603 2.8332078410312533 0.0
v 13.390247635310516 2.4964303951710463 0.0
v 7.468756165937521 4.851180296391249 0.0
v 12.582422140287235 -9.9571104766801 0.0
v 4.283194597053807 -2.920697120949626 0.0
v -12.630455702426843 7.102128501050174 0.0
v -0.5747850529151037 -6.34074174426496 0.0
v -6.627254507271573 -14.548196154646575 0.0
v -1.2465357196051627 -11.950120702385902 0.0
v 7.547635855211411 6.908302559517324 0.0
v 3.5780530655756593 -7.34280261863023 0.0
v -2.854484250303358 -4.90491877309978 0.0
v 7.615040712233167 -6.199694789014757 0.0
v 9.58836232376052 -1.3459230344742537 0.0
v -9.235836209380068 -11.505275641568005 0.0
v -10.13217234693002 11.88775677420199 0.0
v -4.745697476435453 10.534826812334359 0.0
v -8.9669298264198 0.6320631066337228 0.0
v -3.7291122871101834 13.887761886231601 0.0
v -11.890204921248369 -13.099823527038097 0.0
v 11.307746098027565 9.748726946301758 0.0
v -8.939706673496403 -0.9710792116820812 0.0
v 3.9465420185006224 -9.635844996199012 0.0
v 12.949007035407703 -3.936402717605233 0.0
v 1.5116669222479686 1.648948605172336 0.0
v 9.880265271756798 -6.4106769496575 0.0
v -4.431486987217795 -9.826514965854585 0.0
v 14.792251420440152 -12.634378992021084 0.0
v -14.73883185966406 -6.811882712878287 0.0
v -2.6778314391849563 -4.426446900703013 0.0
v 6.60128671041457 -1.3472850499674678 0.0
v -14.900022474874277 10.57542418781668 0.0
v 11.130072626576293 -10.60763066355139 0.0
v 7.648711253830697 13.8583624381572 0.0
v -13.302760739577934 -14.785468023270369 0.0
v -0.1589566777111031 3.5155256567522883 0.0
v 11.035072087543085 -11.364162106066942 0.0
v -6.685375712288078 -2.2666823137551546 0.0
v -7.365386978490278 14.322085411287844 0.0
v 4.387421148654539 4.3910834938287735 0.0
v 13.944757475692313 7.220880504697561 0.0
v -14.839635432115756 -10.897196472622454 0.0
v -13.595751379209105 -2.6932924706488848 0.0
v 0.27593271859223023 -9.484597813338041 0.0
v 2.673923448775895 -10.532276555895805 0.0
v 0.8488191767828539 -6.109562862664461 0.0
v -4.643950114608742 4.608719422481954 0.0
v 12.069041932176333 -12.125439865514636 0.0
v 10.515310976014007 -2.9305273722857237 0.0
v 4.794155519281048 -8.724455365911126 0.0
v 14.402473548660055 8.290591668337584 0.0
v 9.849437085096724 2.7343954043462873 0.0
v -0.1612813639221713 -0.752816160209477 0.0
v 2.079058839008212 3.32003125641495 0.0
v 2.5558272709604353 13.42219335399568 0.0
v -4.617498271283694 -11.741011442616582 0.0
v -5.74818145413883 14.840090181678534 0.0
v -3.4346270965761505 -1.595537037588656 0.0
v -14.583059451309964 -5.630296947434545 0.0
v 4.819398287334479 8.5034603998065 0.0
v 12.357562559482176 9.511515111662447 0.0
v -9.019986878382042 -14.237965839914978 0.0
v 2.197396040079184 -7.699566696770489 0.0
v 14.384191054443363 7.060698597691953 0.0
v -4.118930685333908 8.323784937150776 0.0
v -5.127700145414565 4.751143308356404 0.0
v -0.027375378645956516 -12.469976994208992 0.0
v 3.7198711406672373 -2.5564208310097456 0.0
v -8.703235489141662 3.6622983617708087 0.0
v -2.57937942573335 11.833296434022486 0.0
v -9.864194236812182 -1.5867600282654166 0.0
v 2.211202364473138 -1.6614138800650835 0.0
v 4.516643951530568 0.668698363006115 0.0
v -12.49515344639076 -9.455145738087595 0.0
v 13.930334741657134 3.939723397605121 0.0
v 10.267877077159937 11.63985674828291 0.0
v 1.8893183765467256 14.89934706594795 0.0
v 8.624392006313428 0.6127905687317252 0.0
v -4.133001322799828 -12.41544512938708 0.0
v -3.361024013312999 -3.9651889726519585 0.0
v 6.271939784986898 6.150835334323347 0.0
v -3.8722411395283416 -6.781817979179323 0.0
v -12.249346739263274 0.05226022470742464 0.0
v -7.270892123400699 14.931762806139886 0.0
v -11.058423197711818 -8.118582331575453 0.0
v -4.230240850476548 7.941268311813474 0.0
v -2.959871197701432 10.357975126244128 0.0
v 8.029446463508066 -9.246142136864364 0.0
v 1.2428188045159914 1.3553919736295938 0.0
v -10.085347477928735 12.11479763314128 0.0
v -3.8465114382561296 10.775967955589294 0.0
v -4.1958876956487074 -14.39303382113576 0.0
v -0.12733836454572156 8.612537366338074 0.0
v -3.28566460381262 -4.499343301169574 0.0
v -5.666752203949727 7.688823123462498 0.0
v 4.382567017921247 1.1997982133179903 0.0
v 5.335769719851669 9.212502104230225 0.0
v 9.245441531704273 6.316393759101629 0.0
v 11.01474988355767 -6.803450207225978 0.0
v -11.860812391387299 -13.911599520593882 0.0
v 7.231171166349668 12.800590759143233 0.0
v -7.016381310473662 3.6907610977068543 0.0
v 7.604209548444487 14.215390902012587 0.0
v 1.4862680429359898 8.95402717962861 0.0
v -12.29225507704541 -7.498390941880643 0.0
v -0.5893967442098074 -3.9072251515462995 0.0
v 7.9011780740111135 -0.5835000490769744 0.0
v 0.8423238258110359 -13.345248825848103 0.0
v -8.03289362200303 -12.048696791753173 0.0
v 0.42678662500111386 -2.378520113416016 0.0
v -4.843872862285934 8.590520094148815 0.0
v -14.120763323560823 -2.288979900069535 0.0
v -3.864363611326553 11.727651335299015 0.0
v -3.7903563085128553 5.397561403922737 0.0
v -13.026154295483138 0.8650125870481133 0.0
v -3.794941908621695 -8.110846491530538 0.0
v 14.45360551867634 -1.7312249075621367 0.0
v -0.2719259747536853 0.16779031325131655 0.0
v -3.5523776370682754 8.717624642886221 0.0
v -3.5239352760254405 -13.96376013662666 0.0
v -10.542522315867245 0.20027045905590057 0.0
v 5.329496545542497 -13.219219101592898 0.0
v -13.224733127804939 -14.019686778075993 0.0
v 4.367910911212675 10.844982976093888 0.0
v 4.090395115781575 10.901992072351277 0.0
v -11.873192092054524 9.329536203294992 0.0
v 4.219031520537101 -8.535217176191509 0.0
v 2.4928837373736314 -0.20409084390848875 0.0
v 5.019612893695012 -5.236347415484488 0.0
v -2.17481855454389 -5.983151430264115 0.0
v -14.96035464463057 14.885345686227083 0.0
v 5.34550011868123 4.953427297994494 0.0
v 3.890388655127026 14.626003610901535 0.0
v -0.3231297883903608 -4.698149033822119 0.0
v 14.681554528535344 -9.793566192500293 0.0
v 9.952100247493945 1.065494324080646 0.0
v 1.1514350893558003 -9.880483326502144 0.0
v 10.143010898376815 -8.179731791839004 0.0
v -14.599339068867266 -9.595317928120494 0.0
v 11.38675569446059 -5.377721443772316 0.0
v -13.627075472672004 12.338161514140666 0.0
v -14.182245832169428 14.371427525766194 0.0
v -6.560135827807244 8.549047873355448 0.0
v -5.277847400517203 3.1520342100411654 0.0
v 12.622236813243944 -13.56649814452976 0.0
v -0.7798725715838373 6.784023808315396 0.0
v 9.532612899551168 6.840649667195976 0.0
v -8.241596859530546 9.802371183410287 0.0
v -10.36197859456297 -9.422056413255632 0.0
v 3.841214128304273 13.213910016231239 0.0
v -13.780215894337744 -9.00154526066035 0.0
v 5.856003131601028 13.314949977211654 0.0
v -8.831786355702206 -4.936745493672788 0.0
v 1.98206273681717 -3.702805692330003 0.0
v 12.94937207159819 -13.40218523517251 0.0
v 9.04740233492339 -12.574156617745757 0.0
v -0.8091667001717724 -9.546553381718695 0.0
v 13.927107606839854 -1.7533213514834642 0.0
v -1.5724893845035695 2.2823543390259147 0.0
v 3.9104055702337064 -13.99833011906594 0.0
v -0.33358705294085667 13.36085781082511 0.0
v -2.320454448054079 -7.144149676896632 0.0
v 0.44591436395421624 -11.714597672224045 0.0
v 5.277248232276179 3.568406153470278 0.0
v 2.879684038052801 7.4159783013165 0.0
v -9.674528214498423 3.335081446915865 0.0
v 13.535995887010358 -7.684313700534403 0.0
v -10.688970147981308 7.724295664578676 0.0
v 12.513668549014255 -14.047901510261 0.0
v -6.25071487587411 -4.295378267765045 0.0
v 3.6312239670660347 8.28039046190679 0.0
v 11.748556869395543 -5.80726308003068 0.0
v 14.334345923445653 14.040970960631967 0.0
v 2.5257304271217436 -0.541355749592185 0.0
v -7.675275102083106 4.134533802047372 0.0
v -8.67302508535795 12.939310683868825 0.0
v 14.21011710172752 -2.6860730927437544 0.0
v 14.128142504952848 -7.603123281151056 0.0
v 0.6325217618141323 0.649038303643465 0.0
v -5.353036867978517 1.7877579322084785 0.0
v -0.470628812618088 0.13680920656770468 0.0
v -12.634294188115746 -13.439830909483135 0.0
v -7.744876047538128 9.194326453842223 0.0
v 3.028339498443529 -10.159675147384405 0.0
v 12.595934936893173 -1.8731096973642707 0.0
v 10.174575830053072 1.4354970827698708 0.0
v 11.021725884755142 -3.3604102451354265 0.0
v -9.405026552150957 -0.6179217305034399 0.0
v -1.604345061990898 4.079375765286386 0.0
v -13.457619450928178 -5.664901466108859 0.0
v -6.962793525366578 12.3814578615129 0.0
v -3.6055480938521214 0.5325572891160846 0.0
v -1.9889463795116171 13.153178661130369 0.0
v -8.108599986415356 4.212902432307601 0.0
v 12.713762659055647 -6.637408236041665 0.0
v 4.183954889129382 13.498849622905254 0.0
v 10.679833727888763 -0.45717820804566145 0.0
v 12.490450452256482 6.172637821175158 0.0
v -12.219877528899815 1.4317855527624488 0.0
v -4.015512465441134 7.9561611376702785 0.0
v 1.2466724592959508 7.680874360725284 0.0
v -14.67294428992318 -13.538002605549991 0.0
v -14.651266122353263 4.891055782325566 0.0
v -6.471869593427982 7.192017640918493 0.0
v -8.795019466953818 -10.86578831449151 0.0
v 5.3838790351874195 6.643823612481356 0.0
v -8.405555869627278 -11.256224254146218 0.0
v -0.6154863458359614 -12.591488938778639 0.0
v -7.073273725283798 -5.943340154364705 0.0
v -1.1505282258731313 14.572070487774909 0.0
v 13.022068307851441 -5.578172183595598 0.0
v 13.590505980537273 2.0319342287257314 0.0
v 9.804657635744661 -11.618618296459317 0.0
v 6.119971810781863 -3.0329556157812476 0.0
v 12.986426630639471 -9.222892941907048 0.0
v -7.003356523637194 -2.457710883580148 0.0
v 4.031715891440399 6.39521025121212 0.0
v -14.193241278931964 6.329619953408837 0.0
v 6.158297765825409 -9.394956452772021 0.0
v -8.228619133878965 -12.154421775601804 0.0
v -9.361943145748228 -8.904739099554718 0.0
v -6.80191973305773 -6.424857519567013 0.0
v 6.884874033858068 0.8217807300388813 0.0
v 1.1545600469689816 6.007714677602053 0.0
v 8.427134105470031 -12.177664801478386 0.0
v -13.763708376558498 14.737930872477591 0.0
v -3.7656758411903866 -2.809054074808955 0.0
v 14.580347171227913 -10.066168006509542 0.0
v 1.4535855781286955 10.715789516456425 0.0
v 1.9065286208642647 1.1434336500242352 0.0
v -2.996989236853551 -4.74639489594847 0.0
v -12.767907146306243 -12.521587885916233 0.0
v -12.434474640758708 -4.1791838016361 0.0
v 9.262230668449774 8.448163686320186 0.0
v 1.8100998200825416 -14.352950480766594 0.0
v 6.876159097068012 -11.827226818539202 0.0
v -14.515490946476348 -8.069977813400328 0.0
v 7.907741637376603 -2.265167720615864 0.0
v 11.190026369236875 3.139017602428794 0.0
v -14.960232822340913 -14.833816689439118 0.0
v -6.889580499788281 4.786686418578029 0.0
v 10.469605212914757 7.808921867981553 0.0
v 5.886104162258562 -2.042145311832428 0.0
v -14.758543222968001 -12.334605354815722 0.0
v 0.8624412650824524 -14.298537662252784 0.0
v -6.366142518410925 -8.88075549621135 0.0
v -3.320882238273043 -12.069164528511465 0.0
v -7.322077334974892 -9.931221906095743 0.0
v -0.4872520779026672 -4.886296215467155 0.0
v 12.01012690848438 6.061648664996028 0.0
v 1.4607222488266416 -11.155715087428689 0.0
v 9.391245182370767 -8.920652685686946 0.0
v 1.792134722461924 -3.4249854432418942 0.0
v -8.022418442706112 -13.508517874404788 0.0
v 14.40324059210252 -6.891229718923569 0.0
v 5.454820617742371 5.311810443177819 0.0
v 13.296722351340577 9.108566324226558 0.0
v -3.264506249281112 -10.627144773490727 0.0
v -13.334129612194374 -6.548810217529535 0.0
v 3.340937015309464 -2.801247650757432 0.0
v 2.489242823619861 11.93311932682991 0.0
v -8.027447288564872 -2.499152929522097 0.0
v -6.616693005897105 1.3319452656432986 0.0
v 10.563376577978488 7.799458137713373 0.0
v 7.244268590700813 4.973936534486711 0.0
v -2.7110350324073806 7.282611723057926 0.0
v 3.7128759850165807 -13.959937820211053 0.0
v 14.487137690244708 -9.202988193370402 0.0
v 0.7576563163893297 14.249264994636178 0.0
v 13.96083953580819 10.836966785602272 0.0
v -11.879889864008874 -5.623926126398146 0.0
v -6.6699579082778655 -6.226594432257116 0.0
v -4.71209250530228 -14.054131244309247 0.0
v 4.976758040487766 -3.4986921697854996 0.0
v -3.553345260734204 -11.701872025616467 0.0
v -5.874919233494438 5.203264066018164 0.0
v 0.15774472325574607 -9.953808502294123 0.0
v -14.871717843343504 7.160826099105179 0.0
v 12.012735965137836 -12.264635866507888 0.0
v 5.5740750368568115 1.4901715777814388 0.0
v -11.328999439196195 -5.0356162413954735 0.0
v -10.623020602448378 -10.095015458762646 0.0
v -10.902622629655525 5.406869852915406 0.0
v -10.797411141684279 -1.4527293303981423 0.0
v -9.886074909125455 -11.202755089849234 0.0
v 1.0885923547903076 8.175226068124175 0.0
v -3.2534724264987744 -2.578101022168994 0.0
v 9.648671198636293 9.221923338249326 0.0
v 8.376566090155393 -13.53606077004224 0.0
v -4.730534802074544 -11.704849419184029 0.0
v -2.137288863246795 -7.668771495111287 0.0
v -14.357203596504405 -9.9612786937505 0.0
v 6.959624430746771 11.276764857582748 0.0
v 6.40930641774321 -3.8399194702506065 0.0
v 2.27187892049551 -13.569882862269878 0.0
v 4.37507153453771 -1.7096933955326676 0.0
v -8.741063649300486 -7.55761035438627 0.0
v -1.1612230040482245 9.199569296091795 0.0
v 8.718809305573814 -12.607732866890728 0.0
v -5.981617663055658 -7.69346962403506 0.0
v 10.765769408026244 -7.843509342521429 0.0
v -10.90095770044718 -7.235976729542017 0.0
v 12.470034167403355 -9.545623991638422 0.0
v -4.460320771904662 12.090825441293418 0.0
v -8.231546796974726 6.740109927020967 0.0
v 0.9036340718739666 -10.124976851977408 0.0
v 13.935753732919693 14.634546296671033 0.0
v -8.58766772330273 -9.879640402272344 0.0
v 6.16878630919382 -7.723607102409005 0.0
v 13.047150534694083 -6.8013258296996355 0.0
v -7.7877504653297365 8.335066982544959 0.0
v -4.792183561774436 3.5817583641037345 0.0
v -1.4655893277958967 -1.8456921437755227 0.0
v -1.5386792551726103 -1.0973182087764144 0.0
v 11.030402341333684 3.162641472183168 0.0
v 5.682139027514495 -11.252532268874347 0.0
v 9.542211439227685 12.670963670127094 0.0
v -5.105163272295613 7.856039335951209 0.0
v 6.481374142866116 9.767831926234066 0.0
v -13.405467860458884 0.8013914152979851 0.0
v -7.337573855300434 -11.827644162811339 0.0
v -14.341208868019748 -4.442022897303104 0.0
v -10.740579052071553 -7.050301667302847 0.0
v -4.486375859763939 10.675443891435862 0.0
v -12.105179166712333 -2.0679935896769166 0.0
v 4.956255443103146 6.788494563661516 0.0
v 11.36091110156849 -3.190471244044602 0.0
v 7.998998692899477 12.481225351803005 0.0
v 2.259706135955639 -0.5153107782825828 0.0
v 5.210662625555415 9.663013436831534 0.0
v -6.297937425901182 11.180065829306841 0.0
v -4.676872731826734 9.510065789334476 0.0
v 7.098607849969994 -13.833769695833325 0.0
v -5.149392758787144 6.6704508531838655 0.0
v 10.250378509925213 10.95869161374867 0.0
v -12.709369756572414 14.295834379270673 0.0
v -5.694983512919862 5.51146029215306 0.0
v 8.85625654249452 -2.909343007951975 0.0
v 8.064935538975988 -10.855918757617474 0.0
v 8.84693684533704 0.6739235920831561 0.0
v -2.796537213609554 -12.80174462404102 0.0
v 12.5745295957895 4.108173385262489 0.0
v 9.57155726046767 5.064652134664357 0.0
v -9.25824016914703 -1.4645723877474666 0.0
v 13.011656801914796 7.475467684678733 0.0
v 5.476881067443173 -3.7338915821164846 0.0
v -0.5651205333415419 3.4191519021987915 0.0
v 0.6699577604304068 -2.026002732105553 0.0
v -5.023185523983557 4.809549572877586 0.0
v 9.652885170129593 -6.154085579328239 0.0
v -4.240549832582474 -1.4731491189450026 0.0
v 5.271910635638051 4.626728278584778 0.0
v 7.757868638553191 -12.278792785480618 0.0
v -12.080680986051448 0.7221582401543856 0.0
v 14.709358984604478 -7.7292205998674035 0.0
v -8.172832755662967 -9.520488735288382 0.0
v -11.367873782350216 -10.673317804001272 0.0
v 8.56662812049035 12.176585974171758 0.0
v 1.3494831260759383 -0.7550434991717339 0.0
v 5.420826352084987 -4.811221987940371 0.0
v 14.247471428301651 13.275477246381342 0.0
v -10.270184832043014 -12.39441747032106 0.0
v -5.220391520007979 1.7698429515585303 0.0
v -13.92301102989586 8.456059796735644 0.0
v -5.543614744732622 -4.676584819331765 0.0
v 0.42640643840422854 -0.5761082991957664 0.0
v -14.667333369958214 6.2201680066064 0.0
v -4.620303824660368 4.78733728826046 0.0
v 2.894641869701445 4.306440873071551 0.0
v -11.371630182897206 -11.462436917237937 0.0
v -2.397219527803827 4.721053097397089 0.0
v -7.064188289572485 -9.413022785447538 0.0
v -8.592144082533196 10.301682509481907 0.0
v -12.423526823171414 10.983372303657234 0.0
v 12.550031227467116 9.865537753328681 0.0
v 2.451230634818785 13.386739986017346 0.0
v -3.2603175921249203 0.9441598430275917 0.0
v 13.963160542189144 13.636512675322592 0.0
v -11.252106491767336 -8.546846179291606 0.0
v -2.8725479972781613 -7.917988401837647 0.0
v -11.582129401736893 0.2715669209137559 0.0
v -5.374593340908177 0.22469119634479284 0.0
v 12.406045903800987 -8.242851146496832 0.0
v -13.209359252708964 4.721736670471728 0.0
v 0.5902973453630693 -0.765289387665689 0.0
v 7.24906647996977 13.919818356633186 0.0
v -7.34019754268229 14.446391629055142 0.0
v -0.9864770552376285 -8.45086901076138 0.0
v 10.546902259404305 -12.638269683346152 0.0
v 0.8982764620450325 -5.974081497639418 0.0
v 12.686666101508308 -3.517042314633727 0.0
v 14.437239001563285 -11.668233005329967 0.0
v 9.816516192338895 3.1342320451512933 0.0
v -3.5735277956118807 1.1382815577089787 0.0
v 1.4044674402684905 -7.700661713257432 0.0
v 7.883465712657198 2.212919586338103 0.0
v 0.9058594016823918 3.7338617984205484 0.0
v 2.421395948214922 7.518743712455034 0.0
v 13.069343944254797 2.7364775091409683 0.0
v -2.1908150879316963 -12.723583639599383 0.0
v 3.6017130592954345 -4.688439016230404 0.0
v -11.194114548619837 4.859338344074786 0.0
v -12.784665402490646 -1.9912731861695647 0.0
v 12.017140555602964 2.8614757638424635 0.0
v 2.917241371702403 -8.39717071596533 0.0
v -2.970438859076239 1.7796760415658355 0.0
v -13.422326031140983 12.879179711453617 0.0
v 1.903657621354796 12.827814536169171 0.0
v 14.627430723048747 -13.14457020163536 0.0
v 0.39447661087615415 -9.68258529342711 0.0
v 12.502749154693447 12.074342482723296 0.0
v 11.185064003628213 9.476585639640689 0.0
v 7.281249358784407 -4.09939444437623 0.0
v 1.082299184286967 13.162592708133161 0.0
v -7.73756499402225 -9.850912743248045 0.0
v 9.089651905873325 3.5878738882020116 0.0
v -9.1214048662805 -8.687022404745221 0.0
v 1.2163069984526373 -0.9786016484722495 0.0
v 1.3777910963399336 -13.741466305218637 0.0
v -10.187082243792247 -5.173930679447949 0.0
v -3.0356387802166864 11.841215279884636 0.0
v 7.72016187175177 1.7137249242514372 0.0
v 12.636831417155918 14.458986378274858 0.0
v -10.437583360413555 4.223163736052811 0.0
v -9.138093563669827 -6.853074844926596 0.0
v 8.382324925158173 12.93421936687082 0.0
v -8.311609932105057 -11.107521127909422 0.0
v 11.05495585477911 -14.111263242550194 0.0
v -12.390722757671028 -7.812953623943031 0.0
v -10.055860057822429 8.494982590898871 0.0
v -6.618052628240548 9.857284363359213 0.0
v 0.9763017121003941 2.384823925793171 0.0
v 11.642351126647554 9.543220679275692 0.0
v -0.6035951694357209 -10.61978507693857 0.0
v -2.5701258511980996 2.7726026829332113 0.0
v -5.104371233086567 14.309153011068702 0.0
v 10.232214435585774 -7.793348987586796 0.0
v -1.5270691661862656 4.500383093953133 0.0
v -1.7641220479272306 3.008986690081656 0.0
v 12.047391320287716 -0.6653644572943449 0.0
v 8.945686493767425 -11.013561118394136 0.0
v 4.779265874880366 14.29234069492668 0.0
v 6.63657021970721 3.1794964326545596 0.0
v 6.6978957440005615 -2.1921617733314633 0.0
v -11.446850146632642 3.2487937733531 0.0
v -1.4293831792310812 6.528644436970353 0.0
v 7.311011708341539 7.310347862541676 0.0
v -9.5449109657784 10.288212678395212 0.0
v -9.309635310899466 10.768289680592716 0.0
v -14.46614503476303 14.288578999228776 0.0
v 12.086430701543577 -10.819737144745886 0.0
v -5.605318721034564 -3.7808723505586386 0.0
v 7.037345403805375 -2.4192621372640133 0.0
v 11.645346827746835 14.30326612200588 0.0
v 8.110800216090865 -0.7046620175242424 0.0
v 8.843523573072162 9.431023963727057 0.0
v -1.5503713592188433 -14.656551792286336 0.0
v 10.499266564962454 7.849970338866115 0.0
v 6.9122988920426 -1.0890084449201822 0.0
v -3.047001113940496 4.9631779454648495 0.0
v -9.791033407032955 -11.792483419179916 0.0
v -8.322967340587638 -8.833593954332173 0.0
v 2.944166092434898 1.455603170208633 0.0
v -7.445476379594766 -2.8155894288793206 0.0
v -7.934452235756908 13.483989000320435 0.0
v -14.672874303068966 5.834896270185709 0.0
v -0.882375453133136 -3.786380481906235 0.0
v -0.8392746044555679 -5.493177618831396 0.0
v 1.8891526238294318 -0.844621411524713 0.0
v -12.977273402328137 10.016461945138872 0.0
v -8.481960247561801 13.931259208358824 0.0
v 0.17099856439745054 -11.29587168712169 0.0
v -4.30351218697615 0.1325149843469262 0.0
v -3.242288532142993 5.489126747474074 0.0
v -13.693676440860145 -5.8078242195770144 0.0
v -2.734201574290637 -9.991497333161533 0.0
v 5.988204210123513 5.470554869621992 0.0
v 0.6352812308468856 -10.170871143229306 0.0
v 8.010403803666122 -2.4104548702016473 0.0
v 0.5383473272086121 13.763123805634677 0.0
v 12.3370871762163 -3.810717278160155 0.0
v -9.40629792760592 13.083537612110376 0.0
v 5.997968361072708 10.369270984083414 0.0
v -13.14153461769456 -8.93372964207083 0.0
v 9.122977193328552 0.4942060010507703 0.0
v 12.678712606662884 -13.55934018921107 0.0
v -0.9477763377944939 -12.461980571970344 0.0
v -4.597002756840084 10.485793777741492 0.0
v -10.632657235837542 -10.957727408967912 0.0
v -10.264278408081736 10.593198856338859 0.0
v 7.724761295423377 1.4994953479617834 0.0
v 6.89224180119345 9.88115341309458 0.0
v 1.955978344893083 -9.958273271098733 0.0
v 4.018951375444885 -10.874290718697011 0.0
v 13.389716882025823 13.831291993148625 0.0
v 13.737568308250047 -12.343453146517277 0.0
v 5.474003622017335 -6.226975183933973 0.0
v -9.739950803632382 -9.63923534937203 0.0
f 797 572 135
f 1742 1419 1451
f 844 1077 1129
f 36 572 1059
f 572 357 1059
f 1487 1959 594
f 1419 1544 1451
f 1544 1419 1277
f 1530 844 135
f 959 1530 135
f 1894 959 135
f 157 1077 844
f 1077 1497 1129
f 157 1497 1077
f 19 797 135
f 1675 559 1415
f 559 1675 1863
f 453 1415 1139
f 453 1351 1415
f 1619 36 1059
f 923 377 372
f 1705 377 917
f 194 168 1561
f 194 1633 1451
f 168 194 1451
f 194 1281 372
f 1138 683 608
f 1903 688 954
f 368 1537 1742
f 839 1537 368
f 1419 941 1277
f 1746 941 1419
f 870 1419 1742
f 870 1746 1419
f 870 1704 1746
f 683 68 608
f 68 1998 608
f 1894 562 959
f 1998 562 608
f 466 1530 959
f 562 466 959
f 466 562 1998
f 1911 157 844
f 1187 559 1863
f 19 180 797
f 572 1033 281
f 36 1033 572
f 1838 646 1291
f 1002 1720 1508
f 1720 1467 1508
f 188 1720 1002
f 1467 1720 909
f 1006 923 917
f 377 1006 917
f 1006 377 923
f 1968 617 909
f 617 1705 909
f 377 617 372
f 1705 617 377
f 617 194 372
f 194 617 1633
f 617 1534 1633
f 370 194 1561
f 415 923 372
f 1281 415 372
f 415 1281 163
f 415 163 905
f 1374 194 1486
f 1374 1281 194
f 1281 426 163
f 925 370 1561
f 775 925 1561
f 489 525 1589
f 525 489 589
f 1572 525 589
f 898 1593 525
f 898 1572 1923
f 1572 898 525
f 1593 1093 525
f 1579 1635 1139
f 940 1139 278
f 940 1579 1139
f 1411 1985 843
f 986 569 589
f 1008 940 278
f 1417 1714 734
f 683 1550 1781
f 1138 1550 683
f 562 592 608
f 592 562 1894
f 572 244 135
f 988 1138 608
f 592 988 608
f 988 592 1409
f 447 853 1043
f 270 1244 368
f 494 1244 270
f 1152 494 1959
f 494 1152 1510
f 111 1492 800
f 165 1261 800
f 1492 165 800
f 1555 1350 1066
f 1350 1816 1066
f 1350 817 1816
f 1218 1719 801
f 818 1218 1261
f 615 1411 843
f 1719 1388 801
f 26 1704 142
f 1704 26 1746
f 941 26 1277
f 26 941 1746
f 1003 536 1810
f 1704 1625 142
f 1625 839 368
f 1625 870 839
f 870 1625 1704
f 1284 870 1742
f 870 1284 839
f 1537 1284 1742
f 1284 1537 839
f 1339 466 1998
f 1339 68 1462
f 68 1339 1998
f 157 1339 1462
f 1530 1170 844
f 1170 1911 844
f 1911 1170 1530
f 1911 14 157
f 466 14 1530
f 14 1911 1530
f 625 683 1781
f 827 625 1781
f 469 827 1781
f 1497 514 1129
f 180 1275 797
f 1275 180 19
f 453 638 1351
f 1187 1470 19
f 1275 1470 317
f 1470 1275 19
f 1660 1619 1059
f 1660 1134 1619
f 1134 1660 1449
f 1619 1078 36
f 1134 1078 1619
f 1078 1033 36
f 1078 611 1033
f 1454 1450 1291
f 1454 914 1450
f 914 1454 1095
f 1728 1838 1291
f 1450 1728 1291
f 1633 1728 278
f 1728 1450 278
f 354 1643 1252
f 1345 646 1838
f 1345 1004 929
f 1004 1345 1909
f 1004 1643 354
f 1643 1004 1909
f 758 1002 1508
f 1436 758 1508
f 876 1046 354
f 1004 1046 929
f 1046 1004 354
f 1534 1445 1633
f 1720 1869 909
f 1869 1720 188
f 1869 1968 909
f 1869 617 1968
f 617 1869 188
f 415 808 923
f 923 808 917
f 808 1886 917
f 1393 1467 909
f 1705 1393 909
f 1393 1705 917
f 1886 1393 917
f 460 204 488
f 1467 290 1508
f 1456 290 1467
f 1545 370 1824
f 370 1545 194
f 1545 1614 194
f 168 1531 1561
f 491 1531 168
f 1374 1013 1281
f 1013 426 1281
f 570 439 1623
f 439 570 1883
f 836 28 1824
f 836 925 28
f 370 836 1824
f 925 836 370
f 1337 775 1561
f 1531 1337 1561
f 1337 1531 491
f 925 1977 28
f 775 1977 925
f 21 1264 1620
f 21 813 1264
f 111 875 1965
f 875 111 800
f 1597 1706 1836
f 1111 1597 1836
f 1264 15 1200
f 1661 15 871
f 15 813 871
f 813 15 1264
f 1118 1111 1836
f 2000 536 1003
f 976 685 502
f 525 356 1589
f 1093 356 525
f 711 1104 107
f 1438 1635 1579
f 1438 1557 1217
f 418 453 1139
f 981 418 1139
f 276 773 476
f 1491 1652 1217
f 1663 233 569
f 233 841 556
f 653 556 684
f 653 684 1923
f 1572 653 1923
f 410 1008 1559
f 1008 318 258
f 318 1001 1521
f 1001 318 327
f 318 410 327
f 410 318 1008
f 1008 650 940
f 650 1008 258
f 841 650 258
f 650 841 1278
f 526 1942 473
f 1475 213 1145
f 1942 1475 473
f 667 686 1283
f 686 526 1283
f 526 686 1942
f 686 1475 1942
f 1550 1323 1781
f 1323 469 1781
f 677 1166 457
f 484 677 457
f 592 994 1409
f 766 572 281
f 1506 988 1409
f 1256 486 969
f 1449 1370 733
f 486 1110 969
f 1110 1262 969
f 1242 270 1043
f 368 1382 849
f 1244 1382 368
f 498 1152 1959
f 1487 498 1959
f 1378 498 1487
f 1749 1843 479
f 1959 715 594
f 494 715 1959
f 213 221 1145
f 9 1183 1125
f 795 1167 1235
f 1542 818 1261
f 165 1542 1261
f 818 1542 1439
f 1083 593 858
f 593 1200 858
f 593 817 1200
f 943 1083 858
f 1816 1315 1066
f 1315 1815 1066
f 729 1408 1969
f 1815 729 1969
f 1490 1350 1555
f 1490 1868 1620
f 1868 1490 1555
f 817 1683 1200
f 1264 1683 1620
f 1683 1264 1200
f 1085 649 1896
f 1879 1694 858
f 1879 1317 1085
f 1879 1085 1896
f 1694 1879 1896
f 1200 1879 858
f 1317 1879 1200
f 860 1185 1655
f 1185 182 1655
f 197 938 1867
f 859 485 1867
f 195 1014 1802
f 627 158 1676
f 1120 158 627
f 676 111 1965
f 1815 973 1066
f 973 1815 1969
f 1798 912 1125
f 912 1798 1507
f 458 1762 599
f 1198 158 1732
f 1828 1388 1719
f 1388 1828 1562
f 576 936 470
f 100 26 142
f 1734 100 142
f 100 1734 1267
f 980 100 1267
f 1140 307 1651
f 1292 1149 757
f 307 231 1651
f 231 307 527
f 980 1576 640
f 1576 980 77
f 307 1576 527
f 1576 1292 757
f 1625 1684 142
f 1684 1734 142
f 1734 1684 1391
f 1339 1108 466
f 1108 14 466
f 1108 1339 157
f 14 1108 157
f 1657 68 683
f 625 1657 683
f 68 1657 1462
f 469 1930 827
f 1891 1233 549
f 1323 1891 469
f 1233 1891 1323
f 762 447 1043
f 514 762 1129
f 270 762 1043
f 1675 1880 1863
f 1880 590 1863
f 590 1880 1997
f 590 1997 1925
f 1476 590 1925
f 1809 1675 1415
f 1809 1880 1675
f 1880 1809 1997
f 1470 1772 317
f 207 667 1283
f 667 207 734
f 1025 207 1283
f 724 526 473
f 1679 1078 1134
f 1679 1134 1449
f 611 1435 733
f 1078 1435 611
f 1679 1435 1078
f 1435 1449 733
f 1435 1679 1449
f 1454 1354 1095
f 1354 1454 1291
f 324 1354 1291
f 1329 232 324
f 1329 1345 929
f 1345 1329 646
f 646 1329 1291
f 1329 324 1291
f 812 256 1984
f 1115 1728 1633
f 1445 1115 1633
f 1115 1445 1952
f 533 931 496
f 1118 931 1111
f 1616 533 496
f 570 358 1883
f 308 1479 373
f 1479 1436 1508
f 1479 308 1436
f 1046 152 929
f 152 1329 929
f 1329 152 596
f 1876 876 354
f 900 354 1252
f 1972 900 1368
f 900 1876 354
f 1876 900 1972
f 538 951 1534
f 900 951 1368
f 1866 1436 1368
f 1866 758 1436
f 1151 188 1002
f 538 1151 1002
f 1151 538 1534
f 808 814 1886
f 814 415 905
f 814 808 415
f 814 1430 1201
f 455 290 1456
f 455 204 600
f 1750 81 331
f 713 81 1823
f 81 944 331
f 944 81 713
f 1309 872 1756
f 872 1510 264
f 760 872 264
f 872 494 1510
f 872 1309 494
f 1203 1244 494
f 1309 1203 494
f 713 490 1406
f 490 713 1823
f 261 1458 160
f 1495 1607 144
f 1421 980 1267
f 1421 1734 25
f 1734 1421 1267
f 77 1421 25
f 980 1421 77
f 1641 1396 160
f 1641 1458 1451
f 1458 1641 160
f 1585 1314 1097
f 763 666 1097
f 1013 1308 805
f 1308 1013 1374
f 140 1308 1374
f 1308 1822 805
f 1822 1308 1314
f 921 838 163
f 838 921 1701
f 426 921 163
f 921 1013 805
f 1013 921 426
f 1977 1692 28
f 1681 1868 363
f 21 1681 999
f 1868 1681 1620
f 1681 21 1620
f 813 1934 871
f 1645 1933 529
f 1645 1597 222
f 1597 1820 222
f 1820 1111 57
f 1820 1597 1111
f 110 136 1355
f 136 110 96
f 489 106 589
f 106 986 589
f 1261 1871 800
f 669 1093 1593
f 669 356 1093
f 388 133 1799
f 1014 1174 1802
f 1157 1748 331
f 933 339 539
f 536 756 1018
f 2000 756 536
f 947 756 2000
f 933 977 339
f 1919 977 1140
f 977 933 1140
f 236 1919 1140
f 236 1140 1651
f 947 236 1651
f 236 947 2000
f 1298 919 1761
f 1607 919 144
f 919 1298 144
f 1337 1005 775
f 1005 1977 775
f 1005 1761 1977
f 1005 1337 491
f 689 1545 1824
f 28 689 1824
f 689 28 445
f 961 689 445
f 338 961 445
f 338 200 961
f 276 654 833
f 1652 654 276
f 654 1652 1491
f 685 255 502
f 255 660 502
f 660 255 217
f 665 266 825
f 619 940 845
f 619 975 940
f 940 92 1579
f 975 92 940
f 1389 1491 1217
f 1557 1389 1217
f 190 1206 889
f 1615 190 1593
f 1615 898 1923
f 898 1615 1593
f 684 1615 1923
f 250 1933 902
f 1438 781 1635
f 781 1438 1217
f 773 968 476
f 968 773 673
f 418 968 673
f 968 418 981
f 937 276 833
f 660 1627 502
f 1627 937 833
f 937 1627 1626
f 233 1982 845
f 1982 233 1663
f 259 1338 1214
f 1338 986 1214
f 430 284 684
f 556 1265 684
f 841 1265 556
f 1265 430 684
f 1265 841 258
f 318 1265 258
f 1265 318 1521
f 430 1265 1521
f 233 1695 569
f 1695 233 556
f 841 588 1278
f 233 588 841
f 588 233 845
f 1114 1572 589
f 1114 653 1572
f 284 1225 156
f 156 1225 327
f 1225 1001 327
f 940 1712 845
f 650 1712 940
f 1712 650 1278
f 1712 588 845
f 588 1712 1278
f 1586 1008 278
f 1008 1586 1559
f 1450 1973 278
f 771 1310 420
f 1040 357 254
f 1040 170 357
f 506 1714 1417
f 170 506 1417
f 1040 506 170
f 310 39 63
f 1058 1288 1939
f 1058 161 1288
f 161 1058 1939
f 49 7 1222
f 7 49 1290
f 1166 1274 457
f 1274 1288 1290
f 49 1274 1290
f 288 1953 32
f 988 1953 1138
f 1953 1506 32
f 1506 1953 988
f 1535 288 677
f 484 1535 677
f 1535 1953 288
f 1601 161 1939
f 1805 288 32
f 994 1042 135
f 1042 994 592
f 1042 1894 135
f 1042 592 1894
f 1099 766 281
f 1099 611 1526
f 1033 1099 281
f 611 1099 1033
f 1117 1294 1262
f 1262 1294 969
f 1294 97 969
f 1370 352 733
f 560 1370 1449
f 780 1110 1045
f 1110 780 1262
f 234 657 270
f 1186 234 270
f 565 234 1662
f 1385 1791 853
f 1791 1385 1096
f 234 732 1662
f 1624 1186 1384
f 124 1624 1384
f 1624 124 542
f 794 1242 1043
f 1242 794 1197
f 1334 794 1043
f 794 1334 853
f 853 35 1043
f 35 1334 1043
f 1334 35 853
f 1186 963 1384
f 963 761 1384
f 409 1378 391
f 409 498 1378
f 71 626 1618
f 966 71 1618
f 628 409 1843
f 409 628 498
f 67 760 264
f 972 67 264
f 1749 1581 1843
f 1581 1749 468
f 394 67 972
f 394 713 1406
f 394 944 713
f 715 1747 594
f 1378 149 391
f 1610 1747 1921
f 1747 1159 594
f 1610 1159 1747
f 1360 1241 1195
f 1241 732 1195
f 1247 40 1547
f 1753 1116 249
f 40 1995 1547
f 162 165 1492
f 162 346 165
f 480 795 1235
f 480 1183 9
f 75 440 908
f 1725 1167 883
f 1167 1725 1235
f 131 1167 795
f 131 1609 451
f 1609 131 795
f 645 1083 1816
f 645 593 1083
f 817 645 1816
f 593 645 817
f 1463 729 1815
f 1315 1463 1815
f 1083 1463 1816
f 1463 1315 1816
f 1190 568 375
f 1694 530 858
f 530 943 858
f 1975 530 1694
f 943 530 1156
f 974 943 1156
f 1408 301 1969
f 1463 414 729
f 1488 817 1350
f 1488 1683 817
f 1490 1488 1350
f 1488 1490 1620
f 1683 1488 1620
f 15 581 1200
f 581 1317 1200
f 581 15 1661
f 1317 581 1661
f 1908 649 1085
f 1317 1908 1085
f 20 859 1175
f 20 1185 859
f 182 20 1369
f 20 182 1185
f 1185 1711 859
f 1711 1185 860
f 859 1672 1175
f 1672 513 1175
f 1672 859 1867
f 1540 123 1359
f 546 1694 1896
f 176 98 1371
f 375 176 1359
f 176 1540 1359
f 1141 197 1867
f 485 1141 1867
f 197 1141 241
f 1087 485 859
f 793 523 1014
f 195 793 1014
f 973 1612 1066
f 1762 1570 599
f 1798 1570 1507
f 1570 1798 599
f 1762 267 688
f 267 458 461
f 458 267 1762
f 1971 1574 1676
f 1920 1574 1971
f 1868 1887 363
f 1887 1555 1066
f 1887 1868 1555
f 1861 1920 1971
f 1887 1861 363
f 1861 1887 1920
f 953 1198 363
f 1198 953 1971
f 1861 953 363
f 953 1861 1971
f 1831 1971 1676
f 1831 1198 1971
f 1527 1591 1732
f 1213 1527 1732
f 1213 875 1105
f 725 1608 1969
f 1608 725 1751
f 1608 973 1969
f 915 629 1045
f 435 912 1507
f 211 575 688
f 575 1762 688
f 1570 575 1507
f 575 1570 1762
f 1060 1180 558
f 936 1180 1060
f 1180 576 558
f 576 1180 936
f 1708 1979 470
f 1828 869 1562
f 869 1599 1562
f 1708 869 1828
f 869 936 1060
f 936 869 470
f 869 1708 470
f 1627 580 1626
f 580 393 1626
f 1112 869 1060
f 869 1112 1599
f 1466 660 217
f 1854 818 1439
f 705 387 253
f 634 462 29
f 1468 1012 1228
f 462 145 29
f 145 462 1468
f 1898 61 1188
f 1052 310 63
f 26 511 1277
f 100 511 26
f 1587 307 1140
f 1587 933 539
f 933 1587 1140
f 1149 1931 757
f 1931 1149 1607
f 1495 1931 1607
f 1931 753 757
f 1931 1495 753
f 719 926 1607
f 1149 719 1607
f 719 1587 539
f 719 1149 1292
f 1587 719 1292
f 536 1707 1810
f 273 1858 1810
f 1707 273 1810
f 273 1707 1929
f 273 81 1750
f 1784 756 947
f 231 1784 1651
f 1784 947 1651
f 1576 1031 527
f 1031 1576 77
f 1031 231 527
f 1031 1784 231
f 1576 1881 1292
f 1881 1576 307
f 1881 1587 1292
f 1587 1881 307
f 1602 1684 1625
f 1602 368 849
f 1602 1625 368
f 799 1602 849
f 1602 799 1485
f 642 1963 903
f 1517 1707 536
f 1517 642 903
f 1734 962 25
f 5 1734 1391
f 5 962 1734
f 962 811 238
f 5 811 962
f 1988 1657 625
f 447 867 853
f 867 1385 853
f 1385 867 389
f 1997 521 1925
f 1809 521 1997
f 521 1809 1415
f 1351 521 1415
f 1202 521 1351
f 521 1956 1925
f 1956 521 1202
f 1194 1255 429
f 1255 1194 1476
f 1913 1194 1030
f 1335 590 1476
f 1194 1335 1476
f 1335 1194 1913
f 1605 638 453
f 1605 132 638
f 132 545 638
f 545 706 638
f 1928 385 1413
f 638 985 1351
f 706 985 638
f 746 1202 1351
f 345 635 1860
f 635 1376 1221
f 615 635 1411
f 635 615 1376
f 1017 1985 1411
f 1017 56 1985
f 450 418 673
f 728 1417 734
f 207 728 734
f 728 170 1417
f 357 728 1059
f 170 728 357
f 1025 403 207
f 728 403 1059
f 403 728 207
f 403 1660 1059
f 403 1025 1660
f 894 1025 1283
f 526 894 1283
f 724 894 526
f 1025 894 1660
f 1660 894 1449
f 1101 43 1984
f 1354 1320 1095
f 1320 1354 324
f 1320 914 1095
f 256 320 1984
f 232 320 324
f 1644 1115 1952
f 577 1644 1952
f 1644 577 88
f 1336 1345 1838
f 1345 1336 1909
f 1728 1336 1838
f 1336 84 1909
f 577 84 88
f 84 1336 88
f 901 1445 1534
f 1464 1347 533
f 6 358 570
f 6 570 1623
f 1807 3 460
f 1706 47 1836
f 856 47 1706
f 47 1118 1836
f 262 856 1706
f 439 179 1623
f 1128 179 439
f 1479 1352 600
f 1352 455 600
f 455 1352 290
f 290 1352 1508
f 1352 1479 1508
f 1479 798 373
f 204 1163 600
f 1163 204 460
f 334 344 1932
f 798 1248 373
f 344 1248 1932
f 1248 471 1932
f 1248 798 471
f 1410 1248 344
f 1455 1410 876
f 1248 1410 373
f 1494 1876 1972
f 1494 1455 876
f 1876 1494 876
f 951 957 1368
f 957 951 538
f 957 1866 1368
f 1866 957 538
f 951 1022 1534
f 758 550 1002
f 38 538 1002
f 38 1866 538
f 550 38 1002
f 1866 38 758
f 38 550 758
f 617 1780 1534
f 1780 1151 1534
f 1780 617 188
f 1151 1780 188
f 1430 17 1947
f 814 17 1430
f 1297 1456 1467
f 872 1172 1756
f 1172 1722 1756
f 1172 490 1722
f 1073 1382 1244
f 850 1309 1756
f 850 1203 1309
f 850 1722 903
f 1722 850 1756
f 1611 490 1823
f 490 1611 1722
f 753 1986 757
f 1986 1576 757
f 1576 1986 640
f 921 803 1701
f 666 702 1097
f 712 702 1883
f 702 439 1883
f 702 1585 1097
f 702 712 1585
f 194 438 1486
f 438 1416 1486
f 1614 438 194
f 1545 438 1614
f 1416 438 763
f 1416 321 1486
f 321 1416 763
f 1314 321 1097
f 321 763 1097
f 28 749 445
f 1692 749 28
f 1198 1019 363
f 1019 1681 363
f 1019 1198 1732
f 1591 1019 1732
f 1681 1019 999
f 1019 1591 999
f 1136 1934 813
f 1136 21 999
f 1136 813 21
f 1591 1136 999
f 1357 1645 529
f 1645 1357 1685
f 1357 529 420
f 351 528 1706
f 1597 652 1706
f 1645 652 1597
f 652 351 1706
f 652 1685 449
f 652 1645 1685
f 528 652 449
f 351 652 528
f 1820 139 222
f 1184 1908 1317
f 1466 601 1386
f 1007 1703 730
f 127 1606 730
f 127 1703 115
f 601 127 115
f 1319 875 800
f 1871 1319 800
f 1218 314 1261
f 1703 112 115
f 1130 112 1703
f 765 1691 620
f 1934 1538 871
f 1933 678 902
f 1964 388 1799
f 977 1964 1799
f 1964 977 1919
f 1049 1003 1810
f 1858 1049 1810
f 1964 1049 1858
f 1049 1964 1919
f 1157 605 1748
f 605 1157 1224
f 605 1174 1748
f 1174 605 1802
f 966 605 1224
f 1306 966 1618
f 605 1306 1802
f 1306 605 966
f 926 1437 1607
f 778 1005 491
f 778 1495 144
f 1495 778 491
f 1298 778 144
f 778 1298 1761
f 1005 778 1761
f 200 1412 961
f 1412 291 961
f 291 1412 878
f 1827 666 763
f 919 884 1761
f 977 1927 339
f 133 1927 1799
f 1927 977 1799
f 868 860 1655
f 1763 1000 976
f 1000 1763 754
f 1763 976 502
f 201 1438 1579
f 1438 201 1557
f 665 201 975
f 92 201 1579
f 201 92 975
f 1471 665 825
f 1471 201 665
f 266 830 825
f 830 259 825
f 1104 890 107
f 284 890 1104
f 890 284 156
f 1193 1206 190
f 1615 1193 190
f 1206 679 889
f 679 678 889
f 678 679 902
f 1685 1813 449
f 413 1813 1685
f 1813 413 460
f 413 710 306
f 710 413 1685
f 1310 1312 420
f 1933 219 529
f 250 219 1933
f 529 219 420
f 219 250 420
f 968 895 476
f 781 1944 1635
f 1635 1944 1139
f 1944 981 1139
f 895 1944 781
f 1944 968 981
f 1944 895 968
f 1652 1698 1217
f 1698 781 1217
f 937 117 276
f 117 937 1626
f 117 56 416
f 1627 265 502
f 265 1627 833
f 265 1763 502
f 654 265 833
f 1763 265 654
f 610 711 107
f 890 610 107
f 610 890 309
f 934 309 735
f 934 771 1397
f 610 934 1397
f 934 610 309
f 1982 1771 845
f 1771 665 975
f 1771 619 845
f 619 1771 975
f 776 1771 1982
f 665 776 266
f 1771 776 665
f 986 1143 569
f 1338 1143 986
f 1143 1663 569
f 1143 1982 1663
f 653 302 556
f 302 1695 556
f 1695 302 569
f 1001 1311 1521
f 1225 1311 1001
f 1311 430 1521
f 430 1311 284
f 1311 1225 284
f 1973 1541 278
f 1365 1273 240
f 1586 1273 1559
f 1273 1541 240
f 914 1407 1450
f 1407 1973 1450
f 1407 256 812
f 1973 1407 812
f 771 1833 1397
f 1833 1206 1397
f 1833 250 902
f 679 1833 902
f 1833 679 1206
f 250 1833 420
f 1833 771 420
f 1220 39 310
f 1845 1220 310
f 1220 1845 129
f 1895 1220 129
f 1844 1147 275
f 39 1147 63
f 1147 881 63
f 881 1147 1844
f 150 1040 254
f 150 506 1040
f 747 686 667
f 686 747 1475
f 1475 747 1699
f 1288 421 1290
f 421 1117 1290
f 421 1294 1117
f 161 421 1288
f 674 49 1222
f 7 91 1222
f 91 1425 1222
f 7 1395 1144
f 34 1107 448
f 1107 826 448
f 1274 1640 1288
f 1640 1274 1166
f 1288 1640 1939
f 1535 681 1953
f 681 1323 1550
f 681 1233 1323
f 681 1550 1138
f 1953 681 1138
f 522 618 417
f 822 1601 1939
f 822 522 1601
f 822 1803 522
f 1803 1640 1166
f 1640 1803 1939
f 1803 822 1939
f 1506 286 32
f 286 1805 32
f 618 1885 417
f 1885 618 1805
f 1637 1770 1409
f 1637 1857 1770
f 244 1857 135
f 1857 1637 135
f 97 1852 1276
f 1294 1852 97
f 421 1852 1294
f 1983 691 1526
f 1983 1256 691
f 1226 352 1370
f 560 1226 1370
f 1893 611 733
f 352 1893 733
f 611 1893 1526
f 1893 1983 1526
f 1983 1893 352
f 459 1829 516
f 1983 1829 1256
f 1829 1983 352
f 1829 1226 516
f 1226 1829 352
f 105 1392 210
f 1392 105 565
f 234 105 657
f 565 105 234
f 1362 492 819
f 1236 1791 1096
f 819 1236 1096
f 1791 1236 853
f 1236 794 853
f 726 819 1096
f 1362 726 89
f 726 1362 819
f 587 1715 1943
f 587 1943 1009
f 269 234 1186
f 269 732 234
f 732 269 1195
f 269 542 1195
f 1624 269 1186
f 269 1624 542
f 963 380 761
f 1242 380 270
f 380 1186 270
f 380 963 1186
f 1902 391 479
f 1902 409 391
f 1843 1902 479
f 409 1902 1843
f 1171 1306 1618
f 1306 1171 716
f 626 1171 1618
f 235 1171 626
f 216 637 1199
f 661 71 796
f 1978 661 796
f 661 1978 1199
f 637 661 1199
f 834 1760 479
f 834 1978 1760
f 1659 1546 283
f 1659 1779 1546
f 498 731 1152
f 628 731 498
f 760 128 1406
f 67 128 760
f 128 394 1406
f 394 128 67
f 11 972 264
f 1510 11 264
f 1760 1372 479
f 1103 1372 1760
f 1372 1103 126
f 126 1103 944
f 1034 394 972
f 394 1034 944
f 532 1034 972
f 1034 532 1581
f 1558 1034 1581
f 1558 1581 468
f 1425 55 1222
f 1 1068 257
f 1 34 1552
f 1379 66 852
f 1565 1379 852
f 333 1631 1903
f 1779 1912 1546
f 1116 784 249
f 1546 544 283
f 738 544 1546
f 544 863 283
f 863 544 738
f 399 66 1173
f 863 399 1173
f 399 863 738
f 520 738 1546
f 399 520 66
f 520 399 738
f 1912 520 1546
f 616 169 1509
f 863 169 283
f 452 1747 715
f 1747 452 1921
f 452 930 1921
f 997 1797 1182
f 707 1665 114
f 707 1753 249
f 1665 707 249
f 784 1038 249
f 1038 1779 1936
f 1038 784 1779
f 391 1511 479
f 1511 834 479
f 1364 1610 114
f 1665 1364 114
f 1364 1665 1569
f 997 166 114
f 166 707 114
f 707 166 1753
f 792 1360 1493
f 792 1392 1360
f 1797 792 1182
f 792 1797 1392
f 1392 1769 1360
f 1769 1241 1360
f 1769 565 1662
f 1769 1392 565
f 732 1769 1662
f 1241 1769 732
f 1392 101 210
f 1686 1247 1547
f 1686 823 257
f 113 1995 40
f 113 520 1639
f 520 113 66
f 1247 113 40
f 66 113 852
f 113 1247 852
f 497 1116 1753
f 1995 497 1753
f 497 113 1639
f 113 497 1995
f 693 1609 795
f 313 221 213
f 313 634 221
f 313 1475 1699
f 1475 313 213
f 443 967 621
f 634 1516 221
f 1516 807 221
f 1516 634 29
f 1533 480 9
f 1533 1745 1946
f 311 440 64
f 1798 1035 627
f 311 1035 1183
f 1183 1035 1125
f 1035 1798 1125
f 1035 311 64
f 162 1598 1282
f 74 1725 883
f 1725 428 1235
f 74 428 1725
f 440 428 908
f 1955 1946 1716
f 464 1955 1716
f 463 1745 912
f 463 435 1716
f 435 463 912
f 1946 463 1716
f 1745 463 1946
f 912 633 1125
f 1745 633 912
f 633 9 1125
f 633 1533 9
f 1533 633 1745
f 943 922 1083
f 922 1463 1083
f 568 741 1789
f 1190 741 568
f 736 804 938
f 804 1190 375
f 804 375 1359
f 938 804 1359
f 530 282 1156
f 282 530 1975
f 568 1853 375
f 974 1853 568
f 1853 176 375
f 301 1427 1969
f 1427 301 390
f 419 543 579
f 543 419 725
f 729 1257 1408
f 1257 414 1408
f 414 1257 729
f 1724 793 195
f 133 362 860
f 362 388 815
f 388 362 133
f 523 362 815
f 1448 123 1540
f 513 1448 1175
f 123 1448 513
f 1954 123 513
f 938 1954 1867
f 1954 938 1359
f 123 1954 1359
f 1954 1672 1867
f 1672 1954 513
f 8 655 1071
f 1208 1975 1694
f 546 1208 1694
f 304 546 1896
f 304 649 1355
f 649 304 1896
f 136 304 1355
f 1132 182 1369
f 655 1132 1113
f 20 598 1369
f 598 1132 1369
f 1132 847 1113
f 1087 1774 1164
f 1724 1774 1711
f 1711 1774 859
f 1774 1087 859
f 1774 195 1164
f 1774 1724 195
f 1178 973 578
f 1612 1178 578
f 1178 1612 973
f 493 627 1676
f 1574 493 1676
f 493 1798 627
f 1798 493 599
f 1850 1574 1920
f 1612 1850 1066
f 1850 1887 1066
f 1887 1850 1920
f 1850 1612 578
f 294 1850 578
f 158 861 1676
f 861 1831 1676
f 1198 1630 158
f 1831 1630 1198
f 1630 861 158
f 861 1630 1831
f 875 630 1965
f 1213 630 875
f 630 1213 1732
f 630 676 1965
f 676 630 1120
f 630 158 1120
f 158 630 1732
f 1608 27 973
f 27 1608 212
f 973 27 578
f 27 294 578
f 119 267 461
f 688 119 954
f 267 119 688
f 862 1751 1246
f 1509 862 1246
f 119 292 954
f 435 1848 1716
f 1848 970 1011
f 1500 211 688
f 1903 1500 688
f 1631 1500 1903
f 1862 1500 1631
f 970 1069 1011
f 1069 915 1011
f 915 1069 629
f 1862 1069 970
f 576 1949 558
f 193 1949 576
f 1512 1949 193
f 1845 574 1106
f 727 1112 1060
f 1376 1119 1221
f 1433 1275 317
f 1759 1433 317
f 1275 1433 797
f 1708 1758 1979
f 1758 1708 1828
f 1218 1758 1719
f 1758 1828 1719
f 893 1627 660
f 893 580 1627
f 580 1832 393
f 1832 349 393
f 349 1832 1985
f 1985 1821 843
f 1832 1821 1985
f 1112 1821 1599
f 1821 1832 1599
f 1466 1032 660
f 1505 387 1074
f 1767 1505 1074
f 387 1505 253
f 1505 1767 253
f 187 774 1979
f 187 1767 1074
f 1583 576 470
f 1979 1583 470
f 774 1583 1979
f 705 1469 1188
f 1469 705 253
f 705 764 387
f 387 764 1106
f 764 1845 1106
f 1845 764 129
f 874 42 357
f 967 1957 621
f 1957 967 1228
f 1957 693 621
f 693 1957 1609
f 967 1124 1228
f 1124 1516 29
f 1516 1124 967
f 1084 1468 1228
f 1084 145 1468
f 1124 1084 1228
f 145 1084 29
f 1084 1124 29
f 131 293 1167
f 1012 1295 451
f 31 61 1554
f 1752 1052 63
f 1052 1752 651
f 958 1052 651
f 958 1443 1052
f 1443 958 1169
f 350 381 1121
f 651 350 183
f 1752 350 651
f 350 1752 381
f 1179 100 980
f 1179 511 100
f 1179 1544 1277
f 511 1179 1277
f 1917 273 1750
f 273 1917 1858
f 1259 273 1929
f 273 1259 81
f 81 1259 1823
f 1259 1611 1823
f 873 456 1864
f 850 1361 1203
f 1073 1293 1382
f 1963 277 903
f 277 456 903
f 456 277 1864
f 820 1963 642
f 1517 820 642
f 820 1517 536
f 1707 1709 1929
f 1517 1709 1707
f 1709 1517 903
f 1722 1709 903
f 1611 1709 1722
f 1709 1259 1929
f 1259 1709 1611
f 639 77 25
f 962 639 25
f 1094 1602 1485
f 811 1094 1485
f 1684 1094 1391
f 1602 1094 1684
f 1647 625 827
f 1647 1988 625
f 950 157 1462
f 950 1497 157
f 218 1930 469
f 1930 218 851
f 218 762 851
f 1891 701 469
f 1271 701 1891
f 701 218 469
f 1394 1476 1925
f 1956 1394 1925
f 1394 1255 1476
f 1255 1394 1202
f 1394 1956 1202
f 1348 1194 429
f 1194 1348 1030
f 1335 561 590
f 561 1335 1913
f 561 1913 1030
f 1325 545 132
f 1325 1928 1413
f 706 337 1819
f 545 337 706
f 1325 337 545
f 385 337 1413
f 337 1325 1413
f 1255 832 429
f 832 1578 429
f 189 832 1819
f 33 985 706
f 985 33 1351
f 33 746 1351
f 1795 345 467
f 1017 1795 467
f 1461 117 416
f 56 1461 416
f 1017 1461 56
f 117 1461 276
f 1654 1461 1067
f 773 1654 673
f 1654 450 673
f 1654 773 276
f 1461 1654 276
f 1461 1029 1067
f 1029 1017 467
f 1029 1461 1017
f 1888 1605 453
f 418 1888 453
f 450 1888 418
f 1016 1654 1067
f 1654 1016 450
f 1016 1888 450
f 1888 1016 1603
f 1029 1830 1603
f 1830 1029 467
f 345 1830 467
f 1830 345 1860
f 1687 560 1449
f 894 1687 1449
f 1687 724 473
f 1687 894 724
f 1101 475 43
f 1592 475 86
f 475 596 86
f 475 1101 232
f 475 1329 596
f 1329 475 232
f 1101 1446 232
f 1446 320 232
f 1446 1101 1984
f 320 1446 1984
f 295 320 256
f 1407 295 256
f 295 1320 324
f 320 295 324
f 1320 295 914
f 295 1407 914
f 899 1644 88
f 899 1336 1728
f 1336 899 88
f 1115 899 1728
f 1644 899 1115
f 901 643 1445
f 1445 643 1952
f 643 577 1952
f 1643 695 1252
f 695 900 1252
f 1702 1567 1588
f 1347 436 533
f 931 436 1111
f 436 931 533
f 1702 436 1347
f 1111 436 57
f 436 1588 57
f 436 1702 1588
f 1926 1430 1947
f 1160 6 1472
f 6 1160 759
f 759 1160 1947
f 1160 1926 1947
f 6 1229 358
f 1785 455 1456
f 455 1785 204
f 47 154 1118
f 931 154 496
f 154 931 1118
f 154 47 856
f 495 262 1706
f 528 495 1706
f 73 251 743
f 251 176 743
f 176 251 1540
f 151 692 1524
f 151 1524 1846
f 41 692 73
f 41 885 993
f 41 73 743
f 885 41 743
f 6 1520 1472
f 1592 1518 104
f 43 696 1984
f 751 1592 104
f 481 751 1951
f 837 308 373
f 1628 837 373
f 1240 1494 1972
f 1494 1240 1455
f 1436 1240 1368
f 1240 1972 1368
f 798 1670 471
f 1163 1670 600
f 1670 1163 471
f 1670 1479 600
f 1670 798 1479
f 471 155 1932
f 1163 155 471
f 155 334 1932
f 413 155 460
f 155 1163 460
f 155 413 306
f 334 155 306
f 1047 1410 1455
f 1240 1047 1455
f 1047 1628 373
f 1410 1047 373
f 742 814 905
f 742 17 814
f 17 742 838
f 163 742 905
f 838 742 163
f 1393 51 1467
f 51 1297 1467
f 51 1393 1886
f 1297 51 694
f 814 51 1886
f 51 814 1201
f 694 51 1201
f 50 872 760
f 50 1172 872
f 50 760 1406
f 490 50 1406
f 1172 50 490
f 456 906 903
f 906 850 903
f 906 1361 850
f 1293 906 456
f 261 1367 753
f 1367 1986 753
f 1367 261 160
f 1396 1367 160
f 374 168 1451
f 1458 374 1451
f 261 1739 1458
f 946 1739 261
f 1739 374 1458
f 717 261 753
f 717 946 261
f 1641 1794 1396
f 1794 1641 1451
f 172 1794 1451
f 1794 980 640
f 1396 1794 640
f 1794 1179 980
f 1179 1794 172
f 358 90 1883
f 90 712 1883
f 1076 90 358
f 1617 1822 1314
f 1585 1617 1314
f 803 1617 1585
f 1617 803 921
f 1822 1617 805
f 1617 921 805
f 702 1786 439
f 1786 702 666
f 1786 1573 439
f 989 321 1314
f 1308 989 1314
f 989 1308 140
f 1136 220 1934
f 1934 220 1105
f 1691 1849 620
f 1941 1849 1691
f 1538 1849 871
f 1849 1538 620
f 1849 1661 871
f 1849 1941 1661
f 1941 360 1661
f 690 141 472
f 141 690 136
f 1227 141 136
f 564 136 96
f 564 1227 136
f 1976 1464 533
f 1616 1976 533
f 678 148 519
f 148 678 1933
f 148 1645 222
f 1645 148 1933
f 1567 659 1588
f 1588 659 57
f 659 1820 57
f 659 139 1820
f 524 110 1355
f 524 1184 110
f 1184 524 1908
f 649 524 1355
f 1908 524 649
f 1434 1466 217
f 1434 601 1466
f 127 1434 1606
f 1434 127 601
f 1000 1731 976
f 1731 685 976
f 1731 1192 777
f 1606 1192 730
f 996 1192 1606
f 1192 996 777
f 998 1130 1703
f 1007 998 1703
f 1130 998 555
f 998 1007 555
f 1703 1788 730
f 1788 127 730
f 127 1788 1703
f 704 106 489
f 785 1871 1261
f 314 785 1261
f 785 709 1871
f 886 1218 801
f 886 314 1218
f 112 911 115
f 911 316 1426
f 322 112 1130
f 322 911 112
f 322 316 911
f 765 1940 1691
f 1940 1501 571
f 1501 1940 765
f 1258 1538 1934
f 1538 1258 620
f 1453 1130 555
f 809 1453 555
f 1519 190 889
f 678 1519 889
f 190 1826 1593
f 1519 1826 190
f 1826 1519 1990
f 1318 854 669
f 1318 669 1593
f 1826 1318 1593
f 1318 1826 1990
f 510 854 1621
f 1964 788 388
f 788 1964 1858
f 236 1723 1919
f 1723 1049 1919
f 1049 1723 1003
f 1723 2000 1003
f 1723 236 2000
f 1054 919 1607
f 1437 1054 1607
f 1054 884 919
f 338 1054 1773
f 1905 1827 763
f 1827 1905 1545
f 438 1905 763
f 1905 438 1545
f 689 1735 1545
f 1735 1827 1545
f 1735 689 961
f 291 1735 961
f 1827 1735 291
f 503 338 445
f 749 503 445
f 503 1054 338
f 1054 503 884
f 503 749 1692
f 884 503 1761
f 1761 503 1977
f 503 1692 1977
f 1131 1927 133
f 1131 133 860
f 868 1131 860
f 1927 87 339
f 339 87 539
f 87 1131 1263
f 1131 87 1927
f 87 1825 539
f 1825 87 1263
f 1412 1783 878
f 1783 1412 200
f 182 335 1655
f 335 868 1655
f 1825 1804 539
f 1804 1825 926
f 1804 719 539
f 719 1804 926
f 1154 1437 926
f 1825 1154 926
f 1389 505 1491
f 505 654 1491
f 505 1763 654
f 1471 505 1389
f 1763 505 754
f 201 1878 1557
f 1471 1878 201
f 1878 1389 1557
f 1878 1471 1389
f 259 1910 825
f 1910 1471 825
f 1910 505 1471
f 1910 259 754
f 505 1910 754
f 1916 1338 259
f 830 1916 259
f 1916 830 266
f 776 1916 266
f 1916 776 1338
f 196 1365 735
f 309 196 735
f 890 196 309
f 196 1273 1365
f 1053 1193 711
f 1193 1053 1206
f 1206 1053 1397
f 610 1053 711
f 1053 610 1397
f 1806 1193 1615
f 1806 284 1104
f 1806 1104 711
f 1193 1806 711
f 284 1806 684
f 1806 1615 684
f 710 960 306
f 1357 22 1685
f 334 622 344
f 622 960 1205
f 622 334 306
f 960 622 306
f 1312 1875 553
f 30 1410 344
f 1484 895 781
f 1698 1484 781
f 895 1484 476
f 806 276 476
f 1484 806 476
f 806 1484 1698
f 806 1652 276
f 806 1698 1652
f 117 369 56
f 349 369 393
f 393 369 1626
f 369 117 1626
f 56 369 1985
f 369 349 1985
f 1143 411 1982
f 411 1143 1338
f 411 776 1982
f 776 411 1338
f 1114 173 653
f 173 302 653
f 302 173 569
f 569 173 589
f 173 1114 589
f 386 1586 278
f 125 1365 240
f 1365 125 735
f 1541 1967 240
f 1967 125 240
f 125 1967 612
f 1967 1541 1973
f 1967 1973 812
f 612 1967 1310
f 1220 644 39
f 644 1220 1895
f 881 465 1260
f 465 881 1844
f 465 1353 1260
f 1460 1906 275
f 1906 1460 942
f 1577 150 254
f 357 1577 254
f 42 1577 357
f 1353 1577 42
f 1127 747 667
f 1127 667 734
f 942 1127 734
f 747 647 1699
f 647 747 95
f 583 1688 1638
f 1688 583 95
f 1688 723 1638
f 1688 61 723
f 61 226 1554
f 1688 226 61
f 175 1196 1088
f 674 1196 175
f 1196 674 1222
f 1754 674 175
f 1754 175 457
f 1274 1754 457
f 1754 1274 49
f 674 1754 49
f 534 7 1144
f 534 91 7
f 34 534 1107
f 91 879 1425
f 680 34 606
f 879 680 606
f 680 879 91
f 534 680 91
f 680 534 34
f 1539 681 1535
f 1539 1535 484
f 1233 1539 549
f 681 1539 1233
f 1181 484 457
f 1181 371 484
f 175 1181 457
f 1181 175 1088
f 1256 1642 691
f 97 1642 969
f 1642 1256 969
f 766 880 572
f 703 880 766
f 880 244 572
f 1805 378 288
f 618 378 1805
f 288 378 677
f 431 618 522
f 1803 431 522
f 378 431 677
f 431 378 618
f 431 1166 677
f 431 1803 1166
f 840 1770 1465
f 1770 840 1409
f 840 1506 1409
f 840 286 1506
f 994 1730 1409
f 1730 1637 1409
f 1730 994 135
f 1637 1730 135
f 982 1857 244
f 1770 1680 1465
f 1857 1680 1770
f 982 1680 1857
f 1528 421 161
f 1528 1852 421
f 1852 1528 1276
f 1528 1375 1276
f 1601 1528 161
f 1375 1528 1601
f 1243 105 210
f 715 1243 210
f 1243 715 494
f 1243 494 270
f 657 1243 270
f 761 745 1384
f 492 745 761
f 745 492 1362
f 745 124 1384
f 548 492 761
f 548 1242 1197
f 548 380 1242
f 380 548 761
f 492 1835 819
f 794 1835 1197
f 1835 548 1197
f 548 1835 492
f 1835 1236 819
f 1236 1835 794
f 323 726 1096
f 726 323 1855
f 323 613 1855
f 587 1658 1715
f 1658 1385 389
f 896 1584 299
f 623 896 299
f 1978 924 1199
f 834 924 1978
f 1779 326 1936
f 1659 326 1779
f 326 1659 216
f 1777 1372 126
f 1777 1558 468
f 1558 1777 126
f 1749 1777 468
f 1777 1749 479
f 1372 1777 479
f 118 1103 1760
f 118 1978 796
f 1978 118 1760
f 1529 966 1224
f 1792 126 944
f 1792 1558 126
f 1034 1792 944
f 1558 1792 1034
f 1068 1629 739
f 1629 983 739
f 116 920 448
f 920 116 427
f 823 1996 257
f 1996 1 257
f 636 1996 823
f 1996 636 1051
f 1727 587 1009
f 323 1727 613
f 1727 323 1096
f 1841 656 1009
f 656 1727 1009
f 1727 656 613
f 66 1897 1173
f 1379 1897 66
f 829 1907 739
f 1907 1565 852
f 1907 829 1565
f 983 78 739
f 78 829 739
f 1069 668 629
f 668 1862 1631
f 668 1069 1862
f 1287 116 448
f 826 1287 448
f 1980 1912 1779
f 784 1980 1779
f 1098 863 1173
f 1098 1250 863
f 1897 1098 1173
f 604 862 1509
f 604 1250 540
f 1250 1496 863
f 1496 169 863
f 604 1496 1250
f 169 1496 1509
f 1496 604 1509
f 1326 1797 997
f 1326 997 114
f 1610 1326 114
f 1974 1665 249
f 1038 1974 249
f 1665 1974 1569
f 1974 1511 1569
f 1974 1038 1936
f 1511 1974 1936
f 149 1989 391
f 1989 1511 391
f 648 1159 1610
f 1364 648 1610
f 166 602 1753
f 1995 602 1547
f 602 1995 1753
f 779 997 1182
f 779 166 997
f 779 792 1493
f 792 779 1182
f 1797 353 1392
f 353 101 1392
f 1326 353 1797
f 353 1326 930
f 1737 452 715
f 1737 715 210
f 101 1737 210
f 452 1737 930
f 1737 353 930
f 353 1737 101
f 1068 1525 257
f 1525 1686 257
f 1247 406 852
f 1686 406 1247
f 406 1907 852
f 1907 406 739
f 1525 406 1686
f 406 1068 739
f 406 1525 1068
f 1808 784 1116
f 497 1808 1116
f 1808 1980 784
f 1808 497 1639
f 520 1808 1639
f 1808 520 1912
f 1980 1808 1912
f 1981 443 1740
f 464 1981 1740
f 1981 877 1133
f 877 1981 464
f 443 515 967
f 515 1516 967
f 1516 515 807
f 1981 515 443
f 480 1961 795
f 1533 1961 480
f 1961 693 795
f 693 1961 621
f 1035 1148 627
f 1148 1035 935
f 1148 1120 627
f 1148 676 1120
f 1148 935 676
f 1782 918 1282
f 1782 75 908
f 918 1782 908
f 918 382 1282
f 382 918 359
f 1423 382 359
f 382 1423 346
f 382 162 1282
f 382 346 162
f 918 230 359
f 230 74 883
f 230 918 908
f 428 230 908
f 230 428 74
f 935 1344 676
f 1598 1344 935
f 676 1344 111
f 440 120 64
f 268 162 1492
f 268 1598 162
f 111 268 1492
f 1344 268 111
f 268 1344 1598
f 1165 480 1235
f 428 1165 1235
f 480 1165 1183
f 1165 311 1183
f 311 1165 440
f 1165 428 440
f 783 464 1740
f 783 1955 464
f 1955 783 1946
f 783 1533 1946
f 441 464 1716
f 441 877 464
f 877 441 1133
f 1560 974 568
f 922 1560 568
f 974 1560 943
f 1560 922 943
f 597 568 1789
f 597 922 568
f 922 597 1463
f 414 597 1789
f 597 414 1463
f 1729 741 1190
f 1729 804 736
f 804 1729 1190
f 741 1729 1789
f 176 177 98
f 1853 177 176
f 98 177 1156
f 177 974 1156
f 177 1853 974
f 1729 1474 1789
f 1474 1729 736
f 658 419 579
f 616 658 579
f 658 616 1509
f 658 1509 1246
f 1751 658 1246
f 632 1632 887
f 543 1632 579
f 1632 616 579
f 1302 543 725
f 1302 725 1969
f 1427 1302 1969
f 1302 1427 390
f 887 1302 390
f 1632 1302 887
f 1302 1632 543
f 857 896 623
f 1724 1010 793
f 793 1010 523
f 1010 362 523
f 1010 1724 1711
f 1010 1711 860
f 362 1010 860
f 1718 4 1540
f 4 1448 1540
f 224 8 1071
f 8 224 878
f 224 291 878
f 398 1208 546
f 1061 20 1175
f 1061 598 20
f 598 1061 1764
f 341 847 1132
f 341 598 1764
f 598 341 1132
f 341 151 1846
f 151 341 1764
f 1398 1574 458
f 1398 493 1574
f 1398 458 599
f 493 1398 599
f 1850 567 1574
f 567 1850 294
f 458 567 461
f 1574 567 458
f 27 1755 294
f 567 1755 461
f 1755 567 294
f 1755 27 718
f 862 1636 1751
f 1636 1608 1751
f 1608 1636 212
f 1400 769 718
f 1636 1400 212
f 1400 27 212
f 27 1400 718
f 1548 604 540
f 604 1548 862
f 769 971 718
f 292 971 769
f 1848 1776 211
f 1776 1848 435
f 1776 575 211
f 1776 435 1507
f 575 1776 1507
f 1036 1848 211
f 1848 1036 970
f 1500 1036 211
f 1036 1862 970
f 1862 1036 1500
f 454 855 1056
f 574 60 147
f 60 574 1169
f 60 767 147
f 615 52 1376
f 52 727 1376
f 727 52 1112
f 52 1821 1112
f 727 99 1376
f 454 164 558
f 164 1060 558
f 164 727 1060
f 99 164 454
f 164 99 727
f 1119 412 1221
f 412 1958 1280
f 1958 412 1119
f 433 203 1837
f 412 433 1221
f 433 412 203
f 1772 1877 317
f 1877 1759 317
f 1758 1251 1979
f 1343 893 660
f 1032 1343 660
f 1599 1343 1562
f 1832 1343 1599
f 893 1343 580
f 1343 1832 580
f 146 1673 1386
f 1673 1466 1386
f 1673 1032 1466
f 343 1469 1399
f 343 1898 1188
f 1469 343 1188
f 1847 1373 1121
f 1373 1847 395
f 1433 280 797
f 280 874 357
f 280 572 797
f 280 357 572
f 260 682 1260
f 1353 260 1260
f 260 1353 42
f 682 404 1543
f 260 404 682
f 607 395 1543
f 874 607 1543
f 462 1987 1468
f 583 1987 462
f 1987 583 1638
f 723 1987 1638
f 1842 1987 723
f 1957 1289 1609
f 1609 1289 451
f 1289 1012 451
f 1012 1289 1228
f 1289 1957 1228
f 537 131 451
f 1295 537 451
f 537 293 131
f 537 1295 1580
f 293 537 723
f 537 1842 723
f 1842 537 1580
f 178 1842 1580
f 1295 178 1580
f 178 1987 1842
f 1987 178 1468
f 178 1012 1468
f 178 1295 1012
f 1542 1666 1439
f 1666 1542 165
f 346 1666 165
f 1767 687 253
f 1251 687 1979
f 687 187 1979
f 187 687 1767
f 1945 359 1399
f 1052 287 310
f 1443 287 1052
f 287 1845 310
f 287 574 1845
f 574 287 1169
f 287 1443 1169
f 61 1070 1188
f 31 1070 61
f 881 474 63
f 474 881 1260
f 1752 1700 381
f 1179 910 1544
f 910 1179 172
f 1544 910 1451
f 910 172 1451
f 1234 873 1485
f 873 1234 456
f 366 873 1864
f 366 811 1485
f 873 366 1485
f 1361 1564 1203
f 1564 1293 1073
f 906 1564 1361
f 1564 906 1293
f 1203 1564 1244
f 1564 1073 1244
f 1872 962 238
f 979 1872 238
f 1404 277 1963
f 1404 979 238
f 277 1404 1864
f 1787 536 1018
f 1787 820 536
f 979 1787 1018
f 1404 1787 979
f 1522 811 5
f 1522 1094 811
f 1522 5 1391
f 1094 1522 1391
f 501 514 1497
f 950 501 1497
f 1988 1340 1657
f 1657 1340 1462
f 1340 950 1462
f 762 1146 447
f 218 1146 762
f 1146 867 447
f 1146 218 867
f 218 432 867
f 701 432 218
f 432 701 1271
f 867 432 389
f 432 1271 389
f 1348 1286 1030
f 1877 1286 1162
f 1286 1772 1030
f 1286 1877 1772
f 1772 744 1030
f 744 561 1030
f 744 1772 1470
f 744 1470 1187
f 744 1187 1863
f 590 744 1863
f 561 744 590
f 864 1578 1837
f 1050 864 1837
f 1578 864 429
f 864 1050 429
f 832 209 1819
f 209 832 1255
f 209 706 1819
f 209 1255 1202
f 746 209 1202
f 209 33 706
f 33 209 746
f 189 242 1860
f 242 385 1928
f 364 635 1221
f 635 364 1860
f 433 364 1221
f 832 1153 1578
f 189 1153 832
f 508 1017 1411
f 508 1795 1017
f 635 508 1411
f 508 635 345
f 1795 508 345
f 1536 1603 132
f 1536 1888 1603
f 1605 1536 132
f 1888 1536 1605
f 137 1029 1603
f 1016 137 1603
f 1029 137 1067
f 137 1016 1067
f 1270 1830 1928
f 1830 1270 1603
f 1603 1270 132
f 1270 1325 132
f 1325 1270 1928
f 108 1226 560
f 1687 108 560
f 108 1687 473
f 1475 108 473
f 108 1475 1145
f 516 108 1145
f 1226 108 516
f 85 84 577
f 643 85 577
f 84 85 1909
f 1285 901 1534
f 1377 252 1472
f 252 1160 1472
f 1229 153 358
f 153 838 1701
f 1442 17 838
f 1442 759 1947
f 17 1442 1947
f 1442 6 759
f 1442 1229 6
f 1785 1904 1020
f 1430 1904 1201
f 1904 694 1201
f 1904 1785 1456
f 1297 1904 1456
f 1904 1297 694
f 80 134 1743
f 1604 483 1380
f 423 586 1441
f 609 1063 1743
f 1063 609 262
f 262 1301 856
f 609 1301 262
f 1301 609 1072
f 46 1063 262
f 46 495 1807
f 495 46 262
f 1048 586 1696
f 586 1048 1441
f 1063 82 1743
f 82 1048 1696
f 1048 82 1063
f 1037 3 1807
f 495 1037 1807
f 1813 1037 449
f 1037 528 449
f 1037 495 528
f 3 1037 460
f 1037 1813 460
f 1137 1616 496
f 1616 1137 472
f 1137 332 472
f 208 151 1718
f 208 1718 1540
f 251 208 1540
f 151 208 692
f 692 208 73
f 208 251 73
f 1230 885 743
f 176 1230 743
f 1230 176 1371
f 1208 1482 1975
f 367 993 1414
f 367 41 993
f 993 1254 1414
f 1254 1168 1414
f 948 1690 1524
f 1524 1690 1846
f 1690 1573 1846
f 1690 1128 439
f 1573 1690 439
f 179 1457 1623
f 1457 6 1623
f 1457 1520 6
f 1161 948 1168
f 1520 1161 1168
f 1457 1161 1520
f 1161 1457 179
f 79 152 1046
f 79 1046 876
f 1410 79 876
f 1518 79 104
f 596 79 86
f 152 79 596
f 79 1592 86
f 79 1518 1592
f 1211 696 481
f 1211 481 1951
f 1211 1312 1310
f 696 1211 1310
f 1875 1211 1951
f 1211 1875 1312
f 751 1091 1592
f 475 1091 43
f 1091 475 1592
f 1091 696 43
f 696 1091 481
f 1091 751 481
f 228 1240 1436
f 228 1047 1240
f 1047 228 1628
f 308 228 1436
f 837 228 308
f 228 837 1628
f 1986 1653 640
f 1367 1653 1986
f 1653 1396 640
f 1653 1367 1396
f 1739 342 374
f 374 342 168
f 717 662 946
f 662 491 168
f 662 1495 491
f 342 662 168
f 1495 662 753
f 662 717 753
f 662 1739 946
f 662 342 1739
f 1330 90 1076
f 1330 1076 1701
f 803 1330 1701
f 90 1856 712
f 1856 1330 803
f 1330 1856 90
f 655 396 1071
f 396 655 1113
f 383 989 140
f 383 1374 1486
f 383 140 1374
f 321 383 1486
f 989 383 321
f 192 1136 1591
f 192 220 1136
f 192 1591 1527
f 220 192 1105
f 192 1213 1105
f 1213 192 1527
f 360 325 1661
f 325 1317 1661
f 1184 325 1126
f 325 1184 1317
f 697 360 1941
f 697 1941 1691
f 564 697 1227
f 1976 248 1464
f 1613 1567 1102
f 139 1613 222
f 1613 148 222
f 1613 659 1567
f 659 1613 139
f 699 1731 1000
f 699 1000 754
f 699 259 1214
f 259 699 754
f 1731 1431 685
f 1431 1731 777
f 1431 255 685
f 106 23 986
f 1192 23 106
f 986 23 1214
f 23 699 1214
f 23 1192 1731
f 699 23 1731
f 1401 62 446
f 1192 1595 730
f 603 1595 1192
f 1595 1007 730
f 603 1800 446
f 1800 1401 446
f 1768 1347 1464
f 1768 62 1347
f 1473 1768 1464
f 62 1768 1473
f 1007 1648 555
f 1648 809 555
f 1648 1501 809
f 882 1934 1105
f 143 407 720
f 143 882 965
f 407 143 59
f 143 965 59
f 300 1319 1871
f 709 300 1871
f 1041 886 801
f 1424 146 1386
f 316 631 1426
f 631 316 314
f 631 138 1426
f 631 1041 138
f 886 631 314
f 1041 631 886
f 932 785 314
f 316 932 314
f 932 316 69
f 932 407 59
f 69 263 1130
f 263 322 1130
f 316 263 69
f 322 263 316
f 1212 1453 809
f 1258 1212 620
f 407 1212 720
f 1453 1212 407
f 1501 1212 809
f 1212 765 620
f 1212 1501 765
f 1318 215 854
f 854 215 1621
f 1834 1613 1102
f 215 1834 1102
f 1834 215 1318
f 167 510 1621
f 1702 167 1567
f 1567 167 1102
f 167 215 1102
f 215 167 1621
f 388 624 815
f 788 624 388
f 624 523 815
f 624 788 523
f 523 246 1014
f 246 1174 1014
f 1174 246 1748
f 916 355 397
f 916 1786 666
f 1827 916 666
f 355 916 1827
f 1783 1922 878
f 1154 1922 1783
f 1132 1481 182
f 1481 1132 655
f 1481 8 878
f 8 1481 655
f 1922 1481 878
f 315 1825 1263
f 315 1154 1825
f 315 1922 1154
f 1131 315 1263
f 315 1131 868
f 1922 315 868
f 2 1154 1783
f 2 1783 200
f 1154 2 1437
f 2 338 1773
f 338 2 200
f 1054 2 1773
f 2 1054 1437
f 1938 890 156
f 1938 196 890
f 1938 156 327
f 410 1938 327
f 227 410 1559
f 1273 227 1559
f 196 227 1273
f 227 1938 410
f 1938 227 196
f 1363 960 553
f 960 1363 1205
f 1875 1363 553
f 1363 1875 1951
f 1177 710 1685
f 22 1177 1685
f 1177 960 710
f 1177 22 960
f 1650 22 1357
f 1650 1357 420
f 960 1650 553
f 22 1650 960
f 1312 1650 420
f 1650 1312 553
f 30 1992 1410
f 79 1992 104
f 1992 79 1410
f 1950 30 344
f 622 1950 344
f 1950 622 1205
f 30 1950 1951
f 1950 1363 1951
f 1363 1950 1205
f 1273 1889 1541
f 1541 1889 278
f 1889 386 278
f 1889 1273 1586
f 386 1889 1586
f 125 1693 735
f 1693 934 735
f 934 1693 771
f 1693 125 612
f 771 1693 1310
f 1693 612 1310
f 1678 1967 812
f 1678 812 1984
f 696 1678 1984
f 1678 696 1310
f 1967 1678 1310
f 1147 1055 275
f 802 1147 39
f 644 802 39
f 722 465 1844
f 465 722 1353
f 722 1577 1353
f 1303 722 1844
f 1577 722 150
f 1906 76 275
f 76 1844 275
f 76 1303 1844
f 1504 942 734
f 1504 1901 942
f 1714 1504 734
f 1901 1504 150
f 506 1504 1714
f 150 1504 506
f 1460 904 942
f 904 1460 1554
f 226 904 1554
f 747 340 95
f 1127 340 747
f 340 1688 95
f 340 1127 942
f 904 340 942
f 340 226 1688
f 340 904 226
f 583 1082 95
f 1082 647 95
f 647 835 1699
f 835 647 462
f 835 462 634
f 835 313 1699
f 313 835 634
f 1590 297 1088
f 1196 1590 1088
f 55 1590 1222
f 1590 1196 1222
f 1383 534 1144
f 191 1287 826
f 629 675 1045
f 1715 328 484
f 328 1539 484
f 1539 328 549
f 328 1891 549
f 1658 328 1715
f 1253 1375 1601
f 1885 1717 1465
f 1717 840 1465
f 1717 1885 1805
f 286 1717 1805
f 840 1717 286
f 1081 1551 459
f 1081 807 486
f 1551 1081 486
f 1689 1829 459
f 1551 1689 459
f 1829 1689 1256
f 1256 1689 486
f 1689 1551 486
f 105 437 657
f 437 1243 657
f 1243 437 105
f 750 1087 1164
f 1123 750 716
f 750 195 1802
f 195 750 1164
f 1306 750 1802
f 750 1306 716
f 582 750 1123
f 1087 582 485
f 750 582 1087
f 896 582 1584
f 582 1123 1584
f 582 857 241
f 857 582 896
f 1123 995 1584
f 995 1171 235
f 1171 995 716
f 995 1123 716
f 1584 995 299
f 243 924 834
f 243 1511 1936
f 1511 243 834
f 1529 1232 966
f 71 1232 796
f 1232 71 966
f 1103 698 944
f 944 698 331
f 698 1157 331
f 1157 698 1224
f 698 1529 1224
f 1775 11 772
f 1324 1775 772
f 11 1775 972
f 1775 532 972
f 1775 1324 532
f 1622 628 1843
f 1629 1279 1552
f 1279 1629 1068
f 1279 1 1552
f 1 1279 1068
f 1629 1028 983
f 920 1028 448
f 1028 920 983
f 1028 1629 1552
f 1028 34 448
f 34 1028 1552
f 124 109 542
f 542 109 1195
f 1801 1658 587
f 1727 1801 587
f 1801 1727 1096
f 1385 1801 1096
f 1658 1801 1385
f 945 54 124
f 745 347 124
f 347 945 124
f 945 347 89
f 347 1362 89
f 347 745 1362
f 613 1738 1855
f 1738 726 1855
f 54 1738 1238
f 1738 54 945
f 656 1738 613
f 726 1738 89
f 1738 945 89
f 159 1721 1
f 34 1721 606
f 1 1721 34
f 879 1349 1425
f 1349 879 606
f 1721 1349 606
f 535 1721 159
f 535 1349 1721
f 920 1513 983
f 1513 78 983
f 1513 920 427
f 333 376 1631
f 376 668 1631
f 1480 333 116
f 1287 1480 116
f 53 1098 1897
f 1250 53 540
f 1098 53 1250
f 1502 169 616
f 71 1342 626
f 661 1342 71
f 1342 661 637
f 1632 1664 616
f 1664 1502 616
f 1502 1664 1793
f 930 1459 1921
f 1326 1459 930
f 1459 1610 1921
f 1459 1326 1610
f 1321 149 1378
f 648 1321 1159
f 1159 1321 594
f 1321 1487 594
f 1321 1378 1487
f 229 1364 1569
f 229 648 1364
f 400 602 166
f 636 400 1051
f 515 1432 807
f 1782 72 75
f 75 72 440
f 72 120 440
f 72 1782 1282
f 1296 1035 64
f 120 1296 64
f 1575 1296 120
f 672 1598 935
f 672 1296 1575
f 1035 672 935
f 1296 672 1035
f 72 554 120
f 1598 554 1282
f 554 72 1282
f 443 122 1740
f 122 783 1740
f 122 443 621
f 1961 122 621
f 122 1961 1533
f 783 122 1533
f 915 1915 1011
f 1796 441 1716
f 1848 1796 1716
f 1796 1848 1011
f 1915 1796 1011
f 1796 1915 441
f 810 1474 37
f 1532 810 37
f 414 810 1408
f 810 301 1408
f 810 1532 301
f 810 414 1789
f 1474 810 1789
f 301 312 390
f 1532 312 301
f 312 887 390
f 419 1970 725
f 658 1970 419
f 725 1970 1751
f 1970 658 1751
f 1204 623 299
f 632 1204 299
f 1204 632 887
f 103 1532 37
f 1733 103 37
f 103 312 1532
f 1474 1582 37
f 1582 1474 736
f 1026 1604 1380
f 285 1026 1380
f 1422 1646 1402
f 1646 304 136
f 198 1422 134
f 198 1646 1422
f 198 1503 1266
f 304 247 546
f 247 398 546
f 1061 1966 1764
f 1966 4 1718
f 151 1966 1718
f 1966 151 1764
f 1548 1477 862
f 1400 1477 769
f 1477 1636 862
f 1477 1400 1636
f 1331 971 292
f 1331 1755 718
f 971 1331 718
f 1089 292 769
f 237 1089 769
f 1512 1122 1949
f 1949 1122 558
f 1122 454 558
f 1122 855 454
f 1272 1736 1056
f 855 1272 1056
f 94 387 1106
f 94 1341 387
f 387 206 1074
f 1341 206 387
f 206 1122 1512
f 206 1341 855
f 1122 206 855
f 60 1057 767
f 958 1057 1169
f 1057 60 1169
f 1057 651 183
f 1057 958 651
f 1994 52 615
f 52 1994 1821
f 1994 615 843
f 1821 1994 843
f 552 1958 1119
f 552 1119 1376
f 99 552 1376
f 1736 1245 1056
f 518 412 1280
f 1634 1251 1758
f 1854 1634 818
f 1634 687 1251
f 1634 1218 818
f 1634 1758 1218
f 1498 1673 146
f 790 1388 1562
f 1343 790 1562
f 790 1498 1388
f 1498 790 1673
f 790 1343 1032
f 1673 790 1032
f 816 343 1399
f 343 816 1898
f 359 816 1399
f 1924 816 883
f 816 1924 1898
f 816 230 883
f 230 816 359
f 1877 303 1759
f 303 1373 1759
f 395 928 1543
f 1847 928 395
f 928 682 1543
f 381 591 1121
f 591 1847 1121
f 928 591 381
f 591 928 1847
f 1566 404 260
f 874 1566 42
f 1566 260 42
f 607 434 395
f 434 1433 1759
f 1373 434 1759
f 434 1373 395
f 1167 1993 883
f 293 1993 1167
f 1924 186 1898
f 186 293 723
f 186 1993 293
f 61 186 723
f 186 61 1898
f 1423 984 346
f 984 1666 346
f 174 984 1423
f 984 174 1666
f 1666 174 1439
f 174 1854 1439
f 174 1634 1854
f 1634 174 687
f 687 44 253
f 44 1469 253
f 1469 44 1399
f 1065 174 1423
f 174 1065 687
f 1065 1423 359
f 1945 1065 359
f 1895 828 1554
f 828 31 1554
f 828 1070 31
f 1452 1752 63
f 474 1452 63
f 1452 1700 1752
f 1700 1452 474
f 907 474 1260
f 907 1700 474
f 682 907 1260
f 928 907 682
f 1700 907 381
f 907 928 381
f 361 1293 456
f 1234 361 456
f 1293 361 1382
f 1382 361 849
f 811 199 238
f 366 199 811
f 199 366 1864
f 1404 199 1864
f 199 1404 238
f 1872 1859 962
f 1859 1031 77
f 1031 1859 1784
f 639 1859 77
f 1859 639 962
f 866 1404 1963
f 866 1787 1404
f 820 866 1963
f 1787 866 820
f 1647 1671 1988
f 1671 501 950
f 1671 1647 827
f 1671 1340 1988
f 1340 1671 950
f 762 1671 851
f 1671 762 514
f 501 1671 514
f 1671 1930 851
f 1930 1671 827
f 242 487 385
f 487 242 189
f 487 189 1819
f 337 487 1819
f 487 337 385
f 1830 504 1928
f 504 242 1928
f 504 1830 1860
f 242 504 1860
f 10 1153 189
f 10 189 1860
f 364 10 1860
f 10 364 433
f 1153 10 1578
f 1578 10 1837
f 10 433 1837
f 670 1643 1909
f 85 670 1909
f 670 643 901
f 670 85 643
f 1022 737 1534
f 737 1285 1534
f 695 737 900
f 1285 737 695
f 252 1668 1160
f 1668 423 1307
f 1926 1668 1307
f 1160 1668 1926
f 1209 1076 358
f 153 1209 358
f 1076 1209 1701
f 1209 153 1701
f 1158 153 1229
f 1442 1158 1229
f 153 1158 838
f 1158 1442 838
f 296 1926 1020
f 1904 296 1020
f 1926 296 1430
f 296 1904 1430
f 483 1677 1696
f 1677 82 1696
f 80 1677 1604
f 1677 483 1604
f 1677 80 1743
f 82 1677 1743
f 483 1358 130
f 1358 483 1696
f 586 1358 1696
f 1778 1301 1072
f 134 848 1743
f 955 848 134
f 848 609 1743
f 609 848 1072
f 891 671 1422
f 1023 46 1807
f 1023 460 488
f 1023 1807 460
f 332 13 1870
f 13 332 1137
f 154 13 496
f 13 1137 496
f 1549 1851 1568
f 1851 1549 1870
f 671 1549 1568
f 1549 671 891
f 1549 891 690
f 1549 332 1870
f 1549 690 472
f 332 1549 472
f 1814 1422 1402
f 1814 891 1422
f 1646 1814 1402
f 1814 1646 136
f 690 1814 136
f 891 1814 690
f 98 1135 1371
f 1135 98 1156
f 282 1135 1156
f 1135 282 1975
f 1482 1135 1975
f 885 939 993
f 1520 1328 1472
f 1328 1377 1472
f 1328 1520 1168
f 1254 1328 1168
f 1168 402 1414
f 245 402 1168
f 948 892 1168
f 892 245 1168
f 892 948 1524
f 1021 1690 948
f 1161 1021 948
f 1690 1021 1128
f 1021 179 1128
f 1021 1161 179
f 573 803 1585
f 573 1856 803
f 712 573 1585
f 1856 573 712
f 847 842 1113
f 842 396 1113
f 842 341 1846
f 341 842 847
f 355 45 397
f 45 396 397
f 396 45 1071
f 45 224 1071
f 224 45 291
f 45 1827 291
f 45 355 1827
f 697 1937 360
f 1937 564 96
f 1937 697 564
f 110 1937 96
f 325 1937 1126
f 1937 325 360
f 1937 1184 1126
f 1184 1937 110
f 171 141 1227
f 141 171 472
f 1873 697 1691
f 697 1873 1227
f 1940 1873 1691
f 1873 1940 571
f 1873 171 1227
f 171 1873 1962
f 748 248 1976
f 248 748 571
f 748 1873 571
f 1873 748 1962
f 1501 740 571
f 740 248 571
f 996 289 777
f 289 1431 777
f 255 289 217
f 1431 289 255
f 510 424 854
f 1401 424 510
f 854 424 669
f 356 424 1589
f 669 424 356
f 1401 990 62
f 990 1401 510
f 62 990 1347
f 990 1702 1347
f 990 167 1702
f 167 990 510
f 1086 603 446
f 1086 1595 603
f 1595 1086 1007
f 1086 1648 1007
f 62 1086 446
f 1150 1800 704
f 1800 1150 1401
f 1150 704 489
f 1015 1800 603
f 1015 1192 106
f 1015 603 1192
f 704 1015 106
f 1800 1015 704
f 1899 143 720
f 143 1899 882
f 1212 1899 720
f 1899 1212 1258
f 1899 1258 1934
f 882 1899 1934
f 300 1556 1319
f 1556 300 965
f 882 1556 965
f 1556 882 1105
f 875 1556 1105
f 1319 1556 875
f 1900 1424 1386
f 1900 601 115
f 601 1900 1386
f 911 1900 115
f 1900 911 1426
f 272 932 59
f 932 272 785
f 785 272 709
f 272 300 709
f 965 272 59
f 300 272 965
f 1726 1453 407
f 932 1726 407
f 1726 932 69
f 1726 69 1130
f 1453 1726 1130
f 1834 1429 1613
f 148 1429 519
f 1613 1429 148
f 184 1318 1990
f 184 1834 1318
f 1519 184 1990
f 184 678 519
f 184 1519 678
f 1429 184 519
f 184 1429 1834
f 788 1027 523
f 1027 246 523
f 1064 916 397
f 916 1064 1786
f 1573 1064 397
f 1786 1064 1573
f 335 714 868
f 714 1922 868
f 714 1481 1922
f 714 335 182
f 1481 714 182
f 1992 1489 104
f 1489 1992 30
f 1489 30 1951
f 751 1489 1951
f 1489 751 104
f 1817 644 1895
f 1817 1895 1554
f 1460 1817 1554
f 641 1055 1147
f 802 641 1147
f 76 517 1303
f 517 722 1303
f 517 1901 150
f 722 517 150
f 614 1082 583
f 1082 614 647
f 614 583 462
f 647 614 462
f 1811 826 1107
f 1811 1383 826
f 534 1811 1107
f 1383 1811 534
f 191 319 1079
f 1395 319 1144
f 1079 319 1395
f 319 1383 1144
f 1383 319 826
f 319 191 826
f 668 1142 629
f 1142 675 629
f 1142 191 1079
f 675 1142 1079
f 499 1079 1395
f 499 401 1079
f 1420 401 1117
f 1420 1117 1262
f 780 1420 1262
f 1420 780 1045
f 328 787 1891
f 787 328 1658
f 787 1658 389
f 1271 787 389
f 787 1271 1891
f 1181 1300 371
f 1300 789 371
f 1300 1181 1088
f 789 1300 1088
f 1943 664 1009
f 664 1088 1009
f 664 789 1088
f 789 336 371
f 1715 336 1943
f 336 664 1943
f 664 336 789
f 336 1715 484
f 371 336 484
f 1253 1231 1375
f 1375 1231 1276
f 1231 97 1276
f 1231 1642 97
f 865 1099 1526
f 691 865 1526
f 770 459 516
f 770 1081 459
f 770 516 1145
f 1269 1141 485
f 582 1269 485
f 1141 1269 241
f 1269 582 241
f 326 1444 1936
f 1444 243 1936
f 1444 326 216
f 1444 216 1199
f 924 1444 1199
f 243 1444 924
f 422 1232 1529
f 422 698 1103
f 698 422 1529
f 118 422 1103
f 422 118 796
f 1232 422 796
f 1324 992 532
f 532 992 1581
f 1581 992 1843
f 992 1622 1843
f 731 1080 1152
f 1080 731 628
f 1622 1080 628
f 991 109 124
f 54 991 124
f 846 159 1
f 846 509 159
f 1738 379 1238
f 379 1738 656
f 509 379 656
f 379 846 1238
f 846 379 509
f 1428 656 1841
f 1428 509 656
f 297 1428 1088
f 1088 1428 1009
f 1428 1841 1009
f 408 535 159
f 509 408 159
f 78 83 829
f 1513 83 78
f 829 83 1565
f 83 1513 427
f 237 83 427
f 83 237 540
f 53 83 540
f 83 53 1565
f 376 1999 668
f 1999 1480 1287
f 1999 376 333
f 1480 1999 333
f 1999 1142 668
f 191 1999 1287
f 1142 1999 191
f 225 1897 1379
f 225 53 1897
f 225 1379 1565
f 53 225 1565
f 1890 637 216
f 169 1890 283
f 1890 1659 283
f 1659 1890 216
f 1342 1882 626
f 1882 1342 1793
f 1882 235 626
f 1882 1664 235
f 1664 1882 1793
f 185 1502 1793
f 1342 185 1793
f 185 1342 637
f 1890 185 637
f 478 1632 632
f 478 1664 1632
f 478 632 299
f 1664 478 235
f 995 478 299
f 478 995 235
f 1321 1299 149
f 1299 1321 648
f 229 1299 648
f 1299 229 1569
f 779 274 166
f 274 400 166
f 274 779 1493
f 1360 274 1493
f 274 1360 1195
f 400 274 1051
f 109 274 1195
f 274 109 1051
f 602 330 1547
f 400 330 602
f 1432 1840 807
f 1840 1110 486
f 807 1840 486
f 1110 1840 1133
f 1840 1432 1133
f 1062 515 1981
f 1062 1432 515
f 1062 1981 1133
f 1432 1062 1133
f 672 365 1598
f 365 672 1575
f 365 554 1598
f 1075 915 1045
f 1075 1915 915
f 1110 1075 1045
f 1075 1110 1133
f 441 1075 1133
f 1915 1075 441
f 1333 1204 887
f 1204 1333 1733
f 312 1514 887
f 103 1514 312
f 1514 103 1733
f 1514 1333 887
f 1333 1514 1733
f 1204 1596 623
f 1596 1204 1733
f 1596 857 623
f 1596 1733 37
f 1582 1596 37
f 1026 1405 1604
f 1405 1026 1503
f 198 1405 1503
f 1405 198 134
f 80 1405 134
f 1405 80 1604
f 1447 1254 102
f 285 1447 102
f 1447 285 1380
f 1646 482 304
f 482 247 304
f 247 482 1865
f 482 198 1266
f 198 482 1646
f 1503 663 1266
f 1026 663 1503
f 285 663 1026
f 271 482 1266
f 663 271 1266
f 271 663 1024
f 1682 1024 398
f 1682 271 1024
f 482 1682 1865
f 271 1682 482
f 1765 1254 993
f 1254 1765 102
f 939 1765 993
f 247 1239 398
f 1239 247 1865
f 1239 1682 398
f 1682 1239 1865
f 585 1061 1175
f 585 1966 1061
f 1448 585 1175
f 4 585 1448
f 1966 585 4
f 1477 329 769
f 237 329 540
f 329 237 769
f 1656 292 119
f 1656 1331 292
f 1331 1656 1755
f 1656 119 461
f 1755 1656 461
f 292 927 954
f 1089 927 292
f 1341 1649 855
f 1649 1272 855
f 94 1649 1341
f 1272 1649 183
f 1649 1057 183
f 1057 1649 767
f 1600 94 1106
f 574 1600 1106
f 1600 574 147
f 1600 1649 94
f 767 1600 147
f 1649 1600 767
f 206 1483 1074
f 1483 187 1074
f 1483 1512 193
f 1483 206 1512
f 187 1483 774
f 1483 1583 774
f 1483 193 576
f 1583 1483 576
f 552 782 1958
f 1245 782 1056
f 782 454 1056
f 782 99 454
f 782 552 99
f 1958 1210 1280
f 782 1210 1958
f 1210 782 1245
f 12 1744 1960
f 1109 1440 203
f 279 1050 1837
f 1286 181 1162
f 181 279 1322
f 181 1348 429
f 181 1286 1348
f 1498 1667 138
f 138 1667 1426
f 1424 1667 146
f 1667 1498 146
f 1667 1900 1426
f 1900 1667 1424
f 1498 584 1388
f 584 1498 138
f 1041 584 138
f 1388 584 801
f 584 1041 801
f 477 1877 1162
f 477 303 1877
f 404 563 1543
f 1566 563 404
f 563 874 1543
f 563 1566 874
f 434 1553 1433
f 1553 434 607
f 1553 280 1433
f 280 1553 874
f 1553 607 874
f 768 186 1924
f 186 768 1993
f 768 1924 883
f 1993 768 883
f 1316 44 687
f 1065 1316 687
f 1316 1065 1945
f 1316 1945 1399
f 44 1316 1399
f 1304 828 1895
f 828 1304 888
f 1304 1895 129
f 888 1304 129
f 1918 828 888
f 1918 705 1188
f 1070 1918 1188
f 828 1918 1070
f 1918 764 705
f 764 1918 129
f 1918 888 129
f 392 361 1234
f 799 392 1485
f 392 1234 1485
f 392 799 849
f 361 392 849
f 1991 1872 979
f 1991 1859 1872
f 791 695 1643
f 670 791 1643
f 791 670 901
f 1285 791 901
f 791 1285 695
f 48 1022 951
f 48 737 1022
f 48 951 900
f 425 252 1377
f 425 1668 252
f 1358 1571 130
f 1668 1571 423
f 1571 586 423
f 1571 1358 586
f 1571 1346 130
f 214 1778 1568
f 1851 214 1568
f 214 13 154
f 214 1851 1870
f 13 214 1870
f 1215 214 154
f 214 1215 1778
f 1301 1839 856
f 1778 1839 1301
f 1215 1839 1778
f 1839 154 856
f 1839 1215 154
f 848 1499 1072
f 1499 848 955
f 1499 1778 1072
f 671 18 1422
f 1778 18 1568
f 18 671 1568
f 1422 18 134
f 18 955 134
f 1023 1039 46
f 46 1039 1063
f 1048 1039 1441
f 1039 1048 1063
f 551 423 1441
f 1039 551 1441
f 551 1039 1216
f 423 551 1307
f 551 1926 1307
f 1926 551 1020
f 1403 1230 1371
f 1135 1403 1371
f 1230 1403 885
f 1884 1135 1482
f 1024 1044 398
f 398 1044 1208
f 1765 1044 1024
f 1044 1765 939
f 1044 1482 1208
f 1044 1884 1482
f 1884 1044 939
f 1268 1346 1377
f 1328 1268 1377
f 1268 1447 1380
f 1268 1328 1254
f 1447 1268 1254
f 483 1268 1380
f 1346 1268 130
f 1268 483 130
f 41 223 692
f 367 223 41
f 892 978 245
f 223 978 692
f 692 978 1524
f 978 892 1524
f 842 1237 396
f 1237 1573 397
f 396 1237 397
f 1573 1237 1846
f 1237 842 1846
f 987 1616 472
f 171 987 472
f 987 1976 1616
f 987 748 1976
f 987 171 1962
f 748 987 1962
f 1648 1948 1501
f 1948 740 1501
f 1086 1948 1648
f 1948 62 1473
f 1948 1086 62
f 1327 289 996
f 1434 1327 1606
f 1327 996 1606
f 1327 1434 217
f 289 1327 217
f 557 424 1401
f 1150 557 1401
f 424 557 1589
f 557 489 1589
f 557 1150 489
f 1874 1917 1750
f 1917 1874 1858
f 1874 788 1858
f 1748 1874 331
f 1874 1750 331
f 246 1381 1748
f 1381 1874 1748
f 1055 1741 275
f 1817 1741 1055
f 1741 1460 275
f 1741 1817 1460
f 405 802 644
f 405 641 802
f 1817 405 644
f 405 1817 1055
f 641 405 1055
f 500 517 76
f 500 1906 942
f 500 76 1906
f 1901 500 942
f 517 500 1901
f 700 1395 7
f 700 499 1395
f 700 7 1290
f 1117 700 1290
f 401 700 1117
f 499 700 401
f 531 675 1079
f 675 531 1045
f 1642 752 691
f 752 865 691
f 752 507 202
f 1099 16 766
f 865 16 1099
f 16 703 766
f 1366 1680 982
f 1366 1669 1680
f 721 1253 1601
f 721 507 1253
f 507 721 417
f 721 522 417
f 522 721 1601
f 770 913 1081
f 807 913 221
f 1081 913 807
f 221 913 1145
f 913 770 1145
f 992 24 1622
f 24 1080 1622
f 1080 24 1152
f 109 952 1051
f 991 952 109
f 952 1996 1051
f 1996 952 1
f 1332 1428 297
f 1428 1332 509
f 1332 408 509
f 1502 547 169
f 547 1890 169
f 185 547 1502
f 547 185 1890
f 1710 1299 1569
f 1511 1710 1569
f 1989 1710 1511
f 1710 1989 149
f 1299 1710 149
f 305 400 636
f 305 330 400
f 305 636 823
f 1686 305 823
f 305 1686 1547
f 330 305 1547
f 384 1575 120
f 384 365 1575
f 554 384 120
f 365 384 554
f 1596 1090 857
f 1090 1596 1582
f 1090 1582 736
f 1090 736 938
f 197 1090 938
f 1090 197 241
f 857 1090 241
f 663 1356 1024
f 1356 1765 1024
f 1765 1356 102
f 1356 285 102
f 1356 663 285
f 1892 1477 1548
f 1892 329 1477
f 1892 1548 540
f 329 1892 540
f 1390 1903 954
f 927 1390 954
f 239 1109 203
f 412 239 203
f 518 239 412
f 1744 1766 1960
f 1766 956 1960
f 350 1766 183
f 1766 1744 183
f 541 1245 1736
f 1272 541 1736
f 12 541 1744
f 541 1272 183
f 1744 541 183
f 512 12 1960
f 956 512 1960
f 1440 70 203
f 203 70 1837
f 70 279 1837
f 298 70 1440
f 279 70 1322
f 70 298 1322
f 1050 65 429
f 65 181 429
f 279 65 1050
f 181 65 279
f 1859 1219 1784
f 1991 1219 1859
f 756 1219 1018
f 1784 1219 756
f 1219 979 1018
f 737 831 900
f 831 48 900
f 48 831 737
f 425 964 1668
f 1571 964 1346
f 964 1571 1668
f 1346 964 1377
f 964 425 1377
f 93 1499 955
f 1499 93 1778
f 18 93 955
f 93 18 1778
f 1039 348 1216
f 348 1023 488
f 348 1039 1023
f 348 1785 1020
f 551 348 1020
f 348 551 1216
f 204 348 488
f 1785 348 204
f 1403 1418 885
f 1418 939 885
f 1418 1884 939
f 1418 1403 1135
f 1884 1418 1135
f 1223 402 245
f 978 1223 245
f 1223 978 223
f 402 1223 1414
f 1223 367 1414
f 1223 223 367
f 821 1948 1473
f 1948 821 740
f 740 821 248
f 821 1473 1464
f 248 821 1464
f 1027 1207 246
f 1207 1381 246
f 1381 595 1874
f 595 1027 788
f 1874 595 788
f 595 1207 1027
f 1207 595 1381
f 401 1478 1079
f 1478 531 1079
f 1420 1478 401
f 507 1674 1253
f 1231 1674 1642
f 1674 1231 1253
f 1713 752 202
f 752 1713 865
f 1713 16 865
f 1812 1387 202
f 1387 1713 202
f 1713 1387 16
f 1757 982 244
f 1757 1366 982
f 1366 1757 1812
f 1757 1387 1812
f 1680 1249 1465
f 1249 1669 1465
f 1669 1249 1680
f 824 1885 1465
f 1669 824 1465
f 1885 824 417
f 824 1366 1812
f 824 1669 1366
f 1697 1812 202
f 507 1313 202
f 442 1313 507
f 1313 1697 202
f 1697 1313 442
f 1594 992 1324
f 1594 24 992
f 1594 1324 772
f 11 1594 772
f 1594 11 1510
f 1152 1594 1510
f 24 1594 1152
f 1818 991 54
f 1818 952 991
f 1818 846 1
f 952 1818 1
f 1332 708 408
f 708 55 1425
f 205 927 1089
f 205 1390 927
f 205 237 427
f 205 1089 237
f 1390 205 1903
f 116 205 427
f 205 333 1903
f 333 205 116
f 1790 12 1109
f 1790 541 12
f 541 1790 1245
f 1790 1210 1245
f 755 1766 350
f 1766 755 956
f 755 350 1121
f 12 1176 1109
f 512 1176 12
f 477 1563 303
f 1092 512 956
f 1092 755 1121
f 755 1092 956
f 1373 1092 1121
f 121 1991 979
f 1219 121 979
f 121 1219 1991
f 1515 1478 1420
f 1478 1515 531
f 1515 1420 1045
f 531 1515 1045
f 752 1189 507
f 1189 1674 507
f 1189 752 1642
f 1674 1189 1642
f 1191 1757 244
f 880 1191 244
f 1191 880 703
f 1757 1191 1387
f 16 1191 703
f 1387 1191 16
f 824 897 417
f 897 507 417
f 897 442 507
f 897 1697 442
f 897 824 1812
f 1697 897 1812
f 58 1818 54
f 1818 58 846
f 58 54 1238
f 846 58 1238
f 786 1332 297
f 786 708 1332
f 708 786 55
f 1590 786 297
f 786 1590 55
f 708 566 408
f 535 566 1349
f 408 566 535
f 1349 566 1425
f 566 708 1425
f 239 1155 1109
f 1155 1790 1109
f 1155 239 518
f 1155 518 1280
f 1210 1155 1280
f 1790 1155 1210
f 949 1440 1109
f 1176 949 1109
f 949 298 1440
f 298 949 1322
f 444 477 1162
f 444 1563 477
f 1100 1092 1373
f 303 1100 1373
f 1563 1100 303
f 181 1305 1162
f 1305 181 1322
f 949 1523 1322
f 1523 1305 1322
f 1914 949 1176
f 1914 1523 949
f 1914 1176 512
f 1523 1935 1305
f 1935 444 1162
f 1305 1935 1162
f 1914 1935 1523
f 1935 1914 512
f 1092 1935 512
f 1100 1935 1092
f 444 1935 1563
f 1935 1100 1563
o Cracks
v -14.17218690320488 -8.92036137793141 0.1
v -15.398089943440006 -7.468509961912199 0.1
v -15.492963413096856 -8.57743277662128 0.1
v -14.10996457130401 -8.74575040254632 0.1
v -15.261530991226188 -7.3024957626304055 0.1
l 2001 2002 2003 2004 2005
v -10.37171662781981 -7.3555105908554745 0.1
v -11.004146212311609 -7.50082118857849 0.1
v -11.625448818420454 -7.450532222184249 0.1
v -10.348078039734988 -6.829496910051613 0.1
v -10.420923412595073 -8.214693700417296 0.1
l 2006 2007 2008 2009 2010
v -6.268708091142923 -7.354529572907122 0.1
v -6.313304405698312 -7.808274769585735 0.1
v -5.64070741646335 -6.155906258986569 0.1
v -6.755245941148548 -7.2246542596484655 0.1
v -5.919259790859647 -7.29059863840291 0.1
l 2011 2012 2013 2014 2015
v -2.021290386633523 -4.468870737910878 0.1
v -1.2114147569125606 -4.8832006087091075 0.1
v -2.8951601142224983 -3.9076951526196635 0.1
v -2.3974414109548823 -4.444820451077748 0.1
v -2.7469015917622928 -3.860406227206 0.1
l 2016 2017 2018 2019 2020
v -3.9224683962396885 1.1884269026628071 0.1
v -3.826662625061764 2.5626565714339122 0.1
v -3.6614535322770037 1.514006313670013 0.1
v -3.3580285173031448 2.4152288698744955 0.1
v -3.407515631257491 2.1962671223055974 0.1
l 2021 2022 2023 2024 2025
v 7.2822214620913375 -13.36487408780026 0.1
v 8.53461865641539 -13.388162113825693 0.1
v 8.381584111515604 -13.872124622839943 0.1
v 8.785646146269222 -12.992893527171965 0.1
v 7.982780811342854 -13.359952979862552 0.1
l 2026 2027 2028 2029 2030
v -4.4974981908793925 5.803581560078991 0.1
v -4.785990013138894 6.526598840280957 0.1
v -3.5351803557313604 5.392847081170553 0.1
v -3.8837474130340697 6.286505543477192 0.1
v -3.633419640619334 6.070731033433543 0.1
l 2031 2032 2033 2034 2035
v -4.581456243548386 -4.402447823514157 0.1
v -3.9342666807710573 -4.5501409460603455 0.1
v -5.794359678924128 -2.948447558832189 0.1
v -4.836250587969884 -2.865626770110109 0.1
v -5.564823248416166 -2.6161253935396047 0.1
l 2036 2037 2038 2039 2040
v -3.7795661633283437 -11.231996850045064 0.1
v -3.761559629843822 -10.491397753353898 0.1
v -2.708213511660616 -10.519586937868485 0.1
v -2.673579903018604 -11.687265127952491 0.1
v -2.92321106716558 -11.819383216421159 0.1
l 2041 2042 2043 2044 2045
v -10.019494491895397 -11.368185457595688 0.1
v -10.73153228708276 -11.316402510035944 0.1
v -10.21531284111534 -11.213062780544046 0.1
v -9.628718506962604 -10.861292960975018 0.1
v -10.31821950720447 -11.359286855894016 0.1
l 2046 2047 2048 2049 2050
v 7.225855913519429 -14.023762840724917 0.1
v 6.591384174016877 -14.144727974675328 0.1
v 6.2898176477510575 -15.335235775893988 0.1
v 7.015281262579705 -13.459457271967741 0.1
v 5.783390406306302 -15.008010882567842 0.1
l 2051 2052 2053 2054 2055
v 1.0349745887310446 -13.638330880587665 0.1
v 1.615201878925133 -15.245485145458199 0.1
v 0.7035830029569015 -14.098403872337803 0.1
v 0.7598314781791693 -13.430530279372032 0.1
v 2.0652508831542766 -13.886696287128101 0.1
l 2056 2057 2058 2059 2060
v 3.1055940080893456 -1.8335985378774868 0.1
v 2.031439740761066 -1.8723196808779297 0.1
v 2.73902143804053 -0.7574906323231465 0.1
v 2.398456220979199 -2.0131327614639787 0.1
v 2.1095521785674465 -1.749632097603703 0.1
l 2061 2062 2063 2064 2065
v -4.236910993609475 -1.9568021437507488 0.1
v -4.374831909259352 -1.9956321658032077 0.1
v -5.723855221663767 -0.11216888942499192 0.1
v -5.73418042663751 -1.2274490194438565 0.1
v -5.43714195785967 -1.2644401272094015 0.1
l 2066 2067 2068 2069 2070
v 1.3236018609501587 9.604013112889977 0.1
v 0.7863126114481265 11.088933520932915 0.1
v 0.6520836075695831 9.626363206859374 0.1
v 2.1530627017296027 9.578673316027697 0.1
v 1.8449715031843552 9.506145151248239 0.1
l 2071 2072 2073 2074 2075
v -5.7926756953576755 5.108299002090076 0.1
v -5.502798698376265 6.427134764581453 0.1
v -5.060576379726995 5.430173765472193 0.1
v -6.433579925107303 5.943941762789381 0.1
v -6.236278977715507 5.507030779856409 0.1
l 2076 2077 2078 2079 2080
v -11.794253171671974 -6.147398317791806 0.1
v -13.169337941426255 -6.137683861578649 0.1
v -12.458487274776827 -6.221823309058517 0.1
v -12.359240603701801 -6.963821550143135 0.1
v -12.118588886402168 -7.247726925058943 0.1
l 2081 2082 2083 2084 2085
v 10.067193645499978 9.01287230400196 0.1
v 9.427147657132792 8.461828987331312 0.1
v 8.419622253550287 8.920453690786317 0.1
v 9.275994071072322 8.049195681429989 0.1
v 8.826336362874187 8.111331048014874 0.1
l 2086 2087 2088 2089 2090
v 9.701421849943642 -13.853097550199665 0.1
v 10.12208376583736 -12.916138507063062 0.1
v 10.209656880760232 -12.812554347722905 0.1
v 9.345641534030504 -13.81244128774647 0.1
v 11.063285296168065 -12.896132391331115 0.1
l 2091 2092 2093 2094 2095
v 10.31678334706222 -14.097894918864771 0.1
v 10.567620258767484 -13.214099369749082 0.1
v 9.270454007829454 -13.228099569144376 0.1
v 9.237447768776564 -14.348889805241411 0.1
v 9.640987188569623 -13.755309668555572 0.1
l 2096 2097 2098 2099 2100
v 4.8488222214977545 -1.5875077001186724 0.1
v 4.032843444014199 -1.4026453588834091 0.1
v 4.411417164977931 -1.199582903810891 0.1
v 4.05574289932248 -0.8668023625818448 0.1
v 4.3411946955134795 -2.4790677810800754 0.1
l 2101 2102 2103 2104 2105
v -0.4191467486666818 -13.386299756042424 0.1
v -0.6633241753635928 -13.406365692677996 0.1
v -0.8012814216825301 -11.997163036743089 0.1
v 0.6750520858282743 -12.426887635897248 0.1
v -0.8106739151827556 -11.890905223144799 0.1
l 2106 2107 2108 2109 2110
v -4.587984383352242 1.0071991788296262 0.1
v -6.050598020207506 0.9460138784268155 0.1
v -6.171002414045936 0.11911340166106776 0.1
v -4.724520593766389 0.7838856667602727 0.1
v -4.782765923554009 -0.20670503373378568 0.1
l 2111 2112 2113 2114 2115
v -3.088758961166688 6.231359906984641 0.1
v -2.231277151674939 7.178337315445724 0.1
v -2.084917699869332 7.414795278952006 0.1
v -2.846313551652258 5.602914431897108 0.1
v -2.6973583149227958 5.541635421918722 0.1
l 2116 2117 2118 2119 2120
v -0.35642242869381846 -8.816924372652794 0.1
v 0.3421833317376066 -7.6991586499224365 0.1
v 0.3567927095976986 -8.41710981718824 0.1
v 0.3836408066618484 -8.616092839271143 0.1
v 0.7282842474274855 -8.28887312494019 0.1
l 2121 2122 2123 2124 2125
v -10.99206375004557 -2.0400276007684406 0.1
v -11.567866631254345 -1.7999135823132024 0.1
v -11.281395322790072 -0.9681512858966619 0.1
v -10.711192711887694 -1.3342960639476462 0.1
v -11.092802809817792 -1.2880870039604722 0.1
l 2126 2127 2128 2129 2130
v 4.303656373827907 -13.936165209274321 0.1
v 3.575016715752967 -14.000086283082743 0.1
v 3.463033438946769 -13.97120263082871 0.1
v 3.517661111109412 -12.326410512883559 0.1
v 3.920169154215947 -12.238152011138352 0.1
l 2131 2132 2133 2134 2135
v -3.295796789835892 -4.654791578126247 0.1
v -3.1111180595192813 -4.977668558162292 0.1
v -2.2239017976802353 -5.218218280487833 0.1
v -2.4104768399387257 -4.475645591681255 0.1
v -2.0878311423440725 -4.222408935444802 0.1
l 2136 2137 2138 2139 2140
v -1.3317647905956955 -5.679250097440095 0.1
v -0.7288968533007913 -5.62886239730551 0.1
v -2.1135623571296525 -6.6719634483501125 0.1
v -1.8781189338710056 -6.710483190963849 0.1
v -2.1555099169518677 -6.511082088885086 0.1
l 2141 2142 2143 2144 2145
v -1.3116476748172516 8.534057096514534 0.1
v -0.5931960142919741 8.529902158223921 0.1
v -0.7481026870132879 9.395626804745158 0.1
v -1.2074678346960828 8.2534371967478 0.1
v -0.49873163647858454 9.643665138917486 0.1
l 2146 2147 2148 2149 2150
v 5.753633568961843 -3.057056904185946 0.1
v 4.986992617892597 -2.0932232535935906 0.1
v 5.5408497547520685 -1.827784590899023 0.1
v 6.22822696033246 -2.8410318038106315 0.1
v 5.9511242679273835 -2.5903613875470564 0.1
l 2151 2152 2153 2154 2155
v -12.340421663682724 13.87514381808468 0.1
v -12.150988999161676 13.956709925124406 0.1
v -11.87216636384724 13.313740947639662 0.1
v -13.467226709221096 14.871597506600034 0.1
v -12.476098377463495 15.235669136116357 0.1
l 2156 2157 2158 2159 2160
v 10.657018553976087 4.470763573784899 0.1
v 10.293725596687176 6.061115050928056 0.1
v 10.857352479519394 5.805424619530348 0.1
v 9.8973161477371 5.650984876019955 0.1
v 10.480082298544444 5.488573369126891 0.1
l 2161 2162 2163 2164 2165
v 4.758737253291246 -14.523188967016422 0.1
v 3.2879185219533724 -13.269256613522655 0.1
v 3.4725734822785697 -14.531861094658371 0.1
v 4.140764931185288 -14.661930873748819 0.1
v 3.6713570557093806 -13.895408214774694 0.1
l 2166 2167 2168 2169 2170
v -6.038987595343356 -3.2311357154069746 0.1
v -5.540443561819562 -3.5153305098353123 0.1
v -5.581478852918069 -3.634769730887067 0.1
v -5.385826466936368 -2.7313529833943395 0.1
v -5.420015594295107 -3.8826667278445695 0.1
l 2171 2172 2173 2174 2175
v -9.165407811899222 -14.254910578713014 0.1
v -9.122635051511017 -12.991460869936237 0.1
v -8.64260201599962 -13.560925638076547 0.1
v -8.298070096938465 -13.382261648156017 0.1
v -7.869113474476573 -12.872987498064035 0.1
l 2176 2177 2178 2179 2180
v 15.058457598234897 -14.03429832824453 0.1
v 14.913814695388012 -14.53802646942496 0.1
v 14.165230608698275 -13.718337656549341 0.1
v 15.055272010111759 -13.189526743183665 0.1
v 15.149166944127566 -13.378154121933127 0.1
l 2181 2182 2183 2184 2185
v 5.75492297951873 10.811719309966893 0.1
v 4.680223719033812 10.982321430675388 0.1
v 5.860518570944318 10.016345081189893 0.1
v 6.433603937856572 10.944851710402595 0.1
v 4.969664153836757 10.686354641659836 0.1
l 2186 2187 2188 2189 2190
v 2.79957192679315 -4.084541142856611 0.1
v 2.4282862583906324 -2.9987588747657634 0.1
v 1.5253654137103132 -3.7556688024437017 0.1
v 1.9813447143219038 -4.046624938018139 0.1
v 2.4834825569237164 -3.149382124679331 0.1
l 2191 2192 2193 2194 2195
v 13.814919458741983 -2.0363035999272254 0.1
v 13.981805188193693 -1.7259314354924442 0.1
v 14.105044225149442 -0.7989301141536898 0.1
v 14.29178988488314 -2.25838795881496 0.1
v 13.799301788231388 -1.3741235038026527 0.1
l 2196 2197 2198 2199 2200
v 8.946383028662739 -7.835205939421694 0.1
v 10.563556766272562 -7.691658642856433 0.1
v 9.581919941598946 -7.610913451685452 0.1
v 9.783169756564881 -6.186317107661404 0.1
v 9.967734936105995 -8.079674770187266 0.1
l 2201 2202 2203 2204 2205
v -3.8485106795694435 8.246348642932347 0.1
v -4.247858272325917 8.093864232674836 0.1
v -4.924218228420478 7.844838271496429 0.1
v -4.9705816409345704 9.584688684739733 0.1
v -4.504641521004546 7.909129917774839 0.1
l 2206 2207 2208 2209 2210
v -9.014928210662802 14.339487118205334 0.1
v -8.442262458784 14.028580187257203 0.1
v -8.765966069193908 12.725665269423596 0.1
v -9.746959008246838 13.51508362176715 0.1
v -9.27745806456668 12.900218139506482 0.1
l 2211 2212 2213 2214 2215
v 4.562029227699522 6.263470205963826 0.1
v 4.762562671015542 6.657347534095049 0.1
v 5.729130327707626 5.973660082908358 0.1
v 5.953001659053694 6.496803654764273 0.1
v 4.563774900441324 7.739803053159205 0.1
l 2216 2217 2218 2219 2220
v -10.70813912246249 14.36791876171485 0.1
v -10.891661044434723 14.274929184099896 0.1
v -10.561984817027863 13.444862470494376 0.1
v -10.31079947453047 13.804591939602414 0.1
v -10.619291312673388 12.79080582733113 0.1
l 2221 2222 2223 2224 2225
v -6.1108736986072865 14.455311497211207 0.1
v -6.474179220291533 15.1708360098092 0.1
v -5.2908397378495335 15.651911969932858 0.1
v -4.946027801980303 15.385795815154301 0.1
v -5.812594755891771 14.391517775133355 0.1
l 2226 2227 2228 2229 2230
v -3.6404359450871975 -11.683408154178492 0.1
v -2.9149215549107055 -11.796979723876158 0.1
v -2.5967007144887484 -12.488561339858851 0.1
v -3.4026583612092196 -11.7225015627156 0.1
v -4.056941811885169 -11.448985039725436 0.1
l 2231 2232 2233 2234 2235
v -6.103181219549047 -6.252431684394814 0.1
v -6.202338066664007 -4.837101045997374 0.1
v -4.52965612231743 -5.173176593901358 0.1
v -5.583690721043201 -6.481369684162085 0.1
v -5.996075420130178 -5.377708087606667 0.1
l 2236 2237 2238 2239 2240
v -4.3611110275633145 7.900175510485617 0.1
v -5.221071658358294 8.76128887396933 0.1
v -5.485642569768942 7.182219247416368 0.1
v -4.058632526816458 8.368045563857244 0.1
v -5.785850869034208 8.113506496298042 0.1
l 2241 2242 2243 2244 2245
v -13.65281022354624 4.233937242887517 0.1
v -14.313600496176795 3.3507103556894626 0.1
v -15.441924526013867 3.269609110790922 0.1
v -15.534189072500176 5.246823254965811 0.1
v -13.809337648227466 4.960783948082285 0.1
l 2246 2247 2248 2249 2250
v -12.859497049699593 -6.66934704344359 0.1
v -14.264251556874113 -6.426526442078343 0.1
v -13.170369385607628 -6.506157884593213 0.1
v -14.294821779580003 -7.105935181158326 0.1
v -13.538616402092687 -6.887147325454563 0.1
l 2251 2252 2253 2254 2255
v 13.192626263332945 13.799480368651698 0.1
v 13.169835782534307 13.516093690651516 0.1
v 13.751293047178311 14.479714118933831 0.1
v 12.969824993861044 14.187360804953991 0.1
v 13.153646132337542 13.551446160720229 0.1
l 2256 2257 2258 2259 2260
v 9.147597517007023 7.634507335042976 0.1
v 10.161534128630295 8.206254414860407 0.1
v 8.433498248803044 9.14795883043659 0.1
v 8.91340801794268 8.678368848683611 0.1
v 9.697477484924395 8.415483097566012 0.1
l 2261 2262 2263 2264 2265
v 10.278116142393955 9.928108416942994 0.1
v 11.582006860122942 10.593928317499412 0.1
v 10.445118331969391 9.660244933492203 0.1
v 10.516630977893342 10.350930803690773 0.1
v 11.518696071653205 9.604432214269146 0.1
l 2266 2267 2268 2269 2270
v 0.7310787363216913 -8.126068444314821 0.1
v -0.6188446607518223 -9.045207691982188 0.1
v -0.059106521027039394 -7.524579531395687 0.1
v -0.9101056335856716 -7.6953381592182 0.1
v -0.20465177624674813 -8.299437348413912 0.1
l 2271 2272 2273 2274 2275
v -14.253428432041703 9.675013977776645 0.1
v -15.304782205164882 9.793267916857335 0.1
v -15.831416641049653 10.325658570700792 0.1
v -15.586430479437032 10.071225364006938 0.1
v -14.522653435448063 10.024323875182317 0.1
l 2276 2277 2278 2279 2280
v -8.66101307786846 -10.006682101547103 0.1
v -8.734259432534184 -11.12379614204752 0.1
v -8.95386521685404 -10.385461911483233 0.1
v -9.401020123711096 -11.087788412338712 0.1
v -8.278558999072821 -10.21088591039968 0.1
l 2281 2282 2283 2284 2285
v -5.321167139326475 12.050918446140003 0.1
v -4.2306103681037595 11.56018192999117 0.1
v -4.669224545366841 11.299625088232794 0.1
v -5.613468068645116 11.645934760169629 0.1
v -5.216910443688201 12.805112009202901 0.1
l 2286 2287 2288 2289 2290
v 10.946455096641706 -2.024016736620484 0.1
v 11.566741674831103 -2.5873211553443767 0.1
v 12.228475671304324 -2.1584132961128537 0.1
v 11.410866888725423 -2.074506047409943 0.1
v 11.541846674158162 -3.102833514826033 0.1
l 2291 2292 2293 2294 2295
v -9.139263958179402 -12.35843348852964 0.1
v -9.213928089614557 -12.000518073734051 0.1
v -10.397856145412007 -11.191847054004972 0.1
v -9.43549829126271 -11.397712931599546 0.1
v -9.891120814037782 -12.129690484743508 0.1
l 2296 2297 2298 2299 2300
v 1.2983497780036364 14.003266570277503 0.1
v 2.1417853966220033 15.54703704491753 0.1
v 2.2528637155857516 15.179553298321826 0.1
v 2.239172036274992 15.486999851642684 0.1
v 1.2664550503203647 14.218284489514279 0.1
l 2301 2302 2303 2304 2305
v 12.811522578201716 -8.272492182123022 0.1
v 12.678878159552646 -7.881107183081226 0.1
v 12.198451137008538 -7.965689458013348 0.1
v 12.293320635137299 -7.059302014821538 0.1
v 13.27544651556322 -6.37033568557658 0.1
l 2306 2307 2308 2309 2310
v -6.137184053469239 14.043477606163693 0.1
v -5.818236066487961 13.528910386475106 0.1
v -5.613464962540226 13.255337955560266 0.1
v -5.351757712134529 14.032251780664879 0.1
v -4.843452721397961 13.235439296498136 0.1
l 2311 2312 2313 2314 2315
v 4.615879919778909 0.19239410711923455 0.1
v 3.3033580518685444 1.4755666623816577 0.1
v 4.691125131632976 1.0472320960829984 0.1
v 4.031823946834047 1.2056643018483433 0.1
v 3.400684413121821 0.9955074871844203 0.1
l 2316 2317 2318 2319 2320
v -8.808505370727627 5.78299058156137 0.1
v -9.69699321019735 6.358542932253313 0.1
v -9.620264357379138 5.286277855608398 0.1
v -9.784863376728255 4.8774597787892855 0.1
v -8.951736371682967 6.521280627764005 0.1
l 2321 2322 2323 2324 2325
v 7.9242075719097045 8.722052114062269 0.1
v 8.859459988610665 10.024183039147562 0.1
v 9.467043502755967 8.9485360234508 0.1
v 8.656721687029286 9.176391961305285 0.1
v 8.869363085621766 9.4445604250559 0.1
l 2326 2327 2328 2329 2330
v 1.3618567515795321 13.61594589541707 0.1
v 0.3859927189851884 13.099732808271053 0.1
v 1.560122254072587 13.78066228810123 0.1
v 1.521976782550012 13.2718055501407 0.1
v 0.7081182962151309 12.875879419347486 0.1
l 2331 2332 2333 2334 2335
v 11.671002671915014 14.070414337208812 0.1
v 12.211135887506456 14.516659190902875 0.1
v 12.525381113117007 14.63938681933902 0.1
v 12.42509269441237 14.948755755184889 0.1
v 11.487351506037832 13.19474704879187 0.1
l 2336 2337 2338 2339 2340
v -13.715421714611676 -7.177528755923668 0.1
v -14.370601090095171 -7.758949859650183 0.1
v -13.598876246579117 -7.75713331657796 0.1
v -14.03753040836715 -7.0883824878868635 0.1
v -13.880832049133673 -7.440092346569271 0.1
l 2341 2342 2343 2344 2345
v -11.138778772259347 -1.0278696019956948 0.1
v -12.191027695803623 -0.9634756853219923 0.1
v -12.010660100190405 -1.649681531669167 0.1
v -12.471926562217323 -0.20710586546550824 0.1
v -12.352255877232665 -0.5569323537746156 0.1
l 2346 2347 2348 2349 2350
v -14.212569386246274 -10.751900585115607 0.1
v -15.219589109892985 -11.925163201073627 0.1
v -15.066149360972949 -11.365739356308094 0.1
v -14.72164355092911 -10.839871449483516 0.1
v -14.760082970766431 -12.525280299892712 0.1
l 2351 2352 2353 2354 2355
v 14.32694427464127 -11.084847345927871 0.1
v 14.849150118444655 -12.142663210178759 0.1
v 13.64741531644826 -11.25118681755359 0.1
v 14.175433391593813 -11.24649366830313 0.1
v 13.574516878856794 -11.645378347172116 0.1
l 2356 2357 2358 2359 2360
v -10.834331382119995 -11.25050519147807 0.1
v -12.474990021499076 -10.154352187215105 0.1
v -11.710786577563498 -10.774973855009444 0.1
v -11.154444372883859 -11.973290277049262 0.1
v -11.126311520939456 -10.795511227521168 0.1
l 2361 2362 2363 2364 2365
v -5.439272777406051 0.05752939542247959 0.1
v -5.719154653729861 -0.5492632023101904 0.1
v -5.148306242171931 0.2925837629554975 0.1
v -6.100767452781836 -0.48417416579009775 0.1
v -6.0156129674959695 -1.1056331131440524 0.1
l 2366 2367 2368 2369 2370
v -5.369820745219561 -3.9303998138980996 0.1
v -5.811947810810915 -3.823065594899279 0.1
v -6.445245200269637 -3.634721090225038 0.1
v -5.841359323623631 -3.968393993952575 0.1
v -6.848781691273365 -2.419257649174509 0.1
l 2371 2372 2373 2374 2375
v -2.2049320154469783 10.338280108604875 0.1
v -2.2278026004166485 12.208371083261877 0.1
v -2.8679297007428053 11.440811586980022 0.1
v -2.0597873015022476 11.433142769908738 0.1
v -3.4104028176795564 11.460682868165124 0.1
l 2376 2377 2378 2379 2380
v 6.625210208600098 14.270650908308525 0.1
v 7.957648860839733 15.070313801592782 0.1
v 6.935084933785041 13.481791343038061 0.1
v 7.349128975741387 14.83404971636694 0.1
v 6.692958971936671 14.166072245327111 0.1
l 2381 2382 2383 2384 2385
v 0.10645666612837101 -8.957320278074427 0.1
v 0.37702265824686276 -7.63843104462125 0.1
v 0.9299796331329626 -8.633925060606789 0.1
v 0.4379705364694164 -9.190217492961306 0.1
v 0.3306864570758936 -8.79388620945782 0.1
l 2386 2387 2388 2389 2390
v -1.0271121526817903 -12.639028306013385 0.1
v -0.742908995780847 -14.113721010106763 0.1
v -0.6121491427003853 -13.371787964111519 0.1
v -1.804134901113112 -14.283526627611117 0.1
v -1.0603479968756617 -12.621471915051577 0.1
l 2391 2392 2393 2394 2395
v 13.307048719013046 -5.436208328024425 0.1
v 13.587495683149793 -7.061785361082537 0.1
v 11.876949157513806 -6.108054848473255 0.1
v 12.520909478325404 -7.1874467492640335 0.1
v 13.316921480008618 -5.3918911438980475 0.1
l 2396 2397 2398 2399 2400
v -14.529198251561688 3.340521914502455 0.1
v -14.421266806499718 3.6739332114864123 0.1
v -15.406872378377582 4.235296203018895 0.1
v -15.332531516897584 3.887639257800778 0.1
v -15.565103259601274 2.7846852911310958 0.1
l 2401 2402 2403 2404 2405
v -7.192821081991122 14.348230192128312 0.1
v -7.837936047851491 14.153703754648182 0.1
v -7.658026180428838 14.248595376558672 0.1
v -7.313917447507807 15.162901563514634 0.1
v -7.96460759303041 13.991111061872754 0.1
l 2406 2407 2408 2409 2410
v 8.88730539357243 -5.769920631805019 0.1
v 8.942926929402166 -4.857351198229944 0.1
v 8.56703172472849 -5.455737061328212 0.1
v 8.886350992717768 -4.599387805106483 0.1
v 8.164305153537368 -6.233815721471954 0.1
l 2411 2412 2413 2414 2415
v 14.272498021689627 -7.852958371859332 0.1
v 13.901519171633836 -6.315753634847238 0.1
v 15.28835643036468 -7.849029867104979 0.1
v 15.368061959811712 -6.297419036246157 0.1
v 13.999398886792546 -6.981875439711487 0.1
l 2416 2417 2418 2419 2420
v -0.3197631965214913 -15.0189973337585 0.1
v -0.1681171777897441 -14.019244595681146 0.1
v -0.3242728730099238 -14.469289992265281 0.1
v 0.16070779520739342 -13.678179364675776 0.1
v -0.2865448904904324 -14.84902382183921 0.1
l 2421 2422 2423 2424 2425
v -6.616074128453744 -2.6576534429289573 0.1
v -8.008673547778542 -3.621880704289085 0.1
v -7.641280067810089 -2.494507066784638 0.1
v -8.054583875990787 -3.5920499739616005 0.1
v -7.7133606486535875 -2.0507665305284326 0.1
l 2426 2427 2428 2429 2430
v -10.926571522624352 0.20309739992780784 0.1
v -11.053362747692576 0.3112435791819832 0.1
v -11.361305824866376 1.5236760626244912 0.1
v -12.100308754072039 0.8170271220439622 0.1
v -12.199035376271762 1.402530815449468 0.1
l 2431 2432 2433 2434 2435
v -2.8580995332245838 -7.555485315654096 0.1
v -2.011632035410799 -9.108242818927575 0.1
v -2.269655385122176 -9.264492788617815 0.1
v -2.4052479739688932 -8.163322844723478 0.1
v -2.919893327386753 -9.06027916503631 0.1
l 2436 2437 2438 2439 2440
v 1.6298668404937018 0.21203465388071496 0.1
v 2.884699840121989 -0.9769296496979802 0.1
v 2.222237401707294 -0.16216566900338125 0.1
v 3.456347619135281 -0.5303403530033974 0.1
v 2.0219158515069866 -0.6700175681947096 0.1
l 2441 2442 2443 2444 2445
v -0.18509949221501087 9.463614088318632 0.1
v -1.025803887632536 9.760634883399138 0.1
v -1.1352300467298984 9.204594713290351 0.1
v -0.5154491832673214 9.12480115814296 0.1
v -0.04909216600725408 8.349059814778528 0.1
l 2446 2447 2448 2449 2450
v 9.23119485966462 -9.562901231906782 0.1
v 9.271872331682154 -8.213747714949706 0.1
v 8.719136606199209 -9.329010397125856 0.1
v 10.30867763655068 -8.853596304457191 0.1
v 8.576905789591175 -8.211478382083271 0.1
l 2451 2452 2453 2454 2455
v 13.12623031991976 6.227078627118667 0.1
v 14.318075063076595 6.644496917277523 0.1
v 13.989405829025689 5.620078270710179 0.1
v 12.870391358670377 5.317022912750315 0.1
v 12.67801624287702 6.523834424173886 0.1
l 2456 2457 2458 2459 2460
v 10.632915947700841 10.401152685939998 0.1
v 10.600112343592475 9.131253142610497 0.1
v 9.855860780107323 10.98517160556908 0.1
v 11.067768206771103 11.028671849650896 0.1
v 10.919868845727489 9.40303512256163 0.1
l 2461 2462 2463 2464 2465
v 9.61675713361208 -5.840189871450104 0.1
v 11.457225398546852 -6.224452977181391 0.1
v 10.765648755869218 -5.9863380614296196 0.1
v 10.180994686647697 -5.942963351319258 0.1
v 10.54100653203891 -6.569908023135243 0.1
l 2466 2467 2468 2469 2470
v 5.786131135911906 -7.474756594617047 0.1
v 6.778630687128559 -7.086957246985531 0.1
v 6.688005051698546 -6.994847877118865 0.1
v 6.350801766595613 -7.874509517635557 0.1
v 6.175856476444913 -7.918018930403394 0.1
l 2471 2472 2473 2474 2475
v 1.7269456074566305 -12.612597876352876 0.1
v 2.2068488143440854 -13.455239519379866 0.1
v 0.9875460072772355 -13.17026099144 0.1
v 2.6970498486016674 -13.121419592402185 0.1
v 2.4638285164764433 -13.046094285463008 0.1
l 2476 2477 2478 2479 2480
v -13.022154461262325 -8.151246619121562 0.1
v -14.055652793857053 -9.0662005363324 0.1
v -12.863366417008953 -9.685805139133498 0.1
v -12.861689435445317 -9.456090446380898 0.1
v -14.028434228479858 -8.983268382043605 0.1
l 2481 2482 2483 2484 2485
v -10.484958265832859 -5.835589187874471 0.1
v -11.09380433741471 -5.075334204650596 0.1
v -10.436293409316578 -5.127248133835394 0.1
v -10.558009310009423 -4.990257482175604 0.1
v -11.431611725421062 -5.3323963061662525 0.1
l 2486 2487 2488 2489 2490
v -10.08603877304373 2.6046102614574735 0.1
v -9.053414365630047 3.992624062465839 0.1
v -9.683326876788167 2.6993455014508334 0.1
v -9.777943506943858 3.8353807722117454 0.1
v -9.633576283710582 3.802348707605216 0.1
l 2491 2492 2493 2494 2495
v 9.953860424737178 -14.951161257235352 0.1
v 8.953847644221051 -14.380112423303256 0.1
v 8.206045948799739 -14.402238515025665 0.1
v 9.825592879278476 -14.92862438972039 0.1
v 9.91682007346742 -14.989183309724599 0.1
l 2496 2497 2498 2499 2500
v -5.872808876413759 4.829330461869106 0.1
v -5.419438371997701 5.7733754239717 0.1
v -5.916326857682312 4.494402764794625 0.1
v -5.022811904708143 3.9186911032934235 0.1
v -5.023979748479428 4.799042508495097 0.1
l 2501 2502 2503 2504 2505
v 8.951505905732079 11.235093988547291 0.1
v 9.367603256700635 9.994336707254547 0.1
v 9.594764550369725 10.186456441145433 0.1
v 9.574276804091864 11.460056102034018 0.1
v 9.223671709817532 10.026800958426099 0.1
l 2506 2507 2508 2509 2510
v -1.4872251818632762 -5.687460798495269 0.1
v -0.34579710595338664 -4.535348073176126 0.1
v -0.8184808649391344 -4.993894173235529 0.1
v -0.7039587200293318 -5.001813847393144 0.1
v -0.5507566499087793 -5.581882164278536 0.1
l 2511 2512 2513 2514 2515
v 11.229843080069745 -6.788256454779113 0.1
v 9.643720347567301 -6.825941042718935 0.1
v 10.888935911796416 -6.9351609587582175 0.1
v 9.898955272875558 -5.423495263023444 0.1
v 10.042448816646003 -5.364772610085053 0.1
l 2516 2517 2518 2519 2520
v -4.6748413212555535 -0.02789206526821264 0.1
v -5.987569654756067 -0.5030529492977489 0.1
v -5.695035290754995 -0.11895832734100464 0.1
v -4.263034653171173 -0.41917997411708474 0.1
v -6.118164310802934 -1.7150112335425154 0.1
l 2521 2522 2523 2524 2525
v 10.748227272580673 6.967442709892158 0.1
v 9.956454395344572 7.866266187694425 0.1
v 9.80983137783355 7.706732647938143 0.1
v 10.679693567581943 8.31928796321398 0.1
v 11.287794682170365 7.461362514514978 0.1
l 2526 2527 2528 2529 2530
v -3.50230610401682 13.920783636372215 0.1
v -3.177366223857346 14.00199765307954 0.1
v -3.649930445451633 15.108469051059693 0.1
v -2.2053578761839825 14.265516590688355 0.1
v -2.5087523299382744 14.1352755017423 0.1
l 2531 2532 2533 2534 2535
v 0.6548093700694309 -7.744749432417028 0.1
v 1.303194681144167 -8.635703098841113 0.1
v 0.1693334160001183 -7.410861812312717 0.1
v 0.988226287340082 -7.7291479357374975 0.1
v 0.21732308335043982 -7.716801489891388 0.1
l 2536 2537 2538 2539 2540
v 8.089452615127666 4.312986065316414 0.1
v 9.164333054199355 4.600991246590044 0.1
v 8.948827874164035 4.957660361705138 0.1
v 8.363837305798278 4.745200667870562 0.1
v 8.524344333401805 4.828248544492409 0.1
l 2541 2542 2543 2544 2545
v 5.590313765816467 -10.066480573697113 0.1
v 6.852125336099247 -10.415962541271186 0.1
v 7.1879713062678805 -9.397082334690886 0.1
v 6.120644153778128 -10.801632773311297 0.1
v 5.393670768313717 -9.590943823114491 0.1
l 2546 2547 2548 2549 2550
v -11.057350114898412 -13.741195170178427 0.1
v -12.555813020434215 -12.62477388528515 0.1
v -11.736286638675303 -13.19831805283276 0.1
v -12.316410739643068 -12.4779995521174 0.1
v -12.336844490407634 -12.30460731320914 0.1
l 2551 2552 2553 2554 2555
v 2.0548660290629486 -9.090464366968467 0.1
v 1.8717309721377267 -9.615548436389913 0.1
v 0.9153932107687923 -9.645456896781543 0.1
v 0.6765280711748478 -7.724754435564604 0.1
v 1.2247618627962509 -7.813852319773632 0.1
l 2556 2557 2558 2559 2560
v -4.939302593327896 0.9257841466811543 0.1
v -5.788137956943482 2.471619683764928 0.1
v -5.108046801593398 1.9667311020047846 0.1
v -5.655210292825279 1.9904233067366224 0.1
v -4.936622582526837 2.200278808999566 0.1
l 2561 2562 2563 2564 2565
v -10.248770309091626 11.69512673028452 0.1
v -9.669401041838828 10.586622087899194 0.1
v -8.892055885377792 11.425305888406092 0.1
v -9.6412461720544 10.269138069029307 0.1
v -8.447664182205814 10.041073770492092 0.1
l 2566 2567 2568 2569 2570
v 2.5395031428917 9.617074388573002 0.1
v 1.377071945224831 9.769136528148598 0.1
v 1.750645968375875 10.29282361832141 0.1
v 1.9416137056244807 9.968444111981233 0.1
v 1.8941931574528217 9.296650837151347 0.1
l 2571 2572 2573 2574 2575
v 4.5945505264453805 -1.8063810138018828 0.1
v 3.985610490807743 -3.3599123872820877 0.1
v 4.579192783072877 -3.4347415131052723 0.1
v 4.438344617158628 -2.6745643099685528 0.1
v 4.114150692480434 -2.4619714863098117 0.1
l 2576 2577 2578 2579 2580
v -4.5560883653252855 11.15974661572997 0.1
v -4.648276890132429 10.098477541990714 0.1
v -3.556209716340174 10.473651890697413 0.1
v -4.724614503640031 11.601546561892222 0.1
v -4.14948874381512 10.107840204622985 0.1
l 2581 2582 2583 2584 2585
v -1.6597960443090356 -0.2626974384136316 0.1
v -1.2170968912872075 1.0250426337272958 0.1
v -1.8286112135415087 -0.15159409976185745 0.1
v -0.6224118109395025 -0.07228513995557884 0.1
v -1.531452338846431 1.265762028079896 0.1
l 2586 2587 2588 2589 2590
v 14.752986266857246 -6.869217704279325 0.1
v 15.618490599204769 -8.63829814091372 0.1
v 15.441094388585624 -6.753358927286664 0.1
v 13.85444544936933 -7.932447121296429 0.1
v 14.309412904257286 -7.4255633805538155 0.1
l 2591 2592 2593 2594 2595
v -14.760871360524908 -5.9738820861737905 0.1
v -14.156672660740924 -5.599758489034909 0.1
v -14.836789531303845 -5.615483881541257 0.1
v -15.106265437191745 -7.224178465018674 0.1
v -13.585185865182178 -6.878485335716034 0.1
l 2596 2597 2598 2599 2600
v 14.851083264078913 -9.400312507577668 0.1
v 14.759397625224404 -9.424679085139886 0.1
v 13.717091751768873 -8.979394312370221 0.1
v 14.660867278257175 -9.307184956354352 0.1
v 13.676149943387387 -8.20929565703295 0.1
l 2601 2602 2603 2604 2605
v 10.019690426100512 13.353951840018057 0.1
v 10.445779303822846 13.42207935897165 0.1
v 11.06417950488708 13.726851354312696 0.1
v 11.454874736259107 13.29591819421924 0.1
v 10.996690037274044 14.400408815167165 0.1
l 2606 2607 2608 2609 2610
v -9.535651133230127 -3.7750588202409325 0.1
v -10.212072064708911 -2.5599173980861254 0.1
v -9.302100867696193 -2.3243205451906785 0.1
v -10.305925328685857 -2.8450820555147427 0.1
v -10.802392011952175 -3.6242597316406444 0.1
l 2611 2612 2613 2614 2615
v -4.532869986919222 -6.18332297632308 0.1
v -5.219405090009503 -4.419203359192717 0.1
v -4.502265627505061 -5.818376508455178 0.1
v -4.591511851528891 -5.470684104102234 0.1
v -5.710581749090664 -5.956985837238555 0.1
l 2616 2617 2618 2619 2620
v 4.2993613698564435 -5.426822189797864 0.1
v 3.7732685229861214 -5.5987320033746455 0.1
v 4.903589653429192 -5.802045093531815 0.1
v 3.980343886063763 -6.348619561514132 0.1
v 4.819365892351894 -7.132367220030493 0.1
l 2621 2622 2623 2624 2625
v 5.340057082604292 -11.98192596258506 0.1
v 5.883816745193081 -12.761808242381075 0.1
v 4.704901843265201 -11.925327983762879 0.1
v 5.662441687893164 -12.7278332708934 0.1
v 4.703631418306406 -11.758564865313527 0.1
l 2626 2627 2628 2629 2630
v -2.359321550703184 -6.890676482718578 0.1
v -1.7278554871991507 -8.59144218155476 0.1
v -1.8444113820449142 -8.658611118863645 0.1
v -1.8766106177059276 -7.627070562806792 0.1
v -1.6145409633865593 -8.519544272320719 0.1
l 2631 2632 2633 2634 2635
v -8.795135310551709 1.1346212535090252 0.1
v -9.377606589039795 0.09479338273691917 0.1
v -8.704325750557489 0.505018743386952 0.1
v -9.546691931581439 1.3732144573523344 0.1
v -9.063606213354426 1.1809292202677857 0.1
l 2636 2637 2638 2639 2640
v 12.664173113010191 0.9540462932763469 0.1
v 13.527126587098515 -0.009716934348330097 0.1
v 13.176232713782351 0.7402328992792206 0.1
v 13.21599893089045 1.533584477275434 0.1
v 12.7961001824421 0.9726739917441771 0.1
l 2641 2642 2643 2644 2645
v -3.4898651548194213 10.497707119720731 0.1
v -5.010148897468504 10.391583945737741 0.1
v -4.9516103807021565 11.512064347470158 0.1
v -4.674785984023371 11.374545444860729 0.1
v -4.8024959676300405 9.92361387551178 0.1
l 2646 2647 2648 2649 2650
v 8.994738482369929 -10.938615318523494 0.1
v 8.418585322154472 -9.957823846500892 0.1
v 8.233167797622574 -11.566906265048997 0.1
v 9.108420329936214 -10.995663671927394 0.1
v 8.750097467946755 -11.451852883944845 0.1
l 2651 2652 2653 2654 2655
v 2.9149034446075843 9.263254478080423 0.1
v 4.001404315069972 9.918357582513273 0.1
v 3.6260698097493176 8.878035958639206 0.1
v 2.8566238139390903 9.319141599925057 0.1
v 2.6208033113769034 9.84800897130386 0.1
l 2656 2657 2658 2659 2660
v -0.21051649103503323 -9.786218547900022 0.1
v -0.817815977458958 -9.732527231990865 0.1
v -1.0303426878111595 -10.511631884337017 0.1
v -0.5126725704079509 -11.317784269066557 0.1
v -1.3010039818217052 -10.715325923706823 0.1
l 2661 2662 2663 2664 2665
v 6.930032894664774 12.571938514775123 0.1
v 6.93811824101229 13.046133956590754 0.1
v 6.372786990795489 12.240534991741514 0.1
v 7.200653114640258 12.142219605521163 0.1
v 5.35910163315374 12.706093726368874 0.1
l 2666 2667 2668 2669 2670
v 4.8831527515439355 -11.030693060816317 0.1
v 4.267552528113036 -10.510759894315735 0.1
v 3.2060558297258916 -11.179175083495432 0.1
v 3.662299729380222 -11.841841810697625 0.1
v 3.2241373727857865 -10.231624727573408 0.1
l 2671 2672 2673 2674 2675
v 6.7009246140623935 -9.141291125789715 0.1
v 7.134482043752151 -9.760743157974611 0.1
v 7.601119544569443 -9.5377941008085 0.1
v 7.438998991308642 -10.209334957124495 0.1
v 6.4851905565265 -10.38788778724084 0.1
l 2676 2677 2678 2679 2680
v -5.524839917245199 -7.7724168806047 0.1
v -5.7116530707345445 -8.335411694226432 0.1
v -6.961252304709694 -8.602054507953305 0.1
v -6.126041310200032 -8.251959261647015 0.1
v -5.993446417328845 -7.485520104727162 0.1
l 2681 2682 2683 2684 2685
v 6.765388980531088 8.117091713040274 0.1
v 6.598223993910931 8.07157241208727 0.1
v 7.864066208351822 6.7874862890805 0.1
v 6.567836293690838 6.8718659572265555 0.1
v 8.182858900218376 7.136528426927451 0.1
l 2686 2687 2688 2689 2690
v -3.703954276102546 10.472267296396621 0.1
v -2.9030330660619974 9.371933535061393 0.1
v -3.8370824492236784 10.724679125935982 0.1
v -3.9801761924557475 10.563096773496195 0.1
v -3.2856421643966334 9.207508279982711 0.1
l 2691 2692 2693 2694 2695
v 8.474641719366542 -3.8564157755143755 0.1
v 8.984665693407388 -4.23154185487071 0.1
v 8.333798243581656 -4.525185626915237 0.1
v 8.212711449492007 -3.459817663394667 0.1
v 7.5024138896583406 -4.183694423885003 0.1
l 2696 2697 2698 2699 2700
v 5.171368088370146 4.00575001606835 0.1
v 6.103493708436892 3.8305853634470637 0.1
v 5.110924752719461 4.523646440084993 0.1
v 6.795132691495628 4.159342859880328 0.1
v 7.007088992453926 4.133700600916994 0.1
l 2701 2702 2703 2704 2705
v -9.945111412818873 -1.2181419292006268 0.1
v -8.778045411566158 -2.14569841733676 0.1
v -9.589734879243114 -1.2205900557923184 0.1
v -10.137120378433481 -1.8197917218837765 0.1
v -8.848139593487783 -2.4698651145083383 0.1
l 2706 2707 2708 2709 2710
v 4.840719982404914 -14.8665754590802 0.1
v 3.5130750100208568 -13.586570837581261 0.1
v 3.933983214723541 -15.36630962670807 0.1
v 5.130502549094491 -14.616588948260546 0.1
v 4.188265623387042 -14.662064133523046 0.1
l 2711 2712 2713 2714 2715
v -3.84381291406693 1.0555201489172783 0.1
v -2.720763423885484 0.8270760844305107 0.1
v -3.567190824889122 0.6894756045605248 0.1
v -2.9876918566764274 1.9329783562842806 0.1
v -2.844957832521442 -0.014183353821256794 0.1
l 2716 2717 2718 2719 2720
v 4.335757091069066 9.650639433457355 0.1
v 3.653480847710788 8.500857011174194 0.1
v 3.512333409136379 8.694911323053457 0.1
v 3.0408683482281442 9.503644976645486 0.1
v 3.020852994488866 8.87176273936562 0.1
l 2721 2722 2723 2724 2725
v -15.535894568414909 -14.493356981396843 0.1
v -13.86668263195538 -13.833273014932198 0.1
v -15.244415419245332 -15.451302606562418 0.1
v -15.642384228041436 -14.048579972792163 0.1
v -14.050385990257311 -14.685633940071533 0.1
l 2726 2727 2728 2729 2730
v -9.352267505335877 -3.428924715677417 0.1
v -9.645074086043063 -1.5869791142999674 0.1
v -9.533072422987269 -1.6457561963390448 0.1
v -9.373054186317113 -2.229099308145712 0.1
v -9.874924077870666 -3.4309216568200496 0.1
l 2731 2732 2733 2734 2735
v -1.095759431302447 5.534806490207405 0.1
v -0.27538063238385413 5.578557031327738 0.1
v -0.15677120092689512 5.21572980023441 0.1
v -0.09001984456138157 4.967746440057182 0.1
v -1.8934070446020093 5.331845233790866 0.1
l 2736 2737 2738 2739 2740
v 13.83207661129357 -2.746129511820623 0.1
v 13.697475241554883 -4.387433994439012 0.1
v 14.980058033172543 -2.6560246024057608 0.1
v 15.390088753194899 -4.069700119224124 0.1
v 15.301253216876594 -3.205993455112217 0.1
l 2741 2742 2743 2744 2745
v -10.6998543648981 7.677313836322453 0.1
v -11.26229009902214 7.377242956388371 0.1
v -12.653672542487326 6.138783235957163 0.1
v -11.164373993522727 7.106282743953209 0.1
v -10.75868454503705 6.711433651629596 0.1
l 2746 2747 2748 2749 2750
v -15.16980325467588 -7.978264169785543 0.1
v -14.789114077872584 -7.892219702868852 0.1
v -14.754842831177205 -8.301945747344632 0.1
v -14.875597250437592 -8.31982041129238 0.1
v -14.999064518419956 -9.10937480576725 0.1
l 2751 2752 2753 2754 2755
v -14.246606741605179 -5.4330895495814095 0.1
v -13.896959450832217 -6.857841143203618 0.1
v -13.709562231520785 -5.502850201200573 0.1
v -14.109626291767787 -7.154005640444265 0.1
v -15.290566379087704 -6.292072951481251 0.1
l 2756 2757 2758 2759 2760
v 6.458616717519638 -1.8101787248379797 0.1
v 6.340053565374486 -1.8300531950829737 0.1
v 6.136084507454427 -1.678601483367061 0.1
v 6.704649992800982 -1.1104782954094448 0.1
v 7.5071368132600265 -2.2439447101382015 0.1
l 2761 2762 2763 2764 2765
v 9.844854142276114 10.659488999034625 0.1
v 10.728511888114893 10.328098356157323 0.1
v 10.70586393748976 9.661591719736048 0.1
v 10.31856720188275 10.782085315851676 0.1
v 11.183113081088079 10.47612118482764 0.1
l 2766 2767 2768 2769 2770
v 7.649211200741477 12.280357310271086 0.1
v 8.96183227773059 12.830696940269924 0.1
v 9.321315432073764 11.80624110153473 0.1
v 9.030845235696628 11.615868239074912 0.1
v 8.896781474351691 12.977978259530188 0.1
l 2771 2772 2773 2774 2775
v 10.17148713640065 -11.629958094559596 0.1
v 10.078688271014641 -11.222360852025242 0.1
v 11.505093343521645 -11.79932786954142 0.1
v 11.768667476287842 -11.568545764616987 0.1
v 10.97789767163736 -11.280316259838036 0.1
l 2776 2777 2778 2779 2780
v -15.5790415904957 -0.12563302855921776 0.1
v -15.164297366537703 -1.0903032688099463 0.1
v -13.614148954479276 0.1490858255241736 0.1
v -13.817583910279565 0.14390642529775932 0.1
v -13.787750598236977 -0.5312269976580812 0.1
l 2781 2782 2783 2784 2785
v 5.342403337511054 9.859627126313478 0.1
v 4.882676573749125 10.0449703317176 0.1
v 4.48049138905547 10.557459071934662 0.1
v 5.006044167822968 10.009478090298254 0.1
v 5.617450502225387 10.61514610964975 0.1
l 2786 2787 2788 2789 2790
v -11.74134130087115 -10.737661830748547 0.1
v -10.968282810897978 -10.62418819439246 0.1
v -11.400288799718167 -10.555673445153184 0.1
v -11.18559604440714 -11.865553826869132 0.1
v -10.960227282945855 -11.598434911363535 0.1
l 2791 2792 2793 2794 2795
v 14.361224108738224 -9.021903260300991 0.1
v 15.485855609259886 -9.801082513154498 0.1
v 15.289033457893863 -8.927591691860941 0.1
v 13.899242627786517 -8.907894376692768 0.1
v 13.661977462494853 -8.726487084565607 0.1
l 2796 2797 2798 2799 2800
v 4.108697280188796 -15.052464742137166 0.1
v 2.586301931989109 -15.14425116469793 0.1
v 2.578063010673042 -14.433795111235725 0.1
v 3.900163295277453 -14.661817197039339 0.1
v 4.195729209420309 -14.100088513417907 0.1
l 2801 2802 2803 2804 2805
v 14.18022944493785 7.86336341763192 0.1
v 13.286110444425296 7.241253509939755 0.1
v 12.664048120341294 7.260471826207361 0.1
v 13.562615204299725 6.5303157389634885 0.1
v 12.569740501718652 7.270684308886963 0.1
l 2806 2807 2808 2809 2810
v -2.690470254411435 8.235901357636177 0.1
v -2.377532041147885 8.441005739907677 0.1
v -3.978140333180635 8.341398572355914 0.1
v -3.9732281450129383 7.608396537670955 0.1
v -3.201399725115663 9.187811257468235 0.1
l 2811 2812 2813 2814 2815
v 8.013690593565846 -11.262826332358687 0.1
v 8.988451625433767 -12.21556931655972 0.1
v 8.202308290112537 -13.060102581770598 0.1
v 8.549447862466547 -12.557481940286747 0.1
v 9.424916590855528 -12.40288140763511 0.1
l 2816 2817 2818 2819 2820
v -7.219348835699945 -5.49977620164028 0.1
v -7.712305978057256 -5.600726189048836 0.1
v -7.427632204068699 -7.159711884371011 0.1
v -6.7113565952756 -7.2654246136427485 0.1
v -7.244452993603524 -5.991504087816755 0.1
l 2821 2822 2823 2824 2825
v -11.888206834633717 6.934630525345788 0.1
v -11.662290597311337 6.580722700565637 0.1
v -12.605840175267325 6.819941780091568 0.1
v -12.563577320163958 6.673600957145394 0.1
v -12.050115195527578 6.475284792341402 0.1
l 2826 2827 2828 2829 2830
v 8.074500543413404 -5.141292933071962 0.1
v 8.290583567846067 -4.33673417517766 0.1
v 8.271002662207302 -5.260105449421123 0.1
v 8.896552170994264 -5.651637284025672 0.1
v 9.149614349673405 -4.751427159998714 0.1
l 2831 2832 2833 2834 2835
v -8.38313687082538 10.054462260151512 0.1
v -7.858326767169738 10.010530251000192 0.1
v -8.498682060760046 10.773966359974832 0.1
v -9.496605732714025 10.770916347361613 0.1
v -8.941344748751177 10.002800905098496 0.1
l 2836 2837 2838 2839 2840
v 13.715729349171033 8.32836743594025 0.1
v 13.802891943704324 7.390513767563453 0.1
v 15.017040679100225 7.336035965877849 0.1
v 14.305629821367543 7.115854169294741 0.1
v 14.672135479746657 7.800395925814764 0.1
l 2841 2842 2843 2844 2845
v 2.127290499817875 2.0047037715941585 0.1
v 2.6606012795227727 1.1539559147973422 0.1
v 2.2148793832634883 0.49988701650434764 0.1
v 3.544013317239072 0.9801275780179117 0.1
v 2.068814703791192 0.9419293303830909 0.1
l 2846 2847 2848 2849 2850
v -15.474826566110757 5.105020765675784 0.1
v -15.055032942988527 5.044230285075532 0.1
v -15.120211047164714 6.404307596158806 0.1
v -14.116073980849926 4.976649445699896 0.1
v -15.146454579449097 6.372613943034283 0.1
l 2851 2852 2853 2854 2855
v -15.5302383566192 -5.773121539245595 0.1
v -15.035681634376237 -5.3990451104711905 0.1
v -15.125549623565625 -5.163965015983911 0.1
v -13.72156366734503 -5.216233804637057 0.1
v -13.749615227598053 -5.9600117053396175 0.1
l 2856 2857 2858 2859 2860
v -5.25552437032941 10.416882644315384 0.1
v -4.357144511471149 10.83426833338006 0.1
v -4.924609995098395 10.118067164742172 0.1
v -5.5019580093783595 10.128445377115046 0.1
v -3.934374708537577 11.158094497908966 0.1
l 2861 2862 2863 2864 2865
v 5.708826330188055 -4.418642191157806 0.1
v 5.220398702439604 -4.700085583417334 0.1
v 4.520319616228178 -4.904606054720559 0.1
v 6.009127953506446 -5.803018914049747 0.1
v 5.979139422710636 -4.874278787643546 0.1
l 2866 2867 2868 2869 2870
v -8.292796289496547 -1.1093137457590148 0.1
v -7.900672468197143 -0.025087148278567728 0.1
v -7.932883926844137 -0.5801051978618521 0.1
v -8.69787841872683 -0.413139035697732 0.1
v -7.641320018242088 0.6262661746806537 0.1
l 2871 2872 2873 2874 2875
v 14.053138355359017 -6.7929945460447225 0.1
v 15.148611371054939 -7.282266165283291 0.1
v 14.488686499784604 -8.011681690470278 0.1
v 15.061162803158709 -6.795820516278243 0.1
v 14.283784190483626 -6.640798878063274 0.1
l 2876 2877 2878 2879 2880
v 1.158136557361404 -11.564720802864613 0.1
v -0.3370866467631153 -10.33986244822756 0.1
v 0.10423631366620345 -10.226558057475943 0.1
v -0.6290134767254394 -11.09369892419747 0.1
v 1.0173033060741314 -10.638813050237816 0.1
l 2881 2882 2883 2884 2885
v -12.665412911141836 12.415464400260879 0.1
v -13.52059194027254 11.615969020225597 0.1
v -14.591125752183194 12.765467477484494 0.1
v -13.314522028046367 11.870489539369121 0.1
v -13.4736864022429 13.156175765674234 0.1
l 2886 2887 2888 2889 2890
v 0.733186576599701 8.127445608855314 0.1
v 2.4524451308922703 8.119586892970922 0.1
v 1.5311758195408887 8.195664107656274 0.1
v 0.8327306398123073 8.497704260632581 0.1
v 0.5749440160461319 8.4017447493549 0.1
l 2891 2892 2893 2894 2895
v 3.8087599408317394 6.150812796982864 0.1
v 4.276372354680798 5.22152179279486 0.1
v 4.645211128487622 5.2013007403573654 0.1
v 4.839387649489902 5.9776150881925005 0.1
v 3.7772441658479092 4.828913479137195 0.1
l 2896 2897 2898 2899 2900
v 12.843829647181462 2.2642812287709804 0.1
v 13.44687524708106 1.4212538258394574 0.1
v 13.909258273057292 1.032211927464907 0.1
v 13.952268011400715 0.5683586506046276 0.1
v 12.268094858672645 0.5400728381903237 0.1
l 2901 2902 2903 2904 2905
v 6.35069773103863 -6.6639525505234385 0.1
v 5.9065721656604255 -5.913758040022568 0.1
v 4.759849234628962 -6.372751685352514 0.1
v 5.679237783951038 -6.310269840985249 0.1
v 5.470581055963949 -6.600354784917179 0.1
l 2906 2907 2908 2909 2910
v 9.799772348999689 5.51224949481999 0.1
v 10.31752047489956 5.48319702849225 0.1
v 8.968487510916663 6.277783201369182 0.1
v 8.518426266606824 5.935380823867931 0.1
v 9.388176387931765 5.512514098841171 0.1
l 2911 2912 2913 2914 2915
v -10.069789753489939 9.637068442931772 0.1
v -10.045651509750362 11.349600025288908 0.1
v -10.905223522492523 9.464204074209423 0.1
v -10.372637736309736 9.390801190076875 0.1
v -11.246246602066673 10.870773279375411 0.1
l 2916 2917 2918 2919 2920
v 6.855470865101648 8.96113944902323 0.1
v 7.179235716700891 9.08124363375901 0.1
v 6.809172162539902 9.502561552778872 0.1
v 6.8721738903202345 9.064616515260358 0.1
v 7.9986178756828 9.816251294354155 0.1
l 2921 2922 2923 2924 2925
v -9.34530425108524 14.526347991792475 0.1
v -10.83397159040805 15.188128295860757 0.1
v -9.340071563829257 13.374934345776715 0.1
v -9.166348291540372 14.624657943117795 0.1
v -9.403930489503889 15.202959594471814 0.1
l 2926 2927 2928 2929 2930
v 3.9216946030339614 0.4845104692140596 0.1
v 4.528546323929892 1.4049538671669821 0.1
v 5.187202851023912 1.0677897333267485 0.1
v 5.244014689679557 1.7644389629498611 0.1
v 5.40066059522736 0.8377197021734273 0.1
l 2931 2932 2933 2934 2935
v 5.048920790893767 11.141546276865745 0.1
v 4.866692460715974 10.894180436916418 0.1
v 5.536332727761765 9.643369729917104 0.1
v 4.958759261296155 10.096631074017113 0.1
v 6.642698084231344 9.611828182441773 0.1
l 2936 2937 2938 2939 2940
v 13.4504654282757 -4.848033856325974 0.1
v 13.707891504617525 -5.199280386536769 0.1
v 13.661304944068064 -6.7100192399637235 0.1
v 13.737082401759183 -5.104131365812404 0.1
v 14.05798475089503 -6.475656237119768 0.1
l 2941 2942 2943 2944 2945
v 0.44888650847030753 -4.993353506566566 0.1
v -1.0953196622794459 -6.661359901128655 0.1
v 0.07964987841885174 -5.266447663575272 0.1
v -0.8526110885087361 -4.9379626269215535 0.1
v -0.09519176631974147 -6.272159743565454 0.1
l 2946 2947 2948 2949 2950
v 8.888993628441455 2.3482477993746125 0.1
v 10.054928880904782 2.745356615421746 0.1
v 10.051393750258715 3.1060138954089496 0.1
v 10.229945099877472 2.620145092981316 0.1
v 8.739148293589539 3.6524714230412068 0.1
l 2951 2952 2953 2954 2955
v -2.47503549232915 -6.728862738757751 0.1
v -3.5057997704120236 -5.905079680415207 0.1
v -2.942211036629179 -6.82007523674394 0.1
v -3.0675876327459273 -7.127366531289137 0.1
v -3.645829652556995 -7.135223698139451 0.1
l 2956 2957 2958 2959 2960
v -4.573335645474743 -0.17795156434324522 0.1
v -4.13795336292202 -0.04240852996120115 0.1
v -5.285681431928214 -0.364315549448621 0.1
v -4.13711772110338 -0.9573090346519744 0.1
v -4.502144039124462 -0.004089253357008937 0.1
l 2961 2962 2963 2964 2965
v 8.932005028703113 13.76252624303873 0.1
v 8.353414649449727 13.232168177592731 0.1
v 8.933658660821003 12.698424035348282 0.1
v 9.31213922809844 13.606550102518124 0.1
v 8.115366699586858 12.801388801621272 0.1
l 2966 2967 2968 2969 2970
v 0.930824377154789 11.775332333508587 0.1
v 0.8664237043317948 11.708748936764763 0.1
v 0.6312525386741803 11.950547805051574 0.1
v 0.33459942511435137 10.977544337713246 0.1
v 0.2286979396652271 11.915249637253309 0.1
l 2971 2972 2973 2974 2975
v -10.771910061452095 -12.47250523221316 0.1
v -11.044510578011849 -11.902370537806616 0.1
v -9.782031488269192 -13.26870873669877 0.1
v -9.446874355310715 -11.485450883657206 0.1
v -9.285303838731483 -13.236074033207569 0.1
l 2976 2977 2978 2979 2980
v 3.7364717526924043 -12.348165599521414 0.1
v 3.1268091246778518 -14.069273451501342 0.1
v 4.662481894085301 -13.252914531732065 0.1
v 3.5597342337571827 -13.2238806083331 0.1
v 3.4544817138800346 -12.398189735288007 0.1
l 2981 2982 2983 2984 2985
v 2.2766260391201545 13.25568522410871 0.1
v 0.681704644095634 12.882372195580135 0.1
v 2.185667439355713 12.253833904852346 0.1
v 2.3042050246535224 12.616399992050383 0.1
v 2.528732872375225 13.835875131708185 0.1
l 2986 2987 2988 2989 2990
v -2.5303625730465917 -13.674753433786035 0.1
v -2.185061292543109 -13.503496639370487 0.1
v -3.132882852098211 -11.930918989991477 0.1
v -1.2122477019232853 -12.792640023613274 0.1
v -1.5800806339771443 -13.53934436771448 0.1
l 2991 2992 2993 2994 2995
v 12.55113372909565 -6.747085112889588 0.1
v 11.689642050265608 -6.232304544035107 0.1
v 12.059876693992212 -5.1390856050877645 0.1
v 13.103504197793054 -6.559397120549158 0.1
v 12.959213145529551 -4.973390855220118 0.1
l 2996 2997 2998 2999 3000
v 10.121394084426434 0.31556387114641504 0.1
v 9.652965596999671 -0.7833457012744514 0.1
v 9.382021939175896 -0.7249570754357884 0.1
v 10.766611216640438 -0.42054447690278485 0.1
v 10.75283873467987 -0.9597312898797983 0.1
l 3001 3002 3003 3004 3005
v -0.42860396115312094 2.1550330063373746 0.1
v -0.7091373627447559 0.9509060966545511 0.1
v -1.3849850518922953 1.0500492542335587 0.1
v -0.9335509392134962 2.4746703918888846 0.1
v -1.1086995628635117 0.9198912694579966 0.1
l 3006 3007 3008 3009 3010
v -5.235647574542675 10.517305359320563 0.1
v -5.3728080808121765 10.205650421517772 0.1
v -4.465703435975494 11.444798724340625 0.1
v -4.369637475462428 10.913932468978642 0.1
v -4.267216443464558 11.042234353128862 0.1
l 3011 3012 3013 3014 3015
v -11.266301107710396 9.003845027907552 0.1
v -11.072894425372194 7.56648163269461 0.1
v -12.550260371304656 8.176961671304783 0.1
v -11.376052537548249 8.999989659758066 0.1
v -12.182439969408426 7.311014988045921 0.1
l 3016 3017 3018 3019 3020
v -2.9375941610720355 12.385585152533054 0.1
v -1.5369376074325494 12.350998240779385 0.1
v -1.3768559219944563 12.329983694772508 0.1
v -1.3491188489615829 12.492302078961826 0.1
v -2.7417854588162864 14.110995800774742 0.1
l 3021 3022 3023 3024 3025
v -12.309524923492624 8.091369483243007 0.1
v -13.244728954498587 6.767757653072777 0.1
v -11.989067165791761 6.472205854187064 0.1
v -12.396790338464854 7.871609607776195 0.1
v -13.366892442097583 7.046517258884688 0.1
l 3026 3027 3028 3029 3030
v 7.648908547478973 -7.108335396412338 0.1
v 8.137760505838553 -6.708136162774192 0.1
v 7.827139929410221 -5.587837758900792 0.1
v 7.844384911201872 -6.819050641957599 0.1
v 8.303217146719872 -6.578824021279674 0.1
l 3031 3032 3033 3034 3035
v 4.411138142954384 -8.951360459853579 0.1
v 2.727140743717885 -8.206779291020911 0.1
v 2.673917218116101 -9.054503653685646 0.1
v 2.7569222865535306 -9.130738177595164 0.1
v 3.827232534953736 -8.958523010669191 0.1
l 3036 3037 3038 3039 3040
v -4.656346304063983 5.724410450292023 0.1
v -4.75940027113672 4.255651194928582 0.1
v -4.385104360152659 4.832068714932881 0.1
v -4.168056270419618 4.386858789120355 0.1
v -5.801571217629112 3.992959950549075 0.1
l 3041 3042 3043 3044 3045
v -6.670403032150924 13.152435786180686 0.1
v -6.457567963093234 11.513020376692557 0.1
v -7.392786226015765 13.366217316282876 0.1
v -7.0309330062532 12.237041570963637 0.1
v -7.588873317968851 12.047938087830492 0.1
l 3046 3047 3048 3049 3050
v -13.421312629814345 3.7354985352714003 0.1
v -13.006770036116354 3.869876678901065 0.1
v -12.267299139854124 3.698898575126031 0.1
v -12.673266764231895 3.652276505691198 0.1
v -12.77731219610196 2.7716257682654915 0.1
l 3051 3052 3053 3054 3055
v -7.813209755331248 14.368829373323862 0.1
v -7.191425931270462 14.024476870272292 0.1
v -7.274387202529992 14.177177338972797 0.1
v -6.271572269930871 13.818379874635934 0.1
v -6.449462552706752 14.794095884296619 0.1
l 3056 3057 3058 3059 3060
v 7.078534678989316 -12.346440136699485 0.1
v 7.269199651024299 -12.721723133520092 0.1
v 6.166472318164448 -12.426240995646992 0.1
v 6.373788520065942 -12.387244187980633 0.1
v 7.761980996154888 -11.985578891629332 0.1
l 3061 3062 3063 3064 3065
v 11.88982459170892 -10.595664046328437 0.1
v 11.569656464475178 -11.489432982965532 0.1
v 11.102544072896208 -10.568914898915589 0.1
v 12.38897865071567 -11.298961350188755 0.1
v 12.464183403203752 -11.24294946073363 0.1
l 3066 3067 3068 3069 3070
v 14.65379593169491 -4.740248104404602 0.1
v 13.30799260519642 -3.58114444795513 0.1
v 13.969061700100394 -4.315779651108936 0.1
v 14.743044012022946 -4.9009000931908915 0.1
v 13.232439391737588 -4.923328702170219 0.1
l 3071 3072 3073 3074 3075
v -5.834730626129633 -3.8129266862446625 0.1
v -5.451164443580392 -3.2715138996395945 0.1
v -4.809527799328116 -3.8770098238820303 0.1
v -5.833064959986567 -3.875391985545251 0.1
v -5.578422334555011 -2.1761292141570054 0.1
l 3076 3077 3078 3079 3080
v -6.971880477248293 -12.508307938841089 0.1
v -6.579585787119161 -12.016241708607609 0.1
v -6.434121238775 -11.559437007732 0.1
v -5.985992719023443 -12.474581468225 0.1
v -6.393433231201912 -12.870993567786897 0.1
l 3081 3082 3083 3084 3085
v 2.691106037789302 -14.159750055728791 0.1
v 3.0150194192486284 -15.712951126889255 0.1
v 4.198060572693193 -15.567118449480963 0.1
v 3.870825389221875 -14.354827766085478 0.1
v 3.533135193563415 -14.65353967553182 0.1
l 3086 3087 3088 3089 3090
v -6.503747111212536 -2.161156309125251 0.1
v -7.4774701791852225 -3.5720287264503003 0.1
v -6.293192999296136 -2.283988823106637 0.1
v -6.6695657360693215 -2.955913262438541 0.1
v -6.085219547026388 -2.3973289950445706 0.1
l 3091 3092 3093 3094 3095
v -1.5360914099653573 9.825371338091943 0.1
v -0.2747172084907159 8.630084503249158 0.1
v 0.1610369082222376 10.257255671849165 0.1
v -1.7033775122738457 10.091558620686806 0.1
v -0.6436555777862869 10.01787093804925 0.1
l 3096 3097 3098 3099 3100
v -4.239259473509452 2.6655854380260884 0.1
v -4.58615432625105 2.6149506907649114 0.1
v -3.7290133910221908 2.5283282975271755 0.1
v -4.449436412217193 2.315478854577154 0.1
v -4.599793861054901 1.3891150496268732 0.1
l 3101 3102 3103 3104 3105
v 9.162104435335051 2.666368176556306 0.1
v 10.165700529250563 2.5020901415112675 0.1
v 9.354441089823496 2.192479852940144 0.1
v 9.934234110491811 2.7037068022909847 0.1
v 10.469602151917215 3.4398059728553987 0.1
l 3106 3107 3108 3109 3110
v 3.296360280997874 -13.60513624749863 0.1
v 4.0136887703015525 -13.85450698803628 0.1
v 3.843657608902406 -13.953826971426576 0.1
v 3.8193121349213817 -14.695646970949872 0.1
v 3.069203706552428 -14.169951965669341 0.1
l 3111 3112 3113 3114 3115
v 2.2831365350636967 -8.31931418778468 0.1
v 2.558493523370612 -8.1324983361237 0.1
v 2.802515431941938 -7.445023010205475 0.1
v 2.96648512011111 -7.583238557385698 0.1
v 3.9973615707270325 -7.556040444621722 0.1
l 3116 3117 3118 3119 3120
v 6.139304549062436 8.275421985062666 0.1
v 5.719048025275972 8.74768293567457 0.1
v 5.335242170009056 7.871910754758806 0.1
v 5.725045596224097 7.666302551557529 0.1
v 5.544064737505455 8.078608921503683 0.1
l 3121 3122 3123 3124 3125
v 13.86845812593424 -2.503391607749439 0.1
v 14.118121423872742 -4.1074421310716955 0.1
v 13.361735416428665 -3.140192244774654 0.1
v 13.030717359853519 -3.486850282589974 0.1
v 14.373198103456014 -3.607712824948578 0.1
l 3126 3127 3128 3129 3130
v 2.494357151097444 7.172837265274578 0.1
v 1.3286972715826433 6.900760620777712 0.1
v 1.3587443466444797 6.490243266619389 0.1
v 2.8179692494053468 7.306040597613039 0.1
v 1.6138928759084346 5.739879559995283 0.1
l 3131 3132 3133 3134 3135
v -7.482956498260498 -3.135973629715507 0.1
v -8.68268062924219 -3.634807130759714 0.1
v -7.625623205523591 -4.528235834065269 0.1
v -8.429889793272185 -3.964913938294026 0.1
v -7.826196067460872 -4.710984161676784 0.1
l 3136 3137 3138 3139 3140
v -3.989512503695255 5.443158761706801 0.1
v -2.4050221705463652 3.9350306888737183 0.1
v -2.1698600700116506 3.9315382230657336 0.1
v -2.99966961995716 4.25171813689679 0.1
v -3.7065187868441596 5.402245557174128 0.1
l 3141 3142 3143 3144 3145
v -11.798016382544905 -13.498730687917885 0.1
v -13.236578238567553 -13.688073063404376 0.1
v -11.75038079736997 -13.583466309874824 0.1
v -12.220655771247745 -13.171461330400248 0.1
v -12.893761283976417 -12.58219590912004 0.1
l 3146 3147 3148 3149 3150
v -12.48753877679381 4.161647179071059 0.1
v -13.514826987051494 3.3404207869358062 0.1
v -12.707323900964361 4.0991647860366776 0.1
v -11.96573985112064 3.085425877285907 0.1
v -12.533214957629891 3.2744411533255544 0.1
l 3151 3152 3153 3154 3155
v 4.705503191481866 -13.978212761302455 0.1
v 5.535639717986248 -14.632584250461324 0.1
v 4.342010850901632 -14.003463919036433 0.1
v 4.303325406317219 -14.054508034726648 0.1
v 4.669145586111372 -13.94841719597596 0.1
l 3156 3157 3158 3159 3160
v -6.924789122775172 8.605459573380408 0.1
v -7.860024619651401 9.25806101466483 0.1
v -7.527506572877145 7.617885438262068 0.1
v -8.54842587643914 8.450663769882707 0.1
v -7.614754680358791 9.064411053772872 0.1
l 3161 3162 3163 3164 3165
v -6.189629422925867 11.386947084754226 0.1
v -7.703394982843983 11.864195776489835 0.1
v -7.570673460717164 12.5234860337636 0.1
v -7.581174989463429 12.160024507419859 0.1
v -7.39385492297296 12.27372110509393 0.1
l 3166 3167 3168 3169 3170
v 13.214429374132443 4.610642356376159 0.1
v 12.741752681431624 4.8280142074685255 0.1
v 12.72668073363148 5.078635224090862 0.1
v 12.56272564753569 3.885804562627161 0.1
v 11.845428803991226 3.9639863992252495 0.1
l 3171 3172 3173 3174 3175
v -7.400110709297712 -2.917905271985556 0.1
v -6.691422577939852 -3.791468895347509 0.1
v -7.776597709416027 -3.727221395414529 0.1
v -6.527425295213591 -2.1339996334331746 0.1
v -7.864691363247159 -2.30547980498392 0.1
l 3176 3177 3178 3179 3180
v -5.437229428409298 10.53572465876448 0.1
v -5.0446378732924355 9.97512571735991 0.1
v -6.068871266884789 10.079772130443306 0.1
v -6.039142322390649 9.097008794562143 0.1
v -4.822569416861917 10.94924632309945 0.1
l 3181 3182 3183 3184 3185
v 12.046203230092042 3.9747591326605587 0.1
v 10.441307292768391 3.434340889960405 0.1
v 12.028472742135126 4.416840726953573 0.1
v 11.663608593840259 4.247484747214484 0.1
v 10.295005322804608 4.669428646840344 0.1
l 3186 3187 3188 3189 3190
v -5.1075768430052335 -8.842803465009505 0.1
v -5.468670986335966 -9.501945249538627 0.1
v -5.664458182117616 -8.911989649349549 0.1
v -5.529401920825479 -8.068751723209479 0.1
v -5.710672703947781 -8.917587686206485 0.1
l 3191 3192 3193 3194 3195
v 6.490692178225698 -2.5026012824575146 0.1
v 6.338634160534505 -3.4306082406093945 0.1
v 6.6566822814988935 -1.7140305388156856 0.1
v 5.196727566197411 -2.7388958478007464 0.1
v 6.765828854575169 -3.2836080217644215 0.1
l 3196 3197 3198 3199 3200
v -4.2987381905588515 6.009547718801116 0.1
v -4.61897677327331 5.368936343436455 0.1
v -4.673842029128301 5.449272465247649 0.1
v -4.328184712907347 5.591884701779238 0.1
v -4.275514381349388 4.994600214734951 0.1
l 3201 3202 3203 3204 3205
v 6.783371007141741 -8.605396623290636 0.1
v 6.549464499843726 -8.762540451457438 0.1
v 6.974574624074266 -8.375219841702041 0.1
v 6.608899748465894 -9.686371431192299 0.1
v 7.159268160958408 -9.222313273934837 0.1
l 3206 3207 3208 3209 3210
v -11.112378413544223 -5.159698678578398 0.1
v -11.726856697008712 -5.924656364374744 0.1
v -12.129834070501408 -5.224733029090821 0.1
v -11.379288189157752 -4.573352780621849 0.1
v -12.600130168392495 -4.31269128953593 0.1
l 3211 3212 3213 3214 3215
v 3.102706224722978 -3.440987441047938 0.1
v 3.576784864481771 -2.267570578077927 0.1
v 3.578760390099711 -2.0771634984552776 0.1
v 4.0050742580404215 -1.8812836157215564 0.1
v 3.0251933577995995 -2.3158058738773 0.1
l 3216 3217 3218 3219 3220
v 0.49234527131643513 0.9899692582126389 0.1
v 1.3664327025173675 1.4359903074803924 0.1
v -0.17483480383009997 1.8053541161925994 0.1
v 0.7858592361196273 1.0987684489466623 0.1
v 1.5982085398967303 1.3657272888802876 0.1
l 3221 3222 3223 3224 3225
v -3.620406238707691 5.715356481299565 0.1
v -3.628754289390731 6.0938832021095815 0.1
v -4.0357287213549125 7.010834364739409 0.1
v -4.484967767262433 6.0921689721096035 0.1
v -4.2419467568963505 5.48437364300531 0.1
l 3226 3227 3228 3229 3230
v 12.946166618783213 -6.995262953007209 0.1
v 11.866952089389763 -6.9472702370713035 0.1
v 12.439205798823991 -5.9584250858256915 0.1
v 11.96908042976975 -6.769711496707487 0.1
v 13.43898867071221 -7.165348011648066 0.1
l 3231 3232 3233 3234 3235
v 0.864337946790944 14.023678480040179 0.1
v 0.006309817218577818 14.297619086030796 0.1
v -0.05993192427456129 13.303449557361855 0.1
v 0.12200597156680426 13.390666023965538 0.1
v 1.5179944094971747 14.389439807594812 0.1
l 3236 3237 3238 3239 3240
v 7.7713974821794825 -12.772929354553884 0.1
v 8.366108041778118 -12.763345427120324 0.1
v 8.813790620080802 -11.388432597775099 0.1
v 9.13960886422475 -11.573178043898167 0.1
v 7.856026221120936 -12.466345861170394 0.1
l 3241 3242 3243 3244 3245
v 3.910070895111075 7.198593879939898 0.1
v 4.230246503384712 5.66983622531019 0.1
v 3.1126399817430714 7.461819011064343 0.1
v 2.5278485656804524 6.445172925729781 0.1
v 4.243393280877893 6.801063818003577 0.1
l 3246 3247 3248 3249 3250
v -11.523493879202148 11.683292982947831 0.1
v -10.428254605765257 11.625323839408718 0.1
v -10.038939832848104 10.81852150726801 0.1
v -10.209522905302086 12.716829527471408 0.1
v -11.229266951452022 10.870612509915809 0.1
l 3251 3252 3253 3254 3255
v 0.9436882138392819 -2.1177026082916965 0.1
v -0.005758508335862 -3.362235560763419 0.1
v 0.7997073123074099 -3.627402695121633 0.1
v 0.42637220052795866 -2.485616234127485 0.1
v 0.009352086286004813 -2.6323423313086325 0.1
l 3256 3257 3258 3259 3260
v 1.16221699124762 13.518622748143624 0.1
v 0.3949796497464271 12.978034364287218 0.1
v 1.5151925420146253 14.073419233065746 0.1
v 1.2640317266271657 12.229289130293138 0.1
v 1.1611307601222551 12.251536367823292 0.1
l 3261 3262 3263 3264 3265
v -6.39994339790503 -14.840682156789976 0.1
v -6.378373533802312 -14.302357030023876 0.1
v -6.642954248575102 -13.889498704911059 0.1
v -6.76211742881118 -13.495048138320676 0.1
v -7.384889612516406 -13.161317250934951 0.1
l 3266 3267 3268 3269 3270
v -2.472336089930585 -11.403685524860363 0.1
v -1.927562722863915 -10.667052648775272 0.1
v -1.5118204595563387 -9.854419624312502 0.1
v -2.124380577632974 -10.111979660047403 0.1
v -2.2461875848834785 -11.27255286612452 0.1
l 3271 3272 3273 3274 3275
v -14.403496836198507 14.263393840247836 0.1
v -14.354259716938902 14.515087253287371 0.1
v -15.38006192392776 13.97119529507489 0.1
v -14.480021101219426 12.81173919051531 0.1
v -14.676105232469201 13.941050906043717 0.1
l 3276 3277 3278 3279 3280
v 6.221608838333362 -4.016701961326074 0.1
v 5.262359557503142 -5.380674350111395 0.1
v 5.429346139160631 -3.8215113687684026 0.1
v 5.830704344601792 -5.426309072533349 0.1
v 6.3660760850828915 -4.960886834437808 0.1
l 3281 3282 3283 3284 3285
v 6.162433634858951 7.428072633528069 0.1
v 7.1759437630814356 6.371201083263555 0.1
v 7.006231063321159 7.096991771040216 0.1
v 7.087835323240531 6.160378800703251 0.1
v 6.373064583397993 7.508818666929217 0.1
l 3286 3287 3288 3289 3290
v 15.018178309319339 -5.1843245212494296 0.1
v 14.83512172744325 -5.144516679126168 0.1
v 15.435366612559289 -4.992997434108772 0.1
v 15.189166147308008 -5.23918499003234 0.1
v 14.576374808044385 -3.8068489713188756 0.1
l 3291 3292 3293 3294 3295
v -14.117714874166449 7.588483186103529 0.1
v -12.732092721200754 8.829264040802283 0.1
v -13.329021191168593 8.763594994751516 0.1
v -14.240651502293781 8.324064673314902 0.1
v -14.662227772846693 7.134164911711445 0.1
l 3296 3297 3298 3299 3300
v 4.3929156539411816 -8.907526956874534 0.1
v 4.655155361540039 -7.935807857395587 0.1
v 5.078961744649457 -7.959246397347847 0.1
v 5.010026629600715 -7.772879609789408 0.1
v 5.133172606960825 -9.11198284771517 0.1
l 3301 3302 3303 3304 3305
v 6.299312570176492 12.262487454603228 0.1
v 7.179655210430224 13.001290126903514 0.1
v 5.628045024583739 13.297107922076155 0.1
v 5.431140130927751 13.424627700971989 0.1
v 5.904289390133888 13.490772200092268 0.1
l 3306 3307 3308 3309 3310
v 14.028851788281578 6.909738509543139 0.1
v 14.097659974817219 7.267503714697258 0.1
v 13.764194187281594 7.8296793874186195 0.1
v 13.853017008764697 6.92251067337774 0.1
v 13.983432231276968 7.877078150947909 0.1
l 3311 3312 3313 3314 3315
v -2.896171976051035 -9.246460327014123 0.1
v -2.096027919893156 -9.794776379986004 0.1
v -3.092876718577621 -9.237991212790838 0.1
v -1.8406345089246365 -9.38903473193091 0.1
v -3.543970105993014 -9.624234457927868 0.1
l 3316 3317 3318 3319 3320
v -4.168725740166886 8.83737596375921 0.1
v -4.120751330266263 8.148451706349416 0.1
v -4.208892589860052 8.042097238211515 0.1
v -4.847887731861727 7.1725687772707625 0.1
v -4.081285263214873 8.48292984194058 0.1
l 3321 3322 3323 3324 3325
v 11.548511083958159 -0.9420628338579848 0.1
v 12.517180489084808 -1.3454035357740637 0.1
v 11.227120936481866 -0.6414669559972384 0.1
v 13.031692906744878 -0.9870233362166927 0.1
v 11.576766047150528 -0.7750741653774258 0.1
l 3326 3327 3328 3329 3330
v -10.828819077613499 -1.5378880868700615 0.1
v -11.592730330507584 -1.4227784025952568 0.1
v -10.63356758842167 -2.056641364901589 0.1
v -11.349255022908405 -0.7895394855720139 0.1
v -11.26417324335636 -1.934662112684058 0.1
l 3331 3332 3333 3334 3335
v 13.783348102741106 4.285242999536469 0.1
v 13.559831328510999 4.112049469681129 0.1
v 12.20424864322849 4.692392149992591 0.1
v 12.957280085285666 4.7934138377509345 0.1
v 13.823140911411938 5.634959775474223 0.1
l 3336 3337 3338 3339 3340
v 2.9148304055006378 1.7485166350743244 0.1
v 0.9652837402271597 1.5501721968721427 0.1
v 1.8053819336666648 1.6586045406786893 0.1
v 2.6220197664269818 2.0953482970121597 0.1
v 2.8057133408520443 2.4004507999411584 0.1
l 3341 3342 3343 3344 3345
v 6.423024490940541 6.340247428191045 0.1
v 6.565269390150367 4.748364173007124 0.1
v 6.01611468303877 5.763706952750359 0.1
v 6.283270580155941 6.116335779192774 0.1
v 6.303416143129721 4.9998615313205885 0.1
l 3346 3347 3348 3349 3350
v 8.562922971835194 -5.786126826276409 0.1
v 8.086450652048148 -6.402585445879352 0.1
v 7.60688386333384 -6.675335458849728 0.1
v 7.1616018453356745 -5.8126371415335525 0.1
v 7.183136593133306 -7.271593005469411 0.1
l 3351 3352 3353 3354 3355
v -2.926593733010259 2.8884603348045808 0.1
v -2.029324546739124 3.504365043820161 0.1
v -2.2556345653105563 4.421048669706738 0.1
v -3.0397548014356555 2.942692465933133 0.1
v -2.683546772076845 3.7364064506679258 0.1
l 3356 3357 3358 3359 3360
v 6.679389321324616 0.5770572159956249 0.1
v 7.087740187110613 0.9675774704610629 0.1
v 6.910423916141882 -0.5787262145940781 0.1
v 5.46774363417694 -0.7225592127190243 0.1
v 5.811565327535677 -0.03423315257749615 0.1
l 3361 3362 3363 3364 3365
v 6.251566367160105 5.308712932570716 0.1
v 5.319944465157066 4.642736911450631 0.1
v 4.648959675866546 4.70556677363005 0.1
v 5.50289980011666 4.528517551553187 0.1
v 5.109018617843031 4.280742623866944 0.1
l 3366 3367 3368 3369 3370
v 6.853083865364457 -13.249510279829387 0.1
v 6.830709002014041 -14.34361608494949 0.1
v 6.458447275756175 -13.238155388037189 0.1
v 7.889872075747271 -14.417301524553329 0.1
v 7.826384959001371 -13.949471733935875 0.1
l 3371 3372 3373 3374 3375
v -4.456651855680584 -3.203415679419754 0.1
v -3.7979218671480854 -3.484764416777372 0.1
v -4.80570789241681 -3.358162989539345 0.1
v -4.534609488710774 -3.1219466673394543 0.1
v -3.986978642763973 -2.8497737312201785 0.1
l 3376 3377 3378 3379 3380
v 11.108857508915312 2.5538114716819753 0.1
v 9.903849079900798 0.8987255572554953 0.1
v 10.179169697289042 1.8746960404702675 0.1
v 11.50626246332939 1.0194901902288702 0.1
v 11.297119379468706 0.94404051937931 0.1
l 3381 3382 3383 3384 3385
v 0.08888950596956713 -13.913077171965423 0.1
v 1.6912928798527977 -14.09283928760796 0.1
v 1.0299160603991873 -14.838830383884389 0.1
v -0.11956531395687175 -14.517632904307916 0.1
v 1.533277674793884 -14.107307441891672 0.1
l 3386 3387 3388 3389 3390
v -2.365171507362624 9.876031222948098 0.1
v -1.6310112703321742 10.105653082957303 0.1
v -0.8144114911049232 8.966145383786555 0.1
v -2.6425130173624254 10.36523773645393 0.1
v -2.1764775814234665 9.097598140591796 0.1
l 3391 3392 3393 3394 3395
v -2.128039439173244 -8.75149717128737 0.1
v -1.1369145484552359 -8.102083032780332 0.1
v -1.312610008174732 -7.428324743208214 0.1
v -2.5828484727895757 -8.226745938345157 0.1
v -1.1243800083126116 -8.051780194250258 0.1
l 3396 3397 3398 3399 3400
v 13.217414342084798 -6.505126912685223 0.1
v 12.334038186442775 -6.529547839126537 0.1
v 13.295901142642286 -6.158426611353807 0.1
v 13.27442193224764 -4.697658144520285 0.1
v 13.368494127112712 -5.314224245395668 0.1
l 3401 3402 3403 3404 3405
v 8.013593335717154 8.996549892822703 0.1
v 7.398930395407184 10.631297876052999 0.1
v 7.297335795740837 9.429444909419178 0.1
v 7.616986949023547 9.915311471112092 0.1
v 7.0048641674671925 9.937289042227304 0.1
l 3406 3407 3408 3409 3410
v 8.39053625862193 11.700886070838543 0.1
v 7.830694099209404 13.470423868492652 0.1
v 7.452682799452095 13.255845906590027 0.1
v 8.53586523496914 13.067689284744464 0.1
v 7.633907976264334 12.701543151106105 0.1
l 3411 3412 3413 3414 3415
v -2.144641845532655 -4.9784977562874655 0.1
v -3.846826286825959 -4.239002093261728 0.1
v -3.8094815037802956 -6.009942092050753 0.1
v -3.0578835277676037 -5.822926633223291 0.1
v -2.274849573651932 -5.2736490594092285 0.1
l 3416 3417 3418 3419 3420
v 3.298447451044061 4.784483134293088 0.1
v 2.11305321651456 5.526013241857545 0.1
v 3.0114984490626586 5.3257930230445645 0.1
v 2.945411578851875 4.948358730688623 0.1
v 1.9109296691374873 5.289593351574084 0.1
l 3421 3422 3423 3424 3425
v 14.458346424213094 -3.6556215956350293 0.1
v 12.894721847671937 -3.0900341847762913 0.1
v 14.451087992457964 -2.4947337263910656 0.1
v 14.575331687666718 -2.9378951999915373 0.1
v 12.84519854063465 -3.351631010704665 0.1
l 3426 3427 3428 3429 3430
v -14.325275338790416 -7.283202030746876 0.1
v -13.756086377092034 -7.2603458831492365 0.1
v -15.289158467856803 -6.762002912656115 0.1
v -13.533797448632312 -5.665402850683511 0.1
v -13.913994256404827 -6.553332693585434 0.1
l 3431 3432 3433 3434 3435
v 3.4122043501373494 -15.375524711413588 0.1
v 2.6849937034503517 -14.456668109970401 0.1
v 2.677109155673839 -13.872785849687542 0.1
v 3.1755609300559824 -14.927214988404655 0.1
v 4.218794002611804 -15.489700035589017 0.1
l 3436 3437 3438 3439 3440
v -12.87425039471833 -13.889757505912048 0.1
v -12.258132211200131 -12.936815317994181 0.1
v -12.996031726909441 -12.207978606923428 0.1
v -12.89733136797264 -12.747395288129443 0.1
v -12.014669139143392 -12.817346049834153 0.1
l 3441 3442 3443 3444 3445
v -14.369120306305119 6.789229512143007 0.1
v -14.222453873334624 4.933294454370513 0.1
v -15.25465738675935 5.53967220032993 0.1
v -14.380812909010391 5.512406640494583 0.1
v -14.343529344727209 5.5443408003887305 0.1
l 3446 3447 3448 3449 3450
v 1.9557560658704365 8.902906103101856 0.1
v 2.417064588622295 9.152805353596296 0.1
v 2.9083230509485984 9.858867490562545 0.1
v 2.8577882692610084 9.636076120873035 0.1
v 2.802280996069993 8.818082805000202 0.1
l 3451 3452 3453 3454 3455
v -4.058114901965263 4.700491287321137 0.1
v -4.643501461357087 4.270459824999117 0.1
v -5.575959076197333 4.8862532358439426 0.1
v -3.6460377438178107 5.735413695366314 0.1
v -4.387922602356255 5.370166618160631 0.1
l 3456 3457 3458 3459 3460
v 5.389452712938009 13.097339696239505 0.1
v 5.84104847042475 13.619027614874987 0.1
v 5.786149903187419 13.558483248050303 0.1
v 7.08759350135761 13.09668883444564 0.1
v 6.888373785600717 12.962793564430568 0.1
l 3461 3462 3463 3464 3465
v -6.87156842269449 -11.775000128370088 0.1
v -7.759718754676819 -12.975520866907397 0.1
v -8.321276853035664 -12.055745928078057 0.1
v -6.52346741111403 -13.186467466573045 0.1
v -6.7283686531717315 -13.036535184599625 0.1
l 3466 3467 3468 3469 3470
v -12.537326194676167 1.9531807018353748 0.1
v -11.286563860210691 1.9178496548069113 0.1
v -11.078706365884045 1.464054722668185 0.1
v -12.0574424387911 2.493910171296309 0.1
v -11.360682539082772 2.9071907551813343 0.1
l 3471 3472 3473 3474 3475
v -9.415463895083327 -12.961718761308774 0.1
v -8.96013632306484 -14.565521520014304 0.1
v -7.762721260621375 -13.144403101605544 0.1
v -9.48559903878943 -14.596200955056576 0.1
v -7.961139167192145 -13.896214045417379 0.1
l 3476 3477 3478 3479 3480
v 4.693088707337592 -7.84664150044784 0.1
v 4.3644159654780434 -6.801877695695918 0.1
v 4.380495963186524 -6.886954679576604 0.1
v 3.527382667909678 -6.747231697798021 0.1
v 3.976811727684039 -7.379941753821802 0.1
l 3481 3482 3483 3484 3485
v 10.891237339632283 11.066749211933995 0.1
v 9.846973421439442 10.243406442571189 0.1
v 10.599585552840999 11.15118058675407 0.1
v 10.383716823353376 10.633870823619441 0.1
v 11.091987385762888 11.393735029704908 0.1
l 3486 3487 3488 3489 3490
v 2.603217236125789 14.008331795110077 0.1
v 3.8503951128980125 12.896941827080996 0.1
v 3.068230899426328 14.34717217663153 0.1
v 3.5702470745613994 13.715278469619832 0.1
v 4.187475857689225 14.548306501997219 0.1
l 3491 3492 3493 3494 3495
v 10.640926787310786 -2.997843327350698 0.1
v 11.118572682478655 -4.1663561845131065 0.1
v 10.88572465571637 -3.3134871603575773 0.1
v 10.405926953507363 -3.0376333003829865 0.1
v 12.273142154408802 -4.039183185273931 0.1
l 3496 3497 3498 3499 3500
v -15.11841606038891 -12.47966811311377 0.1
v -14.364194761583821 -12.249046745425934 0.1
v -15.142183775669592 -11.23870987042583 0.1
v -15.06986355900569 -11.160582318765796 0.1
v -13.751732231929847 -11.856167839064558 0.1
l 3501 3502 3503 3504 3505
v -6.856842757064224 15.117929630037866 0.1
v -7.26450742909456 14.758864915023025 0.1
v -7.338519265871979 15.166423071743116 0.1
v -7.661350808314913 14.270385919279427 0.1
v -7.228011121215488 13.662226329990133 0.1
l 3506 3507 3508 3509 3510
v 13.254570656240212 5.996985188322363 0.1
v 13.639855377185006 5.77572794427303 0.1
v 12.268082287675227 6.979903096841117 0.1
v 13.58693225050093 7.083225953296853 0.1
v 13.394474696845728 6.034632450659432 0.1
l 3511 3512 3513 3514 3515
v -4.799807921443586 -7.312837015843591 0.1
v -5.468570473665198 -6.864970717158605 0.1
v -4.756659086752277 -6.934528154176066 0.1
v -5.170863362358311 -8.472117762777529 0.1
v -3.5636899438152074 -7.834515243101974 0.1
l 3516 3517 3518 3519 3520
v 9.143866368179113 5.799867658448942 0.1
v 10.043856348312362 6.971019837646918 0.1
v 10.717803005802333 7.369731846637 0.1
v 10.304693067187161 7.1125924242019 0.1
v 9.223578367074722 6.6712408231241564 0.1
l 3521 3522 3523 3524 3525
v 2.660919464244469 12.281303457428093 0.1
v 2.6803179957783128 10.836206515076443 0.1
v 2.3551632307097776 10.94888717887749 0.1
v 0.9512199100807412 11.18389500340757 0.1
v 2.76386905029437 11.484229747936716 0.1
l 3526 3527 3528 3529 3530
v -4.610463192486674 -0.8886565768524424 0.1
v -4.7533382334827845 0.021295955098668884 0.1
v -4.518783940516045 -1.367862180883344 0.1
v -5.3991353820842765 -0.6533689335396555 0.1
v -5.261466329009872 -1.2491364928644868 0.1
l 3531 3532 3533 3534 3535
v 12.00499624723514 9.61583711732587 0.1
v 11.365011729495546 8.359825439239764 0.1
v 10.826280882200784 9.783669483195975 0.1
v 10.997366532443587 9.834252336269781 0.1
v 11.515963849865813 9.78121962583146 0.1
l 3536 3537 3538 3539 3540
v -8.06805693049965 0.9069311787827468 0.1
v -8.57947421867575 0.6498225319474575 0.1
v -8.140101935438562 1.022749510411691 0.1
v -9.635511291579581 1.6210289518498124 0.1
v -9.802703771955416 0.9906849448656798 0.1
l 3541 3542 3543 3544 3545
v 1.6886054710712142 -10.152800404692135 0.1
v 1.4901713055404677 -10.71667274803104 0.1
v 1.1854550323493438 -10.77089205432705 0.1
v 0.6404310094645778 -10.622716588323271 0.1
v 0.37364200143184667 -9.433370891338738 0.1
l 3546 3547 3548 3549 3550
v -1.461867370453086 6.099319912159826 0.1
v -1.4337049372634831 5.281535091114954 0.1
v -0.9335877298223221 4.777881546377656 0.1
v -1.1234582512908573 4.859437663699575 0.1
v -2.0336954899082738 4.618742129745278 0.1
l 3551 3552 3553 3554 3555
v 6.783163254953401 3.881788076460304 0.1
v 5.8600385706265055 3.1377847427784165 0.1
v 6.894311703672784 4.6897692436241725 0.1
v 6.305151798522044 3.744039979338952 0.1
v 5.615374255340852 4.219003733235637 0.1
l 3556 3557 3558 3559 3560
v 5.1834430104712315 5.722857120210974 0.1
v 5.219325068589807 4.608228684551331 0.1
v 4.741057398407777 4.788407968523921 0.1
v 5.52262610144158 5.033568787598907 0.1
v 6.1998093445689175 4.517089549149317 0.1
l 3561 3562 3563 3564 3565
v 0.5066938728483494 -5.774875038693177 0.1
v 1.1793612138659744 -6.273937739495805 0.1
v -0.15435375986133226 -6.012492223088691 0.1
v 0.4733708712240279 -4.726091786252989 0.1
v 1.652889703946885 -5.42099800982518 0.1
l 3566 3567 3568 3569 3570
v 14.395213882054124 2.674399018564011 0.1
v 13.966962770144246 1.4714776708081057 0.1
v 14.177430681069321 1.4497530332237296 0.1
v 14.58146737346836 2.891360850080174 0.1
v 14.497357955662167 1.4275592560073027 0.1
l 3571 3572 3573 3574 3575
v -6.506932938176134 6.216965720739589 0.1
v -7.359291804196924 5.187898707784813 0.1
v -7.028483672137813 6.199553003038772 0.1
v -5.404053806228381 5.104790774717104 0.1
v -6.499070971162952 5.525789241181578 0.1
l 3576 3577 3578 3579 3580
v -4.422720594869149 8.683192440699237 0.1
v -5.623746369583964 7.006133186465085 0.1
v -4.879925243556264 7.2570293499050305 0.1
v -3.9344992076858376 8.273357275376698 0.1
v -4.6816034519256355 8.745130729528222 0.1
l 3581 3582 3583 3584 3585
v -7.370121868724688 -7.4752547171124615 0.1
v -7.76937726285108 -8.3123505032597 0.1
v -7.172082527667173 -7.0551846812469 0.1
v -7.2844995693023575 -8.10574823224725 0.1
v -8.047556352248087 -6.411816404482217 0.1
l 3586 3587 3588 3589 3590
v -5.673416498575545 -1.9641743071385973 0.1
v -6.434547647749885 -1.7633073492263935 0.1
v -7.6354554997997806 -2.5736646886491057 0.1
v -5.8523043599347435 -1.430208401386727 0.1
v -6.06291129501638 -0.8487815391949327 0.1
l 3591 3592 3593 3594 3595
v -13.873577531494789 -13.113480686032709 0.1
v -14.648549534090549 -13.749633811199493 0.1
v -13.715887730964722 -13.134340996455178 0.1
v -14.602521626191683 -14.53690130857726 0.1
v -13.996081784750293 -12.85729203212292 0.1
l 3596 3597 3598 3599 3600
v 10.07520221448404 -6.839166756739982 0.1
v 10.897669876680947 -6.848629453211511 0.1
v 10.820728678167587 -5.1349558762723095 0.1
v 11.450675127250507 -5.20480559401065 0.1
v 11.789823920472154 -5.270515584677691 0.1
l 3601 3602 3603 3604 3605
v 13.228932864084788 -12.366023929016864 0.1
v 14.317250594984795 -13.650701659736225 0.1
v 13.96906888861143 -12.108915954293552 0.1
v 14.583520223191334 -12.077803863295467 0.1
v 13.662903053699766 -12.478994761661644 0.1
l 3606 3607 3608 3609 3610
v -2.262795790675604 -4.350688402546663 0.1
v -3.2648442315262614 -4.355875756263854 0.1
v -3.5896003003251375 -3.0357022208479973 0.1
v -3.6556891313677458 -3.038292942654973 0.1
v -2.3439876725380797 -2.6541510052242785 0.1
l 3611 3612 3613 3614 3615
v -12.536126669397321 0.2768397524106818 0.1
v -12.755413465397424 0.2676345154280566 0.1
v -12.946783221189856 0.42167278738905134 0.1
v -11.389047285531843 -0.14284753815591733 0.1
v -12.93048471631312 -0.06691224021731013 0.1
l 3616 3617 3618 3619 3620
v 15.433848968713773 15.461397451780416 0.1
v 13.488102969963085 14.784851037754443 0.1
v 14.297774028912478 15.554385908170936 0.1
v 14.509318071465415 14.37299842828086 0.1
v 14.751496322145334 15.769281268528687 0.1
l 3621 3622 3623 3624 3625
v -14.643436320818317 11.598482247750521 0.1
v -15.401791139827273 11.99995214394062 0.1
v -15.353404205869397 11.15320334715376 0.1
v -14.254443281022116 12.320948532786407 0.1
v -14.37913584089081 11.56139691760173 0.1
l 3626 3627 3628 3629 3630
v 1.1813981674440444 -0.8163484141384914 0.1
v 1.867278657253061 -1.0123399163383429 0.1
v 0.5310762613283575 -1.362835241960759 0.1
v 0.9128285764610162 -1.6909149810218995 0.1
v 1.2510312336506795 -0.9344554519849053 0.1
l 3631 3632 3633 3634 3635
v 3.897973014773685 -7.388825988633222 0.1
v 2.475864015859068 -7.916966673333648 0.1
v 2.2884376891071714 -8.213724274375354 0.1
v 2.3450842173550654 -7.515593919930383 0.1
v 3.633768407370265 -7.4855439659797955 0.1
l 3636 3637 3638 3639 3640
v 3.060455590979363 12.276427664732372 0.1
v 3.427278056776771 11.589969224358292 0.1
v 3.307356985945492 11.497696520814443 0.1
v 3.4099892855982428 13.148700607178604 0.1
v 2.8579053056512267 13.137343744215059 0.1
l 3641 3642 3643 3644 3645
v 1.372480342603655 -5.860507095359297 0.1
v 0.44533149261239435 -6.01003306572707 0.1
v 1.864718416399872 -5.723770430833784 0.1
v 1.3500101210494757 -4.924627870633403 0.1
v 0.8493807340003754 -4.576289065416338 0.1
l 3646 3647 3648 3649 3650
v 3.0644155886774413 -9.18822295936948 0.1
v 3.624819202341664 -7.623732280863017 0.1
v 4.048508340151123 -7.842737113189437 0.1
v 2.806111296094796 -9.449437327298805 0.1
v 3.4772224857139857 -9.3413398142422 0.1
l 3651 3652 3653 3654 3655
v -2.9959358959341125 -13.556574080899011 0.1
v -3.022841663556392 -13.305162247061677 0.1
v -3.257619534545783 -13.250857189855697 0.1
v -2.935112793995869 -13.009657585912095 0.1
v -3.0271262792238973 -13.004807866283697 0.1
l 3656 3657 3658 3659 3660
v -10.620113185410293 15.007549190285879 0.1
v -10.900044006238824 13.547982348103922 0.1
v -9.853966879788755 13.891063006268263 0.1
v -10.097851354842952 14.046041636614982 0.1
v -9.986641843518365 14.65574019806684 0.1
l 3661 3662 3663 3664 3665
v 2.4486500831185714 11.813552127493299 0.1
v 2.9898313443164772 11.547646561972627 0.1
v 3.901833740821443 12.292915255032332 0.1
v 2.976676421895897 11.84909079308673 0.1
v 3.967939657165962 12.075144392148722 0.1
l 3666 3667 3668 3669 3670
v 11.822792282684881 -14.000100347503754 0.1
v 11.979342651650882 -14.848367007867694 0.1
v 12.582055993234505 -13.411688256545473 0.1
v 12.470267716607959 -14.490859378541309 0.1
v 12.309765331558536 -14.479109272785474 0.1
l 3671 3672 3673 3674 3675
v 4.141014046823116 3.5550821971765645 0.1
v 4.729719581966961 2.5750331861434548 0.1
v 5.276328758404716 2.1131909787032033 0.1
v 4.404260259067301 3.5283375008789517 0.1
v 4.375710721669922 2.852330480715864 0.1
l 3676 3677 3678 3679 3680
v -5.7827543698159625 0.3818299070059341 0.1
v -5.786331784379325 0.05394376904099851 0.1
v -5.36719304190969 0.138179517204289 0.1
v -6.041300428182548 -0.7466784172524852 0.1
v -5.43801579673385 -0.6944915571606833 0.1
l 3681 3682 3683 3684 3685
v 8.941882857919778 1.4220819937958002 0.1
v 7.894216002313759 1.439458169024326 0.1
v 8.943068933697441 1.681556228650406 0.1
v 8.757072677976094 1.1084136356978946 0.1
v 7.881856989481523 2.0906500783695092 0.1
l 3686 3687 3688 3689 3690
v 12.490154415106664 9.594198181858747 0.1
v 12.703391145850793 10.410141378967998 0.1
v 11.661951398258648 8.868923336944693 0.1
v 12.532193558537873 10.308303777745547 0.1
v 11.267389320100966 10.14187674819106 0.1
l 3691 3692 3693 3694 3695
v 10.069142641775635 3.7693321631326056 0.1
v 10.335845498390077 3.8309345000284845 0.1
v 9.38915395208431 3.0705947700285567 0.1
v 10.193412935881854 4.217033245939466 0.1
v 8.655412602130099 3.8260075726292415 0.1
l 3696 3697 3698 3699 3700
v 0.11546581548585433 9.027129302374796 0.1
v -0.8705054225766062 8.668430217945799 0.1
v 0.45657924228853286 9.862963723030774 0.1
v -0.9862913289149255 8.851565101932744 0.1
v -0.35150331656194544 9.685992108532533 0.1
l 3701 3702 3703 3704 3705
v 10.227511916910588 -14.597114888710989 0.1
v 10.85995439898568 -13.001790959289858 0.1
v 9.55400148566136 -13.177405106248907 0.1
v 10.739589474767229 -13.456996605187458 0.1
v 10.984113714099365 -13.704546814614236 0.1
l 3706 3707 3708 3709 3710
v -12.04806143517496 5.916128819950377 0.1
v -11.790162327434352 5.977244594400785 0.1
v -11.529613615581265 6.878588941829179 0.1
v -11.64309909295449 7.117166287207116 0.1
v -10.971833580458474 5.7490126824801315 0.1
l 3711 3712 3713 3714 3715
v 5.883041168837625 12.790630194440453 0.1
v 5.939851961118636 11.509462877861989 0.1
v 6.231947869958831 12.551606843454822 0.1
v 4.388289083564052 11.678753118723526 0.1
v 4.289122226093166 12.807201291356655 0.1
l 3716 3717 3718 3719 3720
v -0.31939367560058973 7.118574105704959 0.1
v -0.8692427210430866 6.221314912149628 0.1
v -0.619539380140701 6.695970670606099 0.1
v -0.5312963835521751 6.541883634414079 0.1
v -0.8777697701713201 6.164321331652058 0.1
l 3721 3722 3723 3724 3725
v 0.5744821068019144 -0.7329441361732738 0.1
v -0.2889083183929111 0.24137024091731218 0.1
v -0.4592357352761982 -0.34485951177502683 0.1
v -0.018189784611799098 -1.0960933985712413 0.1
v -0.02055531012726486 -1.157687099940286 0.1
l 3726 3727 3728 3729 3730
v -12.82113109040931 -11.446099604952035 0.1
v -12.967791860987663 -11.238351522974455 0.1
v -12.798879056194243 -10.177606477641003 0.1
v -13.656222604457048 -10.07944812001112 0.1
v -13.034271957440694 -10.52433243285946 0.1
l 3731 3732 3733 3734 3735
v 11.904258772971101 4.687800605016786 0.1
v 10.323704638029724 4.723619922021607 0.1
v 10.478602970865628 4.525613018145117 0.1
v 10.7558129879382 4.655954099071463 0.1
v 11.633396273445747 4.151116833118875 0.1
l 3736 3737 3738 3739 3740
v -1.3973389634967823 2.74962883670464 0.1
v -2.3979593218791377 3.3530298672069376 0.1
v -1.3017339991876853 3.4625584422147955 0.1
v -1.2688984098632032 3.195746870404726 0.1
v -0.8635148116662694 3.8224051716358125 0.1
l 3741 3742 3743 3744 3745
v -10.911574710632305 -13.039786568890408 0.1
v -12.745532019790517 -13.173632339836443 0.1
v -11.375358231336236 -14.019086104263872 0.1
v -11.403758100228018 -13.575651786285285 0.1
v -11.735824696637309 -13.333454222138574 0.1
l 3746 3747 3748 3749 3750
v 12.262662595006875 -7.953008022367742 0.1
v 11.872071934089131 -7.039050217790794 0.1
v 12.164836704400118 -7.332495108716605 0.1
v 12.101623593236393 -8.122877508628726 0.1
v 12.411629991954985 -7.954796374966283 0.1
l 3751 3752 3753 3754 3755
v 8.67703294687625 -0.9909890991233856 0.1
v 8.330069478586324 -1.4831572527047017 0.1
v 9.231171629683105 -1.6702144978427722 0.1
v 8.719539223633276 -0.9895198743884119 0.1
v 9.432016084310295 -1.6959213455467363 0.1
l 3756 3757 3758 3759 3760
v 9.833435550817555 5.454863994424452 0.1
v 10.771701031416251 5.652893641726554 0.1
v 10.866938496717644 5.458074650456592 0.1
v 10.685097594268692 5.030997338262279 0.1
v 9.653374791607597 4.955406590406708 0.1
l 3761 3762 3763 3764 3765
v 14.950012028099287 -2.1049413516264655 0.1
v 13.894502279887815 -2.2683686724972976 0.1
v 14.60842713353107 -1.19968634371747 0.1
v 15.356911091522997 -1.8555200243037449 0.1
v 13.853750192814832 -0.9864729811448107 0.1
l 3766 3767 3768 3769 3770
v -4.164864731888701 -12.652400445404734 0.1
v -5.100767193318075 -12.752079281558686 0.1
v -4.190005294716845 -12.016212897016038 0.1
v -4.184569152810949 -11.243049426074728 0.1
v -4.129266221094815 -11.996608861536952 0.1
l 3771 3772 3773 3774 3775
v 10.071487062898946 0.8738025292821321 0.1
v 11.268218261424378 -0.6250186379798977 0.1
v 11.489564213314269 0.8485871766140753 0.1
v 10.703057478854356 -0.10601986892503246 0.1
v 10.03648612425572 0.9346476076665404 0.1
l 3776 3777 3778 3779 3780
v 1.495008183443296 8.335109684386893 0.1
v 0.6230513460738607 7.96068990490835 0.1
v 1.0227710390666702 8.73024187233454 0.1
v 1.1928395806512444 7.841466499441169 0.1
v -0.3784409860235798 8.639150140713763 0.1
l 3781 3782 3783 3784 3785
v 7.800898317644245 6.9739859969599785 0.1
v 6.9914115823332885 7.974513212660301 0.1
v 7.8688183502418685 7.966645993969091 0.1
v 7.763237268490837 8.135835055388304 0.1
v 7.9809639850420435 6.774525220146097 0.1
l 3786 3787 3788 3789 3790
v 10.373773890942907 6.200430292050969 0.1
v 10.522643922425841 6.434217590329432 0.1
v 9.310201030488216 6.387291153278436 0.1
v 9.043733168640292 7.515565478750647 0.1
v 8.838890471777095 6.00270907359502 0.1
l 3791 3792 3793 3794 3795
v -3.092244575769892 12.312378225755715 0.1
v -3.8723114986126976 11.850529160279363 0.1
v -3.685124458215987 12.035691949424411 0.1
v -3.8860142380584266 11.250008852941972 0.1
v -3.691431824719645 11.088522474788201 0.1
l 3796 3797 3798 3799 3800
v 8.397028797817802 14.849107336239046 0.1
v 8.50648883752309 13.575534787809392 0.1
v 8.305347930305782 13.937929090752558 0.1
v 8.557745515939622 13.994352334352893 0.1
v 8.2144972141327 15.031328826734361 0.1
l 3801 3802 3803 3804 3805
v -5.860481152338432 -5.082397274981658 0.1
v -6.330108806870914 -4.392497551996377 0.1
v -5.418390963524624 -4.063865980065209 0.1
v -5.146977950873012 -5.448495328331727 0.1
v -5.7003442927462 -3.7626014605802673 0.1
l 3806 3807 3808 3809 3810
v -9.139241090315704 -12.798425936329062 0.1
v -7.81266670564412 -12.875873832882577 0.1
v -8.507294946871411 -12.385332766450173 0.1
v -9.203285703929945 -13.025770385589372 0.1
v -8.093438373975268 -13.156147142186228 0.1
l 3811 3812 3813 3814 3815
v -0.7853598192414699 -5.979771137063826 0.1
v -0.1376911572766082 -5.67698859900984 0.1
v -1.4312064293037934 -4.754741498358058 0.1
v -0.6381930119796433 -5.1684324362074525 0.1
v -0.33462417079505125 -5.154665351166129 0.1
l 3816 3817 3818 3819 3820
v 9.798325328782418 -9.809807892146095 0.1
v 8.69181788882784 -8.685034904420686 0.1
v 9.082241806362834 -9.027482942804715 0.1
v 9.892876130421849 -9.569057716301533 0.1
v 9.807327507724525 -9.38339520371046 0.1
l 3821 3822 3823 3824 3825
v -7.978487879189762 3.393916244824797 0.1
v -8.263516329287802 3.966243036826454 0.1
v -8.907451125923961 3.696607126584904 0.1
v -8.349127201480895 2.7544027554141763 0.1
v -9.296352390054494 3.4662340606000788 0.1
l 3826 3827 3828 3829 3830
v 7.841291254330116 5.037826213369808 0.1
v 6.367020328585737 5.617922133155865 0.1
v 7.586036795560281 4.802723692869552 0.1
v 6.8662856470032585 5.659667268494041 0.1
v 6.209158680269795 5.4579544302154215 0.1
l 3831 3832 3833 3834 3835
