# Cyvl Generated CAD Model
o Street_Mesh
v 13.923832010594197 5.880434963852167 0.0
v 3.4589772899635136 11.117961334064603 0.0
v -10.625275599537417 12.055986670777202 0.0
v 12.26984954928048 -6.990733086131513 0.0
v -6.261113377462607 -2.6102631464600563 0.0
v -9.093665047956165 3.922619517892599 0.0
v 14.87435057980474 6.057248208671808 0.0
v -7.6163532004575245 -8.254490264691412 0.0
v -13.496594396885484 -5.2620560908690095 0.0
v -2.5462548680370674 -13.433610127307475 0.0
v -4.811437054479029 5.654456414282322 0.0
v -6.908998252591118 -8.054337307810783 0.0
v 5.030424078402575 6.191754954867065 0.0
v 10.978985750523861 -2.6782053411006927 0.0
v 2.5209449499379843 8.564466743730009 0.0
v -2.8614060188410804 3.786125533282757 0.0
v -5.786777701694518 1.0552022997289896 0.0
v 6.635437468648888 -9.043582527898252 0.0
v 3.0957527187420055 6.882055075839162 0.0
v 5.410085315699689 -11.489745784550905 0.0
v -2.479261318454519 3.172683833166957 0.0
v -7.473766525276005 11.659228404052556 0.0
v 0.9079272328526713 -3.7827988089993596 0.0
v 6.412375541112851 0.7905399724841118 0.0
v -9.400600266119 4.665283020585775 0.0
v -11.281186040781904 11.94591324403882 0.0
v 7.0726107326336205 11.701605489477515 0.0
v 0.9616390718147159 7.718790830112994 0.0
v 6.298666074406356 -5.8585768872871995 0.0
v -12.179165863315575 -0.5120468977838755 0.0
v 6.79242924816208 -5.398271610960364 0.0
v -8.885814413719345 -11.579347581602633 0.0
v 4.046798647032119 5.873478622175753 0.0
v -1.2826434224261902 -5.367717411369085 0.0
v 10.719996607163921 0.6148330699652433 0.0
v -13.377355398784857 8.492323123849928 0.0
v -12.928848072595429 11.739898847416043 0.0
v -12.333683995064348 2.7745285630226135 0.0
v 11.126004935009405 0.8385833473876119 0.0
v -5.104204109404236 10.276450115256011 0.0
v -14.491405600390863 -0.62762560416013 0.0
v 8.223342351615429 2.1242361906915903 0.0
v 1.7095989153604023 13.442945278249681 0.0
v 4.334227822488174 0.5895318044349551 0.0
v 0.7617078268085606 -8.942721725441515 0.0
v -9.3226852613152 -2.751779302023351 0.0
v -9.14719246851746 12.365633902139962 0.0
v -11.722091629402712 -7.500864673405886 0.0
v 13.801602965919301 13.738503705710173 0.0
v -10.188199441879988 2.279771836474538 0.0
v -3.8695816916879267 1.4895653072744608 0.0
v 5.461570473155007 -7.684879029169679 0.0
v -14.657782768423203 -5.290864955633879 0.0
v -9.719936230918393 -3.7835123632103205 0.0
v -6.909095574868843 -5.70002269372344 0.0
v -3.5320980589604005 -13.550170658156276 0.0
v 0.468300171662122 -10.385998514480889 0.0
v -3.2170312775997445 -3.176539440639317 0.0
v -9.231081040692516 11.227649062871933 0.0
v 1.1004515447421 12.858294932171702 0.0
v 11.774235091463197 -4.79767791647464 0.0
v 8.5004680447164 -7.58520850725472 0.0
v 1.2488198434002697 -5.480021622031927 0.0
v -7.733237748267129 -7.3282557390630245 0.0
v -10.422007673885673 14.074643103405833 0.0
v 12.76862891804194 12.233754321932793 0.0
v -4.467711979756132 12.043434071354568 0.0
v -2.205491788103245 13.350650096312165 0.0
v -9.643561323580798 -2.1754996348172426 0.0
v -2.6345860647270456 -11.368951410986483 0.0
v -5.880939188587945 6.716856759041548 0.0
v -13.057917017082218 -9.02036562282592 0.0
v -9.009592325543053 -14.975058079697192 0.0
v -0.43760184658458456 -9.702491086907685 0.0
v 7.27639867446851 -9.445892358198762 0.0
v -0.7146591892815195 7.6470011649653316 0.0
v -8.869445121556055 4.987134043127298 0.0
v 14.14850712538464 9.05327087175101 0.0
v 14.883206866215914 8.967713569290936 0.0
v 6.645877703092992 14.522303429432213 0.0
v -7.461200694029685 9.982805082574487 0.0
v -6.0015560951433145 12.910045976750553 0.0
v -6.949966876767576 7.419020333327353 0.0
v 12.919021693291143 -13.395384409464896 0.0
v -5.287866899452638 4.341114521026611 0.0
v -1.1308873250964098 -7.926781365647912 0.0
v 0.13346525421366096 10.830336334183812 0.0
v -3.2882632009568624 11.28046621195972 0.0
v -8.202518688573036 0.2804646948352456 0.0
v 12.504818563931622 7.66902063600719 0.0
v -14.159547391987871 -2.9261895148083568 0.0
v -9.957123987958767 -0.6350593315437436 0.0
v -9.744749077246524 -4.357788373716176 0.0
v 4.4486747606424615 -0.7157266233116388 0.0
v -8.04267809225712 10.3352338578552 0.0
v 12.407129086263012 12.210259409621358 0.0
v -6.546493214787915 -13.460088282823563 0.0
v -14.038939023506828 -12.15751030575484 0.0
v 10.234964338946156 -9.560584708116949 0.0
v 5.522471859410871 7.3000810742378235 0.0
v 14.897552169801202 -9.783857492730021 0.0
v 6.608736202295404 3.8835959350690246 0.0
v 6.2124695657985285 -0.9854572713375092 0.0
v 10.637964384222869 13.733180370181799 0.0
v 7.42526710475795 -3.406278652139008 0.0
v -5.216829311160836 -12.848994287662208 0.0
v 0.6697587456437759 -12.773566462099552 0.0
v 4.408714742399752 0.9911397630348802 0.0
v -7.066423379816115 -13.7803637040779 0.0
v 2.323099539557006 9.104929673485458 0.0
v 0.01058805885259062 -8.413301676511765 0.0
v 1.2632791335345246 -12.772745164111257 0.0
v -8.755168579227757 -4.1427584402263165 0.0
v -10.650024264468811 -0.8521104734390974 0.0
v 12.538591013930272 11.832106078974903 0.0
v -2.7301571488496847 13.752810471691191 0.0
v -6.5833414233638905 -12.32070450950414 0.0
v 11.604043770348653 7.093968261964619 0.0
v -9.691799956548493 4.588217540644109 0.0
v -10.802684811409563 1.57720791362226 0.0
v 0.9982509869732894 -2.0608906960114837 0.0
v 5.465874028217513 -1.023148282431066 0.0
v 5.722262194554787 8.537928489036858 0.0
v 11.781922755821142 -8.261801518499851 0.0
v -13.696066757896915 9.699099513702095 0.0
v -12.385979153623339 13.824046024121344 0.0
v 1.6035739317303523 -14.184405834414065 0.0
v -14.120387785544153 0.349475490860641 0.0
v 1.179943060677033 9.425404431298375 0.0
v -0.612861989706289 6.997776923701167 0.0
v -13.687706762400921 1.0533809727057815 0.0
v -9.5609264911036 8.582209963351488 0.0
v -2.765679626900237 14.040295318700373 0.0
v 1.5235887874150649 0.23868680745363235 0.0
v 1.2889064081246033 0.8256005486473441 0.0
v 0.7220101859420538 -8.253803202882409 0.0
v -11.937546678062063 7.590837448835373 0.0
v 6.1290327672613785 -2.331380254589021 0.0
v -4.852763699833304 13.560887192375958 0.0
v 9.613776533456985 -8.97551172785461 0.0
v -0.9702320543583483 9.57843432109803 0.0
v -0.9263339517056011 9.334174671210349 0.0
v 10.320097017800435 -9.821747350506485 0.0
v -8.303673068119679 -14.377157577313483 0.0
v 9.724184554826934 -1.0349345849826932 0.0
v -13.57084922346985 1.6054805452004075 0.0
v -8.8575511056697 -5.697049960494041 0.0
v -13.190929638803937 8.827772020362318 0.0
v 11.44069277041126 -8.637540478259325 0.0
v -12.314257107092999 5.997896743938327 0.0
v 0.7715965626994148 -1.1051918910816312 0.0
v -14.339768295641989 7.1134416135028005 0.0
v -10.287135089107323 7.488498476333916 0.0
v 0.21240109991049394 2.8485822370275855 0.0
v 11.140509733580984 6.5366155579686165 0.0
v -13.60862236074172 -2.216811889782548 0.0
v -4.615334034140687 12.818210613913834 0.0
v -3.2418567932909355 8.022159197367728 0.0
v -9.128051977022551 -14.998347412794828 0.0
v 13.760083518049214 -8.864439222030342 0.0
v -1.8015043982304633 0.5518271308392286 0.0
v 0.9805226212483831 -10.718375095166266 0.0
v 2.153787891555112 2.4402319053187966 0.0
v 0.3811955325654708 -11.048040146939456 0.0
v -14.684995744784828 8.174516114406288 0.0
v -0.7368875228567049 -12.325112474150956 0.0
v 13.262937820283696 4.08513096626848 0.0
v -14.60968263662653 -3.945566641166806 0.0
v 11.943569383467548 8.818658783100545 0.0
v 12.478562984557357 -6.174168970435858 0.0
v 2.0011543318396434 -11.05738172866404 0.0
v -14.483781418239232 9.94329232815653 0.0
v 1.186045890150126 12.914144546724856 0.0
v 13.723904091108125 14.30289595387876 0.0
v -9.584506562852766 4.287787987850606 0.0
v -5.03358152898727 -13.432398999109864 0.0
v -7.964659855701029 -5.809037354774773 0.0
v -5.60520387487486 0.5729387104511261 0.0
v 13.023622760665603 -5.768164340406656 0.0
v -3.5436113974428736 -7.966033826582134 0.0
v 8.94165624154266 11.20052899979055 0.0
v 7.864258358546067 12.355847200378776 0.0
v 3.4048119899234734 9.809649582020938 0.0
v -8.261565720720682 4.839428102597594 0.0
v 8.020951866637915 -4.932803567498922 0.0
v 1.1281133936718106 7.075619637034833 0.0
v 14.366911035613157 4.979577999562025 0.0
v 9.22384951490676 7.884914057329297 0.0
v -5.594236047065351 13.806803123094141 0.0
v -12.356723320612218 -0.7078633503988385 0.0
v -8.922201027162373 -4.88514263741672 0.0
v 12.806160858948715 -0.16377014108002186 0.0
v -1.2356130802654661 -10.865575775504112 0.0
v 7.545889612811152 -11.605737352743745 0.0
v 1.9018180271377787 -2.242042482830584 0.0
v -11.39174993825145 13.533692677505314 0.0
v 5.354973679466639 3.242164989002049 0.0
v 4.672753927123267 -13.977792168967426 0.0
v -6.3855535527691245 -9.305376704782248 0.0
v -0.6250713357585482 -3.4590420871973038 0.0
v 12.456951442698482 0.7113214079290628 0.0
v 10.594677702058107 -1.8020977023988962 0.0
v -11.095519445894752 -1.492503458634019 0.0
v 11.645054607943166 14.228235739283264 0.0
v -9.068398455216084 5.463170878589153 0.0
v 2.0611440278589725 5.282394242472947 0.0
v 4.270720171974972 9.21439178660512 0.0
v 11.424083526129834 11.984042032621801 0.0
v -8.398987775261048 5.206832712516189 0.0
v -10.898530661768746 -1.0266515538096428 0.0
v 14.795550036069471 -14.133505062200129 0.0
v 12.030510378826875 -14.482507953420281 0.0
v -6.745939392072614 -7.4880868485197425 0.0
v -0.31123080535326153 6.144144547171891 0.0
v 13.219480512023438 -6.2262159595265985 0.0
v 11.98546549724415 4.76517216488719 0.0
v -2.660949633223936 -2.642611895687878 0.0
v 13.919427407090552 -1.0187274739146233 0.0
v -13.545229105104227 -6.504671742208302 0.0
v -9.366053525009193 -3.6869944958016276 0.0
v -14.591356813092716 8.698346232995391 0.0
v 11.640962903387845 12.026393399573863 0.0
v -0.9696114176185802 9.053230524994433 0.0
v 1.1241722271661274 -12.237863663583994 0.0
v -11.244009842979722 -2.011981845833361 0.0
v 2.346158303495031 1.8132875794544816 0.0
v -3.44739066431066 -12.881218746304512 0.0
v -10.815820507064927 -8.114473508670926 0.0
v -4.011142506904434 -8.583431410603225 0.0
v 13.662370375532191 0.7653418192639947 0.0
v 2.350506314949598 9.01431744825095 0.0
v -11.243524363671895 -11.725185710936785 0.0
v -14.399468249815982 -7.179837795905769 0.0
v 3.216132754285354 -9.601404841057956 0.0
v -4.77340486086905 6.129368043504655 0.0
v 12.45184931869153 -2.099280887283385 0.0
v -6.636746101255994 0.16265408135950565 0.0
v -8.209216002433095 -9.009701580740511 0.0
v 14.71013051335467 12.55141332745552 0.0
v 0.9137944835820235 13.238968576304615 0.0
v -4.930563923961017 -4.361046220175922 0.0
v -7.495697803969961 7.005207478068769 0.0
v 3.6748189020436257 1.894703577272594 0.0
v 7.015796142164618 -12.615377740003169 0.0
v -12.132242551422678 6.106594781391323 0.0
v 11.785910188627895 1.8155118580907583 0.0
v -10.13249869941501 -11.363115867599845 0.0
v 2.674390831438359 14.270732867531478 0.0
v -14.9203622652567 1.6420065807178617 0.0
v -13.455366889305878 -3.209189626388252 0.0
v -7.697261734050699 4.603455926291645 0.0
v -13.743587260716595 9.234520913101733 0.0
v 2.9965348642435856 9.231789030134678 0.0
v 8.018298606621101 -11.970970327965915 0.0
v 1.2550418919418007 5.702774667181075 0.0
v -9.95961431786418 5.602737721987069 0.0
v -5.906828552251682 -11.469007287174463 0.0
v -1.498002075473778 2.0020686499774456 0.0
v 10.040453755587805 -11.745177001692355 0.0
v -13.95978999545332 -13.543415200896561 0.0
v 3.157953273272142 11.87778197415173 0.0
v 7.419107578636613 7.537365400232375 0.0
v -10.599508488085121 8.390094011090696 0.0
v 6.345336446422152 11.613030068576336 0.0
v -2.0367950136424042 8.396454269066453 0.0
v -8.246162090916187 10.082566434517503 0.0
v -5.590444288798608 -11.44407214783132 0.0
v 7.309807822224684 0.8530443934723735 0.0
v -9.015567223133985 13.522338472306728 0.0
v 6.92047325411113 6.762781044468284 0.0
v 4.91532388725318 -4.142273317091167 0.0
v -4.93467174412217 13.658065835013986 0.0
v -9.09718405775493 -0.9298642920330167 0.0
v 12.776555682823528 -7.19895083270967 0.0
v 3.166949153644964 -13.303605583496392 0.0
v 0.40767585491994396 1.816050629131496 0.0
v 4.496338481432758 12.204271979629993 0.0
v 13.790027882962022 -9.868811988271773 0.0
v -12.085057561402209 -2.601574210450053 0.0
v 2.823060520167928 -2.108517994172871 0.0
v 7.287254645023495 11.088364213705063 0.0
v -14.944608006975614 -5.588330775499344 0.0
v -14.720681523554958 13.70374412741512 0.0
v 2.9040112184011377 6.525048930197954 0.0
v -3.643642067036126 -13.158536871895194 0.0
v -11.98495664796792 11.466437420807779 0.0
v 9.996112083666958 0.24646511673927307 0.0
v -0.19085239723790437 3.4423518367111683 0.0
v -11.72764547879342 14.30437518004328 0.0
v -2.8782429228303954 -12.536341273225844 0.0
v 8.072696160641499 -6.64105860888958 0.0
v 12.754584556794725 -8.352971347048879 0.0
v -8.608675544033758 -10.886538569815457 0.0
v 2.6047153546242043 -10.633673999458551 0.0
v 1.5549519428168423 -12.624325985088944 0.0
v 2.5201916038640775 -11.7085036681965 0.0
v 13.172070406086277 10.364119595848024 0.0
v -8.232952426420525 -3.8546574264764786 0.0
v -9.079952781554312 -12.104375441558659 0.0
v -3.2562407540972345 -11.685739192180336 0.0
v 6.329759251559153 1.1067589158192277 0.0
v 2.473997285531368 14.39589426573366 0.0
v -4.662949125107843 -9.673901154659688 0.0
v 3.256752695364412 -8.379637403413653 0.0
v 0.7648337903083302 -8.01078572217375 0.0
v 4.554155038320459 -14.54183271061629 0.0
v 2.2316425669705495 1.1034273393452168 0.0
v -14.912882812554017 -0.28691771999001503 0.0
v -5.062220274703577 -14.646485454402864 0.0
v 5.140005629975349 11.739594087935984 0.0
v 7.043740815483034 -13.25827295705676 0.0
v -9.87295388977509 14.52806023415178 0.0
v -14.242779154796153 -12.123333078809083 0.0
v 11.918564083171077 10.022774456068873 0.0
v 7.57651400193572 -14.974659374915063 0.0
v 11.672705413948279 -0.7877253377810121 0.0
v 3.685743597103283 -4.173638874664903 0.0
v 9.870168284338433 -4.068785989657044 0.0
v -6.368437328957953 -4.407733058556914 0.0
v -7.446142295433674 9.940302776172757 0.0
v -1.2416470108437352 10.743225972168148 0.0
v -2.8052384654292837 0.6647646268829703 0.0
v -5.011940129916184 -0.7613776857033372 0.0
v 0.3004204728640616 -3.159275747835636 0.0
v -0.3947407091036439 -11.488163836300373 0.0
v 5.4065058551495895 -12.936876937747002 0.0
v 9.523135223891586 -10.2908458057791 0.0
v 3.588046609016601 6.210844135843217 0.0
v 14.241066571848933 -11.054417530074716 0.0
v -14.986042446747888 5.056691465899348 0.0
v -7.638566890673246 -5.075417190790176 0.0
v 13.92197369626956 -14.13944287225604 0.0
v -5.701006671937648 -1.9118103925138712 0.0
v 10.334658094274346 8.59306660760194 0.0
v -12.607171099982224 12.416831717826426 0.0
v 7.4455555391614325 13.220590678974986 0.0
v 1.6607399753993377 7.756180355325341 0.0
v 7.6812933628680184 -0.3015925260260701 0.0
v 11.747345058480278 9.77319548651576 0.0
v 6.5665724303689785 8.249032623134553 0.0
v 0.4463833926129155 -2.344111275859177 0.0
v -7.346625365433283 1.206626057624817 0.0
v 11.733756465895567 6.637990428134799 0.0
v -9.407325994980056 0.5816318411380053 0.0
v -12.40615033841459 -1.7027839608490467 0.0
v 12.145484265987761 6.455515271052718 0.0
v -13.880932611529715 -14.060814082622528 0.0
v 2.3415019589010626 -0.9969729976728559 0.0
v -12.083365403930657 4.627947708591819 0.0
v -4.0426361744175665 -10.681646091863513 0.0
v -9.824135807226412 7.9358738930895925 0.0
v 12.25149446213618 -1.0789285376667976 0.0
v -14.091650549555197 13.16603122651577 0.0
v 0.28982079221168533 14.584718441590667 0.0
v -3.502300341555383 4.810756043531001 0.0
v 3.1189151840517297 -13.160182769410312 0.0
v -7.975026860018261 2.1029429575428367 0.0
v 0.8054778848891146 3.4952176362276077 0.0
v 13.3379183797515 9.436132750473917 0.0
v 10.203217559610493 1.2014007698744535 0.0
v -2.5794753337395377 -2.367792288772762 0.0
v -7.575141027045902 14.470759412273765 0.0
v 9.414463667024393 7.749559057876468 0.0
v 9.859147039300296 -9.799615464173257 0.0
v 12.810478722734842 -14.777807627804577 0.0
v -3.2923891458194703 -2.0564044024795294 0.0
v 13.610934879689012 12.321871902793646 0.0
v -2.237731436616741 7.658691393211484 0.0
v 8.636079378949944 -2.7108313515782356 0.0
v -10.59050159167964 -3.936955093406141 0.0
v 1.4294972306815907 1.1793995136395097 0.0
v -0.731529169192072 -14.625250997953117 0.0
v -8.350905231549405 -5.987492742948234 0.0
v -12.837888541922439 9.732971351593733 0.0
v -5.921175821509678 7.819490601308644 0.0
v -3.363318617164623 13.789723270572722 0.0
v -9.164969960809685 -1.870281963609159 0.0
v 13.692147874739021 5.198570347391069 0.0
v -11.948269627348054 -2.8997399769723415 0.0
v 12.787772133015096 -9.81563651189208 0.0
v 13.174818036786746 -9.085662555880845 0.0
v 2.564163990144152 6.748758604750037 0.0
v 6.814994276035577 -12.466003774665296 0.0
v 1.1212251729448326 -12.149053012952209 0.0
v 12.827116282773204 6.380043735727668 0.0
v 6.009073099587113 -10.019975332543254 0.0
v 0.15749007445992902 -2.845582722686231 0.0
v 9.244745405972935 -1.780048449523747 0.0
v 7.439698465517722 -11.65977913979441 0.0
v 7.5264001042814925 3.1177098862826824 0.0
v -7.972931714321021 10.911904727108777 0.0
v -6.866591091209557 -14.581165315583348 0.0
v -1.409674289810937 -8.680665294639766 0.0
v 3.3884512112708762 -9.808898436836898 0.0
v 8.740142498223577 -7.470501642674208 0.0
v 3.630990772275254 13.9252316839993 0.0
v -9.440111128613353 7.1379916882142425 0.0
v 8.175486518186517 2.1080813258886337 0.0
v 14.989584409631789 -10.151224575936794 0.0
v 0.3054019244154915 -4.320608306676149 0.0
v 1.803926723136101 14.34452226292342 0.0
v -4.320310816925485 4.721076843328774 0.0
v 11.581653677800205 -11.010484006255865 0.0
v -2.47541106690187 4.048921683803201 0.0
v -3.814617265074048 -1.392480805516243 0.0
v 10.563607867865358 7.260776181705296 0.0
v -7.034230057382956 0.4822134245187044 0.0
v -3.047648318693973 -12.684182574041188 0.0
v -3.6020381778362207 -13.632229845970869 0.0
v 8.932195264846087 -1.1044449135661125 0.0
v -13.322864861402195 12.559522971510887 0.0
v -13.583840036881156 10.647132775746286 0.0
v -14.706373326247558 -9.55172160640359 0.0
v 1.763519405387342 -2.2511779023334384 0.0
v -8.9559690557071 -1.2685252148658037 0.0
v 14.308668311161455 1.251328306272626 0.0
v 14.733992199820932 -12.198816827498376 0.0
v 0.6811960159102455 5.18406992778182 0.0
v 7.375506825163029 -1.035154060460627 0.0
v -7.116319032560568 1.6150513403117657 0.0
v 13.106831046869047 2.516798405908048 0.0
v 10.910732808581088 3.3053535921499133 0.0
v 7.260070156131405 9.483309742063284 0.0
v 3.477485556853935 -3.977446176111698 0.0
v 0.34368478949181736 8.522435351274908 0.0
v -10.97410000587115 11.684114476665854 0.0
v 3.1313162193400785 9.402410029433668 0.0
v -3.682955162192229 11.716499117203057 0.0
v -8.008410890412051 11.466343481093645 0.0
v 0.7616471177316271 -11.587326874025166 0.0
v -9.179193523712456 -0.9131234427914023 0.0
v -11.245606093027163 14.373260702937841 0.0
v 7.49276669108076 -2.8470235243439674 0.0
v 2.6147829862311482 14.351580393500626 0.0
v -1.814127754070796 -10.757723194546998 0.0
v 2.262920763285365 7.8791323490440845 0.0
v -10.367451365338638 9.477610651403666 0.0
v 1.7004968366236426 -9.469027100130916 0.0
v -13.217467714857776 -4.834839974530041 0.0
v -9.42921488994034 3.359586619772017 0.0
v 13.541016372619197 -14.485065640881658 0.0
v 1.6537070057820529 7.459087059833109 0.0
v -4.682911672862247 8.854279127903283 0.0
v 5.181435620354023 -12.308926639147103 0.0
v -11.998690551205073 11.247050892561674 0.0
v -11.421423471649177 -3.938320364803076 0.0
v 9.826284491980914 -2.6782385390251875 0.0
v 13.257319341995753 -14.584688670001924 0.0
v -4.625791047117673 10.892334621399641 0.0
v 7.15511887287721 -10.602519576437771 0.0
v 1.7514082823763601 12.555534538812935 0.0
v 3.3709664599737152 -12.789801110513508 0.0
v -13.346233562158886 10.390741010196507 0.0
v 14.329221274529118 8.960719235241413 0.0
v 10.088777768367436 9.207482495345175 0.0
v -0.46435054525500163 -5.0050536878407 0.0
v 6.870507578889374 -2.2972548734396696 0.0
v -12.618785447324626 2.929474395699799 0.0
v -3.287806940381415 -1.3532379465177655 0.0
v 14.047926465631463 8.785072468221188 0.0
v 11.875641449354589 -7.332207235507667 0.0
v -9.649016456096433 -5.608594463206828 0.0
v -12.037685871124268 -7.444484299048781 0.0
v -7.515587599482387 -0.5376640344038606 0.0
v -7.91262193408329 -13.677748937159777 0.0
v 4.899949137005024 -11.576206824742258 0.0
v 4.416220522776712 8.525506781414151 0.0
v -0.005559047625865787 13.02906456310302 0.0
v -9.13631168869324 3.544503515586257 0.0
v -1.9233852012548596 -10.99918944388628 0.0
v 6.952003037731629 11.956669276580215 0.0
v 3.458319099561777 4.372353381477296 0.0
v -4.2001648471923545 -12.639398726634681 0.0
v 3.4918615832575597 -5.925991774536669 0.0
v -3.5655259246123023 5.3591912584379315 0.0
v 11.805291212513112 2.013762531802058 0.0
v 14.433385527401697 6.891171564348042 0.0
v 14.782004871987738 -11.037070664577186 0.0
v 1.6637389794341289 -9.041253697127104 0.0
v 5.7032333253882825 13.401525505818427 0.0
v 7.053319443890359 14.988714369945228 0.0
v 14.000115861475933 -6.588864126242697 0.0
v 8.624707328504883 9.086784215644002 0.0
v -1.1248271899530664 -7.931402866728604 0.0
v 9.515940674638841 -3.018989909440279 0.0
v -5.202439732092898 -4.066865494474769 0.0
v 11.392808484029956 11.936231266707182 0.0
v 14.724957066238858 -9.806795527227223 0.0
v 12.318228773132432 14.379296789877117 0.0
v 8.896857576968614 6.0036576092243195 0.0
v 10.341898816346657 -12.608064917847514 0.0
v 12.957929675234482 10.68271008785814 0.0
v -1.1866253420012072 4.7098055221140385 0.0
v -14.441239961364772 14.787221141159534 0.0
v -4.967768401023932 -14.327615702524781 0.0
v -5.291916537040379 11.22679631691426 0.0
v 0.3695207772543654 -9.097174320369959 0.0
v -2.5529750905698165 10.351232756860554 0.0
v 10.462139749608468 3.3308437252417207 0.0
v 3.3652568971156143 6.89329500310123 0.0
v 8.461827867256943 -13.650961328297853 0.0
v 2.3758519800612703 -7.44585897307843 0.0
v 7.786211733822711 -6.478671633638442 0.0
v 8.877756938978564 -1.4737976668402553 0.0
v 10.976335867773741 14.818485965952277 0.0
v 11.00735988264205 6.589926175773144 0.0
v 2.51756738696713 -13.67244624812156 0.0
v -5.368463404069189 -14.648419417440891 0.0
v 1.5256795851746574 6.838491084985435 0.0
v -7.997628496086691 -3.0598397022113204 0.0
v -14.722632864722982 7.552694578655064 0.0
v 10.506100350641645 5.456946428865194 0.0
v 13.83770263713086 10.08809827733785 0.0
v -10.328317576553673 3.913909458555281 0.0
v 1.4251951152691618 -7.796662040054798 0.0
v -12.348039211530704 2.093718777410686 0.0
v -0.16311138536548242 7.888162513263524 0.0
v -2.705261323309969 13.842590701766312 0.0
v 7.2390022845356725 0.27712803799659014 0.0
v 7.354457122914027 13.860761574469507 0.0
v 10.747588085592724 11.277596627362072 0.0
v -6.599228150735144 10.667513978667557 0.0
v 0.6643311770167202 6.39705051574856 0.0
v 0.6841345202410594 -7.246794106438756 0.0
v 13.08427650568774 -6.674677897244692 0.0
v 11.68050794111332 13.737764172255993 0.0
v 3.992978880298324 -5.375494564883411 0.0
v 11.176644150400534 -4.769668947905302 0.0
v 0.1804762242245488 7.339898927137256 0.0
v -2.164597947266884 3.1335796546190977 0.0
v -4.686415713804308 6.475868126377463 0.0
v -2.102226573799271 -12.150913530029356 0.0
v 10.171418605488725 10.348440498113632 0.0
v -13.847103140375111 -11.896998116746545 0.0
v 0.13310269522480667 12.052381119690835 0.0
v -5.467294339032378 -10.73570850957185 0.0
v 12.01052873529261 -8.035635060630739 0.0
v -2.8483601149055175 7.374068696051836 0.0
v -7.293959836766589 -6.2143559185788035 0.0
v -12.27080424723681 8.76473133917898 0.0
v 6.296562773757614 -6.041742470115423 0.0
v 10.179907795740291 -0.049155717715620995 0.0
v 1.820811491634231 5.3161977007985115 0.0
v 6.1812754108104855 8.230311344377697 0.0
v 6.319635054387618 -2.8668817607685924 0.0
v 12.107522782462183 -12.024267476983368 0.0
v 7.906391190306749 2.379640946164727 0.0
v 12.467447178030852 10.93535955902189 0.0
v -1.97678456135327 11.462495760060847 0.0
v 10.861730639880989 0.5574881052598357 0.0
v 4.30236786667956 -6.455125233158469 0.0
v -6.248084195423871 -6.665515444241464 0.0
v 7.038843036803883 -1.4744018027558923 0.0
v -4.190792999928817 -3.770443874411285 0.0
v -8.395981767622288 0.22895068489015102 0.0
v -14.476366875111125 -8.4857099307701 0.0
v -12.430591432668734 1.0266928263008595 0.0
v 10.229511683282908 0.9163803039118648 0.0
v 0.9634996394161135 -4.995351796969771 0.0
v -4.970103105530143 14.23315431829542 0.0
v 2.2253550348686986 12.391032313928008 0.0
v -4.346959374146536 3.725813723169267 0.0
v 13.948317640752066 -10.081581060774624 0.0
v 13.273196690483019 14.081031263805926 0.0
v 8.060289373854175 13.55453879199922 0.0
v 11.05145359231392 6.8378986632451415 0.0
v 7.808275593793951 10.862045604735613 0.0
v -1.2701931167393923 -3.8441869877278805 0.0
v 3.3771492672967725 -8.228494809940457 0.0
v 12.935434747952968 7.487568602897227 0.0
v -4.721619397460017 14.949036048725247 0.0
v -0.21518926427233964 -1.880110322497785 0.0
v 14.873091930756345 -4.723034185357392 0.0
v -6.6873463247320615 -3.398993529379368 0.0
v 14.64628696202999 -7.5951598435640335 0.0
v -3.442886525648646 -6.509426170028746 0.0
v -3.4724964119959623 -7.427453936077654 0.0
v 7.258440873934887 -2.804130058735609 0.0
v -8.851831445121206 0.5543200904503465 0.0
v -4.563460187113378 13.868553226813674 0.0
v 8.295769990654662 11.88139068428427 0.0
v 6.848074053938035 1.256538413465023 0.0
v 3.8286151070497 -5.129975205287337 0.0
v -4.727584500273224 -1.960628593340516 0.0
v 6.6829523917404 -8.9906154172495 0.0
v 0.6484940123627894 7.753332860767841 0.0
v 2.409010096162092 6.614055639132857 0.0
v 9.501483157568146 -6.952844185754657 0.0
v -12.380801602848805 6.732245345599949 0.0
v -0.14582856110064313 -1.23912045173347 0.0
v 8.770349730271846 10.309615877456963 0.0
v -9.372803607373498 -10.798920766450465 0.0
v -8.576916522171814 -10.946518179960549 0.0
v -3.263686551246792 8.052422117441893 0.0
v 11.657839133811649 12.185800848528743 0.0
v -14.27948172116885 -13.883799250237644 0.0
v -12.094405979732983 1.2792861545458436 0.0
v 14.633517044596374 13.317289953120053 0.0
v 1.8248592908494174 -6.349149870686233 0.0
v -2.276559000776615 14.272942582145333 0.0
v -14.985580222099088 2.4666815428063273 0.0
v 0.4810733144986443 13.19557591713965 0.0
v -9.611373188672587 11.619991654530168 0.0
v 0.2245006156153977 -6.422832339070737 0.0
v -11.060152032412589 14.458575688302517 0.0
v 4.903914385649841 3.8542454512789845 0.0
v -8.683419539884198 -14.023250517435372 0.0
v 8.952559363038745 -10.22110771946609 0.0
v -2.6664869096130133 6.25772294588387 0.0
v -13.064301782287657 5.76632840372622 0.0
v 7.114559866080526 12.165412114933133 0.0
v 10.324520487920381 -2.760793843306601 0.0
v -11.614780866773799 -2.5404002517461777 0.0
v -6.369019037927501 9.24977058544755 0.0
v 7.782548206741922 -11.537979720160365 0.0
v 4.23329988331534 12.568699227645993 0.0
v -11.986967216129415 -14.90876557212323 0.0
v -13.73874985484872 -12.461462080478668 0.0
v -12.917644489440136 -12.539413841441274 0.0
v 11.588066420343239 -2.6076132701709867 0.0
v 8.691826240101364 10.745603437535465 0.0
v 5.150059013103601 7.6041945377364755 0.0
v 11.776402273972053 -11.030962060205638 0.0
v 11.350998747744597 0.51415950153023 0.0
v -14.688408271817025 -14.667228515259922 0.0
v 14.036918899859302 -8.148770748637617 0.0
v 9.425981888489332 6.410836713388562 0.0
v -4.449779154441785 13.53762278612703 0.0
v -7.6767990087973885 8.949442620389163 0.0
v 9.601924216316547 -11.965748763643205 0.0
v 3.245086173468735 -1.583160019479692 0.0
v 7.840531953785103 -10.238576821051538 0.0
v -3.0709773915004916 10.443016860634089 0.0
v -11.345598886546213 -1.2979727312922478 0.0
v -11.22648286120966 10.827503348700702 0.0
v -13.328029070980847 -10.241580732166767 0.0
v -2.7115727804484777 -11.70603390224278 0.0
v -8.328280853456818 -6.482020267285407 0.0
v -14.667242126422934 -12.069820419885218 0.0
v -6.896303911169525 -9.565914292819798 0.0
v -1.8750852077500895 4.073846688494086 0.0
v 7.48922224866692 0.12860296200960875 0.0
v -1.2227671289001592 6.754235005937517 0.0
v -13.517471006605774 -14.967312256805599 0.0
v 4.314665993792005 8.971201956272125 0.0
v -2.1845797863206826 2.169344235211611 0.0
v -0.6729220817214809 -13.25479230005294 0.0
v 1.8855555015034042 2.1437599463388324 0.0
v 6.645545745850541 -4.639890779741108 0.0
v -3.64942133234581 1.7502475259825587 0.0
v -13.795290792826563 -10.163132963702083 0.0
v -12.837590189592447 -2.336299662478268 0.0
v 5.780769230797887 -6.024294218979776 0.0
v -1.6156407808302902 14.991850405931473 0.0
v -2.6100001772283576 13.57894950825721 0.0
v -12.22673297917936 -14.583426838740706 0.0
v -13.491672413831111 -5.4568843292072415 0.0
v -4.8573730264324695 -2.6681789848953485 0.0
v 2.3780118235154077 10.536802464164793 0.0
v 11.412178860337008 -7.559847965836525 0.0
v -14.43015717988601 4.284229855053127 0.0
v -5.240144675539341 -13.153592836111784 0.0
v -12.362164051795844 13.886204836890101 0.0
v -12.901095590845216 -7.210046983323991 0.0
v -14.668024955084547 -1.6696526808664203 0.0
v -0.8121134726679884 -12.041422138921916 0.0
v 12.656216113071423 -0.8715869775041938 0.0
v 12.271723139565438 -1.2023271461948752 0.0
v 10.713772810762748 5.124266445636749 0.0
v 9.586722438165452 -8.424869269132614 0.0
v -3.4823965720715933 14.833762934431434 0.0
v -8.837621601182036 -13.67721043061465 0.0
v -3.3649385091266595 -2.0155975315719843 0.0
v 14.579407299286686 8.345433978363872 0.0
v -2.995571489795111 -6.774079599417746 0.0
v -3.6196535922354087 13.436404678039253 0.0
v 4.415038228791673 8.058127343654633 0.0
v 4.135843055322766 -9.886286259628832 0.0
v -10.42850338993594 -11.776500662788749 0.0
v -10.485702026402578 -1.3622891753911972 0.0
v -14.427642080467194 4.811589725315571 0.0
v -13.565866486751474 8.220691291615367 0.0
v 0.9668037599185482 -12.512351658195257 0.0
v 7.482398077903781 -3.1205280665308237 0.0
v -7.909398086834699 -13.723176048137248 0.0
v 10.076675479242112 -1.3960890527814627 0.0
v 6.774554878589697 8.905006857588887 0.0
v 5.745085009897593 14.328582284040749 0.0
v 9.554462302941829 9.838015865534544 0.0
v 9.08612739155069 14.750157141126692 0.0
v -13.416260368307121 7.131217276677489 0.0
v 12.385139143560082 -12.11843406688422 0.0
v 14.86891048453981 -11.854135425761342 0.0
v -8.652566916425712 -4.222774339839816 0.0
v -7.5626033752341755 8.369439302012324 0.0
v 3.4747991780168377 1.3008570335805416 0.0
v -7.122435084776953 4.909271085634828 0.0
v -2.5623371337424032 -0.4521416909992695 0.0
v -9.048247797123622 9.686440660618246 0.0
v 8.223148777906317 -1.9872044930234551 0.0
v -6.539357857429422 -10.889627803117037 0.0
v 11.284862128319219 9.775810543447733 0.0
v -2.8265178768197075 5.930660548619926 0.0
v 6.29256290581543 -10.568546823225915 0.0
v -10.092673101986293 1.7224962478503585 0.0
v -11.83893134619575 0.5131243783980608 0.0
v -0.8748526257113554 -4.747623921371996 0.0
v 14.632754695601761 2.1418107924982905 0.0
v 13.215573781519197 -13.285768152214587 0.0
v -4.710649572778493 12.762217054143548 0.0
v 9.446686517097987 -11.21262482367456 0.0
v -14.208020731341094 0.36332824639976025 0.0
v -0.7486221300787292 -9.616882317699492 0.0
v 4.638290467264596 -13.716315443627536 0.0
v -12.841975803195965 5.203702435828745 0.0
v -11.703654325101525 -11.187867566011846 0.0
v -0.4603741863393225 4.629581265151501 0.0
v -11.253481562656816 -8.990073138847947 0.0
v -2.044024427770637 -13.670906785875559 0.0
v -6.17939269496128 3.556727197021246 0.0
v -11.097714342642576 13.09937769267708 0.0
v -9.855407136899885 -12.666217943653464 0.0
v -3.6449911286472343 1.2889856826514006 0.0
v -6.2345013344311155 -5.880197925493121 0.0
v 0.9068713517044671 -4.417966687120497 0.0
v -6.4938986142515205 -9.280064165592194 0.0
v -4.6446634629392065 -6.236627668142319 0.0
v -10.770275584247429 11.21566896699369 0.0
v 5.731793630751781 1.7912443885579705 0.0
v 6.976764311548322 -1.0657389406114817 0.0
v 9.803533609490842 10.803363543003798 0.0
v 9.265081555349752 7.102614166215062 0.0
v -9.534759687143378 -9.99547294061631 0.0
v -11.686663292057347 -11.165704888291657 0.0
v -0.3151217431295663 6.188421928323805 0.0
v 4.976909745950252 -9.894783474504948 0.0
v -4.0629917831975035 -2.7764189848676324 0.0
v 11.93857293378096 12.343935788609087 0.0
v 5.759041024837643 12.180273422040045 0.0
v -5.913690455025062 -3.9943698439747095 0.0
v 2.463966800016351 7.91954052913934 0.0
v 6.776557933888398 14.649268296547234 0.0
v 10.683817677316256 -6.829390841536224 0.0
v 7.206794313911814 -12.152367503382266 0.0
v 8.84238966414705 -9.266508263535798 0.0
v 4.517382295161951 6.034925711341202 0.0
v 2.537397819920443 -14.344096473418176 0.0
v -13.077804341446608 14.199029999785125 0.0
v -9.122494554088917 14.39312697108835 0.0
v -0.5781865079770796 -10.003816575743258 0.0
v -12.588104575523175 -10.847980067133904 0.0
v -13.163738722621929 14.775051743723452 0.0
v -8.099626987299416 5.640168288722634 0.0
v -7.879459317016881 -14.349148025736213 0.0
v -12.57288692262955 -0.6339364610612392 0.0
v 1.9466920577106066 -14.160619420930743 0.0
v 6.486705670657102 8.3942098794505 0.0
v -9.15761121705873 -9.554236624389887 0.0
v 4.023936610552482 -5.933799368329346 0.0
v 14.674242193403188 13.513312716968358 0.0
v -11.726832579995971 9.959290591999888 0.0
v 2.2282662611687556 -14.104441390372813 0.0
v 11.469621300231665 -3.993159579113126 0.0
v -3.354473090963438 -8.722703387960792 0.0
v -13.861897760652937 -8.303834405727684 0.0
v -12.81043960613897 4.38742489926517 0.0
v 6.004794400185347 -13.532487312331796 0.0
v -14.664063589414582 -14.31410926580429 0.0
v -8.908781100297347 -2.880927781574428 0.0
v -11.29807303508278 1.4779159994795918 0.0
v 3.4580940261366777 -14.31167654786259 0.0
v 3.004800056631211 1.3813327383249998 0.0
v 14.608319726481568 -3.219911270774901 0.0
v 10.98847131675575 13.674369309097528 0.0
v -1.1866560603375547 13.941248319111764 0.0
v 12.211322854680475 -10.966313660144806 0.0
v -7.718432136811316 8.990927792154253 0.0
v -13.209146291890647 -11.129786235280335 0.0
v 11.642553045938257 11.662005944177508 0.0
v -1.5082061255234294 -12.822434013709426 0.0
v 7.993810475396458 -6.540203080512583 0.0
v -5.558219724392984 -5.09837506711483 0.0
v 14.8204788408475 8.047307987697423 0.0
v 13.707696307799779 5.463990182615817 0.0
v -5.8633053614757955 9.84858805499971 0.0
v 14.23157775629079 11.670645679347217 0.0
v -3.373783015238587 10.901653314940631 0.0
v -10.948582406330388 -2.6266158213838935 0.0
v 14.498676365008578 -0.05671181436628103 0.0
v 1.7180296540027484 11.364675759337842 0.0
v 8.475421172741335 12.019857336767018 0.0
v -13.68937899795128 -3.2201023986563087 0.0
v 5.268729605595581 -8.69396994356066 0.0
v -2.9877626898232847 12.689965659752488 0.0
v -11.645924872136675 -14.451083204708993 0.0
v -1.1071505682193674 -10.257670388557017 0.0
v 13.022097960521933 4.151120471768081 0.0
v -9.123587025387678 -10.266048214398324 0.0
v 4.2410289635299705 9.37999006640166 0.0
v 11.311525612953119 5.171399640850723 0.0
v -10.761404643882997 5.960801599547267 0.0
v 4.9128946727723815 -14.84961264487356 0.0
v 7.605478104902431 9.26156273111701 0.0
v 6.832033115148079 -4.9244756661355495 0.0
v -2.1856837925734 -8.226964028552175 0.0
v 3.6805221483227797 -10.929475512355566 0.0
v 7.565288115409203 -6.895272163674235 0.0
v 4.120089684554841 -14.091710859909654 0.0
v 11.304600492876489 -7.183041820302606 0.0
v -12.155737380555365 -8.087664546445012 0.0
v -8.666367409809027 5.216311334632337 0.0
v -7.571818450000137 -3.506743741221726 0.0
v -4.572007842303719 5.942160757258534 0.0
v 5.941461835580412 14.867236813530326 0.0
v -12.770723181718495 7.552166913636029 0.0
v -5.404230313550215 7.777719996869564 0.0
v -8.658757365832571 -2.819977873004973 0.0
v -11.383760381839238 -5.577831014059484 0.0
v -9.212240977270994 -2.0280688954517245 0.0
v -3.1399626875063404 -13.968752983957529 0.0
v -9.245796583301853 -9.941640148870647 0.0
v -6.061180315620732 8.267359918914735 0.0
v 2.8925626516574994 -1.6054404387250543 0.0
v 9.122703329543583 -6.740953575819731 0.0
v -6.899397942295764 -2.963345398195088 0.0
v 10.017769840778783 -6.769413368776441 0.0
v 7.9765012913849205 -5.628089057281613 0.0
v 10.502044809167273 4.039580878801644 0.0
v 2.70586379209999 -1.1813834011554718 0.0
v -13.896305541449692 8.504370970651507 0.0
v -7.417675180011429 -2.3715876433998346 0.0
v -4.6320318765356205 1.3711807262152433 0.0
v 14.297440944123082 2.4435157477855682 0.0
v 9.973156964872032 -14.221670489758253 0.0
v -2.3342123130569234 -8.420334316790104 0.0
v -10.472969161404762 -0.2795515088364482 0.0
v 11.726717752637342 -13.919320837594569 0.0
v -6.530431529739872 -12.46459580771625 0.0
v -11.732366375508718 13.85303670540452 0.0
v -7.591854988306295 -8.01169241964817 0.0
v 9.526226644520648 -12.664078908972442 0.0
v -14.411810790887102 14.258221634663641 0.0
v 12.971597769996151 -8.340378072112799 0.0
v 5.8620474973577075 -5.07901584263891 0.0
v -8.831913688452914 -6.517124289646745 0.0
v 9.366370116709732 9.259653924033046 0.0
v -9.511376808979549 -11.05592318624258 0.0
v 4.223908684041817 -8.542573997750878 0.0
v 9.686161535501014 -1.5215377090498805 0.0
v -4.769047390786 -3.1993047716096044 0.0
v 7.362873429490719 4.690256260335445 0.0
v -3.21575879631564 6.909845365211368 0.0
v 4.884633255831432 -10.467991040088236 0.0
v -12.447812816419173 -1.7736839465796947 0.0
v 14.116159381868783 -3.145195944234729 0.0
v -14.862369019596372 11.101116822101176 0.0
v 10.848782526911236 -10.496995457448065 0.0
v 8.920753438200336 2.8210201133042574 0.0
v -8.688108200381976 4.483375774696469 0.0
v -11.826119592122268 -14.601917007938027 0.0
v -10.83546443079831 1.7591689871624112 0.0
v -3.1930600136402063 -2.7119782408699393 0.0
v -8.216177544731181 12.007236530072987 0.0
v -2.9238767928327434 -14.352101129479706 0.0
v 13.355245754821226 -6.285663215443492 0.0
v 11.843445712293033 -8.956820140592754 0.0
v 4.393141264328733 11.057310896925628 0.0
v 9.674965722602792 -9.647586298175156 0.0
v 3.3215465847752057 8.48873989470303 0.0
v 10.019938518526033 -11.96165412478149 0.0
v -6.429224303748924 -9.648508472368121 0.0
v 9.618070474767592 3.5329725118353963 0.0
v 1.8531963090063073 0.716771780513227 0.0
v -12.418562578503042 -8.340270954184234 0.0
v -9.433241762046237 0.11754914745688438 0.0
v -1.3113639616058208 0.3648156123235822 0.0
v -8.74666059203446 1.0714804530143738 0.0
v -10.899562424921896 6.476235574111342 0.0
v 0.33818886365043 12.039977362379432 0.0
v 14.840595145127736 -10.353417553007603 0.0
v 6.7751454040408134 -5.78263480681926 0.0
v -11.470543776173145 4.748822952620685 0.0
v -9.96676501899492 7.852720486931503 0.0
v -3.015597795136273 6.769624263048172 0.0
v -1.9448455407982692 -7.143329576589167 0.0
v 2.2107935660751536 -2.0059140073135495 0.0
v -12.934635115263518 -12.167349350638688 0.0
v -7.215633458807133 -6.995458581484854 0.0
v 3.921309868164826 -5.47866971231997 0.0
v -10.791482499800622 -1.6602688180282712 0.0
v 2.1607366670505144 -9.635784202255309 0.0
v -5.017911197559442 -0.6679007550701499 0.0
v -2.1027412575786 -4.44891794770956 0.0
v -10.031789045897312 -14.142501722089946 0.0
v 8.622184679436032 0.9262780966237187 0.0
v 8.342131061130203 3.3738598115742207 0.0
v -1.5449130240012892 -6.318670169450343 0.0
v -1.1371478078654036 12.737457599490881 0.0
v 9.363503863685764 13.183022500015795 0.0
v -2.3575216872268356 14.700561211444438 0.0
v 7.244921529549174 7.2304573049768806 0.0
v -12.262346864503343 -9.581142938695848 0.0
v -0.7984883262543008 13.115610114298761 0.0
v -8.906505473947618 -11.057777443900704 0.0
v 11.605523554666433 -12.034714195877314 0.0
v -2.9128263576421887 -10.454620260745287 0.0
v 11.024885011720471 2.147896814160049 0.0
v 11.58677529747365 -3.4641164541244507 0.0
v -6.659129692357965 0.8585998322814703 0.0
v 3.6209970149211586 -13.221892205998302 0.0
v 13.69265756639652 -0.5696288999170065 0.0
v 12.616619545733556 11.082446470856667 0.0
v 2.914389097248204 -12.21942394040525 0.0
v -8.572148473234847 -11.927179479971528 0.0
v -10.917951385490596 2.5108297569677234 0.0
v 9.666192517033778 0.618698101490736 0.0
v 4.805790476617403 -1.615516315214336 0.0
v -11.644667972694151 11.084448386915028 0.0
v -8.33318977750605 1.123245901428163 0.0
v 0.4419850938138552 -5.500774534419179 0.0
v -1.7468156543327495 -10.500809128396213 0.0
v -0.6285836178576574 5.108510910533369 0.0
v -3.030580836639274 10.839072842150927 0.0
v 0.648660579812713 -13.012858092784882 0.0
v 5.648748597130179 -6.389647415839136 0.0
v 12.947186014207546 -4.4755749655887485 0.0
v 13.16054106206866 11.458668321371078 0.0
v 12.637396900216118 10.289094265550375 0.0
v 11.731154852954205 -5.7917095040902495 0.0
v -10.936367355112452 -1.6269714059308171 0.0
v 4.779072607692797 -6.647998550906777 0.0
v 0.48057429504115134 7.6470795990899205 0.0
v 3.0222445752006024 -5.554425257258117 0.0
v -1.3183098002918996 11.66766903642565 0.0
v -6.566562937921844 3.2430543014779687 0.0
v 12.4453702182509 12.437075919471681 0.0
v -3.3862606420880184 -7.458906894549727 0.0
v 1.4720849847071804 -6.855744796805084 0.0
v 11.16779976489488 -5.501709223724902 0.0
v -6.417754359485116 -5.480362798087299 0.0
v -6.120962696208153 -2.2899046326056123 0.0
v -7.131553468410857 9.852769568562508 0.0
v -2.862589620461222 -1.8163795676082373 0.0
v 11.72906806645915 -6.5332331992685795 0.0
v -0.4474224103614688 -11.999755896627903 0.0
v 9.235467198013794 -0.7747537065297365 0.0
v 7.445342909835745 3.604909629561007 0.0
v 7.22336936177453 -14.693151340819895 0.0
v 10.44297881075181 1.741426045075059 0.0
v 10.395871786924545 4.4758319314569235 0.0
v -2.6327009627129883 14.081087239086628 0.0
v -2.4784878933569416 11.881667553447187 0.0
v 2.6102483213762753 2.3556317072361708 0.0
v 12.320463122683577 -3.1206684159114957 0.0
v 0.48363455437356606 12.14647869206965 0.0
v -10.54618639947148 10.243911070749164 0.0
v 10.18899752420839 -10.039477742277086 0.0
v 10.893170029507019 -12.897808198817074 0.0
v 1.5350613907794468 1.9742643376812339 0.0
v 13.037422793568112 -4.633605766110122 0.0
v -13.690557964204345 13.420654662884772 0.0
v 9.880125301482622 11.430353375151753 0.0
v -11.065673804900143 14.98508707806468 0.0
v -9.295757110696286 -10.837999661453068 0.0
v -9.08178634318756 -8.078092116862535 0.0
v 5.352030808571726 -8.42609447799623 0.0
v -10.066996314446442 2.818554300814867 0.0
v 5.689888488152064 5.608073052950203 0.0
v -3.359228469489608 4.901867333799601 0.0
v 3.258166983141564 -11.019500877708197 0.0
v -14.55619501991896 4.902012586593628 0.0
v 12.461085310671479 0.4322565970942378 0.0
v 2.8358321128762327 2.58282739110291 0.0
v -1.1905204555368982 -12.54168841894716 0.0
v 13.163369343033992 12.90049178339541 0.0
v -1.243253598047886 -10.860508513636887 0.0
v 3.753126916300971 0.2400255911052227 0.0
v 14.93567771994276 -12.511513244360685 0.0
v 5.012933338817675 2.2917306860908866 0.0
v 8.175417656078935 -13.556346428580582 0.0
v 14.060227849171497 -12.026435300707817 0.0
v 14.436328297655564 -4.8295923275873065 0.0
v 12.704919399693608 8.70881587266922 0.0
v -7.308268106717151 -6.960389018058777 0.0
v 14.574341624684166 -5.8831259133294225 0.0
v 11.035379132837988 -9.70096193253994 0.0
v 6.911999826319516 6.6748142167925835 0.0
v -6.793459705251735 3.213720804080367 0.0
v 8.229381896439008 -1.762341920286417 0.0
v 10.853647717332933 5.355410814285278 0.0
v 4.671402720327023 -2.649401092901826 0.0
v -10.631079969927669 13.569720919243991 0.0
v 9.260522864351515 -7.061470376327634 0.0
v 14.361659199814312 3.0935243098065257 0.0
v 4.366645532893017 9.720095501281321 0.0
v 3.6005424824543297 6.33437536098063 0.0
v -0.8533045709482394 5.816499128937721 0.0
v -11.406845724442974 -6.887726875953376 0.0
v 5.3856682035839185 10.216292584314942 0.0
v 5.312071014835965 1.3387852823361754 0.0
v -3.089566223323345 -12.507170600816607 0.0
v 14.95751591451699 14.194257559254766 0.0
v -13.576964267820586 -10.607204681262374 0.0
v 11.13146930350922 -1.498932546004653 0.0
v -5.984228017681744 6.626147863455117 0.0
v 0.05916519835591316 14.982140228152275 0.0
v 13.200616002839524 -11.820914783515036 0.0
v 2.0568264845060185 -0.9019093876704574 0.0
v -5.2224414685042575 -0.17683534044772387 0.0
v -3.4943717009737156 -5.838179497048259 0.0
v 12.110020623833407 7.812774049118161 0.0
v -7.091905326815322 13.046454557217658 0.0
v -11.26967544911895 -1.1055374592542648 0.0
v -7.989519481896423 -6.397951347753406 0.0
v -14.239156600902788 14.049260569736362 0.0
v -1.4562484415946528 12.58211048785597 0.0
v -6.234536341042258 -1.6399693135172129 0.0
v 11.69555902655702 10.237455668859184 0.0
v -3.139447398716584 2.978081905283034 0.0
v -13.166482319531497 2.7800298910588026 0.0
v 3.232135514030233 -4.3178215976804495 0.0
v -12.719856320763938 -14.918751584365964 0.0
v -6.602901415666565 -4.277639947831631 0.0
v 7.335682788048871 7.155231568031013 0.0
v 12.178258718398865 -2.7577380686998367 0.0
v -10.734713020850904 -11.948866301216185 0.0
v 9.764084260561503 -12.21614847984165 0.0
v -11.733555666694883 -11.501023073680699 0.0
v 10.725321907841135 -10.581383550539613 0.0
v -5.2278618105337955 4.749359511770308 0.0
v -12.608095584029797 -11.62410868704319 0.0
v 14.081330829241779 3.0832570483908057 0.0
v 6.497194523981307 -13.464452533982694 0.0
v 10.678568520816043 -14.666110878810287 0.0
v -3.3242165530100465 -4.650540854781866 0.0
v 10.622002010466531 -2.525564905256033 0.0
v 8.111479648039676 13.908847084268928 0.0
v 12.528849662223365 11.388042697682977 0.0
v 2.4947069753543474 -9.174333341419697 0.0
v 10.268345074204262 3.443910284899175 0.0
v 14.286029618815519 -1.101615834981203 0.0
v -3.0930243124021217 10.302332636900246 0.0
v -2.8502511521801353 -12.217237167991698 0.0
v 14.878483261738438 3.733440331183374 0.0
v -9.865540932689328 10.107659365981817 0.0
v -2.962558193190489 3.4380412250757217 0.0
v 3.7596044472884387 2.4728202056139708 0.0
v 6.104505253722891 5.40673818718642 0.0
v 8.975024771003518 4.450869619846344 0.0
v -4.687702016613912 -14.733366561122239 0.0
v 7.1234054985689 8.425278416834772 0.0
v 4.763575760123786 13.599110309965909 0.0
v -13.054736071208026 8.342749276198447 0.0
v 7.620050418598112 -2.1673767045140266 0.0
v -5.117073455301579 12.831432881765068 0.0
v -0.9667077924241312 -14.56312367413193 0.0
v 2.6458260891376995 -9.91605466324836 0.0
v 12.041278842836618 -7.306416505947709 0.0
v 2.2480127725284547 -12.973311928100884 0.0
v 7.175916820939165 14.137653931044042 0.0
v -14.607128872477915 -12.004624844528735 0.0
v -2.4930901628686115 -14.976335450075567 0.0
v -12.167012007208541 -1.8555430611595511 0.0
v -6.9286352774943225 -0.6205299375578761 0.0
v -7.138269436196424 -10.611299195326865 0.0
v 13.79374919901602 7.403983937576413 0.0
v -13.1022216299898 -8.316485188901424 0.0
v -12.144497719418723 -11.767940741963685 0.0
v -5.7149434491293505 4.688053640536964 0.0
v -9.863820776925422 11.718656693585217 0.0
v -6.321033475804143 14.936864825896919 0.0
v 4.119606581691187 9.287362344563007 0.0
v -8.013204403978307 9.655317123048007 0.0
v -4.161615739110857 -14.400552356615663 0.0
v -13.802371823054273 12.279873959720135 0.0
v 13.77655310271075 10.79474108107388 0.0
v 1.4380978185217828 8.971827078610659 0.0
v -3.6575316248927265 -11.909092047251761 0.0
v 4.350050707638729 -4.1034188866615295 0.0
v -9.296634556958452 -13.894095373339951 0.0
v -10.97056605288526 13.782285784371197 0.0
v 8.545110746053979 8.573797833174467 0.0
v 11.742118115827907 -12.29875578545034 0.0
v -2.4539232613751665 -3.3325874265283346 0.0
v 12.467190178052988 1.9780817283317447 0.0
v 0.1264433414908126 1.2447870848700404 0.0
v 13.209749731293414 11.523552558384836 0.0
v -10.267188952711876 11.698768196627498 0.0
v 1.819206680986099 -0.06243025045841932 0.0
v 6.375891545205377 14.391967537812889 0.0
v -11.832567313045729 -13.44607348088175 0.0
v 5.4447461543022655 10.200877727940679 0.0
v 0.09393413609359413 6.023378046229482 0.0
v 11.145656144653913 12.615460854955018 0.0
v 3.930204927630257 4.57425083220005 0.0
v -13.395974372688215 -5.612583105452359 0.0
v 2.579152027668897 0.8304867269471288 0.0
v -11.590109581244178 2.2162615451961756 0.0
v -2.926349354966078 -10.975078978575766 0.0
v 11.538063391810283 12.799065102823079 0.0
v -4.375367646222003 -6.699052297510207 0.0
v 12.384548437024932 11.833124526776373 0.0
v -10.295124495227356 10.426233815029263 0.0
v 2.2766185763757676 -7.307948370464146 0.0
v 11.678149611572735 -0.3432245356962085 0.0
v 5.630137547792401 9.441592601127923 0.0
v -10.273341586056631 10.36322910618037 0.0
v -3.38122080109315 7.041732735000551 0.0
v -4.498032014525961 9.603901983238757 0.0
v 4.431418363994453 6.177669254131615 0.0
v -8.895560683042277 4.604124580509961 0.0
v 13.816298463731073 7.5707583436742425 0.0
v 7.356191696540918 0.4693187950178981 0.0
v 14.80097499245312 5.857383156195283 0.0
v 9.444725478533655 -5.562050609849393 0.0
v 2.3343700250261463 2.753993758931756 0.0
v 9.904468367691152 0.39753264281898737 0.0
v 0.8148528955643997 5.347064191475511 0.0
v -7.0135919555905275 -5.480348833836615 0.0
v 8.86633893562248 -12.655673447065055 0.0
v -0.8813031819881871 0.9166440181434155 0.0
v -1.741724334191531 1.936637131497264 0.0
v 9.701395256561227 5.165235047228634 0.0
v 2.791515414370224 0.05964731238782406 0.0
v -3.289672393410001 -1.8415804142132401 0.0
v 1.041275374183897 -2.387356030754745 0.0
v -14.491397134552244 2.182307593524456 0.0
v 10.210238629078958 13.412080493755639 0.0
v 0.1842097135959193 9.98621071409434 0.0
v -1.248154152650386 9.765454748645425 0.0
v -12.525029237207491 -2.286655648611486 0.0
v 0.8556066311430186 -8.813028403557837 0.0
v -8.706450103141833 11.349567846395075 0.0
v -4.382320502249058 14.840761860832572 0.0
v 6.871545962290838 -9.553186574950814 0.0
v 5.785278121300507 13.457014705985785 0.0
v -2.461228808388114 0.9008661611005664 0.0
v 12.543425015290268 -13.418734405189753 0.0
v -11.226839922135696 12.608457187190652 0.0
v -3.547957077389583 9.661147511564195 0.0
v -6.101064234448131 -5.723825056105852 0.0
v -11.249937916116323 7.0697743613272905 0.0
v -5.035429305455182 13.341311695054173 0.0
v 13.952815242868382 -11.66323225852102 0.0
v -9.939593253016938 -13.333583678118885 0.0
v 2.045496193051804 -0.7855937089771032 0.0
v 8.016127930080984 -14.97882092744112 0.0
v 7.275115906435531 -11.605794959701598 0.0
v -6.1528953511151485 12.169652670621872 0.0
v -12.849124418688007 -14.56914567667991 0.0
v 2.436901170294732 8.601534335874021 0.0
v 4.008940004510805 -12.180245365947485 0.0
v -3.9696606246870942 9.617990357801318 0.0
v 12.179104905982967 6.191781529225409 0.0
v -14.802116317208856 -3.055786108598113 0.0
v 3.3904886081581935 12.592853444628417 0.0
v 0.7643205936765298 14.711609793826938 0.0
v -3.314753738930449 5.247902952134609 0.0
v -7.371912744885776 -4.168769287876785 0.0
v -8.535193014715333 7.667993723414838 0.0
v -9.418384403048549 -6.734777977690101 0.0
v 5.103217822441366 -1.2664608471095562 0.0
v 13.97739413799718 -10.308196855708957 0.0
v 3.3245909744291566 5.118515434674919 0.0
v -12.589355567586608 -14.338831968605518 0.0
v 6.670305766863748 -2.0899807969108224 0.0
v 3.16960458754329 -14.55164057482034 0.0
v 2.0555356803233735 -7.474533060565591 0.0
v 14.754085039836355 -9.460750357247889 0.0
v -8.143287259968929 -9.876928813755512 0.0
v 9.615746480820235 -12.651504440233111 0.0
v 5.383760391967371 7.640995664522052 0.0
v 9.114102008461487 8.305369276553392 0.0
v 6.450083667354193 -10.621778286062181 0.0
v 7.2218196871108375 11.862278600223362 0.0
v -13.725115925946739 4.258209809660912 0.0
v 1.8701366884051822 7.526031318120658 0.0
v -9.223711190803442 6.263708770275116 0.0
v -13.410512869711965 2.9301574071869254 0.0
v -3.1922674471861683 -10.62255990691483 0.0
v 0.6530402093194425 7.822159316390753 0.0
v 13.769862067245413 11.270931168459356 0.0
v 5.207784266443923 7.5518514877185225 0.0
v -13.45613731868798 -5.750989261083305 0.0
v -12.655107353755739 5.17819311004132 0.0
v 12.967077536100987 -5.6996614607051015 0.0
v -8.60608158580726 13.942039986141026 0.0
v -12.940337681036908 9.15725124347955 0.0
v -11.783136143581942 -6.683037866838276 0.0
v -1.6008136508753523 4.39865293353796 0.0
v -13.284624963242095 14.204145295545459 0.0
v 2.769455888948869 -11.006447937339544 0.0
v -2.9002937647746876 -3.875055597163737 0.0
v 3.8385624664952047 13.333294808864594 0.0
v -10.131069816357922 -3.3694296162575483 0.0
v 1.6815653609810397 4.962046434171498 0.0
v 3.475142865383532 1.9653489319607615 0.0
v -14.536044446518645 5.392491985112429 0.0
v -7.2578450331347995 0.1154298847541213 0.0
v 12.261833267752081 -3.4114997386932373 0.0
v 2.393639914691448 11.213585368357599 0.0
v 14.117043882142752 -2.912260607816279 0.0
v -5.2226828237762675 0.39935409370809793 0.0
v -6.661625337204896 1.5732535300776362 0.0
v 13.388350328663364 10.120877001434565 0.0
v -13.173455307434779 14.006005865521729 0.0
v -6.464714253961574 3.4435983737930655 0.0
v 11.88288529845886 -1.701870690099895 0.0
v -10.011210622498766 -13.092923072166741 0.0
v -4.182451794738881 7.404484331607819 0.0
v 7.969625169294886 -9.015509842894971 0.0
v 10.502488771628123 -4.585008667781949 0.0
v 9.759716793661937 -2.5030794022604823 0.0
v 8.841795739834197 9.452230256050825 0.0
v -11.404246577527374 -8.283333338797092 0.0
v 10.544612690457143 11.607331396080554 0.0
v -12.55754518735921 -12.061702526174486 0.0
v 5.29631996731041 2.0727074528113008 0.0
v 11.548603167582769 -13.863530253991485 0.0
v 8.569673791178502 12.188391933217645 0.0
v 1.0095284839044325 -4.8601605370640755 0.0
v -0.23908842244418338 14.299887110479176 0.0
v 8.863554491021205 10.563154876232147 0.0
v 1.3418971099308692 -13.17614489607513 0.0
v -8.049697611480951 -3.3794050654396415 0.0
v -9.385788481798954 0.9341212781146169 0.0
v -5.327971176826395 6.566791230812669 0.0
v -14.63823532545939 -0.9732437497004867 0.0
v 3.3204408443998545 -7.906260018236935 0.0
v 8.116456761606969 -14.88324075564742 0.0
v 8.694886512530502 6.2997621819376945 0.0
v 0.6482223178027198 -1.5500141875818372 0.0
v 13.420503853005357 9.81141790933907 0.0
v 13.591043695574626 5.418256644159555 0.0
v -14.978901581605896 -7.0862432504072785 0.0
v 6.95197932375595 9.768001270480454 0.0
v -1.3621333236224018 -1.340190276503563 0.0
v -8.52629107591929 -13.127809670753777 0.0
v -14.509923696576152 -7.458050563931465 0.0
v -2.10066495987121 5.250783401541412 0.0
v -8.462001787906047 -2.7086463207378983 0.0
v -2.7476153697934933 -10.585479274392128 0.0
v 6.258337810984813 -0.6430167872458696 0.0
v 4.155891076719854 -9.836339614354074 0.0
v 6.656920628156513 -12.866005584597588 0.0
v 10.41437738807872 7.910932509228587 0.0
v -13.731506624724716 2.900898175314069 0.0
v -10.647058337926865 -1.028391981497407 0.0
v 9.92048547900049 -5.359351507388055 0.0
v 1.860031476302538 -1.3100317101925611 0.0
v 2.057228439603932 6.525347137823701 0.0
v -7.228179459227249 13.262839348986745 0.0
v -9.007415212283377 7.568995834328234 0.0
v -0.7283035647706129 1.7190147787332535 0.0
v 4.35282827593619 -5.059446923434734 0.0
v -7.81381508090999 13.182551208883524 0.0
v 7.8525766604579985 -14.657486147247255 0.0
v -12.169440810044762 -6.8440495524555445 0.0
v 4.7652019807719626 -11.325428526848555 0.0
v 7.026252721319906 3.391859132796526 0.0
v -6.845882989757229 5.177638916298747 0.0
v -10.938780548633076 -12.491160763427615 0.0
v -3.6536233223741874 -9.33783758059144 0.0
v -4.7725060018128715 1.244215713813901 0.0
v 1.51942637009779 5.430416786111891 0.0
v -8.792016743624117 -8.280058649368584 0.0
v 7.640873163356446 -1.3489477867260575 0.0
v -9.326662451960146 -1.1627900656312704 0.0
v 13.350439628877211 -3.6872968347743154 0.0
v -0.593846533971373 -0.8323029419407248 0.0
v 1.5459250985295512 6.302037195302546 0.0
v 3.8800107004353777 -7.8561499351635575 0.0
v 8.50865580048412 8.723887549713254 0.0
v 2.720882850815542 9.105717558413744 0.0
v -14.059776091889944 -1.8137656347826123 0.0
v -5.500451366708148 -7.3569001369178295 0.0
v -2.5353567207348533 -0.8179581006988883 0.0
v 1.4012637848500162 -8.894205715507269 0.0
v 13.678291114338208 0.16201075445860624 0.0
v -1.6766278962022625 -13.117481501773 0.0
v -6.361985932162497 5.727727605961263 0.0
v -13.739570246078074 6.619080011732876 0.0
v 1.6566634462797083 -9.075806398876011 0.0
v 11.566021163656842 4.935444805771112 0.0
v -5.778561028884724 9.153204729780555 0.0
v -9.742632632493041 -7.032508973963559 0.0
v -0.6633263939875178 -7.32454168330878 0.0
v 4.821445238776505 6.9847738752141595 0.0
v -8.57588421710534 -12.267538760788739 0.0
v -12.919141973427031 -7.489411388523877 0.0
v 13.707947309187148 -7.806631190702319 0.0
v -3.1975655196001753 -3.232006788253784 0.0
v -6.194027687772177 6.942945459857583 0.0
v -8.681755392230116 -2.1427008314058185 0.0
v -3.048085785121657 -4.977515018545091 0.0
v 9.915919204766396 11.514397784136236 0.0
v -5.783655125764199 -12.452157466672361 0.0
v 12.494547009060625 0.09024575166404247 0.0
v 4.316411603766028 2.361521146260202 0.0
v 0.7410987099283375 -7.449678239412606 0.0
v -8.746883218525909 -9.35869375616312 0.0
v 6.296552987827454 -10.173638137988746 0.0
v -10.714386884879787 -12.512827114202082 0.0
v 11.658797646523453 8.337162172421813 0.0
v -10.867425623117015 5.439614042639732 0.0
v -9.053660210163798 -2.3053472554311156 0.0
v -8.483252503967378 -2.5220587737858295 0.0
v 14.813185339095071 14.403670713305473 0.0
v 1.162923111463897 12.058481305837631 0.0
v 8.768581439566333 3.0988640300929546 0.0
v 7.902601938636508 -10.582215721718967 0.0
v -8.402907717158087 -12.072453437373042 0.0
v -8.82503713312326 -11.989993965253234 0.0
v 5.2322603787179105 10.748879793100059 0.0
v -9.382206846261397 -0.8451291304081678 0.0
v 13.7142083546496 11.505056538619101 0.0
v 11.9201951380237 1.8355987491086125 0.0
v -0.13626930071040988 -9.944750810973346 0.0
v 13.760293128842022 10.254164046607912 0.0
v -12.711420041159727 -5.39352214243263 0.0
v -6.7005182768334635 7.972745064646006 0.0
v -10.360814517305698 2.350279555656016 0.0
v 13.201134678616654 10.006560972891748 0.0
v -14.02065274619963 -12.841404129751027 0.0
v 13.982931398961227 13.66910214908421 0.0
v 0.9536254910635762 14.71806696522981 0.0
v 6.464007127156947 0.2045629983767867 0.0
v -13.392735040280968 7.850501830689609 0.0
v -7.556059326569084 -12.51373502984643 0.0
v -7.323286822473165 -5.5601431876420975 0.0
v -13.252544877293985 0.1625582417473197 0.0
v -8.157456331071444 -8.194746197201312 0.0
v 7.15788844844792 -2.2291795881465077 0.0
v 10.569358643668238 9.002471975050867 0.0
v -9.407709259423427 -7.622344578616321 0.0
v 3.5192761491052806 -14.3355333795771 0.0
v -2.201837719010655 -6.973274321295321 0.0
v -0.889544784789905 -13.249850561842322 0.0
v 5.947731740016025 14.515641176141798 0.0
v 9.668563400802668 -5.1486449697986245 0.0
v 6.542222025571391 0.5127290794625878 0.0
v -14.348246023117099 -6.767535624094307 0.0
v -0.06521301914472133 10.24189049191773 0.0
v 7.472193751833402 -12.57509897556156 0.0
v 14.443192402948625 11.34559005126357 0.0
v 12.498513586993795 -11.2578445058316 0.0
v 0.3445421480573714 -13.701228578574955 0.0
v 0.7344449168303981 4.460565962828696 0.0
v 10.123517116939183 -3.458934106864035 0.0
v -4.602336245006882 -1.212966294027865 0.0
v 12.195088262262288 1.2674563778564334 0.0
v 4.625662150443532 11.689881790429354 0.0
v -3.6743940980522893 -7.391589535400271 0.0
v 12.142592055432033 14.38787963707 0.0
v -14.10114439780591 -2.2276472877711058 0.0
v 4.960569779039361 -12.948235359974205 0.0
v -12.496122399170417 10.395078714936972 0.0
v -6.0529569776845165 -3.504391510039568 0.0
v 5.206833817705046 -5.653569666668773 0.0
v 0.902277845190838 -3.100951169617474 0.0
v -6.397479663777631 6.158461830578744 0.0
v -6.361393054772634 6.611072323285043 0.0
v 5.81119234819198 9.61938173417002 0.0
v -10.034807596122846 6.678546368144453 0.0
v -6.450768183392938 3.910697770304978 0.0
v -4.098906094615813 -1.9971857676282525 0.0
v -14.834730686037801 12.6310411747545 0.0
v -12.724569907062687 -13.585164476186037 0.0
v -6.326788930105977 0.7400663830339909 0.0
v 1.609975745959673 -7.492047804407775 0.0
v 12.050006238394417 12.36588855739683 0.0
v 9.878862018231302 -8.344429219141603 0.0
v 14.158991255273577 -13.745696286670864 0.0
v -5.141082875197753 -5.583748959004879 0.0
v -5.165815754968207 12.971078689210117 0.0
v -9.98931876081042 -11.620470424182713 0.0
v 3.4418440508889034 11.054167764261365 0.0
v -13.45261311007198 0.8667885642498732 0.0
v 4.927840705320705 -1.6010776134207845 0.0
v 10.256772164197173 9.200751334428787 0.0
v 6.438232905580662 5.477802589535713 0.0
v 5.122465143795125 14.866671979427338 0.0
v 7.468139270378742 6.165080850943923 0.0
v -9.703541324241087 9.565217141062021 0.0
v 13.502807929413393 13.850887009873986 0.0
v 11.623120876029134 2.965043012984097 0.0
v -12.125890099734534 13.999924999661744 0.0
v -13.970989090041257 -12.353390608914196 0.0
v 4.37460786558222 -7.481083410792053 0.0
v 3.5206058917101473 -13.427898845635355 0.0
v -5.727783534035552 7.745261996984482 0.0
v -11.503622728516348 -14.141281322576106 0.0
v 11.53914799640188 -6.043203364126384 0.0
v 3.3405427220859565 -14.667971513234079 0.0
v -3.746328529319726 -12.41255834326148 0.0
v -13.729722445714287 10.127540171146393 0.0
v -4.4775989459012635 -5.901576328091323 0.0
v 13.516440096485894 -10.591826252639294 0.0
v -4.505921834788751 -6.213563948869705 0.0
v -5.962232247693464 12.809113532304764 0.0
v 14.076671712275129 14.086000665090978 0.0
v -1.7975116210291162 14.969123747199774 0.0
v -3.060026330524124 -4.405445909127593 0.0
v 2.0523947402834892 -9.885405670851469 0.0
v -4.11732764611952 -7.267952036112547 0.0
v 2.3575205000815913 13.81332693528384 0.0
v -13.55735122913029 -9.404562518000603 0.0
v 14.315005800512154 -6.248678842559457 0.0
v 5.664342718431726 5.190716926008463 0.0
v 2.6058970812591724 -4.4898711228743196 0.0
v 4.756734091206454 -10.74848878197372 0.0
v 2.9466192947584204 -3.733727947808802 0.0
v 6.728031138714869 -0.9865595521405339 0.0
v 9.537473222764675 -3.1025606896728277 0.0
v -10.769628997077234 -12.118914878927171 0.0
v 3.198517096694559 12.534103859215975 0.0
v 11.069998657505494 -11.716109066270292 0.0
v -2.918092359555885 -5.077017141506076 0.0
v -5.100479849555995 11.201181328855455 0.0
v 12.275440650235396 -11.213937871158123 0.0
v 11.380321496573742 2.4835103070363402 0.0
v -9.13824954739539 5.541572934016585 0.0
v 8.168399544782005 5.046318281441927 0.0
v 3.6411851349985227 11.508145076222718 0.0
v 10.155585408268962 7.9953624084591866 0.0
v -13.471903485129587 -14.799677272327244 0.0
v 13.740713467588648 -3.6021855771541595 0.0
v 4.406384290778078 -14.224344310350716 0.0
v 7.593442856275942 -12.471192193217576 0.0
v -4.266670239041559 0.309507230296731 0.0
v -9.827175596205052 -1.0848033716902137 0.0
v 8.493127164430916 -7.6288339057937264 0.0
v -2.610444735037163 1.7478675097227097 0.0
v 0.28860653669107705 -3.6593448938801885 0.0
v -11.422725691169035 -2.0661458019167185 0.0
v -8.032084487262182 -2.8164307298138738 0.0
v 9.493619532731827 -12.004050756804645 0.0
v -4.3255743240588345 -11.832278314977884 0.0
v 4.398083605919965 -7.469631890766323 0.0
v 4.8682507374323905 2.972926165908575 0.0
v 2.9697910904651508 -0.09002790972590446 0.0
v 10.613486191898119 3.593698337674141 0.0
v 7.670374887879007 -0.7324967747554183 0.0
v -7.18527515034657 12.024136227555573 0.0
v -0.44674569432390854 10.572725122794509 0.0
v 11.145971441525035 -9.770226169377565 0.0
v 5.668874096532818 8.921462186612189 0.0
v 8.292208069644403 9.459535583853722 0.0
v 3.6990925566642545 6.682847718708217 0.0
v -1.2311688587069511 13.179017269052565 0.0
v 10.717489471368026 -14.869902643375099 0.0
v -1.4849174789269455 -6.845961879007518 0.0
v -6.367868208442815 -5.61689387075603 0.0
v -13.71337460243376 -2.2777387918904424 0.0
v 14.521509709244128 10.133760029450059 0.0
v 13.055652863986325 2.748080490157008 0.0
v 9.99062205501832 -6.742121080867946 0.0
v 2.368910171324387 3.313542390242219 0.0
v 13.722411417867988 -4.229638500139117 0.0
v 10.685693970881402 -8.009126125834882 0.0
v -12.544349499163218 5.200069825164974 0.0
v -12.105065879586618 0.3063245126977563 0.0
v -0.8152105099288747 13.93413792643696 0.0
v -12.69708503963193 1.101986600086093 0.0
v 7.166873415815644 11.889185627922416 0.0
v 5.740854069823399 0.9289390305057168 0.0
v 13.953675860189833 9.721630040556192 0.0
v 6.739679814199917 -6.278304174542427 0.0
v 12.096865480940323 6.330117553472519 0.0
v -1.2668736702180468 -12.971811017021537 0.0
v 6.41917781700613 8.055272156372666 0.0
v 11.07842026319122 4.207608055323362 0.0
v 7.886790695192758 -13.851005726493895 0.0
v 8.986075554450508 0.923348450101912 0.0
v -12.852446223434526 -3.28923715185374 0.0
v 2.3234116099774837 4.550344700925052 0.0
v 1.2570643596118316 -5.227117519825697 0.0
v 13.367847824818455 -5.885273592546582 0.0
v 11.20999319315888 7.162245182320476 0.0
v 14.525078948412556 -4.2925966857001185 0.0
v 6.870412363496143 -8.600278315134346 0.0
v -1.7432133996044286 10.349160545505583 0.0
v -4.500088570115622 14.385119991376996 0.0
v -13.504977460834198 -3.5968385841697454 0.0
v -5.25763798103435 -1.0981538984924555 0.0
v 0.6019565673777834 -0.599701426923275 0.0
v -4.7526055833441205 1.6067289728671312 0.0
v -14.321886503719725 -10.106865672394633 0.0
v 14.870999898063019 -10.433776328340173 0.0
v 2.42252327746246 9.558847816661 0.0
v 1.4769506243173964 -0.2581333024427295 0.0
v 14.450979731220286 -9.890477052889764 0.0
v -1.6017282527755015 -7.190098193474114 0.0
v -0.8574896706850268 -7.232277019880712 0.0
v 5.861697271524463 -14.011594101786613 0.0
v -6.214431117638014 -8.96138633042574 0.0
v -14.125367414322682 2.783764423802495 0.0
v 13.911757925292477 10.587824607267976 0.0
v 9.449177960457746 -6.865139585919678 0.0
v -2.8483456250396557 -1.135469107888639 0.0
v 1.7067480847472325 1.6625031055882573 0.0
v 3.9071162205655128 -10.523682297207415 0.0
v -1.0223121737944894 14.398048864677548 0.0
v 2.6592072594794445 -5.974826406687498 0.0
v -7.722139215155039 -7.302397235296667 0.0
v 0.7951155957998708 5.077902513556182 0.0
v -10.083220835076645 -0.7100126054137945 0.0
v 11.875260225089733 3.6445907978340983 0.0
v -4.127046256617177 7.514574288390577 0.0
v -13.61914058867842 10.672955026850104 0.0
v -14.699502366129309 0.780895859003067 0.0
v -0.9228016643901356 13.321268489584327 0.0
v -11.565356087463442 6.867164324037731 0.0
v 11.44332278816728 6.171545232646167 0.0
v 14.932840824418236 6.699877039529383 0.0
v 1.5372964943526313 -10.729920921847224 0.0
v 12.237082789361011 -9.159509566612542 0.0
v 6.977065895451233 3.2881618374958634 0.0
v -3.1078999628080055 -7.589593270793557 0.0
v -10.751747122325469 -5.126450018025935 0.0
v 11.949200111732353 -10.989083990454674 0.0
v 4.92657556058839 14.827945250086486 0.0
v -9.309554974548519 -13.285865579731762 0.0
v 14.573208687070291 -9.15262205991894 0.0
v 1.3131305469432846 8.971189573407173 0.0
v -10.982870451698545 7.891658704727888 0.0
v 9.064355820242781 -8.068832270801067 0.0
v 3.8388009140617214 12.523312771692872 0.0
v 5.490758773928974 -11.66442487295717 0.0
v -14.355991664924659 -7.51337905228138 0.0
v 8.268664460862055 9.201615679077804 0.0
v -8.491574188985396 -1.7939607854932547 0.0
v -10.048501866986044 5.120018600486219 0.0
v 9.552333518862724 -9.663836597464979 0.0
v -1.0970882525434718 2.8467910485342145 0.0
v 14.061497018032242 11.329287447966635 0.0
v 6.961624171875883 -14.468630579300225 0.0
v 1.0766045722411945 12.938743266277015 0.0
v 6.7874694594647735 10.616727370768785 0.0
v 6.37405986856902 0.7198192430660129 0.0
v -2.905405506317038 -13.667912579141557 0.0
v -0.009745648188982159 12.950137586332858 0.0
v 2.7271713843219914 9.374297981150448 0.0
v 12.073444598529022 3.8142022360116243 0.0
v 11.137056457810104 5.5809465777128935 0.0
v -0.6272393919061869 -9.805763307958841 0.0
v 4.6587122122291476 -3.591590174473822 0.0
v 9.091038496932015 2.258267056196928 0.0
v -9.359192639938556 -14.86126587819308 0.0
v 5.652236018737312 -0.7612690031528473 0.0
v 7.8629716719151475 -3.7995705557987094 0.0
v -8.46606602333486 -13.872276101261377 0.0
v 10.33556723559741 -10.85775410104543 0.0
v -10.00251080194721 11.702889565378428 0.0
v -3.3087682551704347 5.3208816181868315 0.0
v 2.9611087029916234 -1.0749400863423944 0.0
v 8.54492219950771 6.565054722130299 0.0
v -11.030932953115553 7.362505482509732 0.0
v -8.060712271893863 -11.950015428476036 0.0
v -4.4803876337828115 6.168034362606704 0.0
v -12.988437039777637 -4.323886959813535 0.0
v -10.27193776005879 0.573036927729845 0.0
v 5.352133814187255 -9.198336381465197 0.0
v 3.35178714140784 7.88733399566263 0.0
v 9.2190312941093 7.0925144692882895 0.0
v -5.172123619995546 -0.627479181624949 0.0
v 9.024924183206167 8.181733683682978 0.0
v 0.27937975845998153 13.74138898961246 0.0
v -1.3152530218940228 3.638091091066599 0.0
v 9.14617309148889 13.536325689405203 0.0
v 9.81465873477282 -4.939574903808534 0.0
v -3.1431793110677972 -14.992021120153368 0.0
v -10.373026197950821 -6.2411751775071025 0.0
v 6.318527782917954 6.561811841093004 0.0
v -13.73920924885897 -12.330276308581233 0.0
v -9.179479163431097 -12.7169402949512 0.0
v 0.2594081065617502 -3.940423789434135 0.0
v 10.271931178634986 -8.733726781792939 0.0
v 10.098294213123154 14.60009191930294 0.0
v -4.7257709059049375 -8.231236009858549 0.0
v -11.480354180675931 -13.366984931752086 0.0
v 11.14661922864616 5.520368192344904 0.0
v -0.6667294995277189 0.06244349107146263 0.0
v 10.669454211485572 2.2830273238942027 0.0
v 2.110484028351493 -9.626198573037982 0.0
v -12.43112883681897 -2.60965952090919 0.0
v 7.829061958065722 -3.7275567203760147 0.0
v -7.548367604438681 3.124382058158517 0.0
v -8.00779846397927 0.04860257264226675 0.0
v 12.727608428220265 6.546403004787862 0.0
v -7.773026391107123 1.1432054182514548 0.0
v 12.735799675574526 -7.955746494233608 0.0
v 9.88725924026221 8.66037214640528 0.0
v -12.056382656330243 5.703397586941719 0.0
v 14.238654738524929 -0.8694900749251246 0.0
v 0.5090248180204071 2.990557079203427 0.0
v -0.9423196864663623 7.373975740745664 0.0
v -3.990358687005937 -10.67622569296509 0.0
v -5.696058231580537 -2.7753107799217105 0.0
v 13.500356514530722 -0.8699239734560251 0.0
v -3.033970198011957 9.446398681029677 0.0
v 4.446413253201172 11.336434775963426 0.0
v -3.9805595990037546 5.892894501797855 0.0
v -6.428196377644781 0.4708237685263157 0.0
v -1.1932036590296775 14.626548357307911 0.0
v -5.489291224221233 -3.080722994171083 0.0
v 3.4813899109722115 6.5599781116470695 0.0
v 7.6952931605046615 13.889556384645402 0.0
v -6.316748654295225 4.419878298416734 0.0
v 10.477523590554483 14.038940668106079 0.0
v 6.630918132548686 14.303896624594927 0.0
v 6.798491771100089 0.3405357701703906 0.0
v 13.276202563429251 7.230478089302778 0.0
v -4.292505476332735 8.219994748011231 0.0
v 12.741185688762926 -12.870273576118052 0.0
v -10.40625627693953 0.3265440119430423 0.0
v -13.596045410609804 -3.169139447622001 0.0
v -5.39627433771966 -3.6193071911111474 0.0
v 5.443487764976453 4.847892411984503 0.0
v -13.246893119998276 -6.290872948244214 0.0
v -5.5115071620675735 4.81110405549407 0.0
v -6.788930680602789 6.699037443846464 0.0
v -13.111515960132238 13.9194922670722 0.0
v -7.5161536784726195 -12.52890244871378 0.0
v -8.798692297423258 8.665260439738631 0.0
v -5.667633373639546 -10.305607847869396 0.0
v -1.6658822825411335 2.360807885415852 0.0
v -9.038068527879659 4.199902439489961 0.0
v 6.618310884281527 10.277347459457815 0.0
v 9.205851690727286 1.7487241849303246 0.0
v -9.746276544756256 -12.621465019881725 0.0
v -7.738349848601501 1.9931853897869587 0.0
v -12.16533724043984 -12.643619011156261 0.0
v 1.1548494977760129 14.968120097182691 0.0
v -3.311947725364007 -14.64280921407044 0.0
v 11.566858380567282 11.689977853558958 0.0
v 2.11040647077607 -4.169689178466797 0.0
v 7.604924755403772 -14.830034759826958 0.0
v 7.844022587523796 12.11124043352902 0.0
v -1.544173831352964 5.804190160706639 0.0
v 13.660877964226529 4.643842099234462 0.0
v -12.118684426532127 -10.838754734024405 0.0
v 11.22544444235973 -13.658159146085382 0.0
v 7.216737862909213 4.159041696228087 0.0
v 5.944156558252871 12.375498270615935 0.0
v -6.812720751797315 -1.2248905608430505 0.0
v -7.734719434985891 13.911363130435348 0.0
v -1.1980040109483525 4.2635807087644935 0.0
v 14.258308384742122 -0.30498772393912077 0.0
v -11.121653842332307 2.9178335955366492 0.0
v 0.519864967558533 0.7615464134141803 0.0
v -14.83590256300522 2.0959252854809165 0.0
v 13.826831520884298 3.172704237513244 0.0
v 1.768383708607871 -6.217571132816374 0.0
v 12.244104753714055 -8.143661273643374 0.0
v -4.702672340790741 3.53092023357749 0.0
v -13.890866511326749 4.97607653029263 0.0
v 10.832531962310895 9.415461673401296 0.0
v 7.259724454488605 13.020305274054408 0.0
v -0.13869150605751202 9.04613580647856 0.0
v 6.270355252316222 14.15211052633822 0.0
v 3.4474777304567397 12.180202150717378 0.0
v 2.894772434956394 11.583755289204419 0.0
v 11.362108739966061 5.317718021571636 0.0
v 2.3538740869262256 11.687687621451914 0.0
v 11.90880061761709 -9.61486307438463 0.0
v -9.802853076194879 -3.3076266907155514 0.0
v 7.8012102278880775 -6.599498001858592 0.0
v -11.493771072011441 2.3104470428079367 0.0
v -13.186715795833152 -12.654111079871655 0.0
v 9.48587299452629 0.18100166972726583 0.0
v -13.820411333756056 12.495324649848044 0.0
v -9.06340699485736 -13.885087795555592 0.0
v -4.102731788996607 2.1342739975079894 0.0
v 9.55902545148274 1.3029280733317137 0.0
v 1.5901856708223931 -12.996112179942429 0.0
v 9.954797986079939 3.703808012418449 0.0
v -6.144608654431067 -7.437857981771231 0.0
v -1.5804446881520562 10.309278867207468 0.0
v -11.497135725221597 -14.808685078285635 0.0
v -1.0856968717998825 -3.6552216578274965 0.0
v 3.713276957452763 14.914898067712784 0.0
v 5.816932693996932 6.509981631301343 0.0
v 10.457270921848249 14.343510553240776 0.0
v 4.916978652763646 -4.922328254207969 0.0
v -7.611676218686625 2.984129009768367 0.0
v -0.9080122691811994 -1.1124796103686094 0.0
v -13.826686172396876 1.77286780718714 0.0
v 10.041555734060239 1.5184884034097195 0.0
v -0.7740765854832716 -4.112018237821758 0.0
v 14.293902878591325 8.632152123376727 0.0
v 6.742231526062824 1.1520818462595344 0.0
v -2.506415056064725 14.766984951682389 0.0
v 9.245165231404826 -7.426483569666743 0.0
v 4.958878309291322 13.591690870933235 0.0
v 5.905803411675151 -12.535515087656677 0.0
v -1.9425806151120923 0.9083078475669026 0.0
v 8.087287272617687 -0.7361446339637041 0.0
v 2.475787896895781 -9.511525268666446 0.0
v 14.366688036883716 5.1140998201444745 0.0
v -10.113249003246892 6.303558837622404 0.0
v 5.661469534388743 -5.228584182448685 0.0
v -3.946854191250168 6.132555297575891 0.0
v 9.287356619606726 -1.1889213807880878 0.0
v -7.149504384724423 14.828856750391424 0.0
v -5.644690539687872 -0.5279539367184043 0.0
v 3.5757508105016313 -8.776209844276309 0.0
v -13.060157669940963 14.326541859656572 0.0
v 4.807319831452332 -8.903194828890264 0.0
v 7.790926896908786 -13.960159609094262 0.0
v 4.631252848485019 -10.670555998571217 0.0
v 0.38427523674909025 -13.254449297674 0.0
v 1.397409111901652 0.7081115283071995 0.0
v -5.709908656019252 -12.948923887684941 0.0
v 12.644326999085024 -11.090852717868984 0.0
v -14.947574959427584 -3.7299314299598336 0.0
v -2.5346613597357646 13.468771310523152 0.0
v -14.185688228055369 8.428023731335998 0.0
v -3.827338001690805 6.707505499012768 0.0
v -12.897400264861062 -3.203685744665563 0.0
v -4.32973312062677 -2.898279134184122 0.0
v -7.414760618354194 0.2073665363714099 0.0
v 6.715959703957196 13.443742712028325 0.0
v 6.473228098882828 -6.140712757594883 0.0
v 9.805637614568695 -5.69286838080734 0.0
v -3.1560100611532107 -0.5309825940057635 0.0
v 13.425438659614883 9.835072418674827 0.0
v 12.04843305418035 -6.216468932107091 0.0
v 2.8388947733910754 -13.648615470156074 0.0
v 9.441259144747164 10.256870485842228 0.0
v -1.4785127298673615 -8.161967809312046 0.0
v 9.844623385171872 -8.061112624593079 0.0
v -11.511273471289314 2.0502414386719465 0.0
v -9.897291060711723 6.930638838559389 0.0
v -13.018214809417259 11.202419101260602 0.0
v -13.67196023586439 -8.720431731082499 0.0
v -1.7103954999474809 3.301630417816341 0.0
v 13.178928944282234 1.8916090810671449 0.0
v -6.711541871656664 -4.946723265573382 0.0
v -7.183500710118096 -4.428752075880766 0.0
v -9.295813994656783 -14.330440479330719 0.0
v -4.388192430953495 4.89838797505945 0.0
v -2.305510990321636 -1.2313185464590788 0.0
v -2.5094281227793545 -1.4692462394014 0.0
v -5.372749220288824 14.399950572289526 0.0
v -1.3069254606380127 14.917400458827615 0.0
v 5.049166648997925 13.213538095355034 0.0
v 3.9437567668501288 -8.788962616585195 0.0
v -2.5294352100463584 12.579629983752966 0.0
v 3.8695280327810906 -4.6655894592404366 0.0
v -1.3454185328446329 -3.5334393056109548 0.0
v 7.465599533054046 1.4960921257734299 0.0
v -11.586080186476465 -0.49581934977322817 0.0
v 0.9514881405048072 -3.730330907739699 0.0
v 6.0793922581360675 5.057935789227486 0.0
v 0.041390353988390416 9.349788000807166 0.0
v 5.422683888755273 -10.026722721755505 0.0
v 3.182317864848301 1.7222251212224364 0.0
v -5.749830271175597 -11.279617769643664 0.0
v -1.5022894331486896 14.978931385092437 0.0
v 5.147690590994898 4.693770298734307 0.0
v -5.231101188401226 13.919476612471044 0.0
v 2.5512882949551567 -6.584564724937081 0.0
v -14.737903898523655 8.034066551364958 0.0
v 12.37148286611773 3.9282326120883226 0.0
v 13.6029496138799 -2.588719291612506 0.0
v 5.38137307506986 -10.441770244389772 0.0
v -0.3873160054208711 -1.3593380358070135 0.0
v -1.2330394298187457 -8.507277900353074 0.0
v -0.45880073006264865 -2.374964670278132 0.0
v 3.1380522107938305 -5.328478497453034 0.0
v -7.061540956492536 -7.295186006464064 0.0
v -6.914341814350337 8.161836979910731 0.0
v -9.660532924172003 13.91151510272175 0.0
v -8.256616861675866 9.467536896467209 0.0
v 1.0062730201752856 -1.226018882356584 0.0
v -2.7435087058111094 12.582677882164717 0.0
v 10.402512233529706 6.517829258926213 0.0
v -3.9417046877206303 -6.889711927622557 0.0
v 13.142993352783378 9.918231445364654 0.0
v 6.3347375019220635 -3.9585163351148367 0.0
v 11.999349571124185 -8.628937484696507 0.0
v -0.23644597077509388 -1.1596516845747828 0.0
v 10.195756804663688 6.844352254644036 0.0
v 8.608078526507597 -9.058559004217386 0.0
v 10.449140946147963 -9.597899925895035 0.0
v -12.63255803019274 -8.231684810481966 0.0
v 8.54895364108961 3.999926303513348 0.0
v 0.10176912491442636 8.348252210766077 0.0
v 12.73257423978066 13.332862407900393 0.0
v 11.94035586033715 -7.590917904861271 0.0
v 1.4152639785897918 -0.1791880177333951 0.0
v -12.19590934010921 2.553776416927576 0.0
v -6.205908645584714 9.826699974015355 0.0
v -1.5589609195594676 0.8802018314599991 0.0
v 3.218759492621757 -10.328101568855345 0.0
v -11.19130115385633 5.5971212442964315 0.0
v -10.976594344596379 -14.515355603769422 0.0
v -7.452962040377315 -6.216028449125588 0.0
v -2.948899691924453 -13.11956921685487 0.0
v -11.714907633780967 -0.24098938424140215 0.0
v -6.092403877642937 4.135069129988551 0.0
v 9.623890272341669 -13.847980776801705 0.0
v -12.063794220681302 -12.82224491238594 0.0
v 2.5716559682041407 -11.243993317708373 0.0
v 8.573875911301002 12.270224311389029 0.0
v 0.8391820136457682 7.923100207932293 0.0
v -7.713536146096885 1.4472843715921044 0.0
v -3.4892952365917154 7.6767056081444025 0.0
v -1.26893064531032 -6.467661838978529 0.0
v -3.516122706758324 -7.80524168536067 0.0
v 7.484169802512042 8.856659280136228 0.0
v 3.18160499347141 -6.322140425443649 0.0
v 14.115428089571651 0.20573859848082066 0.0
v -11.3586468436406 -4.035081252455711 0.0
v 5.934569542238023 10.704941765405238 0.0
v -3.793917007627897 -0.058962928131222725 0.0
v -4.740134471445344 -3.975960965268314 0.0
v 3.75939375924645 6.262969322502613 0.0
v -5.740301045356318 14.21245574299246 0.0
v 5.165615589823574 4.211684838868678 0.0
v 11.135392546944786 -13.579395259730518 0.0
v -1.8410718504455872 -14.837370020337403 0.0
v -10.738879515556619 5.941763364709914 0.0
v 0.3014726159744896 7.11092035472393 0.0
v -13.812256606994197 -0.5173897407948971 0.0
v 5.4704710827209055 0.7682972736656666 0.0
v -12.550076768326107 -7.442881701514125 0.0
v 13.681217901059426 -3.525877483189106 0.0
v 11.351203799364157 -3.7429336654022336 0.0
v 13.377891600946896 -11.761578461155295 0.0
v 12.9585179425776 3.456304701976478 0.0
v -12.943887051776983 -12.523378134705126 0.0
v 7.053710501582827 7.32387347240001 0.0
v 5.548608599230647 -14.366273313760757 0.0
v 13.320903163927142 3.745383403263986 0.0
v 6.90497999713989 0.29408220387995243 0.0
v -14.545549583563115 12.606296680867672 0.0
v -14.517177546513267 0.4527772217988968 0.0
v -9.820713654044084 -11.588911140337586 0.0
v -8.171973038522992 -11.558954811654985 0.0
v -11.346864343155175 13.788390273228288 0.0
v 9.782705252000596 -0.6870997855439782 0.0
v 8.887400753446855 -0.449058691971004 0.0
v -5.503003718680702 -2.8238538252189755 0.0
v 4.210663700825535 14.6423923028633 0.0
v 3.1444214102230035 0.5280544040724635 0.0
v 12.391326681768987 5.038908611983061 0.0
v 14.794069166644476 -5.394389064051211 0.0
v -11.424621896119788 -7.3717493722215295 0.0
v 0.20659983158111572 -7.515397097915411 0.0
v 13.903497162507847 -11.787600309588015 0.0
v -2.005942956660874 -3.9640935491770506 0.0
v -6.884415713779163 -6.238883031532168 0.0
v 5.360853207646869 13.189063184894621 0.0
v -6.192647283722181 -9.279189921915531 0.0
v 2.155931971676182 2.3174267411231995 0.0
v 12.129634984303266 -8.828533149324358 0.0
v 0.9880845303996466 9.061776902526617 0.0
v -6.799656387534924 4.386283187195659 0.0
v 6.9493542203563266 -11.572674122639 0.0
v -5.765479734458495 -9.46717868372798 0.0
v 8.959098461607937 -4.114735319279134 0.0
v -14.727453152183443 11.323427778668702 0.0
v 3.802904366166331 2.0831761732697487 0.0
v 6.612694762356114 -12.212410733103752 0.0
v -14.951892435608897 -13.836907240562141 0.0
v 14.789267083921004 -6.615030468441546 0.0
v -0.7829442579532042 10.570171133615077 0.0
v -4.683765460853465 9.674902542494237 0.0
v -9.531870002334472 -0.8846754655241966 0.0
v 6.298266243713442 -1.096655779518187 0.0
v -2.2528066400554962 1.1341342497617006 0.0
v -9.964426724705845 -12.521774051710963 0.0
v -2.9430721511598676 -8.470765037462115 0.0
v 4.014809994958341 4.407645926810801 0.0
v 7.7549657234339975 -7.718954371288419 0.0
v -6.497994034842122 -3.4578567054122686 0.0
v -2.147599464049563 -3.649711387231946 0.0
v -6.6715237134485506 0.9813265949487686 0.0
v -8.280531589058228 13.582650817930698 0.0
v 12.14097191678593 10.549641218036413 0.0
v 14.471853272465523 -8.458108820021152 0.0
v -0.9277260570670478 -4.624834204092622 0.0
v 8.69127922761254 -12.910818398930132 0.0
v -10.120566297206096 10.771341444924474 0.0
v 13.816334589384496 2.698643042705953 0.0
v -2.0714066304499283 -3.8567485734820366 0.0
v 9.669134224182926 -1.7719937777146697 0.0
v 2.867109927639831 -0.7074958886951208 0.0
v 5.474333006131928 2.329343947581947 0.0
v -11.636039087374229 -7.517088937573135 0.0
v -10.111134267877787 0.6117038363590837 0.0
v 11.023255003034137 -9.42792522162199 0.0
v -7.264182502403855 10.58153310418129 0.0
v 4.762399918050505 -4.928540871478617 0.0
v 14.090059960784856 13.076014295220375 0.0
v 12.247487421205733 5.015741224400699 0.0
v 13.609542129735928 4.671857237815857 0.0
v -9.653145067568403 0.5309816105291247 0.0
v -5.448195906821638 1.2832928877323866 0.0
v -12.253507745626848 14.882080728188157 0.0
v 4.40907693747431 3.889254776760936 0.0
v 5.990418128669262 -14.477036134339869 0.0
v 10.099311865575146 13.883422457613051 0.0
v -8.250975810806267 -8.4275465272367 0.0
v -14.658959470165428 -11.685315632261336 0.0
v -4.2993331899051555 -14.645553852431476 0.0
v 7.887355435814243 -3.6211913488805294 0.0
v -9.293374531844165 -10.998014126904309 0.0
v -0.011850055307149887 -7.099797557108104 0.0
v 9.400707874563523 5.869996283203363 0.0
v -13.387870846316218 -12.216519992798567 0.0
v 12.21545887645334 -13.297802140004933 0.0
v 11.573820525663905 -8.491992375813425 0.0
v -13.484563745150808 -3.2388925710693 0.0
v 3.4664063861127943 -1.1415496291592717 0.0
v -11.960952139808796 11.293565564788878 0.0
v 12.170706169796176 -3.47567589674145 0.0
v 13.449799391732085 3.9390577441081405 0.0
v -6.171520792355295 -12.362776996567845 0.0
v 5.187299103767145 -12.18984700832516 0.0
v 1.2125025984132662 3.1294689401984215 0.0
v -10.32575932238251 5.073545756749809 0.0
v 6.472433517687023 10.34416471235454 0.0
v 13.429169022769202 -3.163331122137606 0.0
v -10.697835179744288 10.841111752204597 0.0
v 3.8954740240587853 -10.519574728794396 0.0
v -10.100829868693836 14.254635391756892 0.0
v -1.0763408851926215 3.784606333822012 0.0
v 13.448406728275586 7.3320858888328075 0.0
v 0.5404327645082958 -11.25555198546499 0.0
v 5.431298093695659 5.702237984165549 0.0
v -11.272816131648142 5.605443684384227 0.0
v -5.248926553642377 -12.891798604279757 0.0
v 0.01699237182037905 13.949595577083528 0.0
v 6.407564230787102 -5.661031885072589 0.0
v -12.366774005175103 13.308002572506666 0.0
v -0.5088949361816049 -7.917174633592367 0.0
v -2.377946540422272 -2.2173270331695676 0.0
v 11.298163865227252 12.822922591120005 0.0
v -0.8705526606645435 -6.397704931907356 0.0
v 1.2952239909791388 -11.503971577621996 0.0
v -5.433886593498755 -3.3033433659002185 0.0
v 8.667886673414614 -1.6807112451642752 0.0
v -13.795506889058743 11.476460848003626 0.0
v 1.7925347847631201 13.761144947260618 0.0
v 12.447824935021345 4.781931982375681 0.0
v 7.209710771567188 -14.432232954539359 0.0
v -13.741731612302829 9.618170101195574 0.0
v -5.0250797246117145 2.0831546438857913 0.0
v 13.191861310275272 -7.25456742849201 0.0
v -2.5178047996014357 -0.8848765511065722 0.0
v -12.290075984376017 1.8680538637563586 0.0
v -10.558581189601682 -12.296821095980704 0.0
v 14.330457530159038 -6.913166466169059 0.0
v 1.3357210284448229 11.739750334993005 0.0
v 8.027062246517744 -0.6879778876900673 0.0
v 14.585499645152595 -4.56249001994729 0.0
v -0.07761148980353028 1.6862332494929433 0.0
v 8.13336932315724 -1.2789509324356914 0.0
v -7.355870714527555 -8.85095055308193 0.0
v -5.068026368971914 6.058368884027004 0.0
v 5.8729257238446735 -2.3368989443406463 0.0
v -8.774946366262157 -9.728899657726288 0.0
v -6.8530645376304165 -10.560928912833333 0.0
v -12.605818950454704 6.261085009202361 0.0
v 0.37386481795692816 -5.154396600089967 0.0
v -1.5041818608297035 -9.219849992543459 0.0
v 13.491710724891163 -14.897604502737522 0.0
v 1.9699453339562751 -1.2449003662914038 0.0
v 10.80580981442472 4.8751004645600915 0.0
v -0.2322384772123769 6.760871898382902 0.0
v -4.33165122900391 4.4596653543412685 0.0
v -12.339205074473284 1.349705157801509 0.0
v 14.48682978854049 13.787221564911306 0.0
v 11.124197163968347 4.8586082980036736 0.0
v -6.495058715285268 -9.478340164758265 0.0
v -4.23187620472163 7.345522721298039 0.0
v 1.6457829392747954 5.842637497931719 0.0
v -12.552607509365771 0.4680233784019947 0.0
v -8.375969189975876 -4.262165317311883 0.0
v 9.55980998481391 -3.484758108854294 0.0
v -6.181074344320223 13.928138829767704 0.0
v -5.500102646474261 -5.827714185230434 0.0
v 3.156770177243743 -13.09205661341548 0.0
v 0.3758907087612897 11.492757742293179 0.0
v 9.883010800229385 -0.4583302363753319 0.0
v 14.211265756748617 -12.021153061650693 0.0
v -13.96684027754236 12.02012909669429 0.0
v 10.698658423847519 -13.144809582270682 0.0
v 12.669114271760918 -12.816334343515337 0.0
v 10.280039223260246 12.528952552005649 0.0
v -7.290753811481409 -14.53495513740927 0.0
v -6.8797119243536144 5.694725248962641 0.0
v 10.99876878829673 -3.5256591914221644 0.0
v -11.543340097123291 -7.009341571480036 0.0
v -10.656466800253838 -11.567133608274162 0.0
v -3.9883627974777482 4.286714885383844 0.0
v -14.487394799303729 12.373250948265195 0.0
f 1867 1907 413
f 690 505 481
f 774 505 1684
f 644 1426 625
f 174 1308 505
f 283 842 494
f 1907 1488 413
f 856 1367 330
f 505 1579 1684
f 690 1579 505
f 690 1037 1570
f 1037 690 481
f 160 1524 1883
f 1905 1570 899
f 1579 1905 1684
f 1905 690 1570
f 1905 1579 690
f 834 1451 1034
f 489 174 505
f 1308 1401 1976
f 174 1401 1308
f 1002 1308 1976
f 1270 1486 1583
f 1001 290 1043
f 290 1001 408
f 1373 211 978
f 491 958 1417
f 958 491 1991
f 1451 212 1034
f 290 532 1043
f 1198 511 330
f 370 1520 93
f 665 308 1155
f 1716 308 601
f 308 1716 1155
f 1063 1131 279
f 440 50 357
f 751 902 636
f 1997 998 1189
f 734 733 718
f 228 1215 718
f 353 283 1367
f 1015 842 283
f 353 1015 283
f 1015 353 961
f 842 1015 494
f 639 1907 1867
f 778 751 636
f 511 1764 330
f 1764 856 330
f 856 1764 221
f 1764 165 221
f 411 37 335
f 1864 856 1510
f 856 1864 1367
f 856 172 1510
f 172 856 221
f 252 172 221
f 1037 565 1570
f 843 381 160
f 1524 1169 1883
f 708 416 789
f 1800 290 408
f 1803 834 1991
f 834 1230 1451
f 1803 1230 834
f 774 204 505
f 1009 178 1706
f 807 52 1481
f 550 624 39
f 171 1943 296
f 1915 660 1460
f 971 1198 330
f 1198 971 681
f 1198 1657 610
f 1657 1198 681
f 1282 1198 610
f 788 446 370
f 680 210 930
f 308 1228 41
f 665 1228 308
f 53 1716 282
f 1228 1826 41
f 1063 634 345
f 1716 168 1155
f 53 168 1716
f 705 877 357
f 50 705 357
f 705 120 1562
f 967 50 440
f 514 967 440
f 1031 778 887
f 778 1031 751
f 751 1642 902
f 1642 734 718
f 902 1642 718
f 1031 1642 751
f 765 1736 1067
f 1736 72 1067
f 902 72 636
f 1523 672 1238
f 672 1523 1673
f 1080 1523 1145
f 1523 1080 1673
f 894 1080 1145
f 1080 1741 1673
f 1741 1080 894
f 1576 1523 1238
f 1850 1215 228
f 1997 1850 998
f 1838 353 1367
f 596 260 1867
f 1324 639 1867
f 260 1324 1867
f 1324 313 639
f 313 534 1907
f 534 313 98
f 1003 1488 1907
f 534 1003 1907
f 1003 534 778
f 1003 778 636
f 918 761 635
f 918 1918 445
f 1357 918 445
f 918 1357 761
f 1967 1282 610
f 1282 1967 691
f 1718 1764 511
f 1764 1718 165
f 165 1718 221
f 1946 1864 1510
f 1864 1946 1990
f 411 1075 37
f 1946 1075 1990
f 1075 1946 37
f 172 1396 1510
f 1918 286 445
f 37 286 335
f 918 286 1918
f 1608 1037 481
f 1608 565 1037
f 565 1608 336
f 1608 520 336
f 1006 1634 481
f 1164 328 284
f 981 1373 978
f 693 978 399
f 460 78 359
f 385 1 1613
f 1905 1610 1684
f 104 1610 1905
f 1610 774 1684
f 1610 104 774
f 1128 104 1905
f 1128 1905 899
f 1993 1128 899
f 104 1128 774
f 264 471 1645
f 833 1887 1738
f 416 833 1738
f 833 416 708
f 994 833 708
f 1456 1887 1653
f 1044 994 708
f 1044 708 789
f 1887 1032 1653
f 1032 1044 1653
f 1044 1032 994
f 833 1032 1887
f 1032 833 994
f 1105 972 624
f 550 1105 624
f 983 460 359
f 624 1351 39
f 144 73 754
f 430 384 1943
f 1280 532 290
f 491 1171 1991
f 1171 1803 1991
f 1803 1171 841
f 1230 1147 1451
f 1451 1147 1970
f 1354 489 505
f 204 1354 505
f 489 564 174
f 564 1385 174
f 49 1401 174
f 1385 49 174
f 832 51 1487
f 723 51 1430
f 51 832 1430
f 1270 1783 1486
f 1783 590 1486
f 1768 1783 1270
f 1783 1768 590
f 17 1901 1204
f 1901 17 178
f 1701 801 1824
f 263 761 540
f 51 1674 1487
f 117 838 1921
f 1312 1559 1841
f 649 1781 844
f 804 649 844
f 1547 545 1964
f 545 1547 1781
f 684 105 1909
f 649 105 1781
f 105 545 1781
f 660 809 1460
f 809 743 1460
f 743 809 944
f 1249 939 1212
f 578 105 684
f 105 578 545
f 1095 1164 472
f 1861 450 1174
f 744 1861 1866
f 711 259 1553
f 1553 259 1417
f 1029 1553 1417
f 403 1029 1417
f 1138 837 212
f 1138 84 1615
f 920 1942 604
f 394 234 1057
f 1796 394 1057
f 1796 1928 394
f 149 1915 1460
f 1868 101 399
f 532 637 1043
f 70 637 532
f 921 1242 435
f 300 637 70
f 637 300 1043
f 300 1001 1043
f 300 1078 1001
f 1559 1065 1841
f 470 70 532
f 1242 470 435
f 470 1242 70
f 976 921 435
f 470 976 435
f 976 470 193
f 758 965 228
f 758 228 718
f 733 758 718
f 821 758 733
f 758 821 1965
f 1301 758 1965
f 1850 1286 998
f 1286 1850 228
f 723 1817 322
f 1817 723 1430
f 1637 1410 1412
f 572 1232 590
f 1768 572 590
f 939 528 1212
f 528 939 61
f 1600 236 1766
f 1176 1657 681
f 1657 1176 766
f 967 1650 915
f 1650 967 514
f 137 1513 1142
f 1198 152 511
f 1282 152 1198
f 152 1282 691
f 815 137 540
f 1435 634 1063
f 1435 613 788
f 613 1063 279
f 613 1435 1063
f 370 1815 1520
f 446 1815 370
f 836 114 1507
f 210 114 1753
f 114 836 1753
f 890 680 930
f 680 890 69
f 890 788 69
f 92 836 1507
f 836 92 875
f 1616 836 875
f 788 1195 69
f 1195 788 370
f 9 1320 439
f 168 9 439
f 9 168 53
f 1801 30 1753
f 1801 1616 706
f 836 1801 1753
f 1616 1801 836
f 1826 755 1331
f 755 1981 1331
f 1981 755 30
f 1275 1228 665
f 1275 1826 1228
f 308 249 601
f 1378 1981 1464
f 1981 1378 1331
f 128 1826 1331
f 1378 128 1331
f 128 1378 131
f 1826 128 41
f 1013 210 1753
f 634 1013 1753
f 1131 1586 279
f 652 1586 1131
f 379 1475 446
f 379 613 279
f 1586 379 279
f 379 1586 1475
f 379 446 788
f 613 379 788
f 1475 1561 446
f 1320 1561 439
f 1561 1815 446
f 1815 1561 1320
f 854 652 1131
f 854 1063 345
f 854 1131 1063
f 1275 854 1826
f 755 854 345
f 854 755 1826
f 705 861 120
f 178 1604 1706
f 1604 237 1706
f 579 344 875
f 1616 1893 1562
f 1893 705 1562
f 1322 967 915
f 967 1322 50
f 861 1322 915
f 1322 705 50
f 1322 861 705
f 1797 801 1934
f 801 1797 1824
f 1797 1305 1824
f 1258 1997 1189
f 1320 1258 1189
f 1736 556 413
f 765 556 1736
f 1530 556 765
f 874 72 902
f 874 902 718
f 1215 874 718
f 72 1407 636
f 1407 72 1736
f 1488 1407 413
f 1407 1736 413
f 73 1549 159
f 1741 1549 73
f 1549 1741 894
f 1798 1549 894
f 1549 1680 159
f 1549 1798 1680
f 1191 1015 961
f 1015 1191 494
f 1191 752 494
f 639 1061 1907
f 1061 313 1907
f 313 1061 639
f 768 1867 625
f 768 596 1867
f 313 1388 98
f 1324 1388 313
f 1804 1368 1091
f 619 1804 1633
f 1804 619 1368
f 651 1003 636
f 1003 651 1488
f 1407 651 636
f 651 1407 1488
f 36 148 252
f 882 1797 1934
f 1797 882 1305
f 882 1650 514
f 1924 882 514
f 882 1924 1305
f 245 1594 1934
f 1594 882 1934
f 715 1657 766
f 1657 715 610
f 830 36 252
f 830 252 221
f 1718 830 221
f 1735 1946 1510
f 1946 1735 37
f 1735 453 1357
f 1735 1357 445
f 286 1735 445
f 1735 286 37
f 1672 1075 411
f 353 1672 961
f 1672 411 961
f 1838 1672 353
f 1458 973 472
f 1855 739 1645
f 739 264 1645
f 739 310 264
f 480 1855 1645
f 1136 480 1645
f 520 1723 336
f 1723 1136 1645
f 549 952 923
f 654 1006 481
f 571 654 963
f 427 183 1543
f 183 427 1072
f 1538 173 240
f 1382 1682 1522
f 1634 1682 481
f 1682 1382 481
f 328 1607 284
f 1607 19 284
f 1564 500 1449
f 19 500 1564
f 500 1607 1449
f 1607 500 19
f 905 1083 546
f 623 905 546
f 958 905 1417
f 1083 905 958
f 905 403 1417
f 905 623 403
f 84 709 1615
f 709 1007 1615
f 1007 709 981
f 981 709 1373
f 441 709 84
f 1489 478 399
f 478 693 399
f 693 417 978
f 1989 693 1144
f 1989 417 693
f 1989 981 978
f 417 1989 978
f 1831 1007 981
f 1398 1831 1144
f 1169 488 101
f 101 488 399
f 1517 380 381
f 454 78 460
f 783 1515 79
f 1515 1002 79
f 1044 1515 7
f 1002 1515 399
f 1515 1044 399
f 983 1112 460
f 1882 928 548
f 928 492 548
f 492 928 297
f 1780 983 359
f 1044 1920 1653
f 1920 1044 1641
f 1848 1154 1898
f 1154 1848 385
f 677 1564 1449
f 262 1565 188
f 1887 421 1738
f 1456 421 1887
f 230 416 1738
f 1279 230 972
f 1105 316 352
f 1590 1154 385
f 1590 385 1613
f 169 983 339
f 983 169 1011
f 90 983 1011
f 118 90 1011
f 1479 118 1011
f 363 1565 732
f 1565 363 188
f 363 1173 188
f 1523 1209 1145
f 1078 1395 1001
f 495 309 1050
f 1552 465 1238
f 672 1552 1238
f 112 295 224
f 295 384 224
f 1943 295 296
f 384 295 1943
f 945 430 325
f 945 107 430
f 683 112 224
f 683 107 112
f 384 683 224
f 683 384 430
f 107 683 430
f 295 1059 296
f 127 372 1394
f 1152 910 1356
f 532 780 974
f 1280 780 532
f 372 1823 1394
f 1823 1062 1394
f 254 744 1429
f 744 254 389
f 501 1230 1803
f 1147 1638 315
f 948 1904 315
f 1638 948 315
f 948 1638 1949
f 1790 564 489
f 564 1790 1385
f 1401 1325 1976
f 49 1325 1401
f 1203 1901 178
f 1203 1009 1430
f 1009 1203 178
f 1433 723 322
f 753 1178 1422
f 1701 878 801
f 1513 878 1142
f 801 878 1934
f 878 245 1934
f 878 1513 245
f 614 1773 822
f 251 1588 1860
f 1674 1951 1487
f 1951 1901 1487
f 1901 1951 1204
f 1951 935 1204
f 375 1391 822
f 859 1588 251
f 1588 859 6
f 175 514 440
f 6 175 440
f 242 1178 753
f 1995 242 753
f 1624 838 117
f 1559 1624 117
f 1624 97 838
f 1551 649 804
f 1551 105 649
f 1551 1863 1909
f 450 75 1135
f 75 585 1135
f 1481 75 1211
f 585 75 1481
f 327 711 1553
f 1393 743 944
f 743 1393 939
f 824 827 781
f 827 824 1115
f 1877 807 1481
f 1877 1481 1211
f 1725 743 939
f 1249 1725 939
f 1725 1249 1115
f 824 1725 1115
f 1725 824 1499
f 1571 1249 1212
f 433 578 684
f 316 668 352
f 686 849 1889
f 545 138 1964
f 444 1152 1356
f 1696 326 767
f 326 444 1356
f 444 326 1696
f 1861 1148 450
f 1148 744 389
f 1148 1861 744
f 20 704 1767
f 704 386 1767
f 1529 1861 1174
f 704 1529 1174
f 1529 704 20
f 1861 1529 1866
f 1529 1696 1866
f 1529 20 466
f 1411 20 1767
f 870 491 1417
f 259 870 1417
f 365 1138 212
f 1138 365 84
f 365 1451 1970
f 365 212 1451
f 1992 1138 1615
f 1007 1992 1615
f 1942 1911 604
f 1911 524 604
f 1769 111 1939
f 1278 479 515
f 1707 1039 234
f 52 966 1481
f 966 585 1481
f 1439 966 52
f 1152 806 970
f 806 1796 970
f 1796 806 1928
f 294 1796 1057
f 1404 294 1057
f 1446 1666 1894
f 1666 380 1517
f 380 1666 776
f 1666 1446 403
f 124 660 1915
f 124 537 660
f 1782 124 1915
f 1655 1782 1858
f 1655 124 1782
f 124 1655 537
f 626 160 1883
f 626 843 160
f 626 1291 843
f 626 575 1291
f 575 626 1883
f 1169 575 1883
f 575 1169 101
f 1868 575 101
f 1099 1242 1180
f 1242 1099 70
f 300 1099 1180
f 1099 300 70
f 1035 1010 1295
f 1010 1035 1397
f 764 180 229
f 257 117 1921
f 1297 257 1921
f 1170 1301 1965
f 965 1335 228
f 1335 1286 228
f 64 1335 965
f 1286 1573 998
f 1403 1035 1295
f 698 161 322
f 698 876 161
f 991 1547 1964
f 1685 1702 844
f 424 991 1412
f 991 424 1547
f 424 1079 1547
f 1079 424 317
f 1079 1255 1896
f 524 938 604
f 938 1654 604
f 1637 1477 1410
f 63 920 604
f 1654 63 604
f 1504 63 1654
f 63 1504 1477
f 1477 1504 1410
f 151 1776 1486
f 1776 151 1232
f 590 151 1486
f 1232 151 590
f 1776 1491 1486
f 1250 886 1971
f 886 1250 414
f 200 387 1770
f 324 200 1434
f 324 387 200
f 1360 1637 414
f 1126 1360 414
f 1360 324 1434
f 324 1360 387
f 121 1776 1232
f 121 1126 414
f 1250 121 414
f 121 1250 1776
f 960 926 61
f 1041 773 789
f 1279 911 1649
f 1179 458 766
f 1176 1179 766
f 661 1176 681
f 601 661 330
f 661 971 330
f 971 661 681
f 589 1513 137
f 815 589 137
f 589 1967 245
f 1513 589 245
f 1967 589 691
f 589 815 691
f 815 1328 691
f 1328 152 691
f 1328 1718 511
f 152 1328 511
f 210 203 930
f 1013 203 210
f 203 1013 634
f 1815 818 1520
f 818 1815 1320
f 818 1320 1189
f 818 1573 1520
f 998 818 1189
f 1573 818 998
f 405 1726 1817
f 698 1726 1277
f 1817 1726 322
f 1726 698 322
f 1350 405 1817
f 782 319 1739
f 331 1119 1739
f 680 1248 210
f 1248 114 210
f 1248 680 1507
f 114 1248 1507
f 225 1435 788
f 890 225 788
f 225 890 930
f 203 225 930
f 1435 225 634
f 225 203 634
f 1431 92 1507
f 680 1431 1507
f 1431 680 69
f 92 1315 875
f 1616 770 706
f 770 597 706
f 120 770 1562
f 770 1616 1562
f 861 770 120
f 220 769 46
f 331 1982 191
f 1667 46 69
f 1195 1667 69
f 1667 220 46
f 220 54 93
f 54 370 93
f 54 1195 370
f 1667 54 220
f 54 1667 1195
f 1462 1981 30
f 1801 1462 30
f 1462 1801 706
f 190 755 345
f 755 190 30
f 634 190 345
f 30 190 1753
f 190 634 1753
f 1355 665 1155
f 1355 1275 665
f 712 308 41
f 128 712 41
f 712 128 131
f 249 1652 601
f 146 1688 131
f 146 1378 1464
f 1378 146 131
f 1586 1720 1475
f 1720 1586 652
f 17 1369 178
f 1369 1604 178
f 1591 407 342
f 237 407 1199
f 1604 407 237
f 1808 1591 342
f 1808 420 1632
f 420 1808 342
f 1808 1632 357
f 579 919 877
f 1808 919 1591
f 877 919 357
f 919 1808 357
f 1893 1226 705
f 705 1226 877
f 1226 579 877
f 579 1226 344
f 377 1431 69
f 1532 464 415
f 377 1532 415
f 1532 377 1294
f 831 1532 1307
f 1532 1294 1307
f 941 1017 831
f 1178 256 1422
f 256 1178 1701
f 256 1701 1824
f 1305 256 1824
f 1924 256 1305
f 1217 1031 887
f 619 1217 887
f 1217 619 1633
f 1028 232 734
f 232 1998 734
f 1642 716 734
f 716 1028 734
f 1068 1642 1031
f 1217 1068 1031
f 1068 716 1642
f 716 1068 1028
f 1068 1217 1633
f 232 1068 1633
f 1068 232 1028
f 664 1620 219
f 1258 1620 664
f 1620 1258 1320
f 1620 1184 219
f 233 664 219
f 233 1530 664
f 72 1787 1067
f 874 1787 72
f 810 874 1215
f 810 1787 874
f 1289 299 1576
f 1289 1576 1238
f 299 32 1840
f 32 847 1840
f 798 821 733
f 592 798 733
f 821 798 1965
f 798 1170 1965
f 1170 798 293
f 768 347 596
f 596 347 260
f 1426 347 625
f 347 768 625
f 1150 347 1426
f 347 1368 260
f 347 1150 1368
f 1022 1426 644
f 1022 1150 1426
f 1581 1804 1091
f 1209 1581 1145
f 1581 894 1145
f 1581 1798 894
f 778 1913 887
f 534 1913 778
f 453 374 1357
f 761 374 540
f 1357 374 761
f 458 349 766
f 349 1594 1461
f 1594 349 882
f 882 349 1650
f 1967 150 245
f 150 1594 245
f 150 1967 610
f 1461 150 610
f 1594 150 1461
f 1185 715 766
f 349 1185 766
f 1185 349 1461
f 1185 1461 610
f 715 1185 610
f 412 1735 1510
f 1735 412 453
f 1396 412 1510
f 453 412 1396
f 1075 2000 1990
f 1672 2000 1075
f 2000 1672 1838
f 2000 1864 1990
f 1864 2000 1367
f 2000 1838 1367
f 206 1164 284
f 522 1149 1444
f 1483 376 671
f 286 26 335
f 26 1139 335
f 26 286 918
f 586 28 1807
f 1825 523 186
f 741 19 1564
f 19 382 284
f 741 382 19
f 1187 1647 362
f 749 1187 362
f 1285 1870 785
f 1285 614 822
f 22 391 1895
f 22 522 1444
f 522 22 1895
f 391 95 1895
f 1133 95 391
f 1723 1659 336
f 1659 1723 1645
f 1181 586 1807
f 1382 814 481
f 1090 814 1339
f 1402 571 671
f 1402 654 571
f 1693 1402 671
f 1006 1157 1634
f 354 1157 1006
f 1568 1157 354
f 253 427 1543
f 1602 1424 867
f 934 535 898
f 535 1542 898
f 1542 535 955
f 934 1869 1445
f 549 1016 952
f 934 1016 549
f 1016 934 898
f 1846 1052 1522
f 1052 1846 396
f 1682 1846 1522
f 1846 1682 396
f 1052 1695 1522
f 480 1695 1855
f 1747 739 1855
f 1695 1747 1855
f 1747 1695 1052
f 60 451 173
f 1538 60 173
f 1309 60 955
f 60 1309 451
f 1682 248 396
f 248 1406 396
f 790 1201 1665
f 659 1201 790
f 183 1490 1543
f 659 1490 183
f 1987 934 1445
f 87 1987 1445
f 1987 535 934
f 1987 1309 955
f 1987 87 790
f 606 1903 1440
f 996 1607 328
f 1819 996 328
f 1607 996 1449
f 996 1819 1449
f 1095 33 1164
f 33 328 1164
f 33 1819 328
f 1761 33 1095
f 1822 958 1991
f 834 1822 1991
f 1822 834 1034
f 1643 1822 1034
f 1219 1643 1034
f 212 1219 1034
f 837 1219 212
f 1914 1992 1083
f 1992 1914 1138
f 1914 1822 1643
f 1219 1914 1643
f 1914 1083 958
f 1822 1914 958
f 1138 1914 837
f 1914 1219 837
f 709 332 1373
f 332 709 441
f 1373 332 211
f 211 332 1970
f 332 441 1970
f 693 329 1144
f 478 329 693
f 329 1398 1144
f 329 478 1489
f 1831 1852 1144
f 1852 1831 981
f 1852 1989 1144
f 1989 1852 981
f 692 1346 546
f 1346 692 1007
f 692 1992 1007
f 1083 692 546
f 1992 692 1083
f 1420 623 546
f 1346 1420 546
f 1715 380 776
f 380 1715 1398
f 1420 1715 776
f 1715 1420 1346
f 1715 1831 1398
f 1831 1715 1007
f 1715 1346 1007
f 674 1112 783
f 674 783 79
f 78 1467 359
f 454 1467 78
f 1076 492 297
f 477 1515 783
f 1112 477 783
f 477 1 7
f 1515 477 7
f 1 477 1613
f 483 846 1214
f 1173 846 483
f 492 912 548
f 928 1323 297
f 1780 1323 928
f 983 314 339
f 1780 314 983
f 314 1780 928
f 1882 314 928
f 314 1018 339
f 314 1882 1018
f 1154 1664 1898
f 1514 1664 1154
f 1514 343 155
f 167 1920 1641
f 1836 167 797
f 167 1836 1920
f 1920 1836 1653
f 1899 167 1641
f 167 1899 797
f 1948 1765 797
f 1899 1948 797
f 1948 216 1765
f 1948 1848 1898
f 216 1948 1898
f 1 1114 7
f 1700 1114 1
f 1114 1044 7
f 1044 187 1641
f 1114 187 1044
f 187 1114 1700
f 1288 677 1449
f 1683 1288 13
f 262 1557 1565
f 262 1567 1082
f 1567 262 188
f 1567 1173 1082
f 1173 1567 188
f 1314 1602 867
f 1602 1314 310
f 757 544 1471
f 123 544 757
f 544 1172 1471
f 1172 544 123
f 123 1447 467
f 1447 123 757
f 1085 421 1456
f 1085 1386 476
f 1386 1085 1456
f 1317 1085 476
f 421 1085 1738
f 1085 1351 1738
f 1085 1317 1351
f 1814 230 1279
f 1814 1649 789
f 1814 1279 1649
f 416 1814 789
f 230 1814 416
f 230 201 972
f 972 201 624
f 201 1351 624
f 1351 201 1738
f 201 230 1738
f 570 1112 983
f 90 570 983
f 570 1590 1613
f 570 90 1590
f 1565 627 732
f 1557 627 1565
f 1972 1472 1977
f 216 1544 1765
f 1544 1472 1508
f 1472 1544 216
f 669 1977 990
f 669 1972 1977
f 512 669 990
f 669 512 1123
f 950 669 1123
f 669 950 1972
f 1472 950 828
f 950 1472 1972
f 406 1479 1246
f 1304 1479 1011
f 1479 1304 1246
f 169 1304 1011
f 1246 1304 334
f 1658 1304 169
f 1351 246 39
f 1317 246 1351
f 246 1317 476
f 1631 299 1840
f 1874 1631 1840
f 299 1631 1576
f 1576 1631 1523
f 1631 1209 1523
f 1438 1395 1078
f 56 285 409
f 285 56 1800
f 1552 685 465
f 685 144 754
f 685 1552 144
f 1552 607 144
f 1741 607 1673
f 607 672 1673
f 607 1552 672
f 607 1741 73
f 144 607 73
f 666 532 974
f 193 666 325
f 666 945 325
f 666 470 532
f 470 666 193
f 127 1347 372
f 1347 127 1224
f 1347 647 372
f 771 1167 1394
f 1336 771 1394
f 1676 1059 295
f 1676 112 1224
f 1676 295 112
f 1059 913 296
f 913 970 296
f 913 1152 970
f 910 1390 808
f 1390 1336 808
f 1336 1390 771
f 275 1390 910
f 1338 1470 1280
f 1470 780 1280
f 1470 1338 974
f 780 1470 974
f 1572 73 159
f 73 1572 1050
f 1062 1572 315
f 1572 1147 315
f 820 56 409
f 1074 820 409
f 820 1074 1635
f 1056 1823 372
f 647 1056 372
f 1056 647 1338
f 585 18 1135
f 18 386 1135
f 966 18 585
f 1244 736 1709
f 1885 501 1803
f 1885 1803 841
f 1120 1885 841
f 1885 254 1429
f 254 1885 1120
f 1949 1710 311
f 948 1537 1904
f 1537 948 1949
f 1537 1949 311
f 1033 1537 311
f 1495 1033 767
f 1537 1495 1904
f 1495 1537 1033
f 326 1495 767
f 1245 1696 767
f 1033 1245 767
f 1696 1245 1866
f 1245 1033 311
f 244 1245 311
f 1904 802 315
f 1062 802 1394
f 802 1062 315
f 714 910 808
f 198 714 808
f 910 714 1356
f 714 326 1356
f 1495 714 198
f 714 1495 326
f 1354 526 489
f 526 1790 489
f 526 1354 204
f 526 204 774
f 1325 598 1976
f 975 1790 936
f 975 49 1385
f 1790 975 1385
f 1203 1264 1901
f 1901 1264 1487
f 1264 832 1487
f 832 1264 1430
f 1264 1203 1430
f 1137 1433 322
f 1433 1137 1873
f 1137 1697 1873
f 161 1137 322
f 1697 1137 161
f 1122 1433 1873
f 1697 1122 1873
f 650 51 723
f 1433 650 723
f 650 1674 51
f 876 1795 161
f 1795 1697 161
f 1795 1122 1697
f 1237 698 1277
f 698 1237 876
f 572 1237 1770
f 1237 572 1768
f 1178 1364 1701
f 1364 878 1701
f 137 1526 540
f 1526 263 540
f 1178 1253 397
f 263 437 761
f 1886 1045 59
f 1773 695 83
f 695 242 83
f 935 988 1204
f 988 420 1204
f 988 935 1207
f 1365 988 1207
f 1588 988 1860
f 988 1365 1860
f 469 6 440
f 469 1588 6
f 469 440 357
f 16 1046 21
f 1321 1773 83
f 375 1321 83
f 1773 1321 822
f 1321 375 822
f 375 1293 1391
f 1293 375 83
f 859 1628 6
f 175 1628 25
f 1628 175 6
f 753 184 251
f 184 859 251
f 119 175 25
f 119 1924 514
f 175 119 514
f 697 753 251
f 697 1995 753
f 697 251 1860
f 1995 1622 242
f 242 1622 83
f 1293 1622 1362
f 1622 1293 83
f 285 176 409
f 176 1074 409
f 1074 176 495
f 508 309 495
f 176 508 495
f 508 176 97
f 392 508 97
f 309 508 1050
f 508 73 1050
f 508 392 73
f 1329 1559 1312
f 1329 1624 1559
f 1289 1329 1312
f 1329 1289 1238
f 465 1329 1238
f 1624 1329 465
f 105 1587 1909
f 1587 1551 1909
f 1551 1587 105
f 1551 185 1863
f 185 827 1115
f 185 1551 804
f 31 881 827
f 31 185 804
f 185 31 827
f 31 804 844
f 827 503 781
f 881 503 827
f 1785 670 1527
f 140 670 1785
f 670 1732 1527
f 291 824 781
f 1877 291 807
f 291 1877 62
f 1732 1694 1527
f 1694 1732 588
f 1432 1877 1211
f 1877 1432 62
f 1785 1432 1211
f 1432 1785 1527
f 1725 1457 743
f 1457 1725 1499
f 588 1457 1499
f 1340 1571 1863
f 1340 185 1115
f 185 1340 1863
f 1249 1340 1115
f 1571 1340 1249
f 1863 318 1983
f 1571 318 1863
f 318 1571 1212
f 620 1025 236
f 236 1025 1766
f 620 1208 1004
f 1208 620 236
f 668 1208 236
f 1208 316 1004
f 1208 668 316
f 1919 926 1200
f 926 1919 61
f 433 1054 578
f 1054 1333 578
f 1863 369 1909
f 369 1863 1983
f 369 684 1909
f 369 433 684
f 369 1054 433
f 1381 851 1383
f 851 1423 1383
f 851 102 1644
f 1788 851 1644
f 1423 851 1788
f 1049 1423 1788
f 1049 950 1123
f 490 1049 1123
f 1423 1049 490
f 1310 547 858
f 1310 896 547
f 896 1310 1788
f 35 550 39
f 744 1344 1429
f 244 1344 744
f 1344 244 311
f 383 744 1866
f 383 244 744
f 1245 383 1866
f 383 1245 244
f 1302 704 1174
f 704 1302 386
f 386 1302 1135
f 450 1302 1174
f 1302 450 1135
f 1922 444 1696
f 1529 1922 1696
f 1922 1529 466
f 1152 1922 466
f 444 1922 1152
f 1437 1120 841
f 254 1437 711
f 1437 254 1120
f 448 441 84
f 365 448 84
f 441 448 1970
f 448 365 1970
f 1278 136 1132
f 136 1278 515
f 796 976 193
f 976 796 921
f 921 796 1969
f 1911 1851 524
f 111 1851 1939
f 34 897 1942
f 484 1769 1939
f 1769 484 1731
f 897 1810 1942
f 1452 1810 897
f 1452 897 1337
f 1707 304 1039
f 304 569 1229
f 569 304 1707
f 569 1272 1229
f 966 848 1709
f 848 966 1439
f 848 1272 569
f 736 1563 1709
f 18 1563 386
f 678 736 1244
f 1928 678 394
f 678 1244 394
f 1259 1152 466
f 1259 806 1152
f 806 1259 1711
f 1259 1411 1711
f 20 1259 466
f 1411 1259 20
f 1502 806 1711
f 806 1502 1928
f 678 1502 1711
f 1502 678 1928
f 1796 1192 970
f 294 1192 1796
f 866 149 1894
f 1666 866 1894
f 1782 866 1858
f 866 1517 1858
f 866 1666 1517
f 866 1782 1915
f 149 866 1915
f 292 1655 1858
f 292 381 843
f 1517 292 1858
f 292 1517 381
f 537 1791 660
f 1655 1791 537
f 1849 985 1868
f 575 1956 1291
f 1956 575 1868
f 1010 1418 1295
f 34 1418 897
f 1418 1403 1295
f 1580 303 229
f 180 1580 229
f 393 1769 1731
f 805 393 1731
f 1519 805 1337
f 1493 885 1731
f 885 805 1731
f 805 885 1337
f 885 1452 1337
f 1452 885 1493
f 1242 906 1180
f 906 921 1969
f 906 1242 921
f 303 1263 229
f 1263 764 229
f 906 1263 1180
f 1263 906 764
f 393 835 1969
f 835 393 805
f 835 906 1969
f 1065 593 1841
f 593 32 1841
f 1170 593 1065
f 593 1170 293
f 593 293 904
f 32 593 904
f 257 701 117
f 701 1559 117
f 701 1065 1559
f 758 1266 965
f 1301 1266 758
f 64 1332 840
f 1332 1266 1906
f 1332 64 965
f 1266 1332 965
f 1170 238 1301
f 238 1266 1301
f 1266 238 1906
f 845 1335 64
f 1573 462 1520
f 1520 462 93
f 462 191 93
f 177 331 191
f 177 373 1014
f 1799 177 1014
f 1751 200 1770
f 200 1577 1434
f 1618 1818 850
f 991 280 1412
f 280 991 631
f 1379 991 1964
f 886 829 1971
f 424 1021 317
f 1771 1021 1410
f 1410 1021 1412
f 1021 424 1412
f 1685 271 1896
f 271 1079 1896
f 1079 271 1547
f 1547 271 1781
f 1781 271 844
f 271 1685 844
f 931 1439 52
f 931 551 1439
f 559 1968 920
f 63 559 920
f 559 63 1477
f 474 551 759
f 889 474 759
f 474 889 1771
f 1491 1792 1486
f 1792 1491 1089
f 1146 1491 1776
f 1250 1146 1776
f 1491 1146 1089
f 1637 1754 725
f 1360 1754 1637
f 1754 1360 1434
f 121 341 1126
f 341 1360 1126
f 1360 341 387
f 341 572 1770
f 387 341 1770
f 572 341 1232
f 341 121 1232
f 1124 873 1089
f 1146 1124 1089
f 1124 1146 1890
f 926 1269 1200
f 1952 1956 482
f 1956 1952 1291
f 1186 960 61
f 939 929 61
f 1393 929 939
f 929 1186 61
f 1186 929 170
f 218 1600 1766
f 1041 218 1766
f 218 911 1600
f 911 192 1600
f 192 1279 972
f 192 911 1279
f 1020 516 458
f 1179 1020 458
f 1020 146 516
f 146 1020 1688
f 1247 1179 1176
f 661 1247 1176
f 1020 1247 1688
f 1247 1020 1179
f 597 557 706
f 557 1462 706
f 1462 557 1981
f 1981 557 1464
f 557 1975 1464
f 1975 557 597
f 38 1793 1650
f 38 349 458
f 349 38 1650
f 516 38 458
f 1793 38 516
f 1053 1328 815
f 1053 815 540
f 148 1053 540
f 1053 148 36
f 830 682 36
f 682 1053 36
f 1053 682 1328
f 682 830 1718
f 1328 682 1718
f 1366 1350 584
f 1350 1366 405
f 1366 1721 737
f 737 58 862
f 58 217 862
f 58 1084 217
f 1084 58 1292
f 5 941 831
f 825 5 831
f 1721 658 850
f 658 1366 584
f 1366 658 1721
f 333 1017 941
f 333 658 584
f 658 333 1845
f 1125 366 943
f 1940 1237 1743
f 1237 1940 1770
f 1940 1751 1770
f 1084 1940 217
f 1940 1084 1751
f 1953 1237 1277
f 1237 1953 1743
f 1017 1485 1706
f 333 1485 1017
f 1350 1485 584
f 1485 333 584
f 892 1817 1430
f 892 1350 1817
f 1009 892 1430
f 319 1023 1739
f 1944 1618 850
f 1618 1944 1358
f 740 1618 1358
f 740 1023 319
f 740 319 782
f 940 782 1739
f 940 1141 782
f 1119 940 1739
f 782 1985 1374
f 1141 1985 782
f 555 579 875
f 555 919 579
f 1268 377 415
f 377 1268 1431
f 1431 1871 92
f 1871 1315 92
f 1268 1871 1431
f 1871 1268 1315
f 1098 1793 516
f 191 113 93
f 113 220 93
f 510 825 831
f 9 1096 1320
f 1096 1620 1320
f 1620 1096 1184
f 1511 712 131
f 1688 1511 131
f 1511 1688 249
f 1511 249 308
f 1369 909 1604
f 909 407 1604
f 407 1722 1199
f 1722 407 1591
f 1722 464 1199
f 1226 1900 344
f 1900 1226 1893
f 344 1900 875
f 1900 1616 875
f 1900 1893 1616
f 769 1306 46
f 46 1306 69
f 1294 1306 1307
f 1064 237 1199
f 464 1064 1199
f 237 1064 1706
f 1804 1262 1633
f 1262 232 1633
f 232 1262 1415
f 1581 1262 1804
f 1342 233 219
f 1184 1342 219
f 1342 53 282
f 1342 1184 53
f 1530 1239 556
f 233 1239 1530
f 1850 1892 1215
f 1892 810 1215
f 1787 1290 1067
f 1290 765 1067
f 1530 1290 664
f 1290 1530 765
f 1289 1313 299
f 1313 32 299
f 847 1910 592
f 1910 32 904
f 1910 847 32
f 847 247 1840
f 679 247 1998
f 247 733 734
f 1998 247 734
f 247 592 733
f 247 847 592
f 1206 1191 961
f 1623 1206 961
f 1150 1165 1368
f 1368 1165 1091
f 1165 656 1091
f 1022 1165 1150
f 656 1165 1022
f 656 1392 1091
f 1392 1581 1091
f 1581 1392 1798
f 617 656 1022
f 1680 617 159
f 617 644 159
f 617 1022 644
f 1833 619 887
f 1913 1833 887
f 1950 172 252
f 125 453 1396
f 125 374 453
f 125 1396 172
f 1950 125 172
f 148 1188 252
f 125 1188 374
f 1188 148 540
f 374 1188 540
f 1188 1950 252
f 1188 125 1950
f 288 358 1348
f 1486 1651 1583
f 1651 1086 1583
f 1792 1651 1486
f 371 1651 135
f 1164 1476 472
f 206 1476 1164
f 1476 1458 472
f 358 1476 1348
f 1476 1923 1458
f 1923 1476 358
f 1093 1118 523
f 523 509 186
f 1271 509 523
f 1118 255 523
f 255 1271 523
f 942 522 1895
f 1705 749 362
f 1749 1016 68
f 1016 1749 952
f 676 655 376
f 655 676 794
f 571 1134 671
f 1134 1483 671
f 1483 1134 571
f 560 1762 272
f 560 1483 571
f 426 26 918
f 28 337 1807
f 76 529 517
f 529 76 130
f 382 436 1177
f 436 382 741
f 436 337 1177
f 1251 509 1271
f 509 1251 1177
f 1139 721 196
f 1774 992 47
f 196 1081 1842
f 1081 432 1842
f 721 1081 196
f 1081 721 992
f 321 934 549
f 321 1869 934
f 1140 594 1601
f 1042 1140 1601
f 449 1109 1153
f 1109 449 1870
f 265 1130 1601
f 594 265 1601
f 368 265 158
f 265 594 158
f 498 1042 1601
f 498 549 923
f 522 496 1149
f 496 522 785
f 633 498 923
f 498 633 1042
f 1870 40 785
f 449 40 1870
f 40 496 785
f 22 429 391
f 429 1133 391
f 95 81 1895
f 81 942 1895
f 942 81 320
f 81 1073 320
f 81 95 1073
f 1073 266 1775
f 95 266 1073
f 266 1133 59
f 266 95 1133
f 425 1181 1807
f 1181 425 1789
f 425 1807 1859
f 1789 425 1660
f 1756 425 1859
f 425 1756 1660
f 951 600 1693
f 600 655 68
f 655 600 951
f 1568 602 240
f 602 1568 468
f 1542 602 468
f 602 1538 240
f 602 60 1538
f 602 1542 955
f 60 602 955
f 869 741 1564
f 427 869 1072
f 253 869 427
f 869 677 467
f 677 869 1564
f 261 561 1665
f 688 480 1136
f 688 1695 480
f 688 814 1382
f 814 688 1339
f 688 1382 1522
f 1695 688 1522
f 1352 1602 310
f 1602 1352 1424
f 1157 1326 1634
f 1326 401 1634
f 1326 1568 240
f 1326 1157 1568
f 173 43 240
f 451 43 173
f 561 43 451
f 43 561 1406
f 302 1682 1634
f 401 302 1634
f 302 401 1406
f 248 302 1406
f 261 1663 1424
f 1663 261 1665
f 1201 1663 1665
f 535 879 955
f 879 1987 955
f 1987 879 535
f 1957 1987 790
f 1987 1957 1309
f 1309 1957 451
f 1957 561 451
f 1957 790 1665
f 561 1957 1665
f 1343 87 1445
f 1343 1129 87
f 1129 1343 1756
f 129 1756 1859
f 129 1129 1756
f 129 1490 659
f 129 659 790
f 87 129 790
f 1129 129 87
f 1821 102 1619
f 1761 1821 1619
f 606 1821 1903
f 1821 1761 1903
f 197 606 1440
f 197 1518 102
f 1821 197 102
f 197 1821 606
f 1876 1761 1095
f 1761 1876 1903
f 1876 1095 472
f 1903 1876 472
f 102 1260 1644
f 1518 1260 102
f 746 33 1761
f 1521 1420 776
f 1420 1521 623
f 1666 1521 776
f 623 1521 403
f 1521 1666 403
f 1492 488 1169
f 1492 1169 1524
f 329 1163 1398
f 1163 563 1398
f 1163 329 1489
f 1163 1492 563
f 1691 454 460
f 1112 1691 460
f 674 1691 1112
f 454 1691 79
f 1691 674 79
f 1467 1455 513
f 1455 454 79
f 1455 1467 454
f 1319 1076 297
f 786 1536 1345
f 1536 786 1316
f 1066 477 1112
f 1593 846 1173
f 363 1593 1173
f 1659 182 336
f 182 565 336
f 1236 567 1539
f 1018 702 339
f 702 169 339
f 702 1658 169
f 846 689 1214
f 689 591 1214
f 1467 1233 359
f 1233 1780 359
f 1284 216 1898
f 1664 1284 1898
f 1472 1284 1977
f 1284 1472 216
f 1545 1664 1514
f 1545 512 990
f 1545 1514 155
f 506 1545 155
f 1545 1778 512
f 1545 506 1778
f 1469 1514 1154
f 1469 343 1514
f 1544 1832 1765
f 1832 1456 1653
f 1836 1832 1653
f 1765 1832 797
f 1832 1836 797
f 1832 1544 1508
f 1386 1832 1508
f 1832 1386 1456
f 1234 1 385
f 1848 1234 385
f 1948 1234 1848
f 102 1755 1619
f 851 1755 102
f 1755 851 1381
f 987 1381 1383
f 1574 1683 968
f 987 1574 1381
f 1051 340 262
f 340 757 1471
f 340 1051 757
f 100 1172 1183
f 1288 100 1183
f 1683 100 1288
f 1574 100 1683
f 1172 100 1471
f 100 1574 1471
f 622 1172 123
f 677 622 467
f 622 123 467
f 1172 622 1183
f 622 1288 1183
f 1288 622 677
f 183 995 867
f 995 183 1072
f 995 1314 867
f 687 1447 757
f 1051 687 757
f 1629 1236 1539
f 1925 1629 1539
f 1816 1314 1092
f 1925 1816 1092
f 310 1816 264
f 1314 1816 310
f 1816 1539 264
f 1816 1925 1539
f 1363 687 1236
f 687 1363 1447
f 1629 1363 1236
f 1363 1629 1925
f 1363 1925 1092
f 1931 570 1613
f 570 1931 1112
f 1931 1066 1112
f 477 1931 1613
f 1066 1931 477
f 1912 490 1123
f 1912 627 490
f 512 1912 1123
f 1778 1912 512
f 627 1912 1778
f 627 1231 490
f 1231 627 1557
f 1231 1557 1383
f 1423 1231 1383
f 1231 1423 490
f 1442 1472 828
f 406 566 1479
f 566 506 155
f 506 566 1778
f 566 406 1778
f 1479 566 118
f 343 566 155
f 566 343 118
f 1784 363 732
f 406 1784 1778
f 627 1784 732
f 1784 627 1778
f 1425 406 1246
f 1425 1593 363
f 1784 1425 363
f 1425 1784 406
f 1425 1246 334
f 1593 1425 334
f 1026 679 1998
f 1026 232 1415
f 232 1026 1998
f 1376 1874 1840
f 1376 679 1874
f 247 1376 1840
f 1376 247 679
f 679 1955 1874
f 1955 1026 1415
f 1026 1955 679
f 1209 722 1874
f 722 1631 1874
f 1631 722 1209
f 1438 473 1395
f 473 176 285
f 267 257 1297
f 227 1800 408
f 227 285 1800
f 1001 227 408
f 1395 227 1001
f 473 227 1395
f 227 473 285
f 945 166 107
f 166 666 974
f 666 166 945
f 1338 166 974
f 647 166 1338
f 1712 647 1347
f 166 1712 107
f 1712 166 647
f 1676 507 1059
f 507 756 762
f 756 507 1676
f 127 756 1224
f 756 1676 1224
f 452 910 1152
f 913 452 1152
f 1074 1908 1635
f 1908 1572 1635
f 1572 1908 1050
f 1908 495 1050
f 1908 1074 495
f 56 1541 1800
f 820 1541 56
f 864 820 1635
f 864 1572 1062
f 1572 864 1635
f 864 1541 820
f 1823 864 1062
f 853 1411 1767
f 736 853 1767
f 1411 853 1711
f 853 678 1711
f 678 853 736
f 615 254 711
f 1311 615 711
f 615 1311 450
f 1534 608 327
f 327 608 711
f 608 1311 711
f 1638 1257 1949
f 1257 1710 1949
f 1257 1147 1230
f 1257 1638 1147
f 501 1257 1230
f 306 802 198
f 802 306 1394
f 306 1336 1394
f 1336 306 808
f 1835 1495 198
f 802 1835 198
f 1495 1835 1904
f 1835 802 1904
f 1371 96 936
f 96 1371 1102
f 526 1100 1790
f 1790 1100 936
f 1100 1371 936
f 912 1038 548
f 1087 1182 1316
f 1182 1536 1316
f 1536 1182 1076
f 115 96 1102
f 1038 115 1102
f 760 1002 1976
f 598 760 1976
f 1897 598 1325
f 1897 1325 49
f 975 1897 49
f 66 115 1087
f 66 975 936
f 96 66 936
f 115 66 96
f 1569 1737 1535
f 641 1737 1569
f 1737 641 530
f 1737 1627 1535
f 1627 1737 530
f 1237 1687 876
f 1687 1270 1583
f 876 1687 1583
f 1687 1768 1270
f 1687 1237 1768
f 1734 1178 397
f 1734 1364 1178
f 1364 153 878
f 1734 153 1364
f 153 883 263
f 1526 153 263
f 883 153 397
f 153 1734 397
f 242 1160 1178
f 1160 1253 1178
f 695 1160 242
f 266 699 1775
f 1045 699 59
f 699 266 59
f 132 437 263
f 761 956 635
f 437 956 761
f 956 437 1045
f 420 1686 1632
f 988 1686 420
f 1686 988 1588
f 1632 1686 357
f 1686 469 357
f 469 1686 1588
f 969 404 1240
f 404 969 16
f 404 641 1240
f 404 16 21
f 530 404 21
f 641 404 530
f 1999 1046 16
f 1046 1999 562
f 1019 562 1674
f 1019 1046 562
f 650 1019 1674
f 1046 1019 21
f 1019 650 1433
f 538 368 158
f 1622 1361 1362
f 1361 1622 1995
f 85 1030 1621
f 1533 119 25
f 1533 25 1422
f 256 1533 1422
f 1533 256 1924
f 119 1533 1924
f 697 1261 1995
f 1261 697 1860
f 1297 1714 1935
f 1714 1297 1921
f 838 1714 1921
f 97 1714 838
f 109 392 97
f 685 109 465
f 109 685 754
f 109 1624 465
f 1624 109 97
f 503 1468 807
f 1468 503 881
f 807 1468 52
f 31 1937 881
f 1937 31 844
f 1702 1937 844
f 99 1578 140
f 1578 149 1460
f 149 1578 1894
f 1029 957 1553
f 957 327 1553
f 745 140 1785
f 745 1534 140
f 745 608 1534
f 868 99 140
f 1534 868 140
f 395 291 62
f 291 395 824
f 1432 395 62
f 1694 395 1527
f 395 1432 1527
f 1668 503 807
f 291 1668 807
f 503 1668 781
f 1668 291 781
f 1732 826 588
f 826 1457 588
f 826 1732 1460
f 743 826 1460
f 1457 826 743
f 14 620 1004
f 612 1213 447
f 612 1036 1213
f 612 14 1036
f 1025 954 1766
f 1269 954 1200
f 954 1919 1200
f 138 1872 1964
f 578 457 545
f 1333 457 578
f 457 138 545
f 1213 485 447
f 369 485 1213
f 1040 1584 499
f 1040 1442 828
f 1442 1040 499
f 1584 422 499
f 422 1442 499
f 422 1386 1508
f 1472 422 1508
f 1442 422 1472
f 907 246 476
f 907 1584 949
f 907 949 39
f 246 907 39
f 1466 301 729
f 547 42 858
f 398 42 547
f 1710 1473 311
f 1473 1257 501
f 1257 1473 1710
f 1885 980 501
f 980 1473 501
f 980 1885 1429
f 1344 980 1429
f 980 1344 311
f 1473 980 311
f 630 870 259
f 630 259 711
f 1437 630 711
f 430 1932 325
f 1932 164 325
f 1932 430 1943
f 750 193 325
f 750 796 193
f 164 750 325
f 750 164 1318
f 305 136 515
f 136 305 111
f 305 1851 111
f 456 1942 920
f 456 34 1942
f 1968 456 920
f 86 1493 1731
f 484 86 1731
f 1278 1283 479
f 438 1283 1278
f 1283 1039 479
f 45 1278 1132
f 45 438 1278
f 45 111 497
f 136 45 1132
f 45 136 111
f 1585 438 1404
f 1283 1585 1039
f 1585 1283 438
f 438 1516 1404
f 294 1516 171
f 1516 294 1404
f 171 1516 1943
f 1389 848 1439
f 848 1389 1272
f 551 1389 1439
f 1244 1748 394
f 1748 569 1707
f 1748 848 569
f 1748 1244 1709
f 848 1748 1709
f 1748 234 394
f 1748 1707 234
f 1563 1757 386
f 1757 1563 736
f 386 1757 1767
f 1757 736 1767
f 793 18 966
f 793 1563 18
f 793 966 1709
f 1563 793 1709
f 970 1805 296
f 1192 1805 970
f 1805 171 296
f 1805 294 171
f 1805 1192 294
f 1791 461 660
f 461 1791 1058
f 461 809 660
f 809 461 944
f 573 773 1480
f 1959 573 1480
f 573 1044 789
f 773 573 789
f 1044 573 399
f 573 1868 399
f 573 1849 1868
f 893 1418 34
f 1418 893 1403
f 1399 1010 1397
f 897 675 1337
f 675 1519 1337
f 1519 675 937
f 1418 675 897
f 675 1418 1010
f 1580 1862 303
f 1678 1496 1276
f 1496 1580 1276
f 1496 1862 1580
f 1811 1519 937
f 1519 1811 180
f 906 1875 764
f 835 1875 906
f 764 1875 180
f 1875 1519 180
f 1519 1875 805
f 1875 835 805
f 701 1966 1065
f 640 1170 1065
f 1966 640 1065
f 638 845 64
f 373 638 1014
f 845 638 373
f 1335 1161 1286
f 845 1161 1335
f 462 1161 845
f 1161 1573 1286
f 1161 462 1573
f 462 147 191
f 147 177 191
f 177 147 373
f 147 845 373
f 147 462 845
f 1330 177 1799
f 1330 1119 331
f 177 1330 331
f 1403 554 1035
f 1721 554 737
f 1818 554 850
f 554 1721 850
f 58 554 1292
f 554 58 737
f 1084 1879 1751
f 1193 1084 1292
f 554 1193 1292
f 1193 554 1403
f 1193 1879 1084
f 893 1193 1403
f 195 886 414
f 195 280 886
f 280 195 1412
f 195 1637 1412
f 1637 195 414
f 991 917 631
f 1379 917 991
f 829 1556 1890
f 280 823 886
f 823 829 886
f 823 280 631
f 1556 823 631
f 823 1556 829
f 925 931 52
f 1468 925 52
f 653 925 541
f 551 1359 759
f 931 1359 551
f 1359 1685 1896
f 1255 1359 1896
f 1359 1255 759
f 1685 1359 1702
f 1359 653 1702
f 925 1359 931
f 653 1359 925
f 1168 1370 515
f 479 1168 515
f 1039 1168 479
f 1370 1168 938
f 1968 1221 725
f 559 1221 1968
f 1221 559 1477
f 1221 1637 725
f 1221 1477 1637
f 1255 527 759
f 527 889 759
f 933 474 1771
f 933 1771 1410
f 1504 933 1410
f 599 1504 1654
f 599 1763 1504
f 938 599 1654
f 1763 1813 1504
f 1813 933 1504
f 933 1813 474
f 474 1813 551
f 1813 1763 1229
f 1272 1813 1229
f 1813 1389 551
f 1389 1813 1272
f 134 1792 1089
f 873 134 1089
f 134 1651 1792
f 1008 1250 1971
f 1008 1146 1250
f 1754 23 725
f 1577 23 1434
f 23 1754 1434
f 226 307 772
f 307 226 1501
f 371 307 1501
f 307 371 873
f 973 1047 472
f 1047 1903 472
f 1903 1047 1440
f 1124 1441 1847
f 1441 1124 1890
f 1459 926 960
f 1459 1269 926
f 461 4 944
f 4 461 1058
f 1592 1791 1655
f 1791 1592 1058
f 292 1592 1655
f 1592 292 843
f 1291 1592 843
f 1952 1592 1291
f 179 1186 170
f 929 1728 170
f 4 1728 944
f 1728 4 170
f 1728 1393 944
f 1728 929 1393
f 911 1595 1649
f 218 1595 911
f 1595 218 1041
f 1649 1595 789
f 1595 1041 789
f 192 667 1600
f 668 667 352
f 667 1105 352
f 1600 667 236
f 667 668 236
f 1497 661 601
f 1497 1247 661
f 1247 1497 1688
f 1954 1975 597
f 1954 1098 516
f 1975 1954 1464
f 1954 146 1464
f 146 1954 516
f 459 1125 943
f 459 1726 405
f 1125 459 405
f 673 1125 405
f 1366 673 405
f 673 366 1125
f 673 1366 737
f 673 737 862
f 366 673 862
f 5 1599 941
f 1599 333 941
f 333 1599 1845
f 1599 5 1358
f 1940 361 217
f 361 1940 943
f 366 361 943
f 217 361 862
f 361 366 862
f 1744 1940 1743
f 1940 1744 943
f 323 1485 1350
f 892 323 1350
f 1566 1009 1706
f 1566 892 1009
f 1566 323 892
f 1485 1566 1706
f 323 1566 1485
f 5 1878 1358
f 1878 5 825
f 1878 740 1358
f 740 1878 1023
f 1606 1944 850
f 658 1606 850
f 1606 658 1845
f 1599 1606 1845
f 1944 1606 1358
f 1606 1599 1358
f 486 1818 1618
f 740 486 1618
f 486 740 782
f 724 1985 1141
f 55 940 1119
f 1330 55 1119
f 724 55 1854
f 539 888 1854
f 55 539 1854
f 539 1330 1799
f 539 55 1330
f 888 552 1854
f 552 724 1854
f 552 1678 1276
f 1985 552 1276
f 724 552 1985
f 638 1505 1014
f 1505 638 64
f 12 1496 1678
f 273 555 875
f 273 1268 415
f 464 273 415
f 919 89 1591
f 555 89 919
f 89 1722 1591
f 1650 1669 915
f 1793 1669 1650
f 1098 1669 1793
f 1733 770 861
f 1733 1669 1098
f 1954 1733 1098
f 1733 861 915
f 1669 1733 915
f 770 1733 597
f 1733 1954 597
f 1982 694 191
f 694 113 191
f 1306 817 1307
f 817 1306 769
f 1159 1982 331
f 657 1096 9
f 1096 657 1184
f 657 9 53
f 1184 657 53
f 712 1839 308
f 1839 1511 308
f 1511 1839 712
f 854 156 652
f 156 854 1275
f 250 1720 652
f 156 250 652
f 250 156 1617
f 1720 250 1475
f 91 1355 1155
f 168 91 1155
f 1484 168 439
f 1561 1484 439
f 1484 1561 1475
f 250 1484 1475
f 1880 909 1369
f 1880 17 1204
f 1880 1369 17
f 420 1880 1204
f 1880 420 342
f 407 1880 342
f 909 1880 407
f 377 819 1294
f 819 1306 1294
f 819 377 69
f 1306 819 69
f 1646 1064 464
f 1646 1532 831
f 1532 1646 464
f 1017 1646 831
f 1646 1017 1706
f 1064 1646 1706
f 1303 1581 1209
f 1303 1262 1581
f 1303 1209 1874
f 1955 1303 1874
f 1262 1303 1415
f 1303 1955 1415
f 1342 1235 233
f 1235 1239 233
f 1235 1342 282
f 1235 1867 413
f 556 1235 413
f 1239 1235 556
f 1235 1716 601
f 1716 1235 282
f 1258 463 1997
f 914 1289 1312
f 914 1313 1289
f 1313 914 32
f 914 1312 1841
f 32 914 1841
f 964 1910 904
f 1910 964 592
f 964 798 592
f 293 964 904
f 798 964 293
f 839 196 1842
f 1139 1938 335
f 1938 1139 196
f 839 1938 196
f 1938 411 335
f 411 1938 961
f 1938 1623 961
f 1902 963 494
f 752 1902 494
f 1191 1708 752
f 1708 1902 752
f 1902 1708 663
f 860 617 1680
f 617 860 656
f 1670 1833 1913
f 1670 1324 260
f 1368 1670 260
f 619 1670 1368
f 1833 1670 619
f 717 288 1348
f 643 1597 368
f 1597 265 368
f 265 1597 76
f 76 1597 130
f 1597 643 130
f 609 643 368
f 538 609 368
f 609 538 884
f 643 1640 997
f 1640 609 1240
f 609 1640 643
f 1196 206 543
f 1196 1476 206
f 1476 1196 1348
f 1196 1506 1348
f 418 1506 1118
f 1093 418 1118
f 1506 418 1348
f 418 717 1348
f 643 735 130
f 735 643 997
f 1825 1973 523
f 1973 1093 523
f 1973 735 1093
f 735 1973 130
f 1973 529 130
f 529 1973 1825
f 1265 1196 543
f 1265 255 1118
f 1506 1265 1118
f 1196 1265 1506
f 522 1794 785
f 942 1794 522
f 1794 942 614
f 1794 1285 785
f 1285 1794 614
f 1012 1256 1444
f 1149 1012 1444
f 82 1012 1149
f 1187 1881 1647
f 1881 1256 1647
f 1256 1881 47
f 1143 1375 710
f 1762 1143 272
f 1375 1055 710
f 496 1055 1149
f 1984 1012 82
f 1984 1705 362
f 655 116 376
f 1749 1777 952
f 1777 428 952
f 428 1777 794
f 676 157 794
f 157 1143 710
f 1143 139 272
f 1483 580 376
f 580 676 376
f 139 580 272
f 580 560 272
f 560 580 1483
f 728 918 635
f 728 426 918
f 728 1088 426
f 1088 728 1886
f 442 28 186
f 442 337 28
f 337 442 1177
f 509 442 186
f 442 509 1177
f 932 529 1825
f 932 1825 186
f 529 932 517
f 28 932 186
f 932 28 586
f 1181 932 586
f 932 1789 517
f 932 1181 1789
f 129 1077 1490
f 382 587 284
f 587 206 284
f 587 1251 206
f 587 382 1177
f 1251 587 1177
f 206 1980 543
f 1251 1980 206
f 1980 1251 1271
f 1980 1265 543
f 255 1980 1271
f 1265 1980 255
f 269 1774 47
f 1881 269 47
f 269 1881 1187
f 749 269 1187
f 1774 269 749
f 312 1774 749
f 312 1705 963
f 1705 312 749
f 1285 443 1870
f 443 1109 1870
f 443 1285 822
f 1109 443 1153
f 594 1809 158
f 1809 538 158
f 1108 1809 1509
f 1809 1108 538
f 223 265 76
f 223 76 517
f 265 223 1130
f 1789 223 517
f 223 1789 1660
f 1130 1482 1601
f 1482 498 1601
f 1482 321 549
f 498 1482 549
f 787 428 449
f 787 633 923
f 633 787 1042
f 787 449 1153
f 1140 787 1153
f 787 1140 1042
f 1419 40 449
f 40 1419 496
f 1133 863 47
f 429 863 1133
f 863 1256 47
f 863 429 22
f 863 22 1444
f 1256 863 1444
f 1060 1723 520
f 1060 1611 1723
f 1060 1608 481
f 1608 1060 520
f 1611 1661 1723
f 1661 1611 1090
f 1723 1661 1136
f 1661 688 1136
f 1661 1090 1339
f 688 1661 1339
f 814 742 481
f 742 1060 481
f 1060 742 1611
f 900 1402 1693
f 600 900 1693
f 900 600 1402
f 654 1760 1006
f 1760 1746 1006
f 1222 354 1006
f 1542 903 898
f 903 1542 468
f 775 600 68
f 869 15 741
f 616 1747 1052
f 561 1416 1406
f 1416 561 261
f 1947 1326 240
f 1326 1947 401
f 43 1947 240
f 401 1947 1406
f 1947 43 1406
f 434 248 1682
f 302 434 1682
f 434 302 248
f 1377 659 183
f 1377 1201 659
f 1377 1663 1201
f 1377 183 867
f 1260 947 1644
f 947 1788 1644
f 947 896 1788
f 33 1110 1819
f 746 1110 33
f 1819 1110 1449
f 1110 1288 1449
f 1288 1110 13
f 1110 746 13
f 1933 1761 1619
f 1933 746 1761
f 746 1933 13
f 1933 1683 13
f 1683 1933 968
f 278 1524 160
f 278 1492 1524
f 1492 278 563
f 381 278 160
f 380 278 381
f 278 380 1398
f 563 278 1398
f 880 1163 1489
f 1163 880 1492
f 880 1489 399
f 488 880 399
f 1492 880 488
f 1319 1498 1076
f 1498 1455 1345
f 1455 1498 513
f 1498 1319 513
f 1536 1498 1345
f 1498 1536 1076
f 611 182 1659
f 471 611 1645
f 611 1659 1645
f 182 1806 565
f 1806 1993 899
f 1806 1296 1993
f 1570 1806 899
f 565 1806 1570
f 567 281 1539
f 1539 281 264
f 181 1223 731
f 455 1593 334
f 1593 455 846
f 455 689 846
f 1727 1467 513
f 1727 1233 1467
f 1727 1323 1780
f 1233 1727 1780
f 1284 800 1977
f 800 1284 1664
f 1977 800 990
f 1582 1545 990
f 1545 1582 1664
f 800 1582 990
f 1582 800 1664
f 1469 346 343
f 343 346 118
f 1590 346 1154
f 346 1469 1154
f 346 90 118
f 90 346 1590
f 784 1700 1
f 1234 784 1
f 1755 1409 1619
f 1409 1933 1619
f 1933 1409 968
f 1048 1755 1381
f 1574 1048 1381
f 1048 1574 968
f 1409 1048 968
f 1048 1409 1755
f 1574 1834 1471
f 1834 901 262
f 1834 340 1471
f 340 1834 262
f 1173 1273 1082
f 1273 1173 483
f 1531 1273 483
f 423 567 1236
f 687 423 1236
f 1448 591 567
f 423 1448 567
f 1448 423 803
f 1531 1448 803
f 591 1448 1214
f 1448 483 1214
f 1448 1531 483
f 1447 645 467
f 645 869 467
f 869 645 1072
f 1812 687 1051
f 423 1812 803
f 1812 423 687
f 1273 1812 1082
f 1812 1531 803
f 1531 1812 1273
f 1812 262 1082
f 1812 1051 262
f 1314 999 1092
f 995 999 1314
f 1363 1106 1447
f 1106 645 1447
f 1106 999 995
f 1106 1363 1092
f 999 1106 1092
f 106 473 1438
f 106 1297 1935
f 473 106 176
f 106 267 1297
f 267 106 1438
f 1759 701 257
f 267 1759 257
f 924 1347 1224
f 924 1712 1347
f 1712 924 107
f 112 924 1224
f 107 924 112
f 747 507 762
f 756 747 762
f 747 756 127
f 747 127 1394
f 1167 747 1394
f 452 1986 910
f 275 1986 356
f 1986 275 910
f 1986 452 913
f 1986 1059 356
f 1986 913 1059
f 1541 10 1800
f 1800 10 290
f 10 1280 290
f 254 194 389
f 615 194 254
f 194 1148 389
f 1148 194 450
f 194 615 450
f 1428 198 808
f 306 1428 808
f 1428 306 198
f 738 1100 595
f 1100 738 1371
f 222 738 595
f 1371 738 1102
f 738 222 1102
f 1100 1094 595
f 1094 1128 1993
f 927 1038 912
f 927 912 492
f 115 927 1087
f 927 115 1038
f 927 1182 1087
f 1076 927 492
f 1182 927 1076
f 533 702 1018
f 521 533 1018
f 533 521 731
f 702 533 1658
f 455 533 689
f 1882 779 1018
f 779 521 1018
f 779 1882 548
f 1038 779 548
f 779 1038 1102
f 222 779 1102
f 521 962 731
f 962 181 731
f 962 1296 181
f 1216 521 487
f 1216 1094 1993
f 1094 1216 487
f 1296 1216 1993
f 962 1216 1296
f 1216 962 521
f 1897 239 598
f 239 786 1345
f 1002 239 79
f 760 239 1002
f 239 760 598
f 239 1455 79
f 1455 239 1345
f 367 1897 975
f 786 367 1316
f 239 367 786
f 367 239 1897
f 66 367 975
f 367 1087 1316
f 367 66 1087
f 1122 646 1433
f 1627 646 1122
f 646 1627 530
f 646 530 21
f 1019 646 21
f 646 1019 1433
f 1960 1254 1086
f 1627 258 1535
f 258 1254 1535
f 258 1627 1122
f 1795 258 1122
f 1254 258 1795
f 1121 1795 876
f 1121 1254 1795
f 1121 876 1583
f 1086 1121 1583
f 1254 1121 1086
f 878 1558 1142
f 153 1558 878
f 1558 153 1526
f 1558 137 1142
f 1558 1526 137
f 777 1073 1775
f 1073 777 320
f 777 942 320
f 883 351 263
f 351 132 263
f 132 351 1253
f 351 883 397
f 1253 351 397
f 132 1384 437
f 1384 132 699
f 437 1384 1045
f 1384 699 1045
f 1160 1625 1253
f 1625 132 1253
f 1625 777 1775
f 699 1625 1775
f 132 1625 699
f 1625 1160 695
f 777 1625 695
f 1886 1107 1045
f 1107 956 1045
f 1742 1030 402
f 1560 1603 1703
f 969 355 16
f 355 1999 16
f 1999 355 402
f 355 1742 402
f 1974 1999 402
f 1999 1974 562
f 1974 85 562
f 1030 1974 402
f 1974 1030 85
f 85 1656 562
f 1656 1951 1674
f 562 1656 1674
f 1293 71 1391
f 71 816 1391
f 816 71 1227
f 1391 816 822
f 816 443 822
f 209 184 753
f 811 209 753
f 209 811 184
f 184 77 859
f 811 77 184
f 1069 85 1621
f 85 1069 1802
f 1281 1361 1995
f 1261 1281 1995
f 1069 1281 1261
f 1281 1069 1621
f 1963 1281 1621
f 176 662 97
f 662 1714 97
f 1714 662 1935
f 662 106 1935
f 106 662 176
f 1994 109 754
f 109 1994 392
f 73 1994 754
f 392 1994 73
f 1724 1468 881
f 925 1724 541
f 1724 925 1468
f 1372 670 140
f 1578 1372 140
f 1372 1732 670
f 1732 1372 1460
f 1372 1578 1460
f 1578 1786 1894
f 1786 1578 99
f 143 1786 99
f 632 1785 1211
f 632 745 1785
f 75 632 1211
f 608 632 1311
f 745 632 608
f 632 75 450
f 1311 632 450
f 868 364 99
f 364 143 99
f 143 364 957
f 957 364 327
f 364 1534 327
f 364 868 1534
f 395 993 824
f 993 395 1694
f 824 993 1499
f 993 588 1499
f 993 1694 588
f 202 14 1004
f 14 202 1036
f 686 202 1004
f 202 686 1889
f 1213 202 1889
f 1036 202 1213
f 14 908 620
f 908 1025 620
f 908 954 1025
f 954 908 1919
f 954 1926 1766
f 1926 954 1269
f 1550 103 1243
f 1162 917 1379
f 1162 1379 1964
f 1166 1872 138
f 457 1166 138
f 1166 457 1333
f 485 1414 447
f 1414 369 1983
f 1414 485 369
f 872 1049 1788
f 1310 872 1788
f 872 1310 858
f 1421 422 1584
f 907 1421 1584
f 422 1421 1386
f 1386 1421 476
f 1421 907 476
f 103 1413 1243
f 1413 103 1872
f 1054 553 1333
f 553 1166 1333
f 1413 553 730
f 1166 553 1872
f 553 1413 1872
f 42 1548 858
f 1548 872 858
f 1548 1689 949
f 1584 1548 949
f 1040 1548 1584
f 872 1548 1040
f 1027 630 1437
f 1171 1027 841
f 1027 1437 841
f 630 1027 870
f 1027 1171 491
f 870 1027 491
f 796 713 1969
f 713 393 1969
f 393 713 1769
f 1769 713 111
f 1851 1300 524
f 305 1300 1851
f 1300 305 515
f 1370 1300 515
f 1300 938 524
f 1300 1370 938
f 1690 1577 200
f 1494 1452 1493
f 86 1494 1493
f 1810 1494 1942
f 1452 1494 1810
f 891 1404 1057
f 891 1585 1404
f 1585 891 1039
f 1318 57 497
f 164 57 1318
f 57 45 497
f 45 57 438
f 1932 162 164
f 162 57 164
f 162 1932 1943
f 1516 162 1943
f 162 1516 438
f 57 162 438
f 576 675 1010
f 1399 576 1010
f 576 1101 1779
f 1101 576 1399
f 1626 1966 701
f 1862 1626 303
f 1856 1496 199
f 1496 1856 1862
f 577 1811 937
f 1811 577 1353
f 675 577 937
f 576 577 675
f 1353 577 1779
f 577 576 1779
f 1962 238 1170
f 640 1962 1170
f 12 1962 1496
f 1751 1888 1853
f 1879 1888 1751
f 1193 1888 1879
f 1888 893 1853
f 1888 1193 893
f 1763 502 1229
f 502 304 1229
f 304 502 1039
f 502 1168 1039
f 1168 1104 938
f 1104 599 938
f 599 1104 1763
f 1104 502 1763
f 502 1104 1168
f 1750 1079 317
f 1750 1255 1079
f 1021 1750 317
f 1750 1021 1771
f 889 583 1771
f 527 583 889
f 583 1750 1771
f 583 527 1255
f 1750 583 1255
f 1713 134 873
f 1713 371 135
f 371 1713 873
f 1651 1713 135
f 134 1713 1651
f 1146 348 1890
f 1008 348 1146
f 348 829 1890
f 829 348 1971
f 348 1008 1971
f 1758 226 772
f 1758 953 226
f 953 1758 973
f 772 1097 1847
f 307 1097 772
f 1097 1124 1847
f 1124 1097 873
f 1097 307 873
f 1518 1891 729
f 197 1891 1518
f 1891 197 1440
f 979 1891 1440
f 1299 1047 1865
f 108 1299 1865
f 1299 108 979
f 1047 1299 1440
f 1299 979 1440
f 108 1000 979
f 1000 108 1827
f 1000 1466 729
f 1466 1000 1827
f 1441 977 1847
f 1202 855 773
f 1202 1041 1766
f 1041 1202 773
f 1926 1202 1766
f 1202 1926 855
f 4 525 170
f 525 1952 482
f 865 525 482
f 982 985 1849
f 982 1459 960
f 573 982 1849
f 982 573 1959
f 982 1959 1480
f 1459 982 1480
f 667 1298 1105
f 1298 667 192
f 1105 1298 972
f 1298 192 972
f 1497 1127 1688
f 1688 1127 249
f 1127 1652 249
f 1652 1127 601
f 1127 1497 601
f 1500 459 943
f 1744 1500 943
f 459 1500 1726
f 1953 1500 1743
f 1500 1744 1743
f 1726 1500 1277
f 1500 1953 1277
f 241 486 782
f 486 241 1818
f 241 782 1374
f 1397 241 1374
f 1035 241 1397
f 554 241 1035
f 241 554 1818
f 940 1453 1141
f 1453 724 1141
f 55 1453 940
f 1453 55 724
f 984 539 1799
f 539 984 888
f 984 1799 1014
f 1505 984 1014
f 552 213 1678
f 213 12 1678
f 1315 431 875
f 431 273 875
f 1268 431 1315
f 273 431 1268
f 1589 273 464
f 273 1589 555
f 1589 89 555
f 1722 1589 464
f 89 1589 1722
f 817 1241 1307
f 1241 817 510
f 1159 298 1982
f 298 694 1982
f 694 298 113
f 298 769 220
f 113 298 220
f 1740 331 1739
f 1740 1159 331
f 1023 1740 1739
f 1159 1740 1023
f 574 1878 825
f 1878 574 1023
f 574 1159 1023
f 156 1454 1617
f 1454 91 1617
f 91 1454 1355
f 1355 1454 1275
f 1454 156 1275
f 91 792 1617
f 792 91 168
f 1484 792 168
f 1892 48 810
f 48 463 810
f 463 48 1997
f 48 1850 1997
f 48 1892 1850
f 463 1828 810
f 810 1828 1787
f 1828 1290 1787
f 1290 1828 664
f 1828 1258 664
f 1828 463 1258
f 126 663 1623
f 1938 126 1623
f 126 1938 839
f 432 289 1842
f 289 839 1842
f 289 432 963
f 1902 289 963
f 663 748 1623
f 1708 748 663
f 748 1206 1623
f 1206 748 1191
f 748 1708 1191
f 795 1392 656
f 860 795 656
f 795 860 1680
f 1798 795 1680
f 1392 795 1798
f 618 1670 1913
f 618 1388 1324
f 1670 618 1324
f 717 1930 288
f 1930 1569 1535
f 288 1930 1535
f 1640 922 997
f 922 418 1093
f 418 922 717
f 214 735 997
f 735 214 1093
f 922 214 997
f 214 922 1093
f 1256 1252 1647
f 1012 1252 1256
f 1984 1252 1012
f 1647 1252 362
f 1252 1984 362
f 1375 189 82
f 1143 189 1375
f 189 1143 1762
f 189 1984 82
f 1400 1375 82
f 1400 1055 1375
f 1400 82 1149
f 1055 1400 1149
f 116 133 376
f 376 133 671
f 133 1693 671
f 133 951 1693
f 518 655 951
f 518 116 655
f 133 518 951
f 518 133 116
f 1717 1777 1749
f 655 1717 68
f 1717 1749 68
f 1717 655 794
f 1777 1717 794
f 628 157 676
f 580 628 676
f 628 580 139
f 157 628 1143
f 628 139 1143
f 956 1927 635
f 1927 728 635
f 728 1927 1886
f 1088 3 426
f 26 3 1139
f 426 3 26
f 3 721 1139
f 721 3 992
f 992 3 47
f 1133 603 59
f 603 1133 47
f 603 1886 59
f 337 1525 1807
f 1077 1525 337
f 1807 1525 1859
f 1525 129 1859
f 1525 1077 129
f 65 1081 992
f 1774 65 992
f 538 852 884
f 1108 852 538
f 1756 142 1660
f 142 223 1660
f 223 142 1130
f 1679 1482 1130
f 1482 1679 321
f 1869 1679 1130
f 321 1679 1869
f 88 787 923
f 787 88 428
f 952 88 923
f 428 88 952
f 428 67 449
f 67 1419 449
f 67 157 710
f 1055 67 710
f 67 428 794
f 157 67 794
f 67 1055 496
f 1419 67 496
f 1611 80 1090
f 742 80 1611
f 1090 80 814
f 80 742 814
f 1936 1222 1463
f 1568 1936 468
f 1936 1568 354
f 1222 1936 354
f 1936 903 468
f 1503 1222 1006
f 1222 1503 1463
f 1503 775 1463
f 903 1450 898
f 1450 775 68
f 1016 1450 68
f 1450 1016 898
f 1274 869 253
f 1274 15 869
f 1274 253 1543
f 1077 110 1490
f 1490 110 1543
f 110 1274 1543
f 1194 1052 396
f 1194 616 1052
f 616 1194 1528
f 1406 1194 396
f 1416 1194 1406
f 277 616 1528
f 1352 277 1424
f 277 1352 310
f 616 277 1747
f 739 277 310
f 1747 277 739
f 1662 1416 261
f 1662 261 1424
f 277 1662 1424
f 1662 277 1528
f 1663 2 1424
f 1377 2 1663
f 1424 2 867
f 2 1377 867
f 390 1260 1518
f 390 947 1260
f 390 1518 547
f 896 390 547
f 947 390 896
f 1296 1220 181
f 1806 1220 1296
f 27 471 264
f 281 27 264
f 1223 1730 731
f 1730 533 731
f 533 1730 689
f 689 1730 591
f 1730 1223 591
f 621 1223 181
f 591 621 567
f 1223 621 591
f 1304 1334 334
f 1334 1304 1658
f 1727 1205 1323
f 1323 1205 297
f 1205 1319 297
f 1319 1205 513
f 1205 1727 513
f 378 187 1700
f 784 378 1700
f 187 378 1641
f 378 1899 1641
f 378 784 1234
f 378 1948 1899
f 378 1234 1948
f 1024 1557 262
f 901 1024 262
f 1557 1024 1383
f 1024 987 1383
f 270 1574 987
f 270 1834 1574
f 1834 270 901
f 1024 270 987
f 270 1024 901
f 799 995 1072
f 536 267 1438
f 350 536 1438
f 536 1759 267
f 536 350 303
f 1626 536 303
f 1759 536 701
f 536 1626 701
f 1598 1438 1078
f 1598 350 1438
f 300 1598 1078
f 1598 300 1180
f 1263 1598 1180
f 1598 1263 303
f 350 1598 303
f 747 1729 507
f 1729 1167 771
f 1729 747 1167
f 1390 1729 771
f 1729 1390 275
f 1729 275 356
f 1059 1729 356
f 507 1729 1059
f 864 719 1541
f 719 10 1541
f 719 864 1823
f 10 719 1280
f 1056 719 1823
f 719 1338 1280
f 719 1056 1338
f 1094 208 595
f 208 1094 487
f 208 222 595
f 1941 1094 1100
f 1941 526 774
f 1941 1100 526
f 1128 1941 774
f 1094 1941 1128
f 533 1380 1658
f 1380 533 455
f 1380 1334 1658
f 1380 455 334
f 1334 1380 334
f 521 1636 487
f 779 1636 521
f 1636 779 222
f 1636 208 487
f 208 1636 222
f 1596 1923 358
f 288 1596 358
f 276 1960 1086
f 276 1651 371
f 1651 276 1086
f 629 695 1773
f 629 777 695
f 629 1773 614
f 942 629 614
f 777 629 942
f 11 1742 1603
f 11 235 1963
f 1742 11 1030
f 11 1963 1621
f 1030 11 1621
f 1719 1560 1703
f 1719 852 1108
f 884 1719 1703
f 852 1719 884
f 1719 531 1560
f 531 235 1560
f 531 1227 1963
f 235 531 1963
f 720 85 1802
f 720 1656 85
f 720 1365 1207
f 720 1802 1365
f 1656 720 1951
f 935 720 1207
f 1951 720 935
f 1005 1293 1362
f 1005 71 1293
f 1361 1005 1362
f 71 1005 1227
f 1227 1005 1963
f 1005 1281 1963
f 1281 1005 1361
f 816 1614 443
f 1614 1809 594
f 1809 1614 1509
f 443 1614 1153
f 1614 1140 1153
f 1140 1614 594
f 1111 77 25
f 77 1111 859
f 1628 1111 25
f 1111 1628 859
f 205 77 811
f 205 753 1422
f 205 811 753
f 25 205 1422
f 77 205 25
f 1609 1261 1860
f 1609 1069 1261
f 1069 1609 1802
f 1365 1609 1860
f 1802 1609 1365
f 1724 29 541
f 29 653 541
f 1937 29 881
f 29 1724 881
f 29 1937 1702
f 653 29 1702
f 857 957 1029
f 857 143 957
f 857 1029 403
f 1446 857 403
f 143 986 1786
f 986 1446 1894
f 1786 986 1894
f 986 857 1446
f 857 986 143
f 612 1996 14
f 1996 908 14
f 1829 1926 1269
f 1926 1829 855
f 122 103 1550
f 103 122 1872
f 1872 122 1964
f 122 1162 1964
f 1049 1677 950
f 872 1677 1049
f 950 1677 828
f 1677 1040 828
f 1677 872 1040
f 360 35 39
f 360 558 35
f 949 360 39
f 1689 360 949
f 145 849 686
f 1843 145 686
f 145 1704 849
f 145 946 1704
f 946 145 1843
f 1752 398 547
f 1518 1752 547
f 1327 1466 1827
f 1550 1327 1827
f 1327 1550 1243
f 1988 946 1843
f 1988 686 1004
f 1988 1843 686
f 750 1546 796
f 1546 713 796
f 111 74 497
f 713 74 111
f 74 1318 497
f 1546 74 713
f 74 750 1318
f 74 1546 750
f 1690 400 1577
f 400 1690 456
f 400 456 1968
f 400 1968 725
f 23 400 725
f 400 23 1577
f 1751 1681 200
f 1681 1690 200
f 893 568 1853
f 1681 568 1690
f 568 1751 1853
f 568 1681 1751
f 1884 893 34
f 1884 568 893
f 568 1884 1690
f 1287 86 484
f 1287 1494 86
f 1287 484 1939
f 1851 1287 1939
f 1287 1851 1911
f 1287 1911 1942
f 1494 1287 1942
f 1699 891 1057
f 891 1699 1039
f 234 1699 1057
f 1039 1699 234
f 1101 727 1276
f 727 1101 1399
f 727 1985 1276
f 1985 727 1374
f 727 1397 1374
f 727 1399 1397
f 1101 1405 1779
f 1405 1353 1779
f 1580 1405 1276
f 1405 1101 1276
f 1405 1580 180
f 1811 1405 180
f 1405 1811 1353
f 1626 871 1966
f 640 871 1978
f 871 640 1966
f 871 1626 1862
f 1856 871 1862
f 1978 871 199
f 871 1856 199
f 238 8 1906
f 1962 8 238
f 1332 8 840
f 8 1332 1906
f 8 12 840
f 8 1962 12
f 726 1962 640
f 726 1978 199
f 726 640 1978
f 1496 726 199
f 1962 726 1496
f 243 108 1865
f 1923 1116 1458
f 163 1116 1923
f 1458 1116 973
f 1116 953 973
f 1116 163 953
f 959 371 1501
f 959 276 371
f 1596 959 1923
f 276 959 1596
f 953 1857 226
f 163 1857 953
f 1891 1218 729
f 1218 1891 979
f 1218 1000 729
f 1000 1218 979
f 108 44 1827
f 1162 94 917
f 94 44 977
f 122 94 1162
f 94 122 1550
f 94 1550 1827
f 44 94 1827
f 1917 1441 1890
f 1917 977 1441
f 1917 94 977
f 1556 1917 1890
f 1917 1556 631
f 917 1917 631
f 94 1917 917
f 525 274 1952
f 274 525 4
f 274 1592 1952
f 274 4 1058
f 1592 274 1058
f 1408 865 482
f 985 1408 1868
f 1956 1408 482
f 1408 1956 1868
f 215 179 170
f 525 215 170
f 865 215 525
f 982 1478 985
f 1478 1408 985
f 1478 982 960
f 1408 1478 865
f 1186 1478 960
f 179 1478 1186
f 215 1478 179
f 1478 215 865
f 1772 552 888
f 1772 213 552
f 984 1772 888
f 1772 984 1505
f 1772 1505 64
f 1772 64 840
f 12 1772 840
f 213 1772 12
f 1241 1436 1307
f 1436 1241 510
f 1436 831 1307
f 1436 510 831
f 812 298 1159
f 510 812 825
f 812 574 825
f 574 812 1159
f 1916 1484 250
f 1916 792 1484
f 1916 250 1617
f 792 1916 1617
f 1387 1902 663
f 1387 289 1902
f 289 1387 839
f 126 1387 663
f 1387 126 839
f 1575 1913 534
f 1575 618 1913
f 618 1575 1388
f 1575 534 98
f 1388 1575 98
f 922 493 717
f 493 1640 1240
f 493 922 1640
f 475 355 969
f 355 475 1742
f 1742 475 1603
f 609 703 1240
f 703 1555 1240
f 703 884 1703
f 703 609 884
f 703 475 1555
f 1603 703 1703
f 475 703 1603
f 1745 560 571
f 560 1745 1762
f 1107 1103 956
f 1103 1927 956
f 1103 1107 1886
f 1927 1103 1886
f 3 1070 47
f 1070 603 47
f 1081 605 432
f 65 605 1081
f 432 605 963
f 312 1929 1774
f 1929 65 1774
f 1929 605 65
f 1929 312 963
f 605 1929 963
f 1343 141 1756
f 141 142 1756
f 142 141 1130
f 141 1869 1130
f 1869 141 1445
f 141 1343 1445
f 1512 1936 1463
f 1936 1512 903
f 1512 1450 903
f 775 1512 1463
f 1450 1512 775
f 1503 1605 775
f 600 1605 1402
f 775 1605 600
f 1402 1605 654
f 1605 1760 654
f 1760 1605 1746
f 1746 1605 1006
f 1605 1503 1006
f 231 110 1077
f 110 231 1274
f 1194 1156 1528
f 1156 1194 1416
f 1156 1662 1528
f 1662 1156 1416
f 791 1806 182
f 791 1220 1806
f 1220 791 181
f 1465 611 471
f 27 1465 471
f 1106 207 645
f 645 207 1072
f 207 799 1072
f 207 1106 995
f 799 207 995
f 1254 154 1535
f 1960 154 1254
f 154 288 1535
f 154 1596 288
f 276 154 1960
f 154 276 1596
f 1560 813 1603
f 813 11 1603
f 235 813 1560
f 11 813 235
f 1614 1979 1509
f 1979 1614 816
f 1979 531 1719
f 1979 816 1227
f 531 1979 1227
f 1349 1996 612
f 318 1349 1983
f 1349 318 1212
f 1996 1349 1212
f 1349 1414 1983
f 1349 612 447
f 1414 1349 447
f 528 763 1212
f 763 528 61
f 1919 763 61
f 908 763 1919
f 1829 1427 855
f 773 1427 1480
f 855 1427 773
f 1427 1459 1480
f 1459 1427 1269
f 1427 1829 1269
f 1267 553 1054
f 338 1413 730
f 369 700 1054
f 946 410 1704
f 410 946 1844
f 301 582 729
f 582 1518 729
f 582 1752 1518
f 582 268 1752
f 35 542 550
f 542 1105 550
f 542 316 1105
f 316 542 1004
f 542 1988 1004
f 1690 707 456
f 1884 707 1690
f 456 707 34
f 707 1884 34
f 243 696 108
f 696 772 1847
f 696 1758 772
f 696 243 1758
f 977 696 1847
f 696 44 108
f 44 696 977
f 1047 1197 1865
f 1197 243 1865
f 243 1197 1758
f 1197 1047 973
f 1758 1197 973
f 648 163 1923
f 959 648 1923
f 648 1857 163
f 648 959 1501
f 226 648 1501
f 1857 648 226
f 1225 812 510
f 812 1225 298
f 817 1225 510
f 1225 817 769
f 298 1225 769
f 641 1190 1240
f 1190 493 1240
f 1648 1930 717
f 493 1648 717
f 1190 1648 493
f 1930 1648 1569
f 1648 641 1569
f 1648 1190 641
f 1158 475 969
f 475 1158 1555
f 1158 969 1240
f 1555 1158 1240
f 189 1820 1984
f 1820 189 1762
f 1745 1820 1762
f 1554 3 1088
f 1554 1070 3
f 1554 1088 1886
f 603 1554 1886
f 1070 1554 603
f 1274 1151 15
f 231 1151 1274
f 1151 231 1077
f 436 1151 337
f 1151 1077 337
f 1151 436 741
f 15 1151 741
f 1175 27 281
f 1175 1465 27
f 1465 1175 611
f 1210 1108 1509
f 1979 1210 1509
f 1210 1719 1108
f 1210 1979 1719
f 1996 1830 908
f 1830 763 908
f 1830 1996 1212
f 763 1830 1212
f 1698 410 1844
f 410 1698 1961
f 1945 700 369
f 895 268 1113
f 642 895 1113
f 895 338 1844
f 895 642 338
f 268 895 1752
f 895 42 398
f 1752 895 398
f 542 287 1988
f 287 542 35
f 558 287 35
f 1117 287 558
f 1071 1820 1745
f 1071 1745 571
f 1984 1071 1705
f 1820 1071 1984
f 1071 571 963
f 1705 1071 963
f 1639 281 567
f 1639 1175 281
f 611 1639 182
f 1175 1639 611
f 519 642 1113
f 642 519 338
f 338 1958 1844
f 1958 1698 1844
f 989 1945 1961
f 1945 989 700
f 1267 989 1961
f 989 1267 1054
f 700 989 1054
f 410 504 1704
f 504 410 1961
f 1945 504 1961
f 1671 895 1844
f 946 1671 1844
f 1988 1671 946
f 1671 287 1117
f 287 1671 1988
f 1630 1548 42
f 895 1630 42
f 1548 1630 1689
f 1692 268 582
f 1692 582 301
f 1692 1612 268
f 1612 1692 1341
f 1612 1341 1327
f 581 1639 567
f 791 581 181
f 581 791 182
f 1639 581 182
f 581 621 181
f 621 581 567
f 553 419 730
f 1267 419 553
f 1958 1443 1698
f 1443 1267 1961
f 1698 1443 1961
f 1443 419 1267
f 1443 1958 338
f 1443 338 730
f 419 1443 730
f 1704 388 849
f 504 388 1704
f 849 388 1889
f 388 504 1945
f 388 1945 369
f 388 1213 1889
f 388 369 1213
f 1671 1474 895
f 1474 1630 895
f 24 1692 301
f 1692 24 1341
f 268 1837 1113
f 1612 1837 268
f 1837 519 1113
f 338 1837 1413
f 519 1837 338
f 1837 1612 1327
f 1413 1837 1243
f 1837 1327 1243
f 916 1671 1117
f 916 1474 1671
f 916 1117 558
f 1630 1675 1689
f 1474 1675 1630
f 916 1675 1474
f 1675 360 1689
f 360 1675 558
f 1675 916 558
f 1341 1540 1327
f 24 1540 1341
f 1327 1540 1466
f 1540 301 1466
f 1540 24 301
o Cracks
v 5.5920896295308475 8.227011385415913 0.1
v 5.403907601628309 8.840911667451575 0.1
v 5.735658647182419 8.865571044858697 0.1
v 5.388698185661308 8.824401096404046 0.1
v 5.223768846647989 8.313536115288727 0.1
l 2001 2002 2003 2004 2005
v -1.2705478764538192 6.705489806069236 0.1
v -1.5846639043419375 5.429775121894449 0.1
v -1.5500367512143156 6.304170525458661 0.1
v -1.0148605542010127 6.360958555410209 0.1
v -0.9872695631962576 5.898499520640114 0.1
l 2006 2007 2008 2009 2010
v 4.876890900317384 -9.941247360982432 0.1
v 4.35369422401039 -10.024323701332191 0.1
v 3.5930233225700396 -9.884670839574905 0.1
v 3.61958840738322 -9.573787108041921 0.1
v 4.767272249477342 -9.109571871691264 0.1
l 2011 2012 2013 2014 2015
v 10.290588494624833 5.749970922566098 0.1
v 10.635138941201747 4.897805869769575 0.1
v 10.942435894924131 5.887707301156839 0.1
v 11.908050096936773 4.85423991587589 0.1
v 11.490972645254617 6.2587377981958685 0.1
l 2016 2017 2018 2019 2020
v 3.4980220790168013 5.73680800017201 0.1
v 3.7907260599780335 7.285904647316334 0.1
v 2.899550056792923 6.678330268522507 0.1
v 2.042907128843459 6.909219840751046 0.1
v 2.954693140157332 6.53179415631812 0.1
l 2021 2022 2023 2024 2025
v 6.685551966119361 3.1149366467185375 0.1
v 7.392635946938969 3.7542608303942755 0.1
v 6.571774503804064 4.2144307165119645 0.1
v 6.827403023867831 3.8133593251596594 0.1
v 7.397903212708384 3.0181580957031033 0.1
l 2026 2027 2028 2029 2030
v 7.592538468471927 -14.496597891779508 0.1
v 7.487408386529357 -15.028838155919068 0.1
v 7.079830788574162 -15.558476660530005 0.1
v 6.654374632349241 -14.995459139829002 0.1
v 7.582266661881419 -15.656032773769462 0.1
l 2031 2032 2033 2034 2035
v 3.034784763935301 7.503834840935941 0.1
v 2.2796132095357517 6.6519028424562405 0.1
v 2.091156497383154 6.135754851857345 0.1
v 2.0693334644972747 5.591524484058462 0.1
v 1.6908463749037153 7.284540550586853 0.1
l 2036 2037 2038 2039 2040
v 14.59488848876157 4.604984555226795 0.1
v 14.177009415840882 5.048764369803782 0.1
v 13.368169218329877 5.433978847192858 0.1
v 13.982091915124135 6.279971590655196 0.1
v 12.75114902552439 4.679636566852802 0.1
l 2041 2042 2043 2044 2045
v 11.021691432914155 2.9296244194624173 0.1
v 10.335423742443256 2.611586380791776 0.1
v 10.548756662578942 3.6614398908182415 0.1
v 10.469997529527213 2.8183449318464158 0.1
v 11.667128905662558 3.5172235859558514 0.1
l 2046 2047 2048 2049 2050
v -8.517200479523847 -13.616235497765388 0.1
v -8.832270620066662 -13.647808842047118 0.1
v -8.244190528154837 -13.343399304476225 0.1
v -7.906840345531891 -13.681578139191283 0.1
v -8.937152047370342 -13.186580456882893 0.1
l 2051 2052 2053 2054 2055
v 0.6489962938485894 13.178471483933125 0.1
v -0.5343951158556921 14.805424656895287 0.1
v -0.4491115992097867 14.31159462101209 0.1
v -0.3954154507906349 14.35298336812176 0.1
v -0.430990426752778 14.663335317268094 0.1
l 2056 2057 2058 2059 2060
v 4.619367978637574 -2.147649017845807 0.1
v 4.467603549449359 -2.088294408112215 0.1
v 4.394381475775768 -1.2139550879993952 0.1
v 5.506949284535548 -1.9926030668766521 0.1
v 5.735576875583256 -2.410727252160971 0.1
l 2061 2062 2063 2064 2065
v 0.4249677311056459 3.247031281195806 0.1
v -0.7967534187958656 3.2299845441121047 0.1
v 0.36566526034045865 3.2697451662431605 0.1
v -0.25880627953289137 2.870993408784441 0.1
v -0.2893162549408428 4.391108173305717 0.1
l 2066 2067 2068 2069 2070
v 3.3889194523727957 -8.452955841517385 0.1
v 3.0195563656838744 -8.022633554828111 0.1
v 2.649253830892401 -7.789176118397627 0.1
v 3.7822131833539627 -9.198526194689968 0.1
v 3.714918308699966 -8.64867887804139 0.1
l 2071 2072 2073 2074 2075
v -7.066472614638674 10.139676522303741 0.1
v -7.114490861382983 10.496743061534614 0.1
v -8.881481221155616 11.698681361817915 0.1
v -7.169113604785974 10.545278010530465 0.1
v -8.43180726573767 11.795894079427411 0.1
l 2076 2077 2078 2079 2080
v -2.220557132063308 1.4712365631408668 0.1
v -1.3731835426047858 1.0517015908208114 0.1
v -0.9190070118892826 2.752678207918914 0.1
v -2.228816186988953 1.2719931357296743 0.1
v -1.6250581560620059 1.2689059424371991 0.1
l 2081 2082 2083 2084 2085
v -13.886156971228187 -13.781144312201757 0.1
v -14.456756098410182 -14.206087396127554 0.1
v -15.592472894831149 -14.098958100109632 0.1
v -15.31615534487801 -15.243098538368555 0.1
v -15.258764174957664 -13.86838665889212 0.1
l 2086 2087 2088 2089 2090
v -14.686226843538515 7.467215625704577 0.1
v -15.0033503998736 8.775530295023357 0.1
v -15.474495242658294 7.893115474608597 0.1
v -15.245775600723617 7.373365525346944 0.1
v -14.519207760069845 8.315411722763612 0.1
l 2091 2092 2093 2094 2095
v 1.314593395535744 0.3849713308402165 0.1
v 1.597792325382729 1.7692295852350601 0.1
v 1.4788026093035067 0.5947312271038092 0.1
v 1.55393564442985 0.3689092686710207 0.1
v 1.2194020267445327 -0.14849516155057296 0.1
l 2096 2097 2098 2099 2100
v -3.625894864575213 -13.57417768622468 0.1
v -3.5341258686593484 -12.972881420997949 0.1
v -3.8640085431667077 -12.42411998683998 0.1
v -3.3968804494620133 -12.621253648474278 0.1
v -3.7838540302636248 -12.046349621765875 0.1
l 2101 2102 2103 2104 2105
v -3.1414628932096473 -2.0678715190657395 0.1
v -2.5781247862255916 -0.8679730162772521 0.1
v -3.156441732390388 -2.5476202329112203 0.1
v -3.2086943164205852 -0.9387223806331697 0.1
v -4.010063564501882 -1.8165466886205814 0.1
l 2106 2107 2108 2109 2110
v -5.826086773868407 -0.36063489172784746 0.1
v -4.12301774999994 -1.2948947804844984 0.1
v -4.113011124124384 -1.6282457689261263 0.1
v -4.057941663427982 -0.8045721708645841 0.1
v -5.687480827519943 -1.2340558334990968 0.1
l 2111 2112 2113 2114 2115
v 7.815469264844721 -11.951741827206343 0.1
v 8.071295111479971 -11.00837663639135 0.1
v 8.293811424978614 -10.964289311128404 0.1
v 7.645287566441086 -12.335155474474671 0.1
v 8.250090844680852 -12.071158031884734 0.1
l 2116 2117 2118 2119 2120
v -2.086163004974297 -8.464633791623747 0.1
v -1.0659306732732206 -7.702438003340468 0.1
v -2.337130204888278 -8.995445634655074 0.1
v -0.6082474607648494 -8.33313914260727 0.1
v -1.9674484236518452 -9.197212370241191 0.1
l 2121 2122 2123 2124 2125
v 13.940277522011847 -8.64242416060871 0.1
v 14.045087872788349 -9.273793975532705 0.1
v 13.620868117201072 -8.50634389689059 0.1
v 14.456307107640274 -7.579056155842942 0.1
v 15.394197242086502 -7.824044204381046 0.1
l 2126 2127 2128 2129 2130
v 13.904900446699504 -5.76702744101519 0.1
v 14.494509891403997 -6.785506377603777 0.1
v 13.238038157333007 -7.177829878510663 0.1
v 14.141893339108824 -7.035437490753729 0.1
v 13.940193109213991 -7.37655332742087 0.1
l 2131 2132 2133 2134 2135
v -4.51264855334487 -0.891570586824783 0.1
v -5.634444985065114 0.11599071451723653 0.1
v -5.746570290864393 0.029798171659879635 0.1
v -5.387786267248391 -1.2110244473165812 0.1
v -5.437592704818851 -1.3655061197439398 0.1
l 2136 2137 2138 2139 2140
v 5.137121485049743 9.21790104537803 0.1
v 4.392321935950549 8.07961571450424 0.1
v 4.030288294733655 8.968725994904927 0.1
v 3.5758227825947597 9.437737341963167 0.1
v 3.561345123528303 9.401931869939148 0.1
l 2141 2142 2143 2144 2145
v 3.4108336621598054 -1.6366869407203435 0.1
v 3.3670758767550835 -1.4611209111896806 0.1
v 2.541848963118444 -1.2175597399277278 0.1
v 2.5854080431642035 -2.3543647818883997 0.1
v 2.8992651498618525 -2.447589356012709 0.1
l 2146 2147 2148 2149 2150
v 12.857254340463186 -12.530177177651227 0.1
v 11.748848603782076 -12.761173178762125 0.1
v 13.292582911762317 -12.639941899140872 0.1
v 13.451701736338462 -12.767736888108093 0.1
v 11.70795353976824 -13.794779910824094 0.1
l 2151 2152 2153 2154 2155
v -9.938018021073285 -10.878161369653625 0.1
v -10.132182416680156 -12.728900231703648 0.1
v -10.178802182382755 -12.531656704788386 0.1
v -10.49756948551034 -11.155328323657699 0.1
v -10.741516265750263 -11.207803095079122 0.1
l 2156 2157 2158 2159 2160
v 5.2295359207035395 1.7071933800301116 0.1
v 3.9881624273014094 1.0059306509553376 0.1
v 3.9049498245438534 0.9858294241975485 0.1
v 4.960411491569589 0.47120437351387534 0.1
v 4.128490487689266 0.6926295288652804 0.1
l 2161 2162 2163 2164 2165
v -9.290494653539136 0.5731286776622719 0.1
v -10.254108938232312 -0.3993265238315884 0.1
v -10.211655996199386 0.7057058007426704 0.1
v -8.889384715694069 -0.4684164462112681 0.1
v -10.364715924122747 0.48099462679754956 0.1
l 2166 2167 2168 2169 2170
v -1.3363499764748081 -10.014864057639 0.1
v 0.20684189913152728 -9.983000068053007 0.1
v -1.2401993996787917 -8.944653952237505 0.1
v -0.46059737968950465 -9.113484934033304 0.1
v -1.5486938163964625 -9.180155940021292 0.1
l 2171 2172 2173 2174 2175
v -0.4360834378474616 13.945349279258076 0.1
v -0.2610003841830235 14.644188364224256 0.1
v 0.3944798400525593 13.651028773270067 0.1
v 1.13847609469012 14.600562839060187 0.1
v -0.15974186035918114 13.848814784212294 0.1
l 2176 2177 2178 2179 2180
v 4.746876594470937 -7.558081400818394 0.1
v 5.0344664365861505 -8.140589772107464 0.1
v 4.069030102169143 -7.582044823006666 0.1
v 4.798882629499062 -6.82740901700175 0.1
v 3.7549697438387124 -8.471413897747588 0.1
l 2181 2182 2183 2184 2185
v -2.1965185625271815 10.289003744174494 0.1
v -2.1869693471400344 11.434034206538431 0.1
v -0.7110856729272623 10.876879926263513 0.1
v -0.6485968432351157 11.613290043735685 0.1
v -0.5209319469861573 10.318828954325223 0.1
l 2186 2187 2188 2189 2190
v -6.34797091533368 6.792966222919752 0.1
v -5.375845270450448 6.831729029465834 0.1
v -6.34898934206751 6.960739240708788 0.1
v -6.179071536682078 7.170744267056373 0.1
v -6.655382764639302 7.624968500839893 0.1
l 2191 2192 2193 2194 2195
v -10.480584577425356 14.308346930369519 0.1
v -11.394909740509224 15.040586782538824 0.1
v -10.026099716597702 13.711352783597578 0.1
v -9.7271583010234 14.662652940651057 0.1
v -10.7859772841701 14.500055303193886 0.1
l 2196 2197 2198 2199 2200
v -2.4190873264403017 -2.4849701328089964 0.1
v -3.5035176610524132 -1.3293416713299435 0.1
v -3.599327565597339 -1.549104492218211 0.1
v -3.47467915269471 -2.7977779664161213 0.1
v -2.6301048185987486 -2.4248687710327363 0.1
l 2201 2202 2203 2204 2205
v 9.399061215942396 0.8163297626381987 0.1
v 9.20266317788971 1.1772830328912458 0.1
v 8.938945823617964 1.3259555547654198 0.1
v 9.547429314316368 1.387440260109115 0.1
v 10.214140477688098 -0.3888566574878598 0.1
l 2206 2207 2208 2209 2210
v -13.608311434305246 8.235627161584 0.1
v -14.67292001073859 9.189267481276708 0.1
v -14.127338143896365 8.923254966161478 0.1
v -14.861103885547982 8.928137678717817 0.1
v -13.81164659054828 7.729677339903999 0.1
l 2211 2212 2213 2214 2215
v 0.6762416506807347 -10.328627206369365 0.1
v 0.7974815539001852 -9.719999621162845 0.1
v 0.030067409357195762 -9.73503463805743 0.1
v 1.526358946530526 -11.022242884765193 0.1
v 0.18818324444226486 -9.799777246447425 0.1
l 2216 2217 2218 2219 2220
v 1.3754796936476548 5.517801602138673 0.1
v 1.9550131480923083 5.865121171521606 0.1
v 2.0744685069905335 5.27770900925543 0.1
v 0.8854693947781769 5.861304951371249 0.1
v 1.793219730753712 4.623928898061721 0.1
l 2221 2222 2223 2224 2225
v -13.280408229371792 -14.825804117774341 0.1
v -13.016006377470944 -15.120888507558483 0.1
v -13.320948220484292 -14.953614469101641 0.1
v -13.87891641339397 -14.692164592174672 0.1
v -12.64220647277807 -15.823040832311513 0.1
l 2226 2227 2228 2229 2230
v 0.901145988532168 2.5507057836441582 0.1
v 1.179920009487427 1.5272612863709134 0.1
v 0.9935620185365075 1.1738904898099958 0.1
v 1.2160226203624176 1.2726653999066468 0.1
v 0.7984009596885555 2.9708715320100545 0.1
l 2231 2232 2233 2234 2235
v -7.662583853199919 -6.9215139134862556 0.1
v -7.082590516559277 -7.79220783168371 0.1
v -7.486602353125567 -8.160931801218197 0.1
v -7.567228542738036 -6.717246134575613 0.1
v -7.934797736787923 -6.566249981106581 0.1
l 2236 2237 2238 2239 2240
v 14.478629245209785 -15.370592584218326 0.1
v 12.990486596922763 -14.200548384785579 0.1
v 13.203308069002848 -14.130907870829162 0.1
v 14.514122734730742 -14.477471651577348 0.1
v 13.838995973143934 -13.5671009884608 0.1
l 2241 2242 2243 2244 2245
v 0.006700949145859614 -3.7734388113562 0.1
v 0.03426623152670816 -2.8930073229704183 0.1
v 1.127116370540635 -3.158643268944429 0.1
v 0.9643422984861294 -3.0697025637926147 0.1
v 1.7389024260854138 -2.4382555215837565 0.1
l 2246 2247 2248 2249 2250
v -8.215662321419059 -2.149493470749086 0.1
v -8.157409857826888 -1.558568653207784 0.1
v -8.447307461317354 -1.53955350553003 0.1
v -8.823597578915207 -0.8429503881037894 0.1
v -9.467791165301659 -1.9008192283329028 0.1
l 2251 2252 2253 2254 2255
v -14.897935251708041 -14.865375010464017 0.1
v -15.321976376846035 -14.292441272651661 0.1
v -13.712343301220535 -13.994600032223316 0.1
v -13.941207285539875 -14.338125939452478 0.1
v -14.63616782651044 -14.437889796903967 0.1
l 2256 2257 2258 2259 2260
v 1.0503389888333385 7.866294030738375 0.1
v 2.202377958068964 7.506695107621146 0.1
v 1.2959942130810196 7.834952621829421 0.1
v 0.9113464042612509 8.34097168165997 0.1
v 2.6488377609907214 7.4170210230746925 0.1
l 2261 2262 2263 2264 2265
v -15.183458555010901 8.099637994896149 0.1
v -13.191610949870489 9.106265006027904 0.1
v -14.275265418453493 8.295587210676093 0.1
v -14.504061582015035 8.507382306670536 0.1
v -13.82664006425573 7.942432713185927 0.1
l 2266 2267 2268 2269 2270
v -8.206627343610414 1.7098732072208243 0.1
v -7.231167579115292 1.6325196985788144 0.1
v -6.859786207001389 2.2496641171970424 0.1
v -7.3627241859650265 1.327457687664274 0.1
v -8.269536015797168 2.2132873112876834 0.1
l 2271 2272 2273 2274 2275
v 8.777245803960668 2.3243877780685454 0.1
v 8.82613093301663 2.489566930579195 0.1
v 8.315778530502476 1.8805037775311026 0.1
v 8.651883694320532 2.012570019343575 0.1
v 7.392559965994869 1.939125297279299 0.1
l 2276 2277 2278 2279 2280
v 7.49212264860304 -5.436763918243702 0.1
v 6.58325978992291 -6.276376104206149 0.1
v 6.429042749864777 -6.749684907764882 0.1
v 7.433383775207487 -6.5938577182933695 0.1
v 7.594602228912572 -5.186321359818519 0.1
l 2281 2282 2283 2284 2285
v 14.782875857424772 -10.931421949934544 0.1
v 14.401615274674453 -11.462879579571446 0.1
v 15.098965614568161 -12.539385439290491 0.1
v 15.226678113091852 -11.869034534570213 0.1
v 14.854255445976507 -11.336668150262387 0.1
l 2286 2287 2288 2289 2290
v 10.831606793227978 2.4957871074377422 0.1
v 12.039443147457693 2.143198775364782 0.1
v 11.076470143978089 2.568186179117969 0.1
v 10.70740821784253 3.6607532297710836 0.1
v 10.812224380658584 1.9832635118000839 0.1
l 2291 2292 2293 2294 2295
v 11.70689943843789 -6.154308981115429 0.1
v 12.297313492885973 -6.656545223735103 0.1
v 12.478249595208462 -5.1114453423834405 0.1
v 12.728765511452082 -5.323097614991091 0.1
v 11.367859960156222 -5.557251945267812 0.1
l 2296 2297 2298 2299 2300
v 1.062316428838331 0.8847541901713225 0.1
v 1.1019080444569538 0.7639111844425988 0.1
v 0.4079999747741143 0.2562947477807467 0.1
v 0.8975070861854191 0.7736799440382711 0.1
v -0.6506979473562526 1.552430601313646 0.1
l 2301 2302 2303 2304 2305
v 11.613658229096293 -9.170573766599306 0.1
v 12.375633926019638 -10.14387581346661 0.1
v 12.958380431542137 -8.20935566365722 0.1
v 12.91509772600628 -8.434361614241272 0.1
v 11.589139111173228 -9.997322773222582 0.1
l 2306 2307 2308 2309 2310
v 7.728709455403012 13.155450198942548 0.1
v 7.406953258588571 12.62114441333781 0.1
v 6.482282278447778 12.90357929479282 0.1
v 6.509935747208147 12.703655442902704 0.1
v 7.792554968594192 12.443148307470029 0.1
l 2311 2312 2313 2314 2315
v 8.40372480958634 -8.625989309968434 0.1
v 8.228320727258318 -7.9378941193457955 0.1
v 8.533173182762315 -7.606548416122722 0.1
v 8.655249033315485 -7.1483898014824225 0.1
v 7.8734393375161345 -7.671148834481409 0.1
l 2316 2317 2318 2319 2320
v 10.350750689427043 3.1293419992976297 0.1
v 11.711595261912448 1.9970963415308143 0.1
v 11.619764984261842 1.7541797649012005 0.1
v 10.702389222928728 2.5712738507898005 0.1
v 11.861388095376668 1.4648935998702948 0.1
l 2321 2322 2323 2324 2325
v -2.164040033592725 -0.6475806990396613 0.1
v -2.626078076145291 -1.137804368616127 0.1
v -2.3494033368359997 -2.127601547736095 0.1
v -2.9251778170761 -0.815377161224049 0.1
v -1.611951681572161 -1.8743472506488275 0.1
l 2326 2327 2328 2329 2330
v 10.94156941979838 12.490402109583703 0.1
v 10.903694253051718 11.684264957793522 0.1
v 11.935013621984648 11.0593373433152 0.1
v 11.895820360779203 12.620553623997576 0.1
v 12.17809950685415 12.135779623494752 0.1
l 2331 2332 2333 2334 2335
v -12.362347498532344 -3.5642360699414635 0.1
v -12.631799107527375 -2.699883459181949 0.1
v -12.661606278264948 -3.096970024513513 0.1
v -12.71674687237571 -4.073551142497779 0.1
v -11.912427537571961 -2.895783225415227 0.1
l 2336 2337 2338 2339 2340
v -8.614724426219281 11.729739853819071 0.1
v -7.178145935676297 10.959410176107246 0.1
v -7.819734214507617 10.498522935859913 0.1
v -7.673019731446545 11.800152302217304 0.1
v -7.2570293337509915 10.6307020477953 0.1
l 2341 2342 2343 2344 2345
v 10.882378743385585 9.008281965423281 0.1
v 11.653742193677099 8.435061105863264 0.1
v 11.009104047703289 8.956163813452024 0.1
v 12.249088722697117 9.131194552496593 0.1
v 11.533248382360853 8.123146237939867 0.1
l 2346 2347 2348 2349 2350
v 3.6979378458219303 1.8850338582000368 0.1
v 3.7220811027177616 3.5522791959033757 0.1
v 2.967313879862784 2.4554388285433006 0.1
v 2.76771477939463 2.2443010047834915 0.1
v 3.0454091437393624 1.613235825542718 0.1
l 2351 2352 2353 2354 2355
v 13.089949014665127 7.223617869779622 0.1
v 13.011821368521375 6.833336526583846 0.1
v 13.919916499676523 6.994621962401001 0.1
v 13.369217249921013 7.156740169045127 0.1
v 13.068950982115211 7.563998495193151 0.1
l 2356 2357 2358 2359 2360
v -9.535156796814599 13.192099115831201 0.1
v -8.090226076709138 13.725402223104222 0.1
v -8.51394917459129 13.980302003582498 0.1
v -7.979124141160835 13.366149457837247 0.1
v -7.714139319762514 14.35078946178116 0.1
l 2361 2362 2363 2364 2365
v -12.98465983482331 8.05455764370043 0.1
v -12.720251082905497 8.406356746832484 0.1
v -12.017388033693924 7.960840794777515 0.1
v -13.239188253212529 8.40941790348193 0.1
v -13.377920627467716 7.9759998329120885 0.1
l 2366 2367 2368 2369 2370
v 1.594325869836239 9.153725309283365 0.1
v 0.7201427237312668 9.28172479042861 0.1
v 2.3942641852973408 9.613346548605827 0.1
v 2.0302732859921147 9.655867185650731 0.1
v 2.231080227124284 8.35990434320711 0.1
l 2371 2372 2373 2374 2375
v -11.51944612026541 14.033083042530095 0.1
v -11.851565176869856 15.862493364157816 0.1
v -11.94172934616421 15.643000204235028 0.1
v -10.519942048626374 14.355513425690596 0.1
v -11.466195460983462 14.949453216507347 0.1
l 2376 2377 2378 2379 2380
v -1.8885103217541537 -9.8275595305578 0.1
v -2.128056229413909 -10.242222625063853 0.1
v -2.1260410780315295 -11.111470937550367 0.1
v -1.9054721668683237 -11.61089240379281 0.1
v -1.170553352526478 -10.486223479448457 0.1
l 2381 2382 2383 2384 2385
v -4.410775779888541 11.9130446097523 0.1
v -4.134299170291259 12.310817009145074 0.1
v -5.035591581450323 13.070258365302891 0.1
v -4.651299224938169 13.328013397953399 0.1
v -5.426682705664195 12.523448596944117 0.1
l 2386 2387 2388 2389 2390
v 11.682635701041075 5.494036043276398 0.1
v 11.076913506521073 4.010895005478819 0.1
v 10.682969112914254 5.338780268268818 0.1
v 11.190744074304979 4.598882991577515 0.1
v 11.912041447490127 4.390299506391472 0.1
l 2391 2392 2393 2394 2395
v -12.64750826754214 3.6758493481063357 0.1
v -12.34258909755463 3.117650740755785 0.1
v -12.315441372821542 3.6597449695956343 0.1
v -11.977500832322516 2.3959054865633536 0.1
v -12.091168704398163 3.704164847921086 0.1
l 2396 2397 2398 2399 2400
v 1.673754304429759 -11.65147572219478 0.1
v 0.942789349623737 -12.65619436475548 0.1
v 0.06025584780387927 -13.098587830879785 0.1
v 1.6541024142381364 -12.8745630802983 0.1
v 0.1559892623193404 -12.931815320834518 0.1
l 2401 2402 2403 2404 2405
v 6.8595659337986135 10.64395292147164 0.1
v 6.364910001626194 9.350694516696302 0.1
v 5.653750204630954 9.672098512771218 0.1
v 6.930579295481237 10.212678663607745 0.1
v 7.188449175899663 10.737230791368306 0.1
l 2406 2407 2408 2409 2410
v 13.804525690216428 13.498672820707307 0.1
v 13.444611980540659 13.658678298483327 0.1
v 14.050555770864236 12.06747344395632 0.1
v 12.221677252284909 12.872955728346458 0.1
v 12.247101171010382 13.874232173966645 0.1
l 2411 2412 2413 2414 2415
v -8.875555222023012 14.682984542288688 0.1
v -8.48832226028583 14.109185231124208 0.1
v -7.984078520660201 13.85826632490143 0.1
v -8.111848458292815 13.974488729527799 0.1
v -8.34981199797012 13.040132716652305 0.1
l 2416 2417 2418 2419 2420
v -14.525463307728764 -12.58689070566248 0.1
v -14.783010093830018 -12.04590910951798 0.1
v -14.377124540161214 -11.704709310576666 0.1
v -12.857126514849504 -11.251335594995318 0.1
v -14.587430128193256 -11.24732807863026 0.1
l 2421 2422 2423 2424 2425
v 3.046262417349741 -13.697831435591443 0.1
v 2.1691362844484736 -13.443249279745048 0.1
v 2.082404663658524 -13.71669264141607 0.1
v 3.1901982679797234 -12.880788845812093 0.1
v 2.790688051736913 -13.574707575767064 0.1
l 2426 2427 2428 2429 2430
v -5.441537994643703 -8.254065286086547 0.1
v -4.146284733099396 -7.355612467459864 0.1
v -4.65412844712651 -8.498717014837922 0.1
v -5.587676122318021 -7.247016144223798 0.1
v -3.9822735671693623 -7.509171746460109 0.1
l 2431 2432 2433 2434 2435
v 12.348198225463134 4.337317812572177 0.1
v 12.828847551028868 4.68166811762966 0.1
v 11.504872138686242 4.734152667988882 0.1
v 13.105949686659358 5.534996112437392 0.1
v 13.026628771556274 4.334372775409715 0.1
l 2436 2437 2438 2439 2440
v 6.375753522549588 -1.5285791390007588 0.1
v 6.205746626383625 -1.9561916059521869 0.1
v 6.717255253272915 -3.2570116848905535 0.1
v 5.738741073126235 -2.7804096741617603 0.1
v 5.85328787373123 -1.606608244509001 0.1
l 2441 2442 2443 2444 2445
v 5.952762716636693 5.517466826667306 0.1
v 5.81863165083514 4.415941877212017 0.1
v 6.42226096772863 4.139668693094595 0.1
v 6.769900355737345 5.249875075194104 0.1
v 6.624389283118828 5.627995603743232 0.1
l 2446 2447 2448 2449 2450
v -3.0821587532453183 10.55362938050464 0.1
v -1.6588333556087564 10.70778058177346 0.1
v -2.855235128482638 10.864665367143088 0.1
v -2.90409178350939 9.579135830119238 0.1
v -1.590200066121328 10.099609906252901 0.1
l 2451 2452 2453 2454 2455
v -5.67904966866473 -0.09304973717947962 0.1
v -5.277537886959826 -0.3339907635855177 0.1
v -4.733947991376699 -0.6349425757300926 0.1
v -4.872279036720547 -0.629894222595657 0.1
v -6.345296671419456 0.3724173614484352 0.1
l 2456 2457 2458 2459 2460
v 9.538716995406947 6.583010868372511 0.1
v 9.031364337705991 7.109001557290731 0.1
v 8.44822394043572 5.581794908916862 0.1
v 8.834577580109213 6.896855511273413 0.1
v 10.272417168402082 6.848899897818216 0.1
l 2461 2462 2463 2464 2465
v 5.409340726844819 6.70786676821286 0.1
v 5.8704300494998485 6.642724962070075 0.1
v 4.8113722630820375 7.432029671541218 0.1
v 5.418848560107814 8.163878932617811 0.1
v 5.0004425542004345 7.718905087759193 0.1
l 2466 2467 2468 2469 2470
v 14.857077795290193 -9.877522450916103 0.1
v 13.3171969512703 -10.196927597959183 0.1
v 14.589224588392977 -9.67507823344653 0.1
v 14.913602389790189 -9.243741020139518 0.1
v 14.367449323025662 -9.926588654169239 0.1
l 2471 2472 2473 2474 2475
v -0.1731488987744636 14.908363096157156 0.1
v -0.42125150173428483 14.137469905593125 0.1
v -0.5051286637310635 14.775481897393785 0.1
v -1.1194702103033933 14.02774448643974 0.1
v 0.13203691825622443 13.819369077856576 0.1
l 2476 2477 2478 2479 2480
v -11.331348755241422 -2.316656693297464 0.1
v -10.923503894854434 -1.336813789661851 0.1
v -10.958098122788734 -0.46261217880791317 0.1
v -10.396314421419852 -2.177810809011861 0.1
v -10.752650551715579 -1.0751767119619249 0.1
l 2481 2482 2483 2484 2485
v -7.938356714177324 11.946435357033756 0.1
v -7.591388579645218 12.27595204895841 0.1
v -7.936259366225442 12.81319755951343 0.1
v -8.858435979931716 11.140952479233011 0.1
v -7.805276462657691 11.586577523832151 0.1
l 2486 2487 2488 2489 2490
v 9.086886638665998 -10.589811572961493 0.1
v 9.159072013789112 -10.026555390007701 0.1
v 10.118459935679862 -10.30005634765856 0.1
v 9.763762753613708 -9.03450016712482 0.1
v 9.328361904404659 -8.673756601139912 0.1
l 2491 2492 2493 2494 2495
v 7.098547851149917 -9.671843228848655 0.1
v 7.577125560599331 -8.615956749489051 0.1
v 7.552739956273248 -9.342949115945075 0.1
v 6.44138799517577 -8.71586939232736 0.1
v 7.820849572002295 -10.521505576993528 0.1
l 2496 2497 2498 2499 2500
v -14.842147944366928 12.2332038703352 0.1
v -15.463841960436104 12.19901097015129 0.1
v -13.87016747573077 10.498342681751243 0.1
v -13.728829870352712 10.49865030308116 0.1
v -15.04220728218786 11.60903076068077 0.1
l 2501 2502 2503 2504 2505
v -10.487039173721415 -2.111402734731331 0.1
v -11.052100375198384 -1.136487788695428 0.1
v -10.955739414983148 -0.5256414738395494 0.1
v -9.666393475225462 -1.019607863989649 0.1
v -9.676459760619023 -1.9328098423764697 0.1
l 2506 2507 2508 2509 2510
v 14.849236674742405 -12.811444257627628 0.1
v 15.237985267074594 -11.732613676676893 0.1
v 15.494288643935977 -11.10737897459548 0.1
v 14.21469324519165 -12.848091389100476 0.1
v 14.268021165131941 -11.421472979958791 0.1
l 2511 2512 2513 2514 2515
v 7.910103787573445 14.624165765522172 0.1
v 6.080732303074246 15.630485831897449 0.1
v 7.678582577119686 14.834263689369816 0.1
v 6.76028964176151 14.991645515285501 0.1
v 6.465972331376349 15.578518080017353 0.1
l 2516 2517 2518 2519 2520
v -2.1133743579842665 -7.150972074158814 0.1
v -1.916805203195058 -8.699130545400603 0.1
v -1.0963299153899593 -7.0573804268490115 0.1
v -1.3509323739452617 -7.348219952518943 0.1
v -1.6736487017799437 -8.52911355300009 0.1
l 2521 2522 2523 2524 2525
v -11.554955752335932 -4.379879617703751 0.1
v -11.25800923511755 -4.972587058071859 0.1
v -11.477402392221192 -4.178757681797119 0.1
v -11.541371698243765 -5.782428179466783 0.1
v -11.329483935557615 -4.482832261650268 0.1
l 2526 2527 2528 2529 2530
v -5.65643419102882 -0.8792136872796339 0.1
v -4.91615611349541 -0.11665043735025149 0.1
v -4.525275143299419 -0.5100834118906377 0.1
v -4.8851525522221575 0.6061867085354546 0.1
v -5.809540702525585 0.27092709256874903 0.1
l 2531 2532 2533 2534 2535
v 10.622214035318555 -8.44922165143802 0.1
v 10.925566521642173 -7.693383343265463 0.1
v 9.719291523009282 -7.037352993192506 0.1
v 11.484529895982778 -8.326646296122219 0.1
v 11.414490578719489 -8.727198474987361 0.1
l 2536 2537 2538 2539 2540
v -2.728608492864935 -0.28357635768691214 0.1
v -3.812332114366855 -0.40619554930500135 0.1
v -2.927448096699225 -0.8140063535289139 0.1
v -3.2091312389416866 -0.2924648846492153 0.1
v -2.341358943855418 -0.48712722995688873 0.1
l 2541 2542 2543 2544 2545
v -11.694819268802316 -14.656340630631426 0.1
v -12.790842917115437 -15.481525220675348 0.1
v -11.516378729585924 -13.914096977589592 0.1
v -11.407805828828709 -13.823582631790588 0.1
v -11.677523137840053 -15.30053109356945 0.1
l 2546 2547 2548 2549 2550
v 4.934906112899094 -12.021706329133693 0.1
v 6.168337535811896 -10.885092124383167 0.1
v 5.226412355146904 -12.08483917989692 0.1
v 4.921530920435361 -12.408433975014958 0.1
v 4.647672521709782 -11.574338306100126 0.1
l 2551 2552 2553 2554 2555
v 8.26212832435451 -11.391990799865761 0.1
v 7.555149812230145 -11.731749673879188 0.1
v 7.401907646384561 -12.359617422316784 0.1
v 8.795966332490183 -11.511379301678097 0.1
v 9.006473254018406 -12.85052763082092 0.1
l 2556 2557 2558 2559 2560
v 2.841226147051345 11.852238265566523 0.1
v 3.143209957669942 13.415181884994546 0.1
v 4.595400474514068 12.638446007210582 0.1
v 4.144939468585021 11.817812450310385 0.1
v 3.2032874019068025 11.901663424894757 0.1
l 2561 2562 2563 2564 2565
v -8.085794637766972 9.221529996246334 0.1
v -7.80250020241218 9.234915124631804 0.1
v -6.70983645221425 10.702046704623754 0.1
v -7.964564860447146 9.459781992819568 0.1
v -7.026364003719106 9.978934922641628 0.1
l 2566 2567 2568 2569 2570
v 0.03480009703080067 -5.120672278939284 0.1
v 0.2795024252454168 -5.143547351670421 0.1
v 0.4070548353755843 -5.32808469797768 0.1
v 0.5720842333254592 -4.489250322071461 0.1
v 1.2172028471137526 -5.240022943192264 0.1
l 2571 2572 2573 2574 2575
v 1.1344446494854166 -3.8438809058705683 0.1
v 0.11371690836298831 -3.302035919942299 0.1
v 0.8551411894980674 -3.1386165280458425 0.1
v 0.6389005169183597 -2.250375140049921 0.1
v 0.981104556819423 -3.634709864243988 0.1
l 2576 2577 2578 2579 2580
v -0.5405326202870913 -1.6296734773415116 0.1
v -1.8483561374326838 -0.8465092073499845 0.1
v -0.5273251434301891 -1.3198615812248011 0.1
v -1.5645398836987383 -2.088891189989301 0.1
v -1.8172433213422219 -0.8107697338897686 0.1
l 2581 2582 2583 2584 2585
v 7.004097769800454 -13.14966939160797 0.1
v 6.454848310345169 -12.94972405633504 0.1
v 6.2815572647465565 -12.772257234841861 0.1
v 6.2315682305075395 -12.142290749659567 0.1
v 6.253118484520019 -12.100214635201354 0.1
l 2586 2587 2588 2589 2590
v -1.6723621583653883 -1.6986415677238478 0.1
v -2.9203989288339827 -1.689934799275104 0.1
v -1.9193169134578976 -1.7488577078855652 0.1
v -2.176200986108525 -1.0649146132825167 0.1
v -2.8334968605392867 -1.6594152029274711 0.1
l 2591 2592 2593 2594 2595
v 11.693070738239143 5.818874540480568 0.1
v 10.776477807191464 5.07191609608426 0.1
v 9.985270871269515 4.716425131125355 0.1
v 11.191732411601754 5.351048452132364 0.1
v 11.403901037055483 4.5099567428917835 0.1
l 2596 2597 2598 2599 2600
v 6.650009131462342 -2.4153441618175044 0.1
v 5.607615742623409 -3.2157091610544435 0.1
v 6.574780388675813 -2.055101414990498 0.1
v 6.835693029163311 -3.8544280222416765 0.1
v 5.727283276658931 -2.8244932680258596 0.1
l 2601 2602 2603 2604 2605
v -11.23338545132872 6.551232216423339 0.1
v -11.543793680868376 7.711229396822542 0.1
v -10.31690488633199 7.133700757528563 0.1
v -12.000514646892283 6.822490622746054 0.1
v -11.38993732123187 6.91123831910954 0.1
l 2606 2607 2608 2609 2610
v -1.1313185322836996 -3.2589528200448465 0.1
v -2.161696707840454 -3.6551049656387566 0.1
v -1.4186244259198093 -4.926430802625045 0.1
v -1.6099036162888916 -4.659598839568833 0.1
v -2.7566712437962972 -4.073162230320516 0.1
l 2611 2612 2613 2614 2615
v 5.727199575482906 -4.604273479892055 0.1
v 6.260052764897496 -4.370892375801042 0.1
v 5.677214909960709 -5.871752032373205 0.1
v 6.245291577976349 -5.8726259871271544 0.1
v 6.276653399668147 -4.381037580772678 0.1
l 2616 2617 2618 2619 2620
v 7.881133443710835 -6.348748383451277 0.1
v 8.474947593670993 -7.260367156522992 0.1
v 7.821671584235834 -5.945017895958278 0.1
v 8.725990130551843 -5.787096041302601 0.1
v 8.058843062198983 -7.184673197506952 0.1
l 2621 2622 2623 2624 2625
v 13.367545944764332 8.116774690982313 0.1
v 14.730624494027985 8.567407721986172 0.1
v 14.54199856875726 8.217364752235632 0.1
v 13.414139048428789 9.080318183346412 0.1
v 15.287943137347016 8.252528226542477 0.1
l 2626 2627 2628 2629 2630
v 13.14359246266184 0.6389531065891423 0.1
v 12.912955420952398 -0.39776706455507815 0.1
v 12.135665955944697 0.6374099823723605 0.1
v 12.766860592218142 0.1935151797979846 0.1
v 12.537898370543262 0.4274285276555778 0.1
l 2631 2632 2633 2634 2635
v 2.9137232362156587 -12.083204973288039 0.1
v 3.393340100339082 -11.908809892976686 0.1
v 3.704126644194984 -13.52054726321983 0.1
v 2.489654789214878 -12.720547650354117 0.1
v 3.5307746055741838 -13.42694306063403 0.1
l 2636 2637 2638 2639 2640
v 4.546382320533562 -13.54362763535238 0.1
v 4.489207284579739 -12.152768481857926 0.1
v 5.001154182411955 -13.299218936098798 0.1
v 5.784266157011305 -12.890547200829523 0.1
v 4.2998764796732685 -12.21784041545172 0.1
l 2641 2642 2643 2644 2645
v 7.1422552368863546 -12.57675025732538 0.1
v 6.875993037838169 -13.23305706197485 0.1
v 7.377629233355207 -12.264130659201046 0.1
v 7.392595297608628 -12.646673303474332 0.1
v 6.073137726802177 -12.428909668374882 0.1
l 2646 2647 2648 2649 2650
v 3.3779430452636765 -11.559498273612043 0.1
v 2.105946578201838 -10.676969731447324 0.1
v 1.742033579660753 -10.70303841105066 0.1
v 2.433607311468115 -10.269754265567538 0.1
v 2.6113900966831523 -10.67847708242511 0.1
l 2651 2652 2653 2654 2655
v -1.9611749703803494 -12.619751902353613 0.1
v -3.4295753356537215 -12.311010779102146 0.1
v -3.2919958900501056 -11.713713897181593 0.1
v -2.457372103538315 -12.411278673990159 0.1
v -3.8707247401393037 -12.809729911410262 0.1
l 2656 2657 2658 2659 2660
v 9.563263913908841 8.571991001892954 0.1
v 9.85871489727899 9.275244435822014 0.1
v 8.972505849690439 8.197555466536517 0.1
v 9.941803647339704 9.106120414427346 0.1
v 9.055962373289402 8.579871975217234 0.1
l 2661 2662 2663 2664 2665
v 12.443014365207887 3.9252138931394156 0.1
v 13.424474264755407 4.631565349797164 0.1
v 12.368935975595866 4.161666927243779 0.1
v 13.275151181473912 4.017397883880009 0.1
v 13.75639794734123 2.7776153848321505 0.1
l 2666 2667 2668 2669 2670
v -5.925895596812952 -4.173521190305495 0.1
v -6.305415720447339 -5.247636775256322 0.1
v -6.462407783449654 -5.344311566575151 0.1
v -6.773039547556717 -5.346416756689603 0.1
v -6.502871190854856 -5.136611788607594 0.1
l 2671 2672 2673 2674 2675
v 8.654529399722168 8.963910025163303 0.1
v 9.773141668651872 8.697863213286375 0.1
v 9.377368610486322 8.64567418564548 0.1
v 9.482768308417205 9.1909959262985 0.1
v 9.611102177841001 8.693869932447008 0.1
l 2676 2677 2678 2679 2680
v 5.4958569398968695 8.491420783008586 0.1
v 4.695958589022012 8.058631963406224 0.1
v 5.805317241223454 9.061050626823667 0.1
v 4.797286558244998 8.15025575989533 0.1
v 5.767901484721622 8.535201591360792 0.1
l 2681 2682 2683 2684 2685
v 12.960530406966436 -5.373692678740728 0.1
v 13.75546329957771 -5.236858304689129 0.1
v 13.946840657422232 -5.246226650082164 0.1
v 13.498066358116194 -4.04821868490934 0.1
v 12.326956017550788 -3.9533976141846154 0.1
l 2686 2687 2688 2689 2690
v 7.608037713690689 -1.0014037197614518 0.1
v 8.846433404270577 -1.166897298693986 0.1
v 7.415995046798697 -2.6538906505229702 0.1
v 8.574173846074338 -1.2195269666815303 0.1
v 8.40524056107367 -2.091956656535872 0.1
l 2691 2692 2693 2694 2695
v 13.472488650157157 5.220036180026021 0.1
v 13.958803485863427 5.061588164676313 0.1
v 12.914657463305183 5.576229745235857 0.1
v 14.64638081429284 5.813514352882037 0.1
v 13.857074465980187 5.109050012461467 0.1
l 2696 2697 2698 2699 2700
v -11.722230240505425 -15.873274927197983 0.1
v -13.147176624375515 -15.38295821404134 0.1
v -12.127949929559044 -15.055220022113396 0.1
v -13.114253153575968 -15.401943296348177 0.1
v -11.925295425138781 -15.14297977259565 0.1
l 2701 2702 2703 2704 2705
v -6.586882038395162 4.47460303118859 0.1
v -6.369923554106663 4.230136010985104 0.1
v -7.25825668361265 3.628596323479413 0.1
v -6.450057957517236 3.969185544085833 0.1
v -6.261405387600687 4.569333048616486 0.1
l 2706 2707 2708 2709 2710
v -13.383596912099684 -10.408666182477099 0.1
v -13.462500017152761 -10.094232770639927 0.1
v -13.167598351085841 -9.95509574601704 0.1
v -13.69875864098934 -10.1177313631348 0.1
v -13.693932935307982 -10.613363099722497 0.1
l 2711 2712 2713 2714 2715
v 11.316594498257771 -8.800454226137388 0.1
v 10.002708578936797 -8.872207300195841 0.1
v 10.730515819444049 -8.295569105807088 0.1
v 10.20300041933789 -7.632694911035858 0.1
v 10.696403545742722 -8.408994707986576 0.1
l 2716 2717 2718 2719 2720
v 2.4954455640962587 -1.6743190566806356 0.1
v 2.53498896120855 -0.35725877339421164 0.1
v 2.4368576078016075 -0.006071306089743933 0.1
v 2.208605924385664 -1.72355449103493 0.1
v 1.4442873787365977 0.026422043972344378 0.1
l 2721 2722 2723 2724 2725
v -4.733600676088695 -7.608859423914539 0.1
v -4.8346492147425995 -6.063209218639022 0.1
v -4.34201006634237 -6.330848864773291 0.1
v -4.602358404573196 -6.120397426655723 0.1
v -3.5073541528708745 -6.519357507628589 0.1
l 2726 2727 2728 2729 2730
v 12.250445867475273 13.509202103158868 0.1
v 10.717660111398107 14.238538774933842 0.1
v 11.496554088257653 14.54750768493853 0.1
v 12.510075801784872 14.826701860377712 0.1
v 12.340456163034393 14.970402901264789 0.1
l 2731 2732 2733 2734 2735
v -3.483883641434093 -13.221794030249667 0.1
v -4.336173136160275 -12.46264933659992 0.1
v -4.203768733258211 -12.73606215563516 0.1
v -3.229837940317668 -12.783326473478592 0.1
v -4.073494814882876 -12.523820601931423 0.1
l 2736 2737 2738 2739 2740
v 10.167578326564609 14.239825926087464 0.1
v 11.099069220830986 13.672702086005204 0.1
v 11.295883085019804 13.539535214548541 0.1
v 9.670847369674192 13.242827253679883 0.1
v 9.908130104188134 12.985266548633467 0.1
l 2741 2742 2743 2744 2745
v -7.930985611734482 4.067906336313489 0.1
v -8.717925502500986 4.142174509457445 0.1
v -9.51461937957472 5.504264689855905 0.1
v -9.697152692228194 4.665140570299173 0.1
v -8.18988475860366 4.969727983599636 0.1
l 2746 2747 2748 2749 2750
v -15.697718465381447 2.1416464511255513 0.1
v -14.835391906618437 3.3055964837227334 0.1
v -15.08967472939253 1.4910279238152089 0.1
v -14.728468807974089 2.0602571729064967 0.1
v -15.180830377365515 1.7695786153230135 0.1
l 2751 2752 2753 2754 2755
v -13.149557536514449 2.2586054565459075 0.1
v -11.824134383131861 1.844025078463352 0.1
v -13.313116642127476 3.061633431104294 0.1
v -13.306581913043667 1.220660982851918 0.1
v -12.094667888290694 2.1760171703462623 0.1
l 2756 2757 2758 2759 2760
v 11.77742922954312 -12.933072500938302 0.1
v 11.238275973790758 -12.102319216781568 0.1
v 10.979021939128911 -12.691361159848501 0.1
v 12.055212166823852 -12.4532170020927 0.1
v 12.148194158247422 -12.076865130772775 0.1
l 2761 2762 2763 2764 2765
v -3.1507030486380847 0.30925454900559246 0.1
v -3.6413044756234996 1.5374838128814787 0.1
v -3.852038836170614 1.9280533454459343 0.1
v -3.3275845414670524 1.5153761493280953 0.1
v -2.880374243958591 0.7613389802345665 0.1
l 2766 2767 2768 2769 2770
v -8.559451922311927 -3.238719571055821 0.1
v -9.026583624904651 -2.547913003487496 0.1
v -8.322301033465276 -3.596089316520395 0.1
v -8.819388789453978 -3.8174727701315123 0.1
v -7.910634991057708 -3.7858746798048823 0.1
l 2771 2772 2773 2774 2775
v 10.72817260364827 -12.488730079466325 0.1
v 9.092001691449251 -13.039715353085255 0.1
v 10.65860372440581 -11.799047665436797 0.1
v 8.844140578084675 -11.890067445040241 0.1
v 9.648307495688734 -12.096488739289704 0.1
l 2776 2777 2778 2779 2780
v -2.876803781538041 1.0969821525300065 0.1
v -3.110098329280053 -0.011732655744869591 0.1
v -3.0736020824941166 1.2953988728689305 0.1
v -2.7661485295093593 1.574514589425653 0.1
v -3.3738233683533743 1.6343397678121427 0.1
l 2781 2782 2783 2784 2785
v -9.069949381683806 -7.649361594566564 0.1
v -10.02609328836744 -7.419458868328075 0.1
v -8.72392679222844 -7.641589280610413 0.1
v -9.219983462226352 -8.26839808503718 0.1
v -8.284478427260733 -9.02042786903091 0.1
l 2786 2787 2788 2789 2790
v 1.9537146599336896 0.3315997017570338 0.1
v 2.2487879540780717 1.3496794440133728 0.1
v 2.0377480882137844 1.2584941385943036 0.1
v 1.3669072792847567 0.5872050504236499 0.1
v 2.7903765695057627 0.19534982556412106 0.1
l 2791 2792 2793 2794 2795
v 14.622485529068808 1.4483782086957073 0.1
v 14.204471674738082 -0.1325460984192255 0.1
v 13.185138600592794 0.48510086304418554 0.1
v 13.389283755886941 0.48147698005391204 0.1
v 13.575649447436668 0.012744805111669866 0.1
l 2796 2797 2798 2799 2800
v -5.80779195088601 5.0452927395936635 0.1
v -5.549693756167476 4.0855321964711715 0.1
v -6.206999272136484 4.201973821867339 0.1
v -4.7518205170312395 3.541086381766485 0.1
v -5.272441115757076 4.461061048059916 0.1
l 2801 2802 2803 2804 2805
v 2.032737840152461 5.980302103086684 0.1
v 1.6926987896190866 5.9743902301721885 0.1
v 0.834685810973478 6.108163834373815 0.1
v 2.005736722592763 5.799147471534397 0.1
v 0.6146730007474133 6.260813701397463 0.1
l 2806 2807 2808 2809 2810
v 10.11743126944981 -14.64263428938358 0.1
v 11.251628650033076 -13.845486538399184 0.1
v 10.333129274497608 -13.684953130339995 0.1
v 11.472856508616038 -14.153940543411501 0.1
v 11.043616680930205 -14.5539204562415 0.1
l 2811 2812 2813 2814 2815
v 0.7584550498227527 -12.503849788222565 0.1
v 0.6250749335682646 -11.633162983051943 0.1
v 1.2914052838757188 -11.39879690817501 0.1
v 0.20809084640326048 -12.545303901906708 0.1
v 0.8135301119103693 -12.309017589829935 0.1
l 2816 2817 2818 2819 2820
v -7.878102464025664 -11.439939864118351 0.1
v -9.476137469683222 -11.560532664802578 0.1
v -7.883945697145385 -11.934159243421307 0.1
v -8.318194276184215 -11.498695617348373 0.1
v -8.843040623039284 -10.666191726336 0.1
l 2821 2822 2823 2824 2825
v 13.338920110355513 1.7348709457914178 0.1
v 11.497265491642057 1.8339626881570283 0.1
v 13.383568361249303 2.135445962536132 0.1
v 11.520535946418985 2.4787334857938204 0.1
v 13.06901255641664 2.3386613484554593 0.1
l 2826 2827 2828 2829 2830
v -7.426104630036043 -1.3337432004843819 0.1
v -5.897854587332749 -0.8804928273724342 0.1
v -6.903368355328212 -2.2041057628268437 0.1
v -6.833141368097333 -1.9862182799785997 0.1
v -6.2996044915804 -0.9565371627749022 0.1
l 2831 2832 2833 2834 2835
v 11.877275100554128 -8.689949072255985 0.1
v 13.009535892489964 -8.706195692799742 0.1
v 12.94086186395478 -8.767318307075461 0.1
v 13.195510988191266 -7.9202058893008775 0.1
v 13.699388176423994 -8.644452425801811 0.1
l 2836 2837 2838 2839 2840
v -8.859485920092009 9.359395513943323 0.1
v -7.505961965748724 10.394603276100314 0.1
v -7.649477023190061 9.278401125933957 0.1
v -7.699916700673448 9.905673059221161 0.1
v -8.142391025283725 10.952268199549648 0.1
l 2841 2842 2843 2844 2845
v -1.39208950440785 1.4810248941931938 0.1
v -0.7286189506213678 2.87671508004568 0.1
v -0.9680640222686034 2.8731065608785697 0.1
v -2.157894588012371 3.2603648122638766 0.1
v -0.8875732485760848 3.0369021296756085 0.1
l 2846 2847 2848 2849 2850
v -1.1106905268383407 2.247782640005643 0.1
v -0.27114880759334525 3.584606947693275 0.1
v -1.135109331959227 2.1189142504043685 0.1
v -0.38179782503580695 2.242775427674948 0.1
v -0.1950324658116267 2.1518377522103402 0.1
l 2851 2852 2853 2854 2855
v -6.939534673147284 -4.927381380834673 0.1
v -6.572492863182759 -4.98799236590941 0.1
v -6.42807597310454 -5.3693232192122595 0.1
v -7.035225027475438 -5.049492142257215 0.1
v -6.876512309884535 -5.432333340525794 0.1
l 2856 2857 2858 2859 2860
v -7.264376195733314 -7.2357248967907735 0.1
v -6.964090631939117 -8.221328016048508 0.1
v -6.887231257318293 -6.641659040728714 0.1
v -5.96767627981344 -7.132692378396839 0.1
v -5.898176167908621 -6.722829542800684 0.1
l 2861 2862 2863 2864 2865
v 7.892992447788835 -11.720869230392033 0.1
v 7.244999093169826 -11.650448085315821 0.1
v 7.68112857352002 -11.679719221024243 0.1
v 6.630027672863422 -12.324753993819577 0.1
v 6.574051392800911 -11.635277781500125 0.1
l 2866 2867 2868 2869 2870
v 2.5838657879806366 -8.35753360343696 0.1
v 2.936797330949718 -6.7953020857912225 0.1
v 1.4792413701204548 -8.058439052803887 0.1
v 1.8131278896033027 -7.922694194659632 0.1
v 1.4515481221000228 -8.320116902967566 0.1
l 2871 2872 2873 2874 2875
v 11.648754756310732 8.247079112512338 0.1
v 11.93779553723779 7.867723994594658 0.1
v 11.897932928688506 7.752200427901365 0.1
v 11.884839526430113 7.534070026301682 0.1
v 12.733851185514345 7.05397057099791 0.1
l 2876 2877 2878 2879 2880
v 6.157378519927249 -14.797257996307192 0.1
v 7.102413257521905 -14.20057753921528 0.1
v 6.919918380920353 -15.274898027657303 0.1
v 6.290702301587409 -13.97615228118069 0.1
v 6.357445714123635 -14.287484584782423 0.1
l 2881 2882 2883 2884 2885
v 0.5917940452207853 -10.083910970450866 0.1
v 1.3453579290040993 -10.391331696462696 0.1
v 0.1560300218445636 -9.670591354929467 0.1
v 0.9637681682012773 -10.048346203130567 0.1
v -0.3689707665196984 -9.730135871603414 0.1
l 2886 2887 2888 2889 2890
v -9.002170330383677 6.708326225984235 0.1
v -9.100601419061684 6.013785649272414 0.1
v -9.89474802173378 5.273602285253658 0.1
v -9.680396523994855 6.105231832639579 0.1
v -10.190377913207646 6.172489397891966 0.1
l 2891 2892 2893 2894 2895
v 8.930006387964667 -1.666557648069208 0.1
v 8.276077300232219 -1.4878483901471724 0.1
v 8.940355555433989 -0.2646201953511105 0.1
v 7.466684862188556 -1.075164541019952 0.1
v 8.953877185154301 -0.5327702876152667 0.1
l 2896 2897 2898 2899 2900
v 13.741884806284668 4.798183473865733 0.1
v 13.811955606835674 4.684861165434706 0.1
v 12.836882375825011 5.180361595586572 0.1
v 13.412715253586741 5.802451430793466 0.1
v 13.084407114743767 4.519398222646344 0.1
l 2901 2902 2903 2904 2905
v 1.3607473028528485 -7.0108952868487915 0.1
v 0.5875506701602382 -8.084181340412739 0.1
v 1.5740322615717475 -6.375353616736943 0.1
v 1.5457651213332069 -7.924487513057057 0.1
v 0.4186477142621896 -7.712025951914589 0.1
l 2906 2907 2908 2909 2910
v 8.299642298590603 -0.6155107007841716 0.1
v 6.588354385619796 -0.8216000863225215 0.1
v 6.666116451452317 -0.14427607999798098 0.1
v 7.643476337044223 -0.7584900863857549 0.1
v 7.53493826017089 -0.35498080724556647 0.1
l 2911 2912 2913 2914 2915
v 11.304039341500497 -12.169853126014697 0.1
v 11.620888854211206 -12.232300339059957 0.1
v 12.357305838321132 -12.846544592410986 0.1
v 11.597041676786873 -12.364196393853804 0.1
v 11.248173622715315 -12.688114345530533 0.1
l 2916 2917 2918 2919 2920
v 8.319425322809316 4.1740447515146855 0.1
v 8.257788898601623 3.7386510944925906 0.1
v 8.301718293756775 2.791554401220698 0.1
v 8.003961057945979 4.259360710842383 0.1
v 7.383927774665032 4.113410444911514 0.1
l 2921 2922 2923 2924 2925
v -14.67569915240044 5.074558304743918 0.1
v -14.555233313960533 5.949613655740354 0.1
v -14.518970752767695 5.000782284948766 0.1
v -14.525555473631938 5.898392763366461 0.1
v -13.850624022484169 6.015735329344601 0.1
l 2926 2927 2928 2929 2930
v 9.688727108627324 10.2406207975333 0.1
v 9.726578956974913 11.606318844532078 0.1
v 10.109316530605591 11.736163631916032 0.1
v 9.732628053311968 10.461615329819947 0.1
v 9.421950273600457 11.172190069034004 0.1
l 2931 2932 2933 2934 2935
v -8.939991346991933 -4.741448560011854 0.1
v -7.572246704005403 -4.018282895662562 0.1
v -8.327632919024257 -4.213786887953026 0.1
v -8.61042593863897 -3.9398183025685745 0.1
v -8.376649372061497 -5.004965874642156 0.1
l 2936 2937 2938 2939 2940
v -3.818182267974742 -13.626432156226972 0.1
v -2.8028656070357805 -12.832433749661716 0.1
v -4.405436715016843 -12.608357671077124 0.1
v -2.914101696382355 -13.519173846457141 0.1
v -2.7901056078124795 -12.926686083623995 0.1
l 2941 2942 2943 2944 2945
v -3.8214495460627447 5.865016633443652 0.1
v -3.0274706887013907 4.956564561694509 0.1
v -2.9581547734606675 5.136975141449862 0.1
v -2.998957769120205 6.317852863476531 0.1
v -3.324526708880599 5.710267043649379 0.1
l 2946 2947 2948 2949 2950
v -11.707599030868625 -10.804634518810452 0.1
v -11.816169688829088 -11.79765233802083 0.1
v -11.688995375819134 -11.227679290659129 0.1
v -12.148417535649587 -10.377499452423276 0.1
v -12.308857491258841 -11.24618941420658 0.1
l 2951 2952 2953 2954 2955
v 13.803200677526439 8.644561984795049 0.1
v 14.520127231814126 9.69728438898114 0.1
v 14.433153798858816 9.560208133891294 0.1
v 13.799276376841561 8.3871952565953 0.1
v 14.051056430384161 8.275444616595706 0.1
l 2956 2957 2958 2959 2960
v 10.116795400596656 -0.16053219116729855 0.1
v 11.809667279973144 1.0004821263913433 0.1
v 11.244750335172736 -0.3612922886400689 0.1
v 11.369901671796466 -0.2875687555084103 0.1
v 10.083711735833994 0.11746697712918053 0.1
l 2961 2962 2963 2964 2965
v -1.8454236079293231 11.194911710629894 0.1
v -1.622311445295273 10.871740897779295 0.1
v -1.2358176714761344 12.215157164113814 0.1
v -2.2723127627894097 12.53107806257425 0.1
v -1.6040616444276294 12.30696607321582 0.1
l 2966 2967 2968 2969 2970
v 6.567858396274821 0.8653963297329899 0.1
v 7.817485579411381 0.24444206820901604 0.1
v 7.320499908053511 0.01124439513896136 0.1
v 7.138299654476249 0.15059887586979936 0.1
v 6.421430443691377 0.9141456471641061 0.1
l 2971 2972 2973 2974 2975
v -6.919149143313968 -9.782462656799785 0.1
v -6.527791911473604 -10.213509660578833 0.1
v -6.4340765577074785 -9.332772036734104 0.1
v -6.26517625578719 -10.352965146058049 0.1
v -6.10655506010174 -9.647063059894615 0.1
l 2976 2977 2978 2979 2980
v 2.586256236240962 -13.310331517646159 0.1
v 3.119120091416228 -13.53590151859621 0.1
v 3.0635984859331957 -13.859832594393282 0.1
v 2.942672126204854 -13.25932374871981 0.1
v 2.251619550117402 -12.385535039851058 0.1
l 2981 2982 2983 2984 2985
v -6.738950898444129 -14.73790452976601 0.1
v -6.842212902126968 -14.515070893501198 0.1
v -7.974210248210768 -12.912076058692636 0.1
v -7.045033488082739 -13.387210318664941 0.1
v -7.155617538266769 -12.993285749037007 0.1
l 2986 2987 2988 2989 2990
v -0.8120507031414159 10.183747887432661 0.1
v -1.385411640210904 9.664394524634998 0.1
v -1.189849517090407 11.039764606899649 0.1
v -1.2164093075006834 10.51602993087299 0.1
v -0.6198269950385096 10.685742274122685 0.1
l 2991 2992 2993 2994 2995
v 10.389034750510667 13.633600733683187 0.1
v 10.12795967154811 13.700039649371835 0.1
v 10.665287403612638 14.419464700375237 0.1
v 10.262655657603002 15.216186600028475 0.1
v 10.558633343694046 13.922330686213378 0.1
l 2996 2997 2998 2999 3000
v -5.308017015313106 -13.62637009002406 0.1
v -4.930436139658395 -12.861260815114703 0.1
v -4.786626478171232 -12.034063310786573 0.1
v -5.74311895840295 -12.295485537226186 0.1
v -5.994785073496374 -12.060196008176485 0.1
l 3001 3002 3003 3004 3005
v -6.647770177115082 -3.269895400996928 0.1
v -6.204699459721211 -2.236138237717573 0.1
v -7.871440168249927 -3.0439883097686327 0.1
v -6.43597725736356 -2.473204232420069 0.1
v -6.358353680894196 -2.925065559557631 0.1
l 3006 3007 3008 3009 3010
v -10.180943733296287 -10.386587314400538 0.1
v -8.604951521197291 -11.990005712308802 0.1
v -10.495592610610682 -10.906948691527663 0.1
v -8.605276700855796 -10.56022368944911 0.1
v -10.437562306479748 -10.321287071625093 0.1
l 3011 3012 3013 3014 3015
v 7.792945724887318 -1.1633146102847498 0.1
v 8.61450234269452 -2.383106416947035 0.1
v 8.332652098355846 -1.0151806947961168 0.1
v 8.030770570887457 -2.1201653085156886 0.1
v 7.252702101547051 -1.8631165465388528 0.1
l 3016 3017 3018 3019 3020
v -8.114663570926108 10.453154798174843 0.1
v -7.023206952742276 10.276220062235804 0.1
v -8.106743904606379 10.76030175420601 0.1
v -7.95406653813842 9.770980289700402 0.1
v -7.218501063617384 10.554329565318586 0.1
l 3021 3022 3023 3024 3025
v -5.332152591198603 -10.578261615112986 0.1
v -5.288034421787886 -9.63290757650563 0.1
v -5.3610232854887965 -10.604274183586448 0.1
v -5.498913230776883 -9.754838580489873 0.1
v -5.7355830843008535 -11.110432053709268 0.1
l 3026 3027 3028 3029 3030
v -0.01663363871685397 13.579562804498718 0.1
v -1.6913185855474615 13.018510656603397 0.1
v -0.13537715651840165 13.28004151232363 0.1
v 0.15369457815334053 13.14492067622501 0.1
v -1.3588005446555105 14.072122445588715 0.1
l 3031 3032 3033 3034 3035
v -0.46773303737954297 -13.588324743572452 0.1
v -0.377252543946343 -13.73320906607329 0.1
v 0.6681963966562807 -13.133973330983887 0.1
v 0.5267985454948345 -12.945658961667283 0.1
v 0.16315934446000013 -13.913684438229742 0.1
l 3036 3037 3038 3039 3040
v -2.8159256094282012 -11.259310008395525 0.1
v -2.9570178439531922 -11.508192256937967 0.1
v -3.633697815572651 -10.498288398224886 0.1
v -2.297475848557239 -10.619204724509991 0.1
v -2.229956658331229 -9.673066803920815 0.1
l 3041 3042 3043 3044 3045
v 3.679214144538953 -8.095602754957119 0.1
v 3.590359739155799 -7.722057800268874 0.1
v 4.897448877015359 -7.2921249877799985 0.1
v 4.554333580594721 -6.531256202769654 0.1
v 4.721698942959568 -8.214371269157795 0.1
l 3046 3047 3048 3049 3050
v 5.632993071521458 -9.849881324034488 0.1
v 5.915098242802331 -9.906765474019332 0.1
v 5.47240341449795 -10.059634544329413 0.1
v 6.546665250877755 -10.170830082728866 0.1
v 5.597349695923224 -11.074399677982147 0.1
l 3051 3052 3053 3054 3055
v -2.7977982463914475 1.2049288405980136 0.1
v -2.845104527071566 2.1982068801864756 0.1
v -4.263339558797819 2.140667438914959 0.1
v -2.6761887891969787 1.7052435169447573 0.1
v -2.76687168162383 0.8457763196872794 0.1
l 3056 3057 3058 3059 3060
v -3.159288675923208 -10.64643821862424 0.1
v -3.1614350446394552 -12.133601479329291 0.1
v -2.099350669691101 -12.320561524344214 0.1
v -1.9674670715207805 -11.03037114015082 0.1
v -2.956503364497258 -11.760397597607689 0.1
l 3061 3062 3063 3064 3065
v 4.840584047772462 8.503971112001432 0.1
v 3.8562488939232042 8.370010951034466 0.1
v 4.466173983198937 8.48406148922655 0.1
v 3.4847082623053636 8.986360737517245 0.1
v 4.662398649031414 7.182725609083471 0.1
l 3066 3067 3068 3069 3070
v -4.232372175082692 -3.9054075307501877 0.1
v -4.491294686187063 -3.01692243835212 0.1
v -4.152060549191816 -4.370452242433467 0.1
v -4.171449293948919 -4.2476781666400285 0.1
v -4.916461237550985 -3.504696021363717 0.1
l 3071 3072 3073 3074 3075
v -11.716468385545744 11.283473061842546 0.1
v -10.411387633287832 11.342334635702525 0.1
v -11.189662961082764 12.261236273084808 0.1
v -11.147284974689395 12.36672728250343 0.1
v -10.300070543629966 12.624618209785227 0.1
l 3076 3077 3078 3079 3080
v -9.264839225860905 11.524590523184296 0.1
v -9.38403461390096 10.299013347060738 0.1
v -10.11992628586759 10.1892074187539 0.1
v -10.118403409307698 10.1396279550962 0.1
v -10.37022304886626 10.334284648856908 0.1
l 3081 3082 3083 3084 3085
v -8.165160657050471 6.81463162439932 0.1
v -8.862107872240504 7.101310686877041 0.1
v -9.304927396593321 7.337198897997857 0.1
v -8.819402268829268 7.253917409260811 0.1
v -9.231963893783039 8.657084355225773 0.1
l 3086 3087 3088 3089 3090
v -13.456373500488441 10.668625631220742 0.1
v -12.075146509855404 8.808861702945086 0.1
v -13.648235921697534 9.329514374986388 0.1
v -12.277454908975068 10.003637779378463 0.1
v -13.05635283317508 10.630095109524824 0.1
l 3091 3092 3093 3094 3095
v -10.217163967316798 -4.1591094033853 0.1
v -9.137274189200735 -4.19214320174033 0.1
v -9.99314182029771 -2.5151225727010758 0.1
v -9.063588146307808 -2.379135628257639 0.1
v -9.021719130418584 -3.916614599098109 0.1
l 3096 3097 3098 3099 3100
v 14.605701955226042 9.196025018582475 0.1
v 15.326904439418243 9.820131806169105 0.1
v 15.246789408786492 9.932776610015106 0.1
v 15.158529399360956 8.9182598691085 0.1
v 15.53866470814862 9.596679306136192 0.1
l 3101 3102 3103 3104 3105
v 4.968051918838785 -6.635057253712931 0.1
v 6.251665833264696 -6.228255676110256 0.1
v 5.609585834532217 -6.029359007476735 0.1
v 6.247922066173062 -5.663921331386403 0.1
v 5.192127478785057 -5.150431420612822 0.1
l 3106 3107 3108 3109 3110
v -4.164964669417165 -1.4528763112110525 0.1
v -3.1383575822921257 -2.3749580074916192 0.1
v -2.9407798194245958 -1.249116541742951 0.1
v -3.1844218748434283 -2.856304067084838 0.1
v -2.776404117853154 -1.1764694300684326 0.1
l 3111 3112 3113 3114 3115
v 13.292144622963043 -12.202524085452486 0.1
v 14.399673932428998 -11.079335653705826 0.1
v 13.236051099793917 -11.124937031513513 0.1
v 14.756722450668324 -12.986086542520027 0.1
v 14.039147085313273 -11.818560989776895 0.1
l 3116 3117 3118 3119 3120
v 11.74871107558725 -6.895213011702199 0.1
v 11.581487383487055 -7.032950874355427 0.1
v 12.465345554093874 -6.918998176397833 0.1
v 12.026943220869178 -6.340141564602842 0.1
v 12.962436603886076 -6.359368709032061 0.1
l 3121 3122 3123 3124 3125
v -1.7760334831143374 13.183580886166455 0.1
v -0.5063254223532294 12.75180709859118 0.1
v -1.6117290595308826 12.160763456401574 0.1
v -0.3450946207502208 13.924382568016108 0.1
v -1.7486065417857133 13.883415307103911 0.1
l 3126 3127 3128 3129 3130
v -5.321516518552388 1.6386115421082255 0.1
v -4.893859009357908 2.179013584449274 0.1
v -4.763505727289075 0.5914126575852297 0.1
v -5.785090638021894 2.235752616522114 0.1
v -5.81814617770743 0.29662995254618374 0.1
l 3131 3132 3133 3134 3135
v -3.7192684933872684 8.54265306446096 0.1
v -3.3263244212920076 7.117814465340109 0.1
v -2.8107190498921133 8.448281641704567 0.1
v -3.1790470339154524 7.926772558195207 0.1
v -3.9344807388184107 7.011382002513399 0.1
l 3136 3137 3138 3139 3140
v -6.751891667935167 -6.388731479310085 0.1
v -6.906675289720866 -5.337496773896126 0.1
v -7.512517133502463 -5.769643235205182 0.1
v -7.240329104257237 -5.532778760323929 0.1
v -8.073762554855916 -5.5485182047865 0.1
l 3141 3142 3143 3144 3145
v -5.9046789733831595 -8.950624962528108 0.1
v -7.324732437224697 -8.797497450340698 0.1
v -6.7695865287208505 -9.3036469261602 0.1
v -7.474309714839642 -10.179162131062974 0.1
v -5.876082550368084 -9.507700851453215 0.1
l 3146 3147 3148 3149 3150
v 14.259236627613511 6.309705649385617 0.1
v 13.067299723660927 6.4862953641710615 0.1
v 13.348304036996545 8.142527289750168 0.1
v 13.334345649728157 7.363134707241858 0.1
v 13.438597383664568 7.936094465626703 0.1
l 3151 3152 3153 3154 3155
v -11.758545091011014 -11.080346675248098 0.1
v -11.204760820926074 -11.66070710753105 0.1
v -11.007375707027943 -10.602617277852474 0.1
v -12.692497829556553 -11.965814544840589 0.1
v -12.480174925677588 -12.264083954597108 0.1
l 3156 3157 3158 3159 3160
v -4.663158750614058 -10.006632598637141 0.1
v -4.988426700228121 -9.186273274601847 0.1
v -4.089992083080557 -9.921526274352228 0.1
v -4.101145868743722 -10.475269436344576 0.1
v -4.296452777006959 -10.000789381705566 0.1
l 3161 3162 3163 3164 3165
v -3.487579110562222 4.255348598815497 0.1
v -3.695878403474418 3.5502722063344594 0.1
v -2.3990269219729035 3.921360375711376 0.1
v -1.98084651223284 3.092972915230759 0.1
v -2.800813111034395 2.910437394418815 0.1
l 3166 3167 3168 3169 3170
v -3.490134306806599 -3.2472864804373023 0.1
v -4.06875223486887 -3.7149804955576373 0.1
v -3.044874714596837 -4.14408531252351 0.1
v -3.1699093263162927 -3.4445075900049833 0.1
v -3.5677390616744455 -2.681273138559971 0.1
l 3171 3172 3173 3174 3175
v -10.707052252337066 -8.71296634559247 0.1
v -11.716888643771675 -8.496798194764644 0.1
v -10.253451806245188 -7.661405008424999 0.1
v -11.367196000983345 -8.060451031999715 0.1
v -11.168210594255768 -8.580223406662258 0.1
l 3176 3177 3178 3179 3180
v 5.708842096297836 3.1180877074826623 0.1
v 4.230495485797847 2.398878493858116 0.1
v 5.294231586775691 1.8828885948273513 0.1
v 5.036205934392727 1.3458874741448368 0.1
v 4.400015965462835 2.343730588919225 0.1
l 3181 3182 3183 3184 3185
v 12.401444053363228 5.403067693066987 0.1
v 11.737215881874944 5.930198758591905 0.1
v 11.985521300660665 5.740192359200746 0.1
v 12.682478432014758 5.518144617751255 0.1
v 12.774052714497039 5.459584288138711 0.1
l 3186 3187 3188 3189 3190
v 11.894890111495622 15.051247173145804 0.1
v 11.498430835345799 13.675083012801188 0.1
v 12.424765650776129 13.803714561114669 0.1
v 11.314575960673766 14.163050763284609 0.1
v 12.494656930202565 15.065750768699605 0.1
l 3191 3192 3193 3194 3195
v -3.924747637645554 8.156618687228274 0.1
v -3.9290375447110533 8.361156893255798 0.1
v -3.2913726414179836 7.274404676517783 0.1
v -3.592474985839549 7.320232577950126 0.1
v -3.4409440299560226 7.6799130347746205 0.1
l 3196 3197 3198 3199 3200
v -12.350269422875144 9.539661021350899 0.1
v -13.210593974909646 8.678892096484917 0.1
v -13.191283726988098 9.741122211416837 0.1
v -12.299547099478431 7.937230300572558 0.1
v -12.561961618045501 9.00664475086062 0.1
l 3201 3202 3203 3204 3205
v -1.8092862142201904 1.090241016411101 0.1
v -1.293661580480868 0.286775207374121 0.1
v -2.28258990407779 1.8702093687686339 0.1
v -2.0452983245226815 1.579506616122546 0.1
v -0.9929544830084582 1.6035403623622972 0.1
l 3206 3207 3208 3209 3210
v 10.804729617083016 12.990844471212649 0.1
v 10.318501824329767 14.50526328256883 0.1
v 10.4573879829404 12.766638838790225 0.1
v 10.880068071922716 14.002827206094466 0.1
v 9.726046098053217 12.94148551259356 0.1
l 3211 3212 3213 3214 3215
v 3.6624664663487447 -11.223530730960041 0.1
v 4.939115973372077 -9.735967040860507 0.1
v 5.227559945794383 -11.122726996792032 0.1
v 4.440292508373039 -9.86667627857374 0.1
v 5.46697599651538 -10.656836095812626 0.1
l 3216 3217 3218 3219 3220
v -8.103224442184196 -13.200497005868868 0.1
v -8.257890289092419 -13.206281289881037 0.1
v -7.8700012652094795 -13.058667351908174 0.1
v -8.61001910913934 -13.939191020807481 0.1
v -8.590186346440113 -13.096002669190495 0.1
l 3221 3222 3223 3224 3225
v 13.586795813130898 10.295450341082592 0.1
v 14.281249459069295 11.019271809839541 0.1
v 14.108388718330497 10.572257574420728 0.1
v 13.031581587700138 11.929295854910064 0.1
v 14.211858837520024 10.785521166814064 0.1
l 3226 3227 3228 3229 3230
v 12.32893060123335 -5.88047738241473 0.1
v 12.779909702787686 -6.150882997187706 0.1
v 13.043944852585375 -5.938274670860851 0.1
v 11.58402530443141 -6.835923820828383 0.1
v 11.931055224448238 -6.366142782452848 0.1
l 3231 3232 3233 3234 3235
v 9.198193458515922 8.100250362396197 0.1
v 8.807999102053682 9.530721572333304 0.1
v 7.7969764874747565 8.818758509167816 0.1
v 8.31709892669062 7.720536661803426 0.1
v 8.42884840169178 9.405731590611257 0.1
l 3236 3237 3238 3239 3240
v 10.484502315083475 -11.229038105504808 0.1
v 9.988326706433583 -9.555677592313284 0.1
v 9.639303293130016 -10.516409708605396 0.1
v 10.212965414020784 -9.539735262982536 0.1
v 8.977817812800126 -10.496210451956523 0.1
l 3241 3242 3243 3244 3245
v -12.765855519763168 -2.871114940423916 0.1
v -13.407117060795557 -1.5304772136172808 0.1
v -14.331329700561241 -2.3950452550567745 0.1
v -12.778105407698803 -2.2583916571040556 0.1
v -14.234961422641117 -3.0260065764365813 0.1
l 3246 3247 3248 3249 3250
v 13.272819874066453 8.8964391534423 0.1
v 14.881440829929364 9.78873714616309 0.1
v 14.780470080077299 9.518668822571014 0.1
v 13.21966045136917 8.143991725216386 0.1
v 14.585174488177138 9.988283317146022 0.1
l 3251 3252 3253 3254 3255
v 4.065248651211231 -5.584194083844672 0.1
v 3.1456855926467435 -4.528873235040603 0.1
v 3.2075878321818863 -4.244029089815312 0.1
v 3.325932431925496 -5.02590107975714 0.1
v 4.3260951400181735 -4.427618689789549 0.1
l 3256 3257 3258 3259 3260
v -6.005348915860513 0.9731394187216171 0.1
v -6.215491771455775 -0.12841305967183314 0.1
v -5.62436841051526 0.3865681822485454 0.1
v -5.352111151796469 -0.5596796326088938 0.1
v -5.563570666199597 -0.39314899897762157 0.1
l 3261 3262 3263 3264 3265
v 8.056425899246305 7.950882177697931 0.1
v 7.0733277733142135 8.066642457996956 0.1
v 6.855511557760325 7.929396050084001 0.1
v 6.978230054633025 7.278172393090335 0.1
v 7.751290416453273 6.2903579320395915 0.1
l 3266 3267 3268 3269 3270
v 11.808679473292507 -7.119799581400924 0.1
v 11.302183029357895 -6.267778884754091 0.1
v 11.623372415441363 -5.757853683736673 0.1
v 12.266913713737157 -6.620309738103684 0.1
v 12.055590373511933 -5.639657428483523 0.1
l 3271 3272 3273 3274 3275
v -13.800223093003503 1.5689673802845754 0.1
v -12.858683990775745 1.4526974576889111 0.1
v -12.907778888594562 1.1349377891903878 0.1
v -14.572988284289153 1.0112349081120307 0.1
v -14.16501507690013 0.6511038911011913 0.1
l 3276 3277 3278 3279 3280
v 15.212328090338074 2.5550106130023007 0.1
v 15.077287304897359 2.8538563505969003 0.1
v 13.89746723809144 3.2379185871992844 0.1
v 13.988940203774565 2.4055983605362563 0.1
v 14.222629523127038 4.0008149912144795 0.1
l 3281 3282 3283 3284 3285
v -7.217521443954032 -5.208979041148692 0.1
v -6.734862693294778 -5.230665504144209 0.1
v -7.065523048821403 -6.467409836165416 0.1
v -6.687054730005517 -5.871941166213053 0.1
v -8.045647925536741 -6.325862154484158 0.1
l 3286 3287 3288 3289 3290
v 4.2831025105713545 13.080619200350778 0.1
v 4.4674763545802705 11.5929368499852 0.1
v 4.683184473405672 12.662325278151098 0.1
v 2.8745478829727946 12.718170146618087 0.1
v 3.320181602259882 13.408771842704281 0.1
l 3291 3292 3293 3294 3295
v 12.719179943661215 0.6679669317675678 0.1
v 11.594982626371952 1.1205801201934935 0.1
v 13.441890759312138 1.3112164888291968 0.1
v 11.939643123083439 0.4479302771227396 0.1
v 12.994717950098124 0.7809684840854252 0.1
l 3296 3297 3298 3299 3300
v 11.573017931994277 2.037046805706387 0.1
v 11.67902637148767 1.397118523484986 0.1
v 12.26504297254286 1.9694832499241532 0.1
v 11.466863360140742 1.6726581448322073 0.1
v 11.258489539544392 2.284210254728428 0.1
l 3301 3302 3303 3304 3305
v 12.626774333528614 9.320837108156892 0.1
v 12.413264666257877 10.388700570364396 0.1
v 11.52347775033914 10.343527450421348 0.1
v 12.520176309738543 9.736208906580812 0.1
v 11.716484872116308 10.507760590803949 0.1
l 3306 3307 3308 3309 3310
v -11.208783134970492 8.269863504925041 0.1
v -10.473266406592868 7.562311727820088 0.1
v -10.64930853335712 6.922138293913714 0.1
v -9.818510880032893 7.586313202933988 0.1
v -9.652500357950162 7.437228528068249 0.1
l 3311 3312 3313 3314 3315
v 5.695911169690819 0.7395647736098767 0.1
v 4.876366478262103 2.2050400425676044 0.1
v 5.138677483094433 2.3100978304724413 0.1
v 4.444081956111604 0.9098853845011337 0.1
v 6.26952961147398 1.9942030137710713 0.1
l 3316 3317 3318 3319 3320
v 2.9206003295136904 -11.66148348403699 0.1
v 4.657695346217434 -10.987257283596103 0.1
v 4.512271242344085 -10.071169821799339 0.1
v 3.0495969101280975 -10.277337689141016 0.1
v 4.585491768371289 -11.819033675498906 0.1
l 3321 3322 3323 3324 3325
v -3.8402621201564484 9.627837566038806 0.1
v -3.927661219704366 8.864938450005756 0.1
v -4.309746156651107 9.74320653453973 0.1
v -4.528204227682123 9.086514605953118 0.1
v -3.8678244709648384 9.212310259267763 0.1
l 3326 3327 3328 3329 3330
v 11.548643815433605 0.920876994061339 0.1
v 13.061397205641152 -0.3354822066935004 0.1
v 11.836831468973656 0.8847663311965064 0.1
v 12.265354118466142 1.0608326775393564 0.1
v 11.97112960378861 0.3109514820489159 0.1
l 3331 3332 3333 3334 3335
v 11.596668806667575 -2.4309149948381954 0.1
v 11.84341080116017 -2.1906252104544333 0.1
v 11.961591641624949 -1.975359832007739 0.1
v 11.715591191463231 -0.7795389356782723 0.1
v 11.560870383821062 -1.4245452221101575 0.1
l 3336 3337 3338 3339 3340
v -11.121252698511015 -10.192789813439042 0.1
v -11.036530488878672 -11.759172850514837 0.1
v -11.645138153742034 -12.128096426555016 0.1
v -11.742755402009177 -10.432733492606031 0.1
v -12.055609086597043 -11.597822551667383 0.1
l 3341 3342 3343 3344 3345
v 13.530918145573224 -1.171004193345875 0.1
v 12.573241099502368 -1.81006848025654 0.1
v 13.419479116457177 -0.6332308244430871 0.1
v 12.552070074245918 -1.6190066633624343 0.1
v 11.932706485101432 -0.6514308830734996 0.1
l 3346 3347 3348 3349 3350
v 3.8614591575013772 -12.985104758627722 0.1
v 3.9902201120395073 -14.157972360740654 0.1
v 2.9821061923412646 -14.082676099991623 0.1
v 2.1830756476900146 -13.453388671467621 0.1
v 2.7143755156705245 -12.263055461691955 0.1
l 3351 3352 3353 3354 3355
v -1.4633373302515726 12.722235828844417 0.1
v -1.4217032236299696 12.554337121741224 0.1
v -1.5979706343287474 13.755272696378132 0.1
v -1.2847929505286213 13.184425441669438 0.1
v -0.6155002498545816 13.964261494823086 0.1
l 3356 3357 3358 3359 3360
v -3.640520898277654 2.9279488667672116 0.1
v -3.8426501741074652 4.74981873489045 0.1
v -3.771561446945843 4.764159185019174 0.1
v -3.7445408375727514 3.280793751278634 0.1
v -3.097773651145167 3.85947281012702 0.1
l 3361 3362 3363 3364 3365
v 0.37253175909134706 -5.080334825628346 0.1
v -0.8546008471929065 -5.229828840795396 0.1
v -0.8386707647987941 -4.122023010947224 0.1
v -0.8548626652840008 -5.7623284438488 0.1
v -1.0251881159573282 -4.780251766436388 0.1
l 3366 3367 3368 3369 3370
v 11.049095625365181 13.666523763341326 0.1
v 12.463999485235618 12.567116590358323 0.1
v 11.309512711507516 12.791456931323841 0.1
v 11.528300091923679 13.641351424552573 0.1
v 11.629914421262749 13.376535114579655 0.1
l 3371 3372 3373 3374 3375
v 5.237455021723229 10.24545680538175 0.1
v 4.561986880984371 9.868339746802317 0.1
v 5.555015651486757 10.962205796087328 0.1
v 4.563019933753109 11.64948995384985 0.1
v 5.888289250292694 9.907426105214853 0.1
l 3376 3377 3378 3379 3380
v 4.609006240620246 -6.058425514347743 0.1
v 4.782940936521164 -6.997263446663344 0.1
v 5.549994691987226 -6.242225288832815 0.1
v 5.721520817626754 -6.1744865566148395 0.1
v 5.562070661856186 -6.809246585235871 0.1
l 3381 3382 3383 3384 3385
v -10.49503131655732 13.79406598468187 0.1
v -10.746734123506911 13.543866159888257 0.1
v -11.33007404295181 14.158859814619449 0.1
v -11.480830546424116 13.828322163880987 0.1
v -10.466164123807644 14.299884596813843 0.1
l 3386 3387 3388 3389 3390
v -7.0435850789269825 8.554195078791018 0.1
v -7.744898449325332 8.02524351777924 0.1
v -7.764294266528423 9.086673129322358 0.1
v -7.278272143437578 7.887186299230054 0.1
v -7.028645968777354 8.407745345084525 0.1
l 3391 3392 3393 3394 3395
v 4.137038731764378 11.60270977136371 0.1
v 3.8947950828170352 13.262217601526682 0.1
v 4.709280316213122 11.82279895252989 0.1
v 4.420694475050307 12.352746946980051 0.1
v 4.004092511924439 12.025721168930279 0.1
l 3396 3397 3398 3399 3400
v -3.7125633832973888 8.896237815823632 0.1
v -2.268602480947682 9.03717121385732 0.1
v -3.89866618634425 9.547079475808726 0.1
v -2.196456360683012 8.87266635500403 0.1
v -3.383346259372093 10.181342319448632 0.1
l 3401 3402 3403 3404 3405
v -7.49184647590823 0.38779682291805573 0.1
v -6.551716791416807 0.6447562424081947 0.1
v -7.4855936514123975 -0.10526951830307874 0.1
v -6.549192850325146 -0.12991298852561917 0.1
v -7.50282039360404 0.48912890093857975 0.1
l 3406 3407 3408 3409 3410
v -8.925018795637502 -9.751129830968825 0.1
v -8.417798093274815 -9.466116520254811 0.1
v -9.91286923545076 -9.32601017671448 0.1
v -9.632534101930705 -9.454738377314989 0.1
v -8.956168029116892 -8.895387078489346 0.1
l 3411 3412 3413 3414 3415
v -12.97050462271517 0.8036678986325769 0.1
v -13.29806519533568 0.11207699197679122 0.1
v -13.96419579522696 -0.5724812169405245 0.1
v -13.783764367331553 0.7101415789775452 0.1
v -13.403156224426398 0.7367461004210032 0.1
l 3416 3417 3418 3419 3420
v 7.684550261209555 5.866299276832452 0.1
v 6.564215290967865 6.664327791344509 0.1
v 7.768497896230397 7.125586453273971 0.1
v 7.513191082862754 6.483854183095277 0.1
v 7.086111222725775 6.40397460296847 0.1
l 3421 3422 3423 3424 3425
v 6.5386710670691475 -0.9551574693435525 0.1
v 7.992635171451596 -2.322824281048627 0.1
v 7.347178449672178 -1.655530685373745 0.1
v 7.966353726053463 -0.5377550361083385 0.1
v 7.828769113949321 -1.8837590945288771 0.1
l 3426 3427 3428 3429 3430
v -13.756228096662767 10.380794820927973 0.1
v -12.091766642045673 11.920820660985955 0.1
v -13.574804940994166 11.958748462780612 0.1
v -13.981111334551445 11.973272535660783 0.1
v -13.506803192661128 10.820415272788306 0.1
l 3431 3432 3433 3434 3435
v -4.620542304833273 5.089078817790133 0.1
v -4.283709238833115 5.464611877913169 0.1
v -3.8575678225405294 5.409488030561352 0.1
v -4.587559857263666 5.718424396440863 0.1
v -3.398944228695086 5.627910676484499 0.1
l 3436 3437 3438 3439 3440
v 9.457022614983261 3.617480157829952 0.1
v 9.405255796441004 4.526464667495328 0.1
v 8.846797396340147 3.673284911048455 0.1
v 9.982574119673048 4.435360446660411 0.1
v 10.567370555395911 3.772270508510857 0.1
l 3441 3442 3443 3444 3445
v -4.688539085765054 -12.505342453673784 0.1
v -5.5155083608675195 -12.301454193233624 0.1
v -5.164735971235866 -13.34888325492942 0.1
v -6.158966401864962 -13.643508237300447 0.1
v -5.728291494165964 -12.14901297259636 0.1
l 3446 3447 3448 3449 3450
v 11.72023991056715 -12.438410170604293 0.1
v 12.685145276450577 -13.076418196908595 0.1
v 11.647426888215062 -12.204348429340953 0.1
v 13.073835356229916 -11.500787699489749 0.1
v 12.978319780603966 -11.60306269152932 0.1
l 3451 3452 3453 3454 3455
v -6.715455266314018 3.4745170950929265 0.1
v -5.940881548422494 2.2795343418797236 0.1
v -7.674033674852529 2.882935401814019 0.1
v -6.053399177423284 3.746940530870931 0.1
v -5.871535555567332 2.475542634489698 0.1
l 3456 3457 3458 3459 3460
v -15.718652882425998 -4.82476810198649 0.1
v -14.396465003856406 -5.522074518379002 0.1
v -14.927203642368895 -5.442818999702425 0.1
v -13.990221320475978 -5.758093013732073 0.1
v -15.821324262513576 -5.415744422152276 0.1
l 3461 3462 3463 3464 3465
v -13.936181135522368 8.47088154371972 0.1
v -15.630489392889915 8.50097841452875 0.1
v -14.822524777171761 8.066218916960134 0.1
v -15.396928643112826 7.239356759083328 0.1
v -15.430477631280725 7.766229180985252 0.1
l 3466 3467 3468 3469 3470
v 6.739761681480161 -1.5560612099397535 0.1
v 7.016712961496763 -2.4403572000952245 0.1
v 7.692909579904472 -0.5722893485018181 0.1
v 7.406565566278044 -1.698458852313947 0.1
v 7.791242855563593 -2.2678546874607957 0.1
l 3471 3472 3473 3474 3475
v 14.736170095704411 -3.883138615964457 0.1
v 14.58479444769916 -4.825019278171608 0.1
v 13.887418440229073 -3.804468642317592 0.1
v 13.950206991705993 -4.633052870205472 0.1
v 14.240699031334334 -4.724415826767702 0.1
l 3476 3477 3478 3479 3480
v 13.463360379458246 11.24137996909563 0.1
v 12.964321719616777 10.16088251681941 0.1
v 13.246724070693178 10.954610253707154 0.1
v 12.07476331594183 11.134235963647432 0.1
v 13.298107565644036 10.108051616171524 0.1
l 3481 3482 3483 3484 3485
v 12.892733691992914 6.313562093686334 0.1
v 11.697200024933059 7.117185851330017 0.1
v 12.603295811003058 7.216427246737675 0.1
v 12.97631072901596 6.6745703348500065 0.1
v 11.542706244688816 6.091440340787637 0.1
l 3486 3487 3488 3489 3490
v -12.973436850751037 1.3421487466083635 0.1
v -14.555079979732183 2.605099674732135 0.1
v -12.854866808589104 1.169502024570574 0.1
v -13.324453079907634 0.8260557349087712 0.1
v -14.236068250557718 2.066682555187022 0.1
l 3491 3492 3493 3494 3495
v -4.739699343301314 1.08809990494476 0.1
v -3.1964549746832804 1.4547025676376322 0.1
v -3.638216129469205 1.4422232049335966 0.1
v -4.10116873550179 2.1223071906810436 0.1
v -4.44280634648346 1.3902442417295349 0.1
l 3496 3497 3498 3499 3500
v 0.9078626434093138 -8.557452367082336 0.1
v 2.1786439117728813 -8.527195803936808 0.1
v 2.169764398920779 -9.473203783075716 0.1
v 1.8160716514726944 -9.916984008937787 0.1
v 0.9944124053968233 -8.579521440472615 0.1
l 3501 3502 3503 3504 3505
v 0.6445814990017289 -4.147608470719434 0.1
v 0.900771881430035 -5.769222640867499 0.1
v 1.7324008155720771 -5.993694875067039 0.1
v 0.9500748386272513 -4.882747834477529 0.1
v 0.6965922196183028 -4.760952962003298 0.1
l 3506 3507 3508 3509 3510
v -14.984186134501261 4.3207415310799675 0.1
v -15.202175356534191 5.108376286515336 0.1
v -14.237120557148872 4.6390610702561865 0.1
v -14.58968786373845 5.22713887269608 0.1
v -15.426885185258723 4.07497099564659 0.1
l 3511 3512 3513 3514 3515
v -7.676840417719251 0.3564346969415142 0.1
v -6.992007043832302 0.5642931380223455 0.1
v -7.850284475047403 0.24719136814220843 0.1
v -6.355928704216449 -0.14779696831992784 0.1
v -6.0579547656750306 -0.28122136593619973 0.1
l 3516 3517 3518 3519 3520
v 13.659125635339185 -6.802601741736758 0.1
v 12.627261591975067 -5.764213596464 0.1
v 13.11063071662474 -5.882814820449822 0.1
v 12.729050964648243 -7.477941021702059 0.1
v 13.684426869239838 -6.821815188817959 0.1
l 3521 3522 3523 3524 3525
v -7.248769689229977 -11.055378998491445 0.1
v -6.9292789817656315 -9.972801777859255 0.1
v -7.343055198531572 -10.001219046843214 0.1
v -6.355593068807437 -11.301194470963148 0.1
v -5.887444748095829 -10.806952864823813 0.1
l 3526 3527 3528 3529 3530
v -15.129307047144795 2.427972610066904 0.1
v -14.796634823776774 1.376226171739518 0.1
v -14.266605730563384 1.7844096916783891 0.1
v -13.8616772835134 1.6523355937891255 0.1
v -14.394487986653532 2.7220457980492903 0.1
l 3531 3532 3533 3534 3535
v -11.28145992467099 7.484745395147915 0.1
v -11.2261526585454 7.585385665440747 0.1
v -9.817387278221979 8.430262949792889 0.1
v -9.34177430149991 6.550188625915972 0.1
v -9.338919334745915 6.959533417271998 0.1
l 3536 3537 3538 3539 3540
v 0.2387487893822895 11.317210415166722 0.1
v 1.146197905867583 12.166235189440341 0.1
v -0.13614158479304028 11.424711344718244 0.1
v 0.3074808120835091 11.626358651494526 0.1
v 0.1288959657587383 11.34742141656242 0.1
l 3541 3542 3543 3544 3545
v -0.7202133749735751 -3.0998210167779803 0.1
v -0.27260281259047003 -3.766806149567789 0.1
v 1.1502636350051267 -3.2140196666647456 0.1
v 0.5994087407292343 -3.563401906958859 0.1
v 0.558167311180809 -3.6289457964969545 0.1
l 3546 3547 3548 3549 3550
v -5.553923111092336 -13.316644944708559 0.1
v -4.7833845488722195 -12.851321177407756 0.1
v -6.035574874252088 -13.20747265866918 0.1
v -6.506929462608772 -13.403268203429347 0.1
v -5.2938339547956845 -13.891223100367586 0.1
l 3551 3552 3553 3554 3555
v -5.785462947934065 -8.81943918784621 0.1
v -6.522298796510476 -9.330109859193378 0.1
v -7.260809043296984 -10.443506174428904 0.1
v -6.112780891502807 -9.161106302712868 0.1
v -6.6820415500646835 -9.927643905678215 0.1
l 3556 3557 3558 3559 3560
v 8.384458589973786 -7.470045301626331 0.1
v 9.690058215678913 -8.078378380818394 0.1
v 8.926127112189368 -7.225770586671872 0.1
v 9.507290921359326 -8.416079767885835 0.1
v 8.460688601455791 -7.579747686310836 0.1
l 3561 3562 3563 3564 3565
v 8.36715159697145 -8.683870455096603 0.1
v 9.583443214089359 -9.680747229624666 0.1
v 7.831032000378879 -9.931339044174239 0.1
v 7.638745360292946 -8.455405439428521 0.1
v 9.35964010290616 -8.684377470514914 0.1
l 3566 3567 3568 3569 3570
v -12.524660706764708 -2.9497060472888577 0.1
v -11.179121701760529 -3.791203533287276 0.1
v -12.307167524635743 -2.702110079960602 0.1
v -12.607003465133001 -3.2727665147825418 0.1
v -11.023601869569182 -2.012998468745174 0.1
l 3571 3572 3573 3574 3575
v -6.230128828527361 7.023483828753076 0.1
v -6.352616846936323 7.574206297486414 0.1
v -6.72406188520469 6.3563337466927585 0.1
v -6.266901904642459 6.1902198656228835 0.1
v -5.648699247217703 7.062999451831871 0.1
l 3576 3577 3578 3579 3580
v 8.216175086631177 -12.445575252169697 0.1
v 7.802405566390345 -10.865367597011483 0.1
v 7.251190035726284 -11.577718751922244 0.1
v 7.212207325853585 -11.627648174603966 0.1
v 7.3558245715184185 -11.655342397202821 0.1
l 3581 3582 3583 3584 3585
v -11.723429482601102 11.703130561779707 0.1
v -13.356124511872368 12.703417888990154 0.1
v -12.15327827600577 12.057492111601318 0.1
v -11.71714637072221 12.56818183771539 0.1
v -12.434438593943458 13.40070061703479 0.1
l 3586 3587 3588 3589 3590
v 3.617071719755524 12.420543575520846 0.1
v 4.181149162196331 13.295036648902142 0.1
v 3.2972686809048075 12.544824048862793 0.1
v 3.3535104093757804 12.312319385269538 0.1
v 3.9446091725154293 13.450067269126526 0.1
l 3591 3592 3593 3594 3595
v 6.7541075252096645 -0.1994454660836924 0.1
v 5.741174579046183 -1.7436710090406808 0.1
v 5.994484530515749 -1.738116202500641 0.1
v 5.89007178449855 -0.9486736049694844 0.1
v 7.104933934571576 -1.1041902327676256 0.1
l 3596 3597 3598 3599 3600
v 14.057311357686348 -0.9621885373928354 0.1
v 14.470274164682358 -0.7202215697588974 0.1
v 13.616839396790715 -1.527559828224599 0.1
v 13.38374697732845 -1.3284993698329575 0.1
v 13.594761790579955 -0.14097358510190894 0.1
l 3601 3602 3603 3604 3605
v -4.422277088293756 -13.5368918098659 0.1
v -3.8344204655211747 -13.898334030967266 0.1
v -3.3680471164699997 -13.419441623832817 0.1
v -3.3519354974802593 -13.566600364049133 0.1
v -3.077168526275858 -13.897244966555691 0.1
l 3606 3607 3608 3609 3610
v 10.648918917899584 -4.314373304850314 0.1
v 9.013376947351682 -5.426641583963181 0.1
v 10.002841591304048 -5.365695789559941 0.1
v 8.98818965447112 -5.558922770219818 0.1
v 9.674801784968805 -4.770281696780803 0.1
l 3611 3612 3613 3614 3615
v -6.289581398223351 -10.953106907346038 0.1
v -7.945016816732409 -11.405830639273903 0.1
v -6.318189702007963 -10.490361548010544 0.1
v -8.107255133421708 -11.446781175970937 0.1
v -7.828605478071502 -10.389496729780445 0.1
l 3616 3617 3618 3619 3620
v -0.4028035671953438 3.705475514269935 0.1
v -1.5520801613267752 2.912126044981107 0.1
v -0.5997974001050017 2.2184890777662156 0.1
v -0.983239978323118 2.502467710086213 0.1
v -1.036665464178779 2.766634363016225 0.1
l 3621 3622 3623 3624 3625
v 7.052015495769888 -14.128574998740445 0.1
v 7.325341910474493 -15.572388981216747 0.1
v 7.94702993252757 -14.260250565281819 0.1
v 8.15212727614932 -14.09686611831209 0.1
v 8.418900310044378 -14.196997078263687 0.1
l 3626 3627 3628 3629 3630
v 9.63585362937051 -1.0015051308375615 0.1
v 10.539528678057465 -1.6058629570809806 0.1
v 10.556417878596113 -2.6468038805684566 0.1
v 9.815337113358432 -2.0411250714302436 0.1
v 9.843630977762654 -1.66617606191845 0.1
l 3631 3632 3633 3634 3635
v -3.73898583068961 -12.471525120670176 0.1
v -4.582055546663774 -13.913291657385892 0.1
v -3.055088730873852 -14.126802337455207 0.1
v -3.712564587719749 -14.156727108578947 0.1
v -3.5598107173160463 -12.25333193086211 0.1
l 3636 3637 3638 3639 3640
v 12.40197232594882 7.291166060968124 0.1
v 12.760011038946342 8.443443931083245 0.1
v 12.119978582026997 6.701104705754812 0.1
v 13.098720269758406 7.847055561825985 0.1
v 12.39554122520226 7.082833612595868 0.1
l 3641 3642 3643 3644 3645
v -10.089407486184758 -0.02912776222142921 0.1
v -9.632432107379188 1.0207199216090872 0.1
v -9.349900544516796 1.7599699545513727 0.1
v -9.969149629405774 0.40530453664475186 0.1
v -8.695544428423462 0.9118680528825163 0.1
l 3646 3647 3648 3649 3650
v 10.095193949484756 -1.9948567563476303 0.1
v 10.566602988458715 -2.4532159442293917 0.1
v 9.98147694691424 -2.5146740537605226 0.1
v 10.038077056680393 -2.1740500083762946 0.1
v 11.855689203725351 -1.8095698423087692 0.1
l 3651 3652 3653 3654 3655
v 11.758343606555647 2.51078500503204 0.1
v 12.218659327196864 2.483774746133478 0.1
v 13.279109232977053 1.1971080623211008 0.1
v 12.91633835625229 2.761086370784999 0.1
v 13.085796077228952 2.654849749523297 0.1
l 3656 3657 3658 3659 3660
v -4.255499239151806 -0.09550502062367339 0.1
v -4.2924909480064475 0.1204230645207014 0.1
v -5.026462718323123 0.40180685770056535 0.1
v -4.624791076474777 0.8704949145977603 0.1
v -4.199159625469524 0.43672897432255886 0.1
l 3661 3662 3663 3664 3665
v 10.645331754136201 -0.7561988861201163 0.1
v 9.636588000434644 -1.5728723785932053 0.1
v 10.649731707641246 -1.1318990470210168 0.1
v 10.55838366834293 -1.2881912773231983 0.1
v 10.133087006118124 -2.110486603143176 0.1
l 3666 3667 3668 3669 3670
v -1.1319980647017753 2.984039237174833 0.1
v -2.257740103433071 1.1854375038721736 0.1
v -0.5802237220627451 1.8256172262286094 0.1
v -1.536776561074743 1.4513040453432453 0.1
v -0.6125284973079432 2.5372120843331993 0.1
l 3671 3672 3673 3674 3675
v 6.0889109780596264 6.054007469073078 0.1
v 6.6355930463019615 4.873855014739089 0.1
v 5.984156345552612 5.211437780351399 0.1
v 5.459414648652704 4.951532288773551 0.1
v 6.4824449866546665 4.146000829722748 0.1
l 3676 3677 3678 3679 3680
v 9.161636171380778 1.2516304715961168 0.1
v 9.970653914136047 1.0953335105815178 0.1
v 8.759252653133865 0.9727526621498646 0.1
v 9.043559563770131 1.008856051590877 0.1
v 9.295484712400278 0.5789924463048037 0.1
l 3681 3682 3683 3684 3685
v 15.126866460496787 -5.863144544030332 0.1
v 15.31383015000667 -7.011615542476748 0.1
v 15.012110880428335 -7.086404658685112 0.1
v 14.383082602216716 -6.633459290892219 0.1
v 13.968275395844884 -6.7714361537158645 0.1
l 3686 3687 3688 3689 3690
v -13.850506500387961 -6.620869962928635 0.1
v -12.112126876819215 -6.812673809555515 0.1
v -13.863834762622584 -7.672313388601966 0.1
v -13.457308964490071 -7.8153538049622835 0.1
v -12.495963337011792 -7.613392557089722 0.1
l 3691 3692 3693 3694 3695
v 11.042971492571425 9.623636613075936 0.1
v 11.247723099288512 10.736359322420551 0.1
v 12.489363723293696 9.928736276809932 0.1
v 11.612188618588206 9.280663238880589 0.1
v 11.153880430557452 9.411883431067112 0.1
l 3696 3697 3698 3699 3700
v -8.71394463803849 -10.262042453032608 0.1
v -9.181906690378074 -10.509059673279689 0.1
v -9.31678329615078 -10.160649676543084 0.1
v -9.666918291763611 -11.435427263122284 0.1
v -9.237883197626727 -10.611999659563564 0.1
l 3701 3702 3703 3704 3705
v -6.073967221119201 3.679551790081838 0.1
v -5.2351275734529175 3.7289547793531 0.1
v -5.3265218066483415 3.6446634863001335 0.1
v -5.31886989106483 3.5498379124441026 0.1
v -5.611676045363762 3.8804048514440277 0.1
l 3706 3707 3708 3709 3710
v -8.16413972973283 -7.923859609267457 0.1
v -7.587648191818106 -8.366045958748039 0.1
v -6.788618924233612 -9.841861674530815 0.1
v -7.996416981148284 -9.783134625989357 0.1
v -7.917724787329777 -9.758372169909787 0.1
l 3711 3712 3713 3714 3715
v 7.094224360249316 0.9094104031942072 0.1
v 7.770320014041083 0.9807947179326209 0.1
v 6.999685709700821 0.4715449785072596 0.1
v 7.1906588907917 0.196953147136123 0.1
v 5.933583345727728 0.9434390331559845 0.1
l 3716 3717 3718 3719 3720
v 6.588638736930473 8.542599663798049 0.1
v 5.996319281760568 7.376729890896012 0.1
v 6.9841381406429 8.932058085023693 0.1
v 6.996514296985524 7.27669606565608 0.1
v 6.874152427171124 9.009179046501412 0.1
l 3721 3722 3723 3724 3725
v 14.286073671595105 3.3175056357066284 0.1
v 13.326942350793832 3.1833595420615834 0.1
v 14.15249483934145 4.618956954700954 0.1
v 12.605768884926112 3.4919461209108866 0.1
v 13.08049804343936 3.1949819545614035 0.1
l 3726 3727 3728 3729 3730
v -13.447046836538775 0.3644152423706102 0.1
v -13.29809933441073 -0.4969184705123175 0.1
v -13.523725782550825 -0.2616283797183183 0.1
v -11.961700232918538 -0.7666042469527579 0.1
v -11.747997776264645 -1.571839384609788 0.1
l 3731 3732 3733 3734 3735
v 2.7343644301465817 13.472031345982899 0.1
v 3.3560581469196165 14.231035319735852 0.1
v 3.456826396851903 14.486904966065657 0.1
v 3.6683922250496264 15.029528053136328 0.1
v 2.7401436790393423 14.479157215298262 0.1
l 3736 3737 3738 3739 3740
v 5.71315528046177 -13.689959710989648 0.1
v 4.519841036006978 -13.886363428141301 0.1
v 5.555565173386421 -13.506327136195598 0.1
v 5.945895103680826 -13.032848687416225 0.1
v 4.012926900082101 -11.949251426122128 0.1
l 3741 3742 3743 3744 3745
v -6.047502659855233 5.546729764712036 0.1
v -6.169669395609902 5.439607242793869 0.1
v -5.729026718936566 4.688347511162911 0.1
v -4.450609297351869 3.9922265451010395 0.1
v -5.721063048740293 5.360536393795416 0.1
l 3746 3747 3748 3749 3750
v -11.538877725351739 -7.546565833335542 0.1
v -12.136815962472369 -6.139543911729643 0.1
v -12.311472732463608 -6.584572275454079 0.1
v -11.925475376664117 -7.061878660184843 0.1
v -11.802304287286109 -6.65082930975796 0.1
l 3751 3752 3753 3754 3755
v -0.07880642749315592 -7.044968152624112 0.1
v -1.150158973601484 -7.520256563309597 0.1
v 0.030003841129258246 -7.549815626384645 0.1
v -1.2182310433956698 -6.5596311305612165 0.1
v -1.5164327637478496 -7.5408132906008145 0.1
l 3756 3757 3758 3759 3760
v -9.54437363875261 4.689547770060395 0.1
v -8.881898284170969 6.316950725514201 0.1
v -10.032259853966167 5.3964535384893715 0.1
v -9.607765653335614 4.56505522334902 0.1
v -8.370302037592186 4.638846596228462 0.1
l 3761 3762 3763 3764 3765
v -7.927155769711919 11.3616003866179 0.1
v -8.458231975594805 10.785172586265118 0.1
v -8.033288527068086 11.417800215540638 0.1
v -8.398311006404176 11.596754900202496 0.1
v -7.399348927941249 11.283153025378727 0.1
l 3766 3767 3768 3769 3770
v -9.614218726595293 7.781392482337374 0.1
v -9.92309285305126 8.87446570499082 0.1
v -10.162312673751938 8.947236049646985 0.1
v -9.142591209767613 7.780380299775863 0.1
v -10.322450095599983 7.845125263793614 0.1
l 3771 3772 3773 3774 3775
v 11.098709769662515 -12.729688132118353 0.1
v 10.929141176102675 -13.670573561307194 0.1
v 11.622422487583492 -13.347564860165056 0.1
v 10.538073301081731 -13.128273749663967 0.1
v 12.159885421176543 -13.795207731938131 0.1
l 3776 3777 3778 3779 3780
v 0.5646309412919159 -0.9342046345518329 0.1
v 1.5460340395585181 -0.6765692336750089 0.1
v 1.6678253239771712 -0.9259420650316741 0.1
v 1.1353165747863827 0.15938087312046045 0.1
v 2.2336341973281546 0.42159308573530097 0.1
l 3781 3782 3783 3784 3785
v 7.802738373795611 -13.303069224063945 0.1
v 5.867278643348056 -12.692053720892085 0.1
v 5.906319224065817 -12.886396744723607 0.1
v 6.101046506736925 -13.22680317737519 0.1
v 7.671200717487459 -13.083670720271154 0.1
l 3786 3787 3788 3789 3790
v 7.476330557472334 -1.7647722788938915 0.1
v 6.632893818017985 -2.3791398571471243 0.1
v 6.259246020327005 -2.811843206510442 0.1
v 7.317028222516351 -2.0058404588660275 0.1
v 6.894353527608951 -3.1813046631443913 0.1
l 3791 3792 3793 3794 3795
v -1.5715801859260128 7.617244938645312 0.1
v 0.37086851658233577 6.642984089801384 0.1
v -0.13045532109685887 6.5439019928718505 0.1
v 0.2812620144500506 6.746940085639471 0.1
v -0.8567693534658314 7.789185059121793 0.1
l 3796 3797 3798 3799 3800
v 11.908060930703241 5.887901415372646 0.1
v 11.789766584671591 5.077226288862347 0.1
v 11.036789270813232 5.465104229988457 0.1
v 11.973013409102622 4.2253781986677215 0.1
v 11.188929409623114 5.011674124565836 0.1
l 3801 3802 3803 3804 3805
v 9.543648928693093 -0.4928548956894534 0.1
v 10.90809722679716 0.20830376686778762 0.1
v 10.561194385435769 -0.29656422467344545 0.1
v 9.194725948439618 -0.38234687877731055 0.1
v 9.211104965442999 -0.46113608844086107 0.1
l 3806 3807 3808 3809 3810
v 12.757400332672171 13.163219698526108 0.1
v 11.850077000729671 12.08002181419858 0.1
v 12.451324102266216 12.717547959515532 0.1
v 12.613581362853147 12.85799790940875 0.1
v 12.95257667232318 11.316771960569291 0.1
l 3811 3812 3813 3814 3815
v 0.4825186747642154 9.89963463326782 0.1
v 0.04793409584727093 9.435034064858886 0.1
v -0.19240574232203 8.563885621478144 0.1
v 0.78737313690678 8.550336352548683 0.1
v -0.04791931187139031 10.106964819519161 0.1
l 3816 3817 3818 3819 3820
v 10.010634171179223 8.231622820607086 0.1
v 8.418030541362265 8.481548249651924 0.1
v 9.767627713615987 8.271750191337663 0.1
v 8.836484150331106 8.464251048149377 0.1
v 9.440175058153935 9.279265387102441 0.1
l 3821 3822 3823 3824 3825
v 5.43207232589682 8.461184837793539 0.1
v 6.655511454927591 8.437900853968033 0.1
v 6.107906070072596 8.615245374098777 0.1
v 7.257385204887355 7.957489891252626 0.1
v 6.740851227369164 7.992793940571772 0.1
l 3826 3827 3828 3829 3830
v 6.572355366020568 -11.815549660879682 0.1
v 6.693094995706655 -11.958627753485676 0.1
v 6.216977154427408 -12.345797561189677 0.1
v 6.426077234417484 -11.953714629632957 0.1
v 5.893186764645227 -11.840917689707865 0.1
l 3831 3832 3833 3834 3835
v 10.649947122251291 -4.4170166574900644 0.1
v 10.457720996998798 -5.045534869891732 0.1
v 10.473763894951814 -4.767593462653639 0.1
v 10.454435561182173 -4.396598316746108 0.1
v 10.623271088497388 -4.626337401439656 0.1
l 3836 3837 3838 3839 3840
v -13.573319996822077 5.330573953935862 0.1
v -14.299821036063186 4.650351391063152 0.1
v -13.848811199710047 5.292806303949657 0.1
v -13.51101070708898 5.301753927167858 0.1
v -15.157261489507697 4.885985807310299 0.1
l 3841 3842 3843 3844 3845
v 4.55075372941036 6.000857572596953 0.1
v 4.757387251297967 7.032981277123518 0.1
v 4.602427255483563 5.759204314055482 0.1
v 4.53419064946867 6.020493723563824 0.1
v 3.8761995033000702 6.8721840963485485 0.1
l 3846 3847 3848 3849 3850
v -13.311910463863756 -5.852053017096703 0.1
v -12.810338939401051 -6.491971029873393 0.1
v -13.520349674432106 -6.355568051134018 0.1
v -13.143527076884578 -5.017493489685899 0.1
v -13.200074900087316 -5.416282775755431 0.1
l 3851 3852 3853 3854 3855
v -12.017366388023857 12.709224772821845 0.1
v -10.932139749017383 13.75456691022649 0.1
v -11.399784282023477 13.696775941267942 0.1
v -11.558256477017132 12.536218206796448 0.1
v -10.395822047243295 13.742202992056624 0.1
l 3856 3857 3858 3859 3860
v 14.831238215684278 14.767185166577752 0.1
v 15.377953012855 12.825838101962946 0.1
v 15.414365627056231 14.56604986195282 0.1
v 15.053910963143224 14.170271077866078 0.1
v 13.759778051934415 13.485640018234886 0.1
l 3861 3862 3863 3864 3865
v 9.296124784363357 1.132145261597364 0.1
v 8.720803196591708 0.4639990818295059 0.1
v 9.090291498994523 0.9798062023671839 0.1
v 10.337479751047011 -0.6214839533767258 0.1
v 9.826497389611571 0.8989280795128969 0.1
l 3866 3867 3868 3869 3870
v 8.791991353413172 7.084665229878011 0.1
v 9.179315999606223 6.204957989144957 0.1
v 9.483470173043296 7.23883842220415 0.1
v 8.35664454252608 6.299711058814559 0.1
v 8.808874511296937 6.9049154609897005 0.1
l 3871 3872 3873 3874 3875
v -1.0356824955445083 -2.106841245337653 0.1
v 0.46528061429310164 -1.3827386016026018 0.1
v -1.3832299662236562 -1.1983045390123168 0.1
v 0.5294719631648861 -1.4939823961808918 0.1
v -0.9046225294639076 -0.4054413954962597 0.1
l 3876 3877 3878 3879 3880
v -15.361607908236147 3.402375326918188 0.1
v -15.234741676944186 4.113270166707633 0.1
v -14.609822022649254 4.447205527267859 0.1
v -13.587448447077648 3.4811537439739704 0.1
v -14.853747019722244 4.8634874670308275 0.1
l 3881 3882 3883 3884 3885
v -1.0375323953203777 -14.193721578935255 0.1
v -1.769987790174924 -15.718632820713342 0.1
v -0.9996292908335698 -13.990614549308212 0.1
v -2.0812370986369007 -14.4663500231168 0.1
v -2.464001918262236 -14.752277948084998 0.1
l 3886 3887 3888 3889 3890
v -13.666642535185947 11.743756861898833 0.1
v -14.205113465619561 12.298608698134192 0.1
v -13.800643119090195 12.822083585167753 0.1
v -12.999707002907838 11.918369993014903 0.1
v -13.230872421151311 12.179611915131105 0.1
l 3891 3892 3893 3894 3895
v -10.880848762176612 14.222464907224936 0.1
v -10.946889569465224 14.290828545209166 0.1
v -11.485161331073012 13.594519827829378 0.1
v -12.208673039547442 13.873317611255896 0.1
v -12.024166124963916 13.556004340987322 0.1
l 3896 3897 3898 3899 3900
v 12.88527107140234 -4.45722460294479 0.1
v 13.871129922960773 -3.1274658256335788 0.1
v 14.230391566524615 -3.974700383272607 0.1
v 14.195456710865455 -2.9346478429382636 0.1
v 14.665307772335378 -3.613150487358037 0.1
l 3901 3902 3903 3904 3905
v -3.787096330305876 -6.098927606792237 0.1
v -5.233106114175039 -5.615436839778091 0.1
v -4.384035809694797 -5.45130818791813 0.1
v -4.261002817741729 -6.007294041030136 0.1
v -5.156767132732614 -5.492333020387456 0.1
l 3906 3907 3908 3909 3910
v 0.7741158502660441 12.110508109979786 0.1
v 0.4181530707620076 11.583446559880223 0.1
v -0.15268197514053572 11.911733819914742 0.1
v 1.119765750442205 10.611316902565932 0.1
v 1.2473812483328823 11.538848572683289 0.1
l 3911 3912 3913 3914 3915
v 1.6526410186516785 -7.827832580982151 0.1
v 1.679028823934563 -8.214413354363387 0.1
v 0.9967260230912305 -8.156780958649936 0.1
v 1.6278682819678627 -8.440276189405726 0.1
v 1.0401288415941927 -7.7992500477707285 0.1
l 3916 3917 3918 3919 3920
v 6.840910358156565 14.073846411586748 0.1
v 6.931521840994876 13.81648555614886 0.1
v 7.240106189546159 13.468681480677715 0.1
v 8.648647671796276 14.62267680205775 0.1
v 6.844862401050155 13.783317182424403 0.1
l 3921 3922 3923 3924 3925
v 8.904901215879988 -1.5350760431371837 0.1
v 9.005867910329247 0.07677857043037806 0.1
v 7.754263997515373 -0.40539548416581805 0.1
v 7.319051192253296 0.2563479014115928 0.1
v 8.99462557117867 -1.6444117111481702 0.1
l 3926 3927 3928 3929 3930
v -13.449649970000655 5.582266920248464 0.1
v -13.379263274106227 5.4683965388030265 0.1
v -13.063832383549348 6.3744467944627425 0.1
v -13.656653398379568 6.706263880167118 0.1
v -12.456854184524008 5.997524556524684 0.1
l 3931 3932 3933 3934 3935
v 9.492501596745027 10.781116300929419 0.1
v 9.452783549951892 9.922188983442451 0.1
v 9.937555163629971 10.04493311542757 0.1
v 10.998920316510151 10.341535152761345 0.1
v 10.702518676617384 10.864905820096176 0.1
l 3936 3937 3938 3939 3940
v 10.938045762523094 4.236217253201808 0.1
v 11.247621208569214 3.7426542288425337 0.1
v 12.79302795404873 3.4747701353833786 0.1
v 12.380336300427729 3.3259539735675405 0.1
v 12.380802333305299 3.408819882727431 0.1
l 3941 3942 3943 3944 3945
v -3.3968762150359817 8.54461638096471 0.1
v -4.810778995726265 8.306639852659575 0.1
v -5.0220646878518 7.451446481410136 0.1
v -5.291304898421826 8.709967979369257 0.1
v -3.9572234033993237 7.522038517266032 0.1
l 3946 3947 3948 3949 3950
v 0.2264802683267304 -13.16102496245533 0.1
v -0.984515083909757 -12.335478769521284 0.1
v -1.4168318327841474 -12.931809373932417 0.1
v -1.1754651693544833 -12.923827540457793 0.1
v -0.7409790262399136 -12.799954918291924 0.1
l 3951 3952 3953 3954 3955
v -7.707681314508594 -6.672383342395962 0.1
v -7.531325915913453 -5.424254408906959 0.1
v -8.041570608501921 -6.231677538159178 0.1
v -7.631597984751518 -6.191013336469594 0.1
v -8.21100344409543 -5.781489303455555 0.1
l 3956 3957 3958 3959 3960
v 1.3735449685635828 -11.207263996635644 0.1
v -0.3136653878292419 -11.16898331912705 0.1
v -0.3028040819332005 -11.916196370590303 0.1
v -0.5006651260322537 -10.651453525708522 0.1
v 0.3022494931672475 -11.200425512767785 0.1
l 3961 3962 3963 3964 3965
v -8.398215048614636 5.3307980861691195 0.1
v -7.852997122739435 5.980929506998643 0.1
v -7.364136817998528 4.661676087909462 0.1
v -8.058538235788156 4.862591993867917 0.1
v -7.584696085172057 6.495577522292937 0.1
l 3966 3967 3968 3969 3970
v 1.862520481370575 -2.8397682288909962 0.1
v 1.8803429171325385 -3.617898047085202 0.1
v 0.6844442176779337 -3.547361372176333 0.1
v 0.20002115158390943 -3.2984159440617633 0.1
v 1.8115496125595272 -3.317071323613259 0.1
l 3971 3972 3973 3974 3975
v 4.678300390908003 6.544158909476037 0.1
v 3.4603905716508914 5.266925620878543 0.1
v 4.869190912206988 6.407174818428594 0.1
v 3.6012456632656726 6.358367120140266 0.1
v 4.526281391788984 5.091637541119454 0.1
l 3976 3977 3978 3979 3980
v -10.48725213650517 0.6670781004414263 0.1
v -9.651849552297158 -1.0305771088965103 0.1
v -11.364119977184869 -0.019766574477634746 0.1
v -9.546555963188753 0.3882967367349204 0.1
v -10.31991744470572 -0.7893145637628312 0.1
l 3981 3982 3983 3984 3985
v -0.4776919318313837 12.448419628341536 0.1
v -0.47331785695862005 11.899872864334307 0.1
v -0.286132819370686 12.236471508221634 0.1
v 0.5317220422945843 12.471053119655272 0.1
v 0.22714259864661313 11.654462790522228 0.1
l 3986 3987 3988 3989 3990
v -13.56906775476049 14.548851291005601 0.1
v -13.194154427378832 14.715681079359577 0.1
v -12.851465824994605 14.225033026981139 0.1
v -13.35688697063836 13.000302961882332 0.1
v -12.377022232479112 13.054575697366513 0.1
l 3991 3992 3993 3994 3995
v 5.31271415019936 9.594058425565667 0.1
v 5.0251817795650595 9.920734691555898 0.1
v 4.636938795688867 8.882842570514073 0.1
v 4.762861899246575 9.79664301683144 0.1
v 3.814307884209235 10.255580618121051 0.1
l 3996 3997 3998 3999 4000
v -7.531398321500989 -3.9875183614828402 0.1
v -7.601421711351962 -2.870243073288192 0.1
v -6.643419894617118 -3.0002667957676135 0.1
v -7.025827847299462 -2.6611458838158386 0.1
v -5.806207655046175 -2.5479442925898406 0.1
l 4001 4002 4003 4004 4005
v -4.459235001666483 13.582342079389864 0.1
v -5.219202251071904 15.10887972172797 0.1
v -5.741243753000219 13.44578714423963 0.1
v -4.740923822513127 14.490597438819687 0.1
v -5.759996942404937 14.89860422464328 0.1
l 4006 4007 4008 4009 4010
v 12.21938285250524 -13.860740648947711 0.1
v 12.971340939764184 -13.809729258446534 0.1
v 11.664215396104446 -15.349518991699174 0.1
v 12.455938641887673 -13.53598159541035 0.1
v 11.172685396022933 -14.573378683443147 0.1
l 4011 4012 4013 4014 4015
v -13.545484276392163 -2.3523551025755687 0.1
v -13.400789389864142 -3.049522163443598 0.1
v -13.73511975881802 -2.7540993372693183 0.1
v -13.235801058190729 -2.8964697776855672 0.1
v -14.199557721509748 -2.875072352842653 0.1
l 4016 4017 4018 4019 4020
v -8.723788201657088 -13.516057806898043 0.1
v -7.807966011476544 -13.684803762404172 0.1
v -8.421970834748954 -13.455285261652055 0.1
v -8.595230826994293 -14.266734457313284 0.1
v -9.251876220737062 -13.16099449395428 0.1
l 4021 4022 4023 4024 4025
v 13.836593146721608 -7.4498056293405615 0.1
v 13.355060018761332 -7.246754909246141 0.1
v 12.753998321707284 -6.994445192862306 0.1
v 12.47788150092398 -7.511878149922852 0.1
v 13.847677975968383 -6.952189025774023 0.1
l 4026 4027 4028 4029 4030
v 11.051175170783527 -6.703235984351728 0.1
v 11.261272591523205 -6.715370601342161 0.1
v 12.974362317855338 -6.476358842641546 0.1
v 12.406360104656516 -6.934038191346915 0.1
v 11.505757430183523 -6.679422319587384 0.1
l 4031 4032 4033 4034 4035
v -12.63838578774802 3.446159250047784 0.1
v -12.931829141177012 3.8713531959643115 0.1
v -12.959461051266322 3.4924360853724945 0.1
v -12.463369062250159 5.116748865132764 0.1
v -13.766967350510575 3.4552418092749244 0.1
l 4036 4037 4038 4039 4040
v 10.268760831301801 9.95647066467933 0.1
v 8.786261375100224 9.31913211701709 0.1
v 8.823140513545924 10.874865424492114 0.1
v 9.605894679760445 10.649110872534408 0.1
v 8.58749192004555 9.561255275005276 0.1
l 4041 4042 4043 4044 4045
v 8.327898225082688 -12.30956981561494 0.1
v 7.635684880310331 -12.13549961230563 0.1
v 8.51941730445082 -12.912828223506727 0.1
v 7.243344563729709 -11.382946412770218 0.1
v 8.011628117582754 -11.981411619539088 0.1
l 4046 4047 4048 4049 4050
v 7.189012836491444 12.92269458069882 0.1
v 8.59226236559993 12.83406780954384 0.1
v 8.02233456476222 12.603059797343134 0.1
v 8.08966682383711 12.939167758879547 0.1
v 7.748706318771956 14.175790270394986 0.1
l 4051 4052 4053 4054 4055
v 15.10932405775658 4.284962478121685 0.1
v 13.907004969043125 5.1593311569939 0.1
v 14.891878894777346 5.879148512234233 0.1
v 14.301088451192852 5.178931366782027 0.1
v 13.910761809828466 4.580911838518751 0.1
l 4056 4057 4058 4059 4060
v 12.1537694544355 -4.24142133000173 0.1
v 12.201365219467244 -4.3614416796194675 0.1
v 10.944277643482154 -3.3479123822373325 0.1
v 11.02755685365387 -3.1497789146059496 0.1
v 11.372210483090235 -3.9803562222632456 0.1
l 4061 4062 4063 4064 4065
v -3.7878904585118356 4.983640575388182 0.1
v -3.913732309464604 4.691865649311586 0.1
v -3.8153080282758784 4.719203685188438 0.1
v -3.8643579013525873 3.884392694813997 0.1
v -3.295618740429136 5.093122663217601 0.1
l 4066 4067 4068 4069 4070
v 9.58068137655862 -9.846716800571365 0.1
v 9.779711228911882 -9.50770368202542 0.1
v 10.067044216084069 -8.27150442975335 0.1
v 9.64491624282828 -9.121208356450442 0.1
v 10.062915182966888 -8.411205315460993 0.1
l 4071 4072 4073 4074 4075
v 9.496627354118463 3.0413986512926057 0.1
v 7.889665389719331 3.0071644735459975 0.1
v 8.104756200184111 3.175788266545857 0.1
v 8.369010060036503 3.377464641117362 0.1
v 8.853205337107635 4.354664985283368 0.1
l 4076 4077 4078 4079 4080
v -0.018668969263852198 -1.7865430846994035 0.1
v -0.7361285839377325 -1.695427765430663 0.1
v -1.1070375253497022 -0.9007339734258923 0.1
v -1.1857915765320455 -1.3820823594959786 0.1
v -1.3817570033095739 -1.1815667753751344 0.1
l 4081 4082 4083 4084 4085
v 2.0118786912629556 -6.615394763686185 0.1
v 1.6433953601809639 -7.447626385815038 0.1
v 2.7000015205626102 -7.886931558207473 0.1
v 2.400536686954612 -7.431780246705605 0.1
v 1.9301389442200625 -6.821547241115526 0.1
l 4086 4087 4088 4089 4090
v -8.898542923230885 -12.983666548218475 0.1
v -8.351235273942695 -11.352355721226065 0.1
v -9.818653653454732 -12.445827784983628 0.1
v -8.09772906791588 -12.322021330904876 0.1
v -8.376907072296696 -12.385419316670944 0.1
l 4091 4092 4093 4094 4095
v 5.5329647505188575 12.275573828518898 0.1
v 4.444928115337466 11.896506263732759 0.1
v 6.107938839966936 10.819057207091028 0.1
v 4.359936121072285 11.616432118459489 0.1
v 5.899596473823575 10.810224181915821 0.1
l 4096 4097 4098 4099 4100
v 3.3638740546454873 -8.139496739647225 0.1
v 4.163355934472038 -8.91151659861826 0.1
v 3.7247369637551606 -8.287857906924541 0.1
v 3.715613085110898 -7.245092083732626 0.1
v 3.7776990261616414 -8.525747755353366 0.1
l 4101 4102 4103 4104 4105
v 12.869498511549573 -12.548776140219925 0.1
v 12.325834794964287 -11.828232180402129 0.1
v 12.9181686809493 -10.922364644361645 0.1
v 12.216101229710713 -11.121974541620823 0.1
v 13.852620212600788 -11.38566821189149 0.1
l 4106 4107 4108 4109 4110
v -7.001489982068681 -3.727416975844667 0.1
v -6.510430971716182 -3.6806400960156154 0.1
v -7.354292059840309 -2.495915665742317 0.1
v -5.506655953671298 -2.604098764241098 0.1
v -5.957458015272406 -3.010726708454756 0.1
l 4111 4112 4113 4114 4115
v -7.102450222866249 -1.9137090939564918 0.1
v -7.693058445000567 -0.46066295945952906 0.1
v -6.8415234205998825 -1.9485294343005004 0.1
v -6.172431296430764 -2.153073944227801 0.1
v -6.394027447905904 -1.867526364447132 0.1
l 4116 4117 4118 4119 4120
v -10.105925274914746 -4.882578721845366 0.1
v -8.86579082016088 -4.993981351946999 0.1
v -10.600144734481166 -4.661116575184512 0.1
v -9.275013675225116 -5.155989509075009 0.1
v -8.700167249914129 -6.39431822802039 0.1
l 4121 4122 4123 4124 4125
v -0.27446078471361046 -3.3374680052949897 0.1
v 0.44633386612103565 -3.644880907529939 0.1
v 0.8125762812044186 -2.1992442122885114 0.1
v -0.2733915449752886 -2.417416765792328 0.1
v 1.2788081142829348 -2.3226824074378536 0.1
l 4126 4127 4128 4129 4130
v 4.070269054421066 -8.623585870837738 0.1
v 4.869063404893394 -8.401052704470573 0.1
v 4.39112372468091 -8.800026557457203 0.1
v 3.0696905128778496 -9.092164258346418 0.1
v 3.70582829956619 -9.24348939512156 0.1
l 4131 4132 4133 4134 4135
v -4.570919825790327 -3.7164776989191015 0.1
v -6.337442133748122 -3.3664538667182877 0.1
v -6.160100102912963 -3.08416459534618 0.1
v -5.017432947266009 -4.299558703748613 0.1
v -4.952658923933984 -3.1521148486557466 0.1
l 4136 4137 4138 4139 4140
v 13.913913128471862 -4.034579789654231 0.1
v 14.239781900608842 -3.3314081135127545 0.1
v 14.203709586353426 -3.081789233126677 0.1
v 13.25173868254153 -3.261656377203827 0.1
v 14.26455798708659 -3.5405236939752296 0.1
l 4141 4142 4143 4144 4145
v -8.335881256037379 -11.054082245010946 0.1
v -7.864104391202279 -10.974243693741963 0.1
v -7.540295556983342 -12.269872881195722 0.1
v -8.323587307656137 -10.60343454552735 0.1
v -8.487761883875582 -11.557657841050732 0.1
l 4146 4147 4148 4149 4150
v 8.634142187397824 7.068550216760263 0.1
v 8.311907080785511 7.448560900798401 0.1
v 9.555093685560477 7.416027120307502 0.1
v 10.14526032531581 7.704082672854253 0.1
v 9.795923261653561 7.1397529568399065 0.1
l 4151 4152 4153 4154 4155
v 3.6921598040825927 -12.87935914231485 0.1
v 5.135510965649643 -14.454521652228927 0.1
v 4.2555177572534415 -12.86431907713471 0.1
v 3.954534319276638 -13.293544351298598 0.1
v 4.379797334044075 -13.827788388472081 0.1
l 4156 4157 4158 4159 4160
v -9.431435839557963 -8.939594593694775 0.1
v -8.513071283676997 -8.62790646141757 0.1
v -7.835224981738339 -9.078667582737769 0.1
v -8.665343799021556 -9.172079270508023 0.1
v -7.832028319863314 -9.255272068077858 0.1
l 4161 4162 4163 4164 4165
v 11.375277080412086 13.334353362888484 0.1
v 11.998242274623028 11.789397412621186 0.1
v 10.832713844479386 11.780128865475302 0.1
v 11.823370466402867 11.953362222291554 0.1
v 10.546164346766373 12.660224936887767 0.1
l 4166 4167 4168 4169 4170
v 4.474976085072983 10.804584059263261 0.1
v 5.369203118670876 11.237671328219626 0.1
v 5.043385680272124 11.609786210983675 0.1
v 4.519679515895693 11.345079184934713 0.1
v 3.777090699919389 12.335670897069363 0.1
l 4171 4172 4173 4174 4175
v 3.0820780566942823 -14.537088608432155 0.1
v 2.514067556299164 -13.70407636698565 0.1
v 3.7786955691672968 -15.456539971986444 0.1
v 4.1671179669684335 -13.753036037840747 0.1
v 3.701906674761357 -13.58889007332449 0.1
l 4176 4177 4178 4179 4180
v -9.709173570772425 -1.3392771740351614 0.1
v -10.309669040591427 -1.3792180448366727 0.1
v -9.847492056755463 -3.064537111952447 0.1
v -10.20749467653149 -1.877248629655463 0.1
v -10.439284645535407 -2.3961393481024675 0.1
l 4181 4182 4183 4184 4185
v 12.073800343366852 12.864484798485917 0.1
v 11.26436625544203 12.644782780683228 0.1
v 12.077144590868535 11.371103851456017 0.1
v 11.75864021404391 11.389014372511458 0.1
v 12.386156215387459 11.444791334521717 0.1
l 4186 4187 4188 4189 4190
v 0.44582199790280574 4.605490889078096 0.1
v -0.9884883231068964 5.147921468728076 0.1
v -0.6150169662661631 5.009406398677667 0.1
v 0.05665088936400631 5.168033792950633 0.1
v 0.379745212882483 4.211260816314135 0.1
l 4191 4192 4193 4194 4195
v 9.72675045006246 14.601459609615913 0.1
v 10.871743025330245 14.895255611872754 0.1
v 9.588845374494653 14.189213431326431 0.1
v 9.511145408510806 14.070181622172266 0.1
v 9.984612316797827 14.701613527498687 0.1
l 4196 4197 4198 4199 4200
v -5.189086181501579 13.0223075622823 0.1
v -5.336648134215141 14.423336405032616 0.1
v -4.0562180863490696 12.91319942778476 0.1
v -5.2043742683137655 14.110749047989882 0.1
v -5.146727857263859 14.047892712721573 0.1
l 4201 4202 4203 4204 4205
v 6.868321456217362 -11.600688214229422 0.1
v 6.9383921693754615 -10.929381001789485 0.1
v 6.306038557422346 -12.349153522339764 0.1
v 7.662610405484294 -12.080952312933727 0.1
v 7.526302083656147 -12.145262233171296 0.1
l 4206 4207 4208 4209 4210
v -6.694588322787888 -6.387713767909877 0.1
v -7.09434696864604 -5.4939691170534495 0.1
v -6.349664391299653 -5.451254942352294 0.1
v -6.027779470086477 -6.143463853580929 0.1
v -7.526283160922627 -5.623735472141373 0.1
l 4211 4212 4213 4214 4215
v -10.093757597466295 3.0642178126876205 0.1
v -10.392632443604372 3.4563622801704645 0.1
v -11.846548260631527 1.8592010986613325 0.1
v -11.72467051483928 3.4197828857398016 0.1
v -11.915186053842147 3.444445982450606 0.1
l 4216 4217 4218 4219 4220
v 5.254917474598742 5.6530351021315575 0.1
v 6.633379381363431 6.1078043833165925 0.1
v 5.292065989804536 6.7313969639177085 0.1
v 5.063569817040838 6.499045127186095 0.1
v 6.105453360408745 6.518126160348178 0.1
l 4221 4222 4223 4224 4225
v -12.871259493531989 -8.941826591485388 0.1
v -14.519477990838952 -7.97154773637855 0.1
v -12.912393981002854 -7.76237168115123 0.1
v -13.284255819725999 -8.296355435733062 0.1
v -13.575503839453079 -8.534184504381171 0.1
l 4226 4227 4228 4229 4230
v 8.650328661803103 5.922526621970901 0.1
v 9.044475038210924 6.181297182143529 0.1
v 9.614940930060445 6.425281406207402 0.1
v 9.127439443059398 6.678212579378352 0.1
v 8.951328192853166 5.361075212704902 0.1
l 4231 4232 4233 4234 4235
v 8.688873991492375 -8.936892673444316 0.1
v 7.627995988545058 -9.495148347743587 0.1
v 8.524208029853446 -8.792224449145941 0.1
v 9.05854913397081 -8.285548906622651 0.1
v 7.820745721938841 -9.77597272699423 0.1
l 4236 4237 4238 4239 4240
v 0.8244195460606509 7.882800493768359 0.1
v -0.8318293455243004 8.130282834710343 0.1
v -0.7105294347313589 8.150295133879672 0.1
v 0.6851367129841326 8.19002707620027 0.1
v -0.6140007947012387 9.265564777417488 0.1
l 4241 4242 4243 4244 4245
v -11.973071124874762 -3.245474590352475 0.1
v -12.22646071175568 -4.3002527097652585 0.1
v -10.666898905476186 -4.767323454396166 0.1
v -10.448317253642035 -4.816931835470527 0.1
v -11.0094119477102 -3.8290252988073235 0.1
l 4246 4247 4248 4249 4250
v 13.835981375854091 4.099100701327679 0.1
v 13.361994170440308 4.473005650539157 0.1
v 14.248949493442556 5.455939379766013 0.1
v 14.584786875330455 4.21998807661257 0.1
v 13.89303216937364 5.372307250116846 0.1
l 4251 4252 4253 4254 4255
v 12.626114629745636 12.425262531245407 0.1
v 11.602001164919304 13.170105435259273 0.1
v 13.187203723138168 12.689945241783075 0.1
v 12.226283217652187 12.956377213657454 0.1
v 11.543954923773242 13.184535398309434 0.1
l 4256 4257 4258 4259 4260
v -4.799735024294261 -11.62394103792034 0.1
v -5.366999224013025 -13.316296935154469 0.1
v -4.796132898039897 -11.594216782711536 0.1
v -5.538542632234552 -12.517758393189393 0.1
v -6.594033130004341 -12.670517728249258 0.1
l 4261 4262 4263 4264 4265
v -1.7299655085492447 -12.142310223880703 0.1
v -0.34728269907630294 -12.449054684149045 0.1
v 0.17039501227568565 -12.651153100141485 0.1
v -0.4729075632297495 -12.824534657986984 0.1
v -0.343604104067883 -13.164970754979107 0.1
l 4266 4267 4268 4269 4270
v -12.508427828848085 -11.931406953149144 0.1
v -12.963373953106537 -12.042762777309903 0.1
v -12.26690005127637 -11.727601821643724 0.1
v -13.38900229346854 -11.801565100241788 0.1
v -12.899630433459269 -11.431515678871587 0.1
l 4271 4272 4273 4274 4275
v 6.8209480979983965 -9.240682474957726 0.1
v 7.404785306508696 -8.948935388064763 0.1
v 8.021750526978781 -8.817884455645382 0.1
v 8.08794012105919 -8.451497728675212 0.1
v 7.754243658191271 -8.659298382519793 0.1
l 4276 4277 4278 4279 4280
v -3.954672212024396 -13.474558572618287 0.1
v -4.307008234536274 -14.264450846252622 0.1
v -4.009840811253673 -14.376218649582235 0.1
v -3.0331889755671018 -14.466157848049503 0.1
v -2.712698003142675 -13.878708895177526 0.1
l 4281 4282 4283 4284 4285
v 2.5797706158701645 -5.773066528813689 0.1
v 0.8800359378180931 -6.3386906901027675 0.1
v 1.6412138010314665 -6.974329381899675 0.1
v 1.002976180077833 -5.898846643656219 0.1
v 1.5043472030192866 -6.441135355753124 0.1
l 4286 4287 4288 4289 4290
v -14.381650893920957 14.041926290791956 0.1
v -14.202580812143719 13.761192918692473 0.1
v -13.991615808702836 14.188746121178879 0.1
v -14.762787353589976 13.319383520368746 0.1
v -14.257064255942804 14.14134193064569 0.1
l 4291 4292 4293 4294 4295
v -13.285911755356729 14.490451084051152 0.1
v -12.951575356505362 13.563410744124061 0.1
v -12.243173078354577 14.710303818353056 0.1
v -12.66087804647981 14.560786852337525 0.1
v -13.060960489784643 14.15030500255856 0.1
l 4296 4297 4298 4299 4300
v -0.33316646403138983 -9.025232989840166 0.1
v -0.7677506316848481 -8.855155882656112 0.1
v -1.1428005602116111 -10.0254600115009 0.1
v 0.053812772657503505 -10.387070754525883 0.1
v -1.0143136239709998 -10.311269644282621 0.1
l 4301 4302 4303 4304 4305
v 8.291863245336941 -1.7418008804984315 0.1
v 8.975234790319547 -1.0166813723535342 0.1
v 8.50836895280053 -1.1296644003645284 0.1
v 8.943965658307455 -2.7345582622975915 0.1
v 9.79983207506744 -2.7712839154182176 0.1
l 4306 4307 4308 4309 4310
v -9.53548375987422 -0.9466934143444432 0.1
v -9.375343347564296 -1.4204408324011073 0.1
v -10.14408057654506 -0.754313082892299 0.1
v -10.820112930763147 -1.4553391135814044 0.1
v -8.870761113806036 -0.9960781476759459 0.1
l 4311 4312 4313 4314 4315
v -11.561163420129928 6.234259103513955 0.1
v -10.22613731820687 7.439662541966472 0.1
v -10.359020776750903 6.198519476192755 0.1
v -10.166237782303076 6.661720984258188 0.1
v -11.183343949002667 7.457273842302323 0.1
l 4316 4317 4318 4319 4320
v 7.3077795544759425 -0.7266449278274658 0.1
v 8.004150253328426 -1.1036612342622523 0.1
v 8.514061869439605 -1.1916614049391592 0.1
v 8.398345557292522 -0.35307272513679 0.1
v 6.83602806479167 -2.209460091583345 0.1
l 4321 4322 4323 4324 4325
v -14.52097079634766 -6.339080324935796 0.1
v -12.556946897242057 -6.206906887089637 0.1
v -13.154067846518698 -7.131059455310732 0.1
v -14.392032330481527 -5.917246858295407 0.1
v -13.649126595017075 -5.946158185838634 0.1
l 4326 4327 4328 4329 4330
v -10.578086165572696 -6.341962749760944 0.1
v -11.6163090133349 -6.108852135225913 0.1
v -11.64457527647331 -6.516005403445628 0.1
v -12.217497337910567 -7.5702813220625345 0.1
v -11.730811223238387 -6.40472578182448 0.1
l 4331 4332 4333 4334 4335
v -7.1584628822750735 -11.482544918800363 0.1
v -7.05360927512184 -11.095642508487408 0.1
v -6.884093220845941 -10.551940770974515 0.1
v -6.692712946993242 -9.993299365368216 0.1
v -7.145264205387289 -10.474427193248047 0.1
l 4336 4337 4338 4339 4340
v 10.447382560092642 -0.06695883820129866 0.1
v 10.00192739171982 0.1554939738844019 0.1
v 9.928226342441562 0.9319160685658241 0.1
v 9.8079844782198 0.19669329945750502 0.1
v 9.706987010698649 -0.13963386734647343 0.1
l 4341 4342 4343 4344 4345
v 4.470796108740121 -9.1675154583689 0.1
v 4.591945956683592 -8.299461103378627 0.1
v 3.0105226136066876 -8.332357140010346 0.1
v 3.2537836273514795 -8.779199793829026 0.1
v 4.360749740677698 -9.37037581277557 0.1
l 4346 4347 4348 4349 4350
v 10.464366964001286 2.7530533756518754 0.1
v 11.418750861331944 2.8593036180339997 0.1
v 10.791135838607996 2.34346880921413 0.1
v 11.399903529890658 4.176930817928572 0.1
v 10.843262952696692 3.064366528684973 0.1
l 4351 4352 4353 4354 4355
v -12.889162445265494 -0.6789451137415179 0.1
v -12.220164072905682 -1.492999901027905 0.1
v -11.564971137602615 -0.9592919831886131 0.1
v -12.613720143316916 -0.07280416109734245 0.1
v -13.065379656811695 -0.154118358119965 0.1
l 4356 4357 4358 4359 4360
v -11.589147848023991 14.118103955049015 0.1
v -11.21387311925244 12.847471711023392 0.1
v -10.655567140509806 13.491994805137145 0.1
v -11.709617946694873 14.326087146714771 0.1
v -10.685325117204515 12.917089882244046 0.1
l 4361 4362 4363 4364 4365
v 1.5790570038986096 -12.826537852815058 0.1
v 1.727934825109985 -12.972232920907537 0.1
v 1.4413324998401573 -13.95501693603275 0.1
v 2.514191358475631 -13.666019306801795 0.1
v 2.387010639474125 -13.476623790221534 0.1
l 4366 4367 4368 4369 4370
v 9.805261587973275 -9.74755015815233 0.1
v 10.213666518557687 -9.790059954813257 0.1
v 9.816901168935372 -9.666313913392555 0.1
v 9.555296502597779 -9.868902961076918 0.1
v 10.15713245885872 -9.297429455880708 0.1
l 4371 4372 4373 4374 4375
v 6.864584615541747 -15.038196898861138 0.1
v 7.568514133231014 -15.157659896960325 0.1
v 7.028597782505388 -13.931637254223993 0.1
v 6.385189847733251 -14.05088111628329 0.1
v 6.7181692186258 -14.729458143833044 0.1
l 4376 4377 4378 4379 4380
v -14.218245823194106 8.890488462152824 0.1
v -13.454583810287541 7.7261011769761625 0.1
v -14.2092505993236 9.057035477609917 0.1
v -13.576322291908824 8.688003941175822 0.1
v -13.6740808619586 8.566951188828948 0.1
l 4381 4382 4383 4384 4385
v 0.0214009289289383 -4.620657445396045 0.1
v -0.5907082036434366 -4.197911784850684 0.1
v 1.2460894222863341 -4.613496781406633 0.1
v 0.5395635156476515 -3.839829934631381 0.1
v 0.1837750030310592 -4.245355306379314 0.1
l 4386 4387 4388 4389 4390
v -10.490675045365718 -3.5287668753094756 0.1
v -11.360532231121113 -4.45417497278566 0.1
v -12.358678843963322 -4.67743729164326 0.1
v -11.791586967481441 -3.2835983917178084 0.1
v -11.827555560151234 -4.045293638392707 0.1
l 4391 4392 4393 4394 4395
v -10.696365769359087 5.449993092117484 0.1
v -10.788128325799613 6.299656093680396 0.1
v -10.66468344380618 6.550212570914309 0.1
v -9.559610609185693 5.05103512008479 0.1
v -10.528872914325103 5.698371097910256 0.1
l 4396 4397 4398 4399 4400
v -9.281817447552658 -12.137286190709137 0.1
v -9.1330295704113 -13.353897244931828 0.1
v -8.779255796886757 -13.557773604557294 0.1
v -10.035600336086203 -12.17604521727026 0.1
v -9.120827063798668 -12.113560473837085 0.1
l 4401 4402 4403 4404 4405
v -13.163903607052642 2.9333387581237114 0.1
v -11.793173667835179 1.830188773639117 0.1
v -11.798564452052396 2.9528864189075046 0.1
v -12.524985894421896 2.9464483104341928 0.1
v -12.223263391813095 3.546386615550669 0.1
l 4406 4407 4408 4409 4410
v 5.397395987378894 -9.397984854124623 0.1
v 6.39393206803175 -10.602782594316471 0.1
v 5.714282850530212 -9.554690821606622 0.1
v 5.432267612821808 -10.26299812979573 0.1
v 5.926186207066887 -10.174189728851173 0.1
l 4411 4412 4413 4414 4415
v -8.60873211826869 -7.439467807342056 0.1
v -8.033131598158523 -7.465804995616796 0.1
v -9.041315783385667 -5.826426807577916 0.1
v -8.322996742460576 -5.502043446293468 0.1
v -9.299175019323329 -7.0192495711845755 0.1
l 4416 4417 4418 4419 4420
v -11.852542990769729 1.0951506197713448 0.1
v -12.265341388876276 1.4027008915239918 0.1
v -10.43133211577112 0.51875551690249 0.1
v -10.326775831866511 0.9747623813890294 0.1
v -12.068698927204448 1.2531302255549162 0.1
l 4421 4422 4423 4424 4425
v 0.9612309451059244 -8.132269949708986 0.1
v 0.9263768726437613 -7.344616900874321 0.1
v 1.5245946825859926 -7.283562326545402 0.1
v 1.488612085103677 -8.439724525972462 0.1
v 2.322345491763347 -8.093122514672409 0.1
l 4426 4427 4428 4429 4430
v -14.76976269679018 -10.224854855802278 0.1
v -15.135470224453048 -9.687674429733049 0.1
v -15.307739097814835 -10.87224612451017 0.1
v -15.163463164013656 -10.004892001313184 0.1
v -14.203419394510098 -9.761458296213348 0.1
l 4431 4432 4433 4434 4435
v 4.341250109624227 -9.197568933639754 0.1
v 4.457168936392441 -9.04979594960598 0.1
v 4.948674594825999 -8.043012010738735 0.1
v 5.148739671121512 -8.514639496750227 0.1
v 5.172137876291738 -7.770448633130901 0.1
l 4436 4437 4438 4439 4440
v 10.167669334505225 7.6783581098077525 0.1
v 10.296146918653848 8.194933112015718 0.1
v 9.626397976510741 8.738818110263542 0.1
v 9.334101890507341 8.511866603580245 0.1
v 9.788976357168197 8.742441455876751 0.1
l 4441 4442 4443 4444 4445
v -3.4030778596815257 -1.5395214824998602 0.1
v -2.7367924442189926 -2.075341639393769 0.1
v -3.487121849717779 -1.5511106921567461 0.1
v -3.492733176203219 -0.6638776710707426 0.1
v -1.8503574638622309 -1.0866232517183838 0.1
l 4446 4447 4448 4449 4450
v 6.167014549107576 -8.964312473906402 0.1
v 7.289299931771475 -8.684871882840524 0.1
v 6.057839323488249 -8.826334040324856 0.1
v 7.249464928110327 -9.38116043336737 0.1
v 6.4078612993456705 -8.92831383580976 0.1
l 4451 4452 4453 4454 4455
v -4.979148284581898 -3.853620019194162 0.1
v -6.025274914274838 -3.899579524123777 0.1
v -4.850848139943166 -4.47803964158563 0.1
v -5.569762901594289 -4.40665595735917 0.1
v -4.548029860836234 -3.1640768851380603 0.1
l 4456 4457 4458 4459 4460
v -7.328886872129347 12.892266580247359 0.1
v -7.349347009553824 12.526106075627212 0.1
v -8.158780679704146 11.985427420775345 0.1
v -9.02823105606637 11.125629037358653 0.1
v -8.363580973508528 12.765807358537332 0.1
l 4461 4462 4463 4464 4465
v -13.053636199724632 13.416096609023276 0.1
v -14.085484834037478 12.698012717610405 0.1
v -13.410190182184595 12.828541659394617 0.1
v -13.897405242409569 11.600211823958336 0.1
v -13.34363608813652 13.067976236281293 0.1
l 4466 4467 4468 4469 4470
v 9.852664902207435 9.081849675648286 0.1
v 10.829007559276267 8.756274317042836 0.1
v 9.741398533350015 8.728228166395777 0.1
v 11.026543518642603 8.764035029102764 0.1
v 10.265858822380672 9.467316817961162 0.1
l 4471 4472 4473 4474 4475
v -2.4836203287256393 -11.303741055300334 0.1
v -1.2738871986412457 -11.410763234754615 0.1
v -2.886406789920929 -12.095335092809638 0.1
v -2.0582261699153923 -11.389408260549686 0.1
v -2.551372265573497 -12.893391658930458 0.1
l 4476 4477 4478 4479 4480
v -4.953258276419574 14.675469079971743 0.1
v -6.573144836289272 13.602861740249603 0.1
v -6.301465831507097 13.067834969987151 0.1
v -5.791115062778793 14.053023803656103 0.1
v -5.213480811095494 13.543582008654235 0.1
l 4481 4482 4483 4484 4485
v 9.253752085579833 13.701942234055425 0.1
v 10.006361848506605 13.033298346587703 0.1
v 8.770979798514414 13.42605181445338 0.1
v 8.881015668252214 12.665476850027648 0.1
v 8.247550889208275 12.765055456949767 0.1
l 4486 4487 4488 4489 4490
v -6.723053869753855 0.7348367224807892 0.1
v -6.394638649439509 -0.38428686646761845 0.1
v -7.875433947707128 0.3699801098084978 0.1
v -6.254011766140069 0.08022644012627844 0.1
v -7.694944442562344 -0.25182055292613525 0.1
l 4491 4492 4493 4494 4495
v 15.33624942743214 13.312844188547716 0.1
v 15.05482456127621 12.875736813698007 0.1
v 14.639301538981398 13.669812025106584 0.1
v 14.813615741432942 13.18025241317107 0.1
v 14.25071045216062 14.011050285326988 0.1
l 4496 4497 4498 4499 4500
v -2.3559855441408653 6.47295010027719 0.1
v -1.5001524393936059 5.957893414644804 0.1
v -2.266750190057369 5.7196786895513725 0.1
v -0.8698346860620125 5.275398384884496 0.1
v -0.8583747560436401 5.625629823351561 0.1
l 4501 4502 4503 4504 4505
v 1.4998701141218982 -14.101654744933827 0.1
v 1.7148762424879522 -13.841804054167461 0.1
v 0.8320890565221593 -12.224084367761991 0.1
v 1.2372887478836117 -13.49245166042911 0.1
v 0.38521859493231103 -14.071738123064316 0.1
l 4506 4507 4508 4509 4510
v 11.891748982500117 13.67974823974685 0.1
v 12.255474796192217 12.139895377518446 0.1
v 11.213096997895155 12.772594604395596 0.1
v 12.153600728887223 12.206228738617499 0.1
v 11.843808056627552 13.053831868330983 0.1
l 4511 4512 4513 4514 4515
v -4.677179093551363 3.172201269579584 0.1
v -4.258833055979933 3.563760833401931 0.1
v -4.937716439516765 3.4631566611689335 0.1
v -5.4682333593340795 2.7297900746187787 0.1
v -4.333340903389934 3.7912164085800875 0.1
l 4516 4517 4518 4519 4520
v -6.413672626085011 -5.712607998258246 0.1
v -6.886889501431994 -4.683692290834741 0.1
v -5.886037552284259 -4.771182171321282 0.1
v -6.200343088676293 -4.5742410012749435 0.1
v -7.253169454789381 -5.320329456551123 0.1
l 4521 4522 4523 4524 4525
v -5.16712837846932 -3.2986524885453523 0.1
v -5.032090762055032 -3.523833890456641 0.1
v -6.1907248710557905 -3.3003468205419955 0.1
v -5.007662342521497 -3.1076821942727078 0.1
v -6.06806454287949 -3.1068933737389064 0.1
l 4526 4527 4528 4529 4530
v -12.297291314473327 8.908438385638712 0.1
v -13.029938173172024 9.733432780118314 0.1
v -11.405609713379874 8.695213762982277 0.1
v -12.279123261521969 9.298354017916914 0.1
v -11.848872122559937 9.137371601672333 0.1
l 4531 4532 4533 4534 4535
v -3.8189704748166697 -1.3013109971704582 0.1
v -3.813020593151635 -1.464306667232563 0.1
v -4.642965341302869 -0.7613493221210534 0.1
v -4.472334085938298 -1.8197234932028268 0.1
v -3.6229174506755015 -1.5011707229932247 0.1
l 4536 4537 4538 4539 4540
v -14.298086389669411 5.233104719953388 0.1
v -14.840820953230095 4.8075348269796505 0.1
v -15.053601715497813 3.820748396405219 0.1
v -15.329098136989126 5.287034726671268 0.1
v -13.923380272010837 5.6904518367222785 0.1
l 4541 4542 4543 4544 4545
v -1.3851539818202012 -5.536409004870384 0.1
v -0.45988646519054455 -5.083855832188247 0.1
v -0.1884003926170157 -3.7217263649345758 0.1
v -0.8154809819896927 -4.994498638552722 0.1
v -0.5080113388796985 -5.02615114581905 0.1
l 4546 4547 4548 4549 4550
v -11.569458685822223 -8.668604675824875 0.1
v -11.62192848683814 -8.282003676788548 0.1
v -10.643656615823446 -7.2587427428715054 0.1
v -10.942726261581319 -7.644453608514448 0.1
v -10.078684406610863 -8.84184097254428 0.1
l 4551 4552 4553 4554 4555
v -9.067761710673507 -11.270341816607663 0.1
v -9.897514526623597 -11.115296988998889 0.1
v -8.511885478223967 -11.746032367493338 0.1
v -9.275910222542809 -12.550924150186068 0.1
v -8.717761749789917 -12.519231373747207 0.1
l 4556 4557 4558 4559 4560
v -6.7567558410618105 -2.662959947569312 0.1
v -6.053720264170208 -3.746781770234932 0.1
v -7.010331857756071 -2.0622008665525624 0.1
v -6.197614244473579 -3.434164369731945 0.1
v -7.537013444224268 -2.9107698234032755 0.1
l 4561 4562 4563 4564 4565
v -4.3176344086322 1.8961093923429053 0.1
v -4.805059333853501 1.6969560433408484 0.1
v -5.081455110535152 2.2558121107075606 0.1
v -4.2638116324453765 2.9987281947259037 0.1
v -5.295184371448939 2.3649129534592346 0.1
l 4566 4567 4568 4569 4570
v -11.671932260184068 -2.5545911417653064 0.1
v -11.485334136844184 -1.8048720681990904 0.1
v -12.539232069536554 -1.6765042431485122 0.1
v -11.627403530907173 -1.7209520872213948 0.1
v -12.149947836367287 -2.1698411475999677 0.1
l 4571 4572 4573 4574 4575
v -2.7858623884183196 -7.582233308916992 0.1
v -1.3990477593603017 -7.236789871151204 0.1
v -1.220671577058623 -7.4627633585348105 0.1
v -2.395198003343625 -8.600667911809893 0.1
v -1.4873300055447802 -8.385148366686419 0.1
l 4576 4577 4578 4579 4580
v -2.676059147524459 -10.193591116631705 0.1
v -2.895936918036266 -10.7758423740584 0.1
v -2.2340168902457602 -11.57333712928946 0.1
v -3.655031509544151 -11.518511656330357 0.1
v -2.7290838507082134 -10.918360622926114 0.1
l 4581 4582 4583 4584 4585
v 11.62778024284814 -12.763884928409437 0.1
v 10.267724760443441 -13.62312064372541 0.1
v 11.613697030746902 -13.920186160966532 0.1
v 11.973829702183442 -14.25549150984002 0.1
v 11.212418710295083 -14.005120436212795 0.1
l 4586 4587 4588 4589 4590
v -5.822545693292099 4.300683528360754 0.1
v -5.31374825617675 5.141494731990898 0.1
v -5.627111778461016 3.964470376115514 0.1
v -4.538390910803326 4.8822249862419715 0.1
v -5.993940584797997 5.025643743137852 0.1
l 4591 4592 4593 4594 4595
v -8.768586682402786 -13.794078775691162 0.1
v -8.38782788633696 -13.382959325498884 0.1
v -9.722011098994637 -14.138676461102182 0.1
v -8.908516006031038 -13.21226198519416 0.1
v -8.981303346972256 -12.893259266068336 0.1
l 4596 4597 4598 4599 4600
v -9.944775338142371 8.347069880508116 0.1
v -10.615708971114177 8.444907072501447 0.1
v -10.129887831346776 6.985502671973791 0.1
v -10.2081160339139 7.914508328637333 0.1
v -11.035132825167102 8.279917143059542 0.1
l 4601 4602 4603 4604 4605
v -12.486346963316787 -1.7577830890634065 0.1
v -12.815899736810096 -2.571228110018711 0.1
v -12.780219179713514 -2.5991974931975443 0.1
v -11.795223682382428 -2.743550125626556 0.1
v -12.982222911884064 -1.3541373425184087 0.1
l 4606 4607 4608 4609 4610
v 7.000237398573911 15.406318831000753 0.1
v 7.7078735834010805 13.905778616510442 0.1
v 7.086734935403372 14.813301294546697 0.1
v 6.02774965247248 15.202150166013215 0.1
v 7.567389214590735 15.297302397851437 0.1
l 4611 4612 4613 4614 4615
v -1.1631682500067078 -1.4462542266327383 0.1
v -1.429876729138753 -1.3121945726036766 0.1
v -0.742006685752765 -1.489493060194635 0.1
v -0.15869841674287266 -1.4468154487833162 0.1
v -1.3012357880516412 -1.5571643920922604 0.1
l 4616 4617 4618 4619 4620
v 13.970525139352688 13.9769789525516 0.1
v 14.53125267740991 13.140636309880504 0.1
v 13.710784787255989 14.062037926565292 0.1
v 13.69849259128023 13.387159987629456 0.1
v 13.334642821621985 13.299290809484878 0.1
l 4621 4622 4623 4624 4625
v 3.1071257765723495 -6.223935101338672 0.1
v 3.1590451750524617 -6.028400112824585 0.1
v 3.2885799175191126 -6.431473559494023 0.1
v 3.26551440924832 -7.521485521206652 0.1
v 3.0038199241576793 -5.667677244572024 0.1
l 4626 4627 4628 4629 4630
v 13.967439660690502 9.783625833864297 0.1
v 13.448133680074333 11.209045430096856 0.1
v 14.015700321290517 10.915533317259868 0.1
v 13.115846854740758 10.726363845158364 0.1
v 14.892213501046207 10.354307839355657 0.1
l 4631 4632 4633 4634 4635
v -6.155566106352741 -3.2592101422052977 0.1
v -4.670924084102998 -3.483593067616648 0.1
v -5.810504061076963 -2.7222628558820947 0.1
v -5.764303460267378 -4.181272573758649 0.1
v -5.196022848482917 -4.24699912796679 0.1
l 4636 4637 4638 4639 4640
v 14.383437190234503 6.218357489982107 0.1
v 13.948561665214346 5.449761305184943 0.1
v 15.700817958949521 6.3452959272477285 0.1
v 15.263520606921785 4.884298726082327 0.1
v 14.475272627512563 6.6193249127054665 0.1
l 4641 4642 4643 4644 4645
v 13.336259926749733 12.542941996416102 0.1
v 14.791931735343143 10.870142911814158 0.1
v 14.273898871870061 11.76033547469147 0.1
v 13.302906527957116 11.826789251948425 0.1
v 13.6562884146636 10.913236220144396 0.1
l 4646 4647 4648 4649 4650
v -3.4415284440960585 -7.109385914117624 0.1
v -2.5108821794883323 -6.974395475076472 0.1
v -3.6226768996432313 -7.615442167426905 0.1
v -2.787351233608212 -6.187306198834898 0.1
v -3.0032911163345926 -6.060707309586217 0.1
l 4651 4652 4653 4654 4655
v -11.647089654651717 -12.803038666246973 0.1
v -11.32426478263975 -13.312425400499583 0.1
v -11.722102646573049 -13.615257850339987 0.1
v -12.770209360144943 -13.534608771071554 0.1
v -12.959538820735386 -12.473799410404956 0.1
l 4656 4657 4658 4659 4660
v -3.1828596152388915 -3.1518644220629355 0.1
v -1.6110101935678596 -1.7460375067313738 0.1
v -3.2275844286817454 -2.5059324725242336 0.1
v -3.159096376236456 -1.4831144806190357 0.1
v -3.4335032204608327 -2.4844323238016637 0.1
l 4661 4662 4663 4664 4665
v 1.8225904240774058 9.541769425489978 0.1
v 3.2923492784856725 9.553284365685624 0.1
v 1.4725787870396745 8.607797761579278 0.1
v 3.423566330825321 7.705622956641591 0.1
v 3.350380053044363 8.132328673551703 0.1
l 4666 4667 4668 4669 4670
v -13.446151890924801 -11.107148612325402 0.1
v -13.430080329372231 -12.251163656389213 0.1
v -13.834851317718371 -12.811026767635534 0.1
v -14.448251032094047 -11.902094075096091 0.1
v -12.962821026499931 -12.589194514500464 0.1
l 4671 4672 4673 4674 4675
v -4.029951095638271 6.864941932268204 0.1
v -2.537409627087169 6.589969853050873 0.1
v -4.25400293574061 7.175519532337736 0.1
v -4.267245985802841 7.033266729747075 0.1
v -2.4198931348701405 6.555416336940995 0.1
l 4676 4677 4678 4679 4680
v -6.29297753224892 -4.709803541128782 0.1
v -5.780343303581359 -3.6110135330917914 0.1
v -6.987770400692377 -3.481606929063088 0.1
v -6.422494489218028 -3.8625908614503497 0.1
v -6.54140295711905 -4.330065529309666 0.1
l 4681 4682 4683 4684 4685
v 1.2568591383865046 -11.476220930377826 0.1
v 1.3106823305255793 -10.350483685191136 0.1
v 1.22313457178214 -10.395369534827385 0.1
v 1.0631259374203046 -10.53493635838546 0.1
v -0.4794540578013162 -11.444679551235698 0.1
l 4686 4687 4688 4689 4690
v 6.566979065719174 11.3482028642985 0.1
v 5.734821066611921 11.358870562849553 0.1
v 6.518599229346657 12.969584193645105 0.1
v 5.142308643568765 12.335210177067218 0.1
v 5.734386424322853 12.39036383366636 0.1
l 4691 4692 4693 4694 4695
v -13.450795393359394 0.5851671382531847 0.1
v -12.272442166748082 1.104255947571663 0.1
v -12.364477704234952 1.0769798444368301 0.1
v -13.471982409233213 0.4275195074256639 0.1
v -12.979639728934108 0.9152824987242771 0.1
l 4696 4697 4698 4699 4700
v 12.927373243324181 11.050267467809183 0.1
v 13.324132624009753 11.44174340526382 0.1
v 12.988148379438563 10.853520102381683 0.1
v 12.975962149266179 12.310471739595771 0.1
v 13.408897895493533 10.658850051169253 0.1
l 4701 4702 4703 4704 4705
v -11.050204753755859 8.402801661688882 0.1
v -10.661516777212356 7.879997926042904 0.1
v -10.443759026292444 7.098034277975741 0.1
v -11.383051671763225 7.863840350581483 0.1
v -11.887670745526327 8.05004188850542 0.1
l 4706 4707 4708 4709 4710
v 2.563068802726159 -12.150210945526284 0.1
v 0.8679776725943273 -12.755645171346362 0.1
v 2.0298155988377835 -12.98608884282892 0.1
v 1.8322088752367083 -12.91599269933387 0.1
v 0.9515401128436889 -13.806655406620846 0.1
l 4711 4712 4713 4714 4715
v -5.421173491205032 -8.171705401611899 0.1
v -6.178276092782122 -9.7592546477787 0.1
v -6.535972808569765 -8.4106745563625 0.1
v -6.90348790233724 -8.24395525792173 0.1
v -5.766240639458889 -9.643324970472065 0.1
l 4716 4717 4718 4719 4720
v 1.4844472330692817 3.351232529983254 0.1
v 3.1359217733528246 2.7588973983218 0.1
v 2.580834396923308 2.6044868200763887 0.1
v 2.912071118310168 1.521953671840996 0.1
v 1.8744789087767642 1.635056051194182 0.1
l 4721 4722 4723 4724 4725
v -12.155240793594338 -13.869593962566947 0.1
v -10.7778895445401 -13.962972510538526 0.1
v -12.147466161943033 -13.96736314478006 0.1
v -11.846491663991209 -13.056264048129025 0.1
v -11.05092980162176 -12.820325148813938 0.1
l 4726 4727 4728 4729 4730
v 9.042767458304798 11.4434434569014 0.1
v 8.626599719692328 11.220399940018696 0.1
v 8.718622269315288 13.137435557438653 0.1
v 9.494560863846372 11.85150348838632 0.1
v 7.846229768513126 11.188965427527153 0.1
l 4731 4732 4733 4734 4735
v 0.5691684887343109 3.7383194788581 0.1
v 1.1692770916850208 1.893351267138205 0.1
v -0.7049037315748199 2.1419782636986637 0.1
v -0.2810648974969665 2.8664743671891504 0.1
v 0.5048178404225447 2.486007818111894 0.1
l 4736 4737 4738 4739 4740
v 1.3685200045913082 5.17680703077455 0.1
v 0.247129856646364 5.423205786070523 0.1
v 1.611662478972629 4.401586088398325 0.1
v 0.6993863671001397 4.796420626323727 0.1
v 1.5531198594188247 5.290300696154112 0.1
l 4741 4742 4743 4744 4745
v 13.177541287756208 -7.872564968725335 0.1
v 14.189876622414598 -7.382433027191042 0.1
v 13.660962855234681 -8.10907778469357 0.1
v 12.777632621383056 -7.258870258289249 0.1
v 14.332438307907783 -8.53011868158071 0.1
l 4746 4747 4748 4749 4750
v 14.047880573296089 7.09278567073243 0.1
v 13.969977699017116 7.815147395285179 0.1
v 13.261869180287977 7.6862529148719485 0.1
v 13.740583378373236 7.939730481599729 0.1
v 13.807920087835146 7.9765544412382825 0.1
l 4751 4752 4753 4754 4755
v 5.883714638605813 9.728834576816611 0.1
v 7.174144150014696 11.597902966939097 0.1
v 6.1291374416550735 10.841680684570672 0.1
v 6.345408566842844 9.872041676447683 0.1
v 6.311756402497352 11.17014615214121 0.1
l 4756 4757 4758 4759 4760
v 10.61805133690368 9.49337114209913 0.1
v 9.514490473330408 10.020407861513977 0.1
v 10.202755073933794 9.608781493632755 0.1
v 9.98822613832816 9.365139127261298 0.1
v 10.643905236200832 9.251684500974822 0.1
l 4761 4762 4763 4764 4765
v -3.9712703178079263 10.11858387776065 0.1
v -4.388249408686911 9.437822783243165 0.1
v -4.000688230628217 9.32434340957203 0.1
v -3.8649809477057127 10.473874038916323 0.1
v -3.8593547174443517 9.695946248907537 0.1
l 4766 4767 4768 4769 4770
v 12.60356804667379 -15.75501501569913 0.1
v 12.962318943763938 -14.666580189416443 0.1
v 13.595310743618494 -14.695355680989952 0.1
v 12.819177225786891 -15.520880619040796 0.1
v 13.035063017626282 -14.780316750544186 0.1
l 4771 4772 4773 4774 4775
v -5.715114130326718 14.263115852688827 0.1
v -6.657318122976472 14.659678455465816 0.1
v -6.543438218969828 14.86327351035437 0.1
v -6.647192219759443 14.994695838898343 0.1
v -7.136758477464455 15.548814662627526 0.1
l 4776 4777 4778 4779 4780
v -9.947447815914368 13.820469100988571 0.1
v -8.931094260924429 13.284931528528633 0.1
v -8.423880901785807 12.672125502068607 0.1
v -9.279434274226183 13.268770582603192 0.1
v -8.71777646256621 13.94430106252226 0.1
l 4781 4782 4783 4784 4785
v -1.7057106166709346 1.1044637352224727 0.1
v -1.6085236498100957 1.1286095475720972 0.1
v -0.6070264882792065 2.4331456717941493 0.1
v -1.0285760940696198 1.5769789254039392 0.1
v -0.40061983001427537 1.9349490277490404 0.1
l 4786 4787 4788 4789 4790
v 2.0864626966420596 -6.110492391203021 0.1
v 0.64921197963089 -5.634251285239795 0.1
v 0.7977371493550487 -4.8427812899059335 0.1
v 0.9236161433585692 -5.883895911231333 0.1
v 1.9309518412327695 -5.7101878396671815 0.1
l 4791 4792 4793 4794 4795
v 6.675212659072509 4.831890474961591 0.1
v 6.412747548490734 3.5386959170428662 0.1
v 6.994082887986527 3.1375522788508716 0.1
v 6.9084022814927515 3.7831026961167193 0.1
v 5.8836901324277955 4.155508840732421 0.1
l 4796 4797 4798 4799 4800
v 4.906989563864467 -5.213862140585324 0.1
v 4.506783944226582 -5.601781565738752 0.1
v 4.064261150098049 -5.05563770499105 0.1
v 4.5955786912446746 -4.986600636441349 0.1
v 4.786676464757739 -5.908313750119696 0.1
l 4801 4802 4803 4804 4805
v -3.117740177302009 0.9245190532359628 0.1
v -4.635618250998354 0.3709769947032493 0.1
v -3.643126978076023 2.269787257567139 0.1
v -3.4929220173627034 1.8752208686116527 0.1
v -3.741301864139453 1.8084715356700098 0.1
l 4806 4807 4808 4809 4810
v 8.558715785821063 -2.930455609810863 0.1
v 9.755869131809265 -2.398948984584118 0.1
v 8.630964665816874 -3.009199362518376 0.1
v 10.294741806456463 -2.042482429602649 0.1
v 9.036132586826836 -3.522077572899908 0.1
l 4811 4812 4813 4814 4815
v 13.177487313283756 -12.52872021951233 0.1
v 12.018927258135367 -13.481715068306187 0.1
v 13.668531786199456 -14.30521209954069 0.1
v 12.622777018810327 -13.277928373965633 0.1
v 12.341869134854829 -13.446494934685187 0.1
l 4816 4817 4818 4819 4820
v -11.128075632236778 -13.698216856524157 0.1
v -11.281204496051512 -15.018600826944606 0.1
v -10.826145894901856 -15.444522770732952 0.1
v -11.504941593745135 -14.715030424801235 0.1
v -12.041324451500758 -14.221520316731382 0.1
l 4821 4822 4823 4824 4825
v -8.3091602496245 -14.844153008762554 0.1
v -8.816205775701174 -14.51994199102352 0.1
v -8.753487282326473 -13.822473171799476 0.1
v -9.668832341461885 -14.67309986493366 0.1
v -9.914172847514132 -13.308971427128716 0.1
l 4826 4827 4828 4829 4830
v -14.018469279074736 8.9890870317502 0.1
v -12.787120985061394 9.455589843181865 0.1
v -14.138046712361524 9.389727805047844 0.1
v -12.800960693299539 8.866993360479352 0.1
v -13.096846094681908 10.209240205502443 0.1
l 4831 4832 4833 4834 4835
v 6.170872641724406 -14.340016179026701 0.1
v 6.993105437418428 -13.509410778853963 0.1
v 7.477098942957908 -13.993399119957449 0.1
v 5.980784393809619 -13.665530136801628 0.1
v 7.385410989495032 -14.238040323728555 0.1
l 4836 4837 4838 4839 4840
v -1.8179785263814812 14.3588303522629 0.1
v -2.229881497649993 12.876785012279539 0.1
v -2.3738706619136147 14.571445391767728 0.1
v -2.004855848785141 13.440258307283091 0.1
v -3.395740978924027 14.535469631890097 0.1
l 4841 4842 4843 4844 4845
v 8.868279671677708 -7.424922580081425 0.1
v 7.595731546208941 -6.763866727096252 0.1
v 7.964422230839347 -5.600906611156278 0.1
v 8.439247315489322 -6.1518467605110265 0.1
v 7.290068695016801 -6.7189616171254 0.1
l 4846 4847 4848 4849 4850
v -1.1934056522600165 -10.205214242722857 0.1
v 0.27493483326230117 -9.768646737522193 0.1
v -0.9797473572673641 -10.135564295482972 0.1
v -0.6184122775412912 -10.026029533029714 0.1
v -0.2902163355504399 -8.816359731201215 0.1
l 4851 4852 4853 4854 4855
v 12.992771491418692 2.4156291949074857 0.1
v 13.731366062882513 3.1348352912472737 0.1
v 13.635982769564533 2.953870834644345 0.1
v 14.32028828637332 2.00015230140957 0.1
v 12.840424743208501 2.4494149023122995 0.1
l 4856 4857 4858 4859 4860
v 3.7164089116376484 5.617836757418951 0.1
v 3.5333368097419013 6.191420181214697 0.1
v 4.184171425021618 7.256498893612406 0.1
v 2.936018224935975 6.280280203972169 0.1
v 3.049532636096194 7.165965493109659 0.1
l 4861 4862 4863 4864 4865
v 10.33508306079521 -3.729872912300916 0.1
v 9.81189050970443 -3.730151791085774 0.1
v 9.928561705826416 -2.961538501893081 0.1
v 8.883260003523375 -2.7548368718835694 0.1
v 9.490274838980133 -2.9384263984787107 0.1
l 4866 4867 4868 4869 4870
v 6.122178529294465 -12.949862568173028 0.1
v 6.455019025436538 -12.749835458129839 0.1
v 6.399616257904611 -13.348652972028054 0.1
v 7.000618085967318 -12.806845146315691 0.1
v 7.709197959722301 -12.3514862970687 0.1
l 4871 4872 4873 4874 4875
v 14.802867423749918 -6.0399838528389855 0.1
v 15.32859986768066 -6.543700626748054 0.1
v 14.413704004517701 -6.170816862961019 0.1
v 14.334167351558763 -6.858656912536255 0.1
v 14.5043418303671 -6.144722131379168 0.1
l 4876 4877 4878 4879 4880
v -10.584550751826459 -5.762952093090178 0.1
v -10.68799033676026 -6.9163362272805085 0.1
v -10.093409733322344 -7.186995206667099 0.1
v -9.827503154190833 -5.393778846719339 0.1
v -9.562126014335218 -6.47889288013619 0.1
l 4881 4882 4883 4884 4885
v -2.1325944800016114 -11.62268679397838 0.1
v -1.614958156006619 -11.348456444172385 0.1
v -2.0362199862978354 -11.905879918342773 0.1
v -2.751589874478322 -11.060093950484005 0.1
v -2.4605912139995034 -10.146687588985401 0.1
l 4886 4887 4888 4889 4890
v -8.187215202010258 -3.448833565978517 0.1
v -8.55153384968699 -5.047231645673914 0.1
v -8.707925077884266 -4.550147785515781 0.1
v -9.248186128195776 -4.47026523995445 0.1
v -9.589288947168086 -3.3209736479967593 0.1
l 4891 4892 4893 4894 4895
v 14.600897548869119 14.749347590271455 0.1
v 14.898981941577912 14.831579379536386 0.1
v 14.27218133503668 14.504160976836499 0.1
v 14.082432424488138 14.239854820003082 0.1
v 15.315879485550138 13.826767133671357 0.1
l 4896 4897 4898 4899 4900
v -12.201028420277963 1.7926217191989726 0.1
v -12.10920829909687 1.237361093387343 0.1
v -12.329948420872954 1.1758926747967862 0.1
v -10.888646370596074 2.6433749423065787 0.1
v -12.200632276246933 2.4052772787020595 0.1
l 4901 4902 4903 4904 4905
v -6.772654477691047 -3.912491452551132 0.1
v -6.240645649763072 -3.791698196455488 0.1
v -6.111700445087794 -2.7018094142907896 0.1
v -6.909373958927677 -3.902791333834114 0.1
v -5.9946212242495225 -3.736373982410864 0.1
l 4906 4907 4908 4909 4910
v -10.424465846947403 -11.523167835840823 0.1
v -9.26162472592795 -13.461974554385197 0.1
v -10.417340087053736 -12.9859513003858 0.1
v -9.213470025052333 -12.158108626295395 0.1
v -10.119206094257361 -13.441286436397862 0.1
l 4911 4912 4913 4914 4915
v -12.144616514910734 9.969052206360278 0.1
v -13.088710560714114 9.013469790786624 0.1
v -13.590877584777363 10.140706109526892 0.1
v -12.45195461352867 9.82530427038151 0.1
v -13.314067124078122 9.602518531822842 0.1
l 4916 4917 4918 4919 4920
v 5.275627545332222 1.982753445313165 0.1
v 5.13253530784831 1.0237520176803294 0.1
v 5.392643624889724 2.0238981503611533 0.1
v 4.321673523037458 0.5176135740618641 0.1
v 5.244826815171819 0.6483716128196606 0.1
l 4921 4922 4923 4924 4925
v 0.0615475571564037 10.658426584952993 0.1
v 0.738334156256846 10.901052196862638 0.1
v -0.8505902825508853 9.319091247885154 0.1
v -0.2685242909830392 11.190464757845628 0.1
v 0.09428471488791956 9.860678620659403 0.1
l 4926 4927 4928 4929 4930
v -12.879184173087943 -4.58630419038614 0.1
v -12.880636063431563 -4.855767894593326 0.1
v -13.279420099771775 -4.537238894335196 0.1
v -14.278476435131651 -5.542669820492254 0.1
v -14.111629478751997 -5.604568476137045 0.1
l 4931 4932 4933 4934 4935
v 12.348786049929865 9.544913088655118 0.1
v 13.46239097627971 9.433171295509812 0.1
v 13.080238478015229 7.794241157533483 0.1
v 11.815982050535391 9.563887724149815 0.1
v 13.453229867185033 8.337193446383274 0.1
l 4936 4937 4938 4939 4940
v 12.607580723010289 4.328644649486556 0.1
v 11.38154736095442 4.318434811254649 0.1
v 12.872022574403042 4.032749465444861 0.1
v 11.931527034294923 5.3394878546896685 0.1
v 10.986654216614824 4.685083877124218 0.1
l 4941 4942 4943 4944 4945
v 11.24951700732684 5.918957730766492 0.1
v 10.310537261816464 7.51531608482367 0.1
v 11.821431707816412 6.817317185074738 0.1
v 11.796683998012432 6.493960575147941 0.1
v 10.086912362550143 5.912485436493244 0.1
l 4946 4947 4948 4949 4950
v -9.414561556639512 -11.470378260484376 0.1
v -9.792347513356095 -11.802488312580051 0.1
v -9.030922071924206 -11.758222951286461 0.1
v -9.462150764915311 -12.884657210426052 0.1
v -9.72399916900243 -11.599155572537995 0.1
l 4951 4952 4953 4954 4955
v 2.9390566535001073 1.4634009570141018 0.1
v 2.614273499744232 1.3746497552467165 0.1
v 3.640698290011443 1.603506920050884 0.1
v 2.5737570784581423 1.7807911657893765 0.1
v 3.063728969786875 2.4691935067629815 0.1
l 4956 4957 4958 4959 4960
v -0.16240709851317292 -1.8653897156364796 0.1
v -0.5427172965559446 -1.9783236912376245 0.1
v -0.43882266039552964 -1.6090970690013011 0.1
v -0.003411946745869532 -1.8252781270748442 0.1
v -0.25734092117810414 -0.4541844066398344 0.1
l 4961 4962 4963 4964 4965
v -3.600006205789496 7.639153008430375 0.1
v -2.2784426673342475 8.306375967049071 0.1
v -3.436183451421067 8.49405084116669 0.1
v -3.336269345647999 7.68606473485719 0.1
v -2.4118044013658766 8.603402665120862 0.1
l 4966 4967 4968 4969 4970
v -13.366588047944475 13.972858587040713 0.1
v -13.848173958871019 12.886997421522878 0.1
v -14.907209382154333 13.659736624285962 0.1
v -14.37588873086245 12.889470478302187 0.1
v -13.430496511624451 12.291740037215053 0.1
l 4971 4972 4973 4974 4975
v 5.047024797223354 9.433700057629876 0.1
v 3.777145544223149 9.33474383508619 0.1
v 4.122196676785232 9.494124559068547 0.1
v 4.567934611693518 9.063563777822216 0.1
v 3.4058006720494367 8.735445825462099 0.1
l 4976 4977 4978 4979 4980
v 8.969426650530997 -10.728970838445855 0.1
v 9.027299559812253 -10.36327407397331 0.1
v 8.860234536082341 -10.537735344771534 0.1
v 8.967016587511102 -10.211471649909232 0.1
v 8.383504870974878 -10.574758790966314 0.1
l 4981 4982 4983 4984 4985
v -7.799834962876707 -1.756714554381154 0.1
v -7.910132966175349 -2.1928229833410473 0.1
v -9.274349906395274 -1.8974843131746617 0.1
v -8.42731830008673 -2.8638838764752315 0.1
v -9.49740155479651 -1.564924520468357 0.1
l 4986 4987 4988 4989 4990
v -1.9875797586317265 -7.508987372067169 0.1
v -1.9297347128115632 -7.7206133961951995 0.1
v -1.3013301612886965 -7.23395206606048 0.1
v -1.675257470313805 -6.529978190864666 0.1
v -0.9555498818422463 -6.147648548269468 0.1
l 4991 4992 4993 4994 4995
v -2.8954023917050113 -12.398432636229913 0.1
v -3.954802317957456 -13.53965753526813 0.1
v -3.7054998949658575 -13.49545163164887 0.1
v -3.451929128280851 -12.547233061442238 0.1
v -2.4650427636614056 -12.688383605244608 0.1
l 4996 4997 4998 4999 5000
v 13.047007510234593 3.9721383246823967 0.1
v 11.923964520574481 4.093141978203882 0.1
v 12.993042566578291 4.902448885090221 0.1
v 11.75154217829745 4.992604501082251 0.1
v 12.05849992816142 4.132378166240263 0.1
l 5001 5002 5003 5004 5005
v -6.38789264613784 -3.6320334598650215 0.1
v -5.37427015123808 -3.8560516484839855 0.1
v -5.059108869041538 -4.109253052305587 0.1
v -5.016420168503337 -4.280252388225176 0.1
v -6.363293322341256 -2.757000626088274 0.1
l 5006 5007 5008 5009 5010
v 13.758065719133661 1.836563004626064 0.1
v 12.091525186964041 3.670424901972053 0.1
v 13.849402828200889 2.8405520202608687 0.1
v 12.25739603943047 1.8503369199779767 0.1
v 13.743230786173246 2.7964484345045393 0.1
l 5011 5012 5013 5014 5015
v 6.24470651639629 11.779136406853471 0.1
v 7.012490139521584 11.399293077622808 0.1
v 7.487576841126601 11.460319025677078 0.1
v 7.790737561617838 11.700674393883633 0.1
v 8.13679705035705 12.263336389737109 0.1
l 5016 5017 5018 5019 5020
v 11.55939980044439 -13.33282831666634 0.1
v 12.086071344697114 -12.633156618616226 0.1
v 11.265525455264786 -14.107768310377146 0.1
v 11.667712550557688 -13.756503610230732 0.1
v 10.365625626492449 -13.152872273651207 0.1
l 5021 5022 5023 5024 5025
v 8.997070957519158 14.551626818023397 0.1
v 9.25138920470171 15.170855702411805 0.1
v 8.893389448792007 14.708217667852912 0.1
v 8.104434830169602 13.793043839890082 0.1
v 9.602557505304468 13.828066569533261 0.1
l 5026 5027 5028 5029 5030
v 7.593673849889158 -3.9668074348384783 0.1
v 7.6902508743678055 -4.59940323882094 0.1
v 7.28985578905599 -2.8166066504591063 0.1
v 7.719707509123038 -3.7893305289163965 0.1
v 8.4119903852484 -4.604780609677424 0.1
l 5031 5032 5033 5034 5035
v -11.523220988261123 14.02524116016912 0.1
v -11.056178176040671 14.03606670092409 0.1
v -10.864335242611267 12.996453242244765 0.1
v -10.460712179243892 13.907994735915851 0.1
v -11.109211496717322 12.731972631347954 0.1
l 5036 5037 5038 5039 5040
v 6.220180922694826 0.3361123367604113 0.1
v 5.481765031724222 0.17454309860657014 0.1
v 7.32838323328588 1.3401688221145611 0.1
v 6.496680511999723 1.8929738659965336 0.1
v 6.752210431502489 1.6175480873471422 0.1
l 5041 5042 5043 5044 5045
v 4.712115331971907 -12.043074685358315 0.1
v 5.914232928770691 -12.292893823395072 0.1
v 4.8847531343510555 -12.908817351773186 0.1
v 5.17846038363394 -12.021111661393713 0.1
v 4.591063668093695 -13.121788738430576 0.1
l 5046 5047 5048 5049 5050
v 5.688314961505971 -9.366073814181737 0.1
v 4.660909472245145 -9.938123763485065 0.1
v 5.168566985804323 -8.528296274462617 0.1
v 6.276248718792927 -10.182546137578314 0.1
v 6.036627008410042 -9.654133036005842 0.1
l 5051 5052 5053 5054 5055
v 10.688284711066519 4.840587985759141 0.1
v 11.131070193648387 4.970516688686098 0.1
v 10.335639441535799 4.974979516976278 0.1
v 10.255194575861852 6.060185078242931 0.1
v 10.840690097273365 6.353842924037652 0.1
l 5056 5057 5058 5059 5060
v -14.684059708018182 -6.867018981067187 0.1
v -13.524505803002244 -7.691882027551101 0.1
v -13.946786148729801 -6.998228305368824 0.1
v -15.246601710139602 -7.143806496367703 0.1
v -14.369292589784692 -7.603330981188931 0.1
l 5061 5062 5063 5064 5065
v 7.221449570775463 -1.2892290643938935 0.1
v 6.800325653698362 -3.1059495612321886 0.1
v 6.697974462327771 -2.9448750483587975 0.1
v 6.464617096528568 -1.6880969544328899 0.1
v 7.174428976684743 -2.697941715055056 0.1
l 5066 5067 5068 5069 5070
v -10.825948125662556 15.24656736174423 0.1
v -10.408774514299648 15.015663757352584 0.1
v -11.10767364657153 14.878163581368105 0.1
v -10.877101384090311 14.29176247155393 0.1
v -11.043381630575688 14.499726975882352 0.1
l 5071 5072 5073 5074 5075
v -4.201724133200155 9.167533889607201 0.1
v -5.008018789145916 8.814966147526361 0.1
v -3.574702100037104 9.968179847734998 0.1
v -4.859610053914923 10.15454530289816 0.1
v -4.93747138472919 10.23066524114468 0.1
l 5076 5077 5078 5079 5080
v -5.229426077509384 13.908727136089311 0.1
v -5.529274186351487 12.686837965517245 0.1
v -5.6043446221153745 12.836482039113761 0.1
v -4.2026747382972784 12.964603307127469 0.1
v -5.038764664851884 14.128545860180576 0.1
l 5081 5082 5083 5084 5085
v 2.3088732059484762 8.634155705910246 0.1
v 1.2719006511633129 9.393832155876273 0.1
v 1.8094119812611644 9.126963976004484 0.1
v 2.089187210091416 9.14707277508757 0.1
v 1.9501423407162888 9.721897283586303 0.1
l 5086 5087 5088 5089 5090
v -11.446460378961532 -6.792607531007535 0.1
v -11.339262014883975 -7.828692935236375 0.1
v -10.851012668085627 -7.780037673026243 0.1
v -11.672808073564749 -7.951150187845479 0.1
v -12.610911187474953 -6.816755278868627 0.1
l 5091 5092 5093 5094 5095
v -7.2525052648843245 -7.353381038175582 0.1
v -7.88240413919996 -7.317836617930781 0.1
v -6.728547533165349 -8.48150299158565 0.1
v -7.423029026901292 -8.417698203168158 0.1
v -6.735950279632275 -7.96122590198166 0.1
l 5096 5097 5098 5099 5100
v 10.71085237896029 13.017883737800194 0.1
v 11.600115692390391 13.843845421424579 0.1
v 10.206802860278273 12.852433306437767 0.1
v 10.366900630389178 14.419573321198044 0.1
v 11.89375466281996 13.662426516975703 0.1
l 5101 5102 5103 5104 5105
v 5.26639952772506 7.6623866734835335 0.1
v 4.567685429087652 7.483702214748307 0.1
v 4.501849701592928 8.429408320471511 0.1
v 4.935369292251573 7.9622775797757726 0.1
v 5.318008282575848 7.409658072635052 0.1
l 5106 5107 5108 5109 5110
v -1.4096980040630496 8.021885985066007 0.1
v -0.6873468306715766 7.223693674780091 0.1
v -1.0185002300358317 7.803252711827551 0.1
v -0.23818652833664444 6.512754833935977 0.1
v -0.649056420112861 6.52818756778777 0.1
l 5111 5112 5113 5114 5115
v -9.588738337237352 10.928012505693584 0.1
v -9.109148678224013 10.901976902194955 0.1
v -10.59211706416897 11.007612709388841 0.1
v -9.04279995223262 9.291905569469339 0.1
v -10.632717671400655 10.01795309573216 0.1
l 5116 5117 5118 5119 5120
v -2.4128816179366703 8.740416809755528 0.1
v -2.928094745571105 8.193940522500498 0.1
v -1.8906235022019944 7.7215269097705805 0.1
v -1.6819468659259842 7.50215757068633 0.1
v -2.5160181503931947 9.09757558579905 0.1
l 5121 5122 5123 5124 5125
v -10.984841374948921 0.6577092462898435 0.1
v -11.25007982337496 -0.8187056174617233 0.1
v -10.309146107952893 -0.7785500499453046 0.1
v -11.379953142371967 0.5996788731188838 0.1
v -10.199053876995457 -0.1637932845784149 0.1
l 5126 5127 5128 5129 5130
v -12.326628641337456 -10.169190953706867 0.1
v -12.411152063726796 -11.825294691324249 0.1
v -11.374816339758276 -10.744624640229027 0.1
v -11.957976798972833 -11.155412102888407 0.1
v -11.356175727804537 -10.182642845164803 0.1
l 5131 5132 5133 5134 5135
v 2.7022248326249816 14.080274849557206 0.1
v 3.254737150841975 15.181744723132265 0.1
v 2.911968426888415 14.33181156077077 0.1
v 2.601546740423002 14.944254641055467 0.1
v 2.9181778920811734 14.167784550174819 0.1
l 5136 5137 5138 5139 5140
v -10.01979602691832 -12.063361276193227 0.1
v -8.732699173469307 -12.536166860320042 0.1
v -8.100243256118818 -11.56277395251793 0.1
v -9.010845077719427 -11.241156157076794 0.1
v -8.350877682278167 -11.306131488194303 0.1
l 5141 5142 5143 5144 5145
v -2.479744493823351 4.904101461058803 0.1
v -2.4947365809119373 4.094770833240702 0.1
v -1.0954670424801423 5.022753512412605 0.1
v -1.709683614332174 4.242978040985525 0.1
v -2.5654327679935363 3.841200508128442 0.1
l 5146 5147 5148 5149 5150
v -11.34522150562078 10.627999870325032 0.1
v -12.733818629751996 11.72337609238646 0.1
v -11.960494814976165 11.416730617967099 0.1
v -12.127199659810483 11.075150863743968 0.1
v -11.380970964790784 12.134957632477704 0.1
l 5151 5152 5153 5154 5155
v 9.89339474875884 -2.5980553385336687 0.1
v 9.614385947910687 -2.5088145151344587 0.1
v 10.23815360124651 -1.8486211973699351 0.1
v 10.472250096697264 -1.7170519949371346 0.1
v 10.47145182404432 -1.333069929135066 0.1
l 5156 5157 5158 5159 5160
v 12.089104628338482 6.747411382727632 0.1
v 12.389691683399384 6.659175516339401 0.1
v 12.186246226033045 5.680739854405169 0.1
v 12.651957707831269 6.334069759025266 0.1
v 12.6244175985679 5.885727323356918 0.1
l 5161 5162 5163 5164 5165
v -11.103111050714856 -9.70512082353447 0.1
v -11.722367132726689 -9.894607727403375 0.1
v -11.633496923648744 -9.456977889599974 0.1
v -11.334545436264298 -9.293165507465456 0.1
v -10.942871567284337 -8.822517061305557 0.1
l 5166 5167 5168 5169 5170
v 0.7741021940309551 -13.058739377775005 0.1
v 2.4310034135890266 -13.151506075175687 0.1
v 1.6116878433503872 -11.925258744323413 0.1
v 1.9898923997052833 -13.526949665531335 0.1
v 2.4985067532880008 -13.474716320848643 0.1
l 5171 5172 5173 5174 5175
v -3.243700341404366 -1.759899097182598 0.1
v -2.546917530476997 -2.8357617973453264 0.1
v -3.071146554290933 -2.0981206387355993 0.1
v -1.5647195437952341 -2.1050873198101696 0.1
v -2.9071304803019467 -1.928616921740311 0.1
l 5176 5177 5178 5179 5180
v 13.401363176034325 6.601199717893088 0.1
v 13.896463562821582 6.5802646634063295 0.1
v 13.836961515785704 7.55629579224072 0.1
v 13.457498982824196 8.200367808293425 0.1
v 13.042620077309584 6.8410245467746496 0.1
l 5181 5182 5183 5184 5185
v -12.998282350890483 4.584232384975706 0.1
v -11.400999624108891 5.475574368636709 0.1
v -12.729822920125203 4.603582564996006 0.1
v -11.746021994991056 5.078653006521348 0.1
v -12.2322090716448 3.651578474886689 0.1
l 5186 5187 5188 5189 5190
v 9.510053706494217 -9.985978995685825 0.1
v 10.873916006409335 -9.07975340528954 0.1
v 10.713981750102619 -10.480512620595897 0.1
v 10.769749649208379 -8.958012329374975 0.1
v 10.078111484641305 -9.968075906605026 0.1
l 5191 5192 5193 5194 5195
v 1.1858493115484428 -12.833589552589682 0.1
v 1.170330812920685 -11.887306772103331 0.1
v 1.5978610303806926 -12.935223904452728 0.1
v 0.7659772830383849 -11.80736730616557 0.1
v 2.177858806554669 -13.319680473909678 0.1
l 5196 5197 5198 5199 5200
v 11.913273894148334 14.27684898093537 0.1
v 11.456471207711138 13.833094841847926 0.1
v 12.292585723690312 14.632617234023893 0.1
v 12.677721918701847 13.974097706834876 0.1
v 10.738220820145768 14.19442176446482 0.1
l 5201 5202 5203 5204 5205
v -0.4319974862856013 -3.2511738918406166 0.1
v 1.1314964553982456 -4.814894296182748 0.1
v 0.667057672488313 -4.811019483782305 0.1
v 0.33920291335591957 -3.9228447130373283 0.1
v -0.20714852163622766 -3.3731743002295076 0.1
l 5206 5207 5208 5209 5210
v -4.13579953437096 7.211662250083942 0.1
v -2.306470156359458 5.9548347582361885 0.1
v -4.055894479958379 6.781037458941308 0.1
v -2.56684416895603 7.016541242858569 0.1
v -2.5318477688314256 7.790719147327477 0.1
l 5211 5212 5213 5214 5215
v 7.263683010047532 -13.122014128997616 0.1
v 6.916855795424274 -12.061458598620352 0.1
v 7.328238287207415 -13.512546394945605 0.1
v 7.195716141774967 -13.552042663544285 0.1
v 5.877026451016216 -11.903343464820283 0.1
l 5216 5217 5218 5219 5220
v -4.437525095939988 -6.358607696979745 0.1
v -4.56302359898788 -5.035434422384158 0.1
v -5.2100157196141215 -6.511107671280265 0.1
v -5.068346958498445 -5.527768844305474 0.1
v -4.679110800982092 -6.142245036429642 0.1
l 5221 5222 5223 5224 5225
v -9.115254481954182 -2.4894737792356967 0.1
v -9.168118463078462 -2.098076713836285 0.1
v -8.541278064227354 -2.69282168860084 0.1
v -9.378057812465906 -2.320272652641678 0.1
v -8.261159868106535 -1.3801235408458778 0.1
l 5226 5227 5228 5229 5230
v 14.244074093278025 13.66539213972859 0.1
v 13.586011796017182 14.29482287209869 0.1
v 13.367635183824877 13.676220109977542 0.1
v 14.759869810942991 14.624642512373352 0.1
v 14.825877475381011 13.381408992060397 0.1
l 5231 5232 5233 5234 5235
v -13.411674894261015 9.720967579118208 0.1
v -12.77119662087103 9.876116794036596 0.1
v -12.664582860334457 10.915799007987756 0.1
v -14.40454871486072 10.322656697273302 0.1
v -13.786669083344844 10.383935062360194 0.1
l 5236 5237 5238 5239 5240
v 4.629442360974053 2.001345785660273 0.1
v 4.757525344624483 1.8435513664779286 0.1
v 3.4562561492072854 3.471127895408787 0.1
v 4.50530163328013 1.479479538612371 0.1
v 4.537690485628448 2.956930007490124 0.1
l 5241 5242 5243 5244 5245
v -8.117724596880462 -2.1878257633546423 0.1
v -8.228278482221324 -2.6998928498193666 0.1
v -8.415850722039814 -3.9773416557008643 0.1
v -8.383789572597378 -2.8199517152783287 0.1
v -8.830332161096603 -3.3514066996801573 0.1
l 5246 5247 5248 5249 5250
v -9.273521553500352 -13.599426481561894 0.1
v -9.445824334783872 -12.450854076195442 0.1
v -10.430978189266 -12.229761822240812 0.1
v -9.710611126280503 -12.217599798664631 0.1
v -9.044526921944529 -11.67890158135845 0.1
l 5251 5252 5253 5254 5255
v 4.47736929645164 -13.351297559489064 0.1
v 2.699206260732608 -14.188035744701567 0.1
v 4.49710378570197 -14.14028460308006 0.1
v 3.18853927725357 -13.917992858316858 0.1
v 4.385807476334686 -14.902002308900453 0.1
l 5256 5257 5258 5259 5260
v 14.706448369888173 0.48587702678404776 0.1
v 14.925629910612859 0.07186038937025008 0.1
v 13.89265615673895 0.5562733842556911 0.1
v 14.434843486134826 0.4362528571384243 0.1
v 15.258170226023818 0.8336128646284069 0.1
l 5261 5262 5263 5264 5265
v -13.510554224619971 -3.8110508509628795 0.1
v -13.405946704757682 -3.4681981835972397 0.1
v -14.09673383206772 -3.7285030577315483 0.1
v -14.89057911865838 -2.880022755002697 0.1
v -14.097529315941532 -2.026864519139621 0.1
l 5266 5267 5268 5269 5270
v -0.951480998331452 -2.7159344246077817 0.1
v 0.44114577090020024 -1.6644542540281086 0.1
v 0.5065885379477966 -2.786775716290573 0.1
v -0.1616002664080609 -2.9831396239388077 0.1
v 0.09802727453847182 -3.166852694413688 0.1
l 5271 5272 5273 5274 5275
v -7.483859617000417 -11.313669858945108 0.1
v -7.552504181430374 -9.71415371412229 0.1
v -6.987197767775168 -9.660565425730228 0.1
v -7.763155536318619 -10.93266126723968 0.1
v -6.4114559716833295 -10.879291745807766 0.1
l 5276 5277 5278 5279 5280
v 8.034868344252798 12.84750409472621 0.1
v 8.387468354041832 10.92351161357294 0.1
v 8.292439107765672 11.483689568016144 0.1
v 8.041155621015411 11.12038402700848 0.1
v 8.645408906489056 11.644736696722713 0.1
l 5281 5282 5283 5284 5285
v 2.1829662905059886 -15.100385939386873 0.1
v 1.1524130647361446 -13.272193804121104 0.1
v 0.9874275674422683 -15.015880222803707 0.1
v 1.3944184296408992 -13.703096802848282 0.1
v 1.754414652857545 -14.332055177947218 0.1
l 5286 5287 5288 5289 5290
v -9.643136384161243 9.433267272566244 0.1
v -10.788751690030114 9.778080247160798 0.1
v -10.670873305919926 10.20841603445742 0.1
v -11.351820229703076 10.96943046308864 0.1
v -10.404129003795518 10.240713853379944 0.1
l 5291 5292 5293 5294 5295
v -13.825566265931391 9.966601514235641 0.1
v -12.851367043394212 9.549652747018209 0.1
v -13.833761665075622 9.459040556977788 0.1
v -13.686251724993236 9.998241610503968 0.1
v -12.809375730534837 9.045550701434406 0.1
l 5296 5297 5298 5299 5300
v 7.23809245650536 -0.6101589420286835 0.1
v 8.405649087577963 0.05131196945684291 0.1
v 8.320875708841083 0.1497604375969548 0.1
v 7.93392628239466 0.4862294046427278 0.1
v 7.706336426590752 -0.37185869165676744 0.1
l 5301 5302 5303 5304 5305
v -6.524400713036261 10.908971897319057 0.1
v -6.578913632648497 11.426561942983236 0.1
v -8.255808711398394 10.900013887526224 0.1
v -7.95111633561603 11.572713647722566 0.1
v -7.31590417537384 11.893954069623176 0.1
l 5306 5307 5308 5309 5310
v 10.213780023807999 -5.326608152565498 0.1
v 9.064807632114583 -5.677699183966976 0.1
v 9.60349118626831 -4.245011205504736 0.1
v 10.338047621113999 -5.513205313970359 0.1
v 10.314194324558903 -4.7074564476029925 0.1
l 5311 5312 5313 5314 5315
v 4.9616065685850606 13.040308501843011 0.1
v 6.6781429658027385 14.107943725404763 0.1
v 6.3820973073896585 14.138190020161922 0.1
v 5.0880388223869595 13.749382760032987 0.1
v 5.918140874259731 14.068993863861918 0.1
l 5316 5317 5318 5319 5320
v -13.878133898057465 11.19138796175798 0.1
v -12.947650781459885 10.36674260225489 0.1
v -14.323699010823962 9.858963094974479 0.1
v -13.438216075946071 11.620474530558276 0.1
v -13.028794231358743 10.06879517541211 0.1
l 5321 5322 5323 5324 5325
v -8.32089227863888 7.115478105199519 0.1
v -7.378208052475746 6.2762734120293215 0.1
v -8.39069890687723 7.462904582052012 0.1
v -8.178572195208485 7.249206365771078 0.1
v -8.018089370652715 7.602043288815519 0.1
l 5326 5327 5328 5329 5330
v -5.5980013436622995 -1.148613814299214 0.1
v -5.955291672695227 -0.9879513527201258 0.1
v -4.850605453767033 -0.40652791984989767 0.1
v -4.443337809828325 0.5512517970181863 0.1
v -4.784973237010011 -0.4362615603429445 0.1
l 5331 5332 5333 5334 5335
v -2.8421463845767656 10.253931554216015 0.1
v -2.793609702480915 11.433148222309141 0.1
v -3.12208854532101 10.34198585335275 0.1
v -4.323974155460177 9.901937224732645 0.1
v -2.4922619453164305 10.211924253271158 0.1
l 5336 5337 5338 5339 5340
v 9.353521827407526 -12.143425664014991 0.1
v 9.633415501073275 -10.798154594172624 0.1
v 9.778090592046725 -10.872739384660312 0.1
v 10.68596854496306 -11.290362328965124 0.1
v 10.30757579845357 -11.252690172505304 0.1
l 5341 5342 5343 5344 5345
v 8.242198396444186 11.558212828799658 0.1
v 9.31503234171153 10.843805387575548 0.1
v 9.167467726497666 10.674329980575315 0.1
v 8.441381412267676 11.546024375261979 0.1
v 7.775615067983609 10.734263879572463 0.1
l 5346 5347 5348 5349 5350
v 5.374533588981451 8.413508724685526 0.1
v 4.7248511610740325 8.22439591675478 0.1
v 4.477886052103125 7.8118511764315075 0.1
v 4.681655771699202 7.153668265882378 0.1
v 5.255131989827974 6.991065586707733 0.1
l 5351 5352 5353 5354 5355
v 2.0257268635951693 11.61582507950543 0.1
v 1.4476261338209944 10.925731394769803 0.1
v 1.8637859778455363 11.64254460585069 0.1
v 2.3081298472515948 11.962031579539115 0.1
v 1.9134548234524975 11.186919444131687 0.1
l 5356 5357 5358 5359 5360
v -7.073352333569448 15.752244926311263 0.1
v -6.508717664429142 15.72611654340386 0.1
v -7.197765541478294 15.398788792433187 0.1
v -5.866009901941037 14.959742955818388 0.1
v -5.818773781280577 15.372372177514144 0.1
l 5361 5362 5363 5364 5365
v 10.084134212207585 -12.222625231547067 0.1
v 9.721397630779999 -13.415838915500178 0.1
v 10.09581861346293 -13.127618458923882 0.1
v 10.628812696747895 -13.562386747274624 0.1
v 9.779143980199448 -13.928528920220431 0.1
l 5366 5367 5368 5369 5370
v -6.383437429776927 7.074207461821355 0.1
v -6.5539382209252866 6.839759586035674 0.1
v -6.706021363917748 5.634105144405904 0.1
v -5.925379835053499 6.338434556050635 0.1
v -6.759815133923826 6.939423497524267 0.1
l 5371 5372 5373 5374 5375
v 1.091972329869292 4.755651069894723 0.1
v 2.1933860129463554 6.022727804285193 0.1
v 2.232715668044323 4.759378992214697 0.1
v 2.12004664393728 4.364080748529227 0.1
v 1.593948164864026 5.536497105978953 0.1
l 5376 5377 5378 5379 5380
v -8.775548590489477 -7.616815914213851 0.1
v -8.257672691144217 -7.558803241454832 0.1
v -8.289793497663418 -9.105893681745071 0.1
v -7.3008236439868845 -8.444695623146043 0.1
v -7.548055393434211 -9.412400313462351 0.1
l 5381 5382 5383 5384 5385
v -3.26876828127741 -8.196086184992799 0.1
v -3.9727134198344354 -6.398831939939346 0.1
v -2.71036251489302 -7.000753012503475 0.1
v -3.256630757884376 -7.972634186696062 0.1
v -4.137642815563013 -7.6592173633038545 0.1
l 5386 5387 5388 5389 5390
v -12.606002393185976 -2.251188026617923 0.1
v -13.058186221400703 -2.821753618092366 0.1
v -14.183539002755545 -3.2300279883412664 0.1
v -14.170194776817125 -2.6412979736940247 0.1
v -12.921183727311243 -2.485487603515246 0.1
l 5391 5392 5393 5394 5395
v -0.5553388110984514 -7.509063388334293 0.1
v -0.2869196215711822 -8.175468166572895 0.1
v -0.1295561187681018 -7.109106213083117 0.1
v 0.47737150440965803 -6.9489599531676145 0.1
v -0.02490021483793048 -7.030718899191934 0.1
l 5396 5397 5398 5399 5400
v -8.848754747810673 -10.966639624730036 0.1
v -8.223762718742615 -11.75966609697835 0.1
v -9.183874495030674 -10.202229975146118 0.1
v -9.549889521849545 -10.029482991213463 0.1
v -8.640022577515289 -10.078257343585719 0.1
l 5401 5402 5403 5404 5405
v -0.2798976133406723 -6.077456280106667 0.1
v -0.4419891269257832 -6.540199758902091 0.1
v -1.5547267835366483 -5.502499676020285 0.1
v -0.6116731211501569 -6.855428425059694 0.1
v -1.8314008866010703 -6.801491298555701 0.1
l 5406 5407 5408 5409 5410
v -7.8202728866386435 0.3047379771481806 0.1
v -7.008991000619722 -0.055947124011683114 0.1
v -6.581195528244866 -0.9227158945370553 0.1
v -6.251024142562758 -0.6959078569086785 0.1
v -6.131770131367844 -1.1296751789579158 0.1
l 5411 5412 5413 5414 5415
v -15.622464980749704 11.645186177649345 0.1
v -14.050553581028145 12.420399751378488 0.1
v -13.946669559366347 13.0358311333191 0.1
v -15.748328424484868 12.35148384953877 0.1
v -15.390836903955838 12.168775137227792 0.1
l 5416 5417 5418 5419 5420
v 8.11115379980522 -10.721791821948521 0.1
v 8.440528215283695 -9.498681522664096 0.1
v 6.956787025782477 -10.489728731737705 0.1
v 8.3602916876519 -9.352042749426351 0.1
v 7.340745516041732 -10.494172539625001 0.1
l 5421 5422 5423 5424 5425
v -15.208980032015338 0.8200943042697881 0.1
v -14.294264894988833 2.0394271778379798 0.1
v -14.448755497914572 2.3119457759976427 0.1
v -14.994659106453643 1.7907684027988222 0.1
v -15.439604569327788 1.3906106739765107 0.1
l 5426 5427 5428 5429 5430
v -5.499511512369061 3.2656097688739996 0.1
v -6.450952855004297 3.4316344388162063 0.1
v -6.8589830412598936 4.722306511754482 0.1
v -6.232032214196961 4.0482018294619 0.1
v -6.240719445198755 4.253070349678613 0.1
l 5431 5432 5433 5434 5435
v 5.588337273710267 -8.35572381466412 0.1
v 5.5209447083076695 -9.347101318565205 0.1
v 5.990929784740278 -8.890301093363117 0.1
v 6.1230378584123 -9.03638604012266 0.1
v 5.257134758121449 -8.904782189062134 0.1
l 5436 5437 5438 5439 5440
v 12.429838397538742 -6.021834911655928 0.1
v 13.402568575651317 -5.119356605391772 0.1
v 13.837834469815915 -6.563864733317006 0.1
v 13.378923005132336 -6.400117831326473 0.1
v 12.237240595835457 -5.200182450049843 0.1
l 5441 5442 5443 5444 5445
v 2.5946681515982433 8.31293166657346 0.1
v 2.0548200619640253 9.390901786395117 0.1
v 3.2204661114674877 7.585282278770748 0.1
v 2.3350018702083926 8.386357072148911 0.1
v 2.668196130893568 8.87151926300811 0.1
l 5446 5447 5448 5449 5450
v -4.859645908678742 7.503264486499464 0.1
v -5.64946741082154 6.927734191651832 0.1
v -6.177452789210534 6.914299251817667 0.1
v -5.415898226628167 6.295524808815628 0.1
v -4.88855713039244 5.872055764093035 0.1
l 5451 5452 5453 5454 5455
v 2.111652322568225 -3.800550659991914 0.1
v 2.912538622809012 -4.007339777805669 0.1
v 2.635950448825798 -3.698231971935649 0.1
v 3.4121583905222383 -4.49134363686985 0.1
v 3.858222583140866 -4.326495080152135 0.1
l 5456 5457 5458 5459 5460
v 9.337921180995709 -11.301502261605707 0.1
v 9.42664267966638 -11.028540944096495 0.1
v 10.822549930338607 -12.018883759603565 0.1
v 9.041991401763156 -10.991531739606959 0.1
v 10.552196948351328 -12.954548671736928 0.1
l 5461 5462 5463 5464 5465
v 9.576476375812803 -7.446838027495401 0.1
v 9.119353674704852 -6.088070347562998 0.1
v 10.388412900536107 -7.330391414965245 0.1
v 9.4888183201075 -6.846134677932604 0.1
v 10.739924645869863 -6.1951941607620675 0.1
l 5466 5467 5468 5469 5470
v -1.9754574727744116 4.775130586407888 0.1
v -1.4245990133666178 3.782855496374565 0.1
v -1.3201386629940557 5.648163278872618 0.1
v -0.3740181683123145 4.317755905446663 0.1
v -0.3166764601469665 4.064679513919659 0.1
l 5471 5472 5473 5474 5475
v -6.6648441519285955 -8.721405318819123 0.1
v -7.3024899149848235 -8.591561084166207 0.1
v -6.846806004961041 -8.267384877341184 0.1
v -7.803000252423884 -8.119451348818314 0.1
v -6.145418974858499 -7.963934896711637 0.1
l 5476 5477 5478 5479 5480
v 7.744009840602205 2.9501808556586413 0.1
v 6.518018825832484 2.7772415687734133 0.1
v 7.118932135650278 2.3959497504351397 0.1
v 7.777752919607003 4.002513817277052 0.1
v 6.590844945662635 2.420073283557489 0.1
l 5481 5482 5483 5484 5485
v 7.804616066190219 -14.00646480507751 0.1
v 8.853685865063161 -15.675011790395384 0.1
v 8.056545677602685 -15.594242550023635 0.1
v 7.652798371383398 -14.295431272451234 0.1
v 8.611430323014869 -14.435438198818522 0.1
l 5486 5487 5488 5489 5490
v 10.625745321619505 -12.811577302461648 0.1
v 11.433454937409547 -12.006927545560256 0.1
v 11.968506937367586 -12.918606952798383 0.1
v 11.495006469872989 -12.153497579431832 0.1
v 11.78429734312747 -11.171141951846144 0.1
l 5491 5492 5493 5494 5495
v 10.849609546807747 -14.547851573020717 0.1
v 10.713042599405687 -14.429266180220502 0.1
v 9.433798603248785 -14.772767766161845 0.1
v 10.232099742992288 -13.505175558433248 0.1
v 9.336428245929241 -13.25724246898433 0.1
l 5496 5497 5498 5499 5500
v 1.1556739613476394 6.057056482466153 0.1
v 1.3823537990670238 5.8036608347120655 0.1
v 2.0406339445743966 5.190996096331439 0.1
v 2.476833301751052 5.31432179290961 0.1
v 1.9258726032815185 5.179200004937882 0.1
l 5501 5502 5503 5504 5505
v -7.986253323789374 0.8957026402502704 0.1
v -8.243415388730385 0.5163961165238491 0.1
v -8.03388867126836 0.7305801016417315 0.1
v -8.156921522253056 -0.11362732717254875 0.1
v -7.481691410879775 0.5023714499920988 0.1
l 5506 5507 5508 5509 5510
v -6.239940550557527 -6.446333094045313 0.1
v -6.76464028045565 -6.893211149837144 0.1
v -5.4352352223179325 -7.193164975825683 0.1
v -5.792515840667987 -7.532639366449514 0.1
v -6.993787400568845 -8.050584414470531 0.1
l 5511 5512 5513 5514 5515
v -2.578898781314014 -9.86475871207675 0.1
v -2.0757130336959952 -9.812158223373531 0.1
v -2.4287894889214448 -10.631424537416393 0.1
v -3.8548714739923513 -10.028587775711335 0.1
v -2.7436611461506057 -11.281708655128334 0.1
l 5516 5517 5518 5519 5520
v -14.142597628652066 8.299972337917232 0.1
v -12.690946072039024 8.403365187897633 0.1
v -13.062034199917587 7.185866975082762 0.1
v -13.502233213207568 8.558128501289094 0.1
v -12.649601511075806 7.3115476677025795 0.1
l 5521 5522 5523 5524 5525
v -12.915275841207771 8.082889643389658 0.1
v -12.299146212123675 9.282475047528893 0.1
v -12.804135421689873 8.237242034747652 0.1
v -12.553830137669726 9.204408908390967 0.1
v -12.608071462787944 9.56948987544524 0.1
l 5526 5527 5528 5529 5530
v -12.461439797055089 -8.779879154743936 0.1
v -13.300054390580385 -8.829268601610675 0.1
v -12.484361040194335 -8.079701202021297 0.1
v -13.819806442490668 -9.839909687371982 0.1
v -12.676051907821368 -8.780809614085538 0.1
l 5531 5532 5533 5534 5535
v -3.324042076322103 4.968286694068477 0.1
v -3.0852350379427893 4.90726246041584 0.1
v -3.6741237594765246 5.36437735540177 0.1
v -4.013738096867307 4.347743392713262 0.1
v -2.4645593443769918 5.328970617319748 0.1
l 5536 5537 5538 5539 5540
v -1.0062620744608761 8.135892077796392 0.1
v 0.07215141320763929 8.356099879699876 0.1
v -0.4798051439379529 7.114294692626716 0.1
v 0.6605460726023187 8.542125135422973 0.1
v -0.2646378942174903 7.325459239571686 0.1
l 5541 5542 5543 5544 5545
v 4.455322703515715 9.775623556760822 0.1
v 4.857847140200329 8.417356854053438 0.1
v 5.126128413615306 9.702059797804376 0.1
v 3.354399962186241 9.717432345255931 0.1
v 5.145816601527919 9.183234725756705 0.1
l 5546 5547 5548 5549 5550
v -8.78550409136085 -6.329403090323234 0.1
v -8.354152580425279 -7.427130916133445 0.1
v -8.360884022540416 -5.625473204185259 0.1
v -8.86761186569632 -5.563193620893684 0.1
v -8.673823584891831 -6.163066800869433 0.1
l 5551 5552 5553 5554 5555
v -13.822387622411277 10.357822008674958 0.1
v -13.146792333942717 9.626017748615707 0.1
v -13.915504412381896 10.967947604912252 0.1
v -12.551188352610197 9.513568918902939 0.1
v -12.38808257775949 10.16790379683173 0.1
l 5556 5557 5558 5559 5560
v 3.4825925341645227 -8.882164083328563 0.1
v 2.880570054319236 -10.19781369461843 0.1
v 3.725512284116616 -10.098334164205601 0.1
v 3.7612218599263474 -8.885379604925005 0.1
v 2.8319819979465297 -10.537423854975916 0.1
l 5561 5562 5563 5564 5565
v 6.553863556863813 0.8877878526408571 0.1
v 5.68925166233871 2.1542442360303413 0.1
v 6.198028276310547 2.1371553312380405 0.1
v 4.812245156062884 1.4855812182345227 0.1
v 5.961574153593954 1.361073000202333 0.1
l 5566 5567 5568 5569 5570
v -5.747425699967156 -8.515733291324636 0.1
v -6.180252183428425 -8.532274517828371 0.1
v -5.466308379618017 -8.42457673507466 0.1
v -7.143705373069524 -10.197668859649433 0.1
v -5.469856663453113 -10.040470471477962 0.1
l 5571 5572 5573 5574 5575
v 15.880504065818668 -12.124458329014349 0.1
v 15.531850538601534 -12.409605154684034 0.1
v 15.589321010342855 -12.989398850301024 0.1
v 14.847413845064176 -12.104707671040071 0.1
v 14.371319950376822 -11.826898928381178 0.1
l 5576 5577 5578 5579 5580
v -10.970597932978276 4.069944832199358 0.1
v -10.552631135327662 3.3501085572296114 0.1
v -10.44230123576088 3.171744357797275 0.1
v -9.909598811958139 3.847175330767935 0.1
v -9.92429147399573 3.2256629633950302 0.1
l 5581 5582 5583 5584 5585
v 6.878044726767628 -7.004636217958919 0.1
v 8.200357819521988 -5.934495627678382 0.1
v 8.489308643525579 -6.739365646839336 0.1
v 6.92036158685823 -6.773451438474847 0.1
v 7.523909423517195 -7.327145479243193 0.1
l 5586 5587 5588 5589 5590
v 12.738421616163105 -11.552797543304486 0.1
v 12.602864876895028 -12.235071183808493 0.1
v 13.463011303047699 -11.775914447347851 0.1
v 13.438621849342171 -10.912411591684076 0.1
v 12.335986048541084 -10.460877382895806 0.1
l 5591 5592 5593 5594 5595
v 3.1320179419626415 -10.657591764869077 0.1
v 2.7675643816104625 -10.761801602534222 0.1
v 2.733190638843003 -10.033876491452633 0.1
v 3.0188867031477145 -10.836603136915487 0.1
v 2.752366900591568 -11.064291682887756 0.1
l 5596 5597 5598 5599 5600
v 10.669378015077465 6.03660889470463 0.1
v 11.93873787276472 6.925963311262654 0.1
v 11.098926131548032 7.329323582869446 0.1
v 10.508578826174011 7.268308303701316 0.1
v 11.454993716159462 7.194762030764387 0.1
l 5601 5602 5603 5604 5605
v 1.8871673892190794 5.480458458146952 0.1
v 2.894411676954008 4.848632529704362 0.1
v 2.370068312808953 5.370016256412031 0.1
v 2.069924204964469 4.231683000348291 0.1
v 1.6637652471508082 3.8808861577923377 0.1
l 5606 5607 5608 5609 5610
v -9.147906901996224 11.695087834751916 0.1
v -9.157733078951601 9.976107619781569 0.1
v -10.513726227179346 10.207186558682055 0.1
v -10.299196132770849 11.136178399304985 0.1
v -9.986456564356011 11.218845920158403 0.1
l 5611 5612 5613 5614 5615
v 6.097293164126043 7.631548069826901 0.1
v 7.358877781091735 6.339455906358519 0.1
v 7.012782224385138 6.501808308695631 0.1
v 6.114704147993857 6.720035196966283 0.1
v 7.603243245534342 7.217647111915721 0.1
l 5616 5617 5618 5619 5620
v 10.927582120080551 7.515948855557204 0.1
v 9.56980435892473 7.892966458661104 0.1
v 10.241306597634363 7.81203829517588 0.1
v 10.872782955470017 7.604799724392018 0.1
v 9.253801437877712 7.2353266826400215 0.1
l 5621 5622 5623 5624 5625
v 9.576487690475078 -0.6201378815777221 0.1
v 8.863876578504321 -1.325526880620352 0.1
v 9.020998829692513 -1.1025331053758978 0.1
v 8.624653078815143 -1.3254363603092074 0.1
v 8.214658570455743 0.0839038106358374 0.1
l 5626 5627 5628 5629 5630
v 3.9448904359452075 -11.273354018309064 0.1
v 4.720307917320101 -9.70976697596905 0.1
v 4.026205121145489 -10.852632526179395 0.1
v 5.056684350971049 -10.606095298333548 0.1
v 3.6858476567712963 -10.675612090712521 0.1
l 5631 5632 5633 5634 5635
v 7.862824083633251 -7.335610839187393 0.1
v 8.348237687603719 -6.436521094416845 0.1
v 7.627232671094322 -6.579603942990334 0.1
v 6.928444644534057 -6.292279679259163 0.1
v 7.728064672724216 -5.998391920369151 0.1
l 5636 5637 5638 5639 5640
v 0.7913267816540583 9.179373345330188 0.1
v 0.37732267195045743 10.250908192385864 0.1
v -0.4463860174510763 9.068503733246626 0.1
v 0.15785139609902088 8.680210439086453 0.1
v -0.5689270328499119 8.99100001022951 0.1
l 5641 5642 5643 5644 5645
v -2.0046128013345834 -1.7077844162668654 0.1
v -2.370671466432849 -1.6544241456386053 0.1
v -2.359268031315203 -1.2487216979436941 0.1
v -2.63699207688628 -1.3269287637570046 0.1
v -3.1434715810189866 -0.8262877917973825 0.1
l 5646 5647 5648 5649 5650
v -7.999440666245313 -4.2516387374894675 0.1
v -6.776566493383199 -5.025070270479594 0.1
v -7.946854718828891 -5.249483837973338 0.1
v -8.044511615087695 -4.726673877709073 0.1
v -6.992012609185045 -5.864121587551652 0.1
l 5651 5652 5653 5654 5655
v -9.676552997650596 9.837035538581167 0.1
v -11.223496358357023 8.645050520816644 0.1
v -10.939793730743814 8.551918927401946 0.1
v -10.502914053535509 9.261003307057875 0.1
v -10.756613113549879 9.853127092060792 0.1
l 5656 5657 5658 5659 5660
v 10.45013126031033 -10.234748403943932 0.1
v 8.666275395671853 -9.484374941863825 0.1
v 9.093892588745303 -9.334417698443128 0.1
v 10.528046474823636 -10.049648426467291 0.1
v 8.712000790568714 -10.591376059968574 0.1
l 5661 5662 5663 5664 5665
v -0.3787874068905497 14.408642311584103 0.1
v 0.005859562664695783 14.679354730010438 0.1
v -0.9163120985717379 13.628987222699141 0.1
v -0.454221801166258 13.22043961048634 0.1
v -1.721693668558741 14.930769674328744 0.1
l 5666 5667 5668 5669 5670
v 9.70114866048942 -0.9329471005035643 0.1
v 10.520636766435207 -1.169689702256261 0.1
v 10.783541874445234 -0.3988959723109342 0.1
v 10.478718659077394 0.11943338451390595 0.1
v 10.759692009410738 -0.28659906588579087 0.1
l 5671 5672 5673 5674 5675
v 11.047366578001592 -8.597071286222626 0.1
v 11.948707957900417 -9.290471312178223 0.1
v 11.571988345388222 -8.693799358402613 0.1
v 12.832699172521696 -8.73489904201851 0.1
v 11.776780651259838 -9.473785490665733 0.1
l 5676 5677 5678 5679 5680
v -10.919589408623837 -13.310948522943416 0.1
v -10.512614052281556 -12.106620444407147 0.1
v -10.39223725017945 -11.579774588534395 0.1
v -10.754290560697914 -13.107306356401761 0.1
v -11.094414977343492 -11.813222524976771 0.1
l 5681 5682 5683 5684 5685
v 13.604346262841863 7.859289587476397 0.1
v 12.415236034605172 6.940580297132833 0.1
v 13.43553085680197 7.779729730184574 0.1
v 13.517355103791505 6.49721147010319 0.1
v 12.922102878028147 6.262671817161214 0.1
l 5686 5687 5688 5689 5690
v 1.7697970464045427 -11.866631020949848 0.1
v 2.121610423446959 -10.698448967889485 0.1
v 2.012604244094907 -10.856991269979332 0.1
v 1.7329432635349498 -10.541326061639625 0.1
v 0.8135609931080146 -10.909873627382103 0.1
l 5691 5692 5693 5694 5695
v 10.27097204720551 -15.815172400576557 0.1
v 10.496512274524452 -14.675854559962442 0.1
v 11.716155805177838 -14.32806161928058 0.1
v 11.32569313932219 -15.20263189506346 0.1
v 10.791904238819532 -13.962826838324427 0.1
l 5696 5697 5698 5699 5700
v -0.6245681152566414 -5.278544407352615 0.1
v -0.6954158833170734 -3.9371354901286324 0.1
v -1.3456920086433752 -5.243640172852489 0.1
v -0.3649297112236862 -4.410998497391492 0.1
v -0.15500643506764966 -3.906746198465349 0.1
l 5701 5702 5703 5704 5705
v 4.624167201429725 -14.01707107090178 0.1
v 4.529386031560202 -13.198302654309915 0.1
v 3.3409849521052686 -14.790868436877265 0.1
v 5.116807281416156 -13.194127547247348 0.1
v 4.242434850871005 -14.541517573328123 0.1
l 5706 5707 5708 5709 5710
v -3.850904859911914 8.49690992874196 0.1
v -3.077836887434885 8.627052624727225 0.1
v -3.945857532073541 8.95339388640836 0.1
v -2.4241125211774888 8.81050709095014 0.1
v -3.7524373786652925 9.47114461289975 0.1
l 5711 5712 5713 5714 5715
v 3.69585323811806 10.840003282371852 0.1
v 3.878441675395913 10.300436675472346 0.1
v 3.243180176304362 11.288319569438581 0.1
v 3.48578960435112 10.517146442273052 0.1
v 2.4702894083155895 10.446932425129082 0.1
l 5716 5717 5718 5719 5720
v -13.06331717969618 1.8627870353977514 0.1
v -14.168018693059363 0.6303182420430122 0.1
v -13.781264130072124 1.3733340236287495 0.1
v -14.372218562479112 1.2479094461731297 0.1
v -13.301533970047306 0.9354024660609477 0.1
l 5721 5722 5723 5724 5725
v 8.921271503751168 -11.28484703839014 0.1
v 10.339082133227596 -10.639891593027235 0.1
v 9.757404813720802 -9.90844130719599 0.1
v 9.435637292294656 -9.69963662664973 0.1
v 8.574255505295781 -11.181334247700653 0.1
l 5726 5727 5728 5729 5730
v -14.734410882869133 -7.2002984389233236 0.1
v -14.532988139868547 -7.253675812320263 0.1
v -13.973504597916008 -6.034799726618552 0.1
v -14.833967688101078 -6.237857312564903 0.1
v -14.572353834858076 -6.988466426539981 0.1
l 5731 5732 5733 5734 5735
v 4.105533043383353 -8.5594260768468 0.1
v 3.354357849604839 -9.556881521056866 0.1
v 3.69857701336358 -8.809932048593911 0.1
v 3.6911943127492313 -9.111621006886875 0.1
v 4.588184150779981 -9.494731763695798 0.1
l 5736 5737 5738 5739 5740
v 13.901029165398844 -7.054800072884002 0.1
v 13.383084325926811 -7.025405195189662 0.1
v 12.340136074542638 -7.604208554418815 0.1
v 13.805331754780505 -6.545416918210063 0.1
v 12.66190552956957 -6.736111774413021 0.1
l 5741 5742 5743 5744 5745
v -4.3908174756504295 -0.4461091494795124 0.1
v -5.964264152935388 -1.2820098148466517 0.1
v -5.870493452204826 -1.532353381395053 0.1
v -4.953617458162185 -0.7499742417008752 0.1
v -5.002862805354498 -1.4105148826782032 0.1
l 5746 5747 5748 5749 5750
v -15.487361822930872 13.353550388779531 0.1
v -14.88875545527 13.633023859826208 0.1
v -14.868502781535916 13.023784150790132 0.1
v -14.367373964587962 13.089274869501832 0.1
v -13.843415049493428 14.61416765313787 0.1
l 5751 5752 5753 5754 5755
v -11.506776499144912 -11.534834028378217 0.1
v -10.619840619266533 -12.055630056400139 0.1
v -12.152415689333747 -12.676896838905643 0.1
v -11.73676902878999 -11.926743801797077 0.1
v -12.038529319476016 -12.445666465896792 0.1
l 5756 5757 5758 5759 5760
v -1.2432677133885872 -0.7344318383576998 0.1
v -1.253494238538675 -0.6074603988064295 0.1
v -1.8877809284534868 -0.6651832148464232 0.1
v -1.3208069225705215 -1.3157421645065972 0.1
v -2.1295389051754987 -0.41258068257116576 0.1
l 5761 5762 5763 5764 5765
v 3.06254432007079 11.157214366970772 0.1
v 3.95269464658966 12.303798430983464 0.1
v 3.207745861729219 12.837090792936472 0.1
v 3.6044215216280033 11.08978048090064 0.1
v 2.2835499643966344 12.370392367984612 0.1
l 5766 5767 5768 5769 5770
v 2.9896464190995973 7.741249212486033 0.1
v 3.7475156161754057 8.741472109821462 0.1
v 3.903251538300485 7.133736338326811 0.1
v 3.815671721238579 7.155808036416973 0.1
v 3.0208910118880064 7.206196041371523 0.1
l 5771 5772 5773 5774 5775
v -13.875285736836142 7.4443292330675215 0.1
v -13.004030821640644 8.226721742005266 0.1
v -13.855843327749533 7.586572736046287 0.1
v -13.08580293638637 7.51057947054359 0.1
v -13.517620979099119 9.121790379656824 0.1
l 5776 5777 5778 5779 5780
v 15.181123628429766 2.974533143084387 0.1
v 14.294522938358725 1.6648468977162885 0.1
v 14.073950775338242 2.4207812884827216 0.1
v 14.351119590000675 3.076847053077982 0.1
v 15.10909854670011 2.9832499855254357 0.1
l 5781 5782 5783 5784 5785
v 2.6993169981412413 -10.035665967803467 0.1
v 2.7236723851949507 -9.194107312338136 0.1
v 2.003837700649403 -10.224188832729224 0.1
v 3.2276520627332426 -9.390079344962075 0.1
v 1.9302151981849272 -10.105170772615413 0.1
l 5786 5787 5788 5789 5790
v 7.785226482162891 -3.434466918477148 0.1
v 7.116469223022554 -3.1154327884714963 0.1
v 7.120532396643687 -3.0267123515982535 0.1
v 7.208687911320326 -4.0767514711192465 0.1
v 8.020943251720679 -2.908320557737712 0.1
l 5791 5792 5793 5794 5795
v -2.932643502195531 -11.586913771749105 0.1
v -3.4117511370639333 -11.45404320191865 0.1
v -3.1539823849142645 -10.820929182549964 0.1
v -3.9991854976645578 -12.62567742984501 0.1
v -3.945809085196278 -12.67263520326987 0.1
l 5796 5797 5798 5799 5800
v 3.960900023923891 0.3178551322133265 0.1
v 4.372098266611303 0.7330732661333041 0.1
v 3.87674503167515 0.5864022974230394 0.1
v 4.189089841336042 1.045342664555222 0.1
v 3.3918279452956583 -0.25040696714205457 0.1
l 5801 5802 5803 5804 5805
v 1.9853254368788504 -2.7463340014214825 0.1
v 0.9530536885117427 -1.752899806735598 0.1
v 1.9714140326915097 -3.0830056425848698 0.1
v 0.8470062377131555 -2.53745632884031 0.1
v 0.71617406697784 -1.5363478301487283 0.1
l 5806 5807 5808 5809 5810
v 2.9315312546419126 -13.491427479797627 0.1
v 1.2467197581592218 -14.008896045135566 0.1
v 2.092646946031029 -13.962195810629897 0.1
v 1.0619751878565724 -14.471140884399658 0.1
v 1.3352890552552745 -14.848584053064243 0.1
l 5811 5812 5813 5814 5815
v 8.724649414062345 -10.399419119418187 0.1
v 7.579716711389908 -10.756157373106094 0.1
v 8.531490331061175 -10.038811040277379 0.1
v 8.50655799820634 -9.88011349464231 0.1
v 7.660009797995793 -10.526423623523797 0.1
l 5816 5817 5818 5819 5820
v 0.8596624055180284 1.1635805613658476 0.1
v 1.8711321573685784 0.6144493345727402 0.1
v 1.2453134642592567 1.4827246143195323 0.1
v 1.2697602408041173 0.33663859885832736 0.1
v 0.5154634527293214 0.9573352153132813 0.1
l 5821 5822 5823 5824 5825
v -9.622102768260394 13.59380676875078 0.1
v -10.213418333532474 14.790642638113459 0.1
v -10.08802471937043 14.185701513682321 0.1
v -10.234494658759626 15.005870404167357 0.1
v -10.711220269171923 14.39694185290567 0.1
l 5826 5827 5828 5829 5830
v 10.438993650004182 6.239014270400119 0.1
v 10.815698748363744 6.101503531709614 0.1
v 11.825962502834354 5.542833593637736 0.1
v 10.94207122092375 5.918978243754001 0.1
v 11.323572469800657 5.3613463823221785 0.1
l 5831 5832 5833 5834 5835
v 2.3851970974469143 12.293039142019554 0.1
v 2.4486174880304636 11.558392919689112 0.1
v 0.7347670396517478 11.480144689397488 0.1
v 1.6014385087013774 11.000732554289428 0.1
v 2.4688072459912114 10.472113398337363 0.1
l 5836 5837 5838 5839 5840
v -7.185012641424492 9.963314513709904 0.1
v -7.571319938191322 9.987046941424733 0.1
v -7.682741657495784 9.619414923989353 0.1
v -7.596445454239848 8.96228439047661 0.1
v -8.275545334362702 9.046043860109876 0.1
l 5841 5842 5843 5844 5845
v -2.368166553977714 8.370651803592068 0.1
v -2.689889058688774 8.904582397835132 0.1
v -2.7203343512368834 7.570472577992961 0.1
v -1.5806185393972705 9.362347986801055 0.1
v -1.5643930842492868 8.42737188229097 0.1
l 5846 5847 5848 5849 5850
v 12.548669969523033 -6.295977302792206 0.1
v 11.896509971564715 -5.751042339256521 0.1
v 11.978282886028612 -4.865468438551307 0.1
v 11.447396849070376 -5.977807835958277 0.1
v 11.525313326795285 -6.573874365128859 0.1
l 5851 5852 5853 5854 5855
v -10.496926795323885 -6.467158124207974 0.1
v -12.07966324795591 -7.015557467413672 0.1
v -11.694893197072524 -7.785371062071407 0.1
v -10.768280648788322 -7.0013195845818395 0.1
v -11.154688924570316 -6.091822464035285 0.1
l 5856 5857 5858 5859 5860
v 3.7680041414732015 -3.148676481161637 0.1
v 4.5469487965250694 -2.6799417953113114 0.1
v 5.3537065779391275 -2.4425623534620575 0.1
v 4.0042570187090325 -2.3339247602042534 0.1
v 3.7082034426091663 -1.9885985857315076 0.1
l 5861 5862 5863 5864 5865
v 4.742991554604956 4.362918582525218 0.1
v 4.786679936829046 4.741225354889845 0.1
v 4.319030399341896 4.497484073646016 0.1
v 3.021259975414764 3.5868721171949467 0.1
v 3.6033693369424675 3.5823394345778716 0.1
l 5866 5867 5868 5869 5870
v 0.42144251499875707 -12.966954426211853 0.1
v -0.2747384505536967 -13.423646835054836 0.1
v 1.2975968744346322 -12.13398851950932 0.1
v 0.7756266230849398 -13.113582159804318 0.1
v 0.8585363101064383 -11.972783016203689 0.1
l 5871 5872 5873 5874 5875
v 3.8990742624865242 2.518209640929724 0.1
v 3.0142076222711456 2.648600163899933 0.1
v 3.066970393758228 2.4694297070375497 0.1
v 4.020897357272637 2.0985661099864554 0.1
v 3.7312968571943816 1.2413277650005181 0.1
l 5876 5877 5878 5879 5880
v 10.635195484955267 -1.6403926412186982 0.1
v 10.015337645794698 -3.310167719903582 0.1
v 10.66253980968831 -3.1178309016970136 0.1
v 9.660524798070185 -2.8977032002266947 0.1
v 9.105630049152726 -2.958347467800485 0.1
l 5881 5882 5883 5884 5885
v 11.717949353638582 5.612690070404645 0.1
v 11.18776635774435 7.191063199407541 0.1
v 11.349309097282115 6.08601241580872 0.1
v 11.791799831767655 6.863235348717376 0.1
v 11.957144182727648 6.957198510864284 0.1
l 5886 5887 5888 5889 5890
v -4.342218438537651 6.295244203347641 0.1
v -3.934734637272011 6.029793055618004 0.1
v -4.214711626286462 7.027120753357373 0.1
v -4.507484225710786 6.633921969743151 0.1
v -4.196906116405047 6.514332366994739 0.1
l 5891 5892 5893 5894 5895
v 8.583229189897429 7.229853934949223 0.1
v 8.829514914190383 7.525931974965625 0.1
v 10.09820436443442 8.491126560605744 0.1
v 8.677057180363217 7.332444880818303 0.1
v 8.85523989625066 8.007601638059358 0.1
l 5896 5897 5898 5899 5900
v 14.481217879972517 -12.76855472558484 0.1
v 13.643049642991524 -11.536037882684223 0.1
v 13.362611273365065 -12.424388535051976 0.1
v 13.820624956287665 -12.535312378700553 0.1
v 13.747725007076014 -11.599944602995762 0.1
l 5901 5902 5903 5904 5905
v -13.137919137112824 4.431892301175223 0.1
v -12.55742115958629 3.8153479907865884 0.1
v -11.907058530296698 5.039914774513869 0.1
v -13.118422167444812 3.4459096853394637 0.1
v -12.061081400837805 4.957560136959586 0.1
l 5906 5907 5908 5909 5910
v 0.42140635478521604 6.577390319848853 0.1
v 0.4679028595367829 6.491292009814679 0.1
v -0.3908923331080887 5.7419081076753855 0.1
v 0.8880582879095329 5.04105947175374 0.1
v 0.5164575570123526 5.28558595732202 0.1
l 5911 5912 5913 5914 5915
v 13.85070862077182 -0.33439772289475167 0.1
v 13.420110685329782 -0.7821668098908816 0.1
v 14.181960820356984 -0.8164096944419599 0.1
v 15.035972706979667 -1.1135304367617134 0.1
v 15.018065408523855 -0.3445097805880366 0.1
l 5916 5917 5918 5919 5920
v 0.012773130841612579 7.657749908416807 0.1
v 1.5046625151402395 7.31806854872381 0.1
v 0.9894206696222787 7.096753259731233 0.1
v 1.7510308578128835 8.922967432330173 0.1
v 1.6869763432046985 6.936773033099572 0.1
l 5921 5922 5923 5924 5925
v 0.5397506666203105 -1.7480305132427003 0.1
v -0.07561698787174032 -1.5825382644207124 0.1
v 0.4171719930965547 -2.5903837942221974 0.1
v -0.9489940666204959 -1.5486938117142857 0.1
v 0.5948259084253218 -1.0704578097206554 0.1
l 5926 5927 5928 5929 5930
v 11.212522161367225 -0.012765765554580089 0.1
v 11.287414628264994 1.0921020642729848 0.1
v 10.795699722477325 0.8258784173699902 0.1
v 11.430622545720723 0.052634234759374676 0.1
v 11.434099696319606 0.32419425859079687 0.1
l 5931 5932 5933 5934 5935
v 9.039764991700176 -2.392149811053713 0.1
v 10.225349216500602 -2.7101118711510734 0.1
v 10.480592271855953 -3.4353890505915983 0.1
v 10.315795114498851 -3.024047862486939 0.1
v 8.948471302450868 -2.8270946976946245 0.1
l 5936 5937 5938 5939 5940
v 2.9188330939404588 1.811938645377986 0.1
v 3.188099457177629 1.445991617295681 0.1
v 3.124072708812559 1.1969534825782309 0.1
v 4.173119481691966 2.607265242208672 0.1
v 3.2774547877127054 1.878148005347085 0.1
l 5941 5942 5943 5944 5945
v 1.8202240708837314 -7.7882745530332596 0.1
v 2.959250104209965 -7.424697711321636 0.1
v 1.254309698768381 -7.035812716705015 0.1
v 1.113378395294575 -8.240033213178098 0.1
v 2.160125776483291 -6.652590626855365 0.1
l 5946 5947 5948 5949 5950
v 14.238714586744283 -9.58128803545223 0.1
v 13.887809541808231 -10.62921585983326 0.1
v 15.00848227348821 -10.47785748676017 0.1
v 15.807258751108154 -9.646864456292331 0.1
v 14.661838469948025 -9.560692131809244 0.1
l 5951 5952 5953 5954 5955
v -5.121648761588547 -5.018092146989935 0.1
v -5.020386177388486 -5.796078212227939 0.1
v -4.328730690544109 -5.583415907750899 0.1
v -4.7622029081639585 -5.5226781042565145 0.1
v -3.6780803299514333 -5.288390120701342 0.1
l 5956 5957 5958 5959 5960
v -9.451299899893822 3.0837885041358097 0.1
v -9.488785980064765 3.8596342574422478 0.1
v -9.304110722460058 2.7010241094248566 0.1
v -9.122502541171807 3.273194985496179 0.1
v -8.145546441294405 4.141835740830419 0.1
l 5961 5962 5963 5964 5965
v 4.904567261576624 -4.8003156532583455 0.1
v 3.89311501892021 -4.3590499951657 0.1
v 3.747119405026991 -3.6228761338496653 0.1
v 3.7993681733709512 -3.6623548527957333 0.1
v 4.1712510074500955 -4.743872085732269 0.1
l 5966 5967 5968 5969 5970
v -9.81172087941987 -12.198056296254798 0.1
v -10.349733231961139 -12.295900132234715 0.1
v -9.20038203435168 -12.073655126843347 0.1
v -10.664217821084087 -11.970347601241723 0.1
v -9.767896640486224 -10.990521591085027 0.1
l 5971 5972 5973 5974 5975
v 1.4052714789982412 -14.78136317443017 0.1
v 1.263418696324066 -13.966010387824085 0.1
v 1.6787675312272083 -13.874895566110332 0.1
v 1.6404712421970005 -13.73092118536889 0.1
v 1.5953066195530996 -13.377682610593933 0.1
l 5976 5977 5978 5979 5980
v -7.6748549749239885 -4.496854622114663 0.1
v -6.981728866429791 -4.514536694962652 0.1
v -6.865340753252783 -4.7911836215753265 0.1
v -7.485341068980075 -4.619016455468267 0.1
v -8.347623819021319 -4.030462873109221 0.1
l 5981 5982 5983 5984 5985
v -5.3565433525560024 -8.962415963204746 0.1
v -3.949766185860958 -8.53502086589592 0.1
v -4.3445492409525945 -8.769819408560563 0.1
v -5.348037538023729 -7.813165713190471 0.1
v -5.710958477181596 -7.3580799257294185 0.1
l 5986 5987 5988 5989 5990
v -7.708077801565071 9.355355252303669 0.1
v -8.477520146821949 10.409162409035476 0.1
v -7.102287505783256 9.412560068514214 0.1
v -8.76645035138229 9.824567690490323 0.1
v -8.48578590714755 9.728591206820079 0.1
l 5991 5992 5993 5994 5995
v 12.42316270307781 -5.366138097608125 0.1
v 10.601550171655202 -5.905565689918754 0.1
v 11.325834050080541 -5.139569390040911 0.1
v 10.782143113561641 -6.303381367367266 0.1
v 11.39008980174782 -6.922028213059536 0.1
l 5996 5997 5998 5999 6000
v -3.9929742279554237 -6.466697082243309 0.1
v -4.276527950991549 -8.41290995523681 0.1
v -3.5875976456106144 -7.961015242326772 0.1
v -2.685058341086153 -6.9954585126918705 0.1
v -2.849129115461773 -8.217304628445259 0.1
l 6001 6002 6003 6004 6005
v 5.694980055987122 -6.974040784629709 0.1
v 6.246118459193078 -7.0078355122732825 0.1
v 7.2040066775848075 -6.500232184958277 0.1
v 6.628528274962712 -5.702997896539455 0.1
v 6.8701384358144555 -6.48248724568285 0.1
l 6006 6007 6008 6009 6010
v 10.222605456811534 9.290016916634741 0.1
v 10.21460528518586 8.654294401027279 0.1
v 10.385298885929963 9.034889320607178 0.1
v 11.025535860452376 9.882155174142977 0.1
v 9.389138391680543 9.054624797606419 0.1
l 6011 6012 6013 6014 6015
v -14.276899491217952 -4.953810273785723 0.1
v -13.706449308959595 -6.405748595963886 0.1
v -12.95713907731531 -4.847847523125696 0.1
v -14.22603683311877 -6.280395575394506 0.1
v -14.327099035337099 -6.035221756533157 0.1
l 6016 6017 6018 6019 6020
v 1.1039313621815396 13.60420133903069 0.1
v 0.45637946343056646 15.55757800376009 0.1
v -0.5900920275349695 14.598431236432592 0.1
v 0.3927021733692553 15.30225287754951 0.1
v -0.5333912497052764 14.116849601082434 0.1
l 6021 6022 6023 6024 6025
v -4.532316286107283 7.524327032365715 0.1
v -2.8426592096511296 7.682697244231845 0.1
v -4.600636449258317 6.6635566734164815 0.1
v -4.78971037304189 7.659545460998553 0.1
v -4.756307846323286 7.404266020998503 0.1
l 6026 6027 6028 6029 6030
v -6.600950295211421 3.4906244198784324 0.1
v -6.391835293927195 3.9724619378477124 0.1
v -6.880185080316496 3.5421147267059125 0.1
v -5.342152054607222 5.084517698290675 0.1
v -6.330265076310248 5.003580341845654 0.1
l 6031 6032 6033 6034 6035
v -12.662643218465867 4.789886629662447 0.1
v -12.713922619187976 6.587105394939856 0.1
v -11.456368066435475 5.1797330130460875 0.1
v -11.100961172295447 5.226873693411471 0.1
v -11.898670688004557 6.657651041310067 0.1
l 6036 6037 6038 6039 6040
v 3.364419988711533 -7.983755409276225 0.1
v 3.4861843493287505 -8.201762565009327 0.1
v 4.225260062494109 -7.098691755186071 0.1
v 4.09854872819974 -7.1526930616897975 0.1
v 2.9006134137870396 -7.673046892015292 0.1
l 6041 6042 6043 6044 6045
v -8.995160586290314 -11.469956330215858 0.1
v -8.561394008015137 -11.643919470333252 0.1
v -8.359111315161554 -11.63323552700772 0.1
v -8.226769794923616 -10.687355035850551 0.1
v -8.626968625680023 -11.22788372275135 0.1
l 6046 6047 6048 6049 6050
v -8.268052041927616 -5.060816614116633 0.1
v -8.51322062883526 -4.497057984952836 0.1
v -9.26774226979595 -5.4058313062011525 0.1
v -8.851440992640088 -4.07140516775003 0.1
v -8.121974204268817 -4.642892772938307 0.1
l 6051 6052 6053 6054 6055
v 0.21140176099660524 2.4730543298490986 0.1
v -0.48428175979649346 2.042559252036683 0.1
v 0.33439432008625625 3.3190377658185497 0.1
v -0.2275830447387044 2.941722091779991 0.1
v -0.740334980532432 2.4904477105529246 0.1
l 6056 6057 6058 6059 6060
v -0.2831656837024761 12.979160892796775 0.1
v -1.323983880818861 12.962379465214052 0.1
v -0.5392317360726717 12.367573755651705 0.1
v -0.6985207682171048 12.88022233761453 0.1
v -0.8572075831466357 13.286018340089143 0.1
l 6061 6062 6063 6064 6065
v 12.034329967061664 6.485243150295558 0.1
v 10.221682625939058 6.610451202613298 0.1
v 10.745197135413406 7.501205916852359 0.1
v 10.702380139628218 7.990986581415765 0.1
v 10.61129134414964 6.366748043539856 0.1
l 6066 6067 6068 6069 6070
v -9.464871418055472 -10.178878992141405 0.1
v -9.260966501826987 -11.036903752616677 0.1
v -10.016218129244876 -11.471298818299752 0.1
v -9.10175179661203 -10.485237412636982 0.1
v -9.008101028449477 -10.190642774420647 0.1
l 6071 6072 6073 6074 6075
v 10.438436566425619 -5.79836655397367 0.1
v 10.4900456169094 -4.176456546935917 0.1
v 8.964516493667292 -5.850626017477549 0.1
v 9.091904463336855 -4.86059858526775 0.1
v 9.922368293905503 -5.342447459746367 0.1
l 6076 6077 6078 6079 6080
v 12.236728564214276 -6.92281412088632 0.1
v 11.5828947792036 -6.7773502902900695 0.1
v 10.99437743675231 -7.027590876604194 0.1
v 11.052099263236903 -6.670344308181843 0.1
v 12.231554018655686 -7.171877292720694 0.1
l 6081 6082 6083 6084 6085
v 2.578418965322034 3.2167772008791937 0.1
v 2.729329621168739 1.944024782823812 0.1
v 2.0184674161600764 1.5569874053119808 0.1
v 1.9724182447492633 2.0288698612723874 0.1
v 2.280953290410645 2.386126333604094 0.1
l 6086 6087 6088 6089 6090
v -7.969219024364391 -12.539815155618518 0.1
v -8.1864063876987 -12.864878608156268 0.1
v -7.965546704418209 -12.355913245465574 0.1
v -8.77854280759789 -12.885031657681782 0.1
v -8.937085342745503 -12.527367597294878 0.1
l 6091 6092 6093 6094 6095
v 10.947503544907615 11.538390699256482 0.1
v 10.577095027550765 12.200822902148044 0.1
v 9.634316596608869 10.744643475535085 0.1
v 10.126193335654316 11.035577107226834 0.1
v 9.810519123092396 11.579959869809146 0.1
l 6096 6097 6098 6099 6100
v -13.197883491353496 -0.44273532116137604 0.1
v -13.074533308129118 -0.9430758980453762 0.1
v -13.106777219095667 -0.09495753332246015 0.1
v -11.537195911609645 -0.527544321919766 0.1
v -13.04477028136471 -1.1781529517923628 0.1
l 6101 6102 6103 6104 6105
v -2.715993671023286 12.697572124683779 0.1
v -2.202785876439833 13.594521140856617 0.1
v -2.358674974756336 12.998853741020454 0.1
v -1.7406274538520876 13.077255308837364 0.1
v -1.2876029607705062 13.561319457121803 0.1
l 6106 6107 6108 6109 6110
v -5.1346027722583765 0.0173566230503035 0.1
v -5.622472294695273 0.025929356438602946 0.1
v -5.4862392670722615 0.7430426465216216 0.1
v -5.501408612035149 -0.3200053067463817 0.1
v -4.472619825123158 0.7722069250591734 0.1
l 6111 6112 6113 6114 6115
v -2.757228087972011 -0.9695569691489874 0.1
v -3.0418584175856975 -0.5809451943151165 0.1
v -3.2414866614508853 -0.49355243656781744 0.1
v -1.9041987791244042 -1.4951928356483835 0.1
v -3.1488430594226937 -0.5753075839702426 0.1
l 6116 6117 6118 6119 6120
v 7.353264597704866 -11.505345352080898 0.1
v 7.9898003644623135 -10.449274105528618 0.1
v 7.164433449187164 -10.714858245803152 0.1
v 8.074365393663076 -9.857643606103723 0.1
v 6.465003379784187 -11.081205599624994 0.1
l 6121 6122 6123 6124 6125
v -13.149897732538042 -2.92972907893605 0.1
v -14.35090623555427 -4.205315372421473 0.1
v -13.236389232782418 -4.544910829805827 0.1
v -14.398586446205364 -2.908527877888701 0.1
v -14.338587948882974 -3.9463882596187423 0.1
l 6126 6127 6128 6129 6130
v 14.39299771739063 2.98495889254256 0.1
v 14.412772102598089 3.1029179573640215 0.1
v 12.921630968839894 3.6383803794793845 0.1
v 12.670100684183968 3.6345305296687815 0.1
v 12.64686405345115 3.058195537875857 0.1
l 6131 6132 6133 6134 6135
v -14.106882338452692 -13.595919103883904 0.1
v -14.663761179493147 -13.377746991519606 0.1
v -14.98126604753868 -14.715718880052506 0.1
v -14.723736781938689 -14.038859115144803 0.1
v -14.794259039242798 -13.351336652441935 0.1
l 6136 6137 6138 6139 6140
v 9.97831041029197 -1.891255979497346 0.1
v 9.874472603750156 -0.9012772763318511 0.1
v 9.115235898218238 -1.1905583146506578 0.1
v 9.053848136080848 -0.8602103018267675 0.1
v 9.851869471731137 -0.8000429903455104 0.1
l 6141 6142 6143 6144 6145
v 7.897556622514125 4.390286568959673 0.1
v 8.276480914584951 3.4935844004978973 0.1
v 8.404002927641866 3.2915620504805254 0.1
v 8.091638208689492 3.117182887149589 0.1
v 8.521720884363422 4.757408064198181 0.1
l 6146 6147 6148 6149 6150
v -8.902947465688612 -9.278542011956908 0.1
v -7.726096199606356 -9.354057271422459 0.1
v -7.435746141321157 -10.669813087310782 0.1
v -9.024949248080018 -9.052802570079992 0.1
v -8.40424043065245 -9.149059183564326 0.1
l 6151 6152 6153 6154 6155
v 3.9197759598264663 -0.4899287471041174 0.1
v 3.0012650224289694 -0.912383757572738 0.1
v 1.9762246063461628 -0.05899080162074122 0.1
v 3.464695011852837 -0.9824420977934774 0.1
v 2.9974171716974345 0.8424977631986648 0.1
l 6156 6157 6158 6159 6160
v -13.408824964778333 -2.922207724427987 0.1
v -14.52388127239465 -3.033751625388648 0.1
v -14.769287612103568 -2.6996775743681924 0.1
v -14.027998245804302 -3.860903177540661 0.1
v -13.888276551068172 -3.9047964997681746 0.1
l 6161 6162 6163 6164 6165
v -11.685461779955244 1.5603970411285673 0.1
v -11.366050327156245 1.7324462551050455 0.1
v -10.603542846641398 2.923861876999194 0.1
v -12.041396572304361 1.9435752206327237 0.1
v -10.76446151324346 1.389642490386725 0.1
l 6166 6167 6168 6169 6170
v 5.748814030515728 -13.151759880946825 0.1
v 5.488316826695083 -13.356379179609139 0.1
v 6.3305651620019665 -14.152729917605399 0.1
v 5.763334651069894 -14.510754181999703 0.1
v 5.882849498920355 -14.02299480162914 0.1
l 6171 6172 6173 6174 6175
v -0.3796686454697382 5.533622244486753 0.1
v -1.310995109743414 6.274876313820898 0.1
v -0.8298393932777905 5.4023268332293455 0.1
v -0.6473065506687454 6.507624528320171 0.1
v -0.8312113116865809 5.990573093885072 0.1
l 6176 6177 6178 6179 6180
v -7.77423864471101 -1.8099899856022064 0.1
v -9.119242122372654 -2.3128207354679846 0.1
v -7.831359760782088 -0.9874331447760498 0.1
v -8.302473930755012 -1.7375894593449515 0.1
v -7.6743497455444984 -2.452359698469605 0.1
l 6181 6182 6183 6184 6185
v 8.42809630678829 -8.428190143024496 0.1
v 7.594464936907464 -7.337202328642837 0.1
v 8.022542372199743 -8.019434414273153 0.1
v 7.370316245137902 -8.548136540641451 0.1
v 8.554257325252072 -6.769093791607072 0.1
l 6186 6187 6188 6189 6190
v 8.487831839789129 -1.2404859768443577 0.1
v 7.465253884814103 -2.239057895259781 0.1
v 9.133236417294182 -2.6349922665599017 0.1
v 8.880480576390912 -2.4900068706714324 0.1
v 8.6506427379587 -1.5420577255956078 0.1
l 6191 6192 6193 6194 6195
v 11.487868482480494 -3.5173918356667646 0.1
v 12.343171373851224 -3.9593017781010755 0.1
v 12.68631188695227 -3.6537375339545406 0.1
v 11.461272522938524 -3.9941782281292495 0.1
v 12.28378041328986 -2.2599974173930186 0.1
l 6196 6197 6198 6199 6200
v -14.294485091724283 11.661473709571645 0.1
v -13.773284369023564 11.743715377821513 0.1
v -15.147597249997323 13.182524735000158 0.1
v -13.920467619183825 12.42217612496032 0.1
v -15.26650365314557 11.990443034241187 0.1
l 6201 6202 6203 6204 6205
v -9.117081071006652 0.021796672150113938 0.1
v -8.626530748506585 0.24673088331074466 0.1
v -9.703373406537635 0.3240268815585292 0.1
v -9.876799022050998 0.8914268419157576 0.1
v -9.365470399368983 -0.1411976868913527 0.1
l 6206 6207 6208 6209 6210
v -8.006992767584553 10.825100239330673 0.1
v -7.819891883754548 11.633027574254397 0.1
v -7.2554692773049485 10.42370581012538 0.1
v -7.886756646637718 10.040256194216003 0.1
v -8.053675344037117 11.162367441083227 0.1
l 6211 6212 6213 6214 6215
v -4.593169155695377 -12.716698243345913 0.1
v -4.700882135340589 -13.108181539242027 0.1
v -5.781722044768152 -13.528811778205924 0.1
v -5.096954143373366 -13.116806648635155 0.1
v -4.952291665547331 -13.17626832067847 0.1
l 6216 6217 6218 6219 6220
v -3.5218811899967366 5.204211863864996 0.1
v -3.289921424970397 4.906580869802614 0.1
v -4.643952892166702 6.453519618235795 0.1
v -4.4408154709053935 5.484806482425138 0.1
v -3.080034156328791 4.896631355677441 0.1
l 6221 6222 6223 6224 6225
v -11.014152441266734 -11.63055160114756 0.1
v -10.976988964361682 -11.63917678795145 0.1
v -10.552613350091095 -11.590201212406866 0.1
v -9.33603260948346 -11.13494485275163 0.1
v -10.169882486493169 -12.019028296235131 0.1
l 6226 6227 6228 6229 6230
v 0.23353933320009612 -11.084988492391922 0.1
v -0.6994373881517779 -11.714901329177334 0.1
v -0.11398606058638028 -10.736091499007989 0.1
v -0.0990189280025735 -12.077982035939682 0.1
v 0.05933436379322865 -12.098859355976307 0.1
l 6231 6232 6233 6234 6235
v -3.3374603120947866 -8.047064011659256 0.1
v -5.010140928365178 -6.77778913263777 0.1
v -4.229839092149484 -7.813111417234951 0.1
v -3.6092135632611946 -6.694937084876674 0.1
v -3.2586430170531226 -7.270953815226708 0.1
l 6236 6237 6238 6239 6240
v -5.354860449918121 3.5526688827897077 0.1
v -5.406035100758469 3.3501345591384917 0.1
v -4.886336424141215 3.318649617342351 0.1
v -4.339776041602641 3.554623293431792 0.1
v -4.710090252445028 2.7689001733321583 0.1
l 6241 6242 6243 6244 6245
v -7.465437967166169 13.958752617304537 0.1
v -9.008098238148916 12.618236963800953 0.1
v -8.935354234085787 14.015685232009282 0.1
v -8.2612612327475 13.40228876101467 0.1
v -8.39077788643913 12.676177293333417 0.1
l 6246 6247 6248 6249 6250
v -4.813496090381932 15.769471541656904 0.1
v -4.2406756749612 15.78728980070966 0.1
v -4.818994748728574 14.80564480841956 0.1
v -4.030220581228511 15.499070978990348 0.1
v -4.092011382892244 14.133039855153056 0.1
l 6251 6252 6253 6254 6255
v -6.820909547513987 0.8258017010970553 0.1
v -8.110097383597761 0.23548354694312645 0.1
v -6.621775677437235 1.5789156875845158 0.1
v -6.729654266730956 2.1653629945555948 0.1
v -7.365918227083422 0.9425463530495728 0.1
l 6256 6257 6258 6259 6260
v -6.144771556611175 -0.48998371037330957 0.1
v -5.014386281685224 -1.0600638146161174 0.1
v -5.356588064874788 -1.9343991414123975 0.1
v -4.4738267339010065 -1.584862548803008 0.1
v -4.595579386404411 -0.7632345910217897 0.1
l 6261 6262 6263 6264 6265
v -9.458393557966993 8.108693889466753 0.1
v -9.490563739373902 8.187102008150706 0.1
v -9.532402063414715 7.89483490593802 0.1
v -9.503063519377328 8.473070200570254 0.1
v -10.685494063611333 8.385574703154813 0.1
l 6266 6267 6268 6269 6270
v 11.309161112698474 3.6496625661366107 0.1
v 10.64859110787322 3.0842896583685757 0.1
v 9.825137616571135 4.726876654572674 0.1
v 9.623166023561824 3.737399289231684 0.1
v 9.821935243875933 3.9634673282986013 0.1
l 6271 6272 6273 6274 6275
v -1.8331518665456201 1.4627256411392444 0.1
v -2.259925697677029 1.6381654514511026 0.1
v -1.219069818521703 2.088963903825153 0.1
v -1.369923257267431 2.894390181193664 0.1
v -1.6699456267928212 1.8364664991947794 0.1
l 6276 6277 6278 6279 6280
v -0.13489532330464415 -2.8528749883368176 0.1
v 0.37904218061721084 -3.541098643740754 0.1
v -0.2301841030515237 -2.2249393116675398 0.1
v -0.01828368184647866 -3.3163243631020682 0.1
v 0.3689867557459354 -3.7925634800533796 0.1
l 6281 6282 6283 6284 6285
v 3.059208480199253 -11.81723649498953 0.1
v 4.6109619690997325 -11.623286436699823 0.1
v 4.229993096949258 -10.271827167206341 0.1
v 2.712618007119138 -11.908657774595179 0.1
v 4.081639837031937 -11.786578776626307 0.1
l 6286 6287 6288 6289 6290
v -4.452736251816736 -2.8600984298370222 0.1
v -4.640997959516814 -2.981645269954826 0.1
v -5.855285435099095 -1.8216262587004755 0.1
v -5.159151962100037 -2.0691874220538597 0.1
v -5.638234195784391 -2.6806328910989867 0.1
l 6291 6292 6293 6294 6295
v -10.04239416514238 12.681330562253882 0.1
v -9.526108259117422 12.699750436303749 0.1
v -9.616273972740121 12.429410000346872 0.1
v -10.112159898083911 11.029079103713476 0.1
v -10.400503128763788 10.93190161335779 0.1
l 6296 6297 6298 6299 6300
v 6.477214675656996 -0.13920759458166843 0.1
v 6.869576241159102 -1.6858044430373387 0.1
v 6.182966669490447 -0.6077853965660953 0.1
v 5.857274732688771 -1.7387571277354614 0.1
v 6.542021731522011 -1.8223737637308148 0.1
l 6301 6302 6303 6304 6305
v -0.32819262121238735 11.556174113040996 0.1
v 0.3696813613825791 12.7885346910384 0.1
v 1.0959801179371782 12.72902239268749 0.1
v -0.10488743175237714 12.678760310313113 0.1
v 0.20100632208461966 11.351544638798291 0.1
l 6306 6307 6308 6309 6310
v 9.309020848051002 -9.168712745354359 0.1
v 9.72307266097635 -9.27847301090118 0.1
v 10.004528139980664 -8.00645055672794 0.1
v 8.725196062004276 -9.975010867422025 0.1
v 8.75369247232906 -8.211575977039491 0.1
l 6311 6312 6313 6314 6315
v 4.8159142016496865 -4.299650754687386 0.1
v 4.687365048187171 -3.4248378517531357 0.1
v 4.964325400449365 -4.362963393233523 0.1
v 4.409756535840856 -4.27917268104075 0.1
v 3.926827717874777 -3.3170474190520505 0.1
l 6316 6317 6318 6319 6320
v 9.089383289365191 -13.489371482133382 0.1
v 8.36385141325572 -13.230913685736642 0.1
v 8.969333344734435 -13.0096625697317 0.1
v 9.296121256321603 -13.570285255848866 0.1
v 9.496628124173213 -12.002943669673064 0.1
l 6321 6322 6323 6324 6325
v -3.380193013835712 -7.939168455915269 0.1
v -3.5602576185603363 -7.432405747444614 0.1
v -3.1844868721093476 -8.3083855321682 0.1
v -3.3394583381032374 -7.641751211638777 0.1
v -2.130551913133109 -7.923978385249717 0.1
l 6326 6327 6328 6329 6330
v -5.385791035471822 12.917256731569092 0.1
v -6.9626924061993005 12.37054415156957 0.1
v -6.906291696353872 13.852158099091211 0.1
v -6.316312732148848 13.622712567730765 0.1
v -5.5046205174184575 13.586037781307828 0.1
l 6331 6332 6333 6334 6335
v 1.0077000148748214 6.899190066945488 0.1
v 1.09417073503666 7.616230913083163 0.1
v 1.5004729067335516 6.0767911066476445 0.1
v 1.2724432247979072 7.146122711373085 0.1
v 1.0259764787306056 7.320098259251909 0.1
l 6336 6337 6338 6339 6340
v -11.602725079048712 5.777040808025838 0.1
v -12.942718610592852 5.178483647291307 0.1
v -12.935348882400497 4.5377411578249385 0.1
v -11.994435699833934 5.408645077823355 0.1
v -13.179638941831097 6.007437581907602 0.1
l 6341 6342 6343 6344 6345
v -8.288947413128325 0.7562841517386485 0.1
v -8.116547104199597 0.862223577039104 0.1
v -9.069937883275987 -0.35679576365817023 0.1
v -9.127562673754559 -0.5629777172488966 0.1
v -8.150873111968425 -0.2695320627287465 0.1
l 6346 6347 6348 6349 6350
v 12.254097309932757 -7.231887042176468 0.1
v 11.587176918325875 -7.750607677689603 0.1
v 12.79346649040911 -8.036356599745584 0.1
v 12.207870124518248 -6.809765739153562 0.1
v 11.621276634676512 -6.898860814519223 0.1
l 6351 6352 6353 6354 6355
v 7.982648597657511 -7.969392353788833 0.1
v 7.679477055485242 -6.897180919343702 0.1
v 7.359819216467495 -6.966976877418339 0.1
v 7.668968804747871 -7.287108104251718 0.1
v 7.538301002303675 -6.971848609755575 0.1
l 6356 6357 6358 6359 6360
v 1.3880502488273785 10.845398997077734 0.1
v 1.7101379126716048 12.201897036330825 0.1
v 2.274376942294614 10.76416761732897 0.1
v 1.9357371978896194 12.173180662414692 0.1
v 2.006959232841683 11.465645894115216 0.1
l 6361 6362 6363 6364 6365
v -0.5287671229453359 -9.142635773820952 0.1
v 0.21729029549845924 -8.121674358991642 0.1
v 0.5823244985713001 -8.860275829472396 0.1
v -0.3253361035339579 -8.743037116864603 0.1
v 0.6908478538580807 -7.571103571700737 0.1
l 6366 6367 6368 6369 6370
v 12.926825675646583 10.452864994560233 0.1
v 13.112450433659545 9.878454926503913 0.1
v 13.318308770520112 9.774679598052312 0.1
v 13.674462471822654 10.519475486110746 0.1
v 13.98334202049999 10.605235903309467 0.1
l 6371 6372 6373 6374 6375
v 4.178586216194047 12.394671270683435 0.1
v 3.524843936005169 11.847335334180269 0.1
v 3.9830008088373594 10.660160021587098 0.1
v 2.723863760310151 11.699978553728089 0.1
v 3.273175375489599 11.501773318901595 0.1
l 6376 6377 6378 6379 6380
v -0.6323253914134312 -1.905403618223566 0.1
v -0.19152635076405855 -0.8605838255908722 0.1
v 0.4235398130626755 -1.9395202123039215 0.1
v 0.284657266722546 -1.202035631268022 0.1
v 0.3143395561545914 -1.271688291394159 0.1
l 6381 6382 6383 6384 6385
v -11.744457393739411 -7.163275838866617 0.1
v -12.181630035480838 -7.9270356741703765 0.1
v -11.986966443687622 -6.109651223332547 0.1
v -11.771905709380874 -6.156357006525015 0.1
v -10.85246391956677 -6.764487056746821 0.1
l 6386 6387 6388 6389 6390
v 9.331883752907531 0.26373993674197105 0.1
v 9.979915240151808 0.7918303617956726 0.1
v 10.074852338207952 -0.3191768184642634 0.1
v 9.341381375285485 0.7793643829794312 0.1
v 9.965304117706573 0.7532267894891904 0.1
l 6391 6392 6393 6394 6395
v -10.228592048884162 0.09878930169806877 0.1
v -9.812671212527059 1.3142437968668805 0.1
v -9.646099736153467 0.2235020252804487 0.1
v -9.475983398641324 1.0834917274182403 0.1
v -10.400744690192703 1.4057832816891906 0.1
l 6396 6397 6398 6399 6400
v -11.146206394337494 -0.29792451599725767 0.1
v -10.768298308336984 -0.35820933195300575 0.1
v -10.23821814264826 -0.6891197315855309 0.1
v -10.06823438267638 -0.41585782241866887 0.1
v -10.437551998365 -0.06715858871203917 0.1
l 6401 6402 6403 6404 6405
v 3.59028115423596 6.137878821614995 0.1
v 3.8362279541512505 6.932599380726186 0.1
v 3.748743872866707 5.979604359764378 0.1
v 2.4620702123136615 7.471191524400804 0.1
v 3.2683162807587847 6.3546415363447935 0.1
l 6406 6407 6408 6409 6410
