# Cyvl Generated CAD Model
o Street_Mesh
v 1.9923334675841033 14.089464718475938 0.0
v -9.17641140538035 -10.027438146993518 0.0
v 7.563153116905596 -9.91420771740377 0.0
v -6.916221121035051 -3.8460874874144793 0.0
v -1.8114135642535985 -3.0062372628599405 0.0
v -8.400904037291184 14.591920631937683 0.0
v 8.59253362234449 12.221465339884162 0.0
v -12.907813563826494 8.473235653713346 0.0
v 13.592367512057535 -3.695710824802518 0.0
v 12.023161534336396 -9.463615197688341 0.0
v 1.972593571350444 6.789460168220103 0.0
v -5.622205162537284 10.678302267566323 0.0
v -7.05585614341544 12.953303067944944 0.0
v 2.4537665140233003 9.796705949120224 0.0
v -0.008299133973196149 9.036675935611129 0.0
v -13.926938374293968 14.344410508871078 0.0
v 8.206373639695812 -5.295888245105743 0.0
v 10.860814297629986 8.121765228919685 0.0
v -11.484716110804584 -4.193364438600838 0.0
v 14.740957443311345 -6.4869455471634865 0.0
v -12.604975321621168 -5.61252358648926 0.0
v 1.2222253387444653 -8.944098505191505 0.0
v -13.989422063634265 5.598394349217415 0.0
v 9.135984613385517 -7.2361933114007115 0.0
v 4.3244447889737785 4.30017211008817 0.0
v -13.519903697248083 2.484958766028285 0.0
v 8.126704656751826 -12.785465870052576 0.0
v 14.538911351468414 -10.668213864788413 0.0
v 14.43641260563163 -6.656981842592359 0.0
v 1.3526746380375698 12.896704658865929 0.0
v -0.5072096938383766 -9.924746709875762 0.0
v 14.242649933788925 10.804872986860573 0.0
v 5.018364957999438 -8.237844756804407 0.0
v 1.5979716043220833 14.13197039347142 0.0
v -6.686428719491232 13.836654303595424 0.0
v 5.320159390219487 -3.107522064819932 0.0
v -8.192153034440707 -0.4537020428106189 0.0
v -6.995062081783544 -2.2335817217826843 0.0
v 3.5688220681622624 10.317382622510195 0.0
v 5.397958353278227 4.64886072371155 0.0
v 2.1092237466946244 9.543667311780155 0.0
v -6.3385763871483505 -7.0675226375460625 0.0
v -8.008488990366459 1.7125677075237036 0.0
v 2.610867673996836 3.207546911202371 0.0
v 1.3415182494209148 -2.294112227857113 0.0
v -2.331951681582723 -9.637308987788856 0.0
v -10.900441479927395 -0.9505118485540152 0.0
v -9.5271520363749 5.419139620848 0.0
v -2.5275194908608682 -11.874283376149833 0.0
v -11.865549771522637 -9.942288782447577 0.0
v 3.852465000876691 -13.650690821930766 0.0
v -9.291136377025396 3.3905478436499834 0.0
v 5.150925412599463 -7.703745215199888 0.0
v 8.788500822614878 -10.863677978515625 0.0
v 7.5714430477819405 11.566870504058897 0.0
v -0.03286579018458724 8.775806913152337 0.0
v -2.2089112464454956 -1.8620296604931355 0.0
v 7.8114027621923015 -1.6936035035178065 0.0
v -13.505267331958748 4.8495784336701035 0.0
v -3.4267112085944973 6.635393674485385 0.0
v 5.089422188291792 -11.405960392206907 0.0
v -7.232927911914885 1.964608060196042 0.0
v -7.69581776263658 -8.588231411762536 0.0
v 9.573247387830634 -5.755286023952067 0.0
v 9.37303384183906 14.890714529901743 0.0
v -11.221266770677175 12.359097112901509 0.0
v 3.9324919329956174 -8.30657896026969 0.0
v -3.179049853584729 -5.90720668900758 0.0
v -12.121185875614174 -14.773645739071071 0.0
v -10.366567502031103 -1.9906755471602082 0.0
v -14.806436503014993 -6.1099216705188155 0.0
v 11.601694381854031 -4.958868599496782 0.0
v -7.562556454446167 -8.601319764740765 0.0
v -1.9098649289808236 4.548302289098501 0.0
v -6.4005522725638 -8.329562087543309 0.0
v 10.382724599854555 7.262102922424674 0.0
v 12.790429720073007 -6.551497058942914 0.0
v -6.3208116997848265 -3.0434458320960402 0.0
v 0.5885980517487042 10.814556783996522 0.0
v 4.970226757868659 12.454126683995128 0.0
v 9.937926038342994 -5.513453065417707 0.0
v 5.362748920393642 -13.660988087765872 0.0
v -0.6015444642980583 -3.160142100416124 0.0
v -8.343681655009277 -8.551955905742943 0.0
v -3.4625771025312133 6.601463809609413 0.0
v -0.180775114975404 3.165037010796368 0.0
v -0.7732174074626528 -13.771007036790252 0.0
v 9.255722920817789 12.580446617677808 0.0
v 10.557612770295236 -3.593788931146264 0.0
v 12.571901546791196 -8.253960526548326 0.0
v 7.840984035981819 -12.625812771730125 0.0
v -7.614892798475921 -12.874250178225338 0.0
v -5.735257716092747 -14.885000699199736 0.0
v 9.089126401755493 6.745951361954212 0.0
v -0.27231368626235053 -0.9530963068827987 0.0
v 5.549887546803802 0.09183047618716955 0.0
v -8.555231851467397 -1.5540625397115946 0.0
v -1.1623016094090417 -11.866065338253975 0.0
v 7.437444893701468 11.74700444471091 0.0
v 2.830719445599243 12.993146649561822 0.0
v 12.683420424407814 12.04288716148585 0.0
v 12.746994695276953 9.173889513127506 0.0
v 9.103432658710517 5.097060175612569 0.0
v -11.183023979479913 7.183955958113074 0.0
v 12.574902230000589 -7.024072079919279 0.0
v 1.7073631242965348 -10.534305670298636 0.0
v 11.943436165864114 -13.103823288343847 0.0
v 4.6874176419805735 -10.957557602785528 0.0
v 12.963792090595234 6.527463643811643 0.0
v -12.638591694761999 -11.342471580021083 0.0
v 13.668802347965539 -10.148297113366425 0.0
v -4.292121970735025 -2.517157545313239 0.0
v 9.734901295218151 8.232267620973289 0.0
v 10.49912619200768 -1.2250076904892921 0.0
v 3.0105905887903646 -12.053542207926512 0.0
v -10.027583734889049 -2.927440784871578 0.0
v 9.192738812591415 -7.628191776573658 0.0
v 12.414448524068575 -13.027139831334352 0.0
v -8.45358974073315 -14.749167419038713 0.0
v 11.970821639697533 14.294044852256775 0.0
v 12.37524238799233 1.096589564345777 0.0
v 12.274613940040581 -14.432430780492723 0.0
v -2.7101677822647616 2.3604571660980582 0.0
v 9.15964591957163 11.268899416550994 0.0
v -10.639379903965164 12.617824996821582 0.0
v -10.514949963369872 -3.87017223238945 0.0
v 8.236708181677386 13.454493091441691 0.0
v 8.477547900867648 10.532866320572793 0.0
v 2.5384714196552522 14.92647952400148 0.0
v -1.2563196039409377 -2.8742854734882712 0.0
v 2.507517146063037 -13.528308501467109 0.0
v 9.350481436529662 6.629361549392343 0.0
v 12.904943397035822 -1.5387372495606542 0.0
v 9.450499826285522 12.543284242972732 0.0
v -14.504443194135092 -3.8104071225970984 0.0
v -7.419095051474869 -0.6008301852270961 0.0
v 6.072293778823223 2.581721430644393 0.0
v -12.495052307494916 -0.03671026695519686 0.0
v 11.750411382003222 -9.568875699304044 0.0
v -11.532402837881818 3.8005079282447696 0.0
v -12.12794314691564 0.5925373211503029 0.0
v 7.018085319374222 -13.139385670423508 0.0
v -3.0694845661637373 6.217176659964025 0.0
v 6.148118860379327 -13.291903925128281 0.0
v 3.4851287032361142 1.114702538587153 0.0
v -7.9462744852062315 9.711304388940334 0.0
v -6.383576361637097 -0.04926666524261236 0.0
v 0.5213275062269531 0.21387828048318624 0.0
v 2.913373270421289 10.702557218261063 0.0
v -11.796460044046398 0.27504176273941994 0.0
v 10.917903921450488 -0.0425825035199523 0.0
v -7.01018057478359 9.238607325591147 0.0
v 11.187720359419473 -3.9615355199202895 0.0
v 7.767716636997648 6.328017356805503 0.0
v -3.47844202228589 6.012206522747874 0.0
v -2.3825172117212787 14.70445425901562 0.0
v 3.8881146406638436 -6.30479182023555 0.0
v -2.4940396349411458 -6.946616160683334 0.0
v -12.452580723678693 2.266666302457452 0.0
v -14.853937355685048 -6.075581745244563 0.0
v -14.825524586543906 -13.085308063775301 0.0
v 7.731600439699832 8.891460182145238 0.0
v -8.73036243650131 -14.754121009260416 0.0
v 10.078667874797247 -0.97798634134233 0.0
v 14.069420351472218 9.56056755874306 0.0
v 3.312093870306853 -10.146203368902206 0.0
v 7.683214103686623 0.6520702866837382 0.0
v -5.865783554618247 11.360526946373284 0.0
v -13.271693722635973 -12.55078964214772 0.0
v 11.835615542193409 -10.485988317988813 0.0
v 0.00023307936498895288 11.374233067035675 0.0
v 4.626108227064833 -5.4986205492168665 0.0
v -10.553239367320202 3.340118959546089 0.0
v -8.934645743342116 11.224587708711624 0.0
v 9.677847702230792 10.12325439043343 0.0
v -12.992027025378775 -2.599625620059669 0.0
v -9.34157580777537 1.6215185467153788 0.0
v -9.447287958464585 -13.887345729395747 0.0
v 4.786456732079387 10.84480309765786 0.0
v 2.8304511794121936 9.451180895790458 0.0
v 6.9271909380331635 -8.628614938817918 0.0
v -8.55440890515456 9.458704680204391 0.0
v 12.19803493708605 7.14591052941978 0.0
v 14.935701509588398 1.207172685302794 0.0
v 4.061912059085444 -2.408780855126679 0.0
v -9.639867084741127 -9.488788770511746 0.0
v 1.2828840485890396 14.320897595956922 0.0
v -0.46207072742981836 -5.059833347797394 0.0
v 2.0039234164869413 13.553923876956105 0.0
v 12.112764919933397 -5.755979736335576 0.0
v -14.316512461518869 11.703169371932745 0.0
v 10.726249484636355 13.698375082574785 0.0
v -4.037228937901091 -13.66983961686492 0.0
v -3.5487153531285003 3.9028474977239966 0.0
v 10.071127389383037 -10.961837746202946 0.0
v 9.72194779466372 -3.0311940228566527 0.0
v -8.062204067246057 14.981354498304427 0.0
v -14.00363800721243 7.227211430668831 0.0
v -13.700390957004856 -11.805426955223083 0.0
v 6.512901093286928 5.076274431310594 0.0
v 8.837926104199141 -4.855238345451653 0.0
v -10.762733152077999 1.812321649864316 0.0
v 6.252085838990752 4.509984899312258 0.0
v -7.358560411608778 6.1827751994133 0.0
v -11.333870059577748 -0.159390683285892 0.0
v -0.5564581892103888 10.26967450324446 0.0
v 7.460949758358765 -1.5020828563719988 0.0
v -12.661990981199779 6.031953664496541 0.0
v -4.153170098725241 14.108022654429078 0.0
v -2.0528615632792935 7.860780166462064 0.0
v -7.81702224543551 -13.601212568581104 0.0
v 10.515383513411507 -8.66318559832871 0.0
v -10.097133039846085 11.106084811501205 0.0
v -4.919709306966979 -5.0189175475388765 0.0
v 11.176728667167481 -13.911199775524437 0.0
v -11.09495888382662 8.577838509343565 0.0
v -3.0571389325778 13.368660760112107 0.0
v 9.217967295146082 -5.964681782759726 0.0
v 2.1805251034675166 -7.4231874998658895 0.0
v -7.377082124177832 12.687506555579603 0.0
v 5.514874128450174 -7.60214121080935 0.0
v -12.952092255000025 -7.0933175990357995 0.0
v -12.30132087902166 14.250209119170904 0.0
v 12.402464067970868 -2.9741095891222358 0.0
v 3.5786558329709806 7.694915252737701 0.0
v 1.404747728665825 -8.365852136164904 0.0
v -10.161256680032238 0.8009291337803006 0.0
v 9.728331491583958 6.518059824593365 0.0
v 1.2226388191338629 -0.09114447608590126 0.0
v 12.260736739437561 -0.5781940007582307 0.0
v 4.359573527239263 10.616634655743837 0.0
v 1.353465075371787 2.985606719739735 0.0
v -11.479956826544367 11.452201573178172 0.0
v 10.696043866570108 -13.509424493648112 0.0
v 14.22028539062012 -3.2392940605059266 0.0
v -14.894172478409018 11.938517581671476 0.0
v 3.618704791064374 -8.102158878929913 0.0
v 8.608018807368353 -8.296870267018676 0.0
v -2.3877424914971925 10.118669948540628 0.0
v -5.945225639967248 -9.785804881714284 0.0
v 2.5657889299327508 2.632227069698274 0.0
v -12.004553701379336 -11.920400735922158 0.0
v 12.152367371018045 -7.376841780729592 0.0
v -9.377005946356803 1.725024283863604 0.0
v -5.85580659128027 1.6708318861201406 0.0
v 5.643316820845939 12.738545654341578 0.0
v -0.12829983734991401 -10.515946691855788 0.0
v 7.3370684802066535 -7.692716186866164 0.0
v 9.295038122567348 -11.905768260359764 0.0
v 1.8720447982777841 -12.728373522870243 0.0
v -9.717707088333555 -0.870716817677021 0.0
v -8.111291700450238 11.092852120287716 0.0
v -14.55122323782416 11.657384933903813 0.0
v 13.348483928944916 -10.811196092516184 0.0
v -2.2277004185598344 13.205670105293393 0.0
v 0.9851563300471753 0.2148300101980567 0.0
v 1.6711527864681557 8.903276585042477 0.0
v -8.3107347797486 1.48254697304219 0.0
v -9.339389072614722 -2.7891738582402468 0.0
v 13.90183079073904 13.858628978952765 0.0
v -9.557855281338561 2.11781560536474 0.0
v 2.138263703964185 11.319497144781053 0.0
v 10.680437421542592 4.705722280777991 0.0
v -13.797619674471207 -12.12351848371327 0.0
v 10.813207437633537 0.032551693730056286 0.0
v 9.227789808704983 2.009652925655246 0.0
v 7.048064058297314 -10.444407276809216 0.0
v -2.3858168911538087 14.618666278198361 0.0
v 8.093584123183973 7.607410179451108 0.0
v -11.616278278408572 -1.4119073301553726 0.0
v -2.9935369478189386 -11.654180454090238 0.0
v 5.348174178157933 -10.851111852563918 0.0
v 7.001469558512326 -2.9262855956330895 0.0
v 14.532817833998706 12.745287378318608 0.0
v -7.730132390046492 7.049568287096918 0.0
v -10.52500391670037 -3.8016844857484102 0.0
v -12.271765686455183 -5.513150095939636 0.0
v -2.482832843787037 -9.890877542085946 0.0
v 0.27363788429647684 4.937742808833718 0.0
v -3.2058347149868496 -9.783329733647406 0.0
v 9.05043040093733 7.150646671652794 0.0
v 3.784134200308472 -10.792279074899852 0.0
v 2.0201448387815617 -4.983794946223497 0.0
v -0.039372007944621146 7.331155045889318 0.0
v 14.867742138390895 -5.446813330054283 0.0
v 4.030042297963519 -4.020152359269559 0.0
v -10.385930872464087 13.408212142065167 0.0
v 3.227170087338891 -9.33572768419981 0.0
v -7.88064949051477 0.32764754816889763 0.0
v 6.1294008395052515 -7.4098295867443085 0.0
v 7.547577192191966 3.9937876500189304 0.0
v -11.497846070618834 12.063466013409197 0.0
v 6.286946361651644 -6.900349621661007 0.0
v 5.582691476040054 -4.0759442541748285 0.0
v 8.04150989826303 0.4620612347498536 0.0
v -6.526648692146409 -8.52197999600321 0.0
v -6.949562519905157 14.954415488988161 0.0
v -10.133044539543334 8.885565509088337 0.0
v -4.817123407672625 -4.104899672791362 0.0
v 5.628147498995531 4.229466137476265 0.0
v -2.3612094034906477 0.2856973558664322 0.0
v 7.049243760237005 8.24183448124677 0.0
v -3.771987985819578 9.745715592056513 0.0
v -6.215966276300605 -3.0424447152763605 0.0
v 11.876397316285875 -11.08370556961745 0.0
v -6.593280632339884 -4.830360654741526 0.0
v -7.841021821775939 4.764567472971976 0.0
v -14.726948171737604 2.1234572771936655 0.0
v -0.8681139177642763 -4.743821311742067 0.0
v -10.970169432112016 0.40846561174839735 0.0
v 6.704781719716266 -14.310992035083473 0.0
v -5.583324257924687 -14.510907523334026 0.0
v -6.693389917258173 -0.03074287250638008 0.0
v 10.036490913887974 -6.520384886302054 0.0
v -4.5542160595650785 13.174915329553187 0.0
v -13.207462148566265 -10.793942454271019 0.0
v 12.516988011309877 3.443276535719633 0.0
v 4.245619592198636 -2.4663556162267923 0.0
v 11.228776487812866 -8.860993296839297 0.0
v -2.5124404897214845 0.015983613207936287 0.0
v 12.045769037795253 10.754171225242317 0.0
v -13.34526785358321 -0.16344656236469746 0.0
v -9.194854097440839 2.6351992646232247 0.0
v -14.266815822920762 -14.665601097047329 0.0
v -2.7143912110477686 9.062447858043015 0.0
v -6.86901087773731 -0.13794716633856297 0.0
v 11.466913071868476 -4.404715922661126 0.0
v 12.217311440268531 -11.391908093355596 0.0
v 10.396321771782823 -8.249294540844858 0.0
v 1.0510951023898087 4.1038098987191916 0.0
v 5.237594442849513 14.55305405613035 0.0
v 8.503163502085954 8.445202317088842 0.0
v 14.026075585221406 3.0013986360281706 0.0
v 10.504645269189496 13.292117276228964 0.0
v 2.3513990539941005 10.458009977824986 0.0
v -7.379709458851721 11.937010450288653 0.0
v -7.828685633547138 -1.7053161589428782 0.0
v -13.039452207507566 8.98702794406563 0.0
v -3.6302694877958857 6.757435061968863 0.0
v -14.119456715532579 5.51374367531389 0.0
v 5.421049947151914 -2.0027304654940963 0.0
v 14.058050731488038 13.659838668070734 0.0
v -10.245233840367291 1.6857332410290837 0.0
v -2.9309778531314805 10.2137400386855 0.0
v 9.016985624446534 -11.854861951433122 0.0
v -4.3369007565197535 9.796106353402138 0.0
v -0.7172762571717612 11.952181801199913 0.0
v -14.891440684034023 -10.497607070021331 0.0
v 4.543697704270016 6.940742209553719 0.0
v -3.3336309794685803 -14.85168557614088 0.0
v -10.133836660475936 -13.03177195880562 0.0
v 10.295052659115754 -10.91087377909571 0.0
v -4.609595719375648 -4.970129923895001 0.0
v 7.89197379280813 -0.5151927173137665 0.0
v 2.5885075831320137 7.08009381685406 0.0
v 14.666656616318505 9.432063760235906 0.0
v -12.859706375747919 -11.733655085787177 0.0
v 12.473023396276403 9.544492370449007 0.0
v 7.237095373566262 4.055693319067359 0.0
v 11.869914248178247 11.429559106938541 0.0
v 1.584800740412902 4.230261901393533 0.0
v 10.828070977295283 -11.335829466581345 0.0
v -4.444495916599408 -8.506521606817842 0.0
v 8.686570233025122 7.470592025667429 0.0
v -11.232331672043074 12.399750183336437 0.0
v -6.063690444745589 -13.382400000467896 0.0
v -12.540240318456199 -0.7644182676449418 0.0
v -1.1674673809902743 14.01799188926816 0.0
v 0.2937827480491251 9.287874458357692 0.0
v -11.844246661348734 4.980585687793791 0.0
v -3.1900889748358168 -4.116011624224484 0.0
v -7.802710303221829 3.0738127417862415 0.0
v -1.3744828128255904 -4.309361946769059 0.0
v -9.377160904172342 -0.29014607798308134 0.0
v 7.340670745412353 -6.644305341877043 0.0
v 5.497022729949094 0.4490410005673766 0.0
v 14.880227616522461 -6.428868846967816 0.0
v -12.973484604328405 7.552086620591581 0.0
v -9.820290298492182 5.340015391819179 0.0
v -12.786321007588413 8.347016558982432 0.0
v 6.332349431759212 2.427948101423681 0.0
v 6.159496041131206 10.594419591128826 0.0
v -6.377352940151468 -0.41947369556874037 0.0
v -5.884876042953692 10.097068954259157 0.0
v 2.9669685939443298 11.18567310553044 0.0
v -14.88441274408251 -14.90084383636713 0.0
v -10.547829015122261 -5.416136518120766 0.0
v 2.2011484566610307 7.650333669967949 0.0
v 11.931231869908515 -11.223923215642571 0.0
v 4.411186013079714 -12.291847764514387 0.0
v 4.400531844818033 -13.357600600458682 0.0
v -3.8432636994402856 -4.470291488803923 0.0
v 3.057781101902947 -3.737878524698317 0.0
v 0.22384243155829608 -12.701260301284492 0.0
v -12.239714877970982 -12.459502831101418 0.0
v 9.113935246539768 1.4171882346272469 0.0
v -6.1430937617551535 -7.600592773407698 0.0
v -3.4532747188350186 5.876399523578584 0.0
v -5.566753788909409 0.2060923408716917 0.0
v 10.486834512557834 -7.020482408814132 0.0
v -7.424208154901862 5.7984179593622684 0.0
v -8.7665798990638 -4.570569336414337 0.0
v 11.675360742898192 13.781904536299407 0.0
v 7.887683025852311 1.5567491315305233 0.0
v -12.436162403784692 2.0479823676869273 0.0
v 3.2843565631774254 -9.39158833399415 0.0
v 14.950115162471775 -3.979153617285192 0.0
v 13.985133828886319 -9.89125076122582 0.0
v 13.47699375107186 -3.0287012364715338 0.0
v -5.103076159895863 -8.776947116479278 0.0
v -10.538252960133832 13.429895422421396 0.0
v 2.8903678802307695 9.962507055141032 0.0
v -4.459260284493212 -0.6443969178944826 0.0
v 4.504905587120447 -12.434315036982298 0.0
v -12.702849482186139 8.659300967119634 0.0
v -12.008923696354032 -2.8506987588480115 0.0
v 13.307471529755276 11.14406817778945 0.0
v 1.7717976525891572 -1.0521302688866854 0.0
v 7.261495212907903 -10.247557551600039 0.0
v -10.476405623252504 -11.525203720666468 0.0
v -13.288817416527309 -2.6497817179188132 0.0
v 4.169647640082985 -3.465479603037238 0.0
v 11.63710090337554 -3.596370772458613 0.0
v 13.591529776458628 -10.67672227229923 0.0
v -2.1664593160385266 -12.58476590178907 0.0
v -14.048411070834845 11.54417632613331 0.0
v -12.30613713216735 12.239971028640866 0.0
v 8.920985948119778 -0.7618127772584558 0.0
v 7.424138492089696 3.4439171981066465 0.0
v -5.025551418890245 -3.804279158823192 0.0
v 1.1077208161586896 10.091825555078685 0.0
v 7.7807516197208315 -8.523600963875651 0.0
v 10.74922122823773 13.939762041904032 0.0
v 1.2033557448303327 -8.372624303214252 0.0
v -8.56744313472882 -2.694246650673449 0.0
v -13.620123684289865 -11.719228846020997 0.0
v 5.842930102488026 6.140073771588504 0.0
v 12.345468327577692 1.2066474547609687 0.0
v 11.31685547705274 0.2944633262231946 0.0
v -10.018192115356214 -10.932068112306297 0.0
v 13.97018846636638 4.560615441761911 0.0
v 7.468148171785288 14.907531556673348 0.0
v -13.86773109313799 -5.151669125072658 0.0
v -1.9959906743606552 -7.067437244579196 0.0
v 1.920781752676703 -3.504758195951581 0.0
v -4.2574471810949035 -0.12301770690828562 0.0
v -14.918228634633124 10.905151904560626 0.0
v 9.824004394002259 5.527871808968484 0.0
v 8.362989286426455 5.216066062450409 0.0
v 9.403736340696923 9.819021929055452 0.0
v 11.80544431816088 4.440409946255386 0.0
v 4.915136732568499 8.890460701659322 0.0
v 6.617362497723661 8.83375371992588 0.0
v -2.1281108747934923 -12.021147434599698 0.0
v 7.112038785358891 11.428385607898235 0.0
v -9.793756914907135 -6.695477425120771 0.0
v 0.8648433703929186 -3.472725609317422 0.0
v -14.160968444193713 12.049230057746172 0.0
v -5.543879357457627 11.637891815975308 0.0
v 14.591837315063458 11.888693267479539 0.0
v 9.307955526281148 -4.8496491853147745 0.0
v -14.970257743436377 8.089237532578409 0.0
v 6.9318918188801035 -8.973438951186836 0.0
v -8.518224898783956 13.977253095246851 0.0
v -1.6855362043133937 1.7829323671758175 0.0
v 3.6448791124275886 -3.144423629157245 0.0
v 14.846607199171558 -5.11717742588371 0.0
v 3.7586804953753017 -4.0241337874904275 0.0
v -14.682500193011947 11.785366820171475 0.0
v 9.463428817631211 -9.44485520105809 0.0
v 13.936607471609022 -0.7680115317925811 0.0
v 12.62270492746029 -4.794089451432228 0.0
v -5.348866356769577 14.562360792420805 0.0
v -3.790624155139085 -4.600182621739805 0.0
v 6.0014899912057444 -0.03460036497563124 0.0
v -8.807852471305523 -14.220691408962011 0.0
v 0.5088263921206817 -11.960022883489728 0.0
v -14.742823224747553 2.0992216300219297 0.0
v 4.8260083955246955 2.7541586896404624 0.0
v 7.334168687928468 -7.70434245839715 0.0
v -11.3135480885976 2.8488620026037097 0.0
v 4.634680930932518 9.125436342321336 0.0
v -2.508812005748041 2.438397695310414 0.0
v -13.782961557270028 -10.775029339827597 0.0
v -8.965477354708128 -10.898890567943454 0.0
v 9.166019668802619 -5.954080750234425 0.0
v 11.34957672242308 -0.015287211164832115 0.0
v 8.17542069364572 13.123568094335496 0.0
v 13.273312497418374 -0.5816403198987246 0.0
v -13.30789243907202 0.3824517261236906 0.0
v -13.189981992298272 10.57274404913187 0.0
v -1.104908639099449 12.51126996614039 0.0
v 6.691641725192312 13.828835633583367 0.0
v 12.56594845734071 8.87556688208133 0.0
v 7.130818148260005 -13.348726145923138 0.0
v -10.942951081728097 6.158781358972192 0.0
v 8.325673539948184 2.157048906199634 0.0
v 13.893436443002429 6.85532817710191 0.0
v 12.080369675648399 6.305549648590386 0.0
v 0.03416893811663613 11.415690571069717 0.0
v 2.5831752446247265 -12.106208179146051 0.0
v 5.218303548230324 11.591934960335493 0.0
v 14.41753091046121 7.490035485476255 0.0
v -5.65025861893082 -13.27620357926935 0.0
v 13.909101342374925 -6.239138039760292 0.0
v -0.12018143315799534 -9.368857842870057 0.0
v 5.303386781772133 4.318132197484374 0.0
v -14.84452811605297 -11.90816764626652 0.0
v -11.85573399841087 -13.82492311950773 0.0
v -7.394340147671755 -5.240389413200319 0.0
v -6.147705045819748 -12.469393678940833 0.0
v -12.01175302133197 4.650616073049605 0.0
v -10.8593736156472 4.1094028390944 0.0
v -13.932987984793726 -7.680115208029747 0.0
v 6.507291838293895 -1.8762874146923423 0.0
v -3.1249837509240024 14.281578331254423 0.0
v -13.130553158989642 0.4279979011043906 0.0
v 1.4119095686473884 8.668704114854336 0.0
v 8.469507656584028 7.993226312100887 0.0
v 13.809415355906822 2.8548275269567966 0.0
v 12.057529015815817 -13.526556595228612 0.0
v 13.430546127259731 11.803896938450634 0.0
v -4.289903443364892 7.731621226295829 0.0
v 14.422272732888814 11.24316951725632 0.0
v -3.9724914878606796 -4.207466990686953 0.0
v 13.852039966615848 6.232342144474387 0.0
v -4.11400158831384 14.087443412281573 0.0
v -7.9340453163022175 -6.059621215797961 0.0
v 14.08421314851148 -9.364697312936187 0.0
v -12.991616923885886 -11.729921404272318 0.0
v -11.159759584988933 -14.300089774653316 0.0
v 1.1268462636508048 -11.532268616370857 0.0
v -14.066938805917744 -13.329741278663278 0.0
v -4.6459840290481225 -12.330333776772022 0.0
v 13.532443512231112 7.32589712459594 0.0
v 12.635578261397313 11.41416225861758 0.0
v -8.383076859347057 -7.609860051423311 0.0
v 12.586410397605505 -2.996692090295255 0.0
v -3.3012952220160514 -4.877593349665403 0.0
v -12.572748001955915 -9.99488275218755 0.0
v 1.256668052286841 -2.2880715411156416 0.0
v -1.6964395946706645 -2.306065800599754 0.0
v 10.506771526648663 9.495454033836722 0.0
v -5.40407674695598 12.211975766345859 0.0
v -6.5772276350762695 -0.7662425981834531 0.0
v -12.876630404847674 -12.29119083378464 0.0
v 5.717237302509602 -8.22520061954856 0.0
v -13.925987447146326 -4.410715702921152 0.0
v -2.3918452215730213 -10.920543373562396 0.0
v -9.582804805075284 2.731030134484172 0.0
v 4.82629667269066 12.36694329790771 0.0
v 4.694397473067511 5.653250181116164 0.0
v 0.23883920145453885 6.249232541769743 0.0
v 6.466745397541672 6.073124911636114 0.0
v -2.4920481655281037 -0.8624606421217322 0.0
v -1.823444926936645 -0.14431922137737274 0.0
v -9.596269567555282 -13.395726680755615 0.0
v 2.539952143910341 -3.0254610534757376 0.0
v -7.382467439631 2.456751170568168 0.0
v -0.5285766570013948 9.257948889397085 0.0
v 1.9452764696907252 -6.519858459942043 0.0
v -13.769100453529973 6.994585983455181 0.0
v 9.776403905649204 9.504652082920074 0.0
v 4.001640154514462 4.0384900290519 0.0
v 10.761463702714536 -0.6442182464525104 0.0
v -7.987238067726139 11.863577168434858 0.0
v 9.111050270323176 7.8931221179664135 0.0
v 7.226247302198317 -3.110599847510457 0.0
v -10.372902475122828 13.751215579919517 0.0
v 3.761789151118137 8.518387529067695 0.0
v -1.8886949853040278 -2.1211484214290977 0.0
v 7.084121618245263 -0.14620154444128275 0.0
v -14.817884064919781 2.656095982529223 0.0
v 7.475510130578186 9.923037787899375 0.0
v -6.40692708035931 10.027440186589956 0.0
v 5.301166009041481 5.4696021834388375 0.0
v -14.984820660029072 6.8933255868032575 0.0
v 0.3231988306506537 -5.648380910977721 0.0
v -12.07462934742216 11.688319394364953 0.0
v 14.365712162863929 10.036210655234754 0.0
v 6.701570364006329 -3.5054173273965716 0.0
v 9.775945613801014 -6.746238985098898 0.0
v 4.8082654681638815 -11.57614490762353 0.0
v -2.057815713691525 -14.1012939857319 0.0
v 11.662286371632945 -1.6098552662879229 0.0
v 7.909923404746223 -12.815542202442884 0.0
v -4.510296723281499 10.124782575294375 0.0
v 0.4656986356130801 -8.36153809633106 0.0
v -12.275536954693962 -10.081518043763936 0.0
v 4.425894218729809 13.959624064154923 0.0
v 1.5636981761199422 -13.221677583642304 0.0
v -11.885990643000696 11.628519838675857 0.0
v -12.704801019339357 10.853476082906127 0.0
v -14.62669874203857 1.0557627910748124 0.0
v 14.222866434254684 0.257230332121253 0.0
v 0.9595968224457465 -4.068387819454074 0.0
v -10.249267178296577 12.310527573339641 0.0
v 11.892714729241561 -2.0657924190163612 0.0
v -4.057249265606515 -2.098390009254217 0.0
v 11.865656147070695 6.758914948441088 0.0
v 2.121934012218844 9.281724924221635 0.0
v -8.721330532396678 14.443935671821237 0.0
v 3.217567247513216 -4.155571958050132 0.0
v -0.7717197948950343 -3.138830774463713 0.0
v 14.856003819906618 -11.554899062030017 0.0
v 11.078520591720007 -8.754831926897168 0.0
v -2.833127417776268 5.347120562568307 0.0
v -5.774021742108744 6.041500020772219 0.0
v -5.52486400102498 -1.9118493469431996 0.0
v -4.388070379965939 -13.263314413838089 0.0
v 3.0138775214436464 -2.959464931860566 0.0
v 6.36417747620726 10.234568626619875 0.0
v 10.664708349795546 -3.7380335833877325 0.0
v 9.68802807549946 -0.15126578696072102 0.0
v 11.05498534918297 -3.756901911459863 0.0
v 3.8651575151016004 -10.407967796549201 0.0
v -14.113502378575504 1.909091535024345 0.0
v 8.534146278980188 8.909714316949248 0.0
v -1.2025898904539645 10.42607325129211 0.0
v -0.6556179161416367 -14.549729871563613 0.0
v -3.7385547140729614 -5.6155517203733325 0.0
v 5.089374955219682 1.5996451238170266 0.0
v -1.5857977087143809 -1.8654933907091618 0.0
v 5.861000602482818 -2.4052141224965453 0.0
v 3.193778411950916 -12.715122833848 0.0
v 10.523267269250937 7.598616144619882 0.0
v 6.14013873989461 -5.291400937363505 0.0
v -10.9731080190395 -9.97580158803612 0.0
v 11.12576544447802 -14.242256849072874 0.0
v 14.452096430701204 12.460100541822612 0.0
v -5.328814811015036 -3.668188334442675 0.0
v 2.9312024468090385 -8.107018105685711 0.0
v -13.160426388960332 1.5695098685100675 0.0
v 3.204831500072032 -2.741307722404599 0.0
v 9.984160107094795 0.4011210724711418 0.0
v 6.718249027384445 -3.906959045678377 0.0
v -4.68286227673525 13.052793365903199 0.0
v -11.738363543699961 -6.339754037559032 0.0
v 0.364307435345836 0.24364703707396984 0.0
v 2.915028519462794 -10.519802426919341 0.0
v 10.41526672441978 10.483774425461888 0.0
v -8.748441429750528 11.422508811578155 0.0
v -8.206521588959731 5.703228147700429 0.0
v -11.560519011283759 -11.534867970272899 0.0
v -6.998614550102502 14.767674058675766 0.0
v 12.17437011009315 11.503267626278102 0.0
v 14.081229767238256 11.669517049565911 0.0
v -5.361735727346968 -4.253144844435155 0.0
v -0.8312979350448586 8.98805535864085 0.0
v -3.1010915541555732 -1.909841780550778 0.0
v -10.35191009065602 -13.853804409503937 0.0
v 7.8146191840060055 5.945721376687288 0.0
v -4.001696736318991 6.643026906065643 0.0
v -8.397145778406411 12.745889661833644 0.0
v 7.740150990488473 7.362380312755704 0.0
v 2.9606492225429974 13.644805178977549 0.0
v 14.286965310398955 5.748019066639245 0.0
v -11.721637930022553 -7.770577789284289 0.0
v 0.8157900527585298 -7.1208482421934605 0.0
v 2.76282836595783 -4.094070547260344 0.0
v 0.609208081907127 13.305199975147843 0.0
v -8.161356215947308 7.968065774068236 0.0
v 5.745423344196752 -3.6084017576649785 0.0
v -2.5721227332251146 1.449837756343186 0.0
v -5.164619088347536 -3.3422760711982846 0.0
v 14.007005361607298 -7.28924828954041 0.0
v 3.224002465605736 5.2638401025906205 0.0
v 12.409373948641587 13.766258713789284 0.0
v 10.316407483362127 2.6170711666345596 0.0
v -8.949149100109935 10.160088739357889 0.0
v 3.2522536495234817 10.701282247900963 0.0
v -10.282966866274364 10.297639641910791 0.0
v 3.773728498548735 -0.8013359867036343 0.0
v 5.670732102822512 8.95215432997793 0.0
v -13.002671611029655 -1.456016262061894 0.0
v 7.622528141771909 -2.2422597650438547 0.0
v -10.447291158372536 -14.080725726671517 0.0
v -14.344086385972332 1.6901415595784783 0.0
v 10.40658795350464 -11.799116875045002 0.0
v 6.441416060028132 -1.5660888589918613 0.0
v -12.565580266993493 6.1589121809229255 0.0
v 4.078534855041653 -12.458126980811357 0.0
v -11.41323573194677 -8.800024382770061 0.0
v -11.627236956497654 -7.670865123160183 0.0
v 2.0073151364340447 12.995716118253767 0.0
v -10.59853645338444 2.8152148788794875 0.0
v -7.965460694569629 7.669667196460068 0.0
v 2.4598798662191257 -14.116937858983874 0.0
v 8.511637279647402 0.6825775736942887 0.0
v 7.639049167919438 11.829572157002985 0.0
v 3.603671917284373 10.705466858111322 0.0
v 12.350999968126416 -2.685779311694205 0.0
v 14.810553856019396 -0.009644947946071625 0.0
v -4.711892231949605 10.74176932591945 0.0
v -6.34527040127432 -13.023774390108883 0.0
v -8.411060697282664 9.718786675482988 0.0
v 2.3512269581551664 0.1758585711941123 0.0
v -0.5320455258479342 -8.767005479894578 0.0
v -5.579870671965182 -8.591884283348918 0.0
v -5.415484526718501 11.508470631204545 0.0
v -9.661331267678179 11.420777788385749 0.0
v 1.95696057373425 2.7870854111388326 0.0
v 1.1962489003199153 -6.624538850970566 0.0
v -2.81977468932746 7.500402444973588 0.0
v 8.59769061341649 13.176198350265622 0.0
v -13.992562814499252 -9.305514483712614 0.0
v -6.063311261008494 10.512672171927989 0.0
v -10.960775516577996 -14.276703055948019 0.0
v -11.95190588675905 1.8409397909417748 0.0
v -0.8870014730491675 -1.596093530766666 0.0
v -8.893891850078944 -14.97480598744005 0.0
v 10.914334286178928 -13.564907473511994 0.0
v -4.877966637199279 2.16366976685822 0.0
v -5.468548958771862 14.997137323021889 0.0
v 7.759652931126766 -14.750937055796385 0.0
v 9.283445142733399 7.978021501563489 0.0
v -6.807990274974145 -3.0954308239743114 0.0
v -14.795701782102697 5.92605568934232 0.0
v 11.230461855360772 1.0994087038561702 0.0
v -6.858205173921306 -14.958154989406466 0.0
v 3.653091624728404 -6.630103169940412 0.0
v -2.138138758484274 -11.72643990535289 0.0
v -6.900497446709778 4.04214003495872 0.0
v 0.28617168532218784 -7.09654625505209 0.0
v -11.182432095170952 10.673951259814203 0.0
v 9.825036739814095 -7.412253452464938 0.0
v -10.782266901456751 -5.187870451249182 0.0
v -0.3632666615303606 5.9489237470552325 0.0
v -14.751747967908159 -11.787709291093051 0.0
v -0.9114713979652151 -12.792959537357092 0.0
v -6.538373671472073 1.4848654633387923 0.0
v -8.9331750976271 10.255094015970826 0.0
v 13.03422930900706 -2.823692104779184 0.0
v -4.268564701022115 3.18895380012691 0.0
v -9.578435254981741 13.50612714421004 0.0
v 12.947804999828804 6.442054185084999 0.0
v 4.66359358234331 -7.492324667982757 0.0
v -13.28540365328081 -12.539249422959983 0.0
v 10.756811560480855 5.292714511975646 0.0
v 6.371742359769996 -11.17165245115757 0.0
v -14.04574063140899 10.63238572422415 0.0
v 1.9125372737180442 -12.609779044985771 0.0
v -2.9577409576741047 -10.843253139406443 0.0
v 13.867256995174102 -5.660991532728076 0.0
v 8.264706972404383 12.901132230646908 0.0
v 4.617050925269723 -3.7365598184987903 0.0
v -7.702152243582532 9.867843156680465 0.0
v -2.4596281233243644 -11.843903006054461 0.0
v -3.352231066324748 14.591846231371164 0.0
v -9.279317264386918 -0.10483254585415125 0.0
v -14.557753663917538 -2.174970094114542 0.0
v 7.65337718417868 9.867231798358262 0.0
v -1.093192720087245 1.685750214383006 0.0
v -8.082092859956902 -5.237885566428304 0.0
v 1.6456302693695761 2.7702678218483925 0.0
v -10.230506646446884 -5.917990712448955 0.0
v 2.2748469372163527 11.097177035175264 0.0
v -13.580421534075867 4.490133761428297 0.0
v -9.962663962156512 -11.191619450226426 0.0
v -1.9250817843712866 -12.367961056530476 0.0
v 0.044083124259486794 8.763292347081006 0.0
v 12.41673926153453 2.550974174402654 0.0
v -3.4217104109120555 -7.357904341071844 0.0
v 11.593685553001706 14.275667774491012 0.0
v 4.755808439978864 14.657124648801982 0.0
v 3.798610458325129 -6.310494157485664 0.0
v -4.4838725393638015 -6.3016849821433425 0.0
v -8.13326248159865 5.968024558387697 0.0
v -0.447196000139229 -1.767425712198019 0.0
v -3.1525239510810934 11.076698070392013 0.0
v -6.30322628247086 10.545021386817098 0.0
v 11.817244961916003 13.200730888172984 0.0
v -11.5961519862758 -9.621475080959499 0.0
v -14.647338339767884 7.550262462347746 0.0
v 0.6424897186807357 -5.922899718396366 0.0
v -12.239681013452355 9.119752341881394 0.0
v -2.139277780370321 4.021175282076001 0.0
v -12.784636305645108 2.683901948854327 0.0
v -12.357011256215628 11.489832538180053 0.0
v 2.5272949400241487 -1.3522479888051748 0.0
v -11.317610208061524 7.0658391723409295 0.0
v -0.27983702765777707 -13.503993892110884 0.0
v -12.396306426322553 -8.630634455010295 0.0
v 0.8356721379095688 0.7053479459136724 0.0
v -9.241417945653666 8.013773419894278 0.0
v -4.083122418029234 -9.85576940048486 0.0
v 1.6551382123725489 8.727795195765793 0.0
v -1.3411440407508053 -0.4592896178364754 0.0
v -7.9976453725248575 -3.7709422623738647 0.0
v 12.176806596573442 -1.4231740338727832 0.0
v 3.9726557369576767 -5.745588235557079 0.0
v -10.066106107784435 9.886127294041216 0.0
v -1.2028736772481352 10.707770054228604 0.0
v 0.32561363046988845 -10.59840955492109 0.0
v 2.998278279323131 -14.33256799634546 0.0
v 4.744569814414717 -3.762940326705575 0.0
v 9.512846638797782 0.045385182835161686 0.0
v 0.2872753861011006 12.182813598774374 0.0
v -11.40116890904028 -3.350778004154563 0.0
v -11.152025995019358 -12.419718369841576 0.0
v -10.540713197435252 4.179522349499166 0.0
v -9.578681018319912 -10.887406320311129 0.0
v 6.821396440733224 11.786527214571834 0.0
v 4.7666857009753585 2.892658419907093 0.0
v 4.230057347449474 0.971327100880444 0.0
v -7.865941438765731 1.2430913848802447 0.0
v -6.888330165296793 5.418200604617596 0.0
v -13.10946608002996 12.561305613256991 0.0
v 11.527945960871875 6.78645302541554 0.0
v 7.383930704847444 -13.504929207265377 0.0
v 7.297889566863887 5.243696145713329 0.0
v 10.745896734239068 3.549838320352137 0.0
v 9.076360041217413 0.8102946169674397 0.0
v -13.326284207578283 11.919167784042656 0.0
v 1.4954828508780338 1.8162428690120578 0.0
v -12.410034616710618 -7.391398564912379 0.0
v 1.6317831340711564 -5.643298229202628 0.0
v 2.5536397985415533 1.7248537270352244 0.0
v -4.603475138836075 -4.812310553155839 0.0
v 9.586590181686915 -4.8690356547012925 0.0
v 4.323540538258385 -3.2452562442049384 0.0
v -13.031185476575047 14.69815005082637 0.0
v 11.920826581015717 12.488942670635879 0.0
v -7.79098877706565 -4.3487152978777885 0.0
v -6.390610462112818 -0.3560615200549364 0.0
v 10.516809008724522 -1.6593241253867745 0.0
v -13.670463185117114 -1.181044802069664 0.0
v -4.953493368928321 -0.9409740874543786 0.0
v 4.948575964197516 14.229178750887513 0.0
v 8.86933942307951 14.134721261449158 0.0
v 11.124818199605215 -4.004259238019586 0.0
v 7.729092814668547 5.574214401654899 0.0
v 7.506837728840765 -10.853521548211575 0.0
v -13.18589296733262 -14.708884917199612 0.0
v -12.160396491293795 3.623031229712069 0.0
v 3.3363944421871565 -11.393445291556418 0.0
v -12.352569188398775 -2.259387510828674 0.0
v 9.585023089370225 -2.2509095538407564 0.0
v -2.545239752100315 0.2145363949239254 0.0
v -11.499171365983784 -3.7350269556045532 0.0
v -13.72702952416148 -12.988254838623106 0.0
v 3.250564865535125 14.08991876989603 0.0
v -2.779027497570496 -11.555040339007974 0.0
v 10.759501637890935 2.7187976837158203 0.0
v 2.9096881820005365 -9.940127317793667 0.0
v -7.399341152922716 14.084026041440666 0.0
v 0.9115414209663868 4.988130315206945 0.0
v -6.1812134747742675 4.718575942330062 0.0
v 1.5100803003879264 14.951849005185068 0.0
v 3.8304269725922495 -10.416907337494195 0.0
v -12.638936556410044 1.0563769433647394 0.0
v -0.8736552159534767 4.562376192770898 0.0
v 8.973017831332982 -11.401562443934381 0.0
v 0.5954170048935339 -11.206956502981484 0.0
v -0.4817862620111555 -4.162062846124172 0.0
v -4.600950804713648 4.915356335230172 0.0
v -1.0660169026232325 2.1002741316333413 0.0
v -13.660483754705638 -8.371082012541592 0.0
v -13.601894763647579 -14.712900058366358 0.0
v 12.781628649041522 14.48400715738535 0.0
v 6.616741067846306 14.711687820963562 0.0
v 0.4314937605522573 1.9103319197893143 0.0
v 14.923064575530589 -9.394347321242094 0.0
v 7.369932004483417 -6.725820946507156 0.0
v 4.9365027628373355 10.79712316673249 0.0
v 9.601535147929098 -6.756379613652825 0.0
v 14.507695153995883 12.339072884991765 0.0
v 8.038031739415601 9.04816052224487 0.0
v 11.283691389427986 -0.9240652481094003 0.0
v -9.987198515387718 7.771713444963098 0.0
v -0.44762352923862636 12.530753614380956 0.0
v -11.91006006509997 -7.585023176856339 0.0
v -4.045708465040661 -6.972132206894457 0.0
v 14.779788314423058 4.0886874524876475 0.0
v -8.79823067720281 -7.854586207307875 0.0
v 1.702615162008442 7.1518928576260805 0.0
v -13.256791428953875 -11.308340854942799 0.0
v 10.683607674145605 6.804216551594436 0.0
v -7.799433333799243 6.151260617189109 0.0
v -11.738306391518563 14.665517250075936 0.0
v 0.5670281133498065 -7.537828454747796 0.0
v -10.432408820022829 -3.761892448179424 0.0
v -3.4567914389190264 3.5013016713783145 0.0
v -8.567682465945836 8.132503736764193 0.0
v 6.06827528832946 -14.420209486037493 0.0
v 1.7028460798901506 -13.11885798536241 0.0
v -14.069758632278536 -13.33271771017462 0.0
v -2.8193491476704367 0.37279463559389114 0.0
v -3.398094315023627 -5.913637337274849 0.0
v 2.10820590442745 8.073127107694745 0.0
v 12.844230887072627 -6.546076392754912 0.0
v 7.353115442616399 -6.904522274620831 0.0
v -2.3790703831473365 -11.019232735037804 0.0
v -10.286415570240933 -9.025641225278378 0.0
v 8.162597792805173 -6.764043371193111 0.0
v 11.429648343997542 -9.806470380164683 0.0
v -1.1926610629307106 14.427791596390307 0.0
v 8.043919582501985 -3.633191866800189 0.0
v 4.028782217472326 1.976326210424304 0.0
v 13.133456794254016 -11.682840034365654 0.0
v 4.80947943450883 14.178105240687728 0.0
v 12.333957771013957 4.577552329748869 0.0
v -11.67471102962736 12.08046040777117 0.0
v 6.105669208802283 -11.531029649078846 0.0
v 11.343873136909679 14.280055578798056 0.0
v -13.460357509204186 -7.219219634309411 0.0
v 9.805541774781886 3.2378742145374417 0.0
v 9.706377971335314 3.1603214098140597 0.0
v -8.791176490311045 -0.9400451686233282 0.0
v 2.501740753708873 -14.343613266944885 0.0
v 12.188526471494697 14.465637381188571 0.0
v -12.12266505061416 6.371035850606859 0.0
v 13.029188248154242 14.046366916969419 0.0
v 3.255799254926387 -5.123178229667246 0.0
v -1.818702925578691 -12.368170956149697 0.0
v 9.328723881044425 -7.6425745049491525 0.0
v 2.975089286279399 14.608677261509001 0.0
v -14.743627216201276 4.019713593646884 0.0
v -1.338939054054208 8.157456224784255 0.0
v 0.1884732770267874 -11.719449255615473 0.0
v -11.874645618139766 1.6475755497813225 0.0
v 2.98807662143372 14.79628967680037 0.0
v -11.09381806384772 8.110584956593812 0.0
v -6.232625457341783 -7.722787372767925 0.0
v -6.077072019921616 3.0640026750043035 0.0
v -2.881903464323841 13.791334669105709 0.0
v -6.508967380679678 1.6804903326556087 0.0
v -14.76254574698396 6.408621912822127 0.0
v 14.420922256540507 3.7547003151848912 0.0
v -8.137875266897026 -12.330322343856096 0.0
v -2.9638871188508347 -1.8111537322402 0.0
v -4.825524516636506 -8.715559982694685 0.0
v -8.997777367883828 11.210721026174724 0.0
v 5.315957609040197 8.122271602973342 0.0
v 5.814261073828675 8.669335489161313 0.0
v 14.885345182439778 -14.34419675450772 0.0
v 0.11065421323291957 1.357569464482367 0.0
v 11.304488673049491 8.28173351008445 0.0
v 4.158685400849208 -9.073189618065953 0.0
v 10.354927644657437 14.913428815081716 0.0
v -1.413616201840341 -6.222900627180934 0.0
v 13.207909138989635 -12.677309655584395 0.0
v -6.63960405648686 -11.553097140043974 0.0
v -7.242413911502808 10.132929646410048 0.0
v -0.35099811776308343 2.672932111658156 0.0
v -3.6768544613732956 -13.30963224451989 0.0
v -0.5554131054668687 14.043830012902617 0.0
v 7.69753531832248 2.507832353003323 0.0
v -9.724963897198904 2.5812857132405043 0.0
v -14.497667740972247 -0.2135490868240595 0.0
v -12.700029708968941 -10.607644576579332 0.0
v 8.6034119099495 3.428687903098762 0.0
v -0.730717817787081 10.486784674227238 0.0
v 5.717482794949319 5.60697989538312 0.0
v -10.463703272573184 12.08607928082347 0.0
v 9.031647810537834 -4.506269841454923 0.0
v 3.2642084668041207 -12.446079845540226 0.0
v 2.739443271420896 11.699214140884578 0.0
v -6.601855655666441 2.3861873019486666 0.0
v 3.2586316342349164 -7.688310006633401 0.0
v 6.967221103608608 9.536343334242702 0.0
v 12.099657306505833 -6.977684467099607 0.0
v -6.777812084823381 4.631322328932583 0.0
v -2.485116684692912 9.047257858328521 0.0
v -5.342527670960408 11.344822684302926 0.0
v -13.729438214970287 -6.238604001700878 0.0
v -1.1389232722576708 -10.428102453239262 0.0
v 12.098704917763826 10.169285385869443 0.0
v -1.236865101964213 -12.712125103920698 0.0
v 11.241568086843472 12.726656115613878 0.0
v -11.553610222705174 10.061249024234712 0.0
v 10.886055746639613 -9.158913715742528 0.0
v 1.5887824032106437 2.660212455317378 0.0
v 3.3637698011589237 10.029059184715152 0.0
v -7.595250766200479 -2.895393301732838 0.0
v -2.5243754551629536 2.891779991798103 0.0
v -11.744026578380726 -0.5522486744448543 0.0
v 8.552418676088564 -11.438685778528452 0.0
v -1.5005400739610195 -11.802168630994856 0.0
v -1.6986048072576523 14.928619650192559 0.0
v -5.519772760104388 4.035469194874167 0.0
v 8.451283010304905 2.5192016502842307 0.0
v 10.993299504509196 -13.593292653560638 0.0
v -4.174870017915964 11.652903402224183 0.0
v 4.629106884240173 -2.5912664281204343 0.0
v -4.3403768265852705 -0.32280220836400986 0.0
v -9.537811701593455 4.21880610473454 0.0
v -13.023222871182952 -12.592778304591775 0.0
v 14.978928425582126 -4.296489931643009 0.0
v -7.752047064539511 2.3633762914687395 0.0
v 11.303764674579725 5.842235025949776 0.0
v -6.144691636436619 12.87281434610486 0.0
v 5.197365367843304 0.9515499165281653 0.0
v 7.3684781365445815 -11.087781308218837 0.0
v 3.2872070236480795 -7.247953358106315 0.0
v 4.888069149048533 9.758546418510377 0.0
v -5.815443407744169 -5.937648600898683 0.0
v 8.779671402764507 -9.715642580762506 0.0
v 8.568987663427833 -8.684811028651893 0.0
v -0.503027542901691 9.767318074591458 0.0
v 12.059387903485913 -14.235873645171523 0.0
v 3.657442891446408 12.91022365167737 0.0
v -4.6291633563814685 11.930757887661457 0.0
v -7.951933262345847 7.081638648174703 0.0
v -6.556210146343801 -0.8975245729088783 0.0
v 1.978582743962761 -10.65174118988216 0.0
v 14.27086620935006 -4.041369317099452 0.0
v -8.375302897358779 -7.4027381697669625 0.0
v 2.879048725764733 3.4316801726818085 0.0
v 7.999342506926041 14.01370874978602 0.0
v 3.5114060101332143 6.419105680659413 0.0
v 0.7874571775319055 -1.705842362716794 0.0
v 1.2106181733543053 3.2976295705884695 0.0
v 11.238077274756506 -4.3678048849105835 0.0
v -1.4750851521384902 -1.0212055537849665 0.0
v -12.779593595827464 -4.897577183321118 0.0
v -13.864067901973613 0.3442947110161185 0.0
v -0.9943062228267081 2.7606977839022875 0.0
v -0.6206659119925462 8.127020185813308 0.0
v 1.1890154848224483 -5.914609579369426 0.0
v 12.906418340920936 -13.942798255942762 0.0
v -11.254855313221924 -6.409934160299599 0.0
v -6.523500253329985 -6.149344170466065 0.0
v 7.044225429708604 -12.817654835060239 0.0
v -12.418600361037534 -8.719991096295416 0.0
v -10.191410909988917 -7.669014290906489 0.0
v -0.17500191420549527 -5.325719433836639 0.0
v -7.769470223633107 -2.3479835083708167 0.0
v -0.33337374991970137 1.2130743116140366 0.0
v 12.495147570676636 -1.2745855851098895 0.0
v 13.078313454403542 -12.934128982014954 0.0
v 5.791866822750308 -3.7138669937849045 0.0
v 11.846800108323805 7.017539392225444 0.0
v -3.087330114620272 -2.5563428262248635 0.0
v -12.563916857528966 -5.994648066349328 0.0
v 10.21912049234379 12.592725401744246 0.0
v 0.4252143445191905 10.708174392580986 0.0
v 4.096177981118672 4.744670866988599 0.0
v -14.660163253021892 14.129816845059395 0.0
v 14.32832907512784 9.12103106919676 0.0
v -14.044223336793948 5.050820269621909 0.0
v -11.999933934304863 -0.11690097581595182 0.0
v 9.964403676334769 3.07547365128994 0.0
v 9.735144225764088 1.9857363300397992 0.0
v 2.4715559442411177 -14.017150787636638 0.0
v -0.8484050380648114 9.606656321324408 0.0
v -11.947947164997458 -13.948185331188142 0.0
v 7.567036501655821 -9.224661637097597 0.0
v -9.864347792987246 14.748183976858854 0.0
v -4.666944176715333 12.65963795222342 0.0
v 8.950757977261674 -13.140710988081992 0.0
v -11.917652272619307 14.673502921126783 0.0
v -2.6087523557944223 7.7427532793954015 0.0
v -13.46381486026803 -6.335448381491005 0.0
v -7.178133291425183 5.979414097964764 0.0
v 4.649854966672137 1.814338667318225 0.0
v -6.39833708567312 -0.9205095516517758 0.0
v 8.077274565002881 -12.111964329145849 0.0
v -8.12608873611316 -9.437223377637565 0.0
v 14.225524620094802 12.730063899420202 0.0
v 3.7597501649870537 9.579808701761067 0.0
v -10.264331240323372 0.11144075077027082 0.0
v -8.543859839555807 4.497631773352623 0.0
v -1.1130747880088165 8.069854870438576 0.0
v -11.762019993213471 7.634373856708407 0.0
v -5.129301573615521 -14.582128390669823 0.0
v 10.684994325041771 -12.669735725037754 0.0
v 12.27344068599632 -3.31533095985651 0.0
v -12.017757254710887 0.7598777869716287 0.0
v -12.221856682561338 10.901699300855398 0.0
v 8.291629369021393 12.869653307832778 0.0
v -12.388606764434371 -9.139809720218182 0.0
v -13.81195578648476 -12.15497560147196 0.0
v 5.597465528466273 11.273226827383041 0.0
v -14.749306478886865 -6.918545003980398 0.0
v 10.254805189964827 6.343991351313889 0.0
v 13.10003722581314 -3.285629155114293 0.0
v 14.21500007843133 -13.23399218544364 0.0
v -9.374566150538158 -14.584049545228481 0.0
v 8.493236041103955 -0.21969882864505053 0.0
v 2.1621833166573197 2.1597360325977206 0.0
v 14.458182141534053 -12.794131615199149 0.0
v -12.584574152599089 -11.337694829329848 0.0
v -11.338862774078734 6.632273502647877 0.0
v 11.967746383568738 -0.4989299885928631 0.0
v 1.6693300494225696 7.532552303746343 0.0
v -13.296212140878197 3.331778005696833 0.0
v -3.7888508008327335 -2.5048032691702247 0.0
v 3.658044652256649 -3.2415566332638264 0.0
v 9.667412393144332 -1.6200468773022294 0.0
v 11.357568318082485 3.6540093747898936 0.0
v -5.166034540801775 -7.0002590995281935 0.0
v -5.550162999134045 -10.979283325374126 0.0
v 9.492987996723969 5.705234916880727 0.0
v 13.817809064348694 9.894386105239391 0.0
v 4.54125063540414 -9.45797186717391 0.0
v 11.950548846507445 -8.26042608730495 0.0
v -0.10532338445773348 -11.413128619082272 0.0
v 9.881408988439944 -6.81389791611582 0.0
v 12.860905998677481 4.842908484861255 0.0
v 0.7519085797248408 8.934727136045694 0.0
v -1.4866943363449536 -5.048303738236427 0.0
v -11.928218728746288 -4.453228402882814 0.0
v 1.9762277277186513 4.394147327169776 0.0
v 3.7193684164085425 -9.55577729921788 0.0
v 1.9271080293692648 -14.29975239560008 0.0
v 2.8202081662602723 7.896168631501496 0.0
v 0.852953772584442 -6.536404407583177 0.0
v -8.953126320731826 12.65929481945932 0.0
v -11.936469010834116 10.364237782545388 0.0
v -14.614101516024675 -14.225284741260111 0.0
v 5.231767997611314 -4.487891495227814 0.0
v -6.279896623454988 3.464593118056655 0.0
v 2.9188518113805912 5.182661850005388 0.0
v 9.280300342477858 0.8884769706055522 0.0
v -3.707777694275137 -13.359930488280952 0.0
v -6.0231861037318595 1.3760018879547715 0.0
v 6.251337347785011 7.508156828582287 0.0
v 3.285416730097495 -5.9680506363511086 0.0
v 1.023379389080219 -1.9728467231616378 0.0
v -3.106245895207394 -14.480177734047174 0.0
v 2.7794558015302755 -3.8912824960425496 0.0
v -5.008850648533553 11.22136333025992 0.0
v -10.158902792085428 7.9605499105528 0.0
v -2.138152028666809 -14.306483903899789 0.0
v -14.245567135396414 2.4210169846192002 0.0
v -6.467883451667149 10.2323356308043 0.0
v 0.16221399197820574 5.534479322843254 0.0
v 14.042650995019358 -4.551940185949206 0.0
v -0.8689746716991067 -8.609792537987232 0.0
v -12.513257689133752 11.01436151470989 0.0
v -8.990086113859434 6.227131687104702 0.0
v -11.905507595976815 2.5230592899024487 0.0
v 10.45183009491302 8.143842653371394 0.0
v -0.8183795017539524 12.469534244388342 0.0
v -11.470876537496224 -4.589091022498906 0.0
v 10.752467267855536 5.390251073054969 0.0
v 10.327096998749766 -3.360319717787206 0.0
v 14.486523997329641 13.477258069440722 0.0
v 3.155711534083821 4.667992921546102 0.0
v 3.4910110085620545 5.096754002384841 0.0
v -8.245452228817157 -5.396997950039804 0.0
v -5.131058248982299 10.490986148826778 0.0
v -1.051909989968408 11.586011182516813 0.0
v -7.76811461604666 3.166006527841091 0.0
v -10.133323568850756 -7.7723038559779525 0.0
v -2.0257312442408875 2.4331400860100985 0.0
v 0.6432190674822778 3.296714742667973 0.0
v 0.02358839282533154 -5.227581957355142 0.0
v 0.9432108110631816 -1.1221427507698536 0.0
v -4.86493839987088 3.716029182076454 0.0
v 14.441093969391659 -10.911062404513359 0.0
v -6.006020015105605 -9.064543229527771 0.0
v 0.3465788899920881 9.903025409206748 0.0
v -6.702214206394274 -5.430960912257433 0.0
v 14.506589742668439 -3.3237725561484694 0.0
v 2.9310711705475114 0.19073308911174536 0.0
v 1.72276307240827 -5.584202507510781 0.0
v -1.580185367143713 9.880761832930148 0.0
v -14.382740323955659 12.742502169683576 0.0
v 4.289921951654833 3.3890505749732256 0.0
v 8.384695718239527 6.644377204589546 0.0
v -10.66765891131945 11.132274479605258 0.0
v 14.3000629778835 -11.703425662592053 0.0
v 12.85598212480545 2.0184843158349395 0.0
v 12.87739029090153 2.385721609927714 0.0
v 4.930582985514775 11.430187937803566 0.0
v 13.375132243672851 -0.5460920333862305 0.0
v 12.634119456459302 -5.800561394542456 0.0
v -0.032926666957791895 -7.695238225162029 0.0
v 6.295793505152687 3.6924897180870175 0.0
v 6.703461067460012 -12.64281475264579 0.0
v -11.043847805238329 13.987593969330192 0.0
v -2.880716444749851 -9.89468131493777 0.0
v -7.2831796950194985 4.594463875517249 0.0
v -6.787458197155502 5.407346605323255 0.0
v -3.620848269027192 12.664356875233352 0.0
v -2.485376396041829 2.0510022155940533 0.0
v -12.856685204431415 -11.882690634578466 0.0
v -12.683659437985625 -6.921629587188363 0.0
v -0.644827235781122 -7.033102475106716 0.0
v -9.174687974795233 5.642558525316417 0.0
v -8.35772617009934 9.128399280831218 0.0
v -4.695606233726721 -6.824284827336669 0.0
v -4.944685369729996 11.954924367368221 0.0
v -2.5941805695183575 9.856300176121294 0.0
v 3.527731513720937 -8.015124313533306 0.0
v -0.8943632125738077 -10.291698764078319 0.0
v 0.8914488538284786 -14.440475839190185 0.0
v -0.5148707001935691 -11.645712717436254 0.0
v 6.18254006060306 -11.850556384772062 0.0
v 9.741163745056838 0.7468842705711722 0.0
v -4.157231077551842 8.404124584048986 0.0
v -4.199549082724843 9.100729513913393 0.0
v -1.94964030693518 -11.003180442377925 0.0
v -0.33636780647793785 -2.7603162601590157 0.0
v -0.5289456060272641 -6.141282418742776 0.0
v -10.36186479072785 2.455091296695173 0.0
v -7.900586273113731 2.7265933081507683 0.0
v -7.52765772776911 -8.68330037780106 0.0
v 8.728208285290748 -2.1524921664968133 0.0
v -1.324289312469773 -12.73048582393676 0.0
v 0.4665129827335477 5.602912348695099 0.0
v -14.07624362653587 14.792924378067255 0.0
v 7.898788922931999 8.60243224631995 0.0
v 11.373880562314298 -8.649576523341238 0.0
v 6.423805221100338 -14.316942335106432 0.0
v 6.240012418711558 -7.890521053224802 0.0
v -3.352891164540779 3.475580961443484 0.0
v 1.2065344614093192 -5.449665607884526 0.0
v 2.1978027967270464 -11.383821316994727 0.0
v -12.201361184706911 -12.225494781509042 0.0
v -10.664763814711478 6.596103268675506 0.0
v 2.2432981966412626 -2.7567364033311605 0.0
v -3.4487086824374273 6.150250697508454 0.0
v 9.212640410405584 -8.2505620168522 0.0
v -3.9735231893137097 14.131535235792398 0.0
v -0.5722749779815786 -13.578362710773945 0.0
v -11.242913809837773 12.579272707924247 0.0
v -0.9558257652097382 10.840557297691703 0.0
v -10.451854133047163 -4.462135157547891 0.0
v 11.048768942069728 -12.112779797054827 0.0
v -0.6961821395088919 0.7875036746263504 0.0
v 11.691440852766391 1.4614974679425359 0.0
v -6.305386379652191 5.929974220693111 0.0
v 8.368612111313269 -7.720535961911082 0.0
v 11.97931968246121 -1.6830905117094517 0.0
v 9.705943755456246 -12.37428683694452 0.0
v 0.4171701235463843 14.455143661238253 0.0
v 10.105209822708275 5.9880114030092955 0.0
v 13.778957308270037 -14.893984073773026 0.0
v 1.4510784789454192 -3.240744087845087 0.0
v -12.546527957951184 -7.194542498327792 0.0
v 11.54220615333179 12.610565797425807 0.0
v -9.3957464749692 13.631929198279977 0.0
v 13.510636801249348 -4.103194262832403 0.0
v -4.365752644313034 -13.849416987970471 0.0
v -5.624869584804401 12.693668964318931 0.0
v 2.7275224468903616 2.1141483280807734 0.0
v 7.49295993661508 11.747518599964678 0.0
v 3.845731054083444 -7.2178990840911865 0.0
v 13.112608335562982 12.888730674982071 0.0
v -14.321644146810286 0.641473769210279 0.0
v -14.478405915782787 -10.840378857217729 0.0
v 14.85419480165001 9.976977216079831 0.0
v -12.192492113623302 -9.569231326691806 0.0
v -9.936013161146548 -1.4324611965566874 0.0
v 0.42476123746018857 -5.377832250669599 0.0
v -1.545684245589655 7.242262940853834 0.0
v -3.358178618189413 14.111062712036073 0.0
v 13.400533321721014 -13.305581253021955 0.0
v -0.8676472323131748 13.689341931603849 0.0
v -5.546573060797527 10.793742682784796 0.0
v 14.42988024133956 5.985759192146361 0.0
v -10.063562208670191 -5.735235996544361 0.0
v -14.888070530199911 6.690411251038313 0.0
v -9.75269857805688 -1.7855711141601205 0.0
v -4.728125170979183 11.725761868059635 0.0
v 8.083316044998355 -3.187344426289201 0.0
v 6.268485756823793 -7.550815554335713 0.0
v -11.08308925293386 -6.6549910847097635 0.0
v 6.927738677943125 13.525672756135464 0.0
v 11.756497887894511 -3.4895216524600983 0.0
v -10.368654980673455 3.6675028586760163 0.0
v -12.376350646896753 6.453941929154098 0.0
v 10.436506125843152 13.782414739020169 0.0
v -7.241960971732624 -10.955240823328495 0.0
v 1.8839829273638315 5.405937133356929 0.0
v 8.702209271956235 -13.846452223137021 0.0
v 0.21544758311938494 -2.517694369889796 0.0
v -4.795960464398377 -14.229033391922712 0.0
v -6.006050834839698 3.9680144153535366 0.0
v 9.803529930242803 10.77673745714128 0.0
v -5.57787495321827 -12.227389633655548 0.0
v 13.009949547471479 -2.723319045267999 0.0
v -3.583683360076975 8.89462361112237 0.0
v -11.798437634774018 -8.788649211637676 0.0
v -11.050571536645293 -1.144654450006783 0.0
v 5.030930191336665 1.5125398067757487 0.0
v -12.440404383523855 -8.712037366814911 0.0
v -14.308006741164718 2.665450061671436 0.0
v -1.1425989270210266 -0.2530188476666808 0.0
v -9.20885547756916 6.041330478154123 0.0
v -10.189611704903655 8.870246241800487 0.0
v -6.9322613962576725 -3.5911577316001058 0.0
v 12.943472598155495 3.851498176343739 0.0
v 8.224506605998613 1.2459016339853406 0.0
v -6.048262838914525 4.631009475328028 0.0
v -7.931896703201346 -11.01706171873957 0.0
v 6.121417907765135 -5.19286938291043 0.0
v -2.8117873364826664 2.453039920888841 0.0
v -2.782384696707595 -12.801629301160574 0.0
v 9.479682703735307 -5.22053855843842 0.0
v 7.74709828349296 12.476552050560713 0.0
v 11.06006156548392 -9.941868906840682 0.0
v -3.7081687208847143 2.8556000059470534 0.0
v 1.5069182775332592 -5.098423643968999 0.0
v 5.642310031107627 -0.9171005077660084 0.0
v 10.686941939871758 -14.228721254505217 0.0
v -7.3376636793254875 -1.305506456643343 0.0
v 13.49999206647044 6.295391798950732 0.0
v 3.80888613848947 -4.202527022920549 0.0
v -2.4599032566766255 -10.620602239854634 0.0
v 0.8721305725630373 -14.384313180111349 0.0
v -5.847372638701927 3.2887764014303684 0.0
v 6.94210925931111 10.68494319356978 0.0
v -5.849761894613039 12.076635386794806 0.0
v -2.4247975238249637 -4.892893452197313 0.0
v -11.881106970773544 -14.3601612476632 0.0
v -9.644497509929352 4.579900519922376 0.0
v -13.362530468264595 -9.208354248665273 0.0
v -8.298487706051674 14.501572980545461 0.0
v 2.272131469566375 13.558389287441969 0.0
v -7.962483651819639 14.401355208829045 0.0
v -13.032450470607728 -5.952141182497144 0.0
v 5.614062199310865 1.3726766584441066 0.0
v 14.362195407098625 3.7291671615093946 0.0
v 7.623954656126443 -5.439966938458383 0.0
v 5.9019208260579035 -6.299785736016929 0.0
v 10.17053185304394 3.011858240701258 0.0
v -9.399539269332308 -11.192784107290208 0.0
v -8.238077179994434 -14.463903358206153 0.0
v -2.8824924633372575 -7.161217289045453 0.0
v -10.141067514428869 14.023223480209708 0.0
v -5.0222761300974526 -5.564730144105852 0.0
v -12.955081844411325 12.876288718543947 0.0
v -1.8506353595876135 -0.29411333333700895 0.0
v -7.420224197965581 5.2454380402341485 0.0
v -12.544608613068704 5.633959045633674 0.0
v 14.206843625986949 -11.958143192343414 0.0
v 9.18415964365704 -6.2225614646449685 0.0
v -2.8403857300872914 -8.640292944386601 0.0
v -12.433688648219686 14.441778643988073 0.0
v 4.495310311438516 4.679602838121355 0.0
v 13.158261448028497 0.10616146866232157 0.0
v 13.240396878332831 10.95705077983439 0.0
v 9.824828305107076 14.767861906439066 0.0
v -0.3665469537372701 -2.4996713679283857 0.0
v -11.509209957031999 -2.7158949561417103 0.0
v -0.23328032350400463 -5.693393547087908 0.0
v -2.7181017543189228 -4.598744483664632 0.0
v 13.703103751759045 14.390268909744918 0.0
v -8.540760456467979 8.564155235886574 0.0
v -3.814787429117132 -2.305168453603983 0.0
v -4.589776971959509 3.995984585955739 0.0
v 5.466443186858669 -5.4648749604821205 0.0
v -10.437852548668161 -14.406365036033094 0.0
v 4.1473825086141005 8.459732458926737 0.0
v -3.420336793467868 -12.068149193190038 0.0
v -1.3987922971136868 12.851719683036208 0.0
v 6.522861950972583 10.596383887343109 0.0
v -6.247605549055152 -6.330264946445823 0.0
v 13.819682043103967 -11.499163767322898 0.0
v 12.805914658063557 1.4685220047831535 0.0
v 7.0809608327108435 -7.058124531060457 0.0
v -13.378171711636242 12.132221581414342 0.0
v 4.886647949111648 0.6508058505132794 0.0
v 13.491330298478715 5.248618880286813 0.0
v 11.183535065560136 -13.487462017685175 0.0
v -9.909247997566126 -9.653559402562678 0.0
v -11.161061689839698 -13.264874692074955 0.0
v -14.418863271188457 -2.0361769245937467 0.0
v 6.075601551798172 -13.721263167448342 0.0
v 14.403076049406081 7.365235640667379 0.0
v 9.067255882837344 -1.8973636412993073 0.0
v 14.213189810689073 0.2594063114374876 0.0
v 5.489076738478616 6.87582537997514 0.0
v -4.318913128343411 7.3255670024082065 0.0
v 0.0020214241230860353 -5.095213795080781 0.0
v 9.981419140996877 -9.74087224341929 0.0
v -5.635694122582208 2.048220470547676 0.0
v -8.32880406465847 10.866493843495846 0.0
v 8.249731121875811 -12.119497730396688 0.0
v 14.425208172644489 -13.998267289251089 0.0
v -6.122912096674554 -0.9191291583701968 0.0
v 10.658857756818179 -12.798676007427275 0.0
v -13.725923488440458 -12.388310234062374 0.0
v -14.017626785906032 -4.677183394320309 0.0
v 11.508658458420541 10.340372889302671 0.0
v -4.396259404660668 -10.78095677960664 0.0
v 13.824253891012631 1.4243336971849203 0.0
v -3.082191542198416 -12.584828588180244 0.0
v -0.19460432330379263 12.729177970439196 0.0
v 4.231699897849467 4.699999038130045 0.0
v 14.255379686364904 1.0704042399302125 0.0
v -13.560190880671144 8.085747096687555 0.0
v -6.195218356617261 -12.064861046150327 0.0
v 5.657834902231116 11.474092656746507 0.0
v 13.01097487687366 2.5703368792310357 0.0
v 7.080192895780783 9.079364221543074 0.0
v -11.661116433213465 13.820123454555869 0.0
v -3.1823033240507357 -12.061527323909104 0.0
v 12.622544275887776 -11.713922368362546 0.0
v -12.845909873140045 -12.225163970142603 0.0
v 14.85545499046566 1.3339877054095268 0.0
v -5.682011744356714 13.422727338969707 0.0
v 14.45546776021365 -10.585297674871981 0.0
v 4.419319284323137 12.692810486070812 0.0
v -9.448574969312176 -7.090850197710097 0.0
v -0.37537383288145065 11.503610515967011 0.0
v 4.774771448690444 -7.112071850337088 0.0
v 6.758176896546502 -10.84840060211718 0.0
v -12.191434832639061 -4.002524197101593 0.0
v 9.886565902736038 2.792407836765051 0.0
v -11.459342953574378 -1.27415338344872 0.0
v 5.44736425060546 12.98032003082335 0.0
v -2.997590624319855 14.177932442165911 0.0
v -6.655780326400418 14.69847674574703 0.0
v 0.9565607491531409 11.726274248212576 0.0
v -12.443528365169186 -4.9396371161565185 0.0
v -5.3811195603339 9.880511865019798 0.0
v 2.249167663161643 2.6860362058505416 0.0
v 14.740083703887649 -1.8302248809486628 0.0
v 5.436597917694598 -3.6992837507277727 0.0
v -6.453028117946815 -2.965833087451756 0.0
v 0.387106099515222 -10.73327384982258 0.0
v -5.093994500755798 -1.4426355985924602 0.0
v -8.279379352694377 2.634652905166149 0.0
v -0.5044864088413306 -9.413403805345297 0.0
v 14.65155239944579 3.8959595765918493 0.0
v -12.966224342118949 8.537026966921985 0.0
v 1.5766186784021556 8.738503068685532 0.0
v -7.695133081811946 7.0005421452224255 0.0
v 8.994209819997195 8.188303836621344 0.0
v 6.449323680833913 -10.369232160039246 0.0
v 11.512960488791578 -1.3071570545434952 0.0
v 8.477608055167366 -11.170664061792195 0.0
v 14.156454394978937 -10.31928715761751 0.0
v -5.746361953555606 9.475378039292991 0.0
v -2.690540650160983 -12.60573627334088 0.0
v 3.508390482806135 13.342144782654941 0.0
v 5.493614111212082 7.8285746751353145 0.0
v 10.887011781625915 -14.094347186386585 0.0
v 13.745844738557935 -7.145168126560748 0.0
v 6.760018304921687 -9.562216595746577 0.0
v 3.944984760484658 -4.243047056719661 0.0
v -10.597201148280874 -8.311197148635983 0.0
v 7.408033813582733 2.7575309528037906 0.0
v 8.003988137759734 -3.147930471226573 0.0
v 5.088472349278163 11.857972183264792 0.0
v 3.29082189995097 3.5879153087735176 0.0
v 2.1763022643863223 -5.187817154452205 0.0
v -14.305257892759982 12.075428653508425 0.0
v 7.660528688807972 6.6988740572705865 0.0
v -3.1889302089693956 1.8964108237996697 0.0
v -8.780719368893187 2.586930881254375 0.0
v 9.078393983014394 -10.767408750019968 0.0
v 7.12908638821682 1.9499437576159835 0.0
v -6.611774343589786 10.111140127293766 0.0
v 10.2360980034573 10.602831705473363 0.0
v -7.767741380201187 -14.533038951456547 0.0
v -1.2064749844139442 7.236186567693949 0.0
v 12.828518854978029 5.233133292756975 0.0
v 4.93768788035959 -0.19281294383108616 0.0
v 11.872635004285257 4.43184750713408 0.0
v 11.082989631628152 -3.8903892803937197 0.0
v -2.343096501659602 -10.032308348454535 0.0
v -3.9247956949984655 13.077512422576547 0.0
v -3.735650032875128 -5.811717109754682 0.0
v 4.816966566839255 -8.66809433978051 0.0
v -2.512977444450371 2.3249978190287948 0.0
v -8.555002747103572 1.860697072930634 0.0
v 3.1029630131088197 -8.45693960506469 0.0
v 8.459475450916216 9.09049095865339 0.0
v 8.06275173096219 0.4210360646247864 0.0
v -12.4276469751494 8.578294584527612 0.0
v -12.449951973801944 -14.228567947633564 0.0
v 3.2592243782128207 -0.7284010825678706 0.0
v 11.542523681011517 12.24690493196249 0.0
v 2.670976886409335 4.829700791276991 0.0
v -1.207341619534418 -4.484079785645008 0.0
v -14.418005517567508 1.6453951010480523 0.0
v -11.266870541090611 14.71236041560769 0.0
v 8.740610762732103 1.050177762284875 0.0
v 6.9824488600715995 -12.845190089195967 0.0
v -11.955621635424905 0.011105215176939964 0.0
v 5.676488370052539 -6.664749441668391 0.0
v 5.7040197170572355 -13.770600923337042 0.0
v 3.9457760551013052 2.537805048748851 0.0
v 5.31824555748608 -11.79577820096165 0.0
v 14.913977674383204 -1.5183009523898363 0.0
v 12.798827110382263 -1.9466966791078448 0.0
v 9.163656951568555 1.9708300968632102 0.0
v 13.741435947129503 5.709183907136321 0.0
v 10.268825011677109 -4.12136659398675 0.0
v 13.684800744696986 10.827430626377463 0.0
v -11.558434396341909 -3.1005553249269724 0.0
v -13.6081985241035 -6.696279678493738 0.0
v -11.724853861727752 8.232782231643796 0.0
v -9.990604264952708 -9.815546657890081 0.0
v 11.038962057675235 -8.070060575380921 0.0
v 9.4021202607546 -10.558490550145507 0.0
v -2.5382418101653457 2.901879354380071 0.0
v -3.942291497660335 2.164724715054035 0.0
v -12.291201992309652 -1.5042075393721461 0.0
v 8.052771330985706 -9.022231777198613 0.0
v 3.437247345340438 -14.995004686526954 0.0
v -1.9796129349269904 10.171450325287879 0.0
v 12.418546863249503 9.849648215807974 0.0
v -7.0703479058574885 -1.823748555034399 0.0
v -3.780865455104504 5.5292741702869534 0.0
v 6.61973581649363 12.488738490268588 0.0
v -6.968064126034733 -3.3974156016483903 0.0
v 13.304070021142252 3.8603261280804873 0.0
v 2.0674087564111687 6.151013617403805 0.0
v 4.223006401618477 13.012069805525243 0.0
v 7.338308649661485 -6.1579786306247115 0.0
v -14.883524862467311 8.56002403050661 0.0
v -0.11612762894947082 13.246260455809534 0.0
v 3.6989805604098365 1.6102763190865517 0.0
v -5.744733757630456 -11.76270167902112 0.0
v 11.60291031037923 -9.635017071850598 0.0
v 5.477432607731316 3.6809635115787387 0.0
v -10.474346454895567 -6.87092765327543 0.0
v 13.462710743420757 4.309346905909479 0.0
v -2.8172282603918575 -9.078998755663633 0.0
v 14.602372342138551 -5.700825309380889 0.0
v -14.79521214403212 -12.668435171246529 0.0
v 6.010841729701497 -4.155834109522402 0.0
v 13.795639165095054 5.050895049236715 0.0
v -13.723190979275387 13.650690123438835 0.0
v 10.269701882498339 5.869003507308662 0.0
v -12.594735648599453 -10.92404667660594 0.0
v 11.437758951738942 -2.5102676851674914 0.0
v -13.534202357986942 -13.611031929031014 0.0
v -0.19063893001293764 6.138413555920124 0.0
v -7.166890787193552 -4.115969939157367 0.0
v -1.2108819216955453 9.108421187847853 0.0
v -5.240694456384517 -13.19715345557779 0.0
v -4.795542000676505 -9.05918481759727 0.0
v -5.881596955296118 4.67433316167444 0.0
v 6.26564785244409 -9.244958832859993 0.0
v 8.608409475069493 2.7633492359891534 0.0
v 8.893516632495448 14.212717864662409 0.0
v -1.542529827391263 -10.152301788330078 0.0
v -5.9410909130238 12.69776315242052 0.0
v 1.4306005263351835 -3.167372523806989 0.0
v -5.2303147139027715 -9.74141648132354 0.0
v -8.212921155616641 -12.744186418130994 0.0
v -9.977547195740044 -2.1542865447700024 0.0
v 12.705479828757234 14.836111668497324 0.0
v 6.973804462235421 -7.650819001719356 0.0
v -4.982022208103444 -2.672991517931223 0.0
v -5.926046884735115 6.302114796824753 0.0
v -11.74994846311165 10.866370885632932 0.0
v -6.863081443065312 -10.649263906292617 0.0
v -13.960368384490721 -13.91044882684946 0.0
v -8.273096699034795 8.706475272774696 0.0
v 12.093436159659177 -14.603253480046988 0.0
v -5.298414234013762 -9.65684084687382 0.0
v -9.375678175885696 -10.23700213804841 0.0
v 5.9867374987807125 -8.869095401838422 0.0
v 6.056616518180817 -3.816756807267666 0.0
v -0.4269911887240596 6.964349890127778 0.0
v 8.308820142876357 -1.5511131379753351 0.0
v -6.405040012614336 -8.557576331309974 0.0
v -2.046975832316093 2.657769288867712 0.0
v -1.7296708535286598 -3.667563511058688 0.0
v -5.853469045192469 14.147034167312086 0.0
v 7.969860660028644 5.4885825254023075 0.0
v 8.81613953068154 11.35269847419113 0.0
v -3.0773691967478953 -10.66543098166585 0.0
v 5.295291157672182 -7.558883302845061 0.0
v -4.604996470792685 -5.529607539996505 0.0
v -6.560059218376409 -3.5925188111141324 0.0
v -13.22078648977913 0.5575775997713208 0.0
v -2.828011976846028 5.707531988620758 0.0
v 7.635271698294673 -14.858487475663424 0.0
v -9.04179302288685 10.826175714842975 0.0
v -14.702404355572071 -7.71923893224448 0.0
v -5.252810008998495 1.0985831748694181 0.0
v 14.654209329455625 1.58509904704988 0.0
v 14.420346816477831 -3.898290380835533 0.0
v 9.10516921931412 -10.850560842081904 0.0
v 5.565547171921935 0.8690896453335881 0.0
v 7.059259034576826 7.487823562696576 0.0
v -0.487377195735462 -6.140771307051182 0.0
v -13.255809710302856 -1.855529835447669 0.0
v 7.7910990594537 -2.0549079701304436 0.0
v 10.154301879112609 8.975263816304505 0.0
v 11.437974716769531 -1.6830211551859975 0.0
v 13.989150219829753 -10.777616632170975 0.0
v -11.631633234792389 6.755720686167479 0.0
v -14.29853066575015 8.002137703821063 0.0
v -9.64762310788501 -14.083257128484547 0.0
v 2.3956576037453488 4.058461025357246 0.0
v -14.360995143943 -6.649945190176368 0.0
v 5.273185943719 -10.512320518493652 0.0
v -0.7869034024188295 -14.98404313530773 0.0
v -1.0084243990131654 11.388588280417025 0.0
v 4.048550078237895 10.45283963624388 0.0
v 10.391893217747565 6.642099246382713 0.0
v -9.711046020209324 -12.42144969664514 0.0
v 12.40444394404767 -11.335255689918995 0.0
v 1.4423924696166068 -2.126486021094024 0.0
v -12.522475139412563 -14.033300857059658 0.0
v -13.630360287090298 10.01892869360745 0.0
v -5.846875419432763 3.582710038870573 0.0
v -6.446493064519018 10.500062578357756 0.0
v 0.5331572631839663 8.528631719760597 0.0
v -4.457511922693811 14.318556488491595 0.0
v 12.28580323542701 -7.079376190900803 0.0
v 10.9050268867868 -5.897896885871887 0.0
v 14.676066603104118 5.9138746950775385 0.0
v 12.040621711756103 -0.09379851166158915 0.0
v 5.468592576216906 -0.2835962474346161 0.0
v -10.27004182129167 -0.393722721375525 0.0
v -2.036491993058007 11.97478208411485 0.0
v 5.785395473998506 -9.978934498503804 0.0
v -5.484165386296809 11.88836481794715 0.0
v -10.493017689848784 -6.9699015421792865 0.0
v 1.1715158248553053 -1.1891608368605375 0.0
v 4.588140842097346 12.127744916826487 0.0
v -14.004552029946353 13.990165391936898 0.0
v 4.459653600701131 6.004488339647651 0.0
v 14.822878293285612 -9.510897087864578 0.0
v -7.6481124321580864 -7.096095820888877 0.0
v -3.8559743560035713 -6.128716537728906 0.0
v 7.2594765067333356 12.929407523013651 0.0
v -11.132537943019997 -5.585691780783236 0.0
v -13.729951304558199 -9.679260060191154 0.0
v 11.8624718823703 -14.686351992189884 0.0
v -7.098801864369307 3.244698873721063 0.0
v 5.696044673677534 -9.697563690133393 0.0
v -0.970688175118994 -4.296766545623541 0.0
v 5.330616086837836 -0.4103562021628022 0.0
v -3.6147213218500838 -11.743825596757233 0.0
v 2.7751986084040254 -9.332125785760581 0.0
v -11.68539558420889 -0.06995383091270924 0.0
v 10.98555896896869 12.960758188739419 0.0
v -2.3448643806623295 -8.774553929455578 0.0
v -6.790035977144726 9.790801781229675 0.0
v 3.264098117535468 6.898338086903095 0.0
v 12.682526314456481 -4.422471048310399 0.0
v -5.143328511156142 3.3489986145868897 0.0
v -5.407937728217803 -6.769682075828314 0.0
v 10.089074256073218 -7.966951068490744 0.0
v 4.696138067229185 7.956520203500986 0.0
v -6.930231123813428 3.3088242281228304 0.0
v -4.182657261029817 -3.177654759027064 0.0
v -12.41985870449571 2.9292483245953918 0.0
v -13.432972539099865 -2.6153460200875998 0.0
v 13.060523570922669 3.084044865332544 0.0
v 14.625416459632106 -1.6872667064890265 0.0
v 13.599743852508254 0.7712795343250036 0.0
v 11.534318397112656 3.93655251711607 0.0
v -3.2639864641823806 -11.610770096071064 0.0
v 4.037663078634068 5.523506628349423 0.0
v 13.634617830393836 8.22884634602815 0.0
v -11.178547428105958 7.5210802452638745 0.0
v -1.1986000325414352 4.104877450503409 0.0
v -2.548225743114017 7.1869670413434505 0.0
v -6.506404652260244 -6.098896749317646 0.0
v 1.9013726463890634 -5.310340503230691 0.0
v 4.342464068031404 6.5080075934529305 0.0
v -4.0248773954226635 -9.420699844136834 0.0
v 10.349638429644983 -7.2074064537882805 0.0
v 14.792651247815229 -6.26523099001497 0.0
v -0.026279580721165985 -6.800653473474085 0.0
v -14.873958228738047 -3.517244433052838 0.0
v -11.639369990909472 10.191150451079011 0.0
v -12.722161310433876 -2.9289982803165913 0.0
v -1.1935455814818852 -6.642062240280211 0.0
v 3.37568590301089 -4.493849788792431 0.0
v -5.240442522626836 11.211321930401027 0.0
v 9.338431129348464 9.555830051191151 0.0
v -9.145913502550684 2.4900518283247948 0.0
v -13.088678500265814 14.320784105919302 0.0
v 14.71847977663856 -7.4618434039875865 0.0
v -10.14295047876658 6.96662837639451 0.0
v 8.055584748275578 8.523657423444092 0.0
v 12.952468943200074 5.435120268724859 0.0
v -5.102671013155486 -1.185357983224094 0.0
v 13.142088597116526 8.936086928471923 0.0
v -14.744992114894558 -2.5186279295012355 0.0
v 2.1556929098442197 -11.680222193710506 0.0
v -14.914928492042236 -6.550352927297354 0.0
v 11.839906434644945 -9.165197600610554 0.0
v -5.03779809497064 5.5628262823447585 0.0
v -5.732914263440762 -9.454052370972931 0.0
v 2.9780300681013614 -14.482817569747567 0.0
v -5.595013874350116 -3.9873512713238597 0.0
v -10.004297184292227 10.877929543145001 0.0
v 2.4048736219410785 7.22602625284344 0.0
v 3.143031488987617 1.3117254534736276 0.0
v -9.726578889414668 -5.506305854767561 0.0
v -10.246609032852575 -7.617451852187514 0.0
v 10.10168136114953 -14.596890721470118 0.0
v 2.661485830147285 9.807207589969039 0.0
v -8.476709458103869 14.028443157672882 0.0
v -13.41644851869205 2.7825455851852894 0.0
v 9.78910729184281 -11.774933531880379 0.0
v -1.8471533469273709 5.774356668815017 0.0
v -2.3878181776963174 6.202483110129833 0.0
v 9.696856891096104 9.390241727232933 0.0
v 1.6154676590231247 -5.571562739089131 0.0
v 12.627697233401705 -8.617642261087894 0.0
v 12.556627528683748 4.81419057585299 0.0
v -7.645433127821889 -11.872350508347154 0.0
v -3.4452504160581157 -6.837382322177291 0.0
v 10.987471236323472 1.6536911111325026 0.0
v 2.0630355414468795 14.484249332919717 0.0
v 12.243133231182583 -7.483533033169806 0.0
v -3.5653955918969586 -7.466700274497271 0.0
v -3.6390204642666504 -0.7810091683641076 0.0
v -8.49107279063901 2.7404938898980618 0.0
v -14.889133798249532 0.3795079318806529 0.0
v -11.723070084350184 -12.659276348538697 0.0
v -6.270704353286419 6.814166048541665 0.0
v -0.6171419562306255 10.70938737411052 0.0
v -14.367540550534613 -9.09618618991226 0.0
v -0.9115668240119703 -1.8333099652081728 0.0
v 7.695857765967958 12.161109484732151 0.0
v 4.44919281185139 4.298294813372195 0.0
v -11.064210302662104 -9.95445015374571 0.0
v 7.752852247329429 5.303361642174423 0.0
v -12.371925229555927 3.296776152215898 0.0
v -2.861926569719799 -14.430759252980351 0.0
v 7.885103916982189 -7.880003773607314 0.0
v -8.559162295772694 -11.300215032882988 0.0
v -0.27507500728825107 -10.104497113265097 0.0
v 6.594364224118181 2.8266073018312454 0.0
v -10.675170285860077 -3.1255255322903395 0.0
v -7.6617755517945625 -4.015202972106636 0.0
v 1.2324162210570648 -7.8579196548089385 0.0
v -1.0515773048973642 -12.376363916322589 0.0
v -13.248792067286558 -9.649918931536376 0.0
v -6.257622563454788 -4.832148368470371 0.0
v -9.522954552434385 -3.0168618569150567 0.0
v 7.191369752807077 -9.199025673791766 0.0
v -7.320277897990309 12.207107256166637 0.0
v -14.977101250144187 11.706938225775957 0.0
v 11.562247072521131 2.058353674598038 0.0
v 7.3816789768170565 0.6602530954405665 0.0
v 10.185790238843765 14.185700176283717 0.0
v -0.3478941601351835 -1.479431183077395 0.0
v 7.030696073314175 -9.77005370799452 0.0
v 0.43088172271382064 6.95122788939625 0.0
v -8.852536166494247 -10.577185076661408 0.0
v -6.952050088148098 -4.693940022960305 0.0
v -11.924667911080178 10.59734077192843 0.0
v -14.999391062243376 13.322236848063767 0.0
v -8.937361011223402 5.467860691249371 0.0
v -4.922481918765698 3.087651322595775 0.0
v 7.445777341665234 -12.447781040333211 0.0
v 0.9608499972964637 14.9001244623214 0.0
v -7.722587014839519 5.50086722150445 0.0
v -1.7980092822108418 -11.671825448051095 0.0
v -8.870477346237749 1.3683233940973878 0.0
v -8.122050935344305 -6.650190717540681 0.0
v 3.851350199780427 12.926797427237034 0.0
v -3.5691169329802506 -1.2239784207195044 0.0
v 11.996969828673173 -10.044543383643031 0.0
v 7.715160188265145 -2.4604705264791846 0.0
v -14.077395990781952 9.199662897735834 0.0
v -14.00810831936542 5.696825468912721 0.0
v 6.4001124688657 6.1038669887930155 0.0
v 3.016140597057529 1.930609030649066 0.0
v 7.41581234021578 2.7946658497676253 0.0
v 12.825315520633012 11.733699192292988 0.0
v 0.09866046829847619 -4.7005413100123405 0.0
v -10.810201990650967 0.14359541796147823 0.0
v 1.0403321198537014 -12.426182309165597 0.0
v -9.538984910643194 4.149602212011814 0.0
v 5.120500003453344 -0.6063770344480872 0.0
v 7.429383284877986 -13.928333661518991 0.0
v 10.725762843096163 -6.042631429620087 0.0
v 4.979789812176023 8.042083374224603 0.0
v 13.965807445754763 -0.8899954771623015 0.0
v 0.37013258470688015 9.139326416887343 0.0
v 1.116437679331284 -3.641658090054989 0.0
v -2.4941337680793367 8.464608625508845 0.0
v -11.45529741793871 10.445752878673375 0.0
v -10.780283670988865 -12.43706944398582 0.0
v 2.9434650702169165 9.510278913192451 0.0
v -10.899339962925296 4.7763172797858715 0.0
v -6.533318449102808 -10.299630040302873 0.0
v -13.119077553448733 6.280139365233481 0.0
v 2.4341295299236663 -5.859505543485284 0.0
v 6.524385790806264 0.8152734246104956 0.0
v 11.662102088099346 12.035451588220894 0.0
v -8.313085489848163 -3.260550856590271 0.0
v 6.590818897995632 1.5815843995660543 0.0
v -10.61378158791922 -14.686774126254022 0.0
v 14.460727482335642 3.305552987381816 0.0
v -7.609338282607496 5.909526877105236 0.0
v -2.0146363329840824 3.869693212211132 0.0
v -13.572189604106825 2.9589206110686064 0.0
v -7.2734362371847965 9.38339063897729 0.0
v 1.7554811902809888 3.3562224162742496 0.0
v -14.00063838774804 -0.40080754086375237 0.0
v -13.318986425525509 12.253034433349967 0.0
v -4.444744464184623 -9.24420305620879 0.0
v -3.5825667002936825 7.875281499698758 0.0
v -2.7944873161031865 -8.760698687285185 0.0
v -8.757481200620532 -4.960423116572201 0.0
v -10.179638033674564 -1.360139798372984 0.0
v 14.995816476701293 12.442258195951581 0.0
v 11.698335539433174 14.952176297083497 0.0
v -4.773424530227203 -8.024044705554843 0.0
v 3.065593684092164 -10.02364894002676 0.0
v -12.117823805077933 -0.9494639961048961 0.0
v 13.263576004013885 12.007231541909277 0.0
v -14.549973603105173 6.7786850947886705 0.0
v 4.772734875383321 4.84919210895896 0.0
v -8.786761145980563 -14.660353898070753 0.0
v 9.538270275457762 -4.370407417416573 0.0
v -3.2005445633549243 -8.052387147210538 0.0
v -1.4438871749443933 8.828551469370723 0.0
v -0.20848747075069696 -11.46009831968695 0.0
v -0.9789376580738463 -10.830083492211998 0.0
v 0.3619952409644611 6.638758469372988 0.0
v 14.321128437004518 3.3098274199292064 0.0
v 6.853695672645699 -11.998810502700508 0.0
v 3.6125909949769266 0.4406923996284604 0.0
v -9.792752861103509 12.520729242824018 0.0
v -4.488500155915972 -13.771591143682599 0.0
v -11.95095243898686 0.7431064620614052 0.0
v 14.600134707230609 1.5910951532423496 0.0
v 8.116550669656135 -4.105575006455183 0.0
v 7.9917471195803955 -8.330585970543325 0.0
v 6.48929526709253 -2.6435421723872423 0.0
v -14.652545352757443 1.002237033098936 0.0
v 3.347457854601089 -5.419139132834971 0.0
v 2.7771111913607456 -2.787313671782613 0.0
v 2.7994823586195707 3.5469966204836965 0.0
v 2.0949727564584464 -9.542947005480528 0.0
v 11.881075204582885 -1.4413985274732113 0.0
v 2.557558528787922 -7.3201395040377975 0.0
v -9.806042528536636 -3.5943327080458403 0.0
v 8.854061908554286 -11.797221891582012 0.0
v 5.747280536103062 13.046040792018175 0.0
v -1.363904710917268 -3.350723696872592 0.0
v -3.2917227650177665 -8.852065922692418 0.0
v -3.6899946709163487 3.308889570645988 0.0
v -5.71906745666638 13.578198830597103 0.0
v -12.063872353523038 13.804738475009799 0.0
v 11.753817454038654 10.490452889353037 0.0
v 13.454471710894722 3.362862227484584 0.0
v 8.623836069891695 6.152945849113166 0.0
v 0.6562153034610674 3.1471576392650604 0.0
v -11.994825969566591 2.5643490152433515 0.0
v 3.935463873727713 7.840108442120254 0.0
v -7.655145937751513 -0.7902981881052256 0.0
v 2.5824987401720136 -6.244689635001123 0.0
v -14.694928660115693 4.501249400898814 0.0
v -9.901963515847456 9.433408284559846 0.0
v -4.585531308257487 8.35622270964086 0.0
v -14.313408955233172 10.400894423015416 0.0
v -9.576472663669847 -6.147489101625979 0.0
v 10.236326208047103 -11.969300019554794 0.0
v 9.416436979256105 -8.633221993222833 0.0
v 13.802130415395368 10.107382196001709 0.0
v 0.6968741476302966 1.4238556437194347 0.0
v -11.354246061178856 -0.1028902493417263 0.0
v -1.6576008981792256 -9.972388894297183 0.0
v 8.12534983101068 -5.9300702745094895 0.0
v -6.2255109112593345 10.527453936636448 0.0
v -10.391394810110796 3.719948790036142 0.0
v -2.8686580879148096 -2.3947627590969205 0.0
v 1.922920178505592 13.349851220846176 0.0
v -13.085878722602502 -3.660717406310141 0.0
v 0.2214086313615553 -13.160015603527427 0.0
v 8.495276716188528 -8.48719948809594 0.0
v -10.840498820645735 -4.955929316580296 0.0
v -12.036732995358761 -6.690176892094314 0.0
v -1.3822148040053435 -4.776207262650132 0.0
v 4.941829086164944 11.694071538746357 0.0
v -1.7099934361176565 3.512637298554182 0.0
v 3.4025144816259854 10.696810106746852 0.0
v 5.441008975962177 -6.857076390646398 0.0
v 2.0150847526965663 -14.29417869541794 0.0
v 1.61761016928358 1.5064156223088503 0.0
v -0.6872077495791018 0.01208725105971098 0.0
v -3.14462350535905 0.107563610188663 0.0
v -5.172414142172784 12.082898491062224 0.0
v 0.21131019276799634 8.925042587332428 0.0
v -11.133272703445982 -6.171329510398209 0.0
v -9.51418078871211 7.296490244567394 0.0
v -4.173668722563889 -5.5994793167337775 0.0
v -10.742955277324654 13.780299313366413 0.0
v 11.692013137566391 -14.430192118510604 0.0
v -9.313808169856202 -4.0840017246082425 0.0
v -11.59873335447628 5.376299371942878 0.0
v -13.315262806718238 6.377232667058706 0.0
v -2.8358224440016784 -1.0039112195372581 0.0
v -8.324391894624569 -12.039477485232055 0.0
v 10.871326153399423 -13.555197497829795 0.0
v 3.07846694055479 -5.843008384108543 0.0
v -7.759423469775356 -8.637400993146002 0.0
v 9.76602041546721 -4.38017075881362 0.0
v 4.240577137854416 7.610058260150254 0.0
v 1.8444308688631281 -14.272414783015847 0.0
v -13.397062824864406 -10.884711765684187 0.0
v -10.355012820160482 -9.042879909276962 0.0
v 0.05887250055093318 0.5099341832101345 0.0
v 6.8943522472982295 -3.382487998344004 0.0
v 0.33944428828544915 -10.915075707249343 0.0
v 8.679891873849556 11.596539857797325 0.0
v 5.113494667515624 -13.999457469210029 0.0
v 3.534692296758294 -7.144964492879808 0.0
v 2.9449851022218354 -4.62253534141928 0.0
v -13.65772799338447 13.839935502037406 0.0
v 5.556385119794868 9.437758349813521 0.0
v -6.341419326025061 0.40988212544471025 0.0
v -12.28013711591484 -12.19226391427219 0.0
v 11.731092693749815 9.037113749422133 0.0
v -10.81547242635861 -5.174498915672302 0.0
v 8.776348942017648 10.507720902562141 0.0
v 7.257882469217293 11.822584628127515 0.0
v -3.5675873757572845 -13.58509696368128 0.0
v -6.595567140786443 -10.714702955447137 0.0
v 7.85992180701578 -10.269986446015537 0.0
v 6.3197225159965456 1.47465780377388 0.0
v 8.931555414979812 12.76025697402656 0.0
v -14.678648897272069 -14.90380377881229 0.0
v -5.30253177654231 -9.13896127231419 0.0
v -4.665749733627308 14.692254651337862 0.0
v -14.06901008321438 -2.8314877077937126 0.0
v 8.805250518023968 5.934717058204114 0.0
v 5.332704266940709 0.05778588633984327 0.0
v -6.264111639233306 -13.638446083292365 0.0
v -8.806537930911873 0.10495210904628038 0.0
v -1.969725285191089 14.295900684781373 0.0
v 11.823194035270717 -7.7943673459813 0.0
v -13.453998052049428 -9.3486313149333 0.0
v 14.167222242802382 -7.171236283145845 0.0
v -5.470709872432053 13.598367486149073 0.0
v 4.091957003634889 3.752598780207336 0.0
v 14.911015199613757 -13.67884251754731 0.0
v 0.2696346978773363 9.022574326954782 0.0
v -5.206492140889168 13.594374533742666 0.0
v 4.274635125126224 1.2192793767899275 0.0
v 0.7452855800511315 1.5787191772833467 0.0
v -1.7727008714573458 -0.3673941418528557 0.0
v 3.915341619052924 -3.249413276091218 0.0
v 13.115751416480634 -9.090416818857193 0.0
v -5.2993264072574675 -7.8670875849202275 0.0
v -2.991958416183479 -3.504308922216296 0.0
v -5.450234274321701 13.878271117806435 0.0
v 11.194849868072197 -6.969578112475574 0.0
v -2.490699913701974 -10.479902032762766 0.0
v 11.229732341715135 -11.967381483875215 0.0
v -12.546035293198656 -6.8485048320144415 0.0
v -14.833086675265804 -1.6560435723513365 0.0
v 3.210555065248627 -1.0442237872630358 0.0
v 12.537135249294806 4.519330896437168 0.0
v 13.326230609032791 -2.7530921986326575 0.0
v -2.9049777387990616 6.532929669134319 0.0
v -0.3941504995455034 7.13234781101346 0.0
v -0.8535828963504173 2.6614150516688824 0.0
v 5.440590163168963 -8.436400235630572 0.0
v -0.36620058497646824 4.870864421129227 0.0
v -5.445207248849329 -12.58733381703496 0.0
v 4.506855423969682 4.636580470949411 0.0
v 13.511671877233312 -14.930344826541841 0.0
v -8.188383702246938 -5.751105320639908 0.0
v -8.86357561108889 7.761097845621407 0.0
v 5.066639936412685 -4.161608397960663 0.0
v -9.425756919488776 -9.540805680677295 0.0
v 9.385464507271536 11.977551941759884 0.0
v 4.65914207365131 2.6562503008171916 0.0
v 7.485221008246299 2.987241721712053 0.0
v 10.089033657044638 -13.662837089970708 0.0
v -4.825050277635455 13.99790031183511 0.0
v -2.4319810056476854 -8.994600700214505 0.0
v -7.589586689544376 -6.036442135460675 0.0
v -7.63738514034776 -1.9373696446418762 0.0
v 3.2277083499357104 -0.5780207049101591 0.0
v 14.762070685392246 -11.166591743938625 0.0
v 4.135352107929066 1.6944088013842702 0.0
v 10.5842100045993 10.677074555307627 0.0
v 9.346860925725196 -4.856928313151002 0.0
v 9.127567341725808 10.113426277413964 0.0
v 5.996315574506298 -14.945961221121252 0.0
v 9.503820936137345 1.6568903289735317 0.0
v 4.247511778958142 13.169418656267226 0.0
v -3.3958572833798826 8.275039886124432 0.0
v 14.08797637472162 4.3504778780043125 0.0
v -11.57906214473769 -9.174636618234217 0.0
v 11.008655189652927 -7.115721095353365 0.0
v -12.514777000120375 13.442781064659357 0.0
v 2.959593653155025 -8.23832678515464 0.0
v 7.580341325257905 13.914782371371984 0.0
v 12.420943295175675 -8.014006728306413 0.0
v 9.13906539947493 -1.9030879642814398 0.0
v 6.134786304784939 12.038402255624533 0.0
v 4.703488342114724 -0.7586931101977825 0.0
v -9.76919766177889 -0.969689198769629 0.0
v 0.557409034401644 -0.29510540049523115 0.0
v -12.059162818070035 2.3142346842214465 0.0
v -12.623825872433372 9.080958548001945 0.0
v 5.764765765110496 9.356933291070163 0.0
v -8.98209432529984 -6.875754341483116 0.0
v 1.486491660354659 -4.697521400637925 0.0
v 0.3228258497547358 10.564084713347256 0.0
v 2.8579342134762555 -3.3948641140013933 0.0
v -4.392691778950393 11.583141553215683 0.0
v -8.699670036963653 -9.382263735868037 0.0
v 11.269752213847823 -3.516594771295786 0.0
f 348 1711 1570
f 1711 858 1570
f 1677 348 1570
f 348 1677 386
f 1677 577 386
f 1916 1111 386
f 1189 1589 1497
f 863 1930 989
f 577 1256 1804
f 1473 197 1204
f 1111 161 386
f 324 1916 859
f 324 1111 1916
f 835 1087 1717
f 1938 397 924
f 397 42 924
f 1023 42 1352
f 1589 711 1497
f 1587 906 1488
f 657 441 874
f 1245 1604 874
f 1604 657 874
f 1534 442 1010
f 260 1139 1342
f 795 1681 1497
f 1106 1189 1497
f 742 131 625
f 425 1430 1292
f 620 1589 1189
f 1589 620 1125
f 1375 828 399
f 399 446 1571
f 1298 1988 341
f 1481 184 693
f 1245 184 1798
f 184 1245 874
f 184 989 1798
f 184 1481 989
f 1354 1645 1381
f 377 863 989
f 377 1669 863
f 1374 1231 936
f 1930 1374 936
f 1374 1930 1078
f 1616 1970 863
f 605 1930 863
f 1970 605 863
f 1507 1319 293
f 131 51 625
f 51 131 795
f 51 795 1497
f 918 577 573
f 1041 340 1846
f 1256 928 1804
f 1162 1444 154
f 661 798 30
f 798 1409 30
f 1409 262 30
f 187 849 1746
f 1229 187 1746
f 187 1229 661
f 980 1229 1746
f 849 980 1746
f 770 1608 1177
f 1205 868 162
f 187 34 849
f 34 661 30
f 34 187 661
f 1473 1049 197
f 577 1732 1742
f 1547 324 859
f 324 1547 1111
f 835 758 1087
f 758 918 1087
f 918 758 1846
f 1041 758 59
f 758 1041 1846
f 949 173 686
f 177 1749 1462
f 806 1905 731
f 289 1749 1923
f 289 1905 806
f 1281 918 573
f 173 481 686
f 481 835 1717
f 481 202 686
f 312 93 1066
f 130 1712 542
f 1092 397 1938
f 1800 932 363
f 1800 1092 1938
f 1092 1800 1184
f 1800 1938 410
f 932 1800 410
f 1023 1653 1967
f 1653 1023 1352
f 1617 75 924
f 42 1617 924
f 1617 1967 1750
f 1617 1023 1967
f 1023 1617 42
f 1711 706 858
f 706 1711 348
f 1784 711 1079
f 312 720 93
f 720 711 1589
f 1075 1677 1570
f 1075 1587 1677
f 1587 514 906
f 858 514 1570
f 906 514 858
f 514 1075 1570
f 1075 514 1587
f 966 1587 1488
f 433 1266 192
f 1799 849 442
f 940 1799 442
f 260 913 1242
f 913 668 1242
f 913 260 1342
f 1139 274 1798
f 1060 274 1139
f 342 260 1242
f 1060 342 1242
f 260 342 1139
f 342 1060 1139
f 501 742 625
f 51 682 625
f 1106 1893 1189
f 836 583 282
f 1871 172 1401
f 1430 1382 1292
f 620 584 1125
f 584 425 1292
f 584 1718 1125
f 1718 584 1292
f 131 250 886
f 250 131 742
f 591 131 886
f 591 1893 131
f 1304 620 1189
f 1304 591 1863
f 1893 1304 1189
f 591 1304 1893
f 784 1896 639
f 1150 1990 95
f 1012 1150 95
f 931 1886 1752
f 1886 1705 1752
f 828 986 399
f 986 446 399
f 986 1705 446
f 172 157 1401
f 1995 1761 1248
f 1995 596 1761
f 1108 775 1659
f 584 1202 425
f 591 1763 1863
f 1763 742 532
f 1763 250 742
f 250 1763 886
f 1763 591 886
f 1765 1988 1298
f 1769 1481 693
f 572 167 1734
f 680 207 572
f 680 475 1298
f 475 680 572
f 680 1298 341
f 475 1606 1298
f 1645 1385 1381
f 1701 669 1044
f 669 1701 844
f 1152 1164 1970
f 605 1164 1330
f 1164 605 1970
f 1082 605 1330
f 1930 1082 1078
f 605 1082 1930
f 1669 529 863
f 1616 529 408
f 529 1616 863
f 375 1507 293
f 942 1082 1330
f 1082 942 1078
f 1355 375 293
f 340 718 1846
f 718 928 1256
f 718 1256 577
f 918 718 577
f 718 918 1846
f 1444 554 154
f 1757 554 1576
f 554 1444 1576
f 954 554 1757
f 1840 1162 154
f 890 1107 601
f 1812 1554 1526
f 1505 1114 1011
f 437 954 1757
f 1367 437 1757
f 1383 798 661
f 1775 1061 974
f 1608 255 1177
f 984 770 1177
f 984 694 770
f 770 1498 1608
f 645 297 197
f 297 645 1408
f 645 35 1408
f 35 645 846
f 1904 996 452
f 302 1205 162
f 690 7 1713
f 1899 7 690
f 7 1961 88
f 1961 7 1899
f 1961 124 1273
f 124 1961 1899
f 1910 690 1713
f 1619 1910 1713
f 1910 1619 1502
f 1875 1445 446
f 1705 1875 446
f 1875 1705 1886
f 1693 728 1452
f 1554 728 1526
f 728 1554 1452
f 14 41 601
f 1689 335 14
f 335 41 14
f 41 335 431
f 1324 1049 1473
f 1039 16 1204
f 1173 1391 1881
f 1391 1173 1473
f 1324 1173 1881
f 1173 1324 1473
f 1982 1521 1326
f 1521 1982 1903
f 1916 834 859
f 140 481 173
f 481 140 835
f 1709 1225 1544
f 1368 1709 1544
f 1709 1368 1848
f 1500 1300 1968
f 1957 1967 510
f 1957 1142 1796
f 1749 258 1462
f 258 289 806
f 289 258 1749
f 1905 147 399
f 1905 1117 731
f 1117 399 1571
f 1117 1905 399
f 713 1371 1571
f 289 136 326
f 1300 136 1844
f 478 308 573
f 678 478 1472
f 678 308 478
f 1514 1878 1261
f 1842 481 1717
f 1707 478 573
f 577 1707 573
f 1677 1707 577
f 1198 949 686
f 202 1198 686
f 1740 824 510
f 1728 1565 4
f 1565 1285 4
f 1740 306 4
f 306 1728 4
f 1636 1092 1184
f 42 1636 1352
f 397 1636 42
f 1092 1636 397
f 604 130 1833
f 1625 604 1833
f 706 1311 858
f 1611 1514 1261
f 1611 456 1514
f 684 1611 1261
f 1200 1153 296
f 1957 1994 1750
f 1938 699 410
f 699 1938 924
f 75 699 924
f 1556 75 296
f 1153 1556 296
f 1556 699 75
f 699 1556 1153
f 1387 92 511
f 1347 1784 1079
f 1922 720 312
f 92 695 511
f 695 1922 366
f 966 71 1587
f 1677 71 160
f 1587 71 1677
f 1385 1819 1381
f 940 1735 433
f 1735 1266 433
f 913 860 668
f 860 913 1342
f 905 940 433
f 905 1799 940
f 905 764 1799
f 957 501 625
f 682 957 625
f 957 682 836
f 115 836 1211
f 501 115 1211
f 115 957 836
f 957 115 501
f 1676 501 1211
f 501 1676 742
f 1676 1211 532
f 742 1676 532
f 682 391 414
f 391 682 51
f 1763 394 1863
f 1811 1810 247
f 698 1170 1130
f 1188 1811 247
f 131 1045 795
f 1045 688 795
f 1893 1045 131
f 910 1681 795
f 688 910 795
f 1681 910 1497
f 583 108 282
f 682 390 836
f 390 583 836
f 390 682 414
f 583 390 414
f 1563 53 221
f 1871 1563 221
f 1563 1871 1401
f 1346 1477 1319
f 1319 1477 293
f 1871 1477 172
f 1477 1346 172
f 1507 627 1319
f 627 1346 1319
f 350 1718 1121
f 350 1589 1125
f 1718 350 1125
f 720 350 93
f 350 720 1589
f 93 350 1066
f 1647 271 743
f 271 843 743
f 722 843 748
f 748 843 49
f 843 271 49
f 534 1954 1529
f 1392 1430 49
f 1392 1382 1430
f 271 1392 49
f 1647 1392 271
f 1218 782 730
f 782 394 730
f 394 782 1863
f 782 1304 1863
f 1304 782 620
f 788 1015 95
f 556 1223 301
f 1874 1896 1223
f 1896 1874 639
f 1874 1990 639
f 1990 1874 95
f 361 1013 1790
f 937 1896 784
f 1988 318 341
f 1346 1112 172
f 148 784 639
f 1990 148 639
f 229 1990 1150
f 5 130 542
f 130 5 1833
f 5 1558 1833
f 1558 5 1939
f 304 1543 609
f 1543 1640 112
f 413 986 828
f 986 413 1705
f 1705 413 1752
f 413 599 1752
f 1211 1006 532
f 1170 724 1659
f 724 1108 1659
f 454 722 748
f 454 748 49
f 1430 454 49
f 425 454 1430
f 969 1202 730
f 87 1202 584
f 87 584 620
f 87 1218 730
f 1202 87 730
f 782 87 620
f 87 782 1218
f 1303 743 549
f 1303 1942 743
f 1195 1303 549
f 1448 381 1783
f 1448 1783 1734
f 1765 1454 1988
f 1245 32 580
f 460 1245 1798
f 668 772 1242
f 772 823 1242
f 823 101 1242
f 101 1781 646
f 1781 101 823
f 618 1666 1464
f 868 618 1464
f 302 269 1205
f 1424 618 332
f 1091 317 1646
f 471 1769 693
f 1769 471 1168
f 1769 1644 1481
f 1465 167 572
f 1483 1533 982
f 952 1533 908
f 1701 1733 844
f 1733 1091 844
f 719 1192 635
f 1192 719 1701
f 1579 58 207
f 1555 58 1579
f 680 515 207
f 515 680 341
f 1606 96 1921
f 96 1606 475
f 96 376 1921
f 376 96 475
f 1481 407 989
f 1007 1129 989
f 1669 29 1927
f 285 377 989
f 1192 797 635
f 797 1192 1115
f 1091 812 844
f 812 1646 263
f 812 1091 1646
f 669 1404 1044
f 1533 1404 908
f 28 1152 1970
f 28 1397 1152
f 1616 28 1970
f 1397 28 1616
f 375 895 1507
f 1397 1582 1152
f 900 942 1330
f 900 254 1594
f 1231 1021 1956
f 1374 1021 1231
f 108 272 1588
f 1956 1975 1497
f 1568 1975 1956
f 1766 311 1568
f 311 1975 1568
f 586 1745 1024
f 994 1402 740
f 23 1041 59
f 1041 23 340
f 1670 870 1124
f 1443 191 458
f 554 652 154
f 652 1840 154
f 203 40 300
f 40 203 954
f 1162 94 281
f 1840 94 1162
f 1600 1019 284
f 1107 180 601
f 180 14 601
f 180 1689 14
f 180 1775 1689
f 1738 1812 876
f 1738 1600 284
f 1554 1738 284
f 1812 1738 1554
f 728 1128 1526
f 1128 728 1953
f 1812 1203 1505
f 1950 1554 284
f 1019 1950 284
f 1554 1950 1452
f 1950 1019 1452
f 1586 361 1790
f 361 1268 847
f 1268 1203 847
f 1203 1268 1505
f 1268 1114 1505
f 1633 1505 1011
f 1633 355 1505
f 355 1633 1107
f 355 11 1505
f 1812 11 876
f 11 1812 1505
f 890 388 1107
f 576 40 954
f 437 576 954
f 576 437 552
f 1655 1633 1011
f 980 897 1229
f 897 947 1229
f 1509 1383 661
f 1229 1509 661
f 947 1509 1229
f 1509 947 1252
f 996 482 452
f 1061 482 996
f 1633 225 1107
f 225 1633 1892
f 570 1061 1775
f 570 180 1107
f 180 570 1775
f 225 570 1107
f 714 297 1408
f 714 473 1918
f 297 714 197
f 714 980 849
f 1799 714 849
f 1965 1940 1932
f 473 1965 1918
f 1940 1965 473
f 749 714 1918
f 980 749 156
f 714 749 980
f 1193 1194 1848
f 1050 1003 1177
f 1003 984 1177
f 344 770 303
f 1498 793 1608
f 1314 645 197
f 645 1314 846
f 1312 1314 197
f 1049 602 197
f 13 35 846
f 220 13 846
f 13 992 35
f 1390 961 453
f 1390 302 162
f 302 1390 453
f 961 1993 453
f 830 1735 1534
f 830 1534 1010
f 127 830 1010
f 1735 830 1266
f 705 830 127
f 861 331 493
f 262 685 30
f 752 868 1464
f 128 752 1464
f 868 752 162
f 752 1390 162
f 1390 752 961
f 1561 124 1899
f 128 1561 1899
f 1666 1974 1464
f 1974 128 1464
f 1974 175 1273
f 1910 99 690
f 803 1910 1502
f 1619 1262 1502
f 705 488 745
f 488 705 127
f 1294 1619 1713
f 7 1294 1713
f 488 1294 745
f 1294 488 1619
f 339 704 1794
f 1368 339 1794
f 1875 888 1445
f 888 839 301
f 74 607 777
f 607 398 1501
f 607 74 1693
f 664 888 301
f 888 664 1445
f 1249 1693 1452
f 1949 1652 704
f 398 155 1501
f 412 335 1689
f 412 1775 974
f 1775 412 1689
f 1590 1400 1144
f 1400 1590 1710
f 1608 1590 1144
f 793 1590 1608
f 206 1996 1710
f 171 1400 1710
f 1996 171 1710
f 602 1235 464
f 1324 1235 1049
f 1235 602 1049
f 16 1614 1903
f 1614 1521 1903
f 1614 16 1039
f 1614 1039 1742
f 1521 1614 1742
f 1160 1443 458
f 1160 1521 1742
f 822 1473 1204
f 16 822 1204
f 1160 236 1443
f 1732 236 1742
f 236 1160 1742
f 1784 69 711
f 711 69 1916
f 69 834 1916
f 258 43 1462
f 43 258 806
f 1198 261 949
f 1310 987 1063
f 1884 370 1776
f 758 512 59
f 512 758 835
f 140 512 835
f 512 140 1776
f 370 512 1776
f 1368 523 1848
f 523 1193 1848
f 523 1368 1794
f 1193 523 1794
f 307 643 1063
f 1132 643 768
f 38 1028 975
f 717 38 975
f 38 1500 1968
f 1028 38 1968
f 1500 38 609
f 1005 1300 1500
f 1005 136 1300
f 1300 337 1968
f 337 1028 1968
f 337 97 1028
f 337 1300 1844
f 97 337 1844
f 97 435 1028
f 975 435 1782
f 1028 435 975
f 909 97 1844
f 97 909 1257
f 1967 528 1750
f 528 1957 1750
f 1957 528 1967
f 1850 1957 1796
f 1850 1994 1957
f 1994 1850 456
f 313 147 1905
f 313 289 326
f 289 313 1905
f 383 1375 399
f 1371 245 1571
f 245 1117 1571
f 26 1788 1281
f 918 1788 1087
f 1281 1788 918
f 633 778 26
f 678 617 308
f 633 617 678
f 617 633 26
f 135 1660 160
f 1660 1677 160
f 1660 1707 1677
f 1707 1660 1945
f 1315 1035 21
f 756 1878 1514
f 456 756 1514
f 756 1850 1255
f 1850 756 456
f 1133 1842 1991
f 1842 1133 481
f 1133 202 481
f 1243 633 678
f 1243 950 1017
f 950 1243 1707
f 950 1707 1945
f 1527 1740 4
f 1527 824 1740
f 1285 1527 4
f 754 402 1796
f 754 824 402
f 1142 754 1796
f 824 754 510
f 754 1957 510
f 1957 754 1142
f 1682 1565 1728
f 304 1682 631
f 1565 1682 304
f 1503 717 975
f 1565 1503 1285
f 717 1503 1565
f 1155 1740 510
f 1155 306 1740
f 1967 1155 510
f 1653 1155 1967
f 306 1155 1728
f 997 1325 1728
f 1155 997 1728
f 997 1155 1653
f 997 1653 1352
f 1636 997 1352
f 1325 997 1636
f 604 855 83
f 855 604 1625
f 855 457 83
f 596 855 1761
f 457 855 596
f 1834 1808 363
f 1834 1332 1808
f 1332 1631 1808
f 1631 1856 1130
f 1704 1800 363
f 1808 1704 363
f 763 1704 1808
f 1311 1926 1727
f 1926 1311 706
f 1072 1246 1980
f 1072 1311 1727
f 683 1277 1980
f 1277 1072 1980
f 1200 1777 1153
f 75 73 296
f 73 1200 296
f 1617 73 75
f 63 73 1617
f 73 63 1200
f 1059 1289 1267
f 1059 1777 1200
f 894 875 1146
f 875 894 186
f 1399 1994 456
f 1399 1026 1146
f 875 1399 1146
f 1399 875 1994
f 1926 1621 1727
f 1621 1926 706
f 1621 1244 484
f 1621 706 348
f 1244 1621 348
f 699 1917 410
f 1917 699 1153
f 1380 534 1627
f 1387 1699 92
f 1699 930 92
f 1289 1699 1267
f 1720 1699 1289
f 69 531 1309
f 531 69 1784
f 1922 1451 720
f 1585 557 651
f 1585 1347 1079
f 1395 1385 184
f 1395 1819 1385
f 1395 184 874
f 1534 65 442
f 65 940 442
f 860 911 668
f 1898 794 247
f 1898 1416 794
f 1190 1811 98
f 1190 1810 1811
f 1721 1188 247
f 794 1721 247
f 506 1721 794
f 1188 967 1811
f 967 1195 1811
f 698 1419 506
f 1856 1419 1130
f 1419 698 1130
f 1872 910 688
f 1045 1872 688
f 1872 1106 1497
f 910 1872 1497
f 1872 1893 1106
f 1872 1045 1893
f 956 898 1820
f 898 196 1259
f 898 956 196
f 581 1897 1822
f 1897 273 1822
f 581 636 1897
f 898 636 1820
f 636 898 1897
f 1954 504 1529
f 504 695 366
f 1922 504 366
f 504 1922 312
f 695 504 511
f 504 1954 511
f 1274 534 1511
f 534 1274 1954
f 1954 1274 511
f 1387 1274 1511
f 1274 1387 511
f 1271 312 1066
f 350 1271 1066
f 1237 1271 350
f 1271 504 312
f 504 1271 1529
f 1382 946 1292
f 1349 1647 1627
f 1349 1392 1647
f 1392 1349 1382
f 534 1349 1627
f 1349 946 1382
f 946 1349 534
f 1015 710 95
f 769 710 1712
f 1935 1015 788
f 556 1935 788
f 1935 555 1015
f 556 1282 1223
f 1282 1874 1223
f 1282 556 788
f 1282 788 95
f 1874 1282 95
f 330 361 847
f 330 1013 361
f 578 775 1248
f 1149 578 1248
f 775 578 1659
f 1761 1369 1248
f 1369 1149 1248
f 185 318 1988
f 294 1112 1519
f 627 1290 1346
f 1290 1112 1346
f 1112 1290 1519
f 1290 636 1519
f 256 148 1990
f 229 256 1990
f 148 256 784
f 697 256 229
f 1270 1120 1012
f 769 1270 1012
f 1736 1012 95
f 1736 769 1012
f 710 1736 95
f 1736 710 769
f 1939 1860 1034
f 5 1860 1939
f 373 1625 1833
f 1558 373 1833
f 1543 1417 609
f 1417 413 828
f 413 1417 599
f 599 1417 112
f 1417 1543 112
f 1344 599 112
f 665 1640 1543
f 665 304 631
f 665 1543 304
f 1108 1020 775
f 737 1563 1401
f 1563 737 53
f 53 737 33
f 737 67 33
f 67 1460 33
f 1460 1952 33
f 561 1829 1845
f 1020 561 817
f 698 588 1170
f 588 698 506
f 791 157 172
f 1995 445 596
f 660 445 1995
f 445 660 1122
f 1202 915 425
f 893 1195 549
f 1195 893 722
f 893 843 722
f 743 893 549
f 843 893 743
f 1748 1195 722
f 454 1748 722
f 915 1748 454
f 1479 1758 899
f 1854 937 784
f 937 1854 862
f 1854 1934 862
f 1873 697 818
f 1873 1854 784
f 1854 1873 1934
f 256 1873 784
f 1873 256 697
f 376 1575 993
f 1626 1454 1765
f 1626 1765 1298
f 1606 1626 1298
f 1626 1606 1921
f 1454 1626 1921
f 522 647 1060
f 403 433 192
f 403 905 433
f 905 403 764
f 403 772 668
f 101 1803 1242
f 1803 1060 1242
f 1803 522 1060
f 1469 1781 823
f 655 1444 1162
f 269 655 1162
f 1444 655 1576
f 655 302 1576
f 655 269 302
f 269 1671 1205
f 618 1671 332
f 1205 1671 868
f 1671 618 868
f 519 1424 332
f 1671 519 332
f 519 1671 269
f 1379 1972 641
f 1469 1972 1781
f 494 938 183
f 1520 441 657
f 1604 1254 657
f 1484 1520 657
f 1520 1484 1358
f 1853 1486 1336
f 32 1853 580
f 1486 1853 32
f 1335 1366 1645
f 1366 1335 1168
f 471 1366 1168
f 1366 1385 1645
f 354 1465 572
f 354 1555 428
f 207 354 572
f 58 354 207
f 354 58 1555
f 1465 1080 689
f 797 1080 428
f 1080 354 428
f 354 1080 1465
f 497 1483 982
f 1465 295 167
f 295 1287 167
f 295 1465 689
f 1287 295 689
f 167 404 1734
f 1287 404 167
f 404 1448 1734
f 497 404 1287
f 1474 1287 689
f 1976 1701 1044
f 1976 1192 1701
f 1192 1976 1115
f 1165 1354 1381
f 265 719 635
f 1335 121 1605
f 1354 121 1645
f 121 1335 1645
f 1224 1733 1701
f 719 1224 1701
f 121 1224 719
f 1224 1165 1733
f 1555 1365 428
f 1365 1986 428
f 624 515 341
f 515 624 1822
f 36 624 341
f 1573 407 1156
f 235 1573 1156
f 1573 235 1007
f 407 1573 989
f 1573 1007 989
f 1236 1129 1007
f 29 1434 1927
f 285 1658 377
f 467 1129 744
f 1129 467 989
f 467 285 989
f 813 797 1115
f 813 1474 689
f 1080 813 689
f 813 1080 797
f 164 114 565
f 614 164 565
f 614 265 635
f 265 614 565
f 797 614 635
f 614 797 428
f 164 614 428
f 538 1068 1077
f 1068 538 224
f 1263 1068 224
f 133 1644 1769
f 1263 2000 423
f 2000 1263 1524
f 1320 1404 669
f 1320 669 844
f 812 1320 844
f 266 1533 1483
f 266 1404 1533
f 1404 266 1044
f 266 1976 1044
f 1976 266 1483
f 111 1753 254
f 254 170 1594
f 1753 170 254
f 900 1353 254
f 1353 1164 1152
f 1582 1353 1152
f 1164 1353 1330
f 1353 900 1330
f 328 1393 1594
f 1393 900 1594
f 900 1393 942
f 942 1251 1078
f 1251 1374 1078
f 1251 1021 1374
f 1191 1814 740
f 1814 994 740
f 61 108 583
f 61 272 108
f 904 1191 740
f 272 904 740
f 61 904 272
f 547 53 33
f 1952 547 33
f 53 547 221
f 272 1609 1588
f 1737 1048 1730
f 715 1766 1568
f 715 1269 1766
f 1688 715 1568
f 1269 715 1688
f 495 311 1766
f 311 495 1363
f 1172 1814 1191
f 1745 1172 1024
f 1814 1172 1745
f 1900 1975 885
f 1900 391 51
f 1900 51 1497
f 1975 1900 1497
f 1975 1207 885
f 311 1207 1975
f 1207 1363 885
f 1207 311 1363
f 27 1269 1051
f 27 586 1269
f 1269 810 1766
f 586 810 1269
f 810 495 1766
f 495 810 586
f 249 345 1051
f 1228 249 1051
f 1692 249 1228
f 1879 870 1670
f 1283 1879 1670
f 1879 1283 1132
f 1329 23 59
f 23 1329 1778
f 512 1329 59
f 1329 512 370
f 1329 1884 912
f 1884 1329 370
f 462 1732 577
f 832 1560 652
f 652 1560 1840
f 952 103 449
f 448 103 263
f 94 132 281
f 41 257 601
f 257 41 431
f 1996 1154 431
f 1154 206 1000
f 206 1154 1996
f 553 1812 1526
f 553 1203 1812
f 1128 553 1526
f 1203 553 1128
f 1019 1064 1452
f 1064 1249 1452
f 1249 1064 919
f 56 649 1019
f 649 1064 1019
f 1586 1826 1140
f 1586 1104 361
f 1104 1268 361
f 388 1086 876
f 1086 388 890
f 1086 1738 876
f 1738 1086 1600
f 1684 11 355
f 1684 355 1107
f 388 1684 1107
f 11 1684 876
f 1684 388 876
f 1805 576 552
f 576 1805 40
f 349 1655 1367
f 1432 349 1367
f 1633 349 1892
f 1655 349 1633
f 1655 1615 1367
f 1615 437 1367
f 437 1615 552
f 1615 1655 1011
f 947 368 1252
f 897 368 947
f 1350 255 1608
f 1350 1135 1252
f 368 1350 1252
f 1350 368 255
f 1400 347 1144
f 347 1400 798
f 1348 482 1061
f 570 1348 1061
f 482 1348 452
f 35 1559 1408
f 1559 1940 473
f 1559 714 1408
f 714 1559 473
f 1965 1601 1918
f 1601 749 1918
f 315 1965 1932
f 544 1876 1050
f 1003 1998 984
f 694 1998 1123
f 984 1998 694
f 239 1498 770
f 344 239 770
f 1238 544 1050
f 1559 1836 1940
f 992 1836 35
f 1836 1559 35
f 1690 1314 1312
f 1690 602 464
f 602 1690 1312
f 846 1690 464
f 1314 1690 846
f 6 1312 197
f 602 6 197
f 6 602 1312
f 1238 1307 544
f 770 587 303
f 694 587 770
f 674 1993 1904
f 674 1904 452
f 674 935 453
f 1993 674 453
f 1993 612 1904
f 612 1993 961
f 1118 1432 1367
f 1118 1757 1576
f 1118 1367 1757
f 302 1118 1576
f 1432 1118 935
f 935 1118 453
f 1118 302 453
f 1915 7 88
f 705 1915 830
f 849 129 442
f 765 331 861
f 765 861 442
f 129 765 442
f 1861 34 30
f 685 1861 30
f 752 574 961
f 574 752 128
f 450 1974 1666
f 1974 450 175
f 1974 1909 128
f 1561 1909 124
f 1909 1561 128
f 124 1909 1273
f 1909 1974 1273
f 99 1240 690
f 803 382 1351
f 382 612 1351
f 612 382 1904
f 1904 382 996
f 382 865 996
f 1987 803 1502
f 455 99 1910
f 803 455 1910
f 455 803 1351
f 1262 1984 493
f 442 1984 1010
f 1984 127 1010
f 861 1984 442
f 1984 861 493
f 1984 1262 1619
f 1984 488 127
f 488 1984 1619
f 865 231 996
f 431 757 262
f 335 757 431
f 958 685 262
f 757 958 262
f 958 757 385
f 1225 608 1544
f 608 1368 1544
f 653 339 1368
f 608 653 1368
f 653 608 1679
f 653 1679 1501
f 155 653 1501
f 653 155 1215
f 194 607 1501
f 607 194 777
f 664 1178 1445
f 1249 1694 1693
f 1694 1249 1652
f 1949 1694 1652
f 339 60 704
f 60 1949 704
f 412 149 335
f 149 757 335
f 757 149 385
f 149 412 974
f 1590 1220 1710
f 1220 1590 793
f 953 206 1710
f 1220 953 1710
f 953 1220 793
f 79 262 1409
f 79 431 262
f 1400 500 798
f 171 500 1400
f 798 500 1409
f 500 79 1409
f 79 500 171
f 569 1324 1881
f 411 569 1881
f 569 411 287
f 287 125 1816
f 411 125 287
f 735 287 1816
f 1109 735 1816
f 735 1109 1235
f 735 569 287
f 735 1235 1324
f 569 735 1324
f 1792 1160 458
f 1521 808 1326
f 1160 808 1521
f 1792 808 1160
f 1982 1668 1903
f 1668 16 1903
f 1668 822 16
f 236 469 1443
f 191 469 253
f 469 191 1443
f 469 1732 253
f 469 236 1732
f 244 177 1462
f 343 1198 202
f 343 261 1198
f 343 244 261
f 244 343 177
f 379 1310 48
f 1310 379 1776
f 1283 379 48
f 801 1310 1776
f 1310 801 987
f 52 323 1446
f 801 1764 987
f 1764 801 1859
f 987 1764 1063
f 1764 52 1063
f 1264 1859 173
f 1264 1764 1859
f 1764 1264 52
f 1884 496 912
f 496 1884 1776
f 379 496 1776
f 1786 879 768
f 1786 204 879
f 43 990 1462
f 1145 307 1063
f 52 1145 1063
f 1415 38 717
f 1415 304 609
f 38 1415 609
f 1057 1005 1500
f 1375 1057 609
f 1057 1500 609
f 383 1057 1375
f 259 97 1257
f 259 435 97
f 435 259 1782
f 909 37 1923
f 37 909 1844
f 37 289 1923
f 136 37 1844
f 37 136 289
f 909 374 251
f 1686 1850 1796
f 1850 1686 1255
f 147 825 399
f 825 383 399
f 313 825 147
f 825 313 326
f 713 1744 1371
f 1635 1744 1151
f 1087 1641 1717
f 778 1641 1087
f 1641 1842 1717
f 1691 1788 26
f 778 1691 26
f 1788 1691 1087
f 1691 778 1087
f 1126 26 1281
f 1126 617 26
f 617 1126 308
f 1126 1281 573
f 308 1126 573
f 1878 1022 1261
f 638 1022 1878
f 816 783 872
f 816 906 858
f 783 816 858
f 1866 638 1035
f 1866 816 872
f 1866 684 1261
f 684 1866 872
f 1022 1866 1261
f 1866 1022 638
f 1315 443 966
f 443 71 966
f 71 443 160
f 1315 1054 1180
f 1054 966 1488
f 1054 1315 966
f 1243 1823 1707
f 1707 1823 478
f 594 678 1472
f 594 1243 678
f 594 1823 1243
f 478 594 1472
f 1823 594 478
f 1362 827 1945
f 1362 1578 827
f 950 1791 1017
f 827 1791 1945
f 1791 950 1945
f 1527 1724 824
f 1724 1527 1285
f 1503 1724 1285
f 648 1682 1728
f 1682 648 631
f 46 1457 1856
f 46 1516 1174
f 1072 1280 1311
f 1280 783 858
f 1311 1280 858
f 951 540 1727
f 540 1072 1727
f 1072 540 1246
f 316 951 1727
f 1621 316 1727
f 316 1621 484
f 684 1687 1611
f 1687 456 1611
f 1687 1399 456
f 1399 1687 1026
f 1026 1687 1146
f 658 1277 683
f 658 684 872
f 783 658 872
f 1277 658 783
f 1777 240 1153
f 1895 683 1980
f 1999 1059 84
f 63 1890 1200
f 1890 1059 1200
f 1890 63 84
f 1059 1890 84
f 1546 1059 1267
f 1059 1546 1777
f 1994 1008 1750
f 875 1008 1994
f 1008 1617 1750
f 508 161 1518
f 508 348 386
f 161 508 386
f 161 533 1518
f 533 841 1518
f 1647 1562 1627
f 1562 1380 1627
f 1562 1647 743
f 1562 1942 1174
f 1942 1562 743
f 534 1093 1511
f 1380 1093 534
f 1093 240 1777
f 1656 1834 363
f 1699 943 1267
f 943 1699 1387
f 943 1387 1511
f 1093 943 1511
f 1887 1699 1720
f 1699 1887 930
f 1887 1720 1321
f 1347 708 1784
f 708 531 1784
f 476 1806 1322
f 711 1806 1079
f 1806 476 1079
f 930 1539 92
f 476 1539 557
f 1887 1539 930
f 1451 211 1322
f 1539 211 92
f 211 1451 1922
f 211 476 1322
f 211 1539 476
f 211 695 92
f 695 211 1922
f 178 476 557
f 1585 178 557
f 476 178 1079
f 178 1585 1079
f 929 1785 1420
f 1785 929 1317
f 1420 1785 874
f 1785 1395 874
f 1337 1735 940
f 65 1337 940
f 1735 1337 1534
f 1337 65 1534
f 764 120 1799
f 120 911 1799
f 403 120 764
f 911 120 668
f 120 403 668
f 911 1541 1799
f 1541 911 860
f 1541 860 1342
f 1810 1098 247
f 1098 1898 247
f 394 1726 730
f 1190 1726 394
f 1726 1190 98
f 1726 969 730
f 969 1726 1202
f 1726 915 1202
f 967 1535 1195
f 1195 1535 1303
f 1535 1188 1856
f 1535 967 1188
f 1303 1535 1942
f 1457 1535 1856
f 1535 1457 1942
f 31 1721 506
f 1419 31 506
f 1721 31 1188
f 1188 31 1856
f 31 1419 1856
f 636 1553 1519
f 1553 636 581
f 568 273 1897
f 898 568 1897
f 676 515 1822
f 273 676 1822
f 676 1579 207
f 515 676 207
f 17 1857 486
f 895 1857 1507
f 201 486 1293
f 201 17 486
f 201 956 1820
f 17 201 1820
f 610 946 534
f 610 534 1529
f 1718 1911 1121
f 1911 1718 1292
f 946 1911 1292
f 571 5 542
f 571 1860 5
f 931 57 1886
f 57 555 1886
f 1860 57 931
f 571 57 1860
f 555 57 1015
f 320 556 301
f 839 320 301
f 320 888 1875
f 320 839 888
f 320 1875 1886
f 555 320 1886
f 279 330 847
f 279 1128 1953
f 86 279 1953
f 1203 279 847
f 279 1203 1128
f 985 821 36
f 821 985 318
f 985 36 341
f 318 985 341
f 1112 1436 172
f 1436 791 172
f 466 185 634
f 466 611 1089
f 611 466 634
f 1290 1318 636
f 636 1318 1820
f 1318 17 1820
f 1318 1290 627
f 1318 627 1507
f 1857 1318 1507
f 1318 1857 17
f 673 185 1988
f 1454 673 1988
f 418 697 229
f 1270 541 1120
f 541 1270 457
f 457 1196 83
f 1270 1196 457
f 1196 604 83
f 474 371 392
f 371 474 539
f 578 1577 1659
f 1369 1027 1149
f 1027 578 1149
f 1170 1181 1130
f 1181 1170 1659
f 1577 1181 1659
f 1181 1577 1197
f 1341 1558 1939
f 371 1341 1939
f 1341 371 539
f 1640 525 1939
f 525 371 1939
f 371 525 392
f 299 525 1640
f 1673 1375 609
f 1417 1673 609
f 1673 828 1375
f 1673 1417 828
f 650 1344 1034
f 1860 650 1034
f 650 1860 931
f 650 931 1752
f 599 650 1752
f 1344 650 599
f 1344 1088 1034
f 1088 1939 1034
f 1088 1640 1939
f 1640 1088 112
f 1088 1344 112
f 430 299 1640
f 665 430 1640
f 430 665 631
f 648 430 631
f 430 648 299
f 1210 1020 817
f 1210 1995 1248
f 775 1210 1248
f 1020 1210 775
f 1654 1779 1442
f 1779 561 1845
f 737 1241 67
f 1241 737 1401
f 157 1241 1401
f 721 1241 157
f 766 721 157
f 791 766 157
f 703 1020 1108
f 703 561 1020
f 939 1105 1096
f 1460 939 1096
f 939 1460 67
f 1463 939 67
f 1105 616 1096
f 108 616 282
f 1096 616 1588
f 616 108 1588
f 1463 1983 1628
f 288 1463 1628
f 288 939 1463
f 1827 106 1006
f 1416 106 794
f 1006 106 532
f 1827 845 1628
f 845 288 1628
f 845 1827 1006
f 22 506 794
f 106 22 794
f 22 106 1827
f 22 588 506
f 588 22 434
f 1771 457 596
f 445 1771 596
f 611 1997 1089
f 1997 445 1122
f 760 454 425
f 915 760 425
f 760 915 454
f 979 1748 915
f 979 1726 98
f 1726 979 915
f 1811 979 98
f 1195 979 1811
f 1748 979 1195
f 1171 1513 137
f 1171 203 300
f 1513 1171 300
f 291 952 449
f 291 429 952
f 479 622 137
f 1513 479 137
f 1479 1441 1009
f 1441 1479 1161
f 1441 1826 1009
f 1441 564 1140
f 1826 1441 1140
f 241 1479 1009
f 1479 241 1758
f 40 507 300
f 507 1513 300
f 1805 507 40
f 564 1038 1140
f 1038 1141 1140
f 1934 815 862
f 815 973 862
f 1873 815 1934
f 755 702 1790
f 755 973 702
f 381 1914 1783
f 1575 1316 993
f 1914 1316 1575
f 622 1316 137
f 137 1316 381
f 1316 1914 381
f 867 647 460
f 867 460 1798
f 647 524 460
f 524 32 1245
f 460 524 1245
f 524 1486 32
f 524 647 1486
f 1760 101 646
f 536 1760 646
f 1760 1803 101
f 1803 1760 522
f 1630 403 192
f 403 1630 772
f 499 809 991
f 809 878 991
f 451 1698 991
f 1646 451 263
f 364 519 269
f 364 1162 281
f 364 269 1162
f 1450 1972 1273
f 1972 1450 641
f 175 1450 1273
f 1450 175 641
f 1036 1972 1469
f 1036 1961 1273
f 1972 1036 1273
f 321 536 646
f 536 321 1336
f 360 1972 1379
f 1838 360 1379
f 1972 360 1781
f 321 360 1838
f 1781 360 646
f 360 321 646
f 1499 1853 1336
f 1033 938 18
f 938 1033 183
f 543 1379 641
f 175 543 641
f 716 113 1424
f 1819 520 1381
f 520 1819 333
f 1389 520 1643
f 1165 1389 1166
f 1389 1165 1381
f 520 1389 1381
f 1520 1515 441
f 1515 1358 1100
f 1515 1520 1358
f 1698 1947 1100
f 1947 1515 1100
f 1504 1839 1317
f 1839 520 333
f 520 1839 1643
f 1364 1254 1604
f 503 1364 1604
f 1254 1364 498
f 498 1364 535
f 1364 503 535
f 503 1649 535
f 1040 1649 503
f 1649 494 183
f 535 1649 183
f 356 1040 503
f 356 1604 1245
f 356 503 1604
f 1040 356 165
f 356 1245 580
f 165 356 580
f 1385 595 184
f 1366 595 1385
f 184 595 693
f 595 471 693
f 595 1366 471
f 1413 235 1156
f 1644 1413 1481
f 1413 407 1481
f 407 1413 1156
f 1976 396 1115
f 396 813 1115
f 813 396 1474
f 396 1976 1483
f 1474 396 1287
f 497 396 1483
f 396 497 1287
f 762 1165 1166
f 1165 762 1733
f 1389 762 1166
f 762 317 1091
f 1733 762 1091
f 762 1643 317
f 762 1389 1643
f 151 265 565
f 438 121 1354
f 438 1224 121
f 1165 438 1354
f 1224 438 1165
f 838 1090 1986
f 1986 1090 428
f 1090 164 428
f 1090 838 826
f 114 1090 826
f 1090 114 164
f 1365 1201 1986
f 1201 838 1986
f 196 1201 1259
f 838 1201 196
f 1201 1555 1579
f 1201 1365 1555
f 235 9 1007
f 9 1236 1007
f 1236 9 1077
f 505 1434 29
f 1658 505 29
f 1434 666 1927
f 666 1669 1927
f 666 529 1669
f 1658 20 377
f 20 1658 29
f 20 1669 377
f 20 29 1669
f 1517 1658 285
f 1517 467 744
f 467 1517 285
f 505 1517 744
f 1517 505 1658
f 133 1948 1644
f 1948 133 1482
f 1948 1413 1644
f 1413 1948 235
f 1275 1948 1482
f 489 1769 1168
f 489 133 1769
f 1335 489 1168
f 598 692 1482
f 692 1275 1482
f 692 598 1524
f 538 692 224
f 1275 692 538
f 692 1263 224
f 1263 692 1524
f 1404 1043 908
f 1320 1043 1404
f 212 1370 972
f 212 1852 470
f 1370 212 470
f 833 1427 1913
f 1427 833 994
f 978 1427 994
f 1138 1524 826
f 1138 2000 1524
f 838 1138 826
f 1138 838 196
f 956 1807 196
f 1807 1891 196
f 1891 1807 820
f 24 117 916
f 117 1216 916
f 248 892 1355
f 864 895 375
f 864 892 895
f 1355 864 375
f 892 864 1355
f 424 111 254
f 1353 424 254
f 424 1353 1582
f 1428 1582 1397
f 111 1428 408
f 1428 424 1582
f 424 1428 111
f 1428 1616 408
f 1428 1397 1616
f 170 305 1594
f 305 170 362
f 170 1295 362
f 1370 1295 972
f 1206 1097 1491
f 1097 1206 1678
f 1697 1097 1678
f 1031 1251 942
f 1251 1031 1021
f 1622 1568 1956
f 1622 1688 1568
f 904 1480 1191
f 1480 904 61
f 1480 61 583
f 1480 583 414
f 547 1208 221
f 1460 1624 1952
f 1624 1609 1532
f 1624 1460 1096
f 1624 1096 1588
f 1609 1624 1588
f 1435 1737 1730
f 1609 1435 1532
f 1737 3 1048
f 998 3 1913
f 495 144 1363
f 144 1172 1191
f 1480 144 1191
f 1058 978 994
f 1058 1814 1745
f 1814 1058 994
f 1756 23 1778
f 1885 1756 1778
f 928 1756 1804
f 718 1756 928
f 1756 718 340
f 23 1756 340
f 562 198 1804
f 1756 562 1804
f 562 1756 1885
f 1743 643 1132
f 643 1743 1063
f 1310 1743 48
f 1743 1310 1063
f 1548 1343 662
f 1879 785 870
f 870 785 1124
f 1329 208 1778
f 1065 378 1265
f 198 378 1386
f 562 378 198
f 378 562 1885
f 1265 378 1778
f 378 1885 1778
f 426 191 253
f 191 426 458
f 1847 1343 182
f 670 1847 182
f 701 1109 1816
f 774 462 577
f 774 577 1804
f 198 774 1804
f 462 1584 1508
f 1755 1584 1386
f 1584 1755 1508
f 774 1584 462
f 1584 198 1386
f 1584 774 198
f 1094 103 448
f 1076 1522 991
f 1076 878 1592
f 878 1076 991
f 1522 1137 991
f 1137 1522 448
f 1101 257 431
f 1600 761 1019
f 761 56 1019
f 369 1154 1000
f 1154 369 431
f 369 1101 431
f 560 649 56
f 560 369 1000
f 1046 560 1000
f 560 1046 649
f 206 1046 1000
f 1268 1470 1114
f 1104 1470 1268
f 1114 1470 1140
f 1470 1586 1140
f 1470 1104 1586
f 1114 667 1011
f 667 1114 1140
f 1141 667 1140
f 349 1638 1892
f 1638 349 1432
f 1348 1638 452
f 368 1924 255
f 1924 926 255
f 1924 368 897
f 1924 980 156
f 1924 897 980
f 492 1350 1608
f 1350 492 1135
f 492 1608 1144
f 347 492 1144
f 492 347 1135
f 1383 871 798
f 871 347 798
f 347 871 1135
f 1509 871 1383
f 871 1509 1252
f 1135 871 1252
f 1843 570 225
f 1843 1348 570
f 1843 225 1892
f 1638 1843 1892
f 1843 1638 1348
f 209 1601 1965
f 209 315 527
f 315 209 1965
f 315 1458 527
f 1458 1050 1177
f 1458 315 1050
f 637 315 1932
f 315 637 1050
f 1238 637 1932
f 637 1238 1050
f 255 217 1177
f 926 217 255
f 217 1458 1177
f 1185 1003 1050
f 1876 1185 1050
f 1610 1876 544
f 1307 1610 544
f 1610 1185 1876
f 1940 1928 1932
f 1836 1928 1940
f 1396 1836 992
f 1396 1928 1836
f 1396 1238 1932
f 1928 1396 1932
f 1307 1536 992
f 1536 1307 1238
f 1536 1396 992
f 1396 1536 1238
f 346 1194 303
f 587 346 303
f 1109 642 566
f 1372 642 174
f 701 642 1109
f 654 566 220
f 654 1109 566
f 654 846 464
f 654 220 846
f 1235 654 464
f 1109 654 1235
f 1071 705 745
f 1071 1915 705
f 1915 1071 7
f 1294 1071 745
f 1071 1294 7
f 331 1832 493
f 1832 1262 493
f 1262 1832 1502
f 34 1702 849
f 1702 129 849
f 590 842 1431
f 590 765 842
f 765 922 842
f 922 765 129
f 842 656 1431
f 1306 612 961
f 574 1306 961
f 612 1306 1351
f 1306 455 1351
f 1306 574 128
f 1398 80 1406
f 1388 382 803
f 1987 1388 803
f 55 1240 99
f 455 55 99
f 1240 55 690
f 55 1306 128
f 1306 55 455
f 55 1899 690
f 55 128 1899
f 958 100 685
f 656 100 1431
f 1709 1055 1225
f 204 1055 1709
f 1176 1055 807
f 1055 1176 1225
f 204 1423 879
f 1423 204 1709
f 856 194 1501
f 194 856 1345
f 1679 856 1501
f 1493 1209 1291
f 1209 1493 777
f 194 1209 777
f 1209 194 883
f 976 1493 1291
f 976 1869 1493
f 483 976 1291
f 1841 232 1013
f 755 232 973
f 973 232 862
f 232 1841 862
f 1013 232 1790
f 232 755 1790
f 1841 1148 86
f 1148 279 86
f 279 1148 330
f 330 1148 1013
f 1148 1841 1013
f 1493 1787 777
f 1869 1787 1493
f 1787 74 777
f 74 852 1693
f 852 86 1953
f 728 852 1953
f 852 728 1693
f 945 937 862
f 1841 945 862
f 945 1841 86
f 1896 1029 1223
f 937 1029 1896
f 945 1029 937
f 1029 945 857
f 976 1557 1869
f 1557 483 1147
f 483 1557 976
f 1223 465 301
f 465 664 301
f 465 1178 664
f 1178 465 1147
f 465 857 1147
f 1567 607 1693
f 1694 1567 1693
f 607 1567 398
f 85 60 339
f 85 653 1215
f 653 85 339
f 149 671 385
f 671 149 974
f 1037 171 1996
f 1037 79 171
f 1037 1996 431
f 79 1037 431
f 66 125 365
f 125 1219 365
f 1219 125 411
f 1391 1219 1881
f 1219 411 1881
f 1219 903 365
f 1668 1333 822
f 140 513 1776
f 513 801 1776
f 801 513 1859
f 513 140 173
f 1859 513 173
f 550 323 52
f 1264 550 52
f 949 550 173
f 550 1264 173
f 323 1667 1446
f 244 1667 261
f 261 1667 949
f 1446 1667 1462
f 1667 244 1462
f 1667 550 949
f 550 1667 323
f 104 1213 1670
f 1213 496 379
f 1213 1283 1670
f 1213 379 1283
f 1583 1265 912
f 1583 1065 1265
f 1747 643 307
f 643 1747 768
f 1747 1786 768
f 925 959 1371
f 959 245 1371
f 959 925 1639
f 1418 1446 1462
f 990 1418 1462
f 78 717 1565
f 78 1415 717
f 78 1565 304
f 1415 78 304
f 1057 545 1005
f 545 1057 383
f 136 545 326
f 1005 545 136
f 545 825 326
f 825 545 383
f 227 1762 1062
f 343 227 177
f 227 343 202
f 1749 227 1923
f 227 1749 177
f 1762 1607 1062
f 374 1607 251
f 1607 374 1062
f 1566 1243 1017
f 1243 1566 633
f 1686 1883 1221
f 1883 1830 1221
f 402 1883 1796
f 1883 1686 1796
f 1035 277 21
f 638 277 1035
f 756 387 1878
f 387 756 1255
f 1686 387 1255
f 387 1686 1221
f 1305 1744 1635
f 1305 925 1371
f 1744 1305 1371
f 1291 1296 1445
f 1209 1296 1291
f 159 1641 778
f 159 405 1991
f 1842 159 1991
f 1641 159 1842
f 159 778 633
f 405 159 633
f 310 227 202
f 227 310 1762
f 816 222 906
f 906 222 1488
f 222 1054 1488
f 1054 222 1180
f 1944 1866 1035
f 1315 1944 1035
f 1944 1315 1180
f 1378 135 160
f 443 1378 160
f 1378 548 135
f 1378 443 548
f 1660 1675 1945
f 1362 1642 1578
f 789 1503 975
f 789 1724 1503
f 789 975 1782
f 1724 789 824
f 824 789 402
f 1883 789 1782
f 789 1883 402
f 1564 214 1325
f 1325 214 1728
f 214 648 1728
f 278 46 1174
f 278 1457 46
f 1942 278 1174
f 1457 278 1942
f 1795 1631 1332
f 1834 1795 1332
f 1516 1795 1834
f 1966 1516 46
f 1966 46 1856
f 1631 1966 1856
f 1795 1966 1631
f 1966 1795 1516
f 1277 1025 1072
f 1025 1280 1072
f 1025 1277 783
f 1280 1025 783
f 1894 484 877
f 316 1894 877
f 1894 316 484
f 1437 1687 684
f 1437 658 683
f 658 1437 684
f 1687 1437 1146
f 1895 1437 683
f 1437 894 1146
f 1437 1895 894
f 1680 1917 1153
f 240 1680 1153
f 1917 1680 1550
f 1680 240 1550
f 589 540 951
f 540 589 1246
f 589 50 1246
f 1246 773 1980
f 50 773 1246
f 875 1960 84
f 1960 1999 84
f 1960 875 186
f 537 875 84
f 537 1008 875
f 63 537 84
f 537 63 1617
f 1008 537 1617
f 1244 436 484
f 199 436 1244
f 484 436 877
f 436 199 738
f 729 199 1244
f 729 1244 348
f 508 729 348
f 1377 841 738
f 841 1377 1518
f 887 161 1111
f 887 533 161
f 1547 887 1111
f 533 1525 841
f 1596 1525 834
f 1525 887 1547
f 887 1525 533
f 1525 1547 859
f 834 1525 859
f 69 1467 834
f 1467 1596 834
f 1467 69 1309
f 531 509 1309
f 395 509 1708
f 509 395 1596
f 557 351 651
f 800 242 1708
f 802 759 1321
f 759 802 440
f 240 1538 1550
f 1093 1538 240
f 1538 1093 1380
f 1546 1912 1777
f 1912 1093 1777
f 1912 943 1093
f 1912 1546 1267
f 943 1912 1267
f 1562 786 1380
f 786 1538 1380
f 932 1530 363
f 1530 932 410
f 1917 1530 410
f 1530 1917 1550
f 1538 1530 1550
f 708 677 651
f 677 708 1347
f 677 1585 651
f 1585 677 1347
f 1806 119 1322
f 119 1451 1322
f 720 119 711
f 1451 119 720
f 1395 1572 1819
f 1785 1572 1395
f 1819 1572 333
f 1572 1785 333
f 1785 1813 333
f 1813 1785 1317
f 1813 1839 333
f 1839 1813 1317
f 1098 854 1898
f 1898 854 1416
f 106 854 532
f 854 106 1416
f 821 796 36
f 796 1414 36
f 294 1959 1112
f 1414 1959 294
f 796 1959 1414
f 1959 1436 1112
f 1032 1414 294
f 1032 294 1519
f 1553 1032 1519
f 1439 898 1259
f 1439 568 898
f 1201 1439 1259
f 568 1754 273
f 1754 676 273
f 1439 1754 568
f 676 1754 1579
f 1754 1201 1579
f 1754 1439 1201
f 201 461 956
f 461 1807 956
f 461 201 1293
f 1911 193 1121
f 193 350 1121
f 193 1237 350
f 1817 610 1529
f 1271 1817 1529
f 1817 1271 1237
f 193 1817 1237
f 1817 193 610
f 57 623 1015
f 623 57 571
f 623 710 1015
f 710 623 1712
f 1712 623 542
f 623 571 542
f 1327 1935 556
f 320 1327 556
f 1935 1327 555
f 1327 320 555
f 791 914 1824
f 1436 914 791
f 1664 914 1436
f 914 1664 1902
f 1442 914 1902
f 1779 914 1442
f 185 1936 318
f 466 1936 185
f 1936 821 318
f 1936 466 1089
f 468 1936 1089
f 697 1685 818
f 1685 1758 818
f 1815 673 1454
f 1612 229 1150
f 1612 418 229
f 1012 1612 1150
f 1120 1612 1012
f 1595 541 45
f 541 1595 1120
f 1214 1595 45
f 1595 1612 1120
f 1612 1595 418
f 1338 1270 769
f 1338 1196 1270
f 1338 769 1712
f 130 1338 1712
f 604 1338 130
f 1196 1338 604
f 1564 767 1880
f 767 1564 1325
f 767 1636 1184
f 767 1325 1636
f 474 621 539
f 621 474 1880
f 621 68 539
f 188 1102 1197
f 188 1027 1369
f 855 188 1761
f 188 1369 1761
f 373 1471 1625
f 1308 373 1558
f 1341 1308 1558
f 1308 1341 539
f 68 1308 539
f 283 1654 1442
f 283 660 1995
f 283 1442 1902
f 660 283 1902
f 1210 1297 1995
f 1297 283 1995
f 283 1297 1654
f 1983 1187 632
f 1187 1983 1463
f 1119 791 1824
f 1119 766 791
f 721 1119 1845
f 766 1119 721
f 881 724 1170
f 588 881 1170
f 659 703 1108
f 724 659 1108
f 881 659 724
f 561 219 1829
f 703 219 561
f 1829 219 632
f 850 1105 166
f 850 616 1105
f 850 166 282
f 616 850 282
f 1537 1214 45
f 1537 445 1214
f 541 1537 45
f 1537 541 457
f 445 558 1214
f 1997 558 445
f 558 1997 611
f 948 1438 1448
f 404 948 1448
f 948 404 497
f 948 497 982
f 1533 948 982
f 1171 1722 429
f 1448 1722 381
f 1438 1722 1448
f 1722 137 381
f 1722 1171 137
f 200 554 954
f 203 200 954
f 200 811 554
f 811 652 554
f 811 832 652
f 359 1171 429
f 291 359 429
f 1171 359 203
f 359 200 203
f 811 359 291
f 359 811 200
f 804 1513 1161
f 804 479 1513
f 1962 1479 899
f 804 1962 479
f 1479 1962 1161
f 1962 804 1161
f 1929 1441 1161
f 1441 1929 564
f 44 241 1009
f 241 44 1412
f 1826 44 1009
f 702 44 1790
f 1412 44 702
f 44 1586 1790
f 44 1826 1586
f 1758 1239 818
f 241 1239 1758
f 1955 507 1805
f 1038 1648 1141
f 1615 1648 552
f 1648 1038 1384
f 1648 1615 1011
f 1648 1805 552
f 1805 1648 1384
f 667 1648 1011
f 1648 667 1141
f 815 1081 973
f 973 1081 702
f 1081 1412 702
f 1239 1081 818
f 1081 1873 818
f 1081 815 1873
f 1081 241 1412
f 1081 1239 241
f 1780 1914 1575
f 1780 376 475
f 1780 1575 376
f 1780 572 1734
f 1780 475 572
f 1783 1780 1734
f 1914 1780 1783
f 647 630 1060
f 867 630 647
f 630 274 1060
f 274 630 1798
f 630 867 1798
f 417 536 1336
f 417 1760 536
f 1760 417 522
f 1486 417 1336
f 417 647 522
f 647 417 1486
f 1234 1469 823
f 772 1234 823
f 1484 1672 1358
f 626 878 809
f 626 1033 18
f 1033 626 809
f 1961 134 88
f 1036 134 1961
f 830 134 1266
f 134 1915 88
f 1915 134 830
f 968 1838 1379
f 968 321 1838
f 321 968 1336
f 968 1499 1336
f 499 600 809
f 600 1033 809
f 600 499 183
f 1033 600 183
f 938 1580 18
f 543 1580 938
f 567 716 1424
f 519 567 1424
f 364 567 519
f 567 364 281
f 716 567 281
f 1979 1504 1317
f 1979 1515 1504
f 1515 1979 441
f 929 1979 1317
f 1979 929 1420
f 441 1979 874
f 1979 1420 874
f 1515 1286 1504
f 1947 1286 1515
f 1286 1947 317
f 1643 1286 317
f 1839 1286 1643
f 1286 1839 1504
f 451 902 1698
f 902 1947 1698
f 1947 902 317
f 265 439 719
f 151 439 265
f 121 439 1605
f 439 121 719
f 486 64 1293
f 962 1941 243
f 505 891 1434
f 9 409 1077
f 409 9 235
f 1948 409 235
f 733 538 1077
f 733 1275 538
f 1275 733 1948
f 409 733 1077
f 733 409 1948
f 133 1030 1482
f 1030 790 1482
f 489 1030 133
f 1227 598 1482
f 790 1227 1482
f 1043 907 908
f 907 812 263
f 907 1320 812
f 907 1043 1320
f 103 907 263
f 907 952 908
f 907 103 952
f 1719 248 480
f 892 1719 895
f 248 1719 892
f 1852 999 470
f 999 998 470
f 1216 999 1852
f 419 3 1737
f 419 833 1913
f 3 419 1913
f 1485 1891 820
f 1891 1485 196
f 1485 1138 196
f 962 190 1941
f 190 962 77
f 389 328 1594
f 305 389 1594
f 389 305 362
f 1097 1925 1491
f 1941 1925 243
f 1925 1703 243
f 1703 1925 1985
f 1925 1097 1985
f 1206 319 1678
f 1512 319 972
f 319 1512 1678
f 90 666 1434
f 90 1434 1985
f 1097 90 1985
f 1697 90 1097
f 111 1937 1753
f 529 1937 408
f 1937 111 408
f 666 1937 529
f 90 1937 666
f 1937 90 1697
f 1021 122 1956
f 1269 1964 1051
f 1964 1269 1688
f 1964 1228 1051
f 1208 290 221
f 290 1871 221
f 1477 290 293
f 290 1477 1871
f 1260 290 1208
f 1260 1355 293
f 290 1260 293
f 1552 1624 1532
f 1624 1552 1952
f 1552 547 1952
f 181 1552 1532
f 1552 1208 547
f 1552 181 1208
f 1425 1435 1609
f 1402 1425 740
f 1435 1425 1737
f 1425 272 740
f 1425 1609 272
f 142 144 495
f 144 142 1172
f 142 586 1024
f 142 495 586
f 1900 82 391
f 391 82 414
f 82 1480 414
f 82 144 1480
f 27 91 586
f 1058 91 27
f 586 91 1745
f 91 1058 1745
f 1373 1058 27
f 345 1373 1051
f 1373 27 1051
f 1058 1373 978
f 352 1295 1370
f 195 352 1370
f 1295 352 362
f 1492 195 1370
f 1492 1370 470
f 998 1492 470
f 1283 1182 1132
f 1182 1743 1132
f 1182 1283 48
f 1743 1182 48
f 1343 1183 182
f 1548 1183 1343
f 1958 785 1879
f 1958 687 662
f 1958 1879 1132
f 681 1265 1778
f 208 681 1778
f 1265 681 912
f 681 1329 912
f 681 208 1329
f 1650 1670 1124
f 1650 104 1670
f 1732 447 253
f 447 426 253
f 462 447 1732
f 447 462 1508
f 298 785 1343
f 1847 298 1343
f 1284 298 1847
f 785 298 1124
f 298 1284 1124
f 1569 701 1683
f 1569 1372 174
f 1372 696 146
f 696 670 182
f 1183 696 182
f 696 1183 146
f 1094 1920 103
f 103 1920 449
f 1920 1094 132
f 1920 1560 449
f 1560 1920 1840
f 1920 94 1840
f 1920 132 94
f 1094 228 132
f 228 1076 1592
f 739 451 991
f 1137 739 991
f 451 739 263
f 739 448 263
f 739 1137 448
f 619 953 793
f 619 793 1498
f 953 619 206
f 619 1046 206
f 1101 518 257
f 518 1422 257
f 518 1101 1600
f 1086 518 1600
f 518 1086 890
f 1422 787 257
f 787 890 601
f 257 787 601
f 787 518 890
f 518 787 1422
f 934 1432 935
f 934 674 452
f 674 934 935
f 749 516 156
f 1924 268 926
f 268 1407 926
f 268 1924 156
f 516 268 156
f 268 516 1407
f 217 1250 1458
f 1250 516 749
f 1250 217 926
f 1407 1250 926
f 516 1250 1407
f 1185 1258 1003
f 1998 1258 1123
f 1258 1998 1003
f 239 1186 1498
f 1186 239 344
f 1186 344 303
f 1249 210 1652
f 210 1249 919
f 1064 1809 919
f 649 1809 1064
f 1809 210 919
f 1194 1276 303
f 1276 1194 1193
f 971 672 725
f 1143 694 1123
f 1143 587 694
f 346 1411 1194
f 1411 346 587
f 1143 1411 587
f 12 1411 1143
f 687 152 662
f 152 1548 662
f 152 687 1709
f 765 829 331
f 829 1832 331
f 1832 829 1406
f 1977 1398 1406
f 590 1977 1406
f 1977 590 1431
f 1702 917 129
f 917 922 129
f 922 917 842
f 917 656 842
f 1 1702 34
f 1 917 1702
f 917 1 656
f 179 231 865
f 1167 179 865
f 179 1167 231
f 1167 691 231
f 80 246 1406
f 246 1832 1406
f 246 1987 1502
f 1832 246 1502
f 691 1613 385
f 1613 958 385
f 1613 1167 1868
f 1613 691 1167
f 382 1074 865
f 1388 1074 382
f 1074 1167 865
f 1440 1388 1987
f 246 1440 1987
f 1440 246 80
f 1440 1613 1868
f 1977 1506 1398
f 1002 100 958
f 1613 1002 958
f 100 1002 1431
f 1313 100 656
f 1 1313 656
f 1313 1861 685
f 100 1313 685
f 1786 401 204
f 401 1055 204
f 1747 401 1786
f 1055 401 807
f 879 1004 768
f 1423 1004 879
f 1004 1132 768
f 1004 1958 1132
f 1958 1004 687
f 123 483 1291
f 123 1291 1445
f 1178 123 1445
f 852 1651 86
f 1651 1787 1869
f 1787 1651 74
f 1651 852 74
f 1557 1018 1869
f 857 1018 1147
f 1018 1557 1147
f 1651 1018 86
f 1018 1651 1869
f 1029 753 1223
f 753 1029 857
f 753 465 1223
f 465 753 857
f 1567 143 398
f 155 143 1215
f 143 155 398
f 60 143 1949
f 143 1694 1949
f 143 1567 1694
f 143 85 1215
f 85 143 60
f 701 213 1683
f 427 808 1792
f 427 579 903
f 808 427 1326
f 427 1982 1326
f 427 1219 1982
f 1219 427 903
f 1837 1219 1391
f 1219 1837 1982
f 223 1668 1982
f 223 1333 1668
f 1837 223 1982
f 223 1837 1391
f 822 1052 1473
f 1333 1052 822
f 223 1052 1333
f 1052 223 1391
f 1583 781 1065
f 1650 781 104
f 781 1650 1065
f 1328 1747 307
f 401 1328 807
f 1328 401 1747
f 62 990 43
f 62 806 731
f 62 43 806
f 62 559 990
f 559 62 959
f 963 1176 807
f 1328 963 807
f 1706 52 1446
f 1418 1706 1446
f 372 1706 1418
f 1706 1145 52
f 1706 372 1145
f 1199 1418 990
f 1199 372 1418
f 559 1199 990
f 1199 559 372
f 374 750 1062
f 750 227 1062
f 227 750 1923
f 750 909 1923
f 750 374 909
f 1247 1989 1797
f 1607 1989 251
f 1989 1607 1797
f 1989 1247 1257
f 909 1989 1257
f 1989 909 251
f 1339 270 837
f 1662 416 837
f 416 1339 837
f 1403 416 1662
f 1797 47 1278
f 1607 47 1797
f 47 1607 1762
f 47 977 1278
f 1578 675 827
f 675 367 827
f 675 1578 837
f 322 367 138
f 322 1791 827
f 367 322 827
f 1791 322 1017
f 851 405 633
f 1566 851 633
f 1247 70 1257
f 70 1247 1797
f 1723 70 1339
f 70 1797 1278
f 70 270 1339
f 1830 882 1221
f 116 70 1723
f 882 116 1723
f 116 882 1830
f 1883 1729 1830
f 116 1729 259
f 1729 116 1830
f 259 1729 1782
f 1729 1883 1782
f 1620 638 1878
f 1620 277 638
f 277 1620 1136
f 387 1620 1878
f 1136 1865 1221
f 1620 1865 1136
f 1403 19 840
f 19 1136 1221
f 1862 1403 1662
f 548 1862 135
f 1410 277 1136
f 277 1410 21
f 1598 1305 1635
f 734 1744 713
f 1744 734 1151
f 734 1345 1151
f 734 194 1345
f 1866 1233 816
f 1944 1233 1866
f 1233 1944 1180
f 222 1233 1180
f 1233 222 816
f 751 1362 1945
f 1675 751 1945
f 1919 1660 135
f 1919 1675 1660
f 1862 1919 135
f 1919 1862 1642
f 1919 751 1675
f 1919 1642 1362
f 751 1919 1362
f 1578 176 837
f 176 1662 837
f 648 819 299
f 214 819 648
f 525 819 392
f 819 525 299
f 819 474 392
f 628 1490 1895
f 1490 628 440
f 628 420 440
f 420 759 440
f 420 800 1774
f 1715 1895 1980
f 1715 628 1895
f 773 1715 1980
f 1715 773 50
f 1739 1720 1289
f 1059 1739 1289
f 1999 1739 1059
f 1073 729 508
f 1073 508 1518
f 1377 1073 1518
f 988 1525 1596
f 395 988 1596
f 1525 988 841
f 1467 1047 1596
f 1047 509 1596
f 1047 1467 1309
f 509 1047 1309
f 708 1361 531
f 1361 509 531
f 1361 708 651
f 800 1361 1774
f 509 1361 1708
f 1361 800 1708
f 351 1361 651
f 1361 351 1774
f 1523 316 877
f 316 1523 951
f 1523 589 951
f 589 1523 50
f 280 1562 1174
f 280 786 1562
f 786 280 1656
f 1656 280 1834
f 1516 280 1174
f 280 1516 1834
f 1793 1656 363
f 1530 1793 363
f 1793 786 1656
f 786 1793 1538
f 1793 1530 1538
f 163 1806 711
f 119 163 711
f 163 119 1806
f 477 394 1763
f 477 1763 532
f 854 477 532
f 1414 663 36
f 1032 663 1414
f 624 663 1822
f 663 624 36
f 663 581 1822
f 663 1553 581
f 663 1032 1553
f 1807 1973 820
f 461 1973 1807
f 820 1973 1293
f 1973 461 1293
f 610 1116 946
f 193 1116 610
f 1116 1911 946
f 1116 193 1911
f 1959 286 1436
f 1302 1664 1436
f 286 1302 1436
f 1302 286 468
f 660 603 1122
f 603 1302 468
f 1302 603 1664
f 603 660 1902
f 1664 603 1902
f 1510 1685 145
f 1933 1510 145
f 1758 1510 899
f 1685 1510 1758
f 1056 1962 899
f 479 1056 622
f 1962 1056 479
f 1279 1933 993
f 1316 1279 993
f 1279 1316 622
f 1056 1279 622
f 1279 1056 1933
f 1933 1357 993
f 1357 1454 1921
f 1357 1815 1454
f 376 1357 1921
f 1357 376 993
f 1685 1157 145
f 1157 1815 145
f 1157 1685 697
f 805 1933 145
f 1815 805 145
f 805 1357 1933
f 1357 805 1815
f 418 780 697
f 780 1595 1214
f 1595 780 418
f 873 767 1184
f 1800 873 1184
f 1704 873 1800
f 873 1704 763
f 1700 873 763
f 1663 1181 1197
f 767 1618 1880
f 1618 873 1700
f 873 1618 767
f 1340 188 1197
f 188 1340 1027
f 1577 1340 1197
f 1340 1577 578
f 1027 1340 578
f 1471 309 1625
f 309 855 1625
f 309 188 855
f 188 309 1102
f 1308 1867 373
f 1867 1308 1102
f 1867 1471 373
f 309 1867 1102
f 1867 309 1471
f 1297 1696 1654
f 1696 1210 817
f 1696 1297 1210
f 1241 237 67
f 1187 237 1241
f 237 1463 67
f 237 1187 1463
f 1829 995 1845
f 995 721 1845
f 1889 1119 1824
f 914 1889 1824
f 1889 914 1779
f 1889 1779 1845
f 1119 1889 1845
f 659 1725 703
f 1725 219 703
f 1725 659 881
f 1725 588 434
f 1725 881 588
f 845 406 288
f 1801 406 845
f 939 406 1105
f 288 406 939
f 1105 406 166
f 406 1801 166
f 640 845 1006
f 640 1801 845
f 836 640 1211
f 640 1006 1211
f 1801 640 166
f 640 836 282
f 166 640 282
f 1232 1771 445
f 1537 1232 445
f 1771 1232 457
f 1232 1537 457
f 1722 1963 429
f 429 1963 952
f 1963 1533 952
f 1963 948 1533
f 1716 291 449
f 1716 811 291
f 1560 1716 449
f 1716 1560 832
f 811 1716 832
f 1334 1805 1384
f 1955 1334 1384
f 1334 1955 1805
f 1955 1714 507
f 1714 1929 1161
f 1513 1714 1161
f 507 1714 1513
f 1234 970 1469
f 970 1036 1469
f 1036 970 1630
f 1630 970 772
f 970 1234 772
f 1453 1672 499
f 1698 1453 991
f 1453 499 991
f 1453 1698 1100
f 1358 1453 1100
f 1672 1453 1358
f 1672 736 499
f 1134 626 18
f 626 1134 113
f 1580 1134 18
f 1134 1580 113
f 878 76 1592
f 626 76 878
f 76 228 1592
f 76 716 281
f 132 76 281
f 228 76 132
f 716 76 113
f 76 626 113
f 134 334 1266
f 334 134 1036
f 334 1036 1630
f 1266 334 192
f 334 1630 192
f 968 1907 1499
f 1907 938 494
f 1907 543 938
f 543 1907 1379
f 1907 968 1379
f 1674 1040 165
f 1674 1649 1040
f 1649 1674 494
f 1674 102 494
f 1499 1095 1853
f 1674 1095 102
f 1095 1674 165
f 1095 165 580
f 1853 1095 580
f 563 1580 543
f 563 450 1666
f 450 563 175
f 563 543 175
f 902 1455 317
f 1455 902 451
f 317 1455 1646
f 1455 451 1646
f 439 487 1605
f 487 439 151
f 487 151 565
f 866 1331 24
f 24 1331 895
f 1857 1331 486
f 1331 1857 895
f 64 1331 314
f 1331 866 314
f 1657 1637 1491
f 1216 1637 916
f 1637 1216 1852
f 1099 400 314
f 400 1099 1657
f 962 105 77
f 105 891 77
f 891 105 1434
f 105 1703 1985
f 1434 105 1985
f 230 1030 489
f 230 1335 1605
f 230 489 1335
f 1030 230 790
f 1524 1581 826
f 598 1581 1524
f 1581 114 826
f 1226 117 24
f 1226 24 895
f 1719 1226 895
f 999 1496 998
f 3 1496 1048
f 1496 3 998
f 89 1485 613
f 1485 89 1138
f 1138 89 2000
f 81 1485 820
f 1485 81 1014
f 81 820 1293
f 64 81 1293
f 81 64 314
f 1634 1263 423
f 1263 1634 1068
f 1068 1634 1077
f 1634 1236 1077
f 1456 615 613
f 615 89 613
f 89 615 2000
f 1485 831 613
f 831 1456 613
f 831 1485 1014
f 1295 896 972
f 896 1512 972
f 1512 896 1753
f 896 170 1753
f 896 1295 170
f 139 1512 1753
f 1512 139 1678
f 606 1206 1491
f 606 319 1206
f 212 606 1491
f 606 212 972
f 319 606 972
f 10 1697 1678
f 10 1937 1697
f 1937 10 1753
f 10 139 1753
f 139 10 1678
f 1299 1964 1688
f 1964 1299 234
f 1001 215 1882
f 1001 122 1021
f 679 195 1692
f 352 679 362
f 679 352 195
f 1964 1376 1228
f 1376 1067 1228
f 1376 1964 234
f 1943 1393 328
f 389 1943 328
f 1943 389 362
f 463 181 1532
f 181 463 1730
f 1435 463 1532
f 463 1435 1730
f 1542 181 480
f 181 1542 1208
f 1542 1260 1208
f 248 1542 480
f 1542 248 1355
f 1260 1542 1355
f 267 419 1737
f 1425 267 1737
f 267 1425 1402
f 419 267 833
f 994 267 1402
f 833 267 994
f 1172 1475 1024
f 1475 142 1024
f 142 1475 1172
f 144 1478 1363
f 82 1478 144
f 1363 1478 885
f 1478 1900 885
f 1478 82 1900
f 1831 1373 345
f 1373 1831 978
f 1427 54 1913
f 54 998 1913
f 785 884 1343
f 1958 884 785
f 1343 884 662
f 884 1958 662
f 1755 338 1597
f 338 1992 1597
f 338 1755 1386
f 380 378 1065
f 1489 380 1065
f 378 380 1386
f 1849 1755 1597
f 1755 1849 1508
f 1849 447 1508
f 923 1650 1124
f 923 1489 1065
f 1650 923 1065
f 732 1569 1683
f 1569 732 1372
f 732 696 1372
f 696 732 670
f 933 1569 174
f 1569 933 701
f 642 933 174
f 933 642 701
f 1230 228 1094
f 1522 1230 448
f 1230 1094 448
f 1076 1230 1522
f 228 1230 1076
f 369 1770 1101
f 1770 1931 1101
f 1931 1770 369
f 1101 1877 1600
f 1931 1877 1101
f 1877 761 1600
f 560 15 369
f 15 1931 369
f 15 1877 1931
f 15 560 56
f 761 15 56
f 1877 15 761
f 1768 1638 1432
f 934 1768 1432
f 1638 1768 452
f 1768 934 452
f 1458 1217 527
f 1250 1217 1458
f 1217 1250 749
f 1217 209 527
f 1601 1217 749
f 209 1217 1601
f 1186 1159 1498
f 1159 1186 964
f 1809 1159 964
f 1159 619 1498
f 619 1159 1046
f 1652 1053 704
f 210 1053 1652
f 1046 1528 649
f 1528 1809 649
f 1159 1528 1046
f 1528 1159 1809
f 1186 325 964
f 325 1186 303
f 1276 325 303
f 944 252 1372
f 642 252 566
f 252 642 1372
f 965 1665 1123
f 1665 1143 1123
f 1183 1789 146
f 1789 1183 1548
f 152 1789 1548
f 1789 1632 944
f 1632 1789 152
f 1632 1429 575
f 1429 1632 152
f 1194 1429 1848
f 1411 1429 1194
f 1429 1709 1848
f 1429 152 1709
f 590 901 765
f 901 829 765
f 901 590 1406
f 829 901 1406
f 691 1591 231
f 1591 1061 996
f 231 1591 996
f 39 671 974
f 39 1591 691
f 1061 39 974
f 1591 39 1061
f 551 80 1398
f 1613 551 1398
f 551 1440 80
f 1440 551 1613
f 1440 502 1388
f 1074 502 1167
f 502 1074 1388
f 1167 502 1868
f 502 1440 1868
f 1506 1751 1398
f 1751 1613 1398
f 1751 1002 1613
f 1751 1506 1977
f 1751 1977 1431
f 1002 1751 1431
f 1313 189 1861
f 189 1313 1
f 1861 189 34
f 189 1 34
f 1004 275 687
f 275 1004 1423
f 687 275 1709
f 275 1423 1709
f 1461 123 1178
f 123 1461 483
f 1461 1178 1147
f 483 1461 1147
f 945 1951 857
f 1951 1018 857
f 1951 945 86
f 1018 1951 86
f 66 955 125
f 955 213 701
f 903 292 365
f 292 66 365
f 292 955 66
f 955 292 233
f 1992 491 1597
f 233 1545 725
f 427 779 579
f 880 1391 1473
f 1052 880 1473
f 880 1052 1391
f 1084 781 1583
f 496 1084 912
f 1084 1583 912
f 1213 1084 496
f 1084 1213 104
f 781 1084 104
f 927 62 731
f 62 927 959
f 959 927 245
f 1117 927 731
f 245 927 1117
f 1623 959 1639
f 1623 559 959
f 372 1623 1145
f 559 1623 372
f 963 848 1176
f 1176 848 1225
f 977 1405 1278
f 1405 70 1278
f 70 1405 270
f 270 1495 837
f 1495 675 837
f 675 1495 367
f 517 322 138
f 517 851 1566
f 921 310 202
f 851 921 405
f 1487 1723 1339
f 1487 799 1723
f 416 1487 1339
f 799 1487 840
f 1487 1403 840
f 1487 416 1403
f 799 276 1723
f 276 882 1723
f 276 799 840
f 70 1540 1257
f 116 1540 70
f 1540 259 1257
f 1540 116 259
f 727 387 1221
f 1865 727 1221
f 727 1620 387
f 19 1103 1136
f 1103 19 1403
f 1103 1410 1136
f 1410 1103 1403
f 1862 1016 1403
f 1016 1410 1403
f 1016 1862 548
f 443 1016 548
f 1410 1016 21
f 1016 1315 21
f 1016 443 1315
f 1345 981 1151
f 981 1635 1151
f 981 1598 1635
f 856 981 1345
f 723 1623 1639
f 1623 723 1145
f 1305 1113 925
f 1598 1113 1305
f 925 1113 1639
f 1113 723 1639
f 1494 734 713
f 734 1494 1296
f 1296 1494 1445
f 1494 713 1571
f 446 1494 1571
f 1445 1494 446
f 194 1835 883
f 734 1835 194
f 1835 734 1296
f 1835 1209 883
f 1835 1296 1209
f 1042 1476 138
f 367 1042 138
f 1042 367 977
f 310 1855 1762
f 1642 421 1578
f 421 176 1578
f 176 421 1662
f 421 1862 1662
f 1862 421 1642
f 353 214 1564
f 353 819 214
f 353 1564 1880
f 474 353 1880
f 819 353 474
f 1895 1360 894
f 1490 1360 1895
f 894 1360 186
f 1360 1960 186
f 420 1593 759
f 759 1593 1321
f 351 1593 1774
f 1593 420 1774
f 1593 1887 1321
f 1593 351 557
f 1539 1593 557
f 1593 1539 1887
f 1960 2 1999
f 2 1739 1999
f 485 802 1321
f 1720 485 1321
f 1739 485 1720
f 729 264 199
f 1073 264 729
f 199 264 738
f 264 1377 738
f 264 1073 1377
f 841 169 738
f 988 169 841
f 110 1523 877
f 1523 110 1083
f 644 1083 242
f 644 1523 1083
f 1523 644 50
f 644 1715 50
f 800 644 242
f 420 644 800
f 644 420 628
f 1715 644 628
f 1906 1394 395
f 546 988 395
f 1394 546 395
f 169 546 738
f 546 169 988
f 920 854 1098
f 920 477 854
f 920 1098 1810
f 1190 920 1810
f 920 1190 394
f 477 920 394
f 746 1959 796
f 746 286 1959
f 746 796 821
f 422 1936 468
f 286 422 468
f 1936 422 821
f 422 746 821
f 746 422 286
f 393 1997 1122
f 603 393 1122
f 1997 393 1089
f 393 468 1089
f 393 603 468
f 1510 1971 899
f 1971 1510 1933
f 1971 1056 899
f 1056 1971 1933
f 780 1969 697
f 1969 780 1468
f 1969 1157 697
f 1157 1969 1815
f 1815 1969 673
f 1969 1468 673
f 780 1825 634
f 1825 780 1214
f 1825 611 634
f 558 1825 1214
f 1825 558 611
f 1468 1946 673
f 780 1946 1468
f 673 1946 185
f 185 1946 634
f 1946 780 634
f 1323 1700 763
f 1323 763 1808
f 1308 941 1102
f 941 1308 68
f 1102 941 1197
f 941 1663 1197
f 621 889 68
f 68 889 1700
f 889 1618 1700
f 1158 1696 817
f 1696 1158 1654
f 1158 1779 1654
f 561 1158 817
f 1779 1158 561
f 960 1187 1241
f 1187 960 632
f 960 1829 632
f 960 995 1829
f 226 1725 434
f 1725 226 219
f 219 226 632
f 226 1983 632
f 22 226 434
f 226 22 1827
f 226 1827 1628
f 1983 226 1628
f 1759 1722 1438
f 1759 1963 1722
f 948 1759 1438
f 1963 1759 948
f 25 1955 1384
f 25 1714 1955
f 1038 25 1384
f 25 1038 564
f 1929 25 564
f 1714 25 1929
f 526 1254 498
f 1254 526 657
f 526 1484 657
f 1301 1672 1484
f 1301 736 1672
f 526 1301 1484
f 1301 526 498
f 499 109 183
f 736 109 499
f 109 535 183
f 1301 109 736
f 109 498 535
f 109 1301 498
f 1907 358 1499
f 358 1095 1499
f 1095 358 102
f 102 358 494
f 358 1907 494
f 1695 563 1666
f 563 1695 1580
f 1580 1695 113
f 113 1695 1424
f 618 1695 1666
f 1424 1695 618
f 218 64 486
f 1331 218 486
f 218 1331 64
f 400 1981 1941
f 1981 400 1657
f 1981 1657 1491
f 1981 1925 1941
f 1925 1981 1491
f 329 212 1491
f 1637 329 1491
f 212 329 1852
f 329 1637 1852
f 1637 726 916
f 726 1637 1657
f 1099 726 1657
f 726 1099 866
f 726 24 916
f 726 866 24
f 866 582 314
f 582 1099 314
f 1099 582 866
f 1602 962 243
f 1602 105 962
f 1703 1602 243
f 105 1602 1703
f 1227 585 598
f 585 1581 598
f 114 869 565
f 869 487 565
f 1821 1226 1719
f 190 1603 1941
f 81 1603 1014
f 1603 72 1014
f 72 1603 190
f 1169 505 744
f 1169 891 505
f 891 1169 77
f 1169 190 77
f 831 153 1456
f 2000 153 423
f 153 831 1014
f 615 153 2000
f 153 615 1456
f 1299 1433 234
f 1001 1549 122
f 1549 1622 1956
f 122 1549 1956
f 1622 1549 1882
f 1549 1001 1882
f 1943 107 1393
f 1851 1692 1228
f 1851 679 1692
f 1067 1851 1228
f 1222 1851 1067
f 1851 1222 679
f 107 1222 1067
f 1222 107 1943
f 679 1222 362
f 1222 1943 362
f 1447 1492 998
f 54 1447 998
f 978 853 1427
f 853 54 1427
f 1831 853 978
f 853 1831 345
f 249 853 345
f 853 249 1692
f 1421 338 1386
f 971 216 1284
f 1284 216 1124
f 216 923 1124
f 923 216 1489
f 216 776 1489
f 776 216 971
f 732 792 670
f 670 792 1847
f 672 792 1683
f 792 732 1683
f 792 672 971
f 792 1284 1847
f 792 971 1284
f 325 1772 964
f 1772 1053 210
f 1772 1809 964
f 1809 1772 210
f 1466 776 1992
f 1466 380 1489
f 776 1466 1489
f 566 1731 220
f 1731 13 220
f 13 1731 992
f 1731 1307 992
f 336 252 944
f 252 336 566
f 336 1731 566
f 1731 336 1307
f 336 168 1307
f 1599 336 944
f 1599 168 336
f 384 1411 12
f 1429 384 575
f 384 1429 1411
f 1789 747 146
f 747 1789 944
f 747 1372 146
f 747 944 1372
f 39 1870 671
f 1870 39 691
f 671 1870 385
f 1870 691 385
f 955 1163 213
f 1163 955 233
f 1163 233 725
f 672 1163 725
f 1163 672 1683
f 213 1163 1683
f 125 597 1816
f 955 597 125
f 597 701 1816
f 597 955 701
f 491 1110 593
f 776 1110 1992
f 1110 491 1992
f 1110 971 1661
f 1110 776 971
f 741 491 426
f 447 741 426
f 1849 741 447
f 741 1849 1597
f 491 741 1597
f 1545 1773 725
f 971 1773 1661
f 1773 971 725
f 1773 1110 1661
f 592 1545 233
f 579 592 903
f 779 592 579
f 592 292 903
f 292 592 233
f 814 427 1792
f 814 779 427
f 426 814 458
f 491 814 426
f 814 491 593
f 1131 814 593
f 814 1131 779
f 1802 1495 270
f 1802 1405 977
f 1405 1802 270
f 367 1802 977
f 1495 1802 367
f 141 517 138
f 517 141 851
f 1476 141 138
f 322 490 1017
f 517 490 322
f 490 1566 1017
f 490 517 1566
f 1133 709 202
f 709 921 202
f 709 1133 1991
f 405 709 1991
f 921 709 405
f 19 126 840
f 126 276 840
f 126 19 1221
f 882 126 1221
f 276 126 882
f 1908 1865 1620
f 727 1908 1620
f 1908 727 1865
f 981 1272 1598
f 1272 1113 1598
f 1113 1272 723
f 848 1272 1288
f 1272 848 963
f 723 1272 963
f 1531 981 856
f 1531 856 1679
f 1272 1531 1288
f 1531 1272 981
f 1531 848 1288
f 608 1531 1679
f 1531 608 1225
f 848 1531 1225
f 1145 1175 307
f 723 1175 1145
f 1175 723 963
f 1175 1328 307
f 1175 963 1328
f 205 47 1762
f 1855 205 1762
f 47 205 977
f 1551 2 1960
f 1360 1551 1960
f 1551 1360 1490
f 802 1551 440
f 1551 1490 440
f 2 1551 1739
f 485 1551 802
f 1551 485 1739
f 1906 1212 242
f 1212 1906 395
f 242 1212 1708
f 1212 395 1708
f 1906 1179 1394
f 158 941 68
f 158 68 1700
f 1323 158 1700
f 1459 889 621
f 889 1459 1618
f 1459 621 1880
f 1618 1459 1880
f 1901 960 1241
f 960 1901 995
f 1901 1241 721
f 995 1901 721
f 1828 1227 790
f 1828 585 1227
f 230 1828 790
f 1821 238 1226
f 238 999 1216
f 117 238 1216
f 1226 238 117
f 1496 432 1048
f 1821 432 1496
f 1048 432 1730
f 432 181 1730
f 181 432 480
f 432 1719 480
f 432 1821 1719
f 1767 400 1941
f 1603 1767 1941
f 400 1767 314
f 1767 81 314
f 1767 1603 81
f 72 327 1014
f 327 1634 423
f 153 327 423
f 327 153 1014
f 1169 472 190
f 472 72 190
f 472 1169 744
f 327 472 1634
f 472 327 72
f 1129 472 744
f 1236 472 1129
f 1634 472 1236
f 629 1433 1299
f 629 1622 1882
f 215 629 1882
f 1433 629 215
f 1622 629 1688
f 629 1299 1688
f 1001 521 215
f 521 1001 1021
f 983 1433 215
f 1492 1574 195
f 1447 1574 1492
f 195 1574 1692
f 1574 853 1692
f 1574 1447 54
f 853 1574 54
f 1772 1978 1053
f 704 1978 1794
f 1053 1978 704
f 1978 1193 1794
f 1978 1276 1193
f 1978 325 1276
f 1978 1772 325
f 415 1466 1992
f 338 415 1992
f 1421 415 338
f 1466 415 380
f 168 1253 965
f 1253 168 12
f 1253 1665 965
f 1253 12 1143
f 1665 1253 1143
f 459 1610 1307
f 168 459 1307
f 384 1127 575
f 168 771 1858
f 1599 771 168
f 771 1127 1858
f 1127 771 1599
f 707 384 12
f 168 707 12
f 707 168 1858
f 1127 707 1858
f 707 1127 384
f 1356 1792 458
f 814 1356 458
f 1356 814 1792
f 1131 1070 779
f 1110 1070 593
f 1070 1131 593
f 592 1070 1545
f 1070 592 779
f 1069 921 851
f 141 1069 851
f 357 1906 242
f 357 1179 1906
f 1083 357 242
f 110 357 1083
f 530 546 1394
f 1179 530 1394
f 546 530 738
f 530 436 738
f 357 530 1179
f 436 530 877
f 530 110 877
f 530 357 110
f 941 444 1663
f 158 444 941
f 1181 444 1130
f 1663 444 1181
f 444 1631 1130
f 444 158 1323
f 1631 444 1808
f 444 1323 1808
f 1828 1426 585
f 585 1426 1581
f 1581 1426 114
f 1426 869 114
f 238 1864 999
f 1864 238 1821
f 1864 1496 999
f 1864 1821 1496
f 1031 118 1021
f 118 521 1021
f 521 118 107
f 107 118 1393
f 1393 118 942
f 118 1031 942
f 1888 1376 234
f 1433 1888 234
f 1359 521 107
f 521 1359 215
f 1359 983 215
f 1376 1359 1067
f 1359 107 1067
f 1888 1359 1376
f 415 8 380
f 8 415 1421
f 380 8 1386
f 8 1421 1386
f 700 168 965
f 700 459 168
f 700 1258 1185
f 1610 700 1185
f 459 700 1610
f 700 965 1123
f 1258 700 1123
f 1449 1632 575
f 1127 1449 575
f 1632 1449 944
f 1449 1599 944
f 1449 1127 1599
f 1070 1741 1545
f 1741 1070 1110
f 1741 1773 1545
f 1773 1741 1110
f 921 1818 310
f 1069 1818 921
f 1818 1069 141
f 1085 1828 230
f 1085 1426 1828
f 1426 1085 869
f 1085 230 1605
f 487 1085 1605
f 869 1085 487
f 1359 712 983
f 712 1359 1888
f 983 712 1433
f 712 1888 1433
f 1042 1629 1476
f 1629 1042 977
f 205 1629 977
f 1629 205 1855
f 150 141 1476
f 150 1818 141
f 1629 150 1476
f 1818 150 310
f 150 1855 310
f 150 1629 1855
o Cracks
v -5.668171587699481 -1.535604258030005 0.1
v -6.697939406914358 -1.6295974109078197 0.1
v -6.0286888047027665 -1.610068233402706 0.1
v -6.714477481366244 -1.0568707085991973 0.1
v -6.460648430289227 -0.364106931179075 0.1
l 2001 2002 2003 2004 2005
v 8.914820796732023 -13.26822803123823 0.1
v 8.05429501583519 -14.71594261898413 0.1
v 9.387480384081172 -14.076685997755444 0.1
v 7.895175155427146 -14.28964478502883 0.1
v 8.84039268242282 -14.653837153768666 0.1
l 2006 2007 2008 2009 2010
v 12.641004160086888 -0.23047234928356874 0.1
v 11.749184344595118 -0.8163247124103288 0.1
v 12.175337707933602 -0.38196427618171613 0.1
v 11.413534929712439 -0.4887348188295346 0.1
v 12.820061943657217 -0.43814357098945034 0.1
l 2011 2012 2013 2014 2015
v -12.260859032538926 11.433890900429763 0.1
v -13.61184424986002 11.536911098335068 0.1
v -13.305276571281368 10.555567227320333 0.1
v -11.88326777156671 11.15431959413179 0.1
v -13.375476392906352 10.87884706423806 0.1
l 2016 2017 2018 2019 2020
v 8.458432176749534 12.888843334560901 0.1
v 8.0773769684185 12.572935382366026 0.1
v 9.11052195910978 13.495653933083837 0.1
v 8.35391287026735 14.286054302139647 0.1
v 8.944734025961543 12.978994879992582 0.1
l 2021 2022 2023 2024 2025
v 11.93493291759849 12.124382140613317 0.1
v 11.759829539149223 13.302232888969511 0.1
v 11.548571438999511 12.452588486559417 0.1
v 11.03910545456079 12.5431107714358 0.1
v 11.655998074520571 13.387881787391857 0.1
l 2026 2027 2028 2029 2030
v -13.098024134812809 -14.98927126693487 0.1
v -12.55023314152125 -15.394464284049095 0.1
v -12.5092983103984 -15.361768508230837 0.1
v -13.343676580285894 -15.652598114810917 0.1
v -12.362399628251428 -15.638788631755203 0.1
l 2031 2032 2033 2034 2035
v 5.648887593719936 7.896796283673448 0.1
v 5.674858581015133 7.531890785920649 0.1
v 4.603388385919791 7.358338556392853 0.1
v 4.1344679158861215 7.248008814011357 0.1
v 4.116840216446924 8.720578652860864 0.1
l 2036 2037 2038 2039 2040
v -6.439341661189277 12.427408400246836 0.1
v -6.160229818767938 13.585432906596877 0.1
v -5.171418787172131 12.791857549764643 0.1
v -5.04428732748038 12.856304516381757 0.1
v -6.010294042338689 12.40029658767736 0.1
l 2041 2042 2043 2044 2045
v 0.8309031979285106 -6.487140519384388 0.1
v 1.253718546808906 -6.770750457528627 0.1
v -0.10921728713982293 -7.1428344614439 0.1
v 0.27779341760121823 -6.9320925387306795 0.1
v 1.2717208331515313 -8.083915917514126 0.1
l 2046 2047 2048 2049 2050
v -2.0728013872189175 -6.666987703818284 0.1
v -3.7311074776841586 -6.773585018000026 0.1
v -2.8021528344627304 -6.380511561421698 0.1
v -2.3511474929405494 -8.13671344503665 0.1
v -3.6528721074127786 -7.515952563265644 0.1
l 2051 2052 2053 2054 2055
v 14.40584738189079 -6.5244001716829265 0.1
v 13.367335718564789 -7.293200586624637 0.1
v 13.406875122313824 -7.666045748565907 0.1
v 13.780749805005343 -7.811506264903965 0.1
v 13.263786191791068 -6.818309200143361 0.1
l 2056 2057 2058 2059 2060
v -6.559140168951957 -9.96232304444555 0.1
v -6.221234881744209 -8.56970457963455 0.1
v -6.269382344900368 -8.603438566109336 0.1
v -6.330139491933523 -10.28928041627792 0.1
v -5.700982443885964 -8.668366944569451 0.1
l 2061 2062 2063 2064 2065
v -0.48736241763351895 -4.778185959660265 0.1
v -1.7087986495944651 -4.6661794148649935 0.1
v -1.731436701623329 -4.750122243706112 0.1
v -1.0716009842397247 -3.828140180071628 0.1
v -0.17785607819278382 -3.784400149480747 0.1
l 2066 2067 2068 2069 2070
v -14.001910780656011 -3.9764414363140768 0.1
v -14.297183301063447 -3.9249065000289596 0.1
v -13.71116760641309 -3.920782331178505 0.1
v -14.444647442718743 -3.9656466175656835 0.1
v -14.697837422116878 -4.477716436209916 0.1
l 2071 2072 2073 2074 2075
v 1.4461956296248974 -8.93944064735151 0.1
v 1.2171063772669786 -8.876039564253382 0.1
v 1.8368401278863087 -7.8313218583221085 0.1
v 2.2719000736544945 -9.338415075934133 0.1
v 1.817235123335765 -8.04857428763154 0.1
l 2076 2077 2078 2079 2080
v 9.470501181351144 -3.3497755701046286 0.1
v 9.08291316262971 -3.969373149003397 0.1
v 10.430679679570801 -3.584430010309725 0.1
v 8.861192007360772 -2.228992325289304 0.1
v 9.999641478070908 -2.15119082269866 0.1
l 2081 2082 2083 2084 2085
v -13.377408911169594 2.2612770935834794 0.1
v -13.632597990177542 0.8241428005271643 0.1
v -12.465964726290393 1.2940589936990614 0.1
v -12.243717249581426 2.423960187918011 0.1
v -12.855275145729912 0.65622872296408 0.1
l 2086 2087 2088 2089 2090
v 8.054782021190775 -8.666132987182534 0.1
v 9.381231305587889 -7.7059334435389335 0.1
v 7.716598010018455 -8.355908336678018 0.1
v 8.911759439038002 -7.8165939507816224 0.1
v 7.9473680313398605 -7.555561310340974 0.1
l 2091 2092 2093 2094 2095
v 2.214115471038278 -2.536717293591199 0.1
v 2.0841187846108644 -2.2478723353297365 0.1
v 1.8164852362116883 -1.7316902790039899 0.1
v 1.4259592301354438 -3.151980757905232 0.1
v 1.543821127527607 -1.7803643425474662 0.1
l 2096 2097 2098 2099 2100
v 11.323725366134402 -3.549036281163475 0.1
v 9.996072359907402 -4.290166588028079 0.1
v 10.855679236833986 -4.05627175117228 0.1
v 10.415604228942145 -4.340704987834057 0.1
v 9.64657443161045 -3.7598898709027506 0.1
l 2101 2102 2103 2104 2105
v 1.6846970732443205 -3.049566232014219 0.1
v 2.2080304145453242 -3.0413776164523014 0.1
v 1.0663060406008138 -1.9343038201292337 0.1
v 1.3373687390587579 -2.886893924203111 0.1
v 2.0358861238645067 -2.5360097182050536 0.1
l 2106 2107 2108 2109 2110
v -14.774048020874107 0.9839023461124969 0.1
v -14.548125548637785 0.9512636118892708 0.1
v -15.841254206445925 -0.19512117585201838 0.1
v -15.06028015284639 0.6093016464403826 0.1
v -15.58656499563435 0.7018806430994751 0.1
l 2111 2112 2113 2114 2115
v 11.452763418483036 -2.596641188479267 0.1
v 13.0756690601486 -2.512154900983928 0.1
v 11.811849247089878 -2.0484260783660875 0.1
v 11.829808252837857 -2.764420733058728 0.1
v 13.155172182116603 -2.2522119416195423 0.1
l 2116 2117 2118 2119 2120
v -10.571721878145382 12.120869274303608 0.1
v -11.602164774025159 11.736203368725178 0.1
v -10.3441771824101 12.906571174055465 0.1
v -11.254563589859435 12.213951624412744 0.1
v -10.316452173704075 12.241905685829506 0.1
l 2121 2122 2123 2124 2125
v -0.16905927251049313 14.035154257158938 0.1
v 0.9493759293019293 13.757101069706303 0.1
v 0.9137556084928544 14.1655802934236 0.1
v 0.9867307444257227 12.659113299507979 0.1
v 0.8685217974154766 13.214371804951881 0.1
l 2126 2127 2128 2129 2130
v 12.91777157839487 -0.6821823488719754 0.1
v 12.550268425870646 -0.3884040032381728 0.1
v 12.912096685613093 -0.724214072149256 0.1
v 13.39882535021401 0.24575256278461444 0.1
v 13.622601859048872 -0.5397389061502191 0.1
l 2131 2132 2133 2134 2135
v -1.951012641409588 -9.101273621482832 0.1
v -2.6516726213635127 -8.73555526949785 0.1
v -1.8555037079014494 -8.94584624843104 0.1
v -2.0508666535853592 -9.293688352907033 0.1
v -2.0636757836220037 -8.195277474756915 0.1
l 2136 2137 2138 2139 2140
v 6.553761808540774 -3.048845740188496 0.1
v 5.782699875598538 -2.9143048644333613 0.1
v 5.438498183642016 -4.719292999792659 0.1
v 5.985894615259664 -4.562727462550442 0.1
v 5.753913577155348 -3.329189883142969 0.1
l 2141 2142 2143 2144 2145
v 8.39862211721634 10.35201035558754 0.1
v 9.459378239691894 9.837397659645822 0.1
v 7.889009197348976 10.92273905473661 0.1
v 7.754586124017739 11.272686297611234 0.1
v 7.580171825409155 10.846566370119337 0.1
l 2146 2147 2148 2149 2150
v 6.607072386260246 -10.800829305261042 0.1
v 6.269170586211771 -11.419724715461587 0.1
v 6.405500154763068 -11.823881930848035 0.1
v 5.1544073909361146 -10.769307224323597 0.1
v 6.747526367606654 -10.684615428896532 0.1
l 2151 2152 2153 2154 2155
v -2.7371848507980068 -13.65969454003869 0.1
v -2.982194554937884 -13.526598597561678 0.1
v -3.687104085858348 -15.268904144051278 0.1
v -3.9358521817295777 -14.484082033044194 0.1
v -2.8573874810747917 -13.493301478731114 0.1
l 2156 2157 2158 2159 2160
v -12.703942706892374 3.705239322487989 0.1
v -11.902264442397684 3.4900355754912966 0.1
v -12.262201774357703 3.946428731980019 0.1
v -12.800842148809199 3.9214569793353418 0.1
v -13.013167456776609 4.609952750831369 0.1
l 2161 2162 2163 2164 2165
v -6.988434510006723 -3.2659349017256893 0.1
v -7.118641613018189 -4.802822452210535 0.1
v -7.360616776537906 -4.072182203077769 0.1
v -6.404327293869309 -3.212941866716026 0.1
v -7.146758241853814 -3.4164071502802003 0.1
l 2166 2167 2168 2169 2170
v -13.510353201585747 6.812636798235167 0.1
v -13.418931278603031 7.285405736281055 0.1
v -13.081886886834958 6.606566796676447 0.1
v -14.106947665160313 6.14115098200851 0.1
v -12.917391386980144 6.41564143055268 0.1
l 2171 2172 2173 2174 2175
v -0.4431016292639467 -11.814559397746422 0.1
v -0.21515189300083581 -11.711290450014776 0.1
v -0.5392248539324027 -12.398461956157565 0.1
v 0.26856292700910167 -13.052612751999444 0.1
v 0.8943865740338495 -11.757900029696538 0.1
l 2176 2177 2178 2179 2180
v 0.2181537977101331 -14.471817849229858 0.1
v -0.9820830688741062 -14.202919224927768 0.1
v 0.0413556300942064 -15.421503969456154 0.1
v -1.0711157418732804 -13.65063417145885 0.1
v -0.772081399230413 -14.962309955936458 0.1
l 2181 2182 2183 2184 2185
v -8.706636629216813 2.4213775422927704 0.1
v -9.119392060632475 1.8564419481424033 0.1
v -7.975359905488298 2.7373757281271636 0.1
v -8.640866422780718 1.1420669382316744 0.1
v -8.486631238485586 1.263663098723011 0.1
l 2186 2187 2188 2189 2190
v -11.033449004315738 -7.740573162008492 0.1
v -12.567367988781719 -6.871728275865711 0.1
v -12.326960209862529 -7.108077609427562 0.1
v -10.828121079028536 -8.455309956731348 0.1
v -11.496298699430817 -7.964006868166871 0.1
l 2191 2192 2193 2194 2195
v -10.941241387836486 9.405053412718898 0.1
v -11.512623018678578 10.977807993876533 0.1
v -10.720166571537245 11.051356787840492 0.1
v -10.605885830572397 9.643657047552498 0.1
v -10.857999464296023 9.68182575989238 0.1
l 2196 2197 2198 2199 2200
v -1.7071729107442803 -0.4721896746434733 0.1
v -0.41890026571415295 -1.176282636451984 0.1
v -0.7835792418255643 -0.23908916514601053 0.1
v -1.0709059922086293 -0.44626525630354785 0.1
v -2.090749629260478 -0.16379598888777314 0.1
l 2201 2202 2203 2204 2205
v -2.6393969675548297 -11.904754437298285 0.1
v -2.630641244305142 -11.989668295617616 0.1
v -3.8212834752311933 -11.750221077444118 0.1
v -3.764380861895596 -12.297367568525523 0.1
v -3.8970205903944093 -12.539461029135351 0.1
l 2206 2207 2208 2209 2210
v -1.5016619765395562 9.792659134990572 0.1
v -0.16116253792375868 10.637656393300274 0.1
v -0.19966817422875716 10.333300010809298 0.1
v 0.18552622688906828 10.775679380379621 0.1
v 0.3254679707537589 9.567232431559416 0.1
l 2211 2212 2213 2214 2215
v -14.554455591515378 13.550471272248037 0.1
v -14.162409430243317 14.102993062098165 0.1
v -13.907479277110602 13.431573822082665 0.1
v -13.98926082835112 14.107393368661429 0.1
v -14.347747965549697 13.919864098431537 0.1
l 2216 2217 2218 2219 2220
v -9.07212638136344 1.9855420669590251 0.1
v -8.502519273346588 1.3827526740013385 0.1
v -10.136887264129838 1.4165703638085914 0.1
v -8.6896189471056 1.2516099034019768 0.1
v -8.672461391408685 1.5094784725584356 0.1
l 2221 2222 2223 2224 2225
