# Cyvl Generated CAD Model
o Street_Mesh
v 8.029320427391212 -2.278057032264769 0.0
v -5.817990016366821 7.229912061244249 0.0
v -13.146617696038447 -9.835413389839232 0.0
v -14.012554849148728 2.225029231980443 0.0
v 6.597704502288252 8.668500641360879 0.0
v -8.465206445835065 -4.277592772617936 0.0
v -9.27413689676905 3.4688507774844766 0.0
v 13.417541059665382 -9.7451560664922 0.0
v -13.657533400401007 7.917741246521473 0.0
v 8.865786705922801 8.07198872603476 0.0
v 6.7533535741386 -2.733630295842886 0.0
v -8.796593734819908 1.6222491413354874 0.0
v -2.992546448484063 -0.35720302164554596 0.0
v -11.329009707842488 13.67032365128398 0.0
v -7.996716630936135 -5.069928768090904 0.0
v -11.826926739362534 8.776309330016375 0.0
v 9.885184121318161 4.731263720430434 0.0
v -7.291137990017887 -1.8558540241792798 0.0
v -0.34074077487457544 3.942209320142865 0.0
v -9.823526870517526 6.046669526025653 0.0
v 2.7700782789033838 -12.713135522790253 0.0
v -2.3939710400882177 5.301522620022297 0.0
v -7.327920706360601 1.7248577065765858 0.0
v -2.855836783768609 -14.289198189042509 0.0
v 13.215703426103573 -14.370882515795529 0.0
v 3.0896636330871843 8.066228170879185 0.0
v -0.8943305258289911 2.5536918938159943 0.0
v 0.5007877179887146 1.2889457000419497 0.0
v 7.392609512724448 -8.269472277723253 0.0
v -1.4564820503001101 -5.400407480075955 0.0
v -6.945813592115883 -12.004913112148643 0.0
v -6.003027877944987 9.982812405563891 0.0
v -9.789852796122432 -13.02208805643022 0.0
v 9.733417104696855 5.179952141828835 0.0
v 10.485186549311038 -12.984087392687798 0.0
v -8.824152143730316 8.717120718210936 0.0
v 10.326846278796438 4.7972167413681746 0.0
v -4.256858165259473 9.93080806452781 0.0
v 1.6146971399430186 -11.899564428254962 0.0
v -13.61745657568099 3.5210171472281218 0.0
v -7.478616943873931 6.1702768029645085 0.0
v 4.2140041089151055 -6.0013390919193625 0.0
v -14.694964340131264 -14.689981968142092 0.0
v -11.211315699038096 -13.83849241770804 0.0
v -6.116947269299999 3.6875553727149963 0.0
v -14.052197948039975 -14.057246829383075 0.0
v 14.336586957855616 -13.326035206206143 0.0
v -6.670196196471807 8.5753613114357 0.0
v 14.004746249469463 9.351137644611299 0.0
v -8.116291091253515 -14.452953261323273 0.0
v -5.207281117502134 9.905438019894063 0.0
v 13.276338704221416 8.21542524639517 0.0
v -2.6402730286936276 7.972855033352971 0.0
v 11.500875645084307 13.469815946184099 0.0
v 8.056473334901966 0.322670541703701 0.0
v 0.40901468542870134 -6.464956757612526 0.0
v -5.256635583762545 -4.498336837626994 0.0
v 11.168081008712761 -13.373743707314134 0.0
v -7.1810361733078025 8.190252935513854 0.0
v 7.496138413553126 -12.391806773841381 0.0
v -13.264170787937474 8.97504912596196 0.0
v -14.42419336590683 6.559022938832641 0.0
v -7.0307752372464165 4.808310817927122 0.0
v -11.871129481995013 -0.583270606584847 0.0
v 13.976862722542137 0.12409694027155638 0.0
v -10.42190047877375 12.268160148523748 0.0
v -7.031520638032816 2.45917084813118 0.0
v 13.523847754462622 -6.938732089474797 0.0
v 7.235405458137393 2.577812196686864 0.0
v -11.963437255122699 1.0354057755321264 0.0
v -8.107682787755039 1.2449559979140759 0.0
v -4.156253030174412 1.8600526954978704 0.0
v -11.989676857891027 -1.4487866898998618 0.0
v -8.432125681545585 -8.969021687284112 0.0
v -4.62233045877656 0.7783038951456547 0.0
v -4.145619849907234 -10.206697001121938 0.0
v 13.222612996352836 -3.466662942431867 0.0
v 3.890747072000522 13.953487613238394 0.0
v -5.746765622810926 -2.778704062104225 0.0
v 11.335589001420885 -7.8390689259395 0.0
v 9.500576352758799 -8.894167378544807 0.0
v -4.989158934273291 13.188904418610036 0.0
v -3.001712617697194 -4.948977896943688 0.0
v -14.642659822828136 5.01894967071712 0.0
v -7.109702576359268 9.642749590799212 0.0
v -9.346731030324008 -9.24872590508312 0.0
v 2.306978794047609 -10.731456248089671 0.0
v -0.5274997567175888 8.92937978822738 0.0
v -10.299780494242441 6.420745651237667 0.0
v -13.75533054873813 -1.9567866129800677 0.0
v 11.036250123695936 14.008796986192465 0.0
v 7.582343710004352 -10.380062480457127 0.0
v -11.317018352914602 12.784106346778572 0.0
v -6.179682331101503 2.9324788730591536 0.0
v 1.3877523497794755 -6.148514707572758 0.0
v 3.21781940292567 13.91867399495095 0.0
v 11.809745333739556 12.837030665017664 0.0
v -3.1914505595341325 2.0229328526183963 0.0
v -14.918933128821664 5.337780514732003 0.0
v 3.168201202119235 -6.856128329411149 0.0
v -13.986679408466443 11.923625623807311 0.0
v 13.096169700380415 -3.4768982008099556 0.0
v -12.684295806626324 -2.656354791484773 0.0
v 4.974974834593013 4.839170020073652 0.0
v -14.47277890983969 -11.370486647821963 0.0
v 11.593843132490292 -8.835065001621842 0.0
v 0.5251086812349968 0.6284799221903086 0.0
v -0.009448322700336576 8.250311559997499 0.0
v 0.686629012634512 9.433502512052655 0.0
v -0.14127166604157537 7.971356853842735 0.0
v 8.148523536976427 2.8632987989112735 0.0
v 13.792188452382106 -5.161145355552435 0.0
v 7.645452133612707 0.09060635045170784 0.0
v -10.809122451988515 -2.011817700229585 0.0
v -7.059520608570892 8.050236215814948 0.0
v 7.701166810176801 1.8244406497105956 0.0
v 7.517348397464957 -10.984881481155753 0.0
v 7.565182213787921 -13.522466384805739 0.0
v -13.178885412053205 -14.616273893974721 0.0
v -5.928861228981987 -0.10083433613181114 0.0
v -9.938917555089574 5.0154078816995025 0.0
v 11.659044536936563 -14.798268077895045 0.0
v 8.745289460930508 2.3318865867331624 0.0
v -10.027455467206892 -13.277808141894639 0.0
v -13.98685101576848 -2.499327422119677 0.0
v -3.1226394684636034 13.929773667827249 0.0
v 1.3476268185768276 -13.007943088188767 0.0
v 13.959117905935273 -7.983431750908494 0.0
v 0.3438084106310271 -1.7688077939674258 0.0
v 8.903463952068705 -5.926495894789696 0.0
v 13.539922407246195 3.369660021737218 0.0
v -8.934895855374634 -1.6234048921614885 0.0
v -13.379609549767338 10.607933080755174 0.0
v 8.460368865344208 7.045877227559686 0.0
v 9.408911322709173 -7.428977070376277 0.0
v -8.117745784751605 -1.4871232761070132 0.0
v 8.238439820008352 -2.7336624013260007 0.0
v 14.311089193623047 0.32681228406727314 0.0
v -0.16552959755063057 -8.69226054660976 0.0
v 3.584477725205943 0.9180679246783257 0.0
v -10.548763100348879 -9.655589246191084 0.0
v -2.3850551430368796 4.321686522103846 0.0
v 14.933368175057694 10.477920123375952 0.0
v -13.775257163739298 3.916886880993843 0.0
v 8.627593091805466 12.76619266346097 0.0
v -11.954986443452071 4.58263037353754 0.0
v -5.16132280981401 14.027101526036859 0.0
v 4.327375809720252 2.2336734142154455 0.0
v 5.77525617700303 13.726473717018962 0.0
v 1.3295305575593375 -2.063864476978779 0.0
v 8.118373285979033 -11.29172436054796 0.0
v 4.63549919705838 7.626544816419482 0.0
v 10.48846353130648 -0.1114376075565815 0.0
v -5.825749590818305 0.9036443587392569 0.0
v -5.550880624912679 2.4237130703404546 0.0
v 6.477588668640237 -7.4550882978364825 0.0
v -1.4385896993335336 -6.698650632053614 0.0
v -3.630645726574585 4.267105907201767 0.0
v 7.0300236903713085 5.4186623729765415 0.0
v 11.745787321240641 4.938824308104813 0.0
v 9.05403525813017 -11.311491312459111 0.0
v 8.046261589799542 -1.7403005165979266 0.0
v 7.657449364254717 6.182753908447921 0.0
v 5.36864987394074 -5.385269581340253 0.0
v -9.302139445208013 -6.371732766740024 0.0
v 0.40235762629890814 -0.2442885022610426 0.0
v 11.89618408732349 5.163661331869662 0.0
v -6.008641808119137 -0.3818238917738199 0.0
v -0.34914786712033674 -10.330351763404906 0.0
v 6.614695688593201 3.9772687572985888 0.0
v 2.1162697300314903 -6.184795398265123 0.0
v -7.496587373490911 2.559558166190982 0.0
v 10.984342279843986 -5.605902587994933 0.0
v 4.7575265289633535 7.230231679044664 0.0
v -10.202319074538536 11.329582024365664 0.0
v 3.756554596591741 -2.2600067583844066 0.0
v -10.676109232008457 5.6008161110803485 0.0
v 7.141576154332142 0.12588042207062244 0.0
v -4.027668763650581 -11.724770216271281 0.0
v 13.974795739981346 1.7434811294078827 0.0
v 7.521992871945258 6.743283104151487 0.0
v -5.835740275855642 10.059901370666921 0.0
v -3.300517126102932 2.1114436080679297 0.0
v -12.915694478491787 2.2375004226341844 0.0
v 14.536219351750333 -12.400886288844049 0.0
v -11.870351185963955 -10.267965599894524 0.0
v 14.276193369471002 -1.0497320042923093 0.0
v 9.375822893052828 -14.939979472197592 0.0
v -11.973806774010882 -0.6908508967608213 0.0
v -1.232521562371403 6.899302827194333 0.0
v 2.0608647178742103 -14.771217787638307 0.0
v 12.501225400308613 -10.684487048536539 0.0
v 1.1116963734384626 -8.446809526532888 0.0
v -5.282048373366706 1.3395070116966963 0.0
v 13.853792347945273 10.692268640734255 0.0
v -14.523174114176072 -1.4672688720747828 0.0
v 13.437165982555598 7.047433776780963 0.0
v -8.590522038692143 -1.54358721524477 0.0
v 11.875448127626441 -3.654640182852745 0.0
v 10.633998018456623 1.5757582262158394 0.0
v -3.8720607363502495 -12.325455947779119 0.0
v 9.901651460852008 6.553559621796012 0.0
v 12.60644169850275 3.173611811362207 0.0
v -2.771300974767655 5.609501928091049 0.0
v -0.7238033335306682 3.7174978693947196 0.0
v 2.2758032182464376 13.44148200750351 0.0
v -10.566395370697137 -6.833691720850766 0.0
v 3.7030291178962216 -7.7620718302205205 0.0
v -9.573805806750897 -0.007126852869987488 0.0
v -13.621800578839611 -10.842312378808856 0.0
v -13.266224251303356 -4.944603703916073 0.0
v 11.260114407108631 -0.5111182825639844 0.0
v 11.366399326536339 3.7692737029865384 0.0
v 8.54400713997893 2.0560789043083787 0.0
v 5.728949395066593 -9.271200872026384 0.0
v -7.8454855844029225 12.193004274740815 0.0
v 6.5600233195582405 12.340873347595334 0.0
v 5.154654382611625 -1.6633542645722628 0.0
v -6.940330023237038 10.386738165281713 0.0
v 1.8193211564212106 -6.385652054101229 0.0
v -6.860276768216863 -11.549995408393443 0.0
v 0.6275070963311009 -1.9760186178609729 0.0
v 14.625679093995132 -6.646027353592217 0.0
v 3.218079781101551 4.352804817259312 0.0
v -7.223579033918213 -11.54735172726214 0.0
v -7.2398988789645955 -10.398451679386199 0.0
v 2.3098480991320685 11.041984573937953 0.0
v -0.08424099790863693 -8.53878599498421 0.0
v -5.911337263009045 7.3482595114037395 0.0
v -6.278014053590596 -10.790052194148302 0.0
v -12.17227702907985 13.885395475663245 0.0
v -14.862964373722207 0.40180989168584347 0.0
v -3.1509850385482423 1.749013563618064 0.0
v -9.03960231837118 4.851321127265692 0.0
v 10.416398209810723 -12.656038076616824 0.0
v -5.735056915378664 -3.4924128213897347 0.0
v 4.290001944929827 6.29401221871376 0.0
v -9.517656533746049 -12.718589454889297 0.0
v 7.823206014465541 11.647688590921462 0.0
v 12.80532961525023 7.752633265219629 0.0
v 14.438374051591381 6.505428674630821 0.0
v -3.0736906979582272 -10.416555142961442 0.0
v 3.6270129329059273 3.928956687450409 0.0
v -10.727927176631056 -14.568342695944011 0.0
v -13.625749463390093 -4.343429154716432 0.0
v -13.94916470273165 10.567579688504338 0.0
v -0.008849750272929668 -2.243894918821752 0.0
v 9.270047955447808 -3.144641981460154 0.0
v -0.7276169070973992 4.248976574279368 0.0
v 7.579143027483951 1.9221983337774873 0.0
v -11.728604680625722 4.033300875686109 0.0
v 7.829508460708894 13.0784234078601 0.0
v 0.8601623107097112 7.242477126419544 0.0
v -8.763427237223368 -6.33749963529408 0.0
v 14.77179265691666 -10.38640377484262 0.0
v -6.984430966898799 7.0875728242099285 0.0
v -2.9077709586708806 -14.722101936116815 0.0
v -3.757474308775272 11.581562165170908 0.0
v 10.413166784972418 -0.9960902277380228 0.0
v -14.85983375943033 8.206238020211458 0.0
v -4.033227539854124 -10.448630150407553 0.0
v -11.828857955697458 -14.787886191159487 0.0
v -9.820597378129605 -3.6653545536100864 0.0
v -14.096799342427403 -11.177052182145417 0.0
v -4.719768097857013 -12.90196699090302 0.0
v 0.22772332816384733 11.49024155549705 0.0
v 8.137187203392386 -8.282399222254753 0.0
v -8.46820369438501 5.139902173541486 0.0
v 7.166807211760897 2.9770384514704347 0.0
v 13.554397526721004 1.2073544235900044 0.0
v 13.943053168070037 13.776536504738033 0.0
v -4.337564062792808 2.4223319105803967 0.0
v -0.43366898939711973 13.919149165973067 0.0
v 0.4999463043641299 -10.924251237884164 0.0
v -12.552240491961129 4.36472338065505 0.0
v 1.6119335908442736 11.760171622037888 0.0
v 3.636019802186638 -4.339460275135934 0.0
v -5.395289690583013 0.34886785224080086 0.0
v -10.646676040720195 -10.327979408204556 0.0
v 0.444424900051672 4.420657970011234 0.0
v -12.893836573173758 13.045145167037845 0.0
v -6.143523044593167 7.607483956962824 0.0
v -3.8404207614366896 3.0499217277392745 0.0
v -0.21698167320573702 -11.618898809887469 0.0
v -12.148506353492849 -5.427591325715184 0.0
v -8.854911419621203 -8.774720377288759 0.0
v -12.55681745102629 5.62215512804687 0.0
v -1.9376829894608818 7.2830588752403855 0.0
v 11.457987418223638 -6.86142339464277 0.0
v 13.870375925325789 -4.968814226798713 0.0
v 1.238723983115051 -9.529963153414428 0.0
v 6.208942119847052 -10.699213907122612 0.0
v -4.979349136527162 -11.890005135908723 0.0
v -10.257072327658534 6.3025908367708325 0.0
v 5.735326626163442 4.090312238782644 0.0
v -11.314373637083918 -12.191550188697875 0.0
v -9.128110773046501 -10.852387979626656 0.0
v 2.180228075478226 -6.2807544860988855 0.0
v -6.267574372992385 4.042989261448383 0.0
v -6.985085944761522 10.305642873048782 0.0
v -14.158370067423675 -8.169938568025827 0.0
v -5.716837620944716 8.71921339072287 0.0
v 3.979056210431736 7.167874034494162 0.0
v -5.989655192359351 6.008211408741772 0.0
v -8.8110339162522 8.248620820231736 0.0
v 14.286126858904026 -4.383518178015947 0.0
v 10.31302786100423 -5.7143343556672335 0.0
v -14.601670072763227 -8.659092048183084 0.0
v 3.794011758931447 -1.6820869175717235 0.0
v -5.747775390918832 3.259864203631878 0.0
v 11.826755969552323 -9.84468269534409 0.0
v 4.09587854531128 -13.138403564691544 0.0
v -11.39558790042065 -1.233440992422402 0.0
v 14.194037049310282 5.438065971247852 0.0
v -4.941123388125561 3.9269899344071746 0.0
v -13.352075767936185 1.833334787748754 0.0
v -7.6438936035265215 4.34782443754375 0.0
v -9.669321859604679 -5.754403922706842 0.0
v -2.991058895655442 4.735941638238728 0.0
v -13.207545164448675 -12.631540644913912 0.0
v -2.3079691131715663 -0.5091672092676163 0.0
v -11.9157081747544 7.142381797544658 0.0
v 2.1954447718453594 -7.751623800955713 0.0
v -7.40668321022531 7.658309259451926 0.0
v 3.344017277879175 -10.714080134406686 0.0
v -14.641558902570978 -2.924002978950739 0.0
v -4.068158726673573 -8.850773190148175 0.0
v -12.448129427619278 0.8068026518449187 0.0
v -0.28556341060902923 12.819088333286345 0.0
v 9.417829919257201 2.0436551170423627 0.0
v -0.7388330497196876 10.308857250027359 0.0
v -6.139026546734385 -9.359862190671265 0.0
v 5.528123416414019 -13.79076175019145 0.0
v -5.350624140352011 3.6863694339990616 0.0
v 1.398408430221025 4.776909127831459 0.0
v -6.877957944874652 -1.515231916680932 0.0
v 1.2827992960810661 9.675163516774774 0.0
v 2.1551307513727807 13.624946957454085 0.0
v -0.7662969496450387 -12.9467558208853 0.0
v 1.1855632633669302 -0.13513788301497698 0.0
v -5.10755797236925 -14.568162990733981 0.0
v -5.495383323868737 4.776517396792769 0.0
v -14.759448425262235 -10.620874313637614 0.0
v -11.115382725431118 7.828764408826828 0.0
v -6.095481096417643 3.3899798383936286 0.0
v -1.98307369108079 -11.477185930125415 0.0
v -9.012159220059402 3.5672465581446886 0.0
v -11.100971781357657 -9.875394684262574 0.0
v 4.621875925222412 -5.540388351306319 0.0
v -10.337223827256821 -0.6017200350761414 0.0
v 5.366494652465917 2.6796034770086408 0.0
v 12.90776115882909 -13.235593060962856 0.0
v 1.588152597018052 12.196982273831964 0.0
v -0.9231464287731797 0.9209757512435317 0.0
v 5.603438699326944 -4.074646435678005 0.0
v -1.1276414062012918 -3.795519260689616 0.0
v -2.7078423371422105 10.352805528789759 0.0
v -8.739213092660066 3.2609835555776954 0.0
v 10.782072293804958 10.019134392030537 0.0
v 13.457386304682586 12.81892651412636 0.0
v 5.045318905613385 -9.315075275488198 0.0
v -6.15385492524365 3.9887302918359637 0.0
v -12.080911921395455 -7.227559199556708 0.0
v -14.13250949740177 -14.718639857135713 0.0
v 6.105188575107604 -11.421102993190289 0.0
v -7.835711586056277 3.7839935617521405 0.0
v -4.871723055024631 -4.54732999112457 0.0
v 10.136550901166629 7.587769472040236 0.0
v 3.292231803003233 6.710417130030692 0.0
v 0.8928248909651302 -4.501105831936002 0.0
v -12.035270628577564 13.390290605835617 0.0
v 14.192296095192432 -0.22309899982064962 0.0
v -12.843067458539736 -5.970534786581993 0.0
v -13.088263383426238 -0.8312868382781744 0.0
v -8.069338514702395 -4.904925810173154 0.0
v -12.479870932525955 -12.22969335038215 0.0
v -11.413006845919881 -6.745077380910516 0.0
v -7.689158871071413 1.4944758657366037 0.0
v 13.63368237420218 11.742670677602291 0.0
v -10.335976061644033 1.212348012253642 0.0
v 0.9765891955466941 -0.1270589344203472 0.0
v 5.753912361920811 3.120292249135673 0.0
v 14.505464330606628 -1.6288129137828946 0.0
v 4.7331083213794045 5.951173676177859 0.0
v -6.971681098744739 -1.9777326630428433 0.0
v -10.470147767278831 12.792836271226406 0.0
v -11.277261290990282 -11.434907410293818 0.0
v 11.122716971382033 -1.830356021411717 0.0
v 2.3141740459250286 -8.438671060837805 0.0
v 10.220426256826613 -13.927174661308527 0.0
v 5.436974929471035 5.191455164924264 0.0
v 12.893509087327402 -14.407377787865698 0.0
v -7.067267893871758 1.4759957417845726 0.0
v 5.69737642025575 -9.007819100283086 0.0
v -1.9731111341388896 1.9013697216287255 0.0
v -2.9217654707608745 9.71360376290977 0.0
v -5.418328122410458 -8.6426602313295 0.0
v 14.998204939765856 -0.46094533894211054 0.0
v 8.986534732801374 4.524969842284918 0.0
v -11.336259000527207 8.53336462751031 0.0
v 4.425675841921475 -14.295646553859115 0.0
v -1.4440928452531807 -8.59776670485735 0.0
v -6.272945981647354 6.351436308585107 0.0
v 4.370502909994684 -9.86544585134834 0.0
v -11.155284120934084 11.058223519474268 0.0
v -2.4881534846499562 11.742341390810907 0.0
v -0.5502981812460348 0.7929813200607896 0.0
v -7.655252602067776 4.0321686854586005 0.0
v 6.675407147151418 -7.442011699080467 0.0
v 1.3861027625971474 -11.993239403702319 0.0
v -8.513760981615633 5.742734293453395 0.0
v -1.4572752268286422 -0.9763164464384317 0.0
v 11.787281325086951 -4.752921015024185 0.0
v -6.1443393066874705 11.038322516717017 0.0
v 5.501249531051144 -3.863691942766309 0.0
v 2.4205377204925753 -10.292401682585478 0.0
v -3.7089877160615288 -13.690514435991645 0.0
v 0.7287203806336038 12.467691048048437 0.0
v -0.0639988460461609 -10.753565075807273 0.0
v -12.39041004475439 10.133587559685111 0.0
v 3.449909396993462 0.6075597275048494 0.0
v 12.689177413645666 -14.808667935431004 0.0
v 9.917641519918106 -8.987824727781117 0.0
v -13.684615171106998 13.498934016562998 0.0
v -13.106535094208084 4.701924718916416 0.0
v -10.176642592414282 14.630286480300128 0.0
v 10.779443658364471 -11.864605955779552 0.0
v -6.8189758217777126 -7.755217409692705 0.0
v 5.629032405850012 -1.704906719736755 0.0
v 0.2815365160931833 10.981508501805365 0.0
v 13.592179184255656 -3.2991061778739095 0.0
v -11.18186576635344 7.989785214886069 0.0
v -2.290483109012712 9.72198457736522 0.0
v -3.4043816094635986 -3.157184165902436 0.0
v -3.273357723839581 1.0683782063424587 0.0
v 6.455028238880914 -9.030784022063017 0.0
v 8.797476193867624 7.042811400257051 0.0
v -7.7664993037469685 7.848617953248322 0.0
v 12.38235937076388 -8.468168325722218 0.0
v -3.3122634071623906 -5.637548910453916 0.0
v 2.7611655723303556 -13.400158634409308 0.0
v 14.954570900183171 -10.715679463930428 0.0
v 2.4529638748499565 14.844711950980127 0.0
v 9.160699115600437 -5.085122616961598 0.0
v -13.370800173841417 -10.488787598907948 0.0
v -5.515164029842708 2.382504395209253 0.0
v -13.35369113564957 3.6516897324472666 0.0
v 12.980194654024672 0.42900487035512924 0.0
v -6.728644246351905 0.6028203163295984 0.0
v -12.478634290746413 0.08880383893847466 0.0
v 1.2793403054820374 -12.391129129566252 0.0
v -2.993462619720958 6.715853131376207 0.0
v 6.107944360584952 14.716085280291736 0.0
v 8.280412282212637 13.689962149597704 0.0
v 8.629957370227203 7.924083858728409 0.0
v 10.350687455094885 6.240356323309243 0.0
v 6.101948217197787 -6.378660372458398 0.0
v 9.642298146151006 0.3820892423391342 0.0
v -10.99507455015555 -1.1946546295657754 0.0
v -0.2587153979111463 -8.303256202489138 0.0
v 1.3763446708908305 3.459052396006882 0.0
v -9.343124696286395 5.617302404716611 0.0
v 11.437236349680461 -9.437718574889004 0.0
v 6.504742516379338 1.6186516508460045 0.0
v -9.374936664651614 -14.18411422520876 0.0
v 10.888571681338362 -9.929144031368196 0.0
v -11.232619058166165 5.6005655182525516 0.0
v 0.6293559120967984 0.7132961573079228 0.0
v -2.997877962363418 0.7814408279955387 0.0
v 8.248165522876661 4.949175016023219 0.0
v -8.150784398661926 -12.189879396930337 0.0
v -9.137273174128495 0.055391459725797176 0.0
v -7.930662824539468 -11.864355818368495 0.0
v 3.068034445750527 -2.905428229831159 0.0
v 12.240571003349032 -9.577392179518938 0.0
v -3.9557236168766394 14.839353332296014 0.0
v -12.271732525434345 12.8384197531268 0.0
v -14.925479272846133 13.253647067584097 0.0
v -4.826267354772426 -5.012802375480533 0.0
v -5.9142182142823 -6.386944622732699 0.0
v -1.5129276196239516 -10.644822372123599 0.0
v -14.22148943762295 10.297329600900412 0.0
v 0.056119514629244804 4.748063455335796 0.0
v -3.939372626133263 -3.9188844142481685 0.0
v 6.435539437748957 1.6423136396333575 0.0
v -6.958071031142026 5.7370964009314775 0.0
v 1.0703422272927128 10.319242822006345 0.0
v -11.030934164999053 -10.353424635715783 0.0
v -8.785955792467576 -7.613575818017125 0.0
v -12.059503094176762 0.3582679647952318 0.0
v -6.051453240506817 -1.2739421594887972 0.0
v 1.0660926001146436 12.419420604594052 0.0
v -12.358959281758871 -9.476816271431744 0.0
v -12.109690185636282 1.3316890466958284 0.0
v 6.353782749909442 -0.13083111308515072 0.0
v -3.548784001264721 -12.352766416035593 0.0
v 3.1330903243506327 -8.172796245664358 0.0
v 14.013525940885302 6.815584511496127 0.0
v -2.5804840984055772 0.2530648969113827 0.0
v 14.87174120155396 -6.827786206267774 0.0
v -10.684401724021882 -0.28113686945289373 0.0
v 12.273309394018725 -7.619397070258856 0.0
v -12.891291717009153 -3.666324623860419 0.0
v 12.474445137020666 12.874488296918571 0.0
v -5.500306057569105 1.518946842290461 0.0
v -14.51202766544884 -6.262921436689794 0.0
v -10.145152771379799 -11.980047106742859 0.0
v 10.056348018406425 -6.66796113178134 0.0
v -4.155771390127484 4.9497959315776825 0.0
v 6.716020699415822 7.233656897209585 0.0
v 12.54845608730102 -14.99922408722341 0.0
v -14.761477964755613 2.114686910994351 0.0
v 6.0859428066178225 10.884246226400137 0.0
v 5.2481635650619864 8.402682241983712 0.0
v 9.143752272822894 -5.507304459810257 0.0
v -3.4396472945809364 9.859049268066883 0.0
v 2.521446958940942 -6.137667778879404 0.0
v -14.548074200865813 -9.31108430121094 0.0
v -1.6192651865421794 -12.324245444498956 0.0
v 10.278413189516868 -13.366366901434958 0.0
v 12.865655668778345 -14.77347259875387 0.0
v -7.6507725094561465 -14.365859650075436 0.0
v -13.074056251440197 11.831121447496116 0.0
v 12.601214105496183 8.289019440300763 0.0
v -4.569136997219175 8.127364595420659 0.0
v 2.552049949823413 -0.5816299524158239 0.0
v -3.1974547396530397 -13.394013185054064 0.0
v -4.407380249234848 0.34840365778654814 0.0
v -9.722173837013543 7.380877681076527 0.0
v 7.992387537204195 -7.891700193285942 0.0
v -5.104732341191266 7.525583575479686 0.0
v 11.438388502050657 -7.349475731141865 0.0
v -1.6473574811825529 -5.820161268115044 0.0
v 8.546820279909298 -1.377962851896882 0.0
v -9.729393838206306 14.68807333521545 0.0
v -0.5884177865809761 10.165286454372108 0.0
v -11.123484522220679 -9.885983550921082 0.0
v 2.434956503275316 8.100137043744326 0.0
v 13.789594901842065 9.707281953655183 0.0
v -12.834986848465633 4.954895805567503 0.0
v -8.013186318275984 9.553031815215945 0.0
v 6.177277396956924 -7.632294732145965 0.0
v 6.751591070787981 6.388058630749583 0.0
v -8.16724318463821 10.081512508913875 0.0
v -6.641990216390695 13.436532816849649 0.0
v -13.047785009839572 -9.398227472789586 0.0
v -0.060931584099307656 2.246180886402726 0.0
v 14.639853212051094 11.124811757355928 0.0
v 7.691217478539329 14.520980649627745 0.0
v 12.750584825698752 -10.56659145373851 0.0
v 4.095824840129353 13.743230178020895 0.0
v 7.789342569827568 -11.440714200027287 0.0
v -5.671309229684994 0.41041683219373226 0.0
v -12.458541902829893 11.702141818590462 0.0
v 0.29915348713984713 10.9859115248546 0.0
v 9.055920198559761 13.982621509581804 0.0
v -9.442364503571298 13.440183483995497 0.0
v 11.944108879601117 14.616140006110072 0.0
v 12.05151298706187 12.865496898069978 0.0
v -4.138421346317045 -4.715566313825548 0.0
v -11.58802855265094 -7.107097331434488 0.0
v -14.564829977578484 1.8817196749150753 0.0
v -2.3307722190511413 4.350468625314534 0.0
v 12.293573341332376 6.345413010567427 0.0
v -7.14449059497565 -4.254760482348502 0.0
v 5.466438409348484 -0.9080467214807868 0.0
v 13.867803332337644 -10.594373270869255 0.0
v 5.730162215651944 3.718178221024573 0.0
v 7.922051025554538 9.638495804741979 0.0
v -8.709128541173413 9.570085436105728 0.0
v -7.36911809357116 -8.387097457423806 0.0
v 6.4710263356682844 1.0315687227994204 0.0
v 12.067156895936932 -8.894604880362749 0.0
v 14.664710573561024 -4.121326059103012 0.0
v 9.727428521495312 10.225655386224389 0.0
v 0.357887759397272 8.137572110630572 0.0
v 0.7155024980311282 0.0927780931815505 0.0
v -11.485260495741386 -0.5052114501595497 0.0
v -8.42922538984567 -14.233833002857864 0.0
v 13.241784264857415 5.133659824728966 0.0
v -0.5582493343972601 14.459989458322525 0.0
v 7.934850509336684 7.926516890525818 0.0
v -9.568976343376562 6.364891943521798 0.0
v -6.46610053133918 -12.423075087368488 0.0
v -12.276062130695209 -11.02152967453003 0.0
v -11.935160407039803 3.6698334235697985 0.0
v -9.698192197130993 -3.9346677167341113 0.0
v 8.700880716904067 -3.259852939285338 0.0
v 13.12328957155114 -2.561911528930068 0.0
v 5.124549941334408 14.577736584469676 0.0
v 5.213890472310595 13.071872279047966 0.0
v -11.692719023791142 7.522438571788371 0.0
v 6.619270071503706 14.8787812422961 0.0
v -0.27476707799360156 -0.6536661218851805 0.0
v -10.366863410570659 -12.901178313419223 0.0
v -7.9534720132360235 -4.485925537534058 0.0
v 10.770420729066245 13.273352553136647 0.0
v 12.4775758011383 -6.6360002821311355 0.0
v -5.68126677168766 3.9162005949765444 0.0
v 3.3994576043915004 10.020120699889958 0.0
v 10.196240916789975 -6.863580875098705 0.0
v 10.69406697730301 14.374129033647478 0.0
v -3.3226007092162035 -7.519123315811157 0.0
v 6.235468665196095 -5.194148566573858 0.0
v 9.954030388907995 14.762056714855134 0.0
v 14.642425842292141 7.850159735418856 0.0
v 13.55110474867979 10.175781936384737 0.0
v -10.291279064840637 0.4095821427181363 0.0
v -14.97599325311603 6.382869302295148 0.0
v 0.03323222114704549 4.375469716265798 0.0
v 2.7316126645891927 -13.840429502539337 0.0
v -0.573246771004051 -5.9850902715697885 0.0
v -12.93738583358936 12.838423403911293 0.0
v 10.053616861347109 10.922766608186066 0.0
v -10.920955113309901 -0.7761504827067256 0.0
v 0.7861913191154599 -13.179936573840678 0.0
v -4.31319630186772 1.6981568839401007 0.0
v -13.128863922844175 -6.320741866715252 0.0
v 4.517683926678728 10.08247161284089 0.0
v -0.17401195113779977 5.825797131285071 0.0
v -2.3739846078678966 11.140784163959324 0.0
v 9.57646292616846 -0.5820093182846904 0.0
v -6.920077194634359 -10.61272192467004 0.0
v -13.289692955615465 10.498721414245665 0.0
v 3.059612985874992 3.501936956308782 0.0
v 1.7592115583829582 4.372075067833066 0.0
v -6.961663052323274 -14.172985677607358 0.0
v 12.480789019551594 9.715573365800083 0.0
v -12.982507729029749 -1.663751957938075 0.0
v 13.767086572246626 -14.87333988957107 0.0
v -9.128625788725913 8.911709177307785 0.0
v -10.27033958490938 3.4058571280911565 0.0
v 0.687104792741593 3.0222189407795668 0.0
v 7.971281939011533 0.7427403191104531 0.0
v 12.517574473633431 8.75304048601538 0.0
v 1.792385008360725 2.9545060051605105 0.0
v -10.181074735766742 1.6788083771243691 0.0
v 14.310596288123634 -12.224515547975898 0.0
v 0.1288784692878835 -10.16777590662241 0.0
v -7.8035506960586645 -12.057384198531508 0.0
v -10.512011720391456 11.613897508010268 0.0
v 5.840873305336572 7.911729400977492 0.0
v 13.533868334954605 -13.439307251013815 0.0
v -6.045105577795766 -13.410688480362296 0.0
v -14.628284426522441 5.8625931115821 0.0
v 12.825128259835765 2.3119558123871684 0.0
v 8.36346311768284 -1.4959038579836488 0.0
v 9.681433582154568 11.691019265912473 0.0
v -14.141199437435716 -13.99194984510541 0.0
v 14.914618880487978 -5.547078162431717 0.0
v 2.393997374398168 11.776389799080789 0.0
v -2.7807982828235254 -8.997689071111381 0.0
v 10.035060259338934 8.78286185208708 0.0
v -11.913863731606398 -11.922689243219793 0.0
v -1.8445753050036728 3.2955399909988046 0.0
v -8.986101182177663 -13.072862101718783 0.0
v -0.5575252423295751 10.605736987665296 0.0
v -11.16785687149968 9.488591188564897 0.0
v -9.862816640699748 -12.239806245081127 0.0
v 13.921937002858613 1.8937956653535366 0.0
v 7.851138329191599 -12.283960983157158 0.0
v 8.76071515365038 -10.853777814656496 0.0
v 14.374783253413625 -10.779854975640774 0.0
v -2.363602095632814 -10.31824632640928 0.0
v 12.589353742136154 -5.839308059774339 0.0
v -12.399619291594718 -3.035314458422363 0.0
v 5.223232896183617 13.6788600217551 0.0
v -11.882675765431486 -1.5852070190012455 0.0
v -3.1021320923464373 7.529896306805313 0.0
v 1.68753437907435 -12.938440595753491 0.0
v 13.530769760312978 -3.6679902290925384 0.0
v -2.068108666455373 12.89629583619535 0.0
v 7.713761419930961 -4.156374208629131 0.0
v -14.45030173799023 -3.6058457558974624 0.0
v -14.26644714322174 12.435080829076469 0.0
v -12.260723548650276 -12.858137608505785 0.0
v -6.651510251918808 0.49573665019124746 0.0
v -10.164842904661782 -4.743430742993951 0.0
v 1.1024074908928014 1.8370078764855862 0.0
v -11.629943536885548 14.999700942076743 0.0
v -0.8554809202323668 -9.243767824023962 0.0
v -1.8513612553942949 10.753034514375031 0.0
v 0.05805223830975592 11.284852997399867 0.0
v -11.61441756610293 6.362328168004751 0.0
v -1.7282984417979605 6.783689050003886 0.0
v -11.432550491474103 9.491822213865817 0.0
v 2.3875596349244006 1.67737300042063 0.0
v 2.63477589096874 -3.993379296734929 0.0
v 9.20408014493296 -7.924977835267782 0.0
v 1.986942762916442 3.5873180711641908 0.0
v -8.941398547845893 4.70361720956862 0.0
v -8.444475489493925 12.18173025175929 0.0
v 8.881507953221444 -12.907277247868478 0.0
v -2.2207584758871235 11.094420596025884 0.0
v 9.184895976446569 -9.974527555517852 0.0
v -14.379702070960775 -14.506423987448215 0.0
v -10.595550786762033 10.279897483065724 0.0
v -9.021588988020085 -12.999293642118573 0.0
v -11.513842589163687 11.51885639037937 0.0
v -5.633503627672326 6.12497484497726 0.0
v 3.2206979375332594 -1.1356717674061656 0.0
v 9.43588544888189 -2.274445492774248 0.0
v -5.959753913397435 -8.684706554748118 0.0
v -1.3026811535819434 14.279819392599165 0.0
v -13.492198560910765 -9.463916579261422 0.0
v 10.483818768989295 -1.222814586944878 0.0
v 14.927985181857366 12.994725655764341 0.0
v -13.041649094084278 3.813762290403247 0.0
v 12.411868650175165 13.132273571565747 0.0
v 5.913226097123697 3.749155624769628 0.0
v -3.715109376120381 0.0567712876945734 0.0
v 0.014461359707638621 -13.405031281523407 0.0
v -0.594392325845547 3.016414980404079 0.0
v -4.582048731506802 9.022796411067247 0.0
v -2.0600887507898733 -7.541145135648549 0.0
v -0.5015252305893227 2.758068392984569 0.0
v 3.8573176286299713 -1.995266362093389 0.0
v -8.264198524295352 13.642106727696955 0.0
v -3.3094765522982925 5.377271789126098 0.0
v -6.016580174502451 10.789083789102733 0.0
v 7.930322138534393 -6.572714273817837 0.0
v 7.093067245092243 -1.9528021942824125 0.0
v -14.565418950573076 14.72556500416249 0.0
v -6.942657824140042 0.7204441241919994 0.0
v -3.915977345430292 -10.122138977050781 0.0
v -5.445267450239044 3.5334970206022263 0.0
v -7.376622934243642 3.9893466578796506 0.0
v 7.583228450792376 3.1465655695647 0.0
v -1.807212007464841 4.213708128780127 0.0
v 12.529896793188527 3.0621037567034364 0.0
v -1.917036718397867 -0.5423263208940625 0.0
v -10.890842737455387 9.598657736554742 0.0
v 1.7040746334241703 7.863655396737158 0.0
v -0.22880777687532827 -13.650621575303376 0.0
v 7.928685310471337 11.091561264358461 0.0
v -4.752176143520046 1.8708933927118778 0.0
v -13.916846913460176 11.497968337498605 0.0
v 2.6399578442797065 -10.268723854795098 0.0
v -5.326939955994021 -7.276596155948937 0.0
v 5.791771339834668 6.927169059403241 0.0
v 7.61147943494143 11.756063479930162 0.0
v 8.78931203467073 -3.5293565271422267 0.0
v 8.637548504921142 8.57587646972388 0.0
v -1.216817481617909 -14.32543802447617 0.0
v -13.904316086729523 -3.216324970126152 0.0
v 7.738503016298637 -6.047828394919634 0.0
v 8.943434203683864 -12.595729186199605 0.0
v 0.8449159954907373 10.048679510131478 0.0
v 1.6031243209727108 -14.853819127194583 0.0
v 7.886354053160176 -8.34472315851599 0.0
v -0.11835873813834041 3.6032108245417476 0.0
v -9.954852990049403 -0.7911571357399225 0.0
v 14.189983462623786 11.289948750287294 0.0
v -10.051862438442186 0.9132189908996224 0.0
v 6.677674961159937 10.365891822613776 0.0
v -9.235781534400303 -1.8909462857991457 0.0
v -9.956748728058301 -5.589454715140164 0.0
v -7.9819995036232285 -12.542469495907426 0.0
v 8.20780051103793 -12.067766988649964 0.0
v -14.298119323968422 -13.695030318573117 0.0
v -5.909659259254113 10.861278128810227 0.0
v -5.174552223237697 -14.620200681500137 0.0
v -4.166562412341591 -9.796875650063157 0.0
v 13.950785186665598 13.935946333222091 0.0
v 10.92821692727739 13.804647111333907 0.0
v 8.661014214332681 -1.3691354906186461 0.0
v 13.678424198937137 -14.539536885917187 0.0
v -0.26735371275572106 3.594448217190802 0.0
v 1.6319706972572021 -2.0197289027273655 0.0
v 4.293890231929254 2.7092978190630674 0.0
v 4.485796385153662 7.855601676739752 0.0
v -10.153177284868434 -8.877481838688254 0.0
v 7.454910622211173 5.458464763127267 0.0
v -1.4577341742115095 -1.1656489605084062 0.0
v -10.243787173065357 -10.726128756068647 0.0
v 14.324400951678399 13.28908729646355 0.0
v -4.199335175566375 -0.8469108156859875 0.0
v -11.094405757205095 1.4459465583786368 0.0
v -5.447016854246613 -4.029628652147949 0.0
v -9.677798292250372 9.923697461374104 0.0
v 0.17301203031092882 12.652021242305636 0.0
v 0.6540499723050743 5.616302635520697 0.0
v -12.002167097642086 -11.548948192968965 0.0
v 2.7359670074656606 -5.070856646634638 0.0
v -13.876208921312355 -13.043739267624915 0.0
v -13.48977107211249 -3.5831696670502424 0.0
v -0.31330475921276957 -2.1861172784119844 0.0
v 9.882654777436983 -6.592281807214022 0.0
v -11.90204610809451 3.0685033267363906 0.0
v 0.5662823473685421 9.451855985447764 0.0
v -9.969119188084733 13.440258267335594 0.0
v 1.5290320310159586 8.213260217569768 0.0
v -2.248213409970049 -6.481125825084746 0.0
v 8.433238790777978 11.91872064769268 0.0
v -10.750337026838679 10.33854902535677 0.0
v 8.43912372190971 -13.897447786293924 0.0
v 14.813145112071652 -14.388546189293265 0.0
v 8.209739631216507 -10.067389673553407 0.0
v -8.295199401851278 -2.262312527745962 0.0
v -7.559802504780237 -1.9191050808876753 0.0
v 9.406150497146882 14.353774932213128 0.0
v -7.346867432119325 14.633509350940585 0.0
v -9.382357983384281 6.715108501724899 0.0
v -8.081860775826499 3.2112151235342026 0.0
v -1.7999270559521392 -6.430752891115844 0.0
v 6.541026616003364 5.282769910059869 0.0
v 6.399901656608563 -6.684846794232726 0.0
v 13.196181149571203 12.554508107714355 0.0
v -2.0298554379260167 1.7790611693635583 0.0
v -4.682145200960804 -12.253956672735512 0.0
v 4.710419421433471 -10.375715173780918 0.0
v 10.932316685444675 0.18109319545328617 0.0
v -9.242802819760982 -1.9335906878113747 0.0
v 2.4476769774919376 -2.489823153242469 0.0
v -12.60284720332129 -14.504967299290001 0.0
v 12.546918905049097 13.274646434001625 0.0
v 13.293249225942418 6.487085313536227 0.0
v -1.6597327020717785 -3.4450661269947886 0.0
v 11.41416523058433 -9.060727061703801 0.0
v -13.651409739686642 8.514352902770042 0.0
v -0.9916485849535093 13.727323134429753 0.0
v -6.6948285978869535 8.431931681931019 0.0
v -3.993196389928926 8.429237481206656 0.0
v -4.007287572720088 5.8602725295349956 0.0
v 9.016426258021966 -4.93368751835078 0.0
v 8.181140982895158 -0.34423218853771687 0.0
v -12.401015102746896 12.554187211208045 0.0
v -3.5890716753783636 -14.009866327047348 0.0
v -14.443762183131184 -11.79429899994284 0.0
v -2.10665639891522 8.568839760497212 0.0
v 14.986730563628953 0.43456519301980734 0.0
v -0.4583444284508005 10.768988461233675 0.0
v -10.13784442533506 -12.287089454010129 0.0
v -13.53906265355181 7.528761051595211 0.0
v 2.2141960095614195 -8.309879588894546 0.0
v 12.199791380902752 -9.698332865722477 0.0
v -13.07689358224161 1.5244594486430287 0.0
v -1.9900192759232596 7.545328428968787 0.0
v 4.405574589618482 12.359018107876182 0.0
v 4.4568341670092195 9.64413346722722 0.0
v -3.047832468699198 -2.4249795032665133 0.0
v 13.642887835914735 -8.601981107145548 0.0
v 13.54635834560031 -3.2709849923849106 0.0
v -11.721423272043467 14.085882261395454 0.0
v 12.639202157384716 12.398576372303069 0.0
v 4.0426641115918756 -11.532786814495921 0.0
v -14.012022642535158 -13.00760764349252 0.0
v -5.443912426184397 5.522444851696491 0.0
v 14.84116307203658 -7.248074543662369 0.0
v -6.639771883026697 10.218882224522531 0.0
v -4.284894060168881 -6.107795687392354 0.0
v -3.786296463222243 4.430764736607671 0.0
v 3.4888629529159516 -8.286829989403486 0.0
v -8.467560346180107 -8.838501989841461 0.0
v 4.689731676422525 12.133271288126707 0.0
v -14.833504371577874 -14.008238112553954 0.0
v 4.2049412511405535 3.3202690221369267 0.0
v -10.086021291150246 -6.116242337040603 0.0
v 1.9952113837352954 9.155405710451305 0.0
v 6.553540870198049 4.401723216287792 0.0
v 10.90484804630978 -14.479967362247407 0.0
v -4.891463360108901 6.958677276968956 0.0
v -1.6340720988227986 -0.8959716781973839 0.0
v -3.5012938322033733 -11.468222964555025 0.0
v 0.9723757854080759 -2.001972640864551 0.0
v -1.044434367096983 0.773826532997191 0.0
v -13.729727791564073 -5.080916871316731 0.0
v -1.6340382133494131 1.7144608302041888 0.0
v -3.8327267264248803 -9.372575697489083 0.0
v 13.060488464892842 -1.014980748295784 0.0
v 4.506378682912327 -2.6131989303976297 0.0
v -1.8834392814314924 4.246455715969205 0.0
v 0.20547285326756537 13.168750007636845 0.0
v 11.639144939486869 7.578715254552662 0.0
v -14.683459186693653 -9.11219962965697 0.0
v -13.42626827332424 14.111319022253156 0.0
v -11.154858216352295 3.2478152876719832 0.0
v 11.68593754118774 9.286925957538188 0.0
v 9.986064184340648 0.3108708895742893 0.0
v 5.999389806529507 -9.25525629427284 0.0
v 10.864378921047319 -11.812849392183125 0.0
v 7.027010893099941 1.9895296031609178 0.0
v 10.387064238952007 -8.00909454934299 0.0
v -8.474769424763508 8.564627837389708 0.0
v -3.6069850883213803 0.17378593049943447 0.0
v -10.63730811723508 -4.479982946999371 0.0
v -3.025313861493487 -8.197429673746228 0.0
v -6.03419851756189 0.12060924619436264 0.0
v -8.779689199582208 12.469720172695816 0.0
v -13.707896451465786 -7.238074869848788 0.0
v -5.886821723135654 4.5610602693632245 0.0
v 3.069003692944534 5.263316418975592 0.0
v 3.7484745985711925 10.12084133271128 0.0
v -6.365338205068838 -5.566287947818637 0.0
v -14.934330194082577 0.7715932736173272 0.0
v 3.242503227083944 -12.862565053626895 0.0
v 13.590316733927466 -14.366379448212683 0.0
v 14.404672380595002 -13.05025886464864 0.0
v -9.777281559305266 -3.9767902214080095 0.0
v -12.136424241878558 0.673129509203136 0.0
v -9.475959299190436 14.610597820952535 0.0
v 11.804199992562644 -12.627789828926325 0.0
v -13.992167347401846 -13.457492091692984 0.0
v 1.9755313031491823 -3.1929525416344404 0.0
v -6.073791162576526 3.914736233651638 0.0
v 6.196152952499688 -5.352057963609695 0.0
v -14.978296817862429 8.116523678414524 0.0
v -7.141685787064489 -4.168101884424686 0.0
v -1.1965991533361375 8.928722571581602 0.0
v -0.9216278467210941 -10.132981644943357 0.0
v -4.265247024130076 -0.4681618679314852 0.0
v 11.964933090202976 -7.356427400372922 0.0
v -5.584154120180756 -11.802632380276918 0.0
v 3.966479316819459 -9.041873069480062 0.0
v 3.278240143088624 13.595691408030689 0.0
v -6.816812931443565 -3.043026485480368 0.0
v -3.19156769948313 -7.490973106585443 0.0
v 2.5655580278253183 9.86170698236674 0.0
v 4.3916670914622955 1.4423977341502905 0.0
v -13.58090459567029 4.42810405511409 0.0
v -3.590005778009072 9.576064052991569 0.0
v 7.386775234248489 12.958229086361825 0.0
v -5.023534393752925 -2.961421264335513 0.0
v -1.2605641557020135 -2.212390390224755 0.0
v 13.964994294918142 -10.562060443684459 0.0
v -8.57487941387808 3.565101597458124 0.0
v -5.144936567638069 9.767409824766219 0.0
v 1.9589860695996322 -4.000959069468081 0.0
v 10.262454480165616 -12.286985854618251 0.0
v -12.632338419207372 11.05574422236532 0.0
v 13.187850860587787 -13.942251270636916 0.0
v 10.52340464311419 5.5520979361608624 0.0
v -2.259701951290481 -7.611855390481651 0.0
v -5.620432695897762 10.89480313938111 0.0
v 2.5353629050659947 1.0631464254111052 0.0
v 9.487502057221718 -14.962364661507308 0.0
v -8.352663318160921 10.855329536832869 0.0
v 6.33051114785485 5.645674832165241 0.0
v -1.2369437160086818 7.133713576942682 0.0
v 13.406073974969331 13.323711706325412 0.0
v 2.915008043521084 -7.592846198007464 0.0
v -10.45667656767182 11.417907383292913 0.0
v -8.496077508490998 -5.604741278104484 0.0
v 14.722321538021788 -1.0418755318969488 0.0
v 14.133482493693009 9.462451524101198 0.0
v 11.099966237321496 -5.13581254798919 0.0
v -12.128144083719235 0.021698354743421078 0.0
v -0.17755497188773006 -4.521435274742544 0.0
v -10.429814597649965 3.8068379582837224 0.0
v -13.241635167622007 -8.295210747979581 0.0
v -2.145577239571139 -12.972143433988094 0.0
v 12.748498598579317 4.212158344686031 0.0
v -0.6743978604208678 2.9626506129279733 0.0
v 9.857071947248187 -7.954804161563516 0.0
v 12.647591225046199 5.1169251427054405 0.0
v 10.00577987160068 -14.268750622868538 0.0
v -10.946272249566391 -12.486641248688102 0.0
v 7.992048463725951 10.947966172359884 0.0
v 5.587973378947936 -14.889420188963413 0.0
v 13.733865044720005 -4.592565055936575 0.0
v -2.3867329534259625 4.209333281032741 0.0
v -0.5536853532539681 11.450950539670885 0.0
v -0.01199295773403719 6.53178349416703 0.0
v -1.1208636877709068 6.428697039373219 0.0
v 4.7006761195953 11.260317493230104 0.0
v 7.607204590574838 11.890975892543793 0.0
v 0.9994605156825855 -14.482452408410609 0.0
v -0.4055902631371282 -4.436633420176804 0.0
v 12.38831608579494 -1.780291517265141 0.0
v -1.8317110947100446 -3.6665673526003957 0.0
v 1.4932532488601282 13.6363530671224 0.0
v -4.520103761344217 10.125863918103278 0.0
v -9.412602667929605 -13.9935371754691 0.0
v -3.1259030195651576 -1.3312479937449098 0.0
v -1.7415385039057583 6.380733977071941 0.0
v 11.77529112069169 -0.1488914955407381 0.0
v -13.605431148956995 4.564465246163309 0.0
v 10.95790372963529 2.985502541065216 0.0
v 0.2931114021339454 6.388409039005637 0.0
v -8.314506466209423 -4.525222968310118 0.0
v 13.986989621829707 12.029372323304415 0.0
v -9.713821085228119 9.772864453494549 0.0
v -11.547447695222218 -2.876518172211945 0.0
v 13.638357549556531 12.099560832604766 0.0
v -12.778045107552316 -2.8961720438674092 0.0
v 4.901161408110056 -8.473405654542148 0.0
v -14.012344192480668 6.595767461694777 0.0
v -13.177027512341738 8.589287775568664 0.0
v -8.207717330544256 1.9237647037953138 0.0
v 10.471357767411973 2.4147470640018582 0.0
v 10.677475636184681 -14.398343275301158 0.0
v -2.1466463989927433 -14.60630651563406 0.0
v 14.795655502821319 3.835218566469848 0.0
v -14.142155282315798 -7.301879330538213 0.0
v 14.358086533728056 -9.760141429491341 0.0
v -4.08482930221362 0.5399954486638308 0.0
v 7.957276494184043 7.770913782529533 0.0
v 10.209286830504425 10.970320671796799 0.0
v 13.423753712151665 -9.593016970902681 0.0
v -8.10683644853998 0.7517113843932748 0.0
v 6.191419398761354 -10.385399253107607 0.0
v -5.185880242439453 7.682650986127555 0.0
v -4.763766888820101 -9.360085051506758 0.0
v -12.556151673314162 5.316928423009813 0.0
v -12.987192895787302 1.707527557387948 0.0
v -12.236760863743257 -6.627589291892946 0.0
v 10.780680642754305 -0.6088619064539671 0.0
v -11.227543015731499 10.943589996546507 0.0
v 10.510700968967285 10.114341563545167 0.0
v -11.143680688983295 8.814745040610433 0.0
v -1.9614916518330574 2.968306839466095 0.0
v -12.624584388453513 8.816152356564999 0.0
v -14.88644107017899 3.423497333191335 0.0
v 9.98974278930109 5.142561453394592 0.0
v 3.813032550504431 10.931009955704212 0.0
v -14.874227725784294 -8.96917315851897 0.0
v 6.630260694946628 -8.833805845119059 0.0
v 0.3955999715253711 1.8205512259155512 0.0
v -1.841226709773764 0.555081439204514 0.0
v 9.345286022347864 -9.558363107033074 0.0
v 7.36518269078806 -14.350575227290392 0.0
v -13.554342776245903 -3.31295068282634 0.0
v -8.834952278877608 13.05790492426604 0.0
v -8.786255944112781 14.33337564766407 0.0
v 1.945554532110691 3.8928191484883428 0.0
v 4.502010532305576 7.225427179597318 0.0
v 6.933327684295364 -8.780891155824065 0.0
v 2.848776657890994 4.871684731915593 0.0
v 14.535186615190469 -9.679558306001127 0.0
v 13.951031612465158 -1.4229449639096856 0.0
v -9.777102615509648 -5.266693968325853 0.0
v 9.856892801239155 2.683564248494804 0.0
v -11.03424951795023 -10.704231042414904 0.0
v -5.416846280451864 10.303851674310863 0.0
v 13.065203915524762 8.106970814056695 0.0
v -12.548659003223293 5.568332604132593 0.0
v -9.41758047870826 -7.5633233822882175 0.0
v 2.134966953773983 5.010059168562293 0.0
v -3.6386309051304124 -8.214679380878806 0.0
v 4.981652345566545 -3.1080347457900643 0.0
v 0.7957033526035957 -5.807915469631553 0.0
v 5.17070950998459 6.554036159999669 0.0
v 13.31993424135726 11.924508385360241 0.0
v 0.3076597643084824 -10.782634804956615 0.0
v 0.8098185725975782 -12.969090512022376 0.0
v 10.692244746722281 9.21952813025564 0.0
v -0.6225771837634966 -0.036541336216032505 0.0
v 1.0980812949710526 -11.351926307193935 0.0
v -13.125570123898797 -11.689928459003568 0.0
v 6.85879325598944 -7.6930382857099175 0.0
v -2.0014562070718966 -8.642887803725898 0.0
v 3.9246769548626617 4.477125053294003 0.0
v -9.62685086793499 0.18114097509533167 0.0
v 8.87741460208781 5.732686675153673 0.0
v 6.867398621689063 -11.457137182354927 0.0
v -13.172263492830098 -9.510373270139098 0.0
v 3.989426586544141 -10.174229200929403 0.0
v -6.407595954719 -10.102103784680367 0.0
v 11.152081364649348 -13.131342822685838 0.0
v -6.912909707752988 -12.41390271205455 0.0
v -11.673603337898385 0.4380638971924782 0.0
v -12.109389215591364 -2.372762495651841 0.0
v -9.360484829696361 -8.79897513333708 0.0
v -9.891393585829064 4.24451123084873 0.0
v 5.672250944015104 9.291011431254447 0.0
v 1.2177460648817942 -14.63679068442434 0.0
v -4.074886786926072 -13.061827030032873 0.0
v -8.437426692864392 2.7596405716612935 0.0
v -0.6210277884965762 5.999968499876559 0.0
v 11.033359573979396 -6.353893290273845 0.0
v 3.340724169043824 -10.24247192684561 0.0
v 4.4273000109242275 1.3954879632219672 0.0
v -4.273946568137035 3.0439878972247243 0.0
v -8.419425013416912 -3.2756905304268003 0.0
v 8.823064018855803 4.1308348551392555 0.0
v -14.92242775176419 3.821466467343271 0.0
v -5.6801398823736235 10.956860085949302 0.0
v -11.09558846760774 -6.488177548162639 0.0
v 4.2206144543597475 -1.7471363553777337 0.0
v -14.77417885052273 -7.508676341734827 0.0
v 13.722209853178356 -8.430965640582144 0.0
v -13.611650028789882 0.5950044728815556 0.0
v -6.8152955656987615 9.89530703611672 0.0
v -13.979053884744644 -11.812436932697892 0.0
v 4.353006124380045 -12.460983087308705 0.0
v -0.17558749136514962 -4.787945051677525 0.0
v 10.5501091866754 8.339544785209 0.0
v 6.999446362373419 4.554350424557924 0.0
v -0.22149634564993903 5.521877436898649 0.0
v -5.08636679162737 -4.790256515145302 0.0
v 10.992791173048317 7.446875421330333 0.0
v -10.02144083956955 -2.586696792393923 0.0
v 6.4281914224266075 -4.5603830916807055 0.0
v -1.9715183802181855 9.052520981058478 0.0
v 8.543727691459935 -1.3823386579751968 0.0
v -12.670281701313797 12.134568649344146 0.0
v -5.460029545123689 -10.212116793729365 0.0
v -13.976730001799297 -3.33101019077003 0.0
v 11.981538643536624 -9.527473542839289 0.0
v -4.633446745458059 -9.697604969143867 0.0
v 6.555359166581184 -12.7005117200315 0.0
v -0.7418990297592245 -8.557081677019596 0.0
v -1.7048147092573345 -4.808808155357838 0.0
v 14.464119043434039 11.819179219193757 0.0
v -6.01512087410083 -6.53777367528528 0.0
v 10.018432461190969 -4.320539126172662 0.0
v 3.214228094788268 6.672768262214959 0.0
v 2.6630367268808186 13.732544549740851 0.0
v -5.551677072420716 11.469986382871866 0.0
v 13.400554463267326 -5.539100895635784 0.0
v -12.939381533185951 13.588278112001717 0.0
v -10.78909408353502 -4.395359077490866 0.0
v -8.156995760218706 12.122514286078513 0.0
v -5.122321069939062 -4.9610261572524905 0.0
v 8.258306266448926 -6.918889803811908 0.0
v -10.101524991041515 9.080392979085445 0.0
v -13.939885336556472 12.12756813596934 0.0
v 12.39222883770708 -14.374275267124176 0.0
v 11.241623199544847 13.528539202176034 0.0
v 1.4498480289475992 9.698552761226892 0.0
v -14.073636716522742 -13.574185795150697 0.0
v 4.522307346109301 -3.9680083878338337 0.0
v -9.499395115417428 -5.3933174116536975 0.0
v 12.960697188100312 6.798191213980317 0.0
v 14.022642901574727 -0.7111141486093402 0.0
v -12.797642521909438 12.409193143248558 0.0
v 3.7550495301838964 10.349260659888387 0.0
v -14.971620091993827 0.8776934817433357 0.0
v 12.063723478408065 -3.1953528840094805 0.0
v -9.472815329907462 4.809611754491925 0.0
v -10.773395578376949 10.868443231098354 0.0
v -13.357694985519629 -7.908170409500599 0.0
v 7.696103200723883 -8.195755187422037 0.0
v 1.6876202746061608 8.59256437793374 0.0
v -3.6880255601136014 -9.721948144957423 0.0
v 3.804539531993214 3.2656600615009665 0.0
v -6.334726766857784 -14.549886208027601 0.0
v -4.731213940191083 -10.310429175384343 0.0
v -13.2140161418356 10.478228295221925 0.0
v -0.04364724177867174 6.991602162830532 0.0
v -0.3659681879216805 8.188539981842041 0.0
v 1.3922262378619052 12.870209225453436 0.0
v 14.387483818689361 14.221653332933784 0.0
v 5.886748858494684 -0.785746525041759 0.0
v 8.327932284446433 8.18079049512744 0.0
v 9.171395531622693 -12.81188424024731 0.0
v 7.0354000451625325 13.888961183838546 0.0
v 1.0606760195223615 10.34621416311711 0.0
v 4.998433676781133 13.314597307704389 0.0
v -12.190594684390817 -12.968256022781134 0.0
v 9.724640711094253 -12.478107533417642 0.0
v -10.854887119610794 3.9468722632154822 0.0
v -5.085289260430727 14.92197791300714 0.0
v -11.584583698830102 -11.276704316027462 0.0
v 9.92114374495577 14.964884027838707 0.0
v 14.121050911373459 -4.226050965487957 0.0
v 5.648632826691028 5.652595229446888 0.0
v 12.866315108549315 -7.55052647087723 0.0
v -9.095098459394649 -1.7289200434461236 0.0
v -5.132170409255195 -9.77355641964823 0.0
v -3.3636514907702804 -12.362631041556597 0.0
v -11.552654796338174 -8.326167093589902 0.0
v 6.531934679776896 0.44270003866404295 0.0
v 6.516268630395643 -11.393152653239667 0.0
v -3.846218224731274 -4.215348917990923 0.0
v 6.7062364697339945 -2.9332278752699494 0.0
v 9.214903522341046 8.333017722703516 0.0
v -7.910681786539499 1.1632794691249728 0.0
v -14.921999594545923 1.2644651411101222 0.0
v 11.536107090651058 -6.66402733232826 0.0
v -4.425176077638753 -10.247214212082326 0.0
v 7.436794683279004 14.16488079354167 0.0
v -13.665595811908133 3.7737730564549565 0.0
v 9.819642183952965 3.5949823651462793 0.0
v 10.271338882157579 -11.76104801800102 0.0
v -5.767690858687274 13.650431021116674 0.0
v -0.1558375806780532 0.8492004787549376 0.0
v 1.1065212686080486 -9.571394879370928 0.0
v -10.004484405682888 -1.2823809664696455 0.0
v -14.430223604605999 4.234395247884095 0.0
v -14.148219263355713 -4.641769338399172 0.0
v -13.379854413331486 1.5660323090851307 0.0
v 12.694439896207768 -4.2186333714053035 0.0
v 6.325402290851343 -13.528168237768114 0.0
v -10.928113259142265 13.22723935637623 0.0
v 7.026004858198576 4.988029230386019 0.0
v 5.565319398767315 -7.173713181167841 0.0
v -4.734778792713769 -10.58678612858057 0.0
v -5.624737155798357 14.66044594720006 0.0
v -3.043722764181439 -12.742729064077139 0.0
v -7.021159143361729 4.552677942439914 0.0
v -2.1697917642304674 4.7784339329227805 0.0
v 11.964373902184889 -10.360793323256075 0.0
v 5.479066738567781 1.0300444578751922 0.0
v -1.9078499687020667 9.363660299219191 0.0
v 2.99339238461107 12.470755194313824 0.0
v 12.04792953946162 -4.475216560997069 0.0
v -8.165355337783694 2.9320006603375077 0.0
v -1.9888337408192456 2.3210673928260803 0.0
v -10.234894516179338 1.3158057741820812 0.0
v -10.700195325363893 -10.551168878562748 0.0
v 9.706402674433775 6.031381159089506 0.0
v 6.716459630406462 -7.830351731739938 0.0
v 0.5604434611741453 -11.971967690624297 0.0
v -4.608892149932217 -4.016122484579682 0.0
v 8.604633296956308 10.01229177042842 0.0
v -3.5760035871062428 3.255996379069984 0.0
v 10.876457285077777 -8.965217463672161 0.0
v -9.271640887367539 9.948145605623722 0.0
v -1.0401401625713333 -12.981946508400142 0.0
v 0.2499987265910022 10.61360019352287 0.0
v 11.925132914504502 -11.772251017391682 0.0
v 12.807974165072665 -13.176088993437588 0.0
v 0.5325377132394351 9.645248971879482 0.0
v -2.3269364183652215 -2.8117003897204995 0.0
v 0.46292696916498244 -13.05427676718682 0.0
v 14.550340661779046 7.65210609510541 0.0
v 2.9194402856519446 9.717206969857216 0.0
v 2.189799116284121 -8.892587445676327 0.0
v -11.124245565093588 -8.335711169056594 0.0
v -1.2887035672320053 -7.416747162118554 0.0
v -2.426021757768467 6.459436055272818 0.0
v 13.61740587616805 0.9989501293748617 0.0
v 4.4124659388908185 3.5433349199593067 0.0
v -2.177756918768864 2.806868883781135 0.0
v 13.9382457290194 2.669043849222362 0.0
v -0.35092149110278115 12.8148198928684 0.0
v -1.6909370672074147 -8.995066841132939 0.0
v 0.9788266187533736 -12.582639833912253 0.0
v 6.431116824329365 14.467275533825159 0.0
v -7.113331961503718 2.3208221150562167 0.0
v -5.702475577767473 4.95577572658658 0.0
v -14.06350025977008 -13.172908789478242 0.0
v 11.665447544655763 -9.097288077697158 0.0
v -13.160943993309047 9.233074747025967 0.0
v 9.950411983241793 -5.668663487769663 0.0
v 0.7785079692839645 6.387978260405362 0.0
v -1.5606825044960715 3.9356352845206857 0.0
v -0.14699617703445256 10.560655942186713 0.0
v -13.136829129594844 10.510622328147292 0.0
v -6.194460115744732 6.8172780107706785 0.0
v 7.937703802657779 3.5057809287682176 0.0
v 9.805696733179502 8.001849727705121 0.0
v 1.8611070305341855 -11.715146999806166 0.0
v 11.793928746483289 3.145635087043047 0.0
v -11.429006242891774 1.4025026829913259 0.0
v -12.229977609065827 1.4216794157400727 0.0
v 3.8714510590652935 3.2359376084059477 0.0
v 12.229705790872686 -8.116092796437442 0.0
v 6.958191771933343 10.609162366949022 0.0
v 6.5283869073027745 13.134544887579978 0.0
v -4.214018117461819 -11.042348550632596 0.0
v 4.550043583731167 0.03884512651711702 0.0
v -10.956254085816909 6.180272230878472 0.0
v 4.397246000065934 -8.620740544050932 0.0
v 4.276002031983808 -7.110704925842583 0.0
v 6.970601242326666 -9.262968640774488 0.0
v 10.033604072465096 9.42207053117454 0.0
v -9.114418448356446 -10.052307181060314 0.0
v -14.038072031980846 9.140024231746793 0.0
v 13.558448858675547 -12.608430371619761 0.0
v -4.558252132032067 -13.13951987028122 0.0
v 5.350602249673102 13.177016981877387 0.0
v -0.20702608372084796 -0.8739522593095899 0.0
v 14.484921796480194 11.408240865916014 0.0
v 11.587685603939462 10.236480947583914 0.0
v -0.9030703669413924 -7.07791596185416 0.0
v -1.3563300801324658 -8.471837962977588 0.0
v -11.179385712603107 -8.667285456322134 0.0
v -12.464951598492917 12.57014833856374 0.0
v -2.6251022057258524 -1.1540725165978074 0.0
v -12.519645065360237 12.809928121976554 0.0
v 0.4958984640543349 -3.8660857938230038 0.0
v 5.216774777160026 6.918024767190218 0.0
v 14.058730005170219 3.7513566985726357 0.0
v 6.138992010499351 -10.984501876868308 0.0
v 1.7587944968836382 -12.948485143482685 0.0
v 2.7732008105376735 7.613135494291782 0.0
v 14.074484764540102 -0.20488114561885595 0.0
v 5.946410392585676 -8.059523425996304 0.0
v -2.6706114088883623 4.71241999976337 0.0
v 12.69280429155333 10.368492198176682 0.0
v -4.91181263217004 0.06108443718403578 0.0
v -2.7254482856951654 7.475248297676444 0.0
v 11.32520379521884 13.468679781071842 0.0
v -2.7432021466083825 13.837972600013018 0.0
v 14.463174555858131 -7.191367508843541 0.0
v 14.529884494899306 -7.802961080335081 0.0
v -10.267853877798188 4.485840507782996 0.0
v -8.102575255499687 1.162975369952619 0.0
v -11.562405533972196 -8.367503458634019 0.0
v 2.4443423406919464 4.011428580619395 0.0
v -10.654189316905104 6.638029722496867 0.0
v 2.558863523066975 -13.77844216581434 0.0
v -1.52028866938781 10.66787750273943 0.0
v 10.647050787287299 8.78997230809182 0.0
v 13.067010278464295 -13.12132273055613 0.0
v 9.725516011298168 -0.2590696355327964 0.0
v -8.683230841881596 -7.301720964722335 0.0
v 2.8777974725235254 10.674175385385752 0.0
v -5.258052093035076 -11.681998193264008 0.0
v 6.527173046080861 -14.255963968113065 0.0
v -8.891290272236802 1.9204494059085846 0.0
v 10.862467768893111 -11.990009447559714 0.0
v 13.917403629224282 -6.59231246355921 0.0
v 5.545334411028307 -5.10687031596899 0.0
v 13.418240139028057 -1.1949038822203875 0.0
v -1.938878952350933 6.358100967481732 0.0
v -4.430171795771457 -9.633218409493566 0.0
v -6.122632879822049 -12.252949653193355 0.0
v 3.8692714673816226 -11.175939926877618 0.0
v -7.218083976127673 -11.433571359142661 0.0
v 0.9157384036807343 -2.271353453397751 0.0
v 12.651909227308352 -3.303163289092481 0.0
v -9.28879810118815 13.551491832360625 0.0
v -11.575223222898785 -12.581086370162666 0.0
v -12.695939535449725 12.54610493965447 0.0
v 1.2650049498770386 -6.587890416383743 0.0
v 9.163036360347178 0.8289699777960777 0.0
v -7.288931755058002 4.107241937890649 0.0
v 12.858716336952057 -7.352485470473766 0.0
v 12.97918939619558 -7.201583088375628 0.0
v 11.428743623779155 -5.260878370143473 0.0
v -12.19695298775332 -3.5209999661892653 0.0
v -6.2891745049273595 -3.3478379249572754 0.0
v -1.3340962984366342 11.480901907198131 0.0
v 5.541211249073967 0.5368752256035805 0.0
v -1.4801926497602835 -4.756408529356122 0.0
v -11.436951817304362 9.50950509402901 0.0
v 2.5522857015021145 -14.541586971841753 0.0
v 7.03335276915459 14.104719195514917 0.0
v -2.070102636003867 -2.901918528601527 0.0
v -5.968864823051263 7.149262913502753 0.0
v 5.049153630447108 6.880723987706006 0.0
v -9.347885572409723 14.486030613072217 0.0
v -1.424788168282248 4.886996066197753 0.0
v -4.94175102643203 4.768025358207524 0.0
v 10.835809340409469 5.938374497927725 0.0
v 9.43070417799754 -6.301927838474512 0.0
v 2.3500094679766335 -3.175986905582249 0.0
v -8.834623636153992 1.3985370695590973 0.0
v -4.453152826114092 2.7687825094908476 0.0
v 1.9159613025258295 3.540061199106276 0.0
v 14.098626151971985 -6.859581533819437 0.0
v -13.660770255431999 -2.0513671077787876 0.0
v -13.812962905678432 7.720678072422743 0.0
v -11.33013217174448 3.3621418569236994 0.0
v 8.935339298623148 -10.514332555234432 0.0
v 4.987706725951284 1.4412224004045129 0.0
v 7.634941648575477 -0.19642494153231382 0.0
v -5.632301193778403 -13.323130047880113 0.0
v -10.75842648622347 6.5225927624851465 0.0
v -6.370862033974845 -1.3342034742236137 0.0
v -8.317849785846192 2.5710591468960047 0.0
v -2.8848914480186068 11.820485780015588 0.0
v 7.657007425441407 -1.6175254369154572 0.0
v 4.644427767954767 12.809793989174068 0.0
v -13.942602211318444 -8.162857784889638 0.0
v -10.318284147011582 1.1482784925028682 0.0
v 12.503548053035047 -8.064898693934083 0.0
v 13.852946456172504 12.746827994473279 0.0
v -6.674812920333352 -8.199761927127838 0.0
v 2.551098269992508 8.634487391449511 0.0
v -9.538360572361853 3.929822873324156 0.0
v 14.353201336110942 -7.47935402020812 0.0
v 3.8430305349174887 -12.802964609116316 0.0
v -12.933617184578907 6.785335316322744 0.0
v -12.763294328353368 -14.449321922846138 0.0
v 0.02259703289018944 -5.880989515222609 0.0
v 14.38508086767979 -7.575017820112407 0.0
v 2.600406509824097 -2.664214356802404 0.0
v -0.6587034384720027 -12.00400349125266 0.0
v -8.586580955307 -3.2865277072414756 0.0
v 2.272377492277883 0.3099012831225991 0.0
v -10.908311705046799 -3.333239208906889 0.0
v 8.890779250534251 -13.059756672941148 0.0
v 8.381089198694099 9.26039757579565 0.0
v 10.718481152318418 -12.566158168017864 0.0
v 0.06088970327982679 -2.8481454849243164 0.0
v -11.373888158705086 13.917837523855269 0.0
v -10.544809662154876 -8.481975907459855 0.0
v 10.025055053178221 9.847748204134405 0.0
v -1.5817525172024034 -10.500550536438823 0.0
v -5.015577244514134 10.755020218901336 0.0
v -2.8329374509630725 9.891281053423882 0.0
v 12.918786219670437 11.593771122395992 0.0
v -12.812033041496761 8.184171400032938 0.0
v 2.53592052962631 -8.969262248836458 0.0
v 13.573237737000454 0.7577189244329929 0.0
v -1.6057498349109665 3.7978077735751867 0.0
v 10.256639853934757 -7.611566752195358 0.0
v 8.880705451243557 -9.452018070034683 0.0
v -14.933704637165647 4.548941859044135 0.0
v 10.325227604771499 -10.318979843519628 0.0
v -14.902002352755517 6.629484353587031 0.0
v -1.17689149081707 -4.680002995766699 0.0
v -13.623494032479357 -9.928642314858735 0.0
v 12.994994839013088 7.515184669755399 0.0
v -2.796561169088818 -12.320318111218512 0.0
v 1.9163923644809984 -12.000658859498799 0.0
v 2.1801882703439333 -13.780587680637836 0.0
v 13.450100657297298 6.162719205953181 0.0
v 14.968790044658817 6.543939059600234 0.0
v -4.928431221516803 -1.1858119685202837 0.0
v 5.727545925590675 -11.25873524043709 0.0
v 12.793376203859225 0.33842647913843393 0.0
v -7.430393519345671 -13.41914695315063 0.0
v -7.632610231521539 -14.8854356482625 0.0
v 12.77240647986764 8.330184775404632 0.0
v -5.927742521103937 -2.553272438235581 0.0
v 14.303148526814766 1.2602685205638409 0.0
v 6.902839572401717 13.250098486430943 0.0
v 12.636574429110624 -14.020132126286626 0.0
v -5.11569599196082 -14.94431951828301 0.0
v -5.258906144532375 1.3408563118427992 0.0
v -6.455158287775703 -12.625611453317106 0.0
v 0.9891771065304056 -4.434054781682789 0.0
v 14.54091575118946 -11.28953574039042 0.0
v -5.776530611503404 10.031930980272591 0.0
v 13.448131573852152 -4.565201552584767 0.0
v -14.003401240508538 2.5530350850895047 0.0
v 1.5677932836697437 -8.523957137018442 0.0
v -14.819706142472569 -14.246847536414862 0.0
v -1.5057363780215383 12.843498900532722 0.0
v -5.832835192675702 -5.801977884955704 0.0
v -3.2194933165446855 7.109257037751377 0.0
v 4.1495338078239 9.553380217403173 0.0
v -0.5571257823612541 7.689772617071867 0.0
v 5.184973263007123 -7.273419409058988 0.0
v -9.528894418734126 2.132760228589177 0.0
v 10.568748975987546 -0.7905652849003673 0.0
v -6.524159344902728 -2.1270183036103845 0.0
v 8.285829308559187 -4.607219347730279 0.0
v -4.164155071368441 2.700980951078236 0.0
v 0.02859380707377568 -11.790826958604157 0.0
v 2.7174096578964964 -3.6518334299325943 0.0
v -3.5359829314402305 9.004909601993859 0.0
v -10.938740299199708 12.417434206232429 0.0
v 2.3086389470263384 -10.560223144479096 0.0
v -2.5257361138937995 -3.1558253820985556 0.0
v 4.534391851339024 -4.331177847459912 0.0
v -4.964891273644753 13.409581322222948 0.0
v -14.75237212277716 10.267240463756025 0.0
v -14.392488351848442 11.046953622251749 0.0
v -7.384637625305913 5.251544266939163 0.0
v -13.726868640922476 -6.947736946865916 0.0
v -1.3671839055023156 9.914617595262825 0.0
v 4.815451084461529 14.889989836141467 0.0
v -11.407839106977917 -13.667935654520988 0.0
v 8.137830646533985 6.865491509437561 0.0
v -8.07965794741176 -9.195406502112746 0.0
v 14.240075781242922 11.316040846519172 0.0
v 7.661463436263148 -14.334295595996082 0.0
v 4.728486757725477 12.884773526340723 0.0
v -0.4134074456524104 -7.051313791424036 0.0
v -7.222894481848925 1.3172783218324184 0.0
v -3.8283428553841077 -4.001672400161624 0.0
v 3.410334740008693 6.716092463582754 0.0
v 6.797960162803065 12.69800790771842 0.0
v 0.5963378846645355 -7.4084427151829 0.0
v -0.761099090159405 3.8184774424880743 0.0
v 0.34954889613436535 -6.006595901213586 0.0
v 11.36631959490478 1.3917210213840008 0.0
v 2.1635536607936956 1.059925863519311 0.0
v -1.7901017956901342 -7.753358307294548 0.0
v -2.3577206256450154 -14.753726528957486 0.0
v -8.586516933108214 4.28814756218344 0.0
v -9.048792151384987 -6.603265761397779 0.0
v 8.724129568901844 -14.665669831447303 0.0
v -1.698417756240815 12.417072981595993 0.0
v -4.534195204556454 -8.462479018606246 0.0
v -1.9709751806221902 -12.47423945274204 0.0
v 3.4968668240471743 12.55190145317465 0.0
v 2.154532841988839 11.306855043396354 0.0
v -13.078269516525324 6.106735945679247 0.0
v -4.991236149857286 5.587234023958445 0.0
v -0.9658426259411499 -5.69944888073951 0.0
v 13.477745461801533 -14.41255753673613 0.0
v -5.585530936252326 1.4154275311157107 0.0
v -10.231387743900996 -5.234806450083852 0.0
v 11.440048863936681 9.706621579825878 0.0
v 14.511730332451407 7.448968588374555 0.0
v -2.3601612015627325 -10.719167484901845 0.0
v 5.992289247515146 -6.988480511121452 0.0
v 4.335086564882658 14.831339177675545 0.0
v 2.4204558572964743 2.5022214641794562 0.0
v -8.999926111893728 8.160536296665668 0.0
v 7.281869401514996 14.595444086007774 0.0
v -10.813973140961025 -9.186573250219226 0.0
v 5.771446722734254 7.008026827126741 0.0
v -1.4720661322353408 5.059156670235097 0.0
v -4.307153506495524 1.966381248086691 0.0
v 14.592211563547608 -5.403332656249404 0.0
v 7.451406615844462 8.075709130614996 0.0
v 3.6207077836152166 -10.823311201296747 0.0
v 11.090395267587155 11.570229577831924 0.0
v -1.6317158474121243 2.7336616246029735 0.0
v 1.5785040069022216 0.34495292138308287 0.0
v -5.340246751962695 -5.909747994504869 0.0
v 2.4235827993252315 9.869471514597535 0.0
v 12.890030146634672 13.894171297550201 0.0
v 7.859554773021955 -0.5006345054134727 0.0
v -0.5833045846666209 -11.699021155014634 0.0
v -6.978861487063114 -6.98600407037884 0.0
v 1.39435641648015 -4.60724320076406 0.0
v 3.669663893582765 0.587995620444417 0.0
v -12.318784592906013 10.009570095688105 0.0
v -2.5175090188276954 4.724359238520265 0.0
v -9.659055355936289 -5.589655225165188 0.0
v 1.754178084724117 13.589602882042527 0.0
v -3.9870446910499595 -14.610862334258854 0.0
v -14.240829905029386 13.327524458989501 0.0
v -0.690051730023697 4.64142166916281 0.0
v 12.266369235585444 0.743703288026154 0.0
v 7.1277782441466115 8.548596867360175 0.0
v 2.5322664785780944 5.920825963839889 0.0
v -11.338203848048579 2.1384771820157766 0.0
v 3.4113384503289126 -6.587099013850093 0.0
v -11.845431313209701 -13.57900120690465 0.0
v 6.084476532472763 -3.5932106198742986 0.0
v -1.1270718777668662 11.018580773845315 0.0
v 11.540714559843764 11.093639162369072 0.0
v 7.114311736426316 -14.239515280351043 0.0
v 6.0356542057706974 4.670060544274747 0.0
v -1.4902792677166872 12.604511973448098 0.0
v 8.250252159137744 5.856122410856187 0.0
v -10.509227859904058 0.3067726260051131 0.0
v 7.928159681265242 7.061399668455124 0.0
v 12.028405898832716 -5.480451779440045 0.0
v -0.5334341869456694 -3.5121879940852523 0.0
v 12.683634022367187 -2.9008390652015805 0.0
v 0.37820871244184673 8.182354716584086 0.0
v 0.5843557605403475 13.4911640137434 0.0
v 2.2445637590135448 -2.338843798264861 0.0
v 8.040451081877109 -4.843648111447692 0.0
v 2.2027744232909754 14.22716841287911 0.0
v 2.5933305851649493 8.398261460475624 0.0
v 14.17594376305351 13.703724988736212 0.0
v -4.284422765485942 -7.972083958797157 0.0
v -11.199675745388959 -2.5506349690258503 0.0
v 13.365756097948179 -12.092899753712118 0.0
v -10.210468879318796 -12.419387122616172 0.0
v -1.9528881353326142 -3.5652179596945643 0.0
v 10.605967856245115 -8.402111824601889 0.0
v -1.443341702397447 -1.3695491161197424 0.0
v 6.794292243488599 5.63041012454778 0.0
v 3.8166882665245794 4.05376005731523 0.0
v -1.7773282925481908 5.142315397970378 0.0
v -0.9622472535120323 11.228757593780756 0.0
v -0.5052763685234822 2.0303496094420552 0.0
v -0.5149409772711806 -1.3373954743146896 0.0
v -13.919118363468442 3.975455839186907 0.0
v -0.7887861217022873 -9.592361056245863 0.0
v 13.290803247713484 -1.8486473001539707 0.0
v -12.746617128374055 4.18298769928515 0.0
v 12.075861815246753 13.719006100669503 0.0
v 9.904285053897183 -14.54578579030931 0.0
v 6.254254255036358 9.947661368176341 0.0
v 2.203339878760744 10.507427035830915 0.0
v 13.058000977209304 3.1940015088766813 0.0
v 14.856649888155516 6.473443389870226 0.0
v -13.684493985550944 -5.867078509181738 0.0
v -0.9785567229846492 14.855594747699797 0.0
v -1.659537068218924 6.159432096406817 0.0
v 3.4138434620108455 -11.395747041329741 0.0
v -11.330295298132114 12.653327123261988 0.0
v -0.248526735289488 3.679142814129591 0.0
v 0.822501735354308 1.5302758943289518 0.0
v 12.93276066496037 5.906344250775874 0.0
v 2.720278589054942 -5.863361946307123 0.0
v 2.0517671438865364 1.9268790343776345 0.0
v 8.339435541711282 -13.578585830517113 0.0
v -0.35129151289584115 4.379873592406511 0.0
v 8.646205195633229 -10.511541433632374 0.0
v 11.833979673625436 -2.429740467108786 0.0
v 14.426750365935732 10.37552242167294 0.0
v -14.659790777950548 -10.163968936540186 0.0
v -4.187275527918246 0.11959446500986814 0.0
v -14.508719160920009 -13.492941664531827 0.0
v 14.627327235008124 7.489560696296394 0.0
v -7.272826521366369 -7.704858382232487 0.0
v -8.839939617842901 2.9615356428548694 0.0
v -12.651989216159564 5.161451414227486 0.0
v 11.03300880023744 -14.036737939342856 0.0
v -10.720860818517394 -7.051479295827448 0.0
v 7.1427407945739105 -4.263055405579507 0.0
v -14.887271455838345 0.4453824870288372 0.0
v 6.60421310889069 3.0565878991037607 0.0
v -7.293114920845255 -0.0015923073515295982 0.0
v -12.898737503564917 8.23996448237449 0.0
v 2.043765586859081 -12.679027776233852 0.0
v -3.3758553770021535 10.390367991290987 0.0
v 5.542762717348523 1.7964249830693007 0.0
v 1.0477668326348066 -2.4974788865074515 0.0
v -8.824974514951464 -7.064148159697652 0.0
v 6.733678884105757 -7.635866246186197 0.0
v -3.318766973912716 -2.2541574891656637 0.0
v 13.702363509917632 9.002098294906318 0.0
v 1.435022201447282 3.062450706027448 0.0
v -1.8656053500599228 1.2548791160807014 0.0
v 13.359811923932284 -14.324582491070032 0.0
v -12.116796930204146 -0.2770547987893224 0.0
v 12.112430979963392 1.17058215290308 0.0
v 8.863043552730232 7.857427216134965 0.0
v -9.602201148110908 0.3667277144268155 0.0
v 1.5896068364963867 -12.253879522904754 0.0
v -6.988292973488569 -5.288565560244024 0.0
v -5.70468469359912 -5.630146681331098 0.0
v -13.03809478977928 -14.580029121600091 0.0
v -3.3364442863385193 -4.625778284855187 0.0
v -3.7269918648526073 -4.793163433670998 0.0
v 3.233302919776179 4.150743479840457 0.0
v -13.091478510643356 10.584491533227265 0.0
v -8.161978381569497 7.2557001961395144 0.0
v -7.443211750360206 14.332351077347994 0.0
v 8.66640612646006 7.494897235184908 0.0
v 8.476361205277499 -6.6164510836824775 0.0
v -7.239343116409145 2.1250671511515975 0.0
v -14.479065067949705 -12.330100630410016 0.0
v 5.89879315480357 14.990451860241592 0.0
v 10.13860874279635 13.635828955098987 0.0
v -3.2191449946258217 4.344596849754453 0.0
v 13.846178530831821 4.530401524156332 0.0
v -3.574286893592216 -10.58879379555583 0.0
v -11.960770187550224 -8.206209396012127 0.0
v -5.509490332216956 7.3508097333833575 0.0
v -14.387757414020598 -13.750099307857454 0.0
v 12.033788922417443 -5.764239790849388 0.0
v -10.257746673363727 1.6132148737087846 0.0
v 9.081214305129834 -9.567876763641834 0.0
v -8.593511772633065 14.935929987579584 0.0
v -0.1386609753826633 7.888566005043685 0.0
v 4.4892178839072585 6.463752890005708 0.0
v -8.870199722936377 -10.545073726214468 0.0
v 2.564685314835515 -10.549262807704508 0.0
v 7.5004106091219 4.610462076030672 0.0
v 8.863196292717475 -14.649893921799958 0.0
v 4.785266769467853 -4.113960478454828 0.0
v 14.449005123868119 11.487891118042171 0.0
v -4.2910129962838255 -3.7870607879012823 0.0
v 1.6260478772455826 10.071976215578616 0.0
v 12.076101305137854 12.146314192563295 0.0
v -14.564704619697295 -12.353474997915328 0.0
v -8.939859124599025 8.377940426580608 0.0
v 3.1290845001349226 9.493620982393622 0.0
v 7.819243786216248 6.659352947026491 0.0
v -2.6887379155377857 -11.323349901475012 0.0
v -1.1194507721811533 -9.47414406761527 0.0
v 1.0540111826267093 10.652188368141651 0.0
v -7.713273819012102 2.498403842560947 0.0
v -2.756463795551099 10.282778379507363 0.0
v -13.560288672044408 14.418158654123545 0.0
v 0.6415566801442765 -2.24261421430856 0.0
v -7.0640527118812315 12.241306782700121 0.0
v 5.124299142800737 14.757386413402855 0.0
v 3.1669221076881513 -6.400948251597583 0.0
v 12.51093895122176 -3.237910073250532 0.0
v -9.15428899397375 -6.861248385161161 0.0
v -13.23176062857965 3.9388544699177146 0.0
v 3.929928509518504 -8.238916180096567 0.0
v 10.984095607069321 4.218336892314255 0.0
v 6.590409691852983 2.910968138836324 0.0
v 12.682098642515484 9.169015927240252 0.0
v -12.054698152234778 -12.19506089668721 0.0
v 6.122203956125304 14.243488908745348 0.0
v -4.365750934171956 13.690084376372397 0.0
v -6.12993065721821 -6.464481746777892 0.0
v 10.100822153443005 -9.02591675054282 0.0
v -9.527667151181959 9.935298193246126 0.0
v 13.468610738753341 -5.805783578194678 0.0
v -11.21369319781661 -1.5598282450810075 0.0
v -3.8955058764549904 2.1158141177147627 0.0
v -5.30906706728274 -1.5602202219888568 0.0
v -6.375554628262762 6.227449198253453 0.0
v -7.510742496349849 -5.139858414418995 0.0
v 2.953110053553246 3.611946115270257 0.0
v 14.12730222317623 14.693754107691348 0.0
v -6.408251027867664 -4.617387966252863 0.0
v -3.2523430592846125 -2.0720761185511947 0.0
v 1.6624620302463882 0.4228478791192174 0.0
v -4.545615878945682 -2.4682877361774445 0.0
v -2.083893346483819 -13.31055017374456 0.0
v -11.13821623439435 -5.139973697252572 0.0
v -14.049953147594351 6.645334777422249 0.0
v -12.842349374957848 1.0776449963450432 0.0
v -12.945854656165466 -2.6481246473267674 0.0
v -4.177128296752926 5.235650768503547 0.0
v 10.02327450294979 12.351143414154649 0.0
v 4.895117801381275 9.094545692205429 0.0
v 0.07064743927912787 12.233086232095957 0.0
v -9.470139004173689 -11.702433525584638 0.0
v -12.552339216403197 4.070881029590964 0.0
v 12.307381963240914 -2.3225561790168285 0.0
v -6.961963474343065 -7.276899760589004 0.0
v -7.996012061543297 -3.7494423585012555 0.0
v -7.881607220042497 7.267014326527715 0.0
v -3.6829793178476393 13.822418492287397 0.0
v 10.69656997040147 -4.274340373463929 0.0
v 14.082930989330634 4.173264095559716 0.0
v -5.551478220906574 8.562682520598173 0.0
v 7.983276960090734 -6.606997894123197 0.0
v 14.519314188626595 3.35416900459677 0.0
v -2.333915669529233 -6.576311953365803 0.0
v 1.23073733196361 -6.904997489415109 0.0
v -8.770034053188283 1.7710067443549633 0.0
v -4.393579723953735 7.546771241351962 0.0
v -10.49827284773346 4.373933833092451 0.0
v 2.7142989224521443 -0.9703509705141187 0.0
v 10.145003201207146 13.498271035961807 0.0
v 14.177985963586252 -12.027459853328764 0.0
v -9.824365856940858 -7.530363865196705 0.0
v -7.9993054694496095 -3.514566885307431 0.0
v -12.637451986433007 8.719833675771952 0.0
v -5.303599873906933 3.8808321421965957 0.0
v 4.647371769126039 0.6638666810467839 0.0
v 13.40450616297312 -0.7432285351678729 0.0
v 3.4989035932230763 -14.665024201385677 0.0
v -13.299751687969547 10.763809110037982 0.0
v -11.574692186666653 -2.195422600954771 0.0
v 6.830158516939264 -11.181029869243503 0.0
v -13.287559825519565 3.9944217577576637 0.0
v 7.2154098490136676 -3.1098709627985954 0.0
v -9.867123362841085 -14.876898499205709 0.0
v 5.531328830285929 -10.433495013043284 0.0
v -7.5082785992417485 -10.173199446871877 0.0
v 10.479015230434015 -9.62832660228014 0.0
v -4.896446074650157 -12.000385618768632 0.0
v 4.0781401612912305 -3.9069385826587677 0.0
v -7.327315742324572 6.986062158830464 0.0
v -8.141348924778868 10.40947805903852 0.0
v -5.797277365811169 5.78265973739326 0.0
v 3.647830981237348 -7.827925246208906 0.0
v 3.709600886213593 12.25885099824518 0.0
v -9.59532508207485 -0.46287694852799177 0.0
v -1.5915291358251125 2.2125258492305875 0.0
v -10.945895778189879 -9.504092230461538 0.0
v -12.091372430149931 12.706089943647385 0.0
v 10.099939282925334 0.9168492369353771 0.0
v -0.40131205978104845 11.806055337190628 0.0
v 7.143316454486921 -13.021342504769564 0.0
v 12.41685589775443 -11.935532200150192 0.0
v 12.915317155828234 12.320369585417211 0.0
v -1.2339330121176317 -6.854135494679213 0.0
v 13.9802643864532 -0.7021931083872914 0.0
v -3.4487566923489794 -5.579032559879124 0.0
v -3.323552500398364 2.9016689248383045 0.0
v 5.883278270310257 4.74154029879719 0.0
v -6.502455432782881 12.839710349217057 0.0
v 1.646832643658854 -6.967249693349004 0.0
v 1.6162188647431321 -14.435177098028362 0.0
v 9.55224227567669 10.219780179671943 0.0
v -6.543356537178624 -4.977730649523437 0.0
v -4.899862075573765 1.4311375031247735 0.0
v -13.03460027318215 -6.14851067494601 0.0
v 1.9406530679552816 3.8000144185498357 0.0
v 1.96914360584924 -3.786136952228844 0.0
v 7.367333622591104 13.079684044234455 0.0
v 2.647760136111174 1.2125835502520204 0.0
v -1.546730479283724 -13.77699813246727 0.0
v 6.598772829922382 -6.592800186946988 0.0
v 12.962796971027274 -13.377864934504032 0.0
v -14.389153892640024 5.149549363180995 0.0
v -0.391717646678444 -8.180465324781835 0.0
v 2.1925130206509493 12.493643471039832 0.0
v 7.651444152346812 -1.595638770610094 0.0
v 14.416748660150915 -5.382481148466468 0.0
v 14.48981241544243 -14.770927308127284 0.0
v -10.999747961002868 -10.888161298818886 0.0
v -8.901814965065569 0.6775407269597054 0.0
v -3.4315792900742963 -7.4490472581237555 0.0
v -13.9690333607723 -2.646831212565303 0.0
v 4.90907599858474 14.80662945844233 0.0
v -9.87936595530482 -10.980849964544177 0.0
v 2.871583840053063 10.49264929909259 0.0
v -13.62381355126854 7.394037923775613 0.0
v -4.239148121559992 5.538100320845842 0.0
v -6.705472552974243 -3.635087545029819 0.0
v 10.23134899220895 4.51221305411309 0.0
v 1.409193575673271 -8.846402158029377 0.0
v 7.173086338676512 -7.497050130739808 0.0
v 3.847211842832621 8.291629565879703 0.0
v 4.442097977909725 -0.09257843531668186 0.0
v 5.669248136226088 -1.0943501284345984 0.0
v -7.630142828100361 13.537222515791655 0.0
v 12.465981763845775 -7.13630133587867 0.0
v 0.7290214521344751 -2.4412539629265666 0.0
v 12.465773028961848 -13.938187271356583 0.0
v -8.469971850630827 2.414356004446745 0.0
v 7.83638589194743 2.639269937761128 0.0
v -5.430335585318971 5.13241670280695 0.0
v -13.277976432640571 8.034287684597075 0.0
v 14.504217414709274 -1.4380467906594276 0.0
v 13.383502447570208 10.763974162749946 0.0
v -0.6722181441145949 5.10831484477967 0.0
v 0.6563039504690096 -9.123144919984043 0.0
v -11.2502820204827 -7.4271740186959505 0.0
v -9.52022898098221 -14.89250517077744 0.0
v -3.514197711716406 -1.8031896073371172 0.0
v 3.1756509773549624 -7.706756788305938 0.0
v -9.587072952417657 -8.73663571383804 0.0
v 10.928389011707623 6.1058683199808 0.0
v 13.629162992932834 -3.0841486547142267 0.0
v -11.233197851805016 12.492927433922887 0.0
v -10.806619553477503 -4.670879904180765 0.0
v 14.960384717618581 -13.047656838782132 0.0
v -8.891039607522544 -4.324161780998111 0.0
v 2.5007566967396997 -3.7930017868056893 0.0
v 13.479296503646765 -14.246577585116029 0.0
v 9.98246704484336 8.280474157072604 0.0
v -4.0274482578388415 -12.571898283436894 0.0
v -4.805952536233235 -12.629835044965148 0.0
v -2.3306487713125534 10.211305775679648 0.0
v -7.474786999984644 6.169866984710097 0.0
v 12.703701067774091 12.703394116833806 0.0
v -7.801335106079932 -11.82958234846592 0.0
v 11.224317182262894 -10.297418632544577 0.0
v -7.717060892202426 13.136752465739846 0.0
v 13.436354367644526 11.356090740300715 0.0
v -5.4946468800189905 -8.68191631231457 0.0
v 7.574670595931821 -13.888172598555684 0.0
v -5.090250880282838 9.20757809188217 0.0
v -9.571105227689259 3.9237258480861783 0.0
v -12.295816617028322 6.285820978693664 0.0
v -6.760237508569844 12.421415243297815 0.0
v -3.859123873524368 14.842680869624019 0.0
v -8.456660820462275 11.694722545333207 0.0
v 1.231484260642901 14.278074371628463 0.0
v -12.283098982763477 14.188016139902174 0.0
v 3.825241048645694 -4.094804109074175 0.0
v -13.874642961658537 -3.202178326435387 0.0
v 14.590748796705157 12.020688073709607 0.0
v -7.74132686475059 -0.4712338326498866 0.0
v -5.1049375153379515 5.626358087174594 0.0
v 3.457593943167012 -0.17343999911099672 0.0
v -2.238220162107609 1.358281074091792 0.0
v 0.9756697167176753 -6.612404398620129 0.0
v -13.202843923936598 -12.77454998716712 0.0
v -12.373385804472491 12.710239115171134 0.0
v -9.557245769887231 -8.033517697826028 0.0
v -9.351940268068574 -3.2013492956757545 0.0
v -11.853660339140333 8.908537418581545 0.0
v 1.0460355303948745 8.409034258686006 0.0
v 14.82763083797181 -1.6700632069259882 0.0
v -10.50629566871794 -5.656770879402757 0.0
v 6.6329269371926785 -9.145640153437853 0.0
v -1.240864734572824 -12.948875675909221 0.0
v -6.664363767078612 3.2712014531716704 0.0
v -0.20329496113117784 -12.472578823566437 0.0
v -13.938299439672846 -14.011489790864289 0.0
v -4.5489014040795155 8.760506694205105 0.0
v -3.163905952940695 8.92325382400304 0.0
v -10.296701270504855 -13.06149344239384 0.0
v 6.678316522738896 2.035021623596549 0.0
v -3.60647871310357 -12.690301558934152 0.0
v 14.361316807218827 -8.638314890675247 0.0
v -9.684454987582285 -2.4427483398467302 0.0
v -9.043372935440857 -0.9860954117029905 0.0
v -9.834420514118392 14.87957401573658 0.0
v -4.428044696687721 13.823307434096932 0.0
v 6.317215568909887 -12.019931358285248 0.0
v 1.6915747946477495 7.45819338131696 0.0
v -4.797029476205353 -9.235713387839496 0.0
v -2.453147094056476 -1.5738400584086776 0.0
v -10.208280707825907 -9.226381451822817 0.0
v 7.479090523731429 -11.29043335467577 0.0
v -9.782960214826744 -0.28044649213552475 0.0
v -1.6160127172479406 9.175566320307553 0.0
v -10.686354883539025 0.7564365835860372 0.0
v 10.542641353793442 6.631226737983525 0.0
v 4.142211664177012 2.8420999199151993 0.0
v -14.937828597554471 -5.4502423433586955 0.0
v 11.844341963878833 11.542582004331052 0.0
v -11.781656346516684 12.548695501871407 0.0
v 10.940055589482654 4.878427027724683 0.0
v 5.810461260087322 3.8692343616858125 0.0
v -3.9529788123327307 4.656431995332241 0.0
v 13.947312639444135 12.855309514328837 0.0
v 9.351376557024196 7.589016073383391 0.0
v -10.349755810922943 -13.297177948988974 0.0
v -6.259319610893726 -2.0180041072890162 0.0
v 10.684785113146063 -14.588186793960631 0.0
v 6.149130267149303 0.2967645525932312 0.0
v -12.542142272519413 -4.449799086898565 0.0
v -11.543268359731883 -1.7302521392703056 0.0
v 13.491584368282929 -11.433676047250628 0.0
v -5.8736904035904445 12.1024165796116 0.0
v -3.296812580549158 8.298509683459997 0.0
v -11.979653969232459 2.6259589046239853 0.0
v -12.438260295544751 3.279383289627731 0.0
v -11.761732099752408 5.285727689042687 0.0
v -1.4609134774655104 -2.6916440380737185 0.0
v 6.22728449490387 -6.8937786761671305 0.0
v 4.715675707499031 14.45462923310697 0.0
v 8.257499690633267 -7.641944834962487 0.0
v 6.4720181142911315 -12.610863510519266 0.0
v -5.787187395966612 -7.2932995446026325 0.0
v -0.482465056120418 -7.615365196950734 0.0
v -6.512841328338254 -6.571898045949638 0.0
v 9.37276973418193 -10.597758672200143 0.0
v -7.210247352195438 -5.214812220074236 0.0
v 14.423377382801846 -7.205125818960369 0.0
v 0.40003269794397056 3.604034373536706 0.0
v 12.862803551659454 -12.792248964309692 0.0
v -10.198162485205103 13.244223514571786 0.0
v 2.762250703701284 5.847374565899372 0.0
v -9.500614580814727 -10.155529061332345 0.0
v -6.230606962926686 10.647715359926224 0.0
v -0.17330567038152367 9.42499151546508 0.0
v 3.4588730724644847 -8.45030929055065 0.0
v -13.063689230242744 7.010171298868954 0.0
v -7.674179386347532 8.571032024919987 0.0
v 14.681609179184306 -1.524349176324904 0.0
v -9.734002386278007 8.777411877177656 0.0
v -9.26740016543772 2.7111299419775605 0.0
v -7.607827847125009 -3.6863177064806223 0.0
v 8.554641894355882 12.688976375386119 0.0
v -4.303306563175283 -2.7076662741601467 0.0
v 4.680389428685885 -8.199368932284415 0.0
v -14.4841667272849 -7.668928435072303 0.0
v -10.543651637795847 -14.01141949556768 0.0
v -7.541543093335349 5.650139410980046 0.0
v -1.3409160656738095 -3.058468078263104 0.0
v 0.9607832155306824 -11.758726004511118 0.0
v -8.590374555729795 11.527094301767647 0.0
v 9.570115458453074 11.630574081093073 0.0
v -9.483875279023778 14.904311005957425 0.0
v -0.5444721541134641 5.329157831147313 0.0
v 7.148175096081104 1.6454434245824814 0.0
v -8.728868708130904 13.230687611736357 0.0
v 8.05223971727537 6.379519193433225 0.0
v -4.150216069887392 -3.6759258760139346 0.0
v 8.507983683608472 11.43834619410336 0.0
v -5.610845271323342 9.225862092338502 0.0
v 8.765714993467554 14.217795608565211 0.0
v 11.250346767541487 -10.56619183998555 0.0
v -10.045785438618623 11.351714446209371 0.0
v -3.786734214925673 8.302186726592481 0.0
v -8.685562156548258 1.1620018612593412 0.0
v -11.0112101744744 1.8413003655150533 0.0
v 2.260404822358396 0.44075213465839624 0.0
v 3.636795004364103 -2.2554667526856065 0.0
v 1.7090421204338782 -1.0483208457008004 0.0
v 4.592100711015519 -11.491505300626159 0.0
v -2.0500554376048967 -0.5500937551259995 0.0
v -14.736150067823473 -5.603043902665377 0.0
v -11.610388107190374 8.82233772892505 0.0
v -7.947668928885832 -7.127767466939986 0.0
v -1.0063992625800893 7.617989798076451 0.0
v -4.20188110723393 -11.441825517453253 0.0
v -6.776243771542795 -4.814710474573076 0.0
v 8.776605022605509 11.93416268285364 0.0
v 8.86626696656458 8.073276124894619 0.0
v -6.738346500613261 -13.482840822078288 0.0
v 11.217194689030293 -7.358754520304501 0.0
v -2.1175603812444024 13.657704344950616 0.0
v 4.0389518163283356 -12.218032621778548 0.0
v 13.154763188154902 -9.54727237392217 0.0
v -6.153878540964797 -3.230957629159093 0.0
v -6.4200828751781955 12.422736259177327 0.0
v -3.3120524038095027 -12.77970313001424 0.0
v -7.619275158504024 -0.6629860401153564 0.0
v 6.618021837610286 -14.749771491624415 0.0
v 6.293609037995338 14.803465757519007 0.0
v -13.47383896948304 -5.158516904339194 0.0
v 9.87960541981738 8.09745817258954 0.0
v 4.650036293780431 11.448184275999665 0.0
v 8.86465691041667 -8.251683991402388 0.0
v 4.193984554207418 -10.852287448011339 0.0
v -12.447476474626455 14.856193386018276 0.0
v -6.7307076408178546 12.60598187893629 0.0
v 14.851555524859577 -1.5211125817149878 0.0
v -10.823855720926076 6.050152654759586 0.0
v 5.518919467111118 -6.3154969625175 0.0
v -5.616748737869784 -10.502358704805374 0.0
v 3.8975880285724998 -8.21739027928561 0.0
v -3.954613930080086 12.51124198641628 0.0
v -9.821287194325123 6.842779763042927 0.0
v 6.306271067995112 -0.9770719315856695 0.0
v -2.5433571235626005 -7.03514698613435 0.0
v 0.7240821014274843 -1.660437430255115 0.0
v -7.534186927310657 3.041885710321367 0.0
v 13.210216418316122 -3.465887911617756 0.0
v -14.28882691526087 8.676157167181373 0.0
v 6.078515972010791 -14.405321397818625 0.0
v -13.356372935755644 10.758883316069841 0.0
v -5.284932303766254 10.927860424853861 0.0
v 7.960964329307899 -12.549858171492815 0.0
v -1.719550449110102 -10.938025994226336 0.0
v -1.7385001401416957 11.80942041799426 0.0
v -14.680466501624323 1.393139355815947 0.0
v 4.145205500244629 -11.38467643596232 0.0
v 5.301754985877778 -11.155509419739246 0.0
v -11.886273131123744 -3.393239852041006 0.0
v 11.657441225717776 2.2013439293950796 0.0
v -2.993903669237625 -5.529399677179754 0.0
v -5.028442300565075 -2.4308851482346654 0.0
v -7.704844742082059 -4.648061870597303 0.0
v -12.814984559605364 1.2008758215233684 0.0
v -6.459657926287036 -13.376309318467975 0.0
v -2.1004345097462647 -11.185667277313769 0.0
f 442 1805 398
f 650 442 398
f 1969 680 723
f 856 1016 1871
f 856 1579 1643
f 696 1423 43
f 936 1414 511
f 1971 650 398
f 1403 831 398
f 1469 188 1637
f 1143 776 707
f 1155 558 1677
f 1016 1080 1871
f 1627 1579 856
f 1368 903 1849
f 944 1971 398
f 1561 1403 241
f 1070 601 1954
f 630 521 511
f 593 1155 1620
f 593 549 1155
f 1963 593 1620
f 593 1963 1230
f 143 1403 707
f 602 558 1155
f 667 1149 1263
f 1149 667 551
f 1015 619 965
f 619 513 965
f 1080 506 1871
f 1627 760 1579
f 696 649 1423
f 1423 649 856
f 649 1627 856
f 46 649 696
f 649 760 1627
f 649 46 1849
f 1577 518 1016
f 105 343 1643
f 343 856 1643
f 343 1016 856
f 343 1577 1016
f 257 1414 1466
f 257 1511 1414
f 24 257 1466
f 1408 1797 1414
f 1137 1408 1414
f 1408 50 1797
f 50 1408 522
f 974 777 1798
f 1047 1019 731
f 1019 1047 866
f 1666 82 1976
f 1176 1886 82
f 82 1886 1976
f 993 831 1403
f 223 500 650
f 650 500 442
f 500 849 442
f 1805 47 797
f 47 897 797
f 68 1670 598
f 188 1557 1637
f 1557 956 1637
f 1557 188 936
f 1557 1881 956
f 1881 1557 936
f 161 1175 1899
f 1175 161 1151
f 1376 956 390
f 1943 1085 1860
f 188 959 936
f 959 1414 936
f 333 959 1984
f 1478 521 630
f 1478 897 1808
f 1443 260 1983
f 260 1443 907
f 1443 478 907
f 1443 1444 478
f 1242 1075 1636
f 1177 1047 166
f 634 113 55
f 1319 634 55
f 214 634 1319
f 770 148 351
f 1853 1662 351
f 1662 269 1588
f 1194 1349 1715
f 485 1194 572
f 1464 1568 1680
f 1568 1464 679
f 340 1498 577
f 1488 593 1230
f 593 1488 549
f 149 667 1263
f 1538 776 1143
f 1538 271 776
f 558 1501 1677
f 549 1934 1155
f 1688 1496 597
f 605 602 1155
f 605 1621 602
f 602 91 558
f 134 1930 437
f 1515 1494 1145
f 1015 1966 1733
f 1966 1015 965
f 513 1966 965
f 855 1966 513
f 1558 619 1065
f 1558 513 619
f 1300 1127 1015
f 619 1127 893
f 1127 619 1015
f 651 1015 1733
f 651 1300 1015
f 1181 674 1871
f 674 1181 245
f 1181 867 245
f 1919 301 1358
f 506 1945 1871
f 1945 1181 1871
f 1181 1945 867
f 1945 1562 867
f 1562 1945 506
f 1446 1562 506
f 1446 890 618
f 1562 1446 618
f 760 1121 1579
f 649 1121 760
f 903 1121 1849
f 1121 649 1849
f 1919 308 301
f 301 308 1358
f 308 1080 1016
f 308 1919 1080
f 119 364 262
f 364 696 43
f 364 46 696
f 46 364 1849
f 364 119 1849
f 828 417 1511
f 257 828 1511
f 828 257 24
f 527 828 24
f 828 527 417
f 1511 341 1414
f 777 711 911
f 609 1128 1393
f 1128 609 907
f 586 1889 789
f 632 877 1939
f 1914 632 1430
f 632 1914 7
f 1914 1582 7
f 1629 637 1939
f 637 632 1939
f 632 637 1430
f 1825 1153 476
f 1153 1825 1563
f 1620 1153 1563
f 1153 1620 680
f 1666 1442 82
f 1176 1442 147
f 1442 1176 82
f 1697 1825 476
f 1697 1666 1976
f 782 483 280
f 1487 1913 529
f 1706 1426 669
f 1937 1706 669
f 574 1493 650
f 1493 223 650
f 1493 1766 223
f 1411 138 831
f 831 138 398
f 622 766 702
f 766 647 702
f 214 330 123
f 330 214 1319
f 1554 1030 1307
f 248 388 702
f 11 1722 722
f 1586 1520 1093
f 1586 1722 1520
f 1722 1 722
f 647 1 702
f 1520 355 1093
f 906 164 1973
f 992 24 1466
f 992 744 1759
f 744 992 1466
f 1701 1115 1617
f 1701 746 721
f 746 1701 1617
f 289 1070 1954
f 289 1170 1070
f 1628 1170 598
f 1170 1628 1070
f 80 1544 106
f 122 936 511
f 122 1881 936
f 898 638 1261
f 898 47 1805
f 897 643 1808
f 47 643 897
f 643 898 1261
f 898 643 47
f 1175 1394 1899
f 1394 1175 1935
f 1394 695 1899
f 1855 1029 849
f 442 1029 255
f 849 1029 442
f 1855 1081 842
f 1081 1360 842
f 68 1305 1670
f 1766 1305 223
f 1670 1305 1766
f 1544 1208 106
f 1208 1544 1668
f 161 747 1151
f 747 161 759
f 662 161 1899
f 1968 1943 811
f 1469 1962 188
f 1962 959 188
f 959 1962 1984
f 959 401 1717
f 333 401 959
f 1085 1895 1860
f 333 1895 1085
f 1895 60 1860
f 796 1469 1637
f 956 796 1637
f 1376 796 956
f 767 1478 630
f 1478 767 897
f 767 630 1767
f 767 1767 797
f 897 767 797
f 1652 1969 723
f 478 1512 723
f 1512 1652 723
f 1652 1512 424
f 99 609 1393
f 99 645 609
f 645 62 609
f 1013 512 1421
f 121 1064 1130
f 462 268 411
f 462 121 1130
f 121 462 20
f 583 462 411
f 462 583 20
f 1223 138 1411
f 1075 470 1636
f 470 773 1636
f 773 470 1526
f 1047 407 866
f 1177 407 1047
f 1782 1834 701
f 1834 1708 701
f 687 1464 1758
f 687 148 1486
f 148 687 1758
f 1789 69 250
f 69 1662 1853
f 1662 69 269
f 116 634 214
f 116 1789 250
f 1789 116 214
f 1928 116 250
f 116 1928 634
f 148 1870 1486
f 770 1870 148
f 1870 857 1248
f 857 1870 770
f 1194 1327 572
f 1327 1882 572
f 1327 1194 1715
f 1882 1163 572
f 919 1349 148
f 1593 1349 1194
f 485 1593 1194
f 148 1593 351
f 1349 1593 148
f 1593 1853 351
f 1593 485 1853
f 485 464 1853
f 1928 464 572
f 464 485 572
f 429 11 722
f 1498 468 577
f 468 1498 1680
f 1568 468 1680
f 1594 1273 904
f 1534 1708 1942
f 1708 1534 701
f 340 381 1942
f 381 577 166
f 381 340 577
f 958 735 1250
f 1377 1515 1145
f 149 590 667
f 1930 163 1526
f 163 773 1526
f 163 1930 1646
f 773 163 1546
f 143 606 1403
f 874 1124 240
f 1124 874 564
f 1124 564 1569
f 874 1087 1091
f 1874 160 167
f 1778 17 1174
f 1285 97 54
f 1496 97 597
f 97 1285 597
f 1501 1556 816
f 1556 1501 558
f 91 1556 558
f 1556 91 54
f 1501 764 1677
f 764 1501 271
f 764 1143 1677
f 764 1538 1143
f 1538 764 271
f 1709 1688 597
f 1621 1709 597
f 1709 145 1688
f 1709 1621 556
f 145 1709 556
f 1621 801 556
f 801 1621 605
f 801 1934 556
f 1934 801 1155
f 801 605 1155
f 733 1861 538
f 1861 253 1237
f 733 253 1861
f 1861 1516 1107
f 1516 1861 1237
f 1516 782 1038
f 782 1516 1237
f 857 1136 1248
f 1136 625 1486
f 1136 1870 1248
f 1870 1136 1486
f 892 224 1052
f 690 636 1486
f 636 1599 679
f 1930 1450 1646
f 134 1450 1930
f 1450 1528 1646
f 1450 134 1528
f 1952 1604 1167
f 1616 134 437
f 1087 368 1091
f 619 840 1065
f 840 1689 1065
f 1861 1278 538
f 1278 1861 1107
f 1127 600 893
f 997 1494 1528
f 134 997 1528
f 1616 997 134
f 1494 510 1528
f 510 1494 1515
f 1454 1149 551
f 513 755 1250
f 1558 755 513
f 217 855 513
f 217 513 1250
f 915 96 1108
f 96 1536 1108
f 915 1473 551
f 1196 915 1108
f 1196 1473 915
f 651 1196 1764
f 1196 651 1733
f 1473 1196 1733
f 1536 338 1108
f 1533 1142 971
f 581 1827 1563
f 1536 1827 971
f 1827 1533 971
f 211 1883 245
f 867 211 245
f 1883 211 285
f 211 373 285
f 1519 1368 815
f 262 1519 815
f 1683 1883 285
f 1683 1112 1883
f 739 1499 480
f 890 994 1358
f 994 1919 1358
f 1446 994 890
f 1919 994 1080
f 994 506 1080
f 994 1446 506
f 1754 1562 618
f 1562 1754 373
f 890 1006 618
f 363 1006 890
f 1006 1754 618
f 1754 1006 373
f 373 1006 285
f 1132 890 1358
f 1132 363 890
f 518 875 1016
f 875 308 1016
f 308 875 518
f 1609 262 815
f 1609 119 262
f 1368 1609 815
f 1609 1368 1849
f 119 1609 1849
f 1723 364 1797
f 364 1723 262
f 1682 527 24
f 992 1682 24
f 1682 992 1759
f 762 1137 1414
f 341 762 1414
f 778 1246 1868
f 1246 778 1939
f 778 1629 1939
f 1246 1061 1868
f 350 615 459
f 374 196 90
f 196 374 232
f 711 1578 911
f 996 1578 711
f 505 736 446
f 736 1342 446
f 1806 1031 1123
f 1031 1806 678
f 777 1404 1798
f 1404 777 911
f 1587 1128 1871
f 1587 196 232
f 1271 1944 321
f 1944 499 321
f 1019 1944 731
f 499 1944 1019
f 499 13 321
f 13 1271 321
f 1271 13 974
f 13 777 974
f 13 711 777
f 1599 633 679
f 1746 961 1207
f 961 1746 1225
f 1746 98 1225
f 347 358 926
f 1582 358 7
f 358 347 7
f 1822 632 7
f 1347 586 789
f 877 1347 789
f 637 1341 1430
f 1442 1859 147
f 1859 1442 1666
f 1859 1153 147
f 1153 1859 476
f 1859 1697 476
f 1697 1859 1666
f 1227 1424 1525
f 1424 1227 821
f 1825 1286 1563
f 1826 1113 692
f 1113 1826 216
f 1189 1176 147
f 1153 1189 147
f 1189 545 1176
f 633 716 547
f 1390 1238 729
f 1238 1336 729
f 1336 1238 249
f 633 461 1902
f 461 633 1599
f 461 280 1902
f 461 626 280
f 626 335 280
f 335 782 280
f 335 626 1038
f 782 335 1038
f 483 1089 1927
f 782 1089 483
f 979 782 1237
f 963 979 1140
f 979 253 1140
f 253 979 1237
f 1614 1487 529
f 1614 1696 438
f 937 1826 1924
f 1826 937 216
f 1886 1109 1976
f 804 366 926
f 804 358 1198
f 358 804 926
f 655 961 1225
f 961 655 1390
f 1513 1336 249
f 1573 1513 249
f 1513 1573 483
f 1336 1491 1548
f 22 1192 1548
f 1192 1336 1548
f 1491 1564 1548
f 1564 22 1548
f 266 1739 683
f 1739 266 1690
f 1227 1739 1690
f 1326 1739 1525
f 1739 1227 1525
f 1989 1326 1525
f 22 1308 204
f 1564 1308 22
f 1426 1284 669
f 253 1632 1140
f 714 1437 921
f 1937 525 1706
f 826 766 622
f 113 826 55
f 826 1319 55
f 826 458 1319
f 1032 330 990
f 1032 1174 123
f 330 1032 123
f 458 1738 1319
f 1738 330 1319
f 1802 431 574
f 1298 826 622
f 826 1298 458
f 259 1298 622
f 1298 259 1431
f 1030 1744 1307
f 1744 1030 187
f 383 1554 1802
f 1554 383 1030
f 1554 589 1802
f 589 969 1693
f 969 589 1554
f 1535 825 1433
f 906 1760 746
f 746 1760 721
f 1586 673 1722
f 673 1535 1433
f 673 1586 1535
f 248 1698 388
f 508 601 1070
f 508 788 601
f 825 515 444
f 515 825 1535
f 1722 1166 1520
f 11 1166 1722
f 429 1166 11
f 1 1356 722
f 917 1979 1770
f 933 917 887
f 917 933 1979
f 1530 1273 1379
f 928 1505 784
f 415 355 1520
f 604 1586 1093
f 1586 604 1535
f 1535 604 746
f 604 906 746
f 1273 1756 904
f 1728 1441 1122
f 688 928 784
f 1372 1846 1210
f 1846 1759 1210
f 1846 1682 1759
f 1435 1848 1204
f 1848 1435 1372
f 481 1988 1503
f 419 481 1503
f 519 1846 1372
f 1041 1505 370
f 1505 1041 95
f 1505 171 784
f 171 1505 95
f 835 389 497
f 941 835 497
f 171 1570 784
f 164 349 1973
f 1441 349 164
f 1429 1187 1973
f 1280 986 394
f 1429 1280 1187
f 986 1280 1918
f 1280 1429 1918
f 1760 1780 721
f 1780 1760 409
f 1780 1701 721
f 1701 1780 1115
f 1780 1894 1115
f 1394 1020 695
f 1845 880 1001
f 1943 1992 811
f 1992 1724 811
f 1670 665 598
f 665 1628 598
f 665 1670 1110
f 1628 665 1529
f 1544 423 1668
f 423 1020 1668
f 1020 423 81
f 788 135 601
f 1115 135 1617
f 135 1894 689
f 1894 135 1115
f 954 135 689
f 954 423 1544
f 81 954 689
f 423 954 81
f 883 80 1954
f 883 1544 80
f 883 954 1544
f 122 861 1881
f 185 898 1805
f 898 185 638
f 442 185 1805
f 1175 881 1935
f 929 1175 1151
f 1418 185 442
f 185 1418 638
f 1885 567 550
f 567 8 550
f 1360 439 842
f 463 1208 466
f 999 1855 842
f 1081 1158 1360
f 1726 1208 1668
f 1208 1726 466
f 1726 1394 466
f 1020 1726 1668
f 1726 1020 1394
f 747 1146 1151
f 1146 693 1376
f 693 1146 747
f 695 1348 1899
f 1348 662 1899
f 611 441 1294
f 749 744 1466
f 749 959 1717
f 1414 749 1466
f 959 749 1414
f 896 1956 1565
f 1366 1956 896
f 1956 846 1565
f 1956 1366 1085
f 1943 1956 1085
f 846 1956 1943
f 1968 1991 1943
f 1991 846 1943
f 1962 1302 1984
f 1366 312 1085
f 312 333 1085
f 312 401 333
f 312 1366 896
f 401 312 1717
f 312 611 1717
f 441 312 896
f 312 441 611
f 1987 60 1740
f 1987 747 759
f 1987 693 747
f 60 1101 1740
f 1895 1101 60
f 1346 260 907
f 260 1346 1983
f 1346 9 1983
f 1111 424 281
f 1126 613 1117
f 424 613 281
f 737 101 1444
f 1512 675 424
f 675 613 424
f 613 675 1117
f 675 1512 478
f 675 101 1117
f 1444 675 478
f 101 675 1444
f 246 737 1444
f 523 101 737
f 523 1126 1117
f 101 523 1117
f 987 645 1475
f 987 62 645
f 987 1910 1775
f 609 1395 907
f 62 1395 609
f 1395 1346 907
f 1346 1395 62
f 1889 1888 789
f 184 1888 1889
f 1888 877 789
f 1247 1888 184
f 1076 1013 1552
f 1128 1076 1393
f 1013 1076 1128
f 1013 1169 512
f 1169 1013 1128
f 1169 1990 512
f 1990 1169 1128
f 645 1762 1475
f 1762 977 1475
f 99 1762 645
f 146 1890 1004
f 684 1890 467
f 1293 1977 529
f 1791 1910 1387
f 1791 1387 1590
f 170 1242 1636
f 1088 170 1636
f 170 1088 860
f 269 170 1588
f 382 1662 1588
f 1662 382 351
f 1224 770 351
f 1224 857 770
f 382 1224 351
f 1224 382 568
f 384 892 1052
f 1157 384 391
f 295 170 860
f 295 1224 568
f 1994 1463 1603
f 138 1389 65
f 1223 1389 138
f 976 1514 812
f 1514 1463 812
f 1463 1514 1603
f 1007 212 812
f 212 976 812
f 969 212 388
f 212 969 976
f 470 1054 1526
f 1930 1054 437
f 1054 1930 1526
f 399 1075 1174
f 17 399 1174
f 399 17 34
f 399 470 1075
f 1054 399 34
f 399 1054 470
f 1550 716 27
f 716 1550 547
f 1550 407 1177
f 1498 1374 1680
f 1464 1571 679
f 687 1571 1464
f 1571 687 1486
f 636 1571 1486
f 1571 636 679
f 170 728 1242
f 728 170 269
f 69 728 269
f 728 69 1789
f 111 214 123
f 111 1789 214
f 111 1075 1242
f 728 111 1242
f 111 728 1789
f 1174 111 123
f 1075 111 1174
f 882 69 1853
f 464 882 1853
f 882 464 1928
f 882 1928 250
f 69 882 250
f 1253 1327 1715
f 1253 566 1327
f 566 1253 1782
f 1079 566 1782
f 1978 429 722
f 429 1978 1783
f 1349 1072 1715
f 919 1072 1349
f 140 148 1758
f 140 919 148
f 140 1072 919
f 1072 140 1715
f 309 1782 701
f 309 1079 1782
f 1941 309 701
f 717 176 871
f 1079 717 871
f 309 717 1079
f 176 717 1941
f 717 309 1941
f 468 107 577
f 577 107 166
f 107 1177 166
f 28 468 1568
f 107 28 1177
f 28 107 468
f 1273 1786 1379
f 1594 1786 1273
f 150 769 1942
f 769 1534 1942
f 1594 769 150
f 769 1594 904
f 1534 769 904
f 814 1941 701
f 1534 814 701
f 814 1534 904
f 648 614 998
f 1496 648 998
f 1688 648 1496
f 743 1377 1145
f 1952 743 1145
f 743 1952 1167
f 1665 590 149
f 1665 1147 1230
f 1448 1655 1620
f 1655 590 1620
f 667 1893 551
f 590 1893 667
f 498 1402 241
f 1402 314 241
f 314 1561 241
f 1561 314 1403
f 314 993 1403
f 1124 1398 240
f 1398 1124 197
f 1124 817 197
f 817 498 197
f 498 817 1402
f 1402 817 1569
f 817 1124 1569
f 52 1398 197
f 874 635 878
f 635 1663 878
f 1282 1386 1872
f 845 1386 1742
f 1663 628 878
f 1282 628 607
f 160 1661 213
f 1661 160 1874
f 1661 1778 1174
f 160 955 167
f 564 955 1569
f 955 564 167
f 1202 1054 34
f 1202 202 437
f 1054 1202 437
f 17 1014 34
f 1014 1202 34
f 1202 1014 932
f 1801 874 1091
f 874 1801 564
f 564 1801 167
f 614 1009 998
f 1009 359 998
f 1009 1046 359
f 765 1621 597
f 1621 765 602
f 765 91 602
f 91 1119 54
f 1119 1285 54
f 765 1119 91
f 1285 1119 597
f 1119 765 597
f 1642 1496 1872
f 1642 97 1496
f 1386 1642 1872
f 1642 1386 845
f 709 504 816
f 1556 709 816
f 271 940 776
f 1501 940 271
f 940 1501 816
f 217 966 1459
f 1934 454 556
f 454 145 556
f 454 1934 549
f 845 1814 504
f 504 1814 816
f 808 1814 1742
f 1814 845 1742
f 1814 940 816
f 1516 1905 1107
f 1905 1458 1107
f 892 1905 1038
f 1905 1516 1038
f 1136 243 625
f 1028 892 1038
f 1028 224 892
f 1028 1292 224
f 626 1292 1038
f 1292 1028 1038
f 455 1952 1145
f 455 1616 1604
f 997 455 1145
f 455 997 1616
f 1604 1878 1167
f 1878 1616 437
f 1616 1878 1604
f 202 1878 437
f 368 1878 202
f 1167 1809 653
f 1809 1087 653
f 1809 368 1087
f 1427 619 893
f 1427 840 619
f 600 1427 893
f 1427 600 1645
f 1427 1645 1781
f 1689 1427 1781
f 840 1427 1689
f 1278 26 538
f 1645 26 1781
f 1363 26 1645
f 1458 369 1107
f 369 1278 1107
f 1278 369 1458
f 1494 582 1145
f 582 997 1145
f 997 582 1494
f 1528 181 1646
f 510 181 1528
f 181 163 1646
f 771 1689 1781
f 642 174 1274
f 174 642 152
f 591 1454 855
f 591 217 1263
f 217 591 855
f 1149 591 1263
f 1454 591 1149
f 1966 839 1733
f 839 1966 855
f 839 1473 1733
f 1377 569 1515
f 569 755 1558
f 755 569 1250
f 1206 569 1377
f 569 958 1250
f 569 1206 958
f 1331 1488 1230
f 1147 1331 1230
f 1251 149 1263
f 1251 1665 149
f 1665 1251 1147
f 217 1251 1263
f 1251 217 1459
f 96 443 1536
f 443 1827 1536
f 1827 443 1563
f 443 1620 1563
f 443 1448 1620
f 206 1196 1108
f 1196 206 1764
f 338 206 1108
f 206 1142 1764
f 1510 1536 971
f 1510 338 1536
f 1510 206 338
f 1142 1510 971
f 206 1510 1142
f 329 1690 781
f 329 1227 1690
f 674 326 1871
f 326 1587 1871
f 1587 326 196
f 1671 114 459
f 1719 1540 114
f 1092 1540 1375
f 114 1540 1092
f 1964 1562 373
f 211 1964 373
f 1562 1964 867
f 1964 211 867
f 1397 518 1577
f 829 1084 105
f 1084 829 1619
f 829 105 1643
f 1619 829 1643
f 1084 264 105
f 264 343 105
f 445 1049 585
f 1049 264 1084
f 1675 943 1947
f 943 254 1947
f 15 943 1675
f 254 943 1123
f 943 1806 1123
f 1804 678 886
f 1112 1804 886
f 1683 1804 1112
f 318 757 858
f 165 318 858
f 165 254 1123
f 318 165 1123
f 703 1362 332
f 1362 571 332
f 1953 627 1137
f 1408 627 522
f 627 1408 1137
f 1999 1953 1137
f 640 1060 31
f 1006 377 285
f 1132 1625 363
f 1723 244 262
f 244 1723 1920
f 244 44 262
f 44 244 1920
f 1682 951 527
f 1846 951 1682
f 1857 136 1832
f 1179 1857 752
f 1179 114 1092
f 114 1179 459
f 1179 350 459
f 1179 752 350
f 1914 1788 1582
f 1354 1788 989
f 1061 1527 1868
f 996 617 75
f 435 617 996
f 528 996 75
f 996 528 1578
f 724 393 1456
f 553 888 120
f 154 888 553
f 888 154 677
f 736 272 1342
f 155 94 67
f 155 505 446
f 1342 155 446
f 726 155 1342
f 1073 726 1342
f 804 1981 366
f 1981 804 1198
f 1105 739 480
f 263 1092 1375
f 1112 263 1375
f 263 1112 886
f 336 1432 1880
f 491 1880 1673
f 1404 491 1673
f 895 1587 232
f 1587 895 1128
f 895 1990 1128
f 512 4 1421
f 863 1944 1271
f 1944 863 731
f 863 1047 731
f 787 1530 1379
f 1530 787 1922
f 1863 1271 974
f 1863 863 1271
f 863 1863 1545
f 787 924 1922
f 1863 924 1545
f 924 1863 1215
f 13 885 711
f 885 13 499
f 885 499 469
f 435 885 469
f 885 996 711
f 885 435 996
f 633 1018 679
f 1018 633 547
f 1018 1568 679
f 1018 28 1568
f 1550 1018 547
f 1018 1550 1177
f 28 1018 1177
f 183 1746 1672
f 183 98 1746
f 347 1364 7
f 1364 1822 7
f 1364 691 1130
f 1064 1364 1130
f 1822 1364 1064
f 586 1692 1889
f 1692 708 1889
f 177 1972 467
f 177 121 20
f 1347 251 586
f 251 1692 586
f 1692 251 146
f 1938 1341 1769
f 1697 126 1825
f 126 1286 1825
f 126 1697 1976
f 1286 126 1976
f 1286 704 1563
f 704 581 1563
f 704 821 581
f 545 1748 1176
f 1886 1748 1959
f 1748 1886 1176
f 1826 889 1924
f 889 1826 692
f 1784 545 1615
f 545 802 1615
f 1189 802 545
f 802 1189 1153
f 1096 523 554
f 523 1096 1126
f 1131 175 942
f 751 716 633
f 751 633 1902
f 1199 1497 1225
f 98 1199 1225
f 809 1199 98
f 1199 809 395
f 205 713 768
f 713 751 768
f 751 713 716
f 636 1343 1599
f 1343 461 1599
f 1343 636 690
f 1238 1461 249
f 1461 1238 1390
f 205 1461 1390
f 483 610 280
f 1573 610 483
f 280 610 1902
f 610 751 1902
f 620 1089 782
f 979 620 782
f 620 979 963
f 462 234 268
f 234 691 268
f 234 462 1130
f 691 234 1130
f 691 1467 268
f 366 1467 926
f 1467 347 926
f 1467 1364 347
f 1364 1467 691
f 1614 41 1696
f 1729 41 1813
f 41 1729 1696
f 41 1614 411
f 803 583 411
f 1614 803 411
f 803 1614 529
f 1977 803 529
f 803 1977 583
f 531 525 1002
f 525 531 1706
f 1696 324 438
f 1729 324 1696
f 525 1700 1002
f 937 1209 1730
f 1209 631 570
f 324 59 438
f 158 1073 1207
f 1073 158 315
f 342 1790 1232
f 563 142 961
f 1497 1011 1225
f 1011 655 1225
f 655 1011 1497
f 1491 1794 1927
f 1794 1491 1336
f 1513 1794 1336
f 1794 483 1927
f 1794 1513 483
f 1508 22 1281
f 1508 1192 22
f 1192 1508 563
f 142 1508 1281
f 1508 142 563
f 872 1192 563
f 872 563 961
f 1336 872 729
f 1192 872 1336
f 872 1390 729
f 872 961 1390
f 1069 1491 1927
f 1069 1564 1491
f 1089 1069 1927
f 620 1069 1089
f 1069 620 963
f 682 1295 1326
f 406 1355 621
f 1308 975 685
f 975 1308 1564
f 1308 1222 204
f 1222 1308 685
f 576 1632 253
f 108 576 1532
f 38 714 921
f 258 1355 1976
f 1109 258 1976
f 1437 823 1937
f 823 525 1937
f 1437 1851 921
f 1275 1702 993
f 1702 180 1411
f 1702 1411 831
f 993 1702 831
f 660 1702 1226
f 180 1702 660
f 1699 1275 993
f 314 1699 993
f 1699 314 1623
f 1702 131 1226
f 131 1702 1275
f 131 1699 1623
f 1699 131 1275
f 826 534 766
f 1738 879 812
f 879 1738 458
f 1298 879 458
f 330 200 990
f 1738 200 330
f 200 1994 990
f 1994 200 1463
f 1463 200 812
f 200 1738 812
f 431 1156 574
f 1156 431 671
f 290 112 1766
f 1670 112 1110
f 112 1670 1766
f 112 1420 1110
f 1420 112 290
f 431 843 671
f 843 431 1802
f 589 843 1802
f 1007 153 1431
f 153 1298 1431
f 153 879 1298
f 153 1007 812
f 879 153 812
f 259 706 1431
f 706 1007 1431
f 388 706 702
f 212 706 388
f 706 212 1007
f 706 622 702
f 706 259 622
f 1744 1716 1307
f 138 372 398
f 372 138 65
f 372 944 398
f 1971 1843 650
f 1843 574 650
f 1843 1802 574
f 1843 383 1802
f 187 1792 944
f 1030 1792 187
f 383 1792 1030
f 457 906 1973
f 457 1760 906
f 413 1323 1529
f 1323 1628 1529
f 307 508 1070
f 508 307 788
f 135 1339 1617
f 1339 135 788
f 162 1 647
f 162 1356 1
f 534 1502 647
f 1502 534 826
f 1404 1681 1798
f 1681 1917 1798
f 1681 1404 1673
f 1863 841 1215
f 917 603 887
f 603 917 1770
f 1051 933 887
f 1273 948 370
f 1505 1417 370
f 1417 1505 928
f 1756 1417 928
f 1417 1273 370
f 1417 1756 1273
f 1728 1040 871
f 1040 1728 1122
f 1040 415 1520
f 1166 1040 1520
f 1040 1166 429
f 1306 1441 164
f 355 1306 1093
f 1306 604 1093
f 1306 164 906
f 604 1306 906
f 1441 1638 1122
f 1638 1040 1122
f 1040 1638 415
f 415 1638 355
f 1638 1306 355
f 1306 1638 1441
f 277 349 1441
f 277 688 784
f 688 277 1436
f 1807 1756 928
f 688 1807 928
f 1807 688 1436
f 1058 1097 332
f 1190 951 1399
f 951 1190 527
f 1759 734 1210
f 744 734 1759
f 339 1372 1210
f 339 1848 1372
f 734 339 1210
f 274 1435 1204
f 284 419 1503
f 1372 284 1503
f 1435 284 1372
f 419 284 1044
f 284 274 1044
f 274 284 1435
f 1923 274 1204
f 274 1923 1048
f 481 169 910
f 169 481 419
f 1383 481 910
f 1483 1383 664
f 481 1383 1988
f 1383 1483 1988
f 1988 346 1503
f 346 1647 1399
f 346 1372 1503
f 346 519 1372
f 1400 1606 1591
f 1244 1400 1565
f 1229 127 451
f 1229 1923 1204
f 1923 1229 451
f 1277 441 1591
f 1318 220 95
f 220 171 95
f 171 220 298
f 914 1388 1071
f 389 1388 497
f 941 100 298
f 349 42 1973
f 1570 42 784
f 42 277 784
f 277 42 349
f 1280 542 1187
f 1017 1845 1027
f 1203 1017 1027
f 1203 542 1280
f 1017 1203 1280
f 1780 530 1894
f 81 1967 1392
f 1967 81 689
f 1894 1967 689
f 1630 81 1392
f 1630 1020 81
f 695 1630 1392
f 1020 1630 695
f 215 1724 1001
f 880 215 1001
f 215 880 394
f 601 1391 1954
f 1391 883 1954
f 883 1391 954
f 135 1391 601
f 954 1391 135
f 1170 912 598
f 912 1785 598
f 289 912 1170
f 931 1413 392
f 643 931 1808
f 521 422 511
f 392 422 521
f 861 991 1881
f 956 991 390
f 1881 991 956
f 427 881 1175
f 881 427 1304
f 929 427 1175
f 427 929 1304
f 1212 1193 1935
f 881 1212 1935
f 1212 881 1304
f 929 1378 1304
f 1418 1710 638
f 1710 1418 1885
f 638 1710 1261
f 1297 1213 352
f 1297 643 1261
f 1418 663 1885
f 663 567 1885
f 663 442 255
f 663 1418 442
f 995 999 8
f 1029 995 255
f 995 1029 1855
f 999 995 1855
f 1208 819 106
f 463 819 1208
f 1193 1816 1935
f 1816 463 466
f 1816 1394 1935
f 1394 1816 466
f 836 1193 550
f 439 1957 842
f 1957 999 842
f 573 1957 439
f 1957 573 475
f 999 1957 8
f 836 1957 475
f 8 1957 550
f 1957 836 550
f 128 1365 68
f 1158 128 68
f 128 1158 1081
f 128 1081 1855
f 1322 1158 68
f 1322 68 598
f 1785 1322 598
f 161 151 759
f 662 151 161
f 1257 1845 1001
f 1845 1257 1027
f 1257 750 1027
f 60 1055 1860
f 798 695 1392
f 750 798 1392
f 1257 798 750
f 325 1495 1071
f 325 1635 1565
f 1495 325 1565
f 87 1048 1244
f 87 1244 1565
f 1635 87 1565
f 441 21 1591
f 21 441 896
f 21 1400 1591
f 21 896 1565
f 1400 21 1565
f 441 1401 1294
f 1277 1401 441
f 1495 1311 1968
f 1311 1991 1968
f 1311 1495 1565
f 846 1311 1565
f 1991 1311 846
f 1453 1962 1469
f 796 1453 1469
f 118 1987 1740
f 1101 1184 1740
f 1184 118 1740
f 1184 333 1984
f 1302 1184 1984
f 1184 1895 333
f 1184 1101 1895
f 876 1652 424
f 1111 876 424
f 1652 876 1969
f 246 1985 737
f 1260 1443 1983
f 982 1116 1913
f 631 982 1913
f 1209 982 631
f 344 1293 529
f 1293 344 592
f 1913 344 529
f 16 1387 592
f 400 16 592
f 1684 987 1775
f 987 1684 62
f 1346 1684 1775
f 1684 1346 62
f 40 1013 1421
f 1013 40 1552
f 184 40 1421
f 1517 1246 1939
f 877 1517 1939
f 1888 1517 877
f 1247 1517 1888
f 494 1247 328
f 1517 494 1246
f 494 1517 1247
f 84 99 1393
f 84 1762 99
f 1583 287 1475
f 540 1583 1475
f 1583 146 1004
f 1890 1036 1004
f 1036 1890 287
f 1036 1583 1004
f 1583 1036 287
f 1387 322 592
f 1910 322 1387
f 1890 1823 287
f 684 1823 1890
f 287 1823 1475
f 322 1823 684
f 294 177 20
f 177 294 1972
f 583 294 20
f 1977 294 583
f 1254 684 467
f 1972 1254 467
f 1910 834 1775
f 1791 834 1910
f 834 1791 9
f 834 1346 1775
f 1346 834 9
f 806 1524 860
f 1524 295 860
f 773 1186 1636
f 1186 1088 1636
f 1088 1186 860
f 1186 806 860
f 237 384 1633
f 384 237 892
f 237 1905 892
f 1905 237 1458
f 170 710 1588
f 710 382 1588
f 382 710 568
f 1224 104 1052
f 295 104 1224
f 104 384 1052
f 384 104 391
f 646 1994 1603
f 1994 646 730
f 646 660 1226
f 1994 978 990
f 1661 978 213
f 978 1661 1174
f 978 1032 990
f 1032 978 1174
f 270 180 660
f 646 270 660
f 270 1223 1411
f 180 270 1411
f 270 646 1603
f 1514 270 1603
f 270 1389 1223
f 407 354 866
f 1550 354 407
f 868 354 1550
f 809 868 395
f 1834 526 1708
f 1374 526 1834
f 1708 526 1942
f 526 340 1942
f 340 526 1498
f 526 1374 1498
f 218 566 1079
f 218 1079 871
f 218 429 1783
f 566 218 1783
f 1040 218 871
f 218 1040 429
f 495 1163 1882
f 421 140 1758
f 421 1374 1834
f 1980 150 1942
f 1264 1980 166
f 1980 381 166
f 381 1980 1942
f 1980 865 150
f 474 176 1941
f 176 474 871
f 474 1728 871
f 794 966 239
f 145 1951 1688
f 1951 648 1688
f 590 453 1620
f 1665 453 590
f 453 1963 1620
f 1963 453 1230
f 453 1665 1230
f 1893 1772 1448
f 1772 1893 590
f 1772 1655 1448
f 1655 1772 590
f 1893 78 551
f 78 915 551
f 78 96 915
f 498 1482 197
f 1482 498 241
f 1403 1482 241
f 52 1598 1663
f 1598 52 606
f 524 874 240
f 524 635 874
f 1409 52 1663
f 635 1409 1663
f 524 1409 635
f 1409 524 240
f 1576 195 607
f 548 1576 143
f 1576 548 195
f 1793 1386 1282
f 1793 1282 607
f 195 1793 607
f 1043 808 1742
f 1386 1043 1742
f 1266 628 1282
f 314 580 1623
f 955 580 1569
f 580 1402 1569
f 580 314 1402
f 1202 456 202
f 456 1202 932
f 1778 37 17
f 37 1014 17
f 37 1661 1874
f 1661 37 1778
f 932 37 1874
f 1014 37 932
f 1046 1258 653
f 1258 1009 1382
f 1258 1046 1009
f 1258 1167 653
f 1751 1258 1382
f 1258 743 1167
f 743 1258 1377
f 1258 1206 1377
f 1258 1751 1206
f 1087 1296 653
f 1296 1046 653
f 1046 1296 878
f 1296 874 878
f 1296 1087 874
f 559 845 504
f 559 1642 845
f 1642 559 97
f 709 559 504
f 559 709 1556
f 97 559 54
f 559 1556 54
f 741 217 1250
f 741 966 217
f 966 741 239
f 735 741 1250
f 741 735 239
f 1172 454 549
f 1172 1331 1147
f 1488 1172 549
f 1331 1172 1488
f 454 252 145
f 1172 252 454
f 224 1547 1052
f 1547 1224 1052
f 1224 1547 857
f 1547 1136 857
f 1547 243 1136
f 243 1612 625
f 1292 1612 224
f 1612 1547 224
f 1547 1612 243
f 1025 1292 626
f 461 1025 626
f 1952 10 1604
f 10 455 1604
f 455 10 1952
f 1243 1878 368
f 1878 1243 1167
f 1537 1363 538
f 26 1537 538
f 1537 26 1363
f 790 108 1532
f 1363 1134 538
f 227 651 1474
f 651 227 1300
f 227 1559 1300
f 1559 227 1474
f 1649 1559 1474
f 163 543 1546
f 181 543 163
f 543 181 510
f 740 543 510
f 5 510 1515
f 5 642 510
f 5 1558 1065
f 569 5 1515
f 5 569 1558
f 771 1026 152
f 1026 174 152
f 174 1026 1633
f 771 514 1689
f 1689 514 1065
f 642 514 152
f 514 771 152
f 514 5 1065
f 5 514 642
f 1334 174 1633
f 174 1334 1274
f 1454 1357 855
f 1357 839 855
f 839 1357 1473
f 1357 1454 551
f 1473 1357 551
f 1690 418 781
f 266 418 1690
f 492 418 266
f 418 1142 1533
f 418 492 1142
f 1142 353 1764
f 492 353 1142
f 353 651 1764
f 1227 273 821
f 329 273 1227
f 821 273 581
f 273 1827 581
f 1827 273 1533
f 196 125 90
f 326 125 196
f 189 1602 374
f 1883 503 245
f 503 786 245
f 786 503 1022
f 125 1345 90
f 73 189 374
f 983 1540 1719
f 1540 983 1375
f 1397 705 518
f 308 705 1358
f 705 308 518
f 210 1049 445
f 1049 210 264
f 210 1397 1577
f 1397 210 445
f 343 210 1577
f 264 210 343
f 1368 1837 903
f 1381 1489 772
f 1725 1058 332
f 571 1725 332
f 1725 571 1451
f 1449 1519 262
f 44 1449 262
f 943 980 1806
f 1804 1480 678
f 1480 1804 1683
f 1480 1031 678
f 1480 757 1031
f 1509 318 1123
f 1509 757 318
f 1031 1509 1123
f 757 1509 1031
f 1819 703 332
f 703 1819 397
f 703 1896 1362
f 739 1896 397
f 1896 703 397
f 1105 1896 739
f 1896 1105 1898
f 571 854 1451
f 1351 762 341
f 1078 1683 285
f 377 1078 285
f 1796 1625 1162
f 1625 1796 363
f 1625 1291 1162
f 973 124 1920
f 124 973 33
f 1723 465 1920
f 465 973 1920
f 465 1723 1797
f 973 656 33
f 519 1472 1846
f 1472 951 1846
f 951 1472 1399
f 1472 346 1399
f 346 1472 519
f 136 1961 1832
f 1961 1589 1832
f 336 1961 18
f 1961 136 18
f 1303 1914 1430
f 1303 1788 1914
f 1788 1068 1582
f 1354 1068 1788
f 1068 1354 1198
f 358 1068 1198
f 1068 358 1582
f 380 778 1868
f 1359 380 1868
f 778 380 1629
f 754 1605 1769
f 1341 754 1769
f 754 1359 1868
f 501 615 350
f 615 501 578
f 501 1061 578
f 501 1527 1061
f 1857 1734 752
f 1866 501 350
f 501 1866 1527
f 1866 1734 209
f 752 1866 350
f 1734 1866 752
f 1053 1866 209
f 472 1857 1832
f 1605 472 1769
f 472 1734 1857
f 1734 472 209
f 1053 472 1605
f 472 1053 209
f 1061 947 578
f 947 1602 578
f 233 183 1672
f 183 233 98
f 233 809 98
f 617 1753 75
f 1753 617 736
f 1753 736 505
f 1283 528 75
f 1578 1283 911
f 528 1283 1578
f 1283 1404 911
f 278 1283 75
f 278 154 553
f 154 278 194
f 278 553 120
f 1283 278 120
f 1479 194 505
f 1479 154 194
f 154 1479 393
f 155 1479 505
f 393 1479 67
f 1479 155 67
f 724 449 393
f 449 154 393
f 154 449 677
f 449 1589 677
f 1589 449 724
f 283 1746 1207
f 1073 283 1207
f 617 1492 736
f 1492 272 736
f 272 1492 1672
f 155 310 94
f 726 310 155
f 310 345 94
f 599 310 726
f 63 891 1232
f 891 299 362
f 891 342 1232
f 599 891 362
f 891 599 342
f 345 1847 94
f 94 1847 67
f 1847 1981 67
f 1231 393 67
f 1231 1618 393
f 393 23 1456
f 1618 23 393
f 1607 1504 1898
f 1667 1105 480
f 1105 1667 1898
f 779 1678 57
f 1806 899 678
f 678 899 886
f 899 263 886
f 385 336 18
f 385 1432 336
f 1353 336 1880
f 491 1353 1880
f 1353 1961 336
f 1961 1353 1589
f 1005 1247 184
f 1082 1182 1990
f 1082 895 232
f 895 1082 1990
f 374 1082 232
f 1990 562 512
f 562 4 512
f 1182 562 1990
f 4 562 1182
f 316 4 1182
f 316 1005 184
f 316 184 1421
f 4 316 1421
f 863 412 1047
f 924 1551 1545
f 1551 924 787
f 924 1891 1922
f 1891 924 1215
f 1600 868 809
f 1600 1019 866
f 354 1600 866
f 868 1600 354
f 275 1692 146
f 1583 275 146
f 275 1583 540
f 1555 1659 708
f 1692 1555 708
f 275 1555 1692
f 1659 1555 1721
f 1152 251 1347
f 1152 1347 877
f 251 1152 146
f 1168 724 1456
f 1955 704 1286
f 1955 1424 821
f 704 1955 821
f 1784 1817 545
f 1817 1113 216
f 1113 1817 692
f 1817 889 692
f 1858 1926 680
f 426 1858 680
f 1023 557 889
f 1023 1817 1929
f 1817 1023 889
f 1858 535 1926
f 535 1858 426
f 535 426 791
f 1817 718 1929
f 718 1817 1784
f 718 1784 1615
f 1024 718 1615
f 1315 1023 1929
f 1023 1315 557
f 718 1315 1929
f 1315 718 1024
f 557 1315 791
f 1631 802 1153
f 1631 1024 1615
f 802 1631 1615
f 1631 1153 680
f 1926 1631 680
f 1507 1008 420
f 1507 1329 1008
f 426 1380 791
f 14 1380 844
f 844 1380 680
f 1380 426 680
f 66 1936 889
f 889 1936 1924
f 1936 937 1924
f 1936 1209 937
f 557 1904 889
f 1904 66 889
f 1904 557 791
f 405 699 1008
f 405 1131 942
f 1131 405 1008
f 641 1936 66
f 641 405 942
f 405 641 699
f 175 641 942
f 1936 641 175
f 1438 641 66
f 641 1438 699
f 371 1111 281
f 1111 371 231
f 231 371 844
f 371 14 844
f 371 93 14
f 613 1272 281
f 1272 371 281
f 371 1272 477
f 699 1873 554
f 93 1873 1566
f 371 1873 93
f 1329 795 1008
f 795 1131 1008
f 953 713 205
f 953 205 1390
f 655 953 1390
f 953 655 1497
f 953 1497 27
f 716 953 27
f 713 953 716
f 19 610 1573
f 610 19 751
f 19 1461 205
f 19 1573 249
f 1461 19 249
f 1467 317 268
f 268 1921 411
f 1921 41 411
f 41 1921 1813
f 256 324 1729
f 256 1674 403
f 256 1729 1813
f 1674 256 1813
f 1654 1817 216
f 1487 1644 1913
f 1644 631 1913
f 452 719 204
f 1222 452 204
f 452 1284 1426
f 452 1222 1284
f 719 319 204
f 319 22 204
f 22 319 1281
f 1876 719 509
f 1876 319 719
f 1337 1790 342
f 1876 1337 315
f 1337 1876 509
f 1632 1428 1140
f 1428 939 1140
f 939 190 1140
f 190 939 685
f 1739 962 683
f 962 1739 1326
f 1549 962 1326
f 1295 1521 1326
f 1521 1549 1326
f 1989 694 1326
f 694 682 1326
f 694 406 621
f 406 694 1989
f 357 694 621
f 1470 1989 1525
f 1470 406 1989
f 1424 1470 1525
f 516 38 921
f 1355 1592 621
f 258 1592 1355
f 1592 357 621
f 357 1592 1651
f 516 1592 38
f 38 1592 972
f 1592 258 972
f 1447 909 88
f 1592 1385 1651
f 1385 1592 516
f 823 1850 525
f 1850 1700 525
f 1850 1437 714
f 1850 823 1437
f 1887 1937 669
f 1887 1437 1937
f 1887 1851 1437
f 952 955 160
f 952 131 1623
f 952 160 213
f 580 952 1623
f 952 580 955
f 766 1095 647
f 1095 534 647
f 534 1095 766
f 960 1420 290
f 1420 960 671
f 960 1156 671
f 306 290 1766
f 1156 306 574
f 306 960 290
f 960 306 1156
f 306 1493 574
f 1493 306 1766
f 1982 843 589
f 1982 102 671
f 1406 1514 976
f 969 870 976
f 870 1406 976
f 1406 870 1716
f 1716 870 1307
f 870 1554 1307
f 870 969 1554
f 1279 372 65
f 1716 1279 65
f 1279 1716 1744
f 1125 1744 187
f 1125 187 944
f 372 1125 944
f 1125 1279 1744
f 1279 1125 372
f 1912 1792 383
f 1912 1843 1971
f 1843 1912 383
f 944 1912 1971
f 1792 1912 944
f 1760 807 409
f 807 1892 409
f 457 807 1760
f 1892 807 457
f 137 248 702
f 137 588 248
f 1 137 702
f 137 1 1722
f 673 137 1722
f 588 137 673
f 588 742 248
f 825 742 1433
f 742 673 1433
f 742 588 673
f 665 1183 1529
f 1420 1183 1110
f 1183 665 1110
f 1183 1420 671
f 102 1183 671
f 1106 825 444
f 1106 1698 248
f 742 1106 248
f 1106 742 825
f 515 1236 444
f 1236 1106 444
f 1106 1236 307
f 1339 1236 515
f 307 1236 788
f 1236 1339 788
f 946 413 1698
f 946 1323 413
f 1106 946 1698
f 946 1106 307
f 1339 130 1617
f 130 1339 515
f 130 746 1617
f 130 1535 746
f 130 515 1535
f 1502 1765 647
f 1765 162 647
f 162 1765 1356
f 1765 1502 1978
f 1356 1765 722
f 1765 1978 722
f 1350 826 113
f 1350 1502 826
f 1502 1350 1978
f 1917 1597 1798
f 1051 402 1268
f 402 1051 1228
f 402 1102 1268
f 1465 1051 1268
f 1051 1465 933
f 1221 1465 1268
f 1221 1743 157
f 169 1553 910
f 1530 968 1273
f 968 948 1273
f 277 1829 1436
f 1829 474 1436
f 474 1829 1728
f 1728 1829 1441
f 1829 277 1441
f 1819 1862 397
f 327 1039 1539
f 603 1039 887
f 1539 1039 1770
f 1039 603 1770
f 1624 864 1647
f 496 864 179
f 1647 864 1399
f 1974 1058 230
f 1974 1097 1058
f 725 1135 763
f 1161 1190 1399
f 864 1161 1399
f 1161 864 496
f 1854 1161 496
f 1727 810 179
f 1848 1216 1204
f 1216 1229 1204
f 1750 127 616
f 1750 1401 127
f 967 734 744
f 967 1750 616
f 1923 410 1048
f 1606 410 451
f 410 1923 451
f 2000 1483 1647
f 346 2000 1647
f 1483 2000 1988
f 2000 346 1988
f 127 1045 616
f 1229 1045 127
f 1045 1216 616
f 1216 1045 1229
f 127 670 451
f 670 1606 451
f 1401 670 127
f 670 1401 1277
f 1606 670 1591
f 670 1277 1591
f 1460 1836 56
f 1836 1041 56
f 1041 1836 95
f 1836 1318 95
f 1897 1221 1268
f 941 323 835
f 835 323 1422
f 1388 738 1071
f 738 325 1071
f 325 738 1635
f 1388 1909 497
f 1909 1388 914
f 1660 1909 914
f 1656 100 1518
f 42 1656 1518
f 1656 42 1570
f 1057 914 1071
f 1057 404 914
f 1495 1057 1071
f 1057 1495 1968
f 1057 1968 811
f 404 1057 811
f 404 361 914
f 986 361 394
f 361 215 394
f 361 404 811
f 1724 361 811
f 215 361 1724
f 208 1660 1918
f 1892 156 409
f 1203 156 542
f 542 1484 1187
f 1484 1892 457
f 1484 156 1892
f 156 1484 542
f 1187 1484 1973
f 1484 457 1973
f 436 880 1845
f 1017 436 1845
f 880 436 394
f 436 1280 394
f 436 1017 1280
f 1050 1780 409
f 267 750 1392
f 1967 267 1392
f 267 530 750
f 530 267 1894
f 267 1967 1894
f 1992 1405 1724
f 365 1405 1860
f 1405 1943 1860
f 1405 1992 1943
f 80 532 1954
f 912 532 80
f 532 289 1954
f 532 912 289
f 1249 439 1360
f 1249 80 106
f 573 1249 106
f 1249 573 439
f 912 502 1785
f 1158 502 1360
f 502 1249 1360
f 502 912 80
f 1249 502 80
f 25 931 392
f 1478 25 521
f 25 392 521
f 931 1761 1413
f 1761 1787 1413
f 1761 931 643
f 1213 1761 352
f 1787 1761 1213
f 1761 1297 352
f 1297 1761 643
f 1584 861 122
f 991 1584 390
f 1584 991 861
f 1118 122 511
f 422 1118 511
f 1118 1584 122
f 1584 1118 1787
f 1787 1118 1413
f 1413 1118 392
f 1118 422 392
f 1193 192 550
f 1212 192 1193
f 192 1885 550
f 1903 1297 1261
f 1297 1903 1213
f 235 929 1151
f 235 1378 929
f 1903 902 1213
f 902 1212 1304
f 1378 902 1304
f 902 1787 1213
f 567 925 8
f 925 995 8
f 995 925 255
f 925 663 255
f 663 925 567
f 1099 836 475
f 573 1099 475
f 1288 128 1855
f 1288 1855 849
f 1305 1344 223
f 1344 1305 68
f 1365 1344 68
f 1901 1344 1365
f 1287 500 223
f 1344 1287 223
f 1287 1344 1901
f 500 1287 849
f 1287 1365 849
f 1287 1901 1365
f 1321 1322 1785
f 1322 1321 1158
f 502 1321 1785
f 1321 502 1158
f 552 151 117
f 151 552 759
f 1164 365 1860
f 1055 1164 1860
f 1720 1164 1055
f 1348 1574 662
f 1574 151 662
f 1574 1348 695
f 798 1574 695
f 1779 1795 291
f 1795 1178 291
f 1178 274 1048
f 1523 1302 1962
f 1523 1184 1302
f 1184 1523 118
f 118 1572 1987
f 693 1572 1376
f 1987 1572 693
f 1572 796 1376
f 876 1828 1969
f 1828 876 1111
f 1828 1111 231
f 1828 231 844
f 1969 1828 680
f 1828 844 680
f 133 246 624
f 133 1985 246
f 1718 133 624
f 133 1718 1985
f 1718 523 737
f 1985 1718 737
f 246 482 624
f 1260 482 1443
f 1443 482 1444
f 482 246 1444
f 1235 1139 624
f 482 1235 624
f 1235 482 1260
f 1139 1235 420
f 1235 1507 420
f 432 400 592
f 344 432 592
f 400 432 1010
f 432 1116 1010
f 1116 432 1913
f 432 344 1913
f 1507 1841 1329
f 1946 400 1010
f 1946 16 400
f 1946 1841 16
f 920 144 1721
f 144 920 1552
f 447 1659 1721
f 1659 447 708
f 708 447 1889
f 447 184 1889
f 447 40 184
f 70 1061 1246
f 494 70 1246
f 70 494 328
f 1180 84 1393
f 1076 1180 1393
f 1180 1076 1552
f 920 1180 1552
f 1180 920 977
f 1762 1180 977
f 84 1180 1762
f 1352 322 684
f 1254 1352 684
f 1352 1293 592
f 322 1352 592
f 1352 1254 1972
f 1367 322 1910
f 1367 1823 322
f 1823 1367 1475
f 1367 987 1475
f 987 1367 1910
f 938 806 1546
f 543 938 1546
f 938 740 1157
f 938 543 740
f 159 773 1546
f 159 1186 773
f 806 159 1546
f 1186 159 806
f 1042 740 1274
f 740 1042 1157
f 1042 384 1157
f 1334 1042 1274
f 384 1042 1633
f 1042 1334 1633
f 1490 642 1274
f 740 1490 1274
f 642 1490 510
f 1490 740 510
f 295 1875 170
f 1875 710 170
f 1875 295 568
f 710 1875 568
f 1524 1747 295
f 1747 104 295
f 104 1747 391
f 1747 1157 391
f 1747 938 1157
f 1747 1524 806
f 938 1747 806
f 646 1560 730
f 952 1560 131
f 131 1560 1226
f 1560 646 1226
f 1245 1994 730
f 1245 978 1994
f 978 1245 213
f 1245 952 213
f 1199 1735 1497
f 1497 1735 27
f 1735 1199 395
f 868 1735 395
f 1735 1550 27
f 1735 868 1550
f 495 1144 1978
f 1144 566 1783
f 1978 1144 1783
f 1144 495 1882
f 1327 1144 1882
f 566 1144 1327
f 495 178 1163
f 634 178 113
f 178 1350 113
f 1163 178 572
f 178 495 1978
f 1350 178 1978
f 178 1928 572
f 1928 178 634
f 935 421 1758
f 1464 935 1758
f 140 1506 1715
f 421 1506 140
f 1506 1253 1715
f 1253 1506 1782
f 1506 1834 1782
f 1506 421 1834
f 129 1551 787
f 129 1980 1264
f 1551 129 1264
f 1313 1786 1594
f 1313 1594 150
f 865 1313 150
f 814 1371 1941
f 1371 474 1941
f 1916 1951 145
f 1951 1916 794
f 252 1916 145
f 794 1916 966
f 1916 252 966
f 1932 1951 794
f 1932 735 958
f 735 1932 239
f 1932 794 239
f 1206 1932 958
f 1751 1932 1206
f 1485 443 96
f 78 1485 96
f 443 1485 1448
f 1485 1893 1448
f 1485 78 1893
f 1217 52 197
f 1482 1217 197
f 52 1217 606
f 606 1580 1403
f 1580 1482 1403
f 1217 1580 606
f 1580 1217 1482
f 1598 539 1663
f 628 539 607
f 539 628 1663
f 539 1576 607
f 1035 1409 240
f 1409 1035 52
f 1398 1035 240
f 52 1035 1398
f 1831 143 707
f 1831 548 143
f 548 753 195
f 1793 1818 1386
f 1818 1043 1386
f 1818 1793 195
f 753 1818 195
f 1522 1282 1872
f 1522 1266 1282
f 1496 1522 1872
f 1266 1522 359
f 1522 1496 998
f 359 1522 998
f 628 1481 878
f 1266 1481 628
f 1481 1266 359
f 1481 1046 878
f 1046 1481 359
f 1009 575 1382
f 575 1751 1382
f 575 1009 614
f 1751 575 614
f 1338 456 932
f 456 1338 1801
f 1338 932 1874
f 1338 1874 167
f 1801 1338 167
f 1869 1801 1091
f 1869 456 1801
f 456 1869 202
f 368 1869 1091
f 1869 368 202
f 966 922 1459
f 252 922 966
f 1612 1676 625
f 1676 1612 1292
f 1676 1292 690
f 1676 690 1486
f 625 1676 1486
f 1343 1755 461
f 1755 1025 461
f 1755 1343 690
f 1292 1755 690
f 1025 1755 1292
f 1809 1965 368
f 1965 1243 368
f 1965 1809 1167
f 1243 1965 1167
f 108 1908 88
f 790 1908 108
f 1908 1447 88
f 1447 1908 536
f 536 1908 1239
f 792 253 733
f 792 733 538
f 1134 792 538
f 1842 1134 337
f 1842 792 1134
f 576 1842 1532
f 1842 576 253
f 792 1842 253
f 555 266 683
f 555 1649 266
f 555 1211 1649
f 1218 1363 1645
f 600 1218 1645
f 1641 1500 1559
f 1641 1559 1649
f 1134 859 337
f 859 1134 1363
f 1218 859 1363
f 1559 1774 1300
f 1774 1218 600
f 1774 1127 1300
f 1774 600 1127
f 303 771 1781
f 303 1026 771
f 26 303 1781
f 1026 303 1633
f 303 1278 1458
f 303 26 1278
f 303 237 1633
f 237 303 1458
f 651 276 1474
f 353 276 651
f 276 1649 1474
f 1649 276 266
f 276 492 266
f 276 353 492
f 273 873 1533
f 873 273 329
f 873 329 781
f 418 873 781
f 873 418 1533
f 1602 64 578
f 189 64 1602
f 1062 983 1719
f 1884 1719 114
f 1671 1884 114
f 313 1671 459
f 73 313 189
f 313 1884 1671
f 615 313 459
f 313 615 578
f 64 313 578
f 313 64 189
f 1324 503 1883
f 950 1132 1358
f 705 950 1358
f 950 1625 1132
f 847 1084 1619
f 847 1619 1643
f 1037 1658 1711
f 1906 1259 86
f 1058 623 230
f 1736 537 348
f 141 1736 348
f 1736 141 1489
f 375 943 15
f 375 980 943
f 1678 565 1950
f 165 1468 254
f 1658 1468 165
f 1896 428 1362
f 428 571 1362
f 428 1581 571
f 1504 1694 1898
f 1694 1896 1898
f 1694 428 1896
f 428 1694 1581
f 1694 1504 1947
f 1581 1694 1947
f 489 854 571
f 1299 489 1947
f 489 1581 1947
f 1581 489 571
f 854 74 1451
f 1259 74 86
f 74 1259 1451
f 913 1974 230
f 1999 1416 1953
f 1416 1060 1953
f 1844 1078 858
f 1078 1844 1683
f 1844 1480 1683
f 757 1844 858
f 1480 1844 757
f 1796 561 363
f 561 1796 377
f 561 1006 363
f 561 377 1006
f 1220 1796 1162
f 1796 1220 1381
f 1291 1220 1162
f 1585 1078 377
f 1796 1585 377
f 1585 1381 1711
f 1585 1796 1381
f 1879 1449 44
f 1879 44 1920
f 124 1879 1920
f 579 656 973
f 465 579 973
f 579 50 522
f 50 579 1797
f 579 465 1797
f 471 1691 238
f 198 136 1857
f 1856 1179 1092
f 1856 813 1179
f 12 71 989
f 1341 12 1430
f 12 1303 1430
f 1938 12 1341
f 71 12 1938
f 1788 1705 989
f 1303 1705 1788
f 1705 12 989
f 12 1705 1303
f 754 608 1605
f 608 1053 1605
f 1527 608 1868
f 608 754 1868
f 1866 608 1527
f 1053 608 1866
f 1200 1341 637
f 1200 754 1341
f 1200 637 1629
f 380 1200 1629
f 1200 380 1359
f 754 1200 1359
f 490 947 1061
f 72 617 435
f 233 72 435
f 72 233 1672
f 1492 72 1672
f 72 1492 617
f 233 1835 809
f 1835 1600 809
f 1835 435 469
f 1835 233 435
f 1600 1835 1019
f 499 1835 469
f 1835 499 1019
f 1415 278 75
f 278 1415 194
f 1753 1415 75
f 194 1415 505
f 1415 1753 505
f 1434 283 1073
f 1434 1073 1342
f 272 1434 1342
f 1434 272 1672
f 1746 1434 1672
f 283 1434 1746
f 905 599 362
f 599 1714 342
f 1337 1714 315
f 1714 1337 342
f 1847 45 299
f 45 1847 345
f 299 45 362
f 45 905 362
f 905 45 599
f 310 45 345
f 45 310 599
f 1354 1650 1198
f 1650 1981 1198
f 1650 1354 989
f 23 1650 989
f 1650 23 1618
f 1607 1900 1504
f 1900 1675 1947
f 1504 1900 1947
f 1900 1607 1950
f 1425 1667 480
f 1499 1425 480
f 1608 1425 1499
f 894 1425 1608
f 894 1607 1898
f 1667 894 1898
f 1425 894 1667
f 587 899 1806
f 899 587 263
f 168 1353 491
f 168 491 1404
f 1353 168 1589
f 168 1283 120
f 1283 168 1404
f 888 168 120
f 1589 168 677
f 168 888 677
f 1247 1998 328
f 1005 1998 1247
f 450 1082 374
f 1602 450 374
f 947 450 1602
f 490 450 947
f 774 863 1545
f 774 412 863
f 1551 774 1545
f 774 1551 412
f 412 594 1047
f 1047 594 166
f 594 1264 166
f 594 1551 1264
f 1551 594 412
f 1891 1332 1922
f 1332 1891 1215
f 1114 1608 1499
f 479 1114 1499
f 1678 1114 57
f 1114 1678 1608
f 851 479 1499
f 739 851 1499
f 851 1539 1770
f 1539 851 739
f 425 275 540
f 425 1555 275
f 920 425 977
f 425 920 1721
f 1555 425 1721
f 977 425 1475
f 425 540 1475
f 949 877 632
f 949 1152 877
f 1822 949 632
f 949 1822 1064
f 121 1289 1064
f 177 1289 121
f 1707 1890 146
f 1152 1707 146
f 1890 1707 467
f 1707 177 467
f 1707 1289 177
f 949 1707 1152
f 1707 949 1064
f 1289 1707 1064
f 378 23 989
f 71 378 989
f 378 71 1168
f 23 378 1456
f 378 1168 1456
f 1290 71 1938
f 71 1290 1168
f 672 1955 1286
f 1355 672 1976
f 672 1286 1976
f 406 672 1355
f 1470 672 406
f 1955 672 1424
f 672 1470 1424
f 1970 1748 545
f 1817 1970 545
f 1654 1970 1817
f 1748 1970 1959
f 1335 1315 1024
f 1335 535 791
f 1315 1335 791
f 1335 1631 1926
f 1631 1335 1024
f 1669 1936 780
f 1936 1669 1209
f 982 1669 780
f 1669 982 1209
f 1438 1803 699
f 1873 1803 1566
f 1803 1873 699
f 1803 93 1566
f 1803 1438 93
f 1438 1185 93
f 93 1185 14
f 1185 1904 791
f 1380 1185 791
f 1185 1380 14
f 1317 613 1126
f 1317 1272 613
f 1096 1317 1126
f 1116 732 1010
f 982 732 1116
f 1131 697 175
f 795 697 1131
f 1936 697 780
f 697 1936 175
f 697 982 780
f 697 732 982
f 732 697 795
f 751 1567 768
f 19 1567 751
f 1567 205 768
f 1567 19 205
f 408 1467 366
f 408 317 1467
f 1445 317 63
f 317 1445 268
f 1445 1921 268
f 115 59 324
f 256 115 324
f 258 1384 972
f 1384 1109 1986
f 1384 258 1109
f 302 1933 48
f 1933 302 1700
f 32 1907 850
f 1821 1933 1700
f 1821 1850 714
f 1850 1821 1700
f 544 541 85
f 544 300 1730
f 300 544 85
f 541 544 570
f 1209 544 1730
f 544 1209 570
f 1644 36 631
f 631 36 570
f 300 1083 850
f 1083 300 85
f 1083 32 850
f 1083 85 48
f 1933 1083 48
f 32 1083 1933
f 1907 219 850
f 219 300 850
f 219 1654 216
f 937 219 216
f 219 937 1730
f 300 219 1730
f 452 824 719
f 824 452 1426
f 1706 824 1426
f 719 1687 509
f 1687 1337 509
f 824 1687 719
f 1687 824 1776
f 961 1622 1207
f 1622 158 1207
f 319 1622 1281
f 1622 142 1281
f 142 1622 961
f 1141 108 88
f 909 1141 88
f 1141 1428 1632
f 1069 964 1564
f 964 975 1564
f 964 1069 963
f 975 964 685
f 964 190 685
f 964 963 1140
f 190 964 1140
f 657 536 1239
f 1447 331 1295
f 331 1447 536
f 657 331 536
f 331 1521 1295
f 331 657 1521
f 682 1812 1295
f 1812 1447 1295
f 694 1812 682
f 1812 694 357
f 1812 357 1651
f 1385 1812 1651
f 1867 1447 1195
f 1447 1867 909
f 1867 830 909
f 1851 396 921
f 396 516 921
f 396 1385 516
f 843 77 671
f 77 1982 671
f 1982 77 843
f 448 1716 65
f 448 1406 1716
f 1389 448 65
f 270 448 1389
f 448 270 1514
f 1406 448 1514
f 1197 413 1529
f 1183 1197 1529
f 173 307 1070
f 173 946 307
f 946 173 1323
f 1628 173 1070
f 1323 173 1628
f 1996 1681 1673
f 1432 1410 1880
f 1880 1410 1673
f 1410 1996 1673
f 1996 1410 79
f 1679 974 1798
f 1597 1679 1798
f 1679 1863 974
f 1679 841 1863
f 1679 1597 841
f 434 1597 1917
f 1597 434 841
f 1465 715 933
f 933 715 1979
f 715 1221 157
f 715 1465 1221
f 715 1703 1979
f 402 681 1102
f 1102 681 139
f 681 1553 139
f 681 402 1228
f 639 1553 169
f 639 1178 1795
f 639 1795 139
f 1553 639 139
f 639 419 1044
f 639 169 419
f 274 639 1044
f 1178 639 274
f 356 968 1530
f 356 1530 1922
f 1103 970 83
f 1041 1462 56
f 1462 1369 56
f 1369 1462 1041
f 1369 612 56
f 1743 612 157
f 1471 327 1539
f 1471 1862 327
f 1862 1471 397
f 1471 739 397
f 1471 1539 739
f 1160 1819 332
f 1160 1862 1819
f 1097 1160 332
f 1039 652 887
f 652 1039 327
f 652 1051 887
f 1228 652 664
f 1051 652 1228
f 1135 869 763
f 869 1309 763
f 1309 869 327
f 869 652 327
f 652 869 1135
f 242 1483 664
f 652 242 664
f 242 652 1135
f 242 725 1624
f 725 242 1135
f 1483 242 1647
f 242 1624 1647
f 1974 1188 1097
f 1161 1960 1190
f 1854 1960 1161
f 1190 1960 527
f 1960 1854 527
f 810 201 179
f 201 810 1810
f 201 496 179
f 201 1854 496
f 1854 201 1810
f 1262 1351 341
f 417 1262 1511
f 1262 341 1511
f 712 1216 1848
f 339 712 1848
f 712 339 734
f 1216 712 616
f 712 967 616
f 967 712 734
f 611 1330 1717
f 1330 611 1294
f 1401 1330 1294
f 749 1066 744
f 1066 967 744
f 1750 1066 749
f 967 1066 1750
f 39 1400 1244
f 1048 39 1244
f 410 39 1048
f 1400 39 1606
f 39 410 1606
f 1102 1763 1268
f 1763 1897 1268
f 1267 1743 1221
f 1897 1267 1221
f 1267 612 1743
f 1749 220 1318
f 220 1749 298
f 1749 941 298
f 1749 323 941
f 1219 1779 291
f 1779 1219 1422
f 1219 1388 389
f 1219 835 1422
f 1219 389 835
f 738 416 1635
f 416 1219 291
f 416 738 1388
f 1219 416 1388
f 100 517 298
f 1656 517 100
f 517 1656 1570
f 517 171 298
f 517 1570 171
f 1255 361 986
f 361 1255 914
f 1255 986 1918
f 1660 1255 1918
f 1255 1660 914
f 1799 100 941
f 1799 208 100
f 1799 941 497
f 100 1256 1518
f 208 1256 100
f 1256 42 1518
f 1429 1256 1918
f 1256 208 1918
f 1256 1429 1973
f 42 1256 1973
f 1909 853 497
f 1596 1050 409
f 1050 1596 1203
f 156 1596 409
f 1596 156 1203
f 1050 29 1780
f 750 29 1027
f 29 1203 1027
f 29 1050 1203
f 931 1601 1808
f 25 1601 931
f 1601 1478 1808
f 1601 25 1478
f 192 1741 1885
f 1741 192 1212
f 902 1741 1212
f 1741 902 1903
f 235 35 1378
f 35 235 1151
f 58 1584 1787
f 902 58 1787
f 836 311 1193
f 1099 311 836
f 311 1099 463
f 311 1816 1193
f 1816 311 463
f 1234 1099 573
f 819 1234 106
f 1234 573 106
f 1234 819 463
f 1099 1234 463
f 128 1370 1365
f 1288 1370 128
f 1365 1370 849
f 1370 1288 849
f 1865 552 117
f 1720 1865 117
f 1865 1720 1055
f 1865 1055 60
f 552 1865 60
f 552 661 759
f 661 552 60
f 661 1987 759
f 1987 661 60
f 1164 1276 365
f 1276 1405 365
f 1720 1276 1164
f 1405 1276 1724
f 92 1574 798
f 92 798 1257
f 151 92 117
f 1574 92 151
f 92 1257 1001
f 1720 92 1001
f 92 1720 117
f 193 1779 1422
f 1779 193 1795
f 193 1749 1460
f 323 193 1422
f 1749 193 323
f 1453 1021 1962
f 1021 1523 1962
f 1613 1718 624
f 523 930 554
f 1718 930 523
f 1613 930 1718
f 930 1613 420
f 930 699 554
f 1008 930 420
f 699 930 1008
f 820 1260 1983
f 9 820 1983
f 1791 820 9
f 1235 1012 1507
f 1012 1841 1507
f 1841 1012 16
f 1841 686 1329
f 1946 686 1841
f 686 1946 1010
f 144 1173 1721
f 1173 447 1721
f 447 1173 40
f 40 1173 1552
f 1173 144 1552
f 294 89 1972
f 89 1352 1972
f 1352 89 1293
f 89 1977 1293
f 89 294 1977
f 1560 203 730
f 203 1560 952
f 203 1245 730
f 1245 203 952
f 421 1940 1374
f 935 1940 421
f 1940 935 1464
f 1940 1464 1680
f 1374 1940 1680
f 247 129 787
f 1786 247 1379
f 247 787 1379
f 222 865 1980
f 129 222 1980
f 247 222 129
f 1340 814 904
f 1340 1371 814
f 1340 1807 1436
f 474 1340 1436
f 1371 1340 474
f 1756 1340 904
f 1807 1340 1756
f 1951 1925 648
f 1932 1925 1951
f 648 1925 614
f 1925 1751 614
f 1925 1932 1751
f 1576 945 143
f 539 945 1576
f 945 606 143
f 360 1814 808
f 1814 360 940
f 1412 1251 1459
f 922 1412 1459
f 1251 1412 1147
f 1757 922 252
f 1757 1172 1147
f 1757 252 1172
f 1412 1757 1147
f 1757 1412 922
f 109 1842 337
f 748 109 337
f 109 790 1532
f 1842 109 1532
f 1239 430 683
f 430 555 683
f 1211 430 1239
f 430 1211 555
f 1214 1908 790
f 1214 748 1211
f 1908 1214 1239
f 1214 1211 1239
f 109 1214 790
f 1214 109 748
f 1211 1148 1649
f 748 1148 1211
f 1148 1641 1649
f 1120 1641 337
f 859 1120 337
f 1641 1120 1500
f 1120 859 1500
f 859 918 1500
f 918 859 1218
f 1774 918 1218
f 1500 918 1559
f 918 1774 1559
f 1771 125 326
f 745 1771 326
f 1830 1771 745
f 1771 1830 1022
f 1686 1771 1022
f 1771 1345 125
f 1771 1686 1345
f 1098 326 674
f 1098 745 326
f 1098 674 245
f 786 1098 245
f 1098 786 1022
f 1830 1098 1022
f 1098 1830 745
f 503 985 1022
f 985 1686 1022
f 1686 985 103
f 1686 629 1345
f 629 73 374
f 629 1686 103
f 629 374 90
f 1345 629 90
f 1062 629 103
f 629 1062 73
f 1062 668 73
f 668 313 73
f 313 668 1884
f 668 1062 1719
f 1884 668 1719
f 983 1993 1375
f 1993 1112 1375
f 1112 1993 1883
f 1993 1324 1883
f 3 445 585
f 186 3 585
f 3 1397 445
f 3 705 1397
f 3 1056 705
f 950 493 1625
f 493 1291 1625
f 493 3 186
f 537 493 186
f 1736 493 537
f 546 950 705
f 1056 546 705
f 546 493 950
f 3 546 1056
f 493 546 3
f 1154 387 1768
f 1154 186 585
f 1449 1316 1519
f 1837 785 903
f 1121 1233 1579
f 1233 1121 903
f 1579 1233 1643
f 1233 847 1643
f 785 1233 903
f 1233 785 847
f 1489 1864 772
f 141 1864 1489
f 1800 1864 86
f 1864 1800 772
f 1864 1906 86
f 1864 141 1906
f 279 141 348
f 141 279 1906
f 1037 1595 1658
f 1595 1468 1658
f 1595 489 1299
f 489 1595 1037
f 1468 1595 254
f 254 1595 1947
f 1595 1299 1947
f 623 221 230
f 221 913 230
f 1691 659 238
f 507 1691 1773
f 659 507 833
f 507 659 1691
f 387 507 1768
f 1691 297 1773
f 1773 297 1906
f 198 799 136
f 385 916 1432
f 916 1777 1325
f 916 1410 1432
f 565 1997 1950
f 1900 1997 1675
f 1997 1900 1950
f 1997 15 1675
f 1997 375 15
f 1839 489 1037
f 1839 1037 1711
f 1381 1839 1711
f 1800 1839 772
f 1839 1381 772
f 644 1416 1999
f 1416 644 1351
f 644 1999 1137
f 762 644 1137
f 1351 644 762
f 1310 1416 1351
f 1310 221 31
f 221 1310 913
f 1269 1220 1291
f 1269 1736 1489
f 1381 1269 1489
f 1220 1269 1381
f 493 1269 1291
f 1269 493 1736
f 1078 207 858
f 1585 207 1078
f 207 1585 1711
f 207 165 858
f 1658 207 1711
f 207 1658 165
f 579 1407 656
f 1407 579 522
f 627 1407 522
f 1407 627 1953
f 1060 1407 1953
f 698 471 238
f 698 238 33
f 656 698 33
f 132 198 1857
f 132 799 198
f 70 900 1061
f 900 490 1061
f 900 70 328
f 450 900 328
f 900 450 490
f 334 599 726
f 334 1714 599
f 1714 334 315
f 334 1073 315
f 334 726 1073
f 1231 172 1618
f 172 1650 1618
f 172 1231 67
f 1981 172 67
f 1650 172 1981
f 1678 1752 1608
f 1752 894 1608
f 1752 1678 1950
f 1607 1752 1950
f 894 1752 1607
f 799 1373 1074
f 1373 1695 1074
f 837 1998 1005
f 837 316 1182
f 316 837 1005
f 1998 1685 328
f 1685 450 328
f 450 1685 1082
f 1082 1685 1182
f 1685 837 1182
f 837 1685 1998
f 1332 818 1922
f 818 356 1922
f 356 818 970
f 1703 805 793
f 805 715 157
f 715 805 1703
f 1995 1703 793
f 1995 1103 83
f 1290 1000 1168
f 1000 1589 724
f 1168 1000 724
f 1589 1000 1832
f 1000 472 1832
f 472 1000 1769
f 1000 1938 1769
f 1000 1290 1938
f 1824 1654 1959
f 1970 1824 1959
f 1824 1970 1654
f 535 901 1926
f 901 1335 1926
f 1335 901 535
f 1185 386 1904
f 386 1185 1438
f 1904 386 66
f 386 1438 66
f 827 1096 554
f 1873 827 554
f 658 795 1329
f 658 732 795
f 686 658 1329
f 732 658 1010
f 658 686 1010
f 1981 727 366
f 727 408 366
f 1847 727 1981
f 1445 486 1921
f 1921 486 1813
f 486 1674 1813
f 486 1445 63
f 486 63 1232
f 1731 486 1232
f 59 822 48
f 115 822 59
f 822 302 48
f 1077 761 934
f 1109 1077 1986
f 1077 934 1986
f 305 1644 1487
f 305 1614 438
f 1614 305 1487
f 59 1911 438
f 541 1911 85
f 1911 59 48
f 85 1911 48
f 884 541 570
f 36 884 570
f 884 1911 541
f 884 36 1644
f 305 884 1644
f 884 305 438
f 1911 884 438
f 414 219 1907
f 219 414 1654
f 720 414 1907
f 414 1886 1959
f 1654 414 1959
f 414 720 761
f 414 1109 1886
f 414 1077 1109
f 1077 414 761
f 1876 852 319
f 852 1622 319
f 1622 852 158
f 158 852 315
f 852 1876 315
f 110 1141 1632
f 1141 110 108
f 576 110 1632
f 110 576 108
f 832 1239 683
f 832 657 1239
f 962 832 683
f 832 962 1549
f 1521 832 1549
f 657 832 1521
f 1428 1948 939
f 830 1948 909
f 1141 1948 1428
f 1948 1141 909
f 939 288 685
f 288 1222 685
f 1222 288 1284
f 830 1094 1851
f 1094 1867 1195
f 1867 1094 830
f 1887 53 1851
f 53 830 1851
f 1284 53 669
f 53 1887 669
f 1447 433 1195
f 1812 433 1447
f 433 1812 1385
f 396 433 1385
f 433 1094 1195
f 433 396 1851
f 1094 433 1851
f 413 199 1698
f 1197 199 413
f 199 1197 1183
f 1314 1183 102
f 1314 199 1183
f 199 1314 1657
f 1531 589 1693
f 1314 1531 1657
f 1531 1314 102
f 1982 1531 102
f 1531 1982 589
f 1681 923 1917
f 1996 923 1681
f 923 1996 79
f 1410 1958 79
f 1958 916 1325
f 916 1958 1410
f 841 1440 1215
f 434 1440 841
f 1440 1332 1215
f 1090 1114 479
f 367 1090 479
f 1114 1090 57
f 1090 367 57
f 560 367 479
f 851 560 479
f 1931 434 1917
f 923 1931 1917
f 1931 923 1640
f 1648 681 1228
f 681 1648 1553
f 1553 1648 910
f 1648 1383 910
f 1648 1228 664
f 1383 1648 664
f 1328 356 970
f 1103 1328 970
f 1086 612 1369
f 1086 1369 1041
f 968 1086 948
f 1086 1041 370
f 948 1086 370
f 1862 1003 327
f 1003 1309 327
f 1160 1003 1862
f 1949 1727 179
f 864 1949 179
f 293 913 1727
f 1949 293 1727
f 913 1301 1974
f 1301 1188 1974
f 293 1301 913
f 1301 293 1949
f 1138 1160 1097
f 1188 1138 1097
f 1811 810 1727
f 810 1811 1810
f 1811 1310 1351
f 913 1811 1727
f 1310 1811 913
f 1067 1262 417
f 1067 1854 1810
f 527 1067 417
f 1854 1067 527
f 191 1750 749
f 191 749 1717
f 1330 191 1717
f 1750 191 1401
f 191 1330 1401
f 460 1102 139
f 460 1763 1102
f 1897 460 1460
f 1763 460 1897
f 1455 1267 1897
f 1455 1460 56
f 1455 1897 1460
f 612 1455 56
f 1267 1455 612
f 1704 1836 1460
f 1749 1704 1460
f 1836 1704 1318
f 1704 1749 1318
f 1439 416 291
f 1178 1439 291
f 1439 87 1635
f 416 1439 1635
f 87 1439 1048
f 1439 1178 1048
f 208 1975 1660
f 1975 1909 1660
f 1975 853 1909
f 1799 1732 208
f 1732 1975 208
f 1975 1732 853
f 1732 1799 497
f 853 1732 497
f 1133 530 1780
f 29 1133 1780
f 530 1133 750
f 1133 29 750
f 1541 1903 1261
f 1541 1741 1903
f 1741 1541 1885
f 1710 1541 1261
f 1541 1710 1885
f 520 58 35
f 1584 520 390
f 58 520 1584
f 520 1376 390
f 520 1146 1376
f 1146 520 1151
f 520 35 1151
f 1059 902 1378
f 1059 58 902
f 35 1059 1378
f 58 1059 35
f 292 1720 1001
f 292 1276 1720
f 1724 292 1001
f 1276 292 1724
f 1523 1820 118
f 1021 1820 1523
f 1820 1021 1453
f 1820 1453 796
f 1572 1820 796
f 1820 1572 118
f 1139 1240 624
f 1240 1613 624
f 1240 1139 420
f 1613 1240 420
f 61 1235 1260
f 820 61 1260
f 61 1012 1235
f 16 1713 1387
f 1012 1713 16
f 1387 1713 1590
f 1653 247 1786
f 1653 222 247
f 1313 1653 1786
f 1653 1313 865
f 222 1653 865
f 49 539 1598
f 49 945 539
f 49 1598 606
f 945 49 606
f 1831 1265 548
f 487 748 337
f 487 1148 748
f 1641 487 337
f 1148 487 1641
f 1324 666 503
f 666 985 503
f 1993 666 1324
f 985 666 103
f 666 1062 103
f 1062 666 983
f 666 1993 983
f 320 376 1049
f 320 1049 1084
f 320 785 1837
f 847 320 1084
f 785 320 847
f 783 1154 585
f 1049 783 585
f 376 783 1049
f 376 676 1664
f 676 1316 1664
f 676 320 1837
f 320 676 376
f 1879 957 1449
f 957 1316 1449
f 1316 296 1664
f 957 296 1316
f 296 507 387
f 296 957 507
f 507 775 1768
f 775 507 1773
f 775 1773 1906
f 279 775 1906
f 488 537 186
f 537 488 348
f 488 279 348
f 1725 226 1058
f 226 623 1058
f 473 471 640
f 1815 473 640
f 471 473 1691
f 473 297 1691
f 1634 1259 1906
f 297 1634 1906
f 1634 1725 1451
f 1259 1634 1451
f 473 1634 297
f 1634 1815 1725
f 1634 473 1815
f 800 385 18
f 800 916 385
f 136 800 18
f 799 800 136
f 980 6 1806
f 6 1373 1806
f 1373 6 1695
f 1695 1712 1074
f 1712 799 1074
f 1712 800 799
f 800 1712 916
f 1915 1712 1695
f 916 1915 1777
f 1712 1915 916
f 489 286 854
f 1839 286 489
f 74 286 86
f 286 74 854
f 1416 584 1060
f 1310 584 1416
f 1060 584 31
f 584 1310 31
f 1407 758 656
f 758 698 656
f 698 758 471
f 471 758 640
f 758 1060 640
f 758 1407 1060
f 1179 1159 1857
f 1159 132 1857
f 799 1159 813
f 132 1159 799
f 1840 799 813
f 1840 1373 799
f 1856 1840 813
f 263 1840 1092
f 1840 1856 1092
f 587 1840 263
f 1840 587 1806
f 1373 1840 1806
f 612 1477 157
f 1086 1477 612
f 1745 560 851
f 560 1745 1611
f 1611 1745 83
f 1745 1995 83
f 1995 533 1103
f 805 533 793
f 533 1995 793
f 533 805 157
f 1477 533 157
f 1270 1317 1096
f 827 1270 1096
f 1317 1270 1272
f 1737 827 1873
f 1737 371 477
f 1737 1873 371
f 1272 1838 477
f 1838 1737 477
f 1737 1838 827
f 1270 1838 1272
f 1838 1270 827
f 1191 891 63
f 891 1191 299
f 317 1191 63
f 408 1320 317
f 727 1320 408
f 1320 1191 317
f 1191 1320 299
f 1320 1847 299
f 1320 727 1847
f 486 304 1674
f 304 486 1731
f 1674 304 403
f 304 700 403
f 700 304 1731
f 824 1476 1776
f 1337 1476 1790
f 1476 1687 1776
f 1687 1476 1337
f 32 182 1907
f 182 720 1907
f 1821 927 1933
f 51 927 972
f 927 38 972
f 38 927 714
f 927 1821 714
f 838 1948 830
f 53 838 830
f 1948 838 939
f 838 288 939
f 288 838 1284
f 838 53 1284
f 1698 1575 388
f 199 1575 1698
f 969 1575 1693
f 1575 969 388
f 1205 923 779
f 923 1205 1640
f 1205 779 57
f 367 1205 57
f 560 1205 367
f 923 236 779
f 236 923 79
f 1958 236 79
f 236 1958 1325
f 236 1678 779
f 1777 236 1325
f 1678 236 1777
f 970 1543 83
f 1440 1543 1332
f 818 1543 970
f 1543 818 1332
f 1610 434 1457
f 1610 1440 434
f 1610 1611 83
f 1543 1610 83
f 1610 1543 1440
f 1165 560 1611
f 1165 1610 1457
f 1610 1165 1611
f 1165 1205 560
f 1205 1165 1640
f 484 1931 1640
f 484 1165 1457
f 1165 484 1640
f 434 484 1457
f 1931 484 434
f 356 1396 968
f 1328 1396 356
f 1396 1086 968
f 1396 1477 1086
f 1003 1100 1309
f 1100 1003 1160
f 1138 1100 1160
f 1252 864 1624
f 1252 1949 864
f 1301 1252 1188
f 1252 1301 1949
f 76 725 763
f 1262 265 1351
f 265 1811 1351
f 1811 265 1810
f 265 1067 1810
f 1067 265 1262
f 228 460 139
f 1795 228 139
f 193 228 1795
f 228 193 1460
f 460 228 1460
f 988 61 820
f 988 1791 1590
f 988 820 1791
f 1713 988 1590
f 61 988 1012
f 988 1713 1012
f 1877 1831 707
f 776 1877 707
f 1877 981 1831
f 981 1877 1361
f 940 1877 776
f 360 1877 940
f 1361 1877 360
f 1452 1265 1639
f 1452 981 753
f 1452 753 548
f 1265 1452 548
f 1043 984 808
f 984 981 1361
f 984 360 808
f 984 1361 360
f 379 1818 753
f 981 379 753
f 984 379 981
f 1818 379 1043
f 379 984 1043
f 981 1104 1831
f 1104 1265 1831
f 1265 1104 1639
f 1104 1452 1639
f 1452 1104 981
f 654 376 1664
f 654 783 376
f 296 654 1664
f 654 296 387
f 1154 654 387
f 783 654 1154
f 1316 1150 1519
f 676 1150 1316
f 1519 1150 1368
f 1150 1837 1368
f 1150 676 1837
f 595 957 1879
f 775 1201 1768
f 1201 775 279
f 488 1201 279
f 1312 221 623
f 226 1312 623
f 1815 1312 1725
f 1312 226 1725
f 1915 908 1777
f 908 1678 1777
f 908 565 1678
f 596 1915 1695
f 596 908 1915
f 596 6 980
f 6 596 1695
f 375 596 980
f 1997 596 375
f 596 1997 565
f 908 596 565
f 1063 1839 1800
f 1063 286 1839
f 1063 1800 86
f 286 1063 86
f 813 756 1179
f 756 1159 1179
f 1159 756 813
f 440 851 1770
f 440 1745 851
f 1979 440 1770
f 1703 440 1979
f 1995 440 1703
f 1745 440 1995
f 30 1328 1103
f 533 30 1103
f 30 533 1477
f 30 1396 1328
f 1396 30 1477
f 862 1476 824
f 531 862 1706
f 862 824 1706
f 1790 848 1232
f 848 1731 1232
f 848 700 1731
f 1241 256 403
f 700 1241 403
f 282 822 115
f 282 115 256
f 1241 282 256
f 302 282 1700
f 822 282 302
f 1700 282 1002
f 1626 531 1002
f 282 1626 1002
f 1626 282 229
f 1626 862 531
f 761 1034 934
f 934 1034 1986
f 1034 1384 1986
f 1384 1034 972
f 1034 51 972
f 720 1034 761
f 182 1034 720
f 1129 199 1657
f 1129 1575 199
f 1531 1129 1657
f 1129 1531 1693
f 1575 1129 1693
f 1171 1100 1138
f 1171 1138 1188
f 1171 76 763
f 1309 1171 763
f 1100 1171 1309
f 1542 595 33
f 1542 659 833
f 595 1542 957
f 238 1542 33
f 659 1542 238
f 507 1542 833
f 957 1542 507
f 1852 1879 124
f 1852 595 1879
f 1852 124 33
f 595 1852 33
f 1201 1033 1768
f 1033 1201 488
f 1033 488 186
f 1033 1154 1768
f 1154 1033 186
f 221 225 31
f 1312 225 221
f 225 1312 1815
f 225 640 31
f 225 1815 640
f 1833 862 700
f 862 1833 1476
f 848 1833 700
f 1476 1833 1790
f 1833 848 1790
f 282 1333 229
f 1333 282 1241
f 1333 1241 700
f 1034 1419 51
f 1419 1034 182
f 927 1419 1933
f 1419 927 51
f 1419 32 1933
f 1419 182 32
f 1171 261 76
f 261 1252 1624
f 1252 261 1188
f 261 1171 1188
f 725 261 1624
f 76 261 725
f 2 1626 229
f 1333 2 229
f 2 1333 700
f 862 2 700
f 1626 2 862
o Cracks
v 10.517572915374558 9.297824710257931 0.1
v 9.98177003719879 9.23295216446046 0.1
v 9.234650175370444 9.259016181418664 0.1
v 10.300051992884077 10.77044371289153 0.1
v 10.726319695039997 9.938500249772185 0.1
l 2001 2002 2003 2004 2005
v 9.099376309314177 11.049431555154548 0.1
v 8.210838429282385 10.562430665371922 0.1
v 8.63316060967833 10.462624185923797 0.1
v 7.879278974251912 10.619799625244916 0.1
v 8.228564397054647 11.341682447875671 0.1
l 2006 2007 2008 2009 2010
v 1.442594122762743 -4.456916274413009 0.1
v 0.6994758882487537 -3.487420610695368 0.1
v 0.4086638273393286 -4.009161597321691 0.1
v 1.174071940457401 -3.8585074210110086 0.1
v 0.47753334252612567 -4.442748416982744 0.1
l 2011 2012 2013 2014 2015
v -7.994654424439469 1.5463110142821301 0.1
v -9.298791040430492 2.2545894220397806 0.1
v -9.05609234034468 2.5565315242348214 0.1
v -8.874465051543124 1.5974419015318653 0.1
v -9.174211865239956 2.7242244531644166 0.1
l 2016 2017 2018 2019 2020
v 14.292337927970518 -1.3135047573489704 0.1
v 14.978697708442684 -1.8120447522617515 0.1
v 13.49662497622645 -0.46814257436660256 0.1
v 15.274624584033988 -0.7500742919998693 0.1
v 15.072385005009934 -1.8225881052722566 0.1
l 2021 2022 2023 2024 2025
v -4.8706553216081225 -10.250058253386083 0.1
v -3.733965187162517 -9.398422037926304 0.1
v -4.515086432314001 -10.015133706087905 0.1
v -4.279394085680407 -9.584171177908145 0.1
v -4.797985686742552 -9.327569131838608 0.1
l 2026 2027 2028 2029 2030
v -9.46824692205789 -3.928208745636132 0.1
v -10.571110874736842 -5.536423909619431 0.1
v -10.65576024404286 -3.9432163759930754 0.1
v -11.054621898756249 -4.533109236169131 0.1
v -10.691938581657942 -5.152985106054793 0.1
l 2031 2032 2033 2034 2035
v -9.128207119976773 4.318850979542242 0.1
v -8.489633309648536 4.811950504355261 0.1
v -9.327729195970582 3.445693160822797 0.1
v -9.129399742250186 3.91254976009059 0.1
v -8.661561605311446 3.4042849367510946 0.1
l 2036 2037 2038 2039 2040
v -11.92535721707541 5.482973708199854 0.1
v -11.616347567012918 5.685786293865059 0.1
v -12.605880936184183 6.723893982119498 0.1
v -11.399611363236891 6.13739079971065 0.1
v -12.023546819850969 5.3040830737062485 0.1
l 2041 2042 2043 2044 2045
