# Cyvl Generated CAD Model
o Street_Mesh
v 14.112642626743764 -1.0981327882036567 0.0
v -0.42454135278239846 -9.385115179233253 0.0
v 3.40599521540571 1.6632081978023052 0.0
v 0.7645138108055107 -12.860084581188858 0.0
v -9.41771157871699 13.650610339827836 0.0
v -12.60272437875392 4.712518367916346 0.0
v -11.170978323847521 -6.0769930155947804 0.0
v 3.027923545159865 11.530130743980408 0.0
v -2.34625251829857 7.942802493460476 0.0
v -11.231928166525904 12.973178304731846 0.0
v -12.89430173666915 -9.771820873953402 0.0
v 6.791580896067899 -11.987548182718456 0.0
v 9.796742218488362 -4.393821361474693 0.0
v -11.202437036670744 9.298515417613089 0.0
v -12.78647215361707 -8.63912724237889 0.0
v 14.875519135210197 2.6848404398187995 0.0
v 9.200770589173771 -13.54617020022124 0.0
v -13.619608043634798 6.5330484407022595 0.0
v -0.8997492284397595 -4.295513005927205 0.0
v -4.622245307255071 9.380318325944245 0.0
v -7.356688443571329 -5.898949051275849 0.0
v -11.681167670176364 -1.3178111389279366 0.0
v 9.761945141246542 -2.5883034132421017 0.0
v 11.114307205425575 -14.939629375003278 0.0
v -0.4166603634948842 12.091089591383934 0.0
v -12.967635690700263 -4.58174845110625 0.0
v -3.476806919381488 -9.646791602484882 0.0
v 7.711704204673879 -13.538889463059604 0.0
v 7.731035059667192 -14.997063314542174 0.0
v 8.272321048891172 9.489382187835872 0.0
v -11.013582089100964 -10.432590131647885 0.0
v 9.464528543059714 -2.072553299367428 0.0
v -8.240492410317529 -3.4544218564406037 0.0
v 4.535880986310076 9.916058773174882 0.0
v -11.758968960028142 4.6433991035446525 0.0
v -2.327499851002358 12.594959964975715 0.0
v -1.296241036907304 0.4937566723674536 0.0
v 2.803063379484229 -3.9955447018146515 0.0
v 6.28526045352919 -11.210265478119254 0.0
v 12.319387093477417 -12.861149943433702 0.0
v 2.22682248178171 8.062494936399162 0.0
v -1.3429163462715223 6.15486122854054 0.0
v -7.140796947700437 13.844438786618412 0.0
v -11.096298233955167 10.466444625519216 0.0
v -13.13561744132312 5.626469356939197 0.0
v -9.878284002421424 -6.0346262296661735 0.0
v -10.40827896737028 10.314062654040754 0.0
v 9.104285521025304 0.29249529261142015 0.0
v 12.207000052905641 -10.78239219263196 0.0
v 13.760537696827669 7.342725057154894 0.0
v 12.987028953677509 -13.62701994087547 0.0
v 11.205907101451885 13.04773482400924 0.0
v -12.835007672780193 -2.748318229801953 0.0
v -5.491912799072452 -5.735479522496462 0.0
v 0.2621696952264756 -5.1558165131136775 0.0
v 2.1632563192979433 -9.804902328178287 0.0
v 10.3066083631129 -14.115132045000792 0.0
v -3.1886943506542593 -7.6897954614833 0.0
v -4.75589565228438 -11.08592382259667 0.0
v 10.175289809820242 -14.223794816061854 0.0
v -7.05259949201718 9.879612400196493 0.0
v 0.2499265616061166 1.5853743636980653 0.0
v 4.9773074821569026 8.782465825788677 0.0
v 9.281278916751035 6.593721124343574 0.0
v 7.321011055842973 -4.662361687980592 0.0
v 10.739728237211239 -4.587693098001182 0.0
v 11.106568623217754 -6.784991159103811 0.0
v -9.704941695323214 12.347256843931973 0.0
v 2.011994515603874 13.8028215598315 0.0
v 8.455541617469862 5.308481819927692 0.0
v -13.664790269045625 10.80981089733541 0.0
v 7.147668759338558 9.916789972223341 0.0
v -5.979628111701459 10.11278813239187 0.0
v -4.293417135253549 -4.7118559731170535 0.0
v 1.0262890708982013 6.647517830133438 0.0
v -5.862059573235456 10.885877619497478 0.0
v 7.568126247031614 -6.7483261581510305 0.0
v 3.0917480103089474 11.414966631680727 0.0
v -12.00017397647025 -6.399691671133041 0.0
v 12.009570096386597 -5.935122916474938 0.0
v -2.079206143913325 -0.5955849438905716 0.0
v -12.177197119221091 9.723088811151683 0.0
v 4.234921276918612 -8.99963308032602 0.0
v -7.486021402059123 0.5195316830649972 0.0
v 11.136051362962462 13.496380858123302 0.0
v -7.575871593900956 11.13875451311469 0.0
v 2.634843181585893 3.4079680871218443 0.0
v 3.040516802575439 9.866017523221672 0.0
v -5.989746958366595 -10.098972744308412 0.0
v 1.0785478031029925 1.699980728328228 0.0
v -10.016771942027844 -8.667311558499932 0.0
v 6.422183428774588 6.3530585849657655 0.0
v 3.192508941167034 0.7252878854051232 0.0
v 0.8181967661366798 -12.983733247965574 0.0
v -11.484389662800822 -9.880529450252652 0.0
v -8.008902136294637 2.535540306940675 0.0
v 5.60746197483968 -8.10488436743617 0.0
v -8.975858148711268 14.961000882089138 0.0
v 14.622437910933513 -1.2880354365333915 0.0
v 10.150768247374799 -14.558883567340672 0.0
v 12.010312822763808 7.961798753589392 0.0
v -3.0208829240873456 -3.838463774882257 0.0
v 12.031943559646606 6.8750226544216275 0.0
v 4.235525531286839 -14.659759255126119 0.0
v -3.3015561851789244 -3.5102808196097612 0.0
v 6.8272110063117 -9.369986244477332 0.0
v 7.091980324068572 4.969249407760799 0.0
v 6.122150593728293 -10.910130908712745 0.0
v 11.356888171983883 -1.1555123357102275 0.0
v -12.89561500196578 -9.704004943370819 0.0
v -0.24274786288151518 -4.6013008411973715 0.0
v -4.479063206817955 -3.4244697196409106 0.0
v 9.748652856098488 -6.564013831317425 0.0
v -0.14925919938832521 3.8813564404845238 0.0
v 1.464824931754265 -12.257074768655002 0.0
v 10.505102871276904 7.042390884831548 0.0
v 6.417767714010552 -2.954339249059558 0.0
v 12.487465969286859 -8.938532351516187 0.0
v -3.3901158990338445 8.058990023098886 0.0
v -4.459716742916498 -8.504663419909775 0.0
v -4.392607552290428 4.424463780596852 0.0
v -4.834922065201681 3.462645431049168 0.0
v -14.149640984076541 10.983580980449915 0.0
v -5.466484390723053 5.021832597441971 0.0
v 0.062304793507792056 -14.894181077368557 0.0
v -12.127860504144337 -5.431702024303377 0.0
v 8.667713856440969 -11.310692452825606 0.0
v 14.187617955205496 -13.888736476190388 0.0
v 2.6409288619761355 1.904724219813943 0.0
v 9.961084768583532 -0.4362208256497979 0.0
v -1.2248055803356692 7.340792886912823 0.0
v 11.991445482999552 -14.47427434194833 0.0
v 5.0393941889633425 11.966632097959518 0.0
v -13.75375899876235 -2.1249571898952127 0.0
v 9.786875928053632 -2.3629663391038775 0.0
v 2.416950573446229 -12.151031643152237 0.0
v 8.906003335956484 11.012151557020843 0.0
v -3.8354912827489898 -2.804675305262208 0.0
v -1.247727551148273 10.496988218277693 0.0
v 6.353179572150111 9.021562608890235 0.0
v -4.6726770548848435 -4.043510627001524 0.0
v -13.625238513341174 -2.3875719662755728 0.0
v -7.452957010769751 -1.8892684578895569 0.0
v -3.2969861305318773 7.066927222535014 0.0
v 12.802271745458711 14.313900789245963 0.0
v 4.174329859262798 11.932438349351287 0.0
v -4.473187882802449 -5.9961431715637445 0.0
v -6.244177613581996 -0.16037992015480995 0.0
v -14.25709762488259 -13.587112865410745 0.0
v -6.861910138861276 6.140725100412965 0.0
v -14.571436074911617 -5.423405117355287 0.0
v -8.911359504738357 -13.792382814921439 0.0
v 9.839806077536196 -7.647007999941707 0.0
v 6.490086776204407 5.4476104052737355 0.0
v -13.819458223122638 0.17375625483691692 0.0
v 6.636036075185984 8.021336800418794 0.0
v -5.071500178950373 -9.910189964808524 0.0
v -2.672282547398936 3.260575719177723 0.0
v -11.0767621032428 -2.4608622174710035 0.0
v -7.944570326653775 2.687026367522776 0.0
v -1.4494240902131423 7.077009653672576 0.0
v -13.12770071864361 3.4603210100904107 0.0
v 5.876536902098451 9.959257210604846 0.0
v -14.475957992603071 -6.248440135270357 0.0
v -0.8690305291675031 -8.018812593072653 0.0
v -1.286058358498849 -3.492097832262516 0.0
v 14.537240378092974 -2.2249862467870116 0.0
v 5.884447584161535 -12.220476190559566 0.0
v -4.98025684687309 -13.909610810689628 0.0
v -7.2505743618821725 -12.60871709510684 0.0
v 4.466245245188475 12.608991496264935 0.0
v 5.857300715404563 9.872194211930037 0.0
v 2.584536887239665 10.081751268357038 0.0
v -9.207058260100894 12.102394428104162 0.0
v 14.038256648636889 -4.112782663665712 0.0
v -14.153077354247216 8.73977380618453 0.0
v -13.770186192763504 -10.466625089757144 0.0
v -14.343236570479348 -4.380250563845038 0.0
v 5.500969847256783 13.737316372804344 0.0
v -11.266605380282272 -6.60442125890404 0.0
v -9.667480987904128 0.6619876595214009 0.0
v 9.555789195408579 9.060436077415943 0.0
v 12.10695954185212 -4.6438714396208525 0.0
v 0.21268331201281399 -13.316126903519034 0.0
v 8.517426648235414 4.11039168573916 0.0
v 14.77621220977744 6.429034823551774 0.0
v -10.366961683845147 -2.1377856954932213 0.0
v -8.816595805692486 4.201416915282607 0.0
v 14.230557977454737 6.363603919744492 0.0
v -10.829684574273415 6.768976429477334 0.0
v 7.894162537937518 -3.7591068102046847 0.0
v 6.931890869629569 2.9550483180209994 0.0
v 10.337024021428078 -2.6737372800707817 0.0
v 13.615754621045198 8.758061376400292 0.0
v 11.186016945110168 7.119115172885358 0.0
v -5.01696744048968 7.201419021002948 0.0
v 3.1894874678109773 -1.2729630274698138 0.0
v -8.890678093477618 4.153707127086818 0.0
v 0.27035455143777654 -7.978162905201316 0.0
v 5.5660011727013625 -3.937301111407578 0.0
v 12.188491318316665 -10.963490698486567 0.0
v 10.639354822284076 -3.574147560633719 0.0
v 1.8541606924845837 0.17874625604599714 0.0
v -0.27877956675365567 3.24439531378448 0.0
v 14.27552205347456 -3.4289059257134795 0.0
v -8.596245979424566 -6.097583221271634 0.0
v 6.996205995150376 -6.941771128214896 0.0
v 5.284250839264132 -7.061606660485268 0.0
v -6.933716756524518 -8.807287443429232 0.0
v -7.4312217039987445 -7.677690003067255 0.0
v -9.1189831267111 -0.7801462262868881 0.0
v -14.869484384777024 7.715659995563328 0.0
v 3.392023456748575 -13.460189621895552 0.0
v 2.3120919732027687 9.29829397238791 0.0
v 2.564163743983954 -1.2151452079415321 0.0
v 11.524986669130158 -11.62646416760981 0.0
v -4.64257950958563 -6.764548370614648 0.0
v -10.30542908073403 0.04498841520398855 0.0
v -14.648702370934188 -6.958994568325579 0.0
v -3.116915190767031 0.7896552942693233 0.0
v -14.206365521007683 -13.719087063334882 0.0
v 7.704371951869689 3.5420078430324793 0.0
v -6.922296853212174 1.523605840280652 0.0
v 13.732741764280945 -14.763362552039325 0.0
v -9.194674547412433 3.858747763559222 0.0
v -2.7419178003328852 10.769869055598974 0.0
v -6.035280585696455 -12.651540192775428 0.0
v 4.1969550722278655 -1.3855197634547949 0.0
v -6.943798065709416 6.118360069580376 0.0
v 5.034067022905219 2.1180099695920944 0.0
v 0.5072602456784807 11.121334451250732 0.0
v -14.579508937778883 -12.254723139107227 0.0
v 11.006311819888651 13.5634291106835 0.0
v -10.684523109230213 -5.5089084934443235 0.0
v 7.681657693290617 1.6787371216341853 0.0
v 7.181341677438468 -3.7453976534307003 0.0
v 4.600472734018695 -10.816684373654425 0.0
v 1.6012112134485506 -8.555759030394256 0.0
v 8.975812516873702 -5.0951505824923515 0.0
v 0.9423950241762213 -6.69499687012285 0.0
v -12.230426768015604 -5.866251791827381 0.0
v -5.365494041470811 13.327780783176422 0.0
v 2.4377086356980726 -1.0624547097831964 0.0
v 7.361215578857809 -14.36697035562247 0.0
v 5.573750549869146 -5.920277715660632 0.0
v 0.8118426800356247 -5.541664615273476 0.0
v 1.797708609548863 5.651549226604402 0.0
v 7.345794609806035 -12.803919423371553 0.0
v -7.747525707061868 -11.53506289422512 0.0
v -14.504785767698195 -4.691014923155308 0.0
v 2.5350065525854006 -13.990046700462699 0.0
v 8.244516322738491 -12.172118300572038 0.0
v -13.587230952456594 14.028983525000513 0.0
v -12.604820495238528 7.908622937276959 0.0
v 14.656900801695883 9.720896515063941 0.0
v -14.88603817106923 -0.9340959992259741 0.0
v -0.5831348500214517 -0.2643890706822276 0.0
v -1.1018907344550826 -5.470373107120395 0.0
v -10.25649797351798 9.878133349120617 0.0
v -14.859179648396093 5.8386694099754095 0.0
v 8.322140621836297 -4.660568246617913 0.0
v 1.328034820733592 -1.5594248045235872 0.0
v -13.219399965775665 0.22980790678411722 0.0
v -6.498933447350282 3.5341254388913512 0.0
v 13.193983310367912 -10.094975426793098 0.0
v -3.3193596599739976 -6.416247847490013 0.0
v 10.210373165202327 -1.4281119024381042 0.0
v -5.308740560780279 -1.5944274943321943 0.0
v -14.888562743901275 4.457585485652089 0.0
v 8.332533191307448 -10.245014928281307 0.0
v 7.093558728287462 -10.331965994089842 0.0
v -3.047214951191563 14.87524880003184 0.0
v 1.2994991728919558 -10.549143738113344 0.0
v -1.6198722695698962 11.056213366799057 0.0
v -13.406783719547093 -3.904980542138219 0.0
v -7.149823654734064 11.281371597200632 0.0
v -14.637459932011552 12.210140570998192 0.0
v 1.7739904206828214 9.604225190356374 0.0
v 1.9344587638042867 11.884129284881055 0.0
v -3.0151339264702983 1.3967042258009315 0.0
v 0.9683011524030007 8.553904866799712 0.0
v 1.0588151686824858 11.18027953337878 0.0
v 7.205476734787226 -13.618492036126554 0.0
v -3.5566132441163063 -10.898452914319932 0.0
v -13.000910967122763 -1.8177311858162284 0.0
v 2.5180920136044733 -11.56700988765806 0.0
v 6.002759601222351 9.217577376402915 0.0
v -0.9095050618634559 6.097739401273429 0.0
v 2.543836306896992 11.79652427509427 0.0
v -9.493243939999957 0.6371073545888066 0.0
v 7.065353298268747 11.72827267087996 0.0
v -10.97279699909268 9.292658805847168 0.0
v 5.702594856149517 9.830061332322657 0.0
v 3.618009168538265 -8.499496459029615 0.0
v -14.262564117554575 7.353087309747934 0.0
v 1.6843311219708994 3.485816804692149 0.0
v 8.909628523164429 -12.497206037864089 0.0
v -2.7156882167910226 1.17402084171772 0.0
v 5.125102917605545 -10.148699818179011 0.0
v -12.191297992598265 -1.0172896003350616 0.0
v -10.553889971692115 -5.512463330291212 0.0
v 8.247731282375753 -7.1820918107405305 0.0
v 9.550758543657139 13.11672555282712 0.0
v 0.7485167505219579 -10.283004488795996 0.0
v 9.186615829879884 -5.815903199836612 0.0
v 11.457158355682623 6.467536402866244 0.0
v -3.2870461482089013 -10.143971355631948 0.0
v -2.097749369975645 -12.280480418354273 0.0
v 13.88267457584152 14.989667100831866 0.0
v 1.5912200756720267 1.7759461784735322 0.0
v 1.0989930215873756 -3.83995249401778 0.0
v 3.4918110844446346 -14.333906633779407 0.0
v 8.565967929374892 -12.552504476159811 0.0
v 9.672805874142796 8.360003526322544 0.0
v -7.745278018410318 -8.40245582908392 0.0
v 6.6354685255209915 2.3289276361465454 0.0
v -6.316859930404462 -9.150448894128203 0.0
v -5.6404721798026 -14.698378047905862 0.0
v 4.604085389466491 7.2667488139122725 0.0
v -0.5447700739023276 11.74406610429287 0.0
v -10.887904248898849 7.134683133102953 0.0
v -1.7484604086494073 -3.411951480433345 0.0
v -3.780703416734468 10.323032541200519 0.0
v 12.691297374200076 5.117300949059427 0.0
v -5.9427785677835345 -3.528243016451597 0.0
v 11.506374724849593 10.268203360028565 0.0
v 4.521439562377054 6.806680798530579 0.0
v 7.641439102299046 -4.594928425736725 0.0
v 7.322691859211773 3.514993133954704 0.0
v 0.4710226316237822 1.930941117927432 0.0
v -13.602362091245595 -4.731090513058007 0.0
v -1.8681209465139546 -2.5344450920820236 0.0
v -9.664166230126284 4.447182694450021 0.0
v 13.30480782140512 -10.851821333169937 0.0
v 2.487592035497073 9.40390945598483 0.0
v 7.403221269138157 -5.664171930402517 0.0
v 10.96959535748465 -0.028681828640401363 0.0
v -12.578154405462556 9.95433872193098 0.0
v 14.118395658617374 -14.647273645736277 0.0
v 0.066464846895542 0.6930782226845622 0.0
v 5.678859670413658 -12.300991905853152 0.0
v 14.776453878090251 -14.193468272686005 0.0
v 9.449195682711434 -12.786159753799438 0.0
v -2.1500792707083747 14.861708069220185 0.0
v 13.415462803910486 10.212387261912227 0.0
v 4.9028800405794755 2.6633617971092463 0.0
v 3.2432540267473087 -6.226684167049825 0.0
v 9.90380806120811 -1.8372353352606297 0.0
v -0.15729996317531914 -1.3668677685782313 0.0
v -4.470783378055785 -6.936449855566025 0.0
v -5.993970444833394 9.258826527744532 0.0
v 2.6776180810993537 -7.641560698859394 0.0
v -10.068194085150026 10.552405060268939 0.0
v 1.513199067732785 -9.324747285805643 0.0
v 12.970088072237559 -14.726418393664062 0.0
v 2.2758479539188556 -9.8914955239743 0.0
v -1.0538316670572385 -5.552175394259393 0.0
v 7.764841268071905 9.291366590186954 0.0
v 8.91086403123336 7.825111974030733 0.0
v 7.876137138751801 -14.809756546281278 0.0
v -4.791179712396115 -7.956726331263781 0.0
v -5.670940592302941 -11.24231433402747 0.0
v 8.47897773841396 6.801818077452481 0.0
v 1.0329699704889208 7.170669900253415 0.0
v -11.62445044494234 12.736669019795954 0.0
v -4.399742023844738 3.0430527571588755 0.0
v -1.0443352464935742 -11.592845975421369 0.0
v 10.628614516113885 -5.955924259498715 0.0
v -5.860511156730354 4.3070659674704075 0.0
v -5.507131149992347 11.307980905286968 0.0
v -2.6012158652301878 4.105549207888544 0.0
v 14.465807035798207 1.9224462965503335 0.0
v 5.028485458402429 9.563909836113453 0.0
v 9.50518797460245 -9.5316898599267 0.0
v 11.709666509006638 1.3626521453261375 0.0
v -5.74378333252389 8.06933524273336 0.0
v -2.33275650779251 -11.238611539825797 0.0
v -14.572489089390729 -3.767632531002164 0.0
v 1.2492656079120934 -8.221922122873366 0.0
v 6.781901027949061 2.4823669800534844 0.0
v -6.975136325927451 -11.927479969337583 0.0
v 11.361792061186861 3.5230080680921674 0.0
v -5.0457735626841895 -0.31083087623119354 0.0
v -3.7460607204702683 7.45515217166394 0.0
v -14.911236375279259 1.6958172200247645 0.0
v 13.467198623577133 8.824622237123549 0.0
v -5.926146142242942 9.897632719948888 0.0
v -3.4322745910612866 12.659120818600059 0.0
v 6.5128277479088865 -14.38341823965311 0.0
v 10.33046343002934 -0.11777317710220814 0.0
v -13.817788276821375 13.17468800675124 0.0
v -9.499402939225547 -0.1604247884824872 0.0
v 4.934182636556216 -0.5764715652912855 0.0
v 9.472156856907532 -5.561831626109779 0.0
v 2.702531164395623 -14.422921078279614 0.0
v -8.755903363984544 -8.676183537580073 0.0
v -3.4755550957052037 14.414159396663308 0.0
v -3.667888705560472 9.184862721711397 0.0
v -12.911841951252427 -2.8567421566694975 0.0
v 12.82154135860037 -0.8584805512800813 0.0
v -3.3302519006538205 -4.838597436435521 0.0
v 0.3935559372766875 6.232946404255927 0.0
v 9.684849773766473 6.660740772262216 0.0
v 7.803314952587243 2.180838704109192 0.0
v 6.882862925296649 -7.020112751051784 0.0
v -8.398343801265582 4.384512864053249 0.0
v -0.4370379894389771 -0.4269472397863865 0.0
v 12.910603934666142 -13.56090956646949 0.0
v 7.886215926671866 -2.7591509707272053 0.0
v -10.958189403696451 9.146724064834416 0.0
v -6.509458350134082 -14.701942212879658 0.0
v 9.425662040070165 -8.645517165772617 0.0
v -6.318507990217768 0.3506868649274111 0.0
v -9.187643216748256 14.824841014109552 0.0
v 14.408194555900991 -4.693881005980074 0.0
v -14.757488652539905 9.840934166684747 0.0
v 4.510597730462905 9.202525560744107 0.0
v -3.3356278961873613 -11.5903608687222 0.0
v 14.251767683716025 -8.65468529984355 0.0
v -10.69261143996846 12.20672411751002 0.0
v -0.4340716429287568 -10.550822458229959 0.0
v -12.249822926765773 1.3089481675997376 0.0
v -0.37961972365155816 -3.8572275144979358 0.0
v -8.778104469180107 -6.713093398138881 0.0
v -1.811705408792477 10.61328352522105 0.0
v 5.026226336718537 -7.6436404921114445 0.0
v -11.020172377291601 4.471882900223136 0.0
v 7.092666911194101 12.229138743132353 0.0
v 9.122293251391966 -0.24074876494705677 0.0
v -14.130189328279812 13.575110854580998 0.0
v -7.112192371569108 -0.044784666039049625 0.0
v 5.460218676482327 -5.3972564451396465 0.0
v 2.550811723282095 -10.379873587749898 0.0
v 14.03829878527904 -1.4198191026225686 0.0
v -11.29033637070097 -5.46014822088182 0.0
v 11.451518044923432 -6.861396993510425 0.0
v -4.849242212541867 -5.098573595285416 0.0
v 9.094228543690406 3.8015599520877004 0.0
v 0.11450460209744051 7.817941122688353 0.0
v -11.315458680619486 11.945361275225878 0.0
v -3.032376526389271 0.5756892506033182 0.0
v -0.8553996228147298 -1.1134550515562296 0.0
v 5.586458466306794 12.076552019454539 0.0
v 2.979801351611968 -14.132841809652746 0.0
v 8.558644922915846 -5.804361552931368 0.0
v -11.252053855510894 2.3837389312684536 0.0
v 14.396173643472139 7.592412469908595 0.0
v 14.297490943630692 -10.674114221706986 0.0
v 0.35902875126339495 8.623208156786859 0.0
v -13.906211717578117 0.17600610852241516 0.0
v -2.182263422408141 -8.03624895773828 0.0
v -9.350736342777964 -2.9517637779936194 0.0
v 13.493362656037789 6.856595363467932 0.0
v -11.950294740439858 5.894445535726845 0.0
v 1.1057790654012933 2.8562990184873343 0.0
v -6.920141716895159 1.9659568509086967 0.0
v 0.3213207613443956 1.3619973389431834 0.0
v 14.646865325048566 1.713128075003624 0.0
v 13.007173379301094 -1.4529300043359399 0.0
v -2.70588739059167 -7.217767250724137 0.0
v 2.3195889106136747 -10.725896889343858 0.0
v -2.0088182810577564 -9.164724101312459 0.0
v 5.824607472342905 3.755927113816142 0.0
v -2.99911434360547 -8.888835966587067 0.0
v 2.620992889336776 5.210088853724301 0.0
v 8.082052991201635 2.2480951668694615 0.0
v -11.873962305602618 -14.964410468004644 0.0
v 3.1394424183527008 3.61479985807091 0.0
v -10.010314657352865 13.82933075260371 0.0
v -2.399629446968902 -9.987531984224916 0.0
v -14.055724830192048 -2.9514216165989637 0.0
v 10.31305928278016 -5.580076426267624 0.0
v 8.792245409218594 -12.753170144744217 0.0
v 11.852801388769876 -4.9895453536883 0.0
v 10.022427119372878 -0.01661610882729292 0.0
v -6.397444806701969 -6.499962079338729 0.0
v -14.896136519382708 -9.307145574130118 0.0
v 12.453277083928697 3.9927041763439775 0.0
v -0.875042078201659 -9.180887973867357 0.0
v -5.272626078804024 10.215490512549877 0.0
v 13.019053600728512 0.6812989553436637 0.0
v 0.17299376777373254 12.311364904046059 0.0
v -12.30015742330579 -7.100807735696435 0.0
v -5.398528326419182 9.145102145150304 0.0
v 8.175763377686962 -7.541018806397915 0.0
v -9.063580769696273 5.059360967949033 0.0
v 8.498417054128367 1.8497742153704166 0.0
v -5.8745282337768 0.3684685518965125 0.0
v 12.816073897469323 3.4262183187529445 0.0
v 6.203587239142507 2.3407955039292574 0.0
v -14.04710425977828 -3.470567206852138 0.0
v -3.0503590418375097 6.280112927779555 0.0
v 5.078736865951214 -8.110463890247047 0.0
v -7.7251337810303085 -4.949861542321742 0.0
v 1.95037681638496 3.540763422846794 0.0
v 4.879711394896731 7.9921157034114 0.0
v -8.422336368064862 4.056732906028628 0.0
v 4.927680240944028 -4.168219794519246 0.0
v 12.191797118808609 -10.47998913936317 0.0
v -5.245915061037522 1.6381063479930162 0.0
v -0.20855850202497095 14.649375680834055 0.0
v 10.298769128508866 -11.565735037438571 0.0
v 9.138512708421331 -13.233686006627977 0.0
v -8.058312882727478 14.139105333015323 0.0
v 4.740494021447375 10.817926816642284 0.0
v -10.905514413723722 14.64612077921629 0.0
v 12.850429869780783 -11.60711676813662 0.0
v -10.495770894631278 6.91952002607286 0.0
v 13.33381259883754 -0.6434753332287073 0.0
v 4.670959758630488 13.378401963040233 0.0
v -10.288864201749675 8.429509723559022 0.0
v 5.415978539560456 -10.148157335817814 0.0
v -9.516425341600552 10.211798853240907 0.0
v -9.892736501526088 -8.69450933393091 0.0
v 4.192668291332666 -3.8885215995833278 0.0
v 10.450755866651889 4.113144529983401 0.0
v -0.9918511103605852 12.66141040250659 0.0
v -3.202157038555015 1.1569159729406238 0.0
v -0.33822116249939427 0.8604161581024528 0.0
v -2.333396000205539 -8.70758171286434 0.0
v -7.393149184528738 10.812829646281898 0.0
v 11.082510240317788 14.233469106256962 0.0
v 6.476170504291076 -11.369361657649279 0.0
v 5.808922476193402 -2.701883756555617 0.0
v 12.999702408676967 2.387144275009632 0.0
v -11.245360790751874 -11.663213687948883 0.0
v 12.695656276948284 10.563313423655927 0.0
v 3.4476932768593542 0.7374065620824695 0.0
v -10.322457202302758 14.938669603317976 0.0
v 8.59991524508223 12.455464840866625 0.0
v -11.513809642288834 -2.0464445715770125 0.0
v -1.825378685432952 0.5473784618079662 0.0
v 1.9384755343780853 -0.8797151250764728 0.0
v -1.5629474558518268 5.373486788012087 0.0
v -13.062975251523312 0.7507519060745835 0.0
v 2.7549457432469353 -13.525521940551698 0.0
v 13.478007980447728 -13.011456380598247 0.0
v -13.593074615171645 14.871462711133063 0.0
v 0.03708890255074948 9.803911782801151 0.0
v 7.229738985537551 2.3667506938800216 0.0
v -12.574583457724657 -14.04848287627101 0.0
v 8.287661571404897 -0.21177085023373365 0.0
v -10.235242641007062 8.742368506267667 0.0
v 11.089664947940037 12.480129075236619 0.0
v 14.029301029164344 12.89651031140238 0.0
v 4.611947405908722 -12.089979095384479 0.0
v 8.59473647462437 -10.700527304783463 0.0
v -9.187828095280565 5.264359917491674 0.0
v 6.697391231835354 -8.494141364470124 0.0
v -14.248297507176176 0.6079758498817682 0.0
v -9.67552182811778 2.90306475199759 0.0
v -12.346020352095366 0.21792159788310528 0.0
v 0.4963570922263898 -1.9123074309900403 0.0
v 4.597749058739282 1.949556208215654 0.0
v 12.790966603148263 2.8403666680678725 0.0
v -3.622516713629011 -7.828461183235049 0.0
v 14.104456514003687 -5.016076973639429 0.0
v 4.258973205462098 13.407539072446525 0.0
v -9.600720062793698 0.7614208627492189 0.0
v -0.9745234298170544 -14.718874062411487 0.0
v -3.7552772600902244 -11.82803984824568 0.0
v 4.634077113645617 9.327337535098195 0.0
v -14.060637276619673 -7.099613146856427 0.0
v -9.851827127451543 1.944770605303347 0.0
v 10.642939777346328 -12.197883188724518 0.0
v -5.703690186899621 -0.5116443438455462 0.0
v -3.209138958132826 9.92037018481642 0.0
v 7.03434453823138 -0.8715245239436626 0.0
v 8.132365550554823 -12.622534794732928 0.0
v 6.199332426069304 -7.092025959864259 0.0
v 11.917119182937313 6.651789225637913 0.0
v 1.2003904766170308 11.380640153773129 0.0
v 0.7600384603138082 10.14722166955471 0.0
v -5.762814852816518 -9.761692186817527 0.0
v -8.594342668657191 -1.4326261980459094 0.0
v -13.599431309616193 0.897202592343092 0.0
v -14.296471095178276 -4.021070083603263 0.0
v 11.131849080091342 -4.943282004445791 0.0
v 12.441627510939725 5.314071240834892 0.0
v -2.366274504980538 8.706936929374933 0.0
v -10.1284601262887 -8.089015807956457 0.0
v -10.942790212109685 -2.4984807539731264 0.0
v -7.293455277453177 1.9645003117620945 0.0
v 2.751717758132145 -14.385460022836924 0.0
v 9.122566381993238 -2.7313916319981217 0.0
v 0.5414802486193366 -9.647825916297734 0.0
v -5.282103443460073 -7.150560030713677 0.0
v 7.194508846907411 -10.573453975841403 0.0
v -4.631630587682594 12.567836930043995 0.0
v -11.953263224160764 -14.161430827341974 0.0
v 6.329212593613192 11.67535524442792 0.0
v -12.809924012457486 6.878918372094631 0.0
v 6.2656491658999585 -8.693551324307919 0.0
v -2.0368918920867145 -7.605898971669376 0.0
v 14.53590253344737 1.433124776929617 0.0
v 11.219310191227123 13.187985764816403 0.0
v 8.88593453320209 -7.1103155966848135 0.0
v -7.775186941667926 8.786337382160127 0.0
v -10.562645669095218 -6.5816593412309885 0.0
v -7.396746479789726 11.327070793136954 0.0
v 8.230017592781223 -9.810672179795802 0.0
v 6.865301128709689 -5.312344446778297 0.0
v -6.308283910970204 0.440100378356874 0.0
v -4.099395244731568 11.680406390689313 0.0
v 7.130078203917947 0.5285827415063977 0.0
v -11.503230444388464 0.19242527056485415 0.0
v -6.027014391613193 5.627421054057777 0.0
v -12.624945640040096 -11.456765002571046 0.0
v 6.758573903760407 8.931579011492431 0.0
v 2.0791937693720683 -6.277914895676076 0.0
v -6.838683035981376 -13.309704393148422 0.0
v -3.5257817791425623 -10.293150138109922 0.0
v -4.470504806784447 14.496817142702639 0.0
v 9.468965929816477 6.790089546702802 0.0
v -7.238048163708299 2.4616603879258037 0.0
v -9.918124159332365 -10.851260920986533 0.0
v -8.229142978263553 14.453567411750555 0.0
v 14.472476109222043 8.529712192714214 0.0
v 7.699341620260384 11.351725604385138 0.0
v -3.3400092145311646 -6.591139274649322 0.0
v -13.028022361919284 -4.219669733196497 0.0
v -6.695031826850027 12.612670267932117 0.0
v -0.14780367823550478 5.606114549562335 0.0
v -0.7188594613689929 -9.630847902968526 0.0
v -3.3527808857616037 -6.987202706746757 0.0
v -14.142714156943839 -5.046218770556152 0.0
v 13.6750114330207 -7.835553810931742 0.0
v 13.54004863568116 -10.425839786417782 0.0
v -13.77723873744253 -14.732528951019049 0.0
v -0.053608481073752046 -4.380675768479705 0.0
v -10.131866962823551 -10.631425212137401 0.0
v 10.331565895641688 -1.9137655245140195 0.0
v -3.4588195521500893 -0.1878042696043849 0.0
v 12.451411520130932 9.766682979650795 0.0
v 1.8158039121772163 -7.168218482285738 0.0
v -6.585041714482941 3.2637608805671334 0.0
v -7.809656054538209 1.467697069980204 0.0
v 1.1080401033977978 8.503190639428794 0.0
v -3.0391555086243898 -1.8063267124816775 0.0
v 2.2162335162283853 11.29127181135118 0.0
v -11.52123974042479 4.662655525840819 0.0
v 4.751795925665647 -13.91184787452221 0.0
v 0.535927617456764 2.3108950732275844 0.0
v -6.365222271590028 0.22890590131282806 0.0
v 11.631690884649288 -14.947033573873341 0.0
v -14.706000610953197 14.225727456621826 0.0
v -1.330708758032415 12.892033046111465 0.0
v -6.96694531547837 4.9782240726053715 0.0
v -3.79327850358095 -2.179502454586327 0.0
v -7.551119823358022 -3.1202219976112247 0.0
v -11.060302954225335 13.618718209676445 0.0
v 1.8724109712638892 14.907695061527193 0.0
v -14.830695845128503 -13.821578552946448 0.0
v -14.804294779838528 1.731516438536346 0.0
v -6.636108153499663 10.624562839977443 0.0
v -11.741615876846481 -11.682981706224382 0.0
v -10.97506105992943 -4.705453945323825 0.0
v 7.332368681090884 11.259936533868313 0.0
v 8.38647604797734 6.418300164863467 0.0
v 13.881396751152351 1.0807835133746266 0.0
v 11.257310200016946 -5.282528232783079 0.0
v 5.3248320744605735 13.472951399162412 0.0
v 4.917624232475646 -4.667914760299027 0.0
v -0.08384269085945562 -10.626589019782841 0.0
v 10.391651023819577 6.316542340442538 0.0
v -10.858739479561336 -4.571910792961717 0.0
v 9.55848660110496 -0.7228473480790854 0.0
v -8.778400344774127 -1.9586870465427637 0.0
v 13.396381670143455 0.18925107177346945 0.0
v 3.3830540244234726 9.076720150187612 0.0
v 12.877618022146635 14.352182429283857 0.0
v 1.5795291339163668 5.544149152003229 0.0
v -14.889877863635775 -8.39873592928052 0.0
v 14.37165121344151 4.079577497206628 0.0
v 11.6865374140325 10.114965789020061 0.0
v 2.006070993433241 5.189628001302481 0.0
v 1.253226233064197 5.641167004592717 0.0
v -9.987623700639233 -1.8508863523602486 0.0
v -1.2944525090279058 8.937060203403234 0.0
v 13.30269297893392 10.25364286545664 0.0
v -2.823995523911435 -0.6817333698272705 0.0
v 6.729201699257828 -10.976920202374458 0.0
v -3.223006952088326 10.661694130860269 0.0
v 6.943469127698336 10.648771975189447 0.0
v 2.5215449255192652 -13.599890727549791 0.0
v 11.536926295782905 5.042885007336736 0.0
v -12.995502170058899 11.317514818161726 0.0
v -3.094254684925545 6.858214805833995 0.0
v -2.0250869513256475 -14.14862315915525 0.0
v -10.901256361685228 -7.902769387699664 0.0
v 6.017519165005069 -6.666224840097129 0.0
v 3.649172606295906 8.271074402146041 0.0
v 9.249500813893974 -9.50614310707897 0.0
v 4.08377939381171 6.8054774552583694 0.0
v -11.04008189693559 -12.49057618714869 0.0
v 13.71681594272377 9.787820452824235 0.0
v 0.1460239152656868 -0.622659089975059 0.0
v 10.35770482890075 -11.372339602559805 0.0
v -1.627220326627139 -10.68930878303945 0.0
v 4.997984813700896 -13.496099354699254 0.0
v -8.743401280895341 -14.360085785388947 0.0
v -14.469146944582462 -7.724714745767415 0.0
v 14.572186994482763 -14.080627143383026 0.0
v 14.211476203228813 -4.47174562048167 0.0
v -0.9339208917226642 -12.468090080656111 0.0
v 0.9152376104029827 5.266099711880088 0.0
v -14.510327890980989 -9.312939514406025 0.0
v 2.408295203873422 -8.147084191441536 0.0
v 0.2216586975264363 -0.8722306732088327 0.0
v 8.091880599036813 0.10543637629598379 0.0
v -12.289038532879204 12.978811023756862 0.0
v 10.080725102685392 -3.075313006527722 0.0
v 12.973451612866484 -9.51644727960229 0.0
v 9.99355500220554 1.2547310469672084 0.0
v -1.7757819549296983 -5.870344158262014 0.0
v 10.678704430931248 -14.164755498059094 0.0
v 3.131304369366262 -14.405562710948288 0.0
v -9.043983324954752 5.649334928020835 0.0
v -12.012532016495243 8.63476416748017 0.0
v -1.4692062312969938 -2.335010703653097 0.0
v -11.495901885500643 -9.696963644586504 0.0
v 0.21555494947824627 -10.134955612942576 0.0
v -12.352445716096554 6.859677264466882 0.0
v -4.412113304890227 -3.3615469122305512 0.0
v 14.352042187238112 -12.44269788172096 0.0
v -9.527619632484857 -10.009150279685855 0.0
v -0.792445556842722 4.058738053776324 0.0
v -7.212279525352642 2.0222325026988983 0.0
v 12.192002590338234 -10.951433159410954 0.0
v 11.421031083445996 4.535240815021098 0.0
v -4.855672412842978 -6.522252625785768 0.0
v -11.507324412756134 -11.481027233414352 0.0
v -0.9581885715015233 8.7042505312711 0.0
v 12.874410661112051 4.031254393979907 0.0
v -2.772114797437098 -1.7530697416514158 0.0
v -5.937953879707493 1.0844484698027372 0.0
v 10.795309393142816 10.029796307906508 0.0
v -5.515445410099346 4.410718262195587 0.0
v -6.490685394499451 2.5249981805682182 0.0
v 13.725603544269688 12.802886378020048 0.0
v -7.778026057872921 14.74077549483627 0.0
v -12.395466944668442 -4.439443810842931 0.0
v -6.680351042828988 12.654103394597769 0.0
v -7.011060526303481 3.3533626506105065 0.0
v 10.139708960836288 12.35836766846478 0.0
v -13.378925950441044 -14.93265681900084 0.0
v 4.772051878797356 -2.2573784785345197 0.0
v -3.9303745310171507 3.1237421026453376 0.0
v -0.1357647962286137 6.629898009821773 0.0
v -0.37347080564359203 -9.468227943405509 0.0
v -4.560512365424074 9.061066761612892 0.0
v 10.520134901744314 -11.090887693688273 0.0
v 3.2155629826011136 0.46561927907168865 0.0
v -10.694982688000891 5.0657968102023005 0.0
v -2.8527713296352886 4.859583497047424 0.0
v 7.458775944600347 13.616612576879561 0.0
v -9.042241017799824 2.127282500267029 0.0
v 7.073202976083849 -13.585764056071639 0.0
v -13.169153126771562 9.00325554329902 0.0
v -1.2554162809392437 2.8976705204695463 0.0
v -2.639512200548779 4.703220046125352 0.0
v 8.586989070347045 -6.36017694696784 0.0
v 9.838370044308249 1.979144955985248 0.0
v 8.412874008936342 -14.884807931259274 0.0
v -5.691413444757927 -9.57171783503145 0.0
v -8.92660062230425 -0.46452788542956114 0.0
v -10.666318871662952 -6.507495948113501 0.0
v -7.92570886091562 -11.714491799473763 0.0
v -4.4261432031635195 -1.0303914528340101 0.0
v -0.5704566641361453 -1.707189965993166 0.0
v -3.822211607126519 3.447619208134711 0.0
v 7.265909532492515 0.6082667168229818 0.0
v -8.080836891022045 -11.657067129388452 0.0
v -4.961658180283848 3.386036591604352 0.0
v 8.47418801614549 2.4992452319711447 0.0
v 14.947560034052003 9.723269848152995 0.0
v -10.150735263479874 -9.328871699050069 0.0
v 2.8479993664077483 -14.39205686096102 0.0
v 2.8924585483036935 8.444430970586836 0.0
v 13.054776659642812 -6.130067504011095 0.0
v 12.523803465242963 -1.696769547648728 0.0
v 4.7534511622507125 -2.046074364334345 0.0
v -2.598348221043125 -2.2763090105727315 0.0
v -7.25456524384208 4.356040478684008 0.0
v 3.4203380314284004 12.415900031104684 0.0
v -6.073536099574994 4.12369981687516 0.0
v 7.535522883757949 -3.013478265143931 0.0
v -6.28275285923155 -12.779767707921565 0.0
v 7.020803236751817 -9.826073390431702 0.0
v -3.4270433039637282 -12.554557110182941 0.0
v 7.406745299871545 5.573046088218689 0.0
v -14.291053271910641 12.977382991462946 0.0
v 12.914242326689418 -5.338918900117278 0.0
v 6.363061357405968 5.5529447784647346 0.0
v -10.20062650856562 -13.18422209750861 0.0
v -0.13342722272500396 -2.3934116708114743 0.0
v 14.229170028411318 -12.815829092636704 0.0
v 3.363911115913652 -5.926713895983994 0.0
v 11.299943756312132 13.083324164152145 0.0
v 5.693395018635783 -7.741315723396838 0.0
v 5.474470228073187 -11.040425376966596 0.0
v -13.692923864233308 6.004358416423202 0.0
v 3.0017053097253665 -4.676733564585447 0.0
v -4.232416330778506 -7.968136833049357 0.0
v -3.4498301853309385 7.936560613103211 0.0
v -1.6368006105185486 6.663003666326404 0.0
v -9.93966470786836 11.830493769608438 0.0
v 14.322208172117826 11.04728686530143 0.0
v 5.776711916492786 -8.946461508981884 0.0
v -9.64728389022639 -12.452391711995006 0.0
v -10.412302846147213 -12.38594241719693 0.0
v 8.938074612990022 -2.5571622140705585 0.0
v -10.369598808814771 8.32475403137505 0.0
v -10.397049466555472 11.919334523379803 0.0
v -5.834691425377969 -2.3328936509788036 0.0
v -5.090948286408093 -13.518934536725283 0.0
v -5.435993638064247 -0.45446409564465284 0.0
v 8.63544139068108 -4.578783201985061 0.0
v 9.916385211749002 13.01446661259979 0.0
v 11.450449059717357 2.639603767544031 0.0
v -12.662754643533845 -12.993586239404976 0.0
v 10.989453934656922 8.722179451026022 0.0
v -1.144847190589644 -11.807192025706172 0.0
v -13.690498178941198 -6.806877950206399 0.0
v -3.938556864974089 11.918160453438759 0.0
v -6.581817431317177 2.73267574980855 0.0
v 8.299599299847614 9.37686603795737 0.0
v -1.2596420291811228 4.192302970215678 0.0
v -6.016562147880904 -2.841234385035932 0.0
v 12.175799613120034 -0.6023808000609279 0.0
v -14.809446616156492 -0.9604400284588337 0.0
v 6.12907008320326 3.200403545051813 0.0
v 6.721445635135751 10.626943070441484 0.0
v -10.417172118090093 -7.948374466970563 0.0
v -13.726552518433891 6.523702875711024 0.0
v -8.8398305575829 -13.717306036502123 0.0
v -10.977926392457448 -4.007875836454332 0.0
v -0.7543674256303348 12.494078523479402 0.0
v -14.062213879311457 -13.295198922045529 0.0
v 2.2854677831637673 6.094729330390692 0.0
v -0.1422895120922476 11.457428933121264 0.0
v -12.261931717861444 1.034856615588069 0.0
v -12.339618100435473 2.8805666640400887 0.0
v -14.362201405107044 4.726092718541622 0.0
v -13.565844698343426 -7.415468832477927 0.0
v 8.574449518113397 -4.733586724847555 0.0
v -10.38525836559711 -13.302490761503577 0.0
v -8.568541336804628 8.188121856190264 0.0
v -5.733531505567953 -10.538670620881021 0.0
v 8.353505496692378 -11.519368343055248 0.0
v 2.2262521592201665 -9.913522151298821 0.0
v 10.966228178935125 -14.655274854041636 0.0
v 8.178604283952154 -7.315890300087631 0.0
v 5.422356220544316 -8.68704859726131 0.0
v -11.37079044454731 -10.304958254098892 0.0
v -10.474304721574299 3.053215322084725 0.0
v -11.056483072054107 2.434753899462521 0.0
v -7.207865501928609 -1.6204473227262497 0.0
v -12.898673301271629 -8.698841530829668 0.0
v -11.574583597190212 3.7311962358653545 0.0
v 11.492834314645734 -11.94502229243517 0.0
v 9.962594507553149 -0.7867648983374238 0.0
v -7.498401107732207 -8.321863390505314 0.0
v 5.22341485589277 -11.732637302018702 0.0
v -11.706455294624902 -6.588333619758487 0.0
v -7.631820181384683 -4.730134405195713 0.0
v 12.544025373354089 -10.030341695062816 0.0
v -12.34305039991159 8.595351985655725 0.0
v 4.668027114646975 6.563070836476982 0.0
v 8.604044101783074 -0.8531745299696922 0.0
v 1.752032809134107 13.207863808609545 0.0
v -0.40299408009741455 9.23439734056592 0.0
v 3.3355369619093835 9.868978122249246 0.0
v -11.341822486196179 12.277706908993423 0.0
v 3.114788113743998 11.704966012388468 0.0
v -8.777970436960459 -5.1386623196303844 0.0
v -9.23853302776115 -13.689015697687864 0.0
v -8.426653606758919 -8.572509422898293 0.0
v 0.475911162851844 0.43421280197799206 0.0
v 0.3415540289715864 14.36321923788637 0.0
v 10.418634466885123 -0.34571421332657337 0.0
v 2.525606711162254 -10.76886667497456 0.0
v -13.461397587903775 12.81059295963496 0.0
v -7.330292520404328 -4.638456680811942 0.0
v -12.330323810921982 -7.071146159432828 0.0
v -0.9403193612815812 5.4469268303364515 0.0
v -2.1966775998589583 -2.227294902317226 0.0
v -11.761367762112059 1.748481280170381 0.0
v 3.880219287937507 -10.929375109262764 0.0
v 0.28313655231613666 -12.93147231079638 0.0
v -12.45658996939892 4.950982068665326 0.0
v 10.91818295471603 6.2652208702638745 0.0
v -2.8619263677392155 0.48040201514959335 0.0
v -0.9259426172357053 -9.938976938836277 0.0
v 11.474717416800559 1.1843676529824734 0.0
v -4.482048793463036 2.3297653403133154 0.0
v -1.1887839876580983 13.091593322344124 0.0
v 14.681986346840858 -4.919601154513657 0.0
v -0.947188371559605 -6.256845000199974 0.0
v 1.2794739272794686 -8.28380627464503 0.0
v -5.439750325749628 4.106731718406081 0.0
v -3.199197816720698 3.584497201256454 0.0
v 5.645641379931476 -8.40648268070072 0.0
v -6.1866562912473455 10.940477504394948 0.0
v 1.4829610679880716 5.971826639957726 0.0
v -3.3506625098525546 4.343560304492712 0.0
v -14.78563356824452 9.65817821584642 0.0
v 3.961420505947899 8.399167287163436 0.0
v -14.19713444786612 1.630770112387836 0.0
v -10.969521263439674 -9.658589963801205 0.0
v -14.794219331757631 -4.114694089628756 0.0
v -2.754014627658762 5.525239385664463 0.0
v -2.5701809704769403 7.24168012663722 0.0
v -11.20104503550101 13.671931978315115 0.0
v 5.62945889076218 -6.455120548605919 0.0
v 11.584940360626206 1.9242774033918977 0.0
v 0.25697393738664687 7.865288241766393 0.0
v 1.0603055238025263 -0.2664187988266349 0.0
v 9.18479594704695 2.6895019952207804 0.0
v -4.671370632830076 -6.004022260196507 0.0
v 13.833137063891627 -11.824805832467973 0.0
v 1.88396033475874 -8.108802452683449 0.0
v -6.632615606824402 12.660923964343965 0.0
v -11.431759339757264 -9.500113020651042 0.0
v 8.166530306858476 6.8510505417361856 0.0
v -1.631387779605575 -10.782085987739265 0.0
v 2.6328507040743716 7.526745503768325 0.0
v 6.197366480075289 8.02625925745815 0.0
v 0.6722222664393485 13.069746146909893 0.0
v 4.377706965140533 0.8559306645765901 0.0
v -3.753401341382414 -9.599092423915863 0.0
v -2.217742643551901 11.388896652497351 0.0
v -5.4769362168735825 9.821907973848283 0.0
v 13.756022727116942 1.3422411773353815 0.0
v -13.334736865886953 14.968534322455525 0.0
v -0.48697826819261536 -14.017992568202317 0.0
v -8.523682824976277 -11.171916043385863 0.0
v -10.827304674836341 12.145286981016397 0.0
v 0.8320613850955851 1.9937462266534567 0.0
v -14.824159687792417 6.243111787363887 0.0
v -6.198291461740155 5.660560358315706 0.0
v -8.569100791704841 4.384308033622801 0.0
v 8.601525514968671 -1.7587161734700203 0.0
v 1.8372223026235588 -2.1393963852897286 0.0
v 5.982839384581894 -10.412930984050035 0.0
v 10.587791305209976 -2.8281268626451492 0.0
v 10.835034878051374 -13.605886556208134 0.0
v -1.5101649987045676 -0.7785986522212625 0.0
v -4.149243235005997 -1.98976618796587 0.0
v -13.216444088029675 7.2151391776278615 0.0
v 4.528352789813653 -10.071899665519595 0.0
v -5.868067708797753 -11.423843255266547 0.0
v -0.3680707048624754 1.5516373058781028 0.0
v -13.905311196460389 2.506198426708579 0.0
v 10.008655045123305 1.3073517102748156 0.0
v 12.536596952937543 -12.20503603015095 0.0
v 0.08806397567968816 7.941439172253013 0.0
v 0.5657808892428875 13.757657865062356 0.0
v 9.391961525660008 -9.486209105700254 0.0
v 6.789083307201508 12.665808016434312 0.0
v -10.442939616448712 5.717179490253329 0.0
v 4.688804725825321 -6.970049886032939 0.0
v 0.34201228158781305 13.05463195219636 0.0
v 8.304880503099412 0.5256219487637281 0.0
v 0.9027317780419253 10.656823869794607 0.0
v 10.320533866994083 2.0270848320797086 0.0
v -11.703990831156261 -7.056143662892282 0.0
v -11.339030131523032 -7.03649945743382 0.0
v 0.2846140449400991 -12.31206182949245 0.0
v 14.123750620114151 14.173691973090172 0.0
v -6.702895768161397 10.19222660921514 0.0
v 5.666245789267123 -9.263427833095193 0.0
v 13.480106833798345 10.78511719033122 0.0
v 1.0914364355849102 -2.129796115681529 0.0
v -13.61370352836093 14.14746342599392 0.0
v 5.942201606056187 2.564948135986924 0.0
v -7.247516142204404 -5.471091468818486 0.0
v 9.085538520244882 7.825633263215423 0.0
v -9.736161052249372 2.3336096005514264 0.0
v -10.78382893797243 -0.21640499867498875 0.0
v -8.298669172509108 0.01588398590683937 0.0
v 3.6455834170919843 8.876439962536097 0.0
v 10.756651868519839 -5.6369585655629635 0.0
v 10.294599943386856 1.2079390361905098 0.0
v 13.018942542199511 10.116555893793702 0.0
v 7.959613589744549 14.972015879116952 0.0
v 9.468313936085906 -0.6975901145488024 0.0
v 10.950678811757825 11.91602629981935 0.0
v -13.238726428535301 8.174117141403258 0.0
v 9.600500068627298 2.6551843155175447 0.0
v -3.7497786415042356 11.845682199113071 0.0
v 2.0000532679841854 -3.038185535930097 0.0
v 12.773987415945157 8.712575009092689 0.0
v -3.1314861929859035 -10.698255301453173 0.0
v -14.225089494429994 2.8889838373288512 0.0
v 14.63799946551444 -8.196056573651731 0.0
v 9.79517635673983 9.348257318139076 0.0
v -1.5944660821114667 -9.63526719622314 0.0
v 0.40578863641712815 -4.448640456423163 0.0
v -1.0952248327084817 8.825889760628343 0.0
v 5.880023889592849 11.494967520236969 0.0
v -9.52167100115912 2.6565621197223663 0.0
v 10.289832222391851 -13.531805259175599 0.0
v 4.63656161975814 11.41475657466799 0.0
v -6.431713771424256 -9.89751164149493 0.0
v 1.323611251951661 12.593883248977363 0.0
v 6.506280308589339 -14.85683647915721 0.0
v 4.531563976255711 -4.906451581045985 0.0
v -0.230356534186285 1.0405393745750189 0.0
v -13.760892474267166 8.292164963670075 0.0
v 2.3328924581292085 -4.344157227315009 0.0
v 9.309461411903612 4.562318078242242 0.0
v -3.5054526526946574 6.26147598773241 0.0
v 9.408748168789316 8.027068270370364 0.0
v 5.135739562101662 12.729455957189202 0.0
v -10.922636317787692 5.821518512442708 0.0
v -9.75994443736272 0.025008169002830982 0.0
v 3.2518302862881683 5.541777367703617 0.0
v 9.145258077303879 -6.727399064227939 0.0
v -13.88281333487248 11.895218232646585 0.0
v 14.445470897189807 14.52229605615139 0.0
v 5.689500099630095 0.21379166562110186 0.0
v 14.988887776329648 -2.9808712685480714 0.0
v -6.098973172542173 8.325797910802066 0.0
v -9.35768577735871 -1.1700904434546828 0.0
v -1.692449006892275 8.771243375726044 0.0
v -12.569847617764026 -8.580551004037261 0.0
v 12.193368942593224 14.130120291374624 0.0
v -0.8116560588241555 -5.342649430036545 0.0
v -2.6748424430261366 4.315544443204999 0.0
v -0.2687898248550482 2.557238801382482 0.0
v -11.38697530067293 -9.536628479138017 0.0
v -6.651826677960344 11.08843696769327 0.0
v -13.446779539226554 7.513657662086189 0.0
v 9.814742621907499 -7.8560551051050425 0.0
v 9.627286624570843 -8.148464489728212 0.0
v -1.8963179983547889 -3.5555530972778797 0.0
v 9.58994549070485 9.405590048059821 0.0
v 4.731660546502098 -5.2888119192793965 0.0
v -7.745403125183657 -6.006069568917155 0.0
v 6.872925603529438 9.460096877068281 0.0
v -14.123986284190323 -4.171556919813156 0.0
v -14.883108327339869 13.62497385777533 0.0
v 0.1799727864563465 -7.580841562710702 0.0
v 12.431284439051524 7.701649482361972 0.0
v -4.2113495343364775 -2.161655617877841 0.0
v -9.952490037598182 2.594545055180788 0.0
v 12.342895585752558 -11.686429997906089 0.0
v 7.097606228082441 -8.120955551043153 0.0
v 12.259218138176948 4.3732589250430465 0.0
v 8.948047984333243 -14.829585310071707 0.0
v -6.516186000662856 4.757105398923159 0.0
v 7.096794811950531 0.89906857162714 0.0
v -5.634399227157701 5.989528937265277 0.0
v 12.275935318437405 -13.966059769503772 0.0
v 9.885248377162497 -8.942750624381006 0.0
v 7.1048144602100365 -5.666509206406772 0.0
v 7.500615617609583 -2.800067562609911 0.0
v -6.265828762203455 7.850301630795002 0.0
v 14.248940015851986 12.882439534179866 0.0
v -5.292564844537992 13.25821880903095 0.0
v 13.495136672107037 13.33321307785809 0.0
v 5.288840933528263 -14.76879033073783 0.0
v -5.71374877425842 10.085750131867826 0.0
v 8.983357614546549 -0.34836148004978895 0.0
v -4.282127724203747 2.5051785074174404 0.0
v 10.764998827478848 14.891238344833255 0.0
v -2.780082238779869 3.295301745645702 0.0
v 5.8841916299425066 -0.9091879613697529 0.0
v 6.376383702503517 12.240259738638997 0.0
v -5.22302984201815 -7.539755549281836 0.0
v -8.654379150946625 13.573702599853277 0.0
v 0.9683488055015914 8.125170885585248 0.0
v -6.5614789532264695 2.1206202441826463 0.0
v -2.748668097599875 6.40241127088666 0.0
v 14.405201138113625 -5.418898808769882 0.0
v -0.01913572894409299 -6.499361009337008 0.0
v 5.217222787323408 -8.559760044328868 0.0
v 13.437736686319113 14.725466407835484 0.0
v 12.371112333901692 -2.885881844907999 0.0
v 0.7375479416223243 -9.520408783107996 0.0
v -3.7385106153669767 6.69630294572562 0.0
v 5.489431653171778 0.37432609871029854 0.0
v -12.506136707321275 -1.689790510572493 0.0
v 0.644755101937335 5.783841929398477 0.0
v 14.111981318099424 0.6236111493781209 0.0
v -14.02662069228245 -12.58323195297271 0.0
v 2.4397025526850484 1.5254673706367612 0.0
v -4.66444595658686 -12.850199068896472 0.0
v 14.071151925774757 -13.682712098583579 0.0
v -8.684882057306822 -4.582077831029892 0.0
v 12.671779106778558 -8.616636969149113 0.0
v 12.956922631477937 6.07889059279114 0.0
v -1.3548217063653283 -5.562011213973165 0.0
v 5.327693951607216 3.811040665023029 0.0
v 8.503126040159259 -13.329349651001394 0.0
v 12.018340940820053 9.702237905934453 0.0
v -1.3698869165382348 3.118965230882168 0.0
v 9.960586712229997 0.1559442998841405 0.0
v 7.869282970204949 -8.355147831141949 0.0
v -4.28587626980152 -12.986540692858398 0.0
v -3.594822017068509 2.079810693860054 0.0
v 3.9835515943705104 -10.544857712462544 0.0
v -8.138054256618489 0.9321536663919687 0.0
v 8.51884470100049 -8.366328516043723 0.0
v -7.749174600641709 -12.729507168754935 0.0
v -14.992795245489106 -14.24710390996188 0.0
v 3.9204151037265547 14.035486293956637 0.0
v -3.9254782260395586 7.521168795414269 0.0
v -3.8605570436338894 5.373854613862932 0.0
v 5.484309685125481 -12.835537082515657 0.0
v 4.850741942005698 11.680781451053917 0.0
v -4.842610187246464 -1.7973019098863006 0.0
v -14.5610557080945 1.2364462399855256 0.0
v -6.096890952147078 7.755127952434123 0.0
v -14.339907099318225 -7.029212580062449 0.0
v -2.7370839394861832 5.645312687382102 0.0
v 10.09263911517337 0.38460359163582325 0.0
v -2.7451189009007066 -14.098009332083166 0.0
v -8.944794864975847 8.336077173240483 0.0
v 0.726687514979858 12.278748104348779 0.0
v -2.1075291237211786 0.7462743930518627 0.0
v 14.341951559588779 -4.961882513947785 0.0
v -8.97729039186379 9.618564745411277 0.0
v -11.55532863578992 -8.521981393918395 0.0
v -0.4425147737492807 7.20576402451843 0.0
v -7.260954654891975 -14.516303729265928 0.0
v -4.280656574177556 4.252777047455311 0.0
v 12.902292443497572 -10.738910315558314 0.0
v -14.403797138482332 4.013152783736587 0.0
v 1.0733978802454658 -9.146329923532903 0.0
v 10.168454720987938 -10.953936375677586 0.0
v 0.36612349114147946 2.7554170871153474 0.0
v -7.173158398945816 2.497427400201559 0.0
v -4.05318889656337 -12.587157007306814 0.0
v -4.190743803919759 10.391295204870403 0.0
v -13.240923609933816 14.856100394390523 0.0
v 0.3472945722169243 7.164782072417438 0.0
v 14.438169744738843 14.748240675777197 0.0
v -9.082442583807278 -4.9891595439985394 0.0
v 12.50059974641772 2.1862139143049717 0.0
v 6.341852828511037 -6.018011742271483 0.0
v 11.039023407152854 11.351988059468567 0.0
v -3.6039883423945867 -13.139338495209813 0.0
v 8.33338010899024 -7.44702319893986 0.0
v -2.83789611334214 6.512528965249658 0.0
v 8.160304485238157 -5.184794131666422 0.0
v 10.670557185309008 12.230798108503222 0.0
v 12.00109049823368 -2.9779590470716357 0.0
v 4.329161649104208 6.4573716297745705 0.0
v -10.082684031047393 -2.5884898640215397 0.0
v 1.3121212217956781 -13.763522528111935 0.0
v -1.6280944249010645 9.25715309008956 0.0
v 6.116707227076404 -0.7638668473809958 0.0
v -8.02074854640523 -8.80524165648967 0.0
v -11.23605943779694 -6.734413160011172 0.0
v 6.1264001607196406 -6.159969871863723 0.0
v -3.5140892660128884 -10.172924728132784 0.0
v 5.40452994039515 11.603224576450884 0.0
v 14.503357527253684 2.5883485386148095 0.0
v 3.617463493021205 -2.9217818677425385 0.0
v 0.8068883464438841 -5.789052125997841 0.0
v 12.252823567658197 9.661706558428705 0.0
v -10.555736717651598 2.9422762664034963 0.0
v 12.27799589553615 2.177029495127499 0.0
v 3.0299935630173422 10.77955433446914 0.0
v 6.211799029028043 8.574616752564907 0.0
v 14.472905434435233 -9.63665864430368 0.0
v 11.239289086661302 10.74599183164537 0.0
v 7.0207420738297515 6.123374822549522 0.0
v -11.445032908814028 -7.7047365084290504 0.0
v 3.5641803300823085 -11.805830035358667 0.0
v 14.221747415838763 -7.862986310385168 0.0
v 11.212516226049047 -12.4518037782982 0.0
v -8.271519470086787 13.292251422069967 0.0
v -11.203828366822563 12.698502185754478 0.0
v 6.307243033952545 -9.601531312800944 0.0
v 0.6690703141503036 -3.879352160729468 0.0
v -2.4348259894759394 5.254038292914629 0.0
v -0.5986303160316311 12.480387780815363 0.0
v -1.3933955560205504 -10.461774135939777 0.0
v -2.5315939165302552 2.151019104756415 0.0
v -8.99702618678566 -10.459345547482371 0.0
v -8.25023812497966 0.9244951568543911 0.0
v 4.062266511435155 -13.483190921135247 0.0
v -8.772126072028186 0.8486143862828612 0.0
v 10.034281872736756 -1.0802991790696979 0.0
v -10.952582911180798 -7.648932894691825 0.0
v -7.25110729620792 -4.343841968104243 0.0
v 6.78728046012111 -13.042386220768094 0.0
v -3.1132019401993603 -2.2000922290608287 0.0
v 5.484024709905498 3.5574189173057675 0.0
v 2.385589028534014 -0.514847501181066 0.0
v 11.014640298788436 2.5144872460514307 0.0
v -14.689857069170102 2.2159135341644287 0.0
v -2.420972865598742 -14.516577280126512 0.0
v -6.595304310671054 5.4993142215535045 0.0
v -13.880140403576661 -10.068291106261313 0.0
v -7.817746710788924 -4.892985844053328 0.0
v -11.00981098198099 9.663969404995441 0.0
v 4.67558371758787 -5.296898063272238 0.0
v 2.964054462790955 -0.8041305327787995 0.0
v -3.377506087825168 4.848573369905353 0.0
v -13.488321278360672 13.437657142058015 0.0
v 7.36150451854337 5.0141957411542535 0.0
v -10.667833250539843 10.634367717429996 0.0
v -5.436349788273219 -2.3572271754965186 0.0
v -4.140042434737552 -7.193709069862962 0.0
v -1.756456547009293 13.853634199127555 0.0
v 10.327642668853514 -11.291223702952266 0.0
v 2.867127167119179 7.054802965372801 0.0
v 12.870603457675315 12.985889251343906 0.0
v 10.952548948349431 -1.8071195892989635 0.0
v -4.373591556912288 -2.863982138223946 0.0
v -10.126082670001779 2.764651053585112 0.0
v -11.191207366122399 -1.9317718474194407 0.0
v 4.995857000234537 -12.005624014884233 0.0
v -13.545150539488532 -1.2175172455608845 0.0
v -2.662706514704041 14.35188583098352 0.0
v 1.673510868276935 -2.7417393000796437 0.0
v -10.755382798495702 -7.509594919160008 0.0
v 5.109484703745693 -14.932521486654878 0.0
v 10.883911836252082 -14.612892933189869 0.0
v 11.004340713843703 -0.35675007570534945 0.0
v 5.796388680464588 -14.710849031805992 0.0
v 14.858531079429667 2.1356582241132855 0.0
v -11.282363969134167 14.25552368350327 0.0
v 8.80608362838393 6.844388225115836 0.0
v 10.511895381147042 4.016551157459617 0.0
v -11.650351204967592 11.487990042194724 0.0
v -8.92393448803341 -6.126318448223174 0.0
v -4.8511658071074635 3.6497389562427998 0.0
v 5.248715900292154 -8.843531684949994 0.0
v 4.091156018723268 -3.964789957739413 0.0
v -10.05668828409398 2.2967230640351772 0.0
v 0.12803181319031864 -11.11312541179359 0.0
v 4.380226042412687 3.301051566377282 0.0
v 5.876822970400099 4.350507453083992 0.0
v -7.284620826947503 3.980194855481386 0.0
v -0.9950730644632131 3.2118510687723756 0.0
v -12.847727669402957 -6.68045125156641 0.0
v -2.4242648709914647 7.3020144328475 0.0
v 6.789067597128451 -3.4667833410203457 0.0
v -3.780950503773056 14.06068541109562 0.0
v -10.703174007183407 -10.44228457286954 0.0
v -7.663320334511809 -11.83597061689943 0.0
v -1.9503388995071873 -5.479687190614641 0.0
v 3.0167207662016153 -4.610928232781589 0.0
v 10.55984811973758 -8.242430685088038 0.0
v 3.3526883450103924 0.20711333956569433 0.0
v 7.48549469653517 12.515565377660096 0.0
v 1.8455706830136478 10.704858320765197 0.0
v 1.6734998852480203 10.008015549741685 0.0
v 2.4317388563067652 14.56773629412055 0.0
v -9.247713142132852 -10.944545216858387 0.0
v 14.477612373884767 -8.632302506826818 0.0
v -11.550033718929626 4.998474893160164 0.0
v -1.621103011770174 -3.0929937437176704 0.0
v -12.090913773048669 -6.971383786760271 0.0
v -3.2607784323045053 -3.2175134932622313 0.0
v 3.38601161952829 10.593635199591517 0.0
v -12.495740597136319 -3.759994533844292 0.0
v 11.474506859027315 -11.799467113800347 0.0
v -9.299819356703665 -11.890895969234407 0.0
v -0.267379077791702 13.361099454574287 0.0
v -14.857982376532163 2.1903008176013827 0.0
v 5.872035656357184 -10.898437436670065 0.0
v 4.120610964775551 10.859653164632618 0.0
v -0.6134549980633892 -1.9797174520790577 0.0
v 8.147142346366309 -4.217671738006175 0.0
v -12.304413720034063 14.982267623767257 0.0
v 10.35450109624071 -2.4230445083230734 0.0
v 7.5367361437529325 10.050366055220366 0.0
v 5.756293790822383 10.432765493169427 0.0
v -6.065782020858023 1.0922956131398678 0.0
v -0.22135200502816588 -3.6001835325732827 0.0
v -12.767079571087379 5.334764463827014 0.0
v 8.134947839775123 -3.270519306883216 0.0
v -8.023136540665291 8.205127048306167 0.0
v 13.124321228999179 -13.345511503517628 0.0
v -4.165821549657267 -8.817652511410415 0.0
v 1.1149020107113756 2.7942791813984513 0.0
v -4.001296096597798 9.851640836335719 0.0
v 1.2244123804266565 6.205069174058735 0.0
v -8.488234107731842 1.320423954166472 0.0
v -8.29400146950502 8.63286804035306 0.0
v 0.03968395909760147 11.958248190581799 0.0
v 11.951492946012877 12.807080214843154 0.0
v -10.577525665983558 6.329332832247019 0.0
v 1.6880405738484114 -5.772076734341681 0.0
v 14.228836924303323 -2.0412302864715457 0.0
v -11.813325825089123 4.4624407682567835 0.0
v -0.6303177473018877 8.063271522521973 0.0
v -8.14271416014526 -2.6476011918857694 0.0
v -10.133651764132082 -2.105199532583356 0.0
v -5.678110551147256 -2.6913383565843105 0.0
v 9.083821298147086 5.693040888756514 0.0
v -13.16808206262067 9.550246029160917 0.0
v 1.8570409874082543 -2.5370726538822055 0.0
v -13.955613835831173 -10.908914399333298 0.0
v 3.7663544341921806 12.80164942983538 0.0
v -0.25626091653248295 -2.911960574798286 0.0
v -0.2851611404912546 -11.368272063322365 0.0
v -2.9509402727126144 -11.900796776637435 0.0
v -5.821360961126629 -0.7201292617246509 0.0
v -12.824460410280153 13.183131822384894 0.0
v 2.6017041286686435 7.272131843492389 0.0
v -2.853235845279414 12.368593785911798 0.0
v -12.178031407704111 2.835999794304371 0.0
v 14.744321932666935 10.407941930927336 0.0
v -11.18032501527341 -6.270847103558481 0.0
v -11.258235675806645 9.98315748758614 0.0
v -13.047481301648077 -3.4263845179229975 0.0
v -1.9502036951598711 10.291866798885167 0.0
v -5.727172811049968 13.867780080065131 0.0
v -11.503842451260425 -14.614110850729048 0.0
v 9.403559279278852 1.5742010260000825 0.0
v 14.184954052616376 4.852673011831939 0.0
v 6.96686202834826 -2.3113314481452107 0.0
v 10.896017617138568 -4.471038314513862 0.0
v -11.420332735171542 -2.729695943184197 0.0
v -3.109849764034152 -3.713023569434881 0.0
v -8.294811410771217 -6.6104333605617285 0.0
v -14.84267460333649 7.323150988668203 0.0
v 4.816438810259569 -5.55273887142539 0.0
v 1.1396633544936776 -5.556300576776266 0.0
v 12.745036452193744 -2.968618211336434 0.0
v 2.1430534964310937 -0.6493503684177995 0.0
v -4.578342341585085 10.849388061091304 0.0
v -14.420715086336713 2.9955896846950054 0.0
v 7.427929095574655 13.336421851068735 0.0
v -14.703563030750956 -12.291719957254827 0.0
v -8.782265867164824 -12.93919340800494 0.0
v 6.89864063001005 -7.049058536067605 0.0
v -7.763619826815557 12.701370346359909 0.0
v -7.855875981331337 12.066619642078876 0.0
v -8.330072945100255 9.434297505766153 0.0
v -5.460212204721756 -9.365338010713458 0.0
v -11.348290070251096 3.3348010098561645 0.0
v 13.743558844085783 10.542815756052732 0.0
v -4.381188085360918 -12.581087657250464 0.0
v 1.5329510475276038 -12.547159805893898 0.0
v -0.5970467377337627 12.083053166978061 0.0
v 1.7180591673240997 -3.9194585690274835 0.0
v 12.809387691260781 8.923791568726301 0.0
v 6.271697644435335 -0.9782501626759768 0.0
v 4.515759611560497 0.15946427173912525 0.0
v -9.774783849657979 -7.801057919859886 0.0
v -12.713835350004956 -8.595030079595745 0.0
v 9.005710111698136 -9.682138877920806 0.0
v 14.629442796751391 -6.207018940709531 0.0
v -2.1166628064820543 -1.7316147098317742 0.0
v -10.934285194671247 11.018229208886623 0.0
v -8.430137784045655 9.522496958263218 0.0
v -7.158553032786585 11.42624922376126 0.0
v -7.52396071300609 -3.636199811473489 0.0
v 10.631783783028368 -0.7177932588383555 0.0
v 13.541272627597209 12.883841716684401 0.0
v -8.311308110598475 -1.9066600548103452 0.0
v 7.463213424955029 9.730276338756084 0.0
v 8.192298512731213 2.829738849774003 0.0
v 4.923997418722138 -12.583879492245615 0.0
v -12.394795462023467 12.933736347593367 0.0
v -8.414961994043551 -12.725056749768555 0.0
v 2.5893594475346617 -3.6653197146952152 0.0
v 13.007297073025256 5.336301915347576 0.0
v -3.5603236168972217 7.013291492126882 0.0
v 10.50398279959336 -4.580619531683624 0.0
v -11.330629151081666 4.942513502202928 0.0
v -0.11246553348610178 6.081618832424283 0.0
v -11.03514136717422 2.4829697962850332 0.0
v -2.3206739213783294 8.015340564772487 0.0
v -13.620395588281099 10.213742630556226 0.0
v 11.604062849713955 12.165090708993375 0.0
v -0.394159505085554 3.083247158676386 0.0
v 14.559251766011585 10.685105303302407 0.0
v 5.72845196898561 -10.6288343667984 0.0
v -8.693475225532893 -8.384562940336764 0.0
v -7.343901447020471 12.695589128881693 0.0
v 12.002148471481632 -1.8787997774779797 0.0
v -9.076218108995818 -5.369087915867567 0.0
v -4.448286095575895 4.820449634455144 0.0
v 6.245366762101185 11.8546032179147 0.0
v -2.1673502419143915 -6.246974425390363 0.0
v -6.474666442372836 2.2918682815507054 0.0
v 7.8124028572347015 -8.769178026355803 0.0
v -13.010490569460671 0.878090045414865 0.0
v 10.648201647098176 -9.990982703864574 0.0
v -10.390800109424163 -13.706340104341507 0.0
v -2.4948838466079906 -1.957662253640592 0.0
v -5.496267634211108 6.9534333711490035 0.0
v 10.02873783314135 0.5171855743974447 0.0
v -8.217186382098589 8.098701412789524 0.0
v -6.051508812699467 -13.51548495143652 0.0
v 5.2847402255865745 -11.37884364463389 0.0
v 6.573392223450355 9.370820258744061 0.0
v 2.326174061803613 -4.001234469003975 0.0
v -1.154740399273578 4.33420701790601 0.0
v 14.106221709633246 -11.362627170979977 0.0
v 2.0595719894045033 0.5437504332512617 0.0
v 6.499045561591629 10.53332584258169 0.0
v 4.378178658778779 -14.746056873351336 0.0
v 14.314544754626695 -4.7753436686471105 0.0
v -11.870625133044086 7.404137019999325 0.0
v 6.200871248496696 6.522371965460479 0.0
v 7.427697519946378 -12.691527700982988 0.0
v 13.101528645376675 6.773518514819443 0.0
v 9.290484895871487 -7.351978872902691 0.0
v -1.4370881547802128 5.521195134148002 0.0
v 7.817186231026426 -1.475597646087408 0.0
v 4.699697911448311 1.4487180821597576 0.0
v 10.652951715572271 13.95859953854233 0.0
v 5.35034033987904 3.1991171268746257 0.0
v -7.71922663267469 9.247339496389031 0.0
v 4.8599433558410965 12.23542913608253 0.0
v 9.59686764475191 0.3629965027794242 0.0
v -10.35180053737713 14.71452747657895 0.0
v 9.973606153274886 0.06134154461324215 0.0
v -8.383246878162026 -3.185073845088482 0.0
v -1.9388389041414484 -4.992795662023127 0.0
v -10.482389625511132 -8.007806271314621 0.0
v 8.007960625865962 -8.123739622533321 0.0
v 11.32124791748356 12.98518159519881 0.0
v -11.925198557903059 8.368607517331839 0.0
v -3.8923095034551807 4.9852376244962215 0.0
v 11.006232430867385 -7.1346443966031075 0.0
v -5.687638060597237 4.294645316898823 0.0
v 10.448364617594052 -8.537723930552602 0.0
v 11.29670332861133 14.81752256769687 0.0
v 5.34683440317167 -10.319039646536112 0.0
v -12.826077767531388 0.3115341393277049 0.0
v -1.9728239005198702 -7.633621753193438 0.0
v 13.52576989895897 -3.059530225582421 0.0
v -9.478837443515658 -1.5281022731214762 0.0
v -3.938928108604159 -9.467019441537559 0.0
v 9.42663500236813 12.304937564767897 0.0
v -5.356905878521502 2.306561330333352 0.0
v -4.2189522691769525 -6.119183862581849 0.0
v 6.6037595645175315 -12.612124136649072 0.0
v 5.758494906593114 5.952066416852176 0.0
v -2.719945462187752 -11.244160030968487 0.0
v 10.496378052746877 -1.7399774119257927 0.0
v -9.8527460352052 -1.4807578921318054 0.0
v 10.159443230135366 -14.697501535527408 0.0
v -14.536369867331814 8.483861993066967 0.0
v 11.823821323225275 4.3695252779871225 0.0
v 5.770416973740794 -6.55092073045671 0.0
v 1.5704704907839186 -5.718867925927043 0.0
v -10.64884166669799 4.914424053393304 0.0
v -7.457627397438046 -1.8008859604597092 0.0
v -10.27316999604227 -7.937894894741476 0.0
v -6.870133967080619 2.274220947176218 0.0
v -13.249053304549307 -7.361493464559317 0.0
v -8.117253598815296 -4.395715710707009 0.0
v -14.9378265333944 -9.651035440154374 0.0
v -5.481071504880674 -9.670248853042722 0.0
v 0.5093004230293445 -7.5843499740585685 0.0
v 7.846572123991791 3.862354937940836 0.0
v -4.120482076483313 1.7797280242666602 0.0
v 5.119831099989824 13.5937852403149 0.0
v 14.814416421635542 -6.956570480950177 0.0
v 10.374685582064558 -14.504617726430297 0.0
v -13.443757428613026 10.72709502093494 0.0
v -4.482416610524524 9.149376685731113 0.0
v 4.855961779947393 12.558821123093367 0.0
v 6.3122312253690325 12.143510994501412 0.0
v -3.9454808920854703 6.536950229667127 0.0
v -1.3949066924396902 -4.418819161131978 0.0
v -0.13456719456007704 14.946760576218367 0.0
v -14.037386850162875 -13.139704407192767 0.0
v -2.9804992382996716 -13.750819908455014 0.0
v -2.570020487823058 10.728810430504382 0.0
v -7.881654139666352 9.377365523949265 0.0
v -0.9111038807895966 -7.057306953705847 0.0
v -14.661476879613474 2.548324183560908 0.0
v 2.7278316371375695 -14.138836440630257 0.0
v -9.053089939872734 -9.662599832750857 0.0
v 8.7602339379373 3.9734802870079875 0.0
v -10.959358419699129 4.620986332185566 0.0
v 5.487409144174308 0.44194051064550877 0.0
v -8.609715766273439 -5.296652444638312 0.0
v -4.012273464875761 -6.389082117937505 0.0
v -3.3006806162302382 -14.197743279859424 0.0
v 7.182835912681185 -6.78526920825243 0.0
v 9.595731836627237 -8.43002327810973 0.0
v 12.855538316944148 -9.827856863848865 0.0
v -1.5244259889004752 3.5850647930055857 0.0
v 6.9064844132517464 -2.135353290475905 0.0
v 1.4153225222835317 -7.2413523849099874 0.0
v 12.674343743245117 5.107973403297365 0.0
v -7.678761836257763 -7.048751410096884 0.0
v 13.26485508098267 10.209673419594765 0.0
v 9.203779881005175 7.987224958837032 0.0
v 6.122689813608304 -11.390379606746137 0.0
v -10.33052846841747 -6.131169123575091 0.0
v -7.859771447663661 3.8279852736741304 0.0
v 2.7698927641031332 -9.850715561769903 0.0
v -12.84159079514211 2.2994441390037537 0.0
v 5.917533278523479 -5.3418455040082335 0.0
v 1.8090847562998533 -2.244248409755528 0.0
v -1.9792038995074108 4.047490422613919 0.0
v 11.040707897569519 0.9939234787598252 0.0
v 6.687836208380759 13.102965428493917 0.0
v 14.908186366199516 0.21116215456277132 0.0
v 14.61606481106719 -12.622769767418504 0.0
v 0.5810415993328206 -5.5428583873435855 0.0
v 5.140535696700681 0.5453074304386973 0.0
v -7.132437827938702 9.07849267218262 0.0
v -5.358327570487745 -7.564803098328412 0.0
v 9.766383244597819 4.234836937859654 0.0
v -3.148562836169731 3.90508415363729 0.0
v -8.120996522135101 10.97137637808919 0.0
v 10.937310338485986 -7.597602721303701 0.0
v -4.361072172643617 5.0686145555227995 0.0
v 0.330923960194923 -11.07378212083131 0.0
v 4.4242349558044225 7.024715902283788 0.0
v -3.3490460070897825 12.733214909210801 0.0
v -3.0027722621452995 -14.73391499184072 0.0
v 2.671910707897041 -2.9340432258322835 0.0
v 13.65151605376741 -1.000523766502738 0.0
v 14.81690160202561 -10.176741758361459 0.0
v -7.053985857637599 -14.830449804663658 0.0
v -11.726213791582268 -2.869147665798664 0.0
v 2.548764440405648 0.9279463523998857 0.0
v -3.485117244126741 14.581049925647676 0.0
v -1.0311474290210754 8.256401517428458 0.0
v 0.685045103658922 -4.2935331696644425 0.0
v -12.65615610673558 -8.173618455417454 0.0
v -7.2233361842809245 -3.241949121467769 0.0
v -11.691133996704593 2.188642218708992 0.0
v 9.932826041942462 10.064927467145026 0.0
v 2.3922864078194834 -0.5618652133271098 0.0
v 3.588691915909294 -1.2700630966573954 0.0
v 10.102930805354845 7.429710092023015 0.0
v -4.834337053820491 0.8817902645096183 0.0
v -7.527134544157889 7.979924253188074 0.0
v -1.8331405071658082 2.8897635228931904 0.0
v -14.897116688312963 -10.442119475454092 0.0
v 14.893494725809433 -13.619468599557877 0.0
v -3.6159398617455736 -5.0614704405888915 0.0
v -1.868271618091967 14.223421765491366 0.0
v -2.1471172884339467 -4.066528568975627 0.0
v 6.3156758674304 12.215427549555898 0.0
v 1.5796851445338689 5.599673113785684 0.0
v -11.967427023337223 -11.228601139038801 0.0
v 10.424401217256673 -4.425995123572648 0.0
v 13.755270792928059 10.682984069921076 0.0
v 10.61213444150053 -13.606265498325229 0.0
v 13.060962954943534 0.005598676390945911 0.0
v -13.863249295391142 0.18514854088425636 0.0
v -6.49000144621823 -8.364636330865324 0.0
v -12.359598125389311 -14.41279216017574 0.0
v 12.616608754440676 7.628441531211138 0.0
v -13.222285617666785 13.923933875747025 0.0
v 10.639838027767837 9.244923802092671 0.0
v 2.047973658074625 9.493024347350001 0.0
v -13.258933958655689 -14.78551681432873 0.0
v -7.443205544957891 13.150000327266753 0.0
v 9.404181100893766 -12.114205932244658 0.0
v -6.4723420575028285 11.853170692920685 0.0
v -10.223375995876268 -13.048601017333567 0.0
v 12.305539762426633 5.0150814754888415 0.0
v 0.9104823817615397 -4.575551456771791 0.0
v -1.6737958126468584 -13.430161412805319 0.0
v 9.383008657896426 -4.557549082674086 0.0
v 14.121855799749028 -9.09995740186423 0.0
v -13.186823400028516 -12.31093501765281 0.0
v 1.9335478542489 -0.7904177028685808 0.0
v 0.9258476792601869 -12.41032284963876 0.0
v 0.10132315539522097 -14.243552213534713 0.0
v -8.014892835228238 -13.287939451634884 0.0
v -4.098202842462342 -9.525148193351924 0.0
v 11.80697137961397 1.7338424529880285 0.0
v 8.290012382552959 10.394510835409164 0.0
v 0.6317495662951842 -5.407750982791185 0.0
v 1.8516161969164386 -2.68665106035769 0.0
v -3.753468074835837 -14.098248331807554 0.0
v 8.624979685409926 -9.519917876459658 0.0
v 7.299740485905204 -8.51526859216392 0.0
v -12.823940450383816 9.038991196081042 0.0
v 11.733784782758448 9.633964963257313 0.0
v -12.449707686377224 7.136318805627525 0.0
v -5.090968445758335 2.110113766975701 0.0
v 14.487386097782291 -3.2581508196890354 0.0
v 4.986865822516847 -6.1089123990386724 0.0
v -12.158717862621415 9.97477774694562 0.0
v 1.7499118970590644 4.456248750910163 0.0
v 1.7697634149808437 6.906141119077802 0.0
v 7.948631550883874 7.816955892369151 0.0
v -3.4460538877756335 3.6907348949462175 0.0
v 7.089613824733533 3.941293504089117 0.0
v 3.8621183576760814 2.153302793391049 0.0
v -13.854745286982507 12.843107183463871 0.0
v -8.40156146674417 5.228240770287812 0.0
v 0.6449243315146305 0.9142180113121867 0.0
v 3.5554628747631796 -10.635912304744124 0.0
v -14.069210931484122 -11.092965709976852 0.0
v -8.115193389123306 -3.7351386323571205 0.0
v -8.663478603062686 -0.001427321694791317 0.0
v -8.909462296462152 1.272486868314445 0.0
v -8.857045819342602 2.1147961039096117 0.0
v -0.08975957165239379 1.8089921828359365 0.0
v 0.15515158767811954 -8.002123963087797 0.0
v 10.989861814246979 10.865230344235897 0.0
v -11.668189164425712 -4.964659518562257 0.0
v -14.766082031594124 -5.622515513561666 0.0
v -2.881023180205375 -4.149113480001688 0.0
v -10.17426489724312 14.399116571992636 0.0
v -9.024913271074183 -14.216771073639393 0.0
v 14.516508141474333 12.181258929893374 0.0
v -13.284175302134827 -9.447244931012392 0.0
v -11.32697792025283 -10.863655646331608 0.0
v 1.458323149709031 5.732942114584148 0.0
v -9.395758333208505 6.242818330414593 0.0
v -9.239783171680756 -4.256436751224101 0.0
v 1.326523661846295 3.7604597844183445 0.0
v 8.954538449121173 -8.379609148018062 0.0
v 0.5534031458082609 -11.783793813548982 0.0
v -2.564319073630031 -9.946228994987905 0.0
v -11.786990826833062 7.836262881755829 0.0
v 11.645425523689482 4.979476950131357 0.0
v -11.174095811205916 4.734112587757409 0.0
v -8.734853436937556 1.8759428849443793 0.0
v -1.9949580064276233 -6.061822174116969 0.0
v 3.6661933598225005 -10.889605061151087 0.0
v -7.100524316658266 8.416261698119342 0.0
v -13.51037591509521 10.147081433795393 0.0
v -4.422595303156413 11.385734901763499 0.0
v -10.14656127121998 13.476100660860538 0.0
v 0.45937884150771424 -8.978058998472989 0.0
v 8.067293055471964 -5.942760662175715 0.0
v -2.2943887903238647 -6.272545462474227 0.0
v -10.31920046400046 -3.8804306657984853 0.0
v -7.512660423933994 -2.4277319004759192 0.0
v 7.567591895873193 5.974209162406623 0.0
v 1.5806968478718773 13.63399753998965 0.0
v 3.8920417710905895 -11.763336003758013 0.0
v 5.274569153145421 4.492115474306047 0.0
v -4.701445314276498 -4.44079667981714 0.0
v 12.552062596019823 5.738057516515255 0.0
v 8.356958132062573 4.165462210774422 0.0
v -1.4772964979638346 7.728582955896854 0.0
v -8.652339742402546 8.712100468575954 0.0
v -3.520035201800056 -4.404558654874563 0.0
v -12.285741831932683 -9.002958723343909 0.0
v -13.681438200583216 -13.817674251273274 0.0
v -12.889380780863576 13.23157369159162 0.0
v 6.38628292363137 5.317218152806163 0.0
v 11.81079685461009 -2.7905785404145718 0.0
v 1.9773559303139336 12.403167474083602 0.0
v 6.10715730470838 -10.606817381456494 0.0
v 0.7963028604863212 -8.54410162102431 0.0
v -8.72967054048786 -2.45101800840348 0.0
v 11.762422472063918 -0.9793993029743433 0.0
v 5.422076992865186 5.558888839557767 0.0
v 10.300886296550743 -9.817909868434072 0.0
v -5.66724517440889 10.374032689258456 0.0
v -11.054809806868434 -7.384769389405847 0.0
v -10.654652965255082 -9.736373590305448 0.0
v -9.29002975759795 -8.863687814213336 0.0
v -9.554656722350046 9.925036460161209 0.0
v -4.5014043667470105 6.4522186098620296 0.0
v -1.8017235505976714 -9.043650875799358 0.0
v -6.496830009040423 7.735043746419251 0.0
v 10.79171599802794 -8.113868964836001 0.0
v 5.536613287462387 4.733412093482912 0.0
v 7.618260619172361 -12.366942993365228 0.0
v -4.831795804027934 4.251712356694043 0.0
v -1.1965662390575744 12.67451856750995 0.0
v -12.520928337995429 -2.285010556690395 0.0
v -3.8142759627080522 -3.185025790706277 0.0
v -13.007487839087844 6.06843944825232 0.0
v 7.526271862676367 14.463790128938854 0.0
v 8.95669438992627 9.152061314322054 0.0
v -7.6016161614097655 -12.661071478389204 0.0
v 10.635636858758517 -14.655493753030896 0.0
v -1.7048093144549057 0.24411099404096603 0.0
v 11.509214419173077 -3.5652480898424983 0.0
v 4.624188107671216 -1.6867767805233598 0.0
v 2.368245867022779 0.0804515415802598 0.0
v 13.742023058293853 -9.275702949613333 0.0
v 3.391518721007742 -3.9953772323206067 0.0
v 9.167644941771869 11.787391832098365 0.0
v 2.635234155866783 12.709710255265236 0.0
v 1.093351501156576 14.45677841361612 0.0
v -5.916552346141543 -6.077702351845801 0.0
v -14.572082068014424 2.4206447955220938 0.0
v 9.881655303994194 7.580661350861192 0.0
v 1.6589351102011278 10.9470672365278 0.0
v 5.540096301701851 14.438520038500428 0.0
v 6.196684672089759 -8.729650871828198 0.0
v -6.237303305300884 13.451622708700597 0.0
v -8.668607529718429 -14.615819290280342 0.0
v 6.112639406404924 14.373311480507255 0.0
v 14.793318164534867 -3.3637834638357162 0.0
v -14.025413358176593 -12.33826709445566 0.0
v 8.875572831428144 7.265041906386614 0.0
v -4.560671198938508 9.656681044958532 0.0
v 6.265937161515467 12.838661045767367 0.0
v 0.9405866690794937 -6.952562231570482 0.0
v -9.763891643087845 5.2603064104914665 0.0
v 5.187022002472077 -1.1099618813022971 0.0
v 5.652290296391584 -14.426036924123764 0.0
v 2.0757299553370103 10.688584313727915 0.0
v -11.881073770986404 -6.107681122608483 0.0
v -6.505732873803936 -7.78486692905426 0.0
v -12.228938716638368 6.218768619932234 0.0
v 3.322210893558804 -13.366724323481321 0.0
v -12.844811582006514 8.144748338498175 0.0
v 14.242018739168998 3.354969902895391 0.0
v 5.70985179109266 -0.5235323775559664 0.0
v 12.25603058503475 -0.795248937793076 0.0
v -2.7510046908282675 -6.5661481991410255 0.0
v -7.622623137023766 -5.399167358875275 0.0
v 5.951747323095333 14.039818978868425 0.0
v 2.791773519711569 8.652689574286342 0.0
v 12.041169590025675 -4.606475438922644 0.0
v 11.422770362289157 -11.400110610760748 0.0
v 11.016338613000698 -11.395901456475258 0.0
v 8.781808898900636 3.440989245660603 0.0
v 9.792323703935836 14.478440720587969 0.0
v 14.912680421140976 2.4536543115973473 0.0
v -1.8995280960807577 -0.11404064763337374 0.0
v 3.2035048264660873 -1.8284976175054908 0.0
v -10.148646420799196 7.602287337183952 0.0
v -14.584049639874138 -0.9317584354430437 0.0
v 3.5019327783375047 -13.092025249265134 0.0
v -1.2260225136997178 6.740663357079029 0.0
v -10.65144334064098 8.320984173566103 0.0
v -0.733089592831675 13.012004673480988 0.0
v -13.925368332653306 -3.223180736415088 0.0
v -8.233527789474465 -4.2384829884395 0.0
v 9.558371802966576 -11.140502809546888 0.0
v -5.5401188128162175 5.921814099885523 0.0
v 1.0285631617880426 10.116578547284007 0.0
v 13.774404017312918 -14.811694090254605 0.0
v 2.6905549818184227 -10.22571054380387 0.0
v 1.1795371407060884 -10.6650162441656 0.0
v -8.249697176623158 -9.777741407044232 0.0
v -3.866667952039279 -5.491786681115627 0.0
v 1.6010766493855044 -8.628758668899536 0.0
v 13.074291028198786 5.992715939879417 0.0
v -14.868631380726583 -4.860155947506428 0.0
v -12.318242550827563 10.108204348012805 0.0
v 11.947356395830866 -14.574148626066744 0.0
v -8.168309711501934 -8.216349228285253 0.0
v 10.453520694631152 -14.166837734170258 0.0
v 12.726465762534644 3.4645713474601507 0.0
v 12.248108022089582 -3.945397147908807 0.0
v -4.347403594176285 1.708506377413869 0.0
v -3.669293159910012 10.94959219172597 0.0
v 1.3632617950206622 -1.9097114512696862 0.0
v -13.942604577809107 2.2865796349942684 0.0
v 12.525970376154874 0.5072866706177592 0.0
v -8.16551336349221 -2.1155471177771688 0.0
v 13.956242380139884 3.105670714750886 0.0
v -14.587223079928663 12.345828872174025 0.0
v -5.036178030772135 11.769363608211279 0.0
v 5.6084268190898 1.0793771566823125 0.0
v -10.995560573413968 11.510244715958834 0.0
v -10.548395322752185 14.118240217678249 0.0
v 1.8952044430770911 -12.438395071774721 0.0
v -14.019606499408837 9.261081003583968 0.0
v 11.632873289927375 0.6427782038226724 0.0
v -5.91215636668494 12.694201291538775 0.0
v 11.531912709178869 -8.134932639077306 0.0
v 12.818439145048615 -5.258605047129095 0.0
v 12.390159668168053 -7.9854384968057275 0.0
v 5.669298157445155 9.85844184178859 0.0
v 5.59116466838168 -8.8003471782431 0.0
v -8.525204235396814 5.589464221149683 0.0
v -11.174277117825113 1.1776722827926278 0.0
v -13.426758332992904 12.453904346562922 0.0
v 11.348130713449791 14.908106254413724 0.0
v -7.946782442682888 -8.795162544585764 0.0
v -3.9247927693650126 13.319221295416355 0.0
v -0.687096559733618 -0.38423541840165854 0.0
v 14.462283771368675 1.0115371840074658 0.0
v 0.7586222872487269 -4.74425230268389 0.0
v -4.946134081168566 14.21373285818845 0.0
v 12.199759440962225 10.011496810242534 0.0
v -8.69536216603592 -12.766766311600804 0.0
v -1.8430831793812104 4.292963259853423 0.0
v -13.334701309271622 4.8326698848977685 0.0
v -0.33291441143956035 4.7914878241717815 0.0
v 9.005396130494773 12.349647625349462 0.0
v 4.542370110575575 13.146662603132427 0.0
v 10.287177399906795 4.989025096409023 0.0
v 0.5102102897362784 -9.000552537851036 0.0
v -4.731491226644721 -9.435313632711768 0.0
v -12.757193190627731 -8.638100597076118 0.0
v -13.885589183773845 -3.6859000977128744 0.0
v -3.6465165802510455 -10.454080704599619 0.0
v 2.627883492910769 -5.344531325623393 0.0
v 7.165340589941479 -3.5341986063867807 0.0
v -14.855331201688386 0.014768351800739765 0.0
v -12.110302631859668 14.214013890363276 0.0
v -2.86007914977381 3.4474177537485957 0.0
v -10.502738024108112 -3.9789313580840826 0.0
v 11.182315563433804 -2.1696317456662655 0.0
v -3.654066250368487 -3.186791930347681 0.0
v -10.42068577563623 8.745020189322531 0.0
v 3.308778738952242 -5.333961865864694 0.0
v 7.062991444021463 -6.010550651699305 0.0
v 14.093461238138843 6.52915898244828 0.0
v 2.3162513190181926 9.357095279730856 0.0
v -1.326144827529788 6.444106035865843 0.0
v 12.647474580153357 3.6509036095812917 0.0
v -11.482726450019982 12.893680159933865 0.0
v 9.210187605582178 0.29023564141243696 0.0
v 10.911196943779942 8.336280712857842 0.0
v 5.235701680474449 -11.387654898688197 0.0
v 9.563409055175725 -1.3359728250652552 0.0
v 3.912381769856438 6.1899570897221565 0.0
v -0.967765606357716 2.9605538519099355 0.0
v 0.7873548700590618 -10.803536257706583 0.0
v -0.4780787240015343 11.738379960879683 0.0
v 8.709210237837397 -12.36270975600928 0.0
v 11.840490968083031 -14.50624636746943 0.0
v 13.590168972034007 2.8055896935984492 0.0
v 10.785087127354927 2.3961916705593467 0.0
v -14.029083219415043 2.362812520004809 0.0
v -4.318266514339484 7.093753949739039 0.0
v 14.194252539018635 2.7055441485717893 0.0
v 14.826505346456543 -3.493240403942764 0.0
v -5.705504713696428 14.756330190226436 0.0
v 14.682551745965611 4.082133644260466 0.0
v 4.242462483525742 14.520253754220903 0.0
v 0.818802320107352 -13.533899823203683 0.0
v 1.2804451216943562 8.748023940250278 0.0
v 3.1520750838681124 10.25582228321582 0.0
v -5.623619937337935 8.202557502314448 0.0
v 12.746840644220356 -5.4187242249026895 0.0
v -8.928969898086507 -10.784448608756065 0.0
v -8.567305046482943 3.1366311786696315 0.0
v -1.2900891238823533 7.888455239124596 0.0
v -3.600069247360807 6.056412996724248 0.0
v 8.95977772626793 -9.795393662527204 0.0
v -4.8661305861896835 12.882017998956144 0.0
v -5.31962331617251 10.324084867723286 0.0
v -2.939223153865896 3.12376924790442 0.0
v 5.647897663584445 3.5150750866159797 0.0
v 10.908236055227462 -8.355622875504196 0.0
v -3.1134206664864905 -2.2501571848988533 0.0
v 9.727378301729914 -0.10498800314962864 0.0
v -7.823996237129904 7.25817390345037 0.0
v 5.647254731564317 -12.551413788460195 0.0
v 6.255381079623476 5.821556669659913 0.0
v 8.242607147898525 -13.692880792543292 0.0
v 12.510385452304035 -11.629664524458349 0.0
v -3.4246946166385897 7.100226321257651 0.0
v -8.924015519267414 13.64188766758889 0.0
v 5.3893039272516035 -0.5597963994368911 0.0
v 9.735078745346982 -9.929827966727316 0.0
v -9.293315547867678 -13.450070162303746 0.0
v -8.929568443156313 9.061955789104104 0.0
v 6.800669423362706 11.026254648342729 0.0
v -14.006745166319888 -11.318658985197544 0.0
v -5.219241176964715 -7.99533156119287 0.0
v -10.76343163033016 12.934990101493895 0.0
v 11.587125193560496 3.8111211340874434 0.0
v -6.034865469031502 13.049423282966018 0.0
v -1.7357818185118958 -3.443411777727306 0.0
v 1.9619711808627471 -0.0364507595077157 0.0
v 8.384498748753686 14.203359596431255 0.0
v 12.326002681045793 12.792848969809711 0.0
v -7.23447982914513 -4.339443760924041 0.0
v 5.58090595464455 3.589678555727005 0.0
v -10.72855107235955 -9.502903329208493 0.0
v -9.417029542615637 -9.97927290853113 0.0
v 12.151766104623675 -4.4930369313806295 0.0
v -3.750485451251734 -14.459736372344196 0.0
v 7.4013878187397495 -1.0054249614477158 0.0
v -7.952053683577105 -11.108168196864426 0.0
v -5.379162932571489 -2.0563629465177655 0.0
v 1.9951086294604465 12.661001321859658 0.0
v -2.4251340026967227 -9.039248297922313 0.0
v -0.24904165038606152 -11.930432354100049 0.0
v -12.718224583892152 0.6478656763210893 0.0
v 9.947154125082307 11.8065644223243 0.0
v -8.847361297754105 -3.0663714054971933 0.0
v -2.093247514916584 4.8700056448578835 0.0
v -4.140060890116729 -10.016932338476181 0.0
v 12.138598061690573 -9.346804492175579 0.0
v 7.45053955464391 7.630167686380446 0.0
v -13.307488171791192 0.7172175087034702 0.0
v 14.018634478677996 -10.232939783483744 0.0
v -1.9430936215212569 -8.801400032825768 0.0
v 10.557583105459344 9.557385654188693 0.0
v -10.826500730705447 -13.93338680639863 0.0
v 6.212648631597403 -9.209480072371662 0.0
v 8.54093161196215 -14.59877648577094 0.0
v 5.631223235104699 -7.572675131261349 0.0
v 4.516959315515123 -4.384875666350126 0.0
v -10.258740237972233 -11.655118524096906 0.0
v 1.8678847291739658 -5.421170998364687 0.0
v -10.944004177232273 -7.007707432843745 0.0
v 9.062461256224196 1.2463096417486668 0.0
v -4.036148653889541 -2.7078512040898204 0.0
v -14.478411344462074 -1.0643103150650859 0.0
v 12.203153249109164 13.056788948364556 0.0
v -14.980417380225845 14.094363725744188 0.0
v -1.4354831421514973 -5.539160993881524 0.0
v 9.943435023888014 -0.23616667371243238 0.0
v 11.758663552929647 2.960453095845878 0.0
v -2.4723733372520655 -6.847817066125572 0.0
v 2.455964887747541 -10.478287975303829 0.0
v -7.049076938012149 13.139259756542742 0.0
v 2.043982859759126 -4.810164303518832 0.0
v 4.676255584519822 -13.062016860581934 0.0
v -5.006381323095411 -5.4116898430511355 0.0
v 13.066502409870736 5.857055597007275 0.0
v 11.67359850788489 -6.060910073108971 0.0
v 1.705112800875213 -7.5978821543976665 0.0
v 12.734300557815004 -12.990515536628664 0.0
v 0.7947361376136541 -6.812860920093954 0.0
v 13.849016261927318 1.5870110150426626 0.0
v -9.45691216463456 14.755863840691745 0.0
v -8.185917511524167 13.67886881902814 0.0
v -0.47342400992056355 -0.3952080300077796 0.0
v -12.145944305928424 0.8615464512258768 0.0
v -4.147163700195961 9.563484007492661 0.0
v 11.516519172873814 0.7688659830018878 0.0
v -12.217271985078696 -9.605056833475828 0.0
v 0.5710358173237182 14.844457504339516 0.0
v -13.423992088064551 1.494389744475484 0.0
v 13.23192451626528 -0.12134476471692324 0.0
v 10.684940627892502 -13.005956655368209 0.0
v 7.003834939561784 -6.047974493354559 0.0
v -7.0092231532908045 3.0769527489319444 0.0
v 9.624302061041817 -9.82851806934923 0.0
v -11.188751594454516 2.5750193055719137 0.0
v -7.048517137940507 -0.39783368073403835 0.0
v 8.270325823919848 4.373264967463911 0.0
v 7.593489251972642 -11.423673452809453 0.0
v -3.20557358127553 -1.1879123849794269 0.0
v -1.1972935644444078 -2.576975957490504 0.0
v 0.40397344226948917 4.768527610227466 0.0
v -1.39970066602109 -11.157556381076574 0.0
v -0.7716459086514078 -4.084990310482681 0.0
v 0.5942844668752514 14.012262232601643 0.0
v 7.192655481339898 8.315163648687303 0.0
v -10.281768813729286 -9.391793082468212 0.0
v -4.770544468250591 9.543856211937964 0.0
v -11.270333838649094 9.301873371005058 0.0
v 9.802766508015338 6.59624647628516 0.0
v -10.513282109051943 8.256253420375288 0.0
v -10.133108891081065 -0.8320073215290904 0.0
v 4.568844383931719 12.496849296614528 0.0
v -6.866310970974155 8.180974058806896 0.0
v 2.4769928038003854 -7.398141270503402 0.0
v -8.662509700632654 7.773067927919328 0.0
v -9.478723579726648 -5.058186510577798 0.0
v 6.678491032507736 -6.6651903092861176 0.0
v -4.351689056027681 11.360770587809384 0.0
v -3.072655424126424 9.741224650293589 0.0
v -13.222455286828335 0.4970927657559514 0.0
v -7.393663325987291 -0.4440872622653842 0.0
v 1.9752946157823317 3.4895220017060637 0.0
v 9.435614505782723 -5.995661316439509 0.0
v 3.006589241034817 -2.133367561735213 0.0
v 6.08753412286751 14.669695816934109 0.0
v -3.6230753238196485 9.85277305264026 0.0
v 11.016706057882402 -1.7696698307991028 0.0
v -6.227565476146992 9.945270083844662 0.0
v 12.717047235171776 -1.9559084018692374 0.0
v 5.825546575826593 4.121839855797589 0.0
v 8.50465362588875 10.115559136494994 0.0
v -2.4135609778459184 6.830368463881314 0.0
v 13.86060705728596 -6.2136701960116625 0.0
v -4.011002398270648 -11.905735537409782 0.0
v 14.38665642804699 7.004157082177699 0.0
v 10.347698456782382 3.0744202230125666 0.0
v -4.765301661333069 -11.003518031910062 0.0
v -11.599793670116924 9.985410522669554 0.0
v -0.4014728763140738 3.1192648196592927 0.0
v 12.114602921472397 -13.584824754856527 0.0
v 0.3202609414001927 -5.257704236544669 0.0
v -1.8815065993112512 8.054872763343155 0.0
v -11.07998008839786 -6.312199559994042 0.0
v 14.13286381639773 7.799357891082764 0.0
v -7.00718397408491 6.441115218214691 0.0
v -6.214882729633246 9.503857750445604 0.0
v 9.526565731561277 -4.817131693474948 0.0
v -12.437247154826764 -1.2841422781348228 0.0
v 10.275210779800545 3.0042688604444265 0.0
v 13.661600364372134 -2.268447009846568 0.0
v 11.711735872726422 5.145583911798894 0.0
v -0.6862199167371728 4.255182156339288 0.0
v 5.002232031722087 -12.520074904896319 0.0
v -1.019410246051848 10.144341667182744 0.0
v 14.093737720395438 2.8064008885994554 0.0
v -5.161437320581172 -0.0538290748372674 0.0
v -11.499848273466341 -5.7459822203963995 0.0
v -2.530691616353579 -12.884609570726752 0.0
v -4.23976698477054 -9.328697406686842 0.0
v -14.860667496104725 -9.88230396527797 0.0
v -14.6360635010642 -10.732863917015493 0.0
v 13.30906770110596 11.53852846287191 0.0
v 4.39878496946767 0.11857779137790203 0.0
f 746 629 1107
f 629 746 1557
f 1774 1079 309
f 1429 1774 1067
f 1774 1429 1028
f 1219 344 272
f 344 1219 1541
f 1119 1518 1196
f 671 1079 1774
f 674 1710 1827
f 125 395 1152
f 1402 395 125
f 1222 29 1007
f 1222 1402 125
f 29 1222 125
f 1571 1127 611
f 1518 560 1196
f 560 1518 125
f 1518 1522 125
f 1522 1127 1693
f 1521 1461 996
f 1521 1539 1023
f 1461 1521 1023
f 1119 1483 1518
f 689 1119 1196
f 560 689 1196
f 145 1774 1028
f 145 671 1774
f 522 1429 1067
f 1429 522 1028
f 1021 1139 309
f 87 1592 468
f 907 1043 1902
f 1757 1043 277
f 385 269 1902
f 385 1902 1107
f 1455 385 1107
f 385 256 1796
f 256 385 1455
f 1461 1173 996
f 627 1173 1461
f 167 99 1291
f 1504 99 1023
f 99 167 1023
f 645 24 29
f 355 645 1736
f 1225 1222 1007
f 389 1225 1007
f 1225 389 1703
f 1222 1063 1402
f 1063 1225 1703
f 1225 1063 1222
f 701 1609 1693
f 1127 701 1693
f 701 1127 1571
f 318 1522 1518
f 1394 318 169
f 1522 411 1127
f 411 1394 611
f 1127 411 611
f 411 318 1394
f 318 411 1522
f 629 221 1107
f 653 1332 1107
f 1332 653 149
f 221 653 1107
f 653 221 149
f 836 701 1571
f 1609 1316 1693
f 1160 372 1226
f 1008 1803 1201
f 1008 663 1894
f 1803 798 1201
f 798 1325 1201
f 962 798 347
f 1468 1420 1903
f 1420 1247 1903
f 1570 125 1152
f 1564 689 560
f 1209 1219 36
f 1219 1209 1541
f 522 85 1028
f 85 522 233
f 1423 52 544
f 1212 145 1028
f 686 1788 730
f 1638 1095 1967
f 1018 1638 1814
f 1018 465 468
f 1638 1018 468
f 1238 1638 1967
f 1638 1655 1814
f 1021 776 1139
f 465 1587 468
f 1587 87 468
f 1587 1938 1616
f 524 747 200
f 844 260 269
f 1292 162 860
f 1219 1517 36
f 68 5 1629
f 646 538 1902
f 1043 646 1902
f 416 907 1763
f 277 416 123
f 1043 416 277
f 907 416 1043
f 1020 277 123
f 1020 1757 277
f 1938 114 1616
f 114 1133 1616
f 385 1114 654
f 1114 385 1796
f 550 1114 1796
f 256 1743 911
f 673 1743 1455
f 1743 256 1455
f 1970 627 1461
f 1695 1825 1023
f 1987 167 1291
f 99 434 1291
f 434 1987 1291
f 585 13 712
f 13 585 1565
f 1090 128 1539
f 51 1090 1280
f 408 51 1280
f 797 1090 1539
f 24 1444 1051
f 1745 355 132
f 355 1745 645
f 1819 1745 132
f 1745 1819 645
f 318 1872 169
f 1872 318 1518
f 1483 1872 1518
f 829 1634 1529
f 21 476 977
f 1491 1040 1323
f 1491 21 1040
f 21 1491 476
f 1646 629 1557
f 1646 221 629
f 1998 1538 1332
f 1538 1455 1107
f 1332 1538 1107
f 232 1998 1332
f 232 1087 1696
f 1087 232 1332
f 1538 1997 1455
f 467 590 1552
f 467 1316 590
f 746 467 1557
f 467 1552 1557
f 1316 467 1693
f 467 1522 1693
f 1522 467 125
f 467 29 125
f 1226 458 1504
f 372 458 1226
f 1992 1710 1756
f 1710 16 1827
f 1160 16 1710
f 16 186 1827
f 1278 585 812
f 585 1278 1565
f 113 1019 1408
f 1585 798 962
f 798 1585 1325
f 479 1603 165
f 1078 493 83
f 294 1497 83
f 1497 294 708
f 493 294 83
f 498 663 200
f 663 498 1894
f 498 515 1894
f 747 498 200
f 515 498 747
f 1325 1039 1201
f 1039 1008 1201
f 1008 1039 663
f 1920 1777 407
f 1092 627 1768
f 1092 1681 627
f 716 1819 947
f 1892 1849 360
f 1247 715 1903
f 715 1247 1624
f 1740 74 437
f 147 1740 437
f 350 1208 1482
f 266 1740 1482
f 464 27 1619
f 556 464 58
f 936 1570 184
f 936 184 705
f 1564 936 705
f 936 1564 560
f 936 560 125
f 1570 936 125
f 522 1412 233
f 1412 522 1067
f 1721 1412 1067
f 986 1721 1067
f 1774 986 1067
f 986 1774 309
f 1271 986 309
f 596 85 233
f 52 596 233
f 1901 1212 1028
f 85 1901 1028
f 145 1062 671
f 1212 1062 145
f 1621 686 730
f 1688 1811 314
f 3 1411 1592
f 1411 3 930
f 919 1317 763
f 990 919 763
f 1655 1648 794
f 1648 154 794
f 1238 1666 1638
f 1666 1655 1638
f 1648 1666 1238
f 1666 1648 1655
f 1018 840 465
f 195 1811 116
f 1811 195 101
f 1621 1988 686
f 50 447 1981
f 1610 776 1021
f 1917 525 934
f 660 1917 934
f 676 1587 465
f 840 676 465
f 1587 706 1938
f 706 1085 1938
f 1133 455 1616
f 455 1133 1282
f 455 296 1616
f 296 455 1282
f 1031 1133 1375
f 1815 1031 1375
f 1282 939 310
f 1587 495 87
f 495 1587 1616
f 296 495 1616
f 515 1234 1894
f 1234 1008 1894
f 1161 515 747
f 1234 1161 1682
f 1161 1234 515
f 930 2000 1347
f 1243 117 200
f 117 524 200
f 524 1069 1702
f 1069 1853 1702
f 870 1873 1410
f 260 940 1324
f 844 802 260
f 802 940 260
f 940 802 835
f 802 844 1784
f 891 1292 35
f 1707 723 592
f 844 1130 1784
f 1130 162 1784
f 1130 844 269
f 1826 613 272
f 1780 613 1826
f 68 814 807
f 1860 68 1629
f 513 174 807
f 174 68 807
f 174 1175 1072
f 5 1852 414
f 1852 174 1072
f 1852 5 68
f 174 1852 68
f 1137 1271 935
f 538 1137 935
f 1760 814 938
f 1373 416 1763
f 1627 1373 1763
f 416 1373 123
f 1133 204 1375
f 114 204 1133
f 364 41 1073
f 1085 623 1938
f 623 288 886
f 1785 114 1938
f 623 1785 1938
f 1785 623 886
f 1743 1606 151
f 1606 673 219
f 1606 1743 673
f 164 1606 219
f 1606 164 151
f 673 702 219
f 53 399 1262
f 1313 621 1262
f 399 1313 1262
f 1313 399 1731
f 1316 1890 590
f 1890 1316 1609
f 767 180 1156
f 766 392 211
f 760 1031 1815
f 769 1113 949
f 1351 1970 1461
f 627 780 1768
f 1970 780 627
f 780 436 1768
f 780 793 1833
f 793 780 1970
f 1749 1149 1678
f 1749 1433 1327
f 1433 1987 1327
f 1987 1966 1327
f 916 895 375
f 434 1 1520
f 1 434 99
f 1 99 1504
f 1086 1 1504
f 1 509 1520
f 818 1278 1270
f 1278 818 1565
f 818 239 1565
f 239 818 846
f 394 239 305
f 943 870 1410
f 1573 916 375
f 390 881 337
f 703 339 342
f 703 128 339
f 1539 703 342
f 128 703 1539
f 51 224 1090
f 224 128 1090
f 224 355 1736
f 224 51 355
f 339 224 1736
f 128 224 339
f 355 1055 132
f 51 1055 355
f 1055 51 408
f 1055 1819 132
f 861 956 1048
f 507 956 921
f 334 507 921
f 956 537 921
f 1090 537 1280
f 797 537 1090
f 334 1399 448
f 1399 334 921
f 1399 1521 448
f 628 334 448
f 100 60 1051
f 1444 100 1051
f 60 100 1462
f 100 1444 1462
f 852 24 645
f 1819 852 645
f 716 852 1819
f 1577 1872 1483
f 1872 1577 169
f 170 1675 611
f 1571 1675 1106
f 1675 1571 611
f 1394 788 611
f 227 788 1394
f 788 170 611
f 170 788 381
f 788 227 381
f 1634 650 1529
f 650 1356 1529
f 1294 1634 1755
f 1294 650 1634
f 1040 206 1323
f 587 1686 476
f 476 1686 977
f 1686 54 977
f 1686 587 731
f 54 1686 731
f 325 54 437
f 829 325 1296
f 325 829 1529
f 317 209 1005
f 209 317 1551
f 317 1859 1551
f 209 863 1775
f 863 209 1551
f 1859 1071 1509
f 1071 587 1509
f 1071 350 587
f 1706 863 1551
f 587 1706 1509
f 1706 587 476
f 1706 1859 1509
f 1859 1706 1551
f 221 839 149
f 1646 839 221
f 1778 1086 1504
f 1778 660 1086
f 1824 1160 1710
f 1992 1824 1710
f 1160 1824 372
f 1824 1917 372
f 1722 1160 1226
f 1722 16 1160
f 1722 1226 1504
f 1722 1504 1023
f 776 1722 1023
f 1722 776 186
f 16 1722 186
f 1278 191 1270
f 787 191 1278
f 1019 1960 305
f 1960 1019 113
f 1960 394 305
f 1585 245 1325
f 2 1603 479
f 1131 1081 354
f 1081 304 354
f 664 1303 1236
f 184 890 705
f 890 969 705
f 1303 1618 1236
f 379 1914 1489
f 1044 1077 1474
f 1044 1474 165
f 1603 1044 165
f 1457 379 1489
f 1741 1131 354
f 1131 1741 1652
f 1177 945 271
f 682 588 271
f 433 356 851
f 352 1951 708
f 294 352 708
f 352 294 962
f 352 962 347
f 1951 352 347
f 951 1103 237
f 1103 951 83
f 1497 1103 83
f 1596 1103 1497
f 395 251 1152
f 251 685 1152
f 136 536 1727
f 685 536 1762
f 536 136 1762
f 251 536 685
f 1063 642 1402
f 642 104 1402
f 642 1063 1703
f 700 642 1703
f 341 1847 168
f 1847 1439 168
f 136 1172 286
f 1172 136 1727
f 1637 1172 1727
f 1077 899 1474
f 899 715 1624
f 610 1951 347
f 1220 1576 1299
f 948 442 1777
f 442 349 407
f 1777 442 407
f 442 948 1352
f 720 442 1352
f 720 1937 1269
f 1607 102 1644
f 1468 1542 1420
f 1037 1542 1468
f 1542 1607 1420
f 1542 102 1607
f 102 1542 1037
f 1029 899 1077
f 1500 1220 1299
f 519 340 1009
f 343 1003 1928
f 436 1766 1768
f 1173 419 996
f 419 1173 627
f 1681 419 627
f 1548 947 1928
f 1003 1548 1928
f 1548 716 947
f 764 360 29
f 764 24 1051
f 24 764 29
f 1892 764 1051
f 764 1892 360
f 360 244 29
f 1849 244 360
f 29 244 1007
f 244 389 1007
f 1439 248 1406
f 1190 248 1439
f 389 1190 1703
f 1422 485 1049
f 485 1334 1049
f 1438 147 731
f 1740 1438 1482
f 1438 1740 147
f 54 1911 437
f 1911 147 437
f 217 350 1482
f 217 1438 731
f 1438 217 1482
f 587 217 731
f 350 217 587
f 1208 625 1482
f 625 556 58
f 556 625 1208
f 460 625 58
f 1713 625 460
f 401 1247 1420
f 401 1607 1644
f 1607 401 1420
f 308 1564 705
f 27 931 1158
f 931 27 464
f 1877 464 1619
f 804 556 1208
f 799 52 1423
f 799 596 52
f 596 799 85
f 799 1901 85
f 1374 1423 544
f 988 1374 544
f 1143 1374 988
f 1093 1742 1407
f 1318 674 1827
f 186 1318 1827
f 359 1674 1589
f 1811 1534 116
f 1688 1534 1811
f 1534 1946 116
f 1946 665 116
f 614 1534 1688
f 665 1297 1788
f 1297 665 1946
f 185 1934 1641
f 1861 1446 730
f 1446 1621 730
f 1446 478 1050
f 478 1446 1861
f 107 1648 1238
f 1648 107 154
f 1095 463 1967
f 659 1635 70
f 1297 659 70
f 966 990 763
f 1194 916 820
f 382 1194 820
f 1905 382 820
f 1861 382 1905
f 1788 516 730
f 990 438 919
f 1411 554 1592
f 554 346 1592
f 1592 1237 468
f 346 1237 1592
f 1237 1638 468
f 1237 1095 1638
f 1237 1413 1095
f 1413 1237 346
f 832 1413 976
f 1413 346 976
f 1848 92 1405
f 92 1885 1405
f 1655 1150 1814
f 1440 1848 1405
f 1440 1655 794
f 1848 1440 794
f 319 869 1405
f 327 869 319
f 869 1440 1405
f 1150 869 327
f 869 1150 1655
f 1440 869 1655
f 927 692 779
f 41 927 779
f 1150 694 1814
f 694 1150 327
f 908 496 63
f 496 908 319
f 908 692 319
f 189 1318 186
f 195 103 101
f 103 195 571
f 103 1093 1407
f 1093 103 571
f 195 306 571
f 1562 1988 1621
f 1446 1562 1621
f 1562 1446 1050
f 1988 1562 579
f 1562 1490 579
f 1490 1562 1050
f 1610 1310 776
f 776 1310 255
f 1310 696 255
f 1079 970 309
f 970 1021 309
f 671 970 1079
f 1062 970 671
f 129 1088 3
f 87 129 1592
f 129 3 1592
f 1088 129 310
f 3 528 930
f 93 528 3
f 528 2000 930
f 1400 1088 310
f 1088 1524 3
f 1524 93 3
f 1400 1524 1088
f 247 676 840
f 247 905 1613
f 905 247 840
f 706 677 1085
f 1085 677 1284
f 677 905 1284
f 905 677 1613
f 676 672 1587
f 672 706 1587
f 672 677 706
f 247 672 676
f 677 672 1613
f 1400 1595 203
f 760 953 1031
f 953 519 1009
f 519 953 37
f 953 760 1182
f 1853 393 1702
f 393 228 1702
f 228 393 2000
f 2000 393 1347
f 228 1679 1702
f 1161 1724 1961
f 117 1488 524
f 1873 1488 1410
f 1488 1873 568
f 1022 1711 1154
f 1711 1022 1853
f 1711 1069 1154
f 1069 1711 1853
f 1759 1022 1053
f 176 1445 1010
f 176 759 1763
f 759 176 1010
f 907 176 1763
f 1445 176 907
f 212 1445 907
f 212 907 1902
f 212 260 1324
f 269 212 1902
f 260 212 269
f 1298 1627 1763
f 759 1298 1763
f 1627 1298 338
f 82 868 719
f 950 1034 835
f 1034 950 254
f 1034 989 1010
f 989 759 1010
f 1034 295 835
f 940 295 1324
f 295 940 835
f 295 212 1324
f 295 1034 1010
f 1445 295 1010
f 212 295 1445
f 1672 1707 592
f 6 162 1292
f 891 6 1292
f 162 6 1784
f 254 1582 1404
f 1582 723 1404
f 723 1582 592
f 1582 950 592
f 950 1582 254
f 1932 857 1371
f 446 857 1932
f 1772 446 888
f 857 446 1772
f 1330 1130 269
f 1369 754 1016
f 454 1257 1016
f 1257 1369 1016
f 1257 891 35
f 1257 454 891
f 427 1292 860
f 427 333 1449
f 1124 513 1661
f 1725 1614 1952
f 161 1969 806
f 1662 1734 1514
f 1110 1662 1514
f 1315 1780 1826
f 1061 1839 1780
f 1244 1517 1219
f 1244 613 1780
f 1839 1758 589
f 1517 1308 36
f 1308 932 36
f 814 420 938
f 420 814 68
f 1860 420 68
f 1760 440 1230
f 440 1760 938
f 1379 1336 1355
f 1175 1919 1072
f 1919 504 1072
f 98 741 1826
f 98 1826 272
f 98 1271 529
f 1852 617 414
f 617 98 414
f 504 617 1072
f 617 1852 1072
f 617 504 741
f 98 617 741
f 1918 5 414
f 1918 98 529
f 98 1918 414
f 1417 1918 529
f 1608 1918 1417
f 5 469 1629
f 1918 469 5
f 469 1918 1608
f 1761 1608 1417
f 469 1761 1629
f 1761 469 1608
f 430 646 1043
f 1020 1593 1757
f 253 430 1204
f 82 1586 338
f 1586 1744 338
f 687 1744 1230
f 1976 1815 1375
f 204 1976 1375
f 872 539 1991
f 872 1000 733
f 679 1991 1153
f 679 872 1991
f 679 1000 872
f 1026 679 1153
f 1000 679 1026
f 1000 1526 733
f 1526 1000 1026
f 917 364 1073
f 1138 75 364
f 1138 917 439
f 917 1138 364
f 398 1922 1464
f 1074 1275 736
f 161 131 1642
f 402 1138 749
f 1138 402 75
f 402 1085 1284
f 75 402 1284
f 1114 909 654
f 378 256 911
f 1743 250 911
f 250 1743 151
f 563 702 845
f 53 1523 1670
f 1523 531 1670
f 531 1523 1321
f 1523 53 1262
f 1313 275 621
f 422 1772 888
f 1387 422 1926
f 541 821 1646
f 1552 541 1557
f 541 1646 1557
f 590 541 1552
f 821 541 590
f 695 821 590
f 1890 695 590
f 1364 1571 1106
f 1658 1188 1221
f 1658 968 1171
f 1188 1658 1171
f 7 1980 1495
f 1980 767 1495
f 1980 180 767
f 206 424 1323
f 424 206 1231
f 424 1491 1323
f 1491 424 1746
f 46 424 1231
f 46 301 1495
f 301 46 1953
f 218 606 980
f 606 218 1772
f 606 22 980
f 1214 1207 1296
f 1113 1207 1214
f 268 1113 769
f 80 780 1833
f 780 80 436
f 13 202 712
f 1546 202 13
f 1678 202 1320
f 202 1546 1320
f 1149 1649 1678
f 1800 1649 1380
f 1987 1584 167
f 1433 1584 1987
f 1584 1433 205
f 167 1584 1023
f 1584 1695 1023
f 1825 1584 205
f 1695 1584 1825
f 1871 1749 1678
f 1871 1717 183
f 1717 1678 1320
f 1717 1871 1678
f 1966 1080 1327
f 1080 1749 1327
f 1080 1149 1749
f 1080 1649 1149
f 1080 1966 1380
f 1649 1080 1380
f 1966 781 1380
f 481 660 934
f 1754 481 375
f 481 1573 375
f 830 1549 1754
f 1549 830 400
f 1549 481 1754
f 1764 830 1754
f 830 1764 337
f 1764 1754 375
f 1502 966 984
f 1502 895 916
f 966 1502 916
f 1368 1546 13
f 762 1019 305
f 191 328 1270
f 328 191 236
f 239 1984 1565
f 1984 239 394
f 1984 13 1565
f 1984 1368 13
f 239 445 305
f 445 762 305
f 585 32 812
f 32 943 812
f 1165 555 1905
f 1573 1165 916
f 1165 1905 820
f 916 1165 820
f 714 1898 1416
f 1898 714 1317
f 568 605 1154
f 1022 605 1053
f 605 1022 1154
f 987 1065 870
f 429 1065 987
f 48 1898 964
f 48 1065 429
f 1845 429 987
f 1845 1099 1416
f 861 40 956
f 956 1850 1048
f 507 1850 956
f 628 1129 334
f 1129 507 334
f 1129 1850 507
f 725 1399 921
f 537 725 921
f 725 537 797
f 1887 628 448
f 1521 1887 448
f 1168 1887 1521
f 1887 1168 1681
f 1129 265 867
f 265 1129 628
f 265 1887 1681
f 1887 265 628
f 1676 716 1462
f 1444 1676 1462
f 1676 1444 24
f 852 1676 24
f 816 1394 169
f 816 227 1394
f 816 1089 227
f 1577 1101 169
f 1101 816 169
f 816 1101 1089
f 1144 1101 1577
f 1101 1144 1135
f 227 952 381
f 849 952 362
f 1089 952 227
f 381 952 1005
f 952 849 1005
f 1454 1598 1732
f 1454 1356 1598
f 1356 33 1598
f 33 1356 650
f 1633 1799 1953
f 1151 1633 452
f 1615 33 1881
f 1615 1633 1953
f 1598 1615 1732
f 33 1615 1598
f 1615 1881 452
f 1633 1615 452
f 1653 1294 1755
f 1653 668 452
f 1881 1653 452
f 1481 206 1040
f 325 1867 54
f 1356 1867 1529
f 1867 325 1529
f 141 74 1644
f 863 315 1775
f 1706 210 863
f 210 1491 1746
f 1491 210 476
f 210 1706 476
f 315 210 1746
f 210 315 863
f 1470 1332 149
f 839 1470 149
f 1470 1087 1332
f 821 1470 1646
f 1470 839 1646
f 458 595 1504
f 595 1778 1504
f 595 458 372
f 1917 595 372
f 595 1917 660
f 1778 595 660
f 1917 1820 525
f 1824 1820 1917
f 1820 1824 1992
f 1820 1992 1756
f 1820 555 525
f 489 1820 1756
f 555 1820 489
f 236 1795 1243
f 1795 787 1243
f 191 1795 236
f 787 1795 191
f 1058 117 1243
f 787 1058 1243
f 368 472 113
f 472 1960 113
f 1960 472 394
f 472 1984 394
f 1984 472 1368
f 432 1039 1325
f 245 432 1325
f 1039 432 663
f 1603 1630 1652
f 2 1630 1603
f 1630 2 750
f 624 2 479
f 998 624 479
f 624 998 894
f 2 624 750
f 304 273 354
f 1181 926 1939
f 926 1181 699
f 998 1181 894
f 94 890 184
f 1618 1878 969
f 1878 1618 1303
f 969 1878 705
f 1878 1303 367
f 1914 635 1489
f 635 1914 1951
f 610 635 1951
f 379 199 1652
f 1457 199 379
f 199 1603 1652
f 199 1044 1603
f 199 1457 1044
f 922 1914 379
f 1951 922 708
f 1914 922 1951
f 900 379 1652
f 1741 900 1652
f 900 922 379
f 106 1891 1177
f 106 549 593
f 1891 106 593
f 1177 512 945
f 1267 801 1494
f 945 1651 271
f 1651 682 271
f 682 1935 588
f 356 1737 1497
f 1737 356 433
f 1737 1596 1497
f 889 1637 237
f 1103 889 237
f 1708 213 1727
f 536 1708 1727
f 1708 536 213
f 213 1185 1727
f 1185 213 312
f 104 1185 312
f 642 1185 104
f 546 1637 1727
f 1637 546 237
f 798 1794 347
f 1794 610 347
f 1794 798 1803
f 610 1794 1896
f 803 1794 1803
f 1290 610 1896
f 1290 240 610
f 635 240 1489
f 240 635 610
f 38 1248 1682
f 1248 1234 1682
f 1234 1248 1008
f 1008 1248 1803
f 1248 803 1803
f 1519 1161 1961
f 1519 1961 1299
f 1576 1519 1299
f 992 1576 1220
f 992 1519 1576
f 992 1344 1397
f 770 720 1269
f 770 442 720
f 442 770 349
f 1113 1046 949
f 1046 1113 1214
f 1844 138 1260
f 322 1037 1863
f 887 720 1352
f 1322 1037 1260
f 1322 102 1037
f 105 1322 1260
f 1322 105 1644
f 102 1322 1644
f 258 1468 1903
f 258 1029 1468
f 1029 19 1468
f 19 1029 111
f 1978 1029 1077
f 1500 974 1220
f 974 1500 1752
f 709 349 553
f 349 709 407
f 1961 944 1299
f 944 1500 1299
f 1500 944 1752
f 753 528 93
f 1524 753 93
f 257 37 1777
f 257 519 37
f 1920 257 1777
f 340 257 1920
f 519 257 340
f 1733 1132 1854
f 565 343 1928
f 565 1559 343
f 1559 1733 127
f 1818 1559 127
f 60 17 1051
f 1003 17 60
f 343 17 1003
f 17 1892 1051
f 17 1849 1892
f 1035 1036 1428
f 1036 1035 1408
f 118 1092 1768
f 1766 118 1768
f 1656 1388 1428
f 1132 1656 1854
f 1656 1132 1388
f 1884 118 1766
f 419 1256 996
f 1256 1521 996
f 1256 1168 1521
f 1168 1566 1681
f 1566 419 1681
f 1256 1566 1168
f 1566 1256 419
f 57 1003 60
f 57 1548 1003
f 758 1190 389
f 244 758 389
f 758 244 283
f 248 758 283
f 1190 758 248
f 1111 700 1703
f 1190 1111 1703
f 1847 1111 1439
f 1111 1190 1439
f 343 297 473
f 1559 297 343
f 297 1559 1818
f 569 1667 1406
f 1667 569 252
f 1935 1667 252
f 17 1096 1849
f 313 1818 252
f 569 313 252
f 297 313 473
f 313 297 1818
f 313 1096 473
f 1096 313 569
f 28 248 283
f 1096 28 1849
f 28 1096 569
f 248 28 1406
f 28 569 1406
f 244 28 283
f 28 244 1849
f 1733 547 127
f 547 1733 1854
f 1100 1422 1049
f 1954 207 1484
f 207 1954 405
f 1334 207 405
f 207 1334 485
f 1954 1929 1142
f 1929 1954 1484
f 549 97 593
f 1078 97 493
f 920 1911 54
f 1911 920 147
f 920 54 731
f 147 920 731
f 1906 1713 460
f 620 1713 266
f 620 625 1713
f 620 266 1482
f 625 620 1482
f 266 1540 1740
f 401 1540 266
f 1740 1540 74
f 74 1540 1644
f 1540 401 1644
f 1144 790 1135
f 823 308 705
f 1878 823 705
f 823 1878 367
f 823 367 1939
f 308 823 1939
f 308 1995 1564
f 1995 790 1144
f 1995 308 1304
f 790 1995 1304
f 464 451 58
f 451 460 58
f 1663 998 479
f 998 1663 462
f 1663 479 165
f 994 470 1619
f 470 998 462
f 1181 470 699
f 470 1181 998
f 470 1877 1619
f 1877 470 462
f 361 804 1208
f 350 361 1208
f 1071 361 350
f 361 1071 1859
f 556 1281 464
f 804 1281 556
f 618 776 255
f 447 618 1981
f 776 618 186
f 618 447 186
f 993 1581 101
f 1169 1143 1604
f 1169 1374 1143
f 1254 652 69
f 1254 1828 652
f 1962 986 652
f 1828 1962 652
f 1704 1166 640
f 173 1166 1704
f 1253 1704 1252
f 1253 1252 1735
f 278 1253 1735
f 1253 173 1704
f 1689 1704 640
f 1704 1689 1252
f 344 1469 272
f 1469 98 272
f 986 1469 652
f 1469 986 1271
f 98 1469 1271
f 647 1209 36
f 1811 1555 314
f 182 1674 314
f 1555 182 314
f 182 1555 997
f 137 1968 1531
f 1148 988 544
f 52 1148 544
f 1604 1880 1531
f 1880 137 1531
f 137 1880 1683
f 1143 1880 1604
f 1880 1143 988
f 1148 1880 988
f 1674 827 1589
f 1374 1288 1423
f 1288 799 1423
f 799 1288 1901
f 740 1999 1610
f 1610 1999 808
f 1999 973 808
f 1640 1093 571
f 306 1640 571
f 1366 1640 579
f 1640 1988 579
f 1640 306 1988
f 324 1366 579
f 1490 324 579
f 1014 1688 314
f 1697 614 1688
f 614 1697 1228
f 1697 359 1589
f 1534 403 1946
f 614 403 1534
f 64 614 1228
f 659 64 1228
f 64 659 1297
f 64 403 614
f 64 1297 1946
f 403 64 1946
f 1748 555 489
f 555 1748 1905
f 1808 1748 489
f 1808 478 1861
f 1808 1861 1905
f 1748 1808 1905
f 107 791 154
f 1635 791 70
f 1205 1934 70
f 791 1205 70
f 1205 791 107
f 185 1720 1478
f 1720 438 1478
f 438 1720 919
f 496 928 63
f 928 319 1405
f 928 496 319
f 659 925 1635
f 1885 925 1589
f 925 1697 1589
f 1317 955 763
f 714 955 1317
f 955 966 763
f 955 714 984
f 966 955 984
f 1821 966 916
f 1194 1821 916
f 1986 438 990
f 966 1986 990
f 1821 1986 966
f 438 1012 1478
f 1297 1012 1788
f 1012 1297 70
f 1012 185 1478
f 1934 1012 70
f 185 1012 1934
f 346 230 976
f 554 230 346
f 230 554 1411
f 1759 230 1411
f 1413 1192 1095
f 92 1170 1885
f 925 1170 1635
f 1170 925 1885
f 1170 791 1635
f 791 1170 154
f 1170 92 1848
f 154 1170 794
f 1170 1848 794
f 692 1516 319
f 694 1516 692
f 1516 327 319
f 1516 694 327
f 927 1211 692
f 1211 694 692
f 1211 927 1307
f 694 1211 1814
f 840 1211 1307
f 1211 1018 1814
f 1211 840 1018
f 692 982 779
f 982 670 779
f 908 982 692
f 453 50 1407
f 1742 453 1407
f 1972 447 50
f 447 1972 186
f 1972 189 186
f 892 195 116
f 892 306 195
f 665 892 116
f 892 1788 686
f 892 665 1788
f 1988 892 686
f 306 892 1988
f 1310 1340 696
f 1358 1062 1212
f 1358 740 1062
f 1999 1358 1212
f 1358 1999 740
f 1060 1610 1021
f 970 1060 1021
f 495 1959 87
f 1959 129 87
f 1959 296 1282
f 1959 495 296
f 1959 1282 310
f 129 1959 310
f 1544 247 1613
f 672 1544 1613
f 1544 672 247
f 939 90 310
f 90 1400 310
f 90 1595 1400
f 330 90 939
f 879 1595 340
f 879 918 203
f 1595 879 203
f 879 1920 407
f 879 340 1920
f 643 330 939
f 1133 643 1282
f 643 939 1282
f 1031 643 1133
f 1022 1083 1853
f 1083 393 1853
f 782 1679 228
f 782 1161 747
f 1679 782 1702
f 782 1724 1161
f 1724 782 228
f 782 524 1702
f 524 782 747
f 1724 215 1961
f 215 944 1961
f 944 215 243
f 1346 1069 524
f 1488 1346 524
f 1069 1346 1154
f 1346 568 1154
f 1346 1488 568
f 1580 1298 759
f 1580 868 82
f 1580 82 338
f 1298 1580 338
f 950 18 592
f 18 950 835
f 18 1672 592
f 802 18 835
f 1672 18 802
f 1709 1034 254
f 1709 989 1034
f 868 1709 254
f 1580 1709 868
f 989 1709 759
f 1709 1580 759
f 1277 454 1707
f 1672 1277 1707
f 454 1277 891
f 6 1277 1784
f 1277 6 891
f 162 843 860
f 843 1309 860
f 1530 446 1932
f 1309 1530 1932
f 446 1530 888
f 1130 995 162
f 1330 995 1130
f 995 954 162
f 641 1257 35
f 1257 641 1369
f 1292 641 35
f 427 641 1292
f 1622 754 1369
f 641 1622 1369
f 1622 641 427
f 754 961 1016
f 321 508 1725
f 508 1614 1725
f 124 1734 607
f 1734 124 1514
f 124 1382 1514
f 1668 124 738
f 124 1668 1382
f 786 1052 784
f 1052 124 607
f 1109 1832 196
f 688 1082 1013
f 1203 906 755
f 242 1061 1780
f 1315 242 1780
f 242 1315 1692
f 613 1525 272
f 1244 1525 613
f 1839 1776 1780
f 1776 1244 1780
f 1776 1839 589
f 1244 1776 1517
f 521 1473 61
f 1391 1662 196
f 1662 1391 1734
f 1765 1839 1061
f 1765 1758 1839
f 242 1765 1061
f 1758 1329 1628
f 351 1508 1024
f 388 1308 1517
f 388 1776 589
f 1776 388 1517
f 1472 425 932
f 1758 604 589
f 604 1758 1628
f 1308 991 932
f 388 991 1308
f 622 1379 1355
f 1560 622 1355
f 1033 1560 1355
f 174 1335 1175
f 1336 1335 174
f 1335 1336 1379
f 1919 43 504
f 504 43 741
f 43 1908 1692
f 741 43 1826
f 1315 43 1692
f 43 1315 1826
f 1593 792 1757
f 1757 792 1043
f 792 430 1043
f 430 391 1204
f 792 391 430
f 391 792 1593
f 506 1761 1417
f 506 1227 1761
f 506 1417 529
f 1271 506 529
f 1227 506 1271
f 975 1137 538
f 646 975 538
f 430 975 646
f 253 975 430
f 1463 1373 1627
f 1463 1627 338
f 1744 1463 338
f 687 1463 1744
f 1240 1976 204
f 1976 1240 1815
f 1240 760 1815
f 1830 278 1735
f 214 1830 41
f 917 957 439
f 1979 1526 1026
f 75 1588 364
f 364 1588 41
f 1588 840 1307
f 927 1588 1307
f 1588 927 41
f 1588 75 1284
f 905 1588 1284
f 1588 905 840
f 1437 739 1385
f 1074 1437 1385
f 131 1836 1642
f 1836 1979 1642
f 1979 1836 1526
f 1138 1126 749
f 1126 1138 439
f 1728 161 806
f 1728 131 161
f 1728 1126 131
f 1728 288 749
f 1126 1728 749
f 1370 623 1085
f 402 1370 1085
f 1370 402 749
f 288 1370 749
f 623 1370 288
f 727 204 114
f 727 1240 204
f 1753 909 1926
f 576 1387 1926
f 909 576 1926
f 576 1114 550
f 576 909 1114
f 577 378 911
f 702 1116 219
f 563 1116 702
f 1116 164 219
f 164 626 151
f 626 250 151
f 968 967 1171
f 256 1726 1796
f 378 471 256
f 471 134 1900
f 53 142 399
f 471 142 134
f 399 142 1731
f 142 471 1731
f 577 491 378
f 471 491 1731
f 491 471 378
f 1792 1313 1731
f 1792 275 1313
f 491 1792 1731
f 275 1792 1042
f 1792 577 1042
f 1792 491 577
f 232 1858 1998
f 1858 232 1696
f 847 695 1890
f 701 152 1609
f 836 152 701
f 152 877 1609
f 1855 877 836
f 877 152 836
f 810 1895 811
f 690 1188 1171
f 1188 690 1221
f 1895 1245 1612
f 1739 209 1775
f 209 1739 1005
f 1897 1658 1221
f 1897 767 1156
f 968 1897 1156
f 1658 1897 968
f 1311 1980 7
f 1980 1311 180
f 392 290 1017
f 1104 981 84
f 766 1599 392
f 1599 290 392
f 290 1599 1186
f 1599 766 981
f 1186 1599 981
f 427 856 333
f 22 1948 980
f 1948 218 980
f 1948 392 1017
f 218 1948 1017
f 392 1948 211
f 531 1216 22
f 1216 1948 22
f 1799 666 1953
f 301 666 657
f 666 301 1953
f 234 301 657
f 234 7 1495
f 301 234 1495
f 599 1897 1221
f 1897 599 767
f 767 599 1495
f 599 46 1495
f 606 1921 552
f 552 1921 1879
f 422 1921 1772
f 1921 606 1772
f 1431 552 1879
f 298 1122 1182
f 1122 953 1182
f 37 1122 532
f 953 1122 37
f 1634 143 1755
f 858 143 1634
f 1933 858 1305
f 268 817 1305
f 817 566 1305
f 383 817 769
f 817 268 769
f 1875 1207 1113
f 268 1875 1113
f 80 474 661
f 1717 474 183
f 474 80 1833
f 983 472 368
f 472 983 1368
f 80 1913 436
f 1913 983 368
f 1913 80 661
f 983 1913 661
f 898 1351 1461
f 898 1461 1023
f 1825 898 1023
f 557 793 1970
f 946 202 1678
f 1649 946 1678
f 946 1649 1800
f 202 946 712
f 781 459 400
f 459 781 1966
f 509 459 1520
f 459 509 400
f 459 1966 1987
f 459 434 1520
f 434 459 1987
f 830 1712 400
f 1712 781 400
f 509 1927 400
f 1927 1549 400
f 1118 390 337
f 1502 1118 337
f 1764 1923 337
f 1923 1502 337
f 1502 1923 895
f 895 1923 375
f 1923 1764 375
f 1224 830 337
f 881 1224 337
f 109 1964 1380
f 1964 1800 1380
f 1800 1964 1213
f 1546 66 1320
f 1368 66 1546
f 983 66 1368
f 207 77 1484
f 77 207 485
f 762 597 1019
f 1019 597 1408
f 597 1145 1408
f 1147 328 336
f 1147 239 846
f 1147 445 239
f 23 585 712
f 23 32 585
f 1813 32 348
f 32 1813 943
f 1813 987 870
f 943 1813 870
f 862 881 130
f 1442 632 1213
f 1964 1442 1213
f 555 1141 525
f 1165 1141 555
f 525 1141 934
f 1141 481 934
f 481 1141 1573
f 1141 1165 1573
f 1720 775 919
f 775 1720 1361
f 605 772 1053
f 772 710 964
f 710 772 605
f 1873 710 568
f 710 605 568
f 1904 1845 130
f 881 1904 130
f 390 1904 881
f 1810 48 429
f 1845 1810 429
f 1810 1845 1416
f 1898 1810 1416
f 48 1810 1898
f 1977 1055 408
f 1819 1977 947
f 1055 1977 1819
f 1915 408 1280
f 537 1915 1280
f 1915 1977 408
f 1977 1915 40
f 1915 537 956
f 40 1915 956
f 1174 40 861
f 1174 565 1928
f 565 1174 861
f 1174 1977 40
f 947 1174 1928
f 1977 1174 947
f 1719 1718 1388
f 499 1129 867
f 1129 499 49
f 1884 499 867
f 499 1884 1388
f 499 1718 49
f 1718 499 1388
f 1129 201 1850
f 1850 201 1048
f 1718 201 49
f 1505 797 1539
f 1505 725 797
f 1521 1505 1539
f 1399 1505 1521
f 725 1505 1399
f 1223 852 716
f 1676 1223 716
f 1223 1676 852
f 1341 59 362
f 1341 952 1089
f 952 1341 362
f 1341 1971 59
f 1971 1341 1135
f 1341 1101 1135
f 1101 1341 1089
f 1974 849 362
f 59 1974 362
f 33 1419 1881
f 1653 1419 1294
f 1419 1653 1881
f 1294 1419 650
f 1419 33 650
f 1714 1481 1040
f 1714 21 977
f 21 1714 1040
f 206 1381 1231
f 1481 1381 206
f 1381 46 1231
f 46 1381 1953
f 876 1381 1481
f 54 884 977
f 1867 884 54
f 1189 1454 866
f 884 1189 866
f 1189 884 1867
f 1454 1189 1356
f 1189 1867 1356
f 74 1639 437
f 141 1639 74
f 1639 325 437
f 1639 141 325
f 849 89 1005
f 317 1338 1859
f 765 1338 317
f 1338 765 1456
f 1319 1488 117
f 1058 1319 117
f 1488 1319 1410
f 1319 1058 1410
f 409 943 1410
f 1058 409 1410
f 943 409 812
f 409 1278 812
f 409 787 1278
f 409 1058 787
f 1499 432 245
f 602 1499 1142
f 1499 602 200
f 663 1499 200
f 432 1499 663
f 1789 1131 1652
f 1630 1789 1652
f 1131 1789 1081
f 586 1630 750
f 586 304 1081
f 1789 586 1081
f 586 1789 1630
f 421 624 894
f 1181 421 894
f 624 421 750
f 421 1181 1939
f 664 421 1303
f 367 421 1939
f 1303 421 367
f 273 56 354
f 56 273 851
f 356 56 851
f 56 1741 354
f 1741 56 708
f 56 1497 708
f 56 356 1497
f 273 461 851
f 94 1829 1152
f 1829 94 184
f 1829 1570 1152
f 1570 1829 184
f 890 4 969
f 94 4 890
f 238 900 1741
f 900 238 922
f 238 1741 708
f 922 238 708
f 789 1177 271
f 789 106 1177
f 601 789 271
f 789 601 1386
f 106 789 1386
f 106 1579 549
f 1579 106 1386
f 549 1579 1049
f 1579 1100 1049
f 1100 1579 1386
f 299 951 237
f 1267 1377 801
f 512 1377 945
f 1377 1651 945
f 1651 1377 1267
f 108 1267 1494
f 108 1651 1267
f 1651 108 682
f 850 1935 252
f 850 1818 127
f 1818 850 252
f 547 850 127
f 850 547 1935
f 12 1494 168
f 1439 12 168
f 12 1667 1935
f 12 1439 1406
f 1667 12 1406
f 1625 1172 1637
f 889 1625 1637
f 1172 1625 286
f 1625 1103 1596
f 1625 889 1103
f 778 584 395
f 536 444 213
f 213 444 312
f 1185 1910 1727
f 1910 546 1727
f 546 1910 1362
f 1111 1910 700
f 1910 1111 1362
f 1910 642 700
f 1910 1185 642
f 1812 801 237
f 546 1812 237
f 1217 1812 546
f 1909 1794 803
f 1794 1909 1896
f 1326 1448 1896
f 1448 1290 1896
f 1448 240 1290
f 1700 1457 1489
f 240 1700 1489
f 1161 1365 1682
f 1519 1365 1161
f 1365 38 1682
f 38 1365 1397
f 1365 992 1397
f 992 1365 1519
f 105 1671 1644
f 1671 724 1644
f 724 1671 1214
f 1899 1046 1214
f 1671 1899 1214
f 1899 1671 138
f 649 138 1844
f 1046 649 949
f 1899 649 1046
f 649 1899 138
f 649 1844 1191
f 639 649 1191
f 887 332 720
f 332 1937 720
f 322 332 1037
f 1390 887 1352
f 948 81 1352
f 81 681 1352
f 681 735 1352
f 735 1390 1352
f 735 639 1191
f 633 383 769
f 383 633 1535
f 633 220 1535
f 633 441 220
f 1094 258 1903
f 715 1094 1903
f 899 1094 715
f 1029 357 899
f 258 357 1029
f 357 1094 899
f 1094 357 258
f 1940 19 111
f 630 1940 111
f 1940 630 423
f 1029 55 111
f 1978 55 1029
f 55 1978 1779
f 1978 1575 1779
f 1937 796 1269
f 1302 796 1937
f 796 770 1269
f 796 974 553
f 796 1302 974
f 349 796 553
f 770 796 349
f 630 1276 423
f 944 262 1752
f 709 262 918
f 262 709 553
f 974 262 553
f 262 974 1752
f 1210 1132 1733
f 752 1719 1388
f 1132 752 1388
f 1210 752 1132
f 1719 752 698
f 752 1210 698
f 1559 502 1733
f 1210 502 698
f 502 1210 1733
f 502 1559 565
f 502 1719 698
f 502 565 1719
f 503 343 473
f 503 17 343
f 1096 503 473
f 503 1096 17
f 1513 1665 1766
f 1513 436 1426
f 1513 1766 436
f 1249 1035 1428
f 1513 1249 1665
f 1665 1843 1766
f 1843 1884 1766
f 1843 1249 1428
f 1249 1843 1665
f 1388 1843 1428
f 1884 1843 1388
f 1056 1656 1428
f 1884 713 118
f 713 265 1681
f 1092 713 1681
f 118 713 1092
f 1548 1747 716
f 57 1747 1548
f 716 1747 1462
f 1747 60 1462
f 1747 57 60
f 588 270 271
f 270 601 271
f 1935 270 588
f 547 270 1935
f 1157 1954 1142
f 1157 691 1954
f 1157 1447 691
f 1499 1157 1142
f 1157 1499 245
f 1954 570 405
f 691 570 1954
f 570 1334 405
f 1334 570 1049
f 1906 1632 1713
f 1247 1632 1624
f 1713 1632 266
f 401 1632 1247
f 1632 401 266
f 307 994 1619
f 27 307 1619
f 307 27 1158
f 994 284 418
f 1971 284 59
f 284 1974 59
f 1471 1995 1144
f 1471 1483 1119
f 1995 1471 1564
f 1471 1577 1483
f 1471 1144 1577
f 689 1471 1119
f 1564 1471 689
f 1877 520 464
f 520 451 464
f 1474 1432 165
f 1432 451 165
f 1906 1432 1474
f 377 470 994
f 377 926 699
f 470 377 699
f 926 377 1939
f 377 308 1939
f 308 377 1304
f 1435 931 464
f 1281 1435 464
f 361 120 804
f 120 1281 804
f 1281 120 1790
f 120 361 1859
f 120 1338 1790
f 1338 120 1859
f 50 1553 1407
f 1553 103 1407
f 696 194 255
f 194 618 255
f 618 194 1981
f 1553 194 993
f 194 50 1981
f 194 1553 50
f 696 1492 985
f 1492 680 985
f 652 1685 69
f 1685 1636 69
f 1254 1108 1828
f 1684 1108 69
f 1108 1254 69
f 1261 34 1268
f 1787 1301 171
f 1301 1108 1684
f 785 1301 1684
f 289 785 1684
f 785 289 875
f 146 785 875
f 1301 146 171
f 785 146 1301
f 34 505 1268
f 505 34 1274
f 335 670 88
f 173 335 88
f 1716 41 779
f 1716 214 41
f 1716 335 214
f 670 1716 779
f 335 1716 670
f 965 1689 282
f 231 965 282
f 1252 965 1735
f 1689 965 1252
f 871 1684 69
f 1636 871 69
f 279 1689 640
f 289 279 640
f 1121 963 482
f 1669 647 36
f 932 1669 36
f 963 1180 482
f 1730 897 517
f 897 1669 517
f 1669 897 647
f 647 897 1209
f 1469 501 880
f 1209 501 1541
f 501 344 1541
f 501 1469 344
f 841 320 139
f 1991 841 139
f 539 841 1991
f 231 841 539
f 822 1555 1811
f 1555 822 1581
f 822 1811 101
f 1581 822 101
f 737 1604 1531
f 737 1169 1604
f 1038 182 997
f 182 1038 1674
f 1038 997 1531
f 1968 1038 1531
f 1674 1038 1968
f 1574 1273 1968
f 137 1574 1968
f 1962 1673 986
f 684 72 1273
f 1273 30 1968
f 30 1674 1968
f 30 827 1674
f 1866 1288 1374
f 1999 1866 1374
f 1866 1999 1212
f 1901 1866 1212
f 1288 1866 1901
f 1169 527 1374
f 527 1999 1374
f 527 634 985
f 1999 527 973
f 680 527 985
f 527 680 973
f 1093 1912 1742
f 1640 1912 1093
f 1912 1640 1366
f 1318 1912 1366
f 1912 189 1742
f 189 1912 1318
f 734 1318 1366
f 324 734 1366
f 1808 734 478
f 734 324 1490
f 1318 734 674
f 734 1490 1050
f 478 734 1050
f 734 1808 489
f 734 489 1756
f 1710 734 1756
f 674 734 1710
f 1014 978 1688
f 978 1697 1688
f 1697 978 359
f 1720 222 1361
f 363 659 1228
f 363 925 659
f 1697 363 1228
f 925 363 1697
f 1986 1510 438
f 1510 1012 438
f 1510 516 1788
f 1012 1510 1788
f 1229 382 1861
f 1510 1229 516
f 1229 1861 730
f 516 1229 730
f 1868 463 1095
f 1192 1868 1095
f 670 873 88
f 1261 873 34
f 453 1805 50
f 1805 1972 50
f 1972 1805 189
f 189 1805 1742
f 1805 453 1742
f 1340 345 696
f 345 1492 696
f 1492 345 680
f 680 345 973
f 345 1340 973
f 973 1547 808
f 1340 1547 973
f 1376 1340 1310
f 1376 1610 808
f 1376 1310 1610
f 1547 1376 808
f 1376 1547 1340
f 740 545 1062
f 545 970 1062
f 545 1060 970
f 545 740 1610
f 1060 545 1610
f 697 709 918
f 879 697 918
f 709 697 407
f 697 879 407
f 953 1602 1031
f 62 1602 953
f 1602 62 330
f 1602 643 1031
f 643 1602 330
f 457 953 1009
f 457 62 953
f 340 457 1009
f 1595 457 340
f 90 457 1595
f 457 90 330
f 62 457 330
f 393 1507 1347
f 1083 1507 393
f 1507 930 1347
f 1507 1411 930
f 1507 1759 1411
f 215 1202 243
f 45 1672 802
f 45 1277 1672
f 45 802 1784
f 1277 45 1784
f 1047 1002 551
f 1498 1753 1926
f 1753 1498 954
f 422 1498 1926
f 954 1498 162
f 1498 843 162
f 1498 422 888
f 1530 1498 888
f 843 1498 1309
f 1498 1530 1309
f 909 1195 654
f 995 1822 954
f 1822 995 1687
f 1822 1753 954
f 1195 1822 1687
f 1753 1822 909
f 1822 1195 909
f 1479 427 1449
f 1479 1622 427
f 754 1479 1449
f 1622 1479 754
f 1930 826 636
f 826 1437 636
f 1437 826 739
f 1124 1856 1354
f 1856 1124 1661
f 1947 321 1725
f 1947 1729 321
f 868 1424 719
f 1424 868 254
f 321 1620 1404
f 1729 1620 321
f 1424 1620 1729
f 1620 254 1404
f 1620 1424 254
f 1289 961 1614
f 508 1289 1614
f 961 1289 1016
f 1945 82 719
f 1424 1945 719
f 1975 1586 82
f 1945 1975 82
f 1744 1975 1230
f 1586 1975 1744
f 1128 1590 906
f 774 264 636
f 1437 774 636
f 1052 369 124
f 124 369 738
f 369 1427 738
f 1427 369 786
f 369 1052 786
f 760 1537 1182
f 1537 158 1182
f 1102 748 1066
f 913 688 1969
f 1110 1837 1662
f 492 688 1013
f 1837 492 1013
f 492 1837 1117
f 761 1179 755
f 1179 534 1117
f 1075 42 806
f 1075 1117 42
f 1969 1075 806
f 1075 492 1117
f 751 398 1464
f 751 119 398
f 1109 751 1832
f 1662 1823 196
f 1823 1109 196
f 1109 1823 384
f 1203 912 1110
f 912 1837 1110
f 1837 912 1117
f 912 1203 755
f 1179 912 755
f 912 1179 1117
f 1425 1110 1514
f 1425 1203 1110
f 1382 1425 1514
f 1203 1425 906
f 1425 1128 906
f 397 1244 1219
f 397 1525 1244
f 397 1219 272
f 1525 397 272
f 1626 1536 1950
f 1536 1626 598
f 1626 1508 598
f 1024 1626 1950
f 1508 1626 1024
f 1614 1846 1952
f 1473 1286 598
f 848 1286 1643
f 1414 1473 598
f 1508 1414 598
f 1473 1414 61
f 1414 1508 61
f 1391 1054 1734
f 1734 1054 607
f 1024 376 1832
f 1832 376 196
f 376 1391 196
f 1391 1664 1982
f 1664 1846 1982
f 1536 1664 1950
f 1846 1664 1536
f 1136 1329 480
f 370 1329 1758
f 1765 370 1758
f 370 1765 1560
f 484 1024 1832
f 484 351 1024
f 751 484 1832
f 1963 1922 398
f 1956 1963 398
f 580 1026 1153
f 1956 580 1153
f 1979 580 1372
f 580 1979 1026
f 580 1956 398
f 580 119 1372
f 119 580 398
f 1956 1314 1472
f 1314 425 1472
f 1314 1956 1153
f 1991 1314 1153
f 1314 1991 139
f 425 1314 139
f 825 388 589
f 825 991 388
f 604 825 589
f 991 825 604
f 1797 1227 1271
f 1137 1797 1271
f 687 1773 1020
f 1773 1593 1020
f 743 1908 1379
f 622 743 1379
f 276 1033 1355
f 1033 276 521
f 276 86 521
f 971 521 61
f 1336 600 1355
f 86 600 1336
f 600 276 1355
f 276 600 86
f 1512 1336 174
f 1512 86 1336
f 1512 174 513
f 1124 1512 513
f 1512 1124 1354
f 86 1512 521
f 1473 1512 1354
f 1512 1473 521
f 1558 43 1919
f 43 1558 1908
f 1558 1919 1175
f 1335 1558 1175
f 1908 1558 1379
f 1558 1335 1379
f 1373 71 123
f 1463 71 1373
f 71 1020 123
f 71 687 1020
f 71 1463 687
f 1830 1556 278
f 1556 1830 214
f 1556 335 173
f 1556 1253 278
f 1253 1556 173
f 638 281 1073
f 638 1830 281
f 41 638 1073
f 1830 638 41
f 449 957 917
f 281 449 1073
f 449 917 1073
f 449 539 872
f 1830 449 281
f 1922 20 1464
f 20 751 1464
f 484 20 1944
f 20 484 751
f 500 1074 736
f 500 1437 1074
f 1535 500 736
f 1293 1836 131
f 1126 1293 131
f 1836 1293 1526
f 1526 1293 733
f 957 1293 439
f 1293 1126 439
f 449 1293 957
f 1293 872 733
f 1293 449 872
f 1807 42 288
f 1728 1807 288
f 42 1807 806
f 1807 1728 806
f 1117 1409 42
f 534 1409 1117
f 1409 534 886
f 288 1409 886
f 42 1409 288
f 1785 1989 114
f 1989 727 114
f 576 1886 1387
f 1886 576 155
f 577 178 1042
f 626 178 250
f 250 178 911
f 178 577 911
f 621 742 1262
f 26 742 621
f 26 331 241
f 331 1241 241
f 1241 331 626
f 331 275 1042
f 178 331 1042
f 331 178 626
f 275 331 621
f 331 26 621
f 241 1705 1994
f 1994 1705 7
f 1705 1311 7
f 1550 576 550
f 576 1550 155
f 450 1726 1900
f 1550 450 155
f 1726 450 1796
f 450 550 1796
f 450 1550 550
f 471 831 256
f 831 471 1900
f 831 1726 256
f 1726 831 1900
f 1198 1538 1998
f 1198 1997 1538
f 1528 1453 845
f 702 859 845
f 859 1528 845
f 1198 11 1611
f 1597 1300 1998
f 1858 1597 1998
f 1597 1858 1300
f 1858 608 1300
f 695 1561 811
f 847 1561 695
f 1561 810 811
f 810 1561 1855
f 1246 170 381
f 1246 1675 170
f 1675 1246 1106
f 1895 1264 616
f 810 1264 1895
f 1264 810 1782
f 1364 1264 1782
f 773 1264 1364
f 1389 877 1855
f 1389 847 1890
f 1389 1890 1609
f 877 1389 1609
f 810 1333 1782
f 1333 810 1855
f 1333 1855 836
f 1333 836 1571
f 1364 1333 1571
f 1333 1364 1782
f 1348 599 1221
f 46 1348 424
f 599 1348 46
f 181 218 1017
f 290 181 1017
f 218 181 1772
f 1600 290 1186
f 1184 1186 981
f 1104 1184 981
f 1074 223 1275
f 603 223 84
f 223 603 1275
f 1339 427 860
f 1339 856 427
f 1309 1339 860
f 1339 1309 1932
f 1215 1047 551
f 856 1215 551
f 1948 1025 211
f 1025 1948 1443
f 1434 1025 1443
f 582 1633 1151
f 1633 582 1799
f 1216 187 1948
f 582 187 1216
f 1295 187 1151
f 187 582 1151
f 1921 842 1879
f 842 1921 422
f 842 1387 1879
f 842 422 1387
f 300 1985 22
f 606 300 22
f 300 606 552
f 1431 300 552
f 300 1431 263
f 1985 300 263
f 1084 531 22
f 1985 1084 22
f 531 1084 1670
f 1218 1985 263
f 1218 263 155
f 134 1218 1900
f 450 1218 155
f 1218 450 1900
f 298 518 220
f 220 518 1535
f 158 1841 1182
f 1841 1102 1182
f 1841 748 1102
f 1841 1798 902
f 1275 488 736
f 603 488 1275
f 488 1535 736
f 817 488 566
f 143 1450 1755
f 1450 143 858
f 431 603 84
f 603 431 644
f 148 1933 1305
f 566 148 1305
f 431 148 644
f 148 431 1933
f 148 488 644
f 488 148 566
f 815 1875 268
f 858 815 1305
f 815 268 1305
f 829 815 1634
f 815 858 1634
f 1875 815 1207
f 815 829 1296
f 1207 815 1296
f 1913 67 436
f 67 1913 368
f 436 67 1426
f 67 113 1426
f 67 368 113
f 415 898 1825
f 175 1433 1749
f 1433 175 205
f 175 1825 205
f 1351 1076 1970
f 1076 557 1970
f 898 1076 1351
f 669 1927 509
f 669 1 1086
f 1 669 509
f 660 669 1086
f 481 669 660
f 1549 669 481
f 1927 669 1549
f 1392 1502 984
f 1392 1118 1502
f 714 1392 984
f 1392 714 1416
f 1099 1392 1416
f 1118 1392 1099
f 1224 1654 830
f 1654 1224 109
f 1654 1712 830
f 1654 109 1380
f 781 1654 1380
f 1712 1654 781
f 1357 1224 881
f 862 1357 881
f 1357 862 1187
f 1224 1357 109
f 1357 1964 109
f 1357 1442 1964
f 578 983 661
f 578 66 983
f 66 578 1320
f 474 578 661
f 578 1717 1320
f 578 474 1717
f 77 302 762
f 597 302 1145
f 302 597 762
f 261 1147 846
f 1147 261 328
f 328 261 1270
f 261 818 1270
f 818 261 846
f 1631 1147 336
f 1147 1631 445
f 445 1631 762
f 1631 77 762
f 328 65 336
f 65 602 336
f 65 328 236
f 602 65 200
f 65 1243 200
f 65 236 1243
f 602 1057 336
f 1929 1057 1142
f 1057 602 1142
f 32 135 348
f 23 135 32
f 135 632 348
f 667 1813 1187
f 862 667 1187
f 1813 667 987
f 667 862 130
f 1845 667 130
f 667 1845 987
f 632 267 348
f 1442 267 632
f 267 1813 348
f 1813 267 1187
f 267 1357 1187
f 1357 267 1442
f 772 235 1053
f 235 772 964
f 48 542 1065
f 1065 542 870
f 542 48 964
f 710 542 964
f 542 1873 870
f 542 710 1873
f 1418 1099 1845
f 1263 565 861
f 565 1263 1719
f 729 1129 49
f 201 729 49
f 729 201 1129
f 849 157 1456
f 1974 157 849
f 1338 157 1790
f 157 1338 1456
f 1714 1199 1481
f 1454 1199 866
f 1615 1091 1732
f 1091 1454 1732
f 1091 876 1481
f 1091 1199 1454
f 1199 1091 1481
f 112 141 1644
f 724 112 1644
f 141 112 325
f 325 112 1296
f 112 1214 1296
f 112 724 1214
f 765 574 1456
f 574 849 1456
f 574 89 849
f 89 574 1005
f 574 317 1005
f 574 765 317
f 421 722 750
f 722 421 664
f 722 586 750
f 586 722 304
f 722 1816 304
f 1816 722 664
f 1907 433 851
f 461 1907 851
f 882 461 286
f 1625 882 286
f 882 1625 1596
f 882 1907 461
f 1907 882 433
f 1737 882 1596
f 882 1737 433
f 1618 1515 1236
f 1816 1515 1618
f 1515 664 1236
f 1515 1816 664
f 1738 1816 1618
f 1738 273 304
f 1816 1738 304
f 461 1738 286
f 1738 461 273
f 1569 1618 969
f 4 1569 969
f 1691 1891 593
f 1691 809 1891
f 903 97 1078
f 1691 903 809
f 97 903 593
f 903 1691 593
f 972 512 1177
f 1891 972 1177
f 809 972 1891
f 972 299 512
f 1377 1430 801
f 801 1430 237
f 1430 299 237
f 299 1430 512
f 1430 1377 512
f 39 108 1494
f 108 39 682
f 523 1935 682
f 523 12 1935
f 39 523 682
f 12 523 1494
f 523 39 1494
f 1476 536 251
f 1476 444 536
f 1476 251 395
f 584 1476 395
f 1476 584 778
f 444 1476 778
f 444 717 312
f 717 444 778
f 717 104 312
f 717 778 395
f 717 395 1402
f 104 717 1402
f 801 1395 1494
f 1812 1395 801
f 1990 546 1362
f 1990 1217 546
f 1217 1990 341
f 1990 1847 341
f 1990 1111 1847
f 1111 1990 1362
f 1248 1011 803
f 1011 1909 803
f 1011 38 1397
f 1011 1248 38
f 1344 1011 1397
f 1909 1011 1344
f 1916 240 1077
f 1916 1700 240
f 1044 1916 1077
f 1457 1916 1044
f 1700 1916 1457
f 138 1801 1260
f 1671 1801 138
f 1801 105 1260
f 1801 1671 105
f 332 1258 1937
f 1258 332 322
f 1390 783 887
f 783 1844 1260
f 1844 783 1191
f 783 332 887
f 783 735 1191
f 735 783 1390
f 1037 783 1260
f 332 783 1037
f 1723 81 948
f 1122 1723 532
f 81 1723 681
f 735 1936 639
f 1936 735 681
f 1936 769 949
f 1936 633 769
f 633 1936 681
f 649 1936 949
f 1936 649 639
f 246 1326 1779
f 1575 246 1779
f 1506 1978 1077
f 1506 1575 1978
f 1506 246 1575
f 1276 1178 1302
f 974 1178 1220
f 1302 1178 974
f 1178 1276 630
f 1328 1864 1568
f 918 1864 203
f 1568 1864 918
f 533 944 243
f 533 262 944
f 1328 533 243
f 533 1328 1568
f 533 1568 918
f 262 533 918
f 1249 153 1035
f 153 1249 1513
f 153 1513 1426
f 113 153 1426
f 153 113 1408
f 1035 153 1408
f 1036 1485 1428
f 1485 1056 1428
f 1056 374 1656
f 265 1486 867
f 713 1486 265
f 1486 1884 867
f 1486 713 1884
f 208 1585 962
f 1447 208 691
f 208 570 691
f 915 1157 245
f 1157 915 1447
f 915 245 1585
f 208 915 1585
f 915 208 1447
f 800 549 1049
f 570 800 1049
f 800 97 549
f 97 800 493
f 1632 1384 1624
f 1384 1632 1906
f 1384 1906 1474
f 899 1384 1474
f 1384 899 1624
f 284 561 418
f 561 284 1971
f 418 561 1304
f 561 790 1304
f 790 561 1135
f 561 1971 1135
f 1793 284 994
f 284 1793 1974
f 520 1888 451
f 451 1888 165
f 1888 1663 165
f 1663 1888 462
f 1888 1877 462
f 1888 520 1877
f 594 1906 460
f 594 1432 1906
f 451 594 460
f 1432 594 451
f 1441 994 418
f 1441 377 994
f 1441 418 1304
f 377 1441 1304
f 1996 1281 1790
f 1996 1435 1281
f 1045 993 101
f 1045 1553 993
f 103 1045 101
f 1553 1045 103
f 386 194 696
f 194 386 993
f 993 1163 1581
f 1925 1469 880
f 1685 1925 880
f 1469 1925 652
f 1925 1685 652
f 558 1301 1787
f 1301 558 1108
f 1699 1015 443
f 1465 1787 171
f 1465 1015 1787
f 1690 1962 1828
f 1715 1699 1503
f 1699 1715 179
f 1715 1690 179
f 1001 1383 443
f 619 137 1683
f 619 1574 137
f 1574 619 1273
f 1331 756 1503
f 1831 1261 1166
f 1831 173 88
f 173 1831 1166
f 873 1831 88
f 1831 873 1261
f 1261 78 1166
f 1166 78 640
f 78 1261 1268
f 146 78 1268
f 78 146 875
f 1004 146 1268
f 146 1004 1112
f 505 1004 1268
f 1001 1159 1274
f 1159 505 1274
f 1159 1001 443
f 1004 1159 1112
f 1159 1004 505
f 34 1769 1274
f 573 231 539
f 573 965 231
f 965 573 1735
f 449 573 539
f 573 1830 1735
f 573 449 1830
f 1287 1121 482
f 1121 1287 231
f 1287 841 231
f 1121 572 1006
f 572 279 1006
f 572 231 282
f 572 1121 231
f 1689 572 282
f 279 572 1689
f 1650 289 1684
f 1650 279 289
f 279 1650 1006
f 929 1121 1006
f 929 963 1121
f 929 871 1636
f 871 929 1006
f 958 929 1636
f 929 958 963
f 274 1669 932
f 320 274 139
f 274 425 139
f 425 274 932
f 1343 274 320
f 274 1343 1669
f 326 737 1581
f 737 326 1169
f 326 527 1169
f 1889 1555 1581
f 737 1889 1581
f 1889 737 1531
f 997 1889 1531
f 1555 1889 997
f 745 1880 1148
f 986 1865 1721
f 1331 1865 756
f 1673 1865 986
f 1865 1673 756
f 1001 1401 1857
f 1401 1001 1274
f 1041 1401 1396
f 1401 1041 72
f 1942 1885 1589
f 30 358 827
f 827 358 1589
f 358 1942 1589
f 978 1493 359
f 1493 978 1014
f 359 1493 1674
f 1674 1493 314
f 1493 1014 314
f 1458 222 1720
f 1458 185 1641
f 1458 1720 185
f 1934 1458 1641
f 1205 1458 1934
f 222 1458 329
f 316 1759 1053
f 235 316 1053
f 316 235 540
f 1973 1510 1986
f 1973 1229 1510
f 1229 1973 382
f 382 1973 1194
f 1973 1821 1194
f 1973 1986 1821
f 463 1842 832
f 1868 1842 463
f 1842 1413 832
f 1842 1192 1413
f 1842 1868 1192
f 873 417 34
f 417 562 34
f 982 417 670
f 417 873 670
f 417 982 908
f 417 908 63
f 562 417 63
f 1507 1480 1759
f 1480 1507 1083
f 1759 1480 1022
f 1480 1083 1022
f 1532 1328 243
f 1202 1532 243
f 197 215 1724
f 197 1202 215
f 1266 385 654
f 1195 1266 654
f 385 1266 269
f 160 615 1930
f 615 160 96
f 1856 1120 1643
f 1120 848 1643
f 1120 1725 1952
f 848 1120 1952
f 410 1424 1729
f 410 1945 1424
f 190 508 321
f 190 1289 508
f 1289 190 1016
f 190 454 1016
f 454 190 1707
f 190 321 1404
f 723 190 1404
f 190 723 1707
f 486 718 548
f 961 1701 1614
f 1701 718 1614
f 718 1701 548
f 1701 754 1449
f 1701 961 754
f 333 1701 1449
f 486 1701 333
f 1701 486 548
f 353 513 807
f 259 47 1200
f 259 1200 292
f 259 353 47
f 513 259 1661
f 353 259 513
f 1200 14 292
f 1945 14 1200
f 14 410 292
f 410 14 1945
f 1312 1945 1200
f 1312 1975 1945
f 47 1312 1200
f 1668 121 1382
f 1128 121 1668
f 121 1425 1382
f 1425 121 1128
f 1427 901 738
f 901 1668 738
f 901 1427 786
f 264 901 786
f 774 901 264
f 941 1052 607
f 941 1197 1052
f 1054 941 607
f 1052 648 784
f 1197 648 1052
f 648 1594 784
f 648 229 1594
f 229 648 1197
f 1501 828 1783
f 1240 1098 760
f 1098 1537 760
f 1590 771 902
f 771 1841 902
f 1841 771 748
f 1128 771 1590
f 748 366 1066
f 774 366 122
f 366 771 122
f 771 366 748
f 366 896 1066
f 366 774 1437
f 896 366 1437
f 119 9 1372
f 9 1979 1372
f 1837 1467 1662
f 1467 1823 1662
f 1823 1467 1082
f 1082 1467 1013
f 1467 1837 1013
f 1179 1882 534
f 1882 1179 761
f 492 1146 688
f 1075 1146 492
f 688 1146 1969
f 1146 1075 1969
f 1367 1082 688
f 1367 1851 384
f 1823 1367 384
f 1367 1823 1082
f 805 9 119
f 9 805 913
f 1851 805 384
f 805 1109 384
f 751 805 119
f 805 751 1109
f 1337 1473 1354
f 1337 1286 1473
f 1286 1337 1643
f 1856 1337 1354
f 1337 1856 1643
f 1279 1536 598
f 1286 1279 598
f 376 1115 1391
f 1115 1664 1391
f 1115 376 1024
f 1136 1283 323
f 1283 1963 323
f 1963 1283 1922
f 1329 1840 480
f 370 1840 1329
f 1033 904 1560
f 904 370 1560
f 933 1944 480
f 933 484 1944
f 484 933 351
f 567 1956 1472
f 567 1963 1956
f 567 683 323
f 1963 567 323
f 1751 991 604
f 683 1751 323
f 1751 1136 323
f 1136 1751 1329
f 420 1176 938
f 1176 420 1860
f 365 1363 1230
f 1363 365 711
f 1363 687 1230
f 1363 1773 687
f 914 1797 711
f 1797 914 1227
f 1554 1797 1137
f 975 1554 1137
f 1554 975 253
f 1554 253 1204
f 1908 923 1692
f 743 923 1908
f 923 743 622
f 1765 923 1560
f 923 622 1560
f 1508 1983 61
f 351 1983 1508
f 335 1806 214
f 1806 1556 214
f 1556 1806 335
f 1698 20 1922
f 20 1698 1944
f 1283 1698 1922
f 1698 1283 1136
f 1944 1698 480
f 1698 1136 480
f 160 1835 96
f 1835 1002 757
f 1002 1835 551
f 1496 1835 160
f 1398 1785 886
f 1398 1989 1785
f 534 1398 886
f 1989 1398 727
f 1398 828 727
f 828 1398 1783
f 1398 1882 1783
f 1882 1398 534
f 1886 535 1387
f 1387 535 1879
f 535 1431 1879
f 666 837 657
f 742 837 1262
f 837 1523 1262
f 837 666 1799
f 1523 837 1321
f 837 582 1321
f 582 837 1799
f 126 241 1994
f 126 26 241
f 126 742 26
f 824 626 164
f 824 1241 626
f 1116 824 164
f 824 1116 563
f 1241 824 1453
f 824 563 845
f 1453 824 845
f 1528 483 1453
f 967 483 1171
f 483 1528 1171
f 1997 707 1455
f 1198 707 1997
f 707 1198 1611
f 859 707 1611
f 707 702 673
f 707 859 702
f 1528 1125 1171
f 1125 690 1171
f 177 11 1198
f 1300 177 1998
f 177 1198 1998
f 608 177 1300
f 177 608 11
f 1567 1858 1696
f 1567 608 1858
f 608 1567 821
f 1087 1567 1696
f 1470 1567 1087
f 1567 1470 821
f 695 656 821
f 656 608 821
f 608 1545 11
f 656 1545 608
f 1561 795 1855
f 795 1561 847
f 795 1389 1855
f 1389 795 847
f 1739 1183 1834
f 1245 631 1659
f 631 1895 616
f 631 1245 1895
f 1155 1739 1775
f 315 1155 1775
f 1155 315 1746
f 768 773 1364
f 768 1364 1106
f 1246 768 1106
f 1874 1739 1834
f 1739 1874 1005
f 1874 381 1005
f 1264 1255 616
f 1183 1255 1834
f 937 1264 773
f 937 1874 1834
f 1874 937 773
f 1255 937 1834
f 937 1255 1264
f 1451 1348 1221
f 1235 857 1772
f 857 1235 1371
f 1215 1235 1047
f 559 181 290
f 1600 559 290
f 181 559 1772
f 1285 1184 1104
f 1285 1600 1186
f 1184 1285 1186
f 1164 1339 1932
f 1339 1164 856
f 1164 1932 1371
f 1164 1215 856
f 1235 1164 1371
f 1164 1235 1215
f 159 1216 531
f 159 582 1216
f 159 531 1321
f 582 159 1321
f 1948 678 1443
f 187 678 1948
f 678 187 1295
f 678 1434 1443
f 1434 678 668
f 668 678 452
f 678 1151 452
f 678 1295 1151
f 285 1084 1985
f 1218 285 1985
f 285 1218 134
f 142 285 134
f 1084 285 1670
f 285 53 1670
f 285 142 53
f 1459 518 1102
f 1459 1102 1066
f 896 1459 1066
f 280 298 1182
f 280 518 298
f 1102 280 1182
f 518 280 1102
f 1798 1068 158
f 1068 1841 158
f 1841 1068 1798
f 1993 383 1535
f 488 1993 1535
f 1993 817 383
f 1993 488 817
f 413 603 644
f 488 413 644
f 413 488 603
f 1450 1359 1755
f 1359 1653 1755
f 1653 1359 668
f 1958 1450 858
f 1933 1958 858
f 431 1958 1933
f 981 1958 84
f 1958 431 84
f 557 1767 793
f 175 1767 557
f 1767 1871 183
f 1871 1767 1749
f 1767 175 1749
f 793 1767 1833
f 1767 474 1833
f 474 1767 183
f 704 557 1403
f 704 175 557
f 415 704 1403
f 704 415 1825
f 175 704 1825
f 1123 1076 898
f 1076 1123 557
f 557 1123 1403
f 1123 415 1403
f 415 1123 898
f 853 77 485
f 853 302 77
f 1145 853 485
f 302 853 1145
f 1057 1804 336
f 1804 1057 1929
f 1804 1631 336
f 1631 1804 77
f 1804 1929 1484
f 77 1804 1484
f 135 1272 632
f 1272 946 1800
f 1272 135 23
f 1272 1800 1213
f 632 1272 1213
f 487 1898 1317
f 1898 487 964
f 487 235 964
f 487 1317 919
f 775 487 919
f 540 404 1361
f 235 404 540
f 1904 475 1845
f 475 1418 1845
f 475 1904 390
f 1418 475 1099
f 1118 475 390
f 475 1118 1099
f 216 1718 1719
f 1263 216 1719
f 201 216 1048
f 216 201 1718
f 216 861 1048
f 216 1263 861
f 1199 494 866
f 494 1199 1714
f 494 884 866
f 494 1714 977
f 884 494 977
f 1091 1140 876
f 1381 1140 1953
f 876 1140 1381
f 1140 1615 1953
f 1140 1091 1615
f 1569 115 1618
f 115 1738 1618
f 1738 115 286
f 115 136 286
f 136 115 1762
f 854 903 1078
f 299 1233 951
f 972 1233 299
f 951 1233 83
f 1233 1078 83
f 1233 854 1078
f 1217 864 1812
f 864 1395 1812
f 864 1217 341
f 864 341 168
f 1494 864 168
f 1395 864 1494
f 1276 166 423
f 166 1940 423
f 166 1276 1302
f 166 1302 1937
f 1258 166 1937
f 166 322 1863
f 166 1258 322
f 1037 166 1863
f 166 1037 1468
f 19 166 1468
f 1940 166 19
f 1677 37 532
f 1723 1677 532
f 37 1677 1777
f 1677 948 1777
f 1677 1723 948
f 893 1723 1122
f 893 1122 298
f 1723 893 681
f 893 298 220
f 441 893 220
f 633 893 441
f 893 633 681
f 240 1162 1077
f 1162 1506 1077
f 1506 1162 246
f 246 1162 1326
f 1162 1448 1326
f 1448 1162 240
f 1563 1527 1779
f 1563 1909 1344
f 1326 1563 1779
f 1563 1326 1896
f 1909 1563 1896
f 1178 311 1220
f 311 992 1220
f 992 311 1344
f 311 1178 1527
f 311 1563 1344
f 1563 311 1527
f 999 1178 630
f 1178 999 1527
f 1527 999 1779
f 999 55 1779
f 999 630 111
f 55 999 111
f 1656 1931 1854
f 374 1931 1656
f 1485 412 1056
f 426 208 962
f 294 426 962
f 426 294 493
f 800 426 493
f 208 1893 570
f 1893 800 570
f 426 1893 208
f 1893 426 800
f 307 612 994
f 612 1793 994
f 612 307 1158
f 1793 612 1158
f 1883 157 1974
f 1793 1883 1974
f 157 1883 1790
f 931 1883 1158
f 1883 1793 1158
f 1345 1163 993
f 1163 1345 634
f 386 1345 993
f 634 1345 985
f 1345 696 985
f 1345 386 696
f 1460 1690 1828
f 1690 1460 179
f 146 1949 171
f 1949 1465 171
f 1015 1415 443
f 1465 1415 1015
f 1949 1415 1465
f 1415 146 1112
f 1415 1949 146
f 1673 1694 756
f 756 1694 1503
f 1694 1715 1503
f 1694 1673 1962
f 1690 1694 1962
f 1715 1694 1690
f 1383 1466 443
f 591 1001 1857
f 591 1383 1001
f 591 1466 1383
f 960 428 1251
f 960 1331 1503
f 1331 960 1251
f 428 960 1070
f 1699 960 1503
f 960 1699 1070
f 1786 530 1683
f 530 619 1683
f 619 530 1251
f 530 1331 1251
f 530 1865 1331
f 428 291 1251
f 291 619 1251
f 291 591 1857
f 591 291 1466
f 291 428 1070
f 1466 291 1070
f 8 289 640
f 78 8 640
f 289 8 875
f 8 78 875
f 1769 373 293
f 373 562 63
f 562 373 34
f 373 1769 34
f 287 373 63
f 373 287 293
f 841 1817 320
f 1287 1817 841
f 871 1876 1684
f 1876 1650 1684
f 1876 871 1006
f 1650 1876 1006
f 1685 1941 1636
f 1941 958 1636
f 1941 1685 880
f 958 1941 880
f 958 1265 963
f 1180 1265 1730
f 1265 1180 963
f 1265 958 880
f 501 1265 880
f 1265 897 1730
f 897 1265 1209
f 1265 501 1209
f 838 1343 1180
f 838 1730 517
f 838 1180 1730
f 1669 838 517
f 1343 838 1669
f 1163 1097 1581
f 745 1436 1880
f 1880 1436 1683
f 1436 1786 1683
f 1865 303 1721
f 1436 303 1786
f 303 530 1786
f 530 303 1865
f 833 72 684
f 833 1401 72
f 833 684 1857
f 1401 833 1857
f 1401 163 1396
f 163 1401 1274
f 1769 163 1274
f 1942 156 1885
f 1885 156 1405
f 156 928 1405
f 1360 30 1273
f 1360 358 30
f 72 1360 1273
f 1041 1360 72
f 358 1360 1041
f 1591 1205 107
f 1591 1458 1205
f 1458 1591 329
f 1591 107 1238
f 1591 1238 1967
f 463 1591 1967
f 1591 463 832
f 316 490 1759
f 230 490 976
f 490 230 1759
f 490 832 976
f 192 1591 832
f 1591 192 329
f 192 222 329
f 222 192 1361
f 192 540 1361
f 1193 1864 1328
f 1532 1193 1328
f 1193 1532 1202
f 197 1533 1202
f 1533 228 2000
f 1533 1724 228
f 1533 197 1724
f 1475 1195 1687
f 1475 1266 1195
f 1475 995 1330
f 995 1475 1687
f 1475 1330 269
f 1266 1475 269
f 1134 826 1930
f 615 1134 1930
f 456 223 1074
f 543 1120 1856
f 543 1856 1661
f 259 543 1661
f 1771 1846 1614
f 718 1771 1614
f 1846 1771 1982
f 1771 486 1594
f 1771 718 486
f 1771 229 1982
f 229 1771 1594
f 353 1206 47
f 901 1232 1668
f 1232 1128 1668
f 1232 774 122
f 1232 901 774
f 771 1232 122
f 1232 771 1128
f 500 1583 1437
f 1583 896 1437
f 941 150 1197
f 150 229 1197
f 150 941 1054
f 229 150 1982
f 150 1391 1982
f 150 1054 1391
f 1537 1487 158
f 1487 1501 158
f 1098 1487 1537
f 1501 1487 828
f 1487 1098 1240
f 727 1487 1240
f 828 1487 727
f 371 1798 158
f 1501 371 158
f 1979 1242 1642
f 9 1242 1979
f 1242 9 913
f 1242 161 1642
f 1242 1969 161
f 1242 913 1969
f 144 1367 688
f 1367 144 1851
f 913 144 688
f 805 144 913
f 144 805 1851
f 1393 1286 848
f 1393 1279 1286
f 1393 848 1952
f 1846 1393 1952
f 1393 1846 1536
f 1279 1393 1536
f 1059 1115 1024
f 1115 1059 1664
f 1059 1024 1950
f 1664 1059 1950
f 655 971 73
f 904 655 73
f 655 904 1033
f 655 1033 521
f 971 655 521
f 76 1840 370
f 904 76 370
f 76 904 73
f 1840 1064 480
f 1064 933 480
f 226 567 1472
f 567 226 683
f 226 1472 932
f 226 1751 683
f 991 226 932
f 1751 226 991
f 1955 604 1628
f 1955 1751 604
f 1329 1955 1628
f 1751 1955 1329
f 874 440 938
f 1176 874 938
f 874 1176 365
f 440 874 1230
f 874 365 1230
f 1773 883 1593
f 391 883 1204
f 883 391 1593
f 1176 1809 365
f 365 1809 711
f 1809 914 711
f 1647 1554 1204
f 883 1647 1204
f 1554 1647 1797
f 923 1862 1692
f 1862 923 1765
f 1862 242 1692
f 1862 1765 242
f 971 1965 73
f 1965 971 61
f 1983 1965 61
f 1496 1239 784
f 1239 786 784
f 1239 264 786
f 744 160 1930
f 744 1496 160
f 744 1239 1496
f 1239 744 264
f 744 1930 636
f 264 744 636
f 1594 406 784
f 406 1496 784
f 1957 535 1886
f 263 1957 155
f 1957 1886 155
f 1431 1957 263
f 535 1957 1431
f 1605 126 1994
f 126 1605 742
f 837 1605 657
f 1605 837 742
f 885 1241 1453
f 483 885 1453
f 477 673 1455
f 707 477 1455
f 477 707 673
f 1245 31 1612
f 31 1245 1659
f 1645 924 1125
f 110 859 1611
f 110 1645 859
f 11 110 1611
f 1027 1125 1528
f 1027 1645 1125
f 526 656 695
f 526 695 811
f 1895 526 811
f 526 1895 1612
f 1545 1924 11
f 1924 110 11
f 110 1924 1645
f 1924 924 1645
f 1545 732 1612
f 732 1545 656
f 732 526 1612
f 526 732 656
f 1477 1183 1739
f 1183 1477 1870
f 768 249 773
f 249 1874 773
f 249 768 1246
f 249 1246 381
f 1874 249 381
f 726 1183 1870
f 726 1255 1183
f 1255 726 616
f 726 631 616
f 631 726 1659
f 834 1451 1221
f 1002 979 757
f 979 1002 1047
f 1235 979 1047
f 637 1285 1104
f 637 1104 84
f 223 637 84
f 1600 1623 757
f 1285 1623 1600
f 1623 637 96
f 637 1623 1285
f 575 1359 1450
f 1958 575 1450
f 575 766 211
f 766 575 981
f 575 1958 981
f 1359 575 668
f 1025 575 211
f 575 1434 668
f 575 1025 1434
f 193 23 712
f 193 1272 23
f 946 193 712
f 1272 193 946
f 466 775 1361
f 404 466 1361
f 466 487 775
f 487 466 235
f 466 404 235
f 1342 115 1569
f 1342 4 94
f 1342 1569 4
f 115 1342 1762
f 1342 94 1152
f 685 1342 1152
f 1342 685 1762
f 903 1770 809
f 854 1770 903
f 1233 1770 854
f 1770 972 809
f 1770 1233 972
f 693 1931 374
f 1996 1572 1435
f 1435 1572 931
f 1572 1883 931
f 1572 1996 1790
f 1883 1572 1790
f 510 558 1787
f 1015 510 1787
f 510 1460 1828
f 1108 510 1828
f 558 510 1108
f 1460 662 179
f 1699 662 1015
f 662 1699 179
f 662 510 1015
f 510 662 1460
f 133 1159 443
f 1415 133 443
f 1159 133 1112
f 133 1415 1112
f 1543 1699 443
f 1466 1543 443
f 1699 1543 1070
f 1543 1466 1070
f 658 291 1857
f 291 658 619
f 684 658 1857
f 658 684 1273
f 619 658 1273
f 25 1817 1287
f 25 1287 482
f 25 1343 320
f 1817 25 320
f 1180 25 482
f 1343 25 1180
f 1781 1163 634
f 1781 1097 1163
f 527 1781 634
f 819 1412 1721
f 303 819 1721
f 1412 819 233
f 819 52 233
f 819 1436 745
f 819 303 1436
f 819 1148 52
f 819 745 1148
f 172 287 1396
f 163 172 1396
f 287 172 293
f 172 1769 293
f 172 163 1769
f 609 156 1942
f 609 1041 1396
f 609 358 1041
f 358 609 1942
f 380 316 540
f 192 380 540
f 380 192 832
f 490 380 832
f 380 490 316
f 1193 1680 1864
f 1680 1193 1202
f 1680 1524 1400
f 1680 753 1524
f 1680 1400 203
f 1864 1680 203
f 826 1452 739
f 1134 1452 826
f 739 1452 1385
f 1452 1074 1385
f 1452 456 1074
f 1452 1134 615
f 1120 511 1725
f 543 511 1120
f 1802 259 292
f 1802 543 259
f 410 1802 292
f 1802 410 1729
f 511 1802 1729
f 1802 511 543
f 44 1312 47
f 1206 44 47
f 1312 44 1975
f 1975 44 1230
f 1353 353 807
f 1353 1206 353
f 814 1353 807
f 1760 1353 814
f 1353 44 1206
f 1353 1760 1230
f 44 1353 1230
f 1750 1459 896
f 1583 1750 896
f 1750 1583 500
f 1750 500 1535
f 518 1750 1535
f 1459 1750 518
f 1030 761 755
f 906 1030 755
f 1030 1882 761
f 1882 1030 1783
f 1030 1501 1783
f 1030 371 1501
f 1798 1511 902
f 371 1511 1798
f 1590 1511 906
f 1511 1590 902
f 1511 1030 906
f 1030 1511 371
f 76 1657 1840
f 1657 1064 1840
f 1657 76 73
f 1064 1657 73
f 1064 387 933
f 933 387 351
f 387 1983 351
f 387 1064 73
f 1965 387 73
f 387 1965 1983
f 1809 10 914
f 10 1176 1860
f 10 1809 1176
f 1306 883 1773
f 1306 1647 883
f 1363 1306 1773
f 1306 1363 711
f 1797 1306 711
f 1647 1306 1797
f 198 486 333
f 435 1605 1994
f 435 1994 7
f 234 435 7
f 435 234 657
f 1605 435 657
f 885 79 1241
f 1241 79 241
f 79 1705 241
f 910 31 1659
f 1645 1791 859
f 1027 1791 1645
f 1924 855 95
f 855 1924 1545
f 855 1545 1612
f 31 855 1612
f 855 910 95
f 910 855 31
f 878 1155 1746
f 690 1421 1221
f 1421 834 1221
f 1125 1421 690
f 834 1421 1451
f 564 979 1235
f 564 1235 1772
f 559 564 1772
f 564 559 1600
f 564 1600 757
f 979 564 757
f 583 615 96
f 637 583 96
f 456 583 223
f 583 637 223
f 1623 1601 757
f 1601 1623 96
f 1601 1835 757
f 1835 1601 96
f 601 1578 1386
f 1578 693 412
f 1838 547 1854
f 1931 1838 1854
f 1838 270 547
f 270 1838 601
f 1838 1578 601
f 959 693 374
f 693 959 412
f 959 374 1056
f 412 959 1056
f 1781 675 1097
f 675 326 1581
f 1097 675 1581
f 326 675 527
f 675 1781 527
f 156 1167 928
f 609 1167 156
f 928 1167 63
f 1167 287 63
f 1680 1250 753
f 1250 1680 1202
f 528 1250 2000
f 753 1250 528
f 1250 1533 2000
f 1533 1250 1202
f 813 1947 1725
f 511 813 1725
f 1947 813 1729
f 813 511 1729
f 651 10 1860
f 10 651 914
f 651 1860 1629
f 1761 651 1629
f 1227 651 1761
f 914 651 1227
f 486 942 1594
f 942 406 1594
f 225 198 333
f 856 225 333
f 225 856 551
f 1835 225 551
f 406 497 1496
f 497 1835 1496
f 942 497 406
f 497 225 1835
f 225 497 198
f 1259 885 483
f 1259 79 885
f 1259 483 967
f 924 1869 1125
f 1032 1869 924
f 1869 1032 910
f 1869 1421 1125
f 1421 1869 91
f 1869 910 1659
f 859 15 1528
f 1791 15 859
f 1349 1027 1528
f 1349 1791 1027
f 15 1349 1528
f 1349 15 1791
f 1378 878 1746
f 424 1378 1746
f 1348 1378 424
f 1421 581 1451
f 581 1421 91
f 1451 581 1348
f 1452 728 456
f 728 583 456
f 728 1452 615
f 583 728 615
f 1578 1105 1386
f 1105 1100 1386
f 1100 1105 1422
f 1105 1145 485
f 1422 1105 485
f 693 1350 1931
f 1350 1838 1931
f 1578 1350 693
f 1838 1350 1578
f 1167 140 287
f 140 1167 609
f 287 140 1396
f 140 609 1396
f 497 188 198
f 188 497 942
f 198 188 486
f 188 942 486
f 865 1259 967
f 1259 865 79
f 180 865 1156
f 79 865 1705
f 865 968 1156
f 865 967 968
f 1311 865 180
f 1705 865 1311
f 721 1032 924
f 721 1924 95
f 1924 721 924
f 910 721 95
f 1032 721 910
f 1477 777 1870
f 777 726 1870
f 1660 1378 1348
f 1660 777 1477
f 1617 1578 412
f 1617 1105 1578
f 1617 1485 1036
f 1617 412 1485
f 1617 1036 1408
f 1145 1617 1408
f 1105 1617 1145
f 1869 1943 91
f 1943 777 91
f 1943 1869 1659
f 726 1943 1659
f 777 1943 726
f 514 1660 1348
f 581 514 1348
f 514 581 91
f 777 514 91
f 1660 514 777
f 1378 396 878
f 1660 396 1378
f 396 1660 1477
f 396 1477 1739
f 1155 396 1739
f 878 396 1155
o Cracks
