# Cyvl Generated CAD Model
o Street_Mesh
v 6.537731471355073 12.56914009153843 0.0
v 3.7764696671511047 3.123011657036841 0.0
v -6.6553194907610305 -8.739413850009441 0.0
v -9.618425927008502 -7.220742642879486 0.0
v -13.6017124253558 8.19919260405004 0.0
v -9.989041288907174 -7.417203470133245 0.0
v 9.391005477169529 -9.80406979098916 0.0
v 4.737862094130833 -0.2595262248069048 0.0
v -6.4453897547209635 0.057766614481806755 0.0
v -9.063551386410836 4.712236105464399 0.0
v -12.963301811367273 9.342856337316334 0.0
v -13.817982858337928 -8.13296777755022 0.0
v -8.60418468003627 -14.487019731663167 0.0
v 5.411583545559552 -1.3069311622530222 0.0
v 0.8817691212752834 -6.11198169644922 0.0
v 12.694936337997206 6.737565087154508 0.0
v -2.3243911609170027 2.8164767986163497 0.0
v -7.087126999918837 10.295885288156569 0.0
v 8.979269882489461 10.364486675709486 0.0
v -10.927342723065522 -13.172814131714404 0.0
v -7.568222147820052 -5.0942556178197265 0.0
v -10.748134673049208 -3.5208004359155893 0.0
v -8.188029030105099 9.203224918805063 0.0
v 5.632673379732296 -9.529327196069062 0.0
v 8.885080716281664 2.213696951046586 0.0
v -2.4294923842535354 -8.973922641947865 0.0
v -5.129783436423168 -2.2454119166359305 0.0
v 12.715216978336684 -13.754646721296012 0.0
v 10.625731577340048 6.0857318844646215 0.0
v 14.046449716959614 0.023821920156478882 0.0
v 9.137701355852187 0.15489382296800613 0.0
v -1.05390282854205 12.710342263802886 0.0
v -13.361716117709875 4.528518713079393 0.0
v 9.5586683988804 -0.21705934032797813 0.0
v -2.0556810947018676 -11.915306343697011 0.0
v -5.474071051401552 14.423204529099166 0.0
v -11.046328520518728 6.3069503009319305 0.0
v -7.741582658723928 -3.745754227042198 0.0
v 8.845901660621166 -10.017964930273592 0.0
v 9.048048177326564 4.18527156021446 0.0
v -13.694656887906604 -8.951012539677322 0.0
v 10.892291909549385 -9.993608390912414 0.0
v -1.088136314530857 -2.7878814982250333 0.0
v 4.858938785560895 0.17165272030979395 0.0
v 0.8202844914630987 -0.02241236437112093 0.0
v -2.975749961216934 -2.9291243571788073 0.0
v 5.951115133997519 6.668686944060028 0.0
v -10.021793998137582 11.378565890714526 0.0
v 0.2637128598871641 10.389669178053737 0.0
v 8.067222609883174 -10.684480667114258 0.0
v 0.9795701015973464 -6.114271850325167 0.0
v -12.938935578567907 -9.623264826834202 0.0
v 6.4225045971688814 9.40369127318263 0.0
v -4.969946006312966 14.712461717426777 0.0
v 5.271913927455898 -1.3414651323109865 0.0
v 11.96531157323625 -0.7361327186226845 0.0
v -12.243391430703923 2.784300181083381 0.0
v -11.872139995801263 -11.222438615746796 0.0
v -14.455970314564183 8.87121984641999 0.0
v 13.231526464805938 -6.387887433171272 0.0
v 1.220113598916214 -5.8461354952305555 0.0
v 14.585220642387867 5.048359399661422 0.0
v -1.464617479708977 -7.804829345084727 0.0
v -1.919456438103225 -13.168296995572746 0.0
v 7.594485608686227 12.30410776939243 0.0
v 11.901355019654147 11.581875997595489 0.0
v -12.526161471265368 12.23911863192916 0.0
v -4.410308787308168 -13.297133320942521 0.0
v -7.0607442580512725 -7.4195732763037086 0.0
v -6.428707007318735 -12.66872879397124 0.0
v 7.1863083253847435 5.13241252489388 0.0
v 0.7400760811869986 -10.498555900529027 0.0
v -5.668439561792184 -2.322296663187444 0.0
v 10.3021416652482 7.4278096947818995 0.0
v 0.8270307142520323 -2.238027408719063 0.0
v 0.19916930567706004 14.094454956240952 0.0
v 14.889114347752184 10.231332318857312 0.0
v -6.081816255406011 -9.212220441550016 0.0
v 12.82910033891676 7.254061749204993 0.0
v -4.391007431317121 3.3512301724404097 0.0
v 5.3350833833101206 -11.86844236124307 0.0
v 5.696053151215892 -9.550732941366732 0.0
v 0.1416027404484339 0.5312550775706768 0.0
v 9.383466040890198 -12.42492984700948 0.0
v -6.967697495885659 -11.01673641614616 0.0
v 0.11339359066914767 -10.879860883578658 0.0
v -7.675100851396564 -9.825184477493167 0.0
v 13.630268332373817 -11.565902085974813 0.0
v -0.3537867807899602 -9.077722153626382 0.0
v 2.8053696941933595 7.27387588750571 0.0
v -11.886079365678597 -13.510609288699925 0.0
v -8.969928656704724 2.2605984788388014 0.0
v -6.662621067720465 1.813426949083805 0.0
v 12.069207540014759 13.222683059982955 0.0
v 8.835023597232066 1.4425297500565648 0.0
v -7.322646895074286 11.077483877539635 0.0
v 13.233142481010873 3.249761689454317 0.0
v -8.720052665099502 8.553771641105413 0.0
v -7.572974470152985 6.4366270415484905 0.0
v -9.202194852929097 -14.425620940513909 0.0
v 14.306751075258944 9.532349727116525 0.0
v 8.277493658591993 -2.333386152051389 0.0
v -7.406071271281689 -2.619764970615506 0.0
v 4.651672185980715 -2.5778718842193484 0.0
v 5.364804807875771 -10.972326593473554 0.0
v -1.1350901453988627 1.0895627681165934 0.0
v -8.151112096034922 4.347582454793155 0.0
v -0.7159302357467823 4.435545708984137 0.0
v -12.311192881083116 -4.9770662561059 0.0
v 0.826002559857443 1.349813586100936 0.0
v 12.037031072133686 11.191163687035441 0.0
v 12.22649085050216 8.160014520399272 0.0
v 4.393008129613008 6.277679798193276 0.0
v -3.415980437246617 -4.823051926679909 0.0
v -9.116752746223938 -14.088368772529066 0.0
v -12.059302095789462 11.50905187241733 0.0
v -0.8107008218648843 7.952756813727319 0.0
v -9.802261971635744 7.824278003536165 0.0
v -14.794728196284268 5.468479263596237 0.0
v -11.886432255327236 6.854840435087681 0.0
v -7.577056277019437 3.2377997878938913 0.0
v 8.843690366134979 9.09508895687759 0.0
v -4.7029569476726465 12.12171311210841 0.0
v 1.2857136144884862 10.43674124404788 0.0
v -2.531263639568351 9.730688269250095 0.0
v -4.2869145277072676 -13.034905376844108 0.0
v 2.841582302004099 -3.24460506811738 0.0
v -13.069462393352296 -9.441068177111447 0.0
v -6.6094779098639265 -4.991886644624174 0.0
v 8.393034778535366 -9.843575866892934 0.0
v 2.9060957369511016 -11.387851171195507 0.0
v -8.484668700955808 9.05318331066519 0.0
v 9.732386542484164 7.156973208300769 0.0
v 14.2976015873719 -8.564262745901942 0.0
v 2.312378608272411 -1.493349688127637 0.0
v 1.084800535812974 -6.184653236530721 0.0
v -4.906767348817084 -13.917590480297804 0.0
v 9.346315407776274 -6.601113619282842 0.0
v 13.943539196508937 0.19844129402190447 0.0
v 5.153392372711096 11.21789178531617 0.0
v -11.496183514071163 -3.993202615529299 0.0
v 10.894781195092946 8.095180663280189 0.0
v -5.383421249745879 10.061454912647605 0.0
v -10.780908614688087 5.2065199157223105 0.0
v -7.914142654160969 -10.246294168755412 0.0
v -0.30078601773129776 -4.412651092745364 0.0
v -3.9381427938351408 11.483823562972248 0.0
v 1.7293858365155756 5.28547765687108 0.0
v -5.812106893106829 8.387567508034408 0.0
v 5.67790473473724 -1.5927371587604284 0.0
v -5.3708598258090205 -9.758041698485613 0.0
v -11.979309871094301 -2.1130989575758576 0.0
v 3.8027169751003385 -3.3286618515849113 0.0
v -6.318773257371504 3.835097842849791 0.0
v 8.617638552736025 11.708191264420748 0.0
v -8.048221252916846 10.354336249642074 0.0
v -0.5142672113724984 -3.2741751801222563 0.0
v 14.620341731526423 -5.68641550745815 0.0
v 7.710525500762742 -4.484143233858049 0.0
v -3.532670036831405 -3.4700660603120923 0.0
v -12.019259110093117 -9.392760855145752 0.0
v -13.844386612996459 12.862462908029556 0.0
v -6.5759264779044315 12.310441410169005 0.0
v 8.784459756745491 -9.049086219631135 0.0
v -13.778724742878694 -8.733041575178504 0.0
v -8.168538312776946 13.185882557183504 0.0
v -3.6433769633295015 -9.693478055298328 0.0
v 14.85337098618038 -7.606650057248771 0.0
v 7.680955538991839 2.088210789486766 0.0
v -1.6619945067213848 4.979354094713926 0.0
v 9.746459014364518 7.661658036522567 0.0
v 4.094653805834241 1.4464683886617422 0.0
v -4.019134720030706 -11.737927939742804 0.0
v 0.8285724318120629 -2.0511636370792985 0.0
v -2.2551205162890255 12.195824082009494 0.0
v 8.409313822689 2.0899583119899035 0.0
v -8.224091912386939 -13.97662678360939 0.0
v -0.9764333436614834 -12.002985347993672 0.0
v 5.649287257343531 9.205083468928933 0.0
v 10.000540760695003 8.09524049423635 0.0
v -6.260431019763928 -12.49056700244546 0.0
v -13.151398813351989 8.261767282150686 0.0
v -4.790359569888096 10.705184017308056 0.0
v 14.283612164203078 1.4645599825307727 0.0
v -10.418409999227151 12.806609246879816 0.0
v -4.658064964169171 6.347969780676067 0.0
v -10.763001526007429 1.8389088027179241 0.0
v -1.8708612715126947 -4.90303625818342 0.0
v -4.6087619815371 12.657383463345468 0.0
v 14.425004546355922 3.7799669289961457 0.0
v -4.971830354130361 9.22824764996767 0.0
v -1.4568400750285946 -4.652726458385587 0.0
v 9.445909605419729 -12.191988003440201 0.0
v 13.390064542472828 -14.04334099125117 0.0
v -5.539005845726933 -9.82438577990979 0.0
v -9.47901219734922 -6.214173606596887 0.0
v 1.2396785715827718 -5.372608031146228 0.0
v -4.048704490589444 12.689166660420597 0.0
v -8.78010413935408 5.066598375327885 0.0
v -3.1202659764676355 -4.75456356536597 0.0
v -9.70021635631565 9.577991823665798 0.0
v 6.725700487266295 5.794739802367985 0.0
v -10.54882598889526 8.26528801675886 0.0
v -1.6877063734573312 -5.794701901264489 0.0
v -1.5381084750406444 3.8638596339151263 0.0
v 14.0294533589622 7.60250604338944 0.0
v 10.036377886717673 1.4020252702757716 0.0
v 14.225879543926567 -7.560394442640245 0.0
v -7.832126179244369 11.204892100766301 0.0
v 14.759571809496265 -12.026673796586692 0.0
v -1.590430959884543 2.360372302122414 0.0
v 10.091245141811669 6.59282217733562 0.0
v -5.457573368563317 12.054509670473635 0.0
v -14.332379856146872 13.806500879116356 0.0
v 5.8250742561067455 7.106750416569412 0.0
v -1.2208372602472082 13.96633651200682 0.0
v 0.8144797630375251 6.43853894341737 0.0
v -6.53550891391933 -12.4703724142164 0.0
v 11.986559288052376 1.398083494976163 0.0
v -6.966527077369392 3.649854271672666 0.0
v -4.821246588078793 -14.888533944264054 0.0
v -9.955739208264276 -6.795677040703595 0.0
v 8.198971800215077 10.317206097766757 0.0
v 9.405523262277711 -14.36806012969464 0.0
v 0.4578586560091935 -10.706411519087851 0.0
v -10.92064401920652 5.94826447032392 0.0
v 5.651711376558524 -1.4240297116339207 0.0
v -1.7039948620949872 -0.48796316236257553 0.0
v 1.0047092688037083 5.9343233816325665 0.0
v 12.020801184000447 -13.386141731403768 0.0
v -12.68312158936169 -0.6806115265935659 0.0
v -12.138786852592602 -5.3416189113631845 0.0
v -1.7648169775493443 -2.875377992168069 0.0
v 6.3617515687365085 -2.105734493583441 0.0
v -12.132738742046058 13.002925941720605 0.0
v -14.327070223691408 -5.500272904522717 0.0
v -4.240424508810975 9.35927557386458 0.0
v -11.64019346277928 2.7276566615328193 0.0
v -1.7193577913567424 -9.429514707066119 0.0
v -0.9604073374066502 -4.823284118436277 0.0
v -0.4237504657940008 -9.890301026403904 0.0
v 3.265655434515793 13.56916578207165 0.0
v -8.82290455896873 1.6467439327389002 0.0
v -2.6912153849261813 3.134362403303385 0.0
v -10.7611210483592 -14.829405982978642 0.0
v 10.10329581424594 -7.459750831127167 0.0
v -10.127862254506908 10.460199835710227 0.0
v -11.327619008952752 10.63676989916712 0.0
v 4.804626089404337 -1.688006654381752 0.0
v -7.97074625332607 6.413837148807943 0.0
v -5.8025257107801735 7.565322019159794 0.0
v -8.590391232981347 10.198095602914691 0.0
v 3.5122432358912192 10.050924097187817 0.0
v 0.5116088091162965 2.594533333554864 0.0
v -10.13639039255213 1.054233375005424 0.0
v 6.14240192307625 -4.128235821612179 0.0
v 4.3597467534127645 -7.049521017819643 0.0
v 4.838962406793144 -12.134000578895211 0.0
v -6.496248319861479 12.60609394684434 0.0
v 1.8542076228186488 14.725273157469928 0.0
v -0.7371121936594136 2.2326844232156873 0.0
v -1.4257893181638792 0.08313452079892159 0.0
v -13.640461342933122 14.83404921926558 0.0
v 5.293453587393742 -3.7816699910908937 0.0
v -13.421914512582589 6.490038927644491 0.0
v -13.822736814792734 11.458581523038447 0.0
v 9.962072678434197 -1.7822282230481505 0.0
v 6.446022242715117 14.386316985823214 0.0
v -2.3563755381619558 -12.009746465831995 0.0
v -8.03438321093563 9.070908263325691 0.0
v 14.21865304815583 10.53045844938606 0.0
v 13.768362862465438 4.817179718986154 0.0
v 2.9810512172989547 -1.9157697204500437 0.0
v -14.667805649223737 4.554789859801531 0.0
v -7.737460810167249 -6.266353978775442 0.0
v 7.190007527882699 -0.12828267272561789 0.0
v 5.508921772416215 -5.465055953711271 0.0
v -13.897117062180769 -4.9253577860072255 0.0
v -2.2714951611706056 -8.55104991234839 0.0
v 0.8243059902451932 -5.089196376502514 0.0
v -7.0054374999017455 5.024563088081777 0.0
v -14.221745556453243 5.956144193187356 0.0
v 13.086951874836814 -13.92970463540405 0.0
v 2.815873771090992 12.24555659852922 0.0
v 3.585491413308773 5.907952008768916 0.0
v -10.891958563879598 3.4412489235401154 0.0
v 7.376259220938664 10.040145405568182 0.0
v 9.944444447697606 3.8452588403597474 0.0
v -4.452113897656091 -9.766082392074168 0.0
v 4.5380548652028665 -7.776461653411388 0.0
v 2.8127900244435295 -4.021647204644978 0.0
v -0.8631823469186202 -6.7536622527986765 0.0
v -4.865069309482351 -14.988585634157062 0.0
v -12.852886711014435 -4.893688325770199 0.0
v -6.697068987239618 -9.167124004103243 0.0
v -13.42270035360707 5.2665563290938735 0.0
v 12.791818479367066 5.550172612071037 0.0
v -9.12387297215173 -4.1057190569117665 0.0
v -13.686155848554336 0.7993616918101907 0.0
v -11.098274199757725 2.9213807731866837 0.0
v 6.872881910472643 5.403565105050802 0.0
v -0.19772651267703623 10.901503794826567 0.0
v 12.48557710449677 10.88144555222243 0.0
v -14.293668137281202 6.565235487185419 0.0
v 9.343053828633856 5.6307662576437 0.0
v 14.433056776528247 13.270289962179959 0.0
v -1.4408694740268402 -11.886472072452307 0.0
v -5.191762264294084 -11.374368261545897 0.0
v -2.363829571986571 -12.182031934149563 0.0
v 13.919786962680519 2.5356050729751587 0.0
v -12.509298240824137 -7.7410530261695385 0.0
v -9.991657874837983 -5.434204812161624 0.0
v 7.332322328176815 -0.3069495428353548 0.0
v 2.789213440497406 2.372121537104249 0.0
v 6.661160996707622 -9.098556136712432 0.0
v 12.166794476681389 -0.6098135896027088 0.0
v 9.645350299717393 -11.926459453999996 0.0
v -3.4640528660384007 13.794337622821331 0.0
v 13.226232619665097 -6.94860458932817 0.0
v -13.047512621851638 12.116994792595506 0.0
v 8.708698196394835 6.846534208394587 0.0
v -2.769736447778996 -8.438784868456423 0.0
v -6.814517085091211 -7.8589865462854505 0.0
v 8.13420310622314 -9.801369375549257 0.0
v 2.7549981790944003 -13.683121440932155 0.0
v -1.8590225651860237 -9.745734478347003 0.0
v 8.159764391893987 -6.68360582459718 0.0
v 2.38862524315482 -14.655915286391973 0.0
v -5.312215476937126 -7.129368445836008 0.0
v 12.936210656829644 -9.323921051807702 0.0
v -14.641335553082172 5.903644099831581 0.0
v 13.87898379197577 12.970168670639396 0.0
v -8.203669680980965 8.378211289644241 0.0
v 10.480280100309756 -3.9724134039133787 0.0
v -13.532618989935145 1.80518264696002 0.0
v -2.83133070130134 0.6168904984369874 0.0
v 7.787000266893301 -2.331329067237675 0.0
v 9.51474906509975 12.046851966530085 0.0
v -2.7288390501053073 -2.208687111735344 0.0
v 2.8004968544119038 11.341170957311988 0.0
v 11.212962983583566 -11.368130979128182 0.0
v -2.5501925299759023 9.309790654107928 0.0
v -4.514134316588752 9.09373549092561 0.0
v 14.358906821347773 -0.40471830032765865 0.0
v 13.469992239202838 -1.3263253178447485 0.0
v 0.7041371910017915 -3.5347545482218266 0.0
v -5.500219164998271 12.711063524708152 0.0
v 7.997811462322716 -2.570322015322745 0.0
v -2.722205856756773 -9.274152185767889 0.0
v 12.511796320148278 7.664359137415886 0.0
v 9.473177934938576 12.541360072791576 0.0
v 14.825177763414104 13.328939468599856 0.0
v 14.137078262923751 -5.110069007612765 0.0
v 8.821530209854245 -10.386314617469907 0.0
v -7.302241640980355 6.8484629057347775 0.0
v 9.570309735892806 -1.5115806013345718 0.0
v -4.418593639857136 3.4738077921792865 0.0
v 1.2280433158157393 -8.89021326880902 0.0
v 3.801129516621586 -12.497478418052197 0.0
v -2.973155604850035 -1.0581915210932493 0.0
v 1.676190426282119 -12.303947531618178 0.0
v -7.978162212879397 10.606741799041629 0.0
v -6.618246255500708 1.1293688779696822 0.0
v 0.5630971871432848 -13.18416042253375 0.0
v 3.0484580592019483 -9.2585240136832 0.0
v 12.673319739114959 12.898477333597839 0.0
v -7.9754013906931505 0.8999629160389304 0.0
v 13.811823002120946 -5.367607298307121 0.0
v 7.251589064835571 1.0404916647821665 0.0
v 14.3914392303559 -9.494522562250495 0.0
v -0.16511331987567246 -13.34545635432005 0.0
v 3.0543791468953714 -6.571691509336233 0.0
v 10.496390465414152 -10.744185460731387 0.0
v -5.429697336687241 12.614823603071272 0.0
v 2.2081933025619946 11.277485813945532 0.0
v -2.9356362845283 4.630208094604313 0.0
v -4.692757274082396 8.150555175729096 0.0
v -1.5916231153532863 -13.923547082580626 0.0
v 8.3288109570276 -14.594871840439737 0.0
v -11.474120829603635 -8.43576000072062 0.0
v 9.153369621140882 9.355787426233292 0.0
v 13.32808857911732 -4.674996612593532 0.0
v 5.343906351656187 10.607072037644684 0.0
v 8.124905252770986 -10.153521185740829 0.0
v 0.8490947357495315 5.655547054484487 0.0
v 12.685773572011385 10.557319917716086 0.0
v -11.488451238372363 4.798076186329126 0.0
v 2.4020931635750458 -7.364410702139139 0.0
v 0.9705574937979691 10.517520646564662 0.0
v 9.352784372342285 12.023869744502008 0.0
v -5.381646346999332 6.551824005320668 0.0
v 8.975478082778864 3.6229395791888237 0.0
v 13.701086948334705 14.835436042398214 0.0
v 0.36919004865922034 -9.003706404939294 0.0
v -8.931887654063758 -7.611101322807372 0.0
v 3.001243387523573 10.392373100854456 0.0
v 6.815383087203372 12.289600907824934 0.0
v -2.3721624204772525 -11.8085813568905 0.0
v -5.452838704979513 -0.030904274433851242 0.0
v 12.042891553253867 6.154952864162624 0.0
v 11.917843966337387 -9.114383880980313 0.0
v 0.1672377549111843 -9.458179664798081 0.0
v 7.68393927894067 1.549516879953444 0.0
v -5.405648854677565 -11.349463322199881 0.0
v 2.5378310377709568 -4.599740536883473 0.0
v -14.200291392859071 -13.980145052075386 0.0
v -1.5949132840614766 11.69353579543531 0.0
v -0.255310281238053 -9.618665819987655 0.0
v -1.5359663883573376 9.00710183288902 0.0
v 5.166827926412225 -11.41861644294113 0.0
v 2.483372196846176 8.153945581056178 0.0
v -12.65184588189004 -11.079379037953913 0.0
v 5.748906239110511 -9.230482236482203 0.0
v -13.752350721450057 2.0035848077386618 0.0
v -8.272379770642146 7.87405869923532 0.0
v -5.0403613080852665 7.7043245285749435 0.0
v -11.701569892989937 10.367688645608723 0.0
v 13.838963224901818 -6.242099143564701 0.0
v 13.633253134030383 6.348314832895994 0.0
v -10.28844281291822 5.299653555266559 0.0
v 3.497971481177956 -8.144704353995621 0.0
v 7.055709898588248 -4.098287967965007 0.0
v -2.58007893624017 -3.305539776571095 0.0
v 2.1763518786174245 14.827924265526235 0.0
v 13.947830030636396 -10.51731264591217 0.0
v -11.815326690208167 -7.036819068714976 0.0
v -7.047265475790482 -2.013453356921673 0.0
v 11.460338505217806 -9.692640510387719 0.0
v -3.882009170949459 -12.062579720281065 0.0
v 4.470609561831225 -0.7353709982708097 0.0
v 2.8938262253068388 -0.5439386880025268 0.0
v -8.091692308080383 6.064861157909036 0.0
v 4.130380458547734 7.110319750383496 0.0
v 2.58784638060024 9.692316187545657 0.0
v -10.818070905748755 -13.417608369141817 0.0
v -0.29889749526046216 -13.787085932679474 0.0
v 14.927515517163556 6.509544876404107 0.0
v 13.923684691952076 -3.1560036009177566 0.0
v -12.306474207900465 9.208702231757343 0.0
v 1.1968683860031888 14.297362996265292 0.0
v 11.076722211320885 2.154616887681186 0.0
v 6.272970637248363 6.550109203904867 0.0
v -7.1629800398950465 -0.6146568842232227 0.0
v -2.515157387126237 -5.092873862013221 0.0
v -6.968210017774254 -5.000070230104029 0.0
v -8.699080205580685 14.433098630048335 0.0
v 6.865662356547546 4.8599880849942565 0.0
v 4.57759375940077 -6.3815039955079556 0.0
v 7.372491585672833 -5.699746989645064 0.0
v -11.927200871694367 12.720058099366724 0.0
v -14.759494718979113 -13.891556803137064 0.0
v -1.7462297535385005 6.949782948940992 0.0
v 13.842298153031152 13.203146934509277 0.0
v -9.131534995278344 -0.24399019684642553 0.0
v 14.701227330311667 -8.674389047548175 0.0
v 10.628006618877407 9.670500244945288 0.0
v -11.756612433469854 -8.13229391630739 0.0
v -11.474149687157478 -3.013399586081505 0.0
v -6.3108184049488045 5.4331155344843864 0.0
v -7.689702191099059 -14.408869984559715 0.0
v 7.5958998603746295 -10.980471197515726 0.0
v 4.719208451046143 -11.235491988249123 0.0
v 1.6770806004060432 9.964035046286881 0.0
v -9.641859897878021 7.342414422892034 0.0
v -0.48452483606524765 9.46731007937342 0.0
v -4.256496891262941 -12.208598001860082 0.0
v 2.3133249136735685 10.629192409105599 0.0
v 8.836210421577562 3.468513146042824 0.0
v 3.64532832975965 -3.314957114867866 0.0
v 13.293079059803858 11.533021588809788 0.0
v -9.831790865573566 9.5467026848346 0.0
v 11.346985365089495 -13.460201541893184 0.0
v 2.441371538268868 9.695207981392741 0.0
v 6.804002553515602 -7.630000279285014 0.0
v -10.166000883560628 -8.884333085268736 0.0
v 11.725362103024963 6.90161563269794 0.0
v 9.943861902749632 -1.2871776036918163 0.0
v -10.345006171730347 -7.910450555384159 0.0
v -8.317497961921617 -3.953427318483591 0.0
v 10.93409824668197 -11.61211867723614 0.0
v -2.4218300184584223 -4.017950588837266 0.0
v -3.826083151390776 -6.973677895963192 0.0
v 2.7393724112189375 -10.4881622325629 0.0
v -11.74788708979031 6.151717749424279 0.0
v -5.5136831885320134 -1.8970923153683543 0.0
v -13.218928608344868 -13.795792320743203 0.0
v -5.263440980575979 13.126810078509152 0.0
v 8.737444149912335 -10.867776081897318 0.0
v -2.5748880482278764 -5.6180595913901925 0.0
v 4.591266037255991 5.877709476277232 0.0
v 4.120204885664862 -10.97541119158268 0.0
v -8.566604544583242 -2.4462353633716702 0.0
v -7.627018733823206 -10.601184031926095 0.0
v 7.540022992470767 12.781561892479658 0.0
v -2.0381374250282533 14.071820491924882 0.0
v 4.551429875253234 -10.352871744893491 0.0
v -9.955573032493703 1.607115245424211 0.0
v 8.579758676583879 -7.309807350859046 0.0
v -7.529513292131014 12.52760647982359 0.0
v -8.500971984118223 -12.630444841459394 0.0
v 14.24886407784652 -11.727406556718051 0.0
v -7.347630467498675 12.875008312985301 0.0
v 3.029429624264594 5.570042856037617 0.0
v 12.2675749733462 -3.0344455614686012 0.0
v -5.926901871396694 -4.3350147139281034 0.0
v -9.056024743185844 1.1223308136686683 0.0
v -11.766446329420432 -13.971089689061046 0.0
v -4.264307660982013 12.147942744195461 0.0
v 5.525699230958708 0.8762123677879572 0.0
v 11.123017507023178 -1.452737313695252 0.0
v 9.739135062904097 7.122468205168843 0.0
v 4.0108107548439875 4.192397152073681 0.0
v -14.204998304776382 0.47974750865250826 0.0
v -12.833700111252256 -6.077530688606203 0.0
v 4.447034089243971 12.983921804465353 0.0
v -4.532245650480036 11.55259185936302 0.0
v -6.743061464687344 11.8091563237831 0.0
v 4.418293696129695 4.001398955471814 0.0
v -4.137882901879493 1.3979260129854083 0.0
v 11.199577562743798 9.049347496591508 0.0
v 3.7010476167779416 -10.698858740739524 0.0
v 7.474842738069128 6.946707391180098 0.0
v 0.21375900454586372 -12.790140348486602 0.0
v -6.766546330181882 -2.253248010762036 0.0
v 3.0404689637362026 -1.640045060776174 0.0
v 1.8523059691651724 -0.481346832588315 0.0
v -2.833984732918907 -7.60402705706656 0.0
v 13.898302200774197 -8.58847875520587 0.0
v -3.725980197719764 -9.720283909700811 0.0
v 14.074512334889732 12.584874563850462 0.0
v 12.112466178426985 8.707182604819536 0.0
v 13.560009762237314 8.995914982631803 0.0
v -7.986790889000986 -2.6338370544835925 0.0
v -12.944420392566826 12.128195733763278 0.0
v 3.3026169243385084 -4.424183474853635 0.0
v 4.508405773725826 6.8572831796482205 0.0
v 7.126375828462187 0.14885624404996634 0.0
v -6.223662282631267 -5.600480536930263 0.0
v 4.181946929835249 7.025108559988439 0.0
v 0.8783058043918572 14.294845988042653 0.0
v -3.2041082911309786 -13.515814100392163 0.0
v -13.108524473267607 -7.177010053768754 0.0
v 9.990879293705802 -12.350108657032251 0.0
v -7.2285703070811 11.978422325104475 0.0
v 3.259695156419184 -6.34857820160687 0.0
v -10.752764023432974 13.896931966766715 0.0
v -14.41614908183692 9.033167969435453 0.0
v 5.384071546315681 3.181867554783821 0.0
v 14.361255042953417 -2.809470652602613 0.0
v -3.4769324099179357 12.856444688513875 0.0
v 12.316710426530335 13.84820696990937 0.0
v 0.6763433651067317 14.89309780858457 0.0
v -14.353783710335847 -9.624309449456632 0.0
v 10.093491238600109 -11.587678825482726 0.0
v 14.687554499367252 11.856184365227818 0.0
v -4.644575895450544 2.1160755613818765 0.0
v -0.8340749048511498 13.764244419522583 0.0
v -3.8369008697918616 8.153757454827428 0.0
v 5.844829824054614 -5.702670769765973 0.0
v -14.612671770213638 -0.6879406925290823 0.0
v 4.537428795883898 3.5678692711517215 0.0
v 0.27319584076758474 -2.2916721189394593 0.0
v -6.937428019824438 0.049079613760113716 0.0
v -3.425918274850119 11.618897693231702 0.0
v 10.782452365092468 3.9944470077753067 0.0
v -4.392862954817247 -9.24494322296232 0.0
v 6.137338240281679 9.364563534036279 0.0
v 11.120476948912255 -13.50439078360796 0.0
v 12.399226643436123 -3.215425013564527 0.0
v 13.319723711814731 -4.167691764421761 0.0
v 1.6181145092705265 5.20052485819906 0.0
v -5.667701707629021 7.745006924495101 0.0
v 4.681110703560989 8.218164471909404 0.0
v -10.575049012724776 3.932120641693473 0.0
v 7.93983803759329 4.632889548316598 0.0
v -11.5046966476948 11.98044056724757 0.0
v -7.8958022963488474 1.3074488835409284 0.0
v 3.320966857718304 7.172265241853893 0.0
v 8.377293944067787 -13.536580881103873 0.0
v -12.369598890247289 8.590195717290044 0.0
v 4.264182144717779 -5.002377189695835 0.0
v 10.458047318737954 -6.424678419716656 0.0
v 14.573887169768568 8.77968613896519 0.0
v 11.22155625373125 -1.66374178417027 0.0
v -7.687250826449599 4.208145810291171 0.0
v -9.176529145275708 -4.4553115256130695 0.0
v 1.6455773516208865 -4.22717038821429 0.0
v -4.488411384867504 -5.271868804469705 0.0
v -13.249480084050447 3.854811788536608 0.0
v 0.19769413047470152 13.941639267839491 0.0
v 14.438611236750148 0.7831199979409575 0.0
v 14.833373344852589 -11.670074056833982 0.0
v -4.063308889919426 -13.445114434696734 0.0
v 2.5610148096457124 3.4256742671132088 0.0
v 5.2081190317403525 -7.494382403790951 0.0
v 6.44716410205001 6.636786305345595 0.0
v -7.986638890055474 -0.925013936124742 0.0
v -3.9482918119756505 -14.421455857343972 0.0
v 5.806946371914819 -6.137253791093826 0.0
v -11.743299099209253 1.4954872438684106 0.0
v -4.898205990321003 -2.3290763553231955 0.0
v 8.94055313244462 0.9432240407913923 0.0
v -8.190504961123224 3.661049543879926 0.0
v 3.673642611829564 1.9395365929231048 0.0
v -10.820814710692503 -9.760821333155036 0.0
v 13.075031743850559 -11.703961404971778 0.0
v -4.728337536682375 3.310864011757076 0.0
v -4.114774702698924 1.847438482567668 0.0
v 11.126682289293967 -11.895556587725878 0.0
v 10.808717752806842 9.92583638150245 0.0
v -3.7803356765653007 -7.647940552793443 0.0
v -12.099485429585911 13.701658236794174 0.0
v 6.959648148913402 -13.162212231196463 0.0
v 2.0157019749167375 1.8470685351639986 0.0
v -13.86402360611828 0.8671392537653446 0.0
v -13.323703285248484 -0.2844258388504386 0.0
v 4.8496891390532255 -6.639131213538349 0.0
v 13.858389948611148 -12.869982805103064 0.0
v 12.281889247708023 -11.507720825262368 0.0
v -1.3599742414662614 11.483763536438346 0.0
v 11.540270313736983 -10.847369844093919 0.0
v -8.762882979819551 8.318552482873201 0.0
v -13.936609626864083 11.758926486596465 0.0
v 10.850407680787612 5.07414271030575 0.0
v 7.21915569686098 6.372975850477815 0.0
v -12.111277291958686 -13.399468977935612 0.0
v -7.670307413965929 3.7167840665206313 0.0
v 6.472949177434202 -14.503864628262818 0.0
v -8.094580136239529 2.7505212696269155 0.0
v 2.6178940024692565 11.408974146470428 0.0
v -0.12109726277412847 -2.7433194061741233 0.0
v 0.16264279832830653 -8.206491939723492 0.0
v 3.1620310121797957 -5.7683278964832425 0.0
v 0.0886848047375679 2.188944880850613 0.0
v 12.283835905836895 -5.006731325760484 0.0
v 2.1075083015020937 12.50401840545237 0.0
v -4.156134393531829 -1.6336262794211507 0.0
v 10.117320918478072 11.921121769584715 0.0
v 6.429216569580603 8.699968577362597 0.0
v -11.377680572506506 -3.723425389267504 0.0
v -10.434772582433652 6.044466828927398 0.0
v 3.722646596317645 4.230472021736205 0.0
v -13.907286123780068 -14.566370163112879 0.0
v 3.452018726966344 1.1813925886526704 0.0
v -5.281088478979655 11.242311828769743 0.0
v -2.8225529693299904 -4.57277365308255 0.0
v -6.7831747747259215 -11.582418606616557 0.0
v -10.440484103688505 -13.305826385505497 0.0
v 14.7526285709464 -3.0140458066016436 0.0
v -8.784123335615732 -9.389286067336798 0.0
v -5.628061261784751 8.775046338327229 0.0
v -0.21065983729204163 -14.127468414604664 0.0
v -6.09468106663553 -14.329235448502004 0.0
v -3.400781807489693 -1.5627510016784072 0.0
v 0.3320408588042483 0.12264889292418957 0.0
v -1.3737585844937712 -14.62311193253845 0.0
v 5.2427423691842705 -5.347953959368169 0.0
v -2.7647295013302937 8.959070134907961 0.0
v 8.769664933905005 14.926883965730667 0.0
v -4.52835170016624 -5.687263274565339 0.0
v -0.9301273285527714 -5.642961938865483 0.0
v -7.64999964175513 2.8827561801299453 0.0
v 10.81997429963667 4.1399698462337255 0.0
v 13.851156201737467 -2.7656184006482363 0.0
v -12.891418170533143 9.314385885372758 0.0
v 5.106024494278245 0.13047031499445438 0.0
v 7.121507917239796 12.955826984718442 0.0
v -6.088165607186966 13.484854991547763 0.0
v 10.796962621679995 -3.650380832143128 0.0
v -5.246562224172521 10.496917208656669 0.0
v -12.581051644287072 1.8613789631053805 0.0
v 12.751493755436968 0.8349248906597495 0.0
v -13.569101733039133 -8.568576111458242 0.0
v 5.9926655832096 -7.247106483206153 0.0
v -3.467051282990724 3.161988977342844 0.0
v 10.751917497487739 10.350347904488444 0.0
v 13.12463453487726 13.682365423068404 0.0
v 13.718698278011288 0.6377513529732823 0.0
v -12.38857830769848 -9.310220532119274 0.0
v -14.50802450691117 -4.698823295533657 0.0
v 14.508493931381963 3.318383425474167 0.0
v -10.299232185410801 11.226652612909675 0.0
v 2.120055091800168 13.261299411766231 0.0
v -1.2629216829081997 -7.82955792080611 0.0
v 11.64224513276713 1.5287264166399837 0.0
v 6.634710392914712 1.6310197049751878 0.0
v 6.805378422315698 -3.9895000513643026 0.0
v -6.030772014986724 -5.539406810887158 0.0
v 7.435213391261641 -12.21389476582408 0.0
v 10.074574543861672 4.344977940432727 0.0
v 11.027419693768024 4.392410699278116 0.0
v 11.607974681595806 -0.7922053020447493 0.0
v -9.809030995937064 -0.742348950356245 0.0
v 7.5487305034766905 -7.4036312000826 0.0
v 6.8608786656404845 8.619796842336655 0.0
v -4.800378736050334 7.351482600905001 0.0
v -4.987857301370241 0.7286637229844928 0.0
v 13.790095913805999 -10.152459179982543 0.0
v 6.204333316767588 -0.41172565519809723 0.0
v 0.8818724963348359 -7.727495724335313 0.0
v -10.811955591198057 -8.239442264661193 0.0
v 8.800417337566614 -6.543007574044168 0.0
v 5.2093619025545195 -5.988802123814821 0.0
v -14.630699553177692 -7.410422231070697 0.0
v -4.297167692449875 13.66126140858978 0.0
v 14.66355769475922 0.1450289860367775 0.0
v -14.069090653210878 -13.05248434189707 0.0
v -3.9551599840051495 -6.875132763758302 0.0
v -9.537209777685348 8.339116645976901 0.0
v 0.359485023887828 -14.44500217307359 0.0
v -10.469654059852473 -1.4562881467863917 0.0
v -10.55962346441811 2.926967306062579 0.0
v 1.0398766425787471 -14.45709562767297 0.0
v -2.8718834187020548 0.32253836560994387 0.0
v 8.771130580629688 -10.956160548143089 0.0
v -0.8313855995656922 14.602915364317596 0.0
v -9.676055563555565 -9.475403194315732 0.0
v 3.5998179686721414 2.251613575965166 0.0
v 14.65818967379164 5.245949656702578 0.0
v -0.25401099218288437 -4.160561232827604 0.0
v 12.957594767096452 13.903251026757061 0.0
v -0.2731052109738812 -11.962883270345628 0.0
v -3.319526594306808 -7.494886964559555 0.0
v 11.356054745789152 -3.3241445245221257 0.0
v 2.7168503149296157 -11.175232952460647 0.0
v 7.480986835609656 2.4050367614254355 0.0
v 6.614945499284659 -13.789679986424744 0.0
v -2.456451474514324 4.397517716512084 0.0
v -2.1948214892763644 -7.273008910007775 0.0
v 11.523426398111042 -13.045317213051021 0.0
v -10.485490435210522 -7.85871722176671 0.0
v 11.582102321379352 10.840400781482458 0.0
v 1.325087139266543 11.618148047477007 0.0
v -1.7936025387607515 -6.50072961859405 0.0
v -10.593701963196509 -1.391248732805252 0.0
v 10.07822785252938 -2.43218111153692 0.0
v -12.624768069246784 1.148390943184495 0.0
v -1.6959768511587754 14.012425719760358 0.0
v -1.424656353192404 -3.759641207754612 0.0
v 11.262918096967041 3.9211313482373953 0.0
v 8.899968900019303 0.862897508777678 0.0
v -7.166052050131839 7.087368626147509 0.0
v 10.721255329845008 4.832030527293682 0.0
v 11.280028705019504 13.891510895453393 0.0
v 9.364657101861667 0.7334803938865662 0.0
v -13.905768502212595 5.673984573222697 0.0
v 2.0550088137970306 -4.744645535945892 0.0
v -8.662428526964504 12.848510794341564 0.0
v -13.138539833948016 -3.5957935648038983 0.0
v 9.460278617218137 -11.040553526952863 0.0
v 14.794204693695065 11.127068627625704 0.0
v -0.36646624375134706 6.066376996226609 0.0
v -6.181452859193087 5.41809396725148 0.0
v -13.748456449131481 1.2588460724800825 0.0
v 2.4677805427345447 -10.889129428192973 0.0
v -12.094907390943263 3.421387070789933 0.0
v 11.331262896652333 4.859995013102889 0.0
v 0.4820266935857944 -12.01713440939784 0.0
v 12.20898211345775 -10.75704973936081 0.0
v -8.191187452175654 1.4517161659896374 0.0
v -3.309909839357715 -2.6171881752088666 0.0
v 12.091236860724166 11.661160530522466 0.0
v 4.816670690488536 -13.072742127813399 0.0
v 13.488378824433312 11.353017261251807 0.0
v 10.976412376679946 2.819333929568529 0.0
v 3.49945103895152 11.082532789558172 0.0
v 14.763475233805366 13.372288335114717 0.0
v -7.94837850658223 13.966645271517336 0.0
v -4.669824727170635 -14.920424057170749 0.0
v 13.62526089232415 11.982456287369132 0.0
v 10.977353295136709 5.6439274633303285 0.0
v -14.67679229634814 0.20924721285700798 0.0
v -8.975009192887228 -10.142169060185552 0.0
v 10.22294602508191 12.112114706076682 0.0
v -14.632446362695191 13.06162114534527 0.0
v -9.032199362583924 -7.367349321953952 0.0
v 2.842447022732813 8.332767327316105 0.0
v 4.7871370618231595 -0.08751182910054922 0.0
v 1.4800583136384375 2.041705590672791 0.0
v 3.0326483894023113 14.046756688505411 0.0
v 12.846993392508011 -1.9778967993333936 0.0
v 3.7550696819089353 13.190888629294932 0.0
v 4.778987117111683 3.741312931291759 0.0
v -8.629180280433502 -2.6279040249064565 0.0
v -0.7001564808888361 -8.146789687685668 0.0
v -3.6313800870557316 11.005490040406585 0.0
v 1.4022222076309845 1.5490651410073042 0.0
v -11.508640402229503 10.875063735060394 0.0
v -14.190624665876385 -8.951143632642925 0.0
v -1.4225821853033267 9.709145430475473 0.0
v -1.0712427504477091 0.6127500990405679 0.0
v 3.7753487192676403 -2.6793738389387727 0.0
v 2.7744245424401015 3.918382885865867 0.0
v 7.473974855849519 9.202504348941147 0.0
v 12.550575285684317 4.1006301417946815 0.0
v 12.969953232619446 -7.102051825262606 0.0
v -7.603104663779959 -5.475829443894327 0.0
v -14.802878940536175 -3.6576190926134586 0.0
v 9.560309782274999 -4.035686459392309 0.0
v -6.361105867370497 11.460516373626888 0.0
v -13.914411278674379 12.537690824829042 0.0
v 10.280368138395716 13.336036138236523 0.0
v 7.618715635908302 -12.821114056743681 0.0
v -12.928076100593898 2.367676354944706 0.0
v -12.781021268106997 1.9932456389069557 0.0
v 7.018613730208017 14.979374333284795 0.0
v -11.634408308309503 -10.73792767804116 0.0
v -12.500873931625392 14.470755853690207 0.0
v 13.462466817582026 3.026678502559662 0.0
v -4.319377582985908 14.680765393190086 0.0
v 9.342549781489652 -1.1546639380976558 0.0
v 9.735604672925547 -1.7297984743490815 0.0
v 8.101207550032996 13.7363958125934 0.0
v 8.198850199754816 -7.805280635133386 0.0
v -14.239769661042374 1.6488319151103497 0.0
v -14.954610168992076 10.423714494332671 0.0
v -2.1031977285747416 -3.551241314969957 0.0
v -3.044067023496609 -12.292111370712519 0.0
v -11.13673290994484 -13.529808542691171 0.0
v 9.717139725689776 -8.64366411883384 0.0
v -3.998370177927427 8.863731112331152 0.0
v 11.467634961067233 13.796384838409722 0.0
v 10.116537859488744 6.530946770682931 0.0
v -5.073842216632329 -9.598453507758677 0.0
v 8.595139552664477 -8.290684752166271 0.0
v 5.751378609216772 4.550721226260066 0.0
v -13.642498652916402 -1.2764485515654087 0.0
v -11.60647616937058 4.545409097336233 0.0
v 10.794113661977462 -8.67390911001712 0.0
v -12.521810494887177 -2.4374006940051913 0.0
v -7.208753704209812 -10.624337125569582 0.0
v 14.36231492285151 -13.893955497071147 0.0
v -14.223941016185563 -14.649092039093375 0.0
v -5.2948858854942955 1.670024111866951 0.0
v 5.261963617231231 7.115936860442162 0.0
v 1.8577174861566164 8.06621050927788 0.0
v -0.03126269794302061 6.8986945329234 0.0
v 7.861071919556707 13.399937607347965 0.0
v -14.235025480622426 -5.815115786157548 0.0
v 14.728674600308295 3.3819848084822297 0.0
v 7.210902142280247 13.955011459998786 0.0
v -2.9303464834811166 2.923661032691598 0.0
v -14.172270633745939 -3.0292765451595187 0.0
v -11.334557068941649 12.205825880169868 0.0
v -14.476466066553257 8.593623401597142 0.0
v -8.645578799943905 13.529847155325115 0.0
v 3.8840667468612082 -4.535020214505494 0.0
v -0.37790244462667033 11.585374888963997 0.0
v 8.282144113210961 2.304226018488407 0.0
v -0.44698167679598555 10.807821691967547 0.0
v -9.403699163289275 -6.417245650663972 0.0
v -11.62046687869588 9.059171071276069 0.0
v 1.388063574966509 -3.2139468668028712 0.0
v -1.7497398020350374 13.15413991548121 0.0
v 7.20994769455865 2.457347745075822 0.0
v 7.561590112454724 -4.730397360399365 0.0
v 4.221933570806868 8.797707559540868 0.0
v 5.093742961063981 11.092002890072763 0.0
v 3.1755259228521027 -10.052158064208925 0.0
v 14.15894167451188 -5.084823925048113 0.0
v 9.271219903952442 13.462348845787346 0.0
v 9.42692546651233 -8.91265178564936 0.0
v 6.361917966627516 -0.7528902161866426 0.0
v 14.685918088944163 12.574032065458596 0.0
v -0.18385084497276694 -5.609026651829481 0.0
v -6.591694200120401 4.814918264746666 0.0
v -7.691708592174109 -2.004052965901792 0.0
v -4.10244820616208 0.38046853244304657 0.0
v -12.234592133783735 -7.817778035067022 0.0
v 14.652772639936302 -1.7737237764522433 0.0
v -5.98080291779479 3.5441483799368143 0.0
v -1.3505431328085251 -8.740170203149319 0.0
v -14.060699204273988 -12.096396000124514 0.0
v -0.2605136188212782 -14.519822239875793 0.0
v -9.203129246016033 -10.426608998328447 0.0
v 1.1145182654145174 9.327257451601326 0.0
v 0.5274929805891588 0.36221485678106546 0.0
v 6.670762229128741 -13.517624516040087 0.0
v -13.133204473764636 -10.993471620604396 0.0
v 14.901250981725752 -14.253362520597875 0.0
v -9.682936580618843 -0.5874470053240657 0.0
v -10.547534680517856 -13.533776550553739 0.0
v -3.815200579876546 -6.1298275757581 0.0
v 10.99022295861505 -0.8634876105934381 0.0
v -9.49271389277419 -1.226611933670938 0.0
v 2.291023788100574 -4.74156091734767 0.0
v 5.069006669160444 1.4049789914861321 0.0
v -8.78458277048776 13.115884901024401 0.0
v 2.036494461412076 -14.726844016462564 0.0
v -13.079461801040452 6.095395193435252 0.0
v -3.1146988659747876 -8.10268543381244 0.0
v -5.434288957098033 -1.9511169698089361 0.0
v -6.7119099801639095 -3.3290754528716207 0.0
v -7.191092520195525 4.702248301357031 0.0
v -11.621754643390886 -3.7685563769191504 0.0
v 14.534236813313328 -0.4836342837661505 0.0
v -0.8935256293043494 4.548949645832181 0.0
v 6.294091705523897 -3.445969649590552 0.0
v 12.451856690866407 -14.207194536924362 0.0
v -0.5362477041780949 11.617738291621208 0.0
v 9.254919429251458 0.29804453160613775 0.0
v -9.129237131564878 -6.89953226223588 0.0
v 12.027748498891015 -10.676712122745812 0.0
v 10.971665891527664 3.168788343667984 0.0
v 8.928102413250599 -9.40495259128511 0.0
v -8.910442734661046 -11.200079989619553 0.0
v 6.106729874911252 9.989472559653223 0.0
v 2.9630591777386144 -9.998727957718074 0.0
v -10.43694037932437 -13.098361710086465 0.0
v -14.774154535552952 0.5633125258609653 0.0
v 11.221507780719548 0.3035851242020726 0.0
v 4.8117220250424 -0.2199543733149767 0.0
v 9.501917273912113 12.419276398606598 0.0
v 13.434070621035062 11.608200901187956 0.0
v 9.744413838197943 9.824536493979394 0.0
v 12.004339369246736 1.9189737122505903 0.0
v -11.907200787565671 1.8623381573706865 0.0
v -5.461057199980132 -10.94160077534616 0.0
v -2.300481958547607 -4.921988937072456 0.0
v -12.304312621010467 11.427848524414003 0.0
v -1.2947913184179924 -7.821468184702098 0.0
v 10.580065145622939 14.317563304677606 0.0
v 10.902102572552394 0.3239582320675254 0.0
v -14.27439624350518 -3.715783135034144 0.0
v -5.204172703903168 -4.87237259093672 0.0
v 3.1174947057152167 -3.6567810382694006 0.0
v -9.213292776083108 -10.89802984520793 0.0
v 11.831034252245445 0.9379333034157753 0.0
v -0.8733393271686509 1.5375813515856862 0.0
v 3.6779475899529643 -9.942422898486257 0.0
v -9.775471514265519 3.970003671012819 0.0
v -7.272639362432528 -0.594297768548131 0.0
v 13.044469685060903 5.663240651600063 0.0
v 5.542694077768829 3.6988584604114294 0.0
v -11.961393439327367 12.940981992520392 0.0
v -10.319208936183713 -2.560543529689312 0.0
v -8.559045190224424 -1.3254172429442406 0.0
v -6.046232959430199 -0.12228337861597538 0.0
v -4.637455347168725 3.0631934367120266 0.0
v -11.84182131884154 6.537118927575648 0.0
v -12.10467659070855 -13.072175467386842 0.0
v 3.4182412907248363 12.303388003259897 0.0
v 2.5875821664812975 9.678329281508923 0.0
v -9.750353529234417 13.728706715628505 0.0
v 7.557539767818525 1.1686459826305509 0.0
v 14.408708493458107 -8.086556476540864 0.0
v 13.614893144578673 -9.264114571735263 0.0
v 12.534038070763927 13.363003016449511 0.0
v -3.782559123414103 -4.120039094239473 0.0
v -7.321298448310699 0.13450757320970297 0.0
v -3.4120376008795574 -8.36438394524157 0.0
v 7.898065563233104 -1.4291499257087708 0.0
v -5.1161962330807 8.880511118099093 0.0
v 8.203301099070814 6.626006458885968 0.0
v -12.146507522265892 0.9188095275312662 0.0
v -8.396784158074297 -5.864481405355036 0.0
v -6.695697935705539 -4.78324075601995 0.0
v -6.689549810718745 10.672504637390375 0.0
v 10.998965152073652 5.538743596524 0.0
v -2.2362293135374784 -5.738858133554459 0.0
v 5.944746382825542 -0.23603895213454962 0.0
v -5.125914359057788 1.1472477037459612 0.0
v 8.464179445349146 1.2644428191706538 0.0
v 14.983161196112633 -11.597353532910347 0.0
v -6.048031096579507 14.107929149642587 0.0
v -13.22662442579167 8.794397187419236 0.0
v 6.8970140317687765 7.999986872076988 0.0
v -4.869901029393077 6.966439425945282 0.0
v 3.7220468714949675 12.136946889571846 0.0
v 1.3028125063865446 -7.68919465970248 0.0
v 4.55784087831853 7.97832599747926 0.0
v -1.12493919179542 1.2230444345623255 0.0
v -0.008605258073657751 -12.799900552257895 0.0
v -9.33915074588731 -1.0884596146643162 0.0
v -11.841917704616208 -14.218799650669098 0.0
v -0.5752675016992725 -2.842387855052948 0.0
v -14.678734263463411 -8.971151882782578 0.0
v -10.424175691907294 -3.4734495412558317 0.0
v 0.8793619612115435 -10.812842696905136 0.0
v -8.574030763411429 14.630327185615897 0.0
v 10.419197567855008 2.210714659653604 0.0
v -3.9983397184987552 12.568598265759647 0.0
v -0.13740365498233587 12.151879457756877 0.0
v 14.489134279312566 -3.495464889332652 0.0
v 7.664681407797616 -3.7283168947324157 0.0
v -9.476846557750832 -3.648830771446228 0.0
v -11.854322948493063 -6.685169487260282 0.0
v -2.8231483451090753 -11.840424267575145 0.0
v -14.017606427369174 2.7095898492261767 0.0
v -9.59318244305905 13.28601757902652 0.0
v 10.06922207243042 0.1505107982084155 0.0
v -13.405532883421984 11.965723391622305 0.0
v 11.523178336850833 -4.626781724393368 0.0
v 5.600057748961262 -9.739800970070064 0.0
v -14.065803156176116 -5.080332706682384 0.0
v -7.079806294525042 14.976224211975932 0.0
v -9.197602193627972 7.91880139708519 0.0
v 1.7938874869141728 -0.5083501441404223 0.0
v -10.26152793050278 -13.661021645180881 0.0
v 2.7604611429269426 -1.7854948779568076 0.0
v 5.965009929728694 -12.441747130826116 0.0
v -13.128644100099336 8.606578512117267 0.0
v 10.395327275269665 5.116218634881079 0.0
v -9.573237563716248 -6.16271482873708 0.0
v 4.463919316476677 13.344350037164986 0.0
v -3.5964603001484647 -7.942433853633702 0.0
v 13.854999735194724 -14.74963815510273 0.0
v -2.827608573366888 -12.51075127441436 0.0
v -13.823799452686217 2.58465257845819 0.0
v -3.565995051059872 13.537870897911489 0.0
v -8.763052443391643 -1.6222697850316763 0.0
v 11.819354413833935 2.112580326385796 0.0
v -5.284654252813198 -13.049670523963869 0.0
v -6.291191020049155 9.617097337730229 0.0
v -7.7595700224046595 12.65795287489891 0.0
v -11.963881497678813 -10.325653340667486 0.0
v -1.2164243665756658 -9.684551406651735 0.0
v -3.9730968918884173 9.44897760823369 0.0
v -10.404818395734765 13.029204818420112 0.0
v 9.53077346214559 6.063443444669247 0.0
v 12.682384842890315 8.100273073650897 0.0
v -8.550517350435257 0.8680319972336292 0.0
v -7.8402846397366375 -13.342151150107384 0.0
v -3.69294861308299 -0.2461348045617342 0.0
v -2.1600281675346196 2.6463176738470793 0.0
v -14.533758011995815 4.952629416249692 0.0
v 7.8957920399843715 13.006003755144775 0.0
v -14.444765436754096 12.736925818957388 0.0
v -4.926889212511014 -5.801767923869193 0.0
v 12.631175943824928 -14.950038369745016 0.0
v -11.048600063950289 7.798000358045101 0.0
v 14.814825105888303 -1.0064486199989915 0.0
v 11.857081312977243 -8.918042299337685 0.0
v 5.641041180875618 -1.9739899449050426 0.0
v 3.4642040887847543 -9.681587095372379 0.0
v -0.611244531639386 10.9199720909819 0.0
v -8.82381007191725 -1.1158854831010103 0.0
v 11.052076919353567 -6.980652148835361 0.0
v -2.3993847179808654 3.5318903429433703 0.0
v 3.5378063534153625 14.523918992839754 0.0
v 0.7395703684305772 -2.519347235560417 0.0
v 2.8221674766973592 12.687360847368836 0.0
v 0.6101928572752513 8.764333944767714 0.0
v 9.71054198499769 5.258209844119847 0.0
v 8.941638627555221 0.12762177921831608 0.0
v -6.921488215622958 12.561484131962061 0.0
v 5.920819382299669 -10.64532864652574 0.0
v -7.985481440147851 0.7834364660084248 0.0
v 13.236346221005078 7.5832472536712885 0.0
v 11.138023554172833 -13.228905215859413 0.0
v -2.6244272561743855 13.02874762006104 0.0
v -0.3097586583462544 -8.938608655706048 0.0
v 11.417437602649443 -9.002308137714863 0.0
v -14.10050740709994 -10.081828822381794 0.0
v -7.9334650143864565 12.469697402790189 0.0
v -13.677363217400853 11.116593533195555 0.0
v -11.665246243646834 0.6195991551503539 0.0
v -2.9375488305231556 -6.19096187595278 0.0
v 11.75508615799481 13.726498020812869 0.0
v -11.286094091425184 -6.007197187282145 0.0
v 1.795795027341228 7.216680183075368 0.0
v 8.300014131469652 -12.841977883130312 0.0
v 14.584741697530262 -4.3098279647529125 0.0
v 10.572058659454342 3.144495241343975 0.0
v 4.929413720325101 -0.8386940630152822 0.0
v -9.66884946206119 12.402439260855317 0.0
v 2.5517827972071245 -3.9036223078146577 0.0
v -2.4744476891937666 14.140616507269442 0.0
v 5.457731067494024 7.9679113598540425 0.0
v 11.428809143602848 -0.9851819556206465 0.0
v -7.199955071031582 -5.479236216284335 0.0
v 13.688195597438607 4.0441999565809965 0.0
v -5.3768917818088084 -12.826487698592246 0.0
v 10.187911340617575 2.498433436267078 0.0
v -14.790270938712638 2.272327033802867 0.0
v 1.2033054575440474 12.110291814431548 0.0
v -6.818973625835497 10.173876130953431 0.0
v -8.714511301775929 -11.290445113554597 0.0
v 8.79710719542345 -8.546302188187838 0.0
v 9.668795433593914 -7.0585059225559235 0.0
v 13.97323614108609 -13.639374317601323 0.0
v 0.05501921963877976 -4.182060900144279 0.0
v 11.522439696651418 0.206444738432765 0.0
v -0.18261702376184985 -7.07889733184129 0.0
v -3.650046637689229 -13.769603477790952 0.0
v 13.564680746989325 7.406374871730804 0.0
v -14.404190296831075 -8.04658468440175 0.0
v 10.277114756871015 13.379200491122901 0.0
v -2.046433255309239 -12.54149416834116 0.0
v -8.91835535725113 -13.344779323786497 0.0
v 5.048615935607813 8.20000250916928 0.0
v -4.908467095985543 -8.687833503820002 0.0
v 0.55566034570802 -11.42502963822335 0.0
v -7.963970065466128 3.62066197860986 0.0
v -5.06996268738294 2.8929895032197237 0.0
v -11.291676937951706 10.262724654749036 0.0
v 1.194894819345791 4.8421609634533525 0.0
v -6.1600134475156665 4.289224454201758 0.0
v 3.8981136479415 -5.025954565964639 0.0
v 12.979524674534332 1.667960660532117 0.0
v -7.550551769672893 11.856014243327081 0.0
v 10.704167734540533 -4.337965784594417 0.0
v 11.032237860257737 11.592205653898418 0.0
v 14.742870499729179 -10.267253418453038 0.0
v 10.447865848545916 8.199060581624508 0.0
v 6.84756948373979 2.4903893703594804 0.0
v 14.286378569493536 -7.942207523621619 0.0
v 1.7510341708548367 -3.1505507472902536 0.0
v 10.813914848316927 -4.084665847942233 0.0
v -13.595135778421536 7.066596980206668 0.0
v -6.803550072188955 9.87475176807493 0.0
v 10.401261711434927 -8.755326250568032 0.0
v -9.126887129736133 -0.8926623817533255 0.0
v -6.794049387215637 11.240753635764122 0.0
v -5.764165468455758 0.23644137848168612 0.0
v -2.2253019568743184 2.4913984443992376 0.0
v 5.405164088180754 0.3771411320194602 0.0
v -12.773711048590485 8.242062387056649 0.0
v 9.974802199925762 4.377003134228289 0.0
v -2.0820506850723177 5.798091568984091 0.0
v 5.673533628345467 -6.84116184245795 0.0
v 3.16746293642791 -13.359252910129726 0.0
v 7.493820494797546 -3.3969571692869067 0.0
v -13.349518176109996 -4.218664949759841 0.0
v 12.658997683029156 -1.2849046625196934 0.0
v -11.874299054266885 8.459455167874694 0.0
v 13.018716143327765 9.867232919670641 0.0
v -8.044341980887111 12.130787507630885 0.0
v 6.392392771784216 4.869801381602883 0.0
v 2.3765506441122852 -5.684436820447445 0.0
v 13.183799182879739 10.854142582044005 0.0
v 10.273797964211553 10.181674883700907 0.0
v -2.576337002159562 -4.657692260108888 0.0
v -14.44682893762365 -11.06694234535098 0.0
v 9.729796404775698 9.080582459457219 0.0
v 10.81095134804491 3.4752685660496354 0.0
v -1.7130624093697406 -8.335209475830197 0.0
v 13.346755047852639 -0.7506394879892468 0.0
v -7.9656942774308845 -7.413138777017593 0.0
v 1.7017104676924646 13.677917106077075 0.0
v -10.685500410851091 11.995864725671709 0.0
v -2.1127363302512094 -10.884783669374883 0.0
v 13.83431252563605 -8.282849572598934 0.0
v 5.697665800631512 10.820385769940913 0.0
v -2.576643808395602 5.234215627424419 0.0
v -9.508107365109026 4.070446597412229 0.0
v -14.10422371153254 -8.305065630935133 0.0
v 11.541261405334808 12.77017181739211 0.0
v 13.102361567725893 -0.21189347840845585 0.0
v 5.134745078510605 -7.6276387153193355 0.0
v -1.507617813826073 13.239033319056034 0.0
v 6.998691964952741 -5.192068134434521 0.0
v -7.672023496241309 8.403860343620181 0.0
v 0.23044339194893837 -0.48619245178997517 0.0
v -2.7546442152233794 14.708446285687387 0.0
v 10.43963780865306 3.2383004957810044 0.0
v 0.5992370971944183 12.698965168558061 0.0
v -4.397939782764297 8.943131586536765 0.0
v 3.659882102510892 5.41473582573235 0.0
v -10.96170315699419 11.963686108589172 0.0
v -8.893034550535958 8.327057751826942 0.0
v -14.099432714167051 2.742437464185059 0.0
v 8.010300136927981 -1.282163786701858 0.0
v -6.010743384191301 -0.05178603809326887 0.0
v -0.624425598885864 4.237411813810468 0.0
v -10.449220202106517 2.266666720621288 0.0
v 7.201292751997244 -0.6991522926837206 0.0
v -14.981067497690674 -7.459771540015936 0.0
v 1.800172337447293 11.703740507364273 0.0
v 2.63625280209817 -13.662167835980654 0.0
v -2.1135239934083074 -7.6383279375731945 0.0
v -13.613897335715592 12.169106082990766 0.0
v -5.742057619383559 -12.585575772449374 0.0
v 1.347840123809874 2.156405795365572 0.0
v 5.46158367494354 -9.418458260595798 0.0
v -6.111281960038468 -10.898465676233172 0.0
v -2.681419002416078 -2.479624572210014 0.0
v -11.263447194243781 4.21785444393754 0.0
v 14.587158886250108 -3.192751433700323 0.0
v 11.43053084553685 -7.854676905088127 0.0
v 0.45682151278015226 -2.2352069495245814 0.0
v -6.269402251287829 -1.5531381163746119 0.0
v -3.2334430500050075 -4.069467710331082 0.0
v -3.0741990503156558 -8.650014845654368 0.0
v 2.0561028845841065 -13.284224308095872 0.0
v 0.5725269981776364 -13.488259666599333 0.0
v -8.520193375123199 3.4976673843339086 0.0
v -7.419323251117021 4.747661233879626 0.0
v -7.939683823380619 -9.759621363133192 0.0
v -11.062782454362605 -4.300990698859096 0.0
v 10.516967947303783 -7.759832633659244 0.0
v 14.363072678737808 -2.087226049043238 0.0
v -13.567700973828323 6.501977778971195 0.0
v -5.003301819204353 14.083673973567784 0.0
v -1.5150888116913848 -10.470728713087738 0.0
v -6.733237739885226 -4.708849447779357 0.0
v -4.733857589832041 14.238139408640563 0.0
v 7.95473622623831 10.287331129424274 0.0
v 6.9538985678809695 7.678296246565878 0.0
v -10.399742548412178 -3.365834753960371 0.0
v -10.151740642555524 -6.999685819260776 0.0
v -10.823708149371669 -0.6636657556518912 0.0
v 0.2096120605710894 -13.209208434447646 0.0
v 14.282112064596731 11.15048078354448 0.0
v 14.925522549310699 -0.623057909309864 0.0
v 6.684781699732412 -9.856783952564001 0.0
v -14.826935237506405 1.421492224559188 0.0
v -5.413275740807876 -10.471265950240195 0.0
v 8.177695801248774 -1.120070648379624 0.0
v 1.461892860243097 -8.3570617698133 0.0
v -13.26839560206281 -9.242206140421331 0.0
v 4.562559654004872 1.759467558003962 0.0
v 4.218232796760276 13.859294736757874 0.0
v 12.20631362736458 -11.06498606596142 0.0
v -11.33570015541045 14.292352167889476 0.0
v -8.285110790806357 2.650926325470209 0.0
v 14.843007920891978 2.9365117605775595 0.0
v 5.423182688828092 12.870764223858714 0.0
v -13.50156339991372 -11.184111804701388 0.0
v 12.754631635791156 -9.673268320970237 0.0
v 13.498840485408437 6.859718312509358 0.0
v 7.887808976636734 -8.413825555704534 0.0
v 14.857755462115165 2.3573560873046517 0.0
v -4.516314340871759 -6.417949783615768 0.0
v -9.053259210195392 -10.450708613730967 0.0
v 14.948852409317624 4.895936486311257 0.0
v -3.231473925989121 -3.1179737187922 0.0
v 13.78252677700948 -10.26921207178384 0.0
v 12.661567250092048 8.1329823769629 0.0
v 13.539549662615173 5.148466628976166 0.0
v -14.973255021614023 -0.4626014353707433 0.0
v -4.261434723448474 -9.783350666053593 0.0
v -2.537407981173601 10.052511559799314 0.0
v -12.641758459911216 -1.7898398777469993 0.0
v -13.429906023899093 11.590934257023036 0.0
v 6.912568434432615 11.680939378216863 0.0
v -6.61183495511068 2.8789224568754435 0.0
v -13.326206496916711 8.504511170089245 0.0
v -2.7662498354911804 10.885122974403203 0.0
v -10.507293200527783 5.521207412704825 0.0
v -12.20446278603049 -4.51963278837502 0.0
v -14.995440178492572 -14.195319756865501 0.0
v -5.909576968289912 13.652255256660283 0.0
v 4.072867088834755 11.88768878299743 0.0
v -9.100740503170528 -8.100973194465041 0.0
v 9.141847273451276 4.09035096783191 0.0
v 6.638834571640473 2.256512025371194 0.0
v -14.476669770141598 -5.860353008843958 0.0
v -10.38554661697708 -4.648325875401497 0.0
v -6.86070950969588 10.829457432031631 0.0
v -9.266053138184361 -9.485813950188458 0.0
v 3.8014418821549043 4.62401389144361 0.0
v 14.76922834047582 -6.14386473223567 0.0
v 0.261420831840951 9.529616184532642 0.0
v 12.882197816099506 14.623278661631048 0.0
v 9.059156887291465 -10.381416184827685 0.0
v 10.91726239793934 -0.5598152503371239 0.0
v 9.66057204484241 -1.6054228264838457 0.0
v -13.721292909991462 4.9580519096925855 0.0
v -12.304012855573092 -11.933039939031005 0.0
v -4.238043082121294 -5.575209482572973 0.0
v 10.065552592568565 3.209788133390248 0.0
v 3.5941420271992683 -14.436751362867653 0.0
v 12.974441236176062 -9.785328805446625 0.0
v 12.985720609431155 11.921882879920304 0.0
v -10.682845573464874 9.916554623283446 0.0
v -1.6626958565902896 -2.07562811486423 0.0
v -12.28343426255742 -4.6285908706486225 0.0
v -0.26310863165417686 -1.084903446957469 0.0
v 7.077830021735281 -13.880425819195807 0.0
v 10.61947586107999 3.1462121726945043 0.0
v 2.2463212985894643 -6.492556131444871 0.0
v -14.029471550195012 -6.595018971711397 0.0
v 0.4610388090950437 -7.321377104148269 0.0
v 6.269494434585795 -7.291208134032786 0.0
v -5.142322021361906 -6.277912790887058 0.0
v 6.518930726102553 13.165487366728485 0.0
v -10.299680267227814 8.123514617793262 0.0
v -0.5664891584310681 4.895963300950825 0.0
v 0.9330321393790655 -1.4060577377676964 0.0
v -0.5245334870996885 1.3856547428295016 0.0
v 2.6910053328610957 -9.69815357401967 0.0
v -3.2977473787614144 -8.491614107042551 0.0
v 5.840964876115322 4.726164687424898 0.0
v -0.9021147075109184 -0.4828384015709162 0.0
v -7.9394540378125384 -10.346315613016486 0.0
v -4.271554403589107 0.5969006922096014 0.0
v -5.0945568538154475 5.224442919716239 0.0
v 6.155653466237709 -9.343062239699066 0.0
v 8.348388718441129 -12.950211611576378 0.0
v 9.697850548080169 11.597904300317168 0.0
v -12.10082441335544 4.257320358417928 0.0
v -3.6901509526651353 -0.6161014009267092 0.0
v 13.418512452510186 -6.125679984688759 0.0
v -7.484357884328347 -13.821641284041107 0.0
v 13.249247336818371 -1.4775674203410745 0.0
v 9.456960294104647 1.3243969343602657 0.0
v 7.4450828959816135 11.020474097691476 0.0
v -5.19401517638471 -1.6820851732045412 0.0
v 4.701769165927544 -4.481762687675655 0.0
v -0.9981492783990689 8.863620987161994 0.0
v 10.113713952014223 -8.864527148194611 0.0
v 3.8169876820174977 2.0901637580245733 0.0
v 10.105982927547302 6.782662836834788 0.0
v 6.267858701641671 12.689973497763276 0.0
v -2.2438487527542748 0.02063840813934803 0.0
v 6.07788928761147 -7.152250949293375 0.0
v 4.758760955941398 2.495848821476102 0.0
v -11.92593424639199 8.447008354589343 0.0
v -0.44426865386776626 -1.9537355387583375 0.0
v 7.636240052408539 -7.370989412069321 0.0
v 9.540997351927217 -7.131127893924713 0.0
v 12.286368471570313 -2.270191863179207 0.0
v 10.869759960740339 -2.2519708145409822 0.0
v 3.573626714060083 10.479849050752819 0.0
v -5.950764399487525 3.815622813999653 0.0
v 5.730817836767528 -8.042170806787908 0.0
v -4.640638985671103 7.991052787750959 0.0
v 14.185842816077638 -13.06056434288621 0.0
v 11.990889853157569 -8.851633438840508 0.0
v 7.045740169647615 7.503565924242139 0.0
v 2.5086243512341753 8.449803351424634 0.0
v 10.773840768146329 -8.724911274388433 0.0
v -12.251198350393679 -4.478630364872515 0.0
v -12.107499971287325 -2.5740497214719653 0.0
v -5.085694018169306 7.712753196246922 0.0
v -8.833176386542618 12.899209640920162 0.0
v 14.617250617942773 -13.18042819481343 0.0
v -12.35072545177536 -12.388138987123966 0.0
v -4.882233624346554 2.2858569817617536 0.0
v -11.394385077699553 -6.350161999464035 0.0
v 13.60867009247886 -8.584557011723518 0.0
v -4.068433461245149 11.982438898645341 0.0
v 2.8556007890729234 10.465161717496812 0.0
v 3.317042571725324 -1.833656707778573 0.0
v -0.6411565570160747 -14.013357911258936 0.0
v -14.915905983536504 -13.79529392067343 0.0
v -1.5259374437737279 -7.2228490663692355 0.0
v -3.2512934207334183 7.965627491474152 0.0
v 0.3422784330905415 -14.485683248378336 0.0
v -8.03031820396427 0.8291960628703237 0.0
v 10.761274737888016 -12.818171463906765 0.0
v 9.280585086613428 -6.868746634572744 0.0
v 14.522702094516717 13.172480083070695 0.0
v 6.53504296700703 3.5625010887160897 0.0
v 1.2007561585051008 8.182930354960263 0.0
v -7.512356032850221 -12.213851441629231 0.0
v 6.9266542383120395 -1.3330048844218254 0.0
v -7.808252454560716 0.14351270534098148 0.0
v 13.900222315452993 12.402726634405553 0.0
v -11.761924636608455 14.412981139495969 0.0
v -4.116367020877078 11.765944699756801 0.0
v 8.859825636900496 -0.05444505624473095 0.0
v 4.114160892320797 3.4653037283569574 0.0
v 3.9097358362632804 -8.551140923053026 0.0
v 14.893350424070377 9.672630197368562 0.0
v -0.9216450092499144 8.900180553086102 0.0
v -13.182800543669146 -9.593938991427422 0.0
v -14.16309130389709 -1.8327815448865294 0.0
v 0.627580136526376 7.01740690600127 0.0
v -10.351784523809329 14.564863789826632 0.0
v 8.617235733254347 2.568476795218885 0.0
v -2.955870297329966 -8.554525338113308 0.0
v 11.142984219593927 -7.304206435568631 0.0
v 1.5777285017538816 3.9640795374289155 0.0
v 6.21928459929768 -8.567880635149777 0.0
v -4.296141700062435 4.019531586207449 0.0
v 13.212328502675518 -1.718575656414032 0.0
v -13.902994512580335 4.679017785005271 0.0
v -10.950983122806065 11.52007055748254 0.0
v -10.569878517475445 0.2928487863391638 0.0
v -8.892554507532623 1.681566777639091 0.0
v -2.9245910460012965 4.9637549398466945 0.0
v -1.3219670913531445 12.919991239905357 0.0
v -4.531520753342193 4.837676563300192 0.0
v -8.540298635489307 5.338410205207765 0.0
v 9.72704371274449 -6.234740009531379 0.0
v 6.970744781603571 -4.562088264152408 0.0
v -14.161815516417846 -8.270837440155447 0.0
v 7.19003715045983 -12.812214897945523 0.0
v 0.6269908782560378 -4.543669506907463 0.0
v -11.448992865742184 -13.762150572612882 0.0
v -11.060206793015823 12.880981643684208 0.0
v 12.260076741804369 -4.7489246521145105 0.0
v -9.709396887745243 -12.484818742610514 0.0
v 6.567643079499248 8.519426124170423 0.0
v -0.48674519517226145 13.93288838956505 0.0
v 5.1192748379544355 13.99410477746278 0.0
v -2.125897509919014 -13.946514327079058 0.0
v -1.1071519267861731 0.09859534073621035 0.0
v -1.9470273682964034 -5.504288490861654 0.0
v 5.651083373173606 -11.28202853910625 0.0
v -5.34109989850549 13.215690604411066 0.0
v 12.08505858189892 4.634293124079704 0.0
v 2.883221766212955 3.76124107837677 0.0
v 4.614006949414033 7.521484420634806 0.0
v -7.41264056583168 -13.654694365337491 0.0
v 7.853139963757712 14.507941373623908 0.0
v -0.45375225244788453 -14.857031824067235 0.0
v 8.433132032572757 -13.752296390011907 0.0
v -7.449925622553565 -9.273723467253149 0.0
v 14.422125154989772 9.399824474006891 0.0
v -11.622462453728076 1.2975282380357385 0.0
v 5.942479204735719 12.407262015156448 0.0
v -10.968537393200677 7.941927687264979 0.0
v 13.678122042038012 -14.861383950337768 0.0
v 9.082914993690792 -12.23660918790847 0.0
v -5.813575941021554 -2.5849883928894997 0.0
v -3.0165260193753056 -3.47169478982687 0.0
v -6.9546997475554235 7.893838705495 0.0
v 10.807133226655424 10.806213141418993 0.0
v -3.7178363775019534 6.184610049240291 0.0
v -9.287441508378834 -4.505650693550706 0.0
v 3.8054279295611195 -4.916604089550674 0.0
v -5.701934008044191 -14.392371715046465 0.0
v 13.949656677665189 -6.2096910225227475 0.0
v -13.439762036083266 10.02911875396967 0.0
v 12.715823120321147 11.35616764985025 0.0
v -1.7179252853966318 13.862036428414285 0.0
v 5.08639828581363 -4.227746174670756 0.0
v 9.482966088340618 -4.601890466175973 0.0
v 9.03062521078391 -12.757233327254653 0.0
v -5.669565304880962 -1.4868250852450728 0.0
v -4.167705479252618 4.480016362853348 0.0
v -11.279344218492042 2.3823545249179006 0.0
v -6.5759427667362615 3.1321851098909974 0.0
v 12.546993972558994 0.9153399914503098 0.0
v -6.314173713035416 -8.307642464525998 0.0
v 2.6882590773166157 14.091994801536202 0.0
v -1.8589411425055005 12.931276028975844 0.0
v -5.763114997476805 -3.3969088001176715 0.0
v 6.584032655518968 -4.171550255268812 0.0
v -1.1913135673385113 9.036965920589864 0.0
v -12.529855087515898 12.4058325747028 0.0
v -1.5038941633538343 -1.204063075594604 0.0
v 3.025768733525183 3.3819484459236264 0.0
v 6.344488246249966 -12.004063800908625 0.0
v -1.3692633550381288 7.529685367830098 0.0
v -6.551430392311886 -6.234686614945531 0.0
v 9.834732039773371 4.361146694980562 0.0
v -1.416555399657227 2.4688746836036444 0.0
v 13.696591181214899 -3.377134095877409 0.0
v 4.62803847505711 11.487882333807647 0.0
v -9.855215249001049 -12.998290655203164 0.0
v -12.283666245115455 -0.18900278396904469 0.0
v -7.615883455437142 10.319282554090023 0.0
v 3.3817245581303723 2.396934241987765 0.0
v 5.089258715684991 3.407918714918196 0.0
v 13.883690706454217 -6.121580535545945 0.0
v -2.4721388370962813 13.046155619435012 0.0
v 9.193863827735186 3.664314924739301 0.0
v -12.4398035761551 9.424228360876441 0.0
v -0.6354758861125447 9.392091675661504 0.0
v 8.04498848336516 12.019499293528497 0.0
v -9.843908037233632 -9.833282380364835 0.0
v 7.616525233897846 14.820865681394935 0.0
v 11.248531569668557 12.368867302313447 0.0
v -4.586740680038929 -5.774347921833396 0.0
v -6.020237360789906 -8.094971329905093 0.0
v -14.106511722318828 -5.466967442072928 0.0
v 0.1561685133492574 6.839239131659269 0.0
v -0.9842424687813036 13.87903016526252 0.0
v 4.607809132896364 -4.486276468262076 0.0
v -8.012970143463463 -3.791684485040605 0.0
v 6.140665581740905 7.9279284263029695 0.0
v 4.940399990649894 3.5716817788779736 0.0
v 13.282386117090937 -12.127932570874691 0.0
v 2.645286464365199 -4.912639744579792 0.0
v 12.451646531291772 -13.04955108370632 0.0
v 2.753354048123583 4.522177057340741 0.0
v -12.84809514018707 -12.916325737722218 0.0
v 13.901241679152008 -11.20602706540376 0.0
v -13.904387269634753 7.463397577404976 0.0
v 13.980338520021178 0.23810135386884212 0.0
v 7.433604810561519 -0.07872732728719711 0.0
v -8.410084006958641 12.643421625718474 0.0
v -11.603861282230355 -1.4331392692402005 0.0
v 9.708252881420776 -0.6533577982336283 0.0
v 8.471398403518833 -3.653804572299123 0.0
v -10.230884535296354 6.183059095405042 0.0
v 5.9642303508589976 -3.398514449596405 0.0
v -8.995788858039305 -13.064222513698041 0.0
v 14.657117703172844 5.534935846924782 0.0
v -12.32029487809632 -12.325337092392147 0.0
v 3.276380928698927 -9.958125325851142 0.0
v -10.84976185054984 -6.359828774817288 0.0
v 12.438769457337912 -3.1924696415662766 0.0
v -11.213113746314775 3.0117586851119995 0.0
v -12.649978115863632 8.291550364345312 0.0
v -8.713780703081284 -11.262269005179405 0.0
v -3.8879311304772273 -9.714172586798668 0.0
v 10.70054932119092 -4.2198857963085175 0.0
v -9.238844678970054 -5.4004880944266915 0.0
v 1.3847530067432672 14.197332490235567 0.0
v 2.920871118840296 5.401589069515467 0.0
v -8.128717695653904 8.36220821365714 0.0
v -0.691299160651397 8.319027399644256 0.0
v 12.393740059167612 -7.138203715905547 0.0
v 2.699434580397792 -3.713387372903526 0.0
v 4.057213744847104 -3.359334621578455 0.0
v -9.838877517206129 10.453288041055202 0.0
v 5.722379180893768 1.5868238369002938 0.0
v -2.56496488006087 7.433170814067125 0.0
v -8.50205700553488 1.8756873598322272 0.0
v 5.027166511164978 11.05970209185034 0.0
v 14.797435353626497 -8.275998053140938 0.0
v 12.194515172915999 -11.512279394082725 0.0
v 7.619801957393065 14.343843570910394 0.0
v 9.290384629974142 12.743500612676144 0.0
v 9.314352829183917 -12.812795067206025 0.0
v -2.24528830422787 -9.667724369093776 0.0
v -6.916064299177378 -4.928727863356471 0.0
v -11.637296463013627 2.0385205121710896 0.0
v -10.06894989067223 3.2165768584236503 0.0
v -13.316279309568927 5.780109871178865 0.0
v -11.953354599652812 -6.770828885026276 0.0
v 8.226997328631114 3.2899023219943047 0.0
v 8.479928663407918 14.855744206346571 0.0
v 7.1260243184515275 -5.981266506016254 0.0
v -6.453677279409021 -7.6436885902658105 0.0
v 14.255464816640597 5.190367745235562 0.0
v 13.427278055634815 12.760270196944475 0.0
v -4.706666743033566 -4.084666758775711 0.0
v -2.002691306057386 -11.773864336311817 0.0
v -11.89483539183857 -1.7752976603806019 0.0
v -0.9061112032504752 -5.190582467243075 0.0
v 0.9474774810951203 -4.259737911634147 0.0
v -6.483679762633983 13.674097885377705 0.0
v -1.4531865910976194 -8.063892886973917 0.0
v -9.673351308738347 8.883141439408064 0.0
v 11.466858866449911 -13.04463232215494 0.0
v 8.35420968575636 -0.6834351951256394 0.0
v 10.258846534066834 12.197630585171282 0.0
v -1.102059381257277 -8.457918575964868 0.0
v 0.5649636081652716 -9.08775080461055 0.0
v 6.781899913970847 14.811070062220097 0.0
v -9.260706099914387 -5.045555802993476 0.0
v 4.206492706318386 10.2760566547513 0.0
v 2.814912633912172 2.5784355625510216 0.0
v -14.616925954527687 7.08220427390188 0.0
v 1.897554863418918 12.143619545735419 0.0
v 3.2379110509646125 6.541202407330275 0.0
v 4.678578309540171 4.506513918749988 0.0
v 14.681839617318474 11.407982001081109 0.0
v 9.162394072161987 -9.962652713060379 0.0
v 14.094507432426326 -12.043307892046869 0.0
v -9.706172682344913 7.561615715734661 0.0
v -13.335521143453661 3.4802791737020016 0.0
v 0.37039585661841556 3.8308336213231087 0.0
v -9.183458134240936 10.931044069118798 0.0
v -14.21970551396953 -8.748002981767058 0.0
v -14.135609191725962 2.1227263221517205 0.0
v -7.829887221800163 -4.1527567422017455 0.0
v -3.3528152341023088 -6.774776712059975 0.0
v -6.401675298227929 -6.575037658214569 0.0
v -6.9814027496031485 -14.06704709585756 0.0
v 14.731257345003542 0.3834915831685066 0.0
v 1.5444010923965834 7.503613317385316 0.0
v 10.679312686552294 -6.908618634566665 0.0
v 8.247251655906439 -8.067939470522106 0.0
v -1.4485147005761974 -12.97325147036463 0.0
v 1.7042505376739427 8.628076248802245 0.0
v 9.635577508655842 5.874399162828922 0.0
v -8.188453763374127 3.340882070362568 0.0
v -5.439791363838594 12.73923398181796 0.0
v -4.571437383478042 10.372834598645568 0.0
v 1.8226503529003821 -2.2937788078561425 0.0
v 12.158779560530093 6.26290253456682 0.0
v -9.578592993842904 4.603506217710674 0.0
v -7.962762165872846 13.269100558944046 0.0
v -9.773068510345183 10.43576286919415 0.0
v 3.499350736325141 -6.773189038969576 0.0
v 0.1356684269849211 5.453014123253524 0.0
v -12.387487618951127 -1.3778448440134525 0.0
v 8.033280387811828 3.459093919955194 0.0
v 5.433073886670172 -1.7760840775445104 0.0
v 7.360217059729621 -9.705870979465544 0.0
v 10.002898955426645 -10.647657787427306 0.0
v -9.474855392763857 -4.919226869009435 0.0
v -0.8057087439228781 4.33174866437912 0.0
v 3.647706149960868 6.273910962045193 0.0
v 8.21643647691235 -14.843661750666797 0.0
v -8.171869334939402 -7.3918018620461226 0.0
v 11.028340947406832 12.896528353914618 0.0
v -9.574357354082167 -4.291436047293246 0.0
v -1.4287482982617803 7.995813011191785 0.0
v 2.7459817141643725 9.546345886774361 0.0
v 7.012561922776513 1.082832875661552 0.0
v 11.177607295801863 9.396082593128085 0.0
v -13.587354313582182 -13.38890068884939 0.0
v -13.287093920342159 11.567917883396149 0.0
v -9.892387354455423 10.070703811943531 0.0
v -0.06966387043939903 -12.556784671731293 0.0
v 12.761615733790677 3.71794524602592 0.0
v 2.125496836088132 -11.961818631738424 0.0
v -13.149273354094476 -11.826391586102545 0.0
v 2.907420830335468 3.677432651631534 0.0
v -3.368224801379256 -6.439874223433435 0.0
v -2.0103877582005225 -7.034346572123468 0.0
v -6.9697436084388755 -7.585137137211859 0.0
v -10.775970394839533 1.3597429543733597 0.0
v 1.0332843083306216 5.400335993617773 0.0
v -2.788086587388534 10.700984470546246 0.0
v -11.157238846411929 -9.707547122612596 0.0
v -3.527002585120499 -5.483293923549354 0.0
v -1.3226337697124109 -13.539132694713771 0.0
v 6.857547200343106 -0.40759294107556343 0.0
v 7.980124366818927 3.273064604960382 0.0
v 14.0542728115106 -8.747039590962231 0.0
v 7.6279737342265435 6.947888043709099 0.0
v 6.293085910496302 13.694635536521673 0.0
v 7.047632218687795 -1.700841886922717 0.0
v 9.815215084177908 -13.58876246586442 0.0
v 7.926954674068838 2.212432556785643 0.0
v 8.27312134503154 10.479542414657772 0.0
v 14.551254079211503 -0.5731549374759197 0.0
v 4.613760520005599 9.494700986891985 0.0
v -9.308232580253389 -1.6525079412385821 0.0
v -14.3167899750988 -6.598954817280173 0.0
v 7.417920677806251 3.4798717768862844 0.0
v -8.5688992725336 -14.135981970466673 0.0
v 7.830498229304794 1.2184666646644473 0.0
v 13.485434138332494 -8.4347825916484 0.0
v 11.562682978517842 -7.202383014373481 0.0
v -2.9870919816894457 7.60989164467901 0.0
v 9.793536347104236 6.262023884803057 0.0
v -4.974078697385266 0.4037924436852336 0.0
v -2.061645195062738 11.544951433315873 0.0
v -12.732820619654376 -7.961369804106653 0.0
v 7.639759588462766 10.114204487763345 0.0
v 9.226560465060174 -14.135846297256649 0.0
v 12.07580346748 11.836037789471447 0.0
v 4.266792003123555 6.25147620588541 0.0
v 10.64889342157403 -5.734550314955413 0.0
v -2.1973184155649506 10.196319784969091 0.0
v 1.474173450609669 -2.679819672368467 0.0
v 12.889702975400724 0.6253921277821064 0.0
v -9.82656963734189 4.069497744552791 0.0
v 4.548132387804799 -4.495086318813264 0.0
v -3.756206102669239 -7.162639778107405 0.0
v 6.517383375030477 -10.23038390930742 0.0
v -7.448553867347073 10.462524462491274 0.0
v -0.02159072062931955 6.632609182037413 0.0
v 4.583720699767582 -10.429763501510024 0.0
v -4.089411178894807 -4.48340162076056 0.0
v -10.27547858149046 4.064667554572225 0.0
v -10.835063748934772 -7.814558025449514 0.0
v 11.772015500988346 -2.909894911572337 0.0
v 14.928829542070162 6.367493903264403 0.0
v 7.201309156196658 5.087517614476383 0.0
v 2.7381344424793497 -13.217216630466282 0.0
v -6.575713761849329 11.905853024683893 0.0
v -6.16473899257835 3.1484232302755117 0.0
v 10.060034593276214 7.259857059456408 0.0
v 4.766249935666565 -3.89538483787328 0.0
v 11.314141958078835 13.741555079817772 0.0
v -5.05893697834108 5.440016734413803 0.0
v 2.2746575849014334 -12.543023461475968 0.0
v 12.417357389465906 13.675560182891786 0.0
v -10.400158256525174 -7.671364603564143 0.0
v 1.1332117635174654 2.452035104855895 0.0
v 7.152601683686953 -0.10218809638172388 0.0
v 8.66759655228816 -12.10732054989785 0.0
v -13.140793519851286 -13.412392707541585 0.0
v 13.150812415522523 -1.1022864421829581 0.0
v -0.4012973086209968 9.205786281265318 0.0
v 3.493785905302502 2.0853996546939015 0.0
v 9.195030342554674 10.17981657013297 0.0
v 12.773368314665277 -12.6900171386078 0.0
v 9.673347981180996 -2.873065379448235 0.0
v -0.8236578670912422 -10.249401037581265 0.0
v 14.346140606561676 -8.255785734392703 0.0
v 1.9143226695014164 0.8181683672592044 0.0
v -11.52135707339039 7.394837785512209 0.0
v 5.836480910656974 -8.908744202926755 0.0
v -2.3948470706818625 1.2271904246881604 0.0
v -14.478284651122522 -4.56836271751672 0.0
v -10.000580555177294 -3.7189918141812086 0.0
v -12.407412205357105 9.641053827479482 0.0
v 4.529509497573599 9.360221710987389 0.0
v 5.104736750479788 -8.316581464372575 0.0
v -14.708528538234532 1.318389268592 0.0
v -4.31742936198134 -1.0680521531030536 0.0
v 9.286183996882755 14.952605482190847 0.0
v 3.061326007300522 -0.5750055322423577 0.0
v 8.772399730281904 -10.752139105461538 0.0
v -14.666251288726926 -8.868083329871297 0.0
v -10.965358304150868 -6.237131713889539 0.0
v -10.157594772637822 8.793662680312991 0.0
v -1.7597495949012227 14.364366497844458 0.0
v -14.550366187642794 14.074697885662317 0.0
v 0.09614328056341037 6.537373401224613 0.0
v 7.070429328770842 8.347601410932839 0.0
v 2.7235887429560535 -7.4921530382707715 0.0
v -10.657975512032863 -14.307274475693703 0.0
v 5.026620384305716 -0.962285852059722 0.0
v -3.9105160770122893 10.37255285680294 0.0
v -6.696997388266027 8.87573419790715 0.0
v -12.55715265730396 -5.5587261794134974 0.0
v -4.546961530519184 -1.7710890611633658 0.0
v 1.276903173304163 -8.671672632917762 0.0
v -14.799386442638934 -2.8765372587367892 0.0
v 3.689525217982009 -0.6699960436671972 0.0
v -7.6140329675981775 -3.7304936293512583 0.0
v 12.455692059302237 2.297631772235036 0.0
v 10.925905683310702 2.5876848911866546 0.0
v -8.762927938019857 12.68000594433397 0.0
v -8.588829398853704 9.85130610410124 0.0
v -12.492409746337216 9.59105042181909 0.0
v -5.862034525780473 -5.522664183750749 0.0
v -1.5267411635140888 1.5747468983754516 0.0
v 1.8514531007385813 1.232165526598692 0.0
v -6.206261472485494 -0.5275166546925902 0.0
v 5.907329531095456 14.65634410083294 0.0
v -5.842432419827674 -13.339850409887731 0.0
v 6.937865875021089 -7.885897875763476 0.0
v -0.028434503241442144 -1.3077206751331687 0.0
v -10.922975464956835 4.019418471492827 0.0
v -14.031719109683763 7.172189224511385 0.0
v 14.437772123026662 -10.121129220351577 0.0
v -5.630426435556728 0.45431753527373075 0.0
v -14.119956255541183 0.4264076976105571 0.0
v 3.116538805363234 -14.402677827514708 0.0
v 3.521591639088001 -2.8207534225657582 0.0
v 5.292181608616374 5.112306280061603 0.0
v 12.431283479789272 9.113112904131413 0.0
v -0.25613883457845077 2.6704490892589092 0.0
v 9.189942646597046 -6.5350521663203835 0.0
v -8.803503931500018 -10.316691311076283 0.0
v -13.630951658997219 6.258978418074548 0.0
v 3.0078513155458495 5.800500086508691 0.0
v 14.254112145979889 -0.3450268190354109 0.0
v 6.1659722225158475 0.6218454455956817 0.0
v 10.889192864240613 -5.040786313824356 0.0
v -5.020202572748531 4.7286672201007605 0.0
v 11.083928779000416 -6.90020487178117 0.0
v -10.879931841162033 3.853606113232672 0.0
v -7.027844961849041 5.989055106416345 0.0
v 4.874484668776859 9.854302168823779 0.0
v 13.607331901788712 -14.205836036242545 0.0
v -14.051507144467905 -5.183565977029502 0.0
v 6.214751888939645 -9.9509561881423 0.0
v -0.5545764560229145 7.811063560657203 0.0
v -11.368670051626395 -14.364921796135604 0.0
v -11.825961503491271 -14.958379343152046 0.0
v 11.11778801685432 -0.5797792691737413 0.0
v 14.401422431517858 11.407533802092075 0.0
v 7.434103734965902 5.687527429312468 0.0
v 3.253812761802692 -5.060593447647989 0.0
v -11.200414521445055 -12.87975902762264 0.0
v 1.6659608187619597 -1.9247557958588004 0.0
v -9.229428342485335 -12.474005859345198 0.0
v 14.42952251888346 10.725889570079744 0.0
v -5.308464395289775 -6.176175763830543 0.0
v 4.966063554107677 13.759167848154902 0.0
v -2.3298782683559693 7.867013334296644 0.0
v 1.047711243503727 2.24334336258471 0.0
v 6.175981189007871 -5.72767842002213 0.0
v 0.4262918510939926 -14.738976293243468 0.0
v 13.397224435640965 -13.412883202545345 0.0
v 1.083525956608355 -2.8977668145671487 0.0
v -7.054398679872975 -3.8176480811089277 0.0
v -11.704843659885228 5.908234099857509 0.0
v 2.955598238739185 -14.202750795520842 0.0
v -11.96162743656896 -2.893545251339674 0.0
v -9.802198406716343 1.3920017164200544 0.0
v -13.267638175340835 1.9304267829284072 0.0
v -6.752641275234055 1.2768962550908327 0.0
v 7.617471821606159 -2.1284358324483037 0.0
v -6.863317443465348 -3.2635824820026755 0.0
v -2.7707231687381864 -2.953131423331797 0.0
v 11.588013197062537 -14.198423863388598 0.0
v 0.7534411863889545 -10.488521004095674 0.0
v -6.766026896308176 -4.552240112796426 0.0
v 9.456062687095255 10.124340125359595 0.0
v -6.2228015111759305 11.138945951126516 0.0
v -14.336129721719772 13.654327704571187 0.0
v 7.135006984928623 0.21034680027514696 0.0
v 4.930232018814422 0.6822789357975125 0.0
v 12.762755890318658 -14.70729962643236 0.0
v -10.588726050278638 -14.271131160669029 0.0
v 9.34386636322597 10.607306778430939 0.0
v -2.572504567098804 -3.771165469661355 0.0
v 14.356200458772946 7.595211332663894 0.0
v 4.669351417571306 7.027637940831482 0.0
v -13.925509513122961 -6.4706504652276635 0.0
v -10.589903252548538 8.972562797367573 0.0
v 14.25793074304238 -7.748428514227271 0.0
v -12.66650551353814 7.961993851698935 0.0
v 6.114871538884472 -2.6072892155498266 0.0
v -10.885949687683024 2.831249331124127 0.0
v 7.402279118541628 -7.8472414975985885 0.0
v -13.712462839495856 1.559353495016694 0.0
v -12.668617130664643 -4.238609075546265 0.0
v -13.600333873182535 -5.5762143628671765 0.0
v -2.80831729574129 11.652083721011877 0.0
v -9.44457573920954 8.392849180847406 0.0
v -7.582789248437621 11.77917761914432 0.0
v -14.764389626099728 -10.155027072876692 0.0
v 0.16081730916630477 -13.376596158370376 0.0
v -3.030532102799043 -11.383082503452897 0.0
v 13.387022649520077 6.212128662504256 0.0
v 14.198538970260415 -9.394339006394148 0.0
v 1.9723048961604945 -7.8818266075104475 0.0
v 3.535390976059716 11.526141809299588 0.0
v -2.1569263924611732 -2.345552382990718 0.0
v 0.3156727908644825 9.37476407084614 0.0
v -7.98088063771138 4.989059828221798 0.0
v -10.724018375971355 12.91006710473448 0.0
v 8.873504083661828 2.65531253721565 0.0
v 14.80444991501281 2.8819233514368534 0.0
v -7.519042798434384 10.852409723214805 0.0
v -11.277162646292709 2.517507235519588 0.0
v 2.373393647663761 -0.9091412778943777 0.0
v -9.546668874390889 -11.478161255829036 0.0
v 14.151491019933019 14.170851712115109 0.0
v 2.6073264877777547 -7.136282960884273 0.0
v 5.650221620104276 14.189471632242203 0.0
v 14.395025644917041 -9.268830442801118 0.0
v -10.830512390180957 3.3974228501319885 0.0
v -0.11509353364817798 8.339181281626225 0.0
v -14.270966298761778 3.3874275973066688 0.0
v 2.1742771957069635 5.61309714615345 0.0
v 4.843879158317577 7.447620380669832 0.0
v -12.980567998252809 7.278487659059465 0.0
v 8.101476269774139 -8.111835977993906 0.0
v -12.206769036594778 9.753921806812286 0.0
v -14.141663687245455 9.531479206867516 0.0
v -1.2316884425817989 -6.51788844820112 0.0
v 10.039746038091835 -9.815783997997642 0.0
v -5.049542865774129 1.9940032819285989 0.0
v 13.141623666044325 -9.4255260406062 0.0
v -7.355876626097597 -8.300101694650948 0.0
v -0.7425704378983937 -12.327560701407492 0.0
v -13.83446899894625 2.269316422753036 0.0
v -13.300402612891048 6.04142461810261 0.0
v 13.092405223869719 -5.430997379124165 0.0
v 3.8501777759520337 -14.572561499662697 0.0
v -1.9679164341650903 12.63245006557554 0.0
v -0.4516603869269602 -10.590913880616426 0.0
v 11.351835689099971 -4.625851170159876 0.0
v 8.996046684856992 -11.779553489759564 0.0
v -5.4637882561655715 12.487352763302624 0.0
v 13.843271700839978 -13.23837757203728 0.0
v -4.446809955523349 -12.545815031044185 0.0
v -1.7103426724206656 -5.55897106602788 0.0
v 4.971813302137889 -3.0464281858876348 0.0
v 6.219698058906943 1.0656133573502302 0.0
v 2.2569869944709353 3.3068230599164963 0.0
v 1.2530554847908206 7.361378840170801 0.0
v 0.21394652739400044 -12.834067727439106 0.0
v 11.275552950624842 -13.441383948549628 0.0
v 10.037574326852337 -8.835634442046285 0.0
v -0.018131358781829476 -7.653580665588379 0.0
v -4.567796229093801 -3.9194525880739093 0.0
v 13.46460910240421 -14.190428490750492 0.0
v 4.63996262580622 -5.08338619582355 0.0
v -11.253945925389417 3.586700485087931 0.0
v -1.3096886127023026 -6.44358563516289 0.0
v -7.8077133387560025 -0.1144855273887515 0.0
v 10.322692107525654 0.17720773350447416 0.0
v 13.835796312603634 7.998779680579901 0.0
v -1.22150471562054 -1.8762200437486172 0.0
v -3.0406316812732257 -13.66338228713721 0.0
v -4.537630343460478 -5.3503674156963825 0.0
v -0.7917150324792601 2.982813313603401 0.0
v -6.665180871437769 -1.8222948191687465 0.0
v -2.6873944122344255 0.7007672041654587 0.0
v -10.327483229222707 -9.601600417867303 0.0
v -11.78673545748461 5.503072580322623 0.0
v -12.805028850096278 -3.668000904843211 0.0
v -1.988737417559605 13.467639584094286 0.0
v -3.4650677777826786 1.7949610445648432 0.0
v -11.165036000136752 -4.304714530706406 0.0
v 6.779865811113268 0.5676797032356262 0.0
v 14.701947345165536 13.92652508430183 0.0
v -4.104486840951722 14.665808270685375 0.0
v -4.412026770936791 11.624660471454263 0.0
v -1.3578940494917333 13.568197603337467 0.0
v 9.897351578809321 14.741594314575195 0.0
v 8.18116467766231 8.82180869486183 0.0
v 8.569734096177854 -12.258481387980282 0.0
v -12.714754843211267 -2.568443961441517 0.0
v 9.797546062793117 -12.908276517875493 0.0
v -8.800801990320906 -3.195818074978888 0.0
v -5.77623050409602 -1.061663031578064 0.0
v 10.315654238045681 9.565628685988486 0.0
v -1.4167394700925797 -8.141050541773438 0.0
v -14.03967212419957 -11.62946489546448 0.0
v 6.0603354087797925 -5.443465053103864 0.0
v 5.728581503441092 -11.092070654965937 0.0
v 1.7538917168276384 5.609562398865819 0.0
v -5.72368344507413 -7.9370145397260785 0.0
v -8.74508366320515 5.092826707288623 0.0
v -8.14720851572929 -2.792152237147093 0.0
v -5.672887361957692 0.8601082479581237 0.0
v 14.85319317766698 -5.86948913987726 0.0
v -5.528932446730323 -2.617481527850032 0.0
v -1.09923938306747 13.868160454556346 0.0
v -0.031958827283233404 -12.637984417378902 0.0
v 14.922339616750833 11.616349894553423 0.0
v 0.3170911267516203 2.431735788471997 0.0
v 10.806331427884288 -11.138551055453718 0.0
v 14.864209145540372 2.766919754445553 0.0
v -8.500664880964905 9.693314099684358 0.0
v 1.7133107805275358 -10.309444437734783 0.0
v 11.469580617500469 -14.282997119240463 0.0
v 2.53986692201579 8.253972013480961 0.0
v -10.60519333591219 -0.19434415083378553 0.0
v 10.536408803076483 0.06570147257298231 0.0
v 11.265578592719976 4.1089295046404 0.0
v 8.066506537375972 14.165332643315196 0.0
v -13.185929538914934 9.617668991908431 0.0
v -6.057316471124068 11.170032350346446 0.0
v -7.694309442071244 0.2651046635583043 0.0
v 9.983231748745311 3.8822290571406484 0.0
v 5.079458200314548 -8.395957139320672 0.0
v 1.9015506432042457 -13.74637877009809 0.0
v 11.54641305905534 -1.8059049686416984 0.0
v 3.4515511645004153 11.223585239611566 0.0
v 13.216461123665795 4.478843920864165 0.0
v 4.629875294514932 5.585953216999769 0.0
v -3.8699688693741336 12.58069304190576 0.0
v -11.311806893034372 -0.3472180422395468 0.0
v 8.099774075322784 -8.96888335980475 0.0
v 10.068746039061807 -5.08998762909323 0.0
v -9.092726766772103 -9.959785472601652 0.0
v 1.1956281986786053 -12.094337187707424 0.0
v 0.45684835012070835 7.552029615268111 0.0
v 11.238552026217803 -0.918302015401423 0.0
v 12.758628242998384 4.382608182728291 0.0
v 0.8045288458815776 -0.7411984028294683 0.0
v 3.501225375919603 13.538067057728767 0.0
v 14.638975699432194 13.977142489515245 0.0
v -0.20220694423187524 10.503474743105471 0.0
v 13.070958134019747 -13.51276870816946 0.0
v 1.1118297937791795 -1.1832835311070085 0.0
v -11.85930210998049 -10.351730856113136 0.0
v -0.08771431655623019 7.274730794131756 0.0
v 2.9986064569093287 14.707056333310902 0.0
v -14.996271189651452 12.13404830172658 0.0
v 5.699598816514481 7.311049427837133 0.0
v 2.2986241999897175 6.4839025512337685 0.0
v -2.8514020338770933 5.709089466370642 0.0
v 14.368763536971528 12.92755049932748 0.0
v -6.829446415184066 1.6143722645938396 0.0
v 4.842542794591282 14.59418333787471 0.0
v 10.96706145699136 9.985563417896628 0.0
v 5.165982960781548 -14.691548503935337 0.0
v 14.546482451551128 -6.775750554166734 0.0
v 0.44355632876977324 -10.792915052734315 0.0
v 7.584756690543145 -3.0339295333251357 0.0
v 8.653633283975068 -4.158009885810316 0.0
v -2.0958346662227996 10.22683376725763 0.0
v 12.564753604819998 3.4727696888148785 0.0
v -8.68402392056305 -4.873909417539835 0.0
v 14.990558482008055 -4.457774388603866 0.0
v 2.4848701640730724 -5.0234474232420325 0.0
v -9.382252094161231 4.704755553044379 0.0
v -11.392818668216933 12.816254721954465 0.0
v 11.403428663033992 -10.494049520231783 0.0
v 10.87089255603496 13.404920037835836 0.0
v -10.336776903015561 8.10853369627148 0.0
v 9.725262906169519 3.6167114190757275 0.0
v -5.642397930263542 -11.363530152477324 0.0
v -0.1794506108853966 -13.865775004029274 0.0
v 7.916291156143416 -10.043988580815494 0.0
v -12.793191036616918 -2.4494442297145724 0.0
v 7.532283440523315 -11.720404990017414 0.0
v 13.775356112630107 -13.381127264350653 0.0
v 8.574504799791612 14.988066737540066 0.0
v -1.08984147378942 9.738772659562528 0.0
v 1.867514815472532 1.360378279350698 0.0
v -14.226045804505702 1.487098028883338 0.0
v -7.279438612458762 7.386504152789712 0.0
v 3.8014541639131494 -4.005099133588374 0.0
v 9.352042951097246 -13.415731206536293 0.0
v 1.86537531693466 -3.952117525972426 0.0
v 0.1507762644905597 2.374712231568992 0.0
v -14.718699016957544 9.784426817670465 0.0
v 1.6472287730430253 12.260377525351942 0.0
v -11.001490176015068 -0.37915522698313 0.0
v 10.32501949305879 -6.525986838154495 0.0
v 10.60973407275742 -13.722925416193902 0.0
v 11.289423054258805 2.6142706563696265 0.0
v 2.117755922721699 7.708980624563992 0.0
v 0.140713237633463 3.8465975364670157 0.0
v 7.898293634993024 7.136733731254935 0.0
v 7.89471502188826 4.965516046620905 0.0
v 5.258065503148828 -8.254423739388585 0.0
v 6.858998641080689 -6.547554288990796 0.0
v -12.672659440722782 5.553734318353236 0.0
v 0.40532060514669865 -6.7621457409113646 0.0
v -14.147400583315175 -10.046030698344111 0.0
v -4.492478415253572 -7.471911538392305 0.0
v 3.135258025256917 8.951174629852176 0.0
v -7.581082850578241 -7.758355658501387 0.0
v 0.33967211190611124 -12.23267976846546 0.0
v -14.708375833404716 13.493873838335276 0.0
v -6.2609226750792 8.657393634319305 0.0
f 263 1361 996
f 1242 1168 1941
f 1901 1226 1957
f 263 1351 1361
f 168 964 1957
f 1999 214 1691
f 1777 214 1999
f 214 263 1691
f 1361 980 996
f 446 980 1361
f 393 1934 1876
f 1934 393 1816
f 1351 808 612
f 808 1351 263
f 214 808 263
f 1897 168 1957
f 964 1472 592
f 1506 964 168
f 262 791 1676
f 1155 810 1877
f 1155 1690 716
f 1690 1155 1068
f 1946 577 1768
f 714 868 1024
f 1980 816 1540
f 845 1980 1540
f 1670 669 736
f 889 1582 1949
f 437 1226 1901
f 1799 1168 1242
f 775 1777 1999
f 775 1999 1941
f 1028 775 1941
f 623 1028 1941
f 1063 860 1957
f 860 1063 382
f 210 964 592
f 1320 330 1623
f 621 1214 903
f 1104 1472 964
f 370 1104 455
f 1104 1506 455
f 1506 1104 964
f 606 1472 1228
f 1819 370 455
f 323 1997 1833
f 3 323 1833
f 1415 653 293
f 1415 1715 653
f 221 1415 293
f 1390 791 262
f 83 1390 655
f 1390 83 791
f 318 1155 1877
f 1155 318 1068
f 810 1197 1877
f 1157 32 983
f 552 1155 716
f 1155 552 996
f 680 798 1168
f 798 843 1702
f 1997 1245 1833
f 199 10 107
f 950 363 1768
f 577 367 1768
f 367 950 1768
f 563 363 950
f 816 119 1540
f 119 331 1540
f 119 1075 274
f 1026 119 274
f 845 1473 5
f 1473 845 1540
f 980 768 996
f 768 980 446
f 477 1478 811
f 1083 692 56
f 1257 477 884
f 1257 1478 477
f 1074 981 1706
f 1226 1205 1957
f 1205 649 1957
f 971 578 433
f 1143 1672 1107
f 1506 1672 455
f 1926 1634 1734
f 190 272 1072
f 306 1934 1816
f 1934 306 1876
f 352 864 1901
f 643 833 1745
f 486 643 1745
f 1590 486 1664
f 1471 1590 1664
f 1590 1471 707
f 975 486 1745
f 833 451 1242
f 1799 1134 1054
f 816 266 1941
f 266 623 1941
f 266 816 1056
f 808 162 612
f 775 162 1777
f 162 775 1028
f 162 214 1777
f 162 808 214
f 1960 546 612
f 1351 1215 1361
f 1215 546 1361
f 1215 1351 612
f 546 1215 612
f 816 1417 1056
f 1417 816 1980
f 1417 920 1056
f 920 1417 1827
f 158 1897 1957
f 860 158 1957
f 1449 158 368
f 1788 1107 168
f 208 1788 168
f 1788 1143 1107
f 1788 208 1143
f 1950 208 168
f 1143 796 1623
f 1384 570 569
f 570 1384 382
f 1063 570 382
f 1442 570 1063
f 984 1442 1063
f 649 984 1957
f 984 1063 1957
f 993 1384 569
f 210 1546 1319
f 964 1328 880
f 210 1328 964
f 1328 210 1319
f 1214 759 903
f 759 606 1228
f 606 759 1214
f 401 1320 1033
f 401 330 1320
f 621 1961 1903
f 428 1961 903
f 1961 621 903
f 1472 425 1228
f 1104 425 1472
f 425 698 1228
f 698 1803 947
f 1803 698 370
f 1819 1803 370
f 1803 1609 947
f 1609 1803 1819
f 698 1264 1228
f 1264 759 1228
f 1401 3 1833
f 3 1401 295
f 336 868 714
f 1868 336 714
f 1839 1374 1430
f 1374 1839 32
f 1796 1628 175
f 318 705 1010
f 1194 705 1197
f 705 318 1877
f 1197 705 1877
f 54 1197 810
f 36 54 996
f 1194 54 36
f 54 1194 1197
f 54 1155 996
f 54 810 1155
f 495 1690 1068
f 1872 495 1068
f 1872 854 1151
f 854 1872 1430
f 854 1374 1151
f 1374 854 1430
f 876 1562 463
f 590 1157 540
f 1684 861 1880
f 1971 1684 393
f 744 922 1962
f 802 861 1509
f 1324 895 1794
f 458 22 936
f 895 458 1765
f 458 1325 1765
f 152 1325 458
f 152 458 936
f 1231 798 1702
f 798 1231 1168
f 1168 1231 1941
f 1231 816 1941
f 1231 119 816
f 1075 1231 1207
f 119 1231 1075
f 1968 1359 843
f 843 1359 1702
f 1359 1231 1702
f 1231 1359 560
f 1248 680 1168
f 1248 236 680
f 236 1248 839
f 1786 1273 542
f 749 1968 843
f 798 924 843
f 924 749 843
f 749 924 1124
f 1583 1245 1997
f 784 1618 936
f 426 1486 1331
f 1894 199 107
f 199 1894 1376
f 1943 1823 1731
f 1365 1470 571
f 1700 1683 1299
f 1683 1886 1299
f 1886 1683 399
f 868 1683 1024
f 399 1115 1164
f 834 363 1896
f 1445 231 1574
f 492 1618 784
f 1075 1822 274
f 1719 1473 1540
f 1473 1719 1110
f 1730 746 1515
f 746 119 1026
f 331 304 1540
f 304 1719 1540
f 768 1528 996
f 1528 1046 259
f 1989 305 954
f 40 1989 575
f 1989 40 305
f 826 1345 1129
f 1620 447 1345
f 1345 447 1129
f 447 1620 575
f 1769 102 952
f 1502 1308 887
f 812 1670 736
f 812 102 1670
f 477 510 884
f 1353 1045 1475
f 1353 1532 811
f 1532 1353 1475
f 1478 34 811
f 34 1353 811
f 1074 1262 1810
f 510 1930 884
f 1746 692 1083
f 1746 1930 692
f 1746 1257 884
f 1930 1746 884
f 981 441 1706
f 1012 441 685
f 316 1083 56
f 933 1568 297
f 1881 1630 794
f 253 1680 1538
f 1680 253 857
f 490 285 1159
f 1672 946 1107
f 946 1672 1506
f 1107 946 168
f 946 1506 168
f 1648 1313 1919
f 334 669 1670
f 799 334 1670
f 1421 799 1953
f 1421 334 799
f 1838 889 1949
f 1907 1984 224
f 341 621 1903
f 809 190 1072
f 1544 751 1901
f 751 1544 1747
f 532 1862 583
f 101 1127 532
f 1127 101 271
f 767 352 1876
f 306 767 1876
f 1350 555 530
f 555 864 530
f 864 555 1901
f 555 1544 1901
f 1544 555 1747
f 864 1945 530
f 393 721 1816
f 406 643 486
f 1590 406 486
f 643 406 833
f 406 451 833
f 406 1590 707
f 451 406 707
f 1329 1596 1471
f 626 1471 1664
f 486 626 1664
f 975 626 486
f 653 460 293
f 1471 873 707
f 1596 873 1471
f 873 1596 1889
f 1134 873 1889
f 623 801 1028
f 801 162 1028
f 546 1383 1809
f 1960 1383 546
f 1383 1141 1809
f 920 1591 1056
f 417 920 1827
f 1473 1825 5
f 1825 1473 1110
f 158 353 368
f 353 158 860
f 353 382 368
f 353 860 382
f 158 1253 1897
f 1897 1253 168
f 1253 1950 168
f 208 319 1143
f 319 796 1143
f 1950 319 208
f 1498 1320 1623
f 796 1498 1623
f 570 1487 569
f 1487 570 1442
f 664 1487 1442
f 1487 664 781
f 1313 1487 781
f 1648 724 569
f 724 993 569
f 1546 88 1467
f 88 606 1467
f 606 88 1472
f 1472 501 592
f 501 210 592
f 501 1546 210
f 88 501 1472
f 501 88 1546
f 1720 425 1104
f 425 1720 698
f 1720 1104 370
f 698 1720 370
f 1832 698 947
f 1832 1264 698
f 330 1832 947
f 401 1220 330
f 1220 1832 330
f 1832 1220 1264
f 1220 401 428
f 1220 428 903
f 759 1220 903
f 1264 1220 759
f 763 1838 1949
f 1838 763 1263
f 323 1600 1997
f 1600 69 1997
f 1401 650 1189
f 1251 650 1245
f 1245 650 1833
f 650 1401 1833
f 295 831 1176
f 598 656 1389
f 1415 137 1715
f 221 137 1415
f 526 998 1814
f 998 1932 1937
f 877 83 655
f 1873 1868 1676
f 1873 336 1868
f 675 1873 842
f 1717 1932 1154
f 595 1121 617
f 1658 361 1185
f 361 1658 1595
f 856 1421 1953
f 1051 318 1010
f 318 1051 1068
f 32 900 983
f 620 900 32
f 900 620 1036
f 1954 620 1628
f 620 1954 1036
f 1954 790 1036
f 1839 407 32
f 407 620 32
f 407 1839 175
f 1628 407 175
f 620 407 1628
f 1333 508 1352
f 198 705 189
f 705 198 1010
f 487 1194 1393
f 487 705 1194
f 705 487 189
f 1419 495 1872
f 1935 1254 49
f 1254 389 49
f 389 1254 876
f 253 1996 857
f 1097 1365 571
f 876 1043 1562
f 1808 1894 107
f 1894 1808 1376
f 1095 1653 1831
f 1653 834 1831
f 1157 1387 32
f 590 1387 1157
f 1462 1387 716
f 1933 1213 1040
f 242 1429 683
f 1076 1981 1157
f 1076 1157 983
f 790 1972 1036
f 467 124 463
f 124 876 463
f 124 389 876
f 287 1630 1298
f 1630 287 794
f 1615 155 1298
f 1298 1236 1144
f 1684 659 861
f 659 1971 1518
f 659 1684 1971
f 861 1088 1880
f 802 1088 861
f 1088 922 1880
f 922 1088 1962
f 1088 802 1962
f 1981 636 683
f 141 895 1324
f 458 640 22
f 640 458 895
f 141 640 895
f 640 1190 22
f 1190 640 1874
f 640 141 1874
f 1249 312 1579
f 1190 1249 22
f 1885 298 479
f 298 1885 986
f 1885 784 936
f 986 1885 936
f 22 1200 936
f 1200 986 936
f 152 830 1325
f 830 1234 1968
f 1234 830 152
f 1234 1525 1574
f 1234 152 1525
f 1359 827 560
f 231 827 1574
f 827 1234 1574
f 827 1359 1968
f 1234 827 1968
f 1460 236 839
f 1619 1248 1168
f 1786 1619 1273
f 1248 1619 839
f 1619 1786 839
f 141 1241 1874
f 1241 141 1324
f 1241 232 1874
f 232 1241 109
f 1124 294 1794
f 294 1124 278
f 1871 1124 1794
f 1871 749 1124
f 1871 895 1765
f 895 1871 1794
f 1677 798 680
f 1677 924 798
f 1677 680 278
f 1124 1677 278
f 924 1677 1124
f 1799 977 1168
f 977 1687 1168
f 1486 1004 312
f 312 1493 1579
f 1493 1537 1579
f 1004 1493 312
f 69 1139 1997
f 1139 1583 1997
f 475 1251 1245
f 717 475 1869
f 475 717 1251
f 426 869 457
f 311 869 426
f 12 1629 542
f 1629 311 542
f 1629 869 311
f 869 1629 457
f 1647 1486 426
f 1647 426 457
f 380 1647 457
f 1762 1553 1774
f 538 688 129
f 688 538 1439
f 1956 1553 479
f 797 1956 956
f 298 1956 479
f 1956 1493 956
f 1493 1956 1537
f 578 1542 433
f 1542 1581 433
f 1542 578 90
f 1943 1542 90
f 1542 1943 1731
f 285 1542 1731
f 1542 285 1581
f 1470 148 571
f 1823 148 1470
f 1495 1823 1470
f 1823 1495 1731
f 1495 1252 1159
f 1252 1495 1470
f 675 1039 376
f 83 1281 791
f 170 728 205
f 1039 728 376
f 728 1039 205
f 897 170 205
f 1946 662 577
f 121 662 1237
f 585 1808 107
f 1808 585 1188
f 80 939 675
f 939 80 607
f 1095 939 607
f 892 27 1299
f 27 1700 1299
f 27 601 1700
f 73 27 892
f 563 9 363
f 1115 9 1164
f 363 9 1896
f 9 1115 1896
f 932 563 950
f 932 443 563
f 1886 1423 1299
f 1713 1886 399
f 443 1713 563
f 1713 9 563
f 1721 1115 399
f 1721 697 1896
f 1115 1721 1896
f 834 93 363
f 93 1946 1768
f 363 93 1768
f 93 662 1946
f 662 93 1237
f 93 1653 1237
f 1653 93 834
f 697 962 1896
f 962 834 1896
f 834 962 1831
f 1330 1831 556
f 1330 1095 1831
f 939 1330 556
f 1330 939 1095
f 937 1011 867
f 1011 492 867
f 492 1011 1618
f 815 1075 1207
f 1858 1292 756
f 10 1187 107
f 1146 1187 10
f 1187 603 107
f 33 589 1292
f 589 1548 756
f 1292 589 756
f 589 1822 1548
f 1992 1292 1870
f 1992 33 1292
f 1259 746 1026
f 282 746 1730
f 304 282 1730
f 282 304 331
f 119 282 331
f 746 282 119
f 18 1642 1446
f 958 143 1914
f 958 18 1077
f 96 209 1812
f 209 1128 1550
f 1476 1128 1055
f 1019 546 1809
f 1128 1707 1550
f 1476 1707 1128
f 846 768 446
f 499 1128 1101
f 1128 499 1055
f 1046 163 259
f 123 508 189
f 645 213 1914
f 645 123 213
f 965 36 996
f 1528 965 996
f 668 1528 259
f 251 1410 742
f 1410 251 149
f 1333 564 1923
f 564 147 786
f 147 1333 1352
f 147 564 1333
f 564 1239 1796
f 1239 564 786
f 1239 1628 1796
f 1239 1954 1628
f 1018 1697 1566
f 1014 958 1077
f 958 1014 143
f 40 1246 1440
f 1246 40 392
f 1044 40 1440
f 40 1044 305
f 826 934 1345
f 1284 826 1129
f 1922 490 1159
f 1252 1922 1159
f 1308 1212 887
f 468 1517 1810
f 1620 1575 575
f 1575 40 575
f 468 1575 1517
f 40 1575 392
f 1575 468 392
f 1650 447 575
f 447 1650 71
f 1989 1650 575
f 1650 1989 71
f 1348 1167 863
f 1167 1348 952
f 431 526 1814
f 1685 431 1814
f 699 14 863
f 1045 1622 1475
f 1622 1045 741
f 509 1502 887
f 644 431 1685
f 614 644 314
f 267 812 736
f 267 510 477
f 356 477 811
f 102 356 811
f 812 356 102
f 1070 1919 56
f 692 1070 56
f 1930 1070 692
f 1070 1930 510
f 1070 584 1919
f 584 1070 510
f 1532 1209 811
f 1209 102 811
f 1209 1532 1167
f 313 1532 1475
f 1532 313 1167
f 991 34 1478
f 207 981 1074
f 1297 207 1074
f 207 441 981
f 923 207 1861
f 207 923 685
f 441 207 685
f 207 991 1861
f 1910 923 1861
f 923 1910 1257
f 1257 1910 1478
f 991 1910 1861
f 1910 991 1478
f 911 923 1257
f 1746 911 1257
f 911 1746 1083
f 1012 916 1705
f 916 1012 685
f 1427 928 1083
f 928 911 1083
f 923 928 685
f 911 928 923
f 316 1637 1083
f 1637 1427 1083
f 1032 345 870
f 1032 870 649
f 1205 1032 649
f 1665 1296 345
f 345 1192 870
f 549 1192 664
f 870 1192 649
f 1192 549 649
f 787 779 1174
f 614 779 787
f 1174 779 1849
f 779 614 1849
f 1003 1119 690
f 1119 1044 1440
f 1044 1119 1003
f 171 74 180
f 142 476 112
f 142 74 476
f 1127 1726 532
f 1617 1739 1538
f 1680 1617 1538
f 179 1617 1680
f 1617 179 1739
f 179 907 1739
f 907 179 567
f 907 1298 1144
f 907 287 1298
f 835 215 1942
f 215 1321 1199
f 215 596 1321
f 835 113 490
f 536 113 835
f 1332 1143 1623
f 1332 528 1143
f 330 1332 1623
f 1332 330 947
f 1609 1332 947
f 528 1332 1609
f 134 528 1609
f 1672 134 455
f 134 1672 1143
f 528 134 1143
f 134 1819 455
f 134 1609 1819
f 1102 1926 1734
f 1102 1421 1926
f 1421 1102 334
f 1838 328 889
f 1170 328 1764
f 606 1669 1467
f 1772 230 472
f 480 341 1903
f 341 480 609
f 1507 341 609
f 621 1507 1214
f 341 1507 621
f 568 1050 1984
f 1907 568 1984
f 568 1772 472
f 1772 568 1907
f 230 730 472
f 730 1507 609
f 1926 1377 1634
f 1421 1377 1926
f 1053 401 1033
f 401 1053 428
f 97 809 1072
f 809 97 1705
f 809 681 190
f 740 1955 795
f 97 1955 1705
f 272 1921 1072
f 1931 1921 297
f 62 190 1226
f 190 62 272
f 1784 437 583
f 1862 1784 583
f 419 1649 437
f 1649 419 1483
f 437 1649 1226
f 1649 1483 1226
f 1230 1921 272
f 1230 933 297
f 1921 1230 297
f 1021 1862 532
f 1568 16 476
f 16 79 476
f 16 1568 933
f 1753 1204 271
f 1204 751 1747
f 1204 1753 751
f 770 914 1747
f 555 770 1747
f 770 555 1350
f 914 770 1265
f 1131 1127 271
f 77 1753 271
f 101 77 271
f 1753 77 751
f 751 77 1901
f 1945 1344 306
f 767 1344 352
f 1344 767 306
f 1344 864 352
f 1344 1945 864
f 1255 721 393
f 1255 922 744
f 922 1255 1880
f 1255 1684 1880
f 1684 1255 393
f 453 306 1816
f 453 1945 306
f 1656 744 1962
f 802 1584 1962
f 1584 1656 1962
f 1632 762 1265
f 366 1632 1265
f 941 1329 1471
f 626 941 1471
f 941 626 91
f 1750 941 91
f 1347 1023 1397
f 1556 460 653
f 1715 1556 653
f 1744 975 1745
f 1337 873 1134
f 451 1337 1242
f 1337 451 707
f 873 1337 707
f 1337 1799 1242
f 1337 1134 1799
f 844 1383 1960
f 844 450 576
f 450 844 1960
f 1235 266 1056
f 1591 1235 1056
f 266 1235 623
f 417 788 920
f 935 1960 612
f 935 450 1960
f 1709 1417 1913
f 665 966 1002
f 59 845 5
f 845 59 1980
f 59 547 1980
f 1417 1828 1913
f 1828 966 1913
f 966 1828 547
f 1828 1417 1980
f 547 1828 1980
f 1789 120 1674
f 120 1789 1825
f 265 1825 1110
f 418 319 1950
f 382 1837 368
f 1294 418 1449
f 1294 1449 368
f 1837 1294 368
f 504 1313 1648
f 504 1487 1313
f 504 1648 569
f 1487 504 569
f 1179 984 649
f 549 1179 649
f 379 1582 224
f 1984 1613 224
f 1884 1613 1984
f 1050 1342 1984
f 1342 1884 1984
f 763 258 359
f 258 491 359
f 491 258 462
f 87 1401 1189
f 1401 87 295
f 87 831 295
f 137 1013 1715
f 1173 70 1715
f 70 1556 1715
f 1556 70 1397
f 598 769 656
f 769 221 293
f 769 137 221
f 137 769 598
f 593 137 598
f 593 541 126
f 1582 1399 293
f 889 1399 1582
f 1399 769 293
f 769 1399 656
f 998 45 1932
f 45 877 655
f 45 998 526
f 1154 45 655
f 1932 45 1154
f 1751 135 1937
f 135 998 1937
f 998 135 1814
f 1280 1751 1937
f 1932 1280 1937
f 1717 1280 1932
f 75 1636 1751
f 1636 1567 1751
f 1567 135 1751
f 1567 1636 1108
f 674 1121 595
f 1918 713 889
f 1918 1170 1185
f 328 1918 889
f 1918 328 1170
f 1479 102 348
f 102 1479 1670
f 1479 799 1670
f 799 1479 1953
f 102 337 348
f 337 102 1769
f 856 1152 449
f 633 1468 1958
f 1749 1468 633
f 1121 703 617
f 1414 581 847
f 1450 1839 1430
f 1872 1450 1430
f 1839 1450 175
f 1450 1051 175
f 1450 1872 1068
f 1051 1450 1068
f 550 1051 1010
f 198 550 1010
f 550 198 1923
f 550 564 1796
f 564 550 1923
f 550 1796 175
f 1051 550 175
f 900 848 983
f 848 900 1036
f 508 982 189
f 982 198 189
f 198 982 1923
f 982 1333 1923
f 1333 982 508
f 668 347 1393
f 347 668 259
f 1690 216 716
f 216 1462 716
f 1462 216 1899
f 1879 1872 1151
f 1879 1419 1872
f 1879 216 1419
f 216 1879 1899
f 1374 1879 1151
f 495 738 1690
f 1419 738 495
f 738 216 1690
f 216 738 1419
f 1996 777 857
f 777 971 857
f 971 777 578
f 578 777 90
f 777 411 90
f 411 777 1908
f 836 1322 1562
f 777 1322 1908
f 1322 777 1996
f 1322 411 1908
f 1322 836 411
f 1587 1996 253
f 1587 1322 1996
f 1503 1120 452
f 728 1373 376
f 1412 1503 1625
f 1373 1412 1375
f 1625 1339 558
f 1339 658 558
f 658 821 558
f 821 658 1018
f 1697 125 1233
f 125 1697 1018
f 1954 125 790
f 1497 1821 1666
f 1254 1807 876
f 1807 1043 876
f 1807 1254 1666
f 1821 1807 1666
f 1807 1821 1043
f 251 572 149
f 1387 557 32
f 557 1387 1462
f 557 1374 32
f 557 1879 1374
f 557 1462 1899
f 1879 557 1899
f 1387 76 716
f 76 1387 590
f 76 552 716
f 552 76 540
f 76 590 540
f 440 552 540
f 1494 440 540
f 260 1429 424
f 260 440 1494
f 260 424 552
f 440 260 552
f 1429 1940 424
f 780 1429 242
f 780 1933 1040
f 1933 780 242
f 1940 780 1040
f 780 1940 1429
f 1433 1972 790
f 1972 1433 1453
f 465 1254 1935
f 1972 465 1935
f 465 1972 1453
f 1254 465 1666
f 465 1453 1666
f 375 124 467
f 124 733 389
f 733 375 1169
f 375 733 124
f 1981 733 1169
f 1076 733 1981
f 733 1076 983
f 848 733 983
f 1615 19 155
f 1881 1198 1630
f 1630 1198 1298
f 1198 1615 1298
f 813 841 838
f 861 1027 1509
f 813 1027 861
f 1027 813 838
f 1443 1505 140
f 1443 515 1244
f 515 1443 1218
f 1805 1443 1244
f 766 1443 1805
f 1443 766 1538
f 1505 1443 1538
f 1236 1404 1144
f 1404 140 1144
f 1404 1443 140
f 1443 1404 1218
f 351 802 1509
f 1533 1103 1457
f 1533 774 1103
f 1584 1533 1457
f 1533 1584 802
f 351 1533 802
f 1315 253 1538
f 766 1315 1538
f 1541 1981 1169
f 1541 636 1981
f 1249 1060 312
f 1060 232 1331
f 232 1060 1874
f 1060 1190 1874
f 1060 1249 1190
f 1585 1249 1579
f 1585 298 986
f 1249 978 22
f 978 1200 22
f 680 995 278
f 236 995 680
f 1619 704 1273
f 1273 704 542
f 704 12 542
f 704 1619 1168
f 514 1786 542
f 1268 1241 1324
f 1241 1268 109
f 1268 294 109
f 1268 1324 1794
f 294 1268 1794
f 1795 294 278
f 514 1795 1786
f 1786 1795 839
f 1795 1460 839
f 1883 830 1968
f 749 1883 1968
f 1871 1883 749
f 1883 1871 1765
f 1325 1883 1765
f 830 1883 1325
f 1147 1551 165
f 789 41 165
f 1551 789 165
f 977 789 1687
f 789 1551 1687
f 1493 196 956
f 196 1493 1004
f 956 196 851
f 196 1004 851
f 1583 395 1245
f 776 395 1583
f 1004 222 851
f 222 1004 1486
f 275 69 1439
f 275 1139 69
f 275 797 956
f 1139 275 1583
f 478 475 1245
f 6 478 1245
f 478 6 1660
f 500 1023 1347
f 145 87 1189
f 87 493 831
f 145 493 87
f 1455 717 1869
f 717 1455 1251
f 1815 1750 1385
f 673 1629 12
f 673 1147 165
f 1147 673 12
f 41 673 165
f 492 533 867
f 533 103 867
f 505 1762 1774
f 505 957 129
f 505 688 1710
f 688 505 129
f 1762 893 1770
f 893 1431 1408
f 893 505 1431
f 505 893 1762
f 103 1704 1770
f 1704 1762 1770
f 1762 1704 1553
f 1071 538 129
f 445 1071 129
f 538 1071 1439
f 1071 275 1439
f 275 1071 797
f 957 1512 129
f 1512 445 129
f 1956 21 1553
f 21 1956 797
f 1512 21 445
f 1071 21 797
f 21 1071 445
f 1553 21 1774
f 21 1512 1774
f 1956 586 1537
f 586 1956 298
f 1585 586 298
f 120 37 1674
f 37 120 940
f 484 37 940
f 1480 199 1376
f 432 1480 1376
f 1480 432 464
f 1808 432 1376
f 1738 432 1808
f 1892 1823 1943
f 1892 148 1823
f 148 1892 571
f 503 1495 1159
f 1495 503 1731
f 285 503 1159
f 503 285 1731
f 244 675 842
f 244 1039 675
f 1661 1174 1849
f 1365 1661 1849
f 1580 205 1165
f 1580 897 205
f 603 1094 107
f 1094 585 107
f 1367 675 376
f 27 1898 601
f 1431 1898 1408
f 1898 73 1408
f 1898 27 73
f 597 937 867
f 932 597 867
f 485 892 1299
f 1423 485 1299
f 485 73 892
f 938 399 1164
f 938 1713 399
f 9 938 1164
f 1713 938 9
f 637 1683 1700
f 637 654 1683
f 1683 1293 1024
f 654 1293 1683
f 1627 1721 399
f 1721 1627 697
f 1627 1287 697
f 1287 1627 868
f 1627 1683 868
f 1683 1627 399
f 1037 1011 937
f 597 1037 937
f 1037 1113 974
f 1618 1037 974
f 1011 1037 1618
f 1341 1048 367
f 1682 815 1207
f 772 1231 560
f 1822 989 1548
f 989 1009 1548
f 1009 804 1548
f 1858 1178 1292
f 1959 1146 10
f 1959 1569 1146
f 199 1959 10
f 1959 420 1569
f 1480 420 199
f 420 1959 199
f 420 1646 1569
f 1763 1992 1870
f 1992 1763 484
f 1763 37 484
f 1369 1026 274
f 1369 1259 1026
f 1259 1369 33
f 1822 1369 274
f 589 1369 1822
f 1369 589 33
f 746 296 1515
f 1259 296 746
f 296 1992 1515
f 1992 296 33
f 296 1259 33
f 958 1250 18
f 1250 1642 18
f 1250 96 1812
f 1642 1250 1812
f 1128 1798 1101
f 209 1798 1128
f 1798 209 96
f 362 209 1550
f 362 1550 252
f 156 362 252
f 209 362 1812
f 362 156 1446
f 362 1642 1812
f 1642 362 1446
f 748 1476 166
f 1707 748 1327
f 748 1707 1476
f 1019 944 546
f 944 1019 990
f 546 944 1361
f 944 446 1361
f 944 846 446
f 846 944 990
f 1141 185 1809
f 185 1019 1809
f 1019 185 990
f 888 990 1327
f 888 846 990
f 748 888 1327
f 846 888 166
f 888 748 166
f 544 499 1101
f 499 544 1046
f 544 163 1046
f 1798 544 1101
f 544 1798 96
f 499 1015 1055
f 1015 1476 1055
f 1476 1015 166
f 213 800 1914
f 143 670 1914
f 670 645 1914
f 670 143 1566
f 645 516 123
f 1243 668 1393
f 1194 1243 1393
f 1243 965 1528
f 668 1243 1528
f 1243 1194 36
f 965 1243 36
f 1410 1975 742
f 1975 1410 1153
f 237 1018 1566
f 237 821 1018
f 821 237 1158
f 125 1635 1233
f 1635 125 1954
f 1603 1239 786
f 1697 1603 786
f 1603 1697 1233
f 1635 1603 1233
f 1239 1603 1954
f 1603 1635 1954
f 1111 1014 1077
f 18 1111 1077
f 1111 18 1446
f 2000 1410 149
f 1246 288 1440
f 1502 548 1308
f 934 548 1345
f 1543 1922 1252
f 934 1543 783
f 1543 934 826
f 642 1252 1470
f 468 1451 392
f 1451 468 1810
f 1451 1246 392
f 1612 1769 952
f 1348 1612 952
f 1612 234 1769
f 234 1612 1348
f 1420 256 264
f 898 256 1432
f 234 150 1034
f 150 234 1348
f 699 1875 1733
f 961 699 1733
f 699 961 14
f 1622 945 1475
f 1779 509 887
f 1673 644 1712
f 644 1673 431
f 431 1673 526
f 1673 45 526
f 45 1673 877
f 787 1673 1712
f 644 1973 1712
f 1973 644 614
f 1973 787 1712
f 1973 614 787
f 356 1258 477
f 1258 356 812
f 1258 267 477
f 267 1258 812
f 267 1314 510
f 1314 584 510
f 1314 267 736
f 669 1314 736
f 724 1314 669
f 1314 724 1648
f 1314 1648 1919
f 584 1314 1919
f 102 1163 952
f 1209 1163 102
f 1163 1167 952
f 1163 1209 1167
f 1875 1607 537
f 1607 1875 699
f 313 1607 1167
f 1167 1607 863
f 1607 699 863
f 991 901 34
f 1045 901 741
f 916 1100 1705
f 1100 809 1705
f 184 1100 678
f 1919 1125 56
f 1125 316 56
f 1125 1665 316
f 1125 1296 1665
f 1125 1313 781
f 1313 1125 1919
f 219 928 1427
f 1100 219 1427
f 219 1100 916
f 219 916 685
f 928 219 685
f 1665 1149 316
f 1149 1637 316
f 1637 1149 678
f 1296 1368 345
f 1368 1192 345
f 1192 1368 664
f 664 1368 781
f 1368 1125 781
f 1125 1368 1296
f 30 1732 706
f 122 171 180
f 171 122 1881
f 1563 1003 29
f 1563 1044 1003
f 1044 1563 305
f 1563 1020 305
f 1988 321 1881
f 321 171 1881
f 321 1988 954
f 305 321 954
f 1020 321 305
f 1948 1589 732
f 676 1948 732
f 1103 1411 732
f 1411 676 732
f 1411 1132 676
f 531 142 112
f 531 1726 1589
f 1091 179 1680
f 1824 1091 971
f 383 907 1144
f 907 383 1739
f 1739 383 1538
f 383 1505 1538
f 53 907 567
f 907 53 287
f 287 53 794
f 53 695 794
f 1693 1881 794
f 695 1693 794
f 1693 1988 1881
f 1321 1693 1199
f 1988 1693 1321
f 179 639 567
f 639 53 567
f 53 639 695
f 447 301 1129
f 301 202 1129
f 301 447 71
f 1748 1989 954
f 1989 1748 71
f 1748 301 71
f 301 1748 202
f 215 47 596
f 47 835 490
f 47 215 835
f 1633 285 490
f 113 1633 490
f 285 1633 1581
f 1633 113 536
f 1785 536 835
f 1824 1785 835
f 1109 724 669
f 724 1109 993
f 334 1109 669
f 1651 1658 1185
f 1170 1651 1185
f 1658 1651 359
f 1764 1723 1263
f 328 1723 1764
f 1723 1838 1263
f 1723 328 1838
f 1669 618 1467
f 618 1844 1319
f 618 1546 1467
f 1546 618 1319
f 618 1760 1844
f 1760 618 1669
f 1760 1936 283
f 1936 1760 1669
f 1328 832 880
f 1772 899 230
f 619 1669 606
f 619 1507 1669
f 619 606 1214
f 1507 619 1214
f 1852 568 472
f 568 1852 1050
f 730 1531 472
f 1531 1852 472
f 1852 1531 1050
f 1531 1342 1050
f 1531 730 609
f 1342 1531 609
f 1498 1736 1624
f 1180 1053 1033
f 1320 1180 1033
f 1498 1180 1320
f 1180 1498 1624
f 1312 246 1080
f 1983 1377 1080
f 246 1983 1080
f 1983 246 1559
f 702 1377 1421
f 702 856 449
f 856 702 1421
f 354 1686 1256
f 42 1961 428
f 1053 42 428
f 1323 42 1053
f 1830 42 1112
f 42 1323 1112
f 1302 1830 1112
f 1205 1557 706
f 1223 1557 1205
f 310 184 1223
f 310 681 809
f 1100 310 809
f 310 1100 184
f 190 840 1226
f 681 840 190
f 1064 1074 1706
f 1136 904 740
f 904 1955 740
f 1955 1594 795
f 1594 1955 97
f 1594 97 1072
f 1921 1594 1072
f 1594 1931 795
f 1594 1921 1931
f 743 1003 690
f 565 1136 740
f 1911 740 795
f 206 1862 1086
f 206 1784 1862
f 419 1521 1483
f 1230 1521 419
f 62 1521 272
f 1521 1230 272
f 1230 1802 933
f 1802 1230 419
f 1802 16 933
f 1049 79 1086
f 1862 1049 1086
f 1021 1049 1862
f 350 1021 112
f 476 350 112
f 79 350 476
f 1049 350 79
f 350 1049 1021
f 1726 1229 532
f 1229 1021 532
f 531 1229 1726
f 1021 1229 112
f 1229 531 112
f 1204 764 271
f 764 1131 271
f 914 764 1747
f 764 1204 1747
f 1131 386 1127
f 386 1726 1127
f 1589 386 732
f 1726 386 1589
f 1356 77 101
f 437 1356 583
f 1356 437 1901
f 77 1356 1901
f 721 677 1816
f 677 453 1816
f 332 1350 530
f 1945 332 530
f 453 332 1945
f 1584 1148 1656
f 1148 1584 1457
f 1632 1148 1457
f 1148 366 94
f 1148 1632 366
f 1659 1059 94
f 1059 1148 94
f 1148 1059 1656
f 1255 551 721
f 551 1659 721
f 551 1059 1659
f 551 1255 744
f 366 948 94
f 948 1659 94
f 677 948 366
f 1659 948 721
f 948 677 721
f 1632 66 762
f 66 111 762
f 1103 66 1457
f 66 1632 1457
f 66 1103 732
f 111 66 732
f 1750 909 1385
f 1484 1750 1260
f 1596 1484 1260
f 1329 1484 1596
f 941 1484 1329
f 1484 941 1750
f 1938 807 1604
f 1938 1016 807
f 460 13 293
f 1556 1295 460
f 1295 1556 1397
f 1023 1295 1397
f 1744 507 975
f 626 507 91
f 507 626 975
f 819 1750 91
f 320 1434 162
f 1550 1571 252
f 1405 852 1126
f 439 852 1827
f 116 788 576
f 788 116 920
f 788 1370 576
f 248 788 417
f 248 1266 247
f 248 1370 788
f 235 935 612
f 162 235 612
f 1434 235 162
f 235 1434 450
f 935 235 450
f 1417 1679 1827
f 1709 1679 1417
f 966 11 1913
f 11 966 665
f 11 1709 1913
f 1709 11 665
f 1452 1709 665
f 439 1452 665
f 1452 1679 1709
f 1452 439 1827
f 1679 1452 1827
f 1238 966 547
f 59 1238 547
f 1238 59 5
f 966 1238 1002
f 580 665 1002
f 580 439 665
f 1193 265 1110
f 1719 1193 1110
f 304 1193 1719
f 1193 304 1730
f 265 1193 1730
f 1836 1730 1515
f 1836 265 1730
f 265 890 1825
f 120 890 940
f 890 120 1825
f 1836 890 265
f 890 484 940
f 890 1992 484
f 1992 890 1515
f 890 1836 1515
f 156 1905 1446
f 418 1416 1449
f 1416 418 1950
f 1253 1416 1950
f 1449 1416 158
f 1416 1253 158
f 635 1736 1498
f 1384 635 382
f 635 1837 382
f 1736 635 1634
f 1634 635 1734
f 635 993 1734
f 993 635 1384
f 418 60 319
f 1294 60 418
f 319 60 796
f 60 1498 796
f 60 1294 1837
f 60 635 1498
f 635 60 1837
f 438 1179 549
f 438 664 1442
f 438 549 664
f 984 438 1442
f 1179 438 984
f 727 763 1949
f 727 878 763
f 878 1001 763
f 258 1001 81
f 1001 258 763
f 1613 1631 224
f 1631 379 224
f 379 1631 1400
f 480 543 609
f 543 1342 609
f 1342 543 1884
f 3 1428 323
f 78 295 1176
f 78 3 295
f 78 1428 3
f 1073 1173 1715
f 1013 1073 1715
f 1073 308 1173
f 1013 68 126
f 68 1013 137
f 68 593 126
f 593 68 137
f 181 70 1173
f 1864 598 1389
f 1864 1008 541
f 1085 593 598
f 593 1085 541
f 1864 1085 598
f 1085 1864 541
f 519 962 697
f 1287 519 697
f 1831 519 556
f 962 519 1831
f 1873 519 336
f 336 519 868
f 519 1287 868
f 135 525 1814
f 525 1685 1814
f 535 1414 847
f 1414 535 1749
f 535 291 405
f 1468 535 405
f 535 1468 1749
f 127 1567 1108
f 1567 127 273
f 75 174 1181
f 174 1717 1181
f 174 1280 1717
f 1280 174 1751
f 174 75 1751
f 1000 1567 273
f 1567 1000 135
f 525 1000 273
f 1000 525 135
f 1636 853 1108
f 853 1978 1108
f 853 346 1527
f 1991 1307 1275
f 1307 674 1275
f 674 1307 1121
f 599 703 1121
f 1307 599 1121
f 599 1307 1991
f 474 1991 1275
f 474 1716 1792
f 710 1759 713
f 713 1759 889
f 1759 1399 889
f 1759 874 1399
f 1952 1479 348
f 337 1952 348
f 1952 337 1769
f 234 1952 1769
f 1952 898 1123
f 159 856 1953
f 1378 1152 856
f 159 1378 856
f 1378 159 422
f 1378 422 1432
f 1655 1420 264
f 1847 1655 264
f 1655 1847 1500
f 291 1067 405
f 1067 1978 405
f 1978 1067 1108
f 1414 1099 581
f 1099 1749 633
f 1099 1414 1749
f 302 1935 49
f 389 302 49
f 302 848 1036
f 733 302 389
f 302 733 848
f 1843 347 259
f 163 1843 259
f 1843 163 213
f 123 1843 213
f 1565 487 1393
f 347 1565 1393
f 487 1565 189
f 1043 1346 1562
f 1346 836 1562
f 1061 1943 90
f 467 473 1334
f 473 467 463
f 1562 473 463
f 1322 473 1562
f 1587 473 1322
f 1503 1944 1120
f 1412 1944 1503
f 1944 1412 1373
f 658 342 1018
f 342 125 1018
f 125 342 790
f 1503 1756 1625
f 1756 1503 452
f 1438 1756 452
f 1756 1339 1625
f 1339 1756 658
f 1412 968 186
f 782 1933 242
f 1933 782 1213
f 1541 284 636
f 942 284 1805
f 1140 260 1494
f 260 1140 1429
f 1429 1140 683
f 1981 1140 1157
f 1140 1981 683
f 1157 1140 540
f 1140 1494 540
f 1453 1357 1666
f 1433 1357 1453
f 1357 1497 1666
f 1586 1438 117
f 1497 1586 117
f 1586 1756 1438
f 284 340 1805
f 766 340 1334
f 340 467 1334
f 19 1782 155
f 1132 1782 1775
f 1668 381 1775
f 1668 19 381
f 1782 1668 1775
f 1668 1782 19
f 1454 155 1509
f 1027 1454 1509
f 155 1454 1298
f 1454 1236 1298
f 397 1404 1236
f 667 841 1277
f 841 667 838
f 515 969 1244
f 969 1805 1244
f 969 942 1805
f 969 782 942
f 782 969 515
f 1755 1947 1213
f 1213 1947 1040
f 1947 1940 1040
f 1611 1218 1277
f 841 1611 1277
f 268 1611 841
f 396 766 1334
f 396 1315 766
f 1315 396 253
f 396 1587 253
f 1688 1486 312
f 1060 1688 312
f 1486 1688 1331
f 1688 1060 1331
f 1678 1585 986
f 1200 1678 986
f 978 1678 1200
f 1585 1678 1249
f 1678 978 1249
f 1460 1741 236
f 1741 995 236
f 1795 1741 1460
f 995 1741 278
f 1741 1795 278
f 1699 232 109
f 294 1699 109
f 1795 1699 294
f 1699 1795 514
f 1516 514 542
f 311 1516 542
f 1516 311 426
f 704 1087 12
f 1087 704 1168
f 1687 1087 1168
f 553 789 977
f 553 977 1799
f 789 553 41
f 902 956 851
f 902 776 1583
f 902 275 956
f 275 902 1583
f 4 6 1245
f 395 4 1245
f 4 395 776
f 902 4 776
f 222 4 851
f 4 902 851
f 6 1201 1660
f 1201 222 1486
f 1201 4 222
f 4 1201 6
f 1201 1647 1660
f 1647 1201 1486
f 1647 731 1660
f 731 478 1660
f 1078 500 1347
f 493 1078 1347
f 1815 1078 906
f 493 85 831
f 831 85 1176
f 85 647 1176
f 647 85 1347
f 85 493 1347
f 605 1455 1869
f 807 605 1604
f 1815 605 807
f 605 1815 1455
f 475 605 1869
f 605 475 1604
f 1455 1927 1251
f 1927 650 1251
f 1927 773 650
f 58 1815 807
f 1815 58 1750
f 1750 58 1260
f 1016 58 807
f 927 1815 906
f 1815 927 1455
f 533 1895 103
f 1895 1704 103
f 1885 1895 784
f 1895 492 784
f 1895 533 492
f 1512 1196 1774
f 1196 1512 957
f 1196 505 1774
f 505 1196 957
f 1413 1585 1579
f 1413 586 1585
f 1537 1413 1579
f 586 1413 1537
f 1031 1480 464
f 1480 1031 37
f 37 1031 1674
f 1031 1126 1674
f 1031 1405 1126
f 1763 226 37
f 226 1763 1870
f 432 250 464
f 1097 1549 1365
f 1549 1661 1365
f 1573 1549 1097
f 110 1281 83
f 877 110 83
f 110 1673 787
f 1673 110 877
f 897 1279 170
f 1564 662 121
f 1094 1564 121
f 1187 1564 603
f 1564 1094 603
f 1426 121 1237
f 1426 220 121
f 1653 1426 1237
f 627 1094 121
f 220 627 121
f 1094 627 585
f 627 220 585
f 80 357 607
f 357 1367 607
f 357 80 675
f 1367 357 675
f 1367 1735 607
f 1735 1367 1375
f 1288 1735 1375
f 1424 1367 376
f 1367 1424 1375
f 1373 1424 376
f 1424 1373 1375
f 968 391 186
f 391 968 251
f 391 251 742
f 1738 391 742
f 1855 1898 1431
f 1898 1855 601
f 1754 688 1439
f 688 1754 1710
f 1600 1520 69
f 1520 1600 323
f 1428 1520 323
f 1860 932 950
f 1860 597 932
f 73 524 1408
f 1867 524 73
f 524 893 1408
f 893 524 1770
f 524 103 1770
f 485 1182 73
f 1182 1867 73
f 1182 485 1423
f 1182 1423 1886
f 1713 1182 1886
f 1182 1713 443
f 1867 1182 443
f 601 761 1700
f 761 637 1700
f 637 761 654
f 360 714 1024
f 1293 360 1024
f 360 1293 654
f 360 1435 228
f 1435 1285 228
f 1285 1154 655
f 1390 1285 655
f 1285 1390 262
f 228 1285 262
f 1909 881 1371
f 1113 881 974
f 1231 910 1207
f 772 910 1231
f 910 1682 1207
f 1162 1822 1075
f 1162 989 1822
f 414 335 1767
f 335 737 1767
f 1835 414 1767
f 804 1835 1767
f 1835 804 1009
f 989 1835 1009
f 1178 828 1292
f 828 1178 387
f 1292 828 1870
f 828 387 1870
f 1737 1718 1858
f 1718 1178 1858
f 1718 1737 574
f 1646 1718 574
f 1514 1187 1146
f 1514 1646 574
f 1737 1820 574
f 1820 1514 574
f 1514 1820 712
f 1569 1638 1146
f 1646 1638 1569
f 1982 1202 1909
f 1982 1909 1371
f 955 737 1445
f 1066 1141 48
f 1066 185 1141
f 1550 1066 48
f 1707 1066 1550
f 185 1066 990
f 990 1066 1327
f 1066 1707 1327
f 502 499 1046
f 502 1015 499
f 1528 502 1046
f 502 1528 768
f 163 1652 213
f 1652 800 213
f 1776 958 1914
f 800 1776 1914
f 183 670 1566
f 670 183 645
f 183 516 645
f 516 183 147
f 147 183 786
f 1697 183 1566
f 183 1697 786
f 123 1878 508
f 516 1878 123
f 508 1878 1352
f 1878 147 1352
f 1878 516 147
f 1014 651 143
f 2000 651 1014
f 953 651 149
f 651 2000 149
f 377 953 149
f 953 377 1158
f 821 377 558
f 377 821 1158
f 651 191 143
f 191 651 953
f 143 191 1566
f 191 237 1566
f 1410 1698 1153
f 2000 1698 1410
f 1111 1698 1014
f 1698 2000 1014
f 1916 1119 1440
f 288 1916 1440
f 1119 1916 690
f 1916 565 690
f 565 1916 1136
f 1448 548 934
f 548 1448 1308
f 1543 1725 1922
f 1284 1725 826
f 1725 1543 826
f 1922 1725 490
f 1725 47 490
f 1725 1284 1129
f 202 1725 1129
f 512 1543 1252
f 642 512 1252
f 1354 512 642
f 1303 1212 1308
f 1262 1964 1810
f 1964 1451 1810
f 288 1964 1262
f 1964 288 1246
f 1451 1964 1246
f 1065 8 430
f 1696 1065 430
f 961 1696 14
f 1696 961 1065
f 1758 599 1991
f 687 422 1123
f 898 687 1123
f 422 687 1432
f 687 898 1432
f 1481 1847 264
f 256 1481 264
f 898 1481 256
f 14 227 863
f 227 1348 863
f 227 150 1348
f 1117 961 1733
f 961 1117 666
f 509 1117 1733
f 1117 1779 666
f 1779 1117 509
f 963 1622 741
f 1517 1362 1810
f 1212 172 887
f 172 1779 887
f 1779 172 644
f 1303 172 1212
f 1607 1662 537
f 31 901 1045
f 901 31 34
f 31 1045 1353
f 34 31 1353
f 745 901 991
f 745 207 1297
f 207 745 991
f 901 745 741
f 1637 672 1427
f 672 1100 1427
f 672 1637 678
f 1100 672 678
f 1149 139 678
f 139 1149 30
f 1032 1616 345
f 1616 1032 1205
f 1149 1138 30
f 1138 1732 30
f 1138 1149 1665
f 1138 1665 345
f 1732 1138 345
f 1135 122 180
f 122 1135 381
f 1198 223 1615
f 223 19 1615
f 223 1198 1881
f 122 223 1881
f 19 223 381
f 223 122 381
f 520 531 1589
f 531 520 142
f 321 1626 511
f 1626 321 1020
f 1563 1626 1020
f 823 1626 29
f 1626 1563 29
f 1304 823 29
f 476 1304 29
f 74 1304 476
f 133 321 511
f 321 133 171
f 456 520 1589
f 520 456 1887
f 1887 456 1132
f 971 573 857
f 1091 573 971
f 573 1680 857
f 573 1091 1680
f 1505 858 140
f 383 858 1505
f 140 858 1144
f 858 383 1144
f 1091 1069 179
f 1069 639 179
f 1069 1091 1824
f 1069 835 1942
f 1069 1824 835
f 1386 1693 695
f 639 1386 695
f 625 1748 954
f 202 625 596
f 1748 625 202
f 442 202 596
f 47 442 596
f 442 1725 202
f 1725 442 47
f 539 1633 536
f 539 1785 433
f 1785 539 536
f 1581 539 433
f 1633 539 1581
f 1785 1396 433
f 1396 1785 1824
f 1396 971 433
f 1396 1824 971
f 1109 1841 993
f 1841 1109 1102
f 993 1841 1734
f 1841 1102 1734
f 1102 1492 334
f 1492 1109 334
f 1109 1492 1102
f 1651 1122 359
f 1122 763 359
f 763 1122 1263
f 1122 1764 1263
f 832 1081 1740
f 1844 1081 1319
f 1081 1328 1319
f 1081 832 1328
f 1469 1936 1669
f 1469 730 230
f 1507 1469 1669
f 730 1469 1507
f 899 28 230
f 28 1469 230
f 1469 28 1936
f 1936 28 283
f 28 899 283
f 1856 1406 1740
f 1030 1772 1907
f 1030 899 1772
f 1582 1030 224
f 1030 1907 224
f 1030 1582 293
f 1038 1736 1559
f 1736 1038 1624
f 1079 1312 825
f 1925 1079 825
f 1736 582 1559
f 582 1983 1559
f 582 1736 1634
f 1377 582 1634
f 1983 582 1377
f 1377 138 1080
f 327 702 449
f 1312 498 825
f 327 498 702
f 105 1392 1891
f 1175 1917 1355
f 1917 290 1355
f 1180 829 1053
f 829 1323 1053
f 1323 829 1112
f 1062 803 1290
f 373 42 1830
f 1961 373 1903
f 42 373 1961
f 315 1289 1206
f 7 1830 862
f 905 7 862
f 164 1079 1925
f 164 905 862
f 1079 164 862
f 39 354 1256
f 1047 461 1641
f 1047 105 1891
f 1641 1577 1206
f 461 1577 1641
f 1577 315 1206
f 1925 1577 324
f 315 1577 1925
f 1830 1853 862
f 1302 1853 1830
f 1853 1302 1112
f 184 591 1223
f 591 1557 1223
f 591 184 678
f 310 1811 681
f 1916 1156 1136
f 1156 1262 1074
f 1064 1156 1074
f 1156 288 1262
f 1156 1916 288
f 1271 904 1136
f 1156 1271 1136
f 1271 1156 1064
f 1271 1064 1706
f 904 1985 1955
f 1985 1012 1705
f 1955 1985 1705
f 441 1985 1706
f 1985 441 1012
f 1931 1394 795
f 1394 1911 795
f 1394 1931 297
f 663 1911 691
f 743 663 691
f 663 565 740
f 1911 663 740
f 663 743 690
f 565 663 690
f 206 1221 1784
f 1221 419 437
f 1784 1221 437
f 1221 206 1086
f 79 1221 1086
f 16 1221 79
f 1221 1802 419
f 1802 1221 16
f 1521 719 1483
f 719 1521 62
f 1483 719 1226
f 719 62 1226
f 762 1418 1265
f 111 1418 762
f 386 303 732
f 303 111 732
f 303 1418 111
f 303 386 1131
f 1418 303 1131
f 1356 1402 583
f 1402 1356 101
f 1402 532 583
f 1402 101 532
f 1522 677 366
f 677 1522 453
f 1522 332 453
f 332 1522 1350
f 1522 366 1265
f 770 1522 1265
f 1522 770 1350
f 822 551 744
f 551 822 1059
f 1656 822 744
f 1059 822 1656
f 909 1444 1385
f 1134 1219 1054
f 1219 879 1054
f 1219 1134 1889
f 1596 1219 1889
f 879 1219 1596
f 553 1211 41
f 1211 673 41
f 673 1211 1629
f 500 1090 1023
f 1382 507 1744
f 1695 1382 1744
f 1382 1695 819
f 507 1382 91
f 1382 819 91
f 992 1235 1591
f 320 992 1591
f 1235 992 623
f 534 1591 920
f 534 320 1591
f 320 534 1434
f 1530 471 1689
f 1501 1550 48
f 1501 1571 1550
f 1787 852 1405
f 852 1787 1266
f 471 1787 1689
f 1787 471 1266
f 1160 844 576
f 1370 1160 576
f 1160 1370 1141
f 1383 1160 1141
f 844 1160 1383
f 1141 682 48
f 1370 682 1141
f 682 1501 48
f 1501 682 247
f 682 248 247
f 248 682 1370
f 1096 248 417
f 248 1096 1266
f 1096 852 1266
f 1096 417 1827
f 852 1096 1827
f 1238 182 1002
f 182 1238 5
f 1825 182 5
f 1789 182 1825
f 1126 1309 1674
f 1309 1789 1674
f 580 1309 439
f 852 1309 1126
f 1309 852 439
f 270 1111 1446
f 1698 270 1153
f 270 1698 1111
f 727 1270 878
f 1270 379 1400
f 379 1270 1582
f 1437 1392 81
f 1001 1437 81
f 1392 1437 1891
f 461 1437 1969
f 1437 1047 1891
f 1047 1437 461
f 1422 1062 1290
f 1977 1613 1884
f 1510 1977 1884
f 1977 1631 1613
f 1631 1977 1400
f 1422 1977 1510
f 554 480 1903
f 554 543 480
f 373 554 1903
f 1073 1845 308
f 1845 1013 126
f 1845 1073 1013
f 218 181 647
f 181 218 70
f 218 647 1347
f 218 1347 1397
f 70 218 1397
f 1965 181 1173
f 1965 918 1176
f 647 1965 1176
f 181 1965 647
f 64 1864 1389
f 64 1008 1864
f 64 1606 1561
f 656 378 1389
f 378 64 1389
f 64 378 1606
f 1336 874 652
f 1336 378 656
f 378 1336 1606
f 1399 1336 656
f 874 1336 1399
f 1511 167 1142
f 167 1801 1142
f 1801 167 529
f 1195 1142 307
f 1840 1195 307
f 519 608 556
f 608 519 1873
f 608 1873 675
f 608 939 556
f 939 608 675
f 535 926 291
f 1269 1310 1717
f 1269 1285 1435
f 1269 1717 1154
f 1285 1269 1154
f 1310 1863 43
f 1863 1269 1435
f 1269 1863 1310
f 1761 853 1636
f 853 1761 346
f 587 853 1527
f 853 587 1978
f 587 747 1978
f 631 562 1310
f 1717 562 1181
f 1310 562 1717
f 372 545 633
f 545 372 1572
f 1817 372 1272
f 372 1817 1572
f 257 595 617
f 257 1150 595
f 257 290 1150
f 1340 1759 710
f 1759 1340 874
f 1340 710 652
f 874 1340 652
f 1928 361 1595
f 1186 710 713
f 1918 1186 713
f 1790 1952 234
f 1952 1790 898
f 1790 1481 898
f 1790 234 1034
f 1847 1790 1034
f 1481 1790 1847
f 422 985 1123
f 159 985 422
f 985 1952 1123
f 1952 985 1479
f 1479 985 1953
f 985 159 1953
f 1857 1639 581
f 581 1639 847
f 657 703 277
f 657 1857 703
f 256 657 277
f 657 256 1420
f 703 448 617
f 1857 448 703
f 448 1857 581
f 448 545 1572
f 1099 448 581
f 448 257 617
f 257 448 1572
f 545 448 633
f 448 1099 633
f 1976 1655 1500
f 1639 1976 847
f 1976 1639 1655
f 1976 535 847
f 1976 926 535
f 1978 886 405
f 747 886 1978
f 886 747 1958
f 1468 886 1958
f 886 1468 405
f 747 1130 1958
f 1130 633 1958
f 1130 372 633
f 372 1130 1272
f 850 302 1036
f 302 850 1935
f 1972 850 1036
f 850 1972 1935
f 374 123 189
f 374 1843 123
f 1565 374 189
f 1843 374 347
f 374 1565 347
f 836 1986 411
f 411 1986 90
f 1986 1061 90
f 1944 1145 1120
f 1145 1944 1373
f 1120 1145 170
f 1145 728 170
f 1145 1373 728
f 409 342 658
f 409 1433 790
f 342 409 790
f 1756 409 658
f 1586 409 1756
f 1743 1497 117
f 1743 1821 1497
f 1438 1743 117
f 1939 1743 1438
f 1821 1929 1043
f 1929 1346 1043
f 1743 1929 1821
f 1929 1743 1939
f 1929 1939 1360
f 1850 1929 1360
f 1929 1850 1346
f 1326 572 251
f 968 1326 251
f 572 1326 149
f 1326 377 149
f 1042 782 242
f 782 1042 942
f 1042 284 942
f 1042 242 683
f 636 1042 683
f 284 1042 636
f 782 1005 1213
f 1005 782 515
f 1005 1755 1213
f 1005 515 1218
f 1755 1005 1218
f 1301 1357 1433
f 409 1301 1433
f 1301 409 1586
f 1357 1301 1497
f 1301 1586 1497
f 1920 766 1805
f 340 1920 1805
f 1920 340 766
f 630 340 284
f 630 284 1541
f 630 375 467
f 340 630 467
f 375 630 1169
f 630 1541 1169
f 774 638 1103
f 638 1411 1103
f 338 638 774
f 1411 1291 1132
f 1291 1782 1132
f 638 1291 1411
f 1291 638 338
f 1782 1291 155
f 1508 841 813
f 397 1 1404
f 1 667 1277
f 667 1 397
f 494 1027 838
f 667 494 838
f 494 667 397
f 1611 1818 1218
f 1947 1818 1714
f 1818 268 1714
f 1818 1611 268
f 913 351 1509
f 913 1533 351
f 1533 913 774
f 913 338 774
f 396 434 1587
f 473 434 1334
f 434 396 1334
f 987 1699 514
f 1516 987 514
f 232 987 1331
f 1699 987 232
f 987 426 1331
f 987 1516 426
f 1147 1379 1551
f 1551 1379 1687
f 1379 1087 1687
f 1379 1147 12
f 1087 1379 12
f 1994 1799 1054
f 553 1994 1054
f 1994 553 1799
f 478 701 475
f 731 701 478
f 701 731 1647
f 701 1647 380
f 701 380 1604
f 475 701 1604
f 1078 1752 500
f 1752 1078 1815
f 1752 1815 1385
f 1444 1752 1385
f 1286 493 145
f 412 58 1016
f 52 412 1016
f 412 52 879
f 58 412 1260
f 412 1596 1260
f 412 879 1596
f 1927 875 773
f 875 1927 1455
f 927 875 1455
f 1553 1464 479
f 1464 1885 479
f 1464 1895 1885
f 1031 1963 1405
f 1963 118 1278
f 98 132 1530
f 1161 1797 997
f 1797 98 1530
f 98 1797 1161
f 641 1480 37
f 226 641 37
f 641 226 1240
f 420 641 1240
f 641 420 1480
f 1975 355 742
f 250 355 1975
f 355 1738 742
f 1711 261 1441
f 1116 1873 1676
f 1873 1116 842
f 1711 1116 1676
f 1549 254 1661
f 1279 108 1165
f 108 1279 897
f 108 1580 1165
f 1580 108 897
f 752 1120 170
f 1279 752 170
f 1120 752 452
f 752 1279 1573
f 1602 1573 1097
f 1602 385 1573
f 1602 1097 571
f 1892 1602 571
f 1061 217 1943
f 217 1850 1360
f 1850 217 1061
f 837 1438 452
f 752 837 452
f 837 752 1643
f 837 1939 1438
f 391 1657 186
f 1657 1288 1375
f 1657 1412 186
f 1412 1657 1375
f 233 739 43
f 739 233 817
f 505 1523 1431
f 1523 1855 1431
f 1754 1029 1710
f 69 1555 1439
f 1520 1555 69
f 1555 1520 329
f 1555 1754 1439
f 1754 1555 329
f 1520 1893 329
f 1893 1995 329
f 1349 1860 950
f 427 524 1867
f 427 1867 443
f 103 427 867
f 524 427 103
f 427 932 867
f 932 427 443
f 1855 160 601
f 160 761 601
f 160 1855 949
f 761 339 654
f 339 360 654
f 360 339 1435
f 360 1306 714
f 1306 360 228
f 1306 228 262
f 1306 1868 714
f 1306 262 1676
f 1868 1306 1676
f 1202 693 1909
f 693 881 1909
f 735 693 1202
f 881 693 974
f 1548 57 756
f 804 57 1548
f 1162 1552 989
f 1552 1835 989
f 1552 1162 1075
f 815 1552 1075
f 414 1552 815
f 1835 1552 414
f 144 1646 420
f 144 1718 1646
f 1718 144 1178
f 1178 144 387
f 144 420 1240
f 226 144 1240
f 387 144 1870
f 144 226 1870
f 760 367 577
f 1564 629 662
f 662 629 577
f 629 760 577
f 497 1766 1372
f 1514 92 1187
f 92 497 1372
f 286 1737 1858
f 286 1820 1737
f 1514 931 1646
f 931 1638 1646
f 931 1514 1146
f 1638 931 1146
f 1618 711 936
f 711 735 936
f 711 693 735
f 1477 1445 1574
f 1525 1477 1574
f 1477 735 1202
f 735 1477 936
f 1477 152 936
f 152 1477 1525
f 955 1057 1403
f 1601 1057 1371
f 1057 1601 1403
f 1057 955 1445
f 1015 1570 166
f 502 1570 1015
f 1570 502 768
f 846 1570 768
f 1570 846 166
f 544 517 163
f 517 1652 163
f 1652 517 800
f 237 343 1158
f 191 343 237
f 343 953 1158
f 343 191 953
f 1466 934 783
f 1466 1448 934
f 642 1597 1436
f 1395 1597 642
f 1597 594 1436
f 1597 1395 594
f 1395 793 594
f 793 1365 1849
f 594 793 1849
f 1365 793 1470
f 793 642 1470
f 793 1395 642
f 2 642 1436
f 2 1354 642
f 1447 2 1436
f 2 1447 718
f 1354 2 1308
f 2 1303 1308
f 1303 2 718
f 1543 518 783
f 512 518 1543
f 518 512 1354
f 1447 1539 314
f 1539 1447 1436
f 594 1539 1436
f 1539 594 1849
f 614 1539 1849
f 1539 614 314
f 1447 1667 718
f 644 1667 314
f 1667 1447 314
f 912 8 1065
f 912 961 666
f 961 912 1065
f 44 1779 644
f 1779 44 666
f 1703 644 1685
f 8 1703 430
f 525 1703 1685
f 1890 1758 1152
f 1378 1890 1152
f 1890 256 277
f 256 1890 1432
f 1890 1378 1432
f 1758 559 599
f 703 559 277
f 599 559 703
f 559 1890 277
f 1890 559 1758
f 1519 1758 1991
f 1519 327 449
f 327 1519 1991
f 1152 1519 449
f 1758 1519 1152
f 369 1778 945
f 1778 537 1475
f 945 1778 1475
f 1778 1875 537
f 1778 369 1875
f 1875 1848 1733
f 1848 509 1733
f 509 1848 1502
f 602 963 741
f 745 602 741
f 602 745 1297
f 963 95 176
f 95 602 1297
f 602 95 963
f 1608 1575 1620
f 726 1608 1620
f 1575 1608 1517
f 1362 849 176
f 849 1362 1517
f 1608 849 1517
f 403 369 945
f 403 945 1622
f 963 403 1622
f 403 963 176
f 1106 1620 1345
f 276 1607 313
f 276 1662 1607
f 276 313 1475
f 537 276 1475
f 1662 276 537
f 1474 30 706
f 1474 139 30
f 1557 1474 706
f 591 1474 1557
f 139 1474 678
f 1474 591 678
f 344 1732 345
f 1616 344 345
f 1732 344 706
f 915 1135 1887
f 915 1132 1775
f 915 1887 1132
f 381 915 1775
f 1135 915 381
f 1135 1105 1887
f 1105 520 1887
f 520 1105 142
f 1105 1135 180
f 74 1105 180
f 142 1105 74
f 1304 1654 511
f 1654 1304 74
f 1654 133 511
f 1654 74 171
f 133 1654 171
f 212 1626 823
f 1304 212 823
f 1626 212 511
f 212 1304 511
f 1948 610 1589
f 610 456 1589
f 610 1948 676
f 1132 610 676
f 456 610 1132
f 1693 967 1199
f 1386 967 1693
f 1069 1465 639
f 1465 1386 639
f 1465 967 1386
f 1465 1069 1942
f 967 1465 1199
f 215 1465 1942
f 1465 215 1199
f 1988 1610 954
f 1610 625 954
f 325 1651 1170
f 325 1122 1651
f 325 1170 1764
f 1122 325 1764
f 1760 1970 1844
f 1970 1081 1844
f 1081 1970 1760
f 1081 194 1740
f 194 1081 1760
f 194 1856 1740
f 194 1760 283
f 1856 194 283
f 1007 832 1740
f 1406 1007 1740
f 832 1007 880
f 1007 1406 880
f 1780 1406 1856
f 1780 1030 1406
f 1780 1856 283
f 899 1780 283
f 1030 1780 899
f 1191 829 1180
f 246 1191 1559
f 829 1191 1112
f 1343 498 1312
f 498 1343 702
f 1343 1312 1080
f 138 1343 1080
f 498 814 825
f 1392 410 81
f 105 410 1392
f 410 105 462
f 410 258 81
f 258 410 462
f 496 521 491
f 1681 1917 1990
f 1917 1681 290
f 1150 1681 1990
f 290 1681 1150
f 1222 315 1925
f 1716 1222 1792
f 315 1222 1716
f 1222 1925 825
f 354 50 1686
f 384 50 354
f 50 461 1969
f 715 50 1969
f 130 39 905
f 164 130 905
f 384 130 324
f 130 1925 324
f 130 164 1925
f 130 384 354
f 39 130 354
f 1545 7 905
f 39 1545 905
f 7 1545 1256
f 1545 39 1256
f 1742 1047 1641
f 1742 1641 1206
f 1289 1742 1206
f 1967 1577 461
f 50 1967 461
f 1967 50 384
f 1967 384 324
f 1577 1967 324
f 1853 820 862
f 820 1079 862
f 820 1191 246
f 820 246 1312
f 1079 820 1312
f 820 1853 1112
f 1191 820 1112
f 1904 310 1223
f 1904 1811 310
f 1904 1205 1226
f 1904 1223 1205
f 1217 840 681
f 1811 1217 681
f 1904 1217 1811
f 840 1217 1226
f 1217 1904 1226
f 1985 765 1706
f 765 1985 904
f 765 1271 1706
f 1271 765 904
f 1003 771 29
f 959 771 1003
f 743 624 1003
f 624 959 1003
f 764 470 1131
f 470 1418 1131
f 470 764 914
f 470 914 1265
f 1418 470 1265
f 161 1938 1604
f 1938 161 1016
f 380 161 1604
f 879 1358 1054
f 52 1358 879
f 1358 52 128
f 1211 1358 128
f 1358 553 1054
f 1358 1211 553
f 100 245 13
f 245 1745 293
f 13 245 293
f 245 1744 1745
f 245 1695 1744
f 1090 177 1023
f 177 13 460
f 1295 177 460
f 177 1295 1023
f 100 115 999
f 115 1444 999
f 115 1090 1444
f 115 100 13
f 1444 648 999
f 648 1444 909
f 1695 882 819
f 882 435 819
f 648 882 999
f 882 648 435
f 20 909 1750
f 819 20 1750
f 435 20 819
f 20 648 909
f 648 20 435
f 1172 801 623
f 992 1172 623
f 1172 992 320
f 801 1172 162
f 1172 320 162
f 67 534 920
f 534 67 1434
f 116 67 920
f 67 116 576
f 450 67 576
f 1434 67 450
f 201 471 1530
f 132 201 1530
f 1905 201 132
f 1501 1592 1571
f 201 1592 471
f 1592 1501 247
f 1571 1592 252
f 1592 201 252
f 1266 1592 247
f 471 1592 1266
f 1118 182 1789
f 182 1118 1002
f 1309 1489 1789
f 1489 1309 580
f 1489 1118 1789
f 1489 580 1002
f 1118 1489 1002
f 23 1905 132
f 270 23 132
f 1905 23 1446
f 23 270 1446
f 1270 613 878
f 613 1270 803
f 613 1001 878
f 628 727 1949
f 628 1270 727
f 1582 628 1949
f 1270 628 1582
f 1422 1882 1062
f 1977 579 1400
f 803 579 1290
f 579 1422 1290
f 579 1977 1422
f 579 1270 1400
f 1270 579 803
f 317 193 543
f 554 317 543
f 193 317 1842
f 750 715 1842
f 317 750 1842
f 750 317 554
f 1686 750 1256
f 715 750 1686
f 131 1658 359
f 1658 131 1595
f 491 131 359
f 521 131 491
f 195 78 1176
f 1208 918 308
f 918 1208 1176
f 1208 195 1176
f 1845 466 308
f 429 466 126
f 466 1845 126
f 308 404 1173
f 404 1965 1173
f 918 404 308
f 1965 404 918
f 818 429 126
f 541 818 126
f 1008 818 541
f 1801 398 1142
f 173 1801 529
f 1801 173 429
f 173 466 429
f 466 173 308
f 26 349 1511
f 349 167 1511
f 349 26 1184
f 167 349 1184
f 326 1511 1142
f 1195 326 1142
f 86 225 1840
f 1499 926 127
f 1499 127 1108
f 1067 1499 1108
f 1499 1067 291
f 926 1499 291
f 150 1576 1034
f 1576 227 14
f 227 1576 150
f 1696 55 14
f 55 1576 14
f 249 1696 430
f 249 55 1696
f 55 249 1576
f 1847 104 1500
f 104 792 1500
f 104 249 792
f 249 104 1576
f 104 1847 1034
f 1576 104 1034
f 127 1724 273
f 1267 233 43
f 1863 1267 43
f 233 1267 1806
f 1267 1863 1435
f 1267 339 1806
f 339 1267 1435
f 1041 631 346
f 1761 1041 346
f 1041 562 631
f 562 1041 1181
f 1041 75 1181
f 75 1041 1636
f 1041 1761 1636
f 290 421 1355
f 421 257 1572
f 257 421 290
f 1561 178 307
f 1834 178 1561
f 178 1840 307
f 1606 371 1561
f 371 1834 1561
f 1928 979 1093
f 755 979 1595
f 979 1928 1595
f 1300 657 1420
f 657 1300 1857
f 1655 1300 1420
f 1976 469 926
f 926 469 127
f 469 1724 127
f 1558 1850 1061
f 1558 1986 836
f 1986 1558 1061
f 1346 1558 836
f 1850 1558 1346
f 696 1326 968
f 696 968 1412
f 696 1625 558
f 696 1412 1625
f 1291 390 155
f 390 1291 338
f 913 390 338
f 155 390 1509
f 390 913 1509
f 1912 1508 813
f 1508 1912 1398
f 1398 1912 1518
f 1912 813 861
f 1912 659 1518
f 659 1912 861
f 424 806 552
f 1940 806 424
f 552 806 996
f 806 1971 996
f 806 1947 1714
f 1947 806 1940
f 1305 1 1277
f 1 1305 1404
f 1218 1305 1277
f 1404 1305 1218
f 65 494 397
f 1454 65 1236
f 65 397 1236
f 65 1454 1027
f 494 65 1027
f 1388 1755 1218
f 1818 1388 1218
f 1388 1947 1755
f 1388 1818 1947
f 943 473 1587
f 434 943 1587
f 943 434 473
f 1482 1090 500
f 1752 1482 500
f 1090 1482 1444
f 1482 1752 1444
f 1490 1078 493
f 1286 1490 493
f 1078 1490 906
f 1729 1286 145
f 1729 145 1189
f 1729 1490 1286
f 650 1729 1189
f 773 1729 650
f 1490 1729 906
f 1895 38 1704
f 1464 38 1895
f 1704 38 1553
f 38 1464 1553
f 203 1787 1405
f 1963 203 1405
f 1787 203 1689
f 203 1278 1689
f 203 1963 1278
f 1963 1547 118
f 997 1547 464
f 118 1547 997
f 1547 1031 464
f 1547 1963 1031
f 415 1975 1153
f 415 250 1975
f 415 997 464
f 250 415 464
f 709 118 997
f 1797 709 997
f 118 709 1278
f 1278 709 1689
f 709 1530 1689
f 709 1797 1530
f 355 99 1738
f 99 355 250
f 99 432 1738
f 99 250 432
f 634 261 1281
f 110 634 1281
f 205 1866 1165
f 1441 1866 205
f 261 1866 1441
f 791 106 1676
f 106 1711 1676
f 1281 106 791
f 261 929 1281
f 1711 929 261
f 211 1711 1441
f 211 1116 1711
f 17 244 842
f 1116 17 842
f 244 17 1039
f 1039 17 205
f 229 217 385
f 229 1602 1892
f 1602 229 385
f 229 1892 1943
f 217 229 1943
f 1692 752 1573
f 752 1692 1643
f 385 1692 1573
f 217 1692 385
f 154 1426 1653
f 1426 154 220
f 154 866 220
f 866 154 1098
f 739 157 43
f 631 157 346
f 632 1052 394
f 632 1701 700
f 1701 632 394
f 925 505 1710
f 925 1523 505
f 1029 925 1710
f 925 1645 1523
f 1855 1645 949
f 1523 1645 1855
f 322 527 891
f 1459 1520 1428
f 1459 1893 1520
f 78 1459 1428
f 1893 1092 1995
f 566 1092 824
f 1092 78 824
f 1092 1459 78
f 1459 1092 1893
f 1995 1224 329
f 708 1224 1995
f 951 1092 566
f 454 881 1113
f 1349 454 1860
f 1860 454 597
f 881 454 1371
f 1037 454 1113
f 454 1037 597
f 1915 1349 950
f 1349 1915 1048
f 367 1915 950
f 1048 1915 367
f 1183 160 949
f 1771 233 1806
f 513 910 772
f 910 513 1682
f 1793 414 815
f 1793 335 414
f 335 1793 737
f 754 299 737
f 1793 754 737
f 238 57 1513
f 57 238 756
f 805 804 1767
f 737 805 1767
f 671 805 737
f 805 57 804
f 805 671 57
f 57 917 1513
f 671 917 57
f 1166 1514 712
f 92 1166 497
f 1166 92 1514
f 1601 255 497
f 255 1766 497
f 255 1601 1371
f 454 255 1371
f 506 243 1372
f 1766 506 1372
f 255 506 1766
f 506 255 454
f 92 1216 1187
f 1216 1564 1187
f 1216 629 1564
f 693 885 974
f 711 885 693
f 885 1618 974
f 885 711 1618
f 1982 1924 1202
f 1924 1477 1202
f 1477 1924 1445
f 1924 1057 1445
f 1924 1982 1371
f 1057 1924 1371
f 517 1114 800
f 1114 1776 800
f 1250 1114 96
f 1114 1250 958
f 1776 1114 958
f 1114 544 96
f 1114 517 544
f 518 561 783
f 561 518 1354
f 561 1466 783
f 1466 561 1448
f 1448 561 1308
f 561 1354 1308
f 604 1303 718
f 1667 604 718
f 604 172 1303
f 172 604 644
f 604 1667 644
f 912 778 8
f 778 1703 8
f 778 912 666
f 44 778 666
f 778 44 644
f 1703 778 644
f 369 1588 1875
f 1588 1848 1875
f 403 1588 369
f 95 25 176
f 1362 25 1810
f 25 1362 176
f 25 95 1297
f 25 1074 1810
f 25 1297 1074
f 849 1614 176
f 1614 403 176
f 1614 1608 726
f 1614 849 1608
f 855 726 1620
f 1106 855 1620
f 548 1247 1345
f 1247 1106 1345
f 1247 548 1502
f 1247 855 1106
f 344 896 706
f 896 344 1616
f 896 1205 706
f 896 1616 1205
f 1610 522 625
f 596 522 1321
f 625 522 596
f 522 1988 1321
f 522 1610 1988
f 1364 1191 1180
f 1364 1180 1624
f 1038 1364 1624
f 1364 1038 1559
f 1191 1364 1559
f 1343 1728 702
f 1728 1343 138
f 702 1728 1377
f 1728 138 1377
f 1311 498 327
f 1311 814 498
f 814 1311 1792
f 1311 327 1991
f 1644 491 462
f 1644 496 491
f 105 1644 462
f 1317 474 1275
f 674 1317 1275
f 1317 674 595
f 1317 1150 1990
f 1150 1317 595
f 315 1366 1289
f 1366 315 1716
f 474 1366 1716
f 1317 1366 474
f 814 1560 825
f 488 715 1686
f 50 488 1686
f 488 50 715
f 400 771 959
f 400 1568 476
f 1568 400 297
f 400 1394 297
f 400 476 29
f 771 400 29
f 757 743 691
f 757 624 743
f 1911 757 691
f 1394 757 1911
f 624 757 959
f 757 400 959
f 400 757 1394
f 679 52 1016
f 161 679 1016
f 52 679 128
f 1211 679 1629
f 679 1211 128
f 1629 679 457
f 679 380 457
f 679 161 380
f 1621 177 1090
f 115 1621 1090
f 177 1621 13
f 1621 115 13
f 882 1781 999
f 1781 882 1695
f 1781 100 999
f 1781 245 100
f 245 1781 1695
f 201 1708 252
f 1708 201 1905
f 1708 156 252
f 1708 1905 156
f 1437 689 1969
f 689 1882 1969
f 1062 689 803
f 1882 689 1062
f 1380 1437 1001
f 613 1380 1001
f 1380 689 1437
f 1380 613 803
f 689 1380 803
f 1407 1882 1422
f 1407 193 1842
f 1578 554 373
f 1578 750 554
f 1578 373 1830
f 750 1578 1256
f 1578 7 1256
f 7 1578 1830
f 725 755 1595
f 131 725 1595
f 725 483 755
f 725 131 521
f 483 725 521
f 151 1208 824
f 1208 151 195
f 78 151 824
f 195 151 78
f 309 818 1008
f 988 398 1801
f 988 1801 429
f 818 988 429
f 309 988 818
f 173 1232 308
f 1928 364 361
f 1998 364 1928
f 361 364 1185
f 364 1918 1185
f 364 1186 1918
f 26 1363 1184
f 322 1363 26
f 1363 322 891
f 279 322 26
f 1951 86 1093
f 1951 225 86
f 979 1951 1093
f 1951 979 225
f 249 1335 792
f 1335 525 273
f 1335 1703 525
f 1724 1335 273
f 1335 1724 792
f 1703 1335 430
f 1335 249 430
f 225 241 1840
f 402 241 225
f 241 402 408
f 979 1906 1773
f 1906 979 755
f 483 1906 755
f 1906 483 1282
f 722 86 1840
f 178 722 1840
f 86 722 1093
f 722 178 1834
f 722 1834 1593
f 1998 722 1593
f 1834 973 1593
f 371 973 1834
f 1336 436 1606
f 436 371 1606
f 436 1336 652
f 1463 1639 1857
f 1300 1463 1857
f 1639 1463 1655
f 1463 1300 1655
f 153 1976 1500
f 153 469 1976
f 792 153 1500
f 1724 153 792
f 469 153 1724
f 377 1318 558
f 1318 696 558
f 1456 1508 1398
f 1456 806 1508
f 1456 1398 1518
f 1971 1456 1518
f 806 1456 1971
f 1508 1536 841
f 806 1536 1508
f 1536 268 841
f 268 1536 1714
f 1536 806 1714
f 875 1225 773
f 1225 1729 773
f 1225 875 927
f 1225 927 906
f 1729 1225 906
f 622 98 1161
f 622 1161 997
f 415 622 997
f 1757 634 110
f 254 1757 1661
f 1661 1757 1174
f 1757 787 1174
f 1757 110 787
f 1727 1866 261
f 1727 634 1979
f 634 1727 261
f 106 972 1711
f 972 929 1711
f 972 106 1281
f 929 972 1281
f 211 1025 1116
f 1025 17 1116
f 1025 211 1441
f 1025 1441 205
f 17 1025 205
f 1461 837 1643
f 1692 1461 1643
f 1939 1461 1360
f 837 1461 1939
f 1461 217 1360
f 1461 1692 217
f 154 1316 1098
f 1735 1316 607
f 1098 1316 1735
f 281 1808 1188
f 281 1738 1808
f 753 1657 391
f 1657 753 1288
f 753 866 1098
f 753 1735 1288
f 753 1098 1735
f 157 976 43
f 976 157 631
f 976 1310 43
f 976 631 1310
f 720 157 739
f 720 240 146
f 240 720 739
f 1381 280 1527
f 280 587 1527
f 1645 114 949
f 114 1183 949
f 527 723 891
f 1171 527 322
f 279 1171 322
f 1276 1029 1754
f 1276 1224 1029
f 1276 1754 329
f 1224 1276 329
f 1029 1458 660
f 1224 1458 1029
f 951 1006 1092
f 1006 611 1995
f 1092 1006 1995
f 1006 951 891
f 723 1006 891
f 1006 723 611
f 1177 339 761
f 339 1177 1806
f 1177 1771 1806
f 423 1783 817
f 233 423 817
f 1771 423 233
f 160 1227 761
f 1722 772 560
f 1722 513 772
f 1682 1974 815
f 1974 1793 815
f 1974 754 1793
f 754 615 299
f 615 1722 299
f 1722 615 513
f 1974 615 754
f 513 615 1682
f 615 1974 1682
f 286 1488 1820
f 1488 286 1858
f 1488 1858 756
f 238 1488 756
f 600 671 737
f 600 917 671
f 955 600 737
f 600 955 1403
f 917 600 1513
f 187 1601 497
f 1166 187 497
f 1601 187 1403
f 187 600 1403
f 600 187 1513
f 243 1022 760
f 506 1022 243
f 1022 1341 367
f 760 1022 367
f 1022 506 454
f 1022 454 1349
f 1341 1022 1048
f 1022 1349 1048
f 629 1504 760
f 1216 1504 629
f 1504 243 760
f 1504 1216 92
f 243 1504 1372
f 1504 92 1372
f 169 1614 726
f 1614 169 403
f 855 169 726
f 1848 686 1502
f 686 1247 1502
f 1588 686 1848
f 686 1588 403
f 169 686 403
f 1247 686 855
f 686 169 855
f 694 474 1792
f 1311 694 1792
f 474 694 1991
f 694 1311 1991
f 1047 994 105
f 994 1644 105
f 1742 994 1047
f 496 994 1175
f 1644 994 496
f 496 930 521
f 1035 930 1355
f 930 1175 1355
f 930 496 1175
f 859 483 521
f 930 859 521
f 1675 413 1289
f 1366 1675 1289
f 1917 1675 1990
f 1675 1317 1990
f 1675 1366 1317
f 1675 1917 1175
f 413 1675 1175
f 1826 1560 814
f 1826 814 1792
f 1222 1826 1792
f 1826 1222 825
f 1560 1826 825
f 84 1422 1510
f 84 1407 1422
f 1407 84 193
f 84 1510 1884
f 543 84 1884
f 193 84 543
f 1663 1407 1842
f 1407 1663 1882
f 1882 1663 1969
f 1663 715 1969
f 715 1663 1842
f 64 1089 1008
f 1089 309 1008
f 1089 64 1561
f 1089 35 309
f 1089 1561 307
f 35 1089 307
f 1491 173 529
f 1491 1232 173
f 1232 1491 566
f 167 1491 529
f 566 1491 167
f 289 566 824
f 289 1232 566
f 1208 289 824
f 289 1208 308
f 1232 289 308
f 364 523 1851
f 523 364 1998
f 523 973 1851
f 951 1283 891
f 1283 1363 891
f 1363 1283 1184
f 1283 167 1184
f 1283 566 167
f 1283 951 566
f 402 89 408
f 1052 89 394
f 89 402 394
f 402 72 1773
f 72 402 225
f 72 979 1773
f 979 72 225
f 1671 1195 1840
f 241 1671 1840
f 1701 1210 700
f 1210 1701 1282
f 1694 1804 421
f 1817 1694 1572
f 1694 421 1572
f 1804 365 421
f 365 1210 1282
f 1210 365 1804
f 421 365 1355
f 365 1035 1355
f 1701 358 1282
f 358 1906 1282
f 722 758 1093
f 758 722 1998
f 758 1928 1093
f 758 1998 1928
f 1203 371 1800
f 1203 973 371
f 973 1203 1851
f 1203 364 1851
f 1203 1800 1186
f 364 1203 1186
f 1966 436 652
f 1800 1966 1186
f 371 1966 1800
f 436 1966 371
f 710 1966 652
f 1186 1966 710
f 696 416 1326
f 1318 416 696
f 1326 416 377
f 416 1318 377
f 622 333 98
f 333 622 415
f 333 270 132
f 98 333 132
f 1902 1757 254
f 1757 1902 634
f 634 1902 1979
f 1902 1727 1979
f 1727 1902 254
f 1727 1987 1866
f 1866 1987 1165
f 1987 254 1549
f 1987 1727 254
f 1987 1279 1165
f 1987 1549 1573
f 1279 1987 1573
f 871 154 1653
f 871 1316 154
f 871 1653 1095
f 871 1095 607
f 1316 871 607
f 894 281 1188
f 281 894 866
f 866 894 220
f 585 894 1188
f 220 894 585
f 459 391 1738
f 459 753 391
f 281 459 1738
f 459 281 866
f 753 459 866
f 157 1082 346
f 720 1082 157
f 346 1082 1527
f 1082 1381 1527
f 1381 1082 146
f 1082 720 146
f 197 1130 747
f 587 197 747
f 280 197 587
f 1183 200 646
f 114 200 1183
f 646 200 444
f 200 1605 444
f 1605 200 114
f 192 240 739
f 723 1640 611
f 611 1640 1995
f 708 1640 482
f 1640 708 1995
f 632 785 1052
f 1137 279 872
f 1137 1171 279
f 1554 708 482
f 1554 1598 708
f 1640 1554 482
f 1554 1640 723
f 1554 723 527
f 1598 1554 1058
f 46 1177 761
f 1177 46 1771
f 1227 46 761
f 827 616 560
f 616 1722 560
f 616 827 231
f 1722 616 299
f 1445 616 231
f 737 616 1445
f 299 616 737
f 1488 300 1820
f 413 82 1289
f 82 1742 1289
f 82 994 1742
f 908 365 1282
f 483 908 1282
f 859 908 483
f 269 35 398
f 35 269 309
f 988 269 398
f 269 988 309
f 398 1524 1142
f 35 1524 398
f 1142 1524 307
f 1524 35 307
f 973 1900 1593
f 523 1900 973
f 1900 1998 1593
f 1900 523 1998
f 1017 1671 241
f 1017 326 1195
f 1671 1017 1195
f 1017 89 872
f 1017 241 408
f 89 1017 408
f 1210 970 700
f 970 1210 1804
f 970 1274 700
f 388 1694 1817
f 1694 388 1804
f 388 1817 1272
f 970 388 1272
f 388 970 1804
f 402 1535 394
f 1535 1701 394
f 1535 358 1701
f 1535 402 1773
f 1906 1535 1773
f 358 1535 1906
f 1496 415 1153
f 1496 333 415
f 270 1496 1153
f 333 1496 270
f 61 280 15
f 61 197 280
f 1130 61 1272
f 197 61 1130
f 1605 489 444
f 489 1605 1058
f 883 1598 1058
f 1605 883 1058
f 883 1458 1224
f 883 1224 708
f 1598 883 708
f 1865 1029 660
f 1865 925 1029
f 588 114 1645
f 588 1605 114
f 588 1645 925
f 1865 588 925
f 1783 481 817
f 192 481 188
f 1183 481 1783
f 481 1183 646
f 481 739 817
f 481 192 739
f 785 1534 1052
f 89 1534 872
f 1534 89 1052
f 1888 1137 872
f 1534 1888 872
f 1993 1084 1274
f 970 1993 1274
f 1084 1854 1274
f 1274 1854 700
f 1854 632 700
f 1854 785 632
f 1854 1084 785
f 1409 46 1227
f 423 1409 1783
f 1409 423 1771
f 46 1409 1771
f 1409 1227 160
f 1409 1183 1783
f 1183 1409 160
f 1425 187 1166
f 187 1425 1513
f 1425 238 1513
f 994 24 1175
f 82 24 994
f 24 413 1175
f 24 82 413
f 1485 908 859
f 1485 930 1035
f 1485 859 930
f 365 1485 1035
f 908 1485 365
f 239 1017 872
f 1017 239 326
f 279 239 872
f 239 279 26
f 239 26 1511
f 326 239 1511
f 61 136 1272
f 136 970 1272
f 1993 136 15
f 136 1993 970
f 1261 883 1605
f 588 1261 1605
f 1458 1261 660
f 883 1261 1458
f 1261 1865 660
f 1261 588 1865
f 1133 919 188
f 481 1133 188
f 1133 481 646
f 1133 646 444
f 919 1133 444
f 1084 684 785
f 684 1534 785
f 684 1888 1534
f 1171 729 527
f 729 1554 527
f 1554 729 1058
f 729 1599 1058
f 1599 734 1058
f 192 1526 240
f 240 1526 146
f 1993 865 1084
f 865 1993 15
f 280 865 15
f 865 1526 661
f 1526 865 146
f 865 1381 146
f 865 280 1381
f 1791 1425 1166
f 1791 1166 712
f 1820 1791 712
f 300 1791 1820
f 51 61 15
f 136 51 15
f 51 136 61
f 292 684 1084
f 865 292 1084
f 292 865 661
f 684 1529 1888
f 1888 1529 1137
f 1338 729 1171
f 729 1338 1599
f 292 1338 684
f 1338 734 1599
f 661 204 1859
f 204 734 1859
f 1813 1791 300
f 1791 1813 1425
f 1425 1813 238
f 1813 1488 238
f 1813 300 1488
f 63 1338 1171
f 1137 63 1171
f 1529 63 1137
f 1829 1338 292
f 1829 661 1859
f 1829 292 661
f 734 1829 1859
f 1338 1829 734
f 1526 1846 661
f 1846 204 661
f 1846 192 188
f 1846 1526 192
f 204 960 734
f 960 489 1058
f 734 960 1058
f 489 960 444
f 1338 921 684
f 63 921 1338
f 921 1529 684
f 921 63 1529
f 1846 1391 204
f 1391 960 204
f 919 1391 188
f 1391 1846 188
f 1391 919 444
f 960 1391 444
o Cracks
v 6.838106676735352 8.386696209340204 0.1
v 6.84583347499516 8.601677993765986 0.1
v 8.111994067316523 9.237389723194235 0.1
v 7.4395065411521255 9.567261779716281 0.1
v 6.6053780071510815 8.71010091653499 0.1
l 2001 2002 2003 2004 2005
v 13.274447989798759 12.099001217033207 0.1
v 14.356807733165528 12.342179863664587 0.1
v 13.39866272203053 10.382409600587012 0.1
v 13.317720427776013 11.178501937658126 0.1
v 12.681960326482079 12.240208270244501 0.1
l 2006 2007 2008 2009 2010
v -10.81906938944899 10.564713329073754 0.1
v -10.37666908467747 9.466552181876294 0.1
v -9.997909430337119 9.165378704279366 0.1
v -9.480641747563922 9.522234129077015 0.1
v -9.10038525090653 10.986382474462834 0.1
l 2011 2012 2013 2014 2015
v 4.6045106531941595 2.2846164108671427 0.1
v 3.8963097338608437 1.4851167638278528 0.1
v 4.739045356144302 2.0635902220300304 0.1
v 4.398474756220443 1.6513780388375807 0.1
v 3.3252660375713328 2.692160427126695 0.1
l 2016 2017 2018 2019 2020
v -15.657974191750691 -2.8180800103610784 0.1
v -13.984046199787254 -4.452678243834961 0.1
v -14.635700562246125 -3.3917651263166633 0.1
v -15.45371917106427 -2.7461628526066306 0.1
v -15.205638250093383 -2.9018714440330324 0.1
l 2021 2022 2023 2024 2025
v 3.9666067746464697 14.845011698528292 0.1
v 3.9384440634311133 14.485867130700179 0.1
v 4.173956218748042 12.973981034084067 0.1
v 3.3581222371439914 13.591748659759785 0.1
v 3.9027974031461383 14.222359992987498 0.1
l 2026 2027 2028 2029 2030
v -0.7490715553502749 11.704433667907985 0.1
v -0.1420673586608796 11.341290678982062 0.1
v -0.8530214117609223 11.784907968463049 0.1
v -0.3408485585990788 12.240598282995208 0.1
v 0.27258464801091997 12.580998429089036 0.1
l 2031 2032 2033 2034 2035
v 12.948326475512976 3.454180315693539 0.1
v 13.35433279049434 5.0769639737494465 0.1
v 12.081032715164326 4.861599121964188 0.1
v 12.108422498253733 5.046636709369478 0.1
v 12.88732787414267 3.53010291915553 0.1
l 2036 2037 2038 2039 2040
v -13.082661106536463 13.596575999362488 0.1
v -13.028039384893585 13.147234820079648 0.1
v -12.311348127273067 13.152083196152379 0.1
v -13.007380599873759 13.014033554492343 0.1
v -12.957066867261897 12.89765159982791 0.1
l 2041 2042 2043 2044 2045
v 11.534731096987542 5.2571176738867464 0.1
v 12.680159003302904 6.678076821040321 0.1
v 11.900033379849289 6.172959656919518 0.1
v 12.098662048885007 5.5303949732263575 0.1
v 12.393790496167364 6.685187668433247 0.1
l 2046 2047 2048 2049 2050
v 11.058256640224698 -11.32784377417823 0.1
v 9.390951363269851 -11.230803736976537 0.1
v 9.234033311725707 -11.224003330294119 0.1
v 9.974486701870127 -10.847408042799037 0.1
v 10.47416115904568 -12.39843254335086 0.1
l 2051 2052 2053 2054 2055
v 8.36240692115749 -6.8268779176719505 0.1
v 8.342521789768027 -7.3771891992904255 0.1
v 7.1079053670808445 -8.333481224004933 0.1
v 8.230109566660675 -8.245493241166262 0.1
v 8.065049248323565 -7.865839307719117 0.1
l 2056 2057 2058 2059 2060
v 15.595962096765966 13.267646708878935 0.1
v 14.491114729707702 13.396532670278361 0.1
v 15.219297714885043 14.712120910843744 0.1
v 13.912030666179948 13.923391531405771 0.1
v 14.4031696020603 13.942251304385197 0.1
l 2061 2062 2063 2064 2065
v 0.91955136280485 7.776658097904767 0.1
v 0.48356169959709683 7.968189433227605 0.1
v 0.9659452772088246 8.226374881826704 0.1
v 1.4166930250731735 8.182281174263217 0.1
v 0.9582584956772628 8.617367305987937 0.1
l 2066 2067 2068 2069 2070
v 11.295180202000413 11.67367784190526 0.1
v 12.373551685727069 11.601641656210436 0.1
v 12.046726179642711 10.826481739169875 0.1
v 12.481216056370386 10.803270351341736 0.1
v 12.498826673529244 10.616548567715672 0.1
l 2071 2072 2073 2074 2075
v -5.354797748856377 -7.111050556315937 0.1
v -6.702391105624906 -7.578774055665543 0.1
v -5.775901991607004 -7.93802936832454 0.1
v -6.507004130284425 -8.740733999758337 0.1
v -5.833021051711629 -7.9774153997812185 0.1
l 2076 2077 2078 2079 2080
v 3.310028334432938 -10.226370975346075 0.1
v 3.5730188594176 -10.403654146331691 0.1
v 3.353398441441585 -10.8894747231145 0.1
v 2.3343808315505505 -10.442443353489724 0.1
v 3.948850771112411 -10.232724851118547 0.1
l 2081 2082 2083 2084 2085
v -12.221006841160305 7.799056529336743 0.1
v -12.914481406297705 8.12882518987015 0.1
v -12.799766557542174 9.003008249274087 0.1
v -12.907197890798798 8.184930928991541 0.1
v -12.656124383744338 8.906955819276204 0.1
l 2086 2087 2088 2089 2090
v -1.7226363444861519 14.618335742487314 0.1
v -1.455652488462344 15.039353633276427 0.1
v -0.6389040811024667 14.11168251148802 0.1
v -1.7809099841424127 13.758197723134204 0.1
v -0.35178944037621784 15.013924264617184 0.1
l 2091 2092 2093 2094 2095
v -2.2518296039120775 2.3989505246135976 0.1
v -1.3999969040693185 1.7509167656213285 0.1
v -2.043195002043384 2.9750317412056395 0.1
v -1.2909516409755328 2.4687400336151804 0.1
v -2.9954385554349527 3.033681225195357 0.1
l 2096 2097 2098 2099 2100
v 13.234541655157374 -7.864328364167485 0.1
v 11.547903293585426 -7.45234659989419 0.1
v 11.687434154724047 -6.227923526051221 0.1
v 12.56450354508149 -6.593405384555514 0.1
v 11.471677315921523 -6.5666421798680705 0.1
l 2101 2102 2103 2104 2105
v 3.650604744374925 2.49633763095344 0.1
v 3.356454067622412 3.198930697158718 0.1
v 2.836515574246476 3.226858044313592 0.1
v 3.9251031567812182 3.0431860536957744 0.1
v 2.6396447521715416 3.291762040396283 0.1
l 2106 2107 2108 2109 2110
v -1.1535750483048857 1.0593415784441382 0.1
v 0.10422733750731239 2.0585651914215704 0.1
v -0.3920120454511 1.8933545626447958 0.1
v -1.170336102699691 2.1701324468170586 0.1
v 0.023567004185524487 2.074765767299278 0.1
l 2111 2112 2113 2114 2115
