# Cyvl Generated CAD Model
o Street_Mesh
v -7.405991926672868 -7.938699454069138 0.0
v -6.359890737512615 -8.51885502319783 0.0
v 5.212729552004021 2.3713047048076987 0.0
v 6.6549992569489405 -3.4539921870455146 0.0
v 0.8413492368417792 -11.353147650137544 0.0
v -12.721093175467104 9.088859061710536 0.0
v -11.614815028791782 10.57426908891648 0.0
v 13.105850794469006 6.610002608969808 0.0
v -5.31658773770323 11.398105995729566 0.0
v -4.793494067795109 12.292347522452474 0.0
v -14.240355377783999 9.0413777269423 0.0
v -0.03733415144961327 14.912774160504341 0.0
v -8.402041713474318 13.865704070776701 0.0
v -13.530039425124414 6.0594517374411225 0.0
v 5.278026313637383 -4.879790619015694 0.0
v 4.936435435607564 14.29919495433569 0.0
v -9.339175433211494 5.8546100202947855 0.0
v 1.3933629430830479 -10.944151623174548 0.0
v -5.297296317352448 -9.698186310008168 0.0
v 3.4877649171394296 9.538552606478333 0.0
v 6.372481411730405 -11.557506912387908 0.0
v -0.044422884995583445 -14.946267466060817 0.0
v 5.706642227654811 -10.773582968860865 0.0
v 8.957129408838227 12.313478413969278 0.0
v 5.6572446373756975 1.3973145261406898 0.0
v -6.712835473706946 -7.750777002424002 0.0
v 2.67699980980251 -4.27277070377022 0.0
v -13.338892605388537 -3.4699896071106195 0.0
v 4.44696324353572 -4.419048408977687 0.0
v -0.794569990655873 8.119548595510423 0.0
v -12.262601968774106 8.202258003875613 0.0
v 6.594757750164717 3.1877354262396693 0.0
v -1.1405619391589426 10.13634031265974 0.0
v -0.547218341846019 3.0532566336914897 0.0
v -1.2730980663909577 0.867513032630086 0.0
v 12.839618610800244 8.388972762040794 0.0
v 14.987558141583577 8.987869770266116 0.0
v 4.743147579370998 -7.093205997720361 0.0
v -5.056873098073993 0.5372660784050822 0.0
v -13.21072197984904 0.171527530066669 0.0
v -14.456650791864377 -1.0652411952614784 0.0
v -6.574783722695429 2.405383888632059 0.0
v 10.96774743514834 -7.5936701921746135 0.0
v -1.8089666667510755 2.803426214493811 0.0
v 6.394747272715904 2.707764114253223 0.0
v 0.7999746365239844 9.877431369386613 0.0
v 14.764028601697646 7.6284893760457635 0.0
v -8.88687320786994 -10.856306501664221 0.0
v 6.913475873414427 -6.429323355667293 0.0
v -6.372560655057896 -8.018089214339852 0.0
v -12.070946704945527 2.354414894245565 0.0
v 0.08595726470230147 -4.358195484615862 0.0
v 9.124511125090066 13.29700550250709 0.0
v 8.672724118281621 12.92496529687196 0.0
v 7.508181210083421 14.768572962842882 0.0
v 6.472375240467954 3.2536227870732546 0.0
v 1.3792027769959532 1.8388457791879773 0.0
v 4.969850707508158 10.214932885952294 0.0
v -3.014383514993824 -2.3679832816123962 0.0
v -7.402283520961646 8.58699875883758 0.0
v 0.4684936127741821 -10.134561999700963 0.0
v 6.29002920165658 -3.6789630027487874 0.0
v -2.01751143328147 -14.445746840909123 0.0
v 13.001860129996203 5.40442122798413 0.0
v 8.529894070292357 -14.657276880927384 0.0
v 14.684105251799338 -2.658335108309984 0.0
v 3.4018910960876383 -8.587710864841938 0.0
v 4.744159268098883 8.302050190977752 0.0
v 1.863429553748574 3.180806796066463 0.0
v -9.635614048398566 7.525127122178674 0.0
v -0.8081879596575163 9.013967044651508 0.0
v -11.151747060299385 14.123040141537786 0.0
v -3.924458624504041 -8.55329858046025 0.0
v -3.269871957076248 -8.228394036181271 0.0
v -1.1744983913376927 -2.119150271639228 0.0
v 7.913636205077637 10.454970014281571 0.0
v 8.85857752134325 -2.569187900982797 0.0
v 0.10689206962706521 2.640909777022898 0.0
v -6.022812073468231 10.349504727870226 0.0
v -12.753857146657538 10.359275265596807 0.0
v 4.181665489682928 -3.728728952817619 0.0
v 4.560741141031031 5.868559402413666 0.0
v 4.983522554161027 1.9196216715499759 0.0
v -0.11791379802161828 -14.52324666082859 0.0
v -8.620896471547894 -9.726164421997964 0.0
v 2.369077055947855 12.994298553094268 0.0
v -5.791647223988548 5.876129427924752 0.0
v -14.776884016871918 -3.3210648084059358 0.0
v 4.983326801273506 8.297432100400329 0.0
v 5.64998612558702 11.221907668747008 0.0
v -10.43752562138252 9.01895840652287 0.0
v 10.355522393947467 -8.682336195372045 0.0
v 9.865348322957288 1.5219719000160694 0.0
v 1.7480268787476234 -13.019151776097715 0.0
v 9.077140862355009 -1.773481302894652 0.0
v -3.432161500910297 -11.480373265221715 0.0
v 5.414905326731969 -7.0167485903948545 0.0
v -6.499926860036794 10.737231973558664 0.0
v 13.110307143826503 1.7535207336768508 0.0
v 12.01925853715511 -9.913754691369832 0.0
v -7.610325702349655 9.114863312803209 0.0
v 0.8551661013625562 -0.29870351403951645 0.0
v 8.226296015782282 -3.088119914755225 0.0
v 3.9288759201881476 12.709491464309394 0.0
v -13.178654919727705 5.365603013895452 0.0
v 13.736618972558063 -1.7902437960729003 0.0
v 3.0617548309382983 -3.343513631261885 0.0
v 14.881923082226422 -2.0665747094899416 0.0
v 13.690574306005146 -9.466279849410057 0.0
v -12.73969631746877 5.264995040372014 0.0
v -13.69654450879898 3.8880725055933 0.0
v -4.979087194718886 14.181008819490671 0.0
v -0.978700187173672 9.646020711399615 0.0
v 2.2834976876038127 6.79612497612834 0.0
v -0.41029355861246586 6.691589565947652 0.0
v 5.086284163873643 0.2522531943395734 0.0
v -7.802261422737502 4.024607861414552 0.0
v -11.725737107393797 7.675583531148732 0.0
v -7.310544890293386 6.79735245462507 0.0
v 10.178909521899186 -11.987731666304171 0.0
v -9.49839454924222 -6.1043091574683785 0.0
v 14.848987497505732 9.431989969685674 0.0
v -1.838987443363294 -8.336398245766759 0.0
v 1.5736575433984399 -13.755252207629383 0.0
v 10.416765660978854 -11.963160458952188 0.0
v -6.065885826305021 0.271915789693594 0.0
v -6.015022296749521 9.951081243343651 0.0
v -3.888384919380769 -1.5199774662032723 0.0
v 2.783405369205866 10.408796436153352 0.0
v 3.638281508872751 -7.9846604987978935 0.0
v 11.6066338159726 0.013656490482389927 0.0
v 11.264056952437386 -5.14429897069931 0.0
v 10.522943999036215 1.576737212948501 0.0
v 5.332349392701872 -3.7498503206297755 0.0
v -5.846745783812366 -1.3989475229755044 0.0
v -11.904996759723872 5.134852884337306 0.0
v -12.27314940985525 1.1028489032760262 0.0
v 9.161759332055226 4.403589284047484 0.0
v 14.33467003016267 -14.057459308765829 0.0
v -11.276472024386749 -6.2414578422904015 0.0
v 10.110702116566245 -8.055174833163619 0.0
v -8.466913756157737 0.1055947607383132 0.0
v 12.052187204477377 -1.1989076482132077 0.0
v 8.129557691398077 2.3026325907558203 0.0
v 9.107451126619708 -10.645739519037306 0.0
v -5.771872341050766 14.471352688968182 0.0
v -9.320753638632596 13.62267813179642 0.0
v -1.6137863276526332 8.899251313880086 0.0
v 2.739374631026294 3.9487690813839436 0.0
v -12.831073706038296 8.200872860848904 0.0
v -0.3819388991687447 11.837283847853541 0.0
v 0.04524779494386166 7.988937853835523 0.0
v 11.426463870157022 1.4349016845226288 0.0
v 0.6654870366328396 14.002331219613552 0.0
v 13.136056196293794 8.403123534284532 0.0
v 8.45074402395403 -3.9884415566921234 0.0
v 0.29927790828514844 7.465943573974073 0.0
v 11.193422812619247 3.9346690140664577 0.0
v 12.049773408623878 -11.381815806031227 0.0
v 1.1471048678504303 9.32254589535296 0.0
v 4.79346397012705 5.998056177981198 0.0
v -8.659619758022018 -4.473771928809583 0.0
v 7.1218822109512985 13.939195115119219 0.0
v -5.100094803317916 -6.3749269070103765 0.0
v -6.261303820821922 -10.352068529464304 0.0
v 9.959718436177354 -5.271159171126783 0.0
v 4.814850228256546 2.7030049143359065 0.0
v -14.197810477286112 8.037979355081916 0.0
v 5.545300358149689 -4.205229413695633 0.0
v 6.295339775213506 2.5693493746221066 0.0
v -14.587094911548775 -3.5129281962290406 0.0
v 0.7382454945473 -14.854227204807103 0.0
v -7.524684701755177 2.4158857613801956 0.0
v -13.661342879582662 -14.571883173659444 0.0
v 4.017776603985112 -11.769709686748683 0.0
v 2.2939157944056205 2.316360743716359 0.0
v -3.585524330555927 3.5165672469884157 0.0
v 12.188835886016022 14.380001893267035 0.0
v 8.676130683685187 12.782411495223641 0.0
v -14.813571632897947 -14.57222125865519 0.0
v 5.806033025903162 -10.41309689823538 0.0
v -4.736638456059154 3.070309868082404 0.0
v -2.347493587702047 -3.78441399615258 0.0
v -4.402523205964826 5.9765710504725575 0.0
v -11.981989042309579 -1.9661421803757548 0.0
v -9.312079709779937 6.009315751492977 0.0
v 10.018801945028827 -6.402299468405545 0.0
v 4.5851127042551525 -12.3351334258914 0.0
v 3.386993864667602 -1.4441120391711593 0.0
v -2.197524298739154 0.5614450024440885 0.0
v 14.842479085724335 -13.896391443908215 0.0
v 3.6833387635997497 -5.900472826324403 0.0
v 12.318185530079063 -6.698772406205535 0.0
v 6.828527410223614 -3.9599896874278784 0.0
v 7.9322411135653965 12.764539220370352 0.0
v 3.041522401792463 14.163814972154796 0.0
v -3.4550211917958222 -6.4674983760342 0.0
v -10.81957994872937 2.5290870554745197 0.0
v 9.44500601204345 8.54430616647005 0.0
v -4.156075671198778 4.10021782759577 0.0
v 9.666655214969069 -1.9577680435031652 0.0
v -5.347573656064924 -11.601034075953066 0.0
v 2.0867741035763174 3.0489698722958565 0.0
v 6.127727338520344 13.484092386439443 0.0
v 7.872508601110894 -6.402303813956678 0.0
v 0.41626190848182887 -2.8226516656577587 0.0
v 4.778193066362292 -12.260833393782377 0.0
v 13.354387167666573 5.8114845752716064 0.0
v 3.451106363267172 -6.553231648169458 0.0
v 14.412564079742879 2.309109142050147 0.0
v 4.059753564069979 0.5825267657637596 0.0
v 13.466763879579958 -8.694538787938654 0.0
v -1.3194598141708411 -12.75236301496625 0.0
v 4.469953621737659 -0.013293401338160038 0.0
v -3.6898326883092523 0.4416515426710248 0.0
v 2.1488019406679086 0.28249530401080847 0.0
v -3.6408942506532185 -0.9087578738108277 0.0
v 5.6561500682728365 -10.305096025578678 0.0
v 7.120043862203602 -13.08571995422244 0.0
v 9.538842577720061 -0.6907869586721063 0.0
v -10.14600377716124 6.650950259529054 0.0
v -8.184286969655659 2.793280281126499 0.0
v -9.077868539956398 -4.854150229133666 0.0
v -6.387549419305287 3.8986760871484876 0.0
v -12.20108868042007 11.139559799805284 0.0
v 3.635633933416102 -12.26241117529571 0.0
v -3.7739440363366157 3.2921153623610735 0.0
v -9.164547147462144 2.9230455281212926 0.0
v 14.275626527087297 7.902643913403153 0.0
v 3.0450249300920404 -0.6092086369171739 0.0
v -0.7518429352785461 -1.4143489701673388 0.0
v 13.177971127675846 6.791403873823583 0.0
v 3.7272504901629873 12.9461679039523 0.0
v 2.5867702641990036 5.426900302991271 0.0
v -5.708918355405331 -1.333256865851581 0.0
v -8.11618445860222 4.22416886780411 0.0
v 8.087147946294863 1.0747310519218445 0.0
v -11.001962414826266 -1.9669639309868217 0.0
v 4.920104434830137 -7.254154928959906 0.0
v -14.419639138795901 -12.87345367949456 0.0
v 14.034399692260195 11.574264381080866 0.0
v 2.9759317474090494 0.5734445191919804 0.0
v 5.10591866041068 -11.790061407722533 0.0
v -6.2079281728947535 3.9880357328802347 0.0
v 4.238470161508303 5.4244649047032 0.0
v 8.244121230382007 9.699014478363097 0.0
v 3.351675528450869 4.844806298613548 0.0
v -0.42983971000649035 3.4607388181611896 0.0
v -12.352537577098701 0.552866393700242 0.0
v -14.900621976994444 14.861442170105875 0.0
v -13.1200463315472 1.1323646577075124 0.0
v 13.474856741842814 6.85814262740314 0.0
v 11.112066631554626 -14.496159898117185 0.0
v -3.9542224563192576 12.602069578133523 0.0
v 0.1639995384030044 -1.5804623123258352 0.0
v -9.979549591662362 7.953999702818692 0.0
v -3.654737714678049 5.665885750204325 0.0
v 11.08729567885166 4.394577751867473 0.0
v 11.476272903149948 0.681561934761703 0.0
v -6.404640643973835 12.068475403822958 0.0
v -8.103786459076218 3.564306750893593 0.0
v 11.964223767165095 3.972400435246527 0.0
v 3.1648524702177383 -14.660675251856446 0.0
v 1.548159265134018 -8.666486798785627 0.0
v 13.256903297093231 -13.038472959771752 0.0
v -0.6698218806413934 6.201785455457866 0.0
v 9.968166454520542 -3.5704996082931757 0.0
v 12.245904854906257 4.733517748303711 0.0
v 8.358679955184925 -6.434982162900269 0.0
v -13.491164049773943 -13.387345744296908 0.0
v -13.774721479043365 -2.44413117878139 0.0
v -14.626333008694928 -8.41292410902679 0.0
v 9.64224166655913 6.211118911392987 0.0
v -2.4921331555815414 -13.848109827376902 0.0
v -8.164256316900719 1.3529550302773714 0.0
v -5.006035630649421 13.329483777284622 0.0
v -7.02039571327623 3.7312759747728705 0.0
v -11.251324551471043 -3.563792772591114 0.0
v -1.1395694088423625 -9.967782887630165 0.0
v 8.383567594457418 14.830299453809857 0.0
v -11.955191637505777 14.43896703235805 0.0
v -11.505665270029567 -12.692104588262737 0.0
v -4.430909131537192 -12.274891193024814 0.0
v -3.3132850802503526 6.905592097900808 0.0
v -11.486075621680357 -8.870047590695322 0.0
v -9.383950556104537 -3.5393281439319253 0.0
v -11.919256922614295 13.543486363254488 0.0
v 7.168356724490877 -14.940416887402534 0.0
v 12.16409809445031 -10.406565137207508 0.0
v -3.742893224116415 4.361192408949137 0.0
v -8.986712352198083 13.797378805465996 0.0
v -10.790828806872014 9.265786581672728 0.0
v 1.5922599529731087 0.5046511124819517 0.0
v -5.2571562611847185 11.45524391066283 0.0
v -4.979463234834839 2.1176776066422462 0.0
v -5.602907349006273 5.9755512503907084 0.0
v -0.9352249118383043 -2.4773517278954387 0.0
v 1.8884452122729272 -4.86652478389442 0.0
v -2.3730041071539745 11.570712580345571 0.0
v 0.6517162162926979 -13.343136686831713 0.0
v -5.389840337156784 -8.537994272075593 0.0
v 11.552819743286818 -11.16315548028797 0.0
v 10.190158204757608 -8.67340019904077 0.0
v 8.379728893050924 13.337098531425 0.0
v -6.845355874567758 -14.991859224624932 0.0
v 11.044936419290025 -1.0733497207984328 0.0
v 10.004094421979971 12.590708675794303 0.0
v 9.101764765917324 -10.024601262062788 0.0
v 8.074915175384376 5.8504333375021815 0.0
v 12.243690509581938 12.033444674685597 0.0
v 1.242446560121607 -4.1990326046943665 0.0
v 2.291889864311088 -4.74177404679358 0.0
v 14.698226869979408 13.160618530586362 0.0
v -3.5355488035129383 -11.469912653788924 0.0
v 5.712006778630894 -5.447823002003133 0.0
v -12.00439633388305 -7.585720809176564 0.0
v 14.671381121384911 6.154643214307725 0.0
v 2.8140036745462567 -10.49284666404128 0.0
v -14.400922246742994 11.08700308483094 0.0
v 5.7853211724432185 -1.0372650269418955 0.0
v 12.051399518793914 13.100131392478943 0.0
v 1.0793024970917031 13.473896575160325 0.0
v 1.073003808152862 7.381959966383874 0.0
v -2.308049857849255 -4.324798141606152 0.0
v 10.89017033163691 -10.796033472754061 0.0
v 14.588337250170298 7.944857034832239 0.0
v -6.490789655421395 -11.33849105797708 0.0
v 5.402369425049983 0.926138574257493 0.0
v -1.7264139771577902 -9.655234474688768 0.0
v 2.55516206251923 -0.05581637844443321 0.0
v -11.267718660645187 -14.527730137109756 0.0
v 11.878205720509868 2.950355122797191 0.0
v -9.254097956581973 10.249016840010881 0.0
v 14.228170130983926 5.556530197151005 0.0
v -11.87040962051833 10.701997805386782 0.0
v -4.944363029266242 -5.660043207928538 0.0
v -4.283281749638263 10.817177987657487 0.0
v -11.041869198728818 -10.315929560922086 0.0
v -1.3515345677733421 -10.036980926990509 0.0
v 8.08930813812185 3.3079942371696234 0.0
v 13.912993950070813 -0.7222333941608667 0.0
v 6.269877976621501 -7.8791962293908 0.0
v -2.7431341059855185 14.008154491893947 0.0
v -11.743234949128237 -4.396143209189177 0.0
v 6.130327919381671 5.873512067832053 0.0
v 10.400210778636392 5.189049777574837 0.0
v 5.981108878913801 4.110894987359643 0.0
v 13.94087881105952 -6.454834444448352 0.0
v -3.096776718273759 0.585466556251049 0.0
v 12.762139959959313 1.8473021611571312 0.0
v -0.9511993516935036 10.043760183267295 0.0
v 6.272433411737438 -2.8385287653654814 0.0
v 10.34651587397093 12.768976313993335 0.0
v -1.376165560388472 -5.997331332415342 0.0
v -13.36316314979922 -11.906304542906582 0.0
v -5.343967539432924 -0.2607893915846944 0.0
v -11.234646005788818 11.235763325355947 0.0
v 14.449706162326038 -13.291281637735665 0.0
v 9.50292022206122 5.626265475526452 0.0
v 11.676622616243549 2.4000444039702415 0.0
v -6.2221895817201585 1.4518952509388328 0.0
v -11.192535594396759 2.656212216243148 0.0
v 9.274470528529491 -1.012401469051838 0.0
v -2.3026449542376213 5.997767210938036 0.0
v -9.867934857378714 10.141524001955986 0.0
v 0.4572709407657385 2.6189284520223737 0.0
v -6.3680231115431525 -14.618784427642822 0.0
v 6.35621870221803 1.762589544057846 0.0
v -5.028758651518729 4.196556149050593 0.0
v 6.06604987825267 -12.137276764959097 0.0
v -10.465662311937194 -11.067712529562414 0.0
v 12.0071218527155 11.947095714509487 0.0
v 13.013880314363632 -6.674823705106974 0.0
v 6.18149581149919 10.984879633411765 0.0
v 9.334561669791583 9.653346895240247 0.0
v 6.751632031286135 -1.1756897429004312 0.0
v 5.154527073493227 -0.6742746252566576 0.0
v 4.980572530708741 -10.171776079572737 0.0
v 3.704260925296694 -2.8610585751011968 0.0
v 7.632270972651895 7.968848352320492 0.0
v -5.084759694291279 1.9626790890470147 0.0
v 12.071080565161537 -14.644738555885851 0.0
v 0.1606323226587847 10.852400517091155 0.0
v 13.392218870983925 8.828713898546994 0.0
v -8.209719517093617 0.0738079147413373 0.0
v 10.298945600632578 -9.64018472097814 0.0
v -4.986635568551719 -10.576750794425607 0.0
v -0.9677434859331697 -10.421435815282166 0.0
v -10.958727017277852 8.845467579551041 0.0
v 1.407884234446101 -8.877945115789771 0.0
v -14.565117328194901 13.244483757764101 0.0
v 6.864638397411909 0.0765524348244071 0.0
v 3.047569286893122 5.595343551598489 0.0
v 4.146604972018395 12.581705587916076 0.0
v 12.489576781284995 10.678478014655411 0.0
v -10.689460750669241 -2.6110213808715343 0.0
v -12.519563362526242 6.024695368483663 0.0
v -13.824309516116045 -12.03411800134927 0.0
v -11.422603591985535 -4.401008271612227 0.0
v 8.149368799640797 -4.015206033363938 0.0
v 0.9114532400853932 -2.2025142489001155 0.0
v -10.1659434576286 -13.951658179983497 0.0
v 3.626138874271419 14.257293747738004 0.0
v -4.081200997927226 6.181627758778632 0.0
v 6.8740526886540465 3.3157698530703783 0.0
v 11.540985069063026 -7.610576487146318 0.0
v 10.575931734230835 -5.182123610749841 0.0
v 10.366789044928737 -10.942722531966865 0.0
v 5.356305204331875 -5.0708130449056625 0.0
v 2.6263803573674522 7.216098685748875 0.0
v 0.9678799987304956 -5.747953778132796 0.0
v -8.466480206814595 -10.07685711979866 0.0
v 4.000451244006399 -2.904327950440347 0.0
v 4.402142085134983 12.224922838620842 0.0
v -6.821960126631893 11.426528221927583 0.0
v 7.426972895278595 6.537643540650606 0.0
v 4.400601730158087 9.969248523004353 0.0
v -5.458070269785821 -12.848649696446955 0.0
v 11.357689600263257 -1.2009618943557143 0.0
v 7.062748145137448 6.254185792990029 0.0
v -14.260301442467608 -4.822387468069792 0.0
v 13.553097577416338 -4.917563870549202 0.0
v -7.8261946073616855 3.654485053382814 0.0
v 9.256136446027085 13.510127048939466 0.0
v -3.1977326492778957 -6.734748479910195 0.0
v 2.0976610992802307 -12.008855640888214 0.0
v -3.2453575081308372 -8.82730034738779 0.0
v -5.991176008188631 7.728062571957707 0.0
v 7.807652049756143 -5.603821473196149 0.0
v -1.5148940795334056 9.926793856546283 0.0
v 1.977299382793717 -7.145100231282413 0.0
v 0.024990242440253496 14.972134296782315 0.0
v -3.3244820166146383 -5.945907260291278 0.0
v 0.9089210207457654 13.340420490130782 0.0
v -8.371531886805315 -8.237612287513912 0.0
v -11.603136196790729 -9.907838517799973 0.0
v 12.922327728825621 0.04924560338258743 0.0
v 4.652256848989055 2.543541450984776 0.0
v -6.480779804987833 -2.753751133568585 0.0
v -2.236758387298323 -14.382562389597297 0.0
v -1.7442233728361316 8.685655326582491 0.0
v -3.0661705180536956 -13.484912691637874 0.0
v 13.875776236061938 -0.009542408399283886 0.0
v -10.529115524434019 7.108379821293056 0.0
v -0.9707837339956313 1.7870834916830063 0.0
v 11.251186153152958 -14.989874529652297 0.0
v -11.480947398464195 -4.014969766139984 0.0
v 14.171692268515471 -11.658575875684619 0.0
v 6.230392366705928 6.964323269203305 0.0
v 12.541134895640425 -0.8795547876507044 0.0
v 10.17896751652006 -9.408580081537366 0.0
v -8.894097124459222 -10.680243481881917 0.0
v 1.4424809436313808 -12.122331836260855 0.0
v 11.0651352883433 7.729263409972191 0.0
v -12.032332298811525 -10.729409552179277 0.0
v 13.865711927122902 5.704011861234903 0.0
v 0.461312604136765 -6.328817114233971 0.0
v -2.014194938528817 -5.129117819480598 0.0
v -10.099245458783116 -5.648801581934094 0.0
v -13.876565000333358 -5.804904595017433 0.0
v -7.863486936956178 -10.144765166565776 0.0
v -2.605232130328659 1.597668101079762 0.0
v -11.30777362495428 -9.682160927914083 0.0
v -14.666237160854507 -10.484933437779546 0.0
v -0.33316613867646083 -4.528808639384806 0.0
v 1.3923768823151477 5.6267986334860325 0.0
v -6.2887534518959 4.420829612761736 0.0
v -4.917677218269091 11.197528729215264 0.0
v 1.8918565341737121 -6.049224881455302 0.0
v -5.8506252482766286 0.9230147050693631 0.0
v -4.683097323810216 -4.144140155985951 0.0
v 14.472791384963784 -6.479769802652299 0.0
v 2.7203866656054743 3.62739026080817 0.0
v -10.913830159581266 9.479919173754752 0.0
v 13.20285384944873 -1.261576984077692 0.0
v 9.182310833595693 14.265157526358962 0.0
v 1.3560875840485096 2.3891410548239946 0.0
v -10.148708752240054 11.672958384267986 0.0
v -1.0218216922366992 14.121677761897445 0.0
v -5.9350619005272165 11.187317031435668 0.0
v -13.265981945500243 2.334899420849979 0.0
v 5.62051134504145 12.48996407724917 0.0
v 14.307262312388048 -11.240931458771229 0.0
v 2.1197418515221216 -9.052200307138264 0.0
v -13.174092491331976 -7.461701960302889 0.0
v 0.9649534983327612 4.06282770074904 0.0
v -3.284433681052178 -13.87428558897227 0.0
v -8.75212359894067 14.97763601411134 0.0
v 4.9661196048837155 13.76502755843103 0.0
v -12.21814323856961 -10.950613113120198 0.0
v -1.930904721666593 11.29939629882574 0.0
v -11.799057630007155 6.36659777071327 0.0
v 3.865082885371521 -14.396292012184858 0.0
v -11.978013712971006 -11.181499594822526 0.0
v 14.53773175983224 -8.537247258238494 0.0
v -9.000533567101229 3.7264884766191244 0.0
v -3.0195120545104146 8.644132025539875 0.0
v 14.328896833583713 14.19654992595315 0.0
v 9.465568035084289 5.288286404684186 0.0
v -7.472974492935464 10.855278313159943 0.0
v -3.9782050531357527 14.573669727891684 0.0
v 10.43930333526805 -0.18670154735445976 0.0
v -11.621317204204388 -8.741212509572506 0.0
v 0.5683291931636631 -8.842672150582075 0.0
v -0.9759843778447248 7.342992782592773 0.0
v -7.018238943244796 -9.344692808575928 0.0
v -3.4265644866391085 3.474259571172297 0.0
v -0.09839352098060772 -2.9115344639867544 0.0
v -4.675814185058698 5.2482707081362605 0.0
v 14.608913063479122 -4.598521366715431 0.0
v 4.613555219431873 4.58356355689466 0.0
v -0.6136626304360107 14.76237820647657 0.0
v 14.155696408357471 10.206512010656297 0.0
v -3.5337985872174613 -12.649094304069877 0.0
v -7.76849732757546 -4.300290297716856 0.0
v 12.235157371556852 -2.8922090232372284 0.0
v 3.1334467185661197 7.148598130792379 0.0
v 2.9328322589281015 12.246714135631919 0.0
v -14.412646041950211 -2.686829052865505 0.0
v 14.18271330173593 -2.410803969949484 0.0
v 13.356258801242802 12.304372959770262 0.0
v -14.54285965685267 -8.155462539754808 0.0
v -7.407650906010531 -0.7766104163601995 0.0
v -14.776658542396035 6.297765675000846 0.0
v 9.527142479026224 -14.758706552907825 0.0
v 2.753616134286858 10.702456844039261 0.0
v 9.097048870637082 -5.69494753703475 0.0
v -2.660271510714665 -5.405513709411025 0.0
v 14.683697084605228 6.854194639250636 0.0
v 9.677217849297449 1.2246531071141362 0.0
v -7.900718592281919 -12.42788127809763 0.0
v -0.2028115016873926 8.339667845517397 0.0
v 5.33344826643588 7.155063206329942 0.0
v 5.93475201248657 -6.616097154095769 0.0
v 12.924566082656384 11.03802089765668 0.0
v -1.6364889524993487 10.344414005987346 0.0
v -4.0746151260100305 -4.783209020271897 0.0
v 0.4439246142283082 14.920271136797965 0.0
v -4.711561628093477 14.818397715687752 0.0
v 7.353101878718007 12.533387885428965 0.0
v 0.7420211951830424 4.650513577274978 0.0
v -0.8182443328551017 1.0542065193876624 0.0
v -3.9783218511147425 -8.900716917589307 0.0
v 3.3823579605086707 -2.833172334358096 0.0
v -11.402321318688337 6.595264554955065 0.0
v 0.06190215272363275 -7.658323785290122 0.0
v 11.630797464749776 -10.981746703386307 0.0
v -11.683120527246501 10.32717256527394 0.0
v 5.840613036998548 13.415435990318656 0.0
v -13.513970408414025 1.3994101714342833 0.0
v 13.9806995705585 7.006579397246242 0.0
v 8.96579560590908 7.642676918767393 0.0
v 4.109337439585943 2.85918896086514 0.0
v 2.905372020904906 1.5386968702077866 0.0
v -3.741025668103248 3.663091227412224 0.0
v -2.4495381049928255 9.920663840137422 0.0
v -13.983067489869427 3.5385037511587143 0.0
v -3.4011855113203637 -9.817162597551942 0.0
v 6.683923621894792 6.240074002183974 0.0
v -14.5833517301362 -3.7490186039358377 0.0
v -10.87716420966899 -1.6375412391498685 0.0
v 11.615293084527366 1.7367247575893998 0.0
v 12.435713362589013 9.753970487043262 0.0
v -5.655185829149559 -10.081559552811086 0.0
v 3.9048205747967586 3.3675410328432918 0.0
v -7.723550179623999 -8.645471607334912 0.0
v 13.991957223333884 -6.708330348134041 0.0
v 5.16588389541721 -8.61794357933104 0.0
v 1.982924269454088 13.701170240528882 0.0
v 4.780788444913924 -12.441512684337795 0.0
v -7.923331723141018 12.771993804723024 0.0
v -4.075241410988383 9.217075640335679 0.0
v 12.676884700718801 -0.8167971726506948 0.0
v 10.944490453926846 -7.42143134213984 0.0
v -4.515340985439252 -10.280232891440392 0.0
v -6.539574679452926 11.732942004688084 0.0
v 2.0181831641239114 -8.419836588203907 0.0
v -7.2090993009041995 -3.1363183157518506 0.0
v 2.259674499218818 -12.611948376521468 0.0
v 7.263242815388367 9.192181715741754 0.0
v 2.8125808283803053 0.027632405050098896 0.0
v -14.733964435872622 2.234412219375372 0.0
v -9.903743017930537 -4.5476176450029016 0.0
v -9.175129021052271 14.227170180529356 0.0
v 8.251585098041687 9.825416086241603 0.0
v 6.027539998758584 4.127925684675574 0.0
v 6.318454297375865 2.678928207606077 0.0
v -11.416578754549846 4.102972839027643 0.0
v -12.393004874291364 -7.194614297710359 0.0
v 7.748105450242292 5.229913903400302 0.0
v -9.286079783341847 13.554153244011104 0.0
v -14.193150135339238 4.170364685356617 0.0
v 0.3169080964871682 8.703114261850715 0.0
v 1.1827976165222935 9.459016539156437 0.0
v -5.45921966037713 -14.388062444515526 0.0
v 11.422903569822665 -13.693677644245327 0.0
v -7.5775251786690205 9.257389286532998 0.0
v -0.7848001808742993 5.544923922978342 0.0
v 2.2081174486665986 -10.89956290833652 0.0
v 2.9817183825653046 -6.2277125949040055 0.0
v 10.901981883507688 -5.68230019044131 0.0
v 7.117917804862373 -10.038534233346581 0.0
v 2.718423626443837 13.067948961630464 0.0
v 10.554163584776688 5.651088317856193 0.0
v 13.685995910374913 3.661683107726276 0.0
v -13.880648992431816 13.840343751013279 0.0
v -12.627918157260865 -9.137524014338851 0.0
v 9.724551381950732 0.6861981907859445 0.0
v -8.375904189364519 -3.440779565833509 0.0
v -0.598460090754088 -4.798050552606583 0.0
v 5.490238011814654 2.2250419026240706 0.0
v -4.265594669908751 13.401017434895039 0.0
v 12.289741215819959 14.417233122512698 0.0
v 10.513830994837917 9.641685492359102 0.0
v 0.307530716934707 -5.7643590327352285 0.0
v 6.23904825450154 8.935653873719275 0.0
v 1.1516022994183004 -9.623111607506871 0.0
v -9.117015671683475 3.0706944009289145 0.0
v -8.250906657020096 -3.6176781188696623 0.0
v 9.804955564904958 13.053828340023756 0.0
v -10.498275442456361 -9.05371786095202 0.0
v 3.3782962919212878 3.0242833737283945 0.0
v 10.078767141327262 10.315468940883875 0.0
v 9.137601309281308 -7.31051283609122 0.0
v -1.7444243224454112 2.2751827370375395 0.0
v -1.0207536739762872 8.70068296045065 0.0
v -12.006458290386945 5.071550873108208 0.0
v 4.457882570568472 -11.953588391654193 0.0
v 14.992466036579572 5.761267720721662 0.0
v 0.7238990251207724 5.163571421988308 0.0
v -6.0505448973272 -9.829944335855544 0.0
v -5.5101637445623055 2.376536545343697 0.0
v 5.5880142077221535 5.701110632158816 0.0
v -13.483628739544656 -0.31313526537269354 0.0
v -3.563931255834177 9.522607755847275 0.0
v -2.8094533225521445 11.704225982539356 0.0
v 6.066119789029472 11.918682361021638 0.0
v 1.107335424865596 13.862403134815395 0.0
v -13.78165233368054 -8.580841651186347 0.0
v -13.286061727500055 -5.807281045243144 0.0
v -5.319911974889692 -12.790865495800972 0.0
v -3.7465154008823447 10.991265154443681 0.0
v 8.912766705907416 -7.535891859792173 0.0
v 6.151852682291064 -10.145942306146026 0.0
v 3.0378967789001763 5.259528076276183 0.0
v -0.8294972843141295 -4.521965996362269 0.0
v 12.912304778641555 -6.035260343924165 0.0
v 5.581975340028293 -12.307308598421514 0.0
v 3.0320153181091882 -8.402266804128885 0.0
v 4.489280831476208 13.177706927061081 0.0
v -13.493366775976028 1.6561844497919083 0.0
v 10.210746442317031 14.894284574314952 0.0
v -13.984669710858725 -14.650445237755775 0.0
v -3.8387527441373095 8.074405514635146 0.0
v 9.771067310590297 9.486492848955095 0.0
v -8.985485499724746 -6.45156772620976 0.0
v -2.5665242408867925 -6.6381559846922755 0.0
v 1.9681752743781544 -12.786697109229863 0.0
v -0.46085225336719304 13.898857391439378 0.0
v 1.453654072014615 5.201941003091633 0.0
v 12.823534121445846 -2.5459545021876693 0.0
v 7.332571377977729 3.319684344343841 0.0
v -0.9797820110106841 4.264587932266295 0.0
v -13.384750436758623 5.1462512239813805 0.0
v 9.695680997683667 4.333132586441934 0.0
v -12.640058151213452 4.283715780824423 0.0
v -5.403360128810164 -10.83786240965128 0.0
v 4.282450030499604 7.030604709871113 0.0
v -5.352226678223815 -12.252327237278223 0.0
v 10.905262943299022 14.667732991278172 0.0
v -7.646326117159333 11.958462310954928 0.0
v -11.646093519579154 5.5773122953251 0.0
v 5.298214247333817 2.203159478493035 0.0
v 10.96103251184104 -9.449747412465513 0.0
v 10.307451918022707 14.419594219885767 0.0
v 14.699736060923897 -14.628597488626838 0.0
v 6.562499530555215 -8.598942353390157 0.0
v 3.1070558220962994 -14.373550499789417 0.0
v -12.607143817935139 14.521727807819843 0.0
v 1.8361278682714328 -0.5536193680018187 0.0
v 12.029146727407351 -13.162504326552153 0.0
v 8.58795806526905 -13.582353393547237 0.0
v 8.585504027083516 -0.7044722018763423 0.0
v -3.4214932030881755 2.951623330824077 0.0
v -4.590532445057761 -6.3791636768728495 0.0
v 11.478117223829031 -5.694126051850617 0.0
v 1.1723080134252086 2.4891466554254293 0.0
v 1.2179496614262462 8.052006815560162 0.0
v -6.349347095587291 2.9410667018964887 0.0
v 12.396940805425402 -12.149027490988374 0.0
v 8.593874217534903 -7.79639158397913 0.0
v 0.1565001059207134 -12.07141067367047 0.0
v -11.535346580727492 1.4476840421557426 0.0
v 0.1741360909654759 8.332755227573216 0.0
v 8.196143198001664 -11.618193451315165 0.0
v -4.64376470138086 -8.710621423088014 0.0
v 7.357304384757299 4.879978663288057 0.0
v -0.2365252350573428 -12.93294380698353 0.0
v -11.595131007139571 -14.023158169351518 0.0
v -2.3139568673213944 -14.577487986534834 0.0
v 13.33950160589302 14.86482830811292 0.0
v -3.66185887507163 9.931226395070553 0.0
v 5.963584290235303 -9.35985547862947 0.0
v 10.814903267717455 -9.318573974072933 0.0
v 13.600699827075005 14.823161380365491 0.0
v -0.9401784654473886 -13.312007274478674 0.0
v -2.7921344664064236 -13.74048035312444 0.0
v -4.6759215433266945 -8.735424821265042 0.0
v 7.707577638793737 12.999404375441372 0.0
v 5.924608508008532 -13.872664804570377 0.0
v -5.278563438972924 13.06961112935096 0.0
v -6.683118101675063 -9.470350942574441 0.0
v 6.685776916448958 -14.193928584456444 0.0
v -13.45024782809196 -6.908966448158026 0.0
v 14.854959318123292 -10.515017031691968 0.0
v 12.025180746160913 -1.4863646989688277 0.0
v 1.2929847313207574 -12.75644941162318 0.0
v -5.899268876935821 -0.8592428471893072 0.0
v -14.270404149137903 14.504531768150628 0.0
v 8.324194774962962 2.070617815479636 0.0
v -11.951275866595097 -10.207386959344149 0.0
v -10.774879193806555 14.789022559300065 0.0
v -5.283471278729849 0.3976643867790699 0.0
v 10.069352404680103 -5.989645811729133 0.0
v 10.251676198560745 6.124315227381885 0.0
v -9.265540970140137 11.23512995429337 0.0
v -7.651805419358425 -13.170643472112715 0.0
v -2.819561584969051 -10.267712764441967 0.0
v -4.838256897055544 -14.907437475398183 0.0
v 2.2413548235199414 -3.403400057926774 0.0
v 2.4342796645360067 3.939871600829065 0.0
v -13.211154747521505 -4.918384851887822 0.0
v 8.083408628008328 -12.440712145529687 0.0
v -3.274371012870688 -11.590933995321393 0.0
v 8.225894347357098 0.5831536771729589 0.0
v -6.473361944023054 2.875346683897078 0.0
v -0.0977976027643308 7.294264072552323 0.0
v 10.910362769209314 -12.60893858037889 0.0
v -9.862309978343546 5.625204918906093 0.0
v -2.4528049408108927 -9.199110863730311 0.0
v 9.799121795454994 4.974517750553787 0.0
v -6.722899556218181 5.32514214515686 0.0
v 4.840280353324488 11.365331063978374 0.0
v 3.978472793533001 4.099450956098735 0.0
v 12.51790320163127 -4.201840738765895 0.0
v -14.726951859483961 5.884602743200958 0.0
v 3.3295236275880598 -10.96275158971548 0.0
v -14.042248713143636 13.286140532232821 0.0
v -14.838355365558527 14.668530156835914 0.0
v 14.819616121647414 -7.249378393404186 0.0
v 8.408408990188036 10.501591010950506 0.0
v 6.825954616884701 -8.251862667500973 0.0
v 0.4201738116098568 -7.06470163166523 0.0
v -7.231205199204851 -2.7075484273955226 0.0
v 2.7396310716867447 1.33625234849751 0.0
v -9.53290847624885 4.8173567689955235 0.0
v -1.2840773041243665 1.7200481733307242 0.0
v -9.093502970295958 1.9519653413444757 0.0
v -4.764676138584036 7.1825862266123295 0.0
v 3.5025619250372984 -8.803922715596855 0.0
v -2.2180903899716213 14.772908914834261 0.0
v -12.536245749623049 2.3878810992464423 0.0
v 6.035728303482756 -13.998280487023294 0.0
v 14.075275026320014 0.6143499696627259 0.0
v -2.962981785007287 8.115785856731236 0.0
v -2.5588354481733404 11.418973750434816 0.0
v 13.625818925269414 -10.510507714934647 0.0
v 0.5116716212360188 13.403041739948094 0.0
v 13.223612101865001 -7.181834529154003 0.0
v 7.620620638655964 -10.934565311297774 0.0
v 6.253604599216487 -8.942008997313678 0.0
v 14.777307618991472 3.2500194432213902 0.0
v 2.213042350951582 -1.1134114731103182 0.0
v 1.9842408743570559 -8.502636160701513 0.0
v -3.742467562784441 -0.6672471957281232 0.0
v 14.965934344334528 3.476293358951807 0.0
v 12.202385133772623 3.7276442693546414 0.0
v -7.051544107554946 6.801401301287115 0.0
v 11.410179838363547 -4.431211931630969 0.0
v -9.547735516622197 9.712282658554614 0.0
v -11.36281383712776 -13.49456578399986 0.0
v 0.7232658700086176 -14.027547100558877 0.0
v -6.792834324296564 4.9042515102773905 0.0
v -9.35345088673057 -1.850906053557992 0.0
v -7.1880012330948375 -11.74932979978621 0.0
v 4.41283470147755 1.5045590726658702 0.0
v 14.735178830393124 -12.99094798322767 0.0
v 8.741216199239716 4.259719610214233 0.0
v -0.8616227197926491 -6.691475736908615 0.0
v 13.895822882011998 3.1232707956805825 0.0
v 7.578832490486093 -0.42771559208631516 0.0
v -14.481482970586512 -3.3656851146370173 0.0
v 14.990536651748698 5.648185763508081 0.0
v 10.64767846785253 14.549174506217241 0.0
v -4.310865248087794 1.7910825740545988 0.0
v 13.76349509350257 -2.2896396163851023 0.0
v 8.153361123753712 -1.0874163610860705 0.0
v 4.488694125786424 -1.8276975844055414 0.0
v -5.776990503887646 9.024051665328443 0.0
v 2.7745325567084365 2.483389152213931 0.0
v -7.127236008702312 1.5443231705576181 0.0
v -8.033606334007345 -3.324374192394316 0.0
v 4.4260914122569375 6.541381937451661 0.0
v 2.8789292034925893 -6.464642392471433 0.0
v -9.529489259875845 13.252093229442835 0.0
v -1.9152806654456072 12.03145427070558 0.0
v -12.742826980887912 -7.803724060766399 0.0
v 6.014215484960005 12.681417355313897 0.0
v 4.581536048208363 6.793590555898845 0.0
v -7.974277856992558 -10.925382187590003 0.0
v 1.5229637315496802 -0.7735859788954258 0.0
v -8.650405384600163 -13.990618732757866 0.0
v -13.18294013821287 2.8125068061053753 0.0
v -12.514875158492941 -4.260866119526327 0.0
v 10.12753481802065 8.712988432496786 0.0
v 14.235857462277636 8.243867150507867 0.0
v 7.073426463815849 1.8643481843173504 0.0
v 12.356579920800868 -12.879753173328936 0.0
v 8.451883452420589 -4.784010337665677 0.0
v 7.799044655694161 8.345067575573921 0.0
v 0.17125167668564245 -0.05442372802644968 0.0
v 7.100139140908141 -13.70873769838363 0.0
v -4.597243430791423 1.215170563198626 0.0
v 7.155762093898375 -5.873235993087292 0.0
v 8.848216477606911 -6.984728190116584 0.0
v 10.291613525652792 -0.19940516725182533 0.0
v -1.3964966754429042 -9.809630268253386 0.0
v 2.8117512440658174 -0.4509233022108674 0.0
v -1.0630731889395975 5.613869720138609 0.0
v -12.947257694147993 -3.9092799350619316 0.0
v -2.461271665757522 4.875183032825589 0.0
v 14.454172857804224 -14.82288826815784 0.0
v -9.163531939906534 -4.6819952838122845 0.0
v 10.5152542819269 11.053962945006788 0.0
v 13.348596501571592 12.609926449134946 0.0
v 14.822439778887201 9.727101799100637 0.0
v 1.9254443221725523 0.05696632619947195 0.0
v -0.028535169956739992 14.127961735241115 0.0
v 10.254486370889936 11.316716487519443 0.0
v -0.9712729547172785 -9.367951771244407 0.0
v 10.387047736439854 -9.662496209144592 0.0
v -3.114460946584586 -11.989993541501462 0.0
v -9.707462567079347 13.12390938680619 0.0
v 5.085313655319624 -1.6385839115828276 0.0
v -11.489737133553717 -3.7692755572497845 0.0
v -1.249661642825231 -5.60533254686743 0.0
v 4.414386399323121 10.950616317801178 0.0
v 5.061660984705668 -8.37872922141105 0.0
v 0.004039302060846239 12.06901931669563 0.0
v -4.711313344363589 -6.652820743620396 0.0
v -2.4686351419077255 11.860567448660731 0.0
v -10.283846484613605 -11.461418270133436 0.0
v -1.9923864992451854 -3.5073347743600607 0.0
v 2.304128271061927 13.06559881940484 0.0
v 0.37880064808996394 13.955545233562589 0.0
v 7.9832247227896005 -8.156498046591878 0.0
v 11.721632397151552 -3.2338579101487994 0.0
v -9.859391816251446 -3.5615494614467025 0.0
v -7.216548677708488 0.7272352064028382 0.0
v 2.7502542854635976 -9.023199677467346 0.0
v 10.159739361784887 -2.8461537696421146 0.0
v -13.556607560778502 -0.46047029737383127 0.0
v 12.004472706466913 10.229832927696407 0.0
v 2.064646851446014 5.787531337700784 0.0
v -8.130118779139593 -3.1277028070762753 0.0
v -9.654544667922892 -5.385465769097209 0.0
v -1.1603943476220593 12.498925874941051 0.0
v -1.4013719412614591 1.6670408369973302 0.0
v -11.806659425026737 2.208920375443995 0.0
v 2.016486222797539 -2.427577088586986 0.0
v -9.16279244038742 -3.091131347231567 0.0
v 13.503565389371943 8.794163048267365 0.0
v -4.037962472066283 13.95251208357513 0.0
v -11.154744906001724 1.8549933731555939 0.0
v 3.207215981790796 11.142934056930244 0.0
v 3.012752443086356 10.219989153556526 0.0
v -14.545359498879407 10.95020857360214 0.0
v 12.594673785497434 -4.38179234880954 0.0
v -8.139221567718778 -8.411177502945065 0.0
v 6.762497469317168 -9.819343199022114 0.0
v -11.681009801744949 0.9838810889050364 0.0
v -11.118827326397877 -14.826610340736806 0.0
v 2.397603526362218 -1.6599661204963923 0.0
v -12.36530667252373 4.198185324668884 0.0
v -0.07143732940312475 -14.713133127428591 0.0
v 14.523978515877388 -11.002863985486329 0.0
v -13.924871197727043 7.219916637986898 0.0
v -5.311047212162521 -2.8117595175281167 0.0
v 13.222321622655727 -10.564020281657577 0.0
v -5.689628892287146 5.841972974129021 0.0
v 1.4176952101988718 6.300825492478907 0.0
v 1.4265705147990957 -2.5592413237318397 0.0
v 3.9620457467390224 -2.8262863801792264 0.0
v 8.859309396415483 -6.342205909080803 0.0
v -13.552289403625764 3.5194816440343857 0.0
v -2.719408073578961 0.6757056089118123 0.0
v 6.5390823388588615 10.330797828733921 0.0
v -9.239764251338784 2.8382957745343447 0.0
v -13.377370763977524 -1.5584416957572103 0.0
v 0.06353989127092063 10.706241820007563 0.0
v 6.541999704495538 6.665681896731257 0.0
v -10.319942286412697 -3.870508845895529 0.0
v -9.140323516912758 -0.77096201851964 0.0
v -13.166858170821797 -0.5751583566889167 0.0
v -13.178765156539157 -10.363259059377015 0.0
v -0.9146197817754 7.43396154884249 0.0
v 3.689968104765285 5.672142814844847 0.0
v 7.885008029115852 14.67757385224104 0.0
v 6.631379722850397 -2.6746165454387665 0.0
v -14.812286535219755 -13.38637332431972 0.0
v 9.444118973915465 2.916588465683162 0.0
v -12.157658929703757 8.400999454781413 0.0
v -12.884630362852477 9.713213314302266 0.0
v 0.649334873072803 -5.732429411262274 0.0
v -7.810888513398822 0.4647087166085839 0.0
v 13.507927601458505 -5.154998414218426 0.0
v -5.133443803875707 13.101827926933765 0.0
v -6.588749980262946 -10.53172567486763 0.0
v 11.59638228197582 12.252418323419988 0.0
v 13.5615876170923 -0.5242567081004381 0.0
v 6.397673312283587 -5.07455825433135 0.0
v -13.478119653067552 3.1520369770005345 0.0
v -5.864335039630532 10.762934660539031 0.0
v 11.424264828267042 14.867130756378174 0.0
v -7.270829434564803 -5.368334447033703 0.0
v -3.0334124995279126 2.4598651211708784 0.0
v -3.1228915076935664 -4.160502711310983 0.0
v -14.767573655990418 -7.307207508943975 0.0
v -8.36581112240674 -14.875986957922578 0.0
v 4.888337492593564 -6.294369558803737 0.0
v -13.591725583130028 7.5335862301290035 0.0
v -10.678269586409442 3.2676244974136353 0.0
v 8.916536952776369 8.085961767472327 0.0
v 2.412872610904742 -11.85734377335757 0.0
v -13.565535412169993 9.3893399015069 0.0
v 2.283719764032867 -0.5024055195972323 0.0
v 12.720935662568081 7.739483547396958 0.0
v -13.1848489518743 4.670141508802772 0.0
v -8.618906297138892 9.53882903046906 0.0
v 8.062182232213672 13.853457132354379 0.0
v 0.39670559053774923 -10.133187886327505 0.0
v -5.60250749764964 -2.114665098488331 0.0
v 7.651704373303801 4.175534106791019 0.0
v 13.351779818185605 -7.12079450301826 0.0
v -11.378569065767806 14.231198116205633 0.0
v -9.591242604714353 12.045934121124446 0.0
v 8.259456894011237 -12.621848387643695 0.0
v -11.641743253334425 -6.694144752807915 0.0
v 2.631188694445882 -13.761849947273731 0.0
v -1.4483862201450393 13.171140449121594 0.0
v 9.694963178248145 12.290316826663911 0.0
v -3.016812131216284 8.688876569271088 0.0
v 1.460074742382858 -11.642434979788959 0.0
v 9.875576103106141 -9.298145313747227 0.0
v 11.324474599445239 -5.437603051774204 0.0
v -13.259251837676857 -7.406524888239801 0.0
v 11.789193142147269 -13.01754174567759 0.0
v 14.413706824940164 2.648004559800029 0.0
v 11.080893714446574 1.258597313426435 0.0
v -6.9160712486482225 -0.5253784628584981 0.0
v 9.985013838449959 -12.183263580314815 0.0
v 7.337984646845143 12.811232075095177 0.0
v -10.728544574929401 -13.403095232322812 0.0
v 4.784418082796037 -0.3010342624038458 0.0
v -10.538968858250882 -4.214877849444747 0.0
v -4.705783597950358 -10.538465489633381 0.0
v 14.585656672017649 -10.286645469255745 0.0
v -1.332069038937334 12.025714415125549 0.0
v 11.531067903037183 0.8147548753768206 0.0
v -1.2977508469484746 -1.022978836670518 0.0
v -5.93538369378075 4.270212072879076 0.0
v 12.657503902621102 -10.06045544333756 0.0
v -12.392144751443993 8.750772211700678 0.0
v -5.3544431461486965 -4.065211351029575 0.0
v -13.776546309003606 -2.0303080435842276 0.0
v -5.50128905067686 12.11778262630105 0.0
v 4.9575048597180285 3.6286864848807454 0.0
v 12.174021729500964 10.482944157905877 0.0
v 1.5613783350563608 1.885836387053132 0.0
v -4.80254307272844 -8.094600832089782 0.0
v 0.32966924185166135 0.24639280326664448 0.0
v 7.989718134747818 -5.4866006327793 0.0
v -2.203106364060659 -4.561998552642763 0.0
v -2.837961661629379 -4.689545860514045 0.0
v -8.11327496683225 4.935877692885697 0.0
v -0.6685961028560996 9.016367608681321 0.0
v -9.194677508960012 -0.356088406406343 0.0
v 14.769941746722907 9.073738479055464 0.0
v -13.006070993142202 9.993887198157609 0.0
v 13.108430971682537 12.686625445261598 0.0
v 3.1958570710849017 -0.8868449991568923 0.0
v 5.611664729658514 -5.882268039509654 0.0
v 6.90857542672893 2.6748599857091904 0.0
v -12.11328059056541 -13.559312890283763 0.0
v -5.520937481021974 -2.082495857961476 0.0
v -0.26709907193435356 3.9063476976007223 0.0
v -1.324885151698254 11.238122888840735 0.0
v 13.265440638409927 12.58774758502841 0.0
v 10.40363891411107 -9.159615128301084 0.0
v -9.462035545497201 -7.9155652448534966 0.0
v 6.724609350960236 9.095890812575817 0.0
v -10.606181966606528 0.3555390927940607 0.0
v 13.698764826986007 8.571745642460883 0.0
v -7.595787167490926 14.503594865091145 0.0
v -1.9340396674815565 6.891128602437675 0.0
v -11.292574740247801 -13.708712106570601 0.0
v -3.8989960094331764 -7.278630645945668 0.0
v -7.721840076264925 -6.776413585059345 0.0
v -12.47962021449348 -12.285049866884947 0.0
v 1.1386231062933803 1.043087249621749 0.0
v 3.983699089556467 -9.891601867973804 0.0
v 13.14913235855056 -6.126714632846415 0.0
v -7.392932839284185 1.530748718418181 0.0
v -11.633014958759304 9.637252382934093 0.0
v 11.756497230788227 -11.062999001704156 0.0
v -10.858501420356333 -1.9875193871557713 0.0
v 14.687914885289501 -10.706351663917303 0.0
v 1.4232075900654308 -8.395316034555435 0.0
v 9.856215431238525 3.1643986981362104 0.0
v 4.898169706284534 -7.276678744703531 0.0
v -13.378115180239547 4.508277321234345 0.0
v 5.0969883384532295 12.250473828986287 0.0
v 3.8631641465472057 -5.166316682472825 0.0
v 12.093664080603048 0.4611984873190522 0.0
v 14.888869059854187 -3.0021057492122054 0.0
v -12.287868516228627 3.7183975288644433 0.0
v 12.13491112657357 -0.884270116686821 0.0
v -6.369140841416083 -7.585021532140672 0.0
v -3.3748920419602655 -11.755890016444027 0.0
v 3.2753586334292777 1.6012651734054089 0.0
v -2.9102198419277556 -3.21234043687582 0.0
v -13.274982029455714 -5.042406320571899 0.0
v -10.638502385118045 8.951398035511374 0.0
v 7.498281611362472 7.093573283404112 0.0
v -0.47350247867871076 5.000383319333196 0.0
v 7.941416096058674 -14.82847339939326 0.0
v 7.55364600813482 4.680287811905146 0.0
v 14.510507526691072 -10.471379208378494 0.0
v 8.569830100692343 -7.58561457041651 0.0
v 8.679597664915491 0.3638105122372508 0.0
v -7.3866061482112855 -5.245462187565863 0.0
v 13.412005278863944 1.264916755259037 0.0
v 12.892028026632033 -12.63970645237714 0.0
v -8.97815213399008 2.1480019772425294 0.0
v 2.5632477190811187 13.412022896111012 0.0
v -2.8631755182286724 9.017634260468185 0.0
v -10.629070148221217 -6.552323532290757 0.0
v -11.323935521999374 -1.3502973755821586 0.0
v 8.738778287835885 8.924313645809889 0.0
v 9.382237886427902 14.858804915100336 0.0
v -4.254808435391169 -10.728628570213914 0.0
v -8.438947733899113 -10.300401150248945 0.0
v -14.050430042378139 14.211763891391456 0.0
v -12.660591874213424 9.886539028957486 0.0
v 0.7715080381021835 4.163477375172079 0.0
v 12.587325451837387 9.724669421091676 0.0
v -5.460005786328111 13.75536757428199 0.0
v -12.793980405724142 2.0904210675507784 0.0
v 10.629480233590584 12.67751779500395 0.0
v -9.457527294871397 4.387589694932103 0.0
v -10.105451639683452 -6.548345128074288 0.0
v 13.287650533311535 1.4821333717554808 0.0
v 2.9890495045110583 11.300699808634818 0.0
v 12.152711102447938 1.368798310868442 0.0
v 5.3262942439178005 -8.21121334657073 0.0
v -5.1632610920933075 9.208131039515138 0.0
v 9.919262712530326 -7.477164690382779 0.0
v 2.4191992735140957 -0.3515356769785285 0.0
v -11.68605467810994 9.769063488580287 0.0
v 10.623712024011184 -7.009979953058064 0.0
v -9.22484877530951 -6.493195587769151 0.0
v 10.784549895557575 -4.643541949801147 0.0
v 7.337059839628637 11.484093610197306 0.0
v -3.337921763479244 14.475090567953885 0.0
v -6.875717279792298 10.51242306549102 0.0
v -0.32342377438908443 -4.024859514087439 0.0
v -13.263173976447433 -1.5389827005565166 0.0
v -2.8090156667749397 -4.621479110792279 0.0
v -6.713304142293055 7.403512515127659 0.0
v 10.39824536285596 4.538254013285041 0.0
v 9.458892467664555 -14.205423708073795 0.0
v 13.744420430448372 -13.06725218333304 0.0
v -5.4501579981297255 9.1616949448362 0.0
v -10.327253816707525 14.740889316424727 0.0
v 9.33577097277157 1.9042382668703794 0.0
v -13.18858303700108 -1.9490976780653 0.0
v -11.682867077935953 -13.563620178028941 0.0
v -10.644958024437074 14.741705944761634 0.0
v -5.196957861306146 -14.708654808811843 0.0
v 9.635302230133675 9.777919732965529 0.0
v -8.185853105853312 12.666692693717778 0.0
v -10.320458834583405 -2.549796886742115 0.0
v -1.2558227243134752 -7.0693021304905415 0.0
v 13.706173853483051 14.856779930181801 0.0
v 13.645523390965536 -3.2224540067836642 0.0
v -1.7564030354842544 1.6856875838711858 0.0
v -12.270025469479151 13.92361911945045 0.0
v -13.841487338591833 7.548384332098067 0.0
v -10.130287167150527 -2.6140671018511057 0.0
v 1.395272312744055 -2.8802367923781276 0.0
v -11.749227952153888 -12.392676929943264 0.0
v -14.84145535499556 11.967591647058725 0.0
v -6.34349308477249 -14.20987802464515 0.0
v 13.25903124717297 4.635173696093261 0.0
v -11.790682786901016 13.148824960924685 0.0
v 5.077981679060031 -4.723703335039318 0.0
v -10.762399422004819 -11.960635927505791 0.0
v -13.731402032601181 3.9364109076559544 0.0
v 8.17318797588814 6.403982501477003 0.0
v -7.205392826057505 13.676530153490603 0.0
v 10.239530263294 -13.410420230589807 0.0
v 1.4055109102628194 5.672149905003607 0.0
v -0.5863187328213826 14.601403980515897 0.0
v 5.241357824066654 -3.4337072893977165 0.0
v 13.109792299044784 5.536077028140426 0.0
v 12.300617243570741 8.376405550166965 0.0
v 6.140606429136824 14.908497963100672 0.0
v -8.67222135560587 1.7469876036047935 0.0
v 7.100094581837766 -1.1335624633356929 0.0
v 4.837923660641536 -10.95637164823711 0.0
v 12.080313193844631 -12.09074645023793 0.0
v 14.83318997285096 -4.3419521525502205 0.0
v 7.774402703507803 3.5237469160929322 0.0
v -11.604311588103883 14.334760881960392 0.0
v 11.56368835316971 -7.56653705984354 0.0
v -9.163150605687406 -1.9354591770097613 0.0
v -1.0069213949027471 -9.691003996878862 0.0
v -13.332143778854515 1.2142094383016229 0.0
v 3.083654713758733 -1.7436569118872285 0.0
v 1.9594319635652937 -3.3997218953445554 0.0
v -12.226935255806893 -0.9531866377219558 0.0
v 14.82734863384394 -3.305937698110938 0.0
v 12.396668446599506 13.666278487071395 0.0
v 9.575896696478594 10.651266018860042 0.0
v -11.391024981159717 -0.2718240460380912 0.0
v -3.649675481254235 -6.4415929624810815 0.0
v 5.472529140242841 10.028918351978064 0.0
v 12.666858582233544 -9.162388465367258 0.0
v 1.1262466508196667 -5.980666548013687 0.0
v -2.081877824908588 5.837420320138335 0.0
v -6.955033231060952 2.2249333085492253 0.0
v 8.460260187741369 12.47627379372716 0.0
v -11.97951865196228 -1.4547474468126893 0.0
v 7.26431883132318 1.1969234766438603 0.0
v 8.460909418819938 7.415980535559356 0.0
v -12.527648995106574 0.5147718414664268 0.0
v 10.875709515064955 14.574735036119819 0.0
v -1.644611719995737 13.957595880143344 0.0
v -7.837659683136735 4.568164234049618 0.0
v -13.022421037196182 -1.6528605641797185 0.0
v 6.6579770489479415 8.665199244394898 0.0
v 2.4615464182570577 5.446946989744902 0.0
v 9.792841995018534 2.208822499960661 0.0
v 7.984536889474839 -10.169749489054084 0.0
v 8.425011037208606 5.893535071052611 0.0
v 4.709424182365183 10.028169587254524 0.0
v -13.341345944150817 10.899101013317704 0.0
v 13.859521419042721 -1.2010062746703625 0.0
v -3.107925772317685 -13.370601092465222 0.0
v -14.20499551127432 4.356853310018778 0.0
v -3.3850145927863196 0.43554939329624176 0.0
v 14.454942010343075 -13.160839796066284 0.0
v -7.422222975932527 -1.2213753946125507 0.0
v -5.147164099093061 14.946729881688952 0.0
v -12.263747704681009 -11.830190091393888 0.0
v 2.11968139722012 -2.255610328167677 0.0
v -8.042181055177934 12.214036118239164 0.0
v 13.422128508798778 -1.3325482243672013 0.0
v -7.599031588062644 -14.596189347095788 0.0
v -4.737632644944824 -1.8315445072948933 0.0
v -5.5452470206073485 8.06891284044832 0.0
v -6.258701472892426 11.048867983743548 0.0
v -4.923113312572241 -4.369579098187387 0.0
v -5.185220886894967 -14.346439374610782 0.0
v 8.838394455844536 1.0200816430151463 0.0
v -11.29511167074088 -2.390373175032437 0.0
v 7.983821750618517 -11.81364101357758 0.0
v 5.033933071070351 -12.482899107038975 0.0
v 6.031217817333527 -9.984360755421221 0.0
v 1.4594519581878558 11.655540526844561 0.0
v -8.00844943051925 14.845446998253465 0.0
v 7.657549659139477 7.015238250605762 0.0
v 14.456215938553214 -4.996729487553239 0.0
v 6.372141028463375 -4.013388337567449 0.0
v 12.483147035061847 12.483476233668625 0.0
v 10.53165865741903 -7.083684490993619 0.0
v 13.014901882503182 -0.17712978459894657 0.0
v -5.646528261888307 -14.1982814213261 0.0
v 7.1070940609206446 8.517561214976013 0.0
v 6.878351885534357 8.112979358062148 0.0
v -8.572839686647058 -7.501822822727263 0.0
v 0.9855711316340603 14.862424905411899 0.0
v -4.644828258431517 -1.3641081443056464 0.0
v 6.087626229098532 11.263468010351062 0.0
v 6.027335439401213 4.028205968439579 0.0
v 13.325426324270666 -9.523184100165963 0.0
v -14.252628992369864 -5.417653188109398 0.0
v 13.127678178891074 -13.843441330827773 0.0
v -8.675050630059559 8.582466502673924 0.0
v -11.647990980069153 -9.566672407090664 0.0
v -2.379424467566423 -14.483495315536857 0.0
v -5.894081127713434 12.251772630028427 0.0
v 8.226944102789275 -3.2343372013419867 0.0
v 0.4228944844799116 6.5080259731039405 0.0
v -7.451370452181436 12.462846735492349 0.0
v -11.450517376884818 10.261594901792705 0.0
v 11.481969758693594 -10.79293027985841 0.0
v -0.48056309687672183 11.541434416547418 0.0
v -0.5823136273538694 -10.09199550934136 0.0
v -11.19630633800989 13.288908149115741 0.0
v 12.900934981240425 4.4134012795984745 0.0
v -8.847993526200298 -11.027462676167488 0.0
v -2.8448591171763837 2.091288317926228 0.0
v 11.52317928802222 10.548222977668047 0.0
v 8.156334393599536 8.947299036197364 0.0
v 6.007916850037873 11.984692919999361 0.0
v 9.052588944323361 -1.3092631669715047 0.0
v -8.573553057096433 8.197161234915257 0.0
v 11.825618047907483 -12.663105059415102 0.0
v 14.786859800806269 -8.472328298725188 0.0
v 8.277608680713456 5.621369360014796 0.0
v -3.556171345640905 12.776608418673277 0.0
v 11.5339567848132 -5.9871029406785965 0.0
v -14.756420332181733 3.1228066980838776 0.0
v -11.636493193509523 -13.775717619806528 0.0
v 12.512441884435248 -9.539899125695229 0.0
v 10.626303643221036 -7.557748598977923 0.0
v -6.9803474398795515 1.5462568337097764 0.0
v 2.207604794355575 -6.931806013919413 0.0
v 5.2977346534025855 -14.130091881379485 0.0
v -4.608038548962213 1.4384148409590125 0.0
v -14.042865284602158 3.3043749015778303 0.0
v -4.817597420711536 4.2423846842721105 0.0
v 7.2806551058311015 7.623527019284666 0.0
v 5.504352208052296 5.912439154461026 0.0
v -14.933686929871328 0.6680766167119145 0.0
v -0.3570074671297334 10.503069654107094 0.0
v 1.5537117657368071 -7.012001947499812 0.0
v -8.204037478542887 -6.752055308781564 0.0
v -8.14966226456454 0.38441512268036604 0.0
v 14.785805694875307 13.48754704836756 0.0
v -14.40791915555019 11.111953410319984 0.0
v 0.9181771558942273 -6.3481116238981485 0.0
v 4.870024861127604 -7.271238587796688 0.0
v 7.628188382950611 13.146846804767847 0.0
v -8.660613762622233 4.913282584398985 0.0
v 7.611066954850685 -7.279032283462584 0.0
v 4.637228128674906 10.362605605274439 0.0
v -6.074448965140618 13.446544489823282 0.0
v -8.677364890114404 -11.921347965486348 0.0
v 11.843046457273886 0.9125507641583681 0.0
v -11.695891029085033 -3.6083756126463413 0.0
v 2.140527265612036 6.119742686860263 0.0
v 12.98622931347927 2.323006169870496 0.0
v -11.51307719486067 -12.539080902002752 0.0
v -3.2662843044963665 12.135645524598658 0.0
v 6.601298807072453 7.900535737164319 0.0
v 2.8331611347966827 -14.752883129753172 0.0
v 0.8767756532179192 -6.879639031365514 0.0
v 1.1501432849327102 -8.224325919523835 0.0
v 3.9307682084618136 -8.35136632528156 0.0
v 11.704696142871398 -5.640082202851772 0.0
v -5.761443867755588 -0.008663419634103775 0.0
v 1.4973250533803366 14.54946356266737 0.0
v -3.6948407166055404 4.426421960815787 0.0
v -13.73799155082088 12.299148935824633 0.0
v -0.7304709705640562 -6.363317356444895 0.0
v 13.344162947731093 -6.1155047211796045 0.0
v -1.9062756267376244 -2.387313266284764 0.0
v 9.018334321910515 5.471631912514567 0.0
v 0.2905047598760575 10.048357984982431 0.0
v -0.6248360925237648 -3.347355119884014 0.0
v 2.7866499706869945 6.578573904000223 0.0
v 1.5669583733542822 -13.906716583296657 0.0
v -1.6095555944484659 -4.862980838865042 0.0
v 8.188817674352322 -3.861026677303016 0.0
v 14.320923696854152 -14.360961372032762 0.0
v 7.1559124330524355 -5.133456042036414 0.0
v -14.010138656420168 12.072419436648488 0.0
v -10.744272186944727 -2.543097600340843 0.0
v -13.223662519827485 -9.111758522689342 0.0
v 0.8558822492486797 14.508902554400265 0.0
v 11.064886089705396 5.0171793680638075 0.0
v -12.662805282336194 10.72795617673546 0.0
v -3.045105764118489 14.170960980467498 0.0
v -11.278303391649388 -4.210465491749346 0.0
v -0.6979553435230628 -3.7310430919751525 0.0
v -13.35907217609929 6.253504633903503 0.0
v -6.315198603144381 -11.297441443428397 0.0
v -5.946078559849411 -1.7877179384231567 0.0
v 13.469020657707006 -13.570649789646268 0.0
v 1.508698308491148 -10.176601628772914 0.0
v 9.535737318743486 5.304333535954356 0.0
v -13.91104664170416 3.4835552237927914 0.0
v -0.17678207263816148 4.484171844087541 0.0
v -11.299949872947764 1.5412539103999734 0.0
v -10.64157504751347 1.4970740610733628 0.0
v 0.04546381812542677 14.708999984897673 0.0
v -3.4363061569747515 8.020800556056201 0.0
v 0.8291884853970259 -13.018559914082289 0.0
v 3.813765953818802 4.214443038217723 0.0
v 7.771627879526932 -10.582315282896161 0.0
v -7.236151414574124 9.28622945677489 0.0
v -0.6845076282625087 -2.9514949647709727 0.0
v 4.5084318444132805 -13.53890439402312 0.0
v 14.345030888682231 5.164588480256498 0.0
v 0.14072426728671417 -10.578392433933914 0.0
v 12.847241007781122 -8.324944524094462 0.0
v 6.029977093683556 -14.402695829980075 0.0
v -6.116820930328686 -9.913964292034507 0.0
v 11.53672246815404 2.762152765877545 0.0
v -9.898293790291063 -7.140764876268804 0.0
v -14.798959673324134 -12.391477758996189 0.0
v -11.496372769179288 13.337082491256297 0.0
v 5.623126455408055 -5.956210661679506 0.0
v 5.7042329662363045 4.867619859986007 0.0
v -11.122261166223325 3.3615394504740834 0.0
v -0.5255743734887801 -14.501443509943783 0.0
v -4.060617705457844 -4.82534004189074 0.0
v -1.4986679712310433 0.6856785621494055 0.0
v -14.161300159001257 -0.25981544703245163 0.0
v -9.48707006208133 3.7952686054632068 0.0
v -2.0014263382181525 -0.7307453183457255 0.0
v -0.7587278767605312 -5.359687775373459 0.0
v 14.586892681021709 12.664325693622231 0.0
v 11.385965968016535 6.268522548489273 0.0
v 4.954685300937854 2.8742698691785336 0.0
v -3.9349368970142677 7.76379469409585 0.0
v 6.922523597080726 -6.0442305551841855 0.0
v 8.300765150575899 -0.49595003575086594 0.0
v 12.534737746987958 13.070521127432585 0.0
v -5.1465070628910325 -4.504146839492023 0.0
v -3.9349190091597848 -1.2077644681558013 0.0
v -11.679219830373768 5.836894794367254 0.0
v -8.220413953938987 -3.972615258768201 0.0
v 14.43708747124765 3.7532576359808445 0.0
v -5.983872915036045 -14.061973912641406 0.0
v -3.4152625738061033 11.049144950695336 0.0
v 8.364235643937718 12.29426334798336 0.0
v 13.171687401656527 -8.858090204186738 0.0
v -13.551910295442212 6.0969501212239265 0.0
v 0.8860717695206404 8.806839966215193 0.0
v 9.435935829824302 10.916803161613643 0.0
v 7.998875953082461 -13.998284666799009 0.0
v -9.466053038602695 -7.100769408047199 0.0
v -12.9867304181098 7.193141103722155 0.0
v -0.4940414320444688 -1.1255456442013383 0.0
v -2.703710390254855 -2.6934886192902923 0.0
v 4.719436663086526 0.5874593062326312 0.0
v -10.949791423976421 -14.053060951642692 0.0
v -7.315507716615684 3.9377840366214514 0.0
v 3.838302857882809 -9.910261391662061 0.0
v 10.526355831127148 5.885698185302317 0.0
v -13.948667574382853 11.796646340750158 0.0
v -10.73122665763367 -12.508072699420154 0.0
v 4.0743435573531315 -9.100881005637348 0.0
v 12.418531114351936 6.120083118788898 0.0
v -6.129855066770688 6.729985233396292 0.0
v -2.8190995165496133 1.756893857382238 0.0
v 2.2471529438043945 -1.4052686877548695 0.0
v -11.049876502773259 10.49472066666931 0.0
v -13.740722064336296 -8.27960242331028 0.0
v 11.371946659113746 13.078896831721067 0.0
v -9.17976998433005 -5.533763183280826 0.0
v 3.1332880848785862 7.440576219931245 0.0
v 2.636455360567197 3.283588731661439 0.0
v 2.2550255240057595 4.400055328384042 0.0
v -12.525645726767834 14.376233798451722 0.0
v -1.4886270435526967 -6.351040064357221 0.0
v 13.67624336865265 -0.017216600477695465 0.0
v 9.300140992971137 -8.152953208424151 0.0
v 7.548750347166788 10.19888570252806 0.0
v 12.241162412974518 14.379089705646038 0.0
v 6.636234335368499 -12.27183841355145 0.0
v 1.1392711393418722 10.868987962603569 0.0
v 8.656094505800866 10.80206192843616 0.0
v -10.183034913730808 -7.16612499114126 0.0
v -5.022317132796161 -12.49231831729412 0.0
v -7.123153613356408 -2.8286345219239593 0.0
v -2.770360440539662 -3.863337359391153 0.0
v 9.91349881089991 11.997946676798165 0.0
v 6.576213074673433 3.9384697023779154 0.0
v 13.79730360629037 -11.202138371765614 0.0
v 4.947822921501938 7.639086615294218 0.0
v 4.756333250552416 -6.098076861351728 0.0
v -10.139839142619167 -3.791244214400649 0.0
v -2.383070445852354 12.179230390116572 0.0
v -9.226320552581456 -1.846589737571776 0.0
v -4.0125499536516145 9.155981549993157 0.0
v -3.774276821000967 -8.988868477754295 0.0
v -2.9464102931669913 6.967024128884077 0.0
v 6.065195923787542 11.79138594865799 0.0
v 8.139171084680129 -10.985513038933277 0.0
v 8.357679200998973 -9.172261535190046 0.0
v -12.339014478202444 -13.348656489513814 0.0
v 0.4218614805722609 -12.669635306112468 0.0
v 14.064629000378773 -8.903447085991502 0.0
v 8.878611155087128 -6.86897375062108 0.0
v -11.181995090912096 11.71500548068434 0.0
v -4.3995019175927155 3.71974082197994 0.0
v 8.493071574659552 3.3201506258919835 0.0
v 6.794666946283542 -6.304213461466134 0.0
v 7.904309020086657 -8.106611250899732 0.0
v -5.90882743219845 14.42671736702323 0.0
v 3.2780033661983907 -1.9120199037715793 0.0
v -12.232519833778497 13.684325573034585 0.0
v 5.681047891499475 8.596727115102112 0.0
v -6.769646075088531 9.398369849659503 0.0
v 2.8645977085107006 14.164455021731555 0.0
v 9.665034325851593 2.4280892414972186 0.0
v -0.16634297202108428 -5.253618552349508 0.0
v -5.9505758617888205 -3.361756006255746 0.0
v -9.258722528466024 9.271979295648634 0.0
v 13.797881794918794 2.0336532974615693 0.0
v -7.679984077811241 -2.505327347666025 0.0
v 11.416839067649562 -8.95951727218926 0.0
v -6.240461700770538 -13.658454414457083 0.0
v -5.66233447677223 -3.1747326217591763 0.0
v 10.761877193290275 6.365756873041391 0.0
v 9.964041536615696 -0.5344622423872352 0.0
v -7.249094677972607 -0.16271459124982357 0.0
v 13.829156580672134 9.514857227914035 0.0
v -12.692434837517794 -0.08875925466418266 0.0
v -8.549797539948486 6.5047929510474205 0.0
v -8.050485458632465 4.690613272599876 0.0
v 10.381674702046439 -9.366928746923804 0.0
v -5.703377953381278 -2.5257432516664267 0.0
v -2.3132180567481555 -4.72257190849632 0.0
v -1.8024688981822692 -5.095318561419845 0.0
v -0.21385964809451252 -9.763703096657991 0.0
v 10.834631411009468 -11.597822499461472 0.0
v -9.9452252148767 -0.009609564207494259 0.0
v -3.233248776232358 6.893578535877168 0.0
v 6.481949930312112 -4.316865096800029 0.0
v -9.135659023013432 -0.16021218337118626 0.0
v -12.777831337181851 5.8971972754225135 0.0
v -6.254197886621114 8.426469909958541 0.0
v -10.850828214606736 14.838298159651458 0.0
v -7.157862741034478 -6.1548771588131785 0.0
v 7.463897283712868 -1.5440454771742225 0.0
v 4.701351429626811 -12.098494425415993 0.0
v -2.6068681974429637 4.547407889738679 0.0
v 11.520275946240872 6.523817900568247 0.0
v 1.8744018741417676 -7.190178540535271 0.0
v 6.605730305658653 -7.643079800531268 0.0
v -0.19129493384389207 -6.293151943013072 0.0
v -14.100698171940167 2.8608860271051526 0.0
v 11.01146343012806 11.42996178381145 0.0
v 6.706266182591207 1.3609062172472477 0.0
v 8.955369238741696 -0.6779062580317259 0.0
v 5.453855766449124 5.43392676487565 0.0
v 13.206475639657583 -11.16516034770757 0.0
v 1.456960653013084 -8.684639934450388 0.0
v 0.8393539528478868 -9.31371384486556 0.0
v 7.9660840890719555 6.390257394872606 0.0
v -13.805323676846456 -5.896702834405005 0.0
v -14.11601066176081 2.684352070093155 0.0
v 4.20511244982481 -7.338023734278977 0.0
v 2.3767410214059055 -4.502834112383425 0.0
v 8.547467660915572 -12.336842758581042 0.0
v -1.035518930410035 4.5940422704443336 0.0
v -1.077644417702686 0.22099569626152515 0.0
v 14.441161073977128 -6.258641988970339 0.0
v 1.3993975912453607 -0.8701842743903399 0.0
v -4.118715644464828 -5.807626617141068 0.0
v -7.905134848610032 5.087188554927707 0.0
v -13.57323829102097 4.655041325837374 0.0
v -4.651462540845387 2.30717508867383 0.0
v 5.737868035852443 -10.079548199661076 0.0
v 4.888487679476384 -6.795639766380191 0.0
v -9.378183716267813 -1.8396857306361198 0.0
v -7.0916289373417385 2.8626975137740374 0.0
v 7.6158312927000225 -11.784714655019343 0.0
v -14.848347037448548 -0.11038054246455431 0.0
v -10.660864346544258 -0.15868041198700666 0.0
v -12.87514289963292 11.822163854725659 0.0
v -9.456355902657378 -1.095679085701704 0.0
v -9.12398590974044 0.9835718860849738 0.0
v 4.503208765469026 0.4121983330696821 0.0
v -6.727797158237081 14.149429175071418 0.0
v 14.268487929133698 0.8973656166344881 0.0
v 14.620282791613135 -1.9317322112619877 0.0
v -13.775192782108206 8.171479937620461 0.0
v -14.67043410189217 7.359882284887135 0.0
v -10.974736708973069 -9.27986098639667 0.0
v 5.629824157047551 1.3407920226454735 0.0
v -11.113868247659411 -4.4617096316069365 0.0
v 6.131971578113735 14.462829049676657 0.0
v -7.668706998054404 10.9680907279253 0.0
v -5.156638475367799 11.281224124133587 0.0
v -6.099021332222037 3.4470557048916817 0.0
v 12.808560275298078 13.799011241644621 0.0
v 3.1816174619598314 -3.022735631093383 0.0
v 6.493381688778754 8.485509947873652 0.0
v -0.4411667298991233 -9.96130320429802 0.0
v -9.211295499757398 7.407194330357015 0.0
v -1.1201835104147904 -11.411584607325494 0.0
v 10.21764543687459 8.432682548649609 0.0
v 3.257519363251049 -8.364402519538999 0.0
v -13.978621300600935 -9.156453000381589 0.0
v 5.683048821752891 5.448088183067739 0.0
v 8.021203303418588 4.099485928192735 0.0
v -7.5538334612501785 9.658585499040782 0.0
v -3.5552662462578155 -1.6889976114034653 0.0
v 13.53476743720239 -12.079359368421137 0.0
v -1.476163219253067 8.517369604669511 0.0
v -9.839204043382779 10.66312201321125 0.0
v 3.618157418386545 -6.681308905594051 0.0
v -14.946635257685557 -5.312273543328047 0.0
v -5.769873456854839 -0.9366639330983162 0.0
v 14.784962712379638 -5.008718557655811 0.0
v -9.382463723130058 1.4933929713442922 0.0
v -10.844038107956294 -4.350034574046731 0.0
v -0.29269789991667494 -13.69348163716495 0.0
v 10.81665483204415 8.888707630336285 0.0
v 0.9979770424542949 -8.927214397117496 0.0
v -12.246157640533056 12.54468006361276 0.0
v 11.471291930123698 -3.5398091012611985 0.0
v 11.596010071400087 10.800686010159552 0.0
v -12.538963178580161 8.372081686742604 0.0
v -12.548047598393168 -7.26318050827831 0.0
v 11.563383063185029 -13.722236561588943 0.0
v -14.42697778926231 -10.975323280319571 0.0
v -3.687734297825955 10.054156712256372 0.0
v -14.503158271836583 -2.092981666326523 0.0
v -3.740897639130708 -9.84460502397269 0.0
v 5.26395686622709 -5.55865269061178 0.0
v 10.617232829681598 4.935775530524552 0.0
v 9.77567122632172 -7.837040933780372 0.0
v 3.1626609333325177 10.7236757138744 0.0
v 13.196792564704083 6.9126156605780125 0.0
v 11.927497276104987 -6.072189913131297 0.0
v 11.381582844536752 4.829167775809765 0.0
v -6.442683452856727 14.902039780281484 0.0
v -0.8315874254330993 -14.020544013939798 0.0
v -7.571605337550864 10.507899220101535 0.0
v 5.01547061878955 -6.455453589558601 0.0
v 6.31769439287018 14.728822420351207 0.0
v -6.240484016598202 -5.692087952047586 0.0
v 2.605692343611736 -6.566090232692659 0.0
v -11.87557218951406 14.899873789399862 0.0
v -7.459291355567984 -0.1828731819987297 0.0
v 8.542278861219529 11.112365578301251 0.0
v -6.494329762062989 -10.651806195266545 0.0
v 6.353089983866084 -6.183952834457159 0.0
v -4.381394206080586 5.231085866689682 0.0
v 12.725195350300055 -6.535749005153775 0.0
v -4.889092399855144 8.854037459008396 0.0
v -11.05583343183389 11.300398371182382 0.0
v 0.8844509293558076 1.6900968328118324 0.0
v -13.96949345379835 11.706941743381321 0.0
v -3.0976504404097795 8.59201801288873 0.0
v 8.483479601796716 -3.486744829453528 0.0
v -12.066074359114282 -12.777161381207407 0.0
v -10.334575161337852 -8.752947107888758 0.0
v 2.1703640748746693 -12.96584676578641 0.0
v 14.8721075070207 14.098857362754643 0.0
v 10.879853628517594 -6.029866606928408 0.0
v 5.084874147665687 0.7440590234473348 0.0
v 0.9640409694402479 11.8610624903813 0.0
v -12.855780529731419 11.110127697698772 0.0
v -9.770457102684304 -6.174083702266216 0.0
v 10.09383990301285 1.7440069215372205 0.0
v -3.870790802524425 -12.563389252871275 0.0
v -3.2960184596013278 -13.889803959056735 0.0
v 2.45589495182503 -2.096156266517937 0.0
v -9.578901013708673 4.309545097872615 0.0
v 7.205926308466587 10.400751057080925 0.0
v -3.7222431246191263 13.14568446110934 0.0
v 4.662708064424805 9.767808033153415 0.0
v -12.787301424657926 -1.2343031875789165 0.0
v -14.745534916350152 1.5672392826527357 0.0
v -12.084417851059698 -0.03585978038609028 0.0
v 0.17374557832954451 -13.767559732310474 0.0
v -12.97505858290242 8.86908313818276 0.0
v -1.0887612630613148 -1.122160634957254 0.0
v -10.673814700858202 -3.270836637355387 0.0
v -2.2316168326651677 -14.315389233641326 0.0
v 11.692224435566459 9.646727969869971 0.0
v 11.13716358016245 -8.734771608375013 0.0
v -5.67950816830853 5.413518842309713 0.0
v -0.8808810269692913 -11.247638738714159 0.0
v -6.883491622807924 -3.9437315799295902 0.0
v -10.720600573462434 -6.597903870046139 0.0
v 1.9895775699988008 12.873738572001457 0.0
v 0.6897292602807283 9.281267702579498 0.0
v -4.227253330347594 0.7317854929715395 0.0
v 0.4107669302029535 13.251151099801064 0.0
v 4.887131070485339 -7.253956514410675 0.0
v -12.954763927846216 13.270965923555195 0.0
v -11.59918671764899 -14.445079245604575 0.0
v 1.758193491899874 9.56704781204462 0.0
v 13.55206984828692 -0.868966824375093 0.0
v 2.9335093981935643 -1.734018862247467 0.0
v 6.895072975894436 -2.5078418655321 0.0
v 1.4637495099450462 -13.604286939837039 0.0
v -3.624420180916786 -14.809509867802262 0.0
v -2.274565155559685 12.85508868470788 0.0
v 2.010148332337849 -0.14196494780480862 0.0
v -1.2475558738806285 -10.824007395654917 0.0
v -13.064321150828619 -11.737402025610209 0.0
v -3.869907713320572 1.7091110590845346 0.0
v -0.6953127070446499 13.93782189115882 0.0
v 11.738070927152876 -14.445853509940207 0.0
v 14.940761628327891 -10.285490170121193 0.0
v 1.0984442973858677 10.783280398696661 0.0
v -6.596563974861056 -0.5948469061404467 0.0
v 8.446940477995668 4.271051281131804 0.0
v -6.9592604374629445 -9.826406710781157 0.0
v 14.442382280249149 14.286220723763108 0.0
v -9.662240778794512 -0.48988085240125656 0.0
v -11.869330725690816 3.8850725749507546 0.0
v -11.715075728832744 -10.201085559092462 0.0
v 3.709029015095439 0.4775632983073592 0.0
v -1.8033836373360828 -13.7967987684533 0.0
v -6.12433228304144 -14.058431210927665 0.0
v 14.473963224096224 8.031675987876952 0.0
v -8.555055797565728 -2.2848681518808007 0.0
v 5.726146173197776 9.924211950972676 0.0
v 3.4214315114659257 -13.38072637654841 0.0
v 4.753768622293137 7.9593768659979105 0.0
v 10.014371640281752 9.303571336902678 0.0
v 10.170663886005059 6.033728372305632 0.0
v -7.318331019196194 13.498189327307045 0.0
v -4.728967450442724 -3.583121431991458 0.0
v -7.188225957332179 -10.29614143166691 0.0
v -3.738504979177378 -11.051728697493672 0.0
v 5.973548159294296 6.088644680567086 0.0
v 0.7364369879942387 11.534594246186316 0.0
v -11.849120810104068 -1.772044681943953 0.0
v 7.949451566033531 12.915246880613267 0.0
v 0.27843664173269644 -8.33289852552116 0.0
v 10.82623393466929 2.582015077583492 0.0
v 5.967299375042785 -5.896038975566626 0.0
v -8.724963854649104 -14.828678973950446 0.0
v 11.783848845749162 -2.626534352079034 0.0
v -11.466898865124676 -4.347503260709345 0.0
v -11.31655874568969 -5.014025971293449 0.0
v -7.272436458559241 6.362948065623641 0.0
v -0.13578476320253685 -12.687543636187911 0.0
v -5.932266219751909 10.502608705312014 0.0
v 2.6960782121750526 -9.409221193753183 0.0
v 4.143206828681286 1.3261403674259782 0.0
v -10.67170494585298 7.270924609154463 0.0
v 13.507432642159984 7.183447679504752 0.0
v 10.043065230362117 -1.4068157970905304 0.0
v -3.400431784277316 -9.066790465265512 0.0
v 5.142478780064266 9.929512956179678 0.0
v 6.603545099846087 14.492764578200877 0.0
v 2.8370284629054368 -1.7305321646854281 0.0
v 6.112549575685989 7.627936560660601 0.0
v -13.332516736816615 -0.11212848033756018 0.0
v -11.69234701571986 13.587684988975525 0.0
v 9.91290590283461 -13.313771313987672 0.0
v -12.157796715851873 -0.4495234424248338 0.0
v -8.194048394216225 8.341416627168655 0.0
v 3.4942129714181647 11.294350323267281 0.0
v 4.241127091809176 -5.400112746283412 0.0
v -13.55722200544551 2.6598372561857104 0.0
v 12.566295136872213 8.347591648809612 0.0
v -8.447190458246041 -8.856071591377258 0.0
v -3.8550489349872805 -14.660828029736876 0.0
v 12.277650663279928 1.645839917473495 0.0
v 9.48712390352739 5.151189901866019 0.0
v 6.8711472220602445 -11.89868364110589 0.0
v -13.457822659285739 -3.3684834837913513 0.0
v 9.706538524245843 12.308963703922927 0.0
v 13.365737878833897 -8.841062415391207 0.0
v -7.479059502365999 -2.1897968631237745 0.0
v -6.76849092572229 -2.7140439338982105 0.0
v -3.0745650676544756 -13.459363443776965 0.0
v -14.413216406304855 6.977381696924567 0.0
v 3.47949841839727 -10.511271955445409 0.0
v -3.3629503758857027 3.059718606993556 0.0
v -14.592397613974754 -4.77957871556282 0.0
v -4.150894781516399 -10.40136828739196 0.0
v -8.983251627709251 6.806777925230563 0.0
v -10.279749167035334 12.964128888212144 0.0
v -14.568759241956286 2.8763952599838376 0.0
v -0.06687111261999235 3.532890411093831 0.0
v -5.240481518150773 -10.707263986580074 0.0
v 5.133545154007152 -7.31617109850049 0.0
v 5.771181151911151 6.25521835219115 0.0
v -8.441715043853037 -13.65552354697138 0.0
v 0.5856658781995066 10.443663130514324 0.0
v 5.643278884352185 -5.913716305047274 0.0
v 1.611975338018965 -10.874817676842213 0.0
v -14.343675610085484 11.544238508678973 0.0
v 5.5077226758003235 -3.4355673976242542 0.0
v -3.48225690855179 -8.957796795293689 0.0
v 3.5983646220411174 0.7118029166013002 0.0
v 2.0404287633718923 -12.698389478959143 0.0
v -0.8617999717243947 -7.587766609154642 0.0
v 14.480434760451317 -14.430333524942398 0.0
v 12.439769944990985 10.94768784288317 0.0
v -14.793567076034378 12.040334858931601 0.0
v 10.593469827144872 -9.41315708309412 0.0
v 13.700766851601657 -10.053468748927116 0.0
v -6.246637620963156 -1.7352097565308213 0.0
v 14.196093897218816 12.536465643905103 0.0
v -0.2445002946187742 -14.195122363045812 0.0
v 6.228429549664725 -13.42517436761409 0.0
v -14.051970289321616 5.79900685697794 0.0
v -8.455565534706693 2.245436423458159 0.0
v -3.297711186343804 13.323048630729318 0.0
v -4.42982915736502 3.027188628911972 0.0
v 12.766865038021933 9.070626456290483 0.0
v -4.247444012726191 -11.913177547045052 0.0
v -5.857152329408564 3.7479280717670918 0.0
v -3.930252177233342 -2.2242324193939567 0.0
v -5.986697906802874 9.107460835017264 0.0
v 2.842326396901626 13.947249514982104 0.0
v -14.162401962152217 9.124978763982654 0.0
v -12.181291581538972 -7.187660870142281 0.0
v 14.575000248034485 -14.512239831499755 0.0
v 11.752034229517449 -7.769172430969775 0.0
v -8.581422135350294 -3.503004672937095 0.0
v -12.99505123612471 -5.562348855659366 0.0
v 5.46118921705056 -13.030801953747869 0.0
v 3.25523936341051 -9.674720593728125 0.0
v -10.08105795091251 -14.800684871152043 0.0
v -12.892073666502256 14.810841394588351 0.0
v 2.0410307444399223 6.974386600777507 0.0
v 6.800312759412918 -0.8981688916683197 0.0
v -13.605428116512485 9.327102434821427 0.0
v 1.702967187797185 -13.87472131382674 0.0
v -3.3896037561353296 5.549575484357774 0.0
v 6.725887237931602 -6.5291049079969525 0.0
v -2.8994831077870913 1.1758052511140704 0.0
v 12.091832893667743 -0.6062587713822722 0.0
v 8.176398333569523 10.850567415356636 0.0
v 5.544127646600828 -11.114248272031546 0.0
v -2.0951965781860054 -11.517845863476396 0.0
v 12.039588610292412 5.122790618799627 0.0
v -3.319902103045024 -0.35477198101580143 0.0
v -7.5313439855817705 4.637167255394161 0.0
v -2.3926204540766776 4.701705337502062 0.0
v 11.577880842378363 10.96208983194083 0.0
v -5.2573041033465415 0.7656878959387541 0.0
v -2.2438205702928826 14.501059165224433 0.0
v 14.86799708136823 2.150728519074619 0.0
v 4.503400673158467 -6.469118892215192 0.0
v -6.287224642001092 9.980667574331164 0.0
v -12.815349291602615 0.6258143484592438 0.0
v 9.870213708316442 5.078728678636253 0.0
v -3.969286934763659 -5.708092483691871 0.0
v -3.7486029588617384 11.886256093159318 0.0
v 7.52422783174552 -9.573351404629648 0.0
v -1.672778619802557 7.277230242267251 0.0
v -4.2331640808261 -0.856836517341435 0.0
v -8.6843063182896 10.560596754774451 0.0
v -13.957781807286665 -7.589403667487204 0.0
v 2.49841000942979 4.569293854758143 0.0
v 6.3133526187739335 1.8968118410557508 0.0
v -11.717843090707902 -3.56449974142015 0.0
v 13.25644204125274 -13.212366794236004 0.0
v -12.990568303677719 -3.7742592822760344 0.0
v -13.454995516687632 12.66063148714602 0.0
v 7.310075291898102 -6.8998289024457335 0.0
v 9.566839193343185 -12.416967447847128 0.0
v 9.805905194254592 -4.426817188039422 0.0
v 7.416408346092794 7.219083425588906 0.0
v -3.366114928154275 5.743843306787312 0.0
v 0.3662100000074133 12.190679135732353 0.0
v -1.663446155784186 -1.3708445141091943 0.0
v -4.891813397349324 12.75266608223319 0.0
v 9.183868638356216 -11.364209409803152 0.0
v 10.576525974960532 -12.375345191918314 0.0
v 1.3225867165019736 -4.190960168838501 0.0
v 1.7498970587039366 4.1244423650205135 0.0
v -1.6699219629517756 -7.044070082716644 0.0
v 7.409876302990597 -9.696604894474149 0.0
v 10.481761399656534 -2.8945385441184044 0.0
v -6.8300157056655735 2.1164080007001758 0.0
v 6.320209606201388 1.3027737773954868 0.0
v -7.53534589294577 -11.954183738678694 0.0
v 12.509459785942454 -9.961026915349066 0.0
v -12.497488112305291 14.156701193191111 0.0
v -4.786186955694575 -12.013181778602302 0.0
v -3.2297128856298514 -5.639304945245385 0.0
v 3.1153206299059093 2.0393241457641125 0.0
v 4.702984572330024 3.451935350894928 0.0
v -2.549193606711924 -9.51287246774882 0.0
v 0.6935332927387208 -9.215527098625898 0.0
v -1.9712006149347872 3.4921921053901315 0.0
v -8.067838812130503 0.25077831372618675 0.0
v 2.041858732001856 -13.975677861832082 0.0
v 1.8746420101379044 3.9815544271841645 0.0
v -9.868027047952637 0.3647724064067006 0.0
v 5.6023086127243005 14.555382720194757 0.0
v -14.389724192966241 12.049925096333027 0.0
v -10.967643336160108 14.805315513163805 0.0
v -6.386708511738107 -4.853196805343032 0.0
v -10.683719937456772 -3.7315719788894057 0.0
v 3.7050203379476443 2.9488705806434155 0.0
v -9.6065193345421 8.613220540806651 0.0
v 8.624340813199524 -4.197095429524779 0.0
v 5.531351463403553 -2.574107499793172 0.0
v -1.4454419148969464 2.1782271824777126 0.0
v -11.075451675453223 -8.593001066707075 0.0
v -2.968779190268833 2.2066684989258647 0.0
v 6.117655328183901 12.317823169752955 0.0
v -6.723703739233315 1.8500640261918306 0.0
v 12.775894342106767 9.483885005116463 0.0
v 2.30429591529537 -0.6196755934506655 0.0
v -10.860473564593121 4.200701402500272 0.0
v -4.384970519167837 12.717592249624431 0.0
v 11.806819454184733 11.421191200613976 0.0
v -0.13285459205508232 7.365650776773691 0.0
v 12.908441356674302 1.8881336292251945 0.0
v 2.318572618125472 -10.463337549008429 0.0
v -7.999064871226437 2.466950623318553 0.0
v -5.612870746001136 3.1276521869003773 0.0
v -8.283128987473901 10.383236792869866 0.0
v 0.7044049043906853 5.312367659062147 0.0
v 14.006559198256582 -9.314048746600747 0.0
v 1.992363719677087 -2.7872178172692657 0.0
v -11.156593864085153 8.048273410648108 0.0
v -2.8557138128671795 -11.90613428503275 0.0
v -8.562724974763114 -12.870709913782775 0.0
v -8.463079447799828 -14.245129602961242 0.0
v 3.463245188293513 6.819926762953401 0.0
v 2.1548958122730255 -14.10441011376679 0.0
v 2.3877815232262947 -7.23475353140384 0.0
v -13.19875686080195 14.520514601841569 0.0
v 9.060148611140903 6.574346776120365 0.0
v -0.2431752067641355 13.161643252708018 0.0
v -6.315252234460786 14.284908496774733 0.0
v 2.364124834537506 -4.514997425489128 0.0
v 0.6250000715372153 -5.885985439643264 0.0
v -1.5532574143144302 -10.15836356766522 0.0
v 12.632324554549996 -11.122522224672139 0.0
v 1.1050628161756322 2.2045371839776635 0.0
v -1.8932365246582776 -7.377736723981798 0.0
v 12.570358382363338 -13.934221304021776 0.0
v -8.223901592078619 -3.4935828698799014 0.0
v 8.210626719868742 2.36794803570956 0.0
v 8.242777059669606 0.427702815271914 0.0
v 7.715094870945904 14.595091464929283 0.0
v 4.270170420233626 -14.752417513169348 0.0
v -3.0432624826207757 -7.050929539836943 0.0
v 1.0942968342569657 10.873997140675783 0.0
v 14.722724941733759 -13.524706325493753 0.0
v 5.279032282240223 -8.79225368052721 0.0
v -9.671976525802165 11.012516042217612 0.0
v 12.840834709408227 5.535266064107418 0.0
v 5.7130639617098495 12.176071487367153 0.0
v 6.4946989140007645 -14.613217703998089 0.0
v 11.514968613395467 -6.766206548549235 0.0
v 9.357953622646164 12.872316418215632 0.0
v 0.6763017881894484 -4.545412301085889 0.0
v -12.551967439241707 -13.597927103750408 0.0
v 6.710216682520695 -11.36001949198544 0.0
v -13.98746474715881 -3.3869020622223616 0.0
v -13.487784379569348 -1.1335367048159242 0.0
v -4.179247825872153 2.8126323400065303 0.0
v 9.626958725915756 -3.9147579399868846 0.0
v 12.086827288556378 -9.028195664286613 0.0
v -4.7571713271318 11.960791919380426 0.0
v -4.354744095588103 -13.244672640226781 0.0
v -10.558204950473737 -5.975796576589346 0.0
v -10.36373090610141 -0.7907952815294266 0.0
v 13.191834960540291 -2.007504732348025 0.0
v -7.608083716768306 8.91710632108152 0.0
v 8.600909303757362 1.6030079200863838 0.0
v -9.364032990590204 -1.505498836748302 0.0
v 7.99131909001153 14.903709073551 0.0
v 0.6102779054199345 -8.616442224010825 0.0
v -5.957841607450973 9.428684980608523 0.0
v 2.762841815710999 10.170298964716494 0.0
v -0.1261080745025538 2.3987109744921327 0.0
v -0.9494897513650358 -0.9625546457245946 0.0
v 5.626098012493458 -4.245703859254718 0.0
v 10.47223217273131 3.3052273923531175 0.0
v 2.645130012242589 9.345634618774056 0.0
v 11.881120252597611 -5.6287932163104415 0.0
v -1.6323849892942235 7.87689517904073 0.0
v 1.5510184965096414 6.726420353166759 0.0
v 0.919297911983449 -12.299329506233335 0.0
v -1.2925731349969283 13.709445672109723 0.0
v -14.96192965778755 2.24972634203732 0.0
v -6.136007058958057 8.333208546042442 0.0
v -6.906885942094959 0.11623859591782093 0.0
v -3.995942997164093 -13.386479606851935 0.0
v -6.866676225676201 9.556494963355362 0.0
v 10.316281880659517 -11.534053447656333 0.0
v -10.34927120723296 -3.2663243459537625 0.0
v 2.547104385041166 6.351045731455088 0.0
v -11.970882689463906 -11.138753672130406 0.0
v 4.2553688797634095 11.348848599009216 0.0
v 5.7315940815606155 -6.494696140289307 0.0
v 6.31438319478184 -8.807808831334114 0.0
v -14.416334824054502 1.011742535047233 0.0
v 11.164733442652505 0.49583547189831734 0.0
v 9.41673136211466 -10.306657276116312 0.0
v 2.6853373894118704 -5.263903901912272 0.0
v -1.4244025566149503 0.22196113504469395 0.0
v -7.092836476454977 0.11552533973008394 0.0
v -11.313078448001761 -7.980313088744879 0.0
v 5.27822502318304 7.1007060399279 0.0
v -7.731360727048013 -4.123273350298405 0.0
v -0.7907279217033647 -0.40022909455001354 0.0
v -1.763741146598477 -7.971650985069573 0.0
v -6.247888597776182 -6.546237654052675 0.0
v 13.954947736638132 -3.7179922200739384 0.0
v 7.264954654383473 0.5008152341470122 0.0
v 4.169531163584907 -14.07740780711174 0.0
v 12.236117296793964 1.193620977923274 0.0
v -8.676093014888465 -13.812086707912385 0.0
v -4.8866841873386875 14.752787505276501 0.0
v 2.166762346343603 10.506159308366477 0.0
v -5.597608332580421 -12.032371229492128 0.0
v 13.552720465697348 13.671008748933673 0.0
v -6.097078641934786 -4.452276994474232 0.0
v 12.718282280140556 3.1814475525170565 0.0
v -4.456704166717827 -13.251236776821315 0.0
v 10.066291017399635 1.0621986025944352 0.0
v -4.199333589174785 8.325166613794863 0.0
v 9.714259297586977 -12.860385379754007 0.0
v 4.429192678362597 13.675227775238454 0.0
v -7.81321315158857 -1.62394664529711 0.0
v 1.2880755408550613 5.854904321022332 0.0
v -7.738156111619901 -9.087826553732157 0.0
v -12.917896332975943 -1.8937285086140037 0.0
v -6.430669922847301 -5.75250550173223 0.0
v -13.491663820692338 -7.979313130490482 0.0
v -12.135063580877613 -13.099024632014334 0.0
v 13.72783897165209 1.498185645788908 0.0
v -12.070063890947495 11.020882364362478 0.0
v 4.573463333887048 10.559375147335231 0.0
v -2.5692921242443845 -5.523305942304432 0.0
v -7.635406811139546 0.084572390653193 0.0
v 1.359964138478972 -10.2527732308954 0.0
v 14.766142964363098 10.75921261869371 0.0
v -6.196439106366597 0.4164514373987913 0.0
v 3.5660651842481457 -10.616639197804034 0.0
v -3.686248704791069 14.091303586959839 0.0
v -2.523227264347952 1.464417951181531 0.0
v 7.521817689295858 -5.380410625599325 0.0
v 7.358656489173882 3.2455716636031866 0.0
v 6.437910519307479 13.931566887535155 0.0
v -10.302476543700323 -12.1467819577083 0.0
v -2.7470351080410182 -2.5831457218155265 0.0
v -6.734810897905845 -11.997952241450548 0.0
v 6.866044172609691 14.928952632471919 0.0
v 13.80730224319268 10.581666396930814 0.0
v 6.335244701302145 4.587864372879267 0.0
v -11.726431075134315 11.651632209308445 0.0
v 9.572601316554938 7.544594794511795 0.0
v 8.25467652711086 -3.38961027469486 0.0
v -9.441131483588833 4.336858380585909 0.0
v 0.9760074744699523 -2.4504441851750016 0.0
v 10.463052690320183 0.13010560255497694 0.0
v 9.285768393718172 12.049752404913306 0.0
v 10.218376310542226 -2.543532052077353 0.0
v -6.731128266779706 -9.449139977805316 0.0
v 2.2159516497631557 -7.286838112398982 0.0
v 6.930662014405243 12.665081436745822 0.0
v -11.358766377379652 13.325825310312212 0.0
v 13.671136921213474 8.043854421935976 0.0
v -6.882885541126598 5.019376253709197 0.0
v 6.493081194523256 3.8618628876283765 0.0
v 5.651099523471203 -3.120010746642947 0.0
v 10.151972174120601 -10.900697532109916 0.0
v 6.2881789657403715 -9.172161580994725 0.0
v 12.605143450084142 10.274794915691018 0.0
v -13.918455576582346 -13.729508050717413 0.0
v -14.296964023727924 -10.695814425125718 0.0
v -0.2226441980456002 -1.385023388080299 0.0
v 1.8467622732860036 -10.176905351690948 0.0
v -8.217517024255358 -13.554810433648527 0.0
v -6.7523407466942444 1.2268964471295476 0.0
v 12.80237758869771 -10.086462425999343 0.0
v -3.280784931150265 -8.025229130871594 0.0
v 2.653211697121151 -2.4615045161917806 0.0
v 8.676403656660113 14.47297062817961 0.0
v -13.66573969653109 6.35734754987061 0.0
v 12.966040169936605 -3.5283451564610004 0.0
v 0.07784989109495655 14.827984092757106 0.0
v 0.8959416205761954 -3.5834378385916352 0.0
v -1.9316090518259443 -2.353388692252338 0.0
v 8.341924195701722 -1.6881988486275077 0.0
v -14.537779011006933 5.620081969536841 0.0
v 7.658391033357475 -2.278736517764628 0.0
v 1.8627881947904825 12.565563012845814 0.0
v 10.690640711400192 14.527539135888219 0.0
v 3.548835930414498 -2.3450335012748837 0.0
v -7.899344913836103 8.199827453121543 0.0
v 3.8603931086254306 -12.300375803373754 0.0
v 13.774398624838796 -4.892695506103337 0.0
v 11.849412159062922 4.632554990239441 0.0
v 7.9661630761111155 -4.163748533464968 0.0
v 5.4987734174355865 -13.999037047848105 0.0
v 9.046745835687034 11.896139232441783 0.0
v 8.484658810775727 -12.649688083678484 0.0
v -11.840809540241025 -1.7004536036401987 0.0
v -10.678007337788586 -13.31285305134952 0.0
v -0.756674557342194 -2.4360860576853156 0.0
v 13.301319757767487 14.68449267372489 0.0
v 6.962920102174394 -3.1151892859488726 0.0
f 1509 1236 1881
f 1102 524 1484
f 1102 250 1881
f 524 1102 1881
f 1945 432 1117
f 1236 1572 1881
f 223 1041 162
f 928 1313 464
f 1313 928 1509
f 180 910 1509
f 910 1313 1509
f 1721 929 1635
f 929 882 305
f 882 929 1721
f 174 882 1591
f 1350 882 1721
f 652 1050 675
f 1081 65 525
f 1633 360 1311
f 360 1633 562
f 88 1236 1509
f 881 693 137
f 859 1013 275
f 1478 1240 275
f 877 1102 1484
f 11 877 1484
f 1181 1534 488
f 1534 1181 1004
f 652 701 1945
f 119 778 1079
f 1893 1572 1236
f 1572 1893 550
f 1572 582 1881
f 1693 123 840
f 22 1597 729
f 22 729 305
f 490 905 1601
f 1313 1523 464
f 1967 910 180
f 653 882 174
f 653 1967 180
f 1967 653 174
f 882 331 1591
f 331 882 1350
f 382 446 832
f 446 22 305
f 22 446 288
f 652 1867 1050
f 1867 652 1945
f 1198 382 832
f 163 1649 1941
f 1050 476 675
f 620 353 675
f 65 1036 525
f 1036 446 525
f 446 1036 288
f 776 1605 629
f 793 776 629
f 1663 360 562
f 1153 1633 1410
f 1633 133 562
f 1874 1633 1311
f 158 1874 1311
f 1019 1874 665
f 1633 1019 1410
f 1874 1019 1633
f 320 376 1724
f 1921 1388 1126
f 871 1126 1099
f 858 871 1099
f 1921 523 903
f 1921 1618 1415
f 1618 1921 1126
f 871 1618 1126
f 1669 1921 1415
f 723 1739 470
f 1750 356 1193
f 1263 356 723
f 926 44 1785
f 1432 1002 1475
f 881 1002 1297
f 915 859 275
f 1240 915 275
f 887 1977 1346
f 168 11 1484
f 168 1483 11
f 1483 150 1575
f 276 917 1766
f 1181 13 1004
f 13 1181 488
f 924 701 652
f 1192 403 1117
f 432 538 1117
f 538 1192 1117
f 538 1282 1192
f 1358 87 296
f 778 1358 1079
f 1204 737 115
f 1204 1815 1922
f 501 761 539
f 761 501 1074
f 1246 1466 1424
f 236 1246 496
f 1977 1288 1346
f 365 1361 474
f 1796 91 256
f 1796 1218 1199
f 1358 428 1079
f 759 1358 296
f 428 759 1171
f 759 428 1358
f 759 1918 1171
f 1918 759 1328
f 1882 428 1171
f 1882 1437 1079
f 428 1882 1079
f 572 337 1066
f 1988 119 1079
f 119 1988 1424
f 1988 1218 1424
f 1437 1711 1408
f 337 1641 1066
f 1743 1885 1408
f 1906 791 1838
f 831 1737 1461
f 981 1462 821
f 542 1462 981
f 1462 1320 1897
f 1949 1826 273
f 1822 668 1365
f 651 1572 550
f 651 582 1572
f 693 869 137
f 88 1474 1236
f 251 1744 137
f 1058 251 137
f 651 251 1058
f 1174 1089 729
f 1089 1174 595
f 729 1089 305
f 1597 1662 729
f 1662 1174 729
f 1000 1191 1345
f 1191 656 1345
f 1364 1041 223
f 1834 657 1841
f 657 1834 1771
f 1834 1093 1771
f 1007 1974 1841
f 1974 1834 1841
f 1008 1191 1
f 1170 888 1710
f 1676 575 1051
f 827 1127 840
f 452 85 621
f 85 1555 621
f 1377 1555 1000
f 1191 435 1
f 435 1191 1000
f 1174 1188 595
f 1169 929 305
f 1188 418 1337
f 418 1174 1916
f 418 1188 1174
f 1627 1676 1051
f 728 1627 96
f 1627 314 96
f 785 1626 810
f 1626 461 810
f 301 631 19
f 948 1714 316
f 807 503 316
f 1968 1500 464
f 1968 905 1500
f 1523 1968 464
f 905 1968 1601
f 807 607 503
f 607 905 721
f 1500 272 464
f 272 928 464
f 272 522 928
f 1165 490 1601
f 905 455 721
f 490 455 905
f 910 240 1313
f 1967 240 910
f 331 699 1591
f 699 331 1350
f 1852 174 1591
f 253 1081 525
f 446 253 525
f 55 1867 1945
f 55 163 1839
f 1649 55 1945
f 163 55 1649
f 787 191 1605
f 1858 100 1226
f 1538 1945 1117
f 1538 1649 1945
f 163 204 1958
f 204 163 1941
f 89 1384 1651
f 1543 1073 1731
f 1867 280 1050
f 1934 37 1557
f 307 353 620
f 307 1667 1381
f 255 401 1464
f 1170 128 1193
f 128 1170 1710
f 231 1765 75
f 1605 750 1220
f 529 317 629
f 334 317 456
f 334 793 629
f 317 334 629
f 37 47 629
f 47 529 629
f 1533 1734 1283
f 1874 1080 665
f 1080 1874 158
f 332 158 1311
f 360 332 1311
f 1533 1991 1734
f 1741 1481 108
f 776 1741 108
f 1064 1663 562
f 1663 1064 1908
f 133 153 562
f 153 1064 562
f 1894 959 1917
f 959 133 1917
f 959 153 133
f 133 93 1917
f 1153 1563 1633
f 1563 133 1633
f 93 1563 1153
f 1563 93 133
f 1419 725 1353
f 725 1949 273
f 725 1419 1949
f 1419 454 1949
f 1080 346 1745
f 138 1019 665
f 1261 130 67
f 376 1119 1724
f 1440 1119 376
f 1119 791 1724
f 1235 1451 633
f 833 223 162
f 1471 1092 1099
f 871 286 1717
f 286 871 858
f 1717 286 162
f 286 833 162
f 1861 1638 140
f 1638 1861 459
f 1861 1562 459
f 583 286 858
f 286 583 833
f 1176 1630 185
f 1630 1143 185
f 1143 1630 1996
f 356 1510 1193
f 1618 865 1415
f 865 871 1717
f 865 1618 871
f 754 1669 1415
f 39 1750 1587
f 39 356 1750
f 356 39 723
f 39 1739 723
f 1972 1935 470
f 859 1935 1972
f 1812 1704 275
f 1013 1812 275
f 1812 1013 173
f 1118 1704 1044
f 758 1118 1044
f 1704 1118 275
f 1118 1478 275
f 1118 1512 1478
f 1512 1118 758
f 1228 801 1972
f 801 859 1972
f 801 1013 859
f 361 1972 470
f 987 1611 903
f 1789 1002 1432
f 1512 1789 1478
f 1002 1789 1297
f 1789 1512 1297
f 142 1240 1478
f 142 987 903
f 1932 1898 859
f 915 1932 859
f 931 887 1346
f 150 931 1346
f 931 150 1483
f 1977 1672 524
f 887 1672 1977
f 524 1672 1484
f 1672 887 1484
f 91 1033 256
f 1102 749 250
f 391 749 1102
f 1758 1517 1590
f 584 13 488
f 13 584 291
f 112 146 1057
f 112 501 539
f 501 112 873
f 276 112 1057
f 146 1404 1057
f 1249 1404 1828
f 1404 1249 1057
f 1404 1534 1828
f 1404 146 1534
f 146 1164 1534
f 112 1164 146
f 761 1164 539
f 1164 761 432
f 1164 432 488
f 1534 1164 488
f 1249 711 1057
f 711 276 1057
f 711 917 276
f 917 711 1766
f 670 924 652
f 1934 1325 241
f 701 705 1094
f 705 498 1094
f 498 705 1913
f 1298 1282 538
f 87 890 296
f 890 1581 296
f 1581 890 87
f 906 30 1877
f 688 323 1723
f 1592 688 1875
f 1204 157 737
f 323 157 1204
f 688 157 323
f 323 1878 1723
f 1878 323 1204
f 1878 114 1723
f 114 1878 1253
f 501 1937 1074
f 1937 501 873
f 343 1598 1148
f 1598 343 1705
f 112 612 873
f 612 112 276
f 236 1425 1246
f 261 236 496
f 117 261 423
f 261 117 236
f 17 1246 1424
f 365 1507 1361
f 1507 1549 1361
f 1549 1507 478
f 1507 365 333
f 780 365 91
f 365 780 333
f 780 939 333
f 1713 877 11
f 1483 1713 11
f 1054 548 80
f 548 335 80
f 284 759 404
f 759 284 1328
f 1918 1548 1171
f 1548 572 1066
f 572 1389 635
f 1389 1548 1918
f 1548 1389 572
f 1524 337 572
f 337 1524 642
f 10 1807 1766
f 1807 276 1766
f 1807 612 276
f 1859 468 337
f 468 1641 337
f 468 294 1490
f 468 1859 294
f 1399 1549 478
f 1399 1517 1948
f 1549 357 1361
f 357 1399 1948
f 1399 357 1549
f 1091 13 291
f 13 1091 571
f 939 1751 333
f 1413 1796 1199
f 939 1413 1199
f 780 1413 939
f 1796 1413 91
f 1413 780 91
f 1869 1743 1408
f 1711 1869 1408
f 799 1882 1171
f 799 1869 1711
f 1882 799 1437
f 799 1711 1437
f 923 468 1490
f 468 923 1641
f 1075 1885 1743
f 1885 1075 1503
f 1953 1894 1917
f 608 1953 1917
f 1085 1153 1410
f 1085 93 1153
f 797 1440 1982
f 797 1119 1440
f 1119 797 791
f 392 1449 1775
f 1449 392 1906
f 392 320 1724
f 791 392 1724
f 1906 392 791
f 328 392 1775
f 144 993 817
f 1347 231 1969
f 1347 1872 231
f 1347 1969 821
f 625 1799 44
f 926 1213 44
f 1213 625 44
f 1729 896 1938
f 759 184 404
f 184 759 296
f 1320 190 1897
f 190 896 1735
f 896 190 1938
f 35 1462 542
f 1462 35 1320
f 868 35 542
f 1872 1902 970
f 970 1902 1897
f 1902 1462 1897
f 1462 1902 821
f 1902 1347 821
f 1347 1902 1872
f 697 345 1947
f 668 809 1384
f 345 1628 633
f 1628 1235 633
f 541 1295 1055
f 663 1295 1461
f 248 663 1785
f 663 1737 1785
f 1737 663 1461
f 1815 466 1922
f 660 466 1815
f 1273 907 1822
f 746 524 1881
f 1447 1457 1659
f 1457 651 1659
f 651 1457 582
f 582 1679 1881
f 1232 1679 1447
f 1457 1679 582
f 1679 1457 1447
f 651 481 1659
f 481 651 1058
f 51 1058 137
f 869 51 137
f 874 869 693
f 1525 1474 88
f 1474 1525 41
f 1525 88 519
f 41 1855 862
f 251 40 1744
f 1901 578 802
f 754 578 1379
f 578 754 1415
f 865 578 1415
f 578 865 802
f 1041 515 162
f 1335 1717 162
f 515 1335 162
f 1335 515 1901
f 656 1071 1345
f 1312 1000 1345
f 1312 1377 1000
f 1007 1136 850
f 984 1780 528
f 1903 123 1693
f 1093 1903 1693
f 1903 1093 1834
f 1903 1974 123
f 1974 1903 1834
f 458 1931 354
f 1931 458 528
f 657 1931 433
f 1780 1931 528
f 1931 1780 433
f 1369 657 1771
f 1093 1369 1771
f 1931 1369 354
f 1369 1931 657
f 1369 1267 354
f 2 631 301
f 980 1007 850
f 1028 980 850
f 980 1028 301
f 26 1008 1
f 2 26 1
f 1904 26 1028
f 26 1904 1008
f 1191 1239 656
f 1008 1239 1191
f 1364 1239 1041
f 1239 1364 656
f 888 1625 1710
f 1031 1625 927
f 1625 1031 1710
f 314 1029 96
f 1565 1662 1597
f 558 1627 728
f 1627 558 1676
f 329 827 840
f 123 329 840
f 740 329 123
f 1974 74 123
f 74 740 123
f 172 22 1258
f 461 1052 810
f 1052 48 810
f 1052 452 48
f 1899 1555 1377
f 503 1899 316
f 1899 948 316
f 1923 461 506
f 461 1923 85
f 1661 435 1000
f 1555 1661 1000
f 1661 1555 85
f 1923 1661 85
f 1169 1821 929
f 929 1821 1635
f 367 1188 1337
f 1188 367 595
f 1089 367 305
f 367 1089 595
f 1776 785 810
f 418 1417 1337
f 1684 1820 1909
f 1250 1942 1820
f 531 1250 1820
f 1250 1776 810
f 1776 1250 531
f 452 371 48
f 338 371 621
f 371 452 621
f 1942 1997 1820
f 461 1609 506
f 1626 1609 461
f 1609 1626 918
f 387 575 19
f 165 1609 918
f 631 564 19
f 564 387 19
f 564 165 667
f 1521 807 316
f 1752 714 928
f 522 1752 928
f 928 460 1509
f 639 272 1500
f 272 639 522
f 1281 807 1926
f 1281 607 807
f 1281 639 1500
f 905 1281 1500
f 607 1281 905
f 455 1613 721
f 1613 455 338
f 1968 355 1601
f 355 1968 1523
f 1006 699 1350
f 1009 1165 1601
f 355 1009 1601
f 270 1967 174
f 1852 270 174
f 270 240 1967
f 270 1009 355
f 1006 1225 699
f 1225 781 1087
f 1225 1006 781
f 699 994 1591
f 994 1852 1591
f 1225 994 699
f 994 1225 1087
f 253 1111 1081
f 1604 446 382
f 1604 253 446
f 1716 1858 1308
f 1138 1858 1226
f 1858 1138 1308
f 1756 1082 265
f 265 1505 1043
f 1082 1505 265
f 1219 1121 738
f 1416 100 1858
f 1716 1416 1858
f 403 1790 1117
f 204 808 1958
f 808 204 549
f 1109 1455 309
f 20 1875 1365
f 89 1621 1384
f 1621 668 1384
f 668 1621 1365
f 1407 1619 1648
f 1619 1407 616
f 1407 89 1651
f 1494 1407 1651
f 1407 1494 616
f 580 1568 897
f 1568 580 1372
f 1498 454 1515
f 454 1498 1949
f 199 1622 655
f 199 375 1049
f 375 199 655
f 1498 199 1949
f 375 246 1049
f 580 246 1372
f 163 940 1839
f 304 424 476
f 424 620 675
f 476 424 675
f 1934 836 37
f 401 892 1166
f 1952 892 401
f 892 1952 1100
f 311 1769 1980
f 1851 311 1980
f 508 1076 1980
f 1998 255 1969
f 1998 508 255
f 1998 231 75
f 231 1998 1969
f 1267 846 354
f 1324 846 1267
f 1333 1750 1193
f 128 1333 1193
f 1504 128 1710
f 1504 1333 128
f 1031 59 1710
f 59 1031 1348
f 59 1504 1710
f 1504 59 1765
f 1031 853 1348
f 1765 1981 75
f 59 1981 1765
f 1765 1576 970
f 1576 1765 231
f 1576 1872 970
f 1872 1576 231
f 1323 970 1897
f 1323 1765 970
f 190 1323 1897
f 1323 190 1735
f 1323 1504 1765
f 1768 961 1919
f 1768 1111 738
f 1111 1768 1919
f 22 1840 1258
f 1840 22 288
f 1702 822 219
f 661 516 1978
f 516 661 1636
f 1095 661 1978
f 750 495 1220
f 944 495 750
f 1960 1645 229
f 1645 1960 937
f 1531 1645 937
f 1645 1531 252
f 1734 1846 1357
f 252 208 456
f 208 1115 456
f 1846 208 1357
f 208 1846 1115
f 1306 334 456
f 334 1306 793
f 776 1306 1336
f 1306 776 793
f 326 47 37
f 47 326 229
f 1080 741 665
f 741 1080 1745
f 741 138 665
f 258 1080 158
f 1991 258 158
f 258 1991 1533
f 258 1533 1283
f 1663 350 360
f 350 1663 1908
f 772 776 1336
f 772 1741 776
f 937 1443 1357
f 454 1443 937
f 1443 454 1419
f 346 1528 1283
f 1528 346 1080
f 1528 258 1283
f 258 1528 1080
f 346 1623 1745
f 1623 725 273
f 725 1623 1353
f 1955 1773 1636
f 1955 1646 201
f 1955 201 861
f 1773 1955 861
f 1440 1984 1982
f 1360 401 1166
f 401 1360 1464
f 1501 345 633
f 1451 1501 633
f 345 1501 1947
f 245 1451 82
f 907 245 82
f 245 247 1301
f 247 245 907
f 486 541 1055
f 1680 486 1055
f 486 1680 366
f 687 486 366
f 542 1871 445
f 1388 784 1126
f 1471 784 1388
f 1126 784 1099
f 784 1471 1099
f 1513 1638 459
f 583 1513 459
f 866 583 459
f 866 1364 223
f 833 866 223
f 583 866 833
f 344 1637 447
f 1755 1176 185
f 1757 1755 185
f 1887 858 1099
f 1092 1887 1099
f 1699 439 1427
f 609 865 1717
f 754 1670 1669
f 1699 1670 439
f 1670 1699 1669
f 1670 754 1379
f 578 1670 1379
f 1670 578 439
f 795 1231 1602
f 823 1587 1602
f 1231 823 1602
f 823 39 1587
f 823 1231 1739
f 39 823 1739
f 222 1472 423
f 261 222 423
f 222 1812 173
f 1472 222 173
f 1812 222 1704
f 1774 801 1228
f 1435 142 1478
f 142 1435 987
f 1789 1435 1478
f 1435 1789 1432
f 1611 1435 1432
f 1435 1611 987
f 1786 915 1240
f 1786 1932 915
f 931 1098 887
f 887 1098 1484
f 1098 168 1484
f 168 1098 1483
f 1098 931 1483
f 1696 391 1102
f 748 1758 1590
f 1399 1105 1517
f 946 1678 478
f 1678 1399 478
f 1910 112 539
f 1164 1910 539
f 1910 1164 112
f 1480 1249 1828
f 1480 1110 1249
f 1110 1480 1004
f 1480 1534 1004
f 1534 1480 1828
f 1859 976 294
f 10 976 1859
f 711 976 1766
f 976 10 1766
f 794 652 675
f 794 670 652
f 521 535 241
f 535 521 310
f 1325 1700 241
f 1700 521 241
f 1094 1610 1557
f 1610 498 1557
f 498 1610 1094
f 1700 313 1913
f 313 1700 1325
f 313 1325 1934
f 1492 990 1913
f 1492 1331 990
f 1331 1492 1133
f 403 196 1712
f 196 1409 1712
f 1409 196 403
f 1264 403 1192
f 1264 1409 403
f 1282 1264 1192
f 1598 950 1148
f 1979 538 432
f 1979 1298 538
f 1979 432 12
f 1298 1979 12
f 432 512 12
f 761 512 432
f 742 1581 87
f 1358 742 87
f 1961 1466 1736
f 783 1961 1736
f 1961 742 1466
f 742 1961 783
f 148 430 556
f 1046 148 556
f 1046 556 635
f 30 1506 1877
f 410 688 1723
f 114 410 1723
f 1875 410 1365
f 688 410 1875
f 1273 410 114
f 694 688 1342
f 1208 997 1237
f 997 1208 968
f 157 1809 737
f 1809 30 906
f 737 1809 115
f 1809 906 115
f 891 1204 1922
f 891 1878 1204
f 1878 891 1253
f 1285 1937 1705
f 343 1285 1705
f 1937 1285 1074
f 1285 761 1074
f 761 1740 1148
f 1740 343 1148
f 1285 1740 761
f 1740 1285 343
f 1149 117 1736
f 117 1149 236
f 1149 1425 236
f 1466 1149 1736
f 1425 1149 1466
f 985 1466 1246
f 1425 985 1246
f 985 1425 1466
f 1796 1496 1218
f 1033 1818 256
f 17 756 1246
f 756 17 739
f 726 946 478
f 1751 726 333
f 726 1751 1489
f 913 6 1054
f 973 6 1575
f 935 1157 877
f 1713 935 877
f 6 935 1575
f 935 6 913
f 1791 1696 1102
f 1696 1791 391
f 1791 748 391
f 1157 319 877
f 1551 319 1157
f 1476 1551 1157
f 1758 1476 1517
f 1517 1476 1948
f 1476 225 1948
f 1561 1476 1157
f 1476 1561 225
f 6 1014 1054
f 1014 6 973
f 284 1299 1328
f 1299 284 1391
f 765 1299 1391
f 906 505 115
f 505 906 1877
f 702 572 635
f 702 1524 572
f 556 702 635
f 1524 702 556
f 1885 1303 1408
f 1303 1885 1503
f 1656 1864 1199
f 1864 1656 1988
f 1218 1656 1199
f 1988 1656 1218
f 357 7 1361
f 7 357 335
f 548 7 335
f 357 1929 335
f 225 1929 1948
f 1929 357 1948
f 1091 805 946
f 1751 1814 1489
f 1814 939 1503
f 1814 1751 939
f 1869 127 1743
f 1641 127 1066
f 799 1083 1869
f 127 1083 1066
f 1083 127 1869
f 1083 1548 1066
f 1548 1083 1171
f 1083 799 1171
f 98 1075 1743
f 923 98 1641
f 1075 1536 1503
f 1814 1536 1489
f 1536 1814 1503
f 826 608 1420
f 826 1953 608
f 1175 1040 608
f 1175 1085 1865
f 237 1175 1865
f 220 1646 1420
f 1646 220 363
f 608 220 1420
f 1040 220 608
f 1217 797 1982
f 95 1217 1982
f 1217 95 201
f 1646 1217 201
f 1217 1646 363
f 220 1450 363
f 1450 220 1040
f 1450 1217 363
f 1449 368 1775
f 368 1449 817
f 720 237 1865
f 1085 720 1865
f 720 144 817
f 1144 1449 1906
f 237 1144 1906
f 1449 1144 817
f 1144 720 817
f 720 1144 237
f 735 1906 1838
f 735 237 1906
f 735 1175 237
f 1040 735 1838
f 1175 735 1040
f 1501 1316 1947
f 1316 1501 1451
f 553 565 1795
f 1940 993 144
f 1195 56 1962
f 56 1195 977
f 1213 462 625
f 462 1729 1938
f 1801 926 1602
f 1801 1213 926
f 1587 215 1602
f 215 1729 1602
f 1729 215 1161
f 1750 215 1587
f 775 215 1750
f 215 775 1735
f 1161 215 1735
f 1729 349 896
f 349 1729 1161
f 896 349 1735
f 349 1161 1735
f 284 1433 1391
f 1763 1433 284
f 1763 284 404
f 1546 1233 200
f 1737 1442 1785
f 1442 1737 831
f 1727 1442 831
f 1265 1442 1727
f 742 467 1581
f 467 742 783
f 757 542 445
f 757 868 542
f 1799 757 445
f 868 757 1799
f 190 1096 1938
f 1096 190 1320
f 35 1096 1320
f 1096 35 868
f 1096 462 1938
f 462 1096 625
f 1096 1799 625
f 1096 868 1799
f 1382 697 1947
f 809 1900 1384
f 1451 161 82
f 161 1451 1235
f 161 1900 809
f 1822 803 668
f 803 809 668
f 803 907 82
f 907 803 1822
f 161 803 82
f 803 161 809
f 541 630 1295
f 630 660 1815
f 630 541 660
f 996 663 248
f 663 996 1295
f 1680 996 248
f 1295 996 1055
f 996 1680 1055
f 598 1035 1815
f 1035 630 1815
f 630 1035 1295
f 1295 1035 1461
f 1035 598 1461
f 1204 266 1815
f 266 598 1815
f 266 1204 115
f 505 266 115
f 266 505 1005
f 891 864 1253
f 864 466 660
f 1888 114 1253
f 1888 1273 114
f 1703 746 1983
f 1703 1977 524
f 746 1703 524
f 1232 1294 557
f 1224 1232 557
f 1224 1679 1232
f 592 1224 557
f 746 1224 1983
f 1224 746 1881
f 1679 1224 1881
f 762 481 1058
f 51 762 1058
f 874 1296 1297
f 1296 874 693
f 1296 881 1297
f 881 1296 693
f 271 1525 519
f 271 1666 1086
f 1525 975 41
f 975 1855 41
f 271 975 1525
f 975 271 1086
f 1321 40 1893
f 1321 1893 1236
f 1474 1321 1236
f 1321 41 862
f 1321 1474 41
f 1128 40 251
f 1128 651 550
f 1128 251 651
f 1893 1128 550
f 40 1128 1893
f 619 1901 802
f 619 1335 1901
f 1335 619 1717
f 619 609 1717
f 1071 121 1562
f 866 121 1364
f 1364 121 656
f 121 1071 656
f 1562 121 459
f 121 866 459
f 1446 1324 1267
f 1136 197 433
f 1625 471 927
f 1369 789 1267
f 789 1369 1093
f 789 1093 1693
f 789 1446 1267
f 1446 789 753
f 164 1028 850
f 164 1904 1028
f 1439 1904 1925
f 1904 1439 1008
f 925 1439 1925
f 1439 1239 1008
f 1439 925 1041
f 1239 1439 1041
f 1028 50 301
f 50 2 301
f 26 50 1028
f 50 26 2
f 2 712 631
f 73 1974 1007
f 980 73 1007
f 73 74 1974
f 1746 1136 433
f 1780 1746 433
f 1029 734 96
f 734 728 96
f 734 1733 728
f 734 1819 1733
f 1819 213 1733
f 22 700 1597
f 1565 1884 1662
f 1174 1884 1916
f 1662 1884 1174
f 1526 558 1647
f 1676 1526 575
f 558 1526 1676
f 329 1783 728
f 1783 329 740
f 1783 558 728
f 1783 740 1647
f 558 1783 1647
f 740 427 1647
f 74 427 740
f 427 1690 1647
f 427 73 1690
f 73 427 74
f 1540 1824 804
f 1229 1824 1540
f 1824 1229 1957
f 692 1879 5
f 1307 692 5
f 692 1307 1582
f 1879 953 5
f 953 426 599
f 1687 953 599
f 213 1497 1733
f 1497 692 1582
f 1600 1497 1582
f 1497 1600 1733
f 172 1274 782
f 412 461 85
f 412 1052 461
f 452 412 85
f 1052 412 452
f 1899 1800 1555
f 1555 1800 621
f 285 1800 503
f 1800 1899 503
f 566 1923 506
f 566 1661 1923
f 566 2 1
f 2 566 506
f 1821 812 1635
f 812 1721 1635
f 812 1684 1909
f 1684 812 1821
f 1417 1616 1337
f 1103 1169 305
f 367 1103 305
f 1103 1616 1417
f 1103 367 1337
f 1616 1103 1337
f 1944 1417 418
f 1776 1944 785
f 1944 727 1417
f 727 531 1820
f 727 1776 531
f 727 1944 1776
f 1103 727 1169
f 727 1103 1417
f 48 1212 810
f 1212 1250 810
f 455 1889 338
f 1889 371 338
f 1889 455 490
f 402 1350 1721
f 812 402 1721
f 402 812 1909
f 1820 402 1909
f 1997 402 1820
f 1355 1997 1942
f 1997 282 781
f 282 1355 1255
f 1355 282 1997
f 781 282 1087
f 575 966 1051
f 387 966 575
f 966 202 1051
f 202 966 387
f 1708 1627 1051
f 1708 314 1627
f 1708 1029 314
f 1708 283 1564
f 1029 1708 1564
f 202 1681 667
f 1681 202 387
f 1681 564 667
f 564 1681 387
f 1544 165 918
f 165 1544 667
f 1310 564 631
f 564 1310 165
f 165 1310 1609
f 712 1310 631
f 1310 712 1609
f 1899 1584 948
f 948 1584 140
f 1584 1899 1377
f 1047 1584 1377
f 1584 1861 140
f 1584 1047 1861
f 1861 1061 1562
f 1047 1061 1861
f 1061 1312 1345
f 1312 1061 1377
f 1061 1047 1377
f 1071 1061 1345
f 1061 1071 1562
f 1200 285 503
f 607 1200 503
f 1200 607 721
f 1800 1485 621
f 1485 1800 285
f 1485 338 621
f 1485 463 338
f 1200 1485 285
f 1485 1200 463
f 1714 589 316
f 589 1521 316
f 948 589 1714
f 1521 589 714
f 1521 485 807
f 807 485 1926
f 460 1197 1509
f 1197 1675 1509
f 1675 1197 421
f 714 1456 928
f 1456 460 928
f 1362 1752 522
f 639 1362 522
f 1752 1362 1926
f 1362 1281 1926
f 1281 1362 639
f 1101 1009 1554
f 1101 282 1255
f 282 1101 1554
f 1009 1101 1165
f 994 1395 1852
f 1395 270 1852
f 270 1395 1009
f 270 398 240
f 398 270 355
f 240 398 1313
f 398 1523 1313
f 398 355 1523
f 957 1219 738
f 1219 957 681
f 957 1522 681
f 1111 1654 1081
f 1654 1111 1919
f 596 1111 253
f 1604 596 253
f 596 1604 1522
f 1111 596 738
f 596 957 738
f 957 596 1522
f 1715 832 676
f 1715 1694 832
f 191 1715 676
f 1694 1715 191
f 1756 1835 1198
f 1522 1835 681
f 1198 1835 382
f 1835 1604 382
f 1604 1835 1522
f 1716 1125 406
f 1125 1716 193
f 1291 1756 1198
f 1291 1082 1756
f 889 767 1698
f 886 767 1383
f 1452 889 1832
f 1452 1505 1383
f 767 1452 1383
f 1452 767 889
f 1505 448 1383
f 886 448 787
f 448 1505 787
f 690 1452 1832
f 1452 690 1505
f 1505 690 1043
f 690 1121 1219
f 1121 159 302
f 159 690 1832
f 690 159 1121
f 1207 302 547
f 1207 325 302
f 289 1207 547
f 1207 289 100
f 889 1973 1832
f 1973 289 1832
f 1973 889 1698
f 674 1416 704
f 1416 674 100
f 674 1207 100
f 1207 674 325
f 674 841 325
f 1697 674 704
f 841 674 1697
f 1580 1716 406
f 1580 1416 1716
f 1416 1580 704
f 267 1773 861
f 267 1518 1773
f 267 1072 1518
f 77 95 1982
f 1984 77 1982
f 95 77 201
f 201 77 861
f 77 267 861
f 267 77 1857
f 677 1748 752
f 677 1965 1748
f 342 677 752
f 1649 1488 1941
f 1538 1488 1649
f 1488 1790 549
f 1488 1538 1117
f 1790 1488 1117
f 1488 204 1941
f 204 1488 549
f 16 1790 403
f 482 808 549
f 449 1257 1651
f 1234 1257 449
f 1257 1494 1651
f 820 580 1189
f 1762 380 1234
f 380 820 1189
f 1455 416 309
f 416 420 309
f 420 590 309
f 590 420 697
f 590 1221 309
f 590 1608 1221
f 697 559 345
f 420 559 697
f 559 1628 345
f 1145 1109 1826
f 380 1145 820
f 1109 1182 1455
f 1182 416 1455
f 416 1182 1034
f 1145 1182 1109
f 1182 1762 1034
f 1182 380 1762
f 1182 1145 380
f 1570 1407 1648
f 1407 1570 89
f 68 1621 89
f 1570 68 89
f 68 1570 20
f 68 20 1365
f 1621 68 1365
f 374 1619 897
f 374 1194 90
f 1194 374 1073
f 1568 374 897
f 374 1568 1073
f 1619 1137 1648
f 1137 374 90
f 374 1137 1619
f 580 1001 1189
f 1001 580 897
f 1619 1001 897
f 1001 1619 616
f 76 1568 1372
f 76 751 1731
f 1073 76 1731
f 1568 76 1073
f 199 815 1622
f 815 199 1498
f 1622 815 1515
f 815 1498 1515
f 1376 1543 1731
f 751 1376 1731
f 1376 751 375
f 940 908 1839
f 908 280 1867
f 908 55 1839
f 55 908 1867
f 1946 535 1966
f 1946 1934 241
f 535 1946 241
f 1695 1808 1738
f 1695 535 310
f 1808 1695 310
f 614 1622 1515
f 1622 614 655
f 836 122 37
f 206 1952 401
f 255 206 401
f 508 206 255
f 206 508 1980
f 1100 206 1980
f 1952 206 1100
f 469 1229 1540
f 469 1243 1238
f 1229 469 1238
f 914 411 1851
f 1830 914 615
f 914 1830 411
f 1566 1975 1650
f 1975 1566 1166
f 892 870 1166
f 870 1975 1166
f 1459 1130 1769
f 730 1130 1459
f 1769 1130 1980
f 1130 1100 1980
f 52 1851 1980
f 1076 52 1980
f 1275 846 1324
f 1272 1076 508
f 1504 217 1333
f 217 775 1750
f 1333 217 1750
f 775 217 1735
f 217 1323 1735
f 1323 217 1504
f 1943 59 1348
f 1981 1943 1348
f 1943 1981 59
f 1981 1269 75
f 853 1269 1348
f 1269 1981 1348
f 1886 120 125
f 120 1768 125
f 1768 120 961
f 325 1431 302
f 1431 1886 125
f 1431 1768 738
f 1768 1431 125
f 1121 1431 738
f 1431 1121 302
f 747 318 599
f 953 453 426
f 453 953 1879
f 1036 1344 288
f 1344 822 288
f 1344 1036 65
f 822 1344 219
f 1993 1305 1230
f 1848 1840 288
f 1965 880 1748
f 1305 1719 1178
f 1993 1719 1305
f 1374 1702 219
f 857 516 1636
f 1773 857 1636
f 1518 857 1773
f 516 857 1978
f 1183 916 1463
f 567 944 750
f 769 1716 1308
f 1716 769 193
f 132 1072 407
f 1645 551 229
f 47 551 529
f 551 47 229
f 551 1645 252
f 551 317 529
f 317 551 456
f 551 252 456
f 8 208 252
f 208 8 1357
f 8 937 1357
f 8 1531 937
f 1617 326 37
f 326 1617 229
f 1211 777 1915
f 777 332 1915
f 605 1211 1915
f 1846 64 1115
f 1991 268 1734
f 64 268 1211
f 268 1846 1734
f 268 64 1846
f 1326 1734 1357
f 1443 1326 1357
f 1734 1326 1283
f 1326 1419 1353
f 1326 1443 1419
f 1623 604 1353
f 604 1623 346
f 604 346 1283
f 1326 604 1283
f 604 1326 1353
f 1940 340 1123
f 340 1940 144
f 1356 848 1261
f 860 760 67
f 760 1261 67
f 760 1356 1261
f 320 909 376
f 377 844 320
f 527 982 269
f 102 293 981
f 102 981 821
f 102 255 1464
f 1969 102 821
f 255 102 1969
f 328 116 392
f 116 377 320
f 392 116 320
f 211 1614 214
f 293 755 979
f 1030 1643 786
f 1643 1349 786
f 1349 1643 211
f 189 1129 1405
f 1594 991 1650
f 1594 189 991
f 1594 1129 189
f 1129 1594 1405
f 1594 1975 1405
f 1975 1594 1650
f 991 964 214
f 189 964 991
f 964 116 214
f 116 964 377
f 883 1566 1650
f 1360 883 1650
f 1566 883 1166
f 883 1360 1166
f 565 622 1795
f 1770 486 1788
f 541 1770 660
f 486 1770 541
f 1753 645 234
f 645 1753 247
f 645 247 907
f 565 744 1301
f 1833 687 366
f 755 176 979
f 69 731 1788
f 486 69 1788
f 687 69 486
f 34 1799 445
f 1871 34 445
f 1799 34 44
f 34 1680 248
f 44 34 1785
f 34 248 1785
f 293 1010 981
f 1010 293 979
f 1513 1487 1638
f 1854 271 519
f 271 1854 1666
f 1755 278 1176
f 888 995 1427
f 995 942 1427
f 995 888 1170
f 1163 523 1921
f 1669 1163 1921
f 1699 1163 1669
f 1163 960 523
f 523 1421 1542
f 960 1421 523
f 1421 1932 1542
f 1932 1421 1898
f 1607 1163 1699
f 1163 1607 960
f 1856 795 1602
f 1856 227 1706
f 381 361 470
f 381 632 361
f 1739 381 470
f 1231 381 1739
f 1704 228 1044
f 222 228 1704
f 1472 42 736
f 632 42 361
f 1471 1016 1092
f 561 1016 1471
f 1016 1280 1092
f 1280 1016 1176
f 1862 1432 1475
f 1862 1611 1432
f 1862 1048 561
f 1048 1143 1996
f 1786 385 1932
f 1932 385 1542
f 142 385 1240
f 385 1786 1240
f 385 523 1542
f 523 385 903
f 385 142 903
f 1105 1959 1314
f 1541 488 250
f 1722 1541 250
f 1110 1624 1249
f 1624 1205 1249
f 1205 1624 571
f 1624 13 571
f 13 1624 1004
f 1624 1110 1004
f 1205 260 1249
f 670 1147 924
f 1147 178 924
f 990 835 1913
f 835 1700 1913
f 1700 835 521
f 1241 498 1913
f 313 1241 1913
f 498 1241 1557
f 1241 1934 1557
f 1241 313 1934
f 1999 1492 1913
f 1999 705 701
f 705 1999 1913
f 1331 1185 990
f 521 1185 310
f 1185 521 990
f 178 1363 1133
f 1147 1363 178
f 353 1363 675
f 924 613 701
f 178 613 924
f 613 1999 701
f 1999 613 1492
f 867 1827 950
f 867 950 1598
f 1639 1358 778
f 1639 742 1358
f 119 1639 778
f 742 1639 1466
f 1639 119 1424
f 1466 1639 1424
f 430 536 556
f 1506 626 148
f 626 30 532
f 626 1506 30
f 952 1046 635
f 1046 952 497
f 441 765 1877
f 1506 441 1877
f 441 1506 148
f 765 441 497
f 441 1046 497
f 1046 441 148
f 129 526 1911
f 526 129 1530
f 129 876 1530
f 20 876 1875
f 517 1273 1822
f 517 410 1273
f 517 1822 1365
f 410 517 1365
f 593 694 1342
f 694 593 532
f 152 157 688
f 694 152 688
f 152 1809 157
f 152 694 532
f 30 152 532
f 1809 152 30
f 46 594 1592
f 46 1685 1271
f 1222 1598 1705
f 1222 1256 1598
f 1747 337 642
f 1747 1859 337
f 70 1796 256
f 70 1496 1796
f 1677 70 221
f 70 1677 1496
f 1218 1677 1424
f 1496 1677 1218
f 1818 1644 256
f 31 150 1346
f 1288 397 1346
f 756 1060 1246
f 1060 756 1567
f 1507 1845 478
f 1845 726 478
f 1845 1507 333
f 726 1845 333
f 1167 1091 946
f 726 1167 946
f 1091 1167 571
f 1167 1489 671
f 1167 726 1489
f 1205 1167 671
f 1167 1205 571
f 935 989 1157
f 989 935 913
f 1157 989 80
f 989 1054 80
f 989 913 1054
f 1725 1713 1483
f 1725 935 1713
f 1725 1483 1575
f 935 1725 1575
f 1266 1476 1758
f 748 1266 1758
f 1791 1266 748
f 1791 1688 1551
f 1688 1791 1102
f 1561 1284 225
f 1284 1929 225
f 1284 1157 80
f 1284 1561 1157
f 335 1284 80
f 1929 1284 335
f 1069 548 1054
f 1014 1069 1054
f 389 1818 1033
f 1014 389 474
f 1552 765 497
f 1552 1299 765
f 952 1552 497
f 1389 1552 635
f 1552 952 635
f 1749 505 1877
f 505 1749 1005
f 765 1749 1877
f 1749 765 1391
f 1005 1749 1391
f 60 1303 1864
f 60 1864 1988
f 60 1437 1408
f 1303 60 1408
f 1437 60 1079
f 60 1988 1079
f 597 1303 1503
f 939 597 1503
f 591 1091 291
f 591 805 1091
f 843 1678 946
f 805 843 946
f 127 79 1743
f 79 127 1641
f 79 98 1743
f 98 79 1641
f 98 415 1075
f 1489 415 671
f 1536 500 1489
f 500 1536 1075
f 500 415 1489
f 415 500 1075
f 502 826 1420
f 1953 502 1894
f 826 502 1953
f 1085 530 93
f 1175 530 1085
f 530 1175 608
f 530 608 1917
f 93 530 1917
f 1217 683 797
f 1450 683 1217
f 1019 911 1410
f 911 1085 1410
f 911 720 1085
f 138 911 1019
f 1401 911 138
f 1781 1030 786
f 553 1781 786
f 1781 553 1795
f 622 1781 1795
f 347 1316 977
f 1195 347 977
f 993 45 170
f 1940 405 993
f 56 405 1962
f 405 1382 1962
f 1359 462 1213
f 462 1359 1729
f 1729 1359 1602
f 1359 1801 1602
f 1801 1359 1213
f 1433 364 1391
f 1763 364 1433
f 364 1005 1391
f 364 1140 1005
f 364 1763 1727
f 364 1727 831
f 1140 364 831
f 1546 257 184
f 184 257 404
f 257 1265 1727
f 1265 257 1546
f 257 1763 404
f 1763 257 1727
f 509 1546 184
f 1581 509 296
f 509 184 296
f 1546 509 1233
f 555 290 200
f 290 1546 200
f 290 1265 1546
f 1442 507 1785
f 507 1442 1265
f 507 290 555
f 290 507 1265
f 467 971 1581
f 1351 783 1736
f 1351 467 783
f 117 1351 1736
f 1351 117 423
f 662 1940 1123
f 662 405 1940
f 405 662 1382
f 586 1195 1962
f 1382 586 1962
f 586 1382 1947
f 586 347 1195
f 1316 586 1947
f 347 586 1316
f 1608 1270 1221
f 943 662 1123
f 662 943 1382
f 788 1401 138
f 788 1608 1401
f 1270 788 138
f 788 1270 1608
f 1628 1683 1235
f 1683 161 1235
f 161 1683 1900
f 533 449 1651
f 1384 533 1651
f 1900 533 1384
f 533 1683 449
f 1683 533 1900
f 466 1112 1922
f 864 1112 466
f 1112 891 1922
f 1112 864 891
f 1152 864 660
f 1152 1753 234
f 1753 1152 660
f 864 1152 1253
f 1888 1152 234
f 1152 1888 1253
f 1273 393 907
f 1888 393 1273
f 393 645 907
f 393 1888 234
f 645 393 234
f 1703 1341 1977
f 1341 1703 14
f 1341 1288 1977
f 1341 14 1288
f 922 1294 1232
f 922 1447 1659
f 922 1232 1447
f 1077 1571 1855
f 1666 1924 1086
f 1143 1924 185
f 1571 1924 1143
f 1321 1652 40
f 1583 578 1901
f 515 1583 1901
f 578 1583 439
f 1583 515 1041
f 439 1418 1427
f 1418 888 1427
f 1418 1625 888
f 1539 336 1332
f 1539 164 336
f 1904 1539 1925
f 164 1539 1904
f 1836 619 802
f 619 1836 609
f 865 1836 802
f 609 1836 865
f 457 1446 753
f 1830 457 1243
f 1446 457 615
f 457 1830 615
f 1259 1260 1238
f 1260 1259 753
f 1243 1259 1238
f 457 1259 1243
f 1259 457 753
f 1260 1444 1238
f 1444 577 1957
f 577 1824 1957
f 425 657 433
f 197 425 433
f 657 425 1841
f 425 1007 1841
f 425 1136 1007
f 425 197 1136
f 546 789 1693
f 789 546 753
f 546 1260 753
f 1609 1956 506
f 712 1956 1609
f 1956 2 506
f 1956 712 2
f 1136 685 850
f 685 164 850
f 164 685 336
f 336 1319 1332
f 1319 984 927
f 1319 1780 984
f 1319 1746 1780
f 842 734 1029
f 842 1819 734
f 84 172 782
f 706 1514 698
f 213 706 698
f 1514 706 1535
f 1884 1860 1916
f 1860 1884 1564
f 1860 283 1916
f 283 1860 1564
f 842 1159 1819
f 1159 213 1819
f 1526 543 575
f 1516 504 1784
f 504 1430 1784
f 617 1933 1292
f 1933 1687 1292
f 692 1396 1879
f 1396 1300 1879
f 1300 717 1879
f 717 453 1879
f 658 717 94
f 453 717 658
f 1596 124 94
f 717 1596 94
f 1596 717 1300
f 1274 1596 782
f 1596 1274 124
f 953 18 5
f 18 953 1687
f 1933 18 1687
f 1307 388 1582
f 388 1600 1582
f 1274 1726 124
f 1726 1787 94
f 124 1726 94
f 1661 879 435
f 566 879 1661
f 435 879 1
f 879 566 1
f 727 1971 1169
f 1971 1821 1169
f 1971 1684 1821
f 1684 1971 1820
f 1971 727 1820
f 1250 852 1942
f 1212 852 1250
f 371 852 48
f 852 1212 48
f 402 963 1350
f 963 402 1997
f 963 1006 1350
f 963 1997 781
f 1006 963 781
f 283 1378 1916
f 669 1779 202
f 1708 1779 283
f 1779 1378 283
f 1378 1779 669
f 202 1779 1051
f 1779 1708 1051
f 1912 669 202
f 1912 1944 418
f 669 1912 418
f 1289 1912 202
f 1912 1289 1944
f 1289 202 667
f 1544 1289 667
f 1200 436 463
f 463 436 338
f 436 1613 338
f 1613 436 721
f 436 1200 721
f 956 1521 714
f 956 485 1521
f 1752 956 714
f 956 1752 1926
f 485 956 1926
f 732 830 421
f 1197 1032 421
f 1032 732 421
f 1032 1197 460
f 1009 1927 1554
f 1395 1927 1009
f 1927 1395 994
f 1927 994 1087
f 282 1927 1087
f 1927 282 1554
f 1835 818 681
f 818 1835 1756
f 818 1219 681
f 818 265 1043
f 818 1756 265
f 690 818 1043
f 818 690 1219
f 1138 1340 1308
f 1668 1816 1397
f 967 1816 1698
f 1816 967 1605
f 1816 495 1397
f 1816 1605 1220
f 495 1816 1220
f 212 769 1308
f 769 212 944
f 1340 212 1308
f 212 1340 1668
f 944 212 495
f 495 212 1397
f 212 1668 1397
f 967 715 1605
f 715 787 1605
f 715 886 787
f 715 1017 886
f 1017 1038 886
f 1038 767 886
f 1038 715 967
f 715 1038 1017
f 1038 967 1698
f 767 1038 1698
f 1277 1291 1198
f 1277 1198 832
f 1694 1277 832
f 1505 1162 787
f 1162 1505 1082
f 483 886 1383
f 448 483 1383
f 483 448 886
f 289 1015 1832
f 1015 159 1832
f 1015 289 547
f 302 1015 547
f 159 1015 302
f 289 1777 100
f 100 1777 1226
f 103 77 1984
f 77 1553 1857
f 103 1553 77
f 1857 1553 1797
f 1553 156 1797
f 624 1067 187
f 1398 624 187
f 1371 624 643
f 527 894 187
f 894 1398 187
f 894 527 269
f 1398 894 269
f 1748 1403 752
f 856 1403 1748
f 1403 1247 752
f 1072 1761 407
f 1761 166 407
f 1761 267 1857
f 267 1761 1072
f 1761 1857 1797
f 166 1761 527
f 650 482 549
f 526 1063 1911
f 650 1022 482
f 482 1022 1847
f 1022 90 1847
f 1022 743 90
f 1257 1190 1494
f 1190 1257 1234
f 1190 380 1189
f 380 1190 1234
f 1215 246 580
f 820 1215 580
f 246 1215 1049
f 416 901 420
f 1762 901 1034
f 901 416 1034
f 901 559 420
f 901 1234 449
f 901 1762 1234
f 559 901 1628
f 1683 901 449
f 901 1683 1628
f 199 933 1949
f 933 199 1049
f 1145 933 820
f 1215 933 1049
f 933 1215 820
f 1570 417 20
f 876 417 1530
f 417 876 20
f 1667 951 1381
f 951 1954 1381
f 1850 307 620
f 307 1850 1667
f 1850 951 1667
f 940 1245 304
f 1245 940 163
f 1001 1151 1189
f 1151 1190 1189
f 1190 1151 1494
f 1494 1151 616
f 1151 1001 616
f 76 585 751
f 585 246 375
f 751 585 375
f 246 585 1372
f 585 76 1372
f 1134 1376 375
f 834 1134 623
f 839 1134 834
f 908 1976 280
f 1976 908 940
f 1976 476 1050
f 280 1976 1050
f 1976 304 476
f 1976 940 304
f 1422 1946 1966
f 1422 122 836
f 1738 1448 834
f 1808 1448 1738
f 1448 839 834
f 839 1448 1381
f 454 1116 1515
f 1116 454 937
f 1660 1116 937
f 469 298 411
f 311 298 1769
f 411 298 1851
f 298 311 1851
f 469 1139 1243
f 1139 469 411
f 1139 1830 1243
f 1830 1139 411
f 1975 1817 730
f 870 1817 1975
f 1817 1130 730
f 1130 1817 1100
f 1817 892 1100
f 1817 870 892
f 1275 1429 846
f 1429 458 354
f 846 1429 354
f 324 1275 853
f 1272 1287 1076
f 1287 1272 853
f 297 1269 853
f 297 1998 75
f 1269 297 75
f 408 1964 1886
f 408 1431 325
f 1431 408 1886
f 841 408 325
f 1964 408 841
f 1907 1840 1230
f 1305 1907 1230
f 1936 1120 1011
f 318 1811 599
f 1811 1687 599
f 1642 1811 318
f 484 1642 860
f 1344 947 219
f 1702 713 822
f 822 713 288
f 713 1848 288
f 703 880 1965
f 771 703 1965
f 703 771 1844
f 370 1719 1702
f 1374 370 1702
f 21 370 1374
f 1964 1767 1886
f 120 1767 961
f 1767 120 1886
f 1025 1132 1122
f 776 1025 1605
f 1025 776 108
f 1025 750 1605
f 1025 1122 750
f 1132 66 1095
f 66 520 1095
f 1025 66 1132
f 66 1025 108
f 1482 66 108
f 520 66 1482
f 1024 437 1908
f 341 1482 108
f 1481 341 108
f 520 796 1095
f 1095 796 661
f 796 1863 661
f 1511 1183 1463
f 1122 1511 750
f 510 1511 1122
f 1511 510 1183
f 472 567 750
f 472 1511 1463
f 1511 472 750
f 166 724 407
f 1558 724 187
f 724 527 187
f 724 166 527
f 1532 1849 193
f 1849 1125 193
f 1072 779 1518
f 132 779 1072
f 1531 232 252
f 232 8 252
f 8 232 1531
f 332 1254 1915
f 1254 332 360
f 350 1254 360
f 605 1104 1211
f 1104 64 1211
f 1306 1104 1336
f 1104 605 1336
f 64 1104 1115
f 1115 1104 456
f 1104 1306 456
f 772 958 1741
f 262 777 1211
f 268 262 1211
f 262 268 1991
f 262 1991 158
f 332 262 158
f 777 262 332
f 1837 340 144
f 340 1837 1401
f 1837 911 1401
f 720 1837 144
f 911 1837 720
f 568 1356 1844
f 568 848 1356
f 568 1844 1065
f 848 568 1065
f 1798 909 320
f 909 1798 352
f 844 1798 320
f 1595 1440 376
f 909 1595 376
f 1595 1984 1440
f 1896 298 469
f 1508 1824 130
f 1385 930 1527
f 342 1682 1065
f 1445 342 752
f 1247 1445 752
f 1759 1445 1247
f 205 1247 269
f 205 1759 1247
f 991 773 1650
f 773 1360 1650
f 1360 773 1464
f 1559 328 786
f 1349 1559 786
f 1559 116 328
f 1559 1349 116
f 1479 211 214
f 1479 1349 211
f 116 1479 214
f 1349 1479 116
f 1691 1643 1030
f 1614 1691 242
f 1691 1614 211
f 1643 1691 211
f 1691 755 242
f 755 1691 1030
f 731 1367 1788
f 1367 731 1753
f 1367 1770 1788
f 1367 1753 660
f 1770 1367 660
f 473 731 1366
f 622 473 1366
f 473 565 1301
f 473 622 565
f 744 1782 977
f 1782 744 565
f 553 1782 565
f 245 511 1451
f 511 1316 1451
f 511 245 1301
f 744 511 1301
f 1316 511 977
f 511 744 977
f 1871 1550 366
f 1550 1833 366
f 1550 1871 542
f 1550 542 981
f 1010 1550 981
f 477 69 687
f 176 477 979
f 1833 477 687
f 1680 78 366
f 34 78 1680
f 78 1871 366
f 78 34 1871
f 1487 399 1638
f 399 344 1638
f 344 399 1637
f 1286 1487 1513
f 1286 278 447
f 1637 1286 447
f 399 1286 1637
f 1286 399 1487
f 88 792 519
f 792 1854 519
f 278 1577 1176
f 278 845 447
f 1887 1386 858
f 902 1386 1887
f 1386 583 858
f 1386 902 583
f 965 1513 583
f 902 965 583
f 126 1607 1263
f 126 1263 723
f 126 723 470
f 1935 126 470
f 1607 1883 960
f 1421 1883 1898
f 1883 1421 960
f 126 1883 1607
f 1883 126 1935
f 1898 1883 859
f 1883 1935 859
f 1856 684 227
f 926 684 1602
f 684 1856 1602
f 1856 1468 795
f 1468 1856 1706
f 182 1468 1706
f 1468 182 632
f 618 222 261
f 618 228 222
f 618 261 496
f 1322 618 496
f 898 758 1044
f 228 898 1044
f 898 618 1322
f 618 898 228
f 1141 42 1472
f 42 1141 1774
f 1141 1472 173
f 1013 1141 173
f 801 1141 1013
f 1774 1141 801
f 42 1803 361
f 1803 42 1774
f 1803 1774 1228
f 1803 1228 1972
f 361 1803 1972
f 238 1630 1176
f 1016 238 1176
f 1630 238 1996
f 238 1048 1996
f 238 1016 561
f 1048 238 561
f 1866 561 1471
f 1866 1862 561
f 1866 1471 1388
f 1866 1921 903
f 1866 1388 1921
f 1678 1210 1399
f 1210 1105 1399
f 1210 1959 1105
f 287 1406 1105
f 1517 1406 1590
f 1105 1406 1517
f 260 1202 1249
f 1202 711 1249
f 1202 976 711
f 794 1986 670
f 1986 1147 670
f 1986 1363 1147
f 1986 794 675
f 1363 1986 675
f 521 998 990
f 998 835 990
f 835 998 521
f 321 1185 1331
f 321 1331 1133
f 1363 321 1133
f 1373 178 1133
f 1373 613 178
f 1492 1373 1133
f 613 1373 1492
f 1409 569 1712
f 1264 569 1409
f 1113 838 1298
f 1113 1298 12
f 512 1113 12
f 1827 849 1764
f 867 849 1827
f 33 536 430
f 997 33 1237
f 536 33 997
f 876 1870 1875
f 1870 876 129
f 1870 129 1911
f 1592 1870 1911
f 1870 1592 1875
f 986 626 532
f 593 986 532
f 594 160 1592
f 688 160 1342
f 160 688 1592
f 1586 46 1271
f 986 1586 1271
f 1586 986 593
f 1586 593 1342
f 160 1586 1342
f 46 1586 594
f 1586 160 594
f 383 1685 1842
f 1807 1569 612
f 1569 1222 1705
f 612 1569 873
f 1569 1937 873
f 1937 1569 1705
f 1222 254 1256
f 254 1747 1256
f 254 1569 1807
f 1569 254 1222
f 1747 254 1859
f 254 10 1859
f 254 1807 10
f 867 806 968
f 806 867 1598
f 1256 1387 1598
f 1387 806 1598
f 806 1387 851
f 491 536 997
f 536 491 556
f 491 997 968
f 806 491 968
f 1747 636 1256
f 636 1387 1256
f 1387 636 851
f 186 1677 221
f 186 221 739
f 17 186 739
f 186 17 1424
f 1677 186 1424
f 444 70 256
f 1644 444 256
f 70 444 221
f 118 1644 1818
f 118 31 1346
f 31 1520 150
f 150 1520 1575
f 1520 973 1575
f 14 1436 1288
f 1436 397 1288
f 1322 1951 1567
f 1951 1060 1567
f 1951 1322 496
f 1246 1951 496
f 1060 1951 1246
f 1279 1266 1791
f 1242 319 1551
f 1688 1242 1551
f 319 1242 877
f 877 1242 1102
f 1242 1688 1102
f 1069 1206 548
f 7 1206 1361
f 1206 7 548
f 1361 1206 474
f 1206 1014 474
f 1206 1069 1014
f 389 292 474
f 292 389 1033
f 292 1033 91
f 292 365 474
f 365 292 91
f 389 912 1818
f 912 118 1818
f 118 912 31
f 1520 912 973
f 912 1520 31
f 912 1014 973
f 912 389 1014
f 1552 654 1299
f 654 1918 1328
f 1299 654 1328
f 654 1389 1918
f 654 1552 1389
f 1303 101 1864
f 597 101 1303
f 101 597 939
f 101 939 1199
f 1864 101 1199
f 584 147 291
f 147 591 291
f 591 147 805
f 147 843 805
f 480 1202 260
f 1202 480 976
f 576 260 1205
f 576 1205 671
f 415 576 671
f 576 480 260
f 419 1955 1636
f 797 1330 791
f 683 1330 797
f 791 1330 1838
f 1330 1040 1838
f 1330 1450 1040
f 1330 683 1450
f 328 83 786
f 368 25 1775
f 83 25 673
f 1754 368 817
f 1754 25 368
f 993 1754 817
f 1754 993 170
f 800 1781 622
f 1781 800 176
f 800 622 1366
f 554 176 755
f 554 1781 176
f 554 755 1030
f 1781 554 1030
f 45 587 170
f 587 45 56
f 32 45 993
f 45 32 56
f 405 32 993
f 32 405 56
f 266 829 598
f 598 829 1461
f 829 266 1005
f 1140 829 1005
f 829 831 1461
f 829 1140 831
f 369 971 1709
f 971 369 1581
f 369 509 1581
f 509 369 1233
f 1233 1400 200
f 1400 182 1706
f 369 1400 1233
f 1400 369 182
f 1400 555 200
f 227 1400 1706
f 1400 227 555
f 227 177 555
f 177 507 555
f 507 177 227
f 42 689 736
f 689 42 632
f 741 1664 138
f 1664 1270 138
f 1664 741 1745
f 1155 1270 1826
f 1270 1155 1221
f 1109 1155 1826
f 1155 1109 309
f 1221 1155 309
f 1502 943 1123
f 340 1502 1123
f 1608 1502 1401
f 1502 340 1401
f 1224 1160 1983
f 1160 1224 592
f 1467 1703 1983
f 1467 664 1703
f 1160 1467 1983
f 1612 1317 588
f 362 51 869
f 362 1317 51
f 874 362 869
f 1317 1806 588
f 756 1806 1567
f 1806 1322 1567
f 1806 756 739
f 975 899 1855
f 899 1077 1855
f 899 975 1086
f 1077 899 1086
f 1077 1150 1571
f 1150 1924 1571
f 1150 1077 1086
f 1924 1150 1086
f 634 1321 862
f 634 1652 1321
f 40 1423 1744
f 1652 1423 40
f 1131 1571 1143
f 1048 1131 1143
f 1002 1135 1475
f 1135 1002 881
f 1135 1862 1475
f 1135 1048 1862
f 1135 1131 1048
f 1131 1135 1655
f 1793 1583 1041
f 1583 1793 1914
f 925 1793 1041
f 1793 925 1925
f 1539 1793 1925
f 1914 1793 1332
f 1793 1539 1332
f 1412 1583 1914
f 1583 1412 439
f 1412 1418 439
f 1229 431 1957
f 431 1444 1957
f 431 1229 1238
f 1444 431 1238
f 1018 1444 1260
f 1018 577 1444
f 484 774 264
f 774 1018 264
f 1018 774 577
f 774 484 860
f 577 774 860
f 649 860 67
f 649 577 860
f 577 649 1824
f 1824 649 130
f 546 1632 1260
f 1430 1632 840
f 1632 1430 504
f 1632 1693 840
f 1632 546 1693
f 1746 1465 1136
f 1465 685 1136
f 685 1465 336
f 1465 1319 336
f 1319 1465 1746
f 1574 84 782
f 1514 1574 698
f 172 885 22
f 84 885 172
f 1318 885 84
f 885 1318 22
f 1615 706 213
f 706 1615 1535
f 1884 514 1564
f 1159 514 1884
f 514 1159 842
f 514 1029 1564
f 514 842 1029
f 487 1884 1565
f 487 1159 1884
f 487 1565 707
f 442 487 707
f 73 1390 1690
f 543 1390 73
f 1690 1390 1647
f 1390 1526 1647
f 1390 543 1526
f 696 73 980
f 696 543 73
f 390 1516 617
f 390 484 264
f 390 617 484
f 1454 1516 1784
f 1516 1454 617
f 1127 1495 840
f 1495 1430 840
f 1430 1495 1307
f 1396 1640 698
f 1640 1396 692
f 1640 213 698
f 1640 1497 213
f 1497 1640 692
f 1596 300 782
f 300 1596 1300
f 300 1574 782
f 1396 300 1300
f 300 1396 698
f 1574 300 698
f 329 1831 827
f 1831 339 827
f 1831 329 728
f 1733 1831 728
f 1600 1831 1733
f 388 1831 1600
f 1831 388 339
f 388 279 339
f 279 1127 827
f 339 279 827
f 1107 852 371
f 1107 1101 1255
f 1355 1107 1255
f 1107 1355 1942
f 852 1107 1942
f 641 669 418
f 641 1378 669
f 641 418 1916
f 1378 641 1916
f 1944 327 785
f 1289 327 1944
f 327 1289 1544
f 327 1544 918
f 327 1626 785
f 1626 327 918
f 814 830 732
f 814 1755 1757
f 830 814 1757
f 1854 28 1666
f 28 830 1757
f 28 1854 421
f 830 28 421
f 28 1924 1666
f 28 1757 185
f 1924 28 185
f 1456 640 460
f 640 1032 460
f 589 640 714
f 640 1456 714
f 1340 1196 1668
f 1196 1340 1138
f 1196 1973 1698
f 1196 1138 1226
f 1973 1196 1226
f 1277 139 1291
f 139 1694 191
f 139 1277 1694
f 1394 856 1748
f 954 1394 308
f 1394 954 1371
f 1394 1154 308
f 1154 1394 1748
f 691 1371 643
f 691 1403 856
f 1394 691 856
f 691 1394 1371
f 1973 972 289
f 972 1777 289
f 972 1973 1226
f 1777 972 1226
f 1992 194 1278
f 194 1434 1278
f 825 624 1398
f 624 825 643
f 825 1398 269
f 819 1761 1797
f 1761 819 527
f 819 982 527
f 1992 819 1797
f 677 1892 1965
f 1892 771 1965
f 1892 677 342
f 1892 342 1065
f 1844 1892 1065
f 771 1892 1844
f 650 233 104
f 233 403 1712
f 603 233 1712
f 104 233 518
f 233 603 518
f 489 650 549
f 1790 489 549
f 16 489 1790
f 1216 1802 1847
f 1802 482 1847
f 482 1802 808
f 808 1802 1958
f 1392 1194 1073
f 1194 1392 90
f 90 1392 1847
f 1392 1216 1847
f 933 552 1949
f 552 933 1145
f 552 1826 1949
f 552 1145 1826
f 1137 58 1648
f 743 58 90
f 58 1137 90
f 53 424 304
f 424 53 620
f 53 1850 620
f 1245 1631 304
f 1142 1631 195
f 962 163 1958
f 962 1245 163
f 1134 1090 623
f 1090 1134 375
f 1090 375 655
f 1090 614 623
f 614 1090 655
f 1376 1343 1543
f 1134 1343 1376
f 1343 1994 1543
f 1343 1134 839
f 1343 1954 1994
f 1343 839 1381
f 1954 1343 1381
f 1804 1422 1966
f 122 988 37
f 1422 988 122
f 513 1422 836
f 1422 513 1946
f 513 836 1934
f 1946 513 1934
f 1059 1363 353
f 1448 1059 1381
f 1059 307 1381
f 307 1059 353
f 372 1808 310
f 395 978 1966
f 978 395 1695
f 535 395 1966
f 1695 395 535
f 1519 1695 1738
f 1519 978 1695
f 107 1975 730
f 465 52 1076
f 984 1078 927
f 324 983 1275
f 1429 983 458
f 983 1429 1275
f 1380 1031 927
f 1078 1380 927
f 1380 1078 324
f 646 1275 1324
f 610 646 1324
f 1275 646 853
f 646 1287 853
f 465 646 610
f 1287 646 1076
f 646 465 1076
f 1272 1304 853
f 1304 297 853
f 297 1304 1998
f 1998 1304 508
f 1304 1272 508
f 1907 493 1840
f 570 1305 1178
f 226 175 747
f 175 1936 747
f 1936 175 1120
f 1720 1642 318
f 760 1720 1356
f 1720 760 860
f 1642 1720 860
f 1673 318 747
f 1936 1673 747
f 1673 1720 318
f 1642 1970 1811
f 1687 1970 1292
f 1811 1970 1687
f 1970 1642 484
f 1970 617 1292
f 617 1970 484
f 947 682 1995
f 682 947 1344
f 1995 682 1919
f 1081 682 65
f 682 1344 65
f 1654 682 1081
f 682 1654 1919
f 763 713 1702
f 1719 648 1178
f 370 648 1719
f 1767 145 1393
f 1154 145 308
f 145 1154 1393
f 145 1767 1964
f 1767 1760 961
f 961 1760 1919
f 1760 1995 1919
f 1772 1154 1748
f 1154 1772 602
f 880 1772 1748
f 602 1772 880
f 770 602 1853
f 1473 770 1853
f 1042 764 1481
f 437 1042 1908
f 1251 1024 1908
f 1064 1251 1908
f 153 1251 1064
f 1024 1730 437
f 1187 1730 573
f 1730 1187 437
f 1905 1095 1978
f 1905 510 1122
f 1132 1905 1122
f 1905 1132 1095
f 1183 1990 916
f 510 1990 1183
f 1905 1990 510
f 373 769 944
f 769 373 193
f 647 1012 916
f 878 647 916
f 43 1580 406
f 1070 1849 1558
f 1070 1558 187
f 724 601 407
f 601 724 1558
f 601 132 407
f 601 955 132
f 1223 1849 1532
f 1849 1223 1558
f 601 686 955
f 686 601 1558
f 1223 686 1558
f 1876 779 132
f 1876 878 779
f 647 1876 1532
f 1876 647 878
f 779 745 1518
f 878 745 779
f 745 857 1518
f 857 745 1978
f 745 878 1978
f 1254 99 1414
f 958 210 1741
f 210 958 1414
f 790 605 1915
f 1254 790 1915
f 605 790 1336
f 790 1254 1414
f 958 790 1414
f 790 772 1336
f 790 958 772
f 352 1963 62
f 1798 1963 352
f 2000 103 1984
f 1595 2000 1984
f 2000 1595 909
f 1992 2000 194
f 2000 909 352
f 1896 600 192
f 600 1896 469
f 600 1540 804
f 600 469 1540
f 1023 1896 192
f 312 1896 1459
f 1896 312 298
f 1385 1742 930
f 1508 1742 192
f 1742 1385 192
f 982 429 269
f 429 205 269
f 1434 921 1278
f 97 1682 342
f 811 102 1464
f 811 680 102
f 773 811 1464
f 811 773 680
f 1068 1599 936
f 1599 680 936
f 330 1599 1068
f 828 330 1068
f 731 149 1753
f 473 149 731
f 1753 149 247
f 247 149 1301
f 149 473 1301
f 57 1010 979
f 57 1550 1010
f 1550 57 1833
f 477 57 979
f 57 477 1833
f 203 477 176
f 477 203 69
f 203 800 1366
f 800 203 176
f 731 203 1366
f 69 203 731
f 560 88 1509
f 1675 560 1509
f 560 1675 421
f 1854 560 421
f 792 560 1854
f 396 1280 1176
f 1577 396 1176
f 1280 396 1092
f 396 1887 1092
f 396 1577 1887
f 1794 1577 278
f 1794 965 902
f 1794 902 1887
f 1577 1794 1887
f 965 1794 1513
f 1794 1286 1513
f 1286 1794 278
f 1252 278 1755
f 1252 845 278
f 845 1252 447
f 1252 344 447
f 1252 814 344
f 814 1252 1755
f 995 1290 942
f 1290 135 1699
f 942 1290 1427
f 1290 1699 1427
f 718 1607 1699
f 135 718 1699
f 718 135 1510
f 1607 718 1263
f 718 356 1263
f 718 1510 356
f 235 995 1170
f 235 1170 1193
f 235 1290 995
f 1290 235 135
f 1510 235 1193
f 135 235 1510
f 1674 507 227
f 684 1674 227
f 507 1674 1785
f 1674 926 1785
f 1674 684 926
f 1468 295 795
f 795 295 1231
f 295 381 1231
f 381 295 632
f 295 1468 632
f 1862 1477 1611
f 1866 1477 1862
f 1611 1477 903
f 1477 1866 903
f 1825 679 1722
f 1368 679 1825
f 679 1541 1722
f 1541 679 281
f 679 1368 281
f 719 749 391
f 1053 719 391
f 749 719 250
f 719 1053 1825
f 719 1722 250
f 719 1825 1722
f 748 606 391
f 606 1053 391
f 606 748 1590
f 1825 606 1590
f 1053 606 1825
f 1541 1438 488
f 1792 1438 1541
f 1959 1653 1314
f 1653 1105 1314
f 1653 287 1105
f 1097 1406 287
f 1653 1097 287
f 1045 603 1712
f 569 1045 1712
f 1588 1827 1764
f 434 1588 1764
f 569 322 1585
f 322 1985 1585
f 1985 322 434
f 638 1264 1282
f 638 569 1264
f 638 322 569
f 1180 1063 518
f 1985 1180 518
f 1063 1180 1911
f 1180 1375 1911
f 1375 1180 1842
f 479 1113 512
f 479 761 1148
f 479 512 761
f 849 151 1208
f 151 849 867
f 1208 151 968
f 151 867 968
f 113 986 1271
f 113 33 430
f 113 430 148
f 1606 1685 46
f 1606 46 1592
f 1685 1606 1842
f 1606 1375 1842
f 1606 1592 1911
f 1375 1606 1911
f 1685 900 1271
f 383 900 1685
f 1271 900 1237
f 900 1208 1237
f 900 383 1208
f 299 806 851
f 299 491 806
f 636 299 851
f 545 444 1644
f 118 545 1644
f 444 545 221
f 221 545 739
f 545 1334 739
f 105 1436 14
f 1703 105 14
f 664 105 1703
f 1354 1791 1551
f 1354 1279 1791
f 1279 1354 1266
f 1476 1354 1551
f 1266 1354 1476
f 147 1084 843
f 843 1084 1678
f 1084 147 584
f 1084 584 488
f 1438 1084 488
f 1084 1438 1088
f 976 9 294
f 480 9 976
f 294 9 1490
f 9 923 1490
f 9 480 923
f 1172 576 415
f 576 1172 480
f 1172 415 98
f 1172 98 923
f 480 1172 923
f 716 419 1636
f 661 716 1636
f 1863 716 661
f 438 553 786
f 83 438 786
f 1486 328 1775
f 25 1486 1775
f 1486 83 328
f 1486 25 83
f 25 611 673
f 1754 611 25
f 611 1754 170
f 587 611 170
f 1813 369 1709
f 369 1813 182
f 182 1813 632
f 1813 689 632
f 1351 277 467
f 277 224 467
f 1472 277 423
f 277 1351 423
f 277 1472 736
f 689 277 736
f 244 971 467
f 224 244 467
f 971 244 1709
f 1491 1813 1709
f 1813 1491 689
f 244 1491 1709
f 1491 244 224
f 1491 277 689
f 277 1491 224
f 1293 1664 1745
f 1502 1037 943
f 1037 590 697
f 590 1037 1608
f 1037 1502 1608
f 1382 1037 697
f 943 1037 1382
f 1108 1160 592
f 1108 1467 1160
f 1108 592 557
f 110 105 664
f 105 110 1436
f 1436 110 397
f 762 813 481
f 481 813 1659
f 813 922 1659
f 362 932 1317
f 932 898 1322
f 1806 932 1322
f 932 1806 1317
f 198 874 1297
f 198 362 874
f 198 932 362
f 932 198 898
f 898 198 758
f 1512 198 1297
f 198 1512 758
f 249 881 137
f 634 904 1652
f 904 1423 1652
f 904 634 862
f 1131 904 1571
f 1855 904 862
f 1571 904 1855
f 1423 904 1655
f 904 1131 1655
f 1412 974 1418
f 1173 974 1332
f 974 1914 1332
f 974 1412 1914
f 1418 974 1625
f 974 471 1625
f 974 1173 471
f 130 1499 67
f 1499 649 67
f 649 1499 130
f 1632 1868 1260
f 1868 1632 504
f 1868 1516 1260
f 1516 1868 504
f 1173 537 471
f 471 537 927
f 537 1319 927
f 1319 537 1332
f 537 1173 1332
f 1701 1574 1514
f 1574 1701 84
f 1701 1318 84
f 1701 1514 1535
f 1318 1701 1535
f 1159 274 213
f 274 1615 213
f 274 1159 707
f 1615 63 1535
f 63 1318 1535
f 63 700 22
f 1318 63 22
f 487 1671 1159
f 1671 487 442
f 1159 1671 707
f 1671 442 707
f 543 708 575
f 696 708 543
f 575 708 19
f 708 301 19
f 708 980 301
f 708 696 980
f 390 1453 1516
f 1516 1453 1260
f 1453 1018 1260
f 1018 1453 264
f 1453 390 264
f 1454 61 617
f 61 1454 1784
f 61 1933 617
f 61 18 1933
f 61 1307 5
f 18 61 5
f 1209 279 388
f 1209 388 1307
f 1495 1209 1307
f 1209 1495 1127
f 279 1209 1127
f 1107 494 1101
f 1101 494 1165
f 1889 494 371
f 494 1107 371
f 1165 494 490
f 494 1889 490
f 1032 1718 732
f 640 1718 1032
f 344 1718 1638
f 1638 1718 140
f 814 1718 344
f 1718 814 732
f 1718 948 140
f 1718 589 948
f 1718 640 589
f 109 1816 1668
f 1196 109 1668
f 1816 109 1698
f 109 1196 1698
f 139 358 1291
f 1291 358 1082
f 358 1162 1082
f 1162 358 787
f 624 1529 1067
f 1529 624 1371
f 1403 1039 1247
f 691 1039 1403
f 1247 1039 269
f 1039 825 269
f 1039 691 643
f 825 1039 643
f 156 400 1797
f 400 1992 1797
f 1184 194 62
f 1184 1434 194
f 233 1920 403
f 1920 233 650
f 489 1920 650
f 1920 16 403
f 1920 489 16
f 637 1073 1958
f 637 1392 1073
f 1802 637 1958
f 637 1802 1216
f 1392 637 1216
f 414 1022 650
f 1022 414 743
f 414 1890 743
f 875 526 1530
f 875 1063 526
f 1156 417 1570
f 1156 1570 1648
f 58 1156 1648
f 951 24 1954
f 1850 24 951
f 1954 24 1994
f 1339 1142 195
f 1543 1339 1073
f 1994 1339 1543
f 24 1339 1994
f 1339 24 1142
f 1631 709 195
f 709 1631 1245
f 709 962 195
f 962 709 1245
f 1631 54 304
f 54 53 304
f 53 54 1850
f 962 540 195
f 1339 540 1073
f 540 1339 195
f 1073 540 1958
f 540 962 1958
f 36 1660 937
f 816 1960 229
f 1617 816 229
f 816 1617 37
f 988 816 37
f 919 321 1363
f 1059 919 1363
f 321 919 1185
f 919 1059 1448
f 1185 919 310
f 919 372 310
f 919 1448 1808
f 372 919 1808
f 1579 614 1515
f 1116 1579 1515
f 27 730 1459
f 27 107 730
f 1896 27 1459
f 1023 27 1896
f 315 409 1527
f 921 409 315
f 1411 465 610
f 1411 610 1324
f 465 1411 52
f 1411 1446 615
f 1446 1411 1324
f 52 1411 1851
f 914 1411 615
f 1411 914 1851
f 983 1428 458
f 1428 984 528
f 458 1428 528
f 1428 1078 984
f 1078 1428 324
f 1428 983 324
f 183 324 853
f 183 1380 324
f 183 853 1031
f 1380 183 1031
f 1620 493 1907
f 579 1620 226
f 1620 1907 1305
f 1692 579 426
f 453 1692 426
f 1692 453 658
f 579 934 426
f 934 579 226
f 934 226 747
f 426 934 599
f 934 747 599
f 1989 1620 1305
f 1620 1989 226
f 1989 175 226
f 648 243 1178
f 243 648 370
f 1673 1352 1720
f 1356 1352 1011
f 1720 1352 1356
f 1352 1936 1011
f 1352 1673 1936
f 703 1179 880
f 1120 378 1011
f 378 1356 1011
f 1356 378 1844
f 378 703 1844
f 1665 1473 1853
f 21 1665 1853
f 1665 21 1374
f 1665 1374 219
f 1473 1665 219
f 695 1767 1393
f 770 695 1393
f 695 770 1473
f 947 733 219
f 733 1473 219
f 713 1309 1848
f 763 1309 713
f 1840 1309 1230
f 1848 1309 1840
f 1309 1993 1230
f 1309 763 1993
f 710 763 1702
f 763 710 1993
f 1719 710 1702
f 710 1719 1993
f 145 1895 308
f 1895 145 1964
f 1895 954 308
f 1154 1302 1393
f 1302 770 1393
f 1302 1154 602
f 770 1302 602
f 1251 259 1024
f 259 959 1894
f 131 1730 1024
f 131 259 1894
f 259 131 1024
f 502 131 1894
f 1730 131 419
f 1187 1370 437
f 1370 1042 437
f 1042 1370 764
f 1168 475 1863
f 475 716 1863
f 796 106 1863
f 106 1168 1863
f 106 520 1482
f 106 796 520
f 422 878 916
f 1990 422 916
f 422 1990 1905
f 878 422 1978
f 422 1905 1978
f 373 1268 1012
f 916 1268 1463
f 1012 1268 916
f 1547 373 1012
f 647 1547 1012
f 373 1547 193
f 1547 1532 193
f 1547 647 1532
f 1070 574 1849
f 1849 574 1125
f 43 574 1227
f 1125 574 406
f 574 43 406
f 1067 1186 187
f 1186 1070 187
f 1227 1186 1067
f 574 1186 1227
f 1186 574 1070
f 955 1262 132
f 1262 1876 132
f 686 1262 955
f 1262 686 1223
f 1262 1223 1532
f 1876 1262 1532
f 1810 1254 350
f 99 1810 350
f 1810 99 1254
f 1928 1042 1481
f 1928 210 1414
f 1741 1928 1481
f 210 1928 1741
f 798 1798 844
f 798 189 1405
f 798 964 189
f 798 844 377
f 964 798 377
f 798 413 1798
f 413 798 893
f 379 413 893
f 1203 2000 1950
f 2000 1203 103
f 1553 1203 1950
f 1203 1553 103
f 2000 1276 1950
f 1276 2000 1992
f 400 1276 1992
f 1276 1553 1950
f 1553 1276 156
f 1276 400 156
f 4 352 62
f 4 2000 352
f 194 4 62
f 2000 4 194
f 209 1508 192
f 600 209 192
f 209 600 804
f 1824 209 804
f 1508 209 1824
f 1385 1658 192
f 1658 1023 192
f 1658 1385 1527
f 1023 1658 29
f 1829 312 1459
f 312 1829 298
f 1829 1459 1769
f 298 1829 1769
f 1458 1742 1508
f 1458 1508 130
f 1261 1458 130
f 848 1458 1261
f 1939 429 982
f 819 1939 982
f 1939 1992 1278
f 1939 819 1992
f 1634 921 315
f 921 1634 1545
f 1634 1891 1545
f 930 1315 1527
f 1634 1315 1891
f 1891 1537 97
f 1537 1315 930
f 1315 1537 1891
f 1742 1537 930
f 1891 534 1545
f 534 1891 97
f 1445 534 342
f 534 97 342
f 216 1599 330
f 755 216 242
f 216 755 293
f 230 773 991
f 230 991 214
f 1614 230 214
f 680 1805 936
f 773 1805 680
f 1805 1068 936
f 1805 828 1068
f 230 1805 773
f 1805 230 828
f 828 581 330
f 216 581 242
f 581 216 330
f 581 1614 242
f 581 230 1614
f 230 581 828
f 171 792 88
f 560 171 88
f 171 560 792
f 1438 722 1088
f 722 1438 1792
f 72 1653 1959
f 1653 72 945
f 1210 72 1959
f 72 1084 1088
f 722 72 1088
f 72 1210 1678
f 1084 72 1678
f 945 72 1792
f 72 722 1792
f 1124 1653 945
f 1124 1541 281
f 1097 1124 281
f 1124 1097 1653
f 1124 1792 1541
f 1124 945 1792
f 1368 1778 281
f 1778 1097 281
f 1778 1825 1590
f 1778 1368 1825
f 1406 1778 1590
f 1097 1778 1406
f 854 569 1585
f 854 1045 569
f 322 154 434
f 638 154 322
f 154 638 1282
f 1180 1629 1842
f 1629 383 1842
f 849 1629 1764
f 1629 849 1208
f 383 1629 1208
f 950 1880 1148
f 1880 479 1148
f 1827 1880 950
f 1113 659 838
f 838 659 1827
f 351 1271 1237
f 351 113 1271
f 33 351 1237
f 113 351 33
f 626 71 148
f 71 113 148
f 986 71 626
f 113 71 986
f 1524 1338 642
f 1338 1524 556
f 1338 1747 642
f 1338 636 1747
f 492 118 1346
f 492 545 118
f 397 492 1346
f 492 397 1334
f 545 492 1334
f 1730 450 573
f 450 475 573
f 475 450 716
f 716 143 419
f 450 143 716
f 3 83 673
f 3 438 83
f 611 3 673
f 3 611 587
f 1664 499 1270
f 1293 499 1664
f 1623 359 1745
f 359 1293 1745
f 359 1623 273
f 1826 359 273
f 1270 359 1826
f 499 359 1270
f 359 499 1293
f 1294 111 557
f 111 1108 557
f 1467 938 664
f 938 110 664
f 110 627 397
f 1423 1146 1744
f 1744 1146 137
f 1146 249 137
f 1573 1423 1655
f 1135 1573 1655
f 1573 1146 1423
f 1146 1573 249
f 1573 1135 881
f 249 1573 881
f 1201 274 707
f 1565 1201 707
f 1201 1565 1597
f 700 1201 1597
f 274 1578 1615
f 1578 63 1615
f 1201 1578 274
f 941 1430 1307
f 61 941 1307
f 1430 941 1784
f 941 61 1784
f 1843 139 191
f 1843 358 139
f 1843 191 787
f 358 1843 787
f 1426 841 1697
f 394 650 104
f 394 414 650
f 414 1657 1890
f 394 1657 414
f 1063 1657 518
f 875 1657 1063
f 1657 875 1530
f 1657 104 518
f 1657 394 104
f 1930 58 743
f 417 1930 1530
f 179 1631 1142
f 179 54 1631
f 24 179 1142
f 179 24 1850
f 54 179 1850
f 1804 384 1422
f 1056 1804 1966
f 563 1056 1966
f 1056 563 1804
f 563 1707 1804
f 1707 1116 1660
f 1707 1579 1116
f 1579 1707 563
f 36 1707 1660
f 1707 384 1804
f 863 1579 563
f 978 863 1966
f 863 563 1966
f 1556 1692 658
f 1692 1556 579
f 1556 658 94
f 1556 1620 579
f 1556 949 1620
f 1787 1556 94
f 949 1556 1787
f 1823 949 1787
f 1823 172 1258
f 1823 1274 172
f 1726 1823 1787
f 1823 1726 1274
f 1620 678 493
f 949 678 1620
f 678 1823 1258
f 1823 678 949
f 570 188 1305
f 188 1989 1305
f 1732 370 21
f 1732 243 370
f 243 1732 1120
f 1179 644 880
f 644 602 880
f 602 644 1853
f 644 1469 181
f 1469 644 1179
f 1469 1179 703
f 378 1469 703
f 1177 695 1473
f 733 1177 1473
f 695 1460 1767
f 1460 947 1995
f 1460 733 947
f 1177 1460 695
f 1460 1177 733
f 1760 1460 1995
f 1460 1760 1767
f 386 451 954
f 1895 386 954
f 1426 386 841
f 386 1426 451
f 386 1964 841
f 386 1895 1964
f 969 1251 153
f 969 259 1251
f 959 969 153
f 259 969 959
f 306 131 502
f 131 306 419
f 1646 306 1420
f 306 502 1420
f 1955 306 1646
f 419 306 1955
f 1370 443 764
f 764 443 1481
f 443 341 1481
f 920 1370 1187
f 443 920 341
f 920 443 1370
f 920 1187 573
f 106 1158 1168
f 341 1158 1482
f 1158 106 1482
f 348 1268 373
f 567 348 944
f 348 373 944
f 1268 348 1463
f 348 472 1463
f 472 348 567
f 1928 1062 1042
f 1042 1062 1908
f 99 1062 1414
f 1062 1928 1414
f 1062 350 1908
f 1062 99 350
f 1963 1689 62
f 1975 1987 1405
f 1987 379 893
f 1987 798 1405
f 798 1987 893
f 107 1493 1975
f 379 1493 107
f 134 81 29
f 27 81 107
f 81 379 107
f 81 413 379
f 81 1023 29
f 81 27 1023
f 1658 1106 29
f 169 1106 15
f 1106 409 15
f 1106 134 29
f 1106 169 134
f 409 1106 1527
f 1106 1658 1527
f 1458 38 1742
f 824 1939 1278
f 921 824 1278
f 429 824 205
f 1939 824 429
f 992 315 1527
f 1315 992 1527
f 992 1634 315
f 837 216 293
f 216 837 1599
f 102 837 293
f 680 837 102
f 1599 837 680
f 1045 86 603
f 854 86 1045
f 603 86 518
f 86 1985 518
f 1985 86 1585
f 86 854 1585
f 768 1588 434
f 154 768 434
f 1629 1560 1764
f 1560 1629 1180
f 1560 1180 1985
f 1560 434 1764
f 1560 1985 434
f 479 1603 1113
f 1603 659 1113
f 1880 1603 479
f 1603 1880 1827
f 659 1603 1827
f 766 299 636
f 1338 766 636
f 766 1338 556
f 491 766 556
f 299 766 491
f 1027 1730 419
f 143 1027 419
f 1027 450 1730
f 1027 143 450
f 3 167 438
f 167 1782 553
f 438 167 553
f 1327 3 587
f 1327 56 977
f 1327 587 56
f 1327 167 3
f 1782 1327 977
f 167 1327 1782
f 922 895 1294
f 895 111 1294
f 1026 813 762
f 813 1026 922
f 1026 895 922
f 1026 762 51
f 1317 1026 51
f 1612 1026 1317
f 938 666 110
f 666 627 110
f 895 666 111
f 1026 666 895
f 1806 136 588
f 136 627 588
f 627 136 397
f 63 440 700
f 1578 440 63
f 440 1201 700
f 440 1578 1201
f 999 1697 704
f 999 1426 1697
f 1580 999 704
f 451 999 954
f 1426 999 451
f 1248 1156 58
f 1930 1248 58
f 1156 1248 417
f 1248 1930 417
f 1890 847 743
f 847 1930 743
f 1657 847 1890
f 847 1657 1530
f 1930 847 1530
f 1960 155 937
f 155 36 937
f 155 1707 36
f 1707 155 384
f 1003 988 1422
f 1003 816 988
f 816 1003 1960
f 1003 155 1960
f 863 1214 1579
f 1579 1214 614
f 1519 1214 978
f 1214 863 978
f 1214 834 623
f 614 1214 623
f 1214 1738 834
f 1214 1519 1738
f 263 678 1258
f 678 263 493
f 1840 263 1258
f 493 263 1840
f 175 628 1120
f 628 243 1120
f 1989 628 175
f 188 628 1989
f 23 1732 21
f 23 21 1853
f 644 23 1853
f 23 644 181
f 23 378 1120
f 1732 23 1120
f 1593 475 1168
f 1158 1593 1168
f 475 1593 573
f 1593 920 573
f 920 1593 341
f 1593 1158 341
f 1873 169 15
f 409 1873 15
f 1873 409 921
f 1873 921 1434
f 1184 1873 1434
f 1873 1184 62
f 1689 1873 62
f 1873 1689 134
f 169 1873 134
f 1987 544 379
f 544 1493 379
f 544 1987 1975
f 1493 544 1975
f 81 1114 413
f 413 1114 1798
f 1689 1114 134
f 1114 81 134
f 1114 1963 1798
f 1114 1689 1963
f 1244 38 1458
f 1244 1458 848
f 1470 1537 1742
f 38 1470 1742
f 1537 1470 97
f 97 1470 1682
f 1329 921 1545
f 1329 824 921
f 1686 1315 1634
f 992 1686 1634
f 1686 992 1315
f 855 768 154
f 838 855 1298
f 768 855 1588
f 1298 855 1282
f 855 154 1282
f 855 838 1827
f 1588 855 1827
f 666 1021 111
f 1021 666 938
f 111 1021 1108
f 1108 1021 1467
f 1021 938 1467
f 666 884 627
f 884 1612 588
f 627 884 588
f 884 1026 1612
f 884 666 1026
f 397 672 1334
f 136 672 397
f 672 136 1806
f 1334 672 739
f 672 1806 739
f 999 303 954
f 954 303 1371
f 384 872 1422
f 872 1003 1422
f 155 872 384
f 1003 872 155
f 628 1441 243
f 1441 628 188
f 218 23 181
f 23 218 378
f 1469 218 181
f 218 1469 378
f 1470 239 1682
f 239 1470 38
f 534 1728 1545
f 1728 1445 1759
f 1728 534 1445
f 1329 49 824
f 205 49 1759
f 824 49 205
f 49 1728 1759
f 141 1529 1371
f 303 141 1371
f 141 1227 1067
f 1529 141 1067
f 92 999 1580
f 92 303 999
f 92 141 303
f 43 92 1580
f 92 43 1227
f 141 92 1227
f 207 188 570
f 207 1441 188
f 207 570 1178
f 243 207 1178
f 1441 207 243
f 239 1020 1682
f 1682 1020 1065
f 1020 848 1065
f 1020 1244 848
f 1244 1589 38
f 1589 239 38
f 1020 1589 1244
f 1589 1020 239
f 1402 1329 1545
f 1728 1402 1545
f 1402 49 1329
f 49 1402 1728
o Cracks
v -1.6494585812544573 -1.7851112412596573 0.1
v -0.939417362696374 -1.8543906588382766 0.1
v -1.5430794628731852 -1.6892579766139795 0.1
v -1.322101029784213 -1.6970282850732628 0.1
v -1.1979558715786627 -0.7195378033333963 0.1
l 2001 2002 2003 2004 2005
v 5.835463846953879 -7.642101367873032 0.1
v 5.844802336502493 -7.72118085893457 0.1
v 5.994563395614655 -7.744144112364518 0.1
v 6.609582989725693 -7.8551350779250715 0.1
v 6.29524903164972 -8.218291705560645 0.1
l 2006 2007 2008 2009 2010
v -12.718186750376303 14.035759661892772 0.1
v -12.551529927340848 14.86809194445457 0.1
v -13.790259708247516 15.317504833546256 0.1
v -12.040084581862411 15.463675723864228 0.1
v -13.447697518247146 14.085157536339944 0.1
l 2011 2012 2013 2014 2015
v -15.129211699354538 6.604304427373924 0.1
v -13.85588406020879 5.632762807513773 0.1
v -15.64921599545915 6.084945340132918 0.1
v -15.426835805448576 5.7673271962606325 0.1
v -14.997215555424459 5.5724917007766335 0.1
l 2016 2017 2018 2019 2020
v 11.699054801285827 12.214347364050814 0.1
v 11.22471601996187 10.976758002755098 0.1
v 11.261166061564861 12.340414073456198 0.1
v 12.060325885801134 11.169988704880982 0.1
v 12.32146846554574 11.640522440908978 0.1
l 2021 2022 2023 2024 2025
v 14.508371728217707 1.1043931804427611 0.1
v 14.068017724496663 2.3833548306700534 0.1
v 12.817535761310047 2.442918946970779 0.1
v 14.241532824723285 2.685249380333291 0.1
v 13.23260041058329 2.2187277724248577 0.1
l 2026 2027 2028 2029 2030
v -12.180600012093034 -2.984707026571167 0.1
v -13.76257656875194 -4.164055689541206 0.1
v -11.997111398130716 -4.699634297097422 0.1
v -13.075448358436606 -4.521940044153878 0.1
v -12.84101059502816 -4.15227004351433 0.1
l 2031 2032 2033 2034 2035
v 15.471910416980778 13.186790439869053 0.1
v 14.289608762902969 13.071440136673637 0.1
v 14.750984336186148 13.636716838631848 0.1
v 15.5460801581652 13.084448061691472 0.1
v 15.694004311014606 12.763440830826346 0.1
l 2036 2037 2038 2039 2040
v 7.103638727768459 -5.722377052558296 0.1
v 7.264414677302051 -6.565612733451331 0.1
v 6.488268389574042 -6.9677392538794924 0.1
v 7.764223879273804 -5.8130263376507605 0.1
v 7.3028228571724 -5.565139224072909 0.1
l 2041 2042 2043 2044 2045
v 6.4607387340101 -12.59769996207136 0.1
v 6.447428553779254 -13.196093045518634 0.1
v 6.782741886880872 -13.121364453458536 0.1
v 7.239107826241405 -12.01113385462556 0.1
v 6.887695192580531 -12.467971142816864 0.1
l 2046 2047 2048 2049 2050
v 12.275659003522794 -13.600659631666964 0.1
v 12.455884826931644 -12.233286654372034 0.1
v 10.991938143337032 -13.41093316957075 0.1
v 11.093483292421599 -13.505812678033145 0.1
v 12.147214538293884 -12.396921219629203 0.1
l 2051 2052 2053 2054 2055
v -5.115317437612306 -10.218542527847603 0.1
v -5.984577070296763 -9.411714747551494 0.1
v -5.284157328624892 -9.117830889165287 0.1
v -5.4872528060886285 -9.260351064860172 0.1
v -4.975805196791097 -9.507043932050948 0.1
l 2056 2057 2058 2059 2060
v -11.831071606279325 -9.562649111247902 0.1
v -11.716422981606115 -9.824751274257311 0.1
v -10.629687432988893 -10.28727430219093 0.1
v -12.384669947645817 -9.73268508609511 0.1
v -11.586198104114686 -9.476253972105217 0.1
l 2061 2062 2063 2064 2065
v -5.9248777089948375 -8.803605517651862 0.1
v -5.253992963365462 -8.863568643872625 0.1
v -5.910867186019014 -8.292322016057254 0.1
v -5.356629049716606 -8.9874621690142 0.1
v -6.3518764957956595 -8.482400513659917 0.1
l 2066 2067 2068 2069 2070
v 1.302295443800134 4.635630127547562 0.1
v 2.0016088281521913 4.689197224477615 0.1
v 1.9666045962630756 6.576319895670823 0.1
v 1.121545589022477 5.833214539074563 0.1
v 2.0865930202767413 4.905555348475803 0.1
l 2071 2072 2073 2074 2075
v -11.93529763944121 -6.3932299460778195 0.1
v -10.671405413671344 -6.265358990998634 0.1
v -11.563399253586477 -6.051582998951295 0.1
v -10.71694202923914 -7.601987567106487 0.1
v -12.067032211154618 -6.39548979334851 0.1
l 2076 2077 2078 2079 2080
v 12.89245249491496 -12.503464613469044 0.1
v 13.650589301154982 -12.3855674347533 0.1
v 12.887970927407032 -13.592233588642724 0.1
v 14.017952406952116 -12.08592169856882 0.1
v 14.611634400632123 -12.759787866604345 0.1
l 2081 2082 2083 2084 2085
v -10.201693074901485 -3.291226157095429 0.1
v -10.76475215903093 -2.629115038815229 0.1
v -11.09576336119048 -2.3891112637524445 0.1
v -9.888904011951428 -2.1685117630185635 0.1
v -11.109075888202959 -3.3065266894973915 0.1
l 2086 2087 2088 2089 2090
v -1.6801542848539661 -11.556555365109986 0.1
v -0.8989041967204121 -11.897012356576335 0.1
v -0.7138584618648598 -11.549128969272507 0.1
v -1.7210902103643009 -11.560911146735906 0.1
v -0.3553512642082157 -10.987471641135654 0.1
l 2091 2092 2093 2094 2095
v 14.62914120405167 0.9823337896789988 0.1
v 13.031336346574987 0.24819758516501222 0.1
v 14.468999130133783 0.5086318429793415 0.1
v 13.220195874156067 0.07987293804785556 0.1
v 12.68333463566598 -0.6281874814417849 0.1
l 2096 2097 2098 2099 2100
v 15.429377419957268 -5.1996739232104146 0.1
v 14.845109621793094 -5.114611203226353 0.1
v 14.23480322866581 -3.535509920110429 0.1
v 14.906283661617657 -4.031854556845721 0.1
v 14.430430782828159 -3.6189796932770966 0.1
l 2101 2102 2103 2104 2105
v -11.092391022834011 15.325548494581376 0.1
v -12.31219660245424 15.210823118596261 0.1
v -10.979778798652346 14.155983635002267 0.1
v -10.958821484811113 13.511478144191159 0.1
v -11.776450092752087 14.027099573642108 0.1
l 2106 2107 2108 2109 2110
v -10.61239358368017 8.968046779959087 0.1
v -10.890807493684122 9.225131618385594 0.1
v -9.869913049750515 8.278420569714545 0.1
v -10.455538409900132 8.543840262005034 0.1
v -11.231660681512047 8.961714120883657 0.1
l 2111 2112 2113 2114 2115
v -0.5730989452170097 8.764236525193676 0.1
v -0.23886346236125178 7.696334910761303 0.1
v 0.023170238565993095 9.088413886701366 0.1
v -0.3833641516619899 7.577843379225987 0.1
v -0.6516570797049543 7.850006976107008 0.1
l 2116 2117 2118 2119 2120
v -2.4368366293241923 -8.287266669389982 0.1
v -2.2438963606162585 -9.441019751197086 0.1
v -1.9519400115268275 -9.113322897620563 0.1
v -2.3926167522469184 -8.839735351453822 0.1
v -2.6680738571705405 -9.15816524076213 0.1
l 2121 2122 2123 2124 2125
v -11.115530999969641 8.567082372495621 0.1
v -11.594462041727466 8.843730664297494 0.1
v -10.500480355129053 9.3276322058675 0.1
v -11.453782194977304 9.066499764165933 0.1
v -9.92446001846994 9.78318164867314 0.1
l 2126 2127 2128 2129 2130
v -7.7565308992381965 -9.816481547132293 0.1
v -8.310780071738693 -9.966274285261465 0.1
v -8.800806103954717 -8.94764698069192 0.1
v -8.842761141308975 -10.244492933181638 0.1
v -9.098430538485491 -9.456428273256977 0.1
l 2131 2132 2133 2134 2135
v 5.484956024614349 13.151053416553896 0.1
v 6.056215985874394 11.889271964595888 0.1
v 5.760454613306267 12.910347606729498 0.1
v 6.459070793906562 11.679705626307518 0.1
v 5.0918331072070195 12.810736804729496 0.1
l 2136 2137 2138 2139 2140
v 11.088330080224404 12.138965577296629 0.1
v 11.739544346006083 13.930932924261697 0.1
v 12.208406481774396 12.209264837890418 0.1
v 13.03957469866058 12.271067742719115 0.1
v 12.738530132109723 12.14308162703604 0.1
l 2141 2142 2143 2144 2145
v 4.15453216927358 11.879158507367892 0.1
v 4.08373694816043 13.366858165550711 0.1
v 3.2113324725794996 13.433740633407226 0.1
v 4.172591112542895 12.50599666695128 0.1
v 3.9694794135584943 13.230771762225908 0.1
l 2146 2147 2148 2149 2150
v 9.330267646130778 9.08907220760062 0.1
v 10.28664209260009 8.439274015988026 0.1
v 9.063341020100081 8.701558405530832 0.1
v 9.267865924686765 8.513991935095284 0.1
v 10.321123163023103 8.706549510097329 0.1
l 2151 2152 2153 2154 2155
v -4.952074985919047 15.142272159669552 0.1
v -5.70186463238662 14.608199929026886 0.1
v -4.088559734373451 15.788189147829607 0.1
v -5.702549272602593 14.862881826804623 0.1
v -4.942132153214764 14.350480717503196 0.1
l 2156 2157 2158 2159 2160
v -0.8543339112821715 -5.707304327447092 0.1
v -0.3033306494271977 -4.830047353852806 0.1
v 0.23595121158241295 -5.063757745340702 0.1
v -0.8126942591955095 -4.75058648853008 0.1
v -1.5675322190042689 -4.029978967370942 0.1
l 2161 2162 2163 2164 2165
v 6.173865427843644 6.179095465457564 0.1
v 6.990254608064511 7.5267719719089525 0.1
v 6.61703673027137 7.023568210331289 0.1
v 6.6715805541942 6.765191082777132 0.1
v 5.883954413251093 7.4055122348219955 0.1
l 2166 2167 2168 2169 2170
v -13.96149463184794 -7.034938521255093 0.1
v -15.426521076461311 -7.12505058370674 0.1
v -13.813187968867904 -8.135743755270932 0.1
v -15.3467460143721 -7.7677607165728855 0.1
v -14.79609491057904 -7.481841490638629 0.1
l 2171 2172 2173 2174 2175
v -0.9696185192260931 -11.33443313672206 0.1
v -1.699766991787787 -10.745563414720952 0.1
v -1.027398450200349 -10.92068410226636 0.1
v -1.277390094764348 -11.790387929071677 0.1
v -1.2960988427424553 -12.34717418218078 0.1
l 2176 2177 2178 2179 2180
v 0.797828407883888 2.5798597089335136 0.1
v 0.9702819577688309 2.5024316840436764 0.1
v 2.104523358255046 2.100084766352273 0.1
v 1.6725043670742215 2.6675486286894543 0.1
v 1.9735961490214704 1.7839952845158165 0.1
l 2181 2182 2183 2184 2185
v -8.40933751695574 -14.773421472480036 0.1
v -8.48368737768996 -15.09196835952536 0.1
v -7.677332890155482 -13.95280234266075 0.1
v -8.119213857273992 -14.24105522331293 0.1
v -8.299596163185782 -15.71166332993988 0.1
l 2186 2187 2188 2189 2190
v -11.616573714521062 10.672180691019769 0.1
v -12.37497642686395 11.442993779531074 0.1
v -11.44888312777381 10.886324611415022 0.1
v -11.869127193013624 10.026546701636697 0.1
v -11.456347867819145 10.31489075823144 0.1
l 2191 2192 2193 2194 2195
v 5.634875004488773 2.9621222380382894 0.1
v 6.054093057965066 1.6129116477894128 0.1
v 6.644558559026308 2.2788729521205084 0.1
v 5.465223982799779 2.290761651255068 0.1
v 5.357215496911691 3.4574359929036866 0.1
l 2196 2197 2198 2199 2200
v -3.8472507028149217 10.784020917027242 0.1
v -2.7601426288657827 9.634900460515903 0.1
v -4.138962037333855 9.019823249723505 0.1
v -2.870764336697987 10.57731759836761 0.1
v -4.146296226822315 10.530937088476835 0.1
l 2201 2202 2203 2204 2205
v -15.143551522989563 -2.6251879247086176 0.1
v -14.090367865419049 -2.45869341245694 0.1
v -15.049350637058833 -2.1314336287081357 0.1
v -14.703114943371533 -3.6768798363815725 0.1
v -13.917100200918606 -1.8143534471886669 0.1
l 2206 2207 2208 2209 2210
v 11.912005403931238 13.531496673689475 0.1
v 12.969010093146743 14.491032169283633 0.1
v 11.675888598248784 14.713622334889012 0.1
v 12.658377651457045 13.68827668793735 0.1
v 11.46452575692507 13.646416488816822 0.1
l 2211 2212 2213 2214 2215
v -14.480869935664671 6.158387497803854 0.1
v -13.395443940906258 5.550624188797876 0.1
v -13.44422052974987 6.884518878662509 0.1
v -12.729792241763615 5.0985354163262295 0.1
v -13.237314513502938 5.1996639320694875 0.1
l 2216 2217 2218 2219 2220
v -5.308188021594769 13.530407795779235 0.1
v -4.559527719038831 12.971779722655903 0.1
v -4.979464130585461 11.726453835427339 0.1
v -3.499441909207322 12.26969879702928 0.1
v -4.788653558765218 12.06088043535506 0.1
l 2221 2222 2223 2224 2225
v -4.521859378217099 12.157452704313656 0.1
v -3.765144395367021 13.739336479813844 0.1
v -4.397853484821331 12.779464252151534 0.1
v -3.338399087233417 13.74055354056751 0.1
v -3.124398947073117 12.91420671698895 0.1
l 2226 2227 2228 2229 2230
v -4.367399719051134 5.903513388853257 0.1
v -3.5765992594149694 5.393449026370712 0.1
v -3.285019121401729 5.257723692199033 0.1
v -3.520293195939008 6.003535539620787 0.1
v -3.5533711093679354 5.622262502574301 0.1
l 2231 2232 2233 2234 2235
v 1.8685096804574595 9.803727454441171 0.1
v 3.0059551531475073 10.10030937042168 0.1
v 2.3181188012749177 9.202486987251387 0.1
v 3.338769331173519 8.431004347070216 0.1
v 1.901949703211354 9.664344034908037 0.1
l 2236 2237 2238 2239 2240
v -1.7911741113544823 -10.072769379845912 0.1
v -1.153414237709276 -10.683563185329714 0.1
v -2.2413273780242537 -10.906891615477798 0.1
v -0.9492780866554786 -10.05570266816924 0.1
v -2.535041813768674 -9.825020840716265 0.1
l 2241 2242 2243 2244 2245
v 1.8953210949962225 -3.211162855399973 0.1
v 1.880827015922567 -2.9518124594439286 0.1
v 2.585735679110155 -2.2484526229615707 0.1
v 2.613219419978758 -3.133382865210964 0.1
v 1.1633298932842098 -1.899379958689212 0.1
l 2246 2247 2248 2249 2250
v 7.768151330067099 -5.568859226359949 0.1
v 7.644534168437453 -5.163903705748812 0.1
v 7.2505771303052775 -6.218911437259898 0.1
v 6.639238793693277 -6.091302802521288 0.1
v 7.663569119601772 -6.196544417825574 0.1
l 2251 2252 2253 2254 2255
v 12.116105862650693 11.551543689581374 0.1
v 11.814524717230743 12.06774595775787 0.1
v 12.845343686663405 11.920398752469628 0.1
v 11.879484763247994 12.449193894483363 0.1
v 13.041132781484103 12.660204894381595 0.1
l 2256 2257 2258 2259 2260
v 13.691464157846925 14.049164255498585 0.1
v 12.663625361982675 15.06855345007026 0.1
v 13.494463945714777 13.851879205931342 0.1
v 13.841863020632923 14.129658159825441 0.1
v 14.152035616325005 14.252125460640752 0.1
l 2261 2262 2263 2264 2265
v 10.530146484670643 15.20217841330234 0.1
v 10.44585354722741 13.837324411309517 0.1
v 11.191670531322002 14.70427272546257 0.1
v 11.513600594190462 13.991756875133795 0.1
v 11.153702922365142 15.664780361103539 0.1
l 2266 2267 2268 2269 2270
v 12.626595127853113 6.32848218794725 0.1
v 13.457371167545134 8.025635374581817 0.1
v 13.477798913961504 8.15231227948654 0.1
v 12.620882148430915 6.327268918358824 0.1
v 13.428687328311298 6.474945351571847 0.1
l 2271 2272 2273 2274 2275
v 9.564482258938472 12.136929590471475 0.1
v 10.563777065732861 12.3934797165028 0.1
v 8.862418946037096 12.513615063110521 0.1
v 9.210078780326924 12.07502079312312 0.1
v 9.678567605647341 11.718303752530382 0.1
l 2276 2277 2278 2279 2280
v 8.811895913571522 14.85050204344864 0.1
v 8.330559499027597 13.955603066533982 0.1
v 9.741874896203868 14.685313423885257 0.1
v 10.005767357990324 14.153710430555877 0.1
v 9.599990973082413 13.325100931378689 0.1
l 2281 2282 2283 2284 2285
v 8.618382583056054 12.338130828109545 0.1
v 7.855804763184739 13.137013780703846 0.1
v 9.237159148114385 12.58239114604978 0.1
v 9.298844461208896 12.656286628522158 0.1
v 9.418645495735396 12.942559397425653 0.1
l 2286 2287 2288 2289 2290
v -11.335184520370092 8.433289888661202 0.1
v -11.762982551943514 8.823239796637614 0.1
v -12.800290742946718 9.267290950558145 0.1
v -11.21172309267362 8.803314913062263 0.1
v -11.299089062309008 8.990715502634835 0.1
l 2291 2292 2293 2294 2295
v -5.534429471871059 -0.5761801535887912 0.1
v -5.418319412541381 -0.2600820389516696 0.1
v -6.385960556572586 -1.9215655142085841 0.1
v -5.404021683737404 -1.0122497869092306 0.1
v -6.737453731905412 -0.3877910112475287 0.1
l 2296 2297 2298 2299 2300
v 9.534558130786888 9.074300771323173 0.1
v 9.916571160440585 7.885068314454545 0.1
v 10.435989891785367 8.130384575349453 0.1
v 10.601674366286021 7.980428335391565 0.1
v 10.449421056242718 8.945026128214266 0.1
l 2301 2302 2303 2304 2305
v -14.324601004417882 5.472243775773524 0.1
v -14.03673084815357 6.695938072463787 0.1
v -14.296479392835051 6.353448583124015 0.1
v -13.598047077807447 5.822664922448321 0.1
v -13.403236116144718 5.54886598031288 0.1
l 2306 2307 2308 2309 2310
v -11.489553976709367 7.559795726779077 0.1
v -11.63254736276355 7.894068806780425 0.1
v -11.084148985088785 7.130891194461017 0.1
v -9.942724636018934 7.57150161786273 0.1
v -10.498080170868814 8.041335878311573 0.1
l 2311 2312 2313 2314 2315
v 14.54008737841141 -10.617918202934915 0.1
v 14.55980329556131 -10.156431695349072 0.1
v 13.98482669697799 -11.46693059287985 0.1
v 14.271674373713054 -10.759808915634093 0.1
v 14.999622497478848 -9.981641515485736 0.1
l 2316 2317 2318 2319 2320
v 6.469046671705922 11.450002350220677 0.1
v 6.873638236386227 11.210801742399493 0.1
v 7.0391605031210895 11.155898533085571 0.1
v 6.022100504258999 11.274377774600538 0.1
v 5.987768593560325 11.143156102249165 0.1
l 2321 2322 2323 2324 2325
v 6.468635934895778 11.931777193494014 0.1
v 7.500177293957178 12.635914449679758 0.1
v 7.512573202094311 13.360802582055925 0.1
v 7.3267931437774045 12.48257960985348 0.1
v 6.019581828435857 13.406386711346048 0.1
l 2326 2327 2328 2329 2330
