# Cyvl Generated CAD Model
o Street_Mesh
v 10.414572894223966 -8.343753643333912 0.0
v 5.627896643185522 1.1447589565068483 0.0
v -13.77188236580696 3.0955414371564984 0.0
v -8.241717329947278 3.159997501410544 0.0
v 5.964906562468968 -5.705072884447873 0.0
v 5.586003041709773 -5.11578890029341 0.0
v -2.8095715236850083 8.399315658956766 0.0
v -10.979055827308912 -13.319209150969982 0.0
v -3.6809696694253944 -0.6542003955692053 0.0
v -12.65300201025093 -3.018086224794388 0.0
v 13.798273865133524 13.499046295881271 0.0
v 2.9022840535617433 -2.495417988859117 0.0
v -12.155291965987999 -13.615132925100625 0.0
v -10.108316524361726 -0.9981363527476788 0.0
v -13.059513135056477 0.11157357692718506 0.0
v 10.316070852568373 1.5815643277019262 0.0
v 13.429056294902693 4.8127144780009985 0.0
v -13.343716686707921 5.984890604391694 0.0
v 11.713800270459615 -13.11438335198909 0.0
v 5.14643034193432 -7.246723390184343 0.0
v -0.3920418579946272 -13.255666764453053 0.0
v -14.456675619003363 11.63329345639795 0.0
v -3.0690421782201156 1.773702336475253 0.0
v -10.14755367289763 3.7045711036771536 0.0
v 6.2692916708183475 -0.5680119963362813 0.0
v 8.47310482186731 8.577243525534868 0.0
v -11.2553714652895 -12.608107873238623 0.0
v -1.9069901926559396 -12.39113754965365 0.0
v -13.16470945958281 0.8048964096233249 0.0
v -9.120598241628613 -12.443159871734679 0.0
v -2.5009862067527138 -6.440465446561575 0.0
v 0.7893384848139249 10.140202903188765 0.0
v 10.57695153815439 9.280600862577558 0.0
v 8.66042272147024 0.8509124610573053 0.0
v 1.5173960407846607 -7.06376962736249 0.0
v -3.9609447070397437 4.753190610557795 0.0
v -5.143612996907905 -9.875597809441388 0.0
v 4.304956471431069 -5.648545960895717 0.0
v 13.505162972549442 -8.734330644831061 0.0
v -10.814020539226476 -9.674777103587985 0.0
v 1.4156862332602032 -13.728070315904915 0.0
v -2.4150975142256357 12.09363219421357 0.0
v -13.838600356772076 10.021336819045246 0.0
v 0.741854879190214 -0.49784655310213566 0.0
v 1.4954607985564508 -9.909454191103578 0.0
v -5.647594240668695 -14.758271721191704 0.0
v 12.35864548268728 -4.622121214866638 0.0
v -11.716512825747486 -3.9421020094305277 0.0
v -2.626897476380691 5.803554393351078 0.0
v 0.9386438945657574 8.244480589404702 0.0
v 1.2672672340995632 9.004974611103535 0.0
v -8.985185305122286 -0.3499250151216984 0.0
v -13.391614281514194 8.528903778642416 0.0
v -1.6279278952279128 -8.11834505200386 0.0
v 13.365571021102369 -12.015514521859586 0.0
v 0.8574978773249313 1.1602131351828575 0.0
v -5.558038524060976 -1.8005127245560288 0.0
v -3.6993314279825427 -8.018089671619236 0.0
v -10.722342940687668 -4.799933521077037 0.0
v 6.257589919841848 14.192609960213304 0.0
v -1.9922432840103284 -8.451546672731638 0.0
v 2.0832525133155286 -9.4379853149876 0.0
v 9.265524152782746 7.6362316738814116 0.0
v 8.93467929441249 10.301482965238392 0.0
v -7.146949258400127 11.978206821717322 0.0
v -0.19899948994861916 11.258010843768716 0.0
v 12.759065835096408 -12.036112188361585 0.0
v -12.322421555640176 10.220529714599252 0.0
v -12.669646970636677 5.29219916369766 0.0
v -4.429682280402631 7.503407469950616 0.0
v 3.602032425114885 6.705623313784599 0.0
v -12.454189956653863 13.068671843968332 0.0
v 2.23678570688935 12.017433322034776 0.0
v -13.895497009740211 -8.694790632463992 0.0
v 5.553718534996733 -3.9621049743145704 0.0
v 13.258996989228763 -7.054932604543865 0.0
v -9.552442569402047 -8.801751774735749 0.0
v -11.333989434468094 5.142865793779492 0.0
v -0.04575318971183151 6.305538848042488 0.0
v -1.339102965372149 1.8387893103063107 0.0
v 13.994886343600228 4.425232516601682 0.0
v 6.798022140341345 -6.1381719233468175 0.0
v 7.077721468522213 -4.683042953722179 0.0
v 9.191194444079883 -8.849520768970251 0.0
v -13.65396751119988 -4.997364414855838 0.0
v -13.560413704020903 -4.1860213512554765 0.0
v -1.3359593427740037 -3.3077887929975986 0.0
v 4.273752099776175 -1.070124164223671 0.0
v -7.777628188952804 -3.5994510343298316 0.0
v 9.506959831400309 3.445809011347592 0.0
v 1.7520849669235758 6.866400940343738 0.0
v 11.750942281913012 6.521272387355566 0.0
v -9.857646225078497 2.5887775123119354 0.0
v 2.9181234269053675 13.134740764275193 0.0
v -4.584355423809029 13.59098301269114 0.0
v -6.2530522117740475 5.244487379677594 0.0
v -7.713708336581476 -8.697781514376402 0.0
v 1.9027346322545782 -7.35153272934258 0.0
v 3.9997237924835645 -9.531105956062675 0.0
v -8.132871992012952 9.074451515451074 0.0
v -1.8578125550411642 9.184034276753664 0.0
v -6.68283725209767 -14.033107065595686 0.0
v 10.564200821623672 -12.606820686720312 0.0
v 5.860567103722133 -12.203591596335173 0.0
v 4.193154451844748 10.483857456594706 0.0
v -4.0788900423794985 2.9410383589565754 0.0
v -11.716477698762901 -2.739636743441224 0.0
v -2.138839270803146 8.001454870216548 0.0
v 4.603397783823311 -8.798952823504806 0.0
v -3.0868170966859907 -11.093717621639371 0.0
v -5.688785729522351 9.77620519977063 0.0
v 3.245717662561219 -6.742585571482778 0.0
v -11.588908908481244 3.1096829175949097 0.0
v 2.052893594664056 10.16897430177778 0.0
v -10.082091680262238 1.461821955628693 0.0
v -5.445784951909445 -5.39004074037075 0.0
v -9.48133635747945 -13.754745136015117 0.0
v -12.571270585758612 13.391677378676832 0.0
v -13.026284497522283 -1.2268451573327184 0.0
v 14.563936684338842 -4.872459123842418 0.0
v 13.265613066672813 -14.755545239895582 0.0
v 11.3857569640968 6.121975905261934 0.0
v 11.5851157666184 -9.44195300899446 0.0
v -9.059989956440404 -8.340680382214487 0.0
v -8.235078215890098 -10.533129908144474 0.0
v 1.4177073265309446 4.2374106496572495 0.0
v 12.758881477289833 13.783731820993125 0.0
v -11.31775851547718 -3.7847335496917367 0.0
v 5.213742584455758 11.926008767448366 0.0
v 6.913999346026685 -6.198043712414801 0.0
v 9.632988384750206 12.632903033867478 0.0
v 8.104016309371218 14.19311558548361 0.0
v -6.339419519179501 -10.992094175890088 0.0
v 3.7841602932312526 -10.5838293582201 0.0
v 11.281971018586773 5.570953881368041 0.0
v -2.5123900244943798 -2.732999066822231 0.0
v -12.861247362103313 -12.124573762528598 0.0
v -8.193881757033523 -5.552864472381771 0.0
v -14.452119103632867 9.587275662459433 0.0
v 2.503131291421596 -11.455148470588028 0.0
v -4.413554179307539 8.978601380251348 0.0
v -14.289147172414232 -13.42816471774131 0.0
v -14.866576621076092 -10.512049477547407 0.0
v 1.8422363912686706 1.888937583193183 0.0
v 6.112876863335259 -7.240810276940465 0.0
v 6.106906705885194 7.010043054819107 0.0
v 14.790127674816176 10.095803558826447 0.0
v 3.889825813123025 -14.846954402513802 0.0
v 7.571210683730897 3.1832280913367867 0.0
v -3.8570552279707044 -11.675564144738019 0.0
v 10.475098869006615 13.718579762615263 0.0
v 4.448263215657789 10.841627973131835 0.0
v 7.761841037136037 8.54223863966763 0.0
v 10.314726171083748 5.2291879914700985 0.0
v -11.992869737092406 -0.7322584995999932 0.0
v 4.837846009875648 -3.3548110593110323 0.0
v 1.0792899207444862 12.595961030572653 0.0
v 11.753165917180013 -4.035171412862837 0.0
v -5.306006916100159 -0.14303424395620823 0.0
v 0.4876629800419323 1.575314906425774 0.0
v -12.270582539727911 -4.218639801256359 0.0
v 11.73971127223922 8.302722334861755 0.0
v 0.2172013611998409 5.3703005239367485 0.0
v 14.218461087613832 14.25212820712477 0.0
v 1.9256697228411213 -11.126455922611058 0.0
v -0.9970284826122224 -5.113678940571845 0.0
v 4.893665746669285 -7.507088720798492 0.0
v -10.787919988215435 4.688388319686055 0.0
v 13.246307227294892 7.9492982579395175 0.0
v -2.7551310950657353 -7.916223362088203 0.0
v 11.900596674589906 13.510429369285703 0.0
v -11.131232365441974 1.1532887369394302 0.0
v 6.1510802994598635 -9.149080459028482 0.0
v -0.6734323357231915 9.33638389594853 0.0
v 6.946342007257044 -13.897736522369087 0.0
v 14.80408583622193 14.716667524538934 0.0
v -12.39612879656488 5.69441238604486 0.0
v 7.731926179374568 -12.578150094486773 0.0
v -7.775042759836651 -4.111592304892838 0.0
v 12.279021495429333 -13.448754415847361 0.0
v 8.874452490184922 7.291629541665316 0.0
v -2.371799916611053 -6.060270478017628 0.0
v 3.674579775368329 -4.502378225326538 0.0
v 3.796009323152248 8.644453058950603 0.0
v 7.717995888146106 6.897840689867735 0.0
v 14.703911728633102 0.13582464400678873 0.0
v -14.958023951156065 0.4949956862255931 0.0
v -11.964249932439998 -7.7472730511799455 0.0
v 6.455535547342151 8.294741336256266 0.0
v -3.7689656970323995 13.77452862355858 0.0
v 8.70345212391112 9.677037408575416 0.0
v -8.417269357363693 6.226296319626272 0.0
v 13.961659658991266 -14.545063928700984 0.0
v -13.010519440402277 -0.4179305285215378 0.0
v 7.2915251578669995 8.576382344588637 0.0
v -9.634421408583876 1.8917421586811543 0.0
v 11.499525110353716 -9.978544920682907 0.0
v -3.265206312062219 2.4152489760890603 0.0
v -2.8180028524366207 -12.264869019389153 0.0
v 14.997636389161926 0.6801244849339128 0.0
v -8.853402795968577 -6.1956222634762526 0.0
v -12.098379365634173 5.799326914362609 0.0
v 12.325329395651352 -0.25259826611727476 0.0
v -7.291292543057352 9.70699302572757 0.0
v 6.5057648052461445 -12.912492501549423 0.0
v 13.098296996438876 -11.679649629630148 0.0
v -10.722106406465173 -5.897093811072409 0.0
v -1.0741341901593842 1.6285549299791455 0.0
v -12.818940990720876 -9.48834808729589 0.0
v 13.955501771299168 -0.36071891337633133 0.0
v 3.8874462451203726 1.943858690559864 0.0
v 7.298894634644967 -12.440850179642439 0.0
v -7.848182566580363 -0.2201270805671811 0.0
v 6.6294326728675514 4.743972769938409 0.0
v -9.311260017042514 -3.3304617051035166 0.0
v 10.102892882889137 12.388962396420538 0.0
v 8.90488629124593 13.082615999504924 0.0
v -14.578981567232404 0.46102918591350317 0.0
v -7.159167961566709 -10.465147228911519 0.0
v -6.090861836855765 -2.853675812482834 0.0
v -9.084694796183612 -1.9158453457057476 0.0
v 10.289063223870471 -11.761311382986605 0.0
v 13.534988748375326 -12.422001500613987 0.0
v -6.827454524871428 -8.787871891632676 0.0
v 8.487581644963939 5.239633040502667 0.0
v 0.366503732628189 -1.3182510882616043 0.0
v -13.241704464366194 9.1389354839921 0.0
v 2.1064991956809536 -4.902129636146128 0.0
v -7.2372194936615415 12.90170325525105 0.0
v -10.287604162294883 7.708578271791339 0.0
v 3.9213756232056767 12.182373301126063 0.0
v -12.73660048370948 2.7589320186525583 0.0
v 4.10574569448363 4.4703027084469795 0.0
v -10.435453912883531 7.211546957492828 0.0
v -9.35063558415277 1.8163376543670893 0.0
v 7.936054299294483 2.408868046477437 0.0
v -1.8730190527276136 -14.751611279323697 0.0
v -8.058195700868964 -9.597257238812745 0.0
v -0.8354618247249164 9.456798686645925 0.0
v 12.247411949385423 -1.8754015248268843 0.0
v 1.1311298056389205 -9.680639998987317 0.0
v 6.492389832390472 -14.915563364513218 0.0
v -12.616229091130663 -11.145588599145412 0.0
v 7.320840073458385 9.407436477951705 0.0
v 12.824179019487929 -13.157351701520383 0.0
v 3.1073217188823037 -9.280300186015666 0.0
v -4.578795326990075 7.192385690286756 0.0
v 4.4433623583754525 6.203823151998222 0.0
v -13.37458130007144 -3.972123778425157 0.0
v 6.549299766134936 -8.172943367622793 0.0
v 8.349962160689756 13.951403656974435 0.0
v 2.240386208286509 -11.00572193134576 0.0
v 9.553430525120348 3.6293904362246394 0.0
v 9.877442797587719 9.132263461127877 0.0
v -11.12021844071569 1.9936668248847127 0.0
v 6.8958791374461725 13.084798698313534 0.0
v -12.876654961437453 8.483325015753508 0.0
v -8.619677657843567 -4.119611001573503 0.0
v 3.0521129928529263 -13.714579595252872 0.0
v 2.8013056931085885 -5.837442325428128 0.0
v -14.110264391929377 4.731710363179445 0.0
v 5.503647131146863 -0.13367753755301237 0.0
v -9.131908262206707 11.943304791115224 0.0
v -9.50515319162514 -14.465047462843359 0.0
v -14.110156455077231 14.278883592225611 0.0
v -10.724121306790039 -2.0122320847585797 0.0
v -14.203829636331648 -10.504014817997813 0.0
v 14.535980731248856 13.777651014737785 0.0
v -5.786832479236182 2.055344038642943 0.0
v -12.940952395321801 -5.941999587230384 0.0
v -2.584650266391691 9.230496887117624 0.0
v 13.595201664662454 -1.0329069001600146 0.0
v 4.287033886124846 -2.398375002667308 0.0
v -5.037634072301444 2.7452922062948346 0.0
v -12.148504434153438 2.87474559340626 0.0
v -6.2837776626693085 -0.9953876342624426 0.0
v 11.36193038651254 10.718697991222143 0.0
v 13.882962985837366 13.666974384337664 0.0
v 3.358706910221372 -12.540115986950696 0.0
v -10.404721778410021 4.157650636509061 0.0
v 1.3221631885389797 3.5581062585115433 0.0
v 2.8551792153157294 -14.425556232221425 0.0
v -12.351212833251338 11.502028775401413 0.0
v 9.548177720280364 13.319340092130005 0.0
v 11.824142534751445 5.101826013065875 0.0
v 3.2617417323053814 0.17957391031086445 0.0
v -8.765079474018421 -9.743900115601718 0.0
v 11.333097079128493 6.970871436409652 0.0
v 0.14441241457825527 -5.548785900697112 0.0
v 13.441637559502851 -8.121878472156823 0.0
v -12.595509640756063 -8.292128814384341 0.0
v 5.36915962951025 0.33808839228004217 0.0
v -8.986144665337633 1.500383953563869 0.0
v -13.912984031660017 3.8842518189921975 0.0
v -10.448547530628275 6.516025956720114 0.0
v 7.4923155714641325 14.424725823104382 0.0
v -2.2133671724586748 -12.617792882956564 0.0
v -5.1263368397485465 -13.848912532441318 0.0
v 10.586959105567075 14.088326985947788 0.0
v -1.5519014518940821 -2.7563909431919456 0.0
v -3.1449352461495437 5.510082218796015 0.0
v -9.728866911318619 -7.5491181975230575 0.0
v 0.19831536151468754 6.684472373686731 0.0
v -10.332035597588401 10.225834960117936 0.0
v -11.749221598322038 12.130342992022634 0.0
v -8.068808648909908 -4.66909421607852 0.0
v 4.029531379463151 -12.79426315240562 0.0
v 9.027973768417723 -14.302340508438647 0.0
v 13.298544944671448 13.271092429757118 0.0
v 6.1415503429598175 -1.5556387240067124 0.0
v 14.664471712021623 9.662900636903942 0.0
v -9.920000704296399 -11.37255618069321 0.0
v -9.40462365275016 -0.4555631848052144 0.0
v -14.6273112508934 11.319018235430121 0.0
v -10.204219676495995 14.892125103622675 0.0
v 7.789242783503141 -1.4191958047449589 0.0
v -11.86942523898324 10.755740403197706 0.0
v -8.152725361520424 1.3196493461728096 0.0
v 8.777599013759755 -14.445264688692987 0.0
v 6.523999053053558 -14.783055224455893 0.0
v -7.722533510357607 -6.252441591583192 0.0
v 0.9650816806824878 5.6699452716857195 0.0
v 12.542529821395874 -11.250519132241607 0.0
v 14.442372248566244 -6.298574312590063 0.0
v -11.67026849364629 6.154433034360409 0.0
v 1.2635000832378864 -8.413055152632296 0.0
v 13.196147865615785 2.0753956846892834 0.0
v -12.596145650546532 -12.492632325738668 0.0
v -12.561224429518916 13.403448551893234 0.0
v -5.8984102018876 -4.530005880631506 0.0
v -9.200358664616942 -2.3923964854329824 0.0
v -12.417788696242496 3.9554183119907975 0.0
v -7.669252119434532 14.71228929888457 0.0
v 1.2153294353047386 -13.583238382823765 0.0
v 13.075509187183343 8.042881109751761 0.0
v -6.860690786328632 -5.451981350779533 0.0
v 5.450430235883687 -11.896133987233043 0.0
v 9.820359123754315 -6.741438545286655 0.0
v -8.319307722209487 13.768356026150286 0.0
v -14.217004353005905 -10.35407526884228 0.0
v -1.9719927781261504 -11.765169044956565 0.0
v -1.0914006259990856 7.511052585206926 0.0
v 4.366745347157121 2.301908296532929 0.0
v -8.18791256233817 0.2606886699795723 0.0
v -12.779867855075281 -3.011542771011591 0.0
v 12.791615578986239 9.210084088146687 0.0
v 8.396409097127616 11.024636277928948 0.0
v 2.498386303021107 -14.555814888328314 0.0
v -1.6514169381698593 -5.8900753650814295 0.0
v -10.811211242515128 -12.217989807017148 0.0
v -13.589153640554287 4.107928494922817 0.0
v -5.843553312239237 -2.724361378699541 0.0
v 1.7678964136284776 -3.2720721252262592 0.0
v -1.3142775968299247 5.250857670791447 0.0
v 6.627177349117119 14.942582247778773 0.0
v 6.839317878067959 6.8386666821315885 0.0
v -7.548980837513227 -10.037381587550044 0.0
v -1.100501482724212 -4.4033133098855615 0.0
v 9.669468002626672 5.085341769270599 0.0
v -6.35634355986258 4.446743584237993 0.0
v 5.244411974737886 -9.898034140467644 0.0
v -10.92625374509953 -14.249133673496544 0.0
v -11.922652289562393 -14.461568085476756 0.0
v -11.969672912324313 -13.182222621515393 0.0
v -11.552241168625187 6.061241444200277 0.0
v 5.190519278636202 1.666204821318388 0.0
v 6.1728038777946495 4.523500433191657 0.0
v -14.852647670486476 -0.46101329755038023 0.0
v -6.2575310276588425 -4.556026171892881 0.0
v -2.510681571846362 7.324794232845306 0.0
v 14.207715627970174 -7.7340142307803035 0.0
v 7.7973162838607095 -9.713839333504438 0.0
v -0.9703174304449931 -0.559038707986474 0.0
v -2.7330953085329384 12.531993366777897 0.0
v 14.183012325607706 -13.653665285557508 0.0
v -14.124559125106316 0.6124041695147753 0.0
v 12.743280354712624 -14.099746574647725 0.0
v -11.316512789693661 4.625968816690147 0.0
v -7.846788880240638 14.380428879521787 0.0
v 9.678559633088298 14.86033252067864 0.0
v -7.840297011542134 -2.473341718316078 0.0
v -7.080574376450386 -5.4532449608668685 0.0
v -6.04985566844698 2.416231623850763 0.0
v 1.4157597127486952 13.81840833183378 0.0
v -13.998692843597382 -7.615676826797426 0.0
v 2.335405164398253 -3.0868497574701905 0.0
v 3.3100892116199248 -4.948481252416968 0.0
v 1.9261809307499789 13.025366925634444 0.0
v 4.410159894963726 2.8054562006145716 0.0
v -3.5748981294455007 -5.153626438230276 0.0
v -11.482669441087637 -9.490240924991667 0.0
v -1.7581392022548243 2.428329525515437 0.0
v 4.028661160031334 -0.6229413831606507 0.0
v -2.1506792850559577 13.121264316141605 0.0
v 7.788844906142913 0.6544444961473346 0.0
v 0.030301690683700144 12.76828483864665 0.0
v -10.620009208272677 4.642150287516415 0.0
v 6.174700147937983 -9.829259285703301 0.0
v 3.6939663241500966 -1.234280432574451 0.0
v -5.306868020037655 -8.051045422442257 0.0
v 10.759864510444459 9.73685824777931 0.0
v 8.041039682284463 -14.734136812388897 0.0
v -5.001737337268423 10.666127452626824 0.0
v -8.859252651396673 -0.17368246614933014 0.0
v -5.778170019213576 4.8961743442341685 0.0
v 0.14194826455786824 -11.304812958464026 0.0
v 4.002543261856772 -12.092461152933538 0.0
v -9.356296685116831 -5.592287342995405 0.0
v 10.574080378049985 -6.784875062294304 0.0
v -12.631025201757438 5.251286132261157 0.0
v 9.036517003260087 -6.37432277482003 0.0
v -1.7707527267630212 10.787237058393657 0.0
v -8.034207162738312 3.8712568543851376 0.0
v -7.360196468536742 2.078651260584593 0.0
v 13.425405180256348 -9.155400974676013 0.0
v 10.667293983977288 6.207313088700175 0.0
v 9.648564204457216 5.7181086875498295 0.0
v 5.673081047134474 -5.479809487238526 0.0
v -12.484858988958877 -7.172082087956369 0.0
v -1.5474918693071231 -11.798354614526033 0.0
v -8.766298542905133 -5.434911455027759 0.0
v 13.61686147749424 7.937979535199702 0.0
v -4.595260378380772 1.5912151532247663 0.0
v 8.428999210009351 -3.555454549379647 0.0
v -5.525138388096821 1.4573408430442214 0.0
v 13.316663508012425 8.845996945165098 0.0
v -6.927780286699999 1.3146025724709034 0.0
v -4.092248360917438 -0.7575743738561869 0.0
v 6.633231780375354 -9.282205539755523 0.0
v 5.333183646667749 -6.300042853690684 0.0
v 1.7041584489052184 -9.554077974520624 0.0
v 5.472084154142067 8.045099348761141 0.0
v -9.33518693462247 4.353163572028279 0.0
v 13.480936022824608 14.471230063587427 0.0
v -8.281696507765446 -4.822755213826895 0.0
v -6.293191568576731 10.28411247394979 0.0
v -6.796633938036393 -13.951092240400612 0.0
v -2.6413890163530596 3.1970822531729937 0.0
v 5.89418602240039 12.279559034854174 0.0
v 0.8880244513275102 8.6432018391788 0.0
v 3.4478611138183624 -5.76390365883708 0.0
v -6.929330789309461 -0.8472642777487636 0.0
v -4.4729959510150366 13.758321124128997 0.0
v 13.732993879821151 10.232215536758304 0.0
v -10.063679709506687 -5.692295174114406 0.0
v 14.058786109089851 12.0005614021793 0.0
v -10.458338493306655 -5.299239891581237 0.0
v -13.993287710298318 8.836522300727665 0.0
v -13.946248728665523 9.982880341820419 0.0
v -9.46069959923625 10.283540980890393 0.0
v 8.762243184959516 -14.34680353384465 0.0
v -8.349050523713231 8.195615199394524 0.0
v 0.8514277783688158 -4.849046506918967 0.0
v -3.284697865950875 9.715397173538804 0.0
v -11.209281656658277 -9.659720192663372 0.0
v 0.40391931211343035 1.5209538340568542 0.0
v -1.7196420371183194 4.290997774340212 0.0
v -4.691588482528459 -10.211637060157955 0.0
v -14.684588609321509 -13.969114827923477 0.0
v -6.709537175251171 12.601681981235743 0.0
v -6.625183057913091 -9.80153057537973 0.0
v -1.232130768650677 11.828808717429638 0.0
v 8.623701406817418 -10.023964203894138 0.0
v -6.723591529706027 -0.11787924356758595 0.0
v 11.537031770625617 -1.4706648765131831 0.0
v 6.608293435827363 0.08213465381413698 0.0
v -9.951271510391962 6.940739068202674 0.0
v 0.41977775568375364 9.680501622147858 0.0
v 9.88116164348321 -4.762494267895818 0.0
v -9.01291758188745 7.316317716613412 0.0
v -10.58319874072913 14.123960922472179 0.0
v 10.590251273708418 7.286783628165722 0.0
v -13.842571592016611 1.1382028171792626 0.0
v -5.216313855606131 1.2584795644506812 0.0
v -14.010134672920685 -1.1485413033515215 0.0
v -6.955724491097499 8.630771013908088 0.0
v 7.464655809511896 -6.15075087826699 0.0
v -13.676553703960963 -7.742291218601167 0.0
v 9.735071375907864 -1.6302348300814629 0.0
v 5.801405884209089 -14.837542903609574 0.0
v -7.960491325939074 -13.175220787525177 0.0
v -14.031364817521535 -4.475634387694299 0.0
v -11.819111142191105 -11.722272362560034 0.0
v 8.782044896157458 13.573967963457108 0.0
v -4.190561212017201 -3.6646300377324224 0.0
v -1.130158676940482 8.21880665794015 0.0
v -5.375652321847156 12.481245098635554 0.0
v 10.431617796770297 -3.542969638481736 0.0
v 3.4190333835431375 10.043665601871908 0.0
v -11.317584003205411 6.42264062166214 0.0
v 14.787492379604373 -4.965741283260286 0.0
v 0.18178699223790318 0.4508977588266134 0.0
v -2.50669868075056 -14.86605601478368 0.0
v 13.115191466116812 9.177296018227935 0.0
v -1.602415035071317 7.620091279968619 0.0
v -4.858736534370109 -13.003904742188752 0.0
v -14.793316995317582 -14.98054740857333 0.0
v -11.442304389434867 -4.874074841849506 0.0
v -1.538521348615177 -0.12076462805271149 0.0
v -12.999155946832616 12.769272445701063 0.0
v 9.181626619945746 -13.025140237994492 0.0
v 9.746959197858814 12.906488980166614 0.0
v -8.689961067866534 -10.42285971622914 0.0
v -10.288682512706146 -6.121394722722471 0.0
v 3.2556802968028933 6.30646282620728 0.0
v -5.716148906562012 -4.447906890884042 0.0
v -0.5300802601850592 -1.6921039186418056 0.0
v 11.413182856980711 13.290242975577712 0.0
v -3.7161780390306376 3.2782592000439763 0.0
v 4.692228804109618 -10.703147402964532 0.0
v -0.5927463453263044 2.3673067381605506 0.0
v -14.380661485774908 -11.348955453373492 0.0
v -5.511694104934577 9.9942946145311 0.0
v -9.799874912831001 -10.000393068417907 0.0
v 11.515766717260703 -5.47543771751225 0.0
v 13.070644772145897 2.6998154493048787 0.0
v 2.234014341083821 -5.068246876820922 0.0
v 12.036611633724533 -3.5271857418119907 0.0
v -14.877464463643264 -4.823766748420894 0.0
v 9.411793105769902 -3.342482886277139 0.0
v 5.010191508219577 6.969683731906116 0.0
v 10.822425280581228 -9.950769477523863 0.0
v 8.512821204552893 -12.660156005062163 0.0
v -2.2618492798064835 -2.4057962130755186 0.0
v -14.200166617461946 6.227067859843373 0.0
v -9.019915297802072 10.77387432474643 0.0
v 4.184460072952788 -0.03325294051319361 0.0
v 5.234927458921447 12.025698659941554 0.0
v 7.146377421566285 -10.477621424943209 0.0
v -12.54867523838766 1.61745875608176 0.0
v 9.24064524640562 -13.028371128253639 0.0
v -10.332228979037609 10.806471858173609 0.0
v 14.55316933512222 10.876969557255507 0.0
v 8.614735408045817 13.437284458428621 0.0
v -3.7292689508758485 14.72208709269762 0.0
v -8.076388375251554 9.575751528143883 0.0
v 11.15152949676849 3.8847478786483407 0.0
v -7.477307877037674 12.72202789504081 0.0
v 1.9233971266075969 14.631144274026155 0.0
v 7.98291216918733 -9.83173797186464 0.0
v -14.186379898397718 13.487297887913883 0.0
v -4.996916134317871 -5.429167992435396 0.0
v 7.266506146872416 -0.4087527869269252 0.0
v 13.683882875309791 7.368565344251692 0.0
v -1.006431570276618 -8.250380990095437 0.0
v -12.185803035506979 -9.702740829437971 0.0
v -2.7214441711548716 6.44441650249064 0.0
v 11.307615395460743 -11.310393813997507 0.0
v 6.6617866097949445 -0.22904964350163937 0.0
v 7.8316616687807254 9.02095511648804 0.0
v -5.922232550743502 1.361324878409505 0.0
v -5.876255683193449 -13.509895901195705 0.0
v 11.091701916477177 1.3708057533949614 0.0
v -14.821613561653066 -12.748841345310211 0.0
v -14.167686930508353 3.8568862238898873 0.0
v -4.68296888662735 -0.1325652888044715 0.0
v -1.0760382593725808 -14.502462008036673 0.0
v -8.461581418057904 14.930966571904719 0.0
v 2.0474452326307073 -5.801137361675501 0.0
v -12.966178592352662 -8.454129071906209 0.0
v 11.936837060027756 12.108856081962585 0.0
v 14.629152760200668 -12.710023267194629 0.0
v 8.410406975774094 -4.729921066202223 0.0
v -6.912470215174835 -11.523825854994357 0.0
v -5.098766710027121 8.789761965163052 0.0
v 0.8312197548802942 -8.81650965847075 0.0
v 8.03638263256289 7.572533497586846 0.0
v 14.366225617355667 -3.5182718485593796 0.0
v -7.843188387865666 -11.91296198964119 0.0
v 4.695386457722634 -0.08523725252598524 0.0
v -3.139453722164035 -1.6033442905172706 0.0
v -12.540083462779876 5.883993713185191 0.0
v -10.348203321860638 -9.543702326714993 0.0
v -1.7291959939175285 -10.480268410407007 0.0
v -12.244517207320314 -10.551216906867921 0.0
v -11.624716113263275 1.1410462548956275 0.0
v 11.665074775577523 14.648482631891966 0.0
v 3.882361425261479 -2.6398059325292706 0.0
v 5.535311800369527 1.2814636826515198 0.0
v 11.853495563787874 -14.568926353007555 0.0
v 6.924399256706238 -0.5438200384378433 0.0
v 11.743382918823045 -5.301075865514576 0.0
v -1.7145525108790025 1.0769980438053608 0.0
v -7.356088652799372 -0.472223530523479 0.0
v -3.699219024856575 11.216988476924598 0.0
v 8.219239856640343 8.604508611373603 0.0
v -6.181065080570988 -8.632185477763414 0.0
v 1.1021613435004838 -5.85511733405292 0.0
v 4.917657347396016 -1.1629892298951745 0.0
v 2.927604363008868 1.4116183081641793 0.0
v -6.262251428037416 2.0592873273417354 0.0
v -9.928075657924637 -9.670751016587019 0.0
v 5.2422688186052255 -7.212975118309259 0.0
v 6.289816559874453 3.1583993984386325 0.0
v 0.7176166659919545 11.656511240638793 0.0
v -0.6977656413218938 3.9951136456802487 0.0
v -1.8138947827392258 -7.518037135712802 0.0
v -3.8542655667988583 12.466504715383053 0.0
v -5.741152310802136 6.726321589201689 0.0
v 13.683044898265507 9.198774484917521 0.0
v 0.7255546670057811 6.524756237864494 0.0
v -7.750468824873678 9.514014664106071 0.0
v 1.2870962860179134 -7.965108773671091 0.0
v -0.26360045868204907 4.676424283534288 0.0
v 13.224473677866627 8.81096098292619 0.0
v 0.6730867948499508 -10.836730312556028 0.0
v 8.473985796154011 12.427047171629965 0.0
v 5.388320050609764 2.6809359481558204 0.0
v -1.598709943704307 -3.867599087767303 0.0
v -8.930816365405917 7.294393534772098 0.0
v -14.329931986052543 10.773932435549796 0.0
v -7.718279774766415 3.1026143971830606 0.0
v -7.068551539210603 -11.827072825282812 0.0
v -8.274396437278483 -6.835093256086111 0.0
v 4.1471041408367455 -0.48820165917277336 0.0
v 11.36738182627596 12.808306721970439 0.0
v 6.056347006175201 -4.4590150732547045 0.0
v -0.10473386850208044 -10.32489422429353 0.0
v 14.356548290874343 -11.781372436322272 0.0
v -13.684962648607325 14.376001310534775 0.0
v -10.665841503068805 -6.288838090375066 0.0
v -5.162414185702801 0.3915246929973364 0.0
v -1.937592733418569 14.67578889336437 0.0
v -6.376739553932566 5.8595257718116045 0.0
v 14.421869233134203 -11.897828755900264 0.0
v 11.322872373857535 1.0443178433924913 0.0
v 4.307402796228416 -0.8724086340516806 0.0
v 5.751428296265658 -1.9850775580853224 0.0
v 4.547796300787013 -4.561954700388014 0.0
v -12.196412141784094 -13.663965187035501 0.0
v -14.959780660225078 -11.730087825097144 0.0
v -8.418578863725998 -13.035682980902493 0.0
v -13.294488376879599 -5.460683305747807 0.0
v 9.690640270651784 -2.2178096184507012 0.0
v 2.9854190779151395 -5.829260597936809 0.0
v 9.864569909521379 -1.746641393750906 0.0
v -6.155727950215805 9.962387283332646 0.0
v 1.326066039793659 8.414069725200534 0.0
v -3.266350738296751 -4.668500241823494 0.0
v 9.416301526362076 -12.32428225222975 0.0
v 9.763436742825434 0.8688229462131858 0.0
v 11.838521400874015 4.461971012875438 0.0
v 9.894172473286744 11.305531220510602 0.0
v -8.385529886174481 7.292411440052092 0.0
v 5.748915623291396 -10.370567937381566 0.0
v -8.09185092500411 -13.520756512880325 0.0
v -6.640665854152758 -7.872967983596027 0.0
v 8.3083294412354 2.4923801738768816 0.0
v -11.96402954054065 -5.247276998125017 0.0
v 11.638602747232653 -0.19572976976633072 0.0
v 8.780343656719197 14.04042606242001 0.0
v 12.819237709976733 8.315077329985797 0.0
v -2.815278702415526 6.628926735371351 0.0
v 4.656754358671606 11.75441625714302 0.0
v 13.932363128755242 12.483471962623298 0.0
v -0.5028114080196247 -6.359799931757152 0.0
v 0.7443233797093853 7.794239697046578 0.0
v -4.2167834098800085 -12.753672979772091 0.0
v -12.72752549330471 -11.658281211741269 0.0
v 12.735319456085563 -11.747541831806302 0.0
v 14.652018494962249 10.8206526953727 0.0
v 2.9773783912532963 12.492531114257872 0.0
v 2.2863728136289865 4.10085216537118 0.0
v -8.91933061357122 11.311684758402407 0.0
v -5.408091445162427 0.7334550572559237 0.0
v -6.169056346639991 -1.9299894850701094 0.0
v -12.59892775939079 -7.1454688757658005 0.0
v 4.5087594338692725 11.06298210658133 0.0
v 0.4515704102232121 -10.117375291883945 0.0
v 8.466813549865037 -0.8381511541083455 0.0
v 14.225926214945503 -8.128872334957123 0.0
v 2.8335371872526594 -0.5312891369685531 0.0
v -8.644504742056597 -10.32652301248163 0.0
v -8.428611685114447 12.3598474226892 0.0
v -13.440578641369939 -10.122202649712563 0.0
v 12.130507912603207 -6.716910803690553 0.0
v 6.9396134172566235 0.8319398397579789 0.0
v -11.929018685012124 4.690435049124062 0.0
v -14.042865411378443 5.402485704049468 0.0
v -2.8417946110712364 -9.357266513630748 0.0
v 14.936896323750261 -1.1301516350358725 0.0
v 12.241821659205016 8.478916076943278 0.0
v -3.6282350084511563 -11.569439134560525 0.0
v -9.470163919671904 -14.8385564154014 0.0
v 5.727233393350616 1.392724096775055 0.0
v 1.6175270664971322 9.112016453407705 0.0
v 13.704020310775377 6.592778521589935 0.0
v 3.7379460782394744 12.383943463675678 0.0
v -13.799029092362616 14.692362044937909 0.0
v 14.273503062722739 9.537391729652882 0.0
v 3.9569059968926013 2.0109808817505836 0.0
v -14.96092543558916 -10.809520150534809 0.0
v 3.5954004492377862 1.5718409102410078 0.0
v 14.77526761876652 -14.244671582244337 0.0
v 11.947753906599246 -3.852889211848378 0.0
v 5.635735735995695 6.833551783114672 0.0
v 14.298668553121388 14.091046279296279 0.0
v -5.3864420367754065 -11.288674437440932 0.0
v 0.6879623178392649 -2.85930348187685 0.0
v -7.074176923255436 5.146359295584261 0.0
v 8.66011225816328 -2.413951157592237 0.0
v 1.2022270673769526 1.1806807154789567 0.0
v -14.990347410959657 12.235144644975662 0.0
v -5.735234645369928 11.769940341822803 0.0
v 7.506235521344934 1.8652526754885912 0.0
v 3.482646709540859 -0.8785587511956692 0.0
v 13.948527492233552 -9.099969010800123 0.0
v 10.571698323998135 -1.6980482591316104 0.0
v 2.7085161118302494 -3.3399502830579877 0.0
v -0.5028918362222612 2.674101539887488 0.0
v -9.059256289503537 -7.900334797799587 0.0
v 4.766172874602489 9.509108021855354 0.0
v -13.871631276153494 -3.0430115684866905 0.0
v -4.248173407802824 -12.39193575643003 0.0
v -14.034003208216745 6.483451068401337 0.0
v 10.746925234561786 -11.755926079116762 0.0
v -0.31751227838685736 -14.681384740397334 0.0
v -10.34616502164863 -6.7732558799907565 0.0
v -14.118639305292163 -5.297807934693992 0.0
v -3.9403838245780207 11.273406892083585 0.0
v 8.244543409789912 0.62029536254704 0.0
v -0.6932537115644664 11.638973442837596 0.0
v -11.495968846254982 -9.407920590601861 0.0
v -8.732325477700215 13.125215103849769 0.0
v 3.2302249534404837 3.7470724172890186 0.0
v -6.473592138150707 -11.8390071708709 0.0
v -6.0092779351980425 5.2827288415282965 0.0
v -5.709461305523291 2.1962653500959277 0.0
v 1.5375914074247703 0.4534234218299389 0.0
v 6.873611218412407 -13.11699577793479 0.0
v 3.604350999230519 -3.1413617078214884 0.0
v -2.435643355420325 -3.046491716057062 0.0
v 8.821540166507475 14.05006899498403 0.0
v -4.958983666088898 -4.267379273660481 0.0
v -2.4027909630094655 -1.2735140537843108 0.0
v -11.15554082399467 10.095274816267192 0.0
v 12.170902995450888 6.591646515764296 0.0
v -10.222107346635312 4.836591654457152 0.0
v 1.1815589119796641 -1.9263327782973647 0.0
v 2.4463335315231234 -6.649959115311503 0.0
v -0.4405212679412216 9.148759491741657 0.0
v 5.816538446524646 3.40378097537905 0.0
v -1.9352473436738364 -2.6704658353701234 0.0
v -11.94113989599282 -5.048827736638486 0.0
v 3.4409440149902366 -11.46590536646545 0.0
v 1.836447583977133 9.624725923873484 0.0
v -11.546261410636362 -12.84434747043997 0.0
v 12.284538786567282 -14.882831334136426 0.0
v -10.496830049785785 14.99216633848846 0.0
v 10.836530455038883 -12.9901991346851 0.0
v 10.89302688225871 -1.7105500176548958 0.0
v -11.57448712241603 8.440985204651952 0.0
v -1.0437628875370137 9.147812779061496 0.0
v 9.27792659692932 -1.2505216915160418 0.0
v 5.201367116940673 14.149866287596524 0.0
v -4.9300677797873504 -5.773537055589259 0.0
v -7.908368536445778 11.662778690457344 0.0
v 6.874123399553355 -10.284164409153163 0.0
v -1.0501675888663158 0.3349613156169653 0.0
v -5.174178167479113 -10.982449812814593 0.0
v 7.8143537733121775 -13.261654738336802 0.0
v -0.6895381799549796 9.470575735904276 0.0
v 0.19555755861802027 9.588949735276401 0.0
v -1.0860244903014973 -10.2571529019624 0.0
v -12.206199627777096 -10.313092009164393 0.0
v -5.25557938934071 7.879135699011385 0.0
v -10.35926560149528 12.971306569874287 0.0
v -11.505626583297271 -4.525535026565194 0.0
v -14.626586896192748 6.783525689505041 0.0
v 12.176994782465044 2.6889465134590864 0.0
v 7.6751679125009105 10.315464556217194 0.0
v -12.173372694989666 -0.7357406811788678 0.0
v -9.161374752991833 -10.612967900931835 0.0
v -2.4135853014304303 -12.565794174559414 0.0
v -13.889635521685705 11.749882858246565 0.0
v 10.524970443802886 3.6342624984681606 0.0
v -2.663344250526279 14.170881681144238 0.0
v 5.563209299230948 11.96171042881906 0.0
v 2.293111000326462 -1.7061088681221008 0.0
v -7.791837013908662 -12.54448591824621 0.0
v -6.516495395859238 -13.137872468680143 0.0
v -3.9094775049597956 -3.5755945332348347 0.0
v -8.201538136752788 -6.984018467366695 0.0
v -3.051375440962147 -3.2292231312021613 0.0
v 13.102305645414162 9.41714913956821 0.0
v 9.102349846274592 -11.596160213463008 0.0
v 8.446994233469013 -8.412148744799197 0.0
v 4.942165561951697 12.695740758441389 0.0
v 10.268081213813275 12.075389467179775 0.0
v -5.855516158102546 -12.819372686557472 0.0
v -3.0217394091305323 -1.7536180885508657 0.0
v 4.294064223475289 11.39333863556385 0.0
v -11.955451824411284 -3.9228441035375 0.0
v -3.3035572670050897 1.6626484766602516 0.0
v -1.7472465864848346 4.2434935523197055 0.0
v -14.9329143979121 -5.765039927326143 0.0
v 4.907850043557119 -2.3511931942775846 0.0
v -3.8155046485480852 -10.311118233017623 0.0
v 12.581806988222525 11.678137285634875 0.0
v 7.866040676832199 7.726001957431436 0.0
v -10.83185520832194 -10.60562054719776 0.0
v -5.396039604092948 -13.52851080801338 0.0
v -6.6596272208262235 8.209460409358144 0.0
v 7.7995403772220016 -13.69831602461636 0.0
v 1.2957561769871973 -13.395835145376623 0.0
v -11.691190505342092 -2.2811255026608706 0.0
v 9.445220297027845 10.720943192020059 0.0
v -6.1231616428704 13.970740306191146 0.0
v 13.036088076187298 9.553092550486326 0.0
v -0.8726675804937258 6.737656150013208 0.0
v 9.608797895140015 -14.301519829779863 0.0
v 14.698567866464145 5.878552064299583 0.0
v 8.087311217328534 -10.185005793347955 0.0
v -14.199858773790766 -8.809396366588771 0.0
v -4.323552497138735 -6.494561010971665 0.0
v 7.508213104330935 11.948530592955649 0.0
v -4.635867373552173 -9.392357467673719 0.0
v -13.788753357715905 9.559759475290775 0.0
v -0.3815099610364996 -1.649051247164607 0.0
v -8.806332044827286 -3.2655034894123673 0.0
v 4.079642369761132 6.538916062563658 0.0
v 7.56012939219363 7.270069899968803 0.0
v 13.951344339700881 9.60553620941937 0.0
v 6.7242580105667 2.739599538035691 0.0
v 13.395733529760037 9.196065344847739 0.0
v -10.183954123931471 3.743381322361529 0.0
v -8.900629995157942 -1.3458611322566867 0.0
v -13.433417252381332 3.9276233734562993 0.0
v 11.451565509079956 3.9153312174603343 0.0
v -2.3429239622782916 3.1055355593562126 0.0
v -11.825516603887081 -0.07709382940083742 0.0
v 0.9731933293514885 -5.993634702637792 0.0
v 10.54408376122592 -9.245934410020709 0.0
v 11.633569246798288 -8.688949176110327 0.0
v -4.315606420568656 8.932771653868258 0.0
v -9.037704406422563 -14.522525502368808 0.0
v 6.989895256352611 -14.581631135195494 0.0
v 11.25411815638654 1.8865778166800737 0.0
v -11.469272472604644 8.866245766170323 0.0
v 1.0329063893295825 -0.7563054822385311 0.0
v 7.582756029732991 5.7186804404482245 0.0
v -10.470442651363555 -2.9594639325514436 0.0
v -12.23921801528195 -9.953356191515923 0.0
v 10.35672234307276 6.59510409552604 0.0
v 1.652838125883136 -0.6495872046798468 0.0
v -13.217426989867818 -13.128634235821664 0.0
v -1.346554599236697 13.306705186143517 0.0
v -10.927945480449125 6.426522904075682 0.0
v 1.5298668593168259 -7.649710835888982 0.0
v -9.39130899560405 -12.546963095664978 0.0
v -7.30407994723646 -10.613964568823576 0.0
v 11.602821769658476 1.717155423015356 0.0
v 7.66707239364041 -7.325210980139673 0.0
v -14.168322510435246 -10.58425594959408 0.0
v 11.37826243211748 -11.064730438403785 0.0
v -5.885468579654116 12.02022001426667 0.0
v 1.5286465699318796 7.72307744063437 0.0
v 1.4793338484014384 4.479309326969087 0.0
v -9.113620225922205 0.34283630177378654 0.0
v 13.788307242793962 -8.077110391110182 0.0
v -11.579349523875862 5.406603282317519 0.0
v -10.048194676346611 -1.159196650609374 0.0
v 14.94557888514828 -2.926732166670263 0.0
v 12.507626469479874 0.041079455986618996 0.0
v -0.05638310732319951 6.3027343256399035 0.0
v 6.320769798068795 10.942147222347558 0.0
v 1.8117563549312763 -7.1071142219007015 0.0
v 9.66047551826341 -8.975710252299905 0.0
v -11.248940622550435 4.323656152002513 0.0
v -6.981443982629571 5.57982443831861 0.0
v -9.63845174468588 2.3108301563188434 0.0
v 5.297292444796767 9.48126263357699 0.0
v -13.739999989629723 14.48922532517463 0.0
v -2.9298824842553586 3.29787633754313 0.0
v 7.013638303731568 12.186824090778828 0.0
v -1.7149938311777078 -11.6576097169891 0.0
v 7.359394785773475 -8.565979085862637 0.0
v -3.7519921443308704 14.690364588052034 0.0
v 7.520540941390209 -13.361435241997242 0.0
v -13.097387693473138 6.408271744847298 0.0
v -13.81569357670378 0.6742037171497941 0.0
v -9.627428214938845 -9.91188810672611 0.0
v -4.788569470867515 9.523545652627945 0.0
v 7.122460970887914 13.221770134754479 0.0
v -9.004354777454864 -11.933757768012583 0.0
v 0.7461410768446513 -4.047894563525915 0.0
v -11.53317740431521 -7.061237781308591 0.0
v -5.072554671554826 -13.45686656422913 0.0
v 9.624747409950942 -9.694306012243032 0.0
v -14.439894047798589 0.3570645246654749 0.0
v 14.813032722333446 -4.509538793936372 0.0
v -0.6404730787617154 -3.087339309975505 0.0
v -5.834355241211597 -11.53958245087415 0.0
v 9.762810823041946 9.902801871299744 0.0
v 10.242707176192198 -14.539659540168941 0.0
v 2.9729413316235878 5.121253414079547 0.0
v 7.491808302293066 7.38119987770915 0.0
v 0.9547064465004951 10.870346642099321 0.0
v 13.38802087760996 -9.055910215713084 0.0
v -3.6611057911650278 -2.668831999413669 0.0
v -0.6685114822466858 7.7438872223719954 0.0
v 11.321270006068517 -7.6788194524124265 0.0
v -10.360463385353796 9.142418700270355 0.0
v -14.050988662580494 4.797067441046238 0.0
v -2.069816493371036 2.3699655095115304 0.0
v -9.840810105204582 8.392458082176745 0.0
v 2.8931743968860246 11.890293965116143 0.0
v 4.911229086166713 3.3042859928682446 0.0
v -14.069898747722618 -6.335060524754226 0.0
v 11.196128564886749 -0.8557179942727089 0.0
v -4.230018529691733 9.591558110900223 0.0
v -0.7693871363298967 -5.6007079146802425 0.0
v 8.510596508625895 4.586697679013014 0.0
v 14.81602746876888 6.232158403843641 0.0
v -3.027259644237347 4.447068141773343 0.0
v -7.894426098733675 11.173379751853645 0.0
v 0.9840150508098304 10.278194703161716 0.0
v 2.148978085780982 1.735548154450953 0.0
v -10.985970442881808 14.606598848477006 0.0
v 8.930719788768329 8.128152996301651 0.0
v 14.304315082146786 11.673583520576358 0.0
v 12.192042810842395 -0.953644203953445 0.0
v -5.051433412707411 7.639697349630296 0.0
v -9.301351177622564 -12.940813789144158 0.0
v 1.1141506034182385 -3.714567705988884 0.0
v -1.6738998474902473 -5.021046460606158 0.0
v 6.818097807874437 -13.679034816101193 0.0
v 8.081156388972886 4.9731789994984865 0.0
v 10.414016108668875 10.158101620152593 0.0
v 2.1129751642001793 7.328327618539333 0.0
v 2.3579129285062663 -3.9034002404659986 0.0
v 10.85488719237037 10.79298955667764 0.0
v 2.38322886871174 -4.702083392068744 0.0
v -13.3574839575449 12.731354757212102 0.0
v -5.638724500255194 2.610930787399411 0.0
v -0.3402709917863831 5.948991747573018 0.0
v 4.220630075898953 2.482131700962782 0.0
v -6.717939302558079 -0.05474007688462734 0.0
v -9.323019241332076 12.848540655337274 0.0
v 3.650397096760571 -7.778791313059628 0.0
v 8.603213561931625 2.0097990054637194 0.0
v 10.037642011069693 -14.37134351581335 0.0
v -2.9447507414151914 -1.3213716205209494 0.0
v -7.05834389384836 14.212610056623816 0.0
v 1.309217651374638 2.713608117774129 0.0
v -5.4397729256306775 -7.683025567792356 0.0
v 4.677714756981004 -0.06684641260653734 0.0
v -3.6791973609942943 -3.4717714823782444 0.0
v 2.3211606320692226 -0.8857385721057653 0.0
v 8.176581556501333 -14.128912337124348 0.0
v 12.068187568685971 -5.037884349003434 0.0
v 10.498100540135056 10.59748422447592 0.0
v 4.82437042996753 13.878333077766001 0.0
v 13.515714298002422 1.775379378348589 0.0
v -12.411087677173782 -10.084039272740483 0.0
v 4.450672103383113 -1.1827833633869886 0.0
v -6.905149715370499 14.199019602499902 0.0
v -12.680341997474898 -12.612585875205696 0.0
v -10.10927516972879 7.045026100240648 0.0
v -14.867189556185622 -13.715679913759232 0.0
v 1.6337391024571843 -3.3956368369981647 0.0
v -7.126211649447214 -0.5498958462849259 0.0
v 14.52666845539352 -7.816984223201871 0.0
v -4.149255697033368 8.204738986678421 0.0
v 7.319956869177986 -13.281387678347528 0.0
v -9.054318417795002 4.650879824534059 0.0
v -7.746433217835147 -8.902487054467201 0.0
v 12.131516448454931 -4.690162725746632 0.0
v 6.033020892180502 1.2059908797964454 0.0
v -2.197280795662664 11.100656499154866 0.0
v -7.248548498842865 -7.395110223442316 0.0
v 5.6808725742739625 12.542085482738912 0.0
v 12.679205811524298 12.63704303279519 0.0
v -9.995681389118545 0.8779188515618443 0.0
v -4.845799846691079 4.413627898320556 0.0
v -5.659789453085978 7.812031287699938 0.0
v 12.603148589842021 0.7606856115162373 0.0
v 4.215736910235137 -9.332396313548088 0.0
v -10.37280699267285 -11.52845794800669 0.0
v -10.775883377005812 5.861977630294859 0.0
v -4.233516120468266 -14.356011088006198 0.0
v 0.6389710639487021 11.571381674148142 0.0
v -13.31782535277307 0.26043896470218897 0.0
v 8.61322564817965 13.056986722163856 0.0
v -10.363911238440778 1.7379200300201774 0.0
v -10.540293694939464 12.78050312679261 0.0
v 11.979926514672115 -5.120156375691295 0.0
v -6.3918776965583675 -12.486158943735063 0.0
v 13.722799508075695 -2.5888428930193186 0.0
v -7.256054583413061 -9.180830725468695 0.0
v 11.089368553599343 -7.907381007447839 0.0
v -9.472058785962872 -14.712427193298936 0.0
v -7.966179398819804 11.560355755500495 0.0
v -3.133370916650165 -13.3573036827147 0.0
v 11.204217609309126 -11.088229375891387 0.0
v -4.303810920799151 -9.586797737516463 0.0
v 12.792015402403194 -4.662657385692 0.0
v -2.564952474378515 -12.995068531483412 0.0
v 1.809374451462645 -9.52591901179403 0.0
v -14.481484178977553 -4.64850177615881 0.0
v 4.021630277391523 9.546576742082834 0.0
v -12.982449464208912 11.004811423830688 0.0
v 6.89871361409314 -5.416292827576399 0.0
v 7.969557718315627 13.542201801203191 0.0
v 7.127296255726833 2.8572874777019024 0.0
v -0.012521014374215156 -4.303094236180186 0.0
v -2.9219741693814285 -9.539979347027838 0.0
v -0.8182561827707104 1.891290039755404 0.0
v -1.7463818797259592 10.097426807507873 0.0
v -6.232964672730304 -14.803574529476464 0.0
v 3.4619230838143267 10.284136921167374 0.0
v 7.189716600696556 8.803889453411102 0.0
v 9.193278669728898 -4.127000251784921 0.0
v -7.604958028881811 0.7163412570953369 0.0
v -4.1057335620280355 14.881501753814518 0.0
v 10.408412367338315 -8.37514607142657 0.0
v 5.164022394281346 8.607557124458253 0.0
v 4.054182088468224 7.496054043062031 0.0
v -5.604101475561038 3.1045731408521533 0.0
v -10.161822595167905 7.024237860925496 0.0
v -1.3771120987948962 -3.9788795355707407 0.0
v -8.999657545529772 4.759104872122407 0.0
v -0.09937367483507842 9.407902579754591 0.0
v 1.069470158952754 0.9383403472602367 0.0
v 5.280974139692262 -9.616717830300331 0.0
v -12.25882864749292 0.6208040118217468 0.0
v -13.613373381609563 -3.757934703491628 0.0
v 13.154224331432488 10.254669369198382 0.0
v -0.7863354904111475 0.276812057942152 0.0
v 12.719893524830695 -1.8774946331977844 0.0
v -10.434794835106004 6.548375373706222 0.0
v 5.236514193820767 10.023054894059896 0.0
v 7.838529104134068 -10.761840260587633 0.0
v -5.987356927944347 0.4892384158447385 0.0
v 13.0002104807063 1.1737460466101766 0.0
v 10.593469132145401 -9.954049097374082 0.0
v -8.968067689740565 3.714527810923755 0.0
v -14.516359895467758 -12.517479374073446 0.0
v 2.1198133442085236 14.447444546967745 0.0
v 4.675459770718589 12.128762176260352 0.0
v -9.368177569820546 4.153856177814305 0.0
v 9.83396545558935 -11.792844497598708 0.0
v -12.63536662288243 4.215853684581816 0.0
v 11.448265247803647 -6.777281532995403 0.0
v -8.996757693879772 4.913384429179132 0.0
v -7.0857711880235 -13.064298246055841 0.0
v 4.34517211309867 7.992881560698152 0.0
v 14.856511567602865 3.367549506947398 0.0
v 14.065217131574173 -12.440132176503539 0.0
v 1.185815775708761 -11.001398146152496 0.0
v -8.825472632190213 -14.312727864831686 0.0
v -3.5212537409970537 -1.6711458517238498 0.0
v 6.501860082615167 12.963079360313714 0.0
v 5.427634191932157 4.173952324315906 0.0
v -5.220938361249864 -4.50251017510891 0.0
v 6.777271037979517 -9.190780570730567 0.0
v 12.933805742068216 0.9484911188483238 0.0
v -8.361151814227924 0.6200818726792932 0.0
v 11.26082687167218 7.0252675246447325 0.0
v -5.895886995072942 -9.175463734194636 0.0
v -0.8191863135434687 -9.563501289114356 0.0
v 1.9781638591666706 10.726607074961066 0.0
v -2.9125663683516905 0.8471767930313945 0.0
v -5.350134679873008 2.7966644503176212 0.0
v 0.5743152149952948 4.2076586447656155 0.0
v -2.195751500374172 -0.9904735265299678 0.0
v 1.8230291423969902 -1.5835718214511871 0.0
v 13.805307938018814 -0.1810632087290287 0.0
v 6.6694649288547225 -7.6357960645109415 0.0
v 9.973633209825493 11.086973658762872 0.0
v -6.4254270758247 8.822253162041306 0.0
v -0.3263266657013446 -3.2810999378561974 0.0
v -13.053600284794811 6.704332011751831 0.0
v 8.831539626815356 8.130028951913118 0.0
v 11.648546680109575 -0.47782462276518345 0.0
v 3.758682456740644 2.1121460208669305 0.0
v -7.801391041488387 6.707337273284793 0.0
v -7.877866622060537 -7.4317027777433395 0.0
v -14.499358779168688 3.3734036814421415 0.0
v 1.528647108701989 4.635445192456245 0.0
v -8.647809923626482 -14.707475782372057 0.0
v 2.1632588309585117 12.412656740285456 0.0
v 5.682899032486603 14.964249363169074 0.0
v 0.20070840168045834 3.459106592461467 0.0
v 10.451645285531413 -3.8107292857021093 0.0
v 10.223452805134002 -7.83473829459399 0.0
v -10.94010005198652 12.852493225596845 0.0
v -3.1510819690302014 -14.102512520737946 0.0
v -1.9940475059556775 1.8881625980138779 0.0
v -2.9400358477723785 9.44690680783242 0.0
v -10.546695982397068 7.965036851353943 0.0
v 8.186236073204782 -5.922233953140676 0.0
v -2.313102624961175 -14.581294341012836 0.0
v 9.549139647919219 -3.471398815512657 0.0
v -5.535091488680337 -5.175689451396465 0.0
v -6.024464083369821 7.348447650671005 0.0
v 0.10918819496873766 -3.1735768606886268 0.0
v 8.951568650547415 -2.04076914396137 0.0
v -10.67790145042818 -3.882865382358432 0.0
v 11.900519396178424 2.9042425639927387 0.0
v 8.970335070975125 -10.938920217566192 0.0
v 0.367666270933114 -12.287968698889017 0.0
v -4.049780411762185 -5.8868418438360095 0.0
v 5.415948019537609 11.251253503374755 0.0
v -5.690365075424779 11.326646371744573 0.0
v 12.173761150042992 7.7820139564573765 0.0
v 1.354921075166203 -7.090410579927266 0.0
v 3.7793902221601456 -1.9455239903181791 0.0
v 8.64908597752219 11.42057366669178 0.0
v 5.746281176689081 0.4180353796109557 0.0
v 1.074647898087278 -13.404667950235307 0.0
v -5.035739877144806 -9.349070150405169 0.0
v -9.233775823027827 -0.834786937572062 0.0
v -11.731167682621162 2.251519277691841 0.0
v -1.4652928191353567 14.913101303391159 0.0
v -8.912451440759469 -9.430953598581254 0.0
v 7.952748684503604 -6.881947134621441 0.0
v 9.685277543554548 -1.1756196189671755 0.0
v 9.560102548217401 0.5024005156010389 0.0
v -3.070067487540655 2.5564248533919454 0.0
v -10.064990762621164 -12.766696013510227 0.0
v -8.731519037566613 6.65603884216398 0.0
v -7.520729314244818 7.067274455912411 0.0
v -13.854774286039174 2.939589163288474 0.0
v -12.837502997077536 -13.51284059137106 0.0
v -2.2598886708146892 1.5604242915287614 0.0
v 1.8885446877102368 0.2560521215200424 0.0
v -10.297493187477812 13.936725546605885 0.0
v 4.404655276564881 3.7297417921945453 0.0
v 3.4105058333370835 -11.944664278998971 0.0
v 7.820912193332333 4.2353028720244765 0.0
v -4.083569100126624 1.9872813718393445 0.0
v -8.861746551527176 -14.321777205914259 0.0
v 1.7323975457111374 2.4432624159380794 0.0
v 5.465738329454325 -6.377852112054825 0.0
v 10.124489394773263 -6.751590520143509 0.0
v 5.310144306626171 -1.5103626335039735 0.0
v 1.907923857390415 -13.531916384585202 0.0
v -8.684582764632069 2.829374300315976 0.0
v 6.4753861326607876 9.673354886472225 0.0
v 7.80855706857983 9.753638863563538 0.0
v -4.235804543772247 -1.5126883378252387 0.0
v -11.497950937540736 -0.6232720306143165 0.0
v 12.16539466008544 -0.9606955386698246 0.0
v -14.621745455719065 1.3032830487936735 0.0
v 14.275607079965994 10.297306191176176 0.0
v -11.13421433052281 -2.6879587220028043 0.0
v -1.5633812844171189 -13.566215930506587 0.0
v 0.5584016893408261 -6.145911058411002 0.0
v -8.154394197685178 -2.743580177426338 0.0
v -8.469143495196477 -8.987857073545456 0.0
v 5.094316289934795 -9.053205876611173 0.0
v -11.506535155349411 0.03235046472400427 0.0
v -3.2552884816541336 4.1851388877257705 0.0
v 6.405448444245849 -3.5726178875193 0.0
v -6.686309285636526 -5.457200797274709 0.0
v 11.112222293508239 -11.811302105896175 0.0
v -13.27420585724758 -9.11841131746769 0.0
v -6.465987472212873 -9.272393988445401 0.0
v 3.5475730634643696 -7.372311992570758 0.0
v 13.548747781955171 7.42309411522001 0.0
v 10.046684536209796 -12.893359462730587 0.0
v 2.0119709106511436 9.664553726091981 0.0
v 6.4310577134019695 11.220853617414832 0.0
v -2.4656644602655433 -8.011986599303782 0.0
v -3.845029382093344 14.380673074163496 0.0
v 7.14436138398014 -2.8598233638331294 0.0
v -5.267164215038065 -2.472503572702408 0.0
v -9.729386822029483 12.046119090169668 0.0
v 12.635552113235462 -12.316716279834509 0.0
v 12.809496463974938 8.401876996271312 0.0
v -4.386241500498727 -3.818668962456286 0.0
v 12.515480139292777 5.400986437685788 0.0
v 3.4524129848578013 -2.6215721843764186 0.0
v 4.389383231522515 -5.042672503739595 0.0
v -7.234898560505826 13.332651983946562 0.0
v -8.538723111443687 10.172766781412065 0.0
v 5.290497749112546 9.543639826588333 0.0
v -14.099518436822109 -3.4077081819996238 0.0
v -5.603474822128192 -3.099441282451153 0.0
v 1.592125691124238 -11.970855810679495 0.0
v -6.048096364596859 -14.808383625000715 0.0
v 12.982308276812546 9.532578960061073 0.0
v 8.232575227040797 8.220389505848289 0.0
v 7.168242589046713 11.13769050873816 0.0
v 10.255613719695248 3.8998460015282035 0.0
v -7.030358484247699 -1.6203132271766663 0.0
v 11.111572752532084 6.6197766698896885 0.0
v 5.010279139562044 -10.660407811403275 0.0
v -1.3437689295387827 14.725295103155077 0.0
v -0.5057737370952964 4.006737090647221 0.0
v -9.635220792959444 -5.263298253528774 0.0
v 14.90645810571732 3.9716415544971824 0.0
v -4.5999179550562985 -4.056504272855818 0.0
v 5.356998651463073 14.568052048794925 0.0
v -10.732879148446955 8.091921526938677 0.0
v 14.341590053227264 -8.376273289322853 0.0
v 10.096762516943272 12.617545791901648 0.0
v 8.37445908196969 -10.62132596038282 0.0
v -5.540452067856677 -1.8506292281672359 0.0
v -3.5497888948302716 13.641721485182643 0.0
v 12.573883538134396 -6.47859569452703 0.0
v -12.369661902193911 -6.479346578940749 0.0
v -9.003526844084263 -4.588690877892077 0.0
v -14.38133632519748 12.035670081153512 0.0
v 5.254037529637571 -4.3551292940974236 0.0
v 10.99655181588605 -13.660343735478818 0.0
v 2.646079426223878 0.6410392997786403 0.0
v 0.9531096344580874 -1.787186173722148 0.0
v -3.6165299477870576 9.210325147025287 0.0
v 0.7226170667563565 -13.284275863319635 0.0
v 0.9711251322878525 -0.2749235723167658 0.0
v -9.9950554324314 -9.172695741057396 0.0
v 5.273725321050733 -4.239270407706499 0.0
v 1.9312675457331352 -9.93830331787467 0.0
v 4.503365290816873 6.642125703394413 0.0
v 13.598693478328642 -0.29818679578602314 0.0
v -12.993478508142289 -0.18033600971102715 0.0
v 14.588652704202104 13.818109212443233 0.0
v -10.851491916750092 -5.363416174426675 0.0
v 1.5769842938170768 0.34280785731971264 0.0
v -4.174887285393197 12.470812885090709 0.0
v 3.11500325857196 1.5671014515683055 0.0
v 4.45124807121465 12.849240321666002 0.0
v 3.340536955220159 12.024885115213692 0.0
v -1.2873669131076895 -6.992938406765461 0.0
v 5.856100730947219 8.038423790596426 0.0
v -14.106443702825345 -14.042212782427669 0.0
v -2.8330301318783313 -13.420762036927044 0.0
v -13.77553833060665 -8.349543510004878 0.0
v 3.4613292242283933 -14.290255257859826 0.0
v -3.229949012515135 -9.565229957923293 0.0
v -6.056355353852268 -1.4169884454458952 0.0
v -14.52017160889227 13.834253859706223 0.0
v 7.466139435884543 11.589616981334984 0.0
v -7.818233849538956 1.9489167975261807 0.0
v -9.687575136020314 12.385493148118258 0.0
v 14.119552246644162 -12.276252920739353 0.0
v -1.0734050800674595 9.036207881756127 0.0
v -5.220504899625666 6.131101017817855 0.0
v 1.45310924743535 -13.466116346418858 0.0
v 7.820142397598829 12.41518834605813 0.0
v 14.516470393398777 -4.076040545478463 0.0
v -14.825247604108881 -7.623259048908949 0.0
v -14.137689433991909 -8.354184670373797 0.0
v -14.475863183382899 -14.241224940866232 0.0
v 2.498446127283387 -11.478420379571617 0.0
v -4.0599144454463385 -1.4559698589146137 0.0
v -1.5904156384640373 8.136361516080797 0.0
v -9.512730188318528 11.63996691443026 0.0
v 6.882301556295715 3.5291142631322145 0.0
v -6.101763164100703 4.183658231981099 0.0
v -3.9614794833469205 11.440705000422895 0.0
v 1.9208679925068282 8.273314445279539 0.0
v 9.909332110953983 -0.9474481325596571 0.0
v 13.384974730724934 -6.784977239556611 0.0
v -7.270085960510187 6.1321875266730785 0.0
v -4.952325053338427 -12.988300299271941 0.0
v 3.3172030989080667 -14.947331668809056 0.0
v 8.579478268045932 2.3304068204015493 0.0
v -3.1116358442232013 -1.1387809105217457 0.0
v 12.255860959063284 -4.169941263273358 0.0
v -1.8999763645697385 9.98526371549815 0.0
v 1.002487505087629 -5.0373165756464005 0.0
v 1.0592710105120204 5.30697195418179 0.0
v -11.863200245425105 11.604715327732265 0.0
v -8.776372233813163 -4.046105846762657 0.0
v -0.6525997630669735 14.633425901643932 0.0
v 4.21736883855192 6.553499653935432 0.0
v 2.757189624826424 8.638766127638519 0.0
v 8.541740496119019 5.052372285164893 0.0
v 8.810650536674075 6.48638357501477 0.0
v 8.966420853044838 -11.816238121129572 0.0
v 13.485747688740958 2.8534770738333464 0.0
v -6.489298372820485 3.1295813834294677 0.0
v 13.922213373763952 3.07318970374763 0.0
v 3.6820704357814975 2.668674511834979 0.0
v 3.985241894493811 9.1799994437024 0.0
v 3.686664973909501 -11.107334602624178 0.0
v -13.368177441938315 7.618558207526803 0.0
v 5.036890894756652 -7.612699057906866 0.0
v -1.7166679289657623 -13.879121903330088 0.0
v 3.979120404983405 7.7760727647691965 0.0
v 12.137933111051098 10.485431157052517 0.0
v 4.3736510063754395 -4.563231172971427 0.0
v -10.100705107848626 -13.851089593023062 0.0
v -14.09860084776301 3.8567259768024087 0.0
v -4.569807222462259 -4.5633332170546055 0.0
v 0.38282955397153273 7.440045244060457 0.0
v 1.8783430044422857 -0.08533993177115917 0.0
v -5.878476283338387 1.2225473066791892 0.0
v -5.874510948371608 7.433977949433029 0.0
v -4.157747819903307 -9.16105757188052 0.0
v -1.2864898745901883 2.393453313037753 0.0
v -12.943082242738456 -4.349268142133951 0.0
v 6.47621332044946 -2.502930703572929 0.0
v -13.69853336532833 -9.823197823949158 0.0
v -10.66642189770937 0.1955394158139825 0.0
v -9.487532189523336 -2.940483018755913 0.0
v -2.449237993452698 -12.072494281455874 0.0
v -12.174748206161894 -3.682938781566918 0.0
v -9.97780664707534 -5.296641542576253 0.0
v 2.58119095582515 14.44879615586251 0.0
v -10.18581263005035 12.02247482072562 0.0
v 5.743127979338169 -3.9398813266307116 0.0
v -1.989727893495001 12.438476953655481 0.0
v 7.199785094708204 -2.9972917810082436 0.0
v -9.340986132156104 -13.367809685878456 0.0
v 3.983589050360024 5.69787422940135 0.0
v -12.54974241508171 -9.852552887052298 0.0
v -3.200049038627185 4.116669160313904 0.0
v 3.0200335614499636 -9.59324751701206 0.0
v -9.88031296536792 12.893726953305304 0.0
v 10.885797111259308 -6.4978071693331 0.0
v 13.341703768935986 0.5990663561969995 0.0
v 7.8528364322846755 6.1193736819550395 0.0
v -1.7287469871807843 0.7905604066327214 0.0
v 13.706855610071216 13.76573052816093 0.0
v 1.0203841148177162 1.7640050239861012 0.0
v -10.634302438702434 8.150625923648477 0.0
v -0.901299708057195 3.177364227361977 0.0
v -1.3760261160205118 -2.1696086386218667 0.0
v -2.852172809129115 8.659389016218483 0.0
v 4.844908719300292 -8.345827081240714 0.0
v -5.028441395785194 9.98216661810875 0.0
v -4.474167596607003 -3.967081220820546 0.0
v 1.3611684027127922 13.094832619652152 0.0
v -7.1973560480983 0.38317755702883005 0.0
v 0.9280501489411108 9.723266971297562 0.0
v -6.948253239563201 5.9784932704642415 0.0
v -6.081550352508202 1.7627581087872386 0.0
v -3.0278371943859383 5.7664546724408865 0.0
v -5.838071515550837 13.49781209975481 0.0
v -11.023350226460025 -6.781186849810183 0.0
v 14.844187390815932 -14.605403425171971 0.0
v 9.82660575240152 5.354485318996012 0.0
v -8.281916834937874 -14.582369096577168 0.0
v 14.346543676336296 11.74182235635817 0.0
v -6.692151054972783 -11.507230896502733 0.0
v -1.4639019486494362 2.0604190239682794 0.0
v 5.907396121299826 -8.02596493717283 0.0
v 13.882559871242847 -8.128642042167485 0.0
v -12.863537700090092 1.2884863475337625 0.0
v 5.3192139594466425 -12.030160004273057 0.0
v -10.23908894957276 3.3223420958966017 0.0
v -2.3692228497820906 -5.554196857847273 0.0
v 6.8167236557928845 9.022874026559293 0.0
v -6.125333944451995 -1.7945016408339143 0.0
v -2.3087343205697834 7.06300209928304 0.0
v -7.016365779854823 4.2650690991431475 0.0
v -12.281072232173756 -7.697198327630758 0.0
v -0.33384140220005065 -8.204803732223809 0.0
v -5.69464541063644 5.620699731633067 0.0
v 6.062498133978806 13.505016799084842 0.0
v 0.47020432399585843 -3.490475154481828 0.0
v -9.955647602153476 -4.866864673793316 0.0
v -10.166679603571538 -13.799364804290235 0.0
v -0.26987251435639337 12.409215008839965 0.0
v 14.119694637251087 13.01057871710509 0.0
v 14.857022904092446 0.09640868566930294 0.0
v 6.508663507935125 -10.423988241702318 0.0
v -10.593117269279901 -3.2853003833442926 0.0
v -2.30488558387151 -12.145589858293533 0.0
v -6.788899629726075 -4.290398267097771 0.0
v -12.280290514871012 5.0708087971434 0.0
v 2.2350407412741333 -2.5096279131248593 0.0
v -6.335316166572738 4.862239696085453 0.0
v 14.837333482864778 -0.5560458851978183 0.0
v 0.2945216631051153 -10.162670948542655 0.0
v -14.065624622104224 -7.584733724594116 0.0
v -4.690386681642849 -12.257244363427162 0.0
v -5.021776941022836 -9.399831771850586 0.0
v -4.96443291840842 1.0108725419268012 0.0
v -0.3336520867305808 -4.734072865918279 0.0
v -4.400185930135194 -14.925106165930629 0.0
v -4.654282706673257 9.690339103341103 0.0
v -13.486269648419693 12.352826252579689 0.0
v -8.07164095673943 0.2740655103698373 0.0
v -8.610634328331798 -7.021940132603049 0.0
v -14.311458092648536 -3.022044594399631 0.0
v -4.087793773156591 -4.266889533959329 0.0
v -8.168800149695016 -14.530078014358878 0.0
v 2.7630658435518853 -4.9815912982448936 0.0
v 10.289221235143486 6.156653080135584 0.0
v -12.471907841274515 -1.3943735687062144 0.0
v 0.16725548828253523 -6.125584070570767 0.0
v 13.421463336213492 -5.519216693006456 0.0
v -1.2198198576807044 4.753227976150811 0.0
v 7.612286637420766 -13.694452054798603 0.0
v -2.4554481374798343 10.897981961257756 0.0
v -11.755109399498906 -8.097805358469486 0.0
v 2.5500652279588394 1.6524275159463286 0.0
v 9.043166549294256 11.189244485460222 0.0
v 8.059927196532954 -12.235056225210428 0.0
v -9.509413399675395 -5.687552900984883 0.0
v -8.91209965053713 12.08004458528012 0.0
v 8.157163890951779 -0.8653681119903922 0.0
v -14.287561884440947 5.079218491911888 0.0
v -12.245823181176092 -12.79512391332537 0.0
v -9.581012028211262 12.380602882243693 0.0
v 3.06299346301239 -1.3876039767637849 0.0
v 9.646494988002814 3.67254944704473 0.0
v -0.18985365133266896 2.0104276882484555 0.0
v 2.551197471213527 13.186250368133187 0.0
v 4.391418416867964 3.174742736853659 0.0
v 12.48758270824328 -12.72356120403856 0.0
v -1.0604774515377358 -6.137672494165599 0.0
v 10.101742630766239 -11.029887970536947 0.0
v -1.04051092203008 5.923021784983575 0.0
v -1.441584210144356 2.6086252881214023 0.0
v 12.585567774542142 8.74737945292145 0.0
v 4.461229876906145 8.831497937440872 0.0
v 0.4612679861020297 -0.5045529445633292 0.0
v 11.433180988417007 -12.308789037168026 0.0
v -2.0502730553853326 -1.207629345357418 0.0
v -5.78321964625502 -2.7313714772462845 0.0
v 8.852838991617318 -7.3567789839580655 0.0
v -4.818605946958996 11.368034682236612 0.0
v -10.944008548452985 -10.972497464157641 0.0
v 6.975816974474583 -9.532359739765525 0.0
v 7.78547239524778 -11.85321949981153 0.0
v 5.638892285292968 3.966390600427985 0.0
v 2.9144482487463392 12.707740779966116 0.0
v 2.057491020997986 -9.433743559755385 0.0
v 3.661646365420893 12.01138424128294 0.0
v 12.730819943419192 10.1919028731063 0.0
v 10.20264776260592 2.17950929235667 0.0
v 5.58224569860613 -9.448401988483965 0.0
v 14.945416011207271 -8.272492658346891 0.0
v -2.5143660771427676 7.593312671408057 0.0
v 8.991919439344201 12.544946650974452 0.0
v 0.7599706522887573 1.9132474223151803 0.0
v -0.6108768722042441 -12.60443861130625 0.0
v 9.628341645293403 9.85680883936584 0.0
v -2.599120810511522 11.998320839367807 0.0
v 1.0170774740399793 1.3113911924883723 0.0
v 6.7485021747415885 -10.532766846939921 0.0
v -3.888407629157882 9.868316170759499 0.0
v 11.376816277159378 2.7592292558401823 0.0
v -10.271606204507407 -14.004534689709544 0.0
v -9.826994658214971 -14.467127650976181 0.0
v -0.8941693946253508 3.486635411158204 0.0
v 8.020377601787914 9.570317624136806 0.0
v -4.315021819667891 -11.980907709337771 0.0
v -3.327134563063737 3.6070705661550164 0.0
v -5.989111642935313 14.893439776264131 0.0
v 14.607077574182767 7.05195308290422 0.0
v -3.9540058757411316 -8.414691973477602 0.0
v -3.697726168727968 2.6493615796789527 0.0
v -6.308123208582401 0.7578571029007435 0.0
v 12.545103386801202 -8.812909239903092 0.0
v 5.0356525253737345 -8.161944304592907 0.0
v -8.45762049802579 -5.133030729368329 0.0
v -12.643656393920537 8.223425878211856 0.0
v 5.906546210171655 8.956853567622602 0.0
v 1.7172620731289499 8.006741357967257 0.0
v -9.001076588814612 0.5591222532093525 0.0
v 7.5401196361053735 -12.9624640122056 0.0
v 3.9872839567251503 12.352874443866313 0.0
v -0.8642260851920582 5.124703561887145 0.0
v -10.790698483760934 -11.559059912338853 0.0
v -9.698467571870424 -7.041358496062458 0.0
v -12.438884148257785 3.125984964892268 0.0
v -13.524020446406212 10.04272087290883 0.0
v -8.985722133831587 1.5663581136614084 0.0
v 5.528161361464299 -14.401963694021106 0.0
v 1.6902496247785166 1.7706603426486254 0.0
v -14.871431523177307 12.762466873042285 0.0
v -2.4168992890045047 5.1513175358995795 0.0
v -8.245430705836043 2.6752109872177243 0.0
v -11.73756393394433 -0.20400974806398153 0.0
v -8.453553405299317 -9.500217233784497 0.0
v -6.7644087100052275 -7.918626987375319 0.0
v -14.359949543664698 -8.396523669362068 0.0
v 10.436392079514917 6.160599200986326 0.0
v 4.575651971390471 -11.255203521810472 0.0
v 3.290987319254782 3.714721504598856 0.0
v -6.696415767422877 -1.7871639085933566 0.0
v 1.6704396245768294 -11.856480690650642 0.0
v 14.758824110031128 1.9073277190327644 0.0
v -9.328665404114872 3.1136154010891914 0.0
v 12.019252542057075 -5.492172192782164 0.0
v -12.549553236865904 14.721589034423232 0.0
v -3.7935285214334726 1.3696625772863626 0.0
v 0.2064537286059931 10.962279891595244 0.0
v 1.1122713385848328 9.13421553838998 0.0
v 9.27554993587546 8.408729080110788 0.0
v 0.7674779371591285 9.277992373332381 0.0
v -1.1746187075041234 13.80775402765721 0.0
v -0.9403465570067056 11.179581448435783 0.0
v 7.874593249463942 2.1775778317824006 0.0
v 7.533654897881206 -9.568766572512686 0.0
v 0.6003358646994457 7.385756089352071 0.0
v 8.364991444745101 -0.4844397511333227 0.0
v 1.9512860184186138 12.465349012054503 0.0
v -1.8638048540451564 -6.218654498457909 0.0
v 13.825645555742085 -11.298281745053828 0.0
v 2.277311990968883 11.293114483356476 0.0
v -2.49140269740019 0.1587492534890771 0.0
v -9.440132877673022 0.3996198736131191 0.0
v 13.296178733347915 -2.9758658250793815 0.0
v 6.573926766286604 2.5493958946317434 0.0
v -2.7576935809338465 -13.134342262521386 0.0
v -13.90069357882021 6.123357938602567 0.0
v -8.839103856880683 10.607987133786082 0.0
v -12.90080977306934 -0.5809622025117278 0.0
v -4.630266343767289 3.0512913623824716 0.0
v -4.636570859816857 0.2624092362821102 0.0
v 8.92774366546655 -5.742946674115956 0.0
v -10.494273740856443 13.718380911275744 0.0
v -0.7402367068571039 -6.573421956971288 0.0
v 0.20085069007473066 3.704605576582253 0.0
v 14.0593823355739 6.018173740245402 0.0
v 2.92450888507301 -6.688424967229366 0.0
v -3.6014823845471255 -4.190085017122328 0.0
v -0.48887950635980815 -0.6753242705017328 0.0
v 4.502810885023791 -6.322954310104251 0.0
v 5.87883249373408 -3.047021475620568 0.0
v -9.923549876490142 -7.3331334833055735 0.0
v -10.603171727096196 14.290067445486784 0.0
v -9.211594479216728 3.10406862385571 0.0
v 1.8868513594497927 -1.6829965179786086 0.0
v -0.8734450727934018 1.8783630793914199 0.0
v 13.111747585062403 -14.429844352416694 0.0
v -13.256863820599392 -1.1761031989008188 0.0
v 7.579587867017835 -6.5526202311739326 0.0
v -13.379266426258255 0.2608114993199706 0.0
v -4.112398569996003 7.399878794327378 0.0
v -2.0496917475247756 9.52508321031928 0.0
v 14.601920914079528 -9.656211803667247 0.0
v 10.003207333036698 -8.011284147389233 0.0
v -14.893190076050814 2.119522119872272 0.0
v -0.8570007490343414 8.816128235310316 0.0
v -8.031538666167762 -6.523800164461136 0.0
v 3.105665775248781 5.8440135000273585 0.0
v 11.67031708167633 0.07714344374835491 0.0
v 2.503651888517197 -5.415556098334491 0.0
v -4.861191218951717 -10.82744536921382 0.0
v -10.749800441903062 -2.606125770136714 0.0
v 0.03192802466219291 -0.07261135429143906 0.0
v 13.504877944476902 -8.416543912142515 0.0
v -0.9913418286596425 9.509178364649415 0.0
v -6.765187471930403 12.393596885725856 0.0
v -12.282747202902101 5.137263713404536 0.0
v -4.889815281669144 -10.383243042044342 0.0
v 14.731492530670948 8.334330894984305 0.0
v -10.988061403448228 -1.414411316625774 0.0
v 3.589791400299873 0.5958989858627319 0.0
v -13.602650771907065 3.484210348688066 0.0
v 5.245002102397848 6.266610813327134 0.0
v 14.29330217774259 14.911842596717179 0.0
v -1.2198859837953933 -14.554490746930242 0.0
v 6.20148150267778 4.978068094700575 0.0
v 12.828904625202995 2.9992514764890075 0.0
v 13.941755309060682 7.074148630723357 0.0
v -3.0117690202896483 -10.356608230620623 0.0
v 3.022836007119622 1.9883905006572604 0.0
v 6.012092283170205 9.200474885292351 0.0
v -8.542128265427891 -12.31825041025877 0.0
v 6.791807372297626 -12.551184794865549 0.0
v -12.175340011599474 11.108393887989223 0.0
v -8.710413173830602 6.155727648176253 0.0
v -0.9690264775999822 3.326678748242557 0.0
v -3.1764566975762136 -8.572844711132348 0.0
v 3.2694220555131324 8.20069160219282 0.0
v -10.400590422737878 -13.418188353069127 0.0
v 4.442024928634055 -12.429849767126143 0.0
v 14.49804066750221 8.777752115391195 0.0
v 3.761705541226547 -13.124939215369523 0.0
v 2.290595000376925 4.681366993114352 0.0
v -8.714390433975495 14.431218515150249 0.0
v 10.798422718886286 -14.532540237531066 0.0
v -8.691533565870486 13.381788161583245 0.0
v -14.616211177781224 1.6548780128359795 0.0
v 3.085053240414709 -7.378599622286856 0.0
v -10.455549187026918 -11.297483574599028 0.0
v 3.9070609601330943 7.564516359940171 0.0
v 12.455635274061933 -1.3085338547825813 0.0
v -5.488686109194532 12.573501152917743 0.0
v 1.1441416782326996 7.659761298447847 0.0
v 5.616721206402872 -11.017215381376445 0.0
v 13.100064858968835 8.000683984719217 0.0
v -14.08227595052449 5.439209965057671 0.0
v -7.483301390951965 4.3490821700543165 0.0
v 9.184337507351302 -11.914759411476552 0.0
v 7.253400870307814 -2.475688482634723 0.0
v -6.830345153866801 9.534705884754658 0.0
v -6.412261221325025 -1.7531567215919495 0.0
v 0.7956664437078871 12.416290960274637 0.0
v -1.4271634203614667 -7.356564844958484 0.0
v -6.9389669224619865 -11.347181995399296 0.0
v 6.8249873869353905 5.48488096985966 0.0
v -12.875808357319329 -13.893222842365503 0.0
v -10.284677535877563 -12.270771618001163 0.0
v 10.42064441362163 -13.001748808659613 0.0
v 4.761154976557009 12.709322145208716 0.0
v 9.265486676478758 -6.948955989442766 0.0
v -6.262479793978855 -13.578040873631835 0.0
v 8.460102580487728 11.746146972291172 0.0
v -14.947048980102409 -8.748754627071321 0.0
v -5.619297039811499 -10.079720767214894 0.0
v 4.13853664213093 -4.30677455663681 0.0
v 10.620035571046174 -4.862123498693109 0.0
v -10.522041829361115 8.850100619718432 0.0
v -3.368901511305012 14.718995776958764 0.0
v -8.481000150146428 -14.811105693690479 0.0
v 7.2889428625348955 -13.522834691219032 0.0
v -0.22911392169771716 10.721795028075576 0.0
v 10.427998302388005 11.031845090910792 0.0
v 7.440696806879714 -8.255998888053 0.0
v -8.535262130724732 4.532565391622484 0.0
v 0.9938990609371103 10.999814600683749 0.0
v -1.2271811562823132 4.007158875465393 0.0
v -13.571512667636853 14.927779467776418 0.0
v -0.6032228547264822 2.355657967738807 0.0
v -1.4600310403038748 -4.457969542592764 0.0
v 2.114465805643704 -12.785666193813086 0.0
v -7.455375448160339 13.920469985343516 0.0
v 10.881945197819732 -0.565803749486804 0.0
v 1.8009455445571803 0.811741785146296 0.0
v 2.6624730965704657 -14.014240145683289 0.0
v -2.2269617286510766 -2.6173517471179366 0.0
v 13.014208554872312 13.023406242020428 0.0
v 12.017140764277428 6.822170529514551 0.0
v 11.149469872703776 -4.501271502114832 0.0
v -5.466673121962231 -5.97609197255224 0.0
v 3.442357284773607 10.171626041643322 0.0
v 10.47274112177547 -4.075808948837221 0.0
v -14.354056709969882 8.958168388344347 0.0
v 2.071512582420837 -5.349608859047294 0.0
v 13.925612237304449 14.806333894841373 0.0
v -12.595523426192813 -12.225748081691563 0.0
v -14.916778175218496 -1.049802820198238 0.0
v 10.8159570604912 -11.333631433546543 0.0
v -1.9796109983581118 3.339220017194748 0.0
v -5.191656043753028 6.379094353877008 0.0
v 14.17892588779796 2.3199649304151535 0.0
v -9.068702634016518 -3.089416361413896 0.0
v 14.795405825076159 -3.3613117625936866 0.0
v 4.4778481856919825 5.744013876654208 0.0
v 6.834845341742039 5.430872664786875 0.0
v 11.351636317791417 3.7608014717698097 0.0
v -7.637047008436639 -13.397551959380507 0.0
v 11.31016697618179 -11.392326331697404 0.0
v 14.011732043058146 -4.1700462298467755 0.0
v 5.832115837431047 -4.9702533250674605 0.0
v -8.619672319269739 -3.804674008861184 0.0
v 2.267011172894854 2.091354912146926 0.0
v 11.180358124140184 2.3983254320919514 0.0
v 1.3465973319252953 -14.690470707602799 0.0
v -2.488320476724766 1.259299686178565 0.0
v -8.41997807828011 4.145504452288151 0.0
v 1.0385031180339865 1.5078464392572641 0.0
v -9.35793133021798 -6.082735953852534 0.0
v -1.033062006928958 4.602582568302751 0.0
v 8.065766939427704 0.9491755412891507 0.0
v 11.022014395159204 4.632993422448635 0.0
v 11.148918546445202 -0.5507345767691731 0.0
v -12.499952788290102 -2.652402874082327 0.0
v -1.3565950986812823 -14.32834242284298 0.0
v -4.106033708434552 14.29770839959383 0.0
v -2.467639537877403 -11.363755777478218 0.0
v -4.489580408728216 -4.25910288374871 0.0
v 9.428873778379057 -3.7798600681126118 0.0
v 9.89225687814178 -6.860222511924803 0.0
v -13.871013796364423 -7.0383589612320065 0.0
v -6.856811404344626 -6.805220669135451 0.0
v -5.063622644345742 12.513498982414603 0.0
v -2.914530861249659 -5.100408120080829 0.0
v -6.952329108957201 10.287477294914424 0.0
v 14.36468481796328 1.599813093431294 0.0
v -6.228941984998528 13.89603064302355 0.0
v -7.597258340159897 8.393418335355818 0.0
v 12.651743741706014 5.986601168289781 0.0
v 10.302458305843174 -9.884779000654817 0.0
v -8.67173615883803 -9.62556288484484 0.0
v 9.772414374689106 11.765576096251607 0.0
v 13.795557902369183 0.9635120015591383 0.0
v -4.689586899476126 9.707614989951253 0.0
v -3.7307423342135735 -8.405363616533577 0.0
v -6.291324189456645 -7.735393242910504 0.0
v -1.9040474078501575 14.805855395272374 0.0
v 12.601762630569283 3.3941437462344766 0.0
v 6.275087681540754 7.267430912703276 0.0
v -1.043428311124444 -11.8533677412197 0.0
v -1.9130237521021627 8.065855360589921 0.0
v -13.968542098940816 -9.729195171967149 0.0
v -7.291423807444517 -14.314045599661767 0.0
v -8.43154461227823 -10.445072582922876 0.0
v 4.5849425158812664 -13.248798726126552 0.0
v -8.155717862828169 10.350239965133369 0.0
v -3.1444517674390227 5.012646311894059 0.0
v -4.435099481022917 -11.712305872701108 0.0
v -13.762312676408328 10.048918491229415 0.0
v -3.129944159183651 -4.178387127816677 0.0
v 4.941765114432201 13.851031083613634 0.0
v -13.112534329411574 14.151312440633774 0.0
v -6.728415656078141 -11.070992255583405 0.0
v -9.360302743676584 14.963181491009891 0.0
v 4.036514615872875 10.853598141111434 0.0
v -2.567231146793347 -2.652152007445693 0.0
v -12.010923831607215 11.119447316974401 0.0
v -7.697150742635131 4.752661449834704 0.0
v -6.88533527351683 -10.260656890459359 0.0
v 1.3666327283717692 -4.929529584944248 0.0
v -3.321947526477743 -5.888127651065588 0.0
v -12.944356884167064 -13.30156566761434 0.0
v 13.051136365276761 14.717470420524478 0.0
v -4.15669032803271 -1.6173786697909236 0.0
v -0.8761843838146888 -14.112263477407396 0.0
v 7.638411203050055 -0.7983318055048585 0.0
v -13.633889409364201 -7.4573565647006035 0.0
v -8.43224784458289 7.5764377899467945 0.0
v 14.939666077203583 14.77607339899987 0.0
v 12.19941419432871 -8.142002198845148 0.0
v -12.38972474145703 8.68847060855478 0.0
v -1.8889246337930672 0.33887172769755125 0.0
v -12.891010196821298 -5.915483041666448 0.0
v -7.500850406649988 0.3451185654848814 0.0
v 8.468093476316426 11.156341605819762 0.0
v -5.286185871285852 5.707266855984926 0.0
v 1.4374089666525833 -8.830296128056943 0.0
v -7.380677118431777 -4.982567276805639 0.0
v 11.1245531932218 0.5352711621671915 0.0
v 14.671355368802324 -6.179722293280065 0.0
v 12.44834618124878 7.002063432708383 0.0
v -11.967123299953528 14.79791098460555 0.0
v -14.358965492574498 9.81856667343527 0.0
v -14.650040065811481 0.8418936058878899 0.0
v -9.875070615904406 12.125623650848866 0.0
v -12.857224542705808 13.62260651960969 0.0
v 5.6499518027412705 14.383374138735235 0.0
v 0.8438266066368669 -11.7606097785756 0.0
v -7.041454129561316 11.759703123942018 0.0
v -4.096847210312262 8.536269915290177 0.0
v -1.167238672845997 -0.8735901722684503 0.0
v 10.523290657496545 0.8317407527938485 0.0
v 13.242584189749323 7.287063734605908 0.0
v -10.530753345636185 -4.854310732334852 0.0
v -14.520720868371427 0.1751844398677349 0.0
v 8.296200954995584 -4.552065722644329 0.0
v 2.1007960112183355 3.2889707013964653 0.0
v -5.888532347744331 -0.6632501743733883 0.0
v 6.76858855370665 13.895665164105594 0.0
v -14.723373534507118 -7.706801492720842 0.0
v 4.672154650324956 -6.62167389690876 0.0
v -0.7678169536520727 3.016707742586732 0.0
v 9.152201329823583 -1.1537949368357658 0.0
v -3.6717965544667095 1.2693239143118262 0.0
v -6.699677406926639 8.861215762794018 0.0
v 2.021590391173959 11.11319986730814 0.0
v 3.312841226463206 -1.5562096247449517 0.0
v -11.267180158291012 -7.954302724450827 0.0
v 8.637831159983762 -5.771512207575142 0.0
v -4.70359067915706 -7.315771020017564 0.0
v -7.575085276446771 -12.978385875932872 0.0
v -5.953750022221357 13.40792739763856 0.0
v 6.493424420594238 2.767046980559826 0.0
v 8.445573024917394 8.80474565923214 0.0
v 9.423956421436742 -6.307449885644019 0.0
v -6.7230002754949965 -4.784058450721204 0.0
v -9.905863924650475 2.0923586981371045 0.0
v 12.50727484584786 -6.6151304710656404 0.0
v 0.0979749154066667 -13.262214452028275 0.0
v 0.822754081513267 -11.295164479874074 0.0
v 0.9467759482795373 -11.750200887210667 0.0
v -12.598507911199704 -4.483472011983395 0.0
v 6.366145821521059 11.541684804484248 0.0
v -10.800430842558853 7.08284261263907 0.0
v -7.443681798235048 -11.705808360129595 0.0
v -14.770280659548007 11.474897077307105 0.0
v 7.766092199308332 10.499761233106256 0.0
v -8.631205417739693 9.830129051581025 0.0
v -1.595949004869908 -5.75657136272639 0.0
v -4.630954132706393 -14.275996563024819 0.0
v 14.796229936939199 -8.283424383960664 0.0
v 6.855262316938024 11.972651329822838 0.0
v 8.936499143368565 -10.507036576978862 0.0
v 14.329265799548011 2.3509192252531648 0.0
v -2.0840914284344763 11.665529737249017 0.0
v -4.255220915132668 7.150399362668395 0.0
v 6.412745688750874 -3.4043744495138526 0.0
v -6.538076449476648 -8.170600853860378 0.0
v 12.104074150207452 -2.2915000868961215 0.0
v 2.510874814412091 -4.521975228562951 0.0
v 2.471508410817478 -1.2237407807260752 0.0
v 14.933206575282384 -14.67303690686822 0.0
v -3.663035614939872 -10.543951578438282 0.0
v -11.070420397853013 11.317359154112637 0.0
v -12.884465693496168 12.81374317035079 0.0
v 1.1393257445888594 -8.88444051053375 0.0
v 7.81382741080597 6.614539003930986 0.0
v -8.975398836832028 1.5768978940322995 0.0
v -6.1196713848621584 1.9660914270207286 0.0
v 1.183074503147509 -3.8758353777229786 0.0
v 10.213518122036476 -8.246938123367727 0.0
v -13.683372900006361 6.852166445925832 0.0
v -4.626410955621395 5.7642478458583355 0.0
v 7.906409943127073 14.603088556788862 0.0
v -5.168871297501028 8.76438775099814 0.0
v -6.191310607769992 -13.712375413626432 0.0
v 2.4183135862695053 -10.17412861995399 0.0
v 6.289182955573779 5.5818121414631605 0.0
v -5.633129772730172 11.982987746596336 0.0
v 0.11716550018172711 -13.544844532385468 0.0
v 7.415965344349388 4.056695165112615 0.0
v 10.027154546580277 1.6306406566873193 0.0
v 13.552740024635568 4.657173225656152 0.0
v 5.134018921817187 -11.69954750686884 0.0
v -11.79031608212972 9.298283709213138 0.0
v -2.9575696586980484 2.3446461455896497 0.0
v 3.049809615360573 -9.418145202100277 0.0
v 6.648465445148759 -0.3364898478612304 0.0
v 12.597559015499428 -7.533806709572673 0.0
v -4.162395154999103 -2.4778107088059187 0.0
v 1.9014879694441333 2.353622132912278 0.0
v 14.199126242485363 1.2904215026646852 0.0
v 1.3955183466314338 -9.396308260969818 0.0
v -12.732262131059542 4.010794681496918 0.0
v 8.357434662757441 -2.963501373305917 0.0
v -6.6874917494133115 -3.065414127893746 0.0
v -10.253198650549166 -4.6845595594495535 0.0
v 6.38079667679267 14.634434949606657 0.0
v 8.199706547020469 1.1223526671528816 0.0
v -14.851962553453632 -14.387384731322527 0.0
v 4.057836050109472 14.742351944558322 0.0
v -1.4337257265578955 1.4656799724325538 0.0
v -1.8136728280223906 -8.442138580605388 0.0
v -6.951361915213056 -13.316581374034286 0.0
v 11.737893892044667 11.827043499797583 0.0
v 3.663955914147664 -14.387683859094977 0.0
v -7.085809881333262 2.1614627204835415 0.0
v -14.19454148155637 -5.20333641115576 0.0
v 6.928534572711214 -10.862670912407339 0.0
v -2.9041751216282137 14.078542510047555 0.0
v 5.740962558949832 -8.340710344724357 0.0
v 12.107423372508492 -0.3641584822908044 0.0
v -0.38173824280966073 0.4918818809092045 0.0
v 7.489741914963815 -8.793787104077637 0.0
v -11.818259602820035 2.013581749983132 0.0
v 6.154508188541513 14.455371585674584 0.0
v -10.536049197020475 1.1423853654414415 0.0
v 8.473783890483901 -14.570163673721254 0.0
v 7.927044789888896 -2.745003488846123 0.0
v 3.527604906994384 -4.505125184543431 0.0
v -5.807896767568309 -8.731301651336253 0.0
v 14.243797803588677 13.851922476664186 0.0
v 4.159791296115145 -11.869102000258863 0.0
v 13.724420841084793 -0.39416626282036304 0.0
v 0.47024629183579236 14.545936401933432 0.0
v 14.146073039039038 -2.277313116006553 0.0
v 2.7868237665388733 5.965586274862289 0.0
v -8.926773187762592 8.48990447819233 0.0
v 0.7921159042743966 9.282349628396332 0.0
v 14.591709510656074 11.396318146958947 0.0
v 8.785978095431346 14.1252176836133 0.0
v 2.7726866378216073 -13.714781124144793 0.0
v -9.237511164159514 11.760556310415268 0.0
v -0.5707128238864243 8.479624688625336 0.0
v -11.054040095827077 6.0453208880499005 0.0
v 7.989550198602956 6.695467049255967 0.0
v -9.471247606677935 1.2270867619663477 0.0
v -12.559273869905155 1.744501831009984 0.0
v -6.922901686397381 13.672332747839391 0.0
v 5.724748388980515 -1.0607168776914477 0.0
v 13.20265282067703 -3.9641306856647134 0.0
v -6.1191020154510625 -3.8016193257644773 0.0
v -0.9622694479185157 14.696711123920977 0.0
v -10.360191651852801 0.14105138555169106 0.0
v -12.946065366559196 -9.06987239047885 0.0
v -9.003559224365745 -6.257839228026569 0.0
v -9.435146538366098 -0.48042996414005756 0.0
v -4.2721449509845115 -2.391054875217378 0.0
v 12.903234584373422 -7.54354636464268 0.0
v -10.846597915922757 -13.405912948772311 0.0
v -12.250354210380465 -12.945365080609918 0.0
v 12.741274822037667 12.4294717265293 0.0
v -3.6503235294367187 11.303733268752694 0.0
v -14.834199804987293 0.141589785926044 0.0
v 2.1116474349983037 2.6440912717953324 0.0
v -8.537487381370738 3.4226006409153342 0.0
v 10.968244925839826 13.395838677883148 0.0
v -5.588354998268187 -2.50633691996336 0.0
v -0.35631031094817445 13.894810715690255 0.0
v -4.7536073726951145 -6.636032436974347 0.0
v 8.712090969493147 5.5029231226071715 0.0
v -4.948962819587905 6.234105192124844 0.0
v -1.9354714666260406 -6.245749117806554 0.0
v 8.092671875027008 -8.857461945153773 0.0
v -4.246139594120905 -9.576970628462732 0.0
v 6.081224405847024 -6.74510211776942 0.0
v 10.976414248289075 -10.554611482657492 0.0
v 11.213020681694616 8.955308485776186 0.0
v 3.4173414655961096 5.512958007864654 0.0
v 2.996355620736722 5.3748651798814535 0.0
v 5.977460503287148 -5.189715828746557 0.0
v -6.876119946537074 13.260673428885639 0.0
v 11.198754668061156 8.471563382074237 0.0
v 11.658176184108015 -6.870513595640659 0.0
v -8.61641234025592 -10.552985614165664 0.0
v 5.867387047037482 1.206402906216681 0.0
v 1.0520305536920205 -1.400467125698924 0.0
v 7.262020050897263 11.869074468500912 0.0
v -13.59360622917302 -0.32074641436338425 0.0
v 2.3469302800949663 8.522752611897886 0.0
v -0.5582323163398542 6.278244774788618 0.0
v 2.8738860248122364 5.828902816399932 0.0
v -1.9623423947487026 -1.256743154488504 0.0
v 1.595655795536004 -14.804113899357617 0.0
v -2.792329165909905 4.608772170729935 0.0
v -10.022155111306347 4.511461294256151 0.0
v 2.560828185931314 -13.636331739835441 0.0
v -12.879781165043823 0.5455909473821521 0.0
v -10.118242104828823 6.809649357572198 0.0
v 0.3091045406763442 12.815756908617914 0.0
v -12.094542517908849 11.16009472310543 0.0
v 2.3198806684231386 10.367935796268284 0.0
v 2.250778811168857 10.481692044995725 0.0
v -11.307825876225252 -9.979402100667357 0.0
v -0.21527787175728008 -6.231195694766939 0.0
v -6.095614464080427 14.618784124962986 0.0
v 11.686124003434088 -1.149350925348699 0.0
v -2.900322539557237 -12.880904014222324 0.0
v 1.39681631809799 -14.539262031204998 0.0
v 4.395177934959065 6.284291762858629 0.0
v 5.8500036095501855 -13.12036530021578 0.0
v -4.727478741726372 -3.6336207389831543 0.0
v 11.727866067027207 11.97405962087214 0.0
v 0.900437351258006 -8.624044993892312 0.0
v -4.779474828392267 -4.7433580700308084 0.0
v 10.997068041586317 -10.746370597742498 0.0
v -12.159314530377742 5.495560826733708 0.0
v 8.757019625103567 -12.714691628701985 0.0
v -3.387096331745852 -12.93648210261017 0.0
v 3.7513493858859874 7.7010051952674985 0.0
v -7.391111453878693 5.977167312987149 0.0
v -5.581065076868981 -2.3136451337486506 0.0
v -7.728898417786695 -10.634467313066125 0.0
v -12.181368237710558 12.714356791228056 0.0
v 5.5790493646636605 -3.598210291005671 0.0
v 4.03884143079631 -2.778354663401842 0.0
v 10.353595871361904 7.430467247031629 0.0
v 6.455971121438779 11.333478490822017 0.0
v 6.303350086847786 -6.716585482470691 0.0
v -9.453751958732028 4.322333592921495 0.0
v -8.09384989948012 -12.36477081477642 0.0
v 4.832116509671323 -8.288802972994745 0.0
v 1.0934130452224053 5.420471448451281 0.0
v 14.523061055224389 -7.580404574982822 0.0
v 3.9760821943636984 13.117682603187859 0.0
v -10.372893214225769 -11.211351920850575 0.0
v -9.805235966283362 1.4965392090380192 0.0
v 10.181973168684635 -0.7390047684311867 0.0
v -3.9779620164772496 -2.7947556963190436 0.0
v 8.384858516801614 1.0420893458649516 0.0
v -6.8590010682237335 13.32750491425395 0.0
v 7.222012025536969 -6.798477588221431 0.0
v 7.008420460857451 -12.663483088836074 0.0
v 12.05382161255693 -3.9944425774738193 0.0
v -6.405597429780755 7.26683447137475 0.0
v 7.7302468731068075 -14.71510870847851 0.0
v 7.313383078726474 0.3706945115700364 0.0
v -11.319928747834638 12.219769088551402 0.0
v -13.076834614970721 0.5888772746548057 0.0
v -5.450664671079721 -11.282491049729288 0.0
v 12.875427988765296 13.77880257088691 0.0
v -12.288411236659158 5.696671122685075 0.0
v -14.225815607816912 -13.087722229771316 0.0
v 4.806304033496417 8.950170492753386 0.0
v 6.096674382279161 4.2805598406121135 0.0
v -10.430100951052736 12.372526348568499 0.0
v 6.984656818269286 0.7122101979330182 0.0
v 4.986358098743949 -8.78187970817089 0.0
v -8.135146623186301 2.293788387440145 0.0
v -6.149456987739541 -12.80504835397005 0.0
v -3.2932724936981685 -4.505215151235461 0.0
v 9.68609489267692 13.821511278860271 0.0
v -13.234261750534642 -1.83221644628793 0.0
v -4.944133780198172 -13.180539197288454 0.0
v -12.956502731714863 12.061545587144792 0.0
v 9.925455262535252 8.587435913272202 0.0
v -12.434494838584214 1.2881679870188236 0.0
v -14.824315780657344 4.499388336203992 0.0
v -12.686222355579957 -4.908490696921945 0.0
v 6.757735854422208 -2.4468322843313217 0.0
v -9.558244409912731 13.354903796687722 0.0
v -3.177183171734214 10.26413797866553 0.0
v -14.500407000537962 -8.127133948728442 0.0
v 14.836471249349415 0.07559441402554512 0.0
v 2.8412410819437355 -1.3632314382120967 0.0
v 0.1948812297778204 7.7747334986925125 0.0
v -0.18178776325657964 7.8927552830427885 0.0
v 0.25213066121796146 -6.817823596298695 0.0
v -4.924480818503071 14.293083765543997 0.0
v 12.647875477327034 6.334349448792636 0.0
v -9.545118988084141 2.9834332559257746 0.0
v 2.098577738273889 -5.046935558319092 0.0
v 10.9885444008396 -0.3960652891546488 0.0
v -4.698250525922049 0.3830942176282406 0.0
v 0.2588963752496056 12.437387633137405 0.0
f 1714 1193 200
f 863 1429 200
f 1429 1787 200
f 368 187 1633
f 692 187 703
f 187 796 1633
f 1551 1083 355
f 451 1843 319
f 1843 895 319
f 748 895 402
f 895 1843 402
f 368 1879 187
f 1380 475 1633
f 475 368 1633
f 475 1978 1525
f 1978 475 1380
f 1600 692 143
f 692 1600 187
f 1600 796 187
f 519 1380 1633
f 796 519 1633
f 265 689 1234
f 681 863 200
f 1368 681 200
f 1725 1949 1429
f 491 1725 1429
f 1530 1429 1776
f 1530 1776 1197
f 245 375 223
f 1572 748 580
f 1572 895 748
f 895 811 319
f 717 493 1909
f 493 717 237
f 631 692 703
f 713 1978 1380
f 1978 713 345
f 713 1027 345
f 1833 796 719
f 1833 519 796
f 723 291 546
f 639 1381 390
f 1447 914 1546
f 83 424 1307
f 1494 34 721
f 395 1494 721
f 395 705 677
f 1413 1212 1540
f 1190 623 1489
f 1190 1489 1868
f 1115 1190 1868
f 1115 1826 1083
f 539 1826 1115
f 1551 176 1714
f 1678 186 200
f 1671 1637 954
f 1480 1671 200
f 1429 963 1776
f 1949 963 1429
f 891 1429 863
f 891 491 1429
f 997 951 1482
f 748 377 580
f 377 375 245
f 1207 1572 580
f 1572 1207 895
f 1429 562 1787
f 1530 562 1429
f 707 1530 1197
f 1530 707 415
f 39 707 1197
f 1238 55 223
f 55 1238 619
f 1335 193 1787
f 942 811 895
f 942 1207 1595
f 1207 942 895
f 308 451 319
f 811 308 319
f 531 308 811
f 1964 15 1913
f 1978 119 1525
f 981 1088 994
f 493 1088 1375
f 1088 981 1375
f 1093 237 1282
f 1093 493 237
f 1093 1088 493
f 1650 717 1909
f 1179 713 1380
f 713 1179 1027
f 1179 482 1027
f 519 1179 1380
f 1687 1600 143
f 675 209 1297
f 1833 1000 519
f 482 1000 1833
f 1000 1179 519
f 1179 1000 482
f 363 1593 497
f 1742 945 1880
f 363 684 362
f 684 363 497
f 1375 684 497
f 1600 1244 796
f 1066 1736 499
f 1499 1066 499
f 819 1209 226
f 1736 373 499
f 373 759 499
f 759 373 1029
f 1717 1499 499
f 759 1717 499
f 1717 1651 1499
f 1209 1902 226
f 58 1564 170
f 1556 574 1007
f 1156 1095 369
f 352 1180 1416
f 453 1705 1795
f 1993 603 1107
f 1564 1165 170
f 1165 1564 61
f 1590 54 545
f 54 1165 61
f 680 574 1061
f 574 680 1007
f 1564 680 61
f 732 136 784
f 136 732 1622
f 912 1774 1407
f 912 166 1774
f 912 1920 289
f 453 1374 289
f 1374 453 1006
f 1374 912 289
f 912 1374 166
f 1669 639 390
f 539 1850 384
f 1850 539 1115
f 818 1629 448
f 818 139 1629
f 1336 359 154
f 1447 1513 914
f 1760 411 1597
f 1509 411 1760
f 424 1741 1013
f 1741 424 83
f 1427 1807 16
f 797 628 1137
f 1155 83 1307
f 1422 742 1970
f 742 594 1970
f 1309 1925 821
f 1925 1309 248
f 1972 395 677
f 847 1884 1489
f 847 1489 394
f 1306 847 394
f 1838 1029 1540
f 208 1838 1008
f 1838 759 1029
f 759 1838 208
f 1221 729 1212
f 1502 1005 824
f 1005 1502 705
f 1015 1682 1115
f 1190 1682 623
f 1682 1190 1115
f 1303 1826 539
f 176 1219 1714
f 1219 1855 1714
f 1219 1338 1855
f 1069 145 1341
f 145 1069 1944
f 853 1957 1069
f 1069 1957 1944
f 1610 853 1069
f 1497 1530 415
f 323 1497 415
f 1497 323 206
f 1530 1497 619
f 55 1497 206
f 1497 55 619
f 197 323 415
f 1451 197 415
f 197 1451 123
f 787 1610 1889
f 1610 787 853
f 681 1851 863
f 1820 520 701
f 520 1820 424
f 1779 1671 1480
f 1671 1779 1637
f 1360 1368 200
f 186 1360 200
f 1678 1817 954
f 1817 1671 954
f 1817 1678 200
f 1671 1817 200
f 242 748 402
f 1961 242 402
f 1776 671 1197
f 963 671 1776
f 324 1949 1725
f 515 676 1482
f 676 515 1044
f 1814 902 1715
f 997 47 951
f 121 748 1787
f 193 121 1787
f 180 377 245
f 377 180 580
f 180 1207 580
f 625 1530 619
f 625 562 1530
f 1238 625 619
f 625 1238 562
f 375 1049 223
f 562 1049 375
f 1049 1238 223
f 1238 1049 562
f 694 562 375
f 694 375 193
f 1335 694 193
f 562 694 1787
f 694 1335 1787
f 1162 531 811
f 1162 942 1595
f 942 1162 811
f 1879 218 187
f 1740 1879 368
f 1740 218 1879
f 218 1740 890
f 985 255 172
f 1934 981 994
f 1182 1010 1375
f 237 1660 1282
f 717 1552 237
f 557 1552 717
f 1552 1660 237
f 1660 1552 557
f 1148 998 1282
f 1660 1148 1282
f 28 1685 420
f 1710 557 717
f 1710 1660 557
f 1148 1710 21
f 1710 1148 1660
f 1027 249 345
f 1385 119 1978
f 649 1220 498
f 1687 340 1297
f 340 675 1297
f 340 1687 143
f 675 243 575
f 1246 1825 497
f 1968 142 846
f 1038 1968 846
f 960 631 1825
f 882 773 287
f 1440 1875 362
f 1566 1357 1308
f 1566 1440 1357
f 1566 1875 1440
f 759 1827 583
f 1827 759 208
f 1322 507 1736
f 699 819 1097
f 819 699 1209
f 1029 1516 1540
f 373 1516 1029
f 1516 1413 1540
f 1413 1516 226
f 1516 819 226
f 1516 373 1736
f 507 1516 1736
f 819 1516 507
f 1317 759 583
f 1317 1717 759
f 1651 1317 583
f 1317 1651 1717
f 1651 1063 1499
f 23 1063 1651
f 1066 1261 735
f 1261 1066 1499
f 556 1142 428
f 44 1413 226
f 1413 44 1212
f 1072 1355 1097
f 1355 1072 1006
f 1355 699 1097
f 699 1355 925
f 133 893 1965
f 1232 1556 1007
f 1556 1232 798
f 680 1232 1007
f 1293 1232 1564
f 1232 680 1564
f 1293 1680 1448
f 1680 1293 1564
f 1680 58 1448
f 58 1680 1564
f 1372 817 1112
f 817 1293 1448
f 1706 1669 390
f 1669 1706 1346
f 341 28 420
f 1095 330 369
f 1930 1055 1095
f 1723 1761 1364
f 1364 1761 369
f 1761 1156 369
f 1761 1723 382
f 330 1867 369
f 1867 1364 369
f 1233 57 1743
f 1142 1168 1873
f 1168 1927 1873
f 1168 1180 1927
f 1937 666 352
f 1515 782 1381
f 1264 588 1705
f 453 1264 1705
f 588 1264 289
f 1264 453 289
f 892 1072 1097
f 819 892 1097
f 892 819 507
f 1322 892 507
f 927 1926 1466
f 1774 349 1407
f 1346 349 1774
f 1149 1993 1107
f 31 58 170
f 54 1828 545
f 1828 54 61
f 545 1828 1061
f 1828 680 1061
f 680 1828 61
f 597 54 1590
f 54 597 1165
f 31 597 1888
f 1165 597 170
f 597 31 170
f 1226 597 1590
f 597 1226 1888
f 743 732 87
f 732 743 1622
f 743 524 1622
f 524 743 1322
f 1374 358 166
f 358 1374 1006
f 1072 358 1006
f 1850 1268 1884
f 1489 1268 1868
f 1884 1268 1489
f 1268 1115 1868
f 1268 1850 1115
f 611 1728 449
f 1728 818 449
f 1728 139 818
f 541 265 1234
f 1468 541 1234
f 1697 541 1731
f 1771 22 703
f 1728 1771 139
f 921 1338 446
f 1338 921 1855
f 1048 1779 1480
f 1193 1048 200
f 1048 1480 200
f 1513 17 1808
f 914 812 1193
f 1513 812 914
f 1427 90 1260
f 90 648 1260
f 648 90 149
f 1957 1117 1526
f 1117 1957 853
f 1526 1117 1092
f 1117 411 1092
f 563 83 1092
f 563 1741 83
f 1741 563 1013
f 1119 1255 1953
f 1119 34 1494
f 1397 670 1494
f 670 1397 316
f 310 628 1296
f 628 310 1137
f 424 1844 1307
f 1820 1844 424
f 1844 1167 1307
f 1167 1844 1586
f 1844 1820 701
f 316 1844 701
f 1586 1844 316
f 594 1251 1970
f 1251 214 1970
f 1251 1005 149
f 1251 594 824
f 1005 1251 824
f 1054 1422 1970
f 1054 233 1129
f 1005 236 149
f 236 648 149
f 34 1955 721
f 1656 705 395
f 1656 1824 705
f 1656 395 721
f 1955 1656 721
f 1656 1955 1824
f 91 601 322
f 91 1852 930
f 91 1580 601
f 1948 91 322
f 91 1948 1852
f 1852 505 930
f 505 1309 821
f 1850 1915 384
f 1915 1850 1884
f 956 627 88
f 956 273 797
f 956 1108 273
f 273 578 1941
f 1108 578 273
f 594 1758 824
f 1758 1502 824
f 366 693 1548
f 1557 1277 1880
f 608 594 742
f 608 1758 594
f 1758 608 1502
f 333 1446 558
f 1446 1015 1115
f 1489 777 394
f 623 777 1489
f 1039 539 384
f 1039 1303 539
f 953 755 1826
f 1575 1160 112
f 1160 1575 940
f 5 1896 418
f 1610 1839 1889
f 1420 1839 1056
f 372 540 1889
f 82 5 1944
f 250 1610 1069
f 250 1069 1341
f 899 1451 415
f 1451 899 39
f 707 899 415
f 899 707 39
f 834 1451 1715
f 1451 834 123
f 902 834 1715
f 834 833 123
f 103 1162 1595
f 1162 103 1042
f 1042 222 1408
f 103 222 1042
f 1170 245 223
f 55 1170 223
f 833 522 123
f 522 197 123
f 1796 1531 868
f 1417 1531 1597
f 411 1417 1597
f 1117 1417 411
f 787 1417 853
f 1417 1117 853
f 1531 84 868
f 84 787 1889
f 84 1417 787
f 1417 84 1531
f 582 515 1482
f 563 469 1013
f 469 563 1509
f 469 1509 1760
f 670 1748 1494
f 1748 1119 1494
f 1119 1748 1255
f 1255 708 1953
f 469 1664 1013
f 1664 424 1013
f 1664 520 424
f 240 1784 1030
f 1989 186 1368
f 1360 1989 1368
f 1989 1360 186
f 1057 1035 977
f 1035 1678 954
f 1068 186 1678
f 1849 1068 1217
f 1315 1057 977
f 1068 1315 1217
f 1315 1068 1678
f 1035 1315 1678
f 1315 1035 1057
f 320 927 1466
f 927 320 175
f 480 320 1466
f 320 480 242
f 950 1843 451
f 1843 950 402
f 950 1961 402
f 1607 927 175
f 1814 1874 76
f 1874 1814 1715
f 371 963 1949
f 371 671 963
f 1387 997 1482
f 1387 1645 997
f 902 1899 1044
f 1899 676 1044
f 1814 1899 902
f 1899 1814 676
f 1639 891 863
f 1645 1866 997
f 47 968 951
f 1524 121 193
f 375 1524 193
f 377 1524 375
f 1524 377 748
f 121 1524 748
f 1162 640 531
f 1933 640 1585
f 640 1162 1042
f 1585 640 1042
f 232 1840 275
f 1840 232 1863
f 218 1729 187
f 475 1904 368
f 1904 1740 368
f 1904 475 1525
f 1904 1218 15
f 1740 1904 890
f 29 1964 1913
f 1343 29 1913
f 1982 1343 1913
f 1982 576 1840
f 255 576 172
f 1840 576 255
f 119 1506 1525
f 1385 1506 119
f 168 869 280
f 1652 1611 966
f 427 1236 318
f 1842 985 172
f 490 752 1454
f 752 490 1769
f 1073 490 1454
f 490 1073 325
f 752 1716 1454
f 736 839 903
f 1810 839 736
f 1716 839 1810
f 839 1716 752
f 150 199 683
f 150 1934 199
f 1148 1433 28
f 1433 1148 21
f 1433 1685 28
f 297 1148 28
f 1148 297 998
f 297 774 998
f 574 764 1061
f 1685 764 574
f 1924 1650 1909
f 348 1924 1909
f 482 86 1027
f 86 249 1027
f 86 1295 249
f 744 649 498
f 796 909 719
f 1244 909 796
f 1659 1978 345
f 1659 1385 1978
f 1462 718 1519
f 718 504 621
f 718 1462 504
f 504 207 621
f 207 1220 649
f 207 447 1220
f 1203 207 649
f 207 504 445
f 447 207 445
f 1687 814 1600
f 74 814 1687
f 478 560 291
f 1158 1687 1297
f 1158 74 1687
f 209 1158 1297
f 675 1310 209
f 209 1310 546
f 1310 843 546
f 340 854 675
f 854 243 675
f 692 854 143
f 1228 1593 846
f 142 1228 846
f 1593 1228 497
f 1228 1246 497
f 137 1038 846
f 1632 137 328
f 137 1632 659
f 1593 1125 846
f 958 137 846
f 137 958 328
f 1399 1632 328
f 958 1399 328
f 1399 958 1876
f 1968 554 142
f 554 960 142
f 554 1968 1038
f 554 1038 631
f 960 554 631
f 1570 1907 1852
f 1570 1948 1080
f 1948 1570 1852
f 725 233 896
f 1570 725 896
f 725 1570 663
f 725 663 1742
f 1090 1263 1987
f 374 1306 394
f 1201 374 394
f 532 1789 736
f 1105 436 513
f 436 1105 1734
f 1756 1643 1046
f 790 1371 893
f 773 673 287
f 990 357 461
f 77 1116 1151
f 1116 882 287
f 882 1116 592
f 124 77 1151
f 1213 573 592
f 1116 1213 592
f 1213 1116 77
f 1213 1753 573
f 1213 77 1753
f 302 1462 1519
f 1462 302 711
f 1753 302 1519
f 77 302 1753
f 302 124 711
f 124 302 77
f 1010 1606 1375
f 1606 684 1375
f 1121 850 1594
f 1121 924 850
f 1121 1566 1308
f 924 1121 1308
f 40 801 573
f 40 1753 723
f 1753 40 573
f 243 483 575
f 483 243 659
f 1632 483 659
f 1399 483 1632
f 483 1399 747
f 27 483 747
f 1450 551 427
f 1328 1450 427
f 699 739 1209
f 1522 739 1366
f 739 1902 1209
f 9 1261 1499
f 1063 9 1499
f 9 556 428
f 556 159 1142
f 57 159 1743
f 159 57 1142
f 1484 1999 1749
f 386 12 1366
f 12 386 709
f 886 1355 1006
f 886 453 1795
f 453 886 1006
f 925 886 1795
f 1355 886 925
f 1339 726 893
f 133 1339 893
f 1693 1371 1444
f 150 1693 1444
f 1693 150 1538
f 37 1601 1545
f 37 817 1372
f 760 133 1965
f 760 1601 133
f 760 1693 1538
f 760 1538 1545
f 1601 760 1545
f 1601 1060 461
f 37 1060 1601
f 1060 1372 1112
f 1060 37 1372
f 1232 1890 798
f 1890 1232 1293
f 587 400 1681
f 817 400 1112
f 400 817 1448
f 31 815 58
f 815 31 1706
f 876 341 420
f 1685 876 420
f 876 1685 574
f 199 110 683
f 1088 1229 994
f 1229 1503 994
f 1229 1093 1282
f 1093 1229 1088
f 998 1229 1282
f 1503 1229 998
f 1934 1923 199
f 1923 1503 998
f 1923 1934 994
f 1503 1923 994
f 1923 774 199
f 774 1923 998
f 774 1300 199
f 1643 1829 1046
f 437 1829 1643
f 1688 437 1643
f 1606 1688 1382
f 1688 1606 1010
f 97 224 1473
f 990 97 967
f 224 97 990
f 97 1151 967
f 97 124 1151
f 1783 224 587
f 224 1783 1473
f 1783 647 1473
f 1783 587 1681
f 647 1783 1681
f 1723 138 382
f 138 321 382
f 971 97 1473
f 647 971 1473
f 1930 734 1055
f 734 1194 1927
f 1180 734 1927
f 1867 734 1180
f 336 1761 382
f 1761 336 1156
f 506 1867 330
f 1055 506 1095
f 506 330 1095
f 734 506 1055
f 506 734 1867
f 352 220 1180
f 220 1867 1180
f 666 220 352
f 464 276 1743
f 276 1233 1743
f 666 1588 1478
f 1588 276 1478
f 276 1588 1233
f 1233 1348 57
f 1588 1348 1233
f 1348 1588 666
f 1883 352 1416
f 1883 1937 352
f 1937 1883 1168
f 1180 1883 1416
f 1168 1883 1180
f 1937 1200 666
f 1348 1200 57
f 1200 1348 666
f 1200 1937 1168
f 57 1200 1142
f 1200 1168 1142
f 136 1701 784
f 1701 900 784
f 1701 136 1622
f 524 1701 1622
f 900 948 784
f 1515 948 782
f 948 1954 782
f 1954 948 900
f 524 1908 735
f 1908 524 1322
f 1066 1908 1736
f 1908 1322 1736
f 639 1976 1381
f 1976 1515 1381
f 588 1630 1705
f 1575 246 940
f 1926 1690 1466
f 1690 1831 1466
f 205 1926 927
f 1848 407 1567
f 182 349 1346
f 349 182 1888
f 182 31 1888
f 1706 182 1346
f 31 182 1706
f 1496 1226 1407
f 1226 1496 1888
f 349 1496 1407
f 1496 349 1888
f 1226 1511 1407
f 832 588 289
f 1149 832 289
f 832 1149 1107
f 35 832 1107
f 832 35 588
f 1920 1386 289
f 1386 1149 289
f 1993 1386 1920
f 1149 1386 1993
f 35 98 867
f 98 246 1575
f 98 740 867
f 740 98 1575
f 300 743 87
f 743 300 1322
f 892 300 87
f 300 892 1322
f 358 1616 166
f 265 873 689
f 689 873 1614
f 541 620 265
f 620 541 1697
f 620 873 265
f 620 1697 1614
f 873 620 1614
f 1377 541 1468
f 22 314 611
f 1771 314 22
f 314 1728 611
f 314 1771 1728
f 1464 1694 818
f 1694 1002 611
f 1002 1694 1464
f 68 1002 1464
f 1002 68 1561
f 68 1810 736
f 544 1447 1546
f 422 544 1546
f 1447 544 1555
f 311 1568 1546
f 1568 422 1546
f 422 1568 426
f 1592 1803 1641
f 838 1427 16
f 553 838 16
f 687 1447 1555
f 687 1513 1447
f 544 687 1555
f 17 1674 1173
f 1674 17 1513
f 687 1674 1513
f 1674 687 1995
f 17 1683 1808
f 1274 1683 1554
f 81 1513 1808
f 81 812 1513
f 812 81 1193
f 1683 81 1808
f 1754 563 1092
f 563 1754 1509
f 411 1754 1092
f 1509 1754 411
f 1119 641 34
f 1807 641 16
f 1711 1397 1494
f 1397 1711 316
f 1985 310 1296
f 1167 1985 1296
f 1985 1167 1586
f 1985 1586 316
f 310 1985 316
f 1782 1167 1296
f 1782 1940 1155
f 1782 1155 1307
f 1167 1782 1307
f 1803 1553 1641
f 1553 214 1641
f 1806 1251 149
f 1251 1806 214
f 1491 1005 705
f 1491 236 1005
f 1824 1491 705
f 236 1491 648
f 857 91 930
f 91 857 1580
f 1580 1493 601
f 1493 657 1289
f 657 1493 1580
f 1023 741 440
f 49 1409 547
f 354 49 1469
f 49 354 1409
f 1948 1265 1080
f 1265 1948 322
f 233 1894 896
f 1894 233 1309
f 505 1894 1309
f 1915 396 2000
f 847 396 1884
f 396 1915 1884
f 462 847 1306
f 722 462 1490
f 462 412 1490
f 454 1090 1987
f 945 1134 1880
f 1648 1557 1880
f 292 262 1110
f 292 579 366
f 292 570 262
f 310 1865 1137
f 693 1076 1557
f 1076 1277 1557
f 211 366 691
f 211 693 366
f 1076 211 691
f 211 1076 693
f 1548 590 1208
f 705 969 677
f 1502 969 705
f 366 343 691
f 608 343 366
f 1835 1201 394
f 777 1835 394
f 1668 1804 1418
f 1826 1195 1083
f 755 1195 1826
f 1768 778 1104
f 1925 1269 821
f 521 696 432
f 380 299 577
f 1799 380 355
f 380 1799 1856
f 380 1551 355
f 508 1882 616
f 1882 508 577
f 299 1882 577
f 284 484 217
f 508 171 577
f 171 508 616
f 1359 1219 268
f 1219 1359 1338
f 277 1284 1830
f 984 1431 217
f 1284 799 1830
f 799 921 446
f 6 38 418
f 1896 6 418
f 441 635 112
f 441 38 387
f 635 441 387
f 1155 617 83
f 617 1896 83
f 1891 145 1944
f 5 1891 1944
f 1135 1891 5
f 430 5 418
f 430 1135 5
f 38 430 418
f 1836 250 1341
f 1394 1273 1421
f 1273 1394 523
f 1933 1273 523
f 1273 1933 1585
f 1420 1492 1839
f 1492 372 1889
f 1839 1492 1889
f 372 1492 529
f 833 889 1675
f 889 833 868
f 889 1408 1675
f 84 889 868
f 1160 167 1746
f 167 1160 940
f 1891 593 145
f 593 1891 1135
f 145 593 1341
f 593 1281 1341
f 593 430 1746
f 430 593 1135
f 1957 130 1944
f 130 82 1944
f 1003 1896 5
f 82 1003 5
f 1896 1003 83
f 130 1003 82
f 83 1003 1092
f 877 1839 1610
f 250 877 1610
f 1839 877 1056
f 877 250 1056
f 991 834 902
f 834 1016 833
f 833 1016 868
f 1016 991 1
f 991 1016 834
f 1796 1016 1
f 1016 1796 868
f 1207 750 1595
f 750 103 1595
f 222 1634 1408
f 716 103 1157
f 716 222 103
f 1634 716 1157
f 716 1634 222
f 323 660 206
f 1036 833 1675
f 1036 522 833
f 1408 1036 1675
f 1531 1665 1597
f 951 987 1482
f 987 582 1482
f 968 987 951
f 1603 469 1760
f 465 240 1922
f 240 465 1784
f 708 634 488
f 520 634 701
f 1664 1094 520
f 634 1094 488
f 1094 634 520
f 240 1578 1922
f 1578 240 1030
f 1683 770 1554
f 210 681 1368
f 210 1068 1849
f 186 210 1368
f 1068 210 186
f 203 1536 1837
f 156 273 1941
f 273 156 797
f 6 1175 38
f 38 1175 387
f 353 386 1366
f 739 353 1366
f 353 739 699
f 1961 837 242
f 837 320 242
f 320 837 175
f 1389 1607 175
f 837 1389 175
f 1389 837 1961
f 950 1389 1961
f 1389 950 804
f 1874 290 76
f 1451 290 1715
f 290 1874 1715
f 676 1202 1482
f 1202 1387 1482
f 120 324 1725
f 120 1387 324
f 491 120 1725
f 1387 120 1645
f 891 120 491
f 1639 1243 891
f 1243 120 891
f 120 1243 1645
f 518 1784 488
f 1784 1501 1030
f 518 1501 1784
f 1501 518 1866
f 501 950 451
f 640 501 531
f 501 640 1933
f 308 501 451
f 531 501 308
f 950 761 804
f 761 1933 523
f 501 761 950
f 761 501 1933
f 1532 1079 1983
f 187 1532 703
f 1532 1983 703
f 294 828 351
f 29 473 881
f 473 29 1343
f 473 1343 1863
f 1527 29 881
f 29 1527 1964
f 1343 530 1863
f 1982 530 1343
f 530 1840 1863
f 530 1982 1840
f 194 1904 1525
f 1506 194 1525
f 1904 194 1218
f 194 1506 1218
f 1547 155 1385
f 1196 752 1769
f 1196 839 752
f 1945 24 1041
f 1911 1945 966
f 378 678 869
f 168 378 869
f 397 168 280
f 168 397 738
f 1911 397 280
f 397 1911 738
f 1114 1840 255
f 113 1114 255
f 1840 1114 275
f 1114 113 275
f 869 1345 280
f 113 1345 869
f 1345 113 255
f 24 1345 1996
f 1481 24 1996
f 1521 1481 1996
f 24 1481 1041
f 1481 1037 1041
f 1037 1481 1521
f 1275 1832 383
f 551 1331 427
f 591 1832 427
f 1331 591 427
f 591 1331 1794
f 1832 591 383
f 591 1794 383
f 1832 414 427
f 414 1236 427
f 1762 1952 196
f 1862 1952 974
f 1793 293 318
f 1952 235 196
f 235 1952 1862
f 235 1793 1139
f 293 235 1862
f 576 1153 172
f 871 1762 196
f 235 871 196
f 871 235 1139
f 871 1521 1996
f 1521 871 1139
f 1365 678 861
f 1280 1073 1454
f 1280 53 448
f 1073 572 325
f 1703 1611 1652
f 413 1703 1652
f 1584 1703 413
f 1716 257 1454
f 257 1280 1454
f 1280 257 53
f 1538 1788 798
f 150 1788 1538
f 1788 150 683
f 110 1788 683
f 1788 1556 798
f 1788 110 1556
f 658 1371 496
f 1934 658 981
f 658 1979 981
f 1979 658 496
f 981 1775 1375
f 1979 1775 981
f 1775 1979 888
f 298 1775 888
f 148 480 1466
f 1831 148 1466
f 909 633 719
f 10 1659 345
f 306 138 1723
f 1192 1204 1356
f 1192 1395 408
f 1302 447 445
f 1395 1302 445
f 1302 1395 1192
f 1302 1192 1356
f 447 1302 1356
f 1666 909 1244
f 1230 560 478
f 1158 1230 74
f 1230 1158 560
f 1870 1158 209
f 1158 1870 560
f 560 1870 291
f 291 1870 546
f 1870 209 546
f 955 675 575
f 955 1310 675
f 765 955 575
f 955 765 843
f 1310 955 843
f 243 512 659
f 854 512 243
f 512 137 659
f 137 512 1038
f 1038 512 631
f 631 512 692
f 512 854 692
f 267 340 143
f 854 267 143
f 267 854 340
f 1228 459 1246
f 1246 459 1825
f 459 960 1825
f 960 459 142
f 459 1228 142
f 1125 13 1876
f 13 363 362
f 1707 1125 1876
f 958 1707 1876
f 1125 1707 846
f 1707 958 846
f 281 1084 945
f 281 945 1742
f 281 663 126
f 663 281 1742
f 281 1512 1084
f 233 1477 1129
f 725 1477 233
f 1277 1477 1880
f 1477 1742 1880
f 1477 725 1742
f 1679 883 1376
f 1390 585 1987
f 585 1390 1878
f 1263 1390 1987
f 970 1390 412
f 1390 1263 412
f 1529 1090 271
f 1529 1263 1090
f 101 1529 271
f 1529 101 1542
f 1263 1529 1542
f 1009 1263 1542
f 1263 1009 412
f 412 1009 1490
f 1009 1608 1490
f 1608 1009 1542
f 1435 1390 970
f 1390 1435 1878
f 1435 598 1878
f 598 1435 374
f 598 374 1201
f 450 304 903
f 304 450 532
f 304 736 903
f 304 532 736
f 1505 450 1177
f 1505 916 664
f 1483 1697 1731
f 1697 1483 1614
f 1446 1699 558
f 1699 1446 1115
f 916 993 664
f 379 333 558
f 1618 379 339
f 724 674 538
f 339 724 538
f 1105 403 1418
f 403 1105 513
f 911 883 141
f 883 911 1376
f 598 1253 1878
f 916 1670 1734
f 1670 436 1734
f 726 988 893
f 988 790 893
f 1371 1258 496
f 790 1258 1371
f 1258 1979 496
f 1900 773 885
f 238 990 967
f 238 357 990
f 1151 238 967
f 357 238 125
f 264 836 1133
f 1337 1606 1382
f 1051 1337 1382
f 1051 646 1308
f 646 1051 1382
f 1688 646 1382
f 646 1688 1643
f 684 1441 362
f 1441 1440 362
f 117 264 1133
f 117 1051 1308
f 1051 117 1133
f 1357 117 1308
f 117 1441 264
f 850 30 885
f 924 30 850
f 8 27 747
f 1566 8 1875
f 1121 8 1566
f 1875 8 362
f 8 13 362
f 40 1919 801
f 765 1919 843
f 1919 765 575
f 843 1919 546
f 483 1419 575
f 1419 1919 575
f 1919 1419 801
f 1419 1951 801
f 350 483 27
f 350 1121 1594
f 8 350 27
f 350 8 1121
f 1951 514 801
f 514 882 592
f 882 514 773
f 573 514 592
f 801 514 573
f 773 312 885
f 514 312 773
f 312 514 1951
f 312 850 885
f 850 312 1594
f 23 1126 1811
f 1126 1089 1811
f 1126 23 1651
f 1126 1651 583
f 1827 1126 583
f 1089 1126 1827
f 106 1507 1132
f 1449 106 1132
f 198 23 1811
f 1120 198 1811
f 1449 198 1120
f 198 1449 1132
f 1450 1291 551
f 1142 1248 428
f 1248 9 428
f 464 938 1328
f 938 1450 1328
f 938 464 1743
f 622 159 556
f 9 1508 556
f 1508 622 556
f 622 1508 1999
f 1999 1508 1749
f 1508 1063 1749
f 1508 9 1063
f 1174 12 709
f 1174 578 1108
f 12 1174 1108
f 779 1522 1366
f 12 779 1366
f 1990 779 12
f 1548 286 527
f 286 1548 1208
f 672 286 1208
f 706 286 672
f 1067 845 1902
f 739 1067 1902
f 1067 739 1522
f 779 1067 1522
f 845 840 1902
f 1902 840 226
f 840 44 226
f 44 840 1212
f 840 845 1212
f 1290 1221 1212
f 845 1290 1212
f 1290 672 1208
f 1339 613 726
f 988 613 1046
f 613 988 726
f 698 760 1965
f 760 698 1693
f 1693 698 1371
f 893 698 1965
f 1371 698 893
f 1060 1159 461
f 1159 990 461
f 1159 224 990
f 224 1159 587
f 1159 1060 587
f 817 996 1293
f 996 1890 1293
f 1890 996 798
f 1156 116 1095
f 1626 116 1156
f 400 946 1681
f 1626 946 1885
f 1060 1846 587
f 1846 400 587
f 1846 1060 1112
f 400 1846 1112
f 1662 1300 341
f 1662 110 199
f 1300 1662 199
f 1662 876 574
f 876 1662 341
f 1556 1662 574
f 110 1662 1556
f 297 1363 774
f 1363 1300 774
f 1363 297 28
f 341 1363 28
f 1300 1363 341
f 1395 1654 408
f 1462 1654 504
f 504 1654 445
f 1654 1395 445
f 1654 201 408
f 971 1078 97
f 124 1078 711
f 97 1078 124
f 1667 1626 1156
f 971 1667 321
f 336 1667 1156
f 946 1667 1681
f 1667 946 1626
f 1667 647 1681
f 1667 971 647
f 321 1667 382
f 1667 336 382
f 782 485 1381
f 485 1172 1381
f 1172 485 1927
f 485 1954 1927
f 1954 485 782
f 1172 1326 1381
f 1194 1326 1927
f 1326 1172 1927
f 1288 734 1930
f 1381 1288 390
f 1288 1930 390
f 1867 1821 1364
f 220 1821 1867
f 381 1821 1478
f 1821 666 1478
f 1821 220 666
f 791 1701 524
f 791 524 735
f 1701 791 900
f 1927 1815 1873
f 1954 1815 1927
f 1815 1954 900
f 1415 1066 735
f 1908 1415 735
f 1415 1908 1066
f 1976 1695 1515
f 948 1695 784
f 1695 948 1515
f 1695 732 784
f 1669 1695 639
f 1695 1976 639
f 1630 1997 1705
f 1997 1630 517
f 559 1630 588
f 35 559 588
f 559 35 867
f 740 559 867
f 931 1845 709
f 386 931 709
f 353 931 386
f 1383 933 517
f 1383 635 387
f 566 1791 1929
f 99 1312 134
f 99 1812 1312
f 1812 99 246
f 1690 1569 1831
f 1607 730 927
f 730 205 927
f 656 1993 1920
f 656 1511 1993
f 1511 656 1407
f 656 912 1407
f 912 656 1920
f 1352 1511 1226
f 1352 1590 545
f 1352 1226 1590
f 1511 1352 1993
f 1352 566 1929
f 603 1352 1929
f 1993 1352 603
f 1352 545 1061
f 566 1352 1061
f 98 1722 246
f 849 35 1107
f 849 98 35
f 603 849 1107
f 849 1722 98
f 926 1669 1346
f 926 1346 1774
f 926 1695 1669
f 1695 926 1616
f 166 926 1774
f 1616 926 166
f 1021 1616 358
f 1021 358 1072
f 1021 892 87
f 892 1021 1072
f 1205 1377 1468
f 1205 1468 703
f 22 1205 703
f 541 934 1731
f 1377 934 541
f 43 611 449
f 43 1694 611
f 818 43 449
f 1694 43 818
f 227 68 1464
f 227 1464 818
f 227 1716 1810
f 68 227 1810
f 227 257 1716
f 257 227 53
f 227 818 448
f 53 227 448
f 1861 185 1792
f 1886 1316 225
f 1316 1861 1792
f 1637 327 954
f 1274 327 1637
f 327 1035 954
f 1779 1276 1637
f 1276 1274 1637
f 1048 1276 1779
f 1276 1048 1193
f 81 1276 1193
f 1276 1683 1274
f 1276 81 1683
f 852 838 553
f 1035 852 977
f 327 852 1035
f 852 327 770
f 913 1402 359
f 737 1674 1995
f 1726 737 1995
f 737 1726 1624
f 642 17 1173
f 642 1683 17
f 1972 1962 395
f 395 1962 1494
f 1518 1782 1296
f 1782 1518 1940
f 628 1518 1296
f 1518 628 797
f 156 1518 797
f 1518 156 1940
f 367 1054 1970
f 367 1553 1054
f 214 367 1970
f 1553 367 214
f 1553 1640 1054
f 1309 1640 248
f 233 1640 1309
f 1054 1640 233
f 1316 841 225
f 841 1592 1641
f 1271 913 359
f 1886 1271 359
f 1271 1886 225
f 941 1491 1824
f 1955 941 1824
f 648 941 1260
f 1491 941 648
f 941 1955 34
f 941 1427 1260
f 941 1807 1427
f 641 941 34
f 941 641 1807
f 50 657 1580
f 762 1608 1542
f 762 1023 1608
f 762 174 741
f 1023 762 741
f 174 1533 741
f 1608 763 468
f 1023 763 1608
f 657 1991 1289
f 1991 1992 1289
f 50 1991 657
f 1992 1991 440
f 1991 50 440
f 741 1859 440
f 1859 1992 440
f 1533 1859 741
f 982 595 2000
f 71 505 821
f 505 71 930
f 71 1935 930
f 604 1460 1655
f 1460 1388 1655
f 1388 1460 354
f 354 1460 1409
f 1460 936 1409
f 1265 858 1080
f 663 858 126
f 858 1570 1080
f 1570 858 663
f 1512 1065 604
f 858 1065 126
f 1065 858 1265
f 1065 281 126
f 1065 1512 281
f 163 1265 322
f 1065 163 604
f 163 1065 1265
f 163 1460 604
f 1460 163 936
f 1894 1895 896
f 1895 1570 896
f 1570 1895 1907
f 1358 396 847
f 462 1358 847
f 1358 462 722
f 396 1358 2000
f 108 7 1430
f 495 108 1430
f 1323 101 271
f 1090 1323 271
f 1323 108 101
f 108 1323 7
f 835 911 141
f 7 1528 1430
f 653 1332 547
f 1332 49 547
f 1349 495 1430
f 1349 653 547
f 1409 1349 547
f 492 1838 1540
f 1212 492 1540
f 1838 1403 1008
f 1816 1134 144
f 1648 1816 144
f 1134 1816 1880
f 1816 1648 1880
f 2 292 1110
f 292 2 579
f 947 1548 527
f 947 366 1548
f 947 292 366
f 947 570 292
f 570 589 262
f 589 1865 262
f 956 589 627
f 589 570 627
f 1865 589 1137
f 589 797 1137
f 589 956 797
f 1223 693 1557
f 693 1223 1548
f 1223 590 1548
f 1648 1392 1557
f 1392 1223 1557
f 1223 1392 590
f 1392 1620 1208
f 590 1392 1208
f 579 685 366
f 685 969 1502
f 2 685 579
f 608 685 1502
f 685 608 366
f 937 1076 691
f 343 937 691
f 1076 937 1277
f 1176 229 1897
f 229 1176 538
f 1176 339 538
f 1176 1618 339
f 1956 1176 1897
f 1605 1835 777
f 1605 1682 1015
f 1682 1605 623
f 1605 777 623
f 704 1105 1418
f 1804 704 1418
f 1105 704 1734
f 229 460 1897
f 1579 95 1333
f 95 1579 1668
f 1835 190 1201
f 1921 1994 1446
f 1446 1994 1015
f 1994 1661 1015
f 95 1994 1333
f 1732 1195 755
f 1354 1732 755
f 1195 1732 1083
f 953 1696 755
f 1696 1354 755
f 191 1487 254
f 347 1235 1772
f 1336 417 359
f 417 1886 359
f 1657 135 154
f 771 866 1140
f 195 189 897
f 195 1012 189
f 800 195 897
f 195 550 1012
f 1558 1347 1140
f 1012 1347 189
f 1216 1269 1925
f 1216 1925 248
f 189 1684 897
f 151 1882 299
f 171 127 577
f 973 171 616
f 1847 1359 268
f 789 643 1609
f 1830 789 1609
f 1928 789 1830
f 789 1928 616
f 778 439 972
f 439 778 1768
f 1431 131 217
f 607 1431 984
f 635 1514 112
f 1514 1575 112
f 1514 740 1575
f 1940 1305 1155
f 1305 617 1155
f 6 1646 1206
f 1646 617 1206
f 1646 6 1896
f 617 1646 1896
f 430 1517 1746
f 1517 430 38
f 441 1517 38
f 1517 441 112
f 1160 1517 112
f 1517 1160 1746
f 1836 1973 1152
f 167 1452 1281
f 1973 1452 1324
f 1452 1973 1836
f 1281 1452 1341
f 1452 1836 1341
f 1394 178 523
f 178 761 523
f 761 178 1458
f 178 1394 1421
f 1273 1101 1421
f 20 167 1281
f 593 20 1281
f 167 20 1746
f 20 593 1746
f 477 1957 1526
f 477 130 1957
f 477 1526 1092
f 1003 477 1092
f 477 1003 130
f 409 991 902
f 409 902 1044
f 180 19 1207
f 19 750 1207
f 1634 1931 1408
f 67 1170 55
f 67 660 1170
f 67 55 206
f 660 67 206
f 338 1760 1597
f 1665 338 1597
f 338 1136 1760
f 338 1665 1136
f 1603 1628 469
f 1628 1664 469
f 465 751 1784
f 1784 751 488
f 751 708 488
f 634 1098 701
f 1098 316 701
f 1098 670 316
f 1098 1748 670
f 1098 754 1748
f 636 708 1255
f 636 634 708
f 1737 553 16
f 641 1737 16
f 1737 641 1119
f 1737 1119 1953
f 1998 1737 1953
f 272 1849 1217
f 203 272 1217
f 272 203 1578
f 272 1578 1030
f 1851 272 1030
f 272 210 1849
f 272 1851 681
f 210 272 681
f 922 203 1837
f 203 922 1578
f 1536 864 977
f 203 864 1536
f 864 1315 977
f 1315 864 1217
f 864 203 1217
f 731 156 1941
f 1845 731 709
f 731 1174 709
f 578 731 1941
f 1174 731 578
f 629 6 1206
f 629 1175 6
f 961 699 925
f 961 353 699
f 961 925 1795
f 931 961 1795
f 961 931 353
f 860 371 76
f 290 860 76
f 1202 1256 1387
f 1387 1256 324
f 324 1256 1949
f 1256 371 1949
f 371 1256 76
f 1763 1814 76
f 1256 1763 76
f 1763 1256 1202
f 1814 1763 676
f 1763 1202 676
f 1243 568 1645
f 568 1243 1639
f 568 1866 1645
f 568 1501 1866
f 1851 568 863
f 568 1639 863
f 518 1262 1866
f 1262 47 997
f 1866 1262 997
f 1262 968 47
f 989 1851 1030
f 1501 989 1030
f 989 568 1851
f 568 989 1501
f 1389 879 1607
f 879 761 1458
f 879 1389 804
f 761 879 804
f 1079 1124 3
f 1532 1124 1079
f 1124 1532 1574
f 473 1124 1574
f 1124 232 3
f 232 1124 1863
f 1124 473 1863
f 1287 1079 3
f 1549 828 294
f 1549 1287 3
f 1287 1549 294
f 232 1549 3
f 678 332 869
f 332 113 869
f 1145 473 1574
f 473 1145 1729
f 1729 1145 187
f 1145 1532 187
f 1532 1145 1574
f 473 376 881
f 376 473 1729
f 1904 376 890
f 376 218 890
f 376 1729 218
f 376 1527 881
f 1527 376 1904
f 983 1904 15
f 983 1527 1904
f 983 15 1964
f 1527 983 1964
f 1703 1045 1611
f 1045 1911 966
f 1911 1045 738
f 230 470 906
f 470 230 467
f 839 1604 903
f 1196 1604 839
f 1604 906 903
f 1945 826 24
f 826 1945 1911
f 826 1911 280
f 1345 826 280
f 826 1345 24
f 1945 433 966
f 433 1945 1041
f 433 1652 966
f 1037 433 1041
f 433 1037 1652
f 78 378 168
f 678 78 861
f 378 78 678
f 413 1881 4
f 1881 1139 4
f 1881 413 1652
f 1037 1881 1652
f 1881 1521 1139
f 1881 1037 1521
f 612 1584 413
f 612 413 4
f 1275 612 1832
f 612 414 1832
f 1350 1275 1252
f 612 1350 1584
f 1350 612 1275
f 1275 1019 1252
f 1019 1275 383
f 423 1484 1132
f 115 1762 985
f 115 1952 1762
f 1842 115 985
f 115 1842 974
f 1952 115 974
f 1465 293 1793
f 235 1465 1793
f 1465 235 293
f 1143 155 1547
f 1026 1153 576
f 1026 1982 1913
f 1026 576 1982
f 15 1026 1913
f 1218 1026 15
f 871 93 1762
f 93 1345 255
f 1345 93 1996
f 93 871 1996
f 985 93 255
f 1762 93 985
f 365 490 325
f 365 1860 490
f 1860 365 861
f 1544 1932 410
f 1365 1544 410
f 1932 1544 861
f 1544 1365 861
f 1629 769 448
f 769 1280 448
f 1398 769 1983
f 139 769 1629
f 1983 769 703
f 769 1771 703
f 1771 769 139
f 572 202 325
f 202 365 325
f 202 1932 861
f 365 202 861
f 69 351 410
f 69 904 351
f 18 69 572
f 1587 1670 204
f 1670 1587 436
f 1773 450 903
f 450 1773 1177
f 1773 536 1177
f 536 1773 100
f 1371 714 1444
f 658 714 1371
f 714 150 1444
f 150 714 1934
f 714 658 1934
f 1979 802 888
f 552 802 790
f 802 1258 790
f 1258 802 1979
f 802 298 888
f 802 552 298
f 298 46 1775
f 46 1182 1375
f 1775 46 1375
f 552 46 298
f 1312 1802 134
f 1818 1722 1791
f 282 1621 348
f 1259 148 1831
f 1259 282 348
f 1259 348 1909
f 493 1259 1909
f 1259 493 1375
f 1259 1375 497
f 480 1259 242
f 148 1259 480
f 242 1259 748
f 1718 1203 649
f 744 1984 649
f 1984 1718 649
f 1718 1984 633
f 86 85 1295
f 85 1984 1295
f 1984 85 633
f 85 86 482
f 633 85 719
f 85 1833 719
f 85 482 1833
f 10 107 1659
f 820 1150 1638
f 820 89 1150
f 1821 89 1364
f 1150 89 381
f 89 1821 381
f 1187 381 1478
f 276 1187 1478
f 293 1058 318
f 1187 827 381
f 1220 59 498
f 128 1099 1362
f 1204 258 1267
f 1334 718 621
f 207 1334 621
f 1334 887 1753
f 1334 207 1203
f 887 1334 1203
f 1334 1753 1519
f 718 1334 1519
f 887 188 1753
f 1370 1666 1244
f 1245 814 74
f 1230 1245 74
f 1245 1230 478
f 13 364 1876
f 1399 364 747
f 364 1399 1876
f 364 8 747
f 8 364 13
f 630 1125 1593
f 630 13 1125
f 630 1593 363
f 13 630 363
f 975 405 1252
f 975 1019 1507
f 1019 975 1252
f 1721 975 1798
f 975 1721 405
f 111 1800 883
f 766 1800 976
f 1780 1435 970
f 1780 462 1306
f 1780 970 412
f 462 1780 412
f 374 42 1306
f 1435 42 374
f 42 1780 1306
f 1780 42 1435
f 68 317 1561
f 317 1702 1561
f 317 68 736
f 1789 317 736
f 1702 317 1789
f 1980 305 1939
f 1304 1789 532
f 1304 1971 1789
f 526 1505 664
f 1505 526 450
f 450 526 532
f 1691 1505 1177
f 1505 1691 916
f 1691 1670 916
f 1670 1691 204
f 536 1691 1177
f 118 329 1731
f 329 1483 1731
f 1571 1699 1986
f 1699 1571 558
f 1571 379 558
f 379 1571 339
f 674 757 538
f 993 757 674
f 757 916 1734
f 757 993 916
f 724 1573 1986
f 1573 724 339
f 1573 1571 1986
f 1571 1573 339
f 1325 403 513
f 403 1325 1679
f 1325 883 1679
f 111 1325 513
f 1325 111 883
f 585 1438 1987
f 911 1438 1376
f 1438 454 1987
f 1438 1679 1376
f 1438 403 1679
f 1253 1222 1418
f 1222 1253 598
f 1222 1668 1418
f 1222 95 1668
f 1222 190 95
f 1222 598 1201
f 190 1222 1201
f 1829 781 1046
f 781 988 1046
f 503 673 773
f 1900 503 773
f 1689 1900 125
f 238 1689 125
f 1689 238 673
f 503 1689 673
f 1689 503 1900
f 1472 238 1151
f 1116 1472 1151
f 1606 1081 684
f 1081 836 684
f 1337 1081 1606
f 1081 1337 1051
f 1081 1051 1133
f 836 1081 1133
f 836 992 684
f 992 836 264
f 992 1441 684
f 1441 992 264
f 632 924 1308
f 646 632 1308
f 632 30 924
f 1286 117 1357
f 117 1286 1441
f 1440 1286 1357
f 1441 1286 1440
f 455 40 723
f 455 1919 40
f 1461 1419 483
f 350 1461 483
f 509 106 1449
f 509 1449 1120
f 106 509 1507
f 509 975 1507
f 794 198 1132
f 198 794 23
f 1484 794 1132
f 794 1484 1749
f 1063 794 1749
f 23 794 1063
f 438 874 1120
f 509 874 1445
f 874 509 1120
f 1089 905 1811
f 1291 1034 665
f 1034 1291 1450
f 1034 622 665
f 622 1034 159
f 938 1034 1450
f 159 1034 1743
f 1034 938 1743
f 1067 949 845
f 1290 949 672
f 949 1290 845
f 570 615 627
f 615 947 527
f 947 615 570
f 627 393 88
f 615 393 627
f 706 393 286
f 286 393 527
f 393 615 527
f 1752 12 1108
f 1752 1990 12
f 1620 1127 1208
f 1127 1290 1208
f 1290 1127 1221
f 1127 729 1221
f 1127 1620 729
f 780 1756 1046
f 613 780 1046
f 1698 1339 133
f 1938 357 125
f 1938 851 357
f 37 458 817
f 458 996 817
f 458 37 1545
f 996 458 798
f 458 1538 798
f 1538 458 1545
f 756 116 1626
f 756 1626 1885
f 815 756 1885
f 946 1755 1885
f 815 1755 58
f 1755 815 1885
f 1755 946 400
f 58 1755 1448
f 1755 400 1448
f 781 1598 552
f 1598 1829 437
f 1598 781 1829
f 1534 971 321
f 138 1534 321
f 201 1534 138
f 1078 1534 783
f 1534 1078 971
f 1379 1462 711
f 1379 1078 783
f 1078 1379 711
f 201 421 408
f 1204 421 1453
f 421 138 1453
f 421 201 138
f 421 1192 408
f 421 1204 1192
f 734 1663 1194
f 1288 1663 734
f 1663 1288 1381
f 1326 1663 1381
f 1663 1326 1194
f 1261 943 735
f 943 791 735
f 791 1052 900
f 1052 1815 900
f 9 1052 1261
f 1248 1052 9
f 933 228 517
f 228 1997 517
f 1997 228 1705
f 931 228 933
f 1705 228 1795
f 228 931 1795
f 559 1537 1630
f 1383 1537 635
f 1630 1537 517
f 1537 1383 517
f 931 1785 1845
f 1785 931 933
f 1383 1785 933
f 1845 1785 387
f 1785 1383 387
f 307 1690 1567
f 307 1569 1690
f 407 307 1567
f 279 307 407
f 307 279 1569
f 205 1958 1560
f 730 1958 205
f 1279 745 1848
f 1476 1279 1848
f 1279 1476 134
f 1802 1279 134
f 1690 1344 1567
f 1344 1690 1926
f 250 173 1056
f 1836 173 250
f 429 1420 1056
f 429 398 1420
f 173 429 1056
f 429 173 398
f 398 758 1420
f 1492 758 529
f 758 1492 1420
f 62 1812 246
f 1722 62 246
f 1812 62 1312
f 62 1802 1312
f 326 849 603
f 849 326 1722
f 326 603 1929
f 1791 326 1929
f 1722 326 1791
f 609 1695 1616
f 1021 609 1616
f 1695 609 732
f 732 609 87
f 609 1021 87
f 775 1205 22
f 1205 775 1377
f 775 22 611
f 1002 775 611
f 1980 775 1002
f 775 1980 1377
f 1790 118 1731
f 1790 1980 1939
f 283 1002 1561
f 283 1980 1002
f 283 305 1980
f 822 800 897
f 516 1274 1554
f 516 327 1274
f 770 516 1554
f 327 516 770
f 626 852 553
f 1737 626 553
f 626 1536 977
f 852 626 977
f 253 913 90
f 1402 253 90
f 253 1402 913
f 1186 1657 154
f 359 1186 154
f 1402 1186 359
f 1657 1186 537
f 687 1738 1995
f 1738 1726 1995
f 1738 687 544
f 642 829 1683
f 1642 829 537
f 829 1657 537
f 829 642 1657
f 1550 1553 1803
f 1550 1640 1553
f 696 1550 1803
f 1640 1550 248
f 1550 696 521
f 1550 1216 248
f 1216 1550 521
f 928 841 1641
f 1271 928 913
f 214 928 1641
f 841 928 225
f 928 1271 225
f 239 762 1542
f 762 239 174
f 486 1859 1533
f 495 486 1249
f 982 66 1485
f 66 1608 1485
f 66 1358 722
f 66 722 1490
f 1608 66 1490
f 66 982 2000
f 1358 66 2000
f 595 1589 2000
f 157 1589 595
f 1589 1915 2000
f 1589 157 1915
f 1915 1327 384
f 157 1327 1915
f 1327 388 384
f 1488 1329 468
f 763 1488 468
f 1488 1023 440
f 1488 763 1023
f 1329 32 468
f 32 898 1485
f 32 1608 468
f 1608 32 1485
f 1456 857 930
f 1612 1751 595
f 982 1612 595
f 898 1612 1485
f 1612 982 1485
f 1751 73 595
f 1018 71 821
f 1269 1018 821
f 1216 1018 1269
f 1018 1216 521
f 810 1349 1409
f 1349 810 495
f 79 865 936
f 163 79 936
f 79 163 322
f 601 79 322
f 1895 1535 1907
f 1535 1895 1894
f 1535 1894 505
f 1907 1535 1852
f 1535 505 1852
f 1686 495 1249
f 1686 108 495
f 101 1686 1249
f 108 1686 101
f 1210 1323 1090
f 454 1210 1090
f 835 1210 911
f 1438 1210 454
f 1210 1438 911
f 964 1528 7
f 1528 1781 653
f 1781 1332 653
f 1332 1781 1798
f 1887 1781 247
f 1781 1887 1798
f 975 36 1798
f 509 36 975
f 370 1349 1430
f 1349 370 653
f 1528 370 1430
f 370 1528 653
f 492 456 1838
f 456 1403 1838
f 1403 456 160
f 1620 1024 729
f 729 1024 1212
f 1024 492 1212
f 1134 1467 144
f 710 1403 1084
f 1403 710 511
f 918 1648 144
f 918 1392 1648
f 1467 918 144
f 1392 918 1620
f 918 1467 1620
f 685 1901 969
f 1901 685 2
f 969 1901 1110
f 1901 2 1110
f 1477 1405 1129
f 1405 1477 1277
f 1921 957 1672
f 957 1446 333
f 957 1921 1446
f 856 704 1804
f 1579 856 1804
f 856 1579 460
f 704 856 1734
f 757 65 538
f 65 757 1734
f 1543 229 538
f 1543 460 229
f 65 1543 538
f 1543 65 1734
f 856 1543 1734
f 1543 856 460
f 487 1804 1668
f 1579 487 1668
f 487 1579 1804
f 1757 1579 1333
f 1579 1757 460
f 460 1757 1897
f 1757 1956 1897
f 1672 1757 1333
f 1956 1757 1672
f 190 443 95
f 443 190 1661
f 443 1994 95
f 1994 443 1661
f 1605 1166 1835
f 1166 190 1835
f 878 1166 1605
f 190 1166 1661
f 1661 1166 1015
f 1166 878 1015
f 808 1921 1672
f 808 1994 1921
f 808 1672 1333
f 1994 808 1333
f 1744 60 1354
f 60 1732 1354
f 1759 1487 191
f 1487 1981 254
f 1898 1981 1942
f 642 285 1657
f 285 135 1657
f 285 642 1173
f 284 1977 484
f 151 1977 284
f 380 1977 299
f 1977 151 299
f 1185 771 1772
f 771 1185 866
f 1235 1185 1772
f 1443 1759 191
f 1759 1443 550
f 153 800 1184
f 153 195 800
f 195 153 550
f 696 1227 432
f 1227 1684 189
f 1592 356 1803
f 185 356 1792
f 822 356 185
f 841 356 1592
f 1684 356 897
f 356 822 897
f 356 1316 1792
f 356 841 1316
f 434 1708 1966
f 1708 127 1966
f 127 1708 577
f 1631 1708 434
f 1708 1631 1551
f 380 1708 1551
f 1708 380 577
f 1928 561 616
f 561 973 616
f 561 1928 1830
f 799 561 1830
f 1623 127 171
f 973 1623 171
f 127 1623 1966
f 1338 655 446
f 1359 655 1338
f 164 1631 434
f 1631 164 1551
f 164 176 1551
f 952 932 1609
f 932 1830 1609
f 932 277 1830
f 643 1070 1609
f 1070 952 1609
f 1434 191 254
f 690 1568 311
f 1146 690 311
f 690 1146 823
f 1164 1943 1768
f 1164 1768 1104
f 866 1164 1104
f 1185 1164 866
f 1164 1185 1943
f 1777 439 1768
f 1943 1777 1768
f 1185 1777 1943
f 502 151 284
f 502 284 217
f 131 502 217
f 1677 131 1431
f 643 1677 1393
f 131 1677 216
f 1677 789 216
f 789 1677 643
f 1677 1109 1393
f 1109 1677 1431
f 75 1305 1940
f 156 75 1940
f 1305 75 617
f 1973 109 1152
f 109 1973 1324
f 1452 1947 1324
f 1947 1452 167
f 1947 167 940
f 109 1947 940
f 1947 109 1324
f 1834 1033 529
f 1033 1834 1421
f 463 889 84
f 540 463 1889
f 463 84 1889
f 786 1273 1585
f 786 1101 1273
f 786 1585 1042
f 786 1042 1408
f 1101 786 1408
f 409 1086 991
f 1796 1086 1531
f 1086 409 1136
f 1086 1796 1
f 991 1086 1
f 1086 1665 1531
f 1665 1086 1136
f 409 1314 1136
f 1136 1314 1760
f 1314 1603 1760
f 1603 1314 515
f 515 1314 1044
f 1314 409 1044
f 1406 19 180
f 1406 180 245
f 1170 1406 245
f 522 1892 197
f 1036 1892 522
f 1892 1036 1408
f 1931 1892 1408
f 197 855 323
f 1892 855 197
f 855 1892 1931
f 1628 1085 1664
f 1094 1085 488
f 1085 1094 1664
f 1118 636 1255
f 1748 1118 1255
f 754 1118 1748
f 910 465 1922
f 910 751 465
f 751 910 708
f 910 1075 1658
f 1075 910 1922
f 650 1536 1998
f 1658 650 1998
f 1075 650 1658
f 1536 650 1837
f 650 1075 1837
f 1578 1144 1922
f 922 1144 1578
f 1144 1075 1922
f 1144 922 1837
f 1075 1144 1837
f 629 1285 1175
f 371 1342 671
f 860 1342 371
f 671 1342 1197
f 1342 39 1197
f 1541 860 290
f 1541 1451 39
f 1541 290 1451
f 1342 1541 39
f 1541 1342 860
f 1262 158 968
f 158 518 488
f 1085 158 488
f 965 879 1458
f 1958 965 1458
f 965 1958 730
f 965 730 1607
f 879 965 1607
f 261 294 351
f 904 261 351
f 261 1287 294
f 261 1398 1983
f 261 904 1398
f 1079 555 1983
f 1287 555 1079
f 555 261 1983
f 261 555 1287
f 1463 232 275
f 113 1463 275
f 332 1463 113
f 1463 1549 232
f 828 1043 351
f 351 1043 410
f 1043 1365 410
f 1365 1043 678
f 1043 332 678
f 980 168 738
f 980 78 168
f 980 1860 861
f 78 980 861
f 295 980 738
f 1611 1022 966
f 1022 1045 966
f 1045 1022 1611
f 1091 230 906
f 1091 1196 1769
f 234 1091 1769
f 230 1091 234
f 470 610 1713
f 414 1974 1236
f 612 1974 414
f 1793 1974 1139
f 1236 1974 318
f 1974 1793 318
f 405 360 1252
f 360 1350 1252
f 425 1331 551
f 1291 425 551
f 1143 1471 155
f 1471 1143 1153
f 1280 1797 1073
f 769 1797 1280
f 69 177 572
f 1932 177 410
f 177 69 410
f 880 572 1073
f 880 18 572
f 1797 880 1073
f 880 1504 18
f 1504 880 1797
f 602 536 100
f 1691 602 204
f 602 1691 536
f 1587 637 436
f 436 637 513
f 637 111 513
f 1773 1853 100
f 1853 452 100
f 906 1853 903
f 1853 1773 903
f 470 1853 906
f 1853 470 1713
f 452 1853 1713
f 46 1801 1182
f 1801 46 552
f 1598 1801 552
f 1182 1801 1010
f 1764 1433 21
f 1764 1102 1433
f 1433 406 1685
f 1102 406 1433
f 406 764 1685
f 1621 1857 1912
f 1857 279 1912
f 270 633 909
f 270 1718 633
f 1666 270 909
f 1718 270 1203
f 1295 1767 161
f 1984 1767 1295
f 1767 744 161
f 1767 1984 744
f 1659 806 1385
f 107 806 1659
f 806 1547 1385
f 806 266 1547
f 827 584 213
f 584 827 1187
f 584 464 1328
f 584 962 464
f 442 1187 276
f 442 276 464
f 962 442 464
f 442 584 1187
f 584 442 962
f 1143 1298 1153
f 1153 1298 172
f 1298 1842 172
f 1842 1298 974
f 1298 1869 974
f 221 1150 381
f 827 221 381
f 447 1739 1220
f 1739 59 1220
f 1739 447 1356
f 768 744 498
f 744 768 161
f 59 768 498
f 768 59 1099
f 128 768 1099
f 1301 1295 161
f 1301 107 10
f 1301 128 107
f 1295 1301 249
f 249 1301 345
f 1301 10 345
f 1099 215 1362
f 215 1299 1362
f 1299 215 1638
f 1204 215 1356
f 215 1204 1267
f 215 820 1638
f 1299 842 1362
f 842 266 1539
f 258 435 306
f 435 258 1204
f 435 1204 1453
f 138 435 1453
f 306 435 138
f 179 258 306
f 89 179 1364
f 179 1723 1364
f 179 306 1723
f 1647 89 820
f 258 1647 1267
f 1647 179 89
f 179 1647 258
f 1647 215 1267
f 215 1647 820
f 188 1391 1753
f 723 1391 291
f 1753 1391 723
f 419 887 1203
f 419 188 887
f 1745 1244 1600
f 1988 1745 1600
f 1745 1370 1244
f 1745 1988 1370
f 1245 1474 814
f 1474 1245 1988
f 814 1474 1600
f 1474 1988 1600
f 385 1245 478
f 1712 385 478
f 1988 385 1370
f 1245 385 1988
f 1666 385 1712
f 1370 385 1666
f 1512 1191 1084
f 1191 1442 1084
f 1191 1512 604
f 1410 1563 1635
f 795 1910 1635
f 1910 438 1635
f 1388 457 1655
f 457 354 1469
f 457 1388 354
f 1910 457 1469
f 457 1910 795
f 1613 795 1635
f 1563 1613 1635
f 1613 1563 1442
f 1613 457 795
f 457 1613 1655
f 1636 1887 247
f 599 1636 247
f 1887 1240 1798
f 1240 1721 1798
f 1636 1240 1887
f 1240 1636 599
f 1721 1353 405
f 1240 1353 1721
f 1353 599 624
f 1353 1240 599
f 883 565 141
f 1800 565 883
f 565 1800 766
f 964 565 766
f 700 1936 1703
f 700 1703 1584
f 1350 700 1584
f 1914 1562 467
f 295 1562 1914
f 1045 1562 738
f 1562 295 738
f 476 1587 204
f 602 476 204
f 1266 1702 1789
f 283 1266 305
f 1971 1963 1789
f 1963 1266 1789
f 1266 1963 305
f 305 1963 1939
f 1510 767 1986
f 1699 1128 1986
f 1128 1510 1986
f 939 724 1986
f 724 939 674
f 1727 329 919
f 329 1727 1483
f 1483 1727 1614
f 720 1438 585
f 1438 720 403
f 720 585 1878
f 1253 720 1878
f 403 720 1418
f 720 1253 1418
f 988 1975 790
f 781 1975 988
f 1975 552 790
f 1975 781 552
f 1676 1116 287
f 1676 1472 1116
f 1472 1676 238
f 673 1676 287
f 238 1676 673
f 481 632 646
f 1756 481 1643
f 481 646 1643
f 780 481 1756
f 481 780 632
f 391 455 723
f 455 391 1919
f 391 723 546
f 1919 391 546
f 1419 1576 1951
f 1461 1576 1419
f 80 1827 208
f 80 1089 1827
f 80 1340 1089
f 80 1294 1340
f 438 830 1635
f 905 830 1811
f 830 1120 1811
f 830 438 1120
f 392 1410 1635
f 830 392 1635
f 392 830 905
f 392 1294 1410
f 1294 392 1340
f 1340 392 1089
f 392 905 1089
f 1786 779 1990
f 672 1786 1990
f 949 1786 672
f 1786 1067 779
f 1786 949 1067
f 1752 1401 1990
f 1401 672 1990
f 1401 706 672
f 393 399 88
f 399 393 706
f 399 1752 1108
f 1401 399 706
f 399 1401 1752
f 399 956 88
f 956 399 1108
f 632 1559 30
f 30 1559 885
f 357 1704 461
f 1704 1698 133
f 1704 1601 461
f 1601 1704 133
f 1698 1591 1339
f 1591 1698 851
f 756 542 116
f 542 1930 1095
f 116 542 1095
f 1103 756 815
f 1103 1706 390
f 1103 815 1706
f 1103 542 756
f 1930 1103 390
f 542 1103 1930
f 1379 1871 1462
f 1871 1379 201
f 1871 1654 1462
f 1871 201 1654
f 614 1534 201
f 1379 614 201
f 1534 614 783
f 614 1379 783
f 1815 1709 1873
f 1052 1709 1815
f 1709 1052 1248
f 1709 1142 1873
f 1709 1248 1142
f 943 571 791
f 571 1052 791
f 571 943 1261
f 1052 571 1261
f 1537 260 635
f 260 1537 559
f 260 559 740
f 1514 260 740
f 260 1514 635
f 361 978 99
f 109 978 1152
f 99 978 246
f 246 978 940
f 978 109 940
f 361 645 398
f 1476 510 134
f 510 99 134
f 510 361 99
f 212 178 1421
f 1958 212 1560
f 178 212 1458
f 212 1958 1458
f 212 1834 1560
f 1834 212 1421
f 1809 1476 1848
f 1809 1848 1567
f 1344 1809 1567
f 1834 104 1560
f 104 1834 1581
f 104 205 1560
f 205 104 1926
f 104 1344 1926
f 1428 361 398
f 173 1428 398
f 1428 1836 1152
f 1428 173 1836
f 1818 999 1722
f 934 500 1731
f 500 1790 1731
f 1790 500 1980
f 500 934 1377
f 1980 500 1377
f 72 1790 1939
f 1790 72 118
f 72 329 118
f 626 1724 1536
f 1724 626 1737
f 1536 1724 1998
f 1724 1737 1998
f 1100 1439 770
f 1439 1100 1642
f 1100 770 1683
f 829 1100 1683
f 1100 829 1642
f 1649 852 770
f 1439 1649 770
f 852 1649 838
f 838 1649 1427
f 1186 776 537
f 776 1642 537
f 776 1439 1642
f 1649 776 1427
f 776 1649 1439
f 776 90 1427
f 776 1402 90
f 776 1186 1402
f 92 737 1624
f 737 92 1674
f 1726 1106 1624
f 1738 1106 1726
f 932 401 277
f 277 401 1284
f 1161 544 422
f 1161 1738 544
f 543 1711 1494
f 1962 543 1494
f 466 1962 1972
f 466 1972 677
f 969 466 677
f 466 969 1110
f 928 1131 913
f 1131 1806 149
f 1806 1131 214
f 1131 928 214
f 90 1131 149
f 913 1131 90
f 753 1533 174
f 239 753 174
f 753 239 1542
f 101 753 1542
f 342 486 495
f 810 342 495
f 1917 1163 489
f 1917 1011 1918
f 1163 1270 489
f 1270 1163 1905
f 1751 1062 1918
f 1062 1612 898
f 1612 1062 1751
f 917 32 1329
f 32 917 898
f 917 1062 898
f 1488 1854 1329
f 1854 1488 440
f 1163 686 1905
f 1498 73 1751
f 1498 1751 1918
f 1011 1498 1918
f 778 129 1104
f 1950 953 1826
f 71 1577 1935
f 1018 1577 71
f 1017 1969 1412
f 1032 866 1104
f 866 1032 1140
f 184 1047 1412
f 1047 1017 1412
f 1017 1047 432
f 1047 521 432
f 1047 1018 521
f 1278 184 1412
f 1270 1278 489
f 1278 1270 184
f 303 79 601
f 79 303 865
f 303 1493 1289
f 1493 303 601
f 865 1906 936
f 936 1906 1409
f 1906 810 1409
f 303 1906 865
f 1906 303 810
f 1323 1735 7
f 1735 964 7
f 1210 1735 1323
f 1735 1210 835
f 1735 835 141
f 565 1735 141
f 1735 565 964
f 964 70 1528
f 1781 70 247
f 70 1781 1528
f 1692 36 915
f 1910 1692 915
f 1692 1910 1469
f 36 1154 915
f 1154 509 1445
f 1154 36 509
f 1436 1653 160
f 1319 1134 945
f 1319 1467 1134
f 1467 1319 1653
f 1653 1319 160
f 1442 1747 1084
f 1747 710 1084
f 1294 1747 1410
f 937 389 1277
f 389 1405 1277
f 389 937 343
f 389 343 608
f 944 957 333
f 379 944 333
f 944 379 1618
f 1864 1956 1672
f 957 1864 1672
f 944 1864 957
f 1864 944 1618
f 1176 1864 1618
f 1956 1864 1176
f 535 1605 1015
f 878 535 1015
f 535 878 1605
f 1004 296 1744
f 296 1799 355
f 251 651 1856
f 651 251 484
f 1823 60 1744
f 1823 296 355
f 296 1823 1744
f 1083 1823 355
f 567 185 1861
f 800 567 1184
f 822 567 800
f 567 822 185
f 1759 26 1487
f 920 63 1487
f 1981 63 1942
f 63 1981 1487
f 63 844 1942
f 844 472 1942
f 472 1898 1942
f 1898 472 1059
f 1384 844 417
f 1384 1336 154
f 1384 417 1336
f 733 651 484
f 1977 733 484
f 651 733 1856
f 733 380 1856
f 733 1977 380
f 1141 191 1772
f 1141 1443 191
f 771 1141 1772
f 586 1759 550
f 153 586 550
f 586 26 1759
f 586 153 1184
f 26 586 1184
f 146 356 1684
f 146 1227 696
f 1227 146 1684
f 146 696 1803
f 356 146 1803
f 1877 561 799
f 561 1877 973
f 1877 799 446
f 655 1877 446
f 1877 1623 973
f 1877 655 1623
f 697 164 1847
f 1219 697 268
f 697 1847 268
f 697 1219 176
f 164 697 176
f 1847 278 1359
f 278 11 1359
f 11 309 1359
f 309 655 1359
f 655 309 1623
f 1623 309 1966
f 807 643 1393
f 807 1070 643
f 1070 807 952
f 147 1146 311
f 1855 147 1714
f 147 311 1546
f 914 147 1546
f 147 1193 1714
f 147 914 1193
f 799 1028 921
f 884 1004 1744
f 1198 131 216
f 1198 502 131
f 1882 1198 616
f 151 1198 1882
f 502 1198 151
f 1198 789 616
f 789 1198 216
f 347 1720 1235
f 1720 347 1393
f 1109 1720 1393
f 607 1599 1431
f 1599 1109 1431
f 1720 1599 1235
f 1599 1720 1109
f 809 785 823
f 785 825 823
f 785 809 1183
f 825 600 823
f 690 600 1568
f 600 690 823
f 1568 600 426
f 600 825 426
f 617 1214 1206
f 75 1214 617
f 1214 75 156
f 1214 629 1206
f 629 1214 156
f 463 1778 889
f 889 1778 1408
f 1778 1101 1408
f 813 463 540
f 1033 813 529
f 813 372 529
f 813 540 372
f 1406 1414 19
f 19 1414 750
f 1414 1406 1170
f 103 1414 1157
f 750 1414 103
f 660 1414 1170
f 855 1644 323
f 1414 1644 1157
f 1644 1634 1157
f 1644 660 323
f 1644 1414 660
f 479 1118 754
f 1118 479 636
f 479 754 1098
f 479 1098 634
f 636 479 634
f 1619 1658 1998
f 1619 910 1658
f 1619 1998 1953
f 708 1619 1953
f 910 1619 708
f 183 731 1845
f 1285 183 1175
f 183 1845 387
f 1175 183 387
f 1602 629 156
f 1602 1285 629
f 731 1602 156
f 183 1602 731
f 1602 183 1285
f 1959 1262 518
f 1959 158 1262
f 1625 1085 1628
f 1625 158 1085
f 1625 1628 1603
f 582 1625 515
f 1625 1603 515
f 158 1625 968
f 987 1625 582
f 1625 987 968
f 1549 1819 828
f 1463 1819 1549
f 1819 1463 332
f 1819 1043 828
f 1043 1819 332
f 490 848 1769
f 1860 848 490
f 980 848 1860
f 295 848 980
f 1031 234 1769
f 848 1031 1769
f 1031 848 295
f 1031 1020 234
f 1031 295 1914
f 1020 1031 1914
f 959 1914 467
f 959 1020 1914
f 230 959 467
f 959 230 234
f 1020 959 234
f 1604 1320 906
f 1320 1091 906
f 1320 1604 1196
f 1091 1320 1196
f 1470 612 4
f 1470 1974 612
f 1139 1470 4
f 1974 1470 1139
f 1331 269 1794
f 425 269 1331
f 1794 269 383
f 474 1291 665
f 474 425 1291
f 425 474 423
f 1026 831 1153
f 831 1471 1153
f 831 1026 1218
f 1967 202 572
f 177 1967 572
f 202 1967 1932
f 1967 177 1932
f 1504 679 18
f 904 679 1398
f 69 679 904
f 18 679 69
f 715 1797 769
f 715 1504 1797
f 102 1598 437
f 102 1801 1598
f 1801 102 1010
f 102 1688 1010
f 1688 102 437
f 1102 1211 1181
f 1764 1211 1102
f 1710 1805 21
f 1805 1764 21
f 1805 1710 717
f 1805 1211 1764
f 1650 1805 717
f 1924 1805 1650
f 764 618 1061
f 406 618 764
f 1733 406 1102
f 1247 1130 745
f 1130 1247 279
f 1130 279 407
f 745 1130 1848
f 1130 407 1848
f 1279 140 745
f 140 1247 745
f 279 259 1569
f 1857 259 279
f 259 1621 282
f 259 1857 1621
f 1298 14 1869
f 14 1143 1547
f 14 1298 1143
f 266 1147 1539
f 806 1147 266
f 1147 806 107
f 842 1147 1362
f 1147 842 1539
f 1147 128 1362
f 128 1147 107
f 1719 1378 213
f 1719 584 1328
f 584 1719 213
f 1150 331 1638
f 221 331 1150
f 331 1299 1638
f 331 221 266
f 331 842 1299
f 842 331 266
f 1457 293 1862
f 1457 1058 293
f 404 1457 859
f 59 1822 1099
f 1739 1822 59
f 1822 1739 1356
f 215 1822 1356
f 1822 215 1099
f 1301 48 128
f 48 768 128
f 419 1351 188
f 1391 1351 291
f 1351 1391 188
f 270 667 1203
f 667 419 1203
f 667 270 1666
f 667 1666 1712
f 667 1351 419
f 667 1712 478
f 667 478 291
f 1351 667 291
f 1191 596 1442
f 596 1613 1442
f 1613 596 1655
f 596 604 1655
f 596 1191 604
f 923 766 976
f 1292 923 976
f 70 923 247
f 923 599 247
f 923 1292 599
f 923 964 766
f 923 70 964
f 1292 1096 599
f 727 1353 624
f 1353 727 405
f 1330 1257 1936
f 700 870 1936
f 870 1330 1936
f 1330 870 624
f 1077 1257 1123
f 1257 1077 1936
f 1123 1673 1713
f 1673 452 1713
f 452 1673 100
f 1673 602 100
f 1673 476 602
f 1800 1071 976
f 1071 1800 111
f 637 1071 111
f 1071 637 1587
f 1266 1916 1702
f 1916 1266 283
f 1702 1916 1561
f 1916 283 1561
f 1237 1169 1400
f 767 986 1971
f 315 1128 1699
f 1128 471 1510
f 329 471 919
f 939 1396 674
f 1396 939 1400
f 993 1396 664
f 1396 993 674
f 979 312 1951
f 1576 979 1951
f 312 979 1594
f 979 1576 1461
f 979 350 1594
f 979 1461 350
f 1523 1294 80
f 1523 208 1008
f 1523 80 208
f 569 1938 125
f 1559 569 885
f 569 1900 885
f 1900 569 125
f 1698 219 851
f 1704 219 1698
f 851 219 357
f 219 1704 357
f 564 613 1339
f 1591 564 1339
f 1938 1770 851
f 1770 1591 851
f 569 1770 1938
f 564 1770 613
f 1770 564 1591
f 1770 780 613
f 1770 569 780
f 978 1025 1152
f 1025 978 361
f 1025 1428 1152
f 1428 1025 361
f 1361 758 398
f 645 1361 398
f 1834 1361 1581
f 1361 645 1581
f 1189 645 361
f 510 1189 361
f 645 1189 1581
f 1189 510 1476
f 1189 1809 1581
f 1809 1189 1476
f 1809 337 1581
f 337 1809 1344
f 337 104 1581
f 104 337 1344
f 1424 62 1722
f 999 1424 1722
f 288 92 1624
f 1106 288 1624
f 288 1106 1059
f 162 1898 1059
f 1106 162 1059
f 162 1106 682
f 1981 33 254
f 33 1981 1898
f 894 807 1434
f 894 1434 254
f 33 894 254
f 543 581 1711
f 581 310 316
f 1711 581 316
f 581 549 1813
f 549 581 543
f 549 543 1962
f 466 549 1962
f 1239 486 1533
f 753 1239 1533
f 486 1239 1249
f 1239 101 1249
f 1239 753 101
f 342 901 486
f 1859 901 1992
f 486 901 1859
f 901 342 810
f 303 901 810
f 1992 901 1289
f 901 303 1289
f 114 1917 1918
f 1917 114 1163
f 1062 114 1918
f 917 114 1062
f 1627 1917 489
f 1917 1627 1011
f 1270 1565 184
f 1935 1565 930
f 1565 1905 930
f 1565 1270 1905
f 50 638 440
f 1456 638 857
f 857 638 1580
f 638 50 1580
f 1486 1854 440
f 1854 1486 1329
f 907 1498 1011
f 1498 907 73
f 528 778 972
f 528 129 778
f 129 654 1104
f 1039 1404 1303
f 1082 1404 388
f 1404 1082 1423
f 1404 1039 384
f 388 1404 384
f 1950 688 1459
f 1423 688 1950
f 1425 688 1225
f 1455 1227 189
f 1227 1455 432
f 1455 1017 432
f 1347 1455 189
f 1455 1347 1558
f 872 1455 1558
f 1017 872 1969
f 1455 872 1017
f 1283 1047 184
f 1283 1565 1935
f 1565 1283 184
f 1577 1283 1935
f 1283 1577 1018
f 1047 1283 1018
f 1692 301 36
f 301 1332 1798
f 36 301 1798
f 301 1692 1469
f 49 301 1469
f 1332 301 49
f 1154 1311 915
f 1311 874 438
f 874 1311 1445
f 1311 1154 1445
f 1311 1910 915
f 1910 1311 438
f 702 1467 1653
f 1436 702 1653
f 1467 702 1620
f 702 1024 1620
f 456 56 160
f 56 1436 160
f 56 456 492
f 1024 56 492
f 702 56 1024
f 56 702 1436
f 1432 1319 945
f 1084 1432 945
f 1403 1432 1084
f 1432 1403 160
f 1319 1432 160
f 1321 1563 1410
f 1747 1321 1410
f 1563 1321 1442
f 1321 1747 1442
f 1615 1747 1294
f 1523 1615 1294
f 710 1615 511
f 1747 1615 710
f 1615 1523 1008
f 1403 1615 1008
f 1615 1403 511
f 908 389 608
f 389 908 1405
f 908 608 742
f 1405 908 1129
f 1422 908 742
f 908 1054 1129
f 1054 908 1422
f 132 296 1004
f 251 132 1004
f 296 132 1799
f 1799 132 1856
f 132 251 1856
f 251 534 484
f 534 251 1004
f 534 1004 984
f 534 984 217
f 484 534 217
f 60 1841 1732
f 1823 1841 60
f 1732 1841 1083
f 1841 1823 1083
f 1074 920 1487
f 26 1074 1487
f 1074 26 1184
f 567 1074 1184
f 1074 63 920
f 844 1272 417
f 417 1272 1886
f 1316 1272 1861
f 1272 1316 1886
f 1443 244 550
f 1141 244 1443
f 550 244 1012
f 244 1347 1012
f 1347 244 1140
f 244 771 1140
f 244 1141 771
f 278 1318 11
f 309 1318 1966
f 1318 309 11
f 1318 434 1966
f 1318 164 434
f 164 1318 1847
f 1318 278 1847
f 347 64 1393
f 64 807 1393
f 191 64 1772
f 64 347 1772
f 1434 64 191
f 807 64 1434
f 661 147 1855
f 147 661 1146
f 1426 799 1284
f 1426 1028 799
f 809 1426 1183
f 1028 1426 809
f 1146 444 823
f 444 809 823
f 444 1028 809
f 1028 444 921
f 256 884 1744
f 884 1242 1004
f 1242 1599 607
f 1242 607 984
f 1004 1242 984
f 605 346 1411
f 346 785 1183
f 346 1426 1284
f 1426 346 1183
f 1199 1778 463
f 813 1199 463
f 1199 813 1033
f 1778 1199 1101
f 1101 1199 1421
f 1199 1033 1421
f 995 1931 1634
f 995 855 1931
f 158 695 518
f 695 1959 518
f 1959 695 158
f 1507 274 1132
f 274 423 1132
f 1019 274 1507
f 474 1373 423
f 1373 1999 1484
f 423 1373 1484
f 1373 474 665
f 622 1373 665
f 1373 622 1999
f 1471 772 155
f 831 772 1471
f 772 1506 1385
f 155 772 1385
f 1506 772 1218
f 772 831 1218
f 1583 679 1504
f 679 1583 1398
f 525 715 769
f 715 525 1504
f 525 1583 1504
f 525 769 1398
f 1583 525 1398
f 606 618 406
f 1766 1102 1181
f 1766 1733 1102
f 1569 1231 1831
f 259 1231 1569
f 1231 259 282
f 1231 1259 1831
f 1259 1231 282
f 221 862 266
f 266 862 1547
f 862 14 1547
f 862 221 827
f 1378 1014 1058
f 1719 1014 1378
f 1058 1014 318
f 1014 427 318
f 1014 1328 427
f 1014 1719 1328
f 1378 344 213
f 344 404 213
f 344 1378 1058
f 1457 344 1058
f 344 1457 404
f 52 827 213
f 404 52 213
f 52 404 859
f 793 1301 161
f 793 48 1301
f 768 793 161
f 48 793 768
f 803 1673 1123
f 1673 803 476
f 1071 803 976
f 803 1292 976
f 803 1096 1292
f 360 1367 1350
f 1367 700 1350
f 1367 360 405
f 727 1367 405
f 1077 192 1936
f 1936 192 1703
f 192 1045 1703
f 192 1562 1045
f 644 1123 1713
f 644 1077 1123
f 610 644 1713
f 476 1750 1587
f 1750 1071 1587
f 803 1750 476
f 1750 803 1071
f 767 1313 1986
f 1313 939 1986
f 1313 767 1971
f 1237 1313 1971
f 939 1313 1400
f 1313 1237 1400
f 1169 1730 1304
f 1237 1730 1169
f 1304 1730 1971
f 1730 1237 1971
f 1087 767 1510
f 1087 986 767
f 1087 72 1939
f 1963 1087 1939
f 72 1087 329
f 1087 1963 1971
f 986 1087 1971
f 471 1087 1510
f 1087 471 329
f 749 315 1699
f 1727 749 1614
f 749 1727 919
f 749 1115 1083
f 749 1699 1115
f 315 1520 1128
f 1520 471 1128
f 749 1520 315
f 471 1520 919
f 1520 749 919
f 1250 526 664
f 526 1250 532
f 1250 1304 532
f 1250 1169 1304
f 1169 263 1400
f 263 1396 1400
f 1396 263 664
f 569 1946 780
f 1946 569 1559
f 780 1946 632
f 1946 1559 632
f 1437 1361 1834
f 1361 1437 758
f 1437 1834 529
f 758 1437 529
f 1188 288 1059
f 472 1188 1059
f 1188 472 844
f 288 1188 92
f 1582 1106 1738
f 1582 335 1106
f 1106 652 682
f 335 652 1106
f 1893 33 1898
f 33 1893 401
f 1893 162 682
f 162 1893 1898
f 1411 1893 682
f 346 1893 1411
f 401 1893 1284
f 1893 346 1284
f 929 33 401
f 929 894 33
f 929 932 952
f 929 401 932
f 807 929 952
f 894 929 807
f 581 25 310
f 25 581 1813
f 25 1865 310
f 1865 25 262
f 549 25 1813
f 25 549 466
f 262 25 1110
f 25 466 1110
f 114 746 1163
f 746 114 917
f 746 917 1329
f 746 686 1163
f 1486 746 1329
f 746 1486 686
f 1627 105 1011
f 686 1254 1905
f 638 1254 686
f 1254 638 1456
f 1905 1254 930
f 1254 1456 930
f 51 638 686
f 1486 51 686
f 638 51 440
f 51 1486 440
f 788 528 972
f 1354 788 972
f 1696 788 1354
f 231 792 654
f 792 231 1425
f 688 231 1459
f 231 688 1425
f 1495 1082 388
f 1327 1495 388
f 1495 1327 157
f 1082 1495 73
f 1495 157 595
f 73 1495 595
f 1082 662 1423
f 662 907 1225
f 907 662 73
f 662 1082 73
f 688 662 1225
f 662 688 1423
f 94 1423 1950
f 94 1404 1423
f 1404 94 1303
f 1303 94 1826
f 94 1950 1826
f 1178 872 1558
f 1178 1558 1140
f 1032 1178 1140
f 63 181 844
f 181 1272 844
f 181 1074 567
f 1074 181 63
f 181 567 1861
f 1272 181 1861
f 661 533 1146
f 533 444 1146
f 444 533 921
f 921 533 1855
f 533 661 1855
f 1053 1744 1354
f 1053 256 1744
f 1053 1354 972
f 439 1053 972
f 1777 1053 439
f 1599 816 1235
f 1242 816 1599
f 494 346 605
f 346 494 785
f 785 494 825
f 825 494 426
f 494 605 426
f 548 1644 855
f 995 548 855
f 1644 548 1634
f 548 995 1634
f 935 1019 383
f 805 1617 1181
f 279 1617 1912
f 1247 1617 279
f 1733 1765 406
f 1765 606 406
f 1766 1765 1733
f 45 669 606
f 1113 862 827
f 52 1113 827
f 862 1113 14
f 1869 1500 974
f 1457 1500 859
f 1500 1862 974
f 1500 1457 1862
f 1960 803 1123
f 803 1960 1096
f 1257 1960 1123
f 1960 1257 1330
f 1096 1960 599
f 599 1960 624
f 1960 1330 624
f 96 870 700
f 1367 96 700
f 96 1367 727
f 96 727 624
f 870 96 624
f 1122 192 1077
f 644 1122 1077
f 1122 644 610
f 192 1122 1562
f 1122 610 470
f 1122 470 467
f 1562 1122 467
f 1250 1858 1169
f 1858 263 1169
f 1858 1250 664
f 263 1858 664
f 416 1188 844
f 135 416 154
f 1188 122 92
f 122 416 135
f 416 122 1188
f 122 285 1173
f 285 122 135
f 1674 122 1173
f 92 122 1674
f 1161 169 1738
f 169 1582 1738
f 169 1161 422
f 1582 169 335
f 335 169 605
f 169 422 426
f 605 169 426
f 1171 1411 682
f 652 1171 682
f 1171 605 1411
f 1171 335 605
f 1171 652 335
f 1278 1001 489
f 1001 1627 489
f 1001 105 1627
f 105 1700 1011
f 907 1700 1225
f 1700 907 1011
f 1700 1425 1225
f 1700 792 1425
f 654 668 1104
f 792 668 654
f 1700 668 792
f 1224 1950 1459
f 1950 1224 953
f 1224 1696 953
f 788 1040 528
f 528 1040 129
f 1040 654 129
f 1040 1224 1459
f 231 1040 1459
f 1040 231 654
f 872 712 1969
f 1178 712 872
f 1969 712 1412
f 712 1178 1032
f 712 1278 1412
f 712 1001 1278
f 105 712 1032
f 1001 712 105
f 816 1903 1235
f 1903 1185 1235
f 1903 1777 1185
f 875 816 1242
f 1903 875 1777
f 875 1903 816
f 875 1053 1777
f 1053 875 256
f 256 875 884
f 875 1242 884
f 935 728 274
f 274 728 423
f 269 728 383
f 728 935 383
f 728 425 423
f 728 269 425
f 1064 274 1019
f 935 1064 1019
f 1064 935 274
f 1805 334 1211
f 334 1805 1924
f 41 334 1924
f 1617 1138 1912
f 1138 1621 1912
f 1621 1138 348
f 348 1138 1924
f 1138 41 1924
f 606 1369 618
f 669 1369 606
f 618 1369 1061
f 1369 566 1061
f 1369 669 566
f 1050 1765 1766
f 1765 1050 606
f 1050 45 606
f 431 999 1818
f 45 431 1818
f 241 45 1818
f 45 241 669
f 669 241 566
f 566 241 1791
f 241 1818 1791
f 62 1215 1802
f 431 1215 999
f 1215 431 45
f 1424 1215 62
f 1215 1424 999
f 1872 1500 1869
f 14 1872 1869
f 1113 1872 14
f 1384 1475 844
f 1475 416 844
f 1475 1384 154
f 416 1475 154
f 152 1032 1104
f 668 152 1104
f 152 105 1032
f 152 1700 105
f 152 668 1700
f 1596 1040 788
f 1040 1596 1224
f 1596 788 1696
f 1224 1596 1696
f 334 1111 1211
f 1111 334 805
f 1211 1111 1181
f 1111 805 1181
f 1241 1617 805
f 1241 1138 1617
f 1138 1241 41
f 334 1241 805
f 1241 334 41
f 1479 1766 1181
f 1479 1050 1766
f 1617 1479 1181
f 1479 1617 1247
f 1215 252 1802
f 252 1279 1802
f 252 140 1279
f 313 1113 52
f 313 1872 1113
f 313 52 859
f 1500 313 859
f 1872 313 1500
f 1479 165 1050
f 165 252 1215
f 165 1479 1247
f 1050 165 45
f 165 1215 45
f 140 165 1247
f 252 165 140
o Cracks
v 11.389298071779113 10.867424871726211 0.1
v 11.899002679426701 11.619720800457738 0.1
v 12.34841222145257 11.147058870366239 0.1
v 12.20929129726615 11.848171602234093 0.1
v 12.619072755642412 11.933185095124584 0.1
l 2001 2002 2003 2004 2005
v 15.28151440204187 11.5301973110728 0.1
v 14.935523971495485 12.062222565014725 0.1
v 14.44019024168583 11.575146570245632 0.1
v 13.958597934742384 11.377091155910138 0.1
v 14.312852976531701 11.202711979387013 0.1
l 2006 2007 2008 2009 2010
v 12.89458621758218 10.651504394243164 0.1
v 13.213839437085987 9.77612537138104 0.1
v 12.217393614403363 10.917770952328073 0.1
v 13.570017354670426 9.75150117158202 0.1
v 12.782073530011095 9.441061019614509 0.1
l 2011 2012 2013 2014 2015
v 7.728831680932215 9.666579056510795 0.1
v 9.088307313295864 9.526486817432843 0.1
v 9.354537417467025 9.91122354245303 0.1
v 8.27509307360821 9.58971910554364 0.1
v 9.357636050866198 10.361846682583316 0.1
l 2016 2017 2018 2019 2020
v -6.63396111077232 12.420877747442644 0.1
v -5.360049334406047 12.633462362714067 0.1
v -5.542618305912327 13.667493419616386 0.1
v -6.135062217841313 12.996644272163577 0.1
v -5.944967048835856 12.7061557606624 0.1
l 2021 2022 2023 2024 2025
v 8.235455266392993 -5.781555229007689 0.1
v 8.341751811111147 -6.356809283498043 0.1
v 9.713577354464983 -5.226253753763621 0.1
v 8.92446789710287 -5.138123683216423 0.1
v 8.782113404861725 -5.101424553814658 0.1
l 2026 2027 2028 2029 2030
v 6.21901488778154 9.650951377491362 0.1
v 5.755716979762493 8.896479600011274 0.1
v 4.959202107317951 8.991999128184197 0.1
v 5.955107121637845 8.31242292605049 0.1
v 5.8673433079197 8.455362053947212 0.1
l 2031 2032 2033 2034 2035
v 1.7436760333652783 7.315627847849353 0.1
v 0.926607969469418 7.649163425138282 0.1
v 2.028188293330679 7.167917935947317 0.1
v 1.7538583796593104 8.261433156706824 0.1
v 1.3466323769309132 6.697403782215821 0.1
l 2036 2037 2038 2039 2040
v -5.1671468383224415 -12.972021673219011 0.1
v -6.377060200116761 -13.833854140960625 0.1
v -5.4862246281059175 -12.597551650494227 0.1
v -6.200658855808393 -12.81978544590157 0.1
v -6.3468351547745145 -13.567679857777243 0.1
l 2041 2042 2043 2044 2045
v 2.8648940790739843 11.736956837760488 0.1
v 3.7883380050865414 11.256762757471884 0.1
v 4.5226802249645965 11.842827277593791 0.1
v 4.547027294470032 12.562662185875626 0.1
v 3.7360346444624275 12.622146060533064 0.1
l 2046 2047 2048 2049 2050
v -8.450863696550732 4.375459060595686 0.1
v -6.976368778439002 3.6745611753717116 0.1
v -6.919849759416637 3.6569778933375936 0.1
v -7.952468195531593 3.844207119160896 0.1
v -8.012329167642719 4.733864173592236 0.1
l 2051 2052 2053 2054 2055
v -8.726332451929196 -9.496612508939513 0.1
v -8.545043471657548 -10.250680063623268 0.1
v -9.723540524308325 -9.19003622376013 0.1
v -8.089721612709026 -10.177981709352808 0.1
v -8.765499685311502 -9.082426162104898 0.1
l 2056 2057 2058 2059 2060
v 4.295953580310506 -1.9643619019333818 0.1
v 2.862517836498795 -2.130977814058057 0.1
v 3.8756381171282825 -0.7846073612221713 0.1
v 3.0226556055722944 -0.8768129658421386 0.1
v 4.409260066954448 -1.9917882181341156 0.1
l 2061 2062 2063 2064 2065
v 4.475708706587641 -3.982079516932321 0.1
v 5.454811308433639 -3.7054832806113502 0.1
v 4.616138315548881 -4.4407666017367955 0.1
v 5.581068866553045 -5.205787855126402 0.1
v 4.69296833473722 -4.722369244530431 0.1
l 2066 2067 2068 2069 2070
v -4.696410999146818 12.065663433000438 0.1
v -6.293003420284015 12.014406467500843 0.1
v -4.426766989685548 12.699619576414985 0.1
v -6.004002032133195 12.135881353096064 0.1
v -5.92625921536802 12.804693723368063 0.1
l 2071 2072 2073 2074 2075
v 8.042626323998391 14.183427510151756 0.1
v 8.594798481293576 13.009424927462177 0.1
v 7.725847214035531 14.33411393513665 0.1
v 8.674372967707964 14.299533544554432 0.1
v 8.966291417723712 13.7809253651569 0.1
l 2076 2077 2078 2079 2080
v -6.809978886100213 4.4047628878463065 0.1
v -7.456731654788634 3.973641816984647 0.1
v -6.877712073352921 5.281334404036402 0.1
v -7.252171880741119 3.94740455881861 0.1
v -7.631200543576575 4.6450599994501305 0.1
l 2081 2082 2083 2084 2085
v 12.179424453569967 -10.537030212530272 0.1
v 11.164258898600522 -12.288923471836716 0.1
v 11.147016763252307 -10.641478202722464 0.1
v 10.791708291854988 -12.005687851737505 0.1
v 12.163032230681535 -11.839582990207546 0.1
l 2086 2087 2088 2089 2090
v -8.211331098694636 2.75268707518378 0.1
v -7.469850037839558 3.1026839506639066 0.1
v -7.620249461895512 2.9886378622739462 0.1
v -8.6886511479439 2.956426766820332 0.1
v -7.27506088325263 2.3127206029003835 0.1
l 2091 2092 2093 2094 2095
v -4.708777835704028 -12.095063333353702 0.1
v -4.485881560902815 -10.420473738373442 0.1
v -5.784627579005935 -11.99320780013044 0.1
v -5.157297772758223 -10.467146979287799 0.1
v -5.133475870493339 -11.564346475851693 0.1
l 2096 2097 2098 2099 2100
v -10.52950438427381 -6.533418341721593 0.1
v -9.89389807997626 -6.123743851643761 0.1
v -9.804183779724001 -6.86634965352735 0.1
v -11.569454361563562 -5.600011136194738 0.1
v -10.407815864910225 -6.5696072322081465 0.1
l 2101 2102 2103 2104 2105
v -4.378523349694689 -10.235128410857792 0.1
v -5.5240025153165515 -9.561655950256526 0.1
v -4.570513338645365 -11.112227019098484 0.1
v -5.478036576088747 -11.027248883722224 0.1
v -4.381772744872941 -9.895691150017639 0.1
l 2106 2107 2108 2109 2110
v -6.584321096005602 -5.171670122324436 0.1
v -7.772031311501047 -5.299181332511102 0.1
v -7.132698759028868 -6.434607855353405 0.1
v -6.592934796735982 -5.045310383527515 0.1
v -5.947053719861515 -6.254376544046339 0.1
l 2111 2112 2113 2114 2115
v -7.512930377264611 -4.954000801986501 0.1
v -7.068510800850004 -5.692096059585983 0.1
v -6.112701240198005 -4.785811842588572 0.1
v -7.54950235064329 -5.113916239508195 0.1
v -7.410160777783175 -5.790335966470579 0.1
l 2116 2117 2118 2119 2120
v 4.425266712956162 12.995340802744007 0.1
v 6.032312687688644 12.2948522933981 0.1
v 5.706842474697929 11.31050318861653 0.1
v 5.109735906212942 11.243304533034108 0.1
v 4.466606530350385 11.820397463225115 0.1
l 2121 2122 2123 2124 2125
v 10.826420711706366 -12.142468698356767 0.1
v 10.809910234707106 -10.502209628484456 0.1
v 10.803404920066669 -10.769075209260764 0.1
v 12.029285963711356 -11.06805283127641 0.1
v 10.830249071649286 -11.492115450616668 0.1
l 2126 2127 2128 2129 2130
v -0.5153833844871003 -3.608462917837178 0.1
v -0.040320407100916 -4.474299565466005 0.1
v 0.9242835194598937 -4.306931924126957 0.1
v 0.287366273961577 -4.359805371656098 0.1
v 0.7327800900238708 -4.115054502710669 0.1
l 2131 2132 2133 2134 2135
v -3.956966721474471 -6.293520041159957 0.1
v -4.7909724483312175 -5.655229324299239 0.1
v -4.773467925303024 -5.051816419185419 0.1
v -4.6655828482906125 -5.606793543385142 0.1
v -5.855670558420404 -6.378678416775366 0.1
l 2136 2137 2138 2139 2140
v -10.07395291056231 3.3926918754831794 0.1
v -10.885041001186707 4.17726303993689 0.1
v -10.888706159292774 4.742999750972586 0.1
v -9.407918630678596 3.882819517475613 0.1
v -11.050072645995677 3.4672575418214797 0.1
l 2141 2142 2143 2144 2145
v -12.377856214518232 3.9903121575791385 0.1
v -11.935361969033476 3.0251878667639582 0.1
v -12.139123369659991 3.2150677579688134 0.1
v -11.54971183431528 2.1697978517579477 0.1
v -13.352514670231916 2.127727825769412 0.1
l 2146 2147 2148 2149 2150
v -3.7679146333195312 13.667170404554353 0.1
v -3.622991987986124 13.352356460428044 0.1
v -4.803399365590192 13.88753709456967 0.1
v -4.562434307793198 13.363473014878636 0.1
v -3.8942800311350894 14.152265221475359 0.1
l 2151 2152 2153 2154 2155
v 10.56182135646761 7.429878245769569 0.1
v 10.459409624356775 5.695425683735824 0.1
v 11.104792499901519 5.839046689008534 0.1
v 11.725615344274626 6.196480404726659 0.1
v 11.291151757240634 5.803923572482272 0.1
l 2156 2157 2158 2159 2160
v 7.726962137650246 -15.50465406402999 0.1
v 7.890148229742172 -15.159921416572079 0.1
v 7.5897752739196 -13.81701763085433 0.1
v 8.658820440151784 -14.784946258288109 0.1
v 6.868887040743122 -15.065372447623089 0.1
l 2161 2162 2163 2164 2165
v 0.9336787026382867 -10.943181781900957 0.1
v 2.291243004303618 -11.862321639911556 0.1
v 2.4465080394724925 -11.487999812854904 0.1
v 2.1684976271912513 -11.952727254863893 0.1
v 2.1847480779349486 -12.338713365873538 0.1
l 2166 2167 2168 2169 2170
v -14.178803307019757 15.54184671882649 0.1
v -13.417055929291315 14.243673265548985 0.1
v -14.549342881458209 14.628252980012507 0.1
v -14.07890190737305 15.756985410462732 0.1
v -13.678686396965794 14.988483359777593 0.1
l 2171 2172 2173 2174 2175
v 10.061219093232465 -12.86653882727884 0.1
v 8.8674739871871 -12.965367951845877 0.1
v 9.825157235763552 -12.265935270568294 0.1
v 8.522518290122154 -12.692655682123407 0.1
v 9.851075505079162 -12.227537472607752 0.1
l 2176 2177 2178 2179 2180
v 2.605825721816619 -2.573081150377806 0.1
v 1.850145136773612 -2.1553657594334377 0.1
v 2.3495805379206125 -2.198475987818969 0.1
v 1.8383240626307193 -2.4064126574127473 0.1
v 2.169918878714147 -3.4461490261203265 0.1
l 2181 2182 2183 2184 2185
v 2.9463237796566455 -5.947646862466702 0.1
v 3.502363244192729 -6.5950096148333355 0.1
v 4.11153073222623 -7.0330221829761665 0.1
v 3.032281752014974 -5.773396677825499 0.1
v 3.5087353455413384 -7.388011608278139 0.1
l 2186 2187 2188 2189 2190
v 5.985909508731965 -10.507244348941342 0.1
v 6.246224398416175 -10.068614270271837 0.1
v 5.560433850718558 -9.323610834179572 0.1
v 5.598279683504521 -9.769542742213664 0.1
v 5.389757246649314 -9.874582674456393 0.1
l 2191 2192 2193 2194 2195
v 12.395254163065587 14.24148056705869 0.1
v 10.887514130212704 14.21258602119006 0.1
v 11.26154591918921 13.01260823377957 0.1
v 10.447447581603052 12.327951127511355 0.1
v 11.962884495362614 13.002262296264789 0.1
l 2196 2197 2198 2199 2200
v -1.4295836357822609 -1.8045945155498109 0.1
v -0.6236387601264395 -0.25171923642494565 0.1
v -1.3173148056513715 -0.370417334432642 0.1
v -1.6204467591480645 -0.9065726593630943 0.1
v -0.8498478759762136 -1.0364115900272264 0.1
l 2201 2202 2203 2204 2205
v 4.0421217469048845 10.989250345519421 0.1
v 3.400843819277411 9.530014014798056 0.1
v 2.935092570319071 11.114790847462722 0.1
v 2.989737113774373 10.960404206749411 0.1
v 3.331567599428973 11.038739217742272 0.1
l 2206 2207 2208 2209 2210
v -2.219332988852922 -7.305017485725175 0.1
v -2.4465636824402757 -7.90938022748459 0.1
v -2.044085589834414 -6.82020972337887 0.1
v -1.6261716940398194 -6.895463671667259 0.1
v -2.162157528831802 -7.773659964102161 0.1
l 2211 2212 2213 2214 2215
v 13.99842090831417 13.700208463529416 0.1
v 14.077302139947507 13.673732559611226 0.1
v 13.2072654299523 13.739006641527084 0.1
v 13.312310723932148 12.815150984917882 0.1
v 13.287308034838007 13.94075272739303 0.1
l 2216 2217 2218 2219 2220
v 4.751188547045533 -1.2564927435732898 0.1
v 4.471028170373227 -1.4141987225026191 0.1
v 3.9761518006073917 -0.6985443023004227 0.1
v 3.860867093702712 -0.22134585654507521 0.1
v 5.142536060421586 -1.4548683368918571 0.1
l 2221 2222 2223 2224 2225
v 13.282626154522227 7.3894939149879075 0.1
v 12.821165996917145 8.454402749976872 0.1
v 12.28478731877917 7.615229643739796 0.1
v 11.95700151579023 8.503338316427717 0.1
v 13.218133748511338 8.316443224089504 0.1
l 2226 2227 2228 2229 2230
v -5.29749459487711 12.026198108806712 0.1
v -5.877565155249485 12.494975673160814 0.1
v -6.354397183582727 12.121365751065403 0.1
v -4.38167217043902 11.881488613266585 0.1
v -5.545438266720983 11.93974120772441 0.1
l 2231 2232 2233 2234 2235
v -11.659994747432085 -4.17346569046975 0.1
v -12.698988894915106 -4.497394474337118 0.1
v -12.149844403511423 -3.819953402432643 0.1
v -11.20364876491431 -4.109154710085109 0.1
v -11.389950241075939 -3.595271630298887 0.1
l 2236 2237 2238 2239 2240
v -1.6814997931639282 -0.16184177390441357 0.1
v -2.0764227678275806 0.7137310082934634 0.1
v -1.879319283251033 -0.017212887133407184 0.1
v -2.7315259601924993 0.24703215014245994 0.1
v -1.5386118776627322 -0.29429579037331455 0.1
l 2241 2242 2243 2244 2245
v 7.8221700232164775 2.269508671461378 0.1
v 9.022372072054337 1.4083180603831134 0.1
v 9.534453591009225 1.6732420684884686 0.1
v 8.549015089388044 1.0282058603912607 0.1
v 7.8878862851478235 2.4555517929183024 0.1
l 2246 2247 2248 2249 2250
v -6.784009480843983 -7.897997442248153 0.1
v -5.398823985517536 -9.309992383594475 0.1
v -4.874670109752736 -8.37583974491291 0.1
v -5.328096291096741 -8.197398398986126 0.1
v -4.992967215253517 -8.620607573739838 0.1
l 2251 2252 2253 2254 2255
v 11.922683162335572 -4.577033693347425 0.1
v 11.867105422337227 -4.199915827446181 0.1
v 12.769560824127772 -3.9123465755523394 0.1
v 12.948682655964973 -4.647258546897547 0.1
v 11.854704280520409 -4.881303797745602 0.1
l 2256 2257 2258 2259 2260
v 12.959616023032556 -14.329237810305838 0.1
v 11.401488152313156 -15.714193485426865 0.1
v 12.953048120622208 -15.76283758236856 0.1
v 11.51191627367319 -14.990325890150995 0.1
v 11.967940854499178 -14.338015331892995 0.1
l 2261 2262 2263 2264 2265
v 5.001123280764949 -12.505106070271735 0.1
v 3.77544799687732 -13.347570389128327 0.1
v 4.335648986754594 -11.819183257480114 0.1
v 3.963261075212166 -12.855754976813557 0.1
v 3.577142130942205 -12.275585645838374 0.1
l 2266 2267 2268 2269 2270
v -8.315217724063322 -13.05172277071696 0.1
v -8.569596803867533 -14.501333041755917 0.1
v -8.959809592567014 -12.699654920957762 0.1
v -7.383985603428765 -13.336668810920097 0.1
v -9.054327859522731 -13.029969090859371 0.1
l 2271 2272 2273 2274 2275
v -4.927322131055752 9.783738809554489 0.1
v -4.766814250971426 9.978836094377405 0.1
v -4.793588690745128 9.397856975948372 0.1
v -4.5596865823659325 10.699915244655617 0.1
v -5.05829476575321 10.919196316657366 0.1
l 2276 2277 2278 2279 2280
v -8.682304868780115 -4.065274407491476 0.1
v -8.397025948023993 -4.4717758021369844 0.1
v -7.906205781210067 -4.438730472894058 0.1
v -8.416985781437134 -4.076272374395868 0.1
v -7.133856871654956 -3.0949783638653994 0.1
l 2281 2282 2283 2284 2285
v -9.81436331931366 -11.631314388862496 0.1
v -8.726439832652414 -11.798755904240931 0.1
v -10.285582169032526 -12.815565031643352 0.1
v -9.005853817936519 -11.898024919993766 0.1
v -9.034061821596248 -12.43329282737297 0.1
l 2286 2287 2288 2289 2290
v 10.380304837722424 -1.4215112292015109 0.1
v 8.6917169578095 -1.0268956997232241 0.1
v 8.84091515988337 -1.3599470395966777 0.1
v 10.414465445365508 -1.4313417977828686 0.1
v 10.413144054927814 -1.246327623410826 0.1
l 2291 2292 2293 2294 2295
v 8.376585312642824 13.676507830562862 0.1
v 8.790566592938488 13.901783002818053 0.1
v 8.854891108169461 14.938788967772563 0.1
v 8.411347174711759 13.384903571028069 0.1
v 8.561395054713273 14.111165366213648 0.1
l 2296 2297 2298 2299 2300
v 5.108197105065823 3.8026046387385 0.1
v 5.080415857398433 4.63650679376288 0.1
v 6.634325879650298 4.085149730530307 0.1
v 5.789525599226218 4.655108013793878 0.1
v 5.496946013456982 4.308647903378345 0.1
l 2301 2302 2303 2304 2305
v 0.2934496550098604 11.886645351434035 0.1
v -1.4781315808383626 11.696678149808095 0.1
v 0.28575269747557575 12.58607812562127 0.1
v -0.7472361837045429 11.625816995466582 0.1
v -1.5948389273751251 11.603932682405542 0.1
l 2306 2307 2308 2309 2310
v -6.91278283023243 -12.074108755025962 0.1
v -6.576443633246289 -10.786849366627548 0.1
v -6.793682491281572 -10.878426949820083 0.1
v -7.652868357725566 -12.094002888384232 0.1
v -6.28412934196618 -11.968882643614958 0.1
l 2311 2312 2313 2314 2315
v 5.184403594241032 -7.381349406797016 0.1
v 5.028303901248304 -6.70024504788022 0.1
v 5.123783281564707 -5.622168201108092 0.1
v 3.8778296452675884 -6.023292670451929 0.1
v 5.147580852896349 -7.510563494991632 0.1
l 2316 2317 2318 2319 2320
v 4.642592889158605 -0.8233517346553427 0.1
v 5.006396677151809 0.5008941269079825 0.1
v 4.199977770957804 -0.08687406735460312 0.1
v 4.616433509085812 0.590325265114801 0.1
v 5.014090297494022 -0.030531392431526028 0.1
l 2321 2322 2323 2324 2325
