# Cyvl Generated CAD Model
o Street_Mesh
v -13.680544801871292 5.026655628345907 0.0
v 7.029639025859069 -4.002862149849534 0.0
v 8.481934151262976 0.6780128730461001 0.0
v 12.802539460826665 9.95419061370194 0.0
v -4.27978921943577 -4.0164014510810375 0.0
v -0.058870034699793905 -12.197829818353057 0.0
v -14.529388462891802 -1.1017290316522121 0.0
v -6.520808446337469 4.499681489542127 0.0
v -13.443213708116673 -14.9499223055318 0.0
v 9.092499093152583 1.0462427325546741 0.0
v -12.822646027081646 11.276046553626657 0.0
v 14.768854391237255 -11.741709498688579 0.0
v 14.27035160997184 7.072610836476088 0.0
v 10.061800271971151 -8.8425836218521 0.0
v -4.00100983271841 -9.833310028538108 0.0
v -4.264717514801305 -13.084572554565966 0.0
v -10.790952961484436 14.024745689705014 0.0
v 10.223816591256764 8.228774475865066 0.0
v -4.285127270268276 -11.245344312861562 0.0
v -13.104492780170403 -11.399531585164368 0.0
v -14.786706505983602 -1.7277898583561182 0.0
v -4.709788854466751 13.088014356791973 0.0
v 1.9454122377210297 -0.23559128027409315 0.0
v 13.249162420630455 2.3974392795935273 0.0
v 1.2826832182472572 8.019319046288729 0.0
v -10.060265775944572 2.426159937866032 0.0
v -7.604535979044158 -13.94012367259711 0.0
v 2.5369981495314278 -10.17435289081186 0.0
v -1.770166227244772 -1.6277087479829788 0.0
v -7.830920713429805 -12.708141748793423 0.0
v -5.9718202032963745 -11.920699249953032 0.0
v 12.667051484168041 11.37892839498818 0.0
v -6.459238980081864 -7.583931309171021 0.0
v -9.173492744041141 -11.80435392819345 0.0
v 13.435346003912855 12.063092110678554 0.0
v -11.97520860529039 -1.2161007272079587 0.0
v -9.159095310256816 9.967998769134283 0.0
v 11.710258265433367 -1.8055685833096504 0.0
v 5.740200798551086 14.217269231565297 0.0
v -1.4561972846277058 -12.409942057915032 0.0
v 5.305790549668018 -10.879133470356464 0.0
v -3.6724534672684968 12.603743488900363 0.0
v 9.47199269477278 -10.89165403880179 0.0
v 11.584993780881632 0.14743172004818916 0.0
v -14.277515157940798 2.0963709400966763 0.0
v 0.6555656712735072 -1.636403457261622 0.0
v 6.736295888083987 -4.392776658758521 0.0
v -5.549052395392209 9.776209370233119 0.0
v -3.4646399425691925 7.2421334236860275 0.0
v 9.580745417508297 -9.734414995647967 0.0
v 8.399002150748856 9.230730400420725 0.0
v 0.7703309976495802 12.860358919017017 0.0
v -9.562783501343802 -6.422152469865978 0.0
v -8.70950779580744 2.5883149364963174 0.0
v -2.566911881964188 -7.559231226332486 0.0
v -6.895621784031391 0.569449981674552 0.0
v 6.919013596139848 6.536577290855348 0.0
v -13.764293145330157 3.9892075592651963 0.0
v -11.600035717885476 3.0423400197178125 0.0
v 10.477424711803906 -6.212555466219783 0.0
v -11.074989295389969 4.169270441867411 0.0
v -1.9027569106547162 12.384039433673024 0.0
v -10.613516535668168 -3.2716625751927495 0.0
v 3.2854556274833158 -14.659117927774787 0.0
v 14.209298669476993 0.9231895534321666 0.0
v -13.723902596451808 -10.519915689714253 0.0
v -1.7176904830848798 -3.2322875149548054 0.0
v -10.78642074612435 -7.482177156955004 0.0
v -8.166730968048796 10.511779161170125 0.0
v -4.367895960516762 10.670298126526177 0.0
v 11.369690258405171 14.165868539363146 0.0
v 5.4744653949164785 5.409132997505367 0.0
v 11.473111247876659 -12.898151491768658 0.0
v 5.873245248047169 2.2267237631604075 0.0
v -8.717627891281154 3.897463995963335 0.0
v -8.71511881670449 -3.1602684184908867 0.0
v 6.453012253448833 7.828992418013513 0.0
v -8.32115673366934 -3.3593737054616213 0.0
v 9.042920553765725 0.8453552005812526 0.0
v -2.086931732716039 10.949324666522443 0.0
v 14.054280045151245 12.880202343687415 0.0
v -3.0849730476620607 -1.8521551247686148 0.0
v -0.18982670194236562 8.59419942740351 0.0
v 14.29302257928066 0.49966980051249266 0.0
v 14.79077374713961 3.3441370958462358 0.0
v 12.025859772169497 -6.460040578618646 0.0
v 0.5535091538913548 2.0001731598749757 0.0
v 11.66661865846254 -0.4538328545168042 0.0
v -7.279840545961633 -13.846230880357325 0.0
v 2.3775098277255893 1.4075453989207745 0.0
v 13.698193384509068 6.086310398764908 0.0
v 12.18765485897893 13.642520152032375 0.0
v 7.852826927613933 -12.266948372125626 0.0
v 9.854841973690782 -14.507546102628112 0.0
v -1.8025958780781366 14.843134695664048 0.0
v -2.128011902794242 -3.5352106913924217 0.0
v 8.036291440657806 2.744681161828339 0.0
v 3.688735534087755 8.831932895816863 0.0
v -14.25375577568775 1.994922419078648 0.0
v 9.77510617673397 -14.365463435649872 0.0
v -6.318996997841168 11.448524954728782 0.0
v 11.45346358109964 10.505318768322468 0.0
v 12.747821761411615 11.924813910387456 0.0
v 14.536070364061743 -10.133560472168028 0.0
v -14.352077603514772 -3.7515871338546276 0.0
v -5.667577677231748 6.949004806578159 0.0
v 11.365956991619896 -4.441949233412743 0.0
v 5.119109572260641 3.3584682885557413 0.0
v 9.167927378148306 -7.419960159808397 0.0
v -3.1112283994443715 8.68814014736563 0.0
v 10.652009473647922 3.1913126707077026 0.0
v -6.783444897911977 -1.1845955280587077 0.0
v 8.825080766691826 -13.32732790056616 0.0
v -6.153246418281924 -12.573362765833735 0.0
v 9.416728625888936 -0.8887551985681057 0.0
v 3.74295444204472 11.74313289206475 0.0
v -1.2440787117811851 11.922686292789876 0.0
v -9.225132742722053 -5.300811619497836 0.0
v 13.51739054650534 6.848193416371942 0.0
v -13.825103954179212 -14.799085238017142 0.0
v -10.19856927904766 -13.973882521502674 0.0
v -1.798019017209299 -1.2689418671652675 0.0
v 9.815508530882653 8.055965510196984 0.0
v -4.936951109324582 -10.02829362358898 0.0
v -6.546247706224676 -8.85702003724873 0.0
v -0.763382957491558 -2.0272593181580305 0.0
v 0.07153664599172771 1.8646278902888298 0.0
v 7.905402930395212 -9.682249537669122 0.0
v -2.443488272081595 -1.111010761000216 0.0
v 14.912200345599558 -5.642196501605213 0.0
v 0.8497764110798016 -10.69496314227581 0.0
v 9.553939718869515 -0.9679206926375628 0.0
v -2.6998981747892685 -8.114611096680164 0.0
v 7.986041438765824 7.630165247246623 0.0
v 6.546800672018435 -0.5424308804795146 0.0
v 14.468292337143794 -2.781133552081883 0.0
v 0.9093107556691393 -6.333626572974026 0.0
v -1.4989573817583732 7.678763040341437 0.0
v 5.399441820860375 -13.954758062958717 0.0
v -8.272721297806129 -12.810392929241061 0.0
v 1.5536829073098488 -12.738351712934673 0.0
v 13.352795094950125 11.959479463286698 0.0
v -11.891459351987578 5.590879810042679 0.0
v 8.878411123238038 4.069222426973283 0.0
v -4.7665742433746345 9.225857133977115 0.0
v 3.2199855530634522 0.30262818187475204 0.0
v -11.056295644491911 -14.403222663328052 0.0
v 2.848077639762778 -12.465375933796167 0.0
v -13.00794711773051 -1.1823482578620315 0.0
v 10.206298473640345 -13.975774925202131 0.0
v -7.5762708181282505 -2.9691189154982567 0.0
v 14.673156249104068 -3.2186436923220754 0.0
v 12.187000917852856 -1.5294464249163866 0.0
v -8.811689838767052 -8.954756829887629 0.0
v -9.853573946165852 4.400836049579084 0.0
v 8.278438190871384 -10.377799106761813 0.0
v -3.331433685263619 5.288433366455138 0.0
v -2.319696243677754 14.176670769229531 0.0
v 3.743574266205542 9.108431885950267 0.0
v -1.3719306231359951 -9.317685916088521 0.0
v 14.165319748630282 1.1799631677567959 0.0
v 3.146613502409309 6.019068351015449 0.0
v -8.311862135655247 -8.470941791310906 0.0
v -1.942965417751111 -0.2723285760730505 0.0
v 3.5614921049564146 -7.635292169637978 0.0
v -11.025477982475422 8.622319524176419 0.0
v -9.470027756295167 13.4874470802024 0.0
v 5.103794447495602 11.302132841199636 0.0
v -7.8270370592945255 -8.715186691842973 0.0
v 5.694705403293483 -0.3343580272048712 0.0
v 9.511470806610305 13.833593350835145 0.0
v -8.430454045301303 -14.731003750115633 0.0
v -0.7427560542128049 7.062227475456893 0.0
v 8.993703277548775 -0.44802296720445156 0.0
v 14.433589263586327 -14.621309865266085 0.0
v 4.247543243691325 8.681950483471155 0.0
v -5.803926263004541 -6.5343349957838655 0.0
v 8.31525043968577 14.802275298163295 0.0
v 0.20688198605785146 0.4678566372022033 0.0
v 13.632792845426593 -12.771108174696565 0.0
v -3.50389784068102 -13.63315934408456 0.0
v -3.822707995248493 13.069674945436418 0.0
v -12.057147720188368 -2.2784112747758627 0.0
v -4.528824384673499 -0.7557148225605488 0.0
v 4.269339396269061 -2.3619983484968543 0.0
v 6.985948846093379 -8.88286473788321 0.0
v -12.290395288611762 0.09104704856872559 0.0
v 11.513379948097281 3.8570195669308305 0.0
v 13.18784470623359 -0.20258697774261236 0.0
v -7.937185489921831 -10.36520916223526 0.0
v 1.6235628207214177 -7.663617740385234 0.0
v -0.8151683008763939 9.538793123327196 0.0
v -7.380079634836875 -10.675993320532143 0.0
v 0.333905590698123 -0.46290875878185034 0.0
v -14.114095415803604 -0.7903918838128448 0.0
v -10.803311808907893 1.561076132580638 0.0
v 12.466340598941315 12.237648348324 0.0
v -4.6570802318747155 9.961898664012551 0.0
v 11.577506546280347 5.736674713902175 0.0
v 13.326103790663183 -13.173700714483857 0.0
v 3.3563877819105983 1.794983496889472 0.0
v -5.936425394960679 0.15884928219020367 0.0
v 13.474187783605885 -3.0384741574525833 0.0
v 5.376467191847041 6.403038183227181 0.0
v -4.519135122711305 -9.932738780975342 0.0
v -4.78414378449088 -3.158322530798614 0.0
v 1.9182149238768034 -10.91287028323859 0.0
v 6.83275247272104 -3.0392162203788757 0.0
v -9.610517946071923 0.4937319401651621 0.0
v -6.338098482519854 -6.72425383143127 0.0
v 6.101833758992143 -14.613669788464904 0.0
v 3.4624573981855065 -10.934099586680532 0.0
v 8.272692021273542 1.3060957584530115 0.0
v -5.545847900444642 -7.387821512296796 0.0
v 3.0237445229431614 6.968378820456564 0.0
v 1.7327440501539968 9.96522992476821 0.0
v 1.2210177670349367 -4.948873191140592 0.0
v -6.240485880640335 -7.21851472556591 0.0
v -5.5431783985113725 -1.2738784337416291 0.0
v 14.759685014782008 2.7613247595727444 0.0
v 1.7066271225339733 13.604199380613863 0.0
v -8.73038651474053 -5.423542299307883 0.0
v -6.1917291503050365 11.41989474836737 0.0
v 14.525838033703621 -3.1430361894890666 0.0
v 5.211009851482231 8.394800807349384 0.0
v -10.647257478674874 0.011279219761490822 0.0
v 5.3798248249222524 11.768858125433326 0.0
v 5.146387130836956 -1.1705495519563556 0.0
v 4.126081722264644 2.9337557880207896 0.0
v -7.364226785313804 -13.536873395554721 0.0
v 11.229790411540307 -8.411460821516812 0.0
v 4.649974836211186 7.203282401897013 0.0
v -2.3981616978999227 -12.04301957692951 0.0
v -14.926525046932511 7.612951251678169 0.0
v 13.095429470471572 -10.715809896588326 0.0
v -8.157718571077567 7.175866792909801 0.0
v -4.713265122554731 4.440036645159125 0.0
v -7.136784510454163 -8.147386668249965 0.0
v -9.602552648633718 9.780135637149215 0.0
v -1.5654753431444988 8.749056478962302 0.0
v 11.375832496909425 -10.173964667133987 0.0
v 6.189423516741954 14.851109482347965 0.0
v 7.605420049105305 -8.249106487259269 0.0
v -0.32593973696930334 -6.5313887763768435 0.0
v -9.394927910238039 11.37409081403166 0.0
v 0.6443793051294051 -11.330902598798275 0.0
v -9.002554028236773 -11.17057204246521 0.0
v 13.559621422784403 3.6792417028918862 0.0
v -10.2659759374219 -13.287072132341564 0.0
v -5.168668171390891 4.112581592053175 0.0
v -0.5758146859589033 -9.49182731937617 0.0
v 0.7983525283052586 11.268638910725713 0.0
v 1.2976149203605019 7.7422847375273705 0.0
v 3.282710124971345 -6.267438837327063 0.0
v -13.701283629052341 10.659391819499433 0.0
v 10.702572972280905 -7.398695009760559 0.0
v 0.08446206961525604 -13.176077412441373 0.0
v 9.487835662672296 -10.048979174345732 0.0
v -4.200947009434458 8.695585333742201 0.0
v -11.04632562509505 7.892769570462406 0.0
v 12.839006947295275 -3.480461214669049 0.0
v -8.404036863474175 3.6956317657604814 0.0
v 10.937775783822872 -11.976272504776716 0.0
v -12.740363951888867 -6.516558322124183 0.0
v -11.848879890982062 -3.7647289065644145 0.0
v -13.993276138964575 -12.426778535358608 0.0
v 14.830805399338715 12.08501104824245 0.0
v 6.548789914522786 -14.647601056843996 0.0
v 1.8473867912543938 10.419741821475327 0.0
v 4.764515262504574 11.498003258369863 0.0
v 7.8051787742297165 9.833716189488769 0.0
v -14.425081659690477 11.818990795873106 0.0
v -7.0086697460501455 -6.526094765402377 0.0
v 7.905044016370084 -6.765116228722036 0.0
v -10.875488795165438 13.392450571991503 0.0
v -9.498062076687347 2.339474000968039 0.0
v -1.121552050637547 -4.5805367371067405 0.0
v 9.553984415426385 -7.09894488658756 0.0
v 0.5638408932136372 1.6819923743605614 0.0
v 0.05808727809926495 4.760446600615978 0.0
v -4.557662631792482 14.999437257647514 0.0
v 3.543331517081242 -5.7890167366713285 0.0
v 0.5032026923727244 -5.928170938976109 0.0
v -4.1280457903048955 11.410355429165065 0.0
v -0.9558718064799905 -11.507102203555405 0.0
v 1.745429823640734 5.450564284808934 0.0
v 13.608671013382263 -2.6921726409345865 0.0
v -9.006149520282634 -7.899394389241934 0.0
v -6.287209155969322 11.12949014827609 0.0
v 0.982759001373779 -11.439530435018241 0.0
v -9.655569673224818 13.332112457603216 0.0
v 3.668158252374269 9.609525754116476 0.0
v 1.7708435464301147 -11.969156459905207 0.0
v -10.324293526704423 12.372039876878262 0.0
v -0.21309862891212106 5.409037956036627 0.0
v -14.669803322583903 -6.666150512173772 0.0
v -2.5246093060122803 8.367416293360293 0.0
v 8.133535946719348 -9.855468902736902 0.0
v -4.522844866674859 2.9886107705533504 0.0
v 14.145683375187218 -2.522124226205051 0.0
v -0.07901990681421012 9.468296335078776 0.0
v -9.402350477233995 -1.9995611552149057 0.0
v -1.765052369213663 -10.991012241691351 0.0
v 10.941577926743776 1.1021185917779803 0.0
v -7.480696980317589 -6.432315738871694 0.0
v 3.806224387488328 -12.207348868250847 0.0
v 5.772369262878783 12.966594598256052 0.0
v 7.758111311122775 3.0420978134498 0.0
v -4.834148973634001 -1.1413962515071034 0.0
v 5.972126371983904 10.421051730401814 0.0
v 6.754106392385438 10.316349885426462 0.0
v 9.389410073985346 4.857961484231055 0.0
v 8.873131499625742 13.94919225666672 0.0
v 4.897212357260287 0.7702159378677607 0.0
v 0.8569513054098934 7.165232967585325 0.0
v 14.454872831876855 -14.985328860580921 0.0
v 8.818785858980846 2.91241489443928 0.0
v -14.437916025926825 3.297477787360549 0.0
v 1.2324609985225834 14.631715685129166 0.0
v 9.364320727356244 -10.44690929632634 0.0
v 13.211162424471695 -6.130463443696499 0.0
v 10.87814951990731 -8.441737905144691 0.0
v -4.550486049207393 -14.516696739010513 0.0
v -13.533929143624846 -14.769596547819674 0.0
v 12.896887064911425 5.593908838927746 0.0
v 2.582062197790947 9.505861203186214 0.0
v 10.611620449111797 13.116541012190282 0.0
v -2.050003722542897 10.990069635212421 0.0
v 9.995173254515976 -13.771353763528168 0.0
v 12.014665028720628 -3.966459134593606 0.0
v -4.299861200212035 12.506116235628724 0.0
v 11.292747788422275 9.1247564163059 0.0
v 13.595741492754314 10.03026910778135 0.0
v -7.800510331231635 -0.01938250381499529 0.0
v 14.665278402506374 10.706228574737906 0.0
v -4.390805003873538 -2.35407786257565 0.0
v -2.600647439714521 -9.697800536639988 0.0
v 1.9750774327549152 -8.668194425292313 0.0
v -0.7331255683675408 -4.303025536239147 0.0
v -6.321377811895218 -1.3757465034723282 0.0
v 2.90654292301042 12.855025066062808 0.0
v -11.701429913868196 -2.9442207692191005 0.0
v 4.675222648947965 14.491524406708777 0.0
v 11.402559214329813 10.66151647362858 0.0
v 3.6248060822254047 -0.10508571285754442 0.0
v -14.927399344509467 -7.633075835183263 0.0
v -9.426547136157751 2.4401072273030877 0.0
v 0.628236653516069 -7.389264257624745 0.0
v 12.52857121505076 4.729669447988272 0.0
v 13.298464993888047 12.718559654429555 0.0
v -10.953948515583761 -5.949047821573913 0.0
v 10.744190833822358 11.901365050114691 0.0
v -8.437990228529088 5.4886023523285985 0.0
v 9.39771293225931 -9.560200720094144 0.0
v -10.422890694462694 -0.1833133026957512 0.0
v 1.5085229034302756 -6.814760790206492 0.0
v -4.200836862903088 -13.656897539272904 0.0
v 1.1226725887972862 5.49208920635283 0.0
v 6.397676391410641 -2.0457742856815457 0.0
v -7.6719013746478595 -12.146940902806818 0.0
v 13.599314625316765 -10.850510779768229 0.0
v 0.473119841190055 6.800003295764327 0.0
v 9.165300977358129 -10.649113411083817 0.0
v 3.800568829115946 -11.151014532893896 0.0
v -0.37157421617303044 -12.546509409323335 0.0
v 11.627919488179032 -9.85819970164448 0.0
v -3.925751493196003 5.740859559737146 0.0
v -3.184366775327362 0.516001115553081 0.0
v 0.09497975575504825 -12.50372005905956 0.0
v -10.58807248994708 14.542756769806147 0.0
v -13.781617244123481 -12.815132263116539 0.0
v -12.888019320787862 -2.7588295098394156 0.0
v 2.759054143098183 1.137718572281301 0.0
v -9.565678587241564 12.400002500973642 0.0
v -3.456719426671043 -14.68210487999022 0.0
v -9.369614797353279 -9.039806701242924 0.0
v 7.502365829888731 -9.563753608614206 0.0
v 9.952960343915038 2.105489478446543 0.0
v -0.7750596274854615 -14.530839895829558 0.0
v -14.619216062186752 -8.2358314152807 0.0
v -9.537415309052449 -9.081412302330136 0.0
v -10.48080388607923 9.535344764590263 0.0
v -2.0794898466556333 14.380264287814498 0.0
v 11.990836044424213 2.2261495254933834 0.0
v -9.964540390414186 -5.948206780478358 0.0
v -6.1268598784809 -6.065470569767058 0.0
v -7.389614635321777 13.106327062472701 0.0
v -8.296552452491596 1.5483975037932396 0.0
v 2.571954033453949 13.052904459647834 0.0
v 5.276642566779628 8.359776453115046 0.0
v -8.85660690208897 -6.001650279387832 0.0
v 13.10500284266891 -1.9937324179336429 0.0
v 6.044722952879965 -14.699227708391845 0.0
v 2.7439127433463 -12.165257159620523 0.0
v -6.817871893115807 -14.08336925599724 0.0
v -1.7394285016343929 -2.27785864751786 0.0
v 10.303783835261129 4.225554241798818 0.0
v 13.187790279451292 -9.611527017317712 0.0
v -5.148264910327271 -12.915101668797433 0.0
v -8.767858445295133 -7.515542093664408 0.0
v 11.046348854957614 -4.023037633858621 0.0
v 13.597365249413997 0.5842576306313276 0.0
v 4.265935801900923 -11.655071598477662 0.0
v -12.434273417049553 14.88289040978998 0.0
v 8.038848985044751 11.71210864931345 0.0
v -12.556668277422432 -12.233540813438594 0.0
v -8.546944316185545 -6.480723041109741 0.0
v 12.222899191023316 -10.60751387104392 0.0
v 1.5365818523569033 -0.6279561929404736 0.0
v 9.685815504286438 2.4000255428254604 0.0
v -14.737008648575284 -8.613681298680604 0.0
v 13.098446944379248 -2.0602723555639386 0.0
v 7.670118559035473 -9.391778293065727 0.0
v 4.137760842859279 -6.080033753998578 0.0
v 10.674716672394425 9.001382771879435 0.0
v 9.521191188017838 0.7147334683686495 0.0
v 8.3756237301277 3.6703832373023033 0.0
v 1.788556539802812 5.493093355558813 0.0
v -1.7605244339210913 4.847961911931634 0.0
v -12.36703227594262 6.210472770035267 0.0
v 10.640444636752363 7.2106280121952295 0.0
v 12.118253316904884 11.638650973327458 0.0
v -4.347565792908426 -3.5454910239204764 0.0
v 9.386463713890407 -2.596045782789588 0.0
v 6.857544244849123 11.649362536147237 0.0
v -5.10140127921477 -3.3233833080157638 0.0
v -2.224779829964973 1.8203567042946815 0.0
v 7.5220066759502515 3.9639871371909976 0.0
v 6.944484090025071 0.29643120989203453 0.0
v 0.43614706286462024 -7.027236934751272 0.0
v -13.694232150388416 -10.893276654183865 0.0
v 3.0237454201560467 -6.514288163743913 0.0
v 10.817799876269419 -0.26350666861981153 0.0
v 3.7046961588202976 -6.692098908126354 0.0
v -3.852502365189139 5.659497112967074 0.0
v 8.165299341431819 9.2992883939296 0.0
v -11.803506448748522 -4.04910169634968 0.0
v 13.257612448884174 4.494369872845709 0.0
v 3.9003162586013786 0.8605924313887954 0.0
v -12.439403679280076 -6.616945312358439 0.0
v -3.302885226905346 -14.168936664238572 0.0
v 2.0697186092147604 -1.0006980439648032 0.0
v 13.036528703582007 1.821841036900878 0.0
v -7.156319635920227 6.595377558842301 0.0
v 14.27303134201793 6.282625248655677 0.0
v -11.698247460706625 -2.400018287822604 0.0
v 11.390881110273767 14.370978073216975 0.0
v 10.418832559895236 -3.045928501524031 0.0
v -5.018660541099962 -10.538012026809156 0.0
v 13.822038122161757 -11.130134680308402 0.0
v -5.175618918263353 -5.425669656135142 0.0
v -14.250767041405197 -11.522301262244582 0.0
v 6.860776033892762 2.364072390832007 0.0
v 0.6239914057659917 -6.808926214464009 0.0
v -7.855068786418997 11.615777586586773 0.0
v -3.8790255474159494 -7.589808013290167 0.0
v 14.948544706858229 13.624367244541645 0.0
v -7.968042538675945 11.390838915482163 0.0
v -12.709443979489151 -12.065138165839016 0.0
v 9.06147114711348 13.26113519538194 0.0
v -9.204473976336885 0.7916554734110832 0.0
v 3.223464588285424 7.5046295039355755 0.0
v 4.964732730411924 2.2058342956006527 0.0
v -10.166800626204349 -12.819735296070576 0.0
v -4.680757140449714 8.810240717604756 0.0
v 13.774546966771595 -6.712481651455164 0.0
v -8.477633960836101 -6.293160670436919 0.0
v -10.318538545747288 -10.462568961083889 0.0
v -5.209006851015147 14.26941876206547 0.0
v 12.68433035776252 11.538059182465076 0.0
v 0.7597612394602038 -4.063067078590393 0.0
v -7.089660810190253 5.078697747550905 0.0
v 10.668902624573093 -4.413659860379994 0.0
v 1.3812048129620962 -8.742132524959743 0.0
v 11.613879984011874 0.38967703469097614 0.0
v -10.222577928332612 2.4023191360756755 0.0
v 13.978575588960666 -8.742197797633708 0.0
v -7.258126291970257 -14.268280703574419 0.0
v -2.3862884022528306 1.7364299278706312 0.0
v -8.173429341521114 -14.940948076546192 0.0
v -6.124266528058797 4.4110507452860475 0.0
v 7.280829300521873 10.542628682218492 0.0
v 7.471667954232544 4.318040629848838 0.0
v -3.5070551088429056 -5.155720820650458 0.0
v 12.387802216573618 9.8727857042104 0.0
v 8.975859427941032 -7.418703340925276 0.0
v -3.0194929952849634 -6.3910629246383905 0.0
v -5.315320967580192 6.133953737094998 0.0
v -3.118815472291317 -7.713353710249066 0.0
v 6.90541887836298 9.64606479741633 0.0
v -3.4114202953060158 -12.893551161512733 0.0
v 8.076185789890587 -2.2458745567128062 0.0
v -11.899579416844063 -11.06198749691248 0.0
v -7.221033341309521 7.469298691488802 0.0
v -13.469830738729797 -3.7420611260458827 0.0
v 5.069346700038295 4.5794804990291595 0.0
v 14.542757925926708 -7.9309249660000205 0.0
v 6.306693467311561 3.3383168848231435 0.0
v 2.285427513474133 3.2818606151267886 0.0
v -8.744201505440287 -12.60750885028392 0.0
v -13.604002565494739 -1.6485388409346342 0.0
v -14.700262118887622 -9.627298740670085 0.0
v 1.458404819946736 -13.426708520390093 0.0
v 9.986884675978217 12.265733227133751 0.0
v 12.450327861355618 -6.79068439360708 0.0
v 12.329230581759475 2.4859675774350762 0.0
v 9.035020204726607 -5.310631467029452 0.0
v -6.66348447924247 -11.635613857768476 0.0
v 11.678817907057237 -10.321606003679335 0.0
v 1.4711346268304624 -10.600418684072793 0.0
v -13.108810010831803 -5.686207837425172 0.0
v 1.9848168470198289 8.227652112953365 0.0
v -3.3588369010249153 0.26558821368962526 0.0
v -0.15428949729539454 14.488725411705673 0.0
v 8.052119569852948 1.2893281234428287 0.0
v 8.598893162445165 13.806882781907916 0.0
v -11.571681964909658 -2.670027338899672 0.0
v 6.264557538728695 -4.438310824334621 0.0
v 6.950465019966941 -10.297206323593855 0.0
v -7.506660143320914 -8.68036178406328 0.0
v -6.940380264655687 -1.4546013278886676 0.0
v -9.59481934044743 4.231297341175377 0.0
v -1.3096157052204944 -4.286177524365485 0.0
v -2.16628517548088 9.610385778360069 0.0
v 0.976849855738692 12.754014949314296 0.0
v 0.05444259656360373 -4.944090225733817 0.0
v -2.558021917066071 -13.96670460794121 0.0
v -6.2842254937277175 4.59048230573535 0.0
v 14.7660462341737 -10.430539377965033 0.0
v 7.053796901542228 -12.133539251051843 0.0
v -0.5802775321644731 12.005358102731407 0.0
v 3.9646344784414396 -13.159866348840296 0.0
v -13.480467218672857 -5.758820219896734 0.0
v 1.9771519235800952 6.852809151634574 0.0
v -2.633687400550116 4.591539555229247 0.0
v -0.190475910610985 13.73570354282856 0.0
v -6.614704918465577 9.804686272516847 0.0
v -8.337084683473222 2.6470203306525946 0.0
v -2.008902560803108 -8.88561032898724 0.0
v -9.077682621253189 11.182035557925701 0.0
v 5.979702290613204 -9.513814221136272 0.0
v 14.785546291212086 -12.275342226959765 0.0
v 11.01180428895168 -8.916167764924467 0.0
v 4.80585963599151 -2.0153720201924443 0.0
v 5.746370319160633 6.404506683349609 0.0
v 2.8321263078250922 2.021885072812438 0.0
v 11.59028725931421 -4.713949579745531 0.0
v -9.215375271451194 -7.500096116214991 0.0
v -2.0471765272086486 -5.744739257730544 0.0
v 12.887185022234917 7.597084739245474 0.0
v 3.8136482622358017 -11.375529118813574 0.0
v -12.87519522284856 2.779981237836182 0.0
v 4.895061820279807 10.707186557352543 0.0
v 8.71349671925418 -5.331864166073501 0.0
v -3.474692187795881 6.1176310032606125 0.0
v -2.4657041754107922 9.168479557149112 0.0
v -0.5460896844160743 -5.315309138968587 0.0
v 6.463663475355133 -1.6558849327266216 0.0
v -7.685347981052473 3.569323329254985 0.0
v -9.931585827260278 -11.151970295235515 0.0
v 9.131834566418547 6.67533702775836 0.0
v -12.001820990990382 -12.256892278790474 0.0
v -8.511747906799428 -4.101526316255331 0.0
v -7.009446676354855 -13.11678519565612 0.0
v -13.08664440998109 -2.692203503102064 0.0
v -4.170105964527465 13.890174520201981 0.0
v -5.713705582020339 -6.2745027001947165 0.0
v 6.098779839696363 0.08533941209316254 0.0
v -9.269082633662038 -7.737339844927192 0.0
v 12.818427289486863 -6.469164802692831 0.0
v 8.404969752416946 -10.896300693042576 0.0
v 9.83664699253859 -6.757895930670202 0.0
v -11.596737547137309 9.525952737778425 0.0
v 14.952464376401622 4.533873782493174 0.0
v 12.875835366139654 6.991054957732558 0.0
v -14.790908604802098 -7.143221969716251 0.0
v -14.2261870058137 6.74403821863234 0.0
v 10.72745471127564 0.8128730142489076 0.0
v -14.27375975967152 -10.421165383420885 0.0
v 14.146770687890239 -11.158639082685113 0.0
v -4.39350598375313 14.289296263828874 0.0
v -3.6112635390018113 -3.772879973053932 0.0
v 6.863528383721132 -9.062250047922134 0.0
v -8.766854273562785 -12.570522074587643 0.0
v -4.6844191086129285 5.904835555702448 0.0
v -6.653919992910232 10.456031621433794 0.0
v -13.850880445737857 9.06235358864069 0.0
v -11.487503003329039 -12.802263993769884 0.0
v 0.446408924064599 14.116833628155291 0.0
v 11.08681470027659 14.190863644704223 0.0
v -11.08238945750054 5.7903237929567695 0.0
v -1.1732898756745271 -10.717006552964449 0.0
v 0.6926192600512877 7.400034690275788 0.0
v -14.149877249088604 -1.4686258053407073 0.0
v 6.570591552590486 9.597693528980017 0.0
v -4.008048948133364 -3.06576887331903 0.0
v 9.37645248399349 -0.9174276180565357 0.0
v -4.168559679121245 -13.286383940838277 0.0
v -9.336712892749347 13.898466426879168 0.0
v 8.502710175642278 -12.302099055610597 0.0
v 12.280945543665439 14.864721918478608 0.0
v 5.960613893985283 -1.36382678989321 0.0
v 1.7548149590729736 -8.88990948535502 0.0
v -11.252868198789656 -5.867771439254284 0.0
v 7.523003155831248 2.4440013421699405 0.0
v 3.899740545952227 -8.03673247154802 0.0
v 9.562684557575267 -11.265436987392604 0.0
v -7.700609540566802 7.135310201905668 0.0
v -8.142587545677088 3.1766374595463276 0.0
v -12.764243172830902 7.5644175643101335 0.0
v -3.8322981571545824 -1.781067750416696 0.0
v 13.227735312539153 -12.621670707128942 0.0
v 9.086694054363761 6.367765102535486 0.0
v 4.033586672565434 -13.560553155839443 0.0
v 3.3356122103868984 3.996123650111258 0.0
v 11.760619115899317 10.838152568787336 0.0
v -0.7031388196046464 8.504160429351032 0.0
v 0.30005779553903267 -12.947571816854179 0.0
v -14.338845879130531 -8.383676448836923 0.0
v -14.064868479268625 7.2154952539131045 0.0
v 10.990030104934704 -10.331511205993593 0.0
v 9.366831271792762 -13.645643308758736 0.0
v -8.415682775957976 -2.167762021534145 0.0
v -14.234005968959536 -1.5089746741577983 0.0
v -11.656598323374055 9.423895603977144 0.0
v -11.72747555753449 3.4957087356597185 0.0
v 11.93714380345773 -4.917627875693142 0.0
v -14.433253776049241 -8.68717080540955 0.0
v 10.131405432941392 13.055993336252868 0.0
v 7.485169710940681 9.452232642099261 0.0
v -12.624348692246713 -5.185250253416598 0.0
v 13.94348858500598 3.7910752473399043 0.0
v -9.361733037687372 -10.29771705251187 0.0
v -13.762529466941487 2.974978300742805 0.0
v -9.315275193715934 11.961747120134532 0.0
v 4.315866648976225 -7.886827979236841 0.0
v -7.012819729920011 -12.596721455454826 0.0
v -10.579404292977415 -4.340027069672942 0.0
v 12.112894059158862 4.810171900317073 0.0
v -8.844124755822122 -6.249192489311099 0.0
v 8.090995293634478 3.2918970566242933 0.0
v 8.479790196113754 -14.249158149585128 0.0
v 7.717414156533778 12.789276184514165 0.0
v 5.174074445385486 -3.0325464317575097 0.0
v -9.457131406641565 0.3463122481480241 0.0
v -6.598677405505441 -11.729863290674984 0.0
v -10.439138342859223 7.298424256965518 0.0
v 5.7211254570866 -2.4978292593732476 0.0
v -2.813278906629421 -4.734435511752963 0.0
v -6.129027608432807 -8.138992577791214 0.0
v 5.7975914146518335 7.920119157992303 0.0
v 5.416966535907704 7.615561067126691 0.0
v -1.460896533797495 -5.39927002415061 0.0
v -12.525947289774194 3.050135382451117 0.0
v 13.667203163146041 0.9656915441155434 0.0
v 4.595961170271039 -8.6469242349267 0.0
v 5.287219764664769 -0.13231355417519808 0.0
v -7.303830240678508 -8.258509986102581 0.0
v -13.081333552312572 -12.017645097337663 0.0
v -12.26932095590746 -13.223948197439313 0.0
v 7.834323180839419 -4.999435286037624 0.0
v -13.729508526157588 -2.416324745863676 0.0
v -4.681074668245856 -0.2070256331935525 0.0
v -5.165108844928909 3.1369207836687565 0.0
v 5.88693183963187 -11.252106886357069 0.0
v 3.830290463345591 -9.154497950337827 0.0
v 8.699978862889111 -6.081819669343531 0.0
v -9.793664301978424 -6.3968620067462325 0.0
v 4.382532850606367 12.492079832591116 0.0
v 14.648701638972852 11.859607428312302 0.0
v -14.805567957053427 -7.359168178401887 0.0
v -1.447104596765712 -13.667638796381652 0.0
v 3.8496629513101652 -1.7369896471500397 0.0
v -13.489456765528303 -8.73496781103313 0.0
v -14.15187342959689 8.501177478581667 0.0
v -4.138903325656429 14.171342257410288 0.0
v -13.394208152138162 -1.4789917953312397 0.0
v 9.378489917842671 -9.653518065810204 0.0
v 9.888532320503145 -0.025256000459194183 0.0
v -11.025760649063159 -13.762650415301323 0.0
v -13.008930726267863 -11.50873096473515 0.0
v -8.960265424742829 -10.38645595498383 0.0
v 5.887102368811611 9.528640219941735 0.0
v -8.491655886173248 -14.186928357928991 0.0
v 9.70453924126923 11.010775974020362 0.0
v -14.058950816222932 -14.353337489068508 0.0
v -7.23533062369097 -3.7006012508645654 0.0
v -9.526068587147165 -3.3983760131523013 0.0
v 10.233280780317727 -2.3512806380167603 0.0
v 9.533124009205494 -11.24406514596194 0.0
v -12.055135817383416 -11.640836698003113 0.0
v -6.3315246578422375 14.098478252999485 0.0
v -6.911504291871097 -0.8615239933133125 0.0
v 12.340385462797713 11.157613994553685 0.0
v 5.623949877277482 1.911087665706873 0.0
v 7.489339108928107 -3.457460980862379 0.0
v 10.958197572268546 -5.001764235086739 0.0
v -14.130784536420833 -3.9799874080345035 0.0
v 14.300396969134454 0.5665381848812103 0.0
v 4.0465142783359624 -5.182187841273844 0.0
v 14.075332165462896 13.113201489672065 0.0
v 6.4736328209983185 4.446225945837796 0.0
v -10.468075449462049 -7.6999207735061646 0.0
v -10.547094339621253 -4.866499320603907 0.0
v -5.659994229499716 -1.1853396436199546 0.0
v 1.8683459689491428 -11.243734844960272 0.0
v 8.535357682791073 9.949317522346973 0.0
v 11.018950018275063 10.082366274669766 0.0
v 4.207453595299739 12.52135946135968 0.0
v -10.013492411002517 -11.438132956624031 0.0
v 10.895366874407046 10.016873242333531 0.0
v -13.289898194023408 -2.2674050061032176 0.0
v 14.089151989901438 -7.224243842996657 0.0
v 3.9179738387465477 -12.99914105143398 0.0
v 11.305145340797026 -11.868548473343253 0.0
v 0.4462172780185938 7.835552255623043 0.0
v 2.1799135537003167 -9.29044518340379 0.0
v 7.079587140469812 -13.272686090320349 0.0
v 3.1706960410811007 -2.873675181530416 0.0
v -0.6503244044724852 6.513386368751526 0.0
v 1.5180982291931286 13.905950500629842 0.0
v -4.229078344244044 11.396304307505488 0.0
v -14.258153757371474 0.9693351946771145 0.0
v -3.4416231857030652 5.912659813649952 0.0
v 6.227278334554285 0.4984514098614454 0.0
v 13.871884153864812 -4.631477649323642 0.0
v 12.835733621264808 -14.798793565481901 0.0
v 5.51269418199081 -13.806103711016476 0.0
v 3.2330728571978398 13.942314407788217 0.0
v 2.2672877127770334 10.160434579476714 0.0
v 10.036710120679345 6.694503893144429 0.0
v -11.14269950700691 -9.875468412414193 0.0
v 14.242192210280336 7.715038143098354 0.0
v 9.374961516237818 -0.09138374868780375 0.0
v 7.984924398188014 6.483052455820143 0.0
v -5.228413507284131 -13.79923396371305 0.0
v -6.452730656776112 10.76050877571106 0.0
v 13.31723201344721 12.128300016745925 0.0
v -2.912990957556758 13.064485776238143 0.0
v -9.566633883980103 0.4092627353966236 0.0
v -14.28992604551604 -9.260804074816406 0.0
v 2.7306931496132165 -6.333279996179044 0.0
v 8.331967570120469 -12.466596433892846 0.0
v 1.6673164648236707 -7.0898236790671945 0.0
v 5.428046065440867 -10.39895958546549 0.0
v -3.0768716442398727 5.857297516427934 0.0
v 10.096329949155916 1.1302795270457864 0.0
v 9.499306807061657 -7.915089774876833 0.0
v 5.858195360400714 -13.007349317893386 0.0
v -11.629557954962365 1.5088374353945255 0.0
v 1.5587617370765656 -12.378552512265742 0.0
v -7.270755288482178 -5.537903031334281 0.0
v 14.572859272127971 1.9820434637367725 0.0
v -1.7313071005628444 -13.56097962334752 0.0
v -4.340014740533661 -0.8772961180657148 0.0
v 10.225071500695776 -2.4379599038511515 0.0
v 1.0094459687243216 -1.4580299304798245 0.0
v -7.36726530251326 -5.270602140575647 0.0
v 8.076510975370184 -10.403959517367184 0.0
v -0.3561756943236105 7.809768343344331 0.0
v 14.28195866761962 1.5905554592609406 0.0
v 12.961323830415495 11.866994379088283 0.0
v 3.764516965195071 -0.8728782795369625 0.0
v 14.614259575144388 5.3869961043819785 0.0
v -1.307265541923698 -3.7353000110015273 0.0
v -10.966733451874461 -7.051605561748147 0.0
v 14.982500176527537 4.828619089908898 0.0
v 1.1799235890503041 -4.150278765708208 0.0
v 4.448560758784879 -9.272291919216514 0.0
v 2.529599745757878 -12.591050170361996 0.0
v 9.059594702732284 -1.0467296848073602 0.0
v 8.53684584487928 13.810786936432123 0.0
v -6.891248104162514 -14.482034983113408 0.0
v -3.185387596837245 6.458549903705716 0.0
v 5.661386988242157 -12.500893790274858 0.0
v 2.202422198955901 -14.001235927455127 0.0
v -10.68504560238216 -0.38407900743186474 0.0
v 1.9307092734379694 0.1910300413146615 0.0
v -11.472700424550567 -1.5357705689966679 0.0
v 7.986105325922836 1.7468529306352139 0.0
v 2.5736973638413474 -6.833148094825447 0.0
v -9.618028571712784 -13.139336124062538 0.0
v 5.203084986074828 6.057598513551056 0.0
v -14.988153212936595 -11.141545617952943 0.0
v -13.124152436270379 -7.839172831736505 0.0
v 1.6682960813632235 6.222944291308522 0.0
v -4.572263789712451 -13.526514422148466 0.0
v -13.488253877789248 3.5753610068932176 0.0
v -13.211024258693215 13.624529958702624 0.0
v 9.961916060536169 9.312326679006219 0.0
v -14.883519319351763 -7.519530686549842 0.0
v -6.938719495548867 -14.979380746372044 0.0
v 4.089886807429139 0.8763439757749438 0.0
v 14.852404049539473 -8.096784180030227 0.0
v -11.806600829819217 -13.90015597268939 0.0
v -12.819591859704815 -0.31842521484941244 0.0
v -8.941313950926997 2.654699237085879 0.0
v 14.834995166107547 -3.9261489287018776 0.0
v -6.732571202155668 -13.37083379086107 0.0
v 13.967934507876635 8.048958910629153 0.0
v -5.954034291498829 -1.9528836943209171 0.0
v 13.454397952649742 2.6344274850562215 0.0
v -7.237097597389948 7.807850192300975 0.0
v 3.7942379702581093 -11.239197695627809 0.0
v 5.1170658601331525 2.6441344656050205 0.0
v 2.219430960714817 4.756434315815568 0.0
v 2.170809611736331 5.161392264999449 0.0
v 3.986740706022829 -10.501084632240236 0.0
v 12.397257469536271 8.395018983632326 0.0
v 1.4350931433145888 13.78904453665018 0.0
v 8.786885526205879 9.83333716634661 0.0
v -4.265710506413598 8.571544267237186 0.0
v 4.431065207638312 -3.709003352560103 0.0
v 9.338182881940156 11.585418669506907 0.0
v 1.8379773342749104 -12.104317853227258 0.0
v 10.820651090238243 -5.696665592491627 0.0
v -2.0427848525578156 -1.8327953722327948 0.0
v -9.377687111031264 2.0339213171973825 0.0
v 11.69537553115515 -5.297422184608877 0.0
v -2.2644458956783637 -13.628047775477171 0.0
v 10.703424757171888 -5.06025785766542 0.0
v -10.451294699218124 10.98889263998717 0.0
v 0.9086549929925241 -9.44338768813759 0.0
v 6.052173453150317 -1.2061933297663927 0.0
v -0.0252640571561642 9.611321430653334 0.0
v -5.859804713050835 -6.1670567244291306 0.0
v -1.754907643829938 -2.9059510324150324 0.0
v 6.754113499366213 0.9991103745996952 0.0
v -8.301595917204395 14.019580520689487 0.0
v 12.04498720128322 4.3872374054044485 0.0
v -5.043308046006132 -13.262084508314729 0.0
v -7.057987810228951 -7.729975861497223 0.0
v -6.302753026364371 -12.1277598971501 0.0
v 5.1953523649135605 2.290237939916551 0.0
v -6.990750157099683 9.408806295134127 0.0
v -7.223344162048306 -2.2301753172650933 0.0
v 12.734806209802628 4.472347619943321 0.0
v -0.5255191188771278 -5.720427088439465 0.0
v 10.657758134882897 -8.75926650967449 0.0
v -7.8333201325149275 13.516411473043263 0.0
v 3.7507092963787727 -13.341095729731023 0.0
v -5.909355278301518 -1.0799642950296402 0.0
v 5.622022918949369 11.813070422038436 0.0
v 3.734017003502231 13.041880859062076 0.0
v -13.397248000779655 10.908050063066185 0.0
v -13.608777989342343 -13.633222484961152 0.0
v 11.088400658860337 -12.851832963526249 0.0
v -3.159228184435051 -2.9467194778844714 0.0
v -7.901628943684045 -7.56781420391053 0.0
v 11.880388699122705 1.0653778836131096 0.0
v -0.7116549048805609 -5.932619276456535 0.0
v -2.3746680469485 -12.712177883833647 0.0
v 0.7610026462352835 -7.783536205068231 0.0
v 7.836659645137843 5.47920807544142 0.0
v 7.305966159212403 -14.848833889700472 0.0
v 0.2675400565494783 13.256343877874315 0.0
v -3.5869928493048064 0.8422193881124258 0.0
v -13.513348450011108 8.316031884402037 0.0
v 2.6551462516072206 8.697179201059043 0.0
v -3.1244524744688533 -12.669136851094663 0.0
v -14.57868856296409 6.202487298287451 0.0
v 8.242943288525566 -9.491318304091692 0.0
v -5.164259873039555 -6.06762155611068 0.0
v -6.636115281085949 -10.9165523275733 0.0
v 6.108434004592709 0.11378554906696081 0.0
v 14.326684741477948 1.8773143412545323 0.0
v -4.59935243189102 -10.309154711663723 0.0
v 13.663112254114822 -12.774010442197323 0.0
v 13.551204930932727 12.229078767821193 0.0
v -4.4712486385251395 -6.271882553584874 0.0
v -5.860253598890267 -3.9243540009483695 0.0
v 7.813029834127519 5.2045435989275575 0.0
v -4.642475969681982 -4.180075255222619 0.0
v -4.037668891774956 -10.153107147663832 0.0
v -11.994989022728987 7.622664392925799 0.0
v 10.26597192673944 0.9058330086991191 0.0
v 1.7989345652167685 -10.550999118946493 0.0
v 9.205864617368206 12.560904300771654 0.0
v 6.084958795341663 10.14719142857939 0.0
v 3.984970667574089 2.1289337128400803 0.0
v -3.2729390405584127 1.5897643193602562 0.0
v 10.965999066538643 -6.703109422698617 0.0
v 3.640773501538206 1.1438235007226467 0.0
v 4.613046437560115 -10.533926631323993 0.0
v -14.972861732705496 4.069510661996901 0.0
v 9.500190467340872 9.902762808836997 0.0
v -9.684318523679394 -6.309219509363174 0.0
v 8.114265498006716 10.371943066827953 0.0
v 6.039642105228268 4.549415769055486 0.0
v -2.755155915801879 -3.8623830629512668 0.0
v 10.19304867554456 -10.727742257528007 0.0
v -4.6688873685197905 -2.1443262584507465 0.0
v -11.060674119275063 0.8005031244829297 0.0
v 1.7723572225659154 -10.660501745529473 0.0
v 2.2232045807759278 -4.648392864502966 0.0
v -7.693182845890988 -12.900300592184067 0.0
v -2.0493687737034634 9.738196779042482 0.0
v -3.267525840899907 -9.106889913789928 0.0
v 2.752266325522214 -8.150055737234652 0.0
v 5.472919547115453 -1.7382294498383999 0.0
v 12.233333231299184 0.48299610521644354 0.0
v -1.0132704276475124 14.59582972433418 0.0
v -9.880822571227327 1.0929675167426467 0.0
v -2.6964417829876766 13.32436759583652 0.0
v -5.745609931414947 5.12161461263895 0.0
v -0.280881350801792 -13.397373020648956 0.0
v -1.3580436226911843 -1.051474885083735 0.0
v -0.297228766605258 5.94402988255024 0.0
v 12.520892364962492 12.915446025319397 0.0
v -5.4137015517335385 0.2757429042831063 0.0
v 11.68314452667255 -14.3545077200979 0.0
v 10.5575133599923 7.954835907556117 0.0
v -3.8322114514303394 -6.141452166251838 0.0
v 5.12902747100452 3.332071678712964 0.0
v 5.716448048187885 -11.411978476680815 0.0
v 7.414965862757526 -1.6739405784755945 0.0
v 9.585059884702787 -5.30977064743638 0.0
v 6.535305112716742 -0.5148950638249516 0.0
v -13.699796473549213 -7.119686556048691 0.0
v 13.943727154284716 -12.31979026272893 0.0
v 3.4609638805268332 3.820797779597342 0.0
v 0.39906125504057854 0.9786871541291475 0.0
v -7.588149224699009 -7.873135460540652 0.0
v -7.089437274611555 -0.7545813750475645 0.0
v -0.1869726238073781 13.118509580381215 0.0
v -2.680729318468366 -6.447124930098653 0.0
v 12.400579659326468 -2.927453857846558 0.0
v -7.85661471815547 14.415081257000566 0.0
v -12.389594466774724 5.393154508434236 0.0
v 3.0951202688738704 -8.623818656429648 0.0
v -5.1038717133924365 11.07544728089124 0.0
v 0.2990906237391755 11.19359768088907 0.0
v -3.9695905374828726 2.9230645084753633 0.0
v 12.064993439998943 -9.006769391708076 0.0
v -3.1230250624357723 7.269193230196834 0.0
v -13.935783959634136 6.444767790846527 0.0
v -14.940621504734736 -4.669352974742651 0.0
v -6.4929569537052885 6.332843231037259 0.0
v -7.71318181901006 -3.26997937168926 0.0
v -9.728424560977146 -11.395938502624631 0.0
v 4.1219467762857676 1.422771475277841 0.0
v -0.5704492289223708 -6.149355522356927 0.0
v -2.91363778966479 -4.307456346228719 0.0
v -7.989282756112516 8.86286975350231 0.0
v 5.785555399837904 -6.335687363520265 0.0
v -13.250083565770183 -5.186825723387301 0.0
v 6.34739047056064 -3.5948937879875302 0.0
v 11.732209317618981 -0.09673345554620028 0.0
v 9.273676663753577 -1.2773597165942192 0.0
v 12.246773726365063 9.78593390993774 0.0
v 6.44335492013488 -4.748359566554427 0.0
v -13.437821299012285 9.703392558731139 0.0
v 3.2160618324414827 -8.306404513306916 0.0
v -14.356129117019009 -5.761483438313007 0.0
v 11.00062057247851 -13.758272391743958 0.0
v 13.18293220346095 -2.516420243307948 0.0
v 1.2115992714534514 6.4481651447713375 0.0
v 9.504855019273236 8.141343737021089 0.0
v 9.065951186988968 10.696619016118348 0.0
v 3.011031490867026 -7.481309385970235 0.0
v -13.729029148409609 -9.16163441259414 0.0
v 2.703119113401044 -2.2549551725387573 0.0
v -13.410345214419067 5.930385399609804 0.0
v -7.427413432160392 -5.25900311768055 0.0
v 12.244049030530732 10.749878029339015 0.0
v 6.292883855465334 6.165439143776894 0.0
v -13.269294050696772 14.67009352426976 0.0
v -5.700416114472318 -12.697006364353001 0.0
v -0.6620386028080247 10.1945241689682 0.0
v -8.519617583486252 0.9986833948642015 0.0
v 7.305730832798872 -4.411242770962417 0.0
v 8.63260543497745 8.790361528284848 0.0
v -8.80197701009456 5.763430793769658 0.0
v 9.563781583565287 -6.577327048406005 0.0
v 1.3702381399343722 4.89700121153146 0.0
v 10.083642524958123 -1.1762076076120138 0.0
v -7.805680120771285 1.1062285229563713 0.0
v -3.5102745429612696 -2.3741668118163943 0.0
v -11.553130972606596 -3.448008842766285 0.0
v 0.45992176950676367 -3.8574861185625196 0.0
v 2.54662254138384 -10.897202771157026 0.0
v 13.824143714329693 -3.6438165828585625 0.0
v 8.632325458107516 -14.038761341013014 0.0
v -10.900710676680319 -14.606523104012012 0.0
v -3.0413787086727098 -6.189944526180625 0.0
v -14.399090562714264 -12.973580845631659 0.0
v -10.901877969270572 7.133890042081475 0.0
v 3.9052587379701436 0.08889880869537592 0.0
v -13.057869957585353 1.2657608445733786 0.0
v -1.0559001450310461 3.91812686342746 0.0
v -2.5019667700398713 -7.915102799423039 0.0
v -6.815118718834128 -8.812810239382088 0.0
v 10.52398366923444 14.863918869756162 0.0
v 0.7104127492639236 -5.359916000626981 0.0
v 7.77898292260943 -10.5813099257648 0.0
v 4.435047954029869 -10.560704761184752 0.0
v -3.7865685289143585 -9.956617806106806 0.0
v -0.2837474089465104 -5.47980350907892 0.0
v -1.4382566090789624 2.317219822667539 0.0
v 0.07174709386890754 3.8668675627559423 0.0
v 7.280838368227705 -6.0202808771282434 0.0
v 11.686755866627209 0.05453993380069733 0.0
v 12.654029792814981 -9.948731428012252 0.0
v 13.379639917460736 9.069236412644386 0.0
v -8.90093639283441 -1.8125272151082754 0.0
v 0.786090595938731 10.608960717916489 0.0
v 1.1281459380406886 12.22141751460731 0.0
v -14.117229280935135 -6.337446965277195 0.0
v 5.3217584631056525 -1.6436938978731632 0.0
v -0.18850983097217977 -11.784014861099422 0.0
v 7.030096935806796 2.1989814918488264 0.0
v 6.599717920413241 -2.1237267488613725 0.0
v 1.989091519964859 -5.449769487604499 0.0
v -10.30964590178337 -2.467156329192221 0.0
v -10.950775514356792 -8.51044940110296 0.0
v 2.1311492398381233 10.01127826794982 0.0
v -5.532071003166493 -1.82850387878716 0.0
v -2.932100123784039 8.536224337294698 0.0
v -4.719091022270732 0.6676581623032689 0.0
v -14.890980189433321 3.957190290093422 0.0
v 0.6126566994935274 -5.951130614615977 0.0
v -6.931914433604106 4.584109237417579 0.0
v -1.9845257259439677 -9.324229668825865 0.0
v 1.1904548853635788 -8.902795768342912 0.0
v 4.360883997229394 -6.60313340742141 0.0
v 12.324745757970959 8.952980991452932 0.0
v 5.85884227353381 -0.058345088735222816 0.0
v 7.423004473908804 -2.847584574483335 0.0
v -9.816620713740122 7.76298404019326 0.0
v 7.367593734001275 -0.47602707147598267 0.0
v 3.1243198956362903 -14.177197271957994 0.0
v -0.8028140218812041 3.265424605458975 0.0
v 3.487153169757221 7.009907673113048 0.0
v 14.730857694870792 10.225037199445069 0.0
v 12.365485479065683 -13.870418267324567 0.0
v -10.159961153171025 7.2263540253043175 0.0
v -4.621638564975001 1.488546570762992 0.0
v 12.374262321798597 -12.135738789103925 0.0
v -8.960658828029409 -12.495610541664064 0.0
v -1.4181507304310799 -0.5102764116600156 0.0
v 4.909779456036631 3.6443744115531445 0.0
v -6.736161632172298 0.5217224219813943 0.0
v 3.118607585085556 -3.40948826726526 0.0
v 5.77450006181607 -0.13695868011564016 0.0
v 4.836942500958685 -3.8086809432134032 0.0
v -8.395960223744623 1.716310135088861 0.0
v 1.0146425556740724 7.921043218113482 0.0
v 13.62092548632063 12.462852771393955 0.0
v -6.8614685022621416 -0.808035590685904 0.0
v 5.553946439991705 -11.801204602234066 0.0
v 5.457325229246635 4.4549533147364855 0.0
v -0.2997196397045627 -10.557348208501935 0.0
v -1.5201757441973314 -14.423146071843803 0.0
v -3.567653057281859 11.985015629790723 0.0
v -2.322703253303189 -0.9727569259703159 0.0
v -4.197539377200883 11.149034757167101 0.0
v 8.72425992420176 13.80774459335953 0.0
v -1.0595311427605338 8.781119421124458 0.0
v 8.931188070215285 11.8932945439592 0.0
v 5.090656595479231 -14.932480636052787 0.0
v -3.212980726500973 -10.042676960118115 0.0
v -13.831019692705013 -1.5195325072854757 0.0
v 8.996804472757503 8.475806935690343 0.0
v 3.767359793477226 -0.749217264354229 0.0
v -4.094241630518809 -8.090796480886638 0.0
v -3.72544755297713 7.440290998667479 0.0
v -12.524530347960535 -7.563247398473322 0.0
v 13.025737922464032 -3.470624548383057 0.0
v 1.0486765431705862 9.411682195961475 0.0
v -4.284925286483485 2.993970962241292 0.0
v 8.045095330278855 -14.339283609762788 0.0
v -3.9541723722359166 -0.9073611088097095 0.0
v 8.850731239304878 6.099157915450633 0.0
v -4.7002048783469945 12.35428961366415 0.0
v 6.099051529774442 14.329338469542563 0.0
v -7.299791802710388 11.181767422705889 0.0
v -10.0666073745233 0.1788385659456253 0.0
v -9.094924167904537 14.56502528861165 0.0
v 14.325058969960082 5.557164924219251 0.0
v -0.55814708158141 12.851991850882769 0.0
v 5.5916398772387765 -12.360870466567576 0.0
v -9.94712588103721 -7.722750089131296 0.0
v 13.361430066055618 -8.49024323746562 0.0
v 4.627336500387173 -11.8998306337744 0.0
v -0.8450124214286916 11.966007401235402 0.0
v 9.843289229320362 12.592386201024055 0.0
v 14.35546746320324 14.282034447416663 0.0
v 12.294881912239362 -10.227589246816933 0.0
v -7.1910281693562865 13.135878385044634 0.0
v -7.0347798725706525 -6.242951434105635 0.0
v -12.196146333124489 -1.7800504434853792 0.0
v 1.5357608446502127 8.592001086100936 0.0
v 6.227077916846611 1.3924404932186007 0.0
v -5.681668500765227 7.299340590834618 0.0
v 12.079269056848716 12.213198023848236 0.0
v 9.223247785819694 -1.779909343458712 0.0
v -9.08194131765049 -3.2111081881448627 0.0
v 13.735933518910315 4.822942542843521 0.0
v 13.723988372890744 -8.403337850235403 0.0
v 0.6896497986745089 3.7574457293376327 0.0
v 11.37779674277408 -2.869264722801745 0.0
v 12.198475866287481 -11.486090584658086 0.0
v -10.851619439315982 2.6626197239384055 0.0
v 11.813309629273135 13.952194126322865 0.0
v 13.24484332028078 4.15719335898757 0.0
v -7.569161525112577 13.035407238639891 0.0
v -10.102947952866089 5.620939522050321 0.0
v -12.25672301434679 -10.230074672028422 0.0
v 1.0498013638425618 -1.3010162496939301 0.0
v -2.834401973581407 -5.337230924516916 0.0
v -13.737332739343401 -10.804375746287405 0.0
v -8.538946872286033 -7.038591057993472 0.0
v -9.16712548211217 0.38382238801568747 0.0
v -3.9538405283237807 -7.079089320264757 0.0
v 12.22197596199112 -0.0069601573050022125 0.0
v -5.094742062035948 12.283973628655076 0.0
v 9.610965479922015 0.8534923633560538 0.0
v 2.9780586268170737 14.234192383475602 0.0
v -1.0522961679380387 5.827700251713395 0.0
v 9.297932364861481 -5.890536700375378 0.0
v -7.29574142745696 -9.746477667242289 0.0
v -6.670231059251819 11.83917059097439 0.0
v -1.7606808803393506 -14.010035216808319 0.0
v 2.1673989261616953 3.39135002437979 0.0
v 2.074555935396347 -3.473022671416402 0.0
v 2.576565418217797 -8.828062223270535 0.0
v 5.460531879856717 -8.040442996658385 0.0
v -10.632289226341527 11.007708070799708 0.0
v -1.2418578078504652 7.121758317574859 0.0
v 2.1911638245219365 1.0380779150873423 0.0
v 5.551616207812913 1.236511773429811 0.0
v -0.6267124454607256 3.1393996942788363 0.0
v -8.759143279748969 -7.624288362450898 0.0
v -12.933833786286414 -4.870899524539709 0.0
v -12.942690379160922 8.123021733015776 0.0
v 11.87469347123988 -13.435670155100524 0.0
v 0.3004102252307348 13.844500847160816 0.0
v -4.897331485641189 -13.961046429350972 0.0
v -6.3789730408461764 3.921406814828515 0.0
v -11.208387007471174 13.384752091951668 0.0
v 8.247921865084209 5.086373060010374 0.0
v 2.6336285760626197 -14.068823582492769 0.0
v -10.42498217051616 1.518562681041658 0.0
v -0.34232350438833237 12.331862206570804 0.0
v -13.442175412084907 -6.541232370771468 0.0
v 4.304417287406977 2.946298454888165 0.0
v 3.800901750277262 3.6936829639598727 0.0
v 14.98806712066289 4.238778227940202 0.0
v -5.817581901908852 9.409530913457274 0.0
v -14.634459173539653 5.328227104619145 0.0
v 14.603804020676762 -13.729663673788309 0.0
v -6.108754830725957 -0.291940052062273 0.0
v 11.318540434120223 6.984216132201254 0.0
v -1.20215839688899 -11.922122058458626 0.0
v 11.377781749120913 -2.266780718229711 0.0
v 0.5345257804729044 4.982732814736664 0.0
v -5.410270114429295 -6.541917979717255 0.0
v -3.5883695850498043 3.176600848324597 0.0
v -10.739425177744124 -1.2982560880482197 0.0
v -14.87172628386179 12.114670665934682 0.0
v -9.066122323391028 -6.780134952627122 0.0
v -7.798960574727971 -9.313556937500834 0.0
v -7.511519967170898 -4.17468633595854 0.0
v 9.623541068984196 12.989011883735657 0.0
v -5.884291494498029 -12.405975037254393 0.0
v -7.851037900254596 10.779148580506444 0.0
v 9.871311073948164 10.762876778841019 0.0
v -8.012517394323368 3.8996326848864555 0.0
v -5.612806553894188 10.2353958459571 0.0
v -9.924377597984858 -5.0330230090767145 0.0
v -8.196322034869809 9.67153458390385 0.0
v -5.6080755277653225 -1.8017800599336624 0.0
v -0.6304138396517374 7.488132016733289 0.0
v -7.816679742361885 2.8601492028683424 0.0
v -8.749400763947051 3.1269681230187416 0.0
v -1.8542369050555862 -12.262863146141171 0.0
v -14.328385021246504 -9.181329185143113 0.0
v 3.408145102788694 -7.1705161817371845 0.0
v 9.975224219728261 -6.922896197065711 0.0
v -12.968481786723714 7.8529052045196295 0.0
v 8.310122210357804 7.904551170766354 0.0
v -6.8462745260912925 7.380734635517001 0.0
v -9.712280758074485 4.545018955133855 0.0
v -8.044508596300147 -5.216760811395943 0.0
v -11.72873913415242 -14.87115073390305 0.0
v -14.326495089684613 -14.68197398353368 0.0
v -11.706964858050924 -5.210296655073762 0.0
v 1.8900745982537046 -10.29842460155487 0.0
v 6.799406906065997 14.865188469178975 0.0
v -7.722049430361949 3.5321070896461606 0.0
v 10.602645267092157 -6.321696383878589 0.0
v 4.704483771754894 -9.705734424293041 0.0
v -6.050283030606806 10.344501782208681 0.0
v 0.4671644890331663 11.89486300572753 0.0
v 12.449205559736583 -12.14566891361028 0.0
v 12.02788738097297 -8.57276464998722 0.0
v 4.1725131597486325 13.888546831905842 0.0
v 5.073500349826645 -0.8891316512599587 0.0
v 11.036361226288136 8.009616474620998 0.0
v 0.2804472582647577 14.684532801620662 0.0
v 12.615343518380541 -12.469038408249617 0.0
v 3.3514300524257123 12.283990847878158 0.0
v 10.904766501276754 14.205916348844767 0.0
v -11.551700319570955 1.409030626527965 0.0
v -1.8184736576513387 -1.9988870909437537 0.0
v -2.597471379151102 -2.8050936618819833 0.0
v -9.58915581589099 -6.260876016691327 0.0
v 11.947313402837608 -14.857437958009541 0.0
v -4.24440636910731 1.0530772553756833 0.0
v -1.1626540987053886 9.483939351513982 0.0
v -2.8436074150376953 -3.0201913192868233 0.0
v 10.051415037130937 8.593044924549758 0.0
v 5.964990207343362 13.867029823362827 0.0
v 8.699017804756295 -6.954795024357736 0.0
v -5.792002433096059 -9.550780426710844 0.0
v -5.573276871989947 12.131601156666875 0.0
v 2.295867337321397 -12.063181008212268 0.0
v -11.605010300176218 -14.441205407492816 0.0
v 13.926369619613979 13.337880946695805 0.0
v -12.788877449464053 -11.273735529743135 0.0
v 14.14833438792266 -14.295101638883352 0.0
v -9.113071536645293 3.1163773955777287 0.0
v 0.31738904758822173 -6.201702346093953 0.0
v 5.638338811695576 14.150215681642294 0.0
v 10.056314252491575 -9.344759596511722 0.0
v 1.2043315596529283 7.3249904261901975 0.0
v 10.291479468229227 1.7598315700888634 0.0
v -1.5887821342912503 -12.59894525911659 0.0
v -1.3001687680953182 -10.55727621819824 0.0
v -7.419844243617263 -14.322741837240756 0.0
v -6.414713502686936 -14.23330269381404 0.0
v 13.154046298586763 -14.223564420826733 0.0
v 13.751290555519518 0.44817829597741365 0.0
v 1.4796724690240808 3.5572140151634812 0.0
v 14.329650186060462 -11.801442085765302 0.0
v -6.623651852889452 -11.176074627786875 0.0
v 6.492080658208579 -3.814180202782154 0.0
v -1.948618806549348 0.5383342336863279 0.0
v -9.102976607042365 -3.624809485860169 0.0
v 0.5043854005052708 9.229588123038411 0.0
v 1.2490335332695395 -3.9023896204307675 0.0
v -3.5004244113806635 0.3340160520747304 0.0
v 5.517310611787252 1.0900374371558428 0.0
v 8.874876849353313 -0.6677222745493054 0.0
v -6.528986095741857 12.227265551686287 0.0
v 14.236676236614585 11.676231533288956 0.0
v 6.849340148153715 -7.122107847593725 0.0
v -4.966470690967981 -0.5301216933876276 0.0
v 0.32194600510410964 12.937542961910367 0.0
v -13.763174524705391 -5.282400554977357 0.0
v -12.60443978663534 -7.485467563383281 0.0
v -8.67324689560337 -3.8469553953036666 0.0
v -9.494818780105561 7.4316780064255 0.0
v -1.672079430136364 -4.809279569424689 0.0
v -11.004222621966619 -2.9081954015418887 0.0
v -8.27066520700464 -10.529087267816067 0.0
v -7.736233534524217 11.840201381593943 0.0
v -5.7319929077639244 1.5145980566740036 0.0
v -4.599611662270036 10.435674748383462 0.0
v -9.955911883909721 -2.317610844038427 0.0
v 7.2435045831953175 -4.3526179464533925 0.0
v -8.49279836047208 7.0398549837991595 0.0
v 4.459178521530703 -9.637254913337529 0.0
v -5.098702413728461 0.32344362139701843 0.0
v 8.861485576839186 -6.620965830981731 0.0
v 3.9167144727543928 -14.05055593047291 0.0
v -7.153602446196601 1.5945681566372514 0.0
v 1.8014141142484732 -7.455358901061118 0.0
v -9.614480104646645 12.599301205947995 0.0
v 11.787168062815908 -0.14262155164033175 0.0
v -11.62386422342388 -13.768336939625442 0.0
v -10.18669289740501 -7.912877046503127 0.0
v -9.522725402843207 12.72643749602139 0.0
v 9.379490859166253 10.667150778695941 0.0
v 7.348781738139223 -11.866154028102756 0.0
v 10.736471917072777 -3.0598823064938188 0.0
v -3.621084729908034 -0.5255661280825734 0.0
v -1.2166856895782985 9.906510566361248 0.0
v -8.90952110249782 -9.65038681589067 0.0
v 6.526694265543483 -11.758574845269322 0.0
v 2.007659128343221 -14.273478682152927 0.0
v 10.842181740270462 0.8019441980868578 0.0
v -1.5291133034043014 -13.224725420586765 0.0
v -6.643130880140234 0.17453845590353012 0.0
v -0.7692047209711745 3.558609303086996 0.0
v 8.739390075439587 -11.693752877414227 0.0
v -10.515688986051828 6.45456170104444 0.0
v -2.0562776638544165 6.503235376439989 0.0
v 6.353243242774624 -9.399419878609478 0.0
v 8.432496173889376 2.4961829176172614 0.0
v 6.221076091693249 8.327094117179513 0.0
v -3.480782574333716 1.6732806535437703 0.0
v 3.3779386547976173 -1.178693120367825 0.0
v -2.019078921119217 -8.816311764530838 0.0
v -11.43208768486511 13.979452820494771 0.0
v 8.938403900829144 3.2611768981441855 0.0
v -5.798813684668858 -5.330388763919473 0.0
v 0.8991616929415613 -9.629374747164547 0.0
v -10.536937173164915 3.8106869496405125 0.0
v 6.714143747754861 9.44185428507626 0.0
v 13.045869333727751 0.03513094503432512 0.0
v 5.237131770176347 -2.578473505564034 0.0
v 6.692775500763673 -7.3159552766010165 0.0
v -2.681992086756509 -2.4193978859111667 0.0
v 3.4627163016120903 -12.532596487551928 0.0
v -10.105903562507592 7.71319926250726 0.0
v -2.1626748095150106 -14.655225642956793 0.0
v -10.881012678612024 13.303141145035625 0.0
v -5.3986302485573106 9.02247796393931 0.0
v 7.662122753972653 -12.427942743524909 0.0
v -10.256651617703028 13.767725962214172 0.0
v 3.9402452927897684 6.153984034433961 0.0
v -7.10780984145822 14.638152613304555 0.0
v -5.267452905885875 -7.347848583944142 0.0
v 12.183366146229673 9.473032464273274 0.0
v 14.83858207531739 -11.531485140323639 0.0
v 4.1909625144908205 -14.657996464520693 0.0
v 4.085467633325607 1.6825764803215861 0.0
v 1.2024667879450135 12.631899119354784 0.0
v -9.00304011820117 2.791683199815452 0.0
v -6.680941825383343 -6.564592624083161 0.0
v 14.146583727037068 -11.502919618040323 0.0
v 14.71279948524898 -14.744347725063562 0.0
v 9.321560597338248 -10.472758353687823 0.0
v -12.64134037256008 -10.353511513210833 0.0
v 9.615464462607633 -14.261629713699222 0.0
v -14.269604249158874 -9.114819986745715 0.0
v -2.488066978752613 14.095084798522294 0.0
v 3.6879298080457374 -12.136954267509282 0.0
v -8.429525115876459 14.755857334472239 0.0
v -6.942368621763308 14.715086460113525 0.0
v 7.62651219178224 2.611919252201915 0.0
v 0.4551428828854114 -14.221045600250363 0.0
v -3.3275847452459857 -11.667226707562804 0.0
v -8.815079373016488 13.473283011466265 0.0
v 14.109334600332659 -3.0279994839802384 0.0
v -10.052830432134215 -2.5717105185613036 0.0
v 10.61622065299889 -14.643924530595541 0.0
v -0.059477758302818984 10.690057343803346 0.0
v 1.9106823296751827 -5.989309534430504 0.0
v 10.82186835660832 -10.162744097411633 0.0
v -6.8899250528775156 13.238128239288926 0.0
v -13.520001656550448 -10.391142575070262 0.0
v 14.911291510914452 -0.717033444903791 0.0
v -12.183375989901833 -12.108037324622273 0.0
v 5.06366181949852 10.253671604208648 0.0
v -6.0723944116034545 -8.585365192964673 0.0
v 12.375132310437039 -3.913712503388524 0.0
v 0.6167949647060595 -0.20966026559472084 0.0
v 0.8122142280335538 12.029007327742875 0.0
v -6.290816748747602 7.54476950224489 0.0
v 1.603574757114984 5.238037768751383 0.0
v 13.591637187695596 12.32896642293781 0.0
v -3.7059842609451152 14.007956385612488 0.0
v -14.608627402340062 3.9569605495780706 0.0
v -6.900469015701674 -7.7633332489058375 0.0
v 10.129779118520673 11.874915009364486 0.0
v -3.767024618689902 5.374796895310283 0.0
v 8.124859158007894 4.213737829588354 0.0
v 7.651910968706943 11.705905442126095 0.0
v -9.367610894783866 8.151902155019343 0.0
v 10.592604050354566 -0.5754667520523071 0.0
v 5.476519901712891 -13.059170455671847 0.0
v -10.710774562787265 -13.484274302609265 0.0
v 11.689186829607934 0.4719133088365197 0.0
v -3.2189987501478754 -11.096152455545962 0.0
v 5.114841092086863 13.718902505002916 0.0
v 4.348162241396494 -10.084352533333004 0.0
v 3.249066593765747 1.3112915344536304 0.0
v 2.2616192223504186 4.23512695170939 0.0
v 1.156877069035545 -12.911703330464661 0.0
v 7.664880951924715 -12.142466678284109 0.0
v 2.94654482009355 4.096444242633879 0.0
v 12.34185184945818 -14.781095878221095 0.0
v 1.1148936499957927 3.393785109743476 0.0
v 0.26221661415183917 2.30544850602746 0.0
v -11.16078324202681 8.891527452506125 0.0
v 0.046520905510988086 -13.309942623600364 0.0
v 1.2302916669868864 -8.63722469843924 0.0
v 3.649378386209719 0.8312586611136794 0.0
v -4.58327048481442 -6.847952828742564 0.0
v 7.045965802331921 8.146398457698524 0.0
v -3.949605276575312 3.998824590817094 0.0
v -1.2738107715849765 -9.041604070924222 0.0
v -6.458889392903075 -10.074592079035938 0.0
v 8.16105130437063 13.268638079985976 0.0
v -10.832556186825968 6.239852600730956 0.0
v -8.065281434624922 -13.430521138943732 0.0
v -0.1746226113755256 7.099072695709765 0.0
v 10.334942332468927 9.741649055853486 0.0
v 3.0622479519224726 -1.4929200243204832 0.0
v 6.951708668551873 2.563406822271645 0.0
v -8.343832860176917 0.1320429788902402 0.0
v 7.919201441167388 0.8424492040649056 0.0
v -10.222597530577332 1.3484437922015786 0.0
v -2.416638419730589 12.542446224950254 0.0
v 8.262961281929165 -0.47868857998400927 0.0
v 9.873919204808772 -14.252841255627573 0.0
v -3.999766726512462 -2.877959000878036 0.0
v 8.985301295528188 10.964881208725274 0.0
v 1.6612113646115176 -13.621103127487004 0.0
v -6.323749034490902 14.369522145017982 0.0
v -2.9432369159185328 0.4074044609442353 0.0
v 2.6899532405659556 14.877011056989431 0.0
v -2.2255262448452413 -10.82451731339097 0.0
v 14.76022856257623 3.1830821186304092 0.0
v 2.8055949525441974 -0.9010102292522788 0.0
v -2.4189449067926034 12.416202089749277 0.0
v -9.5640291388263 8.64700895640999 0.0
v 0.8833256392972544 7.331660993397236 0.0
v -2.6987296803854406 -13.084799744188786 0.0
v -1.3809827543445863 -6.314437088556588 0.0
v -5.436515113164205 -8.750059412792325 0.0
v 13.159141158568673 14.068806357681751 0.0
v -14.455367416434456 0.3127014124765992 0.0
v -3.3630772787728347 -0.7202650308609009 0.0
v -11.15349825413432 0.5715433107689023 0.0
v 10.36654696543701 -4.320286147296429 0.0
v 10.753138811851386 9.715286516584456 0.0
v 10.159524185641203 7.359237322583795 0.0
v -5.749140463303775 14.353627877309918 0.0
v -4.644202590221539 11.229725441895425 0.0
v -1.9733471884974279 11.528290073387325 0.0
v 13.78084119153209 -5.636112938635051 0.0
v 4.29811021866044 10.117363681085408 0.0
v -14.080701575032435 -11.683837629854679 0.0
v -12.96789201098727 13.879231163300574 0.0
v 9.484241644910071 -8.731091661378741 0.0
v -12.756778312439565 -10.101561727933586 0.0
v -13.472908044001088 -3.8343935729935765 0.0
v 12.913796098844614 13.42282080464065 0.0
v -3.77073596365517 3.557688681408763 0.0
v 6.660691439581569 -13.469431675970554 0.0
v -6.582795807160437 14.719648273661733 0.0
v -9.232065137883183 9.49113838840276 0.0
v -7.519996279326733 -4.006923733279109 0.0
v -3.344941837247461 12.216839835047722 0.0
v 3.506115413561929 5.634896659292281 0.0
v 12.549903769046068 -2.333581805229187 0.0
v 14.50866560387658 13.479598177596927 0.0
v -12.775189539126586 11.403752310201526 0.0
v 12.188178374024574 5.259732981212437 0.0
v -12.537371017155237 13.682178976014256 0.0
v -7.630697292275727 11.019211783073843 0.0
v -10.330323002242949 -5.44817615672946 0.0
v 1.7877807729528286 9.022732568904757 0.0
v -4.929953605809715 10.3499515959993 0.0
v -7.080527591519058 -13.406943061389029 0.0
v 13.543222083419096 3.3639546018093824 0.0
v 5.996601577324327 7.0620929999277 0.0
v 8.131954718264751 13.021395874209702 0.0
v -6.970921338535845 12.16745816450566 0.0
v -6.040125711704604 -7.529944600537419 0.0
v 14.868452670634724 -12.657753716222942 0.0
v -2.18025684193708 -9.65456469822675 0.0
v -0.8817096290877089 -13.906457365490496 0.0
v -5.382568401226308 -7.605767564848065 0.0
v 6.01775881042704 12.376768982969224 0.0
v -5.188716066128109 -1.728645303286612 0.0
v 8.282595597673208 -11.69068190548569 0.0
v -14.821726824797224 -5.817363757640123 0.0
v 7.40434255625587 14.321776450611651 0.0
v 1.6497712882701308 -9.259809588082135 0.0
v -2.99094877904281 4.6061327354982495 0.0
v 7.5926873666467145 -4.90331398230046 0.0
v 9.524814256525133 5.977843144908547 0.0
v -7.2595834481180646 8.085982283577323 0.0
v 5.6766477292985655 -5.345686303451657 0.0
v 1.229718264832627 -8.319426140747964 0.0
v -1.4907621864113025 11.81927693169564 0.0
v 9.869502697198186 -8.135723371990025 0.0
v 3.0010571670136414 -4.350576830096543 0.0
v -6.239735619572457 -2.9584684669971466 0.0
v -3.6819148903596215 4.840870060957968 0.0
v -10.556238659133669 0.1823774203658104 0.0
v 10.277078467945103 7.736811315640807 0.0
v -5.452812230098061 -7.774265286512673 0.0
v 9.124309958249796 -4.692430146969855 0.0
v 14.783551618340425 -3.4128021635115147 0.0
v -11.858903392741922 7.194927668198943 0.0
v -11.264317760418635 -2.0654110433533788 0.0
v 14.44490286463406 9.374549687840044 0.0
v 13.829143008450046 -13.566894282586873 0.0
v 7.098684520111419 -10.015972698107362 0.0
v 3.3342427553143352 12.638073206879199 0.0
v 14.482562603894621 -3.3256881097331643 0.0
v 2.8157062534592114 10.88984566833824 0.0
v 11.957647797942627 0.035970741882920265 0.0
v -6.861122118134517 10.996063210070133 0.0
v 6.983555218728725 6.319418901577592 0.0
v 4.220556545711588 14.090072160586715 0.0
v -3.531247653882019 5.145204363390803 0.0
v 0.07701217941939831 10.851417852565646 0.0
v 8.512234717956744 12.298016548156738 0.0
v 0.4688980769715272 5.104143294505775 0.0
v 10.321942134876736 7.150422393344343 0.0
v 8.166995573148597 2.276858601719141 0.0
v -3.4759244463639334 -2.9301713248714805 0.0
v 13.188035732426215 -5.0807210905477405 0.0
v -11.777742586098611 7.891612688079476 0.0
v 12.40492437267676 -9.935435988008976 0.0
v 4.98289465776179 7.753788027912378 0.0
v 13.297205364331603 -0.32846634462475777 0.0
v -4.917016937222797 7.254262783564627 0.0
v -10.753911789914127 10.095057892613113 0.0
v -1.8827276303782128 14.269264911301434 0.0
v -11.028446654148865 0.8562342813238502 0.0
v -7.469336254755035 2.098200548440218 0.0
v -13.941116370202508 -12.078551579266787 0.0
v 1.8296643740613945 -2.890210031531751 0.0
v -2.481105752813164 11.390189264900982 0.0
v 12.990288649627473 -9.710842108353972 0.0
v 2.4150057975784875 -6.968190575018525 0.0
v -5.965136737620924 -12.770373947918415 0.0
v 11.264852508611511 10.863720341585577 0.0
v -9.552592896216083 -6.903075968846679 0.0
v -9.783540299162269 9.073950766585767 0.0
v 0.9996532238437794 -10.559857949614525 0.0
v -1.260035783634521 12.838410831987858 0.0
v -6.08718046778813 1.704342625103891 0.0
v 3.117390558356419 4.882827105000615 0.0
v -14.324948718829546 5.40686453320086 0.0
v -0.7053354742238298 5.3962451769039035 0.0
v -8.03452659805771 2.686915292404592 0.0
v -13.985772106330842 9.429802084341645 0.0
v -12.752985124418046 7.484172028489411 0.0
v 5.954454423976131 9.850361534394324 0.0
v -1.361078353424091 13.326759222894907 0.0
v 5.246852230571676 4.5002344604581594 0.0
v -12.572050038143061 1.5321243619546294 0.0
v 0.6433047372265719 -2.298064948990941 0.0
v 3.393726047652308 -4.563715937547386 0.0
v -8.211857425572816 1.6417475445196033 0.0
v 2.63920546148438 -9.072697245515883 0.0
v 6.100146278506145 5.168538616038859 0.0
v -9.106743120122701 -10.614880364388227 0.0
v 5.496713690634351 2.6796748666092753 0.0
v -2.93076420633588 -10.148542452603579 0.0
v 1.8131091508548707 -10.189053275622427 0.0
v -6.832977657148149 -4.826275132596493 0.0
v 10.205740145000163 -0.7410534070804715 0.0
v 10.800571956613567 12.305045569315553 0.0
v 3.7609895981731825 -6.620631154626608 0.0
v -7.335842256550677 -6.992600066587329 0.0
v -10.784873733588029 9.16722533479333 0.0
v -5.835116863599978 4.015360936522484 0.0
v 7.653472199046519 -1.343638121150434 0.0
v 9.050268739403691 1.8306665495038033 0.0
v -12.759741911373567 5.620200247503817 0.0
v 12.450947543838993 -10.431379076093435 0.0
v 8.5497388386284 -9.664233311079443 0.0
v 6.687398246605881 -13.930645451880991 0.0
v -7.799082183628343 -3.252945234067738 0.0
v -12.276182000758126 -2.307619610801339 0.0
v 12.980279038194567 -5.598141496069729 0.0
v -8.89944973756792 13.826509944163263 0.0
v 2.1213012252701446 -13.366663397289813 0.0
v 1.395132769132033 -2.4279217990115285 0.0
v -14.141321243660059 4.627623614855111 0.0
v 5.12632695020875 12.312903480604291 0.0
v -7.22652301582275 8.035757037810981 0.0
v -0.878264096332714 3.1749255191534758 0.0
v -0.13847296312451363 9.923903186805546 0.0
v 11.699113003967796 -12.262106239795685 0.0
v 0.11215255601564422 13.878960642032325 0.0
v -7.802563574106898 -11.44377110246569 0.0
v 0.25699143565725535 -10.946775006130338 0.0
v -7.491092220763676 9.387745134532452 0.0
v 5.379478168732021 6.412112879566848 0.0
v 7.754820259811822 -12.07372368965298 0.0
v -10.509176286752336 7.176845893263817 0.0
v 11.33655827207258 -5.1407115356996655 0.0
v 3.604857839178294 -0.9361409693956375 0.0
v -10.525999690347817 8.374825176782906 0.0
v -11.631689729518257 6.853594908490777 0.0
v -12.650195963215083 2.4891254603862762 0.0
v -3.809927426686045 12.478377089835703 0.0
v 14.47228395100683 -4.787405120208859 0.0
v 13.126683259208221 -10.973787650465965 0.0
v -6.499724489403889 -8.587560794316232 0.0
v -4.474138477584347 12.84532731026411 0.0
v 13.695324842818081 -3.7796826800331473 0.0
v 8.543098077294417 2.577666560187936 0.0
v -14.640084620332345 3.1442164443433285 0.0
v 2.9378976791049354 1.0860631316900253 0.0
v 10.72661643056199 -9.04692070465535 0.0
v -11.011847864836454 -12.387090749107301 0.0
v -14.293769066687673 9.868834461085498 0.0
v -5.387871820712462 -9.32218379713595 0.0
v -9.168809210357722 -14.029076588340104 0.0
v 11.747610057936981 1.7193285636603832 0.0
v -11.111426056537312 -6.6293256329372525 0.0
v 14.50627730198903 -0.858107328414917 0.0
v -5.141577904229052 -7.33988012932241 0.0
v -12.437744374270551 11.490993648767471 0.0
v 6.3358269452583045 -0.2778793917968869 0.0
v 8.686223869794048 8.27883938420564 0.0
v 7.229212692473084 -1.6646552113816142 0.0
v 1.871788234449923 2.403690552338958 0.0
v -10.762071491335519 -6.565993518568575 0.0
v 13.559916707512457 -0.9810572182759643 0.0
v 6.320900758437347 12.819411804899573 0.0
v -5.435676755965687 -12.97500517591834 0.0
v -1.2574791785445996 -4.778811642900109 0.0
v -1.7644086039508693 -14.832768622785807 0.0
v 11.602655161113944 4.383625350892544 0.0
v 0.9767235369072296 13.297493274323642 0.0
v 11.738595230912324 -12.529905153438449 0.0
v -13.665775061992463 -7.35289132129401 0.0
v 8.336220703960862 -0.5190072543919086 0.0
v -14.903476333303843 -13.399622168391943 0.0
v 10.280847767542582 -4.940463172271848 0.0
v 8.375024449080229 0.5891833091154695 0.0
v 12.722088540322147 8.253229858353734 0.0
v -8.73170826752903 4.470391028560698 0.0
v -14.415574074781034 13.836174665018916 0.0
v -2.6260320066357963 0.6344420742243528 0.0
v 4.06943760701688 7.4031364638358355 0.0
v -14.52233736787457 -14.71858670655638 0.0
v -2.3848962703486905 3.243220169097185 0.0
v -9.066851689829491 9.829010205343366 0.0
v 14.745649500808213 -2.4585135364905 0.0
v -9.896851418365259 -9.788562765344977 0.0
v 9.127435847360175 10.620772724039853 0.0
v -1.7486267135245726 -7.469269444234669 0.0
v 4.924415858637076 6.33454480022192 0.0
v 5.64637491729809 3.7501041516661644 0.0
v -11.809899083396886 -8.47746745776385 0.0
v -4.052887337573338 -5.962841654196382 0.0
v 7.960207991243806 -10.065507144667208 0.0
v 2.574052833369933 12.331454663537443 0.0
v -0.22489122318802401 2.9465544149279594 0.0
v 8.848533908370882 5.784788686782122 0.0
v -6.907024436281063 11.258895155973732 0.0
v 12.736266422551125 1.6136092245578766 0.0
v -2.929890697414521 -12.00840768776834 0.0
v 1.438944214314688 -2.6630896758288145 0.0
v 6.514365439012181 -8.135191813111305 0.0
v 0.8003677424858324 -7.971122525632381 0.0
v 11.033108810486738 14.687569708563387 0.0
v -2.236595200782176 -8.484183953143656 0.0
v -7.617225262511056 1.139790952205658 0.0
v 14.324141602031887 5.30838453117758 0.0
v -2.137043582799379 10.956799140200019 0.0
v 0.4117634152062237 6.244503089226782 0.0
v -4.205784799414687 -1.9758021254092455 0.0
v -3.6063420349382795 -2.4911904707551003 0.0
v -11.948429868149105 14.29217681195587 0.0
v -10.884726887394208 2.1848537968471646 0.0
v 12.390145799145103 9.522568078711629 0.0
v -9.329386904661078 -6.523387053981423 0.0
v 8.182337993581314 3.0184580786153674 0.0
v -6.156881447008345 -8.753432429395616 0.0
v 1.3072752181324176 -8.399266012012959 0.0
v 6.34218188963132 0.81794149056077 0.0
v -4.5030952480155975 -6.6931700967252254 0.0
v 3.4564746504765935 11.262444936670363 0.0
v -0.3312571582500823 -10.113237347453833 0.0
v 11.061776167422067 6.267798101529479 0.0
v -12.582271707127802 11.206084985285997 0.0
v 13.716187775717117 10.499085386283696 0.0
v 4.4108138758456334 3.0964412977918983 0.0
v 11.806625915574841 5.964677229523659 0.0
v -8.311779138923157 -8.603794030845165 0.0
v -3.2445507343509234 11.41885942965746 0.0
v -10.614644246408716 4.74755001347512 0.0
v -5.5489500813419 2.387124601751566 0.0
v -5.774816709337756 -7.393228555098176 0.0
v 8.743648285104427 4.098837371915579 0.0
v -3.421313540486153 6.0964238261803985 0.0
v 9.70208925253246 -8.49123735819012 0.0
v 5.118528396007605 -3.559625375084579 0.0
v 11.958853280113544 7.499789705500007 0.0
v -1.8522461726679467 -0.2887114239856601 0.0
v -5.620251594460569 14.843551046214998 0.0
v 0.23487236024811864 -13.183793635107577 0.0
v -4.067968272662256 12.79805797804147 0.0
v 7.55455245327903 11.395591819658875 0.0
v 11.825289368978702 13.988550407812 0.0
v -0.6751107486779802 1.4658325035125017 0.0
v 5.574138180585578 -12.096499820239842 0.0
v -0.9416443820809945 5.724289066158235 0.0
v -4.685871113964822 -14.133115055039525 0.0
v -14.32520931365434 -13.939519767649472 0.0
v -9.320576311321929 -1.8074002359062433 0.0
v 4.37967618991388 -9.274629873223603 0.0
v -8.00603154831333 -11.135524430312216 0.0
v -1.5665550056728534 11.834668398834765 0.0
v 14.733779367466923 -4.781054666265845 0.0
v -14.86213072569808 5.357169331051409 0.0
v -6.506365953478962 14.898310793563724 0.0
v -13.948417568579316 1.5928558818995953 0.0
v -4.546550250961445 -4.149444862268865 0.0
v 12.227057473151945 5.657649464905262 0.0
v 5.397129497257993 2.966039204970002 0.0
v -4.726016079133842 6.2467322163283825 0.0
v -13.021776095498353 -9.477576826699078 0.0
v -13.005510941904504 11.508613663725555 0.0
v -6.040649396076333 12.96561041008681 0.0
v 3.5392906710039824 3.075320839881897 0.0
v -7.63890365959378 13.933625351637602 0.0
v -11.571365386073012 5.368574526160955 0.0
v -8.846805701963603 11.951499302871525 0.0
v -10.300401478947606 10.044670963659883 0.0
v -6.380105364485644 -1.5193545781075954 0.0
v -3.1933380330447108 -9.94232701137662 0.0
v -9.979718769609462 14.21109517570585 0.0
v 13.003374478663318 8.45210463181138 0.0
v 2.2524885638267733 -8.079440463334322 0.0
v 2.5313322883448564 -5.513379882089794 0.0
v -5.467961340851616 -13.774990449659526 0.0
v 11.601984000008088 -14.06501111947 0.0
v -3.523957659548614 -10.53559132758528 0.0
v 5.63362510810839 -3.8714004242792726 0.0
v 3.2747641124296933 4.644240077584982 0.0
v 12.027740832534619 -5.50697014760226 0.0
v 12.230790918518323 5.780321942642331 0.0
v -0.509737629792653 8.869055799208581 0.0
v -0.8337829801021144 -8.491498861461878 0.0
v -12.546018108550925 11.556280037388206 0.0
v 6.999632883933373 3.15655714366585 0.0
v 8.924663320998661 6.24242109619081 0.0
v 0.10414283437421545 1.8578777173534036 0.0
v 9.951220299990382 10.608995380811393 0.0
v -5.139963757887017 4.139115474186838 0.0
v -6.1755196347949095 -0.44583515264093876 0.0
v 0.8194923039409332 3.406534431502223 0.0
v -2.5179535934585147 -3.983549906872213 0.0
v -11.282819865853526 -7.136154563166201 0.0
v -13.218659808509983 6.83054131269455 0.0
v -12.625501786824316 11.696188188157976 0.0
v -13.560707228374667 -7.684758494608104 0.0
v -1.063336313876789 -4.41986273881048 0.0
v -3.942852056119591 1.310302110388875 0.0
v 12.068410638603382 4.797882167622447 0.0
v 10.58935718581779 12.399747358635068 0.0
v -0.4282455801148899 8.571663371287286 0.0
v -0.9314491166151129 12.553309454582632 0.0
v -10.499802311183885 -8.149041736498475 0.0
v -8.41883066506125 5.908881006762385 0.0
v -10.822410258871969 -1.0739691061899066 0.0
v -12.613211177056655 -13.416963318362832 0.0
v -6.3575888451887295 1.354228246025741 0.0
v -2.636357709649019 8.029573225416243 0.0
v 9.029710459406488 10.220151324756444 0.0
v 10.705108408699743 -10.077583895996213 0.0
v -13.763392722525168 -12.220848739147186 0.0
v 6.92149962647818 -8.191755646839738 0.0
v -14.2763877119869 -9.373183229006827 0.0
v 3.822158965456765 0.07946435082703829 0.0
v 4.144439789117314 -1.8442645817995071 0.0
v 7.318338181183208 8.074958249926567 0.0
v 14.94077770068543 4.662364053539932 0.0
v 6.367066590173636 -8.520542560145259 0.0
v -1.8989938683225773 -11.080710045062006 0.0
v 10.853415804333054 -4.2179391868412495 0.0
v -1.0120718976249918 12.474812892265618 0.0
v -3.3025655742385425 -2.808338866569102 0.0
v 6.075444995309226 -5.221735292114317 0.0
v -10.668117698049173 0.544509993866086 0.0
v -13.1994305595872 -13.530777972191572 0.0
v -4.164439311949536 -13.560713045299053 0.0
v 8.389113336452283 -5.823947592638433 0.0
v -10.710829038289376 14.96572300978005 0.0
v -6.472928908013273 2.709067993797362 0.0
v -13.61966104246676 14.244929301552474 0.0
v 11.1167320930399 11.87150938436389 0.0
v -14.90068640303798 4.746492775157094 0.0
v 0.6775865021627396 5.368220465257764 0.0
v 11.78148979897378 2.6227948563173413 0.0
v -10.993337858526502 4.323216798715293 0.0
v 3.0188989433809184 2.849616819061339 0.0
v 4.410205120453611 -1.2618575571104884 0.0
v 14.043075232650153 8.32094371970743 0.0
v -14.878470280673355 3.112403546459973 0.0
v 3.7326010484830476 -10.09109134040773 0.0
v -0.025169923610519618 -2.3515376457944512 0.0
v -14.884972138563171 5.207537583075464 0.0
v 8.919855789921712 5.644963794387877 0.0
v -1.9212611773982644 -0.9190759798511863 0.0
v 14.603768540429883 -14.668144214898348 0.0
v -3.513458364934195 14.747879266738892 0.0
v -12.975736931082793 11.792141607031226 0.0
v 11.114481181255542 -2.2729314658790827 0.0
v 11.082351172110066 4.5557700684294105 0.0
v 0.006638434831984341 -13.91278568096459 0.0
v -14.394042504718527 -12.083939155563712 0.0
v 8.866376638005022 -2.52906808629632 0.0
v 5.1964582108776085 -4.858650108799338 0.0
v -1.595281423884444 6.403397910296917 0.0
v 3.6450758302235045 -5.801706261001527 0.0
v -8.969257533433847 4.2699975883588195 0.0
v -6.882395713706501 -0.25420511700212955 0.0
v -13.347496211819816 -14.360793083906174 0.0
v 9.619328582892194 13.43932240176946 0.0
v -6.5526742756483145 -9.240489446558058 0.0
v 13.972205811063759 -4.006220261566341 0.0
v 7.999226468324196 -3.0275082318112254 0.0
v -14.384013631788548 10.761459348723292 0.0
v -2.844861050718464 -13.507926720194519 0.0
v 11.311286121373996 4.23315308522433 0.0
v -4.103536284645088 -5.519162550568581 0.0
v -3.6407879143371247 -10.073652427643538 0.0
v 13.142072591930628 -12.042650148272514 0.0
v 13.107255768612958 -12.1564706787467 0.0
v -0.19897174584912136 5.167329352349043 0.0
v 4.5150085832574405 12.203833780251443 0.0
v 9.066989098093472 13.83067165594548 0.0
v 4.489921093103476 3.898260349407792 0.0
v 7.47405160026392 -11.742242151871324 0.0
v -14.02617669373285 0.13954937644302845 0.0
v -10.29320265527349 4.87429725471884 0.0
v -9.105724505032413 3.4126590359956026 0.0
v -9.495513688132633 3.3364556627348065 0.0
v -9.117111500236206 -12.259840643964708 0.0
v -12.605328180536162 13.95338898897171 0.0
v 4.458796196209732 -3.4702216554433107 0.0
v -3.8970365357236005 14.976740350015461 0.0
v 5.14323222998064 -1.2813055887818336 0.0
v -3.4566037238691933 2.8803139394149184 0.0
v 5.3913958123885095 3.113739999011159 0.0
v 12.835869520786218 -6.465680812485516 0.0
v 13.427000190946274 -12.230029704980552 0.0
v 1.4983458547503687 -4.991690901108086 0.0
v 11.76314150338294 0.7116347998380661 0.0
v -13.907603382598609 5.190001789480448 0.0
v 4.049600984551944 -11.237834579311311 0.0
v 14.191168328281492 -8.070899970829487 0.0
v 12.24187755578896 -8.945001915097237 0.0
v 12.858232353522908 8.930686328560114 0.0
v 3.5778100203024223 10.03383076004684 0.0
v 4.228962350462098 -5.193662840873003 0.0
v 13.925238031544723 -1.5187473958358169 0.0
v -5.571079286804888 7.439369107596576 0.0
v -0.6662474944605492 13.373596040531993 0.0
v -3.4859475162811577 -13.660974534228444 0.0
v -5.507598023861647 -4.162817067466676 0.0
v 6.54529955459293 8.694489860907197 0.0
v 7.543098473222926 -4.297814470715821 0.0
v -3.369523457949981 -9.657402459532022 0.0
v 14.155571625742596 12.667287758551538 0.0
v -0.2216001354972832 -0.7848072703927755 0.0
v -11.640498264867347 2.3534886753186584 0.0
v 2.5433664158335887 13.156868720427155 0.0
v 9.224071386037394 14.312458934262395 0.0
v 13.461849292740226 -5.267142189666629 0.0
v 7.2024143851595 7.128071337938309 0.0
v 14.936637244711164 1.6544754290953279 0.0
v 11.242740155837964 -0.5907967984676361 0.0
v -3.329453361220658 8.41300872899592 0.0
v -11.255930705112405 5.5717511447146535 0.0
v -14.29153704579221 5.740164468996227 0.0
v 6.3120440453640185 10.73632169701159 0.0
v -0.6768291214830242 7.229970904998481 0.0
v 10.377431777771562 -10.689838324673474 0.0
v 1.3466908716363832 -8.812802939675748 0.0
v 6.549590385984629 10.039680904708803 0.0
v -2.0416986934724264 -14.457429848611355 0.0
v 8.598070279345848 -8.103498306125402 0.0
v -11.35607624828117 7.802449768409133 0.0
v -4.6393989899079315 -8.421192593872547 0.0
v -1.8408206337480806 -2.407261054031551 0.0
v 6.565491929184645 -4.867999418638647 0.0
v 4.579383472038899 -12.671844175085425 0.0
v 13.016906822042074 14.004353079013526 0.0
v -14.33399793569697 3.8273391062393785 0.0
v 3.5790991375688463 9.85309571120888 0.0
v -5.3352158071356826 -3.8569335490465164 0.0
v -5.133724481856916 9.968818148598075 0.0
v -5.0011371718137525 5.03125409130007 0.0
v -13.27940972923534 -5.391667504794896 0.0
v 12.755171064694878 -7.6435207249596715 0.0
v -14.911576813610736 6.9763048477470875 0.0
v 11.378384968906175 4.180939310230315 0.0
v -6.2884829175891355 -6.865157829597592 0.0
v -5.518483873747755 -4.301961053162813 0.0
v -9.836603080329951 -1.282494786195457 0.0
v 9.25791558448691 -10.192418618127704 0.0
v 2.3747826535836793 -14.833078258670866 0.0
v 1.427231626759749 8.89526105299592 0.0
v -6.556262030091602 -5.1222963109612465 0.0
v 1.3394658928737044 -10.043841161765158 0.0
v -10.975015623902436 13.254852507263422 0.0
v -6.841705955623183 -13.871066055260599 0.0
v 1.2730369619675912 11.07678385451436 0.0
v 3.147366185497958 -13.830378842540085 0.0
v -0.37312235176796094 -4.690463714301586 0.0
v -3.632072381209582 6.760290738195181 0.0
v 2.458992375875823 -11.979693909175694 0.0
v 5.084066091629211 -12.042891605757177 0.0
v -5.046972562384326 2.5278323059901595 0.0
v 4.429764085798524 -5.593440311029553 0.0
v 7.37301614205353 -12.328674972057343 0.0
v 7.250641871709377 0.7585053872317076 0.0
v -10.101425155473407 13.70500135794282 0.0
v -9.825703836104367 -10.394825235009193 0.0
v -12.257767455128487 -8.84589568246156 0.0
v 5.450215807708446 14.18706034310162 0.0
v -11.628048141486943 -4.471982471644878 0.0
v -6.929707759991288 9.636140671558678 0.0
v -5.106733085412998 -1.597122655250132 0.0
v -9.661340557795484 -6.721293991431594 0.0
v -9.651205412228592 2.3933966727927327 0.0
v 9.707086265494581 0.9518524184823036 0.0
v 2.8194689591764472 5.639611835591495 0.0
v -14.757203029643279 5.450019417330623 0.0
v 5.8642693821457215 -9.418673207052052 0.0
v -13.153169327881187 12.569879654794931 0.0
v -13.659712103486527 6.857567134313285 0.0
v 14.837555766687728 -3.458435612730682 0.0
v -0.30468681786442176 12.993018823675811 0.0
v -4.000265086418949 -7.709616104140878 0.0
v 4.998147137113847 12.980943473987281 0.0
v 4.672962002514396 4.955463043414056 0.0
v 10.739935113233514 2.181530692614615 0.0
v -5.488428023527376 -13.817147548310459 0.0
v 13.796918241831008 -4.173739588819444 0.0
v -9.017490722064395 12.553466184996068 0.0
v -7.97002159623662 7.740314959548414 0.0
v -14.659692449262366 5.285898681730032 0.0
v 14.76146386261098 3.817343419417739 0.0
v -8.861505137640052 4.558809859678149 0.0
v 7.581655734335072 1.9373132986947894 0.0
v 13.721966820245143 10.628776702098548 0.0
v 4.70768168423092 -6.431797145865858 0.0
v 3.7757719752844423 -10.534988852217793 0.0
v 9.042063707893249 -14.47917939722538 0.0
v 10.078655891120434 -4.1465135756880045 0.0
v -11.08761733857682 1.9770669909194112 0.0
v -10.29526011791313 2.063799408264458 0.0
v 11.435329327185173 -4.277681766077876 0.0
v -6.992640649317764 1.8304294710978866 0.0
v 11.082427617278881 -14.168790788389742 0.0
v -10.900437373435125 -6.995683268643916 0.0
v 13.879597326566 3.8641143133863807 0.0
v 8.246635992196389 -7.229777536354959 0.0
v -14.88378461136017 -10.832518625073135 0.0
v 11.055730855092406 -4.20977651886642 0.0
v -11.26270037953509 14.093594478443265 0.0
v 10.920399544411339 -9.661922300234437 0.0
v 5.728865676093847 9.065557952970266 0.0
v 12.681524616782553 7.110268707387149 0.0
v -10.449224796437193 -8.425167254172266 0.0
v 8.492591995338444 14.916461409069598 0.0
v -2.769352199626155 10.261454405263066 0.0
v 9.197523943148553 13.726021775975823 0.0
v -11.671772438334301 0.35680598858743906 0.0
v -4.424781178822741 12.313992298208177 0.0
v -0.6548884293297306 -3.495666396804154 0.0
v 8.235937997465953 4.654460718855262 0.0
v -13.64760733442381 3.187621533870697 0.0
v 3.4518538976553828 -4.565296390093863 0.0
v 0.01624187082052231 -3.038206346333027 0.0
v -14.460145412245765 -10.43317390140146 0.0
v -13.02556617668597 2.576219631358981 0.0
v -9.864191297383513 -8.500609147362411 0.0
v 8.111403928895015 12.905459066852927 0.0
v -5.0721620645490475 -3.8489083191379905 0.0
v -7.098363382450771 14.746655771508813 0.0
v 6.163426336774137 -11.985974815674126 0.0
v 6.882146048126742 2.414747202768922 0.0
v -5.211785262741614 -12.432903772220016 0.0
v -10.152707158238627 -3.4866578737273812 0.0
v 2.0114031863049604 -5.919951713643968 0.0
v -7.19568473828258 -12.441674557514489 0.0
v -2.027621939079836 3.4145805202424526 0.0
v -12.491524345707148 -0.3054764559492469 0.0
v -3.248508299293462 -12.16871814057231 0.0
v -14.004409604822285 -0.35902820713818073 0.0
v -14.039005377446301 10.77765504270792 0.0
v 8.992919000214897 -6.538729706779122 0.0
v 3.418653432512656 -12.83143918775022 0.0
v -2.432387995533645 8.858271206729114 0.0
v -1.7631777287460864 -12.326382327824831 0.0
v 8.379883095098194 10.28299620281905 0.0
v 12.689646357379388 -12.481086843647063 0.0
v -3.927714169898536 12.820911864750087 0.0
v 8.027024687209632 5.261477427557111 0.0
v -12.259737940854393 10.466075067408383 0.0
v -10.809458816947881 4.144646478816867 0.0
v 3.312899558688514 -9.102576374076307 0.0
v -5.37997752672527 -9.835930032655597 0.0
v 11.632400530099403 5.243372804485261 0.0
v 11.012592445942573 -4.020189554430544 0.0
v 7.153895181196276 -5.629246911965311 0.0
v 3.8001971973571926 -3.1800838075578213 0.0
v -6.549984425539151 -6.849881030619144 0.0
v 12.01131581835216 10.444591831415892 0.0
v 7.612026174785569 -8.918666603974998 0.0
v 3.814542844425887 -10.646578795276582 0.0
v -10.999396580678876 11.018184817396104 0.0
v -0.4488316187635064 -0.510011462494731 0.0
v -1.716566874529235 -10.510774958878756 0.0
v -1.96383817656897 -5.831122322939336 0.0
v 14.727431402076036 3.998918359167874 0.0
v -14.61241371073993 8.13338674325496 0.0
v -10.221188984636683 -9.612385848537087 0.0
v -3.0200482477084734 7.189774096943438 0.0
v -6.609920176502783 -3.839750953949988 0.0
v -12.185576780815609 10.26681314688176 0.0
f 937 885 784
f 346 937 784
f 1619 120 1186
f 120 1619 9
f 1323 1781 316
f 9 792 480
f 1060 792 316
f 792 1060 1605
f 1060 1879 1605
f 130 1454 1148
f 130 794 1454
f 457 767 1148
f 1440 457 1087
f 1219 1440 1087
f 1766 967 1616
f 1766 1427 967
f 1404 1944 281
f 1775 21 1415
f 937 21 885
f 21 1775 885
f 346 1461 937
f 1897 674 1697
f 674 1897 785
f 1611 1787 784
f 1839 661 1478
f 1798 1839 1478
f 794 1316 1454
f 529 1316 794
f 130 713 794
f 767 1034 1482
f 1663 1153 1659
f 1004 1774 1482
f 81 1219 350
f 1048 81 350
f 81 1048 1841
f 1344 130 1148
f 130 1344 1910
f 469 1421 1699
f 1675 469 281
f 469 1675 1421
f 1421 692 1699
f 234 1160 885
f 1775 1020 885
f 1970 1799 1588
f 234 1799 1160
f 1799 234 1588
f 441 527 1800
f 1307 527 441
f 16 491 1968
f 1151 1323 1454
f 1151 1781 1323
f 1937 502 784
f 533 1145 511
f 1145 264 511
f 323 1231 792
f 1684 1619 1186
f 1619 1684 1611
f 324 120 9
f 1787 452 784
f 452 1937 784
f 1761 371 846
f 172 984 480
f 64 1060 1317
f 64 1879 1060
f 1281 1333 1879
f 1872 1196 1083
f 466 713 130
f 466 1872 713
f 1196 1829 1083
f 1828 477 794
f 398 477 1083
f 398 1829 1512
f 1829 398 1083
f 767 574 1148
f 1753 574 767
f 267 767 457
f 267 1034 767
f 267 1841 670
f 1440 267 457
f 1841 267 1440
f 965 1924 32
f 1924 965 4
f 1466 1785 1659
f 91 575 325
f 1774 733 1482
f 733 767 1482
f 767 733 13
f 764 767 13
f 1830 1004 4
f 701 1440 1219
f 81 701 1219
f 701 1841 1440
f 701 81 1841
f 1921 85 1148
f 85 1406 220
f 1344 1622 1910
f 1622 1344 1593
f 38 153 1849
f 1833 1622 1593
f 1622 1833 300
f 1406 1449 220
f 1449 802 220
f 1928 424 1478
f 1612 1928 1478
f 1872 231 1196
f 1716 86 570
f 1588 675 1525
f 234 1996 1588
f 1996 675 1588
f 1873 234 885
f 1387 1575 591
f 444 472 938
f 1480 420 1575
f 692 1342 1699
f 1330 928 1959
f 1648 1764 404
f 144 1296 397
f 1238 479 1617
f 479 1620 1820
f 1200 319 1404
f 1278 969 328
f 1278 192 969
f 105 21 937
f 836 801 1705
f 1584 1020 1775
f 1584 318 1020
f 58 1559 1866
f 1559 58 1
f 58 929 1
f 1584 634 318
f 21 7 1415
f 7 1969 1415
f 1969 7 195
f 796 1969 149
f 1969 195 149
f 1258 1019 1037
f 36 777 1947
f 164 1238 1617
f 1403 164 1617
f 1636 1334 1968
f 1636 852 233
f 1412 926 1625
f 527 820 1800
f 323 1683 1138
f 375 1307 441
f 1307 375 1605
f 375 792 1605
f 375 323 792
f 1228 852 1283
f 40 1228 1283
f 491 860 1968
f 860 1636 1968
f 1636 860 852
f 491 181 1800
f 727 1208 316
f 1221 727 316
f 1781 175 316
f 175 1221 316
f 1151 175 1781
f 1221 175 1151
f 1483 1221 1151
f 1483 1151 1454
f 1954 579 502
f 1937 1954 502
f 1954 452 579
f 452 1954 1937
f 411 346 784
f 502 411 784
f 1732 674 785
f 1732 619 674
f 919 264 1145
f 576 1461 346
f 576 296 1461
f 576 919 296
f 533 1008 1145
f 1008 919 1145
f 919 1008 296
f 296 1008 1461
f 1815 34 710
f 704 1445 1170
f 638 704 1170
f 63 1014 1255
f 688 1963 1170
f 1963 638 1170
f 1963 63 638
f 120 686 1186
f 686 1684 1186
f 1684 686 846
f 324 686 120
f 1426 452 1787
f 986 1684 846
f 371 986 846
f 1684 986 1611
f 266 986 371
f 986 1787 1611
f 986 266 1787
f 1590 984 172
f 493 1587 710
f 732 468 1997
f 468 493 710
f 468 732 493
f 1426 431 452
f 1325 1220 493
f 1842 907 126
f 907 29 126
f 1680 1992 179
f 907 1992 1040
f 1992 907 1842
f 1992 1238 1040
f 1992 1680 1238
f 778 23 146
f 917 507 1120
f 917 1612 1478
f 507 917 1478
f 1763 554 661
f 661 554 1478
f 554 507 1478
f 1788 492 1798
f 424 1788 1478
f 1788 1798 1478
f 780 213 1548
f 976 689 1784
f 976 38 1849
f 38 976 1784
f 717 1539 28
f 1539 1463 1882
f 1463 1539 717
f 251 823 1719
f 365 40 1283
f 906 365 1283
f 1879 379 1605
f 1333 379 1879
f 1266 64 1317
f 1060 139 1317
f 139 1266 1317
f 1266 139 614
f 981 207 706
f 207 981 877
f 1371 369 618
f 369 1371 751
f 356 1513 1340
f 1709 1513 1268
f 606 953 666
f 953 960 899
f 960 1709 899
f 1709 960 1513
f 1316 542 1454
f 542 920 1454
f 1622 152 1910
f 466 1822 1872
f 1822 466 321
f 477 1099 1083
f 1828 1099 477
f 1099 1872 1083
f 1872 1099 713
f 1099 1828 713
f 713 497 794
f 497 1828 794
f 1828 497 713
f 1924 142 32
f 335 267 670
f 267 335 1034
f 1004 333 4
f 333 1004 1482
f 1034 333 1482
f 1105 1449 248
f 1643 764 1079
f 1643 1753 767
f 764 1643 767
f 575 1717 325
f 349 438 325
f 1442 349 325
f 91 119 575
f 119 550 575
f 733 119 13
f 445 91 1079
f 445 764 13
f 764 445 1079
f 119 445 13
f 445 119 91
f 550 1942 575
f 1673 1942 550
f 1717 1942 1663
f 1942 1717 575
f 1663 1942 1153
f 1942 1673 1153
f 869 738 35
f 738 142 35
f 197 738 350
f 738 197 103
f 422 197 1095
f 197 422 103
f 1414 1219 1087
f 601 1414 1087
f 1865 1414 601
f 993 601 1944
f 993 1640 601
f 1650 1830 4
f 1830 1026 809
f 1026 1650 1315
f 1650 1026 1830
f 1673 1614 809
f 1614 1673 550
f 965 485 4
f 1988 485 965
f 485 1650 4
f 694 965 32
f 422 694 32
f 470 422 32
f 422 470 103
f 1344 84 1593
f 1155 38 1784
f 38 1439 153
f 1439 1155 927
f 1155 1439 38
f 1606 188 830
f 1606 1983 1785
f 1418 1928 1612
f 689 756 1784
f 756 689 424
f 934 1829 1196
f 231 934 1196
f 505 231 1872
f 86 505 570
f 505 1822 570
f 1822 505 1872
f 1286 363 571
f 995 519 1810
f 606 656 636
f 656 606 666
f 258 678 1878
f 278 1214 109
f 1214 278 1265
f 748 278 109
f 278 748 1471
f 1925 1025 636
f 1025 1925 414
f 1468 1925 945
f 243 1859 1936
f 1214 274 1936
f 274 1214 1265
f 1754 1289 583
f 1289 1754 1907
f 95 1200 1404
f 469 581 281
f 95 1782 383
f 1691 1675 281
f 1331 1691 1959
f 1691 1331 1434
f 1691 1330 1959
f 1764 1691 281
f 1330 1691 1764
f 1402 692 1421
f 1402 1691 1434
f 1402 1331 692
f 1331 1402 1434
f 1675 1402 1421
f 1691 1402 1675
f 620 1996 234
f 675 620 858
f 1996 620 675
f 620 1873 577
f 1873 620 234
f 1730 963 420
f 1778 1873 885
f 1873 1778 1690
f 861 1873 1690
f 1873 861 577
f 1826 1559 1
f 963 1826 1
f 1826 963 1852
f 1020 1355 885
f 1559 1355 1866
f 1355 318 1866
f 318 1355 1020
f 931 1193 1169
f 22 469 1699
f 370 1707 1764
f 928 1313 1959
f 1313 1331 1959
f 1331 1313 692
f 789 1766 1616
f 1766 789 1427
f 1799 272 1160
f 272 1799 1970
f 845 272 1970
f 789 1443 1427
f 1443 1295 1648
f 1979 1991 1595
f 1991 294 1595
f 2000 1991 1979
f 1497 780 1548
f 1153 421 1659
f 731 1466 1659
f 421 731 1659
f 731 421 1496
f 1767 422 1095
f 422 1767 1515
f 1767 352 1515
f 1724 711 1515
f 352 1167 1515
f 1167 1724 1515
f 878 1059 814
f 1458 425 1602
f 1189 1404 242
f 1404 1189 1944
f 178 1462 772
f 178 313 1944
f 313 178 772
f 1189 178 1944
f 178 1189 1462
f 1462 1213 1602
f 1193 48 1169
f 48 1193 1149
f 465 1309 1834
f 1309 48 1149
f 537 1193 586
f 1193 537 1149
f 931 1216 223
f 1620 1966 535
f 1966 1620 999
f 933 1292 1820
f 1292 1037 1734
f 1292 933 1037
f 933 1070 1037
f 1070 1383 299
f 1620 427 999
f 479 427 1620
f 427 1680 999
f 1680 427 1238
f 427 479 1238
f 589 319 1200
f 617 1173 760
f 1210 192 1278
f 319 721 1404
f 1404 343 242
f 1239 688 1170
f 1239 118 563
f 1239 1170 118
f 76 78 623
f 1436 78 563
f 484 1802 913
f 1258 202 910
f 1473 801 836
f 1264 1258 910
f 1258 1264 1019
f 1014 1481 1255
f 446 1481 779
f 1239 1097 688
f 1097 1239 76
f 1967 796 149
f 36 1967 149
f 36 1091 779
f 1091 36 149
f 1955 1692 989
f 1692 1955 99
f 45 634 1584
f 45 1775 99
f 45 1584 1775
f 1955 45 99
f 45 1955 634
f 1955 1951 634
f 318 1951 1866
f 634 1951 318
f 662 105 495
f 105 662 21
f 594 1062 195
f 7 594 195
f 1692 723 989
f 723 1692 99
f 723 1775 1415
f 1775 723 99
f 989 1811 796
f 1811 1969 796
f 723 1811 989
f 1969 1811 1415
f 1811 723 1415
f 1242 1209 1019
f 857 1209 1242
f 1209 857 1734
f 1037 1209 1734
f 1019 1209 1037
f 513 1242 1277
f 664 1891 299
f 1891 1070 299
f 1070 1891 1037
f 250 664 299
f 664 1546 1765
f 250 1546 664
f 1743 202 1258
f 1741 36 779
f 1741 777 36
f 836 521 623
f 521 924 623
f 521 836 1705
f 340 705 842
f 801 340 1705
f 1366 1636 233
f 1405 1366 233
f 1636 1366 1334
f 46 1842 126
f 526 217 471
f 985 484 913
f 985 926 549
f 926 1994 549
f 1412 1994 926
f 244 1412 1625
f 244 1625 1719
f 820 1411 1800
f 1411 820 852
f 860 1411 852
f 1411 491 1800
f 1411 860 491
f 852 754 1283
f 820 754 852
f 1123 820 527
f 1123 754 820
f 852 1176 233
f 357 1683 323
f 357 375 441
f 375 357 323
f 1232 727 1221
f 1483 1232 1221
f 1232 1035 727
f 1232 1483 200
f 1035 1232 200
f 920 868 1454
f 868 1483 1454
f 1483 868 200
f 150 1338 1933
f 955 150 1933
f 105 698 495
f 698 105 937
f 1250 698 937
f 467 391 640
f 1184 467 305
f 411 380 346
f 380 411 619
f 1732 380 619
f 619 628 674
f 411 628 619
f 674 961 1697
f 628 961 674
f 961 628 1327
f 1609 1732 785
f 1609 380 1732
f 1250 954 533
f 954 1008 533
f 1008 954 1461
f 1461 954 937
f 954 1250 937
f 34 584 1566
f 584 360 1566
f 584 34 1815
f 1039 584 1815
f 584 1039 500
f 34 940 710
f 940 34 247
f 1683 787 1138
f 357 787 1683
f 787 831 1138
f 399 831 16
f 831 787 16
f 1962 399 16
f 114 833 637
f 833 114 1165
f 564 114 637
f 114 564 799
f 1477 1413 1861
f 1687 190 1256
f 247 1687 1256
f 34 1687 247
f 1687 34 1566
f 190 193 1121
f 193 1687 1566
f 1687 193 190
f 63 1337 1014
f 1963 1337 63
f 1337 1963 688
f 1097 1337 688
f 1871 1250 533
f 1871 946 1250
f 1871 533 511
f 1899 704 638
f 437 1899 638
f 1134 1899 437
f 1509 1426 1787
f 266 1509 1787
f 684 1590 172
f 1590 121 984
f 121 249 1364
f 1039 782 500
f 782 1590 500
f 782 1039 1815
f 121 782 249
f 782 121 1590
f 249 464 1364
f 464 1587 1364
f 782 464 249
f 1587 464 710
f 464 1815 710
f 464 782 1815
f 680 121 1364
f 1271 588 660
f 588 562 660
f 562 588 1587
f 1587 588 1364
f 588 680 1364
f 680 588 1271
f 1185 9 480
f 984 1185 480
f 468 1623 1997
f 452 1111 579
f 431 1111 452
f 20 431 1426
f 1509 20 1426
f 20 1509 659
f 431 20 1220
f 732 1108 493
f 1108 1325 493
f 1108 732 1897
f 1108 1897 1697
f 1832 813 1952
f 1012 359 648
f 1780 907 1040
f 1349 194 1109
f 194 46 1109
f 46 194 1842
f 194 1992 1842
f 1992 194 179
f 194 1349 179
f 409 1349 1109
f 442 409 1109
f 409 442 23
f 778 409 23
f 409 778 1349
f 1863 1465 971
f 1839 1465 661
f 971 1465 1839
f 47 1863 971
f 10 213 3
f 213 10 1548
f 1539 1188 28
f 1188 1539 877
f 1188 981 28
f 981 1188 877
f 1856 474 1379
f 1463 1024 823
f 1024 1463 1856
f 1024 1856 1379
f 290 369 751
f 510 1539 1882
f 1539 510 877
f 290 510 131
f 207 510 706
f 510 290 706
f 251 1298 823
f 1463 1298 1882
f 1298 1463 823
f 1786 1378 906
f 1786 379 1333
f 365 1154 40
f 1378 257 906
f 257 365 906
f 369 257 618
f 365 257 369
f 1371 141 751
f 141 815 751
f 1676 1786 1333
f 1786 1676 1378
f 1676 1371 618
f 257 1676 618
f 1676 257 1378
f 141 503 1557
f 503 141 1371
f 503 1676 1333
f 1676 503 1371
f 700 1832 1952
f 1013 1964 1710
f 895 1013 1710
f 1964 1013 1340
f 137 356 1340
f 356 137 454
f 1513 744 1268
f 356 744 1513
f 606 165 953
f 165 960 953
f 960 165 1178
f 165 606 636
f 1025 165 636
f 953 930 666
f 930 1981 666
f 930 953 899
f 1534 717 28
f 1981 1534 28
f 930 1534 1981
f 542 1235 920
f 1976 1035 200
f 136 1622 300
f 136 152 1622
f 1424 466 130
f 466 1424 321
f 1246 142 1924
f 1246 335 670
f 335 1246 1924
f 142 1246 35
f 1246 869 35
f 1841 1246 670
f 1661 1924 4
f 333 1661 4
f 1661 333 1034
f 335 1661 1034
f 1661 335 1924
f 438 1098 325
f 1098 91 325
f 91 1098 1079
f 1098 1643 1079
f 1098 574 1753
f 1643 1098 1753
f 349 639 830
f 639 349 1442
f 1105 837 830
f 837 349 830
f 837 1105 438
f 349 837 438
f 199 1663 1659
f 1785 199 1659
f 1983 199 1785
f 762 738 103
f 738 762 142
f 470 762 103
f 142 762 32
f 762 470 32
f 1353 738 869
f 1048 1353 1841
f 1353 1048 350
f 738 1353 350
f 1353 1246 1841
f 1246 1353 869
f 993 1203 1640
f 1203 993 171
f 1203 629 327
f 1640 447 601
f 447 1679 601
f 1679 447 71
f 993 1845 171
f 1845 993 1944
f 313 1845 1944
f 1708 1614 550
f 1004 1708 1774
f 1830 1708 1004
f 1708 1830 809
f 1614 1708 809
f 1650 950 1315
f 485 950 1650
f 950 485 1988
f 950 1988 102
f 616 422 1515
f 616 694 422
f 694 616 965
f 344 616 1515
f 616 1988 965
f 616 344 102
f 1988 616 102
f 699 84 1344
f 1601 1833 1593
f 956 1439 927
f 1068 956 927
f 956 1068 203
f 1801 1606 1785
f 1801 1785 397
f 278 1971 1265
f 697 816 1572
f 917 816 1612
f 1971 974 1120
f 974 1971 278
f 505 256 231
f 231 256 322
f 256 1471 322
f 756 1276 1784
f 934 1501 1829
f 1829 1501 1512
f 1501 1003 1512
f 519 745 665
f 50 678 258
f 50 258 1746
f 1225 50 1746
f 50 1225 354
f 678 50 354
f 320 258 1878
f 690 1286 607
f 43 690 607
f 690 363 1286
f 690 43 363
f 1940 1225 1746
f 1940 1586 1225
f 1586 14 1225
f 1551 678 354
f 678 1551 1878
f 486 1214 1936
f 1214 486 109
f 1859 486 1936
f 486 748 109
f 748 486 1859
f 748 1671 1471
f 1671 14 1471
f 1543 1025 414
f 1791 1543 414
f 1543 1791 254
f 1759 1468 945
f 1468 1759 1789
f 1468 1892 1925
f 1925 1892 414
f 1832 1892 1789
f 1892 1468 1789
f 700 1892 1832
f 1892 1791 414
f 1892 700 1791
f 1989 862 1859
f 243 1989 1859
f 274 1247 1936
f 1247 243 1936
f 1303 1247 945
f 1001 274 1763
f 1001 1247 274
f 1247 1001 945
f 274 667 1763
f 667 274 1265
f 1971 667 1265
f 667 1971 1120
f 667 554 1763
f 507 667 1120
f 554 667 507
f 1748 1247 1303
f 1247 1748 243
f 1127 656 1907
f 1754 1127 1907
f 656 1127 636
f 1127 1303 945
f 1127 1925 636
f 1925 1127 945
f 1564 263 847
f 263 1564 715
f 621 715 509
f 1818 1782 95
f 1818 1404 281
f 1818 95 1404
f 581 1818 281
f 1818 581 676
f 1782 1818 676
f 1135 610 875
f 1526 1730 420
f 1480 1526 420
f 1526 1480 875
f 610 1526 875
f 1909 620 577
f 1549 929 420
f 963 1549 420
f 929 1549 1
f 1549 963 1
f 963 936 1852
f 861 936 577
f 936 861 1852
f 936 1909 577
f 936 963 1730
f 1909 936 1730
f 1768 1778 885
f 1355 1768 885
f 1768 1355 1559
f 455 1444 1076
f 1444 1489 1076
f 1489 1444 586
f 1919 1361 1262
f 1361 1919 944
f 236 1919 1262
f 1920 1768 1559
f 1768 1920 1778
f 1778 1920 1690
f 1489 1634 1076
f 737 1489 586
f 1193 737 586
f 1782 158 383
f 1328 158 1782
f 566 581 469
f 22 566 469
f 581 566 676
f 1245 1216 1699
f 1216 1245 223
f 1342 1245 1699
f 540 1703 245
f 370 17 1707
f 1078 1330 1764
f 1707 1078 1764
f 829 928 1330
f 1078 829 1330
f 829 1078 1556
f 1908 1443 789
f 1908 272 1783
f 1908 789 1616
f 1160 1908 1616
f 272 1908 1160
f 1443 1816 1427
f 1816 1443 1648
f 1816 1648 404
f 967 1816 404
f 1427 1816 967
f 845 952 1979
f 952 2000 1979
f 952 1588 1525
f 1135 952 858
f 294 822 245
f 1505 1991 2000
f 635 294 245
f 635 374 294
f 1703 635 245
f 635 1703 1918
f 374 635 1918
f 1273 374 1918
f 1908 1140 1443
f 1443 1140 1295
f 17 1140 275
f 1497 97 1332
f 97 1583 1652
f 1296 417 1652
f 417 641 1652
f 417 144 1669
f 144 417 1296
f 1359 417 1669
f 428 417 1359
f 417 428 641
f 378 410 1548
f 144 312 1669
f 1141 312 1779
f 312 144 397
f 1779 312 1466
f 1785 312 397
f 312 1785 1466
f 1750 1380 146
f 1700 229 1147
f 229 1662 1147
f 1847 1450 57
f 1490 1535 854
f 1978 1633 854
f 1633 1779 1466
f 1633 1141 1779
f 1633 1978 1141
f 1662 1809 1147
f 496 1529 72
f 1914 496 72
f 1809 496 1914
f 1487 269 730
f 269 1487 1885
f 1006 269 1885
f 990 1000 280
f 708 344 1515
f 711 708 1515
f 344 708 102
f 708 950 102
f 950 708 1315
f 332 1026 1315
f 708 332 1315
f 1026 332 809
f 504 878 814
f 1494 1059 878
f 643 1462 1602
f 643 425 1360
f 425 643 1602
f 643 1494 1957
f 1213 307 1602
f 307 1213 1367
f 307 1458 1602
f 1189 1075 1462
f 1075 1213 1462
f 1075 1189 242
f 1182 444 938
f 1182 494 444
f 812 259 465
f 259 812 1850
f 80 1278 328
f 897 1210 1278
f 80 897 1278
f 897 80 1945
f 1210 897 240
f 556 1973 240
f 1116 1216 931
f 1116 22 1699
f 1216 1116 1699
f 812 1066 1850
f 49 1066 1888
f 881 479 1820
f 1292 881 1820
f 479 881 1617
f 857 881 1734
f 881 1292 1734
f 1464 1620 535
f 1383 1474 237
f 1464 1474 1383
f 1973 297 240
f 617 138 1173
f 297 138 240
f 138 297 1744
f 1998 774 1288
f 138 1998 1288
f 1998 138 1744
f 1998 49 1888
f 774 1998 1888
f 969 1470 328
f 117 1470 969
f 1831 1487 730
f 1210 1058 192
f 1058 1210 240
f 138 1058 240
f 1058 138 617
f 221 810 1607
f 721 810 221
f 810 589 1607
f 589 810 319
f 810 721 319
f 1487 1631 1885
f 1631 1007 1885
f 1485 1631 1202
f 1197 729 844
f 1473 151 687
f 151 1473 836
f 151 836 623
f 1252 1239 563
f 78 1252 563
f 1239 1252 76
f 1252 78 76
f 426 1868 1958
f 206 426 1958
f 426 206 892
f 336 1646 892
f 206 336 892
f 755 1072 1277
f 423 206 1958
f 206 423 596
f 423 582 596
f 582 423 5
f 582 5 484
f 1999 1473 687
f 873 451 1802
f 1726 340 842
f 705 1172 219
f 1172 340 801
f 340 1172 705
f 309 1646 755
f 187 36 1947
f 187 1967 36
f 187 989 796
f 1967 187 796
f 929 143 420
f 1702 143 929
f 1575 143 591
f 420 143 1575
f 552 1951 1955
f 788 58 1866
f 1951 788 1866
f 58 788 929
f 788 552 654
f 552 788 1951
f 677 1091 149
f 195 677 149
f 1062 677 195
f 624 7 21
f 624 594 7
f 662 624 21
f 624 662 1062
f 594 624 1062
f 368 513 1403
f 368 1403 1617
f 368 857 1242
f 513 368 1242
f 881 368 1617
f 368 881 857
f 1667 664 1765
f 1667 1891 664
f 1667 1258 1037
f 1891 1667 1037
f 1546 1139 1765
f 528 472 8
f 1042 1743 56
f 1743 1042 202
f 1765 1508 1932
f 1174 1508 1765
f 1481 1159 779
f 1159 1741 779
f 1159 1481 1014
f 1530 1955 989
f 1204 1530 1947
f 1530 187 1947
f 187 1530 989
f 112 521 1705
f 340 112 1705
f 1267 1642 56
f 1267 1743 1932
f 1743 1267 56
f 1508 1267 1932
f 1267 1508 1642
f 1642 334 56
f 1399 206 596
f 1399 336 206
f 1953 1777 126
f 1777 1953 1531
f 1777 46 126
f 46 1777 1531
f 46 757 1109
f 757 46 1531
f 757 442 1109
f 1241 980 471
f 980 526 471
f 1241 768 895
f 768 1241 471
f 217 768 471
f 1110 649 484
f 985 1110 484
f 1110 985 549
f 1254 1110 549
f 1110 1254 649
f 942 851 1412
f 244 942 1412
f 851 942 838
f 430 244 1719
f 1307 1858 527
f 1858 1123 527
f 1858 1307 1605
f 1123 672 754
f 754 672 1283
f 1228 1974 852
f 1974 1176 852
f 1974 1228 40
f 1154 1974 40
f 1974 1154 1176
f 598 491 16
f 598 181 491
f 787 598 16
f 1836 357 441
f 357 1836 181
f 1836 441 1800
f 181 1836 1800
f 727 1374 1208
f 1035 1374 727
f 1712 955 1933
f 622 263 607
f 1796 992 1121
f 1912 1381 1594
f 487 985 913
f 985 487 926
f 898 1065 1861
f 1065 1594 1861
f 1065 1912 1594
f 489 1065 898
f 1594 1457 1861
f 1457 1477 1861
f 650 1477 1453
f 1413 650 1347
f 650 1413 1477
f 1384 251 1719
f 391 1207 640
f 1207 391 118
f 391 222 118
f 118 222 563
f 222 1184 563
f 467 222 391
f 222 467 1184
f 1184 752 964
f 752 1184 305
f 1090 752 305
f 273 1090 305
f 305 407 1112
f 467 407 305
f 407 1161 1112
f 407 467 640
f 1161 407 640
f 579 1749 502
f 1609 671 380
f 576 671 919
f 671 1609 919
f 560 468 710
f 940 560 710
f 1536 682 633
f 1536 247 1256
f 682 1536 1256
f 1536 940 247
f 1536 560 940
f 190 1279 1256
f 1279 682 1256
f 682 1279 633
f 1279 1623 633
f 1231 773 792
f 792 1230 480
f 1230 478 27
f 773 1230 792
f 1230 773 478
f 1230 172 480
f 1230 684 172
f 684 1230 27
f 478 89 27
f 31 833 1165
f 1962 31 1165
f 968 1962 1165
f 896 564 637
f 1965 896 637
f 1366 19 1334
f 19 1962 16
f 19 31 1962
f 19 16 1968
f 1334 19 1968
f 1413 1589 1861
f 124 1589 1982
f 517 342 1255
f 342 517 446
f 1481 517 1255
f 517 1481 446
f 342 979 1255
f 979 63 1255
f 63 979 638
f 979 437 638
f 1430 1134 437
f 698 1430 495
f 1134 1430 946
f 946 1430 1250
f 1430 698 1250
f 704 1187 604
f 1899 1187 704
f 604 1187 440
f 1747 1509 266
f 1509 1747 659
f 1747 266 371
f 659 1747 371
f 562 406 660
f 406 1742 660
f 659 406 459
f 406 659 371
f 406 371 1761
f 1742 406 1761
f 691 1220 459
f 1220 691 493
f 691 1587 493
f 691 562 1587
f 147 680 1271
f 121 147 984
f 680 147 121
f 1794 1742 1761
f 1794 324 9
f 1185 1794 9
f 1794 1761 846
f 686 1794 846
f 1794 686 324
f 1623 1896 633
f 1896 1623 468
f 560 1896 468
f 1896 1536 633
f 1536 1896 560
f 961 1343 1697
f 1343 1749 579
f 1749 1343 961
f 1343 1111 431
f 1343 431 1220
f 1325 1343 1220
f 681 659 459
f 681 20 659
f 1220 681 459
f 20 681 1220
f 1429 1108 1697
f 1108 1429 1325
f 1343 1429 1697
f 1429 1343 1325
f 1750 345 988
f 345 1064 988
f 345 1750 146
f 359 900 648
f 900 1302 648
f 1043 1986 719
f 1986 185 719
f 1986 1043 1952
f 813 1986 1952
f 1714 1045 1789
f 1045 1832 1789
f 1045 813 1832
f 1407 1391 1293
f 1407 442 1391
f 1407 345 146
f 23 1407 146
f 442 1407 23
f 483 428 1359
f 308 1721 1332
f 97 308 1332
f 428 308 641
f 1721 308 428
f 641 308 1652
f 308 97 1652
f 1839 696 2
f 1798 696 1839
f 208 1012 648
f 696 208 2
f 907 122 29
f 1780 122 907
f 1055 1780 164
f 1055 164 1403
f 122 1055 129
f 1055 122 1780
f 1674 1780 1040
f 1780 1674 164
f 1238 1674 1040
f 164 1674 1238
f 47 1261 2
f 1261 47 971
f 1261 1839 2
f 1261 971 1839
f 518 1714 1789
f 1759 518 1789
f 515 213 780
f 1655 828 1093
f 429 1655 725
f 1655 429 828
f 828 1011 1093
f 79 10 3
f 10 79 416
f 10 1904 1548
f 1904 378 1548
f 1547 916 492
f 1547 1030 1598
f 916 1547 1598
f 1788 1096 492
f 1096 1788 424
f 689 1096 424
f 976 1096 689
f 1463 603 1856
f 603 474 1856
f 474 603 338
f 338 603 717
f 603 1463 717
f 246 131 1567
f 246 290 131
f 815 293 751
f 293 290 751
f 290 293 706
f 1518 510 1882
f 510 1518 131
f 1298 1518 1882
f 1518 1298 131
f 894 207 877
f 510 894 877
f 894 510 207
f 1658 1298 251
f 1298 1658 131
f 131 1658 1567
f 1658 1052 1567
f 1052 592 285
f 1658 592 1052
f 1456 1786 906
f 1786 1456 379
f 1456 906 1283
f 672 1456 1283
f 1154 1755 1176
f 1755 1405 233
f 1176 1755 233
f 1960 1280 665
f 1280 519 665
f 519 1280 1810
f 530 1960 749
f 530 1280 1960
f 915 1960 665
f 915 1050 1960
f 1050 1681 1960
f 770 141 1557
f 141 770 815
f 1886 770 1557
f 1401 776 1557
f 503 1401 1557
f 776 1401 1281
f 1281 1401 1333
f 1401 503 1333
f 1776 1981 28
f 1981 1776 666
f 306 1864 1084
f 1266 1031 64
f 1886 1031 1266
f 64 1031 1879
f 1513 781 1340
f 960 781 1513
f 781 960 1178
f 432 781 1178
f 1710 742 254
f 742 432 254
f 1964 742 1710
f 742 781 432
f 742 1964 1340
f 781 742 1340
f 700 282 1791
f 282 1532 1710
f 282 700 1952
f 1532 282 1952
f 282 1710 254
f 1791 282 254
f 1043 1472 1952
f 1472 1532 1952
f 1472 895 1710
f 1532 1472 1710
f 994 217 526
f 998 994 526
f 994 137 1340
f 1469 1639 1379
f 1639 1024 1379
f 1639 853 1719
f 823 1639 1719
f 1024 1639 823
f 744 191 1268
f 191 1709 1268
f 1639 191 853
f 191 1639 1469
f 348 744 356
f 348 356 454
f 191 348 853
f 348 191 744
f 430 348 454
f 853 348 1719
f 348 430 1719
f 1126 930 899
f 1126 1534 930
f 1709 1126 899
f 1126 1709 338
f 1126 338 717
f 1534 1126 717
f 12 542 1316
f 1235 12 1316
f 12 1235 542
f 1195 1976 1805
f 398 104 477
f 104 529 794
f 477 104 794
f 1336 136 300
f 1424 1578 726
f 1578 1797 726
f 1578 1424 130
f 1689 1578 130
f 1846 1424 726
f 1499 1846 726
f 1555 1716 570
f 1555 1846 1499
f 1822 1555 570
f 1555 1822 321
f 1424 1555 321
f 1846 1555 1424
f 1348 261 927
f 261 1068 927
f 1068 261 1348
f 152 1479 1910
f 798 130 1910
f 798 1689 130
f 1479 798 1910
f 798 1578 1689
f 1578 798 1797
f 1797 1917 726
f 1917 1499 726
f 1499 1917 1348
f 1917 1068 1348
f 1098 1995 574
f 1995 1921 1148
f 574 1995 1148
f 1995 632 1921
f 632 85 1921
f 1449 632 248
f 85 632 1406
f 632 1449 1406
f 1105 1935 438
f 1935 1098 438
f 1935 1105 248
f 632 1935 248
f 1935 1995 1098
f 1935 632 1995
f 1983 1735 1442
f 1735 639 1442
f 1606 1735 1983
f 1735 1606 830
f 639 1735 830
f 1694 1983 1442
f 1694 199 1983
f 1694 1442 325
f 1717 1694 325
f 1694 1717 1663
f 199 1694 1663
f 197 909 1095
f 909 197 350
f 92 1865 601
f 1679 92 601
f 1095 92 327
f 909 92 1095
f 447 590 71
f 71 590 327
f 590 1203 327
f 1203 590 1640
f 590 447 1640
f 1708 800 1774
f 800 1708 550
f 800 733 1774
f 800 119 733
f 119 800 550
f 84 1233 1593
f 1233 699 65
f 699 1233 84
f 699 1848 65
f 1848 161 65
f 1848 699 1344
f 753 1848 220
f 1848 1344 1148
f 85 1848 1148
f 1848 85 220
f 1449 506 802
f 443 506 1635
f 1105 506 1449
f 506 1105 830
f 188 506 830
f 1770 506 188
f 802 866 220
f 866 753 220
f 287 956 203
f 287 1336 300
f 1336 287 203
f 1833 287 300
f 1439 392 153
f 392 1601 153
f 1601 392 1833
f 1915 1591 1770
f 1915 378 1227
f 433 1282 578
f 1606 1874 188
f 1874 1801 188
f 1801 1874 1606
f 816 821 1612
f 821 816 697
f 1716 819 86
f 819 816 86
f 816 819 1572
f 816 882 86
f 882 816 1191
f 882 505 86
f 882 256 505
f 60 816 917
f 816 60 1191
f 60 917 1120
f 974 60 1120
f 60 1179 1191
f 1179 278 1471
f 256 1179 1471
f 1179 882 1191
f 882 1179 256
f 1155 1101 927
f 1101 1155 1784
f 1276 1101 1784
f 1928 448 424
f 448 756 424
f 448 1276 756
f 1088 509 408
f 1550 1088 408
f 1501 1088 1003
f 1088 1550 1003
f 745 1192 884
f 1192 745 1907
f 541 1289 1907
f 745 541 1907
f 1289 541 519
f 541 745 519
f 363 1324 1878
f 1324 320 1878
f 43 1324 363
f 320 1324 43
f 366 1501 934
f 1088 366 509
f 366 1088 1501
f 1940 543 1586
f 543 934 231
f 543 366 934
f 366 543 1940
f 543 231 322
f 839 14 1586
f 839 543 322
f 543 839 1586
f 1471 839 322
f 14 839 1471
f 1428 748 1859
f 1428 1671 748
f 1428 1551 354
f 1671 1428 14
f 862 1428 1859
f 1551 1428 862
f 1225 1428 354
f 14 1428 1225
f 432 434 254
f 434 1543 254
f 434 432 1178
f 165 434 1178
f 434 165 1025
f 1543 434 1025
f 1989 413 862
f 413 1989 377
f 377 186 583
f 1989 186 377
f 186 1754 583
f 186 1748 1754
f 186 1989 243
f 1748 186 243
f 1985 1763 661
f 1985 1001 1763
f 1465 1985 661
f 1985 1465 1863
f 1759 1985 1863
f 1985 1759 945
f 1001 1985 945
f 1638 1748 1303
f 1748 1638 1754
f 1127 1638 1303
f 1638 1127 1754
f 1201 1195 1038
f 1195 1201 1976
f 1855 263 715
f 621 1855 715
f 952 625 2000
f 625 952 1135
f 1909 1180 620
f 620 1180 858
f 1180 1909 1730
f 1180 1135 858
f 1135 1180 610
f 1526 1180 1730
f 1180 1526 610
f 458 1444 455
f 458 540 69
f 1703 458 455
f 540 458 1703
f 382 1505 1545
f 1409 1361 944
f 1361 1253 1262
f 1387 987 1575
f 987 1480 1575
f 1919 608 494
f 236 608 1919
f 494 608 444
f 1826 1522 1559
f 1522 1920 1559
f 1522 1826 1852
f 1920 1906 1690
f 1906 861 1690
f 861 1906 1852
f 1906 1522 1852
f 1245 101 223
f 182 566 22
f 1089 1452 1342
f 1452 1245 1342
f 387 1452 1089
f 1452 387 1106
f 1634 1452 1076
f 540 37 69
f 239 37 245
f 37 540 245
f 1707 1311 1895
f 17 1311 1707
f 1311 17 275
f 1311 1308 1895
f 1308 1311 275
f 1939 17 370
f 1939 370 1764
f 1140 1939 1295
f 1939 1140 17
f 1648 1939 1764
f 1295 1939 1648
f 599 1078 1707
f 1078 599 1556
f 599 1707 1895
f 1335 829 1556
f 1335 1918 1106
f 1335 1273 1918
f 829 1701 928
f 1701 387 1089
f 1701 1313 928
f 1701 1089 1342
f 1701 1342 692
f 1313 1701 692
f 11 1698 845
f 272 1698 1783
f 845 1698 272
f 1441 1698 11
f 1660 845 1979
f 1660 11 845
f 1660 1979 1595
f 1660 1441 11
f 255 845 1970
f 255 952 845
f 255 1970 1588
f 952 255 1588
f 587 952 1525
f 952 587 858
f 675 587 1525
f 587 675 858
f 1991 1128 294
f 1128 822 294
f 1505 1128 1991
f 1128 1505 822
f 1505 1704 822
f 1704 239 245
f 822 1704 245
f 1704 382 239
f 382 1704 1505
f 1308 291 1895
f 291 1308 294
f 374 1269 294
f 1273 1269 374
f 1269 291 294
f 291 1269 1273
f 1140 1731 1595
f 1731 1140 1908
f 1731 1908 1783
f 1698 1731 1783
f 1731 1698 1441
f 1883 1308 275
f 1140 1883 275
f 1308 1883 294
f 294 1883 1595
f 1883 1140 1595
f 317 410 1296
f 317 1296 1652
f 1583 317 1652
f 410 317 1548
f 317 1583 1548
f 1290 97 1497
f 97 1290 1583
f 1290 1497 1548
f 1583 1290 1548
f 201 1772 546
f 1599 1772 499
f 1772 1599 546
f 1064 1198 988
f 1198 657 988
f 657 1198 170
f 1662 1146 805
f 229 1146 1662
f 914 1662 805
f 914 108 1662
f 1490 966 1535
f 966 545 72
f 1535 966 72
f 966 1490 57
f 1450 966 57
f 966 1450 545
f 731 561 1466
f 108 1041 1662
f 1041 1809 1662
f 496 1041 1529
f 1041 496 1809
f 652 1450 651
f 783 1914 72
f 783 1626 1914
f 545 783 72
f 98 176 159
f 859 98 159
f 462 98 859
f 512 462 859
f 1446 512 859
f 1124 1599 499
f 975 1370 806
f 921 1700 1147
f 615 921 1147
f 921 1772 1700
f 1626 1312 1914
f 1312 1438 1914
f 1806 990 280
f 1806 1523 990
f 1523 419 990
f 1966 419 535
f 419 1966 990
f 419 1523 1682
f 419 1790 1288
f 1199 1673 809
f 332 1199 809
f 1673 1199 1153
f 1199 421 1153
f 1494 405 1059
f 405 643 1360
f 643 405 1494
f 629 1736 327
f 685 1357 814
f 1357 504 814
f 1357 1167 352
f 1357 685 1167
f 1736 1357 352
f 1357 1736 504
f 1853 482 425
f 516 313 772
f 516 1057 313
f 1057 1808 313
f 1808 1845 313
f 1808 1946 171
f 1845 1808 171
f 1386 516 772
f 1462 1386 772
f 643 1386 1462
f 1164 460 878
f 1808 460 1946
f 460 1808 1057
f 516 460 1057
f 1386 460 516
f 460 1494 878
f 1494 460 1957
f 1164 1086 629
f 1086 1736 629
f 1736 1086 504
f 504 1086 878
f 1086 1164 878
f 1946 1795 171
f 1795 1164 629
f 460 1795 1946
f 1795 460 1164
f 1795 1203 171
f 1203 1795 629
f 1913 307 1367
f 1197 1913 1367
f 1913 1197 844
f 343 1898 242
f 1898 343 1367
f 1919 1467 944
f 259 145 465
f 198 145 259
f 145 1309 465
f 1309 145 48
f 1422 1116 931
f 1447 931 1169
f 1644 1511 1945
f 80 1644 1945
f 1511 1644 328
f 1644 80 328
f 1018 297 1973
f 1744 1018 1850
f 297 1018 1744
f 110 556 1945
f 198 110 1945
f 110 198 259
f 110 259 1850
f 1018 110 1850
f 556 110 1973
f 110 1018 1973
f 524 897 1945
f 556 524 1945
f 897 524 240
f 524 556 240
f 367 555 1888
f 555 774 1888
f 1474 1870 237
f 1094 106 1834
f 488 106 938
f 1464 1432 1620
f 1432 1464 1383
f 1432 1070 933
f 1432 1383 1070
f 514 589 1200
f 1998 935 49
f 935 1998 1744
f 935 1744 1850
f 1066 935 1850
f 935 1066 49
f 1423 1511 328
f 1470 1423 328
f 1069 1240 1880
f 1446 1069 1880
f 1058 1718 192
f 1718 1058 617
f 1718 301 192
f 52 525 1607
f 1631 1319 1007
f 1319 525 1007
f 1319 221 1607
f 525 1319 1607
f 721 1118 1404
f 1118 721 221
f 1844 1118 221
f 1118 1844 729
f 343 1491 1367
f 1491 1197 1367
f 1491 343 1404
f 1118 1491 1404
f 1197 1491 729
f 1491 1118 729
f 939 1436 687
f 151 939 687
f 1072 1416 1277
f 1055 1416 129
f 1416 1055 1403
f 1416 513 1277
f 513 1416 1403
f 1994 653 549
f 653 1254 549
f 653 1994 1412
f 851 653 1412
f 649 943 484
f 943 582 484
f 582 943 890
f 871 1999 1540
f 1999 871 1473
f 426 871 1868
f 871 426 1473
f 1999 1163 1540
f 1540 1163 964
f 1436 1163 687
f 1163 1999 687
f 1163 1184 964
f 1163 1436 563
f 1184 1163 563
f 1693 873 1802
f 5 1693 484
f 1693 1802 484
f 423 1693 5
f 1693 423 1958
f 873 1693 1958
f 1321 273 1987
f 273 1321 1090
f 1321 386 1090
f 1868 1837 1958
f 871 1837 1868
f 1152 1726 842
f 202 1152 910
f 1017 1459 219
f 1172 1017 219
f 1459 1017 892
f 1017 426 892
f 1017 1172 801
f 1473 1017 801
f 426 1017 1473
f 1459 1901 219
f 1901 309 219
f 1901 1459 892
f 1646 1901 892
f 309 1901 1646
f 1248 705 219
f 309 1248 219
f 1152 1248 910
f 1248 1264 910
f 705 1248 842
f 1248 1152 842
f 662 501 1062
f 501 677 1062
f 1520 1667 1765
f 1667 1520 1258
f 1520 1743 1258
f 1520 1765 1932
f 1743 1520 1932
f 559 1174 1765
f 1139 559 1765
f 1284 1042 56
f 1042 1284 202
f 1284 1152 202
f 1393 977 970
f 977 334 1642
f 334 977 1393
f 609 262 1175
f 1287 987 1387
f 1287 1253 1036
f 1851 1666 591
f 1666 1851 1702
f 143 1851 591
f 1851 143 1702
f 1107 1287 1387
f 1107 1387 591
f 777 226 1947
f 226 1475 1760
f 226 1417 1947
f 1417 226 1760
f 1843 750 1929
f 750 1204 1929
f 1530 750 1843
f 750 1530 1204
f 1395 1760 903
f 818 1395 903
f 1395 1930 1143
f 1930 1395 818
f 1741 1877 777
f 1159 1877 1741
f 1530 1576 1955
f 1576 1530 1843
f 1576 552 1955
f 1576 1843 654
f 552 1576 654
f 1046 818 970
f 521 693 924
f 112 693 521
f 1416 82 129
f 1125 1043 719
f 1510 1125 719
f 1125 1472 1043
f 1472 1125 895
f 1125 1241 895
f 1125 1510 1241
f 757 1558 442
f 1558 757 1531
f 768 1824 895
f 1824 768 217
f 1824 1013 895
f 994 1824 217
f 1013 1824 1340
f 1824 994 1340
f 1053 1858 1605
f 1858 1053 1123
f 379 1053 1605
f 1456 1053 379
f 1053 672 1123
f 1053 1456 672
f 1762 357 181
f 598 1762 181
f 1762 787 357
f 1762 598 787
f 911 1712 1933
f 911 1338 1208
f 1338 911 1933
f 1374 911 1208
f 911 1374 1035
f 1712 911 1035
f 1136 1712 1035
f 1712 1136 955
f 1976 1136 1035
f 1201 1136 1976
f 180 868 920
f 1823 180 920
f 868 180 200
f 1235 1322 920
f 1322 1823 920
f 1322 1235 1316
f 1326 1927 94
f 1927 1326 622
f 263 329 847
f 622 329 263
f 329 955 847
f 329 150 955
f 1326 329 622
f 1544 305 1112
f 849 1544 1112
f 1544 273 305
f 1544 849 923
f 273 1544 1987
f 125 992 1796
f 992 520 1121
f 1114 1381 1912
f 1114 487 913
f 1114 489 487
f 451 870 1802
f 1625 1641 1719
f 1477 1668 1453
f 1668 218 1453
f 1384 160 251
f 337 1455 1023
f 160 1455 1993
f 1455 160 1023
f 1455 1405 1993
f 1455 337 1405
f 1713 19 1366
f 1840 337 898
f 1840 997 1803
f 1015 732 1997
f 704 351 1445
f 351 704 604
f 1592 604 440
f 1592 351 604
f 351 1592 1600
f 385 1207 118
f 1170 385 118
f 1445 385 1170
f 351 385 1445
f 385 351 1600
f 758 1540 964
f 752 758 964
f 1177 411 502
f 1177 628 411
f 628 1177 1327
f 791 576 346
f 791 671 576
f 380 791 346
f 671 791 380
f 1162 190 1121
f 1162 1279 190
f 520 1162 1121
f 773 395 478
f 395 89 478
f 395 773 1231
f 1962 1603 399
f 968 1603 1962
f 1603 831 399
f 1514 114 799
f 1514 1603 968
f 114 1514 1165
f 1514 968 1165
f 140 584 500
f 584 140 360
f 896 230 564
f 89 230 27
f 1589 1215 1982
f 565 662 495
f 372 565 495
f 265 979 342
f 372 265 342
f 979 265 437
f 265 372 495
f 1430 265 495
f 265 1430 437
f 1554 372 342
f 631 1899 1134
f 631 1187 1899
f 631 1134 946
f 1187 631 440
f 631 1871 511
f 1871 631 946
f 631 264 440
f 264 631 511
f 1345 406 562
f 691 1345 562
f 406 1345 459
f 1345 691 459
f 1218 147 1271
f 1218 1185 984
f 147 1218 984
f 1111 66 579
f 66 1343 579
f 1343 66 1111
f 544 1009 1819
f 1302 544 185
f 544 900 1009
f 900 544 1302
f 1391 673 1293
f 185 673 719
f 1573 763 1064
f 1573 1407 1293
f 673 1573 1293
f 1573 673 763
f 345 1573 1064
f 1407 1573 345
f 1030 135 1598
f 644 1302 185
f 1302 644 648
f 1535 872 854
f 872 1978 854
f 1978 872 1141
f 1041 1627 1529
f 1627 1041 108
f 914 1627 108
f 695 1093 74
f 695 1131 1093
f 947 208 648
f 644 947 648
f 947 644 1714
f 208 1028 1012
f 1028 916 1598
f 1012 1028 1598
f 916 1028 492
f 492 1028 1798
f 1028 696 1798
f 1028 208 696
f 47 951 1863
f 518 951 47
f 951 1759 1863
f 951 518 1759
f 213 1394 3
f 515 1394 213
f 1093 453 74
f 1011 453 1093
f 605 1497 1332
f 1923 1011 828
f 1923 515 780
f 1923 605 1011
f 1497 1923 780
f 605 1923 1497
f 1117 10 416
f 1117 1904 10
f 378 747 1227
f 1904 747 378
f 433 1362 1849
f 1362 976 1849
f 976 1362 1541
f 679 433 578
f 1362 679 1541
f 679 1362 433
f 1547 1397 1030
f 771 1547 492
f 1096 771 492
f 1010 246 1567
f 1052 1010 1567
f 1010 1052 285
f 1154 1010 285
f 1010 1154 365
f 290 6 369
f 246 6 290
f 1010 6 246
f 6 365 369
f 6 1010 365
f 303 1154 285
f 303 1755 1154
f 592 303 285
f 1405 303 1993
f 1755 303 1405
f 211 728 139
f 530 718 1893
f 1280 1275 1810
f 530 1275 1280
f 1275 530 1893
f 1570 1460 1810
f 1460 1286 571
f 1460 995 1810
f 995 1460 571
f 41 745 884
f 745 41 665
f 41 915 665
f 915 41 1050
f 1363 728 749
f 728 1363 139
f 139 1363 614
f 1363 1864 614
f 1363 1081 1864
f 1681 1081 1960
f 1890 1681 1050
f 1890 41 1084
f 41 1890 1050
f 1890 1081 1681
f 1864 1890 1084
f 1081 1890 1864
f 1889 981 706
f 1889 212 981
f 981 212 28
f 212 1776 28
f 306 403 1329
f 403 306 1084
f 41 403 1084
f 1827 403 884
f 403 41 884
f 306 714 1864
f 1031 1142 1879
f 1142 1281 1879
f 1142 776 1281
f 1142 1031 1886
f 776 1142 1557
f 1142 1886 1557
f 283 994 998
f 191 1654 1709
f 1654 191 1469
f 1709 1654 338
f 1654 474 338
f 474 1654 1379
f 1654 1469 1379
f 1195 1102 1038
f 1102 1579 408
f 1102 1564 1038
f 1564 1102 715
f 509 1102 408
f 715 1102 509
f 1550 235 1003
f 1003 235 1512
f 1579 235 408
f 235 1550 408
f 235 398 1512
f 136 224 152
f 1336 224 136
f 1068 1582 203
f 1917 1582 1068
f 1582 1917 1797
f 1431 909 350
f 1219 1431 350
f 92 1431 1865
f 1431 92 909
f 1414 1431 1219
f 1431 1414 1865
f 92 1104 327
f 1104 92 1679
f 1104 71 327
f 1104 1679 71
f 655 443 1635
f 161 655 65
f 655 1233 65
f 1365 901 1825
f 44 433 1849
f 44 1282 433
f 506 24 802
f 24 506 443
f 24 866 802
f 866 24 443
f 1591 384 1770
f 384 506 1770
f 384 1591 1635
f 506 384 1635
f 761 866 443
f 761 655 161
f 655 761 443
f 1848 761 161
f 761 1848 753
f 866 761 753
f 956 412 1439
f 412 392 1439
f 287 412 956
f 412 287 1833
f 392 412 1833
f 378 111 410
f 1915 111 378
f 1296 111 397
f 410 111 1296
f 111 1801 397
f 1801 111 188
f 111 1770 188
f 111 1915 1770
f 1591 850 1635
f 850 901 1635
f 901 850 1825
f 1915 304 1591
f 304 850 1591
f 304 1915 1227
f 304 1282 1825
f 850 304 1825
f 1282 304 578
f 747 304 1227
f 627 819 1716
f 627 1499 1348
f 1555 627 1716
f 627 1555 1499
f 572 974 278
f 1179 572 278
f 572 60 974
f 572 1179 60
f 1938 107 1931
f 1686 656 666
f 241 366 1940
f 241 621 509
f 366 241 509
f 298 1551 862
f 1484 1630 377
f 1484 1289 519
f 995 1484 519
f 1630 1484 995
f 1289 1484 583
f 1484 377 583
f 263 891 607
f 1855 891 263
f 891 43 607
f 891 320 43
f 320 891 258
f 258 891 1746
f 891 1855 1746
f 1855 1341 1746
f 1341 1855 621
f 1341 1940 1746
f 1341 241 1940
f 241 1341 621
f 573 1505 2000
f 625 573 2000
f 1505 573 1545
f 1166 458 69
f 458 1166 1444
f 1444 1166 586
f 382 1517 239
f 1517 382 1545
f 1480 1860 875
f 987 1860 1480
f 1522 1150 1920
f 1150 1906 1920
f 1906 1150 1522
f 737 289 1489
f 289 1634 1489
f 289 101 1634
f 101 289 223
f 289 737 1193
f 289 931 223
f 289 1193 931
f 1757 62 117
f 1423 1408 1511
f 1408 1423 62
f 182 1354 566
f 1354 1328 1782
f 1354 1782 676
f 566 1354 676
f 1257 1452 1106
f 1257 1703 455
f 1257 455 1076
f 1452 1257 1076
f 1918 1257 1106
f 1703 1257 1918
f 1122 101 1245
f 1452 1122 1245
f 101 1122 1634
f 1122 1452 1634
f 1621 1171 69
f 37 1621 69
f 1621 37 239
f 840 1335 1106
f 1335 840 829
f 840 1701 829
f 387 840 1106
f 1701 840 387
f 599 167 1556
f 167 1335 1556
f 167 599 1895
f 291 167 1895
f 1335 167 1273
f 167 291 1273
f 1731 1720 1595
f 1720 1731 1441
f 1720 1660 1595
f 1660 1720 1441
f 421 1420 1496
f 1476 1420 421
f 1420 731 1496
f 1420 561 731
f 1390 711 1724
f 415 1199 332
f 415 1390 790
f 880 201 1318
f 880 1146 229
f 880 229 1700
f 1772 880 1700
f 201 880 1772
f 201 883 1318
f 1599 90 546
f 1044 657 170
f 1044 1027 657
f 1596 1044 170
f 1027 1044 1596
f 1027 865 725
f 865 429 725
f 429 865 1596
f 1027 1243 657
f 1243 1027 725
f 1655 1243 725
f 1131 1243 1093
f 1243 1655 1093
f 1695 914 805
f 561 613 1466
f 1450 1569 545
f 652 1569 1450
f 1618 462 1033
f 98 1618 176
f 462 1618 98
f 1312 1618 1033
f 553 1346 310
f 1092 1446 1880
f 1446 1092 512
f 1092 25 512
f 1493 1339 1006
f 1757 531 1738
f 531 1339 1493
f 252 1006 1885
f 975 1234 1370
f 1234 1124 1370
f 1124 1234 1599
f 1495 1806 280
f 1100 1000 1727
f 1100 1234 975
f 1000 1100 280
f 162 1905 1438
f 162 1312 1033
f 1312 162 1438
f 1905 1521 1438
f 1285 1000 990
f 1285 1132 1000
f 1000 1632 1727
f 1132 1632 1000
f 1632 1132 999
f 1680 1632 999
f 127 1632 1680
f 1119 419 1682
f 419 1119 1790
f 720 1119 1682
f 1119 720 1790
f 1476 912 18
f 912 415 18
f 415 912 1199
f 912 1476 421
f 1199 912 421
f 1167 1274 1724
f 685 1274 1167
f 1450 77 651
f 77 1450 1847
f 225 1941 176
f 1941 1346 176
f 1542 1095 327
f 1736 1542 327
f 1542 1767 1095
f 1767 1542 352
f 1542 1736 352
f 843 425 1458
f 843 1853 425
f 168 553 310
f 168 843 227
f 1853 168 310
f 843 168 1853
f 1831 1657 1487
f 1657 116 1202
f 1631 1657 1202
f 1657 1631 1487
f 460 1451 1957
f 1451 460 1386
f 1451 643 1957
f 1451 1386 643
f 307 1560 1458
f 1913 1560 307
f 1560 843 1458
f 843 1560 227
f 669 1560 1913
f 1213 1224 1367
f 1224 1898 1367
f 1182 803 494
f 803 1919 494
f 803 1467 1919
f 1467 1568 944
f 1568 1171 944
f 1171 1568 69
f 1568 1166 69
f 537 835 1149
f 835 1568 1467
f 1351 1094 1834
f 1309 1351 1834
f 1351 106 1094
f 1351 1309 1149
f 1351 1182 938
f 106 1351 938
f 145 1869 48
f 1869 145 198
f 1447 1869 198
f 48 1869 1169
f 1869 1447 1169
f 70 198 1945
f 1074 1422 1948
f 1422 1074 1116
f 1116 1074 22
f 138 1129 1173
f 1129 1854 1173
f 1854 1129 173
f 1129 720 173
f 720 1129 1790
f 1790 1129 1288
f 1129 138 1288
f 593 362 315
f 1870 1358 367
f 1358 1870 1474
f 774 746 1288
f 419 746 535
f 746 419 1288
f 585 1870 367
f 1870 585 488
f 905 1870 488
f 905 488 938
f 472 905 938
f 528 905 472
f 1870 1725 237
f 1725 1383 237
f 905 1725 1870
f 1383 1725 299
f 1725 250 299
f 106 1504 1834
f 1504 1066 812
f 1066 1504 1888
f 1504 465 1834
f 1504 812 465
f 1504 106 488
f 1620 1158 1820
f 1432 1158 1620
f 1158 933 1820
f 1158 1432 933
f 158 1506 383
f 1528 1506 158
f 1506 95 383
f 1080 1911 1835
f 856 52 1607
f 52 856 1249
f 1688 1423 1470
f 1423 1688 62
f 1688 1470 117
f 62 1688 117
f 326 859 159
f 326 1446 859
f 326 1831 730
f 326 1867 1831
f 825 301 1240
f 825 1069 1006
f 1069 825 1240
f 1006 216 269
f 1069 216 1006
f 216 1069 1446
f 301 83 1240
f 1718 83 301
f 1240 83 716
f 716 83 760
f 341 1631 1485
f 341 1485 844
f 729 341 844
f 1844 341 729
f 1553 78 1436
f 939 1553 1436
f 1553 939 151
f 78 1553 623
f 1553 151 623
f 1728 96 890
f 943 1728 890
f 1254 1728 649
f 1728 943 649
f 848 582 890
f 1206 96 827
f 1862 1206 827
f 1206 1862 1304
f 557 851 838
f 557 653 851
f 998 557 838
f 557 998 526
f 184 755 1277
f 184 309 755
f 184 1248 309
f 1022 1139 8
f 1022 559 1139
f 472 1022 8
f 1793 334 924
f 334 1793 56
f 1793 1284 56
f 1152 1793 1726
f 1284 1793 1152
f 609 1190 262
f 559 1190 1174
f 1190 609 1174
f 353 1615 472
f 1615 353 1922
f 1571 1287 1036
f 1287 1571 987
f 353 973 1922
f 1253 973 1262
f 1287 973 1253
f 1107 973 1287
f 1666 1812 591
f 1812 1107 591
f 626 788 654
f 788 626 929
f 155 1812 1666
f 209 461 903
f 461 818 903
f 818 461 970
f 1395 1507 1760
f 1507 1395 1143
f 476 1930 26
f 1299 476 26
f 476 1649 1930
f 1649 1843 1929
f 1260 1159 1014
f 1260 1877 1159
f 1337 1260 1014
f 1260 1337 1097
f 1877 1005 1393
f 1005 334 1393
f 924 1005 623
f 334 1005 924
f 1113 1877 1393
f 1113 1393 970
f 461 1113 970
f 1475 1077 1760
f 1760 1077 903
f 1077 209 903
f 1930 1903 26
f 1903 1930 818
f 522 155 1299
f 1046 54 818
f 1524 1508 1174
f 609 1524 1174
f 1508 1533 1642
f 1533 977 1642
f 1524 1533 1508
f 1533 1524 1046
f 1049 693 112
f 1726 1049 340
f 1049 112 340
f 1793 1049 1726
f 693 1049 924
f 1049 1793 924
f 611 1416 1072
f 611 82 1416
f 1646 611 755
f 611 1072 755
f 1862 817 1304
f 817 82 1304
f 82 817 129
f 817 122 129
f 122 817 29
f 29 1205 126
f 817 1205 29
f 1205 817 1862
f 396 827 126
f 396 1862 827
f 1205 396 126
f 396 1205 1862
f 15 898 1861
f 15 1840 898
f 1840 15 997
f 442 962 1391
f 1558 962 442
f 962 1558 1510
f 962 1510 719
f 673 962 719
f 962 673 1391
f 1510 1637 1241
f 1558 1637 1510
f 1637 980 1241
f 1637 1558 1531
f 1953 1637 1531
f 980 1637 1953
f 1608 1136 1201
f 1564 1608 1038
f 1608 1201 1038
f 1608 1564 847
f 612 1823 1805
f 612 180 1823
f 1976 612 1805
f 612 1976 200
f 180 612 200
f 855 1927 1071
f 855 1338 94
f 1927 855 94
f 1338 855 1208
f 1208 855 316
f 855 1060 316
f 100 1326 94
f 1653 125 1796
f 1215 1653 1796
f 1653 1413 1347
f 1653 1589 1413
f 1653 1215 1589
f 456 1114 1912
f 1114 456 489
f 1065 456 1912
f 489 456 1065
f 1802 1629 913
f 1629 870 913
f 870 1629 1802
f 1656 1114 913
f 870 1656 913
f 1114 1656 1381
f 133 489 898
f 1641 133 898
f 1294 1384 1719
f 1641 1294 1719
f 1457 214 1477
f 214 1668 1477
f 1580 238 992
f 125 1580 992
f 650 1580 1347
f 1580 1653 1347
f 1653 1580 125
f 658 520 992
f 238 658 992
f 658 238 923
f 33 650 1453
f 218 33 1453
f 33 218 1987
f 160 1229 251
f 1229 1658 251
f 1229 592 1658
f 1229 160 1993
f 303 1229 1993
f 1229 303 592
f 337 1538 1405
f 1538 1366 1405
f 1538 1713 1366
f 732 1628 1897
f 1015 1628 732
f 1161 1651 1516
f 1651 1161 640
f 1207 1651 640
f 53 1651 1207
f 668 385 1600
f 1177 741 1327
f 741 961 1327
f 741 1749 961
f 1749 741 502
f 741 1177 502
f 1015 1943 1739
f 1943 1015 1997
f 1956 1943 1997
f 395 1884 89
f 799 1884 1231
f 1884 395 1231
f 360 508 1566
f 1965 508 360
f 1916 323 1138
f 1916 1231 323
f 1916 799 1231
f 140 30 360
f 30 140 896
f 30 1965 360
f 30 896 1965
f 140 1388 896
f 230 1388 27
f 1388 230 896
f 1388 684 27
f 684 1388 1590
f 1590 1388 500
f 1388 140 500
f 564 1448 799
f 230 1448 564
f 1448 1884 799
f 1448 230 89
f 1884 1448 89
f 1385 1215 1796
f 1385 1796 1121
f 1215 1385 1982
f 193 1385 1121
f 864 1385 193
f 501 712 677
f 712 501 662
f 565 712 662
f 677 712 1091
f 712 1554 1091
f 712 565 372
f 1554 712 372
f 183 342 446
f 183 1554 342
f 1554 183 1091
f 183 446 779
f 1091 183 779
f 795 1218 1271
f 1742 795 660
f 795 1271 660
f 1794 795 1742
f 795 1794 1185
f 1218 795 1185
f 673 1773 763
f 1773 544 1819
f 228 1773 1819
f 1773 228 1198
f 763 1773 1064
f 1773 1198 1064
f 135 558 1598
f 558 1012 1598
f 1012 558 359
f 429 918 1030
f 918 135 1030
f 918 429 1596
f 1045 1817 813
f 1817 644 185
f 1986 1817 185
f 1817 1986 813
f 702 872 1535
f 872 702 483
f 889 702 1535
f 483 702 428
f 702 1721 428
f 702 889 1627
f 1950 483 1359
f 1950 872 483
f 872 1950 1141
f 1950 1359 1669
f 312 1950 1669
f 1950 312 1141
f 1627 1051 1529
f 889 1051 1627
f 1529 1051 72
f 1051 1535 72
f 1051 889 1535
f 834 695 74
f 208 1237 2
f 947 1237 208
f 1237 47 2
f 1237 518 47
f 518 1237 1714
f 1237 947 1714
f 429 1894 828
f 1894 1394 515
f 1894 429 1030
f 1394 1894 1030
f 1894 1923 828
f 1923 1894 515
f 1721 1392 1332
f 1392 605 1332
f 605 1392 1011
f 1117 876 1904
f 876 747 1904
f 876 1117 416
f 679 876 416
f 876 679 578
f 304 876 578
f 876 304 747
f 734 679 416
f 79 734 416
f 734 79 3
f 1613 1394 1030
f 1397 1613 1030
f 1394 1613 3
f 1613 734 3
f 734 1613 174
f 1610 1397 1547
f 771 1610 1547
f 1610 771 1244
f 174 1610 1244
f 1613 1610 174
f 1610 1613 1397
f 132 976 1541
f 679 132 1541
f 393 139 1060
f 393 211 139
f 211 393 268
f 855 393 1060
f 393 855 268
f 113 718 1071
f 1372 1275 1893
f 1372 1570 1810
f 1275 1372 1810
f 775 1363 749
f 775 1081 1363
f 1960 775 749
f 1081 775 1960
f 770 1217 815
f 1217 293 815
f 293 1217 706
f 1217 1889 706
f 394 212 1889
f 394 1217 770
f 1217 394 1889
f 996 1827 884
f 996 808 1827
f 808 1368 1776
f 996 1368 808
f 1192 1368 884
f 1368 996 884
f 1864 532 614
f 714 532 1864
f 1972 770 1886
f 994 1021 137
f 283 1021 994
f 137 1223 454
f 1021 1223 137
f 1223 1021 283
f 1223 430 454
f 430 1223 244
f 1223 942 244
f 942 1223 838
f 1223 998 838
f 1223 283 998
f 1486 224 1336
f 798 1486 1797
f 1486 798 1479
f 1486 1479 152
f 224 1486 152
f 1301 189 1233
f 1601 1503 153
f 1503 189 153
f 1503 1601 1593
f 1233 1503 1593
f 189 1503 1233
f 153 88 1849
f 44 475 1282
f 1282 475 1825
f 475 1365 1825
f 1365 1488 901
f 107 547 1931
f 547 697 1572
f 547 107 697
f 819 547 1572
f 627 547 819
f 473 1938 1756
f 473 821 697
f 107 473 697
f 1938 473 107
f 473 1756 1418
f 473 1418 1612
f 821 473 1612
f 401 1938 1931
f 401 1101 1276
f 1686 769 656
f 656 769 1907
f 769 1192 1907
f 156 298 1630
f 298 156 1551
f 1551 156 1878
f 156 363 1878
f 363 156 571
f 128 413 377
f 1630 128 377
f 298 128 1630
f 413 128 862
f 128 298 862
f 1253 1029 1036
f 1029 1306 1036
f 1029 1253 1361
f 1409 1029 1361
f 1860 1500 875
f 1500 1135 875
f 1500 625 1135
f 1574 1517 1545
f 1517 1574 1409
f 1574 1029 1409
f 1029 1574 1306
f 1519 1528 62
f 1757 1519 62
f 1519 1757 1738
f 1080 1519 1738
f 1528 1519 1835
f 1519 1080 1835
f 1408 1437 1511
f 904 158 1328
f 904 1528 158
f 1354 904 1328
f 331 1074 1948
f 1581 182 22
f 1074 1581 22
f 331 1581 1074
f 1171 1435 944
f 1621 1435 1171
f 1435 1409 944
f 1435 1517 1409
f 1517 1435 239
f 1435 1621 239
f 123 1476 18
f 123 1420 1476
f 1390 1419 711
f 415 1419 1390
f 1419 415 332
f 1419 708 711
f 1419 332 708
f 1382 77 1847
f 439 883 1380
f 793 439 988
f 439 1750 988
f 439 1380 1750
f 1130 778 146
f 1130 90 1599
f 1380 1585 146
f 568 1027 1596
f 865 568 1596
f 568 865 1027
f 1243 314 657
f 657 314 988
f 314 793 988
f 314 1243 1131
f 1821 1627 914
f 1695 1821 914
f 1073 1633 1466
f 204 783 545
f 1569 204 545
f 783 204 1626
f 204 1569 1626
f 1502 225 176
f 1618 1502 176
f 232 1312 1626
f 232 1618 1312
f 232 1502 1618
f 1502 232 652
f 1569 232 1626
f 232 1569 652
f 593 1047 716
f 1047 1240 716
f 1240 1047 1880
f 1047 1092 1880
f 1092 1047 25
f 25 253 512
f 1047 253 25
f 531 1085 1339
f 1085 117 969
f 1339 1085 969
f 1085 1757 117
f 1085 531 1757
f 1234 1375 1599
f 1375 87 1599
f 1375 1100 1727
f 1100 1375 1234
f 1156 1100 975
f 1156 975 1769
f 1495 1156 1769
f 1156 1495 280
f 1100 1156 280
f 512 534 462
f 253 534 512
f 162 534 1905
f 1438 1715 1914
f 1521 1715 1438
f 1715 1809 1914
f 1809 1715 1147
f 1715 615 1147
f 720 908 1645
f 1523 908 1682
f 908 720 1682
f 358 1645 1769
f 975 358 1769
f 1521 807 806
f 807 1521 1905
f 1562 1966 999
f 1132 1562 999
f 1966 1562 990
f 1562 1285 990
f 1632 1376 1727
f 1376 1375 1727
f 1375 1376 87
f 1376 1632 127
f 1376 1723 87
f 1723 1376 127
f 1059 1400 814
f 1400 685 814
f 1400 1274 685
f 405 1400 1059
f 888 1400 405
f 1400 888 1975
f 77 1291 651
f 1941 1291 1838
f 1291 1382 1838
f 1382 1291 77
f 1657 1425 553
f 1425 1657 1831
f 1425 1346 553
f 1867 1425 1831
f 176 1425 159
f 1346 1425 176
f 811 707 51
f 1678 405 1360
f 1678 888 405
f 888 1678 482
f 425 1678 1360
f 482 1678 425
f 879 1853 310
f 879 1857 1853
f 311 482 1853
f 1857 311 1853
f 683 1941 1838
f 1941 683 1346
f 1382 630 1838
f 709 1913 844
f 709 669 1913
f 1485 709 844
f 709 1485 1202
f 116 709 1202
f 1807 709 116
f 709 1807 669
f 1807 1560 669
f 1075 39 1213
f 39 1224 1213
f 39 1075 242
f 1898 39 242
f 1224 39 1898
f 1900 835 537
f 835 1900 1568
f 1900 537 586
f 1166 1900 586
f 1568 1900 1166
f 803 1561 1467
f 1561 1351 1149
f 1561 803 1182
f 1351 1561 1182
f 835 1561 1149
f 1561 835 1467
f 1665 70 1945
f 1511 1665 1945
f 1665 1437 1054
f 1437 1665 1511
f 1259 1447 198
f 70 1259 198
f 1447 1259 931
f 1259 1422 931
f 1259 70 1422
f 720 1389 173
f 1389 1854 173
f 1389 720 1645
f 362 1389 1645
f 1173 1389 760
f 1854 1389 1173
f 1389 362 593
f 1389 716 760
f 1389 593 716
f 724 555 367
f 555 1670 774
f 1670 746 774
f 724 1670 555
f 1670 724 746
f 1492 1474 1464
f 1492 1358 1474
f 481 905 528
f 481 1139 1546
f 481 1546 250
f 1139 481 8
f 481 528 8
f 1725 481 250
f 481 1725 905
f 585 1696 488
f 1696 1504 488
f 1504 1696 1888
f 1696 367 1888
f 1696 585 367
f 902 1528 1835
f 902 1506 1528
f 536 902 1835
f 902 536 514
f 1506 902 95
f 95 902 1200
f 902 514 1200
f 1080 1144 1911
f 1911 1144 1249
f 531 1144 1738
f 1144 1080 1738
f 1144 1194 1249
f 1194 1144 531
f 589 1137 1607
f 1137 856 1607
f 536 925 856
f 925 1911 1249
f 856 925 1249
f 1911 925 1835
f 925 536 1835
f 292 326 159
f 326 292 1867
f 1425 292 159
f 292 1425 1867
f 1339 1563 1006
f 1563 825 1006
f 1563 1339 969
f 192 1563 969
f 301 1563 192
f 825 1563 301
f 326 1016 1446
f 1016 216 1446
f 1016 326 730
f 269 1016 730
f 216 1016 269
f 1737 617 760
f 83 1737 760
f 1737 1718 617
f 1737 83 1718
f 341 389 1631
f 389 341 1844
f 389 1319 1631
f 1319 389 221
f 389 1844 221
f 82 978 1304
f 611 978 82
f 978 611 1646
f 96 1211 890
f 1206 1211 96
f 1211 848 890
f 848 1211 1304
f 1211 1206 1304
f 523 765 96
f 523 1728 1254
f 1728 523 96
f 96 67 827
f 765 67 96
f 1876 1837 871
f 1876 1297 451
f 1876 451 873
f 1876 873 1958
f 1837 1876 1958
f 1242 663 1277
f 663 184 1277
f 663 1242 1019
f 184 663 1248
f 1264 663 1019
f 1248 663 1264
f 1022 1168 559
f 1168 1022 472
f 1615 1168 472
f 1190 1168 262
f 1168 1190 559
f 1168 75 262
f 1168 1615 75
f 1306 647 1036
f 647 1571 1036
f 1571 647 987
f 973 1740 1262
f 1740 973 353
f 608 1740 444
f 444 1740 472
f 1740 353 472
f 1740 236 1262
f 1740 608 236
f 61 626 1299
f 61 1702 929
f 626 61 929
f 893 1507 1204
f 893 1204 1947
f 1417 893 1947
f 893 1417 1760
f 1507 893 1760
f 1204 196 1929
f 1507 196 1204
f 196 1507 1143
f 196 1649 1929
f 1930 196 1143
f 1649 196 1930
f 1103 476 1299
f 1103 1649 476
f 1649 1103 1843
f 1260 302 1877
f 302 1260 1097
f 1005 302 623
f 302 76 623
f 302 1097 76
f 1877 355 777
f 1077 355 1877
f 355 226 777
f 226 355 1475
f 355 1077 1475
f 1113 645 1877
f 645 1077 1877
f 645 461 209
f 645 1113 461
f 347 276 818
f 276 1903 818
f 1903 276 347
f 1814 1903 347
f 1814 522 1299
f 1814 1299 26
f 1903 1814 26
f 1792 1615 1922
f 1615 1792 75
f 522 1183 155
f 1183 1792 1922
f 1792 1183 522
f 973 1183 1922
f 1183 973 1107
f 1812 1183 1107
f 155 1183 1812
f 797 347 818
f 54 797 818
f 538 54 1046
f 1524 538 1046
f 538 1524 609
f 538 609 1175
f 54 538 1175
f 977 388 970
f 1533 388 977
f 388 1046 970
f 388 1533 1046
f 205 1589 124
f 1589 205 1861
f 205 15 1861
f 73 1608 847
f 1608 73 1136
f 955 73 847
f 1136 73 955
f 1322 1804 1823
f 450 1804 1322
f 1823 1804 1805
f 1804 450 1579
f 1102 1804 1579
f 1804 1195 1805
f 1804 1102 1195
f 361 104 398
f 235 361 398
f 361 235 1579
f 450 361 1579
f 104 580 529
f 580 450 1322
f 361 580 104
f 580 361 450
f 580 1316 529
f 580 1322 1316
f 855 1552 268
f 1552 211 268
f 718 1552 1071
f 1552 855 1071
f 211 1552 728
f 1398 329 1326
f 100 1398 1326
f 329 1398 150
f 1398 100 94
f 1338 1398 94
f 150 1398 1338
f 863 1656 870
f 863 870 451
f 1297 863 451
f 214 177 1668
f 991 1641 1625
f 991 133 1641
f 133 991 489
f 1294 539 1384
f 160 539 1023
f 539 160 1384
f 539 337 1023
f 337 539 898
f 539 1641 898
f 539 1294 1641
f 33 1356 650
f 1356 1580 650
f 1580 1356 238
f 1356 33 1987
f 1840 1706 337
f 1706 1538 337
f 1706 1840 1803
f 1897 1067 785
f 1628 1067 1897
f 1272 703 1739
f 1943 1272 1739
f 1272 1943 1956
f 1651 1902 1516
f 1902 1651 53
f 668 1902 53
f 1902 668 1600
f 385 887 1207
f 668 887 385
f 887 53 1207
f 887 668 53
f 1162 154 1279
f 1664 154 1162
f 169 1162 520
f 169 1664 1162
f 169 658 923
f 658 169 520
f 31 646 833
f 646 508 1965
f 833 646 637
f 646 1965 637
f 1236 646 31
f 646 1236 508
f 1236 864 193
f 1236 193 1566
f 508 1236 1566
f 831 736 1138
f 736 1916 1138
f 1603 1711 831
f 1711 736 831
f 736 1711 1916
f 1514 1711 1603
f 1711 1514 799
f 1916 1711 799
f 1773 1751 544
f 1751 1773 673
f 544 1751 185
f 1751 673 185
f 824 558 135
f 918 824 135
f 824 1596 170
f 824 918 1596
f 1198 824 170
f 228 824 1198
f 1672 1817 1045
f 1817 1672 644
f 1672 1045 1714
f 644 1672 1714
f 1537 834 74
f 1537 1695 805
f 834 1537 805
f 695 463 1131
f 834 463 695
f 463 314 1131
f 463 880 1318
f 463 834 805
f 1146 463 805
f 880 463 1146
f 453 1961 74
f 1961 453 1011
f 1392 1961 1011
f 949 1096 976
f 132 949 976
f 949 771 1096
f 597 174 1244
f 771 597 1244
f 949 597 771
f 597 949 132
f 718 1310 1893
f 1310 1372 1893
f 983 113 1071
f 983 1927 622
f 113 983 622
f 1368 1263 1776
f 1776 1263 666
f 1263 1686 666
f 1263 1368 1192
f 769 1263 1192
f 1263 769 1686
f 551 403 1827
f 804 551 1827
f 403 551 1329
f 551 394 1329
f 394 551 212
f 551 804 212
f 808 1990 1827
f 841 1972 1886
f 532 841 614
f 841 532 714
f 1972 841 714
f 841 1266 614
f 841 1886 1266
f 148 394 770
f 1972 148 770
f 1305 714 306
f 1305 1972 714
f 1305 306 1329
f 1305 148 1972
f 394 1305 1329
f 148 1305 394
f 982 1486 1336
f 982 1336 203
f 1582 982 203
f 982 1582 1797
f 1486 982 1797
f 655 402 1233
f 402 1301 1233
f 1301 402 901
f 901 402 1635
f 402 655 1635
f 1488 948 1270
f 948 88 1270
f 948 44 1849
f 88 948 1849
f 475 1002 1365
f 1002 1488 1365
f 1002 475 44
f 948 1002 44
f 1002 948 1488
f 1301 1115 189
f 1115 1301 901
f 1488 1115 901
f 189 1115 153
f 1115 88 153
f 88 1115 1270
f 1115 1488 1270
f 330 627 1348
f 330 547 627
f 547 330 1931
f 330 1348 927
f 1101 330 927
f 330 401 1931
f 401 330 1101
f 1938 1984 1756
f 401 1984 1938
f 1418 1984 1928
f 1756 1984 1418
f 1984 448 1928
f 448 1984 1276
f 1984 401 1276
f 759 1630 995
f 759 156 1630
f 759 995 571
f 156 759 571
f 166 1500 1860
f 166 1574 1545
f 1437 1577 1054
f 1054 1577 1948
f 1577 331 1948
f 42 1577 1437
f 1977 42 182
f 1577 42 1977
f 739 42 1437
f 42 739 182
f 739 1354 182
f 739 904 1354
f 1677 1581 331
f 1677 1577 1977
f 1577 1677 331
f 1677 1977 182
f 1581 1677 182
f 1420 958 561
f 123 958 1420
f 1274 886 1724
f 886 1390 1724
f 1390 886 790
f 1130 922 778
f 1349 922 179
f 778 922 1349
f 922 1680 179
f 922 127 1680
f 922 1723 127
f 87 279 1599
f 279 1130 1599
f 279 922 1130
f 1723 279 87
f 922 279 1723
f 1369 883 201
f 1369 201 546
f 883 1369 1380
f 1369 1585 1380
f 373 1130 146
f 1585 373 146
f 1130 373 90
f 90 373 546
f 373 1369 546
f 1369 373 1585
f 314 941 793
f 883 941 1318
f 941 463 1318
f 463 941 314
f 941 439 793
f 439 941 883
f 613 1722 1466
f 1722 1073 1466
f 1722 613 561
f 1410 1047 593
f 1410 253 1047
f 1410 593 315
f 1350 52 1249
f 1194 1350 1249
f 525 1350 1007
f 52 1350 525
f 1350 1194 252
f 1007 1350 1885
f 1350 252 1885
f 1194 932 252
f 932 1493 1006
f 252 932 1006
f 932 531 1493
f 932 1194 531
f 215 162 1033
f 215 534 162
f 462 215 1033
f 534 215 462
f 534 786 1905
f 1373 1715 1521
f 1370 1373 806
f 1373 1521 806
f 1715 1373 615
f 1373 1124 499
f 1124 1373 1370
f 1373 921 615
f 1772 1373 499
f 921 1373 1772
f 1645 295 1769
f 908 295 1645
f 295 1495 1769
f 1495 295 1806
f 1806 295 1523
f 295 908 1523
f 1352 358 975
f 358 1352 286
f 1352 807 286
f 1352 975 806
f 807 1352 806
f 1285 1032 1132
f 1032 1562 1132
f 1562 1032 1285
f 1274 959 1624
f 1400 959 1274
f 959 1400 1975
f 390 1941 225
f 390 1291 1941
f 1291 390 651
f 390 652 651
f 390 1502 652
f 1502 390 225
f 879 1527 1857
f 683 1527 1346
f 1346 1527 310
f 1527 879 310
f 271 888 482
f 888 271 1975
f 271 707 1975
f 311 490 482
f 490 271 482
f 271 490 630
f 490 311 1857
f 436 271 630
f 707 436 51
f 271 436 707
f 270 1807 116
f 168 270 553
f 270 168 227
f 270 1657 553
f 1657 270 116
f 1560 270 227
f 1807 270 1560
f 284 1665 1054
f 284 1054 1948
f 1358 435 367
f 435 724 367
f 724 435 1358
f 724 157 746
f 157 1492 1464
f 157 724 1358
f 1492 157 1358
f 157 1464 535
f 746 157 535
f 1565 536 856
f 1137 1565 856
f 536 1565 514
f 514 1565 589
f 1565 1137 589
f 1758 848 1304
f 978 1758 1304
f 1604 523 1254
f 653 1604 1254
f 557 1604 653
f 1949 980 1953
f 827 1949 126
f 1949 1953 126
f 67 1949 827
f 1949 67 765
f 1881 871 1540
f 1881 1876 871
f 1876 1881 1297
f 1297 1881 386
f 758 1881 1540
f 1881 758 752
f 1881 752 1090
f 386 1881 1090
f 1574 260 1306
f 260 647 1306
f 260 166 1860
f 166 260 1574
f 260 1860 987
f 647 260 987
f 1980 61 1299
f 1980 155 1666
f 155 1980 1299
f 626 59 1299
f 59 1103 1299
f 1103 59 1843
f 1843 59 654
f 59 626 654
f 1685 1005 1877
f 302 1685 1877
f 1685 302 1005
f 1077 740 209
f 740 645 209
f 645 740 1077
f 262 1813 1175
f 75 1813 262
f 1792 1813 75
f 1814 1813 522
f 1813 1792 522
f 1222 1814 347
f 1222 1813 1814
f 1813 1222 1175
f 19 449 31
f 449 124 1982
f 449 1236 31
f 1236 449 864
f 1385 449 1982
f 449 1385 864
f 15 874 997
f 205 874 15
f 997 874 1803
f 874 1713 1803
f 1713 874 19
f 728 1433 749
f 1552 1433 728
f 1433 1552 718
f 1433 530 749
f 1433 718 530
f 826 863 1297
f 863 826 567
f 826 1297 386
f 177 826 386
f 826 177 567
f 1668 1875 218
f 177 1875 1668
f 218 1875 1987
f 1157 177 214
f 1381 1157 1594
f 1656 1157 1381
f 863 1157 1656
f 1157 863 567
f 177 1157 567
f 926 55 1625
f 55 991 1625
f 991 55 489
f 487 55 926
f 489 55 487
f 238 832 923
f 1356 832 238
f 832 1544 923
f 1544 832 1987
f 832 1356 1987
f 1538 1061 1713
f 1706 1061 1538
f 1713 1061 1803
f 1061 1706 1803
f 1729 1067 1628
f 1729 1592 440
f 1067 1729 440
f 1251 1609 785
f 1067 1251 785
f 1609 1251 919
f 919 1251 264
f 264 1251 440
f 1251 1067 440
f 1272 1082 703
f 1902 1082 1516
f 1082 1902 703
f 1082 1272 1956
f 1623 381 1997
f 381 1956 1997
f 1279 381 1623
f 824 602 558
f 602 900 359
f 558 602 359
f 900 602 1009
f 1009 602 1819
f 602 228 1819
f 602 824 228
f 498 1821 1695
f 1537 498 1695
f 1821 498 1627
f 498 1537 74
f 702 498 1721
f 498 702 1627
f 498 1392 1721
f 1961 498 74
f 498 1961 1392
f 115 734 174
f 597 115 174
f 115 597 132
f 734 115 679
f 115 132 679
f 113 743 718
f 743 1310 718
f 1927 642 1071
f 642 983 1071
f 983 642 1927
f 804 364 212
f 364 1990 212
f 364 804 1827
f 1990 364 1827
f 212 1926 1776
f 1990 1926 212
f 1926 808 1776
f 1926 1990 808
f 1500 1377 625
f 166 1377 1500
f 1377 166 1545
f 573 1377 1545
f 1377 573 625
f 739 1396 904
f 1396 1408 62
f 1396 1437 1408
f 1396 739 1437
f 1528 1396 62
f 904 1396 1528
f 1752 1382 1847
f 1752 630 1382
f 1752 436 630
f 415 1212 18
f 1212 415 790
f 1212 123 18
f 1212 958 123
f 886 1745 811
f 1745 707 811
f 1745 1274 1624
f 1745 886 1274
f 707 1745 1975
f 1745 959 1975
f 959 1745 1624
f 735 1722 561
f 1722 735 1073
f 735 1847 57
f 1490 735 57
f 735 1490 854
f 1633 735 854
f 1073 735 1633
f 1226 534 253
f 1410 1226 253
f 1226 1410 315
f 786 418 1905
f 418 807 1905
f 807 418 286
f 418 358 286
f 418 786 358
f 358 957 1645
f 786 957 358
f 957 362 1645
f 362 957 315
f 957 1226 315
f 957 786 534
f 1226 957 534
f 595 490 1857
f 1527 595 1857
f 595 1527 683
f 1422 722 1948
f 722 284 1948
f 1665 1056 70
f 284 1056 1665
f 722 1056 284
f 70 1056 1422
f 1056 722 1422
f 1647 1758 978
f 1399 1647 336
f 336 1647 1646
f 1647 978 1646
f 1949 339 980
f 523 339 765
f 339 1949 765
f 1771 1980 1666
f 1980 1771 61
f 1771 1666 1702
f 61 1771 1702
f 797 1320 347
f 1320 1222 347
f 1222 1320 1175
f 1320 54 1175
f 1320 797 54
f 867 874 205
f 867 205 124
f 449 867 124
f 867 449 19
f 874 867 19
f 210 1321 1987
f 1875 210 1987
f 210 386 1321
f 210 177 386
f 210 1875 177
f 1157 1314 1594
f 1314 1157 214
f 1314 1457 1594
f 1314 214 1457
f 1934 1902 1600
f 1902 1934 703
f 1592 1934 1600
f 68 1628 1015
f 68 1729 1628
f 68 1015 1739
f 703 68 1739
f 1934 68 703
f 381 376 1956
f 376 288 1956
f 288 376 154
f 154 376 1279
f 376 381 1279
f 400 849 1112
f 400 1133 849
f 1161 400 1112
f 163 1133 288
f 163 154 1664
f 163 288 154
f 1133 163 849
f 849 163 923
f 163 169 923
f 169 163 1664
f 600 743 113
f 1286 600 607
f 1460 600 1286
f 600 622 607
f 600 113 622
f 958 1181 561
f 595 1300 490
f 630 1300 1838
f 490 1300 630
f 1300 683 1838
f 1300 595 683
f 1498 1647 1399
f 1647 1498 1758
f 1498 1399 596
f 1758 1498 848
f 582 1498 596
f 848 1498 582
f 1733 339 523
f 68 766 1729
f 766 68 1934
f 1729 766 1592
f 766 1934 1592
f 548 1161 1516
f 548 400 1161
f 1082 548 1516
f 1133 548 288
f 400 548 1133
f 600 93 743
f 743 93 1310
f 93 1460 1570
f 93 600 1460
f 1372 93 1570
f 1310 93 1372
f 134 735 561
f 1181 134 561
f 735 134 1847
f 134 1752 1847
f 134 1181 1752
f 1063 1212 790
f 1212 1063 958
f 1604 277 523
f 277 1733 523
f 277 1604 557
f 1733 277 339
f 548 569 288
f 569 548 1082
f 288 569 1956
f 569 1082 1956
f 1597 1181 958
f 1063 1597 958
f 886 972 790
f 972 1063 790
f 972 886 811
f 972 811 51
f 972 1597 1063
f 436 972 51
f 1597 972 1181
f 1752 972 436
f 1181 972 1752
f 1887 277 557
f 277 1887 339
f 1887 557 526
f 980 1887 526
f 339 1887 980
o Cracks
v -11.670762988043647 -7.6042990645006 0.1
v -13.492975394201451 -6.788999382399993 0.1
v -13.481667186694503 -7.8488682475006994 0.1
v -12.309299939683756 -8.132792648555053 0.1
v -13.1074328591271 -8.284738554540455 0.1
l 2001 2002 2003 2004 2005
v 3.4201978884764057 -7.919618737004017 0.1
v 3.226035838428195 -7.2699758826671586 0.1
v 3.3683744525914125 -7.895084272747981 0.1
v 2.3491542207541296 -7.806882878397292 0.1
v 2.9987333749953407 -8.012653730204566 0.1
l 2006 2007 2008 2009 2010
v 12.174311106021225 5.637156566062961 0.1
v 12.430098862206878 4.2805498840064065 0.1
v 13.179938065113618 4.806119756018739 0.1
v 11.460307786819175 4.848913195928032 0.1
v 12.736268184028146 5.912813227998945 0.1
l 2011 2012 2013 2014 2015
v -7.845461110795672 5.291600506266788 0.1
v -8.632016722107766 4.923301516872836 0.1
v -8.081559964209427 4.59605860795017 0.1
v -7.734029901380213 5.357110288943557 0.1
v -9.13344216552933 5.221480638456236 0.1
l 2016 2017 2018 2019 2020
v 1.817676235187071 -9.81812592686656 0.1
v 2.387590073027966 -9.764299391842822 0.1
v 1.0115752944424705 -10.224766248972411 0.1
v 1.8914317835677326 -9.34383768891249 0.1
v 2.187905226102812 -9.321537213071096 0.1
l 2021 2022 2023 2024 2025
v 9.311806600869545 12.989079911093672 0.1
v 10.203207290123826 14.334442988033185 0.1
v 9.723119130236537 13.288028174296096 0.1
v 10.076007848623664 14.80199537833932 0.1
v 9.443374187303602 14.195910543311701 0.1
l 2026 2027 2028 2029 2030
v 3.5478952901167564 2.8654864396182216 0.1
v 4.089921558327588 3.3462013106493194 0.1
v 3.710173539318389 4.455395886650068 0.1
v 3.537706806607261 3.229788381171528 0.1
v 3.117038294038246 3.850883600870569 0.1
l 2031 2032 2033 2034 2035
v 0.4750239253140056 13.75582887540266 0.1
v 0.8592552720423137 13.12570591556834 0.1
v 0.30989806779491946 13.31542395208313 0.1
v 0.5401463891957543 14.448872131412607 0.1
v -0.6878292755161997 13.49154468603906 0.1
l 2036 2037 2038 2039 2040
v 2.3054257146148984 4.09591902891135 0.1
v 2.3304373155244615 3.09506236465821 0.1
v 0.8133622723021889 3.9848746993447017 0.1
v 1.2776856148198028 3.8232435318239943 0.1
v 1.0511171972068685 3.3192452254647726 0.1
l 2041 2042 2043 2044 2045
v -9.681757363746252 -7.087388351821074 0.1
v -10.419550736262995 -8.634190852500486 0.1
v -11.1688227925987 -7.7482268632642075 0.1
v -10.361801886782825 -7.625030789490984 0.1
v -9.667255098509138 -8.487666171092279 0.1
l 2046 2047 2048 2049 2050
v -11.744918801017203 3.0513741955441547 0.1
v -13.145224702691007 2.8003412773130476 0.1
v -12.168360562935977 2.2672697467917082 0.1
v -13.25701615936465 2.5062511302807606 0.1
v -13.242147238205307 2.0965718017983033 0.1
l 2051 2052 2053 2054 2055
v -7.776389131780691 -8.13188937623474 0.1
v -8.058878115651563 -9.170076792619096 0.1
v -8.540583585664715 -9.323039090099872 0.1
v -8.922314175060276 -7.894858503159608 0.1
v -8.943389293949025 -9.367859243354417 0.1
l 2056 2057 2058 2059 2060
v 8.037433877471825 -10.327283246250497 0.1
v 8.376713360469166 -9.460141923356804 0.1
v 8.746579557005113 -10.653368314275607 0.1
v 7.173911381123657 -9.905232537607384 0.1
v 7.20059936590117 -9.548692703115922 0.1
l 2061 2062 2063 2064 2065
v 13.547238201412535 -5.876406406070215 0.1
v 14.163437112609863 -7.50675882978457 0.1
v 13.660357047949287 -6.678201108147422 0.1
v 13.811449452870065 -6.500156528730299 0.1
v 14.285399033716327 -6.149685691662059 0.1
l 2066 2067 2068 2069 2070
v -12.228742216617059 -13.52832795254583 0.1
v -10.72478412433633 -14.57403595508022 0.1
v -10.84483896840461 -13.848831084220944 0.1
v -11.311793368905604 -14.205943935835414 0.1
v -11.736351401310168 -14.551106976482071 0.1
l 2071 2072 2073 2074 2075
v -13.796716388784374 -15.320075452566506 0.1
v -12.359277934589617 -13.773899857430047 0.1
v -13.341205186680162 -15.210847013772762 0.1
v -13.493604357533643 -15.227403239358054 0.1
v -14.293664381184092 -14.719882987605912 0.1
l 2076 2077 2078 2079 2080
v 12.754556660904036 11.359423288936126 0.1
v 11.97427766680806 11.867875919227874 0.1
v 12.706047202084457 11.253518819990221 0.1
v 13.258917764298364 11.650542369895177 0.1
v 13.405662092798469 13.046671487107709 0.1
l 2081 2082 2083 2084 2085
v -1.3442347926141929 4.123679080552638 0.1
v -0.47504387200017306 3.2924751484423886 0.1
v -1.5269406537974208 2.404130362983129 0.1
v -0.5894028942370286 2.825355801031739 0.1
v -1.418069021450174 2.2360449571498164 0.1
l 2086 2087 2088 2089 2090
v -4.872476972979024 -2.8986846060254026 0.1
v -4.867635383721456 -2.059318004284275 0.1
v -3.1667606418155065 -2.4978825366714608 0.1
v -4.864898117140384 -2.3890616860160847 0.1
v -3.957511885061078 -3.872957813270059 0.1
l 2091 2092 2093 2094 2095
v -0.48843011622391774 -12.586248503246104 0.1
v 0.43690031197714174 -12.313595380903825 0.1
v -0.40524940701829015 -14.07137616749514 0.1
v 0.3451377987092621 -12.309407772840526 0.1
v -0.13094281171151545 -13.835634411655803 0.1
l 2096 2097 2098 2099 2100
v 11.304650303987938 -1.3625767423402506 0.1
v 10.92601210874974 -0.48239594201959246 0.1
v 12.307504386449938 0.5304474392659693 0.1
v 11.310607883897028 0.40545495560593103 0.1
v 11.461398727153714 -0.5688525704258889 0.1
l 2101 2102 2103 2104 2105
v -13.663530309199766 9.662611413495526 0.1
v -13.310372012089427 9.499882696050182 0.1
v -13.7772968979146 9.531275955708411 0.1
v -13.33585428017259 9.07929782701427 0.1
v -13.354352453030813 9.561679531784021 0.1
l 2106 2107 2108 2109 2110
v 4.380937698214831 -2.741189341037633 0.1
v 4.259246226020255 -4.49104470746793 0.1
v 5.474829340715481 -3.493133948785272 0.1
v 5.645380225050463 -4.541280472244944 0.1
v 5.952878062656995 -3.4679375936350865 0.1
l 2111 2112 2113 2114 2115
v 3.727942001662904 -5.462604100627766 0.1
v 3.157997202811025 -6.154674421846289 0.1
v 4.131464558700618 -5.83408190685584 0.1
v 4.4899694740940905 -4.85030260345496 0.1
v 3.1947923526944786 -5.408532884381107 0.1
l 2116 2117 2118 2119 2120
v 9.632072246653637 8.838605807980933 0.1
v 9.631994495951188 9.710401045404183 0.1
v 10.401839914176147 10.236394064461823 0.1
v 10.130556738791409 10.084621366996357 0.1
v 10.148684032801736 8.756545784195938 0.1
l 2121 2122 2123 2124 2125
v 14.425439019078686 11.718573693175713 0.1
v 14.38155801969678 11.256698000324073 0.1
v 13.903279829266696 11.162793586111388 0.1
v 13.737949745819419 10.696564819756736 0.1
v 14.160736735907616 11.309148941080828 0.1
l 2126 2127 2128 2129 2130
v -9.319062449338015 -10.957907016653595 0.1
v -9.438012452010685 -11.632746199704517 0.1
v -9.096036902934333 -11.742497591640634 0.1
v -9.568263356498564 -11.597317857719185 0.1
v -9.060914971442841 -10.559253615162019 0.1
l 2131 2132 2133 2134 2135
v 6.4367878974230965 -0.14073573244661985 0.1
v 6.080676111958089 -0.783520807655542 0.1
v 6.169596669188044 0.6429879413140243 0.1
v 5.408947469227358 -1.0790276035291593 0.1
v 6.898271075412533 0.657643119038736 0.1
l 2136 2137 2138 2139 2140
v 0.43052320492497054 13.589004983020569 0.1
v -0.31825525424108303 14.388392552565453 0.1
v 0.6897735989015181 13.598488403344522 0.1
v 0.33371708931688904 14.530259726091796 0.1
v 0.5197837004794428 14.03954739938768 0.1
l 2141 2142 2143 2144 2145
v -8.841446790909394 13.61635800151866 0.1
v -9.200370123059837 12.572847203675002 0.1
v -9.870949354783704 14.129745773889374 0.1
v -9.639251257238591 12.516626975183945 0.1
v -8.905547315775104 14.396354596099416 0.1
l 2146 2147 2148 2149 2150
v 3.605203544628372 -13.390532723218927 0.1
v 4.238950483296599 -13.847611429246845 0.1
v 3.998751366111911 -12.327861506285688 0.1
v 3.700962295342192 -12.762284031964287 0.1
v 4.026775089579972 -13.651476412958424 0.1
l 2151 2152 2153 2154 2155
v 5.554442572583985 3.588019785307541 0.1
v 5.504891350968062 2.8921731260566315 0.1
v 5.222491610672581 2.404930002500083 0.1
v 4.595424016868244 3.6169422253664614 0.1
v 4.886402965734512 4.269573826663111 0.1
l 2156 2157 2158 2159 2160
v -1.2916336623693168 -1.3363788686945697 0.1
v -1.7221395011512919 -3.059171288705872 0.1
v -0.9560377239972802 -2.1419801331471993 0.1
v -1.1544803972930122 -2.7465673668606794 0.1
v -1.093869109064876 -1.6936908762808542 0.1
l 2161 2162 2163 2164 2165
v 13.719268824692506 3.1837085563776646 0.1
v 14.202091705219752 4.193867956096534 0.1
v 13.115545682582084 3.990569807755111 0.1
v 13.85695504499883 4.053683661862498 0.1
v 13.921974274498416 3.3485571730409 0.1
l 2166 2167 2168 2169 2170
v 9.888847427189457 7.097852796714621 0.1
v 10.059073795124727 7.7492733868091035 0.1
v 8.889110308384673 8.689319687018514 0.1
v 9.33373325719416 7.335961324531585 0.1
v 10.758713420492978 7.236970000279619 0.1
l 2171 2172 2173 2174 2175
v -5.813043671602495 11.921267271074967 0.1
v -4.538040064763089 12.005056600775433 0.1
v -5.753620195028749 13.188964351493816 0.1
v -4.216781797165471 12.482461654698724 0.1
v -5.912969119920538 12.539472373762221 0.1
l 2176 2177 2178 2179 2180
v 8.91404337729416 2.9839269670778625 0.1
v 9.244788429091981 2.848540695402032 0.1
v 9.716311638947131 3.3743782741753323 0.1
v 9.33204623519001 3.372910588199996 0.1
v 9.804385757146829 2.8288894789405252 0.1
l 2181 2182 2183 2184 2185
v 2.0533594887839444 -0.44158081949017847 0.1
v 2.6856964668558274 -0.569491551021984 0.1
v 2.057862177678412 -1.1444670062057272 0.1
v 2.343827064955361 -0.43459241355198364 0.1
v 2.4997008725089436 -0.8224936169378372 0.1
l 2186 2187 2188 2189 2190
v 12.179714484916667 7.898867462307571 0.1
v 12.852974761519874 8.439241460396996 0.1
v 12.153610619235344 7.186739811725605 0.1
v 12.113913667904345 8.23975704624974 0.1
v 12.077151987330923 6.89037398709042 0.1
l 2191 2192 2193 2194 2195
v -2.401731992641623 14.018738953949342 0.1
v -3.4821202022904023 12.720602552065461 0.1
v -2.3301451268121864 12.694072046554298 0.1
v -3.2005842218547462 13.60869517475479 0.1
v -2.7782886591340414 12.90106853784487 0.1
l 2196 2197 2198 2199 2200
v 1.3135389342498556 -4.049304194196458 0.1
v 1.3426983456369996 -5.520772842083858 0.1
v 2.8848932395794193 -5.048500206046985 0.1
v 1.637813804717105 -4.747167205910989 0.1
v 2.027423632697543 -4.033526037637589 0.1
l 2201 2202 2203 2204 2205
v 0.8067279935980869 -5.686267344298973 0.1
v -0.8582117278565462 -5.01728290802055 0.1
v -0.058340076504758365 -4.67101878917819 0.1
v -0.17982345573113867 -4.422781512761001 0.1
v 0.7422282182419424 -5.151724329529105 0.1
l 2206 2207 2208 2209 2210
v -5.97515356415957 9.669223565789121 0.1
v -6.1495653222016085 10.514434842936588 0.1
v -6.431751425554572 9.64589753354757 0.1
v -4.988830053274878 9.341478485462707 0.1
v -5.070770157159882 9.187762586692276 0.1
l 2211 2212 2213 2214 2215
v 10.441007007422648 -4.391452396263625 0.1
v 11.389938073825277 -5.004605082727154 0.1
v 10.578637504951544 -3.5746407088942163 0.1
v 11.558653097422074 -4.910973187161572 0.1
v 11.790259822201373 -3.385636069099207 0.1
l 2216 2217 2218 2219 2220
v 8.547320140674401 7.134545363244184 0.1
v 8.82288140263961 7.00376318432089 0.1
v 8.71116253969018 6.035361939639878 0.1
v 8.717064591120154 6.390588960568988 0.1
v 8.54074811188835 5.786116424420094 0.1
l 2221 2222 2223 2224 2225
v 8.836208458162385 -10.739207870473063 0.1
v 8.887884388492628 -10.020219571379517 0.1
v 7.911357685757801 -9.62388768516423 0.1
v 7.695844431141777 -11.039552307029629 0.1
v 8.923966020001743 -11.32724331281205 0.1
l 2226 2227 2228 2229 2230
v -13.018726752816146 13.925955849621603 0.1
v -13.958838952547154 14.313876045332291 0.1
v -14.596800771607862 15.149804605187072 0.1
v -13.250049579225642 14.242236085713577 0.1
v -13.657984167417537 14.151185176505253 0.1
l 2231 2232 2233 2234 2235
v -13.349409112117801 4.716007819561193 0.1
v -12.847787108827676 5.70524279447253 0.1
v -14.280446099950781 5.593308664695458 0.1
v -14.45044771194971 4.282533497710761 0.1
v -12.815469061772406 5.983769618015273 0.1
l 2236 2237 2238 2239 2240
v -13.598049939739182 -0.13127888732750992 0.1
v -13.816375336183246 -1.2469807096904477 0.1
v -14.775939063843207 -1.3584785560798522 0.1
v -14.370764830048158 -0.5057991571599465 0.1
v -13.982455605987878 -1.326153021047102 0.1
l 2241 2242 2243 2244 2245
v -11.581235195577312 0.9067425399207962 0.1
v -10.931281728323867 0.8429837648512761 0.1
v -12.163487309782852 2.406850905767974 0.1
v -11.982921458318652 1.693905559211894 0.1
v -10.75694975989123 1.6026975340423282 0.1
l 2246 2247 2248 2249 2250
v -3.414507027957149 -3.0202337499531264 0.1
v -2.803079374566228 -2.848731557334335 0.1
v -1.9440193488425466 -2.837709567085233 0.1
v -2.8171828060464574 -3.1629329755869606 0.1
v -2.447193542066657 -2.947888281475324 0.1
l 2251 2252 2253 2254 2255
v -12.609605204834782 10.262194118030347 0.1
v -14.074358877416053 10.51814186834571 0.1
v -12.773475986434796 9.08186972615523 0.1
v -12.762414119811716 8.990025017534439 0.1
v -14.3864650776458 10.059666659663616 0.1
l 2256 2257 2258 2259 2260
v 3.714188327621693 -1.355073780291713 0.1
v 3.517632658968096 -0.7258615805425719 0.1
v 2.222607328122171 -0.7514085610322057 0.1
v 2.4181015625140816 -1.2209337185591964 0.1
v 3.6308561386177107 -1.6619356407239645 0.1
l 2261 2262 2263 2264 2265
v 6.548277059914724 -7.797188961796821 0.1
v 6.221582421374265 -7.419074928988383 0.1
v 5.76091194885431 -6.433353826993479 0.1
v 7.357387700437023 -6.90816439331504 0.1
v 5.801767414502328 -7.51183436330053 0.1
l 2266 2267 2268 2269 2270
v 4.6626843280887975 -10.261354877079246 0.1
v 3.8602950119155244 -11.191522474460172 0.1
v 3.294579809781578 -10.414429206516767 0.1
v 3.203037284920364 -10.81492403483543 0.1
v 4.7339098745340795 -10.535741092918952 0.1
l 2271 2272 2273 2274 2275
v -4.368347680575999 -4.014071535535378 0.1
v -5.072880628444259 -3.6661571952052783 0.1
v -5.264910337291682 -4.3743165571830955 0.1
v -5.636230775750044 -3.6636784360911827 0.1
v -4.188526976072971 -4.660091700579673 0.1
l 2276 2277 2278 2279 2280
v -1.7006517477170955 -9.865251431557697 0.1
v -2.192404997241901 -10.332530551862211 0.1
v -1.8881909523645173 -9.435928652541534 0.1
v -2.8049465956764816 -10.151786713089903 0.1
v -2.203526746791993 -8.966297215223456 0.1
l 2281 2282 2283 2284 2285
v -0.19994333043895773 2.954904784192137 0.1
v 0.3781689099965917 2.9482447772214333 0.1
v 0.5121428063371158 2.5693433170766724 0.1
v -0.7488649815486252 2.7611276952768398 0.1
v -0.47751761539169135 3.870663982148124 0.1
l 2286 2287 2288 2289 2290
v 5.6993061061866355 0.15585394503486638 0.1
v 5.8951466665188175 0.17775223087452274 0.1
v 4.918111594877764 -1.1125073307822222 0.1
v 5.296799373189856 -0.5864922695132235 0.1
v 5.198040738817276 -1.1233531768085854 0.1
l 2291 2292 2293 2294 2295
v -3.504389056325757 -14.904599079555489 0.1
v -3.0899748724998206 -14.952430356973702 0.1
v -2.3490370222874946 -13.323706703569014 0.1
v -4.188311722313384 -14.293576360401206 0.1
v -2.991973971471209 -13.55480519950397 0.1
l 2296 2297 2298 2299 2300
v 11.442430505225024 10.795040075381989 0.1
v 11.482087574553855 9.647394844789394 0.1
v 11.742407989699306 9.1980304110459 0.1
v 10.250922606287933 10.560622422549178 0.1
v 9.932725551551625 9.317334203584668 0.1
l 2301 2302 2303 2304 2305
v 3.803315052682295 6.372629578443643 0.1
v 4.076477666294162 6.277883446335221 0.1
v 3.58023217521281 7.621009266620964 0.1
v 2.8125413324657345 7.768050525903286 0.1
v 3.7447430000616304 6.4306765090362905 0.1
l 2306 2307 2308 2309 2310
v -6.671465913046391 -0.9139764625903584 0.1
v -7.284207014412637 -2.077290496744201 0.1
v -6.22788597297623 -1.6583602110815538 0.1
v -6.52721014563009 -1.4438345737772342 0.1
v -5.981755578062292 -1.007593488596766 0.1
l 2311 2312 2313 2314 2315
v -13.592219373817532 14.353660871570343 0.1
v -13.992746686912396 14.395039270983782 0.1
v -13.295310815552206 15.506131795955334 0.1
v -13.778289355611854 15.56626005579743 0.1
v -12.938614222848283 14.620710201277715 0.1
l 2316 2317 2318 2319 2320
v 11.570643534597243 -8.22849256621359 0.1
v 11.755392250838415 -9.393547168922018 0.1
v 11.807527381223984 -7.924149757482104 0.1
v 11.342683652264698 -8.695057258615808 0.1
v 10.886377491790308 -8.10045846261637 0.1
l 2321 2322 2323 2324 2325
v -6.159215270570501 8.94613092127632 0.1
v -5.879150343587161 9.72237617664054 0.1
v -7.1564366476331776 10.734403466902302 0.1
v -6.3361835981742045 9.645461783847553 0.1
v -6.531734218479711 9.278872340784508 0.1
l 2326 2327 2328 2329 2330
v 11.125490245834808 0.5620157134408688 0.1
v 12.408319303817542 0.7683071522478344 0.1
v 11.784410032162645 -0.4100883174900094 0.1
v 11.40751380537637 -0.9711407737004047 0.1
v 11.071098227842542 0.0348861957178328 0.1
l 2331 2332 2333 2334 2335
v -14.274756592188169 -6.256912646144478 0.1
v -13.968551924268981 -5.947934310098565 0.1
v -13.148285643804124 -6.147906509298201 0.1
v -14.633243330141024 -4.352846980071223 0.1
v -13.43537580851862 -4.519899617468509 0.1
l 2336 2337 2338 2339 2340
v 3.5040858836456805 6.455576951738326 0.1
v 2.6459375769265137 5.819649808096921 0.1
v 4.017039221685373 5.6434698749044205 0.1
v 3.3807195645662946 6.3820226945366745 0.1
v 3.318122993054512 4.904446997669078 0.1
l 2341 2342 2343 2344 2345
