# Cyvl Generated CAD Model
o Street_Mesh
v -13.296914994949475 -1.8080273484811187 0.0
v -3.910866437421646 2.3835107600316405 0.0
v 2.441507314797491 -11.206639934331179 0.0
v -9.664510014466941 0.29537525307387114 0.0
v -1.4559607582632452 6.376083503477275 0.0
v -13.395848552288953 0.7666836166754365 0.0
v -14.83326601726003 -6.704105876386166 0.0
v -6.996321165410336 -9.590426814742386 0.0
v 3.333531113283243 14.340738993138075 0.0
v 7.138124894700013 12.395696384832263 0.0
v 8.162532378104515 1.7976723778992891 0.0
v -0.9887703818385489 -0.047405839897692204 0.0
v 1.7387056431616656 -11.802036976441741 0.0
v 6.315582040871959 8.179339157417417 0.0
v 4.893384865950793 -0.3017045836895704 0.0
v -7.683198295533657 0.38627362344413996 0.0
v -6.120949380449019 10.183119233697653 0.0
v -5.489040741347708 -13.798066528514028 0.0
v 11.451925245986786 -2.7510069804266095 0.0
v 2.5259319479810074 -3.1616353103891015 0.0
v 10.622412369295489 4.873190636746585 0.0
v -4.005737472791225 9.987904307432473 0.0
v -8.808201003994327 8.660174005664885 0.0
v 7.2735236513544805 -12.426257697865367 0.0
v 12.086330641701352 -4.684693908318877 0.0
v -10.149171700002626 -4.362954170443118 0.0
v 6.604502456553746 -3.077167520299554 0.0
v -6.579962697462179 0.1635106336325407 0.0
v -12.123371703317389 -6.491777974180877 0.0
v -10.15165524999611 14.187810064293444 0.0
v 12.329004418978002 6.593540480360389 0.0
v 14.159503705101088 -8.506979535333812 0.0
v 4.288918349076994 2.909076071344316 0.0
v -10.930814654333517 10.539190754294395 0.0
v -13.789414000581019 10.86986040789634 0.0
v -9.254313860321417 11.640411808155477 0.0
v -1.3353805670631118 3.869616201147437 0.0
v -11.939202381880023 -12.745887246914208 0.0
v 4.890478322224226 -1.3716489113867283 0.0
v -8.258698369550984 -0.6024631280452013 0.0
v 3.1857243631384335 -9.147016084752977 0.0
v -10.313190489949193 11.408845619298518 0.0
v -11.266364245850127 3.4045328106731176 0.0
v -8.247407712507993 -3.567927682772279 0.0
v -12.802706335904077 -12.95770676061511 0.0
v -1.790931015391834 -4.484101087786257 0.0
v -9.127103181090206 1.1327970139682293 0.0
v 3.497677771723829 -13.02735503949225 0.0
v -4.817036868655123 9.068039854988456 0.0
v -6.299169428704772 -8.465422809123993 0.0
v -5.082129170361441 12.069689670577645 0.0
v -7.37599113403121 5.356381640769541 0.0
v -8.856761889590416 5.590669232420623 0.0
v -10.236552727408707 -7.964300900697708 0.0
v -11.547124717268161 3.026478160172701 0.0
v 5.347275539475959 -5.2396890465170145 0.0
v 1.1869431728846394 -11.89021978341043 0.0
v 7.353160254308023 -6.142314002849162 0.0
v 5.113428183249198 -8.982577563263476 0.0
v 4.005249168141745 14.920771464705467 0.0
v -1.9675888776546344 -8.249333585612476 0.0
v 4.4041002311278135 -7.627603262662888 0.0
v -12.636264593456872 -14.629020623862743 0.0
v 3.0490312019828707 -4.102219779975712 0.0
v 6.847291203157511 -10.288109400309622 0.0
v 3.502093347662594 6.483646345324814 0.0
v 2.409749163198285 -5.202627392485738 0.0
v -12.752625859342515 -5.352202467620373 0.0
v 13.935844574822113 0.24426206666976213 0.0
v 12.015685488411691 -6.125202446244657 0.0
v 5.893698898260482 -3.3936785254627466 0.0
v -14.839804656803608 -6.309012398123741 0.0
v 11.876797440403607 -10.513922557234764 0.0
v 10.356662374804728 12.747055330313742 0.0
v 1.921216129558161 10.151127448305488 0.0
v 14.360623319866136 0.43894012831151485 0.0
v -9.722481603326742 14.785674680955708 0.0
v 2.775236754619982 14.933168926276267 0.0
v 10.10307617415674 1.5792002575471997 0.0
v -13.331540159008 -5.392511568963528 0.0
v 2.677183251013048 -0.7052647499367595 0.0
v 8.952457159175538 9.666579681448638 0.0
v 1.4745702686486766 11.126600272022188 0.0
v 2.401409674435854 12.068667472340167 0.0
v 2.2540290765464306 -7.981004375033081 0.0
v 13.08751137618674 5.617580306716263 0.0
v -13.238164734502789 7.333219418302178 0.0
v -14.633423536783084 -5.131708233617246 0.0
v -14.554428309609648 3.928917453624308 0.0
v -10.547250515664928 -0.09717022068798542 0.0
v 7.367491225013509 -3.9313864205032587 0.0
v 3.0123718642280437 -14.9413991747424 0.0
v 9.317999810562469 -1.3311688611283898 0.0
v 10.699830439698417 -11.2722804620862 0.0
v 11.967803874460515 8.149839792400599 0.0
v 3.3705191490007564 4.755401401780546 0.0
v 3.245751317241229 -6.354403350502253 0.0
v -1.5945321916951798 -2.1986822430044413 0.0
v -5.62826527049765 -5.968045825138688 0.0
v -14.100898194825277 4.901708199642599 0.0
v -11.300889765727334 3.76380377728492 0.0
v -0.021440380543936044 -2.105635109357536 0.0
v -9.03104251762852 -0.7945039262995124 0.0
v 14.65582362189889 -4.659437322989106 0.0
v 3.711405092093628 -0.17308848816901445 0.0
v 1.3263916037976742 14.578662598505616 0.0
v -3.671612060861662 -10.87519464828074 0.0
v 7.577276577532757 -6.186402407474816 0.0
v 8.756468060484622 -6.9364657355472445 0.0
v 11.454832789488137 -5.784143324010074 0.0
v -5.979492090526037 7.523794488050044 0.0
v -0.9222017085412517 -2.4662764985114336 0.0
v 11.217067088524345 10.837275894358754 0.0
v -11.840523560880683 -3.2767131812870502 0.0
v -2.2406651218771003 -14.517450441606343 0.0
v 9.298727249202784 12.20687001850456 0.0
v 12.241518790018745 -11.366822768002748 0.0
v 0.08912858745316043 10.248586762696505 0.0
v 11.760019035078585 6.379569881595671 0.0
v 14.194143210363109 13.31472432333976 0.0
v -13.187813855533022 13.465948368422687 0.0
v -1.9323687101132236 -2.299511714838445 0.0
v -0.8208250884199515 12.740933038294315 0.0
v 8.884416813205462 0.12696036137640476 0.0
v -9.779502427205443 -12.722003479488194 0.0
v 6.321775764401536 -7.3552959421649575 0.0
v -5.479976353351958 1.4608891252428293 0.0
v -8.215885661658831 -1.4662144165486097 0.0
v -0.9490163679001853 14.432207740843296 0.0
v -0.8060541837476194 3.51076746173203 0.0
v -4.563709234003909 -0.7470346018671989 0.0
v 13.24302351969527 14.548142549581826 0.0
v 2.8649355910602026 -2.1944000022485852 0.0
v 14.203340119565837 -4.827481255866587 0.0
v -8.955389516893774 14.043561609461904 0.0
v 11.152145785163157 -9.237280817702413 0.0
v 10.954896327108145 14.097439780831337 0.0
v 2.2738108675694093 -2.9172307020053267 0.0
v -3.8655069050728343 -1.418986608274281 0.0
v -4.917221318522934 3.986803359352052 0.0
v -3.4401072335313074 12.585562551394105 0.0
v -1.6509026821004227 10.563935129903257 0.0
v 8.317277276655659 6.767720067873597 0.0
v -7.95068686484592 9.642152551561594 0.0
v -1.6278206672868691 12.862808185629547 0.0
v 9.034392167348415 -2.0291491327807307 0.0
v 11.800299425143749 1.2175538698211312 0.0
v 2.756674820499029 7.993616264313459 0.0
v 2.4848205727757886 -4.635723485611379 0.0
v -0.14078787894686684 2.55408083088696 0.0
v -8.93527220847318 10.506138014607131 0.0
v -10.555965482548345 11.54737924784422 0.0
v 6.862643509055488 14.436765473335981 0.0
v -14.70311536983354 -0.3361924197524786 0.0
v 10.287329167709686 0.3233418418094516 0.0
v -6.4987408488523215 10.119753638282418 0.0
v -8.985160650452599 11.055628478527069 0.0
v -6.553362465754617 11.539469039998949 0.0
v -8.623378030606546 1.4327453803271055 0.0
v -13.608355176169425 -1.6862816121429205 0.0
v 6.926482524431776 6.1416077092289925 0.0
v 4.933512389077805 -7.674245025962591 0.0
v -0.8703820857335813 -12.61006976943463 0.0
v 11.804819428303745 10.769430924206972 0.0
v 8.428840125794522 -5.46106780320406 0.0
v 7.334897506458219 -7.302608287893236 0.0
v -0.8556041801930405 5.669808365404606 0.0
v -11.792614467500243 -2.677259291522205 0.0
v -6.75769211712759 -3.6323789404705167 0.0
v -7.042667655216064 -13.22483916953206 0.0
v 6.873126441496424 4.8480499386787415 0.0
v 6.135710235044826 1.746326545253396 0.0
v 5.3820422911667265 -3.411563160829246 0.0
v -8.561048311996274 -5.578480447642505 0.0
v 10.586955004604533 -3.0543998247012496 0.0
v 14.429768709291238 11.00456390529871 0.0
v -14.007256598211825 -1.7716604033485055 0.0
v -6.065845342527609 -14.093234237283468 0.0
v -10.214500604663044 4.563744816929102 0.0
v -13.080701128346846 2.550328182056546 0.0
v -10.323366818425711 -9.813925767317414 0.0
v -12.974788923282176 6.947908151894808 0.0
v 2.722017022082582 -6.315933157689869 0.0
v 4.129493952845223 9.956473838537931 0.0
v 11.812896473624278 -7.106370378285646 0.0
v -13.470252907078248 -1.172406711615622 0.0
v 2.4810190332937054 -7.510134455747902 0.0
v 1.8242689059698023 13.09363909251988 0.0
v -6.015919807890896 -3.0235634576529264 0.0
v 9.707630104385316 -7.769634871743619 0.0
v -8.321097465290222 -8.558552017435431 0.0
v 4.220818956382573 6.187177321873605 0.0
v -2.4224707710091025 0.9230633554980159 0.0
v -13.673391242686193 -2.6812743796035647 0.0
v 6.99786537286127 4.242309824563563 0.0
v 2.158865856414195 -2.2925977958366275 0.0
v 10.886448294797447 -11.966085069812834 0.0
v -3.9357558009796776 12.659616096876562 0.0
v 0.22905387013452128 1.4031769167631865 0.0
v 11.341746042715386 8.18569228798151 0.0
v 3.381077601981815 -2.1154784467071295 0.0
v 0.8044742158963345 13.662647765129805 0.0
v -14.180877277336549 -13.856118185445666 0.0
v 7.133815217879601 6.583827371709049 0.0
v 5.702286455896683 -13.891711123287678 0.0
v 2.101900058274623 -12.822626252658665 0.0
v 9.517120287695434 -5.28856763895601 0.0
v -13.97015998698771 -2.8371361661702394 0.0
v -5.700778202386573 0.9379371711984277 0.0
v -13.129829119017813 -1.3120306767523289 0.0
v -3.803366198670119 12.41462810151279 0.0
v -7.723090479674283 0.886454408057034 0.0
v 13.327053226705175 9.595559782348573 0.0
v -5.1067131898598745 5.54170457739383 0.0
v 9.900869872653857 8.006879697553813 0.0
v -0.6449311720207334 -8.3542287228629 0.0
v -3.637592237268109 -0.6346736988052726 0.0
v 3.9478529063635506 -1.396089592948556 0.0
v -13.564197364728898 -10.655609643086791 0.0
v 7.021393696020823 0.03004376031458378 0.0
v 14.920207485440187 2.0166638186201453 0.0
v -9.784965623752214 -10.626525445841253 0.0
v -10.179476330929901 -2.6376367900520563 0.0
v 10.388105025107507 -6.99226653855294 0.0
v -8.923208060790785 4.91302531119436 0.0
v 4.442101647204254 -6.33563547860831 0.0
v 11.417438330943696 0.542873946018517 0.0
v -6.932719840260688 -11.174913848750293 0.0
v -11.307605312205851 -12.486015038564801 0.0
v 6.168476385995746 14.01466472260654 0.0
v -3.915880424086936 -6.2829258646816015 0.0
v 14.518421665590722 -2.650191254913807 0.0
v -9.93515604705317 2.2353921681642532 0.0
v 10.28068919130601 -6.201362947002053 0.0
v 1.4926564440247603 3.3627870492637157 0.0
v -12.8681467344868 -11.513156348839402 0.0
v 13.849145764834248 -9.913773268461227 0.0
v 14.483499936177395 -3.592387550510466 0.0
v 0.24665365216787905 -7.784341085702181 0.0
v 1.483336899022106 -9.21281761303544 0.0
v -12.328588025120553 0.0047822874039411545 0.0
v -12.23990746709751 -5.295361182652414 0.0
v -11.192915413994342 14.645546447485685 0.0
v -10.001493284595199 9.548676908947527 0.0
v -1.3075594153488055 2.2164437687024474 0.0
v 7.6421872462378815 3.0758146280422807 0.0
v -9.74796004302334 -0.6639003753662109 0.0
v 2.4457350540324114 3.2903467072173953 0.0
v 8.95546778460266 -2.1149256136268377 0.0
v -5.824359325866681 -12.086598364636302 0.0
v -10.51019472250482 -14.289515529759228 0.0
v 2.6753631375613622 1.7522256709635258 0.0
v 14.504298651241697 -5.924172956496477 0.0
v -2.4755174223682843 3.556231510825455 0.0
v 13.112740203505382 -2.6241281190887094 0.0
v 3.5839927127817646 -7.4342064978554845 0.0
v -8.842610619787592 13.395928593352437 0.0
v 9.238401347887702 -5.77398663200438 0.0
v -13.563010779500473 -3.9364645471796393 0.0
v 2.6102982830489054 -4.708507752045989 0.0
v -3.2277064197696745 -0.12194259837269783 0.0
v 11.320007043133955 -8.79824898019433 0.0
v -8.205688112648204 13.495407316833735 0.0
v 5.490487395320088 -13.286068019457161 0.0
v -3.8637629091972485 5.812360189855099 0.0
v 5.97649707715027 6.170875234529376 0.0
v 11.489262743503787 -7.1066634664312005 0.0
v -0.2658693674020469 7.578241918236017 0.0
v -9.921593091683462 11.835785399191082 0.0
v 6.0626509944559075 -7.233304372988641 0.0
v 13.975650774373207 -9.068668148480356 0.0
v -0.025163183629047126 -12.73132094182074 0.0
v -6.394264904956799 4.139469040557742 0.0
v 9.438895506376866 14.196303597651422 0.0
v 13.547079163894523 3.028713154606521 0.0
v -4.962883671862073 9.340162614360452 0.0
v -3.2404546983307227 -12.578077806159854 0.0
v -0.5144051223760471 -2.245740970596671 0.0
v 10.085686295293272 9.614335056394339 0.0
v -13.853981023305096 3.266823616810143 0.0
v -4.554911428596824 -3.8981921756640077 0.0
v -3.451314022880979 -3.650698962621391 0.0
v 0.7224939658190124 9.681550884619355 0.0
v 4.533759193087462 -5.7822280172258615 0.0
v 10.058390506485011 1.0792951975017786 0.0
v 1.3962908305111341 11.831994120962918 0.0
v -12.626522619801108 5.148618527688086 0.0
v -12.619502102956176 8.027633387595415 0.0
v -5.543129246972967 -10.879791133105755 0.0
v 1.3329778321785852 -5.560725268907845 0.0
v 12.493362109467853 -13.006755509413779 0.0
v 3.3531415541656315 1.0407565673813224 0.0
v -4.973253770789597 -4.535569271072745 0.0
v -9.486629473161884 3.5419924231246114 0.0
v 9.951751533255447 5.8426567716524005 0.0
v -6.8643166872207075 8.807578072883189 0.0
v -0.455564274743665 -2.4922370109707117 0.0
v -9.067369240743574 -7.247649002820253 0.0
v -5.34081403905293 -1.2743299352005124 0.0
v -3.1947521558613516 -8.477227283641696 0.0
v -6.5941719193942845 0.8538696924224496 0.0
v 12.046065728471149 -2.381381548009813 0.0
v 5.39485527126817 7.943873931653798 0.0
v -11.919360294705257 14.348030409775674 0.0
v 7.131703041028231 1.9115797439590096 0.0
v 2.0486276448355056 4.560380021110177 0.0
v 1.7242776292259805 12.35298154130578 0.0
v 9.117587864689995 -0.9686712408438325 0.0
v -14.94080019753892 11.923204442486167 0.0
v 1.7954828343354166 6.953495541587472 0.0
v 8.976138917903882 5.462825213558972 0.0
v -14.518959239241667 -2.821483802050352 0.0
v -7.853430573071819 -8.095982515253127 0.0
v 8.07693822530564 2.6828741021454334 0.0
v 1.0253012632019818 0.572046622633934 0.0
v -13.567665972688701 -0.6721768043935299 0.0
v 14.140290615905542 -11.579181927256286 0.0
v -10.554386173957027 7.1151661379262805 0.0
v 9.528047427185811 7.350985401310027 0.0
v 0.13144872366683558 7.693733252584934 0.0
v -2.4653378705261275 -10.88842898607254 0.0
v 2.531321742455475 -10.428423235192895 0.0
v 14.400354704121128 8.445474760606885 0.0
v 10.767426164005883 -8.512813806533813 0.0
v -11.537729944102466 -6.031418048776686 0.0
v 13.196948806755245 4.137736702337861 0.0
v 7.888136267720256 1.428829612210393 0.0
v -10.502811698243022 12.846534019336104 0.0
v -4.492034885042813 12.834387640468776 0.0
v -12.019675868097693 3.204069333150983 0.0
v 9.185674789710902 -8.907880970276892 0.0
v -8.897418778098654 -13.170465406961739 0.0
v 14.345877360086888 -5.9414051761850715 0.0
v 3.2242161796893924 8.202920495532453 0.0
v -6.4354299631668255 -12.273394126445055 0.0
v -11.563994037453085 11.35688806977123 0.0
v 4.177231868903618 -6.888601873070002 0.0
v -3.0546097003971227 12.931577024050057 0.0
v -13.143571230990347 -7.42522809933871 0.0
v 0.6748597614932805 -0.0033920258283615112 0.0
v -14.754975126415957 -5.588433422148228 0.0
v -14.432679726218339 -2.4825502056628466 0.0
v 0.8969171223579906 -1.96082603931427 0.0
v -10.222652439319063 0.2927462235093117 0.0
v 14.558060853218194 -6.490101937204599 0.0
v -14.407752164872363 -14.597123863175511 0.0
v -5.954576847259887 4.8909738678485155 0.0
v 8.645484326698352 12.06209681648761 0.0
v -8.403892778151203 3.015245978720486 0.0
v 1.6722869001678191 5.1546293664723635 0.0
v 13.144032403943129 0.05478338897228241 0.0
v -5.422842978965491 -12.702464406378567 0.0
v -12.490891274355818 10.70833795890212 0.0
v 3.156145940243732 10.973263713531196 0.0
v 6.755364580836613 9.679643590003252 0.0
v 2.4229780058958568 -8.752251157537103 0.0
v 10.21463860210497 -10.167837793007493 0.0
v 7.740050889085978 -13.597003652714193 0.0
v -12.260224006371573 -5.173253856599331 0.0
v -2.20906676602317 -0.07081554178148508 0.0
v 11.68634442880284 12.17185190692544 0.0
v -4.75709839531919 10.206579054705799 0.0
v -3.7447261891211383 -8.277006877586246 0.0
v 13.291838307690341 7.569552361033857 0.0
v -4.966987915686332 1.5148408589884639 0.0
v -13.25742550205905 -1.7724027335643768 0.0
v 12.087074721115641 14.054069981910288 0.0
v -8.186943115724716 4.402781326323748 0.0
v 2.1797057901276276 -2.8015491580590606 0.0
v 0.8056388838449493 -10.010810861364007 0.0
v 10.864899618783966 -3.634222438558936 0.0
v -2.688830855942797 10.708715355955064 0.0
v -12.957395947072655 14.816916769370437 0.0
v -1.2569650840596296 -14.676678219810128 0.0
v -11.99007136572618 -12.307892041280866 0.0
v -1.759003630199004 -5.932609151117504 0.0
v -12.283150620816741 4.297344473190606 0.0
v 7.122092870413326 -8.347217412665486 0.0
v -7.973844054737128 -1.2835888750851154 0.0
v 9.899645561701618 3.2668020520359278 0.0
v 6.927074803272262 -4.472415337339044 0.0
v -2.640215669583995 -11.81618124153465 0.0
v 10.62155401695054 -14.845718177035451 0.0
v 6.536681847355794 2.009166200645268 0.0
v -4.1798227149411105 -11.716837145388126 0.0
v -6.384449094242882 5.964324120432138 0.0
v 12.946792678907514 7.582872286438942 0.0
v -10.891702214139514 -1.1756710764020681 0.0
v 3.6215581301948987 10.644415820017457 0.0
v -7.925968381052371 -6.128675978630781 0.0
v -11.669019742170349 -4.358428683131933 0.0
v 13.459879944915883 5.63605035468936 0.0
v 10.448677465785295 -13.160946185700595 0.0
v -0.7865241357358173 13.888349426910281 0.0
v 8.155679299263284 13.857804731465876 0.0
v -7.707323510607239 -8.86330222710967 0.0
v -14.817159012018237 2.1162399454042315 0.0
v 13.753061468538363 11.279891111887991 0.0
v -8.599235180183314 3.905209444463253 0.0
v 14.534135105786845 -5.765684416517615 0.0
v -12.408206134685315 3.9856098713353276 0.0
v 10.527952332922723 -10.32777695171535 0.0
v -7.939946258615237 -14.933614691719413 0.0
v -5.694428138900548 3.7865459313616157 0.0
v -0.3264220111304894 -9.47698301076889 0.0
v -5.402858943503816 0.16617273818701506 0.0
v 5.503114058985375 -6.564717306755483 0.0
v 5.061622531560715 11.133889002725482 0.0
v 2.7295591289293952 -14.37846434675157 0.0
v -4.511625965067651 -14.826013040728867 0.0
v -10.618705050495919 -13.60231370665133 0.0
v -8.864834293490276 9.87557861674577 0.0
v -1.8743333132006228 -2.320544437505305 0.0
v 6.686600814166013 13.949947369284928 0.0
v -10.298753984214272 12.989526132121682 0.0
v 6.6194981973967515 0.29101701360195875 0.0
v 10.62720724142855 -11.10753913410008 0.0
v -9.426815632672515 -11.63516331743449 0.0
v -12.992551107367035 -2.9193641813471913 0.0
v -8.06044296338223 13.433923786506057 0.0
v -4.205153831047937 6.067301104776561 0.0
v 4.4979554150486365 -0.27956715878099203 0.0
v -13.140191981568933 -8.298407039605081 0.0
v 3.0155921115074307 5.956687862984836 0.0
v 0.7167686725733802 3.4065385051071644 0.0
v 11.3867940971395 -14.922452474012971 0.0
v 7.269419211545028 9.577382607385516 0.0
v 8.375112949230243 12.452654491178691 0.0
v -4.813025778508745 14.138241997919977 0.0
v -5.062176639563404 -8.956836228258908 0.0
v 6.636948150699027 -10.539065395481884 0.0
v -9.719787560403347 5.488915141671896 0.0
v 5.401500100328121 -6.507852572016418 0.0
v -13.046264471428003 0.3081356082111597 0.0
v -11.775700088124722 -3.0682853730395436 0.0
v -6.933693787606899 1.2916870741173625 0.0
v 7.789203581924085 14.647114627063274 0.0
v 8.961015355424024 -13.393785938620567 0.0
v -12.041252046066802 4.37993036210537 0.0
v -6.015383857302368 12.690436853095889 0.0
v -11.364126398111694 -0.5035594021901488 0.0
v -8.414084097195882 8.532768407836556 0.0
v -0.8430328838294372 -4.779044194146991 0.0
v 8.769598179496825 8.057237027212977 0.0
v -11.378954808460549 7.643571252003312 0.0
v 3.1851577789639123 -7.859021273441613 0.0
v -9.163017544604372 -11.905806312337518 0.0
v -3.726256415131502 -8.366381379775703 0.0
v -7.782804917020258 -8.856697772629559 0.0
v -2.76869264873676 -7.528740060515702 0.0
v 4.429592273372691 -14.988662593998015 0.0
v -0.11948976130224764 -9.442159187048674 0.0
v -6.709740052232519 -8.33835084643215 0.0
v -12.52939049777342 13.362351161427796 0.0
v -9.350152445782442 -13.746614652685821 0.0
v 14.69565262447577 -7.48454403039068 0.0
v 10.529981948318891 -3.7765893237665296 0.0
v -13.391395300626755 -9.676493870094419 0.0
v -5.487464990699664 0.6632508058100939 0.0
v -6.5785643341369 8.943491387180984 0.0
v 13.506921024236362 1.9671655520796776 0.0
v -8.107386148592923 13.261205934919417 0.0
v -8.171868361649103 -4.1717759389430285 0.0
v 11.541741204680875 -6.720175470225513 0.0
v 9.135700019833166 8.821851510554552 0.0
v -1.0489030812168494 14.623451828025281 0.0
v 5.074633512005676 -9.546688243746758 0.0
v 10.26377960917307 -3.6333719063550234 0.0
v 3.480299039161764 -11.239240873605013 0.0
v 9.783365843177307 -2.9203466968610883 0.0
v -12.536749641643837 4.635079421103001 0.0
v 3.290198055736255 9.886483781971037 0.0
v -10.142680235789157 -14.90022810921073 0.0
v 5.478208122542128 -4.006775028072298 0.0
v 14.005240261962172 11.333114945329726 0.0
v -6.643702759640291 -13.651164587587118 0.0
v -12.116179505304899 -14.75497326720506 0.0
v -13.370146051282063 -2.7362738009542227 0.0
v -3.3694739392376505 13.344177977181971 0.0
v -4.178263104695361 0.1875432152301073 0.0
v -12.956405070261098 -14.329025912098587 0.0
v 2.9961247450555675 10.978343502618372 0.0
v -14.818840621097479 -9.720220034942031 0.0
v -3.624760825827252 2.531804042868316 0.0
v 5.295049241685774 -3.0561900697648525 0.0
v 11.504497380868997 -1.2221315950155258 0.0
v -2.266724443412386 -4.01404298003763 0.0
v -3.7714006656315178 -1.5986225623637438 0.0
v 13.452805947163142 8.792533703148365 0.0
v -10.884331808192655 -9.258998658508062 0.0
v -5.274229817325249 -2.7819413552060723 0.0
v 1.5240448951371945 5.931583754718304 0.0
v -6.486050660838373 -5.299523237161338 0.0
v 1.683600157382898 -3.811709387227893 0.0
v 14.899346781312488 6.776454328559339 0.0
v -8.232902315328829 -3.2704187305644155 0.0
v 5.884785380563699 14.59481646772474 0.0
v 12.304967772681266 11.150814882479608 0.0
v 8.0119146425277 11.228708545677364 0.0
v 12.439772898389492 -13.107161684893072 0.0
v 4.3280839456710964 1.99635957647115 0.0
v -1.5532414584304206 7.572388404980302 0.0
v -7.595998414675705 11.8428427670151 0.0
v -8.503281594312284 -9.791581554338336 0.0
v 11.116478309442755 12.176850588060915 0.0
v -9.110368470079266 -12.177830104716122 0.0
v -14.21962611208437 4.0662831692025065 0.0
v 1.776711591053754 10.05360825266689 0.0
v -12.043671352148522 9.101024576462805 0.0
v -6.270078968722373 4.450666660442948 0.0
v -1.3552707580965944 -7.243262683041394 0.0
v 12.453884808928706 10.897040894255042 0.0
v -6.512181289028376 -11.092056594789028 0.0
v -12.310156528430525 12.194668587297201 0.0
v -3.487821631890256 14.929477980360389 0.0
v -11.7425975688966 -8.845648142509162 0.0
v 4.010661024716683 -2.5652033034712076 0.0
v -7.691644981387071 -11.139266522601247 0.0
v -9.141234585549682 1.0966381691396236 0.0
v -5.668239270220511 -9.643087103031576 0.0
v -3.8405179160181433 -11.804214828647673 0.0
v -1.5857720247004181 0.45251390989869833 0.0
v 11.323401865374763 -7.524358267895877 0.0
v 8.132124569267035 -9.619237571954727 0.0
v 4.258042410481721 11.613699805922806 0.0
v -12.408335370884743 5.513679512776434 0.0
v 8.521448728221003 0.9402518682181835 0.0
v -1.4433535375865176 8.501745706424117 0.0
v 8.622775501513388 -8.527618940919638 0.0
v -11.812631662818603 1.4965940294787288 0.0
v 0.6636391202919185 -0.08639590442180634 0.0
v -12.364365733228624 -1.3312945635989308 0.0
v -9.78100933128735 -6.517252391204238 0.0
v 10.025318894477095 1.7008548211306334 0.0
v -5.305910645984113 -8.317309091798961 0.0
v 3.568623877130449 7.206715883687139 0.0
v 8.9245242922334 10.573810066096485 0.0
v 7.159527374606114 -9.528567707166076 0.0
v -7.368980179540813 0.2670704470947385 0.0
v 1.2717003162251785 -9.882305868901312 0.0
v -1.4583038474083878 1.5092854481190443 0.0
v 13.640308253641706 14.948791556991637 0.0
v 11.729273969307542 8.469800687395036 0.0
v -4.617158816196024 -3.3660778421908617 0.0
v 13.415783129807096 12.761407461948693 0.0
v 12.893252595735248 -11.784231783822179 0.0
v -10.293333007371984 -4.3130723517388105 0.0
v -9.397814075171482 -3.3883393751457334 0.0
v -13.480531812238041 -3.802261970937252 0.0
v -4.995565929508302 -7.274376326240599 0.0
v -10.97860705765197 3.2558721154928207 0.0
v 7.498908143548761 10.738317338749766 0.0
v -9.26771656924393 -3.1508027967065573 0.0
v 5.643929228768684 1.791277565062046 0.0
v -7.3655564920045435 -13.841491856612265 0.0
v -6.282910095353145 7.529410772025585 0.0
v -3.7424496501334943 -4.552949696779251 0.0
v -6.326564817689359 -3.262287330813706 0.0
v 9.867625572194811 9.514758192002773 0.0
v 3.998080188059248 -10.802399159409106 0.0
v 14.049484079470858 10.455258406698704 0.0
v 5.619229752104729 -2.385264885611832 0.0
v 8.682033448829316 -2.193863458931446 0.0
v -9.168014918686822 7.046009010635316 0.0
v -7.4605973866418935 2.728919486515224 0.0
v 10.01721350842854 -0.9482942409813404 0.0
v 0.23914194863755256 -8.74133143760264 0.0
v -13.701416781055741 -1.557773039676249 0.0
v -1.4849496439564973 11.247459054924548 0.0
v -4.842550131492317 -2.3279845230281353 0.0
v -11.569946089352015 9.85279392823577 0.0
v -12.224381830252241 -6.9366307239979506 0.0
v -8.295642442069948 -9.094803781248629 0.0
v -10.424301847117022 -11.689565849490464 0.0
v 11.255158320418559 5.98377597797662 0.0
v 8.206831740331836 -1.5802771989256144 0.0
v 14.919333020341583 -3.9351443126797676 0.0
v 5.445005897432566 -4.851052440702915 0.0
v 10.83063925470924 8.444452160969377 0.0
v 14.056910343759228 5.964425436221063 0.0
v -9.052592918858863 8.40000806003809 0.0
v -10.202053640852682 10.699781030416489 0.0
v 7.281761568505317 -4.875945141538978 0.0
v -6.048935914237518 2.525797721929848 0.0
v 6.9971942999982275 3.7866654517129064 0.0
v 7.085576635436155 -0.08516743965446949 0.0
v 0.254812873841729 0.8465130226686597 0.0
v 9.529226400190964 13.247065427713096 0.0
v -4.645750312192831 3.9791739964857697 0.0
v -9.132096332556102 1.1728830877691507 0.0
v 13.721551257069223 -0.603995306417346 0.0
v 9.54526882758364 -12.3002535039559 0.0
v -2.9066465881769545 13.51526948157698 0.0
v 4.306736680853646 -12.054271367378533 0.0
v -4.441618321056012 11.588935440406203 0.0
v -5.403493409219664 -2.5523495404049754 0.0
v 2.977308700501453 -3.061189935542643 0.0
v -11.957962043699808 -14.45181232970208 0.0
v 10.948308497783728 -2.1139376470819116 0.0
v 12.527146617358085 -2.145946060307324 0.0
v -10.218933452328201 1.8914019651710987 0.0
v -7.813984616426751 -7.960410398431122 0.0
v 12.941818292310927 -5.561165722087026 0.0
v 2.287365027645137 5.593259011395276 0.0
v -7.9936229338054545 9.04475127439946 0.0
v 9.977272295916919 -1.7459984440356493 0.0
v -1.7992947276798077 -10.05247438699007 0.0
v -9.63453466584906 2.2918378757312894 0.0
v 8.436665336834267 -9.090801148675382 0.0
v -6.57312132808147 -14.137902433983982 0.0
v 3.425423769338522 -0.960394736379385 0.0
v -9.337010820570868 -5.117179041728377 0.0
v 5.171694617194589 14.728711167350411 0.0
v -1.0320734116830863 -7.5518776550889015 0.0
v -5.5421098486403935 4.642296314239502 0.0
v -13.316226065100636 -14.297820490784943 0.0
v 4.646259483532049 -5.825702900998294 0.0
v -14.291230698931031 4.6206804951652884 0.0
v 2.698778363817837 -1.2236137511208653 0.0
v -0.8414509968133643 8.418692103587091 0.0
v 5.985027356364299 -3.4531550286337733 0.0
v -9.050709181989077 14.662457969971001 0.0
v -11.031645595561713 11.300774902105331 0.0
v 9.182516989996657 0.052282046526670456 0.0
v 5.305318123719189 -8.520229984074831 0.0
v -2.43925302894786 11.737170717678964 0.0
v 14.763209325261414 13.354817536659539 0.0
v 2.78603045939235 -13.806778534315526 0.0
v 1.9095299438922666 -2.7944172769784927 0.0
v 12.493103802960832 3.1526238406077027 0.0
v -7.37179776240373 -3.2693905225023627 0.0
v 10.324687460903078 12.927701613865793 0.0
v -11.287601104821078 -5.824198767542839 0.0
v -5.239972714043688 -11.638323755934834 0.0
v -13.59039239154663 2.9112702859565616 0.0
v -0.6891878779861145 -12.5035558976233 0.0
v 8.385985118919052 8.186603715643287 0.0
v -10.305757023801561 9.539730149321258 0.0
v -4.313716804899741 -14.163091073743999 0.0
v 2.7454200935317203 4.7563961911946535 0.0
v 9.217550778528675 -10.80909547302872 0.0
v 1.2524382359697483 9.899268317967653 0.0
v -8.784115460817702 -3.527702205814421 0.0
v -13.458083094970789 -13.275912837125361 0.0
v -4.185291037661955 12.000063787214458 0.0
v 3.181101832422428 -13.472387433983386 0.0
v 7.541888427804224 -1.5506907338276505 0.0
v -1.8854071180685423 13.20186073333025 0.0
v -2.1759946236852556 10.601720472797751 0.0
v 8.701446632447187 7.7495205933228135 0.0
v -11.417778878239915 0.9307617004960775 0.0
v 11.482217448588926 -1.9229051629081368 0.0
v -12.188213719346095 -1.5981419133022428 0.0
v 10.304374832543544 -9.816375602968037 0.0
v 13.581303025828674 6.404638366773725 0.0
v 1.790978178032674 14.402316010557115 0.0
v -13.85591441928409 -12.424538829363883 0.0
v 11.147935562010389 14.489372049458325 0.0
v 3.989200596755836 -7.584235147573054 0.0
v 9.930580834567081 -0.658161242492497 0.0
v -8.3074763182085 -10.423586001619697 0.0
v 11.22879843582632 -12.44738344103098 0.0
v -3.1324060037732124 -10.166412828490138 0.0
v -8.969575904775411 5.899125747382641 0.0
v 14.812961489078589 13.927872544154525 0.0
v 8.3954069656902 11.810466731898487 0.0
v -10.734386243857443 -1.303607621230185 0.0
v 9.765985983947758 2.820681082084775 0.0
v -8.674454319756478 -11.247168401256204 0.0
v -5.865441607660614 -8.76484839990735 0.0
v -14.157965722726658 -13.819448607973754 0.0
v 10.132711790211033 7.372603853233159 0.0
v -9.812559926998802 9.858781864866614 0.0
v -3.8142019551596604 -10.196600950323045 0.0
v -0.9378695727209561 -14.032134027220309 0.0
v 13.603940202563535 -0.34645879827439785 0.0
v 5.584318895009346 -6.159422815777361 0.0
v -5.60598631988978 12.85190434847027 0.0
v 7.699038176855538 -6.440864498727024 0.0
v 9.536056728975382 -12.797897428274155 0.0
v -6.897047075850423 4.225114900618792 0.0
v -8.206848645641003 -0.9684890545904636 0.0
v -2.540639222774189 4.523550133220851 0.0
v -14.912395612162072 11.616493191570044 0.0
v -4.217150549637154 10.079287788830698 0.0
v -10.8050350859412 0.48854190669953823 0.0
v -0.21259399526752532 -3.9577959422022104 0.0
v -5.614025484304875 -6.74484933540225 0.0
v 11.665568752621766 0.46413067262619734 0.0
v 13.413222167466301 -6.944558554328978 0.0
v 4.0955058766994625 -1.8409397946670651 0.0
v 8.024662676092703 -14.780280239880085 0.0
v -5.163422566954978 2.994415681809187 0.0
v -10.379957169643603 8.802361180074513 0.0
v -13.704730864614248 -6.668600484728813 0.0
v -10.100369411637075 5.356191081926227 0.0
v -2.888610066322144 -6.243565023876727 0.0
v 5.047579529113136 -14.48370281048119 0.0
v 8.498072086076718 -10.013999549672008 0.0
v -12.084269430779386 -7.6491773733869195 0.0
v 6.810446134768426 -0.9004170577973127 0.0
v 2.50901072419947 7.267893949523568 0.0
v 5.831961885211058 -14.211325737647712 0.0
v -13.659164498734754 1.5041982289403677 0.0
v 3.2417514797416516 -0.03997708112001419 0.0
v -2.736130240431521 3.0215181335806847 0.0
v 5.746513126476202 -3.839360839687288 0.0
v -3.698589196719695 4.709794474765658 0.0
v -14.579058154195081 13.021302971988916 0.0
v -0.9496123197022825 3.756682542152703 0.0
v -10.890369177854154 -5.449299772270024 0.0
v -0.17428659670986235 5.409506471827626 0.0
v -10.535654608509503 4.145710499025881 0.0
v 9.659861315391026 -10.54524527490139 0.0
v -0.18146568548399955 -0.10203617997467518 0.0
v 6.662682219641283 1.6354973819106817 0.0
v -11.625550886965357 -1.8036406300961971 0.0
v -10.369814674719237 11.137067446485162 0.0
v -2.441079606418498 -11.216668864712119 0.0
v 10.11840637284331 -4.716139564290643 0.0
v -10.05867764930008 -3.722610712982714 0.0
v -12.154309147153981 -7.998520181514323 0.0
v 12.624935120926239 7.75034362450242 0.0
v 5.613071575062349 9.860688098706305 0.0
v -9.119604844134301 2.640266959555447 0.0
v -5.604091024550144 13.974223564378917 0.0
v 9.494942683551926 11.622640212066472 0.0
v -7.028338429168798 -12.422196431085467 0.0
v -14.462186274060514 -7.146860968321562 0.0
v 6.139608194236644 1.6023761192336679 0.0
v 11.510401138861198 13.700470563955605 0.0
v -7.014305396238342 5.476759044453502 0.0
v 5.04214357980527 -5.851886904798448 0.0
v -8.915778225637041 13.914650363847613 0.0
v 7.279171411006246 10.510082691907883 0.0
v 6.329205026675481 -11.597775062546134 0.0
v 11.794203826866578 2.316296656616032 0.0
v -13.386029318615329 0.13182499259710312 0.0
v 0.5362373514799401 -0.33652881905436516 0.0
v -9.657796026149299 10.121969643048942 0.0
v 3.066021842765622 -11.469221339561045 0.0
v -2.379261607537046 -0.5904899649322033 0.0
v -9.134735964296851 -6.739445120096207 0.0
v -0.009994809050112963 -1.5141145689412951 0.0
v 5.262257027614396 1.194364477880299 0.0
v -13.729209507000633 14.318741324357688 0.0
v 8.60235383611871 11.327880010008812 0.0
v -9.737287539173849 -3.0483538238331676 0.0
v 4.326425313192885 -5.024529360234737 0.0
v 12.694691001146566 -4.492149192839861 0.0
v 4.971871446527075 12.03323878441006 0.0
v -13.04544866620563 -10.525883837603033 0.0
v -5.30053649446927 -9.030304666608572 0.0
v -1.091504164156504 -3.2207393841817975 0.0
v 7.181609084014781 7.707884481176734 0.0
v 5.135929323732853 14.11428012046963 0.0
v 8.71718382689869 2.512342546135187 0.0
v 9.085023863706738 -0.8120043966919184 0.0
v -4.402815877925605 -9.637516694143414 0.0
v -4.2471906305872835 6.573907133191824 0.0
v 11.898274406499695 13.977390295825899 0.0
v 5.483910099603236 -4.3717205710709095 0.0
v 11.297310535504948 8.36133580841124 0.0
v -8.772713138896506 -4.683327888138592 0.0
v 1.4710569010931067 3.41112048830837 0.0
v 14.521066401095595 -11.050402778200805 0.0
v -5.925528944004327 -0.28727773763239384 0.0
v 7.816564062493853 -8.327095065265894 0.0
v 3.9325611987151206 10.033030076883733 0.0
v -7.740509303635918 -2.386196411214769 0.0
v -13.060822177794762 3.5410363962873816 0.0
v 11.785693417768925 9.722043555229902 0.0
v -2.144268666685093 -5.107778068631887 0.0
v -3.2916656775632873 0.7961797211319208 0.0
v -12.494484072027262 -14.39816059358418 0.0
v -13.081630350614432 3.9134620018303394 0.0
v -3.108468048798386 14.611415904946625 0.0
v -0.45168170233955607 -4.7350431978702545 0.0
v 5.109793001553044 -12.76490571629256 0.0
v -1.1302448976784945 14.736956717446446 0.0
v -13.161275012418628 -8.341633759438992 0.0
v -11.657019459060393 6.730747574940324 0.0
v 0.33309267862932757 -3.3550161086022854 0.0
v 7.7952601230936125 -0.6344601819291711 0.0
v -9.339217395579908 -14.016512792557478 0.0
v 2.9094377713045105 -11.847236928530037 0.0
v 6.89516535034636 -11.139090065844357 0.0
v 9.74708128819475 12.04205747693777 0.0
v -6.072080347628798 0.16006275918334723 0.0
v -7.12133123195963 9.525225035846233 0.0
v 10.46899965259945 3.4831837052479386 0.0
v -10.729110951651819 -7.329524425789714 0.0
v 11.639058474393096 0.04575986973941326 0.0
v 6.540649060916621 -7.660695352591574 0.0
v 2.4260536715155467 -9.784466562792659 0.0
v -1.342477589903865 10.07569283992052 0.0
v 5.525962864456233 -2.8146604178473353 0.0
v -10.831838170764968 2.6393007868900895 0.0
v -3.405472638143692 13.271905264817178 0.0
v -7.9697324086446315 -7.6013206243515015 0.0
v 8.281793906295206 2.9538408499211073 0.0
v -0.6285500351223163 -0.78961350210011 0.0
v 10.878930030507036 -1.4783237632364035 0.0
v -4.338616645894945 11.085974236018956 0.0
v 7.930234005965758 1.7981646647676826 0.0
v -11.50732648774283 -3.1964759258553386 0.0
v -12.640739672933705 -9.454399084672332 0.0
v 14.990545460255817 -3.3513576686382294 0.0
v 10.543836852011736 -10.067657249048352 0.0
v 3.0628785152803175 -4.866400212980807 0.0
v -9.288491082726978 -4.462036789394915 0.0
v 5.492044956074096 14.970106670632958 0.0
v -9.922972985601518 10.084413763135672 0.0
v 3.460802762710955 5.742791915312409 0.0
v 13.493280927941669 5.572089755907655 0.0
v 8.066982507705688 -7.268805110827088 0.0
v -11.700556180090643 -2.0431567868217826 0.0
v -3.4971663571195677 -8.376471337862313 0.0
v 11.425179858109914 -7.58761418517679 0.0
v 14.210170327627566 -4.187602513469756 0.0
v 14.909681334742345 -4.81853414606303 0.0
v 11.737455131777097 -3.35184027813375 0.0
v -5.587024850130547 2.242605079896748 0.0
v 2.765519155364018 13.381873831152916 0.0
v -1.638497173669748 -6.311317266896367 0.0
v -13.997595555789303 13.946343810297549 0.0
v 11.041678497800604 -7.1682424591854215 0.0
v -14.236780011793599 6.60545867215842 0.0
v -14.035728844231926 1.2534148218110204 0.0
v 9.073946334712673 13.245357756502926 0.0
v 12.10371105838567 12.26331774238497 0.0
v 14.124909974168986 -3.7866789558902383 0.0
v 11.218371000315528 -10.731150059960783 0.0
v -6.970256862870883 -14.464739156886935 0.0
v 0.19308286672458053 -8.606453524902463 0.0
v -9.6564812035067 -1.0497706616297364 0.0
v 14.705265981901903 0.1365066198632121 0.0
v -14.395066657860298 11.910217368975282 0.0
v -5.375176726200152 -6.255137828178704 0.0
v -9.642591914860532 -3.765052850358188 0.0
v 7.813617234060075 9.996185979805887 0.0
v 5.856679396587424 -12.225844077765942 0.0
v 13.416322575183585 -3.7130123609676957 0.0
v -2.2988072331645526 -13.516487538814545 0.0
v 8.037184735294431 13.636581851169467 0.0
v -1.5243508166167885 2.9315817691385746 0.0
v 12.548410413670354 14.284362102858722 0.0
v 0.2675650221644901 -9.750770691782236 0.0
v -2.2206714237108827 8.077856208197773 0.0
v 10.73343558923807 0.11769138276576996 0.0
v -5.729531707766 1.16887928545475 0.0
v -8.878315998939797 -4.1203808300197124 0.0
v -3.292002238391433 -1.3541928082704544 0.0
v 6.776058834511787 14.139598052948713 0.0
v 13.013676645932719 12.451155016198754 0.0
v 4.986252045084257 -8.20079386793077 0.0
v -14.93851953902049 9.132499209605157 0.0
v -10.234486931527499 13.841094369068742 0.0
v -3.544017208099831 -14.42822652310133 0.0
v -9.733117412542924 0.5137910014018416 0.0
v -7.096757343795616 7.985513474792242 0.0
v -11.952928779530339 -2.7911721728742123 0.0
v 14.071773285337258 10.460561542771757 0.0
v -9.484638102876488 -6.798008857294917 0.0
v 2.1363748625153676 12.175865885801613 0.0
v -2.1615873260307126 5.988613850437105 0.0
v -0.31570175458909944 -7.857746030203998 0.0
v 6.109062150295358 -5.185491337440908 0.0
v -3.7885844307602383 10.518062409944832 0.0
v -6.37179494521115 13.620341221801937 0.0
v -5.88719287677668 -11.897759322077036 0.0
v -12.558862422069069 -3.5303480150178075 0.0
v -0.3064708081074059 12.54452752508223 0.0
v -1.7949342625797726 12.597015211358666 0.0
v -6.239868848060723 14.100158804096282 0.0
v -4.399722301692236 -12.371865212917328 0.0
v 0.10323301731841639 -8.694142136722803 0.0
v -12.112135109724477 12.60874689090997 0.0
v -12.995021492766682 6.967445926740766 0.0
v 3.3079242951935157 -3.6468187794089317 0.0
v -12.69573016098002 -10.257038654759526 0.0
v -7.974182154925074 -5.0629079062491655 0.0
v -5.218912083248142 -1.7730529410764575 0.0
v 14.598587040207349 12.945438309572637 0.0
v -12.770870379521511 -0.7543765855953097 0.0
v -4.277136230142787 -8.353646257892251 0.0
v -12.390384721104056 -13.662540862336755 0.0
v 4.631048080569599 10.101656793616712 0.0
v -14.388362689816859 0.6124664871022105 0.0
v 9.46182783076074 4.6462261993438005 0.0
v 3.765710936160758 6.76765944622457 0.0
v -6.129740265721921 -11.695183022879064 0.0
v -10.04474801447941 -13.655739713460207 0.0
v 13.943034189403988 -1.4374107075855136 0.0
v -13.245327767217532 -13.815590050071478 0.0
v 0.40676110197091475 -1.4245591424405575 0.0
v 13.203038064413704 2.0121080251410604 0.0
v 7.835885135864373 -14.161173329688609 0.0
v -10.935003339604009 -8.760134221985936 0.0
v -12.563791917986237 -12.974697611294687 0.0
v 2.965775359189138 -9.916200537234545 0.0
v 11.817728525435086 -10.40716921724379 0.0
v -10.579673776170239 5.614135287702084 0.0
v 3.228644129645545 0.1521523930132389 0.0
v -14.859224881976843 -2.5522786490619183 0.0
v -11.454305864754133 2.454388144426048 0.0
v 4.945237944251858 -3.6742766899988055 0.0
v -6.344814656651579 -4.876817011274397 0.0
v 13.330875386367552 6.419791263528168 0.0
v -13.318354712973814 12.172897639684379 0.0
v 5.897313344466966 10.671711727045476 0.0
v 14.973404943069909 -0.6666946699842811 0.0
v -7.170462911948562 -9.845524346455932 0.0
v -7.466336353798397 12.523582298308611 0.0
v -8.346656277077273 4.066313868388534 0.0
v 10.05164114641957 13.797701322473586 0.0
v 7.425349648052361 -2.5477640936151147 0.0
v 2.890296959260013 10.539247727952898 0.0
v -3.6669728906126693 -2.3404866103082895 0.0
v 12.772457316285 -8.55058219190687 0.0
v 13.115765847207513 -4.384275243617594 0.0
v 9.400188476138283 7.349772024899721 0.0
v 13.843985441199038 -8.07953923009336 0.0
v 5.055284124100581 -10.270747595466673 0.0
v 8.43796343082795 11.224378497339785 0.0
v 11.499194137693848 3.2139661330729723 0.0
v 0.8722967333742417 13.689683609642088 0.0
v -13.665033147437498 -5.316383904777467 0.0
v -4.044581776077393 -10.819454200565815 0.0
v -1.7538907346315682 -13.873822761699557 0.0
v -6.392346004256979 5.15915441699326 0.0
v 10.34316324692918 6.849604336544871 0.0
v -12.905931401473936 14.764294943772256 0.0
v -11.014300970593467 7.614381697960198 0.0
v 1.5100859412923455 -2.629819837398827 0.0
v -0.4430473069078289 -12.584213955327868 0.0
v -3.7036039981176145 9.775509386323392 0.0
v -3.4319371002493426 -2.3519129222258925 0.0
v 13.14963481464656 6.2404672391712666 0.0
v 3.1179804713465273 10.423900892026722 0.0
v -12.778077257273253 -0.7004823759198189 0.0
v -3.4678840541746467 -6.539232016541064 0.0
v -1.7844800018938258 4.019424405880272 0.0
v -8.146700709650759 -12.216087876819074 0.0
v -13.378266977146268 -1.8758889762684703 0.0
v 7.390503540984355 -9.762215167284012 0.0
v -1.9170139114721678 10.857384425587952 0.0
v 8.865528890222777 -7.700344770215452 0.0
v -8.002468032413162 -13.43159261252731 0.0
v 9.819926371856127 -0.894229594618082 0.0
v 2.493156258831732 13.809435934759676 0.0
v 1.2999613891588524 -2.4149536713957787 0.0
v 13.628282024350483 4.680370546877384 0.0
v -9.844795733282808 10.77371299918741 0.0
v 9.736705491377506 -13.135786752216518 0.0
v 7.353394121339079 -13.863576147705317 0.0
v 2.565937575069256 -3.936117986217141 0.0
v -12.542704952997155 -2.6810873011127114 0.0
v -8.188788262894377 3.726110846735537 0.0
v -9.391660584893543 -13.335385594516993 0.0
v -8.315859171911143 -7.618263549171388 0.0
v -11.34503292554291 9.695199814625084 0.0
v -1.6401947842678055 -7.365102700889111 0.0
v -9.683543461665977 -3.3244543923065066 0.0
v -3.03802976408042 1.518440905958414 0.0
v 9.009881242644042 12.62526379339397 0.0
v -10.751955313724466 7.952492912299931 0.0
v -3.598688935977407 -14.682623281143606 0.0
v -7.160303062526509 -13.774565944448113 0.0
v 3.0438961612526327 1.1240470968186855 0.0
v -8.113205774105154 7.971814247779548 0.0
v -10.443561477470212 1.4609609739854932 0.0
v 8.740283132705372 11.145631267689168 0.0
v 11.53282559523359 1.224906480871141 0.0
v -0.5565270115621388 1.380839828401804 0.0
v 8.450860535609536 -11.31885349098593 0.0
v 4.10583335213596 10.248270446434617 0.0
v -12.811651363736019 9.702057748101652 0.0
v -5.2250282348832116 -2.425564583390951 0.0
v 4.1019948939210735 2.304651288315654 0.0
v -13.820568703638855 -11.870104216970503 0.0
v -13.163099651283119 -6.849633309058845 0.0
v 3.271424760809168 -2.857277118600905 0.0
v -10.911343727435451 2.1108364704996347 0.0
v -11.728671508142725 -13.106683527119458 0.0
v 4.661701050354168 -3.4795053312554955 0.0
v 12.133318074396811 2.050792718306184 0.0
v 4.072789595404174 -10.473080680705607 0.0
v -4.330285568430554 12.80908776819706 0.0
v 1.8476478488300927 13.453321294859052 0.0
v -1.260610272292979 2.4037952665239573 0.0
v 0.008808011829387397 13.22629623580724 0.0
v 2.3806982647511177 -2.870245668105781 0.0
v -5.896629326278344 13.979619574733078 0.0
v -2.5118057777290232 4.556420677341521 0.0
v 3.6550230210996233 -10.381573902443051 0.0
v 7.951212527637836 9.690458403900266 0.0
v -10.876593926455826 -5.644745273515582 0.0
v -10.748692279914394 -7.895498069003224 0.0
v -6.11377107311273 -11.963268724270165 0.0
v 5.678107755375095 9.088788656517863 0.0
v -10.248408094339538 1.001766910776496 0.0
v 13.703617269173265 -13.902060179971159 0.0
v -13.273903511813842 -11.332102586515248 0.0
v 5.9521433101035655 -9.261269689537585 0.0
v -6.572727695340291 1.7760409219190478 0.0
v -11.811848548706621 -5.171619797125459 0.0
v -8.002365588152315 10.29012169316411 0.0
v -4.39386888674926 8.293463113717735 0.0
v 13.18533757480327 14.680901419371367 0.0
v -6.812052066496108 8.54661481268704 0.0
v 2.799714272667188 14.433443882502615 0.0
v -0.8773061779211275 0.5515259243547916 0.0
v 3.976939574931748 5.307681165635586 0.0
v -2.7925523841404356 -4.95120838098228 0.0
v -7.213428415590897 -0.814114423468709 0.0
v -6.6331819301703945 -8.497952588833869 0.0
v 12.594075187924318 -3.726085439324379 0.0
v -1.2447903022984974 -4.50114794075489 0.0
v -12.265750088903587 4.875655720941722 0.0
v 7.9996918719261885 6.181925406679511 0.0
v -8.656052747159265 7.467712069861591 0.0
v 9.985614625620656 1.8620923571288586 0.0
v 7.66938791400753 3.645984989590943 0.0
v 7.065429290756583 11.045404235832393 0.0
v 13.02984740427928 -9.80617945175618 0.0
v -9.181446167931426 -5.951673503033817 0.0
v 4.463720046624076 7.904022011905909 0.0
v 6.0725005879066885 -7.861385019496083 0.0
v 14.85523466829909 4.54134492110461 0.0
v 7.5541699713794515 -5.6093985280022025 0.0
v 14.602996641595382 -14.791039729490876 0.0
v 10.436185144411866 -7.832699412479997 0.0
v -14.081174183171242 -9.227098792791367 0.0
v -6.5753212126437575 11.516339954920113 0.0
v 2.2952271493850276 8.302945105358958 0.0
v 1.3464888001908548 6.518571492284536 0.0
v 1.0811458171810955 8.308151127770543 0.0
v -8.375334495387506 8.104137293063104 0.0
v -9.254543856077362 -3.8516836864873767 0.0
v 2.8268503989675082 1.3446476254612207 0.0
v -7.708637253905181 -6.349085760302842 0.0
v -1.547354520414956 10.425239704549313 0.0
v 10.014260237978306 7.4912266274914145 0.0
v -0.248822124034632 12.666621500626206 0.0
v -12.47131761739729 -0.08907104469835758 0.0
v 4.704842400678899 11.679640920832753 0.0
v 4.962072461901698 -2.304888312704861 0.0
v 6.874075027299114 8.696313959546387 0.0
v -0.65094544243766 -14.67604161798954 0.0
v 13.58809952804586 -11.531511034816504 0.0
v -8.00319526164094 4.005466013215482 0.0
v -6.684751432738267 -7.429183062165976 0.0
v 5.664057458168827 -3.8575902758166194 0.0
v -4.408396043814719 -6.756566482596099 0.0
v 12.559986404085066 -4.673415532335639 0.0
v -10.375727500475477 9.43954293616116 0.0
v -11.953957978170365 -3.1890716003254056 0.0
v 12.262856966117397 11.55434140842408 0.0
v -2.9568611262366176 1.6765698119997978 0.0
v -9.017242409405299 -4.967232727445662 0.0
v 10.835610874637496 -9.974377636797726 0.0
v -8.307261486945208 4.763456898741424 0.0
v 5.048678602383006 -11.80264027416706 0.0
v -12.020555213617627 -12.977295433171093 0.0
v 6.502305393223651 2.273066798225045 0.0
v 10.629657363053411 -11.32996208127588 0.0
v 6.141268023056909 0.015520960092544556 0.0
v 2.4565164279774763 -2.6746705109253526 0.0
v 5.37111567548709 -12.471985657699406 0.0
v 4.133801821037196 -2.037030750885606 0.0
v 9.017558759951498 -4.614619433879852 0.0
v -4.384973339329008 -7.262602139264345 0.0
v -4.672743046015967 2.5146482260897756 0.0
v -5.823882448428776 -12.593282489106059 0.0
v 2.989307686104439 8.050526914186776 0.0
v -11.255271464819089 11.420728380791843 0.0
v 7.746783927141223 1.5495138969272375 0.0
v -3.5557881405111402 -11.793325459584594 0.0
v -2.897499891114421 6.438639619387686 0.0
v 13.218997923075221 1.9632967514917254 0.0
v -9.323059551476035 5.327915482223034 0.0
v 12.675516116549261 -10.767237799242139 0.0
v 8.127822327194735 4.520170014351606 0.0
v 8.08748179138638 12.160717764869332 0.0
v -12.399351013009436 0.7208915315568447 0.0
v -9.475152724073268 -14.56857508327812 0.0
v 14.197137732931878 -1.197051371447742 0.0
v 8.296706643130165 5.977915790863335 0.0
v 13.0151248803013 -4.117595262825489 0.0
v -7.813075605896302 7.916125734336674 0.0
v 0.7733208601130173 5.142590583302081 0.0
v -12.657167014316656 -9.060799113474786 0.0
v -8.22527095885016 0.4043391728773713 0.0
v 6.284681680786889 2.835243140347302 0.0
v 13.337138145405333 -8.53051083162427 0.0
v 4.812462701404002 14.16543020028621 0.0
v -1.5761583914863877 -12.920377892442048 0.0
v 3.983087631931994 -4.374893901869655 0.0
v -12.877810501202475 -1.5127734811976552 0.0
v -14.409986930899322 3.5064612524583936 0.0
v 11.059074070828501 -10.756754948757589 0.0
v -8.697784865100402 13.858093140646815 0.0
v -11.797736262204126 -6.821877555921674 0.0
v 2.7361955837113783 -0.6463680434972048 0.0
v 9.827790671493858 -4.540426906198263 0.0
v -8.126750770839863 -12.073037310503423 0.0
v -10.280198560736608 14.800594280473888 0.0
v 10.016782080754638 -12.501569825224578 0.0
v -5.459143383486662 7.02386078145355 0.0
v 1.7117363275610842 5.647595103830099 0.0
v 4.448969241697341 6.675505138933659 0.0
v 13.585347010055557 -7.743358051404357 0.0
v 14.132646824000403 9.254694786854088 0.0
v -2.6264877920621075 -9.92010585963726 0.0
v 4.232308822567575 0.24234198778867722 0.0
v 4.229053485731129 8.104034442454576 0.0
v -5.0547677229042165 2.08634000364691 0.0
v 4.703149882087018 4.824355746619403 0.0
v -5.804761327803135 -13.459883466362953 0.0
v -9.523518955567852 -10.665103777311742 0.0
v 2.537776572513394 1.5046100802719593 0.0
v -4.299132013577037 10.752553506754339 0.0
v -2.9013401977717876 -4.430725607089698 0.0
v 9.20788986806292 -12.405398146249354 0.0
v -4.7296009252313524 -7.376450401730835 0.0
v -8.676010582479648 -14.58058204781264 0.0
v 4.212950313580222 14.66039805393666 0.0
v -6.851994991011452 0.5649112137034535 0.0
v 1.977475161838811 -12.75691662169993 0.0
v -10.062464118760545 2.1425514947623014 0.0
v -9.723199129162822 -11.868698774836957 0.0
v -10.315439076686744 -2.3034772742539644 0.0
v -6.48207743326202 13.366007677279413 0.0
v -2.2780008584377356 -8.464909406378865 0.0
v 3.65860622911714 12.55908876284957 0.0
v 0.2840038995491341 11.108846706338227 0.0
v 12.013451223960146 5.524084742181003 0.0
v -1.0285218264325522 -10.95050453580916 0.0
v -7.330767663777806 -0.5387815125286579 0.0
v -10.36259236652404 14.372571910731494 0.0
v -13.004823289811611 12.309085541404784 0.0
v 4.8755600898875855 -12.973139655776322 0.0
v -11.929518932069186 3.6220138343051076 0.0
v -8.53651809488656 7.716264393180609 0.0
v -4.6331558838137425 12.532287459820509 0.0
v 13.565663124609273 13.651201309636235 0.0
v -13.31714308669325 0.49335270933806896 0.0
v 11.657280864776112 -0.9446887252852321 0.0
v 6.300069388351403 -2.571515657939017 0.0
v -8.159889150469098 6.708693020045757 0.0
v -7.526302709069569 -4.965738354250789 0.0
v 14.61693519569235 12.908612134866416 0.0
v 1.990342392178718 7.114226285368204 0.0
v -8.781333840044681 14.432925237342715 0.0
v 0.8924469805788249 6.357800726778805 0.0
v 3.352802498964593 -4.328483178280294 0.0
v 7.277207217935938 2.347175241447985 0.0
v -6.470611314231064 -12.324027319438756 0.0
v -8.112049461982679 -7.974762792699039 0.0
v -7.105991245480254 -12.162763509899378 0.0
v 3.3708801174652763 -6.921026537194848 0.0
v 12.754465222882573 -13.740277073346078 0.0
v -9.943638495227788 -10.765633489005268 0.0
v -0.4017405000049621 0.06528100185096264 0.0
v -10.778454518585932 10.949769862927496 0.0
v 2.187411026272457 -3.0204212348908186 0.0
v 1.7388005550019443 -3.3228097846731544 0.0
v 11.09575428511016 3.7568987160921097 0.0
v -8.437232097436208 11.9093910260126 0.0
v -11.90503658115631 -2.0606206776574254 0.0
v -3.9739763369434513 -12.225639902986586 0.0
v 6.85506118478952 -2.8002976635470986 0.0
v 6.053336131910328 0.8875880688428879 0.0
v 6.702656693989411 9.605224604718387 0.0
v -11.033805092738476 0.35442174784839153 0.0
v -6.59313199314056 -3.9712790474295616 0.0
v -10.06900768529158 10.147842519916594 0.0
v 4.7015510273049586 9.98352140467614 0.0
v 2.4584814920672216 0.39326129388064146 0.0
v -0.7069484043749981 11.441253224387765 0.0
v -1.7762963536079042 -10.787101256661117 0.0
v -8.90961175254779 -5.552831285633147 0.0
v -9.323280417418573 -0.17573680076748133 0.0
v 12.766407299495768 -11.775163200683892 0.0
v -12.767483082250692 -5.02366098202765 0.0
v -14.404297170054633 2.794779066927731 0.0
v -11.756423878658097 1.2005331823602319 0.0
v 14.0762099402491 8.043097402900457 0.0
v -8.396764486387838 -14.785350073128939 0.0
v -5.50754738075193 -9.856695530936122 0.0
v -11.174123995995615 -13.424382545053959 0.0
v 12.237050904601347 -9.682161459699273 0.0
v 8.852694342145696 -9.621060581877828 0.0
v 2.652382979518734 -7.94877659343183 0.0
v 14.913830466859508 9.664041699841619 0.0
v 3.83484745468013 7.348231948912144 0.0
v -5.03442005882971 5.025340254418552 0.0
v 10.338498375902418 6.2972166845574975 0.0
v -10.121742580784485 -2.490293604321778 0.0
v -13.071276439470239 12.21137897670269 0.0
v -6.8736525137210265 0.10092641040682793 0.0
v -0.4096116866567172 8.253463218919933 0.0
v 2.3523867229232565 7.760464025661349 0.0
v 0.9216656503849663 -5.743085451424122 0.0
v -7.403514409670606 1.4115023231133819 0.0
v -0.4984240402118303 3.3917952748015523 0.0
v -0.8762093218974769 -9.60350791644305 0.0
v 1.503998325963039 -6.499410460703075 0.0
v -14.391284838318825 0.8900195313617587 0.0
v 6.226283736235928 -6.789215661585331 0.0
v 14.254043347609695 -14.210062264464796 0.0
v 10.092137987317983 9.226049322634935 0.0
v -13.194103228044696 7.210422572679818 0.0
v -14.555433872737922 -13.494065441191196 0.0
v 8.93495849968167 -13.10520803462714 0.0
v -5.949956047988962 14.731851330958307 0.0
v 14.09446369757643 12.12179244402796 0.0
v 9.114091718918644 1.6224319087341428 0.0
v 14.08376055379631 8.837019268423319 0.0
v -7.951768501079641 12.944908905774355 0.0
v -12.229723323252983 -5.309778279624879 0.0
v -3.049945169768762 -8.217626457102597 0.0
v 5.728321591974236 8.867455841042101 0.0
v 8.407766614400316 -6.148079890757799 0.0
v -9.21985065046465 5.841472851112485 0.0
v 4.8039023308083415 7.263916225172579 0.0
v -14.382450098055415 4.553244638256729 0.0
v 9.04111154912971 9.16786283440888 0.0
v -12.406694655830506 11.951462200842798 0.0
v -13.763592492497992 -11.34622546005994 0.0
v 6.259519869170617 6.123113925568759 0.0
v -0.7805458127404563 -0.1565795475617051 0.0
v 11.646807093580719 -11.780196060426533 0.0
v -4.538631910923868 12.032459645532072 0.0
v 3.2025916873826645 14.61092390678823 0.0
v 14.403779903426766 -1.5485142162069678 0.0
v -7.38415983656887 -2.0226497016847134 0.0
v -13.625342673389241 -13.340026800520718 0.0
v 3.945911791990511 8.069877183064818 0.0
v 12.549506082898006 -10.246173267252743 0.0
v -0.21518375584855676 -0.12447262555360794 0.0
v -12.403735339117702 10.904209005646408 0.0
v -10.47864379407838 1.2720665959641337 0.0
v 0.5857678005704656 -5.605520382523537 0.0
v 9.201738041825593 5.1741549568250775 0.0
v -11.030442549556028 -3.36777026578784 0.0
v -2.1077215223922394 12.350126161240041 0.0
v -4.736224483756814 13.098438303917646 0.0
v 3.9322326886467636 -14.120893598534167 0.0
v 13.225033762864769 -0.7680866373702884 0.0
v -11.59822337148944 8.367797242477536 0.0
v 8.182207332050893 12.458701334893703 0.0
v -10.76620257558534 1.0905579617246985 0.0
v 0.49647973687388003 -9.021908610127866 0.0
v -9.26314233551966 -1.1437596185132861 0.0
v 10.492525399546139 12.226304496638477 0.0
v 9.43337938352488 6.672634179703891 0.0
v 9.710080094111618 0.6487608980387449 0.0
v -9.798724413092714 14.887822558172047 0.0
v 1.3458093014196493 3.886925491504371 0.0
v 7.218662989966106 -9.167682004161179 0.0
v -12.16759514133446 -13.433646921999753 0.0
v -2.0814210526878014 -8.482531447894871 0.0
v 0.868022250244394 -5.195616637356579 0.0
v 10.920420549169648 -4.88419178687036 0.0
v 10.379910058516543 -8.41684503108263 0.0
v 2.0285059205489233 -13.987346343696117 0.0
v 6.837880581966601 -13.90207186061889 0.0
v 7.030021764221601 -7.210362246260047 0.0
v -1.5501699799206108 14.881397910416126 0.0
v -10.964360137179028 -8.738145374692976 0.0
v 12.466926477558445 -0.37103718612343073 0.0
v 12.588372539787088 -0.31450274866074324 0.0
v -11.522422095877118 -6.016891499981284 0.0
v -8.7601734684431 10.693983820267022 0.0
v 1.285571506479755 10.947175087407231 0.0
v -6.820811132725794 -12.369098388589919 0.0
v -1.1793057530885562 -11.18298000190407 0.0
v -5.339047913032118 9.927899802103639 0.0
v 8.721085888857488 8.556126716546714 0.0
v -2.8382311980240047 6.54831510130316 0.0
v -11.555134607071523 -11.136118559166789 0.0
v 2.8981468254933134 -14.854420797899365 0.0
v -9.697596371348482 -3.7678106781095266 0.0
v -6.129933995835017 9.139749984256923 0.0
v 6.93303634977201 9.420755059458315 0.0
v -6.680349808477331 1.151113547384739 0.0
v 8.428697136929259 -12.10477345995605 0.0
v 2.206303994753398 3.6163273733109236 0.0
v -8.538105738349259 8.067691161297262 0.0
v -3.3943267892464064 0.026217656210064888 0.0
v 9.85343319142703 7.302210125140846 0.0
v -11.352777415013406 3.288738563656807 0.0
v -14.657601774903014 8.4435760602355 0.0
v -8.888290998758748 -0.4341132277622819 0.0
v 4.238108327204827 -9.178261004388332 0.0
v 8.982304475677665 -14.090749102644622 0.0
v 1.641948418924585 2.254746289923787 0.0
v -5.961800239922013 -9.7878124024719 0.0
v 2.631905196758453 13.97896334901452 0.0
v -14.54776774905622 13.702385254204273 0.0
v 4.140947778359987 -1.8655203059315681 0.0
v 0.35674356867093593 -1.401613688096404 0.0
v 3.8551184902898967 3.4579192204400897 0.0
v 4.92713942861883 -14.915920177474618 0.0
v -6.495855395682156 -9.31334172282368 0.0
v 8.550475603085943 -1.5771194268018007 0.0
v -1.4290502850199118 7.204290424473584 0.0
v -5.880400882160757 -13.871801161207259 0.0
v -1.0700596935930662 7.787498843856156 0.0
v 8.329097379581071 -2.200256853364408 0.0
v -10.573532278242055 -7.573270590975881 0.0
v -4.741272964689415 -6.233953055925667 0.0
v -7.99087970337132 -0.06562249176204205 0.0
v 9.006909303716384 1.0072681112214923 0.0
v 8.989488974853884 -9.339213879778981 0.0
v -13.404850146500394 13.99239685665816 0.0
v -2.3931063581840135 -7.960562922991812 0.0
v -2.6281034018611535 14.862043054774404 0.0
v 7.8585441267932765 1.38354417309165 0.0
v 4.774718964355998 2.7966806581243873 0.0
v -12.406915006227791 -2.520740792155266 0.0
v 7.571766478009522 -13.961960738524795 0.0
v -9.354053608432878 -11.216386219486594 0.0
v -4.398612046265043 13.972838927060366 0.0
v -5.8255313549307175 10.871018964797258 0.0
v -14.719004248385318 13.200190406292677 0.0
v 9.191122084273957 3.1261884439736605 0.0
v -5.898646093730349 -1.1266813576221466 0.0
v 14.184048784954939 3.6397893773391843 0.0
v -11.022146104136482 8.143541689030826 0.0
v -14.421773820184171 -2.0660461680963635 0.0
v 2.1257867317763157 10.632514097727835 0.0
v -4.19181893178029 7.751415058970451 0.0
v -10.588560549309477 -5.920189335010946 0.0
v 3.3377399183809757 -13.714229955337942 0.0
v 3.3852357458672486 6.63358567841351 0.0
v 0.3088930702069774 -7.381095047108829 0.0
v 11.265276632388122 8.97363730892539 0.0
v 14.651907870487776 2.998115137219429 0.0
v -9.472247762081679 -3.8360135313123465 0.0
v 3.8764437526115216 -8.825633805245161 0.0
v 10.604097161267418 11.424248365685344 0.0
v 2.1205788043444045 0.5095284590497613 0.0
v -13.863070983206853 -11.066565161570907 0.0
v -0.5372417191974819 1.0256686313077807 0.0
v -5.114642032189295 -14.578119956888258 0.0
v -11.460456317465287 12.952308942563832 0.0
v -0.9083526930189691 13.450848354957998 0.0
v -4.519959251047112 13.243142790161073 0.0
v -9.629331316798925 -9.818578305654228 0.0
v -6.916308726533316 -0.22331805434077978 0.0
v -6.804530117253307 -2.2896427223458886 0.0
v -10.362548232020345 -3.09671813249588 0.0
v -12.143462119507603 5.7558318339288235 0.0
v 11.709879300789908 -3.0806937646120787 0.0
v -13.422036302799825 -11.898444346152246 0.0
v 0.22428548004245386 8.594647427089512 0.0
v 14.746896420430858 9.600391291081905 0.0
v 9.915602264809422 4.502026408910751 0.0
v -6.409752467065118 -10.312774983234704 0.0
v 14.85629899369087 10.563016660511494 0.0
v -3.874074760824442 -8.456244762055576 0.0
v 12.019181635812856 -7.0411297688260674 0.0
v -10.083491903787944 1.6671292865648866 0.0
v -11.778185146744363 -2.4220229806378484 0.0
v -11.326151253189892 -0.35961492266505957 0.0
v 7.8427384092938155 0.2793448865413666 0.0
v 14.824149616644718 7.0079181548208 0.0
v 6.442357286810875 2.09866847936064 0.0
v 2.590765798580833 -12.911455120891333 0.0
v -1.2014786412473768 10.924218351021409 0.0
v 12.156687410315499 8.536267509683967 0.0
v 4.975093983637635 12.986080659553409 0.0
v -7.13827836693963 -14.838791164569557 0.0
v 7.93298553628847 1.6991163501515985 0.0
v 11.316849658673164 -6.809164355508983 0.0
v -5.576169952750206 3.996087869629264 0.0
v -0.9955703919986263 -1.0011815605685115 0.0
v 9.367376459646039 3.9526907186955214 0.0
v 0.15975884714862332 -2.6955656427890062 0.0
v -11.58400657121092 3.9676272524520755 0.0
v -1.717912562773563 12.023928523994982 0.0
v -9.739459659904242 0.6893147034570575 0.0
v -14.906756366486661 0.8581971023231745 0.0
v -3.3626941231195815 4.619833035394549 0.0
v 8.41757707647048 -13.045498829334974 0.0
v 4.959524215082638 8.930576679296792 0.0
v -14.220558216562495 0.4051270904019475 0.0
v -7.359053525084164 -0.4344847686588764 0.0
v -1.5834823073237203 14.729281391017139 0.0
v -14.956776789447758 -0.5978966876864433 0.0
v 1.3748519754153676 14.883621350862086 0.0
v -10.669501768134069 -9.061013619415462 0.0
v 5.907663707155734 -0.9930774718523026 0.0
v 0.6797370579442941 8.36526177637279 0.0
v -3.3011275400058366 4.597559477202594 0.0
v 10.716689438384492 3.8081402350217104 0.0
v 8.848382510768715 -8.442433398216963 0.0
v 2.703318180923816 14.82875419035554 0.0
v 8.546149685396813 14.415345633402467 0.0
v 2.024133547965903 -1.438712751492858 0.0
v 4.100654726149514 6.14728759881109 0.0
v 7.735036608821247 -12.418167676776648 0.0
v 7.90114464686485 5.020968020893633 0.0
v -10.20419400325045 -11.681797489523888 0.0
v 12.663249270350207 -13.990864587016404 0.0
v 0.5702637928188778 4.550996600650251 0.0
v 0.9283119987812825 9.134958404116333 0.0
v 5.60024187178351 8.870749386027455 0.0
v -12.087236087943893 14.197542659938335 0.0
v -3.640439675131347 -9.992202178575099 0.0
v 11.165248526784126 -9.170869161374867 0.0
v 0.7829975328641012 -4.152299724519253 0.0
v -8.260056884842925 -13.62641585431993 0.0
v -6.458263934531715 -6.879584590904415 0.0
v -11.458901290374342 12.385440651327372 0.0
v -7.257792136340868 -7.682049228809774 0.0
v 5.404055627703201 6.211856281384826 0.0
v 1.4325985459727235 2.3431236036121845 0.0
v 6.191035658994224 -10.137844267301261 0.0
v 11.22825549141271 -3.9274012986570597 0.0
v -11.803846674913075 -8.946552940644324 0.0
v 9.666886898863595 7.928387642838061 0.0
v -5.341209543577861 -8.612749725580215 0.0
v 13.663255251129158 -0.7040675971657038 0.0
v 10.11616637557745 -10.065742768347263 0.0
v -13.53060940298019 9.537350450642407 0.0
v -4.097900030668825 8.346201670356095 0.0
v -0.776738818269223 -10.381757363677025 0.0
v 7.036592836200725 -14.109683099202812 0.0
v -7.199059470265638 -8.532099656760693 0.0
v 8.143498405115679 11.650371228344738 0.0
v -11.767685926810373 1.7248563999310136 0.0
v -11.26247010420775 0.31862556375563145 0.0
v -12.779914748680312 1.8156524924561381 0.0
v -6.414831303409301 -4.429831525310874 0.0
v 13.29530921910191 5.484059254638851 0.0
v 0.7593893472803757 4.852251950651407 0.0
v 10.25526502286084 -3.2790621584281325 0.0
v 3.4487488620798104 1.2362436698749661 0.0
v 11.122056452557445 12.883431006222963 0.0
v 7.124291262531187 -8.335995653644204 0.0
v 13.930776385881472 -3.9585469644516706 0.0
v -5.317930134420749 -0.43123451713472605 0.0
v -2.706405086850282 -11.95511231571436 0.0
v 7.3533365879557095 10.37059638928622 0.0
v 4.221893638314214 -3.5975163467228413 0.0
v 10.401910835818853 12.530406420119107 0.0
v -3.676723760087043 11.243079570122063 0.0
v 3.1498021227889694 5.913241767324507 0.0
v 8.939106070494745 9.995856946334243 0.0
v 10.104535852151457 -4.023602239787579 0.0
v -5.3952801106497645 -1.7064698776230216 0.0
v 10.972809773520567 6.656263574957848 0.0
v 10.598865767591633 7.346009845845401 0.0
v 4.821160721825436 -9.280376331880689 0.0
v 7.746699698793236 7.862330585718155 0.0
v 9.916953517880756 -4.257437972351909 0.0
v 10.36905248905532 0.7126900963485241 0.0
v 7.301304531167261 3.897429178468883 0.0
v 13.116169950575568 -13.651772941462696 0.0
v 8.243201353121549 14.993963172659278 0.0
v 0.5447355576325208 11.665995702147484 0.0
v -10.757913121720776 -3.829574543982744 0.0
v 0.21501282614190131 -9.038244979456067 0.0
v -13.951084792031907 -13.311186178587377 0.0
v -3.1300881211063825 -5.3838534308597445 0.0
v 3.72279940842418 -13.186551183462143 0.0
v -7.226419725571759 2.4252441627904773 0.0
v 9.625795799598563 4.441759484820068 0.0
v -9.038628911832348 -2.078736461699009 0.0
v -3.225807646405883 -5.371977591887116 0.0
v -5.317370432370808 11.731061893515289 0.0
v 4.191992350562941 -4.560931266285479 0.0
v -4.689523731125519 12.295880349352956 0.0
v -5.343460022530053 -8.677169528789818 0.0
v 0.6508308296324685 11.978248450905085 0.0
v 9.939883668383118 9.684406619518995 0.0
v 0.08211677655344829 -11.572515844367445 0.0
v -9.76256647775881 -12.330427034758031 0.0
v 0.5612703923252411 7.790931855328381 0.0
v 8.357460393744987 -13.27812185510993 0.0
v -0.848614153044764 4.025551746599376 0.0
v -13.981240697496105 14.978676527738571 0.0
v -3.6018952139420435 -12.217311196960509 0.0
v 11.041994939325377 1.2329505868256092 0.0
v 14.855852774984669 -13.824608704075217 0.0
v 6.495372930949088 -9.957456867210567 0.0
v -7.1983061243081465 4.477096674963832 0.0
v -13.527739885204937 -12.434980069287121 0.0
v 8.583738393266685 -12.591788620688021 0.0
v 5.953819026879501 0.7021224610507488 0.0
v 3.088708831812255 -11.470752845518291 0.0
v -4.4898243063362315 -1.2603143705055118 0.0
v -6.6361673952196725 -8.960466897115111 0.0
v 7.973488388757687 -5.751409876160324 0.0
v -9.341992740170099 5.122082897461951 0.0
v 3.0219587681349367 -5.259704599156976 0.0
v 7.9093823082512245 14.11152205336839 0.0
v 7.3593177979346365 -2.505999805405736 0.0
v 13.705877264263108 13.248606867156923 0.0
v -5.195041167666204 14.231930545531213 0.0
v -0.886481486260891 -8.950313405133784 0.0
v -9.539416341867764 -3.9146731151267886 0.0
v 9.714548647636548 -2.0401175189763308 0.0
v 12.46876413008431 -6.8232640996575356 0.0
v 2.2298279719543643 12.912537510506809 0.0
v 5.8397889286861755 -8.290271486155689 0.0
v 9.564477424719371 -1.1188525427132845 0.0
v 11.388793336751405 7.956408894620836 0.0
v -14.380530108930543 14.580110784620047 0.0
v 9.066575061471667 2.7472243206575513 0.0
v -4.549139645823743 -0.6945239081978798 0.0
v -8.083837231912185 -7.707480757497251 0.0
v -12.958928945532534 -4.929111137986183 0.0
v 1.738026227336377 -10.1766540678218 0.0
v 7.521622708067298 -2.8671007761731744 0.0
v 12.120287650439423 12.486215982586145 0.0
v 7.424575982324313 6.620672147721052 0.0
v -0.24399798433296382 9.285984707064927 0.0
v -6.41955944430083 4.34489818662405 0.0
v -4.076376987854019 -7.1055346773937345 0.0
v -10.228822990320623 14.90475605148822 0.0
v -7.053537376283202 14.221590980887413 0.0
v 3.2580744830775075 -7.942429932765663 0.0
v 9.443815950129647 -11.511627700179815 0.0
v -3.374378164706286 -0.046893829479813576 0.0
v -7.691621856589336 -8.130699081346393 0.0
v 7.517466812336352 12.576751738786697 0.0
v 9.75142575823702 -0.22567511536180973 0.0
v 6.325803456304129 -11.445255743339658 0.0
v -7.526901505421847 11.220698818564415 0.0
v -9.579045521153603 -6.400313946418464 0.0
v -11.535524232778698 -4.608197562396526 0.0
v 0.6018533861497417 8.665686955675483 0.0
v -13.022253268922213 -11.679683414287865 0.0
v 10.029256561305374 3.0809751180931926 0.0
v 12.395834428665694 12.47097064834088 0.0
v -4.3660789472050965 9.012495310045779 0.0
v 6.315100832376629 -3.522164260968566 0.0
v 12.967007019149605 2.410961746238172 0.0
v -8.125730734958779 -14.413720963522792 0.0
v -7.485292935394682 -7.907061440870166 0.0
v 12.040186517639086 -13.044203134253621 0.0
v -2.765671000466682 -4.592709021642804 0.0
v -7.505265091313049 -12.764853707514703 0.0
v 8.502403533144388 9.447874908335507 0.0
v -9.659136475471314 1.1884095035493374 0.0
v 14.947934472176712 -5.1957632806152105 0.0
v -14.954410446516704 6.499894069507718 0.0
v 0.9327419784967788 -14.29790067858994 0.0
v 12.761942257930059 -11.60711118672043 0.0
v -13.860548835713416 -10.942883813753724 0.0
v -7.99799132096814 -1.8116454472765326 0.0
v -8.221076188550796 6.807859625667334 0.0
v 12.393007420236245 -6.094425349496305 0.0
v 5.093755422043614 9.783109259791672 0.0
v -8.432019166531973 -6.8079511523246765 0.0
v -2.8421342555084266 -10.521164578385651 0.0
v -11.887322557973675 -3.3016279945150018 0.0
v 5.178585200628731 3.48063747305423 0.0
v 6.095606958668213 9.929378270171583 0.0
v 2.799983282457106 7.206523019820452 0.0
v 5.998961332894396 8.64776688348502 0.0
v 10.596796751138754 -1.7838438730686903 0.0
v 8.601229659980163 4.896787313744426 0.0
v 6.938813122629654 9.874283354729414 0.0
v -6.342950873193331 -10.100524571724236 0.0
v -11.052511263696942 1.9254571851342916 0.0
v 11.399181675515138 -2.64486525580287 0.0
v -9.55111159052467 -9.09595664869994 0.0
v -10.386821557884105 10.62003187648952 0.0
v 10.37795414176071 -3.307781265117228 0.0
v 0.9209982946631499 12.888581676408648 0.0
v 3.5805969951325096 -5.641083278693259 0.0
v -0.7278493816265836 -1.8908191919326782 0.0
v -11.964087528525852 9.05055576376617 0.0
v -12.29391734872479 2.3014486441388726 0.0
v -4.151775431935675 7.6014007441699505 0.0
v -11.828177389106713 -5.881854087114334 0.0
v 5.387254464090802 9.953770413063467 0.0
v -6.6948846282903105 7.206502887420356 0.0
v 8.46151385421399 7.2500961646437645 0.0
v 14.00117271806812 -1.4738843031227589 0.0
v -11.152717880730052 -0.5818867981433868 0.0
v 11.21932670561364 12.75341422855854 0.0
v -11.761571365233976 -2.217914555221796 0.0
v -4.527165186824277 11.599652244709432 0.0
v 2.014814348251093 8.780682195909321 0.0
v 2.951554760860745 3.3914908161386847 0.0
v 5.474809005972929 0.46122485026717186 0.0
v -14.523486767197028 -10.337472017854452 0.0
v -13.911849271913525 -10.94268118403852 0.0
v -10.935829794267192 12.032410770654678 0.0
v 6.148290670302231 14.841590031981468 0.0
v 4.9785403096466325 3.9259157991036773 0.0
v -6.86113161733374 -0.955009357072413 0.0
v -2.4802283768658526 2.448447142727673 0.0
v 0.6546092617791146 1.3861471405252814 0.0
v -9.163499394257087 -2.603095168247819 0.0
v -6.2740976782515645 1.0661979112774134 0.0
v 10.318650101893581 -3.5540813487023115 0.0
v 5.612372764910106 13.315991464070976 0.0
v 0.2664974586223252 -11.988750731572509 0.0
v 7.659954408707563 -13.694812066853046 0.0
v -9.663194928318262 13.646404871717095 0.0
v -3.366546323930379 -8.215936585329473 0.0
v -0.9900670278002508 8.87762258388102 0.0
v 8.394618638616521 -8.890225298702717 0.0
v -11.221004102088045 11.689282266423106 0.0
v 14.410534637107048 -10.467480636201799 0.0
v 1.7600847951252945 3.7000942900776863 0.0
v -10.916944311582483 10.771182184107602 0.0
v -14.036549537384417 -4.863859471864998 0.0
v 6.7049287422560155 8.249645607545972 0.0
v -6.157911475631408 5.478290566243231 0.0
v -5.0006222715601325 -5.617466760799289 0.0
v 0.9547278423560783 -3.164624056778848 0.0
v -10.989104355103336 6.65184211358428 0.0
v -10.286517484928481 -4.762731687165797 0.0
v 12.128977372078225 8.93053877633065 0.0
v 7.790983341052197 1.288180080242455 0.0
v -5.592141808883753 -11.538398833014071 0.0
v 6.384644204284996 6.468111949041486 0.0
v -2.8580280247260816 -2.8892549043521285 0.0
v 0.797699207381811 3.1728172581642866 0.0
v -8.569736830657348 -12.90903308056295 0.0
v -9.331046372710261 11.713662889786065 0.0
v -9.584496583498549 -1.68521620426327 0.0
v -13.566163219104055 -1.2091547455638647 0.0
v 1.7438028104952537 -9.83908782247454 0.0
v 10.475353736022953 4.527777987532318 0.0
v 6.219080481387209 -2.617289688438177 0.0
v 7.18781160825165 10.25274826027453 0.0
v 11.843308273993898 -12.455120201222599 0.0
v 11.516897876281291 8.726735261268914 0.0
v -8.90573967358796 -9.771755188703537 0.0
v 12.755855064024217 14.870650510303676 0.0
v -8.518415748432744 9.06637609936297 0.0
v 10.581674029992428 -11.313203003257513 0.0
v 7.654299107787665 -4.851193613372743 0.0
v -2.237751825887244 8.026938944123685 0.0
v 14.521354807191528 3.288450649008155 0.0
v -13.779618915228639 -13.643321084789932 0.0
v -0.7980128134950064 -13.242296171374619 0.0
v 5.595774018147495 12.191823488101363 0.0
v -10.806467787420843 9.89715504925698 0.0
v -0.9192198505625129 -9.063083057291806 0.0
v 0.4600116063375026 -14.925369059666991 0.0
v 7.054979351698421 -3.4159058276563883 0.0
v 13.47219014208531 -12.643511775881052 0.0
v -5.7705097378348 -6.86886019539088 0.0
v 4.548106762522366 -0.7188860243186355 0.0
v 8.431491589755751 7.0221630008891225 0.0
v -2.7811206388287246 0.2972478987649083 0.0
v 6.8078303775400855 2.533706935122609 0.0
v 14.605819996679202 7.418295436538756 0.0
v -9.750393806607462 -0.4440034357830882 0.0
v 10.373614467680454 8.162294958718121 0.0
v -14.507708907010965 7.504635679535568 0.0
v 2.466959912038874 -10.373148215003312 0.0
v 4.096831547154579 -10.776246898807585 0.0
v -11.310766599082854 5.459888101555407 0.0
v 3.8576509042759426 8.721820595674217 0.0
v -12.864844494091813 -4.961625651456416 0.0
v 1.603605968062766 4.170395505614579 0.0
v 13.498906347726006 -9.642798880115151 0.0
v -12.240216198028065 4.968331974931061 0.0
v -3.1786931982496753 6.638247572816908 0.0
v -11.317891935177613 -9.074945310130715 0.0
v 2.714892880001571 2.438797955401242 0.0
v 1.6364187665749341 -11.34235658403486 0.0
v -12.660552648361772 -5.102338561788201 0.0
v 14.09953269577818 5.091863582842052 0.0
v -14.048672098608222 -2.993405952118337 0.0
v -8.223505868692882 0.7075385553762317 0.0
v -6.3876127052353695 7.596603942103684 0.0
v 13.31783085357165 1.8748293807730079 0.0
v -13.299838653416373 -13.051734725944698 0.0
v 7.097541109542362 14.572400231845677 0.0
v -11.895266141626053 7.251177051104605 0.0
v 8.286746796104126 6.579965033568442 0.0
v 14.605200602847617 6.623340513557196 0.0
v 9.671191729663406 2.656601238064468 0.0
v 0.9637897298671305 -6.710194809362292 0.0
v 4.075529392575845 6.860047437250614 0.0
v -0.925280831346754 3.8155726166442037 0.0
v 8.255091591447126 -11.49308624304831 0.0
v 0.38218598504317924 8.465832243673503 0.0
v 6.081144544878043 11.36025283113122 0.0
v 7.083800693915691 -1.6334888944402337 0.0
v 5.112026669492479 -0.501049411483109 0.0
v 1.3846522392705083 -0.9815300386399031 0.0
v 9.080301681591664 -10.273183257319033 0.0
v 3.663961177226156 -14.950425313785672 0.0
v 2.9317263524862938 0.7988833198323846 0.0
v 10.672554461867549 5.703448628075421 0.0
v -5.662620532733854 -8.641377285122871 0.0
v 10.535284775774926 3.113465311937034 0.0
v 5.434767352824565 -14.989012465812266 0.0
v 8.229573671647813 1.554260808043182 0.0
v -14.661368565575685 -2.5136406403034925 0.0
v -10.741735688527115 3.8722705533728004 0.0
v 2.3984968597069383 -6.402546449564397 0.0
v 0.8600779619300738 9.95784357469529 0.0
v -0.3361718301894143 0.08095867745578289 0.0
v -8.667626141977962 -11.691420126706362 0.0
v -6.890745745971799 0.5835579382255673 0.0
v -5.5345766764367 8.006806519813836 0.0
v 11.191992319305427 -10.602517895400524 0.0
v -13.78296276461333 1.2858828762546182 0.0
v 3.238329345593229 8.140894254669547 0.0
v -9.478833094239235 -6.984097856096923 0.0
v 9.088647010968998 4.544273916631937 0.0
v 10.709912604012061 -7.269811655394733 0.0
v 10.912244350649416 8.158694026060402 0.0
v 12.26144218648551 -3.092359635978937 0.0
v -5.088160611281637 -1.7934518828988075 0.0
v -6.768207693006843 -7.443279386498034 0.0
v 6.00477391370805 8.189068272709846 0.0
v -11.535904450924136 -14.820655909366906 0.0
v -1.4372700016829185 8.342190540395677 0.0
v 9.314219590800349 4.906125999987125 0.0
v -8.866490753251128 1.0995660740882158 0.0
v -14.433100932918023 1.5979866944253445 0.0
v -4.260871404607315 2.9529999140650034 0.0
v 2.455550220562145 -3.8735532304272056 0.0
v 2.5529815243789926 -2.652410293929279 0.0
v -7.656708973925561 -4.824662316590548 0.0
v 8.897861359233502 -12.234299493022263 0.0
v 9.29987035994418 12.32647162117064 0.0
v 8.133587564632762 3.9347068797796965 0.0
v 3.91838184685912 -5.1012173453345895 0.0
v 0.8780370654421858 -1.5661419313400984 0.0
v -5.414861070225015 9.054921479895711 0.0
v 7.4965339515474625 9.788219727575779 0.0
v -7.213912239007186 -4.192202411592007 0.0
v -5.76867968426086 10.744310995563865 0.0
v -13.96330604807008 -6.59435463976115 0.0
v 1.4308067096280865 13.778694311156869 0.0
v 0.010747323336545378 5.574509408324957 0.0
v 3.2122510102926753 7.545170690864325 0.0
v 0.43967186770169064 4.59332959074527 0.0
v -10.676306118781213 3.48454147297889 0.0
v 6.711666845832951 4.951801458373666 0.0
v 11.647394770407118 12.0432810485363 0.0
v 2.4883443233557045 -2.5976597294211388 0.0
v -10.001226892345585 10.333807596936822 0.0
v -2.0357515438226983 4.604240415617824 0.0
v 0.6052098859217949 0.4768705852329731 0.0
v 12.230687206319999 3.872451910749078 0.0
v -14.691709169652313 -11.113947683013976 0.0
v -14.130969119316433 -2.7799207596108317 0.0
v -4.468737126328051 12.48530788347125 0.0
v 12.986273690243252 3.2532499879598618 0.0
v 5.932161126402207 7.61217946652323 0.0
v 11.600351612374652 13.879649363458157 0.0
v 10.044891050609294 -9.756991542875767 0.0
v 2.597318396496121 3.492218437604606 0.0
v -11.852375258342363 2.9968276685103774 0.0
v 1.767794999817852 7.013097669929266 0.0
v -5.159072411537636 -4.4793115155771375 0.0
v 14.074601769214496 -9.170504441484809 0.0
v 13.730867705191486 -7.091723115183413 0.0
v 0.17176712286891416 11.816847236827016 0.0
v -6.2388333305716515 -10.668924075551331 0.0
v -8.523985543579329 8.324334598146379 0.0
v -3.8528474080376327 2.760725443251431 0.0
v 9.042054027144331 12.432237493805587 0.0
v -2.2635905100614764 -6.921675835736096 0.0
v -1.0543830852257088 7.740310101769865 0.0
v 13.61465731379576 7.574247074313462 0.0
v -3.967976199230179 3.098108888603747 0.0
v 7.778708420577459 3.324483936652541 0.0
v -0.27981499186716974 10.704704006202519 0.0
v -6.301572807540651 5.898860782384872 0.0
v -8.539266884909011 -7.217331076040864 0.0
v 2.79397338751005 -12.934670312330127 0.0
v -4.887995052617043 -9.226346173323691 0.0
v -12.536525738367345 9.347937195561826 0.0
v 11.309430617897306 2.2635200368240476 0.0
v -0.7491335702943616 -10.927616308443248 0.0
v -14.359862806741148 5.7450735084712505 0.0
v -10.309575840830803 3.1982649052515626 0.0
v 13.30762790265726 -5.244780372828245 0.0
v 11.147190497023985 -7.003425716422498 0.0
v 13.584638373285998 -7.685420649126172 0.0
v 6.7656382383429445 6.1597316628322005 0.0
v -9.051265454094391 -1.2108168127015233 0.0
v -13.696833275898825 12.496930467896163 0.0
v 9.55744931998197 9.507456003688276 0.0
v 5.470441155077424 -11.43939102999866 0.0
v 7.472688653506339 2.9312130697071552 0.0
v 13.416519816149957 10.904101779684424 0.0
v -4.304847828403581 14.153301793150604 0.0
v 10.79626817413373 -2.9580911211669445 0.0
v 11.438814911467489 -6.149169396609068 0.0
v -14.773496887413785 12.300724180415273 0.0
v -11.29895991354715 -1.4486344596371055 0.0
v -7.842532752605621 -4.064126376993954 0.0
v 2.4719629125320353 1.4923304412513971 0.0
v 2.6223046620143577 11.770829424262047 0.0
v 6.8507445040741 -2.6187548944726586 0.0
v 2.013047761749476 -4.210103536956012 0.0
v -11.574110278917942 -9.770063875243068 0.0
v 10.459344411385246 6.990949250757694 0.0
v -5.836377723899204 -2.340158626437187 0.0
v -1.257549386646133 -12.926829876378179 0.0
v 4.626871855754871 -8.610141517594457 0.0
v 5.711563554184977 13.389022280462086 0.0
v -12.538120243814774 6.142645106650889 0.0
v 3.0943789941375144 1.787002838216722 0.0
v -11.277398377598729 4.975196045823395 0.0
v 11.28424929146422 6.62275449000299 0.0
v -9.354056639072951 13.952305378392339 0.0
v 12.122097856772598 -3.304072299040854 0.0
v 5.714031007082667 8.963135186582804 0.0
v 5.827328622108325 -10.310712473466992 0.0
v -11.937260477687232 -7.7178086610510945 0.0
v -14.723203420697246 -4.41569284722209 0.0
v -4.476365870679729 -4.359875173307955 0.0
v -8.036021128762513 6.766750568524003 0.0
v -1.0930721368640661 -8.00526525080204 0.0
v 5.968236607790459 13.9388197241351 0.0
v 6.375284202746116 4.424871573224664 0.0
v -5.394422973913606 -6.751956393010914 0.0
v 0.3415432494948618 5.808270929381251 0.0
v -11.020603391109034 12.564076084643602 0.0
v -6.576724755170289 -13.469639290124178 0.0
v 3.0776827154913917 -0.24101723916828632 0.0
v 14.911448036960792 -0.22478101216256618 0.0
v -12.678498136927374 -14.448708242736757 0.0
v -12.580201086355373 -3.2116627106443048 0.0
v -9.396350291150156 7.833528358489275 0.0
v -10.196615613938775 -5.288047229871154 0.0
v -7.102029690751806 5.850480585359037 0.0
v 2.8863180071348324 6.596231456845999 0.0
v -5.442038490087725 -4.393176639452577 0.0
v 4.459679498686455 -4.8401222340762615 0.0
v 3.6384188841329888 -5.7369247088208795 0.0
v 13.112641014740802 3.804541033692658 0.0
v -2.016200316196773 -4.198274914175272 0.0
v 14.539501374354586 11.579429381527007 0.0
v -13.931957501452416 -4.497901717200875 0.0
v -1.697399016993586 -0.3046251619234681 0.0
v 14.46087385318242 -11.258911735378206 0.0
v 12.167149079614319 2.4777136174961925 0.0
v 14.869070884422399 -12.715891470201313 0.0
v -10.162415763479657 14.75379750970751 0.0
v 14.61276093160268 1.4398724557831883 0.0
v 11.921263223572168 7.294238053262234 0.0
v 7.1633639021310955 11.449746956117451 0.0
v -14.077500701299869 -8.108919721096754 0.0
v 4.108457632479258 -4.8303311904892325 0.0
v 5.794766827661078 14.963172303512692 0.0
v -0.16294729511719197 -13.003432570025325 0.0
v -7.958883153740317 -14.677908401936293 0.0
v 13.465968297445215 -0.02087678574025631 0.0
v 14.899772074364591 -9.069140364415944 0.0
v 0.83208255545469 -2.296978305093944 0.0
v -4.885134946322069 7.879539692774415 0.0
v -0.6465734351659194 1.7506260750815272 0.0
v 12.096170947770588 2.1084629893302917 0.0
v 4.078688341600355 7.069985010661185 0.0
v -2.614867788506672 6.1333731999620795 0.0
v 7.941268075141124 2.007058519870043 0.0
v 10.447497393877711 9.447014170698822 0.0
v -12.82821506721666 -11.11722672265023 0.0
v -2.80259897938231 -8.203504208475351 0.0
v 0.13931788556510583 -1.3455279534682631 0.0
v 2.0406138752005063 -3.9169049337506294 0.0
v 14.75233165663667 -1.0991926165297627 0.0
v 2.733514612831641 -9.751521957106888 0.0
v 7.274833676579874 8.192021001130342 0.0
v -0.6362544113653712 -14.075488877482712 0.0
v -3.4834934399696067 -13.149799573235214 0.0
v 14.84050188906258 4.992238407954574 0.0
v 2.703380869119428 0.06446165684610605 0.0
v -3.939572372357361 -1.1898345723748207 0.0
v 9.87399749015458 5.357079764828086 0.0
v 8.698206880071666 12.927842224016786 0.0
v 9.749038794368971 5.480930229648948 0.0
v 0.6296488596126437 -6.604189985431731 0.0
v 10.539505993772764 4.852741139009595 0.0
v 0.07885638310108334 -14.215905724093318 0.0
v 10.914056971145328 14.40904582850635 0.0
v 0.7985965225961991 11.792435597628355 0.0
v -5.819502237136476 -7.780449672602117 0.0
v -14.754696201183833 -3.6412200471386313 0.0
v -0.5541545437881723 -11.215216424316168 0.0
v 1.0561700612306595 -3.3888016222044826 0.0
v 1.7706544456304982 1.7155833104625344 0.0
v -3.6438484166865237 3.087209523655474 0.0
v -0.11962197389220819 -9.142237721942365 0.0
v 7.251716447935905 12.634990248829126 0.0
v -7.6319540131953545 0.0563137186691165 0.0
v -12.106167120335158 13.625024219043553 0.0
v -7.028326039202511 -11.929518287070096 0.0
v -10.892365492298268 -8.077278908342123 0.0
v 12.811673986085225 -13.141235402785242 0.0
v 4.063738486438524 -9.539199478924274 0.0
v 4.644671073532663 10.784291738644242 0.0
v -9.445443469798192 0.12805080320686102 0.0
v -4.76964962418424 -4.905498348176479 0.0
v -2.553474902641028 -5.110792113468051 0.0
v 0.412285250145942 -2.866005579009652 0.0
v -14.789491898322012 -12.420842685736716 0.0
v -2.4441702679614536 1.3946918034926057 0.0
v 0.813712760747876 3.258134273812175 0.0
v -6.527427094755694 7.075781600549817 0.0
v -10.956334424496163 -12.93287405744195 0.0
v 2.3431527476059273 8.056363430805504 0.0
v 8.809704933664761 11.45145327411592 0.0
v -13.11990658461582 1.1041577206924558 0.0
v 2.7494716499350034 -9.942173653282225 0.0
v -1.8245724150328897 -7.752895312383771 0.0
v -7.489895836333744 -2.159452839754522 0.0
v -12.15229750808794 -3.9382749125361443 0.0
v 9.86258701607585 -7.053594878874719 0.0
v -3.246226871968247 -13.622375295497477 0.0
v 1.4143434563302435 2.5034438744187355 0.0
v 1.5407244797679596 5.754131351597607 0.0
v -14.06238974473672 10.920493472367525 0.0
v -0.9551742417388596 -1.3922566194087267 0.0
v 9.027844260679558 -6.028517143800855 0.0
v -5.021926972491201 -14.309045040979981 0.0
v 3.4243343771086074 -12.970172852277756 0.0
v 6.429810748260934 4.160221048630774 0.0
v -9.792264396033715 12.211309474892914 0.0
v 12.103841628180817 -3.8348141741007566 0.0
v 6.6560271789785475 -14.158927046693861 0.0
v 5.371203501650598 10.092748765833676 0.0
v 3.977734094543848 8.218172645196319 0.0
v 11.713283664314076 -1.7624668441712856 0.0
v 8.763535992766265 0.11041314247995615 0.0
v 6.902739129902329 13.9478688724339 0.0
v -8.182049336261116 -14.951156270690262 0.0
v 7.062910970766097 11.119096507318318 0.0
v 8.707171575981192 12.345268246717751 0.0
v 2.2847384806955233 -3.75839417334646 0.0
v 2.3651872415211983 -8.212475673295557 0.0
v -14.636531772499438 -12.53021498490125 0.0
v -8.704728650394827 4.808192655444145 0.0
v 10.549720639421139 -4.398330749943852 0.0
v -13.068795806786511 -10.623958803713322 0.0
v 7.565618842781987 -11.217080597765744 0.0
v 3.2122046685544774 -4.316982546821237 0.0
v 7.2405314756324515 4.366602808237076 0.0
v -4.113895278132986 -2.22040524892509 0.0
v 2.116305500094313 -2.896421435289085 0.0
v 2.8136139737907797 -5.067401979118586 0.0
v 14.426984400721267 4.967101362533867 0.0
v 2.1110548268188722 -13.805608552880585 0.0
v -4.438321958121378 -1.4258683836087584 0.0
v -2.6540925031877123 12.6829355629161 0.0
v 4.068556937214453 -11.906279593706131 0.0
v -6.213489625835791 11.261397707276046 0.0
v 11.706376844027545 6.845397517085075 0.0
v -11.25165604049107 -11.372166046872735 0.0
v -9.508659874321893 5.824327074922621 0.0
v 1.6684349437709898 3.1567605566233397 0.0
v -4.126532326277811 -0.5812731506302953 0.0
v 12.803009935480077 10.28921999130398 0.0
v -6.496278539299965 -9.972731140442193 0.0
v 5.215919778042007 10.040549276396632 0.0
v -10.733883486303966 6.236163300462067 0.0
v -0.5608102509868331 -11.870352832600474 0.0
v 5.183319506351836 13.169433382339776 0.0
v -9.087697211478371 -13.790416356176138 0.0
v 14.792155548697338 -14.424766210839152 0.0
v 9.088819062046241 14.195315689779818 0.0
v 9.413299070904031 4.877809973433614 0.0
v 11.805512565711979 3.6797508783638477 0.0
v -1.4970494823064655 2.874584348872304 0.0
v 3.1986309599597007 -9.937836456112564 0.0
v -12.75481338944519 -3.608796869404614 0.0
v 6.504409131302964 -11.234106108546257 0.0
v -10.729704733355902 2.033389904536307 0.0
v -5.702738688094541 8.278554469347 0.0
v 9.630644442862831 11.138216982595623 0.0
v -0.9532153475447558 8.166755396872759 0.0
v 7.434129642264452 9.97637253254652 0.0
v -12.9410416072933 5.703173982910812 0.0
v -2.5233571804128587 -14.097873026505113 0.0
v 8.720879800152034 1.1606508260592818 0.0
v 10.361241100355983 4.985167721286416 0.0
v 7.78745315229753 -8.815983763895929 0.0
v 11.28493319946574 -5.5263908533379436 0.0
v 8.3730765110231 6.646562789566815 0.0
v -6.635204383987002 10.534984259866178 0.0
v 7.193971876928117 4.219930891878903 0.0
v 5.530175154155586 9.72541138343513 0.0
v -1.3940230186562985 -13.914464396424592 0.0
v -2.7188648884766735 8.179906310513616 0.0
v -2.8291341282310896 -7.749982852488756 0.0
v -6.879709136032034 -13.210851836949587 0.0
v -6.65461579465773 0.6066077211871743 0.0
v 4.562737746862695 -12.608318320475519 0.0
f 1196 912 808
f 1486 812 1464
f 515 812 1486
f 1525 515 1486
f 1551 1861 808
f 1888 658 1464
f 658 1888 137
f 542 1147 665
f 1030 495 1879
f 495 1030 221
f 1196 495 912
f 495 221 912
f 274 1888 1464
f 777 1320 515
f 1662 1295 1552
f 857 309 1552
f 1295 857 1552
f 1217 1260 622
f 1525 1260 515
f 1260 1217 515
f 1797 777 515
f 1551 456 1861
f 1212 1972 1489
f 1003 1212 1489
f 1972 1212 1032
f 1212 1003 1032
f 1850 1489 808
f 1861 1850 808
f 1850 1003 1489
f 1850 1653 1003
f 1653 1850 317
f 766 1850 1861
f 1003 1408 1032
f 1147 120 665
f 120 1147 1503
f 1659 1370 1196
f 1370 495 1196
f 1965 1623 213
f 1623 489 213
f 489 1114 213
f 1846 259 1891
f 1822 1846 1891
f 1846 1616 928
f 1822 1616 1846
f 1333 177 1393
f 905 1333 1393
f 905 72 1891
f 72 1822 1891
f 1822 72 341
f 72 905 1393
f 483 72 1393
f 72 483 7
f 1594 483 1754
f 1909 483 1393
f 483 1909 1754
f 1386 1552 1393
f 154 1386 1393
f 1386 154 889
f 150 1864 199
f 1748 1344 113
f 857 684 309
f 684 838 309
f 1429 857 1295
f 288 1429 1295
f 1662 87 1295
f 87 288 1295
f 1249 726 678
f 1797 479 777
f 429 1249 1351
f 1249 429 726
f 429 1797 515
f 1170 914 1221
f 1526 1155 263
f 1526 1217 622
f 1155 1526 622
f 757 1868 11
f 1680 147 351
f 456 345 1766
f 345 456 1551
f 456 32 1861
f 577 1551 808
f 1787 134 921
f 1102 1712 402
f 1850 1848 317
f 766 1848 1850
f 1712 1062 402
f 1651 410 1939
f 1640 542 1464
f 658 1640 1464
f 132 1147 542
f 132 847 1147
f 120 627 665
f 627 884 1153
f 884 627 120
f 1114 561 213
f 561 1965 213
f 1363 627 1153
f 1363 1196 665
f 627 1363 665
f 884 1218 1153
f 1218 884 120
f 1030 1341 221
f 1757 1753 630
f 1954 1331 1030
f 1954 1030 1879
f 580 1954 1879
f 1341 461 221
f 69 1680 351
f 1251 1149 600
f 894 1251 600
f 255 894 600
f 255 843 232
f 1370 1685 495
f 580 1685 655
f 1685 1370 1659
f 495 1685 1879
f 1685 580 1879
f 1965 772 1623
f 323 1659 1196
f 1774 1685 1659
f 1685 1774 655
f 341 1741 928
f 1741 695 928
f 72 1741 341
f 1741 72 7
f 982 695 339
f 88 1822 341
f 88 1616 1822
f 88 341 928
f 1616 88 928
f 770 1473 1602
f 1133 817 1589
f 316 941 738
f 941 316 885
f 1046 941 885
f 441 1046 885
f 1046 441 241
f 441 1368 241
f 259 1978 549
f 1034 1855 483
f 1034 1594 458
f 1594 1034 483
f 781 1034 458
f 1034 781 1855
f 695 729 339
f 729 1855 339
f 1741 729 695
f 729 1741 7
f 483 729 7
f 1855 729 483
f 397 1386 1727
f 1386 397 1552
f 1437 704 1916
f 1148 1390 738
f 154 1390 889
f 1390 316 738
f 316 1390 154
f 434 1148 738
f 941 434 738
f 434 941 1046
f 434 1046 241
f 1148 434 1916
f 6 1148 1916
f 6 1390 1148
f 972 1571 1254
f 1086 434 241
f 434 1086 1916
f 1086 1437 1916
f 1368 1436 241
f 1436 1086 241
f 1895 484 706
f 209 789 459
f 2 1074 365
f 480 365 459
f 245 541 1864
f 78 812 515
f 1375 751 1648
f 751 1375 1136
f 9 824 1136
f 916 632 137
f 1888 916 137
f 274 916 1888
f 632 1443 137
f 1767 1479 1045
f 1513 1302 826
f 838 1800 309
f 838 1925 35
f 684 1925 838
f 1925 684 857
f 1925 1429 35
f 1429 1925 857
f 1429 978 35
f 978 353 35
f 353 1243 35
f 978 571 353
f 571 1243 353
f 373 1525 1486
f 1792 1800 838
f 879 182 288
f 828 182 879
f 1785 828 1552
f 828 1662 1552
f 828 87 1662
f 1146 1249 678
f 51 1146 678
f 1146 51 1477
f 645 1451 211
f 51 1235 1477
f 479 593 777
f 777 593 1320
f 338 593 479
f 648 593 1957
f 593 338 1957
f 989 799 1351
f 799 338 479
f 1326 429 1351
f 429 1326 1797
f 799 1326 1351
f 1326 479 1797
f 1326 799 479
f 726 1504 1217
f 429 1504 726
f 1217 1504 515
f 1504 429 515
f 503 1170 1534
f 503 914 1170
f 914 1134 1221
f 1851 1260 1525
f 1138 326 86
f 326 1138 1753
f 31 1138 86
f 939 31 86
f 292 904 1116
f 751 525 1047
f 525 751 1136
f 501 1116 745
f 554 501 745
f 501 554 1322
f 148 1204 702
f 1745 712 1485
f 1207 1745 1485
f 1149 793 850
f 380 1329 668
f 926 1701 1783
f 784 758 1937
f 784 1369 586
f 1369 784 1937
f 1023 1701 668
f 1701 1023 1783
f 1023 79 1783
f 79 1488 1783
f 923 32 456
f 104 134 1551
f 104 577 820
f 134 104 820
f 333 134 1787
f 345 333 1766
f 1102 833 1712
f 285 1488 79
f 232 238 808
f 238 577 808
f 577 238 820
f 843 1090 921
f 1051 1653 317
f 1051 1083 1554
f 1848 1051 317
f 1051 1848 766
f 1463 1408 1003
f 1653 1463 1003
f 1902 1463 1653
f 1466 721 1355
f 817 1171 1589
f 1323 1171 653
f 379 682 128
f 643 496 1602
f 496 770 1602
f 99 1417 1654
f 882 1731 463
f 1062 809 402
f 1396 1694 39
f 562 1396 39
f 1048 562 39
f 1048 1071 517
f 1909 1215 1944
f 1215 1909 346
f 203 1215 346
f 1546 426 1408
f 1408 426 1032
f 692 426 383
f 1702 426 692
f 393 955 383
f 393 1546 662
f 426 393 383
f 393 426 1546
f 955 680 1216
f 410 374 968
f 1651 374 410
f 955 1298 383
f 1298 692 383
f 451 1651 1939
f 1010 1640 847
f 132 1010 847
f 1640 1010 542
f 1010 132 542
f 1759 658 137
f 1759 761 658
f 761 367 658
f 367 1640 658
f 1640 367 847
f 367 761 1520
f 847 367 1147
f 1360 561 1114
f 1360 323 1196
f 323 1360 1114
f 1363 1360 1196
f 561 1796 1965
f 1360 863 561
f 863 1360 1363
f 1845 1218 475
f 1845 1363 1153
f 1218 1845 1153
f 545 120 1503
f 545 1218 120
f 1147 545 1503
f 1331 1645 1030
f 1645 1341 1030
f 1543 1757 630
f 1954 953 1331
f 953 326 1331
f 1757 1843 1753
f 1843 326 1753
f 326 1843 1331
f 1852 461 1680
f 69 1852 1680
f 461 1852 221
f 1852 837 221
f 221 1833 912
f 837 1833 221
f 1833 591 912
f 69 591 837
f 591 1833 837
f 1874 1237 232
f 912 1874 808
f 1874 232 808
f 1586 255 232
f 255 1586 894
f 1237 1586 232
f 164 1748 113
f 772 164 113
f 164 772 1965
f 95 1512 1853
f 723 95 1853
f 31 723 1853
f 489 1220 1114
f 1220 323 1114
f 1774 1189 489
f 1189 1220 489
f 1220 1189 323
f 323 1189 1659
f 1189 1774 1659
f 572 982 339
f 1677 259 549
f 259 1677 1891
f 478 1677 549
f 1473 1556 128
f 1556 1473 770
f 1556 379 128
f 667 90 388
f 1801 667 388
f 667 1801 1133
f 1200 748 1602
f 1133 1247 1355
f 1247 1133 806
f 1247 1466 1355
f 532 441 885
f 1801 532 653
f 532 1801 441
f 177 1632 1393
f 1632 154 1393
f 1632 316 154
f 419 1978 1835
f 419 478 549
f 1978 419 549
f 872 1978 1920
f 1978 872 1835
f 1562 872 1920
f 1517 1978 259
f 1517 259 1846
f 1978 1517 1920
f 1517 1846 928
f 1855 423 339
f 781 423 1855
f 1093 781 458
f 1093 423 781
f 704 1187 1727
f 1187 397 1727
f 397 89 1552
f 441 1587 1368
f 1587 90 1368
f 90 1587 388
f 1587 1801 388
f 1801 1587 441
f 1786 1746 551
f 530 1086 1188
f 1086 530 1437
f 704 1713 1916
f 1713 6 1916
f 1571 651 1254
f 1086 651 1188
f 1436 651 1086
f 651 530 1188
f 530 651 1571
f 526 1356 1813
f 100 1985 1785
f 1985 526 1813
f 1985 828 1785
f 182 1985 1813
f 828 1985 182
f 1815 903 1665
f 1815 1670 439
f 1670 1815 1665
f 1356 1670 1665
f 1670 1356 526
f 776 100 507
f 100 776 471
f 484 1600 706
f 1976 1600 245
f 1600 541 245
f 541 1600 1910
f 1060 2 965
f 1060 484 2
f 1060 1600 484
f 1910 1060 965
f 1600 1060 1910
f 1770 1895 1775
f 1770 484 1895
f 484 1770 2
f 1815 179 903
f 851 1603 209
f 209 1603 789
f 1603 1999 789
f 1347 587 199
f 1398 995 1867
f 995 866 1867
f 866 1282 1867
f 1282 866 5
f 541 975 1864
f 975 541 1347
f 1864 975 199
f 975 1347 199
f 1600 846 706
f 846 1600 1976
f 991 1976 245
f 150 991 1864
f 991 245 1864
f 1207 991 150
f 288 1252 1579
f 1549 1229 82
f 1344 1982 113
f 537 1982 973
f 9 1301 824
f 497 1857 812
f 1597 1857 497
f 812 1857 1464
f 1857 1597 1464
f 552 735 1448
f 1812 1605 1648
f 9 60 1236
f 78 60 812
f 60 78 1236
f 1450 1588 1443
f 1450 74 788
f 74 1443 632
f 74 1450 1443
f 1479 1576 1045
f 1576 307 188
f 1742 1576 188
f 1889 286 1479
f 286 1576 1479
f 1576 286 307
f 286 1889 83
f 865 286 83
f 286 865 307
f 1137 1181 1777
f 1181 1137 1767
f 1465 1889 1479
f 1767 1465 1479
f 1137 1465 1767
f 394 992 202
f 1576 992 1045
f 992 1576 202
f 394 1392 648
f 593 1392 1320
f 1392 593 648
f 129 394 202
f 129 1392 394
f 962 571 1579
f 571 962 1649
f 1252 962 1579
f 1782 571 978
f 1782 1429 288
f 1782 978 1429
f 34 571 1649
f 420 1526 263
f 462 420 263
f 420 462 1221
f 1134 420 1221
f 420 1134 1526
f 373 243 1525
f 1792 709 1800
f 1302 709 826
f 182 1683 288
f 1683 1252 288
f 1252 1683 445
f 1683 182 1813
f 1214 828 879
f 828 1214 87
f 1214 879 288
f 87 1214 288
f 1146 329 1249
f 1249 329 1351
f 329 989 1351
f 1756 645 211
f 329 1756 989
f 1756 329 1146
f 1756 1146 1477
f 1235 1756 1477
f 1756 1235 645
f 626 1248 1957
f 1248 626 1384
f 595 1451 645
f 1235 595 645
f 198 799 989
f 198 1756 211
f 1756 198 989
f 503 158 914
f 726 994 678
f 994 726 1217
f 1108 1851 1525
f 1851 1108 1141
f 243 1108 1525
f 1108 243 1141
f 1851 77 1260
f 1260 77 622
f 1170 1276 1534
f 1276 157 151
f 157 1276 1170
f 257 462 263
f 257 1170 1221
f 462 257 1221
f 1699 575 1199
f 21 575 1699
f 575 21 1138
f 295 1699 1199
f 295 311 1884
f 21 1988 1886
f 1988 21 1699
f 1698 904 292
f 105 422 1116
f 904 105 1116
f 1334 918 482
f 918 354 482
f 408 911 1692
f 408 751 1047
f 408 1692 1648
f 751 408 1648
f 841 552 1448
f 554 1095 1322
f 1626 204 755
f 416 716 1174
f 716 1624 305
f 716 416 1624
f 306 1668 1290
f 604 350 306
f 350 1668 306
f 1299 1421 1894
f 1350 394 648
f 145 1350 648
f 1350 992 394
f 874 1248 1384
f 874 145 648
f 874 648 1957
f 1248 874 1957
f 1156 1037 1483
f 1156 268 1829
f 1037 1763 1483
f 268 167 1829
f 167 268 5
f 866 167 5
f 712 167 1485
f 890 1361 1974
f 327 1321 1703
f 805 1868 305
f 1868 805 11
f 1251 1273 1149
f 1273 793 1149
f 1701 1539 668
f 1539 380 668
f 791 1539 1701
f 1539 791 380
f 380 791 1361
f 791 1399 1361
f 1753 1975 630
f 1975 926 630
f 1138 1975 1753
f 21 1975 1138
f 926 1169 1701
f 1169 791 1701
f 791 1169 1399
f 1975 1169 926
f 1169 1975 21
f 737 926 1783
f 1308 784 576
f 784 1308 758
f 1532 155 1259
f 155 1532 850
f 416 220 1624
f 220 1369 1624
f 1369 220 586
f 527 1369 1937
f 1369 527 1624
f 527 1321 1624
f 1321 527 1703
f 1686 1023 668
f 1329 1686 668
f 1686 1329 1514
f 527 1987 1703
f 1488 974 1783
f 974 737 1783
f 987 974 147
f 737 974 987
f 1789 456 1766
f 1789 923 456
f 577 821 1551
f 821 104 1551
f 104 821 577
f 134 400 1551
f 333 400 134
f 819 262 920
f 262 1193 920
f 1193 262 1414
f 1789 1508 920
f 603 333 1787
f 73 1083 1241
f 1083 117 1554
f 73 117 1083
f 117 833 1234
f 117 73 833
f 136 1193 1414
f 32 1765 1861
f 1083 1026 1241
f 1026 1193 1241
f 1193 1026 920
f 1026 1669 920
f 285 1461 1488
f 1461 155 850
f 155 1461 1259
f 1461 285 1259
f 1149 1936 600
f 1936 302 600
f 1312 1308 576
f 768 166 1444
f 165 1072 1643
f 1072 165 207
f 868 381 762
f 1445 843 921
f 134 1445 921
f 1445 134 820
f 843 832 232
f 832 238 232
f 1445 832 843
f 238 832 820
f 832 1445 820
f 255 1018 843
f 1018 1090 843
f 1051 546 1653
f 546 1051 1554
f 1613 1051 766
f 1613 766 1861
f 553 643 1602
f 748 553 1602
f 717 1801 653
f 1171 717 653
f 717 1171 817
f 1133 717 817
f 1801 717 1133
f 1391 1353 539
f 436 1710 1288
f 1999 28 789
f 1184 103 1296
f 1256 103 836
f 1791 1473 128
f 1791 103 1256
f 682 1791 128
f 103 1791 682
f 44 496 643
f 852 44 643
f 44 852 463
f 639 859 1922
f 639 410 968
f 859 639 968
f 1417 493 1042
f 493 1417 99
f 882 1152 1731
f 493 1152 1042
f 1731 1152 1739
f 852 764 463
f 764 882 463
f 882 764 174
f 264 1269 842
f 1269 24 842
f 1694 1655 39
f 1655 218 39
f 105 1655 422
f 1068 1694 1396
f 220 1068 586
f 1068 220 416
f 422 15 1116
f 1655 15 422
f 15 1655 1694
f 1150 1693 1396
f 1150 562 1635
f 562 1150 1396
f 1150 1805 1693
f 1805 1150 1173
f 1150 27 1173
f 27 1150 1635
f 1693 701 1396
f 1068 701 586
f 701 1068 1396
f 701 784 586
f 218 201 691
f 201 1071 691
f 1071 201 517
f 1071 1303 691
f 218 1303 39
f 1303 218 691
f 1303 1048 39
f 1303 1071 1048
f 59 467 1005
f 467 59 1458
f 1400 529 331
f 867 614 1825
f 614 867 1339
f 867 239 1339
f 85 239 240
f 239 85 1339
f 511 614 1339
f 1343 659 1527
f 1594 219 458
f 1163 1546 1408
f 1163 500 1546
f 500 1163 1902
f 1463 1163 1408
f 1163 1463 1902
f 65 1948 946
f 538 65 946
f 24 736 842
f 736 1794 842
f 1820 467 924
f 467 1820 1005
f 1794 1820 924
f 1948 699 946
f 1194 699 1696
f 176 1845 475
f 1845 176 1363
f 863 176 475
f 176 863 1363
f 545 855 1218
f 1543 275 1757
f 275 1543 461
f 275 1645 1331
f 275 461 1341
f 1645 275 1341
f 1843 275 1331
f 275 1843 1757
f 1849 1543 630
f 1543 1849 987
f 926 1849 630
f 737 1849 926
f 897 1543 987
f 1543 897 461
f 326 1439 86
f 953 1439 326
f 76 69 837
f 1852 76 837
f 76 1852 69
f 1427 1251 894
f 1251 676 351
f 676 591 69
f 1427 676 1251
f 676 1427 591
f 1088 1427 894
f 1427 1088 591
f 1586 1088 894
f 591 1088 912
f 1088 1874 912
f 1874 1088 1237
f 1088 1586 1237
f 1059 831 1748
f 164 1059 1748
f 1661 1718 579
f 1638 543 1623
f 772 1340 1623
f 1340 1638 1623
f 364 1774 489
f 298 191 961
f 1779 298 961
f 68 29 1582
f 572 29 982
f 29 68 982
f 982 80 695
f 68 80 982
f 695 80 928
f 80 1517 928
f 1517 80 68
f 390 882 174
f 1152 390 1042
f 390 1152 882
f 342 312 1755
f 312 905 1891
f 1677 312 1891
f 312 1677 1755
f 194 342 1755
f 1333 194 177
f 342 194 1333
f 194 945 177
f 945 194 478
f 194 1677 478
f 1556 1238 379
f 667 1631 836
f 1631 667 1133
f 1631 1256 836
f 1200 1631 1133
f 1791 1631 1473
f 1631 1791 1256
f 1473 1631 1602
f 1631 1200 1602
f 748 223 1355
f 1200 223 748
f 223 1133 1355
f 223 1200 1133
f 532 1100 653
f 1100 1323 653
f 1323 1100 366
f 1100 210 366
f 1100 532 885
f 210 1100 885
f 568 1632 177
f 958 419 1835
f 862 958 1835
f 958 862 1323
f 419 958 478
f 958 945 478
f 1517 1667 1920
f 1667 1517 68
f 180 1437 1580
f 1437 180 704
f 280 776 507
f 776 280 771
f 1187 1101 397
f 1101 89 397
f 280 1101 1187
f 89 1101 507
f 1101 280 507
f 1228 100 1785
f 1228 1785 1552
f 89 1228 1552
f 1228 89 507
f 344 686 90
f 651 686 1254
f 686 1002 1254
f 1002 686 344
f 1660 344 90
f 344 1660 4
f 1094 1184 1296
f 1710 212 539
f 212 1710 436
f 1244 972 1254
f 1002 1244 1254
f 1244 1002 972
f 1385 1002 344
f 1002 1385 1550
f 1385 519 1550
f 1437 1435 1580
f 530 1435 1437
f 1435 906 1580
f 1435 1571 906
f 1435 530 1571
f 6 829 1390
f 1713 829 6
f 829 704 1727
f 829 1713 704
f 1980 1571 972
f 1366 1002 1550
f 1002 1366 972
f 1366 1550 608
f 1786 233 608
f 233 1366 608
f 1366 233 1131
f 287 100 471
f 287 1985 100
f 1985 287 526
f 287 1670 526
f 1383 1815 439
f 1144 1383 439
f 1670 1020 439
f 1020 287 471
f 287 1020 1670
f 401 776 771
f 401 1144 439
f 776 401 471
f 1728 1074 2
f 1770 1728 2
f 1728 1770 1775
f 1074 1728 693
f 1052 1491 368
f 1491 1063 368
f 1746 713 1705
f 713 1746 1786
f 713 179 1815
f 713 1383 1705
f 1383 713 1815
f 179 696 903
f 1006 436 1288
f 1603 1006 1288
f 1006 1603 851
f 1074 1118 365
f 1118 1074 693
f 1601 315 1894
f 1421 1601 1894
f 587 1601 199
f 1601 150 199
f 1601 1421 150
f 315 1345 1894
f 1345 1803 1894
f 1698 1345 1180
f 1345 1698 1803
f 531 1695 340
f 1695 315 340
f 1695 1345 315
f 880 64 1157
f 1469 1907 1015
f 1474 1469 1015
f 406 480 459
f 406 1446 480
f 789 406 459
f 767 1353 1599
f 767 406 789
f 406 767 1446
f 28 767 789
f 767 28 1353
f 122 742 853
f 742 217 853
f 1380 742 1926
f 541 193 522
f 193 541 1910
f 193 1910 965
f 480 774 365
f 774 193 965
f 193 774 1657
f 2 774 965
f 774 2 365
f 315 1752 340
f 1601 1752 315
f 1752 1601 587
f 1708 587 1347
f 1242 1708 1165
f 1708 1752 587
f 1895 708 1775
f 268 1309 5
f 1282 1309 502
f 1309 1282 5
f 130 846 1976
f 991 130 1976
f 130 991 1207
f 130 1207 1485
f 740 412 151
f 740 673 412
f 694 962 1252
f 1793 1229 465
f 1229 1793 82
f 1293 932 672
f 1425 215 465
f 727 1344 788
f 727 1982 1344
f 1973 830 274
f 1973 274 1464
f 1402 1973 1464
f 588 916 274
f 830 588 274
f 916 588 632
f 588 74 632
f 1982 1915 973
f 727 1915 1982
f 1012 9 1236
f 1012 1301 9
f 129 106 1394
f 106 129 202
f 1301 951 824
f 1970 1375 1648
f 1605 1970 1648
f 1597 1682 1464
f 153 1682 1597
f 1588 361 1520
f 361 831 1520
f 831 361 1748
f 1588 731 1443
f 1443 731 137
f 731 1759 137
f 731 1588 1520
f 761 731 1520
f 1759 731 761
f 505 1588 1450
f 505 1344 1748
f 361 505 1748
f 505 361 1588
f 354 1804 482
f 1804 1334 482
f 1804 525 1136
f 1804 354 525
f 1334 1804 83
f 1804 865 83
f 307 1509 188
f 865 1509 307
f 824 1509 1136
f 1576 927 202
f 927 1576 1742
f 927 106 202
f 106 927 1742
f 1181 123 1384
f 123 1350 145
f 123 874 1384
f 874 123 145
f 992 123 1045
f 1350 123 992
f 873 1767 1045
f 873 1181 1767
f 123 873 1045
f 873 123 1181
f 336 623 1077
f 571 336 1243
f 34 336 571
f 1243 910 35
f 910 838 35
f 910 1792 838
f 571 509 1579
f 1782 509 571
f 509 288 1579
f 509 1782 288
f 718 1574 582
f 1574 718 1166
f 1574 34 1649
f 1178 1574 1649
f 933 243 373
f 121 1318 826
f 709 121 826
f 121 709 1792
f 746 373 1486
f 1318 746 826
f 746 933 373
f 933 746 1318
f 1513 746 1486
f 746 1513 826
f 1349 243 1899
f 1328 709 1302
f 709 1328 1800
f 1800 1328 309
f 1513 1328 1302
f 1356 782 1813
f 782 1683 1813
f 782 1356 1665
f 1683 782 445
f 1590 1235 51
f 1590 595 1235
f 1590 51 1475
f 799 141 338
f 198 141 799
f 141 198 211
f 338 141 1957
f 141 626 1957
f 1451 141 211
f 626 141 1451
f 1035 503 1534
f 1035 158 503
f 1992 1035 1534
f 158 1959 1475
f 1959 1035 1992
f 1035 1959 158
f 440 1134 914
f 158 440 914
f 1134 440 678
f 440 158 1475
f 440 51 678
f 51 440 1475
f 1526 875 1217
f 875 994 1217
f 954 718 582
f 718 954 42
f 954 269 42
f 157 954 151
f 954 740 151
f 1155 1103 263
f 1103 257 263
f 30 1851 1141
f 30 77 1851
f 1931 1596 269
f 257 1931 1170
f 119 1138 31
f 119 575 1138
f 1634 21 1886
f 1399 1634 1361
f 1169 1634 1399
f 1634 1169 21
f 1988 1634 1886
f 1634 1988 1361
f 1884 1246 1974
f 311 1246 1884
f 295 1882 1699
f 1882 1988 1699
f 1882 295 1884
f 1882 1884 1974
f 1361 1882 1974
f 1988 1882 1361
f 1698 1041 1803
f 705 105 904
f 940 918 472
f 940 354 918
f 1453 1549 82
f 841 1453 537
f 1793 1453 82
f 1984 841 1448
f 841 1984 1738
f 1564 1001 1175
f 1095 1563 1322
f 1868 1158 305
f 997 841 1738
f 1453 997 1549
f 997 1453 841
f 997 637 1549
f 637 997 1876
f 1021 1406 1089
f 1258 311 295
f 311 1258 1089
f 1258 1991 1089
f 1258 295 1199
f 932 1258 1199
f 1293 1258 932
f 716 730 1174
f 1174 730 745
f 730 554 745
f 1563 33 1322
f 33 1563 1598
f 640 604 306
f 640 306 1290
f 1092 712 1745
f 1119 1305 1598
f 1305 33 1598
f 1442 292 1116
f 501 1442 1116
f 320 1156 1483
f 1156 320 268
f 1924 1092 350
f 1924 1156 1829
f 1092 1924 1829
f 1204 1154 702
f 310 1763 1037
f 310 1154 1763
f 118 1137 1777
f 167 1743 1829
f 1743 167 712
f 1743 1092 1829
f 1092 1743 712
f 1751 866 995
f 1751 167 866
f 167 1751 1485
f 380 1381 1329
f 1381 380 1361
f 1078 1321 327
f 1078 805 305
f 1624 1078 305
f 1321 1078 1624
f 1274 1251 351
f 1274 1273 1251
f 93 1308 146
f 624 1532 1259
f 1532 624 758
f 566 950 1511
f 950 758 1511
f 1686 1219 1023
f 1219 1514 757
f 1219 1686 1514
f 1987 1219 1703
f 1219 757 11
f 1703 1219 11
f 227 974 1488
f 793 227 850
f 227 1461 850
f 1461 227 1488
f 1113 1789 920
f 1789 1113 923
f 253 333 345
f 253 400 333
f 253 345 1551
f 400 253 1551
f 1921 1927 109
f 1788 267 1378
f 267 1788 827
f 1365 819 920
f 1508 1365 920
f 1365 1508 70
f 690 1789 1766
f 690 1508 1789
f 333 690 1766
f 603 690 333
f 1508 1558 70
f 1558 25 70
f 25 1558 603
f 690 1558 1508
f 1558 690 603
f 1090 750 921
f 750 1787 921
f 1018 750 1090
f 1072 91 1643
f 91 1072 1519
f 833 902 1712
f 73 902 833
f 902 1062 1712
f 902 136 1062
f 136 902 1193
f 1193 902 1241
f 902 73 1241
f 654 809 1062
f 136 654 1062
f 271 1765 32
f 1765 271 1669
f 486 1936 1149
f 1507 93 146
f 1312 563 1308
f 1072 563 1519
f 563 1312 1519
f 1312 917 1519
f 948 768 529
f 1400 948 529
f 948 1921 109
f 816 948 109
f 816 166 768
f 948 816 768
f 1031 58 108
f 58 1031 868
f 58 868 1211
f 1270 58 1211
f 1498 1031 108
f 1498 165 1643
f 1031 1498 1643
f 583 381 868
f 1031 583 868
f 583 1031 1643
f 91 583 1643
f 583 91 381
f 1719 1018 255
f 1719 255 600
f 302 1719 600
f 1357 1719 302
f 1423 1932 822
f 1932 1423 25
f 750 1932 25
f 1932 750 1018
f 291 500 1902
f 291 1902 1653
f 546 291 1653
f 500 291 1546
f 1185 546 1554
f 1185 117 1234
f 117 1185 1554
f 1185 291 546
f 1026 237 1669
f 237 1765 1669
f 237 1026 1083
f 1765 237 1861
f 237 1613 1861
f 1051 237 1083
f 1613 237 1051
f 964 553 748
f 840 964 1285
f 964 721 1285
f 721 964 1355
f 964 748 1355
f 1222 68 1582
f 1007 1222 1582
f 1536 1007 711
f 1837 1622 711
f 1622 1536 711
f 1027 1837 1535
f 1058 862 1835
f 872 1058 1835
f 1058 872 1562
f 114 1058 1562
f 862 1367 1323
f 1171 1367 1589
f 1367 1171 1323
f 1367 1133 1589
f 379 1140 682
f 1391 1140 1353
f 1710 301 1288
f 301 1710 1999
f 301 1603 1288
f 1603 301 1999
f 1353 1202 539
f 28 1202 1353
f 1202 1710 539
f 44 631 496
f 496 631 770
f 374 115 968
f 115 859 968
f 191 1160 961
f 800 1779 961
f 1506 840 1285
f 1933 1702 692
f 1655 611 218
f 611 1655 105
f 611 201 218
f 1494 1174 745
f 1494 416 1174
f 1494 1068 416
f 1068 1593 1694
f 1593 15 1694
f 1494 1593 1068
f 1593 1494 745
f 1116 1593 745
f 15 1593 1116
f 1099 880 1157
f 880 1099 1449
f 986 1048 517
f 986 485 1048
f 1449 986 517
f 71 27 1635
f 562 797 1635
f 797 71 1635
f 71 797 485
f 797 562 1048
f 485 797 1048
f 983 1449 517
f 983 880 1449
f 983 597 880
f 201 983 517
f 983 201 133
f 216 867 1825
f 239 1255 240
f 1209 187 1706
f 85 187 1209
f 187 183 1706
f 183 187 1162
f 85 1687 1339
f 1687 85 1209
f 659 256 1527
f 1811 659 1343
f 59 1811 1458
f 375 236 1538
f 236 375 1283
f 1595 1594 1754
f 1595 219 1594
f 1087 251 473
f 1192 251 411
f 251 893 411
f 893 251 1087
f 680 1125 1216
f 592 1125 680
f 1125 592 1732
f 1109 393 662
f 1109 592 680
f 393 1109 955
f 1109 680 955
f 592 1528 1732
f 1109 1528 592
f 1642 1528 1109
f 1490 538 1005
f 1490 65 538
f 65 1490 431
f 65 787 1948
f 787 65 431
f 787 24 1948
f 787 736 24
f 1306 451 1702
f 698 1306 1702
f 1306 698 451
f 831 1540 1520
f 1540 367 1520
f 1059 1540 831
f 1540 1059 855
f 1540 855 545
f 367 1540 1147
f 1540 545 1147
f 398 1796 561
f 1218 398 475
f 855 398 1218
f 398 1059 1796
f 1059 398 855
f 398 863 475
f 863 398 561
f 1865 737 987
f 1849 1865 987
f 1865 1849 737
f 1081 897 987
f 1081 147 1680
f 1081 987 147
f 461 1081 1680
f 897 1081 461
f 1676 1954 580
f 1676 953 1954
f 392 939 86
f 1439 392 86
f 939 392 655
f 392 580 655
f 1860 69 351
f 676 1860 351
f 1860 676 69
f 1796 512 1965
f 512 164 1965
f 543 1374 1623
f 1374 543 95
f 723 1374 95
f 1374 489 1623
f 1374 723 489
f 763 543 1638
f 1718 763 579
f 763 1340 579
f 1340 763 1638
f 1869 1340 772
f 1869 772 113
f 1340 1869 579
f 723 387 489
f 387 364 489
f 387 723 31
f 1774 909 655
f 364 909 1774
f 909 939 655
f 387 909 364
f 939 909 31
f 909 387 31
f 119 1816 575
f 1718 1457 1512
f 672 1457 1661
f 1457 1718 1661
f 1807 1672 1424
f 1672 516 1424
f 181 1807 1283
f 1807 881 1283
f 45 375 1538
f 50 1497 670
f 1672 1272 516
f 1821 722 516
f 516 722 1424
f 722 1093 1424
f 1093 722 423
f 423 722 339
f 1837 1336 1535
f 312 1704 905
f 1704 312 342
f 1704 1333 905
f 1704 342 1333
f 1677 208 1755
f 208 194 1755
f 194 208 1677
f 1919 1556 770
f 1919 1238 1556
f 1632 186 316
f 316 186 885
f 186 210 885
f 210 160 366
f 945 160 177
f 160 568 177
f 186 160 210
f 568 160 1632
f 160 186 1632
f 1667 1186 1920
f 1186 68 1675
f 1186 1667 68
f 635 180 771
f 280 635 771
f 635 280 1187
f 635 1187 704
f 180 635 704
f 100 618 507
f 618 1228 507
f 1228 618 100
f 686 1176 90
f 90 1176 1368
f 1176 1436 1368
f 1176 651 1436
f 1176 686 651
f 667 247 90
f 247 1660 90
f 247 667 836
f 103 247 836
f 247 103 1184
f 1660 247 1184
f 1140 40 682
f 40 1140 1391
f 103 40 1296
f 40 103 682
f 1315 40 1391
f 1315 1094 1296
f 40 1315 1296
f 1550 590 608
f 519 590 1550
f 1660 1905 4
f 1905 1660 1184
f 1094 1905 1184
f 860 344 4
f 860 1385 344
f 1905 860 4
f 1385 860 519
f 860 1905 519
f 1390 1210 889
f 829 1210 1390
f 1210 1386 889
f 1386 1210 1727
f 1210 829 1727
f 798 1980 1131
f 798 233 1786
f 233 798 1131
f 798 1786 551
f 55 798 551
f 798 55 906
f 1980 601 1131
f 601 1366 1131
f 601 1980 972
f 1366 601 972
f 1383 101 1705
f 101 1746 1705
f 101 1383 1144
f 330 180 1580
f 180 330 771
f 330 401 771
f 401 330 1144
f 401 377 471
f 377 401 439
f 377 1020 471
f 1020 377 439
f 1052 959 565
f 959 349 565
f 1008 1992 1534
f 1008 790 1992
f 1276 1008 1534
f 412 1008 151
f 1008 1276 151
f 17 1740 1992
f 605 296 790
f 296 605 861
f 1499 696 179
f 52 1063 1491
f 605 1091 861
f 1091 1584 861
f 564 1962 1226
f 1962 564 318
f 1471 584 565
f 1471 1006 584
f 1006 823 584
f 584 823 693
f 823 1118 693
f 739 1695 531
f 896 739 1304
f 739 896 1695
f 1695 1736 1403
f 896 1736 1695
f 957 64 880
f 97 183 1162
f 64 1949 1157
f 260 1949 64
f 1403 196 133
f 196 1749 133
f 952 196 1403
f 1474 231 942
f 231 1619 1314
f 839 1619 99
f 1619 839 1314
f 1469 697 1907
f 697 1474 942
f 697 1469 1474
f 614 1918 1825
f 1413 1115 300
f 1115 1135 300
f 1135 1115 1264
f 1700 50 670
f 1330 767 1599
f 767 1330 1446
f 1446 1515 480
f 131 1515 1446
f 1292 774 480
f 774 1292 1657
f 217 1881 853
f 742 360 1657
f 193 360 522
f 360 193 1657
f 742 98 1926
f 98 742 122
f 98 1578 1926
f 1547 487 1124
f 1907 1547 1015
f 1547 1124 1015
f 1013 12 1165
f 1013 1708 1347
f 1708 1013 1165
f 12 1013 522
f 1013 541 522
f 541 1013 1347
f 1578 744 1926
f 744 896 1304
f 12 1233 1165
f 1233 1242 1165
f 1233 12 1380
f 1708 715 1752
f 715 1708 1242
f 1752 715 340
f 715 531 340
f 715 739 531
f 739 715 1242
f 1398 1387 1895
f 1387 708 1895
f 1387 1398 1867
f 589 1728 1775
f 708 589 1775
f 1728 589 693
f 1773 1309 268
f 1309 1773 502
f 283 118 1522
f 1763 1038 1483
f 1038 1154 1204
f 1154 1038 1763
f 1689 130 1485
f 130 1689 710
f 1398 683 995
f 683 1751 995
f 1751 683 943
f 846 254 706
f 943 254 846
f 683 254 943
f 254 683 1398
f 254 1895 706
f 254 1398 1895
f 37 943 846
f 130 37 846
f 37 130 710
f 1689 37 710
f 37 1689 1485
f 1751 37 1485
f 37 1751 943
f 813 1178 673
f 740 813 673
f 962 1057 1649
f 694 1057 962
f 694 1836 581
f 564 1836 318
f 1332 1252 445
f 1332 694 1252
f 319 1425 922
f 1258 319 922
f 319 1258 1293
f 1044 672 1661
f 215 1044 1661
f 1044 1293 672
f 1044 215 1425
f 319 1044 1425
f 1044 319 1293
f 74 1733 788
f 588 1733 74
f 1692 10 1648
f 10 1812 1648
f 10 1897 1812
f 78 1401 1236
f 1401 1012 1236
f 1401 78 1394
f 1012 656 1301
f 656 951 1301
f 1401 656 1012
f 656 106 1742
f 106 656 1394
f 656 1401 1394
f 990 1742 188
f 1509 990 188
f 990 656 1742
f 656 990 951
f 951 990 824
f 990 1509 824
f 1564 1636 911
f 1636 1564 1569
f 735 1636 1448
f 1636 1984 1448
f 1984 1636 1569
f 1128 60 9
f 437 1402 1464
f 1682 437 1464
f 845 1938 1897
f 1938 1682 153
f 756 1970 1605
f 756 1605 1812
f 1826 756 1812
f 756 1826 497
f 505 1257 1344
f 1257 505 1450
f 1344 1257 788
f 1257 1450 788
f 1804 84 865
f 84 1509 865
f 84 1804 1136
f 1509 84 1136
f 129 466 1392
f 466 780 1392
f 466 129 1394
f 780 466 1394
f 1392 1271 1320
f 780 1271 1392
f 1271 780 1394
f 1320 1271 515
f 1271 78 515
f 78 1271 1394
f 269 152 42
f 1596 152 269
f 152 718 42
f 152 623 1166
f 718 152 1166
f 336 1230 1243
f 1230 336 514
f 1612 336 1077
f 623 1612 1077
f 1612 152 1596
f 152 1612 623
f 1615 336 34
f 336 1615 623
f 623 1615 1166
f 1615 1574 1166
f 1574 1615 34
f 243 304 1899
f 933 304 243
f 121 454 1318
f 328 1931 415
f 1931 328 1596
f 903 1968 1665
f 1968 1962 318
f 1962 1968 903
f 1644 1282 502
f 1644 1996 1282
f 1181 1373 1777
f 626 569 1384
f 947 569 626
f 569 1181 1384
f 569 1373 1181
f 869 372 1451
f 372 626 1451
f 372 947 626
f 875 870 994
f 870 1134 678
f 994 870 678
f 1134 870 1526
f 870 875 1526
f 36 954 157
f 36 157 1170
f 77 1817 622
f 30 1817 77
f 1246 1725 1974
f 1725 890 1974
f 1725 1716 890
f 1568 1406 1084
f 1716 1568 1084
f 1568 311 1089
f 1406 1568 1089
f 1568 1246 311
f 1568 1725 1246
f 1568 1716 1725
f 1950 1406 171
f 1406 1950 1084
f 970 1698 292
f 970 1041 1698
f 1442 970 292
f 1041 970 1814
f 970 1442 1814
f 1041 1122 1803
f 1880 705 904
f 1345 1880 1180
f 1880 1698 1180
f 1698 1880 904
f 354 389 525
f 940 389 354
f 389 940 472
f 525 1904 1047
f 1904 408 1047
f 389 1904 525
f 1904 389 977
f 1389 1028 303
f 1154 1839 702
f 1839 310 604
f 310 1839 1154
f 355 1564 1175
f 1564 355 1569
f 1287 355 1175
f 355 1287 1569
f 1158 1658 305
f 314 1868 757
f 314 1158 1868
f 637 1281 1549
f 1281 1229 1549
f 1229 1281 465
f 1459 1876 755
f 1459 637 1876
f 1287 427 1569
f 1984 427 1738
f 427 1984 1569
f 427 997 1738
f 997 427 1876
f 1876 1617 755
f 1617 14 755
f 1617 1566 14
f 1758 1626 755
f 14 1758 755
f 1827 1119 1598
f 1747 1827 171
f 204 1521 755
f 1521 1459 755
f 1021 161 1406
f 1406 161 171
f 161 1747 171
f 161 1521 204
f 1521 161 1021
f 1626 266 1232
f 266 1747 1232
f 1758 266 1626
f 266 1758 1420
f 266 1827 1747
f 266 1420 1119
f 1827 266 1119
f 1119 192 1014
f 1420 192 1119
f 192 1420 1112
f 980 501 1322
f 33 980 1322
f 980 1442 501
f 1442 980 1814
f 980 1673 1814
f 1305 980 33
f 980 1305 1592
f 1673 980 1592
f 1668 1614 1290
f 1440 1092 1745
f 350 1440 1668
f 1092 1440 350
f 96 1119 1014
f 96 1305 1119
f 814 96 1014
f 96 814 640
f 96 640 1592
f 1305 96 1592
f 1761 640 1290
f 640 1761 1592
f 1673 1963 1299
f 1614 1963 1290
f 1963 1614 235
f 1628 1963 235
f 1691 320 1483
f 320 1203 268
f 1203 1691 1359
f 1691 1203 320
f 1203 620 1983
f 1203 1359 1522
f 620 1203 1522
f 1203 1773 268
f 1773 1203 1983
f 1156 492 1037
f 1924 492 1156
f 492 310 1037
f 310 492 604
f 918 75 472
f 75 918 1334
f 508 1277 642
f 75 1277 508
f 1277 1465 1137
f 1277 1334 83
f 1277 75 1334
f 1889 1277 83
f 1465 1277 1889
f 1734 1024 1776
f 1734 1716 1084
f 1716 1734 1381
f 1381 1734 1329
f 1024 1734 1462
f 1950 1734 1084
f 1734 1950 1462
f 890 1472 1361
f 1472 1381 1361
f 1716 1472 890
f 1472 1716 1381
f 1377 1078 327
f 1078 1377 805
f 1377 327 1703
f 1377 1703 11
f 805 1377 11
f 1308 308 758
f 93 308 1308
f 758 308 1511
f 308 93 1511
f 124 527 1937
f 758 124 1937
f 624 124 758
f 660 1532 758
f 950 660 758
f 660 950 566
f 660 566 850
f 1532 660 850
f 534 285 79
f 534 1219 285
f 1023 534 79
f 1219 534 1023
f 285 1316 1259
f 1219 1316 285
f 1316 1219 1987
f 1316 624 1259
f 1316 124 624
f 1316 1987 527
f 124 1316 527
f 974 689 147
f 227 689 974
f 689 227 793
f 147 689 351
f 689 1274 351
f 1273 689 793
f 1274 689 1273
f 165 258 207
f 1927 258 165
f 1799 234 1378
f 234 1788 1378
f 258 234 207
f 1921 234 1927
f 234 258 1927
f 324 262 819
f 262 324 1414
f 324 136 1414
f 324 654 136
f 267 523 819
f 523 267 827
f 523 324 819
f 324 523 1033
f 1033 224 1921
f 224 234 1921
f 234 224 1788
f 185 267 819
f 1365 185 819
f 464 1365 70
f 464 1799 1378
f 1799 464 70
f 464 185 1365
f 267 464 1378
f 185 464 267
f 1056 603 1787
f 750 1056 1787
f 1056 25 603
f 1056 750 25
f 371 1423 822
f 1357 371 822
f 371 1357 1798
f 371 457 1423
f 1423 1266 25
f 1652 91 1519
f 1652 1519 1173
f 27 1652 1173
f 1652 27 1542
f 381 1652 1542
f 91 1652 381
f 1669 1096 920
f 271 1096 1669
f 1096 1113 920
f 1113 1096 923
f 923 1096 32
f 1096 271 32
f 19 302 1572
f 19 1357 302
f 1798 19 1572
f 1357 19 1798
f 470 563 1072
f 1441 470 468
f 647 1312 576
f 647 917 1312
f 784 647 576
f 701 647 784
f 647 701 1693
f 1805 1502 1693
f 1502 647 1693
f 647 1502 917
f 1502 1805 1173
f 1519 1502 1173
f 917 1502 1519
f 190 1033 1921
f 948 190 1921
f 190 948 1400
f 190 1400 331
f 538 1262 1005
f 1262 538 946
f 378 768 1444
f 378 1989 768
f 378 1262 1989
f 1262 378 1005
f 378 1510 1005
f 1510 378 1029
f 699 524 946
f 524 1262 946
f 1262 524 1989
f 524 699 1194
f 126 1270 1211
f 679 1270 166
f 679 58 1270
f 58 679 108
f 816 679 166
f 679 816 109
f 679 1498 108
f 1225 1927 165
f 1498 1225 165
f 679 1225 1498
f 1927 1225 109
f 1225 679 109
f 1719 1818 1018
f 1818 1932 1018
f 1932 1818 822
f 1818 1357 822
f 1818 1719 1357
f 291 1637 1546
f 662 1637 1234
f 1546 1637 662
f 1637 1185 1234
f 1185 1637 291
f 548 964 840
f 964 548 553
f 553 548 643
f 68 242 1675
f 1222 242 68
f 1247 391 1466
f 391 1536 1466
f 391 1247 806
f 114 391 806
f 1536 391 1007
f 391 1562 1920
f 391 114 1562
f 1536 547 1466
f 1622 547 1536
f 1466 547 721
f 1027 612 1837
f 612 1622 1837
f 743 1027 1535
f 298 743 1715
f 743 298 1779
f 1058 435 862
f 435 114 806
f 435 1058 114
f 1016 1140 379
f 1016 1238 1599
f 1238 1016 379
f 1353 1016 1599
f 1140 1016 1353
f 1202 1129 1710
f 1129 1202 28
f 1710 1129 1999
f 1129 28 1999
f 631 1802 1739
f 1802 631 44
f 1802 44 463
f 1802 1731 1739
f 1731 1802 463
f 930 115 374
f 1878 639 1922
f 1878 876 639
f 385 634 876
f 410 403 1939
f 1376 403 410
f 403 1859 1939
f 1859 403 1376
f 876 352 639
f 352 18 639
f 352 1120 18
f 1120 352 1075
f 634 352 876
f 639 1928 410
f 18 1928 639
f 834 1859 1376
f 834 555 1859
f 1961 375 229
f 375 1961 1283
f 1961 181 1283
f 313 1160 191
f 1160 313 602
f 313 191 449
f 1516 1160 602
f 800 1516 602
f 1160 1516 961
f 1516 800 961
f 1040 852 643
f 548 1040 643
f 703 698 1702
f 1933 703 1702
f 1269 956 24
f 1484 438 1216
f 438 1484 1298
f 438 955 1216
f 438 1298 955
f 92 1284 1651
f 92 451 1697
f 451 92 1651
f 1284 1553 1651
f 1064 1958 594
f 1794 1064 842
f 1958 48 594
f 1070 264 842
f 1070 779 264
f 1064 1070 842
f 1143 698 264
f 779 1143 264
f 705 1832 105
f 1832 611 105
f 1880 1832 705
f 1841 578 762
f 56 578 1841
f 578 868 762
f 578 56 868
f 868 677 1211
f 56 677 868
f 1476 1856 1841
f 1856 1476 1099
f 1099 1476 1449
f 173 71 485
f 707 381 1542
f 707 173 1054
f 173 707 71
f 381 707 762
f 707 1054 762
f 983 1730 597
f 1749 1730 133
f 1730 983 133
f 625 59 1005
f 1510 625 1005
f 625 1510 856
f 1811 625 856
f 625 1811 59
f 467 1903 924
f 1903 467 1458
f 835 1255 239
f 835 239 867
f 835 216 877
f 216 835 867
f 1943 85 240
f 356 1943 240
f 41 1343 1527
f 356 41 1527
f 41 1903 1343
f 62 1811 856
f 1811 62 659
f 236 1004 1538
f 1346 1595 1754
f 1346 1004 219
f 1468 1239 657
f 1215 1468 1944
f 1468 657 1944
f 1468 1646 1239
f 477 1723 598
f 1723 1192 598
f 1192 1723 251
f 251 1723 473
f 1723 477 346
f 1913 1192 411
f 24 1405 1948
f 833 94 1234
f 94 833 1102
f 197 1109 662
f 197 1642 1109
f 197 662 1234
f 94 197 1234
f 976 1289 1732
f 1528 976 1732
f 976 699 1948
f 699 976 1696
f 94 417 1642
f 417 1102 402
f 417 94 1102
f 1422 1820 431
f 1490 1422 431
f 1820 1422 1005
f 1422 1490 1005
f 1979 787 431
f 787 1979 736
f 1820 1979 431
f 815 392 1439
f 815 1439 953
f 1676 815 953
f 815 1676 580
f 392 815 580
f 498 1059 164
f 512 498 164
f 1059 498 1796
f 498 512 1796
f 763 200 543
f 200 1512 95
f 543 200 95
f 200 1718 1512
f 200 763 1718
f 1982 1480 113
f 1480 1982 537
f 1480 1793 559
f 1453 1480 537
f 1480 1453 1793
f 1213 1661 579
f 1869 1213 579
f 1213 215 1661
f 215 1213 465
f 1793 1213 559
f 1213 1793 465
f 932 1808 672
f 1808 1457 672
f 1960 1457 1816
f 1960 1816 119
f 1512 1960 1853
f 1457 1960 1512
f 1960 31 1853
f 1960 119 31
f 490 181 1395
f 181 490 1807
f 490 1672 1807
f 181 1573 1395
f 298 1573 191
f 807 881 1807
f 1093 807 1424
f 807 1807 1424
f 807 1093 458
f 881 807 458
f 219 752 458
f 752 881 458
f 1492 45 1538
f 985 1913 229
f 1913 985 1192
f 1721 1417 1042
f 1721 1053 1417
f 1721 453 1053
f 722 700 339
f 700 722 1821
f 700 572 339
f 998 1837 711
f 998 1336 1837
f 1104 29 572
f 792 1104 1821
f 700 1104 572
f 1104 700 1821
f 1901 1821 516
f 1272 1901 516
f 1336 533 1535
f 792 533 1336
f 533 792 1715
f 160 1 366
f 1 160 945
f 958 1 945
f 1 1323 366
f 1 958 1323
f 1315 16 1094
f 212 16 539
f 1094 16 1678
f 16 212 1678
f 590 159 608
f 349 159 565
f 212 159 1678
f 159 1471 565
f 1726 1905 1094
f 1905 1726 519
f 1726 1094 1678
f 159 1726 1678
f 1726 159 590
f 1980 984 1571
f 798 984 1980
f 1571 984 906
f 984 798 906
f 330 1294 1144
f 1294 330 55
f 1294 55 551
f 1762 330 1580
f 330 1762 55
f 906 1762 1580
f 55 1762 906
f 915 1052 368
f 915 959 1052
f 937 372 869
f 937 1430 1996
f 1430 937 1541
f 804 1590 1475
f 1740 804 1475
f 1590 804 595
f 595 804 1451
f 1959 1327 1475
f 1327 1740 1475
f 1327 1959 1992
f 1740 1327 1992
f 362 804 1740
f 1011 296 861
f 1008 144 790
f 144 605 790
f 144 1641 605
f 144 1008 412
f 1641 144 412
f 1584 1679 861
f 1679 1011 861
f 1584 1824 1838
f 1824 1091 1557
f 1091 1824 1584
f 1499 432 696
f 432 1962 903
f 696 432 903
f 1022 564 1557
f 1022 1836 564
f 127 1006 851
f 127 823 1006
f 127 851 209
f 1118 127 365
f 823 127 1118
f 365 127 459
f 127 209 459
f 739 1872 1304
f 1872 739 1242
f 1872 744 1304
f 343 952 1403
f 1736 343 1403
f 343 1736 896
f 810 260 1953
f 810 1949 260
f 1949 810 1157
f 290 1209 1706
f 1918 61 1825
f 61 1135 1264
f 511 963 614
f 963 1918 614
f 963 511 825
f 1413 759 674
f 1115 663 1561
f 1413 663 1115
f 663 1413 674
f 753 520 1781
f 520 753 670
f 753 1700 670
f 1496 1881 131
f 282 487 1627
f 487 282 1124
f 1152 908 1739
f 908 1152 493
f 908 493 99
f 1619 908 99
f 1529 1292 480
f 1964 1881 217
f 1515 1964 480
f 1964 1515 131
f 1881 1964 131
f 1964 1529 480
f 1529 1964 217
f 282 919 544
f 12 1847 1380
f 1847 742 1380
f 1847 360 742
f 1847 12 522
f 360 1847 522
f 278 112 297
f 98 112 1578
f 112 278 1578
f 802 1233 1380
f 1233 802 1242
f 802 1872 1242
f 1872 802 744
f 802 1380 1926
f 744 802 1926
f 265 1387 1867
f 1387 265 708
f 265 421 214
f 52 732 1838
f 732 386 1838
f 732 52 1491
f 1198 589 708
f 265 1198 708
f 1198 265 214
f 265 760 421
f 421 760 214
f 1773 1311 502
f 1311 1773 1983
f 1707 283 642
f 283 1707 118
f 1277 1707 642
f 118 1707 1137
f 1707 1277 1137
f 1591 508 642
f 75 1591 472
f 1591 75 508
f 954 1750 740
f 1750 813 740
f 813 1750 1178
f 1750 954 582
f 1574 1750 582
f 1750 1574 1178
f 244 1057 694
f 244 694 581
f 1178 244 673
f 673 244 412
f 934 1332 445
f 966 588 830
f 966 1733 588
f 116 1915 727
f 116 727 788
f 1733 116 788
f 1854 10 1692
f 1854 1085 10
f 395 1973 1402
f 1973 395 830
f 395 845 830
f 1826 230 497
f 230 1826 1812
f 230 1597 497
f 230 153 1597
f 1501 437 1682
f 1938 1501 1682
f 437 1501 1402
f 1501 395 1402
f 1501 1938 845
f 395 1501 845
f 1970 1097 1375
f 756 1097 1970
f 1097 1128 9
f 1375 1097 1136
f 1097 9 1136
f 613 497 812
f 613 756 497
f 613 1097 756
f 1097 613 1128
f 60 613 812
f 1128 613 60
f 1142 1230 514
f 1142 454 121
f 910 1142 1792
f 1142 121 1792
f 1418 1612 1596
f 336 1418 514
f 1612 1418 336
f 304 1412 1899
f 1412 304 933
f 1412 454 1899
f 1412 933 1318
f 454 1412 1318
f 1621 782 1665
f 1968 1621 1665
f 1621 1968 318
f 934 1621 318
f 782 1621 445
f 1621 934 445
f 1311 1724 502
f 1724 1311 1983
f 620 1724 1983
f 142 569 947
f 569 142 1373
f 1630 1931 269
f 954 1630 269
f 36 1630 954
f 1931 1630 1170
f 1630 36 1170
f 1103 734 257
f 734 1817 257
f 1817 1608 257
f 1931 1608 415
f 1608 1931 257
f 1608 1817 30
f 1673 252 1814
f 252 1041 1814
f 252 1122 1041
f 1122 252 1803
f 1803 252 1894
f 252 1299 1894
f 252 1673 1299
f 769 389 472
f 389 769 977
f 1666 769 472
f 1839 424 66
f 424 1839 604
f 640 424 604
f 1197 1866 1028
f 1240 1197 1028
f 1371 1095 554
f 1795 1658 1158
f 314 1795 1158
f 444 1281 637
f 444 1425 465
f 1281 444 465
f 1566 1722 14
f 1758 1722 303
f 1722 1758 14
f 1411 1389 303
f 1722 1411 303
f 1411 1722 1566
f 1389 1411 1001
f 1001 1819 1175
f 1819 1566 1175
f 1411 1819 1001
f 1617 1049 1566
f 1049 1287 1175
f 1566 1049 1175
f 1049 1617 1876
f 427 1049 1876
f 1049 427 1287
f 1420 1227 1112
f 1758 1227 1420
f 1227 1758 303
f 1028 1227 303
f 1227 1866 1112
f 1866 1227 1028
f 1563 1930 1598
f 1930 1827 1598
f 1930 1563 1095
f 195 1950 171
f 1827 195 171
f 1930 195 1827
f 1684 1521 1021
f 1991 1684 1089
f 1684 1021 1089
f 1747 1790 1232
f 161 1790 1747
f 1790 1626 1232
f 1626 1790 204
f 1790 161 204
f 1404 814 1014
f 192 1404 1014
f 814 1404 66
f 1404 891 66
f 1614 765 235
f 1261 1614 1668
f 1261 765 1614
f 248 1963 1673
f 248 1673 1592
f 1761 248 1592
f 248 1761 1290
f 1963 248 1290
f 1923 1963 1628
f 1421 1923 150
f 1923 1628 150
f 1299 1923 1421
f 1963 1923 1299
f 1591 1410 1038
f 283 1410 642
f 1410 1591 642
f 1410 283 1522
f 492 1111 604
f 1111 492 1924
f 1111 350 604
f 1111 1924 350
f 1734 801 1329
f 801 1734 1776
f 801 314 757
f 1514 801 757
f 1329 801 1514
f 324 1267 654
f 1267 190 331
f 1267 324 1033
f 190 1267 1033
f 1717 523 827
f 523 1717 1033
f 1717 224 1033
f 1788 1717 827
f 224 1717 1788
f 371 1575 457
f 1266 1990 25
f 1990 234 1799
f 1990 1266 234
f 234 720 207
f 1266 720 234
f 457 1946 1423
f 1946 1266 1423
f 1946 720 1266
f 809 357 402
f 654 357 809
f 1428 357 654
f 1760 1428 654
f 1317 1760 331
f 1760 1267 331
f 1267 1760 654
f 1760 1194 1696
f 1760 1317 1194
f 1567 803 566
f 566 803 850
f 803 1149 850
f 803 486 1149
f 606 1567 566
f 1567 606 1507
f 606 566 1511
f 93 606 1511
f 1507 606 93
f 470 249 563
f 1308 249 146
f 563 249 1308
f 249 1507 146
f 249 470 1507
f 175 470 1441
f 1575 175 1441
f 175 371 1798
f 175 1575 371
f 175 1567 1507
f 470 175 1507
f 524 609 1989
f 609 1317 331
f 1317 609 1194
f 609 524 1194
f 270 126 1211
f 126 270 1029
f 126 794 1270
f 166 794 1444
f 1270 794 166
f 794 126 1029
f 794 378 1444
f 378 794 1029
f 359 1222 1007
f 359 242 1222
f 391 359 1007
f 242 359 1675
f 359 391 1920
f 1186 359 1920
f 359 1186 1675
f 721 26 1285
f 547 26 721
f 26 1506 1285
f 26 547 1622
f 1183 1027 174
f 1183 612 1027
f 1183 1061 612
f 764 1061 174
f 1061 1183 174
f 743 864 1715
f 864 743 1535
f 864 533 1715
f 533 864 1535
f 743 1560 1027
f 1560 390 174
f 1027 1560 174
f 1560 743 1779
f 390 1560 1042
f 1560 800 1042
f 800 1560 1779
f 168 1367 862
f 435 168 862
f 168 435 806
f 1133 168 806
f 1367 168 1133
f 930 1986 115
f 859 1986 1922
f 115 1986 859
f 107 663 674
f 663 107 1561
f 1487 1878 277
f 1487 277 1447
f 634 929 289
f 385 929 634
f 107 929 385
f 929 107 674
f 759 929 674
f 929 759 289
f 834 178 610
f 178 834 1376
f 178 476 610
f 1348 1376 410
f 1928 1348 410
f 1348 178 1376
f 1348 1928 18
f 178 1348 18
f 893 455 960
f 455 1971 960
f 555 1544 1859
f 1961 1164 181
f 125 893 960
f 1913 125 1482
f 893 125 411
f 125 1913 411
f 1506 1342 840
f 1040 1342 1506
f 1342 548 840
f 1342 1040 548
f 698 205 264
f 703 205 698
f 205 1269 264
f 205 1933 1269
f 205 703 1933
f 1298 898 692
f 1484 898 1298
f 1553 1268 1955
f 1268 1553 1284
f 1995 930 374
f 1929 1958 786
f 1929 48 1958
f 1780 1929 786
f 409 92 1697
f 92 409 1284
f 1268 409 1955
f 409 1268 1284
f 48 2000 594
f 2000 1143 779
f 2000 1064 594
f 1070 2000 779
f 2000 1070 1064
f 619 1403 133
f 201 619 133
f 611 619 201
f 986 907 485
f 907 173 485
f 907 1841 762
f 907 1476 1841
f 907 986 1449
f 1476 907 1449
f 621 707 1542
f 707 621 71
f 27 621 1542
f 71 621 27
f 1064 1664 1958
f 1664 560 1958
f 1664 1064 1794
f 1664 1794 924
f 1297 1903 1458
f 1903 1297 1343
f 1811 1297 1458
f 1297 1811 1343
f 567 835 877
f 835 567 1255
f 1372 1780 786
f 1195 356 1527
f 1195 1943 356
f 1195 187 85
f 1943 1195 85
f 1492 981 657
f 1909 981 1754
f 981 1909 1944
f 657 981 1944
f 1595 1555 219
f 1555 1346 219
f 1346 1555 1595
f 1646 671 203
f 1468 671 1646
f 671 1215 203
f 671 1468 1215
f 1405 1690 1948
f 1690 1405 1289
f 1690 976 1948
f 976 1690 1289
f 1405 1493 1289
f 1289 1493 1732
f 1125 1493 1216
f 1493 1125 1732
f 1067 94 1642
f 197 1067 1642
f 1067 197 94
f 976 641 1696
f 641 976 1528
f 736 1533 1794
f 1979 1533 736
f 1533 1820 1794
f 1533 1979 1820
f 279 1869 113
f 1480 279 113
f 279 1213 1869
f 279 1480 559
f 1213 279 559
f 1457 1456 1816
f 1808 1456 1457
f 1456 1808 932
f 1456 932 1199
f 575 1456 1199
f 1816 1456 575
f 1004 1947 219
f 1947 752 219
f 752 1947 881
f 1492 1681 45
f 1239 1681 657
f 1681 1492 657
f 1017 1497 50
f 453 1017 50
f 1530 313 449
f 313 1530 602
f 998 633 1336
f 633 998 711
f 633 1007 1582
f 1007 633 711
f 325 1104 792
f 29 325 1582
f 1104 325 29
f 999 792 1821
f 1901 999 1821
f 899 1901 1272
f 899 490 1395
f 899 1272 1672
f 490 899 1672
f 16 1898 539
f 1898 16 1315
f 1898 1391 539
f 1898 1315 1391
f 159 725 608
f 725 159 349
f 1206 159 212
f 159 1206 1471
f 1206 212 436
f 1006 1206 436
f 1471 1206 1006
f 47 590 519
f 1726 47 519
f 47 1726 590
f 43 101 1144
f 1294 43 1144
f 43 1294 551
f 1746 43 551
f 101 43 1746
f 294 713 1786
f 713 294 179
f 294 1786 608
f 725 294 608
f 294 725 349
f 1996 1335 1581
f 1430 1335 1996
f 1335 1863 1581
f 17 1280 1740
f 1280 362 1740
f 1280 276 362
f 276 1280 1737
f 1280 1286 1737
f 1286 1280 17
f 362 1123 804
f 1123 869 1451
f 804 1123 1451
f 685 276 1541
f 276 685 362
f 1123 685 869
f 685 1123 362
f 1286 156 790
f 156 1286 17
f 790 156 1992
f 156 17 1992
f 296 460 790
f 460 1286 790
f 1011 460 296
f 1981 1679 111
f 1679 1981 1011
f 1286 1981 1737
f 1981 460 1011
f 460 1981 1286
f 442 1091 605
f 1641 442 605
f 1679 556 111
f 556 1679 1584
f 1151 52 1838
f 1824 1151 1838
f 1151 1824 1557
f 432 1082 1962
f 1082 432 1499
f 1962 1082 1226
f 1091 1145 1557
f 1145 1022 1557
f 1022 1145 1836
f 343 1862 952
f 744 102 896
f 102 343 896
f 102 1862 343
f 102 744 1578
f 278 102 1578
f 102 278 297
f 1500 810 1953
f 97 1500 183
f 935 1168 629
f 935 196 952
f 196 935 629
f 1687 1885 1339
f 511 1885 825
f 1885 511 1339
f 260 67 1953
f 67 290 1706
f 183 67 1706
f 67 1500 1953
f 1500 67 183
f 149 67 260
f 149 260 64
f 957 149 64
f 231 1524 942
f 1364 1413 300
f 1364 759 1413
f 839 1828 1314
f 1772 963 825
f 963 1772 1918
f 520 1191 1781
f 1191 759 1781
f 759 1191 289
f 1135 1871 300
f 1238 1354 1599
f 1354 1330 1599
f 1354 1809 1330
f 1919 1354 1238
f 631 1354 770
f 1354 1919 770
f 742 261 217
f 261 1529 217
f 261 742 1657
f 1292 261 1657
f 1529 261 1292
f 938 122 853
f 122 938 1627
f 938 282 1627
f 938 919 282
f 488 938 853
f 938 488 919
f 112 754 297
f 754 112 98
f 754 783 297
f 783 754 687
f 556 1912 111
f 1912 556 1584
f 1912 1584 1838
f 386 1912 1838
f 214 1778 1618
f 1778 732 1618
f 732 1778 386
f 1198 140 589
f 589 140 693
f 1671 760 265
f 760 1671 1581
f 1671 1996 1581
f 1996 1671 1282
f 1036 1591 1038
f 1076 1036 148
f 638 244 1178
f 244 638 1057
f 638 1178 1649
f 1057 638 1649
f 23 1641 412
f 244 23 412
f 23 244 581
f 23 442 1641
f 934 967 1332
f 967 1836 694
f 1332 967 694
f 1836 967 318
f 967 934 318
f 966 1771 1733
f 1771 116 1733
f 911 1025 1692
f 1025 735 552
f 1636 1025 911
f 1025 1636 735
f 10 1531 1897
f 1085 1531 10
f 1531 845 1897
f 845 1883 830
f 1883 966 830
f 499 1854 552
f 841 499 552
f 854 1938 153
f 230 854 153
f 1201 1142 910
f 1142 1201 1230
f 1201 910 1243
f 1230 1201 1243
f 328 1830 1596
f 1830 1418 1596
f 1830 328 1349
f 1418 1830 1349
f 1418 878 514
f 878 1418 1349
f 878 1142 514
f 1142 878 454
f 878 1349 1899
f 454 878 1899
f 528 1724 620
f 734 135 1817
f 135 1155 622
f 1817 135 622
f 135 1103 1155
f 135 734 1103
f 1608 858 415
f 858 1608 30
f 858 30 1141
f 243 858 1141
f 1349 858 243
f 858 328 415
f 328 858 1349
f 408 1934 911
f 1904 1934 408
f 769 184 977
f 184 769 1666
f 1389 184 1666
f 1179 184 1389
f 1452 814 66
f 424 1452 66
f 814 1452 640
f 1452 424 640
f 536 1866 1197
f 1866 536 891
f 1866 1688 1112
f 1688 1866 891
f 1688 192 1112
f 1688 1404 192
f 1404 1688 891
f 1117 1240 1028
f 1117 1389 1666
f 1389 1117 1028
f 1240 1935 1714
f 1935 1117 1666
f 1117 1935 1240
f 172 730 716
f 730 172 554
f 172 1371 554
f 1066 1658 1095
f 1371 1066 1095
f 585 1024 1462
f 585 1930 1095
f 1658 585 1095
f 1795 585 1658
f 585 195 1930
f 1024 246 1776
f 246 1795 314
f 585 246 1024
f 246 585 1795
f 246 801 1776
f 801 246 314
f 1224 1411 1566
f 1819 1224 1566
f 1224 1819 1411
f 1950 1993 1462
f 195 1993 1950
f 1993 585 1462
f 585 1993 195
f 1911 1628 235
f 765 1911 235
f 1440 1409 1668
f 1409 1261 1668
f 1409 1440 1745
f 1410 1537 1038
f 1691 1537 1359
f 1359 1537 1522
f 1537 1410 1522
f 457 1604 468
f 1575 1604 457
f 1604 1441 468
f 1604 1575 1441
f 25 110 70
f 1990 110 25
f 110 1799 70
f 110 1990 1799
f 1454 457 468
f 1454 1946 457
f 470 1454 468
f 599 803 1567
f 599 1798 1572
f 599 175 1798
f 175 599 1567
f 609 1611 1989
f 768 1611 529
f 1989 1611 768
f 529 1611 331
f 1611 609 331
f 162 62 856
f 270 162 1029
f 1510 162 856
f 162 1510 1029
f 26 811 1506
f 1061 811 612
f 612 811 1622
f 811 26 1622
f 1040 811 852
f 811 1040 1506
f 811 764 852
f 811 1061 764
f 1986 844 1922
f 844 1986 930
f 844 1878 1922
f 1878 844 277
f 277 844 1447
f 1172 385 876
f 1878 1172 876
f 1487 1172 1878
f 382 1079 1447
f 1079 1487 1447
f 1120 1310 18
f 1310 178 18
f 1310 476 178
f 785 893 1087
f 785 455 893
f 455 785 1971
f 1352 1573 181
f 1407 1132 418
f 1132 1407 1482
f 574 1164 1961
f 574 1407 1164
f 574 1961 229
f 1913 574 229
f 574 1913 1482
f 1407 574 1482
f 1625 634 289
f 1971 332 960
f 332 125 960
f 506 1629 944
f 506 1132 1482
f 506 332 1629
f 125 506 1482
f 332 506 125
f 358 898 1484
f 956 358 24
f 358 1405 24
f 1933 1432 1269
f 1432 956 1269
f 1432 1933 692
f 898 1432 692
f 1050 374 1651
f 1143 1250 698
f 698 1250 451
f 451 1250 1697
f 1250 409 1697
f 1250 1337 409
f 409 628 1955
f 1337 628 409
f 628 1372 1955
f 1372 628 1780
f 1470 2000 48
f 2000 1470 1143
f 1470 1250 1143
f 1250 1470 1337
f 1695 81 1345
f 81 1880 1345
f 81 1695 1403
f 619 81 1403
f 1856 749 1841
f 749 56 1841
f 733 677 56
f 733 433 677
f 733 226 433
f 173 474 1054
f 907 474 173
f 1054 474 762
f 474 907 762
f 369 196 629
f 993 369 138
f 741 3 786
f 3 322 1663
f 322 3 741
f 322 1917 1663
f 322 901 1917
f 1958 1495 786
f 1495 741 786
f 1903 988 924
f 988 1664 924
f 988 1903 996
f 560 988 996
f 1664 988 560
f 321 1115 1561
f 446 1195 1527
f 1195 446 187
f 256 446 1527
f 187 446 1162
f 446 256 1162
f 1917 795 1663
f 795 356 240
f 1633 795 240
f 1875 901 41
f 901 1875 1917
f 1875 795 1917
f 1875 41 356
f 795 1875 356
f 1346 1231 1004
f 1231 1346 1754
f 981 1231 1754
f 1004 1358 1538
f 1358 1492 1538
f 1358 981 1492
f 1231 1358 1004
f 1358 1231 981
f 775 477 598
f 477 63 346
f 775 63 477
f 63 775 1834
f 1646 895 1239
f 1681 895 45
f 1388 1493 1405
f 1388 358 1484
f 358 1388 1405
f 1388 1484 1216
f 1493 1388 1216
f 714 357 1428
f 641 714 1696
f 714 1760 1696
f 1760 714 1428
f 714 417 402
f 357 714 402
f 714 641 1528
f 714 1528 1642
f 417 714 1642
f 1573 573 191
f 191 573 449
f 573 504 913
f 1870 1004 236
f 1870 1947 1004
f 1947 1870 881
f 1870 236 1283
f 881 1870 1283
f 45 900 375
f 1433 1017 453
f 1017 1433 1497
f 1721 1419 453
f 800 1419 1042
f 1419 1721 1042
f 1275 792 1336
f 1275 325 792
f 633 1275 1336
f 1275 633 1582
f 325 1275 1582
f 54 298 1715
f 54 1573 298
f 1573 54 1395
f 54 999 1901
f 54 899 1395
f 899 54 1901
f 225 1499 179
f 294 225 179
f 225 1082 1499
f 915 399 959
f 959 399 349
f 399 294 349
f 399 225 294
f 1335 1009 1863
f 1009 1335 1430
f 1009 1430 1541
f 49 276 1737
f 276 49 1541
f 49 1009 1541
f 1009 49 1863
f 1981 49 1737
f 49 1981 1863
f 937 22 1541
f 22 685 1541
f 22 937 869
f 685 22 869
f 1711 1981 111
f 1981 1711 1863
f 1151 53 52
f 52 53 1063
f 1082 53 1226
f 225 53 1082
f 1862 1382 1908
f 102 1382 1862
f 1382 102 297
f 783 1382 297
f 1382 783 1908
f 773 1547 1907
f 443 778 687
f 1524 450 942
f 450 1524 1997
f 450 697 942
f 450 1772 697
f 1772 450 1918
f 1524 1609 1997
f 1828 1055 1314
f 1524 1055 1073
f 1055 231 1314
f 1055 1524 231
f 1828 688 1654
f 688 1828 839
f 688 99 1654
f 688 839 99
f 1871 1319 1997
f 1319 61 1918
f 61 1319 1135
f 1319 1871 1135
f 450 1319 1918
f 1319 450 1997
f 169 631 1739
f 1177 169 1739
f 1809 1455 1330
f 282 557 1124
f 557 1474 1015
f 1124 557 1015
f 281 282 544
f 281 557 282
f 557 281 1823
f 1906 557 1823
f 557 1906 1474
f 1906 231 1474
f 231 1906 1619
f 1881 139 853
f 139 488 853
f 1019 773 443
f 1019 443 687
f 754 1019 687
f 413 98 122
f 413 754 98
f 754 413 487
f 413 122 1627
f 487 413 1627
f 1110 1912 386
f 1778 1110 386
f 1912 1110 111
f 1110 1778 214
f 760 1110 214
f 1110 1711 111
f 1711 1110 1863
f 1863 1110 1581
f 1110 760 1581
f 732 931 1618
f 931 1523 510
f 931 732 1491
f 1523 931 1491
f 1080 265 1867
f 1080 1671 265
f 1282 1080 1867
f 1671 1080 1282
f 1914 1038 1204
f 1914 1036 1038
f 1914 1204 148
f 1036 1914 148
f 334 1076 1714
f 334 1036 1076
f 1036 334 1591
f 1591 334 472
f 334 1666 472
f 334 1935 1666
f 1935 334 1714
f 1941 1771 966
f 1883 1941 966
f 1940 1854 1692
f 1025 1940 1692
f 1854 1940 552
f 1940 1025 552
f 1253 1531 1085
f 1531 1253 845
f 1253 1883 845
f 1434 1085 1854
f 499 1434 1854
f 854 414 1938
f 414 854 230
f 414 230 1812
f 1897 414 1812
f 1938 414 1897
f 528 849 1724
f 849 1644 502
f 1724 849 502
f 1644 849 1996
f 849 528 1996
f 649 937 1996
f 937 649 372
f 372 649 947
f 649 142 947
f 1610 620 1522
f 1610 528 620
f 724 1564 911
f 1934 724 911
f 1967 1934 1904
f 1839 1565 702
f 1565 148 702
f 1338 1839 66
f 891 1338 66
f 536 1338 891
f 1338 1565 1839
f 1565 1338 536
f 384 172 716
f 172 384 1371
f 384 716 305
f 384 1066 1371
f 1658 384 305
f 1066 384 1658
f 650 444 637
f 1459 650 637
f 1585 650 1459
f 650 1585 922
f 1425 650 922
f 444 650 1425
f 1521 1656 1459
f 1656 1585 1459
f 1258 1656 1991
f 1656 1258 922
f 1585 1656 922
f 1261 425 765
f 425 1911 765
f 1409 425 1261
f 425 1409 1745
f 1207 425 1745
f 1911 425 1628
f 425 1207 150
f 1628 425 150
f 1537 1397 1038
f 1397 1537 1691
f 1038 1397 1483
f 1397 1691 1483
f 1946 1460 720
f 1454 1460 1946
f 1460 470 1072
f 1460 1454 470
f 599 652 803
f 486 652 1936
f 803 652 486
f 652 599 1572
f 302 652 1572
f 652 302 1936
f 407 162 270
f 162 407 433
f 407 270 1211
f 677 407 1211
f 433 407 677
f 521 1172 1487
f 1079 521 1487
f 1172 521 385
f 521 107 385
f 521 1079 107
f 969 170 555
f 170 969 476
f 476 969 610
f 969 834 610
f 834 969 555
f 1629 1548 944
f 1831 1120 1075
f 1831 1310 1120
f 1310 1831 476
f 785 1127 1971
f 1127 785 1087
f 1164 222 181
f 222 1352 181
f 1352 1639 1573
f 1639 573 1573
f 573 1639 504
f 1300 1191 520
f 1966 8 913
f 1433 8 1497
f 892 513 228
f 513 1625 289
f 1625 513 892
f 1625 250 634
f 352 250 1075
f 250 352 634
f 332 1416 1629
f 1416 1544 555
f 1416 332 1971
f 1127 1416 1971
f 1416 1127 1544
f 1107 1709 944
f 1709 506 944
f 1432 1324 956
f 1324 1432 898
f 1130 1553 1955
f 848 370 1255
f 1098 382 1447
f 844 1098 1447
f 1098 844 930
f 1995 1098 930
f 1130 272 1553
f 628 646 1780
f 646 628 1337
f 646 1929 1780
f 1929 646 48
f 646 1470 48
f 1470 646 1337
f 1105 1832 1880
f 81 1105 1880
f 1832 1105 611
f 1105 619 611
f 1105 81 619
f 749 617 56
f 617 749 284
f 617 733 56
f 226 617 284
f 617 226 733
f 1735 749 1856
f 1500 1735 810
f 749 1735 284
f 810 1735 1157
f 1735 1099 1157
f 1735 1856 1099
f 337 97 1162
f 337 226 97
f 256 337 1162
f 337 256 659
f 62 337 659
f 162 337 62
f 337 162 433
f 226 337 433
f 1069 1730 1749
f 1069 993 1730
f 993 1069 369
f 196 1069 1749
f 369 1069 196
f 1730 20 597
f 993 20 1730
f 20 993 138
f 1167 20 138
f 957 20 1729
f 597 20 880
f 20 957 880
f 369 1952 138
f 1952 1167 138
f 1952 369 629
f 1168 1952 629
f 1167 1952 1168
f 1942 1167 1168
f 20 1942 1729
f 1942 20 1167
f 322 469 996
f 469 322 741
f 1495 469 741
f 469 560 996
f 560 469 1958
f 469 1495 1958
f 1977 322 996
f 322 1977 901
f 1903 1977 996
f 41 1977 1903
f 901 1977 41
f 321 607 1115
f 607 321 1182
f 1115 607 1264
f 321 719 1182
f 719 1079 382
f 1079 719 107
f 107 719 1561
f 719 321 1561
f 644 1681 1239
f 895 644 1239
f 644 895 1681
f 63 616 346
f 616 203 346
f 616 1646 203
f 616 895 1646
f 913 518 228
f 518 1709 1107
f 1709 518 669
f 900 38 375
f 38 900 1065
f 375 38 229
f 38 985 229
f 38 1065 985
f 900 1263 1065
f 1065 1263 985
f 1192 1263 598
f 985 1263 1192
f 1545 1433 453
f 1419 1545 453
f 1433 1545 1530
f 1530 1545 602
f 1545 800 602
f 1545 1419 800
f 999 1313 792
f 54 1313 999
f 792 1313 1715
f 1313 54 1715
f 1945 399 915
f 399 1945 225
f 1063 1945 368
f 1945 915 368
f 53 1945 1063
f 1945 53 225
f 53 664 1226
f 664 53 1151
f 664 1151 1557
f 664 564 1226
f 564 664 1557
f 971 1145 1091
f 971 1039 1145
f 442 971 1091
f 1039 971 442
f 1769 1039 442
f 1769 23 581
f 23 1769 442
f 783 1620 1908
f 1893 1620 783
f 1862 1620 952
f 1620 1862 1908
f 1620 935 952
f 935 1620 1168
f 1620 1893 1168
f 67 1806 290
f 149 1806 67
f 1806 957 1729
f 1806 149 957
f 1806 1265 290
f 1415 783 687
f 1415 1893 783
f 778 1415 687
f 1265 1415 778
f 1415 1265 1806
f 443 376 825
f 773 376 443
f 376 1772 825
f 1772 376 697
f 697 376 1907
f 376 773 1907
f 818 1364 300
f 1609 818 300
f 1223 1871 1997
f 1609 1223 1997
f 1871 1223 300
f 1223 1609 300
f 363 1609 1524
f 363 1524 1073
f 363 818 1609
f 753 1478 1700
f 759 886 1781
f 1364 886 759
f 886 363 1073
f 363 886 1364
f 1417 1890 1654
f 1053 1890 1417
f 1890 453 50
f 453 1890 1053
f 1700 1890 50
f 535 1890 1700
f 979 1455 1809
f 1455 979 883
f 979 1720 883
f 1354 189 1809
f 1330 299 1446
f 1455 299 1330
f 299 131 1446
f 299 1496 131
f 299 1455 883
f 299 1720 1496
f 1720 299 883
f 488 1951 919
f 919 1951 544
f 908 1438 1739
f 1438 1177 1739
f 1840 1438 908
f 1840 281 544
f 1438 1840 1177
f 1840 908 1619
f 491 1840 544
f 189 1840 491
f 1844 754 487
f 1844 1019 754
f 1547 1844 487
f 773 1844 1547
f 681 1523 1491
f 681 1052 565
f 681 1491 1052
f 404 584 693
f 140 404 693
f 404 140 1379
f 347 931 510
f 931 347 1618
f 347 214 1618
f 347 1198 214
f 428 1253 1085
f 428 1941 1883
f 1253 428 1883
f 1434 666 1085
f 925 1434 499
f 925 537 973
f 925 841 537
f 925 499 841
f 528 796 1996
f 796 649 1996
f 1610 796 528
f 796 1610 1522
f 796 118 1777
f 118 796 1522
f 1373 796 1777
f 1564 1994 1001
f 724 1994 1564
f 888 1967 1904
f 1967 888 1179
f 888 1904 977
f 184 888 977
f 888 184 1179
f 1744 1565 536
f 1076 1744 1714
f 1744 1076 148
f 1565 1744 148
f 1744 536 1197
f 1744 1240 1714
f 1240 1744 1197
f 1684 143 1521
f 143 1656 1521
f 143 1684 1991
f 1656 143 1991
f 1106 1460 1072
f 1460 1106 720
f 1106 1072 207
f 720 1106 207
f 1161 1107 944
f 1548 1161 944
f 1998 170 476
f 1831 1998 476
f 1127 1190 1544
f 1859 1190 1939
f 1544 1190 1859
f 1190 1127 1087
f 1190 473 1939
f 1190 1087 473
f 1709 1325 418
f 1325 1709 669
f 1325 1407 418
f 1407 1325 1164
f 1570 1300 1966
f 8 1307 1497
f 1307 8 1966
f 1300 1307 1966
f 1497 1307 670
f 1307 520 670
f 1307 1300 520
f 396 8 1433
f 396 1530 449
f 396 1433 1530
f 8 396 913
f 573 396 449
f 396 573 913
f 871 1625 892
f 871 250 1625
f 949 1548 1629
f 1416 949 1629
f 949 1416 555
f 170 949 555
f 1548 949 170
f 447 1709 418
f 1709 447 506
f 1132 447 418
f 506 447 1132
f 358 1607 898
f 1607 1324 898
f 1607 358 956
f 1324 1607 956
f 1372 206 1955
f 206 1130 1955
f 206 1372 786
f 1130 206 786
f 3 13 786
f 13 1130 786
f 540 1633 240
f 1255 540 240
f 370 540 1255
f 719 1279 1182
f 1279 719 382
f 1969 1279 163
f 1098 1279 382
f 1279 1098 163
f 1481 1969 1606
f 1647 936 163
f 1969 936 1606
f 936 272 1606
f 1735 1842 284
f 226 1842 97
f 1842 226 284
f 607 1431 1208
f 1431 405 1208
f 1431 607 1182
f 405 1431 848
f 452 405 848
f 1505 216 1825
f 61 1505 1825
f 1505 61 1264
f 481 63 1834
f 481 616 63
f 616 481 895
f 775 481 1834
f 518 661 669
f 1639 661 504
f 504 661 913
f 661 518 913
f 887 481 775
f 481 887 895
f 887 775 598
f 1263 887 598
f 895 887 45
f 887 900 45
f 887 1263 900
f 1039 1291 1145
f 1769 1291 1039
f 1291 1769 581
f 1836 1291 581
f 1145 1291 1836
f 1873 1942 1168
f 1942 1873 1729
f 1873 1806 1729
f 1245 1265 778
f 1885 1245 825
f 1245 443 825
f 1245 778 443
f 818 448 1364
f 448 363 1364
f 363 448 818
f 1426 535 1700
f 1478 1426 1700
f 1055 1126 1073
f 1126 886 1073
f 886 1126 535
f 550 1828 1654
f 1890 550 1654
f 550 1055 1828
f 550 1126 1055
f 550 1890 535
f 1126 550 535
f 596 979 1809
f 979 596 491
f 189 596 1809
f 596 189 491
f 558 169 1177
f 1840 558 1177
f 558 1840 189
f 558 189 1354
f 558 1354 631
f 169 558 631
f 979 570 1720
f 1951 570 544
f 570 491 544
f 570 979 491
f 139 1956 488
f 1956 1951 488
f 1496 1956 1881
f 1956 139 1881
f 1720 1956 1496
f 570 1956 1720
f 1956 570 1951
f 293 1906 1823
f 281 293 1823
f 1019 46 773
f 46 1844 773
f 1844 46 1019
f 681 273 1523
f 1523 273 510
f 404 273 584
f 510 273 1379
f 273 404 1379
f 584 273 565
f 273 681 565
f 615 510 1379
f 615 347 510
f 347 615 1198
f 140 615 1379
f 615 140 1198
f 348 428 1085
f 666 348 1085
f 428 348 1941
f 348 666 1915
f 116 348 1915
f 1771 348 116
f 1941 348 1771
f 747 666 1434
f 925 747 1434
f 666 747 1915
f 1915 747 973
f 747 925 973
f 649 1043 142
f 796 1043 649
f 142 1043 1373
f 1043 796 1373
f 1559 1389 1001
f 1994 1559 1001
f 1559 1179 1389
f 1559 1967 1179
f 1967 1583 1934
f 1583 724 1934
f 1583 1994 724
f 1559 1583 1967
f 1583 1559 1994
f 1900 518 1107
f 1161 1900 1107
f 518 1900 228
f 1900 892 228
f 1159 1831 1075
f 1159 1998 1831
f 728 1161 1548
f 728 1548 170
f 1998 728 170
f 1362 1570 1966
f 513 1362 228
f 1362 913 228
f 1362 1966 913
f 1518 540 370
f 540 1518 1633
f 1518 3 1663
f 795 1518 1663
f 1518 795 1633
f 1481 1892 1969
f 1892 1279 1969
f 1892 1431 1784
f 1431 1892 848
f 1892 370 848
f 1892 1481 370
f 1481 1674 370
f 1674 1518 370
f 1674 13 3
f 1518 1674 3
f 1098 1810 163
f 1810 1647 163
f 1810 1098 1995
f 1647 1810 1995
f 675 1647 1995
f 675 1995 374
f 1050 675 374
f 1553 1887 1651
f 1887 1050 1651
f 636 1969 163
f 936 636 163
f 636 936 1969
f 936 1858 272
f 1858 936 1647
f 272 1858 1553
f 1858 1887 1553
f 1577 1735 1500
f 1577 1842 1735
f 1577 1500 97
f 1842 1577 97
f 1279 1139 1182
f 1139 1431 1182
f 1431 1139 1784
f 1139 1892 1784
f 1892 1139 1279
f 1467 848 1255
f 1467 452 848
f 567 1467 1255
f 1467 567 877
f 405 1650 1208
f 1650 607 1208
f 607 1650 1264
f 1650 1505 1264
f 1121 222 1164
f 1325 1121 1164
f 1121 661 1639
f 1121 1325 669
f 661 1121 669
f 222 1121 1352
f 1121 1639 1352
f 494 1415 1806
f 1873 494 1806
f 1415 494 1893
f 1893 494 1168
f 494 1873 1168
f 1265 1205 290
f 1245 1205 1265
f 1205 1687 1209
f 290 1205 1209
f 1205 1885 1687
f 1205 1245 1885
f 430 886 535
f 1426 430 535
f 886 430 1781
f 430 1426 1478
f 430 753 1781
f 430 1478 753
f 293 1764 1906
f 1906 1764 1619
f 1764 1840 1619
f 1840 1764 281
f 1764 293 281
f 1000 871 892
f 871 1000 250
f 1159 1278 1998
f 1278 728 1998
f 728 1278 1161
f 1278 1900 1161
f 1362 1768 1570
f 1191 1768 289
f 1768 513 289
f 1768 1362 513
f 1300 1768 1191
f 1570 1768 1300
f 57 1481 1606
f 57 1674 1481
f 1674 57 13
f 13 57 1130
f 272 57 1606
f 57 272 1130
f 675 1877 1647
f 1877 1858 1647
f 1858 1877 1887
f 1877 675 1050
f 1887 1877 1050
f 1896 1467 877
f 1467 1896 452
f 452 1896 405
f 216 1896 877
f 1505 1896 216
f 1896 1650 405
f 1650 1896 1505
f 1278 335 1900
f 335 1278 1159
f 1900 335 892
f 335 1000 892
f 1000 335 250
f 250 335 1075
f 335 1159 1075
o Cracks
v -0.3551450293108045 3.5756538869565384 0.1
v -1.6819788569365575 4.473510330369512 0.1
v -1.6298802339931573 3.3116278936031662 0.1
v -1.1439019800698884 3.8818442578107453 0.1
v -1.1205755363448568 3.940884711324709 0.1
l 2001 2002 2003 2004 2005
v -0.34185315404749006 -3.60418024182911 0.1
v -2.214288459331322 -4.77077799166953 0.1
v -0.7180767809557431 -5.4043744638013465 0.1
v -2.190058175540325 -4.4639367192886175 0.1
v -1.5046188345407812 -4.763913149606493 0.1
l 2006 2007 2008 2009 2010
v 7.663823988066861 -7.837730810457741 0.1
v 6.357022520879463 -8.05789769188997 0.1
v 7.550633914388655 -6.50075485506898 0.1
v 7.333391186673069 -7.928184841108829 0.1
v 7.690855628648567 -7.8129442111402 0.1
l 2011 2012 2013 2014 2015
v -11.921096379868677 -7.29890969613408 0.1
v -12.08909297017659 -8.35402335871029 0.1
v -12.975566961533772 -7.632157892157254 0.1
v -11.116890032585278 -7.0665275278567945 0.1
v -12.810616856338575 -7.668770428966223 0.1
l 2016 2017 2018 2019 2020
v 3.3202245213447883 -1.55261271363471 0.1
v 3.853167310108323 -2.7020128209454164 0.1
v 3.5055343594701642 -1.673771871820357 0.1
v 2.736321211819165 -1.2387660594705885 0.1
v 2.5140523609705463 -1.5434835593676774 0.1
l 2021 2022 2023 2024 2025
v -6.080583158592244 -11.894425437779873 0.1
v -5.85598797329762 -11.310348178471777 0.1
v -7.095137575835773 -12.551907568252014 0.1
v -5.165274866452602 -12.097434152335499 0.1
v -5.957521599497609 -11.424319478889142 0.1
l 2026 2027 2028 2029 2030
v -13.552710548634868 3.697481702181366 0.1
v -13.524131991240885 4.047367286468953 0.1
v -12.068303952984568 3.2271202001963397 0.1
v -12.617382164256727 2.9864387683303617 0.1
v -13.52604996260284 4.290558202827544 0.1
l 2031 2032 2033 2034 2035
v -13.03510876378708 12.527358834462014 0.1
v -11.597287796190365 13.435023279650531 0.1
v -13.485034339145216 13.167323617121816 0.1
v -11.815133657762498 12.387959468416911 0.1
v -12.093368002747455 13.591657413049582 0.1
l 2036 2037 2038 2039 2040
v 5.7841672381896005 3.9612264067459475 0.1
v 7.364901649464949 4.895153432188282 0.1
v 5.438478361369043 4.296065131722702 0.1
v 7.359642731781892 4.935562165310396 0.1
v 5.723942125891694 4.545964805991652 0.1
l 2041 2042 2043 2044 2045
v 8.24660679641001 12.186854989949289 0.1
v 7.474481271780542 13.16859053977961 0.1
v 7.007464544787192 12.669376120822056 0.1
v 8.025292290838689 13.377182627933651 0.1
v 6.273828351511343 12.825007386139047 0.1
l 2046 2047 2048 2049 2050
v 3.626017530077738 -4.848688316394729 0.1
v 3.35055520451603 -4.236390271133892 0.1
v 4.720600182592145 -4.243943782666688 0.1
v 5.08960087901175 -5.118765415848971 0.1
v 4.486228948795523 -4.985875913228019 0.1
l 2051 2052 2053 2054 2055
v -9.201951621496823 2.6117553609303474 0.1
v -8.3729087058914 2.6650646810326446 0.1
v -9.905608988695597 2.234025862233115 0.1
v -8.697692524263443 1.9296003206930517 0.1
v -9.867287736615083 1.732670710705323 0.1
l 2056 2057 2058 2059 2060
v 7.559515346938088 -6.590691284817738 0.1
v 8.613041203159034 -6.46221379123681 0.1
v 9.368729017165835 -5.984182155222372 0.1
v 7.607842938384945 -5.826476297594244 0.1
v 7.7566933506311795 -5.905993694631406 0.1
l 2061 2062 2063 2064 2065
v 3.2971957099243068 -4.970499601008917 0.1
v 3.876119349432857 -5.719442686661321 0.1
v 4.675031874662596 -4.3928676899125145 0.1
v 3.499105174248549 -5.707295056361653 0.1
v 3.8369614005563477 -4.166199960151408 0.1
l 2066 2067 2068 2069 2070
v -0.7287286561126451 10.324071491034395 0.1
v -1.1043488113775037 10.648677188523235 0.1
v -0.76877973267267 9.83331855406326 0.1
v 0.6331876797000344 10.85420216342817 0.1
v -0.5107892314685305 11.600145950949381 0.1
l 2071 2072 2073 2074 2075
v 12.99363189290097 4.307029888320217 0.1
v 12.99411786254598 3.3590455960050525 0.1
v 12.677245991771187 3.9873208525680965 0.1
v 12.138427986797064 3.561358012569144 0.1
v 11.316855755323509 3.53145536941994 0.1
l 2076 2077 2078 2079 2080
v 1.1498817723243593 -6.648371587842151 0.1
v 0.03441468229815814 -7.51971533542216 0.1
v 0.3205366470328914 -7.641804158753757 0.1
v 0.4388761087070199 -8.27872314441996 0.1
v 0.6429647830121044 -8.261774710069258 0.1
l 2081 2082 2083 2084 2085
v -2.7811145150486407 -10.865330188039533 0.1
v -3.417481921656425 -12.42585793218955 0.1
v -3.591477378393882 -11.17791891443691 0.1
v -4.261474515641353 -12.745649968830492 0.1
v -3.551960320853005 -11.110188911927183 0.1
l 2086 2087 2088 2089 2090
v -10.214246465248621 -4.518138258291835 0.1
v -8.506505325905565 -4.029144317663419 0.1
v -10.277515631882483 -4.407102725225046 0.1
v -10.382304925668093 -3.9456879915999363 0.1
v -8.706987357129957 -3.2952068206811562 0.1
l 2091 2092 2093 2094 2095
v 1.1277609032645535 -12.645036474186199 0.1
v 0.7184357191206019 -11.325468125034389 0.1
v -0.10753369935004575 -11.749207446318763 0.1
v 0.17259094596039937 -12.864133989981969 0.1
v 0.9882927791193032 -11.062963320729914 0.1
l 2096 2097 2098 2099 2100
v 2.225208874236223 6.96506890740531 0.1
v 2.9815247472354627 8.373194494833001 0.1
v 2.805677647117524 6.586752580049984 0.1
v 3.541842310419209 7.134377129653366 0.1
v 2.926691071287755 6.768761087005 0.1
l 2101 2102 2103 2104 2105
v 8.006390007776604 0.579211875863402 0.1
v 8.81702575698096 2.1211864054905534 0.1
v 8.0091315931286 1.9043628595258264 0.1
v 9.549763315462366 1.9220252219813407 0.1
v 8.62159730695192 2.0969024205072193 0.1
l 2106 2107 2108 2109 2110
v -9.55098342956523 -10.573838244360639 0.1
v -9.044556302645432 -10.550716249447374 0.1
v -8.216343939728365 -9.892385168201603 0.1
v -9.61187272673017 -10.674628281600928 0.1
v -8.970738559624962 -10.289380263034928 0.1
l 2111 2112 2113 2114 2115
v -0.831325413944348 2.902624885891868 0.1
v -1.475431449437062 3.09638221264089 0.1
v -1.390244263000632 4.173265854866776 0.1
v -1.515710115146831 3.228527122537633 0.1
v -0.18527709297890538 3.2018030516044274 0.1
l 2116 2117 2118 2119 2120
v -6.666333805514378 -15.812274818700931 0.1
v -6.248764614326717 -15.464977902940216 0.1
v -6.506999529773752 -15.77604857235188 0.1
v -6.576816016880492 -14.63407667592002 0.1
v -7.438253224329419 -14.893499399858708 0.1
l 2121 2122 2123 2124 2125
v 6.605237500825621 -6.8152567541383 0.1
v 6.13825252047208 -6.744933175117482 0.1
v 6.092363904696301 -7.22937330199079 0.1
v 6.787100570838777 -7.44537011210759 0.1
v 5.622642412725546 -7.9740359160715055 0.1
l 2126 2127 2128 2129 2130
v 4.474666753944077 -10.472569850477967 0.1
v 4.822359841872335 -10.679292573629754 0.1
v 4.947720991916049 -10.211318673429783 0.1
v 4.951206384838903 -10.081963677848714 0.1
v 4.344485752675123 -11.186847598118874 0.1
l 2131 2132 2133 2134 2135
v -7.969468371338358 9.937748440352152 0.1
v -8.495115589520527 9.830294253418735 0.1
v -7.242307731800859 10.083776168191308 0.1
v -7.228328149270842 9.549506866081575 0.1
v -7.727709091577998 11.165229011601573 0.1
l 2136 2137 2138 2139 2140
v -3.5542968088953804 -1.4766003856953118 0.1
v -5.10874258631593 -1.579604003751561 0.1
v -3.732189349127797 -1.3237512925058343 0.1
v -4.699321774837981 -0.7275207198412932 0.1
v -4.182329090294669 -2.2152690889128417 0.1
l 2141 2142 2143 2144 2145
v -3.840518298205691 -9.635902162357453 0.1
v -2.1903080353911113 -10.283968648391749 0.1
v -2.3464299712964802 -10.093739925896184 0.1
v -3.111392440677909 -9.688857201702486 0.1
v -2.441271192142282 -10.141657106718926 0.1
l 2146 2147 2148 2149 2150
v 1.6261413520174393 7.965577825085203 0.1
v 2.9653784855805903 8.41775205494325 0.1
v 2.4821917879642834 7.797007815216701 0.1
v 2.221161586822657 8.049334205465367 0.1
v 1.425360959456667 8.175458921446944 0.1
l 2151 2152 2153 2154 2155
v 5.306118719628702 6.49475905334237 0.1
v 5.238393260775791 5.853446856226473 0.1
v 6.59441645853664 5.37566570826045 0.1
v 5.721842792993904 6.524784474981939 0.1
v 6.96272589881456 6.030256717200956 0.1
l 2156 2157 2158 2159 2160
v -7.89005310804809 0.010417084444473979 0.1
v -8.796489223673964 -0.0855694598388852 0.1
v -8.328084751614131 0.6287735435653468 0.1
v -7.991591688958605 -0.29322608059660404 0.1
v -7.324140060430578 0.2694687580232533 0.1
l 2161 2162 2163 2164 2165
v -2.570296612542551 -8.792071445578875 0.1
v -3.4357399759690126 -7.264976543282173 0.1
v -3.9057485575424042 -7.93746614387233 0.1
v -3.4381694678070738 -8.677195464074492 0.1
v -2.4334069743048294 -7.961066460272458 0.1
l 2166 2167 2168 2169 2170
v -2.8199476509828236 -5.100742063112615 0.1
v -2.701886247583104 -5.1533017729154 0.1
v -4.087497668344348 -5.842193414731986 0.1
v -4.1933354509421665 -5.595433551821908 0.1
v -3.485137239040178 -4.817830323237846 0.1
l 2171 2172 2173 2174 2175
