# Cyvl Generated CAD Model
o Street_Mesh
v -8.222218889452051 6.651512207463384 0.0
v 5.958054156275466 14.138718149624765 0.0
v 12.037577021343168 0.24121711589396 0.0
v -12.347728110675234 -13.539658101275563 0.0
v 11.69451949489303 13.547822590917349 0.0
v 7.011425152537413 8.6748156696558 0.0
v -13.418602938356344 -5.347765173763037 0.0
v -2.11621337372344 -4.404380702413619 0.0
v -13.272683217131998 -0.8528120368719101 0.0
v -8.074024790083058 3.1886250665411353 0.0
v 10.057044554152526 11.596244134940207 0.0
v 3.8954811343573965 7.2809231877326965 0.0
v 14.090716780745424 5.148120899684727 0.0
v -3.941369073232636 -13.313320762477815 0.0
v -12.39916900661774 14.063400299288332 0.0
v 5.901090936909895 2.0653430791571736 0.0
v 3.5390206230804324 -11.321665455587208 0.0
v -1.1015943056554534 7.2093217726796865 0.0
v 10.3132644117577 -11.249816719442606 0.0
v 2.334898140106816 13.52083311136812 0.0
v 14.395089603436645 0.026995603926479816 0.0
v 3.1583645984064788 -5.722863697446883 0.0
v 9.767944733379409 -2.3602839577943087 0.0
v 13.365571337635629 -10.094696432352066 0.0
v -1.509629048872739 -7.895296141505241 0.0
v 2.259612961905077 -6.809577990323305 0.0
v -5.438821221701801 -8.238009864464402 0.0
v -3.124693661753554 5.730203601531684 0.0
v 4.878156497201417 -6.470421829260886 0.0
v -9.473126042925287 2.615890907123685 0.0
v -2.4110500440001488 0.9628184717148542 0.0
v 6.422292175644543 5.885047239251435 0.0
v 11.035397560626734 6.161654940806329 0.0
v 3.6006169723696075 -4.836043577641249 0.0
v 11.065268120728433 3.810122989118099 0.0
v 11.815784198173787 -7.6001282427459955 0.0
v -10.205651175929233 0.554216175340116 0.0
v -13.961577582929749 11.633481825701892 0.0
v 1.8990103229880333 2.9875246537849307 0.0
v 12.554506322951056 -5.321896859444678 0.0
v 5.554775270400569 -1.4387422082945704 0.0
v 1.50698177726008 12.30071724485606 0.0
v -9.082777140720282 3.3101552994921803 0.0
v 13.688096605124883 12.32165948022157 0.0
v 11.120899803005159 2.962162548676133 0.0
v 6.428128683066461 -0.688586637377739 0.0
v -8.64317073795246 8.399525623768568 0.0
v 11.391877429676242 -5.871448031626642 0.0
v 12.134713828912936 -0.32880613673478365 0.0
v -11.416152804449666 -11.003074378706515 0.0
v 13.221829024027102 8.571692671626806 0.0
v -13.796614191145636 -1.5869339760392904 0.0
v -4.188759852957446 -7.402198483236134 0.0
v 13.511821801715996 10.094133731909096 0.0
v 0.3809338216087781 14.663913468830287 0.0
v 11.190705384826288 -7.8786554634571075 0.0
v 3.2198361739283428 -3.732198314741254 0.0
v -12.849411448580213 14.735499823465943 0.0
v 10.056388063763734 3.3429819513112307 0.0
v -9.950604732090142 9.292320442385972 0.0
v -0.4151180584449321 -9.050230232998729 0.0
v -1.738340986717958 11.567370413802564 0.0
v 8.159042431681883 2.433258111588657 0.0
v -14.106162506621331 1.7519839657470584 0.0
v -9.206556221295614 4.220268234610558 0.0
v -8.240026290295646 -6.10282058082521 0.0
v -11.758683770953212 -14.172922234982252 0.0
v -13.887383014720399 0.8680255096405745 0.0
v -6.560033714515157 1.2268652962520719 0.0
v 11.929946530493908 13.180514155887067 0.0
v 4.6307243928313255 -10.1180679211393 0.0
v 2.153596767457202 2.9496757900342345 0.0
v 14.405452950217295 -5.411268956027925 0.0
v 10.20125139981974 -6.549164889380336 0.0
v 10.706992190040182 4.548952432349324 0.0
v 8.000581667933147 11.11409215349704 0.0
v -4.697812210535631 -1.9522021245211363 0.0
v 12.104890663234983 -9.710979515686631 0.0
v -7.98118041298585 5.00400710105896 0.0
v -14.326934355020057 6.060164318419993 0.0
v 1.4879366887616925 -9.930418372154236 0.0
v 4.029028135177214 -13.853817689232528 0.0
v 11.141371537640225 8.325882708653808 0.0
v 14.525343919405714 2.4389605531468987 0.0
v 0.6892722697230056 -13.667926896363497 0.0
v 5.893405725480989 -12.329120492562652 0.0
v -5.609607654390857 -10.783661623485386 0.0
v 6.414236795448232 -1.0712502039968967 0.0
v -9.996548199036624 6.492936736904085 0.0
v -7.727258908795193 -4.767301047220826 0.0
v 5.997217883821577 0.5396421542391181 0.0
v -12.777183359954506 3.880216909572482 0.0
v -3.705611296580173 6.186944160610437 0.0
v 1.8845815022941679 3.1591696264222264 0.0
v 9.189599271398038 -4.934506286866963 0.0
v -3.4232235099188983 6.502078285440803 0.0
v 11.199514010339044 -14.445702594704926 0.0
v -6.728537117771339 10.111198933795094 0.0
v -13.732979306194466 -8.293863898143172 0.0
v -11.450660863192752 -7.2386240772902966 0.0
v 6.20541217160644 -1.648292763158679 0.0
v 4.961296899302397 10.047754883766174 0.0
v -14.886967653001193 -10.766576938331127 0.0
v -8.990478813822847 -8.838122725486755 0.0
v 3.037978415377438 6.849760272540152 0.0
v -5.204154188919347 11.243099695071578 0.0
v 11.413874596823007 6.63801343459636 0.0
v -1.9586997564183548 6.3803767170757055 0.0
v 3.8353824023506604 0.5155207486823201 0.0
v -1.7282186641241424 9.37952455226332 0.0
v -5.372111572418362 12.039254106581211 0.0
v -14.630926028767135 12.822439324110746 0.0
v -6.668345357931685 13.460405424237251 0.0
v -8.638656447990797 11.856829640455544 0.0
v 11.552717882324941 4.3355503510683775 0.0
v 8.914598030853085 1.8546602604910731 0.0
v -6.300167245033663 4.621280918829143 0.0
v 0.9215934426756576 -7.028739013709128 0.0
v 7.562769650481641 12.652595715597272 0.0
v 10.829507811984513 -3.0313263311982155 0.0
v 5.663933521078434 0.30185270588845015 0.0
v -12.302602234121878 -11.971903087571263 0.0
v 0.545149500365369 8.61474712844938 0.0
v -14.982470181421377 8.306340787559748 0.0
v -2.054705813934561 -14.728739685378969 0.0
v 14.995477734191809 10.025640157051384 0.0
v -7.256745743157808 -1.1284440830349922 0.0
v -11.22428189177299 -13.675555453635752 0.0
v 4.86210312822368 -12.208206723444164 0.0
v -0.37408864340977743 -9.403781058266759 0.0
v -5.0789707458461635 9.306184344924986 0.0
v -11.196997619990725 5.382957113906741 0.0
v 2.076273409067653 -0.04139138478785753 0.0
v -1.2119634567643516 -9.220811837352812 0.0
v 11.911477897898294 -6.697215540334582 0.0
v -2.322059703001287 7.089394481852651 0.0
v -2.08441907906672 5.993842773139477 0.0
v 5.638321370119229 -10.671636591665447 0.0
v -7.789913046988659 7.461502595804632 0.0
v 5.29865727404831 12.756161230616271 0.0
v -8.366483843012247 -1.3650321429595351 0.0
v -6.446525298990309 7.792400995269418 0.0
v 14.392081069760025 -14.195858983322978 0.0
v 4.672882649407256 4.756043205037713 0.0
v 10.619538437749725 2.483711245469749 0.0
v -14.228404127527028 -12.091958394274116 0.0
v -6.827921209449414 12.024177468381822 0.0
v -6.1350487705203705 2.2189370272681117 0.0
v 10.997164257685654 -11.299818830564618 0.0
v -9.246563767665066 12.934903622604907 0.0
v -4.7705636186292395 -4.946378090418875 0.0
v 4.999066024029162 -12.782700020819902 0.0
v -1.6590915891574696 -13.934988042339683 0.0
v 2.6872139877523296 -10.617178412154317 0.0
v 1.5135837165871635 10.358778711408377 0.0
v 7.62192251754459 3.6947627859190106 0.0
v -3.4642253970960155 10.140157727524638 0.0
v -3.5144114705035463 13.083369009196758 0.0
v 14.07989077991806 -0.06574449222534895 0.0
v 2.6727396693313494 -10.94877339527011 0.0
v -8.561962584441062 9.480193172581494 0.0
v -11.392078746925108 -10.152018304914236 0.0
v -3.8574053203919902 9.746188769116998 0.0
v 2.7582318279892206 -5.029847051016986 0.0
v -12.639705283916555 -1.8737330008298159 0.0
v 6.514286454068497 -7.918120592832565 0.0
v -1.080275404267013 -0.05450444854795933 0.0
v 10.585148742829915 4.466281913220882 0.0
v 14.794150074594654 4.285318477079272 0.0
v -0.49794032383942977 12.656554049812257 0.0
v -8.653401237446815 -6.033525813370943 0.0
v -2.8274452933692373 9.763787138275802 0.0
v 13.78447885462083 0.17287100292742252 0.0
v -14.985729874751996 -9.722284639254212 0.0
v 11.710355060757138 -10.016585784964263 0.0
v 0.4493471516179852 -0.7768132099881768 0.0
v -10.68069823202677 -8.295422241091728 0.0
v 14.690007170371246 -10.641425989568233 0.0
v -0.9198787457426079 -8.319842399097979 0.0
v -13.023754587455187 2.749125991947949 0.0
v -14.745211196946912 4.187176830135286 0.0
v 4.205935973790474 6.186596826650202 0.0
v -6.0052439186838455 9.200292451307178 0.0
v 5.749104973103385 9.95732374675572 0.0
v -9.311518532165792 13.486727231182158 0.0
v -6.840509890927933 -1.1255699517205358 0.0
v 0.37103251687949523 2.7744205500930548 0.0
v -11.548853505635634 -1.2503734268248081 0.0
v 14.538309909694362 10.576656055636704 0.0
v -1.6414729909738526 14.947368350811303 0.0
v -1.2266425478737801 -14.205267118290067 0.0
v 8.886225788097363 2.2949453433975577 0.0
v 8.984503377054352 2.5084622567519546 0.0
v -8.519876466831192 -7.907255498692393 0.0
v 9.649500654544681 -11.538834603503346 0.0
v 13.939260258048307 -2.536412490531802 0.0
v 7.4123301185900345 -6.983836303465068 0.0
v -8.080116808472667 -1.5891051180660725 0.0
v -2.9219286553561687 10.95796326175332 0.0
v 6.123756438435521 11.664181684143841 0.0
v 3.941847821464762 5.063655998557806 0.0
v -1.0205672784359194 8.415195381268859 0.0
v 10.063897045969497 -5.614611325785518 0.0
v 7.712375111936126 -12.183127238415182 0.0
v -1.3539605791447684 -12.240011234767735 0.0
v 2.359781169623602 5.312589799053967 0.0
v 7.11184775584843 -11.18410613015294 0.0
v 1.1236906136618927 5.204847206361592 0.0
v 14.436713203031104 4.98330389149487 0.0
v -6.985668802692089 14.319354536943138 0.0
v -1.294586308998987 3.7074015149846673 0.0
v -10.548629705852363 -14.870070550590754 0.0
v 13.676786969706882 9.405664687976241 0.0
v 10.091080130485352 -14.392990263178945 0.0
v 12.088847512553912 9.323188520036638 0.0
v 0.33975308563094586 -12.257457664236426 0.0
v 8.847744335944299 -12.358620735816658 0.0
v -2.5588901427108794 1.878888001665473 0.0
v 3.1145751460571773 -6.667290895245969 0.0
v -5.370227574778255 -5.505322583951056 0.0
v -13.213068320823368 -0.09306837245821953 0.0
v 7.410951162746642 -1.7083524838089943 0.0
v -10.867897173797246 -12.34562772884965 0.0
v -14.935840097838081 7.766863124445081 0.0
v -1.9450087056029588 8.398428749293089 0.0
v 7.427597581001464 -5.453900550492108 0.0
v 14.766100656008348 12.412996992468834 0.0
v -7.831318155571353 12.03723463602364 0.0
v 12.826900788000785 1.7817946439608932 0.0
v 1.072077180375345 -12.724832555279136 0.0
v -12.416995333041996 -4.692745692096651 0.0
v -3.917680278478656 8.348559516482055 0.0
v -14.87747598538408 -12.897467694245279 0.0
v -13.127669713459909 8.153336177580059 0.0
v -6.13568815990584 1.7630177922546864 0.0
v -7.134738280961756 -11.982028958387673 0.0
v -11.59054947574623 13.633959374390543 0.0
v 1.1573745856294408 5.778195169754326 0.0
v 4.9455051074619405 12.790858725085855 0.0
v -8.31236268923385 7.389960512518883 0.0
v -14.129222993331496 -11.167071831412613 0.0
v -6.543293563532643 -13.593598451465368 0.0
v -3.529798352799844 -8.928417877294123 0.0
v -10.203992131107952 -1.6382651226595044 0.0
v -10.651664012635592 -3.9072181079536676 0.0
v -9.33176923688734 1.747620003297925 0.0
v -11.137280283204746 -9.315958845429122 0.0
v 6.629808772879187 -6.6274983659386635 0.0
v -11.540221875708085 -11.281750700436532 0.0
v 6.434828931523953 9.612641347572207 0.0
v -13.34991438977886 6.935920286923647 0.0
v -12.848062807519455 4.2146980026736856 0.0
v 10.109112491889391 7.358763417229056 0.0
v 12.276047706254758 -11.257777206599712 0.0
v -6.714840520115104 8.992103000171483 0.0
v -12.96647412684979 -9.86748334299773 0.0
v 3.5923080053762533 4.900994130410254 0.0
v 9.28141030453844 6.6332476027309895 0.0
v 8.36769191059284 -14.313254329375923 0.0
v 11.79368950414937 2.9914763988927007 0.0
v -12.301718621049076 7.020697435364127 0.0
v -10.861493733595125 -12.498017887584865 0.0
v 12.494129314785823 -9.69761742837727 0.0
v 2.0503915321896784 5.896015792153776 0.0
v 12.436599022825249 -13.37942569423467 0.0
v -0.025196089525707066 -10.855573073029518 0.0
v 11.054872443259228 -11.091847898438573 0.0
v -0.41321808472275734 -7.359788769856095 0.0
v 5.591180414892733 3.122284082695842 0.0
v 5.427670376782771 -13.065984593704343 0.0
v 10.646455164940562 -2.3132664747536182 0.0
v -10.178914914780762 -9.611027421429753 0.0
v -2.7314885625382885 -4.341774797067046 0.0
v 7.491126951004844 -10.407350025139749 0.0
v 4.202993702318054 -9.271295447833836 0.0
v 14.09652088204166 -14.44419410545379 0.0
v -6.455610287783202 14.896850838325918 0.0
v -1.8705286556505598 12.908804359845817 0.0
v 3.2266895705251954 -1.5531761106103659 0.0
v 12.32231424440397 -4.372154712677002 0.0
v -5.975313347415067 9.234597507864237 0.0
v -4.074599438346922 -7.096967827528715 0.0
v 1.3928508586832322 -4.51372513640672 0.0
v 6.408835877664387 -9.85350026190281 0.0
v 11.051774173800368 -1.794282498769462 0.0
v -7.571186643966939 -9.096537336707115 0.0
v 4.211325322336052 -11.011466389521956 0.0
v 10.399297170806676 -2.107832140289247 0.0
v 14.233998023613822 -0.19397018663585186 0.0
v 8.460178296023514 -8.215293574146926 0.0
v 10.627394839131739 10.050505703315139 0.0
v -5.688876978936605 -3.7838437352329493 0.0
v -2.5911264924216084 -9.323538299649954 0.0
v -11.100371926208027 -14.990870580077171 0.0
v 5.208463708811905 -3.5206890692934394 0.0
v 1.7810642091790214 -11.793517274782062 0.0
v 12.511854996206239 -10.547243180684745 0.0
v 11.745959361840505 -6.881602322682738 0.0
v -10.188112632313278 -8.139459668658674 0.0
v -6.454921706637833 -14.659690259955823 0.0
v -2.1307501749834046 -4.936942338012159 0.0
v 14.865710147831123 11.951956168748438 0.0
v -11.261509305913933 0.5745553029701114 0.0
v -5.17081905703526 3.3944068318232894 0.0
v -0.4071895456290804 -7.292712785303593 0.0
v -0.41440445906482637 -1.9604684514924884 0.0
v -8.7736587364343 11.526086451485753 0.0
v 4.18125992489513 -5.1608805656433105 0.0
v -12.36257640295662 6.514934345148504 0.0
v 12.097686156339478 -8.92162830941379 0.0
v -7.054657210770529 -14.901300156489015 0.0
v 5.3466047994443215 -4.234285830520093 0.0
v 13.302514561626595 -1.9223019629716873 0.0
v -10.700356401444878 -0.9870296400040388 0.0
v -0.6904983487329446 10.090194339863956 0.0
v -3.230605243879836 7.192429701797664 0.0
v 4.083906477317214 4.15975915081799 0.0
v 5.095562145172153 4.6637745928019285 0.0
v 2.3394952705712058 11.536280192434788 0.0
v 1.6561203707242385 12.585328930057585 0.0
v -10.033487182401586 -10.118260838091373 0.0
v 4.717480641324073 7.8360986821353436 0.0
v -6.979274572629947 0.9218514738604426 0.0
v 2.6242940757074393 4.429534243419766 0.0
v 7.492751308949664 2.943753962405026 0.0
v -2.8024473515106365 4.38844002597034 0.0
v -9.344075620174408 14.773093819618225 0.0
v -5.901179165462963 13.934527214616537 0.0
v 9.561775075853802 -10.309069691225886 0.0
v 10.825904076802544 3.908781592734158 0.0
v 7.354290481714997 5.063086508773267 0.0
v 6.350221404398326 2.8264471078291535 0.0
v 3.9489700398407876 7.167148998007178 0.0
v -10.155592485156376 -13.143164720386267 0.0
v 8.586404289584607 -3.4202124513685703 0.0
v 7.185136256157421 -1.3339073052629828 0.0
v 14.873181107454002 -9.7821856290102 0.0
v 0.7689979113638401 -8.279847662895918 0.0
v -0.38319208298344165 3.3391630882397294 0.0
v -5.221249160531443 8.767967561259866 0.0
v 8.739163943217136 -14.968427212908864 0.0
v -3.9620912792743184 -3.000265484675765 0.0
v 5.432830298843328 10.776915893889964 0.0
v 0.3051411703345366 -6.734050828963518 0.0
v 4.911660534678958 -12.905271521769464 0.0
v 13.095109929912724 2.076656018383801 0.0
v 5.953857536253054 11.613858091644943 0.0
v 6.94497829512693 14.686379900202155 0.0
v -8.436422190628946 -10.119975463487208 0.0
v 1.3436584314331412 -7.273543586023152 0.0
v -1.2656409430783242 -0.7764725117012858 0.0
v -8.520537566568237 0.8685454512014985 0.0
v -7.465572323068045 9.635123208165169 0.0
v -8.22411749541061 8.44199802633375 0.0
v -4.521110450441483 -8.78704059869051 0.0
v -1.3357648975215852 -13.321757766418159 0.0
v 1.1457682212349027 11.42111387476325 0.0
v 3.290634619537741 -8.312167902477086 0.0
v 4.315057433384936 11.91284354403615 0.0
v 1.1301590361399576 3.414360792376101 0.0
v -9.694802504498512 3.9386420557275414 0.0
v -11.797554680670146 7.870279414579272 0.0
v -8.469086053490173 -12.46419600583613 0.0
v 0.16728235787013546 -0.03556850831955671 0.0
v -3.5131130876252428 5.534746742807329 0.0
v 10.938751904002856 14.204940403811634 0.0
v 7.371190316975117 -11.65757310576737 0.0
v 2.9163663145154715 0.4203143250197172 0.0
v -8.201246598386206 7.394865929149091 0.0
v 1.8924098876304924 9.264847102575004 0.0
v 11.461687609262299 1.857599813491106 0.0
v -13.20082450605696 -5.7661598632112145 0.0
v -12.577489729854278 5.399477538652718 0.0
v -1.0149377245106734 5.74198792129755 0.0
v -1.8444861535681412 14.643685325048864 0.0
v -2.860226081102155 4.986747220158577 0.0
v 8.398807190416846 -7.162277870811522 0.0
v 14.815152049588505 -3.002642234787345 0.0
v 4.9622852799948305 -2.701246313750744 0.0
v -7.191929799853824 12.972652756609023 0.0
v 2.082721862127073 -10.641955556347966 0.0
v 4.768616413930431 8.592180646955967 0.0
v -13.738375597342383 2.0950754517689347 0.0
v 7.83775219344534 -8.068923717364669 0.0
v -7.97911628743168 -8.343882980756462 0.0
v 13.550308622652665 1.5181276444345713 0.0
v 2.8670821547857486 11.536318270489573 0.0
v 8.688973381125834 -4.988627115264535 0.0
v -11.703869863704313 -7.340134156867862 0.0
v 1.5669503611279652 14.599985772743821 0.0
v 7.088907155615743 -2.1549394968897104 0.0
v -5.359802114893682 10.966477781534195 0.0
v 10.19650321995141 13.144138596020639 0.0
v 5.952793983393349 5.338125851936638 0.0
v 5.303183920914307 -9.109160930849612 0.0
v -6.842617767222691 -9.769254247657955 0.0
v -10.054399548564106 5.960190117359161 0.0
v 10.68520389101468 -14.888285310938954 0.0
v -13.408385162765626 -7.820776345208287 0.0
v 12.265257586201187 14.23430522158742 0.0
v -7.416092225641478 -0.9603346288204193 0.0
v -2.1925827342201956 -4.279766515828669 0.0
v -13.195546854054555 -11.44106188416481 0.0
v -4.658114642195869 11.875092454254627 0.0
v 1.1094079999020323 10.77273677662015 0.0
v 11.18357839982491 -1.0264863055199385 0.0
v -13.991615489474498 5.058317753486335 0.0
v 1.3464636199641973 -13.450416754931211 0.0
v 6.68511123751523 -4.900766737759113 0.0
v -6.084986236761324 -13.386353445239365 0.0
v -13.642545850831084 4.729181284084916 0.0
v 10.45429343485739 13.878418950363994 0.0
v -2.554756899829954 5.49085149448365 0.0
v -0.6151700966292992 13.735180735588074 0.0
v 12.688437502074521 -5.827959571033716 0.0
v -2.377207833516877 -10.213491478934884 0.0
v 8.407477244792972 -2.134111637249589 0.0
v -9.704925582336728 -9.303746064193547 0.0
v 6.658374307735357 5.8497135089710355 0.0
v -8.412381229340099 0.462659390643239 0.0
v -11.835901633603498 6.806541874073446 0.0
v -6.929957187967375 -12.07685095909983 0.0
v -2.7605729435454123 -13.151767116039991 0.0
v 8.452831099857576 -13.778494174592197 0.0
v -0.01961755147203803 5.548418139107525 0.0
v 13.082693000731524 3.997825913131237 0.0
v -12.642014245444443 -4.265135552734137 0.0
v -5.641508472908754 -2.416119519621134 0.0
v 1.3902045506401919 -5.787257910706103 0.0
v -8.825179924722761 -8.0743497768417 0.0
v -1.8329917842056602 -12.831768934614956 0.0
v -1.2935389819322154 13.135231747291982 0.0
v -6.063731221365742 -1.9207683857530355 0.0
v -8.589145186182577 -2.777473977766931 0.0
v 0.5729762681294233 -7.5762672973796725 0.0
v -2.77430357132107 -0.1991868820041418 0.0
v 3.5487374466028996 -4.354552859440446 0.0
v 12.52709445997607 -0.9478038558736444 0.0
v -0.6371345900697634 -2.157383607700467 0.0
v 14.721370552841108 4.744937116280198 0.0
v 5.139879160327837 -7.085438102483749 0.0
v 2.612459732219577 1.469036647118628 0.0
v 3.37324252538383 0.16211568284779787 0.0
v 7.764343151706271 -5.190906623378396 0.0
v -10.769346835615579 2.583724887110293 0.0
v -8.298583447176497 -4.588598286733031 0.0
v 5.58555949118454 -9.429794784635305 0.0
v -1.3084257512236945 0.47687025368213654 0.0
v 5.472248405916616 -11.38411855045706 0.0
v -4.549127820879221 14.473946657963097 0.0
v 8.424164992931765 0.5676543507725 0.0
v 5.825148660456762 -4.854472422040999 0.0
v 6.917241820017807 -4.955050012096763 0.0
v 9.635744638682809 12.960185387171805 0.0
v 9.523842935974244 12.013234039768577 0.0
v 9.31411343801301 5.090324065648019 0.0
v -8.15203769179061 -3.319341441616416 0.0
v -9.683147401141468 9.193519776687026 0.0
v 9.617389101476874 -5.786463610827923 0.0
v -2.5010501865763217 -3.2641353951767087 0.0
v -5.4526844415813684 -0.7781865848228335 0.0
v -14.983065614127554 -10.858968175947666 0.0
v -10.034749148355331 -12.226729293353856 0.0
v -7.178891702089459 14.644084210507572 0.0
v 1.0870610094279982 1.7776564052328467 0.0
v 11.611130623961799 10.033721414394677 0.0
v -3.323547328065615 5.944443215616047 0.0
v 3.8162004535552114 -4.435750378295779 0.0
v 14.691926489176694 -0.2937330072745681 0.0
v 11.430897715617903 10.761091289110482 0.0
v 1.3855924697127193 3.739378892816603 0.0
v -6.2823683094466105 9.468038332648575 0.0
v -5.939647000283003 -9.298124664463103 0.0
v -9.187180831329897 6.669852835126221 0.0
v 8.582595131651033 9.828690064139664 0.0
v 10.162458929989953 -9.840775785036385 0.0
v -7.854112380242441 -8.188449724577367 0.0
v -6.240083281300031 -0.6381551772356033 0.0
v -7.254078424361069 -11.171640577726066 0.0
v 14.345109192538075 -3.1603326043114066 0.0
v 1.7936430869158357 9.303690719418228 0.0
v 12.226424757158384 3.8244097838178277 0.0
v 14.951386383501813 -13.260195123031735 0.0
v -9.06203625217313 -1.9198820414021611 0.0
v 6.649020845710766 7.282526641152799 0.0
v 4.144990583183244 12.18661149777472 0.0
v -3.4598297627526335 2.108933886513114 0.0
v 6.437351303291507 -11.174319393001497 0.0
v -13.11401013674913 13.304716520942748 0.0
v -5.479383869853336 -13.256967413239181 0.0
v -6.533339195477311 -12.496958444826305 0.0
v -9.230083654809278 4.906625588424504 0.0
v -1.1719684661948122 -0.6538991266861558 0.0
v -10.415850557095837 7.158864554949105 0.0
v -0.891180625767447 0.8027011221274734 0.0
v -5.694908468052745 14.47074453253299 0.0
v -0.33889488311251625 -13.426785026676953 0.0
v -6.703942523919977 -14.176527496427298 0.0
v -12.40111876546871 -0.6795643605291843 0.0
v 0.5653612283058465 -0.23659974616020918 0.0
v 3.9149707457982004 -13.333107369951904 0.0
v 8.301595009397715 11.470322906039655 0.0
v 8.240226028603502 3.8883002186194062 0.0
v -9.317657083040103 -6.608123984187841 0.0
v -12.873287556983996 -9.673592959530652 0.0
v 7.948110740282573 12.13061148300767 0.0
v 6.8704395244130865 -5.8685424430295825 0.0
v -7.201076324679889 -2.124567015096545 0.0
v 4.066285989945754 10.520108880475163 0.0
v 4.403895933297463 13.644513913430274 0.0
v 7.608916154189501 13.213910995982587 0.0
v 8.602488090284169 -6.999363234266639 0.0
v -9.749993476551026 3.8227955102920532 0.0
v -9.249854408379178 -3.887410537339747 0.0
v 13.609337462694384 -1.5561153050512075 0.0
v -2.232521417143289 -14.674636187963188 0.0
v -12.320543393318076 4.05510741006583 0.0
v 10.231846577022225 -14.723452404141426 0.0
v 0.37978508771630004 -7.9618875896558166 0.0
v -2.54240325698629 -10.419496082700789 0.0
v 7.091066452732775 5.447755434550345 0.0
v -1.470418952172622 1.1603529751300812 0.0
v 11.810889919113833 -5.540135446935892 0.0
v 14.18941795133287 4.7554075280204415 0.0
v -0.9449096093303524 -11.832288539968431 0.0
v 1.51618900365429 -1.757816475816071 0.0
v 1.33427967276657 -5.252552709542215 0.0
v 11.271998136304319 1.7396878516301513 0.0
v -1.2223644153564237 6.040649407543242 0.0
v -6.341124129947275 -4.03394119348377 0.0
v 5.42118373158155 1.8660554997622967 0.0
v -4.429965654446278 -8.536011793650687 0.0
v -9.79846230352996 6.793240695260465 0.0
v 0.12993048591306433 4.363632054068148 0.0
v 4.962335301097482 -13.500549889169633 0.0
v 0.13377897191094235 -12.792669421061873 0.0
v 13.829541468643583 7.330894064158201 0.0
v -5.033806268998887 5.703149161301553 0.0
v -0.17692817526403815 10.913768431171775 0.0
v 11.124090096971486 -8.578866006806493 0.0
v -5.227103779965546 -3.5522207487374544 0.0
v 13.862099672784097 -13.5402891645208 0.0
v -1.235481369367335 -1.405926899984479 0.0
v 4.1109017307753675 7.122338585555553 0.0
v -6.234048320853617 4.718951470218599 0.0
v 7.399666639394127 -1.0940114594995975 0.0
v -6.655255656689405 5.283852826803923 0.0
v 14.997696483915206 12.232714164070785 0.0
v -1.3679964576731436 -1.012849929742515 0.0
v 1.045857060875278 9.000391596928239 0.0
v 1.852219125139527 -4.851535901427269 0.0
v 2.115513039228972 12.599579971283674 0.0
v -8.043177411309443 -9.079162241891026 0.0
v -7.132437049644068 1.295846994034946 0.0
v 8.338480030943174 -10.932614624500275 0.0
v 11.317980774329044 -8.993442140519619 0.0
v 0.3648429290042259 -8.332583781331778 0.0
v -3.3349176472984254 -4.652833998203278 0.0
v -1.0540626175352372 10.959886708296835 0.0
v -9.39299891522387 -2.6813382720574737 0.0
v -0.3785399136831984 1.448267119936645 0.0
v -3.091350097209215 11.602165243588388 0.0
v 0.5773080267827027 4.102725493721664 0.0
v -6.457367604773026 -2.95696322619915 0.0
v 10.21598760021152 -4.091474631801248 0.0
v -0.1498929619556293 -9.102974755689502 0.0
v -1.1926886778092012 -3.50609921105206 0.0
v -10.247114702651743 -12.039875645190477 0.0
v 3.6905506747425534 -3.88269588816911 0.0
v -6.169650916242972 6.656810751184821 0.0
v 3.8632370264967903 -12.130743401125073 0.0
v -12.17015626752982 -9.633285192772746 0.0
v -13.705075300997123 2.817589075304568 0.0
v 4.778303538565524 11.539223801344633 0.0
v -11.223798017192166 5.882166994735599 0.0
v -7.732655486033764 11.29957415536046 0.0
v 4.671476678922772 -10.392433989793062 0.0
v 5.949254454229958 -5.113431719131768 0.0
v 14.348537184589077 1.075019296258688 0.0
v 0.438171292131301 14.53850641939789 0.0
v 5.432548974407837 -0.2557522188872099 0.0
v 8.80348698265152 -10.608726973645389 0.0
v -11.246636434574611 12.857397554442286 0.0
v -1.058622523851227 1.0102551309391856 0.0
v 5.409546988317743 0.36201684176921844 0.0
v 4.678379106975626 -12.193332352675498 0.0
v 3.2028108671074733 -8.86335436720401 0.0
v 11.647858571552206 8.183049902319908 0.0
v -7.23588842630852 0.13152580708265305 0.0
v -8.363854418275878 4.060445253737271 0.0
v 4.27372920664493 10.85537500306964 0.0
v -10.492158142151311 -8.543934267014265 0.0
v -1.4101959698018618 11.407917590811849 0.0
v -10.369810182834044 -14.867159016430378 0.0
v -1.1100226978305727 -0.8369040014222264 0.0
v -0.17782685533165932 7.161038255318999 0.0
v 0.628806478867773 -12.187378366477787 0.0
v -14.683907698257826 8.713857427239418 0.0
v 9.043752764700912 2.150982955470681 0.0
v 4.324320034007542 2.8420051606372 0.0
v -1.7501131715252995 7.875221294350922 0.0
v -12.216556316823699 -2.7155895242467523 0.0
v -4.050246715836693 -11.571855421178043 0.0
v 10.981139059411362 -3.9531915420666337 0.0
v 2.5797453192062676 -7.617836261168122 0.0
v 12.91738984308904 6.210465642623603 0.0
v 0.5715992898331024 -10.21990017965436 0.0
v 14.568757998466026 2.806044795550406 0.0
v 14.377866119146347 -6.2844706773757935 0.0
v -14.174827090173494 13.183148385956883 0.0
v 3.8111147360759787 -12.979722168296576 0.0
v -2.24372141744243 3.959892208687961 0.0
v -9.00046713417396 -8.13467875495553 0.0
v -3.051817839150317 9.763340988196433 0.0
v 8.29155332193477 0.14105835556983948 0.0
v -8.385602978232782 13.679758352227509 0.0
v -1.0685150770586915 -3.2526179561391473 0.0
v 8.62385487940628 -11.470801457762718 0.0
v -4.06627552525606 8.216398677788675 0.0
v -1.4657249632873572 13.830191801302135 0.0
v -9.864190805586986 4.836809939704835 0.0
v 3.3298564743599854 8.454062934033573 0.0
v 7.701842762297019 -6.597000389359891 0.0
v 10.460112019791268 -5.778296943753958 0.0
v -4.428551308286842 -4.439414509572089 0.0
v 8.516813049674965 11.40987802669406 0.0
v 10.246914162300527 -11.460831471718848 0.0
v 11.545477852341719 -10.786985659971833 0.0
v 13.757578987628222 -5.287873878143728 0.0
v -12.838891442574095 -13.146299121901393 0.0
v -13.674107516824733 9.89640954323113 0.0
v -14.148909211566206 0.22093254514038563 0.0
v -7.32281996763777 -5.781932024285197 0.0
v -1.840452915232163 14.544655783101916 0.0
v 0.4628315803129226 -9.95989631395787 0.0
v 5.283385442162398 10.071365050040185 0.0
v 5.548757299256977 -11.119458684697747 0.0
v 4.2844004144426435 -12.881210151128471 0.0
v 7.836167988309171 9.818449009209871 0.0
v 1.921440405305475 8.115313403308392 0.0
v 3.719073458982166 -9.048244641162455 0.0
v 11.151868503191508 7.767263175919652 0.0
v 8.507845539366826 10.943106504157186 0.0
v 3.493704021850135 -1.1874180817976594 0.0
v -8.897474398720078 1.0720171425491571 0.0
v -10.909033769217785 -2.077453921549022 0.0
v 12.778411588864401 -10.06819548457861 0.0
v -10.083938391529955 5.424533868208528 0.0
v -5.635028998542111 -7.764736819081008 0.0
v -1.566879757505376 -2.4758488265797496 0.0
v -3.30868652893696 -13.01718248333782 0.0
v 5.205130568414461 -14.17379708122462 0.0
v 13.22020205721492 -3.576516550965607 0.0
v 6.2260980135179125 -13.81638168450445 0.0
v 9.768544381833635 11.474655603989959 0.0
v -0.7060777638689615 1.7449704809114337 0.0
v 3.1237217176239938 1.7283085221424699 0.0
v -8.908643995877355 7.686521004885435 0.0
v 3.3682911034557037 7.055549697950482 0.0
v 7.989642750006169 -8.42584530543536 0.0
v -6.41191405756399 -10.137433858588338 0.0
v 10.631311023666058 3.162589210085571 0.0
v -14.663168083992787 -14.018286293372512 0.0
v -0.6623472881619819 -8.573333377949893 0.0
v -1.1174358506104909 -6.281343082897365 0.0
v 10.35898674488999 -10.153275457210839 0.0
v 9.783839903655462 -10.782704371027648 0.0
v -13.256858727138024 -13.965047953650355 0.0
v -7.243001413473394 -5.168038458563387 0.0
v -12.694027496152557 1.0357773574069142 0.0
v 9.999628340883646 11.992775869555771 0.0
v -11.010056322673336 10.046105967834592 0.0
v -0.9354876426514238 6.354988070204854 0.0
v -9.168992824910674 -11.119744800031185 0.0
v 4.638722510659136 -14.438429106026888 0.0
v 2.245634436199907 -4.871663263067603 0.0
v 7.987039597006515 -10.017331193201244 0.0
v -4.394816605781671 12.269396094605327 0.0
v 1.3523218365735374 -13.507224129512906 0.0
v -4.612139601027593 4.9214727859944105 0.0
v 1.685420875553973 -3.864393562078476 0.0
v 8.295063152210787 -3.854107820428908 0.0
v 9.09956757852342 -1.586242371238768 0.0
v -5.618313260900322 11.433206547051668 0.0
v -10.056886134203523 12.279397876933217 0.0
v -10.7387372123776 0.1389509253203869 0.0
v -5.975881579972338 4.280564026907086 0.0
v 13.363806794281118 1.3984453361481428 0.0
v -9.263581559003796 1.9152121469378471 0.0
v -5.124581596872304 1.757060930132866 0.0
v -1.5421796724549495 -10.892254906706512 0.0
v 9.604107814200688 -7.179951163008809 0.0
v 5.0367547131027095 -7.469523202627897 0.0
v -14.913494149863254 11.959063259884715 0.0
v -0.7720759632647969 5.9163097040727735 0.0
v -11.569190812238958 9.10655215382576 0.0
v -12.737752357148565 10.10832806956023 0.0
v -9.43449170270469 -2.9958913512527943 0.0
v -13.285186707915273 1.6207016073167324 0.0
v 1.3010805247467943 6.337524425238371 0.0
v 12.912718559557106 -12.507944433018565 0.0
v -14.592173858371098 6.980229513719678 0.0
v 5.899031588342041 12.71284226886928 0.0
v -1.9805677740951069 2.9422987112775445 0.0
v -9.324217457033228 2.8112261425703764 0.0
v 8.99503494153032 7.215651714242995 0.0
v -14.216563340160064 3.2017031963914633 0.0
v 0.48325177567312494 12.424776451662183 0.0
v 1.2515730778686702 -10.064262112602592 0.0
v -10.677107316732872 -12.554050672799349 0.0
v -0.6671219226554967 -4.987645727582276 0.0
v -14.094560318335425 12.784304747357965 0.0
v 10.926881707564462 2.002786095254123 0.0
v 6.067317016480956 4.317025221884251 0.0
v 3.0887349975528196 14.620854599401355 0.0
v 0.9940842053620145 6.715578985400498 0.0
v 12.096986736636609 -10.935905788093805 0.0
v 14.999177476158366 -4.864324955269694 0.0
v -3.1604318093159236 -1.7754222406074405 0.0
v -11.642343853309285 1.2191436542198062 0.0
v -13.53039445145987 -8.321122244931757 0.0
v -5.510618443600833 -1.9649115018546581 0.0
v 10.250618608493824 -6.247294059023261 0.0
v -5.479886108543724 -6.30458736140281 0.0
v -6.1769201827119105 -10.483305618166924 0.0
v -10.996548742754385 -11.037534324452281 0.0
v 7.408879093185533 -11.262318052351475 0.0
v -10.379462843935471 5.679676802828908 0.0
v -13.41133473458467 13.074615844525397 0.0
v 2.28672164370073 13.052050076425076 0.0
v -11.518911829625722 10.108864976093173 0.0
v 4.895783539977856 1.855791974812746 0.0
v 4.031076859449968 14.135292348451912 0.0
v -4.853398002567701 13.439169082790613 0.0
v 0.006493197695817798 -4.763817206025124 0.0
v 13.651807923510205 14.632019818760455 0.0
v -0.26722169562708586 2.4569346234202385 0.0
v -10.97862804698525 -8.362418364733458 0.0
v -7.58353447006084 -3.674200711771846 0.0
v -6.889769653731491 -3.220391663722694 0.0
v 1.6327347951591946 7.484295325353742 0.0
v 3.641871745698154 3.266107893548906 0.0
v 3.1770238247700036 4.56794697791338 0.0
v -7.27827998023713 6.639761940576136 0.0
v 3.9114321867818944 11.659537417814136 0.0
v 1.292192185355816 -14.580958848819137 0.0
v 14.830466548504774 -5.944508844986558 0.0
v -14.426830828539096 7.975821671076119 0.0
v -2.941419451031834 14.60943384282291 0.0
v -10.340697249106597 -12.975266844965518 0.0
v -10.726574220694602 -0.00302214827388525 0.0
v -12.069699340267107 -13.709786678664386 0.0
v -12.514150119095575 -10.57344121672213 0.0
v -6.0334057054133154 -9.497488463297486 0.0
v 4.57143589889165 -5.422187769785523 0.0
v -12.206479666871019 -10.061675473116338 0.0
v -14.175061231537256 -1.3816265817731619 0.0
v 12.08622885751538 1.2761466326192021 0.0
v -5.727380245632958 -1.6904751565307379 0.0
v -4.2045193600934 9.177005048841238 0.0
v -12.376032128348015 -0.10871811304241419 0.0
v 12.154920447501354 2.7891919584944844 0.0
v 10.597534557862673 8.395411568693817 0.0
v 3.1697056333650835 1.2544077532365918 0.0
v 7.983999032294378 -8.929026355966926 0.0
v 2.559111915586982 9.249376093968749 0.0
v -6.705277485831175 0.14529795572161674 0.0
v -9.212720976443961 4.5483960416167974 0.0
v 8.81578329502372 -12.711199606768787 0.0
v 8.186747338797431 9.02712113969028 0.0
v 4.156431234732736 6.2548707239329815 0.0
v 10.914039135561325 -8.747703632339835 0.0
v 1.4777184277772903 1.0029684090986848 0.0
v 7.772371670231223 7.781549101695418 0.0
v 8.363025972328614 -13.572210557758808 0.0
v -1.713432514690794 -11.177276741713285 0.0
v 14.856828008836601 -4.816206008195877 0.0
v 6.324073259194847 3.5653005577623844 0.0
v -2.911112198315095 -12.938885451294482 0.0
v -4.693029380228836 8.7265992378816 0.0
v 13.722143188933842 -11.000689577311277 0.0
v -1.687335281225387 7.678293680772185 0.0
v 5.70953293715138 -6.797969915904105 0.0
v -3.380741980159655 0.537403229624033 0.0
v -10.169710681482684 -1.1864867620170116 0.0
v -8.461709361930843 -10.150803560391068 0.0
v 8.666290405555628 12.728004096075892 0.0
v -6.5470087201101705 -8.98669116012752 0.0
v -0.7102632924797945 7.669828343205154 0.0
v 10.451518206624314 10.131754660978913 0.0
v 13.970319031272084 -7.182296359911561 0.0
v 1.6302835188689642 -9.364546506665647 0.0
v -5.187562663923018 2.3198304306715727 0.0
v -1.6654020780115388 -14.533658768050373 0.0
v 10.011958034010604 -13.50484405644238 0.0
v -11.6887884188327 8.088230073451996 0.0
v -4.716021320782602 -7.752614675089717 0.0
v -9.123880888801068 -4.305754073895514 0.0
v -9.175511635199655 9.585293578915298 0.0
v -9.42563702876214 5.935059279203415 0.0
v 2.66611751599703 12.356107437983155 0.0
v 5.977524832764175 -13.1184185417369 0.0
v -2.2529444630490616 5.0920252883806825 0.0
v -14.799620697740465 3.8859751438722014 0.0
v 8.517952679423615 -14.119294313713908 0.0
v 6.99947414745111 8.442500318400562 0.0
v -4.604976550966967 -1.0441971942782402 0.0
v 10.282504834991414 14.08155476115644 0.0
v -1.6194469099864364 2.3902626428753138 0.0
v 0.8677275753580034 2.365055595524609 0.0
v 14.844972107792273 -10.726680086925626 0.0
v -3.5820240122266114 11.525027869269252 0.0
v -7.953428318549413 -11.200747308321297 0.0
v 0.2150274064624682 -14.692882066592574 0.0
v -3.976571934123058 11.43993061222136 0.0
v -0.6491012935293838 5.720778301358223 0.0
v -3.3676613533170894 -5.307967052794993 0.0
v -0.6255165748880245 8.39318757224828 0.0
v 7.248515244456939 -3.7331063598394394 0.0
v -10.942058473243378 -10.724644617177546 0.0
v -7.699394872179255 9.235264077782631 0.0
v 8.722580116940662 -6.819512601010501 0.0
v 4.852756104723085 7.918370744213462 0.0
v 10.21152472391259 5.035289404913783 0.0
v 13.346126847784035 6.922157804481685 0.0
v 1.7906861750525422 -14.01138237863779 0.0
v -13.289322600991 -3.2105310233309865 0.0
v 5.9088867482496426 10.189806198701262 0.0
v 2.1698964689858258 -9.28995014168322 0.0
v 8.571125271788333 3.4714416516944766 0.0
v -1.565236303198617 -8.784131767228246 0.0
v 0.9677296442096122 9.973846038803458 0.0
v -7.6808720817789435 13.337393119931221 0.0
v 2.4989330889075063 10.386470581404865 0.0
v 6.529507329221815 7.92081399820745 0.0
v -2.980007121223025 -6.2467722948640585 0.0
v 8.35311280604219 8.026346417143941 0.0
v -11.54182681068778 2.6945193270221353 0.0
v -11.455160624114797 -0.7080983882769942 0.0
v -9.705656174395699 -4.739875786006451 0.0
v -3.7667616633116268 -8.488328603096306 0.0
v 2.957618697837461 -4.622327424585819 0.0
v 6.984126580413431 -14.947872631251812 0.0
v 2.7314996421337128 1.9678561566397548 0.0
v 3.4169806258869357 -13.17837649397552 0.0
v -5.428975003829692 -1.014191146939993 0.0
v 4.953083889908157 14.513026524335146 0.0
v -3.1562595019931905 3.369536768645048 0.0
v 1.6627379138371907 -4.319579577073455 0.0
v -4.1045058749150485 -14.978779434226453 0.0
v -1.1417469821171835 13.16370120830834 0.0
v 3.4153438243665732 -11.755180125124753 0.0
v 13.224777191295289 0.3942991625517607 0.0
v 12.203324161935598 14.25185954850167 0.0
v 2.09935412730556 -5.465415116399527 0.0
v 11.267665884632152 0.4174069305881858 0.0
v -7.312859190278687 0.8420825432986021 0.0
v -6.9242598176933825 6.96147944778204 0.0
v -12.120081885776017 9.066829431802034 0.0
v -7.945027912268415 -8.740295489318669 0.0
v -12.044835068576504 -7.008991279639304 0.0
v 0.006940676481463015 2.3044725442305207 0.0
v 3.3436791464919224 8.39586009643972 0.0
v 10.979772463440895 -1.1275041848421097 0.0
v -12.711417007958516 -13.44069442525506 0.0
v 14.306624559452757 4.692116174846888 0.0
v 4.2299276575795375 -2.2383151166141033 0.0
v 14.595192877401132 -14.036684965714812 0.0
v -7.867874142189976 -9.064268160611391 0.0
v -13.326841867587063 -5.699569136835635 0.0
v 10.347802482487168 -13.427111100405455 0.0
v 9.012270264443941 8.50313557498157 0.0
v -11.150620389729738 -0.21550110541284084 0.0
v 10.193905988708138 -7.587306528352201 0.0
v -10.212368348031305 -13.84431418031454 0.0
v -13.80764191376511 -14.872564071789384 0.0
v 11.236798093421385 8.085994088090956 0.0
v 9.805061652325094 -1.2857716232538223 0.0
v 3.490261322760489 12.761857968755066 0.0
v 1.2991747815394774 4.016215465031564 0.0
v 4.3967885440797545 -13.75004967674613 0.0
v 14.16543764329981 -13.641966122202575 0.0
v -4.300615149666555 10.712984142825007 0.0
v -11.585115444264375 -13.589924211613834 0.0
v 1.4779458643170074 4.883453822694719 0.0
v -9.232093256548978 9.997564205899835 0.0
v -9.996056903153658 11.644850174896419 0.0
v 7.72538860415807 5.228587133809924 0.0
v 10.755092247447465 7.86368458904326 0.0
v 14.946009853680152 14.87604584544897 0.0
v -8.290160942415241 0.7722242614254355 0.0
v 7.560889538144693 12.04866090323776 0.0
v -10.557053976808675 9.992323316633701 0.0
v -0.9729749669204466 14.037343044765294 0.0
v -1.897625864658039 2.4135695984587073 0.0
v 5.385306859156117 2.010169245302677 0.0
v 9.886844207067043 5.823374387808144 0.0
v -0.0183090137434192 -7.011632782407105 0.0
v -2.7196964289760217 -10.787256680428982 0.0
v 4.731620313948952 -1.9541985746473074 0.0
v 1.1893988181254826 -14.484591526910663 0.0
v -5.408264490019064 -6.152313535101712 0.0
v -11.893297225877177 -1.4433167008683085 0.0
v -3.5978449981776066 2.3381175817921758 0.0
v 4.029110600531567 14.70117102842778 0.0
v -7.358254957944155 7.741286553442478 0.0
v 6.34438687824877 -12.849074933677912 0.0
v 11.513095962058287 10.050062316469848 0.0
v 11.801536263315938 1.9179135719314218 0.0
v -6.676021402468905 13.770400179550052 0.0
v -14.512486941064708 13.321672726422548 0.0
v 4.498157819209155 -7.591684266924858 0.0
v 8.557005678827409 -11.015999265015125 0.0
v -4.99728703557048 -1.0091138826683164 0.0
v -11.646033180470113 -0.8770262515172362 0.0
v 1.506611300923396 -3.376694801263511 0.0
v 4.3157509317970835 11.374466760084033 0.0
v -14.117194223683327 13.57228699233383 0.0
v -13.92920407850761 -7.817783258855343 0.0
v -9.565337953390554 2.950857409276068 0.0
v -0.28313905192771927 5.816287106834352 0.0
v 4.176230989629403 -11.249723103828728 0.0
v -13.941359094053041 -10.078850965946913 0.0
v 0.9321352047263645 -10.036547761410475 0.0
v 11.936434765113518 -13.098813558928668 0.0
v 0.5520026755402796 -13.478803562931716 0.0
v 13.2486479972722 -11.003762180916965 0.0
v -14.973687962687109 -4.600633543916047 0.0
v -2.6235349060734734 -2.889750549569726 0.0
v -7.277077851002105 14.392055263742805 0.0
v -7.268969974422362 -13.21424201130867 0.0
v -1.4886299495119601 -0.4981386996805668 0.0
v -14.336944139155094 3.935788420960307 0.0
v -13.185763283108827 8.232815570198 0.0
v -6.761545729183126 -1.438898928463459 0.0
v 7.928779229114298 -0.7109113540500402 0.0
v 8.55816513847094 14.660153821110725 0.0
v 5.034330021997448 10.876306776888669 0.0
v 11.402418626879808 -0.0670219762250781 0.0
v 0.418619311589282 10.437072791159153 0.0
v -13.98563564370852 5.519429380074143 0.0
v 5.09173195483163 5.906471244990826 0.0
v -14.938389851769898 7.858621414750814 0.0
v 1.6369587142835371 -4.123907819390297 0.0
v -14.157222150766756 12.60212569590658 0.0
v -1.4784212629892863 13.778383180499077 0.0
v 11.273195346700959 14.852748352102935 0.0
v 11.368383620982058 3.263960967771709 0.0
v -14.394744603720028 13.704450532793999 0.0
v 2.8801156099070795 14.066710948944092 0.0
v -2.819721680425573 10.208601736463606 0.0
v -5.265755134576466 10.106583086773753 0.0
v 12.02792026521638 10.95495066512376 0.0
v 5.754346179077402 -1.7973694382235408 0.0
v -14.420175359817222 6.0439441576600075 0.0
v 8.393977756786626 -3.5162020102143288 0.0
v 1.4237739475793205 -4.898297829553485 0.0
v 13.863808177120518 13.665124953724444 0.0
v -1.0050334003171884 14.122729098424315 0.0
v 12.634250787552446 -4.215205357410014 0.0
v -11.685454877151642 -5.068618975579739 0.0
v 2.9892249920521863 12.443203868344426 0.0
v -7.55372669105418 0.1643661241978407 0.0
v 5.389196572534274 4.423687284812331 0.0
v -11.699986143677961 -10.83909057173878 0.0
v 9.599961412895937 13.784190438687801 0.0
v -11.46599021955626 -4.383370419032872 0.0
v -13.404081428074278 5.979627523571253 0.0
v -11.9503605972277 -0.8265035953372717 0.0
v -10.860006407019682 -3.0900766933336854 0.0
v 13.822194528125692 -14.92536557931453 0.0
v 11.718699602468405 5.140623705461621 0.0
v -13.650873189792037 -11.571545312181115 0.0
v -2.4513890458038077 -2.9410332273691893 0.0
v -8.458029500441626 -13.362064927816391 0.0
v 5.491443323320709 -2.6300894133746624 0.0
v -6.500258220534306 -7.910205748863518 0.0
v -10.904998130048625 -13.710418922826648 0.0
v -13.917965738335624 1.2668187711387873 0.0
v 3.8746900938567705 -4.346897942014039 0.0
v 13.956801877822727 0.6378902029246092 0.0
v -1.2961236308328807 -3.119636938907206 0.0
v 10.913781971961726 3.9687952864915133 0.0
v -14.46276854723692 -5.845626056194305 0.0
v 4.663687745749485 -9.61722238175571 0.0
v -3.573907743790187 -3.2248310148715973 0.0
v 3.71909363794839 10.287629730068147 0.0
v -13.355378163105343 2.631576524116099 0.0
v 0.5940836909576319 13.013918696902692 0.0
v -0.4837919062701985 10.355930778197944 0.0
v -6.312214332167059 -3.392422940582037 0.0
v 14.69299068604596 1.309683833271265 0.0
v 13.62201436801115 -11.789402437396348 0.0
v -11.571773180912714 3.136976652778685 0.0
v -10.515463927178644 7.924575495533645 0.0
v -1.0517398737720214 -9.547167704440653 0.0
v 0.4603988955495879 8.888804313726723 0.0
v -1.9347327956929803 9.411080729216337 0.0
v 10.847829372039996 6.765764086507261 0.0
v -10.691479770815931 -14.370330218225718 0.0
v 12.565619973756839 -5.930992353707552 0.0
v -0.033541238750331104 -9.20751962531358 0.0
v -10.85081285313936 -7.637987595051527 0.0
v 5.204481294262223 -7.20722340978682 0.0
v 2.053830773336813 -12.891645394265652 0.0
v 2.1292828771984205 -8.541884840466082 0.0
v 12.515671957982704 -3.05398965254426 0.0
v 7.884126383985858 11.815545295365155 0.0
v -10.113637600734364 0.586621037684381 0.0
v -13.35521533479914 -12.418618097901344 0.0
v 7.131972000410315 2.575339517556131 0.0
v -8.93368637788808 -14.410602511838078 0.0
v 12.478054448147304 1.6215548943728209 0.0
v 2.268852411187254 13.298941442742944 0.0
v -4.910752383002546 -11.138228476047516 0.0
v -7.823581744683906 -10.437389880418777 0.0
v 3.3054776392527856 -0.3095272295176983 0.0
v -14.847588227828965 6.7214827965945005 0.0
v 5.216069602174684 7.27684698626399 0.0
v -12.129502796800807 -2.106249370612204 0.0
v 4.387079535983503 10.190787052735686 0.0
v -0.7931914307409897 -6.506546012125909 0.0
v -9.639442048443016 5.406798833981156 0.0
v 0.719083103525918 -2.96235313732177 0.0
v 8.276342076598667 -9.592506747692823 0.0
v 4.684664922009688 -5.607657560147345 0.0
v 7.009850990958512 -5.393213189207017 0.0
v -10.302585191326216 -11.243181033991277 0.0
v -8.175499388948083 -1.0324398782104254 0.0
v -3.43270041217329 -12.29501764383167 0.0
v 5.456443863629829 10.18414758052677 0.0
v 4.602807667222805 -4.574577739462256 0.0
v -9.323862208635546 -5.085523349232972 0.0
v -6.246487172029447 -2.377630654722452 0.0
v -7.540327614231501 -14.852946474216878 0.0
v 3.402061454486102 -4.365088319405913 0.0
v 1.3053370715933852 12.819419275969267 0.0
v -5.123910655209329 -3.605796191841364 0.0
v -11.22396932617994 1.679315423592925 0.0
v -3.344205529545434 -10.903256116434932 0.0
v 7.705953683180269 9.048001043498516 0.0
v -6.754370425478555 -6.489637804217637 0.0
v 12.819146218185779 -1.7051114831119776 0.0
v 1.0085806459537707 1.0368318753316998 0.0
v 1.7204891053843312 -7.644661693833768 0.0
v -12.969401887850836 7.438162514939904 0.0
v -13.859399034350645 -14.332599030807614 0.0
v -13.948905091325287 11.692332480102777 0.0
v -2.5949346341076307 7.803564525209367 0.0
v 2.557466124300845 -5.029593584127724 0.0
v 5.106270534917712 -14.519421544857323 0.0
v 7.221295536903199 -14.920714093372226 0.0
v -7.886292828596197 1.420720748603344 0.0
v 7.718163994897623 -7.413451463915408 0.0
v -10.280862696585245 10.229844702407718 0.0
v 1.8530789979267865 -14.513276300393045 0.0
v 4.527525221114047 0.3313077474012971 0.0
v -1.459560795861762 12.8510038619861 0.0
v 13.336528909800109 6.6137919370085 0.0
v -13.318521094159223 8.447684360668063 0.0
v 0.282510960183572 10.789184941910207 0.0
v -11.401605186169036 7.939587463624775 0.0
v 5.080823452910408 -0.5087237022817135 0.0
v 1.499976416293066 -14.97546588536352 0.0
v 11.004418094293214 7.792448719963431 0.0
v 2.9422844241489656 9.800614406354725 0.0
v -8.966373372357339 -5.4196433844044805 0.0
v 6.526816086668987 2.2507162522524595 0.0
v 12.985090789094102 4.7614220436662436 0.0
v 4.00645212183008 -5.459032981656492 0.0
v 3.7211388233699836 7.1743618892505765 0.0
v -2.200130660261493 10.771542819216847 0.0
v 9.806134759797715 -14.206568694673479 0.0
v 10.872397700557485 -0.1374007873237133 0.0
v -1.3851426749606617 -11.509903109632432 0.0
v -11.580565076204948 -12.672149699181318 0.0
v -11.476859578804579 -2.283236438408494 0.0
v 3.5888368960586376 5.149064604192972 0.0
v -1.9761819675914012 -11.657056144438684 0.0
v -6.302381287503522 -5.672444014810026 0.0
v -11.559215626388323 11.204725248739123 0.0
v -6.633791267115157 -0.4513106318190694 0.0
v 4.893886603182182 7.582878271117806 0.0
v -7.03591633803444 -4.32900233566761 0.0
v 1.7519194341730326 10.397993917576969 0.0
v 10.533384161477443 9.355701627209783 0.0
v -4.411909793096129 1.9861962562426925 0.0
v -9.478864321659785 14.596240177750587 0.0
v -13.027184686798137 -8.464508862234652 0.0
v 13.217932223225944 -6.78657344635576 0.0
v 13.267992070119362 -5.6102296048775315 0.0
v -7.653978437941987 -0.04859068617224693 0.0
v -6.667790063715074 0.9187174960970879 0.0
v -9.54476727207657 -7.684938160702586 0.0
v 13.94351948268013 1.1676498744636774 0.0
v 9.089508592966013 7.065360497683287 0.0
v -9.454182368295733 1.599316930398345 0.0
v 9.071460750012193 8.50200758036226 0.0
v -8.124776438868139 -10.33778286818415 0.0
v -11.103401162021328 12.829523132182658 0.0
v 10.019030353229027 -4.977276892401278 0.0
v 8.341984652972315 13.974384017288685 0.0
v 0.9258451868081465 6.301693243905902 0.0
v -1.6913223076262511 -8.729469512589276 0.0
v 3.5037969052791595 -13.664555415511131 0.0
v -5.209207888285164 2.239303740672767 0.0
v -5.143605794699397 7.035935850813985 0.0
v -11.916724104259629 12.375540589913726 0.0
v 13.287948447221424 14.898171478882432 0.0
v 12.047753003484104 -1.7472853865474463 0.0
v -4.045124031836167 -5.390239668078721 0.0
v -10.303695629292633 10.39798707421869 0.0
v 8.344490008195862 -7.6891676019877195 0.0
v 6.522350569313858 12.74696783348918 0.0
v -12.42267408076441 9.215329322963953 0.0
v -14.882534316158853 -6.673317104578018 0.0
v 13.465040380135179 7.196174282580614 0.0
v -9.773476767062675 -6.899910633452237 0.0
v -0.7681438657455146 6.705910887569189 0.0
v 4.1595155048999 -8.209744617342949 0.0
v -10.60877548204735 -12.97571659553796 0.0
v -9.18783338565845 -10.721896927803755 0.0
v -9.847839619673323 10.928678101859987 0.0
v -8.8762403416913 -2.076698949560523 0.0
v -10.168368495884351 4.941533393226564 0.0
v 13.268564727564808 14.879725391976535 0.0
v 6.18341757170856 7.712111973203719 0.0
v 12.982632101862691 13.530999790877104 0.0
v 8.010038398730103 5.310457555577159 0.0
v 11.012031572696287 2.2585110496729612 0.0
v 2.6703859816771 -14.05143724847585 0.0
v 8.419702368206345 2.801450523547828 0.0
v -0.5328799766721204 -3.4718993604183197 0.0
v -5.640525718335994 8.042859714478254 0.0
v -4.140921476762742 13.50998388696462 0.0
v 4.770088650460821 -1.9078131299465895 0.0
v 13.999274627072737 -5.622417613863945 0.0
v 4.023211719060782 -4.779205223545432 0.0
v -7.416945873410441 12.887303498573601 0.0
v 7.242315792071167 -8.247372910380363 0.0
v 5.7660020515322685 -4.074416377581656 0.0
v -4.744187329837587 2.5367280058562756 0.0
v -7.82107633119449 7.4770356975495815 0.0
v -7.944619658403099 13.241276942193508 0.0
v 6.076510256854817 -4.655655902810395 0.0
v -7.191949378873687 3.37483689840883 0.0
v 5.09711250703549 6.012949821539223 0.0
v 5.440826650650706 -14.173597935587168 0.0
v 1.2415918010519817 -2.035818017087877 0.0
v 9.272995789418928 12.059977740980685 0.0
v -10.867452718492132 2.1606151647865772 0.0
v 5.607792784401681 -6.464841797947884 0.0
v 3.896431544504594 -3.0722038252279162 0.0
v -7.228639607783407 4.652958007529378 0.0
v -9.47267571935663 0.731297617778182 0.0
v 6.562981685157865 8.769318342208862 0.0
v -13.418038094241638 14.691227369010448 0.0
v 12.091268084768672 -4.439874694682658 0.0
v -11.783384543959983 1.3855400141328573 0.0
v -6.975090669817291 -14.131576769985259 0.0
v 3.902958964172285 -1.6602616999298334 0.0
v -12.02365150564583 -12.351517370902002 0.0
v 11.735955803538673 -13.70327068772167 0.0
v 10.767561911430676 6.394196041859686 0.0
v 8.329102091374807 3.536015429534018 0.0
v 8.707337467989419 9.452754768542945 0.0
v -2.7429939823341556 9.200166884809732 0.0
v 13.283682947570924 13.096622721292078 0.0
v -13.135388686845545 14.27226309850812 0.0
v -3.945563011802733 -6.621347071602941 0.0
v 3.385196756629739 -10.89496593363583 0.0
v -11.675405838759616 -12.491968614049256 0.0
v 11.144409649830777 -0.7176019046455622 0.0
v -7.036505481344648 5.110927012749016 0.0
v -0.04742516507394612 -10.553486819379032 0.0
v -3.472255655680783 -3.71812251675874 0.0
v 13.598827037902083 10.374903476797044 0.0
v 6.872032876359299 -6.024533581919968 0.0
v 1.6958408047794364 -10.514735972508788 0.0
v -3.9623743575648405 -3.0492335464805365 0.0
v -13.887366039387416 -9.75670385081321 0.0
v -9.357312577718403 -5.339118383824825 0.0
v -7.342336534464266 -14.791095782071352 0.0
v 13.609549552376848 -0.24822646379470825 0.0
v 11.193362840160262 -1.7799823712557554 0.0
v -3.7466079925652593 -9.833995442837477 0.0
v 2.3657693461864255 11.172107307240367 0.0
v 5.635793396446388 -1.1441970821470022 0.0
v 14.81982507003704 7.039288747124374 0.0
v 10.93688806478167 13.987186229787767 0.0
v 14.592855014838278 -13.865301423706114 0.0
v 9.45604742958676 -8.281091301701963 0.0
v 13.598063025274314 11.718207003548741 0.0
v -11.94123616750585 -4.948734137229621 0.0
v -9.21184183988953 -10.695123876444995 0.0
v -3.1232534957816824 -3.898358628153801 0.0
v -14.92058526474284 2.6443926403298974 0.0
v 9.980326830467675 -2.7217549039050937 0.0
v -11.574003654299304 0.8150634858757257 0.0
v -8.086118454346433 -14.804946769960225 0.0
v 9.74986884178361 -3.9769193809479475 0.0
v 4.059892098593991 -13.29238676186651 0.0
v 14.880166411050595 4.9005396803840995 0.0
v 0.2519762178999372 11.918617590330541 0.0
v -6.6865417386288755 -9.454294375143945 0.0
v -5.0294925584457815 -2.5242840461432934 0.0
v -13.757587058702484 4.056177424266934 0.0
v -0.30864948651287705 7.3021738193929195 0.0
v 1.0378104848787189 0.7060515182092786 0.0
v -2.4256371229421347 13.258101681247354 0.0
v -1.9240748406737112 8.134086910635233 0.0
v 0.08984521852107719 -14.737774983048439 0.0
v -4.8833781717694364 -4.828949632123113 0.0
v -11.06410038919421 -12.766236087307334 0.0
v -11.708895694930106 0.7806370873004198 0.0
v -7.619032766495366 -5.565112443640828 0.0
v 2.6459624525159597 4.562873769551516 0.0
v -7.027434177522082 4.626455244608223 0.0
v 4.380861044570338 -12.475292030721903 0.0
v -11.788951018708758 10.842740374617279 0.0
v -9.184947886969894 14.358883385546505 0.0
v -1.355313750624191 -6.656049442477524 0.0
v -13.589260714012198 -4.227957763709128 0.0
v -1.9611226491979323 5.284775028005242 0.0
v -10.199933606840204 -10.769678357057273 0.0
v 8.4940009554266 -0.41309406887739897 0.0
v 0.5143237447482534 -13.854046380147338 0.0
v -8.385174690105487 -7.406771271489561 0.0
v 7.772540955455042 14.669748406857252 0.0
v -13.718047027476132 -1.6586807146668434 0.0
v -14.965664593386464 -2.7629808112978935 0.0
v 12.123666294442955 -2.5763941314071417 0.0
v -0.5594012502697296 10.302694166079164 0.0
v -3.824166936101392 12.364450359717011 0.0
v -0.7115275233518332 -7.30673155002296 0.0
v -10.221883002610411 -0.8477925825864077 0.0
v 14.820412299886812 14.791919409297407 0.0
v -4.336541341384873 1.658805562183261 0.0
v -10.669284158444498 11.361488228663802 0.0
v 5.902291624108329 -12.69111170526594 0.0
v 0.3312892831163481 -9.244434435851872 0.0
v -0.21363121474860236 13.689828594215214 0.0
v 2.780312357470393 -5.795853294432163 0.0
v -12.204857787815854 7.719683820381761 0.0
v -2.2710094247595407 11.543253636918962 0.0
v 9.822517966851592 -4.832563780248165 0.0
v 9.255564667342696 4.867481485009193 0.0
v -3.9729326083906926 -12.526654582470655 0.0
v -1.267579864594154 -11.878321267664433 0.0
v -7.943396889662836 -4.747152088209987 0.0
v 5.292793892556801 7.203620921820402 0.0
v 9.154527020873502 14.636065252125263 0.0
v 10.444823755242396 -10.793872075155377 0.0
v 1.0484490544185974 13.60401342343539 0.0
v -2.922532996337395 -8.656847266480327 0.0
v 10.751448154915124 -14.549666350707412 0.0
v -1.5667494786903262 -5.8077261708676815 0.0
v 10.373083383543417 -13.648926636204123 0.0
v -11.917794926092029 -6.970300141721964 0.0
v -1.2062494336278178 10.969730420969427 0.0
v 4.021451634063851 0.5138288037851453 0.0
v 8.839209261001088 3.044464375823736 0.0
v -3.0955116884433664 -9.710715531371534 0.0
v 8.701887442963198 -12.884582453407347 0.0
v 7.7545165999326855 3.773038489744067 0.0
v 12.571806134248618 10.336711193434894 0.0
v 7.209118487429805 1.0975303491577506 0.0
v -14.757370766543318 5.108799723908305 0.0
v 9.509404398151673 -5.133100307546556 0.0
v 2.0849742000573315 5.35749589279294 0.0
v 5.85262847825652 6.569670514203608 0.0
v 8.923983685846906 12.04765028692782 0.0
v -11.821790569461882 6.949277298524976 0.0
v 14.916353847191203 -9.458980488590896 0.0
v 8.65893228474306 -12.974713024683297 0.0
v 1.8165702791884542 9.137544333003461 0.0
v 1.1674380804761313 0.4526851149275899 0.0
v -12.553017024940345 -14.671717668883502 0.0
v 7.4437403329066 13.462203497067094 0.0
v -1.1841134250862524 -12.546809662133455 0.0
v 7.49559982487699 -4.038376404903829 0.0
v -6.826344057160895 11.04640051536262 0.0
v 0.6764269742998295 -13.353505625389516 0.0
v -5.06251774658449 14.584602870978415 0.0
v 0.6777976008597761 9.824557916261256 0.0
v 2.232848869636655 -4.66368567943573 0.0
v 10.728412492549978 14.609510911628604 0.0
v 9.384864208695944 1.6484216013923287 0.0
v 3.2225575397606008 0.6553471563383937 0.0
v 10.78096572071081 -8.370193986222148 0.0
v 2.338272862660233 -0.38033028971403837 0.0
v 12.020456065365579 -5.323487401008606 0.0
v -5.688065874390304 -8.652870988473296 0.0
v 0.4341885826434009 12.485969719476998 0.0
v -13.539054030145053 -7.125566438771784 0.0
v -0.12224481563316658 -11.590737420134246 0.0
v 12.523703053302597 12.807235075160861 0.0
v -6.882789402035996 9.31023336481303 0.0
v -14.052720275591128 -2.3708350425586104 0.0
v 3.3501345687545836 14.520091879181564 0.0
v -12.773598254483659 3.805438818410039 0.0
v 0.4857757917488925 2.3804869698360562 0.0
v 7.879424056911375 9.733489154838026 0.0
v 10.659119366377126 4.110190153121948 0.0
v -10.87659039220307 -0.12233474850654602 0.0
v -13.432197652524337 -3.098844544030726 0.0
v 0.6300605007563718 -5.261963278986514 0.0
v 8.317875286971685 3.296435758471489 0.0
v -1.1134115311433561 -7.523936417885125 0.0
v 6.606689975305926 11.475486549548805 0.0
v 14.07157361501595 -6.471710925921798 0.0
v -4.284893392934464 14.749552545137703 0.0
v 9.14417405903805 -12.31716366391629 0.0
v -0.3039004343445413 10.469060001894832 0.0
v -14.451367228350136 -0.9977848837152123 0.0
v 5.965228560846299 2.9552678940817714 0.0
v -13.337126266036648 -0.4856157600879669 0.0
v -3.245250513427891 -3.708301115781069 0.0
v -8.620104319939855 2.5552910147234797 0.0
v -0.699884622648824 11.224763578735292 0.0
v -1.6544854264357127 -4.812938995659351 0.0
v 9.111839665449224 10.765929971821606 0.0
v 2.7405560647603124 10.273790868930519 0.0
v 12.707355721038766 -14.433849152177572 0.0
v 4.897967872093432 8.38432524818927 0.0
v 7.176473311090376 8.099924207665026 0.0
v -7.296127790817991 13.598291425034404 0.0
v -3.3811585472431034 1.8785914927721024 0.0
v -1.1545804776251316 -10.926899816840887 0.0
v 9.804497192788403 12.899676449596882 0.0
v -5.042956814228091 9.430852712132037 0.0
v 2.9168283456820063 3.0444481149315834 0.0
v 1.7781145283370279 3.3025490725412965 0.0
v 7.424027144326828 5.332556270994246 0.0
v 2.5909791317535564 -3.9058114299550653 0.0
v 14.399407123797573 0.937635064125061 0.0
v 6.698207057372201 13.920778566971421 0.0
v -14.935190737887751 0.8054578471928835 0.0
v 13.046339926193468 10.331556456163526 0.0
v -13.259035637893248 -5.432456663809717 0.0
v -12.472604336566292 -11.207594003528357 0.0
v 12.66465144319227 -11.910454412922263 0.0
v -0.4401769763790071 -8.972176923416555 0.0
v -8.379026659880765 10.528687390498817 0.0
v -7.635287582234014 1.110867197625339 0.0
v 14.487169875646941 -11.560891873203218 0.0
v 8.61814235948259 -10.066739826463163 0.0
v 5.511793572164606 10.13286675605923 0.0
v -6.882843751227483 14.200565073639154 0.0
v 3.696471249742899 12.558339763432741 0.0
v -0.656136684876401 -0.26874903962016106 0.0
v 9.271604524634313 -7.366484398953617 0.0
v 6.653531864925753 9.606480521149933 0.0
v -0.38465913594700396 4.963785955682397 0.0
v -13.347770140040666 4.705528472550213 0.0
v -13.247395326558035 -0.6591010643169284 0.0
v -11.559574534650892 6.351176877506077 0.0
v 4.060941250761971 5.6236514411866665 0.0
v 1.9237239680369385 -9.156421528197825 0.0
v -8.821948083292227 -4.200424495153129 0.0
v -12.627899355313275 -13.856730693019927 0.0
v 4.698180004605092 2.396720938384533 0.0
v 14.05032085586572 -10.346268318593502 0.0
v -6.623392557085026 2.906662634573877 0.0
v -9.516425281530246 4.923013082705438 0.0
v 5.367427748977207 0.8759308336302638 0.0
v -7.256942789070308 5.881373851560056 0.0
v -1.8558627236634493 -12.894421504810452 0.0
v -8.449051890347619 4.089442383497953 0.0
v -8.032840619853232 -6.441681827418506 0.0
v -7.534109952161089 14.665175351314247 0.0
v 3.720044158922974 -1.71331731043756 0.0
v 10.934722062491346 -10.874837348237634 0.0
v -12.92301888950169 -5.914975116960704 0.0
v -3.53116365976166 11.024932339787483 0.0
v -4.678472651052289 -9.878370398655534 0.0
v 8.16937058721669 -7.510480533353984 0.0
v -1.1001417666557245 3.3497766107320786 0.0
v 14.836840895120986 6.236171314492822 0.0
v -13.89413280854933 -11.25738944299519 0.0
v 4.001237609016243 13.972406899556518 0.0
v 5.247770228015725 5.833977854810655 0.0
v 8.320019306964241 14.559751875698566 0.0
v -1.0503369272919372 9.618461300618947 0.0
v 6.861259875295218 9.522531626746058 0.0
v 13.613581243494991 6.391073867678642 0.0
v 10.282196375541389 10.9971860377118 0.0
v -7.115685150318313 11.931000580079854 0.0
v -6.642065837047994 10.03312596399337 0.0
v -10.575992610713001 -0.07668043486773968 0.0
v 7.607665869232733 4.711356598883867 0.0
v -13.268734783690888 10.04329573828727 0.0
v -8.26910146616865 -0.9627956748008728 0.0
v -6.977139354276005 -11.987080388702452 0.0
v 11.551967625506222 -14.77983133494854 0.0
v 5.04077379044611 -3.4342422606423497 0.0
v -4.073468423041049 13.071811716072261 0.0
v -10.00283004186349 -4.903049849905074 0.0
v -6.540639852872118 14.270385883748531 0.0
v -3.721969736390747 10.489593486301601 0.0
v 14.516140919062309 4.313075128942728 0.0
v 5.568652808375191 -5.567336020059884 0.0
v 4.041475459584035 7.289855105802417 0.0
v 13.894438069080934 6.554342337884009 0.0
v 11.488191366835963 -7.78203912358731 0.0
v -6.975137864239514 5.518287212587893 0.0
v 8.099691673181951 13.806160734966397 0.0
v 9.736327257356606 2.0289557427167892 0.0
v -10.291724083013833 -3.7205357076600194 0.0
v 13.79350972850807 -6.251456320285797 0.0
v 14.656904982577544 -5.936882601119578 0.0
v 4.576963103550952 -10.13947462849319 0.0
v 6.270193949574605 10.212457808665931 0.0
v -12.975065529928543 4.469876328483224 0.0
v -1.1348309268942103 -6.041309694759548 0.0
v -2.742359094787389 1.0477717304602265 0.0
v 9.23058545042295 -14.169775850139558 0.0
v 0.24378157476894557 -0.19805315881967545 0.0
v 14.002420328615699 -14.542288187891245 0.0
v -9.65608965937281 3.266154986806214 0.0
v 12.262329456047155 -12.946512828581035 0.0
v 4.096018908719998 -3.1858190735802054 0.0
v 0.4394875709549524 -13.55908646248281 0.0
v 9.00596628600033 14.262908147647977 0.0
v -1.3654440499376506 6.934259946458042 0.0
v -2.5609719265485182 -2.6092030936852098 0.0
v 7.751824676292017 -7.5824908800423145 0.0
v 3.737445794395171 -10.836317310109735 0.0
v -7.6755933168460615 5.340864545665681 0.0
v -3.2637296023895033 2.178525379858911 0.0
v -9.729166030825581 13.644539000466466 0.0
v -9.932753544359002 0.006663710810244083 0.0
v -6.122540133132134 -12.164656642824411 0.0
v -10.393046444805805 -1.5200378987938166 0.0
v -2.4993623686023057 2.971174106001854 0.0
v -0.5710167929064482 10.119690861552954 0.0
v -11.746925535844639 1.5810770615935326 0.0
v -4.442208831955213 8.980336151085794 0.0
v -4.096657802234404 -8.028912078589201 0.0
v 3.527246211480815 -6.212615868076682 0.0
v -13.155573939089663 11.939742939546704 0.0
v -5.837445054319687 12.397673539817333 0.0
v -8.705858802772127 4.706403031945229 0.0
v -8.664751554257236 6.824251184239984 0.0
v 11.676225360424723 13.763467372395098 0.0
v -7.271108078188263 -13.437328943051398 0.0
v -0.0077096400782465935 1.4755545370280743 0.0
v -6.937339227937628 -10.658017810434103 0.0
v -9.815382549131755 12.252946293912828 0.0
v 11.877792443323415 -1.0825016284361482 0.0
v -6.152550666418392 3.3338610529899597 0.0
v -6.216789736878127 4.438594112172723 0.0
v -2.951685955573339 12.502515311352909 0.0
v 9.54570660594618 -5.0088614746928215 0.0
v -9.199073005001992 -2.480861366726458 0.0
v -7.011889052810147 7.4982720129191875 0.0
v -3.421259556314908 -5.22036646772176 0.0
v 14.683734928432386 2.951588775962591 0.0
v -14.457467590866145 -13.765899029560387 0.0
v 10.661738206865266 -9.625951800495386 0.0
v -5.673766542924568 -13.070228702388704 0.0
v 9.127647893328685 2.6337971910834312 0.0
v -14.891737194499001 -14.986946298740804 0.0
v -1.340663179231342 -3.761468756943941 0.0
v 14.924148314108606 7.776367004029453 0.0
v -2.8198952805250883 8.402911569923162 0.0
v -12.207881049602292 -8.440146199427545 0.0
v -11.818349246925209 7.1789151560515165 0.0
v -12.452848988003097 9.583578596822917 0.0
v -2.6876143417321146 9.865584221668541 0.0
v 11.068366933322977 6.683246196247637 0.0
v -2.070144669211004 13.508373640477657 0.0
v 14.752456398273353 6.605865406803787 0.0
v 14.826942917250562 10.764205997809768 0.0
v -5.077034006710164 -14.987354929558933 0.0
v -9.764886231103446 -12.007617494091392 0.0
v 9.318908740009647 -4.876072899438441 0.0
v -10.131685384374578 0.9623145014047623 0.0
v 2.2663770865183324 4.025515367276967 0.0
v 3.385046570445411 2.9293393921107054 0.0
v -6.285762091632932 4.337322204373777 0.0
v -7.498429089609999 8.42734136339277 0.0
v 8.971872430760413 -2.996296019293368 0.0
v 3.5000109702232294 -6.997405955567956 0.0
v -3.9380409411969595 9.082057039253414 0.0
v -12.482690066099167 -1.492448654025793 0.0
v 12.41451477719238 -0.4652422880753875 0.0
v 11.140130713291 8.638773573562503 0.0
v -4.397309958410915 9.32344717439264 0.0
v -5.948957587999757 5.851889830082655 0.0
v -8.888367791019846 6.9550376227125525 0.0
v -14.988874895032495 10.8827067874372 0.0
v 4.259734563587699 -3.8581074066460133 0.0
v -1.9594982387498021 11.51380871143192 0.0
v -3.0478000818402506 -8.519694439135492 0.0
v 1.1629534050589427 -14.703918847255409 0.0
v 10.349170987436082 -14.33266680687666 0.0
v 2.168501086649485 1.7289787698537111 0.0
v -11.481631915376056 -5.066607381217182 0.0
v -11.769132786488626 -11.659994279965758 0.0
v -12.458051427383907 7.053295291028917 0.0
v 5.742083864693996 4.720729530788958 0.0
v -2.6736920744297095 -9.30470322072506 0.0
v -13.25544307846576 7.443593926727772 0.0
v -2.487652829673607 12.259199865162373 0.0
v -1.3253427412710153 4.576380088925362 0.0
v 12.960261685308069 14.835498522035778 0.0
v 11.924995505542029 -9.628346112556756 0.0
v 7.634001005906612 -7.699883465655148 0.0
v 12.853726813977119 -11.353605780750513 0.0
v 3.4248305097571574 -5.289240422658622 0.0
v 5.534598506346811 7.155424682423472 0.0
v 13.944116673257668 -7.150570597499609 0.0
v -6.299834763281979 1.5699358964338899 0.0
v -13.880345709680114 -4.172234739176929 0.0
v 2.295060083793942 -8.25703192781657 0.0
v 5.441006312787067 8.808039302937686 0.0
v -8.755715821578633 1.4255414009094238 0.0
v -14.83490380475996 6.4264618791639805 0.0
v -14.365900332748424 11.727538818493485 0.0
v -9.609938542591408 -10.218526682816446 0.0
v -4.173967699694913 -4.322377789765596 0.0
v 0.03873799566645175 8.954160381108522 0.0
v 11.92447222903138 -9.402434063144028 0.0
v 14.52834496065043 -9.13917416986078 0.0
v -4.020103649760131 6.764449433423579 0.0
v 3.4619490884942934 0.7580341966822743 0.0
v 9.018002760596573 -9.76079318113625 0.0
v 14.936027585936245 0.3925755135715008 0.0
v 10.833730443555396 4.445725472643971 0.0
v -3.155480855377391 -1.8365020491182804 0.0
v 4.198477369733155 -12.991677570156753 0.0
v 0.47769974946277216 8.818792576901615 0.0
v -1.737836400337983 4.412898790091276 0.0
v -14.452283368387725 6.630050491541624 0.0
v -3.9354083526413888 4.384120753966272 0.0
v -14.520038841874339 -8.691390737891197 0.0
v 2.614590501296334 -2.743245583958924 0.0
v -12.368409356335178 -4.569591322913766 0.0
v -5.399168838164769 9.81199977453798 0.0
v 13.575589654559735 11.997012664563954 0.0
v -10.911888905800879 -7.074327761307359 0.0
v 11.960637417098042 1.872701546177268 0.0
v 4.564209261268843 -2.3862662510946393 0.0
v -12.73224903200753 -1.6651363037526608 0.0
v 1.6309507142868824 7.3124810215085745 0.0
v -11.467316395021044 14.362898633815348 0.0
v 12.293586038169451 4.472704705782235 0.0
v -11.94921111734584 -11.265612258575857 0.0
v -14.168751514167525 0.47853145003318787 0.0
v -4.477270289207809 3.710409317165613 0.0
v 7.186514677188825 -2.2817433224990964 0.0
v -1.6813835899229161 12.326886978000402 0.0
v 8.693196865206119 -13.525506581179798 0.0
v -12.023090491071343 -9.618142698891461 0.0
v -13.066140336857643 -6.380897615104914 0.0
v -5.730777859862428 7.469291885383427 0.0
v -13.427355575666297 6.522310940548778 0.0
v -2.1506157179246657 -13.867731608450413 0.0
v -6.87560759979533 -0.5437753284350038 0.0
v -10.945321248145774 0.02633273508399725 0.0
v 11.21884280553786 -1.0982305658981204 0.0
v 12.753851061861496 8.215157881379128 0.0
v 4.099534977925941 -9.231360270641744 0.0
v -11.048438055557199 -11.400143049657345 0.0
v -0.7396327687893063 11.596607886254787 0.0
v -2.549733432009816 9.683848861604929 0.0
v -5.352454148931429 0.39835196640342474 0.0
v -6.594919772120193 8.051764961332083 0.0
v -2.485865314723924 5.45522540435195 0.0
v 2.9623713346081786 4.556727757677436 0.0
v 14.395083499955945 -5.611321390606463 0.0
v -8.68470741523197 -5.484186258167028 0.0
v -14.237713082053233 -3.497845777310431 0.0
v 3.5223167442018166 13.012635481543839 0.0
v 2.9155304426676594 -2.07486530020833 0.0
v 7.250706767837983 4.768512970767915 0.0
v -13.166375574248377 -7.109081552363932 0.0
v 4.979710453248117 -7.1827665735036135 0.0
v 2.07863379776245 -11.410154201090336 0.0
v 9.22976614010986 3.9962475458160043 0.0
v -10.071796291740611 -14.50095181260258 0.0
v 8.1963825362036 -13.543342213146389 0.0
v -13.1053867143346 -1.6146541647613049 0.0
v -9.047868755995296 13.81184787582606 0.0
v -10.562719809182454 4.094358715228736 0.0
v -6.173598955909256 2.6531407460570335 0.0
v 5.510057401435915 0.7659614142030478 0.0
v 11.710409877297934 -13.567718951031566 0.0
v 5.669972870615311 2.2835747888311744 0.0
v -11.629505252523813 8.577510444447398 0.0
v 12.053232599049807 -9.62433242239058 0.0
v -10.231200149806682 -10.082421052269638 0.0
v -14.382628607621882 8.766537095420063 0.0
v 5.985852369049098 -8.491820230148733 0.0
v 2.6243316303007305 -4.442910796031356 0.0
v -7.7460452389204875 -14.866824317723513 0.0
v -11.832989813294262 -5.37601781822741 0.0
v 1.335447059420403 1.743892272002995 0.0
v -5.842197427235078 -14.584969229064882 0.0
v 1.3475051998975687 -4.651664322242141 0.0
v 14.961454522854183 -10.300034835934639 0.0
v -12.617590215231758 -12.842514667659998 0.0
v -6.478546872036532 -7.537144385278225 0.0
v -14.85153686866397 -8.731146393343806 0.0
v -10.541026003658772 3.397831273265183 0.0
v 3.4783630047459155 -8.009807922877371 0.0
v -9.872658278502058 -13.287307067774236 0.0
v 8.474165316612925 -2.4105960624292493 0.0
v 1.1027908719843253 3.1151727475225925 0.0
v 1.5333127343910746 -9.473399450071156 0.0
v 8.055384488892742 7.670903669670224 0.0
v 11.890875832526945 0.5033966824412346 0.0
v 11.858677908137906 5.450358404777944 0.0
v 4.655100775824394 2.02878029178828 0.0
v 1.8135216850787401 -6.7566382717341185 0.0
v -5.137981760781258 -10.9224246237427 0.0
v 2.692476325435564 -14.353431556373835 0.0
v -4.944304393779021 -1.9358171336352825 0.0
v 14.917380785918795 -11.929863592609763 0.0
v 5.620644424285274 -6.467059887945652 0.0
v 1.3105695843114518 7.733142863959074 0.0
v 6.981652873160783 7.714054298587143 0.0
v -5.1587550596450455 -8.342920043505728 0.0
v -5.6904391422867775 -8.025551880709827 0.0
v 11.635545898228884 8.428163843229413 0.0
v -7.024095956061501 8.954744100570679 0.0
v -9.510307956836186 6.921449614688754 0.0
v 10.203495175694115 -4.987886938266456 0.0
v -8.547419745707884 -6.739531333558261 0.0
v -1.5680837323889136 -7.224057006649673 0.0
v -14.664360652735922 1.5763114467263222 0.0
v 10.620211529138032 -2.908704082481563 0.0
v 11.968169357161969 -2.5715870298445225 0.0
v -13.669629565789364 4.172934837639332 0.0
v -7.23069617600413 -14.574828490614891 0.0
v -4.894475463312119 -14.177713132463396 0.0
v -5.9233144606114365 2.387249046936631 0.0
v 11.668525941262487 -6.035079753957689 0.0
v 4.440135784447193 0.6385164903476834 0.0
v -14.351831755251624 -11.124260435812175 0.0
v 8.73947498848429 9.519774599000812 0.0
v 4.977337159740273 -4.667951823212206 0.0
v -7.17532939260127 -11.741802129894495 0.0
v 8.815636547515169 -6.90567313414067 0.0
v 13.076395715412218 7.595923935994506 0.0
v 8.092771355586592 10.360279239714146 0.0
v 7.703062245040201 -7.107103932648897 0.0
v -8.78173870651517 -13.958419024944305 0.0
v 2.797302354942076 -2.545891827903688 0.0
v -0.8290942215244286 -2.3566278871148825 0.0
v 14.41338736662874 -5.4151737643405795 0.0
v 14.528169300232548 6.22851462289691 0.0
v 4.0519669084460475 0.08416090998798609 0.0
v -3.931589249696117 -13.374201962724328 0.0
v -6.185714018531144 4.262798619456589 0.0
v 6.573244127153885 -9.878764141350985 0.0
v -1.7482266462175176 4.634512798860669 0.0
v -14.809378517966252 11.925116033293307 0.0
v 11.848002318874933 4.79202401638031 0.0
v -9.45950209494913 -11.44821370113641 0.0
v -10.759532282536384 10.15392629429698 0.0
v -1.4438616720726714 -3.3488073674961925 0.0
v 14.845844644412864 -9.407867060042918 0.0
v -1.0076735278125852 10.314727516844869 0.0
v -9.239112009177916 0.5242143096402287 0.0
v -3.5855128946132027 -11.601572498679161 0.0
v -13.34531848365441 -2.5570197384804487 0.0
v 10.89096914883703 14.1625598045066 0.0
v -5.765775561274495 -11.997042789123952 0.0
v 12.092143642599694 -5.279526853002608 0.0
v 5.319017231231555 12.10819249972701 0.0
v -4.806520818092395 8.758255444467068 0.0
v -13.27558665262768 0.881343268789351 0.0
v 4.080635900958441 12.668296939693391 0.0
v -6.1948446268215775 -8.12614053953439 0.0
v 7.382941426592879 6.971557088196278 0.0
v 4.315654715464916 -10.674567251466215 0.0
v 10.969765788700897 4.874182116240263 0.0
v 9.92517823522212 -0.032094426453113556 0.0
v 3.2475068281637505 -5.5079271122813225 0.0
v -2.1911762144300155 7.065956910140812 0.0
v 11.385709045396652 -8.564752421341836 0.0
v -11.869976818037685 -8.796210456639528 0.0
v -7.271069897338748 -9.61822285875678 0.0
v -5.2931589221116155 -8.933553945273161 0.0
v -0.7046231977874413 6.999797047115862 0.0
v -8.656740006292239 -12.183476076461375 0.0
v -6.297468159929849 4.536405939608812 0.0
v 9.720318848616444 11.206338312476873 0.0
v 2.6453967072302476 -14.082397075369954 0.0
v -5.014921619032975 -7.794896038249135 0.0
v -3.723737174354028 -11.16617175936699 0.0
v -6.773273163416889 -14.129983141086996 0.0
v 4.441174298408441 -0.02329637110233307 0.0
v -13.386639015749097 6.5708395298570395 0.0
v 4.089291759766638 -4.376926152966917 0.0
v 12.40904026379576 9.364856808446348 0.0
v 4.409493289364036 -3.7143910387530923 0.0
v 0.9852866834844463 -3.649617942981422 0.0
v -1.4407060689409263 -11.064393857493997 0.0
v -5.853561583906412 -13.338921112008393 0.0
v -3.45929941436043 13.102263192646205 0.0
v 11.522379585017916 14.677569615654647 0.0
v -7.19483270868659 4.953914964571595 0.0
v 1.546718651719857 12.775843785144389 0.0
v 5.51462099008495 7.887678706087172 0.0
v -8.802791713795159 -10.08418897073716 0.0
v -13.640064384613652 -0.690877303481102 0.0
v -2.6888183847186156 4.541334167122841 0.0
v -11.154187787440605 10.582113845273852 0.0
v 9.576869500859175 13.477111276239157 0.0
v -10.630005539162084 -0.9000385040417314 0.0
v -7.5903941941214725 -4.746106307953596 0.0
v -3.46941083134152 9.677042854949832 0.0
v -2.8709541900316253 14.196856612339616 0.0
v 14.433820520353038 5.572066326625645 0.0
v -11.864397806755733 -0.30824883189052343 0.0
v 5.322989207867067 -10.461536190472543 0.0
v 10.837583094253205 -0.4883586782962084 0.0
v -7.151638583338354 4.252816655673087 0.0
v -12.46141380543122 -11.601278034038842 0.0
v -9.68805084010819 -10.873511356301606 0.0
v 6.877636699297 -9.943110109306872 0.0
v -3.3100520633743145 4.4156598672270775 0.0
v -1.8082359152613208 5.11389674525708 0.0
v 13.283163531217724 7.8816336132586 0.0
v -12.96973701188108 -6.460150760598481 0.0
v -3.6818000916973688 -7.862198827788234 0.0
v 5.636321879748721 7.097726778127253 0.0
v 1.8188620047294535 11.807313912548125 0.0
v 4.323433930345345 13.71861769258976 0.0
v -0.5315433669602498 4.127391648478806 0.0
v 9.905576935678255 -7.245948508381844 0.0
v 13.724337160238065 0.48356342501938343 0.0
v 5.150575183681212 -13.567205427214503 0.0
v -7.363661696377676 -0.3010005699470639 0.0
v -11.651093763590325 -8.806399655528367 0.0
v -0.34067989891627803 -4.763230051845312 0.0
v 8.684617485036142 5.771918966434896 0.0
v 9.442303870397154 10.59316844586283 0.0
v 0.6049136040383019 -0.09276439901441336 0.0
v 13.6120983849396 14.60022817272693 0.0
v -3.731194405176211 -10.101529630832374 0.0
v -12.997538992029149 -0.8968953415751457 0.0
v 6.252757068083156 -6.862685940228403 0.0
v -5.207380065578036 -2.1151619600132108 0.0
v -6.194805420818739 10.499749653041363 0.0
v 2.88494362909114 7.285711534321308 0.0
v 9.831942416669335 10.989742139354348 0.0
v 1.7012832162436098 -4.528369300067425 0.0
v -13.242603652761318 7.137786080129445 0.0
v 6.980669589305762 -14.891786698251963 0.0
v -1.510905823437497 -12.471507999114692 0.0
v -14.021737372328062 -4.9610137436538935 0.0
v -5.721896923845634 -14.602625560946763 0.0
v -6.732179382292088 2.0724963657557964 0.0
v 3.846873867965769 -3.5581675842404366 0.0
v 13.990950428298675 -4.069751555100083 0.0
v -0.2366347987554036 -13.193808779120445 0.0
v 3.7629312114440836 9.657178712077439 0.0
v 1.5783447012654506 7.2095218831673265 0.0
v 9.979501932160929 1.3062498858198524 0.0
v -6.0958130719373 3.7789193289354444 0.0
v -5.640990572515875 -6.448761391453445 0.0
v -7.5802547574276105 -10.110171229578555 0.0
v 9.973114083695691 14.747500413097441 0.0
v -8.150293866172433 -3.2564754066988826 0.0
v 7.5920251898351125 5.609718116931617 0.0
v -0.709587483026553 2.6898973900824785 0.0
v 0.05967016686918214 -13.149565361440182 0.0
v -1.3825902866665274 4.776759834960103 0.0
v 9.635849594546016 7.084123031236231 0.0
v 3.2762312219128944 4.713508288376033 0.0
v 9.937311215617228 12.621697070077062 0.0
v 0.1642703671241179 12.457662644796073 0.0
v -7.895232490263879 7.693365877494216 0.0
v 6.6198635210166685 7.486695157364011 0.0
v -8.302327342680655 -12.024734867736697 0.0
v -14.050884563825093 6.177465073764324 0.0
v 6.0981620126985945 3.1444317949935794 0.0
v 8.854512539110146 9.825228911824524 0.0
v 10.399187529284973 9.710246124304831 0.0
v 0.8932624748558737 10.87173056229949 0.0
v -8.168429147801362 6.9718941524624825 0.0
v 2.5221181812812574 -5.288277993910015 0.0
v -12.248600630322471 -4.407874550670385 0.0
v 7.22451734932838 0.6993347182869911 0.0
v -2.272877282521222 -3.2046567471697927 0.0
v -6.739820129179861 14.066644038073719 0.0
v -2.839587686408777 13.77180908061564 0.0
v -14.284151971456595 2.8459773613139987 0.0
v -10.898062332707923 7.371578583493829 0.0
v -13.653251045267098 -12.865720667876303 0.0
v -2.9614461298915558 -0.38223884999752045 0.0
v -9.841354473435786 0.5765773765742779 0.0
v -2.079672467545606 -12.197974124923348 0.0
v 5.053586713329423 -2.499933809041977 0.0
v -8.54021133709466 -8.117821293883026 0.0
v 13.413849482079968 -11.208086350932717 0.0
v 4.4483470718842 -0.21159452479332685 0.0
v -8.514397920458578 -8.280077769421041 0.0
v -5.3500382514321245 10.791042480617762 0.0
v -3.8826894928351976 11.99327677115798 0.0
v -9.4661414535949 1.0262732962146401 0.0
v -5.9771771398955025 11.966813100501895 0.0
v 5.701903630339075 11.797927840612829 0.0
v 12.967589326261077 5.675289796665311 0.0
v -7.5459749405272305 12.339986141771078 0.0
v 2.665342833555769 9.694458263926208 0.0
v -1.8206920044030994 14.261445228010416 0.0
v 6.424049056658987 -14.79194662347436 0.0
v -13.925469824869651 10.514410214498639 0.0
v 7.538267992029432 11.79803198762238 0.0
v -7.772575626557227 2.6354199182242155 0.0
v -1.2948380421148613 -4.747961450368166 0.0
v 3.6549073327332735 3.967366368509829 0.0
v -13.034737462876365 10.149003907106817 0.0
v 11.057121639954858 7.142979580909014 0.0
v -14.409233213635162 -9.581686042249203 0.0
v -8.900876666186377 -4.760650159791112 0.0
v 0.27709368750220165 2.7279312945902348 0.0
v -2.1906747582252137 2.291062812320888 0.0
v -1.777519758848939 -6.748927656561136 0.0
v 3.884925318765454 -12.296136723831296 0.0
v -5.9534684691461734 11.309542641043663 0.0
v 13.971816528704949 -5.351230687461793 0.0
v 5.413019086874556 3.259791395626962 0.0
v 12.484587853075936 -8.182275393977761 0.0
v -12.559115721436683 0.3785982262343168 0.0
v -1.2035700294654816 -9.092710535041988 0.0
v -0.004648255999200046 -10.622485916130245 0.0
v 6.542911227908917 12.80378648918122 0.0
v 1.4482104532653466 -7.844982570968568 0.0
v -8.259056274662726 7.750232976861298 0.0
v -10.789430688892026 -1.0883960975334048 0.0
v 7.495201925456058 -5.256978447549045 0.0
v -0.09418134397128597 11.786343395709991 0.0
v 2.958732013241388 -12.407648962922394 0.0
v 7.2958685831399634 14.830975342541933 0.0
v -3.4609047685517 9.268374091014266 0.0
v 7.206077239883598 -0.5720645785331726 0.0
v 9.357046637975145 2.2059714384377003 0.0
v -4.00844223605236 6.623135543428361 0.0
v -6.3179686948424205 9.355529848486185 0.0
v -10.605251203174703 2.3881037728860974 0.0
v 2.1731136190355755 -8.576367858797312 0.0
v -0.9418905493803322 -14.697005143389106 0.0
v 5.44070567068411 -11.472789889201522 0.0
v 14.377679451426957 11.568385964259505 0.0
v 4.915576949773822 -2.529395963996649 0.0
v 3.6285535584320314 0.8975137723609805 0.0
v 5.229145469609648 -14.224962504580617 0.0
v -9.991050522308797 1.6968931192532182 0.0
v -6.339672114641871 11.92078498005867 0.0
v 12.274361082469113 -8.699739676900208 0.0
v -2.526475202292204 -11.45706039853394 0.0
v 2.1718505725148134 -7.0188553016632795 0.0
v 8.475142199429683 -7.342861055396497 0.0
v 14.023253009130713 -5.101381516084075 0.0
v 1.6364586493582465 5.4518864611163735 0.0
v 14.87077230826253 -0.7498420802876353 0.0
v 9.22027945308946 -2.4631454665213823 0.0
v -12.997304813063238 -1.206391324289143 0.0
v 14.593563960050233 -10.847958453930914 0.0
v 6.408784014172852 -4.241745878942311 0.0
v -4.963901938172057 -0.5229714401066303 0.0
v 8.328639783896506 0.10732552129775286 0.0
v -4.474350382108241 -3.6520735677331686 0.0
v 10.153951363870874 -1.6527975779026747 0.0
v -1.4051606771536171 6.78499008808285 0.0
v -12.603344734117854 -6.295821621082723 0.0
v 13.842227227753028 13.86756823118776 0.0
v 5.26118196855532 -12.593434780836105 0.0
v 11.923170108522754 -2.683435533195734 0.0
v 1.2434068172588013 0.030664419755339622 0.0
v -14.884082332835533 4.191557275131345 0.0
v 11.69485568755772 -10.026565863750875 0.0
v 7.649209185678046 -7.592847132124007 0.0
v 7.477604047686327 -0.006220817565917969 0.0
v 5.204860876488965 -6.458529717288911 0.0
v 4.029562011943199 3.7173738665878773 0.0
v -3.6486221547820605 -10.821218920871615 0.0
v -9.884287111170124 -5.835662719793618 0.0
v 14.059293816972058 -6.433198184706271 0.0
v -12.515561802545562 9.927258096635342 0.0
v -7.078850289864931 13.055241896770895 0.0
v 11.422884350060485 -12.916887205094099 0.0
v -1.4357581791700795 13.259191071614623 0.0
v -7.805000291788019 -12.62359850667417 0.0
v 8.837769666686654 -14.169731165282428 0.0
v -13.933371381368488 12.585841347463429 0.0
v 7.9011417788569815 -1.8706725779920816 0.0
v 10.816242238215636 7.152965607121587 0.0
v 5.181377153028734 5.299500533379614 0.0
v -8.245373890269548 -0.4824715433642268 0.0
v -4.648145772982389 11.07068382203579 0.0
v 14.821636330801994 -10.195111415348947 0.0
v 3.73997797886841 13.110933360643685 0.0
v -0.9336174911004491 -12.506248889490962 0.0
v -9.60975243523717 -10.618974682874978 0.0
v 5.443285393354017 -4.750631790608168 0.0
v 7.910400593071245 3.4179314263164997 0.0
v 10.897907716105692 -1.0231552068144083 0.0
v 4.242718423251063 9.951734451577067 0.0
v -9.917749875341542 -4.1940069096162915 0.0
v 1.3818997039925307 -0.6521707335487008 0.0
v 14.997899206762668 8.418747846968472 0.0
v -4.763286188768689 -8.77799603715539 0.0
v 13.015494228631724 6.2222833232954144 0.0
v -4.191047205589712 -6.05842066463083 0.0
v -4.189159709669184 -1.4393092775717378 0.0
v -7.111300173273776 1.8485427694395185 0.0
v -11.637656146893278 13.240740709006786 0.0
v -7.629049448471051 4.115556455217302 0.0
v -11.046685101697221 -0.15123119205236435 0.0
v 1.378475513891317 10.95624497719109 0.0
v 1.861362523457501 1.5554994102567434 0.0
v 14.469857011339627 4.3988936161622405 0.0
v -9.836369979486335 11.214702434837818 0.0
v -14.786220302863512 -1.3456358332186937 0.0
v -1.344285991450306 6.37266406044364 0.0
v 14.579362577467691 -6.914998086169362 0.0
v -0.5767233913647942 -8.190341152250767 0.0
v -11.762349696829915 4.025575263425708 0.0
v 7.503024073084816 -6.967725313268602 0.0
v 1.962767009041272 -0.22192591428756714 0.0
v 6.951594455051236 11.621659530326724 0.0
v -2.1495425337925553 -7.59465223737061 0.0
v -9.532336395641323 2.920438151806593 0.0
v 12.967743438843172 -5.430283538065851 0.0
v -2.183365846402012 6.550073196180165 0.0
v 13.383492862456478 -13.482040875591338 0.0
v -4.500579344457947 -0.6486296318471432 0.0
v -2.4024831733549945 -6.269425240345299 0.0
v 14.57213796110591 3.4227471305057406 0.0
v 7.116879705863539 -0.9506310680881143 0.0
v -13.460132304171566 -13.061929795891047 0.0
v 13.078370987845119 14.364399335347116 0.0
v -2.32059852022212 12.68984991684556 0.0
v 5.6109635852626525 2.9085482079535723 0.0
v -7.192858427239116 3.7613719264045358 0.0
v 5.1312789704534225 -6.338994177989662 0.0
v 14.656241589866113 3.2583195585757494 0.0
v 11.772487456852105 12.400842374190688 0.0
v -4.881062263273634 8.124649037607014 0.0
v 13.110533126920927 -12.88635337445885 0.0
v 3.7290609262418 4.2505795657634735 0.0
v -3.6839093923335895 5.172990381717682 0.0
v 9.077622458164115 6.791921964846551 0.0
v -6.2816748638870195 10.15134322270751 0.0
v 13.763955817441456 10.609360002912581 0.0
v -7.8059768822276965 -14.295876101590693 0.0
v -1.9124273984925821 -10.109126545488834 0.0
v -2.224578374007251 4.877735501155257 0.0
v -2.827316037612036 1.352748366072774 0.0
v 10.571479102305602 9.21420421358198 0.0
v 4.583510158059653 -12.333345703780651 0.0
v 14.24117494141683 5.3959187269210815 0.0
v 2.9469631672254764 -10.46950835455209 0.0
v 5.97822830057703 -7.910460421815515 0.0
v 12.101347102259751 -10.18484597466886 0.0
v 6.358123605779838 -14.732076393440366 0.0
v 0.42913463787408546 -11.762798701412976 0.0
v -5.083069481304847 -3.9237714633345604 0.0
v 3.8775693180505186 -2.8684742879122496 0.0
v -6.367812604526989 4.994730688631535 0.0
v 6.913755459827371 -6.872766320593655 0.0
v 14.561609062715434 0.19746166467666626 0.0
v -9.313498050323687 14.663358241319656 0.0
v -10.434964678715914 -6.741061891429126 0.0
v -8.853519626543857 1.9888332495465875 0.0
v 1.1613742730696686 14.309362105093896 0.0
v -6.883393618627451 -8.501058422960341 0.0
v -5.902321013447363 -1.4501873701810837 0.0
v -5.217339732276741 -6.2051360653713346 0.0
v 13.009433428407647 3.1330972341820598 0.0
v 1.7613843703293242 13.841404440812767 0.0
v 0.7928777119959705 3.6725177178159356 0.0
v -14.660910362377763 1.977457414381206 0.0
v 13.347172129550017 14.496430605649948 0.0
v 10.58611729030963 -7.597793187014759 0.0
v 13.728416604630183 -6.966925327666104 0.0
v 12.722751059802249 -5.977508793585002 0.0
v 10.716265127121005 -7.678077229298651 0.0
v -11.537003091943916 -13.334017930552363 0.0
v 5.792695807933342 10.493428513407707 0.0
v 3.6849565110751428 -8.751019300892949 0.0
v -0.05273909418610856 -7.3011424690485 0.0
v 9.507396757020615 -3.08900208491832 0.0
v -11.981716572481673 -4.172552216798067 0.0
v 12.982439500105102 -10.91682718321681 0.0
v -11.290048446855508 13.217070003040135 0.0
v 13.109901449817698 -2.849048645235598 0.0
v 2.173081552318763 -12.73886303883046 0.0
v 4.917345814232249 7.209606220014393 0.0
v -5.490673638181761 -8.825498879887164 0.0
v -4.113580552453641 8.966751878149807 0.0
v -2.4884781444561668 -5.590525962412357 0.0
v 1.2777642937144265 11.208581190556288 0.0
f 1109 190 1840
f 1169 58 1157
f 1191 868 483
f 1602 483 718
f 190 905 1840
f 67 1278 294
f 1064 1051 675
f 1475 1064 850
f 937 1767 1840
f 1813 1520 1492
f 918 1157 949
f 918 1169 1157
f 918 489 1169
f 868 143 971
f 1191 143 868
f 1274 1602 718
f 847 348 1840
f 905 847 1840
f 876 1278 668
f 876 1463 294
f 1278 876 294
f 1118 1971 1003
f 1274 1923 1664
f 150 1449 114
f 327 58 1547
f 489 15 1169
f 58 15 1547
f 1169 15 58
f 1921 1338 1231
f 1921 1315 1338
f 1315 632 1338
f 1229 937 1840
f 348 1229 1840
f 1659 112 694
f 1659 694 1492
f 1520 1659 1492
f 1441 729 1892
f 729 1441 489
f 918 729 489
f 1048 1441 1892
f 610 729 918
f 1602 1620 483
f 1898 178 1602
f 815 883 1375
f 733 847 905
f 2 1337 348
f 847 2 348
f 1094 1118 1003
f 1463 663 233
f 663 1459 233
f 1459 1047 668
f 1047 876 668
f 663 1047 1459
f 876 1047 1463
f 1047 663 1463
f 1574 1515 827
f 1872 1259 1598
f 1259 1872 861
f 389 1259 861
f 747 1274 718
f 747 1923 1274
f 40 1001 415
f 1862 378 718
f 378 777 718
f 1529 1862 718
f 1908 1529 718
f 1184 853 1487
f 853 1184 173
f 1618 1064 675
f 1618 675 82
f 1283 230 536
f 1212 1848 1064
f 1212 497 1848
f 497 1212 1227
f 1441 1108 489
f 1100 1108 1239
f 685 1100 1239
f 887 685 1239
f 685 887 1449
f 685 1449 150
f 1431 685 150
f 685 1431 1100
f 1414 517 373
f 132 1586 1125
f 1915 10 1942
f 1299 1921 1231
f 1574 1299 1231
f 1709 632 1315
f 1355 1414 373
f 968 1355 373
f 933 1635 411
f 1635 1355 411
f 1355 1635 1414
f 1355 941 411
f 941 1355 968
f 309 968 373
f 1229 1383 937
f 937 1252 1767
f 1424 1252 937
f 947 1109 1840
f 1767 947 1840
f 213 1908 126
f 1763 1680 856
f 1680 1763 451
f 145 59 1408
f 390 905 190
f 55 390 190
f 304 1638 793
f 1364 1146 1815
f 10 1146 1942
f 1146 10 1815
f 1146 1451 1942
f 1146 1364 1451
f 1490 538 1107
f 1659 945 112
f 945 1659 1520
f 945 1048 1892
f 1048 945 1520
f 38 1520 1813
f 38 1048 1520
f 1441 38 1813
f 1048 38 1441
f 1818 1441 1813
f 610 911 112
f 112 911 694
f 911 918 949
f 911 610 918
f 178 811 1602
f 811 1620 1602
f 1274 337 1602
f 337 1898 1602
f 337 1274 1664
f 199 562 1375
f 815 1897 883
f 883 1803 952
f 1897 1803 883
f 1279 511 1407
f 1229 1279 1407
f 1337 1279 348
f 1279 1229 348
f 725 1448 1433
f 1361 1278 67
f 1278 1361 668
f 1459 1794 233
f 1794 146 233
f 422 491 1433
f 1094 504 1118
f 1963 1753 654
f 1053 1913 1815
f 1319 1053 1815
f 10 1319 1815
f 1574 928 1515
f 928 1574 1231
f 984 928 1116
f 1515 1223 827
f 1223 427 827
f 1223 7 427
f 231 7 1340
f 7 231 427
f 1374 1872 1598
f 1374 231 1340
f 231 1374 1598
f 389 738 1003
f 1542 1971 1598
f 1259 1542 1598
f 1971 1542 1003
f 956 1609 1552
f 819 956 1552
f 1513 791 1923
f 1001 1984 415
f 1402 1178 507
f 623 197 1926
f 624 723 48
f 624 203 723
f 203 459 723
f 388 459 95
f 1450 438 1487
f 438 1184 1487
f 196 378 1862
f 853 3 1487
f 1868 1680 451
f 657 600 1480
f 844 657 1480
f 442 773 368
f 442 844 1498
f 844 442 657
f 63 1011 1267
f 1763 1288 451
f 1288 1763 1408
f 116 1267 451
f 116 63 1267
f 1288 116 451
f 1262 59 1581
f 773 133 368
f 1876 1907 1927
f 133 1876 1927
f 1918 442 1498
f 442 1918 773
f 1423 497 1227
f 814 1212 1064
f 1212 814 1227
f 216 1900 536
f 1900 216 1296
f 57 1650 1538
f 1422 1758 1699
f 1907 1291 1927
f 1291 133 1927
f 133 1291 368
f 1396 1422 1699
f 1396 379 1422
f 429 1307 344
f 1307 735 711
f 176 306 1149
f 306 1024 1149
f 595 306 176
f 1601 735 1307
f 1335 57 1538
f 1914 15 489
f 1108 1914 489
f 1220 1081 1441
f 1081 1108 1441
f 1108 1081 1239
f 1344 1123 886
f 132 1925 1586
f 1925 517 994
f 517 1925 373
f 1925 132 373
f 1586 1925 1606
f 1925 994 1606
f 161 1344 886
f 513 1586 1606
f 1915 590 10
f 1306 1574 827
f 1306 1299 1574
f 1921 757 1315
f 1299 757 1921
f 757 1709 1315
f 1632 1197 1338
f 979 1632 1338
f 632 1550 1338
f 1151 1039 1854
f 1846 1151 1854
f 994 445 1606
f 445 1846 1606
f 445 1151 1846
f 1301 517 92
f 517 1301 994
f 1635 1301 92
f 180 699 1437
f 699 180 988
f 1301 180 994
f 252 1635 92
f 1635 252 1414
f 517 252 92
f 252 517 1414
f 941 407 411
f 407 941 1268
f 181 407 1268
f 407 933 411
f 407 181 933
f 934 234 1115
f 1357 309 373
f 1102 1424 937
f 1383 1102 937
f 1102 1229 1407
f 1102 1383 1229
f 1237 736 1873
f 1109 1237 890
f 736 1237 1109
f 548 1908 718
f 1908 548 126
f 947 1507 1109
f 1704 366 1445
f 366 1704 947
f 1704 1507 947
f 1939 1507 400
f 1297 70 1945
f 54 1698 213
f 1297 44 1168
f 470 953 1945
f 953 1297 1945
f 168 824 1581
f 897 456 824
f 762 909 1543
f 762 346 1977
f 713 145 1408
f 1763 713 1408
f 45 662 145
f 662 59 145
f 59 662 330
f 524 1069 426
f 1919 524 426
f 1458 1529 169
f 1529 1458 992
f 346 84 1977
f 84 608 1977
f 84 1095 992
f 1458 84 992
f 84 1458 608
f 1679 33 824
f 33 897 824
f 883 1400 1375
f 1400 199 1375
f 199 1400 157
f 1167 1466 225
f 1622 123 596
f 123 1622 550
f 766 1761 1066
f 716 1622 596
f 1103 716 596
f 1049 782 601
f 390 715 905
f 304 1142 1551
f 1142 304 793
f 1142 904 1551
f 1364 1587 1451
f 1587 304 1451
f 1587 1638 304
f 1638 1106 793
f 1106 1142 793
f 690 1106 235
f 1106 1638 235
f 570 858 744
f 570 1490 1107
f 1586 621 1125
f 768 65 1443
f 492 768 1443
f 904 848 1551
f 848 1536 1551
f 1536 680 1551
f 1721 1915 1942
f 1367 570 744
f 570 1367 1490
f 590 79 1443
f 79 590 1915
f 326 848 612
f 712 610 112
f 945 712 112
f 712 945 1892
f 729 712 1892
f 610 712 729
f 697 1220 1441
f 1818 697 1441
f 631 598 1594
f 631 1813 1492
f 598 631 1492
f 395 1120 275
f 1120 693 912
f 693 1120 395
f 29 1484 912
f 1484 29 1440
f 29 1026 1440
f 22 1243 1440
f 951 157 614
f 951 199 157
f 199 951 1072
f 1234 1804 562
f 1397 1135 734
f 375 634 190
f 634 1716 1811
f 1135 1716 1312
f 1453 1234 562
f 1245 199 1072
f 199 1245 562
f 734 1442 111
f 1442 1806 111
f 1806 1442 1855
f 1371 277 327
f 277 1312 190
f 277 1284 1312
f 327 277 58
f 1284 277 496
f 380 1327 833
f 404 111 106
f 1897 404 106
f 404 1897 815
f 1804 404 815
f 1517 102 382
f 102 938 1021
f 510 2 847
f 574 1672 359
f 1672 239 359
f 486 745 359
f 239 486 359
f 479 813 1644
f 661 725 754
f 661 1448 725
f 1670 725 1433
f 1637 1475 850
f 1655 1637 850
f 1637 490 1702
f 516 1655 850
f 516 1559 1655
f 594 212 294
f 1597 594 294
f 594 1012 1582
f 1000 594 1582
f 594 1000 212
f 212 1000 294
f 1000 67 294
f 813 1779 1644
f 299 418 104
f 299 1094 1003
f 422 236 1890
f 1779 236 1644
f 236 1779 1890
f 1812 1963 1051
f 1812 1064 843
f 1064 1812 1051
f 1753 1812 843
f 1812 1753 1963
f 1963 1148 1051
f 1148 1963 654
f 654 1583 907
f 1620 542 483
f 1395 398 971
f 1395 97 398
f 1625 1676 1293
f 1676 1604 977
f 1624 797 1692
f 1228 504 1094
f 479 1016 813
f 1016 479 1448
f 508 740 564
f 1084 740 739
f 740 1084 530
f 1816 1257 711
f 218 31 522
f 1757 1364 1815
f 1913 1757 1815
f 1757 1587 1364
f 43 1319 10
f 590 43 10
f 420 1666 1896
f 1437 720 1039
f 720 303 1039
f 928 1755 1515
f 1755 1223 1515
f 1223 1755 7
f 7 1755 984
f 1755 928 984
f 427 602 827
f 602 1020 165
f 231 1539 427
f 372 1374 1340
f 100 1259 389
f 100 1542 1259
f 100 389 1003
f 1542 100 1003
f 1110 1232 1043
f 438 1110 1043
f 1110 438 1450
f 1110 1450 1185
f 604 1875 120
f 565 120 1633
f 565 604 120
f 1201 565 1633
f 1198 1201 1633
f 1863 23 683
f 1145 409 1866
f 1281 819 1866
f 777 1652 718
f 1652 747 718
f 1652 1572 747
f 747 609 1923
f 459 822 1645
f 822 459 388
f 226 1027 507
f 1027 226 1837
f 1178 226 507
f 623 226 1178
f 298 1639 48
f 1829 1513 1983
f 1513 1829 791
f 1410 1090 1983
f 1090 1410 1984
f 1090 1829 1983
f 692 459 1645
f 723 74 48
f 74 298 48
f 459 74 723
f 692 74 459
f 74 1982 298
f 337 1363 1898
f 1898 1363 178
f 515 438 1043
f 438 515 1184
f 313 515 1043
f 515 196 1862
f 196 515 313
f 289 515 1862
f 515 289 1184
f 49 1450 1487
f 3 49 1487
f 49 3 939
f 1680 1074 856
f 1074 939 856
f 1184 159 173
f 289 159 1184
f 469 289 1862
f 1529 469 1862
f 1969 469 1529
f 378 1759 777
f 1875 1007 1232
f 1158 1007 604
f 1007 1875 604
f 939 1613 856
f 3 1613 939
f 1613 3 853
f 688 1013 853
f 1336 1529 992
f 1336 1969 1529
f 695 374 816
f 1687 1119 596
f 921 695 816
f 921 1103 596
f 1119 921 596
f 615 1868 451
f 1198 288 23
f 23 1870 683
f 1870 878 683
f 288 1870 23
f 600 742 1480
f 600 1615 1362
f 1615 600 657
f 1852 1615 657
f 206 1078 105
f 585 1057 581
f 585 1366 1057
f 844 72 1498
f 764 1852 657
f 442 764 657
f 764 442 368
f 1289 764 368
f 91 1788 1267
f 1788 91 1880
f 1267 1788 451
f 1788 615 451
f 615 1788 1880
f 585 1588 1366
f 1609 1893 1552
f 936 615 1880
f 615 936 1868
f 936 1893 683
f 1893 936 546
f 599 116 1288
f 324 1479 1817
f 1277 133 773
f 1277 1876 133
f 1907 500 176
f 1876 500 1907
f 500 1418 176
f 1283 408 230
f 85 1423 1227
f 85 408 1283
f 408 85 679
f 1900 1760 536
f 557 1241 338
f 1022 1307 711
f 1307 1022 344
f 1104 25 1929
f 664 557 1924
f 381 1179 1580
f 1171 1428 1960
f 1412 1428 1678
f 216 1964 1296
f 1964 266 1296
f 725 87 754
f 87 1376 754
f 1670 87 725
f 1376 1186 355
f 836 1729 1929
f 1935 836 1929
f 836 1911 1170
f 1999 1935 1257
f 1999 836 1935
f 797 1976 1692
f 1911 1976 1170
f 1111 1457 558
f 1758 1153 57
f 1153 1650 57
f 1650 1153 1966
f 1966 1153 1422
f 1153 1758 1422
f 526 1291 1907
f 526 176 1149
f 526 1907 176
f 1291 526 279
f 1538 526 1149
f 1650 526 1538
f 1291 1017 368
f 1063 1188 581
f 1188 1063 41
f 1544 1966 1422
f 1966 1544 867
f 379 1544 1422
f 1851 1544 379
f 954 101 41
f 101 1188 41
f 1396 976 379
f 976 101 954
f 976 819 1552
f 819 976 1866
f 118 429 344
f 1616 350 1858
f 429 1616 855
f 1616 118 350
f 118 1616 429
f 543 306 595
f 543 719 650
f 429 527 1307
f 527 429 855
f 916 1335 1538
f 916 1024 1700
f 916 1538 1149
f 1024 916 1149
f 583 1108 1100
f 583 1914 1108
f 1993 1431 1547
f 1431 1993 1100
f 1993 583 1100
f 583 1993 1914
f 731 1711 1220
f 1711 1081 1220
f 1081 1711 1239
f 1920 887 1239
f 1123 1920 1239
f 1585 1221 1431
f 1327 616 833
f 1221 616 1371
f 616 1221 1585
f 185 1431 150
f 185 1585 1431
f 616 185 150
f 185 616 1585
f 354 161 47
f 799 161 886
f 161 799 47
f 799 458 47
f 1115 859 1469
f 234 859 1115
f 696 1591 995
f 696 859 1591
f 696 731 1469
f 859 696 1469
f 1244 859 234
f 65 1369 1443
f 1369 590 1443
f 43 1369 65
f 1369 43 590
f 1306 1668 1299
f 1668 602 165
f 1668 1306 827
f 602 1668 827
f 1584 1668 165
f 64 1632 979
f 699 64 979
f 68 979 1338
f 1550 68 1338
f 68 1550 632
f 221 68 632
f 838 445 994
f 445 838 1151
f 838 180 1437
f 180 838 994
f 838 1437 1039
f 1151 838 1039
f 124 598 1492
f 1197 124 1338
f 1338 124 1231
f 124 928 1231
f 181 804 933
f 804 707 933
f 707 804 1197
f 1207 1301 1635
f 1207 1635 933
f 707 1207 933
f 1780 941 968
f 1060 631 1594
f 1060 934 1115
f 631 1060 1115
f 702 1018 1535
f 1060 748 934
f 748 1060 1594
f 748 124 943
f 598 748 1594
f 124 748 598
f 366 1190 1445
f 393 1190 412
f 1287 947 1767
f 1287 366 947
f 808 1287 1767
f 11 470 1945
f 808 966 412
f 966 393 412
f 966 808 1767
f 1252 966 1767
f 966 1252 1424
f 213 51 1908
f 51 1727 1908
f 1698 51 213
f 548 1474 126
f 400 854 1445
f 854 1704 1445
f 1507 854 400
f 1704 854 1507
f 1981 1939 1873
f 1939 1981 1507
f 5 393 1945
f 70 5 1945
f 5 1190 393
f 1190 5 1445
f 5 400 1445
f 5 70 400
f 70 1128 400
f 1128 70 1297
f 1128 1297 1168
f 1128 1939 400
f 1939 1128 1873
f 1237 227 890
f 227 548 890
f 1096 706 1950
f 706 1098 872
f 763 1098 253
f 1612 1677 1950
f 706 1612 1950
f 889 763 253
f 1894 889 253
f 75 1679 824
f 168 75 824
f 59 1304 1581
f 1304 168 1581
f 1304 59 330
f 1069 1548 426
f 1548 1069 1614
f 662 35 330
f 1129 888 1391
f 419 1769 1677
f 888 1769 1334
f 1769 888 1129
f 824 1247 1581
f 456 1247 824
f 1740 456 897
f 1740 1769 1129
f 1247 1740 1129
f 1740 1247 456
f 1677 1740 1950
f 1769 1740 1677
f 1130 45 145
f 713 1130 145
f 1130 371 909
f 371 1130 713
f 528 1763 856
f 528 713 1763
f 528 371 713
f 524 13 1069
f 866 524 1919
f 1977 1936 426
f 608 1936 1977
f 33 1164 897
f 1164 33 1471
f 1382 32 1271
f 331 1577 1391
f 331 888 1334
f 888 331 1391
f 640 1749 863
f 1622 640 550
f 1905 102 1021
f 509 1905 1021
f 102 1905 382
f 1905 1761 382
f 863 322 382
f 485 1778 1127
f 32 485 1271
f 485 419 1677
f 485 32 419
f 1627 1482 1569
f 1134 183 1569
f 1540 281 131
f 1331 1540 131
f 1540 1331 952
f 1400 163 157
f 163 1400 883
f 157 1715 614
f 163 1715 157
f 1167 1841 1466
f 1841 163 1485
f 1841 1715 163
f 1841 1167 614
f 1715 1841 614
f 123 1208 596
f 1208 123 818
f 789 1208 818
f 1208 1687 596
f 1687 1208 789
f 1810 766 1066
f 481 1810 1085
f 716 1762 1622
f 1749 1762 105
f 1762 1749 1546
f 1211 1049 601
f 1466 1211 225
f 1049 1211 1466
f 1567 998 1072
f 998 1167 225
f 1167 998 1567
f 1384 202 818
f 1211 202 225
f 202 1211 601
f 202 789 818
f 782 202 601
f 202 782 789
f 123 1523 818
f 1523 1384 818
f 1061 1784 1204
f 1838 1061 1204
f 1838 539 1061
f 1142 1087 904
f 1087 487 904
f 1087 1106 690
f 1106 1087 1142
f 1557 570 1107
f 513 361 1586
f 361 621 1586
f 361 43 65
f 43 361 513
f 768 361 65
f 361 768 621
f 1365 768 492
f 768 1365 621
f 848 1435 612
f 680 1949 538
f 93 1949 365
f 1949 93 538
f 1949 680 1536
f 687 304 1551
f 680 687 1551
f 1721 1154 1915
f 1154 1721 1218
f 1154 79 1915
f 495 1351 364
f 1351 1418 364
f 1351 595 176
f 1418 1351 176
f 862 656 561
f 1918 1599 773
f 1599 1918 1498
f 862 1302 1822
f 848 1725 1536
f 326 1725 848
f 1725 1949 1536
f 1823 218 522
f 656 809 522
f 809 1823 522
f 1823 809 895
f 1770 809 656
f 584 495 561
f 656 584 561
f 584 656 522
f 731 1886 1469
f 1886 697 1469
f 1886 731 1220
f 697 1886 1220
f 1392 1818 1813
f 631 1392 1813
f 697 1392 1469
f 1392 697 1818
f 1392 1115 1469
f 1392 631 1115
f 219 605 1484
f 1243 219 1440
f 219 1484 1440
f 1607 605 358
f 605 1607 1484
f 1607 1120 912
f 1484 1607 912
f 641 587 1960
f 802 654 907
f 449 1849 488
f 86 1849 129
f 1849 86 488
f 577 1412 1678
f 551 676 1286
f 676 551 855
f 551 527 855
f 1026 1070 1440
f 676 1050 1286
f 1284 450 1312
f 450 1135 1312
f 450 1284 734
f 1135 450 734
f 1470 1567 1072
f 951 1470 1072
f 1804 812 562
f 812 1804 815
f 562 812 1375
f 812 815 1375
f 1135 158 1703
f 1397 158 1135
f 158 1397 1234
f 158 1453 1703
f 1453 158 1234
f 946 1811 1472
f 1453 1210 1703
f 1210 1453 1940
f 1811 1791 1472
f 1716 1791 1811
f 1791 1210 1472
f 1210 1791 1703
f 1791 1135 1703
f 1791 1716 1135
f 749 634 375
f 749 1716 634
f 749 375 190
f 1312 749 190
f 1716 749 1312
f 1453 1505 1940
f 1505 1553 1940
f 1505 1453 562
f 1245 1505 562
f 228 1388 1809
f 1139 380 833
f 380 1139 1809
f 1442 147 1855
f 1388 147 1809
f 147 380 1809
f 111 684 106
f 1806 684 111
f 328 1442 734
f 1442 328 113
f 328 1284 496
f 1284 328 734
f 1327 1887 113
f 1887 1327 380
f 1887 1442 113
f 147 1887 380
f 1887 147 1442
f 910 1327 113
f 328 910 113
f 678 734 111
f 404 678 111
f 678 1397 734
f 1397 678 1234
f 678 1804 1234
f 678 404 1804
f 917 574 359
f 745 917 359
f 917 938 574
f 1706 552 730
f 1085 1187 1917
f 1187 1731 1917
f 1731 2000 1917
f 357 2000 1731
f 1784 357 1204
f 2000 357 1784
f 1623 485 1677
f 485 1623 1778
f 823 322 1083
f 1156 806 6
f 636 1517 184
f 1517 636 102
f 636 938 102
f 733 1732 847
f 1732 510 847
f 1381 1732 733
f 510 1675 239
f 1675 486 239
f 2 1833 1337
f 703 1833 2
f 1833 1279 1337
f 1279 1833 511
f 1833 119 511
f 140 703 2
f 510 140 2
f 140 510 239
f 1672 140 239
f 703 140 1672
f 1807 703 1672
f 1807 1672 574
f 200 1807 347
f 1807 200 703
f 938 1807 574
f 1461 1670 1433
f 490 1461 1702
f 491 1461 1433
f 1600 1756 1702
f 1756 1637 1702
f 1756 1600 1475
f 1637 1756 1475
f 525 1900 1296
f 497 191 1848
f 153 356 1559
f 356 1900 1280
f 356 191 497
f 191 356 153
f 1760 356 497
f 356 1760 1900
f 125 516 850
f 1064 125 850
f 1848 125 1064
f 1030 651 779
f 1953 1200 1597
f 1200 594 1597
f 594 1200 1012
f 1012 1200 1649
f 1200 1953 1649
f 630 865 1603
f 1361 865 668
f 1938 1459 668
f 1938 1794 1459
f 865 1938 668
f 1938 865 630
f 875 334 978
f 875 1000 1582
f 1000 875 978
f 875 1012 1649
f 1012 875 1582
f 1608 875 1649
f 875 1608 334
f 334 1121 978
f 1121 1214 978
f 1214 1121 710
f 1076 1986 1214
f 1076 223 1172
f 223 1076 1214
f 1214 128 978
f 1986 128 1214
f 884 128 1986
f 128 884 67
f 1000 128 67
f 128 1000 978
f 674 1661 1688
f 1779 674 1688
f 674 1779 813
f 418 592 272
f 299 592 418
f 1162 122 1603
f 1076 1162 1603
f 1162 1076 1172
f 236 1394 1644
f 1394 236 422
f 1394 422 1433
f 1394 479 1644
f 1448 1394 1433
f 479 1394 1448
f 675 881 82
f 1753 1052 654
f 1052 1583 654
f 1052 1753 843
f 143 276 971
f 276 1419 971
f 1419 276 542
f 882 143 1191
f 882 1191 483
f 542 882 483
f 882 276 143
f 276 882 542
f 1324 1395 971
f 1419 1324 971
f 1163 97 1395
f 1324 1163 1395
f 1258 1163 1589
f 1163 1258 97
f 1376 473 754
f 1686 473 1376
f 1676 788 1293
f 788 473 1293
f 473 788 754
f 1676 649 1604
f 649 1676 1625
f 27 1625 1293
f 27 1624 1692
f 649 27 1692
f 27 649 1625
f 1630 171 504
f 1228 1630 504
f 430 1228 1094
f 788 1974 286
f 1974 1676 977
f 1974 788 1676
f 1034 508 564
f 508 1034 935
f 740 991 564
f 991 740 530
f 735 1739 711
f 1739 1816 711
f 31 448 522
f 448 584 522
f 584 448 495
f 1176 1522 558
f 1522 1111 558
f 1111 1522 625
f 460 273 402
f 1789 460 402
f 719 1426 650
f 436 448 31
f 1587 148 1638
f 1757 148 1587
f 1638 148 235
f 148 1757 235
f 1514 1757 1913
f 69 1514 1913
f 1757 1514 235
f 1514 690 235
f 1319 1972 1053
f 1972 1518 1053
f 1420 513 1606
f 1420 43 513
f 645 1155 1666
f 303 1478 1039
f 1039 1478 1854
f 1159 720 1437
f 1215 1718 303
f 1159 1215 720
f 1020 1486 165
f 602 1077 1020
f 740 1768 739
f 1768 740 508
f 1666 1432 1896
f 1236 1432 1390
f 1432 1393 1896
f 1393 1432 1236
f 1713 1236 1390
f 1991 602 427
f 1194 231 1598
f 1194 1539 231
f 1991 1194 967
f 870 7 984
f 7 870 1340
f 870 372 1340
f 1872 1728 861
f 928 174 1116
f 174 1605 1116
f 174 124 1492
f 124 174 928
f 1467 389 861
f 1467 738 389
f 403 923 1380
f 973 1380 146
f 973 403 1380
f 1010 122 1722
f 403 1010 1722
f 122 1010 1603
f 1938 1010 1794
f 973 1010 403
f 1010 630 1603
f 1010 1938 630
f 1794 1010 146
f 1010 973 146
f 523 1158 604
f 1639 523 48
f 523 1639 1001
f 280 40 960
f 1007 280 960
f 280 1007 1158
f 1634 1110 1185
f 1875 1634 1185
f 1110 1634 1232
f 1634 1875 1232
f 565 1629 604
f 1629 523 604
f 624 1629 203
f 1629 624 48
f 523 1629 48
f 1990 1198 23
f 1863 1990 23
f 1198 1990 1201
f 1032 312 1699
f 1902 1643 1402
f 1643 1026 1402
f 312 1643 1902
f 1643 312 1032
f 453 1027 1837
f 1027 453 409
f 1281 453 1837
f 409 453 1866
f 453 1281 1866
f 819 682 956
f 1281 682 819
f 682 388 95
f 682 95 1477
f 1201 682 1477
f 444 1281 1837
f 226 444 1837
f 682 444 388
f 444 682 1281
f 444 226 623
f 444 822 388
f 822 444 623
f 1572 1411 747
f 1411 609 747
f 609 1411 1572
f 629 1759 960
f 1311 1410 1983
f 1513 1311 1983
f 1311 1513 1923
f 609 1311 1923
f 765 660 1140
f 1961 1746 783
f 1621 248 1178
f 1621 1178 1402
f 1152 1621 1402
f 1621 1746 248
f 1621 1152 783
f 1746 1621 783
f 1639 135 1001
f 135 1639 298
f 135 1984 1001
f 135 1090 1984
f 36 298 1405
f 1829 36 1405
f 36 135 298
f 1090 36 1829
f 135 36 1090
f 1829 1525 791
f 1525 337 1664
f 1525 1363 337
f 1923 1525 1664
f 791 1525 1923
f 1734 74 692
f 1982 1734 874
f 1734 1982 74
f 298 1985 1405
f 1982 1985 298
f 993 542 1620
f 993 1947 542
f 1870 1904 878
f 21 159 289
f 469 21 289
f 21 469 1969
f 196 480 378
f 480 1759 378
f 1013 758 853
f 758 1613 853
f 758 1013 1543
f 528 758 371
f 1613 758 856
f 758 528 856
f 909 758 1543
f 371 758 909
f 229 688 346
f 688 229 1013
f 762 229 346
f 1013 229 1543
f 229 762 1543
f 84 386 1095
f 386 688 1095
f 386 84 346
f 688 386 346
f 1095 579 992
f 579 1336 992
f 1336 981 1969
f 981 579 1095
f 579 981 1336
f 981 21 1969
f 159 981 173
f 21 981 159
f 534 1354 1733
f 374 1354 816
f 1772 1354 374
f 1354 1506 1733
f 1506 1354 1772
f 1119 18 1425
f 1687 18 1119
f 18 1687 789
f 18 782 1425
f 782 18 789
f 1871 1119 1425
f 1871 108 1922
f 673 921 1119
f 921 673 695
f 1871 673 1119
f 673 1871 1922
f 339 534 1733
f 208 563 885
f 534 563 208
f 339 563 534
f 1979 563 339
f 271 1198 1633
f 271 288 1198
f 120 271 1633
f 271 1875 1185
f 1875 271 120
f 285 1870 288
f 285 271 1185
f 271 285 288
f 16 91 1267
f 16 1588 91
f 1640 1615 1852
f 1366 1640 1057
f 1358 771 105
f 1078 1358 105
f 1332 844 1480
f 1332 72 844
f 72 1332 1479
f 742 1332 1480
f 1479 1332 1817
f 1332 742 1817
f 1527 764 1289
f 764 1527 1852
f 1527 109 1852
f 1588 121 91
f 121 1588 585
f 121 585 581
f 1893 222 1552
f 222 1893 546
f 1893 417 683
f 417 1893 1609
f 417 1863 683
f 1863 417 1609
f 1226 936 683
f 936 1226 1868
f 1868 1226 1680
f 878 1226 683
f 1226 878 1680
f 1842 936 1880
f 936 1842 546
f 59 1843 1408
f 1843 1288 1408
f 1843 599 1288
f 1843 193 599
f 325 1011 63
f 1011 325 332
f 1132 193 1262
f 1132 325 63
f 325 1132 1903
f 830 1262 1581
f 325 778 332
f 742 1882 1817
f 1882 742 600
f 1078 1774 257
f 1774 1078 206
f 1209 1277 773
f 1277 1742 1876
f 1742 500 1876
f 1209 1742 1277
f 1742 1209 364
f 1418 1742 364
f 500 1742 1418
f 1618 1056 1064
f 1056 746 1064
f 746 1056 826
f 1005 408 679
f 826 1005 679
f 408 1005 230
f 1005 1995 230
f 1005 826 1131
f 926 85 1283
f 85 926 1423
f 1423 1771 497
f 1771 1760 497
f 1760 1771 536
f 926 1771 1423
f 1771 1283 536
f 1771 926 1283
f 557 566 1241
f 1329 266 1175
f 525 1329 1075
f 266 1329 1296
f 1329 525 1296
f 1257 1415 711
f 1415 1022 711
f 179 664 1924
f 160 381 1580
f 160 154 381
f 852 160 1580
f 160 1171 1960
f 154 160 1960
f 287 1428 922
f 1428 287 1678
f 1849 287 922
f 449 287 1849
f 607 1964 1179
f 1964 607 266
f 1179 296 1580
f 1964 296 1179
f 1995 296 230
f 1909 1376 355
f 1909 1686 1376
f 1686 1909 1624
f 1997 1686 1624
f 1997 27 1293
f 27 1997 1624
f 473 1997 1293
f 1997 473 1686
f 53 1439 1729
f 1439 53 797
f 1186 243 355
f 1954 293 416
f 301 1999 1257
f 1999 301 558
f 301 273 558
f 1999 817 836
f 836 817 1911
f 1457 817 558
f 817 1999 558
f 1111 817 1457
f 817 1111 1911
f 1042 1228 1604
f 669 1216 633
f 220 1976 1911
f 569 1758 57
f 34 1070 308
f 526 1576 279
f 1576 526 1650
f 1576 1650 1966
f 109 443 1654
f 443 1017 1654
f 443 1527 1289
f 1527 443 109
f 443 1289 368
f 1017 443 368
f 1654 1695 1057
f 1057 1695 581
f 1695 1063 581
f 1063 1136 41
f 1136 954 41
f 976 1141 1866
f 1141 1145 1866
f 1141 312 1902
f 452 1141 1902
f 1141 452 1145
f 391 976 1552
f 976 391 101
f 222 391 1552
f 957 1601 1307
f 527 957 1307
f 551 957 527
f 916 681 1335
f 681 916 1700
f 237 1993 1547
f 1993 237 1914
f 15 237 1547
f 1914 237 15
f 1112 1123 1239
f 1711 1112 1239
f 307 1123 1344
f 307 1920 1123
f 1920 307 887
f 1449 307 114
f 887 307 1449
f 1221 1088 1431
f 1088 327 1547
f 1431 1088 1547
f 616 930 1371
f 930 616 1327
f 1144 616 150
f 616 1144 833
f 1144 150 114
f 228 1144 114
f 1144 228 1809
f 1144 1139 833
f 1139 1144 1809
f 858 139 744
f 1456 139 858
f 934 1504 234
f 748 1504 934
f 1504 748 702
f 859 796 1591
f 1244 796 859
f 9 1356 1709
f 1356 9 1745
f 9 1864 1745
f 1668 1230 1299
f 1584 1230 1668
f 1864 1230 1584
f 383 699 988
f 383 64 699
f 1632 1980 1197
f 64 1980 1632
f 383 1980 64
f 1215 670 1830
f 670 1215 1159
f 699 670 1437
f 670 1159 1437
f 1356 1317 1709
f 221 1317 1356
f 1709 1317 632
f 1317 221 632
f 221 761 1830
f 761 1215 1830
f 1215 761 1718
f 1877 181 1268
f 1877 804 181
f 804 1877 1197
f 1877 124 1197
f 1780 1558 1535
f 1558 1780 968
f 941 955 1268
f 702 224 1018
f 224 748 943
f 748 224 702
f 124 224 943
f 1877 224 124
f 1190 1669 412
f 1669 1190 366
f 1669 808 412
f 1669 1287 808
f 1287 1669 366
f 1563 1698 215
f 1563 51 1698
f 51 1563 1727
f 1727 1465 1908
f 1069 1808 1614
f 13 1808 1069
f 1808 13 1959
f 107 33 1614
f 33 107 1471
f 107 1819 1471
f 1819 107 642
f 1379 1465 1189
f 537 1465 1727
f 1465 537 1189
f 1474 189 126
f 1177 189 1952
f 189 1177 54
f 189 213 126
f 189 54 213
f 736 1743 1873
f 1743 1981 1873
f 1743 736 1109
f 1507 1126 1109
f 1981 1126 1507
f 1126 1743 1109
f 1743 1126 1981
f 1177 1339 54
f 1698 1339 1266
f 54 1339 1698
f 1339 1177 1952
f 1339 953 1266
f 227 958 44
f 44 958 1168
f 958 1237 1873
f 958 227 1237
f 958 1128 1168
f 1128 958 1873
f 1850 227 44
f 189 1850 1952
f 1850 189 1474
f 1098 1773 253
f 1773 1098 706
f 1096 1773 706
f 1773 1164 253
f 1164 1773 897
f 1065 889 1894
f 1065 1819 642
f 1819 1065 1894
f 11 1387 470
f 1957 1098 763
f 1488 1957 763
f 119 892 506
f 1530 115 1679
f 75 1530 1679
f 1530 75 168
f 1304 1530 168
f 1660 1548 1614
f 1548 1660 115
f 115 1660 1679
f 482 1548 115
f 482 762 1977
f 482 1977 426
f 1548 482 426
f 1769 521 1334
f 521 1769 419
f 521 331 1334
f 331 521 1577
f 1740 258 1950
f 258 1740 897
f 1773 258 897
f 258 1096 1950
f 258 1773 1096
f 1529 1203 169
f 1203 1529 1908
f 1465 1203 1908
f 1379 1203 1465
f 1401 1919 426
f 1936 1401 426
f 1919 1401 169
f 1401 1936 169
f 1458 1944 608
f 1944 1936 608
f 1944 1458 169
f 1936 1944 169
f 999 1164 1471
f 1819 999 1471
f 999 1819 1894
f 999 1894 253
f 1164 999 253
f 394 32 1382
f 521 394 1577
f 32 394 419
f 394 521 419
f 622 640 863
f 640 622 766
f 766 622 1761
f 622 863 382
f 1761 622 382
f 1749 741 1546
f 640 741 1749
f 741 640 1622
f 741 1762 1546
f 1762 741 1622
f 1905 987 1761
f 987 1905 509
f 1761 987 1066
f 987 509 745
f 1707 1512 1127
f 1707 823 1083
f 1156 1707 1127
f 1707 1156 1517
f 659 1749 105
f 771 659 105
f 1512 1730 1127
f 1730 485 1127
f 1730 1512 1271
f 485 1730 1271
f 1841 232 1466
f 232 1841 1485
f 467 93 365
f 28 467 365
f 93 467 96
f 1673 1438 131
f 1489 883 952
f 1489 163 883
f 1331 1489 952
f 1489 1331 131
f 1438 1489 131
f 1276 640 766
f 640 1276 550
f 1276 481 550
f 1810 370 766
f 370 1810 481
f 370 1276 766
f 1276 370 481
f 700 716 1103
f 700 1762 716
f 238 700 1103
f 108 1932 137
f 467 1932 96
f 1932 28 137
f 1932 467 28
f 1871 1932 108
f 1665 1260 1072
f 998 1665 1072
f 1523 1436 1384
f 1533 123 550
f 1533 1523 123
f 997 1533 550
f 1533 997 1523
f 155 1085 1917
f 155 481 1085
f 539 1314 1061
f 559 1665 1233
f 1665 559 1260
f 950 715 390
f 950 20 1575
f 1014 1706 730
f 1575 1014 730
f 20 1014 1575
f 1037 1254 989
f 1254 1037 1706
f 1254 1973 580
f 1973 390 55
f 580 1973 55
f 142 1134 1569
f 142 1557 1134
f 1456 142 1569
f 142 1456 858
f 570 142 858
f 1557 142 570
f 494 995 1793
f 494 1628 995
f 1357 494 1793
f 1430 487 1328
f 218 1430 1328
f 487 1430 904
f 1823 1430 218
f 1430 1823 1435
f 1430 848 904
f 1430 1435 848
f 376 1725 326
f 1725 376 1949
f 376 28 365
f 1949 376 365
f 1451 1764 1942
f 304 1764 1451
f 687 1764 304
f 737 1770 656
f 862 737 656
f 737 862 1822
f 339 737 1822
f 737 339 1770
f 72 39 1498
f 39 1599 1498
f 39 1333 1610
f 1302 187 1822
f 1979 187 1610
f 187 339 1822
f 187 1979 339
f 809 704 895
f 704 1823 895
f 1823 704 1435
f 1435 704 612
f 488 284 138
f 1657 284 488
f 284 1719 138
f 284 447 1719
f 447 985 1719
f 985 447 395
f 985 395 275
f 1412 985 275
f 441 1881 29
f 1152 1881 783
f 1881 441 783
f 693 1579 912
f 1579 29 912
f 1579 441 29
f 1595 693 395
f 1595 1961 693
f 447 1595 395
f 284 1595 447
f 1595 1657 1140
f 1595 284 1657
f 1961 1004 693
f 1004 1579 693
f 1579 1004 441
f 441 1004 783
f 1004 1961 783
f 26 219 1243
f 26 1616 1858
f 605 26 1858
f 219 26 605
f 26 1243 855
f 1616 26 855
f 1564 641 1960
f 1428 1564 1960
f 1120 1564 275
f 1564 1412 275
f 1564 1428 1412
f 587 1988 358
f 641 1988 587
f 1988 1607 358
f 1607 1988 1120
f 1988 1564 1120
f 1564 1988 641
f 1611 1241 924
f 1241 1611 338
f 1359 1006 338
f 1736 802 270
f 1736 1148 654
f 802 1736 654
f 1874 86 129
f 802 1240 270
f 1240 1874 270
f 1874 1240 86
f 1240 802 907
f 86 1240 907
f 71 577 1719
f 577 71 1412
f 985 71 1719
f 71 985 1412
f 637 577 1678
f 287 637 1678
f 637 287 449
f 577 637 1719
f 1719 637 138
f 637 488 138
f 637 449 488
f 1070 755 308
f 755 1070 1026
f 1643 755 1026
f 755 1032 308
f 755 1643 1032
f 1243 1786 855
f 1786 676 855
f 1786 1050 676
f 172 951 614
f 172 1470 951
f 1470 172 1567
f 1167 172 614
f 172 1167 1567
f 634 959 190
f 959 634 1811
f 959 55 190
f 1951 1540 952
f 255 1627 1569
f 183 255 1569
f 228 576 1388
f 576 307 1344
f 576 228 114
f 307 576 114
f 161 353 1344
f 353 576 1344
f 576 353 98
f 684 392 106
f 392 1897 106
f 392 1803 1897
f 509 591 745
f 591 917 745
f 917 591 938
f 591 509 1021
f 938 591 1021
f 552 42 1731
f 42 357 1731
f 801 552 1731
f 552 801 730
f 1041 770 1303
f 1041 806 1326
f 806 1041 6
f 770 1166 1303
f 1166 770 872
f 1098 1166 872
f 200 1310 1928
f 1310 76 1928
f 1310 1413 76
f 1310 200 347
f 1413 1647 76
f 1987 1310 347
f 1310 1987 1413
f 1612 774 1677
f 774 1623 1677
f 1623 774 1326
f 774 1041 1326
f 835 1156 1127
f 1156 835 806
f 1778 835 1127
f 1623 835 1778
f 806 835 1326
f 835 1623 1326
f 1385 1041 1303
f 1385 1156 6
f 1041 1385 6
f 1899 1675 510
f 1732 1899 510
f 879 1899 1575
f 1899 1732 1381
f 1899 950 1575
f 950 1899 1381
f 200 1114 703
f 1114 1833 703
f 1114 200 1928
f 892 1114 1928
f 1833 1114 119
f 1114 892 119
f 661 396 1448
f 1766 1016 1448
f 396 1766 1448
f 1766 396 1685
f 1900 205 1280
f 525 205 1900
f 1797 1079 1857
f 1030 1797 1857
f 1797 1030 779
f 1797 205 1079
f 356 1368 1559
f 1368 1797 779
f 516 794 1559
f 125 794 516
f 794 153 1559
f 794 191 153
f 191 794 1848
f 794 125 1848
f 651 14 1655
f 14 1637 1655
f 1637 14 490
f 1636 1160 1953
f 975 1608 1649
f 1953 975 1649
f 1661 1476 1688
f 1476 1608 1688
f 1476 1661 1028
f 223 1500 1172
f 1500 1162 1172
f 1162 1500 122
f 1500 249 1549
f 1722 1500 1549
f 122 1500 1722
f 262 1214 710
f 223 262 710
f 262 223 1214
f 1500 1565 249
f 1565 1500 223
f 249 965 1549
f 1121 750 710
f 750 1121 334
f 865 4 1603
f 4 865 1361
f 4 1076 1603
f 1076 4 1986
f 1661 1723 1028
f 674 1723 1661
f 592 177 738
f 177 592 299
f 738 177 1003
f 177 299 1003
f 1714 1084 739
f 1714 669 1084
f 677 555 1347
f 1583 204 907
f 341 1052 843
f 398 341 971
f 1064 341 843
f 341 1064 1475
f 97 1256 398
f 1258 1256 97
f 1947 1933 542
f 1933 1419 542
f 1933 1324 1419
f 127 508 935
f 1685 1205 286
f 1205 788 286
f 396 1205 1685
f 788 1205 754
f 1205 661 754
f 1205 396 661
f 220 902 1976
f 1976 1765 1692
f 1765 649 1692
f 649 1765 1604
f 1765 1042 1604
f 1250 446 1573
f 1216 1250 1573
f 446 1250 739
f 1216 1370 633
f 1370 1042 633
f 1370 1630 1228
f 1042 1370 1228
f 613 430 1094
f 613 299 104
f 299 613 1094
f 1802 613 104
f 613 1802 430
f 553 1802 104
f 1766 553 349
f 418 1708 104
f 1708 553 104
f 553 1708 349
f 1708 786 349
f 1708 418 1521
f 292 1965 541
f 292 991 530
f 991 292 541
f 1869 1522 1176
f 1869 1965 625
f 1522 1869 625
f 1024 1133 1700
f 1133 735 1700
f 1133 1739 735
f 1133 617 567
f 167 1351 495
f 448 167 495
f 1196 1176 558
f 273 1196 558
f 1196 273 460
f 1789 982 650
f 1464 1789 402
f 1464 1133 567
f 1739 1464 1816
f 1133 1464 1739
f 929 1426 986
f 1426 1531 986
f 1531 1426 719
f 543 549 719
f 549 543 595
f 428 1034 564
f 991 428 564
f 428 991 541
f 30 1972 1319
f 1972 30 689
f 30 1846 1854
f 689 30 1854
f 420 352 1666
f 352 645 1666
f 1518 352 1053
f 645 352 1518
f 1097 645 1518
f 323 767 1093
f 69 323 1093
f 1092 420 1896
f 686 37 303
f 37 1478 303
f 1478 37 1009
f 37 686 1390
f 1432 37 1390
f 37 1432 1009
f 1718 873 303
f 839 873 1718
f 873 839 1713
f 720 1199 303
f 1199 1215 303
f 1215 1199 720
f 761 499 1718
f 1864 499 1745
f 499 1864 1486
f 499 1356 1745
f 499 221 1356
f 499 761 221
f 970 1991 967
f 970 1077 602
f 1991 970 602
f 434 1768 508
f 1155 1796 1666
f 1796 1432 1666
f 1432 1796 1009
f 1796 1478 1009
f 785 1393 1236
f 1713 785 1236
f 1539 1787 427
f 1787 1991 427
f 1194 1787 1539
f 1787 1194 1991
f 514 1906 798
f 1360 514 798
f 484 785 244
f 1906 840 798
f 446 1821 1573
f 1821 1360 798
f 1360 1821 446
f 840 1821 798
f 1821 840 1033
f 1971 1499 1598
f 1728 1578 861
f 1578 1467 861
f 1295 984 1116
f 372 1556 1374
f 1374 1556 1872
f 1556 1728 1872
f 870 1556 372
f 1556 870 984
f 1295 1556 984
f 1556 1578 1728
f 1556 1295 1578
f 462 1463 233
f 146 462 233
f 753 923 403
f 965 753 1549
f 1820 923 1181
f 923 1820 174
f 1537 1820 1181
f 174 1820 1605
f 1820 1537 1605
f 280 1671 40
f 1671 280 1158
f 1671 1001 40
f 1269 459 203
f 95 1269 1477
f 459 1269 95
f 1269 1454 1477
f 1246 565 1201
f 1246 1629 565
f 1246 1201 1477
f 1454 1246 1477
f 1990 335 1201
f 682 335 956
f 335 682 1201
f 335 1609 956
f 1145 578 409
f 452 578 1145
f 578 1402 507
f 578 1902 1402
f 578 452 1902
f 1027 578 507
f 578 1027 409
f 1137 609 1572
f 1137 1410 609
f 1410 1091 1984
f 1984 1091 415
f 1137 1091 1410
f 1091 1137 629
f 1759 1860 777
f 629 1860 1759
f 1410 1885 609
f 1885 1311 609
f 1311 1885 1410
f 1025 677 1347
f 677 1025 765
f 1528 1025 1347
f 1724 677 765
f 1657 1724 1140
f 1724 765 1140
f 1724 1657 488
f 207 1724 488
f 1377 384 1113
f 384 1509 1140
f 660 384 1140
f 1746 1968 248
f 1968 197 623
f 1968 623 1178
f 248 1968 1178
f 1525 24 1363
f 1683 1829 1405
f 1290 1982 874
f 1290 1985 1982
f 24 781 1363
f 555 582 1347
f 582 555 913
f 582 1528 1347
f 1528 582 329
f 627 1313 871
f 1192 1290 874
f 1450 1562 1185
f 480 653 1759
f 1759 653 960
f 653 1007 960
f 653 480 196
f 1735 853 173
f 981 1735 173
f 1735 688 853
f 688 1735 1095
f 1735 981 1095
f 1570 1224 137
f 1658 1506 1772
f 425 534 208
f 425 1354 534
f 238 425 208
f 425 921 816
f 1354 425 816
f 921 425 1103
f 425 238 1103
f 529 673 1922
f 695 529 374
f 673 529 695
f 1224 529 137
f 529 1224 374
f 529 108 137
f 108 529 1922
f 471 1333 1479
f 864 1904 1870
f 285 864 1870
f 864 285 1185
f 1562 864 1185
f 1588 531 1366
f 16 531 1588
f 1011 1068 1267
f 1068 16 1267
f 1068 1011 332
f 16 1068 332
f 109 1261 1852
f 1261 1640 1852
f 1261 109 1654
f 1261 1654 1057
f 1640 1261 1057
f 732 1640 1366
f 1640 732 1615
f 531 732 1366
f 1615 732 1362
f 201 1078 257
f 201 1358 1078
f 336 222 546
f 391 336 101
f 336 391 222
f 1188 46 581
f 46 121 581
f 121 46 91
f 91 46 1880
f 46 1842 1880
f 193 192 599
f 116 192 63
f 599 192 116
f 192 1132 63
f 1132 192 193
f 1262 1462 59
f 193 1462 1262
f 1462 1843 59
f 1462 193 1843
f 503 830 1581
f 1247 503 1581
f 503 1129 1391
f 503 1247 1129
f 1132 1308 1903
f 1308 1132 1262
f 830 1308 1262
f 778 1781 332
f 156 325 1903
f 156 778 325
f 778 156 1577
f 1577 156 1391
f 1828 1882 600
f 1882 1828 964
f 1828 600 1362
f 1217 206 1270
f 1217 1270 885
f 1479 1217 885
f 324 1217 1479
f 1447 862 561
f 1209 1447 364
f 1302 1447 465
f 1447 1302 862
f 1447 495 364
f 495 1447 561
f 826 1691 1131
f 1056 1691 826
f 1691 1618 1131
f 1691 1056 1618
f 1496 814 1064
f 746 1496 1064
f 85 901 679
f 901 826 679
f 901 746 826
f 901 85 1227
f 901 1496 746
f 814 901 1227
f 1496 901 814
f 845 1005 1131
f 1005 845 1995
f 1839 852 1580
f 296 1839 1580
f 1839 296 1995
f 845 1839 1995
f 571 1839 1825
f 1839 571 852
f 130 566 61
f 664 1343 557
f 1343 566 557
f 566 1343 61
f 557 519 1924
f 519 268 1924
f 519 557 338
f 1022 898 344
f 268 1235 1924
f 1222 1235 1022
f 1329 1701 1075
f 1824 1935 1929
f 1935 1824 1257
f 1824 1222 1257
f 1415 665 1022
f 665 1222 1022
f 665 1415 1257
f 1222 665 1257
f 179 1831 664
f 1831 1343 664
f 1831 134 61
f 1343 1831 61
f 160 17 1171
f 17 160 852
f 17 1428 1171
f 1428 17 922
f 17 571 922
f 571 17 852
f 266 1832 1175
f 1832 607 1175
f 607 1832 266
f 296 597 230
f 597 296 1964
f 597 1964 216
f 230 597 536
f 597 216 536
f 638 1219 1825
f 1219 571 1825
f 1202 501 82
f 881 1202 82
f 282 53 1729
f 282 836 1170
f 836 282 1729
f 1976 282 1170
f 282 1976 797
f 53 282 797
f 1263 243 1186
f 243 1263 1503
f 1263 520 416
f 293 1263 416
f 1263 293 1503
f 532 1439 797
f 532 1909 355
f 1624 532 797
f 1909 532 1624
f 1439 841 1729
f 532 841 1439
f 243 841 355
f 841 532 355
f 1729 1495 1929
f 841 1495 1729
f 1495 841 243
f 1816 1321 1257
f 1321 301 1257
f 1464 1321 1816
f 1111 151 1911
f 151 220 1911
f 151 1111 625
f 1080 220 530
f 1084 1080 530
f 669 1080 1084
f 1042 1080 633
f 1080 669 633
f 1765 1080 1042
f 1080 902 220
f 1080 1765 902
f 1036 569 57
f 1335 1036 57
f 1758 1493 1699
f 569 1493 1758
f 1493 1032 1699
f 1493 1697 1032
f 1697 980 468
f 980 1493 569
f 1493 980 1697
f 34 1511 1070
f 1138 34 308
f 34 1138 468
f 1138 1697 468
f 1032 1138 308
f 1697 1138 1032
f 644 1291 279
f 644 1017 1291
f 900 1544 1851
f 1544 900 867
f 1798 976 954
f 1136 1798 954
f 1798 1851 379
f 976 1798 379
f 1798 900 1851
f 900 1798 1136
f 1141 295 312
f 295 1396 1699
f 312 295 1699
f 295 976 1396
f 295 1141 976
f 681 944 1335
f 944 681 1700
f 672 1711 731
f 696 672 731
f 1088 1970 327
f 1970 1088 1221
f 1970 1371 327
f 1970 1221 1371
f 1349 930 1327
f 1 1367 744
f 1 1429 1367
f 1429 1 79
f 906 139 1456
f 1482 906 1569
f 906 1456 1569
f 1628 658 995
f 458 658 47
f 658 458 995
f 261 1501 309
f 1501 261 1244
f 1046 1504 1752
f 1501 1046 1752
f 1046 1501 1244
f 1046 1244 234
f 1504 1046 234
f 362 796 1244
f 1545 1864 1584
f 1864 1545 1486
f 1545 1584 165
f 1486 1545 165
f 52 757 1299
f 1230 52 1299
f 757 52 1709
f 52 9 1709
f 9 52 1864
f 52 1230 1864
f 573 383 988
f 573 1207 707
f 180 573 988
f 573 180 1301
f 1207 573 1301
f 221 1674 68
f 1674 670 699
f 1674 221 1830
f 670 1674 1830
f 1674 699 979
f 68 1674 979
f 1558 251 1535
f 251 702 1535
f 1504 251 1752
f 251 1504 702
f 1501 251 309
f 251 1501 1752
f 1780 80 941
f 80 955 941
f 80 1780 1535
f 955 80 1535
f 1018 1519 1535
f 1519 955 1535
f 955 1519 1268
f 1519 1877 1268
f 224 1519 1018
f 1519 224 1877
f 643 502 76
f 1647 643 76
f 393 1775 1945
f 626 643 1322
f 643 626 502
f 1272 626 1150
f 502 1272 506
f 626 1272 502
f 1488 1626 215
f 1626 1563 215
f 1808 606 1614
f 606 1808 1910
f 606 107 1614
f 1717 1203 1379
f 1473 1379 1189
f 1850 1193 1952
f 1193 1339 1952
f 1339 1193 953
f 227 302 548
f 1850 302 227
f 302 1474 548
f 302 1850 1474
f 1690 1387 11
f 1690 626 1322
f 626 1690 1150
f 1086 1783 1098
f 1957 1086 1098
f 1741 1690 1322
f 1782 1741 1322
f 1741 1782 1783
f 790 1741 1783
f 502 1008 76
f 1008 502 506
f 892 1008 506
f 983 35 115
f 1530 983 115
f 35 983 330
f 983 1304 330
f 983 1530 1304
f 972 1660 1614
f 1660 972 1679
f 33 972 1614
f 972 33 1679
f 35 948 115
f 948 482 115
f 948 662 45
f 948 35 662
f 13 209 1959
f 209 1717 1959
f 1717 209 1203
f 209 13 524
f 866 209 524
f 1895 394 1382
f 942 1895 1382
f 1895 942 1358
f 1828 714 964
f 714 1828 778
f 714 778 1577
f 394 714 1577
f 987 1323 1066
f 1323 1810 1066
f 1019 1707 1083
f 1707 1019 1512
f 1996 1019 1083
f 1325 1517 382
f 1325 1707 1517
f 1707 1325 823
f 322 1325 382
f 823 1325 322
f 322 1403 1083
f 1403 322 863
f 182 1996 771
f 1358 182 771
f 942 182 1358
f 1147 182 942
f 182 1147 1996
f 1147 1382 1271
f 1147 942 1382
f 1526 316 619
f 316 232 619
f 316 1526 96
f 316 1049 1466
f 232 316 1466
f 538 1844 1107
f 1844 1526 1107
f 93 1844 538
f 1844 93 96
f 1526 1844 96
f 232 1998 619
f 1998 232 1485
f 340 183 1134
f 340 1673 131
f 281 340 131
f 183 340 281
f 1946 340 1134
f 340 1946 1673
f 1946 1557 1107
f 1557 1946 1134
f 1526 1946 1107
f 1946 1526 619
f 1673 780 1438
f 1998 780 619
f 780 1998 1438
f 780 1946 619
f 1946 780 1673
f 163 760 1485
f 1489 760 163
f 760 1998 1485
f 760 1489 1438
f 1998 760 1438
f 1861 238 208
f 1270 1861 885
f 1861 208 885
f 1762 264 105
f 700 264 1762
f 264 206 105
f 206 264 1270
f 264 1861 1270
f 264 700 238
f 1861 264 238
f 1682 782 1049
f 782 1682 1425
f 1682 1871 1425
f 1682 1932 1871
f 1665 110 1384
f 110 1665 998
f 110 202 1384
f 110 998 225
f 202 110 225
f 315 1665 1384
f 1436 315 1384
f 1665 315 1233
f 315 1436 1233
f 405 155 1917
f 2000 405 1917
f 405 2000 1784
f 1254 1242 989
f 1242 1254 580
f 1242 580 55
f 959 1242 55
f 1242 959 414
f 357 708 1204
f 42 708 357
f 708 42 1037
f 1294 708 989
f 708 1037 989
f 1436 990 1233
f 1314 990 1436
f 990 559 1233
f 1320 1314 539
f 1320 990 1314
f 990 1320 559
f 1320 1838 1566
f 1320 539 1838
f 1300 1381 733
f 1300 950 1381
f 950 1300 715
f 1300 733 905
f 715 1300 905
f 1978 1014 20
f 1978 1973 1254
f 1978 1254 1706
f 1014 1978 1706
f 1973 1978 390
f 1978 950 390
f 950 1978 20
f 728 132 1125
f 376 803 1570
f 803 376 1955
f 803 1224 1570
f 1710 376 326
f 376 1710 1955
f 1710 326 612
f 1955 1710 612
f 413 376 1570
f 376 413 28
f 413 1570 137
f 28 413 137
f 547 1967 1490
f 1154 1705 79
f 1705 1429 79
f 1705 1154 1218
f 810 39 1610
f 39 810 1599
f 1599 810 465
f 810 1302 465
f 187 810 1610
f 810 187 1302
f 94 39 72
f 39 94 1333
f 94 72 1479
f 1333 94 1479
f 339 1378 1770
f 1378 809 1770
f 1378 704 809
f 1378 339 1733
f 1943 1026 29
f 1881 1943 29
f 1026 1943 1402
f 1943 1152 1402
f 1943 1881 1152
f 166 1595 1140
f 1595 166 1961
f 1509 166 1140
f 166 1746 1961
f 166 1968 1746
f 709 1611 924
f 607 709 924
f 709 607 1179
f 154 829 381
f 829 154 1960
f 587 829 1960
f 792 1359 338
f 1611 792 338
f 792 829 1359
f 350 1045 1858
f 1045 605 1858
f 535 1736 270
f 1736 652 1148
f 1051 652 675
f 535 652 1736
f 652 881 675
f 652 535 881
f 946 620 1811
f 620 959 1811
f 959 894 414
f 894 851 414
f 851 894 946
f 894 620 946
f 620 894 959
f 1494 62 1553
f 1494 1505 1245
f 1505 1494 1553
f 1494 1245 1072
f 1889 946 1472
f 1889 851 946
f 1776 1838 1204
f 708 1776 1204
f 1776 708 1294
f 1776 1294 989
f 1540 472 281
f 1951 472 1540
f 1803 1748 952
f 1748 1951 952
f 1951 1748 98
f 1627 821 1482
f 353 821 1627
f 821 354 1482
f 354 821 161
f 821 353 161
f 320 552 1706
f 320 42 552
f 1037 320 1706
f 42 320 1037
f 486 1350 745
f 1675 1350 486
f 1899 1350 1675
f 1350 1899 879
f 1187 319 1731
f 319 801 1731
f 1166 475 1303
f 475 1782 1322
f 643 475 1322
f 475 643 1647
f 1413 828 184
f 1987 828 1413
f 636 343 938
f 343 1987 347
f 1807 343 347
f 343 1807 938
f 1041 837 770
f 774 837 1041
f 837 774 1612
f 770 837 872
f 837 706 872
f 837 1612 706
f 639 1647 1413
f 1385 639 1413
f 639 1385 1303
f 475 639 1303
f 639 475 1647
f 250 1413 184
f 1517 250 184
f 1156 250 1517
f 1766 1099 1016
f 1099 1766 349
f 786 1099 349
f 1016 1099 813
f 1079 1249 1075
f 205 1249 1079
f 1249 525 1075
f 1249 205 525
f 1368 423 1559
f 423 1368 779
f 651 423 779
f 1559 423 1655
f 423 651 1655
f 431 356 1280
f 431 1368 356
f 1368 431 1797
f 603 1015 1670
f 1248 603 1670
f 1248 1461 490
f 1461 1248 1670
f 14 1248 490
f 603 1248 1030
f 1248 651 1030
f 1248 14 651
f 1667 1030 1857
f 1667 603 1030
f 931 242 491
f 931 422 1890
f 422 931 491
f 975 931 1890
f 410 1600 1702
f 410 242 1600
f 242 410 491
f 1461 410 1702
f 410 1461 491
f 242 498 1600
f 1636 498 1160
f 1035 1953 1597
f 1035 1636 1953
f 1608 363 1688
f 975 363 1608
f 363 975 1890
f 1779 363 1890
f 363 1779 1688
f 1608 463 334
f 1476 463 1608
f 463 750 334
f 750 463 710
f 820 726 1028
f 726 1565 1028
f 592 247 272
f 247 592 738
f 752 884 1986
f 4 752 1986
f 884 752 67
f 752 1361 67
f 752 4 1361
f 1225 1723 1901
f 1225 820 1028
f 1723 1225 1028
f 795 1258 871
f 1313 795 871
f 795 1264 1554
f 204 367 907
f 367 207 488
f 367 86 907
f 86 367 488
f 555 618 913
f 618 367 204
f 518 341 398
f 1256 518 398
f 1417 795 1554
f 1497 1256 1258
f 518 1497 214
f 1497 518 1256
f 265 1163 1324
f 1933 265 1324
f 265 1933 1947
f 1163 265 1589
f 186 127 935
f 198 127 401
f 127 198 508
f 198 434 508
f 434 198 1124
f 902 724 1976
f 724 1765 1976
f 1765 724 902
f 90 1714 739
f 1250 90 739
f 90 1250 1216
f 669 90 1216
f 1714 90 669
f 66 1370 1216
f 171 66 1573
f 66 1216 1573
f 1630 66 171
f 1370 66 1630
f 430 194 1228
f 869 1685 286
f 869 1766 1685
f 869 553 1766
f 1708 1122 786
f 1122 1099 786
f 1122 674 813
f 1099 1122 813
f 1122 1723 674
f 1965 1038 541
f 1869 1038 1965
f 1133 1651 617
f 1651 982 617
f 982 1651 650
f 1651 543 650
f 436 932 448
f 932 167 448
f 1176 1318 986
f 1196 1318 1176
f 1318 1196 460
f 1318 929 986
f 929 1318 460
f 1663 982 1789
f 1464 1663 1789
f 1663 1464 567
f 617 1663 567
f 982 1663 617
f 1789 974 460
f 974 929 460
f 929 974 1426
f 974 1789 650
f 1426 974 650
f 549 1795 719
f 1795 932 436
f 932 1795 549
f 784 1795 436
f 784 1956 1328
f 1956 218 1328
f 1956 31 218
f 1416 436 31
f 1416 784 436
f 1956 1416 31
f 1416 1956 784
f 1238 784 1328
f 487 1238 1328
f 1087 1238 487
f 1238 1087 690
f 767 1568 1093
f 1568 69 1093
f 1568 1238 690
f 1514 1568 690
f 1568 1514 69
f 1238 1568 784
f 1912 1531 719
f 1795 1912 719
f 43 705 1319
f 705 30 1319
f 246 1097 1518
f 1972 246 1518
f 246 1972 689
f 246 689 1854
f 1097 246 1854
f 1805 1155 645
f 1097 1805 645
f 1805 1796 1155
f 1796 1805 1478
f 1478 1805 1854
f 1805 1097 1854
f 554 69 1913
f 554 323 69
f 554 1913 1053
f 1345 554 1053
f 323 554 857
f 554 1345 857
f 323 589 767
f 589 323 857
f 891 352 420
f 352 891 1053
f 891 1345 1053
f 1561 686 303
f 873 1561 303
f 969 499 1486
f 499 969 1718
f 245 970 967
f 646 560 244
f 646 970 560
f 970 646 1077
f 457 1360 446
f 457 446 739
f 1768 457 739
f 457 514 1360
f 434 457 1768
f 514 457 434
f 1455 434 1124
f 434 1455 560
f 484 1455 1124
f 560 1455 244
f 1455 484 244
f 1821 1067 1573
f 1067 1821 1033
f 1182 1067 1033
f 1067 171 1573
f 1194 961 967
f 961 1499 967
f 961 1194 1598
f 1499 961 1598
f 1884 1499 1971
f 1884 1971 1118
f 504 1884 1118
f 171 1884 504
f 1067 1884 171
f 1884 1067 1182
f 919 1295 1116
f 1605 919 1116
f 1537 919 1605
f 1641 462 146
f 103 923 174
f 462 103 174
f 103 1641 923
f 1641 103 462
f 923 256 1181
f 753 256 923
f 1341 403 1722
f 1341 753 403
f 1341 1722 1549
f 753 1341 1549
f 523 1292 1158
f 1292 1671 1158
f 1292 523 1001
f 1671 1292 1001
f 1246 1101 1629
f 1629 1101 203
f 1101 1269 203
f 1101 1454 1269
f 1101 1246 1454
f 1483 1990 1863
f 1483 335 1990
f 1483 1863 1609
f 335 1483 1609
f 1931 40 415
f 1091 1931 415
f 1931 1091 629
f 40 1931 960
f 1931 629 960
f 73 1652 777
f 1860 73 777
f 1652 73 1572
f 73 1137 1572
f 1137 1827 629
f 1827 1860 629
f 73 1827 1137
f 1827 73 1860
f 1427 1377 1054
f 384 1427 1509
f 1427 384 1377
f 512 822 623
f 822 512 1645
f 1377 1648 1054
f 1648 623 1926
f 197 1648 1926
f 1054 1648 197
f 274 1724 207
f 1724 274 677
f 274 555 677
f 1683 1856 1829
f 1856 1683 310
f 1856 1525 1829
f 1856 24 1525
f 1192 772 1290
f 56 1683 1405
f 1985 56 1405
f 1290 56 1985
f 1363 1865 178
f 781 1865 1363
f 1865 811 178
f 1992 24 647
f 297 1992 647
f 1992 297 254
f 329 667 666
f 582 667 329
f 384 290 1113
f 290 384 660
f 290 660 765
f 1192 290 1528
f 1025 290 765
f 290 1025 1528
f 1352 692 1645
f 290 1352 1113
f 1352 290 1192
f 1352 1734 692
f 1734 1352 874
f 1352 1192 874
f 476 1192 1528
f 476 666 1460
f 772 476 1460
f 476 772 1192
f 476 329 666
f 476 1528 329
f 49 1173 1450
f 1173 49 939
f 1994 653 196
f 653 1994 1007
f 1994 196 313
f 1007 1994 1232
f 1994 313 1043
f 1232 1994 1043
f 1658 1726 1955
f 1726 803 1955
f 803 1726 1224
f 1726 1658 1772
f 1726 1772 374
f 1224 1726 374
f 1658 1534 1506
f 1534 1955 612
f 1534 1658 1955
f 880 563 1979
f 471 880 1979
f 563 880 885
f 880 1479 885
f 880 471 1479
f 360 1979 1610
f 360 471 1979
f 1333 360 1610
f 471 360 1333
f 732 896 1362
f 896 732 531
f 896 531 16
f 201 144 1358
f 144 1895 1358
f 101 88 1188
f 88 46 1188
f 336 88 101
f 1165 503 1903
f 1308 1165 1903
f 503 1165 830
f 1165 1308 830
f 503 1265 1903
f 1265 156 1903
f 1265 503 1391
f 156 1265 1391
f 269 1781 778
f 1828 269 778
f 1571 743 1774
f 1571 1774 206
f 1217 1571 206
f 1571 1217 324
f 1571 324 1817
f 743 1571 1817
f 1447 1044 465
f 1044 1447 1209
f 1044 1209 773
f 1599 1044 773
f 1044 1599 465
f 611 638 1825
f 1839 611 1825
f 611 1839 845
f 611 845 501
f 1202 611 501
f 501 1105 82
f 845 1105 501
f 1105 845 1131
f 1105 1618 82
f 1618 1105 1131
f 566 1002 1241
f 130 1002 566
f 1241 635 924
f 635 607 924
f 1002 635 1241
f 635 1002 130
f 607 635 1175
f 635 130 1175
f 996 134 1954
f 1329 996 1954
f 134 996 61
f 996 130 61
f 996 1329 1175
f 130 996 1175
f 519 1989 268
f 1824 1631 1222
f 25 1631 1929
f 1631 1824 1929
f 305 898 1022
f 1235 305 1022
f 305 1235 268
f 1989 305 268
f 305 1989 898
f 776 1079 1075
f 1701 776 1075
f 1079 776 1857
f 776 899 1857
f 776 520 899
f 831 1831 179
f 831 25 1104
f 831 179 25
f 1831 831 134
f 293 831 1104
f 134 831 1954
f 831 293 1954
f 571 586 922
f 586 1849 922
f 1849 586 129
f 1255 243 1503
f 1255 1495 243
f 293 1255 1503
f 1255 293 1104
f 1255 1104 1929
f 1495 1255 1929
f 1321 8 301
f 273 8 402
f 301 8 273
f 8 1464 402
f 8 1321 1464
f 1965 1213 625
f 1213 151 625
f 292 1213 1965
f 151 1213 220
f 220 1213 530
f 1213 292 530
f 1050 1596 1286
f 1596 1335 1286
f 1596 1036 1335
f 1036 437 569
f 437 980 569
f 980 437 468
f 437 34 468
f 437 1036 34
f 842 1511 34
f 1036 842 34
f 1596 842 1036
f 22 1681 1243
f 1681 1786 1243
f 1511 1681 1070
f 1681 22 1440
f 1070 1681 1440
f 1017 1801 1654
f 644 1801 1017
f 1801 1695 1654
f 1695 1801 1063
f 1372 644 279
f 1576 1372 279
f 1372 1966 867
f 1372 1576 1966
f 1335 849 1286
f 944 849 1335
f 1662 1112 1711
f 672 1662 1711
f 458 60 995
f 60 696 995
f 60 799 886
f 799 60 458
f 910 1790 1327
f 1790 1349 1327
f 464 277 1371
f 930 464 1371
f 1777 906 1482
f 906 1777 139
f 354 1777 1482
f 362 1062 796
f 995 1062 1793
f 1591 1062 995
f 796 1062 1591
f 261 1468 1244
f 1468 362 1244
f 1062 1468 1793
f 1468 1062 362
f 1792 1980 383
f 573 1792 383
f 1980 1792 1197
f 1792 707 1197
f 1792 573 707
f 251 1696 309
f 1696 251 1558
f 309 1696 968
f 1696 1558 968
f 671 11 1945
f 1775 671 1945
f 787 1272 1150
f 787 1102 1407
f 511 787 1407
f 1272 787 506
f 119 787 511
f 787 119 506
f 877 1065 642
f 1065 877 889
f 1626 588 1563
f 107 588 642
f 588 877 642
f 1117 537 1727
f 1059 606 1910
f 1059 825 606
f 606 1646 107
f 825 1646 606
f 588 1646 1563
f 1646 588 107
f 1563 1646 1727
f 1646 1117 1727
f 1117 1646 825
f 1541 1850 44
f 1541 1193 1850
f 1541 44 1297
f 953 1541 1297
f 1193 1541 953
f 655 1690 11
f 1690 655 1150
f 671 655 11
f 908 1086 1957
f 908 1488 215
f 908 1957 1488
f 1750 790 1387
f 1750 1741 790
f 1690 1750 1387
f 1741 1750 1690
f 1814 892 1928
f 1814 1008 892
f 76 1814 1928
f 1008 1814 76
f 482 260 762
f 948 260 482
f 260 948 45
f 1130 260 45
f 762 260 909
f 260 1130 909
f 440 209 866
f 209 440 1203
f 440 866 1919
f 440 1919 169
f 1203 440 169
f 1895 1502 394
f 714 1502 964
f 1502 714 394
f 834 1187 1085
f 834 1323 1187
f 1810 834 1085
f 1323 834 1810
f 1019 1251 1512
f 1251 1019 1996
f 1147 1251 1996
f 1512 1251 1271
f 1251 1147 1271
f 544 1996 1083
f 1403 544 1083
f 1996 544 771
f 12 1403 863
f 316 136 1049
f 136 1682 1049
f 1682 136 1932
f 1932 136 96
f 136 316 96
f 1285 997 550
f 997 1285 1523
f 1285 1436 1523
f 575 494 1357
f 728 575 132
f 132 575 373
f 575 1357 373
f 545 680 538
f 545 687 680
f 545 538 1490
f 1967 545 1490
f 1656 1764 687
f 1429 1406 1367
f 1367 1406 1490
f 1406 547 1490
f 1506 211 1733
f 211 1378 1733
f 1534 211 1506
f 211 1534 612
f 704 211 612
f 1378 211 704
f 81 709 1179
f 709 81 1611
f 381 81 1179
f 829 81 381
f 81 792 1611
f 792 81 829
f 1847 1006 1359
f 829 1847 1359
f 1847 829 587
f 1045 1516 605
f 1847 1516 1006
f 605 1516 358
f 1516 587 358
f 1516 1847 587
f 1006 1834 338
f 1834 1045 350
f 1516 1834 1006
f 1834 1516 1045
f 345 1219 638
f 345 535 270
f 1148 1853 1051
f 1853 652 1051
f 652 1853 1148
f 1494 593 62
f 1260 593 1072
f 593 1494 1072
f 559 593 1260
f 1553 593 1566
f 62 593 1553
f 593 1320 1566
f 1320 593 559
f 278 1889 1472
f 1210 278 1472
f 278 1210 1940
f 1553 278 1940
f 851 170 414
f 170 1242 414
f 1242 170 989
f 170 1776 989
f 170 1553 1566
f 1838 170 1566
f 1776 170 1838
f 1845 183 281
f 472 1845 281
f 1845 255 183
f 1389 1951 98
f 1389 472 1951
f 1826 392 684
f 392 1826 1803
f 1826 1748 1803
f 1826 1806 1855
f 1826 684 1806
f 319 387 801
f 387 319 1187
f 387 987 745
f 1323 387 1187
f 387 1323 987
f 475 1642 1782
f 1642 475 1166
f 1782 1642 1783
f 1783 1642 1098
f 1642 1166 1098
f 1031 343 636
f 343 1031 1987
f 1353 1385 1413
f 250 1353 1413
f 1385 1353 1156
f 1353 250 1156
f 1797 1754 205
f 431 1754 1797
f 205 1754 1280
f 1754 431 1280
f 87 1617 1376
f 1617 1015 1376
f 1617 87 1670
f 1015 1617 1670
f 1015 1883 1376
f 242 1446 1160
f 931 1446 242
f 1160 1446 1953
f 1446 975 1953
f 1446 931 975
f 1694 242 1160
f 498 1694 1160
f 1694 498 242
f 498 300 1600
f 300 498 1636
f 1600 300 1475
f 568 223 710
f 463 568 710
f 1565 568 1028
f 568 1565 223
f 568 1476 1028
f 568 463 1476
f 1565 50 249
f 726 50 1565
f 50 965 249
f 50 726 820
f 1467 1738 738
f 1738 247 738
f 162 50 820
f 50 162 965
f 321 1901 1521
f 321 1225 1901
f 418 321 1521
f 321 418 272
f 1264 217 204
f 618 217 1313
f 217 618 204
f 1264 1275 1554
f 1275 204 1583
f 1275 1264 204
f 367 727 207
f 727 274 207
f 274 727 555
f 727 618 555
f 618 727 367
f 1417 1073 795
f 795 1073 1258
f 1073 518 214
f 1497 1073 214
f 1073 1497 1258
f 518 1073 341
f 1073 1417 341
f 424 775 1583
f 775 424 1554
f 775 1275 1583
f 1275 775 1554
f 1417 1891 341
f 1891 1417 1554
f 424 1891 1554
f 1029 198 401
f 1029 401 1896
f 1393 1029 1896
f 785 141 1393
f 484 141 785
f 141 1029 1393
f 1029 141 198
f 141 484 1124
f 198 141 1124
f 1802 1799 430
f 1799 194 430
f 194 477 1228
f 1799 477 194
f 477 1974 977
f 1604 477 977
f 1228 477 1604
f 1195 1708 1521
f 1195 1122 1708
f 1901 1195 1521
f 1723 1195 1901
f 1122 1195 1723
f 439 1133 1024
f 439 1651 1133
f 306 439 1024
f 543 439 306
f 1651 439 543
f 351 549 595
f 351 932 549
f 1206 1038 1869
f 1038 1206 541
f 1206 428 541
f 1206 1747 428
f 30 920 1846
f 1420 920 43
f 1846 920 1606
f 920 1420 1606
f 963 589 857
f 589 963 1092
f 1345 963 857
f 891 963 1345
f 1092 963 420
f 963 891 420
f 1737 589 1092
f 401 1737 1896
f 1737 1092 1896
f 915 839 1718
f 969 915 1718
f 839 314 1713
f 1836 314 839
f 314 785 1713
f 785 1434 244
f 1434 646 244
f 646 1434 1836
f 314 1434 785
f 1434 314 1836
f 1305 1713 1390
f 1305 873 1713
f 1409 245 1906
f 514 1409 1906
f 245 1409 970
f 1884 1398 1499
f 1398 840 1906
f 245 1398 1906
f 1499 1398 967
f 1398 245 967
f 1398 1884 1182
f 840 1398 1033
f 1398 1182 1033
f 99 919 1537
f 99 1537 1181
f 1467 399 1089
f 1578 399 1467
f 99 399 919
f 1295 399 1578
f 919 399 1295
f 923 241 1380
f 1641 241 923
f 1380 241 146
f 241 1641 146
f 1427 1879 1509
f 1879 1427 1054
f 1879 1054 197
f 1968 1879 197
f 1879 166 1509
f 166 1879 1968
f 1859 1377 1113
f 1352 1859 1113
f 512 1859 1645
f 1859 1352 1645
f 1683 556 310
f 556 772 1460
f 56 540 1683
f 540 56 1290
f 772 540 1290
f 540 556 1683
f 556 540 772
f 811 1346 1620
f 1865 1346 811
f 1346 993 1620
f 1346 781 993
f 1346 1865 781
f 927 781 24
f 1992 927 24
f 993 701 1947
f 1342 701 993
f 263 1856 310
f 24 263 647
f 1856 263 24
f 1962 78 175
f 1962 263 78
f 1962 297 647
f 263 1962 647
f 195 582 913
f 195 667 582
f 618 195 913
f 627 195 1313
f 195 618 1313
f 1888 1342 254
f 1888 627 871
f 1258 1888 871
f 1888 1258 1589
f 1173 1720 1904
f 1720 1074 1680
f 1074 1720 939
f 1720 1173 939
f 878 1720 1680
f 1904 1720 878
f 406 1173 1904
f 864 406 1904
f 406 864 1562
f 406 1562 1450
f 1173 406 1450
f 317 1882 964
f 1882 317 1817
f 317 144 201
f 1937 88 336
f 1842 1937 546
f 1937 336 546
f 46 1937 1842
f 88 1937 46
f 1590 896 16
f 1590 16 332
f 896 1590 1362
f 611 1532 638
f 1532 611 1202
f 1532 345 638
f 345 1532 535
f 1532 1202 881
f 535 1532 881
f 435 1989 519
f 118 435 350
f 435 118 344
f 435 1834 350
f 898 435 344
f 1989 435 898
f 435 519 338
f 1834 435 338
f 1309 1235 1222
f 1631 1309 1222
f 1309 1631 25
f 179 1309 25
f 1309 179 1924
f 1235 1309 1924
f 776 691 520
f 691 1954 416
f 520 691 416
f 691 776 1701
f 691 1329 1954
f 691 1701 1329
f 1219 1958 571
f 1958 586 571
f 586 1958 129
f 345 1958 1219
f 842 164 1511
f 164 1681 1511
f 164 1596 1050
f 164 842 1596
f 1786 164 1050
f 1681 164 1786
f 1161 1801 644
f 1372 1161 644
f 1161 1136 1063
f 1801 1161 1063
f 1161 900 1136
f 900 1161 867
f 1161 1372 867
f 1751 551 1286
f 849 1751 1286
f 957 1751 1601
f 1751 957 551
f 283 849 944
f 283 944 1700
f 1751 283 1601
f 283 1751 849
f 735 283 1700
f 1601 283 735
f 893 1662 672
f 893 672 696
f 60 893 696
f 1790 1399 1349
f 277 1399 496
f 1399 328 496
f 1399 910 328
f 1399 1790 910
f 1349 210 930
f 210 464 930
f 1399 210 1349
f 464 210 277
f 210 1399 277
f 139 1785 744
f 1785 1 744
f 1777 1143 139
f 1143 1785 139
f 1835 1777 354
f 1835 354 47
f 658 1835 47
f 240 1835 658
f 421 261 309
f 1357 421 309
f 455 1775 1150
f 455 671 1775
f 655 455 1150
f 455 655 671
f 1775 454 1150
f 454 787 1150
f 83 1626 1488
f 83 1488 763
f 83 588 1626
f 588 83 877
f 889 83 763
f 877 83 889
f 537 1404 1189
f 1404 1473 1189
f 1059 1404 825
f 1117 1404 537
f 1404 1117 825
f 1086 291 1783
f 908 291 1086
f 291 790 1783
f 291 908 470
f 1387 291 470
f 790 291 1387
f 466 908 215
f 1698 466 215
f 466 1698 1266
f 953 466 1266
f 466 953 470
f 908 466 470
f 544 333 771
f 333 544 1403
f 12 333 1403
f 405 832 155
f 155 832 481
f 481 832 550
f 832 1285 550
f 494 533 1628
f 1628 533 474
f 89 575 728
f 397 89 728
f 575 89 494
f 89 533 494
f 533 89 474
f 648 728 1125
f 648 397 728
f 621 648 1125
f 545 1452 687
f 1452 1656 687
f 117 545 1967
f 117 1967 1218
f 1689 117 1218
f 1452 117 1689
f 117 1452 545
f 1721 1481 1218
f 1481 1689 1218
f 1481 1721 1942
f 1481 1452 1689
f 1452 1481 1656
f 1764 1481 1942
f 1656 1481 1764
f 1705 1174 1429
f 1174 1406 1429
f 1406 1174 547
f 1174 1705 1218
f 1967 1174 1218
f 547 1174 1967
f 278 1058 1889
f 1058 278 1553
f 170 1058 1553
f 1058 170 851
f 1298 1845 472
f 1389 1298 472
f 1845 1298 255
f 255 1298 1627
f 1298 353 1627
f 353 1298 98
f 1298 1389 98
f 1282 1826 1855
f 147 1282 1855
f 1282 147 1388
f 1826 1282 1748
f 576 1282 1388
f 1282 576 98
f 1748 1282 98
f 387 962 801
f 962 1350 879
f 1350 962 745
f 962 387 745
f 801 962 730
f 962 1575 730
f 962 879 1575
f 1348 828 1987
f 1031 1348 1987
f 828 1348 184
f 1348 636 184
f 1348 1031 636
f 1693 1015 603
f 1693 1883 1015
f 1667 1693 603
f 1744 1186 1376
f 1883 1744 1376
f 1744 1263 1186
f 311 300 1636
f 300 311 1475
f 311 1035 1597
f 1475 311 294
f 311 1597 294
f 1684 1738 1467
f 572 1684 1467
f 1225 1593 820
f 321 1593 1225
f 1593 162 820
f 1593 321 272
f 247 1593 272
f 162 1593 247
f 217 769 1313
f 769 217 1264
f 769 795 1313
f 769 1264 795
f 1891 259 341
f 341 259 1052
f 1052 259 1583
f 259 424 1583
f 385 1799 1802
f 385 477 1799
f 493 351 595
f 1351 493 595
f 167 493 1351
f 932 493 167
f 351 493 932
f 1619 1206 77
f 1206 1619 1747
f 1912 807 77
f 807 1619 77
f 478 1082 186
f 478 1568 767
f 1082 478 767
f 759 1619 846
f 342 1206 1869
f 1206 342 77
f 1531 342 986
f 342 1912 77
f 1912 342 1531
f 705 1930 30
f 1930 920 30
f 1930 705 43
f 920 1930 43
f 1560 1082 767
f 589 1560 767
f 1737 1560 589
f 1560 1737 401
f 1082 1560 186
f 127 1560 401
f 186 1560 127
f 903 969 1486
f 903 915 969
f 903 1486 1020
f 1077 903 1020
f 1916 1561 873
f 1305 1916 873
f 1916 1305 1561
f 1561 751 686
f 1305 751 1561
f 686 751 1390
f 751 1305 1390
f 970 698 560
f 1409 698 970
f 698 1409 514
f 698 434 560
f 698 514 434
f 1089 721 1181
f 721 99 1181
f 399 721 1089
f 721 399 99
f 377 1859 512
f 377 512 623
f 1648 377 623
f 377 1648 1377
f 1859 377 1377
f 556 1524 310
f 1524 263 310
f 1510 1342 993
f 1510 927 1992
f 1510 1992 254
f 1342 1510 254
f 628 1373 267
f 149 1888 254
f 628 149 254
f 149 628 267
f 1888 149 627
f 1373 149 267
f 1421 701 1342
f 1888 1421 1342
f 1421 265 1947
f 701 1421 1947
f 667 1253 666
f 1253 1373 666
f 318 317 964
f 317 318 144
f 144 318 1895
f 1502 318 964
f 318 1502 1895
f 317 1948 1817
f 1774 1948 257
f 1948 201 257
f 1948 317 201
f 1948 743 1817
f 743 1948 1774
f 1590 1941 1362
f 1941 1828 1362
f 1941 269 1828
f 1958 152 129
f 152 1958 345
f 152 1874 129
f 1874 152 270
f 152 345 270
f 1055 893 60
f 1055 60 886
f 1662 1055 1112
f 893 1055 1662
f 1123 1055 886
f 1112 1055 1123
f 1491 240 658
f 1491 1628 474
f 1491 658 1628
f 1785 369 240
f 1143 369 1785
f 369 1143 1777
f 1835 369 1777
f 369 1835 240
f 1273 1468 261
f 421 1273 261
f 1468 1273 1793
f 1273 1357 1793
f 1273 421 1357
f 454 1712 787
f 787 1712 1102
f 966 1712 393
f 1102 1712 1424
f 1712 966 1424
f 1330 1775 393
f 1330 454 1775
f 1712 1330 393
f 1330 1712 454
f 1473 1653 1379
f 1404 1653 1473
f 1653 1717 1379
f 1717 1386 1959
f 1386 1808 1959
f 1653 1386 1717
f 1386 1653 1404
f 1808 1386 1910
f 1386 1059 1910
f 1386 1404 1059
f 1071 333 12
f 1071 12 863
f 1071 659 771
f 333 1071 771
f 1749 1071 863
f 659 1071 1749
f 940 405 1784
f 940 832 405
f 940 1784 1061
f 832 940 1285
f 1314 940 1061
f 940 1314 1436
f 1285 940 1436
f 89 800 474
f 800 89 397
f 1 800 79
f 800 492 1443
f 79 800 1443
f 1889 432 851
f 432 1058 851
f 1058 432 1889
f 1693 1040 1883
f 1040 1744 1883
f 1040 1693 1667
f 520 1040 899
f 899 1040 1857
f 1040 1667 1857
f 1263 1040 520
f 1744 1040 1263
f 1035 1183 1636
f 1183 311 1636
f 311 1183 1035
f 756 753 965
f 162 756 965
f 756 256 753
f 505 1089 1181
f 256 505 1181
f 505 1467 1089
f 505 572 1467
f 756 505 256
f 505 756 572
f 805 1891 424
f 259 805 424
f 805 259 1891
f 553 860 1802
f 860 385 1802
f 869 860 553
f 860 869 286
f 385 860 477
f 1974 860 286
f 477 860 1974
f 1619 914 846
f 807 914 1619
f 1568 1934 784
f 1934 1568 1867
f 1934 1795 784
f 914 1934 1867
f 1934 914 807
f 1934 1912 1795
f 1934 807 1912
f 461 478 846
f 461 914 1867
f 914 461 846
f 1568 461 1867
f 478 461 1568
f 428 433 1034
f 1034 433 935
f 1619 722 1747
f 759 722 1619
f 1747 722 428
f 722 433 428
f 433 722 759
f 342 1180 986
f 1180 342 1869
f 1180 1176 986
f 1180 1869 1176
f 903 188 915
f 188 1836 839
f 915 188 839
f 188 646 1836
f 646 188 1077
f 188 903 1077
f 263 1592 78
f 1524 1592 263
f 1508 1524 556
f 1508 1592 1524
f 78 1508 175
f 1592 1508 78
f 1800 1510 993
f 1510 1800 927
f 781 1800 993
f 927 1800 781
f 1878 1962 175
f 1878 628 1962
f 628 1878 1373
f 1878 556 1460
f 666 1878 1460
f 1373 1878 666
f 1508 1878 175
f 1878 1508 556
f 1962 717 297
f 628 717 1962
f 297 717 254
f 717 628 254
f 925 1888 1589
f 925 1421 1888
f 265 925 1589
f 1421 925 265
f 19 149 1373
f 1253 19 1373
f 149 19 627
f 19 1253 667
f 19 195 627
f 195 19 667
f 1316 1590 332
f 1316 1941 1590
f 1781 1316 332
f 269 1316 1781
f 1941 1316 269
f 1444 1785 240
f 1491 1444 240
f 1785 1444 1
f 1444 1491 474
f 800 1444 474
f 1444 800 1
f 648 1023 397
f 1023 800 397
f 1365 1023 621
f 1023 648 621
f 1023 1365 492
f 800 1023 492
f 1555 756 162
f 756 1555 572
f 1555 162 247
f 1738 1555 247
f 1684 1555 1738
f 572 1555 1684
f 433 1975 935
f 1975 433 759
f 1975 186 935
f 1975 478 186
f 478 1975 846
f 1975 759 846
o Cracks
v 5.145158348919118 -6.662029614801951 0.1
v 4.746627648576001 -8.3314243181562 0.1
v 4.897631441848524 -8.161408360799404 0.1
v 5.8463126408590185 -7.167000722217791 0.1
v 5.201512148664102 -8.135272118496639 0.1
l 2001 2002 2003 2004 2005
v -5.495226233344436 -8.756270812643825 0.1
v -5.17686745841821 -9.178318920456244 0.1
v -4.5766206342714915 -9.242800405937885 0.1
v -4.887107206154439 -7.720335694092377 0.1
v -5.714140642320409 -7.889450393442446 0.1
l 2006 2007 2008 2009 2010
v 7.303929491167278 0.3180810060610548 0.1
v 6.809395428202194 -0.10762426347022824 0.1
v 7.700016567408559 -0.5473345552018833 0.1
v 7.950472655670406 -0.06056369339897261 0.1
v 7.585857930946702 -0.6078109438091641 0.1
l 2011 2012 2013 2014 2015
v 1.7641480905358737 -6.1972022053171925 0.1
v 2.928581408012886 -6.5821044416105225 0.1
v 1.4921422023917748 -6.673582495627588 0.1
v 1.7139282153074267 -6.578291951574825 0.1
v 1.6785083140398238 -7.492869763618362 0.1
l 2016 2017 2018 2019 2020
v 10.532442567575423 7.178124849305946 0.1
v 10.301913924471066 7.190440189708157 0.1
v 10.991484559350573 5.783584414961284 0.1
v 10.003692342567762 6.601751134358829 0.1
v 10.147088775975499 5.790153840945939 0.1
l 2021 2022 2023 2024 2025
v -5.059945944473876 -2.3354003851244163 0.1
v -5.757630464352537 -3.2270172313871295 0.1
v -5.722098677627009 -1.5398805880334607 0.1
v -5.751503827362766 -2.6697460948656184 0.1
v -5.009338447725572 -2.33887521857598 0.1
l 2026 2027 2028 2029 2030
v -10.955732115110564 1.0353976763481911 0.1
v -12.063536672153944 -0.4181671000328875 0.1
v -10.721977865352988 -0.4176389398793918 0.1
v -12.006098857533825 -0.2642138381934436 0.1
v -10.966493313396064 0.8973464510225722 0.1
l 2031 2032 2033 2034 2035
v 0.26897433593540776 10.527431879932442 0.1
v -0.5938341352115608 11.157231009737473 0.1
v -1.1888907562236921 10.534682464184895 0.1
v -1.2645749994458282 9.750221155775623 0.1
v -1.3123589637802022 11.079963082732272 0.1
l 2036 2037 2038 2039 2040
v -14.764482212502857 -0.7535036852198862 0.1
v -14.754776540292024 0.1972225137531627 0.1
v -13.462579561290692 -0.7673137841652029 0.1
v -14.97164127476291 -0.3436988499238436 0.1
v -13.323481673651754 1.0891868682647907 0.1
l 2041 2042 2043 2044 2045
v -5.998988226702549 -13.355903361125268 0.1
v -7.571575870553989 -14.863933375273787 0.1
v -6.712963082888539 -14.404339425432882 0.1
v -6.311894299508406 -14.683342616742866 0.1
v -7.233603090450587 -13.515615666692419 0.1
l 2046 2047 2048 2049 2050
v 2.0226913797992836 -4.95688373670618 0.1
v 1.1222520058751413 -5.423629335802962 0.1
v 1.9857278883842762 -5.541904060933402 0.1
v 1.3304419889902594 -5.422159645112295 0.1
v 1.7316013825062384 -6.13436765192492 0.1
l 2051 2052 2053 2054 2055
v 13.242604752945855 -5.220613200248822 0.1
v 14.485785777264162 -5.2610927492892525 0.1
v 13.92375728652463 -4.986570394803096 0.1
v 14.304087254428964 -6.223139928518473 0.1
v 13.330040824577564 -5.945060898238432 0.1
l 2056 2057 2058 2059 2060
v -0.20811040345498943 0.7213519797546102 0.1
v -0.8879404682738756 -0.9268149711650422 0.1
v -0.09176437657916336 -0.46199233969679465 0.1
v -1.7678698291534456 0.839700434487735 0.1
v -0.9202255601819511 -0.018773693945861147 0.1
l 2061 2062 2063 2064 2065
