{
 "type": "FeatureCollection",
 "crs": {
  "type": "name",
  "properties": {
   "name": "EPSG:4326"
  }
 },
 "features": [
  {
   "type": "Feature",
   "id": 21,
   "geometry": {
    "type": "Point",
    "coordinates": [
     -71.09664968176077,
     42.38055188046442
    ]
   },
   "properties": {
    "OBJECTID": 21,
    "Subtype": 0,
    "FacilityID": "SW-CB-00713",
    "InstallDat": null,
    "LifecycleS": " ",
    "WaterType": " ",
    "PlanNum": " ",
    "Owner": " ",
    "Comments": " ",
    "AccessDiam": 0,
    "AccessMate": " ",
    "AccesType": " ",
    "Station": 0,
    "RimElevati": 0,
    "FieldBook": " ",
    "Invert": 0,
    "Plan1": " ",
    "Plan2": " ",
    "Plan3": " ",
    "FeatureID": " ",
    "DupeNum": 0,
    "Source": "Stantec",
    "OrthoUpdated": "Yes",
    "GlobalID": "{499BB274-632A-4FE1-B00E-577DE62C23E5}",
    "created_user": "GIS",
    "created_date": 1600300800000,
    "last_edited_user": "GIS",
    "last_edited_date": 1600300800000,
    "Dewb_Edited": 0,
    "AssetStatus": "Active",
    "AccuracyStatus": "Unknown/Null (accurate = no)",
    "InaccuracyType": null,
    "AccuracyDate": null,
    "AccuracyComments": null,
    "ArchiveProjectName": null,
    "ArchiveReason": null,
    "ArchiveDate": null,
    "ArchiveComments": null,
    "ReplacedAssetID": null,
    "AssociatedInspections": null,
    "FID": null,
    "CreationDate": 1667412663429,
    "Creator": "NLandin_wc",
    "EditDate": 1667942792190,
    "Editor": "NLandin_wc"
   }
  },
  {
   "type": "Feature",
   "id": 29,
   "geometry": {
    "type": "Point",
    "coordinates": [
     -71.09573311614467,
     42.38889175871996
    ]
   },
   "properties": {
    "OBJECTID": 29,
    "Subtype": 0,
    "FacilityID": "SW-CB-02718",
    "InstallDat": null,
    "LifecycleS": " ",
    "WaterType": " ",
    "PlanNum": " ",
    "Owner": " ",
    "Comments": " ",
    "AccessDiam": 0,
    "AccessMate": " ",
    "AccesType": " ",
    "Station": 0,
    "RimElevati": 0,
    "FieldBook": " ",
    "Invert": 0,
    "Plan1": " ",
    "Plan2": " ",
    "Plan3": " ",
    "FeatureID": " ",
    "DupeNum": 0,
    "Source": "2017 Orthophotography",
    "OrthoUpdated": "Yes",
    "GlobalID": "{B4C046F7-E406-4B70-8AAF-9DDD316D3322}",
    "created_user": "GIS",
    "created_date": 1600300800000,
    "last_edited_user": "GIS",
    "last_edited_date": 1600300800000,
    "Dewb_Edited": 0,
    "AssetStatus": "Active",
    "AccuracyStatus": "Unknown/Null (accurate = no)",
    "InaccuracyType": null,
    "AccuracyDate": null,
    "AccuracyComments": null,
    "ArchiveProjectName": null,
    "ArchiveReason": null,
    "ArchiveDate": null,
    "ArchiveComments": null,
    "ReplacedAssetID": null,
    "AssociatedInspections": null,
    "FID": null,
    "CreationDate": 1667412663429,
    "Creator": "NLandin_wc",
    "EditDate": 1667942792190,
    "Editor": "NLandin_wc"
   }
  },
  {
   "type": "Feature",
   "id": 33,
   "geometry": {
    "type": "Point",
    "coordinates": [
     -71.1070786285926,
     42.38060218757169
    ]
   },
   "properties": {
    "OBJECTID": 33,
    "Subtype": 0,
    "FacilityID": "SW-CB-02613",
    "InstallDat": null,
    "LifecycleS": " ",
    "WaterType": " ",
    "PlanNum": " ",
    "Owner": " ",
    "Comments": " ",
    "AccessDiam": 0,
    "AccessMate": " ",
    "AccesType": " ",
    "Station": 0,
    "RimElevati": 0,
    "FieldBook": " ",
    "Invert": 0,
    "Plan1": " ",
    "Plan2": " ",
    "Plan3": " ",
    "FeatureID": " ",
    "DupeNum": 0,
    "Source": "2017 Orthophotography",
    "OrthoUpdated": "Yes",
    "GlobalID": "{B825D010-E709-4643-A5D1-0FDADE79F4CB}",
    "created_user": "GIS",
    "created_date": 1600300800000,
    "last_edited_user": "GIS",
    "last_edited_date": 1600300800000,
    "Dewb_Edited": 0,
    "AssetStatus": "Active",
    "AccuracyStatus": "Unknown/Null (accurate = no)",
    "InaccuracyType": null,
    "AccuracyDate": null,
    "AccuracyComments": null,
    "ArchiveProjectName": null,
    "ArchiveReason": null,
    "ArchiveDate": null,
    "ArchiveComments": null,
    "ReplacedAssetID": null,
    "AssociatedInspections": null,
    "FID": null,
    "CreationDate": 1667412663429,
    "Creator": "NLandin_wc",
    "EditDate": 1667942792190,
    "Editor": "NLandin_wc"
   }
  },
  {
   "type": "Feature",
   "id": 43,
   "geometry": {
    "type": "Point",
    "coordinates": [
     -71.10465874870327,
     42.38983434121193
    ]
   },
   "properties": {
    "OBJECTID": 43,
    "Subtype": 0,
    "FacilityID": "SW-CB-00489",
    "InstallDat": 253392451200000,
    "LifecycleS": "Active",
    "WaterType": "Storm",
    "PlanNum": "TB-047",
    "Owner": "Somerv",
    "Comments": " ",
    "AccessDiam": 9999,
    "AccessMate": "Unk",
    "AccesType": "Unk",
    "Station": 9999,
    "RimElevati": 83.02,
    "FieldBook": " ",
    "Invert": 80.72,
    "Plan1": "TB-047",
    "Plan2": " ",
    "Plan3": " ",
    "FeatureID": "CB-SD-490",
    "DupeNum": 1,
    "Source": "Original City Data",
    "OrthoUpdated": "Yes",
    "GlobalID": "{29C8A13B-2B43-4DE7-A20D-56F900CF7F8D}",
    "created_user": "GIS",
    "created_date": 1600300800000,
    "last_edited_user": "GIS",
    "last_edited_date": 1600300800000,
    "Dewb_Edited": 0,
    "AssetStatus": "Active",
    "AccuracyStatus": "Unknown/Null (accurate = no)",
    "InaccuracyType": null,
    "AccuracyDate": null,
    "AccuracyComments": null,
    "ArchiveProjectName": null,
    "ArchiveReason": null,
    "ArchiveDate": null,
    "ArchiveComments": null,
    "ReplacedAssetID": null,
    "AssociatedInspections": null,
    "FID": null,
    "CreationDate": 1667412663429,
    "Creator": "NLandin_wc",
    "EditDate": 1667942792190,
    "Editor": "NLandin_wc"
   }
  },
  {
   "type": "Feature",
   "id": 44,
   "geometry": {
    "type": "Point",
    "coordinates": [
     -71.1047825078548,
     42.383857490463036
    ]
   },
   "properties": {
    "OBJECTID": 44,
    "Subtype": 0,
    "FacilityID": "SW-CB-01024",
    "InstallDat": null,
    "LifecycleS": " ",
    "WaterType": " ",
    "PlanNum": " ",
    "Owner": " ",
    "Comments": " ",
    "AccessDiam": 0,
    "AccessMate": " ",
    "AccesType": " ",
    "Station": 0,
    "RimElevati": 0,
    "FieldBook": " ",
    "Invert": 0,
    "Plan1": " ",
    "Plan2": " ",
    "Plan3": " ",
    "FeatureID": " ",
    "DupeNum": 0,
    "Source": "Stantec",
    "OrthoUpdated": "Yes",
    "GlobalID": "{19D1851E-34DA-4090-9C6C-7707769C3386}",
    "created_user": "GIS",
    "created_date": 1600300800000,
    "last_edited_user": "GIS",
    "last_edited_date": 1600300800000,
    "Dewb_Edited": 0,
    "AssetStatus": "Active",
    "AccuracyStatus": "Unknown/Null (accurate = no)",
    "InaccuracyType": null,
    "AccuracyDate": null,
    "AccuracyComments": null,
    "ArchiveProjectName": null,
    "ArchiveReason": null,
    "ArchiveDate": null,
    "ArchiveComments": null,
    "ReplacedAssetID": null,
    "AssociatedInspections": null,
    "FID": null,
    "CreationDate": 1667412663429,
    "Creator": "NLandin_wc",
    "EditDate": 1667942792190,
    "Editor": "NLandin_wc"
   }
  },
  {
   "type": "Feature",
   "id": 52,
   "geometry": {
    "type": "Point",
    "coordinates": [
     -71.10294444940405,
     42.389037004877366
    ]
   },
   "properties": {
    "OBJECTID": 52,
    "Subtype": 0,
    "FacilityID": "SW-CB-02825",
    "InstallDat": null,
    "LifecycleS": " ",
    "WaterType": " ",
    "PlanNum": " ",
    "Owner": " ",
    "Comments": " ",
    "AccessDiam": 0,
    "AccessMate": " ",
    "AccesType": " ",
    "Station": 0,
    "RimElevati": 0,
    "FieldBook": " ",
    "Invert": 0,
    "Plan1": " ",
    "Plan2": " ",
    "Plan3": " ",
    "FeatureID": " ",
    "DupeNum": 0,
    "Source": "2017 Orthophotography",
    "OrthoUpdated": "Yes",
    "GlobalID": "{DAAC704F-C0F4-453E-84DD-CEE9E3910C44}",
    "created_user": "GIS",
    "created_date": 1600300800000,
    "last_edited_user": "GIS",
    "last_edited_date": 1600300800000,
    "Dewb_Edited": 0,
    "AssetStatus": "Active",
    "AccuracyStatus": "Unknown/Null (accurate = no)",
    "InaccuracyType": null,
    "AccuracyDate": null,
    "AccuracyComments": null,
    "ArchiveProjectName": null,
    "ArchiveReason": null,
    "ArchiveDate": null,
    "ArchiveComments": null,
    "ReplacedAssetID": null,
    "AssociatedInspections": null,
    "FID": null,
    "CreationDate": 1667412663429,
    "Creator": "NLandin_wc",
    "EditDate": 1667942792190,
    "Editor": "NLandin_wc"
   }
  },
  {
   "type": "Feature",
   "id": 53,
   "geometry": {
    "type": "Point",
    "coordinates": [
     -71.10529985306928,
     42.383120478673426
    ]
   },
   "properties": {
    "OBJECTID": 53,
    "Subtype": 0,
    "FacilityID": "SW-CB-01028",
    "InstallDat": null,
    "LifecycleS": " ",
    "WaterType": " ",
    "PlanNum": " ",
    "Owner": " ",
    "Comments": " ",
    "AccessDiam": 0,
    "AccessMate": " ",
    "AccesType": " ",
    "Station": 0,
    "RimElevati": 0,
    "FieldBook": " ",
    "Invert": 0,
    "Plan1": " ",
    "Plan2": " ",
    "Plan3": " ",
    "FeatureID": " ",
    "DupeNum": 0,
    "Source": "Stantec",
    "OrthoUpdated": "Yes",
    "GlobalID": "{0D259B7A-EC8C-47D3-87E2-EA3CE4D36EFE}",
    "created_user": "GIS",
    "created_date": 1600300800000,
    "last_edited_user": "GIS",
    "last_edited_date": 1600300800000,
    "Dewb_Edited": 0,
    "AssetStatus": "Active",
    "AccuracyStatus": "Unknown/Null (accurate = no)",
    "InaccuracyType": null,
    "AccuracyDate": null,
    "AccuracyComments": null,
    "ArchiveProjectName": null,
    "ArchiveReason": null,
    "ArchiveDate": null,
    "ArchiveComments": null,
    "ReplacedAssetID": null,
    "AssociatedInspections": null,
    "FID": null,
    "CreationDate": 1667412663429,
    "Creator": "NLandin_wc",
    "EditDate": 1667942792190,
    "Editor": "NLandin_wc"
   }
  },
  {
   "type": "Feature",
   "id": 58,
   "geometry": {
    "type": "Point",
    "coordinates": [
     -71.0957329111822,
     42.38575013066243
    ]
   },
   "properties": {
    "OBJECTID": 58,
    "Subtype": 0,
    "FacilityID": "SW-CB-02628",
    "InstallDat": null,
    "LifecycleS": " ",
    "WaterType": " ",
    "PlanNum": " ",
    "Owner": " ",
    "Comments": " ",
    "AccessDiam": 0,
    "AccessMate": " ",
    "AccesType": " ",
    "Station": 0,
    "RimElevati": 0,
    "FieldBook": " ",
    "Invert": 0,
    "Plan1": " ",
    "Plan2": " ",
    "Plan3": " ",
    "FeatureID": " ",
    "DupeNum": 0,
    "Source": "2017 Orthophotography",
    "OrthoUpdated": "Yes",
    "GlobalID": "{B435698B-FBDB-4275-AE7B-5A0DEB2E2E5A}",
    "created_user": "GIS",
    "created_date": 1600300800000,
    "last_edited_user": "GIS",
    "last_edited_date": 1600300800000,
    "Dewb_Edited": 0,
    "AssetStatus": "Active",
    "AccuracyStatus": "Unknown/Null (accurate = no)",
    "InaccuracyType": null,
    "AccuracyDate": null,
    "AccuracyComments": null,
    "ArchiveProjectName": null,
    "ArchiveReason": null,
    "ArchiveDate": null,
    "ArchiveComments": null,
    "ReplacedAssetID": null,
    "AssociatedInspections": null,
    "FID": null,
    "CreationDate": 1667412663429,
    "Creator": "NLandin_wc",
    "EditDate": 1667942792190,
    "Editor": "NLandin_wc"
   }
  },
  {
   "type": "Feature",
   "id": 64,
   "geometry": {
    "type": "Point",
    "coordinates": [
     -71.09796780479135,
     42.388055260272104
    ]
   },
   "properties": {
    "OBJECTID": 64,
    "Subtype": 0,
    "FacilityID": "SW-CB-02746",
    "InstallDat": null,
    "LifecycleS": " ",
    "WaterType": " ",
    "PlanNum": " ",
    "Owner": " ",
    "Comments": " ",
    "AccessDiam": 0,
    "AccessMate": " ",
    "AccesType": " ",
    "Station": 0,
    "RimElevati": 0,
    "FieldBook": " ",
    "Invert": 0,
    "Plan1": " ",
    "Plan2": " ",
    "Plan3": " ",
    "FeatureID": " ",
    "DupeNum": 0,
    "Source": "2017 Orthophotography",
    "OrthoUpdated": "Yes",
    "GlobalID": "{2B1CDFFB-594A-468D-86B6-84B1ED21066C}",
    "created_user": "GIS",
    "created_date": 1600300800000,
    "last_edited_user": "GIS",
    "last_edited_date": 1600300800000,
    "Dewb_Edited": 0,
    "AssetStatus": "Active",
    "AccuracyStatus": "Unknown/Null (accurate = no)",
    "InaccuracyType": null,
    "AccuracyDate": null,
    "AccuracyComments": null,
    "ArchiveProjectName": null,
    "ArchiveReason": null,
    "ArchiveDate": null,
    "ArchiveComments": null,
    "ReplacedAssetID": null,
    "AssociatedInspections": null,
    "FID": null,
    "CreationDate": 1667412663429,
    "Creator": "NLandin_wc",
    "EditDate": 1667942792190,
    "Editor": "NLandin_wc"
   }
  },
  {
   "type": "Feature",
   "id": 69,
   "geometry": {
    "type": "Point",
    "coordinates": [
     -71.0982387601563,
     42.39111738001047
    ]
   },
   "properties": {
    "OBJECTID": 69,
    "Subtype": 0,
    "FacilityID": "SW-CB-02649",
    "InstallDat": null,
    "LifecycleS": " ",
    "WaterType": " ",
    "PlanNum": " ",
    "Owner": " ",
    "Comments": " ",
    "AccessDiam": 0,
    "AccessMate": " ",
    "AccesType": " ",
    "Station": 0,
    "RimElevati": 0,
    "FieldBook": " ",
    "Invert": 0,
    "Plan1": " ",
    "Plan2": " ",
    "Plan3": " ",
    "FeatureID": " ",
    "DupeNum": 0,
    "Source": "2017 Orthophotography",
    "OrthoUpdated": "Yes",
    "GlobalID": "{BE89D15E-8DE8-419E-89AE-A7597C122466}",
    "created_user": "GIS",
    "created_date": 1600300800000,
    "last_edited_user": "GIS",
    "last_edited_date": 1600300800000,
    "Dewb_Edited": 0,
    "AssetStatus": "Active",
    "AccuracyStatus": "Unknown/Null (accurate = no)",
    "InaccuracyType": null,
    "AccuracyDate": null,
    "AccuracyComments": null,
    "ArchiveProjectName": null,
    "ArchiveReason": null,
    "ArchiveDate": null,
    "ArchiveComments": null,
    "ReplacedAssetID": null,
    "AssociatedInspections": null,
    "FID": null,
    "CreationDate": 1667412663429,
    "Creator": "NLandin_wc",
    "EditDate": 1667942792190,
    "Editor": "NLandin_wc"
   }
  },
  {
   "type": "Feature",
   "id": 73,
   "geometry": {
    "type": "Point",
    "coordinates": [
     -71.10094146839532,
     42.38932464437865
    ]
   },
   "properties": {
    "OBJECTID": 73,
    "Subtype": 0,
    "FacilityID": "SW-CB-02809",
    "InstallDat": null,
    "LifecycleS": " ",
    "WaterType": " ",
    "PlanNum": " ",
    "Owner": " ",
    "Comments": " ",
    "AccessDiam": 0,
    "AccessMate": " ",
    "AccesType": " ",
    "Station": 0,
    "RimElevati": 0,
    "FieldBook": " ",
    "Invert": 0,
    "Plan1": " ",
    "Plan2": " ",
    "Plan3": " ",
    "FeatureID": " ",
    "DupeNum": 0,
    "Source": "2017 Orthophotography",
    "OrthoUpdated": "Yes",
    "GlobalID": "{308EFDDE-76CE-497A-AA44-EAE94CA80123}",
    "created_user": "GIS",
    "created_date": 1600300800000,
    "last_edited_user": "GIS",
    "last_edited_date": 1600300800000,
    "Dewb_Edited": 0,
    "AssetStatus": "Active",
    "AccuracyStatus": "Unknown/Null (accurate = no)",
    "InaccuracyType": null,
    "AccuracyDate": null,
    "AccuracyComments": null,
    "ArchiveProjectName": null,
    "ArchiveReason": null,
    "ArchiveDate": null,
    "ArchiveComments": null,
    "ReplacedAssetID": null,
    "AssociatedInspections": null,
    "FID": null,
    "CreationDate": 1667412663429,
    "Creator": "NLandin_wc",
    "EditDate": 1667942792190,
    "Editor": "NLandin_wc"
   }
  },
  {
   "type": "Feature",
   "id": 74,
   "geometry": {
    "type": "Point",
    "coordinates": [
     -71.10619851489848,
     42.390411300245276
    ]
   },
   "properties": {
    "OBJECTID": 74,
    "Subtype": 0,
    "FacilityID": "SW-CB-00484",
    "InstallDat": 253392451200000,
    "LifecycleS": "Active",
    "WaterType": "Storm",
    "PlanNum": "TB-046",
    "Owner": "Somerv",
    "Comments": " ",
    "AccessDiam": 9999,
    "AccessMate": "Unk",
    "AccesType": "Unk",
    "Station": 9999,
    "RimElevati": 80.6,
    "FieldBook": " ",
    "Invert": 77.1,
    "Plan1": "TB-046",
    "Plan2": " ",
    "Plan3": " ",
    "FeatureID": "CB-SD-485",
    "DupeNum": 1,
    "Source": "Original City Data",
    "OrthoUpdated": "Yes",
    "GlobalID": "{4E6759B8-BEE7-46ED-BC68-B23A3629EEFB}",
    "created_user": "GIS",
    "created_date": 1600300800000,
    "last_edited_user": "GIS",
    "last_edited_date": 1600300800000,
    "Dewb_Edited": 0,
    "AssetStatus": "Active",
    "AccuracyStatus": "Unknown/Null (accurate = no)",
    "InaccuracyType": null,
    "AccuracyDate": null,
    "AccuracyComments": null,
    "ArchiveProjectName": null,
    "ArchiveReason": null,
    "ArchiveDate": null,
    "ArchiveComments": null,
    "ReplacedAssetID": null,
    "AssociatedInspections": null,
    "FID": null,
    "CreationDate": 1667412663429,
    "Creator": "NLandin_wc",
    "EditDate": 1667942792190,
    "Editor": "NLandin_wc"
   }
  },
  {
   "type": "Feature",
   "id": 81,
   "geometry": {
    "type": "Point",
    "coordinates": [
     -71.09861276112379,
     42.38678256934125
    ]
   },
   "properties": {
    "OBJECTID": 81,
    "Subtype": 0,
    "FacilityID": "SW-CB-02629",
    "InstallDat": null,
    "LifecycleS": " ",
    "WaterType": " ",
    "PlanNum": " ",
    "Owner": " ",
    "Comments": " ",
    "AccessDiam": 0,
    "AccessMate": " ",
    "AccesType": " ",
    "Station": 0,
    "RimElevati": 0,
    "FieldBook": " ",
    "Invert": 0,
    "Plan1": " ",
    "Plan2": " ",
    "Plan3": " ",
    "FeatureID": " ",
    "DupeNum": 0,
    "Source": "2017 Orthophotography",
    "OrthoUpdated": "Yes",
    "GlobalID": "{39C91F1C-87E8-4A63-9714-BD3859032503}",
    "created_user": "GIS",
    "created_date": 1600300800000,
    "last_edited_user": "GIS",
    "last_edited_date": 1600300800000,
    "Dewb_Edited": 0,
    "AssetStatus": "Active",
    "AccuracyStatus": "Unknown/Null (accurate = no)",
    "InaccuracyType": null,
    "AccuracyDate": null,
    "AccuracyComments": null,
    "ArchiveProjectName": null,
    "ArchiveReason": null,
    "ArchiveDate": null,
    "ArchiveComments": null,
    "ReplacedAssetID": null,
    "AssociatedInspections": null,
    "FID": null,
    "CreationDate": 1667412663429,
    "Creator": "NLandin_wc",
    "EditDate": 1667942792190,
    "Editor": "NLandin_wc"
   }
  },
  {
   "type": "Feature",
   "id": 85,
   "geometry": {
    "type": "Point",
    "coordinates": [
     -71.09651933846011,
     42.38047596158153
    ]
   },
   "properties": {
    "OBJECTID": 85,
    "Subtype": 0,
    "FacilityID": "SW-CB-00711",
    "InstallDat": null,
    "LifecycleS": " ",
    "WaterType": " ",
    "PlanNum": " ",
    "Owner": " ",
    "Comments": " ",
    "AccessDiam": 0,
    "AccessMate": " ",
    "AccesType": " ",
    "Station": 0,
    "RimElevati": 0,
    "FieldBook": " ",
    "Invert": 0,
    "Plan1": " ",
    "Plan2": " ",
    "Plan3": " ",
    "FeatureID": " ",
    "DupeNum": 0,
    "Source": "Stantec",
    "OrthoUpdated": "Yes",
    "GlobalID": "{F91D1241-1428-40B6-86B0-695B7658F0C3}",
    "created_user": "GIS",
    "created_date": 1600300800000,
    "last_edited_user": "GIS",
    "last_edited_date": 1600300800000,
    "Dewb_Edited": 0,
    "AssetStatus": "Active",
    "AccuracyStatus": "Unknown/Null (accurate = no)",
    "InaccuracyType": null,
    "AccuracyDate": null,
    "AccuracyComments": null,
    "ArchiveProjectName": null,
    "ArchiveReason": null,
    "ArchiveDate": null,
    "ArchiveComments": null,
    "ReplacedAssetID": null,
    "AssociatedInspections": null,
    "FID": null,
    "CreationDate": 1667412663429,
    "Creator": "NLandin_wc",
    "EditDate": 1667942792190,
    "Editor": "NLandin_wc"
   }
  },
  {
   "type": "Feature",
   "id": 89,
   "geometry": {
    "type": "Point",
    "coordinates": [
     -71.09379295460309,
     42.38750602907121
    ]
   },
   "properties": {
    "OBJECTID": 89,
    "Subtype": 0,
    "FacilityID": "SW-CB-01518",
    "InstallDat": null,
    "LifecycleS": " ",
    "WaterType": " ",
    "PlanNum": " ",
    "Owner": " ",
    "Comments": " ",
    "AccessDiam": 0,
    "AccessMate": " ",
    "AccesType": " ",
    "Station": 0,
    "RimElevati": 0,
    "FieldBook": " ",
    "Invert": 0,
    "Plan1": " ",
    "Plan2": " ",
    "Plan3": " ",
    "FeatureID": " ",
    "DupeNum": 0,
    "Source": "2017 Orthophotography",
    "OrthoUpdated": "Yes",
    "GlobalID": "{474A42B8-07EB-437D-BCCA-44F8E2BEB930}",
    "created_user": "GIS",
    "created_date": 1600300800000,
    "last_edited_user": "GIS",
    "last_edited_date": 1600300800000,
    "Dewb_Edited": 0,
    "AssetStatus": "Active",
    "AccuracyStatus": "Unknown/Null (accurate = no)",
    "InaccuracyType": null,
    "AccuracyDate": null,
    "AccuracyComments": null,
    "ArchiveProjectName": null,
    "ArchiveReason": null,
    "ArchiveDate": null,
    "ArchiveComments": null,
    "ReplacedAssetID": null,
    "AssociatedInspections": null,
    "FID": null,
    "CreationDate": 1667412663429,
    "Creator": "NLandin_wc",
    "EditDate": 1667942792190,
    "Editor": "NLandin_wc"
   }
  },
  {
   "type": "Feature",
   "id": 96,
   "geometry": {
    "type": "Point",
    "coordinates": [
     -71.09458127975162,
     42.38979226044467
    ]
   },
   "properties": {
    "OBJECTID": 96,
    "Subtype": 0,
    "FacilityID": "SW-CB-01506",
    "InstallDat": null,
    "LifecycleS": " ",
    "WaterType": " ",
    "PlanNum": " ",
    "Owner": " ",
    "Comments": " ",
    "AccessDiam": 0,
    "AccessMate": " ",
    "AccesType": " ",
    "Station": 0,
    "RimElevati": 0,
    "FieldBook": " ",
    "Invert": 0,
    "Plan1": " ",
    "Plan2": " ",
    "Plan3": " ",
    "FeatureID": " ",
    "DupeNum": 0,
    "Source": "2017 Orthophotography",
    "OrthoUpdated": "Yes",
    "GlobalID": "{ACF31931-9E35-4D94-B390-78BE79CFAB74}",
    "created_user": "GIS",
    "created_date": 1600300800000,
    "last_edited_user": "GIS",
    "last_edited_date": 1600300800000,
    "Dewb_Edited": 0,
    "AssetStatus": "Active",
    "AccuracyStatus": "Unknown/Null (accurate = no)",
    "InaccuracyType": null,
    "AccuracyDate": null,
    "AccuracyComments": null,
    "ArchiveProjectName": null,
    "ArchiveReason": null,
    "ArchiveDate": null,
    "ArchiveComments": null,
    "ReplacedAssetID": null,
    "AssociatedInspections": null,
    "FID": null,
    "CreationDate": 1667412663429,
    "Creator": "NLandin_wc",
    "EditDate": 1667942792190,
    "Editor": "NLandin_wc"
   }
  },
  {
   "type": "Feature",
   "id": 98,
   "geometry": {
    "type": "Point",
    "coordinates": [
     -71.09943215377581,
     42.383293647600944
    ]
   },
   "properties": {
    "OBJECTID": 98,
    "Subtype": 0,
    "FacilityID": "SW-CB-00742",
    "InstallDat": null,
    "LifecycleS": " ",
    "WaterType": " ",
    "PlanNum": " ",
    "Owner": " ",
    "Comments": " ",
    "AccessDiam": 0,
    "AccessMate": " ",
    "AccesType": " ",
    "Station": 0,
    "RimElevati": 0,
    "FieldBook": " ",
    "Invert": 0,
    "Plan1": " ",
    "Plan2": " ",
    "Plan3": " ",
    "FeatureID": " ",
    "DupeNum": 0,
    "Source": "Stantec",
    "OrthoUpdated": "Yes",
    "GlobalID": "{FA6E64DD-91E0-443E-9B32-96DEE551EC62}",
    "created_user": "GIS",
    "created_date": 1600300800000,
    "last_edited_user": "GIS",
    "last_edited_date": 1600300800000,
    "Dewb_Edited": 0,
    "AssetStatus": "Active",
    "AccuracyStatus": "Unknown/Null (accurate = no)",
    "InaccuracyType": null,
    "AccuracyDate": null,
    "AccuracyComments": null,
    "ArchiveProjectName": null,
    "ArchiveReason": null,
    "ArchiveDate": null,
    "ArchiveComments": null,
    "ReplacedAssetID": null,
    "AssociatedInspections": null,
    "FID": null,
    "CreationDate": 1667412663429,
    "Creator": "NLandin_wc",
    "EditDate": 1667942792190,
    "Editor": "NLandin_wc"
   }
  },
  {
   "type": "Feature",
   "id": 99,
   "geometry": {
    "type": "Point",
    "coordinates": [
     -71.09906798447285,
     42.380169623665715
    ]
   },
   "properties": {
    "OBJECTID": 99,
    "Subtype": 0,
    "FacilityID": "SW-CB-02559",
    "InstallDat": null,
    "LifecycleS": " ",
    "WaterType": " ",
    "PlanNum": " ",
    "Owner": " ",
    "Comments": " ",
    "AccessDiam": 0,
    "AccessMate": " ",
    "AccesType": " ",
    "Station": 0,
    "RimElevati": 0,
    "FieldBook": " ",
    "Invert": 0,
    "Plan1": " ",
    "Plan2": " ",
    "Plan3": " ",
    "FeatureID": " ",
    "DupeNum": 0,
    "Source": "2017 Orthophotography",
    "OrthoUpdated": "Yes",
    "GlobalID": "{3F2D8B13-7707-434F-829A-75011D6FDACA}",
    "created_user": "GIS",
    "created_date": 1600300800000,
    "last_edited_user": "GIS",
    "last_edited_date": 1600300800000,
    "Dewb_Edited": 0,
    "AssetStatus": "Active",
    "AccuracyStatus": "Unknown/Null (accurate = no)",
    "InaccuracyType": null,
    "AccuracyDate": null,
    "AccuracyComments": null,
    "ArchiveProjectName": null,
    "ArchiveReason": null,
    "ArchiveDate": null,
    "ArchiveComments": null,
    "ReplacedAssetID": null,
    "AssociatedInspections": null,
    "FID": null,
    "CreationDate": 1667412663429,
    "Creator": "NLandin_wc",
    "EditDate": 1667942792190,
    "Editor": "NLandin_wc"
   }
  },
  {
   "type": "Feature",
   "id": 107,
   "geometry": {
    "type": "Point",
    "coordinates": [
     -71.10318906297144,
     42.382461062507126
    ]
   },
   "properties": {
    "OBJECTID": 107,
    "Subtype": 0,
    "FacilityID": "SW-CB-01048",
    "InstallDat": null,
    "LifecycleS": " ",
    "WaterType": " ",
    "PlanNum": " ",
    "Owner": " ",
    "Comments": " ",
    "AccessDiam": 0,
    "AccessMate": " ",
    "AccesType": " ",
    "Station": 0,
    "RimElevati": 0,
    "FieldBook": " ",
    "Invert": 0,
    "Plan1": " ",
    "Plan2": " ",
    "Plan3": " ",
    "FeatureID": " ",
    "DupeNum": 0,
    "Source": "Stantec",
    "OrthoUpdated": "Yes",
    "GlobalID": "{8C62966A-0A76-4BA8-823E-1D76862358FF}",
    "created_user": "GIS",
    "created_date": 1600300800000,
    "last_edited_user": "GIS",
    "last_edited_date": 1600300800000,
    "Dewb_Edited": 0,
    "AssetStatus": "Active",
    "AccuracyStatus": "Unknown/Null (accurate = no)",
    "InaccuracyType": null,
    "AccuracyDate": null,
    "AccuracyComments": null,
    "ArchiveProjectName": null,
    "ArchiveReason": null,
    "ArchiveDate": null,
    "ArchiveComments": null,
    "ReplacedAssetID": null,
    "AssociatedInspections": null,
    "FID": null,
    "CreationDate": 1667412663429,
    "Creator": "NLandin_wc",
    "EditDate": 1667942792190,
    "Editor": "NLandin_wc"
   }
  },
  {
   "type": "Feature",
   "id": 108,
   "geometry": {
    "type": "Point",
    "coordinates": [
     -71.09929237303251,
     42.38224731297446
    ]
   },
   "properties": {
    "OBJECTID": 108,
    "Subtype": 0,
    "FacilityID": "SW-CB-02359",
    "InstallDat": null,
    "LifecycleS": " ",
    "WaterType": " ",
    "PlanNum": " ",
    "Owner": " ",
    "Comments": " ",
    "AccessDiam": 0,
    "AccessMate": " ",
    "AccesType": " ",
    "Station": 0,
    "RimElevati": 0,
    "FieldBook": " ",
    "Invert": 0,
    "Plan1": " ",
    "Plan2": " ",
    "Plan3": " ",
    "FeatureID": " ",
    "DupeNum": 0,
    "Source": "2017 Orthophotography",
    "OrthoUpdated": "Yes",
    "GlobalID": "{57ADF967-E17C-46CE-9BD8-F40490EDB85E}",
    "created_user": "GIS",
    "created_date": 1600300800000,
    "last_edited_user": "GIS",
    "last_edited_date": 1600300800000,
    "Dewb_Edited": 0,
    "AssetStatus": "Active",
    "AccuracyStatus": "Unknown/Null (accurate = no)",
    "InaccuracyType": null,
    "AccuracyDate": null,
    "AccuracyComments": null,
    "ArchiveProjectName": null,
    "ArchiveReason": null,
    "ArchiveDate": null,
    "ArchiveComments": null,
    "ReplacedAssetID": null,
    "AssociatedInspections": null,
    "FID": null,
    "CreationDate": 1667412663429,
    "Creator": "NLandin_wc",
    "EditDate": 1667942792190,
    "Editor": "NLandin_wc"
   }
  },
  {
   "type": "Feature",
   "id": 109,
   "geometry": {
    "type": "Point",
    "coordinates": [
     -71.10241411877244,
     42.389800795167645
    ]
   },
   "properties": {
    "OBJECTID": 109,
    "Subtype": 0,
    "FacilityID": "SW-CB-02827",
    "InstallDat": null,
    "LifecycleS": " ",
    "WaterType": " ",
    "PlanNum": " ",
    "Owner": " ",
    "Comments": " ",
    "AccessDiam": 0,
    "AccessMate": " ",
    "AccesType": " ",
    "Station": 0,
    "RimElevati": 0,
    "FieldBook": " ",
    "Invert": 0,
    "Plan1": " ",
    "Plan2": " ",
    "Plan3": " ",
    "FeatureID": " ",
    "DupeNum": 0,
    "Source": "2017 Orthophotography",
    "OrthoUpdated": "Yes",
    "GlobalID": "{4E98D466-7E5F-4C46-8393-C934E21A8075}",
    "created_user": "GIS",
    "created_date": 1600300800000,
    "last_edited_user": "GIS",
    "last_edited_date": 1600300800000,
    "Dewb_Edited": 0,
    "AssetStatus": "Active",
    "AccuracyStatus": "Unknown/Null (accurate = no)",
    "InaccuracyType": null,
    "AccuracyDate": null,
    "AccuracyComments": null,
    "ArchiveProjectName": null,
    "ArchiveReason": null,
    "ArchiveDate": null,
    "ArchiveComments": null,
    "ReplacedAssetID": null,
    "AssociatedInspections": null,
    "FID": null,
    "CreationDate": 1667412663429,
    "Creator": "NLandin_wc",
    "EditDate": 1667942792190,
    "Editor": "NLandin_wc"
   }
  },
  {
   "type": "Feature",
   "id": 130,
   "geometry": {
    "type": "Point",
    "coordinates": [
     -71.10551175578905,
     42.38187178575278
    ]
   },
   "properties": {
    "OBJECTID": 130,
    "Subtype": 0,
    "FacilityID": "SW-CB-02625",
    "InstallDat": null,
    "LifecycleS": " ",
    "WaterType": " ",
    "PlanNum": " ",
    "Owner": " ",
    "Comments": " ",
    "AccessDiam": 0,
    "AccessMate": " ",
    "AccesType": " ",
    "Station": 0,
    "RimElevati": 0,
    "FieldBook": " ",
    "Invert": 0,
    "Plan1": " ",
    "Plan2": " ",
    "Plan3": " ",
    "FeatureID": " ",
    "DupeNum": 0,
    "Source": "2017 Orthophotography",
    "OrthoUpdated": "Yes",
    "GlobalID": "{9AB4129B-F661-4FE0-8BA1-474A70171885}",
    "created_user": "GIS",
    "created_date": 1600300800000,
    "last_edited_user": "GIS",
    "last_edited_date": 1600300800000,
    "Dewb_Edited": 0,
    "AssetStatus": "Active",
    "AccuracyStatus": "Unknown/Null (accurate = no)",
    "InaccuracyType": null,
    "AccuracyDate": null,
    "AccuracyComments": null,
    "ArchiveProjectName": null,
    "ArchiveReason": null,
    "ArchiveDate": null,
    "ArchiveComments": null,
    "ReplacedAssetID": null,
    "AssociatedInspections": null,
    "FID": null,
    "CreationDate": 1667412663429,
    "Creator": "NLandin_wc",
    "EditDate": 1667942792190,
    "Editor": "NLandin_wc"
   }
  },
  {
   "type": "Feature",
   "id": 142,
   "geometry": {
    "type": "Point",
    "coordinates": [
     -71.10651545229105,
     42.38341084706331
    ]
   },
   "properties": {
    "OBJECTID": 142,
    "Subtype": 0,
    "FacilityID": "SW-CB-01033",
    "InstallDat": null,
    "LifecycleS": " ",
    "WaterType": " ",
    "PlanNum": " ",
    "Owner": " ",
    "Comments": " ",
    "AccessDiam": 0,
    "AccessMate": " ",
    "AccesType": " ",
    "Station": 0,
    "RimElevati": 0,
    "FieldBook": " ",
    "Invert": 0,
    "Plan1": " ",
    "Plan2": " ",
    "Plan3": " ",
    "FeatureID": " ",
    "DupeNum": 0,
    "Source": "Stantec",
    "OrthoUpdated": "Yes",
    "GlobalID": "{0A2C457B-E926-4B9B-B256-62BD7DC3B3FB}",
    "created_user": "GIS",
    "created_date": 1600300800000,
    "last_edited_user": "GIS",
    "last_edited_date": 1600300800000,
    "Dewb_Edited": 0,
    "AssetStatus": "Active",
    "AccuracyStatus": "Unknown/Null (accurate = no)",
    "InaccuracyType": null,
    "AccuracyDate": null,
    "AccuracyComments": null,
    "ArchiveProjectName": null,
    "ArchiveReason": null,
    "ArchiveDate": null,
    "ArchiveComments": null,
    "ReplacedAssetID": null,
    "AssociatedInspections": null,
    "FID": null,
    "CreationDate": 1667412663429,
    "Creator": "NLandin_wc",
    "EditDate": 1667942792190,
    "Editor": "NLandin_wc"
   }
  },
  {
   "type": "Feature",
   "id": 143,
   "geometry": {
    "type": "Point",
    "coordinates": [
     -71.0956112234164,
     42.38770695172994
    ]
   },
   "properties": {
    "OBJECTID": 143,
    "Subtype": 0,
    "FacilityID": "SW-CB-01471",
    "InstallDat": null,
    "LifecycleS": " ",
    "WaterType": " ",
    "PlanNum": " ",
    "Owner": " ",
    "Comments": " ",
    "AccessDiam": 0,
    "AccessMate": " ",
    "AccesType": " ",
    "Station": 0,
    "RimElevati": 0,
    "FieldBook": " ",
    "Invert": 0,
    "Plan1": " ",
    "Plan2": " ",
    "Plan3": " ",
    "FeatureID": " ",
    "DupeNum": 0,
    "Source": "2017 Orthophotography",
    "OrthoUpdated": "Yes",
    "GlobalID": "{271CBE12-1B5D-46A3-A2D2-AA79A8922BE3}",
    "created_user": "GIS",
    "created_date": 1600300800000,
    "last_edited_user": "GIS",
    "last_edited_date": 1600300800000,
    "Dewb_Edited": 0,
    "AssetStatus": "Active",
    "AccuracyStatus": "Unknown/Null (accurate = no)",
    "InaccuracyType": null,
    "AccuracyDate": null,
    "AccuracyComments": null,
    "ArchiveProjectName": null,
    "ArchiveReason": null,
    "ArchiveDate": null,
    "ArchiveComments": null,
    "ReplacedAssetID": null,
    "AssociatedInspections": null,
    "FID": null,
    "CreationDate": 1667412663429,
    "Creator": "NLandin_wc",
    "EditDate": 1667942792190,
    "Editor": "NLandin_wc"
   }
  },
  {
   "type": "Feature",
   "id": 144,
   "geometry": {
    "type": "Point",
    "coordinates": [
     -71.09441252667706,
     42.387175116328976
    ]
   },
   "properties": {
    "OBJECTID": 144,
    "Subtype": 0,
    "FacilityID": "SW-CB-01519",
    "InstallDat": null,
    "LifecycleS": " ",
    "WaterType": " ",
    "PlanNum": " ",
    "Owner": " ",
    "Comments": " ",
    "AccessDiam": 0,
    "AccessMate": " ",
    "AccesType": " ",
    "Station": 0,
    "RimElevati": 0,
    "FieldBook": " ",
    "Invert": 0,
    "Plan1": " ",
    "Plan2": " ",
    "Plan3": " ",
    "FeatureID": " ",
    "DupeNum": 0,
    "Source": "2017 Orthophotography",
    "OrthoUpdated": "Yes",
    "GlobalID": "{69B44AE9-82E3-4F8E-B3DA-46B1FCC67A8D}",
    "created_user": "GIS",
    "created_date": 1600300800000,
    "last_edited_user": "GIS",
    "last_edited_date": 1600300800000,
    "Dewb_Edited": 0,
    "AssetStatus": "Active",
    "AccuracyStatus": "Unknown/Null (accurate = no)",
    "InaccuracyType": null,
    "AccuracyDate": null,
    "AccuracyComments": null,
    "ArchiveProjectName": null,
    "ArchiveReason": null,
    "ArchiveDate": null,
    "ArchiveComments": null,
    "ReplacedAssetID": null,
    "AssociatedInspections": null,
    "FID": null,
    "CreationDate": 1667412663429,
    "Creator": "NLandin_wc",
    "EditDate": 1667942792190,
    "Editor": "NLandin_wc"
   }
  },
  {
   "type": "Feature",
   "id": 145,
   "geometry": {
    "type": "Point",
    "coordinates": [
     -71.09882006028695,
     42.38345336878412
    ]
   },
   "properties": {
    "OBJECTID": 145,
    "Subtype": 0,
    "FacilityID": "SW-CB-00735",
    "InstallDat": null,
    "LifecycleS": " ",
    "WaterType": " ",
    "PlanNum": " ",
    "Owner": " ",
    "Comments": " ",
    "AccessDiam": 0,
    "AccessMate": " ",
    "AccesType": " ",
    "Station": 0,
    "RimElevati": 0,
    "FieldBook": " ",
    "Invert": 0,
    "Plan1": " ",
    "Plan2": " ",
    "Plan3": " ",
    "FeatureID": " ",
    "DupeNum": 0,
    "Source": "Stantec",
    "OrthoUpdated": "Yes",
    "GlobalID": "{A26F5EF8-E36C-4FB0-AEB2-261F764C4F1B}",
    "created_user": "GIS",
    "created_date": 1600300800000,
    "last_edited_user": "GIS",
    "last_edited_date": 1600300800000,
    "Dewb_Edited": 0,
    "AssetStatus": "Active",
    "AccuracyStatus": "Unknown/Null (accurate = no)",
    "InaccuracyType": null,
    "AccuracyDate": null,
    "AccuracyComments": null,
    "ArchiveProjectName": null,
    "ArchiveReason": null,
    "ArchiveDate": null,
    "ArchiveComments": null,
    "ReplacedAssetID": null,
    "AssociatedInspections": null,
    "FID": null,
    "CreationDate": 1667412663429,
    "Creator": "NLandin_wc",
    "EditDate": 1667942792190,
    "Editor": "NLandin_wc"
   }
  },
  {
   "type": "Feature",
   "id": 146,
   "geometry": {
    "type": "Point",
    "coordinates": [
     -71.09559079049968,
     42.38013914235739
    ]
   },
   "properties": {
    "OBJECTID": 146,
    "Subtype": 0,
    "FacilityID": "SW-CB-00680",
    "InstallDat": null,
    "LifecycleS": " ",
    "WaterType": " ",
    "PlanNum": " ",
    "Owner": " ",
    "Comments": " ",
    "AccessDiam": 0,
    "AccessMate": " ",
    "AccesType": " ",
    "Station": 0,
    "RimElevati": 0,
    "FieldBook": " ",
    "Invert": 0,
    "Plan1": " ",
    "Plan2": " ",
    "Plan3": " ",
    "FeatureID": " ",
    "DupeNum": 0,
    "Source": "Stantec",
    "OrthoUpdated": "Yes",
    "GlobalID": "{62A092C2-7F76-4F7D-97E1-7D1F80370745}",
    "created_user": "GIS",
    "created_date": 1600300800000,
    "last_edited_user": "GIS",
    "last_edited_date": 1600300800000,
    "Dewb_Edited": 0,
    "AssetStatus": "Active",
    "AccuracyStatus": "Unknown/Null (accurate = no)",
    "InaccuracyType": null,
    "AccuracyDate": null,
    "AccuracyComments": null,
    "ArchiveProjectName": null,
    "ArchiveReason": null,
    "ArchiveDate": null,
    "ArchiveComments": null,
    "ReplacedAssetID": null,
    "AssociatedInspections": null,
    "FID": null,
    "CreationDate": 1667412663429,
    "Creator": "NLandin_wc",
    "EditDate": 1667942792190,
    "Editor": "NLandin_wc"
   }
  },
  {
   "type": "Feature",
   "id": 151,
   "geometry": {
    "type": "Point",
    "coordinates": [
     -71.10138810663157,
     42.381872779157945
    ]
   },
   "properties": {
    "OBJECTID": 151,
    "Subtype": 0,
    "FacilityID": "SW-CB-01073",
    "InstallDat": null,
    "LifecycleS": " ",
    "WaterType": " ",
    "PlanNum": " ",
    "Owner": " ",
    "Comments": " ",
    "AccessDiam": 0,
    "AccessMate": " ",
    "AccesType": " ",
    "Station": 0,
    "RimElevati": 0,
    "FieldBook": " ",
    "Invert": 0,
    "Plan1": " ",
    "Plan2": " ",
    "Plan3": " ",
    "FeatureID": " ",
    "DupeNum": 0,
    "Source": "Stantec",
    "OrthoUpdated": "Yes",
    "GlobalID": "{599343DF-4368-4A83-A317-A584E3D1C6F6}",
    "created_user": "GIS",
    "created_date": 1600300800000,
    "last_edited_user": "GIS",
    "last_edited_date": 1600300800000,
    "Dewb_Edited": 0,
    "AssetStatus": "Active",
    "AccuracyStatus": "Unknown/Null (accurate = no)",
    "InaccuracyType": null,
    "AccuracyDate": null,
    "AccuracyComments": null,
    "ArchiveProjectName": null,
    "ArchiveReason": null,
    "ArchiveDate": null,
    "ArchiveComments": null,
    "ReplacedAssetID": null,
    "AssociatedInspections": null,
    "FID": null,
    "CreationDate": 1667412663429,
    "Creator": "NLandin_wc",
    "EditDate": 1667942792190,
    "Editor": "NLandin_wc"
   }
  },
  {
   "type": "Feature",
   "id": 156,
   "geometry": {
    "type": "Point",
    "coordinates": [
     -71.09882434943506,
     42.38088305532884
    ]
   },
   "properties": {
    "OBJECTID": 156,
    "Subtype": 0,
    "FacilityID": "SW-CB-00698",
    "InstallDat": null,
    "LifecycleS": " ",
    "WaterType": " ",
    "PlanNum": " ",
    "Owner": " ",
    "Comments": " ",
    "AccessDiam": 0,
    "AccessMate": " ",
    "AccesType": " ",
    "Station": 0,
    "RimElevati": 0,
    "FieldBook": " ",
    "Invert": 0,
    "Plan1": " ",
    "Plan2": " ",
    "Plan3": " ",
    "FeatureID": " ",
    "DupeNum": 0,
    "Source": "Stantec",
    "OrthoUpdated": "Yes",
    "GlobalID": "{43135FB3-2CFF-44F6-9444-49BCFA22CA09}",
    "created_user": "GIS",
    "created_date": 1600300800000,
    "last_edited_user": "GIS",
    "last_edited_date": 1600300800000,
    "Dewb_Edited": 0,
    "AssetStatus": "Active",
    "AccuracyStatus": "Unknown/Null (accurate = no)",
    "InaccuracyType": null,
    "AccuracyDate": null,
    "AccuracyComments": null,
    "ArchiveProjectName": null,
    "ArchiveReason": null,
    "ArchiveDate": null,
    "ArchiveComments": null,
    "ReplacedAssetID": null,
    "AssociatedInspections": null,
    "FID": null,
    "CreationDate": 1667412663429,
    "Creator": "NLandin_wc",
    "EditDate": 1667942792190,
    "Editor": "NLandin_wc"
   }
  },
  {
   "type": "Feature",
   "id": 158,
   "geometry": {
    "type": "Point",
    "coordinates": [
     -71.0977041917921,
     42.38322013235633
    ]
   },
   "properties": {
    "OBJECTID": 158,
    "Subtype": 0,
    "FacilityID": "SW-CB-00723",
    "InstallDat": null,
    "LifecycleS": " ",
    "WaterType": " ",
    "PlanNum": " ",
    "Owner": " ",
    "Comments": " ",
    "AccessDiam": 0,
    "AccessMate": " ",
    "AccesType": " ",
    "Station": 0,
    "RimElevati": 0,
    "FieldBook": " ",
    "Invert": 0,
    "Plan1": " ",
    "Plan2": " ",
    "Plan3": " ",
    "FeatureID": " ",
    "DupeNum": 0,
    "Source": "Stantec",
    "OrthoUpdated": "Yes",
    "GlobalID": "{BBC45B4B-316F-45E8-B3CD-FA5EE14E22EA}",
    "created_user": "GIS",
    "created_date": 1600300800000,
    "last_edited_user": "GIS",
    "last_edited_date": 1600300800000,
    "Dewb_Edited": 0,
    "AssetStatus": "Active",
    "AccuracyStatus": "Unknown/Null (accurate = no)",
    "InaccuracyType": null,
    "AccuracyDate": null,
    "AccuracyComments": null,
    "ArchiveProjectName": null,
    "ArchiveReason": null,
    "ArchiveDate": null,
    "ArchiveComments": null,
    "ReplacedAssetID": null,
    "AssociatedInspections": null,
    "FID": null,
    "CreationDate": 1667412663429,
    "Creator": "NLandin_wc",
    "EditDate": 1667942792190,
    "Editor": "NLandin_wc"
   }
  },
  {
   "type": "Feature",
   "id": 171,
   "geometry": {
    "type": "Point",
    "coordinates": [
     -71.09545465003613,
     42.383194649376996
    ]
   },
   "properties": {
    "OBJECTID": 171,
    "Subtype": 0,
    "FacilityID": "SW-CB-01094",
    "InstallDat": null,
    "LifecycleS": " ",
    "WaterType": " ",
    "PlanNum": " ",
    "Owner": " ",
    "Comments": " ",
    "AccessDiam": 0,
    "AccessMate": " ",
    "AccesType": " ",
    "Station": 0,
    "RimElevati": 0,
    "FieldBook": " ",
    "Invert": 0,
    "Plan1": " ",
    "Plan2": " ",
    "Plan3": " ",
    "FeatureID": " ",
    "DupeNum": 0,
    "Source": "Stantec",
    "OrthoUpdated": "Yes",
    "GlobalID": "{D4B82539-86E3-4834-8A7F-9DE43103DE54}",
    "created_user": "GIS",
    "created_date": 1600300800000,
    "last_edited_user": "GIS",
    "last_edited_date": 1600300800000,
    "Dewb_Edited": 0,
    "AssetStatus": "Active",
    "AccuracyStatus": "Unknown/Null (accurate = no)",
    "InaccuracyType": null,
    "AccuracyDate": null,
    "AccuracyComments": null,
    "ArchiveProjectName": null,
    "ArchiveReason": null,
    "ArchiveDate": null,
    "ArchiveComments": null,
    "ReplacedAssetID": null,
    "AssociatedInspections": null,
    "FID": null,
    "CreationDate": 1667412663429,
    "Creator": "NLandin_wc",
    "EditDate": 1667942792190,
    "Editor": "NLandin_wc"
   }
  },
  {
   "type": "Feature",
   "id": 175,
   "geometry": {
    "type": "Point",
    "coordinates": [
     -71.10041450805065,
     42.38989125648622
    ]
   },
   "properties": {
    "OBJECTID": 175,
    "Subtype": 0,
    "FacilityID": "SW-CB-02810",
    "InstallDat": null,
    "LifecycleS": " ",
    "WaterType": " ",
    "PlanNum": " ",
    "Owner": " ",
    "Comments": " ",
    "AccessDiam": 0,
    "AccessMate": " ",
    "AccesType": " ",
    "Station": 0,
    "RimElevati": 0,
    "FieldBook": " ",
    "Invert": 0,
    "Plan1": " ",
    "Plan2": " ",
    "Plan3": " ",
    "FeatureID": " ",
    "DupeNum": 0,
    "Source": "2017 Orthophotography",
    "OrthoUpdated": "Yes",
    "GlobalID": "{F1301618-D86F-4EE2-BA14-C3857DB2AF7E}",
    "created_user": "GIS",
    "created_date": 1600300800000,
    "last_edited_user": "GIS",
    "last_edited_date": 1600300800000,
    "Dewb_Edited": 0,
    "AssetStatus": "Active",
    "AccuracyStatus": "Unknown/Null (accurate = no)",
    "InaccuracyType": null,
    "AccuracyDate": null,
    "AccuracyComments": null,
    "ArchiveProjectName": null,
    "ArchiveReason": null,
    "ArchiveDate": null,
    "ArchiveComments": null,
    "ReplacedAssetID": null,
    "AssociatedInspections": null,
    "FID": null,
    "CreationDate": 1667412663429,
    "Creator": "NLandin_wc",
    "EditDate": 1667942792190,
    "Editor": "NLandin_wc"
   }
  },
  {
   "type": "Feature",
   "id": 180,
   "geometry": {
    "type": "Point",
    "coordinates": [
     -71.10534012359491,
     42.38902887883057
    ]
   },
   "properties": {
    "OBJECTID": 180,
    "Subtype": 0,
    "FacilityID": "SW-CB-02750",
    "InstallDat": null,
    "LifecycleS": " ",
    "WaterType": " ",
    "PlanNum": " ",
    "Owner": " ",
    "Comments": " ",
    "AccessDiam": 0,
    "AccessMate": " ",
    "AccesType": " ",
    "Station": 0,
    "RimElevati": 0,
    "FieldBook": " ",
    "Invert": 0,
    "Plan1": " ",
    "Plan2": " ",
    "Plan3": " ",
    "FeatureID": " ",
    "DupeNum": 0,
    "Source": "2017 Orthophotography",
    "OrthoUpdated": "Yes",
    "GlobalID": "{0DF19F34-D1B1-4D8E-A2E3-453E7AFA50BE}",
    "created_user": "GIS",
    "created_date": 1600300800000,
    "last_edited_user": "GIS",
    "last_edited_date": 1600300800000,
    "Dewb_Edited": 0,
    "AssetStatus": "Active",
    "AccuracyStatus": "Unknown/Null (accurate = no)",
    "InaccuracyType": null,
    "AccuracyDate": null,
    "AccuracyComments": null,
    "ArchiveProjectName": null,
    "ArchiveReason": null,
    "ArchiveDate": null,
    "ArchiveComments": null,
    "ReplacedAssetID": null,
    "AssociatedInspections": null,
    "FID": null,
    "CreationDate": 1667412663429,
    "Creator": "NLandin_wc",
    "EditDate": 1667942792190,
    "Editor": "NLandin_wc"
   }
  },
  {
   "type": "Feature",
   "id": 183,
   "geometry": {
    "type": "Point",
    "coordinates": [
     -71.10804078088987,
     42.390195952841296
    ]
   },
   "properties": {
    "OBJECTID": 183,
    "Subtype": 0,
    "FacilityID": "SW-CB-02757",
    "InstallDat": null,
    "LifecycleS": " ",
    "WaterType": " ",
    "PlanNum": " ",
    "Owner": " ",
    "Comments": " ",
    "AccessDiam": 0,
    "AccessMate": " ",
    "AccesType": " ",
    "Station": 0,
    "RimElevati": 0,
    "FieldBook": " ",
    "Invert": 0,
    "Plan1": " ",
    "Plan2": " ",
    "Plan3": " ",
    "FeatureID": " ",
    "DupeNum": 0,
    "Source": "2017 Orthophotography",
    "OrthoUpdated": "Yes",
    "GlobalID": "{A639588B-9096-4470-97E3-13BEB7913E6D}",
    "created_user": "GIS",
    "created_date": 1600300800000,
    "last_edited_user": "GIS",
    "last_edited_date": 1600300800000,
    "Dewb_Edited": 0,
    "AssetStatus": "Active",
    "AccuracyStatus": "Unknown/Null (accurate = no)",
    "InaccuracyType": null,
    "AccuracyDate": null,
    "AccuracyComments": null,
    "ArchiveProjectName": null,
    "ArchiveReason": null,
    "ArchiveDate": null,
    "ArchiveComments": null,
    "ReplacedAssetID": null,
    "AssociatedInspections": null,
    "FID": null,
    "CreationDate": 1667412663429,
    "Creator": "NLandin_wc",
    "EditDate": 1667942792190,
    "Editor": "NLandin_wc"
   }
  },
  {
   "type": "Feature",
   "id": 195,
   "geometry": {
    "type": "Point",
    "coordinates": [
     -71.10990082424122,
     42.38201742042417
    ]
   },
   "properties": {
    "OBJECTID": 195,
    "Subtype": 0,
    "FacilityID": "SW-CB-02618",
    "InstallDat": null,
    "LifecycleS": " ",
    "WaterType": " ",
    "PlanNum": " ",
    "Owner": " ",
    "Comments": " ",
    "AccessDiam": 0,
    "AccessMate": " ",
    "AccesType": " ",
    "Station": 0,
    "RimElevati": 0,
    "FieldBook": " ",
    "Invert": 0,
    "Plan1": " ",
    "Plan2": " ",
    "Plan3": " ",
    "FeatureID": " ",
    "DupeNum": 0,
    "Source": "2017 Orthophotography",
    "OrthoUpdated": "Yes",
    "GlobalID": "{C08F8BA4-7EBA-4E3F-8108-A10397020290}",
    "created_user": "GIS",
    "created_date": 1600300800000,
    "last_edited_user": "GIS",
    "last_edited_date": 1600300800000,
    "Dewb_Edited": 0,
    "AssetStatus": "Active",
    "AccuracyStatus": "Unknown/Null (accurate = no)",
    "InaccuracyType": null,
    "AccuracyDate": null,
    "AccuracyComments": null,
    "ArchiveProjectName": null,
    "ArchiveReason": null,
    "ArchiveDate": null,
    "ArchiveComments": null,
    "ReplacedAssetID": null,
    "AssociatedInspections": null,
    "FID": null,
    "CreationDate": 1667412663429,
    "Creator": "NLandin_wc",
    "EditDate": 1667942792190,
    "Editor": "NLandin_wc"
   }
  },
  {
   "type": "Feature",
   "id": 196,
   "geometry": {
    "type": "Point",
    "coordinates": [
     -71.10900279565921,
     42.38754371185763
    ]
   },
   "properties": {
    "OBJECTID": 196,
    "Subtype": 0,
    "FacilityID": "SW-CB-00938",
    "InstallDat": null,
    "LifecycleS": " ",
    "WaterType": " ",
    "PlanNum": " ",
    "Owner": " ",
    "Comments": " ",
    "AccessDiam": 0,
    "AccessMate": " ",
    "AccesType": " ",
    "Station": 0,
    "RimElevati": 0,
    "FieldBook": " ",
    "Invert": 0,
    "Plan1": " ",
    "Plan2": " ",
    "Plan3": " ",
    "FeatureID": " ",
    "DupeNum": 0,
    "Source": "Stantec",
    "OrthoUpdated": "Yes",
    "GlobalID": "{47582358-2ECE-4A82-8283-9395C323DB4D}",
    "created_user": "GIS",
    "created_date": 1600300800000,
    "last_edited_user": "GIS",
    "last_edited_date": 1600300800000,
    "Dewb_Edited": 0,
    "AssetStatus": "Active",
    "AccuracyStatus": "Unknown/Null (accurate = no)",
    "InaccuracyType": null,
    "AccuracyDate": null,
    "AccuracyComments": null,
    "ArchiveProjectName": null,
    "ArchiveReason": null,
    "ArchiveDate": null,
    "ArchiveComments": null,
    "ReplacedAssetID": null,
    "AssociatedInspections": null,
    "FID": null,
    "CreationDate": 1667412663429,
    "Creator": "NLandin_wc",
    "EditDate": 1667942792190,
    "Editor": "NLandin_wc"
   }
  },
  {
   "type": "Feature",
   "id": 200,
   "geometry": {
    "type": "Point",
    "coordinates": [
     -71.09705433569853,
     42.38435401611993
    ]
   },
   "properties": {
    "OBJECTID": 200,
    "Subtype": 0,
    "FacilityID": "SW-CB-00788",
    "InstallDat": null,
    "LifecycleS": " ",
    "WaterType": " ",
    "PlanNum": " ",
    "Owner": " ",
    "Comments": " ",
    "AccessDiam": 0,
    "AccessMate": " ",
    "AccesType": " ",
    "Station": 0,
    "RimElevati": 0,
    "FieldBook": " ",
    "Invert": 0,
    "Plan1": " ",
    "Plan2": " ",
    "Plan3": " ",
    "FeatureID": " ",
    "DupeNum": 0,
    "Source": "Stantec",
    "OrthoUpdated": "Yes",
    "GlobalID": "{22C1E532-0C92-40A6-AD66-EA39CFEC3A40}",
    "created_user": "GIS",
    "created_date": 1600300800000,
    "last_edited_user": "GIS",
    "last_edited_date": 1600300800000,
    "Dewb_Edited": 0,
    "AssetStatus": "Active",
    "AccuracyStatus": "Unknown/Null (accurate = no)",
    "InaccuracyType": null,
    "AccuracyDate": null,
    "AccuracyComments": null,
    "ArchiveProjectName": null,
    "ArchiveReason": null,
    "ArchiveDate": null,
    "ArchiveComments": null,
    "ReplacedAssetID": null,
    "AssociatedInspections": null,
    "FID": null,
    "CreationDate": 1667412663429,
    "Creator": "NLandin_wc",
    "EditDate": 1667942792190,
    "Editor": "NLandin_wc"
   }
  },
  {
   "type": "Feature",
   "id": 205,
   "geometry": {
    "type": "Point",
    "coordinates": [
     -71.1054910839534,
     42.38309248393934
    ]
   },
   "properties": {
    "OBJECTID": 205,
    "Subtype": 0,
    "FacilityID": "SW-CB-01029",
    "InstallDat": null,
    "LifecycleS": " ",
    "WaterType": " ",
    "PlanNum": " ",
    "Owner": " ",
    "Comments": " ",
    "AccessDiam": 0,
    "AccessMate": " ",
    "AccesType": " ",
    "Station": 0,
    "RimElevati": 0,
    "FieldBook": " ",
    "Invert": 0,
    "Plan1": " ",
    "Plan2": " ",
    "Plan3": " ",
    "FeatureID": " ",
    "DupeNum": 0,
    "Source": "Stantec",
    "OrthoUpdated": "Yes",
    "GlobalID": "{985A4E23-74A9-4324-9A1D-2DFE4F19B4F0}",
    "created_user": "GIS",
    "created_date": 1600300800000,
    "last_edited_user": "GIS",
    "last_edited_date": 1600300800000,
    "Dewb_Edited": 0,
    "AssetStatus": "Active",
    "AccuracyStatus": "Unknown/Null (accurate = no)",
    "InaccuracyType": null,
    "AccuracyDate": null,
    "AccuracyComments": null,
    "ArchiveProjectName": null,
    "ArchiveReason": null,
    "ArchiveDate": null,
    "ArchiveComments": null,
    "ReplacedAssetID": null,
    "AssociatedInspections": null,
    "FID": null,
    "CreationDate": 1667412663429,
    "Creator": "NLandin_wc",
    "EditDate": 1667942792190,
    "Editor": "NLandin_wc"
   }
  },
  {
   "type": "Feature",
   "id": 209,
   "geometry": {
    "type": "Point",
    "coordinates": [
     -71.09659884667163,
     42.38786402932393
    ]
   },
   "properties": {
    "OBJECTID": 209,
    "Subtype": 1,
    "FacilityID": "SW-CB-00136",
    "InstallDat": -1356998400000,
    "LifecycleS": "Active",
    "WaterType": "Storm",
    "PlanNum": "MM-6",
    "Owner": "Somerv",
    "Comments": " ",
    "AccessDiam": 0,
    "AccessMate": " ",
    "AccesType": " ",
    "Station": 9999,
    "RimElevati": 9999,
    "FieldBook": " ",
    "Invert": 9999,
    "Plan1": "MM-06",
    "Plan2": " ",
    "Plan3": " ",
    "FeatureID": "CB-SD-137",
    "DupeNum": 1,
    "Source": "Original City Data",
    "OrthoUpdated": "Not Visible",
    "GlobalID": "{C08A1E9A-06F8-4AE3-BD1F-AADE5B8EA4C5}",
    "created_user": "GIS",
    "created_date": 1600300800000,
    "last_edited_user": "GIS",
    "last_edited_date": 1600300800000,
    "Dewb_Edited": 0,
    "AssetStatus": "Active",
    "AccuracyStatus": "Unknown/Null (accurate = no)",
    "InaccuracyType": null,
    "AccuracyDate": null,
    "AccuracyComments": null,
    "ArchiveProjectName": null,
    "ArchiveReason": null,
    "ArchiveDate": null,
    "ArchiveComments": null,
    "ReplacedAssetID": null,
    "AssociatedInspections": null,
    "FID": null,
    "CreationDate": 1667412663429,
    "Creator": "NLandin_wc",
    "EditDate": 1667942792190,
    "Editor": "NLandin_wc"
   }
  },
  {
   "type": "Feature",
   "id": 210,
   "geometry": {
    "type": "Point",
    "coordinates": [
     -71.10885976867922,
     42.38481722965543
    ]
   },
   "properties": {
    "OBJECTID": 210,
    "Subtype": 0,
    "FacilityID": "SW-CB-00953",
    "InstallDat": null,
    "LifecycleS": " ",
    "WaterType": " ",
    "PlanNum": " ",
    "Owner": " ",
    "Comments": " ",
    "AccessDiam": 0,
    "AccessMate": " ",
    "AccesType": " ",
    "Station": 0,
    "RimElevati": 0,
    "FieldBook": " ",
    "Invert": 0,
    "Plan1": " ",
    "Plan2": " ",
    "Plan3": " ",
    "FeatureID": " ",
    "DupeNum": 0,
    "Source": "Stantec",
    "OrthoUpdated": "Yes",
    "GlobalID": "{24118E9D-94BC-4F3C-A4B8-350217441974}",
    "created_user": "GIS",
    "created_date": 1600300800000,
    "last_edited_user": "GIS",
    "last_edited_date": 1600300800000,
    "Dewb_Edited": 0,
    "AssetStatus": "Active",
    "AccuracyStatus": "Unknown/Null (accurate = no)",
    "InaccuracyType": null,
    "AccuracyDate": null,
    "AccuracyComments": null,
    "ArchiveProjectName": null,
    "ArchiveReason": null,
    "ArchiveDate": null,
    "ArchiveComments": null,
    "ReplacedAssetID": null,
    "AssociatedInspections": null,
    "FID": null,
    "CreationDate": 1667412663429,
    "Creator": "NLandin_wc",
    "EditDate": 1667942792190,
    "Editor": "NLandin_wc"
   }
  },
  {
   "type": "Feature",
   "id": 225,
   "geometry": {
    "type": "Point",
    "coordinates": [
     -71.10471770428103,
     42.390446304217214
    ]
   },
   "properties": {
    "OBJECTID": 225,
    "Subtype": 0,
    "FacilityID": "SW-CB-00534",
    "InstallDat": 325987200000,
    "LifecycleS": "Proposed",
    "WaterType": "Storm",
    "PlanNum": "TB-038",
    "Owner": "Somerv",
    "Comments": " ",
    "AccessDiam": 9999,
    "AccessMate": "Unk",
    "AccesType": "Unk",
    "Station": 9999,
    "RimElevati": 9999,
    "FieldBook": " ",
    "Invert": 9999,
    "Plan1": "TB-038",
    "Plan2": " ",
    "Plan3": " ",
    "FeatureID": "CB-SD-535",
    "DupeNum": 1,
    "Source": "Original City Data",
    "OrthoUpdated": "Yes",
    "GlobalID": "{DFDC7872-E742-4D3C-8BE1-F718DD1DD564}",
    "created_user": "GIS",
    "created_date": 1600300800000,
    "last_edited_user": "GIS",
    "last_edited_date": 1600300800000,
    "Dewb_Edited": 0,
    "AssetStatus": "Active",
    "AccuracyStatus": "Unknown/Null (accurate = no)",
    "InaccuracyType": null,
    "AccuracyDate": null,
    "AccuracyComments": null,
    "ArchiveProjectName": null,
    "ArchiveReason": null,
    "ArchiveDate": null,
    "ArchiveComments": null,
    "ReplacedAssetID": null,
    "AssociatedInspections": null,
    "FID": null,
    "CreationDate": 1667412663429,
    "Creator": "NLandin_wc",
    "EditDate": 1667942792190,
    "Editor": "NLandin_wc"
   }
  },
  {
   "type": "Feature",
   "id": 232,
   "geometry": {
    "type": "Point",
    "coordinates": [
     -71.10379376625782,
     42.38783565911229
    ]
   },
   "properties": {
    "OBJECTID": 232,
    "Subtype": 0,
    "FacilityID": "SW-CB-01008",
    "InstallDat": null,
    "LifecycleS": " ",
    "WaterType": " ",
    "PlanNum": " ",
    "Owner": " ",
    "Comments": " ",
    "AccessDiam": 0,
    "AccessMate": " ",
    "AccesType": " ",
    "Station": 0,
    "RimElevati": 0,
    "FieldBook": " ",
    "Invert": 0,
    "Plan1": " ",
    "Plan2": " ",
    "Plan3": " ",
    "FeatureID": " ",
    "DupeNum": 0,
    "Source": "Stantec",
    "OrthoUpdated": "Yes",
    "GlobalID": "{A8FD9DE3-BD37-4326-BE62-BA9847BA8929}",
    "created_user": "GIS",
    "created_date": 1600300800000,
    "last_edited_user": "GIS",
    "last_edited_date": 1600300800000,
    "Dewb_Edited": 0,
    "AssetStatus": "Active",
    "AccuracyStatus": "Unknown/Null (accurate = no)",
    "InaccuracyType": null,
    "AccuracyDate": null,
    "AccuracyComments": null,
    "ArchiveProjectName": null,
    "ArchiveReason": null,
    "ArchiveDate": null,
    "ArchiveComments": null,
    "ReplacedAssetID": null,
    "AssociatedInspections": null,
    "FID": null,
    "CreationDate": 1667412663429,
    "Creator": "NLandin_wc",
    "EditDate": 1667942792190,
    "Editor": "NLandin_wc"
   }
  },
  {
   "type": "Feature",
   "id": 234,
   "geometry": {
    "type": "Point",
    "coordinates": [
     -71.10090070447905,
     42.381571914300444
    ]
   },
   "properties": {
    "OBJECTID": 234,
    "Subtype": 0,
    "FacilityID": "SW-CB-01080",
    "InstallDat": null,
    "LifecycleS": " ",
    "WaterType": " ",
    "PlanNum": " ",
    "Owner": " ",
    "Comments": " ",
    "AccessDiam": 0,
    "AccessMate": " ",
    "AccesType": " ",
    "Station": 0,
    "RimElevati": 0,
    "FieldBook": " ",
    "Invert": 0,
    "Plan1": " ",
    "Plan2": " ",
    "Plan3": " ",
    "FeatureID": " ",
    "DupeNum": 0,
    "Source": "Stantec",
    "OrthoUpdated": "Yes",
    "GlobalID": "{F565DEDC-4943-42A3-9007-7FDF934C606C}",
    "created_user": "GIS",
    "created_date": 1600300800000,
    "last_edited_user": "GIS",
    "last_edited_date": 1600300800000,
    "Dewb_Edited": 0,
    "AssetStatus": "Active",
    "AccuracyStatus": "Unknown/Null (accurate = no)",
    "InaccuracyType": null,
    "AccuracyDate": null,
    "AccuracyComments": null,
    "ArchiveProjectName": null,
    "ArchiveReason": null,
    "ArchiveDate": null,
    "ArchiveComments": null,
    "ReplacedAssetID": null,
    "AssociatedInspections": null,
    "FID": null,
    "CreationDate": 1667412663429,
    "Creator": "NLandin_wc",
    "EditDate": 1667942792190,
    "Editor": "NLandin_wc"
   }
  },
  {
   "type": "Feature",
   "id": 237,
   "geometry": {
    "type": "Point",
    "coordinates": [
     -71.10659828676064,
     42.38051614895076
    ]
   },
   "properties": {
    "OBJECTID": 237,
    "Subtype": 0,
    "FacilityID": "SW-CB-02576",
    "InstallDat": null,
    "LifecycleS": " ",
    "WaterType": " ",
    "PlanNum": " ",
    "Owner": " ",
    "Comments": " ",
    "AccessDiam": 0,
    "AccessMate": " ",
    "AccesType": " ",
    "Station": 0,
    "RimElevati": 0,
    "FieldBook": " ",
    "Invert": 0,
    "Plan1": " ",
    "Plan2": " ",
    "Plan3": " ",
    "FeatureID": " ",
    "DupeNum": 0,
    "Source": "2017 Orthophotography",
    "OrthoUpdated": "Yes",
    "GlobalID": "{0B11876E-0298-4CF6-9B04-DFD669C465F0}",
    "created_user": "GIS",
    "created_date": 1600300800000,
    "last_edited_user": "GIS",
    "last_edited_date": 1600300800000,
    "Dewb_Edited": 0,
    "AssetStatus": "Active",
    "AccuracyStatus": "Unknown/Null (accurate = no)",
    "InaccuracyType": null,
    "AccuracyDate": null,
    "AccuracyComments": null,
    "ArchiveProjectName": null,
    "ArchiveReason": null,
    "ArchiveDate": null,
    "ArchiveComments": null,
    "ReplacedAssetID": null,
    "AssociatedInspections": null,
    "FID": null,
    "CreationDate": 1667412663429,
    "Creator": "NLandin_wc",
    "EditDate": 1667942792190,
    "Editor": "NLandin_wc"
   }
  },
  {
   "type": "Feature",
   "id": 243,
   "geometry": {
    "type": "Point",
    "coordinates": [
     -71.10357064882712,
     42.38444720746924
    ]
   },
   "properties": {
    "OBJECTID": 243,
    "Subtype": 0,
    "FacilityID": "SW-CB-01020",
    "InstallDat": null,
    "LifecycleS": " ",
    "WaterType": " ",
    "PlanNum": " ",
    "Owner": " ",
    "Comments": " ",
    "AccessDiam": 0,
    "AccessMate": " ",
    "AccesType": " ",
    "Station": 0,
    "RimElevati": 0,
    "FieldBook": " ",
    "Invert": 0,
    "Plan1": " ",
    "Plan2": " ",
    "Plan3": " ",
    "FeatureID": " ",
    "DupeNum": 0,
    "Source": "Stantec",
    "OrthoUpdated": "Yes",
    "GlobalID": "{9A169871-15D8-460D-9964-499170EAAFAB}",
    "created_user": "GIS",
    "created_date": 1600300800000,
    "last_edited_user": "GIS",
    "last_edited_date": 1600300800000,
    "Dewb_Edited": 0,
    "AssetStatus": "Active",
    "AccuracyStatus": "Unknown/Null (accurate = no)",
    "InaccuracyType": null,
    "AccuracyDate": null,
    "AccuracyComments": null,
    "ArchiveProjectName": null,
    "ArchiveReason": null,
    "ArchiveDate": null,
    "ArchiveComments": null,
    "ReplacedAssetID": null,
    "AssociatedInspections": null,
    "FID": null,
    "CreationDate": 1667412663429,
    "Creator": "NLandin_wc",
    "EditDate": 1667942792190,
    "Editor": "NLandin_wc"
   }
  },
  {
   "type": "Feature",
   "id": 246,
   "geometry": {
    "type": "Point",
    "coordinates": [
     -71.09748981144392,
     42.388427396395436
    ]
   },
   "properties": {
    "OBJECTID": 246,
    "Subtype": 1,
    "FacilityID": "SW-CB-00129",
    "InstallDat": -1356998400000,
    "LifecycleS": "Active",
    "WaterType": "Storm",
    "PlanNum": "MM-6",
    "Owner": "Somerv",
    "Comments": " ",
    "AccessDiam": 0,
    "AccessMate": "Unk",
    "AccesType": "Unk",
    "Station": 9999,
    "RimElevati": 9999,
    "FieldBook": " ",
    "Invert": 9999,
    "Plan1": "MM-06",
    "Plan2": " ",
    "Plan3": " ",
    "FeatureID": "CB-SD-130",
    "DupeNum": 1,
    "Source": "Original City Data",
    "OrthoUpdated": "Not Visible",
    "GlobalID": "{329ED31E-BFEA-4F42-88A0-52628A3E0999}",
    "created_user": "GIS",
    "created_date": 1600300800000,
    "last_edited_user": "GIS",
    "last_edited_date": 1600300800000,
    "Dewb_Edited": 0,
    "AssetStatus": "Active",
    "AccuracyStatus": "Unknown/Null (accurate = no)",
    "InaccuracyType": null,
    "AccuracyDate": null,
    "AccuracyComments": null,
    "ArchiveProjectName": null,
    "ArchiveReason": null,
    "ArchiveDate": null,
    "ArchiveComments": null,
    "ReplacedAssetID": null,
    "AssociatedInspections": null,
    "FID": null,
    "CreationDate": 1667412663429,
    "Creator": "NLandin_wc",
    "EditDate": 1667942792190,
    "Editor": "NLandin_wc"
   }
  },
  {
   "type": "Feature",
   "id": 251,
   "geometry": {
    "type": "Point",
    "coordinates": [
     -71.09954888664997,
     42.38626180627358
    ]
   },
   "properties": {
    "OBJECTID": 251,
    "Subtype": 0,
    "FacilityID": "SW-CB-00822",
    "InstallDat": null,
    "LifecycleS": " ",
    "WaterType": " ",
    "PlanNum": " ",
    "Owner": " ",
    "Comments": " ",
    "AccessDiam": 0,
    "AccessMate": " ",
    "AccesType": " ",
    "Station": 0,
    "RimElevati": 0,
    "FieldBook": " ",
    "Invert": 0,
    "Plan1": " ",
    "Plan2": " ",
    "Plan3": " ",
    "FeatureID": " ",
    "DupeNum": 0,
    "Source": "Stantec",
    "OrthoUpdated": "Yes",
    "GlobalID": "{AEEA5203-D179-4AED-82E2-59CED6489A6B}",
    "created_user": "GIS",
    "created_date": 1600300800000,
    "last_edited_user": "GIS",
    "last_edited_date": 1600300800000,
    "Dewb_Edited": 0,
    "AssetStatus": "Active",
    "AccuracyStatus": "Unknown/Null (accurate = no)",
    "InaccuracyType": null,
    "AccuracyDate": null,
    "AccuracyComments": null,
    "ArchiveProjectName": null,
    "ArchiveReason": null,
    "ArchiveDate": null,
    "ArchiveComments": null,
    "ReplacedAssetID": null,
    "AssociatedInspections": null,
    "FID": null,
    "CreationDate": 1667412663429,
    "Creator": "NLandin_wc",
    "EditDate": 1667942792190,
    "Editor": "NLandin_wc"
   }
  },
  {
   "type": "Feature",
   "id": 261,
   "geometry": {
    "type": "Point",
    "coordinates": [
     -71.1003204829911,
     42.3831046245833
    ]
   },
   "properties": {
    "OBJECTID": 261,
    "Subtype": 0,
    "FacilityID": "SW-CB-00746",
    "InstallDat": null,
    "LifecycleS": " ",
    "WaterType": " ",
    "PlanNum": " ",
    "Owner": " ",
    "Comments": " ",
    "AccessDiam": 0,
    "AccessMate": " ",
    "AccesType": " ",
    "Station": 0,
    "RimElevati": 0,
    "FieldBook": " ",
    "Invert": 0,
    "Plan1": " ",
    "Plan2": " ",
    "Plan3": " ",
    "FeatureID": " ",
    "DupeNum": 0,
    "Source": "Stantec",
    "OrthoUpdated": "Not Visible",
    "GlobalID": "{0FAC868A-3661-4AE0-B212-CA5A5631FD4A}",
    "created_user": "GIS",
    "created_date": 1600300800000,
    "last_edited_user": "GIS",
    "last_edited_date": 1600300800000,
    "Dewb_Edited": 0,
    "AssetStatus": "Active",
    "AccuracyStatus": "Unknown/Null (accurate = no)",
    "InaccuracyType": null,
    "AccuracyDate": null,
    "AccuracyComments": null,
    "ArchiveProjectName": null,
    "ArchiveReason": null,
    "ArchiveDate": null,
    "ArchiveComments": null,
    "ReplacedAssetID": null,
    "AssociatedInspections": null,
    "FID": null,
    "CreationDate": 1667412663429,
    "Creator": "NLandin_wc",
    "EditDate": 1667942792190,
    "Editor": "NLandin_wc"
   }
  },
  {
   "type": "Feature",
   "id": 270,
   "geometry": {
    "type": "Point",
    "coordinates": [
     -71.09380608603625,
     42.38668313926918
    ]
   },
   "properties": {
    "OBJECTID": 270,
    "Subtype": 1,
    "FacilityID": "SW-CB-00138",
    "InstallDat": -1356998400000,
    "LifecycleS": "Active",
    "WaterType": "Storm",
    "PlanNum": "MM-5",
    "Owner": "Somerv",
    "Comments": " ",
    "AccessDiam": 0,
    "AccessMate": " ",
    "AccesType": " ",
    "Station": 9999,
    "RimElevati": 9999,
    "FieldBook": " ",
    "Invert": 9999,
    "Plan1": "MM-05",
    "Plan2": " ",
    "Plan3": " ",
    "FeatureID": "CB-SD-139",
    "DupeNum": 1,
    "Source": "Original City Data",
    "OrthoUpdated": "Not Visible",
    "GlobalID": "{DCFBB763-C81D-442C-BED6-D2A3FE853100}",
    "created_user": "GIS",
    "created_date": 1600300800000,
    "last_edited_user": "GIS",
    "last_edited_date": 1600300800000,
    "Dewb_Edited": 0,
    "AssetStatus": "Active",
    "AccuracyStatus": "Unknown/Null (accurate = no)",
    "InaccuracyType": null,
    "AccuracyDate": null,
    "AccuracyComments": null,
    "ArchiveProjectName": null,
    "ArchiveReason": null,
    "ArchiveDate": null,
    "ArchiveComments": null,
    "ReplacedAssetID": null,
    "AssociatedInspections": null,
    "FID": null,
    "CreationDate": 1667412663429,
    "Creator": "NLandin_wc",
    "EditDate": 1667942792190,
    "Editor": "NLandin_wc"
   }
  },
  {
   "type": "Feature",
   "id": 272,
   "geometry": {
    "type": "Point",
    "coordinates": [
     -71.10916159200785,
     42.389951464035796
    ]
   },
   "properties": {
    "OBJECTID": 272,
    "Subtype": 0,
    "FacilityID": "SW-CB-02836",
    "InstallDat": null,
    "LifecycleS": " ",
    "WaterType": " ",
    "PlanNum": " ",
    "Owner": " ",
    "Comments": " ",
    "AccessDiam": 0,
    "AccessMate": " ",
    "AccesType": " ",
    "Station": 0,
    "RimElevati": 0,
    "FieldBook": " ",
    "Invert": 0,
    "Plan1": " ",
    "Plan2": " ",
    "Plan3": " ",
    "FeatureID": " ",
    "DupeNum": 0,
    "Source": "2017 Orthophotography",
    "OrthoUpdated": "Yes",
    "GlobalID": "{805171AC-23A6-41A7-B80A-569ADAC176F6}",
    "created_user": "GIS",
    "created_date": 1600300800000,
    "last_edited_user": "GIS",
    "last_edited_date": 1600300800000,
    "Dewb_Edited": 0,
    "AssetStatus": "Active",
    "AccuracyStatus": "Unknown/Null (accurate = no)",
    "InaccuracyType": null,
    "AccuracyDate": null,
    "AccuracyComments": null,
    "ArchiveProjectName": null,
    "ArchiveReason": null,
    "ArchiveDate": null,
    "ArchiveComments": null,
    "ReplacedAssetID": null,
    "AssociatedInspections": null,
    "FID": null,
    "CreationDate": 1667412663429,
    "Creator": "NLandin_wc",
    "EditDate": 1667942792190,
    "Editor": "NLandin_wc"
   }
  },
  {
   "type": "Feature",
   "id": 280,
   "geometry": {
    "type": "Point",
    "coordinates": [
     -71.10158624371743,
     42.385460426839145
    ]
   },
   "properties": {
    "OBJECTID": 280,
    "Subtype": 0,
    "FacilityID": "SW-CB-00805",
    "InstallDat": null,
    "LifecycleS": " ",
    "WaterType": " ",
    "PlanNum": " ",
    "Owner": " ",
    "Comments": " ",
    "AccessDiam": 0,
    "AccessMate": " ",
    "AccesType": " ",
    "Station": 0,
    "RimElevati": 0,
    "FieldBook": " ",
    "Invert": 0,
    "Plan1": " ",
    "Plan2": " ",
    "Plan3": " ",
    "FeatureID": " ",
    "DupeNum": 0,
    "Source": "Stantec",
    "OrthoUpdated": "Yes",
    "GlobalID": "{430597E9-BD8F-4CF7-8D8B-EAA073C683D3}",
    "created_user": "GIS",
    "created_date": 1600300800000,
    "last_edited_user": "GIS",
    "last_edited_date": 1600300800000,
    "Dewb_Edited": 0,
    "AssetStatus": "Active",
    "AccuracyStatus": "Unknown/Null (accurate = no)",
    "InaccuracyType": null,
    "AccuracyDate": null,
    "AccuracyComments": null,
    "ArchiveProjectName": null,
    "ArchiveReason": null,
    "ArchiveDate": null,
    "ArchiveComments": null,
    "ReplacedAssetID": null,
    "AssociatedInspections": null,
    "FID": null,
    "CreationDate": 1667412663429,
    "Creator": "NLandin_wc",
    "EditDate": 1667942792190,
    "Editor": "NLandin_wc"
   }
  },
  {
   "type": "Feature",
   "id": 282,
   "geometry": {
    "type": "Point",
    "coordinates": [
     -71.10847863224333,
     42.3837588688014
    ]
   },
   "properties": {
    "OBJECTID": 282,
    "Subtype": 0,
    "FacilityID": "SW-CB-00968",
    "InstallDat": null,
    "LifecycleS": " ",
    "WaterType": " ",
    "PlanNum": " ",
    "Owner": " ",
    "Comments": " ",
    "AccessDiam": 0,
    "AccessMate": " ",
    "AccesType": " ",
    "Station": 0,
    "RimElevati": 0,
    "FieldBook": " ",
    "Invert": 0,
    "Plan1": " ",
    "Plan2": " ",
    "Plan3": " ",
    "FeatureID": " ",
    "DupeNum": 0,
    "Source": "Stantec",
    "OrthoUpdated": "Yes",
    "GlobalID": "{A91E5318-5A49-4938-885C-D628CF398FB8}",
    "created_user": "GIS",
    "created_date": 1600300800000,
    "last_edited_user": "GIS",
    "last_edited_date": 1600300800000,
    "Dewb_Edited": 0,
    "AssetStatus": "Active",
    "AccuracyStatus": "Unknown/Null (accurate = no)",
    "InaccuracyType": null,
    "AccuracyDate": null,
    "AccuracyComments": null,
    "ArchiveProjectName": null,
    "ArchiveReason": null,
    "ArchiveDate": null,
    "ArchiveComments": null,
    "ReplacedAssetID": null,
    "AssociatedInspections": null,
    "FID": null,
    "CreationDate": 1667412663429,
    "Creator": "NLandin_wc",
    "EditDate": 1667942792190,
    "Editor": "NLandin_wc"
   }
  },
  {
   "type": "Feature",
   "id": 284,
   "geometry": {
    "type": "Point",
    "coordinates": [
     -71.0956826503783,
     42.388944938448994
    ]
   },
   "properties": {
    "OBJECTID": 284,
    "Subtype": 0,
    "FacilityID": "SW-CB-02717",
    "InstallDat": null,
    "LifecycleS": " ",
    "WaterType": " ",
    "PlanNum": " ",
    "Owner": " ",
    "Comments": " ",
    "AccessDiam": 0,
    "AccessMate": " ",
    "AccesType": " ",
    "Station": 0,
    "RimElevati": 0,
    "FieldBook": " ",
    "Invert": 0,
    "Plan1": " ",
    "Plan2": " ",
    "Plan3": " ",
    "FeatureID": " ",
    "DupeNum": 0,
    "Source": "2017 Orthophotography",
    "OrthoUpdated": "Yes",
    "GlobalID": "{BB15BFC9-960A-4709-9962-69C9B73200EE}",
    "created_user": "GIS",
    "created_date": 1600300800000,
    "last_edited_user": "GIS",
    "last_edited_date": 1600300800000,
    "Dewb_Edited": 0,
    "AssetStatus": "Active",
    "AccuracyStatus": "Unknown/Null (accurate = no)",
    "InaccuracyType": null,
    "AccuracyDate": null,
    "AccuracyComments": null,
    "ArchiveProjectName": null,
    "ArchiveReason": null,
    "ArchiveDate": null,
    "ArchiveComments": null,
    "ReplacedAssetID": null,
    "AssociatedInspections": null,
    "FID": null,
    "CreationDate": 1667412663429,
    "Creator": "NLandin_wc",
    "EditDate": 1667942792190,
    "Editor": "NLandin_wc"
   }
  },
  {
   "type": "Feature",
   "id": 286,
   "geometry": {
    "type": "Point",
    "coordinates": [
     -71.1096457540584,
     42.38788386719052
    ]
   },
   "properties": {
    "OBJECTID": 286,
    "Subtype": 0,
    "FacilityID": "SW-CB-00894",
    "InstallDat": null,
    "LifecycleS": " ",
    "WaterType": " ",
    "PlanNum": " ",
    "Owner": " ",
    "Comments": " ",
    "AccessDiam": 0,
    "AccessMate": " ",
    "AccesType": " ",
    "Station": 0,
    "RimElevati": 0,
    "FieldBook": " ",
    "Invert": 0,
    "Plan1": " ",
    "Plan2": " ",
    "Plan3": " ",
    "FeatureID": " ",
    "DupeNum": 0,
    "Source": "Stantec",
    "OrthoUpdated": "Yes",
    "GlobalID": "{7019F97C-FDE0-47CF-9BCA-9B0450C1DC24}",
    "created_user": "GIS",
    "created_date": 1600300800000,
    "last_edited_user": "GIS",
    "last_edited_date": 1600300800000,
    "Dewb_Edited": 0,
    "AssetStatus": "Active",
    "AccuracyStatus": "Unknown/Null (accurate = no)",
    "InaccuracyType": null,
    "AccuracyDate": null,
    "AccuracyComments": null,
    "ArchiveProjectName": null,
    "ArchiveReason": null,
    "ArchiveDate": null,
    "ArchiveComments": null,
    "ReplacedAssetID": null,
    "AssociatedInspections": null,
    "FID": null,
    "CreationDate": 1667412663429,
    "Creator": "NLandin_wc",
    "EditDate": 1667942792190,
    "Editor": "NLandin_wc"
   }
  },
  {
   "type": "Feature",
   "id": 308,
   "geometry": {
    "type": "Point",
    "coordinates": [
     -71.09942232621492,
     42.38574852039179
    ]
   },
   "properties": {
    "OBJECTID": 308,
    "Subtype": 0,
    "FacilityID": "SW-CB-00801",
    "InstallDat": null,
    "LifecycleS": " ",
    "WaterType": " ",
    "PlanNum": " ",
    "Owner": " ",
    "Comments": " ",
    "AccessDiam": 0,
    "AccessMate": " ",
    "AccesType": " ",
    "Station": 0,
    "RimElevati": 0,
    "FieldBook": " ",
    "Invert": 0,
    "Plan1": " ",
    "Plan2": " ",
    "Plan3": " ",
    "FeatureID": " ",
    "DupeNum": 0,
    "Source": "Stantec",
    "OrthoUpdated": "Yes",
    "GlobalID": "{0C92F459-CFEC-4445-8601-ADC3ED053241}",
    "created_user": "GIS",
    "created_date": 1600300800000,
    "last_edited_user": "GIS",
    "last_edited_date": 1600300800000,
    "Dewb_Edited": 0,
    "AssetStatus": "Active",
    "AccuracyStatus": "Unknown/Null (accurate = no)",
    "InaccuracyType": null,
    "AccuracyDate": null,
    "AccuracyComments": null,
    "ArchiveProjectName": null,
    "ArchiveReason": null,
    "ArchiveDate": null,
    "ArchiveComments": null,
    "ReplacedAssetID": null,
    "AssociatedInspections": null,
    "FID": null,
    "CreationDate": 1667412663429,
    "Creator": "NLandin_wc",
    "EditDate": 1667942792190,
    "Editor": "NLandin_wc"
   }
  },
  {
   "type": "Feature",
   "id": 312,
   "geometry": {
    "type": "Point",
    "coordinates": [
     -71.10315905964764,
     42.38609983260275
    ]
   },
   "properties": {
    "OBJECTID": 312,
    "Subtype": 0,
    "FacilityID": "SW-CB-00808",
    "InstallDat": null,
    "LifecycleS": " ",
    "WaterType": " ",
    "PlanNum": " ",
    "Owner": " ",
    "Comments": " ",
    "AccessDiam": 0,
    "AccessMate": " ",
    "AccesType": " ",
    "Station": 0,
    "RimElevati": 0,
    "FieldBook": " ",
    "Invert": 0,
    "Plan1": " ",
    "Plan2": " ",
    "Plan3": " ",
    "FeatureID": " ",
    "DupeNum": 0,
    "Source": "Stantec",
    "OrthoUpdated": "Yes",
    "GlobalID": "{096452F5-1CBE-4128-BC8C-DF4DDBAA4274}",
    "created_user": "GIS",
    "created_date": 1600300800000,
    "last_edited_user": "GIS",
    "last_edited_date": 1600300800000,
    "Dewb_Edited": 0,
    "AssetStatus": "Active",
    "AccuracyStatus": "Unknown/Null (accurate = no)",
    "InaccuracyType": null,
    "AccuracyDate": null,
    "AccuracyComments": null,
    "ArchiveProjectName": null,
    "ArchiveReason": null,
    "ArchiveDate": null,
    "ArchiveComments": null,
    "ReplacedAssetID": null,
    "AssociatedInspections": null,
    "FID": null,
    "CreationDate": 1667412663429,
    "Creator": "NLandin_wc",
    "EditDate": 1667942792190,
    "Editor": "NLandin_wc"
   }
  },
  {
   "type": "Feature",
   "id": 320,
   "geometry": {
    "type": "Point",
    "coordinates": [
     -71.09367897843009,
     42.38818358289452
    ]
   },
   "properties": {
    "OBJECTID": 320,
    "Subtype": 0,
    "FacilityID": "SW-CB-01515",
    "InstallDat": null,
    "LifecycleS": " ",
    "WaterType": " ",
    "PlanNum": " ",
    "Owner": " ",
    "Comments": " ",
    "AccessDiam": 0,
    "AccessMate": " ",
    "AccesType": " ",
    "Station": 0,
    "RimElevati": 0,
    "FieldBook": " ",
    "Invert": 0,
    "Plan1": " ",
    "Plan2": " ",
    "Plan3": " ",
    "FeatureID": " ",
    "DupeNum": 0,
    "Source": "2017 Orthophotography",
    "OrthoUpdated": "Yes",
    "GlobalID": "{55837C3E-D8E5-4DEF-B119-673DC969701D}",
    "created_user": "GIS",
    "created_date": 1600300800000,
    "last_edited_user": "GIS",
    "last_edited_date": 1600300800000,
    "Dewb_Edited": 0,
    "AssetStatus": "Active",
    "AccuracyStatus": "Unknown/Null (accurate = no)",
    "InaccuracyType": null,
    "AccuracyDate": null,
    "AccuracyComments": null,
    "ArchiveProjectName": null,
    "ArchiveReason": null,
    "ArchiveDate": null,
    "ArchiveComments": null,
    "ReplacedAssetID": null,
    "AssociatedInspections": null,
    "FID": null,
    "CreationDate": 1667412663429,
    "Creator": "NLandin_wc",
    "EditDate": 1667942792190,
    "Editor": "NLandin_wc"
   }
  },
  {
   "type": "Feature",
   "id": 327,
   "geometry": {
    "type": "Point",
    "coordinates": [
     -71.09665818043615,
     42.3815969448421
    ]
   },
   "properties": {
    "OBJECTID": 327,
    "Subtype": 0,
    "FacilityID": "SW-CB-00717",
    "InstallDat": null,
    "LifecycleS": " ",
    "WaterType": " ",
    "PlanNum": " ",
    "Owner": " ",
    "Comments": " ",
    "AccessDiam": 0,
    "AccessMate": " ",
    "AccesType": " ",
    "Station": 0,
    "RimElevati": 0,
    "FieldBook": " ",
    "Invert": 0,
    "Plan1": " ",
    "Plan2": " ",
    "Plan3": " ",
    "FeatureID": " ",
    "DupeNum": 0,
    "Source": "Stantec",
    "OrthoUpdated": "Yes",
    "GlobalID": "{55B84BEC-F6BF-49CA-935A-7ADE18ED85A5}",
    "created_user": "GIS",
    "created_date": 1600300800000,
    "last_edited_user": "GIS",
    "last_edited_date": 1600300800000,
    "Dewb_Edited": 0,
    "AssetStatus": "Active",
    "AccuracyStatus": "Unknown/Null (accurate = no)",
    "InaccuracyType": null,
    "AccuracyDate": null,
    "AccuracyComments": null,
    "ArchiveProjectName": null,
    "ArchiveReason": null,
    "ArchiveDate": null,
    "ArchiveComments": null,
    "ReplacedAssetID": null,
    "AssociatedInspections": null,
    "FID": null,
    "CreationDate": 1667412663429,
    "Creator": "NLandin_wc",
    "EditDate": 1667942792190,
    "Editor": "NLandin_wc"
   }
  },
  {
   "type": "Feature",
   "id": 335,
   "geometry": {
    "type": "Point",
    "coordinates": [
     -71.10797521357236,
     42.3836939835225
    ]
   },
   "properties": {
    "OBJECTID": 335,
    "Subtype": 0,
    "FacilityID": "SW-CB-00967",
    "InstallDat": null,
    "LifecycleS": " ",
    "WaterType": " ",
    "PlanNum": " ",
    "Owner": " ",
    "Comments": " ",
    "AccessDiam": 0,
    "AccessMate": " ",
    "AccesType": " ",
    "Station": 0,
    "RimElevati": 0,
    "FieldBook": " ",
    "Invert": 0,
    "Plan1": " ",
    "Plan2": " ",
    "Plan3": " ",
    "FeatureID": " ",
    "DupeNum": 0,
    "Source": "Stantec",
    "OrthoUpdated": "Yes",
    "GlobalID": "{D8DCE677-66CB-4B57-B48F-8804F055617A}",
    "created_user": "GIS",
    "created_date": 1600300800000,
    "last_edited_user": "GIS",
    "last_edited_date": 1600300800000,
    "Dewb_Edited": 0,
    "AssetStatus": "Active",
    "AccuracyStatus": "Unknown/Null (accurate = no)",
    "InaccuracyType": null,
    "AccuracyDate": null,
    "AccuracyComments": null,
    "ArchiveProjectName": null,
    "ArchiveReason": null,
    "ArchiveDate": null,
    "ArchiveComments": null,
    "ReplacedAssetID": null,
    "AssociatedInspections": null,
    "FID": null,
    "CreationDate": 1667412663429,
    "Creator": "NLandin_wc",
    "EditDate": 1667942792190,
    "Editor": "NLandin_wc"
   }
  },
  {
   "type": "Feature",
   "id": 336,
   "geometry": {
    "type": "Point",
    "coordinates": [
     -71.09523045725274,
     42.38890716444452
    ]
   },
   "properties": {
    "OBJECTID": 336,
    "Subtype": 1,
    "FacilityID": "SW-CB-00024",
    "InstallDat": -2261952000000,
    "LifecycleS": "Active",
    "WaterType": "Storm",
    "PlanNum": "BB-12",
    "Owner": "Somerv",
    "Comments": " ",
    "AccessDiam": 0,
    "AccessMate": "Unk",
    "AccesType": "Unk",
    "Station": 9999,
    "RimElevati": 9999,
    "FieldBook": " ",
    "Invert": 9999,
    "Plan1": "BB-12",
    "Plan2": " ",
    "Plan3": " ",
    "FeatureID": "CB-SD-25",
    "DupeNum": 1,
    "Source": "Original City Data",
    "OrthoUpdated": "Yes",
    "GlobalID": "{F18D7DA5-ABD3-4882-B419-57E8BA000BB9}",
    "created_user": "GIS",
    "created_date": 1600300800000,
    "last_edited_user": "GIS",
    "last_edited_date": 1600300800000,
    "Dewb_Edited": 0,
    "AssetStatus": "Active",
    "AccuracyStatus": "Unknown/Null (accurate = no)",
    "InaccuracyType": null,
    "AccuracyDate": null,
    "AccuracyComments": null,
    "ArchiveProjectName": null,
    "ArchiveReason": null,
    "ArchiveDate": null,
    "ArchiveComments": null,
    "ReplacedAssetID": null,
    "AssociatedInspections": null,
    "FID": null,
    "CreationDate": 1667412663429,
    "Creator": "NLandin_wc",
    "EditDate": 1667942792190,
    "Editor": "NLandin_wc"
   }
  },
  {
   "type": "Feature",
   "id": 341,
   "geometry": {
    "type": "Point",
    "coordinates": [
     -71.09995037163873,
     42.382461054277464
    ]
   },
   "properties": {
    "OBJECTID": 341,
    "Subtype": 0,
    "FacilityID": "SW-CB-00741",
    "InstallDat": null,
    "LifecycleS": " ",
    "WaterType": " ",
    "PlanNum": " ",
    "Owner": " ",
    "Comments": " ",
    "AccessDiam": 0,
    "AccessMate": " ",
    "AccesType": " ",
    "Station": 0,
    "RimElevati": 0,
    "FieldBook": " ",
    "Invert": 0,
    "Plan1": " ",
    "Plan2": " ",
    "Plan3": " ",
    "FeatureID": " ",
    "DupeNum": 0,
    "Source": "Stantec",
    "OrthoUpdated": "Yes",
    "GlobalID": "{92798214-E24E-4AFC-8DBA-F7C529AA87F4}",
    "created_user": "GIS",
    "created_date": 1600300800000,
    "last_edited_user": "GIS",
    "last_edited_date": 1600300800000,
    "Dewb_Edited": 0,
    "AssetStatus": "Active",
    "AccuracyStatus": "Unknown/Null (accurate = no)",
    "InaccuracyType": null,
    "AccuracyDate": null,
    "AccuracyComments": null,
    "ArchiveProjectName": null,
    "ArchiveReason": null,
    "ArchiveDate": null,
    "ArchiveComments": null,
    "ReplacedAssetID": null,
    "AssociatedInspections": null,
    "FID": null,
    "CreationDate": 1667412663429,
    "Creator": "NLandin_wc",
    "EditDate": 1667942792190,
    "Editor": "NLandin_wc"
   }
  },
  {
   "type": "Feature",
   "id": 362,
   "geometry": {
    "type": "Point",
    "coordinates": [
     -71.104588724238,
     42.386852916642056
    ]
   },
   "properties": {
    "OBJECTID": 362,
    "Subtype": 0,
    "FacilityID": "SW-CB-00997",
    "InstallDat": null,
    "LifecycleS": " ",
    "WaterType": " ",
    "PlanNum": " ",
    "Owner": " ",
    "Comments": " ",
    "AccessDiam": 0,
    "AccessMate": " ",
    "AccesType": " ",
    "Station": 0,
    "RimElevati": 0,
    "FieldBook": " ",
    "Invert": 0,
    "Plan1": " ",
    "Plan2": " ",
    "Plan3": " ",
    "FeatureID": " ",
    "DupeNum": 0,
    "Source": "Stantec",
    "OrthoUpdated": "Yes",
    "GlobalID": "{31BD049E-EFC3-4E96-8030-B63D8DD98CE0}",
    "created_user": "GIS",
    "created_date": 1600300800000,
    "last_edited_user": "GIS",
    "last_edited_date": 1600300800000,
    "Dewb_Edited": 0,
    "AssetStatus": "Active",
    "AccuracyStatus": "Unknown/Null (accurate = no)",
    "InaccuracyType": null,
    "AccuracyDate": null,
    "AccuracyComments": null,
    "ArchiveProjectName": null,
    "ArchiveReason": null,
    "ArchiveDate": null,
    "ArchiveComments": null,
    "ReplacedAssetID": null,
    "AssociatedInspections": null,
    "FID": null,
    "CreationDate": 1667412663429,
    "Creator": "NLandin_wc",
    "EditDate": 1667942792190,
    "Editor": "NLandin_wc"
   }
  },
  {
   "type": "Feature",
   "id": 367,
   "geometry": {
    "type": "Point",
    "coordinates": [
     -71.09694724409916,
     42.3879510022057
    ]
   },
   "properties": {
    "OBJECTID": 367,
    "Subtype": 1,
    "FacilityID": "SW-CB-00131",
    "InstallDat": -1356998400000,
    "LifecycleS": "Active",
    "WaterType": "Storm",
    "PlanNum": "MM-6",
    "Owner": "Somerv",
    "Comments": " ",
    "AccessDiam": 0,
    "AccessMate": " ",
    "AccesType": " ",
    "Station": 9999,
    "RimElevati": 9999,
    "FieldBook": " ",
    "Invert": 9999,
    "Plan1": "MM-06",
    "Plan2": " ",
    "Plan3": " ",
    "FeatureID": "CB-SD-132",
    "DupeNum": 1,
    "Source": "Original City Data",
    "OrthoUpdated": "Not Visible",
    "GlobalID": "{E1641874-ED91-4B30-8EB8-5058A00CB39B}",
    "created_user": "GIS",
    "created_date": 1600300800000,
    "last_edited_user": "GIS",
    "last_edited_date": 1600300800000,
    "Dewb_Edited": 0,
    "AssetStatus": "Active",
    "AccuracyStatus": "Unknown/Null (accurate = no)",
    "InaccuracyType": null,
    "AccuracyDate": null,
    "AccuracyComments": null,
    "ArchiveProjectName": null,
    "ArchiveReason": null,
    "ArchiveDate": null,
    "ArchiveComments": null,
    "ReplacedAssetID": null,
    "AssociatedInspections": null,
    "FID": null,
    "CreationDate": 1667412663429,
    "Creator": "NLandin_wc",
    "EditDate": 1667942792190,
    "Editor": "NLandin_wc"
   }
  },
  {
   "type": "Feature",
   "id": 369,
   "geometry": {
    "type": "Point",
    "coordinates": [
     -71.09795836616445,
     42.38052768722716
    ]
   },
   "properties": {
    "OBJECTID": 369,
    "Subtype": 0,
    "FacilityID": "SW-CB-00693",
    "InstallDat": null,
    "LifecycleS": " ",
    "WaterType": " ",
    "PlanNum": " ",
    "Owner": " ",
    "Comments": " ",
    "AccessDiam": 0,
    "AccessMate": " ",
    "AccesType": " ",
    "Station": 0,
    "RimElevati": 0,
    "FieldBook": " ",
    "Invert": 0,
    "Plan1": " ",
    "Plan2": " ",
    "Plan3": " ",
    "FeatureID": " ",
    "DupeNum": 0,
    "Source": "Stantec",
    "OrthoUpdated": "Yes",
    "GlobalID": "{F4AD44D5-9EBB-4EE3-A2CC-BDB5D2E6A434}",
    "created_user": "GIS",
    "created_date": 1600300800000,
    "last_edited_user": "GIS",
    "last_edited_date": 1600300800000,
    "Dewb_Edited": 0,
    "AssetStatus": "Active",
    "AccuracyStatus": "Unknown/Null (accurate = no)",
    "InaccuracyType": null,
    "AccuracyDate": null,
    "AccuracyComments": null,
    "ArchiveProjectName": null,
    "ArchiveReason": null,
    "ArchiveDate": null,
    "ArchiveComments": null,
    "ReplacedAssetID": null,
    "AssociatedInspections": null,
    "FID": null,
    "CreationDate": 1667412663429,
    "Creator": "NLandin_wc",
    "EditDate": 1667942792190,
    "Editor": "NLandin_wc"
   }
  },
  {
   "type": "Feature",
   "id": 377,
   "geometry": {
    "type": "Point",
    "coordinates": [
     -71.1055191646881,
     42.38065918571394
    ]
   },
   "properties": {
    "OBJECTID": 377,
    "Subtype": 0,
    "FacilityID": "SW-CB-02579",
    "InstallDat": null,
    "LifecycleS": " ",
    "WaterType": " ",
    "PlanNum": " ",
    "Owner": " ",
    "Comments": " ",
    "AccessDiam": 0,
    "AccessMate": " ",
    "AccesType": " ",
    "Station": 0,
    "RimElevati": 0,
    "FieldBook": " ",
    "Invert": 0,
    "Plan1": " ",
    "Plan2": " ",
    "Plan3": " ",
    "FeatureID": " ",
    "DupeNum": 0,
    "Source": "2017 Orthophotography",
    "OrthoUpdated": "Yes",
    "GlobalID": "{C4B5F04F-2692-4B3F-856E-6BCBEB9B0C61}",
    "created_user": "GIS",
    "created_date": 1600300800000,
    "last_edited_user": "GIS",
    "last_edited_date": 1600300800000,
    "Dewb_Edited": 0,
    "AssetStatus": "Active",
    "AccuracyStatus": "Unknown/Null (accurate = no)",
    "InaccuracyType": null,
    "AccuracyDate": null,
    "AccuracyComments": null,
    "ArchiveProjectName": null,
    "ArchiveReason": null,
    "ArchiveDate": null,
    "ArchiveComments": null,
    "ReplacedAssetID": null,
    "AssociatedInspections": null,
    "FID": null,
    "CreationDate": 1667412663429,
    "Creator": "NLandin_wc",
    "EditDate": 1667942792190,
    "Editor": "NLandin_wc"
   }
  },
  {
   "type": "Feature",
   "id": 378,
   "geometry": {
    "type": "Point",
    "coordinates": [
     -71.10281192068682,
     42.38451609029689
    ]
   },
   "properties": {
    "OBJECTID": 378,
    "Subtype": 0,
    "FacilityID": "SW-CB-01070",
    "InstallDat": null,
    "LifecycleS": " ",
    "WaterType": " ",
    "PlanNum": " ",
    "Owner": " ",
    "Comments": " ",
    "AccessDiam": 0,
    "AccessMate": " ",
    "AccesType": " ",
    "Station": 0,
    "RimElevati": 0,
    "FieldBook": " ",
    "Invert": 0,
    "Plan1": " ",
    "Plan2": " ",
    "Plan3": " ",
    "FeatureID": " ",
    "DupeNum": 0,
    "Source": "Stantec",
    "OrthoUpdated": "Yes",
    "GlobalID": "{04D83724-1152-487C-8E2F-D4346AE0D336}",
    "created_user": "GIS",
    "created_date": 1600300800000,
    "last_edited_user": "GIS",
    "last_edited_date": 1600300800000,
    "Dewb_Edited": 0,
    "AssetStatus": "Active",
    "AccuracyStatus": "Unknown/Null (accurate = no)",
    "InaccuracyType": null,
    "AccuracyDate": null,
    "AccuracyComments": null,
    "ArchiveProjectName": null,
    "ArchiveReason": null,
    "ArchiveDate": null,
    "ArchiveComments": null,
    "ReplacedAssetID": null,
    "AssociatedInspections": null,
    "FID": null,
    "CreationDate": 1667412663429,
    "Creator": "NLandin_wc",
    "EditDate": 1667942792190,
    "Editor": "NLandin_wc"
   }
  },
  {
   "type": "Feature",
   "id": 392,
   "geometry": {
    "type": "Point",
    "coordinates": [
     -71.1071627694408,
     42.3851187775989
    ]
   },
   "properties": {
    "OBJECTID": 392,
    "Subtype": 0,
    "FacilityID": "SW-CB-00991",
    "InstallDat": null,
    "LifecycleS": " ",
    "WaterType": " ",
    "PlanNum": " ",
    "Owner": " ",
    "Comments": " ",
    "AccessDiam": 0,
    "AccessMate": " ",
    "AccesType": " ",
    "Station": 0,
    "RimElevati": 0,
    "FieldBook": " ",
    "Invert": 0,
    "Plan1": " ",
    "Plan2": " ",
    "Plan3": " ",
    "FeatureID": " ",
    "DupeNum": 0,
    "Source": "Stantec",
    "OrthoUpdated": "Not Visible",
    "GlobalID": "{8614C28B-9987-4962-B685-04FAFC7EC2A6}",
    "created_user": "GIS",
    "created_date": 1600300800000,
    "last_edited_user": "GIS",
    "last_edited_date": 1600300800000,
    "Dewb_Edited": 0,
    "AssetStatus": "Active",
    "AccuracyStatus": "Unknown/Null (accurate = no)",
    "InaccuracyType": null,
    "AccuracyDate": null,
    "AccuracyComments": null,
    "ArchiveProjectName": null,
    "ArchiveReason": null,
    "ArchiveDate": null,
    "ArchiveComments": null,
    "ReplacedAssetID": null,
    "AssociatedInspections": null,
    "FID": null,
    "CreationDate": 1667412663429,
    "Creator": "NLandin_wc",
    "EditDate": 1667942792190,
    "Editor": "NLandin_wc"
   }
  },
  {
   "type": "Feature",
   "id": 396,
   "geometry": {
    "type": "Point",
    "coordinates": [
     -71.10800332766627,
     42.38482482572129
    ]
   },
   "properties": {
    "OBJECTID": 396,
    "Subtype": 0,
    "FacilityID": "SW-CB-00963",
    "InstallDat": null,
    "LifecycleS": " ",
    "WaterType": " ",
    "PlanNum": " ",
    "Owner": " ",
    "Comments": " ",
    "AccessDiam": 0,
    "AccessMate": " ",
    "AccesType": " ",
    "Station": 0,
    "RimElevati": 0,
    "FieldBook": " ",
    "Invert": 0,
    "Plan1": " ",
    "Plan2": " ",
    "Plan3": " ",
    "FeatureID": " ",
    "DupeNum": 0,
    "Source": "Stantec",
    "OrthoUpdated": "Yes",
    "GlobalID": "{0A1A0755-D559-457B-A78E-C1EF0C44608A}",
    "created_user": "GIS",
    "created_date": 1600300800000,
    "last_edited_user": "GIS",
    "last_edited_date": 1600300800000,
    "Dewb_Edited": 0,
    "AssetStatus": "Active",
    "AccuracyStatus": "Unknown/Null (accurate = no)",
    "InaccuracyType": null,
    "AccuracyDate": null,
    "AccuracyComments": null,
    "ArchiveProjectName": null,
    "ArchiveReason": null,
    "ArchiveDate": null,
    "ArchiveComments": null,
    "ReplacedAssetID": null,
    "AssociatedInspections": null,
    "FID": null,
    "CreationDate": 1667412663429,
    "Creator": "NLandin_wc",
    "EditDate": 1667942792190,
    "Editor": "NLandin_wc"
   }
  },
  {
   "type": "Feature",
   "id": 407,
   "geometry": {
    "type": "Point",
    "coordinates": [
     -71.098681838182,
     42.38250127516203
    ]
   },
   "properties": {
    "OBJECTID": 407,
    "Subtype": 0,
    "FacilityID": "SW-CB-00728",
    "InstallDat": null,
    "LifecycleS": " ",
    "WaterType": " ",
    "PlanNum": " ",
    "Owner": " ",
    "Comments": " ",
    "AccessDiam": 0,
    "AccessMate": " ",
    "AccesType": " ",
    "Station": 0,
    "RimElevati": 0,
    "FieldBook": " ",
    "Invert": 0,
    "Plan1": " ",
    "Plan2": " ",
    "Plan3": " ",
    "FeatureID": " ",
    "DupeNum": 0,
    "Source": "Stantec",
    "OrthoUpdated": "Yes",
    "GlobalID": "{2EF5BCEE-A88B-4A74-BCDB-8D7114CB6FBB}",
    "created_user": "GIS",
    "created_date": 1600300800000,
    "last_edited_user": "GIS",
    "last_edited_date": 1600300800000,
    "Dewb_Edited": 0,
    "AssetStatus": "Active",
    "AccuracyStatus": "Unknown/Null (accurate = no)",
    "InaccuracyType": null,
    "AccuracyDate": null,
    "AccuracyComments": null,
    "ArchiveProjectName": null,
    "ArchiveReason": null,
    "ArchiveDate": null,
    "ArchiveComments": null,
    "ReplacedAssetID": null,
    "AssociatedInspections": null,
    "FID": null,
    "CreationDate": 1667412663429,
    "Creator": "NLandin_wc",
    "EditDate": 1667942792190,
    "Editor": "NLandin_wc"
   }
  },
  {
   "type": "Feature",
   "id": 419,
   "geometry": {
    "type": "Point",
    "coordinates": [
     -71.09903805225446,
     42.39090521667381
    ]
   },
   "properties": {
    "OBJECTID": 419,
    "Subtype": 0,
    "FacilityID": "SW-CB-02645",
    "InstallDat": null,
    "LifecycleS": " ",
    "WaterType": " ",
    "PlanNum": " ",
    "Owner": " ",
    "Comments": " ",
    "AccessDiam": 0,
    "AccessMate": " ",
    "AccesType": " ",
    "Station": 0,
    "RimElevati": 0,
    "FieldBook": " ",
    "Invert": 0,
    "Plan1": " ",
    "Plan2": " ",
    "Plan3": " ",
    "FeatureID": " ",
    "DupeNum": 0,
    "Source": "2017 Orthophotography",
    "OrthoUpdated": "Yes",
    "GlobalID": "{8A4EFB39-1504-4C3D-9C5A-5C3C694AF143}",
    "created_user": "GIS",
    "created_date": 1600300800000,
    "last_edited_user": "GIS",
    "last_edited_date": 1600300800000,
    "Dewb_Edited": 0,
    "AssetStatus": "Active",
    "AccuracyStatus": "Unknown/Null (accurate = no)",
    "InaccuracyType": null,
    "AccuracyDate": null,
    "AccuracyComments": null,
    "ArchiveProjectName": null,
    "ArchiveReason": null,
    "ArchiveDate": null,
    "ArchiveComments": null,
    "ReplacedAssetID": null,
    "AssociatedInspections": null,
    "FID": null,
    "CreationDate": 1667412663429,
    "Creator": "NLandin_wc",
    "EditDate": 1667942792190,
    "Editor": "NLandin_wc"
   }
  },
  {
   "type": "Feature",
   "id": 425,
   "geometry": {
    "type": "Point",
    "coordinates": [
     -71.09894536797799,
     42.39104876593506
    ]
   },
   "properties": {
    "OBJECTID": 425,
    "Subtype": 0,
    "FacilityID": "SW-CB-02646",
    "InstallDat": null,
    "LifecycleS": " ",
    "WaterType": " ",
    "PlanNum": " ",
    "Owner": " ",
    "Comments": " ",
    "AccessDiam": 0,
    "AccessMate": " ",
    "AccesType": " ",
    "Station": 0,
    "RimElevati": 0,
    "FieldBook": " ",
    "Invert": 0,
    "Plan1": " ",
    "Plan2": " ",
    "Plan3": " ",
    "FeatureID": " ",
    "DupeNum": 0,
    "Source": "2017 Orthophotography",
    "OrthoUpdated": "Yes",
    "GlobalID": "{C82B3D7F-B075-4D62-9B0B-13317EBB6530}",
    "created_user": "GIS",
    "created_date": 1600300800000,
    "last_edited_user": "GIS",
    "last_edited_date": 1600300800000,
    "Dewb_Edited": 0,
    "AssetStatus": "Active",
    "AccuracyStatus": "Unknown/Null (accurate = no)",
    "InaccuracyType": null,
    "AccuracyDate": null,
    "AccuracyComments": null,
    "ArchiveProjectName": null,
    "ArchiveReason": null,
    "ArchiveDate": null,
    "ArchiveComments": null,
    "ReplacedAssetID": null,
    "AssociatedInspections": null,
    "FID": null,
    "CreationDate": 1667412663429,
    "Creator": "NLandin_wc",
    "EditDate": 1667942792190,
    "Editor": "NLandin_wc"
   }
  },
  {
   "type": "Feature",
   "id": 434,
   "geometry": {
    "type": "Point",
    "coordinates": [
     -71.10844957268871,
     42.39114724346006
    ]
   },
   "properties": {
    "OBJECTID": 434,
    "Subtype": 0,
    "FacilityID": "SW-CB-00472",
    "InstallDat": 253392451200000,
    "LifecycleS": "Active",
    "WaterType": "Storm",
    "PlanNum": "TB-045",
    "Owner": "Somerv",
    "Comments": " ",
    "AccessDiam": 9999,
    "AccessMate": "Unk",
    "AccesType": "Unk",
    "Station": 9999,
    "RimElevati": 64.53,
    "FieldBook": " ",
    "Invert": 9999,
    "Plan1": "TB-045",
    "Plan2": " ",
    "Plan3": " ",
    "FeatureID": "CB-SD-473",
    "DupeNum": 1,
    "Source": "Original City Data",
    "OrthoUpdated": "Yes",
    "GlobalID": "{EAF297B3-8B57-41E1-8C4B-43B183EE91FB}",
    "created_user": "GIS",
    "created_date": 1600300800000,
    "last_edited_user": "GIS",
    "last_edited_date": 1600300800000,
    "Dewb_Edited": 0,
    "AssetStatus": "Active",
    "AccuracyStatus": "Unknown/Null (accurate = no)",
    "InaccuracyType": null,
    "AccuracyDate": null,
    "AccuracyComments": null,
    "ArchiveProjectName": null,
    "ArchiveReason": null,
    "ArchiveDate": null,
    "ArchiveComments": null,
    "ReplacedAssetID": null,
    "AssociatedInspections": null,
    "FID": null,
    "CreationDate": 1667412663429,
    "Creator": "NLandin_wc",
    "EditDate": 1667942792190,
    "Editor": "NLandin_wc"
   }
  },
  {
   "type": "Feature",
   "id": 436,
   "geometry": {
    "type": "Point",
    "coordinates": [
     -71.10347824778226,
     42.386925344457225
    ]
   },
   "properties": {
    "OBJECTID": 436,
    "Subtype": 0,
    "FacilityID": "SW-CB-00809",
    "InstallDat": null,
    "LifecycleS": " ",
    "WaterType": " ",
    "PlanNum": " ",
    "Owner": " ",
    "Comments": " ",
    "AccessDiam": 0,
    "AccessMate": " ",
    "AccesType": " ",
    "Station": 0,
    "RimElevati": 0,
    "FieldBook": " ",
    "Invert": 0,
    "Plan1": " ",
    "Plan2": " ",
    "Plan3": " ",
    "FeatureID": " ",
    "DupeNum": 0,
    "Source": "Stantec",
    "OrthoUpdated": "Yes",
    "GlobalID": "{21F42C42-2B8B-4539-9F9C-E535B4D082E7}",
    "created_user": "GIS",
    "created_date": 1600300800000,
    "last_edited_user": "GIS",
    "last_edited_date": 1600300800000,
    "Dewb_Edited": 0,
    "AssetStatus": "Active",
    "AccuracyStatus": "Unknown/Null (accurate = no)",
    "InaccuracyType": null,
    "AccuracyDate": null,
    "AccuracyComments": null,
    "ArchiveProjectName": null,
    "ArchiveReason": null,
    "ArchiveDate": null,
    "ArchiveComments": null,
    "ReplacedAssetID": null,
    "AssociatedInspections": null,
    "FID": null,
    "CreationDate": 1667412663429,
    "Creator": "NLandin_wc",
    "EditDate": 1667942792190,
    "Editor": "NLandin_wc"
   }
  },
  {
   "type": "Feature",
   "id": 441,
   "geometry": {
    "type": "Point",
    "coordinates": [
     -71.10103893436455,
     42.38221092901958
    ]
   },
   "properties": {
    "OBJECTID": 441,
    "Subtype": 0,
    "FacilityID": "SW-CB-01078",
    "InstallDat": null,
    "LifecycleS": " ",
    "WaterType": " ",
    "PlanNum": " ",
    "Owner": " ",
    "Comments": " ",
    "AccessDiam": 0,
    "AccessMate": " ",
    "AccesType": " ",
    "Station": 0,
    "RimElevati": 0,
    "FieldBook": " ",
    "Invert": 0,
    "Plan1": " ",
    "Plan2": " ",
    "Plan3": " ",
    "FeatureID": " ",
    "DupeNum": 0,
    "Source": "Stantec",
    "OrthoUpdated": "Not Visible",
    "GlobalID": "{084037FC-0B1B-4700-A7A0-FEA72676605F}",
    "created_user": "GIS",
    "created_date": 1600300800000,
    "last_edited_user": "GIS",
    "last_edited_date": 1600300800000,
    "Dewb_Edited": 0,
    "AssetStatus": "Active",
    "AccuracyStatus": "Unknown/Null (accurate = no)",
    "InaccuracyType": null,
    "AccuracyDate": null,
    "AccuracyComments": null,
    "ArchiveProjectName": null,
    "ArchiveReason": null,
    "ArchiveDate": null,
    "ArchiveComments": null,
    "ReplacedAssetID": null,
    "AssociatedInspections": null,
    "FID": null,
    "CreationDate": 1667412663429,
    "Creator": "NLandin_wc",
    "EditDate": 1667942792190,
    "Editor": "NLandin_wc"
   }
  },
  {
   "type": "Feature",
   "id": 443,
   "geometry": {
    "type": "Point",
    "coordinates": [
     -71.09675692711615,
     42.38786458254308
    ]
   },
   "properties": {
    "OBJECTID": 443,
    "Subtype": 1,
    "FacilityID": "SW-CB-00132",
    "InstallDat": -1356998400000,
    "LifecycleS": "Active",
    "WaterType": "Storm",
    "PlanNum": "MM-6",
    "Owner": "Somerv",
    "Comments": " ",
    "AccessDiam": 0,
    "AccessMate": " ",
    "AccesType": " ",
    "Station": 9999,
    "RimElevati": 9999,
    "FieldBook": " ",
    "Invert": 9999,
    "Plan1": "MM-06",
    "Plan2": " ",
    "Plan3": " ",
    "FeatureID": "CB-SD-133",
    "DupeNum": 1,
    "Source": "Original City Data",
    "OrthoUpdated": "Not Visible",
    "GlobalID": "{FCA93ED6-251F-4A6C-A661-A9CC3C4A1379}",
    "created_user": "GIS",
    "created_date": 1600300800000,
    "last_edited_user": "GIS",
    "last_edited_date": 1600300800000,
    "Dewb_Edited": 0,
    "AssetStatus": "Active",
    "AccuracyStatus": "Unknown/Null (accurate = no)",
    "InaccuracyType": null,
    "AccuracyDate": null,
    "AccuracyComments": null,
    "ArchiveProjectName": null,
    "ArchiveReason": null,
    "ArchiveDate": null,
    "ArchiveComments": null,
    "ReplacedAssetID": null,
    "AssociatedInspections": null,
    "FID": null,
    "CreationDate": 1667412663429,
    "Creator": "NLandin_wc",
    "EditDate": 1667942792190,
    "Editor": "NLandin_wc"
   }
  },
  {
   "type": "Feature",
   "id": 447,
   "geometry": {
    "type": "Point",
    "coordinates": [
     -71.10604266320397,
     42.38792679676833
    ]
   },
   "properties": {
    "OBJECTID": 447,
    "Subtype": 0,
    "FacilityID": "SW-CB-01007",
    "InstallDat": null,
    "LifecycleS": " ",
    "WaterType": " ",
    "PlanNum": " ",
    "Owner": " ",
    "Comments": " ",
    "AccessDiam": 0,
    "AccessMate": " ",
    "AccesType": " ",
    "Station": 0,
    "RimElevati": 0,
    "FieldBook": " ",
    "Invert": 0,
    "Plan1": " ",
    "Plan2": " ",
    "Plan3": " ",
    "FeatureID": " ",
    "DupeNum": 0,
    "Source": "Stantec",
    "OrthoUpdated": "Yes",
    "GlobalID": "{0DACAB3C-45E9-462C-A1EE-672A1884F8E4}",
    "created_user": "GIS",
    "created_date": 1600300800000,
    "last_edited_user": "GIS",
    "last_edited_date": 1600300800000,
    "Dewb_Edited": 0,
    "AssetStatus": "Active",
    "AccuracyStatus": "Unknown/Null (accurate = no)",
    "InaccuracyType": null,
    "AccuracyDate": null,
    "AccuracyComments": null,
    "ArchiveProjectName": null,
    "ArchiveReason": null,
    "ArchiveDate": null,
    "ArchiveComments": null,
    "ReplacedAssetID": null,
    "AssociatedInspections": null,
    "FID": null,
    "CreationDate": 1667412663429,
    "Creator": "NLandin_wc",
    "EditDate": 1667942792190,
    "Editor": "NLandin_wc"
   }
  },
  {
   "type": "Feature",
   "id": 452,
   "geometry": {
    "type": "Point",
    "coordinates": [
     -71.09888401968547,
     42.386677769889694
    ]
   },
   "properties": {
    "OBJECTID": 452,
    "Subtype": 0,
    "FacilityID": "SW-CB-00803",
    "InstallDat": null,
    "LifecycleS": " ",
    "WaterType": " ",
    "PlanNum": " ",
    "Owner": " ",
    "Comments": " ",
    "AccessDiam": 0,
    "AccessMate": " ",
    "AccesType": " ",
    "Station": 0,
    "RimElevati": 0,
    "FieldBook": " ",
    "Invert": 0,
    "Plan1": " ",
    "Plan2": " ",
    "Plan3": " ",
    "FeatureID": " ",
    "DupeNum": 0,
    "Source": "Stantec",
    "OrthoUpdated": "Yes",
    "GlobalID": "{2397FE3C-8140-4133-ABF9-D746032B6A3D}",
    "created_user": "GIS",
    "created_date": 1600300800000,
    "last_edited_user": "GIS",
    "last_edited_date": 1600300800000,
    "Dewb_Edited": 0,
    "AssetStatus": "Active",
    "AccuracyStatus": "Unknown/Null (accurate = no)",
    "InaccuracyType": null,
    "AccuracyDate": null,
    "AccuracyComments": null,
    "ArchiveProjectName": null,
    "ArchiveReason": null,
    "ArchiveDate": null,
    "ArchiveComments": null,
    "ReplacedAssetID": null,
    "AssociatedInspections": null,
    "FID": null,
    "CreationDate": 1667412663429,
    "Creator": "NLandin_wc",
    "EditDate": 1667942792190,
    "Editor": "NLandin_wc"
   }
  },
  {
   "type": "Feature",
   "id": 453,
   "geometry": {
    "type": "Point",
    "coordinates": [
     -71.10943128588924,
     42.39077369501059
    ]
   },
   "properties": {
    "OBJECTID": 453,
    "Subtype": 0,
    "FacilityID": "SW-CB-02765",
    "InstallDat": null,
    "LifecycleS": " ",
    "WaterType": " ",
    "PlanNum": " ",
    "Owner": " ",
    "Comments": " ",
    "AccessDiam": 0,
    "AccessMate": " ",
    "AccesType": " ",
    "Station": 0,
    "RimElevati": 0,
    "FieldBook": " ",
    "Invert": 0,
    "Plan1": " ",
    "Plan2": " ",
    "Plan3": " ",
    "FeatureID": " ",
    "DupeNum": 0,
    "Source": "2017 Orthophotography",
    "OrthoUpdated": "Yes",
    "GlobalID": "{88C9F835-32E7-4397-A0BF-01BF6167738D}",
    "created_user": "GIS",
    "created_date": 1600300800000,
    "last_edited_user": "GIS",
    "last_edited_date": 1600300800000,
    "Dewb_Edited": 0,
    "AssetStatus": "Active",
    "AccuracyStatus": "Unknown/Null (accurate = no)",
    "InaccuracyType": null,
    "AccuracyDate": null,
    "AccuracyComments": null,
    "ArchiveProjectName": null,
    "ArchiveReason": null,
    "ArchiveDate": null,
    "ArchiveComments": null,
    "ReplacedAssetID": null,
    "AssociatedInspections": null,
    "FID": null,
    "CreationDate": 1667412663429,
    "Creator": "NLandin_wc",
    "EditDate": 1667942792190,
    "Editor": "NLandin_wc"
   }
  },
  {
   "type": "Feature",
   "id": 469,
   "geometry": {
    "type": "Point",
    "coordinates": [
     -71.09838284711434,
     42.390427243310974
    ]
   },
   "properties": {
    "OBJECTID": 469,
    "Subtype": 0,
    "FacilityID": "SW-CB-02641",
    "InstallDat": null,
    "LifecycleS": " ",
    "WaterType": " ",
    "PlanNum": " ",
    "Owner": " ",
    "Comments": " ",
    "AccessDiam": 0,
    "AccessMate": " ",
    "AccesType": " ",
    "Station": 0,
    "RimElevati": 0,
    "FieldBook": " ",
    "Invert": 0,
    "Plan1": " ",
    "Plan2": " ",
    "Plan3": " ",
    "FeatureID": " ",
    "DupeNum": 0,
    "Source": "2017 Orthophotography",
    "OrthoUpdated": "Yes",
    "GlobalID": "{0024A578-E9C3-48AD-9350-A7C44116D552}",
    "created_user": "GIS",
    "created_date": 1600300800000,
    "last_edited_user": "GIS",
    "last_edited_date": 1600300800000,
    "Dewb_Edited": 0,
    "AssetStatus": "Active",
    "AccuracyStatus": "Unknown/Null (accurate = no)",
    "InaccuracyType": null,
    "AccuracyDate": null,
    "AccuracyComments": null,
    "ArchiveProjectName": null,
    "ArchiveReason": null,
    "ArchiveDate": null,
    "ArchiveComments": null,
    "ReplacedAssetID": null,
    "AssociatedInspections": null,
    "FID": null,
    "CreationDate": 1667412663429,
    "Creator": "NLandin_wc",
    "EditDate": 1667942792190,
    "Editor": "NLandin_wc"
   }
  },
  {
   "type": "Feature",
   "id": 471,
   "geometry": {
    "type": "Point",
    "coordinates": [
     -71.10869674129873,
     42.38027833283435
    ]
   },
   "properties": {
    "OBJECTID": 471,
    "Subtype": 0,
    "FacilityID": "SW-CB-02405",
    "InstallDat": null,
    "LifecycleS": " ",
    "WaterType": " ",
    "PlanNum": " ",
    "Owner": " ",
    "Comments": " ",
    "AccessDiam": 0,
    "AccessMate": " ",
    "AccesType": " ",
    "Station": 0,
    "RimElevati": 0,
    "FieldBook": " ",
    "Invert": 0,
    "Plan1": " ",
    "Plan2": " ",
    "Plan3": " ",
    "FeatureID": " ",
    "DupeNum": 0,
    "Source": "2017 Orthophotography",
    "OrthoUpdated": "Yes",
    "GlobalID": "{5E25906A-B2E6-429F-969B-1E4B064B7DD3}",
    "created_user": "GIS",
    "created_date": 1600300800000,
    "last_edited_user": "GIS",
    "last_edited_date": 1600300800000,
    "Dewb_Edited": 0,
    "AssetStatus": "Active",
    "AccuracyStatus": "Unknown/Null (accurate = no)",
    "InaccuracyType": null,
    "AccuracyDate": null,
    "AccuracyComments": null,
    "ArchiveProjectName": null,
    "ArchiveReason": null,
    "ArchiveDate": null,
    "ArchiveComments": null,
    "ReplacedAssetID": null,
    "AssociatedInspections": null,
    "FID": null,
    "CreationDate": 1667412663429,
    "Creator": "NLandin_wc",
    "EditDate": 1667942792190,
    "Editor": "NLandin_wc"
   }
  },
  {
   "type": "Feature",
   "id": 484,
   "geometry": {
    "type": "Point",
    "coordinates": [
     -71.10404710612374,
     42.3827980851041
    ]
   },
   "properties": {
    "OBJECTID": 484,
    "Subtype": 0,
    "FacilityID": "SW-CB-01041",
    "InstallDat": null,
    "LifecycleS": " ",
    "WaterType": " ",
    "PlanNum": " ",
    "Owner": " ",
    "Comments": " ",
    "AccessDiam": 0,
    "AccessMate": " ",
    "AccesType": " ",
    "Station": 0,
    "RimElevati": 0,
    "FieldBook": " ",
    "Invert": 0,
    "Plan1": " ",
    "Plan2": " ",
    "Plan3": " ",
    "FeatureID": " ",
    "DupeNum": 0,
    "Source": "Stantec",
    "OrthoUpdated": "Yes",
    "GlobalID": "{04EA0A58-32D8-44A6-950A-34BC7C26A63C}",
    "created_user": "GIS",
    "created_date": 1600300800000,
    "last_edited_user": "GIS",
    "last_edited_date": 1600300800000,
    "Dewb_Edited": 0,
    "AssetStatus": "Active",
    "AccuracyStatus": "Unknown/Null (accurate = no)",
    "InaccuracyType": null,
    "AccuracyDate": null,
    "AccuracyComments": null,
    "ArchiveProjectName": null,
    "ArchiveReason": null,
    "ArchiveDate": null,
    "ArchiveComments": null,
    "ReplacedAssetID": null,
    "AssociatedInspections": null,
    "FID": null,
    "CreationDate": 1667412663429,
    "Creator": "NLandin_wc",
    "EditDate": 1667942792190,
    "Editor": "NLandin_wc"
   }
  },
  {
   "type": "Feature",
   "id": 494,
   "geometry": {
    "type": "Point",
    "coordinates": [
     -71.10599119269543,
     42.38084545506858
    ]
   },
   "properties": {
    "OBJECTID": 494,
    "Subtype": 0,
    "FacilityID": "SW-CB-02577",
    "InstallDat": null,
    "LifecycleS": " ",
    "WaterType": " ",
    "PlanNum": " ",
    "Owner": " ",
    "Comments": " ",
    "AccessDiam": 0,
    "AccessMate": " ",
    "AccesType": " ",
    "Station": 0,
    "RimElevati": 0,
    "FieldBook": " ",
    "Invert": 0,
    "Plan1": " ",
    "Plan2": " ",
    "Plan3": " ",
    "FeatureID": " ",
    "DupeNum": 0,
    "Source": "2017 Orthophotography",
    "OrthoUpdated": "Yes",
    "GlobalID": "{F5D2712E-868C-4FE9-A156-B99BFE6013E3}",
    "created_user": "GIS",
    "created_date": 1600300800000,
    "last_edited_user": "GIS",
    "last_edited_date": 1600300800000,
    "Dewb_Edited": 0,
    "AssetStatus": "Active",
    "AccuracyStatus": "Unknown/Null (accurate = no)",
    "InaccuracyType": null,
    "AccuracyDate": null,
    "AccuracyComments": null,
    "ArchiveProjectName": null,
    "ArchiveReason": null,
    "ArchiveDate": null,
    "ArchiveComments": null,
    "ReplacedAssetID": null,
    "AssociatedInspections": null,
    "FID": null,
    "CreationDate": 1667412663429,
    "Creator": "NLandin_wc",
    "EditDate": 1667942792190,
    "Editor": "NLandin_wc"
   }
  },
  {
   "type": "Feature",
   "id": 496,
   "geometry": {
    "type": "Point",
    "coordinates": [
     -71.10824213332695,
     42.38844921298857
    ]
   },
   "properties": {
    "OBJECTID": 496,
    "Subtype": 0,
    "FacilityID": "SW-CB-02830",
    "InstallDat": null,
    "LifecycleS": " ",
    "WaterType": " ",
    "PlanNum": " ",
    "Owner": " ",
    "Comments": " ",
    "AccessDiam": 0,
    "AccessMate": " ",
    "AccesType": " ",
    "Station": 0,
    "RimElevati": 0,
    "FieldBook": " ",
    "Invert": 0,
    "Plan1": " ",
    "Plan2": " ",
    "Plan3": " ",
    "FeatureID": " ",
    "DupeNum": 0,
    "Source": "2017 Orthophotography",
    "OrthoUpdated": "Yes",
    "GlobalID": "{2159A2DF-01EB-4501-807F-6958C39A001B}",
    "created_user": "GIS",
    "created_date": 1600300800000,
    "last_edited_user": "GIS",
    "last_edited_date": 1600300800000,
    "Dewb_Edited": 0,
    "AssetStatus": "Active",
    "AccuracyStatus": "Unknown/Null (accurate = no)",
    "InaccuracyType": null,
    "AccuracyDate": null,
    "AccuracyComments": null,
    "ArchiveProjectName": null,
    "ArchiveReason": null,
    "ArchiveDate": null,
    "ArchiveComments": null,
    "ReplacedAssetID": null,
    "AssociatedInspections": null,
    "FID": null,
    "CreationDate": 1667412663429,
    "Creator": "NLandin_wc",
    "EditDate": 1667942792190,
    "Editor": "NLandin_wc"
   }
  },
  {
   "type": "Feature",
   "id": 501,
   "geometry": {
    "type": "Point",
    "coordinates": [
     -71.10454717777462,
     42.380479579519395
    ]
   },
   "properties": {
    "OBJECTID": 501,
    "Subtype": 0,
    "FacilityID": "SW-CB-02581",
    "InstallDat": null,
    "LifecycleS": " ",
    "WaterType": " ",
    "PlanNum": " ",
    "Owner": " ",
    "Comments": " ",
    "AccessDiam": 0,
    "AccessMate": " ",
    "AccesType": " ",
    "Station": 0,
    "RimElevati": 0,
    "FieldBook": " ",
    "Invert": 0,
    "Plan1": " ",
    "Plan2": " ",
    "Plan3": " ",
    "FeatureID": " ",
    "DupeNum": 0,
    "Source": "2017 Orthophotography",
    "OrthoUpdated": "Yes",
    "GlobalID": "{530191B8-AB94-4ACE-93CF-FEB2C93363FE}",
    "created_user": "GIS",
    "created_date": 1600300800000,
    "last_edited_user": "GIS",
    "last_edited_date": 1600300800000,
    "Dewb_Edited": 0,
    "AssetStatus": "Active",
    "AccuracyStatus": "Unknown/Null (accurate = no)",
    "InaccuracyType": null,
    "AccuracyDate": null,
    "AccuracyComments": null,
    "ArchiveProjectName": null,
    "ArchiveReason": null,
    "ArchiveDate": null,
    "ArchiveComments": null,
    "ReplacedAssetID": null,
    "AssociatedInspections": null,
    "FID": null,
    "CreationDate": 1667412663429,
    "Creator": "NLandin_wc",
    "EditDate": 1667942792190,
    "Editor": "NLandin_wc"
   }
  },
  {
   "type": "Feature",
   "id": 506,
   "geometry": {
    "type": "Point",
    "coordinates": [
     -71.10217868928393,
     42.39013265006569
    ]
   },
   "properties": {
    "OBJECTID": 506,
    "Subtype": 1,
    "FacilityID": "SW-CB-00207",
    "InstallDat": -1356998400000,
    "LifecycleS": "Active",
    "WaterType": "Storm",
    "PlanNum": "MM-8",
    "Owner": "Somerv",
    "Comments": "ALSO SHOWN ON CENTRAL ST BRIDGE PLANS",
    "AccessDiam": 0,
    "AccessMate": "Unk",
    "AccesType": "Unk",
    "Station": 9999,
    "RimElevati": 9999,
    "FieldBook": " ",
    "Invert": 9999,
    "Plan1": "MM-08",
    "Plan2": " ",
    "Plan3": " ",
    "FeatureID": "CB-SD-208",
    "DupeNum": 1,
    "Source": "Original City Data",
    "OrthoUpdated": "Yes",
    "GlobalID": "{48CFF64E-EE62-445C-8CC6-767AAF199E0A}",
    "created_user": "GIS",
    "created_date": 1600300800000,
    "last_edited_user": "GIS",
    "last_edited_date": 1600300800000,
    "Dewb_Edited": 0,
    "AssetStatus": "Active",
    "AccuracyStatus": "Unknown/Null (accurate = no)",
    "InaccuracyType": null,
    "AccuracyDate": null,
    "AccuracyComments": null,
    "ArchiveProjectName": null,
    "ArchiveReason": null,
    "ArchiveDate": null,
    "ArchiveComments": null,
    "ReplacedAssetID": null,
    "AssociatedInspections": null,
    "FID": null,
    "CreationDate": 1667412663429,
    "Creator": "NLandin_wc",
    "EditDate": 1667942792190,
    "Editor": "NLandin_wc"
   }
  },
  {
   "type": "Feature",
   "id": 511,
   "geometry": {
    "type": "Point",
    "coordinates": [
     -71.10687357121711,
     42.38348481236984
    ]
   },
   "properties": {
    "OBJECTID": 511,
    "Subtype": 0,
    "FacilityID": "SW-CB-00977",
    "InstallDat": null,
    "LifecycleS": " ",
    "WaterType": " ",
    "PlanNum": " ",
    "Owner": " ",
    "Comments": " ",
    "AccessDiam": 0,
    "AccessMate": " ",
    "AccesType": " ",
    "Station": 0,
    "RimElevati": 0,
    "FieldBook": " ",
    "Invert": 0,
    "Plan1": " ",
    "Plan2": " ",
    "Plan3": " ",
    "FeatureID": " ",
    "DupeNum": 0,
    "Source": "Stantec",
    "OrthoUpdated": "Yes",
    "GlobalID": "{7C7F1E3F-F8AB-4691-B955-09BF30C6AB6B}",
    "created_user": "GIS",
    "created_date": 1600300800000,
    "last_edited_user": "GIS",
    "last_edited_date": 1600300800000,
    "Dewb_Edited": 0,
    "AssetStatus": "Active",
    "AccuracyStatus": "Unknown/Null (accurate = no)",
    "InaccuracyType": null,
    "AccuracyDate": null,
    "AccuracyComments": null,
    "ArchiveProjectName": null,
    "ArchiveReason": null,
    "ArchiveDate": null,
    "ArchiveComments": null,
    "ReplacedAssetID": null,
    "AssociatedInspections": null,
    "FID": null,
    "CreationDate": 1667412663429,
    "Creator": "NLandin_wc",
    "EditDate": 1667942792190,
    "Editor": "NLandin_wc"
   }
  },
  {
   "type": "Feature",
   "id": 514,
   "geometry": {
    "type": "Point",
    "coordinates": [
     -71.10212882282445,
     42.39020208025219
    ]
   },
   "properties": {
    "OBJECTID": 514,
    "Subtype": 0,
    "FacilityID": "SW-CB-02828",
    "InstallDat": null,
    "LifecycleS": " ",
    "WaterType": " ",
    "PlanNum": " ",
    "Owner": " ",
    "Comments": " ",
    "AccessDiam": 0,
    "AccessMate": " ",
    "AccesType": " ",
    "Station": 0,
    "RimElevati": 0,
    "FieldBook": " ",
    "Invert": 0,
    "Plan1": " ",
    "Plan2": " ",
    "Plan3": " ",
    "FeatureID": " ",
    "DupeNum": 0,
    "Source": "2017 Orthophotography",
    "OrthoUpdated": "Yes",
    "GlobalID": "{5425CBBE-A637-44EE-9E61-51E13237D89A}",
    "created_user": "GIS",
    "created_date": 1600300800000,
    "last_edited_user": "GIS",
    "last_edited_date": 1600300800000,
    "Dewb_Edited": 0,
    "AssetStatus": "Active",
    "AccuracyStatus": "Unknown/Null (accurate = no)",
    "InaccuracyType": null,
    "AccuracyDate": null,
    "AccuracyComments": null,
    "ArchiveProjectName": null,
    "ArchiveReason": null,
    "ArchiveDate": null,
    "ArchiveComments": null,
    "ReplacedAssetID": null,
    "AssociatedInspections": null,
    "FID": null,
    "CreationDate": 1667412663429,
    "Creator": "NLandin_wc",
    "EditDate": 1667942792190,
    "Editor": "NLandin_wc"
   }
  },
  {
   "type": "Feature",
   "id": 517,
   "geometry": {
    "type": "Point",
    "coordinates": [
     -71.10052519266377,
     42.38588110158065
    ]
   },
   "properties": {
    "OBJECTID": 517,
    "Subtype": 0,
    "FacilityID": "SW-CB-00821",
    "InstallDat": null,
    "LifecycleS": " ",
    "WaterType": " ",
    "PlanNum": " ",
    "Owner": " ",
    "Comments": " ",
    "AccessDiam": 0,
    "AccessMate": " ",
    "AccesType": " ",
    "Station": 0,
    "RimElevati": 0,
    "FieldBook": " ",
    "Invert": 0,
    "Plan1": " ",
    "Plan2": " ",
    "Plan3": " ",
    "FeatureID": " ",
    "DupeNum": 0,
    "Source": "Stantec",
    "OrthoUpdated": "Yes",
    "GlobalID": "{AF8A3BA3-F32B-4CC8-8474-C326197E91CE}",
    "created_user": "GIS",
    "created_date": 1600300800000,
    "last_edited_user": "GIS",
    "last_edited_date": 1600300800000,
    "Dewb_Edited": 0,
    "AssetStatus": "Active",
    "AccuracyStatus": "Unknown/Null (accurate = no)",
    "InaccuracyType": null,
    "AccuracyDate": null,
    "AccuracyComments": null,
    "ArchiveProjectName": null,
    "ArchiveReason": null,
    "ArchiveDate": null,
    "ArchiveComments": null,
    "ReplacedAssetID": null,
    "AssociatedInspections": null,
    "FID": null,
    "CreationDate": 1667412663429,
    "Creator": "NLandin_wc",
    "EditDate": 1667942792190,
    "Editor": "NLandin_wc"
   }
  },
  {
   "type": "Feature",
   "id": 523,
   "geometry": {
    "type": "Point",
    "coordinates": [
     -71.10849718247559,
     42.389366856230055
    ]
   },
   "properties": {
    "OBJECTID": 523,
    "Subtype": 0,
    "FacilityID": "SW-CB-02833",
    "InstallDat": null,
    "LifecycleS": " ",
    "WaterType": " ",
    "PlanNum": " ",
    "Owner": " ",
    "Comments": " ",
    "AccessDiam": 0,
    "AccessMate": " ",
    "AccesType": " ",
    "Station": 0,
    "RimElevati": 0,
    "FieldBook": " ",
    "Invert": 0,
    "Plan1": " ",
    "Plan2": " ",
    "Plan3": " ",
    "FeatureID": " ",
    "DupeNum": 0,
    "Source": "2017 Orthophotography",
    "OrthoUpdated": "Yes",
    "GlobalID": "{C7F2A211-8570-44AD-BD08-3CBCF2FA73C1}",
    "created_user": "GIS",
    "created_date": 1600300800000,
    "last_edited_user": "GIS",
    "last_edited_date": 1600300800000,
    "Dewb_Edited": 0,
    "AssetStatus": "Active",
    "AccuracyStatus": "Unknown/Null (accurate = no)",
    "InaccuracyType": null,
    "AccuracyDate": null,
    "AccuracyComments": null,
    "ArchiveProjectName": null,
    "ArchiveReason": null,
    "ArchiveDate": null,
    "ArchiveComments": null,
    "ReplacedAssetID": null,
    "AssociatedInspections": null,
    "FID": null,
    "CreationDate": 1667412663429,
    "Creator": "NLandin_wc",
    "EditDate": 1667942792190,
    "Editor": "NLandin_wc"
   }
  },
  {
   "type": "Feature",
   "id": 525,
   "geometry": {
    "type": "Point",
    "coordinates": [
     -71.10431243879087,
     42.38971786701867
    ]
   },
   "properties": {
    "OBJECTID": 525,
    "Subtype": 0,
    "FacilityID": "SW-CB-00487",
    "InstallDat": 253392451200000,
    "LifecycleS": "Active",
    "WaterType": "Storm",
    "PlanNum": "TB-047",
    "Owner": "Somerv",
    "Comments": " ",
    "AccessDiam": 9999,
    "AccessMate": "Unk",
    "AccesType": "Unk",
    "Station": 9999,
    "RimElevati": 83.01,
    "FieldBook": " ",
    "Invert": 80.51,
    "Plan1": "TB-047",
    "Plan2": " ",
    "Plan3": " ",
    "FeatureID": "CB-SD-488",
    "DupeNum": 1,
    "Source": "Original City Data",
    "OrthoUpdated": "Yes",
    "GlobalID": "{344F47EF-0DEF-4452-8F28-FC81E97CD7F9}",
    "created_user": "GIS",
    "created_date": 1600300800000,
    "last_edited_user": "GIS",
    "last_edited_date": 1600300800000,
    "Dewb_Edited": 0,
    "AssetStatus": "Active",
    "AccuracyStatus": "Unknown/Null (accurate = no)",
    "InaccuracyType": null,
    "AccuracyDate": null,
    "AccuracyComments": null,
    "ArchiveProjectName": null,
    "ArchiveReason": null,
    "ArchiveDate": null,
    "ArchiveComments": null,
    "ReplacedAssetID": null,
    "AssociatedInspections": null,
    "FID": null,
    "CreationDate": 1667412663429,
    "Creator": "NLandin_wc",
    "EditDate": 1667942792190,
    "Editor": "NLandin_wc"
   }
  },
  {
   "type": "Feature",
   "id": 527,
   "geometry": {
    "type": "Point",
    "coordinates": [
     -71.10170757835802,
     42.381842624132766
    ]
   },
   "properties": {
    "OBJECTID": 527,
    "Subtype": 0,
    "FacilityID": "SW-CB-01074",
    "InstallDat": null,
    "LifecycleS": " ",
    "WaterType": " ",
    "PlanNum": " ",
    "Owner": " ",
    "Comments": " ",
    "AccessDiam": 0,
    "AccessMate": " ",
    "AccesType": " ",
    "Station": 0,
    "RimElevati": 0,
    "FieldBook": " ",
    "Invert": 0,
    "Plan1": " ",
    "Plan2": " ",
    "Plan3": " ",
    "FeatureID": " ",
    "DupeNum": 0,
    "Source": "Stantec",
    "OrthoUpdated": "Yes",
    "GlobalID": "{236C948A-5557-44FA-A13B-4F13F7E9F556}",
    "created_user": "GIS",
    "created_date": 1600300800000,
    "last_edited_user": "GIS",
    "last_edited_date": 1600300800000,
    "Dewb_Edited": 0,
    "AssetStatus": "Active",
    "AccuracyStatus": "Unknown/Null (accurate = no)",
    "InaccuracyType": null,
    "AccuracyDate": null,
    "AccuracyComments": null,
    "ArchiveProjectName": null,
    "ArchiveReason": null,
    "ArchiveDate": null,
    "ArchiveComments": null,
    "ReplacedAssetID": null,
    "AssociatedInspections": null,
    "FID": null,
    "CreationDate": 1667412663429,
    "Creator": "NLandin_wc",
    "EditDate": 1667942792190,
    "Editor": "NLandin_wc"
   }
  },
  {
   "type": "Feature",
   "id": 532,
   "geometry": {
    "type": "Point",
    "coordinates": [
     -71.10736120387752,
     42.38988912099764
    ]
   },
   "properties": {
    "OBJECTID": 532,
    "Subtype": 0,
    "FacilityID": "SW-CB-02755",
    "InstallDat": null,
    "LifecycleS": " ",
    "WaterType": " ",
    "PlanNum": " ",
    "Owner": " ",
    "Comments": " ",
    "AccessDiam": 0,
    "AccessMate": " ",
    "AccesType": " ",
    "Station": 0,
    "RimElevati": 0,
    "FieldBook": " ",
    "Invert": 0,
    "Plan1": " ",
    "Plan2": " ",
    "Plan3": " ",
    "FeatureID": " ",
    "DupeNum": 0,
    "Source": "2017 Orthophotography",
    "OrthoUpdated": "Yes",
    "GlobalID": "{0774533C-C797-4051-BD36-660B55700300}",
    "created_user": "GIS",
    "created_date": 1600300800000,
    "last_edited_user": "GIS",
    "last_edited_date": 1600300800000,
    "Dewb_Edited": 0,
    "AssetStatus": "Active",
    "AccuracyStatus": "Unknown/Null (accurate = no)",
    "InaccuracyType": null,
    "AccuracyDate": null,
    "AccuracyComments": null,
    "ArchiveProjectName": null,
    "ArchiveReason": null,
    "ArchiveDate": null,
    "ArchiveComments": null,
    "ReplacedAssetID": null,
    "AssociatedInspections": null,
    "FID": null,
    "CreationDate": 1667412663429,
    "Creator": "NLandin_wc",
    "EditDate": 1667942792190,
    "Editor": "NLandin_wc"
   }
  },
  {
   "type": "Feature",
   "id": 533,
   "geometry": {
    "type": "Point",
    "coordinates": [
     -71.10511312500965,
     42.389987874465284
    ]
   },
   "properties": {
    "OBJECTID": 533,
    "Subtype": 0,
    "FacilityID": "SW-CB-00492",
    "InstallDat": 253392451200000,
    "LifecycleS": "Active",
    "WaterType": "Storm",
    "PlanNum": "TB-047",
    "Owner": "Somerv",
    "Comments": " ",
    "AccessDiam": 9999,
    "AccessMate": "Unk",
    "AccesType": "Unk",
    "Station": 9999,
    "RimElevati": 82.87,
    "FieldBook": " ",
    "Invert": 78.67,
    "Plan1": "TB-047",
    "Plan2": " ",
    "Plan3": " ",
    "FeatureID": "CB-SD-493",
    "DupeNum": 1,
    "Source": "Original City Data",
    "OrthoUpdated": "Yes",
    "GlobalID": "{E99C7872-8E15-4E0D-AC31-6A9C3B60468C}",
    "created_user": "GIS",
    "created_date": 1600300800000,
    "last_edited_user": "GIS",
    "last_edited_date": 1600300800000,
    "Dewb_Edited": 0,
    "AssetStatus": "Active",
    "AccuracyStatus": "Unknown/Null (accurate = no)",
    "InaccuracyType": null,
    "AccuracyDate": null,
    "AccuracyComments": null,
    "ArchiveProjectName": null,
    "ArchiveReason": null,
    "ArchiveDate": null,
    "ArchiveComments": null,
    "ReplacedAssetID": null,
    "AssociatedInspections": null,
    "FID": null,
    "CreationDate": 1667412663429,
    "Creator": "NLandin_wc",
    "EditDate": 1667942792190,
    "Editor": "NLandin_wc"
   }
  },
  {
   "type": "Feature",
   "id": 549,
   "geometry": {
    "type": "Point",
    "coordinates": [
     -71.09778022076739,
     42.38658664490798
    ]
   },
   "properties": {
    "OBJECTID": 549,
    "Subtype": 0,
    "FacilityID": "SW-CB-01986",
    "InstallDat": null,
    "LifecycleS": " ",
    "WaterType": " ",
    "PlanNum": " ",
    "Owner": " ",
    "Comments": " ",
    "AccessDiam": 0,
    "AccessMate": " ",
    "AccesType": " ",
    "Station": 0,
    "RimElevati": 0,
    "FieldBook": " ",
    "Invert": 0,
    "Plan1": " ",
    "Plan2": " ",
    "Plan3": " ",
    "FeatureID": " ",
    "DupeNum": 0,
    "Source": "2017 Orthophotography",
    "OrthoUpdated": "Yes",
    "GlobalID": "{F91A532E-3C99-4CCC-B16B-ADBCC37787AB}",
    "created_user": "GIS",
    "created_date": 1600300800000,
    "last_edited_user": "GIS",
    "last_edited_date": 1600300800000,
    "Dewb_Edited": 0,
    "AssetStatus": "Active",
    "AccuracyStatus": "Unknown/Null (accurate = no)",
    "InaccuracyType": null,
    "AccuracyDate": null,
    "AccuracyComments": null,
    "ArchiveProjectName": null,
    "ArchiveReason": null,
    "ArchiveDate": null,
    "ArchiveComments": null,
    "ReplacedAssetID": null,
    "AssociatedInspections": null,
    "FID": null,
    "CreationDate": 1667412663429,
    "Creator": "NLandin_wc",
    "EditDate": 1667942792190,
    "Editor": "NLandin_wc"
   }
  },
  {
   "type": "Feature",
   "id": 554,
   "geometry": {
    "type": "Point",
    "coordinates": [
     -71.10426549304621,
     42.38977415865358
    ]
   },
   "properties": {
    "OBJECTID": 554,
    "Subtype": 0,
    "FacilityID": "SW-CB-00488",
    "InstallDat": 253392451200000,
    "LifecycleS": "Active",
    "WaterType": "Storm",
    "PlanNum": "TB-047",
    "Owner": "Somerv",
    "Comments": " ",
    "AccessDiam": 9999,
    "AccessMate": "Unk",
    "AccesType": "Unk",
    "Station": 9999,
    "RimElevati": 83.09,
    "FieldBook": " ",
    "Invert": 79.89,
    "Plan1": "TB-047",
    "Plan2": " ",
    "Plan3": " ",
    "FeatureID": "CB-SD-489",
    "DupeNum": 1,
    "Source": "Original City Data",
    "OrthoUpdated": "Yes",
    "GlobalID": "{C3182A05-0032-4CD4-BE78-BA6DC990D995}",
    "created_user": "GIS",
    "created_date": 1600300800000,
    "last_edited_user": "GIS",
    "last_edited_date": 1600300800000,
    "Dewb_Edited": 0,
    "AssetStatus": "Active",
    "AccuracyStatus": "Unknown/Null (accurate = no)",
    "InaccuracyType": null,
    "AccuracyDate": null,
    "AccuracyComments": null,
    "ArchiveProjectName": null,
    "ArchiveReason": null,
    "ArchiveDate": null,
    "ArchiveComments": null,
    "ReplacedAssetID": null,
    "AssociatedInspections": null,
    "FID": null,
    "CreationDate": 1667412663429,
    "Creator": "NLandin_wc",
    "EditDate": 1667942792190,
    "Editor": "NLandin_wc"
   }
  },
  {
   "type": "Feature",
   "id": 566,
   "geometry": {
    "type": "Point",
    "coordinates": [
     -71.09846134837878,
     42.38398163719856
    ]
   },
   "properties": {
    "OBJECTID": 566,
    "Subtype": 0,
    "FacilityID": "SW-CB-00734",
    "InstallDat": null,
    "LifecycleS": " ",
    "WaterType": " ",
    "PlanNum": " ",
    "Owner": " ",
    "Comments": " ",
    "AccessDiam": 0,
    "AccessMate": " ",
    "AccesType": " ",
    "Station": 0,
    "RimElevati": 0,
    "FieldBook": " ",
    "Invert": 0,
    "Plan1": " ",
    "Plan2": " ",
    "Plan3": " ",
    "FeatureID": " ",
    "DupeNum": 0,
    "Source": "Stantec",
    "OrthoUpdated": "Yes",
    "GlobalID": "{506D8BE3-1C9D-4BE9-B4BB-349E0F70310E}",
    "created_user": "GIS",
    "created_date": 1600300800000,
    "last_edited_user": "GIS",
    "last_edited_date": 1600300800000,
    "Dewb_Edited": 0,
    "AssetStatus": "Active",
    "AccuracyStatus": "Unknown/Null (accurate = no)",
    "InaccuracyType": null,
    "AccuracyDate": null,
    "AccuracyComments": null,
    "ArchiveProjectName": null,
    "ArchiveReason": null,
    "ArchiveDate": null,
    "ArchiveComments": null,
    "ReplacedAssetID": null,
    "AssociatedInspections": null,
    "FID": null,
    "CreationDate": 1667412663429,
    "Creator": "NLandin_wc",
    "EditDate": 1667942792190,
    "Editor": "NLandin_wc"
   }
  },
  {
   "type": "Feature",
   "id": 571,
   "geometry": {
    "type": "Point",
    "coordinates": [
     -71.09794142946834,
     42.386239673894714
    ]
   },
   "properties": {
    "OBJECTID": 571,
    "Subtype": 0,
    "FacilityID": "SW-CB-00798",
    "InstallDat": null,
    "LifecycleS": " ",
    "WaterType": " ",
    "PlanNum": " ",
    "Owner": " ",
    "Comments": " ",
    "AccessDiam": 0,
    "AccessMate": " ",
    "AccesType": " ",
    "Station": 0,
    "RimElevati": 0,
    "FieldBook": " ",
    "Invert": 0,
    "Plan1": " ",
    "Plan2": " ",
    "Plan3": " ",
    "FeatureID": " ",
    "DupeNum": 0,
    "Source": "Stantec",
    "OrthoUpdated": "Yes",
    "GlobalID": "{2EABE04C-5520-4851-96E6-4E9B3639A50F}",
    "created_user": "GIS",
    "created_date": 1600300800000,
    "last_edited_user": "GIS",
    "last_edited_date": 1600300800000,
    "Dewb_Edited": 0,
    "AssetStatus": "Active",
    "AccuracyStatus": "Unknown/Null (accurate = no)",
    "InaccuracyType": null,
    "AccuracyDate": null,
    "AccuracyComments": null,
    "ArchiveProjectName": null,
    "ArchiveReason": null,
    "ArchiveDate": null,
    "ArchiveComments": null,
    "ReplacedAssetID": null,
    "AssociatedInspections": null,
    "FID": null,
    "CreationDate": 1667412663429,
    "Creator": "NLandin_wc",
    "EditDate": 1667942792190,
    "Editor": "NLandin_wc"
   }
  },
  {
   "type": "Feature",
   "id": 575,
   "geometry": {
    "type": "Point",
    "coordinates": [
     -71.10672675546817,
     42.39051982268663
    ]
   },
   "properties": {
    "OBJECTID": 575,
    "Subtype": 0,
    "FacilityID": "SW-CB-00485",
    "InstallDat": 253392451200000,
    "LifecycleS": "Active",
    "WaterType": "Storm",
    "PlanNum": "TB-046",
    "Owner": "Somerv",
    "Comments": " ",
    "AccessDiam": 9999,
    "AccessMate": "Unk",
    "AccesType": "Unk",
    "Station": 9999,
    "RimElevati": 76.98,
    "FieldBook": " ",
    "Invert": 73.08,
    "Plan1": "TB-046",
    "Plan2": " ",
    "Plan3": " ",
    "FeatureID": "CB-SD-486",
    "DupeNum": 1,
    "Source": "Original City Data",
    "OrthoUpdated": "Not Visible",
    "GlobalID": "{8BDF9EFD-4F9B-41AE-BDD3-996561F61689}",
    "created_user": "GIS",
    "created_date": 1600300800000,
    "last_edited_user": "GIS",
    "last_edited_date": 1600300800000,
    "Dewb_Edited": 0,
    "AssetStatus": "Active",
    "AccuracyStatus": "Unknown/Null (accurate = no)",
    "InaccuracyType": null,
    "AccuracyDate": null,
    "AccuracyComments": null,
    "ArchiveProjectName": null,
    "ArchiveReason": null,
    "ArchiveDate": null,
    "ArchiveComments": null,
    "ReplacedAssetID": null,
    "AssociatedInspections": null,
    "FID": null,
    "CreationDate": 1667412663429,
    "Creator": "NLandin_wc",
    "EditDate": 1667942792190,
    "Editor": "NLandin_wc"
   }
  },
  {
   "type": "Feature",
   "id": 582,
   "geometry": {
    "type": "Point",
    "coordinates": [
     -71.09723062038779,
     42.38404744943699
    ]
   },
   "properties": {
    "OBJECTID": 582,
    "Subtype": 0,
    "FacilityID": "SW-CB-00787",
    "InstallDat": null,
    "LifecycleS": " ",
    "WaterType": " ",
    "PlanNum": " ",
    "Owner": " ",
    "Comments": " ",
    "AccessDiam": 0,
    "AccessMate": " ",
    "AccesType": " ",
    "Station": 0,
    "RimElevati": 0,
    "FieldBook": " ",
    "Invert": 0,
    "Plan1": " ",
    "Plan2": " ",
    "Plan3": " ",
    "FeatureID": " ",
    "DupeNum": 0,
    "Source": "Stantec",
    "OrthoUpdated": "Yes",
    "GlobalID": "{B779E6FF-553D-437D-8162-BC20EF9E6A61}",
    "created_user": "GIS",
    "created_date": 1600300800000,
    "last_edited_user": "GIS",
    "last_edited_date": 1600300800000,
    "Dewb_Edited": 0,
    "AssetStatus": "Active",
    "AccuracyStatus": "Unknown/Null (accurate = no)",
    "InaccuracyType": null,
    "AccuracyDate": null,
    "AccuracyComments": null,
    "ArchiveProjectName": null,
    "ArchiveReason": null,
    "ArchiveDate": null,
    "ArchiveComments": null,
    "ReplacedAssetID": null,
    "AssociatedInspections": null,
    "FID": null,
    "CreationDate": 1667412663429,
    "Creator": "NLandin_wc",
    "EditDate": 1667942792190,
    "Editor": "NLandin_wc"
   }
  },
  {
   "type": "Feature",
   "id": 591,
   "geometry": {
    "type": "Point",
    "coordinates": [
     -71.09614367248678,
     42.38758945242951
    ]
   },
   "properties": {
    "OBJECTID": 591,
    "Subtype": 1,
    "FacilityID": "SW-CB-00135",
    "InstallDat": -1356998400000,
    "LifecycleS": "Active",
    "WaterType": "Storm",
    "PlanNum": "MM-6",
    "Owner": "Somerv",
    "Comments": " ",
    "AccessDiam": 0,
    "AccessMate": " ",
    "AccesType": " ",
    "Station": 9999,
    "RimElevati": 9999,
    "FieldBook": " ",
    "Invert": 9999,
    "Plan1": "MM-06",
    "Plan2": " ",
    "Plan3": " ",
    "FeatureID": "CB-SD-136",
    "DupeNum": 1,
    "Source": "Original City Data",
    "OrthoUpdated": "Not Visible",
    "GlobalID": "{6177FB62-C998-40F6-BD7D-5EDE92A625E9}",
    "created_user": "GIS",
    "created_date": 1600300800000,
    "last_edited_user": "GIS",
    "last_edited_date": 1600300800000,
    "Dewb_Edited": 0,
    "AssetStatus": "Active",
    "AccuracyStatus": "Unknown/Null (accurate = no)",
    "InaccuracyType": null,
    "AccuracyDate": null,
    "AccuracyComments": null,
    "ArchiveProjectName": null,
    "ArchiveReason": null,
    "ArchiveDate": null,
    "ArchiveComments": null,
    "ReplacedAssetID": null,
    "AssociatedInspections": null,
    "FID": null,
    "CreationDate": 1667412663429,
    "Creator": "NLandin_wc",
    "EditDate": 1667942792190,
    "Editor": "NLandin_wc"
   }
  },
  {
   "type": "Feature",
   "id": 598,
   "geometry": {
    "type": "Point",
    "coordinates": [
     -71.10885879760674,
     42.390689810362055
    ]
   },
   "properties": {
    "OBJECTID": 598,
    "Subtype": 0,
    "FacilityID": "SW-CB-02761",
    "InstallDat": null,
    "LifecycleS": " ",
    "WaterType": " ",
    "PlanNum": " ",
    "Owner": " ",
    "Comments": " ",
    "AccessDiam": 0,
    "AccessMate": " ",
    "AccesType": " ",
    "Station": 0,
    "RimElevati": 0,
    "FieldBook": " ",
    "Invert": 0,
    "Plan1": " ",
    "Plan2": " ",
    "Plan3": " ",
    "FeatureID": " ",
    "DupeNum": 0,
    "Source": "2017 Orthophotography",
    "OrthoUpdated": "Yes",
    "GlobalID": "{84894459-14F5-47DF-A1DB-85D54BA8C8B5}",
    "created_user": "GIS",
    "created_date": 1600300800000,
    "last_edited_user": "GIS",
    "last_edited_date": 1600300800000,
    "Dewb_Edited": 0,
    "AssetStatus": "Active",
    "AccuracyStatus": "Unknown/Null (accurate = no)",
    "InaccuracyType": null,
    "AccuracyDate": null,
    "AccuracyComments": null,
    "ArchiveProjectName": null,
    "ArchiveReason": null,
    "ArchiveDate": null,
    "ArchiveComments": null,
    "ReplacedAssetID": null,
    "AssociatedInspections": null,
    "FID": null,
    "CreationDate": 1667412663429,
    "Creator": "NLandin_wc",
    "EditDate": 1667942792190,
    "Editor": "NLandin_wc"
   }
  },
  {
   "type": "Feature",
   "id": 612,
   "geometry": {
    "type": "Point",
    "coordinates": [
     -71.10425014082887,
     42.382670808380155
    ]
   },
   "properties": {
    "OBJECTID": 612,
    "Subtype": 0,
    "FacilityID": "SW-CB-01039",
    "InstallDat": null,
    "LifecycleS": " ",
    "WaterType": " ",
    "PlanNum": " ",
    "Owner": " ",
    "Comments": " ",
    "AccessDiam": 0,
    "AccessMate": " ",
    "AccesType": " ",
    "Station": 0,
    "RimElevati": 0,
    "FieldBook": " ",
    "Invert": 0,
    "Plan1": " ",
    "Plan2": " ",
    "Plan3": " ",
    "FeatureID": " ",
    "DupeNum": 0,
    "Source": "Stantec",
    "OrthoUpdated": "Yes",
    "GlobalID": "{999A8BA7-557D-40E4-AD6C-A8049DBD088F}",
    "created_user": "GIS",
    "created_date": 1600300800000,
    "last_edited_user": "GIS",
    "last_edited_date": 1600300800000,
    "Dewb_Edited": 0,
    "AssetStatus": "Active",
    "AccuracyStatus": "Unknown/Null (accurate = no)",
    "InaccuracyType": null,
    "AccuracyDate": null,
    "AccuracyComments": null,
    "ArchiveProjectName": null,
    "ArchiveReason": null,
    "ArchiveDate": null,
    "ArchiveComments": null,
    "ReplacedAssetID": null,
    "AssociatedInspections": null,
    "FID": null,
    "CreationDate": 1667412663429,
    "Creator": "NLandin_wc",
    "EditDate": 1667942792190,
    "Editor": "NLandin_wc"
   }
  },
  {
   "type": "Feature",
   "id": 614,
   "geometry": {
    "type": "Point",
    "coordinates": [
     -71.09776325177715,
     42.38816621372765
    ]
   },
   "properties": {
    "OBJECTID": 614,
    "Subtype": 0,
    "FacilityID": "SW-CB-02747",
    "InstallDat": null,
    "LifecycleS": " ",
    "WaterType": " ",
    "PlanNum": " ",
    "Owner": " ",
    "Comments": " ",
    "AccessDiam": 0,
    "AccessMate": " ",
    "AccesType": " ",
    "Station": 0,
    "RimElevati": 0,
    "FieldBook": " ",
    "Invert": 0,
    "Plan1": " ",
    "Plan2": " ",
    "Plan3": " ",
    "FeatureID": " ",
    "DupeNum": 0,
    "Source": "2017 Orthophotography",
    "OrthoUpdated": "Yes",
    "GlobalID": "{F76CE298-4BDF-49EB-BA7B-F50D08DEF32F}",
    "created_user": "GIS",
    "created_date": 1600300800000,
    "last_edited_user": "GIS",
    "last_edited_date": 1600300800000,
    "Dewb_Edited": 0,
    "AssetStatus": "Active",
    "AccuracyStatus": "Unknown/Null (accurate = no)",
    "InaccuracyType": null,
    "AccuracyDate": null,
    "AccuracyComments": null,
    "ArchiveProjectName": null,
    "ArchiveReason": null,
    "ArchiveDate": null,
    "ArchiveComments": null,
    "ReplacedAssetID": null,
    "AssociatedInspections": null,
    "FID": null,
    "CreationDate": 1667412663429,
    "Creator": "NLandin_wc",
    "EditDate": 1667942792190,
    "Editor": "NLandin_wc"
   }
  },
  {
   "type": "Feature",
   "id": 625,
   "geometry": {
    "type": "Point",
    "coordinates": [
     -71.10729590970894,
     42.38592742672649
    ]
   },
   "properties": {
    "OBJECTID": 625,
    "Subtype": 0,
    "FacilityID": "SW-CB-00959",
    "InstallDat": null,
    "LifecycleS": " ",
    "WaterType": " ",
    "PlanNum": " ",
    "Owner": " ",
    "Comments": " ",
    "AccessDiam": 0,
    "AccessMate": " ",
    "AccesType": " ",
    "Station": 0,
    "RimElevati": 0,
    "FieldBook": " ",
    "Invert": 0,
    "Plan1": " ",
    "Plan2": " ",
    "Plan3": " ",
    "FeatureID": " ",
    "DupeNum": 0,
    "Source": "Stantec",
    "OrthoUpdated": "Yes",
    "GlobalID": "{79E4D562-ECF4-48C3-BDE3-417AE3F99601}",
    "created_user": "GIS",
    "created_date": 1600300800000,
    "last_edited_user": "GIS",
    "last_edited_date": 1600300800000,
    "Dewb_Edited": 0,
    "AssetStatus": "Active",
    "AccuracyStatus": "Unknown/Null (accurate = no)",
    "InaccuracyType": null,
    "AccuracyDate": null,
    "AccuracyComments": null,
    "ArchiveProjectName": null,
    "ArchiveReason": null,
    "ArchiveDate": null,
    "ArchiveComments": null,
    "ReplacedAssetID": null,
    "AssociatedInspections": null,
    "FID": null,
    "CreationDate": 1667412663429,
    "Creator": "NLandin_wc",
    "EditDate": 1667942792190,
    "Editor": "NLandin_wc"
   }
  },
  {
   "type": "Feature",
   "id": 634,
   "geometry": {
    "type": "Point",
    "coordinates": [
     -71.10602481615147,
     42.380773255820785
    ]
   },
   "properties": {
    "OBJECTID": 634,
    "Subtype": 0,
    "FacilityID": "SW-CB-02573",
    "InstallDat": null,
    "LifecycleS": " ",
    "WaterType": " ",
    "PlanNum": " ",
    "Owner": " ",
    "Comments": " ",
    "AccessDiam": 0,
    "AccessMate": " ",
    "AccesType": " ",
    "Station": 0,
    "RimElevati": 0,
    "FieldBook": " ",
    "Invert": 0,
    "Plan1": " ",
    "Plan2": " ",
    "Plan3": " ",
    "FeatureID": " ",
    "DupeNum": 0,
    "Source": "2017 Orthophotography",
    "OrthoUpdated": "Yes",
    "GlobalID": "{A99D76CF-C02F-46C6-9101-064160D9584A}",
    "created_user": "GIS",
    "created_date": 1600300800000,
    "last_edited_user": "GIS",
    "last_edited_date": 1600300800000,
    "Dewb_Edited": 0,
    "AssetStatus": "Active",
    "AccuracyStatus": "Unknown/Null (accurate = no)",
    "InaccuracyType": null,
    "AccuracyDate": null,
    "AccuracyComments": null,
    "ArchiveProjectName": null,
    "ArchiveReason": null,
    "ArchiveDate": null,
    "ArchiveComments": null,
    "ReplacedAssetID": null,
    "AssociatedInspections": null,
    "FID": null,
    "CreationDate": 1667412663429,
    "Creator": "NLandin_wc",
    "EditDate": 1667942792190,
    "Editor": "NLandin_wc"
   }
  },
  {
   "type": "Feature",
   "id": 645,
   "geometry": {
    "type": "Point",
    "coordinates": [
     -71.10830865794264,
     42.38161016303155
    ]
   },
   "properties": {
    "OBJECTID": 645,
    "Subtype": 0,
    "FacilityID": "SW-CB-02616",
    "InstallDat": null,
    "LifecycleS": " ",
    "WaterType": " ",
    "PlanNum": " ",
    "Owner": " ",
    "Comments": " ",
    "AccessDiam": 0,
    "AccessMate": " ",
    "AccesType": " ",
    "Station": 0,
    "RimElevati": 0,
    "FieldBook": " ",
    "Invert": 0,
    "Plan1": " ",
    "Plan2": " ",
    "Plan3": " ",
    "FeatureID": " ",
    "DupeNum": 0,
    "Source": "2017 Orthophotography",
    "OrthoUpdated": "Yes",
    "GlobalID": "{30D6F6A3-30E8-4909-B33C-B26A40770D24}",
    "created_user": "GIS",
    "created_date": 1600300800000,
    "last_edited_user": "GIS",
    "last_edited_date": 1600300800000,
    "Dewb_Edited": 0,
    "AssetStatus": "Active",
    "AccuracyStatus": "Unknown/Null (accurate = no)",
    "InaccuracyType": null,
    "AccuracyDate": null,
    "AccuracyComments": null,
    "ArchiveProjectName": null,
    "ArchiveReason": null,
    "ArchiveDate": null,
    "ArchiveComments": null,
    "ReplacedAssetID": null,
    "AssociatedInspections": null,
    "FID": null,
    "CreationDate": 1667412663429,
    "Creator": "NLandin_wc",
    "EditDate": 1667942792190,
    "Editor": "NLandin_wc"
   }
  },
  {
   "type": "Feature",
   "id": 646,
   "geometry": {
    "type": "Point",
    "coordinates": [
     -71.09649517028315,
     42.38067863344732
    ]
   },
   "properties": {
    "OBJECTID": 646,
    "Subtype": 0,
    "FacilityID": "SW-CB-00709",
    "InstallDat": null,
    "LifecycleS": " ",
    "WaterType": " ",
    "PlanNum": " ",
    "Owner": " ",
    "Comments": " ",
    "AccessDiam": 0,
    "AccessMate": " ",
    "AccesType": " ",
    "Station": 0,
    "RimElevati": 0,
    "FieldBook": " ",
    "Invert": 0,
    "Plan1": " ",
    "Plan2": " ",
    "Plan3": " ",
    "FeatureID": " ",
    "DupeNum": 0,
    "Source": "Stantec",
    "OrthoUpdated": "Yes",
    "GlobalID": "{22A9BE45-AF17-4302-9A73-E280D7DAA2A9}",
    "created_user": "GIS",
    "created_date": 1600300800000,
    "last_edited_user": "GIS",
    "last_edited_date": 1600300800000,
    "Dewb_Edited": 0,
    "AssetStatus": "Active",
    "AccuracyStatus": "Unknown/Null (accurate = no)",
    "InaccuracyType": null,
    "AccuracyDate": null,
    "AccuracyComments": null,
    "ArchiveProjectName": null,
    "ArchiveReason": null,
    "ArchiveDate": null,
    "ArchiveComments": null,
    "ReplacedAssetID": null,
    "AssociatedInspections": null,
    "FID": null,
    "CreationDate": 1667412663429,
    "Creator": "NLandin_wc",
    "EditDate": 1667942792190,
    "Editor": "NLandin_wc"
   }
  },
  {
   "type": "Feature",
   "id": 666,
   "geometry": {
    "type": "Point",
    "coordinates": [
     -71.09705929627994,
     42.38912204295513
    ]
   },
   "properties": {
    "OBJECTID": 666,
    "Subtype": 0,
    "FacilityID": "SW-CB-02634",
    "InstallDat": null,
    "LifecycleS": " ",
    "WaterType": " ",
    "PlanNum": " ",
    "Owner": " ",
    "Comments": " ",
    "AccessDiam": 0,
    "AccessMate": " ",
    "AccesType": " ",
    "Station": 0,
    "RimElevati": 0,
    "FieldBook": " ",
    "Invert": 0,
    "Plan1": " ",
    "Plan2": " ",
    "Plan3": " ",
    "FeatureID": " ",
    "DupeNum": 0,
    "Source": "2017 Orthophotography",
    "OrthoUpdated": "Yes",
    "GlobalID": "{4E08BE95-D8DB-41B7-A8AF-BE3906C6BAC4}",
    "created_user": "GIS",
    "created_date": 1600300800000,
    "last_edited_user": "GIS",
    "last_edited_date": 1600300800000,
    "Dewb_Edited": 0,
    "AssetStatus": "Active",
    "AccuracyStatus": "Unknown/Null (accurate = no)",
    "InaccuracyType": null,
    "AccuracyDate": null,
    "AccuracyComments": null,
    "ArchiveProjectName": null,
    "ArchiveReason": null,
    "ArchiveDate": null,
    "ArchiveComments": null,
    "ReplacedAssetID": null,
    "AssociatedInspections": null,
    "FID": null,
    "CreationDate": 1667412663429,
    "Creator": "NLandin_wc",
    "EditDate": 1667942792190,
    "Editor": "NLandin_wc"
   }
  },
  {
   "type": "Feature",
   "id": 681,
   "geometry": {
    "type": "Point",
    "coordinates": [
     -71.09437081780439,
     42.381424076277256
    ]
   },
   "properties": {
    "OBJECTID": 681,
    "Subtype": 0,
    "FacilityID": "SW-CB-00763",
    "InstallDat": null,
    "LifecycleS": " ",
    "WaterType": " ",
    "PlanNum": " ",
    "Owner": " ",
    "Comments": " ",
    "AccessDiam": 0,
    "AccessMate": " ",
    "AccesType": " ",
    "Station": 0,
    "RimElevati": 0,
    "FieldBook": " ",
    "Invert": 0,
    "Plan1": " ",
    "Plan2": " ",
    "Plan3": " ",
    "FeatureID": " ",
    "DupeNum": 0,
    "Source": "Stantec",
    "OrthoUpdated": "Yes",
    "GlobalID": "{23157FBA-50C4-4B33-A687-1298A95A77D3}",
    "created_user": "GIS",
    "created_date": 1600300800000,
    "last_edited_user": "GIS",
    "last_edited_date": 1600300800000,
    "Dewb_Edited": 0,
    "AssetStatus": "Active",
    "AccuracyStatus": "Unknown/Null (accurate = no)",
    "InaccuracyType": null,
    "AccuracyDate": null,
    "AccuracyComments": null,
    "ArchiveProjectName": null,
    "ArchiveReason": null,
    "ArchiveDate": null,
    "ArchiveComments": null,
    "ReplacedAssetID": null,
    "AssociatedInspections": null,
    "FID": null,
    "CreationDate": 1667412663429,
    "Creator": "NLandin_wc",
    "EditDate": 1667942792190,
    "Editor": "NLandin_wc"
   }
  },
  {
   "type": "Feature",
   "id": 682,
   "geometry": {
    "type": "Point",
    "coordinates": [
     -71.10540002801372,
     42.383122892944236
    ]
   },
   "properties": {
    "OBJECTID": 682,
    "Subtype": 0,
    "FacilityID": "SW-CB-01027",
    "InstallDat": null,
    "LifecycleS": " ",
    "WaterType": " ",
    "PlanNum": " ",
    "Owner": " ",
    "Comments": " ",
    "AccessDiam": 0,
    "AccessMate": " ",
    "AccesType": " ",
    "Station": 0,
    "RimElevati": 0,
    "FieldBook": " ",
    "Invert": 0,
    "Plan1": " ",
    "Plan2": " ",
    "Plan3": " ",
    "FeatureID": " ",
    "DupeNum": 0,
    "Source": "Stantec",
    "OrthoUpdated": "Yes",
    "GlobalID": "{47811E26-5FD9-4A1E-A0C6-8E311B9E8C9A}",
    "created_user": "GIS",
    "created_date": 1600300800000,
    "last_edited_user": "GIS",
    "last_edited_date": 1600300800000,
    "Dewb_Edited": 0,
    "AssetStatus": "Active",
    "AccuracyStatus": "Unknown/Null (accurate = no)",
    "InaccuracyType": null,
    "AccuracyDate": null,
    "AccuracyComments": null,
    "ArchiveProjectName": null,
    "ArchiveReason": null,
    "ArchiveDate": null,
    "ArchiveComments": null,
    "ReplacedAssetID": null,
    "AssociatedInspections": null,
    "FID": null,
    "CreationDate": 1667412663429,
    "Creator": "NLandin_wc",
    "EditDate": 1667942792190,
    "Editor": "NLandin_wc"
   }
  },
  {
   "type": "Feature",
   "id": 683,
   "geometry": {
    "type": "Point",
    "coordinates": [
     -71.10024973361807,
     42.38040107029934
    ]
   },
   "properties": {
    "OBJECTID": 683,
    "Subtype": 0,
    "FacilityID": "SW-CB-01086",
    "InstallDat": null,
    "LifecycleS": " ",
    "WaterType": " ",
    "PlanNum": " ",
    "Owner": " ",
    "Comments": " ",
    "AccessDiam": 0,
    "AccessMate": " ",
    "AccesType": " ",
    "Station": 0,
    "RimElevati": 0,
    "FieldBook": " ",
    "Invert": 0,
    "Plan1": " ",
    "Plan2": " ",
    "Plan3": " ",
    "FeatureID": " ",
    "DupeNum": 0,
    "Source": "Stantec",
    "OrthoUpdated": "Yes",
    "GlobalID": "{A59F2D14-BF0A-44FF-A192-AA62B2685D88}",
    "created_user": "GIS",
    "created_date": 1600300800000,
    "last_edited_user": "GIS",
    "last_edited_date": 1600300800000,
    "Dewb_Edited": 0,
    "AssetStatus": "Active",
    "AccuracyStatus": "Unknown/Null (accurate = no)",
    "InaccuracyType": null,
    "AccuracyDate": null,
    "AccuracyComments": null,
    "ArchiveProjectName": null,
    "ArchiveReason": null,
    "ArchiveDate": null,
    "ArchiveComments": null,
    "ReplacedAssetID": null,
    "AssociatedInspections": null,
    "FID": null,
    "CreationDate": 1667412663429,
    "Creator": "NLandin_wc",
    "EditDate": 1667942792190,
    "Editor": "NLandin_wc"
   }
  },
  {
   "type": "Feature",
   "id": 686,
   "geometry": {
    "type": "Point",
    "coordinates": [
     -71.09463987946529,
     42.38787952916654
    ]
   },
   "properties": {
    "OBJECTID": 686,
    "Subtype": 0,
    "FacilityID": "SW-CB-01492",
    "InstallDat": null,
    "LifecycleS": " ",
    "WaterType": " ",
    "PlanNum": " ",
    "Owner": " ",
    "Comments": " ",
    "AccessDiam": 0,
    "AccessMate": " ",
    "AccesType": " ",
    "Station": 0,
    "RimElevati": 0,
    "FieldBook": " ",
    "Invert": 0,
    "Plan1": " ",
    "Plan2": " ",
    "Plan3": " ",
    "FeatureID": " ",
    "DupeNum": 0,
    "Source": "2017 Orthophotography",
    "OrthoUpdated": "Yes",
    "GlobalID": "{B693ABCB-160A-47D3-9223-9B74562DF962}",
    "created_user": "GIS",
    "created_date": 1600300800000,
    "last_edited_user": "GIS",
    "last_edited_date": 1600300800000,
    "Dewb_Edited": 0,
    "AssetStatus": "Active",
    "AccuracyStatus": "Unknown/Null (accurate = no)",
    "InaccuracyType": null,
    "AccuracyDate": null,
    "AccuracyComments": null,
    "ArchiveProjectName": null,
    "ArchiveReason": null,
    "ArchiveDate": null,
    "ArchiveComments": null,
    "ReplacedAssetID": null,
    "AssociatedInspections": null,
    "FID": null,
    "CreationDate": 1667412663429,
    "Creator": "NLandin_wc",
    "EditDate": 1667942792190,
    "Editor": "NLandin_wc"
   }
  },
  {
   "type": "Feature",
   "id": 689,
   "geometry": {
    "type": "Point",
    "coordinates": [
     -71.09385295784725,
     42.38753338172197
    ]
   },
   "properties": {
    "OBJECTID": 689,
    "Subtype": 0,
    "FacilityID": "SW-CB-01493",
    "InstallDat": null,
    "LifecycleS": " ",
    "WaterType": " ",
    "PlanNum": " ",
    "Owner": " ",
    "Comments": " ",
    "AccessDiam": 0,
    "AccessMate": " ",
    "AccesType": " ",
    "Station": 0,
    "RimElevati": 0,
    "FieldBook": " ",
    "Invert": 0,
    "Plan1": " ",
    "Plan2": " ",
    "Plan3": " ",
    "FeatureID": " ",
    "DupeNum": 0,
    "Source": "2017 Orthophotography",
    "OrthoUpdated": "Yes",
    "GlobalID": "{27D6DB3F-20D1-43D9-89D0-87BD9A194CEC}",
    "created_user": "GIS",
    "created_date": 1600300800000,
    "last_edited_user": "GIS",
    "last_edited_date": 1600300800000,
    "Dewb_Edited": 0,
    "AssetStatus": "Active",
    "AccuracyStatus": "Unknown/Null (accurate = no)",
    "InaccuracyType": null,
    "AccuracyDate": null,
    "AccuracyComments": null,
    "ArchiveProjectName": null,
    "ArchiveReason": null,
    "ArchiveDate": null,
    "ArchiveComments": null,
    "ReplacedAssetID": null,
    "AssociatedInspections": null,
    "FID": null,
    "CreationDate": 1667412663429,
    "Creator": "NLandin_wc",
    "EditDate": 1667942792190,
    "Editor": "NLandin_wc"
   }
  },
  {
   "type": "Feature",
   "id": 695,
   "geometry": {
    "type": "Point",
    "coordinates": [
     -71.09411733938079,
     42.39090368628194
    ]
   },
   "properties": {
    "OBJECTID": 695,
    "Subtype": 0,
    "FacilityID": "SW-CB-01508",
    "InstallDat": null,
    "LifecycleS": " ",
    "WaterType": " ",
    "PlanNum": " ",
    "Owner": " ",
    "Comments": " ",
    "AccessDiam": 0,
    "AccessMate": " ",
    "AccesType": " ",
    "Station": 0,
    "RimElevati": 0,
    "FieldBook": " ",
    "Invert": 0,
    "Plan1": " ",
    "Plan2": " ",
    "Plan3": " ",
    "FeatureID": " ",
    "DupeNum": 0,
    "Source": "2017 Orthophotography",
    "OrthoUpdated": "Yes",
    "GlobalID": "{34278488-5401-42B0-B617-9C7F3F39D9FA}",
    "created_user": "GIS",
    "created_date": 1600300800000,
    "last_edited_user": "GIS",
    "last_edited_date": 1600300800000,
    "Dewb_Edited": 0,
    "AssetStatus": "Active",
    "AccuracyStatus": "Unknown/Null (accurate = no)",
    "InaccuracyType": null,
    "AccuracyDate": null,
    "AccuracyComments": null,
    "ArchiveProjectName": null,
    "ArchiveReason": null,
    "ArchiveDate": null,
    "ArchiveComments": null,
    "ReplacedAssetID": null,
    "AssociatedInspections": null,
    "FID": null,
    "CreationDate": 1667412663429,
    "Creator": "NLandin_wc",
    "EditDate": 1667942792190,
    "Editor": "NLandin_wc"
   }
  },
  {
   "type": "Feature",
   "id": 698,
   "geometry": {
    "type": "Point",
    "coordinates": [
     -71.10394280213814,
     42.38037298113639
    ]
   },
   "properties": {
    "OBJECTID": 698,
    "Subtype": 0,
    "FacilityID": "SW-CB-02593",
    "InstallDat": null,
    "LifecycleS": " ",
    "WaterType": " ",
    "PlanNum": " ",
    "Owner": " ",
    "Comments": " ",
    "AccessDiam": 0,
    "AccessMate": " ",
    "AccesType": " ",
    "Station": 0,
    "RimElevati": 0,
    "FieldBook": " ",
    "Invert": 0,
    "Plan1": " ",
    "Plan2": " ",
    "Plan3": " ",
    "FeatureID": " ",
    "DupeNum": 0,
    "Source": "2017 Orthophotography",
    "OrthoUpdated": "Yes",
    "GlobalID": "{033A9C6D-5417-417F-9C81-6EB8C92A85C6}",
    "created_user": "GIS",
    "created_date": 1600300800000,
    "last_edited_user": "GIS",
    "last_edited_date": 1600300800000,
    "Dewb_Edited": 0,
    "AssetStatus": "Active",
    "AccuracyStatus": "Unknown/Null (accurate = no)",
    "InaccuracyType": null,
    "AccuracyDate": null,
    "AccuracyComments": null,
    "ArchiveProjectName": null,
    "ArchiveReason": null,
    "ArchiveDate": null,
    "ArchiveComments": null,
    "ReplacedAssetID": null,
    "AssociatedInspections": null,
    "FID": null,
    "CreationDate": 1667412663429,
    "Creator": "NLandin_wc",
    "EditDate": 1667942792190,
    "Editor": "NLandin_wc"
   }
  },
  {
   "type": "Feature",
   "id": 699,
   "geometry": {
    "type": "Point",
    "coordinates": [
     -71.1006587480837,
     42.38164986305539
    ]
   },
   "properties": {
    "OBJECTID": 699,
    "Subtype": 0,
    "FacilityID": "SW-CB-01079",
    "InstallDat": null,
    "LifecycleS": " ",
    "WaterType": " ",
    "PlanNum": " ",
    "Owner": " ",
    "Comments": " ",
    "AccessDiam": 0,
    "AccessMate": " ",
    "AccesType": " ",
    "Station": 0,
    "RimElevati": 0,
    "FieldBook": " ",
    "Invert": 0,
    "Plan1": " ",
    "Plan2": " ",
    "Plan3": " ",
    "FeatureID": " ",
    "DupeNum": 0,
    "Source": "Stantec",
    "OrthoUpdated": "Yes",
    "GlobalID": "{24B4CA9D-285A-40FF-92EF-D9F85E73D39E}",
    "created_user": "GIS",
    "created_date": 1600300800000,
    "last_edited_user": "GIS",
    "last_edited_date": 1600300800000,
    "Dewb_Edited": 0,
    "AssetStatus": "Active",
    "AccuracyStatus": "Unknown/Null (accurate = no)",
    "InaccuracyType": null,
    "AccuracyDate": null,
    "AccuracyComments": null,
    "ArchiveProjectName": null,
    "ArchiveReason": null,
    "ArchiveDate": null,
    "ArchiveComments": null,
    "ReplacedAssetID": null,
    "AssociatedInspections": null,
    "FID": null,
    "CreationDate": 1667412663429,
    "Creator": "NLandin_wc",
    "EditDate": 1667942792190,
    "Editor": "NLandin_wc"
   }
  },
  {
   "type": "Feature",
   "id": 703,
   "geometry": {
    "type": "Point",
    "coordinates": [
     -71.10913199848584,
     42.385273360269785
    ]
   },
   "properties": {
    "OBJECTID": 703,
    "Subtype": 0,
    "FacilityID": "SW-CB-00949",
    "InstallDat": null,
    "LifecycleS": " ",
    "WaterType": " ",
    "PlanNum": " ",
    "Owner": " ",
    "Comments": " ",
    "AccessDiam": 0,
    "AccessMate": " ",
    "AccesType": " ",
    "Station": 0,
    "RimElevati": 0,
    "FieldBook": " ",
    "Invert": 0,
    "Plan1": " ",
    "Plan2": " ",
    "Plan3": " ",
    "FeatureID": " ",
    "DupeNum": 0,
    "Source": "Stantec",
    "OrthoUpdated": "Yes",
    "GlobalID": "{D8FB7391-3B02-46C0-A00F-45135AA796FF}",
    "created_user": "GIS",
    "created_date": 1600300800000,
    "last_edited_user": "GIS",
    "last_edited_date": 1600300800000,
    "Dewb_Edited": 0,
    "AssetStatus": "Active",
    "AccuracyStatus": "Unknown/Null (accurate = no)",
    "InaccuracyType": null,
    "AccuracyDate": null,
    "AccuracyComments": null,
    "ArchiveProjectName": null,
    "ArchiveReason": null,
    "ArchiveDate": null,
    "ArchiveComments": null,
    "ReplacedAssetID": null,
    "AssociatedInspections": null,
    "FID": null,
    "CreationDate": 1667412663429,
    "Creator": "NLandin_wc",
    "EditDate": 1667942792190,
    "Editor": "NLandin_wc"
   }
  },
  {
   "type": "Feature",
   "id": 723,
   "geometry": {
    "type": "Point",
    "coordinates": [
     -71.10089509345354,
     42.38374471232147
    ]
   },
   "properties": {
    "OBJECTID": 723,
    "Subtype": 0,
    "FacilityID": "SW-CB-01062",
    "InstallDat": null,
    "LifecycleS": " ",
    "WaterType": " ",
    "PlanNum": " ",
    "Owner": " ",
    "Comments": " ",
    "AccessDiam": 0,
    "AccessMate": " ",
    "AccesType": " ",
    "Station": 0,
    "RimElevati": 0,
    "FieldBook": " ",
    "Invert": 0,
    "Plan1": " ",
    "Plan2": " ",
    "Plan3": " ",
    "FeatureID": " ",
    "DupeNum": 0,
    "Source": "Stantec",
    "OrthoUpdated": "Yes",
    "GlobalID": "{B2566385-79E5-4B3C-B90F-6F264ED3769C}",
    "created_user": "GIS",
    "created_date": 1600300800000,
    "last_edited_user": "GIS",
    "last_edited_date": 1600300800000,
    "Dewb_Edited": 0,
    "AssetStatus": "Active",
    "AccuracyStatus": "Unknown/Null (accurate = no)",
    "InaccuracyType": null,
    "AccuracyDate": null,
    "AccuracyComments": null,
    "ArchiveProjectName": null,
    "ArchiveReason": null,
    "ArchiveDate": null,
    "ArchiveComments": null,
    "ReplacedAssetID": null,
    "AssociatedInspections": null,
    "FID": null,
    "CreationDate": 1667412663429,
    "Creator": "NLandin_wc",
    "EditDate": 1667942792190,
    "Editor": "NLandin_wc"
   }
  },
  {
   "type": "Feature",
   "id": 725,
   "geometry": {
    "type": "Point",
    "coordinates": [
     -71.10371009762103,
     42.380347026764476
    ]
   },
   "properties": {
    "OBJECTID": 725,
    "Subtype": 0,
    "FacilityID": "SW-CB-02592",
    "InstallDat": null,
    "LifecycleS": " ",
    "WaterType": " ",
    "PlanNum": " ",
    "Owner": " ",
    "Comments": " ",
    "AccessDiam": 0,
    "AccessMate": " ",
    "AccesType": " ",
    "Station": 0,
    "RimElevati": 0,
    "FieldBook": " ",
    "Invert": 0,
    "Plan1": " ",
    "Plan2": " ",
    "Plan3": " ",
    "FeatureID": " ",
    "DupeNum": 0,
    "Source": "2017 Orthophotography",
    "OrthoUpdated": "Yes",
    "GlobalID": "{F9DFB60B-0B96-4C14-A9C4-7D8889DB0D50}",
    "created_user": "GIS",
    "created_date": 1600300800000,
    "last_edited_user": "GIS",
    "last_edited_date": 1600300800000,
    "Dewb_Edited": 0,
    "AssetStatus": "Active",
    "AccuracyStatus": "Unknown/Null (accurate = no)",
    "InaccuracyType": null,
    "AccuracyDate": null,
    "AccuracyComments": null,
    "ArchiveProjectName": null,
    "ArchiveReason": null,
    "ArchiveDate": null,
    "ArchiveComments": null,
    "ReplacedAssetID": null,
    "AssociatedInspections": null,
    "FID": null,
    "CreationDate": 1667412663429,
    "Creator": "NLandin_wc",
    "EditDate": 1667942792190,
    "Editor": "NLandin_wc"
   }
  },
  {
   "type": "Feature",
   "id": 741,
   "geometry": {
    "type": "Point",
    "coordinates": [
     -71.09795341403806,
     42.38908009346253
    ]
   },
   "properties": {
    "OBJECTID": 741,
    "Subtype": 0,
    "FacilityID": "SW-CB-02724",
    "InstallDat": null,
    "LifecycleS": " ",
    "WaterType": " ",
    "PlanNum": " ",
    "Owner": " ",
    "Comments": " ",
    "AccessDiam": 0,
    "AccessMate": " ",
    "AccesType": " ",
    "Station": 0,
    "RimElevati": 0,
    "FieldBook": " ",
    "Invert": 0,
    "Plan1": " ",
    "Plan2": " ",
    "Plan3": " ",
    "FeatureID": " ",
    "DupeNum": 0,
    "Source": "2017 Orthophotography",
    "OrthoUpdated": "Yes",
    "GlobalID": "{40B7D393-7499-4663-ACE8-7156361D8139}",
    "created_user": "GIS",
    "created_date": 1600300800000,
    "last_edited_user": "GIS",
    "last_edited_date": 1600300800000,
    "Dewb_Edited": 0,
    "AssetStatus": "Active",
    "AccuracyStatus": "Unknown/Null (accurate = no)",
    "InaccuracyType": null,
    "AccuracyDate": null,
    "AccuracyComments": null,
    "ArchiveProjectName": null,
    "ArchiveReason": null,
    "ArchiveDate": null,
    "ArchiveComments": null,
    "ReplacedAssetID": null,
    "AssociatedInspections": null,
    "FID": null,
    "CreationDate": 1667412663429,
    "Creator": "NLandin_wc",
    "EditDate": 1667942792190,
    "Editor": "NLandin_wc"
   }
  },
  {
   "type": "Feature",
   "id": 743,
   "geometry": {
    "type": "Point",
    "coordinates": [
     -71.09776594022242,
     42.38834973223798
    ]
   },
   "properties": {
    "OBJECTID": 743,
    "Subtype": 0,
    "FacilityID": "SW-CB-02748",
    "InstallDat": null,
    "LifecycleS": " ",
    "WaterType": " ",
    "PlanNum": " ",
    "Owner": " ",
    "Comments": " ",
    "AccessDiam": 0,
    "AccessMate": " ",
    "AccesType": " ",
    "Station": 0,
    "RimElevati": 0,
    "FieldBook": " ",
    "Invert": 0,
    "Plan1": " ",
    "Plan2": " ",
    "Plan3": " ",
    "FeatureID": " ",
    "DupeNum": 0,
    "Source": "2017 Orthophotography",
    "OrthoUpdated": "Yes",
    "GlobalID": "{B493817C-79F2-4E0A-996F-C27373B6C405}",
    "created_user": "GIS",
    "created_date": 1600300800000,
    "last_edited_user": "GIS",
    "last_edited_date": 1600300800000,
    "Dewb_Edited": 0,
    "AssetStatus": "Active",
    "AccuracyStatus": "Unknown/Null (accurate = no)",
    "InaccuracyType": null,
    "AccuracyDate": null,
    "AccuracyComments": null,
    "ArchiveProjectName": null,
    "ArchiveReason": null,
    "ArchiveDate": null,
    "ArchiveComments": null,
    "ReplacedAssetID": null,
    "AssociatedInspections": null,
    "FID": null,
    "CreationDate": 1667412663429,
    "Creator": "NLandin_wc",
    "EditDate": 1667942792190,
    "Editor": "NLandin_wc"
   }
  },
  {
   "type": "Feature",
   "id": 746,
   "geometry": {
    "type": "Point",
    "coordinates": [
     -71.10880675090287,
     42.39054309189139
    ]
   },
   "properties": {
    "OBJECTID": 746,
    "Subtype": 0,
    "FacilityID": "SW-CB-02760",
    "InstallDat": null,
    "LifecycleS": " ",
    "WaterType": " ",
    "PlanNum": " ",
    "Owner": " ",
    "Comments": " ",
    "AccessDiam": 0,
    "AccessMate": " ",
    "AccesType": " ",
    "Station": 0,
    "RimElevati": 0,
    "FieldBook": " ",
    "Invert": 0,
    "Plan1": " ",
    "Plan2": " ",
    "Plan3": " ",
    "FeatureID": " ",
    "DupeNum": 0,
    "Source": "2017 Orthophotography",
    "OrthoUpdated": "Yes",
    "GlobalID": "{3F9FFA54-6CD1-4C9A-9A25-85DCD499CEF5}",
    "created_user": "GIS",
    "created_date": 1600300800000,
    "last_edited_user": "GIS",
    "last_edited_date": 1600300800000,
    "Dewb_Edited": 0,
    "AssetStatus": "Active",
    "AccuracyStatus": "Unknown/Null (accurate = no)",
    "InaccuracyType": null,
    "AccuracyDate": null,
    "AccuracyComments": null,
    "ArchiveProjectName": null,
    "ArchiveReason": null,
    "ArchiveDate": null,
    "ArchiveComments": null,
    "ReplacedAssetID": null,
    "AssociatedInspections": null,
    "FID": null,
    "CreationDate": 1667412663429,
    "Creator": "NLandin_wc",
    "EditDate": 1667942792190,
    "Editor": "NLandin_wc"
   }
  },
  {
   "type": "Feature",
   "id": 748,
   "geometry": {
    "type": "Point",
    "coordinates": [
     -71.10880119724213,
     42.39048495352933
    ]
   },
   "properties": {
    "OBJECTID": 748,
    "Subtype": 0,
    "FacilityID": "SW-CB-02759",
    "InstallDat": null,
    "LifecycleS": " ",
    "WaterType": " ",
    "PlanNum": " ",
    "Owner": " ",
    "Comments": " ",
    "AccessDiam": 0,
    "AccessMate": " ",
    "AccesType": " ",
    "Station": 0,
    "RimElevati": 0,
    "FieldBook": " ",
    "Invert": 0,
    "Plan1": " ",
    "Plan2": " ",
    "Plan3": " ",
    "FeatureID": " ",
    "DupeNum": 0,
    "Source": "2017 Orthophotography",
    "OrthoUpdated": "Yes",
    "GlobalID": "{95CD860C-EE05-428B-8E2F-128C5D5AF8AD}",
    "created_user": "GIS",
    "created_date": 1600300800000,
    "last_edited_user": "GIS",
    "last_edited_date": 1600300800000,
    "Dewb_Edited": 0,
    "AssetStatus": "Active",
    "AccuracyStatus": "Unknown/Null (accurate = no)",
    "InaccuracyType": null,
    "AccuracyDate": null,
    "AccuracyComments": null,
    "ArchiveProjectName": null,
    "ArchiveReason": null,
    "ArchiveDate": null,
    "ArchiveComments": null,
    "ReplacedAssetID": null,
    "AssociatedInspections": null,
    "FID": null,
    "CreationDate": 1667412663429,
    "Creator": "NLandin_wc",
    "EditDate": 1667942792190,
    "Editor": "NLandin_wc"
   }
  },
  {
   "type": "Feature",
   "id": 771,
   "geometry": {
    "type": "Point",
    "coordinates": [
     -71.10464452614174,
     42.38049020524052
    ]
   },
   "properties": {
    "OBJECTID": 771,
    "Subtype": 0,
    "FacilityID": "SW-CB-02580",
    "InstallDat": null,
    "LifecycleS": " ",
    "WaterType": " ",
    "PlanNum": " ",
    "Owner": " ",
    "Comments": " ",
    "AccessDiam": 0,
    "AccessMate": " ",
    "AccesType": " ",
    "Station": 0,
    "RimElevati": 0,
    "FieldBook": " ",
    "Invert": 0,
    "Plan1": " ",
    "Plan2": " ",
    "Plan3": " ",
    "FeatureID": " ",
    "DupeNum": 0,
    "Source": "2017 Orthophotography",
    "OrthoUpdated": "Yes",
    "GlobalID": "{54737799-3B16-46CC-92E9-0531FE2CE351}",
    "created_user": "GIS",
    "created_date": 1600300800000,
    "last_edited_user": "GIS",
    "last_edited_date": 1600300800000,
    "Dewb_Edited": 0,
    "AssetStatus": "Active",
    "AccuracyStatus": "Unknown/Null (accurate = no)",
    "InaccuracyType": null,
    "AccuracyDate": null,
    "AccuracyComments": null,
    "ArchiveProjectName": null,
    "ArchiveReason": null,
    "ArchiveDate": null,
    "ArchiveComments": null,
    "ReplacedAssetID": null,
    "AssociatedInspections": null,
    "FID": null,
    "CreationDate": 1667412663429,
    "Creator": "NLandin_wc",
    "EditDate": 1667942792190,
    "Editor": "NLandin_wc"
   }
  },
  {
   "type": "Feature",
   "id": 779,
   "geometry": {
    "type": "Point",
    "coordinates": [
     -71.10270466607044,
     42.38230369754962
    ]
   },
   "properties": {
    "OBJECTID": 779,
    "Subtype": 0,
    "FacilityID": "SW-CB-01051",
    "InstallDat": null,
    "LifecycleS": " ",
    "WaterType": " ",
    "PlanNum": " ",
    "Owner": " ",
    "Comments": " ",
    "AccessDiam": 0,
    "AccessMate": " ",
    "AccesType": " ",
    "Station": 0,
    "RimElevati": 0,
    "FieldBook": " ",
    "Invert": 0,
    "Plan1": " ",
    "Plan2": " ",
    "Plan3": " ",
    "FeatureID": " ",
    "DupeNum": 0,
    "Source": "Stantec",
    "OrthoUpdated": "Yes",
    "GlobalID": "{5E4DD479-8656-492D-A3C9-A0C415DFC88F}",
    "created_user": "GIS",
    "created_date": 1600300800000,
    "last_edited_user": "GIS",
    "last_edited_date": 1600300800000,
    "Dewb_Edited": 0,
    "AssetStatus": "Active",
    "AccuracyStatus": "Unknown/Null (accurate = no)",
    "InaccuracyType": null,
    "AccuracyDate": null,
    "AccuracyComments": null,
    "ArchiveProjectName": null,
    "ArchiveReason": null,
    "ArchiveDate": null,
    "ArchiveComments": null,
    "ReplacedAssetID": null,
    "AssociatedInspections": null,
    "FID": null,
    "CreationDate": 1667412663429,
    "Creator": "NLandin_wc",
    "EditDate": 1667942792190,
    "Editor": "NLandin_wc"
   }
  },
  {
   "type": "Feature",
   "id": 783,
   "geometry": {
    "type": "Point",
    "coordinates": [
     -71.10640901416438,
     42.3911495528327
    ]
   },
   "properties": {
    "OBJECTID": 783,
    "Subtype": 0,
    "FacilityID": "SW-CB-00536",
    "InstallDat": 325987200000,
    "LifecycleS": "Proposed",
    "WaterType": "Storm",
    "PlanNum": "TB-038",
    "Owner": "Somerv",
    "Comments": " ",
    "AccessDiam": 9999,
    "AccessMate": "Unk",
    "AccesType": "Unk",
    "Station": 9999,
    "RimElevati": 9999,
    "FieldBook": " ",
    "Invert": 9999,
    "Plan1": "TB-038",
    "Plan2": " ",
    "Plan3": " ",
    "FeatureID": "CB-SD-537",
    "DupeNum": 1,
    "Source": "Original City Data",
    "OrthoUpdated": "Yes",
    "GlobalID": "{6BE2ADE8-B2CB-44A5-AC26-B79674F6B46E}",
    "created_user": "GIS",
    "created_date": 1600300800000,
    "last_edited_user": "GIS",
    "last_edited_date": 1600300800000,
    "Dewb_Edited": 0,
    "AssetStatus": "Active",
    "AccuracyStatus": "Unknown/Null (accurate = no)",
    "InaccuracyType": null,
    "AccuracyDate": null,
    "AccuracyComments": null,
    "ArchiveProjectName": null,
    "ArchiveReason": null,
    "ArchiveDate": null,
    "ArchiveComments": null,
    "ReplacedAssetID": null,
    "AssociatedInspections": null,
    "FID": null,
    "CreationDate": 1667412663429,
    "Creator": "NLandin_wc",
    "EditDate": 1667942792190,
    "Editor": "NLandin_wc"
   }
  },
  {
   "type": "Feature",
   "id": 784,
   "geometry": {
    "type": "Point",
    "coordinates": [
     -71.10865908751536,
     42.39047703847334
    ]
   },
   "properties": {
    "OBJECTID": 784,
    "Subtype": 0,
    "FacilityID": "SW-CB-02758",
    "InstallDat": null,
    "LifecycleS": " ",
    "WaterType": " ",
    "PlanNum": " ",
    "Owner": " ",
    "Comments": " ",
    "AccessDiam": 0,
    "AccessMate": " ",
    "AccesType": " ",
    "Station": 0,
    "RimElevati": 0,
    "FieldBook": " ",
    "Invert": 0,
    "Plan1": " ",
    "Plan2": " ",
    "Plan3": " ",
    "FeatureID": " ",
    "DupeNum": 0,
    "Source": "2017 Orthophotography",
    "OrthoUpdated": "Yes",
    "GlobalID": "{E5373CF9-6477-4CBB-8D7A-B65D0DC071D2}",
    "created_user": "GIS",
    "created_date": 1600300800000,
    "last_edited_user": "GIS",
    "last_edited_date": 1600300800000,
    "Dewb_Edited": 0,
    "AssetStatus": "Active",
    "AccuracyStatus": "Unknown/Null (accurate = no)",
    "InaccuracyType": null,
    "AccuracyDate": null,
    "AccuracyComments": null,
    "ArchiveProjectName": null,
    "ArchiveReason": null,
    "ArchiveDate": null,
    "ArchiveComments": null,
    "ReplacedAssetID": null,
    "AssociatedInspections": null,
    "FID": null,
    "CreationDate": 1667412663429,
    "Creator": "NLandin_wc",
    "EditDate": 1667942792190,
    "Editor": "NLandin_wc"
   }
  },
  {
   "type": "Feature",
   "id": 785,
   "geometry": {
    "type": "Point",
    "coordinates": [
     -71.10386384297996,
     42.38956792280067
    ]
   },
   "properties": {
    "OBJECTID": 785,
    "Subtype": 0,
    "FacilityID": "SW-CB-00494",
    "InstallDat": 253392451200000,
    "LifecycleS": "Active",
    "WaterType": "Storm",
    "PlanNum": "TB-048",
    "Owner": "Somerv",
    "Comments": "DRAIN STRUCTURE",
    "AccessDiam": 9999,
    "AccessMate": "Unk",
    "AccesType": "Unk",
    "Station": 9999,
    "RimElevati": 82.91,
    "FieldBook": " ",
    "Invert": 9999,
    "Plan1": "TB-048",
    "Plan2": " ",
    "Plan3": " ",
    "FeatureID": "CB-SD-495",
    "DupeNum": 1,
    "Source": "Original City Data",
    "OrthoUpdated": "Yes",
    "GlobalID": "{52CC10D4-FBC9-4679-BA26-9A7F469D1B0F}",
    "created_user": "GIS",
    "created_date": 1600300800000,
    "last_edited_user": "GIS",
    "last_edited_date": 1600300800000,
    "Dewb_Edited": 0,
    "AssetStatus": "Active",
    "AccuracyStatus": "Unknown/Null (accurate = no)",
    "InaccuracyType": null,
    "AccuracyDate": null,
    "AccuracyComments": null,
    "ArchiveProjectName": null,
    "ArchiveReason": null,
    "ArchiveDate": null,
    "ArchiveComments": null,
    "ReplacedAssetID": null,
    "AssociatedInspections": null,
    "FID": null,
    "CreationDate": 1667412663429,
    "Creator": "NLandin_wc",
    "EditDate": 1667942792190,
    "Editor": "NLandin_wc"
   }
  },
  {
   "type": "Feature",
   "id": 797,
   "geometry": {
    "type": "Point",
    "coordinates": [
     -71.10593267058069,
     42.38029901641614
    ]
   },
   "properties": {
    "OBJECTID": 797,
    "Subtype": 0,
    "FacilityID": "SW-CB-02571",
    "InstallDat": null,
    "LifecycleS": " ",
    "WaterType": " ",
    "PlanNum": " ",
    "Owner": " ",
    "Comments": " ",
    "AccessDiam": 0,
    "AccessMate": " ",
    "AccesType": " ",
    "Station": 0,
    "RimElevati": 0,
    "FieldBook": " ",
    "Invert": 0,
    "Plan1": " ",
    "Plan2": " ",
    "Plan3": " ",
    "FeatureID": " ",
    "DupeNum": 0,
    "Source": "2017 Orthophotography",
    "OrthoUpdated": "Yes",
    "GlobalID": "{8EA43FDF-3913-467F-A22D-430097DB0D50}",
    "created_user": "GIS",
    "created_date": 1600300800000,
    "last_edited_user": "GIS",
    "last_edited_date": 1600300800000,
    "Dewb_Edited": 0,
    "AssetStatus": "Active",
    "AccuracyStatus": "Unknown/Null (accurate = no)",
    "InaccuracyType": null,
    "AccuracyDate": null,
    "AccuracyComments": null,
    "ArchiveProjectName": null,
    "ArchiveReason": null,
    "ArchiveDate": null,
    "ArchiveComments": null,
    "ReplacedAssetID": null,
    "AssociatedInspections": null,
    "FID": null,
    "CreationDate": 1667412663429,
    "Creator": "NLandin_wc",
    "EditDate": 1667942792190,
    "Editor": "NLandin_wc"
   }
  },
  {
   "type": "Feature",
   "id": 803,
   "geometry": {
    "type": "Point",
    "coordinates": [
     -71.09873304944226,
     42.38339303894161
    ]
   },
   "properties": {
    "OBJECTID": 803,
    "Subtype": 0,
    "FacilityID": "SW-CB-00736",
    "InstallDat": null,
    "LifecycleS": " ",
    "WaterType": " ",
    "PlanNum": " ",
    "Owner": " ",
    "Comments": " ",
    "AccessDiam": 0,
    "AccessMate": " ",
    "AccesType": " ",
    "Station": 0,
    "RimElevati": 0,
    "FieldBook": " ",
    "Invert": 0,
    "Plan1": " ",
    "Plan2": " ",
    "Plan3": " ",
    "FeatureID": " ",
    "DupeNum": 0,
    "Source": "Stantec",
    "OrthoUpdated": "Yes",
    "GlobalID": "{F98F5A86-0D4C-415A-AB6F-9FDC1F9467A1}",
    "created_user": "GIS",
    "created_date": 1600300800000,
    "last_edited_user": "GIS",
    "last_edited_date": 1600300800000,
    "Dewb_Edited": 0,
    "AssetStatus": "Active",
    "AccuracyStatus": "Unknown/Null (accurate = no)",
    "InaccuracyType": null,
    "AccuracyDate": null,
    "AccuracyComments": null,
    "ArchiveProjectName": null,
    "ArchiveReason": null,
    "ArchiveDate": null,
    "ArchiveComments": null,
    "ReplacedAssetID": null,
    "AssociatedInspections": null,
    "FID": null,
    "CreationDate": 1667412663429,
    "Creator": "NLandin_wc",
    "EditDate": 1667942792190,
    "Editor": "NLandin_wc"
   }
  },
  {
   "type": "Feature",
   "id": 806,
   "geometry": {
    "type": "Point",
    "coordinates": [
     -71.09723252006741,
     42.381213452593116
    ]
   },
   "properties": {
    "OBJECTID": 806,
    "Subtype": 0,
    "FacilityID": "SW-CB-00719",
    "InstallDat": null,
    "LifecycleS": " ",
    "WaterType": " ",
    "PlanNum": " ",
    "Owner": " ",
    "Comments": " ",
    "AccessDiam": 0,
    "AccessMate": " ",
    "AccesType": " ",
    "Station": 0,
    "RimElevati": 0,
    "FieldBook": " ",
    "Invert": 0,
    "Plan1": " ",
    "Plan2": " ",
    "Plan3": " ",
    "FeatureID": " ",
    "DupeNum": 0,
    "Source": "Stantec",
    "OrthoUpdated": "Yes",
    "GlobalID": "{6681DCAA-8630-4AFB-9586-DD9B17A73311}",
    "created_user": "GIS",
    "created_date": 1600300800000,
    "last_edited_user": "GIS",
    "last_edited_date": 1600300800000,
    "Dewb_Edited": 0,
    "AssetStatus": "Active",
    "AccuracyStatus": "Unknown/Null (accurate = no)",
    "InaccuracyType": null,
    "AccuracyDate": null,
    "AccuracyComments": null,
    "ArchiveProjectName": null,
    "ArchiveReason": null,
    "ArchiveDate": null,
    "ArchiveComments": null,
    "ReplacedAssetID": null,
    "AssociatedInspections": null,
    "FID": null,
    "CreationDate": 1667412663429,
    "Creator": "NLandin_wc",
    "EditDate": 1667942792190,
    "Editor": "NLandin_wc"
   }
  },
  {
   "type": "Feature",
   "id": 807,
   "geometry": {
    "type": "Point",
    "coordinates": [
     -71.1074511138153,
     42.39081957003502
    ]
   },
   "properties": {
    "OBJECTID": 807,
    "Subtype": 0,
    "FacilityID": "SW-CB-00480",
    "InstallDat": 253392451200000,
    "LifecycleS": "Active",
    "WaterType": "Storm",
    "PlanNum": "TB-045",
    "Owner": "Somerv",
    "Comments": " ",
    "AccessDiam": 9999,
    "AccessMate": "Unk",
    "AccesType": "Unk",
    "Station": 9999,
    "RimElevati": 9999,
    "FieldBook": " ",
    "Invert": 9999,
    "Plan1": "TB-045",
    "Plan2": " ",
    "Plan3": " ",
    "FeatureID": "CB-SD-481",
    "DupeNum": 1,
    "Source": "Original City Data",
    "OrthoUpdated": "Yes",
    "GlobalID": "{310A3670-574A-423E-97D9-9DA716E1F89C}",
    "created_user": "GIS",
    "created_date": 1600300800000,
    "last_edited_user": "GIS",
    "last_edited_date": 1600300800000,
    "Dewb_Edited": 0,
    "AssetStatus": "Active",
    "AccuracyStatus": "Unknown/Null (accurate = no)",
    "InaccuracyType": null,
    "AccuracyDate": null,
    "AccuracyComments": null,
    "ArchiveProjectName": null,
    "ArchiveReason": null,
    "ArchiveDate": null,
    "ArchiveComments": null,
    "ReplacedAssetID": null,
    "AssociatedInspections": null,
    "FID": null,
    "CreationDate": 1667412663429,
    "Creator": "NLandin_wc",
    "EditDate": 1667942792190,
    "Editor": "NLandin_wc"
   }
  },
  {
   "type": "Feature",
   "id": 811,
   "geometry": {
    "type": "Point",
    "coordinates": [
     -71.09913936085763,
     42.38447826697164
    ]
   },
   "properties": {
    "OBJECTID": 811,
    "Subtype": 0,
    "FacilityID": "SW-CB-00743",
    "InstallDat": null,
    "LifecycleS": " ",
    "WaterType": " ",
    "PlanNum": " ",
    "Owner": " ",
    "Comments": " ",
    "AccessDiam": 0,
    "AccessMate": " ",
    "AccesType": " ",
    "Station": 0,
    "RimElevati": 0,
    "FieldBook": " ",
    "Invert": 0,
    "Plan1": " ",
    "Plan2": " ",
    "Plan3": " ",
    "FeatureID": " ",
    "DupeNum": 0,
    "Source": "Stantec",
    "OrthoUpdated": "Yes",
    "GlobalID": "{0A4A7A49-E3D2-4349-B3B1-FBB007BF24D3}",
    "created_user": "GIS",
    "created_date": 1600300800000,
    "last_edited_user": "GIS",
    "last_edited_date": 1600300800000,
    "Dewb_Edited": 0,
    "AssetStatus": "Active",
    "AccuracyStatus": "Unknown/Null (accurate = no)",
    "InaccuracyType": null,
    "AccuracyDate": null,
    "AccuracyComments": null,
    "ArchiveProjectName": null,
    "ArchiveReason": null,
    "ArchiveDate": null,
    "ArchiveComments": null,
    "ReplacedAssetID": null,
    "AssociatedInspections": null,
    "FID": null,
    "CreationDate": 1667412663429,
    "Creator": "NLandin_wc",
    "EditDate": 1667942792190,
    "Editor": "NLandin_wc"
   }
  },
  {
   "type": "Feature",
   "id": 814,
   "geometry": {
    "type": "Point",
    "coordinates": [
     -71.09834224336767,
     42.38925867202652
    ]
   },
   "properties": {
    "OBJECTID": 814,
    "Subtype": 0,
    "FacilityID": "SW-CB-02725",
    "InstallDat": null,
    "LifecycleS": " ",
    "WaterType": " ",
    "PlanNum": " ",
    "Owner": " ",
    "Comments": " ",
    "AccessDiam": 0,
    "AccessMate": " ",
    "AccesType": " ",
    "Station": 0,
    "RimElevati": 0,
    "FieldBook": " ",
    "Invert": 0,
    "Plan1": " ",
    "Plan2": " ",
    "Plan3": " ",
    "FeatureID": " ",
    "DupeNum": 0,
    "Source": "2017 Orthophotography",
    "OrthoUpdated": "Yes",
    "GlobalID": "{53387C9C-1ED0-4866-A475-FB992A963DEF}",
    "created_user": "GIS",
    "created_date": 1600300800000,
    "last_edited_user": "GIS",
    "last_edited_date": 1600300800000,
    "Dewb_Edited": 0,
    "AssetStatus": "Active",
    "AccuracyStatus": "Unknown/Null (accurate = no)",
    "InaccuracyType": null,
    "AccuracyDate": null,
    "AccuracyComments": null,
    "ArchiveProjectName": null,
    "ArchiveReason": null,
    "ArchiveDate": null,
    "ArchiveComments": null,
    "ReplacedAssetID": null,
    "AssociatedInspections": null,
    "FID": null,
    "CreationDate": 1667412663429,
    "Creator": "NLandin_wc",
    "EditDate": 1667942792190,
    "Editor": "NLandin_wc"
   }
  },
  {
   "type": "Feature",
   "id": 822,
   "geometry": {
    "type": "Point",
    "coordinates": [
     -71.10273897295721,
     42.38441944962643
    ]
   },
   "properties": {
    "OBJECTID": 822,
    "Subtype": 0,
    "FacilityID": "SW-CB-01068",
    "InstallDat": null,
    "LifecycleS": " ",
    "WaterType": " ",
    "PlanNum": " ",
    "Owner": " ",
    "Comments": " ",
    "AccessDiam": 0,
    "AccessMate": " ",
    "AccesType": " ",
    "Station": 0,
    "RimElevati": 0,
    "FieldBook": " ",
    "Invert": 0,
    "Plan1": " ",
    "Plan2": " ",
    "Plan3": " ",
    "FeatureID": " ",
    "DupeNum": 0,
    "Source": "Stantec",
    "OrthoUpdated": "Yes",
    "GlobalID": "{8C2712EF-268E-4634-9C9C-6AE02B9AD1A2}",
    "created_user": "GIS",
    "created_date": 1600300800000,
    "last_edited_user": "GIS",
    "last_edited_date": 1600300800000,
    "Dewb_Edited": 0,
    "AssetStatus": "Active",
    "AccuracyStatus": "Unknown/Null (accurate = no)",
    "InaccuracyType": null,
    "AccuracyDate": null,
    "AccuracyComments": null,
    "ArchiveProjectName": null,
    "ArchiveReason": null,
    "ArchiveDate": null,
    "ArchiveComments": null,
    "ReplacedAssetID": null,
    "AssociatedInspections": null,
    "FID": null,
    "CreationDate": 1667412663429,
    "Creator": "NLandin_wc",
    "EditDate": 1667942792190,
    "Editor": "NLandin_wc"
   }
  },
  {
   "type": "Feature",
   "id": 835,
   "geometry": {
    "type": "Point",
    "coordinates": [
     -71.1044815572067,
     42.38815164779843
    ]
   },
   "properties": {
    "OBJECTID": 835,
    "Subtype": 0,
    "FacilityID": "SW-CB-01013",
    "InstallDat": null,
    "LifecycleS": " ",
    "WaterType": " ",
    "PlanNum": " ",
    "Owner": " ",
    "Comments": " ",
    "AccessDiam": 0,
    "AccessMate": " ",
    "AccesType": " ",
    "Station": 0,
    "RimElevati": 0,
    "FieldBook": " ",
    "Invert": 0,
    "Plan1": " ",
    "Plan2": " ",
    "Plan3": " ",
    "FeatureID": " ",
    "DupeNum": 0,
    "Source": "Stantec",
    "OrthoUpdated": "Yes",
    "GlobalID": "{979BD9D8-0BE2-41E7-AF81-5BC98347C6DA}",
    "created_user": "GIS",
    "created_date": 1600300800000,
    "last_edited_user": "GIS",
    "last_edited_date": 1600300800000,
    "Dewb_Edited": 0,
    "AssetStatus": "Active",
    "AccuracyStatus": "Unknown/Null (accurate = no)",
    "InaccuracyType": null,
    "AccuracyDate": null,
    "AccuracyComments": null,
    "ArchiveProjectName": null,
    "ArchiveReason": null,
    "ArchiveDate": null,
    "ArchiveComments": null,
    "ReplacedAssetID": null,
    "AssociatedInspections": null,
    "FID": null,
    "CreationDate": 1667412663429,
    "Creator": "NLandin_wc",
    "EditDate": 1667942792190,
    "Editor": "NLandin_wc"
   }
  },
  {
   "type": "Feature",
   "id": 843,
   "geometry": {
    "type": "Point",
    "coordinates": [
     -71.10493272639042,
     42.382835025256696
    ]
   },
   "properties": {
    "OBJECTID": 843,
    "Subtype": 0,
    "FacilityID": "SW-CB-01037",
    "InstallDat": null,
    "LifecycleS": " ",
    "WaterType": " ",
    "PlanNum": " ",
    "Owner": " ",
    "Comments": " ",
    "AccessDiam": 0,
    "AccessMate": " ",
    "AccesType": " ",
    "Station": 0,
    "RimElevati": 0,
    "FieldBook": " ",
    "Invert": 0,
    "Plan1": " ",
    "Plan2": " ",
    "Plan3": " ",
    "FeatureID": " ",
    "DupeNum": 0,
    "Source": "Stantec",
    "OrthoUpdated": "Yes",
    "GlobalID": "{307B1392-7DD4-471E-994E-FCAF4BDAEEA7}",
    "created_user": "GIS",
    "created_date": 1600300800000,
    "last_edited_user": "GIS",
    "last_edited_date": 1600300800000,
    "Dewb_Edited": 0,
    "AssetStatus": "Active",
    "AccuracyStatus": "Unknown/Null (accurate = no)",
    "InaccuracyType": null,
    "AccuracyDate": null,
    "AccuracyComments": null,
    "ArchiveProjectName": null,
    "ArchiveReason": null,
    "ArchiveDate": null,
    "ArchiveComments": null,
    "ReplacedAssetID": null,
    "AssociatedInspections": null,
    "FID": null,
    "CreationDate": 1667412663429,
    "Creator": "NLandin_wc",
    "EditDate": 1667942792190,
    "Editor": "NLandin_wc"
   }
  },
  {
   "type": "Feature",
   "id": 852,
   "geometry": {
    "type": "Point",
    "coordinates": [
     -71.1012287891726,
     42.38387975233103
    ]
   },
   "properties": {
    "OBJECTID": 852,
    "Subtype": 0,
    "FacilityID": "SW-CB-01064",
    "InstallDat": null,
    "LifecycleS": " ",
    "WaterType": " ",
    "PlanNum": " ",
    "Owner": " ",
    "Comments": " ",
    "AccessDiam": 0,
    "AccessMate": " ",
    "AccesType": " ",
    "Station": 0,
    "RimElevati": 0,
    "FieldBook": " ",
    "Invert": 0,
    "Plan1": " ",
    "Plan2": " ",
    "Plan3": " ",
    "FeatureID": " ",
    "DupeNum": 0,
    "Source": "Stantec",
    "OrthoUpdated": "Yes",
    "GlobalID": "{23333AC8-168E-41D3-BE14-3F45411EDA80}",
    "created_user": "GIS",
    "created_date": 1600300800000,
    "last_edited_user": "GIS",
    "last_edited_date": 1600300800000,
    "Dewb_Edited": 0,
    "AssetStatus": "Active",
    "AccuracyStatus": "Unknown/Null (accurate = no)",
    "InaccuracyType": null,
    "AccuracyDate": null,
    "AccuracyComments": null,
    "ArchiveProjectName": null,
    "ArchiveReason": null,
    "ArchiveDate": null,
    "ArchiveComments": null,
    "ReplacedAssetID": null,
    "AssociatedInspections": null,
    "FID": null,
    "CreationDate": 1667412663429,
    "Creator": "NLandin_wc",
    "EditDate": 1667942792190,
    "Editor": "NLandin_wc"
   }
  },
  {
   "type": "Feature",
   "id": 861,
   "geometry": {
    "type": "Point",
    "coordinates": [
     -71.09555138938012,
     42.38816221880829
    ]
   },
   "properties": {
    "OBJECTID": 861,
    "Subtype": 0,
    "FacilityID": "SW-CB-01490",
    "InstallDat": null,
    "LifecycleS": " ",
    "WaterType": " ",
    "PlanNum": " ",
    "Owner": " ",
    "Comments": " ",
    "AccessDiam": 0,
    "AccessMate": " ",
    "AccesType": " ",
    "Station": 0,
    "RimElevati": 0,
    "FieldBook": " ",
    "Invert": 0,
    "Plan1": " ",
    "Plan2": " ",
    "Plan3": " ",
    "FeatureID": " ",
    "DupeNum": 0,
    "Source": "2017 Orthophotography",
    "OrthoUpdated": "Yes",
    "GlobalID": "{01FA96C0-B3A0-4E74-8CEC-7A8457F4D7B8}",
    "created_user": "GIS",
    "created_date": 1600300800000,
    "last_edited_user": "GIS",
    "last_edited_date": 1600300800000,
    "Dewb_Edited": 0,
    "AssetStatus": "Active",
    "AccuracyStatus": "Unknown/Null (accurate = no)",
    "InaccuracyType": null,
    "AccuracyDate": null,
    "AccuracyComments": null,
    "ArchiveProjectName": null,
    "ArchiveReason": null,
    "ArchiveDate": null,
    "ArchiveComments": null,
    "ReplacedAssetID": null,
    "AssociatedInspections": null,
    "FID": null,
    "CreationDate": 1667412663429,
    "Creator": "NLandin_wc",
    "EditDate": 1667942792190,
    "Editor": "NLandin_wc"
   }
  },
  {
   "type": "Feature",
   "id": 864,
   "geometry": {
    "type": "Point",
    "coordinates": [
     -71.10349577229024,
     42.38449473918188
    ]
   },
   "properties": {
    "OBJECTID": 864,
    "Subtype": 0,
    "FacilityID": "SW-CB-01019",
    "InstallDat": null,
    "LifecycleS": " ",
    "WaterType": " ",
    "PlanNum": " ",
    "Owner": " ",
    "Comments": " ",
    "AccessDiam": 0,
    "AccessMate": " ",
    "AccesType": " ",
    "Station": 0,
    "RimElevati": 0,
    "FieldBook": " ",
    "Invert": 0,
    "Plan1": " ",
    "Plan2": " ",
    "Plan3": " ",
    "FeatureID": " ",
    "DupeNum": 0,
    "Source": "Stantec",
    "OrthoUpdated": "Yes",
    "GlobalID": "{6F88F399-0EE3-48BA-921E-62EF2A7CC041}",
    "created_user": "GIS",
    "created_date": 1600300800000,
    "last_edited_user": "GIS",
    "last_edited_date": 1600300800000,
    "Dewb_Edited": 0,
    "AssetStatus": "Active",
    "AccuracyStatus": "Unknown/Null (accurate = no)",
    "InaccuracyType": null,
    "AccuracyDate": null,
    "AccuracyComments": null,
    "ArchiveProjectName": null,
    "ArchiveReason": null,
    "ArchiveDate": null,
    "ArchiveComments": null,
    "ReplacedAssetID": null,
    "AssociatedInspections": null,
    "FID": null,
    "CreationDate": 1667412663429,
    "Creator": "NLandin_wc",
    "EditDate": 1667942792190,
    "Editor": "NLandin_wc"
   }
  },
  {
   "type": "Feature",
   "id": 866,
   "geometry": {
    "type": "Point",
    "coordinates": [
     -71.09747990082391,
     42.383506856164814
    ]
   },
   "properties": {
    "OBJECTID": 866,
    "Subtype": 0,
    "FacilityID": "SW-CB-00722",
    "InstallDat": null,
    "LifecycleS": " ",
    "WaterType": " ",
    "PlanNum": " ",
    "Owner": " ",
    "Comments": " ",
    "AccessDiam": 0,
    "AccessMate": " ",
    "AccesType": " ",
    "Station": 0,
    "RimElevati": 0,
    "FieldBook": " ",
    "Invert": 0,
    "Plan1": " ",
    "Plan2": " ",
    "Plan3": " ",
    "FeatureID": " ",
    "DupeNum": 0,
    "Source": "Stantec",
    "OrthoUpdated": "Yes",
    "GlobalID": "{1BDEE47D-66B9-42F2-8D04-401895E68EBB}",
    "created_user": "GIS",
    "created_date": 1600300800000,
    "last_edited_user": "GIS",
    "last_edited_date": 1600300800000,
    "Dewb_Edited": 0,
    "AssetStatus": "Active",
    "AccuracyStatus": "Unknown/Null (accurate = no)",
    "InaccuracyType": null,
    "AccuracyDate": null,
    "AccuracyComments": null,
    "ArchiveProjectName": null,
    "ArchiveReason": null,
    "ArchiveDate": null,
    "ArchiveComments": null,
    "ReplacedAssetID": null,
    "AssociatedInspections": null,
    "FID": null,
    "CreationDate": 1667412663429,
    "Creator": "NLandin_wc",
    "EditDate": 1667942792190,
    "Editor": "NLandin_wc"
   }
  },
  {
   "type": "Feature",
   "id": 877,
   "geometry": {
    "type": "Point",
    "coordinates": [
     -71.1073247230951,
     42.38338706620869
    ]
   },
   "properties": {
    "OBJECTID": 877,
    "Subtype": 0,
    "FacilityID": "SW-CB-00980",
    "InstallDat": null,
    "LifecycleS": " ",
    "WaterType": " ",
    "PlanNum": " ",
    "Owner": " ",
    "Comments": " ",
    "AccessDiam": 0,
    "AccessMate": " ",
    "AccesType": " ",
    "Station": 0,
    "RimElevati": 0,
    "FieldBook": " ",
    "Invert": 0,
    "Plan1": " ",
    "Plan2": " ",
    "Plan3": " ",
    "FeatureID": " ",
    "DupeNum": 0,
    "Source": "Stantec",
    "OrthoUpdated": "Yes",
    "GlobalID": "{ACEF0AD8-D567-48B5-B065-4A857795C617}",
    "created_user": "GIS",
    "created_date": 1600300800000,
    "last_edited_user": "GIS",
    "last_edited_date": 1600300800000,
    "Dewb_Edited": 0,
    "AssetStatus": "Active",
    "AccuracyStatus": "Unknown/Null (accurate = no)",
    "InaccuracyType": null,
    "AccuracyDate": null,
    "AccuracyComments": null,
    "ArchiveProjectName": null,
    "ArchiveReason": null,
    "ArchiveDate": null,
    "ArchiveComments": null,
    "ReplacedAssetID": null,
    "AssociatedInspections": null,
    "FID": null,
    "CreationDate": 1667412663429,
    "Creator": "NLandin_wc",
    "EditDate": 1667942792190,
    "Editor": "NLandin_wc"
   }
  },
  {
   "type": "Feature",
   "id": 881,
   "geometry": {
    "type": "Point",
    "coordinates": [
     -71.10436806555681,
     42.38739181358414
    ]
   },
   "properties": {
    "OBJECTID": 881,
    "Subtype": 0,
    "FacilityID": "SW-CB-01002",
    "InstallDat": null,
    "LifecycleS": " ",
    "WaterType": " ",
    "PlanNum": " ",
    "Owner": " ",
    "Comments": " ",
    "AccessDiam": 0,
    "AccessMate": " ",
    "AccesType": " ",
    "Station": 0,
    "RimElevati": 0,
    "FieldBook": " ",
    "Invert": 0,
    "Plan1": " ",
    "Plan2": " ",
    "Plan3": " ",
    "FeatureID": " ",
    "DupeNum": 0,
    "Source": "Stantec",
    "OrthoUpdated": "Yes",
    "GlobalID": "{11BEC232-2EEA-4B55-8885-6B9FB3A18317}",
    "created_user": "GIS",
    "created_date": 1600300800000,
    "last_edited_user": "GIS",
    "last_edited_date": 1600300800000,
    "Dewb_Edited": 0,
    "AssetStatus": "Active",
    "AccuracyStatus": "Unknown/Null (accurate = no)",
    "InaccuracyType": null,
    "AccuracyDate": null,
    "AccuracyComments": null,
    "ArchiveProjectName": null,
    "ArchiveReason": null,
    "ArchiveDate": null,
    "ArchiveComments": null,
    "ReplacedAssetID": null,
    "AssociatedInspections": null,
    "FID": null,
    "CreationDate": 1667412663429,
    "Creator": "NLandin_wc",
    "EditDate": 1667942792190,
    "Editor": "NLandin_wc"
   }
  },
  {
   "type": "Feature",
   "id": 888,
   "geometry": {
    "type": "Point",
    "coordinates": [
     -71.10192251167132,
     42.38209842109914
    ]
   },
   "properties": {
    "OBJECTID": 888,
    "Subtype": 0,
    "FacilityID": "SW-CB-01055",
    "InstallDat": null,
    "LifecycleS": " ",
    "WaterType": " ",
    "PlanNum": " ",
    "Owner": " ",
    "Comments": " ",
    "AccessDiam": 0,
    "AccessMate": " ",
    "AccesType": " ",
    "Station": 0,
    "RimElevati": 0,
    "FieldBook": " ",
    "Invert": 0,
    "Plan1": " ",
    "Plan2": " ",
    "Plan3": " ",
    "FeatureID": " ",
    "DupeNum": 0,
    "Source": "Stantec",
    "OrthoUpdated": "Yes",
    "GlobalID": "{74A07324-E478-423D-A414-75AB934A7B85}",
    "created_user": "GIS",
    "created_date": 1600300800000,
    "last_edited_user": "GIS",
    "last_edited_date": 1600300800000,
    "Dewb_Edited": 0,
    "AssetStatus": "Active",
    "AccuracyStatus": "Unknown/Null (accurate = no)",
    "InaccuracyType": null,
    "AccuracyDate": null,
    "AccuracyComments": null,
    "ArchiveProjectName": null,
    "ArchiveReason": null,
    "ArchiveDate": null,
    "ArchiveComments": null,
    "ReplacedAssetID": null,
    "AssociatedInspections": null,
    "FID": null,
    "CreationDate": 1667412663429,
    "Creator": "NLandin_wc",
    "EditDate": 1667942792190,
    "Editor": "NLandin_wc"
   }
  },
  {
   "type": "Feature",
   "id": 895,
   "geometry": {
    "type": "Point",
    "coordinates": [
     -71.09912906964072,
     42.38311119923274
    ]
   },
   "properties": {
    "OBJECTID": 895,
    "Subtype": 0,
    "FacilityID": "SW-CB-00739",
    "InstallDat": null,
    "LifecycleS": " ",
    "WaterType": " ",
    "PlanNum": " ",
    "Owner": " ",
    "Comments": " ",
    "AccessDiam": 0,
    "AccessMate": " ",
    "AccesType": " ",
    "Station": 0,
    "RimElevati": 0,
    "FieldBook": " ",
    "Invert": 0,
    "Plan1": " ",
    "Plan2": " ",
    "Plan3": " ",
    "FeatureID": " ",
    "DupeNum": 0,
    "Source": "Stantec",
    "OrthoUpdated": "Yes",
    "GlobalID": "{32E33126-0EC2-441F-AD03-7B9C5664273F}",
    "created_user": "GIS",
    "created_date": 1600300800000,
    "last_edited_user": "GIS",
    "last_edited_date": 1600300800000,
    "Dewb_Edited": 0,
    "AssetStatus": "Active",
    "AccuracyStatus": "Unknown/Null (accurate = no)",
    "InaccuracyType": null,
    "AccuracyDate": null,
    "AccuracyComments": null,
    "ArchiveProjectName": null,
    "ArchiveReason": null,
    "ArchiveDate": null,
    "ArchiveComments": null,
    "ReplacedAssetID": null,
    "AssociatedInspections": null,
    "FID": null,
    "CreationDate": 1667412663429,
    "Creator": "NLandin_wc",
    "EditDate": 1667942792190,
    "Editor": "NLandin_wc"
   }
  },
  {
   "type": "Feature",
   "id": 896,
   "geometry": {
    "type": "Point",
    "coordinates": [
     -71.10123105728644,
     42.38325761211513
    ]
   },
   "properties": {
    "OBJECTID": 896,
    "Subtype": 0,
    "FacilityID": "SW-CB-01060",
    "InstallDat": null,
    "LifecycleS": " ",
    "WaterType": " ",
    "PlanNum": " ",
    "Owner": " ",
    "Comments": " ",
    "AccessDiam": 0,
    "AccessMate": " ",
    "AccesType": " ",
    "Station": 0,
    "RimElevati": 0,
    "FieldBook": " ",
    "Invert": 0,
    "Plan1": " ",
    "Plan2": " ",
    "Plan3": " ",
    "FeatureID": " ",
    "DupeNum": 0,
    "Source": "Stantec",
    "OrthoUpdated": "Yes",
    "GlobalID": "{301D508A-6ABF-4F66-958A-17FD2BADBB7D}",
    "created_user": "GIS",
    "created_date": 1600300800000,
    "last_edited_user": "GIS",
    "last_edited_date": 1600300800000,
    "Dewb_Edited": 0,
    "AssetStatus": "Active",
    "AccuracyStatus": "Unknown/Null (accurate = no)",
    "InaccuracyType": null,
    "AccuracyDate": null,
    "AccuracyComments": null,
    "ArchiveProjectName": null,
    "ArchiveReason": null,
    "ArchiveDate": null,
    "ArchiveComments": null,
    "ReplacedAssetID": null,
    "AssociatedInspections": null,
    "FID": null,
    "CreationDate": 1667412663429,
    "Creator": "NLandin_wc",
    "EditDate": 1667942792190,
    "Editor": "NLandin_wc"
   }
  },
  {
   "type": "Feature",
   "id": 906,
   "geometry": {
    "type": "Point",
    "coordinates": [
     -71.09465345156941,
     42.38776651045275
    ]
   },
   "properties": {
    "OBJECTID": 906,
    "Subtype": 0,
    "FacilityID": "SW-CB-01521",
    "InstallDat": null,
    "LifecycleS": " ",
    "WaterType": " ",
    "PlanNum": " ",
    "Owner": " ",
    "Comments": " ",
    "AccessDiam": 0,
    "AccessMate": " ",
    "AccesType": " ",
    "Station": 0,
    "RimElevati": 0,
    "FieldBook": " ",
    "Invert": 0,
    "Plan1": " ",
    "Plan2": " ",
    "Plan3": " ",
    "FeatureID": " ",
    "DupeNum": 0,
    "Source": "2017 Orthophotography",
    "OrthoUpdated": "Yes",
    "GlobalID": "{FC3043BD-6E53-4950-9F03-4288FC4209B2}",
    "created_user": "GIS",
    "created_date": 1600300800000,
    "last_edited_user": "GIS",
    "last_edited_date": 1600300800000,
    "Dewb_Edited": 0,
    "AssetStatus": "Active",
    "AccuracyStatus": "Unknown/Null (accurate = no)",
    "InaccuracyType": null,
    "AccuracyDate": null,
    "AccuracyComments": null,
    "ArchiveProjectName": null,
    "ArchiveReason": null,
    "ArchiveDate": null,
    "ArchiveComments": null,
    "ReplacedAssetID": null,
    "AssociatedInspections": null,
    "FID": null,
    "CreationDate": 1667412663429,
    "Creator": "NLandin_wc",
    "EditDate": 1667942792190,
    "Editor": "NLandin_wc"
   }
  },
  {
   "type": "Feature",
   "id": 911,
   "geometry": {
    "type": "Point",
    "coordinates": [
     -71.09937348096608,
     42.380534858264404
    ]
   },
   "properties": {
    "OBJECTID": 911,
    "Subtype": 0,
    "FacilityID": "SW-CB-02561",
    "InstallDat": null,
    "LifecycleS": " ",
    "WaterType": " ",
    "PlanNum": " ",
    "Owner": " ",
    "Comments": " ",
    "AccessDiam": 0,
    "AccessMate": " ",
    "AccesType": " ",
    "Station": 0,
    "RimElevati": 0,
    "FieldBook": " ",
    "Invert": 0,
    "Plan1": " ",
    "Plan2": " ",
    "Plan3": " ",
    "FeatureID": " ",
    "DupeNum": 0,
    "Source": "2017 Orthophotography",
    "OrthoUpdated": "Yes",
    "GlobalID": "{948315C5-E83C-40D5-B233-A5334E218D42}",
    "created_user": "GIS",
    "created_date": 1600300800000,
    "last_edited_user": "GIS",
    "last_edited_date": 1600300800000,
    "Dewb_Edited": 0,
    "AssetStatus": "Active",
    "AccuracyStatus": "Unknown/Null (accurate = no)",
    "InaccuracyType": null,
    "AccuracyDate": null,
    "AccuracyComments": null,
    "ArchiveProjectName": null,
    "ArchiveReason": null,
    "ArchiveDate": null,
    "ArchiveComments": null,
    "ReplacedAssetID": null,
    "AssociatedInspections": null,
    "FID": null,
    "CreationDate": 1667412663429,
    "Creator": "NLandin_wc",
    "EditDate": 1667942792190,
    "Editor": "NLandin_wc"
   }
  },
  {
   "type": "Feature",
   "id": 913,
   "geometry": {
    "type": "Point",
    "coordinates": [
     -71.10283082303681,
     42.390674802862236
    ]
   },
   "properties": {
    "OBJECTID": 913,
    "Subtype": 1,
    "FacilityID": "SW-CB-00203",
    "InstallDat": -1356998400000,
    "LifecycleS": "Active",
    "WaterType": "Storm",
    "PlanNum": "MM-8",
    "Owner": "Somerv",
    "Comments": "ASSUMED FROM PLAN TO BE CATCH BASIN - MAY BE OWNED BY B&L R.R. - PLANS GIVE NO PROFILE OR DATA ON STRUCTURES",
    "AccessDiam": 0,
    "AccessMate": "Unk",
    "AccesType": "Unk",
    "Station": 9999,
    "RimElevati": 9999,
    "FieldBook": " ",
    "Invert": 9999,
    "Plan1": "MM-08",
    "Plan2": " ",
    "Plan3": " ",
    "FeatureID": "CB-SD-204",
    "DupeNum": 1,
    "Source": "Original City Data",
    "OrthoUpdated": "Not Visible",
    "GlobalID": "{FCA47313-526C-493E-B17E-5F0977841675}",
    "created_user": "GIS",
    "created_date": 1600300800000,
    "last_edited_user": "GIS",
    "last_edited_date": 1600300800000,
    "Dewb_Edited": 0,
    "AssetStatus": "Active",
    "AccuracyStatus": "Unknown/Null (accurate = no)",
    "InaccuracyType": null,
    "AccuracyDate": null,
    "AccuracyComments": null,
    "ArchiveProjectName": null,
    "ArchiveReason": null,
    "ArchiveDate": null,
    "ArchiveComments": null,
    "ReplacedAssetID": null,
    "AssociatedInspections": null,
    "FID": null,
    "CreationDate": 1667412663429,
    "Creator": "NLandin_wc",
    "EditDate": 1667942792190,
    "Editor": "NLandin_wc"
   }
  },
  {
   "type": "Feature",
   "id": 922,
   "geometry": {
    "type": "Point",
    "coordinates": [
     -71.10652979754734,
     42.38318191088181
    ]
   },
   "properties": {
    "OBJECTID": 922,
    "Subtype": 0,
    "FacilityID": "SW-CB-01031",
    "InstallDat": null,
    "LifecycleS": " ",
    "WaterType": " ",
    "PlanNum": " ",
    "Owner": " ",
    "Comments": " ",
    "AccessDiam": 0,
    "AccessMate": " ",
    "AccesType": " ",
    "Station": 0,
    "RimElevati": 0,
    "FieldBook": " ",
    "Invert": 0,
    "Plan1": " ",
    "Plan2": " ",
    "Plan3": " ",
    "FeatureID": " ",
    "DupeNum": 0,
    "Source": "Stantec",
    "OrthoUpdated": "Yes",
    "GlobalID": "{ABAF6E75-22B6-4FD9-A24A-B301654F60C1}",
    "created_user": "GIS",
    "created_date": 1600300800000,
    "last_edited_user": "GIS",
    "last_edited_date": 1600300800000,
    "Dewb_Edited": 0,
    "AssetStatus": "Active",
    "AccuracyStatus": "Unknown/Null (accurate = no)",
    "InaccuracyType": null,
    "AccuracyDate": null,
    "AccuracyComments": null,
    "ArchiveProjectName": null,
    "ArchiveReason": null,
    "ArchiveDate": null,
    "ArchiveComments": null,
    "ReplacedAssetID": null,
    "AssociatedInspections": null,
    "FID": null,
    "CreationDate": 1667412663429,
    "Creator": "NLandin_wc",
    "EditDate": 1667942792190,
    "Editor": "NLandin_wc"
   }
  },
  {
   "type": "Feature",
   "id": 927,
   "geometry": {
    "type": "Point",
    "coordinates": [
     -71.10036162117997,
     42.38043686809314
    ]
   },
   "properties": {
    "OBJECTID": 927,
    "Subtype": 0,
    "FacilityID": "SW-CB-01085",
    "InstallDat": null,
    "LifecycleS": " ",
    "WaterType": " ",
    "PlanNum": " ",
    "Owner": " ",
    "Comments": " ",
    "AccessDiam": 0,
    "AccessMate": " ",
    "AccesType": " ",
    "Station": 0,
    "RimElevati": 0,
    "FieldBook": " ",
    "Invert": 0,
    "Plan1": " ",
    "Plan2": " ",
    "Plan3": " ",
    "FeatureID": " ",
    "DupeNum": 0,
    "Source": "Stantec",
    "OrthoUpdated": "Yes",
    "GlobalID": "{AA051862-C0D4-4AF2-92C6-E34ECF136B21}",
    "created_user": "GIS",
    "created_date": 1600300800000,
    "last_edited_user": "GIS",
    "last_edited_date": 1600300800000,
    "Dewb_Edited": 0,
    "AssetStatus": "Active",
    "AccuracyStatus": "Unknown/Null (accurate = no)",
    "InaccuracyType": null,
    "AccuracyDate": null,
    "AccuracyComments": null,
    "ArchiveProjectName": null,
    "ArchiveReason": null,
    "ArchiveDate": null,
    "ArchiveComments": null,
    "ReplacedAssetID": null,
    "AssociatedInspections": null,
    "FID": null,
    "CreationDate": 1667412663429,
    "Creator": "NLandin_wc",
    "EditDate": 1667942792190,
    "Editor": "NLandin_wc"
   }
  },
  {
   "type": "Feature",
   "id": 928,
   "geometry": {
    "type": "Point",
    "coordinates": [
     -71.1083275042334,
     42.3817213248771
    ]
   },
   "properties": {
    "OBJECTID": 928,
    "Subtype": 0,
    "FacilityID": "SW-CB-02617",
    "InstallDat": null,
    "LifecycleS": " ",
    "WaterType": " ",
    "PlanNum": " ",
    "Owner": " ",
    "Comments": " ",
    "AccessDiam": 0,
    "AccessMate": " ",
    "AccesType": " ",
    "Station": 0,
    "RimElevati": 0,
    "FieldBook": " ",
    "Invert": 0,
    "Plan1": " ",
    "Plan2": " ",
    "Plan3": " ",
    "FeatureID": " ",
    "DupeNum": 0,
    "Source": "2017 Orthophotography",
    "OrthoUpdated": "Yes",
    "GlobalID": "{7740E6A1-F198-44A9-8AFA-0D8C8784C90E}",
    "created_user": "GIS",
    "created_date": 1600300800000,
    "last_edited_user": "GIS",
    "last_edited_date": 1600300800000,
    "Dewb_Edited": 0,
    "AssetStatus": "Active",
    "AccuracyStatus": "Unknown/Null (accurate = no)",
    "InaccuracyType": null,
    "AccuracyDate": null,
    "AccuracyComments": null,
    "ArchiveProjectName": null,
    "ArchiveReason": null,
    "ArchiveDate": null,
    "ArchiveComments": null,
    "ReplacedAssetID": null,
    "AssociatedInspections": null,
    "FID": null,
    "CreationDate": 1667412663429,
    "Creator": "NLandin_wc",
    "EditDate": 1667942792190,
    "Editor": "NLandin_wc"
   }
  },
  {
   "type": "Feature",
   "id": 936,
   "geometry": {
    "type": "Point",
    "coordinates": [
     -71.09775992898645,
     42.38990806054654
    ]
   },
   "properties": {
    "OBJECTID": 936,
    "Subtype": 0,
    "FacilityID": "SW-CB-02690",
    "InstallDat": null,
    "LifecycleS": " ",
    "WaterType": " ",
    "PlanNum": " ",
    "Owner": " ",
    "Comments": " ",
    "AccessDiam": 0,
    "AccessMate": " ",
    "AccesType": " ",
    "Station": 0,
    "RimElevati": 0,
    "FieldBook": " ",
    "Invert": 0,
    "Plan1": " ",
    "Plan2": " ",
    "Plan3": " ",
    "FeatureID": " ",
    "DupeNum": 0,
    "Source": "2017 Orthophotography",
    "OrthoUpdated": "Yes",
    "GlobalID": "{1819C05B-9513-4E80-B60B-BAD0A11ECA2E}",
    "created_user": "GIS",
    "created_date": 1600300800000,
    "last_edited_user": "GIS",
    "last_edited_date": 1600300800000,
    "Dewb_Edited": 0,
    "AssetStatus": "Active",
    "AccuracyStatus": "Unknown/Null (accurate = no)",
    "InaccuracyType": null,
    "AccuracyDate": null,
    "AccuracyComments": null,
    "ArchiveProjectName": null,
    "ArchiveReason": null,
    "ArchiveDate": null,
    "ArchiveComments": null,
    "ReplacedAssetID": null,
    "AssociatedInspections": null,
    "FID": null,
    "CreationDate": 1667412663429,
    "Creator": "NLandin_wc",
    "EditDate": 1667942792190,
    "Editor": "NLandin_wc"
   }
  },
  {
   "type": "Feature",
   "id": 955,
   "geometry": {
    "type": "Point",
    "coordinates": [
     -71.09873540109974,
     42.38835730082403
    ]
   },
   "properties": {
    "OBJECTID": 955,
    "Subtype": 0,
    "FacilityID": "SW-CB-02816",
    "InstallDat": null,
    "LifecycleS": " ",
    "WaterType": " ",
    "PlanNum": " ",
    "Owner": " ",
    "Comments": " ",
    "AccessDiam": 0,
    "AccessMate": " ",
    "AccesType": " ",
    "Station": 0,
    "RimElevati": 0,
    "FieldBook": " ",
    "Invert": 0,
    "Plan1": " ",
    "Plan2": " ",
    "Plan3": " ",
    "FeatureID": " ",
    "DupeNum": 0,
    "Source": "2017 Orthophotography",
    "OrthoUpdated": "Yes",
    "GlobalID": "{F40101BA-D08A-4DF5-AC79-DF0BCC18D74D}",
    "created_user": "GIS",
    "created_date": 1600300800000,
    "last_edited_user": "GIS",
    "last_edited_date": 1600300800000,
    "Dewb_Edited": 0,
    "AssetStatus": "Active",
    "AccuracyStatus": "Unknown/Null (accurate = no)",
    "InaccuracyType": null,
    "AccuracyDate": null,
    "AccuracyComments": null,
    "ArchiveProjectName": null,
    "ArchiveReason": null,
    "ArchiveDate": null,
    "ArchiveComments": null,
    "ReplacedAssetID": null,
    "AssociatedInspections": null,
    "FID": null,
    "CreationDate": 1667412663429,
    "Creator": "NLandin_wc",
    "EditDate": 1667942792190,
    "Editor": "NLandin_wc"
   }
  },
  {
   "type": "Feature",
   "id": 964,
   "geometry": {
    "type": "Point",
    "coordinates": [
     -71.10226073418092,
     42.390165227712025
    ]
   },
   "properties": {
    "OBJECTID": 964,
    "Subtype": 1,
    "FacilityID": "SW-CB-00206",
    "InstallDat": -1356998400000,
    "LifecycleS": "Active",
    "WaterType": "Storm",
    "PlanNum": "MM-8",
    "Owner": "Somerv",
    "Comments": "ALSO SHOWN ON CENTRAL ST BRIDGE PLANS",
    "AccessDiam": 0,
    "AccessMate": "Unk",
    "AccesType": "Unk",
    "Station": 9999,
    "RimElevati": 9999,
    "FieldBook": " ",
    "Invert": 9999,
    "Plan1": "MM-08",
    "Plan2": " ",
    "Plan3": " ",
    "FeatureID": "CB-SD-207",
    "DupeNum": 1,
    "Source": "Original City Data",
    "OrthoUpdated": "Yes",
    "GlobalID": "{FB49EAE8-5A34-4E23-B339-83D0F252D17C}",
    "created_user": "GIS",
    "created_date": 1600300800000,
    "last_edited_user": "GIS",
    "last_edited_date": 1600300800000,
    "Dewb_Edited": 0,
    "AssetStatus": "Active",
    "AccuracyStatus": "Unknown/Null (accurate = no)",
    "InaccuracyType": null,
    "AccuracyDate": null,
    "AccuracyComments": null,
    "ArchiveProjectName": null,
    "ArchiveReason": null,
    "ArchiveDate": null,
    "ArchiveComments": null,
    "ReplacedAssetID": null,
    "AssociatedInspections": null,
    "FID": null,
    "CreationDate": 1667412663429,
    "Creator": "NLandin_wc",
    "EditDate": 1667942792190,
    "Editor": "NLandin_wc"
   }
  },
  {
   "type": "Feature",
   "id": 975,
   "geometry": {
    "type": "Point",
    "coordinates": [
     -71.101112004973,
     42.380667672658824
    ]
   },
   "properties": {
    "OBJECTID": 975,
    "Subtype": 0,
    "FacilityID": "SW-CB-01084",
    "InstallDat": null,
    "LifecycleS": " ",
    "WaterType": " ",
    "PlanNum": " ",
    "Owner": " ",
    "Comments": " ",
    "AccessDiam": 0,
    "AccessMate": " ",
    "AccesType": " ",
    "Station": 0,
    "RimElevati": 0,
    "FieldBook": " ",
    "Invert": 0,
    "Plan1": " ",
    "Plan2": " ",
    "Plan3": " ",
    "FeatureID": " ",
    "DupeNum": 0,
    "Source": "Stantec",
    "OrthoUpdated": "Yes",
    "GlobalID": "{C4E51A31-AA45-4FA0-9AAB-AFF7CE137299}",
    "created_user": "GIS",
    "created_date": 1600300800000,
    "last_edited_user": "GIS",
    "last_edited_date": 1600300800000,
    "Dewb_Edited": 0,
    "AssetStatus": "Active",
    "AccuracyStatus": "Unknown/Null (accurate = no)",
    "InaccuracyType": null,
    "AccuracyDate": null,
    "AccuracyComments": null,
    "ArchiveProjectName": null,
    "ArchiveReason": null,
    "ArchiveDate": null,
    "ArchiveComments": null,
    "ReplacedAssetID": null,
    "AssociatedInspections": null,
    "FID": null,
    "CreationDate": 1667412663429,
    "Creator": "NLandin_wc",
    "EditDate": 1667942792190,
    "Editor": "NLandin_wc"
   }
  },
  {
   "type": "Feature",
   "id": 977,
   "geometry": {
    "type": "Point",
    "coordinates": [
     -71.09393115516829,
     42.384180545247155
    ]
   },
   "properties": {
    "OBJECTID": 977,
    "Subtype": 0,
    "FacilityID": "SW-CB-01489",
    "InstallDat": null,
    "LifecycleS": " ",
    "WaterType": " ",
    "PlanNum": " ",
    "Owner": " ",
    "Comments": " ",
    "AccessDiam": 0,
    "AccessMate": " ",
    "AccesType": " ",
    "Station": 0,
    "RimElevati": 0,
    "FieldBook": " ",
    "Invert": 0,
    "Plan1": " ",
    "Plan2": " ",
    "Plan3": " ",
    "FeatureID": " ",
    "DupeNum": 0,
    "Source": "2017 Orthophotography",
    "OrthoUpdated": "Yes",
    "GlobalID": "{9682ACD0-815D-4716-BB63-DE3FF638DFCF}",
    "created_user": "GIS",
    "created_date": 1600300800000,
    "last_edited_user": "GIS",
    "last_edited_date": 1600300800000,
    "Dewb_Edited": 0,
    "AssetStatus": "Active",
    "AccuracyStatus": "Unknown/Null (accurate = no)",
    "InaccuracyType": null,
    "AccuracyDate": null,
    "AccuracyComments": null,
    "ArchiveProjectName": null,
    "ArchiveReason": null,
    "ArchiveDate": null,
    "ArchiveComments": null,
    "ReplacedAssetID": null,
    "AssociatedInspections": null,
    "FID": null,
    "CreationDate": 1667412663429,
    "Creator": "NLandin_wc",
    "EditDate": 1667942792190,
    "Editor": "NLandin_wc"
   }
  },
  {
   "type": "Feature",
   "id": 990,
   "geometry": {
    "type": "Point",
    "coordinates": [
     -71.09911216424369,
     42.38962094332219
    ]
   },
   "properties": {
    "OBJECTID": 990,
    "Subtype": 0,
    "FacilityID": "SW-CB-02728",
    "InstallDat": null,
    "LifecycleS": " ",
    "WaterType": " ",
    "PlanNum": " ",
    "Owner": " ",
    "Comments": " ",
    "AccessDiam": 0,
    "AccessMate": " ",
    "AccesType": " ",
    "Station": 0,
    "RimElevati": 0,
    "FieldBook": " ",
    "Invert": 0,
    "Plan1": " ",
    "Plan2": " ",
    "Plan3": " ",
    "FeatureID": " ",
    "DupeNum": 0,
    "Source": "2017 Orthophotography",
    "OrthoUpdated": "Yes",
    "GlobalID": "{94A66F4D-8794-4841-A8E4-067F9E53B9FF}",
    "created_user": "GIS",
    "created_date": 1600300800000,
    "last_edited_user": "GIS",
    "last_edited_date": 1600300800000,
    "Dewb_Edited": 0,
    "AssetStatus": "Active",
    "AccuracyStatus": "Unknown/Null (accurate = no)",
    "InaccuracyType": null,
    "AccuracyDate": null,
    "AccuracyComments": null,
    "ArchiveProjectName": null,
    "ArchiveReason": null,
    "ArchiveDate": null,
    "ArchiveComments": null,
    "ReplacedAssetID": null,
    "AssociatedInspections": null,
    "FID": null,
    "CreationDate": 1667412663429,
    "Creator": "NLandin_wc",
    "EditDate": 1667942792190,
    "Editor": "NLandin_wc"
   }
  },
  {
   "type": "Feature",
   "id": 997,
   "geometry": {
    "type": "Point",
    "coordinates": [
     -71.09580747414333,
     42.382143276596786
    ]
   },
   "properties": {
    "OBJECTID": 997,
    "Subtype": 0,
    "FacilityID": "SW-CB-01099",
    "InstallDat": null,
    "LifecycleS": " ",
    "WaterType": " ",
    "PlanNum": " ",
    "Owner": " ",
    "Comments": " ",
    "AccessDiam": 0,
    "AccessMate": " ",
    "AccesType": " ",
    "Station": 0,
    "RimElevati": 0,
    "FieldBook": " ",
    "Invert": 0,
    "Plan1": " ",
    "Plan2": " ",
    "Plan3": " ",
    "FeatureID": " ",
    "DupeNum": 0,
    "Source": "Stantec",
    "OrthoUpdated": "Yes",
    "GlobalID": "{4E021A14-EFDF-4373-9F56-B81A15C135FF}",
    "created_user": "GIS",
    "created_date": 1600300800000,
    "last_edited_user": "GIS",
    "last_edited_date": 1600300800000,
    "Dewb_Edited": 0,
    "AssetStatus": "Active",
    "AccuracyStatus": "Unknown/Null (accurate = no)",
    "InaccuracyType": null,
    "AccuracyDate": null,
    "AccuracyComments": null,
    "ArchiveProjectName": null,
    "ArchiveReason": null,
    "ArchiveDate": null,
    "ArchiveComments": null,
    "ReplacedAssetID": null,
    "AssociatedInspections": null,
    "FID": null,
    "CreationDate": 1667412663429,
    "Creator": "NLandin_wc",
    "EditDate": 1667942792190,
    "Editor": "NLandin_wc"
   }
  },
  {
   "type": "Feature",
   "id": 1009,
   "geometry": {
    "type": "Point",
    "coordinates": [
     -71.10957527196257,
     42.38285220122564
    ]
   },
   "properties": {
    "OBJECTID": 1009,
    "Subtype": 0,
    "FacilityID": "SW-CB-03570",
    "InstallDat": null,
    "LifecycleS": " ",
    "WaterType": " ",
    "PlanNum": " ",
    "Owner": " ",
    "Comments": " ",
    "AccessDiam": 0,
    "AccessMate": " ",
    "AccesType": " ",
    "Station": 0,
    "RimElevati": 0,
    "FieldBook": " ",
    "Invert": 0,
    "Plan1": " ",
    "Plan2": " ",
    "Plan3": " ",
    "FeatureID": " ",
    "DupeNum": 0,
    "Source": "2017 Orthophotography",
    "OrthoUpdated": "Yes",
    "GlobalID": "{BC997D3E-9EE3-40F3-AC08-A16D2556028D}",
    "created_user": "GIS",
    "created_date": 1600300800000,
    "last_edited_user": "GIS",
    "last_edited_date": 1600300800000,
    "Dewb_Edited": 0,
    "AssetStatus": "Active",
    "AccuracyStatus": "Unknown/Null (accurate = no)",
    "InaccuracyType": null,
    "AccuracyDate": null,
    "AccuracyComments": null,
    "ArchiveProjectName": null,
    "ArchiveReason": null,
    "ArchiveDate": null,
    "ArchiveComments": null,
    "ReplacedAssetID": null,
    "AssociatedInspections": null,
    "FID": null,
    "CreationDate": 1667412663429,
    "Creator": "NLandin_wc",
    "EditDate": 1667942792190,
    "Editor": "NLandin_wc"
   }
  },
  {
   "type": "Feature",
   "id": 1011,
   "geometry": {
    "type": "Point",
    "coordinates": [
     -71.0953865162494,
     42.38140136005808
    ]
   },
   "properties": {
    "OBJECTID": 1011,
    "Subtype": 0,
    "FacilityID": "SW-CB-01102",
    "InstallDat": null,
    "LifecycleS": " ",
    "WaterType": " ",
    "PlanNum": " ",
    "Owner": " ",
    "Comments": " ",
    "AccessDiam": 0,
    "AccessMate": " ",
    "AccesType": " ",
    "Station": 0,
    "RimElevati": 0,
    "FieldBook": " ",
    "Invert": 0,
    "Plan1": " ",
    "Plan2": " ",
    "Plan3": " ",
    "FeatureID": " ",
    "DupeNum": 0,
    "Source": "Stantec",
    "OrthoUpdated": "Yes",
    "GlobalID": "{C9CF96C9-7248-426F-AE05-581E4CD6D455}",
    "created_user": "GIS",
    "created_date": 1600300800000,
    "last_edited_user": "GIS",
    "last_edited_date": 1600300800000,
    "Dewb_Edited": 0,
    "AssetStatus": "Active",
    "AccuracyStatus": "Unknown/Null (accurate = no)",
    "InaccuracyType": null,
    "AccuracyDate": null,
    "AccuracyComments": null,
    "ArchiveProjectName": null,
    "ArchiveReason": null,
    "ArchiveDate": null,
    "ArchiveComments": null,
    "ReplacedAssetID": null,
    "AssociatedInspections": null,
    "FID": null,
    "CreationDate": 1667412663429,
    "Creator": "NLandin_wc",
    "EditDate": 1667942792190,
    "Editor": "NLandin_wc"
   }
  },
  {
   "type": "Feature",
   "id": 1039,
   "geometry": {
    "type": "Point",
    "coordinates": [
     -71.0983782292868,
     42.3839153653032
    ]
   },
   "properties": {
    "OBJECTID": 1039,
    "Subtype": 0,
    "FacilityID": "SW-CB-00733",
    "InstallDat": null,
    "LifecycleS": " ",
    "WaterType": " ",
    "PlanNum": " ",
    "Owner": " ",
    "Comments": " ",
    "AccessDiam": 0,
    "AccessMate": " ",
    "AccesType": " ",
    "Station": 0,
    "RimElevati": 0,
    "FieldBook": " ",
    "Invert": 0,
    "Plan1": " ",
    "Plan2": " ",
    "Plan3": " ",
    "FeatureID": " ",
    "DupeNum": 0,
    "Source": "Stantec",
    "OrthoUpdated": "Yes",
    "GlobalID": "{095B693B-B058-4145-8D82-B8839D1C663D}",
    "created_user": "GIS",
    "created_date": 1600300800000,
    "last_edited_user": "GIS",
    "last_edited_date": 1600300800000,
    "Dewb_Edited": 0,
    "AssetStatus": "Active",
    "AccuracyStatus": "Unknown/Null (accurate = no)",
    "InaccuracyType": null,
    "AccuracyDate": null,
    "AccuracyComments": null,
    "ArchiveProjectName": null,
    "ArchiveReason": null,
    "ArchiveDate": null,
    "ArchiveComments": null,
    "ReplacedAssetID": null,
    "AssociatedInspections": null,
    "FID": null,
    "CreationDate": 1667412663429,
    "Creator": "NLandin_wc",
    "EditDate": 1667942792190,
    "Editor": "NLandin_wc"
   }
  },
  {
   "type": "Feature",
   "id": 1053,
   "geometry": {
    "type": "Point",
    "coordinates": [
     -71.10562639880179,
     42.386190631714925
    ]
   },
   "properties": {
    "OBJECTID": 1053,
    "Subtype": 0,
    "FacilityID": "SW-CB-00994",
    "InstallDat": null,
    "LifecycleS": " ",
    "WaterType": " ",
    "PlanNum": " ",
    "Owner": " ",
    "Comments": " ",
    "AccessDiam": 0,
    "AccessMate": " ",
    "AccesType": " ",
    "Station": 0,
    "RimElevati": 0,
    "FieldBook": " ",
    "Invert": 0,
    "Plan1": " ",
    "Plan2": " ",
    "Plan3": " ",
    "FeatureID": " ",
    "DupeNum": 0,
    "Source": "Stantec",
    "OrthoUpdated": "Yes",
    "GlobalID": "{5B396FF3-2C85-47E7-8FBD-BC5B62CD4A81}",
    "created_user": "GIS",
    "created_date": 1600300800000,
    "last_edited_user": "GIS",
    "last_edited_date": 1600300800000,
    "Dewb_Edited": 0,
    "AssetStatus": "Active",
    "AccuracyStatus": "Unknown/Null (accurate = no)",
    "InaccuracyType": null,
    "AccuracyDate": null,
    "AccuracyComments": null,
    "ArchiveProjectName": null,
    "ArchiveReason": null,
    "ArchiveDate": null,
    "ArchiveComments": null,
    "ReplacedAssetID": null,
    "AssociatedInspections": null,
    "FID": null,
    "CreationDate": 1667412663429,
    "Creator": "NLandin_wc",
    "EditDate": 1667942792190,
    "Editor": "NLandin_wc"
   }
  },
  {
   "type": "Feature",
   "id": 1058,
   "geometry": {
    "type": "Point",
    "coordinates": [
     -71.10530471284412,
     42.3823457627515
    ]
   },
   "properties": {
    "OBJECTID": 1058,
    "Subtype": 0,
    "FacilityID": "SW-CB-02627",
    "InstallDat": null,
    "LifecycleS": " ",
    "WaterType": " ",
    "PlanNum": " ",
    "Owner": " ",
    "Comments": " ",
    "AccessDiam": 0,
    "AccessMate": " ",
    "AccesType": " ",
    "Station": 0,
    "RimElevati": 0,
    "FieldBook": " ",
    "Invert": 0,
    "Plan1": " ",
    "Plan2": " ",
    "Plan3": " ",
    "FeatureID": " ",
    "DupeNum": 0,
    "Source": "2017 Orthophotography",
    "OrthoUpdated": "Yes",
    "GlobalID": "{EADAB79F-AE78-432A-95CA-075149A02FD0}",
    "created_user": "GIS",
    "created_date": 1600300800000,
    "last_edited_user": "GIS",
    "last_edited_date": 1600300800000,
    "Dewb_Edited": 0,
    "AssetStatus": "Active",
    "AccuracyStatus": "Unknown/Null (accurate = no)",
    "InaccuracyType": null,
    "AccuracyDate": null,
    "AccuracyComments": null,
    "ArchiveProjectName": null,
    "ArchiveReason": null,
    "ArchiveDate": null,
    "ArchiveComments": null,
    "ReplacedAssetID": null,
    "AssociatedInspections": null,
    "FID": null,
    "CreationDate": 1667412663429,
    "Creator": "NLandin_wc",
    "EditDate": 1667942792190,
    "Editor": "NLandin_wc"
   }
  },
  {
   "type": "Feature",
   "id": 1066,
   "geometry": {
    "type": "Point",
    "coordinates": [
     -71.10089912323137,
     42.38085560689326
    ]
   },
   "properties": {
    "OBJECTID": 1066,
    "Subtype": 0,
    "FacilityID": "SW-CB-01083",
    "InstallDat": null,
    "LifecycleS": " ",
    "WaterType": " ",
    "PlanNum": " ",
    "Owner": " ",
    "Comments": " ",
    "AccessDiam": 0,
    "AccessMate": " ",
    "AccesType": " ",
    "Station": 0,
    "RimElevati": 0,
    "FieldBook": " ",
    "Invert": 0,
    "Plan1": " ",
    "Plan2": " ",
    "Plan3": " ",
    "FeatureID": " ",
    "DupeNum": 0,
    "Source": "Stantec",
    "OrthoUpdated": "Yes",
    "GlobalID": "{5167EF74-CA18-4584-9009-5CFF5CD7F2C3}",
    "created_user": "GIS",
    "created_date": 1600300800000,
    "last_edited_user": "GIS",
    "last_edited_date": 1600300800000,
    "Dewb_Edited": 0,
    "AssetStatus": "Active",
    "AccuracyStatus": "Unknown/Null (accurate = no)",
    "InaccuracyType": null,
    "AccuracyDate": null,
    "AccuracyComments": null,
    "ArchiveProjectName": null,
    "ArchiveReason": null,
    "ArchiveDate": null,
    "ArchiveComments": null,
    "ReplacedAssetID": null,
    "AssociatedInspections": null,
    "FID": null,
    "CreationDate": 1667412663429,
    "Creator": "NLandin_wc",
    "EditDate": 1667942792190,
    "Editor": "NLandin_wc"
   }
  },
  {
   "type": "Feature",
   "id": 1075,
   "geometry": {
    "type": "Point",
    "coordinates": [
     -71.0947470008136,
     42.381049590019636
    ]
   },
   "properties": {
    "OBJECTID": 1075,
    "Subtype": 0,
    "FacilityID": "SW-CB-00766",
    "InstallDat": null,
    "LifecycleS": " ",
    "WaterType": " ",
    "PlanNum": " ",
    "Owner": " ",
    "Comments": " ",
    "AccessDiam": 0,
    "AccessMate": " ",
    "AccesType": " ",
    "Station": 0,
    "RimElevati": 0,
    "FieldBook": " ",
    "Invert": 0,
    "Plan1": " ",
    "Plan2": " ",
    "Plan3": " ",
    "FeatureID": " ",
    "DupeNum": 0,
    "Source": "Stantec",
    "OrthoUpdated": "Yes",
    "GlobalID": "{785FD76E-D26A-405F-A080-352E15EB1292}",
    "created_user": "GIS",
    "created_date": 1600300800000,
    "last_edited_user": "GIS",
    "last_edited_date": 1600300800000,
    "Dewb_Edited": 0,
    "AssetStatus": "Active",
    "AccuracyStatus": "Unknown/Null (accurate = no)",
    "InaccuracyType": null,
    "AccuracyDate": null,
    "AccuracyComments": null,
    "ArchiveProjectName": null,
    "ArchiveReason": null,
    "ArchiveDate": null,
    "ArchiveComments": null,
    "ReplacedAssetID": null,
    "AssociatedInspections": null,
    "FID": null,
    "CreationDate": 1667412663429,
    "Creator": "NLandin_wc",
    "EditDate": 1667942792190,
    "Editor": "NLandin_wc"
   }
  },
  {
   "type": "Feature",
   "id": 1080,
   "geometry": {
    "type": "Point",
    "coordinates": [
     -71.09964951779837,
     42.38372875946983
    ]
   },
   "properties": {
    "OBJECTID": 1080,
    "Subtype": 0,
    "FacilityID": "SW-CB-00744",
    "InstallDat": null,
    "LifecycleS": " ",
    "WaterType": " ",
    "PlanNum": " ",
    "Owner": " ",
    "Comments": " ",
    "AccessDiam": 0,
    "AccessMate": " ",
    "AccesType": " ",
    "Station": 0,
    "RimElevati": 0,
    "FieldBook": " ",
    "Invert": 0,
    "Plan1": " ",
    "Plan2": " ",
    "Plan3": " ",
    "FeatureID": " ",
    "DupeNum": 0,
    "Source": "Stantec",
    "OrthoUpdated": "Yes",
    "GlobalID": "{82A1AF2D-0510-4AC9-A044-E79098AD7EB3}",
    "created_user": "GIS",
    "created_date": 1600300800000,
    "last_edited_user": "GIS",
    "last_edited_date": 1600300800000,
    "Dewb_Edited": 0,
    "AssetStatus": "Active",
    "AccuracyStatus": "Unknown/Null (accurate = no)",
    "InaccuracyType": null,
    "AccuracyDate": null,
    "AccuracyComments": null,
    "ArchiveProjectName": null,
    "ArchiveReason": null,
    "ArchiveDate": null,
    "ArchiveComments": null,
    "ReplacedAssetID": null,
    "AssociatedInspections": null,
    "FID": null,
    "CreationDate": 1667412663429,
    "Creator": "NLandin_wc",
    "EditDate": 1667942792190,
    "Editor": "NLandin_wc"
   }
  },
  {
   "type": "Feature",
   "id": 1082,
   "geometry": {
    "type": "Point",
    "coordinates": [
     -71.10791920609334,
     42.38480406935409
    ]
   },
   "properties": {
    "OBJECTID": 1082,
    "Subtype": 0,
    "FacilityID": "SW-CB-00964",
    "InstallDat": null,
    "LifecycleS": " ",
    "WaterType": " ",
    "PlanNum": " ",
    "Owner": " ",
    "Comments": " ",
    "AccessDiam": 0,
    "AccessMate": " ",
    "AccesType": " ",
    "Station": 0,
    "RimElevati": 0,
    "FieldBook": " ",
    "Invert": 0,
    "Plan1": " ",
    "Plan2": " ",
    "Plan3": " ",
    "FeatureID": " ",
    "DupeNum": 0,
    "Source": "Stantec",
    "OrthoUpdated": "Yes",
    "GlobalID": "{75C4A751-FB80-4C13-AE11-1067A2A7BD4A}",
    "created_user": "GIS",
    "created_date": 1600300800000,
    "last_edited_user": "GIS",
    "last_edited_date": 1600300800000,
    "Dewb_Edited": 0,
    "AssetStatus": "Active",
    "AccuracyStatus": "Unknown/Null (accurate = no)",
    "InaccuracyType": null,
    "AccuracyDate": null,
    "AccuracyComments": null,
    "ArchiveProjectName": null,
    "ArchiveReason": null,
    "ArchiveDate": null,
    "ArchiveComments": null,
    "ReplacedAssetID": null,
    "AssociatedInspections": null,
    "FID": null,
    "CreationDate": 1667412663429,
    "Creator": "NLandin_wc",
    "EditDate": 1667942792190,
    "Editor": "NLandin_wc"
   }
  },
  {
   "type": "Feature",
   "id": 1092,
   "geometry": {
    "type": "Point",
    "coordinates": [
     -71.09956812994567,
     42.38113642513903
    ]
   },
   "properties": {
    "OBJECTID": 1092,
    "Subtype": 0,
    "FacilityID": "SW-CB-00700",
    "InstallDat": null,
    "LifecycleS": " ",
    "WaterType": " ",
    "PlanNum": " ",
    "Owner": " ",
    "Comments": " ",
    "AccessDiam": 0,
    "AccessMate": " ",
    "AccesType": " ",
    "Station": 0,
    "RimElevati": 0,
    "FieldBook": " ",
    "Invert": 0,
    "Plan1": " ",
    "Plan2": " ",
    "Plan3": " ",
    "FeatureID": " ",
    "DupeNum": 0,
    "Source": "Stantec",
    "OrthoUpdated": "Yes",
    "GlobalID": "{B0B66327-FACA-4D24-B33C-C6452A2E27DE}",
    "created_user": "GIS",
    "created_date": 1600300800000,
    "last_edited_user": "GIS",
    "last_edited_date": 1600300800000,
    "Dewb_Edited": 0,
    "AssetStatus": "Active",
    "AccuracyStatus": "Unknown/Null (accurate = no)",
    "InaccuracyType": null,
    "AccuracyDate": null,
    "AccuracyComments": null,
    "ArchiveProjectName": null,
    "ArchiveReason": null,
    "ArchiveDate": null,
    "ArchiveComments": null,
    "ReplacedAssetID": null,
    "AssociatedInspections": null,
    "FID": null,
    "CreationDate": 1667412663429,
    "Creator": "NLandin_wc",
    "EditDate": 1667942792190,
    "Editor": "NLandin_wc"
   }
  },
  {
   "type": "Feature",
   "id": 1093,
   "geometry": {
    "type": "Point",
    "coordinates": [
     -71.09850955621604,
     42.38540408746965
    ]
   },
   "properties": {
    "OBJECTID": 1093,
    "Subtype": 0,
    "FacilityID": "SW-CB-00796",
    "InstallDat": null,
    "LifecycleS": " ",
    "WaterType": " ",
    "PlanNum": " ",
    "Owner": " ",
    "Comments": " ",
    "AccessDiam": 0,
    "AccessMate": " ",
    "AccesType": " ",
    "Station": 0,
    "RimElevati": 0,
    "FieldBook": " ",
    "Invert": 0,
    "Plan1": " ",
    "Plan2": " ",
    "Plan3": " ",
    "FeatureID": " ",
    "DupeNum": 0,
    "Source": "Stantec",
    "OrthoUpdated": "Yes",
    "GlobalID": "{7A7E60CB-7DBC-4299-86CD-168D346332F0}",
    "created_user": "GIS",
    "created_date": 1600300800000,
    "last_edited_user": "GIS",
    "last_edited_date": 1600300800000,
    "Dewb_Edited": 0,
    "AssetStatus": "Active",
    "AccuracyStatus": "Unknown/Null (accurate = no)",
    "InaccuracyType": null,
    "AccuracyDate": null,
    "AccuracyComments": null,
    "ArchiveProjectName": null,
    "ArchiveReason": null,
    "ArchiveDate": null,
    "ArchiveComments": null,
    "ReplacedAssetID": null,
    "AssociatedInspections": null,
    "FID": null,
    "CreationDate": 1667412663429,
    "Creator": "NLandin_wc",
    "EditDate": 1667942792190,
    "Editor": "NLandin_wc"
   }
  },
  {
   "type": "Feature",
   "id": 1099,
   "geometry": {
    "type": "Point",
    "coordinates": [
     -71.10787600960658,
     42.38912388228799
    ]
   },
   "properties": {
    "OBJECTID": 1099,
    "Subtype": 0,
    "FacilityID": "SW-CB-02831",
    "InstallDat": null,
    "LifecycleS": " ",
    "WaterType": " ",
    "PlanNum": " ",
    "Owner": " ",
    "Comments": " ",
    "AccessDiam": 0,
    "AccessMate": " ",
    "AccesType": " ",
    "Station": 0,
    "RimElevati": 0,
    "FieldBook": " ",
    "Invert": 0,
    "Plan1": " ",
    "Plan2": " ",
    "Plan3": " ",
    "FeatureID": " ",
    "DupeNum": 0,
    "Source": "2017 Orthophotography",
    "OrthoUpdated": "Yes",
    "GlobalID": "{80EA020E-D550-47C8-A987-9D0FF23427E5}",
    "created_user": "GIS",
    "created_date": 1600300800000,
    "last_edited_user": "GIS",
    "last_edited_date": 1600300800000,
    "Dewb_Edited": 0,
    "AssetStatus": "Active",
    "AccuracyStatus": "Unknown/Null (accurate = no)",
    "InaccuracyType": null,
    "AccuracyDate": null,
    "AccuracyComments": null,
    "ArchiveProjectName": null,
    "ArchiveReason": null,
    "ArchiveDate": null,
    "ArchiveComments": null,
    "ReplacedAssetID": null,
    "AssociatedInspections": null,
    "FID": null,
    "CreationDate": 1667412663429,
    "Creator": "NLandin_wc",
    "EditDate": 1667942792190,
    "Editor": "NLandin_wc"
   }
  },
  {
   "type": "Feature",
   "id": 1100,
   "geometry": {
    "type": "Point",
    "coordinates": [
     -71.10318612318481,
     42.380289575935635
    ]
   },
   "properties": {
    "OBJECTID": 1100,
    "Subtype": 0,
    "FacilityID": "SW-CB-02590",
    "InstallDat": null,
    "LifecycleS": " ",
    "WaterType": " ",
    "PlanNum": " ",
    "Owner": " ",
    "Comments": " ",
    "AccessDiam": 0,
    "AccessMate": " ",
    "AccesType": " ",
    "Station": 0,
    "RimElevati": 0,
    "FieldBook": " ",
    "Invert": 0,
    "Plan1": " ",
    "Plan2": " ",
    "Plan3": " ",
    "FeatureID": " ",
    "DupeNum": 0,
    "Source": "2017 Orthophotography",
    "OrthoUpdated": "Yes",
    "GlobalID": "{53F303A8-B729-46A8-887C-5962563DD315}",
    "created_user": "GIS",
    "created_date": 1600300800000,
    "last_edited_user": "GIS",
    "last_edited_date": 1600300800000,
    "Dewb_Edited": 0,
    "AssetStatus": "Active",
    "AccuracyStatus": "Unknown/Null (accurate = no)",
    "InaccuracyType": null,
    "AccuracyDate": null,
    "AccuracyComments": null,
    "ArchiveProjectName": null,
    "ArchiveReason": null,
    "ArchiveDate": null,
    "ArchiveComments": null,
    "ReplacedAssetID": null,
    "AssociatedInspections": null,
    "FID": null,
    "CreationDate": 1667412663429,
    "Creator": "NLandin_wc",
    "EditDate": 1667942792190,
    "Editor": "NLandin_wc"
   }
  },
  {
   "type": "Feature",
   "id": 1106,
   "geometry": {
    "type": "Point",
    "coordinates": [
     -71.09399722501372,
     42.388883160071515
    ]
   },
   "properties": {
    "OBJECTID": 1106,
    "Subtype": 0,
    "FacilityID": "SW-CB-01499",
    "InstallDat": null,
    "LifecycleS": " ",
    "WaterType": " ",
    "PlanNum": " ",
    "Owner": " ",
    "Comments": " ",
    "AccessDiam": 0,
    "AccessMate": " ",
    "AccesType": " ",
    "Station": 0,
    "RimElevati": 0,
    "FieldBook": " ",
    "Invert": 0,
    "Plan1": " ",
    "Plan2": " ",
    "Plan3": " ",
    "FeatureID": " ",
    "DupeNum": 0,
    "Source": "2017 Orthophotography",
    "OrthoUpdated": "Yes",
    "GlobalID": "{5D3473CA-AE92-47A0-95F3-EE6FC96AB771}",
    "created_user": "GIS",
    "created_date": 1600300800000,
    "last_edited_user": "GIS",
    "last_edited_date": 1600300800000,
    "Dewb_Edited": 0,
    "AssetStatus": "Active",
    "AccuracyStatus": "Unknown/Null (accurate = no)",
    "InaccuracyType": null,
    "AccuracyDate": null,
    "AccuracyComments": null,
    "ArchiveProjectName": null,
    "ArchiveReason": null,
    "ArchiveDate": null,
    "ArchiveComments": null,
    "ReplacedAssetID": null,
    "AssociatedInspections": null,
    "FID": null,
    "CreationDate": 1667412663429,
    "Creator": "NLandin_wc",
    "EditDate": 1667942792190,
    "Editor": "NLandin_wc"
   }
  },
  {
   "type": "Feature",
   "id": 1114,
   "geometry": {
    "type": "Point",
    "coordinates": [
     -71.10586163987256,
     42.38486321274846
    ]
   },
   "properties": {
    "OBJECTID": 1114,
    "Subtype": 0,
    "FacilityID": "SW-CB-00990",
    "InstallDat": null,
    "LifecycleS": " ",
    "WaterType": " ",
    "PlanNum": " ",
    "Owner": " ",
    "Comments": " ",
    "AccessDiam": 0,
    "AccessMate": " ",
    "AccesType": " ",
    "Station": 0,
    "RimElevati": 0,
    "FieldBook": " ",
    "Invert": 0,
    "Plan1": " ",
    "Plan2": " ",
    "Plan3": " ",
    "FeatureID": " ",
    "DupeNum": 0,
    "Source": "Stantec",
    "OrthoUpdated": "Yes",
    "GlobalID": "{952AEC53-5DBE-4DB9-9342-FA0C9EF3D2A2}",
    "created_user": "GIS",
    "created_date": 1600300800000,
    "last_edited_user": "GIS",
    "last_edited_date": 1600300800000,
    "Dewb_Edited": 0,
    "AssetStatus": "Active",
    "AccuracyStatus": "Unknown/Null (accurate = no)",
    "InaccuracyType": null,
    "AccuracyDate": null,
    "AccuracyComments": null,
    "ArchiveProjectName": null,
    "ArchiveReason": null,
    "ArchiveDate": null,
    "ArchiveComments": null,
    "ReplacedAssetID": null,
    "AssociatedInspections": null,
    "FID": null,
    "CreationDate": 1667412663429,
    "Creator": "NLandin_wc",
    "EditDate": 1667942792190,
    "Editor": "NLandin_wc"
   }
  },
  {
   "type": "Feature",
   "id": 1116,
   "geometry": {
    "type": "Point",
    "coordinates": [
     -71.10130388267386,
     42.388679520528775
    ]
   },
   "properties": {
    "OBJECTID": 1116,
    "Subtype": 0,
    "FacilityID": "SW-CB-02806",
    "InstallDat": null,
    "LifecycleS": " ",
    "WaterType": " ",
    "PlanNum": " ",
    "Owner": " ",
    "Comments": " ",
    "AccessDiam": 0,
    "AccessMate": " ",
    "AccesType": " ",
    "Station": 0,
    "RimElevati": 0,
    "FieldBook": " ",
    "Invert": 0,
    "Plan1": " ",
    "Plan2": " ",
    "Plan3": " ",
    "FeatureID": " ",
    "DupeNum": 0,
    "Source": "2017 Orthophotography",
    "OrthoUpdated": "Yes",
    "GlobalID": "{F56D0F17-97DB-4468-B4C1-8F4FFC11FFC5}",
    "created_user": "GIS",
    "created_date": 1600300800000,
    "last_edited_user": "GIS",
    "last_edited_date": 1600300800000,
    "Dewb_Edited": 0,
    "AssetStatus": "Active",
    "AccuracyStatus": "Unknown/Null (accurate = no)",
    "InaccuracyType": null,
    "AccuracyDate": null,
    "AccuracyComments": null,
    "ArchiveProjectName": null,
    "ArchiveReason": null,
    "ArchiveDate": null,
    "ArchiveComments": null,
    "ReplacedAssetID": null,
    "AssociatedInspections": null,
    "FID": null,
    "CreationDate": 1667412663429,
    "Creator": "NLandin_wc",
    "EditDate": 1667942792190,
    "Editor": "NLandin_wc"
   }
  },
  {
   "type": "Feature",
   "id": 1122,
   "geometry": {
    "type": "Point",
    "coordinates": [
     -71.09428085807833,
     42.38514502924696
    ]
   },
   "properties": {
    "OBJECTID": 1122,
    "Subtype": 0,
    "FacilityID": "SW-CB-01477",
    "InstallDat": null,
    "LifecycleS": " ",
    "WaterType": " ",
    "PlanNum": " ",
    "Owner": " ",
    "Comments": " ",
    "AccessDiam": 0,
    "AccessMate": " ",
    "AccesType": " ",
    "Station": 0,
    "RimElevati": 0,
    "FieldBook": " ",
    "Invert": 0,
    "Plan1": " ",
    "Plan2": " ",
    "Plan3": " ",
    "FeatureID": " ",
    "DupeNum": 0,
    "Source": "2017 Orthophotography",
    "OrthoUpdated": "Yes",
    "GlobalID": "{CD056103-1D16-4CE6-8D38-47889A355320}",
    "created_user": "GIS",
    "created_date": 1600300800000,
    "last_edited_user": "GIS",
    "last_edited_date": 1600300800000,
    "Dewb_Edited": 0,
    "AssetStatus": "Active",
    "AccuracyStatus": "Unknown/Null (accurate = no)",
    "InaccuracyType": null,
    "AccuracyDate": null,
    "AccuracyComments": null,
    "ArchiveProjectName": null,
    "ArchiveReason": null,
    "ArchiveDate": null,
    "ArchiveComments": null,
    "ReplacedAssetID": null,
    "AssociatedInspections": null,
    "FID": null,
    "CreationDate": 1667412663429,
    "Creator": "NLandin_wc",
    "EditDate": 1667942792190,
    "Editor": "NLandin_wc"
   }
  },
  {
   "type": "Feature",
   "id": 1123,
   "geometry": {
    "type": "Point",
    "coordinates": [
     -71.10936713355075,
     42.39079691607046
    ]
   },
   "properties": {
    "OBJECTID": 1123,
    "Subtype": 0,
    "FacilityID": "SW-CB-02766",
    "InstallDat": null,
    "LifecycleS": " ",
    "WaterType": " ",
    "PlanNum": " ",
    "Owner": " ",
    "Comments": " ",
    "AccessDiam": 0,
    "AccessMate": " ",
    "AccesType": " ",
    "Station": 0,
    "RimElevati": 0,
    "FieldBook": " ",
    "Invert": 0,
    "Plan1": " ",
    "Plan2": " ",
    "Plan3": " ",
    "FeatureID": " ",
    "DupeNum": 0,
    "Source": "2017 Orthophotography",
    "OrthoUpdated": "Yes",
    "GlobalID": "{17E6EF39-6D12-4D99-A6B5-63880FE4E85D}",
    "created_user": "GIS",
    "created_date": 1600300800000,
    "last_edited_user": "GIS",
    "last_edited_date": 1600300800000,
    "Dewb_Edited": 0,
    "AssetStatus": "Active",
    "AccuracyStatus": "Unknown/Null (accurate = no)",
    "InaccuracyType": null,
    "AccuracyDate": null,
    "AccuracyComments": null,
    "ArchiveProjectName": null,
    "ArchiveReason": null,
    "ArchiveDate": null,
    "ArchiveComments": null,
    "ReplacedAssetID": null,
    "AssociatedInspections": null,
    "FID": null,
    "CreationDate": 1667412663429,
    "Creator": "NLandin_wc",
    "EditDate": 1667942792190,
    "Editor": "NLandin_wc"
   }
  },
  {
   "type": "Feature",
   "id": 1147,
   "geometry": {
    "type": "Point",
    "coordinates": [
     -71.10635196114582,
     42.38732968255903
    ]
   },
   "properties": {
    "OBJECTID": 1147,
    "Subtype": 0,
    "FacilityID": "SW-CB-01000",
    "InstallDat": null,
    "LifecycleS": " ",
    "WaterType": " ",
    "PlanNum": " ",
    "Owner": " ",
    "Comments": " ",
    "AccessDiam": 0,
    "AccessMate": " ",
    "AccesType": " ",
    "Station": 0,
    "RimElevati": 0,
    "FieldBook": " ",
    "Invert": 0,
    "Plan1": " ",
    "Plan2": " ",
    "Plan3": " ",
    "FeatureID": " ",
    "DupeNum": 0,
    "Source": "Stantec",
    "OrthoUpdated": "Yes",
    "GlobalID": "{8EF105FD-EBD1-40E1-B64B-0292FF3C9DFF}",
    "created_user": "GIS",
    "created_date": 1600300800000,
    "last_edited_user": "GIS",
    "last_edited_date": 1600300800000,
    "Dewb_Edited": 0,
    "AssetStatus": "Active",
    "AccuracyStatus": "Unknown/Null (accurate = no)",
    "InaccuracyType": null,
    "AccuracyDate": null,
    "AccuracyComments": null,
    "ArchiveProjectName": null,
    "ArchiveReason": null,
    "ArchiveDate": null,
    "ArchiveComments": null,
    "ReplacedAssetID": null,
    "AssociatedInspections": null,
    "FID": null,
    "CreationDate": 1667412663429,
    "Creator": "NLandin_wc",
    "EditDate": 1667942792190,
    "Editor": "NLandin_wc"
   }
  },
  {
   "type": "Feature",
   "id": 1148,
   "geometry": {
    "type": "Point",
    "coordinates": [
     -71.10426646886323,
     42.38800708093094
    ]
   },
   "properties": {
    "OBJECTID": 1148,
    "Subtype": 0,
    "FacilityID": "SW-CB-01010",
    "InstallDat": null,
    "LifecycleS": " ",
    "WaterType": " ",
    "PlanNum": " ",
    "Owner": " ",
    "Comments": " ",
    "AccessDiam": 0,
    "AccessMate": " ",
    "AccesType": " ",
    "Station": 0,
    "RimElevati": 0,
    "FieldBook": " ",
    "Invert": 0,
    "Plan1": " ",
    "Plan2": " ",
    "Plan3": " ",
    "FeatureID": " ",
    "DupeNum": 0,
    "Source": "Stantec",
    "OrthoUpdated": "Yes",
    "GlobalID": "{390ED669-5FB4-489A-8258-C2F5EB084326}",
    "created_user": "GIS",
    "created_date": 1600300800000,
    "last_edited_user": "GIS",
    "last_edited_date": 1600300800000,
    "Dewb_Edited": 0,
    "AssetStatus": "Active",
    "AccuracyStatus": "Unknown/Null (accurate = no)",
    "InaccuracyType": null,
    "AccuracyDate": null,
    "AccuracyComments": null,
    "ArchiveProjectName": null,
    "ArchiveReason": null,
    "ArchiveDate": null,
    "ArchiveComments": null,
    "ReplacedAssetID": null,
    "AssociatedInspections": null,
    "FID": null,
    "CreationDate": 1667412663429,
    "Creator": "NLandin_wc",
    "EditDate": 1667942792190,
    "Editor": "NLandin_wc"
   }
  },
  {
   "type": "Feature",
   "id": 1152,
   "geometry": {
    "type": "Point",
    "coordinates": [
     -71.09577645649455,
     42.38112540542991
    ]
   },
   "properties": {
    "OBJECTID": 1152,
    "Subtype": 0,
    "FacilityID": "SW-CB-01105",
    "InstallDat": null,
    "LifecycleS": " ",
    "WaterType": " ",
    "PlanNum": " ",
    "Owner": " ",
    "Comments": " ",
    "AccessDiam": 0,
    "AccessMate": " ",
    "AccesType": " ",
    "Station": 0,
    "RimElevati": 0,
    "FieldBook": " ",
    "Invert": 0,
    "Plan1": " ",
    "Plan2": " ",
    "Plan3": " ",
    "FeatureID": " ",
    "DupeNum": 0,
    "Source": "Stantec",
    "OrthoUpdated": "Yes",
    "GlobalID": "{08F7D48D-7C11-4660-AADF-99C06CDEE2C1}",
    "created_user": "GIS",
    "created_date": 1600300800000,
    "last_edited_user": "GIS",
    "last_edited_date": 1600300800000,
    "Dewb_Edited": 0,
    "AssetStatus": "Active",
    "AccuracyStatus": "Unknown/Null (accurate = no)",
    "InaccuracyType": null,
    "AccuracyDate": null,
    "AccuracyComments": null,
    "ArchiveProjectName": null,
    "ArchiveReason": null,
    "ArchiveDate": null,
    "ArchiveComments": null,
    "ReplacedAssetID": null,
    "AssociatedInspections": null,
    "FID": null,
    "CreationDate": 1667412663429,
    "Creator": "NLandin_wc",
    "EditDate": 1667942792190,
    "Editor": "NLandin_wc"
   }
  },
  {
   "type": "Feature",
   "id": 1158,
   "geometry": {
    "type": "Point",
    "coordinates": [
     -71.10762324924158,
     42.38470458387842
    ]
   },
   "properties": {
    "OBJECTID": 1158,
    "Subtype": 0,
    "FacilityID": "SW-CB-00965",
    "InstallDat": null,
    "LifecycleS": " ",
    "WaterType": " ",
    "PlanNum": " ",
    "Owner": " ",
    "Comments": " ",
    "AccessDiam": 0,
    "AccessMate": " ",
    "AccesType": " ",
    "Station": 0,
    "RimElevati": 0,
    "FieldBook": " ",
    "Invert": 0,
    "Plan1": " ",
    "Plan2": " ",
    "Plan3": " ",
    "FeatureID": " ",
    "DupeNum": 0,
    "Source": "Stantec",
    "OrthoUpdated": "Yes",
    "GlobalID": "{51E5E379-964E-47B0-A94F-9DB340ABDB4A}",
    "created_user": "GIS",
    "created_date": 1600300800000,
    "last_edited_user": "GIS",
    "last_edited_date": 1600300800000,
    "Dewb_Edited": 0,
    "AssetStatus": "Active",
    "AccuracyStatus": "Unknown/Null (accurate = no)",
    "InaccuracyType": null,
    "AccuracyDate": null,
    "AccuracyComments": null,
    "ArchiveProjectName": null,
    "ArchiveReason": null,
    "ArchiveDate": null,
    "ArchiveComments": null,
    "ReplacedAssetID": null,
    "AssociatedInspections": null,
    "FID": null,
    "CreationDate": 1667412663429,
    "Creator": "NLandin_wc",
    "EditDate": 1667942792190,
    "Editor": "NLandin_wc"
   }
  },
  {
   "type": "Feature",
   "id": 1167,
   "geometry": {
    "type": "Point",
    "coordinates": [
     -71.10291714038382,
     42.38302083261103
    ]
   },
   "properties": {
    "OBJECTID": 1167,
    "Subtype": 0,
    "FacilityID": "SW-CB-01057",
    "InstallDat": null,
    "LifecycleS": " ",
    "WaterType": " ",
    "PlanNum": " ",
    "Owner": " ",
    "Comments": " ",
    "AccessDiam": 0,
    "AccessMate": " ",
    "AccesType": " ",
    "Station": 0,
    "RimElevati": 0,
    "FieldBook": " ",
    "Invert": 0,
    "Plan1": " ",
    "Plan2": " ",
    "Plan3": " ",
    "FeatureID": " ",
    "DupeNum": 0,
    "Source": "Stantec",
    "OrthoUpdated": "Yes",
    "GlobalID": "{728F2E74-13DE-4C7A-9CC6-73761EDF37ED}",
    "created_user": "GIS",
    "created_date": 1600300800000,
    "last_edited_user": "GIS",
    "last_edited_date": 1600300800000,
    "Dewb_Edited": 0,
    "AssetStatus": "Active",
    "AccuracyStatus": "Unknown/Null (accurate = no)",
    "InaccuracyType": null,
    "AccuracyDate": null,
    "AccuracyComments": null,
    "ArchiveProjectName": null,
    "ArchiveReason": null,
    "ArchiveDate": null,
    "ArchiveComments": null,
    "ReplacedAssetID": null,
    "AssociatedInspections": null,
    "FID": null,
    "CreationDate": 1667412663429,
    "Creator": "NLandin_wc",
    "EditDate": 1667942792190,
    "Editor": "NLandin_wc"
   }
  },
  {
   "type": "Feature",
   "id": 1169,
   "geometry": {
    "type": "Point",
    "coordinates": [
     -71.09616762669314,
     42.38238158608517
    ]
   },
   "properties": {
    "OBJECTID": 1169,
    "Subtype": 0,
    "FacilityID": "SW-CB-01089",
    "InstallDat": null,
    "LifecycleS": " ",
    "WaterType": " ",
    "PlanNum": " ",
    "Owner": " ",
    "Comments": " ",
    "AccessDiam": 0,
    "AccessMate": " ",
    "AccesType": " ",
    "Station": 0,
    "RimElevati": 0,
    "FieldBook": " ",
    "Invert": 0,
    "Plan1": " ",
    "Plan2": " ",
    "Plan3": " ",
    "FeatureID": " ",
    "DupeNum": 0,
    "Source": "Stantec",
    "OrthoUpdated": "Yes",
    "GlobalID": "{DD2C7756-DFED-4916-9FA9-E7F19C2A6EF5}",
    "created_user": "GIS",
    "created_date": 1600300800000,
    "last_edited_user": "GIS",
    "last_edited_date": 1600300800000,
    "Dewb_Edited": 0,
    "AssetStatus": "Active",
    "AccuracyStatus": "Unknown/Null (accurate = no)",
    "InaccuracyType": null,
    "AccuracyDate": null,
    "AccuracyComments": null,
    "ArchiveProjectName": null,
    "ArchiveReason": null,
    "ArchiveDate": null,
    "ArchiveComments": null,
    "ReplacedAssetID": null,
    "AssociatedInspections": null,
    "FID": null,
    "CreationDate": 1667412663429,
    "Creator": "NLandin_wc",
    "EditDate": 1667942792190,
    "Editor": "NLandin_wc"
   }
  },
  {
   "type": "Feature",
   "id": 1171,
   "geometry": {
    "type": "Point",
    "coordinates": [
     -71.10612389838695,
     42.38075282463339
    ]
   },
   "properties": {
    "OBJECTID": 1171,
    "Subtype": 0,
    "FacilityID": "SW-CB-02572",
    "InstallDat": null,
    "LifecycleS": " ",
    "WaterType": " ",
    "PlanNum": " ",
    "Owner": " ",
    "Comments": " ",
    "AccessDiam": 0,
    "AccessMate": " ",
    "AccesType": " ",
    "Station": 0,
    "RimElevati": 0,
    "FieldBook": " ",
    "Invert": 0,
    "Plan1": " ",
    "Plan2": " ",
    "Plan3": " ",
    "FeatureID": " ",
    "DupeNum": 0,
    "Source": "2017 Orthophotography",
    "OrthoUpdated": "Yes",
    "GlobalID": "{474E4E49-F15D-4AF0-BE45-3D1305B49B8A}",
    "created_user": "GIS",
    "created_date": 1600300800000,
    "last_edited_user": "GIS",
    "last_edited_date": 1600300800000,
    "Dewb_Edited": 0,
    "AssetStatus": "Active",
    "AccuracyStatus": "Unknown/Null (accurate = no)",
    "InaccuracyType": null,
    "AccuracyDate": null,
    "AccuracyComments": null,
    "ArchiveProjectName": null,
    "ArchiveReason": null,
    "ArchiveDate": null,
    "ArchiveComments": null,
    "ReplacedAssetID": null,
    "AssociatedInspections": null,
    "FID": null,
    "CreationDate": 1667412663429,
    "Creator": "NLandin_wc",
    "EditDate": 1667942792190,
    "Editor": "NLandin_wc"
   }
  },
  {
   "type": "Feature",
   "id": 1176,
   "geometry": {
    "type": "Point",
    "coordinates": [
     -71.10188245025942,
     42.390559191006105
    ]
   },
   "properties": {
    "OBJECTID": 1176,
    "Subtype": 1,
    "FacilityID": "SW-CB-00200",
    "InstallDat": -1356998400000,
    "LifecycleS": "Active",
    "WaterType": "Storm",
    "PlanNum": "MM-8",
    "Owner": "Somerv",
    "Comments": "ASSUMED FROM PLAN TO BE CATCH BASIN - MAY BE OWNED BY B&L R.R. - PLANS GIVE NO PROFILE OR DATA ON STRUCTURES",
    "AccessDiam": 0,
    "AccessMate": "Unk",
    "AccesType": "Unk",
    "Station": 9999,
    "RimElevati": 9999,
    "FieldBook": " ",
    "Invert": 9999,
    "Plan1": "MM-08",
    "Plan2": " ",
    "Plan3": " ",
    "FeatureID": "CB-SD-201",
    "DupeNum": 1,
    "Source": "Original City Data",
    "OrthoUpdated": "Yes",
    "GlobalID": "{480BF56D-4B8A-4089-A158-275DF8DF1C12}",
    "created_user": "GIS",
    "created_date": 1600300800000,
    "last_edited_user": "GIS",
    "last_edited_date": 1600300800000,
    "Dewb_Edited": 0,
    "AssetStatus": "Active",
    "AccuracyStatus": "Unknown/Null (accurate = no)",
    "InaccuracyType": null,
    "AccuracyDate": null,
    "AccuracyComments": null,
    "ArchiveProjectName": null,
    "ArchiveReason": null,
    "ArchiveDate": null,
    "ArchiveComments": null,
    "ReplacedAssetID": null,
    "AssociatedInspections": null,
    "FID": null,
    "CreationDate": 1667412663429,
    "Creator": "NLandin_wc",
    "EditDate": 1667942792190,
    "Editor": "NLandin_wc"
   }
  },
  {
   "type": "Feature",
   "id": 1202,
   "geometry": {
    "type": "Point",
    "coordinates": [
     -71.09547324518995,
     42.382022495566396
    ]
   },
   "properties": {
    "OBJECTID": 1202,
    "Subtype": 0,
    "FacilityID": "SW-CB-01100",
    "InstallDat": null,
    "LifecycleS": " ",
    "WaterType": " ",
    "PlanNum": " ",
    "Owner": " ",
    "Comments": " ",
    "AccessDiam": 0,
    "AccessMate": " ",
    "AccesType": " ",
    "Station": 0,
    "RimElevati": 0,
    "FieldBook": " ",
    "Invert": 0,
    "Plan1": " ",
    "Plan2": " ",
    "Plan3": " ",
    "FeatureID": " ",
    "DupeNum": 0,
    "Source": "Stantec",
    "OrthoUpdated": "Yes",
    "GlobalID": "{331EC101-22DD-4F04-8E92-D4C051416637}",
    "created_user": "GIS",
    "created_date": 1600300800000,
    "last_edited_user": "GIS",
    "last_edited_date": 1600300800000,
    "Dewb_Edited": 0,
    "AssetStatus": "Active",
    "AccuracyStatus": "Unknown/Null (accurate = no)",
    "InaccuracyType": null,
    "AccuracyDate": null,
    "AccuracyComments": null,
    "ArchiveProjectName": null,
    "ArchiveReason": null,
    "ArchiveDate": null,
    "ArchiveComments": null,
    "ReplacedAssetID": null,
    "AssociatedInspections": null,
    "FID": null,
    "CreationDate": 1667412663429,
    "Creator": "NLandin_wc",
    "EditDate": 1667942792190,
    "Editor": "NLandin_wc"
   }
  },
  {
   "type": "Feature",
   "id": 1209,
   "geometry": {
    "type": "Point",
    "coordinates": [
     -71.09950995074226,
     42.39113022545156
    ]
   },
   "properties": {
    "OBJECTID": 1209,
    "Subtype": 0,
    "FacilityID": "SW-CB-02734",
    "InstallDat": null,
    "LifecycleS": " ",
    "WaterType": " ",
    "PlanNum": " ",
    "Owner": " ",
    "Comments": " ",
    "AccessDiam": 0,
    "AccessMate": " ",
    "AccesType": " ",
    "Station": 0,
    "RimElevati": 0,
    "FieldBook": " ",
    "Invert": 0,
    "Plan1": " ",
    "Plan2": " ",
    "Plan3": " ",
    "FeatureID": " ",
    "DupeNum": 0,
    "Source": "2017 Orthophotography",
    "OrthoUpdated": "Yes",
    "GlobalID": "{96C935E8-11A3-4FBB-93C1-54BF39271FE4}",
    "created_user": "GIS",
    "created_date": 1600300800000,
    "last_edited_user": "GIS",
    "last_edited_date": 1600300800000,
    "Dewb_Edited": 0,
    "AssetStatus": "Active",
    "AccuracyStatus": "Unknown/Null (accurate = no)",
    "InaccuracyType": null,
    "AccuracyDate": null,
    "AccuracyComments": null,
    "ArchiveProjectName": null,
    "ArchiveReason": null,
    "ArchiveDate": null,
    "ArchiveComments": null,
    "ReplacedAssetID": null,
    "AssociatedInspections": null,
    "FID": null,
    "CreationDate": 1667412663429,
    "Creator": "NLandin_wc",
    "EditDate": 1667942792190,
    "Editor": "NLandin_wc"
   }
  },
  {
   "type": "Feature",
   "id": 1221,
   "geometry": {
    "type": "Point",
    "coordinates": [
     -71.10690948001213,
     42.386715292167196
    ]
   },
   "properties": {
    "OBJECTID": 1221,
    "Subtype": 0,
    "FacilityID": "SW-CB-00957",
    "InstallDat": null,
    "LifecycleS": " ",
    "WaterType": " ",
    "PlanNum": " ",
    "Owner": " ",
    "Comments": " ",
    "AccessDiam": 0,
    "AccessMate": " ",
    "AccesType": " ",
    "Station": 0,
    "RimElevati": 0,
    "FieldBook": " ",
    "Invert": 0,
    "Plan1": " ",
    "Plan2": " ",
    "Plan3": " ",
    "FeatureID": " ",
    "DupeNum": 0,
    "Source": "Stantec",
    "OrthoUpdated": "Yes",
    "GlobalID": "{DBC2EB9D-BD83-49F9-A9D9-032E76C6A47E}",
    "created_user": "GIS",
    "created_date": 1600300800000,
    "last_edited_user": "GIS",
    "last_edited_date": 1600300800000,
    "Dewb_Edited": 0,
    "AssetStatus": "Active",
    "AccuracyStatus": "Unknown/Null (accurate = no)",
    "InaccuracyType": null,
    "AccuracyDate": null,
    "AccuracyComments": null,
    "ArchiveProjectName": null,
    "ArchiveReason": null,
    "ArchiveDate": null,
    "ArchiveComments": null,
    "ReplacedAssetID": null,
    "AssociatedInspections": null,
    "FID": null,
    "CreationDate": 1667412663429,
    "Creator": "NLandin_wc",
    "EditDate": 1667942792190,
    "Editor": "NLandin_wc"
   }
  },
  {
   "type": "Feature",
   "id": 1225,
   "geometry": {
    "type": "Point",
    "coordinates": [
     -71.11000204190904,
     42.381175921149996
    ]
   },
   "properties": {
    "OBJECTID": 1225,
    "Subtype": 0,
    "FacilityID": "SW-CB-02407",
    "InstallDat": null,
    "LifecycleS": " ",
    "WaterType": " ",
    "PlanNum": " ",
    "Owner": " ",
    "Comments": " ",
    "AccessDiam": 0,
    "AccessMate": " ",
    "AccesType": " ",
    "Station": 0,
    "RimElevati": 0,
    "FieldBook": " ",
    "Invert": 0,
    "Plan1": " ",
    "Plan2": " ",
    "Plan3": " ",
    "FeatureID": " ",
    "DupeNum": 0,
    "Source": "2017 Orthophotography",
    "OrthoUpdated": "Yes",
    "GlobalID": "{A8AC5A10-D601-4C0C-9C0C-652896F08E86}",
    "created_user": "GIS",
    "created_date": 1600300800000,
    "last_edited_user": "GIS",
    "last_edited_date": 1600300800000,
    "Dewb_Edited": 0,
    "AssetStatus": "Active",
    "AccuracyStatus": "Unknown/Null (accurate = no)",
    "InaccuracyType": null,
    "AccuracyDate": null,
    "AccuracyComments": null,
    "ArchiveProjectName": null,
    "ArchiveReason": null,
    "ArchiveDate": null,
    "ArchiveComments": null,
    "ReplacedAssetID": null,
    "AssociatedInspections": null,
    "FID": null,
    "CreationDate": 1667412663429,
    "Creator": "NLandin_wc",
    "EditDate": 1667942792190,
    "Editor": "NLandin_wc"
   }
  },
  {
   "type": "Feature",
   "id": 1233,
   "geometry": {
    "type": "Point",
    "coordinates": [
     -71.10932767881292,
     42.39073351753558
    ]
   },
   "properties": {
    "OBJECTID": 1233,
    "Subtype": 0,
    "FacilityID": "SW-CB-02764",
    "InstallDat": null,
    "LifecycleS": " ",
    "WaterType": " ",
    "PlanNum": " ",
    "Owner": " ",
    "Comments": " ",
    "AccessDiam": 0,
    "AccessMate": " ",
    "AccesType": " ",
    "Station": 0,
    "RimElevati": 0,
    "FieldBook": " ",
    "Invert": 0,
    "Plan1": " ",
    "Plan2": " ",
    "Plan3": " ",
    "FeatureID": " ",
    "DupeNum": 0,
    "Source": "2017 Orthophotography",
    "OrthoUpdated": "Yes",
    "GlobalID": "{16C12291-E538-4746-90D6-ED96E4239961}",
    "created_user": "GIS",
    "created_date": 1600300800000,
    "last_edited_user": "GIS",
    "last_edited_date": 1600300800000,
    "Dewb_Edited": 0,
    "AssetStatus": "Active",
    "AccuracyStatus": "Unknown/Null (accurate = no)",
    "InaccuracyType": null,
    "AccuracyDate": null,
    "AccuracyComments": null,
    "ArchiveProjectName": null,
    "ArchiveReason": null,
    "ArchiveDate": null,
    "ArchiveComments": null,
    "ReplacedAssetID": null,
    "AssociatedInspections": null,
    "FID": null,
    "CreationDate": 1667412663429,
    "Creator": "NLandin_wc",
    "EditDate": 1667942792190,
    "Editor": "NLandin_wc"
   }
  },
  {
   "type": "Feature",
   "id": 1241,
   "geometry": {
    "type": "Point",
    "coordinates": [
     -71.10630094142802,
     42.38327250673354
    ]
   },
   "properties": {
    "OBJECTID": 1241,
    "Subtype": 0,
    "FacilityID": "SW-CB-01034",
    "InstallDat": null,
    "LifecycleS": " ",
    "WaterType": " ",
    "PlanNum": " ",
    "Owner": " ",
    "Comments": " ",
    "AccessDiam": 0,
    "AccessMate": " ",
    "AccesType": " ",
    "Station": 0,
    "RimElevati": 0,
    "FieldBook": " ",
    "Invert": 0,
    "Plan1": " ",
    "Plan2": " ",
    "Plan3": " ",
    "FeatureID": " ",
    "DupeNum": 0,
    "Source": "Stantec",
    "OrthoUpdated": "Yes",
    "GlobalID": "{CB1BA787-8BF4-4ACB-A887-83992913950A}",
    "created_user": "GIS",
    "created_date": 1600300800000,
    "last_edited_user": "GIS",
    "last_edited_date": 1600300800000,
    "Dewb_Edited": 0,
    "AssetStatus": "Active",
    "AccuracyStatus": "Unknown/Null (accurate = no)",
    "InaccuracyType": null,
    "AccuracyDate": null,
    "AccuracyComments": null,
    "ArchiveProjectName": null,
    "ArchiveReason": null,
    "ArchiveDate": null,
    "ArchiveComments": null,
    "ReplacedAssetID": null,
    "AssociatedInspections": null,
    "FID": null,
    "CreationDate": 1667412663429,
    "Creator": "NLandin_wc",
    "EditDate": 1667942792190,
    "Editor": "NLandin_wc"
   }
  },
  {
   "type": "Feature",
   "id": 1242,
   "geometry": {
    "type": "Point",
    "coordinates": [
     -71.10067570047826,
     42.38969548669154
    ]
   },
   "properties": {
    "OBJECTID": 1242,
    "Subtype": 1,
    "FacilityID": "SW-CB-00209",
    "InstallDat": -1356998400000,
    "LifecycleS": "Active",
    "WaterType": "Storm",
    "PlanNum": "MM-8",
    "Owner": "Somerv",
    "Comments": "ASSUMED FROM PLAN TO BE CATCH BASIN - MAY BE OWNED BY B&L R.R. - PLANS GIVE NO PROFILE OR DATA ON STRUCTURES",
    "AccessDiam": 0,
    "AccessMate": "Unk",
    "AccesType": "Unk",
    "Station": 9999,
    "RimElevati": 9999,
    "FieldBook": " ",
    "Invert": 9999,
    "Plan1": "MM-08",
    "Plan2": " ",
    "Plan3": " ",
    "FeatureID": "CB-SD-210",
    "DupeNum": 1,
    "Source": "Original City Data",
    "OrthoUpdated": "Not Visible",
    "GlobalID": "{24C42ECD-B79A-4165-850E-056F60B9647D}",
    "created_user": "GIS",
    "created_date": 1600300800000,
    "last_edited_user": "GIS",
    "last_edited_date": 1600300800000,
    "Dewb_Edited": 0,
    "AssetStatus": "Active",
    "AccuracyStatus": "Unknown/Null (accurate = no)",
    "InaccuracyType": null,
    "AccuracyDate": null,
    "AccuracyComments": null,
    "ArchiveProjectName": null,
    "ArchiveReason": null,
    "ArchiveDate": null,
    "ArchiveComments": null,
    "ReplacedAssetID": null,
    "AssociatedInspections": null,
    "FID": null,
    "CreationDate": 1667412663429,
    "Creator": "NLandin_wc",
    "EditDate": 1667942792190,
    "Editor": "NLandin_wc"
   }
  },
  {
   "type": "Feature",
   "id": 1243,
   "geometry": {
    "type": "Point",
    "coordinates": [
     -71.10510628033286,
     42.39005455016083
    ]
   },
   "properties": {
    "OBJECTID": 1243,
    "Subtype": 0,
    "FacilityID": "SW-CB-00493",
    "InstallDat": 253392451200000,
    "LifecycleS": "Active",
    "WaterType": "Storm",
    "PlanNum": "TB-047",
    "Owner": "Somerv",
    "Comments": " ",
    "AccessDiam": 9999,
    "AccessMate": "Unk",
    "AccesType": "Unk",
    "Station": 9999,
    "RimElevati": 82.76,
    "FieldBook": " ",
    "Invert": 80.16,
    "Plan1": "TB-047",
    "Plan2": " ",
    "Plan3": " ",
    "FeatureID": "CB-SD-494",
    "DupeNum": 1,
    "Source": "Original City Data",
    "OrthoUpdated": "Yes",
    "GlobalID": "{A17F7B78-13E0-4F11-9697-AC873D6261BD}",
    "created_user": "GIS",
    "created_date": 1600300800000,
    "last_edited_user": "GIS",
    "last_edited_date": 1600300800000,
    "Dewb_Edited": 0,
    "AssetStatus": "Active",
    "AccuracyStatus": "Unknown/Null (accurate = no)",
    "InaccuracyType": null,
    "AccuracyDate": null,
    "AccuracyComments": null,
    "ArchiveProjectName": null,
    "ArchiveReason": null,
    "ArchiveDate": null,
    "ArchiveComments": null,
    "ReplacedAssetID": null,
    "AssociatedInspections": null,
    "FID": null,
    "CreationDate": 1667412663429,
    "Creator": "NLandin_wc",
    "EditDate": 1667942792190,
    "Editor": "NLandin_wc"
   }
  },
  {
   "type": "Feature",
   "id": 1246,
   "geometry": {
    "type": "Point",
    "coordinates": [
     -71.09571607652457,
     42.38767092266099
    ]
   },
   "properties": {
    "OBJECTID": 1246,
    "Subtype": 0,
    "FacilityID": "SW-CB-01470",
    "InstallDat": null,
    "LifecycleS": " ",
    "WaterType": " ",
    "PlanNum": " ",
    "Owner": " ",
    "Comments": " ",
    "AccessDiam": 0,
    "AccessMate": " ",
    "AccesType": " ",
    "Station": 0,
    "RimElevati": 0,
    "FieldBook": " ",
    "Invert": 0,
    "Plan1": " ",
    "Plan2": " ",
    "Plan3": " ",
    "FeatureID": " ",
    "DupeNum": 0,
    "Source": "2017 Orthophotography",
    "OrthoUpdated": "Yes",
    "GlobalID": "{82D1A216-D51A-4A78-B313-12706B9CE50C}",
    "created_user": "GIS",
    "created_date": 1600300800000,
    "last_edited_user": "GIS",
    "last_edited_date": 1600300800000,
    "Dewb_Edited": 0,
    "AssetStatus": "Active",
    "AccuracyStatus": "Unknown/Null (accurate = no)",
    "InaccuracyType": null,
    "AccuracyDate": null,
    "AccuracyComments": null,
    "ArchiveProjectName": null,
    "ArchiveReason": null,
    "ArchiveDate": null,
    "ArchiveComments": null,
    "ReplacedAssetID": null,
    "AssociatedInspections": null,
    "FID": null,
    "CreationDate": 1667412663429,
    "Creator": "NLandin_wc",
    "EditDate": 1667942792190,
    "Editor": "NLandin_wc"
   }
  },
  {
   "type": "Feature",
   "id": 1255,
   "geometry": {
    "type": "Point",
    "coordinates": [
     -71.10066843872185,
     42.38913846316124
    ]
   },
   "properties": {
    "OBJECTID": 1255,
    "Subtype": 0,
    "FacilityID": "SW-CB-02821",
    "InstallDat": null,
    "LifecycleS": " ",
    "WaterType": " ",
    "PlanNum": " ",
    "Owner": " ",
    "Comments": " ",
    "AccessDiam": 0,
    "AccessMate": " ",
    "AccesType": " ",
    "Station": 0,
    "RimElevati": 0,
    "FieldBook": " ",
    "Invert": 0,
    "Plan1": " ",
    "Plan2": " ",
    "Plan3": " ",
    "FeatureID": " ",
    "DupeNum": 0,
    "Source": "2017 Orthophotography",
    "OrthoUpdated": "Yes",
    "GlobalID": "{3DCC1D11-ACD3-43D8-AE8B-AD1B39A67C15}",
    "created_user": "GIS",
    "created_date": 1600300800000,
    "last_edited_user": "GIS",
    "last_edited_date": 1600300800000,
    "Dewb_Edited": 0,
    "AssetStatus": "Active",
    "AccuracyStatus": "Unknown/Null (accurate = no)",
    "InaccuracyType": null,
    "AccuracyDate": null,
    "AccuracyComments": null,
    "ArchiveProjectName": null,
    "ArchiveReason": null,
    "ArchiveDate": null,
    "ArchiveComments": null,
    "ReplacedAssetID": null,
    "AssociatedInspections": null,
    "FID": null,
    "CreationDate": 1667412663429,
    "Creator": "NLandin_wc",
    "EditDate": 1667942792190,
    "Editor": "NLandin_wc"
   }
  },
  {
   "type": "Feature",
   "id": 1257,
   "geometry": {
    "type": "Point",
    "coordinates": [
     -71.10338671131224,
     42.38258184365521
    ]
   },
   "properties": {
    "OBJECTID": 1257,
    "Subtype": 0,
    "FacilityID": "SW-CB-01046",
    "InstallDat": null,
    "LifecycleS": " ",
    "WaterType": " ",
    "PlanNum": " ",
    "Owner": " ",
    "Comments": " ",
    "AccessDiam": 0,
    "AccessMate": " ",
    "AccesType": " ",
    "Station": 0,
    "RimElevati": 0,
    "FieldBook": " ",
    "Invert": 0,
    "Plan1": " ",
    "Plan2": " ",
    "Plan3": " ",
    "FeatureID": " ",
    "DupeNum": 0,
    "Source": "Stantec",
    "OrthoUpdated": "Yes",
    "GlobalID": "{AAE874FE-78EB-4D3D-BFE7-BC051B38B875}",
    "created_user": "GIS",
    "created_date": 1600300800000,
    "last_edited_user": "GIS",
    "last_edited_date": 1600300800000,
    "Dewb_Edited": 0,
    "AssetStatus": "Active",
    "AccuracyStatus": "Unknown/Null (accurate = no)",
    "InaccuracyType": null,
    "AccuracyDate": null,
    "AccuracyComments": null,
    "ArchiveProjectName": null,
    "ArchiveReason": null,
    "ArchiveDate": null,
    "ArchiveComments": null,
    "ReplacedAssetID": null,
    "AssociatedInspections": null,
    "FID": null,
    "CreationDate": 1667412663429,
    "Creator": "NLandin_wc",
    "EditDate": 1667942792190,
    "Editor": "NLandin_wc"
   }
  },
  {
   "type": "Feature",
   "id": 1264,
   "geometry": {
    "type": "Point",
    "coordinates": [
     -71.10000001247471,
     42.38128751780798
    ]
   },
   "properties": {
    "OBJECTID": 1264,
    "Subtype": 0,
    "FacilityID": "SW-CB-00701",
    "InstallDat": null,
    "LifecycleS": " ",
    "WaterType": " ",
    "PlanNum": " ",
    "Owner": " ",
    "Comments": " ",
    "AccessDiam": 0,
    "AccessMate": " ",
    "AccesType": " ",
    "Station": 0,
    "RimElevati": 0,
    "FieldBook": " ",
    "Invert": 0,
    "Plan1": " ",
    "Plan2": " ",
    "Plan3": " ",
    "FeatureID": " ",
    "DupeNum": 0,
    "Source": "Stantec",
    "OrthoUpdated": "Yes",
    "GlobalID": "{00C0CB37-1C51-45CB-9EBB-FB580475485A}",
    "created_user": "GIS",
    "created_date": 1600300800000,
    "last_edited_user": "GIS",
    "last_edited_date": 1600300800000,
    "Dewb_Edited": 0,
    "AssetStatus": "Active",
    "AccuracyStatus": "Unknown/Null (accurate = no)",
    "InaccuracyType": null,
    "AccuracyDate": null,
    "AccuracyComments": null,
    "ArchiveProjectName": null,
    "ArchiveReason": null,
    "ArchiveDate": null,
    "ArchiveComments": null,
    "ReplacedAssetID": null,
    "AssociatedInspections": null,
    "FID": null,
    "CreationDate": 1667412663429,
    "Creator": "NLandin_wc",
    "EditDate": 1667942792190,
    "Editor": "NLandin_wc"
   }
  },
  {
   "type": "Feature",
   "id": 1269,
   "geometry": {
    "type": "Point",
    "coordinates": [
     -71.10431689128231,
     42.38744817445075
    ]
   },
   "properties": {
    "OBJECTID": 1269,
    "Subtype": 0,
    "FacilityID": "SW-CB-01003",
    "InstallDat": null,
    "LifecycleS": " ",
    "WaterType": " ",
    "PlanNum": " ",
    "Owner": " ",
    "Comments": " ",
    "AccessDiam": 0,
    "AccessMate": " ",
    "AccesType": " ",
    "Station": 0,
    "RimElevati": 0,
    "FieldBook": " ",
    "Invert": 0,
    "Plan1": " ",
    "Plan2": " ",
    "Plan3": " ",
    "FeatureID": " ",
    "DupeNum": 0,
    "Source": "Stantec",
    "OrthoUpdated": "Yes",
    "GlobalID": "{62EDA61A-5039-4F04-8991-4A86BA84BB99}",
    "created_user": "GIS",
    "created_date": 1600300800000,
    "last_edited_user": "GIS",
    "last_edited_date": 1600300800000,
    "Dewb_Edited": 0,
    "AssetStatus": "Active",
    "AccuracyStatus": "Unknown/Null (accurate = no)",
    "InaccuracyType": null,
    "AccuracyDate": null,
    "AccuracyComments": null,
    "ArchiveProjectName": null,
    "ArchiveReason": null,
    "ArchiveDate": null,
    "ArchiveComments": null,
    "ReplacedAssetID": null,
    "AssociatedInspections": null,
    "FID": null,
    "CreationDate": 1667412663429,
    "Creator": "NLandin_wc",
    "EditDate": 1667942792190,
    "Editor": "NLandin_wc"
   }
  },
  {
   "type": "Feature",
   "id": 1275,
   "geometry": {
    "type": "Point",
    "coordinates": [
     -71.09540584580397,
     42.381006197859826
    ]
   },
   "properties": {
    "OBJECTID": 1275,
    "Subtype": 0,
    "FacilityID": "SW-CB-01104",
    "InstallDat": null,
    "LifecycleS": " ",
    "WaterType": " ",
    "PlanNum": " ",
    "Owner": " ",
    "Comments": " ",
    "AccessDiam": 0,
    "AccessMate": " ",
    "AccesType": " ",
    "Station": 0,
    "RimElevati": 0,
    "FieldBook": " ",
    "Invert": 0,
    "Plan1": " ",
    "Plan2": " ",
    "Plan3": " ",
    "FeatureID": " ",
    "DupeNum": 0,
    "Source": "Stantec",
    "OrthoUpdated": "Yes",
    "GlobalID": "{D6C60FFA-96E5-471C-9AA7-B21F6EBDF21E}",
    "created_user": "GIS",
    "created_date": 1600300800000,
    "last_edited_user": "GIS",
    "last_edited_date": 1600300800000,
    "Dewb_Edited": 0,
    "AssetStatus": "Active",
    "AccuracyStatus": "Unknown/Null (accurate = no)",
    "InaccuracyType": null,
    "AccuracyDate": null,
    "AccuracyComments": null,
    "ArchiveProjectName": null,
    "ArchiveReason": null,
    "ArchiveDate": null,
    "ArchiveComments": null,
    "ReplacedAssetID": null,
    "AssociatedInspections": null,
    "FID": null,
    "CreationDate": 1667412663429,
    "Creator": "NLandin_wc",
    "EditDate": 1667942792190,
    "Editor": "NLandin_wc"
   }
  },
  {
   "type": "Feature",
   "id": 1282,
   "geometry": {
    "type": "Point",
    "coordinates": [
     -71.10596491258352,
     42.38789203531436
    ]
   },
   "properties": {
    "OBJECTID": 1282,
    "Subtype": 0,
    "FacilityID": "SW-CB-01006",
    "InstallDat": null,
    "LifecycleS": " ",
    "WaterType": " ",
    "PlanNum": " ",
    "Owner": " ",
    "Comments": " ",
    "AccessDiam": 0,
    "AccessMate": " ",
    "AccesType": " ",
    "Station": 0,
    "RimElevati": 0,
    "FieldBook": " ",
    "Invert": 0,
    "Plan1": " ",
    "Plan2": " ",
    "Plan3": " ",
    "FeatureID": " ",
    "DupeNum": 0,
    "Source": "Stantec",
    "OrthoUpdated": "Yes",
    "GlobalID": "{D4502BB3-35DD-44CD-8DEC-4CED72C097F7}",
    "created_user": "GIS",
    "created_date": 1600300800000,
    "last_edited_user": "GIS",
    "last_edited_date": 1600300800000,
    "Dewb_Edited": 0,
    "AssetStatus": "Active",
    "AccuracyStatus": "Unknown/Null (accurate = no)",
    "InaccuracyType": null,
    "AccuracyDate": null,
    "AccuracyComments": null,
    "ArchiveProjectName": null,
    "ArchiveReason": null,
    "ArchiveDate": null,
    "ArchiveComments": null,
    "ReplacedAssetID": null,
    "AssociatedInspections": null,
    "FID": null,
    "CreationDate": 1667412663429,
    "Creator": "NLandin_wc",
    "EditDate": 1667942792190,
    "Editor": "NLandin_wc"
   }
  },
  {
   "type": "Feature",
   "id": 1286,
   "geometry": {
    "type": "Point",
    "coordinates": [
     -71.09530463570928,
     42.38892950839969
    ]
   },
   "properties": {
    "OBJECTID": 1286,
    "Subtype": 1,
    "FacilityID": "SW-CB-00025",
    "InstallDat": -2261952000000,
    "LifecycleS": "Active",
    "WaterType": "Storm",
    "PlanNum": "BB-12",
    "Owner": "Somerv",
    "Comments": " ",
    "AccessDiam": 0,
    "AccessMate": "Unk",
    "AccesType": "Unk",
    "Station": 9999,
    "RimElevati": 9999,
    "FieldBook": " ",
    "Invert": 9999,
    "Plan1": "BB-12",
    "Plan2": " ",
    "Plan3": " ",
    "FeatureID": "CB-SD-26",
    "DupeNum": 1,
    "Source": "Original City Data",
    "OrthoUpdated": "Yes",
    "GlobalID": "{90D75096-8E74-4797-91B5-C42EE3D1BF6F}",
    "created_user": "GIS",
    "created_date": 1600300800000,
    "last_edited_user": "GIS",
    "last_edited_date": 1600300800000,
    "Dewb_Edited": 0,
    "AssetStatus": "Active",
    "AccuracyStatus": "Unknown/Null (accurate = no)",
    "InaccuracyType": null,
    "AccuracyDate": null,
    "AccuracyComments": null,
    "ArchiveProjectName": null,
    "ArchiveReason": null,
    "ArchiveDate": null,
    "ArchiveComments": null,
    "ReplacedAssetID": null,
    "AssociatedInspections": null,
    "FID": null,
    "CreationDate": 1667412663429,
    "Creator": "NLandin_wc",
    "EditDate": 1667942792190,
    "Editor": "NLandin_wc"
   }
  },
  {
   "type": "Feature",
   "id": 1288,
   "geometry": {
    "type": "Point",
    "coordinates": [
     -71.09684233949244,
     42.38488758268746
    ]
   },
   "properties": {
    "OBJECTID": 1288,
    "Subtype": 0,
    "FacilityID": "SW-CB-02632",
    "InstallDat": null,
    "LifecycleS": " ",
    "WaterType": " ",
    "PlanNum": " ",
    "Owner": " ",
    "Comments": " ",
    "AccessDiam": 0,
    "AccessMate": " ",
    "AccesType": " ",
    "Station": 0,
    "RimElevati": 0,
    "FieldBook": " ",
    "Invert": 0,
    "Plan1": " ",
    "Plan2": " ",
    "Plan3": " ",
    "FeatureID": " ",
    "DupeNum": 0,
    "Source": "2017 Orthophotography",
    "OrthoUpdated": "Yes",
    "GlobalID": "{6371CCBE-2461-488B-BC6A-205995CDEA53}",
    "created_user": "GIS",
    "created_date": 1600300800000,
    "last_edited_user": "GIS",
    "last_edited_date": 1600300800000,
    "Dewb_Edited": 0,
    "AssetStatus": "Active",
    "AccuracyStatus": "Unknown/Null (accurate = no)",
    "InaccuracyType": null,
    "AccuracyDate": null,
    "AccuracyComments": null,
    "ArchiveProjectName": null,
    "ArchiveReason": null,
    "ArchiveDate": null,
    "ArchiveComments": null,
    "ReplacedAssetID": null,
    "AssociatedInspections": null,
    "FID": null,
    "CreationDate": 1667412663429,
    "Creator": "NLandin_wc",
    "EditDate": 1667942792190,
    "Editor": "NLandin_wc"
   }
  },
  {
   "type": "Feature",
   "id": 1290,
   "geometry": {
    "type": "Point",
    "coordinates": [
     -71.10354536910044,
     42.39110173818586
    ]
   },
   "properties": {
    "OBJECTID": 1290,
    "Subtype": 1,
    "FacilityID": "SW-CB-00201",
    "InstallDat": -1356998400000,
    "LifecycleS": "Active",
    "WaterType": "Storm",
    "PlanNum": "MM-8",
    "Owner": "Somerv",
    "Comments": "ASSUMED FROM PLAN TO BE CATCH BASIN - MAY BE OWNED BY B&L R.R. - PLANS GIVE NO PROFILE OR DATA ON STRUCTURES",
    "AccessDiam": 0,
    "AccessMate": "Unk",
    "AccesType": "Unk",
    "Station": 9999,
    "RimElevati": 9999,
    "FieldBook": " ",
    "Invert": 9999,
    "Plan1": "MM-08",
    "Plan2": " ",
    "Plan3": " ",
    "FeatureID": "CB-SD-202",
    "DupeNum": 1,
    "Source": "Original City Data",
    "OrthoUpdated": "Not Visible",
    "GlobalID": "{EC74E524-7C96-4145-8E26-F9B38C15927B}",
    "created_user": "GIS",
    "created_date": 1600300800000,
    "last_edited_user": "GIS",
    "last_edited_date": 1600300800000,
    "Dewb_Edited": 0,
    "AssetStatus": "Active",
    "AccuracyStatus": "Unknown/Null (accurate = no)",
    "InaccuracyType": null,
    "AccuracyDate": null,
    "AccuracyComments": null,
    "ArchiveProjectName": null,
    "ArchiveReason": null,
    "ArchiveDate": null,
    "ArchiveComments": null,
    "ReplacedAssetID": null,
    "AssociatedInspections": null,
    "FID": null,
    "CreationDate": 1667412663429,
    "Creator": "NLandin_wc",
    "EditDate": 1667942792190,
    "Editor": "NLandin_wc"
   }
  },
  {
   "type": "Feature",
   "id": 1293,
   "geometry": {
    "type": "Point",
    "coordinates": [
     -71.1000771491477,
     42.384993430655165
    ]
   },
   "properties": {
    "OBJECTID": 1293,
    "Subtype": 0,
    "FacilityID": "SW-CB-00753",
    "InstallDat": null,
    "LifecycleS": " ",
    "WaterType": " ",
    "PlanNum": " ",
    "Owner": " ",
    "Comments": " ",
    "AccessDiam": 0,
    "AccessMate": " ",
    "AccesType": " ",
    "Station": 0,
    "RimElevati": 0,
    "FieldBook": " ",
    "Invert": 0,
    "Plan1": " ",
    "Plan2": " ",
    "Plan3": " ",
    "FeatureID": " ",
    "DupeNum": 0,
    "Source": "Stantec",
    "OrthoUpdated": "Yes",
    "GlobalID": "{7FCB17E3-04BC-43E9-8FAB-C645A00E1180}",
    "created_user": "GIS",
    "created_date": 1600300800000,
    "last_edited_user": "GIS",
    "last_edited_date": 1600300800000,
    "Dewb_Edited": 0,
    "AssetStatus": "Active",
    "AccuracyStatus": "Unknown/Null (accurate = no)",
    "InaccuracyType": null,
    "AccuracyDate": null,
    "AccuracyComments": null,
    "ArchiveProjectName": null,
    "ArchiveReason": null,
    "ArchiveDate": null,
    "ArchiveComments": null,
    "ReplacedAssetID": null,
    "AssociatedInspections": null,
    "FID": null,
    "CreationDate": 1667412663429,
    "Creator": "NLandin_wc",
    "EditDate": 1667942792190,
    "Editor": "NLandin_wc"
   }
  },
  {
   "type": "Feature",
   "id": 1295,
   "geometry": {
    "type": "Point",
    "coordinates": [
     -71.09637873488234,
     42.38051777274598
    ]
   },
   "properties": {
    "OBJECTID": 1295,
    "Subtype": 0,
    "FacilityID": "SW-CB-00710",
    "InstallDat": null,
    "LifecycleS": " ",
    "WaterType": " ",
    "PlanNum": " ",
    "Owner": " ",
    "Comments": " ",
    "AccessDiam": 0,
    "AccessMate": " ",
    "AccesType": " ",
    "Station": 0,
    "RimElevati": 0,
    "FieldBook": " ",
    "Invert": 0,
    "Plan1": " ",
    "Plan2": " ",
    "Plan3": " ",
    "FeatureID": " ",
    "DupeNum": 0,
    "Source": "Stantec",
    "OrthoUpdated": "Yes",
    "GlobalID": "{E80D54EF-4E03-42FF-BCA8-A0C0EAF18811}",
    "created_user": "GIS",
    "created_date": 1600300800000,
    "last_edited_user": "GIS",
    "last_edited_date": 1600300800000,
    "Dewb_Edited": 0,
    "AssetStatus": "Active",
    "AccuracyStatus": "Unknown/Null (accurate = no)",
    "InaccuracyType": null,
    "AccuracyDate": null,
    "AccuracyComments": null,
    "ArchiveProjectName": null,
    "ArchiveReason": null,
    "ArchiveDate": null,
    "ArchiveComments": null,
    "ReplacedAssetID": null,
    "AssociatedInspections": null,
    "FID": null,
    "CreationDate": 1667412663429,
    "Creator": "NLandin_wc",
    "EditDate": 1667942792190,
    "Editor": "NLandin_wc"
   }
  },
  {
   "type": "Feature",
   "id": 1300,
   "geometry": {
    "type": "Point",
    "coordinates": [
     -71.10478606544795,
     42.38987527416273
    ]
   },
   "properties": {
    "OBJECTID": 1300,
    "Subtype": 0,
    "FacilityID": "SW-CB-00490",
    "InstallDat": 253392451200000,
    "LifecycleS": "Active",
    "WaterType": "Storm",
    "PlanNum": "TB-047",
    "Owner": "Somerv",
    "Comments": " ",
    "AccessDiam": 9999,
    "AccessMate": "Unk",
    "AccesType": "Unk",
    "Station": 9999,
    "RimElevati": 82.95,
    "FieldBook": " ",
    "Invert": 80.65,
    "Plan1": "TB-047",
    "Plan2": " ",
    "Plan3": " ",
    "FeatureID": "CB-SD-491",
    "DupeNum": 1,
    "Source": "Original City Data",
    "OrthoUpdated": "Yes",
    "GlobalID": "{BCD0269A-70D1-43FC-B971-4AAF9961D8E5}",
    "created_user": "GIS",
    "created_date": 1600300800000,
    "last_edited_user": "GIS",
    "last_edited_date": 1600300800000,
    "Dewb_Edited": 0,
    "AssetStatus": "Active",
    "AccuracyStatus": "Unknown/Null (accurate = no)",
    "InaccuracyType": null,
    "AccuracyDate": null,
    "AccuracyComments": null,
    "ArchiveProjectName": null,
    "ArchiveReason": null,
    "ArchiveDate": null,
    "ArchiveComments": null,
    "ReplacedAssetID": null,
    "AssociatedInspections": null,
    "FID": null,
    "CreationDate": 1667412663429,
    "Creator": "NLandin_wc",
    "EditDate": 1667942792190,
    "Editor": "NLandin_wc"
   }
  },
  {
   "type": "Feature",
   "id": 1307,
   "geometry": {
    "type": "Point",
    "coordinates": [
     -71.10760775128405,
     42.390796289148184
    ]
   },
   "properties": {
    "OBJECTID": 1307,
    "Subtype": 0,
    "FacilityID": "SW-CB-00478",
    "InstallDat": 253392451200000,
    "LifecycleS": "Active",
    "WaterType": "Storm",
    "PlanNum": "TB-045",
    "Owner": "Somerv",
    "Comments": " ",
    "AccessDiam": 9999,
    "AccessMate": "Unk",
    "AccesType": "Unk",
    "Station": 9999,
    "RimElevati": 9999,
    "FieldBook": " ",
    "Invert": 9999,
    "Plan1": "TB-045",
    "Plan2": " ",
    "Plan3": " ",
    "FeatureID": "CB-SD-479",
    "DupeNum": 1,
    "Source": "Original City Data",
    "OrthoUpdated": "Yes",
    "GlobalID": "{2B44354D-F7CF-477E-9A1E-0065FF5008AE}",
    "created_user": "GIS",
    "created_date": 1600300800000,
    "last_edited_user": "GIS",
    "last_edited_date": 1600300800000,
    "Dewb_Edited": 0,
    "AssetStatus": "Active",
    "AccuracyStatus": "Unknown/Null (accurate = no)",
    "InaccuracyType": null,
    "AccuracyDate": null,
    "AccuracyComments": null,
    "ArchiveProjectName": null,
    "ArchiveReason": null,
    "ArchiveDate": null,
    "ArchiveComments": null,
    "ReplacedAssetID": null,
    "AssociatedInspections": null,
    "FID": null,
    "CreationDate": 1667412663429,
    "Creator": "NLandin_wc",
    "EditDate": 1667942792190,
    "Editor": "NLandin_wc"
   }
  },
  {
   "type": "Feature",
   "id": 1315,
   "geometry": {
    "type": "Point",
    "coordinates": [
     -71.10005799120837,
     42.38884192721205
    ]
   },
   "properties": {
    "OBJECTID": 1315,
    "Subtype": 0,
    "FacilityID": "SW-CB-02820",
    "InstallDat": null,
    "LifecycleS": " ",
    "WaterType": " ",
    "PlanNum": " ",
    "Owner": " ",
    "Comments": " ",
    "AccessDiam": 0,
    "AccessMate": " ",
    "AccesType": " ",
    "Station": 0,
    "RimElevati": 0,
    "FieldBook": " ",
    "Invert": 0,
    "Plan1": " ",
    "Plan2": " ",
    "Plan3": " ",
    "FeatureID": " ",
    "DupeNum": 0,
    "Source": "2017 Orthophotography",
    "OrthoUpdated": "Yes",
    "GlobalID": "{2ED76301-3E2A-4C81-979A-00F09BFB2BC1}",
    "created_user": "GIS",
    "created_date": 1600300800000,
    "last_edited_user": "GIS",
    "last_edited_date": 1600300800000,
    "Dewb_Edited": 0,
    "AssetStatus": "Active",
    "AccuracyStatus": "Unknown/Null (accurate = no)",
    "InaccuracyType": null,
    "AccuracyDate": null,
    "AccuracyComments": null,
    "ArchiveProjectName": null,
    "ArchiveReason": null,
    "ArchiveDate": null,
    "ArchiveComments": null,
    "ReplacedAssetID": null,
    "AssociatedInspections": null,
    "FID": null,
    "CreationDate": 1667412663429,
    "Creator": "NLandin_wc",
    "EditDate": 1667942792190,
    "Editor": "NLandin_wc"
   }
  },
  {
   "type": "Feature",
   "id": 1316,
   "geometry": {
    "type": "Point",
    "coordinates": [
     -71.10511897931863,
     42.387718387681375
    ]
   },
   "properties": {
    "OBJECTID": 1316,
    "Subtype": 0,
    "FacilityID": "SW-CB-01005",
    "InstallDat": null,
    "LifecycleS": " ",
    "WaterType": " ",
    "PlanNum": " ",
    "Owner": " ",
    "Comments": " ",
    "AccessDiam": 0,
    "AccessMate": " ",
    "AccesType": " ",
    "Station": 0,
    "RimElevati": 0,
    "FieldBook": " ",
    "Invert": 0,
    "Plan1": " ",
    "Plan2": " ",
    "Plan3": " ",
    "FeatureID": " ",
    "DupeNum": 0,
    "Source": "Stantec",
    "OrthoUpdated": "Yes",
    "GlobalID": "{E420E379-2712-4377-BD2F-FD9BC3AF13E2}",
    "created_user": "GIS",
    "created_date": 1600300800000,
    "last_edited_user": "GIS",
    "last_edited_date": 1600300800000,
    "Dewb_Edited": 0,
    "AssetStatus": "Active",
    "AccuracyStatus": "Unknown/Null (accurate = no)",
    "InaccuracyType": null,
    "AccuracyDate": null,
    "AccuracyComments": null,
    "ArchiveProjectName": null,
    "ArchiveReason": null,
    "ArchiveDate": null,
    "ArchiveComments": null,
    "ReplacedAssetID": null,
    "AssociatedInspections": null,
    "FID": null,
    "CreationDate": 1667412663429,
    "Creator": "NLandin_wc",
    "EditDate": 1667942792190,
    "Editor": "NLandin_wc"
   }
  },
  {
   "type": "Feature",
   "id": 1326,
   "geometry": {
    "type": "Point",
    "coordinates": [
     -71.09743351011053,
     42.380447529846215
    ]
   },
   "properties": {
    "OBJECTID": 1326,
    "Subtype": 0,
    "FacilityID": "SW-CB-00692",
    "InstallDat": null,
    "LifecycleS": " ",
    "WaterType": " ",
    "PlanNum": " ",
    "Owner": " ",
    "Comments": " ",
    "AccessDiam": 0,
    "AccessMate": " ",
    "AccesType": " ",
    "Station": 0,
    "RimElevati": 0,
    "FieldBook": " ",
    "Invert": 0,
    "Plan1": " ",
    "Plan2": " ",
    "Plan3": " ",
    "FeatureID": " ",
    "DupeNum": 0,
    "Source": "Stantec",
    "OrthoUpdated": "Yes",
    "GlobalID": "{0B30F059-9846-48BD-A66E-AE67400C5F1C}",
    "created_user": "GIS",
    "created_date": 1600300800000,
    "last_edited_user": "GIS",
    "last_edited_date": 1600300800000,
    "Dewb_Edited": 0,
    "AssetStatus": "Active",
    "AccuracyStatus": "Unknown/Null (accurate = no)",
    "InaccuracyType": null,
    "AccuracyDate": null,
    "AccuracyComments": null,
    "ArchiveProjectName": null,
    "ArchiveReason": null,
    "ArchiveDate": null,
    "ArchiveComments": null,
    "ReplacedAssetID": null,
    "AssociatedInspections": null,
    "FID": null,
    "CreationDate": 1667412663429,
    "Creator": "NLandin_wc",
    "EditDate": 1667942792190,
    "Editor": "NLandin_wc"
   }
  },
  {
   "type": "Feature",
   "id": 1327,
   "geometry": {
    "type": "Point",
    "coordinates": [
     -71.10168467708895,
     42.382606112367235
    ]
   },
   "properties": {
    "OBJECTID": 1327,
    "Subtype": 0,
    "FacilityID": "SW-CB-01056",
    "InstallDat": null,
    "LifecycleS": " ",
    "WaterType": " ",
    "PlanNum": " ",
    "Owner": " ",
    "Comments": " ",
    "AccessDiam": 0,
    "AccessMate": " ",
    "AccesType": " ",
    "Station": 0,
    "RimElevati": 0,
    "FieldBook": " ",
    "Invert": 0,
    "Plan1": " ",
    "Plan2": " ",
    "Plan3": " ",
    "FeatureID": " ",
    "DupeNum": 0,
    "Source": "Stantec",
    "OrthoUpdated": "Yes",
    "GlobalID": "{CC8273D3-A794-4B25-9293-2335CA4FAB10}",
    "created_user": "GIS",
    "created_date": 1600300800000,
    "last_edited_user": "GIS",
    "last_edited_date": 1600300800000,
    "Dewb_Edited": 0,
    "AssetStatus": "Active",
    "AccuracyStatus": "Unknown/Null (accurate = no)",
    "InaccuracyType": null,
    "AccuracyDate": null,
    "AccuracyComments": null,
    "ArchiveProjectName": null,
    "ArchiveReason": null,
    "ArchiveDate": null,
    "ArchiveComments": null,
    "ReplacedAssetID": null,
    "AssociatedInspections": null,
    "FID": null,
    "CreationDate": 1667412663429,
    "Creator": "NLandin_wc",
    "EditDate": 1667942792190,
    "Editor": "NLandin_wc"
   }
  },
  {
   "type": "Feature",
   "id": 1330,
   "geometry": {
    "type": "Point",
    "coordinates": [
     -71.09599862954116,
     42.39079625018209
    ]
   },
   "properties": {
    "OBJECTID": 1330,
    "Subtype": 0,
    "FacilityID": "SW-CB-02681",
    "InstallDat": null,
    "LifecycleS": " ",
    "WaterType": " ",
    "PlanNum": " ",
    "Owner": " ",
    "Comments": " ",
    "AccessDiam": 0,
    "AccessMate": " ",
    "AccesType": " ",
    "Station": 0,
    "RimElevati": 0,
    "FieldBook": " ",
    "Invert": 0,
    "Plan1": " ",
    "Plan2": " ",
    "Plan3": " ",
    "FeatureID": " ",
    "DupeNum": 0,
    "Source": "2017 Orthophotography",
    "OrthoUpdated": "Yes",
    "GlobalID": "{54D47163-86A7-4F73-941C-E8B3A09D6902}",
    "created_user": "GIS",
    "created_date": 1600300800000,
    "last_edited_user": "GIS",
    "last_edited_date": 1600300800000,
    "Dewb_Edited": 0,
    "AssetStatus": "Active",
    "AccuracyStatus": "Unknown/Null (accurate = no)",
    "InaccuracyType": null,
    "AccuracyDate": null,
    "AccuracyComments": null,
    "ArchiveProjectName": null,
    "ArchiveReason": null,
    "ArchiveDate": null,
    "ArchiveComments": null,
    "ReplacedAssetID": null,
    "AssociatedInspections": null,
    "FID": null,
    "CreationDate": 1667412663429,
    "Creator": "NLandin_wc",
    "EditDate": 1667942792190,
    "Editor": "NLandin_wc"
   }
  },
  {
   "type": "Feature",
   "id": 1331,
   "geometry": {
    "type": "Point",
    "coordinates": [
     -71.10885800960303,
     42.3856882283032
    ]
   },
   "properties": {
    "OBJECTID": 1331,
    "Subtype": 0,
    "FacilityID": "SW-CB-00946",
    "InstallDat": null,
    "LifecycleS": " ",
    "WaterType": " ",
    "PlanNum": " ",
    "Owner": " ",
    "Comments": " ",
    "AccessDiam": 0,
    "AccessMate": " ",
    "AccesType": " ",
    "Station": 0,
    "RimElevati": 0,
    "FieldBook": " ",
    "Invert": 0,
    "Plan1": " ",
    "Plan2": " ",
    "Plan3": " ",
    "FeatureID": " ",
    "DupeNum": 0,
    "Source": "Stantec",
    "OrthoUpdated": "Yes",
    "GlobalID": "{A9D82EDB-2179-4002-9E97-F0C15616276D}",
    "created_user": "GIS",
    "created_date": 1600300800000,
    "last_edited_user": "GIS",
    "last_edited_date": 1600300800000,
    "Dewb_Edited": 0,
    "AssetStatus": "Active",
    "AccuracyStatus": "Unknown/Null (accurate = no)",
    "InaccuracyType": null,
    "AccuracyDate": null,
    "AccuracyComments": null,
    "ArchiveProjectName": null,
    "ArchiveReason": null,
    "ArchiveDate": null,
    "ArchiveComments": null,
    "ReplacedAssetID": null,
    "AssociatedInspections": null,
    "FID": null,
    "CreationDate": 1667412663429,
    "Creator": "NLandin_wc",
    "EditDate": 1667942792190,
    "Editor": "NLandin_wc"
   }
  },
  {
   "type": "Feature",
   "id": 1332,
   "geometry": {
    "type": "Point",
    "coordinates": [
     -71.10730627552313,
     42.383497793893355
    ]
   },
   "properties": {
    "OBJECTID": 1332,
    "Subtype": 0,
    "FacilityID": "SW-CB-00979",
    "InstallDat": null,
    "LifecycleS": " ",
    "WaterType": " ",
    "PlanNum": " ",
    "Owner": " ",
    "Comments": " ",
    "AccessDiam": 0,
    "AccessMate": " ",
    "AccesType": " ",
    "Station": 0,
    "RimElevati": 0,
    "FieldBook": " ",
    "Invert": 0,
    "Plan1": " ",
    "Plan2": " ",
    "Plan3": " ",
    "FeatureID": " ",
    "DupeNum": 0,
    "Source": "Stantec",
    "OrthoUpdated": "Yes",
    "GlobalID": "{2CF74F92-B3C9-4617-8F08-E1998C799F3A}",
    "created_user": "GIS",
    "created_date": 1600300800000,
    "last_edited_user": "GIS",
    "last_edited_date": 1600300800000,
    "Dewb_Edited": 0,
    "AssetStatus": "Active",
    "AccuracyStatus": "Unknown/Null (accurate = no)",
    "InaccuracyType": null,
    "AccuracyDate": null,
    "AccuracyComments": null,
    "ArchiveProjectName": null,
    "ArchiveReason": null,
    "ArchiveDate": null,
    "ArchiveComments": null,
    "ReplacedAssetID": null,
    "AssociatedInspections": null,
    "FID": null,
    "CreationDate": 1667412663429,
    "Creator": "NLandin_wc",
    "EditDate": 1667942792190,
    "Editor": "NLandin_wc"
   }
  },
  {
   "type": "Feature",
   "id": 1334,
   "geometry": {
    "type": "Point",
    "coordinates": [
     -71.09944415488872,
     42.38151539935539
    ]
   },
   "properties": {
    "OBJECTID": 1334,
    "Subtype": 0,
    "FacilityID": "SW-CB-00705",
    "InstallDat": null,
    "LifecycleS": " ",
    "WaterType": " ",
    "PlanNum": " ",
    "Owner": " ",
    "Comments": " ",
    "AccessDiam": 0,
    "AccessMate": " ",
    "AccesType": " ",
    "Station": 0,
    "RimElevati": 0,
    "FieldBook": " ",
    "Invert": 0,
    "Plan1": " ",
    "Plan2": " ",
    "Plan3": " ",
    "FeatureID": " ",
    "DupeNum": 0,
    "Source": "Stantec",
    "OrthoUpdated": "Yes",
    "GlobalID": "{FFC682B8-820B-4124-BA9A-2AEC49C16393}",
    "created_user": "GIS",
    "created_date": 1600300800000,
    "last_edited_user": "GIS",
    "last_edited_date": 1600300800000,
    "Dewb_Edited": 0,
    "AssetStatus": "Active",
    "AccuracyStatus": "Unknown/Null (accurate = no)",
    "InaccuracyType": null,
    "AccuracyDate": null,
    "AccuracyComments": null,
    "ArchiveProjectName": null,
    "ArchiveReason": null,
    "ArchiveDate": null,
    "ArchiveComments": null,
    "ReplacedAssetID": null,
    "AssociatedInspections": null,
    "FID": null,
    "CreationDate": 1667412663429,
    "Creator": "NLandin_wc",
    "EditDate": 1667942792190,
    "Editor": "NLandin_wc"
   }
  },
  {
   "type": "Feature",
   "id": 1335,
   "geometry": {
    "type": "Point",
    "coordinates": [
     -71.10852075395363,
     42.38365465852219
    ]
   },
   "properties": {
    "OBJECTID": 1335,
    "Subtype": 0,
    "FacilityID": "SW-CB-00969",
    "InstallDat": null,
    "LifecycleS": " ",
    "WaterType": " ",
    "PlanNum": " ",
    "Owner": " ",
    "Comments": " ",
    "AccessDiam": 0,
    "AccessMate": " ",
    "AccesType": " ",
    "Station": 0,
    "RimElevati": 0,
    "FieldBook": " ",
    "Invert": 0,
    "Plan1": " ",
    "Plan2": " ",
    "Plan3": " ",
    "FeatureID": " ",
    "DupeNum": 0,
    "Source": "Stantec",
    "OrthoUpdated": "Yes",
    "GlobalID": "{51F27FF4-37ED-48A5-AE16-8872A3AF30B2}",
    "created_user": "GIS",
    "created_date": 1600300800000,
    "last_edited_user": "GIS",
    "last_edited_date": 1600300800000,
    "Dewb_Edited": 0,
    "AssetStatus": "Active",
    "AccuracyStatus": "Unknown/Null (accurate = no)",
    "InaccuracyType": null,
    "AccuracyDate": null,
    "AccuracyComments": null,
    "ArchiveProjectName": null,
    "ArchiveReason": null,
    "ArchiveDate": null,
    "ArchiveComments": null,
    "ReplacedAssetID": null,
    "AssociatedInspections": null,
    "FID": null,
    "CreationDate": 1667412663429,
    "Creator": "NLandin_wc",
    "EditDate": 1667942792190,
    "Editor": "NLandin_wc"
   }
  },
  {
   "type": "Feature",
   "id": 1339,
   "geometry": {
    "type": "Point",
    "coordinates": [
     -71.1012363387537,
     42.38191342230591
    ]
   },
   "properties": {
    "OBJECTID": 1339,
    "Subtype": 0,
    "FacilityID": "SW-CB-01076",
    "InstallDat": null,
    "LifecycleS": " ",
    "WaterType": " ",
    "PlanNum": " ",
    "Owner": " ",
    "Comments": " ",
    "AccessDiam": 0,
    "AccessMate": " ",
    "AccesType": " ",
    "Station": 0,
    "RimElevati": 0,
    "FieldBook": " ",
    "Invert": 0,
    "Plan1": " ",
    "Plan2": " ",
    "Plan3": " ",
    "FeatureID": " ",
    "DupeNum": 0,
    "Source": "Stantec",
    "OrthoUpdated": "Yes",
    "GlobalID": "{443D2B8A-2DD5-4A21-A49D-A4B1DCDE60B5}",
    "created_user": "GIS",
    "created_date": 1600300800000,
    "last_edited_user": "GIS",
    "last_edited_date": 1600300800000,
    "Dewb_Edited": 0,
    "AssetStatus": "Active",
    "AccuracyStatus": "Unknown/Null (accurate = no)",
    "InaccuracyType": null,
    "AccuracyDate": null,
    "AccuracyComments": null,
    "ArchiveProjectName": null,
    "ArchiveReason": null,
    "ArchiveDate": null,
    "ArchiveComments": null,
    "ReplacedAssetID": null,
    "AssociatedInspections": null,
    "FID": null,
    "CreationDate": 1667412663429,
    "Creator": "NLandin_wc",
    "EditDate": 1667942792190,
    "Editor": "NLandin_wc"
   }
  },
  {
   "type": "Feature",
   "id": 1350,
   "geometry": {
    "type": "Point",
    "coordinates": [
     -71.10787821634976,
     42.38368498955488
    ]
   },
   "properties": {
    "OBJECTID": 1350,
    "Subtype": 0,
    "FacilityID": "SW-CB-00966",
    "InstallDat": null,
    "LifecycleS": " ",
    "WaterType": " ",
    "PlanNum": " ",
    "Owner": " ",
    "Comments": " ",
    "AccessDiam": 0,
    "AccessMate": " ",
    "AccesType": " ",
    "Station": 0,
    "RimElevati": 0,
    "FieldBook": " ",
    "Invert": 0,
    "Plan1": " ",
    "Plan2": " ",
    "Plan3": " ",
    "FeatureID": " ",
    "DupeNum": 0,
    "Source": "Stantec",
    "OrthoUpdated": "Yes",
    "GlobalID": "{5D6D99AE-252F-4530-A429-3231BC5CE06C}",
    "created_user": "GIS",
    "created_date": 1600300800000,
    "last_edited_user": "GIS",
    "last_edited_date": 1600300800000,
    "Dewb_Edited": 0,
    "AssetStatus": "Active",
    "AccuracyStatus": "Unknown/Null (accurate = no)",
    "InaccuracyType": null,
    "AccuracyDate": null,
    "AccuracyComments": null,
    "ArchiveProjectName": null,
    "ArchiveReason": null,
    "ArchiveDate": null,
    "ArchiveComments": null,
    "ReplacedAssetID": null,
    "AssociatedInspections": null,
    "FID": null,
    "CreationDate": 1667412663429,
    "Creator": "NLandin_wc",
    "EditDate": 1667942792190,
    "Editor": "NLandin_wc"
   }
  },
  {
   "type": "Feature",
   "id": 1353,
   "geometry": {
    "type": "Point",
    "coordinates": [
     -71.10277959273209,
     42.3821883256335
    ]
   },
   "properties": {
    "OBJECTID": 1353,
    "Subtype": 0,
    "FacilityID": "SW-CB-01050",
    "InstallDat": null,
    "LifecycleS": " ",
    "WaterType": " ",
    "PlanNum": " ",
    "Owner": " ",
    "Comments": " ",
    "AccessDiam": 0,
    "AccessMate": " ",
    "AccesType": " ",
    "Station": 0,
    "RimElevati": 0,
    "FieldBook": " ",
    "Invert": 0,
    "Plan1": " ",
    "Plan2": " ",
    "Plan3": " ",
    "FeatureID": " ",
    "DupeNum": 0,
    "Source": "Stantec",
    "OrthoUpdated": "Yes",
    "GlobalID": "{41755062-490E-48A5-B18A-BE6E25744E8F}",
    "created_user": "GIS",
    "created_date": 1600300800000,
    "last_edited_user": "GIS",
    "last_edited_date": 1600300800000,
    "Dewb_Edited": 0,
    "AssetStatus": "Active",
    "AccuracyStatus": "Unknown/Null (accurate = no)",
    "InaccuracyType": null,
    "AccuracyDate": null,
    "AccuracyComments": null,
    "ArchiveProjectName": null,
    "ArchiveReason": null,
    "ArchiveDate": null,
    "ArchiveComments": null,
    "ReplacedAssetID": null,
    "AssociatedInspections": null,
    "FID": null,
    "CreationDate": 1667412663429,
    "Creator": "NLandin_wc",
    "EditDate": 1667942792190,
    "Editor": "NLandin_wc"
   }
  },
  {
   "type": "Feature",
   "id": 1355,
   "geometry": {
    "type": "Point",
    "coordinates": [
     -71.10053192285109,
     42.38986972969938
    ]
   },
   "properties": {
    "OBJECTID": 1355,
    "Subtype": 1,
    "FacilityID": "SW-CB-00212",
    "InstallDat": -1356998400000,
    "LifecycleS": "Active",
    "WaterType": "Storm",
    "PlanNum": "MM-8",
    "Owner": "Somerv",
    "Comments": "ASSUMED FROM PLAN TO BE CATCH BASIN - MAY BE OWNED BY B&L R.R. - PLANS GIVE NO PROFILE OR DATA ON STRUCTURES",
    "AccessDiam": 0,
    "AccessMate": "Unk",
    "AccesType": "Unk",
    "Station": 9999,
    "RimElevati": 9999,
    "FieldBook": " ",
    "Invert": 9999,
    "Plan1": "MM-08",
    "Plan2": " ",
    "Plan3": " ",
    "FeatureID": "CB-SD-213",
    "DupeNum": 1,
    "Source": "Original City Data",
    "OrthoUpdated": "Yes",
    "GlobalID": "{37361F78-7253-4DBC-BBB7-668907A3F045}",
    "created_user": "GIS",
    "created_date": 1600300800000,
    "last_edited_user": "GIS",
    "last_edited_date": 1600300800000,
    "Dewb_Edited": 0,
    "AssetStatus": "Active",
    "AccuracyStatus": "Unknown/Null (accurate = no)",
    "InaccuracyType": null,
    "AccuracyDate": null,
    "AccuracyComments": null,
    "ArchiveProjectName": null,
    "ArchiveReason": null,
    "ArchiveDate": null,
    "ArchiveComments": null,
    "ReplacedAssetID": null,
    "AssociatedInspections": null,
    "FID": null,
    "CreationDate": 1667412663429,
    "Creator": "NLandin_wc",
    "EditDate": 1667942792190,
    "Editor": "NLandin_wc"
   }
  },
  {
   "type": "Feature",
   "id": 1365,
   "geometry": {
    "type": "Point",
    "coordinates": [
     -71.10359672418375,
     42.38453705013815
    ]
   },
   "properties": {
    "OBJECTID": 1365,
    "Subtype": 0,
    "FacilityID": "SW-CB-01018",
    "InstallDat": null,
    "LifecycleS": " ",
    "WaterType": " ",
    "PlanNum": " ",
    "Owner": " ",
    "Comments": " ",
    "AccessDiam": 0,
    "AccessMate": " ",
    "AccesType": " ",
    "Station": 0,
    "RimElevati": 0,
    "FieldBook": " ",
    "Invert": 0,
    "Plan1": " ",
    "Plan2": " ",
    "Plan3": " ",
    "FeatureID": " ",
    "DupeNum": 0,
    "Source": "Stantec",
    "OrthoUpdated": "Yes",
    "GlobalID": "{15F81E56-22DF-45AC-A398-D4EF03B6B88A}",
    "created_user": "GIS",
    "created_date": 1600300800000,
    "last_edited_user": "GIS",
    "last_edited_date": 1600300800000,
    "Dewb_Edited": 0,
    "AssetStatus": "Active",
    "AccuracyStatus": "Unknown/Null (accurate = no)",
    "InaccuracyType": null,
    "AccuracyDate": null,
    "AccuracyComments": null,
    "ArchiveProjectName": null,
    "ArchiveReason": null,
    "ArchiveDate": null,
    "ArchiveComments": null,
    "ReplacedAssetID": null,
    "AssociatedInspections": null,
    "FID": null,
    "CreationDate": 1667412663429,
    "Creator": "NLandin_wc",
    "EditDate": 1667942792190,
    "Editor": "NLandin_wc"
   }
  },
  {
   "type": "Feature",
   "id": 1366,
   "geometry": {
    "type": "Point",
    "coordinates": [
     -71.0938271127078,
     42.38222377467424
    ]
   },
   "properties": {
    "OBJECTID": 1366,
    "Subtype": 0,
    "FacilityID": "SW-CB-01097",
    "InstallDat": null,
    "LifecycleS": " ",
    "WaterType": " ",
    "PlanNum": " ",
    "Owner": " ",
    "Comments": " ",
    "AccessDiam": 0,
    "AccessMate": " ",
    "AccesType": " ",
    "Station": 0,
    "RimElevati": 0,
    "FieldBook": " ",
    "Invert": 0,
    "Plan1": " ",
    "Plan2": " ",
    "Plan3": " ",
    "FeatureID": " ",
    "DupeNum": 0,
    "Source": "Stantec",
    "OrthoUpdated": "Yes",
    "GlobalID": "{705A4C15-0041-45B4-912C-56FF027E3B72}",
    "created_user": "GIS",
    "created_date": 1600300800000,
    "last_edited_user": "GIS",
    "last_edited_date": 1600300800000,
    "Dewb_Edited": 0,
    "AssetStatus": "Active",
    "AccuracyStatus": "Unknown/Null (accurate = no)",
    "InaccuracyType": null,
    "AccuracyDate": null,
    "AccuracyComments": null,
    "ArchiveProjectName": null,
    "ArchiveReason": null,
    "ArchiveDate": null,
    "ArchiveComments": null,
    "ReplacedAssetID": null,
    "AssociatedInspections": null,
    "FID": null,
    "CreationDate": 1667412663429,
    "Creator": "NLandin_wc",
    "EditDate": 1667942792190,
    "Editor": "NLandin_wc"
   }
  },
  {
   "type": "Feature",
   "id": 1369,
   "geometry": {
    "type": "Point",
    "coordinates": [
     -71.10586920507627,
     42.380130725908145
    ]
   },
   "properties": {
    "OBJECTID": 1369,
    "Subtype": 0,
    "FacilityID": "SW-CB-02569",
    "InstallDat": null,
    "LifecycleS": " ",
    "WaterType": " ",
    "PlanNum": " ",
    "Owner": " ",
    "Comments": " ",
    "AccessDiam": 0,
    "AccessMate": " ",
    "AccesType": " ",
    "Station": 0,
    "RimElevati": 0,
    "FieldBook": " ",
    "Invert": 0,
    "Plan1": " ",
    "Plan2": " ",
    "Plan3": " ",
    "FeatureID": " ",
    "DupeNum": 0,
    "Source": "2017 Orthophotography",
    "OrthoUpdated": "Yes",
    "GlobalID": "{160741A7-9460-49D0-AF90-83B14294A6D6}",
    "created_user": "GIS",
    "created_date": 1600300800000,
    "last_edited_user": "GIS",
    "last_edited_date": 1600300800000,
    "Dewb_Edited": 0,
    "AssetStatus": "Active",
    "AccuracyStatus": "Unknown/Null (accurate = no)",
    "InaccuracyType": null,
    "AccuracyDate": null,
    "AccuracyComments": null,
    "ArchiveProjectName": null,
    "ArchiveReason": null,
    "ArchiveDate": null,
    "ArchiveComments": null,
    "ReplacedAssetID": null,
    "AssociatedInspections": null,
    "FID": null,
    "CreationDate": 1667412663429,
    "Creator": "NLandin_wc",
    "EditDate": 1667942792190,
    "Editor": "NLandin_wc"
   }
  },
  {
   "type": "Feature",
   "id": 1376,
   "geometry": {
    "type": "Point",
    "coordinates": [
     -71.1030462523773,
     42.38298156574388
    ]
   },
   "properties": {
    "OBJECTID": 1376,
    "Subtype": 0,
    "FacilityID": "SW-CB-01044",
    "InstallDat": null,
    "LifecycleS": " ",
    "WaterType": " ",
    "PlanNum": " ",
    "Owner": " ",
    "Comments": " ",
    "AccessDiam": 0,
    "AccessMate": " ",
    "AccesType": " ",
    "Station": 0,
    "RimElevati": 0,
    "FieldBook": " ",
    "Invert": 0,
    "Plan1": " ",
    "Plan2": " ",
    "Plan3": " ",
    "FeatureID": " ",
    "DupeNum": 0,
    "Source": "Stantec",
    "OrthoUpdated": "Yes",
    "GlobalID": "{9B760681-4EA7-4256-9CAE-ECFB9364678F}",
    "created_user": "GIS",
    "created_date": 1600300800000,
    "last_edited_user": "GIS",
    "last_edited_date": 1600300800000,
    "Dewb_Edited": 0,
    "AssetStatus": "Active",
    "AccuracyStatus": "Unknown/Null (accurate = no)",
    "InaccuracyType": null,
    "AccuracyDate": null,
    "AccuracyComments": null,
    "ArchiveProjectName": null,
    "ArchiveReason": null,
    "ArchiveDate": null,
    "ArchiveComments": null,
    "ReplacedAssetID": null,
    "AssociatedInspections": null,
    "FID": null,
    "CreationDate": 1667412663429,
    "Creator": "NLandin_wc",
    "EditDate": 1667942792190,
    "Editor": "NLandin_wc"
   }
  },
  {
   "type": "Feature",
   "id": 1396,
   "geometry": {
    "type": "Point",
    "coordinates": [
     -71.1064304156153,
     42.38401962656948
    ]
   },
   "properties": {
    "OBJECTID": 1396,
    "Subtype": 0,
    "FacilityID": "SW-CB-00984",
    "InstallDat": null,
    "LifecycleS": " ",
    "WaterType": " ",
    "PlanNum": " ",
    "Owner": " ",
    "Comments": " ",
    "AccessDiam": 0,
    "AccessMate": " ",
    "AccesType": " ",
    "Station": 0,
    "RimElevati": 0,
    "FieldBook": " ",
    "Invert": 0,
    "Plan1": " ",
    "Plan2": " ",
    "Plan3": " ",
    "FeatureID": " ",
    "DupeNum": 0,
    "Source": "Stantec",
    "OrthoUpdated": "Yes",
    "GlobalID": "{817A4909-3984-490D-8E2D-3081E4D5F999}",
    "created_user": "GIS",
    "created_date": 1600300800000,
    "last_edited_user": "GIS",
    "last_edited_date": 1600300800000,
    "Dewb_Edited": 0,
    "AssetStatus": "Active",
    "AccuracyStatus": "Unknown/Null (accurate = no)",
    "InaccuracyType": null,
    "AccuracyDate": null,
    "AccuracyComments": null,
    "ArchiveProjectName": null,
    "ArchiveReason": null,
    "ArchiveDate": null,
    "ArchiveComments": null,
    "ReplacedAssetID": null,
    "AssociatedInspections": null,
    "FID": null,
    "CreationDate": 1667412663429,
    "Creator": "NLandin_wc",
    "EditDate": 1667942792190,
    "Editor": "NLandin_wc"
   }
  },
  {
   "type": "Feature",
   "id": 1410,
   "geometry": {
    "type": "Point",
    "coordinates": [
     -71.10179228770592,
     42.38794172795452
    ]
   },
   "properties": {
    "OBJECTID": 1410,
    "Subtype": 0,
    "FacilityID": "SW-CB-01014",
    "InstallDat": null,
    "LifecycleS": " ",
    "WaterType": " ",
    "PlanNum": " ",
    "Owner": " ",
    "Comments": " ",
    "AccessDiam": 0,
    "AccessMate": " ",
    "AccesType": " ",
    "Station": 0,
    "RimElevati": 0,
    "FieldBook": " ",
    "Invert": 0,
    "Plan1": " ",
    "Plan2": " ",
    "Plan3": " ",
    "FeatureID": " ",
    "DupeNum": 0,
    "Source": "Stantec",
    "OrthoUpdated": "Yes",
    "GlobalID": "{ABCD99CF-955C-4437-AC89-D1462D08C2C9}",
    "created_user": "GIS",
    "created_date": 1600300800000,
    "last_edited_user": "GIS",
    "last_edited_date": 1600300800000,
    "Dewb_Edited": 0,
    "AssetStatus": "Active",
    "AccuracyStatus": "Unknown/Null (accurate = no)",
    "InaccuracyType": null,
    "AccuracyDate": null,
    "AccuracyComments": null,
    "ArchiveProjectName": null,
    "ArchiveReason": null,
    "ArchiveDate": null,
    "ArchiveComments": null,
    "ReplacedAssetID": null,
    "AssociatedInspections": null,
    "FID": null,
    "CreationDate": 1667412663429,
    "Creator": "NLandin_wc",
    "EditDate": 1667942792190,
    "Editor": "NLandin_wc"
   }
  },
  {
   "type": "Feature",
   "id": 1412,
   "geometry": {
    "type": "Point",
    "coordinates": [
     -71.10573088030591,
     42.38631045099807
    ]
   },
   "properties": {
    "OBJECTID": 1412,
    "Subtype": 0,
    "FacilityID": "SW-CB-00995",
    "InstallDat": null,
    "LifecycleS": " ",
    "WaterType": " ",
    "PlanNum": " ",
    "Owner": " ",
    "Comments": " ",
    "AccessDiam": 0,
    "AccessMate": " ",
    "AccesType": " ",
    "Station": 0,
    "RimElevati": 0,
    "FieldBook": " ",
    "Invert": 0,
    "Plan1": " ",
    "Plan2": " ",
    "Plan3": " ",
    "FeatureID": " ",
    "DupeNum": 0,
    "Source": "Stantec",
    "OrthoUpdated": "Yes",
    "GlobalID": "{266B8385-2B43-464E-B0F5-8CEEC89F9A47}",
    "created_user": "GIS",
    "created_date": 1600300800000,
    "last_edited_user": "GIS",
    "last_edited_date": 1600300800000,
    "Dewb_Edited": 0,
    "AssetStatus": "Active",
    "AccuracyStatus": "Unknown/Null (accurate = no)",
    "InaccuracyType": null,
    "AccuracyDate": null,
    "AccuracyComments": null,
    "ArchiveProjectName": null,
    "ArchiveReason": null,
    "ArchiveDate": null,
    "ArchiveComments": null,
    "ReplacedAssetID": null,
    "AssociatedInspections": null,
    "FID": null,
    "CreationDate": 1667412663429,
    "Creator": "NLandin_wc",
    "EditDate": 1667942792190,
    "Editor": "NLandin_wc"
   }
  },
  {
   "type": "Feature",
   "id": 1413,
   "geometry": {
    "type": "Point",
    "coordinates": [
     -71.10675930368507,
     42.38974128739436
    ]
   },
   "properties": {
    "OBJECTID": 1413,
    "Subtype": 0,
    "FacilityID": "SW-CB-02753",
    "InstallDat": null,
    "LifecycleS": " ",
    "WaterType": " ",
    "PlanNum": " ",
    "Owner": " ",
    "Comments": " ",
    "AccessDiam": 0,
    "AccessMate": " ",
    "AccesType": " ",
    "Station": 0,
    "RimElevati": 0,
    "FieldBook": " ",
    "Invert": 0,
    "Plan1": " ",
    "Plan2": " ",
    "Plan3": " ",
    "FeatureID": " ",
    "DupeNum": 0,
    "Source": "2017 Orthophotography",
    "OrthoUpdated": "Yes",
    "GlobalID": "{3BC626E9-E0D2-4B2A-B8BF-95D1369E724E}",
    "created_user": "GIS",
    "created_date": 1600300800000,
    "last_edited_user": "GIS",
    "last_edited_date": 1600300800000,
    "Dewb_Edited": 0,
    "AssetStatus": "Active",
    "AccuracyStatus": "Unknown/Null (accurate = no)",
    "InaccuracyType": null,
    "AccuracyDate": null,
    "AccuracyComments": null,
    "ArchiveProjectName": null,
    "ArchiveReason": null,
    "ArchiveDate": null,
    "ArchiveComments": null,
    "ReplacedAssetID": null,
    "AssociatedInspections": null,
    "FID": null,
    "CreationDate": 1667412663429,
    "Creator": "NLandin_wc",
    "EditDate": 1667942792190,
    "Editor": "NLandin_wc"
   }
  },
  {
   "type": "Feature",
   "id": 1422,
   "geometry": {
    "type": "Point",
    "coordinates": [
     -71.09972498123946,
     42.38544741529215
    ]
   },
   "properties": {
    "OBJECTID": 1422,
    "Subtype": 0,
    "FacilityID": "SW-CB-00799",
    "InstallDat": null,
    "LifecycleS": " ",
    "WaterType": " ",
    "PlanNum": " ",
    "Owner": " ",
    "Comments": " ",
    "AccessDiam": 0,
    "AccessMate": " ",
    "AccesType": " ",
    "Station": 0,
    "RimElevati": 0,
    "FieldBook": " ",
    "Invert": 0,
    "Plan1": " ",
    "Plan2": " ",
    "Plan3": " ",
    "FeatureID": " ",
    "DupeNum": 0,
    "Source": "Stantec",
    "OrthoUpdated": "Yes",
    "GlobalID": "{6DEC58C8-E766-49B0-B85A-D330A70A7E75}",
    "created_user": "GIS",
    "created_date": 1600300800000,
    "last_edited_user": "GIS",
    "last_edited_date": 1600300800000,
    "Dewb_Edited": 0,
    "AssetStatus": "Active",
    "AccuracyStatus": "Unknown/Null (accurate = no)",
    "InaccuracyType": null,
    "AccuracyDate": null,
    "AccuracyComments": null,
    "ArchiveProjectName": null,
    "ArchiveReason": null,
    "ArchiveDate": null,
    "ArchiveComments": null,
    "ReplacedAssetID": null,
    "AssociatedInspections": null,
    "FID": null,
    "CreationDate": 1667412663429,
    "Creator": "NLandin_wc",
    "EditDate": 1667942792190,
    "Editor": "NLandin_wc"
   }
  },
  {
   "type": "Feature",
   "id": 1425,
   "geometry": {
    "type": "Point",
    "coordinates": [
     -71.09861905063451,
     42.382573230981414
    ]
   },
   "properties": {
    "OBJECTID": 1425,
    "Subtype": 0,
    "FacilityID": "SW-CB-00729",
    "InstallDat": null,
    "LifecycleS": " ",
    "WaterType": " ",
    "PlanNum": " ",
    "Owner": " ",
    "Comments": " ",
    "AccessDiam": 0,
    "AccessMate": " ",
    "AccesType": " ",
    "Station": 0,
    "RimElevati": 0,
    "FieldBook": " ",
    "Invert": 0,
    "Plan1": " ",
    "Plan2": " ",
    "Plan3": " ",
    "FeatureID": " ",
    "DupeNum": 0,
    "Source": "Stantec",
    "OrthoUpdated": "Yes",
    "GlobalID": "{9B1A2071-98CB-4312-B577-BC3E8F7D6F5A}",
    "created_user": "GIS",
    "created_date": 1600300800000,
    "last_edited_user": "GIS",
    "last_edited_date": 1600300800000,
    "Dewb_Edited": 0,
    "AssetStatus": "Active",
    "AccuracyStatus": "Unknown/Null (accurate = no)",
    "InaccuracyType": null,
    "AccuracyDate": null,
    "AccuracyComments": null,
    "ArchiveProjectName": null,
    "ArchiveReason": null,
    "ArchiveDate": null,
    "ArchiveComments": null,
    "ReplacedAssetID": null,
    "AssociatedInspections": null,
    "FID": null,
    "CreationDate": 1667412663429,
    "Creator": "NLandin_wc",
    "EditDate": 1667942792190,
    "Editor": "NLandin_wc"
   }
  },
  {
   "type": "Feature",
   "id": 1432,
   "geometry": {
    "type": "Point",
    "coordinates": [
     -71.10200150435504,
     42.3842303622325
    ]
   },
   "properties": {
    "OBJECTID": 1432,
    "Subtype": 0,
    "FacilityID": "SW-CB-01067",
    "InstallDat": null,
    "LifecycleS": " ",
    "WaterType": " ",
    "PlanNum": " ",
    "Owner": " ",
    "Comments": " ",
    "AccessDiam": 0,
    "AccessMate": " ",
    "AccesType": " ",
    "Station": 0,
    "RimElevati": 0,
    "FieldBook": " ",
    "Invert": 0,
    "Plan1": " ",
    "Plan2": " ",
    "Plan3": " ",
    "FeatureID": " ",
    "DupeNum": 0,
    "Source": "Stantec",
    "OrthoUpdated": "Yes",
    "GlobalID": "{4B60ED95-03E5-4038-B5AA-8D3D50BEF923}",
    "created_user": "GIS",
    "created_date": 1600300800000,
    "last_edited_user": "GIS",
    "last_edited_date": 1600300800000,
    "Dewb_Edited": 0,
    "AssetStatus": "Active",
    "AccuracyStatus": "Unknown/Null (accurate = no)",
    "InaccuracyType": null,
    "AccuracyDate": null,
    "AccuracyComments": null,
    "ArchiveProjectName": null,
    "ArchiveReason": null,
    "ArchiveDate": null,
    "ArchiveComments": null,
    "ReplacedAssetID": null,
    "AssociatedInspections": null,
    "FID": null,
    "CreationDate": 1667412663429,
    "Creator": "NLandin_wc",
    "EditDate": 1667942792190,
    "Editor": "NLandin_wc"
   }
  },
  {
   "type": "Feature",
   "id": 1434,
   "geometry": {
    "type": "Point",
    "coordinates": [
     -71.1069037967114,
     42.38185109401698
    ]
   },
   "properties": {
    "OBJECTID": 1434,
    "Subtype": 0,
    "FacilityID": "SW-CB-02612",
    "InstallDat": null,
    "LifecycleS": " ",
    "WaterType": " ",
    "PlanNum": " ",
    "Owner": " ",
    "Comments": " ",
    "AccessDiam": 0,
    "AccessMate": " ",
    "AccesType": " ",
    "Station": 0,
    "RimElevati": 0,
    "FieldBook": " ",
    "Invert": 0,
    "Plan1": " ",
    "Plan2": " ",
    "Plan3": " ",
    "FeatureID": " ",
    "DupeNum": 0,
    "Source": "2017 Orthophotography",
    "OrthoUpdated": "Yes",
    "GlobalID": "{64158215-7EDC-47E4-AC39-E87452806A8E}",
    "created_user": "GIS",
    "created_date": 1600300800000,
    "last_edited_user": "GIS",
    "last_edited_date": 1600300800000,
    "Dewb_Edited": 0,
    "AssetStatus": "Active",
    "AccuracyStatus": "Unknown/Null (accurate = no)",
    "InaccuracyType": null,
    "AccuracyDate": null,
    "AccuracyComments": null,
    "ArchiveProjectName": null,
    "ArchiveReason": null,
    "ArchiveDate": null,
    "ArchiveComments": null,
    "ReplacedAssetID": null,
    "AssociatedInspections": null,
    "FID": null,
    "CreationDate": 1667412663429,
    "Creator": "NLandin_wc",
    "EditDate": 1667942792190,
    "Editor": "NLandin_wc"
   }
  },
  {
   "type": "Feature",
   "id": 1435,
   "geometry": {
    "type": "Point",
    "coordinates": [
     -71.10915114325421,
     42.384519126078494
    ]
   },
   "properties": {
    "OBJECTID": 1435,
    "Subtype": 0,
    "FacilityID": "SW-CB-00954",
    "InstallDat": null,
    "LifecycleS": " ",
    "WaterType": " ",
    "PlanNum": " ",
    "Owner": " ",
    "Comments": " ",
    "AccessDiam": 0,
    "AccessMate": " ",
    "AccesType": " ",
    "Station": 0,
    "RimElevati": 0,
    "FieldBook": " ",
    "Invert": 0,
    "Plan1": " ",
    "Plan2": " ",
    "Plan3": " ",
    "FeatureID": " ",
    "DupeNum": 0,
    "Source": "Stantec",
    "OrthoUpdated": "Not Visible",
    "GlobalID": "{6AA5D79F-DF7C-44E0-8898-471B09012A71}",
    "created_user": "GIS",
    "created_date": 1600300800000,
    "last_edited_user": "GIS",
    "last_edited_date": 1600300800000,
    "Dewb_Edited": 0,
    "AssetStatus": "Active",
    "AccuracyStatus": "Unknown/Null (accurate = no)",
    "InaccuracyType": null,
    "AccuracyDate": null,
    "AccuracyComments": null,
    "ArchiveProjectName": null,
    "ArchiveReason": null,
    "ArchiveDate": null,
    "ArchiveComments": null,
    "ReplacedAssetID": null,
    "AssociatedInspections": null,
    "FID": null,
    "CreationDate": 1667412663429,
    "Creator": "NLandin_wc",
    "EditDate": 1667942792190,
    "Editor": "NLandin_wc"
   }
  },
  {
   "type": "Feature",
   "id": 1448,
   "geometry": {
    "type": "Point",
    "coordinates": [
     -71.09531146783058,
     42.38040533305434
    ]
   },
   "properties": {
    "OBJECTID": 1448,
    "Subtype": 0,
    "FacilityID": "SW-CB-00771",
    "InstallDat": null,
    "LifecycleS": " ",
    "WaterType": " ",
    "PlanNum": " ",
    "Owner": " ",
    "Comments": " ",
    "AccessDiam": 0,
    "AccessMate": " ",
    "AccesType": " ",
    "Station": 0,
    "RimElevati": 0,
    "FieldBook": " ",
    "Invert": 0,
    "Plan1": " ",
    "Plan2": " ",
    "Plan3": " ",
    "FeatureID": " ",
    "DupeNum": 0,
    "Source": "Stantec",
    "OrthoUpdated": "Yes",
    "GlobalID": "{DE3AE69B-7F59-4DAE-B66E-AD7A96BDED18}",
    "created_user": "GIS",
    "created_date": 1600300800000,
    "last_edited_user": "GIS",
    "last_edited_date": 1600300800000,
    "Dewb_Edited": 0,
    "AssetStatus": "Active",
    "AccuracyStatus": "Unknown/Null (accurate = no)",
    "InaccuracyType": null,
    "AccuracyDate": null,
    "AccuracyComments": null,
    "ArchiveProjectName": null,
    "ArchiveReason": null,
    "ArchiveDate": null,
    "ArchiveComments": null,
    "ReplacedAssetID": null,
    "AssociatedInspections": null,
    "FID": null,
    "CreationDate": 1667412663429,
    "Creator": "NLandin_wc",
    "EditDate": 1667942792190,
    "Editor": "NLandin_wc"
   }
  },
  {
   "type": "Feature",
   "id": 1456,
   "geometry": {
    "type": "Point",
    "coordinates": [
     -71.10320751360979,
     42.38232869172487
    ]
   },
   "properties": {
    "OBJECTID": 1456,
    "Subtype": 0,
    "FacilityID": "SW-CB-01049",
    "InstallDat": null,
    "LifecycleS": " ",
    "WaterType": " ",
    "PlanNum": " ",
    "Owner": " ",
    "Comments": " ",
    "AccessDiam": 0,
    "AccessMate": " ",
    "AccesType": " ",
    "Station": 0,
    "RimElevati": 0,
    "FieldBook": " ",
    "Invert": 0,
    "Plan1": " ",
    "Plan2": " ",
    "Plan3": " ",
    "FeatureID": " ",
    "DupeNum": 0,
    "Source": "Stantec",
    "OrthoUpdated": "Yes",
    "GlobalID": "{2F93287E-1275-4764-A9C7-07BA8DB7E6F7}",
    "created_user": "GIS",
    "created_date": 1600300800000,
    "last_edited_user": "GIS",
    "last_edited_date": 1600300800000,
    "Dewb_Edited": 0,
    "AssetStatus": "Active",
    "AccuracyStatus": "Unknown/Null (accurate = no)",
    "InaccuracyType": null,
    "AccuracyDate": null,
    "AccuracyComments": null,
    "ArchiveProjectName": null,
    "ArchiveReason": null,
    "ArchiveDate": null,
    "ArchiveComments": null,
    "ReplacedAssetID": null,
    "AssociatedInspections": null,
    "FID": null,
    "CreationDate": 1667412663429,
    "Creator": "NLandin_wc",
    "EditDate": 1667942792190,
    "Editor": "NLandin_wc"
   }
  },
  {
   "type": "Feature",
   "id": 1459,
   "geometry": {
    "type": "Point",
    "coordinates": [
     -71.10945603676137,
     42.38403546441386
    ]
   },
   "properties": {
    "OBJECTID": 1459,
    "Subtype": 0,
    "FacilityID": "SW-CB-00930",
    "InstallDat": null,
    "LifecycleS": " ",
    "WaterType": " ",
    "PlanNum": " ",
    "Owner": " ",
    "Comments": " ",
    "AccessDiam": 0,
    "AccessMate": " ",
    "AccesType": " ",
    "Station": 0,
    "RimElevati": 0,
    "FieldBook": " ",
    "Invert": 0,
    "Plan1": " ",
    "Plan2": " ",
    "Plan3": " ",
    "FeatureID": " ",
    "DupeNum": 0,
    "Source": "Stantec",
    "OrthoUpdated": "Yes",
    "GlobalID": "{81313ECE-9DEA-4845-9BAE-C802A4835C31}",
    "created_user": "GIS",
    "created_date": 1600300800000,
    "last_edited_user": "GIS",
    "last_edited_date": 1600300800000,
    "Dewb_Edited": 0,
    "AssetStatus": "Active",
    "AccuracyStatus": "Unknown/Null (accurate = no)",
    "InaccuracyType": null,
    "AccuracyDate": null,
    "AccuracyComments": null,
    "ArchiveProjectName": null,
    "ArchiveReason": null,
    "ArchiveDate": null,
    "ArchiveComments": null,
    "ReplacedAssetID": null,
    "AssociatedInspections": null,
    "FID": null,
    "CreationDate": 1667412663429,
    "Creator": "NLandin_wc",
    "EditDate": 1667942792190,
    "Editor": "NLandin_wc"
   }
  },
  {
   "type": "Feature",
   "id": 1466,
   "geometry": {
    "type": "Point",
    "coordinates": [
     -71.09667218735896,
     42.38998434921756
    ]
   },
   "properties": {
    "OBJECTID": 1466,
    "Subtype": 0,
    "FacilityID": "SW-CB-02679",
    "InstallDat": null,
    "LifecycleS": " ",
    "WaterType": " ",
    "PlanNum": " ",
    "Owner": " ",
    "Comments": " ",
    "AccessDiam": 0,
    "AccessMate": " ",
    "AccesType": " ",
    "Station": 0,
    "RimElevati": 0,
    "FieldBook": " ",
    "Invert": 0,
    "Plan1": " ",
    "Plan2": " ",
    "Plan3": " ",
    "FeatureID": " ",
    "DupeNum": 0,
    "Source": "2017 Orthophotography",
    "OrthoUpdated": "Yes",
    "GlobalID": "{4E7B8BA5-6F22-40A1-AB1B-EE7DDCCD3FDC}",
    "created_user": "GIS",
    "created_date": 1600300800000,
    "last_edited_user": "GIS",
    "last_edited_date": 1600300800000,
    "Dewb_Edited": 0,
    "AssetStatus": "Active",
    "AccuracyStatus": "Unknown/Null (accurate = no)",
    "InaccuracyType": null,
    "AccuracyDate": null,
    "AccuracyComments": null,
    "ArchiveProjectName": null,
    "ArchiveReason": null,
    "ArchiveDate": null,
    "ArchiveComments": null,
    "ReplacedAssetID": null,
    "AssociatedInspections": null,
    "FID": null,
    "CreationDate": 1667412663429,
    "Creator": "NLandin_wc",
    "EditDate": 1667942792190,
    "Editor": "NLandin_wc"
   }
  },
  {
   "type": "Feature",
   "id": 1490,
   "geometry": {
    "type": "Point",
    "coordinates": [
     -71.10172495243451,
     42.383335617410744
    ]
   },
   "properties": {
    "OBJECTID": 1490,
    "Subtype": 0,
    "FacilityID": "SW-CB-01059",
    "InstallDat": null,
    "LifecycleS": " ",
    "WaterType": " ",
    "PlanNum": " ",
    "Owner": " ",
    "Comments": " ",
    "AccessDiam": 0,
    "AccessMate": " ",
    "AccesType": " ",
    "Station": 0,
    "RimElevati": 0,
    "FieldBook": " ",
    "Invert": 0,
    "Plan1": " ",
    "Plan2": " ",
    "Plan3": " ",
    "FeatureID": " ",
    "DupeNum": 0,
    "Source": "Stantec",
    "OrthoUpdated": "Yes",
    "GlobalID": "{585FA0FA-C154-44BD-89A8-9C92EF472FE6}",
    "created_user": "GIS",
    "created_date": 1600300800000,
    "last_edited_user": "GIS",
    "last_edited_date": 1600300800000,
    "Dewb_Edited": 0,
    "AssetStatus": "Active",
    "AccuracyStatus": "Unknown/Null (accurate = no)",
    "InaccuracyType": null,
    "AccuracyDate": null,
    "AccuracyComments": null,
    "ArchiveProjectName": null,
    "ArchiveReason": null,
    "ArchiveDate": null,
    "ArchiveComments": null,
    "ReplacedAssetID": null,
    "AssociatedInspections": null,
    "FID": null,
    "CreationDate": 1667412663429,
    "Creator": "NLandin_wc",
    "EditDate": 1667942792190,
    "Editor": "NLandin_wc"
   }
  },
  {
   "type": "Feature",
   "id": 1492,
   "geometry": {
    "type": "Point",
    "coordinates": [
     -71.10824800046494,
     42.38660799455666
    ]
   },
   "properties": {
    "OBJECTID": 1492,
    "Subtype": 0,
    "FacilityID": "SW-CB-00941",
    "InstallDat": null,
    "LifecycleS": " ",
    "WaterType": " ",
    "PlanNum": " ",
    "Owner": " ",
    "Comments": " ",
    "AccessDiam": 0,
    "AccessMate": " ",
    "AccesType": " ",
    "Station": 0,
    "RimElevati": 0,
    "FieldBook": " ",
    "Invert": 0,
    "Plan1": " ",
    "Plan2": " ",
    "Plan3": " ",
    "FeatureID": " ",
    "DupeNum": 0,
    "Source": "Stantec",
    "OrthoUpdated": "Not Visible",
    "GlobalID": "{4EE8C4FB-3943-4AED-ABF7-CB87D76D3FA9}",
    "created_user": "GIS",
    "created_date": 1600300800000,
    "last_edited_user": "GIS",
    "last_edited_date": 1600300800000,
    "Dewb_Edited": 0,
    "AssetStatus": "Active",
    "AccuracyStatus": "Unknown/Null (accurate = no)",
    "InaccuracyType": null,
    "AccuracyDate": null,
    "AccuracyComments": null,
    "ArchiveProjectName": null,
    "ArchiveReason": null,
    "ArchiveDate": null,
    "ArchiveComments": null,
    "ReplacedAssetID": null,
    "AssociatedInspections": null,
    "FID": null,
    "CreationDate": 1667412663429,
    "Creator": "NLandin_wc",
    "EditDate": 1667942792190,
    "Editor": "NLandin_wc"
   }
  },
  {
   "type": "Feature",
   "id": 1494,
   "geometry": {
    "type": "Point",
    "coordinates": [
     -71.10994321613911,
     42.383950939305585
    ]
   },
   "properties": {
    "OBJECTID": 1494,
    "Subtype": 0,
    "FacilityID": "SW-CB-00927",
    "InstallDat": null,
    "LifecycleS": " ",
    "WaterType": " ",
    "PlanNum": " ",
    "Owner": " ",
    "Comments": " ",
    "AccessDiam": 0,
    "AccessMate": " ",
    "AccesType": " ",
    "Station": 0,
    "RimElevati": 0,
    "FieldBook": " ",
    "Invert": 0,
    "Plan1": " ",
    "Plan2": " ",
    "Plan3": " ",
    "FeatureID": " ",
    "DupeNum": 0,
    "Source": "Stantec",
    "OrthoUpdated": "Yes",
    "GlobalID": "{8E476C10-7666-49DE-BEAF-A86248E35875}",
    "created_user": "GIS",
    "created_date": 1600300800000,
    "last_edited_user": "GIS",
    "last_edited_date": 1600300800000,
    "Dewb_Edited": 0,
    "AssetStatus": "Active",
    "AccuracyStatus": "Unknown/Null (accurate = no)",
    "InaccuracyType": null,
    "AccuracyDate": null,
    "AccuracyComments": null,
    "ArchiveProjectName": null,
    "ArchiveReason": null,
    "ArchiveDate": null,
    "ArchiveComments": null,
    "ReplacedAssetID": null,
    "AssociatedInspections": null,
    "FID": null,
    "CreationDate": 1667412663429,
    "Creator": "NLandin_wc",
    "EditDate": 1667942792190,
    "Editor": "NLandin_wc"
   }
  },
  {
   "type": "Feature",
   "id": 1517,
   "geometry": {
    "type": "Point",
    "coordinates": [
     -71.1081673776751,
     42.38424607318545
    ]
   },
   "properties": {
    "OBJECTID": 1517,
    "Subtype": 0,
    "FacilityID": "SW-CB-00974",
    "InstallDat": null,
    "LifecycleS": " ",
    "WaterType": " ",
    "PlanNum": " ",
    "Owner": " ",
    "Comments": " ",
    "AccessDiam": 0,
    "AccessMate": " ",
    "AccesType": " ",
    "Station": 0,
    "RimElevati": 0,
    "FieldBook": " ",
    "Invert": 0,
    "Plan1": " ",
    "Plan2": " ",
    "Plan3": " ",
    "FeatureID": " ",
    "DupeNum": 0,
    "Source": "Stantec",
    "OrthoUpdated": "Yes",
    "GlobalID": "{039B455D-AC59-43B3-869B-DD0E8BCA3FDD}",
    "created_user": "GIS",
    "created_date": 1600300800000,
    "last_edited_user": "GIS",
    "last_edited_date": 1600300800000,
    "Dewb_Edited": 0,
    "AssetStatus": "Active",
    "AccuracyStatus": "Unknown/Null (accurate = no)",
    "InaccuracyType": null,
    "AccuracyDate": null,
    "AccuracyComments": null,
    "ArchiveProjectName": null,
    "ArchiveReason": null,
    "ArchiveDate": null,
    "ArchiveComments": null,
    "ReplacedAssetID": null,
    "AssociatedInspections": null,
    "FID": null,
    "CreationDate": 1667412663429,
    "Creator": "NLandin_wc",
    "EditDate": 1667942792190,
    "Editor": "NLandin_wc"
   }
  },
  {
   "type": "Feature",
   "id": 1543,
   "geometry": {
    "type": "Point",
    "coordinates": [
     -71.10117340497033,
     42.383933763719114
    ]
   },
   "properties": {
    "OBJECTID": 1543,
    "Subtype": 0,
    "FacilityID": "SW-CB-01065",
    "InstallDat": null,
    "LifecycleS": " ",
    "WaterType": " ",
    "PlanNum": " ",
    "Owner": " ",
    "Comments": " ",
    "AccessDiam": 0,
    "AccessMate": " ",
    "AccesType": " ",
    "Station": 0,
    "RimElevati": 0,
    "FieldBook": " ",
    "Invert": 0,
    "Plan1": " ",
    "Plan2": " ",
    "Plan3": " ",
    "FeatureID": " ",
    "DupeNum": 0,
    "Source": "Stantec",
    "OrthoUpdated": "Yes",
    "GlobalID": "{88D8A4B5-A881-42D5-825F-82E14A8A90E1}",
    "created_user": "GIS",
    "created_date": 1600300800000,
    "last_edited_user": "GIS",
    "last_edited_date": 1600300800000,
    "Dewb_Edited": 0,
    "AssetStatus": "Active",
    "AccuracyStatus": "Unknown/Null (accurate = no)",
    "InaccuracyType": null,
    "AccuracyDate": null,
    "AccuracyComments": null,
    "ArchiveProjectName": null,
    "ArchiveReason": null,
    "ArchiveDate": null,
    "ArchiveComments": null,
    "ReplacedAssetID": null,
    "AssociatedInspections": null,
    "FID": null,
    "CreationDate": 1667412663429,
    "Creator": "NLandin_wc",
    "EditDate": 1667942792190,
    "Editor": "NLandin_wc"
   }
  },
  {
   "type": "Feature",
   "id": 1544,
   "geometry": {
    "type": "Point",
    "coordinates": [
     -71.102584787185,
     42.39055532681921
    ]
   },
   "properties": {
    "OBJECTID": 1544,
    "Subtype": 1,
    "FacilityID": "SW-CB-00205",
    "InstallDat": -1356998400000,
    "LifecycleS": "Active",
    "WaterType": "Storm",
    "PlanNum": "MM-8",
    "Owner": "Somerv",
    "Comments": "ASSUMED FROM PLAN TO BE CATCH BASIN - MAY BE OWNED BY B&L R.R. - PLANS GIVE NO PROFILE OR DATA ON STRUCTURES",
    "AccessDiam": 0,
    "AccessMate": "Unk",
    "AccesType": "Unk",
    "Station": 9999,
    "RimElevati": 9999,
    "FieldBook": " ",
    "Invert": 9999,
    "Plan1": "MM-08",
    "Plan2": " ",
    "Plan3": " ",
    "FeatureID": "CB-SD-206",
    "DupeNum": 1,
    "Source": "Original City Data",
    "OrthoUpdated": "Not Visible",
    "GlobalID": "{9BFCD4B3-5132-4738-AA6D-6B00EC029AD6}",
    "created_user": "GIS",
    "created_date": 1600300800000,
    "last_edited_user": "GIS",
    "last_edited_date": 1600300800000,
    "Dewb_Edited": 0,
    "AssetStatus": "Active",
    "AccuracyStatus": "Unknown/Null (accurate = no)",
    "InaccuracyType": null,
    "AccuracyDate": null,
    "AccuracyComments": null,
    "ArchiveProjectName": null,
    "ArchiveReason": null,
    "ArchiveDate": null,
    "ArchiveComments": null,
    "ReplacedAssetID": null,
    "AssociatedInspections": null,
    "FID": null,
    "CreationDate": 1667412663429,
    "Creator": "NLandin_wc",
    "EditDate": 1667942792190,
    "Editor": "NLandin_wc"
   }
  },
  {
   "type": "Feature",
   "id": 1546,
   "geometry": {
    "type": "Point",
    "coordinates": [
     -71.10465618374576,
     42.38676616404892
    ]
   },
   "properties": {
    "OBJECTID": 1546,
    "Subtype": 0,
    "FacilityID": "SW-CB-00996",
    "InstallDat": null,
    "LifecycleS": " ",
    "WaterType": " ",
    "PlanNum": " ",
    "Owner": " ",
    "Comments": " ",
    "AccessDiam": 0,
    "AccessMate": " ",
    "AccesType": " ",
    "Station": 0,
    "RimElevati": 0,
    "FieldBook": " ",
    "Invert": 0,
    "Plan1": " ",
    "Plan2": " ",
    "Plan3": " ",
    "FeatureID": " ",
    "DupeNum": 0,
    "Source": "Stantec",
    "OrthoUpdated": "Yes",
    "GlobalID": "{984A5FAF-6404-44FB-8FDA-43C6B7D6E249}",
    "created_user": "GIS",
    "created_date": 1600300800000,
    "last_edited_user": "GIS",
    "last_edited_date": 1600300800000,
    "Dewb_Edited": 0,
    "AssetStatus": "Active",
    "AccuracyStatus": "Unknown/Null (accurate = no)",
    "InaccuracyType": null,
    "AccuracyDate": null,
    "AccuracyComments": null,
    "ArchiveProjectName": null,
    "ArchiveReason": null,
    "ArchiveDate": null,
    "ArchiveComments": null,
    "ReplacedAssetID": null,
    "AssociatedInspections": null,
    "FID": null,
    "CreationDate": 1667412663429,
    "Creator": "NLandin_wc",
    "EditDate": 1667942792190,
    "Editor": "NLandin_wc"
   }
  },
  {
   "type": "Feature",
   "id": 1550,
   "geometry": {
    "type": "Point",
    "coordinates": [
     -71.10937501957325,
     42.38400293223826
    ]
   },
   "properties": {
    "OBJECTID": 1550,
    "Subtype": 0,
    "FacilityID": "SW-CB-00931",
    "InstallDat": null,
    "LifecycleS": " ",
    "WaterType": " ",
    "PlanNum": " ",
    "Owner": " ",
    "Comments": " ",
    "AccessDiam": 0,
    "AccessMate": " ",
    "AccesType": " ",
    "Station": 0,
    "RimElevati": 0,
    "FieldBook": " ",
    "Invert": 0,
    "Plan1": " ",
    "Plan2": " ",
    "Plan3": " ",
    "FeatureID": " ",
    "DupeNum": 0,
    "Source": "Stantec",
    "OrthoUpdated": "Yes",
    "GlobalID": "{DEC5BE95-3EA7-4659-BCE6-C5D9119757A2}",
    "created_user": "GIS",
    "created_date": 1600300800000,
    "last_edited_user": "GIS",
    "last_edited_date": 1600300800000,
    "Dewb_Edited": 0,
    "AssetStatus": "Active",
    "AccuracyStatus": "Unknown/Null (accurate = no)",
    "InaccuracyType": null,
    "AccuracyDate": null,
    "AccuracyComments": null,
    "ArchiveProjectName": null,
    "ArchiveReason": null,
    "ArchiveDate": null,
    "ArchiveComments": null,
    "ReplacedAssetID": null,
    "AssociatedInspections": null,
    "FID": null,
    "CreationDate": 1667412663429,
    "Creator": "NLandin_wc",
    "EditDate": 1667942792190,
    "Editor": "NLandin_wc"
   }
  },
  {
   "type": "Feature",
   "id": 1570,
   "geometry": {
    "type": "Point",
    "coordinates": [
     -71.0980269536804,
     42.389036521946316
    ]
   },
   "properties": {
    "OBJECTID": 1570,
    "Subtype": 0,
    "FacilityID": "SW-CB-02723",
    "InstallDat": null,
    "LifecycleS": " ",
    "WaterType": " ",
    "PlanNum": " ",
    "Owner": " ",
    "Comments": " ",
    "AccessDiam": 0,
    "AccessMate": " ",
    "AccesType": " ",
    "Station": 0,
    "RimElevati": 0,
    "FieldBook": " ",
    "Invert": 0,
    "Plan1": " ",
    "Plan2": " ",
    "Plan3": " ",
    "FeatureID": " ",
    "DupeNum": 0,
    "Source": "2017 Orthophotography",
    "OrthoUpdated": "Yes",
    "GlobalID": "{6D1361E2-F287-4645-828C-AC85D22A57F7}",
    "created_user": "GIS",
    "created_date": 1600300800000,
    "last_edited_user": "GIS",
    "last_edited_date": 1600300800000,
    "Dewb_Edited": 0,
    "AssetStatus": "Active",
    "AccuracyStatus": "Unknown/Null (accurate = no)",
    "InaccuracyType": null,
    "AccuracyDate": null,
    "AccuracyComments": null,
    "ArchiveProjectName": null,
    "ArchiveReason": null,
    "ArchiveDate": null,
    "ArchiveComments": null,
    "ReplacedAssetID": null,
    "AssociatedInspections": null,
    "FID": null,
    "CreationDate": 1667412663429,
    "Creator": "NLandin_wc",
    "EditDate": 1667942792190,
    "Editor": "NLandin_wc"
   }
  },
  {
   "type": "Feature",
   "id": 1571,
   "geometry": {
    "type": "Point",
    "coordinates": [
     -71.09934737401773,
     42.38865480257201
    ]
   },
   "properties": {
    "OBJECTID": 1571,
    "Subtype": 0,
    "FacilityID": "SW-CB-02818",
    "InstallDat": null,
    "LifecycleS": " ",
    "WaterType": " ",
    "PlanNum": " ",
    "Owner": " ",
    "Comments": " ",
    "AccessDiam": 0,
    "AccessMate": " ",
    "AccesType": " ",
    "Station": 0,
    "RimElevati": 0,
    "FieldBook": " ",
    "Invert": 0,
    "Plan1": " ",
    "Plan2": " ",
    "Plan3": " ",
    "FeatureID": " ",
    "DupeNum": 0,
    "Source": "2017 Orthophotography",
    "OrthoUpdated": "Yes",
    "GlobalID": "{2C91BCFB-919D-444D-B3FB-2FEA820DF897}",
    "created_user": "GIS",
    "created_date": 1600300800000,
    "last_edited_user": "GIS",
    "last_edited_date": 1600300800000,
    "Dewb_Edited": 0,
    "AssetStatus": "Active",
    "AccuracyStatus": "Unknown/Null (accurate = no)",
    "InaccuracyType": null,
    "AccuracyDate": null,
    "AccuracyComments": null,
    "ArchiveProjectName": null,
    "ArchiveReason": null,
    "ArchiveDate": null,
    "ArchiveComments": null,
    "ReplacedAssetID": null,
    "AssociatedInspections": null,
    "FID": null,
    "CreationDate": 1667412663429,
    "Creator": "NLandin_wc",
    "EditDate": 1667942792190,
    "Editor": "NLandin_wc"
   }
  },
  {
   "type": "Feature",
   "id": 1573,
   "geometry": {
    "type": "Point",
    "coordinates": [
     -71.1028532252017,
     42.38749784636692
    ]
   },
   "properties": {
    "OBJECTID": 1573,
    "Subtype": 0,
    "FacilityID": "SW-CB-00827",
    "InstallDat": null,
    "LifecycleS": " ",
    "WaterType": " ",
    "PlanNum": " ",
    "Owner": " ",
    "Comments": " ",
    "AccessDiam": 0,
    "AccessMate": " ",
    "AccesType": " ",
    "Station": 0,
    "RimElevati": 0,
    "FieldBook": " ",
    "Invert": 0,
    "Plan1": " ",
    "Plan2": " ",
    "Plan3": " ",
    "FeatureID": " ",
    "DupeNum": 0,
    "Source": "Stantec",
    "OrthoUpdated": "Not Visible",
    "GlobalID": "{B2C3F019-1492-4403-8FA7-128BB81D459E}",
    "created_user": "GIS",
    "created_date": 1600300800000,
    "last_edited_user": "GIS",
    "last_edited_date": 1600300800000,
    "Dewb_Edited": 0,
    "AssetStatus": "Active",
    "AccuracyStatus": "Unknown/Null (accurate = no)",
    "InaccuracyType": null,
    "AccuracyDate": null,
    "AccuracyComments": null,
    "ArchiveProjectName": null,
    "ArchiveReason": null,
    "ArchiveDate": null,
    "ArchiveComments": null,
    "ReplacedAssetID": null,
    "AssociatedInspections": null,
    "FID": null,
    "CreationDate": 1667412663429,
    "Creator": "NLandin_wc",
    "EditDate": 1667942792190,
    "Editor": "NLandin_wc"
   }
  },
  {
   "type": "Feature",
   "id": 1574,
   "geometry": {
    "type": "Point",
    "coordinates": [
     -71.09825393969919,
     42.38218750122014
    ]
   },
   "properties": {
    "OBJECTID": 1574,
    "Subtype": 0,
    "FacilityID": "SW-CB-00725",
    "InstallDat": null,
    "LifecycleS": " ",
    "WaterType": " ",
    "PlanNum": " ",
    "Owner": " ",
    "Comments": " ",
    "AccessDiam": 0,
    "AccessMate": " ",
    "AccesType": " ",
    "Station": 0,
    "RimElevati": 0,
    "FieldBook": " ",
    "Invert": 0,
    "Plan1": " ",
    "Plan2": " ",
    "Plan3": " ",
    "FeatureID": " ",
    "DupeNum": 0,
    "Source": "Stantec",
    "OrthoUpdated": "Yes",
    "GlobalID": "{97393D18-7382-4271-B4FC-A65C6DD127AB}",
    "created_user": "GIS",
    "created_date": 1600300800000,
    "last_edited_user": "GIS",
    "last_edited_date": 1600300800000,
    "Dewb_Edited": 0,
    "AssetStatus": "Active",
    "AccuracyStatus": "Unknown/Null (accurate = no)",
    "InaccuracyType": null,
    "AccuracyDate": null,
    "AccuracyComments": null,
    "ArchiveProjectName": null,
    "ArchiveReason": null,
    "ArchiveDate": null,
    "ArchiveComments": null,
    "ReplacedAssetID": null,
    "AssociatedInspections": null,
    "FID": null,
    "CreationDate": 1667412663429,
    "Creator": "NLandin_wc",
    "EditDate": 1667942792190,
    "Editor": "NLandin_wc"
   }
  },
  {
   "type": "Feature",
   "id": 1578,
   "geometry": {
    "type": "Point",
    "coordinates": [
     -71.09727335813339,
     42.38907971656612
    ]
   },
   "properties": {
    "OBJECTID": 1578,
    "Subtype": 0,
    "FacilityID": "SW-CB-02722",
    "InstallDat": null,
    "LifecycleS": " ",
    "WaterType": " ",
    "PlanNum": " ",
    "Owner": " ",
    "Comments": " ",
    "AccessDiam": 0,
    "AccessMate": " ",
    "AccesType": " ",
    "Station": 0,
    "RimElevati": 0,
    "FieldBook": " ",
    "Invert": 0,
    "Plan1": " ",
    "Plan2": " ",
    "Plan3": " ",
    "FeatureID": " ",
    "DupeNum": 0,
    "Source": "2017 Orthophotography",
    "OrthoUpdated": "Yes",
    "GlobalID": "{3D3EFC07-3CCE-4D8D-86AF-BF9DDE46435C}",
    "created_user": "GIS",
    "created_date": 1600300800000,
    "last_edited_user": "GIS",
    "last_edited_date": 1600300800000,
    "Dewb_Edited": 0,
    "AssetStatus": "Active",
    "AccuracyStatus": "Unknown/Null (accurate = no)",
    "InaccuracyType": null,
    "AccuracyDate": null,
    "AccuracyComments": null,
    "ArchiveProjectName": null,
    "ArchiveReason": null,
    "ArchiveDate": null,
    "ArchiveComments": null,
    "ReplacedAssetID": null,
    "AssociatedInspections": null,
    "FID": null,
    "CreationDate": 1667412663429,
    "Creator": "NLandin_wc",
    "EditDate": 1667942792190,
    "Editor": "NLandin_wc"
   }
  },
  {
   "type": "Feature",
   "id": 1580,
   "geometry": {
    "type": "Point",
    "coordinates": [
     -71.09698789652947,
     42.38631823126002
    ]
   },
   "properties": {
    "OBJECTID": 1580,
    "Subtype": 0,
    "FacilityID": "SW-CB-01985",
    "InstallDat": null,
    "LifecycleS": " ",
    "WaterType": " ",
    "PlanNum": " ",
    "Owner": " ",
    "Comments": " ",
    "AccessDiam": 0,
    "AccessMate": " ",
    "AccesType": " ",
    "Station": 0,
    "RimElevati": 0,
    "FieldBook": " ",
    "Invert": 0,
    "Plan1": " ",
    "Plan2": " ",
    "Plan3": " ",
    "FeatureID": " ",
    "DupeNum": 0,
    "Source": "2017 Orthophotography",
    "OrthoUpdated": "Yes",
    "GlobalID": "{4F3E5DB8-5D98-42D3-A88D-54AE91B69C46}",
    "created_user": "GIS",
    "created_date": 1600300800000,
    "last_edited_user": "GIS",
    "last_edited_date": 1600300800000,
    "Dewb_Edited": 0,
    "AssetStatus": "Active",
    "AccuracyStatus": "Unknown/Null (accurate = no)",
    "InaccuracyType": null,
    "AccuracyDate": null,
    "AccuracyComments": null,
    "ArchiveProjectName": null,
    "ArchiveReason": null,
    "ArchiveDate": null,
    "ArchiveComments": null,
    "ReplacedAssetID": null,
    "AssociatedInspections": null,
    "FID": null,
    "CreationDate": 1667412663429,
    "Creator": "NLandin_wc",
    "EditDate": 1667942792190,
    "Editor": "NLandin_wc"
   }
  },
  {
   "type": "Feature",
   "id": 1590,
   "geometry": {
    "type": "Point",
    "coordinates": [
     -71.10548317312664,
     42.387059235713565
    ]
   },
   "properties": {
    "OBJECTID": 1590,
    "Subtype": 0,
    "FacilityID": "SW-CB-00998",
    "InstallDat": null,
    "LifecycleS": " ",
    "WaterType": " ",
    "PlanNum": " ",
    "Owner": " ",
    "Comments": " ",
    "AccessDiam": 0,
    "AccessMate": " ",
    "AccesType": " ",
    "Station": 0,
    "RimElevati": 0,
    "FieldBook": " ",
    "Invert": 0,
    "Plan1": " ",
    "Plan2": " ",
    "Plan3": " ",
    "FeatureID": " ",
    "DupeNum": 0,
    "Source": "Stantec",
    "OrthoUpdated": "Yes",
    "GlobalID": "{9A690307-153E-42A3-B74B-0401E9F36D6A}",
    "created_user": "GIS",
    "created_date": 1600300800000,
    "last_edited_user": "GIS",
    "last_edited_date": 1600300800000,
    "Dewb_Edited": 0,
    "AssetStatus": "Active",
    "AccuracyStatus": "Unknown/Null (accurate = no)",
    "InaccuracyType": null,
    "AccuracyDate": null,
    "AccuracyComments": null,
    "ArchiveProjectName": null,
    "ArchiveReason": null,
    "ArchiveDate": null,
    "ArchiveComments": null,
    "ReplacedAssetID": null,
    "AssociatedInspections": null,
    "FID": null,
    "CreationDate": 1667412663429,
    "Creator": "NLandin_wc",
    "EditDate": 1667942792190,
    "Editor": "NLandin_wc"
   }
  },
  {
   "type": "Feature",
   "id": 1592,
   "geometry": {
    "type": "Point",
    "coordinates": [
     -71.09488939393238,
     42.38958724217602
    ]
   },
   "properties": {
    "OBJECTID": 1592,
    "Subtype": 1,
    "FacilityID": "SW-CB-00022",
    "InstallDat": -2261952000000,
    "LifecycleS": "Active",
    "WaterType": "Storm",
    "PlanNum": "BB-11",
    "Owner": "Somerv",
    "Comments": " ",
    "AccessDiam": 0,
    "AccessMate": "Unk",
    "AccesType": "Unk",
    "Station": 9999,
    "RimElevati": 9999,
    "FieldBook": " ",
    "Invert": 9999,
    "Plan1": "BB-11",
    "Plan2": " ",
    "Plan3": " ",
    "FeatureID": "CB-SD-23",
    "DupeNum": 1,
    "Source": "Original City Data",
    "OrthoUpdated": "Yes",
    "GlobalID": "{8269E997-246F-45F7-96F7-FA4FFD3CA8F9}",
    "created_user": "GIS",
    "created_date": 1600300800000,
    "last_edited_user": "GIS",
    "last_edited_date": 1600300800000,
    "Dewb_Edited": 0,
    "AssetStatus": "Active",
    "AccuracyStatus": "Unknown/Null (accurate = no)",
    "InaccuracyType": null,
    "AccuracyDate": null,
    "AccuracyComments": null,
    "ArchiveProjectName": null,
    "ArchiveReason": null,
    "ArchiveDate": null,
    "ArchiveComments": null,
    "ReplacedAssetID": null,
    "AssociatedInspections": null,
    "FID": null,
    "CreationDate": 1667412663429,
    "Creator": "NLandin_wc",
    "EditDate": 1667942792190,
    "Editor": "NLandin_wc"
   }
  },
  {
   "type": "Feature",
   "id": 1600,
   "geometry": {
    "type": "Point",
    "coordinates": [
     -71.10687834083133,
     42.38662039863208
    ]
   },
   "properties": {
    "OBJECTID": 1600,
    "Subtype": 0,
    "FacilityID": "SW-CB-00958",
    "InstallDat": null,
    "LifecycleS": " ",
    "WaterType": " ",
    "PlanNum": " ",
    "Owner": " ",
    "Comments": " ",
    "AccessDiam": 0,
    "AccessMate": " ",
    "AccesType": " ",
    "Station": 0,
    "RimElevati": 0,
    "FieldBook": " ",
    "Invert": 0,
    "Plan1": " ",
    "Plan2": " ",
    "Plan3": " ",
    "FeatureID": " ",
    "DupeNum": 0,
    "Source": "Stantec",
    "OrthoUpdated": "Yes",
    "GlobalID": "{E66588B3-DFBF-49FC-A665-3735480CD04A}",
    "created_user": "GIS",
    "created_date": 1600300800000,
    "last_edited_user": "GIS",
    "last_edited_date": 1600300800000,
    "Dewb_Edited": 0,
    "AssetStatus": "Active",
    "AccuracyStatus": "Unknown/Null (accurate = no)",
    "InaccuracyType": null,
    "AccuracyDate": null,
    "AccuracyComments": null,
    "ArchiveProjectName": null,
    "ArchiveReason": null,
    "ArchiveDate": null,
    "ArchiveComments": null,
    "ReplacedAssetID": null,
    "AssociatedInspections": null,
    "FID": null,
    "CreationDate": 1667412663429,
    "Creator": "NLandin_wc",
    "EditDate": 1667942792190,
    "Editor": "NLandin_wc"
   }
  },
  {
   "type": "Feature",
   "id": 1607,
   "geometry": {
    "type": "Point",
    "coordinates": [
     -71.09523587971135,
     42.38046914308202
    ]
   },
   "properties": {
    "OBJECTID": 1607,
    "Subtype": 0,
    "FacilityID": "SW-CB-00770",
    "InstallDat": null,
    "LifecycleS": " ",
    "WaterType": " ",
    "PlanNum": " ",
    "Owner": " ",
    "Comments": " ",
    "AccessDiam": 0,
    "AccessMate": " ",
    "AccesType": " ",
    "Station": 0,
    "RimElevati": 0,
    "FieldBook": " ",
    "Invert": 0,
    "Plan1": " ",
    "Plan2": " ",
    "Plan3": " ",
    "FeatureID": " ",
    "DupeNum": 0,
    "Source": "Stantec",
    "OrthoUpdated": "Yes",
    "GlobalID": "{3A1183E2-8925-4F7A-BD6B-9E23E74E5605}",
    "created_user": "GIS",
    "created_date": 1600300800000,
    "last_edited_user": "GIS",
    "last_edited_date": 1600300800000,
    "Dewb_Edited": 0,
    "AssetStatus": "Active",
    "AccuracyStatus": "Unknown/Null (accurate = no)",
    "InaccuracyType": null,
    "AccuracyDate": null,
    "AccuracyComments": null,
    "ArchiveProjectName": null,
    "ArchiveReason": null,
    "ArchiveDate": null,
    "ArchiveComments": null,
    "ReplacedAssetID": null,
    "AssociatedInspections": null,
    "FID": null,
    "CreationDate": 1667412663429,
    "Creator": "NLandin_wc",
    "EditDate": 1667942792190,
    "Editor": "NLandin_wc"
   }
  },
  {
   "type": "Feature",
   "id": 1609,
   "geometry": {
    "type": "Point",
    "coordinates": [
     -71.09670221852437,
     42.384852220035704
    ]
   },
   "properties": {
    "OBJECTID": 1609,
    "Subtype": 0,
    "FacilityID": "SW-CB-02631",
    "InstallDat": null,
    "LifecycleS": " ",
    "WaterType": " ",
    "PlanNum": " ",
    "Owner": " ",
    "Comments": " ",
    "AccessDiam": 0,
    "AccessMate": " ",
    "AccesType": " ",
    "Station": 0,
    "RimElevati": 0,
    "FieldBook": " ",
    "Invert": 0,
    "Plan1": " ",
    "Plan2": " ",
    "Plan3": " ",
    "FeatureID": " ",
    "DupeNum": 0,
    "Source": "2017 Orthophotography",
    "OrthoUpdated": "Yes",
    "GlobalID": "{656548DF-D602-4388-9CB9-520B2BE60E36}",
    "created_user": "GIS",
    "created_date": 1600300800000,
    "last_edited_user": "GIS",
    "last_edited_date": 1600300800000,
    "Dewb_Edited": 0,
    "AssetStatus": "Active",
    "AccuracyStatus": "Unknown/Null (accurate = no)",
    "InaccuracyType": null,
    "AccuracyDate": null,
    "AccuracyComments": null,
    "ArchiveProjectName": null,
    "ArchiveReason": null,
    "ArchiveDate": null,
    "ArchiveComments": null,
    "ReplacedAssetID": null,
    "AssociatedInspections": null,
    "FID": null,
    "CreationDate": 1667412663429,
    "Creator": "NLandin_wc",
    "EditDate": 1667942792190,
    "Editor": "NLandin_wc"
   }
  },
  {
   "type": "Feature",
   "id": 1613,
   "geometry": {
    "type": "Point",
    "coordinates": [
     -71.09713563617646,
     42.38803597975962
    ]
   },
   "properties": {
    "OBJECTID": 1613,
    "Subtype": 1,
    "FacilityID": "SW-CB-00130",
    "InstallDat": -1356998400000,
    "LifecycleS": "Active",
    "WaterType": "Storm",
    "PlanNum": "MM-6",
    "Owner": "Somerv",
    "Comments": " ",
    "AccessDiam": 0,
    "AccessMate": " ",
    "AccesType": " ",
    "Station": 9999,
    "RimElevati": 9999,
    "FieldBook": " ",
    "Invert": 9999,
    "Plan1": "MM-06",
    "Plan2": " ",
    "Plan3": " ",
    "FeatureID": "CB-SD-131",
    "DupeNum": 1,
    "Source": "Original City Data",
    "OrthoUpdated": "Not Visible",
    "GlobalID": "{9FFA473C-9CB8-4EB8-A06E-BE86264606B2}",
    "created_user": "GIS",
    "created_date": 1600300800000,
    "last_edited_user": "GIS",
    "last_edited_date": 1600300800000,
    "Dewb_Edited": 0,
    "AssetStatus": "Active",
    "AccuracyStatus": "Unknown/Null (accurate = no)",
    "InaccuracyType": null,
    "AccuracyDate": null,
    "AccuracyComments": null,
    "ArchiveProjectName": null,
    "ArchiveReason": null,
    "ArchiveDate": null,
    "ArchiveComments": null,
    "ReplacedAssetID": null,
    "AssociatedInspections": null,
    "FID": null,
    "CreationDate": 1667412663429,
    "Creator": "NLandin_wc",
    "EditDate": 1667942792190,
    "Editor": "NLandin_wc"
   }
  },
  {
   "type": "Feature",
   "id": 1614,
   "geometry": {
    "type": "Point",
    "coordinates": [
     -71.10906593892253,
     42.38502728212302
    ]
   },
   "properties": {
    "OBJECTID": 1614,
    "Subtype": 0,
    "FacilityID": "SW-CB-00951",
    "InstallDat": null,
    "LifecycleS": " ",
    "WaterType": " ",
    "PlanNum": " ",
    "Owner": " ",
    "Comments": " ",
    "AccessDiam": 0,
    "AccessMate": " ",
    "AccesType": " ",
    "Station": 0,
    "RimElevati": 0,
    "FieldBook": " ",
    "Invert": 0,
    "Plan1": " ",
    "Plan2": " ",
    "Plan3": " ",
    "FeatureID": " ",
    "DupeNum": 0,
    "Source": "Stantec",
    "OrthoUpdated": "Yes",
    "GlobalID": "{A86D251E-6796-4BA7-B867-4F56ACAB7FF7}",
    "created_user": "GIS",
    "created_date": 1600300800000,
    "last_edited_user": "GIS",
    "last_edited_date": 1600300800000,
    "Dewb_Edited": 0,
    "AssetStatus": "Active",
    "AccuracyStatus": "Unknown/Null (accurate = no)",
    "InaccuracyType": null,
    "AccuracyDate": null,
    "AccuracyComments": null,
    "ArchiveProjectName": null,
    "ArchiveReason": null,
    "ArchiveDate": null,
    "ArchiveComments": null,
    "ReplacedAssetID": null,
    "AssociatedInspections": null,
    "FID": null,
    "CreationDate": 1667412663429,
    "Creator": "NLandin_wc",
    "EditDate": 1667942792190,
    "Editor": "NLandin_wc"
   }
  },
  {
   "type": "Feature",
   "id": 1622,
   "geometry": {
    "type": "Point",
    "coordinates": [
     -71.10751216787156,
     42.39076713523704
    ]
   },
   "properties": {
    "OBJECTID": 1622,
    "Subtype": 0,
    "FacilityID": "SW-CB-00479",
    "InstallDat": 253392451200000,
    "LifecycleS": "Active",
    "WaterType": "Storm",
    "PlanNum": "TB-045",
    "Owner": "Somerv",
    "Comments": " ",
    "AccessDiam": 9999,
    "AccessMate": "Unk",
    "AccesType": "Unk",
    "Station": 9999,
    "RimElevati": 9999,
    "FieldBook": " ",
    "Invert": 9999,
    "Plan1": "TB-045",
    "Plan2": " ",
    "Plan3": " ",
    "FeatureID": "CB-SD-480",
    "DupeNum": 1,
    "Source": "Original City Data",
    "OrthoUpdated": "Yes",
    "GlobalID": "{8496925C-1223-47D8-A3C6-1D7FB7B62152}",
    "created_user": "GIS",
    "created_date": 1600300800000,
    "last_edited_user": "GIS",
    "last_edited_date": 1600300800000,
    "Dewb_Edited": 0,
    "AssetStatus": "Active",
    "AccuracyStatus": "Unknown/Null (accurate = no)",
    "InaccuracyType": null,
    "AccuracyDate": null,
    "AccuracyComments": null,
    "ArchiveProjectName": null,
    "ArchiveReason": null,
    "ArchiveDate": null,
    "ArchiveComments": null,
    "ReplacedAssetID": null,
    "AssociatedInspections": null,
    "FID": null,
    "CreationDate": 1667412663429,
    "Creator": "NLandin_wc",
    "EditDate": 1667942792190,
    "Editor": "NLandin_wc"
   }
  },
  {
   "type": "Feature",
   "id": 1649,
   "geometry": {
    "type": "Point",
    "coordinates": [
     -71.10194296849976,
     42.39062342933043
    ]
   },
   "properties": {
    "OBJECTID": 1649,
    "Subtype": 1,
    "FacilityID": "SW-CB-00018",
    "InstallDat": -1325462400000,
    "LifecycleS": "Active",
    "WaterType": "Storm",
    "PlanNum": "MM-8",
    "Owner": "Somerv",
    "Comments": "ASSUMED FROM PLAN TO BE CATCH BASIN - MAY BE OWNED BY B&L R.R. - PLANS GIVE NO PROFILE OR DATA ON STRUCTURES",
    "AccessDiam": 0,
    "AccessMate": "Unk",
    "AccesType": "Unk",
    "Station": 9999,
    "RimElevati": 9999,
    "FieldBook": " ",
    "Invert": 9999,
    "Plan1": "MM-08",
    "Plan2": " ",
    "Plan3": " ",
    "FeatureID": "CB-SD-19",
    "DupeNum": 1,
    "Source": "Original City Data",
    "OrthoUpdated": "Yes",
    "GlobalID": "{ECF3693F-2F45-4E1D-A66B-458424EDBE83}",
    "created_user": "GIS",
    "created_date": 1600300800000,
    "last_edited_user": "GIS",
    "last_edited_date": 1600300800000,
    "Dewb_Edited": 0,
    "AssetStatus": "Active",
    "AccuracyStatus": "Unknown/Null (accurate = no)",
    "InaccuracyType": null,
    "AccuracyDate": null,
    "AccuracyComments": null,
    "ArchiveProjectName": null,
    "ArchiveReason": null,
    "ArchiveDate": null,
    "ArchiveComments": null,
    "ReplacedAssetID": null,
    "AssociatedInspections": null,
    "FID": null,
    "CreationDate": 1667412663429,
    "Creator": "NLandin_wc",
    "EditDate": 1667942792190,
    "Editor": "NLandin_wc"
   }
  },
  {
   "type": "Feature",
   "id": 1658,
   "geometry": {
    "type": "Point",
    "coordinates": [
     -71.11007658999134,
     42.38523615617065
    ]
   },
   "properties": {
    "OBJECTID": 1658,
    "Subtype": 0,
    "FacilityID": "SW-CB-00934",
    "InstallDat": null,
    "LifecycleS": " ",
    "WaterType": " ",
    "PlanNum": " ",
    "Owner": " ",
    "Comments": " ",
    "AccessDiam": 0,
    "AccessMate": " ",
    "AccesType": " ",
    "Station": 0,
    "RimElevati": 0,
    "FieldBook": " ",
    "Invert": 0,
    "Plan1": " ",
    "Plan2": " ",
    "Plan3": " ",
    "FeatureID": " ",
    "DupeNum": 0,
    "Source": "Stantec",
    "OrthoUpdated": "Not Visible",
    "GlobalID": "{4F8F1ABC-FB3A-4085-8FB4-1BD4ED1553C8}",
    "created_user": "GIS",
    "created_date": 1600300800000,
    "last_edited_user": "GIS",
    "last_edited_date": 1600300800000,
    "Dewb_Edited": 0,
    "AssetStatus": "Active",
    "AccuracyStatus": "Unknown/Null (accurate = no)",
    "InaccuracyType": null,
    "AccuracyDate": null,
    "AccuracyComments": null,
    "ArchiveProjectName": null,
    "ArchiveReason": null,
    "ArchiveDate": null,
    "ArchiveComments": null,
    "ReplacedAssetID": null,
    "AssociatedInspections": null,
    "FID": null,
    "CreationDate": 1667412663429,
    "Creator": "NLandin_wc",
    "EditDate": 1667942792190,
    "Editor": "NLandin_wc"
   }
  },
  {
   "type": "Feature",
   "id": 1676,
   "geometry": {
    "type": "Point",
    "coordinates": [
     -71.10762712392054,
     42.38540978682683
    ]
   },
   "properties": {
    "OBJECTID": 1676,
    "Subtype": 0,
    "FacilityID": "SW-CB-00961",
    "InstallDat": null,
    "LifecycleS": " ",
    "WaterType": " ",
    "PlanNum": " ",
    "Owner": " ",
    "Comments": " ",
    "AccessDiam": 0,
    "AccessMate": " ",
    "AccesType": " ",
    "Station": 0,
    "RimElevati": 0,
    "FieldBook": " ",
    "Invert": 0,
    "Plan1": " ",
    "Plan2": " ",
    "Plan3": " ",
    "FeatureID": " ",
    "DupeNum": 0,
    "Source": "Stantec",
    "OrthoUpdated": "Yes",
    "GlobalID": "{2752D8C4-7378-46CA-97C5-6A439B6433D1}",
    "created_user": "GIS",
    "created_date": 1600300800000,
    "last_edited_user": "GIS",
    "last_edited_date": 1600300800000,
    "Dewb_Edited": 0,
    "AssetStatus": "Active",
    "AccuracyStatus": "Unknown/Null (accurate = no)",
    "InaccuracyType": null,
    "AccuracyDate": null,
    "AccuracyComments": null,
    "ArchiveProjectName": null,
    "ArchiveReason": null,
    "ArchiveDate": null,
    "ArchiveComments": null,
    "ReplacedAssetID": null,
    "AssociatedInspections": null,
    "FID": null,
    "CreationDate": 1667412663429,
    "Creator": "NLandin_wc",
    "EditDate": 1667942792190,
    "Editor": "NLandin_wc"
   }
  },
  {
   "type": "Feature",
   "id": 1678,
   "geometry": {
    "type": "Point",
    "coordinates": [
     -71.0947126328468,
     42.387808326401355
    ]
   },
   "properties": {
    "OBJECTID": 1678,
    "Subtype": 0,
    "FacilityID": "SW-CB-01491",
    "InstallDat": null,
    "LifecycleS": " ",
    "WaterType": " ",
    "PlanNum": " ",
    "Owner": " ",
    "Comments": " ",
    "AccessDiam": 0,
    "AccessMate": " ",
    "AccesType": " ",
    "Station": 0,
    "RimElevati": 0,
    "FieldBook": " ",
    "Invert": 0,
    "Plan1": " ",
    "Plan2": " ",
    "Plan3": " ",
    "FeatureID": " ",
    "DupeNum": 0,
    "Source": "2017 Orthophotography",
    "OrthoUpdated": "Yes",
    "GlobalID": "{7A77AB41-79AE-423F-908F-50CB1B68EEF6}",
    "created_user": "GIS",
    "created_date": 1600300800000,
    "last_edited_user": "GIS",
    "last_edited_date": 1600300800000,
    "Dewb_Edited": 0,
    "AssetStatus": "Active",
    "AccuracyStatus": "Unknown/Null (accurate = no)",
    "InaccuracyType": null,
    "AccuracyDate": null,
    "AccuracyComments": null,
    "ArchiveProjectName": null,
    "ArchiveReason": null,
    "ArchiveDate": null,
    "ArchiveComments": null,
    "ReplacedAssetID": null,
    "AssociatedInspections": null,
    "FID": null,
    "CreationDate": 1667412663429,
    "Creator": "NLandin_wc",
    "EditDate": 1667942792190,
    "Editor": "NLandin_wc"
   }
  },
  {
   "type": "Feature",
   "id": 1681,
   "geometry": {
    "type": "Point",
    "coordinates": [
     -71.10689718160393,
     42.380314032387396
    ]
   },
   "properties": {
    "OBJECTID": 1681,
    "Subtype": 0,
    "FacilityID": "SW-CB-02574",
    "InstallDat": null,
    "LifecycleS": " ",
    "WaterType": " ",
    "PlanNum": " ",
    "Owner": " ",
    "Comments": " ",
    "AccessDiam": 0,
    "AccessMate": " ",
    "AccesType": " ",
    "Station": 0,
    "RimElevati": 0,
    "FieldBook": " ",
    "Invert": 0,
    "Plan1": " ",
    "Plan2": " ",
    "Plan3": " ",
    "FeatureID": " ",
    "DupeNum": 0,
    "Source": "2017 Orthophotography",
    "OrthoUpdated": "Yes",
    "GlobalID": "{D8F97B2C-F212-4A21-92E4-BA65E25901D1}",
    "created_user": "GIS",
    "created_date": 1600300800000,
    "last_edited_user": "GIS",
    "last_edited_date": 1600300800000,
    "Dewb_Edited": 0,
    "AssetStatus": "Active",
    "AccuracyStatus": "Unknown/Null (accurate = no)",
    "InaccuracyType": null,
    "AccuracyDate": null,
    "AccuracyComments": null,
    "ArchiveProjectName": null,
    "ArchiveReason": null,
    "ArchiveDate": null,
    "ArchiveComments": null,
    "ReplacedAssetID": null,
    "AssociatedInspections": null,
    "FID": null,
    "CreationDate": 1667412663429,
    "Creator": "NLandin_wc",
    "EditDate": 1667942792190,
    "Editor": "NLandin_wc"
   }
  },
  {
   "type": "Feature",
   "id": 1686,
   "geometry": {
    "type": "Point",
    "coordinates": [
     -71.10706061168958,
     42.381516244376314
    ]
   },
   "properties": {
    "OBJECTID": 1686,
    "Subtype": 0,
    "FacilityID": "SW-CB-02610",
    "InstallDat": null,
    "LifecycleS": " ",
    "WaterType": " ",
    "PlanNum": " ",
    "Owner": " ",
    "Comments": " ",
    "AccessDiam": 0,
    "AccessMate": " ",
    "AccesType": " ",
    "Station": 0,
    "RimElevati": 0,
    "FieldBook": " ",
    "Invert": 0,
    "Plan1": " ",
    "Plan2": " ",
    "Plan3": " ",
    "FeatureID": " ",
    "DupeNum": 0,
    "Source": "2017 Orthophotography",
    "OrthoUpdated": "Yes",
    "GlobalID": "{0A5ADFB3-D187-4A0A-9E57-D659CACBDC6E}",
    "created_user": "GIS",
    "created_date": 1600300800000,
    "last_edited_user": "GIS",
    "last_edited_date": 1600300800000,
    "Dewb_Edited": 0,
    "AssetStatus": "Active",
    "AccuracyStatus": "Unknown/Null (accurate = no)",
    "InaccuracyType": null,
    "AccuracyDate": null,
    "AccuracyComments": null,
    "ArchiveProjectName": null,
    "ArchiveReason": null,
    "ArchiveDate": null,
    "ArchiveComments": null,
    "ReplacedAssetID": null,
    "AssociatedInspections": null,
    "FID": null,
    "CreationDate": 1667412663429,
    "Creator": "NLandin_wc",
    "EditDate": 1667942792190,
    "Editor": "NLandin_wc"
   }
  },
  {
   "type": "Feature",
   "id": 1703,
   "geometry": {
    "type": "Point",
    "coordinates": [
     -71.09709267874321,
     42.3893497332554
    ]
   },
   "properties": {
    "OBJECTID": 1703,
    "Subtype": 0,
    "FacilityID": "SW-CB-02678",
    "InstallDat": null,
    "LifecycleS": " ",
    "WaterType": " ",
    "PlanNum": " ",
    "Owner": " ",
    "Comments": " ",
    "AccessDiam": 0,
    "AccessMate": " ",
    "AccesType": " ",
    "Station": 0,
    "RimElevati": 0,
    "FieldBook": " ",
    "Invert": 0,
    "Plan1": " ",
    "Plan2": " ",
    "Plan3": " ",
    "FeatureID": " ",
    "DupeNum": 0,
    "Source": "2017 Orthophotography",
    "OrthoUpdated": "Yes",
    "GlobalID": "{80B779B8-C4E2-439D-A7B2-D3EE716BD87A}",
    "created_user": "GIS",
    "created_date": 1600300800000,
    "last_edited_user": "GIS",
    "last_edited_date": 1600300800000,
    "Dewb_Edited": 0,
    "AssetStatus": "Active",
    "AccuracyStatus": "Unknown/Null (accurate = no)",
    "InaccuracyType": null,
    "AccuracyDate": null,
    "AccuracyComments": null,
    "ArchiveProjectName": null,
    "ArchiveReason": null,
    "ArchiveDate": null,
    "ArchiveComments": null,
    "ReplacedAssetID": null,
    "AssociatedInspections": null,
    "FID": null,
    "CreationDate": 1667412663429,
    "Creator": "NLandin_wc",
    "EditDate": 1667942792190,
    "Editor": "NLandin_wc"
   }
  },
  {
   "type": "Feature",
   "id": 1707,
   "geometry": {
    "type": "Point",
    "coordinates": [
     -71.10877563139938,
     42.385666538602806
    ]
   },
   "properties": {
    "OBJECTID": 1707,
    "Subtype": 0,
    "FacilityID": "SW-CB-00947",
    "InstallDat": null,
    "LifecycleS": " ",
    "WaterType": " ",
    "PlanNum": " ",
    "Owner": " ",
    "Comments": " ",
    "AccessDiam": 0,
    "AccessMate": " ",
    "AccesType": " ",
    "Station": 0,
    "RimElevati": 0,
    "FieldBook": " ",
    "Invert": 0,
    "Plan1": " ",
    "Plan2": " ",
    "Plan3": " ",
    "FeatureID": " ",
    "DupeNum": 0,
    "Source": "Stantec",
    "OrthoUpdated": "Yes",
    "GlobalID": "{91CD3FC9-872B-42B9-96BF-6022DB286D32}",
    "created_user": "GIS",
    "created_date": 1600300800000,
    "last_edited_user": "GIS",
    "last_edited_date": 1600300800000,
    "Dewb_Edited": 0,
    "AssetStatus": "Active",
    "AccuracyStatus": "Unknown/Null (accurate = no)",
    "InaccuracyType": null,
    "AccuracyDate": null,
    "AccuracyComments": null,
    "ArchiveProjectName": null,
    "ArchiveReason": null,
    "ArchiveDate": null,
    "ArchiveComments": null,
    "ReplacedAssetID": null,
    "AssociatedInspections": null,
    "FID": null,
    "CreationDate": 1667412663429,
    "Creator": "NLandin_wc",
    "EditDate": 1667942792190,
    "Editor": "NLandin_wc"
   }
  },
  {
   "type": "Feature",
   "id": 1716,
   "geometry": {
    "type": "Point",
    "coordinates": [
     -71.09689964750235,
     42.380268915823486
    ]
   },
   "properties": {
    "OBJECTID": 1716,
    "Subtype": 0,
    "FacilityID": "SW-CB-00688",
    "InstallDat": null,
    "LifecycleS": " ",
    "WaterType": " ",
    "PlanNum": " ",
    "Owner": " ",
    "Comments": " ",
    "AccessDiam": 0,
    "AccessMate": " ",
    "AccesType": " ",
    "Station": 0,
    "RimElevati": 0,
    "FieldBook": " ",
    "Invert": 0,
    "Plan1": " ",
    "Plan2": " ",
    "Plan3": " ",
    "FeatureID": " ",
    "DupeNum": 0,
    "Source": "Stantec",
    "OrthoUpdated": "Yes",
    "GlobalID": "{21E3F656-1024-4A30-9B30-9C546179D26D}",
    "created_user": "GIS",
    "created_date": 1600300800000,
    "last_edited_user": "GIS",
    "last_edited_date": 1600300800000,
    "Dewb_Edited": 0,
    "AssetStatus": "Active",
    "AccuracyStatus": "Unknown/Null (accurate = no)",
    "InaccuracyType": null,
    "AccuracyDate": null,
    "AccuracyComments": null,
    "ArchiveProjectName": null,
    "ArchiveReason": null,
    "ArchiveDate": null,
    "ArchiveComments": null,
    "ReplacedAssetID": null,
    "AssociatedInspections": null,
    "FID": null,
    "CreationDate": 1667412663429,
    "Creator": "NLandin_wc",
    "EditDate": 1667942792190,
    "Editor": "NLandin_wc"
   }
  },
  {
   "type": "Feature",
   "id": 1724,
   "geometry": {
    "type": "Point",
    "coordinates": [
     -71.09704131467466,
     42.38108834667669
    ]
   },
   "properties": {
    "OBJECTID": 1724,
    "Subtype": 0,
    "FacilityID": "SW-CB-00718",
    "InstallDat": null,
    "LifecycleS": " ",
    "WaterType": " ",
    "PlanNum": " ",
    "Owner": " ",
    "Comments": " ",
    "AccessDiam": 0,
    "AccessMate": " ",
    "AccesType": " ",
    "Station": 0,
    "RimElevati": 0,
    "FieldBook": " ",
    "Invert": 0,
    "Plan1": " ",
    "Plan2": " ",
    "Plan3": " ",
    "FeatureID": " ",
    "DupeNum": 0,
    "Source": "Stantec",
    "OrthoUpdated": "Yes",
    "GlobalID": "{4CC5A2B4-ED05-4000-B507-F6AA699CD3BF}",
    "created_user": "GIS",
    "created_date": 1600300800000,
    "last_edited_user": "GIS",
    "last_edited_date": 1600300800000,
    "Dewb_Edited": 0,
    "AssetStatus": "Active",
    "AccuracyStatus": "Unknown/Null (accurate = no)",
    "InaccuracyType": null,
    "AccuracyDate": null,
    "AccuracyComments": null,
    "ArchiveProjectName": null,
    "ArchiveReason": null,
    "ArchiveDate": null,
    "ArchiveComments": null,
    "ReplacedAssetID": null,
    "AssociatedInspections": null,
    "FID": null,
    "CreationDate": 1667412663429,
    "Creator": "NLandin_wc",
    "EditDate": 1667942792190,
    "Editor": "NLandin_wc"
   }
  },
  {
   "type": "Feature",
   "id": 1735,
   "geometry": {
    "type": "Point",
    "coordinates": [
     -71.09387118019502,
     42.38662546464147
    ]
   },
   "properties": {
    "OBJECTID": 1735,
    "Subtype": 1,
    "FacilityID": "SW-CB-00139",
    "InstallDat": -1356998400000,
    "LifecycleS": "Active",
    "WaterType": "Storm",
    "PlanNum": "MM-5",
    "Owner": "Somerv",
    "Comments": " ",
    "AccessDiam": 0,
    "AccessMate": " ",
    "AccesType": " ",
    "Station": 9999,
    "RimElevati": 9999,
    "FieldBook": " ",
    "Invert": 9999,
    "Plan1": "MM-05",
    "Plan2": " ",
    "Plan3": " ",
    "FeatureID": "CB-SD-140",
    "DupeNum": 1,
    "Source": "Original City Data",
    "OrthoUpdated": "Not Visible",
    "GlobalID": "{F01EBDAF-5050-4E1F-A04D-536FCBA08FE2}",
    "created_user": "GIS",
    "created_date": 1600300800000,
    "last_edited_user": "GIS",
    "last_edited_date": 1600300800000,
    "Dewb_Edited": 0,
    "AssetStatus": "Active",
    "AccuracyStatus": "Unknown/Null (accurate = no)",
    "InaccuracyType": null,
    "AccuracyDate": null,
    "AccuracyComments": null,
    "ArchiveProjectName": null,
    "ArchiveReason": null,
    "ArchiveDate": null,
    "ArchiveComments": null,
    "ReplacedAssetID": null,
    "AssociatedInspections": null,
    "FID": null,
    "CreationDate": 1667412663429,
    "Creator": "NLandin_wc",
    "EditDate": 1667942792190,
    "Editor": "NLandin_wc"
   }
  },
  {
   "type": "Feature",
   "id": 1736,
   "geometry": {
    "type": "Point",
    "coordinates": [
     -71.10044358342017,
     42.385778868357605
    ]
   },
   "properties": {
    "OBJECTID": 1736,
    "Subtype": 0,
    "FacilityID": "SW-CB-00820",
    "InstallDat": null,
    "LifecycleS": " ",
    "WaterType": " ",
    "PlanNum": " ",
    "Owner": " ",
    "Comments": " ",
    "AccessDiam": 0,
    "AccessMate": " ",
    "AccesType": " ",
    "Station": 0,
    "RimElevati": 0,
    "FieldBook": " ",
    "Invert": 0,
    "Plan1": " ",
    "Plan2": " ",
    "Plan3": " ",
    "FeatureID": " ",
    "DupeNum": 0,
    "Source": "Stantec",
    "OrthoUpdated": "Yes",
    "GlobalID": "{0923017B-7E16-4B42-BA2D-C90649A20EC1}",
    "created_user": "GIS",
    "created_date": 1600300800000,
    "last_edited_user": "GIS",
    "last_edited_date": 1600300800000,
    "Dewb_Edited": 0,
    "AssetStatus": "Active",
    "AccuracyStatus": "Unknown/Null (accurate = no)",
    "InaccuracyType": null,
    "AccuracyDate": null,
    "AccuracyComments": null,
    "ArchiveProjectName": null,
    "ArchiveReason": null,
    "ArchiveDate": null,
    "ArchiveComments": null,
    "ReplacedAssetID": null,
    "AssociatedInspections": null,
    "FID": null,
    "CreationDate": 1667412663429,
    "Creator": "NLandin_wc",
    "EditDate": 1667942792190,
    "Editor": "NLandin_wc"
   }
  },
  {
   "type": "Feature",
   "id": 1770,
   "geometry": {
    "type": "Point",
    "coordinates": [
     -71.10275736994043,
     42.3866698892399
    ]
   },
   "properties": {
    "OBJECTID": 1770,
    "Subtype": 0,
    "FacilityID": "SW-CB-00812",
    "InstallDat": null,
    "LifecycleS": " ",
    "WaterType": " ",
    "PlanNum": " ",
    "Owner": " ",
    "Comments": " ",
    "AccessDiam": 0,
    "AccessMate": " ",
    "AccesType": " ",
    "Station": 0,
    "RimElevati": 0,
    "FieldBook": " ",
    "Invert": 0,
    "Plan1": " ",
    "Plan2": " ",
    "Plan3": " ",
    "FeatureID": " ",
    "DupeNum": 0,
    "Source": "Stantec",
    "OrthoUpdated": "Yes",
    "GlobalID": "{E2DC3FC5-3D8B-4F84-BD2D-C4519031066D}",
    "created_user": "GIS",
    "created_date": 1600300800000,
    "last_edited_user": "GIS",
    "last_edited_date": 1600300800000,
    "Dewb_Edited": 0,
    "AssetStatus": "Active",
    "AccuracyStatus": "Unknown/Null (accurate = no)",
    "InaccuracyType": null,
    "AccuracyDate": null,
    "AccuracyComments": null,
    "ArchiveProjectName": null,
    "ArchiveReason": null,
    "ArchiveDate": null,
    "ArchiveComments": null,
    "ReplacedAssetID": null,
    "AssociatedInspections": null,
    "FID": null,
    "CreationDate": 1667412663429,
    "Creator": "NLandin_wc",
    "EditDate": 1667942792190,
    "Editor": "NLandin_wc"
   }
  },
  {
   "type": "Feature",
   "id": 1773,
   "geometry": {
    "type": "Point",
    "coordinates": [
     -71.09719737208161,
     42.38583548395143
    ]
   },
   "properties": {
    "OBJECTID": 1773,
    "Subtype": 0,
    "FacilityID": "SW-CB-00790",
    "InstallDat": null,
    "LifecycleS": " ",
    "WaterType": " ",
    "PlanNum": " ",
    "Owner": " ",
    "Comments": " ",
    "AccessDiam": 0,
    "AccessMate": " ",
    "AccesType": " ",
    "Station": 0,
    "RimElevati": 0,
    "FieldBook": " ",
    "Invert": 0,
    "Plan1": " ",
    "Plan2": " ",
    "Plan3": " ",
    "FeatureID": " ",
    "DupeNum": 0,
    "Source": "Stantec",
    "OrthoUpdated": "Yes",
    "GlobalID": "{5E4128AA-57A7-468A-9F82-A6A39567EADE}",
    "created_user": "GIS",
    "created_date": 1600300800000,
    "last_edited_user": "GIS",
    "last_edited_date": 1600300800000,
    "Dewb_Edited": 0,
    "AssetStatus": "Active",
    "AccuracyStatus": "Unknown/Null (accurate = no)",
    "InaccuracyType": null,
    "AccuracyDate": null,
    "AccuracyComments": null,
    "ArchiveProjectName": null,
    "ArchiveReason": null,
    "ArchiveDate": null,
    "ArchiveComments": null,
    "ReplacedAssetID": null,
    "AssociatedInspections": null,
    "FID": null,
    "CreationDate": 1667412663429,
    "Creator": "NLandin_wc",
    "EditDate": 1667942792190,
    "Editor": "NLandin_wc"
   }
  },
  {
   "type": "Feature",
   "id": 1774,
   "geometry": {
    "type": "Point",
    "coordinates": [
     -71.09604154726186,
     42.38798706215078
    ]
   },
   "properties": {
    "OBJECTID": 1774,
    "Subtype": 0,
    "FacilityID": "SW-CB-01472",
    "InstallDat": null,
    "LifecycleS": " ",
    "WaterType": " ",
    "PlanNum": " ",
    "Owner": " ",
    "Comments": " ",
    "AccessDiam": 0,
    "AccessMate": " ",
    "AccesType": " ",
    "Station": 0,
    "RimElevati": 0,
    "FieldBook": " ",
    "Invert": 0,
    "Plan1": " ",
    "Plan2": " ",
    "Plan3": " ",
    "FeatureID": " ",
    "DupeNum": 0,
    "Source": "2017 Orthophotography",
    "OrthoUpdated": "Yes",
    "GlobalID": "{7669761B-121A-4CFD-8ADD-0A4687B0B5D3}",
    "created_user": "GIS",
    "created_date": 1600300800000,
    "last_edited_user": "GIS",
    "last_edited_date": 1600300800000,
    "Dewb_Edited": 0,
    "AssetStatus": "Active",
    "AccuracyStatus": "Unknown/Null (accurate = no)",
    "InaccuracyType": null,
    "AccuracyDate": null,
    "AccuracyComments": null,
    "ArchiveProjectName": null,
    "ArchiveReason": null,
    "ArchiveDate": null,
    "ArchiveComments": null,
    "ReplacedAssetID": null,
    "AssociatedInspections": null,
    "FID": null,
    "CreationDate": 1667412663429,
    "Creator": "NLandin_wc",
    "EditDate": 1667942792190,
    "Editor": "NLandin_wc"
   }
  },
  {
   "type": "Feature",
   "id": 1779,
   "geometry": {
    "type": "Point",
    "coordinates": [
     -71.09785214021318,
     42.38061992820184
    ]
   },
   "properties": {
    "OBJECTID": 1779,
    "Subtype": 0,
    "FacilityID": "SW-CB-00694",
    "InstallDat": null,
    "LifecycleS": " ",
    "WaterType": " ",
    "PlanNum": " ",
    "Owner": " ",
    "Comments": " ",
    "AccessDiam": 0,
    "AccessMate": " ",
    "AccesType": " ",
    "Station": 0,
    "RimElevati": 0,
    "FieldBook": " ",
    "Invert": 0,
    "Plan1": " ",
    "Plan2": " ",
    "Plan3": " ",
    "FeatureID": " ",
    "DupeNum": 0,
    "Source": "Stantec",
    "OrthoUpdated": "Yes",
    "GlobalID": "{80E1807F-20EA-4D35-9CD7-82BB7D879B0D}",
    "created_user": "GIS",
    "created_date": 1600300800000,
    "last_edited_user": "GIS",
    "last_edited_date": 1600300800000,
    "Dewb_Edited": 0,
    "AssetStatus": "Active",
    "AccuracyStatus": "Unknown/Null (accurate = no)",
    "InaccuracyType": null,
    "AccuracyDate": null,
    "AccuracyComments": null,
    "ArchiveProjectName": null,
    "ArchiveReason": null,
    "ArchiveDate": null,
    "ArchiveComments": null,
    "ReplacedAssetID": null,
    "AssociatedInspections": null,
    "FID": null,
    "CreationDate": 1667412663429,
    "Creator": "NLandin_wc",
    "EditDate": 1667942792190,
    "Editor": "NLandin_wc"
   }
  },
  {
   "type": "Feature",
   "id": 1782,
   "geometry": {
    "type": "Point",
    "coordinates": [
     -71.1097275899567,
     42.391081121083374
    ]
   },
   "properties": {
    "OBJECTID": 1782,
    "Subtype": 0,
    "FacilityID": "SW-CB-02769",
    "InstallDat": null,
    "LifecycleS": " ",
    "WaterType": " ",
    "PlanNum": " ",
    "Owner": " ",
    "Comments": " ",
    "AccessDiam": 0,
    "AccessMate": " ",
    "AccesType": " ",
    "Station": 0,
    "RimElevati": 0,
    "FieldBook": " ",
    "Invert": 0,
    "Plan1": " ",
    "Plan2": " ",
    "Plan3": " ",
    "FeatureID": " ",
    "DupeNum": 0,
    "Source": "2017 Orthophotography",
    "OrthoUpdated": "Yes",
    "GlobalID": "{476B6AC3-1FE4-46DB-AA5D-105D607E1A73}",
    "created_user": "GIS",
    "created_date": 1600300800000,
    "last_edited_user": "GIS",
    "last_edited_date": 1600300800000,
    "Dewb_Edited": 0,
    "AssetStatus": "Active",
    "AccuracyStatus": "Unknown/Null (accurate = no)",
    "InaccuracyType": null,
    "AccuracyDate": null,
    "AccuracyComments": null,
    "ArchiveProjectName": null,
    "ArchiveReason": null,
    "ArchiveDate": null,
    "ArchiveComments": null,
    "ReplacedAssetID": null,
    "AssociatedInspections": null,
    "FID": null,
    "CreationDate": 1667412663429,
    "Creator": "NLandin_wc",
    "EditDate": 1667942792190,
    "Editor": "NLandin_wc"
   }
  },
  {
   "type": "Feature",
   "id": 1783,
   "geometry": {
    "type": "Point",
    "coordinates": [
     -71.10944332411803,
     42.38966238858124
    ]
   },
   "properties": {
    "OBJECTID": 1783,
    "Subtype": 0,
    "FacilityID": "SW-CB-02835",
    "InstallDat": null,
    "LifecycleS": " ",
    "WaterType": " ",
    "PlanNum": " ",
    "Owner": " ",
    "Comments": " ",
    "AccessDiam": 0,
    "AccessMate": " ",
    "AccesType": " ",
    "Station": 0,
    "RimElevati": 0,
    "FieldBook": " ",
    "Invert": 0,
    "Plan1": " ",
    "Plan2": " ",
    "Plan3": " ",
    "FeatureID": " ",
    "DupeNum": 0,
    "Source": "2017 Orthophotography",
    "OrthoUpdated": "Yes",
    "GlobalID": "{F0EE49DF-4F8F-43EF-A19E-E663AE8A7437}",
    "created_user": "GIS",
    "created_date": 1600300800000,
    "last_edited_user": "GIS",
    "last_edited_date": 1600300800000,
    "Dewb_Edited": 0,
    "AssetStatus": "Active",
    "AccuracyStatus": "Unknown/Null (accurate = no)",
    "InaccuracyType": null,
    "AccuracyDate": null,
    "AccuracyComments": null,
    "ArchiveProjectName": null,
    "ArchiveReason": null,
    "ArchiveDate": null,
    "ArchiveComments": null,
    "ReplacedAssetID": null,
    "AssociatedInspections": null,
    "FID": null,
    "CreationDate": 1667412663429,
    "Creator": "NLandin_wc",
    "EditDate": 1667942792190,
    "Editor": "NLandin_wc"
   }
  },
  {
   "type": "Feature",
   "id": 1793,
   "geometry": {
    "type": "Point",
    "coordinates": [
     -71.09851085215162,
     42.39055117361873
    ]
   },
   "properties": {
    "OBJECTID": 1793,
    "Subtype": 0,
    "FacilityID": "SW-CB-02643",
    "InstallDat": null,
    "LifecycleS": " ",
    "WaterType": " ",
    "PlanNum": " ",
    "Owner": " ",
    "Comments": " ",
    "AccessDiam": 0,
    "AccessMate": " ",
    "AccesType": " ",
    "Station": 0,
    "RimElevati": 0,
    "FieldBook": " ",
    "Invert": 0,
    "Plan1": " ",
    "Plan2": " ",
    "Plan3": " ",
    "FeatureID": " ",
    "DupeNum": 0,
    "Source": "2017 Orthophotography",
    "OrthoUpdated": "Yes",
    "GlobalID": "{4EBF7210-1916-483F-B5E3-A8CD663ED3B4}",
    "created_user": "GIS",
    "created_date": 1600300800000,
    "last_edited_user": "GIS",
    "last_edited_date": 1600300800000,
    "Dewb_Edited": 0,
    "AssetStatus": "Active",
    "AccuracyStatus": "Unknown/Null (accurate = no)",
    "InaccuracyType": null,
    "AccuracyDate": null,
    "AccuracyComments": null,
    "ArchiveProjectName": null,
    "ArchiveReason": null,
    "ArchiveDate": null,
    "ArchiveComments": null,
    "ReplacedAssetID": null,
    "AssociatedInspections": null,
    "FID": null,
    "CreationDate": 1667412663429,
    "Creator": "NLandin_wc",
    "EditDate": 1667942792190,
    "Editor": "NLandin_wc"
   }
  },
  {
   "type": "Feature",
   "id": 1801,
   "geometry": {
    "type": "Point",
    "coordinates": [
     -71.09728475850095,
     42.38920000899885
    ]
   },
   "properties": {
    "OBJECTID": 1801,
    "Subtype": 0,
    "FacilityID": "SW-CB-02636",
    "InstallDat": null,
    "LifecycleS": " ",
    "WaterType": " ",
    "PlanNum": " ",
    "Owner": " ",
    "Comments": " ",
    "AccessDiam": 0,
    "AccessMate": " ",
    "AccesType": " ",
    "Station": 0,
    "RimElevati": 0,
    "FieldBook": " ",
    "Invert": 0,
    "Plan1": " ",
    "Plan2": " ",
    "Plan3": " ",
    "FeatureID": " ",
    "DupeNum": 0,
    "Source": "2017 Orthophotography",
    "OrthoUpdated": "Yes",
    "GlobalID": "{AABAC618-09D3-4378-BE98-F7A878307FAE}",
    "created_user": "GIS",
    "created_date": 1600300800000,
    "last_edited_user": "GIS",
    "last_edited_date": 1600300800000,
    "Dewb_Edited": 0,
    "AssetStatus": "Active",
    "AccuracyStatus": "Unknown/Null (accurate = no)",
    "InaccuracyType": null,
    "AccuracyDate": null,
    "AccuracyComments": null,
    "ArchiveProjectName": null,
    "ArchiveReason": null,
    "ArchiveDate": null,
    "ArchiveComments": null,
    "ReplacedAssetID": null,
    "AssociatedInspections": null,
    "FID": null,
    "CreationDate": 1667412663429,
    "Creator": "NLandin_wc",
    "EditDate": 1667942792190,
    "Editor": "NLandin_wc"
   }
  },
  {
   "type": "Feature",
   "id": 1803,
   "geometry": {
    "type": "Point",
    "coordinates": [
     -71.09796462753607,
     42.38778694061811
    ]
   },
   "properties": {
    "OBJECTID": 1803,
    "Subtype": 0,
    "FacilityID": "SW-CB-02741",
    "InstallDat": null,
    "LifecycleS": " ",
    "WaterType": " ",
    "PlanNum": " ",
    "Owner": " ",
    "Comments": " ",
    "AccessDiam": 0,
    "AccessMate": " ",
    "AccesType": " ",
    "Station": 0,
    "RimElevati": 0,
    "FieldBook": " ",
    "Invert": 0,
    "Plan1": " ",
    "Plan2": " ",
    "Plan3": " ",
    "FeatureID": " ",
    "DupeNum": 0,
    "Source": "2017 Orthophotography",
    "OrthoUpdated": "Yes",
    "GlobalID": "{58C2340B-D57E-4345-AEB8-B32AE520EFE8}",
    "created_user": "GIS",
    "created_date": 1600300800000,
    "last_edited_user": "GIS",
    "last_edited_date": 1600300800000,
    "Dewb_Edited": 0,
    "AssetStatus": "Active",
    "AccuracyStatus": "Unknown/Null (accurate = no)",
    "InaccuracyType": null,
    "AccuracyDate": null,
    "AccuracyComments": null,
    "ArchiveProjectName": null,
    "ArchiveReason": null,
    "ArchiveDate": null,
    "ArchiveComments": null,
    "ReplacedAssetID": null,
    "AssociatedInspections": null,
    "FID": null,
    "CreationDate": 1667412663429,
    "Creator": "NLandin_wc",
    "EditDate": 1667942792190,
    "Editor": "NLandin_wc"
   }
  },
  {
   "type": "Feature",
   "id": 1809,
   "geometry": {
    "type": "Point",
    "coordinates": [
     -71.1042900027825,
     42.38281305973593
    ]
   },
   "properties": {
    "OBJECTID": 1809,
    "Subtype": 0,
    "FacilityID": "SW-CB-03560",
    "InstallDat": null,
    "LifecycleS": " ",
    "WaterType": " ",
    "PlanNum": " ",
    "Owner": " ",
    "Comments": " ",
    "AccessDiam": 0,
    "AccessMate": " ",
    "AccesType": " ",
    "Station": 0,
    "RimElevati": 0,
    "FieldBook": " ",
    "Invert": 0,
    "Plan1": " ",
    "Plan2": " ",
    "Plan3": " ",
    "FeatureID": " ",
    "DupeNum": 0,
    "Source": "2017 Orthophotography",
    "OrthoUpdated": "Yes",
    "GlobalID": "{DD42BE4F-81FF-47A4-9842-33258B13EB97}",
    "created_user": "GIS",
    "created_date": 1600300800000,
    "last_edited_user": "GIS",
    "last_edited_date": 1600300800000,
    "Dewb_Edited": 0,
    "AssetStatus": "Active",
    "AccuracyStatus": "Unknown/Null (accurate = no)",
    "InaccuracyType": null,
    "AccuracyDate": null,
    "AccuracyComments": null,
    "ArchiveProjectName": null,
    "ArchiveReason": null,
    "ArchiveDate": null,
    "ArchiveComments": null,
    "ReplacedAssetID": null,
    "AssociatedInspections": null,
    "FID": null,
    "CreationDate": 1667412663429,
    "Creator": "NLandin_wc",
    "EditDate": 1667942792190,
    "Editor": "NLandin_wc"
   }
  },
  {
   "type": "Feature",
   "id": 1820,
   "geometry": {
    "type": "Point",
    "coordinates": [
     -71.09920921302047,
     42.390606137892306
    ]
   },
   "properties": {
    "OBJECTID": 1820,
    "Subtype": 0,
    "FacilityID": "SW-CB-02730",
    "InstallDat": null,
    "LifecycleS": " ",
    "WaterType": " ",
    "PlanNum": " ",
    "Owner": " ",
    "Comments": " ",
    "AccessDiam": 0,
    "AccessMate": " ",
    "AccesType": " ",
    "Station": 0,
    "RimElevati": 0,
    "FieldBook": " ",
    "Invert": 0,
    "Plan1": " ",
    "Plan2": " ",
    "Plan3": " ",
    "FeatureID": " ",
    "DupeNum": 0,
    "Source": "2017 Orthophotography",
    "OrthoUpdated": "Yes",
    "GlobalID": "{F7A80C35-55A0-4F3A-BA4B-F50CAA92F924}",
    "created_user": "GIS",
    "created_date": 1600300800000,
    "last_edited_user": "GIS",
    "last_edited_date": 1600300800000,
    "Dewb_Edited": 0,
    "AssetStatus": "Active",
    "AccuracyStatus": "Unknown/Null (accurate = no)",
    "InaccuracyType": null,
    "AccuracyDate": null,
    "AccuracyComments": null,
    "ArchiveProjectName": null,
    "ArchiveReason": null,
    "ArchiveDate": null,
    "ArchiveComments": null,
    "ReplacedAssetID": null,
    "AssociatedInspections": null,
    "FID": null,
    "CreationDate": 1667412663429,
    "Creator": "NLandin_wc",
    "EditDate": 1667942792190,
    "Editor": "NLandin_wc"
   }
  },
  {
   "type": "Feature",
   "id": 1838,
   "geometry": {
    "type": "Point",
    "coordinates": [
     -71.09645150363141,
     42.390124209461625
    ]
   },
   "properties": {
    "OBJECTID": 1838,
    "Subtype": 0,
    "FacilityID": "SW-CB-02680",
    "InstallDat": null,
    "LifecycleS": " ",
    "WaterType": " ",
    "PlanNum": " ",
    "Owner": " ",
    "Comments": " ",
    "AccessDiam": 0,
    "AccessMate": " ",
    "AccesType": " ",
    "Station": 0,
    "RimElevati": 0,
    "FieldBook": " ",
    "Invert": 0,
    "Plan1": " ",
    "Plan2": " ",
    "Plan3": " ",
    "FeatureID": " ",
    "DupeNum": 0,
    "Source": "2017 Orthophotography",
    "OrthoUpdated": "Yes",
    "GlobalID": "{289D3911-F43C-4342-B023-8D7105E7A3DF}",
    "created_user": "GIS",
    "created_date": 1600300800000,
    "last_edited_user": "GIS",
    "last_edited_date": 1600300800000,
    "Dewb_Edited": 0,
    "AssetStatus": "Active",
    "AccuracyStatus": "Unknown/Null (accurate = no)",
    "InaccuracyType": null,
    "AccuracyDate": null,
    "AccuracyComments": null,
    "ArchiveProjectName": null,
    "ArchiveReason": null,
    "ArchiveDate": null,
    "ArchiveComments": null,
    "ReplacedAssetID": null,
    "AssociatedInspections": null,
    "FID": null,
    "CreationDate": 1667412663429,
    "Creator": "NLandin_wc",
    "EditDate": 1667942792190,
    "Editor": "NLandin_wc"
   }
  },
  {
   "type": "Feature",
   "id": 1839,
   "geometry": {
    "type": "Point",
    "coordinates": [
     -71.10247007552361,
     42.380162477623344
    ]
   },
   "properties": {
    "OBJECTID": 1839,
    "Subtype": 0,
    "FacilityID": "SW-CB-02587",
    "InstallDat": null,
    "LifecycleS": " ",
    "WaterType": " ",
    "PlanNum": " ",
    "Owner": " ",
    "Comments": " ",
    "AccessDiam": 0,
    "AccessMate": " ",
    "AccesType": " ",
    "Station": 0,
    "RimElevati": 0,
    "FieldBook": " ",
    "Invert": 0,
    "Plan1": " ",
    "Plan2": " ",
    "Plan3": " ",
    "FeatureID": " ",
    "DupeNum": 0,
    "Source": "2017 Orthophotography",
    "OrthoUpdated": "Yes",
    "GlobalID": "{0A650591-F76E-446B-8C5B-6EED2440CE0B}",
    "created_user": "GIS",
    "created_date": 1600300800000,
    "last_edited_user": "GIS",
    "last_edited_date": 1600300800000,
    "Dewb_Edited": 0,
    "AssetStatus": "Active",
    "AccuracyStatus": "Unknown/Null (accurate = no)",
    "InaccuracyType": null,
    "AccuracyDate": null,
    "AccuracyComments": null,
    "ArchiveProjectName": null,
    "ArchiveReason": null,
    "ArchiveDate": null,
    "ArchiveComments": null,
    "ReplacedAssetID": null,
    "AssociatedInspections": null,
    "FID": null,
    "CreationDate": 1667412663429,
    "Creator": "NLandin_wc",
    "EditDate": 1667942792190,
    "Editor": "NLandin_wc"
   }
  },
  {
   "type": "Feature",
   "id": 1856,
   "geometry": {
    "type": "Point",
    "coordinates": [
     -71.1009647245939,
     42.38914273927215
    ]
   },
   "properties": {
    "OBJECTID": 1856,
    "Subtype": 0,
    "FacilityID": "SW-CB-02808",
    "InstallDat": null,
    "LifecycleS": " ",
    "WaterType": " ",
    "PlanNum": " ",
    "Owner": " ",
    "Comments": " ",
    "AccessDiam": 0,
    "AccessMate": " ",
    "AccesType": " ",
    "Station": 0,
    "RimElevati": 0,
    "FieldBook": " ",
    "Invert": 0,
    "Plan1": " ",
    "Plan2": " ",
    "Plan3": " ",
    "FeatureID": " ",
    "DupeNum": 0,
    "Source": "2017 Orthophotography",
    "OrthoUpdated": "Yes",
    "GlobalID": "{3D6B8E6A-725D-43C7-A495-8A513DFAE128}",
    "created_user": "GIS",
    "created_date": 1600300800000,
    "last_edited_user": "GIS",
    "last_edited_date": 1600300800000,
    "Dewb_Edited": 0,
    "AssetStatus": "Active",
    "AccuracyStatus": "Unknown/Null (accurate = no)",
    "InaccuracyType": null,
    "AccuracyDate": null,
    "AccuracyComments": null,
    "ArchiveProjectName": null,
    "ArchiveReason": null,
    "ArchiveDate": null,
    "ArchiveComments": null,
    "ReplacedAssetID": null,
    "AssociatedInspections": null,
    "FID": null,
    "CreationDate": 1667412663429,
    "Creator": "NLandin_wc",
    "EditDate": 1667942792190,
    "Editor": "NLandin_wc"
   }
  },
  {
   "type": "Feature",
   "id": 1859,
   "geometry": {
    "type": "Point",
    "coordinates": [
     -71.0973300990713,
     42.387602545927436
    ]
   },
   "properties": {
    "OBJECTID": 1859,
    "Subtype": 0,
    "FacilityID": "SW-CB-02744",
    "InstallDat": null,
    "LifecycleS": " ",
    "WaterType": " ",
    "PlanNum": " ",
    "Owner": " ",
    "Comments": " ",
    "AccessDiam": 0,
    "AccessMate": " ",
    "AccesType": " ",
    "Station": 0,
    "RimElevati": 0,
    "FieldBook": " ",
    "Invert": 0,
    "Plan1": " ",
    "Plan2": " ",
    "Plan3": " ",
    "FeatureID": " ",
    "DupeNum": 0,
    "Source": "2017 Orthophotography",
    "OrthoUpdated": "Yes",
    "GlobalID": "{E34F7F84-068E-4223-ACC9-D6D0F20B0620}",
    "created_user": "GIS",
    "created_date": 1600300800000,
    "last_edited_user": "GIS",
    "last_edited_date": 1600300800000,
    "Dewb_Edited": 0,
    "AssetStatus": "Active",
    "AccuracyStatus": "Unknown/Null (accurate = no)",
    "InaccuracyType": null,
    "AccuracyDate": null,
    "AccuracyComments": null,
    "ArchiveProjectName": null,
    "ArchiveReason": null,
    "ArchiveDate": null,
    "ArchiveComments": null,
    "ReplacedAssetID": null,
    "AssociatedInspections": null,
    "FID": null,
    "CreationDate": 1667412663429,
    "Creator": "NLandin_wc",
    "EditDate": 1667942792190,
    "Editor": "NLandin_wc"
   }
  },
  {
   "type": "Feature",
   "id": 1861,
   "geometry": {
    "type": "Point",
    "coordinates": [
     -71.10108836202629,
     42.38467714160813
    ]
   },
   "properties": {
    "OBJECTID": 1861,
    "Subtype": 0,
    "FacilityID": "SW-CB-01072",
    "InstallDat": null,
    "LifecycleS": " ",
    "WaterType": " ",
    "PlanNum": " ",
    "Owner": " ",
    "Comments": " ",
    "AccessDiam": 0,
    "AccessMate": " ",
    "AccesType": " ",
    "Station": 0,
    "RimElevati": 0,
    "FieldBook": " ",
    "Invert": 0,
    "Plan1": " ",
    "Plan2": " ",
    "Plan3": " ",
    "FeatureID": " ",
    "DupeNum": 0,
    "Source": "Stantec",
    "OrthoUpdated": "Yes",
    "GlobalID": "{F4094766-0BE6-43CF-B246-17EB46C2AB9D}",
    "created_user": "GIS",
    "created_date": 1600300800000,
    "last_edited_user": "GIS",
    "last_edited_date": 1600300800000,
    "Dewb_Edited": 0,
    "AssetStatus": "Active",
    "AccuracyStatus": "Unknown/Null (accurate = no)",
    "InaccuracyType": null,
    "AccuracyDate": null,
    "AccuracyComments": null,
    "ArchiveProjectName": null,
    "ArchiveReason": null,
    "ArchiveDate": null,
    "ArchiveComments": null,
    "ReplacedAssetID": null,
    "AssociatedInspections": null,
    "FID": null,
    "CreationDate": 1667412663429,
    "Creator": "NLandin_wc",
    "EditDate": 1667942792190,
    "Editor": "NLandin_wc"
   }
  },
  {
   "type": "Feature",
   "id": 1862,
   "geometry": {
    "type": "Point",
    "coordinates": [
     -71.10002060639526,
     42.388900108552285
    ]
   },
   "properties": {
    "OBJECTID": 1862,
    "Subtype": 0,
    "FacilityID": "SW-CB-02819",
    "InstallDat": null,
    "LifecycleS": " ",
    "WaterType": " ",
    "PlanNum": " ",
    "Owner": " ",
    "Comments": " ",
    "AccessDiam": 0,
    "AccessMate": " ",
    "AccesType": " ",
    "Station": 0,
    "RimElevati": 0,
    "FieldBook": " ",
    "Invert": 0,
    "Plan1": " ",
    "Plan2": " ",
    "Plan3": " ",
    "FeatureID": " ",
    "DupeNum": 0,
    "Source": "2017 Orthophotography",
    "OrthoUpdated": "Yes",
    "GlobalID": "{90F99E29-611F-4B85-9DA6-89D706468497}",
    "created_user": "GIS",
    "created_date": 1600300800000,
    "last_edited_user": "GIS",
    "last_edited_date": 1600300800000,
    "Dewb_Edited": 0,
    "AssetStatus": "Active",
    "AccuracyStatus": "Unknown/Null (accurate = no)",
    "InaccuracyType": null,
    "AccuracyDate": null,
    "AccuracyComments": null,
    "ArchiveProjectName": null,
    "ArchiveReason": null,
    "ArchiveDate": null,
    "ArchiveComments": null,
    "ReplacedAssetID": null,
    "AssociatedInspections": null,
    "FID": null,
    "CreationDate": 1667412663429,
    "Creator": "NLandin_wc",
    "EditDate": 1667942792190,
    "Editor": "NLandin_wc"
   }
  },
  {
   "type": "Feature",
   "id": 1866,
   "geometry": {
    "type": "Point",
    "coordinates": [
     -71.09905875708077,
     42.38898670187687
    ]
   },
   "properties": {
    "OBJECTID": 1866,
    "Subtype": 1,
    "FacilityID": "SW-CB-00215",
    "InstallDat": -1356998400000,
    "LifecycleS": "Active",
    "WaterType": "Storm",
    "PlanNum": "MM-8",
    "Owner": "Somerv",
    "Comments": " ",
    "AccessDiam": 0,
    "AccessMate": "Unk",
    "AccesType": "Unk",
    "Station": 9999,
    "RimElevati": 9999,
    "FieldBook": " ",
    "Invert": 9999,
    "Plan1": "MM-08",
    "Plan2": " ",
    "Plan3": " ",
    "FeatureID": "CB-SD-216",
    "DupeNum": 1,
    "Source": "Original City Data",
    "OrthoUpdated": "Not Visible",
    "GlobalID": "{78730B4E-CB23-4E5C-AB50-3608ADF45D41}",
    "created_user": "GIS",
    "created_date": 1600300800000,
    "last_edited_user": "GIS",
    "last_edited_date": 1600300800000,
    "Dewb_Edited": 0,
    "AssetStatus": "Active",
    "AccuracyStatus": "Unknown/Null (accurate = no)",
    "InaccuracyType": null,
    "AccuracyDate": null,
    "AccuracyComments": null,
    "ArchiveProjectName": null,
    "ArchiveReason": null,
    "ArchiveDate": null,
    "ArchiveComments": null,
    "ReplacedAssetID": null,
    "AssociatedInspections": null,
    "FID": null,
    "CreationDate": 1667412663429,
    "Creator": "NLandin_wc",
    "EditDate": 1667942792190,
    "Editor": "NLandin_wc"
   }
  },
  {
   "type": "Feature",
   "id": 1869,
   "geometry": {
    "type": "Point",
    "coordinates": [
     -71.09927384151874,
     42.386109710058186
    ]
   },
   "properties": {
    "OBJECTID": 1869,
    "Subtype": 0,
    "FacilityID": "SW-CB-00802",
    "InstallDat": null,
    "LifecycleS": " ",
    "WaterType": " ",
    "PlanNum": " ",
    "Owner": " ",
    "Comments": " ",
    "AccessDiam": 0,
    "AccessMate": " ",
    "AccesType": " ",
    "Station": 0,
    "RimElevati": 0,
    "FieldBook": " ",
    "Invert": 0,
    "Plan1": " ",
    "Plan2": " ",
    "Plan3": " ",
    "FeatureID": " ",
    "DupeNum": 0,
    "Source": "Stantec",
    "OrthoUpdated": "Yes",
    "GlobalID": "{BFC52294-691F-46DA-9E13-E6A940A3F00C}",
    "created_user": "GIS",
    "created_date": 1600300800000,
    "last_edited_user": "GIS",
    "last_edited_date": 1600300800000,
    "Dewb_Edited": 0,
    "AssetStatus": "Active",
    "AccuracyStatus": "Unknown/Null (accurate = no)",
    "InaccuracyType": null,
    "AccuracyDate": null,
    "AccuracyComments": null,
    "ArchiveProjectName": null,
    "ArchiveReason": null,
    "ArchiveDate": null,
    "ArchiveComments": null,
    "ReplacedAssetID": null,
    "AssociatedInspections": null,
    "FID": null,
    "CreationDate": 1667412663429,
    "Creator": "NLandin_wc",
    "EditDate": 1667942792190,
    "Editor": "NLandin_wc"
   }
  },
  {
   "type": "Feature",
   "id": 1873,
   "geometry": {
    "type": "Point",
    "coordinates": [
     -71.0956689557403,
     42.380174861293995
    ]
   },
   "properties": {
    "OBJECTID": 1873,
    "Subtype": 0,
    "FacilityID": "SW-CB-00681",
    "InstallDat": null,
    "LifecycleS": " ",
    "WaterType": " ",
    "PlanNum": " ",
    "Owner": " ",
    "Comments": " ",
    "AccessDiam": 0,
    "AccessMate": " ",
    "AccesType": " ",
    "Station": 0,
    "RimElevati": 0,
    "FieldBook": " ",
    "Invert": 0,
    "Plan1": " ",
    "Plan2": " ",
    "Plan3": " ",
    "FeatureID": " ",
    "DupeNum": 0,
    "Source": "Stantec",
    "OrthoUpdated": "Yes",
    "GlobalID": "{EAA35D8F-82E5-422E-BC22-D8AC39181407}",
    "created_user": "GIS",
    "created_date": 1600300800000,
    "last_edited_user": "GIS",
    "last_edited_date": 1600300800000,
    "Dewb_Edited": 0,
    "AssetStatus": "Active",
    "AccuracyStatus": "Unknown/Null (accurate = no)",
    "InaccuracyType": null,
    "AccuracyDate": null,
    "AccuracyComments": null,
    "ArchiveProjectName": null,
    "ArchiveReason": null,
    "ArchiveDate": null,
    "ArchiveComments": null,
    "ReplacedAssetID": null,
    "AssociatedInspections": null,
    "FID": null,
    "CreationDate": 1667412663429,
    "Creator": "NLandin_wc",
    "EditDate": 1667942792190,
    "Editor": "NLandin_wc"
   }
  },
  {
   "type": "Feature",
   "id": 1877,
   "geometry": {
    "type": "Point",
    "coordinates": [
     -71.10786780170162,
     42.38657761579803
    ]
   },
   "properties": {
    "OBJECTID": 1877,
    "Subtype": 0,
    "FacilityID": "SW-CB-00943",
    "InstallDat": null,
    "LifecycleS": " ",
    "WaterType": " ",
    "PlanNum": " ",
    "Owner": " ",
    "Comments": " ",
    "AccessDiam": 0,
    "AccessMate": " ",
    "AccesType": " ",
    "Station": 0,
    "RimElevati": 0,
    "FieldBook": " ",
    "Invert": 0,
    "Plan1": " ",
    "Plan2": " ",
    "Plan3": " ",
    "FeatureID": " ",
    "DupeNum": 0,
    "Source": "Stantec",
    "OrthoUpdated": "Not Visible",
    "GlobalID": "{9DA99CB3-CD85-4573-A2D3-3F9744BA6CA1}",
    "created_user": "GIS",
    "created_date": 1600300800000,
    "last_edited_user": "GIS",
    "last_edited_date": 1600300800000,
    "Dewb_Edited": 0,
    "AssetStatus": "Active",
    "AccuracyStatus": "Unknown/Null (accurate = no)",
    "InaccuracyType": null,
    "AccuracyDate": null,
    "AccuracyComments": null,
    "ArchiveProjectName": null,
    "ArchiveReason": null,
    "ArchiveDate": null,
    "ArchiveComments": null,
    "ReplacedAssetID": null,
    "AssociatedInspections": null,
    "FID": null,
    "CreationDate": 1667412663429,
    "Creator": "NLandin_wc",
    "EditDate": 1667942792190,
    "Editor": "NLandin_wc"
   }
  },
  {
   "type": "Feature",
   "id": 1882,
   "geometry": {
    "type": "Point",
    "coordinates": [
     -71.10549965623287,
     42.38069627713562
    ]
   },
   "properties": {
    "OBJECTID": 1882,
    "Subtype": 0,
    "FacilityID": "SW-CB-02578",
    "InstallDat": null,
    "LifecycleS": " ",
    "WaterType": " ",
    "PlanNum": " ",
    "Owner": " ",
    "Comments": " ",
    "AccessDiam": 0,
    "AccessMate": " ",
    "AccesType": " ",
    "Station": 0,
    "RimElevati": 0,
    "FieldBook": " ",
    "Invert": 0,
    "Plan1": " ",
    "Plan2": " ",
    "Plan3": " ",
    "FeatureID": " ",
    "DupeNum": 0,
    "Source": "2017 Orthophotography",
    "OrthoUpdated": "Yes",
    "GlobalID": "{78E7ACCF-305F-456A-9432-ED3C6AE47612}",
    "created_user": "GIS",
    "created_date": 1600300800000,
    "last_edited_user": "GIS",
    "last_edited_date": 1600300800000,
    "Dewb_Edited": 0,
    "AssetStatus": "Active",
    "AccuracyStatus": "Unknown/Null (accurate = no)",
    "InaccuracyType": null,
    "AccuracyDate": null,
    "AccuracyComments": null,
    "ArchiveProjectName": null,
    "ArchiveReason": null,
    "ArchiveDate": null,
    "ArchiveComments": null,
    "ReplacedAssetID": null,
    "AssociatedInspections": null,
    "FID": null,
    "CreationDate": 1667412663429,
    "Creator": "NLandin_wc",
    "EditDate": 1667942792190,
    "Editor": "NLandin_wc"
   }
  },
  {
   "type": "Feature",
   "id": 1885,
   "geometry": {
    "type": "Point",
    "coordinates": [
     -71.0977426133694,
     42.38503509869235
    ]
   },
   "properties": {
    "OBJECTID": 1885,
    "Subtype": 0,
    "FacilityID": "SW-CB-00794",
    "InstallDat": null,
    "LifecycleS": " ",
    "WaterType": " ",
    "PlanNum": " ",
    "Owner": " ",
    "Comments": " ",
    "AccessDiam": 0,
    "AccessMate": " ",
    "AccesType": " ",
    "Station": 0,
    "RimElevati": 0,
    "FieldBook": " ",
    "Invert": 0,
    "Plan1": " ",
    "Plan2": " ",
    "Plan3": " ",
    "FeatureID": " ",
    "DupeNum": 0,
    "Source": "Stantec",
    "OrthoUpdated": "Yes",
    "GlobalID": "{00A29359-B5D0-4717-B988-E60E6D4C8DBA}",
    "created_user": "GIS",
    "created_date": 1600300800000,
    "last_edited_user": "GIS",
    "last_edited_date": 1600300800000,
    "Dewb_Edited": 0,
    "AssetStatus": "Active",
    "AccuracyStatus": "Unknown/Null (accurate = no)",
    "InaccuracyType": null,
    "AccuracyDate": null,
    "AccuracyComments": null,
    "ArchiveProjectName": null,
    "ArchiveReason": null,
    "ArchiveDate": null,
    "ArchiveComments": null,
    "ReplacedAssetID": null,
    "AssociatedInspections": null,
    "FID": null,
    "CreationDate": 1667412663429,
    "Creator": "NLandin_wc",
    "EditDate": 1667942792190,
    "Editor": "NLandin_wc"
   }
  },
  {
   "type": "Feature",
   "id": 1894,
   "geometry": {
    "type": "Point",
    "coordinates": [
     -71.09824874412817,
     42.38077985929459
    ]
   },
   "properties": {
    "OBJECTID": 1894,
    "Subtype": 0,
    "FacilityID": "SW-CB-00696",
    "InstallDat": null,
    "LifecycleS": " ",
    "WaterType": " ",
    "PlanNum": " ",
    "Owner": " ",
    "Comments": " ",
    "AccessDiam": 0,
    "AccessMate": " ",
    "AccesType": " ",
    "Station": 0,
    "RimElevati": 0,
    "FieldBook": " ",
    "Invert": 0,
    "Plan1": " ",
    "Plan2": " ",
    "Plan3": " ",
    "FeatureID": " ",
    "DupeNum": 0,
    "Source": "Stantec",
    "OrthoUpdated": "Yes",
    "GlobalID": "{77825FD7-FCFC-41A9-A618-92FC745B967B}",
    "created_user": "GIS",
    "created_date": 1600300800000,
    "last_edited_user": "GIS",
    "last_edited_date": 1600300800000,
    "Dewb_Edited": 0,
    "AssetStatus": "Active",
    "AccuracyStatus": "Unknown/Null (accurate = no)",
    "InaccuracyType": null,
    "AccuracyDate": null,
    "AccuracyComments": null,
    "ArchiveProjectName": null,
    "ArchiveReason": null,
    "ArchiveDate": null,
    "ArchiveComments": null,
    "ReplacedAssetID": null,
    "AssociatedInspections": null,
    "FID": null,
    "CreationDate": 1667412663429,
    "Creator": "NLandin_wc",
    "EditDate": 1667942792190,
    "Editor": "NLandin_wc"
   }
  },
  {
   "type": "Feature",
   "id": 1896,
   "geometry": {
    "type": "Point",
    "coordinates": [
     -71.10202797414965,
     42.38633972424936
    ]
   },
   "properties": {
    "OBJECTID": 1896,
    "Subtype": 0,
    "FacilityID": "SW-CB-00817",
    "InstallDat": null,
    "LifecycleS": " ",
    "WaterType": " ",
    "PlanNum": " ",
    "Owner": " ",
    "Comments": " ",
    "AccessDiam": 0,
    "AccessMate": " ",
    "AccesType": " ",
    "Station": 0,
    "RimElevati": 0,
    "FieldBook": " ",
    "Invert": 0,
    "Plan1": " ",
    "Plan2": " ",
    "Plan3": " ",
    "FeatureID": " ",
    "DupeNum": 0,
    "Source": "Stantec",
    "OrthoUpdated": "Yes",
    "GlobalID": "{D2C87960-447E-43D3-B3AD-25570EDD47C8}",
    "created_user": "GIS",
    "created_date": 1600300800000,
    "last_edited_user": "GIS",
    "last_edited_date": 1600300800000,
    "Dewb_Edited": 0,
    "AssetStatus": "Active",
    "AccuracyStatus": "Unknown/Null (accurate = no)",
    "InaccuracyType": null,
    "AccuracyDate": null,
    "AccuracyComments": null,
    "ArchiveProjectName": null,
    "ArchiveReason": null,
    "ArchiveDate": null,
    "ArchiveComments": null,
    "ReplacedAssetID": null,
    "AssociatedInspections": null,
    "FID": null,
    "CreationDate": 1667412663429,
    "Creator": "NLandin_wc",
    "EditDate": 1667942792190,
    "Editor": "NLandin_wc"
   }
  },
  {
   "type": "Feature",
   "id": 1897,
   "geometry": {
    "type": "Point",
    "coordinates": [
     -71.09422482365447,
     42.3804928403028
    ]
   },
   "properties": {
    "OBJECTID": 1897,
    "Subtype": 0,
    "FacilityID": "SW-CB-00774",
    "InstallDat": null,
    "LifecycleS": " ",
    "WaterType": " ",
    "PlanNum": " ",
    "Owner": " ",
    "Comments": " ",
    "AccessDiam": 0,
    "AccessMate": " ",
    "AccesType": " ",
    "Station": 0,
    "RimElevati": 0,
    "FieldBook": " ",
    "Invert": 0,
    "Plan1": " ",
    "Plan2": " ",
    "Plan3": " ",
    "FeatureID": " ",
    "DupeNum": 0,
    "Source": "Stantec",
    "OrthoUpdated": "Yes",
    "GlobalID": "{9DF2D4D3-0120-4341-A37D-B888203AE380}",
    "created_user": "GIS",
    "created_date": 1600300800000,
    "last_edited_user": "GIS",
    "last_edited_date": 1600300800000,
    "Dewb_Edited": 0,
    "AssetStatus": "Active",
    "AccuracyStatus": "Unknown/Null (accurate = no)",
    "InaccuracyType": null,
    "AccuracyDate": null,
    "AccuracyComments": null,
    "ArchiveProjectName": null,
    "ArchiveReason": null,
    "ArchiveDate": null,
    "ArchiveComments": null,
    "ReplacedAssetID": null,
    "AssociatedInspections": null,
    "FID": null,
    "CreationDate": 1667412663429,
    "Creator": "NLandin_wc",
    "EditDate": 1667942792190,
    "Editor": "NLandin_wc"
   }
  },
  {
   "type": "Feature",
   "id": 1899,
   "geometry": {
    "type": "Point",
    "coordinates": [
     -71.09883565617902,
     42.386602806669934
    ]
   },
   "properties": {
    "OBJECTID": 1899,
    "Subtype": 0,
    "FacilityID": "SW-CB-00804",
    "InstallDat": null,
    "LifecycleS": " ",
    "WaterType": " ",
    "PlanNum": " ",
    "Owner": " ",
    "Comments": " ",
    "AccessDiam": 0,
    "AccessMate": " ",
    "AccesType": " ",
    "Station": 0,
    "RimElevati": 0,
    "FieldBook": " ",
    "Invert": 0,
    "Plan1": " ",
    "Plan2": " ",
    "Plan3": " ",
    "FeatureID": " ",
    "DupeNum": 0,
    "Source": "Stantec",
    "OrthoUpdated": "Yes",
    "GlobalID": "{CBFC891A-3FC7-4139-8EDB-AB32C16C4984}",
    "created_user": "GIS",
    "created_date": 1600300800000,
    "last_edited_user": "GIS",
    "last_edited_date": 1600300800000,
    "Dewb_Edited": 0,
    "AssetStatus": "Active",
    "AccuracyStatus": "Unknown/Null (accurate = no)",
    "InaccuracyType": null,
    "AccuracyDate": null,
    "AccuracyComments": null,
    "ArchiveProjectName": null,
    "ArchiveReason": null,
    "ArchiveDate": null,
    "ArchiveComments": null,
    "ReplacedAssetID": null,
    "AssociatedInspections": null,
    "FID": null,
    "CreationDate": 1667412663429,
    "Creator": "NLandin_wc",
    "EditDate": 1667942792190,
    "Editor": "NLandin_wc"
   }
  },
  {
   "type": "Feature",
   "id": 1901,
   "geometry": {
    "type": "Point",
    "coordinates": [
     -71.09971297847063,
     42.38989668030234
    ]
   },
   "properties": {
    "OBJECTID": 1901,
    "Subtype": 0,
    "FacilityID": "SW-CB-02729",
    "InstallDat": null,
    "LifecycleS": " ",
    "WaterType": " ",
    "PlanNum": " ",
    "Owner": " ",
    "Comments": " ",
    "AccessDiam": 0,
    "AccessMate": " ",
    "AccesType": " ",
    "Station": 0,
    "RimElevati": 0,
    "FieldBook": " ",
    "Invert": 0,
    "Plan1": " ",
    "Plan2": " ",
    "Plan3": " ",
    "FeatureID": " ",
    "DupeNum": 0,
    "Source": "2017 Orthophotography",
    "OrthoUpdated": "Yes",
    "GlobalID": "{D0324663-FF40-45DD-8B04-94C524668D4A}",
    "created_user": "GIS",
    "created_date": 1600300800000,
    "last_edited_user": "GIS",
    "last_edited_date": 1600300800000,
    "Dewb_Edited": 0,
    "AssetStatus": "Active",
    "AccuracyStatus": "Unknown/Null (accurate = no)",
    "InaccuracyType": null,
    "AccuracyDate": null,
    "AccuracyComments": null,
    "ArchiveProjectName": null,
    "ArchiveReason": null,
    "ArchiveDate": null,
    "ArchiveComments": null,
    "ReplacedAssetID": null,
    "AssociatedInspections": null,
    "FID": null,
    "CreationDate": 1667412663429,
    "Creator": "NLandin_wc",
    "EditDate": 1667942792190,
    "Editor": "NLandin_wc"
   }
  },
  {
   "type": "Feature",
   "id": 1905,
   "geometry": {
    "type": "Point",
    "coordinates": [
     -71.10039840745313,
     42.38165401600067
    ]
   },
   "properties": {
    "OBJECTID": 1905,
    "Subtype": 0,
    "FacilityID": "SW-CB-00703",
    "InstallDat": null,
    "LifecycleS": " ",
    "WaterType": " ",
    "PlanNum": " ",
    "Owner": " ",
    "Comments": " ",
    "AccessDiam": 0,
    "AccessMate": " ",
    "AccesType": " ",
    "Station": 0,
    "RimElevati": 0,
    "FieldBook": " ",
    "Invert": 0,
    "Plan1": " ",
    "Plan2": " ",
    "Plan3": " ",
    "FeatureID": " ",
    "DupeNum": 0,
    "Source": "Stantec",
    "OrthoUpdated": "Not Visible",
    "GlobalID": "{B133AF2B-B757-4CF7-87F5-933ACF079B89}",
    "created_user": "GIS",
    "created_date": 1600300800000,
    "last_edited_user": "GIS",
    "last_edited_date": 1600300800000,
    "Dewb_Edited": 0,
    "AssetStatus": "Active",
    "AccuracyStatus": "Unknown/Null (accurate = no)",
    "InaccuracyType": null,
    "AccuracyDate": null,
    "AccuracyComments": null,
    "ArchiveProjectName": null,
    "ArchiveReason": null,
    "ArchiveDate": null,
    "ArchiveComments": null,
    "ReplacedAssetID": null,
    "AssociatedInspections": null,
    "FID": null,
    "CreationDate": 1667412663429,
    "Creator": "NLandin_wc",
    "EditDate": 1667942792190,
    "Editor": "NLandin_wc"
   }
  },
  {
   "type": "Feature",
   "id": 1921,
   "geometry": {
    "type": "Point",
    "coordinates": [
     -71.0952107826876,
     42.383475570557465
    ]
   },
   "properties": {
    "OBJECTID": 1921,
    "Subtype": 0,
    "FacilityID": "SW-CB-01095",
    "InstallDat": null,
    "LifecycleS": " ",
    "WaterType": " ",
    "PlanNum": " ",
    "Owner": " ",
    "Comments": " ",
    "AccessDiam": 0,
    "AccessMate": " ",
    "AccesType": " ",
    "Station": 0,
    "RimElevati": 0,
    "FieldBook": " ",
    "Invert": 0,
    "Plan1": " ",
    "Plan2": " ",
    "Plan3": " ",
    "FeatureID": " ",
    "DupeNum": 0,
    "Source": "Stantec",
    "OrthoUpdated": "Yes",
    "GlobalID": "{BD946F5F-F693-4916-9B3F-0261D194F6FB}",
    "created_user": "GIS",
    "created_date": 1600300800000,
    "last_edited_user": "GIS",
    "last_edited_date": 1600300800000,
    "Dewb_Edited": 0,
    "AssetStatus": "Active",
    "AccuracyStatus": "Unknown/Null (accurate = no)",
    "InaccuracyType": null,
    "AccuracyDate": null,
    "AccuracyComments": null,
    "ArchiveProjectName": null,
    "ArchiveReason": null,
    "ArchiveDate": null,
    "ArchiveComments": null,
    "ReplacedAssetID": null,
    "AssociatedInspections": null,
    "FID": null,
    "CreationDate": 1667412663429,
    "Creator": "NLandin_wc",
    "EditDate": 1667942792190,
    "Editor": "NLandin_wc"
   }
  },
  {
   "type": "Feature",
   "id": 1929,
   "geometry": {
    "type": "Point",
    "coordinates": [
     -71.10819256985967,
     42.39111592832222
    ]
   },
   "properties": {
    "OBJECTID": 1929,
    "Subtype": 0,
    "FacilityID": "SW-CB-00474",
    "InstallDat": 253392451200000,
    "LifecycleS": "Active",
    "WaterType": "Storm",
    "PlanNum": "TB-044",
    "Owner": "Somerv",
    "Comments": " ",
    "AccessDiam": 9999,
    "AccessMate": "Unk",
    "AccesType": "Unk",
    "Station": 9999,
    "RimElevati": 64.77,
    "FieldBook": " ",
    "Invert": 61.47,
    "Plan1": "TB-044",
    "Plan2": " ",
    "Plan3": " ",
    "FeatureID": "CB-SD-475",
    "DupeNum": 1,
    "Source": "Original City Data",
    "OrthoUpdated": "Yes",
    "GlobalID": "{F10AFEBE-484A-44D4-BBD7-F77536D6B00F}",
    "created_user": "GIS",
    "created_date": 1600300800000,
    "last_edited_user": "GIS",
    "last_edited_date": 1600300800000,
    "Dewb_Edited": 0,
    "AssetStatus": "Active",
    "AccuracyStatus": "Unknown/Null (accurate = no)",
    "InaccuracyType": null,
    "AccuracyDate": null,
    "AccuracyComments": null,
    "ArchiveProjectName": null,
    "ArchiveReason": null,
    "ArchiveDate": null,
    "ArchiveComments": null,
    "ReplacedAssetID": null,
    "AssociatedInspections": null,
    "FID": null,
    "CreationDate": 1667412663429,
    "Creator": "NLandin_wc",
    "EditDate": 1667942792190,
    "Editor": "NLandin_wc"
   }
  },
  {
   "type": "Feature",
   "id": 1931,
   "geometry": {
    "type": "Point",
    "coordinates": [
     -71.10947550068525,
     42.38477047910267
    ]
   },
   "properties": {
    "OBJECTID": 1931,
    "Subtype": 0,
    "FacilityID": "SW-CB-03576",
    "InstallDat": null,
    "LifecycleS": " ",
    "WaterType": " ",
    "PlanNum": " ",
    "Owner": " ",
    "Comments": " ",
    "AccessDiam": 0,
    "AccessMate": " ",
    "AccesType": " ",
    "Station": 0,
    "RimElevati": 0,
    "FieldBook": " ",
    "Invert": 0,
    "Plan1": " ",
    "Plan2": " ",
    "Plan3": " ",
    "FeatureID": " ",
    "DupeNum": 0,
    "Source": "2017 Orthophotography",
    "OrthoUpdated": "Yes",
    "GlobalID": "{7BE5DE1C-A7D6-4DE5-A1B4-6A067F1EDA4A}",
    "created_user": "GIS",
    "created_date": 1600300800000,
    "last_edited_user": "GIS",
    "last_edited_date": 1600300800000,
    "Dewb_Edited": 0,
    "AssetStatus": "Active",
    "AccuracyStatus": "Unknown/Null (accurate = no)",
    "InaccuracyType": null,
    "AccuracyDate": null,
    "AccuracyComments": null,
    "ArchiveProjectName": null,
    "ArchiveReason": null,
    "ArchiveDate": null,
    "ArchiveComments": null,
    "ReplacedAssetID": null,
    "AssociatedInspections": null,
    "FID": null,
    "CreationDate": 1667412663429,
    "Creator": "NLandin_wc",
    "EditDate": 1667942792190,
    "Editor": "NLandin_wc"
   }
  },
  {
   "type": "Feature",
   "id": 1933,
   "geometry": {
    "type": "Point",
    "coordinates": [
     -71.09375535473082,
     42.38751694999733
    ]
   },
   "properties": {
    "OBJECTID": 1933,
    "Subtype": 0,
    "FacilityID": "SW-CB-01517",
    "InstallDat": null,
    "LifecycleS": " ",
    "WaterType": " ",
    "PlanNum": " ",
    "Owner": " ",
    "Comments": " ",
    "AccessDiam": 0,
    "AccessMate": " ",
    "AccesType": " ",
    "Station": 0,
    "RimElevati": 0,
    "FieldBook": " ",
    "Invert": 0,
    "Plan1": " ",
    "Plan2": " ",
    "Plan3": " ",
    "FeatureID": " ",
    "DupeNum": 0,
    "Source": "2017 Orthophotography",
    "OrthoUpdated": "Yes",
    "GlobalID": "{41A3E649-F79B-4D08-B31C-B3B2BF40A4FB}",
    "created_user": "GIS",
    "created_date": 1600300800000,
    "last_edited_user": "GIS",
    "last_edited_date": 1600300800000,
    "Dewb_Edited": 0,
    "AssetStatus": "Active",
    "AccuracyStatus": "Unknown/Null (accurate = no)",
    "InaccuracyType": null,
    "AccuracyDate": null,
    "AccuracyComments": null,
    "ArchiveProjectName": null,
    "ArchiveReason": null,
    "ArchiveDate": null,
    "ArchiveComments": null,
    "ReplacedAssetID": null,
    "AssociatedInspections": null,
    "FID": null,
    "CreationDate": 1667412663429,
    "Creator": "NLandin_wc",
    "EditDate": 1667942792190,
    "Editor": "NLandin_wc"
   }
  },
  {
   "type": "Feature",
   "id": 1941,
   "geometry": {
    "type": "Point",
    "coordinates": [
     -71.10202659922682,
     42.38909957793799
    ]
   },
   "properties": {
    "OBJECTID": 1941,
    "Subtype": 0,
    "FacilityID": "SW-CB-02823",
    "InstallDat": null,
    "LifecycleS": " ",
    "WaterType": " ",
    "PlanNum": " ",
    "Owner": " ",
    "Comments": " ",
    "AccessDiam": 0,
    "AccessMate": " ",
    "AccesType": " ",
    "Station": 0,
    "RimElevati": 0,
    "FieldBook": " ",
    "Invert": 0,
    "Plan1": " ",
    "Plan2": " ",
    "Plan3": " ",
    "FeatureID": " ",
    "DupeNum": 0,
    "Source": "2017 Orthophotography",
    "OrthoUpdated": "Yes",
    "GlobalID": "{191142B9-1B9A-4F57-9EC6-AED417647A30}",
    "created_user": "GIS",
    "created_date": 1600300800000,
    "last_edited_user": "GIS",
    "last_edited_date": 1600300800000,
    "Dewb_Edited": 0,
    "AssetStatus": "Active",
    "AccuracyStatus": "Unknown/Null (accurate = no)",
    "InaccuracyType": null,
    "AccuracyDate": null,
    "AccuracyComments": null,
    "ArchiveProjectName": null,
    "ArchiveReason": null,
    "ArchiveDate": null,
    "ArchiveComments": null,
    "ReplacedAssetID": null,
    "AssociatedInspections": null,
    "FID": null,
    "CreationDate": 1667412663429,
    "Creator": "NLandin_wc",
    "EditDate": 1667942792190,
    "Editor": "NLandin_wc"
   }
  },
  {
   "type": "Feature",
   "id": 1943,
   "geometry": {
    "type": "Point",
    "coordinates": [
     -71.09968080994416,
     42.38017055402413
    ]
   },
   "properties": {
    "OBJECTID": 1943,
    "Subtype": 0,
    "FacilityID": "SW-CB-02560",
    "InstallDat": null,
    "LifecycleS": " ",
    "WaterType": " ",
    "PlanNum": " ",
    "Owner": " ",
    "Comments": " ",
    "AccessDiam": 0,
    "AccessMate": " ",
    "AccesType": " ",
    "Station": 0,
    "RimElevati": 0,
    "FieldBook": " ",
    "Invert": 0,
    "Plan1": " ",
    "Plan2": " ",
    "Plan3": " ",
    "FeatureID": " ",
    "DupeNum": 0,
    "Source": "2017 Orthophotography",
    "OrthoUpdated": "Yes",
    "GlobalID": "{B513DACB-8C72-4995-9E76-8D580072C55F}",
    "created_user": "GIS",
    "created_date": 1600300800000,
    "last_edited_user": "GIS",
    "last_edited_date": 1600300800000,
    "Dewb_Edited": 0,
    "AssetStatus": "Active",
    "AccuracyStatus": "Unknown/Null (accurate = no)",
    "InaccuracyType": null,
    "AccuracyDate": null,
    "AccuracyComments": null,
    "ArchiveProjectName": null,
    "ArchiveReason": null,
    "ArchiveDate": null,
    "ArchiveComments": null,
    "ReplacedAssetID": null,
    "AssociatedInspections": null,
    "FID": null,
    "CreationDate": 1667412663429,
    "Creator": "NLandin_wc",
    "EditDate": 1667942792190,
    "Editor": "NLandin_wc"
   }
  },
  {
   "type": "Feature",
   "id": 1944,
   "geometry": {
    "type": "Point",
    "coordinates": [
     -71.10278124313074,
     42.38660375136408
    ]
   },
   "properties": {
    "OBJECTID": 1944,
    "Subtype": 0,
    "FacilityID": "SW-CB-00811",
    "InstallDat": null,
    "LifecycleS": " ",
    "WaterType": " ",
    "PlanNum": " ",
    "Owner": " ",
    "Comments": " ",
    "AccessDiam": 0,
    "AccessMate": " ",
    "AccesType": " ",
    "Station": 0,
    "RimElevati": 0,
    "FieldBook": " ",
    "Invert": 0,
    "Plan1": " ",
    "Plan2": " ",
    "Plan3": " ",
    "FeatureID": " ",
    "DupeNum": 0,
    "Source": "Stantec",
    "OrthoUpdated": "Yes",
    "GlobalID": "{236BD8D7-F7BB-405B-94A0-D361464F8DC8}",
    "created_user": "GIS",
    "created_date": 1600300800000,
    "last_edited_user": "GIS",
    "last_edited_date": 1600300800000,
    "Dewb_Edited": 0,
    "AssetStatus": "Active",
    "AccuracyStatus": "Unknown/Null (accurate = no)",
    "InaccuracyType": null,
    "AccuracyDate": null,
    "AccuracyComments": null,
    "ArchiveProjectName": null,
    "ArchiveReason": null,
    "ArchiveDate": null,
    "ArchiveComments": null,
    "ReplacedAssetID": null,
    "AssociatedInspections": null,
    "FID": null,
    "CreationDate": 1667412663429,
    "Creator": "NLandin_wc",
    "EditDate": 1667942792190,
    "Editor": "NLandin_wc"
   }
  },
  {
   "type": "Feature",
   "id": 1950,
   "geometry": {
    "type": "Point",
    "coordinates": [
     -71.10206206378756,
     42.3890602547284
    ]
   },
   "properties": {
    "OBJECTID": 1950,
    "Subtype": 0,
    "FacilityID": "SW-CB-02822",
    "InstallDat": null,
    "LifecycleS": " ",
    "WaterType": " ",
    "PlanNum": " ",
    "Owner": " ",
    "Comments": " ",
    "AccessDiam": 0,
    "AccessMate": " ",
    "AccesType": " ",
    "Station": 0,
    "RimElevati": 0,
    "FieldBook": " ",
    "Invert": 0,
    "Plan1": " ",
    "Plan2": " ",
    "Plan3": " ",
    "FeatureID": " ",
    "DupeNum": 0,
    "Source": "2017 Orthophotography",
    "OrthoUpdated": "Yes",
    "GlobalID": "{94A4B2E8-9002-406D-AA0F-2D8104BA6376}",
    "created_user": "GIS",
    "created_date": 1600300800000,
    "last_edited_user": "GIS",
    "last_edited_date": 1600300800000,
    "Dewb_Edited": 0,
    "AssetStatus": "Active",
    "AccuracyStatus": "Unknown/Null (accurate = no)",
    "InaccuracyType": null,
    "AccuracyDate": null,
    "AccuracyComments": null,
    "ArchiveProjectName": null,
    "ArchiveReason": null,
    "ArchiveDate": null,
    "ArchiveComments": null,
    "ReplacedAssetID": null,
    "AssociatedInspections": null,
    "FID": null,
    "CreationDate": 1667412663429,
    "Creator": "NLandin_wc",
    "EditDate": 1667942792190,
    "Editor": "NLandin_wc"
   }
  },
  {
   "type": "Feature",
   "id": 1951,
   "geometry": {
    "type": "Point",
    "coordinates": [
     -71.09658526518292,
     42.38787684224614
    ]
   },
   "properties": {
    "OBJECTID": 1951,
    "Subtype": 1,
    "FacilityID": "SW-CB-00137",
    "InstallDat": -1356998400000,
    "LifecycleS": "Active",
    "WaterType": "Storm",
    "PlanNum": "MM-6",
    "Owner": "Somerv",
    "Comments": " ",
    "AccessDiam": 0,
    "AccessMate": " ",
    "AccesType": " ",
    "Station": 9999,
    "RimElevati": 9999,
    "FieldBook": " ",
    "Invert": 9999,
    "Plan1": "MM-06",
    "Plan2": " ",
    "Plan3": " ",
    "FeatureID": "CB-SD-138",
    "DupeNum": 1,
    "Source": "Original City Data",
    "OrthoUpdated": "Not Visible",
    "GlobalID": "{3F12CB9A-3FCA-487A-B8F4-C99344DE9B03}",
    "created_user": "GIS",
    "created_date": 1600300800000,
    "last_edited_user": "GIS",
    "last_edited_date": 1600300800000,
    "Dewb_Edited": 0,
    "AssetStatus": "Active",
    "AccuracyStatus": "Unknown/Null (accurate = no)",
    "InaccuracyType": null,
    "AccuracyDate": null,
    "AccuracyComments": null,
    "ArchiveProjectName": null,
    "ArchiveReason": null,
    "ArchiveDate": null,
    "ArchiveComments": null,
    "ReplacedAssetID": null,
    "AssociatedInspections": null,
    "FID": null,
    "CreationDate": 1667412663429,
    "Creator": "NLandin_wc",
    "EditDate": 1667942792190,
    "Editor": "NLandin_wc"
   }
  },
  {
   "type": "Feature",
   "id": 1952,
   "geometry": {
    "type": "Point",
    "coordinates": [
     -71.10790593278566,
     42.39013641962658
    ]
   },
   "properties": {
    "OBJECTID": 1952,
    "Subtype": 0,
    "FacilityID": "SW-CB-02756",
    "InstallDat": null,
    "LifecycleS": " ",
    "WaterType": " ",
    "PlanNum": " ",
    "Owner": " ",
    "Comments": " ",
    "AccessDiam": 0,
    "AccessMate": " ",
    "AccesType": " ",
    "Station": 0,
    "RimElevati": 0,
    "FieldBook": " ",
    "Invert": 0,
    "Plan1": " ",
    "Plan2": " ",
    "Plan3": " ",
    "FeatureID": " ",
    "DupeNum": 0,
    "Source": "2017 Orthophotography",
    "OrthoUpdated": "Yes",
    "GlobalID": "{0D3017C3-ABFF-42A1-8B6C-87F0BF810A53}",
    "created_user": "GIS",
    "created_date": 1600300800000,
    "last_edited_user": "GIS",
    "last_edited_date": 1600300800000,
    "Dewb_Edited": 0,
    "AssetStatus": "Active",
    "AccuracyStatus": "Unknown/Null (accurate = no)",
    "InaccuracyType": null,
    "AccuracyDate": null,
    "AccuracyComments": null,
    "ArchiveProjectName": null,
    "ArchiveReason": null,
    "ArchiveDate": null,
    "ArchiveComments": null,
    "ReplacedAssetID": null,
    "AssociatedInspections": null,
    "FID": null,
    "CreationDate": 1667412663429,
    "Creator": "NLandin_wc",
    "EditDate": 1667942792190,
    "Editor": "NLandin_wc"
   }
  },
  {
   "type": "Feature",
   "id": 1961,
   "geometry": {
    "type": "Point",
    "coordinates": [
     -71.09446788442801,
     42.38836516315483
    ]
   },
   "properties": {
    "OBJECTID": 1961,
    "Subtype": 0,
    "FacilityID": "SW-CB-01495",
    "InstallDat": null,
    "LifecycleS": " ",
    "WaterType": " ",
    "PlanNum": " ",
    "Owner": " ",
    "Comments": " ",
    "AccessDiam": 0,
    "AccessMate": " ",
    "AccesType": " ",
    "Station": 0,
    "RimElevati": 0,
    "FieldBook": " ",
    "Invert": 0,
    "Plan1": " ",
    "Plan2": " ",
    "Plan3": " ",
    "FeatureID": " ",
    "DupeNum": 0,
    "Source": "2017 Orthophotography",
    "OrthoUpdated": "Yes",
    "GlobalID": "{8E853B3B-3F9F-4C84-8FB7-2D30C3957DDF}",
    "created_user": "GIS",
    "created_date": 1600300800000,
    "last_edited_user": "GIS",
    "last_edited_date": 1600300800000,
    "Dewb_Edited": 0,
    "AssetStatus": "Active",
    "AccuracyStatus": "Unknown/Null (accurate = no)",
    "InaccuracyType": null,
    "AccuracyDate": null,
    "AccuracyComments": null,
    "ArchiveProjectName": null,
    "ArchiveReason": null,
    "ArchiveDate": null,
    "ArchiveComments": null,
    "ReplacedAssetID": null,
    "AssociatedInspections": null,
    "FID": null,
    "CreationDate": 1667412663429,
    "Creator": "NLandin_wc",
    "EditDate": 1667942792190,
    "Editor": "NLandin_wc"
   }
  },
  {
   "type": "Feature",
   "id": 1963,
   "geometry": {
    "type": "Point",
    "coordinates": [
     -71.10211851737604,
     42.38903529516917
    ]
   },
   "properties": {
    "OBJECTID": 1963,
    "Subtype": 0,
    "FacilityID": "SW-CB-02824",
    "InstallDat": null,
    "LifecycleS": " ",
    "WaterType": " ",
    "PlanNum": " ",
    "Owner": " ",
    "Comments": " ",
    "AccessDiam": 0,
    "AccessMate": " ",
    "AccesType": " ",
    "Station": 0,
    "RimElevati": 0,
    "FieldBook": " ",
    "Invert": 0,
    "Plan1": " ",
    "Plan2": " ",
    "Plan3": " ",
    "FeatureID": " ",
    "DupeNum": 0,
    "Source": "2017 Orthophotography",
    "OrthoUpdated": "Yes",
    "GlobalID": "{8C5D3C23-AC72-4E32-868F-CB2FAA5BAE21}",
    "created_user": "GIS",
    "created_date": 1600300800000,
    "last_edited_user": "GIS",
    "last_edited_date": 1600300800000,
    "Dewb_Edited": 0,
    "AssetStatus": "Active",
    "AccuracyStatus": "Unknown/Null (accurate = no)",
    "InaccuracyType": null,
    "AccuracyDate": null,
    "AccuracyComments": null,
    "ArchiveProjectName": null,
    "ArchiveReason": null,
    "ArchiveDate": null,
    "ArchiveComments": null,
    "ReplacedAssetID": null,
    "AssociatedInspections": null,
    "FID": null,
    "CreationDate": 1667412663429,
    "Creator": "NLandin_wc",
    "EditDate": 1667942792190,
    "Editor": "NLandin_wc"
   }
  },
  {
   "type": "Feature",
   "id": 1965,
   "geometry": {
    "type": "Point",
    "coordinates": [
     -71.1053259942609,
     42.38896354550909
    ]
   },
   "properties": {
    "OBJECTID": 1965,
    "Subtype": 0,
    "FacilityID": "SW-CB-03559",
    "InstallDat": null,
    "LifecycleS": " ",
    "WaterType": " ",
    "PlanNum": " ",
    "Owner": " ",
    "Comments": " ",
    "AccessDiam": 0,
    "AccessMate": " ",
    "AccesType": " ",
    "Station": 0,
    "RimElevati": 0,
    "FieldBook": " ",
    "Invert": 0,
    "Plan1": " ",
    "Plan2": " ",
    "Plan3": " ",
    "FeatureID": " ",
    "DupeNum": 0,
    "Source": "2017 Orthophotography",
    "OrthoUpdated": "Yes",
    "GlobalID": "{3F6DA3E4-2B0F-4B23-AB4D-F13080E1051B}",
    "created_user": "GIS",
    "created_date": 1600300800000,
    "last_edited_user": "GIS",
    "last_edited_date": 1600300800000,
    "Dewb_Edited": 0,
    "AssetStatus": "Active",
    "AccuracyStatus": "Unknown/Null (accurate = no)",
    "InaccuracyType": null,
    "AccuracyDate": null,
    "AccuracyComments": null,
    "ArchiveProjectName": null,
    "ArchiveReason": null,
    "ArchiveDate": null,
    "ArchiveComments": null,
    "ReplacedAssetID": null,
    "AssociatedInspections": null,
    "FID": null,
    "CreationDate": 1667412663429,
    "Creator": "NLandin_wc",
    "EditDate": 1667942792190,
    "Editor": "NLandin_wc"
   }
  },
  {
   "type": "Feature",
   "id": 1967,
   "geometry": {
    "type": "Point",
    "coordinates": [
     -71.10291802743562,
     42.39060364575558
    ]
   },
   "properties": {
    "OBJECTID": 1967,
    "Subtype": 1,
    "FacilityID": "SW-CB-00204",
    "InstallDat": -1356998400000,
    "LifecycleS": "Active",
    "WaterType": "Storm",
    "PlanNum": "MM-8",
    "Owner": "Somerv",
    "Comments": "ASSUMED FROM PLAN TO BE CATCH BASIN - MAY BE OWNED BY B&L R.R. - PLANS GIVE NO PROFILE OR DATA ON STRUCTURES",
    "AccessDiam": 0,
    "AccessMate": "Unk",
    "AccesType": "Unk",
    "Station": 9999,
    "RimElevati": 9999,
    "FieldBook": " ",
    "Invert": 9999,
    "Plan1": "MM-08",
    "Plan2": " ",
    "Plan3": " ",
    "FeatureID": "CB-SD-205",
    "DupeNum": 1,
    "Source": "Original City Data",
    "OrthoUpdated": "Yes",
    "GlobalID": "{7710396A-1E2E-42DF-A577-A318D770B923}",
    "created_user": "GIS",
    "created_date": 1600300800000,
    "last_edited_user": "GIS",
    "last_edited_date": 1600300800000,
    "Dewb_Edited": 0,
    "AssetStatus": "Active",
    "AccuracyStatus": "Unknown/Null (accurate = no)",
    "InaccuracyType": null,
    "AccuracyDate": null,
    "AccuracyComments": null,
    "ArchiveProjectName": null,
    "ArchiveReason": null,
    "ArchiveDate": null,
    "ArchiveComments": null,
    "ReplacedAssetID": null,
    "AssociatedInspections": null,
    "FID": null,
    "CreationDate": 1667412663429,
    "Creator": "NLandin_wc",
    "EditDate": 1667942792190,
    "Editor": "NLandin_wc"
   }
  },
  {
   "type": "Feature",
   "id": 1976,
   "geometry": {
    "type": "Point",
    "coordinates": [
     -71.09836365930495,
     42.380695270098926
    ]
   },
   "properties": {
    "OBJECTID": 1976,
    "Subtype": 0,
    "FacilityID": "SW-CB-00695",
    "InstallDat": null,
    "LifecycleS": " ",
    "WaterType": " ",
    "PlanNum": " ",
    "Owner": " ",
    "Comments": " ",
    "AccessDiam": 0,
    "AccessMate": " ",
    "AccesType": " ",
    "Station": 0,
    "RimElevati": 0,
    "FieldBook": " ",
    "Invert": 0,
    "Plan1": " ",
    "Plan2": " ",
    "Plan3": " ",
    "FeatureID": " ",
    "DupeNum": 0,
    "Source": "Stantec",
    "OrthoUpdated": "Yes",
    "GlobalID": "{44EAC73A-5765-4B39-8811-C946B102A62F}",
    "created_user": "GIS",
    "created_date": 1600300800000,
    "last_edited_user": "GIS",
    "last_edited_date": 1600300800000,
    "Dewb_Edited": 0,
    "AssetStatus": "Active",
    "AccuracyStatus": "Unknown/Null (accurate = no)",
    "InaccuracyType": null,
    "AccuracyDate": null,
    "AccuracyComments": null,
    "ArchiveProjectName": null,
    "ArchiveReason": null,
    "ArchiveDate": null,
    "ArchiveComments": null,
    "ReplacedAssetID": null,
    "AssociatedInspections": null,
    "FID": null,
    "CreationDate": 1667412663429,
    "Creator": "NLandin_wc",
    "EditDate": 1667942792190,
    "Editor": "NLandin_wc"
   }
  },
  {
   "type": "Feature",
   "id": 1977,
   "geometry": {
    "type": "Point",
    "coordinates": [
     -71.09941277824191,
     42.381437159865825
    ]
   },
   "properties": {
    "OBJECTID": 1977,
    "Subtype": 0,
    "FacilityID": "SW-CB-00706",
    "InstallDat": null,
    "LifecycleS": " ",
    "WaterType": " ",
    "PlanNum": " ",
    "Owner": " ",
    "Comments": " ",
    "AccessDiam": 0,
    "AccessMate": " ",
    "AccesType": " ",
    "Station": 0,
    "RimElevati": 0,
    "FieldBook": " ",
    "Invert": 0,
    "Plan1": " ",
    "Plan2": " ",
    "Plan3": " ",
    "FeatureID": " ",
    "DupeNum": 0,
    "Source": "Stantec",
    "OrthoUpdated": "Yes",
    "GlobalID": "{3F710766-EB8D-4130-AB75-3FDBB8DA3D54}",
    "created_user": "GIS",
    "created_date": 1600300800000,
    "last_edited_user": "GIS",
    "last_edited_date": 1600300800000,
    "Dewb_Edited": 0,
    "AssetStatus": "Active",
    "AccuracyStatus": "Unknown/Null (accurate = no)",
    "InaccuracyType": null,
    "AccuracyDate": null,
    "AccuracyComments": null,
    "ArchiveProjectName": null,
    "ArchiveReason": null,
    "ArchiveDate": null,
    "ArchiveComments": null,
    "ReplacedAssetID": null,
    "AssociatedInspections": null,
    "FID": null,
    "CreationDate": 1667412663429,
    "Creator": "NLandin_wc",
    "EditDate": 1667942792190,
    "Editor": "NLandin_wc"
   }
  },
  {
   "type": "Feature",
   "id": 1993,
   "geometry": {
    "type": "Point",
    "coordinates": [
     -71.10229873220075,
     42.38203064255233
    ]
   },
   "properties": {
    "OBJECTID": 1993,
    "Subtype": 0,
    "FacilityID": "SW-CB-01052",
    "InstallDat": null,
    "LifecycleS": " ",
    "WaterType": " ",
    "PlanNum": " ",
    "Owner": " ",
    "Comments": " ",
    "AccessDiam": 0,
    "AccessMate": " ",
    "AccesType": " ",
    "Station": 0,
    "RimElevati": 0,
    "FieldBook": " ",
    "Invert": 0,
    "Plan1": " ",
    "Plan2": " ",
    "Plan3": " ",
    "FeatureID": " ",
    "DupeNum": 0,
    "Source": "Stantec",
    "OrthoUpdated": "Yes",
    "GlobalID": "{B7D569D1-EC5B-450D-872B-237159663009}",
    "created_user": "GIS",
    "created_date": 1600300800000,
    "last_edited_user": "GIS",
    "last_edited_date": 1600300800000,
    "Dewb_Edited": 0,
    "AssetStatus": "Active",
    "AccuracyStatus": "Unknown/Null (accurate = no)",
    "InaccuracyType": null,
    "AccuracyDate": null,
    "AccuracyComments": null,
    "ArchiveProjectName": null,
    "ArchiveReason": null,
    "ArchiveDate": null,
    "ArchiveComments": null,
    "ReplacedAssetID": null,
    "AssociatedInspections": null,
    "FID": null,
    "CreationDate": 1667412663429,
    "Creator": "NLandin_wc",
    "EditDate": 1667942792190,
    "Editor": "NLandin_wc"
   }
  },
  {
   "type": "Feature",
   "id": 2007,
   "geometry": {
    "type": "Point",
    "coordinates": [
     -71.10601633913451,
     42.38482265997786
    ]
   },
   "properties": {
    "OBJECTID": 2007,
    "Subtype": 0,
    "FacilityID": "SW-CB-00987",
    "InstallDat": null,
    "LifecycleS": " ",
    "WaterType": " ",
    "PlanNum": " ",
    "Owner": " ",
    "Comments": " ",
    "AccessDiam": 0,
    "AccessMate": " ",
    "AccesType": " ",
    "Station": 0,
    "RimElevati": 0,
    "FieldBook": " ",
    "Invert": 0,
    "Plan1": " ",
    "Plan2": " ",
    "Plan3": " ",
    "FeatureID": " ",
    "DupeNum": 0,
    "Source": "Stantec",
    "OrthoUpdated": "Yes",
    "GlobalID": "{2433060D-F367-4797-AAF1-6248C3BEA191}",
    "created_user": "GIS",
    "created_date": 1600300800000,
    "last_edited_user": "GIS",
    "last_edited_date": 1600300800000,
    "Dewb_Edited": 0,
    "AssetStatus": "Active",
    "AccuracyStatus": "Unknown/Null (accurate = no)",
    "InaccuracyType": null,
    "AccuracyDate": null,
    "AccuracyComments": null,
    "ArchiveProjectName": null,
    "ArchiveReason": null,
    "ArchiveDate": null,
    "ArchiveComments": null,
    "ReplacedAssetID": null,
    "AssociatedInspections": null,
    "FID": null,
    "CreationDate": 1667412663429,
    "Creator": "NLandin_wc",
    "EditDate": 1667942792190,
    "Editor": "NLandin_wc"
   }
  },
  {
   "type": "Feature",
   "id": 2009,
   "geometry": {
    "type": "Point",
    "coordinates": [
     -71.10313583135816,
     42.380235093726135
    ]
   },
   "properties": {
    "OBJECTID": 2009,
    "Subtype": 0,
    "FacilityID": "SW-CB-02589",
    "InstallDat": null,
    "LifecycleS": " ",
    "WaterType": " ",
    "PlanNum": " ",
    "Owner": " ",
    "Comments": " ",
    "AccessDiam": 0,
    "AccessMate": " ",
    "AccesType": " ",
    "Station": 0,
    "RimElevati": 0,
    "FieldBook": " ",
    "Invert": 0,
    "Plan1": " ",
    "Plan2": " ",
    "Plan3": " ",
    "FeatureID": " ",
    "DupeNum": 0,
    "Source": "2017 Orthophotography",
    "OrthoUpdated": "Yes",
    "GlobalID": "{B0DF689D-05EF-4AB2-A39F-6F606D96344B}",
    "created_user": "GIS",
    "created_date": 1600300800000,
    "last_edited_user": "GIS",
    "last_edited_date": 1600300800000,
    "Dewb_Edited": 0,
    "AssetStatus": "Active",
    "AccuracyStatus": "Unknown/Null (accurate = no)",
    "InaccuracyType": null,
    "AccuracyDate": null,
    "AccuracyComments": null,
    "ArchiveProjectName": null,
    "ArchiveReason": null,
    "ArchiveDate": null,
    "ArchiveComments": null,
    "ReplacedAssetID": null,
    "AssociatedInspections": null,
    "FID": null,
    "CreationDate": 1667412663429,
    "Creator": "NLandin_wc",
    "EditDate": 1667942792190,
    "Editor": "NLandin_wc"
   }
  },
  {
   "type": "Feature",
   "id": 2017,
   "geometry": {
    "type": "Point",
    "coordinates": [
     -71.09751197206937,
     42.38782385058378
    ]
   },
   "properties": {
    "OBJECTID": 2017,
    "Subtype": 0,
    "FacilityID": "SW-CB-02743",
    "InstallDat": null,
    "LifecycleS": " ",
    "WaterType": " ",
    "PlanNum": " ",
    "Owner": " ",
    "Comments": " ",
    "AccessDiam": 0,
    "AccessMate": " ",
    "AccesType": " ",
    "Station": 0,
    "RimElevati": 0,
    "FieldBook": " ",
    "Invert": 0,
    "Plan1": " ",
    "Plan2": " ",
    "Plan3": " ",
    "FeatureID": " ",
    "DupeNum": 0,
    "Source": "2017 Orthophotography",
    "OrthoUpdated": "Yes",
    "GlobalID": "{BEBAFB8B-E26C-4623-80CE-6B549F6FBDA6}",
    "created_user": "GIS",
    "created_date": 1600300800000,
    "last_edited_user": "GIS",
    "last_edited_date": 1600300800000,
    "Dewb_Edited": 0,
    "AssetStatus": "Active",
    "AccuracyStatus": "Unknown/Null (accurate = no)",
    "InaccuracyType": null,
    "AccuracyDate": null,
    "AccuracyComments": null,
    "ArchiveProjectName": null,
    "ArchiveReason": null,
    "ArchiveDate": null,
    "ArchiveComments": null,
    "ReplacedAssetID": null,
    "AssociatedInspections": null,
    "FID": null,
    "CreationDate": 1667412663429,
    "Creator": "NLandin_wc",
    "EditDate": 1667942792190,
    "Editor": "NLandin_wc"
   }
  },
  {
   "type": "Feature",
   "id": 2024,
   "geometry": {
    "type": "Point",
    "coordinates": [
     -71.09516732077495,
     42.383529066446854
    ]
   },
   "properties": {
    "OBJECTID": 2024,
    "Subtype": 0,
    "FacilityID": "SW-CB-01096",
    "InstallDat": null,
    "LifecycleS": " ",
    "WaterType": " ",
    "PlanNum": " ",
    "Owner": " ",
    "Comments": " ",
    "AccessDiam": 0,
    "AccessMate": " ",
    "AccesType": " ",
    "Station": 0,
    "RimElevati": 0,
    "FieldBook": " ",
    "Invert": 0,
    "Plan1": " ",
    "Plan2": " ",
    "Plan3": " ",
    "FeatureID": " ",
    "DupeNum": 0,
    "Source": "Stantec",
    "OrthoUpdated": "Yes",
    "GlobalID": "{E93539CB-A169-4B3F-A8E6-4E9F62F890EA}",
    "created_user": "GIS",
    "created_date": 1600300800000,
    "last_edited_user": "GIS",
    "last_edited_date": 1600300800000,
    "Dewb_Edited": 0,
    "AssetStatus": "Active",
    "AccuracyStatus": "Unknown/Null (accurate = no)",
    "InaccuracyType": null,
    "AccuracyDate": null,
    "AccuracyComments": null,
    "ArchiveProjectName": null,
    "ArchiveReason": null,
    "ArchiveDate": null,
    "ArchiveComments": null,
    "ReplacedAssetID": null,
    "AssociatedInspections": null,
    "FID": null,
    "CreationDate": 1667412663429,
    "Creator": "NLandin_wc",
    "EditDate": 1667942792190,
    "Editor": "NLandin_wc"
   }
  },
  {
   "type": "Feature",
   "id": 2028,
   "geometry": {
    "type": "Point",
    "coordinates": [
     -71.09497639485787,
     42.387089018908256
    ]
   },
   "properties": {
    "OBJECTID": 2028,
    "Subtype": 0,
    "FacilityID": "SW-CB-01469",
    "InstallDat": null,
    "LifecycleS": " ",
    "WaterType": " ",
    "PlanNum": " ",
    "Owner": " ",
    "Comments": " ",
    "AccessDiam": 0,
    "AccessMate": " ",
    "AccesType": " ",
    "Station": 0,
    "RimElevati": 0,
    "FieldBook": " ",
    "Invert": 0,
    "Plan1": " ",
    "Plan2": " ",
    "Plan3": " ",
    "FeatureID": " ",
    "DupeNum": 0,
    "Source": "2017 Orthophotography",
    "OrthoUpdated": "Yes",
    "GlobalID": "{CF6DD674-66D5-466B-A6BA-31A11A28E3BF}",
    "created_user": "GIS",
    "created_date": 1600300800000,
    "last_edited_user": "GIS",
    "last_edited_date": 1600300800000,
    "Dewb_Edited": 0,
    "AssetStatus": "Active",
    "AccuracyStatus": "Unknown/Null (accurate = no)",
    "InaccuracyType": null,
    "AccuracyDate": null,
    "AccuracyComments": null,
    "ArchiveProjectName": null,
    "ArchiveReason": null,
    "ArchiveDate": null,
    "ArchiveComments": null,
    "ReplacedAssetID": null,
    "AssociatedInspections": null,
    "FID": null,
    "CreationDate": 1667412663429,
    "Creator": "NLandin_wc",
    "EditDate": 1667942792190,
    "Editor": "NLandin_wc"
   }
  },
  {
   "type": "Feature",
   "id": 2032,
   "geometry": {
    "type": "Point",
    "coordinates": [
     -71.101914820855,
     42.3863731564354
    ]
   },
   "properties": {
    "OBJECTID": 2032,
    "Subtype": 0,
    "FacilityID": "SW-CB-00816",
    "InstallDat": null,
    "LifecycleS": " ",
    "WaterType": " ",
    "PlanNum": " ",
    "Owner": " ",
    "Comments": " ",
    "AccessDiam": 0,
    "AccessMate": " ",
    "AccesType": " ",
    "Station": 0,
    "RimElevati": 0,
    "FieldBook": " ",
    "Invert": 0,
    "Plan1": " ",
    "Plan2": " ",
    "Plan3": " ",
    "FeatureID": " ",
    "DupeNum": 0,
    "Source": "Stantec",
    "OrthoUpdated": "Yes",
    "GlobalID": "{2E38363F-BBE9-4738-8642-2DD99D17EFE7}",
    "created_user": "GIS",
    "created_date": 1600300800000,
    "last_edited_user": "GIS",
    "last_edited_date": 1600300800000,
    "Dewb_Edited": 0,
    "AssetStatus": "Active",
    "AccuracyStatus": "Unknown/Null (accurate = no)",
    "InaccuracyType": null,
    "AccuracyDate": null,
    "AccuracyComments": null,
    "ArchiveProjectName": null,
    "ArchiveReason": null,
    "ArchiveDate": null,
    "ArchiveComments": null,
    "ReplacedAssetID": null,
    "AssociatedInspections": null,
    "FID": null,
    "CreationDate": 1667412663429,
    "Creator": "NLandin_wc",
    "EditDate": 1667942792190,
    "Editor": "NLandin_wc"
   }
  },
  {
   "type": "Feature",
   "id": 2037,
   "geometry": {
    "type": "Point",
    "coordinates": [
     -71.10408603474002,
     42.38142965294696
    ]
   },
   "properties": {
    "OBJECTID": 2037,
    "Subtype": 0,
    "FacilityID": "SW-CB-02582",
    "InstallDat": null,
    "LifecycleS": " ",
    "WaterType": " ",
    "PlanNum": " ",
    "Owner": " ",
    "Comments": " ",
    "AccessDiam": 0,
    "AccessMate": " ",
    "AccesType": " ",
    "Station": 0,
    "RimElevati": 0,
    "FieldBook": " ",
    "Invert": 0,
    "Plan1": " ",
    "Plan2": " ",
    "Plan3": " ",
    "FeatureID": " ",
    "DupeNum": 0,
    "Source": "2017 Orthophotography",
    "OrthoUpdated": "Yes",
    "GlobalID": "{AC832AE2-252D-4F07-B635-1BF729CBBED8}",
    "created_user": "GIS",
    "created_date": 1600300800000,
    "last_edited_user": "GIS",
    "last_edited_date": 1600300800000,
    "Dewb_Edited": 0,
    "AssetStatus": "Active",
    "AccuracyStatus": "Unknown/Null (accurate = no)",
    "InaccuracyType": null,
    "AccuracyDate": null,
    "AccuracyComments": null,
    "ArchiveProjectName": null,
    "ArchiveReason": null,
    "ArchiveDate": null,
    "ArchiveComments": null,
    "ReplacedAssetID": null,
    "AssociatedInspections": null,
    "FID": null,
    "CreationDate": 1667412663429,
    "Creator": "NLandin_wc",
    "EditDate": 1667942792190,
    "Editor": "NLandin_wc"
   }
  },
  {
   "type": "Feature",
   "id": 2062,
   "geometry": {
    "type": "Point",
    "coordinates": [
     -71.10411903244236,
     42.382836188637505
    ]
   },
   "properties": {
    "OBJECTID": 2062,
    "Subtype": 0,
    "FacilityID": "SW-CB-01040",
    "InstallDat": null,
    "LifecycleS": " ",
    "WaterType": " ",
    "PlanNum": " ",
    "Owner": " ",
    "Comments": " ",
    "AccessDiam": 0,
    "AccessMate": " ",
    "AccesType": " ",
    "Station": 0,
    "RimElevati": 0,
    "FieldBook": " ",
    "Invert": 0,
    "Plan1": " ",
    "Plan2": " ",
    "Plan3": " ",
    "FeatureID": " ",
    "DupeNum": 0,
    "Source": "Stantec",
    "OrthoUpdated": "Yes",
    "GlobalID": "{B33878D1-4A16-4FCB-BF45-0465FD5EC282}",
    "created_user": "GIS",
    "created_date": 1600300800000,
    "last_edited_user": "GIS",
    "last_edited_date": 1600300800000,
    "Dewb_Edited": 0,
    "AssetStatus": "Active",
    "AccuracyStatus": "Unknown/Null (accurate = no)",
    "InaccuracyType": null,
    "AccuracyDate": null,
    "AccuracyComments": null,
    "ArchiveProjectName": null,
    "ArchiveReason": null,
    "ArchiveDate": null,
    "ArchiveComments": null,
    "ReplacedAssetID": null,
    "AssociatedInspections": null,
    "FID": null,
    "CreationDate": 1667412663429,
    "Creator": "NLandin_wc",
    "EditDate": 1667942792190,
    "Editor": "NLandin_wc"
   }
  },
  {
   "type": "Feature",
   "id": 2066,
   "geometry": {
    "type": "Point",
    "coordinates": [
     -71.10483661298989,
     42.382947020839325
    ]
   },
   "properties": {
    "OBJECTID": 2066,
    "Subtype": 0,
    "FacilityID": "SW-CB-01036",
    "InstallDat": null,
    "LifecycleS": " ",
    "WaterType": " ",
    "PlanNum": " ",
    "Owner": " ",
    "Comments": " ",
    "AccessDiam": 0,
    "AccessMate": " ",
    "AccesType": " ",
    "Station": 0,
    "RimElevati": 0,
    "FieldBook": " ",
    "Invert": 0,
    "Plan1": " ",
    "Plan2": " ",
    "Plan3": " ",
    "FeatureID": " ",
    "DupeNum": 0,
    "Source": "Stantec",
    "OrthoUpdated": "Yes",
    "GlobalID": "{11757672-9C68-4D56-9FA8-7C204E36B467}",
    "created_user": "GIS",
    "created_date": 1600300800000,
    "last_edited_user": "GIS",
    "last_edited_date": 1600300800000,
    "Dewb_Edited": 0,
    "AssetStatus": "Active",
    "AccuracyStatus": "Unknown/Null (accurate = no)",
    "InaccuracyType": null,
    "AccuracyDate": null,
    "AccuracyComments": null,
    "ArchiveProjectName": null,
    "ArchiveReason": null,
    "ArchiveDate": null,
    "ArchiveComments": null,
    "ReplacedAssetID": null,
    "AssociatedInspections": null,
    "FID": null,
    "CreationDate": 1667412663429,
    "Creator": "NLandin_wc",
    "EditDate": 1667942792190,
    "Editor": "NLandin_wc"
   }
  },
  {
   "type": "Feature",
   "id": 2073,
   "geometry": {
    "type": "Point",
    "coordinates": [
     -71.10319927776334,
     42.386039944052875
    ]
   },
   "properties": {
    "OBJECTID": 2073,
    "Subtype": 0,
    "FacilityID": "SW-CB-00807",
    "InstallDat": null,
    "LifecycleS": " ",
    "WaterType": " ",
    "PlanNum": " ",
    "Owner": " ",
    "Comments": " ",
    "AccessDiam": 0,
    "AccessMate": " ",
    "AccesType": " ",
    "Station": 0,
    "RimElevati": 0,
    "FieldBook": " ",
    "Invert": 0,
    "Plan1": " ",
    "Plan2": " ",
    "Plan3": " ",
    "FeatureID": " ",
    "DupeNum": 0,
    "Source": "Stantec",
    "OrthoUpdated": "Yes",
    "GlobalID": "{41FE733F-F781-4EFF-82B7-DE31D95184E9}",
    "created_user": "GIS",
    "created_date": 1600300800000,
    "last_edited_user": "GIS",
    "last_edited_date": 1600300800000,
    "Dewb_Edited": 0,
    "AssetStatus": "Active",
    "AccuracyStatus": "Unknown/Null (accurate = no)",
    "InaccuracyType": null,
    "AccuracyDate": null,
    "AccuracyComments": null,
    "ArchiveProjectName": null,
    "ArchiveReason": null,
    "ArchiveDate": null,
    "ArchiveComments": null,
    "ReplacedAssetID": null,
    "AssociatedInspections": null,
    "FID": null,
    "CreationDate": 1667412663429,
    "Creator": "NLandin_wc",
    "EditDate": 1667942792190,
    "Editor": "NLandin_wc"
   }
  },
  {
   "type": "Feature",
   "id": 2074,
   "geometry": {
    "type": "Point",
    "coordinates": [
     -71.0976240904313,
     42.38503832409624
    ]
   },
   "properties": {
    "OBJECTID": 2074,
    "Subtype": 0,
    "FacilityID": "SW-CB-00793",
    "InstallDat": null,
    "LifecycleS": " ",
    "WaterType": " ",
    "PlanNum": " ",
    "Owner": " ",
    "Comments": " ",
    "AccessDiam": 0,
    "AccessMate": " ",
    "AccesType": " ",
    "Station": 0,
    "RimElevati": 0,
    "FieldBook": " ",
    "Invert": 0,
    "Plan1": " ",
    "Plan2": " ",
    "Plan3": " ",
    "FeatureID": " ",
    "DupeNum": 0,
    "Source": "Stantec",
    "OrthoUpdated": "Not Visible",
    "GlobalID": "{D4A52020-EE8B-403F-A117-F1C686EBB079}",
    "created_user": "GIS",
    "created_date": 1600300800000,
    "last_edited_user": "GIS",
    "last_edited_date": 1600300800000,
    "Dewb_Edited": 0,
    "AssetStatus": "Active",
    "AccuracyStatus": "Unknown/Null (accurate = no)",
    "InaccuracyType": null,
    "AccuracyDate": null,
    "AccuracyComments": null,
    "ArchiveProjectName": null,
    "ArchiveReason": null,
    "ArchiveDate": null,
    "ArchiveComments": null,
    "ReplacedAssetID": null,
    "AssociatedInspections": null,
    "FID": null,
    "CreationDate": 1667412663429,
    "Creator": "NLandin_wc",
    "EditDate": 1667942792190,
    "Editor": "NLandin_wc"
   }
  },
  {
   "type": "Feature",
   "id": 2079,
   "geometry": {
    "type": "Point",
    "coordinates": [
     -71.09789463108663,
     42.386209474208826
    ]
   },
   "properties": {
    "OBJECTID": 2079,
    "Subtype": 0,
    "FacilityID": "SW-CB-03558",
    "InstallDat": null,
    "LifecycleS": " ",
    "WaterType": " ",
    "PlanNum": " ",
    "Owner": " ",
    "Comments": " ",
    "AccessDiam": 0,
    "AccessMate": " ",
    "AccesType": " ",
    "Station": 0,
    "RimElevati": 0,
    "FieldBook": " ",
    "Invert": 0,
    "Plan1": " ",
    "Plan2": " ",
    "Plan3": " ",
    "FeatureID": " ",
    "DupeNum": 0,
    "Source": "2017 Orthophotography",
    "OrthoUpdated": "Yes",
    "GlobalID": "{8975FBB0-9C31-4A1C-A8B2-590218DEAC56}",
    "created_user": "GIS",
    "created_date": 1600300800000,
    "last_edited_user": "GIS",
    "last_edited_date": 1600300800000,
    "Dewb_Edited": 0,
    "AssetStatus": "Active",
    "AccuracyStatus": "Unknown/Null (accurate = no)",
    "InaccuracyType": null,
    "AccuracyDate": null,
    "AccuracyComments": null,
    "ArchiveProjectName": null,
    "ArchiveReason": null,
    "ArchiveDate": null,
    "ArchiveComments": null,
    "ReplacedAssetID": null,
    "AssociatedInspections": null,
    "FID": null,
    "CreationDate": 1667412663429,
    "Creator": "NLandin_wc",
    "EditDate": 1667942792190,
    "Editor": "NLandin_wc"
   }
  },
  {
   "type": "Feature",
   "id": 2080,
   "geometry": {
    "type": "Point",
    "coordinates": [
     -71.10147252898908,
     42.39021705125275
    ]
   },
   "properties": {
    "OBJECTID": 2080,
    "Subtype": 1,
    "FacilityID": "SW-CB-00208",
    "InstallDat": -1356998400000,
    "LifecycleS": "Active",
    "WaterType": "Storm",
    "PlanNum": "MM-8",
    "Owner": "Somerv",
    "Comments": "ASSUMED FROM PLAN TO BE CATCH BASIN - MAY BE OWNED BY B&L R.R. - PLANS GIVE NO PROFILE OR DATA ON STRUCTURES",
    "AccessDiam": 0,
    "AccessMate": "Unk",
    "AccesType": "Unk",
    "Station": 9999,
    "RimElevati": 9999,
    "FieldBook": " ",
    "Invert": 9999,
    "Plan1": "MM-08",
    "Plan2": " ",
    "Plan3": " ",
    "FeatureID": "CB-SD-209",
    "DupeNum": 1,
    "Source": "Original City Data",
    "OrthoUpdated": "Not Visible",
    "GlobalID": "{A96A22A1-9F4E-4EC1-BF8B-B3E744277D52}",
    "created_user": "GIS",
    "created_date": 1600300800000,
    "last_edited_user": "GIS",
    "last_edited_date": 1600300800000,
    "Dewb_Edited": 0,
    "AssetStatus": "Active",
    "AccuracyStatus": "Unknown/Null (accurate = no)",
    "InaccuracyType": null,
    "AccuracyDate": null,
    "AccuracyComments": null,
    "ArchiveProjectName": null,
    "ArchiveReason": null,
    "ArchiveDate": null,
    "ArchiveComments": null,
    "ReplacedAssetID": null,
    "AssociatedInspections": null,
    "FID": null,
    "CreationDate": 1667412663429,
    "Creator": "NLandin_wc",
    "EditDate": 1667942792190,
    "Editor": "NLandin_wc"
   }
  },
  {
   "type": "Feature",
   "id": 2084,
   "geometry": {
    "type": "Point",
    "coordinates": [
     -71.09807322015722,
     42.38996043359518
    ]
   },
   "properties": {
    "OBJECTID": 2084,
    "Subtype": 0,
    "FacilityID": "SW-CB-02640",
    "InstallDat": null,
    "LifecycleS": " ",
    "WaterType": " ",
    "PlanNum": " ",
    "Owner": " ",
    "Comments": " ",
    "AccessDiam": 0,
    "AccessMate": " ",
    "AccesType": " ",
    "Station": 0,
    "RimElevati": 0,
    "FieldBook": " ",
    "Invert": 0,
    "Plan1": " ",
    "Plan2": " ",
    "Plan3": " ",
    "FeatureID": " ",
    "DupeNum": 0,
    "Source": "2017 Orthophotography",
    "OrthoUpdated": "Yes",
    "GlobalID": "{EF84B62C-FA98-46F6-AFB1-67E68D8A7DE4}",
    "created_user": "GIS",
    "created_date": 1600300800000,
    "last_edited_user": "GIS",
    "last_edited_date": 1600300800000,
    "Dewb_Edited": 0,
    "AssetStatus": "Active",
    "AccuracyStatus": "Unknown/Null (accurate = no)",
    "InaccuracyType": null,
    "AccuracyDate": null,
    "AccuracyComments": null,
    "ArchiveProjectName": null,
    "ArchiveReason": null,
    "ArchiveDate": null,
    "ArchiveComments": null,
    "ReplacedAssetID": null,
    "AssociatedInspections": null,
    "FID": null,
    "CreationDate": 1667412663429,
    "Creator": "NLandin_wc",
    "EditDate": 1667942792190,
    "Editor": "NLandin_wc"
   }
  },
  {
   "type": "Feature",
   "id": 2090,
   "geometry": {
    "type": "Point",
    "coordinates": [
     -71.09936414445124,
     42.38120222075751
    ]
   },
   "properties": {
    "OBJECTID": 2090,
    "Subtype": 0,
    "FacilityID": "SW-CB-00699",
    "InstallDat": null,
    "LifecycleS": " ",
    "WaterType": " ",
    "PlanNum": " ",
    "Owner": " ",
    "Comments": " ",
    "AccessDiam": 0,
    "AccessMate": " ",
    "AccesType": " ",
    "Station": 0,
    "RimElevati": 0,
    "FieldBook": " ",
    "Invert": 0,
    "Plan1": " ",
    "Plan2": " ",
    "Plan3": " ",
    "FeatureID": " ",
    "DupeNum": 0,
    "Source": "Stantec",
    "OrthoUpdated": "Yes",
    "GlobalID": "{7D1BD74B-0D86-4AA2-A907-F1EF2B1AAF81}",
    "created_user": "GIS",
    "created_date": 1600300800000,
    "last_edited_user": "GIS",
    "last_edited_date": 1600300800000,
    "Dewb_Edited": 0,
    "AssetStatus": "Active",
    "AccuracyStatus": "Unknown/Null (accurate = no)",
    "InaccuracyType": null,
    "AccuracyDate": null,
    "AccuracyComments": null,
    "ArchiveProjectName": null,
    "ArchiveReason": null,
    "ArchiveDate": null,
    "ArchiveComments": null,
    "ReplacedAssetID": null,
    "AssociatedInspections": null,
    "FID": null,
    "CreationDate": 1667412663429,
    "Creator": "NLandin_wc",
    "EditDate": 1667942792190,
    "Editor": "NLandin_wc"
   }
  },
  {
   "type": "Feature",
   "id": 2092,
   "geometry": {
    "type": "Point",
    "coordinates": [
     -71.1035143054982,
     42.38686293958461
    ]
   },
   "properties": {
    "OBJECTID": 2092,
    "Subtype": 0,
    "FacilityID": "SW-CB-00810",
    "InstallDat": null,
    "LifecycleS": " ",
    "WaterType": " ",
    "PlanNum": " ",
    "Owner": " ",
    "Comments": " ",
    "AccessDiam": 0,
    "AccessMate": " ",
    "AccesType": " ",
    "Station": 0,
    "RimElevati": 0,
    "FieldBook": " ",
    "Invert": 0,
    "Plan1": " ",
    "Plan2": " ",
    "Plan3": " ",
    "FeatureID": " ",
    "DupeNum": 0,
    "Source": "Stantec",
    "OrthoUpdated": "Yes",
    "GlobalID": "{9DFFB673-03A8-423D-97E0-616202FBED57}",
    "created_user": "GIS",
    "created_date": 1600300800000,
    "last_edited_user": "GIS",
    "last_edited_date": 1600300800000,
    "Dewb_Edited": 0,
    "AssetStatus": "Active",
    "AccuracyStatus": "Unknown/Null (accurate = no)",
    "InaccuracyType": null,
    "AccuracyDate": null,
    "AccuracyComments": null,
    "ArchiveProjectName": null,
    "ArchiveReason": null,
    "ArchiveDate": null,
    "ArchiveComments": null,
    "ReplacedAssetID": null,
    "AssociatedInspections": null,
    "FID": null,
    "CreationDate": 1667412663429,
    "Creator": "NLandin_wc",
    "EditDate": 1667942792190,
    "Editor": "NLandin_wc"
   }
  },
  {
   "type": "Feature",
   "id": 2095,
   "geometry": {
    "type": "Point",
    "coordinates": [
     -71.09897517375246,
     42.389093595520336
    ]
   },
   "properties": {
    "OBJECTID": 2095,
    "Subtype": 1,
    "FacilityID": "SW-CB-00214",
    "InstallDat": -1356998400000,
    "LifecycleS": "Active",
    "WaterType": "Storm",
    "PlanNum": "MM-8",
    "Owner": "Somerv",
    "Comments": " ",
    "AccessDiam": 0,
    "AccessMate": "Unk",
    "AccesType": "Unk",
    "Station": 9999,
    "RimElevati": 9999,
    "FieldBook": " ",
    "Invert": 9999,
    "Plan1": "MM-08",
    "Plan2": " ",
    "Plan3": " ",
    "FeatureID": "CB-SD-215",
    "DupeNum": 1,
    "Source": "Original City Data",
    "OrthoUpdated": "Not Visible",
    "GlobalID": "{238D85E8-6C4A-4D9B-8F14-E43836FFE581}",
    "created_user": "GIS",
    "created_date": 1600300800000,
    "last_edited_user": "GIS",
    "last_edited_date": 1600300800000,
    "Dewb_Edited": 0,
    "AssetStatus": "Active",
    "AccuracyStatus": "Unknown/Null (accurate = no)",
    "InaccuracyType": null,
    "AccuracyDate": null,
    "AccuracyComments": null,
    "ArchiveProjectName": null,
    "ArchiveReason": null,
    "ArchiveDate": null,
    "ArchiveComments": null,
    "ReplacedAssetID": null,
    "AssociatedInspections": null,
    "FID": null,
    "CreationDate": 1667412663429,
    "Creator": "NLandin_wc",
    "EditDate": 1667942792190,
    "Editor": "NLandin_wc"
   }
  },
  {
   "type": "Feature",
   "id": 2114,
   "geometry": {
    "type": "Point",
    "coordinates": [
     -71.10013866637046,
     42.3820359637576
    ]
   },
   "properties": {
    "OBJECTID": 2114,
    "Subtype": 0,
    "FacilityID": "SW-CB-03574",
    "InstallDat": null,
    "LifecycleS": " ",
    "WaterType": " ",
    "PlanNum": " ",
    "Owner": " ",
    "Comments": " ",
    "AccessDiam": 0,
    "AccessMate": " ",
    "AccesType": " ",
    "Station": 0,
    "RimElevati": 0,
    "FieldBook": " ",
    "Invert": 0,
    "Plan1": " ",
    "Plan2": " ",
    "Plan3": " ",
    "FeatureID": " ",
    "DupeNum": 0,
    "Source": "2017 Orthophotography",
    "OrthoUpdated": "Yes",
    "GlobalID": "{85558337-7DEE-482E-A152-2BC28936FC4C}",
    "created_user": "GIS",
    "created_date": 1600300800000,
    "last_edited_user": "GIS",
    "last_edited_date": 1600300800000,
    "Dewb_Edited": 0,
    "AssetStatus": "Active",
    "AccuracyStatus": "Unknown/Null (accurate = no)",
    "InaccuracyType": null,
    "AccuracyDate": null,
    "AccuracyComments": null,
    "ArchiveProjectName": null,
    "ArchiveReason": null,
    "ArchiveDate": null,
    "ArchiveComments": null,
    "ReplacedAssetID": null,
    "AssociatedInspections": null,
    "FID": null,
    "CreationDate": 1667412663429,
    "Creator": "NLandin_wc",
    "EditDate": 1667942792190,
    "Editor": "NLandin_wc"
   }
  },
  {
   "type": "Feature",
   "id": 2118,
   "geometry": {
    "type": "Point",
    "coordinates": [
     -71.09826853655547,
     42.38162963813238
    ]
   },
   "properties": {
    "OBJECTID": 2118,
    "Subtype": 0,
    "FacilityID": "SW-CB-00707",
    "InstallDat": null,
    "LifecycleS": " ",
    "WaterType": " ",
    "PlanNum": " ",
    "Owner": " ",
    "Comments": " ",
    "AccessDiam": 0,
    "AccessMate": " ",
    "AccesType": " ",
    "Station": 0,
    "RimElevati": 0,
    "FieldBook": " ",
    "Invert": 0,
    "Plan1": " ",
    "Plan2": " ",
    "Plan3": " ",
    "FeatureID": " ",
    "DupeNum": 0,
    "Source": "Stantec",
    "OrthoUpdated": "Yes",
    "GlobalID": "{839C3EA9-4358-4FD3-8540-1A3C03BFBD80}",
    "created_user": "GIS",
    "created_date": 1600300800000,
    "last_edited_user": "GIS",
    "last_edited_date": 1600300800000,
    "Dewb_Edited": 0,
    "AssetStatus": "Active",
    "AccuracyStatus": "Unknown/Null (accurate = no)",
    "InaccuracyType": null,
    "AccuracyDate": null,
    "AccuracyComments": null,
    "ArchiveProjectName": null,
    "ArchiveReason": null,
    "ArchiveDate": null,
    "ArchiveComments": null,
    "ReplacedAssetID": null,
    "AssociatedInspections": null,
    "FID": null,
    "CreationDate": 1667412663429,
    "Creator": "NLandin_wc",
    "EditDate": 1667942792190,
    "Editor": "NLandin_wc"
   }
  },
  {
   "type": "Feature",
   "id": 2123,
   "geometry": {
    "type": "Point",
    "coordinates": [
     -71.10377855692893,
     42.3819328172207
    ]
   },
   "properties": {
    "OBJECTID": 2123,
    "Subtype": 0,
    "FacilityID": "SW-CB-02583",
    "InstallDat": null,
    "LifecycleS": " ",
    "WaterType": " ",
    "PlanNum": " ",
    "Owner": " ",
    "Comments": " ",
    "AccessDiam": 0,
    "AccessMate": " ",
    "AccesType": " ",
    "Station": 0,
    "RimElevati": 0,
    "FieldBook": " ",
    "Invert": 0,
    "Plan1": " ",
    "Plan2": " ",
    "Plan3": " ",
    "FeatureID": " ",
    "DupeNum": 0,
    "Source": "2017 Orthophotography",
    "OrthoUpdated": "Yes",
    "GlobalID": "{2343D55E-4295-4D07-8FF3-368475DADCD7}",
    "created_user": "GIS",
    "created_date": 1600300800000,
    "last_edited_user": "GIS",
    "last_edited_date": 1600300800000,
    "Dewb_Edited": 0,
    "AssetStatus": "Active",
    "AccuracyStatus": "Unknown/Null (accurate = no)",
    "InaccuracyType": null,
    "AccuracyDate": null,
    "AccuracyComments": null,
    "ArchiveProjectName": null,
    "ArchiveReason": null,
    "ArchiveDate": null,
    "ArchiveComments": null,
    "ReplacedAssetID": null,
    "AssociatedInspections": null,
    "FID": null,
    "CreationDate": 1667412663429,
    "Creator": "NLandin_wc",
    "EditDate": 1667942792190,
    "Editor": "NLandin_wc"
   }
  },
  {
   "type": "Feature",
   "id": 2124,
   "geometry": {
    "type": "Point",
    "coordinates": [
     -71.098708796102,
     42.38695502490647
    ]
   },
   "properties": {
    "OBJECTID": 2124,
    "Subtype": 0,
    "FacilityID": "SW-CB-01015",
    "InstallDat": null,
    "LifecycleS": " ",
    "WaterType": " ",
    "PlanNum": " ",
    "Owner": " ",
    "Comments": " ",
    "AccessDiam": 0,
    "AccessMate": " ",
    "AccesType": " ",
    "Station": 0,
    "RimElevati": 0,
    "FieldBook": " ",
    "Invert": 0,
    "Plan1": " ",
    "Plan2": " ",
    "Plan3": " ",
    "FeatureID": " ",
    "DupeNum": 0,
    "Source": "Stantec",
    "OrthoUpdated": "Yes",
    "GlobalID": "{BFBEDD72-A9DF-4EDB-A2B5-D0E09AF140F6}",
    "created_user": "GIS",
    "created_date": 1600300800000,
    "last_edited_user": "GIS",
    "last_edited_date": 1600300800000,
    "Dewb_Edited": 0,
    "AssetStatus": "Active",
    "AccuracyStatus": "Unknown/Null (accurate = no)",
    "InaccuracyType": null,
    "AccuracyDate": null,
    "AccuracyComments": null,
    "ArchiveProjectName": null,
    "ArchiveReason": null,
    "ArchiveDate": null,
    "ArchiveComments": null,
    "ReplacedAssetID": null,
    "AssociatedInspections": null,
    "FID": null,
    "CreationDate": 1667412663429,
    "Creator": "NLandin_wc",
    "EditDate": 1667942792190,
    "Editor": "NLandin_wc"
   }
  },
  {
   "type": "Feature",
   "id": 2142,
   "geometry": {
    "type": "Point",
    "coordinates": [
     -71.10517313671838,
     42.38302343718136
    ]
   },
   "properties": {
    "OBJECTID": 2142,
    "Subtype": 0,
    "FacilityID": "SW-CB-01035",
    "InstallDat": null,
    "LifecycleS": " ",
    "WaterType": " ",
    "PlanNum": " ",
    "Owner": " ",
    "Comments": " ",
    "AccessDiam": 0,
    "AccessMate": " ",
    "AccesType": " ",
    "Station": 0,
    "RimElevati": 0,
    "FieldBook": " ",
    "Invert": 0,
    "Plan1": " ",
    "Plan2": " ",
    "Plan3": " ",
    "FeatureID": " ",
    "DupeNum": 0,
    "Source": "Stantec",
    "OrthoUpdated": "Yes",
    "GlobalID": "{8DB1CEBF-FBAE-4206-B3AA-911A72FD9BF6}",
    "created_user": "GIS",
    "created_date": 1600300800000,
    "last_edited_user": "GIS",
    "last_edited_date": 1600300800000,
    "Dewb_Edited": 0,
    "AssetStatus": "Active",
    "AccuracyStatus": "Unknown/Null (accurate = no)",
    "InaccuracyType": null,
    "AccuracyDate": null,
    "AccuracyComments": null,
    "ArchiveProjectName": null,
    "ArchiveReason": null,
    "ArchiveDate": null,
    "ArchiveComments": null,
    "ReplacedAssetID": null,
    "AssociatedInspections": null,
    "FID": null,
    "CreationDate": 1667412663429,
    "Creator": "NLandin_wc",
    "EditDate": 1667942792190,
    "Editor": "NLandin_wc"
   }
  },
  {
   "type": "Feature",
   "id": 2149,
   "geometry": {
    "type": "Point",
    "coordinates": [
     -71.10760457559374,
     42.38410322480572
    ]
   },
   "properties": {
    "OBJECTID": 2149,
    "Subtype": 1,
    "FacilityID": "SW-CB-00216",
    "InstallDat": -938908800000,
    "LifecycleS": "Active",
    "WaterType": "Storm",
    "PlanNum": "PF-22",
    "Owner": "Somerv",
    "Comments": " ",
    "AccessDiam": 0,
    "AccessMate": "Unk",
    "AccesType": "Unk",
    "Station": 9999,
    "RimElevati": 9999,
    "FieldBook": " ",
    "Invert": 9999,
    "Plan1": "PF-022",
    "Plan2": " ",
    "Plan3": " ",
    "FeatureID": "CB-SD-217",
    "DupeNum": 1,
    "Source": "Original City Data",
    "OrthoUpdated": "Yes",
    "GlobalID": "{CB022615-7284-4A2F-B99C-D79B61AFF9C8}",
    "created_user": "GIS",
    "created_date": 1600300800000,
    "last_edited_user": "GIS",
    "last_edited_date": 1600300800000,
    "Dewb_Edited": 0,
    "AssetStatus": "Active",
    "AccuracyStatus": "Unknown/Null (accurate = no)",
    "InaccuracyType": null,
    "AccuracyDate": null,
    "AccuracyComments": null,
    "ArchiveProjectName": null,
    "ArchiveReason": null,
    "ArchiveDate": null,
    "ArchiveComments": null,
    "ReplacedAssetID": null,
    "AssociatedInspections": null,
    "FID": null,
    "CreationDate": 1667412663429,
    "Creator": "NLandin_wc",
    "EditDate": 1667942792190,
    "Editor": "NLandin_wc"
   }
  },
  {
   "type": "Feature",
   "id": 2161,
   "geometry": {
    "type": "Point",
    "coordinates": [
     -71.0937447342903,
     42.38016880454815
    ]
   },
   "properties": {
    "OBJECTID": 2161,
    "Subtype": 0,
    "FacilityID": "SW-CB-00773",
    "InstallDat": null,
    "LifecycleS": " ",
    "WaterType": " ",
    "PlanNum": " ",
    "Owner": " ",
    "Comments": " ",
    "AccessDiam": 0,
    "AccessMate": " ",
    "AccesType": " ",
    "Station": 0,
    "RimElevati": 0,
    "FieldBook": " ",
    "Invert": 0,
    "Plan1": " ",
    "Plan2": " ",
    "Plan3": " ",
    "FeatureID": " ",
    "DupeNum": 0,
    "Source": "Stantec",
    "OrthoUpdated": "Yes",
    "GlobalID": "{AA552160-6271-4F17-B6BA-43195EC461BE}",
    "created_user": "GIS",
    "created_date": 1600300800000,
    "last_edited_user": "GIS",
    "last_edited_date": 1600300800000,
    "Dewb_Edited": 0,
    "AssetStatus": "Active",
    "AccuracyStatus": "Unknown/Null (accurate = no)",
    "InaccuracyType": null,
    "AccuracyDate": null,
    "AccuracyComments": null,
    "ArchiveProjectName": null,
    "ArchiveReason": null,
    "ArchiveDate": null,
    "ArchiveComments": null,
    "ReplacedAssetID": null,
    "AssociatedInspections": null,
    "FID": null,
    "CreationDate": 1667412663429,
    "Creator": "NLandin_wc",
    "EditDate": 1667942792190,
    "Editor": "NLandin_wc"
   }
  },
  {
   "type": "Feature",
   "id": 2168,
   "geometry": {
    "type": "Point",
    "coordinates": [
     -71.10032601343616,
     42.38324637273727
    ]
   },
   "properties": {
    "OBJECTID": 2168,
    "Subtype": 0,
    "FacilityID": "SW-CB-00747",
    "InstallDat": null,
    "LifecycleS": " ",
    "WaterType": " ",
    "PlanNum": " ",
    "Owner": " ",
    "Comments": " ",
    "AccessDiam": 0,
    "AccessMate": " ",
    "AccesType": " ",
    "Station": 0,
    "RimElevati": 0,
    "FieldBook": " ",
    "Invert": 0,
    "Plan1": " ",
    "Plan2": " ",
    "Plan3": " ",
    "FeatureID": " ",
    "DupeNum": 0,
    "Source": "Stantec",
    "OrthoUpdated": "Not Visible",
    "GlobalID": "{933B6B03-7839-496B-9427-BEE57E4CA4A7}",
    "created_user": "GIS",
    "created_date": 1600300800000,
    "last_edited_user": "GIS",
    "last_edited_date": 1600300800000,
    "Dewb_Edited": 0,
    "AssetStatus": "Active",
    "AccuracyStatus": "Unknown/Null (accurate = no)",
    "InaccuracyType": null,
    "AccuracyDate": null,
    "AccuracyComments": null,
    "ArchiveProjectName": null,
    "ArchiveReason": null,
    "ArchiveDate": null,
    "ArchiveComments": null,
    "ReplacedAssetID": null,
    "AssociatedInspections": null,
    "FID": null,
    "CreationDate": 1667412663429,
    "Creator": "NLandin_wc",
    "EditDate": 1667942792190,
    "Editor": "NLandin_wc"
   }
  },
  {
   "type": "Feature",
   "id": 2179,
   "geometry": {
    "type": "Point",
    "coordinates": [
     -71.09524682632096,
     42.3819015941343
    ]
   },
   "properties": {
    "OBJECTID": 2179,
    "Subtype": 0,
    "FacilityID": "SW-CB-01101",
    "InstallDat": null,
    "LifecycleS": " ",
    "WaterType": " ",
    "PlanNum": " ",
    "Owner": " ",
    "Comments": " ",
    "AccessDiam": 0,
    "AccessMate": " ",
    "AccesType": " ",
    "Station": 0,
    "RimElevati": 0,
    "FieldBook": " ",
    "Invert": 0,
    "Plan1": " ",
    "Plan2": " ",
    "Plan3": " ",
    "FeatureID": " ",
    "DupeNum": 0,
    "Source": "Stantec",
    "OrthoUpdated": "Yes",
    "GlobalID": "{50917F6B-6135-4F0F-8BAA-9DD65F5C940A}",
    "created_user": "GIS",
    "created_date": 1600300800000,
    "last_edited_user": "GIS",
    "last_edited_date": 1600300800000,
    "Dewb_Edited": 0,
    "AssetStatus": "Active",
    "AccuracyStatus": "Unknown/Null (accurate = no)",
    "InaccuracyType": null,
    "AccuracyDate": null,
    "AccuracyComments": null,
    "ArchiveProjectName": null,
    "ArchiveReason": null,
    "ArchiveDate": null,
    "ArchiveComments": null,
    "ReplacedAssetID": null,
    "AssociatedInspections": null,
    "FID": null,
    "CreationDate": 1667412663429,
    "Creator": "NLandin_wc",
    "EditDate": 1667942792190,
    "Editor": "NLandin_wc"
   }
  },
  {
   "type": "Feature",
   "id": 2183,
   "geometry": {
    "type": "Point",
    "coordinates": [
     -71.10549849027747,
     42.3829591467616
    ]
   },
   "properties": {
    "OBJECTID": 2183,
    "Subtype": 0,
    "FacilityID": "SW-CB-01030",
    "InstallDat": null,
    "LifecycleS": " ",
    "WaterType": " ",
    "PlanNum": " ",
    "Owner": " ",
    "Comments": " ",
    "AccessDiam": 0,
    "AccessMate": " ",
    "AccesType": " ",
    "Station": 0,
    "RimElevati": 0,
    "FieldBook": " ",
    "Invert": 0,
    "Plan1": " ",
    "Plan2": " ",
    "Plan3": " ",
    "FeatureID": " ",
    "DupeNum": 0,
    "Source": "Stantec",
    "OrthoUpdated": "Yes",
    "GlobalID": "{8FA510D5-8D1A-407B-97A7-E8710DD73324}",
    "created_user": "GIS",
    "created_date": 1600300800000,
    "last_edited_user": "GIS",
    "last_edited_date": 1600300800000,
    "Dewb_Edited": 0,
    "AssetStatus": "Active",
    "AccuracyStatus": "Unknown/Null (accurate = no)",
    "InaccuracyType": null,
    "AccuracyDate": null,
    "AccuracyComments": null,
    "ArchiveProjectName": null,
    "ArchiveReason": null,
    "ArchiveDate": null,
    "ArchiveComments": null,
    "ReplacedAssetID": null,
    "AssociatedInspections": null,
    "FID": null,
    "CreationDate": 1667412663429,
    "Creator": "NLandin_wc",
    "EditDate": 1667942792190,
    "Editor": "NLandin_wc"
   }
  },
  {
   "type": "Feature",
   "id": 2186,
   "geometry": {
    "type": "Point",
    "coordinates": [
     -71.09724728935403,
     42.381889234106175
    ]
   },
   "properties": {
    "OBJECTID": 2186,
    "Subtype": 0,
    "FacilityID": "SW-CB-01087",
    "InstallDat": null,
    "LifecycleS": " ",
    "WaterType": " ",
    "PlanNum": " ",
    "Owner": " ",
    "Comments": " ",
    "AccessDiam": 0,
    "AccessMate": " ",
    "AccesType": " ",
    "Station": 0,
    "RimElevati": 0,
    "FieldBook": " ",
    "Invert": 0,
    "Plan1": " ",
    "Plan2": " ",
    "Plan3": " ",
    "FeatureID": " ",
    "DupeNum": 0,
    "Source": "Stantec",
    "OrthoUpdated": "Yes",
    "GlobalID": "{BB97607E-0B3E-4D24-93A4-1350687861E4}",
    "created_user": "GIS",
    "created_date": 1600300800000,
    "last_edited_user": "GIS",
    "last_edited_date": 1600300800000,
    "Dewb_Edited": 0,
    "AssetStatus": "Active",
    "AccuracyStatus": "Unknown/Null (accurate = no)",
    "InaccuracyType": null,
    "AccuracyDate": null,
    "AccuracyComments": null,
    "ArchiveProjectName": null,
    "ArchiveReason": null,
    "ArchiveDate": null,
    "ArchiveComments": null,
    "ReplacedAssetID": null,
    "AssociatedInspections": null,
    "FID": null,
    "CreationDate": 1667412663429,
    "Creator": "NLandin_wc",
    "EditDate": 1667942792190,
    "Editor": "NLandin_wc"
   }
  },
  {
   "type": "Feature",
   "id": 2189,
   "geometry": {
    "type": "Point",
    "coordinates": [
     -71.10026944607782,
     42.38431664924845
    ]
   },
   "properties": {
    "OBJECTID": 2189,
    "Subtype": 0,
    "FacilityID": "SW-CB-00749",
    "InstallDat": null,
    "LifecycleS": " ",
    "WaterType": " ",
    "PlanNum": " ",
    "Owner": " ",
    "Comments": " ",
    "AccessDiam": 0,
    "AccessMate": " ",
    "AccesType": " ",
    "Station": 0,
    "RimElevati": 0,
    "FieldBook": " ",
    "Invert": 0,
    "Plan1": " ",
    "Plan2": " ",
    "Plan3": " ",
    "FeatureID": " ",
    "DupeNum": 0,
    "Source": "Stantec",
    "OrthoUpdated": "Yes",
    "GlobalID": "{30C95363-E915-4453-A38C-9811DC530BF6}",
    "created_user": "GIS",
    "created_date": 1600300800000,
    "last_edited_user": "GIS",
    "last_edited_date": 1600300800000,
    "Dewb_Edited": 0,
    "AssetStatus": "Active",
    "AccuracyStatus": "Unknown/Null (accurate = no)",
    "InaccuracyType": null,
    "AccuracyDate": null,
    "AccuracyComments": null,
    "ArchiveProjectName": null,
    "ArchiveReason": null,
    "ArchiveDate": null,
    "ArchiveComments": null,
    "ReplacedAssetID": null,
    "AssociatedInspections": null,
    "FID": null,
    "CreationDate": 1667412663429,
    "Creator": "NLandin_wc",
    "EditDate": 1667942792190,
    "Editor": "NLandin_wc"
   }
  },
  {
   "type": "Feature",
   "id": 2192,
   "geometry": {
    "type": "Point",
    "coordinates": [
     -71.10687081843398,
     42.38962542675327
    ]
   },
   "properties": {
    "OBJECTID": 2192,
    "Subtype": 0,
    "FacilityID": "SW-CB-02752",
    "InstallDat": null,
    "LifecycleS": " ",
    "WaterType": " ",
    "PlanNum": " ",
    "Owner": " ",
    "Comments": " ",
    "AccessDiam": 0,
    "AccessMate": " ",
    "AccesType": " ",
    "Station": 0,
    "RimElevati": 0,
    "FieldBook": " ",
    "Invert": 0,
    "Plan1": " ",
    "Plan2": " ",
    "Plan3": " ",
    "FeatureID": " ",
    "DupeNum": 0,
    "Source": "2017 Orthophotography",
    "OrthoUpdated": "Yes",
    "GlobalID": "{C9C21BDA-7B8C-4FAC-83F1-27E47E24D542}",
    "created_user": "GIS",
    "created_date": 1600300800000,
    "last_edited_user": "GIS",
    "last_edited_date": 1600300800000,
    "Dewb_Edited": 0,
    "AssetStatus": "Active",
    "AccuracyStatus": "Unknown/Null (accurate = no)",
    "InaccuracyType": null,
    "AccuracyDate": null,
    "AccuracyComments": null,
    "ArchiveProjectName": null,
    "ArchiveReason": null,
    "ArchiveDate": null,
    "ArchiveComments": null,
    "ReplacedAssetID": null,
    "AssociatedInspections": null,
    "FID": null,
    "CreationDate": 1667412663429,
    "Creator": "NLandin_wc",
    "EditDate": 1667942792190,
    "Editor": "NLandin_wc"
   }
  },
  {
   "type": "Feature",
   "id": 2194,
   "geometry": {
    "type": "Point",
    "coordinates": [
     -71.09749056784942,
     42.38875785766701
    ]
   },
   "properties": {
    "OBJECTID": 2194,
    "Subtype": 0,
    "FacilityID": "SW-CB-02720",
    "InstallDat": null,
    "LifecycleS": " ",
    "WaterType": " ",
    "PlanNum": " ",
    "Owner": " ",
    "Comments": " ",
    "AccessDiam": 0,
    "AccessMate": " ",
    "AccesType": " ",
    "Station": 0,
    "RimElevati": 0,
    "FieldBook": " ",
    "Invert": 0,
    "Plan1": " ",
    "Plan2": " ",
    "Plan3": " ",
    "FeatureID": " ",
    "DupeNum": 0,
    "Source": "2017 Orthophotography",
    "OrthoUpdated": "Yes",
    "GlobalID": "{40BE2B22-139B-42A5-B249-F9DA31A7781C}",
    "created_user": "GIS",
    "created_date": 1600300800000,
    "last_edited_user": "GIS",
    "last_edited_date": 1600300800000,
    "Dewb_Edited": 0,
    "AssetStatus": "Active",
    "AccuracyStatus": "Unknown/Null (accurate = no)",
    "InaccuracyType": null,
    "AccuracyDate": null,
    "AccuracyComments": null,
    "ArchiveProjectName": null,
    "ArchiveReason": null,
    "ArchiveDate": null,
    "ArchiveComments": null,
    "ReplacedAssetID": null,
    "AssociatedInspections": null,
    "FID": null,
    "CreationDate": 1667412663429,
    "Creator": "NLandin_wc",
    "EditDate": 1667942792190,
    "Editor": "NLandin_wc"
   }
  },
  {
   "type": "Feature",
   "id": 2195,
   "geometry": {
    "type": "Point",
    "coordinates": [
     -71.10538015977035,
     42.380404065509936
    ]
   },
   "properties": {
    "OBJECTID": 2195,
    "Subtype": 0,
    "FacilityID": "SW-CB-02601",
    "InstallDat": null,
    "LifecycleS": " ",
    "WaterType": " ",
    "PlanNum": " ",
    "Owner": " ",
    "Comments": " ",
    "AccessDiam": 0,
    "AccessMate": " ",
    "AccesType": " ",
    "Station": 0,
    "RimElevati": 0,
    "FieldBook": " ",
    "Invert": 0,
    "Plan1": " ",
    "Plan2": " ",
    "Plan3": " ",
    "FeatureID": " ",
    "DupeNum": 0,
    "Source": "2017 Orthophotography",
    "OrthoUpdated": "Yes",
    "GlobalID": "{A0486ECA-E3D1-4B51-B57C-6911062C49A6}",
    "created_user": "GIS",
    "created_date": 1600300800000,
    "last_edited_user": "GIS",
    "last_edited_date": 1600300800000,
    "Dewb_Edited": 0,
    "AssetStatus": "Active",
    "AccuracyStatus": "Unknown/Null (accurate = no)",
    "InaccuracyType": null,
    "AccuracyDate": null,
    "AccuracyComments": null,
    "ArchiveProjectName": null,
    "ArchiveReason": null,
    "ArchiveDate": null,
    "ArchiveComments": null,
    "ReplacedAssetID": null,
    "AssociatedInspections": null,
    "FID": null,
    "CreationDate": 1667412663429,
    "Creator": "NLandin_wc",
    "EditDate": 1667942792190,
    "Editor": "NLandin_wc"
   }
  },
  {
   "type": "Feature",
   "id": 2215,
   "geometry": {
    "type": "Point",
    "coordinates": [
     -71.10938030735474,
     42.38582325532638
    ]
   },
   "properties": {
    "OBJECTID": 2215,
    "Subtype": 0,
    "FacilityID": "SW-CB-00937",
    "InstallDat": null,
    "LifecycleS": " ",
    "WaterType": " ",
    "PlanNum": " ",
    "Owner": " ",
    "Comments": " ",
    "AccessDiam": 0,
    "AccessMate": " ",
    "AccesType": " ",
    "Station": 0,
    "RimElevati": 0,
    "FieldBook": " ",
    "Invert": 0,
    "Plan1": " ",
    "Plan2": " ",
    "Plan3": " ",
    "FeatureID": " ",
    "DupeNum": 0,
    "Source": "Stantec",
    "OrthoUpdated": "Yes",
    "GlobalID": "{CCED2B61-7700-464C-A543-92C5F9C51B89}",
    "created_user": "GIS",
    "created_date": 1600300800000,
    "last_edited_user": "GIS",
    "last_edited_date": 1600300800000,
    "Dewb_Edited": 0,
    "AssetStatus": "Active",
    "AccuracyStatus": "Unknown/Null (accurate = no)",
    "InaccuracyType": null,
    "AccuracyDate": null,
    "AccuracyComments": null,
    "ArchiveProjectName": null,
    "ArchiveReason": null,
    "ArchiveDate": null,
    "ArchiveComments": null,
    "ReplacedAssetID": null,
    "AssociatedInspections": null,
    "FID": null,
    "CreationDate": 1667412663429,
    "Creator": "NLandin_wc",
    "EditDate": 1667942792190,
    "Editor": "NLandin_wc"
   }
  },
  {
   "type": "Feature",
   "id": 2218,
   "geometry": {
    "type": "Point",
    "coordinates": [
     -71.1015424192523,
     42.38703561255387
    ]
   },
   "properties": {
    "OBJECTID": 2218,
    "Subtype": 0,
    "FacilityID": "SW-CB-00825",
    "InstallDat": null,
    "LifecycleS": " ",
    "WaterType": " ",
    "PlanNum": " ",
    "Owner": " ",
    "Comments": " ",
    "AccessDiam": 0,
    "AccessMate": " ",
    "AccesType": " ",
    "Station": 0,
    "RimElevati": 0,
    "FieldBook": " ",
    "Invert": 0,
    "Plan1": " ",
    "Plan2": " ",
    "Plan3": " ",
    "FeatureID": " ",
    "DupeNum": 0,
    "Source": "Stantec",
    "OrthoUpdated": "Yes",
    "GlobalID": "{AB2EFFA5-55F3-4F50-8A9B-4AA62D5CEA8D}",
    "created_user": "GIS",
    "created_date": 1600300800000,
    "last_edited_user": "GIS",
    "last_edited_date": 1600300800000,
    "Dewb_Edited": 0,
    "AssetStatus": "Active",
    "AccuracyStatus": "Unknown/Null (accurate = no)",
    "InaccuracyType": null,
    "AccuracyDate": null,
    "AccuracyComments": null,
    "ArchiveProjectName": null,
    "ArchiveReason": null,
    "ArchiveDate": null,
    "ArchiveComments": null,
    "ReplacedAssetID": null,
    "AssociatedInspections": null,
    "FID": null,
    "CreationDate": 1667412663429,
    "Creator": "NLandin_wc",
    "EditDate": 1667942792190,
    "Editor": "NLandin_wc"
   }
  },
  {
   "type": "Feature",
   "id": 2231,
   "geometry": {
    "type": "Point",
    "coordinates": [
     -71.10654602862236,
     42.380487767952175
    ]
   },
   "properties": {
    "OBJECTID": 2231,
    "Subtype": 0,
    "FacilityID": "SW-CB-02575",
    "InstallDat": null,
    "LifecycleS": " ",
    "WaterType": " ",
    "PlanNum": " ",
    "Owner": " ",
    "Comments": " ",
    "AccessDiam": 0,
    "AccessMate": " ",
    "AccesType": " ",
    "Station": 0,
    "RimElevati": 0,
    "FieldBook": " ",
    "Invert": 0,
    "Plan1": " ",
    "Plan2": " ",
    "Plan3": " ",
    "FeatureID": " ",
    "DupeNum": 0,
    "Source": "2017 Orthophotography",
    "OrthoUpdated": "Yes",
    "GlobalID": "{C6EB189C-CEA0-4078-A46C-DC80FDBE56AC}",
    "created_user": "GIS",
    "created_date": 1600300800000,
    "last_edited_user": "GIS",
    "last_edited_date": 1600300800000,
    "Dewb_Edited": 0,
    "AssetStatus": "Active",
    "AccuracyStatus": "Unknown/Null (accurate = no)",
    "InaccuracyType": null,
    "AccuracyDate": null,
    "AccuracyComments": null,
    "ArchiveProjectName": null,
    "ArchiveReason": null,
    "ArchiveDate": null,
    "ArchiveComments": null,
    "ReplacedAssetID": null,
    "AssociatedInspections": null,
    "FID": null,
    "CreationDate": 1667412663429,
    "Creator": "NLandin_wc",
    "EditDate": 1667942792190,
    "Editor": "NLandin_wc"
   }
  },
  {
   "type": "Feature",
   "id": 2232,
   "geometry": {
    "type": "Point",
    "coordinates": [
     -71.10562706815034,
     42.38532761844069
    ]
   },
   "properties": {
    "OBJECTID": 2232,
    "Subtype": 0,
    "FacilityID": "SW-CB-00993",
    "InstallDat": null,
    "LifecycleS": " ",
    "WaterType": " ",
    "PlanNum": " ",
    "Owner": " ",
    "Comments": " ",
    "AccessDiam": 0,
    "AccessMate": " ",
    "AccesType": " ",
    "Station": 0,
    "RimElevati": 0,
    "FieldBook": " ",
    "Invert": 0,
    "Plan1": " ",
    "Plan2": " ",
    "Plan3": " ",
    "FeatureID": " ",
    "DupeNum": 0,
    "Source": "Stantec",
    "OrthoUpdated": "Yes",
    "GlobalID": "{A07D1855-8BDA-4E1B-88EC-F2205DFF942C}",
    "created_user": "GIS",
    "created_date": 1600300800000,
    "last_edited_user": "GIS",
    "last_edited_date": 1600300800000,
    "Dewb_Edited": 0,
    "AssetStatus": "Active",
    "AccuracyStatus": "Unknown/Null (accurate = no)",
    "InaccuracyType": null,
    "AccuracyDate": null,
    "AccuracyComments": null,
    "ArchiveProjectName": null,
    "ArchiveReason": null,
    "ArchiveDate": null,
    "ArchiveComments": null,
    "ReplacedAssetID": null,
    "AssociatedInspections": null,
    "FID": null,
    "CreationDate": 1667412663429,
    "Creator": "NLandin_wc",
    "EditDate": 1667942792190,
    "Editor": "NLandin_wc"
   }
  },
  {
   "type": "Feature",
   "id": 2247,
   "geometry": {
    "type": "Point",
    "coordinates": [
     -71.10425622085633,
     42.38734858901003
    ]
   },
   "properties": {
    "OBJECTID": 2247,
    "Subtype": 0,
    "FacilityID": "SW-CB-01001",
    "InstallDat": null,
    "LifecycleS": " ",
    "WaterType": " ",
    "PlanNum": " ",
    "Owner": " ",
    "Comments": " ",
    "AccessDiam": 0,
    "AccessMate": " ",
    "AccesType": " ",
    "Station": 0,
    "RimElevati": 0,
    "FieldBook": " ",
    "Invert": 0,
    "Plan1": " ",
    "Plan2": " ",
    "Plan3": " ",
    "FeatureID": " ",
    "DupeNum": 0,
    "Source": "Stantec",
    "OrthoUpdated": "Yes",
    "GlobalID": "{2AC72C6D-3538-47C1-A9FB-69BE568013EC}",
    "created_user": "GIS",
    "created_date": 1600300800000,
    "last_edited_user": "GIS",
    "last_edited_date": 1600300800000,
    "Dewb_Edited": 0,
    "AssetStatus": "Active",
    "AccuracyStatus": "Unknown/Null (accurate = no)",
    "InaccuracyType": null,
    "AccuracyDate": null,
    "AccuracyComments": null,
    "ArchiveProjectName": null,
    "ArchiveReason": null,
    "ArchiveDate": null,
    "ArchiveComments": null,
    "ReplacedAssetID": null,
    "AssociatedInspections": null,
    "FID": null,
    "CreationDate": 1667412663429,
    "Creator": "NLandin_wc",
    "EditDate": 1667942792190,
    "Editor": "NLandin_wc"
   }
  },
  {
   "type": "Feature",
   "id": 2248,
   "geometry": {
    "type": "Point",
    "coordinates": [
     -71.10838699422598,
     42.39119624799018
    ]
   },
   "properties": {
    "OBJECTID": 2248,
    "Subtype": 0,
    "FacilityID": "SW-CB-00473",
    "InstallDat": 253392451200000,
    "LifecycleS": "Active",
    "WaterType": "Storm",
    "PlanNum": "TB-045",
    "Owner": "Somerv",
    "Comments": " ",
    "AccessDiam": 9999,
    "AccessMate": "Unk",
    "AccesType": "Unk",
    "Station": 9999,
    "RimElevati": 64.56,
    "FieldBook": " ",
    "Invert": 9999,
    "Plan1": "TB-045",
    "Plan2": " ",
    "Plan3": " ",
    "FeatureID": "CB-SD-474",
    "DupeNum": 1,
    "Source": "Original City Data",
    "OrthoUpdated": "Yes",
    "GlobalID": "{77E5B19E-B0F4-4630-8664-BFB41E5F4A7C}",
    "created_user": "GIS",
    "created_date": 1600300800000,
    "last_edited_user": "GIS",
    "last_edited_date": 1600300800000,
    "Dewb_Edited": 0,
    "AssetStatus": "Active",
    "AccuracyStatus": "Unknown/Null (accurate = no)",
    "InaccuracyType": null,
    "AccuracyDate": null,
    "AccuracyComments": null,
    "ArchiveProjectName": null,
    "ArchiveReason": null,
    "ArchiveDate": null,
    "ArchiveComments": null,
    "ReplacedAssetID": null,
    "AssociatedInspections": null,
    "FID": null,
    "CreationDate": 1667412663429,
    "Creator": "NLandin_wc",
    "EditDate": 1667942792190,
    "Editor": "NLandin_wc"
   }
  },
  {
   "type": "Feature",
   "id": 2252,
   "geometry": {
    "type": "Point",
    "coordinates": [
     -71.1025744878816,
     42.38972512410157
    ]
   },
   "properties": {
    "OBJECTID": 2252,
    "Subtype": 0,
    "FacilityID": "SW-CB-02826",
    "InstallDat": null,
    "LifecycleS": " ",
    "WaterType": " ",
    "PlanNum": " ",
    "Owner": " ",
    "Comments": " ",
    "AccessDiam": 0,
    "AccessMate": " ",
    "AccesType": " ",
    "Station": 0,
    "RimElevati": 0,
    "FieldBook": " ",
    "Invert": 0,
    "Plan1": " ",
    "Plan2": " ",
    "Plan3": " ",
    "FeatureID": " ",
    "DupeNum": 0,
    "Source": "2017 Orthophotography",
    "OrthoUpdated": "Yes",
    "GlobalID": "{159B926D-3E7A-4C03-8DE0-E0D0414C0927}",
    "created_user": "GIS",
    "created_date": 1600300800000,
    "last_edited_user": "GIS",
    "last_edited_date": 1600300800000,
    "Dewb_Edited": 0,
    "AssetStatus": "Active",
    "AccuracyStatus": "Unknown/Null (accurate = no)",
    "InaccuracyType": null,
    "AccuracyDate": null,
    "AccuracyComments": null,
    "ArchiveProjectName": null,
    "ArchiveReason": null,
    "ArchiveDate": null,
    "ArchiveComments": null,
    "ReplacedAssetID": null,
    "AssociatedInspections": null,
    "FID": null,
    "CreationDate": 1667412663429,
    "Creator": "NLandin_wc",
    "EditDate": 1667942792190,
    "Editor": "NLandin_wc"
   }
  },
  {
   "type": "Feature",
   "id": 2258,
   "geometry": {
    "type": "Point",
    "coordinates": [
     -71.0984297599027,
     42.38223675467233
    ]
   },
   "properties": {
    "OBJECTID": 2258,
    "Subtype": 0,
    "FacilityID": "SW-CB-00726",
    "InstallDat": null,
    "LifecycleS": " ",
    "WaterType": " ",
    "PlanNum": " ",
    "Owner": " ",
    "Comments": " ",
    "AccessDiam": 0,
    "AccessMate": " ",
    "AccesType": " ",
    "Station": 0,
    "RimElevati": 0,
    "FieldBook": " ",
    "Invert": 0,
    "Plan1": " ",
    "Plan2": " ",
    "Plan3": " ",
    "FeatureID": " ",
    "DupeNum": 0,
    "Source": "Stantec",
    "OrthoUpdated": "Yes",
    "GlobalID": "{17F14547-0209-456E-A029-B96A5FBB7452}",
    "created_user": "GIS",
    "created_date": 1600300800000,
    "last_edited_user": "GIS",
    "last_edited_date": 1600300800000,
    "Dewb_Edited": 0,
    "AssetStatus": "Active",
    "AccuracyStatus": "Unknown/Null (accurate = no)",
    "InaccuracyType": null,
    "AccuracyDate": null,
    "AccuracyComments": null,
    "ArchiveProjectName": null,
    "ArchiveReason": null,
    "ArchiveDate": null,
    "ArchiveComments": null,
    "ReplacedAssetID": null,
    "AssociatedInspections": null,
    "FID": null,
    "CreationDate": 1667412663429,
    "Creator": "NLandin_wc",
    "EditDate": 1667942792190,
    "Editor": "NLandin_wc"
   }
  },
  {
   "type": "Feature",
   "id": 2280,
   "geometry": {
    "type": "Point",
    "coordinates": [
     -71.10668276285092,
     42.39056707755388
    ]
   },
   "properties": {
    "OBJECTID": 2280,
    "Subtype": 0,
    "FacilityID": "SW-CB-00486",
    "InstallDat": 253392451200000,
    "LifecycleS": "Active",
    "WaterType": "Storm",
    "PlanNum": "TB-046",
    "Owner": "Somerv",
    "Comments": " ",
    "AccessDiam": 9999,
    "AccessMate": "Unk",
    "AccesType": "Unk",
    "Station": 9999,
    "RimElevati": 77.48,
    "FieldBook": " ",
    "Invert": 75.68,
    "Plan1": "TB-046",
    "Plan2": " ",
    "Plan3": " ",
    "FeatureID": "CB-SD-487",
    "DupeNum": 1,
    "Source": "Original City Data",
    "OrthoUpdated": "Yes",
    "GlobalID": "{0B49A6DD-A4F6-41D7-890B-6AF1CB2706D2}",
    "created_user": "GIS",
    "created_date": 1600300800000,
    "last_edited_user": "GIS",
    "last_edited_date": 1600300800000,
    "Dewb_Edited": 0,
    "AssetStatus": "Active",
    "AccuracyStatus": "Unknown/Null (accurate = no)",
    "InaccuracyType": null,
    "AccuracyDate": null,
    "AccuracyComments": null,
    "ArchiveProjectName": null,
    "ArchiveReason": null,
    "ArchiveDate": null,
    "ArchiveComments": null,
    "ReplacedAssetID": null,
    "AssociatedInspections": null,
    "FID": null,
    "CreationDate": 1667412663429,
    "Creator": "NLandin_wc",
    "EditDate": 1667942792190,
    "Editor": "NLandin_wc"
   }
  },
  {
   "type": "Feature",
   "id": 2284,
   "geometry": {
    "type": "Point",
    "coordinates": [
     -71.09588676115082,
     42.38094391841296
    ]
   },
   "properties": {
    "OBJECTID": 2284,
    "Subtype": 0,
    "FacilityID": "SW-CB-01107",
    "InstallDat": null,
    "LifecycleS": " ",
    "WaterType": " ",
    "PlanNum": " ",
    "Owner": " ",
    "Comments": " ",
    "AccessDiam": 0,
    "AccessMate": " ",
    "AccesType": " ",
    "Station": 0,
    "RimElevati": 0,
    "FieldBook": " ",
    "Invert": 0,
    "Plan1": " ",
    "Plan2": " ",
    "Plan3": " ",
    "FeatureID": " ",
    "DupeNum": 0,
    "Source": "Stantec",
    "OrthoUpdated": "Yes",
    "GlobalID": "{533FE52E-39DA-4710-8FBF-CBD77710D634}",
    "created_user": "GIS",
    "created_date": 1600300800000,
    "last_edited_user": "GIS",
    "last_edited_date": 1600300800000,
    "Dewb_Edited": 0,
    "AssetStatus": "Active",
    "AccuracyStatus": "Unknown/Null (accurate = no)",
    "InaccuracyType": null,
    "AccuracyDate": null,
    "AccuracyComments": null,
    "ArchiveProjectName": null,
    "ArchiveReason": null,
    "ArchiveDate": null,
    "ArchiveComments": null,
    "ReplacedAssetID": null,
    "AssociatedInspections": null,
    "FID": null,
    "CreationDate": 1667412663429,
    "Creator": "NLandin_wc",
    "EditDate": 1667942792190,
    "Editor": "NLandin_wc"
   }
  },
  {
   "type": "Feature",
   "id": 2286,
   "geometry": {
    "type": "Point",
    "coordinates": [
     -71.10770197566234,
     42.38410708335984
    ]
   },
   "properties": {
    "OBJECTID": 2286,
    "Subtype": 1,
    "FacilityID": "SW-CB-00217",
    "InstallDat": -938908800000,
    "LifecycleS": "Active",
    "WaterType": "Storm",
    "PlanNum": "PF-22",
    "Owner": "Somerv",
    "Comments": " ",
    "AccessDiam": 0,
    "AccessMate": "Unk",
    "AccesType": "Unk",
    "Station": 9999,
    "RimElevati": 9999,
    "FieldBook": " ",
    "Invert": 9999,
    "Plan1": "PF-022",
    "Plan2": " ",
    "Plan3": " ",
    "FeatureID": "CB-SD-218",
    "DupeNum": 1,
    "Source": "Original City Data",
    "OrthoUpdated": "Yes",
    "GlobalID": "{6CD5840A-9DD8-439F-B110-337349B3AEFE}",
    "created_user": "GIS",
    "created_date": 1600300800000,
    "last_edited_user": "GIS",
    "last_edited_date": 1600300800000,
    "Dewb_Edited": 0,
    "AssetStatus": "Active",
    "AccuracyStatus": "Unknown/Null (accurate = no)",
    "InaccuracyType": null,
    "AccuracyDate": null,
    "AccuracyComments": null,
    "ArchiveProjectName": null,
    "ArchiveReason": null,
    "ArchiveDate": null,
    "ArchiveComments": null,
    "ReplacedAssetID": null,
    "AssociatedInspections": null,
    "FID": null,
    "CreationDate": 1667412663429,
    "Creator": "NLandin_wc",
    "EditDate": 1667942792190,
    "Editor": "NLandin_wc"
   }
  },
  {
   "type": "Feature",
   "id": 2296,
   "geometry": {
    "type": "Point",
    "coordinates": [
     -71.09995081983742,
     42.38384271476716
    ]
   },
   "properties": {
    "OBJECTID": 2296,
    "Subtype": 0,
    "FacilityID": "SW-CB-00748",
    "InstallDat": null,
    "LifecycleS": " ",
    "WaterType": " ",
    "PlanNum": " ",
    "Owner": " ",
    "Comments": " ",
    "AccessDiam": 0,
    "AccessMate": " ",
    "AccesType": " ",
    "Station": 0,
    "RimElevati": 0,
    "FieldBook": " ",
    "Invert": 0,
    "Plan1": " ",
    "Plan2": " ",
    "Plan3": " ",
    "FeatureID": " ",
    "DupeNum": 0,
    "Source": "Stantec",
    "OrthoUpdated": "Yes",
    "GlobalID": "{8A9B51BB-40E0-4464-A1E2-908E2E3C1A93}",
    "created_user": "GIS",
    "created_date": 1600300800000,
    "last_edited_user": "GIS",
    "last_edited_date": 1600300800000,
    "Dewb_Edited": 0,
    "AssetStatus": "Active",
    "AccuracyStatus": "Unknown/Null (accurate = no)",
    "InaccuracyType": null,
    "AccuracyDate": null,
    "AccuracyComments": null,
    "ArchiveProjectName": null,
    "ArchiveReason": null,
    "ArchiveDate": null,
    "ArchiveComments": null,
    "ReplacedAssetID": null,
    "AssociatedInspections": null,
    "FID": null,
    "CreationDate": 1667412663429,
    "Creator": "NLandin_wc",
    "EditDate": 1667942792190,
    "Editor": "NLandin_wc"
   }
  },
  {
   "type": "Feature",
   "id": 2314,
   "geometry": {
    "type": "Point",
    "coordinates": [
     -71.09878629457805,
     42.390959410271265
    ]
   },
   "properties": {
    "OBJECTID": 2314,
    "Subtype": 0,
    "FacilityID": "SW-CB-02647",
    "InstallDat": null,
    "LifecycleS": " ",
    "WaterType": " ",
    "PlanNum": " ",
    "Owner": " ",
    "Comments": " ",
    "AccessDiam": 0,
    "AccessMate": " ",
    "AccesType": " ",
    "Station": 0,
    "RimElevati": 0,
    "FieldBook": " ",
    "Invert": 0,
    "Plan1": " ",
    "Plan2": " ",
    "Plan3": " ",
    "FeatureID": " ",
    "DupeNum": 0,
    "Source": "2017 Orthophotography",
    "OrthoUpdated": "Yes",
    "GlobalID": "{2E648B7A-13A1-4759-81F7-D384F5E22732}",
    "created_user": "GIS",
    "created_date": 1600300800000,
    "last_edited_user": "GIS",
    "last_edited_date": 1600300800000,
    "Dewb_Edited": 0,
    "AssetStatus": "Active",
    "AccuracyStatus": "Unknown/Null (accurate = no)",
    "InaccuracyType": null,
    "AccuracyDate": null,
    "AccuracyComments": null,
    "ArchiveProjectName": null,
    "ArchiveReason": null,
    "ArchiveDate": null,
    "ArchiveComments": null,
    "ReplacedAssetID": null,
    "AssociatedInspections": null,
    "FID": null,
    "CreationDate": 1667412663429,
    "Creator": "NLandin_wc",
    "EditDate": 1667942792190,
    "Editor": "NLandin_wc"
   }
  },
  {
   "type": "Feature",
   "id": 2315,
   "geometry": {
    "type": "Point",
    "coordinates": [
     -71.10860544895301,
     42.38936017354746
    ]
   },
   "properties": {
    "OBJECTID": 2315,
    "Subtype": 0,
    "FacilityID": "SW-CB-02832",
    "InstallDat": null,
    "LifecycleS": " ",
    "WaterType": " ",
    "PlanNum": " ",
    "Owner": " ",
    "Comments": " ",
    "AccessDiam": 0,
    "AccessMate": " ",
    "AccesType": " ",
    "Station": 0,
    "RimElevati": 0,
    "FieldBook": " ",
    "Invert": 0,
    "Plan1": " ",
    "Plan2": " ",
    "Plan3": " ",
    "FeatureID": " ",
    "DupeNum": 0,
    "Source": "2017 Orthophotography",
    "OrthoUpdated": "Yes",
    "GlobalID": "{CB1DCB16-C2C5-4111-A5B9-888833D57BD1}",
    "created_user": "GIS",
    "created_date": 1600300800000,
    "last_edited_user": "GIS",
    "last_edited_date": 1600300800000,
    "Dewb_Edited": 0,
    "AssetStatus": "Active",
    "AccuracyStatus": "Unknown/Null (accurate = no)",
    "InaccuracyType": null,
    "AccuracyDate": null,
    "AccuracyComments": null,
    "ArchiveProjectName": null,
    "ArchiveReason": null,
    "ArchiveDate": null,
    "ArchiveComments": null,
    "ReplacedAssetID": null,
    "AssociatedInspections": null,
    "FID": null,
    "CreationDate": 1667412663429,
    "Creator": "NLandin_wc",
    "EditDate": 1667942792190,
    "Editor": "NLandin_wc"
   }
  },
  {
   "type": "Feature",
   "id": 2316,
   "geometry": {
    "type": "Point",
    "coordinates": [
     -71.10311089548583,
     42.38752803426044
    ]
   },
   "properties": {
    "OBJECTID": 2316,
    "Subtype": 0,
    "FacilityID": "SW-CB-00828",
    "InstallDat": null,
    "LifecycleS": " ",
    "WaterType": " ",
    "PlanNum": " ",
    "Owner": " ",
    "Comments": " ",
    "AccessDiam": 0,
    "AccessMate": " ",
    "AccesType": " ",
    "Station": 0,
    "RimElevati": 0,
    "FieldBook": " ",
    "Invert": 0,
    "Plan1": " ",
    "Plan2": " ",
    "Plan3": " ",
    "FeatureID": " ",
    "DupeNum": 0,
    "Source": "Stantec",
    "OrthoUpdated": "Yes",
    "GlobalID": "{3BCE6DBD-FD27-41EE-B81B-FD31245A64AC}",
    "created_user": "GIS",
    "created_date": 1600300800000,
    "last_edited_user": "GIS",
    "last_edited_date": 1600300800000,
    "Dewb_Edited": 0,
    "AssetStatus": "Active",
    "AccuracyStatus": "Unknown/Null (accurate = no)",
    "InaccuracyType": null,
    "AccuracyDate": null,
    "AccuracyComments": null,
    "ArchiveProjectName": null,
    "ArchiveReason": null,
    "ArchiveDate": null,
    "ArchiveComments": null,
    "ReplacedAssetID": null,
    "AssociatedInspections": null,
    "FID": null,
    "CreationDate": 1667412663429,
    "Creator": "NLandin_wc",
    "EditDate": 1667942792190,
    "Editor": "NLandin_wc"
   }
  },
  {
   "type": "Feature",
   "id": 2323,
   "geometry": {
    "type": "Point",
    "coordinates": [
     -71.10776709227652,
     42.38360085113024
    ]
   },
   "properties": {
    "OBJECTID": 2323,
    "Subtype": 0,
    "FacilityID": "SW-CB-00982",
    "InstallDat": null,
    "LifecycleS": " ",
    "WaterType": " ",
    "PlanNum": " ",
    "Owner": " ",
    "Comments": " ",
    "AccessDiam": 0,
    "AccessMate": " ",
    "AccesType": " ",
    "Station": 0,
    "RimElevati": 0,
    "FieldBook": " ",
    "Invert": 0,
    "Plan1": " ",
    "Plan2": " ",
    "Plan3": " ",
    "FeatureID": " ",
    "DupeNum": 0,
    "Source": "Stantec",
    "OrthoUpdated": "Yes",
    "GlobalID": "{AD67F916-9161-4435-B79B-B81B7E97B015}",
    "created_user": "GIS",
    "created_date": 1600300800000,
    "last_edited_user": "GIS",
    "last_edited_date": 1600300800000,
    "Dewb_Edited": 0,
    "AssetStatus": "Active",
    "AccuracyStatus": "Unknown/Null (accurate = no)",
    "InaccuracyType": null,
    "AccuracyDate": null,
    "AccuracyComments": null,
    "ArchiveProjectName": null,
    "ArchiveReason": null,
    "ArchiveDate": null,
    "ArchiveComments": null,
    "ReplacedAssetID": null,
    "AssociatedInspections": null,
    "FID": null,
    "CreationDate": 1667412663429,
    "Creator": "NLandin_wc",
    "EditDate": 1667942792190,
    "Editor": "NLandin_wc"
   }
  },
  {
   "type": "Feature",
   "id": 2338,
   "geometry": {
    "type": "Point",
    "coordinates": [
     -71.09662177810287,
     42.380493851137516
    ]
   },
   "properties": {
    "OBJECTID": 2338,
    "Subtype": 0,
    "FacilityID": "SW-CB-00712",
    "InstallDat": null,
    "LifecycleS": " ",
    "WaterType": " ",
    "PlanNum": " ",
    "Owner": " ",
    "Comments": " ",
    "AccessDiam": 0,
    "AccessMate": " ",
    "AccesType": " ",
    "Station": 0,
    "RimElevati": 0,
    "FieldBook": " ",
    "Invert": 0,
    "Plan1": " ",
    "Plan2": " ",
    "Plan3": " ",
    "FeatureID": " ",
    "DupeNum": 0,
    "Source": "Stantec",
    "OrthoUpdated": "Yes",
    "GlobalID": "{74FAAA11-5914-46D8-8103-0675D21F12B4}",
    "created_user": "GIS",
    "created_date": 1600300800000,
    "last_edited_user": "GIS",
    "last_edited_date": 1600300800000,
    "Dewb_Edited": 0,
    "AssetStatus": "Active",
    "AccuracyStatus": "Unknown/Null (accurate = no)",
    "InaccuracyType": null,
    "AccuracyDate": null,
    "AccuracyComments": null,
    "ArchiveProjectName": null,
    "ArchiveReason": null,
    "ArchiveDate": null,
    "ArchiveComments": null,
    "ReplacedAssetID": null,
    "AssociatedInspections": null,
    "FID": null,
    "CreationDate": 1667412663429,
    "Creator": "NLandin_wc",
    "EditDate": 1667942792190,
    "Editor": "NLandin_wc"
   }
  },
  {
   "type": "Feature",
   "id": 2341,
   "geometry": {
    "type": "Point",
    "coordinates": [
     -71.10889228627555,
     42.383850827973184
    ]
   },
   "properties": {
    "OBJECTID": 2341,
    "Subtype": 0,
    "FacilityID": "SW-CB-00971",
    "InstallDat": null,
    "LifecycleS": " ",
    "WaterType": " ",
    "PlanNum": " ",
    "Owner": " ",
    "Comments": " ",
    "AccessDiam": 0,
    "AccessMate": " ",
    "AccesType": " ",
    "Station": 0,
    "RimElevati": 0,
    "FieldBook": " ",
    "Invert": 0,
    "Plan1": " ",
    "Plan2": " ",
    "Plan3": " ",
    "FeatureID": " ",
    "DupeNum": 0,
    "Source": "Stantec",
    "OrthoUpdated": "Yes",
    "GlobalID": "{61CEF1E2-DAF6-4BB5-9228-0284FD8906B6}",
    "created_user": "GIS",
    "created_date": 1600300800000,
    "last_edited_user": "GIS",
    "last_edited_date": 1600300800000,
    "Dewb_Edited": 0,
    "AssetStatus": "Active",
    "AccuracyStatus": "Unknown/Null (accurate = no)",
    "InaccuracyType": null,
    "AccuracyDate": null,
    "AccuracyComments": null,
    "ArchiveProjectName": null,
    "ArchiveReason": null,
    "ArchiveDate": null,
    "ArchiveComments": null,
    "ReplacedAssetID": null,
    "AssociatedInspections": null,
    "FID": null,
    "CreationDate": 1667412663429,
    "Creator": "NLandin_wc",
    "EditDate": 1667942792190,
    "Editor": "NLandin_wc"
   }
  },
  {
   "type": "Feature",
   "id": 2345,
   "geometry": {
    "type": "Point",
    "coordinates": [
     -71.10574839803115,
     42.39019371644985
    ]
   },
   "properties": {
    "OBJECTID": 2345,
    "Subtype": 0,
    "FacilityID": "SW-CB-00481",
    "InstallDat": 253392451200000,
    "LifecycleS": "Active",
    "WaterType": "Storm",
    "PlanNum": "TB-046",
    "Owner": "Somerv",
    "Comments": " ",
    "AccessDiam": 9999,
    "AccessMate": "Unk",
    "AccesType": "Unk",
    "Station": 9999,
    "RimElevati": 82.02,
    "FieldBook": " ",
    "Invert": 79.02,
    "Plan1": "TB-046",
    "Plan2": " ",
    "Plan3": " ",
    "FeatureID": "CB-SD-482",
    "DupeNum": 1,
    "Source": "Original City Data",
    "OrthoUpdated": "Yes",
    "GlobalID": "{8D89D31D-5C34-4162-9F8B-8D4923FE2186}",
    "created_user": "GIS",
    "created_date": 1600300800000,
    "last_edited_user": "GIS",
    "last_edited_date": 1600300800000,
    "Dewb_Edited": 0,
    "AssetStatus": "Active",
    "AccuracyStatus": "Unknown/Null (accurate = no)",
    "InaccuracyType": null,
    "AccuracyDate": null,
    "AccuracyComments": null,
    "ArchiveProjectName": null,
    "ArchiveReason": null,
    "ArchiveDate": null,
    "ArchiveComments": null,
    "ReplacedAssetID": null,
    "AssociatedInspections": null,
    "FID": null,
    "CreationDate": 1667412663429,
    "Creator": "NLandin_wc",
    "EditDate": 1667942792190,
    "Editor": "NLandin_wc"
   }
  },
  {
   "type": "Feature",
   "id": 2348,
   "geometry": {
    "type": "Point",
    "coordinates": [
     -71.09744545706008,
     42.38547066437117
    ]
   },
   "properties": {
    "OBJECTID": 2348,
    "Subtype": 0,
    "FacilityID": "SW-CB-00791",
    "InstallDat": null,
    "LifecycleS": " ",
    "WaterType": " ",
    "PlanNum": " ",
    "Owner": " ",
    "Comments": " ",
    "AccessDiam": 0,
    "AccessMate": " ",
    "AccesType": " ",
    "Station": 0,
    "RimElevati": 0,
    "FieldBook": " ",
    "Invert": 0,
    "Plan1": " ",
    "Plan2": " ",
    "Plan3": " ",
    "FeatureID": " ",
    "DupeNum": 0,
    "Source": "Stantec",
    "OrthoUpdated": "Yes",
    "GlobalID": "{85669154-BF5F-43FE-AE5F-10C561947CC1}",
    "created_user": "GIS",
    "created_date": 1600300800000,
    "last_edited_user": "GIS",
    "last_edited_date": 1600300800000,
    "Dewb_Edited": 0,
    "AssetStatus": "Active",
    "AccuracyStatus": "Unknown/Null (accurate = no)",
    "InaccuracyType": null,
    "AccuracyDate": null,
    "AccuracyComments": null,
    "ArchiveProjectName": null,
    "ArchiveReason": null,
    "ArchiveDate": null,
    "ArchiveComments": null,
    "ReplacedAssetID": null,
    "AssociatedInspections": null,
    "FID": null,
    "CreationDate": 1667412663429,
    "Creator": "NLandin_wc",
    "EditDate": 1667942792190,
    "Editor": "NLandin_wc"
   }
  },
  {
   "type": "Feature",
   "id": 2355,
   "geometry": {
    "type": "Point",
    "coordinates": [
     -71.09698238769056,
     42.38130061543003
    ]
   },
   "properties": {
    "OBJECTID": 2355,
    "Subtype": 0,
    "FacilityID": "SW-CB-00715",
    "InstallDat": null,
    "LifecycleS": " ",
    "WaterType": " ",
    "PlanNum": " ",
    "Owner": " ",
    "Comments": " ",
    "AccessDiam": 0,
    "AccessMate": " ",
    "AccesType": " ",
    "Station": 0,
    "RimElevati": 0,
    "FieldBook": " ",
    "Invert": 0,
    "Plan1": " ",
    "Plan2": " ",
    "Plan3": " ",
    "FeatureID": " ",
    "DupeNum": 0,
    "Source": "Stantec",
    "OrthoUpdated": "Yes",
    "GlobalID": "{64430A19-C257-4959-A53A-5E4A874EB243}",
    "created_user": "GIS",
    "created_date": 1600300800000,
    "last_edited_user": "GIS",
    "last_edited_date": 1600300800000,
    "Dewb_Edited": 0,
    "AssetStatus": "Active",
    "AccuracyStatus": "Unknown/Null (accurate = no)",
    "InaccuracyType": null,
    "AccuracyDate": null,
    "AccuracyComments": null,
    "ArchiveProjectName": null,
    "ArchiveReason": null,
    "ArchiveDate": null,
    "ArchiveComments": null,
    "ReplacedAssetID": null,
    "AssociatedInspections": null,
    "FID": null,
    "CreationDate": 1667412663429,
    "Creator": "NLandin_wc",
    "EditDate": 1667942792190,
    "Editor": "NLandin_wc"
   }
  },
  {
   "type": "Feature",
   "id": 2357,
   "geometry": {
    "type": "Point",
    "coordinates": [
     -71.10116911176927,
     42.38186345399864
    ]
   },
   "properties": {
    "OBJECTID": 2357,
    "Subtype": 0,
    "FacilityID": "SW-CB-01075",
    "InstallDat": null,
    "LifecycleS": " ",
    "WaterType": " ",
    "PlanNum": " ",
    "Owner": " ",
    "Comments": " ",
    "AccessDiam": 0,
    "AccessMate": " ",
    "AccesType": " ",
    "Station": 0,
    "RimElevati": 0,
    "FieldBook": " ",
    "Invert": 0,
    "Plan1": " ",
    "Plan2": " ",
    "Plan3": " ",
    "FeatureID": " ",
    "DupeNum": 0,
    "Source": "Stantec",
    "OrthoUpdated": "Not Visible",
    "GlobalID": "{B5AEDE60-7F48-4606-83D4-E9899FEF0C78}",
    "created_user": "GIS",
    "created_date": 1600300800000,
    "last_edited_user": "GIS",
    "last_edited_date": 1600300800000,
    "Dewb_Edited": 0,
    "AssetStatus": "Active",
    "AccuracyStatus": "Unknown/Null (accurate = no)",
    "InaccuracyType": null,
    "AccuracyDate": null,
    "AccuracyComments": null,
    "ArchiveProjectName": null,
    "ArchiveReason": null,
    "ArchiveDate": null,
    "ArchiveComments": null,
    "ReplacedAssetID": null,
    "AssociatedInspections": null,
    "FID": null,
    "CreationDate": 1667412663429,
    "Creator": "NLandin_wc",
    "EditDate": 1667942792190,
    "Editor": "NLandin_wc"
   }
  },
  {
   "type": "Feature",
   "id": 2372,
   "geometry": {
    "type": "Point",
    "coordinates": [
     -71.09661917826617,
     42.38769831352742
    ]
   },
   "properties": {
    "OBJECTID": 2372,
    "Subtype": 1,
    "FacilityID": "SW-CB-00133",
    "InstallDat": -1356998400000,
    "LifecycleS": "Active",
    "WaterType": "Storm",
    "PlanNum": "MM-6",
    "Owner": "Somerv",
    "Comments": " ",
    "AccessDiam": 0,
    "AccessMate": " ",
    "AccesType": " ",
    "Station": 9999,
    "RimElevati": 9999,
    "FieldBook": " ",
    "Invert": 9999,
    "Plan1": "MM-06",
    "Plan2": " ",
    "Plan3": " ",
    "FeatureID": "CB-SD-134",
    "DupeNum": 1,
    "Source": "Original City Data",
    "OrthoUpdated": "Not Visible",
    "GlobalID": "{3E328C99-A07D-493B-B1E1-A4466EFA1083}",
    "created_user": "GIS",
    "created_date": 1600300800000,
    "last_edited_user": "GIS",
    "last_edited_date": 1600300800000,
    "Dewb_Edited": 0,
    "AssetStatus": "Active",
    "AccuracyStatus": "Unknown/Null (accurate = no)",
    "InaccuracyType": null,
    "AccuracyDate": null,
    "AccuracyComments": null,
    "ArchiveProjectName": null,
    "ArchiveReason": null,
    "ArchiveDate": null,
    "ArchiveComments": null,
    "ReplacedAssetID": null,
    "AssociatedInspections": null,
    "FID": null,
    "CreationDate": 1667412663429,
    "Creator": "NLandin_wc",
    "EditDate": 1667942792190,
    "Editor": "NLandin_wc"
   }
  },
  {
   "type": "Feature",
   "id": 2388,
   "geometry": {
    "type": "Point",
    "coordinates": [
     -71.0947993432033,
     42.38959346294652
    ]
   },
   "properties": {
    "OBJECTID": 2388,
    "Subtype": 1,
    "FacilityID": "SW-CB-00023",
    "InstallDat": -2261952000000,
    "LifecycleS": "Active",
    "WaterType": "Storm",
    "PlanNum": "BB-11",
    "Owner": "Somerv",
    "Comments": " ",
    "AccessDiam": 0,
    "AccessMate": "Unk",
    "AccesType": "Unk",
    "Station": 9999,
    "RimElevati": 9999,
    "FieldBook": " ",
    "Invert": 9999,
    "Plan1": "BB-11",
    "Plan2": " ",
    "Plan3": " ",
    "FeatureID": "CB-SD-24",
    "DupeNum": 1,
    "Source": "Original City Data",
    "OrthoUpdated": "Yes",
    "GlobalID": "{6416C1C7-A94D-457F-BB21-896CEEE29214}",
    "created_user": "GIS",
    "created_date": 1600300800000,
    "last_edited_user": "GIS",
    "last_edited_date": 1600300800000,
    "Dewb_Edited": 0,
    "AssetStatus": "Active",
    "AccuracyStatus": "Unknown/Null (accurate = no)",
    "InaccuracyType": null,
    "AccuracyDate": null,
    "AccuracyComments": null,
    "ArchiveProjectName": null,
    "ArchiveReason": null,
    "ArchiveDate": null,
    "ArchiveComments": null,
    "ReplacedAssetID": null,
    "AssociatedInspections": null,
    "FID": null,
    "CreationDate": 1667412663429,
    "Creator": "NLandin_wc",
    "EditDate": 1667942792190,
    "Editor": "NLandin_wc"
   }
  },
  {
   "type": "Feature",
   "id": 2408,
   "geometry": {
    "type": "Point",
    "coordinates": [
     -71.10805084369233,
     42.38691476055929
    ]
   },
   "properties": {
    "OBJECTID": 2408,
    "Subtype": 0,
    "FacilityID": "SW-CB-00940",
    "InstallDat": null,
    "LifecycleS": " ",
    "WaterType": " ",
    "PlanNum": " ",
    "Owner": " ",
    "Comments": " ",
    "AccessDiam": 0,
    "AccessMate": " ",
    "AccesType": " ",
    "Station": 0,
    "RimElevati": 0,
    "FieldBook": " ",
    "Invert": 0,
    "Plan1": " ",
    "Plan2": " ",
    "Plan3": " ",
    "FeatureID": " ",
    "DupeNum": 0,
    "Source": "Stantec",
    "OrthoUpdated": "Not Visible",
    "GlobalID": "{78225B2A-4F4F-4D34-9F12-1885A7D7D168}",
    "created_user": "GIS",
    "created_date": 1600300800000,
    "last_edited_user": "GIS",
    "last_edited_date": 1600300800000,
    "Dewb_Edited": 0,
    "AssetStatus": "Active",
    "AccuracyStatus": "Unknown/Null (accurate = no)",
    "InaccuracyType": null,
    "AccuracyDate": null,
    "AccuracyComments": null,
    "ArchiveProjectName": null,
    "ArchiveReason": null,
    "ArchiveDate": null,
    "ArchiveComments": null,
    "ReplacedAssetID": null,
    "AssociatedInspections": null,
    "FID": null,
    "CreationDate": 1667412663429,
    "Creator": "NLandin_wc",
    "EditDate": 1667942792190,
    "Editor": "NLandin_wc"
   }
  },
  {
   "type": "Feature",
   "id": 2409,
   "geometry": {
    "type": "Point",
    "coordinates": [
     -71.0989331641599,
     42.383097653227054
    ]
   },
   "properties": {
    "OBJECTID": 2409,
    "Subtype": 0,
    "FacilityID": "SW-CB-00737",
    "InstallDat": null,
    "LifecycleS": " ",
    "WaterType": " ",
    "PlanNum": " ",
    "Owner": " ",
    "Comments": " ",
    "AccessDiam": 0,
    "AccessMate": " ",
    "AccesType": " ",
    "Station": 0,
    "RimElevati": 0,
    "FieldBook": " ",
    "Invert": 0,
    "Plan1": " ",
    "Plan2": " ",
    "Plan3": " ",
    "FeatureID": " ",
    "DupeNum": 0,
    "Source": "Stantec",
    "OrthoUpdated": "Yes",
    "GlobalID": "{C5E71577-D244-4939-A23D-7590460F5643}",
    "created_user": "GIS",
    "created_date": 1600300800000,
    "last_edited_user": "GIS",
    "last_edited_date": 1600300800000,
    "Dewb_Edited": 0,
    "AssetStatus": "Active",
    "AccuracyStatus": "Unknown/Null (accurate = no)",
    "InaccuracyType": null,
    "AccuracyDate": null,
    "AccuracyComments": null,
    "ArchiveProjectName": null,
    "ArchiveReason": null,
    "ArchiveDate": null,
    "ArchiveComments": null,
    "ReplacedAssetID": null,
    "AssociatedInspections": null,
    "FID": null,
    "CreationDate": 1667412663429,
    "Creator": "NLandin_wc",
    "EditDate": 1667942792190,
    "Editor": "NLandin_wc"
   }
  },
  {
   "type": "Feature",
   "id": 2410,
   "geometry": {
    "type": "Point",
    "coordinates": [
     -71.09372416624805,
     42.39000857671338
    ]
   },
   "properties": {
    "OBJECTID": 2410,
    "Subtype": 0,
    "FacilityID": "SW-CB-01504",
    "InstallDat": null,
    "LifecycleS": " ",
    "WaterType": " ",
    "PlanNum": " ",
    "Owner": " ",
    "Comments": " ",
    "AccessDiam": 0,
    "AccessMate": " ",
    "AccesType": " ",
    "Station": 0,
    "RimElevati": 0,
    "FieldBook": " ",
    "Invert": 0,
    "Plan1": " ",
    "Plan2": " ",
    "Plan3": " ",
    "FeatureID": " ",
    "DupeNum": 0,
    "Source": "2017 Orthophotography",
    "OrthoUpdated": "Yes",
    "GlobalID": "{F2FD25FF-BF63-4E38-AFDA-D93433C42AAB}",
    "created_user": "GIS",
    "created_date": 1600300800000,
    "last_edited_user": "GIS",
    "last_edited_date": 1600300800000,
    "Dewb_Edited": 0,
    "AssetStatus": "Active",
    "AccuracyStatus": "Unknown/Null (accurate = no)",
    "InaccuracyType": null,
    "AccuracyDate": null,
    "AccuracyComments": null,
    "ArchiveProjectName": null,
    "ArchiveReason": null,
    "ArchiveDate": null,
    "ArchiveComments": null,
    "ReplacedAssetID": null,
    "AssociatedInspections": null,
    "FID": null,
    "CreationDate": 1667412663429,
    "Creator": "NLandin_wc",
    "EditDate": 1667942792190,
    "Editor": "NLandin_wc"
   }
  },
  {
   "type": "Feature",
   "id": 2415,
   "geometry": {
    "type": "Point",
    "coordinates": [
     -71.09816293228285,
     42.38007114573484
    ]
   },
   "properties": {
    "OBJECTID": 2415,
    "Subtype": 0,
    "FacilityID": "SW-CB-02556",
    "InstallDat": null,
    "LifecycleS": " ",
    "WaterType": " ",
    "PlanNum": " ",
    "Owner": " ",
    "Comments": " ",
    "AccessDiam": 0,
    "AccessMate": " ",
    "AccesType": " ",
    "Station": 0,
    "RimElevati": 0,
    "FieldBook": " ",
    "Invert": 0,
    "Plan1": " ",
    "Plan2": " ",
    "Plan3": " ",
    "FeatureID": " ",
    "DupeNum": 0,
    "Source": "2017 Orthophotography",
    "OrthoUpdated": "Yes",
    "GlobalID": "{C933BF7F-3084-4E6F-A02C-6A32EB8C5B92}",
    "created_user": "GIS",
    "created_date": 1600300800000,
    "last_edited_user": "GIS",
    "last_edited_date": 1600300800000,
    "Dewb_Edited": 0,
    "AssetStatus": "Active",
    "AccuracyStatus": "Unknown/Null (accurate = no)",
    "InaccuracyType": null,
    "AccuracyDate": null,
    "AccuracyComments": null,
    "ArchiveProjectName": null,
    "ArchiveReason": null,
    "ArchiveDate": null,
    "ArchiveComments": null,
    "ReplacedAssetID": null,
    "AssociatedInspections": null,
    "FID": null,
    "CreationDate": 1667412663429,
    "Creator": "NLandin_wc",
    "EditDate": 1667942792190,
    "Editor": "NLandin_wc"
   }
  },
  {
   "type": "Feature",
   "id": 2429,
   "geometry": {
    "type": "Point",
    "coordinates": [
     -71.10979047828029,
     42.387516588323145
    ]
   },
   "properties": {
    "OBJECTID": 2429,
    "Subtype": 0,
    "FacilityID": "SW-CB-03577",
    "InstallDat": null,
    "LifecycleS": " ",
    "WaterType": " ",
    "PlanNum": " ",
    "Owner": " ",
    "Comments": " ",
    "AccessDiam": 0,
    "AccessMate": " ",
    "AccesType": " ",
    "Station": 0,
    "RimElevati": 0,
    "FieldBook": " ",
    "Invert": 0,
    "Plan1": " ",
    "Plan2": " ",
    "Plan3": " ",
    "FeatureID": " ",
    "DupeNum": 0,
    "Source": "2017 Orthophotography",
    "OrthoUpdated": "Yes",
    "GlobalID": "{00FE4A4E-CB2C-45E7-920C-FB0BB7CCE7D9}",
    "created_user": "GIS",
    "created_date": 1600300800000,
    "last_edited_user": "GIS",
    "last_edited_date": 1600300800000,
    "Dewb_Edited": 0,
    "AssetStatus": "Active",
    "AccuracyStatus": "Unknown/Null (accurate = no)",
    "InaccuracyType": null,
    "AccuracyDate": null,
    "AccuracyComments": null,
    "ArchiveProjectName": null,
    "ArchiveReason": null,
    "ArchiveDate": null,
    "ArchiveComments": null,
    "ReplacedAssetID": null,
    "AssociatedInspections": null,
    "FID": null,
    "CreationDate": 1667412663429,
    "Creator": "NLandin_wc",
    "EditDate": 1667942792190,
    "Editor": "NLandin_wc"
   }
  },
  {
   "type": "Feature",
   "id": 2440,
   "geometry": {
    "type": "Point",
    "coordinates": [
     -71.10367036326375,
     42.383897014319444
    ]
   },
   "properties": {
    "OBJECTID": 2440,
    "Subtype": 0,
    "FacilityID": "SW-CB-01023",
    "InstallDat": null,
    "LifecycleS": " ",
    "WaterType": " ",
    "PlanNum": " ",
    "Owner": " ",
    "Comments": " ",
    "AccessDiam": 0,
    "AccessMate": " ",
    "AccesType": " ",
    "Station": 0,
    "RimElevati": 0,
    "FieldBook": " ",
    "Invert": 0,
    "Plan1": " ",
    "Plan2": " ",
    "Plan3": " ",
    "FeatureID": " ",
    "DupeNum": 0,
    "Source": "Stantec",
    "OrthoUpdated": "Yes",
    "GlobalID": "{A3F2D5D5-D681-4112-9A99-7DAFFEB7AE4B}",
    "created_user": "GIS",
    "created_date": 1600300800000,
    "last_edited_user": "GIS",
    "last_edited_date": 1600300800000,
    "Dewb_Edited": 0,
    "AssetStatus": "Active",
    "AccuracyStatus": "Unknown/Null (accurate = no)",
    "InaccuracyType": null,
    "AccuracyDate": null,
    "AccuracyComments": null,
    "ArchiveProjectName": null,
    "ArchiveReason": null,
    "ArchiveDate": null,
    "ArchiveComments": null,
    "ReplacedAssetID": null,
    "AssociatedInspections": null,
    "FID": null,
    "CreationDate": 1667412663429,
    "Creator": "NLandin_wc",
    "EditDate": 1667942792190,
    "Editor": "NLandin_wc"
   }
  },
  {
   "type": "Feature",
   "id": 2444,
   "geometry": {
    "type": "Point",
    "coordinates": [
     -71.102483396119,
     42.38509178150807
    ]
   },
   "properties": {
    "OBJECTID": 2444,
    "Subtype": 0,
    "FacilityID": "SW-CB-01071",
    "InstallDat": null,
    "LifecycleS": " ",
    "WaterType": " ",
    "PlanNum": " ",
    "Owner": " ",
    "Comments": " ",
    "AccessDiam": 0,
    "AccessMate": " ",
    "AccesType": " ",
    "Station": 0,
    "RimElevati": 0,
    "FieldBook": " ",
    "Invert": 0,
    "Plan1": " ",
    "Plan2": " ",
    "Plan3": " ",
    "FeatureID": " ",
    "DupeNum": 0,
    "Source": "Stantec",
    "OrthoUpdated": "Yes",
    "GlobalID": "{2F822466-42ED-4F46-A614-8AA3725DB29C}",
    "created_user": "GIS",
    "created_date": 1600300800000,
    "last_edited_user": "GIS",
    "last_edited_date": 1600300800000,
    "Dewb_Edited": 0,
    "AssetStatus": "Active",
    "AccuracyStatus": "Unknown/Null (accurate = no)",
    "InaccuracyType": null,
    "AccuracyDate": null,
    "AccuracyComments": null,
    "ArchiveProjectName": null,
    "ArchiveReason": null,
    "ArchiveDate": null,
    "ArchiveComments": null,
    "ReplacedAssetID": null,
    "AssociatedInspections": null,
    "FID": null,
    "CreationDate": 1667412663429,
    "Creator": "NLandin_wc",
    "EditDate": 1667942792190,
    "Editor": "NLandin_wc"
   }
  },
  {
   "type": "Feature",
   "id": 2446,
   "geometry": {
    "type": "Point",
    "coordinates": [
     -71.10029060012846,
     42.388346145100165
    ]
   },
   "properties": {
    "OBJECTID": 2446,
    "Subtype": 0,
    "FacilityID": "SW-CB-02815",
    "InstallDat": null,
    "LifecycleS": " ",
    "WaterType": " ",
    "PlanNum": " ",
    "Owner": " ",
    "Comments": " ",
    "AccessDiam": 0,
    "AccessMate": " ",
    "AccesType": " ",
    "Station": 0,
    "RimElevati": 0,
    "FieldBook": " ",
    "Invert": 0,
    "Plan1": " ",
    "Plan2": " ",
    "Plan3": " ",
    "FeatureID": " ",
    "DupeNum": 0,
    "Source": "2017 Orthophotography",
    "OrthoUpdated": "Yes",
    "GlobalID": "{E59BD8C6-C7B2-4634-8375-179C6CCF9B30}",
    "created_user": "GIS",
    "created_date": 1600300800000,
    "last_edited_user": "GIS",
    "last_edited_date": 1600300800000,
    "Dewb_Edited": 0,
    "AssetStatus": "Active",
    "AccuracyStatus": "Unknown/Null (accurate = no)",
    "InaccuracyType": null,
    "AccuracyDate": null,
    "AccuracyComments": null,
    "ArchiveProjectName": null,
    "ArchiveReason": null,
    "ArchiveDate": null,
    "ArchiveComments": null,
    "ReplacedAssetID": null,
    "AssociatedInspections": null,
    "FID": null,
    "CreationDate": 1667412663429,
    "Creator": "NLandin_wc",
    "EditDate": 1667942792190,
    "Editor": "NLandin_wc"
   }
  },
  {
   "type": "Feature",
   "id": 2451,
   "geometry": {
    "type": "Point",
    "coordinates": [
     -71.10372114780839,
     42.38951955264682
    ]
   },
   "properties": {
    "OBJECTID": 2451,
    "Subtype": 0,
    "FacilityID": "SW-CB-00496",
    "InstallDat": 253392451200000,
    "LifecycleS": "Active",
    "WaterType": "Storm",
    "PlanNum": "TB-048",
    "Owner": "Somerv",
    "Comments": " ",
    "AccessDiam": 9999,
    "AccessMate": "Unk",
    "AccesType": "Unk",
    "Station": 9999,
    "RimElevati": 83.28,
    "FieldBook": " ",
    "Invert": 79.68,
    "Plan1": "TB-048",
    "Plan2": " ",
    "Plan3": " ",
    "FeatureID": "CB-SD-497",
    "DupeNum": 1,
    "Source": "Original City Data",
    "OrthoUpdated": "Yes",
    "GlobalID": "{929E4488-071E-4624-A55F-B5EAB57A6840}",
    "created_user": "GIS",
    "created_date": 1600300800000,
    "last_edited_user": "GIS",
    "last_edited_date": 1600300800000,
    "Dewb_Edited": 0,
    "AssetStatus": "Active",
    "AccuracyStatus": "Unknown/Null (accurate = no)",
    "InaccuracyType": null,
    "AccuracyDate": null,
    "AccuracyComments": null,
    "ArchiveProjectName": null,
    "ArchiveReason": null,
    "ArchiveDate": null,
    "ArchiveComments": null,
    "ReplacedAssetID": null,
    "AssociatedInspections": null,
    "FID": null,
    "CreationDate": 1667412663429,
    "Creator": "NLandin_wc",
    "EditDate": 1667942792190,
    "Editor": "NLandin_wc"
   }
  },
  {
   "type": "Feature",
   "id": 2463,
   "geometry": {
    "type": "Point",
    "coordinates": [
     -71.094078220597,
     42.38895986093329
    ]
   },
   "properties": {
    "OBJECTID": 2463,
    "Subtype": 0,
    "FacilityID": "SW-CB-01500",
    "InstallDat": null,
    "LifecycleS": " ",
    "WaterType": " ",
    "PlanNum": " ",
    "Owner": " ",
    "Comments": " ",
    "AccessDiam": 0,
    "AccessMate": " ",
    "AccesType": " ",
    "Station": 0,
    "RimElevati": 0,
    "FieldBook": " ",
    "Invert": 0,
    "Plan1": " ",
    "Plan2": " ",
    "Plan3": " ",
    "FeatureID": " ",
    "DupeNum": 0,
    "Source": "2017 Orthophotography",
    "OrthoUpdated": "Yes",
    "GlobalID": "{933E94B3-F72C-42C6-8E84-0C63A1BA94AD}",
    "created_user": "GIS",
    "created_date": 1600300800000,
    "last_edited_user": "GIS",
    "last_edited_date": 1600300800000,
    "Dewb_Edited": 0,
    "AssetStatus": "Active",
    "AccuracyStatus": "Unknown/Null (accurate = no)",
    "InaccuracyType": null,
    "AccuracyDate": null,
    "AccuracyComments": null,
    "ArchiveProjectName": null,
    "ArchiveReason": null,
    "ArchiveDate": null,
    "ArchiveComments": null,
    "ReplacedAssetID": null,
    "AssociatedInspections": null,
    "FID": null,
    "CreationDate": 1667412663429,
    "Creator": "NLandin_wc",
    "EditDate": 1667942792190,
    "Editor": "NLandin_wc"
   }
  },
  {
   "type": "Feature",
   "id": 2466,
   "geometry": {
    "type": "Point",
    "coordinates": [
     -71.09467494459444,
     42.38154788298504
    ]
   },
   "properties": {
    "OBJECTID": 2466,
    "Subtype": 0,
    "FacilityID": "SW-CB-00765",
    "InstallDat": null,
    "LifecycleS": " ",
    "WaterType": " ",
    "PlanNum": " ",
    "Owner": " ",
    "Comments": " ",
    "AccessDiam": 0,
    "AccessMate": " ",
    "AccesType": " ",
    "Station": 0,
    "RimElevati": 0,
    "FieldBook": " ",
    "Invert": 0,
    "Plan1": " ",
    "Plan2": " ",
    "Plan3": " ",
    "FeatureID": " ",
    "DupeNum": 0,
    "Source": "Stantec",
    "OrthoUpdated": "Yes",
    "GlobalID": "{B1CBA43E-7BC0-40E5-A01C-92C28B43C09C}",
    "created_user": "GIS",
    "created_date": 1600300800000,
    "last_edited_user": "GIS",
    "last_edited_date": 1600300800000,
    "Dewb_Edited": 0,
    "AssetStatus": "Active",
    "AccuracyStatus": "Unknown/Null (accurate = no)",
    "InaccuracyType": null,
    "AccuracyDate": null,
    "AccuracyComments": null,
    "ArchiveProjectName": null,
    "ArchiveReason": null,
    "ArchiveDate": null,
    "ArchiveComments": null,
    "ReplacedAssetID": null,
    "AssociatedInspections": null,
    "FID": null,
    "CreationDate": 1667412663429,
    "Creator": "NLandin_wc",
    "EditDate": 1667942792190,
    "Editor": "NLandin_wc"
   }
  },
  {
   "type": "Feature",
   "id": 2492,
   "geometry": {
    "type": "Point",
    "coordinates": [
     -71.09691943783272,
     42.38245410255483
    ]
   },
   "properties": {
    "OBJECTID": 2492,
    "Subtype": 0,
    "FacilityID": "SW-CB-01088",
    "InstallDat": null,
    "LifecycleS": " ",
    "WaterType": " ",
    "PlanNum": " ",
    "Owner": " ",
    "Comments": " ",
    "AccessDiam": 0,
    "AccessMate": " ",
    "AccesType": " ",
    "Station": 0,
    "RimElevati": 0,
    "FieldBook": " ",
    "Invert": 0,
    "Plan1": " ",
    "Plan2": " ",
    "Plan3": " ",
    "FeatureID": " ",
    "DupeNum": 0,
    "Source": "Stantec",
    "OrthoUpdated": "Yes",
    "GlobalID": "{4A2BAAB1-C761-409B-81C6-7BEBE1E1E163}",
    "created_user": "GIS",
    "created_date": 1600300800000,
    "last_edited_user": "GIS",
    "last_edited_date": 1600300800000,
    "Dewb_Edited": 0,
    "AssetStatus": "Active",
    "AccuracyStatus": "Unknown/Null (accurate = no)",
    "InaccuracyType": null,
    "AccuracyDate": null,
    "AccuracyComments": null,
    "ArchiveProjectName": null,
    "ArchiveReason": null,
    "ArchiveDate": null,
    "ArchiveComments": null,
    "ReplacedAssetID": null,
    "AssociatedInspections": null,
    "FID": null,
    "CreationDate": 1667412663429,
    "Creator": "NLandin_wc",
    "EditDate": 1667942792190,
    "Editor": "NLandin_wc"
   }
  },
  {
   "type": "Feature",
   "id": 2499,
   "geometry": {
    "type": "Point",
    "coordinates": [
     -71.10843118503546,
     42.38423280626383
    ]
   },
   "properties": {
    "OBJECTID": 2499,
    "Subtype": 0,
    "FacilityID": "SW-CB-00972",
    "InstallDat": null,
    "LifecycleS": " ",
    "WaterType": " ",
    "PlanNum": " ",
    "Owner": " ",
    "Comments": " ",
    "AccessDiam": 0,
    "AccessMate": " ",
    "AccesType": " ",
    "Station": 0,
    "RimElevati": 0,
    "FieldBook": " ",
    "Invert": 0,
    "Plan1": " ",
    "Plan2": " ",
    "Plan3": " ",
    "FeatureID": " ",
    "DupeNum": 0,
    "Source": "Stantec",
    "OrthoUpdated": "Yes",
    "GlobalID": "{01E34B79-BB69-47C7-AAD8-3003F05D1440}",
    "created_user": "GIS",
    "created_date": 1600300800000,
    "last_edited_user": "GIS",
    "last_edited_date": 1600300800000,
    "Dewb_Edited": 0,
    "AssetStatus": "Active",
    "AccuracyStatus": "Unknown/Null (accurate = no)",
    "InaccuracyType": null,
    "AccuracyDate": null,
    "AccuracyComments": null,
    "ArchiveProjectName": null,
    "ArchiveReason": null,
    "ArchiveDate": null,
    "ArchiveComments": null,
    "ReplacedAssetID": null,
    "AssociatedInspections": null,
    "FID": null,
    "CreationDate": 1667412663429,
    "Creator": "NLandin_wc",
    "EditDate": 1667942792190,
    "Editor": "NLandin_wc"
   }
  },
  {
   "type": "Feature",
   "id": 2505,
   "geometry": {
    "type": "Point",
    "coordinates": [
     -71.10729261334089,
     42.390766565287954
    ]
   },
   "properties": {
    "OBJECTID": 2505,
    "Subtype": 0,
    "FacilityID": "SW-CB-00477",
    "InstallDat": 253392451200000,
    "LifecycleS": "Active",
    "WaterType": "Storm",
    "PlanNum": "TB-045",
    "Owner": "Somerv",
    "Comments": " ",
    "AccessDiam": 9999,
    "AccessMate": "Unk",
    "AccesType": "Unk",
    "Station": 9999,
    "RimElevati": 70.04,
    "FieldBook": " ",
    "Invert": 66.04,
    "Plan1": "TB-045",
    "Plan2": " ",
    "Plan3": " ",
    "FeatureID": "CB-SD-478",
    "DupeNum": 1,
    "Source": "Original City Data",
    "OrthoUpdated": "Yes",
    "GlobalID": "{08944E88-B3B6-41D4-A279-BF8D86E9E519}",
    "created_user": "GIS",
    "created_date": 1600300800000,
    "last_edited_user": "GIS",
    "last_edited_date": 1600300800000,
    "Dewb_Edited": 0,
    "AssetStatus": "Active",
    "AccuracyStatus": "Unknown/Null (accurate = no)",
    "InaccuracyType": null,
    "AccuracyDate": null,
    "AccuracyComments": null,
    "ArchiveProjectName": null,
    "ArchiveReason": null,
    "ArchiveDate": null,
    "ArchiveComments": null,
    "ReplacedAssetID": null,
    "AssociatedInspections": null,
    "FID": null,
    "CreationDate": 1667412663429,
    "Creator": "NLandin_wc",
    "EditDate": 1667942792190,
    "Editor": "NLandin_wc"
   }
  },
  {
   "type": "Feature",
   "id": 2507,
   "geometry": {
    "type": "Point",
    "coordinates": [
     -71.09766470429298,
     42.38167974184354
    ]
   },
   "properties": {
    "OBJECTID": 2507,
    "Subtype": 0,
    "FacilityID": "SW-CB-00720",
    "InstallDat": null,
    "LifecycleS": " ",
    "WaterType": " ",
    "PlanNum": " ",
    "Owner": " ",
    "Comments": " ",
    "AccessDiam": 0,
    "AccessMate": " ",
    "AccesType": " ",
    "Station": 0,
    "RimElevati": 0,
    "FieldBook": " ",
    "Invert": 0,
    "Plan1": " ",
    "Plan2": " ",
    "Plan3": " ",
    "FeatureID": " ",
    "DupeNum": 0,
    "Source": "Stantec",
    "OrthoUpdated": "Yes",
    "GlobalID": "{F2B11923-0E00-40DE-9764-E37113784506}",
    "created_user": "GIS",
    "created_date": 1600300800000,
    "last_edited_user": "GIS",
    "last_edited_date": 1600300800000,
    "Dewb_Edited": 0,
    "AssetStatus": "Active",
    "AccuracyStatus": "Unknown/Null (accurate = no)",
    "InaccuracyType": null,
    "AccuracyDate": null,
    "AccuracyComments": null,
    "ArchiveProjectName": null,
    "ArchiveReason": null,
    "ArchiveDate": null,
    "ArchiveComments": null,
    "ReplacedAssetID": null,
    "AssociatedInspections": null,
    "FID": null,
    "CreationDate": 1667412663429,
    "Creator": "NLandin_wc",
    "EditDate": 1667942792190,
    "Editor": "NLandin_wc"
   }
  },
  {
   "type": "Feature",
   "id": 2515,
   "geometry": {
    "type": "Point",
    "coordinates": [
     -71.10847360302132,
     42.38170448000041
    ]
   },
   "properties": {
    "OBJECTID": 2515,
    "Subtype": 0,
    "FacilityID": "SW-CB-02615",
    "InstallDat": null,
    "LifecycleS": " ",
    "WaterType": " ",
    "PlanNum": " ",
    "Owner": " ",
    "Comments": " ",
    "AccessDiam": 0,
    "AccessMate": " ",
    "AccesType": " ",
    "Station": 0,
    "RimElevati": 0,
    "FieldBook": " ",
    "Invert": 0,
    "Plan1": " ",
    "Plan2": " ",
    "Plan3": " ",
    "FeatureID": " ",
    "DupeNum": 0,
    "Source": "2017 Orthophotography",
    "OrthoUpdated": "Yes",
    "GlobalID": "{C5D79685-C2AD-4B51-A609-2DDDB19692C9}",
    "created_user": "GIS",
    "created_date": 1600300800000,
    "last_edited_user": "GIS",
    "last_edited_date": 1600300800000,
    "Dewb_Edited": 0,
    "AssetStatus": "Active",
    "AccuracyStatus": "Unknown/Null (accurate = no)",
    "InaccuracyType": null,
    "AccuracyDate": null,
    "AccuracyComments": null,
    "ArchiveProjectName": null,
    "ArchiveReason": null,
    "ArchiveDate": null,
    "ArchiveComments": null,
    "ReplacedAssetID": null,
    "AssociatedInspections": null,
    "FID": null,
    "CreationDate": 1667412663429,
    "Creator": "NLandin_wc",
    "EditDate": 1667942792190,
    "Editor": "NLandin_wc"
   }
  },
  {
   "type": "Feature",
   "id": 2516,
   "geometry": {
    "type": "Point",
    "coordinates": [
     -71.10604861283883,
     42.38476063385905
    ]
   },
   "properties": {
    "OBJECTID": 2516,
    "Subtype": 0,
    "FacilityID": "SW-CB-00986",
    "InstallDat": null,
    "LifecycleS": " ",
    "WaterType": " ",
    "PlanNum": " ",
    "Owner": " ",
    "Comments": " ",
    "AccessDiam": 0,
    "AccessMate": " ",
    "AccesType": " ",
    "Station": 0,
    "RimElevati": 0,
    "FieldBook": " ",
    "Invert": 0,
    "Plan1": " ",
    "Plan2": " ",
    "Plan3": " ",
    "FeatureID": " ",
    "DupeNum": 0,
    "Source": "Stantec",
    "OrthoUpdated": "Yes",
    "GlobalID": "{557B7A68-FE3A-4292-A987-8CE7C2D17FD5}",
    "created_user": "GIS",
    "created_date": 1600300800000,
    "last_edited_user": "GIS",
    "last_edited_date": 1600300800000,
    "Dewb_Edited": 0,
    "AssetStatus": "Active",
    "AccuracyStatus": "Unknown/Null (accurate = no)",
    "InaccuracyType": null,
    "AccuracyDate": null,
    "AccuracyComments": null,
    "ArchiveProjectName": null,
    "ArchiveReason": null,
    "ArchiveDate": null,
    "ArchiveComments": null,
    "ReplacedAssetID": null,
    "AssociatedInspections": null,
    "FID": null,
    "CreationDate": 1667412663429,
    "Creator": "NLandin_wc",
    "EditDate": 1667942792190,
    "Editor": "NLandin_wc"
   }
  },
  {
   "type": "Feature",
   "id": 2521,
   "geometry": {
    "type": "Point",
    "coordinates": [
     -71.10679376952973,
     42.383466482685634
    ]
   },
   "properties": {
    "OBJECTID": 2521,
    "Subtype": 0,
    "FacilityID": "SW-CB-00978",
    "InstallDat": null,
    "LifecycleS": " ",
    "WaterType": " ",
    "PlanNum": " ",
    "Owner": " ",
    "Comments": " ",
    "AccessDiam": 0,
    "AccessMate": " ",
    "AccesType": " ",
    "Station": 0,
    "RimElevati": 0,
    "FieldBook": " ",
    "Invert": 0,
    "Plan1": " ",
    "Plan2": " ",
    "Plan3": " ",
    "FeatureID": " ",
    "DupeNum": 0,
    "Source": "Stantec",
    "OrthoUpdated": "Yes",
    "GlobalID": "{A368FF22-EC07-4909-9585-5B579E9E0B5C}",
    "created_user": "GIS",
    "created_date": 1600300800000,
    "last_edited_user": "GIS",
    "last_edited_date": 1600300800000,
    "Dewb_Edited": 0,
    "AssetStatus": "Active",
    "AccuracyStatus": "Unknown/Null (accurate = no)",
    "InaccuracyType": null,
    "AccuracyDate": null,
    "AccuracyComments": null,
    "ArchiveProjectName": null,
    "ArchiveReason": null,
    "ArchiveDate": null,
    "ArchiveComments": null,
    "ReplacedAssetID": null,
    "AssociatedInspections": null,
    "FID": null,
    "CreationDate": 1667412663429,
    "Creator": "NLandin_wc",
    "EditDate": 1667942792190,
    "Editor": "NLandin_wc"
   }
  },
  {
   "type": "Feature",
   "id": 2525,
   "geometry": {
    "type": "Point",
    "coordinates": [
     -71.10596036386667,
     42.384831345978064
    ]
   },
   "properties": {
    "OBJECTID": 2525,
    "Subtype": 0,
    "FacilityID": "SW-CB-00988",
    "InstallDat": null,
    "LifecycleS": " ",
    "WaterType": " ",
    "PlanNum": " ",
    "Owner": " ",
    "Comments": " ",
    "AccessDiam": 0,
    "AccessMate": " ",
    "AccesType": " ",
    "Station": 0,
    "RimElevati": 0,
    "FieldBook": " ",
    "Invert": 0,
    "Plan1": " ",
    "Plan2": " ",
    "Plan3": " ",
    "FeatureID": " ",
    "DupeNum": 0,
    "Source": "Stantec",
    "OrthoUpdated": "Yes",
    "GlobalID": "{566A18FF-BA51-4502-8CE7-CD5A895E934A}",
    "created_user": "GIS",
    "created_date": 1600300800000,
    "last_edited_user": "GIS",
    "last_edited_date": 1600300800000,
    "Dewb_Edited": 0,
    "AssetStatus": "Active",
    "AccuracyStatus": "Unknown/Null (accurate = no)",
    "InaccuracyType": null,
    "AccuracyDate": null,
    "AccuracyComments": null,
    "ArchiveProjectName": null,
    "ArchiveReason": null,
    "ArchiveDate": null,
    "ArchiveComments": null,
    "ReplacedAssetID": null,
    "AssociatedInspections": null,
    "FID": null,
    "CreationDate": 1667412663429,
    "Creator": "NLandin_wc",
    "EditDate": 1667942792190,
    "Editor": "NLandin_wc"
   }
  },
  {
   "type": "Feature",
   "id": 2533,
   "geometry": {
    "type": "Point",
    "coordinates": [
     -71.10199601139026,
     42.384152857649745
    ]
   },
   "properties": {
    "OBJECTID": 2533,
    "Subtype": 0,
    "FacilityID": "SW-CB-01066",
    "InstallDat": null,
    "LifecycleS": " ",
    "WaterType": " ",
    "PlanNum": " ",
    "Owner": " ",
    "Comments": " ",
    "AccessDiam": 0,
    "AccessMate": " ",
    "AccesType": " ",
    "Station": 0,
    "RimElevati": 0,
    "FieldBook": " ",
    "Invert": 0,
    "Plan1": " ",
    "Plan2": " ",
    "Plan3": " ",
    "FeatureID": " ",
    "DupeNum": 0,
    "Source": "Stantec",
    "OrthoUpdated": "Yes",
    "GlobalID": "{D8BA3819-82F7-4E66-B585-02EDAD13E6CE}",
    "created_user": "GIS",
    "created_date": 1600300800000,
    "last_edited_user": "GIS",
    "last_edited_date": 1600300800000,
    "Dewb_Edited": 0,
    "AssetStatus": "Active",
    "AccuracyStatus": "Unknown/Null (accurate = no)",
    "InaccuracyType": null,
    "AccuracyDate": null,
    "AccuracyComments": null,
    "ArchiveProjectName": null,
    "ArchiveReason": null,
    "ArchiveDate": null,
    "ArchiveComments": null,
    "ReplacedAssetID": null,
    "AssociatedInspections": null,
    "FID": null,
    "CreationDate": 1667412663429,
    "Creator": "NLandin_wc",
    "EditDate": 1667942792190,
    "Editor": "NLandin_wc"
   }
  },
  {
   "type": "Feature",
   "id": 2540,
   "geometry": {
    "type": "Point",
    "coordinates": [
     -71.10905453924038,
     42.38524200943692
    ]
   },
   "properties": {
    "OBJECTID": 2540,
    "Subtype": 0,
    "FacilityID": "SW-CB-00948",
    "InstallDat": null,
    "LifecycleS": " ",
    "WaterType": " ",
    "PlanNum": " ",
    "Owner": " ",
    "Comments": " ",
    "AccessDiam": 0,
    "AccessMate": " ",
    "AccesType": " ",
    "Station": 0,
    "RimElevati": 0,
    "FieldBook": " ",
    "Invert": 0,
    "Plan1": " ",
    "Plan2": " ",
    "Plan3": " ",
    "FeatureID": " ",
    "DupeNum": 0,
    "Source": "Stantec",
    "OrthoUpdated": "Yes",
    "GlobalID": "{C8063A0F-79B9-477C-8DEC-34192F5A5AB1}",
    "created_user": "GIS",
    "created_date": 1600300800000,
    "last_edited_user": "GIS",
    "last_edited_date": 1600300800000,
    "Dewb_Edited": 0,
    "AssetStatus": "Active",
    "AccuracyStatus": "Unknown/Null (accurate = no)",
    "InaccuracyType": null,
    "AccuracyDate": null,
    "AccuracyComments": null,
    "ArchiveProjectName": null,
    "ArchiveReason": null,
    "ArchiveDate": null,
    "ArchiveComments": null,
    "ReplacedAssetID": null,
    "AssociatedInspections": null,
    "FID": null,
    "CreationDate": 1667412663429,
    "Creator": "NLandin_wc",
    "EditDate": 1667942792190,
    "Editor": "NLandin_wc"
   }
  },
  {
   "type": "Feature",
   "id": 2543,
   "geometry": {
    "type": "Point",
    "coordinates": [
     -71.09951626683021,
     42.38631350042118
    ]
   },
   "properties": {
    "OBJECTID": 2543,
    "Subtype": 0,
    "FacilityID": "SW-CB-00823",
    "InstallDat": null,
    "LifecycleS": " ",
    "WaterType": " ",
    "PlanNum": " ",
    "Owner": " ",
    "Comments": " ",
    "AccessDiam": 0,
    "AccessMate": " ",
    "AccesType": " ",
    "Station": 0,
    "RimElevati": 0,
    "FieldBook": " ",
    "Invert": 0,
    "Plan1": " ",
    "Plan2": " ",
    "Plan3": " ",
    "FeatureID": " ",
    "DupeNum": 0,
    "Source": "Stantec",
    "OrthoUpdated": "Yes",
    "GlobalID": "{FD2A8813-AB35-42EE-A598-9B32C7CC1F38}",
    "created_user": "GIS",
    "created_date": 1600300800000,
    "last_edited_user": "GIS",
    "last_edited_date": 1600300800000,
    "Dewb_Edited": 0,
    "AssetStatus": "Active",
    "AccuracyStatus": "Unknown/Null (accurate = no)",
    "InaccuracyType": null,
    "AccuracyDate": null,
    "AccuracyComments": null,
    "ArchiveProjectName": null,
    "ArchiveReason": null,
    "ArchiveDate": null,
    "ArchiveComments": null,
    "ReplacedAssetID": null,
    "AssociatedInspections": null,
    "FID": null,
    "CreationDate": 1667412663429,
    "Creator": "NLandin_wc",
    "EditDate": 1667942792190,
    "Editor": "NLandin_wc"
   }
  },
  {
   "type": "Feature",
   "id": 2544,
   "geometry": {
    "type": "Point",
    "coordinates": [
     -71.0949589370312,
     42.380739240418116
    ]
   },
   "properties": {
    "OBJECTID": 2544,
    "Subtype": 0,
    "FacilityID": "SW-CB-00768",
    "InstallDat": null,
    "LifecycleS": " ",
    "WaterType": " ",
    "PlanNum": " ",
    "Owner": " ",
    "Comments": " ",
    "AccessDiam": 0,
    "AccessMate": " ",
    "AccesType": " ",
    "Station": 0,
    "RimElevati": 0,
    "FieldBook": " ",
    "Invert": 0,
    "Plan1": " ",
    "Plan2": " ",
    "Plan3": " ",
    "FeatureID": " ",
    "DupeNum": 0,
    "Source": "Stantec",
    "OrthoUpdated": "Yes",
    "GlobalID": "{D4D8C8A6-9E64-48C9-B647-86C0096EA73F}",
    "created_user": "GIS",
    "created_date": 1600300800000,
    "last_edited_user": "GIS",
    "last_edited_date": 1600300800000,
    "Dewb_Edited": 0,
    "AssetStatus": "Active",
    "AccuracyStatus": "Unknown/Null (accurate = no)",
    "InaccuracyType": null,
    "AccuracyDate": null,
    "AccuracyComments": null,
    "ArchiveProjectName": null,
    "ArchiveReason": null,
    "ArchiveDate": null,
    "ArchiveComments": null,
    "ReplacedAssetID": null,
    "AssociatedInspections": null,
    "FID": null,
    "CreationDate": 1667412663429,
    "Creator": "NLandin_wc",
    "EditDate": 1667942792190,
    "Editor": "NLandin_wc"
   }
  },
  {
   "type": "Feature",
   "id": 2564,
   "geometry": {
    "type": "Point",
    "coordinates": [
     -71.09907312877088,
     42.38291401143665
    ]
   },
   "properties": {
    "OBJECTID": 2564,
    "Subtype": 0,
    "FacilityID": "SW-CB-00730",
    "InstallDat": null,
    "LifecycleS": " ",
    "WaterType": " ",
    "PlanNum": " ",
    "Owner": " ",
    "Comments": " ",
    "AccessDiam": 0,
    "AccessMate": " ",
    "AccesType": " ",
    "Station": 0,
    "RimElevati": 0,
    "FieldBook": " ",
    "Invert": 0,
    "Plan1": " ",
    "Plan2": " ",
    "Plan3": " ",
    "FeatureID": " ",
    "DupeNum": 0,
    "Source": "Stantec",
    "OrthoUpdated": "Yes",
    "GlobalID": "{5A6AED76-3700-4CB8-8F80-83A33CE804F7}",
    "created_user": "GIS",
    "created_date": 1600300800000,
    "last_edited_user": "GIS",
    "last_edited_date": 1600300800000,
    "Dewb_Edited": 0,
    "AssetStatus": "Active",
    "AccuracyStatus": "Unknown/Null (accurate = no)",
    "InaccuracyType": null,
    "AccuracyDate": null,
    "AccuracyComments": null,
    "ArchiveProjectName": null,
    "ArchiveReason": null,
    "ArchiveDate": null,
    "ArchiveComments": null,
    "ReplacedAssetID": null,
    "AssociatedInspections": null,
    "FID": null,
    "CreationDate": 1667412663429,
    "Creator": "NLandin_wc",
    "EditDate": 1667942792190,
    "Editor": "NLandin_wc"
   }
  },
  {
   "type": "Feature",
   "id": 2565,
   "geometry": {
    "type": "Point",
    "coordinates": [
     -71.1023945533939,
     42.38019632660406
    ]
   },
   "properties": {
    "OBJECTID": 2565,
    "Subtype": 0,
    "FacilityID": "SW-CB-02588",
    "InstallDat": null,
    "LifecycleS": " ",
    "WaterType": " ",
    "PlanNum": " ",
    "Owner": " ",
    "Comments": " ",
    "AccessDiam": 0,
    "AccessMate": " ",
    "AccesType": " ",
    "Station": 0,
    "RimElevati": 0,
    "FieldBook": " ",
    "Invert": 0,
    "Plan1": " ",
    "Plan2": " ",
    "Plan3": " ",
    "FeatureID": " ",
    "DupeNum": 0,
    "Source": "2017 Orthophotography",
    "OrthoUpdated": "Yes",
    "GlobalID": "{B0C85132-4ECD-4841-92FD-CA3880D11AA6}",
    "created_user": "GIS",
    "created_date": 1600300800000,
    "last_edited_user": "GIS",
    "last_edited_date": 1600300800000,
    "Dewb_Edited": 0,
    "AssetStatus": "Active",
    "AccuracyStatus": "Unknown/Null (accurate = no)",
    "InaccuracyType": null,
    "AccuracyDate": null,
    "AccuracyComments": null,
    "ArchiveProjectName": null,
    "ArchiveReason": null,
    "ArchiveDate": null,
    "ArchiveComments": null,
    "ReplacedAssetID": null,
    "AssociatedInspections": null,
    "FID": null,
    "CreationDate": 1667412663429,
    "Creator": "NLandin_wc",
    "EditDate": 1667942792190,
    "Editor": "NLandin_wc"
   }
  },
  {
   "type": "Feature",
   "id": 2566,
   "geometry": {
    "type": "Point",
    "coordinates": [
     -71.09964606940144,
     42.38557886565919
    ]
   },
   "properties": {
    "OBJECTID": 2566,
    "Subtype": 0,
    "FacilityID": "SW-CB-00800",
    "InstallDat": null,
    "LifecycleS": " ",
    "WaterType": " ",
    "PlanNum": " ",
    "Owner": " ",
    "Comments": " ",
    "AccessDiam": 0,
    "AccessMate": " ",
    "AccesType": " ",
    "Station": 0,
    "RimElevati": 0,
    "FieldBook": " ",
    "Invert": 0,
    "Plan1": " ",
    "Plan2": " ",
    "Plan3": " ",
    "FeatureID": " ",
    "DupeNum": 0,
    "Source": "Stantec",
    "OrthoUpdated": "Yes",
    "GlobalID": "{53FAB6EA-9EA1-42B8-BFA7-F0794D108F0D}",
    "created_user": "GIS",
    "created_date": 1600300800000,
    "last_edited_user": "GIS",
    "last_edited_date": 1600300800000,
    "Dewb_Edited": 0,
    "AssetStatus": "Active",
    "AccuracyStatus": "Unknown/Null (accurate = no)",
    "InaccuracyType": null,
    "AccuracyDate": null,
    "AccuracyComments": null,
    "ArchiveProjectName": null,
    "ArchiveReason": null,
    "ArchiveDate": null,
    "ArchiveComments": null,
    "ReplacedAssetID": null,
    "AssociatedInspections": null,
    "FID": null,
    "CreationDate": 1667412663429,
    "Creator": "NLandin_wc",
    "EditDate": 1667942792190,
    "Editor": "NLandin_wc"
   }
  },
  {
   "type": "Feature",
   "id": 2568,
   "geometry": {
    "type": "Point",
    "coordinates": [
     -71.09585417214525,
     42.38280532039557
    ]
   },
   "properties": {
    "OBJECTID": 2568,
    "Subtype": 0,
    "FacilityID": "SW-CB-01091",
    "InstallDat": null,
    "LifecycleS": " ",
    "WaterType": " ",
    "PlanNum": " ",
    "Owner": " ",
    "Comments": " ",
    "AccessDiam": 0,
    "AccessMate": " ",
    "AccesType": " ",
    "Station": 0,
    "RimElevati": 0,
    "FieldBook": " ",
    "Invert": 0,
    "Plan1": " ",
    "Plan2": " ",
    "Plan3": " ",
    "FeatureID": " ",
    "DupeNum": 0,
    "Source": "Stantec",
    "OrthoUpdated": "Yes",
    "GlobalID": "{883F123D-B8B2-4590-AFA8-AC7376D9D3A5}",
    "created_user": "GIS",
    "created_date": 1600300800000,
    "last_edited_user": "GIS",
    "last_edited_date": 1600300800000,
    "Dewb_Edited": 0,
    "AssetStatus": "Active",
    "AccuracyStatus": "Unknown/Null (accurate = no)",
    "InaccuracyType": null,
    "AccuracyDate": null,
    "AccuracyComments": null,
    "ArchiveProjectName": null,
    "ArchiveReason": null,
    "ArchiveDate": null,
    "ArchiveComments": null,
    "ReplacedAssetID": null,
    "AssociatedInspections": null,
    "FID": null,
    "CreationDate": 1667412663429,
    "Creator": "NLandin_wc",
    "EditDate": 1667942792190,
    "Editor": "NLandin_wc"
   }
  },
  {
   "type": "Feature",
   "id": 2579,
   "geometry": {
    "type": "Point",
    "coordinates": [
     -71.10846305163986,
     42.386140480628896
    ]
   },
   "properties": {
    "OBJECTID": 2579,
    "Subtype": 0,
    "FacilityID": "SW-CB-00944",
    "InstallDat": null,
    "LifecycleS": " ",
    "WaterType": " ",
    "PlanNum": " ",
    "Owner": " ",
    "Comments": " ",
    "AccessDiam": 0,
    "AccessMate": " ",
    "AccesType": " ",
    "Station": 0,
    "RimElevati": 0,
    "FieldBook": " ",
    "Invert": 0,
    "Plan1": " ",
    "Plan2": " ",
    "Plan3": " ",
    "FeatureID": " ",
    "DupeNum": 0,
    "Source": "Stantec",
    "OrthoUpdated": "Yes",
    "GlobalID": "{4C197540-62D2-4046-A4CC-6043C3F57CB6}",
    "created_user": "GIS",
    "created_date": 1600300800000,
    "last_edited_user": "GIS",
    "last_edited_date": 1600300800000,
    "Dewb_Edited": 0,
    "AssetStatus": "Active",
    "AccuracyStatus": "Unknown/Null (accurate = no)",
    "InaccuracyType": null,
    "AccuracyDate": null,
    "AccuracyComments": null,
    "ArchiveProjectName": null,
    "ArchiveReason": null,
    "ArchiveDate": null,
    "ArchiveComments": null,
    "ReplacedAssetID": null,
    "AssociatedInspections": null,
    "FID": null,
    "CreationDate": 1667412663429,
    "Creator": "NLandin_wc",
    "EditDate": 1667942792190,
    "Editor": "NLandin_wc"
   }
  },
  {
   "type": "Feature",
   "id": 2582,
   "geometry": {
    "type": "Point",
    "coordinates": [
     -71.10012290933544,
     42.3896092482951
    ]
   },
   "properties": {
    "OBJECTID": 2582,
    "Subtype": 1,
    "FacilityID": "SW-CB-00213",
    "InstallDat": -1356998400000,
    "LifecycleS": "Active",
    "WaterType": "Storm",
    "PlanNum": "MM-8",
    "Owner": "Somerv",
    "Comments": "ASSUMED FROM PLAN TO BE CATCH BASIN - MAY BE OWNED BY B&L R.R. - PLANS GIVE NO PROFILE OR DATA ON STRUCTURES",
    "AccessDiam": 0,
    "AccessMate": "Unk",
    "AccesType": "Unk",
    "Station": 9999,
    "RimElevati": 9999,
    "FieldBook": " ",
    "Invert": 9999,
    "Plan1": "MM-08",
    "Plan2": " ",
    "Plan3": " ",
    "FeatureID": "CB-SD-214",
    "DupeNum": 1,
    "Source": "Original City Data",
    "OrthoUpdated": "Not Visible",
    "GlobalID": "{A79AEB2F-2AA9-4D0C-A722-AC54670DF7F9}",
    "created_user": "GIS",
    "created_date": 1600300800000,
    "last_edited_user": "GIS",
    "last_edited_date": 1600300800000,
    "Dewb_Edited": 0,
    "AssetStatus": "Active",
    "AccuracyStatus": "Unknown/Null (accurate = no)",
    "InaccuracyType": null,
    "AccuracyDate": null,
    "AccuracyComments": null,
    "ArchiveProjectName": null,
    "ArchiveReason": null,
    "ArchiveDate": null,
    "ArchiveComments": null,
    "ReplacedAssetID": null,
    "AssociatedInspections": null,
    "FID": null,
    "CreationDate": 1667412663429,
    "Creator": "NLandin_wc",
    "EditDate": 1667942792190,
    "Editor": "NLandin_wc"
   }
  },
  {
   "type": "Feature",
   "id": 2584,
   "geometry": {
    "type": "Point",
    "coordinates": [
     -71.10774417073894,
     42.38348151337864
    ]
   },
   "properties": {
    "OBJECTID": 2584,
    "Subtype": 0,
    "FacilityID": "SW-CB-00981",
    "InstallDat": null,
    "LifecycleS": " ",
    "WaterType": " ",
    "PlanNum": " ",
    "Owner": " ",
    "Comments": " ",
    "AccessDiam": 0,
    "AccessMate": " ",
    "AccesType": " ",
    "Station": 0,
    "RimElevati": 0,
    "FieldBook": " ",
    "Invert": 0,
    "Plan1": " ",
    "Plan2": " ",
    "Plan3": " ",
    "FeatureID": " ",
    "DupeNum": 0,
    "Source": "Stantec",
    "OrthoUpdated": "Yes",
    "GlobalID": "{F86D0D8F-3B0F-434F-B98E-365481ADCB55}",
    "created_user": "GIS",
    "created_date": 1600300800000,
    "last_edited_user": "GIS",
    "last_edited_date": 1600300800000,
    "Dewb_Edited": 0,
    "AssetStatus": "Active",
    "AccuracyStatus": "Unknown/Null (accurate = no)",
    "InaccuracyType": null,
    "AccuracyDate": null,
    "AccuracyComments": null,
    "ArchiveProjectName": null,
    "ArchiveReason": null,
    "ArchiveDate": null,
    "ArchiveComments": null,
    "ReplacedAssetID": null,
    "AssociatedInspections": null,
    "FID": null,
    "CreationDate": 1667412663429,
    "Creator": "NLandin_wc",
    "EditDate": 1667942792190,
    "Editor": "NLandin_wc"
   }
  },
  {
   "type": "Feature",
   "id": 2589,
   "geometry": {
    "type": "Point",
    "coordinates": [
     -71.10988275477494,
     42.38609204506032
    ]
   },
   "properties": {
    "OBJECTID": 2589,
    "Subtype": 0,
    "FacilityID": "SW-CB-00936",
    "InstallDat": null,
    "LifecycleS": " ",
    "WaterType": " ",
    "PlanNum": " ",
    "Owner": " ",
    "Comments": " ",
    "AccessDiam": 0,
    "AccessMate": " ",
    "AccesType": " ",
    "Station": 0,
    "RimElevati": 0,
    "FieldBook": " ",
    "Invert": 0,
    "Plan1": " ",
    "Plan2": " ",
    "Plan3": " ",
    "FeatureID": " ",
    "DupeNum": 0,
    "Source": "Stantec",
    "OrthoUpdated": "Yes",
    "GlobalID": "{EDF94287-598A-45F3-838B-E93AD14376A7}",
    "created_user": "GIS",
    "created_date": 1600300800000,
    "last_edited_user": "GIS",
    "last_edited_date": 1600300800000,
    "Dewb_Edited": 0,
    "AssetStatus": "Active",
    "AccuracyStatus": "Unknown/Null (accurate = no)",
    "InaccuracyType": null,
    "AccuracyDate": null,
    "AccuracyComments": null,
    "ArchiveProjectName": null,
    "ArchiveReason": null,
    "ArchiveDate": null,
    "ArchiveComments": null,
    "ReplacedAssetID": null,
    "AssociatedInspections": null,
    "FID": null,
    "CreationDate": 1667412663429,
    "Creator": "NLandin_wc",
    "EditDate": 1667942792190,
    "Editor": "NLandin_wc"
   }
  },
  {
   "type": "Feature",
   "id": 2590,
   "geometry": {
    "type": "Point",
    "coordinates": [
     -71.0972210163769,
     42.38927905935885
    ]
   },
   "properties": {
    "OBJECTID": 2590,
    "Subtype": 0,
    "FacilityID": "SW-CB-02637",
    "InstallDat": null,
    "LifecycleS": " ",
    "WaterType": " ",
    "PlanNum": " ",
    "Owner": " ",
    "Comments": " ",
    "AccessDiam": 0,
    "AccessMate": " ",
    "AccesType": " ",
    "Station": 0,
    "RimElevati": 0,
    "FieldBook": " ",
    "Invert": 0,
    "Plan1": " ",
    "Plan2": " ",
    "Plan3": " ",
    "FeatureID": " ",
    "DupeNum": 0,
    "Source": "2017 Orthophotography",
    "OrthoUpdated": "Yes",
    "GlobalID": "{7BD2917F-D75A-43D1-9EC5-9909216FC9EB}",
    "created_user": "GIS",
    "created_date": 1600300800000,
    "last_edited_user": "GIS",
    "last_edited_date": 1600300800000,
    "Dewb_Edited": 0,
    "AssetStatus": "Active",
    "AccuracyStatus": "Unknown/Null (accurate = no)",
    "InaccuracyType": null,
    "AccuracyDate": null,
    "AccuracyComments": null,
    "ArchiveProjectName": null,
    "ArchiveReason": null,
    "ArchiveDate": null,
    "ArchiveComments": null,
    "ReplacedAssetID": null,
    "AssociatedInspections": null,
    "FID": null,
    "CreationDate": 1667412663429,
    "Creator": "NLandin_wc",
    "EditDate": 1667942792190,
    "Editor": "NLandin_wc"
   }
  },
  {
   "type": "Feature",
   "id": 2593,
   "geometry": {
    "type": "Point",
    "coordinates": [
     -71.09609992141075,
     42.388184879142926
    ]
   },
   "properties": {
    "OBJECTID": 2593,
    "Subtype": 0,
    "FacilityID": "SW-CB-01473",
    "InstallDat": null,
    "LifecycleS": " ",
    "WaterType": " ",
    "PlanNum": " ",
    "Owner": " ",
    "Comments": " ",
    "AccessDiam": 0,
    "AccessMate": " ",
    "AccesType": " ",
    "Station": 0,
    "RimElevati": 0,
    "FieldBook": " ",
    "Invert": 0,
    "Plan1": " ",
    "Plan2": " ",
    "Plan3": " ",
    "FeatureID": " ",
    "DupeNum": 0,
    "Source": "2017 Orthophotography",
    "OrthoUpdated": "Yes",
    "GlobalID": "{13C4EFF2-EB0E-4AAF-ACE0-E870C641D056}",
    "created_user": "GIS",
    "created_date": 1600300800000,
    "last_edited_user": "GIS",
    "last_edited_date": 1600300800000,
    "Dewb_Edited": 0,
    "AssetStatus": "Active",
    "AccuracyStatus": "Unknown/Null (accurate = no)",
    "InaccuracyType": null,
    "AccuracyDate": null,
    "AccuracyComments": null,
    "ArchiveProjectName": null,
    "ArchiveReason": null,
    "ArchiveDate": null,
    "ArchiveComments": null,
    "ReplacedAssetID": null,
    "AssociatedInspections": null,
    "FID": null,
    "CreationDate": 1667412663429,
    "Creator": "NLandin_wc",
    "EditDate": 1667942792190,
    "Editor": "NLandin_wc"
   }
  },
  {
   "type": "Feature",
   "id": 2606,
   "geometry": {
    "type": "Point",
    "coordinates": [
     -71.10723789038013,
     42.389834962321274
    ]
   },
   "properties": {
    "OBJECTID": 2606,
    "Subtype": 0,
    "FacilityID": "SW-CB-02754",
    "InstallDat": null,
    "LifecycleS": " ",
    "WaterType": " ",
    "PlanNum": " ",
    "Owner": " ",
    "Comments": " ",
    "AccessDiam": 0,
    "AccessMate": " ",
    "AccesType": " ",
    "Station": 0,
    "RimElevati": 0,
    "FieldBook": " ",
    "Invert": 0,
    "Plan1": " ",
    "Plan2": " ",
    "Plan3": " ",
    "FeatureID": " ",
    "DupeNum": 0,
    "Source": "2017 Orthophotography",
    "OrthoUpdated": "Yes",
    "GlobalID": "{29A06804-0FEE-4753-B79D-F61574843CAB}",
    "created_user": "GIS",
    "created_date": 1600300800000,
    "last_edited_user": "GIS",
    "last_edited_date": 1600300800000,
    "Dewb_Edited": 0,
    "AssetStatus": "Active",
    "AccuracyStatus": "Unknown/Null (accurate = no)",
    "InaccuracyType": null,
    "AccuracyDate": null,
    "AccuracyComments": null,
    "ArchiveProjectName": null,
    "ArchiveReason": null,
    "ArchiveDate": null,
    "ArchiveComments": null,
    "ReplacedAssetID": null,
    "AssociatedInspections": null,
    "FID": null,
    "CreationDate": 1667412663429,
    "Creator": "NLandin_wc",
    "EditDate": 1667942792190,
    "Editor": "NLandin_wc"
   }
  },
  {
   "type": "Feature",
   "id": 2608,
   "geometry": {
    "type": "Point",
    "coordinates": [
     -71.10473910864229,
     42.389932995597526
    ]
   },
   "properties": {
    "OBJECTID": 2608,
    "Subtype": 0,
    "FacilityID": "SW-CB-00491",
    "InstallDat": 253392451200000,
    "LifecycleS": "Active",
    "WaterType": "Storm",
    "PlanNum": "TB-047",
    "Owner": "Somerv",
    "Comments": " ",
    "AccessDiam": 9999,
    "AccessMate": "Unk",
    "AccesType": "Unk",
    "Station": 9999,
    "RimElevati": 82.97,
    "FieldBook": " ",
    "Invert": 79.67,
    "Plan1": "TB-047",
    "Plan2": " ",
    "Plan3": " ",
    "FeatureID": "CB-SD-492",
    "DupeNum": 1,
    "Source": "Original City Data",
    "OrthoUpdated": "Yes",
    "GlobalID": "{B698D412-A685-46B1-A707-8796A3BE1E29}",
    "created_user": "GIS",
    "created_date": 1600300800000,
    "last_edited_user": "GIS",
    "last_edited_date": 1600300800000,
    "Dewb_Edited": 0,
    "AssetStatus": "Active",
    "AccuracyStatus": "Unknown/Null (accurate = no)",
    "InaccuracyType": null,
    "AccuracyDate": null,
    "AccuracyComments": null,
    "ArchiveProjectName": null,
    "ArchiveReason": null,
    "ArchiveDate": null,
    "ArchiveComments": null,
    "ReplacedAssetID": null,
    "AssociatedInspections": null,
    "FID": null,
    "CreationDate": 1667412663429,
    "Creator": "NLandin_wc",
    "EditDate": 1667942792190,
    "Editor": "NLandin_wc"
   }
  },
  {
   "type": "Feature",
   "id": 2610,
   "geometry": {
    "type": "Point",
    "coordinates": [
     -71.10947865492182,
     42.3830138495651
    ]
   },
   "properties": {
    "OBJECTID": 2610,
    "Subtype": 0,
    "FacilityID": "SW-CB-03571",
    "InstallDat": null,
    "LifecycleS": " ",
    "WaterType": " ",
    "PlanNum": " ",
    "Owner": " ",
    "Comments": " ",
    "AccessDiam": 0,
    "AccessMate": " ",
    "AccesType": " ",
    "Station": 0,
    "RimElevati": 0,
    "FieldBook": " ",
    "Invert": 0,
    "Plan1": " ",
    "Plan2": " ",
    "Plan3": " ",
    "FeatureID": " ",
    "DupeNum": 0,
    "Source": "2017 Orthophotography",
    "OrthoUpdated": "Yes",
    "GlobalID": "{76608FF2-AB52-412F-B9E5-B0AD59994E52}",
    "created_user": "GIS",
    "created_date": 1600300800000,
    "last_edited_user": "GIS",
    "last_edited_date": 1600300800000,
    "Dewb_Edited": 0,
    "AssetStatus": "Active",
    "AccuracyStatus": "Unknown/Null (accurate = no)",
    "InaccuracyType": null,
    "AccuracyDate": null,
    "AccuracyComments": null,
    "ArchiveProjectName": null,
    "ArchiveReason": null,
    "ArchiveDate": null,
    "ArchiveComments": null,
    "ReplacedAssetID": null,
    "AssociatedInspections": null,
    "FID": null,
    "CreationDate": 1667412663429,
    "Creator": "NLandin_wc",
    "EditDate": 1667942792190,
    "Editor": "NLandin_wc"
   }
  },
  {
   "type": "Feature",
   "id": 2635,
   "geometry": {
    "type": "Point",
    "coordinates": [
     -71.11012727447158,
     42.383861837357706
    ]
   },
   "properties": {
    "OBJECTID": 2635,
    "Subtype": 0,
    "FacilityID": "SW-CB-00926",
    "InstallDat": null,
    "LifecycleS": " ",
    "WaterType": " ",
    "PlanNum": " ",
    "Owner": " ",
    "Comments": " ",
    "AccessDiam": 0,
    "AccessMate": " ",
    "AccesType": " ",
    "Station": 0,
    "RimElevati": 0,
    "FieldBook": " ",
    "Invert": 0,
    "Plan1": " ",
    "Plan2": " ",
    "Plan3": " ",
    "FeatureID": " ",
    "DupeNum": 0,
    "Source": "Stantec",
    "OrthoUpdated": "Yes",
    "GlobalID": "{DE80456F-CD93-4C8D-AEBF-D05157912AA8}",
    "created_user": "GIS",
    "created_date": 1600300800000,
    "last_edited_user": "GIS",
    "last_edited_date": 1600300800000,
    "Dewb_Edited": 0,
    "AssetStatus": "Active",
    "AccuracyStatus": "Unknown/Null (accurate = no)",
    "InaccuracyType": null,
    "AccuracyDate": null,
    "AccuracyComments": null,
    "ArchiveProjectName": null,
    "ArchiveReason": null,
    "ArchiveDate": null,
    "ArchiveComments": null,
    "ReplacedAssetID": null,
    "AssociatedInspections": null,
    "FID": null,
    "CreationDate": 1667412663429,
    "Creator": "NLandin_wc",
    "EditDate": 1667942792190,
    "Editor": "NLandin_wc"
   }
  },
  {
   "type": "Feature",
   "id": 2638,
   "geometry": {
    "type": "Point",
    "coordinates": [
     -71.10937064011779,
     42.382784000694414
    ]
   },
   "properties": {
    "OBJECTID": 2638,
    "Subtype": 0,
    "FacilityID": "SW-CB-03573",
    "InstallDat": null,
    "LifecycleS": " ",
    "WaterType": " ",
    "PlanNum": " ",
    "Owner": " ",
    "Comments": " ",
    "AccessDiam": 0,
    "AccessMate": " ",
    "AccesType": " ",
    "Station": 0,
    "RimElevati": 0,
    "FieldBook": " ",
    "Invert": 0,
    "Plan1": " ",
    "Plan2": " ",
    "Plan3": " ",
    "FeatureID": " ",
    "DupeNum": 0,
    "Source": "2017 Orthophotography",
    "OrthoUpdated": "Yes",
    "GlobalID": "{DE52FD7F-B435-4264-B401-E855F59A6B02}",
    "created_user": "GIS",
    "created_date": 1600300800000,
    "last_edited_user": "GIS",
    "last_edited_date": 1600300800000,
    "Dewb_Edited": 0,
    "AssetStatus": "Active",
    "AccuracyStatus": "Unknown/Null (accurate = no)",
    "InaccuracyType": null,
    "AccuracyDate": null,
    "AccuracyComments": null,
    "ArchiveProjectName": null,
    "ArchiveReason": null,
    "ArchiveDate": null,
    "ArchiveComments": null,
    "ReplacedAssetID": null,
    "AssociatedInspections": null,
    "FID": null,
    "CreationDate": 1667412663429,
    "Creator": "NLandin_wc",
    "EditDate": 1667942792190,
    "Editor": "NLandin_wc"
   }
  },
  {
   "type": "Feature",
   "id": 2643,
   "geometry": {
    "type": "Point",
    "coordinates": [
     -71.10968673856836,
     42.390541125104896
    ]
   },
   "properties": {
    "OBJECTID": 2643,
    "Subtype": 0,
    "FacilityID": "SW-CB-02834",
    "InstallDat": null,
    "LifecycleS": " ",
    "WaterType": " ",
    "PlanNum": " ",
    "Owner": " ",
    "Comments": " ",
    "AccessDiam": 0,
    "AccessMate": " ",
    "AccesType": " ",
    "Station": 0,
    "RimElevati": 0,
    "FieldBook": " ",
    "Invert": 0,
    "Plan1": " ",
    "Plan2": " ",
    "Plan3": " ",
    "FeatureID": " ",
    "DupeNum": 0,
    "Source": "2017 Orthophotography",
    "OrthoUpdated": "Yes",
    "GlobalID": "{97DD038C-D277-4692-91BE-ED3A21CF7C7E}",
    "created_user": "GIS",
    "created_date": 1600300800000,
    "last_edited_user": "GIS",
    "last_edited_date": 1600300800000,
    "Dewb_Edited": 0,
    "AssetStatus": "Active",
    "AccuracyStatus": "Unknown/Null (accurate = no)",
    "InaccuracyType": null,
    "AccuracyDate": null,
    "AccuracyComments": null,
    "ArchiveProjectName": null,
    "ArchiveReason": null,
    "ArchiveDate": null,
    "ArchiveComments": null,
    "ReplacedAssetID": null,
    "AssociatedInspections": null,
    "FID": null,
    "CreationDate": 1667412663429,
    "Creator": "NLandin_wc",
    "EditDate": 1667942792190,
    "Editor": "NLandin_wc"
   }
  },
  {
   "type": "Feature",
   "id": 2646,
   "geometry": {
    "type": "Point",
    "coordinates": [
     -71.1020329642341,
     42.38641477468088
    ]
   },
   "properties": {
    "OBJECTID": 2646,
    "Subtype": 0,
    "FacilityID": "SW-CB-00813",
    "InstallDat": null,
    "LifecycleS": " ",
    "WaterType": " ",
    "PlanNum": " ",
    "Owner": " ",
    "Comments": " ",
    "AccessDiam": 0,
    "AccessMate": " ",
    "AccesType": " ",
    "Station": 0,
    "RimElevati": 0,
    "FieldBook": " ",
    "Invert": 0,
    "Plan1": " ",
    "Plan2": " ",
    "Plan3": " ",
    "FeatureID": " ",
    "DupeNum": 0,
    "Source": "Stantec",
    "OrthoUpdated": "Yes",
    "GlobalID": "{26269FD1-11E3-4738-89E2-BA4F9984379F}",
    "created_user": "GIS",
    "created_date": 1600300800000,
    "last_edited_user": "GIS",
    "last_edited_date": 1600300800000,
    "Dewb_Edited": 0,
    "AssetStatus": "Active",
    "AccuracyStatus": "Unknown/Null (accurate = no)",
    "InaccuracyType": null,
    "AccuracyDate": null,
    "AccuracyComments": null,
    "ArchiveProjectName": null,
    "ArchiveReason": null,
    "ArchiveDate": null,
    "ArchiveComments": null,
    "ReplacedAssetID": null,
    "AssociatedInspections": null,
    "FID": null,
    "CreationDate": 1667412663429,
    "Creator": "NLandin_wc",
    "EditDate": 1667942792190,
    "Editor": "NLandin_wc"
   }
  },
  {
   "type": "Feature",
   "id": 2650,
   "geometry": {
    "type": "Point",
    "coordinates": [
     -71.10281351021132,
     42.387426010775044
    ]
   },
   "properties": {
    "OBJECTID": 2650,
    "Subtype": 0,
    "FacilityID": "SW-CB-00826",
    "InstallDat": null,
    "LifecycleS": " ",
    "WaterType": " ",
    "PlanNum": " ",
    "Owner": " ",
    "Comments": " ",
    "AccessDiam": 0,
    "AccessMate": " ",
    "AccesType": " ",
    "Station": 0,
    "RimElevati": 0,
    "FieldBook": " ",
    "Invert": 0,
    "Plan1": " ",
    "Plan2": " ",
    "Plan3": " ",
    "FeatureID": " ",
    "DupeNum": 0,
    "Source": "Stantec",
    "OrthoUpdated": "Yes",
    "GlobalID": "{AEAE9423-7ADF-4FBB-A633-E76A9CFF3DB1}",
    "created_user": "GIS",
    "created_date": 1600300800000,
    "last_edited_user": "GIS",
    "last_edited_date": 1600300800000,
    "Dewb_Edited": 0,
    "AssetStatus": "Active",
    "AccuracyStatus": "Unknown/Null (accurate = no)",
    "InaccuracyType": null,
    "AccuracyDate": null,
    "AccuracyComments": null,
    "ArchiveProjectName": null,
    "ArchiveReason": null,
    "ArchiveDate": null,
    "ArchiveComments": null,
    "ReplacedAssetID": null,
    "AssociatedInspections": null,
    "FID": null,
    "CreationDate": 1667412663429,
    "Creator": "NLandin_wc",
    "EditDate": 1667942792190,
    "Editor": "NLandin_wc"
   }
  },
  {
   "type": "Feature",
   "id": 2653,
   "geometry": {
    "type": "Point",
    "coordinates": [
     -71.09845366139659,
     42.390552166927236
    ]
   },
   "properties": {
    "OBJECTID": 2653,
    "Subtype": 0,
    "FacilityID": "SW-CB-02644",
    "InstallDat": null,
    "LifecycleS": " ",
    "WaterType": " ",
    "PlanNum": " ",
    "Owner": " ",
    "Comments": " ",
    "AccessDiam": 0,
    "AccessMate": " ",
    "AccesType": " ",
    "Station": 0,
    "RimElevati": 0,
    "FieldBook": " ",
    "Invert": 0,
    "Plan1": " ",
    "Plan2": " ",
    "Plan3": " ",
    "FeatureID": " ",
    "DupeNum": 0,
    "Source": "2017 Orthophotography",
    "OrthoUpdated": "Yes",
    "GlobalID": "{1DC6B23D-0E77-4CB0-A005-246F6D63C7B9}",
    "created_user": "GIS",
    "created_date": 1600300800000,
    "last_edited_user": "GIS",
    "last_edited_date": 1600300800000,
    "Dewb_Edited": 0,
    "AssetStatus": "Active",
    "AccuracyStatus": "Unknown/Null (accurate = no)",
    "InaccuracyType": null,
    "AccuracyDate": null,
    "AccuracyComments": null,
    "ArchiveProjectName": null,
    "ArchiveReason": null,
    "ArchiveDate": null,
    "ArchiveComments": null,
    "ReplacedAssetID": null,
    "AssociatedInspections": null,
    "FID": null,
    "CreationDate": 1667412663429,
    "Creator": "NLandin_wc",
    "EditDate": 1667942792190,
    "Editor": "NLandin_wc"
   }
  },
  {
   "type": "Feature",
   "id": 2654,
   "geometry": {
    "type": "Point",
    "coordinates": [
     -71.10906334557019,
     42.38449762072652
    ]
   },
   "properties": {
    "OBJECTID": 2654,
    "Subtype": 0,
    "FacilityID": "SW-CB-00955",
    "InstallDat": null,
    "LifecycleS": " ",
    "WaterType": " ",
    "PlanNum": " ",
    "Owner": " ",
    "Comments": " ",
    "AccessDiam": 0,
    "AccessMate": " ",
    "AccesType": " ",
    "Station": 0,
    "RimElevati": 0,
    "FieldBook": " ",
    "Invert": 0,
    "Plan1": " ",
    "Plan2": " ",
    "Plan3": " ",
    "FeatureID": " ",
    "DupeNum": 0,
    "Source": "Stantec",
    "OrthoUpdated": "Yes",
    "GlobalID": "{5CECA142-2687-432B-93CB-07F1F65A2F52}",
    "created_user": "GIS",
    "created_date": 1600300800000,
    "last_edited_user": "GIS",
    "last_edited_date": 1600300800000,
    "Dewb_Edited": 0,
    "AssetStatus": "Active",
    "AccuracyStatus": "Unknown/Null (accurate = no)",
    "InaccuracyType": null,
    "AccuracyDate": null,
    "AccuracyComments": null,
    "ArchiveProjectName": null,
    "ArchiveReason": null,
    "ArchiveDate": null,
    "ArchiveComments": null,
    "ReplacedAssetID": null,
    "AssociatedInspections": null,
    "FID": null,
    "CreationDate": 1667412663429,
    "Creator": "NLandin_wc",
    "EditDate": 1667942792190,
    "Editor": "NLandin_wc"
   }
  },
  {
   "type": "Feature",
   "id": 2668,
   "geometry": {
    "type": "Point",
    "coordinates": [
     -71.09381925485674,
     42.38022166139418
    ]
   },
   "properties": {
    "OBJECTID": 2668,
    "Subtype": 0,
    "FacilityID": "SW-CB-00772",
    "InstallDat": null,
    "LifecycleS": " ",
    "WaterType": " ",
    "PlanNum": " ",
    "Owner": " ",
    "Comments": " ",
    "AccessDiam": 0,
    "AccessMate": " ",
    "AccesType": " ",
    "Station": 0,
    "RimElevati": 0,
    "FieldBook": " ",
    "Invert": 0,
    "Plan1": " ",
    "Plan2": " ",
    "Plan3": " ",
    "FeatureID": " ",
    "DupeNum": 0,
    "Source": "Stantec",
    "OrthoUpdated": "Yes",
    "GlobalID": "{77FBC0AE-963D-4844-9400-B14AE258C6E0}",
    "created_user": "GIS",
    "created_date": 1600300800000,
    "last_edited_user": "GIS",
    "last_edited_date": 1600300800000,
    "Dewb_Edited": 0,
    "AssetStatus": "Active",
    "AccuracyStatus": "Unknown/Null (accurate = no)",
    "InaccuracyType": null,
    "AccuracyDate": null,
    "AccuracyComments": null,
    "ArchiveProjectName": null,
    "ArchiveReason": null,
    "ArchiveDate": null,
    "ArchiveComments": null,
    "ReplacedAssetID": null,
    "AssociatedInspections": null,
    "FID": null,
    "CreationDate": 1667412663429,
    "Creator": "NLandin_wc",
    "EditDate": 1667942792190,
    "Editor": "NLandin_wc"
   }
  },
  {
   "type": "Feature",
   "id": 2670,
   "geometry": {
    "type": "Point",
    "coordinates": [
     -71.09561324102488,
     42.38808952140253
    ]
   },
   "properties": {
    "OBJECTID": 2670,
    "Subtype": 1,
    "FacilityID": "SW-CB-00026",
    "InstallDat": -2261952000000,
    "LifecycleS": "Active",
    "WaterType": "Storm",
    "PlanNum": "BB-12",
    "Owner": "Somerv",
    "Comments": " ",
    "AccessDiam": 0,
    "AccessMate": "Unk",
    "AccesType": "Unk",
    "Station": 9999,
    "RimElevati": 9999,
    "FieldBook": " ",
    "Invert": 9999,
    "Plan1": "BB-12",
    "Plan2": " ",
    "Plan3": " ",
    "FeatureID": "CB-SD-27",
    "DupeNum": 1,
    "Source": "Original City Data",
    "OrthoUpdated": "Yes",
    "GlobalID": "{EFA6D8D9-B808-4400-B096-DF3DF6F81F28}",
    "created_user": "GIS",
    "created_date": 1600300800000,
    "last_edited_user": "GIS",
    "last_edited_date": 1600300800000,
    "Dewb_Edited": 0,
    "AssetStatus": "Active",
    "AccuracyStatus": "Unknown/Null (accurate = no)",
    "InaccuracyType": null,
    "AccuracyDate": null,
    "AccuracyComments": null,
    "ArchiveProjectName": null,
    "ArchiveReason": null,
    "ArchiveDate": null,
    "ArchiveComments": null,
    "ReplacedAssetID": null,
    "AssociatedInspections": null,
    "FID": null,
    "CreationDate": 1667412663429,
    "Creator": "NLandin_wc",
    "EditDate": 1667942792190,
    "Editor": "NLandin_wc"
   }
  },
  {
   "type": "Feature",
   "id": 2672,
   "geometry": {
    "type": "Point",
    "coordinates": [
     -71.09667468694086,
     42.38170886120483
    ]
   },
   "properties": {
    "OBJECTID": 2672,
    "Subtype": 0,
    "FacilityID": "SW-CB-00716",
    "InstallDat": null,
    "LifecycleS": " ",
    "WaterType": " ",
    "PlanNum": " ",
    "Owner": " ",
    "Comments": " ",
    "AccessDiam": 0,
    "AccessMate": " ",
    "AccesType": " ",
    "Station": 0,
    "RimElevati": 0,
    "FieldBook": " ",
    "Invert": 0,
    "Plan1": " ",
    "Plan2": " ",
    "Plan3": " ",
    "FeatureID": " ",
    "DupeNum": 0,
    "Source": "Stantec",
    "OrthoUpdated": "Yes",
    "GlobalID": "{02D1DA73-9336-4748-88CC-952DF5113741}",
    "created_user": "GIS",
    "created_date": 1600300800000,
    "last_edited_user": "GIS",
    "last_edited_date": 1600300800000,
    "Dewb_Edited": 0,
    "AssetStatus": "Active",
    "AccuracyStatus": "Unknown/Null (accurate = no)",
    "InaccuracyType": null,
    "AccuracyDate": null,
    "AccuracyComments": null,
    "ArchiveProjectName": null,
    "ArchiveReason": null,
    "ArchiveDate": null,
    "ArchiveComments": null,
    "ReplacedAssetID": null,
    "AssociatedInspections": null,
    "FID": null,
    "CreationDate": 1667412663429,
    "Creator": "NLandin_wc",
    "EditDate": 1667942792190,
    "Editor": "NLandin_wc"
   }
  },
  {
   "type": "Feature",
   "id": 2682,
   "geometry": {
    "type": "Point",
    "coordinates": [
     -71.10390453754597,
     42.38269760617678
    ]
   },
   "properties": {
    "OBJECTID": 2682,
    "Subtype": 0,
    "FacilityID": "SW-CB-01047",
    "InstallDat": null,
    "LifecycleS": " ",
    "WaterType": " ",
    "PlanNum": " ",
    "Owner": " ",
    "Comments": " ",
    "AccessDiam": 0,
    "AccessMate": " ",
    "AccesType": " ",
    "Station": 0,
    "RimElevati": 0,
    "FieldBook": " ",
    "Invert": 0,
    "Plan1": " ",
    "Plan2": " ",
    "Plan3": " ",
    "FeatureID": " ",
    "DupeNum": 0,
    "Source": "Stantec",
    "OrthoUpdated": "Yes",
    "GlobalID": "{BA76A862-5840-4222-9C5E-9F4335F61BD1}",
    "created_user": "GIS",
    "created_date": 1600300800000,
    "last_edited_user": "GIS",
    "last_edited_date": 1600300800000,
    "Dewb_Edited": 0,
    "AssetStatus": "Active",
    "AccuracyStatus": "Unknown/Null (accurate = no)",
    "InaccuracyType": null,
    "AccuracyDate": null,
    "AccuracyComments": null,
    "ArchiveProjectName": null,
    "ArchiveReason": null,
    "ArchiveDate": null,
    "ArchiveComments": null,
    "ReplacedAssetID": null,
    "AssociatedInspections": null,
    "FID": null,
    "CreationDate": 1667412663429,
    "Creator": "NLandin_wc",
    "EditDate": 1667942792190,
    "Editor": "NLandin_wc"
   }
  },
  {
   "type": "Feature",
   "id": 2684,
   "geometry": {
    "type": "Point",
    "coordinates": [
     -71.10827298119925,
     42.38106911338597
    ]
   },
   "properties": {
    "OBJECTID": 2684,
    "Subtype": 0,
    "FacilityID": "SW-CB-02614",
    "InstallDat": null,
    "LifecycleS": " ",
    "WaterType": " ",
    "PlanNum": " ",
    "Owner": " ",
    "Comments": " ",
    "AccessDiam": 0,
    "AccessMate": " ",
    "AccesType": " ",
    "Station": 0,
    "RimElevati": 0,
    "FieldBook": " ",
    "Invert": 0,
    "Plan1": " ",
    "Plan2": " ",
    "Plan3": " ",
    "FeatureID": " ",
    "DupeNum": 0,
    "Source": "2017 Orthophotography",
    "OrthoUpdated": "Yes",
    "GlobalID": "{D274DEC0-7F47-4982-8B21-433D5C0FA533}",
    "created_user": "GIS",
    "created_date": 1600300800000,
    "last_edited_user": "GIS",
    "last_edited_date": 1600300800000,
    "Dewb_Edited": 0,
    "AssetStatus": "Active",
    "AccuracyStatus": "Unknown/Null (accurate = no)",
    "InaccuracyType": null,
    "AccuracyDate": null,
    "AccuracyComments": null,
    "ArchiveProjectName": null,
    "ArchiveReason": null,
    "ArchiveDate": null,
    "ArchiveComments": null,
    "ReplacedAssetID": null,
    "AssociatedInspections": null,
    "FID": null,
    "CreationDate": 1667412663429,
    "Creator": "NLandin_wc",
    "EditDate": 1667942792190,
    "Editor": "NLandin_wc"
   }
  },
  {
   "type": "Feature",
   "id": 2690,
   "geometry": {
    "type": "Point",
    "coordinates": [
     -71.09904124452206,
     42.3831287575219
    ]
   },
   "properties": {
    "OBJECTID": 2690,
    "Subtype": 0,
    "FacilityID": "SW-CB-00738",
    "InstallDat": null,
    "LifecycleS": " ",
    "WaterType": " ",
    "PlanNum": " ",
    "Owner": " ",
    "Comments": " ",
    "AccessDiam": 0,
    "AccessMate": " ",
    "AccesType": " ",
    "Station": 0,
    "RimElevati": 0,
    "FieldBook": " ",
    "Invert": 0,
    "Plan1": " ",
    "Plan2": " ",
    "Plan3": " ",
    "FeatureID": " ",
    "DupeNum": 0,
    "Source": "Stantec",
    "OrthoUpdated": "Yes",
    "GlobalID": "{72D5C9F1-B07B-4F76-A50F-DAEE5E2A0EDD}",
    "created_user": "GIS",
    "created_date": 1600300800000,
    "last_edited_user": "GIS",
    "last_edited_date": 1600300800000,
    "Dewb_Edited": 0,
    "AssetStatus": "Active",
    "AccuracyStatus": "Unknown/Null (accurate = no)",
    "InaccuracyType": null,
    "AccuracyDate": null,
    "AccuracyComments": null,
    "ArchiveProjectName": null,
    "ArchiveReason": null,
    "ArchiveDate": null,
    "ArchiveComments": null,
    "ReplacedAssetID": null,
    "AssociatedInspections": null,
    "FID": null,
    "CreationDate": 1667412663429,
    "Creator": "NLandin_wc",
    "EditDate": 1667942792190,
    "Editor": "NLandin_wc"
   }
  },
  {
   "type": "Feature",
   "id": 2722,
   "geometry": {
    "type": "Point",
    "coordinates": [
     -71.10448025616694,
     42.38428732373604
    ]
   },
   "properties": {
    "OBJECTID": 2722,
    "Subtype": 0,
    "FacilityID": "SW-CB-01022",
    "InstallDat": null,
    "LifecycleS": " ",
    "WaterType": " ",
    "PlanNum": " ",
    "Owner": " ",
    "Comments": " ",
    "AccessDiam": 0,
    "AccessMate": " ",
    "AccesType": " ",
    "Station": 0,
    "RimElevati": 0,
    "FieldBook": " ",
    "Invert": 0,
    "Plan1": " ",
    "Plan2": " ",
    "Plan3": " ",
    "FeatureID": " ",
    "DupeNum": 0,
    "Source": "Stantec",
    "OrthoUpdated": "Yes",
    "GlobalID": "{F702C7A8-3D2F-4B0B-B7C9-B5AEB5E73BD5}",
    "created_user": "GIS",
    "created_date": 1600300800000,
    "last_edited_user": "GIS",
    "last_edited_date": 1600300800000,
    "Dewb_Edited": 0,
    "AssetStatus": "Active",
    "AccuracyStatus": "Unknown/Null (accurate = no)",
    "InaccuracyType": null,
    "AccuracyDate": null,
    "AccuracyComments": null,
    "ArchiveProjectName": null,
    "ArchiveReason": null,
    "ArchiveDate": null,
    "ArchiveComments": null,
    "ReplacedAssetID": null,
    "AssociatedInspections": null,
    "FID": null,
    "CreationDate": 1667412663429,
    "Creator": "NLandin_wc",
    "EditDate": 1667942792190,
    "Editor": "NLandin_wc"
   }
  },
  {
   "type": "Feature",
   "id": 2736,
   "geometry": {
    "type": "Point",
    "coordinates": [
     -71.09972388313528,
     42.38380738609138
    ]
   },
   "properties": {
    "OBJECTID": 2736,
    "Subtype": 0,
    "FacilityID": "SW-CB-00745",
    "InstallDat": null,
    "LifecycleS": " ",
    "WaterType": " ",
    "PlanNum": " ",
    "Owner": " ",
    "Comments": " ",
    "AccessDiam": 0,
    "AccessMate": " ",
    "AccesType": " ",
    "Station": 0,
    "RimElevati": 0,
    "FieldBook": " ",
    "Invert": 0,
    "Plan1": " ",
    "Plan2": " ",
    "Plan3": " ",
    "FeatureID": " ",
    "DupeNum": 0,
    "Source": "Stantec",
    "OrthoUpdated": "Yes",
    "GlobalID": "{8B722182-BC7D-430F-921C-8E162A5075C5}",
    "created_user": "GIS",
    "created_date": 1600300800000,
    "last_edited_user": "GIS",
    "last_edited_date": 1600300800000,
    "Dewb_Edited": 0,
    "AssetStatus": "Active",
    "AccuracyStatus": "Unknown/Null (accurate = no)",
    "InaccuracyType": null,
    "AccuracyDate": null,
    "AccuracyComments": null,
    "ArchiveProjectName": null,
    "ArchiveReason": null,
    "ArchiveDate": null,
    "ArchiveComments": null,
    "ReplacedAssetID": null,
    "AssociatedInspections": null,
    "FID": null,
    "CreationDate": 1667412663429,
    "Creator": "NLandin_wc",
    "EditDate": 1667942792190,
    "Editor": "NLandin_wc"
   }
  },
  {
   "type": "Feature",
   "id": 2739,
   "geometry": {
    "type": "Point",
    "coordinates": [
     -71.10133345250084,
     42.38320353402806
    ]
   },
   "properties": {
    "OBJECTID": 2739,
    "Subtype": 0,
    "FacilityID": "SW-CB-01058",
    "InstallDat": null,
    "LifecycleS": " ",
    "WaterType": " ",
    "PlanNum": " ",
    "Owner": " ",
    "Comments": " ",
    "AccessDiam": 0,
    "AccessMate": " ",
    "AccesType": " ",
    "Station": 0,
    "RimElevati": 0,
    "FieldBook": " ",
    "Invert": 0,
    "Plan1": " ",
    "Plan2": " ",
    "Plan3": " ",
    "FeatureID": " ",
    "DupeNum": 0,
    "Source": "Stantec",
    "OrthoUpdated": "Yes",
    "GlobalID": "{C74B0AFA-BD1F-479F-88AF-F713129E091E}",
    "created_user": "GIS",
    "created_date": 1600300800000,
    "last_edited_user": "GIS",
    "last_edited_date": 1600300800000,
    "Dewb_Edited": 0,
    "AssetStatus": "Active",
    "AccuracyStatus": "Unknown/Null (accurate = no)",
    "InaccuracyType": null,
    "AccuracyDate": null,
    "AccuracyComments": null,
    "ArchiveProjectName": null,
    "ArchiveReason": null,
    "ArchiveDate": null,
    "ArchiveComments": null,
    "ReplacedAssetID": null,
    "AssociatedInspections": null,
    "FID": null,
    "CreationDate": 1667412663429,
    "Creator": "NLandin_wc",
    "EditDate": 1667942792190,
    "Editor": "NLandin_wc"
   }
  },
  {
   "type": "Feature",
   "id": 2745,
   "geometry": {
    "type": "Point",
    "coordinates": [
     -71.10755455463595,
     42.38537272315989
    ]
   },
   "properties": {
    "OBJECTID": 2745,
    "Subtype": 0,
    "FacilityID": "SW-CB-00962",
    "InstallDat": null,
    "LifecycleS": " ",
    "WaterType": " ",
    "PlanNum": " ",
    "Owner": " ",
    "Comments": " ",
    "AccessDiam": 0,
    "AccessMate": " ",
    "AccesType": " ",
    "Station": 0,
    "RimElevati": 0,
    "FieldBook": " ",
    "Invert": 0,
    "Plan1": " ",
    "Plan2": " ",
    "Plan3": " ",
    "FeatureID": " ",
    "DupeNum": 0,
    "Source": "Stantec",
    "OrthoUpdated": "Yes",
    "GlobalID": "{D4139178-2BBF-4B6B-95E1-815F77DBB042}",
    "created_user": "GIS",
    "created_date": 1600300800000,
    "last_edited_user": "GIS",
    "last_edited_date": 1600300800000,
    "Dewb_Edited": 0,
    "AssetStatus": "Active",
    "AccuracyStatus": "Unknown/Null (accurate = no)",
    "InaccuracyType": null,
    "AccuracyDate": null,
    "AccuracyComments": null,
    "ArchiveProjectName": null,
    "ArchiveReason": null,
    "ArchiveDate": null,
    "ArchiveComments": null,
    "ReplacedAssetID": null,
    "AssociatedInspections": null,
    "FID": null,
    "CreationDate": 1667412663429,
    "Creator": "NLandin_wc",
    "EditDate": 1667942792190,
    "Editor": "NLandin_wc"
   }
  },
  {
   "type": "Feature",
   "id": 2746,
   "geometry": {
    "type": "Point",
    "coordinates": [
     -71.09734954723073,
     42.38542877709243
    ]
   },
   "properties": {
    "OBJECTID": 2746,
    "Subtype": 0,
    "FacilityID": "SW-CB-00792",
    "InstallDat": null,
    "LifecycleS": " ",
    "WaterType": " ",
    "PlanNum": " ",
    "Owner": " ",
    "Comments": " ",
    "AccessDiam": 0,
    "AccessMate": " ",
    "AccesType": " ",
    "Station": 0,
    "RimElevati": 0,
    "FieldBook": " ",
    "Invert": 0,
    "Plan1": " ",
    "Plan2": " ",
    "Plan3": " ",
    "FeatureID": " ",
    "DupeNum": 0,
    "Source": "Stantec",
    "OrthoUpdated": "Yes",
    "GlobalID": "{11233747-A1FB-4D4D-A52B-C519026A09BB}",
    "created_user": "GIS",
    "created_date": 1600300800000,
    "last_edited_user": "GIS",
    "last_edited_date": 1600300800000,
    "Dewb_Edited": 0,
    "AssetStatus": "Active",
    "AccuracyStatus": "Unknown/Null (accurate = no)",
    "InaccuracyType": null,
    "AccuracyDate": null,
    "AccuracyComments": null,
    "ArchiveProjectName": null,
    "ArchiveReason": null,
    "ArchiveDate": null,
    "ArchiveComments": null,
    "ReplacedAssetID": null,
    "AssociatedInspections": null,
    "FID": null,
    "CreationDate": 1667412663429,
    "Creator": "NLandin_wc",
    "EditDate": 1667942792190,
    "Editor": "NLandin_wc"
   }
  },
  {
   "type": "Feature",
   "id": 2757,
   "geometry": {
    "type": "Point",
    "coordinates": [
     -71.10927438069902,
     42.38842168659005
    ]
   },
   "properties": {
    "OBJECTID": 2757,
    "Subtype": 0,
    "FacilityID": "SW-CB-00896",
    "InstallDat": null,
    "LifecycleS": " ",
    "WaterType": " ",
    "PlanNum": " ",
    "Owner": " ",
    "Comments": " ",
    "AccessDiam": 0,
    "AccessMate": " ",
    "AccesType": " ",
    "Station": 0,
    "RimElevati": 0,
    "FieldBook": " ",
    "Invert": 0,
    "Plan1": " ",
    "Plan2": " ",
    "Plan3": " ",
    "FeatureID": " ",
    "DupeNum": 0,
    "Source": "Stantec",
    "OrthoUpdated": "Yes",
    "GlobalID": "{CDCBAF3F-7BAA-4436-B15E-A1F4811F25C1}",
    "created_user": "GIS",
    "created_date": 1600300800000,
    "last_edited_user": "GIS",
    "last_edited_date": 1600300800000,
    "Dewb_Edited": 0,
    "AssetStatus": "Active",
    "AccuracyStatus": "Unknown/Null (accurate = no)",
    "InaccuracyType": null,
    "AccuracyDate": null,
    "AccuracyComments": null,
    "ArchiveProjectName": null,
    "ArchiveReason": null,
    "ArchiveDate": null,
    "ArchiveComments": null,
    "ReplacedAssetID": null,
    "AssociatedInspections": null,
    "FID": null,
    "CreationDate": 1667412663429,
    "Creator": "NLandin_wc",
    "EditDate": 1667942792190,
    "Editor": "NLandin_wc"
   }
  },
  {
   "type": "Feature",
   "id": 2758,
   "geometry": {
    "type": "Point",
    "coordinates": [
     -71.10484499485376,
     42.38391296717781
    ]
   },
   "properties": {
    "OBJECTID": 2758,
    "Subtype": 0,
    "FacilityID": "SW-CB-01025",
    "InstallDat": null,
    "LifecycleS": " ",
    "WaterType": " ",
    "PlanNum": " ",
    "Owner": " ",
    "Comments": " ",
    "AccessDiam": 0,
    "AccessMate": " ",
    "AccesType": " ",
    "Station": 0,
    "RimElevati": 0,
    "FieldBook": " ",
    "Invert": 0,
    "Plan1": " ",
    "Plan2": " ",
    "Plan3": " ",
    "FeatureID": " ",
    "DupeNum": 0,
    "Source": "Stantec",
    "OrthoUpdated": "Yes",
    "GlobalID": "{5B7BAF33-52F3-4CF0-AD20-FCE2F48A68B2}",
    "created_user": "GIS",
    "created_date": 1600300800000,
    "last_edited_user": "GIS",
    "last_edited_date": 1600300800000,
    "Dewb_Edited": 0,
    "AssetStatus": "Active",
    "AccuracyStatus": "Unknown/Null (accurate = no)",
    "InaccuracyType": null,
    "AccuracyDate": null,
    "AccuracyComments": null,
    "ArchiveProjectName": null,
    "ArchiveReason": null,
    "ArchiveDate": null,
    "ArchiveComments": null,
    "ReplacedAssetID": null,
    "AssociatedInspections": null,
    "FID": null,
    "CreationDate": 1667412663429,
    "Creator": "NLandin_wc",
    "EditDate": 1667942792190,
    "Editor": "NLandin_wc"
   }
  },
  {
   "type": "Feature",
   "id": 2768,
   "geometry": {
    "type": "Point",
    "coordinates": [
     -71.09615210433253,
     42.38128378463898
    ]
   },
   "properties": {
    "OBJECTID": 2768,
    "Subtype": 0,
    "FacilityID": "SW-CB-01106",
    "InstallDat": null,
    "LifecycleS": " ",
    "WaterType": " ",
    "PlanNum": " ",
    "Owner": " ",
    "Comments": " ",
    "AccessDiam": 0,
    "AccessMate": " ",
    "AccesType": " ",
    "Station": 0,
    "RimElevati": 0,
    "FieldBook": " ",
    "Invert": 0,
    "Plan1": " ",
    "Plan2": " ",
    "Plan3": " ",
    "FeatureID": " ",
    "DupeNum": 0,
    "Source": "Stantec",
    "OrthoUpdated": "Yes",
    "GlobalID": "{6B47A9AD-FADD-404A-A598-3B35D82FD2FA}",
    "created_user": "GIS",
    "created_date": 1600300800000,
    "last_edited_user": "GIS",
    "last_edited_date": 1600300800000,
    "Dewb_Edited": 0,
    "AssetStatus": "Active",
    "AccuracyStatus": "Unknown/Null (accurate = no)",
    "InaccuracyType": null,
    "AccuracyDate": null,
    "AccuracyComments": null,
    "ArchiveProjectName": null,
    "ArchiveReason": null,
    "ArchiveDate": null,
    "ArchiveComments": null,
    "ReplacedAssetID": null,
    "AssociatedInspections": null,
    "FID": null,
    "CreationDate": 1667412663429,
    "Creator": "NLandin_wc",
    "EditDate": 1667942792190,
    "Editor": "NLandin_wc"
   }
  },
  {
   "type": "Feature",
   "id": 2773,
   "geometry": {
    "type": "Point",
    "coordinates": [
     -71.09751406906949,
     42.38034948355639
    ]
   },
   "properties": {
    "OBJECTID": 2773,
    "Subtype": 0,
    "FacilityID": "SW-CB-00691",
    "InstallDat": null,
    "LifecycleS": " ",
    "WaterType": " ",
    "PlanNum": " ",
    "Owner": " ",
    "Comments": " ",
    "AccessDiam": 0,
    "AccessMate": " ",
    "AccesType": " ",
    "Station": 0,
    "RimElevati": 0,
    "FieldBook": " ",
    "Invert": 0,
    "Plan1": " ",
    "Plan2": " ",
    "Plan3": " ",
    "FeatureID": " ",
    "DupeNum": 0,
    "Source": "Stantec",
    "OrthoUpdated": "Yes",
    "GlobalID": "{F8F42E5B-B239-4228-9D4B-30719C8FF70F}",
    "created_user": "GIS",
    "created_date": 1600300800000,
    "last_edited_user": "GIS",
    "last_edited_date": 1600300800000,
    "Dewb_Edited": 0,
    "AssetStatus": "Active",
    "AccuracyStatus": "Unknown/Null (accurate = no)",
    "InaccuracyType": null,
    "AccuracyDate": null,
    "AccuracyComments": null,
    "ArchiveProjectName": null,
    "ArchiveReason": null,
    "ArchiveDate": null,
    "ArchiveComments": null,
    "ReplacedAssetID": null,
    "AssociatedInspections": null,
    "FID": null,
    "CreationDate": 1667412663429,
    "Creator": "NLandin_wc",
    "EditDate": 1667942792190,
    "Editor": "NLandin_wc"
   }
  },
  {
   "type": "Feature",
   "id": 2788,
   "geometry": {
    "type": "Point",
    "coordinates": [
     -71.10130671326,
     42.38880148978813
    ]
   },
   "properties": {
    "OBJECTID": 2788,
    "Subtype": 0,
    "FacilityID": "SW-CB-02807",
    "InstallDat": null,
    "LifecycleS": " ",
    "WaterType": " ",
    "PlanNum": " ",
    "Owner": " ",
    "Comments": " ",
    "AccessDiam": 0,
    "AccessMate": " ",
    "AccesType": " ",
    "Station": 0,
    "RimElevati": 0,
    "FieldBook": " ",
    "Invert": 0,
    "Plan1": " ",
    "Plan2": " ",
    "Plan3": " ",
    "FeatureID": " ",
    "DupeNum": 0,
    "Source": "2017 Orthophotography",
    "OrthoUpdated": "Yes",
    "GlobalID": "{5248A249-8365-4DE2-8C48-7D5CF6B8D01F}",
    "created_user": "GIS",
    "created_date": 1600300800000,
    "last_edited_user": "GIS",
    "last_edited_date": 1600300800000,
    "Dewb_Edited": 0,
    "AssetStatus": "Active",
    "AccuracyStatus": "Unknown/Null (accurate = no)",
    "InaccuracyType": null,
    "AccuracyDate": null,
    "AccuracyComments": null,
    "ArchiveProjectName": null,
    "ArchiveReason": null,
    "ArchiveDate": null,
    "ArchiveComments": null,
    "ReplacedAssetID": null,
    "AssociatedInspections": null,
    "FID": null,
    "CreationDate": 1667412663429,
    "Creator": "NLandin_wc",
    "EditDate": 1667942792190,
    "Editor": "NLandin_wc"
   }
  },
  {
   "type": "Feature",
   "id": 2807,
   "geometry": {
    "type": "Point",
    "coordinates": [
     -71.10995312159986,
     42.38212316856108
    ]
   },
   "properties": {
    "OBJECTID": 2807,
    "Subtype": 0,
    "FacilityID": "SW-CB-02619",
    "InstallDat": null,
    "LifecycleS": " ",
    "WaterType": " ",
    "PlanNum": " ",
    "Owner": " ",
    "Comments": " ",
    "AccessDiam": 0,
    "AccessMate": " ",
    "AccesType": " ",
    "Station": 0,
    "RimElevati": 0,
    "FieldBook": " ",
    "Invert": 0,
    "Plan1": " ",
    "Plan2": " ",
    "Plan3": " ",
    "FeatureID": " ",
    "DupeNum": 0,
    "Source": "2017 Orthophotography",
    "OrthoUpdated": "Yes",
    "GlobalID": "{7F323E87-0C06-4478-BDF2-08CEB0BBEC08}",
    "created_user": "GIS",
    "created_date": 1600300800000,
    "last_edited_user": "GIS",
    "last_edited_date": 1600300800000,
    "Dewb_Edited": 0,
    "AssetStatus": "Active",
    "AccuracyStatus": "Unknown/Null (accurate = no)",
    "InaccuracyType": null,
    "AccuracyDate": null,
    "AccuracyComments": null,
    "ArchiveProjectName": null,
    "ArchiveReason": null,
    "ArchiveDate": null,
    "ArchiveComments": null,
    "ReplacedAssetID": null,
    "AssociatedInspections": null,
    "FID": null,
    "CreationDate": 1667412663429,
    "Creator": "NLandin_wc",
    "EditDate": 1667942792190,
    "Editor": "NLandin_wc"
   }
  },
  {
   "type": "Feature",
   "id": 2810,
   "geometry": {
    "type": "Point",
    "coordinates": [
     -71.10023319671913,
     42.382045248286815
    ]
   },
   "properties": {
    "OBJECTID": 2810,
    "Subtype": 0,
    "FacilityID": "SW-CB-03575",
    "InstallDat": null,
    "LifecycleS": " ",
    "WaterType": " ",
    "PlanNum": " ",
    "Owner": " ",
    "Comments": " ",
    "AccessDiam": 0,
    "AccessMate": " ",
    "AccesType": " ",
    "Station": 0,
    "RimElevati": 0,
    "FieldBook": " ",
    "Invert": 0,
    "Plan1": " ",
    "Plan2": " ",
    "Plan3": " ",
    "FeatureID": " ",
    "DupeNum": 0,
    "Source": "2017 Orthophotography",
    "OrthoUpdated": "Yes",
    "GlobalID": "{7B20839B-2A1B-4A55-9A13-EE5359A1C07E}",
    "created_user": "GIS",
    "created_date": 1600300800000,
    "last_edited_user": "GIS",
    "last_edited_date": 1600300800000,
    "Dewb_Edited": 0,
    "AssetStatus": "Active",
    "AccuracyStatus": "Unknown/Null (accurate = no)",
    "InaccuracyType": null,
    "AccuracyDate": null,
    "AccuracyComments": null,
    "ArchiveProjectName": null,
    "ArchiveReason": null,
    "ArchiveDate": null,
    "ArchiveComments": null,
    "ReplacedAssetID": null,
    "AssociatedInspections": null,
    "FID": null,
    "CreationDate": 1667412663429,
    "Creator": "NLandin_wc",
    "EditDate": 1667942792190,
    "Editor": "NLandin_wc"
   }
  },
  {
   "type": "Feature",
   "id": 2821,
   "geometry": {
    "type": "Point",
    "coordinates": [
     -71.10461778282641,
     42.38530773156578
    ]
   },
   "properties": {
    "OBJECTID": 2821,
    "Subtype": 0,
    "FacilityID": "SW-CB-01016",
    "InstallDat": null,
    "LifecycleS": " ",
    "WaterType": " ",
    "PlanNum": " ",
    "Owner": " ",
    "Comments": " ",
    "AccessDiam": 0,
    "AccessMate": " ",
    "AccesType": " ",
    "Station": 0,
    "RimElevati": 0,
    "FieldBook": " ",
    "Invert": 0,
    "Plan1": " ",
    "Plan2": " ",
    "Plan3": " ",
    "FeatureID": " ",
    "DupeNum": 0,
    "Source": "Stantec",
    "OrthoUpdated": "Yes",
    "GlobalID": "{65DD11B5-F2EE-40FA-8951-90ADDC8C58E5}",
    "created_user": "GIS",
    "created_date": 1600300800000,
    "last_edited_user": "GIS",
    "last_edited_date": 1600300800000,
    "Dewb_Edited": 0,
    "AssetStatus": "Active",
    "AccuracyStatus": "Unknown/Null (accurate = no)",
    "InaccuracyType": null,
    "AccuracyDate": null,
    "AccuracyComments": null,
    "ArchiveProjectName": null,
    "ArchiveReason": null,
    "ArchiveDate": null,
    "ArchiveComments": null,
    "ReplacedAssetID": null,
    "AssociatedInspections": null,
    "FID": null,
    "CreationDate": 1667412663429,
    "Creator": "NLandin_wc",
    "EditDate": 1667942792190,
    "Editor": "NLandin_wc"
   }
  },
  {
   "type": "Feature",
   "id": 2823,
   "geometry": {
    "type": "Point",
    "coordinates": [
     -71.10302691567523,
     42.383801467238094
    ]
   },
   "properties": {
    "OBJECTID": 2823,
    "Subtype": 0,
    "FacilityID": "SW-CB-01042",
    "InstallDat": null,
    "LifecycleS": " ",
    "WaterType": " ",
    "PlanNum": " ",
    "Owner": " ",
    "Comments": " ",
    "AccessDiam": 0,
    "AccessMate": " ",
    "AccesType": " ",
    "Station": 0,
    "RimElevati": 0,
    "FieldBook": " ",
    "Invert": 0,
    "Plan1": " ",
    "Plan2": " ",
    "Plan3": " ",
    "FeatureID": " ",
    "DupeNum": 0,
    "Source": "Stantec",
    "OrthoUpdated": "Yes",
    "GlobalID": "{95418D6F-3CC0-4BDE-A6AE-4BC9ECA8E039}",
    "created_user": "GIS",
    "created_date": 1600300800000,
    "last_edited_user": "GIS",
    "last_edited_date": 1600300800000,
    "Dewb_Edited": 0,
    "AssetStatus": "Active",
    "AccuracyStatus": "Unknown/Null (accurate = no)",
    "InaccuracyType": null,
    "AccuracyDate": null,
    "AccuracyComments": null,
    "ArchiveProjectName": null,
    "ArchiveReason": null,
    "ArchiveDate": null,
    "ArchiveComments": null,
    "ReplacedAssetID": null,
    "AssociatedInspections": null,
    "FID": null,
    "CreationDate": 1667412663429,
    "Creator": "NLandin_wc",
    "EditDate": 1667942792190,
    "Editor": "NLandin_wc"
   }
  },
  {
   "type": "Feature",
   "id": 2826,
   "geometry": {
    "type": "Point",
    "coordinates": [
     -71.1082393677462,
     42.391061729562985
    ]
   },
   "properties": {
    "OBJECTID": 2826,
    "Subtype": 0,
    "FacilityID": "SW-CB-00475",
    "InstallDat": 253392451200000,
    "LifecycleS": "Active",
    "WaterType": "Storm",
    "PlanNum": "TB-045",
    "Owner": "Somerv",
    "Comments": " ",
    "AccessDiam": 9999,
    "AccessMate": "Unk",
    "AccesType": "Unk",
    "Station": 9999,
    "RimElevati": 64.82,
    "FieldBook": " ",
    "Invert": 61.12,
    "Plan1": "TB-045",
    "Plan2": " ",
    "Plan3": " ",
    "FeatureID": "CB-SD-476",
    "DupeNum": 1,
    "Source": "Original City Data",
    "OrthoUpdated": "Yes",
    "GlobalID": "{25D6B167-03CA-43D4-B19D-B73DB1B26050}",
    "created_user": "GIS",
    "created_date": 1600300800000,
    "last_edited_user": "GIS",
    "last_edited_date": 1600300800000,
    "Dewb_Edited": 0,
    "AssetStatus": "Active",
    "AccuracyStatus": "Unknown/Null (accurate = no)",
    "InaccuracyType": null,
    "AccuracyDate": null,
    "AccuracyComments": null,
    "ArchiveProjectName": null,
    "ArchiveReason": null,
    "ArchiveDate": null,
    "ArchiveComments": null,
    "ReplacedAssetID": null,
    "AssociatedInspections": null,
    "FID": null,
    "CreationDate": 1667412663429,
    "Creator": "NLandin_wc",
    "EditDate": 1667942792190,
    "Editor": "NLandin_wc"
   }
  },
  {
   "type": "Feature",
   "id": 2828,
   "geometry": {
    "type": "Point",
    "coordinates": [
     -71.1088905518906,
     42.387497698670266
    ]
   },
   "properties": {
    "OBJECTID": 2828,
    "Subtype": 0,
    "FacilityID": "SW-CB-00939",
    "InstallDat": null,
    "LifecycleS": " ",
    "WaterType": " ",
    "PlanNum": " ",
    "Owner": " ",
    "Comments": " ",
    "AccessDiam": 0,
    "AccessMate": " ",
    "AccesType": " ",
    "Station": 0,
    "RimElevati": 0,
    "FieldBook": " ",
    "Invert": 0,
    "Plan1": " ",
    "Plan2": " ",
    "Plan3": " ",
    "FeatureID": " ",
    "DupeNum": 0,
    "Source": "Stantec",
    "OrthoUpdated": "Yes",
    "GlobalID": "{16F1CFF4-B4CF-4C63-A881-73FBF80E71C2}",
    "created_user": "GIS",
    "created_date": 1600300800000,
    "last_edited_user": "GIS",
    "last_edited_date": 1600300800000,
    "Dewb_Edited": 0,
    "AssetStatus": "Active",
    "AccuracyStatus": "Unknown/Null (accurate = no)",
    "InaccuracyType": null,
    "AccuracyDate": null,
    "AccuracyComments": null,
    "ArchiveProjectName": null,
    "ArchiveReason": null,
    "ArchiveDate": null,
    "ArchiveComments": null,
    "ReplacedAssetID": null,
    "AssociatedInspections": null,
    "FID": null,
    "CreationDate": 1667412663429,
    "Creator": "NLandin_wc",
    "EditDate": 1667942792190,
    "Editor": "NLandin_wc"
   }
  },
  {
   "type": "Feature",
   "id": 2830,
   "geometry": {
    "type": "Point",
    "coordinates": [
     -71.1005867714636,
     42.384193838991614
    ]
   },
   "properties": {
    "OBJECTID": 2830,
    "Subtype": 0,
    "FacilityID": "SW-CB-00750",
    "InstallDat": null,
    "LifecycleS": " ",
    "WaterType": " ",
    "PlanNum": " ",
    "Owner": " ",
    "Comments": " ",
    "AccessDiam": 0,
    "AccessMate": " ",
    "AccesType": " ",
    "Station": 0,
    "RimElevati": 0,
    "FieldBook": " ",
    "Invert": 0,
    "Plan1": " ",
    "Plan2": " ",
    "Plan3": " ",
    "FeatureID": " ",
    "DupeNum": 0,
    "Source": "Stantec",
    "OrthoUpdated": "Yes",
    "GlobalID": "{85DB7E75-C244-43A0-9C8A-B8DE63BB6A22}",
    "created_user": "GIS",
    "created_date": 1600300800000,
    "last_edited_user": "GIS",
    "last_edited_date": 1600300800000,
    "Dewb_Edited": 0,
    "AssetStatus": "Active",
    "AccuracyStatus": "Unknown/Null (accurate = no)",
    "InaccuracyType": null,
    "AccuracyDate": null,
    "AccuracyComments": null,
    "ArchiveProjectName": null,
    "ArchiveReason": null,
    "ArchiveDate": null,
    "ArchiveComments": null,
    "ReplacedAssetID": null,
    "AssociatedInspections": null,
    "FID": null,
    "CreationDate": 1667412663429,
    "Creator": "NLandin_wc",
    "EditDate": 1667942792190,
    "Editor": "NLandin_wc"
   }
  },
  {
   "type": "Feature",
   "id": 2842,
   "geometry": {
    "type": "Point",
    "coordinates": [
     -71.09692011421436,
     42.380505378787554
    ]
   },
   "properties": {
    "OBJECTID": 2842,
    "Subtype": 0,
    "FacilityID": "SW-CB-00708",
    "InstallDat": null,
    "LifecycleS": " ",
    "WaterType": " ",
    "PlanNum": " ",
    "Owner": " ",
    "Comments": " ",
    "AccessDiam": 0,
    "AccessMate": " ",
    "AccesType": " ",
    "Station": 0,
    "RimElevati": 0,
    "FieldBook": " ",
    "Invert": 0,
    "Plan1": " ",
    "Plan2": " ",
    "Plan3": " ",
    "FeatureID": " ",
    "DupeNum": 0,
    "Source": "Stantec",
    "OrthoUpdated": "Yes",
    "GlobalID": "{655C4D02-8B07-46CD-A45D-618B5B017F6B}",
    "created_user": "GIS",
    "created_date": 1600300800000,
    "last_edited_user": "GIS",
    "last_edited_date": 1600300800000,
    "Dewb_Edited": 0,
    "AssetStatus": "Active",
    "AccuracyStatus": "Unknown/Null (accurate = no)",
    "InaccuracyType": null,
    "AccuracyDate": null,
    "AccuracyComments": null,
    "ArchiveProjectName": null,
    "ArchiveReason": null,
    "ArchiveDate": null,
    "ArchiveComments": null,
    "ReplacedAssetID": null,
    "AssociatedInspections": null,
    "FID": null,
    "CreationDate": 1667412663429,
    "Creator": "NLandin_wc",
    "EditDate": 1667942792190,
    "Editor": "NLandin_wc"
   }
  },
  {
   "type": "Feature",
   "id": 2854,
   "geometry": {
    "type": "Point",
    "coordinates": [
     -71.10674545610506,
     42.38375434515189
    ]
   },
   "properties": {
    "OBJECTID": 2854,
    "Subtype": 0,
    "FacilityID": "SW-CB-00975",
    "InstallDat": null,
    "LifecycleS": " ",
    "WaterType": " ",
    "PlanNum": " ",
    "Owner": " ",
    "Comments": " ",
    "AccessDiam": 0,
    "AccessMate": " ",
    "AccesType": " ",
    "Station": 0,
    "RimElevati": 0,
    "FieldBook": " ",
    "Invert": 0,
    "Plan1": " ",
    "Plan2": " ",
    "Plan3": " ",
    "FeatureID": " ",
    "DupeNum": 0,
    "Source": "Stantec",
    "OrthoUpdated": "Yes",
    "GlobalID": "{1C1FD34A-D3BC-44B4-A995-4E73B9C7EE9C}",
    "created_user": "GIS",
    "created_date": 1600300800000,
    "last_edited_user": "GIS",
    "last_edited_date": 1600300800000,
    "Dewb_Edited": 0,
    "AssetStatus": "Active",
    "AccuracyStatus": "Unknown/Null (accurate = no)",
    "InaccuracyType": null,
    "AccuracyDate": null,
    "AccuracyComments": null,
    "ArchiveProjectName": null,
    "ArchiveReason": null,
    "ArchiveDate": null,
    "ArchiveComments": null,
    "ReplacedAssetID": null,
    "AssociatedInspections": null,
    "FID": null,
    "CreationDate": 1667412663429,
    "Creator": "NLandin_wc",
    "EditDate": 1667942792190,
    "Editor": "NLandin_wc"
   }
  },
  {
   "type": "Feature",
   "id": 2856,
   "geometry": {
    "type": "Point",
    "coordinates": [
     -71.0944797433529,
     42.38463455212751
    ]
   },
   "properties": {
    "OBJECTID": 2856,
    "Subtype": 0,
    "FacilityID": "SW-CB-01475",
    "InstallDat": null,
    "LifecycleS": " ",
    "WaterType": " ",
    "PlanNum": " ",
    "Owner": " ",
    "Comments": " ",
    "AccessDiam": 0,
    "AccessMate": " ",
    "AccesType": " ",
    "Station": 0,
    "RimElevati": 0,
    "FieldBook": " ",
    "Invert": 0,
    "Plan1": " ",
    "Plan2": " ",
    "Plan3": " ",
    "FeatureID": " ",
    "DupeNum": 0,
    "Source": "2017 Orthophotography",
    "OrthoUpdated": "Yes",
    "GlobalID": "{06F237AE-BED3-4F8D-A663-930366DDA139}",
    "created_user": "GIS",
    "created_date": 1600300800000,
    "last_edited_user": "GIS",
    "last_edited_date": 1600300800000,
    "Dewb_Edited": 0,
    "AssetStatus": "Active",
    "AccuracyStatus": "Unknown/Null (accurate = no)",
    "InaccuracyType": null,
    "AccuracyDate": null,
    "AccuracyComments": null,
    "ArchiveProjectName": null,
    "ArchiveReason": null,
    "ArchiveDate": null,
    "ArchiveComments": null,
    "ReplacedAssetID": null,
    "AssociatedInspections": null,
    "FID": null,
    "CreationDate": 1667412663429,
    "Creator": "NLandin_wc",
    "EditDate": 1667942792190,
    "Editor": "NLandin_wc"
   }
  },
  {
   "type": "Feature",
   "id": 2858,
   "geometry": {
    "type": "Point",
    "coordinates": [
     -71.09675820540676,
     42.38049242439677
    ]
   },
   "properties": {
    "OBJECTID": 2858,
    "Subtype": 0,
    "FacilityID": "SW-CB-00714",
    "InstallDat": null,
    "LifecycleS": " ",
    "WaterType": " ",
    "PlanNum": " ",
    "Owner": " ",
    "Comments": " ",
    "AccessDiam": 0,
    "AccessMate": " ",
    "AccesType": " ",
    "Station": 0,
    "RimElevati": 0,
    "FieldBook": " ",
    "Invert": 0,
    "Plan1": " ",
    "Plan2": " ",
    "Plan3": " ",
    "FeatureID": " ",
    "DupeNum": 0,
    "Source": "Stantec",
    "OrthoUpdated": "Yes",
    "GlobalID": "{43614FF8-68EB-4003-AA00-20639CF2E6D2}",
    "created_user": "GIS",
    "created_date": 1600300800000,
    "last_edited_user": "GIS",
    "last_edited_date": 1600300800000,
    "Dewb_Edited": 0,
    "AssetStatus": "Active",
    "AccuracyStatus": "Unknown/Null (accurate = no)",
    "InaccuracyType": null,
    "AccuracyDate": null,
    "AccuracyComments": null,
    "ArchiveProjectName": null,
    "ArchiveReason": null,
    "ArchiveDate": null,
    "ArchiveComments": null,
    "ReplacedAssetID": null,
    "AssociatedInspections": null,
    "FID": null,
    "CreationDate": 1667412663429,
    "Creator": "NLandin_wc",
    "EditDate": 1667942792190,
    "Editor": "NLandin_wc"
   }
  },
  {
   "type": "Feature",
   "id": 2860,
   "geometry": {
    "type": "Point",
    "coordinates": [
     -71.10049090630379,
     42.38992410838298
    ]
   },
   "properties": {
    "OBJECTID": 2860,
    "Subtype": 0,
    "FacilityID": "SW-CB-02811",
    "InstallDat": null,
    "LifecycleS": " ",
    "WaterType": " ",
    "PlanNum": " ",
    "Owner": " ",
    "Comments": " ",
    "AccessDiam": 0,
    "AccessMate": " ",
    "AccesType": " ",
    "Station": 0,
    "RimElevati": 0,
    "FieldBook": " ",
    "Invert": 0,
    "Plan1": " ",
    "Plan2": " ",
    "Plan3": " ",
    "FeatureID": " ",
    "DupeNum": 0,
    "Source": "2017 Orthophotography",
    "OrthoUpdated": "Yes",
    "GlobalID": "{34350875-9641-4C78-BACE-26CE8526B233}",
    "created_user": "GIS",
    "created_date": 1600300800000,
    "last_edited_user": "GIS",
    "last_edited_date": 1600300800000,
    "Dewb_Edited": 0,
    "AssetStatus": "Active",
    "AccuracyStatus": "Unknown/Null (accurate = no)",
    "InaccuracyType": null,
    "AccuracyDate": null,
    "AccuracyComments": null,
    "ArchiveProjectName": null,
    "ArchiveReason": null,
    "ArchiveDate": null,
    "ArchiveComments": null,
    "ReplacedAssetID": null,
    "AssociatedInspections": null,
    "FID": null,
    "CreationDate": 1667412663429,
    "Creator": "NLandin_wc",
    "EditDate": 1667942792190,
    "Editor": "NLandin_wc"
   }
  },
  {
   "type": "Feature",
   "id": 2861,
   "geometry": {
    "type": "Point",
    "coordinates": [
     -71.10818130223885,
     42.38656820722993
    ]
   },
   "properties": {
    "OBJECTID": 2861,
    "Subtype": 0,
    "FacilityID": "SW-CB-00942",
    "InstallDat": null,
    "LifecycleS": " ",
    "WaterType": " ",
    "PlanNum": " ",
    "Owner": " ",
    "Comments": " ",
    "AccessDiam": 0,
    "AccessMate": " ",
    "AccesType": " ",
    "Station": 0,
    "RimElevati": 0,
    "FieldBook": " ",
    "Invert": 0,
    "Plan1": " ",
    "Plan2": " ",
    "Plan3": " ",
    "FeatureID": " ",
    "DupeNum": 0,
    "Source": "Stantec",
    "OrthoUpdated": "Yes",
    "GlobalID": "{BF9E6F69-C596-4C2E-8903-203C9FF9489C}",
    "created_user": "GIS",
    "created_date": 1600300800000,
    "last_edited_user": "GIS",
    "last_edited_date": 1600300800000,
    "Dewb_Edited": 0,
    "AssetStatus": "Active",
    "AccuracyStatus": "Unknown/Null (accurate = no)",
    "InaccuracyType": null,
    "AccuracyDate": null,
    "AccuracyComments": null,
    "ArchiveProjectName": null,
    "ArchiveReason": null,
    "ArchiveDate": null,
    "ArchiveComments": null,
    "ReplacedAssetID": null,
    "AssociatedInspections": null,
    "FID": null,
    "CreationDate": 1667412663429,
    "Creator": "NLandin_wc",
    "EditDate": 1667942792190,
    "Editor": "NLandin_wc"
   }
  },
  {
   "type": "Feature",
   "id": 2866,
   "geometry": {
    "type": "Point",
    "coordinates": [
     -71.09437593230383,
     42.388353595402954
    ]
   },
   "properties": {
    "OBJECTID": 2866,
    "Subtype": 0,
    "FacilityID": "SW-CB-01496",
    "InstallDat": null,
    "LifecycleS": " ",
    "WaterType": " ",
    "PlanNum": " ",
    "Owner": " ",
    "Comments": " ",
    "AccessDiam": 0,
    "AccessMate": " ",
    "AccesType": " ",
    "Station": 0,
    "RimElevati": 0,
    "FieldBook": " ",
    "Invert": 0,
    "Plan1": " ",
    "Plan2": " ",
    "Plan3": " ",
    "FeatureID": " ",
    "DupeNum": 0,
    "Source": "2017 Orthophotography",
    "OrthoUpdated": "Yes",
    "GlobalID": "{FDCF33CD-BC51-4831-B0F6-9A5EAD64BD80}",
    "created_user": "GIS",
    "created_date": 1600300800000,
    "last_edited_user": "GIS",
    "last_edited_date": 1600300800000,
    "Dewb_Edited": 0,
    "AssetStatus": "Active",
    "AccuracyStatus": "Unknown/Null (accurate = no)",
    "InaccuracyType": null,
    "AccuracyDate": null,
    "AccuracyComments": null,
    "ArchiveProjectName": null,
    "ArchiveReason": null,
    "ArchiveDate": null,
    "ArchiveComments": null,
    "ReplacedAssetID": null,
    "AssociatedInspections": null,
    "FID": null,
    "CreationDate": 1667412663429,
    "Creator": "NLandin_wc",
    "EditDate": 1667942792190,
    "Editor": "NLandin_wc"
   }
  },
  {
   "type": "Feature",
   "id": 2868,
   "geometry": {
    "type": "Point",
    "coordinates": [
     -71.10912417071742,
     42.390635639208135
    ]
   },
   "properties": {
    "OBJECTID": 2868,
    "Subtype": 0,
    "FacilityID": "SW-CB-02762",
    "InstallDat": null,
    "LifecycleS": " ",
    "WaterType": " ",
    "PlanNum": " ",
    "Owner": " ",
    "Comments": " ",
    "AccessDiam": 0,
    "AccessMate": " ",
    "AccesType": " ",
    "Station": 0,
    "RimElevati": 0,
    "FieldBook": " ",
    "Invert": 0,
    "Plan1": " ",
    "Plan2": " ",
    "Plan3": " ",
    "FeatureID": " ",
    "DupeNum": 0,
    "Source": "2017 Orthophotography",
    "OrthoUpdated": "Yes",
    "GlobalID": "{DB35F56D-A8A9-4325-B078-401910312B75}",
    "created_user": "GIS",
    "created_date": 1600300800000,
    "last_edited_user": "GIS",
    "last_edited_date": 1600300800000,
    "Dewb_Edited": 0,
    "AssetStatus": "Active",
    "AccuracyStatus": "Unknown/Null (accurate = no)",
    "InaccuracyType": null,
    "AccuracyDate": null,
    "AccuracyComments": null,
    "ArchiveProjectName": null,
    "ArchiveReason": null,
    "ArchiveDate": null,
    "ArchiveComments": null,
    "ReplacedAssetID": null,
    "AssociatedInspections": null,
    "FID": null,
    "CreationDate": 1667412663429,
    "Creator": "NLandin_wc",
    "EditDate": 1667942792190,
    "Editor": "NLandin_wc"
   }
  },
  {
   "type": "Feature",
   "id": 2870,
   "geometry": {
    "type": "Point",
    "coordinates": [
     -71.10054782151477,
     42.38439860465335
    ]
   },
   "properties": {
    "OBJECTID": 2870,
    "Subtype": 0,
    "FacilityID": "SW-CB-00751",
    "InstallDat": null,
    "LifecycleS": " ",
    "WaterType": " ",
    "PlanNum": " ",
    "Owner": " ",
    "Comments": " ",
    "AccessDiam": 0,
    "AccessMate": " ",
    "AccesType": " ",
    "Station": 0,
    "RimElevati": 0,
    "FieldBook": " ",
    "Invert": 0,
    "Plan1": " ",
    "Plan2": " ",
    "Plan3": " ",
    "FeatureID": " ",
    "DupeNum": 0,
    "Source": "Stantec",
    "OrthoUpdated": "Yes",
    "GlobalID": "{5F137F9D-9329-4BEE-BED6-255D1A697D51}",
    "created_user": "GIS",
    "created_date": 1600300800000,
    "last_edited_user": "GIS",
    "last_edited_date": 1600300800000,
    "Dewb_Edited": 0,
    "AssetStatus": "Active",
    "AccuracyStatus": "Unknown/Null (accurate = no)",
    "InaccuracyType": null,
    "AccuracyDate": null,
    "AccuracyComments": null,
    "ArchiveProjectName": null,
    "ArchiveReason": null,
    "ArchiveDate": null,
    "ArchiveComments": null,
    "ReplacedAssetID": null,
    "AssociatedInspections": null,
    "FID": null,
    "CreationDate": 1667412663429,
    "Creator": "NLandin_wc",
    "EditDate": 1667942792190,
    "Editor": "NLandin_wc"
   }
  },
  {
   "type": "Feature",
   "id": 2883,
   "geometry": {
    "type": "Point",
    "coordinates": [
     -71.10035161805322,
     42.3845329828961
    ]
   },
   "properties": {
    "OBJECTID": 2883,
    "Subtype": 0,
    "FacilityID": "SW-CB-00752",
    "InstallDat": null,
    "LifecycleS": " ",
    "WaterType": " ",
    "PlanNum": " ",
    "Owner": " ",
    "Comments": " ",
    "AccessDiam": 0,
    "AccessMate": " ",
    "AccesType": " ",
    "Station": 0,
    "RimElevati": 0,
    "FieldBook": " ",
    "Invert": 0,
    "Plan1": " ",
    "Plan2": " ",
    "Plan3": " ",
    "FeatureID": " ",
    "DupeNum": 0,
    "Source": "Stantec",
    "OrthoUpdated": "Yes",
    "GlobalID": "{F5D7EE24-33C5-43E8-A471-E1BFA3685CA9}",
    "created_user": "GIS",
    "created_date": 1600300800000,
    "last_edited_user": "GIS",
    "last_edited_date": 1600300800000,
    "Dewb_Edited": 0,
    "AssetStatus": "Active",
    "AccuracyStatus": "Unknown/Null (accurate = no)",
    "InaccuracyType": null,
    "AccuracyDate": null,
    "AccuracyComments": null,
    "ArchiveProjectName": null,
    "ArchiveReason": null,
    "ArchiveDate": null,
    "ArchiveComments": null,
    "ReplacedAssetID": null,
    "AssociatedInspections": null,
    "FID": null,
    "CreationDate": 1667412663429,
    "Creator": "NLandin_wc",
    "EditDate": 1667942792190,
    "Editor": "NLandin_wc"
   }
  },
  {
   "type": "Feature",
   "id": 2885,
   "geometry": {
    "type": "Point",
    "coordinates": [
     -71.1009660207636,
     42.382159764207096
    ]
   },
   "properties": {
    "OBJECTID": 2885,
    "Subtype": 0,
    "FacilityID": "SW-CB-01077",
    "InstallDat": null,
    "LifecycleS": " ",
    "WaterType": " ",
    "PlanNum": " ",
    "Owner": " ",
    "Comments": " ",
    "AccessDiam": 0,
    "AccessMate": " ",
    "AccesType": " ",
    "Station": 0,
    "RimElevati": 0,
    "FieldBook": " ",
    "Invert": 0,
    "Plan1": " ",
    "Plan2": " ",
    "Plan3": " ",
    "FeatureID": " ",
    "DupeNum": 0,
    "Source": "Stantec",
    "OrthoUpdated": "Not Visible",
    "GlobalID": "{9CF928FD-FA28-4AA9-9FB9-1371F81052B0}",
    "created_user": "GIS",
    "created_date": 1600300800000,
    "last_edited_user": "GIS",
    "last_edited_date": 1600300800000,
    "Dewb_Edited": 0,
    "AssetStatus": "Active",
    "AccuracyStatus": "Unknown/Null (accurate = no)",
    "InaccuracyType": null,
    "AccuracyDate": null,
    "AccuracyComments": null,
    "ArchiveProjectName": null,
    "ArchiveReason": null,
    "ArchiveDate": null,
    "ArchiveComments": null,
    "ReplacedAssetID": null,
    "AssociatedInspections": null,
    "FID": null,
    "CreationDate": 1667412663429,
    "Creator": "NLandin_wc",
    "EditDate": 1667942792190,
    "Editor": "NLandin_wc"
   }
  },
  {
   "type": "Feature",
   "id": 2888,
   "geometry": {
    "type": "Point",
    "coordinates": [
     -71.10159059380662,
     42.3855349988413
    ]
   },
   "properties": {
    "OBJECTID": 2888,
    "Subtype": 0,
    "FacilityID": "SW-CB-00806",
    "InstallDat": null,
    "LifecycleS": " ",
    "WaterType": " ",
    "PlanNum": " ",
    "Owner": " ",
    "Comments": " ",
    "AccessDiam": 0,
    "AccessMate": " ",
    "AccesType": " ",
    "Station": 0,
    "RimElevati": 0,
    "FieldBook": " ",
    "Invert": 0,
    "Plan1": " ",
    "Plan2": " ",
    "Plan3": " ",
    "FeatureID": " ",
    "DupeNum": 0,
    "Source": "Stantec",
    "OrthoUpdated": "Yes",
    "GlobalID": "{24257705-46E8-4343-9D38-4137B0DB61A7}",
    "created_user": "GIS",
    "created_date": 1600300800000,
    "last_edited_user": "GIS",
    "last_edited_date": 1600300800000,
    "Dewb_Edited": 0,
    "AssetStatus": "Active",
    "AccuracyStatus": "Unknown/Null (accurate = no)",
    "InaccuracyType": null,
    "AccuracyDate": null,
    "AccuracyComments": null,
    "ArchiveProjectName": null,
    "ArchiveReason": null,
    "ArchiveDate": null,
    "ArchiveComments": null,
    "ReplacedAssetID": null,
    "AssociatedInspections": null,
    "FID": null,
    "CreationDate": 1667412663429,
    "Creator": "NLandin_wc",
    "EditDate": 1667942792190,
    "Editor": "NLandin_wc"
   }
  },
  {
   "type": "Feature",
   "id": 2889,
   "geometry": {
    "type": "Point",
    "coordinates": [
     -71.10424487214738,
     42.38341390938844
    ]
   },
   "properties": {
    "OBJECTID": 2889,
    "Subtype": 0,
    "FacilityID": "SW-CB-01026",
    "InstallDat": null,
    "LifecycleS": " ",
    "WaterType": " ",
    "PlanNum": " ",
    "Owner": " ",
    "Comments": " ",
    "AccessDiam": 0,
    "AccessMate": " ",
    "AccesType": " ",
    "Station": 0,
    "RimElevati": 0,
    "FieldBook": " ",
    "Invert": 0,
    "Plan1": " ",
    "Plan2": " ",
    "Plan3": " ",
    "FeatureID": " ",
    "DupeNum": 0,
    "Source": "Stantec",
    "OrthoUpdated": "Not Visible",
    "GlobalID": "{C40A8E6C-8A40-49F2-AB77-1C923AE4FB46}",
    "created_user": "GIS",
    "created_date": 1600300800000,
    "last_edited_user": "GIS",
    "last_edited_date": 1600300800000,
    "Dewb_Edited": 0,
    "AssetStatus": "Active",
    "AccuracyStatus": "Unknown/Null (accurate = no)",
    "InaccuracyType": null,
    "AccuracyDate": null,
    "AccuracyComments": null,
    "ArchiveProjectName": null,
    "ArchiveReason": null,
    "ArchiveDate": null,
    "ArchiveComments": null,
    "ReplacedAssetID": null,
    "AssociatedInspections": null,
    "FID": null,
    "CreationDate": 1667412663429,
    "Creator": "NLandin_wc",
    "EditDate": 1667942792190,
    "Editor": "NLandin_wc"
   }
  },
  {
   "type": "Feature",
   "id": 2911,
   "geometry": {
    "type": "Point",
    "coordinates": [
     -71.09941764663463,
     42.38809957382098
    ]
   },
   "properties": {
    "OBJECTID": 2911,
    "Subtype": 0,
    "FacilityID": "SW-CB-02813",
    "InstallDat": null,
    "LifecycleS": " ",
    "WaterType": " ",
    "PlanNum": " ",
    "Owner": " ",
    "Comments": " ",
    "AccessDiam": 0,
    "AccessMate": " ",
    "AccesType": " ",
    "Station": 0,
    "RimElevati": 0,
    "FieldBook": " ",
    "Invert": 0,
    "Plan1": " ",
    "Plan2": " ",
    "Plan3": " ",
    "FeatureID": " ",
    "DupeNum": 0,
    "Source": "2017 Orthophotography",
    "OrthoUpdated": "Yes",
    "GlobalID": "{93C7942A-0E0B-407A-8B78-C1E4CAE658B4}",
    "created_user": "GIS",
    "created_date": 1600300800000,
    "last_edited_user": "GIS",
    "last_edited_date": 1600300800000,
    "Dewb_Edited": 0,
    "AssetStatus": "Active",
    "AccuracyStatus": "Unknown/Null (accurate = no)",
    "InaccuracyType": null,
    "AccuracyDate": null,
    "AccuracyComments": null,
    "ArchiveProjectName": null,
    "ArchiveReason": null,
    "ArchiveDate": null,
    "ArchiveComments": null,
    "ReplacedAssetID": null,
    "AssociatedInspections": null,
    "FID": null,
    "CreationDate": 1667412663429,
    "Creator": "NLandin_wc",
    "EditDate": 1667942792190,
    "Editor": "NLandin_wc"
   }
  },
  {
   "type": "Feature",
   "id": 2937,
   "geometry": {
    "type": "Point",
    "coordinates": [
     -71.1047968007577,
     42.381689443680685
    ]
   },
   "properties": {
    "OBJECTID": 2937,
    "Subtype": 0,
    "FacilityID": "SW-CB-02622",
    "InstallDat": null,
    "LifecycleS": " ",
    "WaterType": " ",
    "PlanNum": " ",
    "Owner": " ",
    "Comments": " ",
    "AccessDiam": 0,
    "AccessMate": " ",
    "AccesType": " ",
    "Station": 0,
    "RimElevati": 0,
    "FieldBook": " ",
    "Invert": 0,
    "Plan1": " ",
    "Plan2": " ",
    "Plan3": " ",
    "FeatureID": " ",
    "DupeNum": 0,
    "Source": "2017 Orthophotography",
    "OrthoUpdated": "Yes",
    "GlobalID": "{EEFB4672-854E-4844-8F21-860B5CB028FE}",
    "created_user": "GIS",
    "created_date": 1600300800000,
    "last_edited_user": "GIS",
    "last_edited_date": 1600300800000,
    "Dewb_Edited": 0,
    "AssetStatus": "Active",
    "AccuracyStatus": "Unknown/Null (accurate = no)",
    "InaccuracyType": null,
    "AccuracyDate": null,
    "AccuracyComments": null,
    "ArchiveProjectName": null,
    "ArchiveReason": null,
    "ArchiveDate": null,
    "ArchiveComments": null,
    "ReplacedAssetID": null,
    "AssociatedInspections": null,
    "FID": null,
    "CreationDate": 1667412663429,
    "Creator": "NLandin_wc",
    "EditDate": 1667942792190,
    "Editor": "NLandin_wc"
   }
  },
  {
   "type": "Feature",
   "id": 2949,
   "geometry": {
    "type": "Point",
    "coordinates": [
     -71.09383030902654,
     42.38574972196658
    ]
   },
   "properties": {
    "OBJECTID": 2949,
    "Subtype": 0,
    "FacilityID": "SW-CB-01467",
    "InstallDat": null,
    "LifecycleS": " ",
    "WaterType": " ",
    "PlanNum": " ",
    "Owner": " ",
    "Comments": " ",
    "AccessDiam": 0,
    "AccessMate": " ",
    "AccesType": " ",
    "Station": 0,
    "RimElevati": 0,
    "FieldBook": " ",
    "Invert": 0,
    "Plan1": " ",
    "Plan2": " ",
    "Plan3": " ",
    "FeatureID": " ",
    "DupeNum": 0,
    "Source": "2017 Orthophotography",
    "OrthoUpdated": "Yes",
    "GlobalID": "{3A31378B-F24B-4969-BDBF-49B965F8F3F7}",
    "created_user": "GIS",
    "created_date": 1600300800000,
    "last_edited_user": "GIS",
    "last_edited_date": 1600300800000,
    "Dewb_Edited": 0,
    "AssetStatus": "Active",
    "AccuracyStatus": "Unknown/Null (accurate = no)",
    "InaccuracyType": null,
    "AccuracyDate": null,
    "AccuracyComments": null,
    "ArchiveProjectName": null,
    "ArchiveReason": null,
    "ArchiveDate": null,
    "ArchiveComments": null,
    "ReplacedAssetID": null,
    "AssociatedInspections": null,
    "FID": null,
    "CreationDate": 1667412663429,
    "Creator": "NLandin_wc",
    "EditDate": 1667942792190,
    "Editor": "NLandin_wc"
   }
  },
  {
   "type": "Feature",
   "id": 2950,
   "geometry": {
    "type": "Point",
    "coordinates": [
     -71.10330696696208,
     42.38255374636325
    ]
   },
   "properties": {
    "OBJECTID": 2950,
    "Subtype": 0,
    "FacilityID": "SW-CB-01045",
    "InstallDat": null,
    "LifecycleS": " ",
    "WaterType": " ",
    "PlanNum": " ",
    "Owner": " ",
    "Comments": " ",
    "AccessDiam": 0,
    "AccessMate": " ",
    "AccesType": " ",
    "Station": 0,
    "RimElevati": 0,
    "FieldBook": " ",
    "Invert": 0,
    "Plan1": " ",
    "Plan2": " ",
    "Plan3": " ",
    "FeatureID": " ",
    "DupeNum": 0,
    "Source": "Stantec",
    "OrthoUpdated": "Yes",
    "GlobalID": "{30E5B363-D383-4466-BA55-D85A52239B3D}",
    "created_user": "GIS",
    "created_date": 1600300800000,
    "last_edited_user": "GIS",
    "last_edited_date": 1600300800000,
    "Dewb_Edited": 0,
    "AssetStatus": "Active",
    "AccuracyStatus": "Unknown/Null (accurate = no)",
    "InaccuracyType": null,
    "AccuracyDate": null,
    "AccuracyComments": null,
    "ArchiveProjectName": null,
    "ArchiveReason": null,
    "ArchiveDate": null,
    "ArchiveComments": null,
    "ReplacedAssetID": null,
    "AssociatedInspections": null,
    "FID": null,
    "CreationDate": 1667412663429,
    "Creator": "NLandin_wc",
    "EditDate": 1667942792190,
    "Editor": "NLandin_wc"
   }
  },
  {
   "type": "Feature",
   "id": 2952,
   "geometry": {
    "type": "Point",
    "coordinates": [
     -71.09608628040658,
     42.382365658093775
    ]
   },
   "properties": {
    "OBJECTID": 2952,
    "Subtype": 0,
    "FacilityID": "SW-CB-01090",
    "InstallDat": null,
    "LifecycleS": " ",
    "WaterType": " ",
    "PlanNum": " ",
    "Owner": " ",
    "Comments": " ",
    "AccessDiam": 0,
    "AccessMate": " ",
    "AccesType": " ",
    "Station": 0,
    "RimElevati": 0,
    "FieldBook": " ",
    "Invert": 0,
    "Plan1": " ",
    "Plan2": " ",
    "Plan3": " ",
    "FeatureID": " ",
    "DupeNum": 0,
    "Source": "Stantec",
    "OrthoUpdated": "Yes",
    "GlobalID": "{A56CA06C-84D7-45F3-AE04-F3FC7210D825}",
    "created_user": "GIS",
    "created_date": 1600300800000,
    "last_edited_user": "GIS",
    "last_edited_date": 1600300800000,
    "Dewb_Edited": 0,
    "AssetStatus": "Active",
    "AccuracyStatus": "Unknown/Null (accurate = no)",
    "InaccuracyType": null,
    "AccuracyDate": null,
    "AccuracyComments": null,
    "ArchiveProjectName": null,
    "ArchiveReason": null,
    "ArchiveDate": null,
    "ArchiveComments": null,
    "ReplacedAssetID": null,
    "AssociatedInspections": null,
    "FID": null,
    "CreationDate": 1667412663429,
    "Creator": "NLandin_wc",
    "EditDate": 1667942792190,
    "Editor": "NLandin_wc"
   }
  },
  {
   "type": "Feature",
   "id": 2972,
   "geometry": {
    "type": "Point",
    "coordinates": [
     -71.10481956694183,
     42.38162492202761
    ]
   },
   "properties": {
    "OBJECTID": 2972,
    "Subtype": 0,
    "FacilityID": "SW-CB-02621",
    "InstallDat": null,
    "LifecycleS": " ",
    "WaterType": " ",
    "PlanNum": " ",
    "Owner": " ",
    "Comments": " ",
    "AccessDiam": 0,
    "AccessMate": " ",
    "AccesType": " ",
    "Station": 0,
    "RimElevati": 0,
    "FieldBook": " ",
    "Invert": 0,
    "Plan1": " ",
    "Plan2": " ",
    "Plan3": " ",
    "FeatureID": " ",
    "DupeNum": 0,
    "Source": "2017 Orthophotography",
    "OrthoUpdated": "Yes",
    "GlobalID": "{12733015-00DE-4636-8F18-187615EC2388}",
    "created_user": "GIS",
    "created_date": 1600300800000,
    "last_edited_user": "GIS",
    "last_edited_date": 1600300800000,
    "Dewb_Edited": 0,
    "AssetStatus": "Active",
    "AccuracyStatus": "Unknown/Null (accurate = no)",
    "InaccuracyType": null,
    "AccuracyDate": null,
    "AccuracyComments": null,
    "ArchiveProjectName": null,
    "ArchiveReason": null,
    "ArchiveDate": null,
    "ArchiveComments": null,
    "ReplacedAssetID": null,
    "AssociatedInspections": null,
    "FID": null,
    "CreationDate": 1667412663429,
    "Creator": "NLandin_wc",
    "EditDate": 1667942792190,
    "Editor": "NLandin_wc"
   }
  },
  {
   "type": "Feature",
   "id": 2981,
   "geometry": {
    "type": "Point",
    "coordinates": [
     -71.09783292785465,
     42.389950255361825
    ]
   },
   "properties": {
    "OBJECTID": 2981,
    "Subtype": 0,
    "FacilityID": "SW-CB-02638",
    "InstallDat": null,
    "LifecycleS": " ",
    "WaterType": " ",
    "PlanNum": " ",
    "Owner": " ",
    "Comments": " ",
    "AccessDiam": 0,
    "AccessMate": " ",
    "AccesType": " ",
    "Station": 0,
    "RimElevati": 0,
    "FieldBook": " ",
    "Invert": 0,
    "Plan1": " ",
    "Plan2": " ",
    "Plan3": " ",
    "FeatureID": " ",
    "DupeNum": 0,
    "Source": "2017 Orthophotography",
    "OrthoUpdated": "Yes",
    "GlobalID": "{8D51FCC4-A380-4E9B-A2D7-9B418CAFE81F}",
    "created_user": "GIS",
    "created_date": 1600300800000,
    "last_edited_user": "GIS",
    "last_edited_date": 1600300800000,
    "Dewb_Edited": 0,
    "AssetStatus": "Active",
    "AccuracyStatus": "Unknown/Null (accurate = no)",
    "InaccuracyType": null,
    "AccuracyDate": null,
    "AccuracyComments": null,
    "ArchiveProjectName": null,
    "ArchiveReason": null,
    "ArchiveDate": null,
    "ArchiveComments": null,
    "ReplacedAssetID": null,
    "AssociatedInspections": null,
    "FID": null,
    "CreationDate": 1667412663429,
    "Creator": "NLandin_wc",
    "EditDate": 1667942792190,
    "Editor": "NLandin_wc"
   }
  },
  {
   "type": "Feature",
   "id": 2987,
   "geometry": {
    "type": "Point",
    "coordinates": [
     -71.10048143961248,
     42.38962192730714
    ]
   },
   "properties": {
    "OBJECTID": 2987,
    "Subtype": 1,
    "FacilityID": "SW-CB-00210",
    "InstallDat": -1356998400000,
    "LifecycleS": "Active",
    "WaterType": "Storm",
    "PlanNum": "MM-8",
    "Owner": "Somerv",
    "Comments": "ASSUMED FROM PLAN TO BE CATCH BASIN - MAY BE OWNED BY B&L R.R. - PLANS GIVE NO PROFILE OR DATA ON STRUCTURES",
    "AccessDiam": 0,
    "AccessMate": "Unk",
    "AccesType": "Unk",
    "Station": 9999,
    "RimElevati": 9999,
    "FieldBook": " ",
    "Invert": 9999,
    "Plan1": "MM-08",
    "Plan2": " ",
    "Plan3": " ",
    "FeatureID": "CB-SD-211",
    "DupeNum": 1,
    "Source": "Original City Data",
    "OrthoUpdated": "Not Visible",
    "GlobalID": "{3D74C031-B755-4D6A-82E6-09EC248D7835}",
    "created_user": "GIS",
    "created_date": 1600300800000,
    "last_edited_user": "GIS",
    "last_edited_date": 1600300800000,
    "Dewb_Edited": 0,
    "AssetStatus": "Active",
    "AccuracyStatus": "Unknown/Null (accurate = no)",
    "InaccuracyType": null,
    "AccuracyDate": null,
    "AccuracyComments": null,
    "ArchiveProjectName": null,
    "ArchiveReason": null,
    "ArchiveDate": null,
    "ArchiveComments": null,
    "ReplacedAssetID": null,
    "AssociatedInspections": null,
    "FID": null,
    "CreationDate": 1667412663429,
    "Creator": "NLandin_wc",
    "EditDate": 1667942792190,
    "Editor": "NLandin_wc"
   }
  },
  {
   "type": "Feature",
   "id": 2991,
   "geometry": {
    "type": "Point",
    "coordinates": [
     -71.10374283100786,
     42.38959823365018
    ]
   },
   "properties": {
    "OBJECTID": 2991,
    "Subtype": 0,
    "FacilityID": "SW-CB-00495",
    "InstallDat": 253392451200000,
    "LifecycleS": "Active",
    "WaterType": "Storm",
    "PlanNum": "TB-048",
    "Owner": "Somerv",
    "Comments": " ",
    "AccessDiam": 9999,
    "AccessMate": "Unk",
    "AccesType": "Unk",
    "Station": 9999,
    "RimElevati": 83.24,
    "FieldBook": " ",
    "Invert": 80.14,
    "Plan1": "TB-048",
    "Plan2": " ",
    "Plan3": " ",
    "FeatureID": "CB-SD-496",
    "DupeNum": 1,
    "Source": "Original City Data",
    "OrthoUpdated": "Yes",
    "GlobalID": "{DB065C30-D8CA-4A38-9E8E-82113F538A30}",
    "created_user": "GIS",
    "created_date": 1600300800000,
    "last_edited_user": "GIS",
    "last_edited_date": 1600300800000,
    "Dewb_Edited": 0,
    "AssetStatus": "Active",
    "AccuracyStatus": "Unknown/Null (accurate = no)",
    "InaccuracyType": null,
    "AccuracyDate": null,
    "AccuracyComments": null,
    "ArchiveProjectName": null,
    "ArchiveReason": null,
    "ArchiveDate": null,
    "ArchiveComments": null,
    "ReplacedAssetID": null,
    "AssociatedInspections": null,
    "FID": null,
    "CreationDate": 1667412663429,
    "Creator": "NLandin_wc",
    "EditDate": 1667942792190,
    "Editor": "NLandin_wc"
   }
  },
  {
   "type": "Feature",
   "id": 2993,
   "geometry": {
    "type": "Point",
    "coordinates": [
     -71.10933651175472,
     42.38296196263091
    ]
   },
   "properties": {
    "OBJECTID": 2993,
    "Subtype": 0,
    "FacilityID": "SW-CB-03572",
    "InstallDat": null,
    "LifecycleS": " ",
    "WaterType": " ",
    "PlanNum": " ",
    "Owner": " ",
    "Comments": " ",
    "AccessDiam": 0,
    "AccessMate": " ",
    "AccesType": " ",
    "Station": 0,
    "RimElevati": 0,
    "FieldBook": " ",
    "Invert": 0,
    "Plan1": " ",
    "Plan2": " ",
    "Plan3": " ",
    "FeatureID": " ",
    "DupeNum": 0,
    "Source": "2017 Orthophotography",
    "OrthoUpdated": "Yes",
    "GlobalID": "{EC80972A-7330-4A42-87A3-F0F76E261C53}",
    "created_user": "GIS",
    "created_date": 1600300800000,
    "last_edited_user": "GIS",
    "last_edited_date": 1600300800000,
    "Dewb_Edited": 0,
    "AssetStatus": "Active",
    "AccuracyStatus": "Unknown/Null (accurate = no)",
    "InaccuracyType": null,
    "AccuracyDate": null,
    "AccuracyComments": null,
    "ArchiveProjectName": null,
    "ArchiveReason": null,
    "ArchiveDate": null,
    "ArchiveComments": null,
    "ReplacedAssetID": null,
    "AssociatedInspections": null,
    "FID": null,
    "CreationDate": 1667412663429,
    "Creator": "NLandin_wc",
    "EditDate": 1667942792190,
    "Editor": "NLandin_wc"
   }
  },
  {
   "type": "Feature",
   "id": 2994,
   "geometry": {
    "type": "Point",
    "coordinates": [
     -71.09784956674936,
     42.38315637383714
    ]
   },
   "properties": {
    "OBJECTID": 2994,
    "Subtype": 0,
    "FacilityID": "SW-CB-00724",
    "InstallDat": null,
    "LifecycleS": " ",
    "WaterType": " ",
    "PlanNum": " ",
    "Owner": " ",
    "Comments": " ",
    "AccessDiam": 0,
    "AccessMate": " ",
    "AccesType": " ",
    "Station": 0,
    "RimElevati": 0,
    "FieldBook": " ",
    "Invert": 0,
    "Plan1": " ",
    "Plan2": " ",
    "Plan3": " ",
    "FeatureID": " ",
    "DupeNum": 0,
    "Source": "Stantec",
    "OrthoUpdated": "Yes",
    "GlobalID": "{A1D850D9-359A-4108-BED4-8441E093AA02}",
    "created_user": "GIS",
    "created_date": 1600300800000,
    "last_edited_user": "GIS",
    "last_edited_date": 1600300800000,
    "Dewb_Edited": 0,
    "AssetStatus": "Active",
    "AccuracyStatus": "Unknown/Null (accurate = no)",
    "InaccuracyType": null,
    "AccuracyDate": null,
    "AccuracyComments": null,
    "ArchiveProjectName": null,
    "ArchiveReason": null,
    "ArchiveDate": null,
    "ArchiveComments": null,
    "ReplacedAssetID": null,
    "AssociatedInspections": null,
    "FID": null,
    "CreationDate": 1667412663429,
    "Creator": "NLandin_wc",
    "EditDate": 1667942792190,
    "Editor": "NLandin_wc"
   }
  },
  {
   "type": "Feature",
   "id": 2999,
   "geometry": {
    "type": "Point",
    "coordinates": [
     -71.10668532360955,
     42.3837607359763
    ]
   },
   "properties": {
    "OBJECTID": 2999,
    "Subtype": 0,
    "FacilityID": "SW-CB-00976",
    "InstallDat": null,
    "LifecycleS": " ",
    "WaterType": " ",
    "PlanNum": " ",
    "Owner": " ",
    "Comments": " ",
    "AccessDiam": 0,
    "AccessMate": " ",
    "AccesType": " ",
    "Station": 0,
    "RimElevati": 0,
    "FieldBook": " ",
    "Invert": 0,
    "Plan1": " ",
    "Plan2": " ",
    "Plan3": " ",
    "FeatureID": " ",
    "DupeNum": 0,
    "Source": "Stantec",
    "OrthoUpdated": "Yes",
    "GlobalID": "{7D8B7103-948D-4DC9-9A2A-E4228A03C1F6}",
    "created_user": "GIS",
    "created_date": 1600300800000,
    "last_edited_user": "GIS",
    "last_edited_date": 1600300800000,
    "Dewb_Edited": 0,
    "AssetStatus": "Active",
    "AccuracyStatus": "Unknown/Null (accurate = no)",
    "InaccuracyType": null,
    "AccuracyDate": null,
    "AccuracyComments": null,
    "ArchiveProjectName": null,
    "ArchiveReason": null,
    "ArchiveDate": null,
    "ArchiveComments": null,
    "ReplacedAssetID": null,
    "AssociatedInspections": null,
    "FID": null,
    "CreationDate": 1667412663429,
    "Creator": "NLandin_wc",
    "EditDate": 1667942792190,
    "Editor": "NLandin_wc"
   }
  },
  {
   "type": "Feature",
   "id": 3002,
   "geometry": {
    "type": "Point",
    "coordinates": [
     -71.10200011912553,
     42.38642597492435
    ]
   },
   "properties": {
    "OBJECTID": 3002,
    "Subtype": 0,
    "FacilityID": "SW-CB-00814",
    "InstallDat": null,
    "LifecycleS": " ",
    "WaterType": " ",
    "PlanNum": " ",
    "Owner": " ",
    "Comments": " ",
    "AccessDiam": 0,
    "AccessMate": " ",
    "AccesType": " ",
    "Station": 0,
    "RimElevati": 0,
    "FieldBook": " ",
    "Invert": 0,
    "Plan1": " ",
    "Plan2": " ",
    "Plan3": " ",
    "FeatureID": " ",
    "DupeNum": 0,
    "Source": "Stantec",
    "OrthoUpdated": "Yes",
    "GlobalID": "{2BE81353-E456-456E-9E95-89FEDB2E1745}",
    "created_user": "GIS",
    "created_date": 1600300800000,
    "last_edited_user": "GIS",
    "last_edited_date": 1600300800000,
    "Dewb_Edited": 0,
    "AssetStatus": "Active",
    "AccuracyStatus": "Unknown/Null (accurate = no)",
    "InaccuracyType": null,
    "AccuracyDate": null,
    "AccuracyComments": null,
    "ArchiveProjectName": null,
    "ArchiveReason": null,
    "ArchiveDate": null,
    "ArchiveComments": null,
    "ReplacedAssetID": null,
    "AssociatedInspections": null,
    "FID": null,
    "CreationDate": 1667412663429,
    "Creator": "NLandin_wc",
    "EditDate": 1667942792190,
    "Editor": "NLandin_wc"
   }
  },
  {
   "type": "Feature",
   "id": 3013,
   "geometry": {
    "type": "Point",
    "coordinates": [
     -71.10841510148617,
     42.38428032877795
    ]
   },
   "properties": {
    "OBJECTID": 3013,
    "Subtype": 0,
    "FacilityID": "SW-CB-00973",
    "InstallDat": null,
    "LifecycleS": " ",
    "WaterType": " ",
    "PlanNum": " ",
    "Owner": " ",
    "Comments": " ",
    "AccessDiam": 0,
    "AccessMate": " ",
    "AccesType": " ",
    "Station": 0,
    "RimElevati": 0,
    "FieldBook": " ",
    "Invert": 0,
    "Plan1": " ",
    "Plan2": " ",
    "Plan3": " ",
    "FeatureID": " ",
    "DupeNum": 0,
    "Source": "Stantec",
    "OrthoUpdated": "Yes",
    "GlobalID": "{096FB838-0810-428F-AD10-5E9C8CEC12F2}",
    "created_user": "GIS",
    "created_date": 1600300800000,
    "last_edited_user": "GIS",
    "last_edited_date": 1600300800000,
    "Dewb_Edited": 0,
    "AssetStatus": "Active",
    "AccuracyStatus": "Unknown/Null (accurate = no)",
    "InaccuracyType": null,
    "AccuracyDate": null,
    "AccuracyComments": null,
    "ArchiveProjectName": null,
    "ArchiveReason": null,
    "ArchiveDate": null,
    "ArchiveComments": null,
    "ReplacedAssetID": null,
    "AssociatedInspections": null,
    "FID": null,
    "CreationDate": 1667412663429,
    "Creator": "NLandin_wc",
    "EditDate": 1667942792190,
    "Editor": "NLandin_wc"
   }
  },
  {
   "type": "Feature",
   "id": 3021,
   "geometry": {
    "type": "Point",
    "coordinates": [
     -71.10376947018325,
     42.38544199478238
    ]
   },
   "properties": {
    "OBJECTID": 3021,
    "Subtype": 0,
    "FacilityID": "SW-CB-01017",
    "InstallDat": null,
    "LifecycleS": " ",
    "WaterType": " ",
    "PlanNum": " ",
    "Owner": " ",
    "Comments": " ",
    "AccessDiam": 0,
    "AccessMate": " ",
    "AccesType": " ",
    "Station": 0,
    "RimElevati": 0,
    "FieldBook": " ",
    "Invert": 0,
    "Plan1": " ",
    "Plan2": " ",
    "Plan3": " ",
    "FeatureID": " ",
    "DupeNum": 0,
    "Source": "Stantec",
    "OrthoUpdated": "Yes",
    "GlobalID": "{8B1E5D2D-F56E-4334-A70A-35AC7AC29B75}",
    "created_user": "GIS",
    "created_date": 1600300800000,
    "last_edited_user": "GIS",
    "last_edited_date": 1600300800000,
    "Dewb_Edited": 0,
    "AssetStatus": "Active",
    "AccuracyStatus": "Unknown/Null (accurate = no)",
    "InaccuracyType": null,
    "AccuracyDate": null,
    "AccuracyComments": null,
    "ArchiveProjectName": null,
    "ArchiveReason": null,
    "ArchiveDate": null,
    "ArchiveComments": null,
    "ReplacedAssetID": null,
    "AssociatedInspections": null,
    "FID": null,
    "CreationDate": 1667412663429,
    "Creator": "NLandin_wc",
    "EditDate": 1667942792190,
    "Editor": "NLandin_wc"
   }
  },
  {
   "type": "Feature",
   "id": 3023,
   "geometry": {
    "type": "Point",
    "coordinates": [
     -71.10919182560801,
     42.39066978981951
    ]
   },
   "properties": {
    "OBJECTID": 3023,
    "Subtype": 0,
    "FacilityID": "SW-CB-02763",
    "InstallDat": null,
    "LifecycleS": " ",
    "WaterType": " ",
    "PlanNum": " ",
    "Owner": " ",
    "Comments": " ",
    "AccessDiam": 0,
    "AccessMate": " ",
    "AccesType": " ",
    "Station": 0,
    "RimElevati": 0,
    "FieldBook": " ",
    "Invert": 0,
    "Plan1": " ",
    "Plan2": " ",
    "Plan3": " ",
    "FeatureID": " ",
    "DupeNum": 0,
    "Source": "2017 Orthophotography",
    "OrthoUpdated": "Yes",
    "GlobalID": "{F77DAD15-113F-4437-8F64-5D5FA0D8EF02}",
    "created_user": "GIS",
    "created_date": 1600300800000,
    "last_edited_user": "GIS",
    "last_edited_date": 1600300800000,
    "Dewb_Edited": 0,
    "AssetStatus": "Active",
    "AccuracyStatus": "Unknown/Null (accurate = no)",
    "InaccuracyType": null,
    "AccuracyDate": null,
    "AccuracyComments": null,
    "ArchiveProjectName": null,
    "ArchiveReason": null,
    "ArchiveDate": null,
    "ArchiveComments": null,
    "ReplacedAssetID": null,
    "AssociatedInspections": null,
    "FID": null,
    "CreationDate": 1667412663429,
    "Creator": "NLandin_wc",
    "EditDate": 1667942792190,
    "Editor": "NLandin_wc"
   }
  },
  {
   "type": "Feature",
   "id": 3025,
   "geometry": {
    "type": "Point",
    "coordinates": [
     -71.1019177249056,
     42.38639662875371
    ]
   },
   "properties": {
    "OBJECTID": 3025,
    "Subtype": 0,
    "FacilityID": "SW-CB-00815",
    "InstallDat": null,
    "LifecycleS": " ",
    "WaterType": " ",
    "PlanNum": " ",
    "Owner": " ",
    "Comments": " ",
    "AccessDiam": 0,
    "AccessMate": " ",
    "AccesType": " ",
    "Station": 0,
    "RimElevati": 0,
    "FieldBook": " ",
    "Invert": 0,
    "Plan1": " ",
    "Plan2": " ",
    "Plan3": " ",
    "FeatureID": " ",
    "DupeNum": 0,
    "Source": "Stantec",
    "OrthoUpdated": "Yes",
    "GlobalID": "{F82964DB-3114-41D7-AE5B-9000EC3D097B}",
    "created_user": "GIS",
    "created_date": 1600300800000,
    "last_edited_user": "GIS",
    "last_edited_date": 1600300800000,
    "Dewb_Edited": 0,
    "AssetStatus": "Active",
    "AccuracyStatus": "Unknown/Null (accurate = no)",
    "InaccuracyType": null,
    "AccuracyDate": null,
    "AccuracyComments": null,
    "ArchiveProjectName": null,
    "ArchiveReason": null,
    "ArchiveDate": null,
    "ArchiveComments": null,
    "ReplacedAssetID": null,
    "AssociatedInspections": null,
    "FID": null,
    "CreationDate": 1667412663429,
    "Creator": "NLandin_wc",
    "EditDate": 1667942792190,
    "Editor": "NLandin_wc"
   }
  },
  {
   "type": "Feature",
   "id": 3032,
   "geometry": {
    "type": "Point",
    "coordinates": [
     -71.09719515781222,
     42.38900741033054
    ]
   },
   "properties": {
    "OBJECTID": 3032,
    "Subtype": 0,
    "FacilityID": "SW-CB-02721",
    "InstallDat": null,
    "LifecycleS": " ",
    "WaterType": " ",
    "PlanNum": " ",
    "Owner": " ",
    "Comments": " ",
    "AccessDiam": 0,
    "AccessMate": " ",
    "AccesType": " ",
    "Station": 0,
    "RimElevati": 0,
    "FieldBook": " ",
    "Invert": 0,
    "Plan1": " ",
    "Plan2": " ",
    "Plan3": " ",
    "FeatureID": " ",
    "DupeNum": 0,
    "Source": "2017 Orthophotography",
    "OrthoUpdated": "Yes",
    "GlobalID": "{EC442F38-6C7A-4DB5-9388-DD16AFFE6F63}",
    "created_user": "GIS",
    "created_date": 1600300800000,
    "last_edited_user": "GIS",
    "last_edited_date": 1600300800000,
    "Dewb_Edited": 0,
    "AssetStatus": "Active",
    "AccuracyStatus": "Unknown/Null (accurate = no)",
    "InaccuracyType": null,
    "AccuracyDate": null,
    "AccuracyComments": null,
    "ArchiveProjectName": null,
    "ArchiveReason": null,
    "ArchiveDate": null,
    "ArchiveComments": null,
    "ReplacedAssetID": null,
    "AssociatedInspections": null,
    "FID": null,
    "CreationDate": 1667412663429,
    "Creator": "NLandin_wc",
    "EditDate": 1667942792190,
    "Editor": "NLandin_wc"
   }
  },
  {
   "type": "Feature",
   "id": 3033,
   "geometry": {
    "type": "Point",
    "coordinates": [
     -71.10583599628977,
     42.380262860241736
    ]
   },
   "properties": {
    "OBJECTID": 3033,
    "Subtype": 0,
    "FacilityID": "SW-CB-02570",
    "InstallDat": null,
    "LifecycleS": " ",
    "WaterType": " ",
    "PlanNum": " ",
    "Owner": " ",
    "Comments": " ",
    "AccessDiam": 0,
    "AccessMate": " ",
    "AccesType": " ",
    "Station": 0,
    "RimElevati": 0,
    "FieldBook": " ",
    "Invert": 0,
    "Plan1": " ",
    "Plan2": " ",
    "Plan3": " ",
    "FeatureID": " ",
    "DupeNum": 0,
    "Source": "2017 Orthophotography",
    "OrthoUpdated": "Yes",
    "GlobalID": "{52F5BC73-131C-4EEA-968F-76C17DE64586}",
    "created_user": "GIS",
    "created_date": 1600300800000,
    "last_edited_user": "GIS",
    "last_edited_date": 1600300800000,
    "Dewb_Edited": 0,
    "AssetStatus": "Active",
    "AccuracyStatus": "Unknown/Null (accurate = no)",
    "InaccuracyType": null,
    "AccuracyDate": null,
    "AccuracyComments": null,
    "ArchiveProjectName": null,
    "ArchiveReason": null,
    "ArchiveDate": null,
    "ArchiveComments": null,
    "ReplacedAssetID": null,
    "AssociatedInspections": null,
    "FID": null,
    "CreationDate": 1667412663429,
    "Creator": "NLandin_wc",
    "EditDate": 1667942792190,
    "Editor": "NLandin_wc"
   }
  },
  {
   "type": "Feature",
   "id": 3035,
   "geometry": {
    "type": "Point",
    "coordinates": [
     -71.10537083392359,
     42.380374687867146
    ]
   },
   "properties": {
    "OBJECTID": 3035,
    "Subtype": 0,
    "FacilityID": "SW-CB-02600",
    "InstallDat": null,
    "LifecycleS": " ",
    "WaterType": " ",
    "PlanNum": " ",
    "Owner": " ",
    "Comments": " ",
    "AccessDiam": 0,
    "AccessMate": " ",
    "AccesType": " ",
    "Station": 0,
    "RimElevati": 0,
    "FieldBook": " ",
    "Invert": 0,
    "Plan1": " ",
    "Plan2": " ",
    "Plan3": " ",
    "FeatureID": " ",
    "DupeNum": 0,
    "Source": "2017 Orthophotography",
    "OrthoUpdated": "Yes",
    "GlobalID": "{1727F714-0C52-43D1-B8FE-86627374A8E7}",
    "created_user": "GIS",
    "created_date": 1600300800000,
    "last_edited_user": "GIS",
    "last_edited_date": 1600300800000,
    "Dewb_Edited": 0,
    "AssetStatus": "Active",
    "AccuracyStatus": "Unknown/Null (accurate = no)",
    "InaccuracyType": null,
    "AccuracyDate": null,
    "AccuracyComments": null,
    "ArchiveProjectName": null,
    "ArchiveReason": null,
    "ArchiveDate": null,
    "ArchiveComments": null,
    "ReplacedAssetID": null,
    "AssociatedInspections": null,
    "FID": null,
    "CreationDate": 1667412663429,
    "Creator": "NLandin_wc",
    "EditDate": 1667942792190,
    "Editor": "NLandin_wc"
   }
  },
  {
   "type": "Feature",
   "id": 3038,
   "geometry": {
    "type": "Point",
    "coordinates": [
     -71.09533708630245,
     42.38134365624728
    ]
   },
   "properties": {
    "OBJECTID": 3038,
    "Subtype": 0,
    "FacilityID": "SW-CB-01103",
    "InstallDat": null,
    "LifecycleS": " ",
    "WaterType": " ",
    "PlanNum": " ",
    "Owner": " ",
    "Comments": " ",
    "AccessDiam": 0,
    "AccessMate": " ",
    "AccesType": " ",
    "Station": 0,
    "RimElevati": 0,
    "FieldBook": " ",
    "Invert": 0,
    "Plan1": " ",
    "Plan2": " ",
    "Plan3": " ",
    "FeatureID": " ",
    "DupeNum": 0,
    "Source": "Stantec",
    "OrthoUpdated": "Yes",
    "GlobalID": "{A2B0AAA0-00B2-4741-A14A-5076D469CCEE}",
    "created_user": "GIS",
    "created_date": 1600300800000,
    "last_edited_user": "GIS",
    "last_edited_date": 1600300800000,
    "Dewb_Edited": 0,
    "AssetStatus": "Active",
    "AccuracyStatus": "Unknown/Null (accurate = no)",
    "InaccuracyType": null,
    "AccuracyDate": null,
    "AccuracyComments": null,
    "ArchiveProjectName": null,
    "ArchiveReason": null,
    "ArchiveDate": null,
    "ArchiveComments": null,
    "ReplacedAssetID": null,
    "AssociatedInspections": null,
    "FID": null,
    "CreationDate": 1667412663429,
    "Creator": "NLandin_wc",
    "EditDate": 1667942792190,
    "Editor": "NLandin_wc"
   }
  },
  {
   "type": "Feature",
   "id": 3047,
   "geometry": {
    "type": "Point",
    "coordinates": [
     -71.10567330015932,
     42.38846679201154
    ]
   },
   "properties": {
    "OBJECTID": 3047,
    "Subtype": 0,
    "FacilityID": "SW-CB-01012",
    "InstallDat": null,
    "LifecycleS": " ",
    "WaterType": " ",
    "PlanNum": " ",
    "Owner": " ",
    "Comments": " ",
    "AccessDiam": 0,
    "AccessMate": " ",
    "AccesType": " ",
    "Station": 0,
    "RimElevati": 0,
    "FieldBook": " ",
    "Invert": 0,
    "Plan1": " ",
    "Plan2": " ",
    "Plan3": " ",
    "FeatureID": " ",
    "DupeNum": 0,
    "Source": "Stantec",
    "OrthoUpdated": "Yes",
    "GlobalID": "{88BA1E2B-92AB-4EF3-BCFC-97088B1F6CB3}",
    "created_user": "GIS",
    "created_date": 1600300800000,
    "last_edited_user": "GIS",
    "last_edited_date": 1600300800000,
    "Dewb_Edited": 0,
    "AssetStatus": "Active",
    "AccuracyStatus": "Unknown/Null (accurate = no)",
    "InaccuracyType": null,
    "AccuracyDate": null,
    "AccuracyComments": null,
    "ArchiveProjectName": null,
    "ArchiveReason": null,
    "ArchiveDate": null,
    "ArchiveComments": null,
    "ReplacedAssetID": null,
    "AssociatedInspections": null,
    "FID": null,
    "CreationDate": 1667412663429,
    "Creator": "NLandin_wc",
    "EditDate": 1667942792190,
    "Editor": "NLandin_wc"
   }
  },
  {
   "type": "Feature",
   "id": 3053,
   "geometry": {
    "type": "Point",
    "coordinates": [
     -71.10854980988206,
     42.38615661810364
    ]
   },
   "properties": {
    "OBJECTID": 3053,
    "Subtype": 0,
    "FacilityID": "SW-CB-00945",
    "InstallDat": null,
    "LifecycleS": " ",
    "WaterType": " ",
    "PlanNum": " ",
    "Owner": " ",
    "Comments": " ",
    "AccessDiam": 0,
    "AccessMate": " ",
    "AccesType": " ",
    "Station": 0,
    "RimElevati": 0,
    "FieldBook": " ",
    "Invert": 0,
    "Plan1": " ",
    "Plan2": " ",
    "Plan3": " ",
    "FeatureID": " ",
    "DupeNum": 0,
    "Source": "Stantec",
    "OrthoUpdated": "Yes",
    "GlobalID": "{880E45C3-D680-4D27-B124-6AA250310543}",
    "created_user": "GIS",
    "created_date": 1600300800000,
    "last_edited_user": "GIS",
    "last_edited_date": 1600300800000,
    "Dewb_Edited": 0,
    "AssetStatus": "Active",
    "AccuracyStatus": "Unknown/Null (accurate = no)",
    "InaccuracyType": null,
    "AccuracyDate": null,
    "AccuracyComments": null,
    "ArchiveProjectName": null,
    "ArchiveReason": null,
    "ArchiveDate": null,
    "ArchiveComments": null,
    "ReplacedAssetID": null,
    "AssociatedInspections": null,
    "FID": null,
    "CreationDate": 1667412663429,
    "Creator": "NLandin_wc",
    "EditDate": 1667942792190,
    "Editor": "NLandin_wc"
   }
  },
  {
   "type": "Feature",
   "id": 3058,
   "geometry": {
    "type": "Point",
    "coordinates": [
     -71.09735710662989,
     42.38401617426974
    ]
   },
   "properties": {
    "OBJECTID": 3058,
    "Subtype": 0,
    "FacilityID": "SW-CB-00786",
    "InstallDat": null,
    "LifecycleS": " ",
    "WaterType": " ",
    "PlanNum": " ",
    "Owner": " ",
    "Comments": " ",
    "AccessDiam": 0,
    "AccessMate": " ",
    "AccesType": " ",
    "Station": 0,
    "RimElevati": 0,
    "FieldBook": " ",
    "Invert": 0,
    "Plan1": " ",
    "Plan2": " ",
    "Plan3": " ",
    "FeatureID": " ",
    "DupeNum": 0,
    "Source": "Stantec",
    "OrthoUpdated": "Yes",
    "GlobalID": "{C45EEB62-C667-4248-955E-877DE8A09F40}",
    "created_user": "GIS",
    "created_date": 1600300800000,
    "last_edited_user": "GIS",
    "last_edited_date": 1600300800000,
    "Dewb_Edited": 0,
    "AssetStatus": "Active",
    "AccuracyStatus": "Unknown/Null (accurate = no)",
    "InaccuracyType": null,
    "AccuracyDate": null,
    "AccuracyComments": null,
    "ArchiveProjectName": null,
    "ArchiveReason": null,
    "ArchiveDate": null,
    "ArchiveComments": null,
    "ReplacedAssetID": null,
    "AssociatedInspections": null,
    "FID": null,
    "CreationDate": 1667412663429,
    "Creator": "NLandin_wc",
    "EditDate": 1667942792190,
    "Editor": "NLandin_wc"
   }
  },
  {
   "type": "Feature",
   "id": 3059,
   "geometry": {
    "type": "Point",
    "coordinates": [
     -71.10880733004086,
     42.385071102173825
    ]
   },
   "properties": {
    "OBJECTID": 3059,
    "Subtype": 0,
    "FacilityID": "SW-CB-00952",
    "InstallDat": null,
    "LifecycleS": " ",
    "WaterType": " ",
    "PlanNum": " ",
    "Owner": " ",
    "Comments": " ",
    "AccessDiam": 0,
    "AccessMate": " ",
    "AccesType": " ",
    "Station": 0,
    "RimElevati": 0,
    "FieldBook": " ",
    "Invert": 0,
    "Plan1": " ",
    "Plan2": " ",
    "Plan3": " ",
    "FeatureID": " ",
    "DupeNum": 0,
    "Source": "Stantec",
    "OrthoUpdated": "Yes",
    "GlobalID": "{5A279FB7-7CA2-49F5-B000-A5810A3CAC13}",
    "created_user": "GIS",
    "created_date": 1600300800000,
    "last_edited_user": "GIS",
    "last_edited_date": 1600300800000,
    "Dewb_Edited": 0,
    "AssetStatus": "Active",
    "AccuracyStatus": "Unknown/Null (accurate = no)",
    "InaccuracyType": null,
    "AccuracyDate": null,
    "AccuracyComments": null,
    "ArchiveProjectName": null,
    "ArchiveReason": null,
    "ArchiveDate": null,
    "ArchiveComments": null,
    "ReplacedAssetID": null,
    "AssociatedInspections": null,
    "FID": null,
    "CreationDate": 1667412663429,
    "Creator": "NLandin_wc",
    "EditDate": 1667942792190,
    "Editor": "NLandin_wc"
   }
  },
  {
   "type": "Feature",
   "id": 3060,
   "geometry": {
    "type": "Point",
    "coordinates": [
     -71.10226634586293,
     42.38983553681327
    ]
   },
   "properties": {
    "OBJECTID": 3060,
    "Subtype": 0,
    "FacilityID": "SW-CB-02829",
    "InstallDat": null,
    "LifecycleS": " ",
    "WaterType": " ",
    "PlanNum": " ",
    "Owner": " ",
    "Comments": " ",
    "AccessDiam": 0,
    "AccessMate": " ",
    "AccesType": " ",
    "Station": 0,
    "RimElevati": 0,
    "FieldBook": " ",
    "Invert": 0,
    "Plan1": " ",
    "Plan2": " ",
    "Plan3": " ",
    "FeatureID": " ",
    "DupeNum": 0,
    "Source": "2017 Orthophotography",
    "OrthoUpdated": "Yes",
    "GlobalID": "{82BA6EC6-E0F7-4B13-BC49-FEA4392FACA3}",
    "created_user": "GIS",
    "created_date": 1600300800000,
    "last_edited_user": "GIS",
    "last_edited_date": 1600300800000,
    "Dewb_Edited": 0,
    "AssetStatus": "Active",
    "AccuracyStatus": "Unknown/Null (accurate = no)",
    "InaccuracyType": null,
    "AccuracyDate": null,
    "AccuracyComments": null,
    "ArchiveProjectName": null,
    "ArchiveReason": null,
    "ArchiveDate": null,
    "ArchiveComments": null,
    "ReplacedAssetID": null,
    "AssociatedInspections": null,
    "FID": null,
    "CreationDate": 1667412663429,
    "Creator": "NLandin_wc",
    "EditDate": 1667942792190,
    "Editor": "NLandin_wc"
   }
  },
  {
   "type": "Feature",
   "id": 3065,
   "geometry": {
    "type": "Point",
    "coordinates": [
     -71.09711757191185,
     42.38577304539927
    ]
   },
   "properties": {
    "OBJECTID": 3065,
    "Subtype": 0,
    "FacilityID": "SW-CB-00789",
    "InstallDat": null,
    "LifecycleS": " ",
    "WaterType": " ",
    "PlanNum": " ",
    "Owner": " ",
    "Comments": " ",
    "AccessDiam": 0,
    "AccessMate": " ",
    "AccesType": " ",
    "Station": 0,
    "RimElevati": 0,
    "FieldBook": " ",
    "Invert": 0,
    "Plan1": " ",
    "Plan2": " ",
    "Plan3": " ",
    "FeatureID": " ",
    "DupeNum": 0,
    "Source": "Stantec",
    "OrthoUpdated": "Yes",
    "GlobalID": "{9C1ACA4E-3073-49C7-B635-345A1A048972}",
    "created_user": "GIS",
    "created_date": 1600300800000,
    "last_edited_user": "GIS",
    "last_edited_date": 1600300800000,
    "Dewb_Edited": 0,
    "AssetStatus": "Active",
    "AccuracyStatus": "Unknown/Null (accurate = no)",
    "InaccuracyType": null,
    "AccuracyDate": null,
    "AccuracyComments": null,
    "ArchiveProjectName": null,
    "ArchiveReason": null,
    "ArchiveDate": null,
    "ArchiveComments": null,
    "ReplacedAssetID": null,
    "AssociatedInspections": null,
    "FID": null,
    "CreationDate": 1667412663429,
    "Creator": "NLandin_wc",
    "EditDate": 1667942792190,
    "Editor": "NLandin_wc"
   }
  },
  {
   "type": "Feature",
   "id": 3070,
   "geometry": {
    "type": "Point",
    "coordinates": [
     -71.09469580440792,
     42.38769596223392
    ]
   },
   "properties": {
    "OBJECTID": 3070,
    "Subtype": 0,
    "FacilityID": "SW-CB-01520",
    "InstallDat": null,
    "LifecycleS": " ",
    "WaterType": " ",
    "PlanNum": " ",
    "Owner": " ",
    "Comments": " ",
    "AccessDiam": 0,
    "AccessMate": " ",
    "AccesType": " ",
    "Station": 0,
    "RimElevati": 0,
    "FieldBook": " ",
    "Invert": 0,
    "Plan1": " ",
    "Plan2": " ",
    "Plan3": " ",
    "FeatureID": " ",
    "DupeNum": 0,
    "Source": "2017 Orthophotography",
    "OrthoUpdated": "Yes",
    "GlobalID": "{FB9B9C5C-5605-40D7-BE7F-F3BE58F19976}",
    "created_user": "GIS",
    "created_date": 1600300800000,
    "last_edited_user": "GIS",
    "last_edited_date": 1600300800000,
    "Dewb_Edited": 0,
    "AssetStatus": "Active",
    "AccuracyStatus": "Unknown/Null (accurate = no)",
    "InaccuracyType": null,
    "AccuracyDate": null,
    "AccuracyComments": null,
    "ArchiveProjectName": null,
    "ArchiveReason": null,
    "ArchiveDate": null,
    "ArchiveComments": null,
    "ReplacedAssetID": null,
    "AssociatedInspections": null,
    "FID": null,
    "CreationDate": 1667412663429,
    "Creator": "NLandin_wc",
    "EditDate": 1667942792190,
    "Editor": "NLandin_wc"
   }
  },
  {
   "type": "Feature",
   "id": 3071,
   "geometry": {
    "type": "Point",
    "coordinates": [
     -71.09552807112415,
     42.38311033845599
    ]
   },
   "properties": {
    "OBJECTID": 3071,
    "Subtype": 0,
    "FacilityID": "SW-CB-01093",
    "InstallDat": null,
    "LifecycleS": " ",
    "WaterType": " ",
    "PlanNum": " ",
    "Owner": " ",
    "Comments": " ",
    "AccessDiam": 0,
    "AccessMate": " ",
    "AccesType": " ",
    "Station": 0,
    "RimElevati": 0,
    "FieldBook": " ",
    "Invert": 0,
    "Plan1": " ",
    "Plan2": " ",
    "Plan3": " ",
    "FeatureID": " ",
    "DupeNum": 0,
    "Source": "Stantec",
    "OrthoUpdated": "Yes",
    "GlobalID": "{92D2DFBD-9F33-40CE-A249-07E4239E2451}",
    "created_user": "GIS",
    "created_date": 1600300800000,
    "last_edited_user": "GIS",
    "last_edited_date": 1600300800000,
    "Dewb_Edited": 0,
    "AssetStatus": "Active",
    "AccuracyStatus": "Unknown/Null (accurate = no)",
    "InaccuracyType": null,
    "AccuracyDate": null,
    "AccuracyComments": null,
    "ArchiveProjectName": null,
    "ArchiveReason": null,
    "ArchiveDate": null,
    "ArchiveComments": null,
    "ReplacedAssetID": null,
    "AssociatedInspections": null,
    "FID": null,
    "CreationDate": 1667412663429,
    "Creator": "NLandin_wc",
    "EditDate": 1667942792190,
    "Editor": "NLandin_wc"
   }
  },
  {
   "type": "Feature",
   "id": 3073,
   "geometry": {
    "type": "Point",
    "coordinates": [
     -71.10715589138785,
     42.381570306782315
    ]
   },
   "properties": {
    "OBJECTID": 3073,
    "Subtype": 0,
    "FacilityID": "SW-CB-02609",
    "InstallDat": null,
    "LifecycleS": " ",
    "WaterType": " ",
    "PlanNum": " ",
    "Owner": " ",
    "Comments": " ",
    "AccessDiam": 0,
    "AccessMate": " ",
    "AccesType": " ",
    "Station": 0,
    "RimElevati": 0,
    "FieldBook": " ",
    "Invert": 0,
    "Plan1": " ",
    "Plan2": " ",
    "Plan3": " ",
    "FeatureID": " ",
    "DupeNum": 0,
    "Source": "2017 Orthophotography",
    "OrthoUpdated": "Yes",
    "GlobalID": "{BA7C8250-05E5-4AB6-A25E-7008E546E973}",
    "created_user": "GIS",
    "created_date": 1600300800000,
    "last_edited_user": "GIS",
    "last_edited_date": 1600300800000,
    "Dewb_Edited": 0,
    "AssetStatus": "Active",
    "AccuracyStatus": "Unknown/Null (accurate = no)",
    "InaccuracyType": null,
    "AccuracyDate": null,
    "AccuracyComments": null,
    "ArchiveProjectName": null,
    "ArchiveReason": null,
    "ArchiveDate": null,
    "ArchiveComments": null,
    "ReplacedAssetID": null,
    "AssociatedInspections": null,
    "FID": null,
    "CreationDate": 1667412663429,
    "Creator": "NLandin_wc",
    "EditDate": 1667942792190,
    "Editor": "NLandin_wc"
   }
  },
  {
   "type": "Feature",
   "id": 3086,
   "geometry": {
    "type": "Point",
    "coordinates": [
     -71.1090928186856,
     42.38867099989383
    ]
   },
   "properties": {
    "OBJECTID": 3086,
    "Subtype": 0,
    "FacilityID": "SW-CB-00897",
    "InstallDat": null,
    "LifecycleS": " ",
    "WaterType": " ",
    "PlanNum": " ",
    "Owner": " ",
    "Comments": " ",
    "AccessDiam": 0,
    "AccessMate": " ",
    "AccesType": " ",
    "Station": 0,
    "RimElevati": 0,
    "FieldBook": " ",
    "Invert": 0,
    "Plan1": " ",
    "Plan2": " ",
    "Plan3": " ",
    "FeatureID": " ",
    "DupeNum": 0,
    "Source": "Stantec",
    "OrthoUpdated": "Yes",
    "GlobalID": "{2F346B20-1D61-4C90-B23E-338075DAE6BA}",
    "created_user": "GIS",
    "created_date": 1600300800000,
    "last_edited_user": "GIS",
    "last_edited_date": 1600300800000,
    "Dewb_Edited": 0,
    "AssetStatus": "Active",
    "AccuracyStatus": "Unknown/Null (accurate = no)",
    "InaccuracyType": null,
    "AccuracyDate": null,
    "AccuracyComments": null,
    "ArchiveProjectName": null,
    "ArchiveReason": null,
    "ArchiveDate": null,
    "ArchiveComments": null,
    "ReplacedAssetID": null,
    "AssociatedInspections": null,
    "FID": null,
    "CreationDate": 1667412663429,
    "Creator": "NLandin_wc",
    "EditDate": 1667942792190,
    "Editor": "NLandin_wc"
   }
  },
  {
   "type": "Feature",
   "id": 3105,
   "geometry": {
    "type": "Point",
    "coordinates": [
     -71.10988635730138,
     42.38750861734241
    ]
   },
   "properties": {
    "OBJECTID": 3105,
    "Subtype": 0,
    "FacilityID": "SW-CB-00898",
    "InstallDat": null,
    "LifecycleS": " ",
    "WaterType": " ",
    "PlanNum": " ",
    "Owner": " ",
    "Comments": " ",
    "AccessDiam": 0,
    "AccessMate": " ",
    "AccesType": " ",
    "Station": 0,
    "RimElevati": 0,
    "FieldBook": " ",
    "Invert": 0,
    "Plan1": " ",
    "Plan2": " ",
    "Plan3": " ",
    "FeatureID": " ",
    "DupeNum": 0,
    "Source": "Stantec",
    "OrthoUpdated": "Yes",
    "GlobalID": "{05CA9741-3CA2-49EF-BF02-7B57859E6B21}",
    "created_user": "GIS",
    "created_date": 1600300800000,
    "last_edited_user": "GIS",
    "last_edited_date": 1600300800000,
    "Dewb_Edited": 0,
    "AssetStatus": "Active",
    "AccuracyStatus": "Unknown/Null (accurate = no)",
    "InaccuracyType": null,
    "AccuracyDate": null,
    "AccuracyComments": null,
    "ArchiveProjectName": null,
    "ArchiveReason": null,
    "ArchiveDate": null,
    "ArchiveComments": null,
    "ReplacedAssetID": null,
    "AssociatedInspections": null,
    "FID": null,
    "CreationDate": 1667412663429,
    "Creator": "NLandin_wc",
    "EditDate": 1667942792190,
    "Editor": "NLandin_wc"
   }
  },
  {
   "type": "Feature",
   "id": 3106,
   "geometry": {
    "type": "Point",
    "coordinates": [
     -71.09710234889299,
     42.38031331216709
    ]
   },
   "properties": {
    "OBJECTID": 3106,
    "Subtype": 0,
    "FacilityID": "SW-CB-00690",
    "InstallDat": null,
    "LifecycleS": " ",
    "WaterType": " ",
    "PlanNum": " ",
    "Owner": " ",
    "Comments": " ",
    "AccessDiam": 0,
    "AccessMate": " ",
    "AccesType": " ",
    "Station": 0,
    "RimElevati": 0,
    "FieldBook": " ",
    "Invert": 0,
    "Plan1": " ",
    "Plan2": " ",
    "Plan3": " ",
    "FeatureID": " ",
    "DupeNum": 0,
    "Source": "Stantec",
    "OrthoUpdated": "Yes",
    "GlobalID": "{D1A7E891-A020-4992-9C79-3142F4626253}",
    "created_user": "GIS",
    "created_date": 1600300800000,
    "last_edited_user": "GIS",
    "last_edited_date": 1600300800000,
    "Dewb_Edited": 0,
    "AssetStatus": "Active",
    "AccuracyStatus": "Unknown/Null (accurate = no)",
    "InaccuracyType": null,
    "AccuracyDate": null,
    "AccuracyComments": null,
    "ArchiveProjectName": null,
    "ArchiveReason": null,
    "ArchiveDate": null,
    "ArchiveComments": null,
    "ReplacedAssetID": null,
    "AssociatedInspections": null,
    "FID": null,
    "CreationDate": 1667412663429,
    "Creator": "NLandin_wc",
    "EditDate": 1667942792190,
    "Editor": "NLandin_wc"
   }
  },
  {
   "type": "Feature",
   "id": 3108,
   "geometry": {
    "type": "Point",
    "coordinates": [
     -71.11012366228789,
     42.38319247279457
    ]
   },
   "properties": {
    "OBJECTID": 3108,
    "Subtype": 0,
    "FacilityID": "SW-CB-00928",
    "InstallDat": null,
    "LifecycleS": " ",
    "WaterType": " ",
    "PlanNum": " ",
    "Owner": " ",
    "Comments": " ",
    "AccessDiam": 0,
    "AccessMate": " ",
    "AccesType": " ",
    "Station": 0,
    "RimElevati": 0,
    "FieldBook": " ",
    "Invert": 0,
    "Plan1": " ",
    "Plan2": " ",
    "Plan3": " ",
    "FeatureID": " ",
    "DupeNum": 0,
    "Source": "Stantec",
    "OrthoUpdated": "Yes",
    "GlobalID": "{0F54E8CF-7AEF-4136-8EA5-F4ECB03E2380}",
    "created_user": "GIS",
    "created_date": 1600300800000,
    "last_edited_user": "GIS",
    "last_edited_date": 1600300800000,
    "Dewb_Edited": 0,
    "AssetStatus": "Active",
    "AccuracyStatus": "Unknown/Null (accurate = no)",
    "InaccuracyType": null,
    "AccuracyDate": null,
    "AccuracyComments": null,
    "ArchiveProjectName": null,
    "ArchiveReason": null,
    "ArchiveDate": null,
    "ArchiveComments": null,
    "ReplacedAssetID": null,
    "AssociatedInspections": null,
    "FID": null,
    "CreationDate": 1667412663429,
    "Creator": "NLandin_wc",
    "EditDate": 1667942792190,
    "Editor": "NLandin_wc"
   }
  },
  {
   "type": "Feature",
   "id": 3112,
   "geometry": {
    "type": "Point",
    "coordinates": [
     -71.10995485894561,
     42.386120995923825
    ]
   },
   "properties": {
    "OBJECTID": 3112,
    "Subtype": 0,
    "FacilityID": "SW-CB-00935",
    "InstallDat": null,
    "LifecycleS": " ",
    "WaterType": " ",
    "PlanNum": " ",
    "Owner": " ",
    "Comments": " ",
    "AccessDiam": 0,
    "AccessMate": " ",
    "AccesType": " ",
    "Station": 0,
    "RimElevati": 0,
    "FieldBook": " ",
    "Invert": 0,
    "Plan1": " ",
    "Plan2": " ",
    "Plan3": " ",
    "FeatureID": " ",
    "DupeNum": 0,
    "Source": "Stantec",
    "OrthoUpdated": "Yes",
    "GlobalID": "{A65ADE2C-06AC-409A-85CA-52CFD37E7733}",
    "created_user": "GIS",
    "created_date": 1600300800000,
    "last_edited_user": "GIS",
    "last_edited_date": 1600300800000,
    "Dewb_Edited": 0,
    "AssetStatus": "Active",
    "AccuracyStatus": "Unknown/Null (accurate = no)",
    "InaccuracyType": null,
    "AccuracyDate": null,
    "AccuracyComments": null,
    "ArchiveProjectName": null,
    "ArchiveReason": null,
    "ArchiveDate": null,
    "ArchiveComments": null,
    "ReplacedAssetID": null,
    "AssociatedInspections": null,
    "FID": null,
    "CreationDate": 1667412663429,
    "Creator": "NLandin_wc",
    "EditDate": 1667942792190,
    "Editor": "NLandin_wc"
   }
  },
  {
   "type": "Feature",
   "id": 3114,
   "geometry": {
    "type": "Point",
    "coordinates": [
     -71.10641893795369,
     42.384215622146094
    ]
   },
   "properties": {
    "OBJECTID": 3114,
    "Subtype": 0,
    "FacilityID": "SW-CB-00983",
    "InstallDat": null,
    "LifecycleS": " ",
    "WaterType": " ",
    "PlanNum": " ",
    "Owner": " ",
    "Comments": " ",
    "AccessDiam": 0,
    "AccessMate": " ",
    "AccesType": " ",
    "Station": 0,
    "RimElevati": 0,
    "FieldBook": " ",
    "Invert": 0,
    "Plan1": " ",
    "Plan2": " ",
    "Plan3": " ",
    "FeatureID": " ",
    "DupeNum": 0,
    "Source": "Stantec",
    "OrthoUpdated": "Yes",
    "GlobalID": "{58867EBC-6430-4840-B886-F3280A82D348}",
    "created_user": "GIS",
    "created_date": 1600300800000,
    "last_edited_user": "GIS",
    "last_edited_date": 1600300800000,
    "Dewb_Edited": 0,
    "AssetStatus": "Active",
    "AccuracyStatus": "Unknown/Null (accurate = no)",
    "InaccuracyType": null,
    "AccuracyDate": null,
    "AccuracyComments": null,
    "ArchiveProjectName": null,
    "ArchiveReason": null,
    "ArchiveDate": null,
    "ArchiveComments": null,
    "ReplacedAssetID": null,
    "AssociatedInspections": null,
    "FID": null,
    "CreationDate": 1667412663429,
    "Creator": "NLandin_wc",
    "EditDate": 1667942792190,
    "Editor": "NLandin_wc"
   }
  },
  {
   "type": "Feature",
   "id": 3118,
   "geometry": {
    "type": "Point",
    "coordinates": [
     -71.10144529478276,
     42.38613190178585
    ]
   },
   "properties": {
    "OBJECTID": 3118,
    "Subtype": 0,
    "FacilityID": "SW-CB-00819",
    "InstallDat": null,
    "LifecycleS": " ",
    "WaterType": " ",
    "PlanNum": " ",
    "Owner": " ",
    "Comments": " ",
    "AccessDiam": 0,
    "AccessMate": " ",
    "AccesType": " ",
    "Station": 0,
    "RimElevati": 0,
    "FieldBook": " ",
    "Invert": 0,
    "Plan1": " ",
    "Plan2": " ",
    "Plan3": " ",
    "FeatureID": " ",
    "DupeNum": 0,
    "Source": "Stantec",
    "OrthoUpdated": "Yes",
    "GlobalID": "{12EE9086-821F-4F16-90AA-E4A03FBC0075}",
    "created_user": "GIS",
    "created_date": 1600300800000,
    "last_edited_user": "GIS",
    "last_edited_date": 1600300800000,
    "Dewb_Edited": 0,
    "AssetStatus": "Active",
    "AccuracyStatus": "Unknown/Null (accurate = no)",
    "InaccuracyType": null,
    "AccuracyDate": null,
    "AccuracyComments": null,
    "ArchiveProjectName": null,
    "ArchiveReason": null,
    "ArchiveDate": null,
    "ArchiveComments": null,
    "ReplacedAssetID": null,
    "AssociatedInspections": null,
    "FID": null,
    "CreationDate": 1667412663429,
    "Creator": "NLandin_wc",
    "EditDate": 1667942792190,
    "Editor": "NLandin_wc"
   }
  },
  {
   "type": "Feature",
   "id": 3121,
   "geometry": {
    "type": "Point",
    "coordinates": [
     -71.1056713045038,
     42.390241093389974
    ]
   },
   "properties": {
    "OBJECTID": 3121,
    "Subtype": 0,
    "FacilityID": "SW-CB-00482",
    "InstallDat": 253392451200000,
    "LifecycleS": "Active",
    "WaterType": "Storm",
    "PlanNum": "TB-046",
    "Owner": "Somerv",
    "Comments": " ",
    "AccessDiam": 9999,
    "AccessMate": "Unk",
    "AccesType": "Unk",
    "Station": 9999,
    "RimElevati": 82.11,
    "FieldBook": " ",
    "Invert": 78.81,
    "Plan1": "TB-046",
    "Plan2": " ",
    "Plan3": " ",
    "FeatureID": "CB-SD-483",
    "DupeNum": 1,
    "Source": "Original City Data",
    "OrthoUpdated": "Yes",
    "GlobalID": "{22598379-CC86-43BA-A5F4-EFD8762CF18C}",
    "created_user": "GIS",
    "created_date": 1600300800000,
    "last_edited_user": "GIS",
    "last_edited_date": 1600300800000,
    "Dewb_Edited": 0,
    "AssetStatus": "Active",
    "AccuracyStatus": "Unknown/Null (accurate = no)",
    "InaccuracyType": null,
    "AccuracyDate": null,
    "AccuracyComments": null,
    "ArchiveProjectName": null,
    "ArchiveReason": null,
    "ArchiveDate": null,
    "ArchiveComments": null,
    "ReplacedAssetID": null,
    "AssociatedInspections": null,
    "FID": null,
    "CreationDate": 1667412663429,
    "Creator": "NLandin_wc",
    "EditDate": 1667942792190,
    "Editor": "NLandin_wc"
   }
  },
  {
   "type": "Feature",
   "id": 3126,
   "geometry": {
    "type": "Point",
    "coordinates": [
     -71.096950844318,
     42.38011979113748
    ]
   },
   "properties": {
    "OBJECTID": 3126,
    "Subtype": 0,
    "FacilityID": "SW-CB-00689",
    "InstallDat": null,
    "LifecycleS": " ",
    "WaterType": " ",
    "PlanNum": " ",
    "Owner": " ",
    "Comments": " ",
    "AccessDiam": 0,
    "AccessMate": " ",
    "AccesType": " ",
    "Station": 0,
    "RimElevati": 0,
    "FieldBook": " ",
    "Invert": 0,
    "Plan1": " ",
    "Plan2": " ",
    "Plan3": " ",
    "FeatureID": " ",
    "DupeNum": 0,
    "Source": "Stantec",
    "OrthoUpdated": "Yes",
    "GlobalID": "{101236D6-6655-4318-8872-48B300E87505}",
    "created_user": "GIS",
    "created_date": 1600300800000,
    "last_edited_user": "GIS",
    "last_edited_date": 1600300800000,
    "Dewb_Edited": 0,
    "AssetStatus": "Active",
    "AccuracyStatus": "Unknown/Null (accurate = no)",
    "InaccuracyType": null,
    "AccuracyDate": null,
    "AccuracyComments": null,
    "ArchiveProjectName": null,
    "ArchiveReason": null,
    "ArchiveDate": null,
    "ArchiveComments": null,
    "ReplacedAssetID": null,
    "AssociatedInspections": null,
    "FID": null,
    "CreationDate": 1667412663429,
    "Creator": "NLandin_wc",
    "EditDate": 1667942792190,
    "Editor": "NLandin_wc"
   }
  },
  {
   "type": "Feature",
   "id": 3127,
   "geometry": {
    "type": "Point",
    "coordinates": [
     -71.10676673816248,
     42.38962049857225
    ]
   },
   "properties": {
    "OBJECTID": 3127,
    "Subtype": 0,
    "FacilityID": "SW-CB-02751",
    "InstallDat": null,
    "LifecycleS": " ",
    "WaterType": " ",
    "PlanNum": " ",
    "Owner": " ",
    "Comments": " ",
    "AccessDiam": 0,
    "AccessMate": " ",
    "AccesType": " ",
    "Station": 0,
    "RimElevati": 0,
    "FieldBook": " ",
    "Invert": 0,
    "Plan1": " ",
    "Plan2": " ",
    "Plan3": " ",
    "FeatureID": " ",
    "DupeNum": 0,
    "Source": "2017 Orthophotography",
    "OrthoUpdated": "Yes",
    "GlobalID": "{1CC889C9-945A-49F3-8E07-61A5FE26F8CA}",
    "created_user": "GIS",
    "created_date": 1600300800000,
    "last_edited_user": "GIS",
    "last_edited_date": 1600300800000,
    "Dewb_Edited": 0,
    "AssetStatus": "Active",
    "AccuracyStatus": "Unknown/Null (accurate = no)",
    "InaccuracyType": null,
    "AccuracyDate": null,
    "AccuracyComments": null,
    "ArchiveProjectName": null,
    "ArchiveReason": null,
    "ArchiveDate": null,
    "ArchiveComments": null,
    "ReplacedAssetID": null,
    "AssociatedInspections": null,
    "FID": null,
    "CreationDate": 1667412663429,
    "Creator": "NLandin_wc",
    "EditDate": 1667942792190,
    "Editor": "NLandin_wc"
   }
  },
  {
   "type": "Feature",
   "id": 3135,
   "geometry": {
    "type": "Point",
    "coordinates": [
     -71.09761467378138,
     42.38768109904693
    ]
   },
   "properties": {
    "OBJECTID": 3135,
    "Subtype": 0,
    "FacilityID": "SW-CB-02745",
    "InstallDat": null,
    "LifecycleS": " ",
    "WaterType": " ",
    "PlanNum": " ",
    "Owner": " ",
    "Comments": " ",
    "AccessDiam": 0,
    "AccessMate": " ",
    "AccesType": " ",
    "Station": 0,
    "RimElevati": 0,
    "FieldBook": " ",
    "Invert": 0,
    "Plan1": " ",
    "Plan2": " ",
    "Plan3": " ",
    "FeatureID": " ",
    "DupeNum": 0,
    "Source": "2017 Orthophotography",
    "OrthoUpdated": "Yes",
    "GlobalID": "{FD9F5A0F-C73A-4841-8D1F-CD76A200D5E7}",
    "created_user": "GIS",
    "created_date": 1600300800000,
    "last_edited_user": "GIS",
    "last_edited_date": 1600300800000,
    "Dewb_Edited": 0,
    "AssetStatus": "Active",
    "AccuracyStatus": "Unknown/Null (accurate = no)",
    "InaccuracyType": null,
    "AccuracyDate": null,
    "AccuracyComments": null,
    "ArchiveProjectName": null,
    "ArchiveReason": null,
    "ArchiveDate": null,
    "ArchiveComments": null,
    "ReplacedAssetID": null,
    "AssociatedInspections": null,
    "FID": null,
    "CreationDate": 1667412663429,
    "Creator": "NLandin_wc",
    "EditDate": 1667942792190,
    "Editor": "NLandin_wc"
   }
  },
  {
   "type": "Feature",
   "id": 3137,
   "geometry": {
    "type": "Point",
    "coordinates": [
     -71.10588639900966,
     42.38482361579019
    ]
   },
   "properties": {
    "OBJECTID": 3137,
    "Subtype": 0,
    "FacilityID": "SW-CB-00989",
    "InstallDat": null,
    "LifecycleS": " ",
    "WaterType": " ",
    "PlanNum": " ",
    "Owner": " ",
    "Comments": " ",
    "AccessDiam": 0,
    "AccessMate": " ",
    "AccesType": " ",
    "Station": 0,
    "RimElevati": 0,
    "FieldBook": " ",
    "Invert": 0,
    "Plan1": " ",
    "Plan2": " ",
    "Plan3": " ",
    "FeatureID": " ",
    "DupeNum": 0,
    "Source": "Stantec",
    "OrthoUpdated": "Yes",
    "GlobalID": "{EDB55D4D-7841-4D1A-AD76-AB888B0B2697}",
    "created_user": "GIS",
    "created_date": 1600300800000,
    "last_edited_user": "GIS",
    "last_edited_date": 1600300800000,
    "Dewb_Edited": 0,
    "AssetStatus": "Active",
    "AccuracyStatus": "Unknown/Null (accurate = no)",
    "InaccuracyType": null,
    "AccuracyDate": null,
    "AccuracyComments": null,
    "ArchiveProjectName": null,
    "ArchiveReason": null,
    "ArchiveDate": null,
    "ArchiveComments": null,
    "ReplacedAssetID": null,
    "AssociatedInspections": null,
    "FID": null,
    "CreationDate": 1667412663429,
    "Creator": "NLandin_wc",
    "EditDate": 1667942792190,
    "Editor": "NLandin_wc"
   }
  },
  {
   "type": "Feature",
   "id": 3142,
   "geometry": {
    "type": "Point",
    "coordinates": [
     -71.10514906895509,
     42.387654292706095
    ]
   },
   "properties": {
    "OBJECTID": 3142,
    "Subtype": 0,
    "FacilityID": "SW-CB-01004",
    "InstallDat": null,
    "LifecycleS": " ",
    "WaterType": " ",
    "PlanNum": " ",
    "Owner": " ",
    "Comments": " ",
    "AccessDiam": 0,
    "AccessMate": " ",
    "AccesType": " ",
    "Station": 0,
    "RimElevati": 0,
    "FieldBook": " ",
    "Invert": 0,
    "Plan1": " ",
    "Plan2": " ",
    "Plan3": " ",
    "FeatureID": " ",
    "DupeNum": 0,
    "Source": "Stantec",
    "OrthoUpdated": "Yes",
    "GlobalID": "{0462AC34-73D0-431A-9993-BA249B5B21B7}",
    "created_user": "GIS",
    "created_date": 1600300800000,
    "last_edited_user": "GIS",
    "last_edited_date": 1600300800000,
    "Dewb_Edited": 0,
    "AssetStatus": "Active",
    "AccuracyStatus": "Unknown/Null (accurate = no)",
    "InaccuracyType": null,
    "AccuracyDate": null,
    "AccuracyComments": null,
    "ArchiveProjectName": null,
    "ArchiveReason": null,
    "ArchiveDate": null,
    "ArchiveComments": null,
    "ReplacedAssetID": null,
    "AssociatedInspections": null,
    "FID": null,
    "CreationDate": 1667412663429,
    "Creator": "NLandin_wc",
    "EditDate": 1667942792190,
    "Editor": "NLandin_wc"
   }
  },
  {
   "type": "Feature",
   "id": 3148,
   "geometry": {
    "type": "Point",
    "coordinates": [
     -71.09482761658998,
     42.386799605061995
    ]
   },
   "properties": {
    "OBJECTID": 3148,
    "Subtype": 0,
    "FacilityID": "SW-CB-01468",
    "InstallDat": null,
    "LifecycleS": " ",
    "WaterType": " ",
    "PlanNum": " ",
    "Owner": " ",
    "Comments": " ",
    "AccessDiam": 0,
    "AccessMate": " ",
    "AccesType": " ",
    "Station": 0,
    "RimElevati": 0,
    "FieldBook": " ",
    "Invert": 0,
    "Plan1": " ",
    "Plan2": " ",
    "Plan3": " ",
    "FeatureID": " ",
    "DupeNum": 0,
    "Source": "2017 Orthophotography",
    "OrthoUpdated": "Yes",
    "GlobalID": "{73BAA24B-B29D-432E-9704-80A02E7858D0}",
    "created_user": "GIS",
    "created_date": 1600300800000,
    "last_edited_user": "GIS",
    "last_edited_date": 1600300800000,
    "Dewb_Edited": 0,
    "AssetStatus": "Active",
    "AccuracyStatus": "Unknown/Null (accurate = no)",
    "InaccuracyType": null,
    "AccuracyDate": null,
    "AccuracyComments": null,
    "ArchiveProjectName": null,
    "ArchiveReason": null,
    "ArchiveDate": null,
    "ArchiveComments": null,
    "ReplacedAssetID": null,
    "AssociatedInspections": null,
    "FID": null,
    "CreationDate": 1667412663429,
    "Creator": "NLandin_wc",
    "EditDate": 1667942792190,
    "Editor": "NLandin_wc"
   }
  },
  {
   "type": "Feature",
   "id": 3149,
   "geometry": {
    "type": "Point",
    "coordinates": [
     -71.10600124290366,
     42.38452664295345
    ]
   },
   "properties": {
    "OBJECTID": 3149,
    "Subtype": 0,
    "FacilityID": "SW-CB-00992",
    "InstallDat": null,
    "LifecycleS": " ",
    "WaterType": " ",
    "PlanNum": " ",
    "Owner": " ",
    "Comments": " ",
    "AccessDiam": 0,
    "AccessMate": " ",
    "AccesType": " ",
    "Station": 0,
    "RimElevati": 0,
    "FieldBook": " ",
    "Invert": 0,
    "Plan1": " ",
    "Plan2": " ",
    "Plan3": " ",
    "FeatureID": " ",
    "DupeNum": 0,
    "Source": "Stantec",
    "OrthoUpdated": "Yes",
    "GlobalID": "{3B53B658-0BC8-4125-BD2B-F9F40C20CA7E}",
    "created_user": "GIS",
    "created_date": 1600300800000,
    "last_edited_user": "GIS",
    "last_edited_date": 1600300800000,
    "Dewb_Edited": 0,
    "AssetStatus": "Active",
    "AccuracyStatus": "Unknown/Null (accurate = no)",
    "InaccuracyType": null,
    "AccuracyDate": null,
    "AccuracyComments": null,
    "ArchiveProjectName": null,
    "ArchiveReason": null,
    "ArchiveDate": null,
    "ArchiveComments": null,
    "ReplacedAssetID": null,
    "AssociatedInspections": null,
    "FID": null,
    "CreationDate": 1667412663429,
    "Creator": "NLandin_wc",
    "EditDate": 1667942792190,
    "Editor": "NLandin_wc"
   }
  },
  {
   "type": "Feature",
   "id": 3152,
   "geometry": {
    "type": "Point",
    "coordinates": [
     -71.10512340681029,
     42.38262184454334
    ]
   },
   "properties": {
    "OBJECTID": 3152,
    "Subtype": 0,
    "FacilityID": "SW-CB-01038",
    "InstallDat": null,
    "LifecycleS": " ",
    "WaterType": " ",
    "PlanNum": " ",
    "Owner": " ",
    "Comments": " ",
    "AccessDiam": 0,
    "AccessMate": " ",
    "AccesType": " ",
    "Station": 0,
    "RimElevati": 0,
    "FieldBook": " ",
    "Invert": 0,
    "Plan1": " ",
    "Plan2": " ",
    "Plan3": " ",
    "FeatureID": " ",
    "DupeNum": 0,
    "Source": "Stantec",
    "OrthoUpdated": "Yes",
    "GlobalID": "{8C1A903A-76B0-47D3-A961-BF06D5E9FF53}",
    "created_user": "GIS",
    "created_date": 1600300800000,
    "last_edited_user": "GIS",
    "last_edited_date": 1600300800000,
    "Dewb_Edited": 0,
    "AssetStatus": "Active",
    "AccuracyStatus": "Unknown/Null (accurate = no)",
    "InaccuracyType": null,
    "AccuracyDate": null,
    "AccuracyComments": null,
    "ArchiveProjectName": null,
    "ArchiveReason": null,
    "ArchiveDate": null,
    "ArchiveComments": null,
    "ReplacedAssetID": null,
    "AssociatedInspections": null,
    "FID": null,
    "CreationDate": 1667412663429,
    "Creator": "NLandin_wc",
    "EditDate": 1667942792190,
    "Editor": "NLandin_wc"
   }
  },
  {
   "type": "Feature",
   "id": 3154,
   "geometry": {
    "type": "Point",
    "coordinates": [
     -71.10728701563994,
     42.39069422925907
    ]
   },
   "properties": {
    "OBJECTID": 3154,
    "Subtype": 0,
    "FacilityID": "SW-CB-00476",
    "InstallDat": 253392451200000,
    "LifecycleS": "Active",
    "WaterType": "Storm",
    "PlanNum": "TB-045",
    "Owner": "Somerv",
    "Comments": " ",
    "AccessDiam": 9999,
    "AccessMate": "Unk",
    "AccesType": "Unk",
    "Station": 9999,
    "RimElevati": 70.47,
    "FieldBook": " ",
    "Invert": 66.87,
    "Plan1": "TB-045",
    "Plan2": " ",
    "Plan3": " ",
    "FeatureID": "CB-SD-477",
    "DupeNum": 1,
    "Source": "Original City Data",
    "OrthoUpdated": "Yes",
    "GlobalID": "{92A7E873-7974-4426-8261-F28770C169E8}",
    "created_user": "GIS",
    "created_date": 1600300800000,
    "last_edited_user": "GIS",
    "last_edited_date": 1600300800000,
    "Dewb_Edited": 0,
    "AssetStatus": "Active",
    "AccuracyStatus": "Unknown/Null (accurate = no)",
    "InaccuracyType": null,
    "AccuracyDate": null,
    "AccuracyComments": null,
    "ArchiveProjectName": null,
    "ArchiveReason": null,
    "ArchiveDate": null,
    "ArchiveComments": null,
    "ReplacedAssetID": null,
    "AssociatedInspections": null,
    "FID": null,
    "CreationDate": 1667412663429,
    "Creator": "NLandin_wc",
    "EditDate": 1667942792190,
    "Editor": "NLandin_wc"
   }
  },
  {
   "type": "Feature",
   "id": 3159,
   "geometry": {
    "type": "Point",
    "coordinates": [
     -71.09710669451265,
     42.389025976832954
    ]
   },
   "properties": {
    "OBJECTID": 3159,
    "Subtype": 0,
    "FacilityID": "SW-CB-02635",
    "InstallDat": null,
    "LifecycleS": " ",
    "WaterType": " ",
    "PlanNum": " ",
    "Owner": " ",
    "Comments": " ",
    "AccessDiam": 0,
    "AccessMate": " ",
    "AccesType": " ",
    "Station": 0,
    "RimElevati": 0,
    "FieldBook": " ",
    "Invert": 0,
    "Plan1": " ",
    "Plan2": " ",
    "Plan3": " ",
    "FeatureID": " ",
    "DupeNum": 0,
    "Source": "2017 Orthophotography",
    "OrthoUpdated": "Yes",
    "GlobalID": "{48451A7E-AE94-482E-9554-A961E29682E0}",
    "created_user": "GIS",
    "created_date": 1600300800000,
    "last_edited_user": "GIS",
    "last_edited_date": 1600300800000,
    "Dewb_Edited": 0,
    "AssetStatus": "Active",
    "AccuracyStatus": "Unknown/Null (accurate = no)",
    "InaccuracyType": null,
    "AccuracyDate": null,
    "AccuracyComments": null,
    "ArchiveProjectName": null,
    "ArchiveReason": null,
    "ArchiveDate": null,
    "ArchiveComments": null,
    "ReplacedAssetID": null,
    "AssociatedInspections": null,
    "FID": null,
    "CreationDate": 1667412663429,
    "Creator": "NLandin_wc",
    "EditDate": 1667942792190,
    "Editor": "NLandin_wc"
   }
  },
  {
   "type": "Feature",
   "id": 3161,
   "geometry": {
    "type": "Point",
    "coordinates": [
     -71.09958735454695,
     42.391166701468705
    ]
   },
   "properties": {
    "OBJECTID": 3161,
    "Subtype": 0,
    "FacilityID": "SW-CB-02733",
    "InstallDat": null,
    "LifecycleS": " ",
    "WaterType": " ",
    "PlanNum": " ",
    "Owner": " ",
    "Comments": " ",
    "AccessDiam": 0,
    "AccessMate": " ",
    "AccesType": " ",
    "Station": 0,
    "RimElevati": 0,
    "FieldBook": " ",
    "Invert": 0,
    "Plan1": " ",
    "Plan2": " ",
    "Plan3": " ",
    "FeatureID": " ",
    "DupeNum": 0,
    "Source": "2017 Orthophotography",
    "OrthoUpdated": "Yes",
    "GlobalID": "{2ED86276-3E56-45CC-A419-1040992CE01B}",
    "created_user": "GIS",
    "created_date": 1600300800000,
    "last_edited_user": "GIS",
    "last_edited_date": 1600300800000,
    "Dewb_Edited": 0,
    "AssetStatus": "Active",
    "AccuracyStatus": "Unknown/Null (accurate = no)",
    "InaccuracyType": null,
    "AccuracyDate": null,
    "AccuracyComments": null,
    "ArchiveProjectName": null,
    "ArchiveReason": null,
    "ArchiveDate": null,
    "ArchiveComments": null,
    "ReplacedAssetID": null,
    "AssociatedInspections": null,
    "FID": null,
    "CreationDate": 1667412663429,
    "Creator": "NLandin_wc",
    "EditDate": 1667942792190,
    "Editor": "NLandin_wc"
   }
  },
  {
   "type": "Feature",
   "id": 3162,
   "geometry": {
    "type": "Point",
    "coordinates": [
     -71.09375843915649,
     42.385693634457326
    ]
   },
   "properties": {
    "OBJECTID": 3162,
    "Subtype": 0,
    "FacilityID": "SW-CB-01466",
    "InstallDat": null,
    "LifecycleS": " ",
    "WaterType": " ",
    "PlanNum": " ",
    "Owner": " ",
    "Comments": " ",
    "AccessDiam": 0,
    "AccessMate": " ",
    "AccesType": " ",
    "Station": 0,
    "RimElevati": 0,
    "FieldBook": " ",
    "Invert": 0,
    "Plan1": " ",
    "Plan2": " ",
    "Plan3": " ",
    "FeatureID": " ",
    "DupeNum": 0,
    "Source": "2017 Orthophotography",
    "OrthoUpdated": "Yes",
    "GlobalID": "{644412B1-63D2-42D5-B2DB-9AEF9B71FB7B}",
    "created_user": "GIS",
    "created_date": 1600300800000,
    "last_edited_user": "GIS",
    "last_edited_date": 1600300800000,
    "Dewb_Edited": 0,
    "AssetStatus": "Active",
    "AccuracyStatus": "Unknown/Null (accurate = no)",
    "InaccuracyType": null,
    "AccuracyDate": null,
    "AccuracyComments": null,
    "ArchiveProjectName": null,
    "ArchiveReason": null,
    "ArchiveDate": null,
    "ArchiveComments": null,
    "ReplacedAssetID": null,
    "AssociatedInspections": null,
    "FID": null,
    "CreationDate": 1667412663429,
    "Creator": "NLandin_wc",
    "EditDate": 1667942792190,
    "Editor": "NLandin_wc"
   }
  },
  {
   "type": "Feature",
   "id": 3166,
   "geometry": {
    "type": "Point",
    "coordinates": [
     -71.09549283712398,
     42.384367189778075
    ]
   },
   "properties": {
    "OBJECTID": 3166,
    "Subtype": 0,
    "FacilityID": "SW-CB-02630",
    "InstallDat": null,
    "LifecycleS": " ",
    "WaterType": " ",
    "PlanNum": " ",
    "Owner": " ",
    "Comments": " ",
    "AccessDiam": 0,
    "AccessMate": " ",
    "AccesType": " ",
    "Station": 0,
    "RimElevati": 0,
    "FieldBook": " ",
    "Invert": 0,
    "Plan1": " ",
    "Plan2": " ",
    "Plan3": " ",
    "FeatureID": " ",
    "DupeNum": 0,
    "Source": "2017 Orthophotography",
    "OrthoUpdated": "Yes",
    "GlobalID": "{E7A8CE9D-A457-44C1-9E20-F5402DED76B3}",
    "created_user": "GIS",
    "created_date": 1600300800000,
    "last_edited_user": "GIS",
    "last_edited_date": 1600300800000,
    "Dewb_Edited": 0,
    "AssetStatus": "Active",
    "AccuracyStatus": "Unknown/Null (accurate = no)",
    "InaccuracyType": null,
    "AccuracyDate": null,
    "AccuracyComments": null,
    "ArchiveProjectName": null,
    "ArchiveReason": null,
    "ArchiveDate": null,
    "ArchiveComments": null,
    "ReplacedAssetID": null,
    "AssociatedInspections": null,
    "FID": null,
    "CreationDate": 1667412663429,
    "Creator": "NLandin_wc",
    "EditDate": 1667942792190,
    "Editor": "NLandin_wc"
   }
  },
  {
   "type": "Feature",
   "id": 3168,
   "geometry": {
    "type": "Point",
    "coordinates": [
     -71.10291172004267,
     42.389232443128606
    ]
   },
   "properties": {
    "OBJECTID": 3168,
    "Subtype": 0,
    "FacilityID": "SW-CB-00497",
    "InstallDat": 253392451200000,
    "LifecycleS": "Active",
    "WaterType": "Storm",
    "PlanNum": "TB-048",
    "Owner": "Somerv",
    "Comments": " ",
    "AccessDiam": 9999,
    "AccessMate": "Unk",
    "AccesType": "Unk",
    "Station": 9999,
    "RimElevati": 9999,
    "FieldBook": " ",
    "Invert": 9999,
    "Plan1": "TB-048",
    "Plan2": " ",
    "Plan3": " ",
    "FeatureID": "CB-SD-498",
    "DupeNum": 1,
    "Source": "Original City Data",
    "OrthoUpdated": "Yes",
    "GlobalID": "{28C981E8-FE8C-464F-A38B-E1E6C17ED3EF}",
    "created_user": "GIS",
    "created_date": 1600300800000,
    "last_edited_user": "GIS",
    "last_edited_date": 1600300800000,
    "Dewb_Edited": 0,
    "AssetStatus": "Active",
    "AccuracyStatus": "Unknown/Null (accurate = no)",
    "InaccuracyType": null,
    "AccuracyDate": null,
    "AccuracyComments": null,
    "ArchiveProjectName": null,
    "ArchiveReason": null,
    "ArchiveDate": null,
    "ArchiveComments": null,
    "ReplacedAssetID": null,
    "AssociatedInspections": null,
    "FID": null,
    "CreationDate": 1667412663429,
    "Creator": "NLandin_wc",
    "EditDate": 1667942792190,
    "Editor": "NLandin_wc"
   }
  },
  {
   "type": "Feature",
   "id": 3169,
   "geometry": {
    "type": "Point",
    "coordinates": [
     -71.09455197028683,
     42.38467501513901
    ]
   },
   "properties": {
    "OBJECTID": 3169,
    "Subtype": 0,
    "FacilityID": "SW-CB-01476",
    "InstallDat": null,
    "LifecycleS": " ",
    "WaterType": " ",
    "PlanNum": " ",
    "Owner": " ",
    "Comments": " ",
    "AccessDiam": 0,
    "AccessMate": " ",
    "AccesType": " ",
    "Station": 0,
    "RimElevati": 0,
    "FieldBook": " ",
    "Invert": 0,
    "Plan1": " ",
    "Plan2": " ",
    "Plan3": " ",
    "FeatureID": " ",
    "DupeNum": 0,
    "Source": "2017 Orthophotography",
    "OrthoUpdated": "Yes",
    "GlobalID": "{F06412B4-52F9-46CC-B789-C0210A560C7B}",
    "created_user": "GIS",
    "created_date": 1600300800000,
    "last_edited_user": "GIS",
    "last_edited_date": 1600300800000,
    "Dewb_Edited": 0,
    "AssetStatus": "Active",
    "AccuracyStatus": "Unknown/Null (accurate = no)",
    "InaccuracyType": null,
    "AccuracyDate": null,
    "AccuracyComments": null,
    "ArchiveProjectName": null,
    "ArchiveReason": null,
    "ArchiveDate": null,
    "ArchiveComments": null,
    "ReplacedAssetID": null,
    "AssociatedInspections": null,
    "FID": null,
    "CreationDate": 1667412663429,
    "Creator": "NLandin_wc",
    "EditDate": 1667942792190,
    "Editor": "NLandin_wc"
   }
  },
  {
   "type": "Feature",
   "id": 3175,
   "geometry": {
    "type": "Point",
    "coordinates": [
     -71.10956076637423,
     42.38783014528472
    ]
   },
   "properties": {
    "OBJECTID": 3175,
    "Subtype": 0,
    "FacilityID": "SW-CB-00895",
    "InstallDat": null,
    "LifecycleS": " ",
    "WaterType": " ",
    "PlanNum": " ",
    "Owner": " ",
    "Comments": " ",
    "AccessDiam": 0,
    "AccessMate": " ",
    "AccesType": " ",
    "Station": 0,
    "RimElevati": 0,
    "FieldBook": " ",
    "Invert": 0,
    "Plan1": " ",
    "Plan2": " ",
    "Plan3": " ",
    "FeatureID": " ",
    "DupeNum": 0,
    "Source": "Stantec",
    "OrthoUpdated": "Yes",
    "GlobalID": "{512A3267-F422-4092-9938-6E2E81A2A8AE}",
    "created_user": "GIS",
    "created_date": 1600300800000,
    "last_edited_user": "GIS",
    "last_edited_date": 1600300800000,
    "Dewb_Edited": 0,
    "AssetStatus": "Active",
    "AccuracyStatus": "Unknown/Null (accurate = no)",
    "InaccuracyType": null,
    "AccuracyDate": null,
    "AccuracyComments": null,
    "ArchiveProjectName": null,
    "ArchiveReason": null,
    "ArchiveDate": null,
    "ArchiveComments": null,
    "ReplacedAssetID": null,
    "AssociatedInspections": null,
    "FID": null,
    "CreationDate": 1667412663429,
    "Creator": "NLandin_wc",
    "EditDate": 1667942792190,
    "Editor": "NLandin_wc"
   }
  },
  {
   "type": "Feature",
   "id": 3184,
   "geometry": {
    "type": "Point",
    "coordinates": [
     -71.10117532541825,
     42.38318892536571
    ]
   },
   "properties": {
    "OBJECTID": 3184,
    "Subtype": 0,
    "FacilityID": "SW-CB-01061",
    "InstallDat": null,
    "LifecycleS": " ",
    "WaterType": " ",
    "PlanNum": " ",
    "Owner": " ",
    "Comments": " ",
    "AccessDiam": 0,
    "AccessMate": " ",
    "AccesType": " ",
    "Station": 0,
    "RimElevati": 0,
    "FieldBook": " ",
    "Invert": 0,
    "Plan1": " ",
    "Plan2": " ",
    "Plan3": " ",
    "FeatureID": " ",
    "DupeNum": 0,
    "Source": "Stantec",
    "OrthoUpdated": "Yes",
    "GlobalID": "{DF10C569-EACC-40D8-A24E-76434C26DC34}",
    "created_user": "GIS",
    "created_date": 1600300800000,
    "last_edited_user": "GIS",
    "last_edited_date": 1600300800000,
    "Dewb_Edited": 0,
    "AssetStatus": "Active",
    "AccuracyStatus": "Unknown/Null (accurate = no)",
    "InaccuracyType": null,
    "AccuracyDate": null,
    "AccuracyComments": null,
    "ArchiveProjectName": null,
    "ArchiveReason": null,
    "ArchiveDate": null,
    "ArchiveComments": null,
    "ReplacedAssetID": null,
    "AssociatedInspections": null,
    "FID": null,
    "CreationDate": 1667412663429,
    "Creator": "NLandin_wc",
    "EditDate": 1667942792190,
    "Editor": "NLandin_wc"
   }
  },
  {
   "type": "Feature",
   "id": 3185,
   "geometry": {
    "type": "Point",
    "coordinates": [
     -71.10951914921799,
     42.39086584443422
    ]
   },
   "properties": {
    "OBJECTID": 3185,
    "Subtype": 0,
    "FacilityID": "SW-CB-02768",
    "InstallDat": null,
    "LifecycleS": " ",
    "WaterType": " ",
    "PlanNum": " ",
    "Owner": " ",
    "Comments": " ",
    "AccessDiam": 0,
    "AccessMate": " ",
    "AccesType": " ",
    "Station": 0,
    "RimElevati": 0,
    "FieldBook": " ",
    "Invert": 0,
    "Plan1": " ",
    "Plan2": " ",
    "Plan3": " ",
    "FeatureID": " ",
    "DupeNum": 0,
    "Source": "2017 Orthophotography",
    "OrthoUpdated": "Yes",
    "GlobalID": "{0119F230-046F-4047-9DEF-7ECCF9329EEB}",
    "created_user": "GIS",
    "created_date": 1600300800000,
    "last_edited_user": "GIS",
    "last_edited_date": 1600300800000,
    "Dewb_Edited": 0,
    "AssetStatus": "Active",
    "AccuracyStatus": "Unknown/Null (accurate = no)",
    "InaccuracyType": null,
    "AccuracyDate": null,
    "AccuracyComments": null,
    "ArchiveProjectName": null,
    "ArchiveReason": null,
    "ArchiveDate": null,
    "ArchiveComments": null,
    "ReplacedAssetID": null,
    "AssociatedInspections": null,
    "FID": null,
    "CreationDate": 1667412663429,
    "Creator": "NLandin_wc",
    "EditDate": 1667942792190,
    "Editor": "NLandin_wc"
   }
  },
  {
   "type": "Feature",
   "id": 3212,
   "geometry": {
    "type": "Point",
    "coordinates": [
     -71.10953920843441,
     42.38461412174005
    ]
   },
   "properties": {
    "OBJECTID": 3212,
    "Subtype": 0,
    "FacilityID": "SW-CB-00956",
    "InstallDat": null,
    "LifecycleS": " ",
    "WaterType": " ",
    "PlanNum": " ",
    "Owner": " ",
    "Comments": " ",
    "AccessDiam": 0,
    "AccessMate": " ",
    "AccesType": " ",
    "Station": 0,
    "RimElevati": 0,
    "FieldBook": " ",
    "Invert": 0,
    "Plan1": " ",
    "Plan2": " ",
    "Plan3": " ",
    "FeatureID": " ",
    "DupeNum": 0,
    "Source": "Stantec",
    "OrthoUpdated": "Yes",
    "GlobalID": "{B44414A4-B33F-471D-A936-F9264379AC21}",
    "created_user": "GIS",
    "created_date": 1600300800000,
    "last_edited_user": "GIS",
    "last_edited_date": 1600300800000,
    "Dewb_Edited": 0,
    "AssetStatus": "Active",
    "AccuracyStatus": "Unknown/Null (accurate = no)",
    "InaccuracyType": null,
    "AccuracyDate": null,
    "AccuracyComments": null,
    "ArchiveProjectName": null,
    "ArchiveReason": null,
    "ArchiveDate": null,
    "ArchiveComments": null,
    "ReplacedAssetID": null,
    "AssociatedInspections": null,
    "FID": null,
    "CreationDate": 1667412663429,
    "Creator": "NLandin_wc",
    "EditDate": 1667942792190,
    "Editor": "NLandin_wc"
   }
  },
  {
   "type": "Feature",
   "id": 3221,
   "geometry": {
    "type": "Point",
    "coordinates": [
     -71.10026161404873,
     42.38153470872
    ]
   },
   "properties": {
    "OBJECTID": 3221,
    "Subtype": 0,
    "FacilityID": "SW-CB-00704",
    "InstallDat": null,
    "LifecycleS": " ",
    "WaterType": " ",
    "PlanNum": " ",
    "Owner": " ",
    "Comments": " ",
    "AccessDiam": 0,
    "AccessMate": " ",
    "AccesType": " ",
    "Station": 0,
    "RimElevati": 0,
    "FieldBook": " ",
    "Invert": 0,
    "Plan1": " ",
    "Plan2": " ",
    "Plan3": " ",
    "FeatureID": " ",
    "DupeNum": 0,
    "Source": "Stantec",
    "OrthoUpdated": "Yes",
    "GlobalID": "{FC744887-7A8F-436C-A0CA-732403FA599D}",
    "created_user": "GIS",
    "created_date": 1600300800000,
    "last_edited_user": "GIS",
    "last_edited_date": 1600300800000,
    "Dewb_Edited": 0,
    "AssetStatus": "Active",
    "AccuracyStatus": "Unknown/Null (accurate = no)",
    "InaccuracyType": null,
    "AccuracyDate": null,
    "AccuracyComments": null,
    "ArchiveProjectName": null,
    "ArchiveReason": null,
    "ArchiveDate": null,
    "ArchiveComments": null,
    "ReplacedAssetID": null,
    "AssociatedInspections": null,
    "FID": null,
    "CreationDate": 1667412663429,
    "Creator": "NLandin_wc",
    "EditDate": 1667942792190,
    "Editor": "NLandin_wc"
   }
  },
  {
   "type": "Feature",
   "id": 3222,
   "geometry": {
    "type": "Point",
    "coordinates": [
     -71.10081197723765,
     42.381169549579674
    ]
   },
   "properties": {
    "OBJECTID": 3222,
    "Subtype": 0,
    "FacilityID": "SW-CB-01082",
    "InstallDat": null,
    "LifecycleS": " ",
    "WaterType": " ",
    "PlanNum": " ",
    "Owner": " ",
    "Comments": " ",
    "AccessDiam": 0,
    "AccessMate": " ",
    "AccesType": " ",
    "Station": 0,
    "RimElevati": 0,
    "FieldBook": " ",
    "Invert": 0,
    "Plan1": " ",
    "Plan2": " ",
    "Plan3": " ",
    "FeatureID": " ",
    "DupeNum": 0,
    "Source": "Stantec",
    "OrthoUpdated": "Yes",
    "GlobalID": "{5C211086-2C23-48B0-B841-D873B95E4A4C}",
    "created_user": "GIS",
    "created_date": 1600300800000,
    "last_edited_user": "GIS",
    "last_edited_date": 1600300800000,
    "Dewb_Edited": 0,
    "AssetStatus": "Active",
    "AccuracyStatus": "Unknown/Null (accurate = no)",
    "InaccuracyType": null,
    "AccuracyDate": null,
    "AccuracyComments": null,
    "ArchiveProjectName": null,
    "ArchiveReason": null,
    "ArchiveDate": null,
    "ArchiveComments": null,
    "ReplacedAssetID": null,
    "AssociatedInspections": null,
    "FID": null,
    "CreationDate": 1667412663429,
    "Creator": "NLandin_wc",
    "EditDate": 1667942792190,
    "Editor": "NLandin_wc"
   }
  },
  {
   "type": "Feature",
   "id": 3227,
   "geometry": {
    "type": "Point",
    "coordinates": [
     -71.1045605923951,
     42.38014281319563
    ]
   },
   "properties": {
    "OBJECTID": 3227,
    "Subtype": 0,
    "FacilityID": "SW-CB-02586",
    "InstallDat": null,
    "LifecycleS": " ",
    "WaterType": " ",
    "PlanNum": " ",
    "Owner": " ",
    "Comments": " ",
    "AccessDiam": 0,
    "AccessMate": " ",
    "AccesType": " ",
    "Station": 0,
    "RimElevati": 0,
    "FieldBook": " ",
    "Invert": 0,
    "Plan1": " ",
    "Plan2": " ",
    "Plan3": " ",
    "FeatureID": " ",
    "DupeNum": 0,
    "Source": "2017 Orthophotography",
    "OrthoUpdated": "Yes",
    "GlobalID": "{0C306B28-3181-4585-BEE1-F38B36CA6EEC}",
    "created_user": "GIS",
    "created_date": 1600300800000,
    "last_edited_user": "GIS",
    "last_edited_date": 1600300800000,
    "Dewb_Edited": 0,
    "AssetStatus": "Active",
    "AccuracyStatus": "Unknown/Null (accurate = no)",
    "InaccuracyType": null,
    "AccuracyDate": null,
    "AccuracyComments": null,
    "ArchiveProjectName": null,
    "ArchiveReason": null,
    "ArchiveDate": null,
    "ArchiveComments": null,
    "ReplacedAssetID": null,
    "AssociatedInspections": null,
    "FID": null,
    "CreationDate": 1667412663429,
    "Creator": "NLandin_wc",
    "EditDate": 1667942792190,
    "Editor": "NLandin_wc"
   }
  },
  {
   "type": "Feature",
   "id": 3233,
   "geometry": {
    "type": "Point",
    "coordinates": [
     -71.10515312833485,
     42.388964400089485
    ]
   },
   "properties": {
    "OBJECTID": 3233,
    "Subtype": 0,
    "FacilityID": "SW-CB-02749",
    "InstallDat": null,
    "LifecycleS": " ",
    "WaterType": " ",
    "PlanNum": " ",
    "Owner": " ",
    "Comments": " ",
    "AccessDiam": 0,
    "AccessMate": " ",
    "AccesType": " ",
    "Station": 0,
    "RimElevati": 0,
    "FieldBook": " ",
    "Invert": 0,
    "Plan1": " ",
    "Plan2": " ",
    "Plan3": " ",
    "FeatureID": " ",
    "DupeNum": 0,
    "Source": "2017 Orthophotography",
    "OrthoUpdated": "Yes",
    "GlobalID": "{4BBF025B-6557-4AAF-8348-7B50E364D1C5}",
    "created_user": "GIS",
    "created_date": 1600300800000,
    "last_edited_user": "GIS",
    "last_edited_date": 1600300800000,
    "Dewb_Edited": 0,
    "AssetStatus": "Active",
    "AccuracyStatus": "Unknown/Null (accurate = no)",
    "InaccuracyType": null,
    "AccuracyDate": null,
    "AccuracyComments": null,
    "ArchiveProjectName": null,
    "ArchiveReason": null,
    "ArchiveDate": null,
    "ArchiveComments": null,
    "ReplacedAssetID": null,
    "AssociatedInspections": null,
    "FID": null,
    "CreationDate": 1667412663429,
    "Creator": "NLandin_wc",
    "EditDate": 1667942792190,
    "Editor": "NLandin_wc"
   }
  },
  {
   "type": "Feature",
   "id": 3251,
   "geometry": {
    "type": "Point",
    "coordinates": [
     -71.10912440360906,
     42.38061574549878
    ]
   },
   "properties": {
    "OBJECTID": 3251,
    "Subtype": 0,
    "FacilityID": "SW-CB-02406",
    "InstallDat": null,
    "LifecycleS": " ",
    "WaterType": " ",
    "PlanNum": " ",
    "Owner": " ",
    "Comments": " ",
    "AccessDiam": 0,
    "AccessMate": " ",
    "AccesType": " ",
    "Station": 0,
    "RimElevati": 0,
    "FieldBook": " ",
    "Invert": 0,
    "Plan1": " ",
    "Plan2": " ",
    "Plan3": " ",
    "FeatureID": " ",
    "DupeNum": 0,
    "Source": "2017 Orthophotography",
    "OrthoUpdated": "Yes",
    "GlobalID": "{715CA301-4406-400D-A1D0-5659973BCBA9}",
    "created_user": "GIS",
    "created_date": 1600300800000,
    "last_edited_user": "GIS",
    "last_edited_date": 1600300800000,
    "Dewb_Edited": 0,
    "AssetStatus": "Active",
    "AccuracyStatus": "Unknown/Null (accurate = no)",
    "InaccuracyType": null,
    "AccuracyDate": null,
    "AccuracyComments": null,
    "ArchiveProjectName": null,
    "ArchiveReason": null,
    "ArchiveDate": null,
    "ArchiveComments": null,
    "ReplacedAssetID": null,
    "AssociatedInspections": null,
    "FID": null,
    "CreationDate": 1667412663429,
    "Creator": "NLandin_wc",
    "EditDate": 1667942792190,
    "Editor": "NLandin_wc"
   }
  },
  {
   "type": "Feature",
   "id": 3262,
   "geometry": {
    "type": "Point",
    "coordinates": [
     -71.10644055347873,
     42.39108987300798
    ]
   },
   "properties": {
    "OBJECTID": 3262,
    "Subtype": 0,
    "FacilityID": "SW-CB-00535",
    "InstallDat": 325987200000,
    "LifecycleS": "Proposed",
    "WaterType": "Storm",
    "PlanNum": "TB-038",
    "Owner": "Somerv",
    "Comments": " ",
    "AccessDiam": 9999,
    "AccessMate": "Unk",
    "AccesType": "Unk",
    "Station": 9999,
    "RimElevati": 9999,
    "FieldBook": " ",
    "Invert": 9999,
    "Plan1": "TB-038",
    "Plan2": " ",
    "Plan3": " ",
    "FeatureID": "CB-SD-536",
    "DupeNum": 1,
    "Source": "Original City Data",
    "OrthoUpdated": "Yes",
    "GlobalID": "{C34EA326-FC2F-4F30-8E30-6D5A03C9458D}",
    "created_user": "GIS",
    "created_date": 1600300800000,
    "last_edited_user": "GIS",
    "last_edited_date": 1600300800000,
    "Dewb_Edited": 0,
    "AssetStatus": "Active",
    "AccuracyStatus": "Unknown/Null (accurate = no)",
    "InaccuracyType": null,
    "AccuracyDate": null,
    "AccuracyComments": null,
    "ArchiveProjectName": null,
    "ArchiveReason": null,
    "ArchiveDate": null,
    "ArchiveComments": null,
    "ReplacedAssetID": null,
    "AssociatedInspections": null,
    "FID": null,
    "CreationDate": 1667412663429,
    "Creator": "NLandin_wc",
    "EditDate": 1667942792190,
    "Editor": "NLandin_wc"
   }
  },
  {
   "type": "Feature",
   "id": 3263,
   "geometry": {
    "type": "Point",
    "coordinates": [
     -71.09789706166265,
     42.387821005286845
    ]
   },
   "properties": {
    "OBJECTID": 3263,
    "Subtype": 0,
    "FacilityID": "SW-CB-02742",
    "InstallDat": null,
    "LifecycleS": " ",
    "WaterType": " ",
    "PlanNum": " ",
    "Owner": " ",
    "Comments": " ",
    "AccessDiam": 0,
    "AccessMate": " ",
    "AccesType": " ",
    "Station": 0,
    "RimElevati": 0,
    "FieldBook": " ",
    "Invert": 0,
    "Plan1": " ",
    "Plan2": " ",
    "Plan3": " ",
    "FeatureID": " ",
    "DupeNum": 0,
    "Source": "2017 Orthophotography",
    "OrthoUpdated": "Yes",
    "GlobalID": "{79478CE6-D571-4C84-810F-7AF7D7808526}",
    "created_user": "GIS",
    "created_date": 1600300800000,
    "last_edited_user": "GIS",
    "last_edited_date": 1600300800000,
    "Dewb_Edited": 0,
    "AssetStatus": "Active",
    "AccuracyStatus": "Unknown/Null (accurate = no)",
    "InaccuracyType": null,
    "AccuracyDate": null,
    "AccuracyComments": null,
    "ArchiveProjectName": null,
    "ArchiveReason": null,
    "ArchiveDate": null,
    "ArchiveComments": null,
    "ReplacedAssetID": null,
    "AssociatedInspections": null,
    "FID": null,
    "CreationDate": 1667412663429,
    "Creator": "NLandin_wc",
    "EditDate": 1667942792190,
    "Editor": "NLandin_wc"
   }
  },
  {
   "type": "Feature",
   "id": 3265,
   "geometry": {
    "type": "Point",
    "coordinates": [
     -71.09871789937894,
     42.38097034114785
    ]
   },
   "properties": {
    "OBJECTID": 3265,
    "Subtype": 0,
    "FacilityID": "SW-CB-00697",
    "InstallDat": null,
    "LifecycleS": " ",
    "WaterType": " ",
    "PlanNum": " ",
    "Owner": " ",
    "Comments": " ",
    "AccessDiam": 0,
    "AccessMate": " ",
    "AccesType": " ",
    "Station": 0,
    "RimElevati": 0,
    "FieldBook": " ",
    "Invert": 0,
    "Plan1": " ",
    "Plan2": " ",
    "Plan3": " ",
    "FeatureID": " ",
    "DupeNum": 0,
    "Source": "Stantec",
    "OrthoUpdated": "Yes",
    "GlobalID": "{8BF66B00-B3D4-4F15-A560-A42A42976ED7}",
    "created_user": "GIS",
    "created_date": 1600300800000,
    "last_edited_user": "GIS",
    "last_edited_date": 1600300800000,
    "Dewb_Edited": 0,
    "AssetStatus": "Active",
    "AccuracyStatus": "Unknown/Null (accurate = no)",
    "InaccuracyType": null,
    "AccuracyDate": null,
    "AccuracyComments": null,
    "ArchiveProjectName": null,
    "ArchiveReason": null,
    "ArchiveDate": null,
    "ArchiveComments": null,
    "ReplacedAssetID": null,
    "AssociatedInspections": null,
    "FID": null,
    "CreationDate": 1667412663429,
    "Creator": "NLandin_wc",
    "EditDate": 1667942792190,
    "Editor": "NLandin_wc"
   }
  },
  {
   "type": "Feature",
   "id": 3281,
   "geometry": {
    "type": "Point",
    "coordinates": [
     -71.1070204849747,
     42.381851874373055
    ]
   },
   "properties": {
    "OBJECTID": 3281,
    "Subtype": 0,
    "FacilityID": "SW-CB-02611",
    "InstallDat": null,
    "LifecycleS": " ",
    "WaterType": " ",
    "PlanNum": " ",
    "Owner": " ",
    "Comments": " ",
    "AccessDiam": 0,
    "AccessMate": " ",
    "AccesType": " ",
    "Station": 0,
    "RimElevati": 0,
    "FieldBook": " ",
    "Invert": 0,
    "Plan1": " ",
    "Plan2": " ",
    "Plan3": " ",
    "FeatureID": " ",
    "DupeNum": 0,
    "Source": "2017 Orthophotography",
    "OrthoUpdated": "Yes",
    "GlobalID": "{A2AF39BD-F0BE-48E9-B229-12B940EC66D9}",
    "created_user": "GIS",
    "created_date": 1600300800000,
    "last_edited_user": "GIS",
    "last_edited_date": 1600300800000,
    "Dewb_Edited": 0,
    "AssetStatus": "Active",
    "AccuracyStatus": "Unknown/Null (accurate = no)",
    "InaccuracyType": null,
    "AccuracyDate": null,
    "AccuracyComments": null,
    "ArchiveProjectName": null,
    "ArchiveReason": null,
    "ArchiveDate": null,
    "ArchiveComments": null,
    "ReplacedAssetID": null,
    "AssociatedInspections": null,
    "FID": null,
    "CreationDate": 1667412663429,
    "Creator": "NLandin_wc",
    "EditDate": 1667942792190,
    "Editor": "NLandin_wc"
   }
  },
  {
   "type": "Feature",
   "id": 3284,
   "geometry": {
    "type": "Point",
    "coordinates": [
     -71.09495237578955,
     42.39041339199337
    ]
   },
   "properties": {
    "OBJECTID": 3284,
    "Subtype": 0,
    "FacilityID": "SW-CB-02719",
    "InstallDat": null,
    "LifecycleS": " ",
    "WaterType": " ",
    "PlanNum": " ",
    "Owner": " ",
    "Comments": " ",
    "AccessDiam": 0,
    "AccessMate": " ",
    "AccesType": " ",
    "Station": 0,
    "RimElevati": 0,
    "FieldBook": " ",
    "Invert": 0,
    "Plan1": " ",
    "Plan2": " ",
    "Plan3": " ",
    "FeatureID": " ",
    "DupeNum": 0,
    "Source": "2017 Orthophotography",
    "OrthoUpdated": "Yes",
    "GlobalID": "{9C7D076F-6B7D-4C7C-AFF2-B18CFC2BA1B2}",
    "created_user": "GIS",
    "created_date": 1600300800000,
    "last_edited_user": "GIS",
    "last_edited_date": 1600300800000,
    "Dewb_Edited": 0,
    "AssetStatus": "Active",
    "AccuracyStatus": "Unknown/Null (accurate = no)",
    "InaccuracyType": null,
    "AccuracyDate": null,
    "AccuracyComments": null,
    "ArchiveProjectName": null,
    "ArchiveReason": null,
    "ArchiveDate": null,
    "ArchiveComments": null,
    "ReplacedAssetID": null,
    "AssociatedInspections": null,
    "FID": null,
    "CreationDate": 1667412663429,
    "Creator": "NLandin_wc",
    "EditDate": 1667942792190,
    "Editor": "NLandin_wc"
   }
  },
  {
   "type": "Feature",
   "id": 3290,
   "geometry": {
    "type": "Point",
    "coordinates": [
     -71.10266190999339,
     42.38446504124168
    ]
   },
   "properties": {
    "OBJECTID": 3290,
    "Subtype": 0,
    "FacilityID": "SW-CB-01069",
    "InstallDat": null,
    "LifecycleS": " ",
    "WaterType": " ",
    "PlanNum": " ",
    "Owner": " ",
    "Comments": " ",
    "AccessDiam": 0,
    "AccessMate": " ",
    "AccesType": " ",
    "Station": 0,
    "RimElevati": 0,
    "FieldBook": " ",
    "Invert": 0,
    "Plan1": " ",
    "Plan2": " ",
    "Plan3": " ",
    "FeatureID": " ",
    "DupeNum": 0,
    "Source": "Stantec",
    "OrthoUpdated": "Yes",
    "GlobalID": "{40923B38-FD64-4AB0-A82C-B0B444E27824}",
    "created_user": "GIS",
    "created_date": 1600300800000,
    "last_edited_user": "GIS",
    "last_edited_date": 1600300800000,
    "Dewb_Edited": 0,
    "AssetStatus": "Active",
    "AccuracyStatus": "Unknown/Null (accurate = no)",
    "InaccuracyType": null,
    "AccuracyDate": null,
    "AccuracyComments": null,
    "ArchiveProjectName": null,
    "ArchiveReason": null,
    "ArchiveDate": null,
    "ArchiveComments": null,
    "ReplacedAssetID": null,
    "AssociatedInspections": null,
    "FID": null,
    "CreationDate": 1667412663429,
    "Creator": "NLandin_wc",
    "EditDate": 1667942792190,
    "Editor": "NLandin_wc"
   }
  },
  {
   "type": "Feature",
   "id": 3295,
   "geometry": {
    "type": "Point",
    "coordinates": [
     -71.1095040572778,
     42.39081205541411
    ]
   },
   "properties": {
    "OBJECTID": 3295,
    "Subtype": 0,
    "FacilityID": "SW-CB-02767",
    "InstallDat": null,
    "LifecycleS": " ",
    "WaterType": " ",
    "PlanNum": " ",
    "Owner": " ",
    "Comments": " ",
    "AccessDiam": 0,
    "AccessMate": " ",
    "AccesType": " ",
    "Station": 0,
    "RimElevati": 0,
    "FieldBook": " ",
    "Invert": 0,
    "Plan1": " ",
    "Plan2": " ",
    "Plan3": " ",
    "FeatureID": " ",
    "DupeNum": 0,
    "Source": "2017 Orthophotography",
    "OrthoUpdated": "Yes",
    "GlobalID": "{1E5BA7B5-739C-4B06-BFDF-42E274D40178}",
    "created_user": "GIS",
    "created_date": 1600300800000,
    "last_edited_user": "GIS",
    "last_edited_date": 1600300800000,
    "Dewb_Edited": 0,
    "AssetStatus": "Active",
    "AccuracyStatus": "Unknown/Null (accurate = no)",
    "InaccuracyType": null,
    "AccuracyDate": null,
    "AccuracyComments": null,
    "ArchiveProjectName": null,
    "ArchiveReason": null,
    "ArchiveDate": null,
    "ArchiveComments": null,
    "ReplacedAssetID": null,
    "AssociatedInspections": null,
    "FID": null,
    "CreationDate": 1667412663429,
    "Creator": "NLandin_wc",
    "EditDate": 1667942792190,
    "Editor": "NLandin_wc"
   }
  },
  {
   "type": "Feature",
   "id": 3308,
   "geometry": {
    "type": "Point",
    "coordinates": [
     -71.10084077680119,
     42.38382638036023
    ]
   },
   "properties": {
    "OBJECTID": 3308,
    "Subtype": 0,
    "FacilityID": "SW-CB-01063",
    "InstallDat": null,
    "LifecycleS": " ",
    "WaterType": " ",
    "PlanNum": " ",
    "Owner": " ",
    "Comments": " ",
    "AccessDiam": 0,
    "AccessMate": " ",
    "AccesType": " ",
    "Station": 0,
    "RimElevati": 0,
    "FieldBook": " ",
    "Invert": 0,
    "Plan1": " ",
    "Plan2": " ",
    "Plan3": " ",
    "FeatureID": " ",
    "DupeNum": 0,
    "Source": "Stantec",
    "OrthoUpdated": "Yes",
    "GlobalID": "{FCF71E16-869A-4DC4-BACB-4EA770D9BB1A}",
    "created_user": "GIS",
    "created_date": 1600300800000,
    "last_edited_user": "GIS",
    "last_edited_date": 1600300800000,
    "Dewb_Edited": 0,
    "AssetStatus": "Active",
    "AccuracyStatus": "Unknown/Null (accurate = no)",
    "InaccuracyType": null,
    "AccuracyDate": null,
    "AccuracyComments": null,
    "ArchiveProjectName": null,
    "ArchiveReason": null,
    "ArchiveDate": null,
    "ArchiveComments": null,
    "ReplacedAssetID": null,
    "AssociatedInspections": null,
    "FID": null,
    "CreationDate": 1667412663429,
    "Creator": "NLandin_wc",
    "EditDate": 1667942792190,
    "Editor": "NLandin_wc"
   }
  },
  {
   "type": "Feature",
   "id": 3318,
   "geometry": {
    "type": "Point",
    "coordinates": [
     -71.09714538667357,
     42.38926740421852
    ]
   },
   "properties": {
    "OBJECTID": 3318,
    "Subtype": 0,
    "FacilityID": "SW-CB-02676",
    "InstallDat": null,
    "LifecycleS": " ",
    "WaterType": " ",
    "PlanNum": " ",
    "Owner": " ",
    "Comments": " ",
    "AccessDiam": 0,
    "AccessMate": " ",
    "AccesType": " ",
    "Station": 0,
    "RimElevati": 0,
    "FieldBook": " ",
    "Invert": 0,
    "Plan1": " ",
    "Plan2": " ",
    "Plan3": " ",
    "FeatureID": " ",
    "DupeNum": 0,
    "Source": "2017 Orthophotography",
    "OrthoUpdated": "Yes",
    "GlobalID": "{6696B036-EF97-4087-A27F-D20AEE96249B}",
    "created_user": "GIS",
    "created_date": 1600300800000,
    "last_edited_user": "GIS",
    "last_edited_date": 1600300800000,
    "Dewb_Edited": 0,
    "AssetStatus": "Active",
    "AccuracyStatus": "Unknown/Null (accurate = no)",
    "InaccuracyType": null,
    "AccuracyDate": null,
    "AccuracyComments": null,
    "ArchiveProjectName": null,
    "ArchiveReason": null,
    "ArchiveDate": null,
    "ArchiveComments": null,
    "ReplacedAssetID": null,
    "AssociatedInspections": null,
    "FID": null,
    "CreationDate": 1667412663429,
    "Creator": "NLandin_wc",
    "EditDate": 1667942792190,
    "Editor": "NLandin_wc"
   }
  },
  {
   "type": "Feature",
   "id": 3319,
   "geometry": {
    "type": "Point",
    "coordinates": [
     -71.10046800391689,
     42.38170418475259
    ]
   },
   "properties": {
    "OBJECTID": 3319,
    "Subtype": 0,
    "FacilityID": "SW-CB-00702",
    "InstallDat": null,
    "LifecycleS": " ",
    "WaterType": " ",
    "PlanNum": " ",
    "Owner": " ",
    "Comments": " ",
    "AccessDiam": 0,
    "AccessMate": " ",
    "AccesType": " ",
    "Station": 0,
    "RimElevati": 0,
    "FieldBook": " ",
    "Invert": 0,
    "Plan1": " ",
    "Plan2": " ",
    "Plan3": " ",
    "FeatureID": " ",
    "DupeNum": 0,
    "Source": "Stantec",
    "OrthoUpdated": "Yes",
    "GlobalID": "{D4FF1EA6-B870-46CE-B5FB-F0E8944302BA}",
    "created_user": "GIS",
    "created_date": 1600300800000,
    "last_edited_user": "GIS",
    "last_edited_date": 1600300800000,
    "Dewb_Edited": 0,
    "AssetStatus": "Active",
    "AccuracyStatus": "Unknown/Null (accurate = no)",
    "InaccuracyType": null,
    "AccuracyDate": null,
    "AccuracyComments": null,
    "ArchiveProjectName": null,
    "ArchiveReason": null,
    "ArchiveDate": null,
    "ArchiveComments": null,
    "ReplacedAssetID": null,
    "AssociatedInspections": null,
    "FID": null,
    "CreationDate": 1667412663429,
    "Creator": "NLandin_wc",
    "EditDate": 1667942792190,
    "Editor": "NLandin_wc"
   }
  },
  {
   "type": "Feature",
   "id": 3337,
   "geometry": {
    "type": "Point",
    "coordinates": [
     -71.10218775918933,
     42.382135112232895
    ]
   },
   "properties": {
    "OBJECTID": 3337,
    "Subtype": 0,
    "FacilityID": "SW-CB-01053",
    "InstallDat": null,
    "LifecycleS": " ",
    "WaterType": " ",
    "PlanNum": " ",
    "Owner": " ",
    "Comments": " ",
    "AccessDiam": 0,
    "AccessMate": " ",
    "AccesType": " ",
    "Station": 0,
    "RimElevati": 0,
    "FieldBook": " ",
    "Invert": 0,
    "Plan1": " ",
    "Plan2": " ",
    "Plan3": " ",
    "FeatureID": " ",
    "DupeNum": 0,
    "Source": "Stantec",
    "OrthoUpdated": "Yes",
    "GlobalID": "{245F8954-D045-4BCA-90B3-CF284FE9498A}",
    "created_user": "GIS",
    "created_date": 1600300800000,
    "last_edited_user": "GIS",
    "last_edited_date": 1600300800000,
    "Dewb_Edited": 0,
    "AssetStatus": "Active",
    "AccuracyStatus": "Unknown/Null (accurate = no)",
    "InaccuracyType": null,
    "AccuracyDate": null,
    "AccuracyComments": null,
    "ArchiveProjectName": null,
    "ArchiveReason": null,
    "ArchiveDate": null,
    "ArchiveComments": null,
    "ReplacedAssetID": null,
    "AssociatedInspections": null,
    "FID": null,
    "CreationDate": 1667412663429,
    "Creator": "NLandin_wc",
    "EditDate": 1667942792190,
    "Editor": "NLandin_wc"
   }
  },
  {
   "type": "Feature",
   "id": 3339,
   "geometry": {
    "type": "Point",
    "coordinates": [
     -71.09412856724099,
     42.39079663100723
    ]
   },
   "properties": {
    "OBJECTID": 3339,
    "Subtype": 1,
    "FacilityID": "SW-CB-00027",
    "InstallDat": -2261952000000,
    "LifecycleS": "Active",
    "WaterType": "Storm",
    "PlanNum": "BB-11",
    "Owner": "Somerv",
    "Comments": " ",
    "AccessDiam": 0,
    "AccessMate": "Unk",
    "AccesType": "Unk",
    "Station": 9999,
    "RimElevati": 9999,
    "FieldBook": " ",
    "Invert": 9999,
    "Plan1": "BB-11",
    "Plan2": " ",
    "Plan3": " ",
    "FeatureID": "CB-SD-28",
    "DupeNum": 1,
    "Source": "Original City Data",
    "OrthoUpdated": "Yes",
    "GlobalID": "{5DAB2F38-AD4B-40C4-BE7F-C2E7BA525973}",
    "created_user": "GIS",
    "created_date": 1600300800000,
    "last_edited_user": "GIS",
    "last_edited_date": 1600300800000,
    "Dewb_Edited": 0,
    "AssetStatus": "Active",
    "AccuracyStatus": "Unknown/Null (accurate = no)",
    "InaccuracyType": null,
    "AccuracyDate": null,
    "AccuracyComments": null,
    "ArchiveProjectName": null,
    "ArchiveReason": null,
    "ArchiveDate": null,
    "ArchiveComments": null,
    "ReplacedAssetID": null,
    "AssociatedInspections": null,
    "FID": null,
    "CreationDate": 1667412663429,
    "Creator": "NLandin_wc",
    "EditDate": 1667942792190,
    "Editor": "NLandin_wc"
   }
  },
  {
   "type": "Feature",
   "id": 3347,
   "geometry": {
    "type": "Point",
    "coordinates": [
     -71.09955711094447,
     42.38807757291981
    ]
   },
   "properties": {
    "OBJECTID": 3347,
    "Subtype": 0,
    "FacilityID": "SW-CB-02814",
    "InstallDat": null,
    "LifecycleS": " ",
    "WaterType": " ",
    "PlanNum": " ",
    "Owner": " ",
    "Comments": " ",
    "AccessDiam": 0,
    "AccessMate": " ",
    "AccesType": " ",
    "Station": 0,
    "RimElevati": 0,
    "FieldBook": " ",
    "Invert": 0,
    "Plan1": " ",
    "Plan2": " ",
    "Plan3": " ",
    "FeatureID": " ",
    "DupeNum": 0,
    "Source": "2017 Orthophotography",
    "OrthoUpdated": "Yes",
    "GlobalID": "{07D276D8-97CA-4E42-954E-9643B897414D}",
    "created_user": "GIS",
    "created_date": 1600300800000,
    "last_edited_user": "GIS",
    "last_edited_date": 1600300800000,
    "Dewb_Edited": 0,
    "AssetStatus": "Active",
    "AccuracyStatus": "Unknown/Null (accurate = no)",
    "InaccuracyType": null,
    "AccuracyDate": null,
    "AccuracyComments": null,
    "ArchiveProjectName": null,
    "ArchiveReason": null,
    "ArchiveDate": null,
    "ArchiveComments": null,
    "ReplacedAssetID": null,
    "AssociatedInspections": null,
    "FID": null,
    "CreationDate": 1667412663429,
    "Creator": "NLandin_wc",
    "EditDate": 1667942792190,
    "Editor": "NLandin_wc"
   }
  },
  {
   "type": "Feature",
   "id": 3348,
   "geometry": {
    "type": "Point",
    "coordinates": [
     -71.10506115148164,
     42.38175266367389
    ]
   },
   "properties": {
    "OBJECTID": 3348,
    "Subtype": 0,
    "FacilityID": "SW-CB-02623",
    "InstallDat": null,
    "LifecycleS": " ",
    "WaterType": " ",
    "PlanNum": " ",
    "Owner": " ",
    "Comments": " ",
    "AccessDiam": 0,
    "AccessMate": " ",
    "AccesType": " ",
    "Station": 0,
    "RimElevati": 0,
    "FieldBook": " ",
    "Invert": 0,
    "Plan1": " ",
    "Plan2": " ",
    "Plan3": " ",
    "FeatureID": " ",
    "DupeNum": 0,
    "Source": "2017 Orthophotography",
    "OrthoUpdated": "Yes",
    "GlobalID": "{6D274A37-1DF2-4BF0-84E3-8E56AC53BA8D}",
    "created_user": "GIS",
    "created_date": 1600300800000,
    "last_edited_user": "GIS",
    "last_edited_date": 1600300800000,
    "Dewb_Edited": 0,
    "AssetStatus": "Active",
    "AccuracyStatus": "Unknown/Null (accurate = no)",
    "InaccuracyType": null,
    "AccuracyDate": null,
    "AccuracyComments": null,
    "ArchiveProjectName": null,
    "ArchiveReason": null,
    "ArchiveDate": null,
    "ArchiveComments": null,
    "ReplacedAssetID": null,
    "AssociatedInspections": null,
    "FID": null,
    "CreationDate": 1667412663429,
    "Creator": "NLandin_wc",
    "EditDate": 1667942792190,
    "Editor": "NLandin_wc"
   }
  },
  {
   "type": "Feature",
   "id": 3352,
   "geometry": {
    "type": "Point",
    "coordinates": [
     -71.0985670562956,
     42.39044446571187
    ]
   },
   "properties": {
    "OBJECTID": 3352,
    "Subtype": 0,
    "FacilityID": "SW-CB-02642",
    "InstallDat": null,
    "LifecycleS": " ",
    "WaterType": " ",
    "PlanNum": " ",
    "Owner": " ",
    "Comments": " ",
    "AccessDiam": 0,
    "AccessMate": " ",
    "AccesType": " ",
    "Station": 0,
    "RimElevati": 0,
    "FieldBook": " ",
    "Invert": 0,
    "Plan1": " ",
    "Plan2": " ",
    "Plan3": " ",
    "FeatureID": " ",
    "DupeNum": 0,
    "Source": "2017 Orthophotography",
    "OrthoUpdated": "Yes",
    "GlobalID": "{C42804C2-A130-4525-A058-905EA9046A65}",
    "created_user": "GIS",
    "created_date": 1600300800000,
    "last_edited_user": "GIS",
    "last_edited_date": 1600300800000,
    "Dewb_Edited": 0,
    "AssetStatus": "Active",
    "AccuracyStatus": "Unknown/Null (accurate = no)",
    "InaccuracyType": null,
    "AccuracyDate": null,
    "AccuracyComments": null,
    "ArchiveProjectName": null,
    "ArchiveReason": null,
    "ArchiveDate": null,
    "ArchiveComments": null,
    "ReplacedAssetID": null,
    "AssociatedInspections": null,
    "FID": null,
    "CreationDate": 1667412663429,
    "Creator": "NLandin_wc",
    "EditDate": 1667942792190,
    "Editor": "NLandin_wc"
   }
  },
  {
   "type": "Feature",
   "id": 3358,
   "geometry": {
    "type": "Point",
    "coordinates": [
     -71.09790357161124,
     42.3899581258406
    ]
   },
   "properties": {
    "OBJECTID": 3358,
    "Subtype": 0,
    "FacilityID": "SW-CB-02639",
    "InstallDat": null,
    "LifecycleS": " ",
    "WaterType": " ",
    "PlanNum": " ",
    "Owner": " ",
    "Comments": " ",
    "AccessDiam": 0,
    "AccessMate": " ",
    "AccesType": " ",
    "Station": 0,
    "RimElevati": 0,
    "FieldBook": " ",
    "Invert": 0,
    "Plan1": " ",
    "Plan2": " ",
    "Plan3": " ",
    "FeatureID": " ",
    "DupeNum": 0,
    "Source": "2017 Orthophotography",
    "OrthoUpdated": "Yes",
    "GlobalID": "{7DE3AB71-4AB7-4D6A-8CEF-5A65CDB2E808}",
    "created_user": "GIS",
    "created_date": 1600300800000,
    "last_edited_user": "GIS",
    "last_edited_date": 1600300800000,
    "Dewb_Edited": 0,
    "AssetStatus": "Active",
    "AccuracyStatus": "Unknown/Null (accurate = no)",
    "InaccuracyType": null,
    "AccuracyDate": null,
    "AccuracyComments": null,
    "ArchiveProjectName": null,
    "ArchiveReason": null,
    "ArchiveDate": null,
    "ArchiveComments": null,
    "ReplacedAssetID": null,
    "AssociatedInspections": null,
    "FID": null,
    "CreationDate": 1667412663429,
    "Creator": "NLandin_wc",
    "EditDate": 1667942792190,
    "Editor": "NLandin_wc"
   }
  },
  {
   "type": "Feature",
   "id": 3360,
   "geometry": {
    "type": "Point",
    "coordinates": [
     -71.0980490299886,
     42.38439990601581
    ]
   },
   "properties": {
    "OBJECTID": 3360,
    "Subtype": 0,
    "FacilityID": "SW-CB-00731",
    "InstallDat": null,
    "LifecycleS": " ",
    "WaterType": " ",
    "PlanNum": " ",
    "Owner": " ",
    "Comments": " ",
    "AccessDiam": 0,
    "AccessMate": " ",
    "AccesType": " ",
    "Station": 0,
    "RimElevati": 0,
    "FieldBook": " ",
    "Invert": 0,
    "Plan1": " ",
    "Plan2": " ",
    "Plan3": " ",
    "FeatureID": " ",
    "DupeNum": 0,
    "Source": "Stantec",
    "OrthoUpdated": "Yes",
    "GlobalID": "{BA12AD75-58B3-4DA5-9091-825CAD76B02E}",
    "created_user": "GIS",
    "created_date": 1600300800000,
    "last_edited_user": "GIS",
    "last_edited_date": 1600300800000,
    "Dewb_Edited": 0,
    "AssetStatus": "Active",
    "AccuracyStatus": "Unknown/Null (accurate = no)",
    "InaccuracyType": null,
    "AccuracyDate": null,
    "AccuracyComments": null,
    "ArchiveProjectName": null,
    "ArchiveReason": null,
    "ArchiveDate": null,
    "ArchiveComments": null,
    "ReplacedAssetID": null,
    "AssociatedInspections": null,
    "FID": null,
    "CreationDate": 1667412663429,
    "Creator": "NLandin_wc",
    "EditDate": 1667942792190,
    "Editor": "NLandin_wc"
   }
  },
  {
   "type": "Feature",
   "id": 3363,
   "geometry": {
    "type": "Point",
    "coordinates": [
     -71.09896442995145,
     42.38785979468403
    ]
   },
   "properties": {
    "OBJECTID": 3363,
    "Subtype": 0,
    "FacilityID": "SW-CB-02812",
    "InstallDat": null,
    "LifecycleS": " ",
    "WaterType": " ",
    "PlanNum": " ",
    "Owner": " ",
    "Comments": " ",
    "AccessDiam": 0,
    "AccessMate": " ",
    "AccesType": " ",
    "Station": 0,
    "RimElevati": 0,
    "FieldBook": " ",
    "Invert": 0,
    "Plan1": " ",
    "Plan2": " ",
    "Plan3": " ",
    "FeatureID": " ",
    "DupeNum": 0,
    "Source": "2017 Orthophotography",
    "OrthoUpdated": "Yes",
    "GlobalID": "{7B8269AE-C4E9-4B90-9F1C-67265F1285A9}",
    "created_user": "GIS",
    "created_date": 1600300800000,
    "last_edited_user": "GIS",
    "last_edited_date": 1600300800000,
    "Dewb_Edited": 0,
    "AssetStatus": "Active",
    "AccuracyStatus": "Unknown/Null (accurate = no)",
    "InaccuracyType": null,
    "AccuracyDate": null,
    "AccuracyComments": null,
    "ArchiveProjectName": null,
    "ArchiveReason": null,
    "ArchiveDate": null,
    "ArchiveComments": null,
    "ReplacedAssetID": null,
    "AssociatedInspections": null,
    "FID": null,
    "CreationDate": 1667412663429,
    "Creator": "NLandin_wc",
    "EditDate": 1667942792190,
    "Editor": "NLandin_wc"
   }
  },
  {
   "type": "Feature",
   "id": 3367,
   "geometry": {
    "type": "Point",
    "coordinates": [
     -71.10622172992703,
     42.39034635594254
    ]
   },
   "properties": {
    "OBJECTID": 3367,
    "Subtype": 0,
    "FacilityID": "SW-CB-00483",
    "InstallDat": 253392451200000,
    "LifecycleS": "Active",
    "WaterType": "Storm",
    "PlanNum": "TB-046",
    "Owner": "Somerv",
    "Comments": " ",
    "AccessDiam": 9999,
    "AccessMate": "Unk",
    "AccesType": "Unk",
    "Station": 9999,
    "RimElevati": 80.83,
    "FieldBook": " ",
    "Invert": 78.33,
    "Plan1": "TB-046",
    "Plan2": " ",
    "Plan3": " ",
    "FeatureID": "CB-SD-484",
    "DupeNum": 1,
    "Source": "Original City Data",
    "OrthoUpdated": "Yes",
    "GlobalID": "{A921F481-8840-4CB1-B02A-5652341D4D9B}",
    "created_user": "GIS",
    "created_date": 1600300800000,
    "last_edited_user": "GIS",
    "last_edited_date": 1600300800000,
    "Dewb_Edited": 0,
    "AssetStatus": "Active",
    "AccuracyStatus": "Unknown/Null (accurate = no)",
    "InaccuracyType": null,
    "AccuracyDate": null,
    "AccuracyComments": null,
    "ArchiveProjectName": null,
    "ArchiveReason": null,
    "ArchiveDate": null,
    "ArchiveComments": null,
    "ReplacedAssetID": null,
    "AssociatedInspections": null,
    "FID": null,
    "CreationDate": 1667412663429,
    "Creator": "NLandin_wc",
    "EditDate": 1667942792190,
    "Editor": "NLandin_wc"
   }
  },
  {
   "type": "Feature",
   "id": 3378,
   "geometry": {
    "type": "Point",
    "coordinates": [
     -71.10141982632979,
     42.386986714918876
    ]
   },
   "properties": {
    "OBJECTID": 3378,
    "Subtype": 0,
    "FacilityID": "SW-CB-00824",
    "InstallDat": null,
    "LifecycleS": " ",
    "WaterType": " ",
    "PlanNum": " ",
    "Owner": " ",
    "Comments": " ",
    "AccessDiam": 0,
    "AccessMate": " ",
    "AccesType": " ",
    "Station": 0,
    "RimElevati": 0,
    "FieldBook": " ",
    "Invert": 0,
    "Plan1": " ",
    "Plan2": " ",
    "Plan3": " ",
    "FeatureID": " ",
    "DupeNum": 0,
    "Source": "Stantec",
    "OrthoUpdated": "Yes",
    "GlobalID": "{6B1E8E10-92A1-49C6-9FB8-07468761F8DA}",
    "created_user": "GIS",
    "created_date": 1600300800000,
    "last_edited_user": "GIS",
    "last_edited_date": 1600300800000,
    "Dewb_Edited": 0,
    "AssetStatus": "Active",
    "AccuracyStatus": "Unknown/Null (accurate = no)",
    "InaccuracyType": null,
    "AccuracyDate": null,
    "AccuracyComments": null,
    "ArchiveProjectName": null,
    "ArchiveReason": null,
    "ArchiveDate": null,
    "ArchiveComments": null,
    "ReplacedAssetID": null,
    "AssociatedInspections": null,
    "FID": null,
    "CreationDate": 1667412663429,
    "Creator": "NLandin_wc",
    "EditDate": 1667942792190,
    "Editor": "NLandin_wc"
   }
  },
  {
   "type": "Feature",
   "id": 3379,
   "geometry": {
    "type": "Point",
    "coordinates": [
     -71.10693423306085,
     42.382941731106044
    ]
   },
   "properties": {
    "OBJECTID": 3379,
    "Subtype": 0,
    "FacilityID": "SW-CB-01032",
    "InstallDat": null,
    "LifecycleS": " ",
    "WaterType": " ",
    "PlanNum": " ",
    "Owner": " ",
    "Comments": " ",
    "AccessDiam": 0,
    "AccessMate": " ",
    "AccesType": " ",
    "Station": 0,
    "RimElevati": 0,
    "FieldBook": " ",
    "Invert": 0,
    "Plan1": " ",
    "Plan2": " ",
    "Plan3": " ",
    "FeatureID": " ",
    "DupeNum": 0,
    "Source": "Stantec",
    "OrthoUpdated": "Yes",
    "GlobalID": "{DBA9E070-E629-4789-A3C2-FC65527777DA}",
    "created_user": "GIS",
    "created_date": 1600300800000,
    "last_edited_user": "GIS",
    "last_edited_date": 1600300800000,
    "Dewb_Edited": 0,
    "AssetStatus": "Active",
    "AccuracyStatus": "Unknown/Null (accurate = no)",
    "InaccuracyType": null,
    "AccuracyDate": null,
    "AccuracyComments": null,
    "ArchiveProjectName": null,
    "ArchiveReason": null,
    "ArchiveDate": null,
    "ArchiveComments": null,
    "ReplacedAssetID": null,
    "AssociatedInspections": null,
    "FID": null,
    "CreationDate": 1667412663429,
    "Creator": "NLandin_wc",
    "EditDate": 1667942792190,
    "Editor": "NLandin_wc"
   }
  },
  {
   "type": "Feature",
   "id": 3384,
   "geometry": {
    "type": "Point",
    "coordinates": [
     -71.09703447894726,
     42.389245101183725
    ]
   },
   "properties": {
    "OBJECTID": 3384,
    "Subtype": 0,
    "FacilityID": "SW-CB-02677",
    "InstallDat": null,
    "LifecycleS": " ",
    "WaterType": " ",
    "PlanNum": " ",
    "Owner": " ",
    "Comments": " ",
    "AccessDiam": 0,
    "AccessMate": " ",
    "AccesType": " ",
    "Station": 0,
    "RimElevati": 0,
    "FieldBook": " ",
    "Invert": 0,
    "Plan1": " ",
    "Plan2": " ",
    "Plan3": " ",
    "FeatureID": " ",
    "DupeNum": 0,
    "Source": "2017 Orthophotography",
    "OrthoUpdated": "Yes",
    "GlobalID": "{ED8E9734-B54D-46D4-94D9-DF8980B126BB}",
    "created_user": "GIS",
    "created_date": 1600300800000,
    "last_edited_user": "GIS",
    "last_edited_date": 1600300800000,
    "Dewb_Edited": 0,
    "AssetStatus": "Active",
    "AccuracyStatus": "Unknown/Null (accurate = no)",
    "InaccuracyType": null,
    "AccuracyDate": null,
    "AccuracyComments": null,
    "ArchiveProjectName": null,
    "ArchiveReason": null,
    "ArchiveDate": null,
    "ArchiveComments": null,
    "ReplacedAssetID": null,
    "AssociatedInspections": null,
    "FID": null,
    "CreationDate": 1667412663429,
    "Creator": "NLandin_wc",
    "EditDate": 1667942792190,
    "Editor": "NLandin_wc"
   }
  },
  {
   "type": "Feature",
   "id": 3385,
   "geometry": {
    "type": "Point",
    "coordinates": [
     -71.10467043148223,
     42.390503789558906
    ]
   },
   "properties": {
    "OBJECTID": 3385,
    "Subtype": 0,
    "FacilityID": "SW-CB-00533",
    "InstallDat": 253392451200000,
    "LifecycleS": "Active",
    "WaterType": "Storm",
    "PlanNum": "TB-038",
    "Owner": "Somerv",
    "Comments": " ",
    "AccessDiam": 9999,
    "AccessMate": "Unk",
    "AccesType": "Unk",
    "Station": 9999,
    "RimElevati": 9999,
    "FieldBook": " ",
    "Invert": 9999,
    "Plan1": "TB-038",
    "Plan2": " ",
    "Plan3": " ",
    "FeatureID": "CB-SD-534",
    "DupeNum": 1,
    "Source": "Original City Data",
    "OrthoUpdated": "Yes",
    "GlobalID": "{E4D85A2A-1864-4A81-B841-ACFD968A003D}",
    "created_user": "GIS",
    "created_date": 1600300800000,
    "last_edited_user": "GIS",
    "last_edited_date": 1600300800000,
    "Dewb_Edited": 0,
    "AssetStatus": "Active",
    "AccuracyStatus": "Unknown/Null (accurate = no)",
    "InaccuracyType": null,
    "AccuracyDate": null,
    "AccuracyComments": null,
    "ArchiveProjectName": null,
    "ArchiveReason": null,
    "ArchiveDate": null,
    "ArchiveComments": null,
    "ReplacedAssetID": null,
    "AssociatedInspections": null,
    "FID": null,
    "CreationDate": 1667412663429,
    "Creator": "NLandin_wc",
    "EditDate": 1667942792190,
    "Editor": "NLandin_wc"
   }
  },
  {
   "type": "Feature",
   "id": 3388,
   "geometry": {
    "type": "Point",
    "coordinates": [
     -71.1055415727304,
     42.381789186135265
    ]
   },
   "properties": {
    "OBJECTID": 3388,
    "Subtype": 0,
    "FacilityID": "SW-CB-02624",
    "InstallDat": null,
    "LifecycleS": " ",
    "WaterType": " ",
    "PlanNum": " ",
    "Owner": " ",
    "Comments": " ",
    "AccessDiam": 0,
    "AccessMate": " ",
    "AccesType": " ",
    "Station": 0,
    "RimElevati": 0,
    "FieldBook": " ",
    "Invert": 0,
    "Plan1": " ",
    "Plan2": " ",
    "Plan3": " ",
    "FeatureID": " ",
    "DupeNum": 0,
    "Source": "2017 Orthophotography",
    "OrthoUpdated": "Yes",
    "GlobalID": "{7CB033D1-A1A8-46AB-83B8-451B57DC74EA}",
    "created_user": "GIS",
    "created_date": 1600300800000,
    "last_edited_user": "GIS",
    "last_edited_date": 1600300800000,
    "Dewb_Edited": 0,
    "AssetStatus": "Active",
    "AccuracyStatus": "Unknown/Null (accurate = no)",
    "InaccuracyType": null,
    "AccuracyDate": null,
    "AccuracyComments": null,
    "ArchiveProjectName": null,
    "ArchiveReason": null,
    "ArchiveDate": null,
    "ArchiveComments": null,
    "ReplacedAssetID": null,
    "AssociatedInspections": null,
    "FID": null,
    "CreationDate": 1667412663429,
    "Creator": "NLandin_wc",
    "EditDate": 1667942792190,
    "Editor": "NLandin_wc"
   }
  },
  {
   "type": "Feature",
   "id": 3389,
   "geometry": {
    "type": "Point",
    "coordinates": [
     -71.10307907512514,
     42.3853021671259
    ]
   },
   "properties": {
    "OBJECTID": 3389,
    "Subtype": 0,
    "FacilityID": "SW-CB-01021",
    "InstallDat": null,
    "LifecycleS": " ",
    "WaterType": " ",
    "PlanNum": " ",
    "Owner": " ",
    "Comments": " ",
    "AccessDiam": 0,
    "AccessMate": " ",
    "AccesType": " ",
    "Station": 0,
    "RimElevati": 0,
    "FieldBook": " ",
    "Invert": 0,
    "Plan1": " ",
    "Plan2": " ",
    "Plan3": " ",
    "FeatureID": " ",
    "DupeNum": 0,
    "Source": "Stantec",
    "OrthoUpdated": "Yes",
    "GlobalID": "{7A34CE79-2857-4447-94F4-2D687D80CEBD}",
    "created_user": "GIS",
    "created_date": 1600300800000,
    "last_edited_user": "GIS",
    "last_edited_date": 1600300800000,
    "Dewb_Edited": 0,
    "AssetStatus": "Active",
    "AccuracyStatus": "Unknown/Null (accurate = no)",
    "InaccuracyType": null,
    "AccuracyDate": null,
    "AccuracyComments": null,
    "ArchiveProjectName": null,
    "ArchiveReason": null,
    "ArchiveDate": null,
    "ArchiveComments": null,
    "ReplacedAssetID": null,
    "AssociatedInspections": null,
    "FID": null,
    "CreationDate": 1667412663429,
    "Creator": "NLandin_wc",
    "EditDate": 1667942792190,
    "Editor": "NLandin_wc"
   }
  },
  {
   "type": "Feature",
   "id": 3393,
   "geometry": {
    "type": "Point",
    "coordinates": [
     -71.10141485278835,
     42.38619515824217
    ]
   },
   "properties": {
    "OBJECTID": 3393,
    "Subtype": 0,
    "FacilityID": "SW-CB-00818",
    "InstallDat": null,
    "LifecycleS": " ",
    "WaterType": " ",
    "PlanNum": " ",
    "Owner": " ",
    "Comments": " ",
    "AccessDiam": 0,
    "AccessMate": " ",
    "AccesType": " ",
    "Station": 0,
    "RimElevati": 0,
    "FieldBook": " ",
    "Invert": 0,
    "Plan1": " ",
    "Plan2": " ",
    "Plan3": " ",
    "FeatureID": " ",
    "DupeNum": 0,
    "Source": "Stantec",
    "OrthoUpdated": "Yes",
    "GlobalID": "{677AD58E-7761-4EDF-89D2-06788BCFA6E9}",
    "created_user": "GIS",
    "created_date": 1600300800000,
    "last_edited_user": "GIS",
    "last_edited_date": 1600300800000,
    "Dewb_Edited": 0,
    "AssetStatus": "Active",
    "AccuracyStatus": "Unknown/Null (accurate = no)",
    "InaccuracyType": null,
    "AccuracyDate": null,
    "AccuracyComments": null,
    "ArchiveProjectName": null,
    "ArchiveReason": null,
    "ArchiveDate": null,
    "ArchiveComments": null,
    "ReplacedAssetID": null,
    "AssociatedInspections": null,
    "FID": null,
    "CreationDate": 1667412663429,
    "Creator": "NLandin_wc",
    "EditDate": 1667942792190,
    "Editor": "NLandin_wc"
   }
  },
  {
   "type": "Feature",
   "id": 3398,
   "geometry": {
    "type": "Point",
    "coordinates": [
     -71.0940786647505,
     42.388810654147996
    ]
   },
   "properties": {
    "OBJECTID": 3398,
    "Subtype": 0,
    "FacilityID": "SW-CB-01497",
    "InstallDat": null,
    "LifecycleS": " ",
    "WaterType": " ",
    "PlanNum": " ",
    "Owner": " ",
    "Comments": " ",
    "AccessDiam": 0,
    "AccessMate": " ",
    "AccesType": " ",
    "Station": 0,
    "RimElevati": 0,
    "FieldBook": " ",
    "Invert": 0,
    "Plan1": " ",
    "Plan2": " ",
    "Plan3": " ",
    "FeatureID": " ",
    "DupeNum": 0,
    "Source": "2017 Orthophotography",
    "OrthoUpdated": "Yes",
    "GlobalID": "{A7104679-A4E5-4586-AF0B-3F26A0601AF7}",
    "created_user": "GIS",
    "created_date": 1600300800000,
    "last_edited_user": "GIS",
    "last_edited_date": 1600300800000,
    "Dewb_Edited": 0,
    "AssetStatus": "Active",
    "AccuracyStatus": "Unknown/Null (accurate = no)",
    "InaccuracyType": null,
    "AccuracyDate": null,
    "AccuracyComments": null,
    "ArchiveProjectName": null,
    "ArchiveReason": null,
    "ArchiveDate": null,
    "ArchiveComments": null,
    "ReplacedAssetID": null,
    "AssociatedInspections": null,
    "FID": null,
    "CreationDate": 1667412663429,
    "Creator": "NLandin_wc",
    "EditDate": 1667942792190,
    "Editor": "NLandin_wc"
   }
  },
  {
   "type": "Feature",
   "id": 3408,
   "geometry": {
    "type": "Point",
    "coordinates": [
     -71.10560668544015,
     42.38841141871139
    ]
   },
   "properties": {
    "OBJECTID": 3408,
    "Subtype": 0,
    "FacilityID": "SW-CB-01011",
    "InstallDat": null,
    "LifecycleS": " ",
    "WaterType": " ",
    "PlanNum": " ",
    "Owner": " ",
    "Comments": " ",
    "AccessDiam": 0,
    "AccessMate": " ",
    "AccesType": " ",
    "Station": 0,
    "RimElevati": 0,
    "FieldBook": " ",
    "Invert": 0,
    "Plan1": " ",
    "Plan2": " ",
    "Plan3": " ",
    "FeatureID": " ",
    "DupeNum": 0,
    "Source": "Stantec",
    "OrthoUpdated": "Yes",
    "GlobalID": "{1B8BE897-DB84-4621-9CAE-992F9C35E8EB}",
    "created_user": "GIS",
    "created_date": 1600300800000,
    "last_edited_user": "GIS",
    "last_edited_date": 1600300800000,
    "Dewb_Edited": 0,
    "AssetStatus": "Active",
    "AccuracyStatus": "Unknown/Null (accurate = no)",
    "InaccuracyType": null,
    "AccuracyDate": null,
    "AccuracyComments": null,
    "ArchiveProjectName": null,
    "ArchiveReason": null,
    "ArchiveDate": null,
    "ArchiveComments": null,
    "ReplacedAssetID": null,
    "AssociatedInspections": null,
    "FID": null,
    "CreationDate": 1667412663429,
    "Creator": "NLandin_wc",
    "EditDate": 1667942792190,
    "Editor": "NLandin_wc"
   }
  },
  {
   "type": "Feature",
   "id": 3445,
   "geometry": {
    "type": "Point",
    "coordinates": [
     -71.10920863176476,
     42.3851385133552
    ]
   },
   "properties": {
    "OBJECTID": 3445,
    "Subtype": 0,
    "FacilityID": "SW-CB-00950",
    "InstallDat": null,
    "LifecycleS": " ",
    "WaterType": " ",
    "PlanNum": " ",
    "Owner": " ",
    "Comments": " ",
    "AccessDiam": 0,
    "AccessMate": " ",
    "AccesType": " ",
    "Station": 0,
    "RimElevati": 0,
    "FieldBook": " ",
    "Invert": 0,
    "Plan1": " ",
    "Plan2": " ",
    "Plan3": " ",
    "FeatureID": " ",
    "DupeNum": 0,
    "Source": "Stantec",
    "OrthoUpdated": "Yes",
    "GlobalID": "{0FB9C8C6-274B-4FC1-BF1E-6B5266C2C497}",
    "created_user": "GIS",
    "created_date": 1600300800000,
    "last_edited_user": "GIS",
    "last_edited_date": 1600300800000,
    "Dewb_Edited": 0,
    "AssetStatus": "Active",
    "AccuracyStatus": "Unknown/Null (accurate = no)",
    "InaccuracyType": null,
    "AccuracyDate": null,
    "AccuracyComments": null,
    "ArchiveProjectName": null,
    "ArchiveReason": null,
    "ArchiveDate": null,
    "ArchiveComments": null,
    "ReplacedAssetID": null,
    "AssociatedInspections": null,
    "FID": null,
    "CreationDate": 1667412663429,
    "Creator": "NLandin_wc",
    "EditDate": 1667942792190,
    "Editor": "NLandin_wc"
   }
  },
  {
   "type": "Feature",
   "id": 3450,
   "geometry": {
    "type": "Point",
    "coordinates": [
     -71.09804586803129,
     42.38627093921337
    ]
   },
   "properties": {
    "OBJECTID": 3450,
    "Subtype": 0,
    "FacilityID": "SW-CB-00797",
    "InstallDat": null,
    "LifecycleS": " ",
    "WaterType": " ",
    "PlanNum": " ",
    "Owner": " ",
    "Comments": " ",
    "AccessDiam": 0,
    "AccessMate": " ",
    "AccesType": " ",
    "Station": 0,
    "RimElevati": 0,
    "FieldBook": " ",
    "Invert": 0,
    "Plan1": " ",
    "Plan2": " ",
    "Plan3": " ",
    "FeatureID": " ",
    "DupeNum": 0,
    "Source": "Stantec",
    "OrthoUpdated": "Yes",
    "GlobalID": "{1595E452-ADA6-4452-8FD0-B56AC5877F98}",
    "created_user": "GIS",
    "created_date": 1600300800000,
    "last_edited_user": "GIS",
    "last_edited_date": 1600300800000,
    "Dewb_Edited": 0,
    "AssetStatus": "Active",
    "AccuracyStatus": "Unknown/Null (accurate = no)",
    "InaccuracyType": null,
    "AccuracyDate": null,
    "AccuracyComments": null,
    "ArchiveProjectName": null,
    "ArchiveReason": null,
    "ArchiveDate": null,
    "ArchiveComments": null,
    "ReplacedAssetID": null,
    "AssociatedInspections": null,
    "FID": null,
    "CreationDate": 1667412663429,
    "Creator": "NLandin_wc",
    "EditDate": 1667942792190,
    "Editor": "NLandin_wc"
   }
  },
  {
   "type": "Feature",
   "id": 3452,
   "geometry": {
    "type": "Point",
    "coordinates": [
     -71.09839201006474,
     42.38233252294099
    ]
   },
   "properties": {
    "OBJECTID": 3452,
    "Subtype": 0,
    "FacilityID": "SW-CB-00727",
    "InstallDat": null,
    "LifecycleS": " ",
    "WaterType": " ",
    "PlanNum": " ",
    "Owner": " ",
    "Comments": " ",
    "AccessDiam": 0,
    "AccessMate": " ",
    "AccesType": " ",
    "Station": 0,
    "RimElevati": 0,
    "FieldBook": " ",
    "Invert": 0,
    "Plan1": " ",
    "Plan2": " ",
    "Plan3": " ",
    "FeatureID": " ",
    "DupeNum": 0,
    "Source": "Stantec",
    "OrthoUpdated": "Yes",
    "GlobalID": "{269DEB22-CCDD-4027-92A7-35F1156E9189}",
    "created_user": "GIS",
    "created_date": 1600300800000,
    "last_edited_user": "GIS",
    "last_edited_date": 1600300800000,
    "Dewb_Edited": 0,
    "AssetStatus": "Active",
    "AccuracyStatus": "Unknown/Null (accurate = no)",
    "InaccuracyType": null,
    "AccuracyDate": null,
    "AccuracyComments": null,
    "ArchiveProjectName": null,
    "ArchiveReason": null,
    "ArchiveDate": null,
    "ArchiveComments": null,
    "ReplacedAssetID": null,
    "AssociatedInspections": null,
    "FID": null,
    "CreationDate": 1667412663429,
    "Creator": "NLandin_wc",
    "EditDate": 1667942792190,
    "Editor": "NLandin_wc"
   }
  },
  {
   "type": "Feature",
   "id": 3453,
   "geometry": {
    "type": "Point",
    "coordinates": [
     -71.09503115921743,
     42.380779797692796
    ]
   },
   "properties": {
    "OBJECTID": 3453,
    "Subtype": 0,
    "FacilityID": "SW-CB-00767",
    "InstallDat": null,
    "LifecycleS": " ",
    "WaterType": " ",
    "PlanNum": " ",
    "Owner": " ",
    "Comments": " ",
    "AccessDiam": 0,
    "AccessMate": " ",
    "AccesType": " ",
    "Station": 0,
    "RimElevati": 0,
    "FieldBook": " ",
    "Invert": 0,
    "Plan1": " ",
    "Plan2": " ",
    "Plan3": " ",
    "FeatureID": " ",
    "DupeNum": 0,
    "Source": "Stantec",
    "OrthoUpdated": "Yes",
    "GlobalID": "{5D96263D-EB53-4588-877E-822568BE5C1B}",
    "created_user": "GIS",
    "created_date": 1600300800000,
    "last_edited_user": "GIS",
    "last_edited_date": 1600300800000,
    "Dewb_Edited": 0,
    "AssetStatus": "Active",
    "AccuracyStatus": "Unknown/Null (accurate = no)",
    "InaccuracyType": null,
    "AccuracyDate": null,
    "AccuracyComments": null,
    "ArchiveProjectName": null,
    "ArchiveReason": null,
    "ArchiveDate": null,
    "ArchiveComments": null,
    "ReplacedAssetID": null,
    "AssociatedInspections": null,
    "FID": null,
    "CreationDate": 1667412663429,
    "Creator": "NLandin_wc",
    "EditDate": 1667942792190,
    "Editor": "NLandin_wc"
   }
  },
  {
   "type": "Feature",
   "id": 3459,
   "geometry": {
    "type": "Point",
    "coordinates": [
     -71.09637118491939,
     42.38758739596688
    ]
   },
   "properties": {
    "OBJECTID": 3459,
    "Subtype": 1,
    "FacilityID": "SW-CB-00134",
    "InstallDat": -1356998400000,
    "LifecycleS": "Active",
    "WaterType": "Storm",
    "PlanNum": "MM-6",
    "Owner": "Somerv",
    "Comments": " ",
    "AccessDiam": 0,
    "AccessMate": " ",
    "AccesType": " ",
    "Station": 9999,
    "RimElevati": 9999,
    "FieldBook": " ",
    "Invert": 9999,
    "Plan1": "MM-06",
    "Plan2": " ",
    "Plan3": " ",
    "FeatureID": "CB-SD-135",
    "DupeNum": 1,
    "Source": "Original City Data",
    "OrthoUpdated": "Not Visible",
    "GlobalID": "{0794ED63-B990-434F-97E8-E3C6F1E3F9AD}",
    "created_user": "GIS",
    "created_date": 1600300800000,
    "last_edited_user": "GIS",
    "last_edited_date": 1600300800000,
    "Dewb_Edited": 0,
    "AssetStatus": "Active",
    "AccuracyStatus": "Unknown/Null (accurate = no)",
    "InaccuracyType": null,
    "AccuracyDate": null,
    "AccuracyComments": null,
    "ArchiveProjectName": null,
    "ArchiveReason": null,
    "ArchiveDate": null,
    "ArchiveComments": null,
    "ReplacedAssetID": null,
    "AssociatedInspections": null,
    "FID": null,
    "CreationDate": 1667412663429,
    "Creator": "NLandin_wc",
    "EditDate": 1667942792190,
    "Editor": "NLandin_wc"
   }
  },
  {
   "type": "Feature",
   "id": 3469,
   "geometry": {
    "type": "Point",
    "coordinates": [
     -71.10045760119942,
     42.38983460372492
    ]
   },
   "properties": {
    "OBJECTID": 3469,
    "Subtype": 1,
    "FacilityID": "SW-CB-00211",
    "InstallDat": -1356998400000,
    "LifecycleS": "Active",
    "WaterType": "Storm",
    "PlanNum": "MM-8",
    "Owner": "Somerv",
    "Comments": "ASSUMED FROM PLAN TO BE CATCH BASIN - MAY BE OWNED BY B&L R.R. - PLANS GIVE NO PROFILE OR DATA ON STRUCTURES",
    "AccessDiam": 0,
    "AccessMate": "Unk",
    "AccesType": "Unk",
    "Station": 9999,
    "RimElevati": 9999,
    "FieldBook": " ",
    "Invert": 9999,
    "Plan1": "MM-08",
    "Plan2": " ",
    "Plan3": " ",
    "FeatureID": "CB-SD-212",
    "DupeNum": 1,
    "Source": "Original City Data",
    "OrthoUpdated": "Yes",
    "GlobalID": "{7DF6A991-2BC9-4119-ACB9-D9F8FD7A052C}",
    "created_user": "GIS",
    "created_date": 1600300800000,
    "last_edited_user": "GIS",
    "last_edited_date": 1600300800000,
    "Dewb_Edited": 0,
    "AssetStatus": "Active",
    "AccuracyStatus": "Unknown/Null (accurate = no)",
    "InaccuracyType": null,
    "AccuracyDate": null,
    "AccuracyComments": null,
    "ArchiveProjectName": null,
    "ArchiveReason": null,
    "ArchiveDate": null,
    "ArchiveComments": null,
    "ReplacedAssetID": null,
    "AssociatedInspections": null,
    "FID": null,
    "CreationDate": 1667412663429,
    "Creator": "NLandin_wc",
    "EditDate": 1667942792190,
    "Editor": "NLandin_wc"
   }
  },
  {
   "type": "Feature",
   "id": 3473,
   "geometry": {
    "type": "Point",
    "coordinates": [
     -71.0998200502055,
     42.382502285992956
    ]
   },
   "properties": {
    "OBJECTID": 3473,
    "Subtype": 0,
    "FacilityID": "SW-CB-00740",
    "InstallDat": null,
    "LifecycleS": " ",
    "WaterType": " ",
    "PlanNum": " ",
    "Owner": " ",
    "Comments": " ",
    "AccessDiam": 0,
    "AccessMate": " ",
    "AccesType": " ",
    "Station": 0,
    "RimElevati": 0,
    "FieldBook": " ",
    "Invert": 0,
    "Plan1": " ",
    "Plan2": " ",
    "Plan3": " ",
    "FeatureID": " ",
    "DupeNum": 0,
    "Source": "Stantec",
    "OrthoUpdated": "Yes",
    "GlobalID": "{F6638FD3-C519-46FC-921E-71DD73A18D9F}",
    "created_user": "GIS",
    "created_date": 1600300800000,
    "last_edited_user": "GIS",
    "last_edited_date": 1600300800000,
    "Dewb_Edited": 0,
    "AssetStatus": "Active",
    "AccuracyStatus": "Unknown/Null (accurate = no)",
    "InaccuracyType": null,
    "AccuracyDate": null,
    "AccuracyComments": null,
    "ArchiveProjectName": null,
    "ArchiveReason": null,
    "ArchiveDate": null,
    "ArchiveComments": null,
    "ReplacedAssetID": null,
    "AssociatedInspections": null,
    "FID": null,
    "CreationDate": 1667412663429,
    "Creator": "NLandin_wc",
    "EditDate": 1667942792190,
    "Editor": "NLandin_wc"
   }
  },
  {
   "type": "Feature",
   "id": 3474,
   "geometry": {
    "type": "Point",
    "coordinates": [
     -71.10544576933358,
     42.387119288641415
    ]
   },
   "properties": {
    "OBJECTID": 3474,
    "Subtype": 0,
    "FacilityID": "SW-CB-00999",
    "InstallDat": null,
    "LifecycleS": " ",
    "WaterType": " ",
    "PlanNum": " ",
    "Owner": " ",
    "Comments": " ",
    "AccessDiam": 0,
    "AccessMate": " ",
    "AccesType": " ",
    "Station": 0,
    "RimElevati": 0,
    "FieldBook": " ",
    "Invert": 0,
    "Plan1": " ",
    "Plan2": " ",
    "Plan3": " ",
    "FeatureID": " ",
    "DupeNum": 0,
    "Source": "Stantec",
    "OrthoUpdated": "Yes",
    "GlobalID": "{0AD7AF5F-6F73-4335-82B3-9368548EE4E6}",
    "created_user": "GIS",
    "created_date": 1600300800000,
    "last_edited_user": "GIS",
    "last_edited_date": 1600300800000,
    "Dewb_Edited": 0,
    "AssetStatus": "Active",
    "AccuracyStatus": "Unknown/Null (accurate = no)",
    "InaccuracyType": null,
    "AccuracyDate": null,
    "AccuracyComments": null,
    "ArchiveProjectName": null,
    "ArchiveReason": null,
    "ArchiveDate": null,
    "ArchiveComments": null,
    "ReplacedAssetID": null,
    "AssociatedInspections": null,
    "FID": null,
    "CreationDate": 1667412663429,
    "Creator": "NLandin_wc",
    "EditDate": 1667942792190,
    "Editor": "NLandin_wc"
   }
  },
  {
   "type": "Feature",
   "id": 3487,
   "geometry": {
    "type": "Point",
    "coordinates": [
     -71.09399299240894,
     42.38419772392193
    ]
   },
   "properties": {
    "OBJECTID": 3487,
    "Subtype": 0,
    "FacilityID": "SW-CB-01488",
    "InstallDat": null,
    "LifecycleS": " ",
    "WaterType": " ",
    "PlanNum": " ",
    "Owner": " ",
    "Comments": " ",
    "AccessDiam": 0,
    "AccessMate": " ",
    "AccesType": " ",
    "Station": 0,
    "RimElevati": 0,
    "FieldBook": " ",
    "Invert": 0,
    "Plan1": " ",
    "Plan2": " ",
    "Plan3": " ",
    "FeatureID": " ",
    "DupeNum": 0,
    "Source": "2017 Orthophotography",
    "OrthoUpdated": "Yes",
    "GlobalID": "{240C8B58-EB14-484B-81B8-E1197C467954}",
    "created_user": "GIS",
    "created_date": 1600300800000,
    "last_edited_user": "GIS",
    "last_edited_date": 1600300800000,
    "Dewb_Edited": 0,
    "AssetStatus": "Active",
    "AccuracyStatus": "Unknown/Null (accurate = no)",
    "InaccuracyType": null,
    "AccuracyDate": null,
    "AccuracyComments": null,
    "ArchiveProjectName": null,
    "ArchiveReason": null,
    "ArchiveDate": null,
    "ArchiveComments": null,
    "ReplacedAssetID": null,
    "AssociatedInspections": null,
    "FID": null,
    "CreationDate": 1667412663429,
    "Creator": "NLandin_wc",
    "EditDate": 1667942792190,
    "Editor": "NLandin_wc"
   }
  },
  {
   "type": "Feature",
   "id": 3488,
   "geometry": {
    "type": "Point",
    "coordinates": [
     -71.09748246486166,
     42.383588616291085
    ]
   },
   "properties": {
    "OBJECTID": 3488,
    "Subtype": 0,
    "FacilityID": "SW-CB-00721",
    "InstallDat": null,
    "LifecycleS": " ",
    "WaterType": " ",
    "PlanNum": " ",
    "Owner": " ",
    "Comments": " ",
    "AccessDiam": 0,
    "AccessMate": " ",
    "AccesType": " ",
    "Station": 0,
    "RimElevati": 0,
    "FieldBook": " ",
    "Invert": 0,
    "Plan1": " ",
    "Plan2": " ",
    "Plan3": " ",
    "FeatureID": " ",
    "DupeNum": 0,
    "Source": "Stantec",
    "OrthoUpdated": "Yes",
    "GlobalID": "{65A3A400-AEEA-4E5A-BFA0-84D8756D7F6B}",
    "created_user": "GIS",
    "created_date": 1600300800000,
    "last_edited_user": "GIS",
    "last_edited_date": 1600300800000,
    "Dewb_Edited": 0,
    "AssetStatus": "Active",
    "AccuracyStatus": "Unknown/Null (accurate = no)",
    "InaccuracyType": null,
    "AccuracyDate": null,
    "AccuracyComments": null,
    "ArchiveProjectName": null,
    "ArchiveReason": null,
    "ArchiveDate": null,
    "ArchiveComments": null,
    "ReplacedAssetID": null,
    "AssociatedInspections": null,
    "FID": null,
    "CreationDate": 1667412663429,
    "Creator": "NLandin_wc",
    "EditDate": 1667942792190,
    "Editor": "NLandin_wc"
   }
  },
  {
   "type": "Feature",
   "id": 3492,
   "geometry": {
    "type": "Point",
    "coordinates": [
     -71.10358090138895,
     42.380333051294755
    ]
   },
   "properties": {
    "OBJECTID": 3492,
    "Subtype": 0,
    "FacilityID": "SW-CB-02591",
    "InstallDat": null,
    "LifecycleS": " ",
    "WaterType": " ",
    "PlanNum": " ",
    "Owner": " ",
    "Comments": " ",
    "AccessDiam": 0,
    "AccessMate": " ",
    "AccesType": " ",
    "Station": 0,
    "RimElevati": 0,
    "FieldBook": " ",
    "Invert": 0,
    "Plan1": " ",
    "Plan2": " ",
    "Plan3": " ",
    "FeatureID": " ",
    "DupeNum": 0,
    "Source": "2017 Orthophotography",
    "OrthoUpdated": "Yes",
    "GlobalID": "{86E56988-0E5B-484A-AE62-C109F5448FA7}",
    "created_user": "GIS",
    "created_date": 1600300800000,
    "last_edited_user": "GIS",
    "last_edited_date": 1600300800000,
    "Dewb_Edited": 0,
    "AssetStatus": "Active",
    "AccuracyStatus": "Unknown/Null (accurate = no)",
    "InaccuracyType": null,
    "AccuracyDate": null,
    "AccuracyComments": null,
    "ArchiveProjectName": null,
    "ArchiveReason": null,
    "ArchiveDate": null,
    "ArchiveComments": null,
    "ReplacedAssetID": null,
    "AssociatedInspections": null,
    "FID": null,
    "CreationDate": 1667412663429,
    "Creator": "NLandin_wc",
    "EditDate": 1667942792190,
    "Editor": "NLandin_wc"
   }
  },
  {
   "type": "Feature",
   "id": 3494,
   "geometry": {
    "type": "Point",
    "coordinates": [
     -71.10721876859672,
     42.38589785830759
    ]
   },
   "properties": {
    "OBJECTID": 3494,
    "Subtype": 0,
    "FacilityID": "SW-CB-00960",
    "InstallDat": null,
    "LifecycleS": " ",
    "WaterType": " ",
    "PlanNum": " ",
    "Owner": " ",
    "Comments": " ",
    "AccessDiam": 0,
    "AccessMate": " ",
    "AccesType": " ",
    "Station": 0,
    "RimElevati": 0,
    "FieldBook": " ",
    "Invert": 0,
    "Plan1": " ",
    "Plan2": " ",
    "Plan3": " ",
    "FeatureID": " ",
    "DupeNum": 0,
    "Source": "Stantec",
    "OrthoUpdated": "Yes",
    "GlobalID": "{28B9DD9E-1F2F-4166-8BA5-4C3C8D679B37}",
    "created_user": "GIS",
    "created_date": 1600300800000,
    "last_edited_user": "GIS",
    "last_edited_date": 1600300800000,
    "Dewb_Edited": 0,
    "AssetStatus": "Active",
    "AccuracyStatus": "Unknown/Null (accurate = no)",
    "InaccuracyType": null,
    "AccuracyDate": null,
    "AccuracyComments": null,
    "ArchiveProjectName": null,
    "ArchiveReason": null,
    "ArchiveDate": null,
    "ArchiveComments": null,
    "ReplacedAssetID": null,
    "AssociatedInspections": null,
    "FID": null,
    "CreationDate": 1667412663429,
    "Creator": "NLandin_wc",
    "EditDate": 1667942792190,
    "Editor": "NLandin_wc"
   }
  },
  {
   "type": "Feature",
   "id": 3501,
   "geometry": {
    "type": "Point",
    "coordinates": [
     -71.09869929296258,
     42.38841662955589
    ]
   },
   "properties": {
    "OBJECTID": 3501,
    "Subtype": 0,
    "FacilityID": "SW-CB-02817",
    "InstallDat": null,
    "LifecycleS": " ",
    "WaterType": " ",
    "PlanNum": " ",
    "Owner": " ",
    "Comments": " ",
    "AccessDiam": 0,
    "AccessMate": " ",
    "AccesType": " ",
    "Station": 0,
    "RimElevati": 0,
    "FieldBook": " ",
    "Invert": 0,
    "Plan1": " ",
    "Plan2": " ",
    "Plan3": " ",
    "FeatureID": " ",
    "DupeNum": 0,
    "Source": "2017 Orthophotography",
    "OrthoUpdated": "Yes",
    "GlobalID": "{6D54354B-F086-44B2-99F2-E2F1C350A041}",
    "created_user": "GIS",
    "created_date": 1600300800000,
    "last_edited_user": "GIS",
    "last_edited_date": 1600300800000,
    "Dewb_Edited": 0,
    "AssetStatus": "Active",
    "AccuracyStatus": "Unknown/Null (accurate = no)",
    "InaccuracyType": null,
    "AccuracyDate": null,
    "AccuracyComments": null,
    "ArchiveProjectName": null,
    "ArchiveReason": null,
    "ArchiveDate": null,
    "ArchiveComments": null,
    "ReplacedAssetID": null,
    "AssociatedInspections": null,
    "FID": null,
    "CreationDate": 1667412663429,
    "Creator": "NLandin_wc",
    "EditDate": 1667942792190,
    "Editor": "NLandin_wc"
   }
  },
  {
   "type": "Feature",
   "id": 3505,
   "geometry": {
    "type": "Point",
    "coordinates": [
     -71.10636677126007,
     42.38422689077953
    ]
   },
   "properties": {
    "OBJECTID": 3505,
    "Subtype": 0,
    "FacilityID": "SW-CB-00985",
    "InstallDat": null,
    "LifecycleS": " ",
    "WaterType": " ",
    "PlanNum": " ",
    "Owner": " ",
    "Comments": " ",
    "AccessDiam": 0,
    "AccessMate": " ",
    "AccesType": " ",
    "Station": 0,
    "RimElevati": 0,
    "FieldBook": " ",
    "Invert": 0,
    "Plan1": " ",
    "Plan2": " ",
    "Plan3": " ",
    "FeatureID": " ",
    "DupeNum": 0,
    "Source": "Stantec",
    "OrthoUpdated": "Yes",
    "GlobalID": "{FC6BBC27-4C7E-47B5-A531-A1AEB300C71B}",
    "created_user": "GIS",
    "created_date": 1600300800000,
    "last_edited_user": "GIS",
    "last_edited_date": 1600300800000,
    "Dewb_Edited": 0,
    "AssetStatus": "Active",
    "AccuracyStatus": "Unknown/Null (accurate = no)",
    "InaccuracyType": null,
    "AccuracyDate": null,
    "AccuracyComments": null,
    "ArchiveProjectName": null,
    "ArchiveReason": null,
    "ArchiveDate": null,
    "ArchiveComments": null,
    "ReplacedAssetID": null,
    "AssociatedInspections": null,
    "FID": null,
    "CreationDate": 1667412663429,
    "Creator": "NLandin_wc",
    "EditDate": 1667942792190,
    "Editor": "NLandin_wc"
   }
  },
  {
   "type": "Feature",
   "id": 3521,
   "geometry": {
    "type": "Point",
    "coordinates": [
     -71.0981253455177,
     42.38447472957602
    ]
   },
   "properties": {
    "OBJECTID": 3521,
    "Subtype": 0,
    "FacilityID": "SW-CB-00732",
    "InstallDat": null,
    "LifecycleS": " ",
    "WaterType": " ",
    "PlanNum": " ",
    "Owner": " ",
    "Comments": " ",
    "AccessDiam": 0,
    "AccessMate": " ",
    "AccesType": " ",
    "Station": 0,
    "RimElevati": 0,
    "FieldBook": " ",
    "Invert": 0,
    "Plan1": " ",
    "Plan2": " ",
    "Plan3": " ",
    "FeatureID": " ",
    "DupeNum": 0,
    "Source": "Stantec",
    "OrthoUpdated": "Yes",
    "GlobalID": "{2984A9E1-DC3A-482B-BDFB-12DCBA113517}",
    "created_user": "GIS",
    "created_date": 1600300800000,
    "last_edited_user": "GIS",
    "last_edited_date": 1600300800000,
    "Dewb_Edited": 0,
    "AssetStatus": "Active",
    "AccuracyStatus": "Unknown/Null (accurate = no)",
    "InaccuracyType": null,
    "AccuracyDate": null,
    "AccuracyComments": null,
    "ArchiveProjectName": null,
    "ArchiveReason": null,
    "ArchiveDate": null,
    "ArchiveComments": null,
    "ReplacedAssetID": null,
    "AssociatedInspections": null,
    "FID": null,
    "CreationDate": 1667412663429,
    "Creator": "NLandin_wc",
    "EditDate": 1667942792190,
    "Editor": "NLandin_wc"
   }
  },
  {
   "type": "Feature",
   "id": 3523,
   "geometry": {
    "type": "Point",
    "coordinates": [
     -71.1095205578984,
     42.3838562210039
    ]
   },
   "properties": {
    "OBJECTID": 3523,
    "Subtype": 0,
    "FacilityID": "SW-CB-00929",
    "InstallDat": null,
    "LifecycleS": " ",
    "WaterType": " ",
    "PlanNum": " ",
    "Owner": " ",
    "Comments": " ",
    "AccessDiam": 0,
    "AccessMate": " ",
    "AccesType": " ",
    "Station": 0,
    "RimElevati": 0,
    "FieldBook": " ",
    "Invert": 0,
    "Plan1": " ",
    "Plan2": " ",
    "Plan3": " ",
    "FeatureID": " ",
    "DupeNum": 0,
    "Source": "Stantec",
    "OrthoUpdated": "Yes",
    "GlobalID": "{37418975-6DEE-437B-B858-3C661723C99A}",
    "created_user": "GIS",
    "created_date": 1600300800000,
    "last_edited_user": "GIS",
    "last_edited_date": 1600300800000,
    "Dewb_Edited": 0,
    "AssetStatus": "Active",
    "AccuracyStatus": "Unknown/Null (accurate = no)",
    "InaccuracyType": null,
    "AccuracyDate": null,
    "AccuracyComments": null,
    "ArchiveProjectName": null,
    "ArchiveReason": null,
    "ArchiveDate": null,
    "ArchiveComments": null,
    "ReplacedAssetID": null,
    "AssociatedInspections": null,
    "FID": null,
    "CreationDate": 1667412663429,
    "Creator": "NLandin_wc",
    "EditDate": 1667942792190,
    "Editor": "NLandin_wc"
   }
  },
  {
   "type": "Feature",
   "id": 3527,
   "geometry": {
    "type": "Point",
    "coordinates": [
     -71.10539015721685,
     42.38236949472815
    ]
   },
   "properties": {
    "OBJECTID": 3527,
    "Subtype": 0,
    "FacilityID": "SW-CB-02626",
    "InstallDat": null,
    "LifecycleS": " ",
    "WaterType": " ",
    "PlanNum": " ",
    "Owner": " ",
    "Comments": " ",
    "AccessDiam": 0,
    "AccessMate": " ",
    "AccesType": " ",
    "Station": 0,
    "RimElevati": 0,
    "FieldBook": " ",
    "Invert": 0,
    "Plan1": " ",
    "Plan2": " ",
    "Plan3": " ",
    "FeatureID": " ",
    "DupeNum": 0,
    "Source": "2017 Orthophotography",
    "OrthoUpdated": "Yes",
    "GlobalID": "{A187120E-3A48-477F-A6C9-08C459EF4B39}",
    "created_user": "GIS",
    "created_date": 1600300800000,
    "last_edited_user": "GIS",
    "last_edited_date": 1600300800000,
    "Dewb_Edited": 0,
    "AssetStatus": "Active",
    "AccuracyStatus": "Unknown/Null (accurate = no)",
    "InaccuracyType": null,
    "AccuracyDate": null,
    "AccuracyComments": null,
    "ArchiveProjectName": null,
    "ArchiveReason": null,
    "ArchiveDate": null,
    "ArchiveComments": null,
    "ReplacedAssetID": null,
    "AssociatedInspections": null,
    "FID": null,
    "CreationDate": 1667412663429,
    "Creator": "NLandin_wc",
    "EditDate": 1667942792190,
    "Editor": "NLandin_wc"
   }
  },
  {
   "type": "Feature",
   "id": 3529,
   "geometry": {
    "type": "Point",
    "coordinates": [
     -71.10300185677094,
     42.38305394749972
    ]
   },
   "properties": {
    "OBJECTID": 3529,
    "Subtype": 0,
    "FacilityID": "SW-CB-01043",
    "InstallDat": null,
    "LifecycleS": " ",
    "WaterType": " ",
    "PlanNum": " ",
    "Owner": " ",
    "Comments": " ",
    "AccessDiam": 0,
    "AccessMate": " ",
    "AccesType": " ",
    "Station": 0,
    "RimElevati": 0,
    "FieldBook": " ",
    "Invert": 0,
    "Plan1": " ",
    "Plan2": " ",
    "Plan3": " ",
    "FeatureID": " ",
    "DupeNum": 0,
    "Source": "Stantec",
    "OrthoUpdated": "Yes",
    "GlobalID": "{CC314B00-72E1-4387-A25F-BE3C646B5EDF}",
    "created_user": "GIS",
    "created_date": 1600300800000,
    "last_edited_user": "GIS",
    "last_edited_date": 1600300800000,
    "Dewb_Edited": 0,
    "AssetStatus": "Active",
    "AccuracyStatus": "Unknown/Null (accurate = no)",
    "InaccuracyType": null,
    "AccuracyDate": null,
    "AccuracyComments": null,
    "ArchiveProjectName": null,
    "ArchiveReason": null,
    "ArchiveDate": null,
    "ArchiveComments": null,
    "ReplacedAssetID": null,
    "AssociatedInspections": null,
    "FID": null,
    "CreationDate": 1667412663429,
    "Creator": "NLandin_wc",
    "EditDate": 1667942792190,
    "Editor": "NLandin_wc"
   }
  },
  {
   "type": "Feature",
   "id": 3535,
   "geometry": {
    "type": "Point",
    "coordinates": [
     -71.1038140175275,
     42.38795653234066
    ]
   },
   "properties": {
    "OBJECTID": 3535,
    "Subtype": 0,
    "FacilityID": "SW-CB-01009",
    "InstallDat": null,
    "LifecycleS": " ",
    "WaterType": " ",
    "PlanNum": " ",
    "Owner": " ",
    "Comments": " ",
    "AccessDiam": 0,
    "AccessMate": " ",
    "AccesType": " ",
    "Station": 0,
    "RimElevati": 0,
    "FieldBook": " ",
    "Invert": 0,
    "Plan1": " ",
    "Plan2": " ",
    "Plan3": " ",
    "FeatureID": " ",
    "DupeNum": 0,
    "Source": "Stantec",
    "OrthoUpdated": "Yes",
    "GlobalID": "{BFC6CD96-D9EC-41BF-A88A-C907969892FA}",
    "created_user": "GIS",
    "created_date": 1600300800000,
    "last_edited_user": "GIS",
    "last_edited_date": 1600300800000,
    "Dewb_Edited": 0,
    "AssetStatus": "Active",
    "AccuracyStatus": "Unknown/Null (accurate = no)",
    "InaccuracyType": null,
    "AccuracyDate": null,
    "AccuracyComments": null,
    "ArchiveProjectName": null,
    "ArchiveReason": null,
    "ArchiveDate": null,
    "ArchiveComments": null,
    "ReplacedAssetID": null,
    "AssociatedInspections": null,
    "FID": null,
    "CreationDate": 1667412663429,
    "Creator": "NLandin_wc",
    "EditDate": 1667942792190,
    "Editor": "NLandin_wc"
   }
  },
  {
   "type": "Feature",
   "id": 3537,
   "geometry": {
    "type": "Point",
    "coordinates": [
     -71.09427816240273,
     42.38138761575507
    ]
   },
   "properties": {
    "OBJECTID": 3537,
    "Subtype": 0,
    "FacilityID": "SW-CB-00764",
    "InstallDat": null,
    "LifecycleS": " ",
    "WaterType": " ",
    "PlanNum": " ",
    "Owner": " ",
    "Comments": " ",
    "AccessDiam": 0,
    "AccessMate": " ",
    "AccesType": " ",
    "Station": 0,
    "RimElevati": 0,
    "FieldBook": " ",
    "Invert": 0,
    "Plan1": " ",
    "Plan2": " ",
    "Plan3": " ",
    "FeatureID": " ",
    "DupeNum": 0,
    "Source": "Stantec",
    "OrthoUpdated": "Yes",
    "GlobalID": "{6996920A-C4E4-4D1D-8153-CCFFB9DD5F8D}",
    "created_user": "GIS",
    "created_date": 1600300800000,
    "last_edited_user": "GIS",
    "last_edited_date": 1600300800000,
    "Dewb_Edited": 0,
    "AssetStatus": "Active",
    "AccuracyStatus": "Unknown/Null (accurate = no)",
    "InaccuracyType": null,
    "AccuracyDate": null,
    "AccuracyComments": null,
    "ArchiveProjectName": null,
    "ArchiveReason": null,
    "ArchiveDate": null,
    "ArchiveComments": null,
    "ReplacedAssetID": null,
    "AssociatedInspections": null,
    "FID": null,
    "CreationDate": 1667412663429,
    "Creator": "NLandin_wc",
    "EditDate": 1667942792190,
    "Editor": "NLandin_wc"
   }
  },
  {
   "type": "Feature",
   "id": 3543,
   "geometry": {
    "type": "Point",
    "coordinates": [
     -71.09574773344065,
     42.38295160629644
    ]
   },
   "properties": {
    "OBJECTID": 3543,
    "Subtype": 0,
    "FacilityID": "SW-CB-01092",
    "InstallDat": null,
    "LifecycleS": " ",
    "WaterType": " ",
    "PlanNum": " ",
    "Owner": " ",
    "Comments": " ",
    "AccessDiam": 0,
    "AccessMate": " ",
    "AccesType": " ",
    "Station": 0,
    "RimElevati": 0,
    "FieldBook": " ",
    "Invert": 0,
    "Plan1": " ",
    "Plan2": " ",
    "Plan3": " ",
    "FeatureID": " ",
    "DupeNum": 0,
    "Source": "Stantec",
    "OrthoUpdated": "Yes",
    "GlobalID": "{B1FA2CB0-3496-404C-9BEB-BF553F93AFB0}",
    "created_user": "GIS",
    "created_date": 1600300800000,
    "last_edited_user": "GIS",
    "last_edited_date": 1600300800000,
    "Dewb_Edited": 0,
    "AssetStatus": "Active",
    "AccuracyStatus": "Unknown/Null (accurate = no)",
    "InaccuracyType": null,
    "AccuracyDate": null,
    "AccuracyComments": null,
    "ArchiveProjectName": null,
    "ArchiveReason": null,
    "ArchiveDate": null,
    "ArchiveComments": null,
    "ReplacedAssetID": null,
    "AssociatedInspections": null,
    "FID": null,
    "CreationDate": 1667412663429,
    "Creator": "NLandin_wc",
    "EditDate": 1667942792190,
    "Editor": "NLandin_wc"
   }
  },
  {
   "type": "Feature",
   "id": 3546,
   "geometry": {
    "type": "Point",
    "coordinates": [
     -71.09859786432395,
     42.38546381788008
    ]
   },
   "properties": {
    "OBJECTID": 3546,
    "Subtype": 0,
    "FacilityID": "SW-CB-00795",
    "InstallDat": null,
    "LifecycleS": " ",
    "WaterType": " ",
    "PlanNum": " ",
    "Owner": " ",
    "Comments": " ",
    "AccessDiam": 0,
    "AccessMate": " ",
    "AccesType": " ",
    "Station": 0,
    "RimElevati": 0,
    "FieldBook": " ",
    "Invert": 0,
    "Plan1": " ",
    "Plan2": " ",
    "Plan3": " ",
    "FeatureID": " ",
    "DupeNum": 0,
    "Source": "Stantec",
    "OrthoUpdated": "Yes",
    "GlobalID": "{7A296244-5B0C-4EC2-AE81-23D2728BF3D8}",
    "created_user": "GIS",
    "created_date": 1600300800000,
    "last_edited_user": "GIS",
    "last_edited_date": 1600300800000,
    "Dewb_Edited": 0,
    "AssetStatus": "Active",
    "AccuracyStatus": "Unknown/Null (accurate = no)",
    "InaccuracyType": null,
    "AccuracyDate": null,
    "AccuracyComments": null,
    "ArchiveProjectName": null,
    "ArchiveReason": null,
    "ArchiveDate": null,
    "ArchiveComments": null,
    "ReplacedAssetID": null,
    "AssociatedInspections": null,
    "FID": null,
    "CreationDate": 1667412663429,
    "Creator": "NLandin_wc",
    "EditDate": 1667942792190,
    "Editor": "NLandin_wc"
   }
  },
  {
   "type": "Feature",
   "id": 3556,
   "geometry": {
    "type": "Point",
    "coordinates": [
     -71.09531011424453,
     42.38051628204125
    ]
   },
   "properties": {
    "OBJECTID": 3556,
    "Subtype": 0,
    "FacilityID": "SW-CB-00769",
    "InstallDat": null,
    "LifecycleS": " ",
    "WaterType": " ",
    "PlanNum": " ",
    "Owner": " ",
    "Comments": " ",
    "AccessDiam": 0,
    "AccessMate": " ",
    "AccesType": " ",
    "Station": 0,
    "RimElevati": 0,
    "FieldBook": " ",
    "Invert": 0,
    "Plan1": " ",
    "Plan2": " ",
    "Plan3": " ",
    "FeatureID": " ",
    "DupeNum": 0,
    "Source": "Stantec",
    "OrthoUpdated": "Yes",
    "GlobalID": "{C93D31D6-D2C9-4105-A197-1902AD8959AD}",
    "created_user": "GIS",
    "created_date": 1600300800000,
    "last_edited_user": "GIS",
    "last_edited_date": 1600300800000,
    "Dewb_Edited": 0,
    "AssetStatus": "Active",
    "AccuracyStatus": "Unknown/Null (accurate = no)",
    "InaccuracyType": null,
    "AccuracyDate": null,
    "AccuracyComments": null,
    "ArchiveProjectName": null,
    "ArchiveReason": null,
    "ArchiveDate": null,
    "ArchiveComments": null,
    "ReplacedAssetID": null,
    "AssociatedInspections": null,
    "FID": null,
    "CreationDate": 1667412663429,
    "Creator": "NLandin_wc",
    "EditDate": 1667942792190,
    "Editor": "NLandin_wc"
   }
  },
  {
   "type": "Feature",
   "id": 3557,
   "geometry": {
    "type": "Point",
    "coordinates": [
     -71.09866825251251,
     42.389331270397356
    ]
   },
   "properties": {
    "OBJECTID": 3557,
    "Subtype": 0,
    "FacilityID": "SW-CB-02727",
    "InstallDat": null,
    "LifecycleS": " ",
    "WaterType": " ",
    "PlanNum": " ",
    "Owner": " ",
    "Comments": " ",
    "AccessDiam": 0,
    "AccessMate": " ",
    "AccesType": " ",
    "Station": 0,
    "RimElevati": 0,
    "FieldBook": " ",
    "Invert": 0,
    "Plan1": " ",
    "Plan2": " ",
    "Plan3": " ",
    "FeatureID": " ",
    "DupeNum": 0,
    "Source": "2017 Orthophotography",
    "OrthoUpdated": "Yes",
    "GlobalID": "{E694B873-0A0D-49DA-82CD-F279DAE1ABBD}",
    "created_user": "GIS",
    "created_date": 1600300800000,
    "last_edited_user": "GIS",
    "last_edited_date": 1600300800000,
    "Dewb_Edited": 0,
    "AssetStatus": "Active",
    "AccuracyStatus": "Unknown/Null (accurate = no)",
    "InaccuracyType": null,
    "AccuracyDate": null,
    "AccuracyComments": null,
    "ArchiveProjectName": null,
    "ArchiveReason": null,
    "ArchiveDate": null,
    "ArchiveComments": null,
    "ReplacedAssetID": null,
    "AssociatedInspections": null,
    "FID": null,
    "CreationDate": 1667412663429,
    "Creator": "NLandin_wc",
    "EditDate": 1667942792190,
    "Editor": "NLandin_wc"
   }
  },
  {
   "type": "Feature",
   "id": 3568,
   "geometry": {
    "type": "Point",
    "coordinates": [
     -71.09758504023445,
     42.388309105546874
    ]
   },
   "properties": {
    "OBJECTID": 3568,
    "Subtype": 1,
    "FacilityID": "SW-CB-00128",
    "InstallDat": -1356998400000,
    "LifecycleS": "Active",
    "WaterType": "Storm",
    "PlanNum": "MM-6",
    "Owner": "Somerv",
    "Comments": " ",
    "AccessDiam": 0,
    "AccessMate": "Unk",
    "AccesType": "Unk",
    "Station": 9999,
    "RimElevati": 9999,
    "FieldBook": " ",
    "Invert": 9999,
    "Plan1": "MM-06",
    "Plan2": " ",
    "Plan3": " ",
    "FeatureID": "CB-SD-129",
    "DupeNum": 1,
    "Source": "Original City Data",
    "OrthoUpdated": "Not Visible",
    "GlobalID": "{BD3CC49C-C7D6-48C2-B84C-8E009E17F5D1}",
    "created_user": "GIS",
    "created_date": 1600300800000,
    "last_edited_user": "GIS",
    "last_edited_date": 1600300800000,
    "Dewb_Edited": 0,
    "AssetStatus": "Active",
    "AccuracyStatus": "Unknown/Null (accurate = no)",
    "InaccuracyType": null,
    "AccuracyDate": null,
    "AccuracyComments": null,
    "ArchiveProjectName": null,
    "ArchiveReason": null,
    "ArchiveDate": null,
    "ArchiveComments": null,
    "ReplacedAssetID": null,
    "AssociatedInspections": null,
    "FID": null,
    "CreationDate": 1667412663429,
    "Creator": "NLandin_wc",
    "EditDate": 1667942792190,
    "Editor": "NLandin_wc"
   }
  },
  {
   "type": "Feature",
   "id": 3575,
   "geometry": {
    "type": "Point",
    "coordinates": [
     -71.09847853702465,
     42.389331750986976
    ]
   },
   "properties": {
    "OBJECTID": 3575,
    "Subtype": 0,
    "FacilityID": "SW-CB-02726",
    "InstallDat": null,
    "LifecycleS": " ",
    "WaterType": " ",
    "PlanNum": " ",
    "Owner": " ",
    "Comments": " ",
    "AccessDiam": 0,
    "AccessMate": " ",
    "AccesType": " ",
    "Station": 0,
    "RimElevati": 0,
    "FieldBook": " ",
    "Invert": 0,
    "Plan1": " ",
    "Plan2": " ",
    "Plan3": " ",
    "FeatureID": " ",
    "DupeNum": 0,
    "Source": "2017 Orthophotography",
    "OrthoUpdated": "Yes",
    "GlobalID": "{A8BCBC03-8C5E-4B86-9DB1-1802AAB9B721}",
    "created_user": "GIS",
    "created_date": 1600300800000,
    "last_edited_user": "GIS",
    "last_edited_date": 1600300800000,
    "Dewb_Edited": 0,
    "AssetStatus": "Active",
    "AccuracyStatus": "Unknown/Null (accurate = no)",
    "InaccuracyType": null,
    "AccuracyDate": null,
    "AccuracyComments": null,
    "ArchiveProjectName": null,
    "ArchiveReason": null,
    "ArchiveDate": null,
    "ArchiveComments": null,
    "ReplacedAssetID": null,
    "AssociatedInspections": null,
    "FID": null,
    "CreationDate": 1667412663429,
    "Creator": "NLandin_wc",
    "EditDate": 1667942792190,
    "Editor": "NLandin_wc"
   }
  },
  {
   "type": "Feature",
   "id": 3580,
   "geometry": {
    "type": "Point",
    "coordinates": [
     -71.09476930215533,
     42.38464202467066
    ]
   },
   "properties": {
    "OBJECTID": 3580,
    "Subtype": 0,
    "FacilityID": "SW-CB-02633",
    "InstallDat": null,
    "LifecycleS": " ",
    "WaterType": " ",
    "PlanNum": " ",
    "Owner": " ",
    "Comments": " ",
    "AccessDiam": 0,
    "AccessMate": " ",
    "AccesType": " ",
    "Station": 0,
    "RimElevati": 0,
    "FieldBook": " ",
    "Invert": 0,
    "Plan1": " ",
    "Plan2": " ",
    "Plan3": " ",
    "FeatureID": " ",
    "DupeNum": 0,
    "Source": "2017 Orthophotography",
    "OrthoUpdated": "Yes",
    "GlobalID": "{82376CD2-F497-45AE-AFC2-7432DA461A0F}",
    "created_user": "GIS",
    "created_date": 1600300800000,
    "last_edited_user": "GIS",
    "last_edited_date": 1600300800000,
    "Dewb_Edited": 0,
    "AssetStatus": "Active",
    "AccuracyStatus": "Unknown/Null (accurate = no)",
    "InaccuracyType": null,
    "AccuracyDate": null,
    "AccuracyComments": null,
    "ArchiveProjectName": null,
    "ArchiveReason": null,
    "ArchiveDate": null,
    "ArchiveComments": null,
    "ReplacedAssetID": null,
    "AssociatedInspections": null,
    "FID": null,
    "CreationDate": 1667412663429,
    "Creator": "NLandin_wc",
    "EditDate": 1667942792190,
    "Editor": "NLandin_wc"
   }
  },
  {
   "type": "Feature",
   "id": 3582,
   "geometry": {
    "type": "Point",
    "coordinates": [
     -71.10199292769319,
     42.38214443964481
    ]
   },
   "properties": {
    "OBJECTID": 3582,
    "Subtype": 0,
    "FacilityID": "SW-CB-01054",
    "InstallDat": null,
    "LifecycleS": " ",
    "WaterType": " ",
    "PlanNum": " ",
    "Owner": " ",
    "Comments": " ",
    "AccessDiam": 0,
    "AccessMate": " ",
    "AccesType": " ",
    "Station": 0,
    "RimElevati": 0,
    "FieldBook": " ",
    "Invert": 0,
    "Plan1": " ",
    "Plan2": " ",
    "Plan3": " ",
    "FeatureID": " ",
    "DupeNum": 0,
    "Source": "Stantec",
    "OrthoUpdated": "Yes",
    "GlobalID": "{97FCD7A6-94F9-4543-B688-66E447F16EE0}",
    "created_user": "GIS",
    "created_date": 1600300800000,
    "last_edited_user": "GIS",
    "last_edited_date": 1600300800000,
    "Dewb_Edited": 0,
    "AssetStatus": "Active",
    "AccuracyStatus": "Unknown/Null (accurate = no)",
    "InaccuracyType": null,
    "AccuracyDate": null,
    "AccuracyComments": null,
    "ArchiveProjectName": null,
    "ArchiveReason": null,
    "ArchiveDate": null,
    "ArchiveComments": null,
    "ReplacedAssetID": null,
    "AssociatedInspections": null,
    "FID": null,
    "CreationDate": 1667412663429,
    "Creator": "NLandin_wc",
    "EditDate": 1667942792190,
    "Editor": "NLandin_wc"
   }
  },
  {
   "type": "Feature",
   "id": 3590,
   "geometry": {
    "type": "Point",
    "coordinates": [
     -71.10896567526017,
     42.38375360828436
    ]
   },
   "properties": {
    "OBJECTID": 3590,
    "Subtype": 0,
    "FacilityID": "SW-CB-00970",
    "InstallDat": null,
    "LifecycleS": " ",
    "WaterType": " ",
    "PlanNum": " ",
    "Owner": " ",
    "Comments": " ",
    "AccessDiam": 0,
    "AccessMate": " ",
    "AccesType": " ",
    "Station": 0,
    "RimElevati": 0,
    "FieldBook": " ",
    "Invert": 0,
    "Plan1": " ",
    "Plan2": " ",
    "Plan3": " ",
    "FeatureID": " ",
    "DupeNum": 0,
    "Source": "Stantec",
    "OrthoUpdated": "Yes",
    "GlobalID": "{EDD05EAA-C44A-4C41-A162-280FB935C924}",
    "created_user": "GIS",
    "created_date": 1600300800000,
    "last_edited_user": "GIS",
    "last_edited_date": 1600300800000,
    "Dewb_Edited": 0,
    "AssetStatus": "Active",
    "AccuracyStatus": "Unknown/Null (accurate = no)",
    "InaccuracyType": null,
    "AccuracyDate": null,
    "AccuracyComments": null,
    "ArchiveProjectName": null,
    "ArchiveReason": null,
    "ArchiveDate": null,
    "ArchiveComments": null,
    "ReplacedAssetID": null,
    "AssociatedInspections": null,
    "FID": null,
    "CreationDate": 1667412663429,
    "Creator": "NLandin_wc",
    "EditDate": 1667942792190,
    "Editor": "NLandin_wc"
   }
  },
  {
   "type": "Feature",
   "id": 3596,
   "geometry": {
    "type": "Point",
    "coordinates": [
     -71.09393454671958,
     42.382179234233966
    ]
   },
   "properties": {
    "OBJECTID": 3596,
    "Subtype": 0,
    "FacilityID": "SW-CB-01098",
    "InstallDat": null,
    "LifecycleS": " ",
    "WaterType": " ",
    "PlanNum": " ",
    "Owner": " ",
    "Comments": " ",
    "AccessDiam": 0,
    "AccessMate": " ",
    "AccesType": " ",
    "Station": 0,
    "RimElevati": 0,
    "FieldBook": " ",
    "Invert": 0,
    "Plan1": " ",
    "Plan2": " ",
    "Plan3": " ",
    "FeatureID": " ",
    "DupeNum": 0,
    "Source": "Stantec",
    "OrthoUpdated": "Yes",
    "GlobalID": "{B3C324E4-2CB1-4618-B4B2-3E4644E3DCA0}",
    "created_user": "GIS",
    "created_date": 1600300800000,
    "last_edited_user": "GIS",
    "last_edited_date": 1600300800000,
    "Dewb_Edited": 0,
    "AssetStatus": "Active",
    "AccuracyStatus": "Unknown/Null (accurate = no)",
    "InaccuracyType": null,
    "AccuracyDate": null,
    "AccuracyComments": null,
    "ArchiveProjectName": null,
    "ArchiveReason": null,
    "ArchiveDate": null,
    "ArchiveComments": null,
    "ReplacedAssetID": null,
    "AssociatedInspections": null,
    "FID": null,
    "CreationDate": 1667412663429,
    "Creator": "NLandin_wc",
    "EditDate": 1667942792190,
    "Editor": "NLandin_wc"
   }
  },
  {
   "type": "Feature",
   "id": 3597,
   "geometry": {
    "type": "Point",
    "coordinates": [
     -71.09422399135403,
     42.39050807866473
    ]
   },
   "properties": {
    "OBJECTID": 3597,
    "Subtype": 0,
    "FacilityID": "SW-CB-01507",
    "InstallDat": null,
    "LifecycleS": " ",
    "WaterType": " ",
    "PlanNum": " ",
    "Owner": " ",
    "Comments": " ",
    "AccessDiam": 0,
    "AccessMate": " ",
    "AccesType": " ",
    "Station": 0,
    "RimElevati": 0,
    "FieldBook": " ",
    "Invert": 0,
    "Plan1": " ",
    "Plan2": " ",
    "Plan3": " ",
    "FeatureID": " ",
    "DupeNum": 0,
    "Source": "2017 Orthophotography",
    "OrthoUpdated": "Yes",
    "GlobalID": "{7F315220-BF10-4F2D-BE10-94E4FAEB990D}",
    "created_user": "GIS",
    "created_date": 1600300800000,
    "last_edited_user": "GIS",
    "last_edited_date": 1600300800000,
    "Dewb_Edited": 0,
    "AssetStatus": "Active",
    "AccuracyStatus": "Unknown/Null (accurate = no)",
    "InaccuracyType": null,
    "AccuracyDate": null,
    "AccuracyComments": null,
    "ArchiveProjectName": null,
    "ArchiveReason": null,
    "ArchiveDate": null,
    "ArchiveComments": null,
    "ReplacedAssetID": null,
    "AssociatedInspections": null,
    "FID": null,
    "CreationDate": 1667412663429,
    "Creator": "NLandin_wc",
    "EditDate": 1667942792190,
    "Editor": "NLandin_wc"
   }
  },
  {
   "type": "Feature",
   "id": 3598,
   "geometry": {
    "type": "Point",
    "coordinates": [
     -71.10073047939481,
     42.381524073172784
    ]
   },
   "properties": {
    "OBJECTID": 3598,
    "Subtype": 0,
    "FacilityID": "SW-CB-01081",
    "InstallDat": null,
    "LifecycleS": " ",
    "WaterType": " ",
    "PlanNum": " ",
    "Owner": " ",
    "Comments": " ",
    "AccessDiam": 0,
    "AccessMate": " ",
    "AccesType": " ",
    "Station": 0,
    "RimElevati": 0,
    "FieldBook": " ",
    "Invert": 0,
    "Plan1": " ",
    "Plan2": " ",
    "Plan3": " ",
    "FeatureID": " ",
    "DupeNum": 0,
    "Source": "Stantec",
    "OrthoUpdated": "Yes",
    "GlobalID": "{595B18BB-B2B8-483A-AF8E-12704B76357B}",
    "created_user": "GIS",
    "created_date": 1600300800000,
    "last_edited_user": "GIS",
    "last_edited_date": 1600300800000,
    "Dewb_Edited": 0,
    "AssetStatus": "Active",
    "AccuracyStatus": "Unknown/Null (accurate = no)",
    "InaccuracyType": null,
    "AccuracyDate": null,
    "AccuracyComments": null,
    "ArchiveProjectName": null,
    "ArchiveReason": null,
    "ArchiveDate": null,
    "ArchiveComments": null,
    "ReplacedAssetID": null,
    "AssociatedInspections": null,
    "FID": null,
    "CreationDate": 1667412663429,
    "Creator": "NLandin_wc",
    "EditDate": 1667942792190,
    "Editor": "NLandin_wc"
   }
  },
  {
   "type": "Feature",
   "id": 3605,
   "geometry": {
    "type": "Point",
    "coordinates": [
     -71.09912998127423,
     42.39057403871814
    ]
   },
   "properties": {
    "OBJECTID": 3605,
    "Subtype": 0,
    "FacilityID": "SW-CB-02731",
    "InstallDat": null,
    "LifecycleS": " ",
    "WaterType": " ",
    "PlanNum": " ",
    "Owner": " ",
    "Comments": " ",
    "AccessDiam": 0,
    "AccessMate": " ",
    "AccesType": " ",
    "Station": 0,
    "RimElevati": 0,
    "FieldBook": " ",
    "Invert": 0,
    "Plan1": " ",
    "Plan2": " ",
    "Plan3": " ",
    "FeatureID": " ",
    "DupeNum": 0,
    "Source": "2017 Orthophotography",
    "OrthoUpdated": "Yes",
    "GlobalID": "{FC8596E0-234E-43DB-A823-6E750217987F}",
    "created_user": "GIS",
    "created_date": 1600300800000,
    "last_edited_user": "GIS",
    "last_edited_date": 1600300800000,
    "Dewb_Edited": 0,
    "AssetStatus": "Active",
    "AccuracyStatus": "Unknown/Null (accurate = no)",
    "InaccuracyType": null,
    "AccuracyDate": null,
    "AccuracyComments": null,
    "ArchiveProjectName": null,
    "ArchiveReason": null,
    "ArchiveDate": null,
    "ArchiveComments": null,
    "ReplacedAssetID": null,
    "AssociatedInspections": null,
    "FID": null,
    "CreationDate": 1667412663429,
    "Creator": "NLandin_wc",
    "EditDate": 1667942792190,
    "Editor": "NLandin_wc"
   }
  },
  {
   "type": "Feature",
   "id": 3606,
   "geometry": {
    "type": "Point",
    "coordinates": [
     -71.09414465348578,
     42.38886252894283
    ]
   },
   "properties": {
    "OBJECTID": 3606,
    "Subtype": 0,
    "FacilityID": "SW-CB-01498",
    "InstallDat": null,
    "LifecycleS": " ",
    "WaterType": " ",
    "PlanNum": " ",
    "Owner": " ",
    "Comments": " ",
    "AccessDiam": 0,
    "AccessMate": " ",
    "AccesType": " ",
    "Station": 0,
    "RimElevati": 0,
    "FieldBook": " ",
    "Invert": 0,
    "Plan1": " ",
    "Plan2": " ",
    "Plan3": " ",
    "FeatureID": " ",
    "DupeNum": 0,
    "Source": "2017 Orthophotography",
    "OrthoUpdated": "Yes",
    "GlobalID": "{AB030F73-3296-44C2-BD21-4420EDCE2719}",
    "created_user": "GIS",
    "created_date": 1600300800000,
    "last_edited_user": "GIS",
    "last_edited_date": 1600300800000,
    "Dewb_Edited": 0,
    "AssetStatus": "Active",
    "AccuracyStatus": "Unknown/Null (accurate = no)",
    "InaccuracyType": null,
    "AccuracyDate": null,
    "AccuracyComments": null,
    "ArchiveProjectName": null,
    "ArchiveReason": null,
    "ArchiveDate": null,
    "ArchiveComments": null,
    "ReplacedAssetID": null,
    "AssociatedInspections": null,
    "FID": null,
    "CreationDate": 1667412663429,
    "Creator": "NLandin_wc",
    "EditDate": 1667942792190,
    "Editor": "NLandin_wc"
   }
  },
  {
   "type": "Feature",
   "id": 3612,
   "geometry": {
    "type": "Point",
    "coordinates": [
     -71.0944576407865,
     42.38042271610825
    ]
   },
   "properties": {
    "OBJECTID": 3612,
    "Subtype": 0,
    "FacilityID": "SW-CB-00775",
    "InstallDat": null,
    "LifecycleS": " ",
    "WaterType": " ",
    "PlanNum": " ",
    "Owner": " ",
    "Comments": " ",
    "AccessDiam": 0,
    "AccessMate": " ",
    "AccesType": " ",
    "Station": 0,
    "RimElevati": 0,
    "FieldBook": " ",
    "Invert": 0,
    "Plan1": " ",
    "Plan2": " ",
    "Plan3": " ",
    "FeatureID": " ",
    "DupeNum": 0,
    "Source": "Stantec",
    "OrthoUpdated": "Yes",
    "GlobalID": "{400EC0EC-F60B-415F-B6C1-2BF7F670D54B}",
    "created_user": "GIS",
    "created_date": 1600300800000,
    "last_edited_user": "GIS",
    "last_edited_date": 1600300800000,
    "Dewb_Edited": 0,
    "AssetStatus": "Active",
    "AccuracyStatus": "Unknown/Null (accurate = no)",
    "InaccuracyType": null,
    "AccuracyDate": null,
    "AccuracyComments": null,
    "ArchiveProjectName": null,
    "ArchiveReason": null,
    "ArchiveDate": null,
    "ArchiveComments": null,
    "ReplacedAssetID": null,
    "AssociatedInspections": null,
    "FID": null,
    "CreationDate": 1667412663429,
    "Creator": "NLandin_wc",
    "EditDate": 1667942792190,
    "Editor": "NLandin_wc"
   }
  }
 ]
}