{
 "type": "FeatureCollection",
 "crs": {
  "type": "name",
  "properties": {
   "name": "urn:ogc:def:crs:OGC:1.3:CRS84"
  }
 },
 "features": [
  {
   "type": "Feature",
   "properties": {
    "OBJECTID": 4,
    "FACILITYID": "FIT-1465 : C2-6431",
    "INSTALLDATE": -1138752000000,
    "Height": 0,
    "Width": 0,
    "LINEDYEAR": " ",
    "LINERTYPE": " ",
    "FROMMH": "FIT-1465",
    "TOMH": "C2-6431",
    "WaterType": "Storm",
    "GraphicType": "Storm",
    "ENABLED": 1,
    "ACTIVEFLAG": 1,
    "OWNEDBY": 1,
    "MAINTBY": 1,
    "SUMFLOW": 0,
    "UPELEV": 16.2,
    "UpstreamIn": 16.2,
    "DOWNELEV": 15.3,
    "Downstream": 15.3,
    "SLOPE": 2.16,
    "SlopeSourc": "DWG",
    "Streetname": "SOMERVILLE AVE",
    "CatchArea": " ",
    "Comments": "P-2 SHOWS STORM FLOWING INTO 36x38 CS BRICK",
    "BarrelCount": 0,
    "UnderDiam": 0,
    "UnderMat": " ",
    "FieldBook": " ",
    "LifecycleS": "Active",
    "CIP_Area": 8,
    "LGMLoad3": 5070,
    "MeasuredLength": 0,
    "PossDelete": " ",
    "PlanNum": "PF-086,P-02",
    "InstalID_1": "12/1/1933",
    "UpdateSour": " ",
    "UpdateDesc": " ",
    "LiningType": " ",
    "Owner": "Somerv",
    "Slope_DWG": 2.16,
    "Slope_Tech": 9999,
    "Slope_GIS": 9999,
    "Group_1": 4,
    "SubType_1": 1,
    "Material": "Unknown",
    "MatCode": "Unk",
    "Diameter": 12,
    "MainShape": "Circular",
    "GlobalID": "{21294B98-96EF-444D-A7BB-9A730CFAD5AB}",
    "created_user": "GIS",
    "created_date": 1600300800000,
    "last_edited_user": "GIS",
    "last_edited_date": 1600300800000,
    "LEGACYID": "FIT-1465 : C2-6431",
    "US_Vert_Datum": " ",
    "DS_Vert_Datum": " ",
    "Dewb_Worked_On": 0,
    "AssetStatus": "Active",
    "AccuracyStatus": "Unknown/Null (accurate = no)",
    "InaccuracyType": null,
    "AccuracyDate": null,
    "AccuracyComments": null,
    "AssociatedInspections": null,
    "ArchiveReason": null,
    "ArchiveProjectName": null,
    "ArchiveDate": null,
    "ArchiveComments": null,
    "ReplacedAssetID": null,
    "FID": null,
    "CreationDate": 1667400748941,
    "Creator": "NLandin_wc",
    "EditDate": 1667486494110,
    "Editor": "melliot_wc",
    "Shape_Length": 28.820009233059235
   },
   "geometry": {
    "type": "LineString",
    "coordinates": [
     [
      -71.10335612020468,
      42.382555424707355
     ],
     [
      -71.10340773988777,
      42.38248621780364
     ]
    ]
   }
  },
  {
   "type": "Feature",
   "properties": {
    "OBJECTID": 7,
    "FACILITYID": "C2-5484 : C2-5485",
    "INSTALLDATE": null,
    "Height": 0,
    "Width": 0,
    "LINEDYEAR": " ",
    "LINERTYPE": " ",
    "FROMMH": "C2-5484",
    "TOMH": "C2-5485",
    "WaterType": "Storm",
    "GraphicType": "Storm",
    "ENABLED": 1,
    "ACTIVEFLAG": 1,
    "OWNEDBY": 1,
    "MAINTBY": 1,
    "SUMFLOW": 0,
    "UPELEV": 0,
    "UpstreamIn": 0,
    "DOWNELEV": 0,
    "Downstream": 0,
    "SLOPE": 0,
    "SlopeSourc": " ",
    "Streetname": "PUTNAM ST",
    "CatchArea": " ",
    "Comments": " ",
    "BarrelCount": 0,
    "UnderDiam": 0,
    "UnderMat": " ",
    "FieldBook": " ",
    "LifecycleS": " ",
    "CIP_Area": 0,
    "LGMLoad3": 9474,
    "MeasuredLength": 0,
    "PossDelete": " ",
    "PlanNum": "CITY MAP",
    "InstalID_1": " ",
    "UpdateSour": "MWH 2016 Nunziato Field Stormwater Map",
    "UpdateDesc": "New segment",
    "LiningType": " ",
    "Owner": "Somerville",
    "Slope_DWG": 0,
    "Slope_Tech": 0,
    "Slope_GIS": 0,
    "Group_1": 0,
    "SubType_1": 0,
    "Material": "Cement Concrete",
    "MatCode": "CC",
    "Diameter": 18,
    "MainShape": " ",
    "GlobalID": "{417F2A4B-D9F5-4BA1-8F95-753A2F83AC41}",
    "created_user": "GIS",
    "created_date": 1600300800000,
    "last_edited_user": "GIS",
    "last_edited_date": 1600300800000,
    "LEGACYID": "C2-5484 : C2-5485",
    "US_Vert_Datum": " ",
    "DS_Vert_Datum": " ",
    "Dewb_Worked_On": 0,
    "AssetStatus": "Active",
    "AccuracyStatus": "Unknown/Null (accurate = no)",
    "InaccuracyType": null,
    "AccuracyDate": null,
    "AccuracyComments": null,
    "AssociatedInspections": null,
    "ArchiveReason": null,
    "ArchiveProjectName": null,
    "ArchiveDate": null,
    "ArchiveComments": null,
    "ReplacedAssetID": null,
    "FID": null,
    "CreationDate": 1667400748941,
    "Creator": "NLandin_wc",
    "EditDate": 1667486494157,
    "Editor": "melliot_wc",
    "Shape_Length": 145.25723367818676
   },
   "geometry": {
    "type": "LineString",
    "coordinates": [
     [
      -71.09879492741092,
      42.383438331935785
     ],
     [
      -71.09903013572902,
      42.38307990722794
     ]
    ]
   }
  },
  {
   "type": "Feature",
   "properties": {
    "OBJECTID": 56,
    "FACILITYID": "30-5089 : 30-5086",
    "INSTALLDATE": -1356998400000,
    "Height": 0,
    "Width": 0,
    "LINEDYEAR": " ",
    "LINERTYPE": " ",
    "FROMMH": "30-5089",
    "TOMH": "30-5086",
    "WaterType": "Storm",
    "GraphicType": "Storm",
    "ENABLED": 1,
    "ACTIVEFLAG": 1,
    "OWNEDBY": 1,
    "MAINTBY": 1,
    "SUMFLOW": 0,
    "UPELEV": 34.29,
    "UpstreamIn": 34.29,
    "DOWNELEV": 32.4,
    "Downstream": 32.4,
    "SLOPE": 0.24852994,
    "SlopeSourc": "Tech",
    "Streetname": "BOSTON & LOWELL RAILROAD",
    "CatchArea": " ",
    "Comments": " ",
    "BarrelCount": 0,
    "UnderDiam": 0,
    "UnderMat": " ",
    "FieldBook": "<Null>",
    "LifecycleS": "Active",
    "CIP_Area": 0,
    "LGMLoad3": 9213,
    "MeasuredLength": 0,
    "PossDelete": " ",
    "PlanNum": "MM-08",
    "InstalID_1": "1/1/1927",
    "UpdateSour": " ",
    "UpdateDesc": " ",
    "LiningType": " ",
    "Owner": "Somerv",
    "Slope_DWG": 9999,
    "Slope_Tech": 0.24852994,
    "Slope_GIS": 9999,
    "Group_1": 4,
    "SubType_1": 1,
    "Material": "Reinforced Concrete",
    "MatCode": "RC",
    "Diameter": 42,
    "MainShape": "Circular",
    "GlobalID": "{95C50F74-543B-446E-9D7B-4A7239DDE0AC}",
    "created_user": "GIS",
    "created_date": 1600300800000,
    "last_edited_user": "GIS",
    "last_edited_date": 1600300800000,
    "LEGACYID": "30-5089 : 30-5086",
    "US_Vert_Datum": " ",
    "DS_Vert_Datum": " ",
    "Dewb_Worked_On": 0,
    "AssetStatus": "Active",
    "AccuracyStatus": "Unknown/Null (accurate = no)",
    "InaccuracyType": null,
    "AccuracyDate": null,
    "AccuracyComments": null,
    "AssociatedInspections": null,
    "ArchiveReason": null,
    "ArchiveProjectName": null,
    "ArchiveDate": null,
    "ArchiveComments": null,
    "ReplacedAssetID": null,
    "FID": null,
    "CreationDate": 1667400748941,
    "Creator": "NLandin_wc",
    "EditDate": 1667486494958,
    "Editor": "melliot_wc",
    "Shape_Length": 760.4719299283497
   },
   "geometry": {
    "type": "LineString",
    "coordinates": [
     [
      -71.10447622023456,
      42.39200891437954
     ],
     [
      -71.10341532937507,
      42.391238493908276
     ],
     [
      -71.10235091952644,
      42.39064742253922
     ]
    ]
   }
  },
  {
   "type": "Feature",
   "properties": {
    "OBJECTID": 66,
    "FACILITYID": "30-5121 : FIT-471",
    "INSTALLDATE": -1148947200000,
    "Height": 0,
    "Width": 0,
    "LINEDYEAR": " ",
    "LINERTYPE": " ",
    "FROMMH": "30-5121",
    "TOMH": "FIT-471",
    "WaterType": "Storm",
    "GraphicType": "Storm",
    "ENABLED": 1,
    "ACTIVEFLAG": 1,
    "OWNEDBY": 1,
    "MAINTBY": 1,
    "SUMFLOW": 0,
    "UPELEV": 39.85,
    "UpstreamIn": 39.85,
    "DOWNELEV": 39.54,
    "Downstream": 39.54,
    "SLOPE": 1,
    "SlopeSourc": "DWG",
    "Streetname": "MEDFORD ST",
    "CatchArea": " ",
    "Comments": "PIPE NOT SHOWN ON CITY MAP",
    "BarrelCount": 1,
    "UnderDiam": 0,
    "UnderMat": " ",
    "FieldBook": " ",
    "LifecycleS": "Active",
    "CIP_Area": 0,
    "LGMLoad3": 5939,
    "MeasuredLength": 0,
    "PossDelete": " ",
    "PlanNum": "PF-152",
    "InstalID_1": "8/5/1933",
    "UpdateSour": " ",
    "UpdateDesc": " ",
    "LiningType": " ",
    "Owner": "Somerv",
    "Slope_DWG": 1,
    "Slope_Tech": 9999,
    "Slope_GIS": 9999,
    "Group_1": 4,
    "SubType_1": 1,
    "Material": "Unknown",
    "MatCode": "Unk",
    "Diameter": 8,
    "MainShape": "Circular",
    "GlobalID": "{568215D9-3683-40A3-ACDB-33839AFA3419}",
    "created_user": "GIS",
    "created_date": 1600300800000,
    "last_edited_user": "GIS",
    "last_edited_date": 1600300800000,
    "LEGACYID": "30-5121 : FIT-471",
    "US_Vert_Datum": " ",
    "DS_Vert_Datum": " ",
    "Dewb_Worked_On": 0,
    "AssetStatus": "Active",
    "AccuracyStatus": "Verification Check Needed (accurate = no)",
    "InaccuracyType": "More Info Needed",
    "AccuracyDate": 1667520000000,
    "AccuracyComments": "PIPE NOT SHOWN ON CITY MAP",
    "AssociatedInspections": null,
    "ArchiveReason": null,
    "ArchiveProjectName": null,
    "ArchiveDate": null,
    "ArchiveComments": null,
    "ReplacedAssetID": null,
    "FID": null,
    "CreationDate": 1667400748941,
    "Creator": "NLandin_wc",
    "EditDate": 1667576596920,
    "Editor": "NLandin_wc",
    "Shape_Length": 33.70237111212622
   },
   "geometry": {
    "type": "LineString",
    "coordinates": [
     [
      -71.09819391803943,
      42.39025510338091
     ],
     [
      -71.09819596546782,
      42.390162635342406
     ]
    ]
   }
  },
  {
   "type": "Feature",
   "properties": {
    "OBJECTID": 69,
    "FACILITYID": "C2-5482 : C2-5483",
    "INSTALLDATE": null,
    "Height": 0,
    "Width": 0,
    "LINEDYEAR": " ",
    "LINERTYPE": " ",
    "FROMMH": "C2-5482",
    "TOMH": "C2-5483",
    "WaterType": "Storm",
    "GraphicType": "Storm",
    "ENABLED": 1,
    "ACTIVEFLAG": 1,
    "OWNEDBY": 1,
    "MAINTBY": 1,
    "SUMFLOW": 0,
    "UPELEV": 0,
    "UpstreamIn": 0,
    "DOWNELEV": 0,
    "Downstream": 0,
    "SLOPE": 0,
    "SlopeSourc": " ",
    "Streetname": "PUTNAM ST",
    "CatchArea": " ",
    "Comments": " ",
    "BarrelCount": 0,
    "UnderDiam": 0,
    "UnderMat": " ",
    "FieldBook": " ",
    "LifecycleS": " ",
    "CIP_Area": 0,
    "LGMLoad3": 9473,
    "MeasuredLength": 0,
    "PossDelete": " ",
    "PlanNum": "CITY MAP",
    "InstalID_1": " ",
    "UpdateSour": "MWH 2016 Nunziato Field Stormwater Map",
    "UpdateDesc": "New segment",
    "LiningType": " ",
    "Owner": "Somerville",
    "Slope_DWG": 0,
    "Slope_Tech": 0,
    "Slope_GIS": 0,
    "Group_1": 0,
    "SubType_1": 0,
    "Material": "Cement Concrete",
    "MatCode": "CC",
    "Diameter": 15,
    "MainShape": " ",
    "GlobalID": "{579D3B8E-CFAD-4CD8-99E4-5B961AE3822A}",
    "created_user": "GIS",
    "created_date": 1600300800000,
    "last_edited_user": "GIS",
    "last_edited_date": 1600300800000,
    "LEGACYID": "C2-5482 : C2-5483",
    "US_Vert_Datum": " ",
    "DS_Vert_Datum": " ",
    "Dewb_Worked_On": 0,
    "AssetStatus": "Active",
    "AccuracyStatus": "Unknown/Null (accurate = no)",
    "InaccuracyType": null,
    "AccuracyDate": null,
    "AccuracyComments": null,
    "AssociatedInspections": null,
    "ArchiveReason": null,
    "ArchiveProjectName": null,
    "ArchiveDate": null,
    "ArchiveComments": null,
    "ReplacedAssetID": null,
    "FID": null,
    "CreationDate": 1667400748941,
    "Creator": "NLandin_wc",
    "EditDate": 1667486495069,
    "Editor": "melliot_wc",
    "Shape_Length": 212.5054385954543
   },
   "geometry": {
    "type": "LineString",
    "coordinates": [
     [
      -71.09811590199777,
      42.384423985426004
     ],
     [
      -71.09847133416476,
      42.383903793924446
     ]
    ]
   }
  },
  {
   "type": "Feature",
   "properties": {
    "OBJECTID": 76,
    "FACILITYID": "C2-5485 : C2-5126",
    "INSTALLDATE": null,
    "Height": 0,
    "Width": 0,
    "LINEDYEAR": " ",
    "LINERTYPE": " ",
    "FROMMH": "C2-5485",
    "TOMH": "C2-5126",
    "WaterType": "Storm",
    "GraphicType": "Storm",
    "ENABLED": 1,
    "ACTIVEFLAG": 1,
    "OWNEDBY": 1,
    "MAINTBY": 1,
    "SUMFLOW": 0,
    "UPELEV": 0,
    "UpstreamIn": 0,
    "DOWNELEV": 0,
    "Downstream": 0,
    "SLOPE": 0,
    "SlopeSourc": " ",
    "Streetname": "PUTNAM ST",
    "CatchArea": " ",
    "Comments": " ",
    "BarrelCount": 0,
    "UnderDiam": 0,
    "UnderMat": " ",
    "FieldBook": " ",
    "LifecycleS": " ",
    "CIP_Area": 0,
    "LGMLoad3": 9475,
    "MeasuredLength": 0,
    "PossDelete": " ",
    "PlanNum": "CITY MAP",
    "InstalID_1": " ",
    "UpdateSour": "MWH 2016 Nunziato Field Stormwater Map",
    "UpdateDesc": "New segment",
    "LiningType": " ",
    "Owner": "Somerville",
    "Slope_DWG": 0,
    "Slope_Tech": 0,
    "Slope_GIS": 0,
    "Group_1": 0,
    "SubType_1": 0,
    "Material": "Cement Concrete",
    "MatCode": "CC",
    "Diameter": 18,
    "MainShape": " ",
    "GlobalID": "{34A6DE4B-286B-4285-BC75-7D73DE85E69E}",
    "created_user": "GIS",
    "created_date": 1600300800000,
    "last_edited_user": "GIS",
    "last_edited_date": 1600300800000,
    "LEGACYID": "C2-5485 : C2-5126",
    "US_Vert_Datum": " ",
    "DS_Vert_Datum": " ",
    "Dewb_Worked_On": 0,
    "AssetStatus": "Active",
    "AccuracyStatus": "Unknown/Null (accurate = no)",
    "InaccuracyType": null,
    "AccuracyDate": null,
    "AccuracyComments": null,
    "AssociatedInspections": null,
    "ArchiveReason": null,
    "ArchiveProjectName": null,
    "ArchiveDate": null,
    "ArchiveComments": null,
    "ReplacedAssetID": null,
    "FID": null,
    "CreationDate": 1667400748941,
    "Creator": "NLandin_wc",
    "EditDate": 1667486495116,
    "Editor": "melliot_wc",
    "Shape_Length": 43.805905171441964
   },
   "geometry": {
    "type": "LineString",
    "coordinates": [
     [
      -71.09903013572902,
      42.38307990722794
     ],
     [
      -71.09910781993887,
      42.382974397311294
     ]
    ]
   }
  },
  {
   "type": "Feature",
   "properties": {
    "OBJECTID": 99,
    "FACILITYID": "30-5429 : 30-5428",
    "INSTALLDATE": 325987200000,
    "Height": 0,
    "Width": 0,
    "LINEDYEAR": " ",
    "LINERTYPE": " ",
    "FROMMH": "30-5429",
    "TOMH": "30-5428",
    "WaterType": "Storm",
    "GraphicType": "Storm",
    "ENABLED": 1,
    "ACTIVEFLAG": 1,
    "OWNEDBY": 1,
    "MAINTBY": 1,
    "SUMFLOW": 0,
    "UPELEV": 72.7,
    "UpstreamIn": 72.7,
    "DOWNELEV": 69.5,
    "Downstream": 69.5,
    "SLOPE": 1.4,
    "SlopeSourc": "DWG",
    "Streetname": "ALBION ST",
    "CatchArea": " ",
    "Comments": " ",
    "BarrelCount": 0,
    "UnderDiam": 0,
    "UnderMat": " ",
    "FieldBook": " ",
    "LifecycleS": "Proposed",
    "CIP_Area": 0,
    "LGMLoad3": 9152,
    "MeasuredLength": 0,
    "PossDelete": " ",
    "PlanNum": "TB-038",
    "InstalID_1": "5/1/1980",
    "UpdateSour": " ",
    "UpdateDesc": " ",
    "LiningType": " ",
    "Owner": "Somerv",
    "Slope_DWG": 1.4,
    "Slope_Tech": 9999,
    "Slope_GIS": 9999,
    "Group_1": 5,
    "SubType_1": 1,
    "Material": "Reinforced Concrete",
    "MatCode": "RC",
    "Diameter": 12,
    "MainShape": "Circular",
    "GlobalID": "{3B1E84DF-CF66-46BF-9054-FEEB4FE8EB66}",
    "created_user": "GIS",
    "created_date": 1600300800000,
    "last_edited_user": "GIS",
    "last_edited_date": 1600300800000,
    "LEGACYID": "30-5429 : 30-5428",
    "US_Vert_Datum": " ",
    "DS_Vert_Datum": " ",
    "Dewb_Worked_On": 0,
    "AssetStatus": "Proposed",
    "AccuracyStatus": "Unverified Accurate (accurate = yes)",
    "InaccuracyType": null,
    "AccuracyDate": 1667520000000,
    "AccuracyComments": "Life cycle status 'Proposed'. Checked by NJL.",
    "AssociatedInspections": null,
    "ArchiveReason": null,
    "ArchiveProjectName": null,
    "ArchiveDate": null,
    "ArchiveComments": null,
    "ReplacedAssetID": null,
    "FID": null,
    "CreationDate": 1667400748941,
    "Creator": "NLandin_wc",
    "EditDate": 1667917566649,
    "Editor": "NLandin_wc",
    "Shape_Length": 231.61813902595838
   },
   "geometry": {
    "type": "LineString",
    "coordinates": [
     [
      -71.1038957984623,
      42.390196395434586
     ],
     [
      -71.10467503891442,
      42.39046150024484
     ]
    ]
   }
  },
  {
   "type": "Feature",
   "properties": {
    "OBJECTID": 111,
    "FACILITYID": "C2-5479 : C2-5480",
    "INSTALLDATE": null,
    "Height": 0,
    "Width": 0,
    "LINEDYEAR": " ",
    "LINERTYPE": " ",
    "FROMMH": "C2-5479",
    "TOMH": "C2-5480",
    "WaterType": "Storm",
    "GraphicType": "Storm",
    "ENABLED": 1,
    "ACTIVEFLAG": 1,
    "OWNEDBY": 1,
    "MAINTBY": 1,
    "SUMFLOW": 0,
    "UPELEV": 0,
    "UpstreamIn": 0,
    "DOWNELEV": 0,
    "Downstream": 0,
    "SLOPE": 0,
    "SlopeSourc": " ",
    "Streetname": "PUTNAM ST",
    "CatchArea": " ",
    "Comments": " ",
    "BarrelCount": 0,
    "UnderDiam": 0,
    "UnderMat": " ",
    "FieldBook": " ",
    "LifecycleS": " ",
    "CIP_Area": 0,
    "LGMLoad3": 9469,
    "MeasuredLength": 0,
    "PossDelete": " ",
    "PlanNum": "CITY MAP",
    "InstalID_1": " ",
    "UpdateSour": "MWH 2016 Nunziato Field Stormwater Map",
    "UpdateDesc": "New segment",
    "LiningType": " ",
    "Owner": "Somerville",
    "Slope_DWG": 0,
    "Slope_Tech": 0,
    "Slope_GIS": 0,
    "Group_1": 0,
    "SubType_1": 0,
    "Material": "Cement Concrete",
    "MatCode": "CC",
    "Diameter": 15,
    "MainShape": " ",
    "GlobalID": "{5EC04540-5735-4B8E-85B0-DE2C1171D938}",
    "created_user": "GIS",
    "created_date": 1600300800000,
    "last_edited_user": "GIS",
    "last_edited_date": 1600300800000,
    "LEGACYID": "C2-5479 : C2-5480",
    "US_Vert_Datum": " ",
    "DS_Vert_Datum": " ",
    "Dewb_Worked_On": 0,
    "AssetStatus": "Active",
    "AccuracyStatus": "Unknown/Null (accurate = no)",
    "InaccuracyType": null,
    "AccuracyDate": null,
    "AccuracyComments": null,
    "AssociatedInspections": null,
    "ArchiveReason": null,
    "ArchiveProjectName": null,
    "ArchiveDate": null,
    "ArchiveComments": null,
    "ReplacedAssetID": null,
    "FID": null,
    "CreationDate": 1667400748941,
    "Creator": "NLandin_wc",
    "EditDate": 1667486495517,
    "Editor": "melliot_wc",
    "Shape_Length": 189.42108525004835
   },
   "geometry": {
    "type": "LineString",
    "coordinates": [
     [
      -71.09740969685137,
      42.38545843764177
     ],
     [
      -71.09772862385896,
      42.384995546249556
     ]
    ]
   }
  },
  {
   "type": "Feature",
   "properties": {
    "OBJECTID": 117,
    "FACILITYID": "S2-5135 : S2-5136",
    "INSTALLDATE": -1356998400000,
    "Height": 0,
    "Width": 0,
    "LINEDYEAR": " ",
    "LINERTYPE": " ",
    "FROMMH": "S2-5135",
    "TOMH": "S2-5136",
    "WaterType": "Storm",
    "GraphicType": "Storm",
    "ENABLED": 1,
    "ACTIVEFLAG": 1,
    "OWNEDBY": 1,
    "MAINTBY": 1,
    "SUMFLOW": 0,
    "UPELEV": 9999,
    "UpstreamIn": 9999,
    "DOWNELEV": 9999,
    "Downstream": 9999,
    "SLOPE": 0,
    "SlopeSourc": " ",
    "Streetname": "BOSTON & LOWELL RAILROAD",
    "CatchArea": " ",
    "Comments": "NO PROFILE MATERIAL AND DIAMETER FROM CITY MAP",
    "BarrelCount": 0,
    "UnderDiam": 0,
    "UnderMat": " ",
    "FieldBook": " ",
    "LifecycleS": "Active",
    "CIP_Area": 0,
    "LGMLoad3": 9064,
    "MeasuredLength": 0,
    "PossDelete": " ",
    "PlanNum": "MM-05",
    "InstalID_1": "1/1/1927",
    "UpdateSour": " ",
    "UpdateDesc": " ",
    "LiningType": " ",
    "Owner": "Somerv",
    "Slope_DWG": 9999,
    "Slope_Tech": 9999,
    "Slope_GIS": 9999,
    "Group_1": 4,
    "SubType_1": 1,
    "Material": "Reinforced Concrete",
    "MatCode": "RC",
    "Diameter": 24,
    "MainShape": "Circular",
    "GlobalID": "{A0F785C1-205A-47E1-BCD3-FFE6099E5593}",
    "created_user": "GIS",
    "created_date": 1600300800000,
    "last_edited_user": "GIS",
    "last_edited_date": 1600300800000,
    "LEGACYID": "S2-5135 : S2-5136",
    "US_Vert_Datum": " ",
    "DS_Vert_Datum": " ",
    "Dewb_Worked_On": 0,
    "AssetStatus": "Active",
    "AccuracyStatus": "Unknown/Null (accurate = no)",
    "InaccuracyType": null,
    "AccuracyDate": null,
    "AccuracyComments": null,
    "AssociatedInspections": null,
    "ArchiveReason": null,
    "ArchiveProjectName": null,
    "ArchiveDate": null,
    "ArchiveComments": "Out of Scope",
    "ReplacedAssetID": null,
    "FID": null,
    "CreationDate": 1667400748941,
    "Creator": "NLandin_wc",
    "EditDate": 1685478910237,
    "Editor": "ASchuessler_wc",
    "Shape_Length": 54.19014497833272
   },
   "geometry": {
    "type": "LineString",
    "coordinates": [
     [
      -71.09445308490172,
      42.38706928067178
     ],
     [
      -71.09456769322831,
      42.38694724337544
     ]
    ]
   }
  },
  {
   "type": "Feature",
   "properties": {
    "OBJECTID": 124,
    "FACILITYID": "C2-5741 : C2-5789",
    "INSTALLDATE": null,
    "Height": 0,
    "Width": 0,
    "LINEDYEAR": " ",
    "LINERTYPE": " ",
    "FROMMH": "C2-5741",
    "TOMH": "C2-5789",
    "WaterType": "Storm",
    "GraphicType": "Storm",
    "ENABLED": 1,
    "ACTIVEFLAG": 1,
    "OWNEDBY": 1,
    "MAINTBY": 1,
    "SUMFLOW": 0,
    "UPELEV": 0,
    "UpstreamIn": 0,
    "DOWNELEV": 0,
    "Downstream": 0,
    "SLOPE": 0,
    "SlopeSourc": " ",
    "Streetname": "SOMERVILLE AVE",
    "CatchArea": " ",
    "Comments": " ",
    "BarrelCount": 0,
    "UnderDiam": 0,
    "UnderMat": " ",
    "FieldBook": " ",
    "LifecycleS": " ",
    "CIP_Area": 0,
    "LGMLoad3": 10926,
    "MeasuredLength": 1043.5,
    "PossDelete": " ",
    "PlanNum": "CITY MAP",
    "InstalID_1": " ",
    "UpdateSour": " ",
    "UpdateDesc": " ",
    "LiningType": " ",
    "Owner": " ",
    "Slope_DWG": 0,
    "Slope_Tech": 0,
    "Slope_GIS": 0,
    "Group_1": 0,
    "SubType_1": 0,
    "Material": "Reinforced Concrete",
    "MatCode": "RC",
    "Diameter": 60,
    "MainShape": "Circular",
    "GlobalID": "{D4B43BE8-403B-4BA0-A151-C8306FF3A1AC}",
    "created_user": "GIS",
    "created_date": 1600300800000,
    "last_edited_user": "GIS",
    "last_edited_date": 1600300800000,
    "LEGACYID": "C2-5741 : C2-5789",
    "US_Vert_Datum": " ",
    "DS_Vert_Datum": " ",
    "Dewb_Worked_On": 0,
    "AssetStatus": "Active",
    "AccuracyStatus": "Unknown/Null (accurate = no)",
    "InaccuracyType": null,
    "AccuracyDate": null,
    "AccuracyComments": null,
    "AssociatedInspections": null,
    "ArchiveReason": null,
    "ArchiveProjectName": null,
    "ArchiveDate": null,
    "ArchiveComments": null,
    "ReplacedAssetID": null,
    "FID": null,
    "CreationDate": 1667400748941,
    "Creator": "NLandin_wc",
    "EditDate": 1667486495658,
    "Editor": "melliot_wc",
    "Shape_Length": 1044.0376609927814
   },
   "geometry": {
    "type": "LineString",
    "coordinates": [
     [
      -71.10048200785751,
      42.381529795277565
     ],
     [
      -71.09702563993527,
      42.380248802814975
     ]
    ]
   }
  },
  {
   "type": "Feature",
   "properties": {
    "OBJECTID": 151,
    "FACILITYID": "S2-6278 : FIT-1498",
    "INSTALLDATE": null,
    "Height": 0,
    "Width": 0,
    "LINEDYEAR": " ",
    "LINERTYPE": " ",
    "FROMMH": "S2-6278",
    "TOMH": "FIT-1498",
    "WaterType": "Storm",
    "GraphicType": "Storm",
    "ENABLED": 1,
    "ACTIVEFLAG": 1,
    "OWNEDBY": 1,
    "MAINTBY": 1,
    "SUMFLOW": 0,
    "UPELEV": 0,
    "UpstreamIn": 0,
    "DOWNELEV": 0,
    "Downstream": 0,
    "SLOPE": 0,
    "SlopeSourc": " ",
    "Streetname": "CROSS COUNTRY, HIGHLAND AVE",
    "CatchArea": " ",
    "Comments": " ",
    "BarrelCount": 0,
    "UnderDiam": 0,
    "UnderMat": " ",
    "FieldBook": " ",
    "LifecycleS": " ",
    "CIP_Area": 0,
    "LGMLoad3": 11308,
    "MeasuredLength": 0,
    "PossDelete": " ",
    "PlanNum": "Unknown",
    "InstalID_1": " ",
    "UpdateSour": " ",
    "UpdateDesc": " ",
    "LiningType": " ",
    "Owner": " ",
    "Slope_DWG": 0,
    "Slope_Tech": 0,
    "Slope_GIS": 0,
    "Group_1": 0,
    "SubType_1": 0,
    "Material": "Polyvinyl Chloride",
    "MatCode": "PC",
    "Diameter": 8,
    "MainShape": "Circular",
    "GlobalID": "{763396BA-4E45-41C8-B118-F4AB9CA63B76}",
    "created_user": "GIS",
    "created_date": 1600300800000,
    "last_edited_user": "GIS",
    "last_edited_date": 1600300800000,
    "LEGACYID": "S2-6278 : FIT-1498",
    "US_Vert_Datum": " ",
    "DS_Vert_Datum": " ",
    "Dewb_Worked_On": 0,
    "AssetStatus": "Active",
    "AccuracyStatus": "Unknown/Null (accurate = no)",
    "InaccuracyType": null,
    "AccuracyDate": null,
    "AccuracyComments": null,
    "AssociatedInspections": null,
    "ArchiveReason": null,
    "ArchiveProjectName": null,
    "ArchiveDate": null,
    "ArchiveComments": "FY2023 CCTV Inspection",
    "ReplacedAssetID": null,
    "FID": null,
    "CreationDate": 1667400748941,
    "Creator": "NLandin_wc",
    "EditDate": 1685113742244,
    "Editor": "melliot_wc",
    "Shape_Length": 85.54563584051556
   },
   "geometry": {
    "type": "LineString",
    "coordinates": [
     [
      -71.0963692787124,
      42.386643305765574
     ],
     [
      -71.09658931298533,
      42.38647449923047
     ]
    ]
   }
  },
  {
   "type": "Feature",
   "properties": {
    "OBJECTID": 155,
    "FACILITYID": "C2-5733 : C2-2870",
    "INSTALLDATE": null,
    "Height": 0,
    "Width": 0,
    "LINEDYEAR": " ",
    "LINERTYPE": " ",
    "FROMMH": "C2-5733",
    "TOMH": "C2-2870",
    "WaterType": "Storm",
    "GraphicType": "Storm",
    "ENABLED": 1,
    "ACTIVEFLAG": 1,
    "OWNEDBY": 1,
    "MAINTBY": 1,
    "SUMFLOW": 0,
    "UPELEV": 0,
    "UpstreamIn": 0,
    "DOWNELEV": 0,
    "Downstream": 0,
    "SLOPE": 0,
    "SlopeSourc": " ",
    "Streetname": "SOMERVILLE AVE",
    "CatchArea": " ",
    "Comments": " ",
    "BarrelCount": 0,
    "UnderDiam": 0,
    "UnderMat": " ",
    "FieldBook": " ",
    "LifecycleS": " ",
    "CIP_Area": 0,
    "LGMLoad3": 10692,
    "MeasuredLength": 27,
    "PossDelete": " ",
    "PlanNum": "P-09",
    "InstalID_1": " ",
    "UpdateSour": " ",
    "UpdateDesc": " ",
    "LiningType": " ",
    "Owner": " ",
    "Slope_DWG": 0,
    "Slope_Tech": 0,
    "Slope_GIS": 0,
    "Group_1": 0,
    "SubType_1": 0,
    "Material": "Polyvinyl Chloride",
    "MatCode": "PC",
    "Diameter": 18,
    "MainShape": "Circular",
    "GlobalID": "{03F3579D-AD50-444B-AB87-5C559FDBFDAD}",
    "created_user": "GIS",
    "created_date": 1600300800000,
    "last_edited_user": "GIS",
    "last_edited_date": 1600300800000,
    "LEGACYID": "C2-5733 : C2-2870",
    "US_Vert_Datum": " ",
    "DS_Vert_Datum": " ",
    "Dewb_Worked_On": 0,
    "AssetStatus": "Active",
    "AccuracyStatus": "Unknown/Null (accurate = no)",
    "InaccuracyType": null,
    "AccuracyDate": null,
    "AccuracyComments": null,
    "AssociatedInspections": null,
    "ArchiveReason": null,
    "ArchiveProjectName": null,
    "ArchiveDate": null,
    "ArchiveComments": null,
    "ReplacedAssetID": null,
    "FID": null,
    "CreationDate": 1667400748941,
    "Creator": "NLandin_wc",
    "EditDate": 1667486496004,
    "Editor": "melliot_wc",
    "Shape_Length": 26.747222652085114
   },
   "geometry": {
    "type": "LineString",
    "coordinates": [
     [
      -71.10940846688356,
      42.38399507018553
     ],
     [
      -71.10940765120542,
      42.38392167724941
     ]
    ]
   }
  },
  {
   "type": "Feature",
   "properties": {
    "OBJECTID": 173,
    "FACILITYID": "30-5086 : 30-5087",
    "INSTALLDATE": -1356998400000,
    "Height": 0,
    "Width": 0,
    "LINEDYEAR": " ",
    "LINERTYPE": " ",
    "FROMMH": "30-5086",
    "TOMH": "30-5087",
    "WaterType": "Storm",
    "GraphicType": "Storm",
    "ENABLED": 1,
    "ACTIVEFLAG": 1,
    "OWNEDBY": 1,
    "MAINTBY": 1,
    "SUMFLOW": 0,
    "UPELEV": 32.5,
    "UpstreamIn": 32.5,
    "DOWNELEV": 32.4,
    "Downstream": 32.4,
    "SLOPE": 0.17097844,
    "SlopeSourc": "Tech",
    "Streetname": "BOSTON & LOWELL RAILROAD",
    "CatchArea": " ",
    "Comments": "MAT'L FROM CITY MAP",
    "BarrelCount": 2,
    "UnderDiam": 0,
    "UnderMat": " ",
    "FieldBook": " ",
    "LifecycleS": "Active",
    "CIP_Area": 0,
    "LGMLoad3": 7682,
    "MeasuredLength": 0,
    "PossDelete": " ",
    "PlanNum": "MM-08",
    "InstalID_1": "1/1/1927",
    "UpdateSour": " ",
    "UpdateDesc": " ",
    "LiningType": " ",
    "Owner": "Somerv",
    "Slope_DWG": 9999,
    "Slope_Tech": 0.17097844,
    "Slope_GIS": 9999,
    "Group_1": 4,
    "SubType_1": 1,
    "Material": "Reinforced Concrete",
    "MatCode": "RC",
    "Diameter": 36,
    "MainShape": "Circular",
    "GlobalID": "{60C856B9-357E-4973-8C13-CCA0B3C882D1}",
    "created_user": "GIS",
    "created_date": 1600300800000,
    "last_edited_user": "GIS",
    "last_edited_date": 1600300800000,
    "LEGACYID": "30-5086 : 30-5087",
    "US_Vert_Datum": " ",
    "DS_Vert_Datum": " ",
    "Dewb_Worked_On": 0,
    "AssetStatus": "Active",
    "AccuracyStatus": "Unknown/Null (accurate = no)",
    "InaccuracyType": null,
    "AccuracyDate": null,
    "AccuracyComments": null,
    "AssociatedInspections": null,
    "ArchiveReason": null,
    "ArchiveProjectName": null,
    "ArchiveDate": null,
    "ArchiveComments": null,
    "ReplacedAssetID": null,
    "FID": null,
    "CreationDate": 1667400748941,
    "Creator": "NLandin_wc",
    "EditDate": 1667486496131,
    "Editor": "melliot_wc",
    "Shape_Length": 58.48667644855473
   },
   "geometry": {
    "type": "LineString",
    "coordinates": [
     [
      -71.10235091952644,
      42.39064742253922
     ],
     [
      -71.10245398970817,
      42.39050628677899
     ]
    ]
   }
  },
  {
   "type": "Feature",
   "properties": {
    "OBJECTID": 176,
    "FACILITYID": "30-5428 : 30-5427",
    "INSTALLDATE": 325987200000,
    "Height": 0,
    "Width": 0,
    "LINEDYEAR": " ",
    "LINERTYPE": " ",
    "FROMMH": "30-5428",
    "TOMH": "30-5427",
    "WaterType": "Storm",
    "GraphicType": "Storm",
    "ENABLED": 1,
    "ACTIVEFLAG": 1,
    "OWNEDBY": 1,
    "MAINTBY": 1,
    "SUMFLOW": 0,
    "UPELEV": 69.5,
    "UpstreamIn": 69.5,
    "DOWNELEV": 66.3,
    "Downstream": 66.3,
    "SLOPE": 1.4,
    "SlopeSourc": "DWG",
    "Streetname": "ALBION ST",
    "CatchArea": " ",
    "Comments": " ",
    "BarrelCount": 0,
    "UnderDiam": 0,
    "UnderMat": " ",
    "FieldBook": " ",
    "LifecycleS": "Proposed",
    "CIP_Area": 0,
    "LGMLoad3": 9153,
    "MeasuredLength": 0,
    "PossDelete": " ",
    "PlanNum": "TB-038",
    "InstalID_1": "5/1/1980",
    "UpdateSour": " ",
    "UpdateDesc": " ",
    "LiningType": " ",
    "Owner": "Somerv",
    "Slope_DWG": 1.4,
    "Slope_Tech": 9999,
    "Slope_GIS": 9999,
    "Group_1": 5,
    "SubType_1": 1,
    "Material": "Reinforced Concrete",
    "MatCode": "RC",
    "Diameter": 12,
    "MainShape": "Circular",
    "GlobalID": "{C318765E-4EF9-476C-9D64-A7E941912F1F}",
    "created_user": "GIS",
    "created_date": 1600300800000,
    "last_edited_user": "GIS",
    "last_edited_date": 1600300800000,
    "LEGACYID": "30-5428 : 30-5427",
    "US_Vert_Datum": " ",
    "DS_Vert_Datum": " ",
    "Dewb_Worked_On": 0,
    "AssetStatus": "Proposed",
    "AccuracyStatus": "Unverified Accurate (accurate = yes)",
    "InaccuracyType": null,
    "AccuracyDate": 1667520000000,
    "AccuracyComments": "Life cycle status 'Proposed'. Checked by NJL.",
    "AssociatedInspections": null,
    "ArchiveReason": null,
    "ArchiveProjectName": null,
    "ArchiveDate": null,
    "ArchiveComments": null,
    "ReplacedAssetID": null,
    "FID": null,
    "CreationDate": 1667400748941,
    "Creator": "NLandin_wc",
    "EditDate": 1667917566724,
    "Editor": "NLandin_wc",
    "Shape_Length": 243.41440680556528
   },
   "geometry": {
    "type": "LineString",
    "coordinates": [
     [
      -71.10467503891442,
      42.39046150024484
     ],
     [
      -71.1054847815521,
      42.39075449241922
     ]
    ]
   }
  },
  {
   "type": "Feature",
   "properties": {
    "OBJECTID": 177,
    "FACILITYID": "30-5406 : 30-5405",
    "INSTALLDATE": null,
    "Height": 0,
    "Width": 0,
    "LINEDYEAR": " ",
    "LINERTYPE": " ",
    "FROMMH": "30-5406",
    "TOMH": "30-5405",
    "WaterType": "Storm",
    "GraphicType": "Storm",
    "ENABLED": 1,
    "ACTIVEFLAG": 1,
    "OWNEDBY": 1,
    "MAINTBY": 1,
    "SUMFLOW": 0,
    "UPELEV": 78.57,
    "UpstreamIn": 78.57,
    "DOWNELEV": 78.3,
    "Downstream": 78.3,
    "SLOPE": 0.21,
    "SlopeSourc": "DWG",
    "Streetname": "HUDSON ST",
    "CatchArea": " ",
    "Comments": " ",
    "BarrelCount": 0,
    "UnderDiam": 0,
    "UnderMat": " ",
    "FieldBook": " ",
    "LifecycleS": "Active",
    "CIP_Area": 0,
    "LGMLoad3": 6239,
    "MeasuredLength": 0,
    "PossDelete": " ",
    "PlanNum": "TB-048",
    "InstalID_1": " ",
    "UpdateSour": " ",
    "UpdateDesc": " ",
    "LiningType": " ",
    "Owner": "Somerv",
    "Slope_DWG": 0.21,
    "Slope_Tech": 9999,
    "Slope_GIS": 9999,
    "Group_1": 0,
    "SubType_1": 1,
    "Material": "Reinforced Concrete",
    "MatCode": "RC",
    "Diameter": 15,
    "MainShape": "Circular",
    "GlobalID": "{1572EE04-F130-4465-8730-202A5F971640}",
    "created_user": "GIS",
    "created_date": 1600300800000,
    "last_edited_user": "GIS",
    "last_edited_date": 1600300800000,
    "LEGACYID": "30-5406 : 30-5405",
    "US_Vert_Datum": " ",
    "DS_Vert_Datum": " ",
    "Dewb_Worked_On": 0,
    "AssetStatus": "Active",
    "AccuracyStatus": "Unknown/Null (accurate = no)",
    "InaccuracyType": null,
    "AccuracyDate": null,
    "AccuracyComments": null,
    "AssociatedInspections": null,
    "ArchiveReason": null,
    "ArchiveProjectName": null,
    "ArchiveDate": null,
    "ArchiveComments": null,
    "ReplacedAssetID": null,
    "FID": null,
    "CreationDate": 1667400748941,
    "Creator": "NLandin_wc",
    "EditDate": 1667486496162,
    "Editor": "melliot_wc",
    "Shape_Length": 134.20714581818885
   },
   "geometry": {
    "type": "LineString",
    "coordinates": [
     [
      -71.10380584033796,
      42.38959320648152
     ],
     [
      -71.10425735472786,
      42.38974681430696
     ]
    ]
   }
  },
  {
   "type": "Feature",
   "properties": {
    "OBJECTID": 187,
    "FACILITYID": "C2-5695 : C2-5694",
    "INSTALLDATE": null,
    "Height": 0,
    "Width": 0,
    "LINEDYEAR": " ",
    "LINERTYPE": " ",
    "FROMMH": "C2-5695",
    "TOMH": "C2-5694",
    "WaterType": "Storm",
    "GraphicType": "Storm",
    "ENABLED": 1,
    "ACTIVEFLAG": 1,
    "OWNEDBY": 1,
    "MAINTBY": 1,
    "SUMFLOW": 0,
    "UPELEV": 0,
    "UpstreamIn": 0,
    "DOWNELEV": 0,
    "Downstream": 0,
    "SLOPE": 0,
    "SlopeSourc": " ",
    "Streetname": "STONE AVE",
    "CatchArea": " ",
    "Comments": " ",
    "BarrelCount": 0,
    "UnderDiam": 0,
    "UnderMat": " ",
    "FieldBook": " ",
    "LifecycleS": " ",
    "CIP_Area": 0,
    "LGMLoad3": 10712,
    "MeasuredLength": 69,
    "PossDelete": " ",
    "PlanNum": "P-10",
    "InstalID_1": " ",
    "UpdateSour": " ",
    "UpdateDesc": " ",
    "LiningType": " ",
    "Owner": " ",
    "Slope_DWG": 0,
    "Slope_Tech": 0,
    "Slope_GIS": 0,
    "Group_1": 0,
    "SubType_1": 0,
    "Material": "Reinforced Concrete",
    "MatCode": "RC",
    "Diameter": 18,
    "MainShape": "Circular",
    "GlobalID": "{1D1DE166-993E-4C17-AF8C-D98F2D5F7AA2}",
    "created_user": "GIS",
    "created_date": 1600300800000,
    "last_edited_user": "GIS",
    "last_edited_date": 1600300800000,
    "LEGACYID": "C2-5695 : C2-5694",
    "US_Vert_Datum": " ",
    "DS_Vert_Datum": " ",
    "Dewb_Worked_On": 0,
    "AssetStatus": "Active",
    "AccuracyStatus": "Unknown/Null (accurate = no)",
    "InaccuracyType": null,
    "AccuracyDate": null,
    "AccuracyComments": null,
    "AssociatedInspections": null,
    "ArchiveReason": null,
    "ArchiveProjectName": null,
    "ArchiveDate": null,
    "ArchiveComments": null,
    "ReplacedAssetID": null,
    "FID": null,
    "CreationDate": 1667400748941,
    "Creator": "NLandin_wc",
    "EditDate": 1667486496240,
    "Editor": "melliot_wc",
    "Shape_Length": 67.73457339451822
   },
   "geometry": {
    "type": "LineString",
    "coordinates": [
     [
      -71.0956475395206,
      42.38016019151378
     ],
     [
      -71.09580176621269,
      42.38001365940273
     ]
    ]
   }
  },
  {
   "type": "Feature",
   "properties": {
    "OBJECTID": 195,
    "FACILITYID": "C2-5716 : C2-5717",
    "INSTALLDATE": null,
    "Height": 0,
    "Width": 0,
    "LINEDYEAR": " ",
    "LINERTYPE": " ",
    "FROMMH": "C2-5716",
    "TOMH": "C2-5717",
    "WaterType": "Storm",
    "GraphicType": "Storm",
    "ENABLED": 1,
    "ACTIVEFLAG": 1,
    "OWNEDBY": 1,
    "MAINTBY": 1,
    "SUMFLOW": 0,
    "UPELEV": 0,
    "UpstreamIn": 0,
    "DOWNELEV": 0,
    "Downstream": 0,
    "SLOPE": 0,
    "SlopeSourc": " ",
    "Streetname": "SPRING ST",
    "CatchArea": " ",
    "Comments": " ",
    "BarrelCount": 0,
    "UnderDiam": 0,
    "UnderMat": " ",
    "FieldBook": " ",
    "LifecycleS": " ",
    "CIP_Area": 0,
    "LGMLoad3": 10685,
    "MeasuredLength": 48,
    "PossDelete": " ",
    "PlanNum": "CITY MAP",
    "InstalID_1": " ",
    "UpdateSour": " ",
    "UpdateDesc": " ",
    "LiningType": " ",
    "Owner": " ",
    "Slope_DWG": 0,
    "Slope_Tech": 0,
    "Slope_GIS": 0,
    "Group_1": 0,
    "SubType_1": 0,
    "Material": "Corrugated Metal",
    "MatCode": "CM",
    "Diameter": 18,
    "MainShape": "Circular",
    "GlobalID": "{FE6F1A9B-7662-4F1B-9E53-0FC185BC822A}",
    "created_user": "GIS",
    "created_date": 1600300800000,
    "last_edited_user": "GIS",
    "last_edited_date": 1600300800000,
    "LEGACYID": "C2-5716 : C2-5717",
    "US_Vert_Datum": " ",
    "DS_Vert_Datum": " ",
    "Dewb_Worked_On": 0,
    "AssetStatus": "Active",
    "AccuracyStatus": "Unknown/Null (accurate = no)",
    "InaccuracyType": null,
    "AccuracyDate": null,
    "AccuracyComments": null,
    "AssociatedInspections": null,
    "ArchiveReason": null,
    "ArchiveProjectName": null,
    "ArchiveDate": null,
    "ArchiveComments": null,
    "ReplacedAssetID": null,
    "FID": null,
    "CreationDate": 1667400748941,
    "Creator": "NLandin_wc",
    "EditDate": 1667486496335,
    "Editor": "melliot_wc",
    "Shape_Length": 46.24375688162942
   },
   "geometry": {
    "type": "LineString",
    "coordinates": [
     [
      -71.1091010397918,
      42.38513902383944
     ],
     [
      -71.10900061614895,
      42.38503626374225
     ]
    ]
   }
  },
  {
   "type": "Feature",
   "properties": {
    "OBJECTID": 204,
    "FACILITYID": "S2-6262 : FIT-1486",
    "INSTALLDATE": null,
    "Height": 0,
    "Width": 0,
    "LINEDYEAR": " ",
    "LINERTYPE": " ",
    "FROMMH": "S2-6262",
    "TOMH": "FIT-1486",
    "WaterType": "Storm",
    "GraphicType": "Storm",
    "ENABLED": 1,
    "ACTIVEFLAG": 1,
    "OWNEDBY": 1,
    "MAINTBY": 1,
    "SUMFLOW": 0,
    "UPELEV": 0,
    "UpstreamIn": 0,
    "DOWNELEV": 0,
    "Downstream": 0,
    "SLOPE": 0,
    "SlopeSourc": " ",
    "Streetname": "SCHOOL ST",
    "CatchArea": " ",
    "Comments": " ",
    "BarrelCount": 0,
    "UnderDiam": 0,
    "UnderMat": " ",
    "FieldBook": " ",
    "LifecycleS": " ",
    "CIP_Area": 0,
    "LGMLoad3": 11136,
    "MeasuredLength": 0,
    "PossDelete": " ",
    "PlanNum": "Unknown",
    "InstalID_1": " ",
    "UpdateSour": " ",
    "UpdateDesc": " ",
    "LiningType": " ",
    "Owner": " ",
    "Slope_DWG": 0,
    "Slope_Tech": 0,
    "Slope_GIS": 0,
    "Group_1": 0,
    "SubType_1": 0,
    "Material": "Vitrified Clay",
    "MatCode": "VC",
    "Diameter": 6,
    "MainShape": "Circular",
    "GlobalID": "{FA7795F1-6F60-42F7-A500-C8F0C295FEA3}",
    "created_user": "GIS",
    "created_date": 1600300800000,
    "last_edited_user": "GIS",
    "last_edited_date": 1600300800000,
    "LEGACYID": "S2-6262 : FIT-1486",
    "US_Vert_Datum": " ",
    "DS_Vert_Datum": " ",
    "Dewb_Worked_On": 0,
    "AssetStatus": "Active",
    "AccuracyStatus": "Unknown/Null (accurate = no)",
    "InaccuracyType": null,
    "AccuracyDate": null,
    "AccuracyComments": null,
    "AssociatedInspections": null,
    "ArchiveReason": null,
    "ArchiveProjectName": null,
    "ArchiveDate": null,
    "ArchiveComments": null,
    "ReplacedAssetID": null,
    "FID": null,
    "CreationDate": 1667400748941,
    "Creator": "NLandin_wc",
    "EditDate": 1667486496397,
    "Editor": "melliot_wc",
    "Shape_Length": 124.22287247190607
   },
   "geometry": {
    "type": "LineString",
    "coordinates": [
     [
      -71.09797177356384,
      42.387779641786956
     ],
     [
      -71.09782693770094,
      42.38810316268038
     ]
    ]
   }
  },
  {
   "type": "Feature",
   "properties": {
    "OBJECTID": 215,
    "FACILITYID": "C2-5684 : C2-5685",
    "INSTALLDATE": null,
    "Height": 0,
    "Width": 0,
    "LINEDYEAR": " ",
    "LINERTYPE": " ",
    "FROMMH": "C2-5684",
    "TOMH": "C2-5685",
    "WaterType": "Storm",
    "GraphicType": "Storm",
    "ENABLED": 1,
    "ACTIVEFLAG": 1,
    "OWNEDBY": 1,
    "MAINTBY": 1,
    "SUMFLOW": 0,
    "UPELEV": 0,
    "UpstreamIn": 0,
    "DOWNELEV": 0,
    "Downstream": 0,
    "SLOPE": 0,
    "SlopeSourc": " ",
    "Streetname": "BERKELEY ST",
    "CatchArea": " ",
    "Comments": " ",
    "BarrelCount": 0,
    "UnderDiam": 0,
    "UnderMat": " ",
    "FieldBook": " ",
    "LifecycleS": " ",
    "CIP_Area": 0,
    "LGMLoad3": 10667,
    "MeasuredLength": 313,
    "PossDelete": " ",
    "PlanNum": "F-07",
    "InstalID_1": " ",
    "UpdateSour": " ",
    "UpdateDesc": " ",
    "LiningType": " ",
    "Owner": " ",
    "Slope_DWG": 0,
    "Slope_Tech": 0,
    "Slope_GIS": 0,
    "Group_1": 0,
    "SubType_1": 0,
    "Material": "Reinforced Concrete",
    "MatCode": "RC",
    "Diameter": 36,
    "MainShape": "Circular",
    "GlobalID": "{31F89576-A7AA-4A51-8E76-9D319304E902}",
    "created_user": "GIS",
    "created_date": 1600300800000,
    "last_edited_user": "GIS",
    "last_edited_date": 1600300800000,
    "LEGACYID": "C2-5684 : C2-5685",
    "US_Vert_Datum": " ",
    "DS_Vert_Datum": " ",
    "Dewb_Worked_On": 0,
    "AssetStatus": "Active",
    "AccuracyStatus": "Unknown/Null (accurate = no)",
    "InaccuracyType": null,
    "AccuracyDate": null,
    "AccuracyComments": null,
    "AssociatedInspections": null,
    "ArchiveReason": null,
    "ArchiveProjectName": null,
    "ArchiveDate": null,
    "ArchiveComments": null,
    "ReplacedAssetID": null,
    "FID": null,
    "CreationDate": 1667400748941,
    "Creator": "NLandin_wc",
    "EditDate": 1667486496492,
    "Editor": "melliot_wc",
    "Shape_Length": 310.75911989121556
   },
   "geometry": {
    "type": "LineString",
    "coordinates": [
     [
      -71.10143090505386,
      42.38615505313012
     ],
     [
      -71.10039365027357,
      42.38578645358366
     ]
    ]
   }
  },
  {
   "type": "Feature",
   "properties": {
    "OBJECTID": 244,
    "FACILITYID": "C2-6448 : C2-6449",
    "INSTALLDATE": null,
    "Height": 0,
    "Width": 0,
    "LINEDYEAR": " ",
    "LINERTYPE": " ",
    "FROMMH": "C2-6448",
    "TOMH": "C2-6449",
    "WaterType": "Storm",
    "GraphicType": "Storm",
    "ENABLED": 1,
    "ACTIVEFLAG": 1,
    "OWNEDBY": 1,
    "MAINTBY": 1,
    "SUMFLOW": 0,
    "UPELEV": 0,
    "UpstreamIn": 0,
    "DOWNELEV": 0,
    "Downstream": 0,
    "SLOPE": 0,
    "SlopeSourc": " ",
    "Streetname": "BERKELEY ST, SCHOOL ST",
    "CatchArea": " ",
    "Comments": " ",
    "BarrelCount": 0,
    "UnderDiam": 0,
    "UnderMat": " ",
    "FieldBook": " ",
    "LifecycleS": " ",
    "CIP_Area": 0,
    "LGMLoad3": 9462,
    "MeasuredLength": 25,
    "PossDelete": " ",
    "PlanNum": "F-07",
    "InstalID_1": " ",
    "UpdateSour": "MWH 2016 Nunziato Field Stormwater Map",
    "UpdateDesc": "New segment",
    "LiningType": " ",
    "Owner": " ",
    "Slope_DWG": 0,
    "Slope_Tech": 0,
    "Slope_GIS": 0,
    "Group_1": 0,
    "SubType_1": 0,
    "Material": "Cement Concrete",
    "MatCode": "CC",
    "Diameter": 30,
    "MainShape": "Circular",
    "GlobalID": "{270FDF54-0F42-40FF-8376-4D9599C55202}",
    "created_user": "GIS",
    "created_date": 1600300800000,
    "last_edited_user": "GIS",
    "last_edited_date": 1600300800000,
    "LEGACYID": "C2-6448 : C2-6449",
    "US_Vert_Datum": " ",
    "DS_Vert_Datum": " ",
    "Dewb_Worked_On": 0,
    "AssetStatus": "Active",
    "AccuracyStatus": "Unknown/Null (accurate = no)",
    "InaccuracyType": null,
    "AccuracyDate": null,
    "AccuracyComments": null,
    "AssociatedInspections": null,
    "ArchiveReason": null,
    "ArchiveProjectName": null,
    "ArchiveDate": null,
    "ArchiveComments": null,
    "ReplacedAssetID": null,
    "FID": null,
    "CreationDate": 1667400748941,
    "Creator": "NLandin_wc",
    "EditDate": 1667486496775,
    "Editor": "melliot_wc",
    "Shape_Length": 25.03118564597943
   },
   "geometry": {
    "type": "LineString",
    "coordinates": [
     [
      -71.09972508982987,
      42.38554517561323
     ],
     [
      -71.09972688345086,
      42.38547650195508
     ]
    ]
   }
  },
  {
   "type": "Feature",
   "properties": {
    "OBJECTID": 264,
    "FACILITYID": "C2-5478 : C2-5479",
    "INSTALLDATE": null,
    "Height": 0,
    "Width": 0,
    "LINEDYEAR": " ",
    "LINERTYPE": " ",
    "FROMMH": "C2-5478",
    "TOMH": "C2-5479",
    "WaterType": "Storm",
    "GraphicType": "Storm",
    "ENABLED": 1,
    "ACTIVEFLAG": 1,
    "OWNEDBY": 1,
    "MAINTBY": 1,
    "SUMFLOW": 0,
    "UPELEV": 0,
    "UpstreamIn": 0,
    "DOWNELEV": 0,
    "Downstream": 0,
    "SLOPE": 0,
    "SlopeSourc": " ",
    "Streetname": "PUTNAM ST",
    "CatchArea": " ",
    "Comments": " ",
    "BarrelCount": 0,
    "UnderDiam": 0,
    "UnderMat": " ",
    "FieldBook": " ",
    "LifecycleS": " ",
    "CIP_Area": 0,
    "LGMLoad3": 9468,
    "MeasuredLength": 0,
    "PossDelete": " ",
    "PlanNum": "CITY MAP",
    "InstalID_1": " ",
    "UpdateSour": "MWH 2016 Nunziato Field Stormwater Map",
    "UpdateDesc": "New segment",
    "LiningType": " ",
    "Owner": "Somerville",
    "Slope_DWG": 0,
    "Slope_Tech": 0,
    "Slope_GIS": 0,
    "Group_1": 0,
    "SubType_1": 0,
    "Material": "Cement Concrete",
    "MatCode": "CC",
    "Diameter": 15,
    "MainShape": " ",
    "GlobalID": "{E8FFC9FD-E17A-4F67-B166-95D3F8503C9C}",
    "created_user": "GIS",
    "created_date": 1600300800000,
    "last_edited_user": "GIS",
    "last_edited_date": 1600300800000,
    "LEGACYID": "C2-5478 : C2-5479",
    "US_Vert_Datum": " ",
    "DS_Vert_Datum": " ",
    "Dewb_Worked_On": 0,
    "AssetStatus": "Active",
    "AccuracyStatus": "Unknown/Null (accurate = no)",
    "InaccuracyType": null,
    "AccuracyDate": null,
    "AccuracyComments": null,
    "AssociatedInspections": null,
    "ArchiveReason": null,
    "ArchiveProjectName": null,
    "ArchiveDate": null,
    "ArchiveComments": null,
    "ReplacedAssetID": null,
    "FID": null,
    "CreationDate": 1667400748941,
    "Creator": "NLandin_wc",
    "EditDate": 1667486496980,
    "Editor": "melliot_wc",
    "Shape_Length": 141.91252375350584
   },
   "geometry": {
    "type": "LineString",
    "coordinates": [
     [
      -71.09716989791777,
      42.38580490507579
     ],
     [
      -71.09740969685137,
      42.38545843764177
     ]
    ]
   }
  },
  {
   "type": "Feature",
   "properties": {
    "OBJECTID": 266,
    "FACILITYID": "30-5087 : FIT-1300",
    "INSTALLDATE": -1356998400000,
    "Height": 48,
    "Width": 52,
    "LINEDYEAR": " ",
    "LINERTYPE": " ",
    "FROMMH": "30-5087",
    "TOMH": "FIT-1300",
    "WaterType": "Storm",
    "GraphicType": "Storm",
    "ENABLED": 1,
    "ACTIVEFLAG": 1,
    "OWNEDBY": 1,
    "MAINTBY": 1,
    "SUMFLOW": 0,
    "UPELEV": 32.4,
    "UpstreamIn": 32.4,
    "DOWNELEV": 30.84,
    "Downstream": 30.84,
    "SLOPE": 0.90679135,
    "SlopeSourc": "Tech",
    "Streetname": "BOSTON & MAINE RAILROAD",
    "CatchArea": " ",
    "Comments": " ",
    "BarrelCount": 0,
    "UnderDiam": 0,
    "UnderMat": " ",
    "FieldBook": " ",
    "LifecycleS": "Active",
    "CIP_Area": 0,
    "LGMLoad3": 9227,
    "MeasuredLength": 0,
    "PossDelete": " ",
    "PlanNum": "MM-07",
    "InstalID_1": "1/1/1927",
    "UpdateSour": " ",
    "UpdateDesc": " ",
    "LiningType": " ",
    "Owner": "Somerv",
    "Slope_DWG": 9999,
    "Slope_Tech": 0.90679135,
    "Slope_GIS": 9999,
    "Group_1": 4,
    "SubType_1": 1,
    "Material": "Reinforced Concrete",
    "MatCode": "RC",
    "Diameter": 0,
    "MainShape": "Unknown",
    "GlobalID": "{39DA0AB6-0B24-4F67-AEA3-8B67517F0E8D}",
    "created_user": "GIS",
    "created_date": 1600300800000,
    "last_edited_user": "GIS",
    "last_edited_date": 1600300800000,
    "LEGACYID": "30-5087 : FIT-1300",
    "US_Vert_Datum": " ",
    "DS_Vert_Datum": " ",
    "Dewb_Worked_On": 0,
    "AssetStatus": "Active",
    "AccuracyStatus": "Unknown/Null (accurate = no)",
    "InaccuracyType": null,
    "AccuracyDate": null,
    "AccuracyComments": null,
    "AssociatedInspections": null,
    "ArchiveReason": null,
    "ArchiveProjectName": null,
    "ArchiveDate": null,
    "ArchiveComments": null,
    "ReplacedAssetID": null,
    "FID": null,
    "CreationDate": 1667400748941,
    "Creator": "NLandin_wc",
    "EditDate": 1667486496980,
    "Editor": "melliot_wc",
    "Shape_Length": 172.03543811871015
   },
   "geometry": {
    "type": "LineString",
    "coordinates": [
     [
      -71.10245398970817,
      42.39050628677899
     ],
     [
      -71.1020214472932,
      42.39030612992925
     ],
     [
      -71.10191401083239,
      42.39025602940872
     ]
    ]
   }
  },
  {
   "type": "Feature",
   "properties": {
    "OBJECTID": 270,
    "FACILITYID": "C2-5705 : C2-5706",
    "INSTALLDATE": null,
    "Height": 0,
    "Width": 0,
    "LINEDYEAR": " ",
    "LINERTYPE": " ",
    "FROMMH": "C2-5705",
    "TOMH": "C2-5706",
    "WaterType": "Storm",
    "GraphicType": "Storm",
    "ENABLED": 1,
    "ACTIVEFLAG": 1,
    "OWNEDBY": 1,
    "MAINTBY": 1,
    "SUMFLOW": 0,
    "UPELEV": 0,
    "UpstreamIn": 0,
    "DOWNELEV": 0,
    "Downstream": 0,
    "SLOPE": 0,
    "SlopeSourc": " ",
    "Streetname": "PRESTON RD",
    "CatchArea": " ",
    "Comments": " ",
    "BarrelCount": 0,
    "UnderDiam": 0,
    "UnderMat": " ",
    "FieldBook": " ",
    "LifecycleS": " ",
    "CIP_Area": 0,
    "LGMLoad3": 10678,
    "MeasuredLength": 255,
    "PossDelete": " ",
    "PlanNum": "CITY MAP",
    "InstalID_1": " ",
    "UpdateSour": " ",
    "UpdateDesc": " ",
    "LiningType": " ",
    "Owner": " ",
    "Slope_DWG": 0,
    "Slope_Tech": 0,
    "Slope_GIS": 0,
    "Group_1": 0,
    "SubType_1": 0,
    "Material": "Reinforced Concrete",
    "MatCode": "RC",
    "Diameter": 12,
    "MainShape": "Circular",
    "GlobalID": "{C19209E2-5CFB-409F-A08A-6C89F8305608}",
    "created_user": "GIS",
    "created_date": 1600300800000,
    "last_edited_user": "GIS",
    "last_edited_date": 1600300800000,
    "LEGACYID": "C2-5705 : C2-5706",
    "US_Vert_Datum": " ",
    "DS_Vert_Datum": " ",
    "Dewb_Worked_On": 0,
    "AssetStatus": "Active",
    "AccuracyStatus": "Unknown/Null (accurate = no)",
    "InaccuracyType": null,
    "AccuracyDate": null,
    "AccuracyComments": null,
    "AssociatedInspections": null,
    "ArchiveReason": null,
    "ArchiveProjectName": null,
    "ArchiveDate": null,
    "ArchiveComments": null,
    "ReplacedAssetID": null,
    "FID": null,
    "CreationDate": 1667400748941,
    "Creator": "NLandin_wc",
    "EditDate": 1667486497012,
    "Editor": "melliot_wc",
    "Shape_Length": 254.26091398463618
   },
   "geometry": {
    "type": "LineString",
    "coordinates": [
     [
      -71.10201966917408,
      42.384209871600355
     ],
     [
      -71.10117053226271,
      42.383909041882625
     ]
    ]
   }
  },
  {
   "type": "Feature",
   "properties": {
    "OBJECTID": 284,
    "FACILITYID": "FIT-1300 : 30-5088",
    "INSTALLDATE": -1356998400000,
    "Height": 48,
    "Width": 52,
    "LINEDYEAR": " ",
    "LINERTYPE": " ",
    "FROMMH": "FIT-1300",
    "TOMH": "30-5088",
    "WaterType": "Storm",
    "GraphicType": "Storm",
    "ENABLED": 1,
    "ACTIVEFLAG": 1,
    "OWNEDBY": 1,
    "MAINTBY": 1,
    "SUMFLOW": 0,
    "UPELEV": 32.4,
    "UpstreamIn": 32.4,
    "DOWNELEV": 30.84,
    "Downstream": 30.84,
    "SLOPE": 0.29003022,
    "SlopeSourc": "Tech",
    "Streetname": "BOSTON & MAINE RAILROAD",
    "CatchArea": " ",
    "Comments": " ",
    "BarrelCount": 0,
    "UnderDiam": 0,
    "UnderMat": " ",
    "FieldBook": " ",
    "LifecycleS": "Active",
    "CIP_Area": 0,
    "LGMLoad3": 9228,
    "MeasuredLength": 0,
    "PossDelete": " ",
    "PlanNum": "MM-07",
    "InstalID_1": "1/1/1927",
    "UpdateSour": " ",
    "UpdateDesc": " ",
    "LiningType": " ",
    "Owner": "Somerv",
    "Slope_DWG": 9999,
    "Slope_Tech": 0.29003022,
    "Slope_GIS": 9999,
    "Group_1": 4,
    "SubType_1": 1,
    "Material": "Reinforced Concrete",
    "MatCode": "RC",
    "Diameter": 0,
    "MainShape": "Unknown",
    "GlobalID": "{B3838821-070D-4587-8A66-B558266A4BDD}",
    "created_user": "GIS",
    "created_date": 1600300800000,
    "last_edited_user": "GIS",
    "last_edited_date": 1600300800000,
    "LEGACYID": "FIT-1300 : 30-5088",
    "US_Vert_Datum": " ",
    "DS_Vert_Datum": " ",
    "Dewb_Worked_On": 0,
    "AssetStatus": "Active",
    "AccuracyStatus": "Unknown/Null (accurate = no)",
    "InaccuracyType": null,
    "AccuracyDate": null,
    "AccuracyComments": null,
    "AssociatedInspections": null,
    "ArchiveReason": null,
    "ArchiveProjectName": null,
    "ArchiveDate": null,
    "ArchiveComments": null,
    "ReplacedAssetID": null,
    "FID": null,
    "CreationDate": 1667400748941,
    "Creator": "NLandin_wc",
    "EditDate": 1667486497153,
    "Editor": "melliot_wc",
    "Shape_Length": 537.8751481884203
   },
   "geometry": {
    "type": "LineString",
    "coordinates": [
     [
      -71.10191401083239,
      42.39025602940872
     ],
     [
      -71.10181767274642,
      42.39021110060129
     ],
     [
      -71.10171586196729,
      42.3901521533835
     ],
     [
      -71.10157208202224,
      42.390086331149234
     ],
     [
      -71.101473638194,
      42.39004126151708
     ],
     [
      -71.10105829842226,
      42.38986546189941
     ],
     [
      -71.1009620947275,
      42.389833682354485
     ],
     [
      -71.10088511222311,
      42.389811982339516
     ],
     [
      -71.10083701470134,
      42.38979609206916
     ],
     [
      -71.10078508474722,
      42.38977590043802
     ],
     [
      -71.10020065944185,
      42.38950947010468
     ]
    ]
   }
  },
  {
   "type": "Feature",
   "properties": {
    "OBJECTID": 291,
    "FACILITYID": "C2-5717 : C2-5718",
    "INSTALLDATE": null,
    "Height": 0,
    "Width": 0,
    "LINEDYEAR": " ",
    "LINERTYPE": " ",
    "FROMMH": "C2-5717",
    "TOMH": "C2-5718",
    "WaterType": "Storm",
    "GraphicType": "Storm",
    "ENABLED": 1,
    "ACTIVEFLAG": 1,
    "OWNEDBY": 1,
    "MAINTBY": 1,
    "SUMFLOW": 0,
    "UPELEV": 0,
    "UpstreamIn": 0,
    "DOWNELEV": 0,
    "Downstream": 0,
    "SLOPE": 0,
    "SlopeSourc": " ",
    "Streetname": "SPRING ST",
    "CatchArea": " ",
    "Comments": " ",
    "BarrelCount": 0,
    "UnderDiam": 0,
    "UnderMat": " ",
    "FieldBook": " ",
    "LifecycleS": " ",
    "CIP_Area": 0,
    "LGMLoad3": 10686,
    "MeasuredLength": 83,
    "PossDelete": " ",
    "PlanNum": "CITY MAP",
    "InstalID_1": " ",
    "UpdateSour": " ",
    "UpdateDesc": " ",
    "LiningType": " ",
    "Owner": " ",
    "Slope_DWG": 0,
    "Slope_Tech": 0,
    "Slope_GIS": 0,
    "Group_1": 0,
    "SubType_1": 0,
    "Material": "Reinforced Concrete",
    "MatCode": "RC",
    "Diameter": 18,
    "MainShape": "Circular",
    "GlobalID": "{068D3B54-D6BF-4607-8A44-7D01B22BBB7B}",
    "created_user": "GIS",
    "created_date": 1600300800000,
    "last_edited_user": "GIS",
    "last_edited_date": 1600300800000,
    "LEGACYID": "C2-5717 : C2-5718",
    "US_Vert_Datum": " ",
    "DS_Vert_Datum": " ",
    "Dewb_Worked_On": 0,
    "AssetStatus": "Active",
    "AccuracyStatus": "Unknown/Null (accurate = no)",
    "InaccuracyType": null,
    "AccuracyDate": null,
    "AccuracyComments": null,
    "AssociatedInspections": null,
    "ArchiveReason": null,
    "ArchiveProjectName": null,
    "ArchiveDate": null,
    "ArchiveComments": null,
    "ReplacedAssetID": null,
    "FID": null,
    "CreationDate": 1667400748941,
    "Creator": "NLandin_wc",
    "EditDate": 1667486497216,
    "Editor": "melliot_wc",
    "Shape_Length": 83.26937670650175
   },
   "geometry": {
    "type": "LineString",
    "coordinates": [
     [
      -71.10900061614895,
      42.38503626374225
     ],
     [
      -71.10889066211134,
      42.384822803894394
     ]
    ]
   }
  },
  {
   "type": "Feature",
   "properties": {
    "OBJECTID": 300,
    "FACILITYID": "30-5396 : 30-5399",
    "INSTALLDATE": null,
    "Height": 0,
    "Width": 0,
    "LINEDYEAR": " ",
    "LINERTYPE": " ",
    "FROMMH": "30-5396",
    "TOMH": "30-5399",
    "WaterType": "Storm",
    "GraphicType": "Storm",
    "ENABLED": 1,
    "ACTIVEFLAG": 1,
    "OWNEDBY": 1,
    "MAINTBY": 1,
    "SUMFLOW": 0,
    "UPELEV": 59.94,
    "UpstreamIn": 59.94,
    "DOWNELEV": 59.76,
    "Downstream": 59.76,
    "SLOPE": 0.96260808,
    "SlopeSourc": "Tech",
    "Streetname": "HUDSON ST",
    "CatchArea": " ",
    "Comments": " ",
    "BarrelCount": 0,
    "UnderDiam": 0,
    "UnderMat": " ",
    "FieldBook": " ",
    "LifecycleS": "Active",
    "CIP_Area": 0,
    "LGMLoad3": 9165,
    "MeasuredLength": 0,
    "PossDelete": " ",
    "PlanNum": "TB-045",
    "InstalID_1": " ",
    "UpdateSour": " ",
    "UpdateDesc": " ",
    "LiningType": " ",
    "Owner": "Somerv",
    "Slope_DWG": 9999,
    "Slope_Tech": 0.96260808,
    "Slope_GIS": 9999,
    "Group_1": 0,
    "SubType_1": 1,
    "Material": "Reinforced Concrete",
    "MatCode": "RC",
    "Diameter": 21,
    "MainShape": "Circular",
    "GlobalID": "{A3A2BDD4-94E3-4A03-8C77-22A8C3F6CF1B}",
    "created_user": "GIS",
    "created_date": 1600300800000,
    "last_edited_user": "GIS",
    "last_edited_date": 1600300800000,
    "LEGACYID": "30-5396 : 30-5399",
    "US_Vert_Datum": " ",
    "DS_Vert_Datum": " ",
    "Dewb_Worked_On": 0,
    "AssetStatus": "Active",
    "AccuracyStatus": "Unknown/Null (accurate = no)",
    "InaccuracyType": null,
    "AccuracyDate": null,
    "AccuracyComments": null,
    "AssociatedInspections": null,
    "ArchiveReason": null,
    "ArchiveProjectName": null,
    "ArchiveDate": null,
    "ArchiveComments": "FY2023 CCTV Inspection",
    "ReplacedAssetID": null,
    "FID": null,
    "CreationDate": 1667400748941,
    "Creator": "NLandin_wc",
    "EditDate": 1685113742478,
    "Editor": "melliot_wc",
    "Shape_Length": 16.2727387663983
   },
   "geometry": {
    "type": "LineString",
    "coordinates": [
     [
      -71.10837169509084,
      42.391160366517404
     ],
     [
      -71.10838122670344,
      42.39120445693408
     ]
    ]
   }
  },
  {
   "type": "Feature",
   "properties": {
    "OBJECTID": 323,
    "FACILITYID": "30-5134 : FIT-459",
    "INSTALLDATE": -1356998400000,
    "Height": 48,
    "Width": 54,
    "LINEDYEAR": " ",
    "LINERTYPE": " ",
    "FROMMH": "30-5134",
    "TOMH": "FIT-459",
    "WaterType": "Storm",
    "GraphicType": "Storm",
    "ENABLED": 1,
    "ACTIVEFLAG": 1,
    "OWNEDBY": 1,
    "MAINTBY": 1,
    "SUMFLOW": 0,
    "UPELEV": 28.5,
    "UpstreamIn": 28.5,
    "DOWNELEV": 27.71,
    "Downstream": 27.71,
    "SLOPE": 0.49,
    "SlopeSourc": "Tech",
    "Streetname": "BOSTON & LOWELL RAILROAD",
    "CatchArea": " ",
    "Comments": "SLOPE CALCULATED BY GIS SERVICES",
    "BarrelCount": 0,
    "UnderDiam": 0,
    "UnderMat": " ",
    "FieldBook": " ",
    "LifecycleS": "Active",
    "CIP_Area": 0,
    "LGMLoad3": 8893,
    "MeasuredLength": 0,
    "PossDelete": " ",
    "PlanNum": "MM-06",
    "InstalID_1": "1/1/1927",
    "UpdateSour": " ",
    "UpdateDesc": " ",
    "LiningType": " ",
    "Owner": "Somerv",
    "Slope_DWG": 9999,
    "Slope_Tech": 0.49,
    "Slope_GIS": 9999,
    "Group_1": 4,
    "SubType_1": 1,
    "Material": "Reinforced Concrete",
    "MatCode": "RC",
    "Diameter": 0,
    "MainShape": "Unknown",
    "GlobalID": "{A8092C01-E3A7-40B0-8CEA-9141E7688206}",
    "created_user": "GIS",
    "created_date": 1600300800000,
    "last_edited_user": "GIS",
    "last_edited_date": 1600300800000,
    "LEGACYID": "30-5134 : FIT-459",
    "US_Vert_Datum": " ",
    "DS_Vert_Datum": " ",
    "Dewb_Worked_On": 0,
    "AssetStatus": "Active",
    "AccuracyStatus": "Unknown/Null (accurate = no)",
    "InaccuracyType": null,
    "AccuracyDate": null,
    "AccuracyComments": null,
    "AssociatedInspections": null,
    "ArchiveReason": null,
    "ArchiveProjectName": null,
    "ArchiveDate": null,
    "ArchiveComments": "FY2023 CCTV Inspection",
    "ReplacedAssetID": null,
    "FID": null,
    "CreationDate": 1667400748941,
    "Creator": "NLandin_wc",
    "EditDate": 1685113742525,
    "Editor": "melliot_wc",
    "Shape_Length": 160.91736343067333
   },
   "geometry": {
    "type": "LineString",
    "coordinates": [
     [
      -71.0964706778504,
      42.388007926732556
     ],
     [
      -71.09591340947907,
      42.3881638715858
     ]
    ]
   }
  },
  {
   "type": "Feature",
   "properties": {
    "OBJECTID": 326,
    "FACILITYID": "30-5426 : 30-5425",
    "INSTALLDATE": 325987200000,
    "Height": 0,
    "Width": 0,
    "LINEDYEAR": " ",
    "LINERTYPE": " ",
    "FROMMH": "30-5426",
    "TOMH": "30-5425",
    "WaterType": "Storm",
    "GraphicType": "Storm",
    "ENABLED": 1,
    "ACTIVEFLAG": 1,
    "OWNEDBY": 1,
    "MAINTBY": 1,
    "SUMFLOW": 0,
    "UPELEV": 54.7,
    "UpstreamIn": 54.7,
    "DOWNELEV": 49.8,
    "Downstream": 49.8,
    "SLOPE": 2.13660535,
    "SlopeSourc": "Tech",
    "Streetname": "ALBION ST",
    "CatchArea": " ",
    "Comments": " ",
    "BarrelCount": 0,
    "UnderDiam": 0,
    "UnderMat": " ",
    "FieldBook": " ",
    "LifecycleS": "Proposed",
    "CIP_Area": 0,
    "LGMLoad3": 9155,
    "MeasuredLength": 0,
    "PossDelete": " ",
    "PlanNum": "TB-038",
    "InstalID_1": "5/1/1980",
    "UpdateSour": " ",
    "UpdateDesc": " ",
    "LiningType": " ",
    "Owner": "Somerv",
    "Slope_DWG": 9999,
    "Slope_Tech": 2.13660535,
    "Slope_GIS": 9999,
    "Group_1": 5,
    "SubType_1": 1,
    "Material": "Reinforced Concrete",
    "MatCode": "RC",
    "Diameter": 12,
    "MainShape": "Circular",
    "GlobalID": "{FFDFFD03-BC58-4246-A8A8-F7AB75C14899}",
    "created_user": "GIS",
    "created_date": 1600300800000,
    "last_edited_user": "GIS",
    "last_edited_date": 1600300800000,
    "LEGACYID": "30-5426 : 30-5425",
    "US_Vert_Datum": " ",
    "DS_Vert_Datum": " ",
    "Dewb_Worked_On": 0,
    "AssetStatus": "Proposed",
    "AccuracyStatus": "Unverified Accurate (accurate = yes)",
    "InaccuracyType": null,
    "AccuracyDate": 1667520000000,
    "AccuracyComments": "Life cycle status 'Proposed'. Checked by NJL.",
    "AssociatedInspections": null,
    "ArchiveReason": null,
    "ArchiveProjectName": null,
    "ArchiveDate": null,
    "ArchiveComments": null,
    "ReplacedAssetID": null,
    "FID": null,
    "CreationDate": 1667400748941,
    "Creator": "NLandin_wc",
    "EditDate": 1667917566817,
    "Editor": "NLandin_wc",
    "Shape_Length": 208.93079411270895
   },
   "geometry": {
    "type": "LineString",
    "coordinates": [
     [
      -71.10644412166447,
      42.391115437905285
     ],
     [
      -71.10714195927805,
      42.39136262352102
     ]
    ]
   }
  },
  {
   "type": "Feature",
   "properties": {
    "OBJECTID": 344,
    "FACILITYID": "30-5397 : 30-5396",
    "INSTALLDATE": null,
    "Height": 0,
    "Width": 0,
    "LINEDYEAR": " ",
    "LINERTYPE": " ",
    "FROMMH": "30-5397",
    "TOMH": "30-5396",
    "WaterType": "Storm",
    "GraphicType": "Storm",
    "ENABLED": 1,
    "ACTIVEFLAG": 1,
    "OWNEDBY": 1,
    "MAINTBY": 1,
    "SUMFLOW": 0,
    "UPELEV": 60.71,
    "UpstreamIn": 60.71,
    "DOWNELEV": 60.64,
    "Downstream": 60.64,
    "SLOPE": 0.1,
    "SlopeSourc": "DWG",
    "Streetname": "HUDSON ST",
    "CatchArea": " ",
    "Comments": " ",
    "BarrelCount": 0,
    "UnderDiam": 0,
    "UnderMat": " ",
    "FieldBook": " ",
    "LifecycleS": "Active",
    "CIP_Area": 0,
    "LGMLoad3": 9164,
    "MeasuredLength": 0,
    "PossDelete": " ",
    "PlanNum": "TB-045",
    "InstalID_1": " ",
    "UpdateSour": " ",
    "UpdateDesc": " ",
    "LiningType": " ",
    "Owner": "Somerv",
    "Slope_DWG": 0.1,
    "Slope_Tech": 9999,
    "Slope_GIS": 9999,
    "Group_1": 0,
    "SubType_1": 1,
    "Material": "Reinforced Concrete",
    "MatCode": "RC",
    "Diameter": 12,
    "MainShape": "Circular",
    "GlobalID": "{9E54D428-BDED-4B29-8C33-50A70289EA0F}",
    "created_user": "GIS",
    "created_date": 1600300800000,
    "last_edited_user": "GIS",
    "last_edited_date": 1600300800000,
    "LEGACYID": "30-5397 : 30-5396",
    "US_Vert_Datum": " ",
    "DS_Vert_Datum": " ",
    "Dewb_Worked_On": 0,
    "AssetStatus": "Active",
    "AccuracyStatus": "Unknown/Null (accurate = no)",
    "InaccuracyType": null,
    "AccuracyDate": null,
    "AccuracyComments": null,
    "AssociatedInspections": null,
    "ArchiveReason": null,
    "ArchiveProjectName": null,
    "ArchiveDate": null,
    "ArchiveComments": "FY2023 CCTV Inspection",
    "ReplacedAssetID": null,
    "FID": null,
    "CreationDate": 1667400748941,
    "Creator": "NLandin_wc",
    "EditDate": 1685477627332,
    "Editor": "ASchuessler_wc",
    "Shape_Length": 76.26661453601001
   },
   "geometry": {
    "type": "LineString",
    "coordinates": [
     [
      -71.1086168759172,
      42.39126412450666
     ],
     [
      -71.10837169509084,
      42.391160366517404
     ]
    ]
   }
  },
  {
   "type": "Feature",
   "properties": {
    "OBJECTID": 368,
    "FACILITYID": "C2-5713 : C2-5714",
    "INSTALLDATE": null,
    "Height": 0,
    "Width": 0,
    "LINEDYEAR": " ",
    "LINERTYPE": " ",
    "FROMMH": "C2-5713",
    "TOMH": "C2-5714",
    "WaterType": "Storm",
    "GraphicType": "Storm",
    "ENABLED": 1,
    "ACTIVEFLAG": 1,
    "OWNEDBY": 1,
    "MAINTBY": 1,
    "SUMFLOW": 0,
    "UPELEV": 0,
    "UpstreamIn": 0,
    "DOWNELEV": 0,
    "Downstream": 0,
    "SLOPE": 0,
    "SlopeSourc": " ",
    "Streetname": "SPRING ST",
    "CatchArea": " ",
    "Comments": " ",
    "BarrelCount": 0,
    "UnderDiam": 0,
    "UnderMat": " ",
    "FieldBook": " ",
    "LifecycleS": " ",
    "CIP_Area": 0,
    "LGMLoad3": 10682,
    "MeasuredLength": 190,
    "PossDelete": " ",
    "PlanNum": "CITY MAP",
    "InstalID_1": " ",
    "UpdateSour": " ",
    "UpdateDesc": " ",
    "LiningType": " ",
    "Owner": " ",
    "Slope_DWG": 0,
    "Slope_Tech": 0,
    "Slope_GIS": 0,
    "Group_1": 0,
    "SubType_1": 0,
    "Material": "Reinforced Concrete",
    "MatCode": "RC",
    "Diameter": 12,
    "MainShape": "Circular",
    "GlobalID": "{61F8F226-95B9-4EA6-92B9-B724FFC2AC73}",
    "created_user": "GIS",
    "created_date": 1600300800000,
    "last_edited_user": "GIS",
    "last_edited_date": 1600300800000,
    "LEGACYID": "C2-5713 : C2-5714",
    "US_Vert_Datum": " ",
    "DS_Vert_Datum": " ",
    "Dewb_Worked_On": 0,
    "AssetStatus": "Active",
    "AccuracyStatus": "Unknown/Null (accurate = no)",
    "InaccuracyType": null,
    "AccuracyDate": null,
    "AccuracyComments": null,
    "AssociatedInspections": null,
    "ArchiveReason": null,
    "ArchiveProjectName": null,
    "ArchiveDate": null,
    "ArchiveComments": null,
    "ReplacedAssetID": null,
    "FID": null,
    "CreationDate": 1667400748941,
    "Creator": "NLandin_wc",
    "EditDate": 1667486497924,
    "Editor": "melliot_wc",
    "Shape_Length": 188.2512595995063
   },
   "geometry": {
    "type": "LineString",
    "coordinates": [
     [
      -71.10850144232086,
      42.38613544814428
     ],
     [
      -71.10881011488418,
      42.38567232853188
     ]
    ]
   }
  },
  {
   "type": "Feature",
   "properties": {
    "OBJECTID": 413,
    "FACILITYID": "C2-5964 : C2-5741",
    "INSTALLDATE": null,
    "Height": 0,
    "Width": 0,
    "LINEDYEAR": " ",
    "LINERTYPE": " ",
    "FROMMH": "C2-5964",
    "TOMH": "C2-5741",
    "WaterType": "Storm",
    "GraphicType": "Storm",
    "ENABLED": 1,
    "ACTIVEFLAG": 1,
    "OWNEDBY": 1,
    "MAINTBY": 1,
    "SUMFLOW": 0,
    "UPELEV": 0,
    "UpstreamIn": 0,
    "DOWNELEV": 0,
    "Downstream": 0,
    "SLOPE": 0,
    "SlopeSourc": " ",
    "Streetname": "SOMERVILLE AVE",
    "CatchArea": " ",
    "Comments": " ",
    "BarrelCount": 0,
    "UnderDiam": 0,
    "UnderMat": " ",
    "FieldBook": " ",
    "LifecycleS": " ",
    "CIP_Area": 0,
    "LGMLoad3": 10904,
    "MeasuredLength": 200,
    "PossDelete": " ",
    "PlanNum": "CITY MAP",
    "InstalID_1": " ",
    "UpdateSour": " ",
    "UpdateDesc": " ",
    "LiningType": " ",
    "Owner": " ",
    "Slope_DWG": 0,
    "Slope_Tech": 0,
    "Slope_GIS": 0,
    "Group_1": 0,
    "SubType_1": 0,
    "Material": "Reinforced Concrete",
    "MatCode": "RC",
    "Diameter": 60,
    "MainShape": "Circular",
    "GlobalID": "{27A3912B-7547-4D18-87F0-7ECD1B002624}",
    "created_user": "GIS",
    "created_date": 1600300800000,
    "last_edited_user": "GIS",
    "last_edited_date": 1600300800000,
    "LEGACYID": "C2-5964 : C2-5741",
    "US_Vert_Datum": " ",
    "DS_Vert_Datum": " ",
    "Dewb_Worked_On": 0,
    "AssetStatus": "Active",
    "AccuracyStatus": "Unknown/Null (accurate = no)",
    "InaccuracyType": null,
    "AccuracyDate": null,
    "AccuracyComments": null,
    "AssociatedInspections": null,
    "ArchiveReason": null,
    "ArchiveProjectName": null,
    "ArchiveDate": null,
    "ArchiveComments": null,
    "ReplacedAssetID": null,
    "FID": null,
    "CreationDate": 1667400748941,
    "Creator": "NLandin_wc",
    "EditDate": 1667486498710,
    "Editor": "melliot_wc",
    "Shape_Length": 200.36101748576158
   },
   "geometry": {
    "type": "LineString",
    "coordinates": [
     [
      -71.10115694527227,
      42.381757585259884
     ],
     [
      -71.10048200785751,
      42.381529795277565
     ]
    ]
   }
  },
  {
   "type": "Feature",
   "properties": {
    "OBJECTID": 414,
    "FACILITYID": "C2-5711 : C2-5712",
    "INSTALLDATE": null,
    "Height": 0,
    "Width": 0,
    "LINEDYEAR": " ",
    "LINERTYPE": " ",
    "FROMMH": "C2-5711",
    "TOMH": "C2-5712",
    "WaterType": "Storm",
    "GraphicType": "Storm",
    "ENABLED": 1,
    "ACTIVEFLAG": 1,
    "OWNEDBY": 1,
    "MAINTBY": 1,
    "SUMFLOW": 0,
    "UPELEV": 0,
    "UpstreamIn": 0,
    "DOWNELEV": 0,
    "Downstream": 0,
    "SLOPE": 0,
    "SlopeSourc": " ",
    "Streetname": "SPRING ST",
    "CatchArea": " ",
    "Comments": " ",
    "BarrelCount": 0,
    "UnderDiam": 0,
    "UnderMat": " ",
    "FieldBook": " ",
    "LifecycleS": " ",
    "CIP_Area": 0,
    "LGMLoad3": 10680,
    "MeasuredLength": 132,
    "PossDelete": " ",
    "PlanNum": "CITY MAP",
    "InstalID_1": " ",
    "UpdateSour": " ",
    "UpdateDesc": " ",
    "LiningType": " ",
    "Owner": " ",
    "Slope_DWG": 0,
    "Slope_Tech": 0,
    "Slope_GIS": 0,
    "Group_1": 0,
    "SubType_1": 0,
    "Material": "Reinforced Concrete",
    "MatCode": "RC",
    "Diameter": 12,
    "MainShape": "Circular",
    "GlobalID": "{582DBD20-B6B3-4E3C-B205-7FDA417DA300}",
    "created_user": "GIS",
    "created_date": 1600300800000,
    "last_edited_user": "GIS",
    "last_edited_date": 1600300800000,
    "LEGACYID": "C2-5711 : C2-5712",
    "US_Vert_Datum": " ",
    "DS_Vert_Datum": " ",
    "Dewb_Worked_On": 0,
    "AssetStatus": "Active",
    "AccuracyStatus": "Unknown/Null (accurate = no)",
    "InaccuracyType": null,
    "AccuracyDate": null,
    "AccuracyComments": null,
    "AssociatedInspections": null,
    "ArchiveReason": null,
    "ArchiveProjectName": null,
    "ArchiveDate": null,
    "ArchiveComments": null,
    "ReplacedAssetID": null,
    "FID": null,
    "CreationDate": 1667400748941,
    "Creator": "NLandin_wc",
    "EditDate": 1667486498710,
    "Editor": "melliot_wc",
    "Shape_Length": 143.4169287879272
   },
   "geometry": {
    "type": "LineString",
    "coordinates": [
     [
      -71.10800388476385,
      42.38688883810206
     ],
     [
      -71.10822161763494,
      42.3865299213565
     ]
    ]
   }
  },
  {
   "type": "Feature",
   "properties": {
    "OBJECTID": 426,
    "FACILITYID": "30-5120 : 30-5121",
    "INSTALLDATE": -1148947200000,
    "Height": 0,
    "Width": 0,
    "LINEDYEAR": " ",
    "LINERTYPE": " ",
    "FROMMH": "30-5120",
    "TOMH": "30-5121",
    "WaterType": "Storm",
    "GraphicType": "Storm",
    "ENABLED": 1,
    "ACTIVEFLAG": 1,
    "OWNEDBY": 1,
    "MAINTBY": 1,
    "SUMFLOW": 0,
    "UPELEV": 41,
    "UpstreamIn": 41,
    "DOWNELEV": 39.85,
    "Downstream": 39.85,
    "SLOPE": 1,
    "SlopeSourc": "DWG",
    "Streetname": "MEDFORD ST",
    "CatchArea": " ",
    "Comments": "PIPE NOT SHOWN ON CITY MAP",
    "BarrelCount": 1,
    "UnderDiam": 0,
    "UnderMat": " ",
    "FieldBook": " ",
    "LifecycleS": "Active",
    "CIP_Area": 0,
    "LGMLoad3": 5938,
    "MeasuredLength": 0,
    "PossDelete": " ",
    "PlanNum": "PF-152",
    "InstalID_1": "8/5/1933",
    "UpdateSour": " ",
    "UpdateDesc": " ",
    "LiningType": " ",
    "Owner": "Somerv",
    "Slope_DWG": 1,
    "Slope_Tech": 9999,
    "Slope_GIS": 9999,
    "Group_1": 4,
    "SubType_1": 1,
    "Material": "Unknown",
    "MatCode": "Unk",
    "Diameter": 8,
    "MainShape": "Circular",
    "GlobalID": "{D36C5A2A-6033-43F3-9C6C-7C843489E64C}",
    "created_user": "GIS",
    "created_date": 1600300800000,
    "last_edited_user": "GIS",
    "last_edited_date": 1600300800000,
    "LEGACYID": "30-5120 : 30-5121",
    "US_Vert_Datum": " ",
    "DS_Vert_Datum": " ",
    "Dewb_Worked_On": 0,
    "AssetStatus": "Active",
    "AccuracyStatus": "Verification Check Needed (accurate = no)",
    "InaccuracyType": "More Info Needed",
    "AccuracyDate": 1667520000000,
    "AccuracyComments": "PIPE NOT SHOWN ON CITY MAP",
    "AssociatedInspections": null,
    "ArchiveReason": null,
    "ArchiveProjectName": null,
    "ArchiveDate": null,
    "ArchiveComments": null,
    "ReplacedAssetID": null,
    "FID": null,
    "CreationDate": 1667400748941,
    "Creator": "NLandin_wc",
    "EditDate": 1667576598208,
    "Editor": "NLandin_wc",
    "Shape_Length": 114.09830745171757
   },
   "geometry": {
    "type": "LineString",
    "coordinates": [
     [
      -71.09845196144327,
      42.3905029659781
     ],
     [
      -71.09819391803943,
      42.39025510338091
     ]
    ]
   }
  },
  {
   "type": "Feature",
   "properties": {
    "OBJECTID": 436,
    "FACILITYID": "FIT-22 : 30-5425",
    "INSTALLDATE": null,
    "Height": 0,
    "Width": 0,
    "LINEDYEAR": " ",
    "LINERTYPE": " ",
    "FROMMH": "FIT-22",
    "TOMH": "30-5425",
    "WaterType": "Storm",
    "GraphicType": "Storm",
    "ENABLED": 1,
    "ACTIVEFLAG": 1,
    "OWNEDBY": 1,
    "MAINTBY": 1,
    "SUMFLOW": 0,
    "UPELEV": 9999,
    "UpstreamIn": 9999,
    "DOWNELEV": 9999,
    "Downstream": 9999,
    "SLOPE": 0,
    "SlopeSourc": " ",
    "Streetname": "LOWELL ST",
    "CatchArea": " ",
    "Comments": "ALL DATA FROM CITY MAP",
    "BarrelCount": 0,
    "UnderDiam": 0,
    "UnderMat": " ",
    "FieldBook": " ",
    "LifecycleS": "Active",
    "CIP_Area": 0,
    "LGMLoad3": 8655,
    "MeasuredLength": 0,
    "PossDelete": " ",
    "PlanNum": "CITY MAP",
    "InstalID_1": " ",
    "UpdateSour": " ",
    "UpdateDesc": " ",
    "LiningType": " ",
    "Owner": "Somerv",
    "Slope_DWG": 9999,
    "Slope_Tech": 9999,
    "Slope_GIS": 9999,
    "Group_1": 0,
    "SubType_1": 1,
    "Material": "Vitrified Clay",
    "MatCode": "VC",
    "Diameter": 10,
    "MainShape": "Circular",
    "GlobalID": "{93178CED-409E-4E58-B427-9A54A56B0435}",
    "created_user": "GIS",
    "created_date": 1600300800000,
    "last_edited_user": "GIS",
    "last_edited_date": 1600300800000,
    "LEGACYID": "FIT-22 : 30-5425",
    "US_Vert_Datum": " ",
    "DS_Vert_Datum": " ",
    "Dewb_Worked_On": 0,
    "AssetStatus": "Active",
    "AccuracyStatus": "Unknown/Null (accurate = no)",
    "InaccuracyType": null,
    "AccuracyDate": null,
    "AccuracyComments": null,
    "AssociatedInspections": null,
    "ArchiveReason": null,
    "ArchiveProjectName": null,
    "ArchiveDate": null,
    "ArchiveComments": null,
    "ReplacedAssetID": null,
    "FID": null,
    "CreationDate": 1667400748941,
    "Creator": "NLandin_wc",
    "EditDate": 1667486498912,
    "Editor": "melliot_wc",
    "Shape_Length": 197.37226090687273
   },
   "geometry": {
    "type": "LineString",
    "coordinates": [
     [
      -71.10747385460454,
      42.39088013213349
     ],
     [
      -71.10714195927805,
      42.39136262352102
     ]
    ]
   }
  },
  {
   "type": "Feature",
   "properties": {
    "OBJECTID": 437,
    "FACILITYID": "C2-5692 : C2-5691",
    "INSTALLDATE": null,
    "Height": 0,
    "Width": 0,
    "LINEDYEAR": " ",
    "LINERTYPE": " ",
    "FROMMH": "C2-5692",
    "TOMH": "C2-5691",
    "WaterType": "Storm",
    "GraphicType": "Storm",
    "ENABLED": 1,
    "ACTIVEFLAG": 1,
    "OWNEDBY": 1,
    "MAINTBY": 1,
    "SUMFLOW": 0,
    "UPELEV": 0,
    "UpstreamIn": 0,
    "DOWNELEV": 0,
    "Downstream": 0,
    "SLOPE": 0,
    "SlopeSourc": " ",
    "Streetname": "BENTON RD",
    "CatchArea": " ",
    "Comments": " ",
    "BarrelCount": 0,
    "UnderDiam": 0,
    "UnderMat": " ",
    "FieldBook": " ",
    "LifecycleS": " ",
    "CIP_Area": 0,
    "LGMLoad3": 10672,
    "MeasuredLength": 133,
    "PossDelete": " ",
    "PlanNum": "Q-02",
    "InstalID_1": " ",
    "UpdateSour": " ",
    "UpdateDesc": " ",
    "LiningType": " ",
    "Owner": " ",
    "Slope_DWG": 0,
    "Slope_Tech": 0,
    "Slope_GIS": 0,
    "Group_1": 0,
    "SubType_1": 0,
    "Material": "Vitrified Clay",
    "MatCode": "VC",
    "Diameter": 12,
    "MainShape": "Circular",
    "GlobalID": "{0C81FC2B-E0F4-4AA5-B5AF-9E68D3D451EF}",
    "created_user": "GIS",
    "created_date": 1600300800000,
    "last_edited_user": "GIS",
    "last_edited_date": 1600300800000,
    "LEGACYID": "C2-5692 : C2-5691",
    "US_Vert_Datum": " ",
    "DS_Vert_Datum": " ",
    "Dewb_Worked_On": 0,
    "AssetStatus": "Active",
    "AccuracyStatus": "Unknown/Null (accurate = no)",
    "InaccuracyType": null,
    "AccuracyDate": null,
    "AccuracyComments": null,
    "AssociatedInspections": null,
    "ArchiveReason": null,
    "ArchiveProjectName": null,
    "ArchiveDate": null,
    "ArchiveComments": null,
    "ReplacedAssetID": null,
    "FID": null,
    "CreationDate": 1667400748941,
    "Creator": "NLandin_wc",
    "EditDate": 1667486498928,
    "Editor": "melliot_wc",
    "Shape_Length": 131.78107319665887
   },
   "geometry": {
    "type": "LineString",
    "coordinates": [
     [
      -71.10637845560284,
      42.38735244051055
     ],
     [
      -71.10615710873705,
      42.38767468007714
     ]
    ]
   }
  },
  {
   "type": "Feature",
   "properties": {
    "OBJECTID": 446,
    "FACILITYID": "C2-6281 : FIT-1498",
    "INSTALLDATE": null,
    "Height": 0,
    "Width": 0,
    "LINEDYEAR": " ",
    "LINERTYPE": " ",
    "FROMMH": "C2-6281",
    "TOMH": "FIT-1498",
    "WaterType": "Storm",
    "GraphicType": "Storm",
    "ENABLED": 1,
    "ACTIVEFLAG": 1,
    "OWNEDBY": 1,
    "MAINTBY": 1,
    "SUMFLOW": 0,
    "UPELEV": 0,
    "UpstreamIn": 0,
    "DOWNELEV": 0,
    "Downstream": 0,
    "SLOPE": 0,
    "SlopeSourc": " ",
    "Streetname": "CROSS COUNTRY, HIGHLAND AVE",
    "CatchArea": " ",
    "Comments": " ",
    "BarrelCount": 0,
    "UnderDiam": 0,
    "UnderMat": " ",
    "FieldBook": " ",
    "LifecycleS": " ",
    "CIP_Area": 0,
    "LGMLoad3": 11151,
    "MeasuredLength": 86,
    "PossDelete": " ",
    "PlanNum": "Unknown",
    "InstalID_1": " ",
    "UpdateSour": " ",
    "UpdateDesc": " ",
    "LiningType": " ",
    "Owner": " ",
    "Slope_DWG": 0,
    "Slope_Tech": 0,
    "Slope_GIS": 0,
    "Group_1": 0,
    "SubType_1": 0,
    "Material": "Vitrified Clay",
    "MatCode": "VC",
    "Diameter": 8,
    "MainShape": "Circular",
    "GlobalID": "{BD82F0C6-A951-46E7-9293-3E04EE27B050}",
    "created_user": "GIS",
    "created_date": 1600300800000,
    "last_edited_user": "GIS",
    "last_edited_date": 1600300800000,
    "LEGACYID": "C2-6281 : FIT-1498",
    "US_Vert_Datum": " ",
    "DS_Vert_Datum": " ",
    "Dewb_Worked_On": 0,
    "AssetStatus": "Active",
    "AccuracyStatus": "Unknown/Null (accurate = no)",
    "InaccuracyType": null,
    "AccuracyDate": null,
    "AccuracyComments": null,
    "AssociatedInspections": null,
    "ArchiveReason": null,
    "ArchiveProjectName": null,
    "ArchiveDate": null,
    "ArchiveComments": "FY2023 CCTV Inspection",
    "ReplacedAssetID": null,
    "FID": null,
    "CreationDate": 1667400748941,
    "Creator": "NLandin_wc",
    "EditDate": 1685113742760,
    "Editor": "melliot_wc",
    "Shape_Length": 17.835268215755544
   },
   "geometry": {
    "type": "LineString",
    "coordinates": [
     [
      -71.09662027809712,
      42.386517722350526
     ],
     [
      -71.09658931298533,
      42.38647449923047
     ]
    ]
   }
  },
  {
   "type": "Feature",
   "properties": {
    "OBJECTID": 447,
    "FACILITYID": "C2-5160 : C2-5161",
    "INSTALLDATE": -2255299200000,
    "Height": 0,
    "Width": 0,
    "LINEDYEAR": " ",
    "LINERTYPE": " ",
    "FROMMH": "C2-5160",
    "TOMH": "C2-5161",
    "WaterType": "Storm",
    "GraphicType": "Storm",
    "ENABLED": 1,
    "ACTIVEFLAG": 1,
    "OWNEDBY": 1,
    "MAINTBY": 1,
    "SUMFLOW": 0,
    "UPELEV": 0,
    "UpstreamIn": 0,
    "DOWNELEV": 0,
    "Downstream": 0,
    "SLOPE": 0,
    "SlopeSourc": " ",
    "Streetname": "SUMMER ST",
    "CatchArea": " ",
    "Comments": " ",
    "BarrelCount": 0,
    "UnderDiam": 0,
    "UnderMat": " ",
    "FieldBook": " ",
    "LifecycleS": "Active",
    "CIP_Area": 8,
    "LGMLoad3": 9477,
    "MeasuredLength": 0,
    "PossDelete": " ",
    "PlanNum": "CITY MAP",
    "InstalID_1": "7/14/1898",
    "UpdateSour": "MWH 2016 Nunziato Field Stormwater Map",
    "UpdateDesc": "Rerouted segment",
    "LiningType": " ",
    "Owner": "Somerv",
    "Slope_DWG": 0.57,
    "Slope_Tech": 9999,
    "Slope_GIS": 9999,
    "Group_1": 2,
    "SubType_1": 1,
    "Material": "Brick",
    "MatCode": "Br",
    "Diameter": 51,
    "MainShape": " ",
    "GlobalID": "{C85540D1-7386-4514-AC1A-3DF79E66C07E}",
    "created_user": "GIS",
    "created_date": 1600300800000,
    "last_edited_user": "GIS",
    "last_edited_date": 1600300800000,
    "LEGACYID": "C2-5160 : C2-5161",
    "US_Vert_Datum": " ",
    "DS_Vert_Datum": " ",
    "Dewb_Worked_On": 0,
    "AssetStatus": "Active",
    "AccuracyStatus": "Unknown/Null (accurate = no)",
    "InaccuracyType": null,
    "AccuracyDate": null,
    "AccuracyComments": null,
    "AssociatedInspections": null,
    "ArchiveReason": null,
    "ArchiveProjectName": null,
    "ArchiveDate": null,
    "ArchiveComments": null,
    "ReplacedAssetID": null,
    "FID": null,
    "CreationDate": 1667400748941,
    "Creator": "NLandin_wc",
    "EditDate": 1667486499006,
    "Editor": "melliot_wc",
    "Shape_Length": 62.71120914305255
   },
   "geometry": {
    "type": "LineString",
    "coordinates": [
     [
      -71.0979029735346,
      42.381752578654734
     ],
     [
      -71.0977107718801,
      42.38165610482832
     ]
    ]
   }
  },
  {
   "type": "Feature",
   "properties": {
    "OBJECTID": 493,
    "FACILITYID": "30-5395 : 30-5396",
    "INSTALLDATE": null,
    "Height": 0,
    "Width": 0,
    "LINEDYEAR": " ",
    "LINERTYPE": " ",
    "FROMMH": "30-5395",
    "TOMH": "30-5396",
    "WaterType": "Storm",
    "GraphicType": "Storm",
    "ENABLED": 1,
    "ACTIVEFLAG": 1,
    "OWNEDBY": 1,
    "MAINTBY": 1,
    "SUMFLOW": 0,
    "UPELEV": 60.27,
    "UpstreamIn": 60.27,
    "DOWNELEV": 60.02,
    "Downstream": 60.02,
    "SLOPE": 0.39,
    "SlopeSourc": "DWG",
    "Streetname": "HUDSON ST",
    "CatchArea": " ",
    "Comments": " ",
    "BarrelCount": 0,
    "UnderDiam": 0,
    "UnderMat": " ",
    "FieldBook": " ",
    "LifecycleS": "Active",
    "CIP_Area": 0,
    "LGMLoad3": 9163,
    "MeasuredLength": 0,
    "PossDelete": " ",
    "PlanNum": "TB-045",
    "InstalID_1": " ",
    "UpdateSour": " ",
    "UpdateDesc": " ",
    "LiningType": " ",
    "Owner": "Somerv",
    "Slope_DWG": 0.39,
    "Slope_Tech": 9999,
    "Slope_GIS": 9999,
    "Group_1": 0,
    "SubType_1": 1,
    "Material": "Reinforced Concrete",
    "MatCode": "RC",
    "Diameter": 21,
    "MainShape": "Circular",
    "GlobalID": "{646FDD61-EE05-4EC6-BA86-CC3701A84069}",
    "created_user": "GIS",
    "created_date": 1600300800000,
    "last_edited_user": "GIS",
    "last_edited_date": 1600300800000,
    "LEGACYID": "30-5395 : 30-5396",
    "US_Vert_Datum": " ",
    "DS_Vert_Datum": " ",
    "Dewb_Worked_On": 0,
    "AssetStatus": "Active",
    "AccuracyStatus": "Unknown/Null (accurate = no)",
    "InaccuracyType": null,
    "AccuracyDate": null,
    "AccuracyComments": null,
    "AssociatedInspections": null,
    "ArchiveReason": null,
    "ArchiveProjectName": null,
    "ArchiveDate": null,
    "ArchiveComments": "FY2023 CCTV Inspection",
    "ReplacedAssetID": null,
    "FID": null,
    "CreationDate": 1667400748941,
    "Creator": "NLandin_wc",
    "EditDate": 1685477642943,
    "Editor": "ASchuessler_wc",
    "Shape_Length": 67.77347412756303
   },
   "geometry": {
    "type": "LineString",
    "coordinates": [
     [
      -71.10815134467796,
      42.391071451776426
     ],
     [
      -71.10837169509084,
      42.391160366517404
     ]
    ]
   }
  },
  {
   "type": "Feature",
   "properties": {
    "OBJECTID": 505,
    "FACILITYID": "30-5117 : 30-5118",
    "INSTALLDATE": -2261952000000,
    "Height": 0,
    "Width": 0,
    "LINEDYEAR": " ",
    "LINERTYPE": " ",
    "FROMMH": "30-5117",
    "TOMH": "30-5118",
    "WaterType": "Storm",
    "GraphicType": "Storm",
    "ENABLED": 1,
    "ACTIVEFLAG": 1,
    "OWNEDBY": 1,
    "MAINTBY": 1,
    "SUMFLOW": 0,
    "UPELEV": 25.75,
    "UpstreamIn": 25.75,
    "DOWNELEV": 24.83,
    "Downstream": 24.83,
    "SLOPE": 0.333,
    "SlopeSourc": "DWG",
    "Streetname": "MARSHALL ST",
    "CatchArea": " ",
    "Comments": " ",
    "BarrelCount": 1,
    "UnderDiam": 0,
    "UnderMat": " ",
    "FieldBook": " ",
    "LifecycleS": "Active",
    "CIP_Area": 0,
    "LGMLoad3": 9019,
    "MeasuredLength": 0,
    "PossDelete": " ",
    "PlanNum": "BB-11",
    "InstalID_1": "4/28/1898",
    "UpdateSour": " ",
    "UpdateDesc": " ",
    "LiningType": " ",
    "Owner": "Somerv",
    "Slope_DWG": 0.333,
    "Slope_Tech": 9999,
    "Slope_GIS": 9999,
    "Group_1": 2,
    "SubType_1": 1,
    "Material": "Brick",
    "MatCode": "Br",
    "Diameter": 66,
    "MainShape": "Circular",
    "GlobalID": "{8D94107F-7049-4BBE-B8E8-AE228B06142C}",
    "created_user": "GIS",
    "created_date": 1600300800000,
    "last_edited_user": "GIS",
    "last_edited_date": 1600300800000,
    "LEGACYID": "30-5117 : 30-5118",
    "US_Vert_Datum": " ",
    "DS_Vert_Datum": " ",
    "Dewb_Worked_On": 0,
    "AssetStatus": "Active",
    "AccuracyStatus": "Unknown/Null (accurate = no)",
    "InaccuracyType": null,
    "AccuracyDate": null,
    "AccuracyComments": null,
    "AssociatedInspections": null,
    "ArchiveReason": null,
    "ArchiveProjectName": null,
    "ArchiveDate": null,
    "ArchiveComments": null,
    "ReplacedAssetID": null,
    "FID": null,
    "CreationDate": 1667400748941,
    "Creator": "NLandin_wc",
    "EditDate": 1667486499523,
    "Editor": "melliot_wc",
    "Shape_Length": 277.32016222028915
   },
   "geometry": {
    "type": "LineString",
    "coordinates": [
     [
      -71.09491970555077,
      42.389522105418
     ],
     [
      -71.09487116149556,
      42.38959417947983
     ],
     [
      -71.09485840455538,
      42.389614473745496
     ],
     [
      -71.09448632801404,
      42.39021190760914
     ]
    ]
   }
  },
  {
   "type": "Feature",
   "properties": {
    "OBJECTID": 529,
    "FACILITYID": "FIT-402 : 30-5112",
    "INSTALLDATE": -2195337600000,
    "Height": 0,
    "Width": 0,
    "LINEDYEAR": " ",
    "LINERTYPE": " ",
    "FROMMH": "FIT-402",
    "TOMH": "30-5112",
    "WaterType": "Storm",
    "GraphicType": "Storm",
    "ENABLED": 1,
    "ACTIVEFLAG": 1,
    "OWNEDBY": 1,
    "MAINTBY": 1,
    "SUMFLOW": 0,
    "UPELEV": 33.9,
    "UpstreamIn": 33.9,
    "DOWNELEV": 31.74,
    "Downstream": 31.74,
    "SLOPE": 0.5,
    "SlopeSourc": "DWG",
    "Streetname": "RICHDALE AVE",
    "CatchArea": " ",
    "Comments": " ",
    "BarrelCount": 1,
    "UnderDiam": 0,
    "UnderMat": " ",
    "FieldBook": " ",
    "LifecycleS": "Active",
    "CIP_Area": 0,
    "LGMLoad3": 8247,
    "MeasuredLength": 0,
    "PossDelete": " ",
    "PlanNum": "BB-15",
    "InstalID_1": "6/8/1900",
    "UpdateSour": " ",
    "UpdateDesc": " ",
    "LiningType": " ",
    "Owner": "Somerv",
    "Slope_DWG": 0.5,
    "Slope_Tech": 9999,
    "Slope_GIS": 9999,
    "Group_1": 2,
    "SubType_1": 1,
    "Material": "Vitrified Clay",
    "MatCode": "VC",
    "Diameter": 18,
    "MainShape": "Circular",
    "GlobalID": "{0B86D119-7D8D-4C0F-BED7-7DAE422A91E5}",
    "created_user": "GIS",
    "created_date": 1600300800000,
    "last_edited_user": "GIS",
    "last_edited_date": 1600300800000,
    "LEGACYID": "FIT-402 : 30-5112",
    "US_Vert_Datum": " ",
    "DS_Vert_Datum": " ",
    "Dewb_Worked_On": 0,
    "AssetStatus": "Active",
    "AccuracyStatus": "Unknown/Null (accurate = no)",
    "InaccuracyType": null,
    "AccuracyDate": null,
    "AccuracyComments": null,
    "AssociatedInspections": null,
    "ArchiveReason": null,
    "ArchiveProjectName": null,
    "ArchiveDate": null,
    "ArchiveComments": null,
    "ReplacedAssetID": null,
    "FID": null,
    "CreationDate": 1667400748941,
    "Creator": "NLandin_wc",
    "EditDate": 1667486499805,
    "Editor": "melliot_wc",
    "Shape_Length": 393.96025723804144
   },
   "geometry": {
    "type": "LineString",
    "coordinates": [
     [
      -71.09838858410463,
      42.3892653266181
     ],
     [
      -71.09753571679276,
      42.38887287994545
     ],
     [
      -71.09750877690476,
      42.38886421322203
     ],
     [
      -71.0974847052637,
      42.3888605566953
     ],
     [
      -71.09746350094206,
      42.38885976589084
     ],
     [
      -71.09743794286906,
      42.38886182184849
     ],
     [
      -71.0974167066837,
      42.38886603559449
     ],
     [
      -71.09739690690505,
      42.38887239433417
     ],
     [
      -71.09737321120673,
      42.38888446253389
     ],
     [
      -71.09735723052297,
      42.38889583930102
     ],
     [
      -71.09734511400816,
      42.38890687307654
     ],
     [
      -71.09733538750658,
      42.38892077451195
     ],
     [
      -71.09730925239245,
      42.38895908459938
     ],
     [
      -71.09723831733089,
      42.389066151798026
     ]
    ]
   }
  },
  {
   "type": "Feature",
   "properties": {
    "OBJECTID": 533,
    "FACILITYID": "C2-5682 : C2-5683",
    "INSTALLDATE": null,
    "Height": 0,
    "Width": 0,
    "LINEDYEAR": " ",
    "LINERTYPE": " ",
    "FROMMH": "C2-5682",
    "TOMH": "C2-5683",
    "WaterType": "Storm",
    "GraphicType": "Storm",
    "ENABLED": 1,
    "ACTIVEFLAG": 1,
    "OWNEDBY": 1,
    "MAINTBY": 1,
    "SUMFLOW": 0,
    "UPELEV": 0,
    "UpstreamIn": 0,
    "DOWNELEV": 0,
    "Downstream": 0,
    "SLOPE": 0,
    "SlopeSourc": " ",
    "Streetname": "BERKELEY ST",
    "CatchArea": " ",
    "Comments": " ",
    "BarrelCount": 0,
    "UnderDiam": 0,
    "UnderMat": " ",
    "FieldBook": " ",
    "LifecycleS": " ",
    "CIP_Area": 0,
    "LGMLoad3": 10665,
    "MeasuredLength": 223,
    "PossDelete": " ",
    "PlanNum": "I-01",
    "InstalID_1": " ",
    "UpdateSour": " ",
    "UpdateDesc": " ",
    "LiningType": " ",
    "Owner": " ",
    "Slope_DWG": 0,
    "Slope_Tech": 0,
    "Slope_GIS": 0,
    "Group_1": 0,
    "SubType_1": 0,
    "Material": "Vitrified Clay",
    "MatCode": "VC",
    "Diameter": 24,
    "MainShape": "Circular",
    "GlobalID": "{6BD32108-D094-4023-BBCC-11DA15A50613}",
    "created_user": "GIS",
    "created_date": 1600300800000,
    "last_edited_user": "GIS",
    "last_edited_date": 1600300800000,
    "LEGACYID": "C2-5682 : C2-5683",
    "US_Vert_Datum": " ",
    "DS_Vert_Datum": " ",
    "Dewb_Worked_On": 0,
    "AssetStatus": "Active",
    "AccuracyStatus": "Unknown/Null (accurate = no)",
    "InaccuracyType": null,
    "AccuracyDate": null,
    "AccuracyComments": null,
    "AssociatedInspections": null,
    "ArchiveReason": null,
    "ArchiveProjectName": null,
    "ArchiveDate": null,
    "ArchiveComments": null,
    "ReplacedAssetID": null,
    "FID": null,
    "CreationDate": 1667400748941,
    "Creator": "NLandin_wc",
    "EditDate": 1667486499853,
    "Editor": "melliot_wc",
    "Shape_Length": 221.80585059781322
   },
   "geometry": {
    "type": "LineString",
    "coordinates": [
     [
      -71.1027247203033,
      42.38661112489205
     ],
     [
      -71.10198461339887,
      42.38634765700057
     ]
    ]
   }
  },
  {
   "type": "Feature",
   "properties": {
    "OBJECTID": 535,
    "FACILITYID": "S2-6308 : S2-6309",
    "INSTALLDATE": null,
    "Height": 0,
    "Width": 0,
    "LINEDYEAR": " ",
    "LINERTYPE": " ",
    "FROMMH": "S2-6308",
    "TOMH": "S2-6309",
    "WaterType": "Storm",
    "GraphicType": "Storm",
    "ENABLED": 1,
    "ACTIVEFLAG": 1,
    "OWNEDBY": 1,
    "MAINTBY": 1,
    "SUMFLOW": 0,
    "UPELEV": 0,
    "UpstreamIn": 0,
    "DOWNELEV": 0,
    "Downstream": 0,
    "SLOPE": 0,
    "SlopeSourc": " ",
    "Streetname": "MEDFORD ST",
    "CatchArea": " ",
    "Comments": " ",
    "BarrelCount": 0,
    "UnderDiam": 0,
    "UnderMat": " ",
    "FieldBook": " ",
    "LifecycleS": " ",
    "CIP_Area": 0,
    "LGMLoad3": 11198,
    "MeasuredLength": 0,
    "PossDelete": " ",
    "PlanNum": "Unknown",
    "InstalID_1": " ",
    "UpdateSour": " ",
    "UpdateDesc": " ",
    "LiningType": " ",
    "Owner": " ",
    "Slope_DWG": 0,
    "Slope_Tech": 0,
    "Slope_GIS": 0,
    "Group_1": 0,
    "SubType_1": 0,
    "Material": "Reinforced Concrete",
    "MatCode": "RC",
    "Diameter": 12,
    "MainShape": "Circular",
    "GlobalID": "{837C5CE2-D81C-4B66-9463-E0721066A675}",
    "created_user": "GIS",
    "created_date": 1600300800000,
    "last_edited_user": "GIS",
    "last_edited_date": 1600300800000,
    "LEGACYID": "S2-6308 : S2-6309",
    "US_Vert_Datum": " ",
    "DS_Vert_Datum": " ",
    "Dewb_Worked_On": 0,
    "AssetStatus": "Active",
    "AccuracyStatus": "Unknown/Null (accurate = no)",
    "InaccuracyType": null,
    "AccuracyDate": null,
    "AccuracyComments": null,
    "AssociatedInspections": null,
    "ArchiveReason": null,
    "ArchiveProjectName": null,
    "ArchiveDate": null,
    "ArchiveComments": "FY2023 CCTV Inspection",
    "ReplacedAssetID": null,
    "FID": null,
    "CreationDate": 1667400748941,
    "Creator": "NLandin_wc",
    "EditDate": 1685113742885,
    "Editor": "melliot_wc",
    "Shape_Length": 59.855933719538356
   },
   "geometry": {
    "type": "LineString",
    "coordinates": [
     [
      -71.09511990777168,
      42.38702846140691
     ],
     [
      -71.09530391507192,
      42.38711994731662
     ]
    ]
   }
  },
  {
   "type": "Feature",
   "properties": {
    "OBJECTID": 541,
    "FACILITYID": "FIT-1498 : C2-6283",
    "INSTALLDATE": null,
    "Height": 0,
    "Width": 0,
    "LINEDYEAR": " ",
    "LINERTYPE": " ",
    "FROMMH": "FIT-1498",
    "TOMH": "C2-6283",
    "WaterType": "Storm",
    "GraphicType": "Storm",
    "ENABLED": 1,
    "ACTIVEFLAG": 1,
    "OWNEDBY": 1,
    "MAINTBY": 1,
    "SUMFLOW": 0,
    "UPELEV": 0,
    "UpstreamIn": 0,
    "DOWNELEV": 0,
    "Downstream": 0,
    "SLOPE": 0,
    "SlopeSourc": " ",
    "Streetname": "CROSS COUNTRY, HIGHLAND AVE",
    "CatchArea": " ",
    "Comments": " ",
    "BarrelCount": 0,
    "UnderDiam": 0,
    "UnderMat": " ",
    "FieldBook": " ",
    "LifecycleS": " ",
    "CIP_Area": 0,
    "LGMLoad3": 11151,
    "MeasuredLength": 86,
    "PossDelete": " ",
    "PlanNum": "Unknown",
    "InstalID_1": " ",
    "UpdateSour": " ",
    "UpdateDesc": " ",
    "LiningType": " ",
    "Owner": " ",
    "Slope_DWG": 0,
    "Slope_Tech": 0,
    "Slope_GIS": 0,
    "Group_1": 0,
    "SubType_1": 0,
    "Material": "Vitrified Clay",
    "MatCode": "VC",
    "Diameter": 8,
    "MainShape": "Circular",
    "GlobalID": "{338D80DB-3F90-452C-B938-92BA25ACDFE3}",
    "created_user": "GIS",
    "created_date": 1600300800000,
    "last_edited_user": "GIS",
    "last_edited_date": 1600300800000,
    "LEGACYID": "FIT-1498 : C2-6283",
    "US_Vert_Datum": " ",
    "DS_Vert_Datum": " ",
    "Dewb_Worked_On": 0,
    "AssetStatus": "Active",
    "AccuracyStatus": "Unknown/Null (accurate = no)",
    "InaccuracyType": null,
    "AccuracyDate": null,
    "AccuracyComments": null,
    "AssociatedInspections": null,
    "ArchiveReason": null,
    "ArchiveProjectName": null,
    "ArchiveDate": null,
    "ArchiveComments": "FY2023 CCTV Inspection",
    "ReplacedAssetID": null,
    "FID": null,
    "CreationDate": 1667400748941,
    "Creator": "NLandin_wc",
    "EditDate": 1685113742900,
    "Editor": "melliot_wc",
    "Shape_Length": 72.50470849256195
   },
   "geometry": {
    "type": "LineString",
    "coordinates": [
     [
      -71.09658931298533,
      42.38647449923047
     ],
     [
      -71.09646809337994,
      42.38629699476978
     ]
    ]
   }
  },
  {
   "type": "Feature",
   "properties": {
    "OBJECTID": 563,
    "FACILITYID": "30-5119 : 30-5113",
    "INSTALLDATE": -2261952000000,
    "Height": 0,
    "Width": 0,
    "LINEDYEAR": " ",
    "LINERTYPE": " ",
    "FROMMH": "30-5119",
    "TOMH": "30-5113",
    "WaterType": "Storm",
    "GraphicType": "Storm",
    "ENABLED": 1,
    "ACTIVEFLAG": 1,
    "OWNEDBY": 1,
    "MAINTBY": 1,
    "SUMFLOW": 0,
    "UPELEV": 23.97,
    "UpstreamIn": 23.97,
    "DOWNELEV": 22.99,
    "Downstream": 22.99,
    "SLOPE": 0.333,
    "SlopeSourc": "DWG",
    "Streetname": "MARSHALL ST",
    "CatchArea": " ",
    "Comments": " ",
    "BarrelCount": 1,
    "UnderDiam": 0,
    "UnderMat": " ",
    "FieldBook": " ",
    "LifecycleS": "Active",
    "CIP_Area": 0,
    "LGMLoad3": 9021,
    "MeasuredLength": 0,
    "PossDelete": " ",
    "PlanNum": "BB-11",
    "InstalID_1": "4/28/1898",
    "UpdateSour": " ",
    "UpdateDesc": " ",
    "LiningType": " ",
    "Owner": "Somerv",
    "Slope_DWG": 0.333,
    "Slope_Tech": 9999,
    "Slope_GIS": 9999,
    "Group_1": 2,
    "SubType_1": 1,
    "Material": "Brick",
    "MatCode": "Br",
    "Diameter": 66,
    "MainShape": "Circular",
    "GlobalID": "{159C8FE1-5FF4-4A57-9E6A-FFA878D722F9}",
    "created_user": "GIS",
    "created_date": 1600300800000,
    "last_edited_user": "GIS",
    "last_edited_date": 1600300800000,
    "LEGACYID": "30-5119 : 30-5113",
    "US_Vert_Datum": " ",
    "DS_Vert_Datum": " ",
    "Dewb_Worked_On": 0,
    "AssetStatus": "Active",
    "AccuracyStatus": "Unknown/Null (accurate = no)",
    "InaccuracyType": null,
    "AccuracyDate": null,
    "AccuracyComments": null,
    "AssociatedInspections": null,
    "ArchiveReason": null,
    "ArchiveProjectName": null,
    "ArchiveDate": null,
    "ArchiveComments": null,
    "ReplacedAssetID": null,
    "FID": null,
    "CreationDate": 1667400748941,
    "Creator": "NLandin_wc",
    "EditDate": 1667486500089,
    "Editor": "melliot_wc",
    "Shape_Length": 229.87325554247664
   },
   "geometry": {
    "type": "LineString",
    "coordinates": [
     [
      -71.0940806174784,
      42.39085416095626
     ],
     [
      -71.09385528360993,
      42.39120986499341
     ],
     [
      -71.09374816166412,
      42.39138036400498
     ],
     [
      -71.09373795820086,
      42.39139176156436
     ],
     [
      -71.09372537095642,
      42.39140065422372
     ],
     [
      -71.09371134768887,
      42.39140810766177
     ],
     [
      -71.09369917343894,
      42.391413209787984
     ]
    ]
   }
  },
  {
   "type": "Feature",
   "properties": {
    "OBJECTID": 592,
    "FACILITYID": "FIT-752 : 30-5120",
    "INSTALLDATE": -1148947200000,
    "Height": 0,
    "Width": 0,
    "LINEDYEAR": " ",
    "LINERTYPE": " ",
    "FROMMH": "FIT-752",
    "TOMH": "30-5120",
    "WaterType": "Storm",
    "GraphicType": "Storm",
    "ENABLED": 1,
    "ACTIVEFLAG": 1,
    "OWNEDBY": 1,
    "MAINTBY": 1,
    "SUMFLOW": 0,
    "UPELEV": 43,
    "UpstreamIn": 43,
    "DOWNELEV": 41,
    "Downstream": 41,
    "SLOPE": 1,
    "SlopeSourc": "DWG",
    "Streetname": "THURSTON ST",
    "CatchArea": " ",
    "Comments": "PIPE NOT SHOWN ON CITY MAP",
    "BarrelCount": 1,
    "UnderDiam": 0,
    "UnderMat": " ",
    "FieldBook": " ",
    "LifecycleS": "Active",
    "CIP_Area": 0,
    "LGMLoad3": 5937,
    "MeasuredLength": 0,
    "PossDelete": " ",
    "PlanNum": "PF-152",
    "InstalID_1": "8/5/1933",
    "UpdateSour": " ",
    "UpdateDesc": " ",
    "LiningType": " ",
    "Owner": "Somerv",
    "Slope_DWG": 1,
    "Slope_Tech": 9999,
    "Slope_GIS": 9999,
    "Group_1": 4,
    "SubType_1": 1,
    "Material": "Unknown",
    "MatCode": "Unk",
    "Diameter": 8,
    "MainShape": "Circular",
    "GlobalID": "{DB8E7AEE-5B24-43ED-BBFD-28831FC7A872}",
    "created_user": "GIS",
    "created_date": 1600300800000,
    "last_edited_user": "GIS",
    "last_edited_date": 1600300800000,
    "LEGACYID": "FIT-752 : 30-5120",
    "US_Vert_Datum": " ",
    "DS_Vert_Datum": " ",
    "Dewb_Worked_On": 0,
    "AssetStatus": "Active",
    "AccuracyStatus": "Verification Check Needed (accurate = no)",
    "InaccuracyType": "More Info Needed",
    "AccuracyDate": 1667520000000,
    "AccuracyComments": "PIPE NOT SHOWN ON CITY MAP",
    "AssociatedInspections": null,
    "ArchiveReason": null,
    "ArchiveProjectName": null,
    "ArchiveDate": null,
    "ArchiveComments": null,
    "ReplacedAssetID": null,
    "FID": null,
    "CreationDate": 1667400748941,
    "Creator": "NLandin_wc",
    "EditDate": 1667576599144,
    "Editor": "NLandin_wc",
    "Shape_Length": 200.69760737209782
   },
   "geometry": {
    "type": "LineString",
    "coordinates": [
     [
      -71.09820703283708,
      42.3910005422614
     ],
     [
      -71.09819315956553,
      42.39098334344445
     ],
     [
      -71.09818602185496,
      42.39096902294094
     ],
     [
      -71.09818033145775,
      42.390953997168566
     ],
     [
      -71.09817658478926,
      42.39093755123649
     ],
     [
      -71.09817571449307,
      42.39092218398368
     ],
     [
      -71.09817871864337,
      42.3909046848886
     ],
     [
      -71.09818312697415,
      42.39089326670053
     ],
     [
      -71.09845196144327,
      42.3905029659781
     ]
    ]
   }
  },
  {
   "type": "Feature",
   "properties": {
    "OBJECTID": 600,
    "FACILITYID": "C2-5680 : C2-5682",
    "INSTALLDATE": null,
    "Height": 0,
    "Width": 0,
    "LINEDYEAR": " ",
    "LINERTYPE": " ",
    "FROMMH": "C2-5680",
    "TOMH": "C2-5682",
    "WaterType": "Storm",
    "GraphicType": "Storm",
    "ENABLED": 1,
    "ACTIVEFLAG": 1,
    "OWNEDBY": 1,
    "MAINTBY": 1,
    "SUMFLOW": 0,
    "UPELEV": 0,
    "UpstreamIn": 0,
    "DOWNELEV": 0,
    "Downstream": 0,
    "SLOPE": 0,
    "SlopeSourc": " ",
    "Streetname": "BERKELEY ST",
    "CatchArea": " ",
    "Comments": " ",
    "BarrelCount": 0,
    "UnderDiam": 0,
    "UnderMat": " ",
    "FieldBook": " ",
    "LifecycleS": " ",
    "CIP_Area": 0,
    "LGMLoad3": 10664,
    "MeasuredLength": 233,
    "PossDelete": " ",
    "PlanNum": "I-01",
    "InstalID_1": " ",
    "UpdateSour": " ",
    "UpdateDesc": " ",
    "LiningType": " ",
    "Owner": " ",
    "Slope_DWG": 0,
    "Slope_Tech": 0,
    "Slope_GIS": 0,
    "Group_1": 0,
    "SubType_1": 0,
    "Material": "Vitrified Clay",
    "MatCode": "VC",
    "Diameter": 24,
    "MainShape": "Circular",
    "GlobalID": "{D1F57DF4-4272-4899-9E37-155BCDCB1740}",
    "created_user": "GIS",
    "created_date": 1600300800000,
    "last_edited_user": "GIS",
    "last_edited_date": 1600300800000,
    "LEGACYID": "C2-5680 : C2-5682",
    "US_Vert_Datum": " ",
    "DS_Vert_Datum": " ",
    "Dewb_Worked_On": 0,
    "AssetStatus": "Active",
    "AccuracyStatus": "Unknown/Null (accurate = no)",
    "InaccuracyType": null,
    "AccuracyDate": null,
    "AccuracyComments": null,
    "AssociatedInspections": null,
    "ArchiveReason": null,
    "ArchiveProjectName": null,
    "ArchiveDate": null,
    "ArchiveComments": null,
    "ReplacedAssetID": null,
    "FID": null,
    "CreationDate": 1667400748941,
    "Creator": "NLandin_wc",
    "EditDate": 1667486500449,
    "Editor": "melliot_wc",
    "Shape_Length": 233.15930886084237
   },
   "geometry": {
    "type": "LineString",
    "coordinates": [
     [
      -71.10350377608239,
      42.38688643308762
     ],
     [
      -71.1027247203033,
      42.38661112489205
     ]
    ]
   }
  },
  {
   "type": "Feature",
   "properties": {
    "OBJECTID": 605,
    "FACILITYID": "30-6440 : FIT-1300",
    "INSTALLDATE": null,
    "Height": 0,
    "Width": 0,
    "LINEDYEAR": " ",
    "LINERTYPE": " ",
    "FROMMH": "30-6440",
    "TOMH": "FIT-1300",
    "WaterType": "Storm",
    "GraphicType": "Storm",
    "ENABLED": 1,
    "ACTIVEFLAG": 1,
    "OWNEDBY": 1,
    "MAINTBY": 1,
    "SUMFLOW": 0,
    "UPELEV": 9999,
    "UpstreamIn": 9999,
    "DOWNELEV": 9999,
    "Downstream": 9999,
    "SLOPE": 0,
    "SlopeSourc": " ",
    "Streetname": "BOSTON & MAINE RAILROAD",
    "CatchArea": " ",
    "Comments": "ASSUMED CONNECTION  FROM CENTRAL ST BRIDGE PLANS",
    "BarrelCount": 0,
    "UnderDiam": 0,
    "UnderMat": " ",
    "FieldBook": " ",
    "LifecycleS": "Active",
    "CIP_Area": 0,
    "LGMLoad3": 9215,
    "MeasuredLength": 0,
    "PossDelete": " ",
    "PlanNum": "SEE COMMENTS",
    "InstalID_1": " ",
    "UpdateSour": " ",
    "UpdateDesc": " ",
    "LiningType": " ",
    "Owner": "Somerv",
    "Slope_DWG": 9999,
    "Slope_Tech": 9999,
    "Slope_GIS": 9999,
    "Group_1": 0,
    "SubType_1": 1,
    "Material": "Unknown",
    "MatCode": "Unk",
    "Diameter": 12,
    "MainShape": "Circular",
    "GlobalID": "{5F797CE7-5A85-4298-AB35-F8556E011669}",
    "created_user": "GIS",
    "created_date": 1600300800000,
    "last_edited_user": "GIS",
    "last_edited_date": 1600300800000,
    "LEGACYID": "30-6440 : FIT-1300",
    "US_Vert_Datum": " ",
    "DS_Vert_Datum": " ",
    "Dewb_Worked_On": 0,
    "AssetStatus": "Active",
    "AccuracyStatus": "Unknown/Null (accurate = no)",
    "InaccuracyType": null,
    "AccuracyDate": null,
    "AccuracyComments": null,
    "AssociatedInspections": null,
    "ArchiveReason": null,
    "ArchiveProjectName": null,
    "ArchiveDate": null,
    "ArchiveComments": null,
    "ReplacedAssetID": null,
    "FID": null,
    "CreationDate": 1667400748941,
    "Creator": "NLandin_wc",
    "EditDate": 1667486500527,
    "Editor": "melliot_wc",
    "Shape_Length": 3.383923105919726
   },
   "geometry": {
    "type": "LineString",
    "coordinates": [
     [
      -71.1019215545377,
      42.39024861647678
     ],
     [
      -71.10191401083239,
      42.39025602940872
     ]
    ]
   }
  },
  {
   "type": "Feature",
   "properties": {
    "OBJECTID": 619,
    "FACILITYID": "C2-5770 : C2-900",
    "INSTALLDATE": null,
    "Height": 0,
    "Width": 0,
    "LINEDYEAR": " ",
    "LINERTYPE": " ",
    "FROMMH": "C2-5770",
    "TOMH": "C2-900",
    "WaterType": "Storm",
    "GraphicType": "Storm",
    "ENABLED": 1,
    "ACTIVEFLAG": 1,
    "OWNEDBY": 1,
    "MAINTBY": 1,
    "SUMFLOW": 0,
    "UPELEV": 0,
    "UpstreamIn": 0,
    "DOWNELEV": 0,
    "Downstream": 0,
    "SLOPE": 0,
    "SlopeSourc": " ",
    "Streetname": "BEECH ST",
    "CatchArea": " ",
    "Comments": " ",
    "BarrelCount": 0,
    "UnderDiam": 0,
    "UnderMat": " ",
    "FieldBook": " ",
    "LifecycleS": " ",
    "CIP_Area": 0,
    "LGMLoad3": 0,
    "MeasuredLength": 0,
    "PossDelete": " ",
    "PlanNum": "CITY MAP",
    "InstalID_1": " ",
    "UpdateSour": " ",
    "UpdateDesc": " ",
    "LiningType": " ",
    "Owner": " ",
    "Slope_DWG": 0,
    "Slope_Tech": 0,
    "Slope_GIS": 0,
    "Group_1": 0,
    "SubType_1": 0,
    "Material": "Polyvinyl Chloride",
    "MatCode": "PC",
    "Diameter": 10,
    "MainShape": "Circular",
    "GlobalID": "{1307509C-19A0-4A0C-991E-CF56859116E1}",
    "created_user": "GIS",
    "created_date": 1600300800000,
    "last_edited_user": "GIS",
    "last_edited_date": 1600300800000,
    "LEGACYID": "C2-5770 : C2-900",
    "US_Vert_Datum": " ",
    "DS_Vert_Datum": " ",
    "Dewb_Worked_On": 0,
    "AssetStatus": "Active",
    "AccuracyStatus": "Unknown/Null (accurate = no)",
    "InaccuracyType": null,
    "AccuracyDate": null,
    "AccuracyComments": null,
    "AssociatedInspections": null,
    "ArchiveReason": null,
    "ArchiveProjectName": null,
    "ArchiveDate": null,
    "ArchiveComments": null,
    "ReplacedAssetID": null,
    "FID": null,
    "CreationDate": 1667400748941,
    "Creator": "NLandin_wc",
    "EditDate": 1667486500700,
    "Editor": "melliot_wc",
    "Shape_Length": 10.386446807442976
   },
   "geometry": {
    "type": "LineString",
    "coordinates": [
     [
      -71.10794429500801,
      42.38359972386082
     ],
     [
      -71.10797546866075,
      42.38361640249574
     ]
    ]
   }
  },
  {
   "type": "Feature",
   "properties": {
    "OBJECTID": 627,
    "FACILITYID": "S2-1848 : FIT-402",
    "INSTALLDATE": -2195337600000,
    "Height": 0,
    "Width": 0,
    "LINEDYEAR": " ",
    "LINERTYPE": " ",
    "FROMMH": "S2-1848",
    "TOMH": "FIT-402",
    "WaterType": "Storm",
    "GraphicType": "Storm",
    "ENABLED": 1,
    "ACTIVEFLAG": 1,
    "OWNEDBY": 1,
    "MAINTBY": 1,
    "SUMFLOW": 0,
    "UPELEV": 34.1,
    "UpstreamIn": 34.1,
    "DOWNELEV": 33.9,
    "Downstream": 33.9,
    "SLOPE": 0.5,
    "SlopeSourc": "DWG",
    "Streetname": "RICHDALE AVE",
    "CatchArea": " ",
    "Comments": " ",
    "BarrelCount": 1,
    "UnderDiam": 0,
    "UnderMat": " ",
    "FieldBook": " ",
    "LifecycleS": "Active",
    "CIP_Area": 0,
    "LGMLoad3": 8246,
    "MeasuredLength": 0,
    "PossDelete": " ",
    "PlanNum": "BB-15",
    "InstalID_1": "6/8/1900",
    "UpdateSour": " ",
    "UpdateDesc": " ",
    "LiningType": " ",
    "Owner": "Somerv",
    "Slope_DWG": 0.5,
    "Slope_Tech": 9999,
    "Slope_GIS": 9999,
    "Group_1": 2,
    "SubType_1": 1,
    "Material": "Vitrified Clay",
    "MatCode": "VC",
    "Diameter": 12,
    "MainShape": "Circular",
    "GlobalID": "{6BC97E5F-F6BC-403E-A19B-11251FBCCF71}",
    "created_user": "GIS",
    "created_date": 1600300800000,
    "last_edited_user": "GIS",
    "last_edited_date": 1600300800000,
    "LEGACYID": "S2-1848 : FIT-402",
    "US_Vert_Datum": " ",
    "DS_Vert_Datum": " ",
    "Dewb_Worked_On": 0,
    "AssetStatus": "Active",
    "AccuracyStatus": "Unknown/Null (accurate = no)",
    "InaccuracyType": null,
    "AccuracyDate": null,
    "AccuracyComments": null,
    "AssociatedInspections": null,
    "ArchiveReason": null,
    "ArchiveProjectName": null,
    "ArchiveDate": null,
    "ArchiveComments": null,
    "ReplacedAssetID": null,
    "FID": null,
    "CreationDate": 1667400748941,
    "Creator": "NLandin_wc",
    "EditDate": 1667486500779,
    "Editor": "melliot_wc",
    "Shape_Length": 35.95596519521539
   },
   "geometry": {
    "type": "LineString",
    "coordinates": [
     [
      -71.09849721220044,
      42.38932233798084
     ],
     [
      -71.09838858410463,
      42.3892653266181
     ]
    ]
   }
  },
  {
   "type": "Feature",
   "properties": {
    "OBJECTID": 638,
    "FACILITYID": "FIT-1466 : FIT-1465_2",
    "INSTALLDATE": -1138752000000,
    "Height": 0,
    "Width": 0,
    "LINEDYEAR": " ",
    "LINERTYPE": " ",
    "FROMMH": "FIT-1466",
    "TOMH": "FIT-1465",
    "WaterType": "Storm",
    "GraphicType": "StormOverSanitary",
    "ENABLED": 1,
    "ACTIVEFLAG": 1,
    "OWNEDBY": 1,
    "MAINTBY": 1,
    "SUMFLOW": 0,
    "UPELEV": 20.05,
    "UpstreamIn": 20.05,
    "DOWNELEV": 16.2,
    "Downstream": 16.2,
    "SLOPE": 42.8369451,
    "SlopeSourc": "DWG",
    "Streetname": "GRANITE ST",
    "CatchArea": " ",
    "Comments": "ACTUALLY SANITARY OVER STORM",
    "BarrelCount": 0,
    "UnderDiam": 0,
    "UnderMat": " ",
    "FieldBook": " ",
    "LifecycleS": "Active",
    "CIP_Area": 8,
    "LGMLoad3": 5069,
    "MeasuredLength": 0,
    "PossDelete": " ",
    "PlanNum": "PF-086,P-02",
    "InstalID_1": "12/1/1933",
    "UpdateSour": " ",
    "UpdateDesc": " ",
    "LiningType": " ",
    "Owner": "Somerv",
    "Slope_DWG": 2.16,
    "Slope_Tech": 9999,
    "Slope_GIS": 9999,
    "Group_1": 4,
    "SubType_1": 1,
    "Material": "Unknown",
    "MatCode": "Unk",
    "Diameter": 12,
    "MainShape": "Circular",
    "GlobalID": "{1B3E418B-06EF-41CA-9454-EEC6D97E50B5}",
    "created_user": "GIS",
    "created_date": 1600300800000,
    "last_edited_user": "GISEDITOR",
    "last_edited_date": 1600473600000,
    "LEGACYID": "FIT-1466 : FIT-1465",
    "US_Vert_Datum": " ",
    "DS_Vert_Datum": " ",
    "Dewb_Worked_On": 0,
    "AssetStatus": "Active",
    "AccuracyStatus": "Unknown/Null (accurate = no)",
    "InaccuracyType": null,
    "AccuracyDate": null,
    "AccuracyComments": null,
    "AssociatedInspections": null,
    "ArchiveReason": null,
    "ArchiveProjectName": null,
    "ArchiveDate": null,
    "ArchiveComments": null,
    "ReplacedAssetID": null,
    "FID": null,
    "CreationDate": 1667400748941,
    "Creator": "NLandin_wc",
    "EditDate": 1667486500920,
    "Editor": "melliot_wc",
    "Shape_Length": 8.987724562580825
   },
   "geometry": {
    "type": "LineString",
    "coordinates": [
     [
      -71.10334021006786,
      42.38257708379415
     ],
     [
      -71.10335612020468,
      42.382555424707355
     ]
    ]
   }
  },
  {
   "type": "Feature",
   "properties": {
    "OBJECTID": 645,
    "FACILITYID": "C2-5719 : C2-2787",
    "INSTALLDATE": null,
    "Height": 0,
    "Width": 0,
    "LINEDYEAR": " ",
    "LINERTYPE": " ",
    "FROMMH": "C2-5719",
    "TOMH": "C2-2787",
    "WaterType": "Storm",
    "GraphicType": "Storm",
    "ENABLED": 1,
    "ACTIVEFLAG": 1,
    "OWNEDBY": 1,
    "MAINTBY": 1,
    "SUMFLOW": 0,
    "UPELEV": 0,
    "UpstreamIn": 0,
    "DOWNELEV": 0,
    "Downstream": 0,
    "SLOPE": 0,
    "SlopeSourc": " ",
    "Streetname": "PROSPECT HILL PKWY",
    "CatchArea": " ",
    "Comments": " ",
    "BarrelCount": 0,
    "UnderDiam": 0,
    "UnderMat": " ",
    "FieldBook": " ",
    "LifecycleS": " ",
    "CIP_Area": 0,
    "LGMLoad3": 11319,
    "MeasuredLength": 144,
    "PossDelete": " ",
    "PlanNum": "Unknown",
    "InstalID_1": " ",
    "UpdateSour": " ",
    "UpdateDesc": " ",
    "LiningType": " ",
    "Owner": " ",
    "Slope_DWG": 0,
    "Slope_Tech": 0,
    "Slope_GIS": 0,
    "Group_1": 0,
    "SubType_1": 0,
    "Material": "Vitrified Clay",
    "MatCode": "VC",
    "Diameter": 6,
    "MainShape": "Circular",
    "GlobalID": "{ACA198F8-041B-4962-9A0F-A727E812A6ED}",
    "created_user": "GIS",
    "created_date": 1600300800000,
    "last_edited_user": "GIS",
    "last_edited_date": 1600300800000,
    "LEGACYID": "C2-5719 : C2-2787",
    "US_Vert_Datum": " ",
    "DS_Vert_Datum": " ",
    "Dewb_Worked_On": 0,
    "AssetStatus": "Active",
    "AccuracyStatus": "Unknown/Null (accurate = no)",
    "InaccuracyType": null,
    "AccuracyDate": null,
    "AccuracyComments": null,
    "AssociatedInspections": null,
    "ArchiveReason": null,
    "ArchiveProjectName": null,
    "ArchiveDate": null,
    "ArchiveComments": null,
    "ReplacedAssetID": null,
    "FID": null,
    "CreationDate": 1667400748941,
    "Creator": "NLandin_wc",
    "EditDate": 1667486501016,
    "Editor": "melliot_wc",
    "Shape_Length": 142.98753243235802
   },
   "geometry": {
    "type": "LineString",
    "coordinates": [
     [
      -71.0940473848691,
      42.381684031418224
     ],
     [
      -71.09436286876088,
      42.3813690048726
     ]
    ]
   }
  },
  {
   "type": "Feature",
   "properties": {
    "OBJECTID": 667,
    "FACILITYID": "C2-5126 : FIT-1482",
    "INSTALLDATE": -2255299200000,
    "Height": 0,
    "Width": 0,
    "LINEDYEAR": " ",
    "LINERTYPE": " ",
    "FROMMH": "C2-5126",
    "TOMH": "FIT-1482",
    "WaterType": "Storm",
    "GraphicType": "Storm",
    "ENABLED": 1,
    "ACTIVEFLAG": 1,
    "OWNEDBY": 1,
    "MAINTBY": 1,
    "SUMFLOW": 0,
    "UPELEV": 18.19,
    "UpstreamIn": 18.19,
    "DOWNELEV": 15.8,
    "Downstream": 15.8,
    "SLOPE": 0.57,
    "SlopeSourc": "DWG",
    "Streetname": "SUMMER ST",
    "CatchArea": " ",
    "Comments": " ",
    "BarrelCount": 0,
    "UnderDiam": 0,
    "UnderMat": " ",
    "FieldBook": " ",
    "LifecycleS": "Active",
    "CIP_Area": 8,
    "LGMLoad3": 8379,
    "MeasuredLength": 356,
    "PossDelete": " ",
    "PlanNum": "BB-24",
    "InstalID_1": "7/14/1898",
    "UpdateSour": " ",
    "UpdateDesc": " ",
    "LiningType": " ",
    "Owner": "Somerv",
    "Slope_DWG": 0.57,
    "Slope_Tech": 9999,
    "Slope_GIS": 9999,
    "Group_1": 2,
    "SubType_1": 1,
    "Material": "Brick",
    "MatCode": "Br",
    "Diameter": 51,
    "MainShape": "Circular",
    "GlobalID": "{0063D804-9509-4D67-99A4-25C6DE5041E5}",
    "created_user": "GIS",
    "created_date": 1600300800000,
    "last_edited_user": "GIS",
    "last_edited_date": 1600300800000,
    "LEGACYID": "C2-5126 : FIT-1482",
    "US_Vert_Datum": " ",
    "DS_Vert_Datum": " ",
    "Dewb_Worked_On": 0,
    "AssetStatus": "Active",
    "AccuracyStatus": "Unknown/Null (accurate = no)",
    "InaccuracyType": null,
    "AccuracyDate": null,
    "AccuracyComments": null,
    "AssociatedInspections": null,
    "ArchiveReason": null,
    "ArchiveProjectName": null,
    "ArchiveDate": null,
    "ArchiveComments": null,
    "ReplacedAssetID": null,
    "FID": null,
    "CreationDate": 1667400748941,
    "Creator": "NLandin_wc",
    "EditDate": 1667486501314,
    "Editor": "melliot_wc",
    "Shape_Length": 343.0543023884079
   },
   "geometry": {
    "type": "LineString",
    "coordinates": [
     [
      -71.09910781993887,
      42.382974397311294
     ],
     [
      -71.09837806456854,
      42.38220404516722
     ]
    ]
   }
  },
  {
   "type": "Feature",
   "properties": {
    "OBJECTID": 674,
    "FACILITYID": "C2-5124 : FIT-416",
    "INSTALLDATE": -2255299200000,
    "Height": 0,
    "Width": 0,
    "LINEDYEAR": " ",
    "LINERTYPE": " ",
    "FROMMH": "C2-5124",
    "TOMH": "FIT-416",
    "WaterType": "Storm",
    "GraphicType": "Storm",
    "ENABLED": 1,
    "ACTIVEFLAG": 1,
    "OWNEDBY": 1,
    "MAINTBY": 1,
    "SUMFLOW": 0,
    "UPELEV": 34.43,
    "UpstreamIn": 34.43,
    "DOWNELEV": 27.79,
    "Downstream": 27.79,
    "SLOPE": 2.31,
    "SlopeSourc": "DWG",
    "Streetname": "SUMMER ST",
    "CatchArea": " ",
    "Comments": "MATERIAL FROM CITY MAP",
    "BarrelCount": 0,
    "UnderDiam": 0,
    "UnderMat": " ",
    "FieldBook": " ",
    "LifecycleS": "Active",
    "CIP_Area": 8,
    "LGMLoad3": 8911,
    "MeasuredLength": 0,
    "PossDelete": " ",
    "PlanNum": "BB-25",
    "InstalID_1": "7/14/1898",
    "UpdateSour": " ",
    "UpdateDesc": " ",
    "LiningType": " ",
    "Owner": "Somerv",
    "Slope_DWG": 2.31,
    "Slope_Tech": 9999,
    "Slope_GIS": 9999,
    "Group_1": 2,
    "SubType_1": 1,
    "Material": "Brick",
    "MatCode": "Br",
    "Diameter": 40,
    "MainShape": "Circular",
    "GlobalID": "{A9C2A026-055D-434A-989E-C9A796919C23}",
    "created_user": "GIS",
    "created_date": 1600300800000,
    "last_edited_user": "GIS",
    "last_edited_date": 1600300800000,
    "LEGACYID": "C2-5124 : FIT-416",
    "US_Vert_Datum": " ",
    "DS_Vert_Datum": " ",
    "Dewb_Worked_On": 0,
    "AssetStatus": "Active",
    "AccuracyStatus": "Unknown/Null (accurate = no)",
    "InaccuracyType": null,
    "AccuracyDate": null,
    "AccuracyComments": null,
    "AssociatedInspections": null,
    "ArchiveReason": null,
    "ArchiveProjectName": null,
    "ArchiveDate": null,
    "ArchiveComments": null,
    "ReplacedAssetID": null,
    "FID": null,
    "CreationDate": 1667400748941,
    "Creator": "NLandin_wc",
    "EditDate": 1667486501393,
    "Editor": "melliot_wc",
    "Shape_Length": 290.95354619349615
   },
   "geometry": {
    "type": "LineString",
    "coordinates": [
     [
      -71.10040684097936,
      42.384352295183014
     ],
     [
      -71.09978862716612,
      42.38369856178391
     ]
    ]
   }
  },
  {
   "type": "Feature",
   "properties": {
    "OBJECTID": 680,
    "FACILITYID": "C2-5481 : C2-5482",
    "INSTALLDATE": null,
    "Height": 0,
    "Width": 0,
    "LINEDYEAR": " ",
    "LINERTYPE": " ",
    "FROMMH": "C2-5481",
    "TOMH": "C2-5482",
    "WaterType": "Storm",
    "GraphicType": "Storm",
    "ENABLED": 1,
    "ACTIVEFLAG": 1,
    "OWNEDBY": 1,
    "MAINTBY": 1,
    "SUMFLOW": 0,
    "UPELEV": 0,
    "UpstreamIn": 0,
    "DOWNELEV": 0,
    "Downstream": 0,
    "SLOPE": 0,
    "SlopeSourc": " ",
    "Streetname": "PUTNAM ST",
    "CatchArea": " ",
    "Comments": " ",
    "BarrelCount": 0,
    "UnderDiam": 0,
    "UnderMat": " ",
    "FieldBook": " ",
    "LifecycleS": " ",
    "CIP_Area": 0,
    "LGMLoad3": 9472,
    "MeasuredLength": 0,
    "PossDelete": " ",
    "PlanNum": "CITY MAP",
    "InstalID_1": " ",
    "UpdateSour": "MWH 2016 Nunziato Field Stormwater Map",
    "UpdateDesc": "New segment",
    "LiningType": " ",
    "Owner": "Somerville",
    "Slope_DWG": 0,
    "Slope_Tech": 0,
    "Slope_GIS": 0,
    "Group_1": 0,
    "SubType_1": 0,
    "Material": "Cement Concrete",
    "MatCode": "CC",
    "Diameter": 15,
    "MainShape": " ",
    "GlobalID": "{647AF633-AE6D-4F69-A989-2D75B2E55266}",
    "created_user": "GIS",
    "created_date": 1600300800000,
    "last_edited_user": "GIS",
    "last_edited_date": 1600300800000,
    "LEGACYID": "C2-5481 : C2-5482",
    "US_Vert_Datum": " ",
    "DS_Vert_Datum": " ",
    "Dewb_Worked_On": 0,
    "AssetStatus": "Active",
    "AccuracyStatus": "Unknown/Null (accurate = no)",
    "InaccuracyType": null,
    "AccuracyDate": null,
    "AccuracyComments": null,
    "AssociatedInspections": null,
    "ArchiveReason": null,
    "ArchiveProjectName": null,
    "ArchiveDate": null,
    "ArchiveComments": null,
    "ReplacedAssetID": null,
    "FID": null,
    "CreationDate": 1667400748941,
    "Creator": "NLandin_wc",
    "EditDate": 1667486501471,
    "Editor": "melliot_wc",
    "Shape_Length": 70.74629804757748
   },
   "geometry": {
    "type": "LineString",
    "coordinates": [
     [
      -71.09799981738966,
      42.3845979980914
     ],
     [
      -71.09811590199777,
      42.384423985426004
     ]
    ]
   }
  },
  {
   "type": "Feature",
   "properties": {
    "OBJECTID": 684,
    "FACILITYID": "C2-5733 : FIT-1434",
    "INSTALLDATE": null,
    "Height": 0,
    "Width": 0,
    "LINEDYEAR": " ",
    "LINERTYPE": " ",
    "FROMMH": "C2-5733",
    "TOMH": "FIT-1434",
    "WaterType": "Storm",
    "GraphicType": "Storm",
    "ENABLED": 1,
    "ACTIVEFLAG": 1,
    "OWNEDBY": 1,
    "MAINTBY": 1,
    "SUMFLOW": 0,
    "UPELEV": 0,
    "UpstreamIn": 0,
    "DOWNELEV": 0,
    "Downstream": 0,
    "SLOPE": 0,
    "SlopeSourc": " ",
    "Streetname": "SPRING ST",
    "CatchArea": " ",
    "Comments": " ",
    "BarrelCount": 0,
    "UnderDiam": 0,
    "UnderMat": " ",
    "FieldBook": " ",
    "LifecycleS": " ",
    "CIP_Area": 0,
    "LGMLoad3": 10691,
    "MeasuredLength": 202,
    "PossDelete": " ",
    "PlanNum": "P-09",
    "InstalID_1": " ",
    "UpdateSour": " ",
    "UpdateDesc": " ",
    "LiningType": " ",
    "Owner": " ",
    "Slope_DWG": 0,
    "Slope_Tech": 0,
    "Slope_GIS": 0,
    "Group_1": 0,
    "SubType_1": 0,
    "Material": "Reinforced Concrete",
    "MatCode": "RC",
    "Diameter": 18,
    "MainShape": "Circular",
    "GlobalID": "{443A6E0E-410E-4D31-A0B4-302990FACE04}",
    "created_user": "GIS",
    "created_date": 1600300800000,
    "last_edited_user": "GIS",
    "last_edited_date": 1600300800000,
    "LEGACYID": "C2-5733 : FIT-1434",
    "US_Vert_Datum": " ",
    "DS_Vert_Datum": " ",
    "Dewb_Worked_On": 0,
    "AssetStatus": "Active",
    "AccuracyStatus": "Unknown/Null (accurate = no)",
    "InaccuracyType": null,
    "AccuracyDate": null,
    "AccuracyComments": null,
    "AssociatedInspections": null,
    "ArchiveReason": null,
    "ArchiveProjectName": null,
    "ArchiveDate": null,
    "ArchiveComments": null,
    "ReplacedAssetID": null,
    "FID": null,
    "CreationDate": 1667400748941,
    "Creator": "NLandin_wc",
    "EditDate": 1667486501534,
    "Editor": "melliot_wc",
    "Shape_Length": 2.1300720698397484
   },
   "geometry": {
    "type": "LineString",
    "coordinates": [
     [
      -71.10940846688356,
      42.38399507018553
     ],
     [
      -71.109406010523,
      42.38398951610347
     ]
    ]
   }
  },
  {
   "type": "Feature",
   "properties": {
    "OBJECTID": 704,
    "FACILITYID": "S2-5598 : FIT-1522",
    "INSTALLDATE": null,
    "Height": 0,
    "Width": 0,
    "LINEDYEAR": " ",
    "LINERTYPE": " ",
    "FROMMH": "S2-5598",
    "TOMH": "FIT-1522",
    "WaterType": "Storm",
    "GraphicType": "Storm",
    "ENABLED": 1,
    "ACTIVEFLAG": 1,
    "OWNEDBY": 1,
    "MAINTBY": 1,
    "SUMFLOW": 0,
    "UPELEV": 0,
    "UpstreamIn": 0,
    "DOWNELEV": 0,
    "Downstream": 0,
    "SLOPE": 0,
    "SlopeSourc": " ",
    "Streetname": "MARSHALL ST",
    "CatchArea": " ",
    "Comments": " ",
    "BarrelCount": 0,
    "UnderDiam": 0,
    "UnderMat": " ",
    "FieldBook": " ",
    "LifecycleS": " ",
    "CIP_Area": 0,
    "LGMLoad3": 10592,
    "MeasuredLength": 132,
    "PossDelete": " ",
    "PlanNum": "Unknown",
    "InstalID_1": " ",
    "UpdateSour": " ",
    "UpdateDesc": " ",
    "LiningType": " ",
    "Owner": " ",
    "Slope_DWG": 0,
    "Slope_Tech": 0,
    "Slope_GIS": 0,
    "Group_1": 0,
    "SubType_1": 0,
    "Material": "Polyvinyl Chloride",
    "MatCode": "PC",
    "Diameter": 8,
    "MainShape": "Circular",
    "GlobalID": "{6A523AB6-B870-43C3-96DA-0F70EBF1F34A}",
    "created_user": "GIS",
    "created_date": 1600300800000,
    "last_edited_user": "GIS",
    "last_edited_date": 1600300800000,
    "LEGACYID": "S2-5598 : FIT-1522",
    "US_Vert_Datum": " ",
    "DS_Vert_Datum": " ",
    "Dewb_Worked_On": 0,
    "AssetStatus": "Active",
    "AccuracyStatus": "Unknown/Null (accurate = no)",
    "InaccuracyType": null,
    "AccuracyDate": null,
    "AccuracyComments": null,
    "AssociatedInspections": null,
    "ArchiveReason": null,
    "ArchiveProjectName": null,
    "ArchiveDate": null,
    "ArchiveComments": null,
    "ReplacedAssetID": null,
    "FID": null,
    "CreationDate": 1667400748941,
    "Creator": "NLandin_wc",
    "EditDate": 1667486501770,
    "Editor": "melliot_wc",
    "Shape_Length": 131.01595942529661
   },
   "geometry": {
    "type": "LineString",
    "coordinates": [
     [
      -71.09412755244612,
      42.38986985423068
     ],
     [
      -71.094565948864,
      42.390023601524554
     ]
    ]
   }
  },
  {
   "type": "Feature",
   "properties": {
    "OBJECTID": 731,
    "FACILITYID": "C2-5701 : FIT-1470",
    "INSTALLDATE": null,
    "Height": 0,
    "Width": 0,
    "LINEDYEAR": " ",
    "LINERTYPE": " ",
    "FROMMH": "C2-5701",
    "TOMH": "FIT-1470",
    "WaterType": "Storm",
    "GraphicType": "Storm",
    "ENABLED": 1,
    "ACTIVEFLAG": 1,
    "OWNEDBY": 1,
    "MAINTBY": 1,
    "SUMFLOW": 0,
    "UPELEV": 0,
    "UpstreamIn": 0,
    "DOWNELEV": 0,
    "Downstream": 0,
    "SLOPE": 0,
    "SlopeSourc": " ",
    "Streetname": "OSGOOD ST",
    "CatchArea": " ",
    "Comments": " ",
    "BarrelCount": 0,
    "UnderDiam": 0,
    "UnderMat": " ",
    "FieldBook": " ",
    "LifecycleS": " ",
    "CIP_Area": 0,
    "LGMLoad3": 10674,
    "MeasuredLength": 25,
    "PossDelete": " ",
    "PlanNum": "Unknown",
    "InstalID_1": " ",
    "UpdateSour": " ",
    "UpdateDesc": " ",
    "LiningType": " ",
    "Owner": " ",
    "Slope_DWG": 0,
    "Slope_Tech": 0,
    "Slope_GIS": 0,
    "Group_1": 0,
    "SubType_1": 0,
    "Material": "Polyvinyl Chloride",
    "MatCode": "PC",
    "Diameter": 8,
    "MainShape": "Circular",
    "GlobalID": "{FD48FF58-BE8C-4CC8-8604-D348471E9810}",
    "created_user": "GIS",
    "created_date": 1600300800000,
    "last_edited_user": "GIS",
    "last_edited_date": 1600300800000,
    "LEGACYID": "C2-5701 : FIT-1470",
    "US_Vert_Datum": " ",
    "DS_Vert_Datum": " ",
    "Dewb_Worked_On": 0,
    "AssetStatus": "Active",
    "AccuracyStatus": "Unknown/Null (accurate = no)",
    "InaccuracyType": null,
    "AccuracyDate": null,
    "AccuracyComments": null,
    "AssociatedInspections": null,
    "ArchiveReason": null,
    "ArchiveProjectName": null,
    "ArchiveDate": null,
    "ArchiveComments": null,
    "ReplacedAssetID": null,
    "FID": null,
    "CreationDate": 1667400748941,
    "Creator": "NLandin_wc",
    "EditDate": 1667486502085,
    "Editor": "melliot_wc",
    "Shape_Length": 24.249193535889717
   },
   "geometry": {
    "type": "LineString",
    "coordinates": [
     [
      -71.1022113140487,
      42.38354348652486
     ],
     [
      -71.10220533932072,
      42.38347709337331
     ]
    ]
   }
  },
  {
   "type": "Feature",
   "properties": {
    "OBJECTID": 741,
    "FACILITYID": "C2-5729 : C2-1299",
    "INSTALLDATE": null,
    "Height": 0,
    "Width": 0,
    "LINEDYEAR": " ",
    "LINERTYPE": " ",
    "FROMMH": "C2-5729",
    "TOMH": "C2-1299",
    "WaterType": "Storm",
    "GraphicType": "Storm",
    "ENABLED": 1,
    "ACTIVEFLAG": 1,
    "OWNEDBY": 1,
    "MAINTBY": 1,
    "SUMFLOW": 0,
    "UPELEV": 0,
    "UpstreamIn": 0,
    "DOWNELEV": 0,
    "Downstream": 0,
    "SLOPE": 0,
    "SlopeSourc": " ",
    "Streetname": "CHURCH ST",
    "CatchArea": " ",
    "Comments": " ",
    "BarrelCount": 0,
    "UnderDiam": 0,
    "UnderMat": " ",
    "FieldBook": " ",
    "LifecycleS": " ",
    "CIP_Area": 0,
    "LGMLoad3": 11364,
    "MeasuredLength": 0,
    "PossDelete": " ",
    "PlanNum": "Unknown",
    "InstalID_1": " ",
    "UpdateSour": " ",
    "UpdateDesc": " ",
    "LiningType": " ",
    "Owner": " ",
    "Slope_DWG": 0,
    "Slope_Tech": 0,
    "Slope_GIS": 0,
    "Group_1": 0,
    "SubType_1": 0,
    "Material": "Vitrified Clay",
    "MatCode": "VC",
    "Diameter": 12,
    "MainShape": "Circular",
    "GlobalID": "{CFDBF9C8-C5E6-4AD0-9800-23E1666B60E3}",
    "created_user": "GIS",
    "created_date": 1600300800000,
    "last_edited_user": "GIS",
    "last_edited_date": 1600300800000,
    "LEGACYID": "C2-5729 : C2-1299",
    "US_Vert_Datum": " ",
    "DS_Vert_Datum": " ",
    "Dewb_Worked_On": 0,
    "AssetStatus": "Active",
    "AccuracyStatus": "Unknown/Null (accurate = no)",
    "InaccuracyType": null,
    "AccuracyDate": null,
    "AccuracyComments": null,
    "AssociatedInspections": null,
    "ArchiveReason": null,
    "ArchiveProjectName": null,
    "ArchiveDate": null,
    "ArchiveComments": null,
    "ReplacedAssetID": null,
    "FID": null,
    "CreationDate": 1667400748941,
    "Creator": "NLandin_wc",
    "EditDate": 1667486502211,
    "Editor": "melliot_wc",
    "Shape_Length": 11.256484802491634
   },
   "geometry": {
    "type": "LineString",
    "coordinates": [
     [
      -71.10112293823964,
      42.38063672909056
     ],
     [
      -71.1010812825502,
      42.380636187634586
     ]
    ]
   }
  },
  {
   "type": "Feature",
   "properties": {
    "OBJECTID": 753,
    "FACILITYID": "30-5402 : 30-5401",
    "INSTALLDATE": null,
    "Height": 0,
    "Width": 0,
    "LINEDYEAR": " ",
    "LINERTYPE": " ",
    "FROMMH": "30-5402",
    "TOMH": "30-5401",
    "WaterType": "Storm",
    "GraphicType": "Storm",
    "ENABLED": 1,
    "ACTIVEFLAG": 1,
    "OWNEDBY": 1,
    "MAINTBY": 1,
    "SUMFLOW": 0,
    "UPELEV": 75.49,
    "UpstreamIn": 75.49,
    "DOWNELEV": 74.37,
    "Downstream": 74.37,
    "SLOPE": 0.87,
    "SlopeSourc": "DWG",
    "Streetname": "HUDSON ST",
    "CatchArea": " ",
    "Comments": " ",
    "BarrelCount": 0,
    "UnderDiam": 0,
    "UnderMat": " ",
    "FieldBook": " ",
    "LifecycleS": "Active",
    "CIP_Area": 0,
    "LGMLoad3": 9166,
    "MeasuredLength": 0,
    "PossDelete": " ",
    "PlanNum": "TB-046",
    "InstalID_1": " ",
    "UpdateSour": " ",
    "UpdateDesc": " ",
    "LiningType": " ",
    "Owner": "Somerv",
    "Slope_DWG": 0.87,
    "Slope_Tech": 9999,
    "Slope_GIS": 9999,
    "Group_1": 0,
    "SubType_1": 1,
    "Material": "Reinforced Concrete",
    "MatCode": "RC",
    "Diameter": 21,
    "MainShape": "Circular",
    "GlobalID": "{083CB555-E12B-4000-8779-292036F2950E}",
    "created_user": "GIS",
    "created_date": 1600300800000,
    "last_edited_user": "GIS",
    "last_edited_date": 1600300800000,
    "LEGACYID": "30-5402 : 30-5401",
    "US_Vert_Datum": " ",
    "DS_Vert_Datum": " ",
    "Dewb_Worked_On": 0,
    "AssetStatus": "Active",
    "AccuracyStatus": "Unknown/Null (accurate = no)",
    "InaccuracyType": null,
    "AccuracyDate": null,
    "AccuracyComments": null,
    "AssociatedInspections": null,
    "ArchiveReason": null,
    "ArchiveProjectName": null,
    "ArchiveDate": null,
    "ArchiveComments": null,
    "ReplacedAssetID": null,
    "FID": null,
    "CreationDate": 1667400748941,
    "Creator": "NLandin_wc",
    "EditDate": 1667486502336,
    "Editor": "melliot_wc",
    "Shape_Length": 133.62570059096362
   },
   "geometry": {
    "type": "LineString",
    "coordinates": [
     [
      -71.10569978249904,
      42.39022150721865
     ],
     [
      -71.10615313814563,
      42.39036816818689
     ]
    ]
   }
  },
  {
   "type": "Feature",
   "properties": {
    "OBJECTID": 755,
    "FACILITYID": "C2-5703 : C2-5704",
    "INSTALLDATE": null,
    "Height": 0,
    "Width": 0,
    "LINEDYEAR": " ",
    "LINERTYPE": " ",
    "FROMMH": "C2-5703",
    "TOMH": "C2-5704",
    "WaterType": "Storm",
    "GraphicType": "Storm",
    "ENABLED": 1,
    "ACTIVEFLAG": 1,
    "OWNEDBY": 1,
    "MAINTBY": 1,
    "SUMFLOW": 0,
    "UPELEV": 0,
    "UpstreamIn": 0,
    "DOWNELEV": 0,
    "Downstream": 0,
    "SLOPE": 0,
    "SlopeSourc": " ",
    "Streetname": "PRESTON RD",
    "CatchArea": " ",
    "Comments": " ",
    "BarrelCount": 0,
    "UnderDiam": 0,
    "UnderMat": " ",
    "FieldBook": " ",
    "LifecycleS": " ",
    "CIP_Area": 0,
    "LGMLoad3": 10676,
    "MeasuredLength": 24,
    "PossDelete": " ",
    "PlanNum": "CITY MAP",
    "InstalID_1": " ",
    "UpdateSour": " ",
    "UpdateDesc": " ",
    "LiningType": " ",
    "Owner": " ",
    "Slope_DWG": 0,
    "Slope_Tech": 0,
    "Slope_GIS": 0,
    "Group_1": 0,
    "SubType_1": 0,
    "Material": "Vitrified Clay",
    "MatCode": "VC",
    "Diameter": 12,
    "MainShape": "Circular",
    "GlobalID": "{120A0840-FFEA-4427-946E-75AA750BAA7C}",
    "created_user": "GIS",
    "created_date": 1600300800000,
    "last_edited_user": "GIS",
    "last_edited_date": 1600300800000,
    "LEGACYID": "C2-5703 : C2-5704",
    "US_Vert_Datum": " ",
    "DS_Vert_Datum": " ",
    "Dewb_Worked_On": 0,
    "AssetStatus": "Active",
    "AccuracyStatus": "Unknown/Null (accurate = no)",
    "InaccuracyType": null,
    "AccuracyDate": null,
    "AccuracyComments": null,
    "AssociatedInspections": null,
    "ArchiveReason": null,
    "ArchiveProjectName": null,
    "ArchiveDate": null,
    "ArchiveComments": null,
    "ReplacedAssetID": null,
    "FID": null,
    "CreationDate": 1667400748941,
    "Creator": "NLandin_wc",
    "EditDate": 1667486502352,
    "Editor": "melliot_wc",
    "Shape_Length": 23.69871990427136
   },
   "geometry": {
    "type": "LineString",
    "coordinates": [
     [
      -71.10277417433046,
      42.3844859094316
     ],
     [
      -71.10269902569094,
      42.384452366486805
     ]
    ]
   }
  },
  {
   "type": "Feature",
   "properties": {
    "OBJECTID": 771,
    "FACILITYID": "FIT-1443 : FIT-1447",
    "INSTALLDATE": null,
    "Height": 0,
    "Width": 0,
    "LINEDYEAR": " ",
    "LINERTYPE": " ",
    "FROMMH": "FIT-1443",
    "TOMH": "FIT-1447",
    "WaterType": "Storm",
    "GraphicType": "Storm",
    "ENABLED": 1,
    "ACTIVEFLAG": 1,
    "OWNEDBY": 1,
    "MAINTBY": 1,
    "SUMFLOW": 0,
    "UPELEV": 0,
    "UpstreamIn": 0,
    "DOWNELEV": 0,
    "Downstream": 0,
    "SLOPE": 0,
    "SlopeSourc": " ",
    "Streetname": "SOMERVILLE AVE",
    "CatchArea": " ",
    "Comments": " ",
    "BarrelCount": 0,
    "UnderDiam": 0,
    "UnderMat": " ",
    "FieldBook": " ",
    "LifecycleS": " ",
    "CIP_Area": 0,
    "LGMLoad3": 10743,
    "MeasuredLength": 288,
    "PossDelete": " ",
    "PlanNum": "CITY MAP",
    "InstalID_1": " ",
    "UpdateSour": " ",
    "UpdateDesc": " ",
    "LiningType": " ",
    "Owner": " ",
    "Slope_DWG": 0,
    "Slope_Tech": 0,
    "Slope_GIS": 0,
    "Group_1": 0,
    "SubType_1": 0,
    "Material": "Reinforced Concrete",
    "MatCode": "RC",
    "Diameter": 60,
    "MainShape": "Circular",
    "GlobalID": "{6D01B8AD-6B84-4288-A25F-DCF074439F97}",
    "created_user": "GIS",
    "created_date": 1600300800000,
    "last_edited_user": "GIS",
    "last_edited_date": 1600300800000,
    "LEGACYID": "FIT-1443 : FIT-1447",
    "US_Vert_Datum": " ",
    "DS_Vert_Datum": " ",
    "Dewb_Worked_On": 0,
    "AssetStatus": "Active",
    "AccuracyStatus": "Unknown/Null (accurate = no)",
    "InaccuracyType": null,
    "AccuracyDate": null,
    "AccuracyComments": null,
    "AssociatedInspections": null,
    "ArchiveReason": null,
    "ArchiveProjectName": null,
    "ArchiveDate": null,
    "ArchiveComments": null,
    "ReplacedAssetID": null,
    "FID": null,
    "CreationDate": 1667400748941,
    "Creator": "NLandin_wc",
    "EditDate": 1667486502714,
    "Editor": "melliot_wc",
    "Shape_Length": 201.32399573912303
   },
   "geometry": {
    "type": "LineString",
    "coordinates": [
     [
      -71.10772414233959,
      42.38350696181805
     ],
     [
      -71.10700182239674,
      42.383371216152774
     ]
    ]
   }
  },
  {
   "type": "Feature",
   "properties": {
    "OBJECTID": 785,
    "FACILITYID": "C-6273 : FIT-1491",
    "INSTALLDATE": null,
    "Height": 0,
    "Width": 0,
    "LINEDYEAR": " ",
    "LINERTYPE": " ",
    "FROMMH": "C-6273",
    "TOMH": "FIT-1491",
    "WaterType": "Storm",
    "GraphicType": "Storm",
    "ENABLED": 1,
    "ACTIVEFLAG": 1,
    "OWNEDBY": 1,
    "MAINTBY": 1,
    "SUMFLOW": 0,
    "UPELEV": 0,
    "UpstreamIn": 0,
    "DOWNELEV": 0,
    "Downstream": 0,
    "SLOPE": 0,
    "SlopeSourc": " ",
    "Streetname": "HIGHLAND AVE",
    "CatchArea": " ",
    "Comments": " ",
    "BarrelCount": 0,
    "UnderDiam": 0,
    "UnderMat": " ",
    "FieldBook": " ",
    "LifecycleS": " ",
    "CIP_Area": 0,
    "LGMLoad3": 11147,
    "MeasuredLength": 0,
    "PossDelete": " ",
    "PlanNum": "Unknown",
    "InstalID_1": " ",
    "UpdateSour": " ",
    "UpdateDesc": " ",
    "LiningType": " ",
    "Owner": " ",
    "Slope_DWG": 0,
    "Slope_Tech": 0,
    "Slope_GIS": 0,
    "Group_1": 0,
    "SubType_1": 0,
    "Material": "Vitrified Clay",
    "MatCode": "VC",
    "Diameter": 8,
    "MainShape": "Circular",
    "GlobalID": "{3F2217E2-9F1F-49B1-BBBB-8B432E506244}",
    "created_user": "GIS",
    "created_date": 1600300800000,
    "last_edited_user": "GIS",
    "last_edited_date": 1600300800000,
    "LEGACYID": "C-6273 : FIT-1491",
    "US_Vert_Datum": " ",
    "DS_Vert_Datum": " ",
    "Dewb_Worked_On": 0,
    "AssetStatus": "Active",
    "AccuracyStatus": "Unknown/Null (accurate = no)",
    "InaccuracyType": null,
    "AccuracyDate": null,
    "AccuracyComments": null,
    "AssociatedInspections": null,
    "ArchiveReason": null,
    "ArchiveProjectName": null,
    "ArchiveDate": null,
    "ArchiveComments": "FY2023 CCTV Inspection",
    "ReplacedAssetID": null,
    "FID": null,
    "CreationDate": 1667400748941,
    "Creator": "NLandin_wc",
    "EditDate": 1685113743308,
    "Editor": "melliot_wc",
    "Shape_Length": 169.46416184451124
   },
   "geometry": {
    "type": "LineString",
    "coordinates": [
     [
      -71.09712009410016,
      42.38681185756928
     ],
     [
      -71.09728804703607,
      42.38636382010693
     ]
    ]
   }
  },
  {
   "type": "Feature",
   "properties": {
    "OBJECTID": 794,
    "FACILITYID": "S2-6141 : S2-6143",
    "INSTALLDATE": null,
    "Height": 0,
    "Width": 0,
    "LINEDYEAR": " ",
    "LINERTYPE": " ",
    "FROMMH": "S2-6141",
    "TOMH": "S2-6143",
    "WaterType": "Storm",
    "GraphicType": "Storm",
    "ENABLED": 1,
    "ACTIVEFLAG": 1,
    "OWNEDBY": 1,
    "MAINTBY": 1,
    "SUMFLOW": 0,
    "UPELEV": 0,
    "UpstreamIn": 0,
    "DOWNELEV": 0,
    "Downstream": 0,
    "SLOPE": 0,
    "SlopeSourc": " ",
    "Streetname": "MEDFORD ST",
    "CatchArea": " ",
    "Comments": " ",
    "BarrelCount": 0,
    "UnderDiam": 0,
    "UnderMat": " ",
    "FieldBook": " ",
    "LifecycleS": " ",
    "CIP_Area": 0,
    "LGMLoad3": 11157,
    "MeasuredLength": 29,
    "PossDelete": " ",
    "PlanNum": "Unknown",
    "InstalID_1": " ",
    "UpdateSour": " ",
    "UpdateDesc": " ",
    "LiningType": " ",
    "Owner": " ",
    "Slope_DWG": 0,
    "Slope_Tech": 0,
    "Slope_GIS": 0,
    "Group_1": 0,
    "SubType_1": 0,
    "Material": "Reinforced Concrete",
    "MatCode": "RC",
    "Diameter": 12,
    "MainShape": "Circular",
    "GlobalID": "{15DED04C-80F2-4D0B-AC45-2D3ED788E6DC}",
    "created_user": "GIS",
    "created_date": 1600300800000,
    "last_edited_user": "GIS",
    "last_edited_date": 1600300800000,
    "LEGACYID": "S2-6141 : S2-6143",
    "US_Vert_Datum": " ",
    "DS_Vert_Datum": " ",
    "Dewb_Worked_On": 0,
    "AssetStatus": "Active",
    "AccuracyStatus": "Unknown/Null (accurate = no)",
    "InaccuracyType": null,
    "AccuracyDate": null,
    "AccuracyComments": null,
    "AssociatedInspections": null,
    "ArchiveReason": null,
    "ArchiveProjectName": null,
    "ArchiveDate": null,
    "ArchiveComments": "FY2023 CCTV Inspection",
    "ReplacedAssetID": null,
    "FID": null,
    "CreationDate": 1667400748941,
    "Creator": "NLandin_wc",
    "EditDate": 1685113743323,
    "Editor": "melliot_wc",
    "Shape_Length": 29.56825685597815
   },
   "geometry": {
    "type": "LineString",
    "coordinates": [
     [
      -71.09449346514987,
      42.38627270842912
     ],
     [
      -71.09441231020773,
      42.386327146995605
     ]
    ]
   }
  },
  {
   "type": "Feature",
   "properties": {
    "OBJECTID": 814,
    "FACILITYID": "C2-5683 : C2-5684",
    "INSTALLDATE": null,
    "Height": 0,
    "Width": 0,
    "LINEDYEAR": " ",
    "LINERTYPE": " ",
    "FROMMH": "C2-5683",
    "TOMH": "C2-5684",
    "WaterType": "Storm",
    "GraphicType": "Storm",
    "ENABLED": 1,
    "ACTIVEFLAG": 1,
    "OWNEDBY": 1,
    "MAINTBY": 1,
    "SUMFLOW": 0,
    "UPELEV": 0,
    "UpstreamIn": 0,
    "DOWNELEV": 0,
    "Downstream": 0,
    "SLOPE": 0,
    "SlopeSourc": " ",
    "Streetname": "BERKELEY ST",
    "CatchArea": " ",
    "Comments": " ",
    "BarrelCount": 0,
    "UnderDiam": 0,
    "UnderMat": " ",
    "FieldBook": " ",
    "LifecycleS": " ",
    "CIP_Area": 0,
    "LGMLoad3": 10666,
    "MeasuredLength": 167,
    "PossDelete": " ",
    "PlanNum": "F-07",
    "InstalID_1": " ",
    "UpdateSour": " ",
    "UpdateDesc": " ",
    "LiningType": " ",
    "Owner": " ",
    "Slope_DWG": 0,
    "Slope_Tech": 0,
    "Slope_GIS": 0,
    "Group_1": 0,
    "SubType_1": 0,
    "Material": "Vitrified Clay",
    "MatCode": "VC",
    "Diameter": 36,
    "MainShape": "Circular",
    "GlobalID": "{5267FBD2-8665-47C3-B82F-735DA2306CFE}",
    "created_user": "GIS",
    "created_date": 1600300800000,
    "last_edited_user": "GIS",
    "last_edited_date": 1600300800000,
    "LEGACYID": "C2-5683 : C2-5684",
    "US_Vert_Datum": " ",
    "DS_Vert_Datum": " ",
    "Dewb_Worked_On": 0,
    "AssetStatus": "Active",
    "AccuracyStatus": "Unknown/Null (accurate = no)",
    "InaccuracyType": null,
    "AccuracyDate": null,
    "AccuracyComments": null,
    "AssociatedInspections": null,
    "ArchiveReason": null,
    "ArchiveProjectName": null,
    "ArchiveDate": null,
    "ArchiveComments": null,
    "ReplacedAssetID": null,
    "FID": null,
    "CreationDate": 1667400748941,
    "Creator": "NLandin_wc",
    "EditDate": 1667486503061,
    "Editor": "melliot_wc",
    "Shape_Length": 165.23912757471817
   },
   "geometry": {
    "type": "LineString",
    "coordinates": [
     [
      -71.10198461339887,
      42.38634765700057
     ],
     [
      -71.10143090505386,
      42.38615505313012
     ]
    ]
   }
  },
  {
   "type": "Feature",
   "properties": {
    "OBJECTID": 816,
    "FACILITYID": "C2-5731 : C2-2095",
    "INSTALLDATE": null,
    "Height": 0,
    "Width": 0,
    "LINEDYEAR": " ",
    "LINERTYPE": " ",
    "FROMMH": "C2-5731",
    "TOMH": "C2-2095",
    "WaterType": "Storm",
    "GraphicType": "Storm",
    "ENABLED": 1,
    "ACTIVEFLAG": 1,
    "OWNEDBY": 1,
    "MAINTBY": 1,
    "SUMFLOW": 0,
    "UPELEV": 0,
    "UpstreamIn": 0,
    "DOWNELEV": 0,
    "Downstream": 0,
    "SLOPE": 0,
    "SlopeSourc": " ",
    "Streetname": "LANDERS ST",
    "CatchArea": " ",
    "Comments": " ",
    "BarrelCount": 0,
    "UnderDiam": 0,
    "UnderMat": " ",
    "FieldBook": " ",
    "LifecycleS": " ",
    "CIP_Area": 0,
    "LGMLoad3": 10701,
    "MeasuredLength": 37,
    "PossDelete": " ",
    "PlanNum": "CITY MAP",
    "InstalID_1": " ",
    "UpdateSour": " ",
    "UpdateDesc": " ",
    "LiningType": " ",
    "Owner": " ",
    "Slope_DWG": 0,
    "Slope_Tech": 0,
    "Slope_GIS": 0,
    "Group_1": 0,
    "SubType_1": 0,
    "Material": "Cast Iron",
    "MatCode": "CI",
    "Diameter": 12,
    "MainShape": "Circular",
    "GlobalID": "{8FA44161-C2FE-4DA2-9FA3-C826F6C4ACB7}",
    "created_user": "GIS",
    "created_date": 1600300800000,
    "last_edited_user": "GIS",
    "last_edited_date": 1600300800000,
    "LEGACYID": "C2-5731 : C2-2095",
    "US_Vert_Datum": " ",
    "DS_Vert_Datum": " ",
    "Dewb_Worked_On": 0,
    "AssetStatus": "Active",
    "AccuracyStatus": "Unknown/Null (accurate = no)",
    "InaccuracyType": null,
    "AccuracyDate": null,
    "AccuracyComments": null,
    "AssociatedInspections": null,
    "ArchiveReason": null,
    "ArchiveProjectName": null,
    "ArchiveDate": null,
    "ArchiveComments": null,
    "ReplacedAssetID": null,
    "FID": null,
    "CreationDate": 1667400748941,
    "Creator": "NLandin_wc",
    "EditDate": 1667486503108,
    "Editor": "melliot_wc",
    "Shape_Length": 36.99989589500904
   },
   "geometry": {
    "type": "LineString",
    "coordinates": [
     [
      -71.10133502252283,
      42.383253636644596
     ],
     [
      -71.10121678214628,
      42.383202412168906
     ]
    ]
   }
  },
  {
   "type": "Feature",
   "properties": {
    "OBJECTID": 820,
    "FACILITYID": "C2-5707 : C2-5708",
    "INSTALLDATE": null,
    "Height": 0,
    "Width": 0,
    "LINEDYEAR": " ",
    "LINERTYPE": " ",
    "FROMMH": "C2-5707",
    "TOMH": "C2-5708",
    "WaterType": "Storm",
    "GraphicType": "Storm",
    "ENABLED": 1,
    "ACTIVEFLAG": 1,
    "OWNEDBY": 1,
    "MAINTBY": 1,
    "SUMFLOW": 0,
    "UPELEV": 0,
    "UpstreamIn": 0,
    "DOWNELEV": 0,
    "Downstream": 0,
    "SLOPE": 0,
    "SlopeSourc": " ",
    "Streetname": "STONE PL",
    "CatchArea": " ",
    "Comments": " ",
    "BarrelCount": 0,
    "UnderDiam": 0,
    "UnderMat": " ",
    "FieldBook": " ",
    "LifecycleS": " ",
    "CIP_Area": 0,
    "LGMLoad3": 11336,
    "MeasuredLength": 0,
    "PossDelete": " ",
    "PlanNum": "Unknown",
    "InstalID_1": " ",
    "UpdateSour": " ",
    "UpdateDesc": " ",
    "LiningType": " ",
    "Owner": " ",
    "Slope_DWG": 0,
    "Slope_Tech": 0,
    "Slope_GIS": 0,
    "Group_1": 0,
    "SubType_1": 0,
    "Material": "Polyvinyl Chloride",
    "MatCode": "PC",
    "Diameter": 6,
    "MainShape": "Circular",
    "GlobalID": "{03152E44-38AC-465D-841D-DEFEBE7D60DB}",
    "created_user": "GIS",
    "created_date": 1600300800000,
    "last_edited_user": "GIS",
    "last_edited_date": 1600300800000,
    "LEGACYID": "C2-5707 : C2-5708",
    "US_Vert_Datum": " ",
    "DS_Vert_Datum": " ",
    "Dewb_Worked_On": 0,
    "AssetStatus": "Active",
    "AccuracyStatus": "Unknown/Null (accurate = no)",
    "InaccuracyType": null,
    "AccuracyDate": null,
    "AccuracyComments": null,
    "AssociatedInspections": null,
    "ArchiveReason": null,
    "ArchiveProjectName": null,
    "ArchiveDate": null,
    "ArchiveComments": null,
    "ReplacedAssetID": null,
    "FID": null,
    "CreationDate": 1667400748941,
    "Creator": "NLandin_wc",
    "EditDate": 1667486503170,
    "Editor": "melliot_wc",
    "Shape_Length": 40.992590443236246
   },
   "geometry": {
    "type": "LineString",
    "coordinates": [
     [
      -71.0947583194229,
      42.380208805694
     ],
     [
      -71.0949094474122,
      42.38019888472759
     ]
    ]
   }
  },
  {
   "type": "Feature",
   "properties": {
    "OBJECTID": 837,
    "FACILITYID": "C2-1227 : C2-5124",
    "INSTALLDATE": -2247609600000,
    "Height": 0,
    "Width": 0,
    "LINEDYEAR": " ",
    "LINERTYPE": " ",
    "FROMMH": "C2-1227",
    "TOMH": "C2-5124",
    "WaterType": "Storm",
    "GraphicType": "Storm",
    "ENABLED": 1,
    "ACTIVEFLAG": 1,
    "OWNEDBY": 1,
    "MAINTBY": 1,
    "SUMFLOW": 0,
    "UPELEV": 40.39,
    "UpstreamIn": 40.39,
    "DOWNELEV": 38.15,
    "Downstream": 38.15,
    "SLOPE": 21.0125095,
    "SlopeSourc": "DWG",
    "Streetname": "SCHOOL ST",
    "CatchArea": " ",
    "Comments": "MATERIAL FROM CITY MAP",
    "BarrelCount": 0,
    "UnderDiam": 0,
    "UnderMat": " ",
    "FieldBook": "FB162_168",
    "LifecycleS": "Active",
    "CIP_Area": 8,
    "LGMLoad3": 9464,
    "MeasuredLength": 0,
    "PossDelete": " ",
    "PlanNum": "BB-26",
    "InstalID_1": "10/11/1898",
    "UpdateSour": "MWH 2016 Nunziato Field Stormwater Map",
    "UpdateDesc": "20 inch VC changed to 36 inch Br",
    "LiningType": " ",
    "Owner": "Somerv",
    "Slope_DWG": 2.31,
    "Slope_Tech": 9999,
    "Slope_GIS": 9999,
    "Group_1": 2,
    "SubType_1": 1,
    "Material": "Brick",
    "MatCode": "Br",
    "Diameter": 40,
    "MainShape": "Circular",
    "GlobalID": "{763CC171-124E-4655-866E-01E6C6DC96ED}",
    "created_user": "GIS",
    "created_date": 1600300800000,
    "last_edited_user": "GIS",
    "last_edited_date": 1600300800000,
    "LEGACYID": "C2-1227 : C2-5124",
    "US_Vert_Datum": " ",
    "DS_Vert_Datum": " ",
    "Dewb_Worked_On": 0,
    "AssetStatus": "Active",
    "AccuracyStatus": "Unknown/Null (accurate = no)",
    "InaccuracyType": null,
    "AccuracyDate": null,
    "AccuracyComments": null,
    "AssociatedInspections": null,
    "ArchiveReason": null,
    "ArchiveProjectName": null,
    "ArchiveDate": null,
    "ArchiveComments": null,
    "ReplacedAssetID": null,
    "FID": null,
    "CreationDate": 1667400748941,
    "Creator": "NLandin_wc",
    "EditDate": 1667486503390,
    "Editor": "melliot_wc",
    "Shape_Length": 10.66031640563974
   },
   "geometry": {
    "type": "LineString",
    "coordinates": [
     [
      -71.10039619749355,
      42.384380463192905
     ],
     [
      -71.10040684097936,
      42.384352295183014
     ]
    ]
   }
  },
  {
   "type": "Feature",
   "properties": {
    "OBJECTID": 870,
    "FACILITYID": "FIT-577 : FIT-1493",
    "INSTALLDATE": -2261952000000,
    "Height": 0,
    "Width": 0,
    "LINEDYEAR": " ",
    "LINERTYPE": " ",
    "FROMMH": "FIT-577",
    "TOMH": "FIT-1493",
    "WaterType": "Storm",
    "GraphicType": "Storm",
    "ENABLED": 1,
    "ACTIVEFLAG": 1,
    "OWNEDBY": 1,
    "MAINTBY": 1,
    "SUMFLOW": 0,
    "UPELEV": 29.73,
    "UpstreamIn": 29.73,
    "DOWNELEV": 29.71,
    "Downstream": 29.71,
    "SLOPE": 0.4,
    "SlopeSourc": "DWG",
    "Streetname": "MEDFORD ST",
    "CatchArea": " ",
    "Comments": " ",
    "BarrelCount": 1,
    "UnderDiam": 0,
    "UnderMat": " ",
    "FieldBook": " ",
    "LifecycleS": "Active",
    "CIP_Area": 0,
    "LGMLoad3": 7540,
    "MeasuredLength": 0,
    "PossDelete": " ",
    "PlanNum": "BB-13",
    "InstalID_1": "4/28/1898",
    "UpdateSour": " ",
    "UpdateDesc": " ",
    "LiningType": " ",
    "Owner": "Somerv",
    "Slope_DWG": 0.4,
    "Slope_Tech": 9999,
    "Slope_GIS": 9999,
    "Group_1": 2,
    "SubType_1": 1,
    "Material": "Unknown",
    "MatCode": "Unk",
    "Diameter": 48,
    "MainShape": "Unknown",
    "GlobalID": "{017B6FA2-98B8-4C71-B6EA-AC9C023AEBAE}",
    "created_user": "GIS",
    "created_date": 1600300800000,
    "last_edited_user": "GIS",
    "last_edited_date": 1600300800000,
    "LEGACYID": "FIT-577 : FIT-1493",
    "US_Vert_Datum": " ",
    "DS_Vert_Datum": " ",
    "Dewb_Worked_On": 0,
    "AssetStatus": "Active",
    "AccuracyStatus": "Unknown/Null (accurate = no)",
    "InaccuracyType": null,
    "AccuracyDate": null,
    "AccuracyComments": null,
    "AssociatedInspections": null,
    "ArchiveReason": null,
    "ArchiveProjectName": null,
    "ArchiveDate": null,
    "ArchiveComments": null,
    "ReplacedAssetID": null,
    "FID": null,
    "CreationDate": 1667400748941,
    "Creator": "NLandin_wc",
    "EditDate": 1667486503768,
    "Editor": "melliot_wc",
    "Shape_Length": 5.211981874484572
   },
   "geometry": {
    "type": "LineString",
    "coordinates": [
     [
      -71.09718748626528,
      42.38913662622913
     ],
     [
      -71.09717551140771,
      42.38912541270157
     ]
    ]
   }
  },
  {
   "type": "Feature",
   "properties": {
    "OBJECTID": 881,
    "FACILITYID": "FIT-416 : C2-5125",
    "INSTALLDATE": -2255299200000,
    "Height": 0,
    "Width": 0,
    "LINEDYEAR": " ",
    "LINERTYPE": " ",
    "FROMMH": "FIT-416",
    "TOMH": "C2-5125",
    "WaterType": "Storm",
    "GraphicType": "Storm",
    "ENABLED": 1,
    "ACTIVEFLAG": 1,
    "OWNEDBY": 1,
    "MAINTBY": 1,
    "SUMFLOW": 0,
    "UPELEV": 23.53,
    "UpstreamIn": 23.53,
    "DOWNELEV": 23.29,
    "Downstream": 23.29,
    "SLOPE": 1.18,
    "SlopeSourc": "DWG",
    "Streetname": "SUMMER ST",
    "CatchArea": " ",
    "Comments": "MATERIAL FROM CITY MAP",
    "BarrelCount": 0,
    "UnderDiam": 0,
    "UnderMat": " ",
    "FieldBook": " ",
    "LifecycleS": "Active",
    "CIP_Area": 8,
    "LGMLoad3": 8912,
    "MeasuredLength": 0,
    "PossDelete": " ",
    "PlanNum": "BB-25",
    "InstalID_1": "7/14/1898",
    "UpdateSour": " ",
    "UpdateDesc": " ",
    "LiningType": " ",
    "Owner": "Somerv",
    "Slope_DWG": 1.18,
    "Slope_Tech": 9999,
    "Slope_GIS": 9999,
    "Group_1": 2,
    "SubType_1": 1,
    "Material": "Brick",
    "MatCode": "Br",
    "Diameter": 40,
    "MainShape": "Circular",
    "GlobalID": "{E86EB66D-9517-411B-9A40-A5E6AF39A105}",
    "created_user": "GIS",
    "created_date": 1600300800000,
    "last_edited_user": "GIS",
    "last_edited_date": 1600300800000,
    "LEGACYID": "FIT-416 : C2-5125",
    "US_Vert_Datum": " ",
    "DS_Vert_Datum": " ",
    "Dewb_Worked_On": 0,
    "AssetStatus": "Active",
    "AccuracyStatus": "Unknown/Null (accurate = no)",
    "InaccuracyType": null,
    "AccuracyDate": null,
    "AccuracyComments": null,
    "AssociatedInspections": null,
    "ArchiveReason": null,
    "ArchiveProjectName": null,
    "ArchiveDate": null,
    "ArchiveComments": null,
    "ReplacedAssetID": null,
    "FID": null,
    "CreationDate": 1667400748941,
    "Creator": "NLandin_wc",
    "EditDate": 1667486503895,
    "Editor": "melliot_wc",
    "Shape_Length": 15.920914674911229
   },
   "geometry": {
    "type": "LineString",
    "coordinates": [
     [
      -71.09978862716612,
      42.38369856178391
     ],
     [
      -71.09975476511104,
      42.38366280716806
     ]
    ]
   }
  },
  {
   "type": "Feature",
   "properties": {
    "OBJECTID": 884,
    "FACILITYID": "C2-5710 : C2-5160",
    "INSTALLDATE": -2255299200000,
    "Height": 0,
    "Width": 0,
    "LINEDYEAR": " ",
    "LINERTYPE": " ",
    "FROMMH": "C2-5710",
    "TOMH": "C2-5160",
    "WaterType": "Storm",
    "GraphicType": "Storm",
    "ENABLED": 1,
    "ACTIVEFLAG": 1,
    "OWNEDBY": 1,
    "MAINTBY": 1,
    "SUMFLOW": 0,
    "UPELEV": 15.8,
    "UpstreamIn": 15.8,
    "DOWNELEV": 14.67,
    "Downstream": 14.67,
    "SLOPE": 0.57,
    "SlopeSourc": "DWG",
    "Streetname": "SUMMER ST",
    "CatchArea": " ",
    "Comments": " ",
    "BarrelCount": 0,
    "UnderDiam": 0,
    "UnderMat": " ",
    "FieldBook": " ",
    "LifecycleS": "Active",
    "CIP_Area": 8,
    "LGMLoad3": 8380,
    "MeasuredLength": 0,
    "PossDelete": " ",
    "PlanNum": "BB-24",
    "InstalID_1": "7/14/1898",
    "UpdateSour": " ",
    "UpdateDesc": " ",
    "LiningType": " ",
    "Owner": "Somerv",
    "Slope_DWG": 0.57,
    "Slope_Tech": 9999,
    "Slope_GIS": 9999,
    "Group_1": 2,
    "SubType_1": 1,
    "Material": "Brick",
    "MatCode": "Br",
    "Diameter": 51,
    "MainShape": "Circular",
    "GlobalID": "{599BC22F-3A4E-45CE-B3A3-3D8DDEBA5351}",
    "created_user": "GIS",
    "created_date": 1600300800000,
    "last_edited_user": "GIS",
    "last_edited_date": 1600300800000,
    "LEGACYID": "C2-5710 : C2-5160",
    "US_Vert_Datum": " ",
    "DS_Vert_Datum": " ",
    "Dewb_Worked_On": 0,
    "AssetStatus": "Active",
    "AccuracyStatus": "Unknown/Null (accurate = no)",
    "InaccuracyType": null,
    "AccuracyDate": null,
    "AccuracyComments": null,
    "AssociatedInspections": null,
    "ArchiveReason": null,
    "ArchiveProjectName": null,
    "ArchiveDate": null,
    "ArchiveComments": null,
    "ReplacedAssetID": null,
    "FID": null,
    "CreationDate": 1667400748941,
    "Creator": "NLandin_wc",
    "EditDate": 1667486503941,
    "Editor": "melliot_wc",
    "Shape_Length": 198.2007537275465
   },
   "geometry": {
    "type": "LineString",
    "coordinates": [
     [
      -71.09835271980137,
      42.382178490359976
     ],
     [
      -71.09809275089034,
      42.38190138439539
     ],
     [
      -71.09805635888516,
      42.381864100740835
     ],
     [
      -71.0980084601055,
      42.38181819896365
     ],
     [
      -71.0979796778625,
      42.38179665903024
     ],
     [
      -71.0979029735346,
      42.381752578654734
     ]
    ]
   }
  },
  {
   "type": "Feature",
   "properties": {
    "OBJECTID": 902,
    "FACILITYID": "30-5399 : FIT-9",
    "INSTALLDATE": -2303683200000,
    "Height": 0,
    "Width": 0,
    "LINEDYEAR": " ",
    "LINERTYPE": " ",
    "FROMMH": "30-5399",
    "TOMH": "FIT-9",
    "WaterType": "Storm",
    "GraphicType": "Storm",
    "ENABLED": 1,
    "ACTIVEFLAG": 1,
    "OWNEDBY": 1,
    "MAINTBY": 1,
    "SUMFLOW": 0,
    "UPELEV": 58.6,
    "UpstreamIn": 58.6,
    "DOWNELEV": 43.75,
    "Downstream": 43.75,
    "SLOPE": 7.18137866,
    "SlopeSourc": "GIS",
    "Streetname": "CROSS COUNTRY, HUDSON ST,ALBION ST",
    "CatchArea": " ",
    "Comments": "PIPE SLOPE CURVED - MAT'L FROM CITY MAP",
    "BarrelCount": 0,
    "UnderDiam": 0,
    "UnderMat": " ",
    "FieldBook": " ",
    "LifecycleS": "Active",
    "CIP_Area": 0,
    "LGMLoad3": 7027,
    "MeasuredLength": 0,
    "PossDelete": " ",
    "PlanNum": "U-09,CITY MAP",
    "InstalID_1": "12/31/1896",
    "UpdateSour": " ",
    "UpdateDesc": " ",
    "LiningType": " ",
    "Owner": "Somerv",
    "Slope_DWG": 9999,
    "Slope_Tech": 9999,
    "Slope_GIS": 7.18137866,
    "Group_1": 2,
    "SubType_1": 1,
    "Material": "Vitrified Clay",
    "MatCode": "VC",
    "Diameter": 15,
    "MainShape": "Circular",
    "GlobalID": "{6D6183A5-664D-43A8-AEF6-128CC144FFF6}",
    "created_user": "GIS",
    "created_date": 1600300800000,
    "last_edited_user": "GIS",
    "last_edited_date": 1600300800000,
    "LEGACYID": "30-5399 : FIT-9",
    "US_Vert_Datum": " ",
    "DS_Vert_Datum": " ",
    "Dewb_Worked_On": 0,
    "AssetStatus": "Active",
    "AccuracyStatus": "Unknown/Null (accurate = no)",
    "InaccuracyType": null,
    "AccuracyDate": null,
    "AccuracyComments": null,
    "AssociatedInspections": null,
    "ArchiveReason": null,
    "ArchiveProjectName": null,
    "ArchiveDate": null,
    "ArchiveComments": "FY2023 CCTV Inspection",
    "ReplacedAssetID": null,
    "FID": null,
    "CreationDate": 1667400748941,
    "Creator": "NLandin_wc",
    "EditDate": 1685113743495,
    "Editor": "melliot_wc",
    "Shape_Length": 212.61662052841706
   },
   "geometry": {
    "type": "LineString",
    "coordinates": [
     [
      -71.10838122670344,
      42.39120445693408
     ],
     [
      -71.1079795309439,
      42.39170617718929
     ]
    ]
   }
  },
  {
   "type": "Feature",
   "properties": {
    "OBJECTID": 928,
    "FACILITYID": "C2-5689 : C2-5690",
    "INSTALLDATE": null,
    "Height": 0,
    "Width": 0,
    "LINEDYEAR": " ",
    "LINERTYPE": " ",
    "FROMMH": "C2-5689",
    "TOMH": "C2-5690",
    "WaterType": "Storm",
    "GraphicType": "Storm",
    "ENABLED": 1,
    "ACTIVEFLAG": 1,
    "OWNEDBY": 1,
    "MAINTBY": 1,
    "SUMFLOW": 0,
    "UPELEV": 0,
    "UpstreamIn": 0,
    "DOWNELEV": 0,
    "Downstream": 0,
    "SLOPE": 0,
    "SlopeSourc": " ",
    "Streetname": "BENTON RD",
    "CatchArea": " ",
    "Comments": " ",
    "BarrelCount": 0,
    "UnderDiam": 0,
    "UnderMat": " ",
    "FieldBook": " ",
    "LifecycleS": " ",
    "CIP_Area": 0,
    "LGMLoad3": 10670,
    "MeasuredLength": 0,
    "PossDelete": " ",
    "PlanNum": "Q-02",
    "InstalID_1": " ",
    "UpdateSour": " ",
    "UpdateDesc": " ",
    "LiningType": " ",
    "Owner": " ",
    "Slope_DWG": 0,
    "Slope_Tech": 0,
    "Slope_GIS": 0,
    "Group_1": 0,
    "SubType_1": 0,
    "Material": "Unknown",
    "MatCode": "Unk",
    "Diameter": 0,
    "MainShape": " ",
    "GlobalID": "{0B196822-BF22-485D-8157-AE1B819803A7}",
    "created_user": "GIS",
    "created_date": 1600300800000,
    "last_edited_user": "GIS",
    "last_edited_date": 1600300800000,
    "LEGACYID": "C2-5689 : C2-5690",
    "US_Vert_Datum": " ",
    "DS_Vert_Datum": " ",
    "Dewb_Worked_On": 0,
    "AssetStatus": "Active",
    "AccuracyStatus": "Unknown/Null (accurate = no)",
    "InaccuracyType": null,
    "AccuracyDate": null,
    "AccuracyComments": null,
    "AssociatedInspections": null,
    "ArchiveReason": null,
    "ArchiveProjectName": null,
    "ArchiveDate": null,
    "ArchiveComments": null,
    "ReplacedAssetID": null,
    "FID": null,
    "CreationDate": 1667400748941,
    "Creator": "NLandin_wc",
    "EditDate": 1667486504335,
    "Editor": "melliot_wc",
    "Shape_Length": 21.584112792467295
   },
   "geometry": {
    "type": "LineString",
    "coordinates": [
     [
      -71.10557582141539,
      42.388515761857306
     ],
     [
      -71.10558118144007,
      42.38845666770122
     ]
    ]
   }
  },
  {
   "type": "Feature",
   "properties": {
    "OBJECTID": 933,
    "FACILITYID": "C2-5976 : C2-5969",
    "INSTALLDATE": null,
    "Height": 0,
    "Width": 0,
    "LINEDYEAR": " ",
    "LINERTYPE": " ",
    "FROMMH": "C2-5976",
    "TOMH": "C2-5969",
    "WaterType": "Storm",
    "GraphicType": "Storm",
    "ENABLED": 1,
    "ACTIVEFLAG": 1,
    "OWNEDBY": 1,
    "MAINTBY": 1,
    "SUMFLOW": 0,
    "UPELEV": 0,
    "UpstreamIn": 0,
    "DOWNELEV": 0,
    "Downstream": 0,
    "SLOPE": 0,
    "SlopeSourc": " ",
    "Streetname": "SOMERVILLE AVE",
    "CatchArea": " ",
    "Comments": " ",
    "BarrelCount": 0,
    "UnderDiam": 0,
    "UnderMat": " ",
    "FieldBook": " ",
    "LifecycleS": " ",
    "CIP_Area": 0,
    "LGMLoad3": 10908,
    "MeasuredLength": 201,
    "PossDelete": " ",
    "PlanNum": "CITY MAP",
    "InstalID_1": " ",
    "UpdateSour": " ",
    "UpdateDesc": " ",
    "LiningType": " ",
    "Owner": " ",
    "Slope_DWG": 0,
    "Slope_Tech": 0,
    "Slope_GIS": 0,
    "Group_1": 0,
    "SubType_1": 0,
    "Material": "Reinforced Concrete",
    "MatCode": "RC",
    "Diameter": 60,
    "MainShape": "Circular",
    "GlobalID": "{0FBFDBE8-E9DA-47E7-82CF-A6325252C1D7}",
    "created_user": "GIS",
    "created_date": 1600300800000,
    "last_edited_user": "GIS",
    "last_edited_date": 1600300800000,
    "LEGACYID": "C2-5976 : C2-5969",
    "US_Vert_Datum": " ",
    "DS_Vert_Datum": " ",
    "Dewb_Worked_On": 0,
    "AssetStatus": "Active",
    "AccuracyStatus": "Unknown/Null (accurate = no)",
    "InaccuracyType": null,
    "AccuracyDate": null,
    "AccuracyComments": null,
    "AssociatedInspections": null,
    "ArchiveReason": null,
    "ArchiveProjectName": null,
    "ArchiveDate": null,
    "ArchiveComments": null,
    "ReplacedAssetID": null,
    "FID": null,
    "CreationDate": 1667400748941,
    "Creator": "NLandin_wc",
    "EditDate": 1667486504382,
    "Editor": "melliot_wc",
    "Shape_Length": 202.52495711319943
   },
   "geometry": {
    "type": "LineString",
    "coordinates": [
     [
      -71.10198140791239,
      42.38202009761969
     ],
     [
      -71.1013001931518,
      42.381788201665024
     ]
    ]
   }
  },
  {
   "type": "Feature",
   "properties": {
    "OBJECTID": 938,
    "FACILITYID": "S2-5136 : S2-5137",
    "INSTALLDATE": -1356998400000,
    "Height": 0,
    "Width": 0,
    "LINEDYEAR": " ",
    "LINERTYPE": " ",
    "FROMMH": "S2-5136",
    "TOMH": "S2-5137",
    "WaterType": "Storm",
    "GraphicType": "Storm",
    "ENABLED": 1,
    "ACTIVEFLAG": 1,
    "OWNEDBY": 1,
    "MAINTBY": 1,
    "SUMFLOW": 0,
    "UPELEV": 9999,
    "UpstreamIn": 9999,
    "DOWNELEV": 9999,
    "Downstream": 9999,
    "SLOPE": 0,
    "SlopeSourc": " ",
    "Streetname": "BOSTON & LOWELL RAILROAD",
    "CatchArea": " ",
    "Comments": "NO PROFILE MATERIAL AND DIAMETER FROM CITY MAP",
    "BarrelCount": 0,
    "UnderDiam": 0,
    "UnderMat": " ",
    "FieldBook": " ",
    "LifecycleS": "Active",
    "CIP_Area": 0,
    "LGMLoad3": 9065,
    "MeasuredLength": 0,
    "PossDelete": " ",
    "PlanNum": "MM-05",
    "InstalID_1": "1/1/1927",
    "UpdateSour": " ",
    "UpdateDesc": " ",
    "LiningType": " ",
    "Owner": "Somerv",
    "Slope_DWG": 9999,
    "Slope_Tech": 9999,
    "Slope_GIS": 9999,
    "Group_1": 4,
    "SubType_1": 1,
    "Material": "Reinforced Concrete",
    "MatCode": "RC",
    "Diameter": 24,
    "MainShape": "Circular",
    "GlobalID": "{57F026D1-41FC-4DE7-A9F8-2D93F3596755}",
    "created_user": "GIS",
    "created_date": 1600300800000,
    "last_edited_user": "GIS",
    "last_edited_date": 1600300800000,
    "LEGACYID": "S2-5136 : S2-5137",
    "US_Vert_Datum": " ",
    "DS_Vert_Datum": " ",
    "Dewb_Worked_On": 0,
    "AssetStatus": "Active",
    "AccuracyStatus": "Unknown/Null (accurate = no)",
    "InaccuracyType": null,
    "AccuracyDate": null,
    "AccuracyComments": null,
    "AssociatedInspections": null,
    "ArchiveReason": null,
    "ArchiveProjectName": null,
    "ArchiveDate": null,
    "ArchiveComments": "Out of Scope",
    "ReplacedAssetID": null,
    "FID": null,
    "CreationDate": 1667400748941,
    "Creator": "NLandin_wc",
    "EditDate": 1685478922543,
    "Editor": "ASchuessler_wc",
    "Shape_Length": 219.41491898303022
   },
   "geometry": {
    "type": "LineString",
    "coordinates": [
     [
      -71.09456769322831,
      42.38694724337544
     ],
     [
      -71.09394076084007,
      42.38656449006729
     ]
    ]
   }
  },
  {
   "type": "Feature",
   "properties": {
    "OBJECTID": 984,
    "FACILITYID": "C2-5686 : C2-5687",
    "INSTALLDATE": null,
    "Height": 0,
    "Width": 0,
    "LINEDYEAR": " ",
    "LINERTYPE": " ",
    "FROMMH": "C2-5686",
    "TOMH": "C2-5687",
    "WaterType": "Storm",
    "GraphicType": "Storm",
    "ENABLED": 1,
    "ACTIVEFLAG": 1,
    "OWNEDBY": 1,
    "MAINTBY": 1,
    "SUMFLOW": 0,
    "UPELEV": 0,
    "UpstreamIn": 0,
    "DOWNELEV": 0,
    "Downstream": 0,
    "SLOPE": 0,
    "SlopeSourc": " ",
    "Streetname": "CENTRAL ST",
    "CatchArea": " ",
    "Comments": " ",
    "BarrelCount": 0,
    "UnderDiam": 0,
    "UnderMat": " ",
    "FieldBook": " ",
    "LifecycleS": " ",
    "CIP_Area": 0,
    "LGMLoad3": 10668,
    "MeasuredLength": 36,
    "PossDelete": " ",
    "PlanNum": "I-01",
    "InstalID_1": " ",
    "UpdateSour": " ",
    "UpdateDesc": " ",
    "LiningType": " ",
    "Owner": " ",
    "Slope_DWG": 0,
    "Slope_Tech": 0,
    "Slope_GIS": 0,
    "Group_1": 0,
    "SubType_1": 0,
    "Material": "Reinforced Concrete",
    "MatCode": "RC",
    "Diameter": 15,
    "MainShape": "Circular",
    "GlobalID": "{B558838A-6BAF-4CD7-93DA-2396E3E0D64E}",
    "created_user": "GIS",
    "created_date": 1600300800000,
    "last_edited_user": "GIS",
    "last_edited_date": 1600300800000,
    "LEGACYID": "C2-5686 : C2-5687",
    "US_Vert_Datum": " ",
    "DS_Vert_Datum": " ",
    "Dewb_Worked_On": 0,
    "AssetStatus": "Active",
    "AccuracyStatus": "Unknown/Null (accurate = no)",
    "InaccuracyType": null,
    "AccuracyDate": null,
    "AccuracyComments": null,
    "AssociatedInspections": null,
    "ArchiveReason": null,
    "ArchiveProjectName": null,
    "ArchiveDate": null,
    "ArchiveComments": null,
    "ReplacedAssetID": null,
    "FID": null,
    "CreationDate": 1667400748941,
    "Creator": "NLandin_wc",
    "EditDate": 1667486504835,
    "Editor": "melliot_wc",
    "Shape_Length": 35.52135235769495
   },
   "geometry": {
    "type": "LineString",
    "coordinates": [
     [
      -71.1043449619618,
      42.387411840149326
     ],
     [
      -71.10422538264993,
      42.387371311402596
     ]
    ]
   }
  },
  {
   "type": "Feature",
   "properties": {
    "OBJECTID": 993,
    "FACILITYID": "C2-5718 : C2-5720",
    "INSTALLDATE": null,
    "Height": 0,
    "Width": 0,
    "LINEDYEAR": " ",
    "LINERTYPE": " ",
    "FROMMH": "C2-5718",
    "TOMH": "C2-5720",
    "WaterType": "Storm",
    "GraphicType": "Storm",
    "ENABLED": 1,
    "ACTIVEFLAG": 1,
    "OWNEDBY": 1,
    "MAINTBY": 1,
    "SUMFLOW": 0,
    "UPELEV": 0,
    "UpstreamIn": 0,
    "DOWNELEV": 0,
    "Downstream": 0,
    "SLOPE": 0,
    "SlopeSourc": " ",
    "Streetname": "SPRING ST",
    "CatchArea": " ",
    "Comments": " ",
    "BarrelCount": 0,
    "UnderDiam": 0,
    "UnderMat": " ",
    "FieldBook": " ",
    "LifecycleS": " ",
    "CIP_Area": 0,
    "LGMLoad3": 10687,
    "MeasuredLength": 132,
    "PossDelete": " ",
    "PlanNum": "P-09,H-01",
    "InstalID_1": " ",
    "UpdateSour": " ",
    "UpdateDesc": " ",
    "LiningType": " ",
    "Owner": " ",
    "Slope_DWG": 0,
    "Slope_Tech": 0,
    "Slope_GIS": 0,
    "Group_1": 0,
    "SubType_1": 0,
    "Material": "Reinforced Concrete",
    "MatCode": "RC",
    "Diameter": 18,
    "MainShape": "Circular",
    "GlobalID": "{A8874D8A-C3EA-4291-8861-A923CC8B8E14}",
    "created_user": "GIS",
    "created_date": 1600300800000,
    "last_edited_user": "GIS",
    "last_edited_date": 1600300800000,
    "LEGACYID": "C2-5718 : C2-5720",
    "US_Vert_Datum": " ",
    "DS_Vert_Datum": " ",
    "Dewb_Worked_On": 0,
    "AssetStatus": "Active",
    "AccuracyStatus": "Unknown/Null (accurate = no)",
    "InaccuracyType": null,
    "AccuracyDate": null,
    "AccuracyComments": null,
    "AssociatedInspections": null,
    "ArchiveReason": null,
    "ArchiveProjectName": null,
    "ArchiveDate": null,
    "ArchiveComments": null,
    "ReplacedAssetID": null,
    "FID": null,
    "CreationDate": 1667400748941,
    "Creator": "NLandin_wc",
    "EditDate": 1667486504930,
    "Editor": "melliot_wc",
    "Shape_Length": 134.0887740775964
   },
   "geometry": {
    "type": "LineString",
    "coordinates": [
     [
      -71.10889066211134,
      42.384822803894394
     ],
     [
      -71.10908494231265,
      42.3844842204733
     ]
    ]
   }
  },
  {
   "type": "Feature",
   "properties": {
    "OBJECTID": 1003,
    "FACILITYID": "30-5088 : FIT-95",
    "INSTALLDATE": -1356998400000,
    "Height": 48,
    "Width": 52,
    "LINEDYEAR": " ",
    "LINERTYPE": " ",
    "FROMMH": "30-5088",
    "TOMH": "FIT-95",
    "WaterType": "Storm",
    "GraphicType": "Storm",
    "ENABLED": 1,
    "ACTIVEFLAG": 1,
    "OWNEDBY": 1,
    "MAINTBY": 1,
    "SUMFLOW": 0,
    "UPELEV": 30.84,
    "UpstreamIn": 30.84,
    "DOWNELEV": 29.9,
    "Downstream": 29.9,
    "SLOPE": 0.21321304,
    "SlopeSourc": "Tech",
    "Streetname": "BOSTON & LOWELL RAILROAD",
    "CatchArea": " ",
    "Comments": " ",
    "BarrelCount": 0,
    "UnderDiam": 0,
    "UnderMat": " ",
    "FieldBook": " ",
    "LifecycleS": "Active",
    "CIP_Area": 0,
    "LGMLoad3": 7586,
    "MeasuredLength": 0,
    "PossDelete": " ",
    "PlanNum": "MM-08",
    "InstalID_1": "1/1/1927",
    "UpdateSour": " ",
    "UpdateDesc": " ",
    "LiningType": " ",
    "Owner": "Somerv",
    "Slope_DWG": 9999,
    "Slope_Tech": 0.21321304,
    "Slope_GIS": 9999,
    "Group_1": 4,
    "SubType_1": 1,
    "Material": "Reinforced Concrete",
    "MatCode": "RC",
    "Diameter": 0,
    "MainShape": "Unknown",
    "GlobalID": "{03783A85-972D-448C-9721-74CA4E765E3E}",
    "created_user": "GIS",
    "created_date": 1600300800000,
    "last_edited_user": "GIS",
    "last_edited_date": 1600300800000,
    "LEGACYID": "30-5088 : FIT-95",
    "US_Vert_Datum": " ",
    "DS_Vert_Datum": " ",
    "Dewb_Worked_On": 0,
    "AssetStatus": "Active",
    "AccuracyStatus": "Unknown/Null (accurate = no)",
    "InaccuracyType": null,
    "AccuracyDate": null,
    "AccuracyComments": null,
    "AssociatedInspections": null,
    "ArchiveReason": null,
    "ArchiveProjectName": null,
    "ArchiveDate": null,
    "ArchiveComments": null,
    "ReplacedAssetID": null,
    "FID": null,
    "CreationDate": 1667400748941,
    "Creator": "NLandin_wc",
    "EditDate": 1667486548734,
    "Editor": "melliot_wc",
    "Shape_Length": 440.87365188693684
   },
   "geometry": {
    "type": "LineString",
    "coordinates": [
     [
      -71.10020065944185,
      42.38950947010468
     ],
     [
      -71.10012570314154,
      42.389472053188086
     ],
     [
      -71.10005458837558,
      42.38943750527017
     ],
     [
      -71.09997964009406,
      42.38939865593598
     ],
     [
      -71.0998316796531,
      42.38932096025146
     ],
     [
      -71.09976441685362,
      42.38928785969799
     ],
     [
      -71.09897041243431,
      42.38893207996286
     ],
     [
      -71.0988185204922,
      42.388867237893905
     ]
    ]
   }
  },
  {
   "type": "Feature",
   "properties": {
    "OBJECTID": 1018,
    "FACILITYID": "C2-5696 : C2-5695",
    "INSTALLDATE": null,
    "Height": 0,
    "Width": 0,
    "LINEDYEAR": " ",
    "LINERTYPE": " ",
    "FROMMH": "C2-5696",
    "TOMH": "C2-5695",
    "WaterType": "Storm",
    "GraphicType": "Storm",
    "ENABLED": 1,
    "ACTIVEFLAG": 1,
    "OWNEDBY": 1,
    "MAINTBY": 1,
    "SUMFLOW": 0,
    "UPELEV": 0,
    "UpstreamIn": 0,
    "DOWNELEV": 0,
    "Downstream": 0,
    "SLOPE": 0,
    "SlopeSourc": " ",
    "Streetname": "STONE AVE",
    "CatchArea": " ",
    "Comments": " ",
    "BarrelCount": 0,
    "UnderDiam": 0,
    "UnderMat": " ",
    "FieldBook": " ",
    "LifecycleS": " ",
    "CIP_Area": 0,
    "LGMLoad3": 10711,
    "MeasuredLength": 149,
    "PossDelete": " ",
    "PlanNum": "P-10",
    "InstalID_1": " ",
    "UpdateSour": " ",
    "UpdateDesc": " ",
    "LiningType": " ",
    "Owner": " ",
    "Slope_DWG": 0,
    "Slope_Tech": 0,
    "Slope_GIS": 0,
    "Group_1": 0,
    "SubType_1": 0,
    "Material": "Reinforced Concrete",
    "MatCode": "RC",
    "Diameter": 18,
    "MainShape": "Circular",
    "GlobalID": "{2CDFE63A-6021-46D5-B271-D0316897E557}",
    "created_user": "GIS",
    "created_date": 1600300800000,
    "last_edited_user": "GIS",
    "last_edited_date": 1600300800000,
    "LEGACYID": "C2-5696 : C2-5695",
    "US_Vert_Datum": " ",
    "DS_Vert_Datum": " ",
    "Dewb_Worked_On": 0,
    "AssetStatus": "Active",
    "AccuracyStatus": "Unknown/Null (accurate = no)",
    "InaccuracyType": null,
    "AccuracyDate": null,
    "AccuracyComments": null,
    "AssociatedInspections": null,
    "ArchiveReason": null,
    "ArchiveProjectName": null,
    "ArchiveDate": null,
    "ArchiveComments": null,
    "ReplacedAssetID": null,
    "FID": null,
    "CreationDate": 1667400748941,
    "Creator": "NLandin_wc",
    "EditDate": 1667486548765,
    "Editor": "melliot_wc",
    "Shape_Length": 148.40164210094548
   },
   "geometry": {
    "type": "LineString",
    "coordinates": [
     [
      -71.09531058518708,
      42.38048177939888
     ],
     [
      -71.0956475395206,
      42.38016019151378
     ]
    ]
   }
  },
  {
   "type": "Feature",
   "properties": {
    "OBJECTID": 1023,
    "FACILITYID": "C2-5162 : C2-5163",
    "INSTALLDATE": -2255299200000,
    "Height": 0,
    "Width": 0,
    "LINEDYEAR": " ",
    "LINERTYPE": " ",
    "FROMMH": "C2-5162",
    "TOMH": "C2-5163",
    "WaterType": "Storm",
    "GraphicType": "Storm",
    "ENABLED": 1,
    "ACTIVEFLAG": 1,
    "OWNEDBY": 1,
    "MAINTBY": 1,
    "SUMFLOW": 0,
    "UPELEV": 12.7,
    "UpstreamIn": 12.7,
    "DOWNELEV": 10.25,
    "Downstream": 10.25,
    "SLOPE": 0.57,
    "SlopeSourc": "DWG",
    "Streetname": "BOW ST",
    "CatchArea": " ",
    "Comments": " ",
    "BarrelCount": 0,
    "UnderDiam": 0,
    "UnderMat": " ",
    "FieldBook": " ",
    "LifecycleS": "Active",
    "CIP_Area": 8,
    "LGMLoad3": 5156,
    "MeasuredLength": 0,
    "PossDelete": " ",
    "PlanNum": "BB-23",
    "InstalID_1": "7/14/1898",
    "UpdateSour": " ",
    "UpdateDesc": " ",
    "LiningType": " ",
    "Owner": "Somerv",
    "Slope_DWG": 0.57,
    "Slope_Tech": 9999,
    "Slope_GIS": 9999,
    "Group_1": 2,
    "SubType_1": 1,
    "Material": "Brick",
    "MatCode": "Br",
    "Diameter": 51,
    "MainShape": "Circular",
    "GlobalID": "{B5EB7155-7C0A-40AC-8ACB-86A3300FFD9C}",
    "created_user": "GIS",
    "created_date": 1600300800000,
    "last_edited_user": "GIS",
    "last_edited_date": 1600300800000,
    "LEGACYID": "C2-5162 : C2-5163",
    "US_Vert_Datum": " ",
    "DS_Vert_Datum": " ",
    "Dewb_Worked_On": 0,
    "AssetStatus": "Active",
    "AccuracyStatus": "Unknown/Null (accurate = no)",
    "InaccuracyType": null,
    "AccuracyDate": null,
    "AccuracyComments": null,
    "AssociatedInspections": null,
    "ArchiveReason": null,
    "ArchiveProjectName": null,
    "ArchiveDate": null,
    "ArchiveComments": null,
    "ReplacedAssetID": null,
    "FID": null,
    "CreationDate": 1667400748941,
    "Creator": "NLandin_wc",
    "EditDate": 1667486548796,
    "Editor": "melliot_wc",
    "Shape_Length": 430.57961387013216
   },
   "geometry": {
    "type": "LineString",
    "coordinates": [
     [
      -71.0971430088116,
      42.38103377738091
     ],
     [
      -71.09642805822111,
      42.3799778228692
     ]
    ]
   }
  },
  {
   "type": "Feature",
   "properties": {
    "OBJECTID": 1054,
    "FACILITYID": "FIT-1470 : C2-970",
    "INSTALLDATE": -1799193600000,
    "Height": 0,
    "Width": 0,
    "LINEDYEAR": " ",
    "LINERTYPE": " ",
    "FROMMH": "FIT-1470",
    "TOMH": "C2-970",
    "WaterType": "Storm",
    "GraphicType": "StormOverSanitary",
    "ENABLED": 1,
    "ACTIVEFLAG": 1,
    "OWNEDBY": 1,
    "MAINTBY": 1,
    "SUMFLOW": 0,
    "UPELEV": 28.05,
    "UpstreamIn": 28.05,
    "DOWNELEV": 26.55,
    "Downstream": 26.55,
    "SLOPE": 1.00300406,
    "SlopeSourc": "DWG",
    "Streetname": "OSGOOD ST",
    "CatchArea": " ",
    "Comments": "ACTUALLY SANITARY OVER STORM - CONVERTED FROM C.S.S. IN 1934",
    "BarrelCount": 0,
    "UnderDiam": 0,
    "UnderMat": " ",
    "FieldBook": " ",
    "LifecycleS": "Active",
    "CIP_Area": 8,
    "LGMLoad3": 7944,
    "MeasuredLength": 0,
    "PossDelete": " ",
    "PlanNum": "II-15",
    "InstalID_1": "12/27/1912",
    "UpdateSour": " ",
    "UpdateDesc": " ",
    "LiningType": " ",
    "Owner": "Somerv",
    "Slope_DWG": 1,
    "Slope_Tech": 9999,
    "Slope_GIS": 9999,
    "Group_1": 3,
    "SubType_1": 1,
    "Material": "Vitrified Clay",
    "MatCode": "VC",
    "Diameter": 8,
    "MainShape": "Circular",
    "GlobalID": "{EF30E422-015E-4770-AACA-E08F951EEE24}",
    "created_user": "GIS",
    "created_date": 1600300800000,
    "last_edited_user": "GIS",
    "last_edited_date": 1600300800000,
    "LEGACYID": "FIT-1470 : C2-970",
    "US_Vert_Datum": " ",
    "DS_Vert_Datum": " ",
    "Dewb_Worked_On": 0,
    "AssetStatus": "Active",
    "AccuracyStatus": "Unknown/Null (accurate = no)",
    "InaccuracyType": null,
    "AccuracyDate": null,
    "AccuracyComments": null,
    "AssociatedInspections": null,
    "ArchiveReason": null,
    "ArchiveProjectName": null,
    "ArchiveDate": null,
    "ArchiveComments": null,
    "ReplacedAssetID": null,
    "FID": null,
    "CreationDate": 1667400748941,
    "Creator": "NLandin_wc",
    "EditDate": 1667486548907,
    "Editor": "melliot_wc",
    "Shape_Length": 149.55074089181105
   },
   "geometry": {
    "type": "LineString",
    "coordinates": [
     [
      -71.10220533932072,
      42.38347709337331
     ],
     [
      -71.10271653123175,
      42.38363451147842
     ]
    ]
   }
  },
  {
   "type": "Feature",
   "properties": {
    "OBJECTID": 1061,
    "FACILITYID": "30-5405 : 30-5404",
    "INSTALLDATE": null,
    "Height": 0,
    "Width": 0,
    "LINEDYEAR": " ",
    "LINERTYPE": " ",
    "FROMMH": "30-5405",
    "TOMH": "30-5404",
    "WaterType": "Storm",
    "GraphicType": "Storm",
    "ENABLED": 1,
    "ACTIVEFLAG": 1,
    "OWNEDBY": 1,
    "MAINTBY": 1,
    "SUMFLOW": 0,
    "UPELEV": 78.3,
    "UpstreamIn": 78.3,
    "DOWNELEV": 76.99,
    "Downstream": 76.99,
    "SLOPE": 1.24,
    "SlopeSourc": "DWG",
    "Streetname": "HUDSON ST",
    "CatchArea": " ",
    "Comments": " ",
    "BarrelCount": 0,
    "UnderDiam": 0,
    "UnderMat": " ",
    "FieldBook": " ",
    "LifecycleS": "Active",
    "CIP_Area": 0,
    "LGMLoad3": 8641,
    "MeasuredLength": 0,
    "PossDelete": " ",
    "PlanNum": "TB-047",
    "InstalID_1": " ",
    "UpdateSour": " ",
    "UpdateDesc": " ",
    "LiningType": " ",
    "Owner": "Somerv",
    "Slope_DWG": 1.24,
    "Slope_Tech": 9999,
    "Slope_GIS": 9999,
    "Group_1": 0,
    "SubType_1": 1,
    "Material": "Reinforced Concrete",
    "MatCode": "RC",
    "Diameter": 18,
    "MainShape": "Circular",
    "GlobalID": "{EC84B95E-D853-4EDF-B431-8419B91DD1A4}",
    "created_user": "GIS",
    "created_date": 1600300800000,
    "last_edited_user": "GIS",
    "last_edited_date": 1600300800000,
    "LEGACYID": "30-5405 : 30-5404",
    "US_Vert_Datum": " ",
    "DS_Vert_Datum": " ",
    "Dewb_Worked_On": 0,
    "AssetStatus": "Active",
    "AccuracyStatus": "Unknown/Null (accurate = no)",
    "InaccuracyType": null,
    "AccuracyDate": null,
    "AccuracyComments": null,
    "AssociatedInspections": null,
    "ArchiveReason": null,
    "ArchiveProjectName": null,
    "ArchiveDate": null,
    "ArchiveComments": null,
    "ReplacedAssetID": null,
    "FID": null,
    "CreationDate": 1667400748941,
    "Creator": "NLandin_wc",
    "EditDate": 1667486548938,
    "Editor": "melliot_wc",
    "Shape_Length": 110.13699050018148
   },
   "geometry": {
    "type": "LineString",
    "coordinates": [
     [
      -71.10425735472786,
      42.38974681430696
     ],
     [
      -71.10462995713493,
      42.38986947932168
     ]
    ]
   }
  },
  {
   "type": "Feature",
   "properties": {
    "OBJECTID": 1107,
    "FACILITYID": "C2-5698 : C2-5697",
    "INSTALLDATE": null,
    "Height": 0,
    "Width": 0,
    "LINEDYEAR": " ",
    "LINERTYPE": " ",
    "FROMMH": "C2-5698",
    "TOMH": "C2-5697",
    "WaterType": "Storm",
    "GraphicType": "Storm",
    "ENABLED": 1,
    "ACTIVEFLAG": 1,
    "OWNEDBY": 1,
    "MAINTBY": 1,
    "SUMFLOW": 0,
    "UPELEV": 0,
    "UpstreamIn": 0,
    "DOWNELEV": 0,
    "Downstream": 0,
    "SLOPE": 0,
    "SlopeSourc": " ",
    "Streetname": "STONE AVE",
    "CatchArea": " ",
    "Comments": " ",
    "BarrelCount": 0,
    "UnderDiam": 0,
    "UnderMat": " ",
    "FieldBook": " ",
    "LifecycleS": " ",
    "CIP_Area": 0,
    "LGMLoad3": 10708,
    "MeasuredLength": 121,
    "PossDelete": " ",
    "PlanNum": "P-10",
    "InstalID_1": " ",
    "UpdateSour": " ",
    "UpdateDesc": " ",
    "LiningType": " ",
    "Owner": " ",
    "Slope_DWG": 0,
    "Slope_Tech": 0,
    "Slope_GIS": 0,
    "Group_1": 0,
    "SubType_1": 0,
    "Material": "Reinforced Concrete",
    "MatCode": "RC",
    "Diameter": 12,
    "MainShape": "Circular",
    "GlobalID": "{3445FED0-12D6-41C2-9545-C3DF0F3AEB1A}",
    "created_user": "GIS",
    "created_date": 1600300800000,
    "last_edited_user": "GIS",
    "last_edited_date": 1600300800000,
    "LEGACYID": "C2-5698 : C2-5697",
    "US_Vert_Datum": " ",
    "DS_Vert_Datum": " ",
    "Dewb_Worked_On": 0,
    "AssetStatus": "Active",
    "AccuracyStatus": "Unknown/Null (accurate = no)",
    "InaccuracyType": null,
    "AccuracyDate": null,
    "AccuracyComments": null,
    "AssociatedInspections": null,
    "ArchiveReason": null,
    "ArchiveProjectName": null,
    "ArchiveDate": null,
    "ArchiveComments": null,
    "ReplacedAssetID": null,
    "FID": null,
    "CreationDate": 1667400748941,
    "Creator": "NLandin_wc",
    "EditDate": 1667486549160,
    "Editor": "melliot_wc",
    "Shape_Length": 119.19242231124855
   },
   "geometry": {
    "type": "LineString",
    "coordinates": [
     [
      -71.0947429843056,
      42.38101901482094
     ],
     [
      -71.09501438268929,
      42.380761163971634
     ]
    ]
   }
  },
  {
   "type": "Feature",
   "properties": {
    "OBJECTID": 1116,
    "FACILITYID": "S2-6303 : S2-6305",
    "INSTALLDATE": null,
    "Height": 0,
    "Width": 0,
    "LINEDYEAR": " ",
    "LINERTYPE": " ",
    "FROMMH": "S2-6303",
    "TOMH": "S2-6305",
    "WaterType": "Storm",
    "GraphicType": "Storm",
    "ENABLED": 1,
    "ACTIVEFLAG": 1,
    "OWNEDBY": 1,
    "MAINTBY": 1,
    "SUMFLOW": 0,
    "UPELEV": 0,
    "UpstreamIn": 0,
    "DOWNELEV": 0,
    "Downstream": 0,
    "SLOPE": 0,
    "SlopeSourc": " ",
    "Streetname": "MEDFORD ST",
    "CatchArea": " ",
    "Comments": " ",
    "BarrelCount": 0,
    "UnderDiam": 0,
    "UnderMat": " ",
    "FieldBook": " ",
    "LifecycleS": " ",
    "CIP_Area": 0,
    "LGMLoad3": 11193,
    "MeasuredLength": 124,
    "PossDelete": " ",
    "PlanNum": "Unknown",
    "InstalID_1": " ",
    "UpdateSour": " ",
    "UpdateDesc": " ",
    "LiningType": " ",
    "Owner": " ",
    "Slope_DWG": 0,
    "Slope_Tech": 0,
    "Slope_GIS": 0,
    "Group_1": 0,
    "SubType_1": 0,
    "Material": "Reinforced Concrete",
    "MatCode": "RC",
    "Diameter": 12,
    "MainShape": "Circular",
    "GlobalID": "{64E4C0B2-F7A1-44E0-A361-4178A69E4B3D}",
    "created_user": "GIS",
    "created_date": 1600300800000,
    "last_edited_user": "GIS",
    "last_edited_date": 1600300800000,
    "LEGACYID": "S2-6303 : S2-6305",
    "US_Vert_Datum": " ",
    "DS_Vert_Datum": " ",
    "Dewb_Worked_On": 0,
    "AssetStatus": "Active",
    "AccuracyStatus": "Unknown/Null (accurate = no)",
    "InaccuracyType": null,
    "AccuracyDate": null,
    "AccuracyComments": null,
    "AssociatedInspections": null,
    "ArchiveReason": null,
    "ArchiveProjectName": null,
    "ArchiveDate": null,
    "ArchiveComments": "FY2023 CCTV Inspection",
    "ReplacedAssetID": null,
    "FID": null,
    "CreationDate": 1667400748941,
    "Creator": "NLandin_wc",
    "EditDate": 1685113743870,
    "Editor": "melliot_wc",
    "Shape_Length": 123.74680878197452
   },
   "geometry": {
    "type": "LineString",
    "coordinates": [
     [
      -71.09455795209486,
      42.38647302272682
     ],
     [
      -71.0948263917436,
      42.38674816487461
     ]
    ]
   }
  },
  {
   "type": "Feature",
   "properties": {
    "OBJECTID": 1146,
    "FACILITYID": "30-5116 : 30-5117",
    "INSTALLDATE": -2263075200000,
    "Height": 0,
    "Width": 0,
    "LINEDYEAR": " ",
    "LINERTYPE": " ",
    "FROMMH": "30-5116",
    "TOMH": "30-5117",
    "WaterType": "Storm",
    "GraphicType": "Storm",
    "ENABLED": 1,
    "ACTIVEFLAG": 1,
    "OWNEDBY": 1,
    "MAINTBY": 1,
    "SUMFLOW": 0,
    "UPELEV": 26.77,
    "UpstreamIn": 26.77,
    "DOWNELEV": 25.75,
    "Downstream": 25.75,
    "SLOPE": 0.333,
    "SlopeSourc": "DWG",
    "Streetname": "MARSHALL ST",
    "CatchArea": " ",
    "Comments": "MATERIAL FROM CITY MAP",
    "BarrelCount": 1,
    "UnderDiam": 0,
    "UnderMat": " ",
    "FieldBook": " ",
    "LifecycleS": "Active",
    "CIP_Area": 0,
    "LGMLoad3": 7119,
    "MeasuredLength": 0,
    "PossDelete": " ",
    "PlanNum": "BB-12",
    "InstalID_1": "4/15/1898",
    "UpdateSour": " ",
    "UpdateDesc": " ",
    "LiningType": " ",
    "Owner": "Somerv",
    "Slope_DWG": 0.333,
    "Slope_Tech": 9999,
    "Slope_GIS": 9999,
    "Group_1": 2,
    "SubType_1": 1,
    "Material": "Brick",
    "MatCode": "Br",
    "Diameter": 66,
    "MainShape": "Circular",
    "GlobalID": "{0ADB6E3B-CFBC-43D9-B583-43A3F9BE93B4}",
    "created_user": "GIS",
    "created_date": 1600300800000,
    "last_edited_user": "GIS",
    "last_edited_date": 1600300800000,
    "LEGACYID": "30-5116 : 30-5117",
    "US_Vert_Datum": " ",
    "DS_Vert_Datum": " ",
    "Dewb_Worked_On": 0,
    "AssetStatus": "Active",
    "AccuracyStatus": "Unknown/Null (accurate = no)",
    "InaccuracyType": null,
    "AccuracyDate": null,
    "AccuracyComments": null,
    "AssociatedInspections": null,
    "ArchiveReason": null,
    "ArchiveProjectName": null,
    "ArchiveDate": null,
    "ArchiveComments": null,
    "ReplacedAssetID": null,
    "FID": null,
    "CreationDate": 1667400748941,
    "Creator": "NLandin_wc",
    "EditDate": 1667486549319,
    "Editor": "melliot_wc",
    "Shape_Length": 305.66180481662326
   },
   "geometry": {
    "type": "LineString",
    "coordinates": [
     [
      -71.09539915546155,
      42.38876240803944
     ],
     [
      -71.09529397251416,
      42.388923279651245
     ],
     [
      -71.09527899182419,
      42.388947042135406
     ],
     [
      -71.09491970555077,
      42.389522105418
     ]
    ]
   }
  },
  {
   "type": "Feature",
   "properties": {
    "OBJECTID": 1167,
    "FACILITYID": "C2-5697 : C2-5696",
    "INSTALLDATE": null,
    "Height": 0,
    "Width": 0,
    "LINEDYEAR": " ",
    "LINERTYPE": " ",
    "FROMMH": "C2-5697",
    "TOMH": "C2-5696",
    "WaterType": "Storm",
    "GraphicType": "Storm",
    "ENABLED": 1,
    "ACTIVEFLAG": 1,
    "OWNEDBY": 1,
    "MAINTBY": 1,
    "SUMFLOW": 0,
    "UPELEV": 0,
    "UpstreamIn": 0,
    "DOWNELEV": 0,
    "Downstream": 0,
    "SLOPE": 0,
    "SlopeSourc": " ",
    "Streetname": "STONE AVE",
    "CatchArea": " ",
    "Comments": " ",
    "BarrelCount": 0,
    "UnderDiam": 0,
    "UnderMat": " ",
    "FieldBook": " ",
    "LifecycleS": " ",
    "CIP_Area": 0,
    "LGMLoad3": 10709,
    "MeasuredLength": 130,
    "PossDelete": " ",
    "PlanNum": "P-10",
    "InstalID_1": " ",
    "UpdateSour": " ",
    "UpdateDesc": " ",
    "LiningType": " ",
    "Owner": " ",
    "Slope_DWG": 0,
    "Slope_Tech": 0,
    "Slope_GIS": 0,
    "Group_1": 0,
    "SubType_1": 0,
    "Material": "Reinforced Concrete",
    "MatCode": "RC",
    "Diameter": 12,
    "MainShape": "Circular",
    "GlobalID": "{8A3EB35A-E409-4220-982D-C250E673C789}",
    "created_user": "GIS",
    "created_date": 1600300800000,
    "last_edited_user": "GIS",
    "last_edited_date": 1600300800000,
    "LEGACYID": "C2-5697 : C2-5696",
    "US_Vert_Datum": " ",
    "DS_Vert_Datum": " ",
    "Dewb_Worked_On": 0,
    "AssetStatus": "Active",
    "AccuracyStatus": "Unknown/Null (accurate = no)",
    "InaccuracyType": null,
    "AccuracyDate": null,
    "AccuracyComments": null,
    "AssociatedInspections": null,
    "ArchiveReason": null,
    "ArchiveProjectName": null,
    "ArchiveDate": null,
    "ArchiveComments": null,
    "ReplacedAssetID": null,
    "FID": null,
    "CreationDate": 1667400748941,
    "Creator": "NLandin_wc",
    "EditDate": 1667486549397,
    "Editor": "melliot_wc",
    "Shape_Length": 129.50300650278888
   },
   "geometry": {
    "type": "LineString",
    "coordinates": [
     [
      -71.09501438268929,
      42.380761163971634
     ],
     [
      -71.09531058518708,
      42.38048177939888
     ]
    ]
   }
  },
  {
   "type": "Feature",
   "properties": {
    "OBJECTID": 1177,
    "FACILITYID": "C2-5691 : C2-5690",
    "INSTALLDATE": null,
    "Height": 0,
    "Width": 0,
    "LINEDYEAR": " ",
    "LINERTYPE": " ",
    "FROMMH": "C2-5691",
    "TOMH": "C2-5690",
    "WaterType": "Storm",
    "GraphicType": "Storm",
    "ENABLED": 1,
    "ACTIVEFLAG": 1,
    "OWNEDBY": 1,
    "MAINTBY": 1,
    "SUMFLOW": 0,
    "UPELEV": 0,
    "UpstreamIn": 0,
    "DOWNELEV": 0,
    "Downstream": 0,
    "SLOPE": 0,
    "SlopeSourc": " ",
    "Streetname": "BENTON RD",
    "CatchArea": " ",
    "Comments": " ",
    "BarrelCount": 0,
    "UnderDiam": 0,
    "UnderMat": " ",
    "FieldBook": " ",
    "LifecycleS": " ",
    "CIP_Area": 0,
    "LGMLoad3": 10671,
    "MeasuredLength": 315,
    "PossDelete": " ",
    "PlanNum": "Q-02",
    "InstalID_1": " ",
    "UpdateSour": " ",
    "UpdateDesc": " ",
    "LiningType": " ",
    "Owner": " ",
    "Slope_DWG": 0,
    "Slope_Tech": 0,
    "Slope_GIS": 0,
    "Group_1": 0,
    "SubType_1": 0,
    "Material": "Reinforced Concrete",
    "MatCode": "RC",
    "Diameter": 12,
    "MainShape": "Circular",
    "GlobalID": "{56A9A742-DD76-4EA1-A3A7-5F531ADCB9FB}",
    "created_user": "GIS",
    "created_date": 1600300800000,
    "last_edited_user": "GIS",
    "last_edited_date": 1600300800000,
    "LEGACYID": "C2-5691 : C2-5690",
    "US_Vert_Datum": " ",
    "DS_Vert_Datum": " ",
    "Dewb_Worked_On": 0,
    "AssetStatus": "Active",
    "AccuracyStatus": "Unknown/Null (accurate = no)",
    "InaccuracyType": null,
    "AccuracyDate": null,
    "AccuracyComments": null,
    "AssociatedInspections": null,
    "ArchiveReason": null,
    "ArchiveProjectName": null,
    "ArchiveDate": null,
    "ArchiveComments": null,
    "ReplacedAssetID": null,
    "FID": null,
    "CreationDate": 1667400748941,
    "Creator": "NLandin_wc",
    "EditDate": 1667486549413,
    "Editor": "melliot_wc",
    "Shape_Length": 324.68420566866683
   },
   "geometry": {
    "type": "LineString",
    "coordinates": [
     [
      -71.10615710873705,
      42.38767468007714
     ],
     [
      -71.10558118144007,
      42.38845666770122
     ]
    ]
   }
  },
  {
   "type": "Feature",
   "properties": {
    "OBJECTID": 1183,
    "FACILITYID": "S2-6147 : S2-6141",
    "INSTALLDATE": null,
    "Height": 0,
    "Width": 0,
    "LINEDYEAR": " ",
    "LINERTYPE": " ",
    "FROMMH": "S2-6147",
    "TOMH": "S2-6141",
    "WaterType": "Storm",
    "GraphicType": "Storm",
    "ENABLED": 1,
    "ACTIVEFLAG": 1,
    "OWNEDBY": 1,
    "MAINTBY": 1,
    "SUMFLOW": 0,
    "UPELEV": 0,
    "UpstreamIn": 0,
    "DOWNELEV": 0,
    "Downstream": 0,
    "SLOPE": 0,
    "SlopeSourc": " ",
    "Streetname": "MEDFORD ST",
    "CatchArea": " ",
    "Comments": " ",
    "BarrelCount": 0,
    "UnderDiam": 0,
    "UnderMat": " ",
    "FieldBook": " ",
    "LifecycleS": " ",
    "CIP_Area": 0,
    "LGMLoad3": 11159,
    "MeasuredLength": 183,
    "PossDelete": " ",
    "PlanNum": "Unknown",
    "InstalID_1": " ",
    "UpdateSour": " ",
    "UpdateDesc": " ",
    "LiningType": " ",
    "Owner": " ",
    "Slope_DWG": 0,
    "Slope_Tech": 0,
    "Slope_GIS": 0,
    "Group_1": 0,
    "SubType_1": 0,
    "Material": "Reinforced Concrete",
    "MatCode": "RC",
    "Diameter": 12,
    "MainShape": "Circular",
    "GlobalID": "{7CFACC61-AEF5-4D96-B33C-2D0904909314}",
    "created_user": "GIS",
    "created_date": 1600300800000,
    "last_edited_user": "GIS",
    "last_edited_date": 1600300800000,
    "LEGACYID": "S2-6147 : S2-6141",
    "US_Vert_Datum": " ",
    "DS_Vert_Datum": " ",
    "Dewb_Worked_On": 0,
    "AssetStatus": "Active",
    "AccuracyStatus": "Unknown/Null (accurate = no)",
    "InaccuracyType": null,
    "AccuracyDate": null,
    "AccuracyComments": null,
    "AssociatedInspections": null,
    "ArchiveReason": null,
    "ArchiveProjectName": null,
    "ArchiveDate": null,
    "ArchiveComments": "FY2023 CCTV Inspection",
    "ReplacedAssetID": null,
    "FID": null,
    "CreationDate": 1667400748941,
    "Creator": "NLandin_wc",
    "EditDate": 1685113743995,
    "Editor": "melliot_wc",
    "Shape_Length": 182.3727034437432
   },
   "geometry": {
    "type": "LineString",
    "coordinates": [
     [
      -71.09495154634904,
      42.38664029067165
     ],
     [
      -71.09449346514987,
      42.38627270842912
     ]
    ]
   }
  },
  {
   "type": "Feature",
   "properties": {
    "OBJECTID": 1200,
    "FACILITYID": "C2-5985 : C2-5976",
    "INSTALLDATE": null,
    "Height": 0,
    "Width": 0,
    "LINEDYEAR": " ",
    "LINERTYPE": " ",
    "FROMMH": "C2-5985",
    "TOMH": "C2-5976",
    "WaterType": "Storm",
    "GraphicType": "Storm",
    "ENABLED": 1,
    "ACTIVEFLAG": 1,
    "OWNEDBY": 1,
    "MAINTBY": 1,
    "SUMFLOW": 0,
    "UPELEV": 0,
    "UpstreamIn": 0,
    "DOWNELEV": 0,
    "Downstream": 0,
    "SLOPE": 0,
    "SlopeSourc": " ",
    "Streetname": "SOMERVILLE AVE",
    "CatchArea": " ",
    "Comments": " ",
    "BarrelCount": 0,
    "UnderDiam": 0,
    "UnderMat": " ",
    "FieldBook": " ",
    "LifecycleS": " ",
    "CIP_Area": 0,
    "LGMLoad3": 10918,
    "MeasuredLength": 222,
    "PossDelete": " ",
    "PlanNum": "CITY MAP",
    "InstalID_1": " ",
    "UpdateSour": " ",
    "UpdateDesc": " ",
    "LiningType": " ",
    "Owner": " ",
    "Slope_DWG": 0,
    "Slope_Tech": 0,
    "Slope_GIS": 0,
    "Group_1": 0,
    "SubType_1": 0,
    "Material": "Polyvinyl Chloride",
    "MatCode": "PC",
    "Diameter": 60,
    "MainShape": "Circular",
    "GlobalID": "{E850449F-ECF0-415B-B72A-6EF865485846}",
    "created_user": "GIS",
    "created_date": 1600300800000,
    "last_edited_user": "GIS",
    "last_edited_date": 1600300800000,
    "LEGACYID": "C2-5985 : C2-5976",
    "US_Vert_Datum": " ",
    "DS_Vert_Datum": " ",
    "Dewb_Worked_On": 0,
    "AssetStatus": "Active",
    "AccuracyStatus": "Unknown/Null (accurate = no)",
    "InaccuracyType": null,
    "AccuracyDate": null,
    "AccuracyComments": null,
    "AssociatedInspections": null,
    "ArchiveReason": null,
    "ArchiveProjectName": null,
    "ArchiveDate": null,
    "ArchiveComments": null,
    "ReplacedAssetID": null,
    "FID": null,
    "CreationDate": 1667400748941,
    "Creator": "NLandin_wc",
    "EditDate": 1667486549491,
    "Editor": "melliot_wc",
    "Shape_Length": 222.6211087558428
   },
   "geometry": {
    "type": "LineString",
    "coordinates": [
     [
      -71.10273651362056,
      42.382264588465965
     ],
     [
      -71.10198140791239,
      42.38202009761969
     ]
    ]
   }
  },
  {
   "type": "Feature",
   "properties": {
    "OBJECTID": 1220,
    "FACILITYID": "C2-5161 : C2-5162",
    "INSTALLDATE": -2255299200000,
    "Height": 0,
    "Width": 0,
    "LINEDYEAR": " ",
    "LINERTYPE": " ",
    "FROMMH": "C2-5161",
    "TOMH": "C2-5162",
    "WaterType": "Storm",
    "GraphicType": "Storm",
    "ENABLED": 1,
    "ACTIVEFLAG": 1,
    "OWNEDBY": 1,
    "MAINTBY": 1,
    "SUMFLOW": 0,
    "UPELEV": 14.28,
    "UpstreamIn": 14.28,
    "DOWNELEV": 12.7,
    "Downstream": 12.7,
    "SLOPE": 0.57,
    "SlopeSourc": "DWG",
    "Streetname": "BOW ST",
    "CatchArea": " ",
    "Comments": " ",
    "BarrelCount": 0,
    "UnderDiam": 0,
    "UnderMat": " ",
    "FieldBook": " ",
    "LifecycleS": "Active",
    "CIP_Area": 8,
    "LGMLoad3": 8105,
    "MeasuredLength": 0,
    "PossDelete": " ",
    "PlanNum": "BB-24,BB-23",
    "InstalID_1": "7/14/1898",
    "UpdateSour": " ",
    "UpdateDesc": " ",
    "LiningType": " ",
    "Owner": "Somerv",
    "Slope_DWG": 0.57,
    "Slope_Tech": 9999,
    "Slope_GIS": 9999,
    "Group_1": 2,
    "SubType_1": 1,
    "Material": "Brick",
    "MatCode": "Br",
    "Diameter": 51,
    "MainShape": "Circular",
    "GlobalID": "{9D5AAC78-7FB4-4D76-828F-CE494C771396}",
    "created_user": "GIS",
    "created_date": 1600300800000,
    "last_edited_user": "GIS",
    "last_edited_date": 1600300800000,
    "LEGACYID": "C2-5161 : C2-5162",
    "US_Vert_Datum": " ",
    "DS_Vert_Datum": " ",
    "Dewb_Worked_On": 0,
    "AssetStatus": "Active",
    "AccuracyStatus": "Unknown/Null (accurate = no)",
    "InaccuracyType": null,
    "AccuracyDate": null,
    "AccuracyComments": null,
    "AssociatedInspections": null,
    "ArchiveReason": null,
    "ArchiveProjectName": null,
    "ArchiveDate": null,
    "ArchiveComments": null,
    "ReplacedAssetID": null,
    "FID": null,
    "CreationDate": 1667400748941,
    "Creator": "NLandin_wc",
    "EditDate": 1667486549555,
    "Editor": "melliot_wc",
    "Shape_Length": 279.69974459212256
   },
   "geometry": {
    "type": "LineString",
    "coordinates": [
     [
      -71.0977107718801,
      42.38165610482832
     ],
     [
      -71.09762419200943,
      42.381616766639375
     ],
     [
      -71.0975703881779,
      42.38158942228424
     ],
     [
      -71.09752815599069,
      42.38156069053435
     ],
     [
      -71.09749171845156,
      42.381531979041824
     ],
     [
      -71.09745533492816,
      42.38149326106917
     ],
     [
      -71.09743236760245,
      42.381467458690395
     ],
     [
      -71.0971430088116,
      42.38103377738091
     ]
    ]
   }
  },
  {
   "type": "Feature",
   "properties": {
    "OBJECTID": 1223,
    "FACILITYID": "FIT-1440 : C2-5770",
    "INSTALLDATE": null,
    "Height": 0,
    "Width": 0,
    "LINEDYEAR": " ",
    "LINERTYPE": " ",
    "FROMMH": "FIT-1440",
    "TOMH": "C2-5770",
    "WaterType": "Storm",
    "GraphicType": "Storm",
    "ENABLED": 1,
    "ACTIVEFLAG": 1,
    "OWNEDBY": 1,
    "MAINTBY": 1,
    "SUMFLOW": 0,
    "UPELEV": 0,
    "UpstreamIn": 0,
    "DOWNELEV": 0,
    "Downstream": 0,
    "SLOPE": 0,
    "SlopeSourc": " ",
    "Streetname": "SOMERVILLE AVE",
    "CatchArea": " ",
    "Comments": " ",
    "BarrelCount": 0,
    "UnderDiam": 0,
    "UnderMat": " ",
    "FieldBook": " ",
    "LifecycleS": " ",
    "CIP_Area": 0,
    "LGMLoad3": 10740,
    "MeasuredLength": 414,
    "PossDelete": " ",
    "PlanNum": "CITY MAP",
    "InstalID_1": " ",
    "UpdateSour": " ",
    "UpdateDesc": " ",
    "LiningType": " ",
    "Owner": " ",
    "Slope_DWG": 0,
    "Slope_Tech": 0,
    "Slope_GIS": 0,
    "Group_1": 0,
    "SubType_1": 0,
    "Material": "Reinforced Concrete",
    "MatCode": "RC",
    "Diameter": 60,
    "MainShape": "Circular",
    "GlobalID": "{F2D884D7-ECCF-430D-B68A-291B4F297AAC}",
    "created_user": "GIS",
    "created_date": 1600300800000,
    "last_edited_user": "GIS",
    "last_edited_date": 1600300800000,
    "LEGACYID": "FIT-1440 : C2-5770",
    "US_Vert_Datum": " ",
    "DS_Vert_Datum": " ",
    "Dewb_Worked_On": 0,
    "AssetStatus": "Active",
    "AccuracyStatus": "Unknown/Null (accurate = no)",
    "InaccuracyType": null,
    "AccuracyDate": null,
    "AccuracyComments": null,
    "AssociatedInspections": null,
    "ArchiveReason": null,
    "ArchiveProjectName": null,
    "ArchiveDate": null,
    "ArchiveComments": null,
    "ReplacedAssetID": null,
    "FID": null,
    "CreationDate": 1667400748941,
    "Creator": "NLandin_wc",
    "EditDate": 1667486549555,
    "Editor": "melliot_wc",
    "Shape_Length": 161.4360346961405
   },
   "geometry": {
    "type": "LineString",
    "coordinates": [
     [
      -71.10852185549925,
      42.38371328960377
     ],
     [
      -71.10794429500801,
      42.38359972386082
     ]
    ]
   }
  },
  {
   "type": "Feature",
   "properties": {
    "OBJECTID": 1234,
    "FACILITYID": "C2-5700 : C2-972",
    "INSTALLDATE": null,
    "Height": 0,
    "Width": 0,
    "LINEDYEAR": " ",
    "LINERTYPE": " ",
    "FROMMH": "C2-5700",
    "TOMH": "C2-972",
    "WaterType": "Storm",
    "GraphicType": "Storm",
    "ENABLED": 1,
    "ACTIVEFLAG": 1,
    "OWNEDBY": 1,
    "MAINTBY": 1,
    "SUMFLOW": 0,
    "UPELEV": 0,
    "UpstreamIn": 0,
    "DOWNELEV": 0,
    "Downstream": 0,
    "SLOPE": 0,
    "SlopeSourc": " ",
    "Streetname": "KNAPP ST",
    "CatchArea": " ",
    "Comments": " ",
    "BarrelCount": 0,
    "UnderDiam": 0,
    "UnderMat": " ",
    "FieldBook": " ",
    "LifecycleS": " ",
    "CIP_Area": 0,
    "LGMLoad3": 10673,
    "MeasuredLength": 42,
    "PossDelete": " ",
    "PlanNum": "Unknown",
    "InstalID_1": " ",
    "UpdateSour": " ",
    "UpdateDesc": " ",
    "LiningType": " ",
    "Owner": " ",
    "Slope_DWG": 0,
    "Slope_Tech": 0,
    "Slope_GIS": 0,
    "Group_1": 0,
    "SubType_1": 0,
    "Material": "Vitrified Clay",
    "MatCode": "VC",
    "Diameter": 8,
    "MainShape": "Circular",
    "GlobalID": "{F1DAED4D-F1DB-4B83-BCA2-CD5523D1C926}",
    "created_user": "GIS",
    "created_date": 1600300800000,
    "last_edited_user": "GIS",
    "last_edited_date": 1600300800000,
    "LEGACYID": "C2-5700 : C2-972",
    "US_Vert_Datum": " ",
    "DS_Vert_Datum": " ",
    "Dewb_Worked_On": 0,
    "AssetStatus": "Active",
    "AccuracyStatus": "Unknown/Null (accurate = no)",
    "InaccuracyType": null,
    "AccuracyDate": null,
    "AccuracyComments": null,
    "AssociatedInspections": null,
    "ArchiveReason": null,
    "ArchiveProjectName": null,
    "ArchiveDate": null,
    "ArchiveComments": null,
    "ReplacedAssetID": null,
    "FID": null,
    "CreationDate": 1667400748941,
    "Creator": "NLandin_wc",
    "EditDate": 1667486549586,
    "Editor": "melliot_wc",
    "Shape_Length": 41.744483474853055
   },
   "geometry": {
    "type": "LineString",
    "coordinates": [
     [
      -71.10292427455765,
      42.382994358289395
     ],
     [
      -71.10307050862578,
      42.38303134237751
     ]
    ]
   }
  },
  {
   "type": "Feature",
   "properties": {
    "OBJECTID": 1235,
    "FACILITYID": "30-5403 : 30-5402",
    "INSTALLDATE": null,
    "Height": 0,
    "Width": 0,
    "LINEDYEAR": " ",
    "LINERTYPE": " ",
    "FROMMH": "30-5403",
    "TOMH": "30-5402",
    "WaterType": "Storm",
    "GraphicType": "Storm",
    "ENABLED": 1,
    "ACTIVEFLAG": 1,
    "OWNEDBY": 1,
    "MAINTBY": 1,
    "SUMFLOW": 0,
    "UPELEV": 76.56,
    "UpstreamIn": 76.56,
    "DOWNELEV": 75.49,
    "Downstream": 75.49,
    "SLOPE": 0.64,
    "SlopeSourc": "DWG",
    "Streetname": "HUDSON ST",
    "CatchArea": " ",
    "Comments": " ",
    "BarrelCount": 0,
    "UnderDiam": 0,
    "UnderMat": " ",
    "FieldBook": " ",
    "LifecycleS": "Active",
    "CIP_Area": 0,
    "LGMLoad3": 6238,
    "MeasuredLength": 0,
    "PossDelete": " ",
    "PlanNum": "TB-047",
    "InstalID_1": " ",
    "UpdateSour": " ",
    "UpdateDesc": " ",
    "LiningType": " ",
    "Owner": "Somerv",
    "Slope_DWG": 0.64,
    "Slope_Tech": 9999,
    "Slope_GIS": 9999,
    "Group_1": 0,
    "SubType_1": 1,
    "Material": "Reinforced Concrete",
    "MatCode": "RC",
    "Diameter": 21,
    "MainShape": "Circular",
    "GlobalID": "{2AE7BA46-AAAE-4105-B347-060B8E0F0B0E}",
    "created_user": "GIS",
    "created_date": 1600300800000,
    "last_edited_user": "GIS",
    "last_edited_date": 1600300800000,
    "LEGACYID": "30-5403 : 30-5402",
    "US_Vert_Datum": " ",
    "DS_Vert_Datum": " ",
    "Dewb_Worked_On": 0,
    "AssetStatus": "Active",
    "AccuracyStatus": "Unknown/Null (accurate = no)",
    "InaccuracyType": null,
    "AccuracyDate": null,
    "AccuracyComments": null,
    "AssociatedInspections": null,
    "ArchiveReason": null,
    "ArchiveProjectName": null,
    "ArchiveDate": null,
    "ArchiveComments": null,
    "ReplacedAssetID": null,
    "FID": null,
    "CreationDate": 1667400748941,
    "Creator": "NLandin_wc",
    "EditDate": 1667486549602,
    "Editor": "melliot_wc",
    "Shape_Length": 171.280249224895
   },
   "geometry": {
    "type": "LineString",
    "coordinates": [
     [
      -71.10511854541078,
      42.39003374172414
     ],
     [
      -71.10569978249904,
      42.39022150721865
     ]
    ]
   }
  },
  {
   "type": "Feature",
   "properties": {
    "OBJECTID": 1239,
    "FACILITYID": "FIT-1493 : FIT-459",
    "INSTALLDATE": -2261952000000,
    "Height": 0,
    "Width": 0,
    "LINEDYEAR": " ",
    "LINERTYPE": " ",
    "FROMMH": "FIT-1493",
    "TOMH": "FIT-459",
    "WaterType": "Storm",
    "GraphicType": "Storm",
    "ENABLED": 1,
    "ACTIVEFLAG": 1,
    "OWNEDBY": 1,
    "MAINTBY": 1,
    "SUMFLOW": 0,
    "UPELEV": 29.71,
    "UpstreamIn": 29.71,
    "DOWNELEV": 27.71,
    "Downstream": 27.71,
    "SLOPE": 0.4,
    "SlopeSourc": "DWG",
    "Streetname": "MEDFORD ST, PEARL ST",
    "CatchArea": " ",
    "Comments": "DOWNSTREAM INVERT ESTIMATED",
    "BarrelCount": 1,
    "UnderDiam": 0,
    "UnderMat": " ",
    "FieldBook": " ",
    "LifecycleS": "Active",
    "CIP_Area": 0,
    "LGMLoad3": 7541,
    "MeasuredLength": 0,
    "PossDelete": " ",
    "PlanNum": "BB-13",
    "InstalID_1": "4/28/1898",
    "UpdateSour": " ",
    "UpdateDesc": " ",
    "LiningType": " ",
    "Owner": "Somerv",
    "Slope_DWG": 0.4,
    "Slope_Tech": 9999,
    "Slope_GIS": 9999,
    "Group_1": 2,
    "SubType_1": 1,
    "Material": "Unknown",
    "MatCode": "Unk",
    "Diameter": 48,
    "MainShape": "Unknown",
    "GlobalID": "{49BD4D56-D775-45C2-88B8-0DBB5285ED90}",
    "created_user": "GIS",
    "created_date": 1600300800000,
    "last_edited_user": "GIS",
    "last_edited_date": 1600300800000,
    "LEGACYID": "FIT-1493 : FIT-459",
    "US_Vert_Datum": " ",
    "DS_Vert_Datum": " ",
    "Dewb_Worked_On": 0,
    "AssetStatus": "Active",
    "AccuracyStatus": "Unknown/Null (accurate = no)",
    "InaccuracyType": null,
    "AccuracyDate": null,
    "AccuracyComments": null,
    "AssociatedInspections": null,
    "ArchiveReason": null,
    "ArchiveProjectName": null,
    "ArchiveDate": null,
    "ArchiveComments": null,
    "ReplacedAssetID": null,
    "FID": null,
    "CreationDate": 1667400748941,
    "Creator": "NLandin_wc",
    "EditDate": 1667486549602,
    "Editor": "melliot_wc",
    "Shape_Length": 501.1406791965157
   },
   "geometry": {
    "type": "LineString",
    "coordinates": [
     [
      -71.09717551140771,
      42.38912541270157
     ],
     [
      -71.0963456904989,
      42.38830607609333
     ],
     [
      -71.09591340947907,
      42.3881638715858
     ]
    ]
   }
  },
  {
   "type": "Feature",
   "properties": {
    "OBJECTID": 1244,
    "FACILITYID": "C2-5732 : C2-5731",
    "INSTALLDATE": null,
    "Height": 0,
    "Width": 0,
    "LINEDYEAR": " ",
    "LINERTYPE": " ",
    "FROMMH": "C2-5732",
    "TOMH": "C2-5731",
    "WaterType": "Storm",
    "GraphicType": "Storm",
    "ENABLED": 1,
    "ACTIVEFLAG": 1,
    "OWNEDBY": 1,
    "MAINTBY": 1,
    "SUMFLOW": 0,
    "UPELEV": 0,
    "UpstreamIn": 0,
    "DOWNELEV": 0,
    "Downstream": 0,
    "SLOPE": 0,
    "SlopeSourc": " ",
    "Streetname": "LANDERS ST",
    "CatchArea": " ",
    "Comments": " ",
    "BarrelCount": 0,
    "UnderDiam": 0,
    "UnderMat": " ",
    "FieldBook": " ",
    "LifecycleS": " ",
    "CIP_Area": 0,
    "LGMLoad3": 10690,
    "MeasuredLength": 97,
    "PossDelete": " ",
    "PlanNum": "CITY MAP",
    "InstalID_1": " ",
    "UpdateSour": " ",
    "UpdateDesc": " ",
    "LiningType": " ",
    "Owner": " ",
    "Slope_DWG": 0,
    "Slope_Tech": 0,
    "Slope_GIS": 0,
    "Group_1": 0,
    "SubType_1": 0,
    "Material": "Reinforced Concrete",
    "MatCode": "RC",
    "Diameter": 12,
    "MainShape": "Circular",
    "GlobalID": "{42FEC5B6-4A4D-458B-8501-9EEBC09FB1DB}",
    "created_user": "GIS",
    "created_date": 1600300800000,
    "last_edited_user": "GIS",
    "last_edited_date": 1600300800000,
    "LEGACYID": "C2-5732 : C2-5731",
    "US_Vert_Datum": " ",
    "DS_Vert_Datum": " ",
    "Dewb_Worked_On": 0,
    "AssetStatus": "Active",
    "AccuracyStatus": "Unknown/Null (accurate = no)",
    "InaccuracyType": null,
    "AccuracyDate": null,
    "AccuracyComments": null,
    "AssociatedInspections": null,
    "ArchiveReason": null,
    "ArchiveProjectName": null,
    "ArchiveDate": null,
    "ArchiveComments": null,
    "ReplacedAssetID": null,
    "FID": null,
    "CreationDate": 1667400748941,
    "Creator": "NLandin_wc",
    "EditDate": 1667486549617,
    "Editor": "melliot_wc",
    "Shape_Length": 95.38980502896824
   },
   "geometry": {
    "type": "LineString",
    "coordinates": [
     [
      -71.10165790782861,
      42.383359530906475
     ],
     [
      -71.10133502252283,
      42.383253636644596
     ]
    ]
   }
  },
  {
   "type": "Feature",
   "properties": {
    "OBJECTID": 1253,
    "FACILITYID": "FIT-1469 : C2-5701",
    "INSTALLDATE": null,
    "Height": 0,
    "Width": 0,
    "LINEDYEAR": " ",
    "LINERTYPE": " ",
    "FROMMH": "FIT-1469",
    "TOMH": "C2-5701",
    "WaterType": "Storm",
    "GraphicType": "Storm",
    "ENABLED": 1,
    "ACTIVEFLAG": 1,
    "OWNEDBY": 1,
    "MAINTBY": 1,
    "SUMFLOW": 0,
    "UPELEV": 0,
    "UpstreamIn": 0,
    "DOWNELEV": 0,
    "Downstream": 0,
    "SLOPE": 0,
    "SlopeSourc": " ",
    "Streetname": "OSGOOD ST",
    "CatchArea": " ",
    "Comments": " ",
    "BarrelCount": 0,
    "UnderDiam": 0,
    "UnderMat": " ",
    "FieldBook": " ",
    "LifecycleS": " ",
    "CIP_Area": 0,
    "LGMLoad3": 10675,
    "MeasuredLength": 58,
    "PossDelete": " ",
    "PlanNum": "Unknown",
    "InstalID_1": " ",
    "UpdateSour": " ",
    "UpdateDesc": " ",
    "LiningType": " ",
    "Owner": " ",
    "Slope_DWG": 0,
    "Slope_Tech": 0,
    "Slope_GIS": 0,
    "Group_1": 0,
    "SubType_1": 0,
    "Material": "Polyvinyl Chloride",
    "MatCode": "PC",
    "Diameter": 6,
    "MainShape": "Circular",
    "GlobalID": "{C65B486D-893B-47E2-A2AD-36056813A6DC}",
    "created_user": "GIS",
    "created_date": 1600300800000,
    "last_edited_user": "GIS",
    "last_edited_date": 1600300800000,
    "LEGACYID": "FIT-1469 : C2-5701",
    "US_Vert_Datum": " ",
    "DS_Vert_Datum": " ",
    "Dewb_Worked_On": 0,
    "AssetStatus": "Active",
    "AccuracyStatus": "Unknown/Null (accurate = no)",
    "InaccuracyType": null,
    "AccuracyDate": null,
    "AccuracyComments": null,
    "AssociatedInspections": null,
    "ArchiveReason": null,
    "ArchiveProjectName": null,
    "ArchiveDate": null,
    "ArchiveComments": null,
    "ReplacedAssetID": null,
    "FID": null,
    "CreationDate": 1667400748941,
    "Creator": "NLandin_wc",
    "EditDate": 1667486549648,
    "Editor": "melliot_wc",
    "Shape_Length": 61.59459473489543
   },
   "geometry": {
    "type": "LineString",
    "coordinates": [
     [
      -71.10242061377556,
      42.38361049514206
     ],
     [
      -71.1022113140487,
      42.38354348652486
     ]
    ]
   }
  },
  {
   "type": "Feature",
   "properties": {
    "OBJECTID": 1261,
    "FACILITYID": "C2-970 : C2-972",
    "INSTALLDATE": -2446070400000,
    "Height": 0,
    "Width": 0,
    "LINEDYEAR": " ",
    "LINERTYPE": " ",
    "FROMMH": "C2-970",
    "TOMH": "C2-972",
    "WaterType": "Storm",
    "GraphicType": "StormOverSanitary",
    "ENABLED": 1,
    "ACTIVEFLAG": 1,
    "OWNEDBY": 1,
    "MAINTBY": 1,
    "SUMFLOW": 0,
    "UPELEV": 25.26,
    "UpstreamIn": 25.26,
    "DOWNELEV": 20.08,
    "Downstream": 20.08,
    "SLOPE": 2.16090751,
    "SlopeSourc": "DWG",
    "Streetname": "GRANITE ST",
    "CatchArea": " ",
    "Comments": "ACTUALLY SANITARY OVER STORM - CONVERTED FROM C.S.S. INTO S.D.",
    "BarrelCount": 0,
    "UnderDiam": 0,
    "UnderMat": " ",
    "FieldBook": " ",
    "LifecycleS": "Active",
    "CIP_Area": 8,
    "LGMLoad3": 5065,
    "MeasuredLength": 0,
    "PossDelete": " ",
    "PlanNum": "P-02",
    "InstalID_1": "6/27/1892",
    "UpdateSour": " ",
    "UpdateDesc": " ",
    "LiningType": " ",
    "Owner": "Somerv",
    "Slope_DWG": 2.16,
    "Slope_Tech": 9999,
    "Slope_GIS": 9999,
    "Group_1": 2,
    "SubType_1": 1,
    "Material": "Unknown",
    "MatCode": "Unk",
    "Diameter": 12,
    "MainShape": "Circular",
    "GlobalID": "{B78D4BB1-8764-4D03-8174-E289BE19281A}",
    "created_user": "GIS",
    "created_date": 1600300800000,
    "last_edited_user": "GIS",
    "last_edited_date": 1600300800000,
    "LEGACYID": "C2-970 : C2-972",
    "US_Vert_Datum": " ",
    "DS_Vert_Datum": " ",
    "Dewb_Worked_On": 0,
    "AssetStatus": "Active",
    "AccuracyStatus": "Unknown/Null (accurate = no)",
    "InaccuracyType": null,
    "AccuracyDate": null,
    "AccuracyComments": null,
    "AssociatedInspections": null,
    "ArchiveReason": null,
    "ArchiveProjectName": null,
    "ArchiveDate": null,
    "ArchiveComments": null,
    "ReplacedAssetID": null,
    "FID": null,
    "CreationDate": 1667400748941,
    "Creator": "NLandin_wc",
    "EditDate": 1667486549680,
    "Editor": "melliot_wc",
    "Shape_Length": 239.71410044794524
   },
   "geometry": {
    "type": "LineString",
    "coordinates": [
     [
      -71.10271653123175,
      42.38363451147842
     ],
     [
      -71.10307050862578,
      42.38303134237751
     ]
    ]
   }
  },
  {
   "type": "Feature",
   "properties": {
    "OBJECTID": 1266,
    "FACILITYID": "C2-972 : FIT-1466",
    "INSTALLDATE": -1138752000000,
    "Height": 0,
    "Width": 0,
    "LINEDYEAR": " ",
    "LINERTYPE": " ",
    "FROMMH": "C2-972",
    "TOMH": "FIT-1466",
    "WaterType": "Storm",
    "GraphicType": "StormOverSanitary",
    "ENABLED": 1,
    "ACTIVEFLAG": 1,
    "OWNEDBY": 1,
    "MAINTBY": 1,
    "SUMFLOW": 0,
    "UPELEV": 20.05,
    "UpstreamIn": 20.05,
    "DOWNELEV": 16.2,
    "Downstream": 16.2,
    "SLOPE": 2.12858934,
    "SlopeSourc": "DWG",
    "Streetname": "GRANITE ST",
    "CatchArea": " ",
    "Comments": "ACTUALLY SANITARY OVER STORM",
    "BarrelCount": 0,
    "UnderDiam": 0,
    "UnderMat": " ",
    "FieldBook": " ",
    "LifecycleS": "Active",
    "CIP_Area": 8,
    "LGMLoad3": 5069,
    "MeasuredLength": 0,
    "PossDelete": " ",
    "PlanNum": "PF-086",
    "InstalID_1": "12/1/1933",
    "UpdateSour": " ",
    "UpdateDesc": " ",
    "LiningType": " ",
    "Owner": "Somerv",
    "Slope_DWG": 2.16,
    "Slope_Tech": 9999,
    "Slope_GIS": 9999,
    "Group_1": 4,
    "SubType_1": 1,
    "Material": "Unknown",
    "MatCode": "Unk",
    "Diameter": 12,
    "MainShape": "Circular",
    "GlobalID": "{205068F3-A8D5-4B21-9873-F483F533DB21}",
    "created_user": "GIS",
    "created_date": 1600300800000,
    "last_edited_user": "GIS",
    "last_edited_date": 1600300800000,
    "LEGACYID": "C2-972 : FIT-1466",
    "US_Vert_Datum": " ",
    "DS_Vert_Datum": " ",
    "Dewb_Worked_On": 0,
    "AssetStatus": "Active",
    "AccuracyStatus": "Unknown/Null (accurate = no)",
    "InaccuracyType": null,
    "AccuracyDate": null,
    "AccuracyComments": null,
    "AssociatedInspections": null,
    "ArchiveReason": null,
    "ArchiveProjectName": null,
    "ArchiveDate": null,
    "ArchiveComments": null,
    "ReplacedAssetID": null,
    "FID": null,
    "CreationDate": 1667400748941,
    "Creator": "NLandin_wc",
    "EditDate": 1667486549695,
    "Editor": "melliot_wc",
    "Shape_Length": 180.8709610882993
   },
   "geometry": {
    "type": "LineString",
    "coordinates": [
     [
      -71.10307050862578,
      42.38303134237751
     ],
     [
      -71.10334021006786,
      42.38257708379415
     ]
    ]
   }
  },
  {
   "type": "Feature",
   "properties": {
    "OBJECTID": 1293,
    "FACILITYID": "C2-5688 : C2-5686",
    "INSTALLDATE": null,
    "Height": 0,
    "Width": 0,
    "LINEDYEAR": " ",
    "LINERTYPE": " ",
    "FROMMH": "C2-5688",
    "TOMH": "C2-5686",
    "WaterType": "Storm",
    "GraphicType": "Storm",
    "ENABLED": 1,
    "ACTIVEFLAG": 1,
    "OWNEDBY": 1,
    "MAINTBY": 1,
    "SUMFLOW": 0,
    "UPELEV": 0,
    "UpstreamIn": 0,
    "DOWNELEV": 0,
    "Downstream": 0,
    "SLOPE": 0,
    "SlopeSourc": " ",
    "Streetname": "CENTRAL ST",
    "CatchArea": " ",
    "Comments": " ",
    "BarrelCount": 0,
    "UnderDiam": 0,
    "UnderMat": " ",
    "FieldBook": " ",
    "LifecycleS": " ",
    "CIP_Area": 0,
    "LGMLoad3": 10669,
    "MeasuredLength": 237,
    "PossDelete": " ",
    "PlanNum": "I-01",
    "InstalID_1": " ",
    "UpdateSour": " ",
    "UpdateDesc": " ",
    "LiningType": " ",
    "Owner": " ",
    "Slope_DWG": 0,
    "Slope_Tech": 0,
    "Slope_GIS": 0,
    "Group_1": 0,
    "SubType_1": 0,
    "Material": "Reinforced Concrete",
    "MatCode": "RC",
    "Diameter": 15,
    "MainShape": "Circular",
    "GlobalID": "{1F674177-7B5F-43BA-80DA-C35001BAE3D3}",
    "created_user": "GIS",
    "created_date": 1600300800000,
    "last_edited_user": "GIS",
    "last_edited_date": 1600300800000,
    "LEGACYID": "C2-5688 : C2-5686",
    "US_Vert_Datum": " ",
    "DS_Vert_Datum": " ",
    "Dewb_Worked_On": 0,
    "AssetStatus": "Active",
    "AccuracyStatus": "Unknown/Null (accurate = no)",
    "InaccuracyType": null,
    "AccuracyDate": null,
    "AccuracyComments": null,
    "AssociatedInspections": null,
    "ArchiveReason": null,
    "ArchiveProjectName": null,
    "ArchiveDate": null,
    "ArchiveComments": null,
    "ReplacedAssetID": null,
    "FID": null,
    "CreationDate": 1667400748941,
    "Creator": "NLandin_wc",
    "EditDate": 1667486549775,
    "Editor": "melliot_wc",
    "Shape_Length": 235.95088206619275
   },
   "geometry": {
    "type": "LineString",
    "coordinates": [
     [
      -71.10514261989361,
      42.38767555415096
     ],
     [
      -71.1043449619618,
      42.387411840149326
     ]
    ]
   }
  },
  {
   "type": "Feature",
   "properties": {
    "OBJECTID": 1296,
    "FACILITYID": "C2-5712 : C2-5713",
    "INSTALLDATE": null,
    "Height": 0,
    "Width": 0,
    "LINEDYEAR": " ",
    "LINERTYPE": " ",
    "FROMMH": "C2-5712",
    "TOMH": "C2-5713",
    "WaterType": "Storm",
    "GraphicType": "Storm",
    "ENABLED": 1,
    "ACTIVEFLAG": 1,
    "OWNEDBY": 1,
    "MAINTBY": 1,
    "SUMFLOW": 0,
    "UPELEV": 0,
    "UpstreamIn": 0,
    "DOWNELEV": 0,
    "Downstream": 0,
    "SLOPE": 0,
    "SlopeSourc": " ",
    "Streetname": "SPRING ST",
    "CatchArea": " ",
    "Comments": " ",
    "BarrelCount": 0,
    "UnderDiam": 0,
    "UnderMat": " ",
    "FieldBook": " ",
    "LifecycleS": " ",
    "CIP_Area": 0,
    "LGMLoad3": 10681,
    "MeasuredLength": 176,
    "PossDelete": " ",
    "PlanNum": "CITY MAP",
    "InstalID_1": " ",
    "UpdateSour": " ",
    "UpdateDesc": " ",
    "LiningType": " ",
    "Owner": " ",
    "Slope_DWG": 0,
    "Slope_Tech": 0,
    "Slope_GIS": 0,
    "Group_1": 0,
    "SubType_1": 0,
    "Material": "Reinforced Concrete",
    "MatCode": "RC",
    "Diameter": 12,
    "MainShape": "Circular",
    "GlobalID": "{085A4C78-2DA3-4A70-BF0D-4BFB9693670A}",
    "created_user": "GIS",
    "created_date": 1600300800000,
    "last_edited_user": "GIS",
    "last_edited_date": 1600300800000,
    "LEGACYID": "C2-5712 : C2-5713",
    "US_Vert_Datum": " ",
    "DS_Vert_Datum": " ",
    "Dewb_Worked_On": 0,
    "AssetStatus": "Active",
    "AccuracyStatus": "Unknown/Null (accurate = no)",
    "InaccuracyType": null,
    "AccuracyDate": null,
    "AccuracyComments": null,
    "AssociatedInspections": null,
    "ArchiveReason": null,
    "ArchiveProjectName": null,
    "ArchiveDate": null,
    "ArchiveComments": null,
    "ReplacedAssetID": null,
    "FID": null,
    "CreationDate": 1667400748941,
    "Creator": "NLandin_wc",
    "EditDate": 1667486549790,
    "Editor": "melliot_wc",
    "Shape_Length": 162.4221056906343
   },
   "geometry": {
    "type": "LineString",
    "coordinates": [
     [
      -71.10822161763494,
      42.3865299213565
     ],
     [
      -71.10850144232086,
      42.38613544814428
     ]
    ]
   }
  },
  {
   "type": "Feature",
   "properties": {
    "OBJECTID": 1306,
    "FACILITYID": "30-5600 : 30-5599",
    "INSTALLDATE": null,
    "Height": 0,
    "Width": 0,
    "LINEDYEAR": " ",
    "LINERTYPE": " ",
    "FROMMH": "30-5600",
    "TOMH": "30-5599",
    "WaterType": "Storm",
    "GraphicType": "Storm",
    "ENABLED": 1,
    "ACTIVEFLAG": 1,
    "OWNEDBY": 1,
    "MAINTBY": 1,
    "SUMFLOW": 0,
    "UPELEV": 0,
    "UpstreamIn": 0,
    "DOWNELEV": 0,
    "Downstream": 0,
    "SLOPE": 0,
    "SlopeSourc": " ",
    "Streetname": "PEARL ST",
    "CatchArea": " ",
    "Comments": " ",
    "BarrelCount": 0,
    "UnderDiam": 0,
    "UnderMat": " ",
    "FieldBook": " ",
    "LifecycleS": " ",
    "CIP_Area": 0,
    "LGMLoad3": 10593,
    "MeasuredLength": 32,
    "PossDelete": " ",
    "PlanNum": "198 M-1-SHORT",
    "InstalID_1": " ",
    "UpdateSour": " ",
    "UpdateDesc": " ",
    "LiningType": " ",
    "Owner": " ",
    "Slope_DWG": 0,
    "Slope_Tech": 0,
    "Slope_GIS": 0,
    "Group_1": 0,
    "SubType_1": 0,
    "Material": "Vitrified Clay",
    "MatCode": "VC",
    "Diameter": 18,
    "MainShape": "Circular",
    "GlobalID": "{EF247757-ADB2-470F-80AC-6070A407B47D}",
    "created_user": "GIS",
    "created_date": 1600300800000,
    "last_edited_user": "GIS",
    "last_edited_date": 1600300800000,
    "LEGACYID": "30-5600 : 30-5599",
    "US_Vert_Datum": " ",
    "DS_Vert_Datum": " ",
    "Dewb_Worked_On": 0,
    "AssetStatus": "Active",
    "AccuracyStatus": "Unknown/Null (accurate = no)",
    "InaccuracyType": null,
    "AccuracyDate": null,
    "AccuracyComments": null,
    "AssociatedInspections": null,
    "ArchiveReason": null,
    "ArchiveProjectName": null,
    "ArchiveDate": null,
    "ArchiveComments": null,
    "ReplacedAssetID": null,
    "FID": null,
    "CreationDate": 1667400748941,
    "Creator": "NLandin_wc",
    "EditDate": 1667486549821,
    "Editor": "melliot_wc",
    "Shape_Length": 31.557997216391954
   },
   "geometry": {
    "type": "LineString",
    "coordinates": [
     [
      -71.09587316784213,
      42.38821455571566
     ],
     [
      -71.0957637639242,
      42.38818420189448
     ]
    ]
   }
  },
  {
   "type": "Feature",
   "properties": {
    "OBJECTID": 1315,
    "FACILITYID": "FIT-682 : S2-5135",
    "INSTALLDATE": -1356998400000,
    "Height": 0,
    "Width": 0,
    "LINEDYEAR": " ",
    "LINERTYPE": " ",
    "FROMMH": "FIT-682",
    "TOMH": "S2-5135",
    "WaterType": "Storm",
    "GraphicType": "Storm",
    "ENABLED": 1,
    "ACTIVEFLAG": 1,
    "OWNEDBY": 1,
    "MAINTBY": 1,
    "SUMFLOW": 0,
    "UPELEV": 9999,
    "UpstreamIn": 9999,
    "DOWNELEV": 9999,
    "Downstream": 9999,
    "SLOPE": 0,
    "SlopeSourc": " ",
    "Streetname": "BOSTON & LOWELL RAILROAD",
    "CatchArea": " ",
    "Comments": "NO PROFILE MATERIAL AND DIAMETER FROM CITY MAP",
    "BarrelCount": 0,
    "UnderDiam": 0,
    "UnderMat": " ",
    "FieldBook": " ",
    "LifecycleS": "Active",
    "CIP_Area": 0,
    "LGMLoad3": 8894,
    "MeasuredLength": 0,
    "PossDelete": " ",
    "PlanNum": "MM-05",
    "InstalID_1": "1/1/1927",
    "UpdateSour": " ",
    "UpdateDesc": " ",
    "LiningType": " ",
    "Owner": "Somerv",
    "Slope_DWG": 9999,
    "Slope_Tech": 9999,
    "Slope_GIS": 9999,
    "Group_1": 4,
    "SubType_1": 1,
    "Material": "Reinforced Concrete",
    "MatCode": "RC",
    "Diameter": 24,
    "MainShape": "Circular",
    "GlobalID": "{85D20648-A8EE-46D7-BC93-CD537C937F9E}",
    "created_user": "GIS",
    "created_date": 1600300800000,
    "last_edited_user": "GIS",
    "last_edited_date": 1600300800000,
    "LEGACYID": "FIT-682 : S2-5135",
    "US_Vert_Datum": " ",
    "DS_Vert_Datum": " ",
    "Dewb_Worked_On": 0,
    "AssetStatus": "Active",
    "AccuracyStatus": "Unknown/Null (accurate = no)",
    "InaccuracyType": null,
    "AccuracyDate": null,
    "AccuracyComments": null,
    "AssociatedInspections": null,
    "ArchiveReason": null,
    "ArchiveProjectName": null,
    "ArchiveDate": null,
    "ArchiveComments": "Out of Scope",
    "ReplacedAssetID": null,
    "FID": null,
    "CreationDate": 1667400748941,
    "Creator": "NLandin_wc",
    "EditDate": 1685478891464,
    "Editor": "ASchuessler_wc",
    "Shape_Length": 233.90388326721035
   },
   "geometry": {
    "type": "LineString",
    "coordinates": [
     [
      -71.09519417893075,
      42.38740114189751
     ],
     [
      -71.09445308490172,
      42.38706928067178
     ]
    ]
   }
  },
  {
   "type": "Feature",
   "properties": {
    "OBJECTID": 1329,
    "FACILITYID": "C2-5125 : C2-5126",
    "INSTALLDATE": -2255299200000,
    "Height": 0,
    "Width": 0,
    "LINEDYEAR": " ",
    "LINERTYPE": " ",
    "FROMMH": "C2-5125",
    "TOMH": "C2-5126",
    "WaterType": "Storm",
    "GraphicType": "Storm",
    "ENABLED": 1,
    "ACTIVEFLAG": 1,
    "OWNEDBY": 1,
    "MAINTBY": 1,
    "SUMFLOW": 0,
    "UPELEV": 23.29,
    "UpstreamIn": 23.29,
    "DOWNELEV": 19.83,
    "Downstream": 19.83,
    "SLOPE": 1.18,
    "SlopeSourc": "DWG",
    "Streetname": "SUMMER ST",
    "CatchArea": " ",
    "Comments": "MATERIAL FROM CITY MAP",
    "BarrelCount": 0,
    "UnderDiam": 0,
    "UnderMat": " ",
    "FieldBook": " ",
    "LifecycleS": "Active",
    "CIP_Area": 8,
    "LGMLoad3": 8562,
    "MeasuredLength": 0,
    "PossDelete": " ",
    "PlanNum": "BB-25",
    "InstalID_1": "7/14/1898",
    "UpdateSour": " ",
    "UpdateDesc": " ",
    "LiningType": " ",
    "Owner": "Somerv",
    "Slope_DWG": 1.18,
    "Slope_Tech": 9999,
    "Slope_GIS": 9999,
    "Group_1": 2,
    "SubType_1": 1,
    "Material": "Brick",
    "MatCode": "Br",
    "Diameter": 40,
    "MainShape": "Circular",
    "GlobalID": "{FD530BE6-6FC7-4C7F-A965-613D7DFE5DE9}",
    "created_user": "GIS",
    "created_date": 1600300800000,
    "last_edited_user": "GIS",
    "last_edited_date": 1600300800000,
    "LEGACYID": "C2-5125 : C2-5126",
    "US_Vert_Datum": " ",
    "DS_Vert_Datum": " ",
    "Dewb_Worked_On": 0,
    "AssetStatus": "Active",
    "AccuracyStatus": "Unknown/Null (accurate = no)",
    "InaccuracyType": null,
    "AccuracyDate": null,
    "AccuracyComments": null,
    "AssociatedInspections": null,
    "ArchiveReason": null,
    "ArchiveProjectName": null,
    "ArchiveDate": null,
    "ArchiveComments": null,
    "ReplacedAssetID": null,
    "FID": null,
    "CreationDate": 1667400748941,
    "Creator": "NLandin_wc",
    "EditDate": 1667486549900,
    "Editor": "melliot_wc",
    "Shape_Length": 305.759377035465
   },
   "geometry": {
    "type": "LineString",
    "coordinates": [
     [
      -71.09975476511104,
      42.38366280716806
     ],
     [
      -71.09910781993887,
      42.382974397311294
     ]
    ]
   }
  },
  {
   "type": "Feature",
   "properties": {
    "OBJECTID": 1332,
    "FACILITYID": "FIT-1087 : FIT-1086",
    "INSTALLDATE": null,
    "Height": 0,
    "Width": 0,
    "LINEDYEAR": " ",
    "LINERTYPE": " ",
    "FROMMH": "FIT-1087",
    "TOMH": "FIT-1086",
    "WaterType": "Storm",
    "GraphicType": "Storm",
    "ENABLED": 1,
    "ACTIVEFLAG": 1,
    "OWNEDBY": 1,
    "MAINTBY": 1,
    "SUMFLOW": 0,
    "UPELEV": 9999,
    "UpstreamIn": 9999,
    "DOWNELEV": 9999,
    "Downstream": 9999,
    "SLOPE": 0,
    "SlopeSourc": " ",
    "Streetname": "SOMERVILLE AVE",
    "CatchArea": " ",
    "Comments": "ALL DATA FROM CITY MAP",
    "BarrelCount": 0,
    "UnderDiam": 0,
    "UnderMat": " ",
    "FieldBook": " ",
    "LifecycleS": "Active",
    "CIP_Area": 7,
    "LGMLoad3": 7883,
    "MeasuredLength": 0,
    "PossDelete": " ",
    "PlanNum": "CITY MAP",
    "InstalID_1": " ",
    "UpdateSour": " ",
    "UpdateDesc": " ",
    "LiningType": " ",
    "Owner": "Somerv",
    "Slope_DWG": 9999,
    "Slope_Tech": 9999,
    "Slope_GIS": 9999,
    "Group_1": 0,
    "SubType_1": 1,
    "Material": "Vitrified Clay",
    "MatCode": "VC",
    "Diameter": 24,
    "MainShape": "Circular",
    "GlobalID": "{2157BBE7-5689-4E38-9E93-1035F10DB340}",
    "created_user": "GIS",
    "created_date": 1600300800000,
    "last_edited_user": "GIS",
    "last_edited_date": 1600300800000,
    "LEGACYID": "FIT-1087 : FIT-1086",
    "US_Vert_Datum": " ",
    "DS_Vert_Datum": " ",
    "Dewb_Worked_On": 0,
    "AssetStatus": "Active",
    "AccuracyStatus": "Unknown/Null (accurate = no)",
    "InaccuracyType": null,
    "AccuracyDate": null,
    "AccuracyComments": null,
    "AssociatedInspections": null,
    "ArchiveReason": null,
    "ArchiveProjectName": null,
    "ArchiveDate": null,
    "ArchiveComments": null,
    "ReplacedAssetID": null,
    "FID": null,
    "CreationDate": 1667400748941,
    "Creator": "NLandin_wc",
    "EditDate": 1667486549916,
    "Editor": "melliot_wc",
    "Shape_Length": 670.6358995971327
   },
   "geometry": {
    "type": "LineString",
    "coordinates": [
     [
      -71.1117481078331,
      42.3845856935937
     ],
     [
      -71.11171803178495,
      42.38457454292832
     ],
     [
      -71.11088708657321,
      42.38426641377837
     ],
     [
      -71.10942935347164,
      42.38394836238818
     ]
    ]
   }
  },
  {
   "type": "Feature",
   "properties": {
    "OBJECTID": 1359,
    "FACILITYID": "C2-5715 : C2-5716",
    "INSTALLDATE": null,
    "Height": 0,
    "Width": 0,
    "LINEDYEAR": " ",
    "LINERTYPE": " ",
    "FROMMH": "C2-5715",
    "TOMH": "C2-5716",
    "WaterType": "Storm",
    "GraphicType": "Storm",
    "ENABLED": 1,
    "ACTIVEFLAG": 1,
    "OWNEDBY": 1,
    "MAINTBY": 1,
    "SUMFLOW": 0,
    "UPELEV": 0,
    "UpstreamIn": 0,
    "DOWNELEV": 0,
    "Downstream": 0,
    "SLOPE": 0,
    "SlopeSourc": " ",
    "Streetname": "SPRING ST",
    "CatchArea": " ",
    "Comments": " ",
    "BarrelCount": 0,
    "UnderDiam": 0,
    "UnderMat": " ",
    "FieldBook": " ",
    "LifecycleS": " ",
    "CIP_Area": 0,
    "LGMLoad3": 10684,
    "MeasuredLength": 45,
    "PossDelete": " ",
    "PlanNum": "CITY MAP",
    "InstalID_1": " ",
    "UpdateSour": " ",
    "UpdateDesc": " ",
    "LiningType": " ",
    "Owner": " ",
    "Slope_DWG": 0,
    "Slope_Tech": 0,
    "Slope_GIS": 0,
    "Group_1": 0,
    "SubType_1": 0,
    "Material": "Reinforced Concrete",
    "MatCode": "RC",
    "Diameter": 12,
    "MainShape": "Circular",
    "GlobalID": "{34C3D4FE-7EFF-4453-9C79-F6CE44D409E1}",
    "created_user": "GIS",
    "created_date": 1600300800000,
    "last_edited_user": "GIS",
    "last_edited_date": 1600300800000,
    "LEGACYID": "C2-5715 : C2-5716",
    "US_Vert_Datum": " ",
    "DS_Vert_Datum": " ",
    "Dewb_Worked_On": 0,
    "AssetStatus": "Active",
    "AccuracyStatus": "Unknown/Null (accurate = no)",
    "InaccuracyType": null,
    "AccuracyDate": null,
    "AccuracyComments": null,
    "AssociatedInspections": null,
    "ArchiveReason": null,
    "ArchiveProjectName": null,
    "ArchiveDate": null,
    "ArchiveComments": null,
    "ReplacedAssetID": null,
    "FID": null,
    "CreationDate": 1667400748941,
    "Creator": "NLandin_wc",
    "EditDate": 1667486549994,
    "Editor": "melliot_wc",
    "Shape_Length": 43.1773864979519
   },
   "geometry": {
    "type": "LineString",
    "coordinates": [
     [
      -71.10908188304381,
      42.3852566500128
     ],
     [
      -71.1091010397918,
      42.38513902383944
     ]
    ]
   }
  },
  {
   "type": "Feature",
   "properties": {
    "OBJECTID": 1376,
    "FACILITYID": "C2-5997 : C2-5988",
    "INSTALLDATE": null,
    "Height": 0,
    "Width": 0,
    "LINEDYEAR": " ",
    "LINERTYPE": " ",
    "FROMMH": "C2-5997",
    "TOMH": "C2-5988",
    "WaterType": "Storm",
    "GraphicType": "Storm",
    "ENABLED": 1,
    "ACTIVEFLAG": 1,
    "OWNEDBY": 1,
    "MAINTBY": 1,
    "SUMFLOW": 0,
    "UPELEV": 0,
    "UpstreamIn": 0,
    "DOWNELEV": 0,
    "Downstream": 0,
    "SLOPE": 0,
    "SlopeSourc": " ",
    "Streetname": "SOMERVILLE AVE",
    "CatchArea": " ",
    "Comments": " ",
    "BarrelCount": 0,
    "UnderDiam": 0,
    "UnderMat": " ",
    "FieldBook": " ",
    "LifecycleS": " ",
    "CIP_Area": 0,
    "LGMLoad3": 10924,
    "MeasuredLength": 342,
    "PossDelete": " ",
    "PlanNum": "CITY MAP,E-16",
    "InstalID_1": " ",
    "UpdateSour": " ",
    "UpdateDesc": " ",
    "LiningType": " ",
    "Owner": " ",
    "Slope_DWG": 0,
    "Slope_Tech": 0,
    "Slope_GIS": 0,
    "Group_1": 0,
    "SubType_1": 0,
    "Material": "Reinforced Concrete",
    "MatCode": "RC",
    "Diameter": 60,
    "MainShape": "Circular",
    "GlobalID": "{9AB53A68-9C62-46D2-8673-A672CB6C4CB0}",
    "created_user": "GIS",
    "created_date": 1600300800000,
    "last_edited_user": "GIS",
    "last_edited_date": 1600300800000,
    "LEGACYID": "C2-5997 : C2-5988",
    "US_Vert_Datum": " ",
    "DS_Vert_Datum": " ",
    "Dewb_Worked_On": 0,
    "AssetStatus": "Active",
    "AccuracyStatus": "Unknown/Null (accurate = no)",
    "InaccuracyType": null,
    "AccuracyDate": null,
    "AccuracyComments": null,
    "AssociatedInspections": null,
    "ArchiveReason": null,
    "ArchiveProjectName": null,
    "ArchiveDate": null,
    "ArchiveComments": null,
    "ReplacedAssetID": null,
    "FID": null,
    "CreationDate": 1667400748941,
    "Creator": "NLandin_wc",
    "EditDate": 1667486550042,
    "Editor": "melliot_wc",
    "Shape_Length": 339.7058389649279
   },
   "geometry": {
    "type": "LineString",
    "coordinates": [
     [
      -71.10551033283872,
      42.383058188827285
     ],
     [
      -71.10430716605957,
      42.38278748679619
     ]
    ]
   }
  },
  {
   "type": "Feature",
   "properties": {
    "OBJECTID": 1405,
    "FACILITYID": "FIT-95 : 30-5132",
    "INSTALLDATE": -1356998400000,
    "Height": 48,
    "Width": 52,
    "LINEDYEAR": " ",
    "LINERTYPE": " ",
    "FROMMH": "FIT-95",
    "TOMH": "30-5132",
    "WaterType": "Storm",
    "GraphicType": "Storm",
    "ENABLED": 1,
    "ACTIVEFLAG": 1,
    "OWNEDBY": 1,
    "MAINTBY": 1,
    "SUMFLOW": 0,
    "UPELEV": 29.9,
    "UpstreamIn": 29.9,
    "DOWNELEV": 29.45,
    "Downstream": 29.45,
    "SLOPE": 0.15,
    "SlopeSourc": "Tech",
    "Streetname": "BOSTON & LOWELL RAILROAD",
    "CatchArea": " ",
    "Comments": "SLOPE CALCULATED BY GIS SERVICES",
    "BarrelCount": 0,
    "UnderDiam": 0,
    "UnderMat": " ",
    "FieldBook": " ",
    "LifecycleS": "Active",
    "CIP_Area": 0,
    "LGMLoad3": 7449,
    "MeasuredLength": 0,
    "PossDelete": " ",
    "PlanNum": "MM-06",
    "InstalID_1": "1/1/1927",
    "UpdateSour": " ",
    "UpdateDesc": " ",
    "LiningType": " ",
    "Owner": "Somerv",
    "Slope_DWG": 9999,
    "Slope_Tech": 0.15,
    "Slope_GIS": 9999,
    "Group_1": 4,
    "SubType_1": 1,
    "Material": "Reinforced Concrete",
    "MatCode": "RC",
    "Diameter": 0,
    "MainShape": "Unknown",
    "GlobalID": "{5EDEBDC1-8DF6-4833-9A25-7BF9CC2AD7DF}",
    "created_user": "GIS",
    "created_date": 1600300800000,
    "last_edited_user": "GIS",
    "last_edited_date": 1600300800000,
    "LEGACYID": "FIT-95 : 30-5132",
    "US_Vert_Datum": " ",
    "DS_Vert_Datum": " ",
    "Dewb_Worked_On": 0,
    "AssetStatus": "Active",
    "AccuracyStatus": "Unknown/Null (accurate = no)",
    "InaccuracyType": null,
    "AccuracyDate": null,
    "AccuracyComments": null,
    "AssociatedInspections": null,
    "ArchiveReason": null,
    "ArchiveProjectName": null,
    "ArchiveDate": null,
    "ArchiveComments": null,
    "ReplacedAssetID": null,
    "FID": null,
    "CreationDate": 1667400748941,
    "Creator": "NLandin_wc",
    "EditDate": 1667486550137,
    "Editor": "melliot_wc",
    "Shape_Length": 294.377614278414
   },
   "geometry": {
    "type": "LineString",
    "coordinates": [
     [
      -71.0988185204922,
      42.388867237893905
     ],
     [
      -71.09788878225619,
      42.38844594177164
     ]
    ]
   }
  },
  {
   "type": "Feature",
   "properties": {
    "OBJECTID": 1406,
    "FACILITYID": "S2-5137 : S2-5138",
    "INSTALLDATE": -1356998400000,
    "Height": 0,
    "Width": 0,
    "LINEDYEAR": " ",
    "LINERTYPE": " ",
    "FROMMH": "S2-5137",
    "TOMH": "S2-5138",
    "WaterType": "Storm",
    "GraphicType": "Storm",
    "ENABLED": 1,
    "ACTIVEFLAG": 1,
    "OWNEDBY": 1,
    "MAINTBY": 1,
    "SUMFLOW": 0,
    "UPELEV": 9999,
    "UpstreamIn": 9999,
    "DOWNELEV": 9999,
    "Downstream": 9999,
    "SLOPE": 0,
    "SlopeSourc": " ",
    "Streetname": "BOSTON & LOWELL RAILROAD",
    "CatchArea": " ",
    "Comments": "NO PROFILE MATERIAL AND DIAMETER FROM CITY MAP",
    "BarrelCount": 0,
    "UnderDiam": 0,
    "UnderMat": " ",
    "FieldBook": " ",
    "LifecycleS": "Active",
    "CIP_Area": 0,
    "LGMLoad3": 9066,
    "MeasuredLength": 0,
    "PossDelete": " ",
    "PlanNum": "MM-04",
    "InstalID_1": "1/1/1927",
    "UpdateSour": " ",
    "UpdateDesc": " ",
    "LiningType": " ",
    "Owner": "Somerv",
    "Slope_DWG": 9999,
    "Slope_Tech": 9999,
    "Slope_GIS": 9999,
    "Group_1": 4,
    "SubType_1": 1,
    "Material": "Reinforced Concrete",
    "MatCode": "RC",
    "Diameter": 24,
    "MainShape": "Circular",
    "GlobalID": "{6C6B632E-6F86-4323-BBC9-45A47CDC57FE}",
    "created_user": "GIS",
    "created_date": 1600300800000,
    "last_edited_user": "GIS",
    "last_edited_date": 1600300800000,
    "LEGACYID": "S2-5137 : S2-5138",
    "US_Vert_Datum": " ",
    "DS_Vert_Datum": " ",
    "Dewb_Worked_On": 0,
    "AssetStatus": "Active",
    "AccuracyStatus": "Unknown/Null (accurate = no)",
    "InaccuracyType": null,
    "AccuracyDate": null,
    "AccuracyComments": null,
    "AssociatedInspections": null,
    "ArchiveReason": null,
    "ArchiveProjectName": null,
    "ArchiveDate": null,
    "ArchiveComments": "Out of Scope",
    "ReplacedAssetID": null,
    "FID": null,
    "CreationDate": 1667400748941,
    "Creator": "NLandin_wc",
    "EditDate": 1685478936308,
    "Editor": "ASchuessler_wc",
    "Shape_Length": 375.7942107125905
   },
   "geometry": {
    "type": "LineString",
    "coordinates": [
     [
      -71.09394076084007,
      42.38656449006729
     ],
     [
      -71.09342753947442,
      42.38620033527998
     ],
     [
      -71.09296570559452,
      42.38582974017196
     ]
    ]
   }
  },
  {
   "type": "Feature",
   "properties": {
    "OBJECTID": 1422,
    "FACILITYID": "C2-5681 : C2-5680",
    "INSTALLDATE": null,
    "Height": 0,
    "Width": 0,
    "LINEDYEAR": " ",
    "LINERTYPE": " ",
    "FROMMH": "C2-5681",
    "TOMH": "C2-5680",
    "WaterType": "Storm",
    "GraphicType": "Storm",
    "ENABLED": 1,
    "ACTIVEFLAG": 1,
    "OWNEDBY": 1,
    "MAINTBY": 1,
    "SUMFLOW": 0,
    "UPELEV": 0,
    "UpstreamIn": 0,
    "DOWNELEV": 0,
    "Downstream": 0,
    "SLOPE": 0,
    "SlopeSourc": " ",
    "Streetname": "BERKELEY ST",
    "CatchArea": " ",
    "Comments": " ",
    "BarrelCount": 0,
    "UnderDiam": 0,
    "UnderMat": " ",
    "FieldBook": " ",
    "LifecycleS": " ",
    "CIP_Area": 0,
    "LGMLoad3": 10663,
    "MeasuredLength": 256,
    "PossDelete": " ",
    "PlanNum": "I-01",
    "InstalID_1": " ",
    "UpdateSour": " ",
    "UpdateDesc": " ",
    "LiningType": " ",
    "Owner": " ",
    "Slope_DWG": 0,
    "Slope_Tech": 0,
    "Slope_GIS": 0,
    "Group_1": 0,
    "SubType_1": 0,
    "Material": "Reinforced Concrete",
    "MatCode": "RC",
    "Diameter": 24,
    "MainShape": "Circular",
    "GlobalID": "{5C83BE50-931A-4D9B-939A-CDCAA2ED976E}",
    "created_user": "GIS",
    "created_date": 1600300800000,
    "last_edited_user": "GIS",
    "last_edited_date": 1600300800000,
    "LEGACYID": "C2-5681 : C2-5680",
    "US_Vert_Datum": " ",
    "DS_Vert_Datum": " ",
    "Dewb_Worked_On": 0,
    "AssetStatus": "Active",
    "AccuracyStatus": "Unknown/Null (accurate = no)",
    "InaccuracyType": null,
    "AccuracyDate": null,
    "AccuracyComments": null,
    "AssociatedInspections": null,
    "ArchiveReason": null,
    "ArchiveProjectName": null,
    "ArchiveDate": null,
    "ArchiveComments": null,
    "ReplacedAssetID": null,
    "FID": null,
    "CreationDate": 1667400748941,
    "Creator": "NLandin_wc",
    "EditDate": 1667486550183,
    "Editor": "melliot_wc",
    "Shape_Length": 253.6462609065875
   },
   "geometry": {
    "type": "LineString",
    "coordinates": [
     [
      -71.10434925714671,
      42.387189071007846
     ],
     [
      -71.10350377608239,
      42.38688643308762
     ]
    ]
   }
  },
  {
   "type": "Feature",
   "properties": {
    "OBJECTID": 1423,
    "FACILITYID": "C2-5704 : C2-5705",
    "INSTALLDATE": null,
    "Height": 0,
    "Width": 0,
    "LINEDYEAR": " ",
    "LINERTYPE": " ",
    "FROMMH": "C2-5704",
    "TOMH": "C2-5705",
    "WaterType": "Storm",
    "GraphicType": "Storm",
    "ENABLED": 1,
    "ACTIVEFLAG": 1,
    "OWNEDBY": 1,
    "MAINTBY": 1,
    "SUMFLOW": 0,
    "UPELEV": 0,
    "UpstreamIn": 0,
    "DOWNELEV": 0,
    "Downstream": 0,
    "SLOPE": 0,
    "SlopeSourc": " ",
    "Streetname": "PRESTON RD",
    "CatchArea": " ",
    "Comments": " ",
    "BarrelCount": 0,
    "UnderDiam": 0,
    "UnderMat": " ",
    "FieldBook": " ",
    "LifecycleS": " ",
    "CIP_Area": 0,
    "LGMLoad3": 10677,
    "MeasuredLength": 205,
    "PossDelete": " ",
    "PlanNum": "CITY MAP",
    "InstalID_1": " ",
    "UpdateSour": " ",
    "UpdateDesc": " ",
    "LiningType": " ",
    "Owner": " ",
    "Slope_DWG": 0,
    "Slope_Tech": 0,
    "Slope_GIS": 0,
    "Group_1": 0,
    "SubType_1": 0,
    "Material": "Reinforced Concrete",
    "MatCode": "RC",
    "Diameter": 12,
    "MainShape": "Circular",
    "GlobalID": "{2198DE04-DA05-436F-8137-04EE0A58C79D}",
    "created_user": "GIS",
    "created_date": 1600300800000,
    "last_edited_user": "GIS",
    "last_edited_date": 1600300800000,
    "LEGACYID": "C2-5704 : C2-5705",
    "US_Vert_Datum": " ",
    "DS_Vert_Datum": " ",
    "Dewb_Worked_On": 0,
    "AssetStatus": "Active",
    "AccuracyStatus": "Unknown/Null (accurate = no)",
    "InaccuracyType": null,
    "AccuracyDate": null,
    "AccuracyComments": null,
    "AssociatedInspections": null,
    "ArchiveReason": null,
    "ArchiveProjectName": null,
    "ArchiveDate": null,
    "ArchiveComments": null,
    "ReplacedAssetID": null,
    "FID": null,
    "CreationDate": 1667400748941,
    "Creator": "NLandin_wc",
    "EditDate": 1667486550183,
    "Editor": "melliot_wc",
    "Shape_Length": 203.70807448095087
   },
   "geometry": {
    "type": "LineString",
    "coordinates": [
     [
      -71.10269902569094,
      42.384452366486805
     ],
     [
      -71.10201966917408,
      42.384209871600355
     ]
    ]
   }
  },
  {
   "type": "Feature",
   "properties": {
    "OBJECTID": 1432,
    "FACILITYID": "C2-5773 : C2-5997",
    "INSTALLDATE": null,
    "Height": 0,
    "Width": 0,
    "LINEDYEAR": " ",
    "LINERTYPE": " ",
    "FROMMH": "C2-5773",
    "TOMH": "C2-5997",
    "WaterType": "Storm",
    "GraphicType": "Storm",
    "ENABLED": 1,
    "ACTIVEFLAG": 1,
    "OWNEDBY": 1,
    "MAINTBY": 1,
    "SUMFLOW": 0,
    "UPELEV": 0,
    "UpstreamIn": 0,
    "DOWNELEV": 0,
    "Downstream": 0,
    "SLOPE": 0,
    "SlopeSourc": " ",
    "Streetname": "SOMERVILLE AVE",
    "CatchArea": " ",
    "Comments": " ",
    "BarrelCount": 0,
    "UnderDiam": 0,
    "UnderMat": " ",
    "FieldBook": " ",
    "LifecycleS": " ",
    "CIP_Area": 0,
    "LGMLoad3": 10925,
    "MeasuredLength": 402,
    "PossDelete": " ",
    "PlanNum": "CITY MAP",
    "InstalID_1": " ",
    "UpdateSour": " ",
    "UpdateDesc": " ",
    "LiningType": " ",
    "Owner": " ",
    "Slope_DWG": 0,
    "Slope_Tech": 0,
    "Slope_GIS": 0,
    "Group_1": 0,
    "SubType_1": 0,
    "Material": "Reinforced Concrete",
    "MatCode": "RC",
    "Diameter": 60,
    "MainShape": "Circular",
    "GlobalID": "{4F62A816-7F10-4320-9B28-8056CE26B347}",
    "created_user": "GIS",
    "created_date": 1600300800000,
    "last_edited_user": "GIS",
    "last_edited_date": 1600300800000,
    "LEGACYID": "C2-5773 : C2-5997",
    "US_Vert_Datum": " ",
    "DS_Vert_Datum": " ",
    "Dewb_Worked_On": 0,
    "AssetStatus": "Active",
    "AccuracyStatus": "Unknown/Null (accurate = no)",
    "InaccuracyType": null,
    "AccuracyDate": null,
    "AccuracyComments": null,
    "AssociatedInspections": null,
    "ArchiveReason": null,
    "ArchiveProjectName": null,
    "ArchiveDate": null,
    "ArchiveComments": null,
    "ReplacedAssetID": null,
    "FID": null,
    "CreationDate": 1667400748941,
    "Creator": "NLandin_wc",
    "EditDate": 1667486550215,
    "Editor": "melliot_wc",
    "Shape_Length": 397.81930139843587
   },
   "geometry": {
    "type": "LineString",
    "coordinates": [
     [
      -71.10692043072373,
      42.383372502797016
     ],
     [
      -71.10551033283872,
      42.383058188827285
     ]
    ]
   }
  },
  {
   "type": "Feature",
   "properties": {
    "OBJECTID": 1454,
    "FACILITYID": "C2-5969 : C2-5964",
    "INSTALLDATE": null,
    "Height": 0,
    "Width": 0,
    "LINEDYEAR": " ",
    "LINERTYPE": " ",
    "FROMMH": "C2-5969",
    "TOMH": "C2-5964",
    "WaterType": "Storm",
    "GraphicType": "Storm",
    "ENABLED": 1,
    "ACTIVEFLAG": 1,
    "OWNEDBY": 1,
    "MAINTBY": 1,
    "SUMFLOW": 0,
    "UPELEV": 0,
    "UpstreamIn": 0,
    "DOWNELEV": 0,
    "Downstream": 0,
    "SLOPE": 0,
    "SlopeSourc": " ",
    "Streetname": "SOMERVILLE AVE",
    "CatchArea": " ",
    "Comments": " ",
    "BarrelCount": 0,
    "UnderDiam": 0,
    "UnderMat": " ",
    "FieldBook": " ",
    "LifecycleS": " ",
    "CIP_Area": 0,
    "LGMLoad3": 10903,
    "MeasuredLength": 40,
    "PossDelete": " ",
    "PlanNum": "CITY MAP",
    "InstalID_1": " ",
    "UpdateSour": " ",
    "UpdateDesc": " ",
    "LiningType": " ",
    "Owner": " ",
    "Slope_DWG": 0,
    "Slope_Tech": 0,
    "Slope_GIS": 0,
    "Group_1": 0,
    "SubType_1": 0,
    "Material": "Reinforced Concrete",
    "MatCode": "RC",
    "Diameter": 60,
    "MainShape": "Circular",
    "GlobalID": "{492A27D2-1B17-4ED6-91B6-BB19D713113D}",
    "created_user": "GIS",
    "created_date": 1600300800000,
    "last_edited_user": "GIS",
    "last_edited_date": 1600300800000,
    "LEGACYID": "C2-5969 : C2-5964",
    "US_Vert_Datum": " ",
    "DS_Vert_Datum": " ",
    "Dewb_Worked_On": 0,
    "AssetStatus": "Active",
    "AccuracyStatus": "Unknown/Null (accurate = no)",
    "InaccuracyType": null,
    "AccuracyDate": null,
    "AccuracyComments": null,
    "AssociatedInspections": null,
    "ArchiveReason": null,
    "ArchiveProjectName": null,
    "ArchiveDate": null,
    "ArchiveComments": null,
    "ReplacedAssetID": null,
    "FID": null,
    "CreationDate": 1667400748941,
    "Creator": "NLandin_wc",
    "EditDate": 1667486550277,
    "Editor": "melliot_wc",
    "Shape_Length": 40.27893837286044
   },
   "geometry": {
    "type": "LineString",
    "coordinates": [
     [
      -71.1013001931518,
      42.381788201665024
     ],
     [
      -71.10115694527227,
      42.381757585259884
     ]
    ]
   }
  },
  {
   "type": "Feature",
   "properties": {
    "OBJECTID": 1468,
    "FACILITYID": "FIT-1466 : FIT-1465_1",
    "INSTALLDATE": null,
    "Height": 0,
    "Width": 0,
    "LINEDYEAR": " ",
    "LINERTYPE": " ",
    "FROMMH": "FIT-1466",
    "TOMH": "FIT-1465",
    "WaterType": "Storm",
    "GraphicType": "Storm",
    "ENABLED": 1,
    "ACTIVEFLAG": 1,
    "OWNEDBY": 1,
    "MAINTBY": 1,
    "SUMFLOW": 0,
    "UPELEV": 0,
    "UpstreamIn": 0,
    "DOWNELEV": 0,
    "Downstream": 0,
    "SLOPE": 0,
    "SlopeSourc": " ",
    "Streetname": "GRANITE ST",
    "CatchArea": " ",
    "Comments": " ",
    "BarrelCount": 0,
    "UnderDiam": 0,
    "UnderMat": " ",
    "FieldBook": " ",
    "LifecycleS": " ",
    "CIP_Area": 0,
    "LGMLoad3": 10817,
    "MeasuredLength": 10,
    "PossDelete": " ",
    "PlanNum": "PF-086,P-02",
    "InstalID_1": " ",
    "UpdateSour": " ",
    "UpdateDesc": " ",
    "LiningType": " ",
    "Owner": " ",
    "Slope_DWG": 0,
    "Slope_Tech": 0,
    "Slope_GIS": 0,
    "Group_1": 0,
    "SubType_1": 0,
    "Material": "Vitrified Clay",
    "MatCode": "VC",
    "Diameter": 12,
    "MainShape": "Circular",
    "GlobalID": "{E267E191-9B5F-4AF3-A9FB-4C60A8174ABF}",
    "created_user": "GIS",
    "created_date": 1600300800000,
    "last_edited_user": "GISEDITOR",
    "last_edited_date": 1600473600000,
    "LEGACYID": "FIT-1466 : FIT-1465",
    "US_Vert_Datum": " ",
    "DS_Vert_Datum": " ",
    "Dewb_Worked_On": 0,
    "AssetStatus": "Active",
    "AccuracyStatus": "Unknown/Null (accurate = no)",
    "InaccuracyType": null,
    "AccuracyDate": null,
    "AccuracyComments": null,
    "AssociatedInspections": null,
    "ArchiveReason": null,
    "ArchiveProjectName": null,
    "ArchiveDate": null,
    "ArchiveComments": null,
    "ReplacedAssetID": null,
    "FID": null,
    "CreationDate": 1667400748941,
    "Creator": "NLandin_wc",
    "EditDate": 1667486550324,
    "Editor": "melliot_wc",
    "Shape_Length": 8.987724562580825
   },
   "geometry": {
    "type": "LineString",
    "coordinates": [
     [
      -71.10334021006786,
      42.38257708379415
     ],
     [
      -71.10335612020468,
      42.382555424707355
     ]
    ]
   }
  },
  {
   "type": "Feature",
   "properties": {
    "OBJECTID": 1476,
    "FACILITYID": "30-5404 : 30-5403",
    "INSTALLDATE": null,
    "Height": 0,
    "Width": 0,
    "LINEDYEAR": " ",
    "LINERTYPE": " ",
    "FROMMH": "30-5404",
    "TOMH": "30-5403",
    "WaterType": "Storm",
    "GraphicType": "Storm",
    "ENABLED": 1,
    "ACTIVEFLAG": 1,
    "OWNEDBY": 1,
    "MAINTBY": 1,
    "SUMFLOW": 0,
    "UPELEV": 76.99,
    "UpstreamIn": 76.99,
    "DOWNELEV": 76.56,
    "Downstream": 76.56,
    "SLOPE": 0.305,
    "SlopeSourc": "DWG",
    "Streetname": "HUDSON ST",
    "CatchArea": " ",
    "Comments": " ",
    "BarrelCount": 0,
    "UnderDiam": 0,
    "UnderMat": " ",
    "FieldBook": " ",
    "LifecycleS": "Active",
    "CIP_Area": 0,
    "LGMLoad3": 6237,
    "MeasuredLength": 0,
    "PossDelete": " ",
    "PlanNum": "TB-047",
    "InstalID_1": " ",
    "UpdateSour": " ",
    "UpdateDesc": " ",
    "LiningType": " ",
    "Owner": "Somerv",
    "Slope_DWG": 0.305,
    "Slope_Tech": 9999,
    "Slope_GIS": 9999,
    "Group_1": 0,
    "SubType_1": 1,
    "Material": "Reinforced Concrete",
    "MatCode": "RC",
    "Diameter": 18,
    "MainShape": "Circular",
    "GlobalID": "{5D124D21-2D6E-4C16-AA49-CCC729B9B2E1}",
    "created_user": "GIS",
    "created_date": 1600300800000,
    "last_edited_user": "GIS",
    "last_edited_date": 1600300800000,
    "LEGACYID": "30-5404 : 30-5403",
    "US_Vert_Datum": " ",
    "DS_Vert_Datum": " ",
    "Dewb_Worked_On": 0,
    "AssetStatus": "Active",
    "AccuracyStatus": "Unknown/Null (accurate = no)",
    "InaccuracyType": null,
    "AccuracyDate": null,
    "AccuracyComments": null,
    "AssociatedInspections": null,
    "ArchiveReason": null,
    "ArchiveProjectName": null,
    "ArchiveDate": null,
    "ArchiveComments": null,
    "ReplacedAssetID": null,
    "FID": null,
    "CreationDate": 1667400748941,
    "Creator": "NLandin_wc",
    "EditDate": 1667486550341,
    "Editor": "melliot_wc",
    "Shape_Length": 144.93017110224335
   },
   "geometry": {
    "type": "LineString",
    "coordinates": [
     [
      -71.10462995713493,
      42.38986947932168
     ],
     [
      -71.10511854541078,
      42.39003374172414
     ]
    ]
   }
  },
  {
   "type": "Feature",
   "properties": {
    "OBJECTID": 1521,
    "FACILITYID": "C2-5720 : C2-5733",
    "INSTALLDATE": null,
    "Height": 0,
    "Width": 0,
    "LINEDYEAR": " ",
    "LINERTYPE": " ",
    "FROMMH": "C2-5720",
    "TOMH": "C2-5733",
    "WaterType": "Storm",
    "GraphicType": "Storm",
    "ENABLED": 1,
    "ACTIVEFLAG": 1,
    "OWNEDBY": 1,
    "MAINTBY": 1,
    "SUMFLOW": 0,
    "UPELEV": 0,
    "UpstreamIn": 0,
    "DOWNELEV": 0,
    "Downstream": 0,
    "SLOPE": 0,
    "SlopeSourc": " ",
    "Streetname": "SPRING ST",
    "CatchArea": " ",
    "Comments": " ",
    "BarrelCount": 0,
    "UnderDiam": 0,
    "UnderMat": " ",
    "FieldBook": " ",
    "LifecycleS": " ",
    "CIP_Area": 0,
    "LGMLoad3": 10691,
    "MeasuredLength": 202,
    "PossDelete": " ",
    "PlanNum": "P-09",
    "InstalID_1": " ",
    "UpdateSour": " ",
    "UpdateDesc": " ",
    "LiningType": " ",
    "Owner": " ",
    "Slope_DWG": 0,
    "Slope_Tech": 0,
    "Slope_GIS": 0,
    "Group_1": 0,
    "SubType_1": 0,
    "Material": "Reinforced Concrete",
    "MatCode": "RC",
    "Diameter": 18,
    "MainShape": "Circular",
    "GlobalID": "{E46AA519-1749-40F5-B50C-00EFFB30476A}",
    "created_user": "GIS",
    "created_date": 1600300800000,
    "last_edited_user": "GIS",
    "last_edited_date": 1600300800000,
    "LEGACYID": "C2-5720 : C2-5733",
    "US_Vert_Datum": " ",
    "DS_Vert_Datum": " ",
    "Dewb_Worked_On": 0,
    "AssetStatus": "Active",
    "AccuracyStatus": "Unknown/Null (accurate = no)",
    "InaccuracyType": null,
    "AccuracyDate": null,
    "AccuracyComments": null,
    "AssociatedInspections": null,
    "ArchiveReason": null,
    "ArchiveProjectName": null,
    "ArchiveDate": null,
    "ArchiveComments": null,
    "ReplacedAssetID": null,
    "FID": null,
    "CreationDate": 1667400748941,
    "Creator": "NLandin_wc",
    "EditDate": 1667486550561,
    "Editor": "melliot_wc",
    "Shape_Length": 198.5353075713855
   },
   "geometry": {
    "type": "LineString",
    "coordinates": [
     [
      -71.10908494231265,
      42.3844842204733
     ],
     [
      -71.10940846688356,
      42.38399507018553
     ]
    ]
   }
  },
  {
   "type": "Feature",
   "properties": {
    "OBJECTID": 1536,
    "FACILITYID": "C2-5770 : FIT-1443",
    "INSTALLDATE": null,
    "Height": 0,
    "Width": 0,
    "LINEDYEAR": " ",
    "LINERTYPE": " ",
    "FROMMH": "C2-5770",
    "TOMH": "FIT-1443",
    "WaterType": "Storm",
    "GraphicType": "Storm",
    "ENABLED": 1,
    "ACTIVEFLAG": 1,
    "OWNEDBY": 1,
    "MAINTBY": 1,
    "SUMFLOW": 0,
    "UPELEV": 0,
    "UpstreamIn": 0,
    "DOWNELEV": 0,
    "Downstream": 0,
    "SLOPE": 0,
    "SlopeSourc": " ",
    "Streetname": "SOMERVILLE AVE",
    "CatchArea": " ",
    "Comments": " ",
    "BarrelCount": 0,
    "UnderDiam": 0,
    "UnderMat": " ",
    "FieldBook": " ",
    "LifecycleS": " ",
    "CIP_Area": 0,
    "LGMLoad3": 10743,
    "MeasuredLength": 288,
    "PossDelete": " ",
    "PlanNum": "CITY MAP",
    "InstalID_1": " ",
    "UpdateSour": " ",
    "UpdateDesc": " ",
    "LiningType": " ",
    "Owner": " ",
    "Slope_DWG": 0,
    "Slope_Tech": 0,
    "Slope_GIS": 0,
    "Group_1": 0,
    "SubType_1": 0,
    "Material": "Reinforced Concrete",
    "MatCode": "RC",
    "Diameter": 60,
    "MainShape": "Circular",
    "GlobalID": "{A70F7E9B-5C62-450A-A086-8ED9F5911904}",
    "created_user": "GIS",
    "created_date": 1600300800000,
    "last_edited_user": "GIS",
    "last_edited_date": 1600300800000,
    "LEGACYID": "C2-5770 : FIT-1443",
    "US_Vert_Datum": " ",
    "DS_Vert_Datum": " ",
    "Dewb_Worked_On": 0,
    "AssetStatus": "Active",
    "AccuracyStatus": "Unknown/Null (accurate = no)",
    "InaccuracyType": null,
    "AccuracyDate": null,
    "AccuracyComments": null,
    "AssociatedInspections": null,
    "ArchiveReason": null,
    "ArchiveProjectName": null,
    "ArchiveDate": null,
    "ArchiveComments": null,
    "ReplacedAssetID": null,
    "FID": null,
    "CreationDate": 1667400748941,
    "Creator": "NLandin_wc",
    "EditDate": 1667486550655,
    "Editor": "melliot_wc",
    "Shape_Length": 68.41459410094194
   },
   "geometry": {
    "type": "LineString",
    "coordinates": [
     [
      -71.10794429500801,
      42.38359972386082
     ],
     [
      -71.10772414233959,
      42.38350696181805
     ]
    ]
   }
  },
  {
   "type": "Feature",
   "properties": {
    "OBJECTID": 1537,
    "FACILITYID": "C2-5706 : FIT-1104",
    "INSTALLDATE": null,
    "Height": 0,
    "Width": 0,
    "LINEDYEAR": " ",
    "LINERTYPE": " ",
    "FROMMH": "C2-5706",
    "TOMH": "FIT-1104",
    "WaterType": "Storm",
    "GraphicType": "Storm",
    "ENABLED": 1,
    "ACTIVEFLAG": 1,
    "OWNEDBY": 1,
    "MAINTBY": 1,
    "SUMFLOW": 0,
    "UPELEV": 0,
    "UpstreamIn": 0,
    "DOWNELEV": 0,
    "Downstream": 0,
    "SLOPE": 0,
    "SlopeSourc": " ",
    "Streetname": "PRESTON RD",
    "CatchArea": " ",
    "Comments": " ",
    "BarrelCount": 0,
    "UnderDiam": 0,
    "UnderMat": " ",
    "FieldBook": " ",
    "LifecycleS": " ",
    "CIP_Area": 0,
    "LGMLoad3": 10700,
    "MeasuredLength": 110,
    "PossDelete": " ",
    "PlanNum": "CITY MAP",
    "InstalID_1": " ",
    "UpdateSour": " ",
    "UpdateDesc": " ",
    "LiningType": " ",
    "Owner": " ",
    "Slope_DWG": 0,
    "Slope_Tech": 0,
    "Slope_GIS": 0,
    "Group_1": 0,
    "SubType_1": 0,
    "Material": "Vitrified Clay",
    "MatCode": "VC",
    "Diameter": 18,
    "MainShape": "Circular",
    "GlobalID": "{7EC145E5-0DBF-4E06-9DE4-EFADEE923BF8}",
    "created_user": "GIS",
    "created_date": 1600300800000,
    "last_edited_user": "GIS",
    "last_edited_date": 1600300800000,
    "LEGACYID": "C2-5706 : FIT-1104",
    "US_Vert_Datum": " ",
    "DS_Vert_Datum": " ",
    "Dewb_Worked_On": 0,
    "AssetStatus": "Active",
    "AccuracyStatus": "Unknown/Null (accurate = no)",
    "InaccuracyType": null,
    "AccuracyDate": null,
    "AccuracyComments": null,
    "AssociatedInspections": null,
    "ArchiveReason": null,
    "ArchiveProjectName": null,
    "ArchiveDate": null,
    "ArchiveComments": null,
    "ReplacedAssetID": null,
    "FID": null,
    "CreationDate": 1667400748941,
    "Creator": "NLandin_wc",
    "EditDate": 1667486550655,
    "Editor": "melliot_wc",
    "Shape_Length": 106.43140273677814
   },
   "geometry": {
    "type": "LineString",
    "coordinates": [
     [
      -71.10117053226271,
      42.383909041882625
     ],
     [
      -71.10082600338924,
      42.38376742716233
     ]
    ]
   }
  },
  {
   "type": "Feature",
   "properties": {
    "OBJECTID": 1545,
    "FACILITYID": "30-5427 : 30-5426",
    "INSTALLDATE": 325987200000,
    "Height": 0,
    "Width": 0,
    "LINEDYEAR": " ",
    "LINERTYPE": " ",
    "FROMMH": "30-5427",
    "TOMH": "30-5426",
    "WaterType": "Storm",
    "GraphicType": "Storm",
    "ENABLED": 1,
    "ACTIVEFLAG": 1,
    "OWNEDBY": 1,
    "MAINTBY": 1,
    "SUMFLOW": 0,
    "UPELEV": 66.3,
    "UpstreamIn": 66.3,
    "DOWNELEV": 54.7,
    "Downstream": 54.7,
    "SLOPE": 3.93,
    "SlopeSourc": "DWG",
    "Streetname": "ALBION ST",
    "CatchArea": " ",
    "Comments": " ",
    "BarrelCount": 0,
    "UnderDiam": 0,
    "UnderMat": " ",
    "FieldBook": " ",
    "LifecycleS": "Proposed",
    "CIP_Area": 0,
    "LGMLoad3": 9154,
    "MeasuredLength": 0,
    "PossDelete": " ",
    "PlanNum": "TB-038",
    "InstalID_1": "5/1/1980",
    "UpdateSour": " ",
    "UpdateDesc": " ",
    "LiningType": " ",
    "Owner": "Somerv",
    "Slope_DWG": 3.93,
    "Slope_Tech": 9999,
    "Slope_GIS": 9999,
    "Group_1": 5,
    "SubType_1": 1,
    "Material": "Reinforced Concrete",
    "MatCode": "RC",
    "Diameter": 12,
    "MainShape": "Circular",
    "GlobalID": "{BC581533-183C-4D4A-909C-64D738393A69}",
    "created_user": "GIS",
    "created_date": 1600300800000,
    "last_edited_user": "GIS",
    "last_edited_date": 1600300800000,
    "LEGACYID": "30-5427 : 30-5426",
    "US_Vert_Datum": " ",
    "DS_Vert_Datum": " ",
    "Dewb_Worked_On": 0,
    "AssetStatus": "Proposed",
    "AccuracyStatus": "Unverified Accurate (accurate = yes)",
    "InaccuracyType": null,
    "AccuracyDate": 1667520000000,
    "AccuracyComments": "Life cycle status 'Proposed'. Checked by NJL.",
    "AssociatedInspections": null,
    "ArchiveReason": null,
    "ArchiveProjectName": null,
    "ArchiveDate": null,
    "ArchiveComments": null,
    "ReplacedAssetID": null,
    "FID": null,
    "CreationDate": 1667400748941,
    "Creator": "NLandin_wc",
    "EditDate": 1667917567489,
    "Editor": "NLandin_wc",
    "Shape_Length": 290.628388473236
   },
   "geometry": {
    "type": "LineString",
    "coordinates": [
     [
      -71.1054847815521,
      42.39075449241922
     ],
     [
      -71.10644412166447,
      42.391115437905285
     ]
    ]
   }
  },
  {
   "type": "Feature",
   "properties": {
    "OBJECTID": 1549,
    "FACILITYID": "C2-5490 : C2-5096",
    "INSTALLDATE": -2213568000000,
    "Height": 0,
    "Width": 0,
    "LINEDYEAR": " ",
    "LINERTYPE": " ",
    "FROMMH": "C2-5490",
    "TOMH": "C2-5096",
    "WaterType": "Storm",
    "GraphicType": "Storm",
    "ENABLED": 1,
    "ACTIVEFLAG": 1,
    "OWNEDBY": 1,
    "MAINTBY": 1,
    "SUMFLOW": 0,
    "UPELEV": 46.86,
    "UpstreamIn": 46.86,
    "DOWNELEV": 40.39,
    "Downstream": 40.39,
    "SLOPE": 2.76,
    "SlopeSourc": "DWG",
    "Streetname": "SCHOOL ST",
    "CatchArea": " ",
    "Comments": "MATERIAL FROM CITY MAP",
    "BarrelCount": 0,
    "UnderDiam": 0,
    "UnderMat": " ",
    "FieldBook": " ",
    "LifecycleS": "Active",
    "CIP_Area": 8,
    "LGMLoad3": 8563,
    "MeasuredLength": 0,
    "PossDelete": " ",
    "PlanNum": "BB-26",
    "InstalID_1": "11/9/1899",
    "UpdateSour": " ",
    "UpdateDesc": " ",
    "LiningType": " ",
    "Owner": "Somerv",
    "Slope_DWG": 2.76,
    "Slope_Tech": 9999,
    "Slope_GIS": 9999,
    "Group_1": 2,
    "SubType_1": 1,
    "Material": "Vitrified Clay",
    "MatCode": "VC",
    "Diameter": 20,
    "MainShape": "Circular",
    "GlobalID": "{F50B40FA-119A-4BA9-B589-7DAD680E0471}",
    "created_user": "GIS",
    "created_date": 1600300800000,
    "last_edited_user": "GIS",
    "last_edited_date": 1600300800000,
    "LEGACYID": "C2-5490 : C2-5096",
    "US_Vert_Datum": " ",
    "DS_Vert_Datum": " ",
    "Dewb_Worked_On": 0,
    "AssetStatus": "Active",
    "AccuracyStatus": "Unknown/Null (accurate = no)",
    "InaccuracyType": null,
    "AccuracyDate": null,
    "AccuracyComments": null,
    "AssociatedInspections": null,
    "ArchiveReason": null,
    "ArchiveProjectName": null,
    "ArchiveDate": null,
    "ArchiveComments": null,
    "ReplacedAssetID": null,
    "FID": null,
    "CreationDate": 1667400748941,
    "Creator": "NLandin_wc",
    "EditDate": 1667486550717,
    "Editor": "melliot_wc",
    "Shape_Length": 215.35750201401072
   },
   "geometry": {
    "type": "LineString",
    "coordinates": [
     [
      -71.09967701178215,
      42.385459821752896
     ],
     [
      -71.10004773623676,
      42.384936670891086
     ]
    ]
   }
  },
  {
   "type": "Feature",
   "properties": {
    "OBJECTID": 1562,
    "FACILITYID": "C2-5687 : C2-5681",
    "INSTALLDATE": null,
    "Height": 0,
    "Width": 0,
    "LINEDYEAR": " ",
    "LINERTYPE": " ",
    "FROMMH": "C2-5687",
    "TOMH": "C2-5681",
    "WaterType": "Storm",
    "GraphicType": "Storm",
    "ENABLED": 1,
    "ACTIVEFLAG": 1,
    "OWNEDBY": 1,
    "MAINTBY": 1,
    "SUMFLOW": 0,
    "UPELEV": 0,
    "UpstreamIn": 0,
    "DOWNELEV": 0,
    "Downstream": 0,
    "SLOPE": 0,
    "SlopeSourc": " ",
    "Streetname": "CENTRAL ST",
    "CatchArea": " ",
    "Comments": " ",
    "BarrelCount": 0,
    "UnderDiam": 0,
    "UnderMat": " ",
    "FieldBook": " ",
    "LifecycleS": " ",
    "CIP_Area": 0,
    "LGMLoad3": 10714,
    "MeasuredLength": 75,
    "PossDelete": " ",
    "PlanNum": "I-01",
    "InstalID_1": " ",
    "UpdateSour": " ",
    "UpdateDesc": " ",
    "LiningType": " ",
    "Owner": " ",
    "Slope_DWG": 0,
    "Slope_Tech": 0,
    "Slope_GIS": 0,
    "Group_1": 0,
    "SubType_1": 0,
    "Material": "Reinforced Concrete",
    "MatCode": "RC",
    "Diameter": 24,
    "MainShape": "Circular",
    "GlobalID": "{9EE29D62-0A15-428A-83EE-6E7835D8DD17}",
    "created_user": "GIS",
    "created_date": 1600300800000,
    "last_edited_user": "GIS",
    "last_edited_date": 1600300800000,
    "LEGACYID": "C2-5687 : C2-5681",
    "US_Vert_Datum": " ",
    "DS_Vert_Datum": " ",
    "Dewb_Worked_On": 0,
    "AssetStatus": "Active",
    "AccuracyStatus": "Unknown/Null (accurate = no)",
    "InaccuracyType": null,
    "AccuracyDate": null,
    "AccuracyComments": null,
    "AssociatedInspections": null,
    "ArchiveReason": null,
    "ArchiveProjectName": null,
    "ArchiveDate": null,
    "ArchiveComments": null,
    "ReplacedAssetID": null,
    "FID": null,
    "CreationDate": 1667400748941,
    "Creator": "NLandin_wc",
    "EditDate": 1667486550796,
    "Editor": "melliot_wc",
    "Shape_Length": 74.36841880333112
   },
   "geometry": {
    "type": "LineString",
    "coordinates": [
     [
      -71.10422538264993,
      42.387371311402596
     ],
     [
      -71.10434925714671,
      42.387189071007846
     ]
    ]
   }
  },
  {
   "type": "Feature",
   "properties": {
    "OBJECTID": 1564,
    "FACILITYID": "FIT-1447 : C2-5773",
    "INSTALLDATE": null,
    "Height": 0,
    "Width": 0,
    "LINEDYEAR": " ",
    "LINERTYPE": " ",
    "FROMMH": "FIT-1447",
    "TOMH": "C2-5773",
    "WaterType": "Storm",
    "GraphicType": "Storm",
    "ENABLED": 1,
    "ACTIVEFLAG": 1,
    "OWNEDBY": 1,
    "MAINTBY": 1,
    "SUMFLOW": 0,
    "UPELEV": 0,
    "UpstreamIn": 0,
    "DOWNELEV": 0,
    "Downstream": 0,
    "SLOPE": 0,
    "SlopeSourc": " ",
    "Streetname": "SOMERVILLE AVE",
    "CatchArea": " ",
    "Comments": " ",
    "BarrelCount": 0,
    "UnderDiam": 0,
    "UnderMat": " ",
    "FieldBook": " ",
    "LifecycleS": " ",
    "CIP_Area": 0,
    "LGMLoad3": 10743,
    "MeasuredLength": 288,
    "PossDelete": " ",
    "PlanNum": "CITY MAP",
    "InstalID_1": " ",
    "UpdateSour": " ",
    "UpdateDesc": " ",
    "LiningType": " ",
    "Owner": " ",
    "Slope_DWG": 0,
    "Slope_Tech": 0,
    "Slope_GIS": 0,
    "Group_1": 0,
    "SubType_1": 0,
    "Material": "Reinforced Concrete",
    "MatCode": "RC",
    "Diameter": 60,
    "MainShape": "Circular",
    "GlobalID": "{7ED01897-29C4-4086-BA65-7C43701877BA}",
    "created_user": "GIS",
    "created_date": 1600300800000,
    "last_edited_user": "GIS",
    "last_edited_date": 1600300800000,
    "LEGACYID": "FIT-1447 : C2-5773",
    "US_Vert_Datum": " ",
    "DS_Vert_Datum": " ",
    "Dewb_Worked_On": 0,
    "AssetStatus": "Active",
    "AccuracyStatus": "Unknown/Null (accurate = no)",
    "InaccuracyType": null,
    "AccuracyDate": null,
    "AccuracyComments": null,
    "AssociatedInspections": null,
    "ArchiveReason": null,
    "ArchiveProjectName": null,
    "ArchiveDate": null,
    "ArchiveComments": null,
    "ReplacedAssetID": null,
    "FID": null,
    "CreationDate": 1667400748941,
    "Creator": "NLandin_wc",
    "EditDate": 1667486550796,
    "Editor": "melliot_wc",
    "Shape_Length": 21.994881300616843
   },
   "geometry": {
    "type": "LineString",
    "coordinates": [
     [
      -71.10700182239674,
      42.383371216152774
     ],
     [
      -71.10692043072373,
      42.383372502797016
     ]
    ]
   }
  },
  {
   "type": "Feature",
   "properties": {
    "OBJECTID": 1565,
    "FACILITYID": "30-5133 : 30-5134",
    "INSTALLDATE": -1356998400000,
    "Height": 48,
    "Width": 52,
    "LINEDYEAR": " ",
    "LINERTYPE": " ",
    "FROMMH": "30-5133",
    "TOMH": "30-5134",
    "WaterType": "Storm",
    "GraphicType": "Storm",
    "ENABLED": 1,
    "ACTIVEFLAG": 1,
    "OWNEDBY": 1,
    "MAINTBY": 1,
    "SUMFLOW": 0,
    "UPELEV": 28.7,
    "UpstreamIn": 28.7,
    "DOWNELEV": 28.5,
    "Downstream": 28.5,
    "SLOPE": 0.064,
    "SlopeSourc": "Tech",
    "Streetname": "BOSTON & LOWELL RAILROAD",
    "CatchArea": " ",
    "Comments": "SLOPE CALCULATED BY GIS SERVICES",
    "BarrelCount": 0,
    "UnderDiam": 0,
    "UnderMat": " ",
    "FieldBook": " ",
    "LifecycleS": "Active",
    "CIP_Area": 0,
    "LGMLoad3": 8892,
    "MeasuredLength": 0,
    "PossDelete": " ",
    "PlanNum": "MM-06",
    "InstalID_1": "1/1/1927",
    "UpdateSour": " ",
    "UpdateDesc": " ",
    "LiningType": " ",
    "Owner": "Somerv",
    "Slope_DWG": 9999,
    "Slope_Tech": 0.064,
    "Slope_GIS": 9999,
    "Group_1": 4,
    "SubType_1": 1,
    "Material": "Reinforced Concrete",
    "MatCode": "RC",
    "Diameter": 0,
    "MainShape": "Unknown",
    "GlobalID": "{09395C48-8C1F-400B-BB96-A4E118E6FF78}",
    "created_user": "GIS",
    "created_date": 1600300800000,
    "last_edited_user": "GIS",
    "last_edited_date": 1600300800000,
    "LEGACYID": "30-5133 : 30-5134",
    "US_Vert_Datum": " ",
    "DS_Vert_Datum": " ",
    "Dewb_Worked_On": 0,
    "AssetStatus": "Active",
    "AccuracyStatus": "Unknown/Null (accurate = no)",
    "InaccuracyType": null,
    "AccuracyDate": null,
    "AccuracyComments": null,
    "AssociatedInspections": null,
    "ArchiveReason": null,
    "ArchiveProjectName": null,
    "ArchiveDate": null,
    "ArchiveComments": "FY2023 CCTV Inspection",
    "ReplacedAssetID": null,
    "FID": null,
    "CreationDate": 1667400748941,
    "Creator": "NLandin_wc",
    "EditDate": 1685113744606,
    "Editor": "melliot_wc",
    "Shape_Length": 314.77400251527405
   },
   "geometry": {
    "type": "LineString",
    "coordinates": [
     [
      -71.09746455161475,
      42.38845874769799
     ],
     [
      -71.0964706778504,
      42.388007926732556
     ]
    ]
   }
  },
  {
   "type": "Feature",
   "properties": {
    "OBJECTID": 1583,
    "FACILITYID": "C2-5480 : C2-5481",
    "INSTALLDATE": null,
    "Height": 0,
    "Width": 0,
    "LINEDYEAR": " ",
    "LINERTYPE": " ",
    "FROMMH": "C2-5480",
    "TOMH": "C2-5481",
    "WaterType": "Storm",
    "GraphicType": "Storm",
    "ENABLED": 1,
    "ACTIVEFLAG": 1,
    "OWNEDBY": 1,
    "MAINTBY": 1,
    "SUMFLOW": 0,
    "UPELEV": 0,
    "UpstreamIn": 0,
    "DOWNELEV": 0,
    "Downstream": 0,
    "SLOPE": 0,
    "SlopeSourc": " ",
    "Streetname": "PUTNAM ST",
    "CatchArea": " ",
    "Comments": " ",
    "BarrelCount": 0,
    "UnderDiam": 0,
    "UnderMat": " ",
    "FieldBook": " ",
    "LifecycleS": " ",
    "CIP_Area": 0,
    "LGMLoad3": 9471,
    "MeasuredLength": 0,
    "PossDelete": " ",
    "PlanNum": "CITY MAP",
    "InstalID_1": " ",
    "UpdateSour": "MWH 2016 Nunziato Field Stormwater Map",
    "UpdateDesc": "New segment",
    "LiningType": " ",
    "Owner": "Somerville",
    "Slope_DWG": 0,
    "Slope_Tech": 0,
    "Slope_GIS": 0,
    "Group_1": 0,
    "SubType_1": 0,
    "Material": "Cement Concrete",
    "MatCode": "CC",
    "Diameter": 15,
    "MainShape": " ",
    "GlobalID": "{6A399387-6701-4E05-B1FF-57D8FC7D07B6}",
    "created_user": "GIS",
    "created_date": 1600300800000,
    "last_edited_user": "GIS",
    "last_edited_date": 1600300800000,
    "LEGACYID": "C2-5480 : C2-5481",
    "US_Vert_Datum": " ",
    "DS_Vert_Datum": " ",
    "Dewb_Worked_On": 0,
    "AssetStatus": "Active",
    "AccuracyStatus": "Unknown/Null (accurate = no)",
    "InaccuracyType": null,
    "AccuracyDate": null,
    "AccuracyComments": null,
    "AssociatedInspections": null,
    "ArchiveReason": null,
    "ArchiveProjectName": null,
    "ArchiveDate": null,
    "ArchiveComments": null,
    "ReplacedAssetID": null,
    "FID": null,
    "CreationDate": 1667400748941,
    "Creator": "NLandin_wc",
    "EditDate": 1667486550906,
    "Editor": "melliot_wc",
    "Shape_Length": 162.3499500892506
   },
   "geometry": {
    "type": "LineString",
    "coordinates": [
     [
      -71.09772862385896,
      42.384995546249556
     ],
     [
      -71.09799981738966,
      42.3845979980914
     ]
    ]
   }
  },
  {
   "type": "Feature",
   "properties": {
    "OBJECTID": 1597,
    "FACILITYID": "FIT-1508 : 30-5116",
    "INSTALLDATE": -2263075200000,
    "Height": 0,
    "Width": 0,
    "LINEDYEAR": " ",
    "LINERTYPE": " ",
    "FROMMH": "FIT-1508",
    "TOMH": "30-5116",
    "WaterType": "Storm",
    "GraphicType": "Storm",
    "ENABLED": 1,
    "ACTIVEFLAG": 1,
    "OWNEDBY": 1,
    "MAINTBY": 1,
    "SUMFLOW": 0,
    "UPELEV": 27.55,
    "UpstreamIn": 27.55,
    "DOWNELEV": 26.77,
    "Downstream": 26.77,
    "SLOPE": 0.333,
    "SlopeSourc": "DWG",
    "Streetname": "MARSHALL ST",
    "CatchArea": " ",
    "Comments": "MATERIAL FROM CITY MAP",
    "BarrelCount": 1,
    "UnderDiam": 0,
    "UnderMat": " ",
    "FieldBook": " ",
    "LifecycleS": "Active",
    "CIP_Area": 0,
    "LGMLoad3": 7118,
    "MeasuredLength": 0,
    "PossDelete": " ",
    "PlanNum": "BB-12",
    "InstalID_1": "4/15/1898",
    "UpdateSour": " ",
    "UpdateDesc": " ",
    "LiningType": " ",
    "Owner": "Somerv",
    "Slope_DWG": 0.333,
    "Slope_Tech": 9999,
    "Slope_GIS": 9999,
    "Group_1": 2,
    "SubType_1": 1,
    "Material": "Brick",
    "MatCode": "Br",
    "Diameter": 66,
    "MainShape": "Circular",
    "GlobalID": "{6EB19A88-82C6-45F5-944C-FF51145D56E8}",
    "created_user": "GIS",
    "created_date": 1600300800000,
    "last_edited_user": "GIS",
    "last_edited_date": 1600300800000,
    "LEGACYID": "FIT-1508 : 30-5116",
    "US_Vert_Datum": " ",
    "DS_Vert_Datum": " ",
    "Dewb_Worked_On": 0,
    "AssetStatus": "Active",
    "AccuracyStatus": "Unknown/Null (accurate = no)",
    "InaccuracyType": null,
    "AccuracyDate": null,
    "AccuracyComments": null,
    "AssociatedInspections": null,
    "ArchiveReason": null,
    "ArchiveProjectName": null,
    "ArchiveDate": null,
    "ArchiveComments": null,
    "ReplacedAssetID": null,
    "FID": null,
    "CreationDate": 1667400748941,
    "Creator": "NLandin_wc",
    "EditDate": 1667486550986,
    "Editor": "melliot_wc",
    "Shape_Length": 232.59950823894448
   },
   "geometry": {
    "type": "LineString",
    "coordinates": [
     [
      -71.0957637639242,
      42.38818420189448
     ],
     [
      -71.09574254227905,
      42.38821750171804
     ],
     [
      -71.09573538044356,
      42.38822874449424
     ],
     [
      -71.09539915546155,
      42.38876240803944
     ]
    ]
   }
  },
  {
   "type": "Feature",
   "properties": {
    "OBJECTID": 1602,
    "FACILITYID": "C2-6449 : C2-5490",
    "INSTALLDATE": null,
    "Height": 0,
    "Width": 0,
    "LINEDYEAR": " ",
    "LINERTYPE": " ",
    "FROMMH": "C2-6449",
    "TOMH": "C2-5490",
    "WaterType": "Storm",
    "GraphicType": "Storm",
    "ENABLED": 1,
    "ACTIVEFLAG": 1,
    "OWNEDBY": 1,
    "MAINTBY": 1,
    "SUMFLOW": 0,
    "UPELEV": 0,
    "UpstreamIn": 0,
    "DOWNELEV": 0,
    "Downstream": 0,
    "SLOPE": 0,
    "SlopeSourc": " ",
    "Streetname": "BERKELEY ST, SCHOOL ST",
    "CatchArea": " ",
    "Comments": " ",
    "BarrelCount": 0,
    "UnderDiam": 0,
    "UnderMat": " ",
    "FieldBook": " ",
    "LifecycleS": " ",
    "CIP_Area": 0,
    "LGMLoad3": 10117,
    "MeasuredLength": 15,
    "PossDelete": " ",
    "PlanNum": "F-07",
    "InstalID_1": " ",
    "UpdateSour": " ",
    "UpdateDesc": " ",
    "LiningType": " ",
    "Owner": " ",
    "Slope_DWG": 0,
    "Slope_Tech": 0,
    "Slope_GIS": 0,
    "Group_1": 0,
    "SubType_1": 0,
    "Material": "Vitrified Clay",
    "MatCode": "VC",
    "Diameter": 30,
    "MainShape": "Oblong",
    "GlobalID": "{BA1856A3-AF51-4031-8434-B6FF7D4F045B}",
    "created_user": "GIS",
    "created_date": 1600300800000,
    "last_edited_user": "GIS",
    "last_edited_date": 1600300800000,
    "LEGACYID": "C2-6449 : C2-5490",
    "US_Vert_Datum": " ",
    "DS_Vert_Datum": " ",
    "Dewb_Worked_On": 0,
    "AssetStatus": "Active",
    "AccuracyStatus": "Unknown/Null (accurate = no)",
    "InaccuracyType": null,
    "AccuracyDate": null,
    "AccuracyComments": null,
    "AssociatedInspections": null,
    "ArchiveReason": null,
    "ArchiveProjectName": null,
    "ArchiveDate": null,
    "ArchiveComments": null,
    "ReplacedAssetID": null,
    "FID": null,
    "CreationDate": 1667400748941,
    "Creator": "NLandin_wc",
    "EditDate": 1667486551018,
    "Editor": "melliot_wc",
    "Shape_Length": 14.781324594520463
   },
   "geometry": {
    "type": "LineString",
    "coordinates": [
     [
      -71.09972688345086,
      42.38547650195508
     ],
     [
      -71.09967701178215,
      42.385459821752896
     ]
    ]
   }
  },
  {
   "type": "Feature",
   "properties": {
    "OBJECTID": 1604,
    "FACILITYID": "C2-6431 : C2-5985",
    "INSTALLDATE": null,
    "Height": 0,
    "Width": 0,
    "LINEDYEAR": " ",
    "LINERTYPE": " ",
    "FROMMH": "C2-6431",
    "TOMH": "C2-5985",
    "WaterType": "Storm",
    "GraphicType": "Storm",
    "ENABLED": 1,
    "ACTIVEFLAG": 1,
    "OWNEDBY": 1,
    "MAINTBY": 1,
    "SUMFLOW": 0,
    "UPELEV": 0,
    "UpstreamIn": 0,
    "DOWNELEV": 0,
    "Downstream": 0,
    "SLOPE": 0,
    "SlopeSourc": " ",
    "Streetname": "SOMERVILLE AVE",
    "CatchArea": " ",
    "Comments": " ",
    "BarrelCount": 0,
    "UnderDiam": 0,
    "UnderMat": " ",
    "FieldBook": " ",
    "LifecycleS": " ",
    "CIP_Area": 0,
    "LGMLoad3": 10917,
    "MeasuredLength": 200,
    "PossDelete": " ",
    "PlanNum": "CITY MAP",
    "InstalID_1": " ",
    "UpdateSour": " ",
    "UpdateDesc": " ",
    "LiningType": " ",
    "Owner": " ",
    "Slope_DWG": 0,
    "Slope_Tech": 0,
    "Slope_GIS": 0,
    "Group_1": 0,
    "SubType_1": 0,
    "Material": "Reinforced Concrete",
    "MatCode": "RC",
    "Diameter": 60,
    "MainShape": "Circular",
    "GlobalID": "{4B50E0DF-E6A4-4BC3-9D38-52D2F178DA68}",
    "created_user": "GIS",
    "created_date": 1600300800000,
    "last_edited_user": "GIS",
    "last_edited_date": 1600300800000,
    "LEGACYID": "C2-6431 : C2-5985",
    "US_Vert_Datum": " ",
    "DS_Vert_Datum": " ",
    "Dewb_Worked_On": 0,
    "AssetStatus": "Active",
    "AccuracyStatus": "Unknown/Null (accurate = no)",
    "InaccuracyType": null,
    "AccuracyDate": null,
    "AccuracyComments": null,
    "AssociatedInspections": null,
    "ArchiveReason": null,
    "ArchiveProjectName": null,
    "ArchiveDate": null,
    "ArchiveComments": null,
    "ReplacedAssetID": null,
    "FID": null,
    "CreationDate": 1667400748941,
    "Creator": "NLandin_wc",
    "EditDate": 1667486551033,
    "Editor": "melliot_wc",
    "Shape_Length": 198.52302781347137
   },
   "geometry": {
    "type": "LineString",
    "coordinates": [
     [
      -71.10340773988777,
      42.38248621780364
     ],
     [
      -71.10273651362056,
      42.382264588465965
     ]
    ]
   }
  },
  {
   "type": "Feature",
   "properties": {
    "OBJECTID": 1610,
    "FACILITYID": "C2-2870 : FIT-1438",
    "INSTALLDATE": null,
    "Height": 0,
    "Width": 0,
    "LINEDYEAR": " ",
    "LINERTYPE": " ",
    "FROMMH": "C2-2870",
    "TOMH": "FIT-1438",
    "WaterType": "Storm",
    "GraphicType": "Storm",
    "ENABLED": 1,
    "ACTIVEFLAG": 1,
    "OWNEDBY": 1,
    "MAINTBY": 1,
    "SUMFLOW": 0,
    "UPELEV": 0,
    "UpstreamIn": 0,
    "DOWNELEV": 0,
    "Downstream": 0,
    "SLOPE": 0,
    "SlopeSourc": " ",
    "Streetname": "SOMERVILLE AVE",
    "CatchArea": " ",
    "Comments": " ",
    "BarrelCount": 0,
    "UnderDiam": 0,
    "UnderMat": " ",
    "FieldBook": " ",
    "LifecycleS": " ",
    "CIP_Area": 0,
    "LGMLoad3": 10740,
    "MeasuredLength": 414,
    "PossDelete": " ",
    "PlanNum": "CITY MAP",
    "InstalID_1": " ",
    "UpdateSour": " ",
    "UpdateDesc": " ",
    "LiningType": " ",
    "Owner": " ",
    "Slope_DWG": 0,
    "Slope_Tech": 0,
    "Slope_GIS": 0,
    "Group_1": 0,
    "SubType_1": 0,
    "Material": "Reinforced Concrete",
    "MatCode": "RC",
    "Diameter": 60,
    "MainShape": "Circular",
    "GlobalID": "{A8E46BBE-78C2-46A5-AA74-8905FDD03535}",
    "created_user": "GIS",
    "created_date": 1600300800000,
    "last_edited_user": "GIS",
    "last_edited_date": 1600300800000,
    "LEGACYID": "C2-2870 : FIT-1438",
    "US_Vert_Datum": " ",
    "DS_Vert_Datum": " ",
    "Dewb_Worked_On": 0,
    "AssetStatus": "Active",
    "AccuracyStatus": "Unknown/Null (accurate = no)",
    "InaccuracyType": null,
    "AccuracyDate": null,
    "AccuracyComments": null,
    "AssociatedInspections": null,
    "ArchiveReason": null,
    "ArchiveProjectName": null,
    "ArchiveDate": null,
    "ArchiveComments": null,
    "ReplacedAssetID": null,
    "FID": null,
    "CreationDate": 1667400748941,
    "Creator": "NLandin_wc",
    "EditDate": 1667486551064,
    "Editor": "melliot_wc",
    "Shape_Length": 130.3695168828905
   },
   "geometry": {
    "type": "LineString",
    "coordinates": [
     [
      -71.10940765120542,
      42.38392167724941
     ],
     [
      -71.10895077424408,
      42.3838065591011
     ]
    ]
   }
  },
  {
   "type": "Feature",
   "properties": {
    "OBJECTID": 1637,
    "FACILITYID": "C2-5767 : C2-2870",
    "INSTALLDATE": null,
    "Height": 0,
    "Width": 0,
    "LINEDYEAR": " ",
    "LINERTYPE": " ",
    "FROMMH": "C2-5767",
    "TOMH": "C2-2870",
    "WaterType": "Storm",
    "GraphicType": "Storm",
    "ENABLED": 1,
    "ACTIVEFLAG": 1,
    "OWNEDBY": 1,
    "MAINTBY": 1,
    "SUMFLOW": 0,
    "UPELEV": 0,
    "UpstreamIn": 0,
    "DOWNELEV": 0,
    "Downstream": 0,
    "SLOPE": 0,
    "SlopeSourc": " ",
    "Streetname": "SOMERVILLE AVE",
    "CatchArea": " ",
    "Comments": " ",
    "BarrelCount": 0,
    "UnderDiam": 0,
    "UnderMat": " ",
    "FieldBook": " ",
    "LifecycleS": " ",
    "CIP_Area": 0,
    "LGMLoad3": 10737,
    "MeasuredLength": 442,
    "PossDelete": " ",
    "PlanNum": "CITY MAP",
    "InstalID_1": " ",
    "UpdateSour": " ",
    "UpdateDesc": " ",
    "LiningType": " ",
    "Owner": " ",
    "Slope_DWG": 0,
    "Slope_Tech": 0,
    "Slope_GIS": 0,
    "Group_1": 0,
    "SubType_1": 0,
    "Material": "Reinforced Concrete",
    "MatCode": "RC",
    "Diameter": 60,
    "MainShape": "Circular",
    "GlobalID": "{E7C3DF85-BD7D-4951-AACC-536A79A69C88}",
    "created_user": "GIS",
    "created_date": 1600300800000,
    "last_edited_user": "GIS",
    "last_edited_date": 1600300800000,
    "LEGACYID": "C2-5767 : C2-2870",
    "US_Vert_Datum": " ",
    "DS_Vert_Datum": " ",
    "Dewb_Worked_On": 0,
    "AssetStatus": "Active",
    "AccuracyStatus": "Unknown/Null (accurate = no)",
    "InaccuracyType": null,
    "AccuracyDate": null,
    "AccuracyComments": null,
    "AssociatedInspections": null,
    "ArchiveReason": null,
    "ArchiveProjectName": null,
    "ArchiveDate": null,
    "ArchiveComments": null,
    "ReplacedAssetID": null,
    "FID": null,
    "CreationDate": 1667400748941,
    "Creator": "NLandin_wc",
    "EditDate": 1667486551348,
    "Editor": "melliot_wc",
    "Shape_Length": 443.2955496217036
   },
   "geometry": {
    "type": "LineString",
    "coordinates": [
     [
      -71.11097411038219,
      42.3842836756903
     ],
     [
      -71.10940765120542,
      42.38392167724941
     ]
    ]
   }
  },
  {
   "type": "Feature",
   "properties": {
    "OBJECTID": 1643,
    "FACILITYID": "30-5118 : 30-5119",
    "INSTALLDATE": -2261952000000,
    "Height": 0,
    "Width": 0,
    "LINEDYEAR": " ",
    "LINERTYPE": " ",
    "FROMMH": "30-5118",
    "TOMH": "30-5119",
    "WaterType": "Storm",
    "GraphicType": "Storm",
    "ENABLED": 1,
    "ACTIVEFLAG": 1,
    "OWNEDBY": 1,
    "MAINTBY": 1,
    "SUMFLOW": 0,
    "UPELEV": 24.83,
    "UpstreamIn": 24.83,
    "DOWNELEV": 23.97,
    "Downstream": 23.97,
    "SLOPE": 0.333,
    "SlopeSourc": "DWG",
    "Streetname": "MARSHALL ST",
    "CatchArea": " ",
    "Comments": " ",
    "BarrelCount": 1,
    "UnderDiam": 0,
    "UnderMat": " ",
    "FieldBook": " ",
    "LifecycleS": "Active",
    "CIP_Area": 0,
    "LGMLoad3": 9020,
    "MeasuredLength": 0,
    "PossDelete": " ",
    "PlanNum": "BB-11",
    "InstalID_1": "4/28/1898",
    "UpdateSour": " ",
    "UpdateDesc": " ",
    "LiningType": " ",
    "Owner": "Somerv",
    "Slope_DWG": 0.333,
    "Slope_Tech": 9999,
    "Slope_GIS": 9999,
    "Group_1": 2,
    "SubType_1": 1,
    "Material": "Brick",
    "MatCode": "Br",
    "Diameter": 66,
    "MainShape": "Circular",
    "GlobalID": "{86721802-2E53-4DD2-BE14-9DA2981C0E30}",
    "created_user": "GIS",
    "created_date": 1600300800000,
    "last_edited_user": "GIS",
    "last_edited_date": 1600300800000,
    "LEGACYID": "30-5118 : 30-5119",
    "US_Vert_Datum": " ",
    "DS_Vert_Datum": " ",
    "Dewb_Worked_On": 0,
    "AssetStatus": "Active",
    "AccuracyStatus": "Unknown/Null (accurate = no)",
    "InaccuracyType": null,
    "AccuracyDate": null,
    "AccuracyComments": null,
    "AssociatedInspections": null,
    "ArchiveReason": null,
    "ArchiveProjectName": null,
    "ArchiveDate": null,
    "ArchiveComments": null,
    "ReplacedAssetID": null,
    "FID": null,
    "CreationDate": 1667400748941,
    "Creator": "NLandin_wc",
    "EditDate": 1667486551395,
    "Editor": "melliot_wc",
    "Shape_Length": 258.4445261147655
   },
   "geometry": {
    "type": "LineString",
    "coordinates": [
     [
      -71.09448632801404,
      42.39021190760914
     ],
     [
      -71.09411025735615,
      42.39080724106861
     ],
     [
      -71.0940806174784,
      42.39085416095626
     ]
    ]
   }
  },
  {
   "type": "Feature",
   "properties": {
    "OBJECTID": 1655,
    "FACILITYID": "FIT-1438 : FIT-1440",
    "INSTALLDATE": null,
    "Height": 0,
    "Width": 0,
    "LINEDYEAR": " ",
    "LINERTYPE": " ",
    "FROMMH": "FIT-1438",
    "TOMH": "FIT-1440",
    "WaterType": "Storm",
    "GraphicType": "Storm",
    "ENABLED": 1,
    "ACTIVEFLAG": 1,
    "OWNEDBY": 1,
    "MAINTBY": 1,
    "SUMFLOW": 0,
    "UPELEV": 0,
    "UpstreamIn": 0,
    "DOWNELEV": 0,
    "Downstream": 0,
    "SLOPE": 0,
    "SlopeSourc": " ",
    "Streetname": "SOMERVILLE AVE",
    "CatchArea": " ",
    "Comments": " ",
    "BarrelCount": 0,
    "UnderDiam": 0,
    "UnderMat": " ",
    "FieldBook": " ",
    "LifecycleS": " ",
    "CIP_Area": 0,
    "LGMLoad3": 10740,
    "MeasuredLength": 414,
    "PossDelete": " ",
    "PlanNum": "CITY MAP",
    "InstalID_1": " ",
    "UpdateSour": " ",
    "UpdateDesc": " ",
    "LiningType": " ",
    "Owner": " ",
    "Slope_DWG": 0,
    "Slope_Tech": 0,
    "Slope_GIS": 0,
    "Group_1": 0,
    "SubType_1": 0,
    "Material": "Reinforced Concrete",
    "MatCode": "RC",
    "Diameter": 60,
    "MainShape": "Circular",
    "GlobalID": "{6427EA71-C9FE-4B80-8803-B1979F2B88A7}",
    "created_user": "GIS",
    "created_date": 1600300800000,
    "last_edited_user": "GIS",
    "last_edited_date": 1600300800000,
    "LEGACYID": "FIT-1438 : FIT-1440",
    "US_Vert_Datum": " ",
    "DS_Vert_Datum": " ",
    "Dewb_Worked_On": 0,
    "AssetStatus": "Active",
    "AccuracyStatus": "Unknown/Null (accurate = no)",
    "InaccuracyType": null,
    "AccuracyDate": null,
    "AccuracyComments": null,
    "AssociatedInspections": null,
    "ArchiveReason": null,
    "ArchiveProjectName": null,
    "ArchiveDate": null,
    "ArchiveComments": null,
    "ReplacedAssetID": null,
    "FID": null,
    "CreationDate": 1667400748941,
    "Creator": "NLandin_wc",
    "EditDate": 1667486551458,
    "Editor": "melliot_wc",
    "Shape_Length": 120.76384418621875
   },
   "geometry": {
    "type": "LineString",
    "coordinates": [
     [
      -71.10895077424408,
      42.3838065591011
     ],
     [
      -71.10852185549925,
      42.38371328960377
     ]
    ]
   }
  },
  {
   "type": "Feature",
   "properties": {
    "OBJECTID": 1658,
    "FACILITYID": "S2-6143 : S2-6303",
    "INSTALLDATE": null,
    "Height": 0,
    "Width": 0,
    "LINEDYEAR": " ",
    "LINERTYPE": " ",
    "FROMMH": "S2-6143",
    "TOMH": "S2-6303",
    "WaterType": "Storm",
    "GraphicType": "Storm",
    "ENABLED": 1,
    "ACTIVEFLAG": 1,
    "OWNEDBY": 1,
    "MAINTBY": 1,
    "SUMFLOW": 0,
    "UPELEV": 0,
    "UpstreamIn": 0,
    "DOWNELEV": 0,
    "Downstream": 0,
    "SLOPE": 0,
    "SlopeSourc": " ",
    "Streetname": "MEDFORD ST",
    "CatchArea": " ",
    "Comments": " ",
    "BarrelCount": 0,
    "UnderDiam": 0,
    "UnderMat": " ",
    "FieldBook": " ",
    "LifecycleS": " ",
    "CIP_Area": 0,
    "LGMLoad3": 11191,
    "MeasuredLength": 67,
    "PossDelete": " ",
    "PlanNum": "Unknown",
    "InstalID_1": " ",
    "UpdateSour": " ",
    "UpdateDesc": " ",
    "LiningType": " ",
    "Owner": " ",
    "Slope_DWG": 0,
    "Slope_Tech": 0,
    "Slope_GIS": 0,
    "Group_1": 0,
    "SubType_1": 0,
    "Material": "Reinforced Concrete",
    "MatCode": "RC",
    "Diameter": 12,
    "MainShape": "Circular",
    "GlobalID": "{0AEC708B-FD29-4941-89FC-2D8422051554}",
    "created_user": "GIS",
    "created_date": 1600300800000,
    "last_edited_user": "GIS",
    "last_edited_date": 1600300800000,
    "LEGACYID": "S2-6143 : S2-6303",
    "US_Vert_Datum": " ",
    "DS_Vert_Datum": " ",
    "Dewb_Worked_On": 0,
    "AssetStatus": "Active",
    "AccuracyStatus": "Unknown/Null (accurate = no)",
    "InaccuracyType": null,
    "AccuracyDate": null,
    "AccuracyComments": null,
    "AssociatedInspections": null,
    "ArchiveReason": null,
    "ArchiveProjectName": null,
    "ArchiveDate": null,
    "ArchiveComments": "FY2023 CCTV Inspection",
    "ReplacedAssetID": null,
    "FID": null,
    "CreationDate": 1667400748941,
    "Creator": "NLandin_wc",
    "EditDate": 1685113744731,
    "Editor": "melliot_wc",
    "Shape_Length": 66.1381397134169
   },
   "geometry": {
    "type": "LineString",
    "coordinates": [
     [
      -71.09441231020773,
      42.386327146995605
     ],
     [
      -71.09455795209486,
      42.38647302272682
     ]
    ]
   }
  },
  {
   "type": "Feature",
   "properties": {
    "OBJECTID": 1668,
    "FACILITYID": "C2-5096 : C2-1227",
    "INSTALLDATE": -2213568000000,
    "Height": 0,
    "Width": 0,
    "LINEDYEAR": " ",
    "LINERTYPE": " ",
    "FROMMH": "C2-5096",
    "TOMH": "C2-1227",
    "WaterType": "Storm",
    "GraphicType": "Storm",
    "ENABLED": 1,
    "ACTIVEFLAG": 1,
    "OWNEDBY": 1,
    "MAINTBY": 1,
    "SUMFLOW": 0,
    "UPELEV": 40.39,
    "UpstreamIn": 40.39,
    "DOWNELEV": 38.15,
    "Downstream": 38.15,
    "SLOPE": 1,
    "SlopeSourc": "DWG",
    "Streetname": "SCHOOL ST",
    "CatchArea": " ",
    "Comments": "MATERIAL FROM CITY MAP",
    "BarrelCount": 0,
    "UnderDiam": 0,
    "UnderMat": " ",
    "FieldBook": " ",
    "LifecycleS": "Active",
    "CIP_Area": 8,
    "LGMLoad3": 8564,
    "MeasuredLength": 0,
    "PossDelete": " ",
    "PlanNum": "BB-26",
    "InstalID_1": "11/9/1899",
    "UpdateSour": "MWH 2016 Nunziato Field Stormwater Map",
    "UpdateDesc": "Diameter changed from 30 to 20 inches",
    "LiningType": " ",
    "Owner": "Somerv",
    "Slope_DWG": 1,
    "Slope_Tech": 9999,
    "Slope_GIS": 9999,
    "Group_1": 2,
    "SubType_1": 1,
    "Material": "Vitrified Clay",
    "MatCode": "VC",
    "Diameter": 30,
    "MainShape": "Circular",
    "GlobalID": "{9F9CA99F-94AF-4C22-92F4-0E8858C717E3}",
    "created_user": "GIS",
    "created_date": 1600300800000,
    "last_edited_user": "GIS",
    "last_edited_date": 1600300800000,
    "LEGACYID": "C2-5096 : C2-1227",
    "US_Vert_Datum": " ",
    "DS_Vert_Datum": " ",
    "Dewb_Worked_On": 0,
    "AssetStatus": "Active",
    "AccuracyStatus": "Unknown/Null (accurate = no)",
    "InaccuracyType": null,
    "AccuracyDate": null,
    "AccuracyComments": null,
    "AssociatedInspections": null,
    "ArchiveReason": null,
    "ArchiveProjectName": null,
    "ArchiveDate": null,
    "ArchiveComments": null,
    "ReplacedAssetID": null,
    "FID": null,
    "CreationDate": 1667400748941,
    "Creator": "NLandin_wc",
    "EditDate": 1667486551536,
    "Editor": "melliot_wc",
    "Shape_Length": 225.3571539341235
   },
   "geometry": {
    "type": "LineString",
    "coordinates": [
     [
      -71.10004773623676,
      42.384936670891086
     ],
     [
      -71.10038830124289,
      42.38443048611806
     ],
     [
      -71.100401925166,
      42.384410526440476
     ],
     [
      -71.10039619749355,
      42.384380463192905
     ]
    ]
   }
  },
  {
   "type": "Feature",
   "properties": {
    "OBJECTID": 1678,
    "FACILITYID": "C2-5483 : C2-5484",
    "INSTALLDATE": null,
    "Height": 0,
    "Width": 0,
    "LINEDYEAR": " ",
    "LINERTYPE": " ",
    "FROMMH": "C2-5483",
    "TOMH": "C2-5484",
    "WaterType": "Storm",
    "GraphicType": "Storm",
    "ENABLED": 1,
    "ACTIVEFLAG": 1,
    "OWNEDBY": 1,
    "MAINTBY": 1,
    "SUMFLOW": 0,
    "UPELEV": 0,
    "UpstreamIn": 0,
    "DOWNELEV": 0,
    "Downstream": 0,
    "SLOPE": 0,
    "SlopeSourc": " ",
    "Streetname": "PUTNAM ST",
    "CatchArea": " ",
    "Comments": " ",
    "BarrelCount": 0,
    "UnderDiam": 0,
    "UnderMat": " ",
    "FieldBook": " ",
    "LifecycleS": " ",
    "CIP_Area": 0,
    "LGMLoad3": 9467,
    "MeasuredLength": 0,
    "PossDelete": " ",
    "PlanNum": "CITY MAP",
    "InstalID_1": " ",
    "UpdateSour": "MWH 2016 Nunziato Field Stormwater Map",
    "UpdateDesc": "New segment",
    "LiningType": " ",
    "Owner": "Somerville",
    "Slope_DWG": 0,
    "Slope_Tech": 0,
    "Slope_GIS": 0,
    "Group_1": 0,
    "SubType_1": 0,
    "Material": "Cement Concrete",
    "MatCode": "CC",
    "Diameter": 18,
    "MainShape": " ",
    "GlobalID": "{2FD4EA85-6511-4D6D-BD8D-E8BDCA4F285F}",
    "created_user": "GIS",
    "created_date": 1600300800000,
    "last_edited_user": "GIS",
    "last_edited_date": 1600300800000,
    "LEGACYID": "C2-5483 : C2-5484",
    "US_Vert_Datum": " ",
    "DS_Vert_Datum": " ",
    "Dewb_Worked_On": 0,
    "AssetStatus": "Active",
    "AccuracyStatus": "Unknown/Null (accurate = no)",
    "InaccuracyType": null,
    "AccuracyDate": null,
    "AccuracyComments": null,
    "AssociatedInspections": null,
    "ArchiveReason": null,
    "ArchiveProjectName": null,
    "ArchiveDate": null,
    "ArchiveComments": null,
    "ReplacedAssetID": null,
    "FID": null,
    "CreationDate": 1667400748941,
    "Creator": "NLandin_wc",
    "EditDate": 1667486551631,
    "Editor": "melliot_wc",
    "Shape_Length": 190.83099649326616
   },
   "geometry": {
    "type": "LineString",
    "coordinates": [
     [
      -71.09847133416476,
      42.383903793924446
     ],
     [
      -71.09879492741092,
      42.383438331935785
     ]
    ]
   }
  },
  {
   "type": "Feature",
   "properties": {
    "OBJECTID": 1682,
    "FACILITYID": "30-5132 : 30-5133",
    "INSTALLDATE": -1356998400000,
    "Height": 48,
    "Width": 52,
    "LINEDYEAR": " ",
    "LINERTYPE": " ",
    "FROMMH": "30-5132",
    "TOMH": "30-5133",
    "WaterType": "Storm",
    "GraphicType": "Storm",
    "ENABLED": 1,
    "ACTIVEFLAG": 1,
    "OWNEDBY": 1,
    "MAINTBY": 1,
    "SUMFLOW": 0,
    "UPELEV": 29.45,
    "UpstreamIn": 29.45,
    "DOWNELEV": 28.7,
    "Downstream": 28.7,
    "SLOPE": 0.47,
    "SlopeSourc": "Tech",
    "Streetname": "BOSTON & LOWELL RAILROAD",
    "CatchArea": " ",
    "Comments": "SLOPE CALCULATED BY GIS SERVICES",
    "BarrelCount": 0,
    "UnderDiam": 0,
    "UnderMat": " ",
    "FieldBook": " ",
    "LifecycleS": "Active",
    "CIP_Area": 0,
    "LGMLoad3": 5943,
    "MeasuredLength": 0,
    "PossDelete": " ",
    "PlanNum": "MM-06",
    "InstalID_1": "1/1/1927",
    "UpdateSour": " ",
    "UpdateDesc": " ",
    "LiningType": " ",
    "Owner": "Somerv",
    "Slope_DWG": 9999,
    "Slope_Tech": 0.47,
    "Slope_GIS": 9999,
    "Group_1": 4,
    "SubType_1": 1,
    "Material": "Reinforced Concrete",
    "MatCode": "RC",
    "Diameter": 0,
    "MainShape": "Unknown",
    "GlobalID": "{B1CB9509-2516-40F1-92A4-DF9B4AB01C5A}",
    "created_user": "GIS",
    "created_date": 1600300800000,
    "last_edited_user": "GIS",
    "last_edited_date": 1600300800000,
    "LEGACYID": "30-5132 : 30-5133",
    "US_Vert_Datum": " ",
    "DS_Vert_Datum": " ",
    "Dewb_Worked_On": 0,
    "AssetStatus": "Active",
    "AccuracyStatus": "Unknown/Null (accurate = no)",
    "InaccuracyType": null,
    "AccuracyDate": null,
    "AccuracyComments": null,
    "AssociatedInspections": null,
    "ArchiveReason": null,
    "ArchiveProjectName": null,
    "ArchiveDate": null,
    "ArchiveComments": null,
    "ReplacedAssetID": null,
    "FID": null,
    "CreationDate": 1667400748941,
    "Creator": "NLandin_wc",
    "EditDate": 1667486551662,
    "Editor": "melliot_wc",
    "Shape_Length": 159.41754758290244
   },
   "geometry": {
    "type": "LineString",
    "coordinates": [
     [
      -71.09788878225619,
      42.38844594177164
     ],
     [
      -71.0977711127667,
      42.388594833350716
     ],
     [
      -71.09746455161475,
      42.38845874769799
     ]
    ]
   }
  },
  {
   "type": "Feature",
   "properties": {
    "OBJECTID": 1684,
    "FACILITYID": "C2-5685 : C2-6448",
    "INSTALLDATE": null,
    "Height": 0,
    "Width": 0,
    "LINEDYEAR": " ",
    "LINERTYPE": " ",
    "FROMMH": "C2-5685",
    "TOMH": "C2-6448",
    "WaterType": "Storm",
    "GraphicType": "Storm",
    "ENABLED": 1,
    "ACTIVEFLAG": 1,
    "OWNEDBY": 1,
    "MAINTBY": 1,
    "SUMFLOW": 0,
    "UPELEV": 0,
    "UpstreamIn": 0,
    "DOWNELEV": 0,
    "Downstream": 0,
    "SLOPE": 0,
    "SlopeSourc": " ",
    "Streetname": "BERKELEY ST",
    "CatchArea": " ",
    "Comments": " ",
    "BarrelCount": 0,
    "UnderDiam": 0,
    "UnderMat": " ",
    "FieldBook": " ",
    "LifecycleS": " ",
    "CIP_Area": 0,
    "LGMLoad3": 10699,
    "MeasuredLength": 202,
    "PossDelete": " ",
    "PlanNum": "F-07",
    "InstalID_1": " ",
    "UpdateSour": " ",
    "UpdateDesc": " ",
    "LiningType": " ",
    "Owner": " ",
    "Slope_DWG": 0,
    "Slope_Tech": 0,
    "Slope_GIS": 0,
    "Group_1": 0,
    "SubType_1": 0,
    "Material": "Reinforced Concrete",
    "MatCode": "RC",
    "Diameter": 30,
    "MainShape": "Circular",
    "GlobalID": "{9C8FDD2E-E3D4-4FF4-A92B-B07415D69531}",
    "created_user": "GIS",
    "created_date": 1600300800000,
    "last_edited_user": "GIS",
    "last_edited_date": 1600300800000,
    "LEGACYID": "C2-5685 : C2-6448",
    "US_Vert_Datum": " ",
    "DS_Vert_Datum": " ",
    "Dewb_Worked_On": 0,
    "AssetStatus": "Active",
    "AccuracyStatus": "Unknown/Null (accurate = no)",
    "InaccuracyType": null,
    "AccuracyDate": null,
    "AccuracyComments": null,
    "AssociatedInspections": null,
    "ArchiveReason": null,
    "ArchiveProjectName": null,
    "ArchiveDate": null,
    "ArchiveComments": null,
    "ReplacedAssetID": null,
    "FID": null,
    "CreationDate": 1667400748941,
    "Creator": "NLandin_wc",
    "EditDate": 1667486551662,
    "Editor": "melliot_wc",
    "Shape_Length": 200.88612153696994
   },
   "geometry": {
    "type": "LineString",
    "coordinates": [
     [
      -71.10039365027357,
      42.38578645358366
     ],
     [
      -71.09972508982987,
      42.38554517561323
     ]
    ]
   }
  },
  {
   "type": "Feature",
   "properties": {
    "OBJECTID": 1702,
    "FACILITYID": "C2-5699 : FIT-1122",
    "INSTALLDATE": null,
    "Height": 0,
    "Width": 0,
    "LINEDYEAR": " ",
    "LINERTYPE": " ",
    "FROMMH": "C2-5699",
    "TOMH": "FIT-1122",
    "WaterType": "Storm",
    "GraphicType": "Storm",
    "ENABLED": 1,
    "ACTIVEFLAG": 1,
    "OWNEDBY": 1,
    "MAINTBY": 1,
    "SUMFLOW": 0,
    "UPELEV": 0,
    "UpstreamIn": 0,
    "DOWNELEV": 0,
    "Downstream": 0,
    "SLOPE": 0,
    "SlopeSourc": " ",
    "Streetname": "COLUMBUS AVE",
    "CatchArea": " ",
    "Comments": " ",
    "BarrelCount": 0,
    "UnderDiam": 0,
    "UnderMat": " ",
    "FieldBook": " ",
    "LifecycleS": " ",
    "CIP_Area": 0,
    "LGMLoad3": 11320,
    "MeasuredLength": 31,
    "PossDelete": " ",
    "PlanNum": "Unknown",
    "InstalID_1": " ",
    "UpdateSour": " ",
    "UpdateDesc": " ",
    "LiningType": " ",
    "Owner": " ",
    "Slope_DWG": 0,
    "Slope_Tech": 0,
    "Slope_GIS": 0,
    "Group_1": 0,
    "SubType_1": 0,
    "Material": "Vitrified Clay",
    "MatCode": "VC",
    "Diameter": 8,
    "MainShape": "Circular",
    "GlobalID": "{0EFD36A2-80B9-4216-9B65-B0AC250CCFD1}",
    "created_user": "GIS",
    "created_date": 1600300800000,
    "last_edited_user": "GIS",
    "last_edited_date": 1600300800000,
    "LEGACYID": "C2-5699 : FIT-1122",
    "US_Vert_Datum": " ",
    "DS_Vert_Datum": " ",
    "Dewb_Worked_On": 0,
    "AssetStatus": "Active",
    "AccuracyStatus": "Unknown/Null (accurate = no)",
    "InaccuracyType": null,
    "AccuracyDate": null,
    "AccuracyComments": null,
    "AssociatedInspections": null,
    "ArchiveReason": null,
    "ArchiveProjectName": null,
    "ArchiveDate": null,
    "ArchiveComments": null,
    "ReplacedAssetID": null,
    "FID": null,
    "CreationDate": 1667400748941,
    "Creator": "NLandin_wc",
    "EditDate": 1667486551788,
    "Editor": "melliot_wc",
    "Shape_Length": 30.88563912832687
   },
   "geometry": {
    "type": "LineString",
    "coordinates": [
     [
      -71.09493104333103,
      42.38180652550151
     ],
     [
      -71.09486981650322,
      42.381734955196364
     ]
    ]
   }
  },
  {
   "type": "Feature",
   "properties": {
    "OBJECTID": 1748,
    "FACILITYID": "30-5398 : 30-5395",
    "INSTALLDATE": null,
    "Height": 0,
    "Width": 0,
    "LINEDYEAR": " ",
    "LINERTYPE": " ",
    "FROMMH": "30-5398",
    "TOMH": "30-5395",
    "WaterType": "Storm",
    "GraphicType": "Storm",
    "ENABLED": 1,
    "ACTIVEFLAG": 1,
    "OWNEDBY": 1,
    "MAINTBY": 1,
    "SUMFLOW": 0,
    "UPELEV": 64.12,
    "UpstreamIn": 64.12,
    "DOWNELEV": 60.27,
    "Downstream": 60.27,
    "SLOPE": 1.42,
    "SlopeSourc": "DWG",
    "Streetname": "HUDSON ST",
    "CatchArea": " ",
    "Comments": " ",
    "BarrelCount": 0,
    "UnderDiam": 0,
    "UnderMat": " ",
    "FieldBook": " ",
    "LifecycleS": "Active",
    "CIP_Area": 0,
    "LGMLoad3": 9162,
    "MeasuredLength": 0,
    "PossDelete": " ",
    "PlanNum": "TB-045",
    "InstalID_1": " ",
    "UpdateSour": " ",
    "UpdateDesc": " ",
    "LiningType": " ",
    "Owner": "Somerv",
    "Slope_DWG": 1.42,
    "Slope_Tech": 9999,
    "Slope_GIS": 9999,
    "Group_1": 0,
    "SubType_1": 1,
    "Material": "Reinforced Concrete",
    "MatCode": "RC",
    "Diameter": 21,
    "MainShape": "Circular",
    "GlobalID": "{1D7F86FF-0C3A-4A68-8CA6-8BF4C68C8F4C}",
    "created_user": "GIS",
    "created_date": 1600300800000,
    "last_edited_user": "GIS",
    "last_edited_date": 1600300800000,
    "LEGACYID": "30-5398 : 30-5395",
    "US_Vert_Datum": " ",
    "DS_Vert_Datum": " ",
    "Dewb_Worked_On": 0,
    "AssetStatus": "Active",
    "AccuracyStatus": "Unknown/Null (accurate = no)",
    "InaccuracyType": null,
    "AccuracyDate": null,
    "AccuracyComments": null,
    "AssociatedInspections": null,
    "ArchiveReason": null,
    "ArchiveProjectName": null,
    "ArchiveDate": null,
    "ArchiveComments": "FY2023 CCTV Inspection",
    "ReplacedAssetID": null,
    "FID": null,
    "CreationDate": 1667400748941,
    "Creator": "NLandin_wc",
    "EditDate": 1685477652733,
    "Editor": "ASchuessler_wc",
    "Shape_Length": 275.6533610694566
   },
   "geometry": {
    "type": "LineString",
    "coordinates": [
     [
      -71.10724364234898,
      42.39072590167583
     ],
     [
      -71.10815134467796,
      42.391071451776426
     ]
    ]
   }
  },
  {
   "type": "Feature",
   "properties": {
    "OBJECTID": 1751,
    "FACILITYID": "30-5599 : 30-5116",
    "INSTALLDATE": null,
    "Height": 0,
    "Width": 0,
    "LINEDYEAR": " ",
    "LINERTYPE": " ",
    "FROMMH": "30-5599",
    "TOMH": "30-5116",
    "WaterType": "Storm",
    "GraphicType": "Storm",
    "ENABLED": 1,
    "ACTIVEFLAG": 1,
    "OWNEDBY": 1,
    "MAINTBY": 1,
    "SUMFLOW": 0,
    "UPELEV": 0,
    "UpstreamIn": 0,
    "DOWNELEV": 0,
    "Downstream": 0,
    "SLOPE": 0,
    "SlopeSourc": " ",
    "Streetname": "MARSHALL ST",
    "CatchArea": " ",
    "Comments": " ",
    "BarrelCount": 0,
    "UnderDiam": 0,
    "UnderMat": " ",
    "FieldBook": " ",
    "LifecycleS": " ",
    "CIP_Area": 0,
    "LGMLoad3": 10594,
    "MeasuredLength": 229,
    "PossDelete": " ",
    "PlanNum": "BB-12",
    "InstalID_1": " ",
    "UpdateSour": " ",
    "UpdateDesc": " ",
    "LiningType": " ",
    "Owner": " ",
    "Slope_DWG": 0,
    "Slope_Tech": 0,
    "Slope_GIS": 0,
    "Group_1": 0,
    "SubType_1": 0,
    "Material": "Vitrified Clay",
    "MatCode": "VC",
    "Diameter": 0,
    "MainShape": " ",
    "GlobalID": "{8DF3BFFA-5025-4F8D-B054-486C1E02467F}",
    "created_user": "GIS",
    "created_date": 1600300800000,
    "last_edited_user": "GIS",
    "last_edited_date": 1600300800000,
    "LEGACYID": "30-5599 : 30-5116",
    "US_Vert_Datum": " ",
    "DS_Vert_Datum": " ",
    "Dewb_Worked_On": 0,
    "AssetStatus": "Active",
    "AccuracyStatus": "Unknown/Null (accurate = no)",
    "InaccuracyType": null,
    "AccuracyDate": null,
    "AccuracyComments": null,
    "AssociatedInspections": null,
    "ArchiveReason": null,
    "ArchiveProjectName": null,
    "ArchiveDate": null,
    "ArchiveComments": null,
    "ReplacedAssetID": null,
    "FID": null,
    "CreationDate": 1667400748941,
    "Creator": "NLandin_wc",
    "EditDate": 1667486551977,
    "Editor": "melliot_wc",
    "Shape_Length": 232.59934999954294
   },
   "geometry": {
    "type": "LineString",
    "coordinates": [
     [
      -71.0957637639242,
      42.38818420189448
     ],
     [
      -71.09539915546155,
      42.38876240803944
     ]
    ]
   }
  },
  {
   "type": "Feature",
   "properties": {
    "OBJECTID": 1765,
    "FACILITYID": "C2-5714 : C2-5715",
    "INSTALLDATE": null,
    "Height": 0,
    "Width": 0,
    "LINEDYEAR": " ",
    "LINERTYPE": " ",
    "FROMMH": "C2-5714",
    "TOMH": "C2-5715",
    "WaterType": "Storm",
    "GraphicType": "Storm",
    "ENABLED": 1,
    "ACTIVEFLAG": 1,
    "OWNEDBY": 1,
    "MAINTBY": 1,
    "SUMFLOW": 0,
    "UPELEV": 0,
    "UpstreamIn": 0,
    "DOWNELEV": 0,
    "Downstream": 0,
    "SLOPE": 0,
    "SlopeSourc": " ",
    "Streetname": "SPRING ST",
    "CatchArea": " ",
    "Comments": " ",
    "BarrelCount": 0,
    "UnderDiam": 0,
    "UnderMat": " ",
    "FieldBook": " ",
    "LifecycleS": " ",
    "CIP_Area": 0,
    "LGMLoad3": 10683,
    "MeasuredLength": 170,
    "PossDelete": " ",
    "PlanNum": "CITY MAP",
    "InstalID_1": " ",
    "UpdateSour": " ",
    "UpdateDesc": " ",
    "LiningType": " ",
    "Owner": " ",
    "Slope_DWG": 0,
    "Slope_Tech": 0,
    "Slope_GIS": 0,
    "Group_1": 0,
    "SubType_1": 0,
    "Material": "Reinforced Concrete",
    "MatCode": "RC",
    "Diameter": 12,
    "MainShape": "Circular",
    "GlobalID": "{713695A2-A8B6-4FA6-B7DA-209E801059E6}",
    "created_user": "GIS",
    "created_date": 1600300800000,
    "last_edited_user": "GIS",
    "last_edited_date": 1600300800000,
    "LEGACYID": "C2-5714 : C2-5715",
    "US_Vert_Datum": " ",
    "DS_Vert_Datum": " ",
    "Dewb_Worked_On": 0,
    "AssetStatus": "Active",
    "AccuracyStatus": "Unknown/Null (accurate = no)",
    "InaccuracyType": null,
    "AccuracyDate": null,
    "AccuracyComments": null,
    "AssociatedInspections": null,
    "ArchiveReason": null,
    "ArchiveProjectName": null,
    "ArchiveDate": null,
    "ArchiveComments": null,
    "ReplacedAssetID": null,
    "FID": null,
    "CreationDate": 1667400748941,
    "Creator": "NLandin_wc",
    "EditDate": 1667486552072,
    "Editor": "melliot_wc",
    "Shape_Length": 168.3397904743027
   },
   "geometry": {
    "type": "LineString",
    "coordinates": [
     [
      -71.10881011488418,
      42.38567232853188
     ],
     [
      -71.10908188304381,
      42.3852566500128
     ]
    ]
   }
  },
  {
   "type": "Feature",
   "properties": {
    "OBJECTID": 1770,
    "FACILITYID": "S2-6305 : S2-6308",
    "INSTALLDATE": null,
    "Height": 0,
    "Width": 0,
    "LINEDYEAR": " ",
    "LINERTYPE": " ",
    "FROMMH": "S2-6305",
    "TOMH": "S2-6308",
    "WaterType": "Storm",
    "GraphicType": "Storm",
    "ENABLED": 1,
    "ACTIVEFLAG": 1,
    "OWNEDBY": 1,
    "MAINTBY": 1,
    "SUMFLOW": 0,
    "UPELEV": 0,
    "UpstreamIn": 0,
    "DOWNELEV": 0,
    "Downstream": 0,
    "SLOPE": 0,
    "SlopeSourc": " ",
    "Streetname": "MEDFORD ST",
    "CatchArea": " ",
    "Comments": " ",
    "BarrelCount": 0,
    "UnderDiam": 0,
    "UnderMat": " ",
    "FieldBook": " ",
    "LifecycleS": " ",
    "CIP_Area": 0,
    "LGMLoad3": 11197,
    "MeasuredLength": 130,
    "PossDelete": " ",
    "PlanNum": "Unknown",
    "InstalID_1": " ",
    "UpdateSour": " ",
    "UpdateDesc": " ",
    "LiningType": " ",
    "Owner": " ",
    "Slope_DWG": 0,
    "Slope_Tech": 0,
    "Slope_GIS": 0,
    "Group_1": 0,
    "SubType_1": 0,
    "Material": "Reinforced Concrete",
    "MatCode": "RC",
    "Diameter": 12,
    "MainShape": "Circular",
    "GlobalID": "{8B8C94D9-0B0C-47A2-B59A-E3F2B4F14249}",
    "created_user": "GIS",
    "created_date": 1600300800000,
    "last_edited_user": "GIS",
    "last_edited_date": 1600300800000,
    "LEGACYID": "S2-6305 : S2-6308",
    "US_Vert_Datum": " ",
    "DS_Vert_Datum": " ",
    "Dewb_Worked_On": 0,
    "AssetStatus": "Active",
    "AccuracyStatus": "Unknown/Null (accurate = no)",
    "InaccuracyType": null,
    "AccuracyDate": null,
    "AccuracyComments": null,
    "AssociatedInspections": null,
    "ArchiveReason": null,
    "ArchiveProjectName": null,
    "ArchiveDate": null,
    "ArchiveComments": "FY2023 CCTV Inspection",
    "ReplacedAssetID": null,
    "FID": null,
    "CreationDate": 1667400748941,
    "Creator": "NLandin_wc",
    "EditDate": 1685113744934,
    "Editor": "melliot_wc",
    "Shape_Length": 129.31336510598368
   },
   "geometry": {
    "type": "LineString",
    "coordinates": [
     [
      -71.0948263917436,
      42.38674816487461
     ],
     [
      -71.09511990777168,
      42.38702846140691
     ]
    ]
   }
  },
  {
   "type": "Feature",
   "properties": {
    "OBJECTID": 1791,
    "FACILITYID": "FIT-1482 : C2-5710",
    "INSTALLDATE": null,
    "Height": 0,
    "Width": 0,
    "LINEDYEAR": " ",
    "LINERTYPE": " ",
    "FROMMH": "FIT-1482",
    "TOMH": "C2-5710",
    "WaterType": "Storm",
    "GraphicType": "Storm",
    "ENABLED": 1,
    "ACTIVEFLAG": 1,
    "OWNEDBY": 1,
    "MAINTBY": 1,
    "SUMFLOW": 0,
    "UPELEV": 0,
    "UpstreamIn": 0,
    "DOWNELEV": 0,
    "Downstream": 0,
    "SLOPE": 0,
    "SlopeSourc": " ",
    "Streetname": "SUMMER ST",
    "CatchArea": " ",
    "Comments": " ",
    "BarrelCount": 0,
    "UnderDiam": 0,
    "UnderMat": " ",
    "FieldBook": " ",
    "LifecycleS": " ",
    "CIP_Area": 0,
    "LGMLoad3": 10679,
    "MeasuredLength": 16,
    "PossDelete": " ",
    "PlanNum": "BB-24",
    "InstalID_1": " ",
    "UpdateSour": " ",
    "UpdateDesc": " ",
    "LiningType": " ",
    "Owner": " ",
    "Slope_DWG": 0,
    "Slope_Tech": 0,
    "Slope_GIS": 0,
    "Group_1": 0,
    "SubType_1": 0,
    "Material": "Brick",
    "MatCode": "Br",
    "Diameter": 30,
    "MainShape": "Circular",
    "GlobalID": "{392C1A7C-E6D7-41C8-9618-3E3C31CB4E85}",
    "created_user": "GIS",
    "created_date": 1600300800000,
    "last_edited_user": "GIS",
    "last_edited_date": 1600300800000,
    "LEGACYID": "FIT-1482 : C2-5710",
    "US_Vert_Datum": " ",
    "DS_Vert_Datum": " ",
    "Dewb_Worked_On": 0,
    "AssetStatus": "Active",
    "AccuracyStatus": "Unknown/Null (accurate = no)",
    "InaccuracyType": null,
    "AccuracyDate": null,
    "AccuracyComments": null,
    "AssociatedInspections": null,
    "ArchiveReason": null,
    "ArchiveProjectName": null,
    "ArchiveDate": null,
    "ArchiveComments": null,
    "ReplacedAssetID": null,
    "FID": null,
    "CreationDate": 1667400748941,
    "Creator": "NLandin_wc",
    "EditDate": 1667486552229,
    "Editor": "melliot_wc",
    "Shape_Length": 11.55936056565262
   },
   "geometry": {
    "type": "LineString",
    "coordinates": [
     [
      -71.09837806456854,
      42.38220404516722
     ],
     [
      -71.09835271980137,
      42.382178490359976
     ]
    ]
   }
  },
  {
   "type": "Feature",
   "properties": {
    "OBJECTID": 1794,
    "FACILITYID": "FIT-459 : FIT-1508",
    "INSTALLDATE": -2261952000000,
    "Height": 0,
    "Width": 0,
    "LINEDYEAR": " ",
    "LINERTYPE": " ",
    "FROMMH": "FIT-459",
    "TOMH": "FIT-1508",
    "WaterType": "Storm",
    "GraphicType": "Storm",
    "ENABLED": 1,
    "ACTIVEFLAG": 1,
    "OWNEDBY": 1,
    "MAINTBY": 1,
    "SUMFLOW": 0,
    "UPELEV": 27.71,
    "UpstreamIn": 27.71,
    "DOWNELEV": 27.67,
    "Downstream": 27.67,
    "SLOPE": 0.4,
    "SlopeSourc": "DWG",
    "Streetname": "PEARL ST",
    "CatchArea": " ",
    "Comments": "INVERTS ESTIMATED",
    "BarrelCount": 1,
    "UnderDiam": 0,
    "UnderMat": " ",
    "FieldBook": " ",
    "LifecycleS": "Active",
    "CIP_Area": 0,
    "LGMLoad3": 7542,
    "MeasuredLength": 0,
    "PossDelete": " ",
    "PlanNum": "BB-13",
    "InstalID_1": "4/28/1898",
    "UpdateSour": " ",
    "UpdateDesc": " ",
    "LiningType": " ",
    "Owner": "Somerv",
    "Slope_DWG": 0.4,
    "Slope_Tech": 9999,
    "Slope_GIS": 9999,
    "Group_1": 2,
    "SubType_1": 1,
    "Material": "Unknown",
    "MatCode": "Unk",
    "Diameter": 48,
    "MainShape": "Unknown",
    "GlobalID": "{F1F74024-6B55-4BE8-B014-969AD583BDD8}",
    "created_user": "GIS",
    "created_date": 1600300800000,
    "last_edited_user": "GIS",
    "last_edited_date": 1600300800000,
    "LEGACYID": "FIT-459 : FIT-1508",
    "US_Vert_Datum": " ",
    "DS_Vert_Datum": " ",
    "Dewb_Worked_On": 0,
    "AssetStatus": "Active",
    "AccuracyStatus": "Unknown/Null (accurate = no)",
    "InaccuracyType": null,
    "AccuracyDate": null,
    "AccuracyComments": null,
    "AssociatedInspections": null,
    "ArchiveReason": null,
    "ArchiveProjectName": null,
    "ArchiveDate": null,
    "ArchiveComments": null,
    "ReplacedAssetID": null,
    "FID": null,
    "CreationDate": 1667400748941,
    "Creator": "NLandin_wc",
    "EditDate": 1667486552229,
    "Editor": "melliot_wc",
    "Shape_Length": 47.300920816606165
   },
   "geometry": {
    "type": "LineString",
    "coordinates": [
     [
      -71.09591340947907,
      42.3881638715858
     ],
     [
      -71.09585869328858,
      42.38814759946317
     ],
     [
      -71.09581711551414,
      42.38814834919904
     ],
     [
      -71.09578571044563,
      42.38815985072318
     ],
     [
      -71.09577151367385,
      42.388175028231096
     ],
     [
      -71.0957637639242,
      42.38818420189448
     ]
    ]
   }
  },
  {
   "type": "Feature",
   "properties": {
    "OBJECTID": 1820,
    "FACILITYID": "30-5401 : 30-5400",
    "INSTALLDATE": null,
    "Height": 0,
    "Width": 0,
    "LINEDYEAR": " ",
    "LINERTYPE": " ",
    "FROMMH": "30-5401",
    "TOMH": "30-5400",
    "WaterType": "Storm",
    "GraphicType": "Storm",
    "ENABLED": 1,
    "ACTIVEFLAG": 1,
    "OWNEDBY": 1,
    "MAINTBY": 1,
    "SUMFLOW": 0,
    "UPELEV": 74.37,
    "UpstreamIn": 74.37,
    "DOWNELEV": 71.37,
    "Downstream": 71.37,
    "SLOPE": 1.76,
    "SlopeSourc": "DWG",
    "Streetname": "HUDSON ST",
    "CatchArea": " ",
    "Comments": " ",
    "BarrelCount": 0,
    "UnderDiam": 0,
    "UnderMat": " ",
    "FieldBook": " ",
    "LifecycleS": "Active",
    "CIP_Area": 0,
    "LGMLoad3": 9167,
    "MeasuredLength": 0,
    "PossDelete": " ",
    "PlanNum": "TB-046",
    "InstalID_1": " ",
    "UpdateSour": " ",
    "UpdateDesc": " ",
    "LiningType": " ",
    "Owner": "Somerv",
    "Slope_DWG": 1.76,
    "Slope_Tech": 9999,
    "Slope_GIS": 9999,
    "Group_1": 0,
    "SubType_1": 1,
    "Material": "Reinforced Concrete",
    "MatCode": "RC",
    "Diameter": 21,
    "MainShape": "Circular",
    "GlobalID": "{549074A7-8FFA-41AF-A1F0-321450DD5339}",
    "created_user": "GIS",
    "created_date": 1600300800000,
    "last_edited_user": "GIS",
    "last_edited_date": 1600300800000,
    "LEGACYID": "30-5401 : 30-5400",
    "US_Vert_Datum": " ",
    "DS_Vert_Datum": " ",
    "Dewb_Worked_On": 0,
    "AssetStatus": "Active",
    "AccuracyStatus": "Unknown/Null (accurate = no)",
    "InaccuracyType": null,
    "AccuracyDate": null,
    "AccuracyComments": null,
    "AssociatedInspections": null,
    "ArchiveReason": null,
    "ArchiveProjectName": null,
    "ArchiveDate": null,
    "ArchiveComments": null,
    "ReplacedAssetID": null,
    "FID": null,
    "CreationDate": 1667400748941,
    "Creator": "NLandin_wc",
    "EditDate": 1667486552370,
    "Editor": "melliot_wc",
    "Shape_Length": 173.4579382503804
   },
   "geometry": {
    "type": "LineString",
    "coordinates": [
     [
      -71.10615313814563,
      42.39036816818689
     ],
     [
      -71.10674190632207,
      42.39055808602583
     ]
    ]
   }
  },
  {
   "type": "Feature",
   "properties": {
    "OBJECTID": 1850,
    "FACILITYID": "30-5112 : FIT-1493",
    "INSTALLDATE": -2195337600000,
    "Height": 0,
    "Width": 0,
    "LINEDYEAR": " ",
    "LINERTYPE": " ",
    "FROMMH": "30-5112",
    "TOMH": "FIT-1493",
    "WaterType": "Storm",
    "GraphicType": "Storm",
    "ENABLED": 1,
    "ACTIVEFLAG": 1,
    "OWNEDBY": 1,
    "MAINTBY": 1,
    "SUMFLOW": 0,
    "UPELEV": 33.9,
    "UpstreamIn": 33.9,
    "DOWNELEV": 31.74,
    "Downstream": 31.74,
    "SLOPE": 0.5,
    "SlopeSourc": "DWG",
    "Streetname": "RICHDALE AVE",
    "CatchArea": " ",
    "Comments": " ",
    "BarrelCount": 1,
    "UnderDiam": 0,
    "UnderMat": " ",
    "FieldBook": " ",
    "LifecycleS": "Active",
    "CIP_Area": 0,
    "LGMLoad3": 8247,
    "MeasuredLength": 0,
    "PossDelete": " ",
    "PlanNum": "BB-15",
    "InstalID_1": "6/8/1900",
    "UpdateSour": " ",
    "UpdateDesc": " ",
    "LiningType": " ",
    "Owner": "Somerv",
    "Slope_DWG": 0.5,
    "Slope_Tech": 9999,
    "Slope_GIS": 9999,
    "Group_1": 2,
    "SubType_1": 1,
    "Material": "Vitrified Clay",
    "MatCode": "VC",
    "Diameter": 18,
    "MainShape": "Circular",
    "GlobalID": "{CF14702E-9098-4208-9229-6808D71F6ED6}",
    "created_user": "GIS",
    "created_date": 1600300800000,
    "last_edited_user": "GIS",
    "last_edited_date": 1600300800000,
    "LEGACYID": "30-5112 : FIT-1493",
    "US_Vert_Datum": " ",
    "DS_Vert_Datum": " ",
    "Dewb_Worked_On": 0,
    "AssetStatus": "Active",
    "AccuracyStatus": "Unknown/Null (accurate = no)",
    "InaccuracyType": null,
    "AccuracyDate": null,
    "AccuracyComments": null,
    "AssociatedInspections": null,
    "ArchiveReason": null,
    "ArchiveProjectName": null,
    "ArchiveDate": null,
    "ArchiveComments": null,
    "ReplacedAssetID": null,
    "FID": null,
    "CreationDate": 1667400748941,
    "Creator": "NLandin_wc",
    "EditDate": 1667486552684,
    "Editor": "melliot_wc",
    "Shape_Length": 28.069374716790147
   },
   "geometry": {
    "type": "LineString",
    "coordinates": [
     [
      -71.09723831733089,
      42.389066151798026
     ],
     [
      -71.09720791646374,
      42.38910719819308
     ],
     [
      -71.09719775210797,
      42.38911394713992
     ],
     [
      -71.09717551140771,
      42.38912541270157
     ]
    ]
   }
  },
  {
   "type": "Feature",
   "properties": {
    "OBJECTID": 1855,
    "FACILITYID": "C2-5988 : C2-6431",
    "INSTALLDATE": null,
    "Height": 0,
    "Width": 0,
    "LINEDYEAR": " ",
    "LINERTYPE": " ",
    "FROMMH": "C2-5988",
    "TOMH": "C2-6431",
    "WaterType": "Storm",
    "GraphicType": "Storm",
    "ENABLED": 1,
    "ACTIVEFLAG": 1,
    "OWNEDBY": 1,
    "MAINTBY": 1,
    "SUMFLOW": 0,
    "UPELEV": 0,
    "UpstreamIn": 0,
    "DOWNELEV": 0,
    "Downstream": 0,
    "SLOPE": 0,
    "SlopeSourc": " ",
    "Streetname": "SOMERVILLE AVE",
    "CatchArea": " ",
    "Comments": " ",
    "BarrelCount": 0,
    "UnderDiam": 0,
    "UnderMat": " ",
    "FieldBook": " ",
    "LifecycleS": " ",
    "CIP_Area": 0,
    "LGMLoad3": 10921,
    "MeasuredLength": 267,
    "PossDelete": " ",
    "PlanNum": "CITY MAP",
    "InstalID_1": " ",
    "UpdateSour": " ",
    "UpdateDesc": " ",
    "LiningType": " ",
    "Owner": " ",
    "Slope_DWG": 0,
    "Slope_Tech": 0,
    "Slope_GIS": 0,
    "Group_1": 0,
    "SubType_1": 0,
    "Material": "Reinforced Concrete",
    "MatCode": "RC",
    "Diameter": 60,
    "MainShape": "Circular",
    "GlobalID": "{BF741C60-E00B-4F9F-BE9E-A4EC4C62D97F}",
    "created_user": "GIS",
    "created_date": 1600300800000,
    "last_edited_user": "GIS",
    "last_edited_date": 1600300800000,
    "LEGACYID": "C2-5988 : C2-6431",
    "US_Vert_Datum": " ",
    "DS_Vert_Datum": " ",
    "Dewb_Worked_On": 0,
    "AssetStatus": "Active",
    "AccuracyStatus": "Unknown/Null (accurate = no)",
    "InaccuracyType": null,
    "AccuracyDate": null,
    "AccuracyComments": null,
    "AssociatedInspections": null,
    "ArchiveReason": null,
    "ArchiveProjectName": null,
    "ArchiveDate": null,
    "ArchiveComments": null,
    "ReplacedAssetID": null,
    "FID": null,
    "CreationDate": 1667400748941,
    "Creator": "NLandin_wc",
    "EditDate": 1667486552747,
    "Editor": "melliot_wc",
    "Shape_Length": 266.65498063808644
   },
   "geometry": {
    "type": "LineString",
    "coordinates": [
     [
      -71.10430716605957,
      42.38278748679619
     ],
     [
      -71.10340773988777,
      42.38248621780364
     ]
    ]
   }
  },
  {
   "type": "Feature",
   "properties": {
    "OBJECTID": 1878,
    "FACILITYID": "30-5400 : 30-5398",
    "INSTALLDATE": null,
    "Height": 0,
    "Width": 0,
    "LINEDYEAR": " ",
    "LINERTYPE": " ",
    "FROMMH": "30-5400",
    "TOMH": "30-5398",
    "WaterType": "Storm",
    "GraphicType": "Storm",
    "ENABLED": 1,
    "ACTIVEFLAG": 1,
    "OWNEDBY": 1,
    "MAINTBY": 1,
    "SUMFLOW": 0,
    "UPELEV": 71.37,
    "UpstreamIn": 71.37,
    "DOWNELEV": 64.12,
    "Downstream": 64.12,
    "SLOPE": 5,
    "SlopeSourc": "DWG",
    "Streetname": "HUDSON ST",
    "CatchArea": " ",
    "Comments": " ",
    "BarrelCount": 0,
    "UnderDiam": 0,
    "UnderMat": " ",
    "FieldBook": " ",
    "LifecycleS": "Active",
    "CIP_Area": 0,
    "LGMLoad3": 9168,
    "MeasuredLength": 0,
    "PossDelete": " ",
    "PlanNum": "TB-046",
    "InstalID_1": " ",
    "UpdateSour": " ",
    "UpdateDesc": " ",
    "LiningType": " ",
    "Owner": "Somerv",
    "Slope_DWG": 5,
    "Slope_Tech": 9999,
    "Slope_GIS": 9999,
    "Group_1": 0,
    "SubType_1": 1,
    "Material": "Reinforced Concrete",
    "MatCode": "RC",
    "Diameter": 21,
    "MainShape": "Circular",
    "GlobalID": "{41FEEC6D-27AF-4972-BFE9-7ADED3A800F3}",
    "created_user": "GIS",
    "created_date": 1600300800000,
    "last_edited_user": "GIS",
    "last_edited_date": 1600300800000,
    "LEGACYID": "30-5400 : 30-5398",
    "US_Vert_Datum": " ",
    "DS_Vert_Datum": " ",
    "Dewb_Worked_On": 0,
    "AssetStatus": "Active",
    "AccuracyStatus": "Unknown/Null (accurate = no)",
    "InaccuracyType": null,
    "AccuracyDate": null,
    "AccuracyComments": null,
    "AssociatedInspections": null,
    "ArchiveReason": null,
    "ArchiveProjectName": null,
    "ArchiveDate": null,
    "ArchiveComments": null,
    "ReplacedAssetID": null,
    "FID": null,
    "CreationDate": 1667400748941,
    "Creator": "NLandin_wc",
    "EditDate": 1667486552810,
    "Editor": "melliot_wc",
    "Shape_Length": 148.69862558761923
   },
   "geometry": {
    "type": "LineString",
    "coordinates": [
     [
      -71.10674190632207,
      42.39055808602583
     ],
     [
      -71.10724364234898,
      42.39072590167583
     ]
    ]
   }
  }
 ]
}